[console-log] mirroring output to /home/pi-v3/YOR-v3-try/artifacts/wholebody_logs/yor_20260825_222222.log
[yor] experiment gates: all off (pre-gate behaviour)
[yor] posture-fix: stiffen_joint7=True (scale=3x), refresh_target=True, redundancy_resolution=dls_projector (dls_damping=0.05)
[yor] null-space: swivel_weight=1 (gain=1, target=latched-from-pose), continuity_weight=0, manipulability=False
[YOR] base: drive command scale 1.068 (from base_pid_hybrid.json)
[PicoLift] Opening serial /dev/serial/by-id/usb-FTDI_FT232R_USB_UART_BG02XPI5-if00-port0 @ 115200...
[PicoLift] Serial open OK
[YOR] base PID: syncing swerve gains
[YOR] base PID: /home/pi-v3/YOR-v3-try/config/base_pid_hybrid.json, PID slot 0
[YOR] base PID:   written     FL drive (CAN 1): p=0.3499999940395355, i=0.0, d=0.0, velocity_ff=0.23000000417232513, output_min=-1.0, output_max=1.0
[YOR] base PID:   written     RL drive (CAN 2): p=0.3499999940395355, i=0.0, d=0.0, velocity_ff=0.23000000417232513, output_min=-1.0, output_max=1.0
[YOR] base PID:   written     RR drive (CAN 3): p=0.3499999940395355, i=0.0, d=0.0, velocity_ff=0.23000000417232513, output_min=-1.0, output_max=1.0
[YOR] base PID:   written     FR drive (CAN 4): p=0.3499999940395355, i=0.0, d=0.0, velocity_ff=0.23000000417232513, output_min=-1.0, output_max=1.0
[YOR] base PID:   already-set FL steering (CAN 5): p=2.0, i=0.0, d=0.009999999776482582, velocity_ff=0.0, output_min=-1.0, output_max=1.0
[YOR] base PID:   already-set RL steering (CAN 6): p=2.0, i=0.0, d=0.009999999776482582, velocity_ff=0.0, output_min=-1.0, output_max=1.0
[YOR] base PID:   already-set RR steering (CAN 7): p=2.0, i=0.0, d=0.009999999776482582, velocity_ff=0.0, output_min=-1.0, output_max=1.0
[YOR] base PID:   already-set FR steering (CAN 8): p=2.0, i=0.0, d=0.009999999776482582, velocity_ff=0.0, output_min=-1.0, output_max=1.0
[YOR] base PID: 4 controller(s) already commissioned, 4 written, 0 problem(s)
[YOR] base PID: 0.2s
[YOR] base config: idle_mode=0 ctrl_type=MIXED [('FL drive', 1), ('FL steering', 3), ('FR drive', 1), ('FR steering', 3), ('RL drive', 1), ('RL steering', 3), ('RR drive', 1), ('RR steering', 3)]
[YOR] base config: velocity_cf=MIXED [('FL drive', 0.000846326001919806), ('FL steering', 1.0), ('FR drive', 0.000846326001919806), ('FR steering', 1.0), ('RL drive', 0.000846326001919806), ('RL steering', 1.0), ('RR drive', 0.000846326001919806), ('RR steering', 1.0)] position_cf=1.0 (drive_command_scale=1.068)
[YOR] base: locked at zero velocity for startup homing
[YOR] recording swerve telemetry to /home/pi-v3/YOR-v3-try/artifacts/wholebody_logs/swerve/swerve_20260825_222223.csv
[YOR] lift: waiting for controller to be ready...
[LIFT] Lift controller ready.
[PicoLift] controller reset — height invalidated, needs home
[LIFT] Capabilities: lift_velocity_v1
[PicoLift] firmware capabilities: lift_velocity_v1
[LIFT] Python commands: up, down, stop, home, vel <signed mm/s>
[LIFT] Optional commands: up 200, down 200, status, power on, power off
[LIFT] Height: unknown (run home)
[LIFT] V_Compute: 28.802 V
[LIFT] V_Motors: 28.234 V
[YOR] lift: homing at startup; waiting up to 30s
[PicoLift] sent 'home'
[PicoLift] sent 'status'
[PicoLift] sent 'status'
[LIFT] Homing UP...
[LIFT] V_Compute: 28.806 V
[LIFT] V_Motors: 28.200 V
[LIFT] Height: unknown (run home)
[LIFT] Upper limit: clear
[LIFT] Lower limit: clear
[LIFT] Motion: UP
[LIFT] Velocity: 0.00 mm/s
[LIFT] Capabilities: lift_velocity_v1
[PicoLift] firmware capabilities: lift_velocity_v1
[LIFT] Height: unknown (run home)
[LIFT] Upper limit: clear
[LIFT] Lower limit: clear
[LIFT] Motion: UP
[LIFT] Velocity: 0.00 mm/s
[LIFT] Capabilities: lift_velocity_v1
[PicoLift] firmware capabilities: lift_velocity_v1
[LIFT] Height: unknown (run home)
[LIFT] Height: unknown (run home)
[LIFT] Height: unknown (run home)
[LIFT] Height: unknown (run home)
[LIFT] Height: unknown (run home)
[LIFT] Height: unknown (run home)
[LIFT] Height: unknown (run home)
[LIFT] Height: unknown (run home)
[LIFT] Height: unknown (run home)
[LIFT] Height: unknown (run home)
[LIFT] Height: unknown (run home)
[LIFT] Height: unknown (run home)
[LIFT] Height: unknown (run home)
[LIFT] Height: unknown (run home)
[LIFT] Height: unknown (run home)
[LIFT] Height: unknown (run home)
[LIFT] Height: unknown (run home)
[PicoLift] sent 'status'
[LIFT] Height: unknown (run home)
[LIFT] Upper limit: clear
[LIFT] Lower limit: clear
[LIFT] Motion: UP
[LIFT] Velocity: 0.00 mm/s
[LIFT] Capabilities: lift_velocity_v1
[PicoLift] firmware capabilities: lift_velocity_v1
[LIFT] Height: unknown (run home)
[LIFT] V_Compute: 28.808 V
[LIFT] V_Motors: 28.210 V
[LIFT] Height: unknown (run home)
[LIFT] Height: unknown (run home)
[LIFT] Height: unknown (run home)
[LIFT] Height: unknown (run home)
[LIFT] Height: unknown (run home)
[LIFT] Height: unknown (run home)
[LIFT] Height: unknown (run home)
[LIFT] Height: unknown (run home)
[LIFT] Height: unknown (run home)
[LIFT] Height: unknown (run home)
[LIFT] Height: unknown (run home)
[LIFT] Height: unknown (run home)
[LIFT] Height: unknown (run home)
[LIFT] Height: unknown (run home)
[LIFT] Height: unknown (run home)
[LIFT] Height: unknown (run home)
[LIFT] Height: unknown (run home)
[LIFT] Height: unknown (run home)
[PicoLift] sent 'status'
[LIFT] Upper limit: clear
[LIFT] Lower limit: clear
[LIFT] Motion: UP
[LIFT] Velocity: 0.00 mm/s
[LIFT] Capabilities: lift_velocity_v1
[PicoLift] firmware capabilities: lift_velocity_v1
[LIFT] Height: unknown (run home)
[LIFT] V_Compute: 28.800 V
[LIFT] V_Motors: 28.212 V
[LIFT] Height: unknown (run home)
[LIFT] Height: unknown (run home)
[LIFT] Height: unknown (run home)
[LIFT] Height: unknown (run home)
[LIFT] Height: unknown (run home)
[LIFT] Height: unknown (run home)
[LIFT] Height: unknown (run home)
[LIFT] Height: unknown (run home)
[LIFT] Height: unknown (run home)
[LIFT] Height: unknown (run home)
[LIFT] Height: unknown (run home)
[LIFT] Height: unknown (run home)
[LIFT] Height: unknown (run home)
[LIFT] Height: unknown (run home)
[LIFT] Height: unknown (run home)
[LIFT] Height: unknown (run home)
[LIFT] Height: unknown (run home)
[LIFT] Height: unknown (run home)
[PicoLift] sent 'status'
[LIFT] Upper limit: clear
[LIFT] Lower limit: clear
[LIFT] Motion: UP
[LIFT] Velocity: 0.00 mm/s
[LIFT] Capabilities: lift_velocity_v1
[PicoLift] firmware capabilities: lift_velocity_v1
[LIFT] Height: unknown (run home)
[LIFT] V_Compute: 28.815 V
[LIFT] V_Motors: 28.195 V
[LIFT] Height: unknown (run home)
[LIFT] Height: unknown (run home)
[LIFT] Height: unknown (run home)
[LIFT] Height: unknown (run home)
[LIFT] Height: unknown (run home)
[LIFT] Height: unknown (run home)
[LIFT] Height: unknown (run home)
[LIFT] Height: unknown (run home)
[LIFT] Height: unknown (run home)
[LIFT] Height: unknown (run home)
[LIFT] Height: unknown (run home)
[LIFT] Height: unknown (run home)
[LIFT] Height: unknown (run home)
[LIFT] Height: unknown (run home)
[LIFT] Height: unknown (run home)
[LIFT] Height: unknown (run home)
[LIFT] Height: unknown (run home)
[LIFT] Height: unknown (run home)
[PicoLift] sent 'status'
[LIFT] Upper limit: clear
[LIFT] Lower limit: clear
[LIFT] Motion: UP
[LIFT] Velocity: 0.00 mm/s
[LIFT] Capabilities: lift_velocity_v1
[PicoLift] firmware capabilities: lift_velocity_v1
[LIFT] Height: unknown (run home)
[LIFT] V_Compute: 28.812 V
[LIFT] V_Motors: 28.210 V
[LIFT] Height: unknown (run home)
[LIFT] Height: unknown (run home)
[LIFT] Height: unknown (run home)
[LIFT] Height: unknown (run home)
[LIFT] Height: unknown (run home)
[LIFT] Height: unknown (run home)
[LIFT] Height: unknown (run home)
[LIFT] Height: unknown (run home)
[LIFT] Height: unknown (run home)
[LIFT] Height: unknown (run home)
[LIFT] Height: unknown (run home)
[LIFT] Height: unknown (run home)
[LIFT] Height: unknown (run home)
[LIFT] Height: unknown (run home)
[LIFT] Height: unknown (run home)
[LIFT] Height: unknown (run home)
[LIFT] Height: unknown (run home)
[LIFT] Height: unknown (run home)
[PicoLift] sent 'status'
[LIFT] Upper limit: clear
[LIFT] Lower limit: clear
[LIFT] Motion: UP
[LIFT] Velocity: 0.00 mm/s
[LIFT] Capabilities: lift_velocity_v1
[PicoLift] firmware capabilities: lift_velocity_v1
[LIFT] Height: unknown (run home)
[LIFT] Height: unknown (run home)
[LIFT] V_Compute: 28.809 V
[LIFT] V_Motors: 28.205 V
[LIFT] Height: unknown (run home)
[LIFT] Height: unknown (run home)
[LIFT] Height: unknown (run home)
[LIFT] Height: unknown (run home)
[LIFT] Height: unknown (run home)
[LIFT] Height: unknown (run home)
[LIFT] Height: unknown (run home)
[LIFT] Height: unknown (run home)
[LIFT] Height: unknown (run home)
[LIFT] Height: unknown (run home)
[LIFT] Height: unknown (run home)
[LIFT] Height: unknown (run home)
[LIFT] Height: unknown (run home)
[LIFT] Height: unknown (run home)
[LIFT] Height: unknown (run home)
[LIFT] Height: unknown (run home)
[LIFT] Height: unknown (run home)
[PicoLift] sent 'status'
[LIFT] Upper limit: clear
[LIFT] Lower limit: clear
[LIFT] Motion: UP
[LIFT] Velocity: 0.00 mm/s
[LIFT] Capabilities: lift_velocity_v1
[PicoLift] firmware capabilities: lift_velocity_v1
[LIFT] Height: unknown (run home)
[LIFT] Height: unknown (run home)
[LIFT] V_Compute: 28.804 V
[LIFT] V_Motors: 28.208 V
[LIFT] Height: unknown (run home)
[LIFT] Height: unknown (run home)
[LIFT] Height: unknown (run home)
[LIFT] Height: unknown (run home)
[LIFT] Height: unknown (run home)
[LIFT] Height: unknown (run home)
[LIFT] Height: unknown (run home)
[LIFT] Height: unknown (run home)
[LIFT] Height: unknown (run home)
[LIFT] Height: unknown (run home)
[LIFT] Height: unknown (run home)
[LIFT] Height: unknown (run home)
[LIFT] Height: unknown (run home)
[LIFT] Height: unknown (run home)
[LIFT] Height: unknown (run home)
[LIFT] Height: unknown (run home)
[LIFT] Height: unknown (run home)
[PicoLift] sent 'status'
[LIFT] Upper limit: clear
[LIFT] Lower limit: clear
[LIFT] Motion: UP
[LIFT] Velocity: 0.00 mm/s
[LIFT] Capabilities: lift_velocity_v1
[PicoLift] firmware capabilities: lift_velocity_v1
[LIFT] Height: unknown (run home)
[LIFT] V_Compute: 28.796 V
[LIFT] V_Motors: 28.199 V
[LIFT] Height: unknown (run home)
[LIFT] Height: unknown (run home)
[LIFT] Height: unknown (run home)
[LIFT] Height: unknown (run home)
[LIFT] Height: unknown (run home)
[LIFT] Height: unknown (run home)
[LIFT] Height: unknown (run home)
[LIFT] Height: unknown (run home)
[LIFT] Height: unknown (run home)
[LIFT] Height: unknown (run home)
[LIFT] Height: unknown (run home)
[LIFT] Height: unknown (run home)
[LIFT] Height: unknown (run home)
[LIFT] Height: unknown (run home)
[LIFT] Height: unknown (run home)
[LIFT] Height: unknown (run home)
[LIFT] Height: unknown (run home)
[LIFT] Height: unknown (run home)
[PicoLift] sent 'status'
[LIFT] Upper limit: clear
[LIFT] Lower limit: clear
[LIFT] Motion: UP
[LIFT] Velocity: 0.00 mm/s
[LIFT] Capabilities: lift_velocity_v1
[PicoLift] firmware capabilities: lift_velocity_v1
[LIFT] Height: unknown (run home)
[LIFT] Height: unknown (run home)
[LIFT] V_Compute: 28.799 V
[LIFT] V_Motors: 28.201 V
[LIFT] Height: unknown (run home)
[LIFT] Height: unknown (run home)
[LIFT] Height: unknown (run home)
[LIFT] Height: unknown (run home)
[LIFT] Height: unknown (run home)
[LIFT] Height: unknown (run home)
[LIFT] Height: unknown (run home)
[LIFT] Height: unknown (run home)
[LIFT] Height: unknown (run home)
[LIFT] Height: unknown (run home)
[LIFT] Height: unknown (run home)
[LIFT] Height: unknown (run home)
[LIFT] Height: unknown (run home)
[LIFT] Height: unknown (run home)
[LIFT] Height: unknown (run home)
[LIFT] Height: unknown (run home)
[LIFT] Height: unknown (run home)
[PicoLift] sent 'status'
[LIFT] Upper limit: clear
[LIFT] Lower limit: clear
[LIFT] Motion: UP
[LIFT] Velocity: 0.00 mm/s
[LIFT] Capabilities: lift_velocity_v1
[PicoLift] firmware capabilities: lift_velocity_v1
[LIFT] Height: unknown (run home)
[LIFT] Height: unknown (run home)
[LIFT] V_Compute: 28.816 V
[LIFT] V_Motors: 28.206 V
[LIFT] Height: unknown (run home)
[LIFT] Height: unknown (run home)
[LIFT] Height: unknown (run home)
[LIFT] Height: unknown (run home)
[LIFT] Height: unknown (run home)
[LIFT] Height: unknown (run home)
[LIFT] Height: unknown (run home)
[LIFT] Height: unknown (run home)
[LIFT] Height: unknown (run home)
[LIFT] Height: unknown (run home)
[LIFT] Height: unknown (run home)
[LIFT] Height: unknown (run home)
[LIFT] Height: unknown (run home)
[LIFT] Height: unknown (run home)
[LIFT] Height: unknown (run home)
[LIFT] Height: unknown (run home)
[LIFT] Height: unknown (run home)
[PicoLift] sent 'status'
[LIFT] Upper limit: clear
[LIFT] Lower limit: clear
[LIFT] Motion: UP
[LIFT] Velocity: 0.00 mm/s
[LIFT] Capabilities: lift_velocity_v1
[PicoLift] firmware capabilities: lift_velocity_v1
[LIFT] Height: unknown (run home)
[LIFT] Height: unknown (run home)
[LIFT] V_Compute: 28.800 V
[LIFT] V_Motors: 28.200 V
[LIFT] Height: unknown (run home)
[LIFT] Height: unknown (run home)
[LIFT] Height: unknown (run home)
[LIFT] Height: unknown (run home)
[LIFT] Height: unknown (run home)
[LIFT] Height: unknown (run home)
[LIFT] Height: unknown (run home)
[LIFT] Height: unknown (run home)
[LIFT] Height: unknown (run home)
[LIFT] Height: unknown (run home)
[LIFT] Height: unknown (run home)
[LIFT] Height: unknown (run home)
[LIFT] Height: unknown (run home)
[LIFT] Height: unknown (run home)
[LIFT] Height: unknown (run home)
[LIFT] Height: unknown (run home)
[LIFT] Height: unknown (run home)
[PicoLift] sent 'status'
[LIFT] Upper limit: clear
[LIFT] Lower limit: clear
[LIFT] Motion: UP
[LIFT] Velocity: 0.00 mm/s
[LIFT] Capabilities: lift_velocity_v1
[PicoLift] firmware capabilities: lift_velocity_v1
[LIFT] Height: unknown (run home)
[LIFT] V_Compute: 28.800 V
[LIFT] V_Motors: 28.192 V
[LIFT] Height: unknown (run home)
[LIFT] Height: unknown (run home)
[LIFT] Height: unknown (run home)
[LIFT] Height: unknown (run home)
[LIFT] Height: unknown (run home)
[LIFT] Height: unknown (run home)
[LIFT] Height: unknown (run home)
[LIFT] Height: unknown (run home)
[LIFT] Height: unknown (run home)
[LIFT] Height: unknown (run home)
[LIFT] Height: unknown (run home)
[LIFT] Height: unknown (run home)
[LIFT] Height: unknown (run home)
[LIFT] Height: unknown (run home)
[LIFT] Height: unknown (run home)
[LIFT] Height: unknown (run home)
[LIFT] Height: unknown (run home)
[LIFT] Height: unknown (run home)
[PicoLift] sent 'status'
[LIFT] Upper limit: clear
[LIFT] Lower limit: clear
[LIFT] Motion: UP
[LIFT] Velocity: 0.00 mm/s
[LIFT] Capabilities: lift_velocity_v1
[PicoLift] firmware capabilities: lift_velocity_v1
[LIFT] Height: unknown (run home)
[LIFT] Height: unknown (run home)
[LIFT] V_Compute: 28.810 V
[LIFT] V_Motors: 28.202 V
[LIFT] Height: unknown (run home)
[LIFT] Height: unknown (run home)
[LIFT] Height: unknown (run home)
[LIFT] Height: unknown (run home)
[LIFT] Height: unknown (run home)
[LIFT] Height: unknown (run home)
[LIFT] Height: unknown (run home)
[LIFT] Height: unknown (run home)
[LIFT] Height: unknown (run home)
[LIFT] Height: unknown (run home)
[LIFT] Height: unknown (run home)
[LIFT] Height: unknown (run home)
[LIFT] Height: unknown (run home)
[LIFT] Height: unknown (run home)
[LIFT] Height: unknown (run home)
[LIFT] Height: unknown (run home)
[LIFT] Height: unknown (run home)
[PicoLift] sent 'status'
[LIFT] Upper limit: clear
[LIFT] Lower limit: clear
[LIFT] Motion: UP
[LIFT] Velocity: 0.00 mm/s
[LIFT] Capabilities: lift_velocity_v1
[PicoLift] firmware capabilities: lift_velocity_v1
[LIFT] Height: unknown (run home)
[LIFT] V_Compute: 28.805 V
[LIFT] V_Motors: 28.201 V
[LIFT] Height: unknown (run home)
[LIFT] Height: unknown (run home)
[LIFT] Height: unknown (run home)
[LIFT] Height: unknown (run home)
[LIFT] Height: unknown (run home)
[LIFT] Height: unknown (run home)
[LIFT] Height: unknown (run home)
[LIFT] Height: unknown (run home)
[LIFT] Height: unknown (run home)
[LIFT] Height: unknown (run home)
[LIFT] Height: unknown (run home)
[LIFT] Height: unknown (run home)
[LIFT] Height: unknown (run home)
[LIFT] Height: unknown (run home)
[LIFT] Height: unknown (run home)
[LIFT] Height: unknown (run home)
[LIFT] Height: unknown (run home)
[LIFT] Height: unknown (run home)
[PicoLift] sent 'status'
[LIFT] Upper limit: clear
[LIFT] Lower limit: clear
[LIFT] Motion: UP
[LIFT] Velocity: 0.00 mm/s
[LIFT] Capabilities: lift_velocity_v1
[PicoLift] firmware capabilities: lift_velocity_v1
[LIFT] Height: unknown (run home)
[LIFT] V_Compute: 28.812 V
[LIFT] V_Motors: 28.195 V
[LIFT] Height: unknown (run home)
[LIFT] Height: unknown (run home)
[LIFT] Height: unknown (run home)
[LIFT] Height: unknown (run home)
[LIFT] Height: unknown (run home)
[LIFT] Height: unknown (run home)
[LIFT] Height: unknown (run home)
[LIFT] Height: unknown (run home)
[LIFT] Height: unknown (run home)
[LIFT] Height: unknown (run home)
[LIFT] Height: unknown (run home)
[LIFT] Height: unknown (run home)
[LIFT] Height: unknown (run home)
[LIFT] Height: unknown (run home)
[LIFT] Height: unknown (run home)
[LIFT] Height: unknown (run home)
[LIFT] Height: unknown (run home)
[LIFT] Height: unknown (run home)
[PicoLift] sent 'status'
[LIFT] Height: unknown (run home)
[LIFT] Upper limit: clear
[LIFT] Lower limit: clear
[LIFT] Motion: UP
[LIFT] Velocity: 0.00 mm/s
[LIFT] Capabilities: lift_velocity_v1
[PicoLift] firmware capabilities: lift_velocity_v1
[LIFT] Height: unknown (run home)
[LIFT] V_Compute: 28.805 V
[LIFT] V_Motors: 28.199 V
[LIFT] Height: unknown (run home)
[LIFT] Height: unknown (run home)
[LIFT] Height: unknown (run home)
[LIFT] Height: unknown (run home)
[LIFT] Height: unknown (run home)
[LIFT] Height: unknown (run home)
[LIFT] Height: unknown (run home)
[LIFT] Height: unknown (run home)
[LIFT] Height: unknown (run home)
[LIFT] Height: unknown (run home)
[LIFT] Height: unknown (run home)
[LIFT] Height: unknown (run home)
[LIFT] Height: unknown (run home)
[LIFT] Height: unknown (run home)
[LIFT] Height: unknown (run home)
[LIFT] Height: unknown (run home)
[LIFT] Height: unknown (run home)
[PicoLift] sent 'status'
[LIFT] Height: unknown (run home)
[LIFT] Upper limit: clear
[LIFT] Lower limit: clear
[LIFT] Motion: UP
[LIFT] Velocity: 0.00 mm/s
[LIFT] Capabilities: lift_velocity_v1
[PicoLift] firmware capabilities: lift_velocity_v1
[LIFT] Height: unknown (run home)
[LIFT] V_Compute: 28.810 V
[LIFT] V_Motors: 28.202 V
[LIFT] Height: unknown (run home)
[LIFT] Height: unknown (run home)
[LIFT] Height: unknown (run home)
[LIFT] Height: unknown (run home)
[LIFT] Height: unknown (run home)
[LIFT] Height: unknown (run home)
[LIFT] Height: unknown (run home)
[LIFT] Height: unknown (run home)
[LIFT] Height: unknown (run home)
[LIFT] Height: unknown (run home)
[LIFT] Height: unknown (run home)
[LIFT] Height: unknown (run home)
[LIFT] Height: unknown (run home)
[LIFT] Height: unknown (run home)
[LIFT] Height: unknown (run home)
[LIFT] Height: unknown (run home)
[LIFT] Height: unknown (run home)
[PicoLift] sent 'status'
[LIFT] Height: unknown (run home)
[LIFT] Upper limit: clear
[LIFT] Lower limit: clear
[LIFT] Motion: UP
[LIFT] Velocity: 0.00 mm/s
[LIFT] Capabilities: lift_velocity_v1
[PicoLift] firmware capabilities: lift_velocity_v1
[LIFT] Height: unknown (run home)
[LIFT] V_Compute: 28.809 V
[LIFT] V_Motors: 28.205 V
[LIFT] Height: unknown (run home)
[LIFT] Height: unknown (run home)
[LIFT] Height: unknown (run home)
[LIFT] Height: unknown (run home)
[LIFT] Height: unknown (run home)
[LIFT] Height: unknown (run home)
[LIFT] Height: unknown (run home)
[LIFT] Height: unknown (run home)
[LIFT] Height: unknown (run home)
[LIFT] Height: unknown (run home)
[LIFT] Height: unknown (run home)
[LIFT] Height: unknown (run home)
[LIFT] Height: unknown (run home)
[LIFT] Height: unknown (run home)
[LIFT] Height: unknown (run home)
[LIFT] Height: unknown (run home)
[LIFT] Height: unknown (run home)
[PicoLift] sent 'status'
[LIFT] Height: unknown (run home)
[LIFT] Upper limit: clear
[LIFT] Lower limit: clear
[LIFT] Motion: UP
[LIFT] Velocity: 0.00 mm/s
[LIFT] Capabilities: lift_velocity_v1
[PicoLift] firmware capabilities: lift_velocity_v1
[LIFT] Height: unknown (run home)
[LIFT] V_Compute: 28.819 V
[LIFT] V_Motors: 28.209 V
[LIFT] Height: unknown (run home)
[LIFT] Height: unknown (run home)
[LIFT] Height: unknown (run home)
[LIFT] Height: unknown (run home)
[LIFT] Height: unknown (run home)
[LIFT] Height: unknown (run home)
[LIFT] Height: unknown (run home)
[LIFT] Height: unknown (run home)
[LIFT] Height: unknown (run home)
[LIFT] Height: unknown (run home)
[LIFT] Height: unknown (run home)
[LIFT] Height: unknown (run home)
[LIFT] Height: unknown (run home)
[LIFT] Height: unknown (run home)
[LIFT] Height: unknown (run home)
[LIFT] Height: unknown (run home)
[LIFT] Height: unknown (run home)
[PicoLift] sent 'status'
[LIFT] Height: unknown (run home)
[LIFT] Upper limit: clear
[LIFT] Lower limit: clear
[LIFT] Motion: UP
[LIFT] Velocity: 0.00 mm/s
[LIFT] Capabilities: lift_velocity_v1
[PicoLift] firmware capabilities: lift_velocity_v1
[LIFT] Height: unknown (run home)
[LIFT] V_Compute: 28.815 V
[LIFT] V_Motors: 28.208 V
[LIFT] Height: unknown (run home)
[LIFT] Height: unknown (run home)
[LIFT] Height: unknown (run home)
[LIFT] Height: unknown (run home)
[LIFT] Height: unknown (run home)
[LIFT] Height: unknown (run home)
[LIFT] Height: unknown (run home)
[LIFT] Height: unknown (run home)
[LIFT] Height: unknown (run home)
[LIFT] Height: unknown (run home)
[LIFT] Height: unknown (run home)
[LIFT] Height: unknown (run home)
[LIFT] Height: unknown (run home)
[LIFT] Height: unknown (run home)
[LIFT] Height: unknown (run home)
[LIFT] Height: unknown (run home)
[LIFT] Height: unknown (run home)
[PicoLift] sent 'status'
[LIFT] Height: unknown (run home)
[LIFT] Upper limit: clear
[LIFT] Lower limit: clear
[LIFT] Motion: UP
[LIFT] Velocity: 0.00 mm/s
[LIFT] Capabilities: lift_velocity_v1
[PicoLift] firmware capabilities: lift_velocity_v1
[LIFT] Height: unknown (run home)
[LIFT] V_Compute: 28.809 V
[LIFT] V_Motors: 28.214 V
[LIFT] Height: unknown (run home)
[LIFT] Height: unknown (run home)
[LIFT] Height: unknown (run home)
[LIFT] Height: unknown (run home)
[LIFT] Height: unknown (run home)
[LIFT] Height: unknown (run home)
[LIFT] Height: unknown (run home)
[LIFT] Height: unknown (run home)
[LIFT] Height: unknown (run home)
[LIFT] Height: unknown (run home)
[LIFT] Height: unknown (run home)
[LIFT] Height: unknown (run home)
[LIFT] Height: unknown (run home)
[LIFT] Height: unknown (run home)
[LIFT] Height: unknown (run home)
[LIFT] Height: unknown (run home)
[LIFT] Height: unknown (run home)
[PicoLift] sent 'status'
[LIFT] Height: unknown (run home)
[LIFT] Upper limit: clear
[LIFT] Lower limit: clear
[LIFT] Motion: UP
[LIFT] Velocity: 0.00 mm/s
[LIFT] Capabilities: lift_velocity_v1
[PicoLift] firmware capabilities: lift_velocity_v1
[LIFT] Height: unknown (run home)
[LIFT] V_Compute: 28.806 V
[LIFT] V_Motors: 28.196 V
[LIFT] Height: unknown (run home)
[LIFT] Height: unknown (run home)
[LIFT] Height: unknown (run home)
[LIFT] Height: unknown (run home)
[LIFT] Height: unknown (run home)
[LIFT] Height: unknown (run home)
[LIFT] Height: unknown (run home)
[LIFT] Height: unknown (run home)
[LIFT] Height: unknown (run home)
[LIFT] Height: unknown (run home)
[LIFT] Height: unknown (run home)
[LIFT] Height: unknown (run home)
[LIFT] Height: unknown (run home)
[LIFT] Height: unknown (run home)
[LIFT] Height: unknown (run home)
[LIFT] Height: unknown (run home)
[LIFT] Height: unknown (run home)
[PicoLift] sent 'status'
[LIFT] Height: unknown (run home)
[LIFT] Upper limit: clear
[LIFT] Lower limit: clear
[LIFT] Motion: UP
[LIFT] Velocity: 0.00 mm/s
[LIFT] Capabilities: lift_velocity_v1
[PicoLift] firmware capabilities: lift_velocity_v1
[LIFT] Height: unknown (run home)
[LIFT] V_Compute: 28.808 V
[LIFT] V_Motors: 28.201 V
[LIFT] Height: unknown (run home)
[LIFT] Height: unknown (run home)
[LIFT] Height: unknown (run home)
[LIFT] Height: unknown (run home)
[LIFT] Height: unknown (run home)
[LIFT] Height: unknown (run home)
[LIFT] Height: unknown (run home)
[LIFT] Height: unknown (run home)
[LIFT] Height: unknown (run home)
[LIFT] Height: unknown (run home)
[LIFT] Height: unknown (run home)
[LIFT] Height: unknown (run home)
[LIFT] Height: unknown (run home)
[LIFT] Height: unknown (run home)
[LIFT] Height: unknown (run home)
[LIFT] Height: unknown (run home)
[LIFT] Height: unknown (run home)
[PicoLift] sent 'status'
[LIFT] Height: unknown (run home)
[LIFT] Upper limit: clear
[LIFT] Lower limit: clear
[LIFT] Motion: UP
[LIFT] Velocity: 0.00 mm/s
[LIFT] Capabilities: lift_velocity_v1
[PicoLift] firmware capabilities: lift_velocity_v1
[LIFT] Height: unknown (run home)
[LIFT] V_Compute: 28.806 V
[LIFT] V_Motors: 28.202 V
[LIFT] Height: unknown (run home)
[LIFT] Height: unknown (run home)
[LIFT] Height: unknown (run home)
[LIFT] Height: unknown (run home)
[LIFT] Height: unknown (run home)
[LIFT] Height: unknown (run home)
[LIFT] Height: unknown (run home)
[LIFT] Height: unknown (run home)
[LIFT] Height: unknown (run home)
[LIFT] Height: unknown (run home)
[LIFT] Height: unknown (run home)
[LIFT] Height: unknown (run home)
[LIFT] Height: unknown (run home)
[LIFT] Height: unknown (run home)
[LIFT] Height: unknown (run home)
[LIFT] Height: unknown (run home)
[LIFT] Height: unknown (run home)
[PicoLift] sent 'status'
[LIFT] Height: unknown (run home)
[LIFT] Upper limit: clear
[LIFT] Lower limit: clear
[LIFT] Motion: UP
[LIFT] Velocity: 0.00 mm/s
[LIFT] Capabilities: lift_velocity_v1
[PicoLift] firmware capabilities: lift_velocity_v1
[LIFT] Height: unknown (run home)
[LIFT] V_Compute: 28.800 V
[LIFT] V_Motors: 28.200 V
[LIFT] Height: unknown (run home)
[LIFT] Height: unknown (run home)
[LIFT] Height: unknown (run home)
[LIFT] Height: unknown (run home)
[LIFT] Height: unknown (run home)
[LIFT] Height: unknown (run home)
[LIFT] Height: unknown (run home)
[LIFT] Height: unknown (run home)
[LIFT] Height: unknown (run home)
[LIFT] Height: unknown (run home)
[LIFT] Height: unknown (run home)
[LIFT] Height: unknown (run home)
[LIFT] Height: unknown (run home)
[LIFT] Height: unknown (run home)
[LIFT] Height: unknown (run home)
[LIFT] Height: unknown (run home)
[LIFT] Height: unknown (run home)
[PicoLift] sent 'status'
[LIFT] Height: unknown (run home)
[LIFT] Upper limit: clear
[LIFT] Lower limit: clear
[LIFT] Motion: UP
[LIFT] Velocity: 0.00 mm/s
[LIFT] Capabilities: lift_velocity_v1
[PicoLift] firmware capabilities: lift_velocity_v1
[LIFT] Height: unknown (run home)
[LIFT] V_Compute: 28.831 V
[LIFT] V_Motors: 28.200 V
[LIFT] Height: unknown (run home)
[LIFT] Height: unknown (run home)
[LIFT] Height: unknown (run home)
[LIFT] Height: unknown (run home)
[LIFT] Height: unknown (run home)
[LIFT] Height: unknown (run home)
[LIFT] Height: unknown (run home)
[LIFT] Height: unknown (run home)
[LIFT] Height: unknown (run home)
[LIFT] Height: unknown (run home)
[LIFT] Height: unknown (run home)
[LIFT] Home complete.
[PicoLift] sent 'status'
[PicoLift] sent 'status'
[YOR] lift: home complete at 0.9 m
[YOR] lift: moving to 450 mm from zero
[PicoLift] sent 'down 450.00'
[LIFT] Upper limit: ACTIVE
[LIFT] Lower limit: clear
[LIFT] Motion: IDLE
[LIFT] Velocity: 0.00 mm/s
[LIFT] Capabilities: lift_velocity_v1
[PicoLift] firmware capabilities: lift_velocity_v1
[LIFT] V_Compute: 28.804 V
[LIFT] V_Motors: 28.226 V
[LIFT] Upper limit: ACTIVE
[LIFT] Lower limit: clear
[LIFT] Motion: IDLE
[LIFT] Velocity: 0.00 mm/s
[LIFT] Capabilities: lift_velocity_v1
[PicoLift] firmware capabilities: lift_velocity_v1
[LIFT] Moving DOWN 450.00 mm
[LIFT] V_Compute: 28.795 V
[LIFT] V_Motors: 28.192 V
[LIFT] V_Compute: 28.809 V
[LIFT] V_Motors: 28.215 V
[LIFT] V_Compute: 28.810 V
[LIFT] V_Motors: 28.210 V
[LIFT] V_Compute: 28.811 V
[LIFT] V_Motors: 28.219 V
[LIFT] V_Compute: 28.811 V
[LIFT] V_Motors: 28.224 V
[LIFT] V_Compute: 28.814 V
[LIFT] V_Motors: 28.209 V
[LIFT] V_Compute: 28.817 V
[LIFT] V_Motors: 28.214 V
[LIFT] V_Compute: 28.791 V
[LIFT] V_Motors: 28.214 V
[LIFT] V_Compute: 28.816 V
[LIFT] V_Motors: 28.216 V
[LIFT] V_Compute: 28.816 V
[LIFT] V_Motors: 28.214 V
[LIFT] V_Compute: 28.811 V
[LIFT] V_Motors: 28.204 V
[LIFT] V_Compute: 28.814 V
[LIFT] V_Motors: 28.214 V
[LIFT] V_Compute: 28.811 V
[LIFT] V_Motors: 28.205 V
[LIFT] V_Compute: 28.802 V
[LIFT] V_Motors: 28.209 V
[LIFT] V_Compute: 28.805 V
[LIFT] V_Motors: 28.210 V
[LIFT] V_Compute: 28.802 V
[LIFT] V_Motors: 28.215 V
[LIFT] V_Compute: 28.802 V
[LIFT] V_Motors: 28.216 V
[LIFT] V_Compute: 28.820 V
[LIFT] V_Motors: 28.219 V
[PicoLift] sent 'stop'
[YOR] lift: startup position 0.451759 m
[LIFT] Motion stopped by user.
[LIFT] V_Compute: 28.806 V
[LIFT] V_Motors: 28.231 V
[LIFT] V_Compute: 28.817 V
[LIFT] V_Motors: 28.228 V
[LIFT] V_Compute: 28.812 V
[LIFT] V_Motors: 28.222 V
[LIFT] V_Compute: 28.811 V
[LIFT] V_Motors: 28.231 V
[LIFT] V_Compute: 28.814 V
[LIFT] V_Motors: 28.229 V
[LIFT] V_Compute: 28.808 V
[LIFT] V_Motors: 28.225 V
[LIFT] V_Compute: 28.812 V
[LIFT] V_Motors: 28.228 V
[LIFT] V_Compute: 28.805 V
[LIFT] V_Motors: 28.229 V
[LIFT] V_Compute: 28.805 V
[LIFT] V_Motors: 28.231 V
[LIFT] V_Compute: 28.806 V
[LIFT] V_Motors: 28.222 V
[LIFT] V_Compute: 28.808 V
[LIFT] V_Motors: 28.228 V
[LIFT] V_Compute: 28.804 V
[LIFT] V_Motors: 28.219 V
[LIFT] V_Compute: 28.810 V
[LIFT] V_Motors: 28.229 V
[LIFT] V_Compute: 28.806 V
[LIFT] V_Motors: 28.229 V
[LIFT] V_Compute: 28.814 V
[LIFT] V_Motors: 28.231 V
[LIFT] V_Compute: 28.811 V
[LIFT] V_Motors: 28.230 V
[LIFT] V_Compute: 28.809 V
[LIFT] V_Motors: 28.226 V
[LIFT] V_Compute: 28.811 V
[LIFT] V_Motors: 28.228 V
[LIFT] V_Compute: 28.812 V
[LIFT] V_Motors: 28.232 V
[LIFT] V_Compute: 28.808 V
[LIFT] V_Motors: 28.224 V
[LIFT] V_Compute: 28.800 V
[LIFT] V_Motors: 28.225 V
[LIFT] V_Compute: 28.809 V
[LIFT] V_Motors: 28.226 V
[LIFT] V_Compute: 28.804 V
[LIFT] V_Motors: 28.229 V
[LIFT] V_Compute: 28.812 V
[LIFT] V_Motors: 28.230 V
[LIFT] V_Compute: 28.809 V
[LIFT] V_Motors: 28.219 V
[LIFT] V_Compute: 28.812 V
[LIFT] V_Motors: 28.230 V
[LIFT] V_Compute: 28.801 V
[LIFT] V_Motors: 28.219 V
[LIFT] V_Compute: 28.809 V
[LIFT] V_Motors: 28.230 V
[LIFT] V_Compute: 28.811 V
[LIFT] V_Motors: 28.235 V
[LIFT] V_Compute: 28.810 V
[LIFT] V_Motors: 28.230 V
[LIFT] V_Compute: 28.810 V
[LIFT] V_Motors: 28.225 V
[LIFT] V_Compute: 28.810 V
[LIFT] V_Motors: 28.231 V
[LIFT] V_Compute: 28.808 V
[LIFT] V_Motors: 28.226 V
[LIFT] V_Compute: 28.808 V
[LIFT] V_Motors: 28.228 V
[LIFT] V_Compute: 28.810 V
[LIFT] V_Motors: 28.228 V
[LIFT] V_Compute: 28.812 V
[LIFT] V_Motors: 28.231 V
[LIFT] V_Compute: 28.810 V
[LIFT] V_Motors: 28.228 V
[LIFT] V_Compute: 28.809 V
[LIFT] V_Motors: 28.228 V
[LIFT] V_Compute: 28.814 V
[LIFT] V_Motors: 28.228 V
[LIFT] V_Compute: 28.805 V
[LIFT] V_Motors: 28.228 V
[LIFT] V_Compute: 28.798 V
[LIFT] V_Motors: 28.222 V
[LIFT] V_Compute: 28.816 V
[LIFT] V_Motors: 28.230 V
[LIFT] V_Compute: 28.812 V
[LIFT] V_Motors: 28.229 V
[LIFT] V_Compute: 28.812 V
[LIFT] V_Motors: 28.230 V
[LIFT] V_Compute: 28.805 V
[LIFT] V_Motors: 28.225 V
[LIFT] V_Compute: 28.810 V
[LIFT] V_Motors: 28.232 V
[LIFT] V_Compute: 28.812 V
[LIFT] V_Motors: 28.228 V
[LIFT] V_Compute: 28.808 V
[LIFT] V_Motors: 28.225 V
[LIFT] V_Compute: 28.812 V
[LIFT] V_Motors: 28.228 V
[LIFT] V_Compute: 28.808 V
[LIFT] V_Motors: 28.228 V
[LIFT] V_Compute: 28.804 V
[LIFT] V_Motors: 28.221 V
[LIFT] V_Compute: 28.809 V
[LIFT] V_Motors: 28.225 V
[LIFT] V_Compute: 28.814 V
[LIFT] V_Motors: 28.229 V
[LIFT] V_Compute: 28.809 V
[LIFT] V_Motors: 28.226 V
[LIFT] V_Compute: 28.814 V
[LIFT] V_Motors: 28.226 V
[LIFT] V_Compute: 28.810 V
[LIFT] V_Motors: 28.226 V
[LIFT] V_Compute: 28.812 V
[LIFT] V_Motors: 28.229 V
[LIFT] V_Compute: 28.811 V
[LIFT] V_Motors: 28.229 V
[LIFT] V_Compute: 28.810 V
[LIFT] V_Motors: 28.230 V
[LIFT] V_Compute: 28.806 V
[LIFT] V_Motors: 28.230 V
[LIFT] V_Compute: 28.810 V
[LIFT] V_Motors: 28.230 V
[LIFT] V_Compute: 28.802 V
[LIFT] V_Motors: 28.230 V
[LIFT] V_Compute: 28.806 V
[LIFT] V_Motors: 28.226 V
[LIFT] V_Compute: 28.809 V
[LIFT] V_Motors: 28.230 V
[LIFT] V_Compute: 28.812 V
[LIFT] V_Motors: 28.232 V
[LIFT] V_Compute: 28.812 V
[LIFT] V_Motors: 28.229 V
[LIFT] V_Compute: 28.814 V
[LIFT] V_Motors: 28.222 V
[LIFT] V_Compute: 28.809 V
[LIFT] V_Motors: 28.231 V
[LIFT] V_Compute: 28.810 V
[LIFT] V_Motors: 28.226 V
[LIFT] V_Compute: 28.810 V
[LIFT] V_Motors: 28.232 V
[LIFT] V_Compute: 28.810 V
[LIFT] V_Motors: 28.231 V
[LIFT] V_Compute: 28.806 V
[LIFT] V_Motors: 28.230 V
[LIFT] V_Compute: 28.808 V
[LIFT] V_Motors: 28.225 V
[LIFT] V_Compute: 28.802 V
[LIFT] V_Motors: 28.228 V
[LIFT] V_Compute: 28.806 V
[LIFT] V_Motors: 28.226 V
[LIFT] V_Compute: 28.810 V
[LIFT] V_Motors: 28.226 V
[LIFT] V_Compute: 28.809 V
[LIFT] V_Motors: 28.230 V
[LIFT] V_Compute: 28.806 V
[LIFT] V_Motors: 28.230 V
[LIFT] V_Compute: 28.815 V
[LIFT] V_Motors: 28.235 V
[LIFT] V_Compute: 28.795 V
[LIFT] V_Motors: 28.212 V
[LIFT] V_Compute: 28.809 V
[LIFT] V_Motors: 28.232 V
[LIFT] V_Compute: 28.815 V
[LIFT] V_Motors: 28.225 V
[LIFT] V_Compute: 28.805 V
[LIFT] V_Motors: 28.230 V
[LIFT] V_Compute: 28.809 V
[LIFT] V_Motors: 28.222 V
[LIFT] V_Compute: 28.811 V
[LIFT] V_Motors: 28.229 V
[LIFT] V_Compute: 28.810 V
[LIFT] V_Motors: 28.234 V
[LIFT] V_Compute: 28.809 V
[LIFT] V_Motors: 28.231 V
[LIFT] V_Compute: 28.810 V
[LIFT] V_Motors: 28.226 V
[LIFT] V_Compute: 28.796 V
[LIFT] V_Motors: 28.224 V
[LIFT] V_Compute: 28.814 V
[LIFT] V_Motors: 28.225 V
[LIFT] V_Compute: 28.804 V
[LIFT] V_Motors: 28.225 V
[LIFT] V_Compute: 28.809 V
[LIFT] V_Motors: 28.224 V
[LIFT] V_Compute: 28.805 V
[LIFT] V_Motors: 28.230 V
[LIFT] V_Compute: 28.798 V
[LIFT] V_Motors: 28.216 V
[LIFT] V_Compute: 28.817 V
[LIFT] V_Motors: 28.231 V
[LIFT] V_Compute: 28.809 V
[LIFT] V_Motors: 28.228 V
[LIFT] V_Compute: 28.794 V
[LIFT] V_Motors: 28.212 V
[LIFT] V_Compute: 28.802 V
[LIFT] V_Motors: 28.225 V
[LIFT] V_Compute: 28.799 V
[LIFT] V_Motors: 28.219 V
[LIFT] V_Compute: 28.804 V
[LIFT] V_Motors: 28.222 V
[LIFT] V_Compute: 28.800 V
[LIFT] V_Motors: 28.224 V
[LIFT] V_Compute: 28.806 V
[LIFT] V_Motors: 28.221 V
[LIFT] V_Compute: 28.800 V
[LIFT] V_Motors: 28.226 V
[LIFT] V_Compute: 28.806 V
[LIFT] V_Motors: 28.232 V
[LIFT] V_Compute: 28.810 V
[LIFT] V_Motors: 28.226 V
[LIFT] V_Compute: 28.804 V
[LIFT] V_Motors: 28.229 V
[LIFT] V_Compute: 28.799 V
[LIFT] V_Motors: 28.221 V
[LIFT] V_Compute: 28.806 V
[LIFT] V_Motors: 28.231 V
[LIFT] V_Compute: 28.808 V
[LIFT] V_Motors: 28.228 V
[LIFT] V_Compute: 28.809 V
[LIFT] V_Motors: 28.229 V
[LIFT] V_Compute: 28.806 V
[LIFT] V_Motors: 28.229 V
[LIFT] V_Compute: 28.809 V
[LIFT] V_Motors: 28.226 V
[LIFT] V_Compute: 28.809 V
[LIFT] V_Motors: 28.229 V
[LIFT] V_Compute: 28.791 V
[LIFT] V_Motors: 28.215 V
[LIFT] V_Compute: 28.806 V
[LIFT] V_Motors: 28.225 V
[LIFT] V_Compute: 28.801 V
[LIFT] V_Motors: 28.215 V
[LIFT] V_Compute: 28.799 V
[LIFT] V_Motors: 28.220 V
[LIFT] V_Compute: 28.791 V
[LIFT] V_Motors: 28.220 V
[LIFT] V_Compute: 28.801 V
[LIFT] V_Motors: 28.216 V
[LIFT] V_Compute: 28.798 V
[LIFT] V_Motors: 28.221 V
[LIFT] V_Compute: 28.796 V
[LIFT] V_Motors: 28.220 V
[LIFT] V_Compute: 28.794 V
[LIFT] V_Motors: 28.226 V
[LIFT] V_Compute: 28.806 V
[LIFT] V_Motors: 28.224 V
[LIFT] V_Compute: 28.791 V
[LIFT] V_Motors: 28.216 V
[LIFT] V_Compute: 28.801 V
[LIFT] V_Motors: 28.221 V
[LIFT] V_Compute: 28.805 V
[LIFT] V_Motors: 28.226 V
[LIFT] V_Compute: 28.810 V
[LIFT] V_Motors: 28.228 V
[LIFT] V_Compute: 28.798 V
[LIFT] V_Motors: 28.228 V
[LIFT] V_Compute: 28.808 V
[LIFT] V_Motors: 28.225 V
[LIFT] V_Compute: 28.801 V
[LIFT] V_Motors: 28.229 V
[LIFT] V_Compute: 28.806 V
[LIFT] V_Motors: 28.231 V
[LIFT] V_Compute: 28.798 V
[LIFT] V_Motors: 28.224 V
[LIFT] V_Compute: 28.810 V
[LIFT] V_Motors: 28.228 V
[LIFT] V_Compute: 28.790 V
[LIFT] V_Motors: 28.225 V
[LIFT] V_Compute: 28.809 V
[LIFT] V_Motors: 28.228 V
[LIFT] V_Compute: 28.810 V
[LIFT] V_Motors: 28.224 V
[LIFT] V_Compute: 28.810 V
[LIFT] V_Motors: 28.229 V
[LIFT] V_Compute: 28.809 V
[LIFT] V_Motors: 28.220 V
[LIFT] V_Compute: 28.812 V
[LIFT] V_Motors: 28.228 V
[LIFT] V_Compute: 28.810 V
[LIFT] V_Motors: 28.224 V
[LIFT] V_Compute: 28.811 V
[LIFT] V_Motors: 28.234 V
[LIFT] V_Compute: 28.798 V
[LIFT] V_Motors: 28.222 V
[LIFT] V_Compute: 28.808 V
[LIFT] V_Motors: 28.226 V
[LIFT] V_Compute: 28.804 V
[LIFT] V_Motors: 28.224 V
[LIFT] V_Compute: 28.808 V
[LIFT] V_Motors: 28.228 V
[LIFT] V_Compute: 28.800 V
[LIFT] V_Motors: 28.220 V
[LIFT] V_Compute: 28.805 V
[LIFT] V_Motors: 28.222 V
[LIFT] V_Compute: 28.800 V
[LIFT] V_Motors: 28.214 V
[LIFT] V_Compute: 28.804 V
[LIFT] V_Motors: 28.221 V
[LIFT] V_Compute: 28.805 V
[LIFT] V_Motors: 28.225 V
[LIFT] V_Compute: 28.798 V
[LIFT] V_Motors: 28.218 V
[LIFT] V_Compute: 28.799 V
[LIFT] V_Motors: 28.216 V
[LIFT] V_Compute: 28.798 V
[LIFT] V_Motors: 28.221 V
[LIFT] V_Compute: 28.792 V
[LIFT] V_Motors: 28.211 V
[LIFT] V_Compute: 28.798 V
[LIFT] V_Motors: 28.219 V
[LIFT] V_Compute: 28.791 V
[LIFT] V_Motors: 28.220 V
[LIFT] V_Compute: 28.809 V
[LIFT] V_Motors: 28.218 V
[LIFT] V_Compute: 28.794 V
[LIFT] V_Motors: 28.220 V
[LIFT] V_Compute: 28.805 V
[LIFT] V_Motors: 28.215 V
[LIFT] V_Compute: 28.800 V
[LIFT] V_Motors: 28.214 V
[LIFT] V_Compute: 28.800 V
[LIFT] V_Motors: 28.228 V
[LIFT] V_Compute: 28.806 V
[LIFT] V_Motors: 28.219 V
[LIFT] V_Compute: 28.799 V
[LIFT] V_Motors: 28.226 V
[LIFT] V_Compute: 28.802 V
[LIFT] V_Motors: 28.222 V
[LIFT] V_Compute: 28.801 V
[LIFT] V_Motors: 28.228 V
[LIFT] V_Compute: 28.800 V
[LIFT] V_Motors: 28.216 V
[LIFT] V_Compute: 28.809 V
[LIFT] V_Motors: 28.229 V
[LIFT] V_Compute: 28.808 V
[LIFT] V_Motors: 28.224 V
[LIFT] V_Compute: 28.808 V
[LIFT] V_Motors: 28.229 V
[LIFT] V_Compute: 28.808 V
[LIFT] V_Motors: 28.230 V
[LIFT] V_Compute: 28.801 V
[LIFT] V_Motors: 28.228 V
[LIFT] V_Compute: 28.799 V
[LIFT] V_Motors: 28.224 V
[LIFT] V_Compute: 28.809 V
[LIFT] V_Motors: 28.229 V
[LIFT] V_Compute: 28.810 V
[LIFT] V_Motors: 28.225 V
[LIFT] V_Compute: 28.806 V
[LIFT] V_Motors: 28.230 V
[LIFT] V_Compute: 28.802 V
[LIFT] V_Motors: 28.231 V
[LIFT] V_Compute: 28.810 V
[LIFT] V_Motors: 28.226 V
[LIFT] V_Compute: 28.809 V
[LIFT] V_Motors: 28.226 V
[LIFT] V_Compute: 28.805 V
[LIFT] V_Motors: 28.222 V
[LIFT] V_Compute: 28.799 V
[LIFT] V_Motors: 28.222 V
[LIFT] V_Compute: 28.800 V
[LIFT] V_Motors: 28.219 V
[LIFT] V_Compute: 28.799 V
[LIFT] V_Motors: 28.221 V
[LIFT] V_Compute: 28.801 V
[LIFT] V_Motors: 28.221 V
[LIFT] V_Compute: 28.801 V
[LIFT] V_Motors: 28.220 V
[LIFT] V_Compute: 28.800 V
[LIFT] V_Motors: 28.220 V
[LIFT] V_Compute: 28.801 V
[LIFT] V_Motors: 28.221 V
[LIFT] V_Compute: 28.801 V
[LIFT] V_Motors: 28.220 V
[LIFT] V_Compute: 28.802 V
[LIFT] V_Motors: 28.216 V
[LIFT] V_Compute: 28.802 V
[LIFT] V_Motors: 28.224 V
[LIFT] V_Compute: 28.801 V
[LIFT] V_Motors: 28.221 V
[LIFT] V_Compute: 28.806 V
[LIFT] V_Motors: 28.224 V
[LIFT] V_Compute: 28.809 V
[LIFT] V_Motors: 28.225 V
[LIFT] V_Compute: 28.805 V
[LIFT] V_Motors: 28.224 V
[LIFT] V_Compute: 28.804 V
[LIFT] V_Motors: 28.229 V
[LIFT] V_Compute: 28.806 V
[LIFT] V_Motors: 28.225 V
[LIFT] V_Compute: 28.809 V
[LIFT] V_Motors: 28.219 V
[LIFT] V_Compute: 28.805 V
[LIFT] V_Motors: 28.224 V
[LIFT] V_Compute: 28.808 V
[LIFT] V_Motors: 28.230 V
[LIFT] V_Compute: 28.815 V
[LIFT] V_Motors: 28.231 V
[LIFT] V_Compute: 28.805 V
[LIFT] V_Motors: 28.230 V
[LIFT] V_Compute: 28.811 V
[LIFT] V_Motors: 28.231 V
[LIFT] V_Compute: 28.798 V
[LIFT] V_Motors: 28.220 V
[LIFT] V_Compute: 28.802 V
[LIFT] V_Motors: 28.226 V
[LIFT] V_Compute: 28.804 V
[LIFT] V_Motors: 28.219 V
[LIFT] V_Compute: 28.805 V
[LIFT] V_Motors: 28.220 V
[LIFT] V_Compute: 28.801 V
[LIFT] V_Motors: 28.228 V
[LIFT] V_Compute: 28.789 V
[LIFT] V_Motors: 28.219 V
[LIFT] V_Compute: 28.806 V
[LIFT] V_Motors: 28.226 V
[LIFT] V_Compute: 28.805 V
[LIFT] V_Motors: 28.225 V
[LIFT] V_Compute: 28.808 V
[LIFT] V_Motors: 28.229 V
[LIFT] V_Compute: 28.801 V
[LIFT] V_Motors: 28.218 V
[LIFT] V_Compute: 28.799 V
[LIFT] V_Motors: 28.219 V
[LIFT] V_Compute: 28.800 V
[LIFT] V_Motors: 28.222 V
[LIFT] V_Compute: 28.795 V
[LIFT] V_Motors: 28.211 V
[LIFT] V_Compute: 28.802 V
[LIFT] V_Motors: 28.220 V
[LIFT] V_Compute: 28.795 V
[LIFT] V_Motors: 28.211 V
[LIFT] V_Compute: 28.792 V
[LIFT] V_Motors: 28.222 V
[LIFT] V_Compute: 28.800 V
[LIFT] V_Motors: 28.216 V
[LIFT] V_Compute: 28.792 V
[LIFT] V_Motors: 28.221 V
[LIFT] V_Compute: 28.804 V
[LIFT] V_Motors: 28.224 V
[LIFT] V_Compute: 28.802 V
[LIFT] V_Motors: 28.220 V
[LIFT] V_Compute: 28.789 V
[LIFT] V_Motors: 28.212 V
[LIFT] V_Compute: 28.808 V
[LIFT] V_Motors: 28.224 V
[LIFT] V_Compute: 28.809 V
[LIFT] V_Motors: 28.221 V
[LIFT] V_Compute: 28.809 V
[LIFT] V_Motors: 28.225 V
[LIFT] V_Compute: 28.792 V
[LIFT] V_Motors: 28.211 V
[LIFT] V_Compute: 28.808 V
[LIFT] V_Motors: 28.229 V
[LIFT] V_Compute: 28.795 V
[LIFT] V_Motors: 28.215 V
[LIFT] V_Compute: 28.802 V
[LIFT] V_Motors: 28.221 V
[LIFT] V_Compute: 28.802 V
[LIFT] V_Motors: 28.218 V
[LIFT] V_Compute: 28.802 V
[LIFT] V_Motors: 28.225 V
[LIFT] V_Compute: 28.799 V
[LIFT] V_Motors: 28.221 V
[LIFT] V_Compute: 28.801 V
[LIFT] V_Motors: 28.219 V
[LIFT] V_Compute: 28.800 V
[LIFT] V_Motors: 28.222 V
[LIFT] V_Compute: 28.796 V
[LIFT] V_Motors: 28.216 V
[LIFT] V_Compute: 28.798 V
[LIFT] V_Motors: 28.222 V
[LIFT] V_Compute: 28.801 V
[LIFT] V_Motors: 28.220 V
[LIFT] V_Compute: 28.800 V
[LIFT] V_Motors: 28.218 V
[LIFT] V_Compute: 28.794 V
[LIFT] V_Motors: 28.220 V
[LIFT] V_Compute: 28.798 V
[LIFT] V_Motors: 28.222 V
[LIFT] V_Compute: 28.808 V
[LIFT] V_Motors: 28.229 V
[LIFT] V_Compute: 28.806 V
[LIFT] V_Motors: 28.218 V
[LIFT] V_Compute: 28.806 V
[LIFT] V_Motors: 28.221 V
[LIFT] V_Compute: 28.808 V
[LIFT] V_Motors: 28.228 V
[LIFT] V_Compute: 28.810 V
[LIFT] V_Motors: 28.226 V
[LIFT] V_Compute: 28.804 V
[LIFT] V_Motors: 28.225 V
[LIFT] V_Compute: 28.810 V
[LIFT] V_Motors: 28.222 V
[LIFT] V_Compute: 28.806 V
[LIFT] V_Motors: 28.222 V
[LIFT] V_Compute: 28.795 V
[LIFT] V_Motors: 28.224 V
[LIFT] V_Compute: 28.804 V
[LIFT] V_Motors: 28.224 V
[LIFT] V_Compute: 28.809 V
[LIFT] V_Motors: 28.221 V
[LIFT] V_Compute: 28.811 V
[LIFT] V_Motors: 28.228 V
[LIFT] V_Compute: 28.810 V
[LIFT] V_Motors: 28.226 V
[LIFT] V_Compute: 28.799 V
[LIFT] V_Motors: 28.225 V
[LIFT] V_Compute: 28.804 V
[LIFT] V_Motors: 28.228 V
[LIFT] V_Compute: 28.800 V
[LIFT] V_Motors: 28.222 V
[LIFT] V_Compute: 28.809 V
[LIFT] V_Motors: 28.230 V
[LIFT] V_Compute: 28.806 V
[LIFT] V_Motors: 28.229 V
[LIFT] V_Compute: 28.810 V
[LIFT] V_Motors: 28.231 V
[LIFT] V_Compute: 28.806 V
[LIFT] V_Motors: 28.231 V
[LIFT] V_Compute: 28.791 V
[LIFT] V_Motors: 28.215 V
[LIFT] V_Compute: 28.806 V
[LIFT] V_Motors: 28.222 V
[LIFT] V_Compute: 28.802 V
[LIFT] V_Motors: 28.228 V
[LIFT] V_Compute: 28.799 V
[LIFT] V_Motors: 28.220 V
[LIFT] V_Compute: 28.805 V
[LIFT] V_Motors: 28.229 V
[LIFT] V_Compute: 28.802 V
[LIFT] V_Motors: 28.219 V
[LIFT] V_Compute: 28.801 V
[LIFT] V_Motors: 28.226 V
[LIFT] V_Compute: 28.808 V
[LIFT] V_Motors: 28.228 V
[LIFT] V_Compute: 28.805 V
[LIFT] V_Motors: 28.226 V
[LIFT] V_Compute: 28.809 V
[LIFT] V_Motors: 28.222 V
[LIFT] V_Compute: 28.804 V
[LIFT] V_Motors: 28.228 V
[LIFT] V_Compute: 28.805 V
[LIFT] V_Motors: 28.222 V
[LIFT] V_Compute: 28.806 V
[LIFT] V_Motors: 28.228 V
[LIFT] V_Compute: 28.792 V
[LIFT] V_Motors: 28.216 V
[LIFT] V_Compute: 28.798 V
[LIFT] V_Motors: 28.221 V
[LIFT] V_Compute: 28.802 V
[LIFT] V_Motors: 28.221 V
[LIFT] V_Compute: 28.795 V
[LIFT] V_Motors: 28.225 V
[LIFT] V_Compute: 28.801 V
[LIFT] V_Motors: 28.220 V
[LIFT] V_Compute: 28.804 V
[LIFT] V_Motors: 28.222 V
[LIFT] V_Compute: 28.802 V
[LIFT] V_Motors: 28.218 V
[LIFT] V_Compute: 28.796 V
[LIFT] V_Motors: 28.222 V
[LIFT] V_Compute: 28.802 V
[LIFT] V_Motors: 28.224 V
[LIFT] V_Compute: 28.801 V
[LIFT] V_Motors: 28.225 V
[LIFT] V_Compute: 28.806 V
[LIFT] V_Motors: 28.222 V
[LIFT] V_Compute: 28.804 V
[LIFT] V_Motors: 28.226 V
[LIFT] V_Compute: 28.809 V
[LIFT] V_Motors: 28.222 V
[LIFT] V_Compute: 28.802 V
[LIFT] V_Motors: 28.226 V
[LIFT] V_Compute: 28.805 V
[LIFT] V_Motors: 28.224 V
[LIFT] V_Compute: 28.806 V
[LIFT] V_Motors: 28.231 V
[LIFT] V_Compute: 28.801 V
[LIFT] V_Motors: 28.222 V
[LIFT] V_Compute: 28.804 V
[LIFT] V_Motors: 28.228 V
[LIFT] V_Compute: 28.806 V
[LIFT] V_Motors: 28.216 V
[LIFT] V_Compute: 28.804 V
[LIFT] V_Motors: 28.228 V
[LIFT] V_Compute: 28.806 V
[LIFT] V_Motors: 28.226 V
[LIFT] V_Compute: 28.789 V
[LIFT] V_Motors: 28.216 V
[LIFT] V_Compute: 28.806 V
[LIFT] V_Motors: 28.219 V
[LIFT] V_Compute: 28.800 V
[LIFT] V_Motors: 28.222 V
[LIFT] V_Compute: 28.805 V
[LIFT] V_Motors: 28.229 V
[LIFT] V_Compute: 28.804 V
[LIFT] V_Motors: 28.224 V
[LIFT] V_Compute: 28.796 V
[LIFT] V_Motors: 28.221 V
[LIFT] V_Compute: 28.802 V
[LIFT] V_Motors: 28.226 V
[LIFT] V_Compute: 28.806 V
[LIFT] V_Motors: 28.211 V
[LIFT] V_Compute: 28.806 V
[LIFT] V_Motors: 28.226 V
[LIFT] V_Compute: 28.808 V
[LIFT] V_Motors: 28.216 V
[LIFT] V_Compute: 28.800 V
[LIFT] V_Motors: 28.226 V
[LIFT] V_Compute: 28.808 V
[LIFT] V_Motors: 28.224 V
[LIFT] V_Compute: 28.812 V
[LIFT] V_Motors: 28.222 V
[LIFT] V_Compute: 28.806 V
[LIFT] V_Motors: 28.230 V
[LIFT] V_Compute: 28.808 V
[LIFT] V_Motors: 28.226 V
[LIFT] V_Compute: 28.802 V
[LIFT] V_Motors: 28.228 V
[LIFT] V_Compute: 28.806 V
[LIFT] V_Motors: 28.229 V
[LIFT] V_Compute: 28.796 V
[LIFT] V_Motors: 28.215 V
[LIFT] V_Compute: 28.804 V
[LIFT] V_Motors: 28.224 V
[LIFT] V_Compute: 28.792 V
[LIFT] V_Motors: 28.219 V
[LIFT] V_Compute: 28.806 V
[LIFT] V_Motors: 28.230 V
[LIFT] V_Compute: 28.796 V
[LIFT] V_Motors: 28.224 V
[LIFT] V_Compute: 28.808 V
[LIFT] V_Motors: 28.221 V
[LIFT] V_Compute: 28.792 V
[LIFT] V_Motors: 28.220 V
[LIFT] V_Compute: 28.804 V
[LIFT] V_Motors: 28.229 V
[LIFT] V_Compute: 28.798 V
[LIFT] V_Motors: 28.228 V
[LIFT] V_Compute: 28.808 V
[LIFT] V_Motors: 28.225 V
[LIFT] V_Compute: 28.805 V
[LIFT] V_Motors: 28.220 V
[LIFT] V_Compute: 28.805 V
[LIFT] V_Motors: 28.225 V
[LIFT] V_Compute: 28.799 V
[LIFT] V_Motors: 28.222 V
[LIFT] V_Compute: 28.804 V
[LIFT] V_Motors: 28.221 V
[LIFT] V_Compute: 28.801 V
[LIFT] V_Motors: 28.220 V
[LIFT] V_Compute: 28.801 V
[LIFT] V_Motors: 28.228 V
[LIFT] V_Compute: 28.809 V
[LIFT] V_Motors: 28.220 V
[LIFT] V_Compute: 28.802 V
[LIFT] V_Motors: 28.226 V
[LIFT] V_Compute: 28.798 V
[LIFT] V_Motors: 28.220 V
[LIFT] V_Compute: 28.800 V
[LIFT] V_Motors: 28.225 V
[LIFT] V_Compute: 28.792 V
[LIFT] V_Motors: 28.221 V
[LIFT] V_Compute: 28.804 V
[LIFT] V_Motors: 28.225 V
[LIFT] V_Compute: 28.789 V
[LIFT] V_Motors: 28.209 V
[LIFT] V_Compute: 28.804 V
[LIFT] V_Motors: 28.225 V
[LIFT] V_Compute: 28.799 V
[LIFT] V_Motors: 28.218 V
[LIFT] V_Compute: 28.804 V
[LIFT] V_Motors: 28.226 V
[LIFT] V_Compute: 28.792 V
[LIFT] V_Motors: 28.220 V
[LIFT] V_Compute: 28.794 V
[LIFT] V_Motors: 28.219 V
[LIFT] V_Compute: 28.798 V
[LIFT] V_Motors: 28.225 V
[LIFT] V_Compute: 28.802 V
[LIFT] V_Motors: 28.232 V
[LIFT] V_Compute: 28.792 V
[LIFT] V_Motors: 28.222 V
[LIFT] V_Compute: 28.809 V
[LIFT] V_Motors: 28.225 V
[LIFT] V_Compute: 28.812 V
[LIFT] V_Motors: 28.222 V
[LIFT] V_Compute: 28.802 V
[LIFT] V_Motors: 28.224 V
[LIFT] V_Compute: 28.790 V
[LIFT] V_Motors: 28.210 V
[LIFT] V_Compute: 28.798 V
[LIFT] V_Motors: 28.222 V
[LIFT] V_Compute: 28.789 V
[LIFT] V_Motors: 28.216 V
[LIFT] V_Compute: 28.798 V
[LIFT] V_Motors: 28.216 V
[LIFT] V_Compute: 28.799 V
[LIFT] V_Motors: 28.212 V
[LIFT] V_Compute: 28.801 V
[LIFT] V_Motors: 28.225 V
[LIFT] V_Compute: 28.800 V
[LIFT] V_Motors: 28.224 V
[LIFT] V_Compute: 28.805 V
[LIFT] V_Motors: 28.224 V
[LIFT] V_Compute: 28.799 V
[LIFT] V_Motors: 28.220 V
[LIFT] V_Compute: 28.804 V
[LIFT] V_Motors: 28.224 V
[LIFT] V_Compute: 28.805 V
[LIFT] V_Motors: 28.225 V
[LIFT] V_Compute: 28.802 V
[LIFT] V_Motors: 28.225 V
[LIFT] V_Compute: 28.805 V
[LIFT] V_Motors: 28.221 V
[LIFT] V_Compute: 28.804 V
[LIFT] V_Motors: 28.221 V
[LIFT] V_Compute: 28.796 V
[LIFT] V_Motors: 28.228 V
[LIFT] V_Compute: 28.808 V
[LIFT] V_Motors: 28.222 V
[LIFT] V_Compute: 28.799 V
[LIFT] V_Motors: 28.222 V
[LIFT] V_Compute: 28.805 V
[LIFT] V_Motors: 28.226 V
[LIFT] V_Compute: 28.804 V
[LIFT] V_Motors: 28.222 V
[LIFT] V_Compute: 28.802 V
[LIFT] V_Motors: 28.220 V
[LIFT] V_Compute: 28.791 V
[LIFT] V_Motors: 28.222 V
[LIFT] V_Compute: 28.800 V
[LIFT] V_Motors: 28.221 V
[LIFT] V_Compute: 28.800 V
[LIFT] V_Motors: 28.219 V
[LIFT] V_Compute: 28.805 V
[LIFT] V_Motors: 28.220 V
[LIFT] V_Compute: 28.800 V
[LIFT] V_Motors: 28.221 V
[LIFT] V_Compute: 28.806 V
[LIFT] V_Motors: 28.221 V
[LIFT] V_Compute: 28.795 V
[LIFT] V_Motors: 28.229 V
[LIFT] V_Compute: 28.796 V
[LIFT] V_Motors: 28.216 V
[LIFT] V_Compute: 28.800 V
[LIFT] V_Motors: 28.222 V
[LIFT] V_Compute: 28.799 V
[LIFT] V_Motors: 28.222 V
[LIFT] V_Compute: 28.796 V
[LIFT] V_Motors: 28.225 V
[LIFT] V_Compute: 28.809 V
[LIFT] V_Motors: 28.221 V
[LIFT] V_Compute: 28.799 V
[LIFT] V_Motors: 28.221 V
[LIFT] V_Compute: 28.802 V
[LIFT] V_Motors: 28.224 V
[LIFT] V_Compute: 28.804 V
[LIFT] V_Motors: 28.226 V
[LIFT] V_Compute: 28.805 V
[LIFT] V_Motors: 28.225 V
[LIFT] V_Compute: 28.811 V
[LIFT] V_Motors: 28.229 V
[LIFT] V_Compute: 28.781 V
[LIFT] V_Motors: 28.206 V
[LIFT] V_Compute: 28.802 V
[LIFT] V_Motors: 28.220 V
[LIFT] V_Compute: 28.795 V
[LIFT] V_Motors: 28.221 V
[LIFT] V_Compute: 28.801 V
[LIFT] V_Motors: 28.226 V
[LIFT] V_Compute: 28.806 V
[LIFT] V_Motors: 28.222 V
[LIFT] V_Compute: 28.795 V
[LIFT] V_Motors: 28.222 V
[LIFT] V_Compute: 28.808 V
[LIFT] V_Motors: 28.220 V
[LIFT] V_Compute: 28.802 V
[LIFT] V_Motors: 28.225 V
[LIFT] V_Compute: 28.805 V
[LIFT] V_Motors: 28.221 V
[LIFT] V_Compute: 28.804 V
[LIFT] V_Motors: 28.222 V
[LIFT] V_Compute: 28.808 V
[LIFT] V_Motors: 28.225 V
[LIFT] V_Compute: 28.802 V
[LIFT] V_Motors: 28.226 V
[LIFT] V_Compute: 28.804 V
[LIFT] V_Motors: 28.225 V
[LIFT] V_Compute: 28.804 V
[LIFT] V_Motors: 28.226 V
[LIFT] V_Compute: 28.810 V
[LIFT] V_Motors: 28.225 V
[LIFT] V_Compute: 28.790 V
[LIFT] V_Motors: 28.224 V
[LIFT] V_Compute: 28.800 V
[LIFT] V_Motors: 28.219 V
[LIFT] V_Compute: 28.808 V
[LIFT] V_Motors: 28.220 V
[LIFT] V_Compute: 28.804 V
[LIFT] V_Motors: 28.225 V
[LIFT] V_Compute: 28.804 V
[LIFT] V_Motors: 28.224 V
[LIFT] V_Compute: 28.802 V
[LIFT] V_Motors: 28.222 V
[LIFT] V_Compute: 28.800 V
[LIFT] V_Motors: 28.222 V
[LIFT] V_Compute: 28.795 V
[LIFT] V_Motors: 28.224 V
[LIFT] V_Compute: 28.802 V
[LIFT] V_Motors: 28.216 V
[LIFT] V_Compute: 28.799 V
[LIFT] V_Motors: 28.222 V
[LIFT] V_Compute: 28.806 V
[LIFT] V_Motors: 28.221 V
[LIFT] V_Compute: 28.801 V
[LIFT] V_Motors: 28.222 V
[LIFT] V_Compute: 28.805 V
[LIFT] V_Motors: 28.220 V
[LIFT] V_Compute: 28.808 V
[LIFT] V_Motors: 28.225 V
[LIFT] V_Compute: 28.804 V
[LIFT] V_Motors: 28.219 V
[LIFT] V_Compute: 28.802 V
[LIFT] V_Motors: 28.220 V
[LIFT] V_Compute: 28.808 V
[LIFT] V_Motors: 28.222 V
[LIFT] V_Compute: 28.805 V
[LIFT] V_Motors: 28.224 V
[LIFT] V_Compute: 28.798 V
[LIFT] V_Motors: 28.220 V
[LIFT] V_Compute: 28.791 V
[LIFT] V_Motors: 28.212 V
[LIFT] V_Compute: 28.798 V
[LIFT] V_Motors: 28.221 V
[LIFT] V_Compute: 28.795 V
[LIFT] V_Motors: 28.219 V
[LIFT] V_Compute: 28.799 V
[LIFT] V_Motors: 28.225 V
[LIFT] V_Compute: 28.809 V
[LIFT] V_Motors: 28.219 V
[LIFT] V_Compute: 28.795 V
[LIFT] V_Motors: 28.215 V
[LIFT] V_Compute: 28.802 V
[LIFT] V_Motors: 28.222 V
[LIFT] V_Compute: 28.799 V
[LIFT] V_Motors: 28.222 V
[LIFT] V_Compute: 28.800 V
[LIFT] V_Motors: 28.226 V
[LIFT] V_Compute: 28.800 V
[LIFT] V_Motors: 28.221 V
[LIFT] V_Compute: 28.800 V
[LIFT] V_Motors: 28.222 V
[LIFT] V_Compute: 28.806 V
[LIFT] V_Motors: 28.222 V
[LIFT] V_Compute: 28.806 V
[LIFT] V_Motors: 28.221 V
[LIFT] V_Compute: 28.804 V
[LIFT] V_Motors: 28.224 V
[LIFT] V_Compute: 28.801 V
[LIFT] V_Motors: 28.222 V
[LIFT] V_Compute: 28.801 V
[LIFT] V_Motors: 28.224 V
[LIFT] V_Compute: 28.804 V
[LIFT] V_Motors: 28.224 V
[LIFT] V_Compute: 28.802 V
[LIFT] V_Motors: 28.220 V
[LIFT] V_Compute: 28.804 V
[LIFT] V_Motors: 28.221 V
[LIFT] V_Compute: 28.802 V
[LIFT] V_Motors: 28.220 V
[LIFT] V_Compute: 28.801 V
[LIFT] V_Motors: 28.222 V
[LIFT] V_Compute: 28.804 V
[LIFT] V_Motors: 28.221 V
[LIFT] V_Compute: 28.799 V
[LIFT] V_Motors: 28.222 V
[LIFT] V_Compute: 28.802 V
[LIFT] V_Motors: 28.221 V
[LIFT] V_Compute: 28.799 V
[LIFT] V_Motors: 28.225 V
[LIFT] V_Compute: 28.801 V
[LIFT] V_Motors: 28.215 V
[LIFT] V_Compute: 28.800 V
[LIFT] V_Motors: 28.219 V
[LIFT] V_Compute: 28.801 V
[LIFT] V_Motors: 28.220 V
[LIFT] V_Compute: 28.802 V
[LIFT] V_Motors: 28.219 V
[LIFT] V_Compute: 28.800 V
[LIFT] V_Motors: 28.224 V
[LIFT] V_Compute: 28.802 V
[LIFT] V_Motors: 28.222 V
[LIFT] V_Compute: 28.804 V
[LIFT] V_Motors: 28.221 V
[LIFT] V_Compute: 28.800 V
[LIFT] V_Motors: 28.219 V
[LIFT] V_Compute: 28.805 V
[LIFT] V_Motors: 28.216 V
[LIFT] V_Compute: 28.800 V
[LIFT] V_Motors: 28.219 V
[LIFT] V_Compute: 28.798 V
[LIFT] V_Motors: 28.220 V
[LIFT] V_Compute: 28.805 V
[LIFT] V_Motors: 28.221 V
[LIFT] V_Compute: 28.788 V
[LIFT] V_Motors: 28.218 V
[LIFT] V_Compute: 28.804 V
[LIFT] V_Motors: 28.221 V
[LIFT] V_Compute: 28.791 V
[LIFT] V_Motors: 28.215 V
[LIFT] V_Compute: 28.808 V
[LIFT] V_Motors: 28.225 V
[LIFT] V_Compute: 28.802 V
[LIFT] V_Motors: 28.220 V
[LIFT] V_Compute: 28.795 V
[LIFT] V_Motors: 28.216 V
[LIFT] V_Compute: 28.802 V
[LIFT] V_Motors: 28.224 V
[LIFT] V_Compute: 28.802 V
[LIFT] V_Motors: 28.219 V
[LIFT] V_Compute: 28.792 V
[LIFT] V_Motors: 28.215 V
[LIFT] V_Compute: 28.804 V
[LIFT] V_Motors: 28.222 V
[LIFT] V_Compute: 28.796 V
[LIFT] V_Motors: 28.216 V
[LIFT] V_Compute: 28.799 V
[LIFT] V_Motors: 28.221 V
[LIFT] V_Compute: 28.788 V
[LIFT] V_Motors: 28.209 V
[LIFT] V_Compute: 28.799 V
[LIFT] V_Motors: 28.220 V
[LIFT] V_Compute: 28.794 V
[LIFT] V_Motors: 28.220 V
[LIFT] V_Compute: 28.800 V
[LIFT] V_Motors: 28.222 V
[LIFT] V_Compute: 28.800 V
[LIFT] V_Motors: 28.221 V
[LIFT] V_Compute: 28.805 V
[LIFT] V_Motors: 28.222 V
[LIFT] V_Compute: 28.782 V
[LIFT] V_Motors: 28.211 V
[LIFT] V_Compute: 28.802 V
[LIFT] V_Motors: 28.224 V
[LIFT] V_Compute: 28.788 V
[LIFT] V_Motors: 28.220 V
[LIFT] V_Compute: 28.802 V
[LIFT] V_Motors: 28.220 V
[LIFT] V_Compute: 28.802 V
[LIFT] V_Motors: 28.216 V
[LIFT] V_Compute: 28.802 V
[LIFT] V_Motors: 28.219 V
[LIFT] V_Compute: 28.801 V
[LIFT] V_Motors: 28.211 V
[LIFT] V_Compute: 28.800 V
[LIFT] V_Motors: 28.224 V
[LIFT] V_Compute: 28.791 V
[LIFT] V_Motors: 28.214 V
[LIFT] V_Compute: 28.802 V
[LIFT] V_Motors: 28.220 V
[LIFT] V_Compute: 28.799 V
[LIFT] V_Motors: 28.224 V
[LIFT] V_Compute: 28.799 V
[LIFT] V_Motors: 28.222 V
[LIFT] V_Compute: 28.800 V
[LIFT] V_Motors: 28.225 V
[LIFT] V_Compute: 28.804 V
[LIFT] V_Motors: 28.224 V
[LIFT] V_Compute: 28.801 V
[LIFT] V_Motors: 28.211 V
[LIFT] V_Compute: 28.802 V
[LIFT] V_Motors: 28.219 V
[LIFT] V_Compute: 28.798 V
[LIFT] V_Motors: 28.215 V
[LIFT] V_Compute: 28.802 V
[LIFT] V_Motors: 28.220 V
[LIFT] V_Compute: 28.802 V
[LIFT] V_Motors: 28.221 V
[LIFT] V_Compute: 28.798 V
[LIFT] V_Motors: 28.221 V
[LIFT] V_Compute: 28.798 V
[LIFT] V_Motors: 28.224 V
[LIFT] V_Compute: 28.799 V
[LIFT] V_Motors: 28.220 V
[LIFT] V_Compute: 28.802 V
[LIFT] V_Motors: 28.222 V
[LIFT] V_Compute: 28.792 V
[LIFT] V_Motors: 28.216 V
[LIFT] V_Compute: 28.802 V
[LIFT] V_Motors: 28.225 V
[LIFT] V_Compute: 28.802 V
[LIFT] V_Motors: 28.228 V
[LIFT] V_Compute: 28.799 V
[LIFT] V_Motors: 28.221 V
[LIFT] V_Compute: 28.801 V
[LIFT] V_Motors: 28.222 V
[LIFT] V_Compute: 28.798 V
[LIFT] V_Motors: 28.215 V
[LIFT] V_Compute: 28.808 V
[LIFT] V_Motors: 28.221 V
[LIFT] V_Compute: 28.804 V
[LIFT] V_Motors: 28.222 V
[LIFT] V_Compute: 28.806 V
[LIFT] V_Motors: 28.222 V
[LIFT] V_Compute: 28.801 V
[LIFT] V_Motors: 28.214 V
[LIFT] V_Compute: 28.805 V
[LIFT] V_Motors: 28.225 V
[LIFT] V_Compute: 28.800 V
[LIFT] V_Motors: 28.225 V
[LIFT] V_Compute: 28.801 V
[LIFT] V_Motors: 28.222 V
[LIFT] V_Compute: 28.805 V
[LIFT] V_Motors: 28.219 V
[LIFT] V_Compute: 28.806 V
[LIFT] V_Motors: 28.221 V
[LIFT] V_Compute: 28.798 V
[LIFT] V_Motors: 28.225 V
[LIFT] V_Compute: 28.799 V
[LIFT] V_Motors: 28.220 V
[LIFT] V_Compute: 28.805 V
[LIFT] V_Motors: 28.221 V
[LIFT] V_Compute: 28.800 V
[LIFT] V_Motors: 28.220 V
[LIFT] V_Compute: 28.798 V
[LIFT] V_Motors: 28.224 V
[LIFT] V_Compute: 28.800 V
[LIFT] V_Motors: 28.220 V
[LIFT] V_Compute: 28.800 V
[LIFT] V_Motors: 28.218 V
[LIFT] V_Compute: 28.801 V
[LIFT] V_Motors: 28.220 V
[LIFT] V_Compute: 28.796 V
[LIFT] V_Motors: 28.224 V
[LIFT] V_Compute: 28.802 V
[LIFT] V_Motors: 28.219 V
[LIFT] V_Compute: 28.798 V
[LIFT] V_Motors: 28.219 V
[LIFT] V_Compute: 28.798 V
[LIFT] V_Motors: 28.222 V
[LIFT] V_Compute: 28.804 V
[LIFT] V_Motors: 28.216 V
[LIFT] V_Compute: 28.796 V
[LIFT] V_Motors: 28.222 V
[LIFT] V_Compute: 28.805 V
[LIFT] V_Motors: 28.221 V
[LIFT] V_Compute: 28.804 V
[LIFT] V_Motors: 28.221 V
[LIFT] V_Compute: 28.804 V
[LIFT] V_Motors: 28.222 V
[LIFT] V_Compute: 28.801 V
[LIFT] V_Motors: 28.220 V
[LIFT] V_Compute: 28.805 V
[LIFT] V_Motors: 28.220 V
[LIFT] V_Compute: 28.804 V
[LIFT] V_Motors: 28.215 V
[LIFT] V_Compute: 28.800 V
[LIFT] V_Motors: 28.219 V
[LIFT] V_Compute: 28.802 V
[LIFT] V_Motors: 28.219 V
[LIFT] V_Compute: 28.804 V
[LIFT] V_Motors: 28.221 V
[LIFT] V_Compute: 28.799 V
[LIFT] V_Motors: 28.222 V
[LIFT] V_Compute: 28.799 V
[LIFT] V_Motors: 28.216 V
[LIFT] V_Compute: 28.804 V
[LIFT] V_Motors: 28.216 V
[LIFT] V_Compute: 28.799 V
[LIFT] V_Motors: 28.218 V
[LIFT] V_Compute: 28.802 V
[LIFT] V_Motors: 28.216 V
[LIFT] V_Compute: 28.794 V
[LIFT] V_Motors: 28.221 V
[LIFT] V_Compute: 28.791 V
[LIFT] V_Motors: 28.214 V
[LIFT] V_Compute: 28.801 V
[LIFT] V_Motors: 28.224 V
[LIFT] V_Compute: 28.805 V
[LIFT] V_Motors: 28.221 V
[LIFT] V_Compute: 28.798 V
[LIFT] V_Motors: 28.225 V
[LIFT] V_Compute: 28.798 V
[LIFT] V_Motors: 28.222 V
[LIFT] V_Compute: 28.781 V
[LIFT] V_Motors: 28.204 V
[LIFT] V_Compute: 28.802 V
[LIFT] V_Motors: 28.218 V
[LIFT] V_Compute: 28.795 V
[LIFT] V_Motors: 28.219 V
[LIFT] V_Compute: 28.798 V
[LIFT] V_Motors: 28.225 V
[LIFT] V_Compute: 28.800 V
[LIFT] V_Motors: 28.214 V
[LIFT] V_Compute: 28.802 V
[LIFT] V_Motors: 28.220 V
[LIFT] V_Compute: 28.801 V
[LIFT] V_Motors: 28.219 V
[LIFT] V_Compute: 28.799 V
[LIFT] V_Motors: 28.219 V
[LIFT] V_Compute: 28.799 V
[LIFT] V_Motors: 28.220 V
[LIFT] V_Compute: 28.800 V
[LIFT] V_Motors: 28.221 V
[LIFT] V_Compute: 28.801 V
[LIFT] V_Motors: 28.221 V
[LIFT] V_Compute: 28.804 V
[LIFT] V_Motors: 28.221 V
[LIFT] V_Compute: 28.810 V
[LIFT] V_Motors: 28.220 V
[LIFT] V_Compute: 28.799 V
[LIFT] V_Motors: 28.221 V
[LIFT] V_Compute: 28.805 V
[LIFT] V_Motors: 28.220 V
[LIFT] V_Compute: 28.801 V
[LIFT] V_Motors: 28.219 V
[LIFT] V_Compute: 28.799 V
[LIFT] V_Motors: 28.220 V
[LIFT] V_Compute: 28.799 V
[LIFT] V_Motors: 28.219 V
[LIFT] V_Compute: 28.799 V
[LIFT] V_Motors: 28.220 V
[LIFT] V_Compute: 28.799 V
[LIFT] V_Motors: 28.221 V
[LIFT] V_Compute: 28.799 V
[LIFT] V_Motors: 28.219 V
[LIFT] V_Compute: 28.801 V
[LIFT] V_Motors: 28.219 V
[LIFT] V_Compute: 28.800 V
[LIFT] V_Motors: 28.222 V
[LIFT] V_Compute: 28.800 V
[LIFT] V_Motors: 28.218 V
[LIFT] V_Compute: 28.796 V
[LIFT] V_Motors: 28.221 V
[LIFT] V_Compute: 28.796 V
[LIFT] V_Motors: 28.224 V
[LIFT] V_Compute: 28.800 V
[LIFT] V_Motors: 28.222 V
[LIFT] V_Compute: 28.802 V
[LIFT] V_Motors: 28.219 V
[LIFT] V_Compute: 28.805 V
[LIFT] V_Motors: 28.220 V
[LIFT] V_Compute: 28.795 V
[LIFT] V_Motors: 28.224 V
[LIFT] V_Compute: 28.808 V
[LIFT] V_Motors: 28.218 V
[LIFT] V_Compute: 28.794 V
[LIFT] V_Motors: 28.219 V
[LIFT] V_Compute: 28.801 V
[LIFT] V_Motors: 28.218 V
[LIFT] V_Compute: 28.801 V
[LIFT] V_Motors: 28.218 V
[LIFT] V_Compute: 28.796 V
[LIFT] V_Motors: 28.209 V
[LIFT] V_Compute: 28.799 V
[LIFT] V_Motors: 28.222 V
[LIFT] V_Compute: 28.796 V
[LIFT] V_Motors: 28.216 V
[LIFT] V_Compute: 28.800 V
[LIFT] V_Motors: 28.221 V
[LIFT] V_Compute: 28.800 V
[LIFT] V_Motors: 28.219 V
[LIFT] V_Compute: 28.799 V
[LIFT] V_Motors: 28.218 V
[LIFT] V_Compute: 28.801 V
[LIFT] V_Motors: 28.224 V
[LIFT] V_Compute: 28.802 V
[LIFT] V_Motors: 28.221 V
[LIFT] V_Compute: 28.785 V
[LIFT] V_Motors: 28.205 V
[LIFT] V_Compute: 28.780 V
[LIFT] V_Motors: 28.199 V
[LIFT] V_Compute: 28.800 V
[LIFT] V_Motors: 28.221 V
[LIFT] V_Compute: 28.801 V
[LIFT] V_Motors: 28.221 V
[LIFT] V_Compute: 28.799 V
[LIFT] V_Motors: 28.224 V
[LIFT] V_Compute: 28.804 V
[LIFT] V_Motors: 28.221 V
[LIFT] V_Compute: 28.798 V
[LIFT] V_Motors: 28.218 V
[LIFT] V_Compute: 28.799 V
[LIFT] V_Motors: 28.218 V
[LIFT] V_Compute: 28.796 V
[LIFT] V_Motors: 28.220 V
[LIFT] V_Compute: 28.799 V
[LIFT] V_Motors: 28.221 V
[LIFT] V_Compute: 28.800 V
[LIFT] V_Motors: 28.216 V
[LIFT] V_Compute: 28.801 V
[LIFT] V_Motors: 28.220 V
[LIFT] V_Compute: 28.802 V
[LIFT] V_Motors: 28.214 V
[LIFT] V_Compute: 28.804 V
[LIFT] V_Motors: 28.221 V
[LIFT] V_Compute: 28.792 V
[LIFT] V_Motors: 28.215 V
[LIFT] V_Compute: 28.796 V
[LIFT] V_Motors: 28.224 V
[LIFT] V_Compute: 28.798 V
[LIFT] V_Motors: 28.220 V
[LIFT] V_Compute: 28.794 V
[LIFT] V_Motors: 28.218 V
[LIFT] V_Compute: 28.800 V
[LIFT] V_Motors: 28.215 V
[LIFT] V_Compute: 28.801 V
[LIFT] V_Motors: 28.220 V
[LIFT] V_Compute: 28.801 V
[LIFT] V_Motors: 28.219 V
[LIFT] V_Compute: 28.800 V
[LIFT] V_Motors: 28.220 V
[LIFT] V_Compute: 28.800 V
[LIFT] V_Motors: 28.218 V
[LIFT] V_Compute: 28.799 V
[LIFT] V_Motors: 28.216 V
[LIFT] V_Compute: 28.801 V
[LIFT] V_Motors: 28.226 V
[LIFT] V_Compute: 28.808 V
[LIFT] V_Motors: 28.220 V
[LIFT] V_Compute: 28.791 V
[LIFT] V_Motors: 28.215 V
[LIFT] V_Compute: 28.799 V
[LIFT] V_Motors: 28.216 V
[LIFT] V_Compute: 28.799 V
[LIFT] V_Motors: 28.219 V
[LIFT] V_Compute: 28.802 V
[LIFT] V_Motors: 28.222 V
[LIFT] V_Compute: 28.795 V
[LIFT] V_Motors: 28.219 V
[LIFT] V_Compute: 28.795 V
[LIFT] V_Motors: 28.218 V
[LIFT] V_Compute: 28.802 V
[LIFT] V_Motors: 28.218 V
[LIFT] V_Compute: 28.800 V
[LIFT] V_Motors: 28.220 V
[LIFT] V_Compute: 28.795 V
[LIFT] V_Motors: 28.222 V
[LIFT] V_Compute: 28.800 V
[LIFT] V_Motors: 28.218 V
[LIFT] V_Compute: 28.781 V
[LIFT] V_Motors: 28.211 V
[LIFT] V_Compute: 28.802 V
[LIFT] V_Motors: 28.220 V
[LIFT] V_Compute: 28.805 V
[LIFT] V_Motors: 28.222 V
[LIFT] V_Compute: 28.799 V
[LIFT] V_Motors: 28.220 V
[LIFT] V_Compute: 28.798 V
[LIFT] V_Motors: 28.221 V
[LIFT] V_Compute: 28.801 V
[LIFT] V_Motors: 28.219 V
[LIFT] V_Compute: 28.798 V
[LIFT] V_Motors: 28.222 V
[LIFT] V_Compute: 28.799 V
[LIFT] V_Motors: 28.221 V
[LIFT] V_Compute: 28.796 V
[LIFT] V_Motors: 28.219 V
[LIFT] V_Compute: 28.801 V
[LIFT] V_Motors: 28.219 V
[LIFT] V_Compute: 28.800 V
[LIFT] V_Motors: 28.221 V
[LIFT] V_Compute: 28.798 V
[LIFT] V_Motors: 28.219 V
[LIFT] V_Compute: 28.800 V
[LIFT] V_Motors: 28.219 V
[LIFT] V_Compute: 28.800 V
[LIFT] V_Motors: 28.211 V
[LIFT] V_Compute: 28.799 V
[LIFT] V_Motors: 28.219 V
[LIFT] V_Compute: 28.796 V
[LIFT] V_Motors: 28.219 V
[LIFT] V_Compute: 28.794 V
[LIFT] V_Motors: 28.210 V
[LIFT] V_Compute: 28.795 V
[LIFT] V_Motors: 28.211 V
[LIFT] V_Compute: 28.792 V
[LIFT] V_Motors: 28.214 V
[LIFT] V_Compute: 28.791 V
[LIFT] V_Motors: 28.222 V
[LIFT] V_Compute: 28.798 V
[LIFT] V_Motors: 28.219 V
[LIFT] V_Compute: 28.804 V
[LIFT] V_Motors: 28.219 V
[LIFT] V_Compute: 28.798 V
[LIFT] V_Motors: 28.218 V
[LIFT] V_Compute: 28.798 V
[LIFT] V_Motors: 28.216 V
[LIFT] V_Compute: 28.800 V
[LIFT] V_Motors: 28.220 V
[LIFT] V_Compute: 28.796 V
[LIFT] V_Motors: 28.211 V
[LIFT] V_Compute: 28.801 V
[LIFT] V_Motors: 28.216 V
[LIFT] V_Compute: 28.799 V
[LIFT] V_Motors: 28.216 V
[LIFT] V_Compute: 28.799 V
[LIFT] V_Motors: 28.214 V
[LIFT] V_Compute: 28.791 V
[LIFT] V_Motors: 28.216 V
[LIFT] V_Compute: 28.799 V
[LIFT] V_Motors: 28.219 V
[LIFT] V_Compute: 28.800 V
[LIFT] V_Motors: 28.221 V
[LIFT] V_Compute: 28.795 V
[LIFT] V_Motors: 28.218 V
[LIFT] V_Compute: 28.798 V
[LIFT] V_Motors: 28.220 V
[LIFT] V_Compute: 28.796 V
[LIFT] V_Motors: 28.212 V
[LIFT] V_Compute: 28.799 V
[LIFT] V_Motors: 28.215 V
[LIFT] V_Compute: 28.792 V
[LIFT] V_Motors: 28.215 V
[LIFT] V_Compute: 28.796 V
[LIFT] V_Motors: 28.218 V
[LIFT] V_Compute: 28.799 V
[LIFT] V_Motors: 28.216 V
[LIFT] V_Compute: 28.776 V
[LIFT] V_Motors: 28.200 V
[LIFT] V_Compute: 28.798 V
[LIFT] V_Motors: 28.219 V
[LIFT] V_Compute: 28.795 V
[LIFT] V_Motors: 28.214 V
[LIFT] V_Compute: 28.800 V
[LIFT] V_Motors: 28.214 V
[LIFT] V_Compute: 28.790 V
[LIFT] V_Motors: 28.215 V
[LIFT] V_Compute: 28.798 V
[LIFT] V_Motors: 28.218 V
[LIFT] V_Compute: 28.796 V
[LIFT] V_Motors: 28.220 V
[LIFT] V_Compute: 28.801 V
[LIFT] V_Motors: 28.221 V
[LIFT] V_Compute: 28.798 V
[LIFT] V_Motors: 28.221 V
[LIFT] V_Compute: 28.799 V
[LIFT] V_Motors: 28.220 V
[LIFT] V_Compute: 28.798 V
[LIFT] V_Motors: 28.221 V
[LIFT] V_Compute: 28.796 V
[LIFT] V_Motors: 28.208 V
[LIFT] V_Compute: 28.800 V
[LIFT] V_Motors: 28.209 V
[LIFT] V_Compute: 28.788 V
[LIFT] V_Motors: 28.208 V
[LIFT] V_Compute: 28.792 V
[LIFT] V_Motors: 28.210 V
[LIFT] V_Compute: 28.786 V
[LIFT] V_Motors: 28.201 V
[LIFT] V_Compute: 28.788 V
[LIFT] V_Motors: 28.209 V
[LIFT] V_Compute: 28.782 V
[LIFT] V_Motors: 28.208 V
[LIFT] V_Compute: 28.785 V
[LIFT] V_Motors: 28.211 V
[LIFT] V_Compute: 28.782 V
[LIFT] V_Motors: 28.208 V
[LIFT] V_Compute: 28.780 V
[LIFT] V_Motors: 28.208 V
[LIFT] V_Compute: 28.785 V
[LIFT] V_Motors: 28.209 V
[LIFT] V_Compute: 28.788 V
[LIFT] V_Motors: 28.206 V
[LIFT] V_Compute: 28.792 V
[LIFT] V_Motors: 28.209 V
[LIFT] V_Compute: 28.770 V
[LIFT] V_Motors: 28.205 V
[LIFT] V_Compute: 28.786 V
[LIFT] V_Motors: 28.208 V
[LIFT] V_Compute: 28.790 V
[LIFT] V_Motors: 28.209 V
[LIFT] V_Compute: 28.777 V
[LIFT] V_Motors: 28.209 V
[LIFT] V_Compute: 28.785 V
[LIFT] V_Motors: 28.208 V
[LIFT] V_Compute: 28.791 V
[LIFT] V_Motors: 28.206 V
[LIFT] V_Compute: 28.786 V
[LIFT] V_Motors: 28.201 V
[LIFT] V_Compute: 28.786 V
[LIFT] V_Motors: 28.202 V
[LIFT] V_Compute: 28.779 V
[LIFT] V_Motors: 28.204 V
[LIFT] V_Compute: 28.789 V
[LIFT] V_Motors: 28.210 V
[LIFT] V_Compute: 28.788 V
[LIFT] V_Motors: 28.205 V
[LIFT] V_Compute: 28.788 V
[LIFT] V_Motors: 28.200 V
[LIFT] V_Compute: 28.789 V
[LIFT] V_Motors: 28.202 V
[LIFT] V_Compute: 28.788 V
[LIFT] V_Motors: 28.210 V
[LIFT] V_Compute: 28.786 V
[LIFT] V_Motors: 28.206 V
[LIFT] V_Compute: 28.765 V
[LIFT] V_Motors: 28.190 V
[LIFT] V_Compute: 28.790 V
[LIFT] V_Motors: 28.208 V
[LIFT] V_Compute: 28.785 V
[LIFT] V_Motors: 28.210 V
[LIFT] V_Compute: 28.791 V
[LIFT] V_Motors: 28.210 V
[LIFT] V_Compute: 28.784 V
[LIFT] V_Motors: 28.208 V
[LIFT] V_Compute: 28.779 V
[LIFT] V_Motors: 28.196 V
[LIFT] V_Compute: 28.769 V
[LIFT] V_Motors: 28.187 V
[LIFT] V_Compute: 28.775 V
[LIFT] V_Motors: 28.197 V
[LIFT] V_Compute: 28.769 V
[LIFT] V_Motors: 28.197 V
[LIFT] V_Compute: 28.776 V
[LIFT] V_Motors: 28.194 V
[LIFT] V_Compute: 28.781 V
[LIFT] V_Motors: 28.200 V
[LIFT] V_Compute: 28.780 V
[LIFT] V_Motors: 28.209 V
[LIFT] V_Compute: 28.781 V
[LIFT] V_Motors: 28.205 V
[LIFT] V_Compute: 28.782 V
[LIFT] V_Motors: 28.204 V
[LIFT] V_Compute: 28.784 V
[LIFT] V_Motors: 28.202 V
[LIFT] V_Compute: 28.784 V
[LIFT] V_Motors: 28.201 V
SLAM pose subscriber initialized
[YOR] follow_path: n=23 first=(-0.018699997663497947, 0.007400035858153409) last=(4.581300002336502, -0.6425999641418461)
[LIFT] V_Compute: 28.781 V
[LIFT] V_Motors: 28.154 V
[YOR] follow_path: n=23 first=(0.0313000023365021, 0.007400035858153409) last=(4.581300002336502, -0.6425999641418461)
[LIFT] V_Compute: 28.788 V
[LIFT] V_Motors: 28.174 V
[YOR] follow_path: n=21 first=(0.18130000233650212, 0.007400035858153409) last=(4.581300002336502, -0.6425999641418461)
[LIFT] V_Compute: 28.791 V
[LIFT] V_Motors: 28.173 V
[YOR] follow_path: n=20 first=(0.3813000023365021, 0.007400035858153409) last=(4.581300002336502, -0.6425999641418461)
[LIFT] V_Compute: 28.779 V
[LIFT] V_Motors: 28.177 V
[YOR] follow_path: n=19 first=(0.581300002336502, 0.007400035858153409) last=(4.581300002336502, -0.6425999641418461)
[LIFT] V_Compute: 28.782 V
[LIFT] V_Motors: 28.173 V
[LIFT] V_Compute: 28.784 V
[LIFT] V_Motors: 28.180 V
[YOR] follow_path: n=20 first=(0.7813000023365022, 0.007400035858153409) last=(4.581300002336502, -0.6425999641418461)
[LIFT] V_Compute: 28.780 V
[LIFT] V_Motors: 28.169 V
[YOR] follow_path: n=18 first=(0.9313000023365021, 0.007400035858153409) last=(4.581300002336502, -0.6425999641418461)
[LIFT] V_Compute: 28.784 V
[LIFT] V_Motors: 28.175 V
[YOR] follow_path: n=17 first=(1.131300002336502, 0.007400035858153409) last=(4.581300002336502, -0.6425999641418461)
[LIFT] V_Compute: 28.785 V
[LIFT] V_Motors: 28.174 V
[YOR] follow_path: n=16 first=(1.331300002336502, -0.042599964141846414) last=(4.581300002336502, -0.6425999641418461)
[LIFT] V_Compute: 28.789 V
[LIFT] V_Motors: 28.163 V
[YOR] follow_path: n=16 first=(1.481300002336502, -0.09259996414184624) last=(4.581300002336502, -0.6425999641418461)
[LIFT] V_Compute: 28.782 V
[LIFT] V_Motors: 28.176 V
[YOR] follow_path: n=15 first=(1.731300002336502, -0.14259996414184606) last=(4.581300002336502, -0.6425999641418461)
[LIFT] V_Compute: 28.786 V
[LIFT] V_Motors: 28.165 V
[YOR] follow_path: n=15 first=(1.8813000023365023, -0.2425999641418466) last=(4.581300002336502, -0.6425999641418461)
[LIFT] V_Compute: 28.786 V
[LIFT] V_Motors: 28.161 V
[YOR] follow_path: n=13 first=(2.0813000023365023, -0.2925999641418464) last=(4.581300002336502, -0.6425999641418461)
[LIFT] V_Compute: 28.788 V
[LIFT] V_Motors: 28.161 V
[YOR] follow_path: n=13 first=(2.2813000023365024, -0.2425999641418466) last=(4.581300002336502, -0.6425999641418461)
[LIFT] V_Compute: 28.788 V
[LIFT] V_Motors: 28.166 V
[YOR] follow_path: n=10 first=(2.431300002336502, -0.2925999641418464) last=(4.581300002336502, -0.6425999641418461)
[LIFT] V_Compute: 28.786 V
[LIFT] V_Motors: 28.173 V
[YOR] follow_path: n=11 first=(2.5813000023365023, -0.2925999641418464) last=(4.581300002336502, -0.6425999641418461)
[LIFT] V_Compute: 28.781 V
[LIFT] V_Motors: 28.142 V
[YOR] follow_path: n=10 first=(2.7813000023365024, -0.2925999641418464) last=(4.581300002336502, -0.6425999641418461)
[LIFT] V_Compute: 28.788 V
[LIFT] V_Motors: 28.154 V
[YOR] follow_path: n=9 first=(2.931300002336502, -0.39259996414184606) last=(4.581300002336502, -0.6425999641418461)
[LIFT] V_Compute: 28.782 V
[LIFT] V_Motors: 28.132 V
[YOR] follow_path: n=9 first=(3.131300002336502, -0.4925999641418466) last=(4.581300002336502, -0.6425999641418461)
[LIFT] V_Compute: 28.788 V
[LIFT] V_Motors: 28.181 V
[YOR] follow_path: n=7 first=(3.3313000023365023, -0.4925999641418466) last=(4.581300002336502, -0.6425999641418461)
[LIFT] V_Compute: 28.784 V
[LIFT] V_Motors: 28.163 V
[YOR] follow_path: n=6 first=(3.5313000023365024, -0.5425999641418464) last=(4.581300002336502, -0.6425999641418461)
[LIFT] V_Compute: 28.784 V
[LIFT] V_Motors: 28.173 V
[LIFT] V_Compute: 28.788 V
[LIFT] V_Motors: 28.163 V
[YOR] follow_path: n=5 first=(3.7313000023365026, -0.5925999641418462) last=(4.581300002336502, -0.6425999641418461)
[LIFT] V_Compute: 28.774 V
[LIFT] V_Motors: 28.166 V
[YOR] follow_path: n=4 first=(3.881300002336502, -0.5425999641418464) last=(4.581300002336502, -0.6425999641418461)
[LIFT] V_Compute: 28.785 V
[LIFT] V_Motors: 28.171 V
[YOR] follow_path: n=4 first=(4.081300002336502, -0.5425999641418464) last=(4.581300002336502, -0.6425999641418461)
[LIFT] V_Compute: 28.779 V
[LIFT] V_Motors: 28.175 V
[YOR] follow_path: n=3 first=(4.231300002336503, -0.5925999641418462) last=(4.581300002336502, -0.6425999641418461)
[LIFT] V_Compute: 28.785 V
[LIFT] V_Motors: 28.206 V
[YOR] follow_path: n=2 first=(4.431300002336503, -0.6425999641418461) last=(4.581300002336502, -0.6425999641418461)
[LIFT] V_Compute: 28.777 V
[LIFT] V_Motors: 28.165 V
[YOR] follow_path: n=2 first=(4.531300002336502, -0.6425999641418461) last=(4.581300002336502, -0.6425999641418461)
[YOR] follow_path: cleared
[LIFT] V_Compute: 28.785 V
[LIFT] V_Motors: 28.195 V
[LIFT] V_Compute: 28.785 V
[LIFT] V_Motors: 28.197 V
[LIFT] V_Compute: 28.789 V
[LIFT] V_Motors: 28.197 V
[LIFT] V_Compute: 28.788 V
[LIFT] V_Motors: 28.197 V
[LIFT] V_Compute: 28.786 V
[LIFT] V_Motors: 28.196 V
[LIFT] V_Compute: 28.775 V
[LIFT] V_Motors: 28.205 V
[LIFT] V_Compute: 28.784 V
[LIFT] V_Motors: 28.194 V
[LIFT] V_Compute: 28.785 V
[LIFT] V_Motors: 28.199 V
[LIFT] V_Compute: 28.785 V
[LIFT] V_Motors: 28.195 V
[LIFT] V_Compute: 28.782 V
[LIFT] V_Motors: 28.197 V
[LIFT] V_Compute: 28.782 V
[LIFT] V_Motors: 28.194 V
[LIFT] V_Compute: 28.784 V
[LIFT] V_Motors: 28.200 V
[LIFT] V_Compute: 28.781 V
[LIFT] V_Motors: 28.199 V
[LIFT] V_Compute: 28.781 V
[LIFT] V_Motors: 28.196 V
[LIFT] V_Compute: 28.777 V
[LIFT] V_Motors: 28.192 V
[LIFT] V_Compute: 28.786 V
[LIFT] V_Motors: 28.199 V
[LIFT] V_Compute: 28.781 V
[LIFT] V_Motors: 28.196 V
[LIFT] V_Compute: 28.782 V
[LIFT] V_Motors: 28.199 V
[LIFT] V_Compute: 28.788 V
[LIFT] V_Motors: 28.202 V
[LIFT] V_Compute: 28.790 V
[LIFT] V_Motors: 28.197 V
[LIFT] V_Compute: 28.786 V
[LIFT] V_Motors: 28.202 V
[LIFT] V_Compute: 28.780 V
[LIFT] V_Motors: 28.197 V
[LIFT] V_Compute: 28.782 V
[LIFT] V_Motors: 28.199 V
[YOR] follow_path: n=23 first=(4.581300002336502, -0.6425999641418461) last=(-0.018699997663497947, 0.007400035858153409)
[LIFT] V_Compute: 28.779 V
[LIFT] V_Motors: 28.151 V
[YOR] follow_path: n=23 first=(4.581300002336502, -0.6425999641418461) last=(-0.018699997663497947, 0.007400035858153409)
[LIFT] V_Compute: 28.790 V
[LIFT] V_Motors: 28.180 V
[YOR] follow_path: n=22 first=(4.531300002336502, -0.6925999641418459) last=(-0.018699997663497947, 0.007400035858153409)
[LIFT] V_Compute: 28.776 V
[LIFT] V_Motors: 28.175 V
[YOR] follow_path: n=22 first=(4.481300002336503, -0.7425999641418466) last=(-0.018699997663497947, 0.007400035858153409)
[LIFT] V_Compute: 28.786 V
[LIFT] V_Motors: 28.179 V
[YOR] follow_path: n=23 first=(4.431300002336503, -0.7925999641418464) last=(-0.018699997663497947, 0.007400035858153409)
[LIFT] V_Compute: 28.779 V
[LIFT] V_Motors: 28.177 V
[YOR] follow_path: n=22 first=(4.357500016689301, -0.7925999641418464) last=(0.00750001668930067, 0.007400035858153409)
[LIFT] V_Compute: 28.782 V
[LIFT] V_Motors: 28.163 V
[YOR] follow_path: n=22 first=(4.304700016975404, -0.7425999641418466) last=(0.004700016975402788, 0.007400035858153409)
[LIFT] V_Compute: 28.777 V
[LIFT] V_Motors: 28.161 V
[YOR] follow_path: n=22 first=(4.296900022029877, -0.6925999641418459) last=(-0.003099977970123291, 0.007400035858153409)
[LIFT] V_Compute: 28.780 V
[LIFT] V_Motors: 28.163 V
[YOR] follow_path: n=22 first=(4.289400029182435, -0.6925999641418459) last=(-0.010599970817565918, 0.007400035858153409)
[LIFT] V_Compute: 28.784 V
[LIFT] V_Motors: 28.177 V
[LIFT] V_Compute: 28.777 V
[LIFT] V_Motors: 28.146 V
[YOR] follow_path: n=22 first=(4.289400029182435, -0.6925999641418459) last=(-0.010599970817565918, 0.007400035858153409)
[LIFT] V_Compute: 28.784 V
[LIFT] V_Motors: 28.163 V
[YOR] follow_path: n=22 first=(4.239400029182435, -0.6925999641418459) last=(-0.010599970817565918, 0.007400035858153409)
[LIFT] V_Compute: 28.780 V
[LIFT] V_Motors: 28.171 V
[YOR] follow_path: n=21 first=(4.077400028705598, -0.6925999641418459) last=(-0.022599971294402943, 0.007400035858153409)
[LIFT] V_Compute: 28.789 V
[LIFT] V_Motors: 28.169 V
[YOR] follow_path: n=20 first=(3.8767000436782846, -0.6925999641418459) last=(-0.02329995632171622, 0.007400035858153409)
[LIFT] V_Compute: 28.766 V
[LIFT] V_Motors: 28.160 V
[YOR] follow_path: n=19 first=(3.6562000751495365, -0.6925999641418459) last=(0.006200075149536133, 0.007400035858153409)
[LIFT] V_Compute: 28.775 V
[LIFT] V_Motors: 28.156 V
[YOR] follow_path: n=18 first=(3.475500059127808, -0.6425999641418461) last=(-0.024499940872192205, 0.007400035858153409)
[LIFT] V_Compute: 28.767 V
[LIFT] V_Motors: 28.170 V
[YOR] follow_path: n=18 first=(3.2793000936508188, -0.5925999641418462) last=(-0.02069990634918195, 0.007400035858153409)
[LIFT] V_Compute: 28.777 V
[LIFT] V_Motors: 28.155 V
[YOR] follow_path: n=17 first=(3.1325000047683718, -0.5425999641418464) last=(-0.01749999523162815, 0.007400035858153409)
[LIFT] V_Compute: 28.775 V
[LIFT] V_Motors: 28.164 V
[YOR] follow_path: n=17 first=(2.955000042915345, -0.5425999641418464) last=(0.005000042915344505, 0.007400035858153409)
[LIFT] V_Compute: 28.784 V
[LIFT] V_Motors: 28.164 V
[YOR] follow_path: n=14 first=(2.695599937438965, -0.5425999641418464) last=(-0.004400062561034979, 0.007400035858153409)
[LIFT] V_Compute: 28.777 V
[LIFT] V_Motors: 28.166 V
[YOR] follow_path: n=14 first=(2.4794001579284677, -0.4925999641418466) last=(-0.02059984207153276, 0.007400035858153409)
[LIFT] V_Compute: 28.788 V
[LIFT] V_Motors: 28.160 V
[YOR] follow_path: n=12 first=(2.3175000667572023, -0.4425999641418459) last=(0.017500066757202504, 0.007400035858153409)
[LIFT] V_Compute: 28.779 V
[LIFT] V_Motors: 28.132 V
[YOR] follow_path: n=12 first=(2.1248001575469972, -0.4425999641418459) last=(0.024800157546997603, 0.007400035858153409)
[LIFT] V_Compute: 28.781 V
[LIFT] V_Motors: 28.166 V
[YOR] follow_path: n=11 first=(1.9611001014709482, -0.39259996414184606) last=(0.011100101470947532, 0.007400035858153409)
[LIFT] V_Compute: 28.766 V
[LIFT] V_Motors: 28.161 V
[YOR] follow_path: n=10 first=(1.7184001922607424, -0.3681000709533695) last=(0.01840019226074263, -0.01810007095336985)
[LIFT] V_Compute: 28.771 V
[LIFT] V_Motors: 28.163 V
[YOR] follow_path: n=9 first=(1.5693001747131357, -0.31610021591186577) last=(0.019300174713134943, -0.016100215911865945)
[LIFT] V_Compute: 28.774 V
[LIFT] V_Motors: 28.167 V
[LIFT] V_Compute: 28.776 V
[LIFT] V_Motors: 28.166 V
[YOR] follow_path: n=8 first=(1.3675001144409187, -0.32810010910034215) last=(0.017500114440918146, 0.021899890899657493)
[LIFT] V_Compute: 28.776 V
[LIFT] V_Motors: 28.169 V
[YOR] follow_path: n=7 first=(1.1718000888824465, -0.24559993743896502) last=(0.021800088882447, 0.004400062561034979)
[LIFT] V_Compute: 28.784 V
[LIFT] V_Motors: 28.164 V
[YOR] follow_path: n=6 first=(1.018699979782105, -0.18229990005493235) last=(0.018699979782105025, 0.017700099945067826)
[LIFT] V_Compute: 28.775 V
[LIFT] V_Motors: 28.160 V
[YOR] follow_path: n=5 first=(0.7903000354766849, -0.23229990005493217) last=(-0.009699964523314897, 0.017700099945067826)
[LIFT] V_Compute: 28.775 V
[LIFT] V_Motors: 28.174 V
[YOR] follow_path: n=4 first=(0.642400026321412, -0.13229990005493253) last=(-0.007599973678588334, 0.017700099945067826)
[LIFT] V_Compute: 28.771 V
[LIFT] V_Motors: 28.166 V
[YOR] follow_path: n=4 first=(0.4697001934051519, -0.08229990005493182) last=(0.019700193405151722, 0.017700099945067826)
[LIFT] V_Compute: 28.776 V
[LIFT] V_Motors: 28.159 V
[LIFT] V_Compute: 28.772 V
[LIFT] V_Motors: 28.164 V
[LIFT] V_Compute: 28.781 V
[LIFT] V_Motors: 28.170 V
[LIFT] V_Compute: 28.776 V
[LIFT] V_Motors: 28.170 V
[LIFT] V_Compute: 28.777 V
[LIFT] V_Motors: 28.166 V
[LIFT] V_Compute: 28.782 V
[LIFT] V_Motors: 28.174 V
[LIFT] V_Compute: 28.782 V
[LIFT] V_Motors: 28.167 V
[LIFT] V_Compute: 28.777 V
[LIFT] V_Motors: 28.192 V
[LIFT] V_Compute: 28.776 V
[LIFT] V_Motors: 28.190 V
[LIFT] V_Compute: 28.766 V
[LIFT] V_Motors: 28.180 V
[LIFT] V_Compute: 28.785 V
[LIFT] V_Motors: 28.199 V
[LIFT] V_Compute: 28.777 V
[LIFT] V_Motors: 28.151 V
[LIFT] V_Compute: 28.771 V
[LIFT] V_Motors: 28.152 V
[LIFT] V_Compute: 28.774 V
[LIFT] V_Motors: 28.179 V
[LIFT] V_Compute: 28.776 V
[LIFT] V_Motors: 28.150 V
[LIFT] V_Compute: 28.782 V
[LIFT] V_Motors: 28.192 V
[YOR] follow_path: cleared
[LIFT] V_Compute: 28.775 V
[LIFT] V_Motors: 28.192 V
[LIFT] V_Compute: 28.779 V
[LIFT] V_Motors: 28.195 V
[LIFT] V_Compute: 28.785 V
[LIFT] V_Motors: 28.194 V
[LIFT] V_Compute: 28.772 V
[LIFT] V_Motors: 28.195 V
[LIFT] V_Compute: 28.767 V
[LIFT] V_Motors: 28.183 V
[LIFT] V_Compute: 28.772 V
[LIFT] V_Motors: 28.185 V
[YOR] follow_path: n=22 first=(0.00950007438659739, 0.007400035858153409) last=(4.559500074386597, -0.6425999641418461)
[LIFT] V_Compute: 28.775 V
[LIFT] V_Motors: 28.159 V
[YOR] follow_path: n=23 first=(0.05950007438659721, 0.009400081634520774) last=(4.559500074386597, -0.6405999183654787)
[LIFT] V_Compute: 28.769 V
[LIFT] V_Motors: 28.150 V
[YOR] follow_path: n=22 first=(0.20950007438659668, 0.009400081634520774) last=(4.559500074386597, -0.6405999183654787)
[LIFT] V_Compute: 28.779 V
[LIFT] V_Motors: 28.164 V
[YOR] follow_path: n=22 first=(0.35950007438659703, 0.009400081634520774) last=(4.559500074386597, -0.6405999183654787)
[LIFT] V_Compute: 28.776 V
[LIFT] V_Motors: 28.160 V
[YOR] follow_path: n=20 first=(0.609500074386597, 0.009400081634520774) last=(4.559500074386597, -0.6405999183654787)
[LIFT] V_Compute: 28.776 V
[LIFT] V_Motors: 28.169 V
[YOR] follow_path: n=19 first=(0.7595000743865974, 0.007400035858153409) last=(4.559500074386597, -0.6425999641418461)
[LIFT] V_Compute: 28.763 V
[LIFT] V_Motors: 28.150 V
[YOR] follow_path: n=18 first=(0.9595000743865976, 0.007400035858153409) last=(4.559500074386597, -0.6425999641418461)
[LIFT] V_Compute: 28.761 V
[LIFT] V_Motors: 28.150 V
[LIFT] V_Compute: 28.753 V
[LIFT] V_Motors: 28.147 V
[YOR] follow_path: n=17 first=(1.1595000743865969, 0.007400035858153409) last=(4.559500074386597, -0.6425999641418461)
[YOR] follow_path: n=17 first=(1.3095000743865972, 0.007400035858153409) last=(4.559500074386597, -0.6425999641418461)
[LIFT] V_Compute: 28.769 V
[LIFT] V_Motors: 28.160 V
[LIFT] V_Compute: 28.769 V
[LIFT] V_Motors: 28.142 V
[YOR] follow_path: n=16 first=(1.5095000743865974, -0.09259996414184624) last=(4.559500074386597, -0.6425999641418461)
[LIFT] V_Compute: 28.777 V
[LIFT] V_Motors: 28.156 V
[YOR] follow_path: n=14 first=(1.7095000743865976, -0.09259996414184624) last=(4.559500074386597, -0.6425999641418461)
[LIFT] V_Compute: 28.769 V
[LIFT] V_Motors: 28.156 V
[YOR] follow_path: n=14 first=(1.859500074386597, -0.19259996414184588) last=(4.559500074386597, -0.6425999641418461)
[LIFT] V_Compute: 28.769 V
[LIFT] V_Motors: 28.154 V
[YOR] follow_path: n=13 first=(2.0095000743865974, -0.19259996414184588) last=(4.559500074386597, -0.6425999641418461)
[LIFT] V_Compute: 28.765 V
[LIFT] V_Motors: 28.135 V
[YOR] follow_path: n=12 first=(2.2095000743865976, -0.2925999641418464) last=(4.559500074386597, -0.6425999641418461)
[LIFT] V_Compute: 28.786 V
[LIFT] V_Motors: 28.173 V
[YOR] follow_path: n=11 first=(2.409500074386597, -0.34259996414184624) last=(4.559500074386597, -0.6425999641418461)
[LIFT] V_Compute: 28.779 V
[LIFT] V_Motors: 28.161 V
[YOR] follow_path: n=10 first=(2.609500074386597, -0.2925999641418464) last=(4.559500074386597, -0.6425999641418461)
[LIFT] V_Compute: 28.776 V
[LIFT] V_Motors: 28.149 V
[YOR] follow_path: n=9 first=(2.7595000743865974, -0.2925999641418464) last=(4.559500074386597, -0.6425999641418461)
[LIFT] V_Compute: 28.777 V
[LIFT] V_Motors: 28.157 V
[YOR] follow_path: n=9 first=(2.9595000743865976, -0.39259996414184606) last=(4.559500074386597, -0.6425999641418461)
[LIFT] V_Compute: 28.779 V
[LIFT] V_Motors: 28.154 V
[LIFT] V_Compute: 28.785 V
[LIFT] V_Motors: 28.161 V
[YOR] follow_path: n=8 first=(3.159500074386597, -0.4425999641418459) last=(4.559500074386597, -0.6425999641418461)
[LIFT] V_Compute: 28.784 V
[LIFT] V_Motors: 28.167 V
[YOR] follow_path: n=7 first=(3.359500074386597, -0.4425999641418459) last=(4.559500074386597, -0.6425999641418461)
[LIFT] V_Compute: 28.774 V
[LIFT] V_Motors: 28.151 V
[YOR] follow_path: n=6 first=(3.5095000743865974, -0.4925999641418466) last=(4.559500074386597, -0.6425999641418461)
[LIFT] V_Compute: 28.765 V
[LIFT] V_Motors: 28.145 V
[YOR] follow_path: n=6 first=(3.7095000743865976, -0.5425999641418464) last=(4.559500074386597, -0.6425999641418461)
[LIFT] V_Compute: 28.776 V
[LIFT] V_Motors: 28.150 V
[YOR] follow_path: n=4 first=(3.909500074386597, -0.4925999641418466) last=(4.559500074386597, -0.6425999641418461)
[LIFT] V_Compute: 28.788 V
[LIFT] V_Motors: 28.156 V
[YOR] follow_path: n=4 first=(4.059500074386597, -0.5925999641418462) last=(4.559500074386597, -0.6425999641418461)
[LIFT] V_Compute: 28.780 V
[LIFT] V_Motors: 28.151 V
[LIFT] V_Compute: 28.771 V
[LIFT] V_Motors: 28.190 V
[LIFT] V_Compute: 28.780 V
[LIFT] V_Motors: 28.194 V
[YOR] follow_path: cleared
[LIFT] V_Compute: 28.777 V
[LIFT] V_Motors: 28.191 V
[LIFT] V_Compute: 28.779 V
[LIFT] V_Motors: 28.177 V
[LIFT] V_Compute: 28.775 V
[LIFT] V_Motors: 28.184 V
[LIFT] V_Compute: 28.782 V
[LIFT] V_Motors: 28.184 V
[LIFT] V_Compute: 28.770 V
[LIFT] V_Motors: 28.187 V
[LIFT] V_Compute: 28.780 V
[LIFT] V_Motors: 28.194 V
[LIFT] V_Compute: 28.784 V
[LIFT] V_Motors: 28.194 V
[LIFT] V_Compute: 28.780 V
[LIFT] V_Motors: 28.186 V
[LIFT] V_Compute: 28.779 V
[LIFT] V_Motors: 28.191 V
[LIFT] V_Compute: 28.771 V
[LIFT] V_Motors: 28.184 V
[LIFT] V_Compute: 28.780 V
[LIFT] V_Motors: 28.186 V
[LIFT] V_Compute: 28.775 V
[LIFT] V_Motors: 28.190 V
[LIFT] V_Compute: 28.777 V
[LIFT] V_Motors: 28.196 V
[LIFT] V_Compute: 28.780 V
[LIFT] V_Motors: 28.189 V
[LIFT] V_Compute: 28.774 V
[LIFT] V_Motors: 28.187 V
[LIFT] V_Compute: 28.776 V
[LIFT] V_Motors: 28.194 V
[LIFT] V_Compute: 28.775 V
[LIFT] V_Motors: 28.196 V
[LIFT] V_Compute: 28.775 V
[LIFT] V_Motors: 28.187 V
[LIFT] V_Compute: 28.782 V
[LIFT] V_Motors: 28.195 V
[LIFT] V_Compute: 28.770 V
[LIFT] V_Motors: 28.194 V
[LIFT] V_Compute: 28.781 V
[LIFT] V_Motors: 28.192 V
[LIFT] V_Compute: 28.786 V
[LIFT] V_Motors: 28.192 V
[LIFT] V_Compute: 28.775 V
[LIFT] V_Motors: 28.197 V
[LIFT] V_Compute: 28.782 V
[LIFT] V_Motors: 28.199 V
[LIFT] V_Compute: 28.782 V
[LIFT] V_Motors: 28.195 V
[LIFT] V_Compute: 28.779 V
[LIFT] V_Motors: 28.196 V
[LIFT] V_Compute: 28.781 V
[LIFT] V_Motors: 28.192 V
[LIFT] V_Compute: 28.777 V
[LIFT] V_Motors: 28.194 V
[LIFT] V_Compute: 28.781 V
[LIFT] V_Motors: 28.195 V
[LIFT] V_Compute: 28.779 V
[LIFT] V_Motors: 28.197 V
[LIFT] V_Compute: 28.751 V
[LIFT] V_Motors: 28.179 V
[LIFT] V_Compute: 28.761 V
[LIFT] V_Motors: 28.195 V
[LIFT] V_Compute: 28.777 V
[LIFT] V_Motors: 28.195 V
[LIFT] V_Compute: 28.764 V
[LIFT] V_Motors: 28.195 V
[LIFT] V_Compute: 28.771 V
[LIFT] V_Motors: 28.191 V
[LIFT] V_Compute: 28.770 V
[LIFT] V_Motors: 28.195 V
[LIFT] V_Compute: 28.780 V
[LIFT] V_Motors: 28.185 V
[LIFT] V_Compute: 28.779 V
[LIFT] V_Motors: 28.192 V
[LIFT] V_Compute: 28.780 V
[LIFT] V_Motors: 28.190 V
[LIFT] V_Compute: 28.771 V
[LIFT] V_Motors: 28.187 V
[LIFT] V_Compute: 28.777 V
[LIFT] V_Motors: 28.189 V
[LIFT] V_Compute: 28.775 V
[LIFT] V_Motors: 28.189 V
[YOR] follow_path: n=23 first=(4.559500074386597, -0.6425999641418461) last=(0.00950007438659739, 0.007400035858153409)
[LIFT] V_Compute: 28.780 V
[LIFT] V_Motors: 28.149 V
[LIFT] V_Compute: 28.765 V
[LIFT] V_Motors: 28.165 V
[YOR] follow_path: n=23 first=(4.559500074386597, -0.6425999641418461) last=(0.00950007438659739, 0.007400035858153409)
[LIFT] V_Compute: 28.774 V
[LIFT] V_Motors: 28.161 V
[YOR] follow_path: n=23 first=(4.5095000743865965, -0.6925999641418459) last=(0.00950007438659739, 0.007400035858153409)
[LIFT] V_Compute: 28.777 V
[LIFT] V_Motors: 28.170 V
[YOR] follow_path: n=23 first=(4.459500074386598, -0.7425999641418466) last=(0.00950007438659739, 0.007400035858153409)
[LIFT] V_Compute: 28.780 V
[LIFT] V_Motors: 28.174 V
[YOR] follow_path: n=22 first=(4.409500074386597, -0.7925999641418464) last=(0.00950007438659739, 0.007400035858153409)
[LIFT] V_Compute: 28.770 V
[LIFT] V_Motors: 28.166 V
[YOR] follow_path: n=22 first=(4.359500074386598, -0.7425999641418466) last=(0.00950007438659739, 0.007400035858153409)
[LIFT] V_Compute: 28.766 V
[LIFT] V_Motors: 28.164 V
[YOR] follow_path: n=22 first=(4.309500074386597, -0.7425999641418466) last=(0.00950007438659739, 0.007400035858153409)
[LIFT] V_Compute: 28.777 V
[LIFT] V_Motors: 28.191 V
[YOR] follow_path: n=21 first=(4.2595000743865965, -0.6925999641418459) last=(0.00950007438659739, 0.007400035858153409)
[LIFT] V_Compute: 28.775 V
[LIFT] V_Motors: 28.187 V
[YOR] follow_path: n=22 first=(4.2595000743865965, -0.6925999641418459) last=(0.00950007438659739, 0.007400035858153409)
[LIFT] V_Compute: 28.770 V
[LIFT] V_Motors: 28.064 V
[YOR] follow_path: n=22 first=(4.2595000743865965, -0.6925999641418459) last=(0.00950007438659739, 0.007400035858153409)
[LIFT] V_Compute: 28.782 V
[LIFT] V_Motors: 28.152 V
[YOR] follow_path: n=21 first=(4.209500074386598, -0.6925999641418459) last=(0.00950007438659739, 0.007400035858153409)
[LIFT] V_Compute: 28.772 V
[LIFT] V_Motors: 28.157 V
[YOR] follow_path: n=21 first=(4.0095000743865965, -0.6925999641418459) last=(0.00950007438659739, 0.007400035858153409)
[LIFT] V_Compute: 28.772 V
[LIFT] V_Motors: 28.154 V
[YOR] follow_path: n=20 first=(3.809500074386597, -0.6925999641418459) last=(0.00950007438659739, 0.007400035858153409)
[LIFT] V_Compute: 28.755 V
[LIFT] V_Motors: 28.136 V
[YOR] follow_path: n=19 first=(3.609500074386598, -0.6925999641418459) last=(0.00950007438659739, 0.007400035858153409)
[LIFT] V_Compute: 28.777 V
[LIFT] V_Motors: 28.141 V
[YOR] follow_path: n=18 first=(3.409500074386597, -0.6425999641418461) last=(0.00950007438659739, 0.007400035858153409)
[LIFT] V_Compute: 28.769 V
[LIFT] V_Motors: 28.171 V
[LIFT] V_Compute: 28.777 V
[LIFT] V_Motors: 28.165 V
[YOR] follow_path: n=17 first=(3.2095000743865976, -0.5925999641418462) last=(0.00950007438659739, 0.007400035858153409)
[LIFT] V_Compute: 28.779 V
[LIFT] V_Motors: 28.156 V
[YOR] follow_path: n=17 first=(3.0095000743865974, -0.5425999641418464) last=(0.00950007438659739, 0.007400035858153409)
[LIFT] V_Compute: 28.779 V
[LIFT] V_Motors: 28.160 V
[YOR] follow_path: n=15 first=(2.7595000743865974, -0.5425999641418464) last=(0.00950007438659739, 0.007400035858153409)
[LIFT] V_Compute: 28.771 V
[LIFT] V_Motors: 28.170 V
[YOR] follow_path: n=14 first=(2.559500074386597, -0.4925999641418466) last=(0.00950007438659739, 0.007400035858153409)
[LIFT] V_Compute: 28.770 V
[LIFT] V_Motors: 28.160 V
[YOR] follow_path: n=13 first=(2.409500074386597, -0.4425999641418459) last=(0.00950007438659739, 0.007400035858153409)
[LIFT] V_Compute: 28.771 V
[LIFT] V_Motors: 28.136 V
[YOR] follow_path: n=12 first=(2.2095000743865976, -0.4425999641418459) last=(0.00950007438659739, 0.007400035858153409)
[LIFT] V_Compute: 28.776 V
[LIFT] V_Motors: 28.164 V
[YOR] follow_path: n=11 first=(2.0095000743865974, -0.35919990539550817) last=(0.00950007438659739, -0.009199905395508523)
[LIFT] V_Compute: 28.769 V
[LIFT] V_Motors: 28.160 V
[YOR] follow_path: n=10 first=(1.8095000743865972, -0.35120000839233434) last=(0.00950007438659739, -0.001200008392334695)
[LIFT] V_Compute: 28.769 V
[LIFT] V_Motors: 28.154 V
[YOR] follow_path: n=9 first=(1.609500074386597, -0.35120000839233434) last=(0.00950007438659739, -0.001200008392334695)
[LIFT] V_Compute: 28.772 V
[LIFT] V_Motors: 28.165 V
[YOR] follow_path: n=8 first=(1.4595000743865976, -0.30280008316040075) last=(0.00950007438659739, -0.0028000831604009235)
[LIFT] V_Compute: 28.777 V
[LIFT] V_Motors: 28.155 V
[YOR] follow_path: n=8 first=(1.2595000743865974, -0.2890998840332033) last=(0.00950007438659739, 0.01090011596679652)
[LIFT] V_Compute: 28.779 V
[LIFT] V_Motors: 28.136 V
[YOR] follow_path: n=6 first=(1.0558001041412357, -0.23909988403320348) last=(0.0058001041412358845, 0.01090011596679652)
[LIFT] V_Compute: 28.765 V
[LIFT] V_Motors: 28.154 V
[YOR] follow_path: n=6 first=(0.8412000656127931, -0.18909988403320366) last=(-0.008799934387206498, 0.01090011596679652)
[LIFT] V_Compute: 28.777 V
[LIFT] V_Motors: 28.163 V
[YOR] follow_path: n=4 first=(0.6900001049041755, -0.13909988403320384) last=(-0.009999895095824662, 0.01090011596679652)
[LIFT] V_Compute: 28.769 V
[LIFT] V_Motors: 28.149 V
[LIFT] V_Compute: 28.771 V
[LIFT] V_Motors: 28.157 V
[YOR] follow_path: n=4 first=(0.5400001049041752, -0.09259996414184624) last=(-0.009999895095824662, 0.007400035858153409)
[LIFT] V_Compute: 28.763 V
[LIFT] V_Motors: 28.152 V
[LIFT] V_Compute: 28.771 V
[LIFT] V_Motors: 28.151 V
[LIFT] V_Compute: 28.765 V
[LIFT] V_Motors: 28.167 V
[LIFT] V_Compute: 28.751 V
[LIFT] V_Motors: 28.167 V
[LIFT] V_Compute: 28.774 V
[LIFT] V_Motors: 28.167 V
[LIFT] V_Compute: 28.782 V
[LIFT] V_Motors: 28.177 V
[LIFT] V_Compute: 28.770 V
[LIFT] V_Motors: 28.147 V
[LIFT] V_Compute: 28.776 V
[LIFT] V_Motors: 28.171 V
[LIFT] V_Compute: 28.766 V
[LIFT] V_Motors: 28.177 V
[LIFT] V_Compute: 28.771 V
[LIFT] V_Motors: 28.183 V
[LIFT] V_Compute: 28.770 V
[LIFT] V_Motors: 28.186 V
[LIFT] V_Compute: 28.776 V
[LIFT] V_Motors: 28.140 V
[LIFT] V_Compute: 28.775 V
[LIFT] V_Motors: 28.147 V
[LIFT] V_Compute: 28.771 V
[LIFT] V_Motors: 28.154 V
[LIFT] V_Compute: 28.770 V
[LIFT] V_Motors: 28.187 V
[LIFT] V_Compute: 28.776 V
[LIFT] V_Motors: 28.189 V
[LIFT] V_Compute: 28.780 V
[LIFT] V_Motors: 28.186 V
[LIFT] V_Compute: 28.772 V
[LIFT] V_Motors: 28.195 V
[LIFT] V_Compute: 28.769 V
[LIFT] V_Motors: 28.185 V
[LIFT] V_Compute: 28.777 V
[LIFT] V_Motors: 28.192 V
[LIFT] V_Compute: 28.774 V
[LIFT] V_Motors: 28.189 V
[LIFT] V_Compute: 28.775 V
[LIFT] V_Motors: 28.186 V
[LIFT] V_Compute: 28.775 V
[LIFT] V_Motors: 28.189 V
[LIFT] V_Compute: 28.775 V
[LIFT] V_Motors: 28.189 V
[LIFT] V_Compute: 28.777 V
[LIFT] V_Motors: 28.189 V
[LIFT] V_Compute: 28.774 V
[LIFT] V_Motors: 28.185 V
[LIFT] V_Compute: 28.779 V
[LIFT] V_Motors: 28.191 V
[YOR] follow_path: cleared
[LIFT] V_Compute: 28.776 V
[LIFT] V_Motors: 28.190 V
[LIFT] V_Compute: 28.780 V
[LIFT] V_Motors: 28.191 V
[LIFT] V_Compute: 28.765 V
[LIFT] V_Motors: 28.189 V
[LIFT] V_Compute: 28.781 V
[LIFT] V_Motors: 28.196 V
[LIFT] V_Compute: 28.782 V
[LIFT] V_Motors: 28.199 V
[LIFT] V_Compute: 28.780 V
[LIFT] V_Motors: 28.199 V
[LIFT] V_Compute: 28.774 V
[LIFT] V_Motors: 28.201 V
[LIFT] V_Compute: 28.780 V
[LIFT] V_Motors: 28.196 V
[LIFT] V_Compute: 28.779 V
[LIFT] V_Motors: 28.201 V
[LIFT] V_Compute: 28.777 V
[LIFT] V_Motors: 28.199 V
[LIFT] V_Compute: 28.775 V
[LIFT] V_Motors: 28.201 V
[LIFT] V_Compute: 28.790 V
[LIFT] V_Motors: 28.201 V
[LIFT] V_Compute: 28.789 V
[LIFT] V_Motors: 28.200 V
[LIFT] V_Compute: 28.789 V
[LIFT] V_Motors: 28.200 V
[LIFT] V_Compute: 28.791 V
[LIFT] V_Motors: 28.200 V
[LIFT] V_Compute: 28.785 V
[LIFT] V_Motors: 28.199 V
[LIFT] V_Compute: 28.784 V
[LIFT] V_Motors: 28.205 V
[LIFT] V_Compute: 28.784 V
[LIFT] V_Motors: 28.200 V
[LIFT] V_Compute: 28.788 V
[LIFT] V_Motors: 28.205 V
[LIFT] V_Compute: 28.786 V
[LIFT] V_Motors: 28.205 V
[LIFT] V_Compute: 28.784 V
[LIFT] V_Motors: 28.194 V
[LIFT] V_Compute: 28.788 V
[LIFT] V_Motors: 28.202 V
[LIFT] V_Compute: 28.790 V
[LIFT] V_Motors: 28.201 V
[LIFT] V_Compute: 28.757 V
[LIFT] V_Motors: 28.181 V
[LIFT] V_Compute: 28.789 V
[LIFT] V_Motors: 28.196 V
[LIFT] V_Compute: 28.785 V
[LIFT] V_Motors: 28.202 V
[LIFT] V_Compute: 28.782 V
[LIFT] V_Motors: 28.205 V
[LIFT] V_Compute: 28.784 V
[LIFT] V_Motors: 28.195 V
[LIFT] V_Compute: 28.791 V
[LIFT] V_Motors: 28.204 V
[LIFT] V_Compute: 28.790 V
[LIFT] V_Motors: 28.206 V
[LIFT] V_Compute: 28.788 V
[LIFT] V_Motors: 28.205 V
[LIFT] V_Compute: 28.786 V
[LIFT] V_Motors: 28.205 V
[LIFT] V_Compute: 28.789 V
[LIFT] V_Motors: 28.204 V
[LIFT] V_Compute: 28.784 V
[LIFT] V_Motors: 28.206 V
[LIFT] V_Compute: 28.788 V
[LIFT] V_Motors: 28.201 V
[LIFT] V_Compute: 28.782 V
[LIFT] V_Motors: 28.204 V
[LIFT] V_Compute: 28.791 V
[LIFT] V_Motors: 28.200 V
[LIFT] V_Compute: 28.786 V
[LIFT] V_Motors: 28.197 V
[LIFT] V_Compute: 28.786 V
[LIFT] V_Motors: 28.204 V
[LIFT] V_Compute: 28.780 V
[LIFT] V_Motors: 28.201 V
[LIFT] V_Compute: 28.786 V
[LIFT] V_Motors: 28.202 V
[LIFT] V_Compute: 28.784 V
[LIFT] V_Motors: 28.206 V
[LIFT] V_Compute: 28.790 V
[LIFT] V_Motors: 28.204 V
[LIFT] V_Compute: 28.791 V
[LIFT] V_Motors: 28.202 V
[LIFT] V_Compute: 28.785 V
[LIFT] V_Motors: 28.200 V
[LIFT] V_Compute: 28.776 V
[LIFT] V_Motors: 28.202 V
[LIFT] V_Compute: 28.795 V
[LIFT] V_Motors: 28.201 V
[LIFT] V_Compute: 28.784 V
[LIFT] V_Motors: 28.202 V
[LIFT] V_Compute: 28.789 V
[LIFT] V_Motors: 28.201 V
[LIFT] V_Compute: 28.786 V
[LIFT] V_Motors: 28.199 V
[LIFT] V_Compute: 28.789 V
[LIFT] V_Motors: 28.200 V
[LIFT] V_Compute: 28.785 V
[LIFT] V_Motors: 28.201 V
[LIFT] V_Compute: 28.786 V
[LIFT] V_Motors: 28.200 V
[LIFT] V_Compute: 28.782 V
[LIFT] V_Motors: 28.197 V
[LIFT] V_Compute: 28.781 V
[LIFT] V_Motors: 28.200 V
[LIFT] V_Compute: 28.784 V
[LIFT] V_Motors: 28.196 V
[LIFT] V_Compute: 28.792 V
[LIFT] V_Motors: 28.204 V
[LIFT] V_Compute: 28.784 V
[LIFT] V_Motors: 28.202 V
[LIFT] V_Compute: 28.785 V
[LIFT] V_Motors: 28.202 V
[LIFT] V_Compute: 28.792 V
[LIFT] V_Motors: 28.201 V
[LIFT] V_Compute: 28.781 V
[LIFT] V_Motors: 28.202 V
[LIFT] V_Compute: 28.791 V
[LIFT] V_Motors: 28.202 V
[LIFT] V_Compute: 28.788 V
[LIFT] V_Motors: 28.205 V
[LIFT] V_Compute: 28.780 V
[LIFT] V_Motors: 28.196 V
[LIFT] V_Compute: 28.792 V
[LIFT] V_Motors: 28.200 V
[LIFT] V_Compute: 28.790 V
[LIFT] V_Motors: 28.202 V
[LIFT] V_Compute: 28.790 V
[LIFT] V_Motors: 28.204 V
[LIFT] V_Compute: 28.788 V
[LIFT] V_Motors: 28.204 V
[LIFT] V_Compute: 28.788 V
[LIFT] V_Motors: 28.195 V
[LIFT] V_Compute: 28.790 V
[LIFT] V_Motors: 28.202 V
[LIFT] V_Compute: 28.784 V
[LIFT] V_Motors: 28.205 V
[LIFT] V_Compute: 28.790 V
[LIFT] V_Motors: 28.199 V
[LIFT] V_Compute: 28.785 V
[LIFT] V_Motors: 28.202 V
[LIFT] V_Compute: 28.786 V
[LIFT] V_Motors: 28.201 V
[LIFT] V_Compute: 28.786 V
[LIFT] V_Motors: 28.201 V
[LIFT] V_Compute: 28.784 V
[LIFT] V_Motors: 28.205 V
[LIFT] V_Compute: 28.784 V
[LIFT] V_Motors: 28.197 V
[LIFT] V_Compute: 28.790 V
[LIFT] V_Motors: 28.197 V
[LIFT] V_Compute: 28.780 V
[LIFT] V_Motors: 28.204 V
[LIFT] V_Compute: 28.784 V
[LIFT] V_Motors: 28.197 V
[LIFT] V_Compute: 28.786 V
[LIFT] V_Motors: 28.199 V
[LIFT] V_Compute: 28.782 V
[LIFT] V_Motors: 28.190 V
[LIFT] V_Compute: 28.786 V
[LIFT] V_Motors: 28.199 V
[LIFT] V_Compute: 28.779 V
[LIFT] V_Motors: 28.199 V
[LIFT] V_Compute: 28.785 V
[LIFT] V_Motors: 28.196 V
[LIFT] V_Compute: 28.784 V
[LIFT] V_Motors: 28.196 V
[LIFT] V_Compute: 28.777 V
[LIFT] V_Motors: 28.191 V
[LIFT] V_Compute: 28.780 V
[LIFT] V_Motors: 28.191 V
[LIFT] V_Compute: 28.777 V
[LIFT] V_Motors: 28.201 V
[LIFT] V_Compute: 28.777 V
[LIFT] V_Motors: 28.202 V
[LIFT] V_Compute: 28.781 V
[LIFT] V_Motors: 28.194 V
[LIFT] V_Compute: 28.784 V
[LIFT] V_Motors: 28.199 V
[LIFT] V_Compute: 28.784 V
[LIFT] V_Motors: 28.202 V
[LIFT] V_Compute: 28.786 V
[LIFT] V_Motors: 28.199 V
[LIFT] V_Compute: 28.791 V
[LIFT] V_Motors: 28.199 V
[LIFT] V_Compute: 28.790 V
[LIFT] V_Motors: 28.199 V
[LIFT] V_Compute: 28.791 V
[LIFT] V_Motors: 28.201 V
[LIFT] V_Compute: 28.785 V
[LIFT] V_Motors: 28.201 V
[LIFT] V_Compute: 28.763 V
[LIFT] V_Motors: 28.187 V
[LIFT] V_Compute: 28.780 V
[LIFT] V_Motors: 28.196 V
[LIFT] V_Compute: 28.786 V
[LIFT] V_Motors: 28.204 V
[LIFT] V_Compute: 28.790 V
[LIFT] V_Motors: 28.204 V
[LIFT] V_Compute: 28.784 V
[LIFT] V_Motors: 28.199 V
[LIFT] V_Compute: 28.784 V
[LIFT] V_Motors: 28.202 V
[LIFT] V_Compute: 28.786 V
[LIFT] V_Motors: 28.206 V
[LIFT] V_Compute: 28.790 V
[LIFT] V_Motors: 28.204 V
[LIFT] V_Compute: 28.786 V
[LIFT] V_Motors: 28.205 V
[LIFT] V_Compute: 28.775 V
[LIFT] V_Motors: 28.194 V
[LIFT] V_Compute: 28.792 V
[LIFT] V_Motors: 28.202 V
[LIFT] V_Compute: 28.791 V
[LIFT] V_Motors: 28.206 V
[LIFT] V_Compute: 28.782 V
[LIFT] V_Motors: 28.201 V
[LIFT] V_Compute: 28.782 V
[LIFT] V_Motors: 28.191 V
[LIFT] V_Compute: 28.782 V
[LIFT] V_Motors: 28.204 V
[LIFT] V_Compute: 28.786 V
[LIFT] V_Motors: 28.205 V
[LIFT] V_Compute: 28.790 V
[LIFT] V_Motors: 28.204 V
[LIFT] V_Compute: 28.785 V
[LIFT] V_Motors: 28.200 V
[LIFT] V_Compute: 28.788 V
[LIFT] V_Motors: 28.199 V
[LIFT] V_Compute: 28.789 V
[LIFT] V_Motors: 28.205 V
[LIFT] V_Compute: 28.785 V
[LIFT] V_Motors: 28.199 V
[LIFT] V_Compute: 28.788 V
[LIFT] V_Motors: 28.205 V
[LIFT] V_Compute: 28.790 V
[LIFT] V_Motors: 28.205 V
[LIFT] V_Compute: 28.789 V
[LIFT] V_Motors: 28.200 V
[LIFT] V_Compute: 28.786 V
[LIFT] V_Motors: 28.200 V
[LIFT] V_Compute: 28.786 V
[LIFT] V_Motors: 28.204 V
[LIFT] V_Compute: 28.789 V
[LIFT] V_Motors: 28.201 V
[LIFT] V_Compute: 28.784 V
[LIFT] V_Motors: 28.199 V
[LIFT] V_Compute: 28.788 V
[LIFT] V_Motors: 28.204 V
[LIFT] V_Compute: 28.792 V
[LIFT] V_Motors: 28.204 V
[LIFT] V_Compute: 28.785 V
[LIFT] V_Motors: 28.204 V
[LIFT] V_Compute: 28.785 V
[LIFT] V_Motors: 28.201 V
[LIFT] V_Compute: 28.786 V
[LIFT] V_Motors: 28.204 V
[LIFT] V_Compute: 28.772 V
[LIFT] V_Motors: 28.195 V
[LIFT] V_Compute: 28.785 V
[LIFT] V_Motors: 28.199 V
[LIFT] V_Compute: 28.784 V
[LIFT] V_Motors: 28.205 V
[LIFT] V_Compute: 28.789 V
[LIFT] V_Motors: 28.205 V
[LIFT] V_Compute: 28.794 V
[LIFT] V_Motors: 28.202 V
[LIFT] V_Compute: 28.789 V
[LIFT] V_Motors: 28.206 V
[LIFT] V_Compute: 28.788 V
[LIFT] V_Motors: 28.201 V
[LIFT] V_Compute: 28.785 V
[LIFT] V_Motors: 28.201 V
[LIFT] V_Compute: 28.789 V
[LIFT] V_Motors: 28.196 V
[LIFT] V_Compute: 28.784 V
[LIFT] V_Motors: 28.208 V
[LIFT] V_Compute: 28.777 V
[LIFT] V_Motors: 28.199 V
[LIFT] V_Compute: 28.785 V
[LIFT] V_Motors: 28.204 V
[LIFT] V_Compute: 28.786 V
[LIFT] V_Motors: 28.196 V
[LIFT] V_Compute: 28.781 V
[LIFT] V_Motors: 28.202 V
[LIFT] V_Compute: 28.786 V
[LIFT] V_Motors: 28.204 V
[LIFT] V_Compute: 28.769 V
[LIFT] V_Motors: 28.197 V
[LIFT] V_Compute: 28.786 V
[LIFT] V_Motors: 28.205 V
[LIFT] V_Compute: 28.779 V
[LIFT] V_Motors: 28.192 V
[LIFT] V_Compute: 28.780 V
[LIFT] V_Motors: 28.194 V
[LIFT] V_Compute: 28.780 V
[LIFT] V_Motors: 28.199 V
[LIFT] V_Compute: 28.774 V
[LIFT] V_Motors: 28.196 V
[LIFT] V_Compute: 28.779 V
[LIFT] V_Motors: 28.199 V
[LIFT] V_Compute: 28.780 V
[LIFT] V_Motors: 28.201 V
[LIFT] V_Compute: 28.775 V
[LIFT] V_Motors: 28.196 V
[LIFT] V_Compute: 28.774 V
[LIFT] V_Motors: 28.190 V
[LIFT] V_Compute: 28.785 V
[LIFT] V_Motors: 28.197 V
[LIFT] V_Compute: 28.775 V
[LIFT] V_Motors: 28.197 V
[LIFT] V_Compute: 28.781 V
[LIFT] V_Motors: 28.196 V
[LIFT] V_Compute: 28.784 V
[LIFT] V_Motors: 28.202 V
[LIFT] V_Compute: 28.782 V
[LIFT] V_Motors: 28.202 V
[LIFT] V_Compute: 28.792 V
[LIFT] V_Motors: 28.204 V
[LIFT] V_Compute: 28.788 V
[LIFT] V_Motors: 28.205 V
[LIFT] V_Compute: 28.791 V
[LIFT] V_Motors: 28.205 V
[LIFT] V_Compute: 28.788 V
[LIFT] V_Motors: 28.199 V
[LIFT] V_Compute: 28.788 V
[LIFT] V_Motors: 28.201 V
[LIFT] V_Compute: 28.789 V
[LIFT] V_Motors: 28.201 V
[LIFT] V_Compute: 28.786 V
[LIFT] V_Motors: 28.204 V
[LIFT] V_Compute: 28.786 V
[LIFT] V_Motors: 28.206 V
[LIFT] V_Compute: 28.790 V
[LIFT] V_Motors: 28.204 V
[LIFT] V_Compute: 28.785 V
[LIFT] V_Motors: 28.204 V
[LIFT] V_Compute: 28.796 V
[LIFT] V_Motors: 28.208 V
[LIFT] V_Compute: 28.784 V
[LIFT] V_Motors: 28.206 V
[LIFT] V_Compute: 28.788 V
[LIFT] V_Motors: 28.202 V
[LIFT] V_Compute: 28.784 V
[LIFT] V_Motors: 28.201 V
[LIFT] V_Compute: 28.780 V
[LIFT] V_Motors: 28.200 V
[LIFT] V_Compute: 28.786 V
[LIFT] V_Motors: 28.199 V
[LIFT] V_Compute: 28.784 V
[LIFT] V_Motors: 28.205 V
[LIFT] V_Compute: 28.790 V
[LIFT] V_Motors: 28.202 V
[LIFT] V_Compute: 28.782 V
[LIFT] V_Motors: 28.202 V
[LIFT] V_Compute: 28.786 V
[LIFT] V_Motors: 28.200 V
[LIFT] V_Compute: 28.784 V
[LIFT] V_Motors: 28.201 V
[LIFT] V_Compute: 28.790 V
[LIFT] V_Motors: 28.201 V
[LIFT] V_Compute: 28.794 V
[LIFT] V_Motors: 28.202 V
[LIFT] V_Compute: 28.785 V
[LIFT] V_Motors: 28.204 V
[LIFT] V_Compute: 28.794 V
[LIFT] V_Motors: 28.196 V
[LIFT] V_Compute: 28.788 V
[LIFT] V_Motors: 28.205 V
[LIFT] V_Compute: 28.785 V
[LIFT] V_Motors: 28.204 V
[LIFT] V_Compute: 28.786 V
[LIFT] V_Motors: 28.197 V
[LIFT] V_Compute: 28.785 V
[LIFT] V_Motors: 28.197 V
[LIFT] V_Compute: 28.790 V
[LIFT] V_Motors: 28.201 V
[LIFT] V_Compute: 28.785 V
[LIFT] V_Motors: 28.201 V
[LIFT] V_Compute: 28.785 V
[LIFT] V_Motors: 28.206 V
[LIFT] V_Compute: 28.789 V
[LIFT] V_Motors: 28.200 V
[LIFT] V_Compute: 28.781 V
[LIFT] V_Motors: 28.199 V
[LIFT] V_Compute: 28.782 V
[LIFT] V_Motors: 28.200 V
[LIFT] V_Compute: 28.766 V
[LIFT] V_Motors: 28.185 V
[LIFT] V_Compute: 28.785 V
[LIFT] V_Motors: 28.204 V
[LIFT] V_Compute: 28.789 V
[LIFT] V_Motors: 28.202 V
[LIFT] V_Compute: 28.789 V
[LIFT] V_Motors: 28.202 V
[LIFT] V_Compute: 28.790 V
[LIFT] V_Motors: 28.204 V
[LIFT] V_Compute: 28.780 V
[LIFT] V_Motors: 28.201 V
[LIFT] V_Compute: 28.785 V
[LIFT] V_Motors: 28.200 V
[LIFT] V_Compute: 28.781 V
[LIFT] V_Motors: 28.200 V
[LIFT] V_Compute: 28.789 V
[LIFT] V_Motors: 28.206 V
[LIFT] V_Compute: 28.786 V
[LIFT] V_Motors: 28.200 V
[LIFT] V_Compute: 28.790 V
[LIFT] V_Motors: 28.205 V
[LIFT] V_Compute: 28.788 V
[LIFT] V_Motors: 28.204 V
[LIFT] V_Compute: 28.784 V
[LIFT] V_Motors: 28.201 V
[LIFT] V_Compute: 28.786 V
[LIFT] V_Motors: 28.200 V
[LIFT] V_Compute: 28.785 V
[LIFT] V_Motors: 28.205 V
[LIFT] V_Compute: 28.788 V
[LIFT] V_Motors: 28.204 V
[LIFT] V_Compute: 28.780 V
[LIFT] V_Motors: 28.200 V
[LIFT] V_Compute: 28.791 V
[LIFT] V_Motors: 28.200 V
[LIFT] V_Compute: 28.788 V
[LIFT] V_Motors: 28.205 V
[LIFT] V_Compute: 28.784 V
[LIFT] V_Motors: 28.204 V
[LIFT] V_Compute: 28.786 V
[LIFT] V_Motors: 28.204 V
[LIFT] V_Compute: 28.782 V
[LIFT] V_Motors: 28.199 V
[LIFT] V_Compute: 28.790 V
[LIFT] V_Motors: 28.205 V
[LIFT] V_Compute: 28.785 V
[LIFT] V_Motors: 28.202 V
[LIFT] V_Compute: 28.789 V
[LIFT] V_Motors: 28.206 V
[LIFT] V_Compute: 28.788 V
[LIFT] V_Motors: 28.204 V
[LIFT] V_Compute: 28.785 V
[LIFT] V_Motors: 28.200 V
[LIFT] V_Compute: 28.784 V
[LIFT] V_Motors: 28.196 V
[LIFT] V_Compute: 28.782 V
[LIFT] V_Motors: 28.201 V
[LIFT] V_Compute: 28.777 V
[LIFT] V_Motors: 28.196 V
[LIFT] V_Compute: 28.786 V
[LIFT] V_Motors: 28.200 V
[LIFT] V_Compute: 28.780 V
[LIFT] V_Motors: 28.200 V
[LIFT] V_Compute: 28.790 V
[LIFT] V_Motors: 28.205 V
[LIFT] V_Compute: 28.785 V
[LIFT] V_Motors: 28.202 V
[LIFT] V_Compute: 28.788 V
[LIFT] V_Motors: 28.199 V
[LIFT] V_Compute: 28.769 V
[LIFT] V_Motors: 28.194 V
[LIFT] V_Compute: 28.784 V
[LIFT] V_Motors: 28.202 V
[LIFT] V_Compute: 28.786 V
[LIFT] V_Motors: 28.200 V
[LIFT] V_Compute: 28.788 V
[LIFT] V_Motors: 28.196 V
[LIFT] V_Compute: 28.782 V
[LIFT] V_Motors: 28.200 V
[LIFT] V_Compute: 28.769 V
[LIFT] V_Motors: 28.187 V
[LIFT] V_Compute: 28.788 V
[LIFT] V_Motors: 28.205 V
[LIFT] V_Compute: 28.789 V
[LIFT] V_Motors: 28.202 V
[LIFT] V_Compute: 28.780 V
[LIFT] V_Motors: 28.200 V
[LIFT] V_Compute: 28.786 V
[LIFT] V_Motors: 28.205 V
[LIFT] V_Compute: 28.789 V
[LIFT] V_Motors: 28.204 V
[LIFT] V_Compute: 28.780 V
[LIFT] V_Motors: 28.202 V
[LIFT] V_Compute: 28.786 V
[LIFT] V_Motors: 28.202 V
[LIFT] V_Compute: 28.779 V
[LIFT] V_Motors: 28.195 V
[LIFT] V_Compute: 28.770 V
[LIFT] V_Motors: 28.191 V
[LIFT] V_Compute: 28.788 V
[LIFT] V_Motors: 28.205 V
[LIFT] V_Compute: 28.779 V
[LIFT] V_Motors: 28.206 V
[LIFT] V_Compute: 28.784 V
[LIFT] V_Motors: 28.200 V
[LIFT] V_Compute: 28.784 V
[LIFT] V_Motors: 28.208 V
[LIFT] V_Compute: 28.782 V
[LIFT] V_Motors: 28.200 V
[LIFT] V_Compute: 28.786 V
[LIFT] V_Motors: 28.204 V
[LIFT] V_Compute: 28.789 V
[LIFT] V_Motors: 28.201 V
[LIFT] V_Compute: 28.785 V
[LIFT] V_Motors: 28.202 V
[LIFT] V_Compute: 28.789 V
[LIFT] V_Motors: 28.202 V
[LIFT] V_Compute: 28.785 V
[LIFT] V_Motors: 28.200 V
[LIFT] V_Compute: 28.788 V
[LIFT] V_Motors: 28.200 V
[LIFT] V_Compute: 28.782 V
[LIFT] V_Motors: 28.204 V
[LIFT] V_Compute: 28.784 V
[LIFT] V_Motors: 28.202 V
[LIFT] V_Compute: 28.786 V
[LIFT] V_Motors: 28.205 V
[LIFT] V_Compute: 28.784 V
[LIFT] V_Motors: 28.200 V
[LIFT] V_Compute: 28.779 V
[LIFT] V_Motors: 28.200 V
[LIFT] V_Compute: 28.780 V
[LIFT] V_Motors: 28.197 V
[LIFT] V_Compute: 28.788 V
[LIFT] V_Motors: 28.201 V
[LIFT] V_Compute: 28.782 V
[LIFT] V_Motors: 28.200 V
[LIFT] V_Compute: 28.785 V
[LIFT] V_Motors: 28.201 V
[LIFT] V_Compute: 28.788 V
[LIFT] V_Motors: 28.205 V
[LIFT] V_Compute: 28.788 V
[LIFT] V_Motors: 28.204 V
[LIFT] V_Compute: 28.790 V
[LIFT] V_Motors: 28.205 V
[LIFT] V_Compute: 28.784 V
[LIFT] V_Motors: 28.205 V
[LIFT] V_Compute: 28.791 V
[LIFT] V_Motors: 28.206 V
[LIFT] V_Compute: 28.780 V
[LIFT] V_Motors: 28.197 V
[LIFT] V_Compute: 28.782 V
[LIFT] V_Motors: 28.196 V
[LIFT] V_Compute: 28.786 V
[LIFT] V_Motors: 28.199 V
[LIFT] V_Compute: 28.789 V
[LIFT] V_Motors: 28.206 V
[LIFT] V_Compute: 28.785 V
[LIFT] V_Motors: 28.201 V
[LIFT] V_Compute: 28.786 V
[LIFT] V_Motors: 28.202 V
[LIFT] V_Compute: 28.788 V
[LIFT] V_Motors: 28.201 V
[LIFT] V_Compute: 28.781 V
[LIFT] V_Motors: 28.202 V
[LIFT] V_Compute: 28.790 V
[LIFT] V_Motors: 28.205 V
[LIFT] V_Compute: 28.785 V
[LIFT] V_Motors: 28.202 V
[LIFT] V_Compute: 28.770 V
[LIFT] V_Motors: 28.195 V
[LIFT] V_Compute: 28.786 V
[LIFT] V_Motors: 28.206 V
[LIFT] V_Compute: 28.782 V
[LIFT] V_Motors: 28.196 V
[LIFT] V_Compute: 28.788 V
[LIFT] V_Motors: 28.199 V
[LIFT] V_Compute: 28.781 V
[LIFT] V_Motors: 28.202 V
[LIFT] V_Compute: 28.784 V
[LIFT] V_Motors: 28.196 V
[LIFT] V_Compute: 28.777 V
[LIFT] V_Motors: 28.202 V
[LIFT] V_Compute: 28.780 V
[LIFT] V_Motors: 28.200 V
[LIFT] V_Compute: 28.782 V
[LIFT] V_Motors: 28.202 V
[LIFT] V_Compute: 28.780 V
[LIFT] V_Motors: 28.197 V
[LIFT] V_Compute: 28.767 V
[LIFT] V_Motors: 28.186 V
[LIFT] V_Compute: 28.790 V
[LIFT] V_Motors: 28.202 V
[LIFT] V_Compute: 28.791 V
[LIFT] V_Motors: 28.202 V
[LIFT] V_Compute: 28.788 V
[LIFT] V_Motors: 28.206 V
[LIFT] V_Compute: 28.785 V
[LIFT] V_Motors: 28.205 V
[LIFT] V_Compute: 28.780 V
[LIFT] V_Motors: 28.199 V
[LIFT] V_Compute: 28.764 V
[LIFT] V_Motors: 28.184 V
[LIFT] V_Compute: 28.781 V
[LIFT] V_Motors: 28.191 V
[LIFT] V_Compute: 28.786 V
[LIFT] V_Motors: 28.199 V
[LIFT] V_Compute: 28.782 V
[LIFT] V_Motors: 28.200 V
[LIFT] V_Compute: 28.780 V
[LIFT] V_Motors: 28.194 V
[LIFT] V_Compute: 28.790 V
[LIFT] V_Motors: 28.202 V
[LIFT] V_Compute: 28.779 V
[LIFT] V_Motors: 28.195 V
[LIFT] V_Compute: 28.785 V
[LIFT] V_Motors: 28.201 V
[LIFT] V_Compute: 28.786 V
[LIFT] V_Motors: 28.202 V
[LIFT] V_Compute: 28.784 V
[LIFT] V_Motors: 28.202 V
[LIFT] V_Compute: 28.785 V
[LIFT] V_Motors: 28.206 V
[LIFT] V_Compute: 28.782 V
[LIFT] V_Motors: 28.204 V
[LIFT] V_Compute: 28.784 V
[LIFT] V_Motors: 28.205 V
[LIFT] V_Compute: 28.788 V
[LIFT] V_Motors: 28.202 V
[LIFT] V_Compute: 28.782 V
[LIFT] V_Motors: 28.200 V
[LIFT] V_Compute: 28.786 V
[LIFT] V_Motors: 28.202 V
[LIFT] V_Compute: 28.781 V
[LIFT] V_Motors: 28.200 V
[LIFT] V_Compute: 28.784 V
[LIFT] V_Motors: 28.199 V
[LIFT] V_Compute: 28.788 V
[LIFT] V_Motors: 28.199 V
[LIFT] V_Compute: 28.785 V
[LIFT] V_Motors: 28.200 V
[LIFT] V_Compute: 28.784 V
[LIFT] V_Motors: 28.202 V
[LIFT] V_Compute: 28.788 V
[LIFT] V_Motors: 28.202 V
[LIFT] V_Compute: 28.782 V
[LIFT] V_Motors: 28.201 V
[LIFT] V_Compute: 28.784 V
[LIFT] V_Motors: 28.197 V
[LIFT] V_Compute: 28.775 V
[LIFT] V_Motors: 28.199 V
[LIFT] V_Compute: 28.786 V
[LIFT] V_Motors: 28.204 V
[LIFT] V_Compute: 28.774 V
[LIFT] V_Motors: 28.195 V
[LIFT] V_Compute: 28.785 V
[LIFT] V_Motors: 28.199 V
[LIFT] V_Compute: 28.786 V
[LIFT] V_Motors: 28.200 V
[LIFT] V_Compute: 28.788 V
[LIFT] V_Motors: 28.201 V
[LIFT] V_Compute: 28.771 V
[LIFT] V_Motors: 28.194 V
[LIFT] V_Compute: 28.782 V
[LIFT] V_Motors: 28.202 V
[LIFT] V_Compute: 28.786 V
[LIFT] V_Motors: 28.200 V
[LIFT] V_Compute: 28.784 V
[LIFT] V_Motors: 28.197 V
[LIFT] V_Compute: 28.786 V
[LIFT] V_Motors: 28.200 V
[LIFT] V_Compute: 28.789 V
[LIFT] V_Motors: 28.197 V
[LIFT] V_Compute: 28.784 V
[LIFT] V_Motors: 28.201 V
[LIFT] V_Compute: 28.781 V
[LIFT] V_Motors: 28.199 V
[LIFT] V_Compute: 28.784 V
[LIFT] V_Motors: 28.206 V
[LIFT] V_Compute: 28.775 V
[LIFT] V_Motors: 28.199 V
[LIFT] V_Compute: 28.781 V
[LIFT] V_Motors: 28.200 V
[LIFT] V_Compute: 28.782 V
[LIFT] V_Motors: 28.200 V
[LIFT] V_Compute: 28.780 V
[LIFT] V_Motors: 28.202 V
[LIFT] V_Compute: 28.777 V
[LIFT] V_Motors: 28.200 V
[LIFT] V_Compute: 28.790 V
[LIFT] V_Motors: 28.199 V
[LIFT] V_Compute: 28.784 V
[LIFT] V_Motors: 28.195 V
[LIFT] V_Compute: 28.775 V
[LIFT] V_Motors: 28.199 V
[LIFT] V_Compute: 28.779 V
[LIFT] V_Motors: 28.191 V
[LIFT] V_Compute: 28.782 V
[LIFT] V_Motors: 28.201 V
[LIFT] V_Compute: 28.784 V
[LIFT] V_Motors: 28.199 V
[LIFT] V_Compute: 28.789 V
[LIFT] V_Motors: 28.202 V
[LIFT] V_Compute: 28.779 V
[LIFT] V_Motors: 28.197 V
[LIFT] V_Compute: 28.779 V
[LIFT] V_Motors: 28.201 V
[LIFT] V_Compute: 28.782 V
[LIFT] V_Motors: 28.197 V
[LIFT] V_Compute: 28.781 V
[LIFT] V_Motors: 28.196 V
[LIFT] V_Compute: 28.781 V
[LIFT] V_Motors: 28.202 V
[LIFT] V_Compute: 28.788 V
[LIFT] V_Motors: 28.202 V
[LIFT] V_Compute: 28.779 V
[LIFT] V_Motors: 28.197 V
[LIFT] V_Compute: 28.765 V
[LIFT] V_Motors: 28.184 V
[LIFT] V_Compute: 28.785 V
[LIFT] V_Motors: 28.196 V
[LIFT] V_Compute: 28.784 V
[LIFT] V_Motors: 28.199 V
[LIFT] V_Compute: 28.782 V
[LIFT] V_Motors: 28.199 V
[LIFT] V_Compute: 28.786 V
[LIFT] V_Motors: 28.197 V
[LIFT] V_Compute: 28.782 V
[LIFT] V_Motors: 28.202 V
[LIFT] V_Compute: 28.781 V
[LIFT] V_Motors: 28.200 V
[LIFT] V_Compute: 28.781 V
[LIFT] V_Motors: 28.202 V
[LIFT] V_Compute: 28.789 V
[LIFT] V_Motors: 28.197 V
[LIFT] V_Compute: 28.785 V
[LIFT] V_Motors: 28.208 V
[LIFT] V_Compute: 28.782 V
[LIFT] V_Motors: 28.200 V
[LIFT] V_Compute: 28.777 V
[LIFT] V_Motors: 28.199 V
[LIFT] V_Compute: 28.777 V
[LIFT] V_Motors: 28.196 V
[LIFT] V_Compute: 28.780 V
[LIFT] V_Motors: 28.196 V
[LIFT] V_Compute: 28.784 V
[LIFT] V_Motors: 28.200 V
[LIFT] V_Compute: 28.785 V
[LIFT] V_Motors: 28.200 V
[LIFT] V_Compute: 28.780 V
[LIFT] V_Motors: 28.199 V
[LIFT] V_Compute: 28.785 V
[LIFT] V_Motors: 28.196 V
[LIFT] V_Compute: 28.772 V
[LIFT] V_Motors: 28.197 V
[LIFT] V_Compute: 28.785 V
[LIFT] V_Motors: 28.201 V
[LIFT] V_Compute: 28.790 V
[LIFT] V_Motors: 28.196 V
[LIFT] V_Compute: 28.788 V
[LIFT] V_Motors: 28.201 V
[LIFT] V_Compute: 28.789 V
[LIFT] V_Motors: 28.201 V
[LIFT] V_Compute: 28.777 V
[LIFT] V_Motors: 28.197 V
[LIFT] V_Compute: 28.780 V
[LIFT] V_Motors: 28.204 V
[LIFT] V_Compute: 28.780 V
[LIFT] V_Motors: 28.202 V
[LIFT] V_Compute: 28.779 V
[LIFT] V_Motors: 28.197 V
[LIFT] V_Compute: 28.781 V
[LIFT] V_Motors: 28.199 V
[LIFT] V_Compute: 28.780 V
[LIFT] V_Motors: 28.199 V
[LIFT] V_Compute: 28.785 V
[LIFT] V_Motors: 28.202 V
[LIFT] V_Compute: 28.774 V
[LIFT] V_Motors: 28.190 V
[LIFT] V_Compute: 28.779 V
[LIFT] V_Motors: 28.201 V
[LIFT] V_Compute: 28.766 V
[LIFT] V_Motors: 28.199 V
[LIFT] V_Compute: 28.788 V
[LIFT] V_Motors: 28.197 V
[LIFT] V_Compute: 28.782 V
[LIFT] V_Motors: 28.197 V
[LIFT] V_Compute: 28.784 V
[LIFT] V_Motors: 28.204 V
[LIFT] V_Compute: 28.780 V
[LIFT] V_Motors: 28.200 V
[LIFT] V_Compute: 28.779 V
[LIFT] V_Motors: 28.201 V
[LIFT] V_Compute: 28.779 V
[LIFT] V_Motors: 28.196 V
[LIFT] V_Compute: 28.785 V
[LIFT] V_Motors: 28.199 V
[LIFT] V_Compute: 28.786 V
[LIFT] V_Motors: 28.201 V
[LIFT] V_Compute: 28.781 V
[LIFT] V_Motors: 28.197 V
[LIFT] V_Compute: 28.776 V
[LIFT] V_Motors: 28.200 V
[LIFT] V_Compute: 28.784 V
[LIFT] V_Motors: 28.197 V
[LIFT] V_Compute: 28.780 V
[LIFT] V_Motors: 28.200 V
[LIFT] V_Compute: 28.782 V
[LIFT] V_Motors: 28.204 V
[LIFT] V_Compute: 28.777 V
[LIFT] V_Motors: 28.192 V
[LIFT] V_Compute: 28.761 V
[LIFT] V_Motors: 28.186 V
[LIFT] V_Compute: 28.766 V
[LIFT] V_Motors: 28.196 V
[LIFT] V_Compute: 28.780 V
[LIFT] V_Motors: 28.196 V
[LIFT] V_Compute: 28.781 V
[LIFT] V_Motors: 28.201 V
[LIFT] V_Compute: 28.771 V
[LIFT] V_Motors: 28.202 V
[LIFT] V_Compute: 28.770 V
[LIFT] V_Motors: 28.196 V
[LIFT] V_Compute: 28.784 V
[LIFT] V_Motors: 28.200 V
[LIFT] V_Compute: 28.780 V
[LIFT] V_Motors: 28.195 V
[LIFT] V_Compute: 28.780 V
[LIFT] V_Motors: 28.201 V
[LIFT] V_Compute: 28.780 V
[LIFT] V_Motors: 28.197 V
[LIFT] V_Compute: 28.780 V
[LIFT] V_Motors: 28.199 V
[LIFT] V_Compute: 28.769 V
[LIFT] V_Motors: 28.192 V
[LIFT] V_Compute: 28.779 V
[LIFT] V_Motors: 28.196 V
[LIFT] V_Compute: 28.781 V
[LIFT] V_Motors: 28.200 V
[LIFT] V_Compute: 28.775 V
[LIFT] V_Motors: 28.194 V
[LIFT] V_Compute: 28.775 V
[LIFT] V_Motors: 28.195 V
[LIFT] V_Compute: 28.771 V
[LIFT] V_Motors: 28.196 V
[LIFT] V_Compute: 28.781 V
[LIFT] V_Motors: 28.190 V
[LIFT] V_Compute: 28.782 V
[LIFT] V_Motors: 28.202 V
[LIFT] V_Compute: 28.785 V
[LIFT] V_Motors: 28.189 V
[LIFT] V_Compute: 28.776 V
[LIFT] V_Motors: 28.196 V
[LIFT] V_Compute: 28.772 V
[LIFT] V_Motors: 28.185 V
[LIFT] V_Compute: 28.790 V
[LIFT] V_Motors: 28.199 V
[LIFT] V_Compute: 28.781 V
[LIFT] V_Motors: 28.196 V
[LIFT] V_Compute: 28.780 V
[LIFT] V_Motors: 28.199 V
[LIFT] V_Compute: 28.781 V
[LIFT] V_Motors: 28.200 V
[LIFT] V_Compute: 28.784 V
[LIFT] V_Motors: 28.199 V
[LIFT] V_Compute: 28.780 V
[LIFT] V_Motors: 28.200 V
[LIFT] V_Compute: 28.785 V
[LIFT] V_Motors: 28.200 V
[LIFT] V_Compute: 28.776 V
[LIFT] V_Motors: 28.197 V
[LIFT] V_Compute: 28.777 V
[LIFT] V_Motors: 28.201 V
[LIFT] V_Compute: 28.766 V
[LIFT] V_Motors: 28.192 V
[LIFT] V_Compute: 28.779 V
[LIFT] V_Motors: 28.197 V
[LIFT] V_Compute: 28.775 V
[LIFT] V_Motors: 28.196 V
[LIFT] V_Compute: 28.780 V
[LIFT] V_Motors: 28.192 V
[LIFT] V_Compute: 28.769 V
[LIFT] V_Motors: 28.200 V
[LIFT] V_Compute: 28.782 V
[LIFT] V_Motors: 28.204 V
[LIFT] V_Compute: 28.776 V
[LIFT] V_Motors: 28.204 V
[LIFT] V_Compute: 28.786 V
[LIFT] V_Motors: 28.197 V
[LIFT] V_Compute: 28.771 V
[LIFT] V_Motors: 28.184 V
[LIFT] V_Compute: 28.786 V
[LIFT] V_Motors: 28.196 V
[LIFT] V_Compute: 28.776 V
[LIFT] V_Motors: 28.196 V
[LIFT] V_Compute: 28.776 V
[LIFT] V_Motors: 28.204 V
[LIFT] V_Compute: 28.781 V
[LIFT] V_Motors: 28.196 V
[LIFT] V_Compute: 28.779 V
[LIFT] V_Motors: 28.197 V
[LIFT] V_Compute: 28.777 V
[LIFT] V_Motors: 28.194 V
[LIFT] V_Compute: 28.782 V
[LIFT] V_Motors: 28.204 V
[LIFT] V_Compute: 28.784 V
[LIFT] V_Motors: 28.199 V
[LIFT] V_Compute: 28.779 V
[LIFT] V_Motors: 28.200 V
[LIFT] V_Compute: 28.775 V
[LIFT] V_Motors: 28.194 V
[LIFT] V_Compute: 28.764 V
[LIFT] V_Motors: 28.186 V
[LIFT] V_Compute: 28.774 V
[LIFT] V_Motors: 28.189 V
[LIFT] V_Compute: 28.779 V
[LIFT] V_Motors: 28.201 V
[LIFT] V_Compute: 28.776 V
[LIFT] V_Motors: 28.195 V
[LIFT] V_Compute: 28.785 V
[LIFT] V_Motors: 28.197 V
[LIFT] V_Compute: 28.781 V
[LIFT] V_Motors: 28.200 V
[LIFT] V_Compute: 28.771 V
[LIFT] V_Motors: 28.194 V
[LIFT] V_Compute: 28.777 V
[LIFT] V_Motors: 28.192 V
[LIFT] V_Compute: 28.770 V
[LIFT] V_Motors: 28.197 V
[LIFT] V_Compute: 28.767 V
[LIFT] V_Motors: 28.183 V
[LIFT] V_Compute: 28.782 V
[LIFT] V_Motors: 28.196 V
[LIFT] V_Compute: 28.777 V
[LIFT] V_Motors: 28.190 V
[LIFT] V_Compute: 28.777 V
[LIFT] V_Motors: 28.194 V
[LIFT] V_Compute: 28.770 V
[LIFT] V_Motors: 28.197 V
[LIFT] V_Compute: 28.786 V
[LIFT] V_Motors: 28.202 V
[LIFT] V_Compute: 28.784 V
[LIFT] V_Motors: 28.195 V
[LIFT] V_Compute: 28.779 V
[LIFT] V_Motors: 28.199 V
[LIFT] V_Compute: 28.772 V
[LIFT] V_Motors: 28.189 V
[LIFT] V_Compute: 28.769 V
[LIFT] V_Motors: 28.190 V
[LIFT] V_Compute: 28.782 V
[LIFT] V_Motors: 28.197 V
[LIFT] V_Compute: 28.777 V
[LIFT] V_Motors: 28.200 V
[LIFT] V_Compute: 28.781 V
[LIFT] V_Motors: 28.201 V
[LIFT] V_Compute: 28.780 V
[LIFT] V_Motors: 28.202 V
[LIFT] V_Compute: 28.770 V
[LIFT] V_Motors: 28.191 V
[LIFT] V_Compute: 28.784 V
[LIFT] V_Motors: 28.197 V
[LIFT] V_Compute: 28.767 V
[LIFT] V_Motors: 28.194 V
[LIFT] V_Compute: 28.788 V
[LIFT] V_Motors: 28.200 V
[LIFT] V_Compute: 28.769 V
[LIFT] V_Motors: 28.184 V
[LIFT] V_Compute: 28.791 V
[LIFT] V_Motors: 28.199 V
[LIFT] V_Compute: 28.780 V
[LIFT] V_Motors: 28.192 V
[LIFT] V_Compute: 28.777 V
[LIFT] V_Motors: 28.201 V
[LIFT] V_Compute: 28.782 V
[LIFT] V_Motors: 28.199 V
[LIFT] V_Compute: 28.770 V
[LIFT] V_Motors: 28.191 V
[LIFT] V_Compute: 28.781 V
[LIFT] V_Motors: 28.187 V
[LIFT] V_Compute: 28.780 V
[LIFT] V_Motors: 28.199 V
[LIFT] V_Compute: 28.767 V
[LIFT] V_Motors: 28.190 V
[LIFT] V_Compute: 28.780 V
[LIFT] V_Motors: 28.192 V
[LIFT] V_Compute: 28.771 V
[LIFT] V_Motors: 28.189 V
[LIFT] V_Compute: 28.771 V
[LIFT] V_Motors: 28.195 V
[LIFT] V_Compute: 28.775 V
[LIFT] V_Motors: 28.195 V
[LIFT] V_Compute: 28.777 V
[LIFT] V_Motors: 28.196 V
[LIFT] V_Compute: 28.769 V
[LIFT] V_Motors: 28.191 V
[LIFT] V_Compute: 28.770 V
[LIFT] V_Motors: 28.191 V
[LIFT] V_Compute: 28.771 V
[LIFT] V_Motors: 28.183 V
[LIFT] V_Compute: 28.767 V
[LIFT] V_Motors: 28.194 V
[LIFT] V_Compute: 28.764 V
[LIFT] V_Motors: 28.183 V
[LIFT] V_Compute: 28.777 V
[LIFT] V_Motors: 28.195 V
[LIFT] V_Compute: 28.766 V
[LIFT] V_Motors: 28.191 V
[LIFT] V_Compute: 28.771 V
[LIFT] V_Motors: 28.194 V
[LIFT] V_Compute: 28.769 V
[LIFT] V_Motors: 28.191 V
[LIFT] V_Compute: 28.777 V
[LIFT] V_Motors: 28.196 V
[LIFT] V_Compute: 28.772 V
[LIFT] V_Motors: 28.190 V
[LIFT] V_Compute: 28.767 V
[LIFT] V_Motors: 28.184 V
[LIFT] V_Compute: 28.772 V
[LIFT] V_Motors: 28.195 V
[LIFT] V_Compute: 28.777 V
[LIFT] V_Motors: 28.196 V
[LIFT] V_Compute: 28.771 V
[LIFT] V_Motors: 28.187 V
[LIFT] V_Compute: 28.780 V
[LIFT] V_Motors: 28.199 V
[LIFT] V_Compute: 28.780 V
[LIFT] V_Motors: 28.192 V
[LIFT] V_Compute: 28.789 V
[LIFT] V_Motors: 28.200 V
[LIFT] V_Compute: 28.771 V
[LIFT] V_Motors: 28.196 V
[LIFT] V_Compute: 28.780 V
[LIFT] V_Motors: 28.199 V
[LIFT] V_Compute: 28.779 V
[LIFT] V_Motors: 28.197 V
[LIFT] V_Compute: 28.784 V
[LIFT] V_Motors: 28.199 V
[LIFT] V_Compute: 28.775 V
[LIFT] V_Motors: 28.192 V
[LIFT] V_Compute: 28.784 V
[LIFT] V_Motors: 28.199 V
[LIFT] V_Compute: 28.771 V
[LIFT] V_Motors: 28.191 V
[LIFT] V_Compute: 28.760 V
[LIFT] V_Motors: 28.183 V
[LIFT] V_Compute: 28.776 V
[LIFT] V_Motors: 28.187 V
[LIFT] V_Compute: 28.780 V
[LIFT] V_Motors: 28.194 V
[LIFT] V_Compute: 28.777 V
[LIFT] V_Motors: 28.199 V
[LIFT] V_Compute: 28.777 V
[LIFT] V_Motors: 28.195 V
[LIFT] V_Compute: 28.770 V
[LIFT] V_Motors: 28.190 V
[LIFT] V_Compute: 28.774 V
[LIFT] V_Motors: 28.190 V
[LIFT] V_Compute: 28.766 V
[LIFT] V_Motors: 28.190 V
[LIFT] V_Compute: 28.777 V
[LIFT] V_Motors: 28.191 V
[LIFT] V_Compute: 28.765 V
[LIFT] V_Motors: 28.183 V
[LIFT] V_Compute: 28.775 V
[LIFT] V_Motors: 28.192 V
[LIFT] V_Compute: 28.764 V
[LIFT] V_Motors: 28.185 V
[LIFT] V_Compute: 28.776 V
[LIFT] V_Motors: 28.187 V
[LIFT] V_Compute: 28.777 V
[LIFT] V_Motors: 28.194 V
[LIFT] V_Compute: 28.775 V
[LIFT] V_Motors: 28.191 V
[LIFT] V_Compute: 28.777 V
[LIFT] V_Motors: 28.189 V
[LIFT] V_Compute: 28.769 V
[LIFT] V_Motors: 28.196 V
[LIFT] V_Compute: 28.777 V
[LIFT] V_Motors: 28.189 V
[LIFT] V_Compute: 28.777 V
[LIFT] V_Motors: 28.189 V
[LIFT] V_Compute: 28.781 V
[LIFT] V_Motors: 28.197 V
[LIFT] V_Compute: 28.777 V
[LIFT] V_Motors: 28.201 V
[LIFT] V_Compute: 28.780 V
[LIFT] V_Motors: 28.189 V
[LIFT] V_Compute: 28.784 V
[LIFT] V_Motors: 28.201 V
[LIFT] V_Compute: 28.779 V
[LIFT] V_Motors: 28.192 V
[LIFT] V_Compute: 28.766 V
[LIFT] V_Motors: 28.187 V
[LIFT] V_Compute: 28.780 V
[LIFT] V_Motors: 28.194 V
[LIFT] V_Compute: 28.782 V
[LIFT] V_Motors: 28.195 V
[LIFT] V_Compute: 28.781 V
[LIFT] V_Motors: 28.195 V
[LIFT] V_Compute: 28.780 V
[LIFT] V_Motors: 28.195 V
[LIFT] V_Compute: 28.766 V
[LIFT] V_Motors: 28.194 V
[LIFT] V_Compute: 28.774 V
[LIFT] V_Motors: 28.199 V
[LIFT] V_Compute: 28.779 V
[LIFT] V_Motors: 28.194 V
[LIFT] V_Compute: 28.782 V
[LIFT] V_Motors: 28.197 V
[LIFT] V_Compute: 28.776 V
[LIFT] V_Motors: 28.195 V
[LIFT] V_Compute: 28.781 V
[LIFT] V_Motors: 28.202 V
[LIFT] V_Compute: 28.771 V
[LIFT] V_Motors: 28.196 V
[LIFT] V_Compute: 28.779 V
[LIFT] V_Motors: 28.197 V
[LIFT] V_Compute: 28.774 V
[LIFT] V_Motors: 28.200 V
[LIFT] V_Compute: 28.775 V
[LIFT] V_Motors: 28.196 V
[LIFT] V_Compute: 28.769 V
[LIFT] V_Motors: 28.192 V
[LIFT] V_Compute: 28.779 V
[LIFT] V_Motors: 28.194 V
[LIFT] V_Compute: 28.772 V
[LIFT] V_Motors: 28.194 V
[LIFT] V_Compute: 28.769 V
[LIFT] V_Motors: 28.195 V
[LIFT] V_Compute: 28.766 V
[LIFT] V_Motors: 28.189 V
[LIFT] V_Compute: 28.767 V
[LIFT] V_Motors: 28.190 V
[LIFT] V_Compute: 28.753 V
[LIFT] V_Motors: 28.194 V
[LIFT] V_Compute: 28.774 V
[LIFT] V_Motors: 28.190 V
[LIFT] V_Compute: 28.770 V
[LIFT] V_Motors: 28.194 V
[LIFT] V_Compute: 28.775 V
[LIFT] V_Motors: 28.190 V
[LIFT] V_Compute: 28.771 V
[LIFT] V_Motors: 28.191 V
[LIFT] V_Compute: 28.779 V
[LIFT] V_Motors: 28.195 V
[LIFT] V_Compute: 28.777 V
[LIFT] V_Motors: 28.196 V
[LIFT] V_Compute: 28.779 V
[LIFT] V_Motors: 28.197 V
[LIFT] V_Compute: 28.781 V
[LIFT] V_Motors: 28.199 V
[LIFT] V_Compute: 28.781 V
[LIFT] V_Motors: 28.197 V
[LIFT] V_Compute: 28.784 V
[LIFT] V_Motors: 28.197 V
[LIFT] V_Compute: 28.776 V
[LIFT] V_Motors: 28.201 V
[LIFT] V_Compute: 28.774 V
[LIFT] V_Motors: 28.192 V
[LIFT] V_Compute: 28.782 V
[LIFT] V_Motors: 28.196 V
[LIFT] V_Compute: 28.774 V
[LIFT] V_Motors: 28.196 V
[LIFT] V_Compute: 28.782 V
[LIFT] V_Motors: 28.199 V
[LIFT] V_Compute: 28.782 V
[LIFT] V_Motors: 28.196 V
[LIFT] V_Compute: 28.775 V
[LIFT] V_Motors: 28.192 V
[LIFT] V_Compute: 28.772 V
[LIFT] V_Motors: 28.199 V
[LIFT] V_Compute: 28.775 V
[LIFT] V_Motors: 28.194 V
[LIFT] V_Compute: 28.780 V
[LIFT] V_Motors: 28.194 V
[LIFT] V_Compute: 28.781 V
[LIFT] V_Motors: 28.201 V
[LIFT] V_Compute: 28.779 V
[LIFT] V_Motors: 28.196 V
[LIFT] V_Compute: 28.770 V
[LIFT] V_Motors: 28.186 V
[LIFT] V_Compute: 28.780 V
[LIFT] V_Motors: 28.196 V
[LIFT] V_Compute: 28.782 V
[LIFT] V_Motors: 28.196 V
[LIFT] V_Compute: 28.776 V
[LIFT] V_Motors: 28.199 V
[LIFT] V_Compute: 28.770 V
[LIFT] V_Motors: 28.190 V
[LIFT] V_Compute: 28.761 V
[LIFT] V_Motors: 28.180 V
[LIFT] V_Compute: 28.769 V
[LIFT] V_Motors: 28.194 V
[LIFT] V_Compute: 28.763 V
[LIFT] V_Motors: 28.181 V
[LIFT] V_Compute: 28.756 V
[LIFT] V_Motors: 28.179 V
[LIFT] V_Compute: 28.775 V
[LIFT] V_Motors: 28.194 V
[LIFT] V_Compute: 28.767 V
[LIFT] V_Motors: 28.185 V
[LIFT] V_Compute: 28.775 V
[LIFT] V_Motors: 28.189 V
[LIFT] V_Compute: 28.769 V
[LIFT] V_Motors: 28.199 V
[LIFT] V_Compute: 28.772 V
[LIFT] V_Motors: 28.192 V
[LIFT] V_Compute: 28.771 V
[LIFT] V_Motors: 28.195 V
[LIFT] V_Compute: 28.766 V
[LIFT] V_Motors: 28.184 V
[LIFT] V_Compute: 28.777 V
[LIFT] V_Motors: 28.195 V
[LIFT] V_Compute: 28.767 V
[LIFT] V_Motors: 28.191 V
[LIFT] V_Compute: 28.777 V
[LIFT] V_Motors: 28.192 V
[LIFT] V_Compute: 28.779 V
[LIFT] V_Motors: 28.195 V
[LIFT] V_Compute: 28.760 V
[LIFT] V_Motors: 28.183 V
[LIFT] V_Compute: 28.766 V
[LIFT] V_Motors: 28.199 V
[LIFT] V_Compute: 28.780 V
[LIFT] V_Motors: 28.195 V
[LIFT] V_Compute: 28.775 V
[LIFT] V_Motors: 28.196 V
[LIFT] V_Compute: 28.785 V
[LIFT] V_Motors: 28.196 V
[LIFT] V_Compute: 28.771 V
[LIFT] V_Motors: 28.189 V
[LIFT] V_Compute: 28.781 V
[LIFT] V_Motors: 28.199 V
[LIFT] V_Compute: 28.777 V
[LIFT] V_Motors: 28.197 V
[LIFT] V_Compute: 28.782 V
[LIFT] V_Motors: 28.195 V
[LIFT] V_Compute: 28.779 V
[LIFT] V_Motors: 28.197 V
[LIFT] V_Compute: 28.780 V
[LIFT] V_Motors: 28.192 V
[LIFT] V_Compute: 28.785 V
[LIFT] V_Motors: 28.194 V
[LIFT] V_Compute: 28.777 V
[LIFT] V_Motors: 28.199 V
[LIFT] V_Compute: 28.777 V
[LIFT] V_Motors: 28.199 V
[LIFT] V_Compute: 28.782 V
[LIFT] V_Motors: 28.200 V
[LIFT] V_Compute: 28.780 V
[LIFT] V_Motors: 28.195 V
[LIFT] V_Compute: 28.776 V
[LIFT] V_Motors: 28.197 V
[LIFT] V_Compute: 28.779 V
[LIFT] V_Motors: 28.197 V
[LIFT] V_Compute: 28.784 V
[LIFT] V_Motors: 28.199 V
[LIFT] V_Compute: 28.780 V
[LIFT] V_Motors: 28.197 V
[LIFT] V_Compute: 28.781 V
[LIFT] V_Motors: 28.195 V
[LIFT] V_Compute: 28.780 V
[LIFT] V_Motors: 28.199 V
[LIFT] V_Compute: 28.772 V
[LIFT] V_Motors: 28.196 V
[LIFT] V_Compute: 28.775 V
[LIFT] V_Motors: 28.199 V
[LIFT] V_Compute: 28.776 V
[LIFT] V_Motors: 28.196 V
[LIFT] V_Compute: 28.784 V
[LIFT] V_Motors: 28.196 V
[LIFT] V_Compute: 28.777 V
[LIFT] V_Motors: 28.196 V
[LIFT] V_Compute: 28.784 V
[LIFT] V_Motors: 28.201 V
[LIFT] V_Compute: 28.780 V
[LIFT] V_Motors: 28.192 V
[LIFT] V_Compute: 28.780 V
[LIFT] V_Motors: 28.197 V
[LIFT] V_Compute: 28.771 V
[LIFT] V_Motors: 28.196 V
[LIFT] V_Compute: 28.780 V
[LIFT] V_Motors: 28.197 V
[LIFT] V_Compute: 28.784 V
[LIFT] V_Motors: 28.190 V
[LIFT] V_Compute: 28.777 V
[LIFT] V_Motors: 28.196 V
[LIFT] V_Compute: 28.774 V
[LIFT] V_Motors: 28.194 V
[LIFT] V_Compute: 28.780 V
[LIFT] V_Motors: 28.200 V
[LIFT] V_Compute: 28.777 V
[LIFT] V_Motors: 28.197 V
[LIFT] V_Compute: 28.781 V
[LIFT] V_Motors: 28.197 V
[LIFT] V_Compute: 28.771 V
[LIFT] V_Motors: 28.199 V
[LIFT] V_Compute: 28.763 V
[LIFT] V_Motors: 28.191 V
[LIFT] V_Compute: 28.781 V
[LIFT] V_Motors: 28.196 V
[LIFT] V_Compute: 28.777 V
[LIFT] V_Motors: 28.197 V
[LIFT] V_Compute: 28.781 V
[LIFT] V_Motors: 28.201 V
[LIFT] V_Compute: 28.785 V
[LIFT] V_Motors: 28.199 V
[LIFT] V_Compute: 28.777 V
[LIFT] V_Motors: 28.190 V
[LIFT] V_Compute: 28.774 V
[LIFT] V_Motors: 28.195 V
[LIFT] V_Compute: 28.779 V
[LIFT] V_Motors: 28.196 V
[LIFT] V_Compute: 28.776 V
[LIFT] V_Motors: 28.199 V
[LIFT] V_Compute: 28.771 V
[LIFT] V_Motors: 28.197 V
[LIFT] V_Compute: 28.775 V
[LIFT] V_Motors: 28.197 V
[LIFT] V_Compute: 28.776 V
[LIFT] V_Motors: 28.192 V
[LIFT] V_Compute: 28.777 V
[LIFT] V_Motors: 28.196 V
[LIFT] V_Compute: 28.776 V
[LIFT] V_Motors: 28.196 V
[LIFT] V_Compute: 28.780 V
[LIFT] V_Motors: 28.197 V
[LIFT] V_Compute: 28.775 V
[LIFT] V_Motors: 28.199 V
[LIFT] V_Compute: 28.775 V
[LIFT] V_Motors: 28.199 V
[LIFT] V_Compute: 28.780 V
[LIFT] V_Motors: 28.197 V
[LIFT] V_Compute: 28.784 V
[LIFT] V_Motors: 28.196 V
[LIFT] V_Compute: 28.786 V
[LIFT] V_Motors: 28.199 V
[LIFT] V_Compute: 28.779 V
[LIFT] V_Motors: 28.196 V
[LIFT] V_Compute: 28.772 V
[LIFT] V_Motors: 28.196 V
[LIFT] V_Compute: 28.780 V
[LIFT] V_Motors: 28.201 V
[LIFT] V_Compute: 28.786 V
[LIFT] V_Motors: 28.196 V
[LIFT] V_Compute: 28.774 V
[LIFT] V_Motors: 28.191 V
[LIFT] V_Compute: 28.774 V
[LIFT] V_Motors: 28.195 V
[LIFT] V_Compute: 28.780 V
[LIFT] V_Motors: 28.195 V
[LIFT] V_Compute: 28.780 V
[LIFT] V_Motors: 28.197 V
[LIFT] V_Compute: 28.771 V
[LIFT] V_Motors: 28.199 V
[LIFT] V_Compute: 28.780 V
[LIFT] V_Motors: 28.194 V
[LIFT] V_Compute: 28.779 V
[LIFT] V_Motors: 28.196 V
[LIFT] V_Compute: 28.777 V
[LIFT] V_Motors: 28.190 V
[LIFT] V_Compute: 28.772 V
[LIFT] V_Motors: 28.195 V
[LIFT] V_Compute: 28.777 V
[LIFT] V_Motors: 28.197 V
[LIFT] V_Compute: 28.777 V
[LIFT] V_Motors: 28.196 V
[LIFT] V_Compute: 28.781 V
[LIFT] V_Motors: 28.197 V
[LIFT] V_Compute: 28.776 V
[LIFT] V_Motors: 28.199 V
[LIFT] V_Compute: 28.771 V
[LIFT] V_Motors: 28.200 V
[LIFT] V_Compute: 28.777 V
[LIFT] V_Motors: 28.200 V
[LIFT] V_Compute: 28.775 V
[LIFT] V_Motors: 28.196 V
[LIFT] V_Compute: 28.779 V
[LIFT] V_Motors: 28.195 V
[LIFT] V_Compute: 28.779 V
[LIFT] V_Motors: 28.199 V
[LIFT] V_Compute: 28.780 V
[LIFT] V_Motors: 28.195 V
[LIFT] V_Compute: 28.781 V
[LIFT] V_Motors: 28.199 V
[LIFT] V_Compute: 28.763 V
[LIFT] V_Motors: 28.180 V
[LIFT] V_Compute: 28.775 V
[LIFT] V_Motors: 28.195 V
[LIFT] V_Compute: 28.780 V
[LIFT] V_Motors: 28.195 V
[LIFT] V_Compute: 28.777 V
[LIFT] V_Motors: 28.194 V
[LIFT] V_Compute: 28.775 V
[LIFT] V_Motors: 28.199 V
[LIFT] V_Compute: 28.777 V
[LIFT] V_Motors: 28.196 V
[LIFT] V_Compute: 28.779 V
[LIFT] V_Motors: 28.194 V
[LIFT] V_Compute: 28.777 V
[LIFT] V_Motors: 28.192 V
[LIFT] V_Compute: 28.777 V
[LIFT] V_Motors: 28.194 V
[LIFT] V_Compute: 28.779 V
[LIFT] V_Motors: 28.189 V
[LIFT] V_Compute: 28.779 V
[LIFT] V_Motors: 28.196 V
[LIFT] V_Compute: 28.775 V
[LIFT] V_Motors: 28.197 V
[LIFT] V_Compute: 28.780 V
[LIFT] V_Motors: 28.196 V
[LIFT] V_Compute: 28.777 V
[LIFT] V_Motors: 28.200 V
[LIFT] V_Compute: 28.786 V
[LIFT] V_Motors: 28.197 V
[LIFT] V_Compute: 28.781 V
[LIFT] V_Motors: 28.199 V
[LIFT] V_Compute: 28.780 V
[LIFT] V_Motors: 28.194 V
[LIFT] V_Compute: 28.784 V
[LIFT] V_Motors: 28.192 V
[LIFT] V_Compute: 28.780 V
[LIFT] V_Motors: 28.199 V
[LIFT] V_Compute: 28.779 V
[LIFT] V_Motors: 28.194 V
[LIFT] V_Compute: 28.774 V
[LIFT] V_Motors: 28.197 V
[LIFT] V_Compute: 28.776 V
[LIFT] V_Motors: 28.195 V
[LIFT] V_Compute: 28.779 V
[LIFT] V_Motors: 28.194 V
[LIFT] V_Compute: 28.780 V
[LIFT] V_Motors: 28.197 V
[LIFT] V_Compute: 28.780 V
[LIFT] V_Motors: 28.195 V
[LIFT] V_Compute: 28.772 V
[LIFT] V_Motors: 28.192 V
[LIFT] V_Compute: 28.781 V
[LIFT] V_Motors: 28.184 V
[LIFT] V_Compute: 28.757 V
[LIFT] V_Motors: 28.184 V
[LIFT] V_Compute: 28.766 V
[LIFT] V_Motors: 28.181 V
[LIFT] V_Compute: 28.756 V
[LIFT] V_Motors: 28.180 V
[LIFT] V_Compute: 28.759 V
[LIFT] V_Motors: 28.176 V
[LIFT] V_Compute: 28.781 V
[LIFT] V_Motors: 28.192 V
[LIFT] V_Compute: 28.777 V
[LIFT] V_Motors: 28.190 V
[LIFT] V_Compute: 28.771 V
[LIFT] V_Motors: 28.197 V
[LIFT] V_Compute: 28.780 V
[LIFT] V_Motors: 28.195 V
[LIFT] V_Compute: 28.780 V
[LIFT] V_Motors: 28.191 V
[LIFT] V_Compute: 28.777 V
[LIFT] V_Motors: 28.190 V
[LIFT] V_Compute: 28.777 V
[LIFT] V_Motors: 28.194 V
[LIFT] V_Compute: 28.775 V
[LIFT] V_Motors: 28.190 V
[LIFT] V_Compute: 28.757 V
[LIFT] V_Motors: 28.183 V
[LIFT] V_Compute: 28.784 V
[LIFT] V_Motors: 28.187 V
[LIFT] V_Compute: 28.776 V
[LIFT] V_Motors: 28.197 V
[LIFT] V_Compute: 28.782 V
[LIFT] V_Motors: 28.200 V
[LIFT] V_Compute: 28.782 V
[LIFT] V_Motors: 28.194 V
[LIFT] V_Compute: 28.774 V
[LIFT] V_Motors: 28.196 V
[LIFT] V_Compute: 28.775 V
[LIFT] V_Motors: 28.199 V
[LIFT] V_Compute: 28.775 V
[LIFT] V_Motors: 28.197 V
[LIFT] V_Compute: 28.775 V
[LIFT] V_Motors: 28.201 V
[LIFT] V_Compute: 28.781 V
[LIFT] V_Motors: 28.195 V
[LIFT] V_Compute: 28.779 V
[LIFT] V_Motors: 28.195 V
[LIFT] V_Compute: 28.780 V
[LIFT] V_Motors: 28.194 V
[LIFT] V_Compute: 28.779 V
[LIFT] V_Motors: 28.191 V
[LIFT] V_Compute: 28.775 V
[LIFT] V_Motors: 28.199 V
[LIFT] V_Compute: 28.775 V
[LIFT] V_Motors: 28.196 V
[LIFT] V_Compute: 28.780 V
[LIFT] V_Motors: 28.194 V
[LIFT] V_Compute: 28.771 V
[LIFT] V_Motors: 28.191 V
[LIFT] V_Compute: 28.776 V
[LIFT] V_Motors: 28.187 V
[LIFT] V_Compute: 28.770 V
[LIFT] V_Motors: 28.195 V
[LIFT] V_Compute: 28.771 V
[LIFT] V_Motors: 28.186 V
[LIFT] V_Compute: 28.771 V
[LIFT] V_Motors: 28.190 V
[LIFT] V_Compute: 28.770 V
[LIFT] V_Motors: 28.189 V
[LIFT] V_Compute: 28.770 V
[LIFT] V_Motors: 28.190 V
[LIFT] V_Compute: 28.764 V
[LIFT] V_Motors: 28.185 V
[LIFT] V_Compute: 28.774 V
[LIFT] V_Motors: 28.187 V
[LIFT] V_Compute: 28.775 V
[LIFT] V_Motors: 28.187 V
[LIFT] V_Compute: 28.774 V
[LIFT] V_Motors: 28.192 V
[LIFT] V_Compute: 28.774 V
[LIFT] V_Motors: 28.186 V
[LIFT] V_Compute: 28.771 V
[LIFT] V_Motors: 28.192 V
[LIFT] V_Compute: 28.775 V
[LIFT] V_Motors: 28.187 V
[LIFT] V_Compute: 28.769 V
[LIFT] V_Motors: 28.190 V
[LIFT] V_Compute: 28.775 V
[LIFT] V_Motors: 28.192 V
[LIFT] V_Compute: 28.777 V
[LIFT] V_Motors: 28.195 V
[LIFT] V_Compute: 28.772 V
[LIFT] V_Motors: 28.195 V
[LIFT] V_Compute: 28.777 V
[LIFT] V_Motors: 28.196 V
[LIFT] V_Compute: 28.774 V
[LIFT] V_Motors: 28.191 V
[LIFT] V_Compute: 28.775 V
[LIFT] V_Motors: 28.189 V
[LIFT] V_Compute: 28.780 V
[LIFT] V_Motors: 28.195 V
[LIFT] V_Compute: 28.772 V
[LIFT] V_Motors: 28.197 V
[LIFT] V_Compute: 28.760 V
[LIFT] V_Motors: 28.177 V
[LIFT] V_Compute: 28.777 V
[LIFT] V_Motors: 28.200 V
[LIFT] V_Compute: 28.775 V
[LIFT] V_Motors: 28.196 V
[LIFT] V_Compute: 28.772 V
[LIFT] V_Motors: 28.194 V
[LIFT] V_Compute: 28.774 V
[LIFT] V_Motors: 28.199 V
[LIFT] V_Compute: 28.770 V
[LIFT] V_Motors: 28.189 V
[LIFT] V_Compute: 28.771 V
[LIFT] V_Motors: 28.199 V
[LIFT] V_Compute: 28.780 V
[LIFT] V_Motors: 28.195 V
[LIFT] V_Compute: 28.776 V
[LIFT] V_Motors: 28.194 V
[LIFT] V_Compute: 28.779 V
[LIFT] V_Motors: 28.191 V
[LIFT] V_Compute: 28.776 V
[LIFT] V_Motors: 28.196 V
[LIFT] V_Compute: 28.780 V
[LIFT] V_Motors: 28.197 V
[LIFT] V_Compute: 28.764 V
[LIFT] V_Motors: 28.183 V
[LIFT] V_Compute: 28.766 V
[LIFT] V_Motors: 28.181 V
[LIFT] V_Compute: 28.769 V
[LIFT] V_Motors: 28.186 V
[LIFT] V_Compute: 28.767 V
[LIFT] V_Motors: 28.187 V
[LIFT] V_Compute: 28.769 V
[LIFT] V_Motors: 28.186 V
[LIFT] V_Compute: 28.755 V
[LIFT] V_Motors: 28.183 V
[LIFT] V_Compute: 28.756 V
[LIFT] V_Motors: 28.175 V
[LIFT] V_Compute: 28.754 V
[LIFT] V_Motors: 28.177 V
[LIFT] V_Compute: 28.761 V
[LIFT] V_Motors: 28.180 V
[LIFT] V_Compute: 28.760 V
[LIFT] V_Motors: 28.181 V
[LIFT] V_Compute: 28.756 V
[LIFT] V_Motors: 28.173 V
[LIFT] V_Compute: 28.772 V
[LIFT] V_Motors: 28.191 V
[LIFT] V_Compute: 28.767 V
[LIFT] V_Motors: 28.189 V
[LIFT] V_Compute: 28.755 V
[LIFT] V_Motors: 28.180 V
[LIFT] V_Compute: 28.765 V
[LIFT] V_Motors: 28.185 V
[LIFT] V_Compute: 28.780 V
[LIFT] V_Motors: 28.194 V
[LIFT] V_Compute: 28.771 V
[LIFT] V_Motors: 28.187 V
[LIFT] V_Compute: 28.785 V
[LIFT] V_Motors: 28.196 V
[LIFT] V_Compute: 28.769 V
[LIFT] V_Motors: 28.195 V
[LIFT] V_Compute: 28.777 V
[LIFT] V_Motors: 28.187 V
[LIFT] V_Compute: 28.760 V
[LIFT] V_Motors: 28.186 V
[LIFT] V_Compute: 28.776 V
[LIFT] V_Motors: 28.192 V
[LIFT] V_Compute: 28.771 V
[LIFT] V_Motors: 28.190 V
[LIFT] V_Compute: 28.774 V
[LIFT] V_Motors: 28.192 V
[LIFT] V_Compute: 28.772 V
[LIFT] V_Motors: 28.192 V
[LIFT] V_Compute: 28.777 V
[LIFT] V_Motors: 28.194 V
[LIFT] V_Compute: 28.780 V
[LIFT] V_Motors: 28.197 V
[LIFT] V_Compute: 28.780 V
[LIFT] V_Motors: 28.197 V
[LIFT] V_Compute: 28.774 V
[LIFT] V_Motors: 28.199 V
[LIFT] V_Compute: 28.777 V
[LIFT] V_Motors: 28.197 V
[LIFT] V_Compute: 28.779 V
[LIFT] V_Motors: 28.192 V
[LIFT] V_Compute: 28.777 V
[LIFT] V_Motors: 28.189 V
[LIFT] V_Compute: 28.776 V
[LIFT] V_Motors: 28.192 V
[LIFT] V_Compute: 28.776 V
[LIFT] V_Motors: 28.192 V
[LIFT] V_Compute: 28.780 V
[LIFT] V_Motors: 28.196 V
[LIFT] V_Compute: 28.774 V
[LIFT] V_Motors: 28.192 V
[LIFT] V_Compute: 28.769 V
[LIFT] V_Motors: 28.184 V
[LIFT] V_Compute: 28.767 V
[LIFT] V_Motors: 28.187 V
[LIFT] V_Compute: 28.771 V
[LIFT] V_Motors: 28.187 V
[LIFT] V_Compute: 28.757 V
[LIFT] V_Motors: 28.179 V
[LIFT] V_Compute: 28.770 V
[LIFT] V_Motors: 28.187 V
[LIFT] V_Compute: 28.764 V
[LIFT] V_Motors: 28.186 V
[LIFT] V_Compute: 28.763 V
[LIFT] V_Motors: 28.177 V
[LIFT] V_Compute: 28.754 V
[LIFT] V_Motors: 28.175 V
[LIFT] V_Compute: 28.763 V
[LIFT] V_Motors: 28.184 V
[LIFT] V_Compute: 28.769 V
[LIFT] V_Motors: 28.187 V
[LIFT] V_Compute: 28.767 V
[LIFT] V_Motors: 28.189 V
[LIFT] V_Compute: 28.767 V
[LIFT] V_Motors: 28.185 V
[LIFT] V_Compute: 28.763 V
[LIFT] V_Motors: 28.185 V
[LIFT] V_Compute: 28.774 V
[LIFT] V_Motors: 28.194 V
[LIFT] V_Compute: 28.769 V
[LIFT] V_Motors: 28.194 V
[LIFT] V_Compute: 28.777 V
[LIFT] V_Motors: 28.194 V
[LIFT] V_Compute: 28.766 V
[LIFT] V_Motors: 28.186 V
[LIFT] V_Compute: 28.765 V
[LIFT] V_Motors: 28.194 V
[LIFT] V_Compute: 28.774 V
[LIFT] V_Motors: 28.187 V
[LIFT] V_Compute: 28.771 V
[LIFT] V_Motors: 28.192 V
[LIFT] V_Compute: 28.777 V
[LIFT] V_Motors: 28.195 V
[LIFT] V_Compute: 28.774 V
[LIFT] V_Motors: 28.186 V
[LIFT] V_Compute: 28.775 V
[LIFT] V_Motors: 28.194 V
[LIFT] V_Compute: 28.776 V
[LIFT] V_Motors: 28.192 V
[LIFT] V_Compute: 28.775 V
[LIFT] V_Motors: 28.196 V
[LIFT] V_Compute: 28.775 V
[LIFT] V_Motors: 28.192 V
[LIFT] V_Compute: 28.780 V
[LIFT] V_Motors: 28.194 V
[LIFT] V_Compute: 28.764 V
[LIFT] V_Motors: 28.181 V
[LIFT] V_Compute: 28.776 V
[LIFT] V_Motors: 28.190 V
[LIFT] V_Compute: 28.772 V
[LIFT] V_Motors: 28.194 V
[LIFT] V_Compute: 28.777 V
[LIFT] V_Motors: 28.194 V
[LIFT] V_Compute: 28.775 V
[LIFT] V_Motors: 28.194 V
[LIFT] V_Compute: 28.770 V
[LIFT] V_Motors: 28.199 V
[LIFT] V_Compute: 28.782 V
[LIFT] V_Motors: 28.194 V
[LIFT] V_Compute: 28.777 V
[LIFT] V_Motors: 28.195 V
[LIFT] V_Compute: 28.774 V
[LIFT] V_Motors: 28.196 V
[LIFT] V_Compute: 28.763 V
[LIFT] V_Motors: 28.184 V
[LIFT] V_Compute: 28.771 V
[LIFT] V_Motors: 28.194 V
[LIFT] V_Compute: 28.771 V
[LIFT] V_Motors: 28.192 V
[LIFT] V_Compute: 28.769 V
[LIFT] V_Motors: 28.196 V
[LIFT] V_Compute: 28.774 V
[LIFT] V_Motors: 28.189 V
[LIFT] V_Compute: 28.769 V
[LIFT] V_Motors: 28.186 V
[LIFT] V_Compute: 28.774 V
[LIFT] V_Motors: 28.195 V
[LIFT] V_Compute: 28.775 V
[LIFT] V_Motors: 28.192 V
[LIFT] V_Compute: 28.772 V
[LIFT] V_Motors: 28.190 V
[LIFT] V_Compute: 28.774 V
[LIFT] V_Motors: 28.195 V
[LIFT] V_Compute: 28.771 V
[LIFT] V_Motors: 28.195 V
[LIFT] V_Compute: 28.775 V
[LIFT] V_Motors: 28.190 V
[LIFT] V_Compute: 28.769 V
[LIFT] V_Motors: 28.197 V
[LIFT] V_Compute: 28.776 V
[LIFT] V_Motors: 28.194 V
[LIFT] V_Compute: 28.767 V
[LIFT] V_Motors: 28.194 V
[LIFT] V_Compute: 28.771 V
[LIFT] V_Motors: 28.184 V
[LIFT] V_Compute: 28.776 V
[LIFT] V_Motors: 28.192 V
[LIFT] V_Compute: 28.774 V
[LIFT] V_Motors: 28.189 V
[LIFT] V_Compute: 28.772 V
[LIFT] V_Motors: 28.191 V
[LIFT] V_Compute: 28.770 V
[LIFT] V_Motors: 28.196 V
[LIFT] V_Compute: 28.767 V
[LIFT] V_Motors: 28.194 V
[LIFT] V_Compute: 28.772 V
[LIFT] V_Motors: 28.195 V
[LIFT] V_Compute: 28.770 V
[LIFT] V_Motors: 28.190 V
[LIFT] V_Compute: 28.774 V
[LIFT] V_Motors: 28.192 V
[LIFT] V_Compute: 28.774 V
[LIFT] V_Motors: 28.187 V
[LIFT] V_Compute: 28.777 V
[LIFT] V_Motors: 28.192 V
[LIFT] V_Compute: 28.771 V
[LIFT] V_Motors: 28.195 V
[LIFT] V_Compute: 28.767 V
[LIFT] V_Motors: 28.187 V
[LIFT] V_Compute: 28.757 V
[LIFT] V_Motors: 28.186 V
[LIFT] V_Compute: 28.763 V
[LIFT] V_Motors: 28.183 V
[LIFT] V_Compute: 28.774 V
[LIFT] V_Motors: 28.187 V
[LIFT] V_Compute: 28.772 V
[LIFT] V_Motors: 28.195 V
[LIFT] V_Compute: 28.774 V
[LIFT] V_Motors: 28.187 V
[LIFT] V_Compute: 28.781 V
[LIFT] V_Motors: 28.190 V
[LIFT] V_Compute: 28.764 V
[LIFT] V_Motors: 28.186 V
[LIFT] V_Compute: 28.772 V
[LIFT] V_Motors: 28.197 V
[LIFT] V_Compute: 28.774 V
[LIFT] V_Motors: 28.194 V
[LIFT] V_Compute: 28.777 V
[LIFT] V_Motors: 28.195 V
[LIFT] V_Compute: 28.772 V
[LIFT] V_Motors: 28.190 V
[LIFT] V_Compute: 28.775 V
[LIFT] V_Motors: 28.189 V
[LIFT] V_Compute: 28.771 V
[LIFT] V_Motors: 28.185 V
[LIFT] V_Compute: 28.761 V
[LIFT] V_Motors: 28.187 V
[LIFT] V_Compute: 28.774 V
[LIFT] V_Motors: 28.194 V
[LIFT] V_Compute: 28.776 V
[LIFT] V_Motors: 28.196 V
[LIFT] V_Compute: 28.765 V
[LIFT] V_Motors: 28.190 V
[LIFT] V_Compute: 28.777 V
[LIFT] V_Motors: 28.191 V
[LIFT] V_Compute: 28.766 V
[LIFT] V_Motors: 28.191 V
[LIFT] V_Compute: 28.772 V
[LIFT] V_Motors: 28.186 V
[LIFT] V_Compute: 28.765 V
[LIFT] V_Motors: 28.189 V
[LIFT] V_Compute: 28.776 V
[LIFT] V_Motors: 28.194 V
[LIFT] V_Compute: 28.770 V
[LIFT] V_Motors: 28.034 V
[LIFT] V_Compute: 28.776 V
[LIFT] V_Motors: 28.181 V
[LIFT] V_Compute: 28.770 V
[LIFT] V_Motors: 28.159 V
[LIFT] V_Compute: 28.760 V
[LIFT] V_Motors: 28.175 V
[LIFT] V_Compute: 28.772 V
[LIFT] V_Motors: 28.189 V
[LIFT] V_Compute: 28.772 V
[LIFT] V_Motors: 28.005 V
[LIFT] V_Compute: 28.771 V
[LIFT] V_Motors: 28.187 V
[LIFT] V_Compute: 28.775 V
[LIFT] V_Motors: 28.187 V
[LIFT] V_Compute: 28.769 V
[LIFT] V_Motors: 28.176 V
[LIFT] V_Compute: 28.777 V
[LIFT] V_Motors: 28.118 V
[LIFT] V_Compute: 28.774 V
[LIFT] V_Motors: 28.186 V
[LIFT] V_Compute: 28.772 V
[LIFT] V_Motors: 28.183 V
[LIFT] V_Compute: 28.759 V
[LIFT] V_Motors: 28.176 V
[LIFT] V_Compute: 28.781 V
[LIFT] V_Motors: 28.175 V
[LIFT] V_Compute: 28.772 V
[LIFT] V_Motors: 28.190 V
[LIFT] V_Compute: 28.774 V
[LIFT] V_Motors: 28.185 V
[LIFT] V_Compute: 28.770 V
[LIFT] V_Motors: 28.195 V
[LIFT] V_Compute: 28.774 V
[LIFT] V_Motors: 28.189 V
[LIFT] V_Compute: 28.766 V
[LIFT] V_Motors: 28.187 V
[LIFT] V_Compute: 28.765 V
[LIFT] V_Motors: 28.189 V
[LIFT] V_Compute: 28.776 V
[LIFT] V_Motors: 28.192 V
[LIFT] V_Compute: 28.782 V
[LIFT] V_Motors: 28.194 V
[LIFT] V_Compute: 28.769 V
[LIFT] V_Motors: 28.192 V
[LIFT] V_Compute: 28.774 V
[LIFT] V_Motors: 28.192 V
[LIFT] V_Compute: 28.771 V
[LIFT] V_Motors: 28.192 V
[LIFT] V_Compute: 28.774 V
[LIFT] V_Motors: 28.189 V
[LIFT] V_Compute: 28.777 V
[LIFT] V_Motors: 28.196 V
[LIFT] V_Compute: 28.765 V
[LIFT] V_Motors: 28.187 V
[LIFT] V_Compute: 28.774 V
[LIFT] V_Motors: 28.196 V
[LIFT] V_Compute: 28.772 V
[LIFT] V_Motors: 28.192 V
[LIFT] V_Compute: 28.777 V
[LIFT] V_Motors: 28.192 V
[LIFT] V_Compute: 28.769 V
[LIFT] V_Motors: 28.192 V
[LIFT] V_Compute: 28.777 V
[LIFT] V_Motors: 28.190 V
[LIFT] V_Compute: 28.770 V
[LIFT] V_Motors: 28.195 V
[LIFT] V_Compute: 28.772 V
[LIFT] V_Motors: 28.191 V
[LIFT] V_Compute: 28.774 V
[LIFT] V_Motors: 28.190 V
[LIFT] V_Compute: 28.775 V
[LIFT] V_Motors: 28.191 V
[LIFT] V_Compute: 28.766 V
[LIFT] V_Motors: 28.184 V
[LIFT] V_Compute: 28.765 V
[LIFT] V_Motors: 28.187 V
[LIFT] V_Compute: 28.769 V
[LIFT] V_Motors: 28.186 V
[LIFT] V_Compute: 28.753 V
[LIFT] V_Motors: 28.177 V
[LIFT] V_Compute: 28.761 V
[LIFT] V_Motors: 28.192 V
[LIFT] V_Compute: 28.767 V
[LIFT] V_Motors: 28.179 V
[LIFT] V_Compute: 28.759 V
[LIFT] V_Motors: 28.181 V
[LIFT] V_Compute: 28.763 V
[LIFT] V_Motors: 28.180 V
[LIFT] V_Compute: 28.764 V
[LIFT] V_Motors: 28.180 V
[LIFT] V_Compute: 28.766 V
[LIFT] V_Motors: 28.185 V
[LIFT] V_Compute: 28.767 V
[LIFT] V_Motors: 28.195 V
[LIFT] V_Compute: 28.777 V
[LIFT] V_Motors: 28.197 V
[LIFT] V_Compute: 28.764 V
[LIFT] V_Motors: 28.184 V
[LIFT] V_Compute: 28.771 V
[LIFT] V_Motors: 28.190 V
[LIFT] V_Compute: 28.770 V
[LIFT] V_Motors: 28.189 V
[LIFT] V_Compute: 28.770 V
[LIFT] V_Motors: 28.192 V
[LIFT] V_Compute: 28.771 V
[LIFT] V_Motors: 28.196 V
[LIFT] V_Compute: 28.775 V
[LIFT] V_Motors: 28.190 V
[LIFT] V_Compute: 28.770 V
[LIFT] V_Motors: 28.190 V
[LIFT] V_Compute: 28.772 V
[LIFT] V_Motors: 28.189 V
[LIFT] V_Compute: 28.770 V
[LIFT] V_Motors: 28.190 V
[LIFT] V_Compute: 28.769 V
[LIFT] V_Motors: 28.191 V
[LIFT] V_Compute: 28.772 V
[LIFT] V_Motors: 28.189 V
[LIFT] V_Compute: 28.775 V
[LIFT] V_Motors: 28.192 V
[LIFT] V_Compute: 28.777 V
[LIFT] V_Motors: 28.191 V
[LIFT] V_Compute: 28.777 V
[LIFT] V_Motors: 28.192 V
[LIFT] V_Compute: 28.759 V
[LIFT] V_Motors: 28.184 V
[LIFT] V_Compute: 28.774 V
[LIFT] V_Motors: 28.195 V
[LIFT] V_Compute: 28.771 V
[LIFT] V_Motors: 28.186 V
[LIFT] V_Compute: 28.760 V
[LIFT] V_Motors: 28.181 V
[LIFT] V_Compute: 28.776 V
[LIFT] V_Motors: 28.191 V
[LIFT] V_Compute: 28.779 V
[LIFT] V_Motors: 28.195 V
[LIFT] V_Compute: 28.774 V
[LIFT] V_Motors: 28.191 V
[LIFT] V_Compute: 28.776 V
[LIFT] V_Motors: 28.191 V
[LIFT] V_Compute: 28.760 V
[LIFT] V_Motors: 28.187 V
[LIFT] V_Compute: 28.767 V
[LIFT] V_Motors: 28.186 V
[LIFT] V_Compute: 28.774 V
[LIFT] V_Motors: 28.191 V
[LIFT] V_Compute: 28.769 V
[LIFT] V_Motors: 28.183 V
[LIFT] V_Compute: 28.764 V
[LIFT] V_Motors: 28.179 V
[LIFT] V_Compute: 28.763 V
[LIFT] V_Motors: 28.180 V
[LIFT] V_Compute: 28.764 V
[LIFT] V_Motors: 28.185 V
[LIFT] V_Compute: 28.763 V
[LIFT] V_Motors: 28.183 V
[LIFT] V_Compute: 28.764 V
[LIFT] V_Motors: 28.184 V
[LIFT] V_Compute: 28.769 V
[LIFT] V_Motors: 28.181 V
[LIFT] V_Compute: 28.754 V
[LIFT] V_Motors: 28.176 V
[LIFT] V_Compute: 28.764 V
[LIFT] V_Motors: 28.189 V
[LIFT] V_Compute: 28.765 V
[LIFT] V_Motors: 28.186 V
[LIFT] V_Compute: 28.763 V
[LIFT] V_Motors: 28.184 V
[LIFT] V_Compute: 28.761 V
[LIFT] V_Motors: 28.186 V
[LIFT] V_Compute: 28.761 V
[LIFT] V_Motors: 28.184 V
[LIFT] V_Compute: 28.767 V
[LIFT] V_Motors: 28.183 V
[LIFT] V_Compute: 28.763 V
[LIFT] V_Motors: 28.189 V
[LIFT] V_Compute: 28.767 V
[LIFT] V_Motors: 28.186 V
[LIFT] V_Compute: 28.770 V
[LIFT] V_Motors: 28.185 V
[LIFT] V_Compute: 28.765 V
[LIFT] V_Motors: 28.184 V
[LIFT] V_Compute: 28.760 V
[LIFT] V_Motors: 28.186 V
[LIFT] V_Compute: 28.770 V
[LIFT] V_Motors: 28.187 V
[LIFT] V_Compute: 28.763 V
[LIFT] V_Motors: 28.186 V
[LIFT] V_Compute: 28.769 V
[LIFT] V_Motors: 28.185 V
[LIFT] V_Compute: 28.769 V
[LIFT] V_Motors: 28.185 V
[LIFT] V_Compute: 28.765 V
[LIFT] V_Motors: 28.186 V
[LIFT] V_Compute: 28.761 V
[LIFT] V_Motors: 28.179 V
[LIFT] V_Compute: 28.759 V
[LIFT] V_Motors: 28.187 V
[LIFT] V_Compute: 28.765 V
[LIFT] V_Motors: 28.187 V
[LIFT] V_Compute: 28.767 V
[LIFT] V_Motors: 28.184 V
[LIFT] V_Compute: 28.763 V
[LIFT] V_Motors: 28.179 V
[LIFT] V_Compute: 28.766 V
[LIFT] V_Motors: 28.181 V
[LIFT] V_Compute: 28.764 V
[LIFT] V_Motors: 28.180 V
[LIFT] V_Compute: 28.759 V
[LIFT] V_Motors: 28.180 V
[LIFT] V_Compute: 28.766 V
[LIFT] V_Motors: 28.185 V
[LIFT] V_Compute: 28.763 V
[LIFT] V_Motors: 28.185 V
[LIFT] V_Compute: 28.763 V
[LIFT] V_Motors: 28.180 V
[LIFT] V_Compute: 28.764 V
[LIFT] V_Motors: 28.184 V
[LIFT] V_Compute: 28.761 V
[LIFT] V_Motors: 28.183 V
[LIFT] V_Compute: 28.765 V
[LIFT] V_Motors: 28.184 V
[LIFT] V_Compute: 28.764 V
[LIFT] V_Motors: 28.184 V
[LIFT] V_Compute: 28.761 V
[LIFT] V_Motors: 28.189 V
[LIFT] V_Compute: 28.769 V
[LIFT] V_Motors: 28.190 V
[LIFT] V_Compute: 28.763 V
[LIFT] V_Motors: 28.185 V
[LIFT] V_Compute: 28.764 V
[LIFT] V_Motors: 28.185 V
[LIFT] V_Compute: 28.769 V
[LIFT] V_Motors: 28.185 V
[LIFT] V_Compute: 28.763 V
[LIFT] V_Motors: 28.184 V
[LIFT] V_Compute: 28.767 V
[LIFT] V_Motors: 28.191 V
[LIFT] V_Compute: 28.769 V
[LIFT] V_Motors: 28.194 V
[LIFT] V_Compute: 28.763 V
[LIFT] V_Motors: 28.180 V
[LIFT] V_Compute: 28.755 V
[LIFT] V_Motors: 28.180 V
[LIFT] V_Compute: 28.753 V
[LIFT] V_Motors: 28.176 V
[LIFT] V_Compute: 28.764 V
[LIFT] V_Motors: 28.180 V
[LIFT] V_Compute: 28.755 V
[LIFT] V_Motors: 28.181 V
[LIFT] V_Compute: 28.759 V
[LIFT] V_Motors: 28.177 V
[LIFT] V_Compute: 28.765 V
[LIFT] V_Motors: 28.185 V
[LIFT] V_Compute: 28.759 V
[LIFT] V_Motors: 28.181 V
[LIFT] V_Compute: 28.755 V
[LIFT] V_Motors: 28.176 V
[LIFT] V_Compute: 28.763 V
[LIFT] V_Motors: 28.180 V
[LIFT] V_Compute: 28.764 V
[LIFT] V_Motors: 28.187 V
[LIFT] V_Compute: 28.759 V
[LIFT] V_Motors: 28.177 V
[LIFT] V_Compute: 28.763 V
[LIFT] V_Motors: 28.181 V
[LIFT] V_Compute: 28.764 V
[LIFT] V_Motors: 28.180 V
[LIFT] V_Compute: 28.760 V
[LIFT] V_Motors: 28.181 V
[LIFT] V_Compute: 28.764 V
[LIFT] V_Motors: 28.181 V
[LIFT] V_Compute: 28.765 V
[LIFT] V_Motors: 28.184 V
[LIFT] V_Compute: 28.765 V
[LIFT] V_Motors: 28.185 V
[LIFT] V_Compute: 28.756 V
[LIFT] V_Motors: 28.185 V
[LIFT] V_Compute: 28.750 V
[LIFT] V_Motors: 28.175 V
[LIFT] V_Compute: 28.765 V
[LIFT] V_Motors: 28.185 V
[LIFT] V_Compute: 28.761 V
[LIFT] V_Motors: 28.181 V
[LIFT] V_Compute: 28.761 V
[LIFT] V_Motors: 28.179 V
[LIFT] V_Compute: 28.767 V
[LIFT] V_Motors: 28.187 V
[LIFT] V_Compute: 28.764 V
[LIFT] V_Motors: 28.179 V
[LIFT] V_Compute: 28.755 V
[LIFT] V_Motors: 28.180 V
[LIFT] V_Compute: 28.760 V
[LIFT] V_Motors: 28.186 V
[LIFT] V_Compute: 28.771 V
[LIFT] V_Motors: 28.194 V
[LIFT] V_Compute: 28.772 V
[LIFT] V_Motors: 28.187 V
[LIFT] V_Compute: 28.760 V
[LIFT] V_Motors: 28.189 V
[LIFT] V_Compute: 28.769 V
[LIFT] V_Motors: 28.190 V
[LIFT] V_Compute: 28.771 V
[LIFT] V_Motors: 28.189 V
[LIFT] V_Compute: 28.771 V
[LIFT] V_Motors: 28.190 V
[LIFT] V_Compute: 28.761 V
[LIFT] V_Motors: 28.187 V
[LIFT] V_Compute: 28.765 V
[LIFT] V_Motors: 28.190 V
[LIFT] V_Compute: 28.774 V
[LIFT] V_Motors: 28.191 V
[LIFT] V_Compute: 28.767 V
[LIFT] V_Motors: 28.195 V
[LIFT] V_Compute: 28.772 V
[LIFT] V_Motors: 28.192 V
[LIFT] V_Compute: 28.759 V
[LIFT] V_Motors: 28.184 V
[LIFT] V_Compute: 28.755 V
[LIFT] V_Motors: 28.177 V
[LIFT] V_Compute: 28.747 V
[LIFT] V_Motors: 28.174 V
[LIFT] V_Compute: 28.756 V
[LIFT] V_Motors: 28.175 V
[LIFT] V_Compute: 28.756 V
[LIFT] V_Motors: 28.180 V
[LIFT] V_Compute: 28.756 V
[LIFT] V_Motors: 28.179 V
[LIFT] V_Compute: 28.760 V
[LIFT] V_Motors: 28.189 V
[LIFT] V_Compute: 28.776 V
[LIFT] V_Motors: 28.191 V
[LIFT] V_Compute: 28.775 V
[LIFT] V_Motors: 28.192 V
[LIFT] V_Compute: 28.771 V
[LIFT] V_Motors: 28.190 V
[LIFT] V_Compute: 28.772 V
[LIFT] V_Motors: 28.191 V
[LIFT] V_Compute: 28.763 V
[LIFT] V_Motors: 28.181 V
[LIFT] V_Compute: 28.765 V
[LIFT] V_Motors: 28.189 V
[LIFT] V_Compute: 28.772 V
[LIFT] V_Motors: 28.192 V
[LIFT] V_Compute: 28.770 V
[LIFT] V_Motors: 28.191 V
[LIFT] V_Compute: 28.765 V
[LIFT] V_Motors: 28.190 V
[LIFT] V_Compute: 28.769 V
[LIFT] V_Motors: 28.190 V
[LIFT] V_Compute: 28.777 V
[LIFT] V_Motors: 28.195 V
[LIFT] V_Compute: 28.767 V
[LIFT] V_Motors: 28.186 V
[LIFT] V_Compute: 28.769 V
[LIFT] V_Motors: 28.187 V
[LIFT] V_Compute: 28.775 V
[LIFT] V_Motors: 28.192 V
[LIFT] V_Compute: 28.764 V
[LIFT] V_Motors: 28.186 V
[LIFT] V_Compute: 28.761 V
[LIFT] V_Motors: 28.183 V
[LIFT] V_Compute: 28.770 V
[LIFT] V_Motors: 28.185 V
[LIFT] V_Compute: 28.765 V
[LIFT] V_Motors: 28.190 V
[LIFT] V_Compute: 28.771 V
[LIFT] V_Motors: 28.191 V
[LIFT] V_Compute: 28.771 V
[LIFT] V_Motors: 28.192 V
[LIFT] V_Compute: 28.753 V
[LIFT] V_Motors: 28.177 V
[LIFT] V_Compute: 28.774 V
[LIFT] V_Motors: 28.186 V
[LIFT] V_Compute: 28.760 V
[LIFT] V_Motors: 28.184 V
[LIFT] V_Compute: 28.763 V
[LIFT] V_Motors: 28.184 V
[LIFT] V_Compute: 28.769 V
[LIFT] V_Motors: 28.185 V
[LIFT] V_Compute: 28.761 V
[LIFT] V_Motors: 28.184 V
[LIFT] V_Compute: 28.765 V
[LIFT] V_Motors: 28.191 V
[LIFT] V_Compute: 28.769 V
[LIFT] V_Motors: 28.191 V
[LIFT] V_Compute: 28.770 V
[LIFT] V_Motors: 28.187 V
[LIFT] V_Compute: 28.760 V
[LIFT] V_Motors: 28.189 V
[LIFT] V_Compute: 28.767 V
[LIFT] V_Motors: 28.187 V
[LIFT] V_Compute: 28.759 V
[LIFT] V_Motors: 28.186 V
[LIFT] V_Compute: 28.764 V
[LIFT] V_Motors: 28.177 V
[LIFT] V_Compute: 28.760 V
[LIFT] V_Motors: 28.181 V
[LIFT] V_Compute: 28.761 V
[LIFT] V_Motors: 28.179 V
[LIFT] V_Compute: 28.749 V
[LIFT] V_Motors: 28.171 V
[LIFT] V_Compute: 28.751 V
[LIFT] V_Motors: 28.176 V
[LIFT] V_Compute: 28.760 V
[LIFT] V_Motors: 28.187 V
[LIFT] V_Compute: 28.761 V
[LIFT] V_Motors: 28.186 V
[LIFT] V_Compute: 28.770 V
[LIFT] V_Motors: 28.189 V
[LIFT] V_Compute: 28.769 V
[LIFT] V_Motors: 28.184 V
[LIFT] V_Compute: 28.756 V
[LIFT] V_Motors: 28.176 V
[LIFT] V_Compute: 28.761 V
[LIFT] V_Motors: 28.189 V
[LIFT] V_Compute: 28.760 V
[LIFT] V_Motors: 28.189 V
[LIFT] V_Compute: 28.753 V
[LIFT] V_Motors: 28.175 V
[LIFT] V_Compute: 28.754 V
[LIFT] V_Motors: 28.175 V
[LIFT] V_Compute: 28.764 V
[LIFT] V_Motors: 28.184 V
[LIFT] V_Compute: 28.759 V
[LIFT] V_Motors: 28.183 V
[LIFT] V_Compute: 28.769 V
[LIFT] V_Motors: 28.185 V
[LIFT] V_Compute: 28.754 V
[LIFT] V_Motors: 28.189 V
[LIFT] V_Compute: 28.764 V
[LIFT] V_Motors: 28.179 V
[LIFT] V_Compute: 28.757 V
[LIFT] V_Motors: 28.179 V
[LIFT] V_Compute: 28.764 V
[LIFT] V_Motors: 28.180 V

RPC Server stopping...
[YOR] base PID: restoring stock swerve gains
[YOR] base PID: /home/pi-v3/YOR-v3-try/config/base_pid_stock.json, PID slot 0
[YOR] base PID:   written     FL drive (CAN 1): p=0.20000000298023224, i=0.0, d=0.10000000149011612, velocity_ff=0.0, output_min=-1.0, output_max=1.0
[YOR] base PID:   written     RL drive (CAN 2): p=0.20000000298023224, i=0.0, d=0.10000000149011612, velocity_ff=0.0, output_min=-1.0, output_max=1.0
[YOR] base PID:   written     RR drive (CAN 3): p=0.20000000298023224, i=0.0, d=0.10000000149011612, velocity_ff=0.0, output_min=-1.0, output_max=1.0
[YOR] base PID:   written     FR drive (CAN 4): p=0.20000000298023224, i=0.0, d=0.10000000149011612, velocity_ff=0.0, output_min=-1.0, output_max=1.0
[YOR] base PID:   already-set FL steering (CAN 5): p=2.0, i=0.0, d=0.009999999776482582, velocity_ff=0.0, output_min=-1.0, output_max=1.0
[YOR] base PID:   already-set RL steering (CAN 6): p=2.0, i=0.0, d=0.009999999776482582, velocity_ff=0.0, output_min=-1.0, output_max=1.0
[YOR] base PID:   already-set RR steering (CAN 7): p=2.0, i=0.0, d=0.009999999776482582, velocity_ff=0.0, output_min=-1.0, output_max=1.0
[YOR] base PID:   already-set FR steering (CAN 8): p=2.0, i=0.0, d=0.009999999776482582, velocity_ff=0.0, output_min=-1.0, output_max=1.0
[YOR] base PID: 4 controller(s) already commissioned, 4 written, 0 problem(s)
[YOR] base PID: 0.2s
