[console-log] mirroring output to /home/pi-v3/YOR-v3-try/artifacts/wholebody_logs/yor_20260825_224004.log
[yor] experiment gates: all off (pre-gate behaviour)
[yor] posture-fix: stiffen_joint7=True (scale=3x), refresh_target=True, redundancy_resolution=dls_projector (dls_damping=0.05)
[yor] null-space: swivel_weight=1 (gain=1, target=latched-from-pose), continuity_weight=0, manipulability=False
[YOR] base: drive command scale 1.068 (from base_pid_hybrid.json)
[PicoLift] Opening serial /dev/serial/by-id/usb-FTDI_FT232R_USB_UART_BG02XPI5-if00-port0 @ 115200...
[PicoLift] Serial open OK
[YOR] base PID: syncing swerve gains
[YOR] base PID: /home/pi-v3/YOR-v3-try/config/base_pid_hybrid.json, PID slot 0
[YOR] base PID:   written     FL drive (CAN 1): p=0.3499999940395355, i=0.0, d=0.0, velocity_ff=0.23000000417232513, output_min=-1.0, output_max=1.0
[YOR] base PID:   written     RL drive (CAN 2): p=0.3499999940395355, i=0.0, d=0.0, velocity_ff=0.23000000417232513, output_min=-1.0, output_max=1.0
[YOR] base PID:   written     RR drive (CAN 3): p=0.3499999940395355, i=0.0, d=0.0, velocity_ff=0.23000000417232513, output_min=-1.0, output_max=1.0
[YOR] base PID:   written     FR drive (CAN 4): p=0.3499999940395355, i=0.0, d=0.0, velocity_ff=0.23000000417232513, output_min=-1.0, output_max=1.0
[YOR] base PID:   already-set FL steering (CAN 5): p=2.0, i=0.0, d=0.009999999776482582, velocity_ff=0.0, output_min=-1.0, output_max=1.0
[YOR] base PID:   already-set RL steering (CAN 6): p=2.0, i=0.0, d=0.009999999776482582, velocity_ff=0.0, output_min=-1.0, output_max=1.0
[YOR] base PID:   already-set RR steering (CAN 7): p=2.0, i=0.0, d=0.009999999776482582, velocity_ff=0.0, output_min=-1.0, output_max=1.0
[YOR] base PID:   already-set FR steering (CAN 8): p=2.0, i=0.0, d=0.009999999776482582, velocity_ff=0.0, output_min=-1.0, output_max=1.0
[YOR] base PID: 4 controller(s) already commissioned, 4 written, 0 problem(s)
[YOR] base PID: 0.2s
[YOR] base config: idle_mode=0 ctrl_type=MIXED [('FL drive', 1), ('FL steering', 3), ('FR drive', 1), ('FR steering', 3), ('RL drive', 1), ('RL steering', 3), ('RR drive', 1), ('RR steering', 3)]
[YOR] base config: velocity_cf=MIXED [('FL drive', 0.000846326001919806), ('FL steering', 1.0), ('FR drive', 0.000846326001919806), ('FR steering', 1.0), ('RL drive', 0.000846326001919806), ('RL steering', 1.0), ('RR drive', 0.000846326001919806), ('RR steering', 1.0)] position_cf=1.0 (drive_command_scale=1.068)
[YOR] base: locked at zero velocity for startup homing
[YOR] recording swerve telemetry to /home/pi-v3/YOR-v3-try/artifacts/wholebody_logs/swerve/swerve_20260825_224004.csv
[YOR] lift: waiting for controller to be ready...
[LIFT] Lift controller ready.
[PicoLift] controller reset — height invalidated, needs home
[LIFT] Capabilities: lift_velocity_v1
[PicoLift] firmware capabilities: lift_velocity_v1
[LIFT] Python commands: up, down, stop, home, vel <signed mm/s>
[LIFT] Optional commands: up 200, down 200, status, power on, power off
[LIFT] Height: unknown (run home)
[LIFT] V_Compute: 28.763 V
[LIFT] V_Motors: 28.187 V
[YOR] lift: homing at startup; waiting up to 30s
[PicoLift] sent 'home'
[PicoLift] sent 'status'
[PicoLift] sent 'status'
[LIFT] Homing UP...
[LIFT] V_Compute: 28.770 V
[LIFT] V_Motors: 28.152 V
[LIFT] Height: unknown (run home)
[LIFT] Upper limit: clear
[LIFT] Lower limit: clear
[LIFT] Motion: UP
[LIFT] Velocity: 0.00 mm/s
[LIFT] Capabilities: lift_velocity_v1
[PicoLift] firmware capabilities: lift_velocity_v1
[LIFT] Height: unknown (run home)
[LIFT] Upper limit: clear
[LIFT] Lower limit: clear
[LIFT] Motion: UP
[LIFT] Velocity: 0.00 mm/s
[LIFT] Capabilities: lift_velocity_v1
[PicoLift] firmware capabilities: lift_velocity_v1
[LIFT] Height: unknown (run home)
[LIFT] Height: unknown (run home)
[LIFT] Height: unknown (run home)
[LIFT] Height: unknown (run home)
[LIFT] Height: unknown (run home)
[LIFT] Height: unknown (run home)
[LIFT] Height: unknown (run home)
[LIFT] Height: unknown (run home)
[LIFT] Height: unknown (run home)
[LIFT] Height: unknown (run home)
[LIFT] Height: unknown (run home)
[LIFT] Height: unknown (run home)
[LIFT] Height: unknown (run home)
[LIFT] Height: unknown (run home)
[LIFT] Height: unknown (run home)
[LIFT] Height: unknown (run home)
[LIFT] Height: unknown (run home)
[LIFT] Height: unknown (run home)
[PicoLift] sent 'status'
[LIFT] Upper limit: clear
[LIFT] Lower limit: clear
[LIFT] Motion: UP
[LIFT] Velocity: 0.00 mm/s
[LIFT] Capabilities: lift_velocity_v1
[PicoLift] firmware capabilities: lift_velocity_v1
[LIFT] Height: unknown (run home)
[LIFT] V_Compute: 28.734 V
[LIFT] V_Motors: 28.139 V
[LIFT] Height: unknown (run home)
[LIFT] Height: unknown (run home)
[LIFT] Height: unknown (run home)
[LIFT] Height: unknown (run home)
[LIFT] Height: unknown (run home)
[LIFT] Height: unknown (run home)
[LIFT] Height: unknown (run home)
[LIFT] Height: unknown (run home)
[LIFT] Height: unknown (run home)
[LIFT] Height: unknown (run home)
[LIFT] Height: unknown (run home)
[LIFT] Height: unknown (run home)
[LIFT] Height: unknown (run home)
[LIFT] Height: unknown (run home)
[LIFT] Height: unknown (run home)
[LIFT] Height: unknown (run home)
[LIFT] Height: unknown (run home)
[LIFT] Height: unknown (run home)
[PicoLift] sent 'status'
[LIFT] Upper limit: clear
[LIFT] Lower limit: clear
[LIFT] Motion: UP
[LIFT] Velocity: 0.00 mm/s
[LIFT] Capabilities: lift_velocity_v1
[PicoLift] firmware capabilities: lift_velocity_v1
[LIFT] Height: unknown (run home)
[LIFT] V_Compute: 28.770 V
[LIFT] V_Motors: 28.177 V
[LIFT] Height: unknown (run home)
[LIFT] Height: unknown (run home)
[LIFT] Height: unknown (run home)
[LIFT] Height: unknown (run home)
[LIFT] Height: unknown (run home)
[LIFT] Height: unknown (run home)
[LIFT] Height: unknown (run home)
[LIFT] Height: unknown (run home)
[LIFT] Height: unknown (run home)
[LIFT] Height: unknown (run home)
[LIFT] Height: unknown (run home)
[LIFT] Height: unknown (run home)
[LIFT] Height: unknown (run home)
[LIFT] Height: unknown (run home)
[LIFT] Height: unknown (run home)
[LIFT] Height: unknown (run home)
[LIFT] Height: unknown (run home)
[LIFT] Height: unknown (run home)
[PicoLift] sent 'status'
[LIFT] Upper limit: clear
[LIFT] Lower limit: clear
[LIFT] Motion: UP
[LIFT] Velocity: 0.00 mm/s
[LIFT] Capabilities: lift_velocity_v1
[PicoLift] firmware capabilities: lift_velocity_v1
[LIFT] Height: unknown (run home)
[LIFT] V_Compute: 28.730 V
[LIFT] V_Motors: 28.145 V
[LIFT] Height: unknown (run home)
[LIFT] Height: unknown (run home)
[LIFT] Height: unknown (run home)
[LIFT] Height: unknown (run home)
[LIFT] Height: unknown (run home)
[LIFT] Height: unknown (run home)
[LIFT] Height: unknown (run home)
[LIFT] Height: unknown (run home)
[LIFT] Height: unknown (run home)
[LIFT] Height: unknown (run home)
[LIFT] Height: unknown (run home)
[LIFT] Height: unknown (run home)
[LIFT] Height: unknown (run home)
[LIFT] Height: unknown (run home)
[LIFT] Height: unknown (run home)
[LIFT] Height: unknown (run home)
[LIFT] Height: unknown (run home)
[LIFT] Height: unknown (run home)
[PicoLift] sent 'status'
[LIFT] Upper limit: clear
[LIFT] Lower limit: clear
[LIFT] Motion: UP
[LIFT] Velocity: 0.00 mm/s
[LIFT] Capabilities: lift_velocity_v1
[PicoLift] firmware capabilities: lift_velocity_v1
[LIFT] Height: unknown (run home)
[LIFT] V_Compute: 28.761 V
[LIFT] V_Motors: 28.155 V
[LIFT] Height: unknown (run home)
[LIFT] Height: unknown (run home)
[LIFT] Height: unknown (run home)
[LIFT] Height: unknown (run home)
[LIFT] Height: unknown (run home)
[LIFT] Height: unknown (run home)
[LIFT] Height: unknown (run home)
[LIFT] Height: unknown (run home)
[LIFT] Height: unknown (run home)
[LIFT] Height: unknown (run home)
[LIFT] Height: unknown (run home)
[LIFT] Height: unknown (run home)
[LIFT] Height: unknown (run home)
[LIFT] Height: unknown (run home)
[LIFT] Height: unknown (run home)
[LIFT] Height: unknown (run home)
[LIFT] Height: unknown (run home)
[LIFT] Height: unknown (run home)
[PicoLift] sent 'status'
[LIFT] Upper limit: clear
[LIFT] Lower limit: clear
[LIFT] Motion: UP
[LIFT] Velocity: 0.00 mm/s
[LIFT] Capabilities: lift_velocity_v1
[PicoLift] firmware capabilities: lift_velocity_v1
[LIFT] Height: unknown (run home)
[LIFT] V_Compute: 28.761 V
[LIFT] V_Motors: 28.173 V
[LIFT] Height: unknown (run home)
[LIFT] Height: unknown (run home)
[LIFT] Height: unknown (run home)
[LIFT] Height: unknown (run home)
[LIFT] Height: unknown (run home)
[LIFT] Height: unknown (run home)
[LIFT] Height: unknown (run home)
[LIFT] Height: unknown (run home)
[LIFT] Height: unknown (run home)
[LIFT] Height: unknown (run home)
[LIFT] Height: unknown (run home)
[LIFT] Height: unknown (run home)
[LIFT] Height: unknown (run home)
[LIFT] Height: unknown (run home)
[LIFT] Height: unknown (run home)
[LIFT] Height: unknown (run home)
[LIFT] Height: unknown (run home)
[LIFT] Height: unknown (run home)
[PicoLift] sent 'status'
[LIFT] Upper limit: clear
[LIFT] Lower limit: clear
[LIFT] Motion: UP
[LIFT] Velocity: 0.00 mm/s
[LIFT] Capabilities: lift_velocity_v1
[PicoLift] firmware capabilities: lift_velocity_v1
[LIFT] Height: unknown (run home)
[LIFT] V_Compute: 28.755 V
[LIFT] V_Motors: 28.150 V
[LIFT] Height: unknown (run home)
[LIFT] Height: unknown (run home)
[LIFT] Height: unknown (run home)
[LIFT] Height: unknown (run home)
[LIFT] Height: unknown (run home)
[LIFT] Height: unknown (run home)
[LIFT] Height: unknown (run home)
[LIFT] Height: unknown (run home)
[LIFT] Height: unknown (run home)
[LIFT] Height: unknown (run home)
[LIFT] Height: unknown (run home)
[LIFT] Height: unknown (run home)
[LIFT] Height: unknown (run home)
[LIFT] Height: unknown (run home)
[LIFT] Height: unknown (run home)
[LIFT] Height: unknown (run home)
[LIFT] Height: unknown (run home)
[LIFT] Height: unknown (run home)
[PicoLift] sent 'status'
[LIFT] Upper limit: clear
[LIFT] Lower limit: clear
[LIFT] Motion: UP
[LIFT] Velocity: 0.00 mm/s
[LIFT] Capabilities: lift_velocity_v1
[PicoLift] firmware capabilities: lift_velocity_v1
[LIFT] Height: unknown (run home)
[LIFT] V_Compute: 28.763 V
[LIFT] V_Motors: 28.160 V
[LIFT] Height: unknown (run home)
[LIFT] Height: unknown (run home)
[LIFT] Height: unknown (run home)
[LIFT] Height: unknown (run home)
[LIFT] Height: unknown (run home)
[LIFT] Height: unknown (run home)
[LIFT] Height: unknown (run home)
[LIFT] Height: unknown (run home)
[LIFT] Height: unknown (run home)
[LIFT] Height: unknown (run home)
[LIFT] Height: unknown (run home)
[LIFT] Height: unknown (run home)
[LIFT] Height: unknown (run home)
[LIFT] Height: unknown (run home)
[LIFT] Height: unknown (run home)
[LIFT] Height: unknown (run home)
[LIFT] Height: unknown (run home)
[LIFT] Height: unknown (run home)
[PicoLift] sent 'status'
[LIFT] Upper limit: clear
[LIFT] Lower limit: clear
[LIFT] Motion: UP
[LIFT] Velocity: 0.00 mm/s
[LIFT] Capabilities: lift_velocity_v1
[PicoLift] firmware capabilities: lift_velocity_v1
[LIFT] Height: unknown (run home)
[LIFT] V_Compute: 28.771 V
[LIFT] V_Motors: 28.166 V
[LIFT] Height: unknown (run home)
[LIFT] Height: unknown (run home)
[LIFT] Height: unknown (run home)
[LIFT] Height: unknown (run home)
[LIFT] Height: unknown (run home)
[LIFT] Height: unknown (run home)
[LIFT] Height: unknown (run home)
[LIFT] Height: unknown (run home)
[LIFT] Height: unknown (run home)
[LIFT] Height: unknown (run home)
[LIFT] Height: unknown (run home)
[LIFT] Height: unknown (run home)
[LIFT] Height: unknown (run home)
[LIFT] Height: unknown (run home)
[LIFT] Height: unknown (run home)
[LIFT] Height: unknown (run home)
[LIFT] Height: unknown (run home)
[LIFT] Height: unknown (run home)
[PicoLift] sent 'status'
[LIFT] Upper limit: clear
[LIFT] Lower limit: clear
[LIFT] Motion: UP
[LIFT] Velocity: 0.00 mm/s
[LIFT] Capabilities: lift_velocity_v1
[PicoLift] firmware capabilities: lift_velocity_v1
[LIFT] Height: unknown (run home)
[LIFT] Height: unknown (run home)
[LIFT] V_Compute: 28.757 V
[LIFT] V_Motors: 28.151 V
[LIFT] Height: unknown (run home)
[LIFT] Height: unknown (run home)
[LIFT] Height: unknown (run home)
[LIFT] Height: unknown (run home)
[LIFT] Height: unknown (run home)
[LIFT] Height: unknown (run home)
[LIFT] Height: unknown (run home)
[LIFT] Height: unknown (run home)
[LIFT] Height: unknown (run home)
[LIFT] Height: unknown (run home)
[LIFT] Height: unknown (run home)
[LIFT] Height: unknown (run home)
[LIFT] Height: unknown (run home)
[LIFT] Height: unknown (run home)
[LIFT] Height: unknown (run home)
[LIFT] Height: unknown (run home)
[LIFT] Height: unknown (run home)
[PicoLift] sent 'status'
[LIFT] Upper limit: clear
[LIFT] Lower limit: clear
[LIFT] Motion: UP
[LIFT] Velocity: 0.00 mm/s
[LIFT] Capabilities: lift_velocity_v1
[PicoLift] firmware capabilities: lift_velocity_v1
[LIFT] Height: unknown (run home)
[LIFT] V_Compute: 28.769 V
[LIFT] V_Motors: 28.165 V
[LIFT] Height: unknown (run home)
[LIFT] Height: unknown (run home)
[LIFT] Height: unknown (run home)
[LIFT] Height: unknown (run home)
[LIFT] Height: unknown (run home)
[LIFT] Height: unknown (run home)
[LIFT] Height: unknown (run home)
[LIFT] Height: unknown (run home)
[LIFT] Height: unknown (run home)
[LIFT] Height: unknown (run home)
[LIFT] Height: unknown (run home)
[LIFT] Height: unknown (run home)
[LIFT] Height: unknown (run home)
[LIFT] Height: unknown (run home)
[LIFT] Height: unknown (run home)
[LIFT] Height: unknown (run home)
[LIFT] Height: unknown (run home)
[LIFT] Height: unknown (run home)
[PicoLift] sent 'status'
[LIFT] Upper limit: clear
[LIFT] Lower limit: clear
[LIFT] Motion: UP
[LIFT] Velocity: 0.00 mm/s
[LIFT] Capabilities: lift_velocity_v1
[PicoLift] firmware capabilities: lift_velocity_v1
[LIFT] Height: unknown (run home)
[LIFT] V_Compute: 28.764 V
[LIFT] V_Motors: 28.154 V
[LIFT] Height: unknown (run home)
[LIFT] Height: unknown (run home)
[LIFT] Height: unknown (run home)
[LIFT] Height: unknown (run home)
[LIFT] Height: unknown (run home)
[LIFT] Height: unknown (run home)
[LIFT] Height: unknown (run home)
[LIFT] Height: unknown (run home)
[LIFT] Height: unknown (run home)
[LIFT] Height: unknown (run home)
[LIFT] Height: unknown (run home)
[LIFT] Height: unknown (run home)
[LIFT] Height: unknown (run home)
[LIFT] Height: unknown (run home)
[LIFT] Height: unknown (run home)
[LIFT] Height: unknown (run home)
[LIFT] Height: unknown (run home)
[LIFT] Height: unknown (run home)
[PicoLift] sent 'status'
[LIFT] Height: unknown (run home)
[LIFT] Upper limit: clear
[LIFT] Lower limit: clear
[LIFT] Motion: UP
[LIFT] Velocity: 0.00 mm/s
[LIFT] Capabilities: lift_velocity_v1
[PicoLift] firmware capabilities: lift_velocity_v1
[LIFT] Height: unknown (run home)
[LIFT] V_Compute: 28.775 V
[LIFT] V_Motors: 28.163 V
[LIFT] Height: unknown (run home)
[LIFT] Height: unknown (run home)
[LIFT] Height: unknown (run home)
[LIFT] Height: unknown (run home)
[LIFT] Height: unknown (run home)
[LIFT] Height: unknown (run home)
[LIFT] Height: unknown (run home)
[LIFT] Height: unknown (run home)
[LIFT] Height: unknown (run home)
[LIFT] Height: unknown (run home)
[LIFT] Height: unknown (run home)
[LIFT] Height: unknown (run home)
[LIFT] Height: unknown (run home)
[LIFT] Height: unknown (run home)
[LIFT] Height: unknown (run home)
[LIFT] Height: unknown (run home)
[LIFT] Height: unknown (run home)
[PicoLift] sent 'status'
[LIFT] Height: unknown (run home)
[LIFT] Upper limit: clear
[LIFT] Lower limit: clear
[LIFT] Motion: UP
[LIFT] Velocity: 0.00 mm/s
[LIFT] Capabilities: lift_velocity_v1
[PicoLift] firmware capabilities: lift_velocity_v1
[LIFT] Height: unknown (run home)
[LIFT] V_Compute: 28.764 V
[LIFT] V_Motors: 28.157 V
[LIFT] Height: unknown (run home)
[LIFT] Height: unknown (run home)
[LIFT] Height: unknown (run home)
[LIFT] Height: unknown (run home)
[LIFT] Height: unknown (run home)
[LIFT] Height: unknown (run home)
[LIFT] Height: unknown (run home)
[LIFT] Height: unknown (run home)
[LIFT] Height: unknown (run home)
[LIFT] Height: unknown (run home)
[LIFT] Height: unknown (run home)
[LIFT] Height: unknown (run home)
[LIFT] Height: unknown (run home)
[LIFT] Height: unknown (run home)
[LIFT] Height: unknown (run home)
[LIFT] Height: unknown (run home)
[LIFT] Height: unknown (run home)
[PicoLift] sent 'status'
[LIFT] Height: unknown (run home)
[LIFT] Upper limit: clear
[LIFT] Lower limit: clear
[LIFT] Motion: UP
[LIFT] Velocity: 0.00 mm/s
[LIFT] Capabilities: lift_velocity_v1
[PicoLift] firmware capabilities: lift_velocity_v1
[LIFT] Height: unknown (run home)
[LIFT] V_Compute: 28.754 V
[LIFT] V_Motors: 28.147 V
[LIFT] Height: unknown (run home)
[LIFT] Height: unknown (run home)
[LIFT] Height: unknown (run home)
[LIFT] Height: unknown (run home)
[LIFT] Height: unknown (run home)
[LIFT] Height: unknown (run home)
[LIFT] Height: unknown (run home)
[LIFT] Height: unknown (run home)
[LIFT] Height: unknown (run home)
[LIFT] Height: unknown (run home)
[LIFT] Height: unknown (run home)
[LIFT] Height: unknown (run home)
[LIFT] Height: unknown (run home)
[LIFT] Height: unknown (run home)
[LIFT] Height: unknown (run home)
[LIFT] Height: unknown (run home)
[LIFT] Height: unknown (run home)
[PicoLift] sent 'status'
[LIFT] Height: unknown (run home)
[LIFT] Upper limit: clear
[LIFT] Lower limit: clear
[LIFT] Motion: UP
[LIFT] Velocity: 0.00 mm/s
[LIFT] Capabilities: lift_velocity_v1
[PicoLift] firmware capabilities: lift_velocity_v1
[LIFT] Height: unknown (run home)
[LIFT] V_Compute: 28.757 V
[LIFT] V_Motors: 28.134 V
[LIFT] Height: unknown (run home)
[LIFT] Height: unknown (run home)
[LIFT] Height: unknown (run home)
[LIFT] Height: unknown (run home)
[LIFT] Height: unknown (run home)
[LIFT] Height: unknown (run home)
[LIFT] Height: unknown (run home)
[LIFT] Height: unknown (run home)
[LIFT] Height: unknown (run home)
[LIFT] Height: unknown (run home)
[LIFT] Height: unknown (run home)
[LIFT] Height: unknown (run home)
[LIFT] Height: unknown (run home)
[LIFT] Height: unknown (run home)
[LIFT] Height: unknown (run home)
[LIFT] Height: unknown (run home)
[LIFT] Height: unknown (run home)
[PicoLift] sent 'status'
[LIFT] Height: unknown (run home)
[LIFT] Upper limit: clear
[LIFT] Lower limit: clear
[LIFT] Motion: UP
[LIFT] Velocity: 0.00 mm/s
[LIFT] Capabilities: lift_velocity_v1
[PicoLift] firmware capabilities: lift_velocity_v1
[LIFT] Height: unknown (run home)
[LIFT] V_Compute: 28.755 V
[LIFT] V_Motors: 28.146 V
[LIFT] Height: unknown (run home)
[LIFT] Height: unknown (run home)
[LIFT] Height: unknown (run home)
[LIFT] Height: unknown (run home)
[LIFT] Height: unknown (run home)
[LIFT] Height: unknown (run home)
[LIFT] Height: unknown (run home)
[LIFT] Height: unknown (run home)
[LIFT] Height: unknown (run home)
[LIFT] Height: unknown (run home)
[LIFT] Height: unknown (run home)
[LIFT] Height: unknown (run home)
[LIFT] Height: unknown (run home)
[LIFT] Height: unknown (run home)
[LIFT] Height: unknown (run home)
[LIFT] Height: unknown (run home)
[LIFT] Height: unknown (run home)
[PicoLift] sent 'status'
[LIFT] Height: unknown (run home)
[LIFT] Upper limit: clear
[LIFT] Lower limit: clear
[LIFT] Motion: UP
[LIFT] Velocity: 0.00 mm/s
[LIFT] Capabilities: lift_velocity_v1
[PicoLift] firmware capabilities: lift_velocity_v1
[LIFT] Height: unknown (run home)
[LIFT] V_Compute: 28.756 V
[LIFT] V_Motors: 28.151 V
[LIFT] Height: unknown (run home)
[LIFT] Height: unknown (run home)
[LIFT] Height: unknown (run home)
[LIFT] Height: unknown (run home)
[LIFT] Height: unknown (run home)
[LIFT] Height: unknown (run home)
[LIFT] Height: unknown (run home)
[LIFT] Height: unknown (run home)
[LIFT] Height: unknown (run home)
[LIFT] Height: unknown (run home)
[LIFT] Height: unknown (run home)
[LIFT] Height: unknown (run home)
[LIFT] Height: unknown (run home)
[LIFT] Height: unknown (run home)
[LIFT] Height: unknown (run home)
[LIFT] Height: unknown (run home)
[LIFT] Height: unknown (run home)
[PicoLift] sent 'status'
[LIFT] Height: unknown (run home)
[LIFT] Upper limit: clear
[LIFT] Lower limit: clear
[LIFT] Motion: UP
[LIFT] Velocity: 0.00 mm/s
[LIFT] Capabilities: lift_velocity_v1
[PicoLift] firmware capabilities: lift_velocity_v1
[LIFT] Height: unknown (run home)
[LIFT] V_Compute: 28.755 V
[LIFT] V_Motors: 28.166 V
[LIFT] Height: unknown (run home)
[LIFT] Height: unknown (run home)
[LIFT] Height: unknown (run home)
[LIFT] Height: unknown (run home)
[LIFT] Height: unknown (run home)
[LIFT] Height: unknown (run home)
[LIFT] Height: unknown (run home)
[LIFT] Height: unknown (run home)
[LIFT] Height: unknown (run home)
[LIFT] Height: unknown (run home)
[LIFT] Height: unknown (run home)
[LIFT] Height: unknown (run home)
[LIFT] Height: unknown (run home)
[LIFT] Height: unknown (run home)
[LIFT] Height: unknown (run home)
[LIFT] Height: unknown (run home)
[LIFT] Height: unknown (run home)
[LIFT] Height: unknown (run home)
[PicoLift] sent 'status'
[LIFT] Upper limit: clear
[LIFT] Lower limit: clear
[LIFT] Motion: UP
[LIFT] Velocity: 0.00 mm/s
[LIFT] Capabilities: lift_velocity_v1
[PicoLift] firmware capabilities: lift_velocity_v1
[LIFT] Height: unknown (run home)
[LIFT] V_Compute: 28.755 V
[LIFT] V_Motors: 28.139 V
[LIFT] Height: unknown (run home)
[LIFT] Height: unknown (run home)
[LIFT] Height: unknown (run home)
[LIFT] Height: unknown (run home)
[LIFT] Height: unknown (run home)
[LIFT] Height: unknown (run home)
[LIFT] Height: unknown (run home)
[LIFT] Height: unknown (run home)
[LIFT] Height: unknown (run home)
[LIFT] Height: unknown (run home)
[LIFT] Height: unknown (run home)
[LIFT] Height: unknown (run home)
[LIFT] Height: unknown (run home)
[LIFT] Height: unknown (run home)
[LIFT] Height: unknown (run home)
[LIFT] Height: unknown (run home)
[LIFT] Height: unknown (run home)
[PicoLift] sent 'status'
[LIFT] Height: unknown (run home)
[LIFT] Upper limit: clear
[LIFT] Lower limit: clear
[LIFT] Motion: UP
[LIFT] Velocity: 0.00 mm/s
[LIFT] Capabilities: lift_velocity_v1
[PicoLift] firmware capabilities: lift_velocity_v1
[LIFT] Height: unknown (run home)
[LIFT] V_Compute: 28.763 V
[LIFT] V_Motors: 28.152 V
[LIFT] Height: unknown (run home)
[LIFT] Height: unknown (run home)
[LIFT] Height: unknown (run home)
[LIFT] Height: unknown (run home)
[LIFT] Height: unknown (run home)
[LIFT] Height: unknown (run home)
[LIFT] Height: unknown (run home)
[LIFT] Height: unknown (run home)
[LIFT] Height: unknown (run home)
[LIFT] Height: unknown (run home)
[LIFT] Height: unknown (run home)
[LIFT] Height: unknown (run home)
[LIFT] Height: unknown (run home)
[LIFT] Height: unknown (run home)
[LIFT] Height: unknown (run home)
[LIFT] Height: unknown (run home)
[LIFT] Height: unknown (run home)
[LIFT] Height: unknown (run home)
[PicoLift] sent 'status'
[LIFT] Upper limit: clear
[LIFT] Lower limit: clear
[LIFT] Motion: UP
[LIFT] Velocity: 0.00 mm/s
[LIFT] Capabilities: lift_velocity_v1
[PicoLift] firmware capabilities: lift_velocity_v1
[LIFT] Height: unknown (run home)
[LIFT] V_Compute: 28.756 V
[LIFT] V_Motors: 28.146 V
[LIFT] Height: unknown (run home)
[LIFT] Height: unknown (run home)
[LIFT] Height: unknown (run home)
[LIFT] Height: unknown (run home)
[LIFT] Height: unknown (run home)
[LIFT] Height: unknown (run home)
[LIFT] Height: unknown (run home)
[LIFT] Height: unknown (run home)
[LIFT] Height: unknown (run home)
[LIFT] Height: unknown (run home)
[LIFT] Height: unknown (run home)
[LIFT] Height: unknown (run home)
[LIFT] Height: unknown (run home)
[LIFT] Height: unknown (run home)
[LIFT] Height: unknown (run home)
[LIFT] Height: unknown (run home)
[LIFT] Height: unknown (run home)
[LIFT] Height: unknown (run home)
[PicoLift] sent 'status'
[LIFT] Upper limit: clear
[LIFT] Lower limit: clear
[LIFT] Motion: UP
[LIFT] Velocity: 0.00 mm/s
[LIFT] Capabilities: lift_velocity_v1
[PicoLift] firmware capabilities: lift_velocity_v1
[LIFT] Height: unknown (run home)
[LIFT] V_Compute: 28.764 V
[LIFT] V_Motors: 28.150 V
[LIFT] Height: unknown (run home)
[LIFT] Height: unknown (run home)
[LIFT] Height: unknown (run home)
[LIFT] Height: unknown (run home)
[LIFT] Height: unknown (run home)
[LIFT] Height: unknown (run home)
[LIFT] Height: unknown (run home)
[LIFT] Height: unknown (run home)
[LIFT] Height: unknown (run home)
[LIFT] Height: unknown (run home)
[LIFT] Height: unknown (run home)
[LIFT] Height: unknown (run home)
[LIFT] Height: unknown (run home)
[LIFT] Height: unknown (run home)
[LIFT] Height: unknown (run home)
[LIFT] Height: unknown (run home)
[LIFT] Height: unknown (run home)
[LIFT] Height: unknown (run home)
[PicoLift] sent 'status'
[LIFT] Upper limit: clear
[LIFT] Lower limit: clear
[LIFT] Motion: UP
[LIFT] Velocity: 0.00 mm/s
[LIFT] Capabilities: lift_velocity_v1
[PicoLift] firmware capabilities: lift_velocity_v1
[LIFT] Height: unknown (run home)
[LIFT] V_Compute: 28.759 V
[LIFT] V_Motors: 28.144 V
[LIFT] Height: unknown (run home)
[LIFT] Height: unknown (run home)
[LIFT] Height: unknown (run home)
[LIFT] Height: unknown (run home)
[LIFT] Height: unknown (run home)
[LIFT] Height: unknown (run home)
[LIFT] Height: unknown (run home)
[LIFT] Height: unknown (run home)
[LIFT] Height: unknown (run home)
[LIFT] Height: unknown (run home)
[LIFT] Height: unknown (run home)
[LIFT] Height: unknown (run home)
[LIFT] Height: unknown (run home)
[LIFT] Height: unknown (run home)
[LIFT] Height: unknown (run home)
[LIFT] Height: unknown (run home)
[LIFT] Height: unknown (run home)
[LIFT] Height: unknown (run home)
[PicoLift] sent 'status'
[LIFT] Upper limit: clear
[LIFT] Lower limit: clear
[LIFT] Motion: UP
[LIFT] Velocity: 0.00 mm/s
[LIFT] Capabilities: lift_velocity_v1
[PicoLift] firmware capabilities: lift_velocity_v1
[LIFT] Height: unknown (run home)
[LIFT] V_Compute: 28.746 V
[LIFT] V_Motors: 28.155 V
[LIFT] Height: unknown (run home)
[LIFT] Height: unknown (run home)
[LIFT] Height: unknown (run home)
[LIFT] Height: unknown (run home)
[LIFT] Height: unknown (run home)
[LIFT] Height: unknown (run home)
[LIFT] Height: unknown (run home)
[LIFT] Height: unknown (run home)
[LIFT] Height: unknown (run home)
[LIFT] Height: unknown (run home)
[LIFT] Height: unknown (run home)
[LIFT] Height: unknown (run home)
[LIFT] Height: unknown (run home)
[LIFT] Height: unknown (run home)
[LIFT] Height: unknown (run home)
[LIFT] Height: unknown (run home)
[LIFT] Height: unknown (run home)
[LIFT] Height: unknown (run home)
[PicoLift] sent 'status'
[LIFT] Upper limit: clear
[LIFT] Lower limit: clear
[LIFT] Motion: UP
[LIFT] Velocity: 0.00 mm/s
[LIFT] Capabilities: lift_velocity_v1
[PicoLift] firmware capabilities: lift_velocity_v1
[LIFT] Height: unknown (run home)
[LIFT] V_Compute: 28.769 V
[LIFT] V_Motors: 28.156 V
[LIFT] Height: unknown (run home)
[LIFT] Height: unknown (run home)
[LIFT] Height: unknown (run home)
[LIFT] Height: unknown (run home)
[LIFT] Height: unknown (run home)
[LIFT] Height: unknown (run home)
[LIFT] Height: unknown (run home)
[LIFT] Height: unknown (run home)
[LIFT] Height: unknown (run home)
[LIFT] Height: unknown (run home)
[LIFT] Height: unknown (run home)
[LIFT] Home complete.
[PicoLift] sent 'status'
[PicoLift] sent 'status'
[YOR] lift: home complete at 0.9 m
[YOR] lift: moving to 450 mm from zero
[PicoLift] sent 'down 450.00'
[LIFT] Upper limit: ACTIVE
[LIFT] Lower limit: clear
[LIFT] Motion: IDLE
[LIFT] Velocity: 0.00 mm/s
[LIFT] Capabilities: lift_velocity_v1
[PicoLift] firmware capabilities: lift_velocity_v1
[LIFT] V_Compute: 28.761 V
[LIFT] V_Motors: 28.176 V
[LIFT] Upper limit: ACTIVE
[LIFT] Lower limit: clear
[LIFT] Motion: IDLE
[LIFT] Velocity: 0.00 mm/s
[LIFT] Capabilities: lift_velocity_v1
[PicoLift] firmware capabilities: lift_velocity_v1
[LIFT] Moving DOWN 450.00 mm
[LIFT] V_Compute: 28.777 V
[LIFT] V_Motors: 28.125 V
[LIFT] V_Compute: 28.770 V
[LIFT] V_Motors: 28.175 V
[LIFT] V_Compute: 28.754 V
[LIFT] V_Motors: 28.164 V
[LIFT] V_Compute: 28.757 V
[LIFT] V_Motors: 28.175 V
[LIFT] V_Compute: 28.774 V
[LIFT] V_Motors: 28.177 V
[LIFT] V_Compute: 28.774 V
[LIFT] V_Motors: 28.170 V
[LIFT] V_Compute: 28.765 V
[LIFT] V_Motors: 28.160 V
[LIFT] V_Compute: 28.771 V
[LIFT] V_Motors: 28.163 V
[LIFT] V_Compute: 28.780 V
[LIFT] V_Motors: 28.167 V
[LIFT] V_Compute: 28.770 V
[LIFT] V_Motors: 28.176 V
[LIFT] V_Compute: 28.766 V
[LIFT] V_Motors: 28.166 V
[LIFT] V_Compute: 28.771 V
[LIFT] V_Motors: 28.169 V
[LIFT] V_Compute: 28.777 V
[LIFT] V_Motors: 28.173 V
[LIFT] V_Compute: 28.764 V
[LIFT] V_Motors: 28.173 V
[LIFT] V_Compute: 28.764 V
[LIFT] V_Motors: 28.173 V
[LIFT] V_Compute: 28.771 V
[LIFT] V_Motors: 28.166 V
[LIFT] V_Compute: 28.770 V
[LIFT] V_Motors: 28.152 V
[LIFT] V_Compute: 28.753 V
[LIFT] V_Motors: 28.171 V
[PicoLift] sent 'stop'
[YOR] lift: startup position 0.45175 m
[LIFT] Motion stopped by user.
[LIFT] V_Compute: 28.767 V
[LIFT] V_Motors: 28.186 V
[LIFT] V_Compute: 28.765 V
[LIFT] V_Motors: 28.186 V
[LIFT] V_Compute: 28.770 V
[LIFT] V_Motors: 28.181 V
[LIFT] V_Compute: 28.770 V
[LIFT] V_Motors: 28.187 V
[LIFT] V_Compute: 28.771 V
[LIFT] V_Motors: 28.191 V
[LIFT] V_Compute: 28.776 V
[LIFT] V_Motors: 28.187 V
[LIFT] V_Compute: 28.763 V
[LIFT] V_Motors: 28.185 V
[LIFT] V_Compute: 28.767 V
[LIFT] V_Motors: 28.184 V
[LIFT] V_Compute: 28.767 V
[LIFT] V_Motors: 28.184 V
[LIFT] V_Compute: 28.769 V
[LIFT] V_Motors: 28.184 V
[LIFT] V_Compute: 28.767 V
[LIFT] V_Motors: 28.187 V
[LIFT] V_Compute: 28.775 V
[LIFT] V_Motors: 28.186 V
[LIFT] V_Compute: 28.766 V
[LIFT] V_Motors: 28.186 V
[LIFT] V_Compute: 28.764 V
[LIFT] V_Motors: 28.177 V
[LIFT] V_Compute: 28.769 V
[LIFT] V_Motors: 28.187 V
[LIFT] V_Compute: 28.771 V
[LIFT] V_Motors: 28.186 V
[LIFT] V_Compute: 28.766 V
[LIFT] V_Motors: 28.183 V
[LIFT] V_Compute: 28.771 V
[LIFT] V_Motors: 28.187 V
[LIFT] V_Compute: 28.761 V
[LIFT] V_Motors: 28.185 V
[LIFT] V_Compute: 28.766 V
[LIFT] V_Motors: 28.192 V
[LIFT] V_Compute: 28.775 V
[LIFT] V_Motors: 28.187 V
[LIFT] V_Compute: 28.770 V
[LIFT] V_Motors: 28.189 V
[LIFT] V_Compute: 28.777 V
[LIFT] V_Motors: 28.184 V
[LIFT] V_Compute: 28.771 V
[LIFT] V_Motors: 28.185 V
[LIFT] V_Compute: 28.766 V
[LIFT] V_Motors: 28.186 V
[LIFT] V_Compute: 28.765 V
[LIFT] V_Motors: 28.189 V
[LIFT] V_Compute: 28.774 V
[LIFT] V_Motors: 28.186 V
[LIFT] V_Compute: 28.770 V
[LIFT] V_Motors: 28.184 V
[LIFT] V_Compute: 28.749 V
[LIFT] V_Motors: 28.170 V
[LIFT] V_Compute: 28.757 V
[LIFT] V_Motors: 28.174 V
[LIFT] V_Compute: 28.763 V
[LIFT] V_Motors: 28.181 V
[LIFT] V_Compute: 28.759 V
[LIFT] V_Motors: 28.170 V
[LIFT] V_Compute: 28.755 V
[LIFT] V_Motors: 28.171 V
[LIFT] V_Compute: 28.756 V
[LIFT] V_Motors: 28.175 V
[LIFT] V_Compute: 28.759 V
[LIFT] V_Motors: 28.181 V
[LIFT] V_Compute: 28.760 V
[LIFT] V_Motors: 28.181 V
[LIFT] V_Compute: 28.766 V
[LIFT] V_Motors: 28.174 V
[LIFT] V_Compute: 28.755 V
[LIFT] V_Motors: 28.181 V
[LIFT] V_Compute: 28.754 V
[LIFT] V_Motors: 28.169 V
[LIFT] V_Compute: 28.764 V
[LIFT] V_Motors: 28.179 V
[LIFT] V_Compute: 28.760 V
[LIFT] V_Motors: 28.181 V
[LIFT] V_Compute: 28.760 V
[LIFT] V_Motors: 28.174 V
[LIFT] V_Compute: 28.760 V
[LIFT] V_Motors: 28.173 V
[LIFT] V_Compute: 28.755 V
[LIFT] V_Motors: 28.174 V
[LIFT] V_Compute: 28.760 V
[LIFT] V_Motors: 28.177 V
[LIFT] V_Compute: 28.764 V
[LIFT] V_Motors: 28.177 V
[LIFT] V_Compute: 28.761 V
[LIFT] V_Motors: 28.181 V
[LIFT] V_Compute: 28.760 V
[LIFT] V_Motors: 28.170 V
[LIFT] V_Compute: 28.760 V
[LIFT] V_Motors: 28.169 V
[LIFT] V_Compute: 28.750 V
[LIFT] V_Motors: 28.171 V
[LIFT] V_Compute: 28.757 V
[LIFT] V_Motors: 28.183 V
[LIFT] V_Compute: 28.757 V
[LIFT] V_Motors: 28.175 V
[LIFT] V_Compute: 28.760 V
[LIFT] V_Motors: 28.175 V
[LIFT] V_Compute: 28.763 V
[LIFT] V_Motors: 28.176 V
[LIFT] V_Compute: 28.764 V
[LIFT] V_Motors: 28.176 V
[LIFT] V_Compute: 28.753 V
[LIFT] V_Motors: 28.176 V
[LIFT] V_Compute: 28.759 V
[LIFT] V_Motors: 28.174 V
[LIFT] V_Compute: 28.757 V
[LIFT] V_Motors: 28.176 V
[LIFT] V_Compute: 28.760 V
[LIFT] V_Motors: 28.176 V
[LIFT] V_Compute: 28.765 V
[LIFT] V_Motors: 28.174 V
[LIFT] V_Compute: 28.760 V
[LIFT] V_Motors: 28.177 V
SLAM pose subscriber initialized
[YOR] follow_path: n=23 first=(-0.01210000514984133, 0.014999866485595703) last=(4.537899994850159, -0.4850001335144052)
[LIFT] V_Compute: 28.760 V
[LIFT] V_Motors: 28.180 V
[LIFT] V_Compute: 28.754 V
[LIFT] V_Motors: 28.129 V
[YOR] follow_path: n=23 first=(-0.01210000514984133, 0.014999866485595703) last=(4.537899994850159, -0.4850001335144052)
[LIFT] V_Compute: 28.761 V
[LIFT] V_Motors: 28.138 V
[YOR] follow_path: n=22 first=(0.1378999948501587, 0.0005998134613030004) last=(4.537899994850159, -0.499400186538697)
[LIFT] V_Compute: 28.760 V
[LIFT] V_Motors: 28.157 V
[YOR] follow_path: n=21 first=(0.33789999485015865, 0.0005998134613030004) last=(4.537899994850159, -0.499400186538697)
[LIFT] V_Compute: 28.759 V
[LIFT] V_Motors: 28.156 V
[YOR] follow_path: n=20 first=(0.5378999948501586, 0.0005998134613030004) last=(4.537899994850159, -0.499400186538697)
[LIFT] V_Compute: 28.755 V
[LIFT] V_Motors: 28.150 V
[YOR] follow_path: n=20 first=(0.7378999948501588, -0.01610031127929723) last=(4.537899994850159, -0.4661003112792974)
[LIFT] V_Compute: 28.754 V
[LIFT] V_Motors: 28.152 V
[YOR] follow_path: n=18 first=(0.9378999948501587, 0.010099697113036932) last=(4.537899994850159, -0.48990030288696307)
[LIFT] V_Compute: 28.756 V
[LIFT] V_Motors: 28.144 V
[YOR] follow_path: n=18 first=(1.1378999948501587, 0.010099697113036932) last=(4.537899994850159, -0.48990030288696307)
[LIFT] V_Compute: 28.755 V
[LIFT] V_Motors: 28.120 V
[YOR] follow_path: n=16 first=(1.2878999948501588, 0.023000049591064275) last=(4.537899994850159, -0.4769999504089357)
[LIFT] V_Compute: 28.760 V
[LIFT] V_Motors: 28.149 V
[YOR] follow_path: n=15 first=(1.4878999948501586, -0.026999950408936435) last=(4.537899994850159, -0.4769999504089357)
[LIFT] V_Compute: 28.763 V
[LIFT] V_Motors: 28.147 V
[YOR] follow_path: n=14 first=(1.6878999948501587, -0.07699995040893626) last=(4.537899994850159, -0.4769999504089357)
[LIFT] V_Compute: 28.744 V
[LIFT] V_Motors: 28.150 V
[YOR] follow_path: n=14 first=(1.887899994850159, -0.12699995040893608) last=(4.537899994850159, -0.4769999504089357)
[LIFT] V_Compute: 28.763 V
[LIFT] V_Motors: 28.130 V
[YOR] follow_path: n=12 first=(2.087899994850159, -0.1821000576019296) last=(4.537899994850159, -0.4821000576019294)
[LIFT] V_Compute: 28.753 V
[LIFT] V_Motors: 28.151 V
[YOR] follow_path: n=11 first=(2.2378999948501592, -0.18690009117126483) last=(4.537899994850159, -0.48690009117126554)
[LIFT] V_Compute: 28.759 V
[LIFT] V_Motors: 28.125 V
[YOR] follow_path: n=11 first=(2.4378999948501585, -0.18690009117126483) last=(4.537899994850159, -0.48690009117126554)
[LIFT] V_Compute: 28.755 V
[LIFT] V_Motors: 28.140 V
[YOR] follow_path: n=10 first=(2.6378999948501587, -0.18690009117126483) last=(4.537899994850159, -0.48690009117126554)
[LIFT] V_Compute: 28.736 V
[LIFT] V_Motors: 28.095 V
[YOR] follow_path: n=9 first=(2.787899994850159, -0.18690009117126483) last=(4.537899994850159, -0.48690009117126554)
[LIFT] V_Compute: 28.765 V
[LIFT] V_Motors: 28.141 V
[YOR] follow_path: n=8 first=(2.9878999948501592, -0.28690009117126536) last=(4.537899994850159, -0.48690009117126554)
[LIFT] V_Compute: 28.754 V
[LIFT] V_Motors: 28.134 V
[YOR] follow_path: n=8 first=(3.1378999948501587, -0.3369000911712652) last=(4.537899994850159, -0.48690009117126554)
[LIFT] V_Compute: 28.755 V
[LIFT] V_Motors: 28.142 V
[LIFT] V_Compute: 28.756 V
[LIFT] V_Motors: 28.141 V
[YOR] follow_path: n=6 first=(3.3878999948501587, -0.3369000911712652) last=(4.537899994850159, -0.48690009117126554)
[LIFT] V_Compute: 28.760 V
[LIFT] V_Motors: 28.139 V
[YOR] follow_path: n=6 first=(3.537899994850159, -0.4369000911712648) last=(4.537899994850159, -0.48690009117126554)
[LIFT] V_Compute: 28.751 V
[LIFT] V_Motors: 28.140 V
[YOR] follow_path: n=5 first=(3.7378999948501592, -0.386900091171265) last=(4.537899994850159, -0.48690009117126554)
[LIFT] V_Compute: 28.761 V
[LIFT] V_Motors: 28.139 V
[YOR] follow_path: n=4 first=(3.8878999948501587, -0.4369000911712648) last=(4.537899994850159, -0.48690009117126554)
[LIFT] V_Compute: 28.761 V
[LIFT] V_Motors: 28.131 V
[YOR] follow_path: n=4 first=(4.087899994850159, -0.386900091171265) last=(4.537899994850159, -0.48690009117126554)
[LIFT] V_Compute: 28.765 V
[LIFT] V_Motors: 28.141 V
[YOR] follow_path: n=2 first=(4.237899994850159, -0.4369000911712648) last=(4.537899994850159, -0.48690009117126554)
[LIFT] V_Compute: 28.736 V
[LIFT] V_Motors: 28.155 V
[YOR] follow_path: n=2 first=(4.437899994850159, -0.48690009117126554) last=(4.537899994850159, -0.48690009117126554)
[LIFT] V_Compute: 28.759 V
[LIFT] V_Motors: 28.146 V
[YOR] follow_path: cleared
[LIFT] V_Compute: 28.754 V
[LIFT] V_Motors: 28.170 V
[LIFT] V_Compute: 28.755 V
[LIFT] V_Motors: 28.170 V
[LIFT] V_Compute: 28.756 V
[LIFT] V_Motors: 28.170 V
[LIFT] V_Compute: 28.744 V
[LIFT] V_Motors: 28.160 V
[LIFT] V_Compute: 28.761 V
[LIFT] V_Motors: 28.173 V
[LIFT] V_Compute: 28.753 V
[LIFT] V_Motors: 28.169 V
[LIFT] V_Compute: 28.755 V
[LIFT] V_Motors: 28.173 V
[LIFT] V_Compute: 28.753 V
[LIFT] V_Motors: 28.167 V
[LIFT] V_Compute: 28.760 V
[LIFT] V_Motors: 28.173 V
[LIFT] V_Compute: 28.749 V
[LIFT] V_Motors: 28.165 V
[LIFT] V_Compute: 28.746 V
[LIFT] V_Motors: 28.160 V
[LIFT] V_Compute: 28.747 V
[LIFT] V_Motors: 28.166 V
[LIFT] V_Compute: 28.749 V
[LIFT] V_Motors: 28.160 V
[LIFT] V_Compute: 28.750 V
[LIFT] V_Motors: 28.165 V
[LIFT] V_Compute: 28.746 V
[LIFT] V_Motors: 28.161 V
[LIFT] V_Compute: 28.749 V
[LIFT] V_Motors: 28.167 V
[LIFT] V_Compute: 28.746 V
[LIFT] V_Motors: 28.166 V
[LIFT] V_Compute: 28.747 V
[LIFT] V_Motors: 28.169 V
[YOR] follow_path: n=22 first=(4.537899994850159, -0.48690009117126554) last=(-0.01210000514984133, 0.013099908828735352)
[LIFT] V_Compute: 28.744 V
[LIFT] V_Motors: 28.114 V
[YOR] follow_path: n=22 first=(4.537899994850159, -0.48690009117126554) last=(-0.01210000514984133, 0.013099908828735352)
[LIFT] V_Compute: 28.749 V
[LIFT] V_Motors: 28.142 V
[YOR] follow_path: n=22 first=(4.487899994850159, -0.5369000911712654) last=(-0.01210000514984133, 0.013099908828735352)
[LIFT] V_Compute: 28.747 V
[LIFT] V_Motors: 28.140 V
[YOR] follow_path: n=22 first=(4.437899994850159, -0.5869000911712652) last=(-0.01210000514984133, 0.013099908828735352)
[LIFT] V_Compute: 28.746 V
[LIFT] V_Motors: 28.138 V
[LIFT] V_Compute: 28.747 V
[LIFT] V_Motors: 28.150 V
[YOR] follow_path: n=22 first=(4.38789999485016, -0.636900091171265) last=(-0.01210000514984133, 0.013099908828735352)
[LIFT] V_Compute: 28.744 V
[LIFT] V_Motors: 28.150 V
[YOR] follow_path: n=22 first=(4.32570003271103, -0.5869000911712652) last=(-0.02429996728897099, 0.013099908828735352)
[LIFT] V_Compute: 28.745 V
[LIFT] V_Motors: 28.157 V
[YOR] follow_path: n=21 first=(4.274799990653992, -0.5869000911712652) last=(-0.0252000093460083, 0.013099908828735352)
[LIFT] V_Compute: 28.749 V
[LIFT] V_Motors: 28.155 V
[YOR] follow_path: n=22 first=(4.2571000337600715, -0.5369000911712654) last=(0.007100033760070845, 0.013099908828735352)
[LIFT] V_Compute: 28.750 V
[LIFT] V_Motors: 28.154 V
[YOR] follow_path: n=22 first=(4.2571000337600715, -0.5369000911712654) last=(0.007100033760070845, 0.013099908828735352)
[LIFT] V_Compute: 28.759 V
[LIFT] V_Motors: 28.165 V
[YOR] follow_path: n=22 first=(4.2571000337600715, -0.5369000911712654) last=(0.007100033760070845, 0.013099908828735352)
[LIFT] V_Compute: 28.753 V
[LIFT] V_Motors: 28.121 V
[YOR] follow_path: n=21 first=(4.2571000337600715, -0.5369000911712654) last=(0.007100033760070845, 0.013099908828735352)
[LIFT] V_Compute: 28.721 V
[LIFT] V_Motors: 28.110 V
[YOR] follow_path: n=21 first=(4.1472000002861025, -0.5369000911712654) last=(-0.0027999997138976607, 0.013099908828735352)
[LIFT] V_Compute: 28.757 V
[LIFT] V_Motors: 28.139 V
[YOR] follow_path: n=20 first=(3.980200016498566, -0.5369000911712654) last=(-0.019799983501434193, 0.013099908828735352)
[LIFT] V_Compute: 28.753 V
[LIFT] V_Motors: 28.128 V
[YOR] follow_path: n=20 first=(3.726600027084351, -0.5369000911712654) last=(-0.023399972915649325, 0.013099908828735352)
[LIFT] V_Compute: 28.750 V
[LIFT] V_Motors: 28.135 V
[YOR] follow_path: n=19 first=(3.556000065803528, -0.4369000911712648) last=(0.006000065803528187, 0.013099908828735352)
[LIFT] V_Compute: 28.755 V
[LIFT] V_Motors: 28.145 V
[YOR] follow_path: n=18 first=(3.3770999908447275, -0.48690009117126554) last=(-0.02290000915527335, 0.013099908828735352)
[LIFT] V_Compute: 28.759 V
[LIFT] V_Motors: 28.131 V
[YOR] follow_path: n=16 first=(3.1781000137329105, -0.4369000911712648) last=(-0.021899986267089666, 0.013099908828735352)
[LIFT] V_Compute: 28.757 V
[LIFT] V_Motors: 28.126 V
[YOR] follow_path: n=17 first=(3.0033000946044925, -0.4067000865936281) last=(0.0033000946044925428, -0.00670008659362864)
[LIFT] V_Compute: 28.749 V
[LIFT] V_Motors: 28.140 V
[YOR] follow_path: n=15 first=(2.8469000577926638, -0.3869002342224128) last=(-0.003099942207335893, 0.013099765777587535)
[LIFT] V_Compute: 28.759 V
[LIFT] V_Motors: 28.129 V
[YOR] follow_path: n=14 first=(2.5959000110626222, -0.3869002342224128) last=(-0.004099988937377397, 0.013099765777587535)
[LIFT] V_Compute: 28.744 V
[LIFT] V_Motors: 28.106 V
[YOR] follow_path: n=13 first=(2.419299983978272, -0.3869002342224128) last=(0.01929998397827193, 0.013099765777587535)
[LIFT] V_Compute: 28.743 V
[LIFT] V_Motors: 28.134 V
[LIFT] V_Compute: 28.755 V
[LIFT] V_Motors: 28.141 V
[YOR] follow_path: n=12 first=(2.23439998626709, -0.336900234222413) last=(-0.015600013732909979, 0.013099765777587535)
[LIFT] V_Compute: 28.744 V
[LIFT] V_Motors: 28.138 V
[YOR] follow_path: n=12 first=(2.0335000991821293, -0.3515000343322763) last=(-0.01649990081787056, -0.001500034332275746)
[LIFT] V_Compute: 28.756 V
[LIFT] V_Motors: 28.128 V
[YOR] follow_path: n=10 first=(1.8176001548767093, -0.332299995422364) last=(0.017600154876709517, 0.01770000457763654)
[LIFT] V_Compute: 28.753 V
[LIFT] V_Motors: 28.135 V
[YOR] follow_path: n=10 first=(1.6658001899719244, -0.3570999145507816) last=(0.015800189971924006, -0.0070999145507819605)
[LIFT] V_Compute: 28.754 V
[LIFT] V_Motors: 28.114 V
[YOR] follow_path: n=8 first=(1.5162001609802251, -0.25599994659423864) last=(0.016200160980225142, -0.0059999465942386365)
[LIFT] V_Compute: 28.747 V
[LIFT] V_Motors: 28.131 V
[YOR] follow_path: n=8 first=(1.2863001823425302, -0.3136000633239755) last=(-0.013699817657470525, -0.013600063323974787)
[LIFT] V_Compute: 28.753 V
[LIFT] V_Motors: 28.147 V
[YOR] follow_path: n=6 first=(1.0960000514984136, -0.2636000633239748) last=(-0.003999948501586914, -0.013600063323974787)
[LIFT] V_Compute: 28.744 V
[LIFT] V_Motors: 28.129 V
[YOR] follow_path: n=6 first=(0.8960000514984134, -0.16360006332397514) last=(-0.003999948501586914, -0.013600063323974787)
[LIFT] V_Compute: 28.745 V
[LIFT] V_Motors: 28.129 V
[YOR] follow_path: n=5 first=(0.7265000343322763, -0.16360006332397514) last=(-0.02349996566772461, -0.013600063323974787)
[LIFT] V_Compute: 28.741 V
[LIFT] V_Motors: 28.128 V
[YOR] follow_path: n=4 first=(0.5265000343322761, -0.136900091171265) last=(-0.02349996566772461, 0.013099908828735352)
[LIFT] V_Compute: 28.751 V
[LIFT] V_Motors: 28.135 V
[YOR] follow_path: n=3 first=(0.3759001731872562, -0.08690009117126518) last=(-0.02409982681274414, 0.013099908828735352)
[LIFT] V_Compute: 28.754 V
[LIFT] V_Motors: 28.118 V
[LIFT] V_Compute: 28.760 V
[LIFT] V_Motors: 28.141 V
[LIFT] V_Compute: 28.749 V
[LIFT] V_Motors: 28.147 V
[LIFT] V_Compute: 28.749 V
[LIFT] V_Motors: 28.144 V
[LIFT] V_Compute: 28.746 V
[LIFT] V_Motors: 28.141 V
[LIFT] V_Compute: 28.757 V
[LIFT] V_Motors: 28.146 V
[LIFT] V_Compute: 28.749 V
[LIFT] V_Motors: 28.155 V
[LIFT] V_Compute: 28.751 V
[LIFT] V_Motors: 28.154 V
[LIFT] V_Compute: 28.753 V
[LIFT] V_Motors: 28.159 V
[LIFT] V_Compute: 28.757 V
[LIFT] V_Motors: 28.160 V
[LIFT] V_Compute: 28.754 V
[LIFT] V_Motors: 28.171 V
[LIFT] V_Compute: 28.751 V
[LIFT] V_Motors: 28.119 V
[LIFT] V_Compute: 28.756 V
[LIFT] V_Motors: 28.129 V
[LIFT] V_Compute: 28.750 V
[LIFT] V_Motors: 28.154 V
[LIFT] V_Compute: 28.737 V
[LIFT] V_Motors: 28.155 V
[LIFT] V_Compute: 28.739 V
[LIFT] V_Motors: 28.157 V
[LIFT] V_Compute: 28.743 V
[LIFT] V_Motors: 28.159 V
[LIFT] V_Compute: 28.734 V
[LIFT] V_Motors: 28.156 V
[LIFT] V_Compute: 28.745 V
[LIFT] V_Motors: 28.163 V
[LIFT] V_Compute: 28.741 V
[LIFT] V_Motors: 28.164 V
[LIFT] V_Compute: 28.750 V
[LIFT] V_Motors: 28.164 V
[LIFT] V_Compute: 28.741 V
[LIFT] V_Motors: 28.161 V
[LIFT] V_Compute: 28.743 V
[LIFT] V_Motors: 28.156 V
[LIFT] V_Compute: 28.745 V
[LIFT] V_Motors: 28.160 V
[LIFT] V_Compute: 28.747 V
[LIFT] V_Motors: 28.161 V
[LIFT] V_Compute: 28.739 V
[LIFT] V_Motors: 28.156 V
[LIFT] V_Compute: 28.750 V
[LIFT] V_Motors: 28.164 V
[LIFT] V_Compute: 28.732 V
[LIFT] V_Motors: 28.149 V
[LIFT] V_Compute: 28.751 V
[LIFT] V_Motors: 28.164 V
[LIFT] V_Compute: 28.746 V
[LIFT] V_Motors: 28.163 V
[LIFT] V_Compute: 28.734 V
[LIFT] V_Motors: 28.152 V
[LIFT] V_Compute: 28.746 V
[LIFT] V_Motors: 28.167 V
[LIFT] V_Compute: 28.750 V
[LIFT] V_Motors: 28.167 V
[LIFT] V_Compute: 28.741 V
[LIFT] V_Motors: 28.160 V
[LIFT] V_Compute: 28.743 V
[LIFT] V_Motors: 28.161 V
[LIFT] V_Compute: 28.751 V
[LIFT] V_Motors: 28.161 V
[LIFT] V_Compute: 28.753 V
[LIFT] V_Motors: 28.165 V
[LIFT] V_Compute: 28.753 V
[LIFT] V_Motors: 28.169 V
[LIFT] V_Compute: 28.750 V
[LIFT] V_Motors: 28.165 V
[YOR] follow_path: cleared
[LIFT] V_Compute: 28.750 V
[LIFT] V_Motors: 28.163 V
[LIFT] V_Compute: 28.735 V
[LIFT] V_Motors: 28.157 V
[LIFT] V_Compute: 28.756 V
[LIFT] V_Motors: 28.170 V
[YOR] follow_path: n=23 first=(0.013300132751465021, -0.001099967956543324) last=(4.513300132751465, -0.5010999679565433)
[LIFT] V_Compute: 28.751 V
[LIFT] V_Motors: 28.126 V
[YOR] follow_path: n=22 first=(0.06330013275146484, -0.001099967956543324) last=(4.513300132751465, -0.5010999679565433)
[LIFT] V_Compute: 28.750 V
[LIFT] V_Motors: 28.140 V
[YOR] follow_path: n=21 first=(0.263300132751465, -0.001099967956543324) last=(4.513300132751465, -0.5010999679565433)
[LIFT] V_Compute: 28.756 V
[LIFT] V_Motors: 28.139 V
[YOR] follow_path: n=21 first=(0.4133001327514654, -0.001099967956543324) last=(4.513300132751465, -0.5010999679565433)
[LIFT] V_Compute: 28.743 V
[LIFT] V_Motors: 28.145 V
[YOR] follow_path: n=20 first=(0.6633001327514654, -0.001099967956543324) last=(4.513300132751465, -0.5010999679565433)
[LIFT] V_Compute: 28.755 V
[LIFT] V_Motors: 28.138 V
[YOR] follow_path: n=19 first=(0.8133001327514657, 0.008099842071533025) last=(4.513300132751465, -0.491900157928467)
[LIFT] V_Compute: 28.749 V
[LIFT] V_Motors: 28.135 V
[YOR] follow_path: n=19 first=(1.013300132751465, 0.027099895477294744) last=(4.513300132751465, -0.47290010452270526)
[LIFT] V_Compute: 28.750 V
[LIFT] V_Motors: 28.126 V
[YOR] follow_path: n=17 first=(1.1633001327514654, 0.03859977722167951) last=(4.513300132751465, -0.4614002227783205)
[LIFT] V_Compute: 28.744 V
[LIFT] V_Motors: 28.129 V
[YOR] follow_path: n=16 first=(1.3633001327514656, -0.0114002227783212) last=(4.513300132751465, -0.4614002227783205)
[LIFT] V_Compute: 28.751 V
[LIFT] V_Motors: 28.130 V
[YOR] follow_path: n=15 first=(1.5633001327514657, -0.06140022277832102) last=(4.513300132751465, -0.4614002227783205)
[LIFT] V_Compute: 28.753 V
[LIFT] V_Motors: 28.152 V
[YOR] follow_path: n=14 first=(1.763300132751465, -0.16140022277832067) last=(4.513300132751465, -0.4614002227783205)
[LIFT] V_Compute: 28.747 V
[LIFT] V_Motors: 28.145 V
[LIFT] V_Compute: 28.745 V
[LIFT] V_Motors: 28.135 V
[YOR] follow_path: n=13 first=(1.9633001327514652, -0.11140022277832085) last=(4.513300132751465, -0.4614002227783205)
[LIFT] V_Compute: 28.749 V
[LIFT] V_Motors: 28.129 V
[YOR] follow_path: n=12 first=(2.1633001327514654, -0.15109996795654368) last=(4.513300132751465, -0.5010999679565433)
[LIFT] V_Compute: 28.745 V
[LIFT] V_Motors: 28.138 V
[YOR] follow_path: n=11 first=(2.3133001327514657, -0.15109996795654368) last=(4.513300132751465, -0.5010999679565433)
[LIFT] V_Compute: 28.756 V
[LIFT] V_Motors: 28.132 V
[YOR] follow_path: n=11 first=(2.513300132751465, -0.2010999679565435) last=(4.513300132751465, -0.5010999679565433)
[LIFT] V_Compute: 28.751 V
[LIFT] V_Motors: 28.129 V
[YOR] follow_path: n=10 first=(2.713300132751465, -0.2010999679565435) last=(4.513300132751465, -0.5010999679565433)
[LIFT] V_Compute: 28.747 V
[LIFT] V_Motors: 28.130 V
[YOR] follow_path: n=9 first=(2.9133001327514654, -0.2510999679565433) last=(4.513300132751465, -0.5010999679565433)
[LIFT] V_Compute: 28.755 V
[LIFT] V_Motors: 28.116 V
[YOR] follow_path: n=8 first=(3.1133001327514656, -0.2510999679565433) last=(4.513300132751465, -0.5010999679565433)
[LIFT] V_Compute: 28.755 V
[LIFT] V_Motors: 28.129 V
[YOR] follow_path: n=7 first=(3.3133001327514657, -0.35109996795654386) last=(4.513300132751465, -0.5010999679565433)
[LIFT] V_Compute: 28.743 V
[LIFT] V_Motors: 28.138 V
[YOR] follow_path: n=6 first=(3.513300132751465, -0.35109996795654386) last=(4.513300132751465, -0.5010999679565433)
[LIFT] V_Compute: 28.746 V
[LIFT] V_Motors: 28.126 V
[YOR] follow_path: n=5 first=(3.713300132751466, -0.4010999679565437) last=(4.513300132751465, -0.5010999679565433)
[LIFT] V_Compute: 28.753 V
[LIFT] V_Motors: 28.138 V
[YOR] follow_path: n=4 first=(3.8633001327514647, -0.4510999679565435) last=(4.513300132751465, -0.5010999679565433)
[LIFT] V_Compute: 28.750 V
[LIFT] V_Motors: 28.114 V
[LIFT] V_Compute: 28.755 V
[LIFT] V_Motors: 28.130 V
[YOR] follow_path: n=4 first=(4.063300132751466, -0.4010999679565437) last=(4.513300132751465, -0.5010999679565433)
[LIFT] V_Compute: 28.749 V
[LIFT] V_Motors: 28.169 V
[LIFT] V_Compute: 28.755 V
[LIFT] V_Motors: 28.145 V
[LIFT] V_Compute: 28.751 V
[LIFT] V_Motors: 28.147 V
[LIFT] V_Compute: 28.753 V
[LIFT] V_Motors: 28.164 V
[LIFT] V_Compute: 28.749 V
[LIFT] V_Motors: 28.164 V
[LIFT] V_Compute: 28.751 V
[LIFT] V_Motors: 28.164 V
[LIFT] V_Compute: 28.751 V
[LIFT] V_Motors: 28.166 V
[LIFT] V_Compute: 28.743 V
[LIFT] V_Motors: 28.163 V
[LIFT] V_Compute: 28.750 V
[LIFT] V_Motors: 28.166 V
[LIFT] V_Compute: 28.746 V
[LIFT] V_Motors: 28.167 V
[LIFT] V_Compute: 28.750 V
[LIFT] V_Motors: 28.167 V
[LIFT] V_Compute: 28.753 V
[LIFT] V_Motors: 28.160 V
[LIFT] V_Compute: 28.753 V
[LIFT] V_Motors: 28.165 V
[LIFT] V_Compute: 28.739 V
[LIFT] V_Motors: 28.157 V
[LIFT] V_Compute: 28.755 V
[LIFT] V_Motors: 28.166 V
[YOR] follow_path: cleared
[LIFT] V_Compute: 28.747 V
[LIFT] V_Motors: 28.167 V
[LIFT] V_Compute: 28.754 V
[LIFT] V_Motors: 28.170 V
[LIFT] V_Compute: 28.746 V
[LIFT] V_Motors: 28.165 V
[YOR] follow_path: n=22 first=(4.463300132751466, -0.5010999679565433) last=(0.013300132751465021, -0.001099967956543324)
[LIFT] V_Compute: 28.751 V
[LIFT] V_Motors: 28.094 V
[YOR] follow_path: n=22 first=(4.463300132751466, -0.5010999679565433) last=(0.013300132751465021, -0.001099967956543324)
[LIFT] V_Compute: 28.755 V
[LIFT] V_Motors: 28.138 V
[YOR] follow_path: n=22 first=(4.463300132751466, -0.5510999679565431) last=(0.013300132751465021, -0.001099967956543324)
[LIFT] V_Compute: 28.746 V
[LIFT] V_Motors: 28.146 V
[LIFT] V_Compute: 28.749 V
[LIFT] V_Motors: 28.142 V
[YOR] follow_path: n=22 first=(4.413300132751465, -0.6010999679565439) last=(0.013300132751465021, -0.001099967956543324)
[LIFT] V_Compute: 28.754 V
[LIFT] V_Motors: 28.152 V
[YOR] follow_path: n=22 first=(4.363300132751465, -0.6010999679565439) last=(0.013300132751465021, -0.001099967956543324)
[LIFT] V_Compute: 28.749 V
[LIFT] V_Motors: 28.142 V
[YOR] follow_path: n=22 first=(4.313300132751466, -0.6010999679565439) last=(0.013300132751465021, -0.001099967956543324)
[LIFT] V_Compute: 28.754 V
[LIFT] V_Motors: 28.138 V
[YOR] follow_path: n=21 first=(4.213300132751466, -0.5510999679565431) last=(0.013300132751465021, -0.001099967956543324)
[LIFT] V_Compute: 28.747 V
[LIFT] V_Motors: 28.157 V
[YOR] follow_path: n=21 first=(4.213300132751466, -0.5510999679565431) last=(0.013300132751465021, -0.001099967956543324)
[LIFT] V_Compute: 28.751 V
[LIFT] V_Motors: 28.164 V
[YOR] follow_path: n=22 first=(4.213300132751466, -0.5510999679565431) last=(0.013300132751465021, -0.001099967956543324)
[LIFT] V_Compute: 28.751 V
[LIFT] V_Motors: 28.071 V
[YOR] follow_path: n=21 first=(4.213300132751466, -0.5010999679565433) last=(0.013300132751465021, -0.001099967956543324)
[LIFT] V_Compute: 28.747 V
[LIFT] V_Motors: 28.120 V
[YOR] follow_path: n=21 first=(4.113300132751465, -0.5010999679565433) last=(0.013300132751465021, -0.001099967956543324)
[LIFT] V_Compute: 28.744 V
[LIFT] V_Motors: 28.128 V
[YOR] follow_path: n=20 first=(3.963300132751466, -0.4510999679565435) last=(0.013300132751465021, -0.001099967956543324)
[LIFT] V_Compute: 28.741 V
[LIFT] V_Motors: 28.135 V
[YOR] follow_path: n=20 first=(3.763300132751465, -0.5010999679565433) last=(0.013300132751465021, -0.001099967956543324)
[LIFT] V_Compute: 28.751 V
[LIFT] V_Motors: 28.122 V
[YOR] follow_path: n=18 first=(3.5633001327514657, -0.4010999679565437) last=(0.013300132751465021, -0.001099967956543324)
[LIFT] V_Compute: 28.741 V
[LIFT] V_Motors: 28.126 V
[YOR] follow_path: n=18 first=(3.4133001327514654, -0.4010999679565437) last=(0.013300132751465021, -0.001099967956543324)
[LIFT] V_Compute: 28.739 V
[LIFT] V_Motors: 28.131 V
[YOR] follow_path: n=17 first=(3.263300132751465, -0.4510999679565435) last=(0.013300132751465021, -0.001099967956543324)
[LIFT] V_Compute: 28.747 V
[LIFT] V_Motors: 28.129 V
[YOR] follow_path: n=17 first=(3.013300132751465, -0.4010999679565437) last=(0.013300132751465021, -0.001099967956543324)
[LIFT] V_Compute: 28.751 V
[LIFT] V_Motors: 28.136 V
[YOR] follow_path: n=15 first=(2.8133001327514657, -0.4010999679565437) last=(0.013300132751465021, -0.001099967956543324)
[LIFT] V_Compute: 28.755 V
[LIFT] V_Motors: 28.146 V
[YOR] follow_path: n=15 first=(2.6133001327514656, -0.4010999679565437) last=(0.013300132751465021, -0.001099967956543324)
[LIFT] V_Compute: 28.750 V
[LIFT] V_Motors: 28.134 V
[LIFT] V_Compute: 28.749 V
[LIFT] V_Motors: 28.119 V
[YOR] follow_path: n=12 first=(2.4133001327514654, -0.32099990844726634) last=(0.013300132751465021, -0.020999908447266513)
[LIFT] V_Compute: 28.746 V
[LIFT] V_Motors: 28.138 V
[YOR] follow_path: n=12 first=(2.263300132751465, -0.37099990844726616) last=(0.013300132751465021, -0.020999908447266513)
[LIFT] V_Compute: 28.741 V
[LIFT] V_Motors: 28.124 V
[YOR] follow_path: n=11 first=(2.0633001327514657, -0.32099990844726634) last=(0.013300132751465021, -0.020999908447266513)
[LIFT] V_Compute: 28.744 V
[LIFT] V_Motors: 28.131 V
[YOR] follow_path: n=10 first=(1.8133001327514657, -0.37099990844726616) last=(0.013300132751465021, -0.020999908447266513)
[LIFT] V_Compute: 28.744 V
[LIFT] V_Motors: 28.118 V
[YOR] follow_path: n=9 first=(1.6133001327514656, -0.32099990844726634) last=(0.013300132751465021, -0.020999908447266513)
[LIFT] V_Compute: 28.746 V
[LIFT] V_Motors: 28.138 V
[YOR] follow_path: n=8 first=(1.4633001327514652, -0.29580020904541104) last=(0.013300132751465021, 0.004199790954589666)
[LIFT] V_Compute: 28.755 V
[LIFT] V_Motors: 28.124 V
[YOR] follow_path: n=8 first=(1.2473001003265383, -0.29580020904541104) last=(-0.0026998996734617364, 0.004199790954589666)
[LIFT] V_Compute: 28.750 V
[LIFT] V_Motors: 28.149 V
[YOR] follow_path: n=6 first=(1.064900207519532, -0.1958002090454105) last=(0.01490020751953125, 0.004199790954589666)
[LIFT] V_Compute: 28.741 V
[LIFT] V_Motors: 28.132 V
[YOR] follow_path: n=6 first=(0.8934999942779545, -0.1458002090454107) last=(-0.0065000057220458984, 0.004199790954589666)
[LIFT] V_Compute: 28.746 V
[LIFT] V_Motors: 28.129 V
[YOR] follow_path: n=5 first=(0.7310001850128183, -0.1458002090454107) last=(-0.018999814987182617, 0.004199790954589666)
[LIFT] V_Compute: 28.746 V
[LIFT] V_Motors: 28.131 V
[YOR] follow_path: n=4 first=(0.5310001850128181, -0.10109996795654386) last=(-0.018999814987182617, -0.001099967956543324)
[LIFT] V_Compute: 28.743 V
[LIFT] V_Motors: 28.138 V
[LIFT] V_Compute: 28.746 V
[LIFT] V_Motors: 28.131 V
[LIFT] V_Compute: 28.747 V
[LIFT] V_Motors: 28.141 V
[LIFT] V_Compute: 28.743 V
[LIFT] V_Motors: 28.138 V
[LIFT] V_Compute: 28.741 V
[LIFT] V_Motors: 28.138 V
[LIFT] V_Compute: 28.746 V
[LIFT] V_Motors: 28.134 V
[LIFT] V_Compute: 28.740 V
[LIFT] V_Motors: 28.145 V
[LIFT] V_Compute: 28.741 V
[LIFT] V_Motors: 28.150 V
[LIFT] V_Compute: 28.737 V
[LIFT] V_Motors: 28.151 V
[LIFT] V_Compute: 28.740 V
[LIFT] V_Motors: 28.161 V
[LIFT] V_Compute: 28.728 V
[LIFT] V_Motors: 28.142 V
[LIFT] V_Compute: 28.746 V
[LIFT] V_Motors: 28.155 V
[LIFT] V_Compute: 28.743 V
[LIFT] V_Motors: 28.119 V
[LIFT] V_Compute: 28.745 V
[LIFT] V_Motors: 28.132 V
[LIFT] V_Compute: 28.747 V
[LIFT] V_Motors: 28.146 V
[LIFT] V_Compute: 28.740 V
[LIFT] V_Motors: 28.150 V
[LIFT] V_Compute: 28.736 V
[LIFT] V_Motors: 28.155 V
[LIFT] V_Compute: 28.740 V
[LIFT] V_Motors: 28.152 V
[LIFT] V_Compute: 28.735 V
[LIFT] V_Motors: 28.150 V
[LIFT] V_Compute: 28.750 V
[LIFT] V_Motors: 28.165 V
[LIFT] V_Compute: 28.749 V
[LIFT] V_Motors: 28.165 V
[LIFT] V_Compute: 28.750 V
[LIFT] V_Motors: 28.160 V
[LIFT] V_Compute: 28.746 V
[LIFT] V_Motors: 28.160 V
[LIFT] V_Compute: 28.728 V
[LIFT] V_Motors: 28.144 V
[LIFT] V_Compute: 28.750 V
[LIFT] V_Motors: 28.160 V
[LIFT] V_Compute: 28.753 V
[LIFT] V_Motors: 28.157 V
[LIFT] V_Compute: 28.754 V
[LIFT] V_Motors: 28.166 V
[LIFT] V_Compute: 28.753 V
[LIFT] V_Motors: 28.160 V
[YOR] follow_path: cleared
[LIFT] V_Compute: 28.747 V
[LIFT] V_Motors: 28.156 V
[LIFT] V_Compute: 28.754 V
[LIFT] V_Motors: 28.161 V
[LIFT] V_Compute: 28.751 V
[LIFT] V_Motors: 28.164 V
[LIFT] V_Compute: 28.740 V
[LIFT] V_Motors: 28.159 V
[YOR] follow_path: n=20 first=(0.03510017395019549, -0.001099967956543324) last=(2.7351001739501957, 2.9989000320434567)
[LIFT] V_Compute: 28.753 V
[LIFT] V_Motors: 28.112 V
[YOR] follow_path: n=20 first=(0.03510017395019549, -0.001099967956543324) last=(2.7351001739501957, 2.9989000320434567)
[LIFT] V_Compute: 28.749 V
[LIFT] V_Motors: 28.156 V
[YOR] follow_path: n=20 first=(0.03510017395019549, 0.0486996650695799) last=(2.7351001739501957, 2.9986996650695796)
[LIFT] V_Compute: 28.755 V
[LIFT] V_Motors: 28.164 V
[YOR] follow_path: n=20 first=(0.03510017395019549, 0.04990005493163974) last=(2.7351001739501957, 2.9999000549316404)
[LIFT] V_Compute: 28.747 V
[LIFT] V_Motors: 28.155 V
[YOR] follow_path: n=20 first=(-0.014899826049804332, 0.07480001449584872) last=(2.7351001739501957, 2.974800014495849)
[LIFT] V_Compute: 28.746 V
[LIFT] V_Motors: 28.114 V
[YOR] follow_path: n=20 first=(0.03510017395019549, 0.07520008087158114) last=(2.7351001739501957, 2.9752000808715815)
[LIFT] V_Compute: 28.746 V
[LIFT] V_Motors: 28.130 V
[YOR] follow_path: n=19 first=(0.08510017395019531, 0.2469000816345206) last=(2.7351001739501957, 2.996900081634521)
[LIFT] V_Compute: 28.749 V
[LIFT] V_Motors: 28.125 V
[YOR] follow_path: n=18 first=(0.23510017395019567, 0.35540008544921786) last=(2.7351001739501957, 3.005400085449218)
[LIFT] V_Compute: 28.747 V
[LIFT] V_Motors: 28.129 V
[YOR] follow_path: n=18 first=(0.3351001739501953, 0.5372997283935543) last=(2.7351001739501957, 2.9872997283935545)
[LIFT] V_Compute: 28.749 V
[LIFT] V_Motors: 28.138 V
[YOR] follow_path: n=16 first=(0.48510017395019567, 0.6314997673034659) last=(2.7351001739501957, 2.9814997673034664)
[LIFT] V_Compute: 28.751 V
[LIFT] V_Motors: 28.121 V
[YOR] follow_path: n=16 first=(0.5351001739501955, 0.8107998847961424) last=(2.7351001739501957, 2.9607998847961423)
[LIFT] V_Compute: 28.747 V
[LIFT] V_Motors: 28.129 V
[YOR] follow_path: n=15 first=(0.6851001739501958, 0.8638997077941886) last=(2.7351001739501957, 2.963899707794189)
[LIFT] V_Compute: 28.754 V
[LIFT] V_Motors: 28.129 V
[YOR] follow_path: n=14 first=(0.7851001739501955, 1.0154998779296873) last=(2.7351001739501957, 2.965499877929687)
[LIFT] V_Compute: 28.753 V
[LIFT] V_Motors: 28.121 V
[LIFT] V_Compute: 28.747 V
[LIFT] V_Motors: 28.124 V
[YOR] follow_path: n=13 first=(0.9351001739501958, 1.1628997802734373) last=(2.7351001739501957, 2.962899780273437)
[LIFT] V_Compute: 28.745 V
[LIFT] V_Motors: 28.131 V
[YOR] follow_path: n=12 first=(1.0351001739501955, 1.3032999992370602) last=(2.7351001739501957, 3.0032999992370604)
[LIFT] V_Compute: 28.745 V
[LIFT] V_Motors: 28.138 V
[YOR] follow_path: n=12 first=(1.135100173950196, 1.3994998931884757) last=(2.7351001739501957, 2.999499893188476)
[LIFT] V_Compute: 28.746 V
[LIFT] V_Motors: 28.130 V
[YOR] follow_path: n=11 first=(1.2851001739501955, 1.5514999389648434) last=(2.7351001739501957, 3.0014999389648436)
[LIFT] V_Compute: 28.744 V
[LIFT] V_Motors: 28.130 V
[YOR] follow_path: n=10 first=(1.385100173950196, 1.7104996681213374) last=(2.7351001739501957, 2.9604996681213374)
[LIFT] V_Compute: 28.751 V
[LIFT] V_Motors: 28.120 V
[YOR] follow_path: n=9 first=(1.5351001739501955, 1.8398997306823723) last=(2.7351001739501957, 2.9898997306823727)
[LIFT] V_Compute: 28.751 V
[LIFT] V_Motors: 28.138 V
[YOR] follow_path: n=8 first=(1.635100173950196, 2.0053997039794913) last=(2.7351001739501957, 3.005399703979492)
[LIFT] V_Compute: 28.751 V
[LIFT] V_Motors: 28.124 V
[YOR] follow_path: n=7 first=(1.8351001739501962, 2.141499614715576) last=(2.7351001739501957, 2.9914996147155755)
[LIFT] V_Compute: 28.736 V
[LIFT] V_Motors: 28.126 V
[YOR] follow_path: n=6 first=(1.9351001739501958, 2.282399749755859) last=(2.7351001739501957, 2.982399749755859)
[LIFT] V_Compute: 28.746 V
[LIFT] V_Motors: 28.121 V
[YOR] follow_path: n=5 first=(2.085100173950196, 2.430299854278565) last=(2.7351001739501957, 2.980299854278565)
[LIFT] V_Compute: 28.744 V
[LIFT] V_Motors: 28.134 V
[YOR] follow_path: n=4 first=(2.185100173950196, 2.5636998176574712) last=(2.7351001739501957, 2.9636998176574707)
[LIFT] V_Compute: 28.751 V
[LIFT] V_Motors: 28.120 V
[YOR] follow_path: n=4 first=(2.385100173950196, 2.6934998512268074) last=(2.7351001739501957, 2.993499851226807)
[LIFT] V_Compute: 28.746 V
[LIFT] V_Motors: 28.105 V
[YOR] follow_path: n=2 first=(2.5351001739501955, 2.7696998596191413) last=(2.7351001739501957, 2.9696998596191406)
[LIFT] V_Compute: 28.745 V
[LIFT] V_Motors: 28.140 V
[LIFT] V_Compute: 28.750 V
[LIFT] V_Motors: 28.119 V
[YOR] follow_path: n=2 first=(2.635100173950196, 2.943299961090088) last=(2.7351001739501957, 2.993299961090088)
[LIFT] V_Compute: 28.750 V
[LIFT] V_Motors: 28.121 V
[YOR] follow_path: n=2 first=(2.685100173950196, 2.9771999359130863) last=(2.7351001739501957, 2.9771999359130863)
[LIFT] V_Compute: 28.743 V
[LIFT] V_Motors: 28.156 V
[YOR] follow_path: n=2 first=(2.685100173950196, 2.9771999359130863) last=(2.7351001739501957, 2.9771999359130863)
[LIFT] V_Compute: 28.751 V
[LIFT] V_Motors: 28.135 V
[YOR] follow_path: n=2 first=(2.685100173950196, 2.987199687957764) last=(2.7351001739501957, 2.987199687957764)
[YOR] follow_path: cleared
[LIFT] V_Compute: 28.755 V
[LIFT] V_Motors: 28.157 V
[LIFT] V_Compute: 28.756 V
[LIFT] V_Motors: 28.160 V
[LIFT] V_Compute: 28.747 V
[LIFT] V_Motors: 28.157 V
[LIFT] V_Compute: 28.749 V
[LIFT] V_Motors: 28.166 V
[LIFT] V_Compute: 28.751 V
[LIFT] V_Motors: 28.159 V
[LIFT] V_Compute: 28.751 V
[LIFT] V_Motors: 28.161 V
[LIFT] V_Compute: 28.744 V
[LIFT] V_Motors: 28.159 V
[LIFT] V_Compute: 28.744 V
[LIFT] V_Motors: 28.163 V
[LIFT] V_Compute: 28.744 V
[LIFT] V_Motors: 28.157 V
[LIFT] V_Compute: 28.746 V
[LIFT] V_Motors: 28.160 V
[LIFT] V_Compute: 28.744 V
[LIFT] V_Motors: 28.163 V
[LIFT] V_Compute: 28.747 V
[LIFT] V_Motors: 28.154 V
[LIFT] V_Compute: 28.743 V
[LIFT] V_Motors: 28.160 V
[LIFT] V_Compute: 28.743 V
[LIFT] V_Motors: 28.157 V
[LIFT] V_Compute: 28.731 V
[LIFT] V_Motors: 28.154 V
[LIFT] V_Compute: 28.734 V
[LIFT] V_Motors: 28.157 V
[YOR] follow_path: n=20 first=(2.7351001739501957, 2.9368996620178223) last=(-0.014899826049804332, -0.013100337982177024)
[LIFT] V_Compute: 28.747 V
[LIFT] V_Motors: 28.145 V
[YOR] follow_path: n=20 first=(2.7351001739501957, 2.9368996620178223) last=(-0.014899826049804332, -0.013100337982177024)
[LIFT] V_Compute: 28.746 V
[LIFT] V_Motors: 28.144 V
[YOR] follow_path: n=20 first=(2.7351001739501957, 2.8368996620178226) last=(-0.014899826049804332, -0.013100337982177024)
[LIFT] V_Compute: 28.740 V
[LIFT] V_Motors: 28.144 V
[YOR] follow_path: n=20 first=(2.685100173950196, 2.786899662017823) last=(-0.014899826049804332, -0.013100337982177024)
[LIFT] V_Compute: 28.745 V
[LIFT] V_Motors: 28.138 V
[YOR] follow_path: n=19 first=(2.635100173950196, 2.736899662017823) last=(-0.014899826049804332, -0.013100337982177024)
[LIFT] V_Compute: 28.751 V
[LIFT] V_Motors: 28.121 V
[YOR] follow_path: n=19 first=(2.585100173950196, 2.7347996711730964) last=(-0.014899826049804332, -0.015200328826903586)
[LIFT] V_Compute: 28.751 V
[LIFT] V_Motors: 28.139 V
[YOR] follow_path: n=19 first=(2.5351001739501955, 2.7347996711730964) last=(-0.014899826049804332, -0.015200328826903586)
[LIFT] V_Compute: 28.747 V
[LIFT] V_Motors: 28.156 V
[YOR] follow_path: n=19 first=(2.5351001739501955, 2.7847996711730962) last=(-0.014899826049804332, -0.015200328826903586)
[LIFT] V_Compute: 28.750 V
[LIFT] V_Motors: 28.156 V
[YOR] follow_path: n=19 first=(2.5351001739501955, 2.7847996711730962) last=(-0.014899826049804332, -0.015200328826903586)
[LIFT] V_Compute: 28.732 V
[LIFT] V_Motors: 28.159 V
[YOR] follow_path: n=19 first=(2.5351001739501955, 2.7847996711730962) last=(-0.014899826049804332, -0.015200328826903586)
[LIFT] V_Compute: 28.753 V
[LIFT] V_Motors: 28.112 V
[YOR] follow_path: n=19 first=(2.4851001739501957, 2.7347996711730964) last=(-0.014899826049804332, -0.015200328826903586)
[LIFT] V_Compute: 28.730 V
[LIFT] V_Motors: 28.114 V
[LIFT] V_Compute: 28.751 V
[LIFT] V_Motors: 28.136 V
[YOR] follow_path: n=18 first=(2.335100173950196, 2.584799671173096) last=(-0.014899826049804332, -0.015200328826903586)
[LIFT] V_Compute: 28.749 V
[LIFT] V_Motors: 28.125 V
[YOR] follow_path: n=17 first=(2.185100173950196, 2.4347996711730957) last=(-0.014899826049804332, -0.015200328826903586)
[LIFT] V_Compute: 28.740 V
[LIFT] V_Motors: 28.122 V
[YOR] follow_path: n=16 first=(2.0351001739501955, 2.2847996711730962) last=(-0.014899826049804332, -0.015200328826903586)
[LIFT] V_Compute: 28.749 V
[LIFT] V_Motors: 28.147 V
[YOR] follow_path: n=15 first=(1.9351001739501958, 2.1847996711730957) last=(-0.014899826049804332, -0.015200328826903586)
[LIFT] V_Compute: 28.749 V
[LIFT] V_Motors: 28.141 V
[YOR] follow_path: n=14 first=(1.7851001739501955, 2.0347996711730962) last=(-0.014899826049804332, -0.015200328826903586)
[LIFT] V_Compute: 28.740 V
[LIFT] V_Motors: 28.118 V
[YOR] follow_path: n=14 first=(1.6851001739501958, 1.9347996711730957) last=(-0.014899826049804332, -0.015200328826903586)
[LIFT] V_Compute: 28.741 V
[LIFT] V_Motors: 28.130 V
[YOR] follow_path: n=12 first=(1.5351001739501955, 1.7847996711730962) last=(-0.014899826049804332, -0.015200328826903586)
[LIFT] V_Compute: 28.743 V
[LIFT] V_Motors: 28.110 V
[YOR] follow_path: n=12 first=(1.4351001739501958, 1.6847996711730957) last=(-0.014899826049804332, -0.015200328826903586)
[LIFT] V_Compute: 28.746 V
[LIFT] V_Motors: 28.125 V
[YOR] follow_path: n=11 first=(1.2851001739501955, 1.5347996711730962) last=(-0.014899826049804332, -0.015200328826903586)
[LIFT] V_Compute: 28.745 V
[LIFT] V_Motors: 28.135 V
[YOR] follow_path: n=10 first=(1.135100173950196, 1.3847996711730959) last=(-0.014899826049804332, -0.015200328826903586)
[LIFT] V_Compute: 28.746 V
[LIFT] V_Motors: 28.119 V
[YOR] follow_path: n=9 first=(0.9851001739501957, 1.2347996711730964) last=(-0.014899826049804332, -0.015200328826903586)
[LIFT] V_Compute: 28.741 V
[LIFT] V_Motors: 28.126 V
[YOR] follow_path: n=8 first=(0.8924001216888433, 1.084799671173096) last=(-0.007599878311157049, -0.015200328826903586)
[LIFT] V_Compute: 28.744 V
[LIFT] V_Motors: 28.122 V
[YOR] follow_path: n=7 first=(0.7218001842498785, 0.9347996711730957) last=(0.021800184249878285, -0.015200328826903586)
[LIFT] V_Compute: 28.751 V
[LIFT] V_Motors: 28.129 V
[YOR] follow_path: n=6 first=(0.663699913024903, 0.8347996711730961) last=(0.013699913024902699, -0.015200328826903586)
[LIFT] V_Compute: 28.743 V
[LIFT] V_Motors: 28.135 V
[YOR] follow_path: n=5 first=(0.4770000457763679, 0.6847996711730957) last=(-0.022999954223632102, -0.015200328826903586)
[LIFT] V_Compute: 28.745 V
[LIFT] V_Motors: 28.129 V
[YOR] follow_path: n=4 first=(0.36700029373168963, 0.5347996711730962) last=(0.017000293731689986, -0.015200328826903586)
[LIFT] V_Compute: 28.751 V
[LIFT] V_Motors: 28.134 V
[YOR] follow_path: n=4 first=(0.3170002937316898, 0.33479967117309606) last=(0.017000293731689986, -0.015200328826903586)
[LIFT] V_Compute: 28.749 V
[LIFT] V_Motors: 28.119 V
[LIFT] V_Compute: 28.746 V
[LIFT] V_Motors: 28.138 V
[LIFT] V_Compute: 28.746 V
[LIFT] V_Motors: 28.138 V
[LIFT] V_Compute: 28.747 V
[LIFT] V_Motors: 28.139 V
[LIFT] V_Compute: 28.750 V
[LIFT] V_Motors: 28.134 V
[LIFT] V_Compute: 28.741 V
[LIFT] V_Motors: 28.149 V
[LIFT] V_Compute: 28.743 V
[LIFT] V_Motors: 28.157 V
[LIFT] V_Compute: 28.750 V
[LIFT] V_Motors: 28.147 V
[LIFT] V_Compute: 28.751 V
[LIFT] V_Motors: 28.151 V
[LIFT] V_Compute: 28.743 V
[LIFT] V_Motors: 28.156 V
[LIFT] V_Compute: 28.747 V
[LIFT] V_Motors: 28.111 V
[LIFT] V_Compute: 28.743 V
[LIFT] V_Motors: 28.121 V
[LIFT] V_Compute: 28.749 V
[LIFT] V_Motors: 28.139 V
[LIFT] V_Compute: 28.749 V
[LIFT] V_Motors: 28.146 V
[YOR] follow_path: cleared
[LIFT] V_Compute: 28.754 V
[LIFT] V_Motors: 28.161 V
[LIFT] V_Compute: 28.744 V
[LIFT] V_Motors: 28.159 V
[LIFT] V_Compute: 28.747 V
[LIFT] V_Motors: 28.157 V
[LIFT] V_Compute: 28.751 V
[LIFT] V_Motors: 28.157 V
[LIFT] V_Compute: 28.753 V
[LIFT] V_Motors: 28.161 V
[LIFT] V_Compute: 28.753 V
[LIFT] V_Motors: 28.159 V
[LIFT] V_Compute: 28.724 V
[LIFT] V_Motors: 28.141 V
[LIFT] V_Compute: 28.734 V
[LIFT] V_Motors: 28.154 V
[YOR] follow_path: n=20 first=(0.014400100708008345, 0.03479967117309535) last=(2.7144001007080085, 2.9347996711730957)
[LIFT] V_Compute: 28.736 V
[LIFT] V_Motors: 28.109 V
[YOR] follow_path: n=20 first=(0.014400100708008345, 0.03479967117309535) last=(2.7144001007080085, 2.9347996711730957)
[LIFT] V_Compute: 28.737 V
[LIFT] V_Motors: 28.144 V
[YOR] follow_path: n=20 first=(0.014400100708008345, 0.08479967117309606) last=(2.7144001007080085, 2.9347996711730957)
[LIFT] V_Compute: 28.746 V
[LIFT] V_Motors: 28.163 V
[YOR] follow_path: n=20 first=(0.014400100708008345, 0.08479967117309606) last=(2.7144001007080085, 2.9347996711730957)
[LIFT] V_Compute: 28.736 V
[LIFT] V_Motors: 28.160 V
[YOR] follow_path: n=20 first=(-0.03559989929199148, 0.08479967117309606) last=(2.7144001007080085, 2.9347996711730957)
[LIFT] V_Compute: 28.743 V
[LIFT] V_Motors: 28.125 V
[YOR] follow_path: n=20 first=(-0.03559989929199148, 0.08479967117309606) last=(2.7144001007080085, 2.9347996711730957)
[LIFT] V_Compute: 28.746 V
[LIFT] V_Motors: 28.151 V
[YOR] follow_path: n=20 first=(-0.03559989929199148, 0.08479967117309606) last=(2.7144001007080085, 2.9347996711730957)
[LIFT] V_Compute: 28.740 V
[LIFT] V_Motors: 28.114 V
[YOR] follow_path: n=20 first=(0.014400100708008345, 0.08479967117309606) last=(2.7144001007080085, 2.9347996711730957)
[LIFT] V_Compute: 28.741 V
[LIFT] V_Motors: 28.124 V
[LIFT] V_Compute: 28.747 V
[LIFT] V_Motors: 28.126 V
[YOR] follow_path: n=19 first=(0.11440010070800799, 0.2347996711730964) last=(2.7144001007080085, 2.9347996711730957)
[LIFT] V_Compute: 28.745 V
[LIFT] V_Motors: 28.130 V
[YOR] follow_path: n=18 first=(0.26440010070800835, 0.3847996711730959) last=(2.7144001007080085, 2.9347996711730957)
[LIFT] V_Compute: 28.745 V
[LIFT] V_Motors: 28.114 V
[YOR] follow_path: n=17 first=(0.364400100708008, 0.4847996711730964) last=(2.7144001007080085, 2.9347996711730957)
[LIFT] V_Compute: 28.746 V
[LIFT] V_Motors: 28.139 V
[YOR] follow_path: n=16 first=(0.5144001007080083, 0.6347996711730959) last=(2.7144001007080085, 2.9347996711730957)
[LIFT] V_Compute: 28.751 V
[LIFT] V_Motors: 28.129 V
[YOR] follow_path: n=15 first=(0.6644001007080087, 0.7847996711730962) last=(2.7144001007080085, 2.9347996711730957)
[LIFT] V_Compute: 28.737 V
[LIFT] V_Motors: 28.138 V
[YOR] follow_path: n=14 first=(0.7644001007080083, 0.9347996711730957) last=(2.7144001007080085, 2.9347996711730957)
[LIFT] V_Compute: 28.743 V
[LIFT] V_Motors: 28.116 V
[YOR] follow_path: n=14 first=(0.864400100708008, 1.0347996711730962) last=(2.7144001007080085, 2.9347996711730957)
[LIFT] V_Compute: 28.743 V
[LIFT] V_Motors: 28.124 V
[YOR] follow_path: n=12 first=(1.0144001007080083, 1.2347996711730964) last=(2.7144001007080085, 2.9347996711730957)
[LIFT] V_Compute: 28.744 V
[LIFT] V_Motors: 28.125 V
[YOR] follow_path: n=12 first=(1.1644001007080087, 1.3847996711730959) last=(2.7144001007080085, 2.9347996711730957)
[LIFT] V_Compute: 28.747 V
[LIFT] V_Motors: 28.129 V
[YOR] follow_path: n=10 first=(1.2644001007080083, 1.5347996711730962) last=(2.7144001007080085, 2.9347996711730957)
[LIFT] V_Compute: 28.743 V
[LIFT] V_Motors: 28.120 V
[YOR] follow_path: n=10 first=(1.4144001007080087, 1.6847996711730957) last=(2.7144001007080085, 2.9347996711730957)
[LIFT] V_Compute: 28.750 V
[LIFT] V_Motors: 28.134 V
[YOR] follow_path: n=9 first=(1.5144001007080083, 1.7847996711730962) last=(2.7144001007080085, 2.9347996711730957)
[LIFT] V_Compute: 28.747 V
[LIFT] V_Motors: 28.115 V
[YOR] follow_path: n=8 first=(1.614400100708008, 1.9347996711730957) last=(2.7144001007080085, 2.9347996711730957)
[LIFT] V_Compute: 28.750 V
[LIFT] V_Motors: 28.132 V
[YOR] follow_path: n=7 first=(1.8144001007080082, 2.084799671173096) last=(2.7144001007080085, 2.9347996711730957)
[LIFT] V_Compute: 28.746 V
[LIFT] V_Motors: 28.124 V
[LIFT] V_Compute: 28.744 V
[LIFT] V_Motors: 28.139 V
[YOR] follow_path: n=6 first=(1.9144001007080087, 2.2347996711730964) last=(2.7144001007080085, 2.9347996711730957)
[LIFT] V_Compute: 28.739 V
[LIFT] V_Motors: 28.104 V
[YOR] follow_path: n=6 first=(2.064400100708008, 2.334799671173096) last=(2.7144001007080085, 2.9347996711730957)
[LIFT] V_Compute: 28.750 V
[LIFT] V_Motors: 28.112 V
[YOR] follow_path: n=4 first=(2.1644001007080087, 2.5347996711730962) last=(2.7144001007080085, 2.9347996711730957)
[LIFT] V_Compute: 28.745 V
[LIFT] V_Motors: 28.110 V
[YOR] follow_path: n=4 first=(2.314400100708008, 2.634799671173096) last=(2.7144001007080085, 2.9347996711730957)
[LIFT] V_Compute: 28.745 V
[LIFT] V_Motors: 28.136 V
[LIFT] V_Compute: 28.743 V
[LIFT] V_Motors: 28.155 V
[LIFT] V_Compute: 28.743 V
[LIFT] V_Motors: 28.115 V
[LIFT] V_Compute: 28.753 V
[LIFT] V_Motors: 28.152 V
[LIFT] V_Compute: 28.735 V
[LIFT] V_Motors: 28.149 V
[YOR] follow_path: cleared
[LIFT] V_Compute: 28.744 V
[LIFT] V_Motors: 28.157 V
[LIFT] V_Compute: 28.745 V
[LIFT] V_Motors: 28.156 V
[LIFT] V_Compute: 28.750 V
[LIFT] V_Motors: 28.159 V
[LIFT] V_Compute: 28.747 V
[LIFT] V_Motors: 28.156 V
[LIFT] V_Compute: 28.751 V
[LIFT] V_Motors: 28.159 V
[LIFT] V_Compute: 28.726 V
[LIFT] V_Motors: 28.144 V
[LIFT] V_Compute: 28.744 V
[LIFT] V_Motors: 28.155 V
[LIFT] V_Compute: 28.749 V
[LIFT] V_Motors: 28.159 V
[LIFT] V_Compute: 28.746 V
[LIFT] V_Motors: 28.159 V
[LIFT] V_Compute: 28.743 V
[LIFT] V_Motors: 28.157 V
[LIFT] V_Compute: 28.741 V
[LIFT] V_Motors: 28.157 V
[LIFT] V_Compute: 28.745 V
[LIFT] V_Motors: 28.160 V
[LIFT] V_Compute: 28.747 V
[LIFT] V_Motors: 28.165 V
[LIFT] V_Compute: 28.743 V
[LIFT] V_Motors: 28.157 V
[LIFT] V_Compute: 28.743 V
[LIFT] V_Motors: 28.161 V
[YOR] follow_path: n=22 first=(2.7144001007080085, 2.940999698638916) last=(4.514400100708008, -0.4590003013610833)
[YOR] follow_path: cleared
Nav mode set is not in [BASE_VEL, PATH_FOLLOWING, MOVE_TO]
[LIFT] V_Compute: 28.744 V
[LIFT] V_Motors: 28.159 V
[LIFT] V_Compute: 28.746 V
[LIFT] V_Motors: 28.164 V
[LIFT] V_Compute: 28.749 V
[LIFT] V_Motors: 28.159 V
[LIFT] V_Compute: 28.746 V
[LIFT] V_Motors: 28.157 V
[LIFT] V_Compute: 28.746 V
[LIFT] V_Motors: 28.164 V
[LIFT] V_Compute: 28.746 V
[LIFT] V_Motors: 28.159 V
[LIFT] V_Compute: 28.743 V
[LIFT] V_Motors: 28.163 V
[LIFT] V_Compute: 28.746 V
[LIFT] V_Motors: 28.161 V
[LIFT] V_Compute: 28.740 V
[LIFT] V_Motors: 28.163 V
[LIFT] V_Compute: 28.746 V
[LIFT] V_Motors: 28.164 V
[YOR] follow_path: n=22 first=(2.7144001007080085, 2.940999698638916) last=(4.514400100708008, -0.4590003013610833)
[LIFT] V_Compute: 28.741 V
[LIFT] V_Motors: 28.119 V
[YOR] follow_path: n=22 first=(2.7144001007080085, 2.940999698638916) last=(4.514400100708008, -0.4590003013610833)
[LIFT] V_Compute: 28.747 V
[LIFT] V_Motors: 28.154 V
[YOR] follow_path: n=22 first=(2.7644001007080083, 2.8909996986389164) last=(4.514400100708008, -0.4590003013610833)
[LIFT] V_Compute: 28.749 V
[LIFT] V_Motors: 28.155 V
[YOR] follow_path: n=23 first=(2.7144001007080085, 2.8409996986389165) last=(4.514400100708008, -0.4590003013610833)
[LIFT] V_Compute: 28.735 V
[LIFT] V_Motors: 28.154 V
[LIFT] V_Compute: 28.743 V
[LIFT] V_Motors: 28.129 V
[YOR] follow_path: n=23 first=(2.7144001007080085, 2.8409996986389165) last=(4.514400100708008, -0.4590003013610833)
[YOR] follow_path: n=22 first=(2.814400100708008, 2.8409996986389165) last=(4.514400100708008, -0.4590003013610833)
[LIFT] V_Compute: 28.737 V
[LIFT] V_Motors: 28.118 V
[LIFT] V_Compute: 28.746 V
[LIFT] V_Motors: 28.121 V
[YOR] follow_path: n=21 first=(2.9644001007080085, 2.7909996986389167) last=(4.514400100708008, -0.4590003013610833)
[LIFT] V_Compute: 28.750 V
[LIFT] V_Motors: 28.101 V
[YOR] follow_path: n=21 first=(3.1644001007080087, 2.740999698638916) last=(4.514400100708008, -0.4590003013610833)
[LIFT] V_Compute: 28.747 V
[LIFT] V_Motors: 28.116 V
[YOR] follow_path: n=20 first=(3.314400100708009, 2.5409996986389167) last=(4.514400100708008, -0.4590003013610833)
[LIFT] V_Compute: 28.749 V
[LIFT] V_Motors: 28.124 V
[YOR] follow_path: n=19 first=(3.4644001007080076, 2.5409996986389167) last=(4.514400100708008, -0.4590003013610833)
[LIFT] V_Compute: 28.747 V
[LIFT] V_Motors: 28.076 V
[YOR] follow_path: n=20 first=(3.4644001007080076, 2.5409996986389167) last=(4.514400100708008, -0.4590003013610833)
[LIFT] V_Compute: 28.747 V
[LIFT] V_Motors: 28.115 V
[YOR] follow_path: n=20 first=(3.4644001007080076, 2.5409996986389167) last=(4.514400100708008, -0.4590003013610833)
[LIFT] V_Compute: 28.747 V
[LIFT] V_Motors: 28.087 V
[YOR] follow_path: n=19 first=(3.6644001007080087, 2.5909996986389165) last=(4.514400100708008, -0.4590003013610833)
[LIFT] V_Compute: 28.751 V
[LIFT] V_Motors: 28.107 V
[YOR] follow_path: n=18 first=(3.814400100708009, 2.440999698638916) last=(4.514400100708008, -0.4590003013610833)
[LIFT] V_Compute: 28.739 V
[LIFT] V_Motors: 28.097 V
[YOR] follow_path: n=16 first=(3.9644001007080076, 2.3409996986389165) last=(4.514400100708008, -0.4590003013610833)
[LIFT] V_Compute: 28.745 V
[LIFT] V_Motors: 28.125 V
[YOR] follow_path: n=15 first=(4.164400100708009, 2.2909996986389167) last=(4.514400100708008, -0.4590003013610833)
[LIFT] V_Compute: 28.746 V
[LIFT] V_Motors: 28.097 V
[YOR] follow_path: n=16 first=(4.314400100708009, 2.190999698638916) last=(4.514400100708008, -0.4590003013610833)
[LIFT] V_Compute: 28.745 V
[LIFT] V_Motors: 28.103 V
[YOR] follow_path: n=14 first=(4.464400100708008, 2.0409996986389167) last=(4.514400100708008, -0.4590003013610833)
[LIFT] V_Compute: 28.746 V
[LIFT] V_Motors: 28.099 V
[YOR] follow_path: n=14 first=(4.514400100708008, 1.9409996986389162) last=(4.514400100708008, -0.4590003013610833)
[LIFT] V_Compute: 28.734 V
[LIFT] V_Motors: 28.106 V
[YOR] follow_path: n=13 first=(4.514400100708008, 1.6409996986389164) last=(4.514400100708008, -0.4590003013610833)
[LIFT] V_Compute: 28.739 V
[LIFT] V_Motors: 28.107 V
[YOR] follow_path: n=13 first=(4.464400100708008, 1.5409996986389167) last=(4.514400100708008, -0.4590003013610833)
[LIFT] V_Compute: 28.750 V
[LIFT] V_Motors: 28.112 V
[YOR] follow_path: n=12 first=(4.464400100708008, 1.5409996986389167) last=(4.514400100708008, -0.4590003013610833)
[LIFT] V_Compute: 28.743 V
[LIFT] V_Motors: 28.120 V
[LIFT] V_Compute: 28.749 V
[LIFT] V_Motors: 28.121 V
[YOR] follow_path: n=10 first=(4.564400100708009, 1.3409996986389165) last=(4.514400100708008, -0.4590003013610833)
[LIFT] V_Compute: 28.749 V
[LIFT] V_Motors: 28.121 V
[YOR] follow_path: n=9 first=(4.564400100708009, 1.1909996986389162) last=(4.514400100708008, -0.4590003013610833)
[LIFT] V_Compute: 28.750 V
[LIFT] V_Motors: 28.109 V
[YOR] follow_path: n=10 first=(4.614400100708008, 0.990999698638916) last=(4.514400100708008, -0.4590003013610833)
[LIFT] V_Compute: 28.745 V
[LIFT] V_Motors: 28.135 V
[YOR] follow_path: n=8 first=(4.664400100708009, 0.8409996986389165) last=(4.514400100708008, -0.4590003013610833)
[LIFT] V_Compute: 28.737 V
[LIFT] V_Motors: 28.107 V
[YOR] follow_path: n=9 first=(4.764400100708008, 0.6909996986389162) last=(4.764400100708008, -0.6090003013610836)
[LIFT] V_Compute: 28.739 V
[LIFT] V_Motors: 28.099 V
[YOR] follow_path: n=12 first=(4.764400100708008, 0.740999698638916) last=(4.714400100708008, -0.7090003013610833)
[LIFT] V_Compute: 28.734 V
[LIFT] V_Motors: 28.110 V
[YOR] follow_path: n=11 first=(4.864400100708008, 0.4409996986389162) last=(4.764400100708008, -0.759000301361084)
[LIFT] V_Compute: 28.744 V
[LIFT] V_Motors: 28.130 V
[YOR] follow_path: n=11 first=(4.864400100708008, 0.4409996986389162) last=(4.764400100708008, -0.759000301361084)
[LIFT] V_Compute: 28.743 V
[LIFT] V_Motors: 28.155 V
[YOR] follow_path: n=9 first=(4.864400100708008, 0.490999698638916) last=(4.764400100708008, -0.759000301361084)
[LIFT] V_Compute: 28.745 V
[LIFT] V_Motors: 28.122 V
[YOR] follow_path: n=8 first=(4.864400100708008, 0.490999698638916) last=(4.714400100708008, -0.759000301361084)
[LIFT] V_Compute: 28.741 V
[LIFT] V_Motors: 28.130 V
[YOR] follow_path: n=8 first=(4.864400100708008, 0.4409996986389162) last=(4.714400100708008, -0.759000301361084)
[LIFT] V_Compute: 28.745 V
[LIFT] V_Motors: 28.144 V
[LIFT] V_Compute: 28.744 V
[LIFT] V_Motors: 28.156 V
[YOR] follow_path: n=7 first=(4.864400100708008, 0.4409996986389162) last=(4.514400100708008, -0.4590003013610833)
[LIFT] V_Compute: 28.732 V
[LIFT] V_Motors: 28.151 V
[YOR] follow_path: n=5 first=(4.864400100708008, 0.39099969863891637) last=(4.514400100708008, -0.4590003013610833)
[LIFT] V_Compute: 28.743 V
[LIFT] V_Motors: 28.152 V
[YOR] follow_path: n=5 first=(4.814400100708009, 0.2909996986389167) last=(4.514400100708008, -0.4590003013610833)
[LIFT] V_Compute: 28.737 V
[LIFT] V_Motors: 28.149 V
[YOR] follow_path: n=5 first=(4.814400100708009, 0.2909996986389167) last=(4.514400100708008, -0.4590003013610833)
[LIFT] V_Compute: 28.745 V
[LIFT] V_Motors: 28.099 V
[YOR] follow_path: n=5 first=(4.814400100708009, 0.2909996986389167) last=(4.614400100708008, -0.4590003013610833)
[LIFT] V_Compute: 28.746 V
[LIFT] V_Motors: 28.121 V
[YOR] follow_path: n=5 first=(4.764400100708008, 0.19099969863891708) last=(4.564400100708009, -0.4590003013610833)
[LIFT] V_Compute: 28.747 V
[LIFT] V_Motors: 28.109 V
[YOR] follow_path: n=5 first=(4.714400100708008, 0.09099969863891566) last=(4.564400100708009, -0.4590003013610833)
[LIFT] V_Compute: 28.750 V
[LIFT] V_Motors: 28.139 V
[YOR] follow_path: n=3 first=(4.614400100708008, -0.10900030136108363) last=(4.564400100708009, -0.4590003013610833)
[LIFT] V_Compute: 28.744 V
[LIFT] V_Motors: 28.077 V
[LIFT] V_Compute: 28.732 V
[LIFT] V_Motors: 28.126 V
[LIFT] V_Compute: 28.743 V
[LIFT] V_Motors: 28.125 V
[LIFT] V_Compute: 28.739 V
[LIFT] V_Motors: 28.155 V
[LIFT] V_Compute: 28.743 V
[LIFT] V_Motors: 28.151 V
[LIFT] V_Compute: 28.728 V
[LIFT] V_Motors: 28.138 V
[LIFT] V_Compute: 28.736 V
[LIFT] V_Motors: 28.139 V
[LIFT] V_Compute: 28.740 V
[LIFT] V_Motors: 28.146 V
[LIFT] V_Compute: 28.730 V
[LIFT] V_Motors: 28.112 V
[LIFT] V_Compute: 28.734 V
[LIFT] V_Motors: 28.124 V
[LIFT] V_Compute: 28.744 V
[LIFT] V_Motors: 28.140 V
[LIFT] V_Compute: 28.745 V
[LIFT] V_Motors: 28.155 V
[YOR] follow_path: cleared
[LIFT] V_Compute: 28.744 V
[LIFT] V_Motors: 28.155 V
[LIFT] V_Compute: 28.735 V
[LIFT] V_Motors: 28.147 V
[LIFT] V_Compute: 28.745 V
[LIFT] V_Motors: 28.159 V
[LIFT] V_Compute: 28.745 V
[LIFT] V_Motors: 28.157 V
[LIFT] V_Compute: 28.743 V
[LIFT] V_Motors: 28.156 V
[LIFT] V_Compute: 28.741 V
[LIFT] V_Motors: 28.149 V
[LIFT] V_Compute: 28.721 V
[LIFT] V_Motors: 28.141 V
[LIFT] V_Compute: 28.725 V
[LIFT] V_Motors: 28.149 V
[LIFT] V_Compute: 28.740 V
[LIFT] V_Motors: 28.160 V
[LIFT] V_Compute: 28.743 V
[LIFT] V_Motors: 28.155 V
[LIFT] V_Compute: 28.747 V
[LIFT] V_Motors: 28.152 V
[LIFT] V_Compute: 28.743 V
[LIFT] V_Motors: 28.157 V
[LIFT] V_Compute: 28.741 V
[LIFT] V_Motors: 28.154 V
[LIFT] V_Compute: 28.743 V
[LIFT] V_Motors: 28.161 V
[LIFT] V_Compute: 28.740 V
[LIFT] V_Motors: 28.157 V
[LIFT] V_Compute: 28.741 V
[LIFT] V_Motors: 28.155 V
[LIFT] V_Compute: 28.743 V
[LIFT] V_Motors: 28.161 V
[LIFT] V_Compute: 28.737 V
[LIFT] V_Motors: 28.155 V
[YOR] follow_path: n=4 first=(4.514400100708008, -0.4590003013610833) last=(4.364400100708008, -1.1590003013610843)
[LIFT] V_Compute: 28.747 V
[LIFT] V_Motors: 28.106 V
[YOR] follow_path: n=4 first=(4.514400100708008, -0.4590003013610833) last=(4.364400100708008, -1.1590003013610843)
[LIFT] V_Compute: 28.735 V
[LIFT] V_Motors: 28.134 V
[YOR] follow_path: n=4 first=(4.514400100708008, -0.509000301361084) last=(4.364400100708008, -1.1590003013610843)
[LIFT] V_Compute: 28.744 V
[LIFT] V_Motors: 28.156 V
[YOR] follow_path: n=4 first=(4.464400100708008, -0.5590003013610829) last=(4.364400100708008, -1.1590003013610843)
[LIFT] V_Compute: 28.744 V
[LIFT] V_Motors: 28.139 V
[YOR] follow_path: n=4 first=(4.414400100708009, -0.5590003013610829) last=(4.364400100708008, -1.1590003013610843)
[LIFT] V_Compute: 28.736 V
[LIFT] V_Motors: 28.156 V
[YOR] follow_path: n=4 first=(4.414400100708009, -0.5590003013610829) last=(4.364400100708008, -1.1590003013610843)
[LIFT] V_Compute: 28.741 V
[LIFT] V_Motors: 28.152 V
[YOR] follow_path: n=4 first=(4.414400100708009, -0.5590003013610829) last=(4.364400100708008, -1.1590003013610843)
[LIFT] V_Compute: 28.740 V
[LIFT] V_Motors: 28.109 V
[LIFT] V_Compute: 28.737 V
[LIFT] V_Motors: 28.116 V
[YOR] follow_path: n=4 first=(4.414400100708009, -0.6590003013610843) last=(4.364400100708008, -1.1590003013610843)
[LIFT] V_Compute: 28.749 V
[LIFT] V_Motors: 28.130 V
[YOR] follow_path: n=2 first=(4.364400100708008, -0.8590003013610836) last=(4.364400100708008, -1.1590003013610843)
[LIFT] V_Compute: 28.745 V
[LIFT] V_Motors: 28.145 V
[YOR] follow_path: n=2 first=(4.364400100708008, -1.009000301361084) last=(4.364400100708008, -1.1590003013610843)
[LIFT] V_Compute: 28.731 V
[LIFT] V_Motors: 28.109 V
[YOR] follow_path: n=2 first=(4.364400100708008, -1.1090003013610836) last=(4.364400100708008, -1.1590003013610843)
[YOR] follow_path: cleared
[LIFT] V_Compute: 28.745 V
[LIFT] V_Motors: 28.157 V
[LIFT] V_Compute: 28.745 V
[LIFT] V_Motors: 28.152 V
[LIFT] V_Compute: 28.744 V
[LIFT] V_Motors: 28.155 V
[LIFT] V_Compute: 28.745 V
[LIFT] V_Motors: 28.154 V
[LIFT] V_Compute: 28.751 V
[LIFT] V_Motors: 28.159 V
[LIFT] V_Compute: 28.749 V
[LIFT] V_Motors: 28.157 V
[LIFT] V_Compute: 28.739 V
[LIFT] V_Motors: 28.157 V
[LIFT] V_Compute: 28.744 V
[LIFT] V_Motors: 28.154 V
[LIFT] V_Compute: 28.741 V
[LIFT] V_Motors: 28.154 V
[LIFT] V_Compute: 28.728 V
[LIFT] V_Motors: 28.154 V
[LIFT] V_Compute: 28.740 V
[LIFT] V_Motors: 28.156 V
[LIFT] V_Compute: 28.745 V
[LIFT] V_Motors: 28.157 V
[LIFT] V_Compute: 28.735 V
[LIFT] V_Motors: 28.151 V
[LIFT] V_Compute: 28.741 V
[LIFT] V_Motors: 28.154 V
[YOR] follow_path: n=2 first=(4.364400100708008, -1.1090003013610836) last=(4.164400100708009, -0.8590003013610836)
[YOR] follow_path: cleared
[LIFT] V_Compute: 28.746 V
[LIFT] V_Motors: 28.124 V
[LIFT] V_Compute: 28.747 V
[LIFT] V_Motors: 28.154 V
[LIFT] V_Compute: 28.740 V
[LIFT] V_Motors: 28.160 V
[LIFT] V_Compute: 28.743 V
[LIFT] V_Motors: 28.157 V
[LIFT] V_Compute: 28.746 V
[LIFT] V_Motors: 28.154 V
[LIFT] V_Compute: 28.740 V
[LIFT] V_Motors: 28.152 V
[LIFT] V_Compute: 28.737 V
[LIFT] V_Motors: 28.151 V
[LIFT] V_Compute: 28.744 V
[LIFT] V_Motors: 28.156 V
[LIFT] V_Compute: 28.739 V
[LIFT] V_Motors: 28.154 V
[LIFT] V_Compute: 28.737 V
[LIFT] V_Motors: 28.151 V
[YOR] follow_path: n=2 first=(4.364400100708008, -1.1090003013610836) last=(4.264400100708008, -0.9590003013610833)
[LIFT] V_Compute: 28.743 V
[LIFT] V_Motors: 28.110 V
[YOR] follow_path: n=2 first=(4.364400100708008, -1.1090003013610836) last=(4.264400100708008, -0.9590003013610833)
[LIFT] V_Compute: 28.735 V
[LIFT] V_Motors: 28.132 V
[YOR] follow_path: n=2 first=(4.314400100708009, -1.1590003013610843) last=(4.264400100708008, -0.9590003013610833)
[LIFT] V_Compute: 28.736 V
[LIFT] V_Motors: 28.125 V
[YOR] follow_path: n=2 first=(4.214400100708008, -1.1090003013610836) last=(4.264400100708008, -0.9590003013610833)
[LIFT] V_Compute: 28.735 V
[LIFT] V_Motors: 28.136 V
[YOR] follow_path: n=2 first=(4.214400100708008, -1.059000301361083) last=(4.264400100708008, -0.9590003013610833)
[LIFT] V_Compute: 28.739 V
[LIFT] V_Motors: 28.131 V
[YOR] follow_path: n=2 first=(4.214400100708008, -0.9590003013610833) last=(4.264400100708008, -0.9590003013610833)
[LIFT] V_Compute: 28.735 V
[LIFT] V_Motors: 28.141 V
[YOR] follow_path: n=2 first=(4.214400100708008, -0.9090003013610843) last=(4.264400100708008, -0.9590003013610833)
[LIFT] V_Compute: 28.745 V
[LIFT] V_Motors: 28.105 V
[YOR] follow_path: n=2 first=(4.214400100708008, -0.9090003013610843) last=(4.264400100708008, -0.9590003013610833)
[LIFT] V_Compute: 28.739 V
[LIFT] V_Motors: 28.135 V
[YOR] follow_path: n=2 first=(4.214400100708008, -0.9590003013610833) last=(4.264400100708008, -0.9590003013610833)
[LIFT] V_Compute: 28.746 V
[LIFT] V_Motors: 28.125 V
[YOR] follow_path: n=2 first=(4.214400100708008, -0.9090003013610843) last=(4.264400100708008, -0.9590003013610833)
[LIFT] V_Compute: 28.740 V
[LIFT] V_Motors: 28.126 V
[YOR] follow_path: n=2 first=(4.214400100708008, -0.9090003013610843) last=(4.264400100708008, -0.9590003013610833)
[LIFT] V_Compute: 28.741 V
[LIFT] V_Motors: 28.125 V
[LIFT] V_Compute: 28.736 V
[LIFT] V_Motors: 28.145 V
[YOR] follow_path: n=2 first=(4.214400100708008, -0.9090003013610843) last=(4.264400100708008, -0.9590003013610833)
[LIFT] V_Compute: 28.741 V
[LIFT] V_Motors: 28.134 V
[YOR] follow_path: n=2 first=(4.214400100708008, -0.9090003013610843) last=(4.264400100708008, -0.9590003013610833)
[LIFT] V_Compute: 28.744 V
[LIFT] V_Motors: 28.128 V
[YOR] follow_path: n=2 first=(4.264400100708008, -0.8590003013610836) last=(4.264400100708008, -0.9590003013610833)
[LIFT] V_Compute: 28.736 V
[LIFT] V_Motors: 28.134 V
[YOR] follow_path: n=2 first=(4.214400100708008, -0.9090003013610843) last=(4.264400100708008, -0.9590003013610833)
[LIFT] V_Compute: 28.705 V
[LIFT] V_Motors: 28.119 V
[YOR] follow_path: n=2 first=(4.214400100708008, -0.9590003013610833) last=(4.264400100708008, -0.9590003013610833)
[LIFT] V_Compute: 28.730 V
[LIFT] V_Motors: 28.135 V
[YOR] follow_path: n=2 first=(4.214400100708008, -0.8590003013610836) last=(4.264400100708008, -0.9590003013610833)
[LIFT] V_Compute: 28.737 V
[LIFT] V_Motors: 28.124 V
[YOR] follow_path: n=2 first=(4.214400100708008, -0.9090003013610843) last=(4.264400100708008, -0.9590003013610833)
[LIFT] V_Compute: 28.746 V
[LIFT] V_Motors: 28.099 V
[YOR] follow_path: n=2 first=(4.214400100708008, -0.9090003013610843) last=(4.264400100708008, -0.9590003013610833)
[LIFT] V_Compute: 28.734 V
[LIFT] V_Motors: 28.135 V
[YOR] follow_path: n=2 first=(4.214400100708008, -0.8590003013610836) last=(4.264400100708008, -0.9590003013610833)
[LIFT] V_Compute: 28.734 V
[LIFT] V_Motors: 28.119 V
[YOR] follow_path: n=2 first=(4.214400100708008, -0.9090003013610843) last=(4.264400100708008, -0.9590003013610833)
[LIFT] V_Compute: 28.739 V
[LIFT] V_Motors: 28.118 V
[YOR] follow_path: n=2 first=(4.214400100708008, -0.9090003013610843) last=(4.264400100708008, -0.9590003013610833)
[LIFT] V_Compute: 28.737 V
[LIFT] V_Motors: 28.129 V
[YOR] follow_path: n=2 first=(4.214400100708008, -0.8590003013610836) last=(4.264400100708008, -0.9590003013610833)
[LIFT] V_Compute: 28.745 V
[LIFT] V_Motors: 28.145 V
[YOR] follow_path: n=2 first=(4.264400100708008, -0.8590003013610836) last=(4.264400100708008, -0.9590003013610833)
[LIFT] V_Compute: 28.741 V
[LIFT] V_Motors: 28.139 V
[YOR] follow_path: n=2 first=(4.214400100708008, -0.9090003013610843) last=(4.264400100708008, -0.9590003013610833)
[LIFT] V_Compute: 28.747 V
[LIFT] V_Motors: 28.140 V
[YOR] follow_path: n=2 first=(4.264400100708008, -0.8590003013610836) last=(4.264400100708008, -0.9590003013610833)
[LIFT] V_Compute: 28.737 V
[LIFT] V_Motors: 28.126 V
[LIFT] V_Compute: 28.739 V
[LIFT] V_Motors: 28.136 V
[YOR] follow_path: n=2 first=(4.264400100708008, -0.8590003013610836) last=(4.264400100708008, -0.9590003013610833)
[LIFT] V_Compute: 28.744 V
[LIFT] V_Motors: 28.129 V
[YOR] follow_path: n=2 first=(4.214400100708008, -0.9090003013610843) last=(4.264400100708008, -0.9590003013610833)
[LIFT] V_Compute: 28.726 V
[LIFT] V_Motors: 28.118 V
[YOR] follow_path: n=2 first=(4.264400100708008, -0.8590003013610836) last=(4.264400100708008, -0.9590003013610833)
[LIFT] V_Compute: 28.740 V
[LIFT] V_Motors: 28.134 V
[YOR] follow_path: n=2 first=(4.264400100708008, -0.8590003013610836) last=(4.264400100708008, -0.9590003013610833)
[LIFT] V_Compute: 28.743 V
[LIFT] V_Motors: 28.141 V
[YOR] follow_path: n=2 first=(4.214400100708008, -0.9090003013610843) last=(4.264400100708008, -0.9590003013610833)
[LIFT] V_Compute: 28.741 V
[LIFT] V_Motors: 28.128 V
[YOR] follow_path: n=2 first=(4.264400100708008, -0.8590003013610836) last=(4.264400100708008, -0.9590003013610833)
[LIFT] V_Compute: 28.736 V
[LIFT] V_Motors: 28.135 V
[YOR] follow_path: n=2 first=(4.264400100708008, -0.8590003013610836) last=(4.264400100708008, -0.9590003013610833)
[LIFT] V_Compute: 28.739 V
[LIFT] V_Motors: 28.114 V
[YOR] follow_path: n=2 first=(4.214400100708008, -0.9090003013610843) last=(4.264400100708008, -0.9590003013610833)
[LIFT] V_Compute: 28.737 V
[LIFT] V_Motors: 28.136 V
[YOR] follow_path: n=2 first=(4.264400100708008, -0.8590003013610836) last=(4.264400100708008, -0.9590003013610833)
[LIFT] V_Compute: 28.743 V
[LIFT] V_Motors: 28.134 V
[YOR] follow_path: n=2 first=(4.264400100708008, -0.8590003013610836) last=(4.264400100708008, -0.9590003013610833)
[LIFT] V_Compute: 28.736 V
[LIFT] V_Motors: 28.150 V
[YOR] follow_path: n=2 first=(4.214400100708008, -0.9090003013610843) last=(4.264400100708008, -0.9590003013610833)
[LIFT] V_Compute: 28.736 V
[LIFT] V_Motors: 28.130 V
[YOR] follow_path: n=2 first=(4.314400100708009, -0.8590003013610836) last=(4.264400100708008, -0.9590003013610833)
[LIFT] V_Compute: 28.726 V
[LIFT] V_Motors: 28.135 V
[YOR] follow_path: n=2 first=(4.264400100708008, -0.8590003013610836) last=(4.264400100708008, -0.9590003013610833)
[LIFT] V_Compute: 28.741 V
[LIFT] V_Motors: 28.130 V
[YOR] follow_path: n=2 first=(4.214400100708008, -0.9090003013610843) last=(4.264400100708008, -0.9590003013610833)
[LIFT] V_Compute: 28.744 V
[LIFT] V_Motors: 28.132 V
[YOR] follow_path: n=2 first=(4.264400100708008, -0.8590003013610836) last=(4.264400100708008, -0.9590003013610833)
[LIFT] V_Compute: 28.739 V
[LIFT] V_Motors: 28.105 V
[YOR] follow_path: n=2 first=(4.264400100708008, -0.8590003013610836) last=(4.264400100708008, -0.9590003013610833)
[LIFT] V_Compute: 28.740 V
[LIFT] V_Motors: 28.129 V
[YOR] follow_path: n=2 first=(4.214400100708008, -0.9090003013610843) last=(4.264400100708008, -0.9590003013610833)
[LIFT] V_Compute: 28.741 V
[LIFT] V_Motors: 28.132 V
[LIFT] V_Compute: 28.743 V
[LIFT] V_Motors: 28.130 V
[YOR] follow_path: n=2 first=(4.264400100708008, -0.8590003013610836) last=(4.264400100708008, -0.9590003013610833)
[LIFT] V_Compute: 28.739 V
[LIFT] V_Motors: 28.119 V
[YOR] follow_path: n=2 first=(4.314400100708009, -0.8590003013610836) last=(4.264400100708008, -0.9590003013610833)
[LIFT] V_Compute: 28.747 V
[LIFT] V_Motors: 28.146 V
[YOR] follow_path: n=2 first=(4.214400100708008, -0.9090003013610843) last=(4.264400100708008, -0.9590003013610833)
[LIFT] V_Compute: 28.747 V
[LIFT] V_Motors: 28.124 V
[YOR] follow_path: n=2 first=(4.264400100708008, -0.8590003013610836) last=(4.264400100708008, -0.9590003013610833)
[LIFT] V_Compute: 28.729 V
[LIFT] V_Motors: 28.112 V
[YOR] follow_path: n=2 first=(4.314400100708009, -0.8590003013610836) last=(4.264400100708008, -0.9590003013610833)
[LIFT] V_Compute: 28.735 V
[LIFT] V_Motors: 28.131 V
[YOR] follow_path: n=2 first=(4.264400100708008, -0.8590003013610836) last=(4.264400100708008, -0.9590003013610833)
[LIFT] V_Compute: 28.736 V
[LIFT] V_Motors: 28.119 V
[YOR] follow_path: n=2 first=(4.214400100708008, -0.9090003013610843) last=(4.264400100708008, -0.9590003013610833)
[LIFT] V_Compute: 28.739 V
[LIFT] V_Motors: 28.126 V
[YOR] follow_path: n=2 first=(4.314400100708009, -0.8590003013610836) last=(4.264400100708008, -0.9590003013610833)
[LIFT] V_Compute: 28.739 V
[LIFT] V_Motors: 28.128 V
[YOR] follow_path: n=2 first=(4.264400100708008, -0.8590003013610836) last=(4.264400100708008, -0.9590003013610833)
[LIFT] V_Compute: 28.743 V
[LIFT] V_Motors: 28.106 V
[YOR] follow_path: n=2 first=(4.214400100708008, -0.9090003013610843) last=(4.264400100708008, -0.9590003013610833)
[LIFT] V_Compute: 28.730 V
[LIFT] V_Motors: 28.135 V
[YOR] follow_path: n=2 first=(4.264400100708008, -0.8590003013610836) last=(4.264400100708008, -0.9590003013610833)
[LIFT] V_Compute: 28.743 V
[LIFT] V_Motors: 28.132 V
[YOR] follow_path: n=2 first=(4.314400100708009, -0.8590003013610836) last=(4.264400100708008, -0.9590003013610833)
[LIFT] V_Compute: 28.730 V
[LIFT] V_Motors: 28.136 V
[YOR] follow_path: n=2 first=(4.214400100708008, -0.9090003013610843) last=(4.264400100708008, -0.9590003013610833)
[LIFT] V_Compute: 28.736 V
[LIFT] V_Motors: 28.135 V
[YOR] follow_path: n=2 first=(4.314400100708009, -0.8590003013610836) last=(4.264400100708008, -0.9590003013610833)
[LIFT] V_Compute: 28.734 V
[LIFT] V_Motors: 28.116 V
[LIFT] V_Compute: 28.744 V
[LIFT] V_Motors: 28.135 V
[YOR] follow_path: n=2 first=(4.314400100708009, -0.8590003013610836) last=(4.264400100708008, -0.9590003013610833)
[LIFT] V_Compute: 28.745 V
[LIFT] V_Motors: 28.115 V
[YOR] follow_path: n=2 first=(4.214400100708008, -0.9090003013610843) last=(4.264400100708008, -0.9590003013610833)
[LIFT] V_Compute: 28.737 V
[LIFT] V_Motors: 28.125 V
[YOR] follow_path: n=2 first=(4.264400100708008, -0.8590003013610836) last=(4.264400100708008, -0.9590003013610833)
[LIFT] V_Compute: 28.736 V
[LIFT] V_Motors: 28.131 V
[YOR] follow_path: n=2 first=(4.264400100708008, -0.8590003013610836) last=(4.264400100708008, -0.9590003013610833)
[LIFT] V_Compute: 28.737 V
[LIFT] V_Motors: 28.119 V
[YOR] follow_path: n=2 first=(4.214400100708008, -0.9090003013610843) last=(4.264400100708008, -0.9590003013610833)
[LIFT] V_Compute: 28.739 V
[LIFT] V_Motors: 28.105 V
[YOR] follow_path: n=2 first=(4.314400100708009, -0.8590003013610836) last=(4.264400100708008, -0.9590003013610833)
[LIFT] V_Compute: 28.739 V
[LIFT] V_Motors: 28.134 V
[YOR] follow_path: n=2 first=(4.264400100708008, -0.8590003013610836) last=(4.264400100708008, -0.9590003013610833)
[LIFT] V_Compute: 28.732 V
[LIFT] V_Motors: 28.118 V
[YOR] follow_path: n=2 first=(4.214400100708008, -0.9090003013610843) last=(4.264400100708008, -0.9590003013610833)
[LIFT] V_Compute: 28.736 V
[LIFT] V_Motors: 28.145 V
[YOR] follow_path: n=2 first=(4.314400100708009, -0.9090003013610843) last=(4.264400100708008, -0.9590003013610833)
[LIFT] V_Compute: 28.736 V
[LIFT] V_Motors: 28.126 V
[YOR] follow_path: n=2 first=(4.264400100708008, -0.9090003013610843) last=(4.264400100708008, -0.9590003013610833)
[LIFT] V_Compute: 28.731 V
[LIFT] V_Motors: 28.129 V
[YOR] follow_path: n=2 first=(4.264400100708008, -0.9090003013610843) last=(4.264400100708008, -0.9590003013610833)
[LIFT] V_Compute: 28.734 V
[LIFT] V_Motors: 28.122 V
[YOR] follow_path: n=2 first=(4.314400100708009, -0.9090003013610843) last=(4.264400100708008, -0.9590003013610833)
[LIFT] V_Compute: 28.737 V
[LIFT] V_Motors: 28.144 V
[YOR] follow_path: n=2 first=(4.264400100708008, -0.9090003013610843) last=(4.264400100708008, -0.9590003013610833)
[LIFT] V_Compute: 28.715 V
[LIFT] V_Motors: 28.119 V
[YOR] follow_path: n=2 first=(4.264400100708008, -0.9090003013610843) last=(4.264400100708008, -0.9590003013610833)
[LIFT] V_Compute: 28.721 V
[LIFT] V_Motors: 28.120 V
[YOR] follow_path: n=2 first=(4.314400100708009, -0.9090003013610843) last=(4.264400100708008, -0.9590003013610833)
[LIFT] V_Compute: 28.737 V
[LIFT] V_Motors: 28.134 V
[YOR] follow_path: n=2 first=(4.264400100708008, -0.9090003013610843) last=(4.264400100708008, -0.9590003013610833)
[LIFT] V_Compute: 28.721 V
[LIFT] V_Motors: 28.111 V
[YOR] follow_path: n=2 first=(4.264400100708008, -0.9090003013610843) last=(4.264400100708008, -0.9590003013610833)
[LIFT] V_Compute: 28.736 V
[LIFT] V_Motors: 28.128 V
[YOR] follow_path: n=2 first=(4.314400100708009, -0.9090003013610843) last=(4.264400100708008, -0.9590003013610833)
[LIFT] V_Compute: 28.722 V
[LIFT] V_Motors: 28.135 V
[YOR] follow_path: n=2 first=(4.264400100708008, -0.9090003013610843) last=(4.264400100708008, -0.9590003013610833)
[LIFT] V_Compute: 28.739 V
[LIFT] V_Motors: 28.105 V
[LIFT] V_Compute: 28.730 V
[LIFT] V_Motors: 28.132 V
[YOR] follow_path: n=2 first=(4.264400100708008, -0.9090003013610843) last=(4.264400100708008, -0.9590003013610833)
[LIFT] V_Compute: 28.736 V
[LIFT] V_Motors: 28.118 V
[YOR] follow_path: n=2 first=(4.314400100708009, -0.9090003013610843) last=(4.264400100708008, -0.9590003013610833)
[YOR] follow_path: cleared
[LIFT] V_Compute: 28.735 V
[LIFT] V_Motors: 28.147 V
[LIFT] V_Compute: 28.737 V
[LIFT] V_Motors: 28.156 V
[LIFT] V_Compute: 28.739 V
[LIFT] V_Motors: 28.151 V
[LIFT] V_Compute: 28.751 V
[LIFT] V_Motors: 28.154 V
[LIFT] V_Compute: 28.737 V
[LIFT] V_Motors: 28.154 V
[LIFT] V_Compute: 28.743 V
[LIFT] V_Motors: 28.155 V
[LIFT] V_Compute: 28.740 V
[LIFT] V_Motors: 28.152 V
[LIFT] V_Compute: 28.744 V
[LIFT] V_Motors: 28.152 V
[LIFT] V_Compute: 28.735 V
[LIFT] V_Motors: 28.154 V
[LIFT] V_Compute: 28.729 V
[LIFT] V_Motors: 28.151 V
[LIFT] V_Compute: 28.739 V
[LIFT] V_Motors: 28.154 V
[LIFT] V_Compute: 28.740 V
[LIFT] V_Motors: 28.155 V
[LIFT] V_Compute: 28.736 V
[LIFT] V_Motors: 28.150 V
[LIFT] V_Compute: 28.741 V
[LIFT] V_Motors: 28.154 V
[YOR] follow_path: n=5 first=(4.314400100708009, -0.9090003013610843) last=(4.014400100708008, -1.6590003013610843)
[LIFT] V_Compute: 28.737 V
[LIFT] V_Motors: 28.132 V
[YOR] follow_path: n=5 first=(4.314400100708009, -0.9090003013610843) last=(4.014400100708008, -1.6590003013610843)
[LIFT] V_Compute: 28.734 V
[LIFT] V_Motors: 28.129 V
[YOR] follow_path: n=5 first=(4.364400100708008, -0.9590003013610833) last=(4.014400100708008, -1.6590003013610843)
[LIFT] V_Compute: 28.736 V
[LIFT] V_Motors: 28.131 V
[YOR] follow_path: n=5 first=(4.364400100708008, -1.009000301361084) last=(4.014400100708008, -1.6590003013610843)
[LIFT] V_Compute: 28.736 V
[LIFT] V_Motors: 28.129 V
[YOR] follow_path: n=4 first=(4.364400100708008, -1.1090003013610836) last=(4.014400100708008, -1.6590003013610843)
[LIFT] V_Compute: 28.745 V
[LIFT] V_Motors: 28.129 V
[YOR] follow_path: n=4 first=(4.314400100708009, -1.1590003013610843) last=(4.014400100708008, -1.6590003013610843)
[LIFT] V_Compute: 28.741 V
[LIFT] V_Motors: 28.135 V
[YOR] follow_path: n=4 first=(4.264400100708008, -1.1590003013610843) last=(4.014400100708008, -1.6590003013610843)
[LIFT] V_Compute: 28.741 V
[LIFT] V_Motors: 28.129 V
[YOR] follow_path: n=4 first=(4.214400100708008, -1.1590003013610843) last=(4.014400100708008, -1.6590003013610843)
[LIFT] V_Compute: 28.746 V
[LIFT] V_Motors: 28.119 V
[YOR] follow_path: n=4 first=(4.214400100708008, -1.1590003013610843) last=(4.014400100708008, -1.6590003013610843)
[LIFT] V_Compute: 28.745 V
[LIFT] V_Motors: 28.150 V
[YOR] follow_path: n=4 first=(4.214400100708008, -1.1590003013610843) last=(4.014400100708008, -1.6590003013610843)
[LIFT] V_Compute: 28.735 V
[LIFT] V_Motors: 28.150 V
[YOR] follow_path: n=4 first=(4.214400100708008, -1.1590003013610843) last=(4.014400100708008, -1.6590003013610843)
[LIFT] V_Compute: 28.744 V
[LIFT] V_Motors: 28.049 V
[YOR] follow_path: n=4 first=(4.214400100708008, -1.1590003013610843) last=(4.014400100708008, -1.6590003013610843)
[LIFT] V_Compute: 28.729 V
[LIFT] V_Motors: 28.116 V
[YOR] follow_path: n=3 first=(4.164400100708009, -1.259000301361084) last=(4.014400100708008, -1.6590003013610843)
[LIFT] V_Compute: 28.741 V
[LIFT] V_Motors: 28.125 V
[YOR] follow_path: n=2 first=(4.064400100708009, -1.4590003013610833) last=(3.9644001007080076, -1.6590003013610843)
[LIFT] V_Compute: 28.737 V
[LIFT] V_Motors: 28.136 V
[YOR] follow_path: n=2 first=(4.014400100708008, -1.5590003013610847) last=(3.9644001007080076, -1.6590003013610843)
[LIFT] V_Compute: 28.735 V
[LIFT] V_Motors: 28.096 V
[YOR] follow_path: n=2 first=(3.9644001007080076, -1.6090003013610836) last=(3.9644001007080076, -1.6590003013610843)
[LIFT] V_Compute: 28.732 V
[LIFT] V_Motors: 28.128 V
[YOR] follow_path: n=2 first=(4.014400100708008, -1.5590003013610847) last=(3.9644001007080076, -1.6590003013610843)
[LIFT] V_Compute: 28.740 V
[LIFT] V_Motors: 28.106 V
[LIFT] V_Compute: 28.725 V
[LIFT] V_Motors: 28.145 V
[YOR] follow_path: n=2 first=(3.9644001007080076, -1.6090003013610836) last=(3.9644001007080076, -1.6590003013610843)
[LIFT] V_Compute: 28.735 V
[LIFT] V_Motors: 28.146 V
[YOR] follow_path: n=2 first=(3.9644001007080076, -1.6090003013610836) last=(4.014400100708008, -1.6590003013610843)
[LIFT] V_Compute: 28.736 V
[LIFT] V_Motors: 28.130 V
[YOR] follow_path: n=2 first=(3.9644001007080076, -1.6090003013610836) last=(4.014400100708008, -1.6590003013610843)
[YOR] follow_path: cleared
[LIFT] V_Compute: 28.740 V
[LIFT] V_Motors: 28.151 V
[LIFT] V_Compute: 28.747 V
[LIFT] V_Motors: 28.146 V
[LIFT] V_Compute: 28.736 V
[LIFT] V_Motors: 28.149 V
[LIFT] V_Compute: 28.744 V
[LIFT] V_Motors: 28.155 V
[LIFT] V_Compute: 28.741 V
[LIFT] V_Motors: 28.152 V
[LIFT] V_Compute: 28.739 V
[LIFT] V_Motors: 28.149 V
[LIFT] V_Compute: 28.728 V
[LIFT] V_Motors: 28.146 V
[LIFT] V_Compute: 28.729 V
[LIFT] V_Motors: 28.144 V
[LIFT] V_Compute: 28.737 V
[LIFT] V_Motors: 28.152 V
[LIFT] V_Compute: 28.745 V
[LIFT] V_Motors: 28.147 V
[LIFT] V_Compute: 28.740 V
[LIFT] V_Motors: 28.152 V
[LIFT] V_Compute: 28.735 V
[LIFT] V_Motors: 28.156 V
[LIFT] V_Compute: 28.741 V
[LIFT] V_Motors: 28.151 V
[LIFT] V_Compute: 28.741 V
[LIFT] V_Motors: 28.152 V
[LIFT] V_Compute: 28.735 V
[LIFT] V_Motors: 28.150 V
[LIFT] V_Compute: 28.745 V
[LIFT] V_Motors: 28.154 V
[LIFT] V_Compute: 28.731 V
[LIFT] V_Motors: 28.149 V
[LIFT] V_Compute: 28.737 V
[LIFT] V_Motors: 28.144 V
[LIFT] V_Compute: 28.731 V
[LIFT] V_Motors: 28.150 V
[LIFT] V_Compute: 28.736 V
[LIFT] V_Motors: 28.154 V
[LIFT] V_Compute: 28.739 V
[LIFT] V_Motors: 28.155 V
[LIFT] V_Compute: 28.735 V
[LIFT] V_Motors: 28.149 V
[LIFT] V_Compute: 28.734 V
[LIFT] V_Motors: 28.150 V
[LIFT] V_Compute: 28.731 V
[LIFT] V_Motors: 28.150 V
[LIFT] V_Compute: 28.735 V
[LIFT] V_Motors: 28.152 V
[LIFT] V_Compute: 28.736 V
[LIFT] V_Motors: 28.155 V
[LIFT] V_Compute: 28.739 V
[LIFT] V_Motors: 28.155 V
[LIFT] V_Compute: 28.739 V
[LIFT] V_Motors: 28.154 V
[LIFT] V_Compute: 28.740 V
[LIFT] V_Motors: 28.151 V
[LIFT] V_Compute: 28.736 V
[LIFT] V_Motors: 28.155 V
[LIFT] V_Compute: 28.732 V
[LIFT] V_Motors: 28.149 V
[LIFT] V_Compute: 28.724 V
[LIFT] V_Motors: 28.147 V
[LIFT] V_Compute: 28.732 V
[LIFT] V_Motors: 28.150 V
[LIFT] V_Compute: 28.732 V
[LIFT] V_Motors: 28.157 V
[LIFT] V_Compute: 28.734 V
[LIFT] V_Motors: 28.155 V
[LIFT] V_Compute: 28.740 V
[LIFT] V_Motors: 28.154 V
[LIFT] V_Compute: 28.734 V
[LIFT] V_Motors: 28.152 V
[LIFT] V_Compute: 28.741 V
[LIFT] V_Motors: 28.155 V
[LIFT] V_Compute: 28.740 V
[LIFT] V_Motors: 28.149 V
[LIFT] V_Compute: 28.737 V
[LIFT] V_Motors: 28.147 V
[YOR] follow_path: n=6 first=(4.014400100708008, -1.6090003013610836) last=(4.564400100708009, -0.6090003013610836)
[LIFT] V_Compute: 28.734 V
[LIFT] V_Motors: 28.142 V
[YOR] follow_path: n=6 first=(4.064400100708009, -1.6090003013610836) last=(4.564400100708009, -0.6090003013610836)
[LIFT] V_Compute: 28.736 V
[LIFT] V_Motors: 28.131 V
[YOR] follow_path: n=6 first=(4.114400100708008, -1.5590003013610847) last=(4.564400100708009, -0.6090003013610836)
[LIFT] V_Compute: 28.745 V
[LIFT] V_Motors: 28.135 V
[YOR] follow_path: n=6 first=(4.114400100708008, -1.509000301361084) last=(4.564400100708009, -0.6090003013610836)
[LIFT] V_Compute: 28.737 V
[LIFT] V_Motors: 28.136 V
[YOR] follow_path: n=6 first=(4.114400100708008, -1.4590003013610833) last=(4.564400100708009, -0.6090003013610836)
[LIFT] V_Compute: 28.737 V
[LIFT] V_Motors: 28.151 V
[YOR] follow_path: n=6 first=(4.114400100708008, -1.4090003013610843) last=(4.564400100708009, -0.6090003013610836)
[LIFT] V_Compute: 28.734 V
[LIFT] V_Motors: 28.128 V
[YOR] follow_path: n=6 first=(4.114400100708008, -1.4090003013610843) last=(4.564400100708009, -0.6090003013610836)
[LIFT] V_Compute: 28.728 V
[LIFT] V_Motors: 28.129 V
[YOR] follow_path: n=6 first=(4.064400100708009, -1.4090003013610843) last=(4.564400100708009, -0.6090003013610836)
[LIFT] V_Compute: 28.734 V
[LIFT] V_Motors: 28.119 V
[YOR] follow_path: n=6 first=(4.064400100708009, -1.4090003013610843) last=(4.564400100708009, -0.6090003013610836)
[LIFT] V_Compute: 28.739 V
[LIFT] V_Motors: 28.147 V
[YOR] follow_path: n=6 first=(4.064400100708009, -1.4090003013610843) last=(4.564400100708009, -0.6090003013610836)
[LIFT] V_Compute: 28.739 V
[LIFT] V_Motors: 28.145 V
[LIFT] V_Compute: 28.736 V
[LIFT] V_Motors: 28.150 V
[YOR] follow_path: n=6 first=(4.064400100708009, -1.4090003013610843) last=(4.564400100708009, -0.6090003013610836)
[LIFT] V_Compute: 28.732 V
[LIFT] V_Motors: 28.106 V
[YOR] follow_path: n=6 first=(4.064400100708009, -1.4090003013610843) last=(4.564400100708009, -0.6090003013610836)
[LIFT] V_Compute: 28.737 V
[LIFT] V_Motors: 28.122 V
[YOR] follow_path: n=6 first=(4.114400100708008, -1.3590003013610836) last=(4.564400100708009, -0.6090003013610836)
[LIFT] V_Compute: 28.734 V
[LIFT] V_Motors: 28.096 V
[YOR] follow_path: n=4 first=(4.214400100708008, -1.2090003013610833) last=(4.564400100708009, -0.6090003013610836)
[LIFT] V_Compute: 28.730 V
[LIFT] V_Motors: 28.130 V
[YOR] follow_path: n=4 first=(4.264400100708008, -1.059000301361083) last=(4.564400100708009, -0.6090003013610836)
[LIFT] V_Compute: 28.739 V
[LIFT] V_Motors: 28.118 V
[YOR] follow_path: n=3 first=(4.314400100708009, -0.8590003013610836) last=(4.564400100708009, -0.6090003013610836)
[LIFT] V_Compute: 28.728 V
[LIFT] V_Motors: 28.118 V
[YOR] follow_path: n=2 first=(4.464400100708008, -0.759000301361084) last=(4.564400100708009, -0.6090003013610836)
[LIFT] V_Compute: 28.734 V
[LIFT] V_Motors: 28.110 V
[YOR] follow_path: n=2 first=(4.564400100708009, -0.6590003013610843) last=(4.564400100708009, -0.6090003013610836)
[LIFT] V_Compute: 28.735 V
[LIFT] V_Motors: 28.156 V
[YOR] follow_path: n=2 first=(4.564400100708009, -0.6590003013610843) last=(4.564400100708009, -0.6090003013610836)
[LIFT] V_Compute: 28.737 V
[LIFT] V_Motors: 28.152 V
[YOR] follow_path: n=2 first=(4.564400100708009, -0.6590003013610843) last=(4.564400100708009, -0.6090003013610836)
[LIFT] V_Compute: 28.736 V
[LIFT] V_Motors: 28.155 V
[YOR] follow_path: n=2 first=(4.564400100708009, -0.6590003013610843) last=(4.564400100708009, -0.6090003013610836)
[LIFT] V_Compute: 28.732 V
[LIFT] V_Motors: 28.152 V
[YOR] follow_path: n=2 first=(4.564400100708009, -0.6590003013610843) last=(4.564400100708009, -0.6090003013610836)
[LIFT] V_Compute: 28.735 V
[LIFT] V_Motors: 28.154 V
[YOR] follow_path: n=2 first=(4.564400100708009, -0.6590003013610843) last=(4.564400100708009, -0.6090003013610836)
[LIFT] V_Compute: 28.734 V
[LIFT] V_Motors: 28.152 V
[YOR] follow_path: n=2 first=(4.564400100708009, -0.6590003013610843) last=(4.564400100708009, -0.6090003013610836)
[LIFT] V_Compute: 28.739 V
[LIFT] V_Motors: 28.156 V
[YOR] follow_path: n=2 first=(4.564400100708009, -0.6590003013610843) last=(4.564400100708009, -0.6090003013610836)
[LIFT] V_Compute: 28.734 V
[LIFT] V_Motors: 28.147 V
[YOR] follow_path: n=2 first=(4.564400100708009, -0.6590003013610843) last=(4.564400100708009, -0.6090003013610836)
[LIFT] V_Compute: 28.743 V
[LIFT] V_Motors: 28.156 V
[YOR] follow_path: n=2 first=(4.564400100708009, -0.6590003013610843) last=(4.564400100708009, -0.6090003013610836)
[LIFT] V_Compute: 28.741 V
[LIFT] V_Motors: 28.154 V
[YOR] follow_path: n=2 first=(4.564400100708009, -0.6590003013610843) last=(4.564400100708009, -0.6090003013610836)
[LIFT] V_Compute: 28.737 V
[LIFT] V_Motors: 28.155 V
[YOR] follow_path: n=2 first=(4.564400100708009, -0.6590003013610843) last=(4.564400100708009, -0.6090003013610836)
[LIFT] V_Compute: 28.734 V
[LIFT] V_Motors: 28.155 V
[YOR] follow_path: n=2 first=(4.564400100708009, -0.6590003013610843) last=(4.564400100708009, -0.6090003013610836)
[LIFT] V_Compute: 28.736 V
[LIFT] V_Motors: 28.150 V
[YOR] follow_path: n=2 first=(4.564400100708009, -0.6590003013610843) last=(4.564400100708009, -0.6090003013610836)
[LIFT] V_Compute: 28.739 V
[LIFT] V_Motors: 28.155 V
[YOR] follow_path: n=2 first=(4.564400100708009, -0.6590003013610843) last=(4.564400100708009, -0.6090003013610836)
[LIFT] V_Compute: 28.732 V
[LIFT] V_Motors: 28.151 V
[YOR] follow_path: n=2 first=(4.564400100708009, -0.6590003013610843) last=(4.564400100708009, -0.6090003013610836)
[LIFT] V_Compute: 28.737 V
[LIFT] V_Motors: 28.150 V
[LIFT] V_Compute: 28.731 V
[LIFT] V_Motors: 28.154 V
[YOR] follow_path: n=2 first=(4.564400100708009, -0.6590003013610843) last=(4.564400100708009, -0.6090003013610836)
[LIFT] V_Compute: 28.739 V
[LIFT] V_Motors: 28.159 V
[YOR] follow_path: n=2 first=(4.564400100708009, -0.6590003013610843) last=(4.564400100708009, -0.6090003013610836)
[LIFT] V_Compute: 28.712 V
[LIFT] V_Motors: 28.131 V
[YOR] follow_path: n=2 first=(4.564400100708009, -0.6590003013610843) last=(4.564400100708009, -0.6090003013610836)
[LIFT] V_Compute: 28.720 V
[LIFT] V_Motors: 28.141 V
[YOR] follow_path: n=2 first=(4.564400100708009, -0.6590003013610843) last=(4.564400100708009, -0.6090003013610836)
[YOR] follow_path: cleared
[LIFT] V_Compute: 28.718 V
[LIFT] V_Motors: 28.142 V
[LIFT] V_Compute: 28.722 V
[LIFT] V_Motors: 28.146 V
[LIFT] V_Compute: 28.730 V
[LIFT] V_Motors: 28.147 V
[LIFT] V_Compute: 28.729 V
[LIFT] V_Motors: 28.149 V
[LIFT] V_Compute: 28.729 V
[LIFT] V_Motors: 28.155 V
[YOR] follow_path: n=9 first=(4.564400100708009, -0.6590003013610843) last=(6.164400100708009, -0.40900030136108434)
[LIFT] V_Compute: 28.732 V
[LIFT] V_Motors: 28.104 V
[YOR] follow_path: n=9 first=(4.564400100708009, -0.6590003013610843) last=(6.164400100708009, -0.40900030136108434)
[LIFT] V_Compute: 28.732 V
[LIFT] V_Motors: 28.120 V
[YOR] follow_path: n=9 first=(4.614400100708008, -0.7090003013610833) last=(6.164400100708009, -0.40900030136108434)
[LIFT] V_Compute: 28.736 V
[LIFT] V_Motors: 28.140 V
[YOR] follow_path: n=9 first=(4.614400100708008, -0.7090003013610833) last=(6.164400100708009, -0.40900030136108434)
[LIFT] V_Compute: 28.734 V
[LIFT] V_Motors: 28.147 V
[YOR] follow_path: n=9 first=(4.614400100708008, -0.7090003013610833) last=(6.164400100708009, -0.40900030136108434)
[LIFT] V_Compute: 28.739 V
[LIFT] V_Motors: 28.145 V
[YOR] follow_path: n=9 first=(4.614400100708008, -0.7090003013610833) last=(6.164400100708009, -0.40900030136108434)
[LIFT] V_Compute: 28.721 V
[LIFT] V_Motors: 28.100 V
[LIFT] V_Compute: 28.732 V
[LIFT] V_Motors: 28.116 V
[YOR] follow_path: n=8 first=(4.664400100708009, -0.7090003013610833) last=(6.164400100708009, -0.40900030136108434)
[LIFT] V_Compute: 28.721 V
[LIFT] V_Motors: 28.105 V
[YOR] follow_path: n=8 first=(4.814400100708009, -0.7090003013610833) last=(6.164400100708009, -0.40900030136108434)
[LIFT] V_Compute: 28.732 V
[LIFT] V_Motors: 28.126 V
[YOR] follow_path: n=7 first=(5.014400100708008, -0.6590003013610843) last=(6.164400100708009, -0.40900030136108434)
[LIFT] V_Compute: 28.744 V
[LIFT] V_Motors: 28.130 V
[YOR] follow_path: n=6 first=(5.164400100708009, -0.5590003013610829) last=(6.164400100708009, -0.40900030136108434)
[LIFT] V_Compute: 28.720 V
[LIFT] V_Motors: 28.097 V
[YOR] follow_path: n=5 first=(5.414400100708009, -0.6090003013610836) last=(6.164400100708009, -0.40900030136108434)
[LIFT] V_Compute: 28.739 V
[LIFT] V_Motors: 28.125 V
[YOR] follow_path: n=4 first=(5.514400100708008, -0.5590003013610829) last=(6.164400100708009, -0.40900030136108434)
[LIFT] V_Compute: 28.725 V
[LIFT] V_Motors: 28.101 V
[YOR] follow_path: n=4 first=(5.664400100708009, -0.4590003013610833) last=(6.164400100708009, -0.40900030136108434)
[LIFT] V_Compute: 28.734 V
[LIFT] V_Motors: 28.120 V
[YOR] follow_path: n=2 first=(5.914400100708009, -0.4590003013610833) last=(6.164400100708009, -0.40900030136108434)
[LIFT] V_Compute: 28.732 V
[LIFT] V_Motors: 28.145 V
[YOR] follow_path: n=2 first=(6.064400100708009, -0.40900030136108434) last=(6.164400100708009, -0.40900030136108434)
[LIFT] V_Compute: 28.735 V
[LIFT] V_Motors: 28.145 V
[YOR] follow_path: n=2 first=(6.114400100708008, -0.40900030136108434) last=(6.164400100708009, -0.40900030136108434)
[YOR] follow_path: cleared
[LIFT] V_Compute: 28.740 V
[LIFT] V_Motors: 28.149 V
[LIFT] V_Compute: 28.718 V
[LIFT] V_Motors: 28.135 V
[LIFT] V_Compute: 28.743 V
[LIFT] V_Motors: 28.149 V
[LIFT] V_Compute: 28.740 V
[LIFT] V_Motors: 28.152 V
[LIFT] V_Compute: 28.734 V
[LIFT] V_Motors: 28.149 V
[LIFT] V_Compute: 28.743 V
[LIFT] V_Motors: 28.159 V
[LIFT] V_Compute: 28.731 V
[LIFT] V_Motors: 28.145 V
[LIFT] V_Compute: 28.734 V
[LIFT] V_Motors: 28.156 V
[LIFT] V_Compute: 28.729 V
[LIFT] V_Motors: 28.152 V
[LIFT] V_Compute: 28.743 V
[LIFT] V_Motors: 28.155 V
[LIFT] V_Compute: 28.734 V
[LIFT] V_Motors: 28.155 V
[LIFT] V_Compute: 28.740 V
[LIFT] V_Motors: 28.150 V
[LIFT] V_Compute: 28.726 V
[LIFT] V_Motors: 28.149 V
[LIFT] V_Compute: 28.739 V
[LIFT] V_Motors: 28.156 V
[LIFT] V_Compute: 28.737 V
[LIFT] V_Motors: 28.155 V
[LIFT] V_Compute: 28.732 V
[LIFT] V_Motors: 28.152 V
[LIFT] V_Compute: 28.725 V
[LIFT] V_Motors: 28.150 V
[LIFT] V_Compute: 28.734 V
[LIFT] V_Motors: 28.154 V
[LIFT] V_Compute: 28.730 V
[LIFT] V_Motors: 28.157 V
[LIFT] V_Compute: 28.730 V
[LIFT] V_Motors: 28.149 V
[LIFT] V_Compute: 28.730 V
[LIFT] V_Motors: 28.157 V
[LIFT] V_Compute: 28.737 V
[LIFT] V_Motors: 28.152 V
[LIFT] V_Compute: 28.739 V
[LIFT] V_Motors: 28.159 V
[LIFT] V_Compute: 28.740 V
[LIFT] V_Motors: 28.151 V
[LIFT] V_Compute: 28.739 V
[LIFT] V_Motors: 28.155 V
[LIFT] V_Compute: 28.734 V
[LIFT] V_Motors: 28.155 V
[LIFT] V_Compute: 28.741 V
[LIFT] V_Motors: 28.155 V
[LIFT] V_Compute: 28.741 V
[LIFT] V_Motors: 28.152 V
[LIFT] V_Compute: 28.739 V
[LIFT] V_Motors: 28.156 V
[LIFT] V_Compute: 28.731 V
[LIFT] V_Motors: 28.159 V
[LIFT] V_Compute: 28.736 V
[LIFT] V_Motors: 28.155 V
[LIFT] V_Compute: 28.737 V
[LIFT] V_Motors: 28.154 V
[LIFT] V_Compute: 28.734 V
[LIFT] V_Motors: 28.149 V
[YOR] follow_path: n=8 first=(6.114400100708008, -0.40900030136108434) last=(4.664400100708009, -0.509000301361084)
[LIFT] V_Compute: 28.736 V
[LIFT] V_Motors: 28.074 V
[YOR] follow_path: n=8 first=(6.114400100708008, -0.40900030136108434) last=(4.664400100708009, -0.509000301361084)
[LIFT] V_Compute: 28.739 V
[LIFT] V_Motors: 28.130 V
[YOR] follow_path: n=8 first=(6.114400100708008, -0.35900030136108363) last=(4.664400100708009, -0.509000301361084)
[LIFT] V_Compute: 28.735 V
[LIFT] V_Motors: 28.129 V
[LIFT] V_Compute: 28.741 V
[LIFT] V_Motors: 28.126 V
[YOR] follow_path: n=8 first=(6.014400100708008, -0.3090003013610829) last=(4.664400100708009, -0.509000301361084)
[LIFT] V_Compute: 28.736 V
[LIFT] V_Motors: 28.124 V
[YOR] follow_path: n=8 first=(5.964400100708009, -0.3090003013610829) last=(4.664400100708009, -0.509000301361084)
[LIFT] V_Compute: 28.732 V
[LIFT] V_Motors: 28.147 V
[YOR] follow_path: n=7 first=(5.864400100708008, -0.35900030136108363) last=(4.664400100708009, -0.509000301361084)
[LIFT] V_Compute: 28.732 V
[LIFT] V_Motors: 28.140 V
[YOR] follow_path: n=7 first=(5.864400100708008, -0.40900030136108434) last=(4.664400100708009, -0.509000301361084)
[LIFT] V_Compute: 28.730 V
[LIFT] V_Motors: 28.151 V
[YOR] follow_path: n=6 first=(5.864400100708008, -0.4590003013610833) last=(4.664400100708009, -0.509000301361084)
[LIFT] V_Compute: 28.736 V
[LIFT] V_Motors: 28.145 V
[YOR] follow_path: n=6 first=(5.864400100708008, -0.4590003013610833) last=(4.664400100708009, -0.509000301361084)
[LIFT] V_Compute: 28.735 V
[LIFT] V_Motors: 28.105 V
[YOR] follow_path: n=6 first=(5.864400100708008, -0.4590003013610833) last=(4.664400100708009, -0.509000301361084)
[LIFT] V_Compute: 28.722 V
[LIFT] V_Motors: 28.105 V
[YOR] follow_path: n=6 first=(5.764400100708008, -0.4590003013610833) last=(4.664400100708009, -0.509000301361084)
[LIFT] V_Compute: 28.732 V
[LIFT] V_Motors: 28.120 V
[YOR] follow_path: n=5 first=(5.564400100708009, -0.509000301361084) last=(4.664400100708009, -0.509000301361084)
[LIFT] V_Compute: 28.722 V
[LIFT] V_Motors: 28.111 V
[YOR] follow_path: n=4 first=(5.364400100708008, -0.509000301361084) last=(4.664400100708009, -0.509000301361084)
[LIFT] V_Compute: 28.726 V
[LIFT] V_Motors: 28.126 V
[YOR] follow_path: n=4 first=(5.164400100708009, -0.5590003013610829) last=(4.664400100708009, -0.509000301361084)
[LIFT] V_Compute: 28.739 V
[LIFT] V_Motors: 28.116 V
[YOR] follow_path: n=2 first=(4.964400100708009, -0.509000301361084) last=(4.664400100708009, -0.509000301361084)
[LIFT] V_Compute: 28.735 V
[LIFT] V_Motors: 28.138 V
[YOR] follow_path: n=2 first=(4.814400100708009, -0.509000301361084) last=(4.664400100708009, -0.509000301361084)
[LIFT] V_Compute: 28.736 V
[LIFT] V_Motors: 28.138 V
[YOR] follow_path: n=2 first=(4.714400100708008, -0.509000301361084) last=(4.664400100708009, -0.509000301361084)
[YOR] follow_path: cleared
[LIFT] V_Compute: 28.732 V
[LIFT] V_Motors: 28.150 V
[LIFT] V_Compute: 28.739 V
[LIFT] V_Motors: 28.149 V
[LIFT] V_Compute: 28.739 V
[LIFT] V_Motors: 28.147 V
[LIFT] V_Compute: 28.741 V
[LIFT] V_Motors: 28.150 V
[LIFT] V_Compute: 28.739 V
[LIFT] V_Motors: 28.149 V
[LIFT] V_Compute: 28.740 V
[LIFT] V_Motors: 28.147 V
[LIFT] V_Compute: 28.736 V
[LIFT] V_Motors: 28.155 V
[LIFT] V_Compute: 28.737 V
[LIFT] V_Motors: 28.151 V
[LIFT] V_Compute: 28.743 V
[LIFT] V_Motors: 28.154 V
[LIFT] V_Compute: 28.732 V
[LIFT] V_Motors: 28.155 V
[LIFT] V_Compute: 28.731 V
[LIFT] V_Motors: 28.159 V
[LIFT] V_Compute: 28.735 V
[LIFT] V_Motors: 28.151 V
[LIFT] V_Compute: 28.730 V
[LIFT] V_Motors: 28.147 V
[LIFT] V_Compute: 28.737 V
[LIFT] V_Motors: 28.145 V
[LIFT] V_Compute: 28.734 V
[LIFT] V_Motors: 28.149 V
[LIFT] V_Compute: 28.734 V
[LIFT] V_Motors: 28.150 V
[LIFT] V_Compute: 28.745 V
[LIFT] V_Motors: 28.152 V
[LIFT] V_Compute: 28.737 V
[LIFT] V_Motors: 28.154 V
[LIFT] V_Compute: 28.739 V
[LIFT] V_Motors: 28.159 V
[LIFT] V_Compute: 28.740 V
[LIFT] V_Motors: 28.152 V
[LIFT] V_Compute: 28.728 V
[LIFT] V_Motors: 28.151 V
[LIFT] V_Compute: 28.739 V
[LIFT] V_Motors: 28.149 V
[LIFT] V_Compute: 28.737 V
[LIFT] V_Motors: 28.152 V
[LIFT] V_Compute: 28.737 V
[LIFT] V_Motors: 28.151 V
[LIFT] V_Compute: 28.736 V
[LIFT] V_Motors: 28.150 V
[LIFT] V_Compute: 28.729 V
[LIFT] V_Motors: 28.150 V
[LIFT] V_Compute: 28.728 V
[LIFT] V_Motors: 28.154 V
[LIFT] V_Compute: 28.737 V
[LIFT] V_Motors: 28.147 V
[LIFT] V_Compute: 28.736 V
[LIFT] V_Motors: 28.152 V
[LIFT] V_Compute: 28.731 V
[LIFT] V_Motors: 28.151 V
[LIFT] V_Compute: 28.729 V
[LIFT] V_Motors: 28.152 V
[LIFT] V_Compute: 28.737 V
[LIFT] V_Motors: 28.152 V
[LIFT] V_Compute: 28.744 V
[LIFT] V_Motors: 28.159 V
[LIFT] V_Compute: 28.732 V
[LIFT] V_Motors: 28.155 V
[LIFT] V_Compute: 28.731 V
[LIFT] V_Motors: 28.154 V
[LIFT] V_Compute: 28.729 V
[LIFT] V_Motors: 28.155 V
[LIFT] V_Compute: 28.729 V
[LIFT] V_Motors: 28.150 V
[LIFT] V_Compute: 28.732 V
[LIFT] V_Motors: 28.154 V
[LIFT] V_Compute: 28.737 V
[LIFT] V_Motors: 28.151 V
[LIFT] V_Compute: 28.714 V
[LIFT] V_Motors: 28.138 V
[LIFT] V_Compute: 28.735 V
[LIFT] V_Motors: 28.157 V
[LIFT] V_Compute: 28.731 V
[LIFT] V_Motors: 28.150 V
[LIFT] V_Compute: 28.731 V
[LIFT] V_Motors: 28.146 V
[LIFT] V_Compute: 28.732 V
[LIFT] V_Motors: 28.150 V
[LIFT] V_Compute: 28.721 V
[LIFT] V_Motors: 28.144 V
[LIFT] V_Compute: 28.735 V
[LIFT] V_Motors: 28.149 V
[LIFT] V_Compute: 28.730 V
[LIFT] V_Motors: 28.152 V
[LIFT] V_Compute: 28.726 V
[LIFT] V_Motors: 28.140 V
[LIFT] V_Compute: 28.715 V
[LIFT] V_Motors: 28.142 V
[LIFT] V_Compute: 28.714 V
[LIFT] V_Motors: 28.141 V
[LIFT] V_Compute: 28.716 V
[LIFT] V_Motors: 28.144 V
[LIFT] V_Compute: 28.735 V
[LIFT] V_Motors: 28.149 V
[LIFT] V_Compute: 28.734 V
[LIFT] V_Motors: 28.156 V
[LIFT] V_Compute: 28.728 V
[LIFT] V_Motors: 28.147 V
[LIFT] V_Compute: 28.731 V
[LIFT] V_Motors: 28.154 V
[LIFT] V_Compute: 28.720 V
[LIFT] V_Motors: 28.144 V
[LIFT] V_Compute: 28.735 V
[LIFT] V_Motors: 28.155 V
[LIFT] V_Compute: 28.735 V
[LIFT] V_Motors: 28.155 V
[LIFT] V_Compute: 28.735 V
[LIFT] V_Motors: 28.156 V
[LIFT] V_Compute: 28.729 V
[LIFT] V_Motors: 28.147 V
[LIFT] V_Compute: 28.734 V
[LIFT] V_Motors: 28.152 V
[LIFT] V_Compute: 28.730 V
[LIFT] V_Motors: 28.152 V
[LIFT] V_Compute: 28.731 V
[LIFT] V_Motors: 28.150 V
[LIFT] V_Compute: 28.714 V
[LIFT] V_Motors: 28.138 V
[LIFT] V_Compute: 28.741 V
[LIFT] V_Motors: 28.152 V
[LIFT] V_Compute: 28.729 V
[LIFT] V_Motors: 28.150 V
[YOR] follow_path: n=42 first=(4.664400100708009, -0.509000301361084) last=(0.06440010070800817, -0.20900030136108327)
[LIFT] V_Compute: 28.721 V
[LIFT] V_Motors: 28.103 V
[YOR] follow_path: n=42 first=(4.664400100708009, -0.509000301361084) last=(0.06440010070800817, -0.20900030136108327)
[LIFT] V_Compute: 28.734 V
[LIFT] V_Motors: 28.132 V
[YOR] follow_path: n=42 first=(4.664400100708009, -0.40900030136108434) last=(0.06440010070800817, -0.20900030136108327)
[LIFT] V_Compute: 28.721 V
[LIFT] V_Motors: 28.130 V
[YOR] follow_path: n=42 first=(4.714400100708008, -0.40900030136108434) last=(0.06440010070800817, -0.20900030136108327)
[LIFT] V_Compute: 28.725 V
[LIFT] V_Motors: 28.134 V
[YOR] follow_path: n=43 first=(4.764400100708008, -0.35900030136108363) last=(0.06440010070800817, -0.20900030136108327)
[LIFT] V_Compute: 28.730 V
[LIFT] V_Motors: 28.144 V
[YOR] follow_path: n=42 first=(4.814400100708009, -0.35900030136108363) last=(0.06440010070800817, -0.20900030136108327)
[LIFT] V_Compute: 28.737 V
[LIFT] V_Motors: 28.150 V
[LIFT] V_Compute: 28.735 V
[LIFT] V_Motors: 28.144 V
[YOR] follow_path: n=42 first=(4.814400100708009, -0.35900030136108363) last=(0.06440010070800817, -0.20900030136108327)
[LIFT] V_Compute: 28.735 V
[LIFT] V_Motors: 28.106 V
[YOR] follow_path: n=41 first=(4.814400100708009, -0.35900030136108363) last=(0.06440010070800817, -0.20900030136108327)
[LIFT] V_Compute: 28.736 V
[LIFT] V_Motors: 28.118 V
[YOR] follow_path: n=41 first=(4.814400100708009, -0.259000301361084) last=(0.06440010070800817, -0.20900030136108327)
[LIFT] V_Compute: 28.725 V
[LIFT] V_Motors: 28.110 V
[YOR] follow_path: n=40 first=(4.914400100708009, -0.05900030136108292) last=(0.06440010070800817, -0.20900030136108327)
[LIFT] V_Compute: 28.730 V
[LIFT] V_Motors: 28.109 V
[YOR] follow_path: n=39 first=(4.914400100708009, 0.09099969863891566) last=(0.06440010070800817, -0.20900030136108327)
[LIFT] V_Compute: 28.726 V
[LIFT] V_Motors: 28.120 V
[YOR] follow_path: n=37 first=(4.914400100708009, 0.2909996986389167) last=(0.06440010070800817, -0.20900030136108327)
[LIFT] V_Compute: 28.724 V
[LIFT] V_Motors: 28.124 V
[YOR] follow_path: n=37 first=(4.964400100708009, 0.490999698638916) last=(0.06440010070800817, -0.20900030136108327)
[LIFT] V_Compute: 28.736 V
[LIFT] V_Motors: 28.101 V
[YOR] follow_path: n=36 first=(4.964400100708009, 0.6909996986389162) last=(0.06440010070800817, -0.20900030136108327)
[LIFT] V_Compute: 28.736 V
[LIFT] V_Motors: 28.105 V
[YOR] follow_path: n=35 first=(4.864400100708008, 0.7909996986389167) last=(0.06440010070800817, -0.20900030136108327)
[LIFT] V_Compute: 28.720 V
[LIFT] V_Motors: 28.115 V
[YOR] follow_path: n=34 first=(4.814400100708009, 0.9409996986389162) last=(0.06440010070800817, -0.20900030136108327)
[LIFT] V_Compute: 28.730 V
[LIFT] V_Motors: 28.111 V
[YOR] follow_path: n=34 first=(4.814400100708009, 0.990999698638916) last=(0.06440010070800817, -0.20900030136108327)
[LIFT] V_Compute: 28.730 V
[LIFT] V_Motors: 28.094 V
[YOR] follow_path: n=34 first=(4.814400100708009, 0.990999698638916) last=(0.06440010070800817, -0.20900030136108327)
[LIFT] V_Compute: 28.726 V
[LIFT] V_Motors: 28.115 V
[YOR] follow_path: n=34 first=(4.814400100708009, 0.990999698638916) last=(0.06440010070800817, -0.20900030136108327)
[LIFT] V_Compute: 28.732 V
[LIFT] V_Motors: 28.115 V
[YOR] follow_path: n=34 first=(4.814400100708009, 0.990999698638916) last=(0.06440010070800817, -0.20900030136108327)
[LIFT] V_Compute: 28.734 V
[LIFT] V_Motors: 28.112 V
[YOR] follow_path: n=34 first=(4.814400100708009, 0.990999698638916) last=(0.06440010070800817, -0.20900030136108327)
[LIFT] V_Compute: 28.736 V
[LIFT] V_Motors: 28.109 V
[YOR] follow_path: cleared
[LIFT] V_Compute: 28.736 V
[LIFT] V_Motors: 28.145 V
[LIFT] V_Compute: 28.730 V
[LIFT] V_Motors: 28.151 V
[LIFT] V_Compute: 28.734 V
[LIFT] V_Motors: 28.151 V
[LIFT] V_Compute: 28.734 V
[LIFT] V_Motors: 28.151 V
[LIFT] V_Compute: 28.736 V
[LIFT] V_Motors: 28.151 V
[LIFT] V_Compute: 28.736 V
[LIFT] V_Motors: 28.155 V
[LIFT] V_Compute: 28.729 V
[LIFT] V_Motors: 28.149 V
[LIFT] V_Compute: 28.722 V
[LIFT] V_Motors: 28.152 V
[LIFT] V_Compute: 28.721 V
[LIFT] V_Motors: 28.147 V
[LIFT] V_Compute: 28.731 V
[LIFT] V_Motors: 28.144 V
[LIFT] V_Compute: 28.739 V
[LIFT] V_Motors: 28.149 V
[LIFT] V_Compute: 28.730 V
[LIFT] V_Motors: 28.149 V
[LIFT] V_Compute: 28.732 V
[LIFT] V_Motors: 28.144 V
[LIFT] V_Compute: 28.722 V
[LIFT] V_Motors: 28.150 V
[LIFT] V_Compute: 28.731 V
[LIFT] V_Motors: 28.155 V
[LIFT] V_Compute: 28.731 V
[LIFT] V_Motors: 28.154 V
[LIFT] V_Compute: 28.720 V
[LIFT] V_Motors: 28.139 V
[LIFT] V_Compute: 28.739 V
[LIFT] V_Motors: 28.145 V
[LIFT] V_Compute: 28.731 V
[LIFT] V_Motors: 28.152 V
[LIFT] V_Compute: 28.726 V
[LIFT] V_Motors: 28.142 V
[LIFT] V_Compute: 28.728 V
[LIFT] V_Motors: 28.146 V
[LIFT] V_Compute: 28.712 V
[LIFT] V_Motors: 28.132 V
[LIFT] V_Compute: 28.735 V
[LIFT] V_Motors: 28.151 V
[LIFT] V_Compute: 28.729 V
[LIFT] V_Motors: 28.141 V
[LIFT] V_Compute: 28.730 V
[LIFT] V_Motors: 28.150 V
[LIFT] V_Compute: 28.731 V
[LIFT] V_Motors: 28.147 V
[LIFT] V_Compute: 28.728 V
[LIFT] V_Motors: 28.131 V
[LIFT] V_Compute: 28.728 V
[LIFT] V_Motors: 28.150 V
[LIFT] V_Compute: 28.725 V
[LIFT] V_Motors: 28.150 V
[LIFT] V_Compute: 28.736 V
[LIFT] V_Motors: 28.152 V
[LIFT] V_Compute: 28.730 V
[LIFT] V_Motors: 28.152 V
[LIFT] V_Compute: 28.739 V
[LIFT] V_Motors: 28.150 V
[LIFT] V_Compute: 28.735 V
[LIFT] V_Motors: 28.144 V
[LIFT] V_Compute: 28.732 V
[LIFT] V_Motors: 28.151 V
[LIFT] V_Compute: 28.736 V
[LIFT] V_Motors: 28.149 V
[LIFT] V_Compute: 28.734 V
[LIFT] V_Motors: 28.151 V
[LIFT] V_Compute: 28.715 V
[LIFT] V_Motors: 28.129 V
[LIFT] V_Compute: 28.728 V
[LIFT] V_Motors: 28.154 V
[LIFT] V_Compute: 28.730 V
[LIFT] V_Motors: 28.150 V
[LIFT] V_Compute: 28.734 V
[LIFT] V_Motors: 28.125 V
[LIFT] V_Compute: 28.731 V
[LIFT] V_Motors: 28.121 V
[LIFT] V_Compute: 28.731 V
[LIFT] V_Motors: 28.106 V
[LIFT] V_Compute: 28.730 V
[LIFT] V_Motors: 28.112 V
[LIFT] V_Compute: 28.725 V
[LIFT] V_Motors: 28.135 V
[LIFT] V_Compute: 28.736 V
[LIFT] V_Motors: 28.132 V
[LIFT] V_Compute: 28.730 V
[LIFT] V_Motors: 28.111 V
[LIFT] V_Compute: 28.732 V
[LIFT] V_Motors: 28.118 V
[LIFT] V_Compute: 28.737 V
[LIFT] V_Motors: 28.120 V
[LIFT] V_Compute: 28.731 V
[LIFT] V_Motors: 28.109 V
[LIFT] V_Compute: 28.729 V
[LIFT] V_Motors: 28.120 V
[LIFT] V_Compute: 28.730 V
[LIFT] V_Motors: 28.120 V
[LIFT] V_Compute: 28.736 V
[LIFT] V_Motors: 28.095 V
[LIFT] V_Compute: 28.736 V
[LIFT] V_Motors: 28.118 V
[LIFT] V_Compute: 28.730 V
[LIFT] V_Motors: 28.104 V
[LIFT] V_Compute: 28.736 V
[LIFT] V_Motors: 28.115 V
[LIFT] V_Compute: 28.729 V
[LIFT] V_Motors: 28.116 V
[LIFT] V_Compute: 28.731 V
[LIFT] V_Motors: 28.119 V
[LIFT] V_Compute: 28.731 V
[LIFT] V_Motors: 28.112 V
[LIFT] V_Compute: 28.736 V
[LIFT] V_Motors: 28.120 V
[LIFT] V_Compute: 28.726 V
[LIFT] V_Motors: 28.128 V
[LIFT] V_Compute: 28.732 V
[LIFT] V_Motors: 28.146 V
[LIFT] V_Compute: 28.735 V
[LIFT] V_Motors: 28.142 V
[LIFT] V_Compute: 28.730 V
[LIFT] V_Motors: 28.149 V
[YOR] follow_path: n=21 first=(3.314400100708009, 2.740999698638916) last=(0.014400100708008345, -0.009000301361083984)
[LIFT] V_Compute: 28.728 V
[LIFT] V_Motors: 28.112 V
[YOR] follow_path: n=21 first=(3.314400100708009, 2.740999698638916) last=(0.014400100708008345, -0.009000301361083984)
[LIFT] V_Compute: 28.730 V
[LIFT] V_Motors: 28.140 V
[YOR] follow_path: n=21 first=(3.314400100708009, 2.740999698638916) last=(0.014400100708008345, -0.009000301361083984)
[LIFT] V_Compute: 28.725 V
[LIFT] V_Motors: 28.139 V
[YOR] follow_path: n=21 first=(3.314400100708009, 2.740999698638916) last=(0.014400100708008345, -0.009000301361083984)
[LIFT] V_Compute: 28.722 V
[LIFT] V_Motors: 28.142 V
[YOR] follow_path: n=22 first=(3.314400100708009, 2.740999698638916) last=(0.014400100708008345, -0.009000301361083984)
[LIFT] V_Compute: 28.722 V
[LIFT] V_Motors: 28.145 V
[LIFT] V_Compute: 28.730 V
[LIFT] V_Motors: 28.144 V
[YOR] follow_path: n=22 first=(3.314400100708009, 2.740999698638916) last=(0.014400100708008345, -0.009000301361083984)
[LIFT] V_Compute: 28.736 V
[LIFT] V_Motors: 28.151 V
[YOR] follow_path: n=22 first=(3.314400100708009, 2.740999698638916) last=(0.014400100708008345, -0.009000301361083984)
[LIFT] V_Compute: 28.735 V
[LIFT] V_Motors: 28.095 V
[YOR] follow_path: n=22 first=(3.314400100708009, 2.740999698638916) last=(0.014400100708008345, -0.009000301361083984)
[LIFT] V_Compute: 28.720 V
[LIFT] V_Motors: 28.114 V
[YOR] follow_path: n=22 first=(3.2644001007080083, 2.690999698638916) last=(0.014400100708008345, -0.009000301361083984)
[LIFT] V_Compute: 28.729 V
[LIFT] V_Motors: 28.080 V
[YOR] follow_path: n=21 first=(3.1644001007080087, 2.5909996986389165) last=(0.014400100708008345, -0.009000301361083984)
[LIFT] V_Compute: 28.719 V
[LIFT] V_Motors: 28.110 V
[YOR] follow_path: n=19 first=(2.9144001007080087, 2.690999698638916) last=(0.014400100708008345, -0.009000301361083984)
[LIFT] V_Compute: 28.725 V
[LIFT] V_Motors: 28.106 V
[YOR] follow_path: n=19 first=(2.7644001007080083, 2.5909996986389165) last=(0.014400100708008345, -0.009000301361083984)
[LIFT] V_Compute: 28.726 V
[LIFT] V_Motors: 28.104 V
[YOR] follow_path: n=19 first=(2.7144001007080085, 2.490999698638916) last=(0.014400100708008345, -0.009000301361083984)
[LIFT] V_Compute: 28.724 V
[LIFT] V_Motors: 28.114 V
[YOR] follow_path: n=18 first=(2.5144001007080083, 2.440999698638916) last=(0.014400100708008345, -0.009000301361083984)
[LIFT] V_Compute: 28.722 V
[LIFT] V_Motors: 28.109 V
[YOR] follow_path: n=17 first=(2.314400100708008, 2.3909996986389164) last=(0.014400100708008345, -0.009000301361083984)
[LIFT] V_Compute: 28.719 V
[LIFT] V_Motors: 28.101 V
[YOR] follow_path: n=16 first=(2.1644001007080087, 2.240999698638916) last=(0.014400100708008345, -0.009000301361083984)
[LIFT] V_Compute: 28.731 V
[LIFT] V_Motors: 28.109 V
[YOR] follow_path: n=15 first=(2.064400100708008, 2.0409996986389167) last=(0.014400100708008345, -0.009000301361083984)
[LIFT] V_Compute: 28.715 V
[LIFT] V_Motors: 28.095 V
[YOR] follow_path: n=14 first=(1.9644001007080085, 1.8909996986389164) last=(0.014400100708008345, -0.009000301361083984)
[LIFT] V_Compute: 28.705 V
[LIFT] V_Motors: 28.096 V
[YOR] follow_path: n=14 first=(1.9144001007080087, 1.740999698638916) last=(0.014400100708008345, -0.009000301361083984)
[LIFT] V_Compute: 28.715 V
[LIFT] V_Motors: 28.094 V
[YOR] follow_path: n=12 first=(1.7644001007080083, 1.5909996986389165) last=(0.014400100708008345, -0.009000301361083984)
[LIFT] V_Compute: 28.739 V
[LIFT] V_Motors: 28.111 V
[YOR] follow_path: n=12 first=(1.6644001007080087, 1.4409996986389162) last=(0.014400100708008345, -0.009000301361083984)
[LIFT] V_Compute: 28.721 V
[LIFT] V_Motors: 28.110 V
[YOR] follow_path: n=11 first=(1.5644001007080082, 1.3409996986389165) last=(0.014400100708008345, -0.009000301361083984)
[LIFT] V_Compute: 28.732 V
[LIFT] V_Motors: 28.119 V
[YOR] follow_path: n=10 first=(1.4144001007080087, 1.1409996986389164) last=(0.014400100708008345, -0.009000301361083984)
[LIFT] V_Compute: 28.721 V
[LIFT] V_Motors: 28.105 V
[YOR] follow_path: n=9 first=(1.2644001007080083, 1.0409996986389167) last=(0.014400100708008345, -0.009000301361083984)
[LIFT] V_Compute: 28.729 V
[LIFT] V_Motors: 28.105 V
[LIFT] V_Compute: 28.714 V
[LIFT] V_Motors: 28.118 V
[YOR] follow_path: n=8 first=(1.1644001007080087, 0.8409996986389165) last=(0.014400100708008345, -0.009000301361083984)
[LIFT] V_Compute: 28.725 V
[LIFT] V_Motors: 28.107 V
[YOR] follow_path: n=7 first=(0.9644001007080085, 0.740999698638916) last=(0.014400100708008345, -0.009000301361083984)
[LIFT] V_Compute: 28.726 V
[LIFT] V_Motors: 28.094 V
[YOR] follow_path: n=6 first=(0.9144001007080087, 0.5909996986389165) last=(0.014400100708008345, -0.009000301361083984)
[LIFT] V_Compute: 28.725 V
[LIFT] V_Motors: 28.111 V
[YOR] follow_path: n=6 first=(0.7643002510070804, 0.490999698638916) last=(0.014300251007080433, -0.009000301361083984)
[LIFT] V_Compute: 28.735 V
[LIFT] V_Motors: 28.112 V
[YOR] follow_path: n=4 first=(0.6169002532958991, 0.39099969863891637) last=(0.016900253295898615, -0.009000301361083984)
[LIFT] V_Compute: 28.729 V
[LIFT] V_Motors: 28.121 V
[YOR] follow_path: n=4 first=(0.41690025329589897, 0.2909996986389167) last=(0.016900253295898615, -0.009000301361083984)
[LIFT] V_Compute: 28.728 V
[LIFT] V_Motors: 28.110 V
[LIFT] V_Compute: 28.728 V
[LIFT] V_Motors: 28.109 V
[LIFT] V_Compute: 28.722 V
[LIFT] V_Motors: 28.124 V
[LIFT] V_Compute: 28.725 V
[LIFT] V_Motors: 28.128 V
[LIFT] V_Compute: 28.731 V
[LIFT] V_Motors: 28.118 V
[LIFT] V_Compute: 28.728 V
[LIFT] V_Motors: 28.140 V
[LIFT] V_Compute: 28.725 V
[LIFT] V_Motors: 28.138 V
[LIFT] V_Compute: 28.731 V
[LIFT] V_Motors: 28.134 V
[LIFT] V_Compute: 28.716 V
[LIFT] V_Motors: 28.144 V
[LIFT] V_Compute: 28.725 V
[LIFT] V_Motors: 28.138 V
[LIFT] V_Compute: 28.728 V
[LIFT] V_Motors: 28.081 V
[LIFT] V_Compute: 28.739 V
[LIFT] V_Motors: 28.091 V
[LIFT] V_Compute: 28.720 V
[LIFT] V_Motors: 28.121 V
[LIFT] V_Compute: 28.730 V
[LIFT] V_Motors: 28.142 V
[LIFT] V_Compute: 28.729 V
[LIFT] V_Motors: 28.145 V
[YOR] follow_path: cleared
[LIFT] V_Compute: 28.736 V
[LIFT] V_Motors: 28.149 V
[LIFT] V_Compute: 28.729 V
[LIFT] V_Motors: 28.140 V
[LIFT] V_Compute: 28.736 V
[LIFT] V_Motors: 28.145 V
[LIFT] V_Compute: 28.721 V
[LIFT] V_Motors: 28.141 V
[LIFT] V_Compute: 28.734 V
[LIFT] V_Motors: 28.144 V
[LIFT] V_Compute: 28.726 V
[LIFT] V_Motors: 28.141 V
[LIFT] V_Compute: 28.726 V
[LIFT] V_Motors: 28.150 V
[LIFT] V_Compute: 28.716 V
[LIFT] V_Motors: 28.140 V
[LIFT] V_Compute: 28.725 V
[LIFT] V_Motors: 28.146 V
[LIFT] V_Compute: 28.724 V
[LIFT] V_Motors: 28.145 V
[LIFT] V_Compute: 28.725 V
[LIFT] V_Motors: 28.147 V
[LIFT] V_Compute: 28.718 V
[LIFT] V_Motors: 28.138 V
[LIFT] V_Compute: 28.712 V
[LIFT] V_Motors: 28.139 V
[LIFT] V_Compute: 28.721 V
[LIFT] V_Motors: 28.136 V
[LIFT] V_Compute: 28.726 V
[LIFT] V_Motors: 28.147 V
[LIFT] V_Compute: 28.734 V
[LIFT] V_Motors: 28.149 V
[LIFT] V_Compute: 28.732 V
[LIFT] V_Motors: 28.144 V
[LIFT] V_Compute: 28.722 V
[LIFT] V_Motors: 28.141 V
[LIFT] V_Compute: 28.725 V
[LIFT] V_Motors: 28.142 V
[LIFT] V_Compute: 28.726 V
[LIFT] V_Motors: 28.146 V
[YOR] follow_path: cleared
[LIFT] V_Compute: 28.732 V
[LIFT] V_Motors: 28.150 V
[LIFT] V_Compute: 28.732 V
[LIFT] V_Motors: 28.144 V
[LIFT] V_Compute: 28.719 V
[LIFT] V_Motors: 28.136 V
[LIFT] V_Compute: 28.731 V
[LIFT] V_Motors: 28.147 V
[LIFT] V_Compute: 28.736 V
[LIFT] V_Motors: 28.146 V
[LIFT] V_Compute: 28.731 V
[LIFT] V_Motors: 28.150 V
[LIFT] V_Compute: 28.736 V
[LIFT] V_Motors: 28.160 V
[LIFT] V_Compute: 28.721 V
[LIFT] V_Motors: 28.154 V
[LIFT] V_Compute: 28.739 V
[LIFT] V_Motors: 28.156 V
[LIFT] V_Compute: 28.734 V
[LIFT] V_Motors: 28.150 V
[LIFT] V_Compute: 28.728 V
[LIFT] V_Motors: 28.152 V
[LIFT] V_Compute: 28.741 V
[LIFT] V_Motors: 28.150 V
[LIFT] V_Compute: 28.739 V
[LIFT] V_Motors: 28.157 V
[LIFT] V_Compute: 28.749 V
[LIFT] V_Motors: 28.157 V
[LIFT] V_Compute: 28.744 V
[LIFT] V_Motors: 28.159 V
[LIFT] V_Compute: 28.744 V
[LIFT] V_Motors: 28.157 V
[LIFT] V_Compute: 28.749 V
[LIFT] V_Motors: 28.157 V
[LIFT] V_Compute: 28.741 V
[LIFT] V_Motors: 28.159 V
[LIFT] V_Compute: 28.747 V
[LIFT] V_Motors: 28.156 V
[LIFT] V_Compute: 28.728 V
[LIFT] V_Motors: 28.149 V
[LIFT] V_Compute: 28.736 V
[LIFT] V_Motors: 28.145 V
[LIFT] V_Compute: 28.745 V
[LIFT] V_Motors: 28.161 V

RPC Server stopping...
[YOR] base PID: restoring stock swerve gains
[YOR] base PID: /home/pi-v3/YOR-v3-try/config/base_pid_stock.json, PID slot 0
[LIFT] V_Compute: 28.731 V
[LIFT] V_Motors: 28.144 V
[YOR] base PID:   written     FL drive (CAN 1): p=0.20000000298023224, i=0.0, d=0.10000000149011612, velocity_ff=0.0, output_min=-1.0, output_max=1.0
[YOR] base PID:   written     RL drive (CAN 2): p=0.20000000298023224, i=0.0, d=0.10000000149011612, velocity_ff=0.0, output_min=-1.0, output_max=1.0
[YOR] base PID:   written     RR drive (CAN 3): p=0.20000000298023224, i=0.0, d=0.10000000149011612, velocity_ff=0.0, output_min=-1.0, output_max=1.0
[YOR] base PID:   written     FR drive (CAN 4): p=0.20000000298023224, i=0.0, d=0.10000000149011612, velocity_ff=0.0, output_min=-1.0, output_max=1.0
[YOR] base PID:   already-set FL steering (CAN 5): p=2.0, i=0.0, d=0.009999999776482582, velocity_ff=0.0, output_min=-1.0, output_max=1.0
[YOR] base PID:   already-set RL steering (CAN 6): p=2.0, i=0.0, d=0.009999999776482582, velocity_ff=0.0, output_min=-1.0, output_max=1.0
[YOR] base PID:   already-set RR steering (CAN 7): p=2.0, i=0.0, d=0.009999999776482582, velocity_ff=0.0, output_min=-1.0, output_max=1.0
[YOR] base PID:   already-set FR steering (CAN 8): p=2.0, i=0.0, d=0.009999999776482582, velocity_ff=0.0, output_min=-1.0, output_max=1.0
[YOR] base PID: 4 controller(s) already commissioned, 4 written, 0 problem(s)
[YOR] base PID: 0.3s
