[console-log] mirroring output to /home/pi-v3/YOR-v3-try/artifacts/wholebody_logs/yor_20260825_221154.log
[yor] experiment gates: all off (pre-gate behaviour)
[yor] posture-fix: stiffen_joint7=True (scale=3x), refresh_target=True, redundancy_resolution=dls_projector (dls_damping=0.05)
[yor] null-space: swivel_weight=1 (gain=1, target=latched-from-pose), continuity_weight=0, manipulability=False
[YOR] base: drive command scale 1.068 (from base_pid_hybrid.json)
[PicoLift] Opening serial /dev/serial/by-id/usb-FTDI_FT232R_USB_UART_BG02XPI5-if00-port0 @ 115200...
[PicoLift] Serial open OK
[YOR] base PID: syncing swerve gains
[YOR] base PID: /home/pi-v3/YOR-v3-try/config/base_pid_hybrid.json, PID slot 0
[YOR] base PID:   written     FL drive (CAN 1): p=0.3499999940395355, i=0.0, d=0.0, velocity_ff=0.23000000417232513, output_min=-1.0, output_max=1.0
[YOR] base PID:   written     RL drive (CAN 2): p=0.3499999940395355, i=0.0, d=0.0, velocity_ff=0.23000000417232513, output_min=-1.0, output_max=1.0
[YOR] base PID:   written     RR drive (CAN 3): p=0.3499999940395355, i=0.0, d=0.0, velocity_ff=0.23000000417232513, output_min=-1.0, output_max=1.0
[YOR] base PID:   written     FR drive (CAN 4): p=0.3499999940395355, i=0.0, d=0.0, velocity_ff=0.23000000417232513, output_min=-1.0, output_max=1.0
[YOR] base PID:   already-set FL steering (CAN 5): p=2.0, i=0.0, d=0.009999999776482582, velocity_ff=0.0, output_min=-1.0, output_max=1.0
[YOR] base PID:   already-set RL steering (CAN 6): p=2.0, i=0.0, d=0.009999999776482582, velocity_ff=0.0, output_min=-1.0, output_max=1.0
[YOR] base PID:   already-set RR steering (CAN 7): p=2.0, i=0.0, d=0.009999999776482582, velocity_ff=0.0, output_min=-1.0, output_max=1.0
[YOR] base PID:   already-set FR steering (CAN 8): p=2.0, i=0.0, d=0.009999999776482582, velocity_ff=0.0, output_min=-1.0, output_max=1.0
[YOR] base PID: 4 controller(s) already commissioned, 4 written, 0 problem(s)
[YOR] base PID: 0.2s
[YOR] base config: idle_mode=0 ctrl_type=MIXED [('FL drive', 1), ('FL steering', 3), ('FR drive', 1), ('FR steering', 3), ('RL drive', 1), ('RL steering', 3), ('RR drive', 1), ('RR steering', 3)]
[YOR] base config: velocity_cf=MIXED [('FL drive', 0.000846326001919806), ('FL steering', 1.0), ('FR drive', 0.000846326001919806), ('FR steering', 1.0), ('RL drive', 0.000846326001919806), ('RL steering', 1.0), ('RR drive', 0.000846326001919806), ('RR steering', 1.0)] position_cf=1.0 (drive_command_scale=1.068)
[YOR] base: locked at zero velocity for startup homing
[YOR] recording swerve telemetry to /home/pi-v3/YOR-v3-try/artifacts/wholebody_logs/swerve/swerve_20260825_221154.csv
[YOR] lift: waiting for controller to be ready...
[LIFT] Lift controller ready.
[PicoLift] controller reset — height invalidated, needs home
[LIFT] Capabilities: lift_velocity_v1
[PicoLift] firmware capabilities: lift_velocity_v1
[LIFT] Python commands: up, down, stop, home, vel <signed mm/s>
[LIFT] Optional commands: up 200, down 200, status, power on, power off
[LIFT] Height: unknown (run home)
[LIFT] V_Compute: 28.851 V
[LIFT] V_Motors: 28.289 V
[YOR] lift: homing at startup; waiting up to 30s
[PicoLift] sent 'home'
[PicoLift] sent 'status'
[PicoLift] sent 'status'
[LIFT] Homing UP...
[LIFT] V_Compute: 28.846 V
[LIFT] V_Motors: 28.261 V
[LIFT] Height: unknown (run home)
[LIFT] Upper limit: clear
[LIFT] Lower limit: clear
[LIFT] Motion: UP
[LIFT] Velocity: 0.00 mm/s
[LIFT] Capabilities: lift_velocity_v1
[PicoLift] firmware capabilities: lift_velocity_v1
[LIFT] Height: unknown (run home)
[LIFT] Upper limit: clear
[LIFT] Lower limit: clear
[LIFT] Motion: UP
[LIFT] Velocity: 0.00 mm/s
[LIFT] Capabilities: lift_velocity_v1
[PicoLift] firmware capabilities: lift_velocity_v1
[LIFT] Height: unknown (run home)
[LIFT] Height: unknown (run home)
[LIFT] Height: unknown (run home)
[LIFT] Height: unknown (run home)
[LIFT] Height: unknown (run home)
[LIFT] Height: unknown (run home)
[LIFT] Height: unknown (run home)
[LIFT] Height: unknown (run home)
[LIFT] Height: unknown (run home)
[LIFT] Height: unknown (run home)
[LIFT] Height: unknown (run home)
[LIFT] Height: unknown (run home)
[LIFT] Height: unknown (run home)
[LIFT] Height: unknown (run home)
[LIFT] Height: unknown (run home)
[LIFT] Height: unknown (run home)
[LIFT] Height: unknown (run home)
[LIFT] Height: unknown (run home)
[PicoLift] sent 'status'
[LIFT] Upper limit: clear
[LIFT] Lower limit: clear
[LIFT] Motion: UP
[LIFT] Velocity: 0.00 mm/s
[LIFT] Capabilities: lift_velocity_v1
[PicoLift] firmware capabilities: lift_velocity_v1
[LIFT] Height: unknown (run home)
[LIFT] V_Compute: 28.840 V
[LIFT] V_Motors: 28.247 V
[LIFT] Height: unknown (run home)
[LIFT] Height: unknown (run home)
[LIFT] Height: unknown (run home)
[LIFT] Height: unknown (run home)
[LIFT] Height: unknown (run home)
[LIFT] Height: unknown (run home)
[LIFT] Height: unknown (run home)
[LIFT] Height: unknown (run home)
[LIFT] Height: unknown (run home)
[LIFT] Height: unknown (run home)
[LIFT] Height: unknown (run home)
[LIFT] Height: unknown (run home)
[LIFT] Height: unknown (run home)
[LIFT] Height: unknown (run home)
[LIFT] Height: unknown (run home)
[LIFT] Height: unknown (run home)
[LIFT] Height: unknown (run home)
[LIFT] Height: unknown (run home)
[PicoLift] sent 'status'
[LIFT] Upper limit: clear
[LIFT] Lower limit: clear
[LIFT] Motion: UP
[LIFT] Velocity: 0.00 mm/s
[LIFT] Capabilities: lift_velocity_v1
[PicoLift] firmware capabilities: lift_velocity_v1
[LIFT] Height: unknown (run home)
[LIFT] V_Compute: 28.850 V
[LIFT] V_Motors: 28.272 V
[LIFT] Height: unknown (run home)
[LIFT] Height: unknown (run home)
[LIFT] Height: unknown (run home)
[LIFT] Height: unknown (run home)
[LIFT] Height: unknown (run home)
[LIFT] Height: unknown (run home)
[LIFT] Height: unknown (run home)
[LIFT] Height: unknown (run home)
[LIFT] Height: unknown (run home)
[LIFT] Height: unknown (run home)
[LIFT] Height: unknown (run home)
[LIFT] Height: unknown (run home)
[LIFT] Height: unknown (run home)
[LIFT] Height: unknown (run home)
[LIFT] Height: unknown (run home)
[LIFT] Height: unknown (run home)
[LIFT] Height: unknown (run home)
[LIFT] Height: unknown (run home)
[PicoLift] sent 'status'
[LIFT] Upper limit: clear
[LIFT] Lower limit: clear
[LIFT] Motion: UP
[LIFT] Velocity: 0.00 mm/s
[LIFT] Capabilities: lift_velocity_v1
[PicoLift] firmware capabilities: lift_velocity_v1
[LIFT] Height: unknown (run home)
[LIFT] V_Compute: 28.854 V
[LIFT] V_Motors: 28.259 V
[LIFT] Height: unknown (run home)
[LIFT] Height: unknown (run home)
[LIFT] Height: unknown (run home)
[LIFT] Height: unknown (run home)
[LIFT] Height: unknown (run home)
[LIFT] Height: unknown (run home)
[LIFT] Height: unknown (run home)
[LIFT] Height: unknown (run home)
[LIFT] Height: unknown (run home)
[LIFT] Height: unknown (run home)
[LIFT] Height: unknown (run home)
[LIFT] Height: unknown (run home)
[LIFT] Height: unknown (run home)
[LIFT] Height: unknown (run home)
[LIFT] Height: unknown (run home)
[LIFT] Height: unknown (run home)
[LIFT] Height: unknown (run home)
[LIFT] Height: unknown (run home)
[PicoLift] sent 'status'
[LIFT] Upper limit: clear
[LIFT] Lower limit: clear
[LIFT] Motion: UP
[LIFT] Velocity: 0.00 mm/s
[LIFT] Capabilities: lift_velocity_v1
[PicoLift] firmware capabilities: lift_velocity_v1
[LIFT] Height: unknown (run home)
[LIFT] V_Compute: 28.853 V
[LIFT] V_Motors: 28.255 V
[LIFT] Height: unknown (run home)
[LIFT] Height: unknown (run home)
[LIFT] Height: unknown (run home)
[LIFT] Height: unknown (run home)
[LIFT] Height: unknown (run home)
[LIFT] Height: unknown (run home)
[LIFT] Height: unknown (run home)
[LIFT] Height: unknown (run home)
[LIFT] Height: unknown (run home)
[LIFT] Height: unknown (run home)
[LIFT] Height: unknown (run home)
[LIFT] Height: unknown (run home)
[LIFT] Height: unknown (run home)
[LIFT] Height: unknown (run home)
[LIFT] Height: unknown (run home)
[LIFT] Height: unknown (run home)
[LIFT] Height: unknown (run home)
[LIFT] Height: unknown (run home)
[PicoLift] sent 'status'
[LIFT] Upper limit: clear
[LIFT] Lower limit: clear
[LIFT] Motion: UP
[LIFT] Velocity: 0.00 mm/s
[LIFT] Capabilities: lift_velocity_v1
[PicoLift] firmware capabilities: lift_velocity_v1
[LIFT] Height: unknown (run home)
[LIFT] V_Compute: 28.853 V
[LIFT] V_Motors: 28.251 V
[LIFT] Height: unknown (run home)
[LIFT] Height: unknown (run home)
[LIFT] Height: unknown (run home)
[LIFT] Height: unknown (run home)
[LIFT] Height: unknown (run home)
[LIFT] Height: unknown (run home)
[LIFT] Height: unknown (run home)
[LIFT] Height: unknown (run home)
[LIFT] Height: unknown (run home)
[LIFT] Height: unknown (run home)
[LIFT] Height: unknown (run home)
[LIFT] Height: unknown (run home)
[LIFT] Height: unknown (run home)
[LIFT] Height: unknown (run home)
[LIFT] Height: unknown (run home)
[LIFT] Height: unknown (run home)
[LIFT] Height: unknown (run home)
[LIFT] Height: unknown (run home)
[PicoLift] sent 'status'
[LIFT] Upper limit: clear
[LIFT] Lower limit: clear
[LIFT] Motion: UP
[LIFT] Velocity: 0.00 mm/s
[LIFT] Capabilities: lift_velocity_v1
[PicoLift] firmware capabilities: lift_velocity_v1
[LIFT] Height: unknown (run home)
[LIFT] V_Compute: 28.846 V
[LIFT] V_Motors: 28.261 V
[LIFT] Height: unknown (run home)
[LIFT] Height: unknown (run home)
[LIFT] Height: unknown (run home)
[LIFT] Height: unknown (run home)
[LIFT] Height: unknown (run home)
[LIFT] Height: unknown (run home)
[LIFT] Height: unknown (run home)
[LIFT] Height: unknown (run home)
[LIFT] Height: unknown (run home)
[LIFT] Height: unknown (run home)
[LIFT] Height: unknown (run home)
[LIFT] Height: unknown (run home)
[LIFT] Height: unknown (run home)
[LIFT] Height: unknown (run home)
[LIFT] Height: unknown (run home)
[LIFT] Height: unknown (run home)
[LIFT] Height: unknown (run home)
[LIFT] Height: unknown (run home)
[PicoLift] sent 'status'
[LIFT] Upper limit: clear
[LIFT] Lower limit: clear
[LIFT] Motion: UP
[LIFT] Velocity: 0.00 mm/s
[LIFT] Capabilities: lift_velocity_v1
[PicoLift] firmware capabilities: lift_velocity_v1
[LIFT] Height: unknown (run home)
[LIFT] V_Compute: 28.861 V
[LIFT] V_Motors: 28.263 V
[LIFT] Height: unknown (run home)
[LIFT] Height: unknown (run home)
[LIFT] Height: unknown (run home)
[LIFT] Height: unknown (run home)
[LIFT] Height: unknown (run home)
[LIFT] Height: unknown (run home)
[LIFT] Height: unknown (run home)
[LIFT] Height: unknown (run home)
[LIFT] Height: unknown (run home)
[LIFT] Height: unknown (run home)
[LIFT] Height: unknown (run home)
[LIFT] Height: unknown (run home)
[LIFT] Height: unknown (run home)
[LIFT] Height: unknown (run home)
[LIFT] Height: unknown (run home)
[LIFT] Height: unknown (run home)
[LIFT] Height: unknown (run home)
[LIFT] Height: unknown (run home)
[PicoLift] sent 'status'
[LIFT] Upper limit: clear
[LIFT] Lower limit: clear
[LIFT] Motion: UP
[LIFT] Velocity: 0.00 mm/s
[LIFT] Capabilities: lift_velocity_v1
[PicoLift] firmware capabilities: lift_velocity_v1
[LIFT] Height: unknown (run home)
[LIFT] V_Compute: 28.859 V
[LIFT] V_Motors: 28.257 V
[LIFT] Height: unknown (run home)
[LIFT] Height: unknown (run home)
[LIFT] Height: unknown (run home)
[LIFT] Height: unknown (run home)
[LIFT] Height: unknown (run home)
[LIFT] Height: unknown (run home)
[LIFT] Height: unknown (run home)
[LIFT] Height: unknown (run home)
[LIFT] Height: unknown (run home)
[LIFT] Height: unknown (run home)
[LIFT] Height: unknown (run home)
[LIFT] Height: unknown (run home)
[LIFT] Height: unknown (run home)
[LIFT] Height: unknown (run home)
[LIFT] Height: unknown (run home)
[LIFT] Height: unknown (run home)
[LIFT] Height: unknown (run home)
[LIFT] Height: unknown (run home)
[PicoLift] sent 'status'
[LIFT] Upper limit: clear
[LIFT] Lower limit: clear
[LIFT] Motion: UP
[LIFT] Velocity: 0.00 mm/s
[LIFT] Capabilities: lift_velocity_v1
[PicoLift] firmware capabilities: lift_velocity_v1
[LIFT] Height: unknown (run home)
[LIFT] V_Compute: 28.855 V
[LIFT] V_Motors: 28.259 V
[LIFT] Height: unknown (run home)
[LIFT] Height: unknown (run home)
[LIFT] Height: unknown (run home)
[LIFT] Height: unknown (run home)
[LIFT] Height: unknown (run home)
[LIFT] Height: unknown (run home)
[LIFT] Height: unknown (run home)
[LIFT] Height: unknown (run home)
[LIFT] Height: unknown (run home)
[LIFT] Height: unknown (run home)
[LIFT] Height: unknown (run home)
[LIFT] Height: unknown (run home)
[LIFT] Height: unknown (run home)
[LIFT] Height: unknown (run home)
[LIFT] Height: unknown (run home)
[LIFT] Height: unknown (run home)
[LIFT] Height: unknown (run home)
[LIFT] Height: unknown (run home)
[PicoLift] sent 'status'
[LIFT] Upper limit: clear
[LIFT] Lower limit: clear
[LIFT] Motion: UP
[LIFT] Velocity: 0.00 mm/s
[LIFT] Capabilities: lift_velocity_v1
[PicoLift] firmware capabilities: lift_velocity_v1
[LIFT] Height: unknown (run home)
[LIFT] V_Compute: 28.857 V
[LIFT] V_Motors: 28.263 V
[LIFT] Height: unknown (run home)
[LIFT] Height: unknown (run home)
[LIFT] Height: unknown (run home)
[LIFT] Height: unknown (run home)
[LIFT] Height: unknown (run home)
[LIFT] Height: unknown (run home)
[LIFT] Height: unknown (run home)
[LIFT] Height: unknown (run home)
[LIFT] Height: unknown (run home)
[LIFT] Height: unknown (run home)
[LIFT] Height: unknown (run home)
[LIFT] Height: unknown (run home)
[LIFT] Height: unknown (run home)
[LIFT] Height: unknown (run home)
[LIFT] Height: unknown (run home)
[LIFT] Height: unknown (run home)
[LIFT] Height: unknown (run home)
[LIFT] Height: unknown (run home)
[PicoLift] sent 'status'
[LIFT] Upper limit: clear
[LIFT] Lower limit: clear
[LIFT] Motion: UP
[LIFT] Velocity: 0.00 mm/s
[LIFT] Capabilities: lift_velocity_v1
[PicoLift] firmware capabilities: lift_velocity_v1
[LIFT] Height: unknown (run home)
[LIFT] V_Compute: 28.841 V
[LIFT] V_Motors: 28.251 V
[LIFT] Height: unknown (run home)
[LIFT] Height: unknown (run home)
[LIFT] Height: unknown (run home)
[LIFT] Height: unknown (run home)
[LIFT] Height: unknown (run home)
[LIFT] Height: unknown (run home)
[LIFT] Height: unknown (run home)
[LIFT] Height: unknown (run home)
[LIFT] Height: unknown (run home)
[LIFT] Height: unknown (run home)
[LIFT] Height: unknown (run home)
[LIFT] Height: unknown (run home)
[LIFT] Height: unknown (run home)
[LIFT] Height: unknown (run home)
[LIFT] Height: unknown (run home)
[LIFT] Height: unknown (run home)
[LIFT] Height: unknown (run home)
[LIFT] Height: unknown (run home)
[PicoLift] sent 'status'
[LIFT] Upper limit: clear
[LIFT] Lower limit: clear
[LIFT] Motion: UP
[LIFT] Velocity: 0.00 mm/s
[LIFT] Capabilities: lift_velocity_v1
[PicoLift] firmware capabilities: lift_velocity_v1
[LIFT] Height: unknown (run home)
[LIFT] V_Compute: 28.854 V
[LIFT] V_Motors: 28.244 V
[LIFT] Height: unknown (run home)
[LIFT] Height: unknown (run home)
[LIFT] Height: unknown (run home)
[LIFT] Height: unknown (run home)
[LIFT] Height: unknown (run home)
[LIFT] Height: unknown (run home)
[LIFT] Height: unknown (run home)
[LIFT] Height: unknown (run home)
[LIFT] Height: unknown (run home)
[LIFT] Height: unknown (run home)
[LIFT] Height: unknown (run home)
[LIFT] Height: unknown (run home)
[LIFT] Height: unknown (run home)
[LIFT] Height: unknown (run home)
[LIFT] Height: unknown (run home)
[LIFT] Height: unknown (run home)
[LIFT] Height: unknown (run home)
[LIFT] Height: unknown (run home)
[PicoLift] sent 'status'
[LIFT] Height: unknown (run home)
[LIFT] Upper limit: clear
[LIFT] Lower limit: clear
[LIFT] Motion: UP
[LIFT] Velocity: 0.00 mm/s
[LIFT] Capabilities: lift_velocity_v1
[PicoLift] firmware capabilities: lift_velocity_v1
[LIFT] Height: unknown (run home)
[LIFT] V_Compute: 28.840 V
[LIFT] V_Motors: 28.267 V
[LIFT] Height: unknown (run home)
[LIFT] Height: unknown (run home)
[LIFT] Height: unknown (run home)
[LIFT] Height: unknown (run home)
[LIFT] Height: unknown (run home)
[LIFT] Height: unknown (run home)
[LIFT] Height: unknown (run home)
[LIFT] Height: unknown (run home)
[LIFT] Height: unknown (run home)
[LIFT] Height: unknown (run home)
[LIFT] Height: unknown (run home)
[LIFT] Height: unknown (run home)
[LIFT] Height: unknown (run home)
[LIFT] Height: unknown (run home)
[LIFT] Height: unknown (run home)
[LIFT] Height: unknown (run home)
[LIFT] Height: unknown (run home)
[PicoLift] sent 'status'
[LIFT] Height: unknown (run home)
[LIFT] Upper limit: clear
[LIFT] Lower limit: clear
[LIFT] Motion: UP
[LIFT] Velocity: 0.00 mm/s
[LIFT] Capabilities: lift_velocity_v1
[PicoLift] firmware capabilities: lift_velocity_v1
[LIFT] Height: unknown (run home)
[LIFT] V_Compute: 28.841 V
[LIFT] V_Motors: 28.243 V
[LIFT] Height: unknown (run home)
[LIFT] Height: unknown (run home)
[LIFT] Height: unknown (run home)
[LIFT] Height: unknown (run home)
[LIFT] Height: unknown (run home)
[LIFT] Height: unknown (run home)
[LIFT] Height: unknown (run home)
[LIFT] Height: unknown (run home)
[LIFT] Height: unknown (run home)
[LIFT] Height: unknown (run home)
[LIFT] Height: unknown (run home)
[LIFT] Height: unknown (run home)
[LIFT] Height: unknown (run home)
[LIFT] Height: unknown (run home)
[LIFT] Height: unknown (run home)
[LIFT] Height: unknown (run home)
[LIFT] Height: unknown (run home)
[PicoLift] sent 'status'
[LIFT] Height: unknown (run home)
[LIFT] Upper limit: clear
[LIFT] Lower limit: clear
[LIFT] Motion: UP
[LIFT] Velocity: 0.00 mm/s
[LIFT] Capabilities: lift_velocity_v1
[PicoLift] firmware capabilities: lift_velocity_v1
[LIFT] Height: unknown (run home)
[LIFT] V_Compute: 28.849 V
[LIFT] V_Motors: 28.257 V
[LIFT] Height: unknown (run home)
[LIFT] Height: unknown (run home)
[LIFT] Height: unknown (run home)
[LIFT] Height: unknown (run home)
[LIFT] Height: unknown (run home)
[LIFT] Height: unknown (run home)
[LIFT] Height: unknown (run home)
[LIFT] Height: unknown (run home)
[LIFT] Height: unknown (run home)
[LIFT] Height: unknown (run home)
[LIFT] Height: unknown (run home)
[LIFT] Height: unknown (run home)
[LIFT] Height: unknown (run home)
[LIFT] Height: unknown (run home)
[LIFT] Height: unknown (run home)
[LIFT] Height: unknown (run home)
[LIFT] Height: unknown (run home)
[PicoLift] sent 'status'
[LIFT] Height: unknown (run home)
[LIFT] Upper limit: clear
[LIFT] Lower limit: clear
[LIFT] Motion: UP
[LIFT] Velocity: 0.00 mm/s
[LIFT] Capabilities: lift_velocity_v1
[PicoLift] firmware capabilities: lift_velocity_v1
[LIFT] Height: unknown (run home)
[LIFT] V_Compute: 28.826 V
[LIFT] V_Motors: 28.257 V
[LIFT] Height: unknown (run home)
[LIFT] Height: unknown (run home)
[LIFT] Height: unknown (run home)
[LIFT] Height: unknown (run home)
[LIFT] Height: unknown (run home)
[LIFT] Height: unknown (run home)
[LIFT] Height: unknown (run home)
[LIFT] Height: unknown (run home)
[LIFT] Height: unknown (run home)
[LIFT] Height: unknown (run home)
[LIFT] Height: unknown (run home)
[LIFT] Height: unknown (run home)
[LIFT] Height: unknown (run home)
[LIFT] Height: unknown (run home)
[LIFT] Height: unknown (run home)
[LIFT] Height: unknown (run home)
[LIFT] Height: unknown (run home)
[PicoLift] sent 'status'
[LIFT] Height: unknown (run home)
[LIFT] Upper limit: clear
[LIFT] Lower limit: clear
[LIFT] Motion: UP
[LIFT] Velocity: 0.00 mm/s
[LIFT] Capabilities: lift_velocity_v1
[PicoLift] firmware capabilities: lift_velocity_v1
[LIFT] Height: unknown (run home)
[LIFT] V_Compute: 28.840 V
[LIFT] V_Motors: 28.251 V
[LIFT] Height: unknown (run home)
[LIFT] Height: unknown (run home)
[LIFT] Height: unknown (run home)
[LIFT] Height: unknown (run home)
[LIFT] Height: unknown (run home)
[LIFT] Height: unknown (run home)
[LIFT] Height: unknown (run home)
[LIFT] Height: unknown (run home)
[LIFT] Height: unknown (run home)
[LIFT] Height: unknown (run home)
[LIFT] Height: unknown (run home)
[LIFT] Height: unknown (run home)
[LIFT] Height: unknown (run home)
[LIFT] Height: unknown (run home)
[LIFT] Height: unknown (run home)
[LIFT] Height: unknown (run home)
[LIFT] Height: unknown (run home)
[PicoLift] sent 'status'
[LIFT] Height: unknown (run home)
[LIFT] Upper limit: clear
[LIFT] Lower limit: clear
[LIFT] Motion: UP
[LIFT] Velocity: 0.00 mm/s
[LIFT] Capabilities: lift_velocity_v1
[PicoLift] firmware capabilities: lift_velocity_v1
[LIFT] Height: unknown (run home)
[LIFT] V_Compute: 28.839 V
[LIFT] V_Motors: 28.264 V
[LIFT] Height: unknown (run home)
[LIFT] Height: unknown (run home)
[LIFT] Height: unknown (run home)
[LIFT] Height: unknown (run home)
[LIFT] Height: unknown (run home)
[LIFT] Height: unknown (run home)
[LIFT] Height: unknown (run home)
[LIFT] Height: unknown (run home)
[LIFT] Height: unknown (run home)
[LIFT] Height: unknown (run home)
[LIFT] Height: unknown (run home)
[LIFT] Height: unknown (run home)
[LIFT] Height: unknown (run home)
[LIFT] Height: unknown (run home)
[LIFT] Height: unknown (run home)
[LIFT] Height: unknown (run home)
[LIFT] Height: unknown (run home)
[PicoLift] sent 'status'
[LIFT] Height: unknown (run home)
[LIFT] Upper limit: clear
[LIFT] Lower limit: clear
[LIFT] Motion: UP
[LIFT] Velocity: 0.00 mm/s
[LIFT] Capabilities: lift_velocity_v1
[PicoLift] firmware capabilities: lift_velocity_v1
[LIFT] Height: unknown (run home)
[LIFT] V_Compute: 28.845 V
[LIFT] V_Motors: 28.247 V
[LIFT] Height: unknown (run home)
[LIFT] Height: unknown (run home)
[LIFT] Height: unknown (run home)
[LIFT] Height: unknown (run home)
[LIFT] Height: unknown (run home)
[LIFT] Height: unknown (run home)
[LIFT] Height: unknown (run home)
[LIFT] Height: unknown (run home)
[LIFT] Height: unknown (run home)
[LIFT] Height: unknown (run home)
[LIFT] Height: unknown (run home)
[LIFT] Height: unknown (run home)
[LIFT] Height: unknown (run home)
[LIFT] Height: unknown (run home)
[LIFT] Height: unknown (run home)
[LIFT] Height: unknown (run home)
[LIFT] Height: unknown (run home)
[PicoLift] sent 'status'
[LIFT] Height: unknown (run home)
[LIFT] Upper limit: clear
[LIFT] Lower limit: clear
[LIFT] Motion: UP
[LIFT] Velocity: 0.00 mm/s
[LIFT] Capabilities: lift_velocity_v1
[PicoLift] firmware capabilities: lift_velocity_v1
[LIFT] Height: unknown (run home)
[LIFT] V_Compute: 28.847 V
[LIFT] V_Motors: 28.246 V
[LIFT] Height: unknown (run home)
[LIFT] Height: unknown (run home)
[LIFT] Height: unknown (run home)
[LIFT] Height: unknown (run home)
[LIFT] Height: unknown (run home)
[LIFT] Height: unknown (run home)
[LIFT] Height: unknown (run home)
[LIFT] Height: unknown (run home)
[LIFT] Height: unknown (run home)
[LIFT] Height: unknown (run home)
[LIFT] Height: unknown (run home)
[LIFT] Height: unknown (run home)
[LIFT] Height: unknown (run home)
[LIFT] Height: unknown (run home)
[LIFT] Height: unknown (run home)
[LIFT] Height: unknown (run home)
[LIFT] Height: unknown (run home)
[PicoLift] sent 'status'
[LIFT] Height: unknown (run home)
[LIFT] Upper limit: clear
[LIFT] Lower limit: clear
[LIFT] Motion: UP
[LIFT] Velocity: 0.00 mm/s
[LIFT] Capabilities: lift_velocity_v1
[PicoLift] firmware capabilities: lift_velocity_v1
[LIFT] Height: unknown (run home)
[LIFT] V_Compute: 28.841 V
[LIFT] V_Motors: 28.261 V
[LIFT] Height: unknown (run home)
[LIFT] Height: unknown (run home)
[LIFT] Height: unknown (run home)
[LIFT] Height: unknown (run home)
[LIFT] Height: unknown (run home)
[LIFT] Height: unknown (run home)
[LIFT] Height: unknown (run home)
[LIFT] Height: unknown (run home)
[LIFT] Height: unknown (run home)
[LIFT] Height: unknown (run home)
[LIFT] Height: unknown (run home)
[LIFT] Height: unknown (run home)
[LIFT] Height: unknown (run home)
[LIFT] Height: unknown (run home)
[LIFT] Height: unknown (run home)
[LIFT] Height: unknown (run home)
[LIFT] Height: unknown (run home)
[PicoLift] sent 'status'
[LIFT] Height: unknown (run home)
[LIFT] Upper limit: clear
[LIFT] Lower limit: clear
[LIFT] Motion: UP
[LIFT] Velocity: 0.00 mm/s
[LIFT] Capabilities: lift_velocity_v1
[PicoLift] firmware capabilities: lift_velocity_v1
[LIFT] Height: unknown (run home)
[LIFT] V_Compute: 28.845 V
[LIFT] V_Motors: 28.250 V
[LIFT] Height: unknown (run home)
[LIFT] Height: unknown (run home)
[LIFT] Height: unknown (run home)
[LIFT] Height: unknown (run home)
[LIFT] Height: unknown (run home)
[LIFT] Height: unknown (run home)
[LIFT] Height: unknown (run home)
[LIFT] Height: unknown (run home)
[LIFT] Height: unknown (run home)
[LIFT] Height: unknown (run home)
[LIFT] Height: unknown (run home)
[LIFT] Height: unknown (run home)
[LIFT] Height: unknown (run home)
[LIFT] Height: unknown (run home)
[LIFT] Height: unknown (run home)
[LIFT] Height: unknown (run home)
[LIFT] Height: unknown (run home)
[LIFT] Height: unknown (run home)
[PicoLift] sent 'status'
[LIFT] Upper limit: clear
[LIFT] Lower limit: clear
[LIFT] Motion: UP
[LIFT] Velocity: 0.00 mm/s
[LIFT] Capabilities: lift_velocity_v1
[PicoLift] firmware capabilities: lift_velocity_v1
[LIFT] Height: unknown (run home)
[LIFT] V_Compute: 28.856 V
[LIFT] V_Motors: 28.254 V
[LIFT] Height: unknown (run home)
[LIFT] Height: unknown (run home)
[LIFT] Height: unknown (run home)
[LIFT] Height: unknown (run home)
[LIFT] Height: unknown (run home)
[LIFT] Height: unknown (run home)
[LIFT] Height: unknown (run home)
[LIFT] Height: unknown (run home)
[LIFT] Height: unknown (run home)
[LIFT] Height: unknown (run home)
[LIFT] Height: unknown (run home)
[LIFT] Height: unknown (run home)
[LIFT] Height: unknown (run home)
[LIFT] Height: unknown (run home)
[LIFT] Height: unknown (run home)
[LIFT] Height: unknown (run home)
[LIFT] Height: unknown (run home)
[LIFT] Height: unknown (run home)
[PicoLift] sent 'status'
[LIFT] Upper limit: clear
[LIFT] Lower limit: clear
[LIFT] Motion: UP
[LIFT] Velocity: 0.00 mm/s
[LIFT] Capabilities: lift_velocity_v1
[PicoLift] firmware capabilities: lift_velocity_v1
[LIFT] Height: unknown (run home)
[LIFT] V_Compute: 28.855 V
[LIFT] V_Motors: 28.245 V
[LIFT] Height: unknown (run home)
[LIFT] Height: unknown (run home)
[LIFT] Height: unknown (run home)
[LIFT] Height: unknown (run home)
[LIFT] Height: unknown (run home)
[LIFT] Height: unknown (run home)
[LIFT] Height: unknown (run home)
[LIFT] Height: unknown (run home)
[LIFT] Height: unknown (run home)
[LIFT] Height: unknown (run home)
[LIFT] Height: unknown (run home)
[LIFT] Height: unknown (run home)
[LIFT] Height: unknown (run home)
[LIFT] Height: unknown (run home)
[LIFT] Height: unknown (run home)
[LIFT] Height: unknown (run home)
[LIFT] Height: unknown (run home)
[LIFT] Height: unknown (run home)
[PicoLift] sent 'status'
[LIFT] Upper limit: clear
[LIFT] Lower limit: clear
[LIFT] Motion: UP
[LIFT] Velocity: 0.00 mm/s
[LIFT] Capabilities: lift_velocity_v1
[PicoLift] firmware capabilities: lift_velocity_v1
[LIFT] Height: unknown (run home)
[LIFT] V_Compute: 28.841 V
[LIFT] V_Motors: 28.255 V
[LIFT] Height: unknown (run home)
[LIFT] Height: unknown (run home)
[LIFT] Height: unknown (run home)
[LIFT] Height: unknown (run home)
[LIFT] Height: unknown (run home)
[LIFT] Height: unknown (run home)
[LIFT] Height: unknown (run home)
[LIFT] Height: unknown (run home)
[LIFT] Height: unknown (run home)
[LIFT] Height: unknown (run home)
[LIFT] Height: unknown (run home)
[LIFT] Home complete.
[PicoLift] sent 'status'
[PicoLift] sent 'status'
[YOR] lift: home complete at 0.9 m
[YOR] lift: moving to 450 mm from zero
[PicoLift] sent 'down 450.00'
[LIFT] Upper limit: ACTIVE
[LIFT] Lower limit: clear
[LIFT] Motion: IDLE
[LIFT] Velocity: 0.00 mm/s
[LIFT] Capabilities: lift_velocity_v1
[PicoLift] firmware capabilities: lift_velocity_v1
[LIFT] V_Compute: 28.850 V
[LIFT] V_Motors: 28.279 V
[LIFT] Upper limit: ACTIVE
[LIFT] Lower limit: clear
[LIFT] Motion: IDLE
[LIFT] Velocity: 0.00 mm/s
[LIFT] Capabilities: lift_velocity_v1
[PicoLift] firmware capabilities: lift_velocity_v1
[LIFT] Moving DOWN 450.00 mm
[LIFT] V_Compute: 28.849 V
[LIFT] V_Motors: 28.225 V
[LIFT] V_Compute: 28.855 V
[LIFT] V_Motors: 28.256 V
[LIFT] V_Compute: 28.850 V
[LIFT] V_Motors: 28.267 V
[LIFT] V_Compute: 28.855 V
[LIFT] V_Motors: 28.271 V
[LIFT] V_Compute: 28.862 V
[LIFT] V_Motors: 28.270 V
[LIFT] V_Compute: 28.845 V
[LIFT] V_Motors: 28.261 V
[LIFT] V_Compute: 28.853 V
[LIFT] V_Motors: 28.261 V
[LIFT] V_Compute: 28.851 V
[LIFT] V_Motors: 28.265 V
[LIFT] V_Compute: 28.853 V
[LIFT] V_Motors: 28.265 V
[LIFT] V_Compute: 28.855 V
[LIFT] V_Motors: 28.256 V
[LIFT] V_Compute: 28.844 V
[LIFT] V_Motors: 28.265 V
[LIFT] V_Compute: 28.849 V
[LIFT] V_Motors: 28.277 V
[LIFT] V_Compute: 28.850 V
[LIFT] V_Motors: 28.259 V
[LIFT] V_Compute: 28.843 V
[LIFT] V_Motors: 28.261 V
[LIFT] V_Compute: 28.855 V
[LIFT] V_Motors: 28.271 V
[LIFT] V_Compute: 28.855 V
[LIFT] V_Motors: 28.272 V
[LIFT] V_Compute: 28.855 V
[LIFT] V_Motors: 28.255 V
[LIFT] V_Compute: 28.845 V
[LIFT] V_Motors: 28.269 V
[PicoLift] sent 'stop'
[YOR] lift: startup position 0.45096600000000003 m
[LIFT] Motion stopped by user.
[LIFT] V_Compute: 28.846 V
[LIFT] V_Motors: 28.282 V
[LIFT] V_Compute: 28.854 V
[LIFT] V_Motors: 28.284 V
[LIFT] V_Compute: 28.851 V
[LIFT] V_Motors: 28.288 V
[LIFT] V_Compute: 28.853 V
[LIFT] V_Motors: 28.284 V
[LIFT] V_Compute: 28.849 V
[LIFT] V_Motors: 28.284 V
[LIFT] V_Compute: 28.853 V
[LIFT] V_Motors: 28.288 V
[LIFT] V_Compute: 28.856 V
[LIFT] V_Motors: 28.279 V
[LIFT] V_Compute: 28.854 V
[LIFT] V_Motors: 28.285 V
[LIFT] V_Compute: 28.850 V
[LIFT] V_Motors: 28.281 V
[LIFT] V_Compute: 28.846 V
[LIFT] V_Motors: 28.284 V
[LIFT] V_Compute: 28.856 V
[LIFT] V_Motors: 28.280 V
[LIFT] V_Compute: 28.847 V
[LIFT] V_Motors: 28.282 V
[LIFT] V_Compute: 28.853 V
[LIFT] V_Motors: 28.284 V
[LIFT] V_Compute: 28.849 V
[LIFT] V_Motors: 28.279 V
[LIFT] V_Compute: 28.846 V
[LIFT] V_Motors: 28.285 V
[LIFT] V_Compute: 28.849 V
[LIFT] V_Motors: 28.288 V
[LIFT] V_Compute: 28.846 V
[LIFT] V_Motors: 28.288 V
[LIFT] V_Compute: 28.849 V
[LIFT] V_Motors: 28.286 V
[LIFT] V_Compute: 28.850 V
[LIFT] V_Motors: 28.284 V
[LIFT] V_Compute: 28.851 V
[LIFT] V_Motors: 28.275 V
[LIFT] V_Compute: 28.851 V
[LIFT] V_Motors: 28.274 V
[LIFT] V_Compute: 28.841 V
[LIFT] V_Motors: 28.282 V
[LIFT] V_Compute: 28.845 V
[LIFT] V_Motors: 28.277 V
[LIFT] V_Compute: 28.844 V
[LIFT] V_Motors: 28.274 V
[LIFT] V_Compute: 28.836 V
[LIFT] V_Motors: 28.274 V
[LIFT] V_Compute: 28.836 V
[LIFT] V_Motors: 28.279 V
[LIFT] V_Compute: 28.839 V
[LIFT] V_Motors: 28.269 V
[LIFT] V_Compute: 28.841 V
[LIFT] V_Motors: 28.277 V
[LIFT] V_Compute: 28.837 V
[LIFT] V_Motors: 28.272 V
[LIFT] V_Compute: 28.826 V
[LIFT] V_Motors: 28.260 V
[LIFT] V_Compute: 28.836 V
[LIFT] V_Motors: 28.277 V
[LIFT] V_Compute: 28.839 V
[LIFT] V_Motors: 28.277 V
[LIFT] V_Compute: 28.833 V
[LIFT] V_Motors: 28.274 V
[LIFT] V_Compute: 28.836 V
[LIFT] V_Motors: 28.270 V
[LIFT] V_Compute: 28.836 V
[LIFT] V_Motors: 28.267 V
[LIFT] V_Compute: 28.836 V
[LIFT] V_Motors: 28.269 V
[LIFT] V_Compute: 28.835 V
[LIFT] V_Motors: 28.269 V
[LIFT] V_Compute: 28.836 V
[LIFT] V_Motors: 28.267 V
[LIFT] V_Compute: 28.836 V
[LIFT] V_Motors: 28.267 V
[LIFT] V_Compute: 28.839 V
[LIFT] V_Motors: 28.274 V
[LIFT] V_Compute: 28.840 V
[LIFT] V_Motors: 28.270 V
[LIFT] V_Compute: 28.829 V
[LIFT] V_Motors: 28.269 V
[LIFT] V_Compute: 28.837 V
[LIFT] V_Motors: 28.271 V
[LIFT] V_Compute: 28.835 V
[LIFT] V_Motors: 28.275 V
[LIFT] V_Compute: 28.840 V
[LIFT] V_Motors: 28.271 V
[LIFT] V_Compute: 28.833 V
[LIFT] V_Motors: 28.265 V
[LIFT] V_Compute: 28.833 V
[LIFT] V_Motors: 28.275 V
[LIFT] V_Compute: 28.839 V
[LIFT] V_Motors: 28.272 V
SLAM pose subscriber initialized
[YOR] follow_path: n=24 first=(-0.01309999227523806, -0.0065000057220458984) last=(4.686900007724763, -0.6565000057220463)
[LIFT] V_Compute: 28.826 V
[LIFT] V_Motors: 28.211 V
[YOR] follow_path: n=23 first=(0.036900007724761985, -0.0065000057220458984) last=(4.686900007724763, -0.6565000057220463)
[LIFT] V_Compute: 28.835 V
[LIFT] V_Motors: 28.239 V
[YOR] follow_path: n=23 first=(0.186900007724762, 0.0062999725341796875) last=(4.686900007724763, -0.6437000274658207)
[LIFT] V_Compute: 28.830 V
[LIFT] V_Motors: 28.241 V
[YOR] follow_path: n=22 first=(0.3369000077247619, 0.009799957275390625) last=(4.686900007724763, -0.6402000427246097)
[LIFT] V_Compute: 28.835 V
[LIFT] V_Motors: 28.240 V
[LIFT] V_Compute: 28.840 V
[LIFT] V_Motors: 28.232 V
[YOR] follow_path: n=20 first=(0.636900007724762, 0.009799957275390625) last=(4.686900007724763, -0.6402000427246097)
[LIFT] V_Compute: 28.841 V
[LIFT] V_Motors: 28.245 V
[YOR] follow_path: n=20 first=(0.8369000077247619, 0.04600009918212855) last=(4.686900007724763, -0.6539999008178716)
[LIFT] V_Compute: 28.833 V
[LIFT] V_Motors: 28.241 V
[YOR] follow_path: n=19 first=(1.036900007724762, 0.02289991378784162) last=(4.686900007724763, -0.6271000862121587)
[LIFT] V_Compute: 28.836 V
[LIFT] V_Motors: 28.234 V
[YOR] follow_path: n=18 first=(1.186900007724762, 0.01249999999999929) last=(4.686900007724763, -0.6375000000000002)
[LIFT] V_Compute: 28.835 V
[LIFT] V_Motors: 28.216 V
[YOR] follow_path: n=17 first=(1.386900007724762, 0.01249999999999929) last=(4.686900007724763, -0.6375000000000002)
[LIFT] V_Compute: 28.840 V
[LIFT] V_Motors: 28.236 V
[YOR] follow_path: n=16 first=(1.586900007724762, -0.08750000000000036) last=(4.686900007724763, -0.6375000000000002)
[LIFT] V_Compute: 28.829 V
[LIFT] V_Motors: 28.234 V
[YOR] follow_path: n=15 first=(1.786900007724762, -0.13750000000000018) last=(4.686900007724763, -0.6375000000000002)
[LIFT] V_Compute: 28.839 V
[LIFT] V_Motors: 28.240 V
[YOR] follow_path: n=14 first=(1.9869000077247623, -0.13750000000000018) last=(4.686900007724763, -0.6375000000000002)
[LIFT] V_Compute: 28.839 V
[LIFT] V_Motors: 28.244 V
[YOR] follow_path: n=14 first=(2.186900007724762, -0.15590019226074237) last=(4.686900007724763, -0.6559001922607424)
[LIFT] V_Compute: 28.836 V
[LIFT] V_Motors: 28.239 V
[YOR] follow_path: n=13 first=(2.336900007724762, -0.20650000572204608) last=(4.686900007724763, -0.6565000057220463)
[LIFT] V_Compute: 28.833 V
[LIFT] V_Motors: 28.232 V
[YOR] follow_path: n=12 first=(2.5369000077247623, -0.20650000572204608) last=(4.686900007724763, -0.6565000057220463)
[LIFT] V_Compute: 28.822 V
[LIFT] V_Motors: 28.234 V
[YOR] follow_path: n=11 first=(2.7369000077247625, -0.20650000572204608) last=(4.686900007724763, -0.6565000057220463)
[LIFT] V_Compute: 28.837 V
[LIFT] V_Motors: 28.225 V
[YOR] follow_path: n=9 first=(2.886900007724762, -0.3065000057220466) last=(4.686900007724763, -0.6565000057220463)
[LIFT] V_Compute: 28.840 V
[LIFT] V_Motors: 28.226 V
[YOR] follow_path: n=9 first=(3.086900007724762, -0.35650000572204643) last=(4.686900007724763, -0.6565000057220463)
[LIFT] V_Compute: 28.839 V
[LIFT] V_Motors: 28.240 V
[LIFT] V_Compute: 28.834 V
[LIFT] V_Motors: 28.236 V
[YOR] follow_path: n=7 first=(3.2869000077247623, -0.35650000572204643) last=(4.686900007724763, -0.6565000057220463)
[LIFT] V_Compute: 28.837 V
[LIFT] V_Motors: 28.235 V
[YOR] follow_path: n=7 first=(3.4869000077247625, -0.40650000572204625) last=(4.686900007724763, -0.6565000057220463)
[LIFT] V_Compute: 28.830 V
[LIFT] V_Motors: 28.234 V
[YOR] follow_path: n=7 first=(3.636900007724762, -0.4565000057220461) last=(4.686900007724763, -0.6565000057220463)
[LIFT] V_Compute: 28.834 V
[LIFT] V_Motors: 28.222 V
[YOR] follow_path: n=6 first=(3.836900007724762, -0.4565000057220461) last=(4.686900007724763, -0.6565000057220463)
[LIFT] V_Compute: 28.827 V
[LIFT] V_Motors: 28.243 V
[YOR] follow_path: n=4 first=(3.9869000077247625, -0.5065000057220468) last=(4.686900007724763, -0.6565000057220463)
[LIFT] V_Compute: 28.827 V
[LIFT] V_Motors: 28.229 V
[YOR] follow_path: n=4 first=(4.186900007724763, -0.5565000057220466) last=(4.686900007724763, -0.6565000057220463)
[LIFT] V_Compute: 28.835 V
[LIFT] V_Motors: 28.224 V
[YOR] follow_path: n=2 first=(4.386900007724763, -0.5565000057220466) last=(4.686900007724763, -0.6565000057220463)
[LIFT] V_Compute: 28.831 V
[LIFT] V_Motors: 28.275 V
[YOR] follow_path: n=2 first=(4.536900007724762, -0.6065000057220464) last=(4.686900007724763, -0.6565000057220463)
[LIFT] V_Compute: 28.835 V
[LIFT] V_Motors: 28.260 V
[YOR] follow_path: n=1 first=(4.686900007724763, -0.6565000057220463) last=(4.686900007724763, -0.6565000057220463)
[LIFT] V_Compute: 28.839 V
[LIFT] V_Motors: 28.263 V
[YOR] follow_path: n=1 first=(4.686900007724763, -0.6565000057220463) last=(4.686900007724763, -0.6565000057220463)
[LIFT] V_Compute: 28.835 V
[LIFT] V_Motors: 28.265 V
[YOR] follow_path: n=1 first=(4.686900007724763, -0.6565000057220463) last=(4.686900007724763, -0.6565000057220463)
[LIFT] V_Compute: 28.822 V
[LIFT] V_Motors: 28.255 V
[YOR] follow_path: n=1 first=(4.686900007724763, -0.6565000057220463) last=(4.686900007724763, -0.6565000057220463)
[LIFT] V_Compute: 28.831 V
[LIFT] V_Motors: 28.257 V
[YOR] follow_path: n=1 first=(4.686900007724763, -0.6565000057220463) last=(4.686900007724763, -0.6565000057220463)
[LIFT] V_Compute: 28.825 V
[LIFT] V_Motors: 28.256 V
[YOR] follow_path: n=1 first=(4.686900007724763, -0.6565000057220463) last=(4.686900007724763, -0.6565000057220463)
[LIFT] V_Compute: 28.835 V
[LIFT] V_Motors: 28.265 V
[YOR] follow_path: n=1 first=(4.686900007724763, -0.6565000057220463) last=(4.686900007724763, -0.6565000057220463)
[LIFT] V_Compute: 28.833 V
[LIFT] V_Motors: 28.270 V
[YOR] follow_path: n=1 first=(4.686900007724763, -0.6565000057220463) last=(4.686900007724763, -0.6565000057220463)
[LIFT] V_Compute: 28.839 V
[LIFT] V_Motors: 28.266 V
[YOR] follow_path: n=1 first=(4.686900007724763, -0.6565000057220463) last=(4.686900007724763, -0.6565000057220463)
[LIFT] V_Compute: 28.835 V
[LIFT] V_Motors: 28.261 V
[LIFT] V_Compute: 28.827 V
[LIFT] V_Motors: 28.265 V
[YOR] follow_path: n=1 first=(4.686900007724763, -0.6565000057220463) last=(4.686900007724763, -0.6565000057220463)
[LIFT] V_Compute: 28.835 V
[LIFT] V_Motors: 28.266 V
[YOR] follow_path: n=1 first=(4.686900007724763, -0.6565000057220463) last=(4.686900007724763, -0.6565000057220463)
[LIFT] V_Compute: 28.837 V
[LIFT] V_Motors: 28.267 V
[YOR] follow_path: n=1 first=(4.686900007724763, -0.6565000057220463) last=(4.686900007724763, -0.6565000057220463)
[LIFT] V_Compute: 28.829 V
[LIFT] V_Motors: 28.264 V
[YOR] follow_path: n=1 first=(4.686900007724763, -0.6565000057220463) last=(4.686900007724763, -0.6565000057220463)
[LIFT] V_Compute: 28.837 V
[LIFT] V_Motors: 28.272 V
[YOR] follow_path: n=1 first=(4.686900007724763, -0.6565000057220463) last=(4.686900007724763, -0.6565000057220463)
[LIFT] V_Compute: 28.831 V
[LIFT] V_Motors: 28.263 V
[YOR] follow_path: n=1 first=(4.686900007724763, -0.6565000057220463) last=(4.686900007724763, -0.6565000057220463)
[LIFT] V_Compute: 28.831 V
[LIFT] V_Motors: 28.265 V
[YOR] follow_path: n=1 first=(4.686900007724763, -0.6565000057220463) last=(4.686900007724763, -0.6565000057220463)
[LIFT] V_Compute: 28.831 V
[LIFT] V_Motors: 28.261 V
[YOR] follow_path: n=1 first=(4.686900007724763, -0.6565000057220463) last=(4.686900007724763, -0.6565000057220463)
[LIFT] V_Compute: 28.834 V
[LIFT] V_Motors: 28.269 V
[YOR] follow_path: n=1 first=(4.686900007724763, -0.6565000057220463) last=(4.686900007724763, -0.6565000057220463)
[LIFT] V_Compute: 28.833 V
[LIFT] V_Motors: 28.263 V
[YOR] follow_path: n=1 first=(4.686900007724763, -0.6565000057220463) last=(4.686900007724763, -0.6565000057220463)
[LIFT] V_Compute: 28.836 V
[LIFT] V_Motors: 28.266 V
[YOR] follow_path: n=1 first=(4.686900007724763, -0.6565000057220463) last=(4.686900007724763, -0.6565000057220463)
[LIFT] V_Compute: 28.833 V
[LIFT] V_Motors: 28.265 V
[YOR] follow_path: n=1 first=(4.686900007724763, -0.6565000057220463) last=(4.686900007724763, -0.6565000057220463)
[LIFT] V_Compute: 28.830 V
[LIFT] V_Motors: 28.266 V
[YOR] follow_path: n=1 first=(4.686900007724763, -0.6565000057220463) last=(4.686900007724763, -0.6565000057220463)
[LIFT] V_Compute: 28.837 V
[LIFT] V_Motors: 28.266 V
[YOR] follow_path: n=1 first=(4.686900007724763, -0.6565000057220463) last=(4.686900007724763, -0.6565000057220463)
[LIFT] V_Compute: 28.833 V
[LIFT] V_Motors: 28.269 V
[YOR] follow_path: n=1 first=(4.686900007724763, -0.6565000057220463) last=(4.686900007724763, -0.6565000057220463)
[LIFT] V_Compute: 28.830 V
[LIFT] V_Motors: 28.261 V
[LIFT] V_Compute: 28.835 V
[LIFT] V_Motors: 28.257 V
[YOR] follow_path: n=1 first=(4.686900007724763, -0.6565000057220463) last=(4.686900007724763, -0.6565000057220463)
[LIFT] V_Compute: 28.833 V
[LIFT] V_Motors: 28.260 V
[YOR] follow_path: n=1 first=(4.686900007724763, -0.6565000057220463) last=(4.686900007724763, -0.6565000057220463)
[LIFT] V_Compute: 28.836 V
[LIFT] V_Motors: 28.266 V
[YOR] follow_path: n=1 first=(4.686900007724763, -0.6565000057220463) last=(4.686900007724763, -0.6565000057220463)
[LIFT] V_Compute: 28.834 V
[LIFT] V_Motors: 28.265 V
[YOR] follow_path: n=1 first=(4.686900007724763, -0.6565000057220463) last=(4.686900007724763, -0.6565000057220463)
[LIFT] V_Compute: 28.835 V
[LIFT] V_Motors: 28.263 V
[YOR] follow_path: n=1 first=(4.686900007724763, -0.6565000057220463) last=(4.686900007724763, -0.6565000057220463)
[LIFT] V_Compute: 28.839 V
[LIFT] V_Motors: 28.264 V
[YOR] follow_path: n=1 first=(4.686900007724763, -0.6565000057220463) last=(4.686900007724763, -0.6565000057220463)
[LIFT] V_Compute: 28.836 V
[LIFT] V_Motors: 28.264 V
[YOR] follow_path: n=1 first=(4.686900007724763, -0.6565000057220463) last=(4.686900007724763, -0.6565000057220463)
[LIFT] V_Compute: 28.835 V
[LIFT] V_Motors: 28.259 V
[YOR] follow_path: n=1 first=(4.686900007724763, -0.6565000057220463) last=(4.686900007724763, -0.6565000057220463)
[LIFT] V_Compute: 28.835 V
[LIFT] V_Motors: 28.267 V
[YOR] follow_path: n=1 first=(4.686900007724763, -0.6565000057220463) last=(4.686900007724763, -0.6565000057220463)
[LIFT] V_Compute: 28.830 V
[LIFT] V_Motors: 28.259 V
[YOR] follow_path: n=1 first=(4.686900007724763, -0.6565000057220463) last=(4.686900007724763, -0.6565000057220463)
[LIFT] V_Compute: 28.834 V
[LIFT] V_Motors: 28.265 V
[YOR] follow_path: n=1 first=(4.686900007724763, -0.6565000057220463) last=(4.686900007724763, -0.6565000057220463)
[LIFT] V_Compute: 28.835 V
[LIFT] V_Motors: 28.264 V
[YOR] follow_path: n=1 first=(4.686900007724763, -0.6565000057220463) last=(4.686900007724763, -0.6565000057220463)
[LIFT] V_Compute: 28.839 V
[LIFT] V_Motors: 28.269 V
[YOR] follow_path: n=1 first=(4.686900007724763, -0.6565000057220463) last=(4.686900007724763, -0.6565000057220463)
[LIFT] V_Compute: 28.833 V
[LIFT] V_Motors: 28.267 V
[YOR] follow_path: n=1 first=(4.686900007724763, -0.6565000057220463) last=(4.686900007724763, -0.6565000057220463)
[LIFT] V_Compute: 28.827 V
[LIFT] V_Motors: 28.269 V
[YOR] follow_path: n=1 first=(4.686900007724763, -0.6565000057220463) last=(4.686900007724763, -0.6565000057220463)
[LIFT] V_Compute: 28.827 V
[LIFT] V_Motors: 28.257 V
[YOR] follow_path: n=1 first=(4.686900007724763, -0.6565000057220463) last=(4.686900007724763, -0.6565000057220463)
[LIFT] V_Compute: 28.836 V
[LIFT] V_Motors: 28.264 V
[YOR] follow_path: n=1 first=(4.686900007724763, -0.6565000057220463) last=(4.686900007724763, -0.6565000057220463)
[LIFT] V_Compute: 28.836 V
[LIFT] V_Motors: 28.267 V
[YOR] follow_path: n=1 first=(4.686900007724763, -0.6565000057220463) last=(4.686900007724763, -0.6565000057220463)
[LIFT] V_Compute: 28.831 V
[LIFT] V_Motors: 28.265 V
[YOR] follow_path: cleared
[LIFT] V_Compute: 28.833 V
[LIFT] V_Motors: 28.264 V
[LIFT] V_Compute: 28.834 V
[LIFT] V_Motors: 28.267 V
[LIFT] V_Compute: 28.836 V
[LIFT] V_Motors: 28.265 V
[YOR] follow_path: n=24 first=(4.686900007724763, -0.6565000057220463) last=(-0.01309999227523806, -0.0065000057220458984)
[LIFT] V_Compute: 28.836 V
[LIFT] V_Motors: 28.212 V
[YOR] follow_path: n=24 first=(4.686900007724763, -0.6565000057220463) last=(-0.01309999227523806, -0.0065000057220458984)
[LIFT] V_Compute: 28.831 V
[LIFT] V_Motors: 28.243 V
[LIFT] V_Compute: 28.827 V
[LIFT] V_Motors: 28.241 V
[YOR] follow_path: n=23 first=(4.636900007724763, -0.7565000057220468) last=(-0.01309999227523806, -0.0065000057220458984)
[LIFT] V_Compute: 28.830 V
[LIFT] V_Motors: 28.237 V
[YOR] follow_path: n=23 first=(4.586900007724762, -0.7565000057220468) last=(-0.01309999227523806, -0.0065000057220458984)
[LIFT] V_Compute: 28.835 V
[LIFT] V_Motors: 28.241 V
[YOR] follow_path: n=22 first=(4.4869000077247625, -0.8065000057220466) last=(-0.01309999227523806, -0.0065000057220458984)
[LIFT] V_Compute: 28.834 V
[LIFT] V_Motors: 28.241 V
[YOR] follow_path: n=23 first=(4.441100001335145, -0.7565000057220468) last=(-0.008899998664855913, -0.0065000057220458984)
[LIFT] V_Compute: 28.834 V
[LIFT] V_Motors: 28.243 V
[YOR] follow_path: n=23 first=(4.422799992561341, -0.7065000057220461) last=(0.022799992561340465, -0.0065000057220458984)
[LIFT] V_Compute: 28.835 V
[LIFT] V_Motors: 28.257 V
[YOR] follow_path: n=21 first=(4.372799992561341, -0.7065000057220461) last=(0.022799992561340465, -0.0065000057220458984)
[LIFT] V_Compute: 28.834 V
[LIFT] V_Motors: 28.263 V
[YOR] follow_path: n=23 first=(4.409700024127961, -0.7065000057220461) last=(0.009700024127960338, -0.0065000057220458984)
[LIFT] V_Compute: 28.822 V
[LIFT] V_Motors: 28.264 V
[YOR] follow_path: n=22 first=(4.39119999408722, -0.7065000057220461) last=(-0.008800005912780628, -0.0065000057220458984)
[LIFT] V_Compute: 28.827 V
[LIFT] V_Motors: 28.226 V
[YOR] follow_path: n=22 first=(4.34119999408722, -0.7065000057220461) last=(-0.008800005912780628, -0.0065000057220458984)
[LIFT] V_Compute: 28.835 V
[LIFT] V_Motors: 28.225 V
[YOR] follow_path: n=22 first=(4.195399999618531, -0.5565000057220466) last=(-0.004600000381469682, -0.0065000057220458984)
[LIFT] V_Compute: 28.835 V
[LIFT] V_Motors: 28.184 V
[YOR] follow_path: n=21 first=(4.042900025844575, -0.6565000057220463) last=(-0.00709997415542607, -0.0065000057220458984)
[LIFT] V_Compute: 28.830 V
[LIFT] V_Motors: 28.212 V
[YOR] follow_path: n=19 first=(3.905200016498566, -0.6065000057220464) last=(0.005200016498565718, -0.0065000057220458984)
[LIFT] V_Compute: 28.833 V
[LIFT] V_Motors: 28.237 V
[YOR] follow_path: n=20 first=(3.730499982833863, -0.6065000057220464) last=(-0.019500017166137695, -0.0065000057220458984)
[LIFT] V_Compute: 28.837 V
[LIFT] V_Motors: 28.221 V
[YOR] follow_path: n=19 first=(3.4812000036239628, -0.6065000057220464) last=(-0.018799996376037242, -0.0065000057220458984)
[LIFT] V_Compute: 28.821 V
[LIFT] V_Motors: 28.232 V
[LIFT] V_Compute: 28.824 V
[LIFT] V_Motors: 28.219 V
[YOR] follow_path: n=18 first=(3.3183000087738046, -0.5065000057220468) last=(0.01830000877380389, -0.0065000057220458984)
[LIFT] V_Compute: 28.833 V
[LIFT] V_Motors: 28.229 V
[YOR] follow_path: n=17 first=(3.1243000745773317, -0.4565000057220461) last=(0.024300074577332076, -0.0065000057220458984)
[LIFT] V_Compute: 28.827 V
[LIFT] V_Motors: 28.235 V
[YOR] follow_path: n=14 first=(2.952000093460083, -0.5065000057220468) last=(0.002000093460083452, -0.0065000057220458984)
[LIFT] V_Compute: 28.826 V
[LIFT] V_Motors: 28.235 V
[YOR] follow_path: n=15 first=(2.7757001399993904, -0.433500051498414) last=(-0.024299860000609907, 0.016499948501586204)
[LIFT] V_Compute: 28.829 V
[LIFT] V_Motors: 28.229 V
[YOR] follow_path: n=14 first=(2.5733001232147226, -0.3451002120971687) last=(0.023300123214721857, 0.004899787902831854)
[LIFT] V_Compute: 28.827 V
[LIFT] V_Motors: 28.225 V
[YOR] follow_path: n=13 first=(2.3763999462127687, -0.3951002120971685) last=(-0.02360005378723118, 0.004899787902831854)
[LIFT] V_Compute: 28.830 V
[LIFT] V_Motors: 28.234 V
[YOR] follow_path: n=12 first=(2.1970001697540287, -0.3451002120971687) last=(-0.002999830245971502, 0.004899787902831854)
[LIFT] V_Compute: 28.826 V
[LIFT] V_Motors: 28.220 V
[YOR] follow_path: n=11 first=(1.9661001682281496, -0.3951002120971685) last=(0.016100168228149858, 0.004899787902831854)
[LIFT] V_Compute: 28.822 V
[LIFT] V_Motors: 28.230 V
[YOR] follow_path: n=10 first=(1.7833000183105474, -0.3576999664306646) last=(-0.01669998168945286, -0.007699966430664951)
[LIFT] V_Compute: 28.821 V
[LIFT] V_Motors: 28.228 V
[YOR] follow_path: n=9 first=(1.5768002033233648, -0.29890022277832085) last=(-0.023199796676635742, 0.001099777221678977)
[LIFT] V_Compute: 28.822 V
[LIFT] V_Motors: 28.232 V
[YOR] follow_path: n=8 first=(1.3997001647949228, -0.29890022277832085) last=(-0.0002998352050775921, 0.001099777221678977)
[LIFT] V_Compute: 28.825 V
[LIFT] V_Motors: 28.224 V
[LIFT] V_Compute: 28.827 V
[LIFT] V_Motors: 28.239 V
[YOR] follow_path: n=7 first=(1.188600015640259, -0.24890022277832102) last=(-0.011399984359741211, 0.001099777221678977)
[LIFT] V_Compute: 28.835 V
[LIFT] V_Motors: 28.225 V
[YOR] follow_path: n=6 first=(0.9635000228881845, -0.1989002227783212) last=(0.013500022888184304, 0.001099777221678977)
[LIFT] V_Compute: 28.819 V
[LIFT] V_Motors: 28.240 V
[YOR] follow_path: n=5 first=(0.7635000228881843, -0.16090006828308123) last=(0.013500022888184304, -0.010900068283081765)
[LIFT] V_Compute: 28.810 V
[LIFT] V_Motors: 28.222 V
[YOR] follow_path: n=4 first=(0.6167000770568851, -0.15650000572204625) last=(0.016700077056885476, -0.0065000057220458984)
[LIFT] V_Compute: 28.826 V
[LIFT] V_Motors: 28.226 V
[YOR] follow_path: n=3 first=(0.4141001224517824, -0.10650000572204643) last=(0.014100122451782937, -0.0065000057220458984)
[LIFT] V_Compute: 28.831 V
[LIFT] V_Motors: 28.222 V
[LIFT] V_Compute: 28.831 V
[LIFT] V_Motors: 28.239 V
[LIFT] V_Compute: 28.824 V
[LIFT] V_Motors: 28.236 V
[LIFT] V_Compute: 28.825 V
[LIFT] V_Motors: 28.234 V
[LIFT] V_Compute: 28.834 V
[LIFT] V_Motors: 28.234 V
[LIFT] V_Compute: 28.826 V
[LIFT] V_Motors: 28.236 V
[LIFT] V_Compute: 28.812 V
[LIFT] V_Motors: 28.257 V
[LIFT] V_Compute: 28.819 V
[LIFT] V_Motors: 28.225 V
[LIFT] V_Compute: 28.829 V
[LIFT] V_Motors: 28.259 V
[LIFT] V_Compute: 28.831 V
[LIFT] V_Motors: 28.251 V
[LIFT] V_Compute: 28.829 V
[LIFT] V_Motors: 28.212 V
[LIFT] V_Compute: 28.834 V
[LIFT] V_Motors: 28.218 V
[LIFT] V_Compute: 28.825 V
[LIFT] V_Motors: 28.257 V
[LIFT] V_Compute: 28.834 V
[LIFT] V_Motors: 28.247 V
[LIFT] V_Compute: 28.831 V
[LIFT] V_Motors: 28.260 V
[YOR] follow_path: cleared
[LIFT] V_Compute: 28.833 V
[LIFT] V_Motors: 28.263 V
[LIFT] V_Compute: 28.831 V
[LIFT] V_Motors: 28.259 V
[LIFT] V_Compute: 28.831 V
[LIFT] V_Motors: 28.260 V
[LIFT] V_Compute: 28.830 V
[LIFT] V_Motors: 28.256 V
[LIFT] V_Compute: 28.830 V
[LIFT] V_Motors: 28.261 V
[LIFT] V_Compute: 28.834 V
[LIFT] V_Motors: 28.263 V
[LIFT] V_Compute: 28.830 V
[LIFT] V_Motors: 28.256 V
[LIFT] V_Compute: 28.824 V
[LIFT] V_Motors: 28.261 V
[YOR] follow_path: n=24 first=(0.00790014266967809, 0.001599979400634055) last=(4.657900142669678, -0.6484000205993654)
[LIFT] V_Compute: 28.820 V
[LIFT] V_Motors: 28.228 V
[LIFT] V_Compute: 28.834 V
[LIFT] V_Motors: 28.218 V
[YOR] follow_path: n=23 first=(0.05790014266967791, 0.001599979400634055) last=(4.657900142669678, -0.6484000205993654)
[LIFT] V_Compute: 28.835 V
[LIFT] V_Motors: 28.235 V
[YOR] follow_path: n=22 first=(0.20790014266967827, 0.001599979400634055) last=(4.657900142669678, -0.6484000205993654)
[LIFT] V_Compute: 28.826 V
[LIFT] V_Motors: 28.222 V
[YOR] follow_path: n=22 first=(0.45790014266967827, 0.02239990234375) last=(4.657900142669678, -0.6776000976562502)
[LIFT] V_Compute: 28.824 V
[LIFT] V_Motors: 28.232 V
[YOR] follow_path: n=21 first=(0.6079001426696786, 0.02239990234375) last=(4.657900142669678, -0.6776000976562502)
[LIFT] V_Compute: 28.831 V
[LIFT] V_Motors: 28.230 V
[YOR] follow_path: n=20 first=(0.8079001426696779, 0.04059991836547816) last=(4.657900142669678, -0.659400081634522)
[LIFT] V_Compute: 28.831 V
[LIFT] V_Motors: 28.230 V
[YOR] follow_path: n=19 first=(1.007900142669678, 0.01840000152587873) last=(4.657900142669678, -0.6815999984741214)
[LIFT] V_Compute: 28.826 V
[LIFT] V_Motors: 28.220 V
[YOR] follow_path: n=18 first=(1.1579001426696784, 0.01840000152587873) last=(4.657900142669678, -0.6815999984741214)
[LIFT] V_Compute: 28.821 V
[LIFT] V_Motors: 28.190 V
[YOR] follow_path: n=18 first=(1.3579001426696786, -0.03159999847412198) last=(4.657900142669678, -0.6815999984741214)
[LIFT] V_Compute: 28.808 V
[LIFT] V_Motors: 28.216 V
[YOR] follow_path: n=17 first=(1.507900142669678, -0.0815999984741218) last=(4.657900142669678, -0.6815999984741214)
[LIFT] V_Compute: 28.822 V
[LIFT] V_Motors: 28.221 V
[YOR] follow_path: n=16 first=(1.7079001426696783, -0.15980014801025444) last=(4.657900142669678, -0.6598001480102544)
[LIFT] V_Compute: 28.826 V
[LIFT] V_Motors: 28.231 V
[YOR] follow_path: n=14 first=(1.9079001426696784, -0.14160008430480975) last=(4.657900142669678, -0.6416000843048097)
[LIFT] V_Compute: 28.825 V
[LIFT] V_Motors: 28.221 V
[YOR] follow_path: n=14 first=(2.1079001426696786, -0.19160008430481046) last=(4.657900142669678, -0.6416000843048097)
[LIFT] V_Compute: 28.821 V
[LIFT] V_Motors: 28.232 V
[YOR] follow_path: n=13 first=(2.307900142669678, -0.20650000572204608) last=(4.657900142669678, -0.6565000057220463)
[LIFT] V_Compute: 28.825 V
[LIFT] V_Motors: 28.186 V
[YOR] follow_path: n=13 first=(2.4579001426696783, -0.20650000572204608) last=(4.657900142669678, -0.6565000057220463)
[LIFT] V_Compute: 28.830 V
[LIFT] V_Motors: 28.206 V
[YOR] follow_path: n=12 first=(2.6079001426696786, -0.2565000057220468) last=(4.657900142669678, -0.6565000057220463)
[LIFT] V_Compute: 28.837 V
[LIFT] V_Motors: 28.197 V
[YOR] follow_path: n=10 first=(2.807900142669678, -0.2565000057220468) last=(4.657900142669678, -0.6565000057220463)
[LIFT] V_Compute: 28.833 V
[LIFT] V_Motors: 28.205 V
[YOR] follow_path: n=10 first=(3.007900142669678, -0.3065000057220466) last=(4.657900142669678, -0.6565000057220463)
[LIFT] V_Compute: 28.836 V
[LIFT] V_Motors: 28.226 V
[YOR] follow_path: n=9 first=(3.2079001426696783, -0.40650000572204625) last=(4.657900142669678, -0.6565000057220463)
[LIFT] V_Compute: 28.822 V
[LIFT] V_Motors: 28.234 V
[YOR] follow_path: n=8 first=(3.3579001426696786, -0.40650000572204625) last=(4.657900142669678, -0.6565000057220463)
[LIFT] V_Compute: 28.829 V
[LIFT] V_Motors: 28.225 V
[LIFT] V_Compute: 28.830 V
[LIFT] V_Motors: 28.226 V
[YOR] follow_path: n=6 first=(3.557900142669678, -0.4565000057220461) last=(4.657900142669678, -0.6565000057220463)
[LIFT] V_Compute: 28.830 V
[LIFT] V_Motors: 28.228 V
[YOR] follow_path: n=6 first=(3.7079001426696783, -0.4565000057220461) last=(4.657900142669678, -0.6565000057220463)
[LIFT] V_Compute: 28.830 V
[LIFT] V_Motors: 28.222 V
[YOR] follow_path: n=5 first=(3.9079001426696776, -0.5065000057220468) last=(4.657900142669678, -0.6565000057220463)
[LIFT] V_Compute: 28.816 V
[LIFT] V_Motors: 28.212 V
[YOR] follow_path: n=4 first=(4.057900142669678, -0.5065000057220468) last=(4.657900142669678, -0.6565000057220463)
[LIFT] V_Compute: 28.833 V
[LIFT] V_Motors: 28.221 V
[YOR] follow_path: n=3 first=(4.257900142669679, -0.6065000057220464) last=(4.657900142669678, -0.6565000057220463)
[LIFT] V_Compute: 28.816 V
[LIFT] V_Motors: 28.222 V
[LIFT] V_Compute: 28.821 V
[LIFT] V_Motors: 28.221 V
[YOR] follow_path: cleared
[LIFT] V_Compute: 28.833 V
[LIFT] V_Motors: 28.253 V
[LIFT] V_Compute: 28.830 V
[LIFT] V_Motors: 28.250 V
[LIFT] V_Compute: 28.834 V
[LIFT] V_Motors: 28.254 V
[LIFT] V_Compute: 28.826 V
[LIFT] V_Motors: 28.249 V
[LIFT] V_Compute: 28.829 V
[LIFT] V_Motors: 28.256 V
[LIFT] V_Compute: 28.831 V
[LIFT] V_Motors: 28.259 V
[LIFT] V_Compute: 28.829 V
[LIFT] V_Motors: 28.257 V
[LIFT] V_Compute: 28.836 V
[LIFT] V_Motors: 28.256 V
[LIFT] V_Compute: 28.827 V
[LIFT] V_Motors: 28.254 V
[LIFT] V_Compute: 28.833 V
[LIFT] V_Motors: 28.256 V
[LIFT] V_Compute: 28.826 V
[LIFT] V_Motors: 28.263 V
[LIFT] V_Compute: 28.827 V
[LIFT] V_Motors: 28.254 V
[YOR] follow_path: n=24 first=(4.657900142669678, -0.6565000057220463) last=(0.00790014266967809, -0.0065000057220458984)
[LIFT] V_Compute: 28.829 V
[LIFT] V_Motors: 28.199 V
[YOR] follow_path: n=24 first=(4.657900142669678, -0.6565000057220463) last=(0.00790014266967809, -0.0065000057220458984)
[LIFT] V_Compute: 28.829 V
[LIFT] V_Motors: 28.237 V
[YOR] follow_path: n=23 first=(4.607900142669679, -0.7065000057220461) last=(0.00790014266967809, -0.0065000057220458984)
[LIFT] V_Compute: 28.829 V
[LIFT] V_Motors: 28.236 V
[YOR] follow_path: n=23 first=(4.557900142669678, -0.7565000057220468) last=(0.00790014266967809, -0.0065000057220458984)
[LIFT] V_Compute: 28.824 V
[LIFT] V_Motors: 28.226 V
[LIFT] V_Compute: 28.826 V
[LIFT] V_Motors: 28.234 V
[YOR] follow_path: n=22 first=(4.507900142669679, -0.8065000057220466) last=(0.00790014266967809, -0.0065000057220458984)
[LIFT] V_Compute: 28.821 V
[LIFT] V_Motors: 28.244 V
[YOR] follow_path: n=23 first=(4.457900142669678, -0.7565000057220468) last=(0.00790014266967809, -0.0065000057220458984)
[LIFT] V_Compute: 28.825 V
[LIFT] V_Motors: 28.245 V
[YOR] follow_path: n=22 first=(4.407900142669678, -0.7565000057220468) last=(0.00790014266967809, -0.0065000057220458984)
[LIFT] V_Compute: 28.830 V
[LIFT] V_Motors: 28.251 V
[YOR] follow_path: n=21 first=(4.357900142669679, -0.7065000057220461) last=(0.00790014266967809, -0.0065000057220458984)
[LIFT] V_Compute: 28.817 V
[LIFT] V_Motors: 28.243 V
[YOR] follow_path: n=22 first=(4.357900142669679, -0.7065000057220461) last=(0.00790014266967809, -0.0065000057220458984)
[LIFT] V_Compute: 28.822 V
[LIFT] V_Motors: 28.216 V
[YOR] follow_path: n=21 first=(4.357900142669679, -0.7065000057220461) last=(0.00790014266967809, -0.0065000057220458984)
[LIFT] V_Compute: 28.830 V
[LIFT] V_Motors: 28.219 V
[YOR] follow_path: n=20 first=(4.257900142669679, -0.7065000057220461) last=(0.00790014266967809, -0.0065000057220458984)
[LIFT] V_Compute: 28.830 V
[LIFT] V_Motors: 28.218 V
[YOR] follow_path: n=19 first=(4.007900142669679, -0.7065000057220461) last=(0.00790014266967809, -0.0065000057220458984)
[LIFT] V_Compute: 28.822 V
[LIFT] V_Motors: 28.232 V
[YOR] follow_path: n=19 first=(3.8579001426696786, -0.7065000057220461) last=(0.00790014266967809, -0.0065000057220458984)
[LIFT] V_Compute: 28.815 V
[LIFT] V_Motors: 28.205 V
[YOR] follow_path: n=19 first=(3.6079001426696786, -0.7065000057220461) last=(0.00790014266967809, -0.0065000057220458984)
[LIFT] V_Compute: 28.811 V
[LIFT] V_Motors: 28.206 V
[YOR] follow_path: n=18 first=(3.4579001426696783, -0.6065000057220464) last=(0.00790014266967809, -0.0065000057220458984)
[LIFT] V_Compute: 28.830 V
[LIFT] V_Motors: 28.222 V
[YOR] follow_path: n=18 first=(3.257900142669678, -0.5065000057220468) last=(0.00790014266967809, -0.0065000057220458984)
[LIFT] V_Compute: 28.824 V
[LIFT] V_Motors: 28.222 V
[YOR] follow_path: n=17 first=(3.057900142669678, -0.5065000057220468) last=(0.00790014266967809, -0.0065000057220458984)
[LIFT] V_Compute: 28.833 V
[LIFT] V_Motors: 28.226 V
[YOR] follow_path: n=16 first=(2.9079001426696784, -0.4940000057220466) last=(0.00790014266967809, 0.005999994277953391)
[LIFT] V_Compute: 28.826 V
[LIFT] V_Motors: 28.224 V
[YOR] follow_path: n=14 first=(2.6579001426696784, -0.43230013847351145) last=(0.00790014266967809, 0.017699861526488725)
[LIFT] V_Compute: 28.815 V
[LIFT] V_Motors: 28.216 V
[YOR] follow_path: n=14 first=(2.507900142669678, -0.43230013847351145) last=(0.00790014266967809, 0.017699861526488725)
[LIFT] V_Compute: 28.819 V
[LIFT] V_Motors: 28.226 V
[YOR] follow_path: n=12 first=(2.307900142669678, -0.43230013847351145) last=(0.00790014266967809, 0.017699861526488725)
[LIFT] V_Compute: 28.819 V
[LIFT] V_Motors: 28.229 V
[YOR] follow_path: n=12 first=(2.1079001426696786, -0.3551001548767099) last=(0.00790014266967809, -0.00510015487670934)
[LIFT] V_Compute: 28.816 V
[LIFT] V_Motors: 28.215 V
[YOR] follow_path: n=10 first=(1.9579001426696783, -0.3551001548767099) last=(0.00790014266967809, -0.00510015487670934)
[LIFT] V_Compute: 28.819 V
[LIFT] V_Motors: 28.226 V
[YOR] follow_path: n=10 first=(1.757900142669678, -0.3754001617431646) last=(0.00790014266967809, -0.02540016174316495)
[LIFT] V_Compute: 28.825 V
[LIFT] V_Motors: 28.224 V
[LIFT] V_Compute: 28.815 V
[LIFT] V_Motors: 28.218 V
[YOR] follow_path: n=9 first=(1.6079001426696786, -0.3254001617431648) last=(0.00790014266967809, -0.02540016174316495)
[LIFT] V_Compute: 28.829 V
[LIFT] V_Motors: 28.211 V
[YOR] follow_path: n=8 first=(1.4079001426696784, -0.3254001617431648) last=(0.00790014266967809, -0.02540016174316495)
[LIFT] V_Compute: 28.822 V
[LIFT] V_Motors: 28.225 V
[YOR] follow_path: n=7 first=(1.1766001224517826, -0.27540016174316495) last=(-0.023399877548217596, -0.02540016174316495)
[LIFT] V_Compute: 28.825 V
[LIFT] V_Motors: 28.215 V
[YOR] follow_path: n=6 first=(0.9929001331329355, -0.243400287628174) last=(-0.00709986686706543, 0.006599712371825994)
[LIFT] V_Compute: 28.821 V
[LIFT] V_Motors: 28.218 V
[YOR] follow_path: n=5 first=(0.7929001331329353, -0.17780017852783292) last=(-0.00709986686706543, 0.022199821472167258)
[LIFT] V_Compute: 28.815 V
[LIFT] V_Motors: 28.212 V
[YOR] follow_path: n=4 first=(0.6066001415252691, -0.10650000572204643) last=(0.006600141525268555, -0.0065000057220458984)
[LIFT] V_Compute: 28.829 V
[LIFT] V_Motors: 28.222 V
[YOR] follow_path: n=4 first=(0.4547001838684084, -0.10650000572204643) last=(0.004700183868408203, -0.0065000057220458984)
[LIFT] V_Compute: 28.820 V
[LIFT] V_Motors: 28.216 V
[LIFT] V_Compute: 28.816 V
[LIFT] V_Motors: 28.234 V
[LIFT] V_Compute: 28.804 V
[LIFT] V_Motors: 28.212 V
[LIFT] V_Compute: 28.824 V
[LIFT] V_Motors: 28.226 V
[LIFT] V_Compute: 28.814 V
[LIFT] V_Motors: 28.225 V
[LIFT] V_Compute: 28.827 V
[LIFT] V_Motors: 28.225 V
[LIFT] V_Compute: 28.819 V
[LIFT] V_Motors: 28.235 V
[LIFT] V_Compute: 28.826 V
[LIFT] V_Motors: 28.243 V
[LIFT] V_Compute: 28.821 V
[LIFT] V_Motors: 28.236 V
[LIFT] V_Compute: 28.817 V
[LIFT] V_Motors: 28.250 V
[LIFT] V_Compute: 28.819 V
[LIFT] V_Motors: 28.243 V
[LIFT] V_Compute: 28.821 V
[LIFT] V_Motors: 28.205 V
[LIFT] V_Compute: 28.817 V
[LIFT] V_Motors: 28.219 V
[LIFT] V_Compute: 28.816 V
[LIFT] V_Motors: 28.232 V
[LIFT] V_Compute: 28.817 V
[LIFT] V_Motors: 28.229 V
[YOR] follow_path: cleared
[LIFT] V_Compute: 28.819 V
[LIFT] V_Motors: 28.241 V
[LIFT] V_Compute: 28.815 V
[LIFT] V_Motors: 28.246 V
[LIFT] V_Compute: 28.825 V
[LIFT] V_Motors: 28.254 V
[LIFT] V_Compute: 28.821 V
[LIFT] V_Motors: 28.246 V
[LIFT] V_Compute: 28.829 V
[LIFT] V_Motors: 28.255 V
[LIFT] V_Compute: 28.811 V
[LIFT] V_Motors: 28.235 V
[LIFT] V_Compute: 28.822 V
[LIFT] V_Motors: 28.256 V
[LIFT] V_Compute: 28.806 V
[LIFT] V_Motors: 28.231 V
[LIFT] V_Compute: 28.819 V
[LIFT] V_Motors: 28.249 V
[YOR] follow_path: n=24 first=(0.00790014266967809, 0.0055000305175774145) last=(4.657900142669678, -0.644499969482422)
[LIFT] V_Compute: 28.812 V
[LIFT] V_Motors: 28.204 V
[YOR] follow_path: n=23 first=(0.05790014266967791, 0.0055000305175774145) last=(4.657900142669678, -0.644499969482422)
[LIFT] V_Compute: 28.821 V
[LIFT] V_Motors: 28.225 V
[YOR] follow_path: n=22 first=(0.20790014266967827, 0.0055000305175774145) last=(4.657900142669678, -0.644499969482422)
[LIFT] V_Compute: 28.811 V
[LIFT] V_Motors: 28.214 V
[YOR] follow_path: n=22 first=(0.40790014266967844, 0.0055000305175774145) last=(4.657900142669678, -0.644499969482422)
[LIFT] V_Compute: 28.829 V
[LIFT] V_Motors: 28.215 V
[YOR] follow_path: n=20 first=(0.6079001426696786, 0.016299915313719993) last=(4.657900142669678, -0.6837000846862802)
[LIFT] V_Compute: 28.812 V
[LIFT] V_Motors: 28.210 V
[YOR] follow_path: n=21 first=(0.8079001426696779, 0.022099781036376775) last=(4.657900142669678, -0.6779002189636234)
[LIFT] V_Compute: 28.826 V
[LIFT] V_Motors: 28.222 V
[YOR] follow_path: n=19 first=(1.007900142669678, 0.01859998703002841) last=(4.657900142669678, -0.6814000129699709)
[LIFT] V_Compute: 28.820 V
[LIFT] V_Motors: 28.206 V
[YOR] follow_path: n=18 first=(1.1579001426696784, -0.031400012969971414) last=(4.657900142669678, -0.6814000129699709)
[LIFT] V_Compute: 28.811 V
[LIFT] V_Motors: 28.196 V
[YOR] follow_path: n=17 first=(1.3579001426696786, 0.01859998703002841) last=(4.657900142669678, -0.6814000129699709)
[LIFT] V_Compute: 28.821 V
[LIFT] V_Motors: 28.205 V
[YOR] follow_path: n=16 first=(1.557900142669678, -0.031400012969971414) last=(4.657900142669678, -0.6814000129699709)
[LIFT] V_Compute: 28.825 V
[LIFT] V_Motors: 28.229 V
[LIFT] V_Compute: 28.814 V
[LIFT] V_Motors: 28.201 V
[YOR] follow_path: n=15 first=(1.757900142669678, -0.18440008163452237) last=(4.657900142669678, -0.6344000816345217)
[LIFT] V_Compute: 28.826 V
[LIFT] V_Motors: 28.201 V
[YOR] follow_path: n=14 first=(1.9079001426696784, -0.13440008163452166) last=(4.657900142669678, -0.6344000816345217)
[LIFT] V_Compute: 28.821 V
[LIFT] V_Motors: 28.201 V
[YOR] follow_path: n=14 first=(2.057900142669678, -0.18440008163452237) last=(4.657900142669678, -0.6344000816345217)
[LIFT] V_Compute: 28.826 V
[LIFT] V_Motors: 28.209 V
[YOR] follow_path: n=13 first=(2.257900142669678, -0.18790001869201678) last=(4.657900142669678, -0.637900018692017)
[LIFT] V_Compute: 28.831 V
[LIFT] V_Motors: 28.201 V
[YOR] follow_path: n=13 first=(2.4079001426696784, -0.18790001869201678) last=(4.657900142669678, -0.637900018692017)
[LIFT] V_Compute: 28.830 V
[LIFT] V_Motors: 28.216 V
[YOR] follow_path: n=11 first=(2.6079001426696786, -0.2379000186920175) last=(4.657900142669678, -0.637900018692017)
[LIFT] V_Compute: 28.830 V
[LIFT] V_Motors: 28.206 V
[YOR] follow_path: n=10 first=(2.757900142669678, -0.2379000186920175) last=(4.657900142669678, -0.637900018692017)
[LIFT] V_Compute: 28.814 V
[LIFT] V_Motors: 28.221 V
[YOR] follow_path: n=10 first=(2.9079001426696784, -0.2379000186920175) last=(4.657900142669678, -0.637900018692017)
[LIFT] V_Compute: 28.816 V
[LIFT] V_Motors: 28.214 V
[YOR] follow_path: n=9 first=(3.1079001426696786, -0.33790001869201713) last=(4.657900142669678, -0.637900018692017)
[LIFT] V_Compute: 28.827 V
[LIFT] V_Motors: 28.211 V
[YOR] follow_path: n=8 first=(3.307900142669678, -0.4379000186920168) last=(4.657900142669678, -0.637900018692017)
[LIFT] V_Compute: 28.811 V
[LIFT] V_Motors: 28.201 V
[YOR] follow_path: n=7 first=(3.4579001426696783, -0.4879000186920175) last=(4.657900142669678, -0.637900018692017)
[LIFT] V_Compute: 28.829 V
[LIFT] V_Motors: 28.210 V
[YOR] follow_path: n=6 first=(3.6079001426696786, -0.4879000186920175) last=(4.657900142669678, -0.637900018692017)
[LIFT] V_Compute: 28.826 V
[LIFT] V_Motors: 28.212 V
[YOR] follow_path: n=6 first=(3.807900142669678, -0.4879000186920175) last=(4.657900142669678, -0.637900018692017)
[LIFT] V_Compute: 28.819 V
[LIFT] V_Motors: 28.204 V
[YOR] follow_path: n=4 first=(4.007900142669679, -0.4879000186920175) last=(4.657900142669678, -0.637900018692017)
[LIFT] V_Compute: 28.821 V
[LIFT] V_Motors: 28.216 V
[YOR] follow_path: n=4 first=(4.157900142669678, -0.5879000186920171) last=(4.657900142669678, -0.637900018692017)
[LIFT] V_Compute: 28.801 V
[LIFT] V_Motors: 28.195 V
[LIFT] V_Compute: 28.809 V
[LIFT] V_Motors: 28.212 V
[LIFT] V_Compute: 28.814 V
[LIFT] V_Motors: 28.237 V
[YOR] follow_path: cleared
[LIFT] V_Compute: 28.826 V
[LIFT] V_Motors: 28.240 V
[LIFT] V_Compute: 28.824 V
[LIFT] V_Motors: 28.247 V
[LIFT] V_Compute: 28.819 V
[LIFT] V_Motors: 28.241 V
[LIFT] V_Compute: 28.833 V
[LIFT] V_Motors: 28.243 V
[LIFT] V_Compute: 28.826 V
[LIFT] V_Motors: 28.243 V
[LIFT] V_Compute: 28.827 V
[LIFT] V_Motors: 28.246 V
[LIFT] V_Compute: 28.819 V
[LIFT] V_Motors: 28.241 V
[LIFT] V_Compute: 28.820 V
[LIFT] V_Motors: 28.244 V
[LIFT] V_Compute: 28.831 V
[LIFT] V_Motors: 28.247 V
[YOR] follow_path: n=24 first=(4.657900142669678, -0.637900018692017) last=(0.00790014266967809, 0.012099981307983398)
[LIFT] V_Compute: 28.824 V
[LIFT] V_Motors: 28.204 V
[YOR] follow_path: n=24 first=(4.657900142669678, -0.637900018692017) last=(0.00790014266967809, 0.012099981307983398)
[LIFT] V_Compute: 28.815 V
[LIFT] V_Motors: 28.230 V
[YOR] follow_path: n=23 first=(4.657900142669678, -0.7379000186920175) last=(0.00790014266967809, 0.012099981307983398)
[LIFT] V_Compute: 28.821 V
[LIFT] V_Motors: 28.231 V
[YOR] follow_path: n=23 first=(4.557900142669678, -0.7879000186920173) last=(0.00790014266967809, 0.012099981307983398)
[LIFT] V_Compute: 28.808 V
[LIFT] V_Motors: 28.215 V
[YOR] follow_path: n=23 first=(4.507900142669679, -0.7879000186920173) last=(0.00790014266967809, 0.012099981307983398)
[LIFT] V_Compute: 28.815 V
[LIFT] V_Motors: 28.222 V
[YOR] follow_path: n=23 first=(4.457900142669678, -0.7879000186920173) last=(0.00790014266967809, 0.012099981307983398)
[LIFT] V_Compute: 28.821 V
[LIFT] V_Motors: 28.246 V
[YOR] follow_path: n=23 first=(4.407900142669678, -0.7379000186920175) last=(0.00790014266967809, 0.012099981307983398)
[LIFT] V_Compute: 28.815 V
[LIFT] V_Motors: 28.201 V
[YOR] follow_path: n=22 first=(4.357900142669679, -0.6879000186920168) last=(0.00790014266967809, 0.012099981307983398)
[LIFT] V_Compute: 28.812 V
[LIFT] V_Motors: 28.222 V
[YOR] follow_path: n=22 first=(4.357900142669679, -0.6879000186920168) last=(0.00790014266967809, 0.012099981307983398)
[LIFT] V_Compute: 28.827 V
[LIFT] V_Motors: 28.177 V
[LIFT] V_Compute: 28.822 V
[LIFT] V_Motors: 28.204 V
[YOR] follow_path: n=22 first=(4.357900142669679, -0.6879000186920168) last=(0.00790014266967809, 0.012099981307983398)
[LIFT] V_Compute: 28.824 V
[LIFT] V_Motors: 28.209 V
[YOR] follow_path: n=22 first=(4.207900142669678, -0.6879000186920168) last=(0.00790014266967809, 0.012099981307983398)
[LIFT] V_Compute: 28.821 V
[LIFT] V_Motors: 28.212 V
[YOR] follow_path: n=20 first=(4.007900142669679, -0.6879000186920168) last=(0.00790014266967809, 0.012099981307983398)
[LIFT] V_Compute: 28.820 V
[LIFT] V_Motors: 28.221 V
[YOR] follow_path: n=20 first=(3.8579001426696786, -0.6879000186920168) last=(0.00790014266967809, 0.012099981307983398)
[LIFT] V_Compute: 28.821 V
[LIFT] V_Motors: 28.192 V
[YOR] follow_path: n=19 first=(3.6579001426696784, -0.5879000186920171) last=(0.00790014266967809, 0.012099981307983398)
[LIFT] V_Compute: 28.816 V
[LIFT] V_Motors: 28.201 V
[YOR] follow_path: n=18 first=(3.507900142669678, -0.4879000186920175) last=(0.00790014266967809, 0.012099981307983398)
[LIFT] V_Compute: 28.820 V
[LIFT] V_Motors: 28.195 V
[YOR] follow_path: n=18 first=(3.307900142669678, -0.5379000186920173) last=(0.00790014266967809, 0.012099981307983398)
[LIFT] V_Compute: 28.817 V
[LIFT] V_Motors: 28.211 V
[YOR] follow_path: n=17 first=(3.1579001426696784, -0.4879000186920175) last=(0.00790014266967809, 0.012099981307983398)
[LIFT] V_Compute: 28.822 V
[LIFT] V_Motors: 28.215 V
[YOR] follow_path: n=16 first=(2.9579001426696783, -0.45730018615722745) last=(0.00790014266967809, -0.007300186157227273)
[LIFT] V_Compute: 28.825 V
[LIFT] V_Motors: 28.228 V
[YOR] follow_path: n=15 first=(2.757900142669678, -0.45730018615722745) last=(0.00790014266967809, -0.007300186157227273)
[LIFT] V_Compute: 28.820 V
[LIFT] V_Motors: 28.212 V
[YOR] follow_path: n=15 first=(2.557900142669678, -0.4455001354217538) last=(0.00790014266967809, 0.00449986457824636)
[LIFT] V_Compute: 28.820 V
[LIFT] V_Motors: 28.219 V
[YOR] follow_path: n=12 first=(2.3579001426696786, -0.4208000183105476) last=(0.00790014266967809, -0.02080001831054723)
[LIFT] V_Compute: 28.817 V
[LIFT] V_Motors: 28.225 V
[YOR] follow_path: n=12 first=(2.1579001426696784, -0.4208000183105476) last=(0.00790014266967809, -0.02080001831054723)
[LIFT] V_Compute: 28.817 V
[LIFT] V_Motors: 28.216 V
[YOR] follow_path: n=11 first=(1.9579001426696783, -0.4208000183105476) last=(0.00790014266967809, -0.02080001831054723)
[LIFT] V_Compute: 28.819 V
[LIFT] V_Motors: 28.221 V
[YOR] follow_path: n=10 first=(1.807900142669678, -0.3881999015808111) last=(0.00790014266967809, 0.011800098419189275)
[LIFT] V_Compute: 28.824 V
[LIFT] V_Motors: 28.192 V
[YOR] follow_path: n=9 first=(1.6079001426696786, -0.36150016784668004) last=(0.00790014266967809, -0.011500167846680398)
[LIFT] V_Compute: 28.812 V
[LIFT] V_Motors: 28.181 V
[YOR] follow_path: n=8 first=(1.4079001426696784, -0.24680032730102575) last=(0.00790014266967809, 0.003199672698974254)
[LIFT] V_Compute: 28.825 V
[LIFT] V_Motors: 28.210 V
[YOR] follow_path: n=8 first=(1.2483000278472902, -0.29680032730102557) last=(-0.0016999721527097833, 0.003199672698974254)
[LIFT] V_Compute: 28.821 V
[LIFT] V_Motors: 28.214 V
[YOR] follow_path: n=6 first=(1.09020004272461, -0.24680032730102575) last=(-0.009799957275390625, 0.003199672698974254)
[LIFT] V_Compute: 28.816 V
[LIFT] V_Motors: 28.221 V
[YOR] follow_path: n=6 first=(0.9221000194549562, -0.1468003273010261) last=(0.022100019454956765, 0.003199672698974254)
[LIFT] V_Compute: 28.824 V
[LIFT] V_Motors: 28.219 V
[LIFT] V_Compute: 28.819 V
[LIFT] V_Motors: 28.208 V
[YOR] follow_path: n=4 first=(0.7221000194549569, -0.15230016708374094) last=(0.022100019454956765, -0.0023001670837405896)
[LIFT] V_Compute: 28.815 V
[LIFT] V_Motors: 28.215 V
[YOR] follow_path: n=4 first=(0.516300010681153, -0.08790001869201713) last=(0.016300010681153054, 0.012099981307983398)
[LIFT] V_Compute: 28.799 V
[LIFT] V_Motors: 28.196 V
[LIFT] V_Compute: 28.826 V
[LIFT] V_Motors: 28.224 V
[LIFT] V_Compute: 28.812 V
[LIFT] V_Motors: 28.226 V
[LIFT] V_Compute: 28.811 V
[LIFT] V_Motors: 28.215 V
[LIFT] V_Compute: 28.830 V
[LIFT] V_Motors: 28.216 V
[LIFT] V_Compute: 28.820 V
[LIFT] V_Motors: 28.218 V
[LIFT] V_Compute: 28.817 V
[LIFT] V_Motors: 28.239 V
[LIFT] V_Compute: 28.824 V
[LIFT] V_Motors: 28.208 V
[LIFT] V_Compute: 28.811 V
[LIFT] V_Motors: 28.237 V
[LIFT] V_Compute: 28.815 V
[LIFT] V_Motors: 28.239 V
[LIFT] V_Compute: 28.822 V
[LIFT] V_Motors: 28.236 V
[LIFT] V_Compute: 28.812 V
[LIFT] V_Motors: 28.195 V
[LIFT] V_Compute: 28.802 V
[LIFT] V_Motors: 28.190 V
[LIFT] V_Compute: 28.821 V
[LIFT] V_Motors: 28.212 V
[LIFT] V_Compute: 28.816 V
[LIFT] V_Motors: 28.236 V
[LIFT] V_Compute: 28.819 V
[LIFT] V_Motors: 28.240 V
[YOR] follow_path: cleared
[LIFT] V_Compute: 28.825 V
[LIFT] V_Motors: 28.245 V
[LIFT] V_Compute: 28.821 V
[LIFT] V_Motors: 28.243 V
[LIFT] V_Compute: 28.810 V
[LIFT] V_Motors: 28.245 V
[LIFT] V_Compute: 28.826 V
[LIFT] V_Motors: 28.243 V
[LIFT] V_Compute: 28.829 V
[LIFT] V_Motors: 28.247 V
[LIFT] V_Compute: 28.824 V
[LIFT] V_Motors: 28.247 V
[LIFT] V_Compute: 28.820 V
[LIFT] V_Motors: 28.247 V
[LIFT] V_Compute: 28.816 V
[LIFT] V_Motors: 28.245 V
[LIFT] V_Compute: 28.815 V
[LIFT] V_Motors: 28.244 V
[LIFT] V_Compute: 28.814 V
[LIFT] V_Motors: 28.249 V
[LIFT] V_Compute: 28.810 V
[LIFT] V_Motors: 28.239 V
[LIFT] V_Compute: 28.820 V
[LIFT] V_Motors: 28.245 V
[LIFT] V_Compute: 28.815 V
[LIFT] V_Motors: 28.239 V
[YOR] follow_path: cleared
[LIFT] V_Compute: 28.821 V
[LIFT] V_Motors: 28.245 V
[LIFT] V_Compute: 28.816 V
[LIFT] V_Motors: 28.247 V
[LIFT] V_Compute: 28.825 V
[LIFT] V_Motors: 28.255 V
[LIFT] V_Compute: 28.825 V
[LIFT] V_Motors: 28.250 V
[LIFT] V_Compute: 28.822 V
[LIFT] V_Motors: 28.256 V
[LIFT] V_Compute: 28.798 V
[LIFT] V_Motors: 28.240 V
[LIFT] V_Compute: 28.825 V
[LIFT] V_Motors: 28.257 V
[LIFT] V_Compute: 28.820 V
[LIFT] V_Motors: 28.255 V
[LIFT] V_Compute: 28.826 V
[LIFT] V_Motors: 28.254 V
[LIFT] V_Compute: 28.822 V
[LIFT] V_Motors: 28.254 V
[LIFT] V_Compute: 28.830 V
[LIFT] V_Motors: 28.255 V
[LIFT] V_Compute: 28.827 V
[LIFT] V_Motors: 28.246 V
[LIFT] V_Compute: 28.829 V
[LIFT] V_Motors: 28.259 V
[LIFT] V_Compute: 28.830 V
[LIFT] V_Motors: 28.256 V
[LIFT] V_Compute: 28.827 V
[LIFT] V_Motors: 28.256 V
[LIFT] V_Compute: 28.826 V
[LIFT] V_Motors: 28.253 V
[LIFT] V_Compute: 28.833 V
[LIFT] V_Motors: 28.255 V
[LIFT] V_Compute: 28.819 V
[LIFT] V_Motors: 28.251 V
[LIFT] V_Compute: 28.831 V
[LIFT] V_Motors: 28.253 V
[LIFT] V_Compute: 28.824 V
[LIFT] V_Motors: 28.250 V
[LIFT] V_Compute: 28.829 V
[LIFT] V_Motors: 28.261 V
[LIFT] V_Compute: 28.830 V
[LIFT] V_Motors: 28.254 V
[LIFT] V_Compute: 28.835 V
[LIFT] V_Motors: 28.259 V
[LIFT] V_Compute: 28.829 V
[LIFT] V_Motors: 28.251 V
[LIFT] V_Compute: 28.834 V
[LIFT] V_Motors: 28.254 V
[LIFT] V_Compute: 28.825 V
[LIFT] V_Motors: 28.247 V
[LIFT] V_Compute: 28.830 V
[LIFT] V_Motors: 28.256 V
[LIFT] V_Compute: 28.827 V
[LIFT] V_Motors: 28.251 V
[LIFT] V_Compute: 28.829 V
[LIFT] V_Motors: 28.255 V
[LIFT] V_Compute: 28.819 V
[LIFT] V_Motors: 28.247 V
[LIFT] V_Compute: 28.825 V
[LIFT] V_Motors: 28.244 V
[LIFT] V_Compute: 28.831 V
[LIFT] V_Motors: 28.245 V
[LIFT] V_Compute: 28.831 V
[LIFT] V_Motors: 28.257 V
[LIFT] V_Compute: 28.834 V
[LIFT] V_Motors: 28.250 V
[LIFT] V_Compute: 28.835 V
[LIFT] V_Motors: 28.255 V
[LIFT] V_Compute: 28.827 V
[LIFT] V_Motors: 28.254 V
[LIFT] V_Compute: 28.835 V
[LIFT] V_Motors: 28.254 V
[LIFT] V_Compute: 28.830 V
[LIFT] V_Motors: 28.249 V
[LIFT] V_Compute: 28.833 V
[LIFT] V_Motors: 28.259 V
[LIFT] V_Compute: 28.837 V
[LIFT] V_Motors: 28.251 V
[LIFT] V_Compute: 28.833 V
[LIFT] V_Motors: 28.257 V
[LIFT] V_Compute: 28.841 V
[LIFT] V_Motors: 28.256 V
[LIFT] V_Compute: 28.836 V
[LIFT] V_Motors: 28.260 V
[LIFT] V_Compute: 28.833 V
[LIFT] V_Motors: 28.257 V
[LIFT] V_Compute: 28.830 V
[LIFT] V_Motors: 28.259 V
[LIFT] V_Compute: 28.830 V
[LIFT] V_Motors: 28.254 V
[LIFT] V_Compute: 28.834 V
[LIFT] V_Motors: 28.257 V
[LIFT] V_Compute: 28.831 V
[LIFT] V_Motors: 28.253 V
[LIFT] V_Compute: 28.834 V
[LIFT] V_Motors: 28.254 V
[LIFT] V_Compute: 28.835 V
[LIFT] V_Motors: 28.259 V
[LIFT] V_Compute: 28.830 V
[LIFT] V_Motors: 28.257 V
[LIFT] V_Compute: 28.825 V
[LIFT] V_Motors: 28.256 V
[LIFT] V_Compute: 28.830 V
[LIFT] V_Motors: 28.256 V
[LIFT] V_Compute: 28.833 V
[LIFT] V_Motors: 28.257 V
[LIFT] V_Compute: 28.825 V
[LIFT] V_Motors: 28.250 V
[LIFT] V_Compute: 28.835 V
[LIFT] V_Motors: 28.259 V
[LIFT] V_Compute: 28.837 V
[LIFT] V_Motors: 28.259 V
[LIFT] V_Compute: 28.835 V
[LIFT] V_Motors: 28.254 V
[LIFT] V_Compute: 28.835 V
[LIFT] V_Motors: 28.256 V
[LIFT] V_Compute: 28.830 V
[LIFT] V_Motors: 28.254 V
[LIFT] V_Compute: 28.835 V
[LIFT] V_Motors: 28.263 V
[LIFT] V_Compute: 28.834 V
[LIFT] V_Motors: 28.259 V
[LIFT] V_Compute: 28.833 V
[LIFT] V_Motors: 28.257 V
[LIFT] V_Compute: 28.835 V
[LIFT] V_Motors: 28.259 V
[LIFT] V_Compute: 28.833 V
[LIFT] V_Motors: 28.256 V
[LIFT] V_Compute: 28.829 V
[LIFT] V_Motors: 28.256 V
[LIFT] V_Compute: 28.824 V
[LIFT] V_Motors: 28.255 V
[LIFT] V_Compute: 28.831 V
[LIFT] V_Motors: 28.251 V
[LIFT] V_Compute: 28.827 V
[LIFT] V_Motors: 28.253 V
[LIFT] V_Compute: 28.830 V
[LIFT] V_Motors: 28.250 V
[LIFT] V_Compute: 28.831 V
[LIFT] V_Motors: 28.257 V
[LIFT] V_Compute: 28.834 V
[LIFT] V_Motors: 28.256 V
[LIFT] V_Compute: 28.833 V
[LIFT] V_Motors: 28.255 V
[LIFT] V_Compute: 28.829 V
[LIFT] V_Motors: 28.251 V
[LIFT] V_Compute: 28.833 V
[LIFT] V_Motors: 28.254 V
[LIFT] V_Compute: 28.833 V
[LIFT] V_Motors: 28.255 V
[LIFT] V_Compute: 28.833 V
[LIFT] V_Motors: 28.259 V
[LIFT] V_Compute: 28.833 V
[LIFT] V_Motors: 28.257 V
[LIFT] V_Compute: 28.833 V
[LIFT] V_Motors: 28.256 V
[LIFT] V_Compute: 28.834 V
[LIFT] V_Motors: 28.257 V
[LIFT] V_Compute: 28.830 V
[LIFT] V_Motors: 28.256 V
[LIFT] V_Compute: 28.833 V
[LIFT] V_Motors: 28.254 V
[LIFT] V_Compute: 28.833 V
[LIFT] V_Motors: 28.255 V
[LIFT] V_Compute: 28.835 V
[LIFT] V_Motors: 28.260 V
[LIFT] V_Compute: 28.830 V
[LIFT] V_Motors: 28.257 V
[LIFT] V_Compute: 28.831 V
[LIFT] V_Motors: 28.261 V
[LIFT] V_Compute: 28.830 V
[LIFT] V_Motors: 28.254 V
[LIFT] V_Compute: 28.830 V
[LIFT] V_Motors: 28.260 V
[LIFT] V_Compute: 28.829 V
[LIFT] V_Motors: 28.256 V
[LIFT] V_Compute: 28.833 V
[LIFT] V_Motors: 28.253 V
[LIFT] V_Compute: 28.840 V
[LIFT] V_Motors: 28.253 V
[LIFT] V_Compute: 28.836 V
[LIFT] V_Motors: 28.256 V
[LIFT] V_Compute: 28.833 V
[LIFT] V_Motors: 28.259 V
[LIFT] V_Compute: 28.829 V
[LIFT] V_Motors: 28.257 V
[LIFT] V_Compute: 28.833 V
[LIFT] V_Motors: 28.260 V
[LIFT] V_Compute: 28.825 V
[LIFT] V_Motors: 28.259 V
[LIFT] V_Compute: 28.837 V
[LIFT] V_Motors: 28.260 V
[LIFT] V_Compute: 28.826 V
[LIFT] V_Motors: 28.256 V
[LIFT] V_Compute: 28.809 V
[LIFT] V_Motors: 28.241 V
[LIFT] V_Compute: 28.827 V
[LIFT] V_Motors: 28.259 V
[LIFT] V_Compute: 28.833 V
[LIFT] V_Motors: 28.256 V
[LIFT] V_Compute: 28.833 V
[LIFT] V_Motors: 28.255 V
[LIFT] V_Compute: 28.833 V
[LIFT] V_Motors: 28.259 V
[LIFT] V_Compute: 28.835 V
[LIFT] V_Motors: 28.256 V
[LIFT] V_Compute: 28.834 V
[LIFT] V_Motors: 28.260 V
[LIFT] V_Compute: 28.835 V
[LIFT] V_Motors: 28.256 V
[LIFT] V_Compute: 28.827 V
[LIFT] V_Motors: 28.253 V
[LIFT] V_Compute: 28.839 V
[LIFT] V_Motors: 28.255 V
[LIFT] V_Compute: 28.831 V
[LIFT] V_Motors: 28.255 V
[LIFT] V_Compute: 28.835 V
[LIFT] V_Motors: 28.255 V
[LIFT] V_Compute: 28.812 V
[LIFT] V_Motors: 28.250 V
[LIFT] V_Compute: 28.830 V
[LIFT] V_Motors: 28.260 V
[LIFT] V_Compute: 28.830 V
[LIFT] V_Motors: 28.256 V
[LIFT] V_Compute: 28.829 V
[LIFT] V_Motors: 28.255 V
[LIFT] V_Compute: 28.825 V
[LIFT] V_Motors: 28.256 V
[LIFT] V_Compute: 28.829 V
[LIFT] V_Motors: 28.253 V
[LIFT] V_Compute: 28.837 V
[LIFT] V_Motors: 28.259 V
[LIFT] V_Compute: 28.833 V
[LIFT] V_Motors: 28.255 V
[LIFT] V_Compute: 28.830 V
[LIFT] V_Motors: 28.256 V
[LIFT] V_Compute: 28.830 V
[LIFT] V_Motors: 28.255 V
[LIFT] V_Compute: 28.830 V
[LIFT] V_Motors: 28.263 V
[LIFT] V_Compute: 28.830 V
[LIFT] V_Motors: 28.259 V
[LIFT] V_Compute: 28.824 V
[LIFT] V_Motors: 28.249 V
[LIFT] V_Compute: 28.831 V
[LIFT] V_Motors: 28.251 V
[LIFT] V_Compute: 28.833 V
[LIFT] V_Motors: 28.257 V
[LIFT] V_Compute: 28.831 V
[LIFT] V_Motors: 28.255 V
[LIFT] V_Compute: 28.831 V
[LIFT] V_Motors: 28.259 V
[LIFT] V_Compute: 28.827 V
[LIFT] V_Motors: 28.256 V
[LIFT] V_Compute: 28.831 V
[LIFT] V_Motors: 28.256 V
[LIFT] V_Compute: 28.833 V
[LIFT] V_Motors: 28.255 V
[LIFT] V_Compute: 28.826 V
[LIFT] V_Motors: 28.257 V
[LIFT] V_Compute: 28.835 V
[LIFT] V_Motors: 28.257 V
[LIFT] V_Compute: 28.834 V
[LIFT] V_Motors: 28.254 V
[LIFT] V_Compute: 28.830 V
[LIFT] V_Motors: 28.256 V
[LIFT] V_Compute: 28.835 V
[LIFT] V_Motors: 28.257 V
[LIFT] V_Compute: 28.831 V
[LIFT] V_Motors: 28.260 V
[LIFT] V_Compute: 28.830 V
[LIFT] V_Motors: 28.256 V
[LIFT] V_Compute: 28.833 V
[LIFT] V_Motors: 28.259 V
[LIFT] V_Compute: 28.826 V
[LIFT] V_Motors: 28.256 V
[LIFT] V_Compute: 28.833 V
[LIFT] V_Motors: 28.257 V
[LIFT] V_Compute: 28.827 V
[LIFT] V_Motors: 28.251 V
[LIFT] V_Compute: 28.830 V
[LIFT] V_Motors: 28.255 V
[LIFT] V_Compute: 28.835 V
[LIFT] V_Motors: 28.259 V
[LIFT] V_Compute: 28.830 V
[LIFT] V_Motors: 28.260 V
[LIFT] V_Compute: 28.830 V
[LIFT] V_Motors: 28.256 V
[LIFT] V_Compute: 28.830 V
[LIFT] V_Motors: 28.256 V
[LIFT] V_Compute: 28.820 V
[LIFT] V_Motors: 28.250 V
[LIFT] V_Compute: 28.830 V
[LIFT] V_Motors: 28.255 V
[LIFT] V_Compute: 28.825 V
[LIFT] V_Motors: 28.254 V
[LIFT] V_Compute: 28.820 V
[LIFT] V_Motors: 28.243 V
[LIFT] V_Compute: 28.821 V
[LIFT] V_Motors: 28.251 V
[LIFT] V_Compute: 28.827 V
[LIFT] V_Motors: 28.251 V
[LIFT] V_Compute: 28.824 V
[LIFT] V_Motors: 28.250 V
[LIFT] V_Compute: 28.831 V
[LIFT] V_Motors: 28.259 V
[LIFT] V_Compute: 28.826 V
[LIFT] V_Motors: 28.256 V
[LIFT] V_Compute: 28.831 V
[LIFT] V_Motors: 28.255 V
[LIFT] V_Compute: 28.835 V
[LIFT] V_Motors: 28.254 V
[LIFT] V_Compute: 28.826 V
[LIFT] V_Motors: 28.255 V
[LIFT] V_Compute: 28.836 V
[LIFT] V_Motors: 28.264 V
[LIFT] V_Compute: 28.835 V
[LIFT] V_Motors: 28.255 V
[LIFT] V_Compute: 28.827 V
[LIFT] V_Motors: 28.259 V
[LIFT] V_Compute: 28.830 V
[LIFT] V_Motors: 28.256 V
[LIFT] V_Compute: 28.833 V
[LIFT] V_Motors: 28.260 V
[LIFT] V_Compute: 28.833 V
[LIFT] V_Motors: 28.254 V
[LIFT] V_Compute: 28.833 V
[LIFT] V_Motors: 28.259 V
[LIFT] V_Compute: 28.836 V
[LIFT] V_Motors: 28.261 V
[LIFT] V_Compute: 28.826 V
[LIFT] V_Motors: 28.256 V
[LIFT] V_Compute: 28.830 V
[LIFT] V_Motors: 28.256 V
[LIFT] V_Compute: 28.826 V
[LIFT] V_Motors: 28.256 V
[LIFT] V_Compute: 28.824 V
[LIFT] V_Motors: 28.253 V
[LIFT] V_Compute: 28.834 V
[LIFT] V_Motors: 28.260 V
[LIFT] V_Compute: 28.830 V
[LIFT] V_Motors: 28.251 V
[LIFT] V_Compute: 28.830 V
[LIFT] V_Motors: 28.255 V
[LIFT] V_Compute: 28.824 V
[LIFT] V_Motors: 28.259 V
[LIFT] V_Compute: 28.830 V
[LIFT] V_Motors: 28.253 V
[LIFT] V_Compute: 28.831 V
[LIFT] V_Motors: 28.256 V
[LIFT] V_Compute: 28.836 V
[LIFT] V_Motors: 28.260 V
[LIFT] V_Compute: 28.830 V
[LIFT] V_Motors: 28.255 V
[LIFT] V_Compute: 28.830 V
[LIFT] V_Motors: 28.257 V
[LIFT] V_Compute: 28.831 V
[LIFT] V_Motors: 28.256 V
[LIFT] V_Compute: 28.820 V
[LIFT] V_Motors: 28.253 V
[LIFT] V_Compute: 28.833 V
[LIFT] V_Motors: 28.254 V
[LIFT] V_Compute: 28.833 V
[LIFT] V_Motors: 28.254 V
[LIFT] V_Compute: 28.825 V
[LIFT] V_Motors: 28.259 V
[LIFT] V_Compute: 28.834 V
[LIFT] V_Motors: 28.251 V
[LIFT] V_Compute: 28.810 V
[LIFT] V_Motors: 28.240 V
[LIFT] V_Compute: 28.833 V
[LIFT] V_Motors: 28.249 V
[LIFT] V_Compute: 28.821 V
[LIFT] V_Motors: 28.251 V
[LIFT] V_Compute: 28.821 V
[LIFT] V_Motors: 28.254 V
[LIFT] V_Compute: 28.821 V
[LIFT] V_Motors: 28.257 V
[LIFT] V_Compute: 28.821 V
[LIFT] V_Motors: 28.254 V
[LIFT] V_Compute: 28.817 V
[LIFT] V_Motors: 28.251 V
[LIFT] V_Compute: 28.822 V
[LIFT] V_Motors: 28.246 V
[LIFT] V_Compute: 28.820 V
[LIFT] V_Motors: 28.253 V
[LIFT] V_Compute: 28.822 V
[LIFT] V_Motors: 28.249 V
[LIFT] V_Compute: 28.821 V
[LIFT] V_Motors: 28.247 V
[LIFT] V_Compute: 28.820 V
[LIFT] V_Motors: 28.247 V
[LIFT] V_Compute: 28.824 V
[LIFT] V_Motors: 28.250 V
[LIFT] V_Compute: 28.821 V
[LIFT] V_Motors: 28.243 V
[LIFT] V_Compute: 28.827 V
[LIFT] V_Motors: 28.254 V
[LIFT] V_Compute: 28.830 V
[LIFT] V_Motors: 28.253 V
[LIFT] V_Compute: 28.829 V
[LIFT] V_Motors: 28.256 V
[LIFT] V_Compute: 28.829 V
[LIFT] V_Motors: 28.257 V
[LIFT] V_Compute: 28.824 V
[LIFT] V_Motors: 28.253 V
[LIFT] V_Compute: 28.829 V
[LIFT] V_Motors: 28.254 V
[LIFT] V_Compute: 28.816 V
[LIFT] V_Motors: 28.244 V
[LIFT] V_Compute: 28.830 V
[LIFT] V_Motors: 28.254 V
[LIFT] V_Compute: 28.826 V
[LIFT] V_Motors: 28.257 V
[LIFT] V_Compute: 28.825 V
[LIFT] V_Motors: 28.251 V
[LIFT] V_Compute: 28.829 V
[LIFT] V_Motors: 28.257 V
[LIFT] V_Compute: 28.831 V
[LIFT] V_Motors: 28.253 V
[LIFT] V_Compute: 28.831 V
[LIFT] V_Motors: 28.256 V
[LIFT] V_Compute: 28.833 V
[LIFT] V_Motors: 28.255 V
[LIFT] V_Compute: 28.825 V
[LIFT] V_Motors: 28.253 V
[LIFT] V_Compute: 28.822 V
[LIFT] V_Motors: 28.251 V
[LIFT] V_Compute: 28.825 V
[LIFT] V_Motors: 28.255 V
[LIFT] V_Compute: 28.829 V
[LIFT] V_Motors: 28.250 V
[LIFT] V_Compute: 28.831 V
[LIFT] V_Motors: 28.254 V
[LIFT] V_Compute: 28.831 V
[LIFT] V_Motors: 28.254 V
[LIFT] V_Compute: 28.829 V
[LIFT] V_Motors: 28.251 V
[LIFT] V_Compute: 28.821 V
[LIFT] V_Motors: 28.255 V
[LIFT] V_Compute: 28.825 V
[LIFT] V_Motors: 28.249 V
[LIFT] V_Compute: 28.821 V
[LIFT] V_Motors: 28.253 V
[LIFT] V_Compute: 28.821 V
[LIFT] V_Motors: 28.250 V
[LIFT] V_Compute: 28.804 V
[LIFT] V_Motors: 28.241 V
[LIFT] V_Compute: 28.819 V
[LIFT] V_Motors: 28.253 V
[LIFT] V_Compute: 28.817 V
[LIFT] V_Motors: 28.246 V
[LIFT] V_Compute: 28.820 V
[LIFT] V_Motors: 28.249 V
[LIFT] V_Compute: 28.821 V
[LIFT] V_Motors: 28.249 V
[LIFT] V_Compute: 28.814 V
[LIFT] V_Motors: 28.243 V
[LIFT] V_Compute: 28.817 V
[LIFT] V_Motors: 28.246 V
[LIFT] V_Compute: 28.825 V
[LIFT] V_Motors: 28.253 V
[LIFT] V_Compute: 28.829 V
[LIFT] V_Motors: 28.251 V
[LIFT] V_Compute: 28.831 V
[LIFT] V_Motors: 28.259 V
[LIFT] V_Compute: 28.827 V
[LIFT] V_Motors: 28.255 V
[LIFT] V_Compute: 28.829 V
[LIFT] V_Motors: 28.254 V
[LIFT] V_Compute: 28.827 V
[LIFT] V_Motors: 28.251 V
[LIFT] V_Compute: 28.824 V
[LIFT] V_Motors: 28.251 V
[LIFT] V_Compute: 28.824 V
[LIFT] V_Motors: 28.251 V
[LIFT] V_Compute: 28.830 V
[LIFT] V_Motors: 28.257 V
[LIFT] V_Compute: 28.821 V
[LIFT] V_Motors: 28.257 V
[LIFT] V_Compute: 28.826 V
[LIFT] V_Motors: 28.259 V
[LIFT] V_Compute: 28.829 V
[LIFT] V_Motors: 28.255 V
[LIFT] V_Compute: 28.830 V
[LIFT] V_Motors: 28.257 V
[LIFT] V_Compute: 28.833 V
[LIFT] V_Motors: 28.255 V
[LIFT] V_Compute: 28.834 V
[LIFT] V_Motors: 28.254 V
[LIFT] V_Compute: 28.825 V
[LIFT] V_Motors: 28.254 V
[LIFT] V_Compute: 28.826 V
[LIFT] V_Motors: 28.255 V
[LIFT] V_Compute: 28.822 V
[LIFT] V_Motors: 28.256 V
[LIFT] V_Compute: 28.829 V
[LIFT] V_Motors: 28.259 V
[LIFT] V_Compute: 28.822 V
[LIFT] V_Motors: 28.254 V
[LIFT] V_Compute: 28.822 V
[LIFT] V_Motors: 28.250 V
[LIFT] V_Compute: 28.821 V
[LIFT] V_Motors: 28.247 V
[LIFT] V_Compute: 28.824 V
[LIFT] V_Motors: 28.251 V
[LIFT] V_Compute: 28.814 V
[LIFT] V_Motors: 28.247 V
[LIFT] V_Compute: 28.815 V
[LIFT] V_Motors: 28.245 V
[LIFT] V_Compute: 28.811 V
[LIFT] V_Motors: 28.244 V
[LIFT] V_Compute: 28.826 V
[LIFT] V_Motors: 28.247 V
[LIFT] V_Compute: 28.815 V
[LIFT] V_Motors: 28.249 V
[LIFT] V_Compute: 28.812 V
[LIFT] V_Motors: 28.243 V
[LIFT] V_Compute: 28.817 V
[LIFT] V_Motors: 28.253 V
[LIFT] V_Compute: 28.816 V
[LIFT] V_Motors: 28.241 V
[LIFT] V_Compute: 28.822 V
[LIFT] V_Motors: 28.246 V
[LIFT] V_Compute: 28.815 V
[LIFT] V_Motors: 28.249 V
[LIFT] V_Compute: 28.814 V
[LIFT] V_Motors: 28.244 V
[LIFT] V_Compute: 28.825 V
[LIFT] V_Motors: 28.255 V
[LIFT] V_Compute: 28.830 V
[LIFT] V_Motors: 28.251 V
[LIFT] V_Compute: 28.825 V
[LIFT] V_Motors: 28.251 V
[LIFT] V_Compute: 28.826 V
[LIFT] V_Motors: 28.255 V
[LIFT] V_Compute: 28.817 V
[LIFT] V_Motors: 28.243 V
[LIFT] V_Compute: 28.809 V
[LIFT] V_Motors: 28.239 V
[LIFT] V_Compute: 28.816 V
[LIFT] V_Motors: 28.251 V
[LIFT] V_Compute: 28.830 V
[LIFT] V_Motors: 28.257 V
[LIFT] V_Compute: 28.827 V
[LIFT] V_Motors: 28.253 V
[LIFT] V_Compute: 28.829 V
[LIFT] V_Motors: 28.253 V
[LIFT] V_Compute: 28.826 V
[LIFT] V_Motors: 28.254 V
[LIFT] V_Compute: 28.827 V
[LIFT] V_Motors: 28.254 V
[LIFT] V_Compute: 28.827 V
[LIFT] V_Motors: 28.254 V
[LIFT] V_Compute: 28.826 V
[LIFT] V_Motors: 28.254 V
[LIFT] V_Compute: 28.824 V
[LIFT] V_Motors: 28.256 V
[LIFT] V_Compute: 28.829 V
[LIFT] V_Motors: 28.256 V
[LIFT] V_Compute: 28.827 V
[LIFT] V_Motors: 28.255 V
[LIFT] V_Compute: 28.815 V
[LIFT] V_Motors: 28.250 V
[LIFT] V_Compute: 28.811 V
[LIFT] V_Motors: 28.247 V
[LIFT] V_Compute: 28.815 V
[LIFT] V_Motors: 28.245 V
[LIFT] V_Compute: 28.819 V
[LIFT] V_Motors: 28.251 V
[LIFT] V_Compute: 28.816 V
[LIFT] V_Motors: 28.250 V
[LIFT] V_Compute: 28.825 V
[LIFT] V_Motors: 28.247 V
[LIFT] V_Compute: 28.822 V
[LIFT] V_Motors: 28.247 V
[LIFT] V_Compute: 28.816 V
[LIFT] V_Motors: 28.246 V
[LIFT] V_Compute: 28.817 V
[LIFT] V_Motors: 28.251 V
[LIFT] V_Compute: 28.824 V
[LIFT] V_Motors: 28.245 V
[LIFT] V_Compute: 28.824 V
[LIFT] V_Motors: 28.253 V
[LIFT] V_Compute: 28.816 V
[LIFT] V_Motors: 28.240 V
[LIFT] V_Compute: 28.824 V
[LIFT] V_Motors: 28.253 V
[LIFT] V_Compute: 28.829 V
[LIFT] V_Motors: 28.253 V
[LIFT] V_Compute: 28.821 V
[LIFT] V_Motors: 28.253 V
[LIFT] V_Compute: 28.829 V
[LIFT] V_Motors: 28.251 V
[LIFT] V_Compute: 28.826 V
[LIFT] V_Motors: 28.255 V
[LIFT] V_Compute: 28.827 V
[LIFT] V_Motors: 28.257 V
[LIFT] V_Compute: 28.829 V
[LIFT] V_Motors: 28.253 V
[LIFT] V_Compute: 28.830 V
[LIFT] V_Motors: 28.253 V
[LIFT] V_Compute: 28.820 V
[LIFT] V_Motors: 28.247 V
[LIFT] V_Compute: 28.825 V
[LIFT] V_Motors: 28.253 V
[LIFT] V_Compute: 28.826 V
[LIFT] V_Motors: 28.253 V
[LIFT] V_Compute: 28.822 V
[LIFT] V_Motors: 28.251 V
[LIFT] V_Compute: 28.829 V
[LIFT] V_Motors: 28.256 V
[LIFT] V_Compute: 28.816 V
[LIFT] V_Motors: 28.246 V
[LIFT] V_Compute: 28.824 V
[LIFT] V_Motors: 28.257 V
[LIFT] V_Compute: 28.833 V
[LIFT] V_Motors: 28.251 V
[LIFT] V_Compute: 28.826 V
[LIFT] V_Motors: 28.251 V
[LIFT] V_Compute: 28.827 V
[LIFT] V_Motors: 28.255 V
[LIFT] V_Compute: 28.827 V
[LIFT] V_Motors: 28.255 V
[LIFT] V_Compute: 28.833 V
[LIFT] V_Motors: 28.254 V
[LIFT] V_Compute: 28.824 V
[LIFT] V_Motors: 28.253 V
[LIFT] V_Compute: 28.831 V
[LIFT] V_Motors: 28.256 V
[LIFT] V_Compute: 28.830 V
[LIFT] V_Motors: 28.256 V
[LIFT] V_Compute: 28.826 V
[LIFT] V_Motors: 28.251 V
[LIFT] V_Compute: 28.826 V
[LIFT] V_Motors: 28.250 V
[LIFT] V_Compute: 28.825 V
[LIFT] V_Motors: 28.250 V
[LIFT] V_Compute: 28.829 V
[LIFT] V_Motors: 28.251 V
[LIFT] V_Compute: 28.827 V
[LIFT] V_Motors: 28.250 V
[LIFT] V_Compute: 28.817 V
[LIFT] V_Motors: 28.249 V
[LIFT] V_Compute: 28.830 V
[LIFT] V_Motors: 28.254 V
[LIFT] V_Compute: 28.829 V
[LIFT] V_Motors: 28.254 V
[LIFT] V_Compute: 28.831 V
[LIFT] V_Motors: 28.253 V
[LIFT] V_Compute: 28.831 V
[LIFT] V_Motors: 28.255 V
[LIFT] V_Compute: 28.825 V
[LIFT] V_Motors: 28.249 V
[LIFT] V_Compute: 28.819 V
[LIFT] V_Motors: 28.250 V
[LIFT] V_Compute: 28.826 V
[LIFT] V_Motors: 28.256 V
[LIFT] V_Compute: 28.822 V
[LIFT] V_Motors: 28.254 V
[LIFT] V_Compute: 28.826 V
[LIFT] V_Motors: 28.250 V
[LIFT] V_Compute: 28.824 V
[LIFT] V_Motors: 28.251 V
[LIFT] V_Compute: 28.825 V
[LIFT] V_Motors: 28.254 V
[LIFT] V_Compute: 28.824 V
[LIFT] V_Motors: 28.254 V
[LIFT] V_Compute: 28.822 V
[LIFT] V_Motors: 28.249 V
[LIFT] V_Compute: 28.805 V
[LIFT] V_Motors: 28.234 V
[LIFT] V_Compute: 28.829 V
[LIFT] V_Motors: 28.256 V
[LIFT] V_Compute: 28.822 V
[LIFT] V_Motors: 28.253 V
[LIFT] V_Compute: 28.821 V
[LIFT] V_Motors: 28.253 V
[LIFT] V_Compute: 28.825 V
[LIFT] V_Motors: 28.257 V
[LIFT] V_Compute: 28.825 V
[LIFT] V_Motors: 28.249 V
[LIFT] V_Compute: 28.826 V
[LIFT] V_Motors: 28.251 V
[LIFT] V_Compute: 28.825 V
[LIFT] V_Motors: 28.251 V
[LIFT] V_Compute: 28.824 V
[LIFT] V_Motors: 28.247 V
[LIFT] V_Compute: 28.827 V
[LIFT] V_Motors: 28.254 V
[LIFT] V_Compute: 28.824 V
[LIFT] V_Motors: 28.249 V
[LIFT] V_Compute: 28.821 V
[LIFT] V_Motors: 28.250 V
[LIFT] V_Compute: 28.824 V
[LIFT] V_Motors: 28.249 V
[LIFT] V_Compute: 28.821 V
[LIFT] V_Motors: 28.250 V
[LIFT] V_Compute: 28.825 V
[LIFT] V_Motors: 28.249 V
[LIFT] V_Compute: 28.824 V
[LIFT] V_Motors: 28.250 V
[LIFT] V_Compute: 28.825 V
[LIFT] V_Motors: 28.249 V
[LIFT] V_Compute: 28.829 V
[LIFT] V_Motors: 28.254 V
[LIFT] V_Compute: 28.820 V
[LIFT] V_Motors: 28.249 V
[LIFT] V_Compute: 28.825 V
[LIFT] V_Motors: 28.251 V
[LIFT] V_Compute: 28.820 V
[LIFT] V_Motors: 28.251 V
[LIFT] V_Compute: 28.830 V
[LIFT] V_Motors: 28.251 V
[LIFT] V_Compute: 28.826 V
[LIFT] V_Motors: 28.253 V
[LIFT] V_Compute: 28.830 V
[LIFT] V_Motors: 28.249 V
[LIFT] V_Compute: 28.821 V
[LIFT] V_Motors: 28.247 V
[LIFT] V_Compute: 28.826 V
[LIFT] V_Motors: 28.250 V
[LIFT] V_Compute: 28.822 V
[LIFT] V_Motors: 28.251 V
[LIFT] V_Compute: 28.825 V
[LIFT] V_Motors: 28.249 V
[LIFT] V_Compute: 28.819 V
[LIFT] V_Motors: 28.253 V
[LIFT] V_Compute: 28.825 V
[LIFT] V_Motors: 28.254 V
[LIFT] V_Compute: 28.829 V
[LIFT] V_Motors: 28.253 V
[LIFT] V_Compute: 28.821 V
[LIFT] V_Motors: 28.251 V
[LIFT] V_Compute: 28.827 V
[LIFT] V_Motors: 28.250 V
[LIFT] V_Compute: 28.826 V
[LIFT] V_Motors: 28.251 V
[LIFT] V_Compute: 28.824 V
[LIFT] V_Motors: 28.247 V
[LIFT] V_Compute: 28.829 V
[LIFT] V_Motors: 28.253 V
[LIFT] V_Compute: 28.827 V
[LIFT] V_Motors: 28.251 V
[LIFT] V_Compute: 28.824 V
[LIFT] V_Motors: 28.249 V
[LIFT] V_Compute: 28.820 V
[LIFT] V_Motors: 28.255 V
[LIFT] V_Compute: 28.827 V
[LIFT] V_Motors: 28.255 V
[LIFT] V_Compute: 28.824 V
[LIFT] V_Motors: 28.253 V
[LIFT] V_Compute: 28.826 V
[LIFT] V_Motors: 28.256 V
[LIFT] V_Compute: 28.826 V
[LIFT] V_Motors: 28.249 V
[LIFT] V_Compute: 28.827 V
[LIFT] V_Motors: 28.256 V
[LIFT] V_Compute: 28.817 V
[LIFT] V_Motors: 28.245 V
[LIFT] V_Compute: 28.825 V
[LIFT] V_Motors: 28.249 V
[LIFT] V_Compute: 28.824 V
[LIFT] V_Motors: 28.246 V
[LIFT] V_Compute: 28.822 V
[LIFT] V_Motors: 28.253 V
[LIFT] V_Compute: 28.821 V
[LIFT] V_Motors: 28.253 V
[LIFT] V_Compute: 28.812 V
[LIFT] V_Motors: 28.239 V
[LIFT] V_Compute: 28.822 V
[LIFT] V_Motors: 28.249 V
[LIFT] V_Compute: 28.826 V
[LIFT] V_Motors: 28.251 V
[LIFT] V_Compute: 28.820 V
[LIFT] V_Motors: 28.244 V
[LIFT] V_Compute: 28.801 V
[LIFT] V_Motors: 28.225 V
[LIFT] V_Compute: 28.805 V
[LIFT] V_Motors: 28.228 V
[LIFT] V_Compute: 28.821 V
[LIFT] V_Motors: 28.240 V
[LIFT] V_Compute: 28.821 V
[LIFT] V_Motors: 28.236 V
[LIFT] V_Compute: 28.814 V
[LIFT] V_Motors: 28.236 V
[LIFT] V_Compute: 28.814 V
[LIFT] V_Motors: 28.237 V
[LIFT] V_Compute: 28.815 V
[LIFT] V_Motors: 28.239 V
[LIFT] V_Compute: 28.816 V
[LIFT] V_Motors: 28.239 V
[LIFT] V_Compute: 28.801 V
[LIFT] V_Motors: 28.231 V
[LIFT] V_Compute: 28.809 V
[LIFT] V_Motors: 28.239 V
[LIFT] V_Compute: 28.812 V
[LIFT] V_Motors: 28.237 V
[LIFT] V_Compute: 28.811 V
[LIFT] V_Motors: 28.240 V
[LIFT] V_Compute: 28.815 V
[LIFT] V_Motors: 28.236 V
[LIFT] V_Compute: 28.816 V
[LIFT] V_Motors: 28.241 V
[LIFT] V_Compute: 28.817 V
[LIFT] V_Motors: 28.243 V
[LIFT] V_Compute: 28.817 V
[LIFT] V_Motors: 28.243 V
[LIFT] V_Compute: 28.811 V
[LIFT] V_Motors: 28.232 V
[LIFT] V_Compute: 28.815 V
[LIFT] V_Motors: 28.236 V
[LIFT] V_Compute: 28.814 V
[LIFT] V_Motors: 28.232 V
[LIFT] V_Compute: 28.814 V
[LIFT] V_Motors: 28.243 V
[LIFT] V_Compute: 28.809 V
[LIFT] V_Motors: 28.236 V
[LIFT] V_Compute: 28.815 V
[LIFT] V_Motors: 28.239 V
[LIFT] V_Compute: 28.814 V
[LIFT] V_Motors: 28.245 V
[LIFT] V_Compute: 28.812 V
[LIFT] V_Motors: 28.237 V
[LIFT] V_Compute: 28.811 V
[LIFT] V_Motors: 28.240 V
[LIFT] V_Compute: 28.811 V
[LIFT] V_Motors: 28.240 V
[LIFT] V_Compute: 28.812 V
[LIFT] V_Motors: 28.240 V
[LIFT] V_Compute: 28.811 V
[LIFT] V_Motors: 28.234 V
[LIFT] V_Compute: 28.815 V
[LIFT] V_Motors: 28.239 V
[LIFT] V_Compute: 28.812 V
[LIFT] V_Motors: 28.241 V
[YOR] follow_path: n=23 first=(-0.015999996662139915, -0.003600120544434482) last=(4.634000003337861, -0.6036001205444341)
[LIFT] V_Compute: 28.811 V
[LIFT] V_Motors: 28.199 V
[YOR] follow_path: n=23 first=(0.03400000333786013, -0.003600120544434482) last=(4.634000003337861, -0.6036001205444341)
[LIFT] V_Compute: 28.802 V
[LIFT] V_Motors: 28.211 V
[YOR] follow_path: n=21 first=(0.18400000333786015, -0.003600120544434482) last=(4.634000003337861, -0.6036001205444341)
[LIFT] V_Compute: 28.815 V
[LIFT] V_Motors: 28.214 V
[YOR] follow_path: n=21 first=(0.33400000333786006, -0.003600120544434482) last=(4.634000003337861, -0.6036001205444341)
[LIFT] V_Compute: 28.810 V
[LIFT] V_Motors: 28.216 V
[YOR] follow_path: n=20 first=(0.6340000033378601, -0.014800119400025125) last=(4.634000003337861, -0.6148001194000248)
[LIFT] V_Compute: 28.815 V
[LIFT] V_Motors: 28.212 V
[YOR] follow_path: n=19 first=(0.8340000033378601, -0.022900009155273793) last=(4.634000003337861, -0.6229000091552743)
[LIFT] V_Compute: 28.812 V
[LIFT] V_Motors: 28.212 V
[YOR] follow_path: n=18 first=(0.9840000033378602, -0.017900180816650568) last=(4.634000003337861, -0.6179001808166511)
[LIFT] V_Compute: 28.804 V
[LIFT] V_Motors: 28.201 V
[YOR] follow_path: n=17 first=(1.1840000033378602, -0.06790018081665128) last=(4.634000003337861, -0.6179001808166511)
[LIFT] V_Compute: 28.809 V
[LIFT] V_Motors: 28.190 V
[YOR] follow_path: n=17 first=(1.38400000333786, -0.06790018081665128) last=(4.634000003337861, -0.6179001808166511)
[LIFT] V_Compute: 28.792 V
[LIFT] V_Motors: 28.208 V
[LIFT] V_Compute: 28.802 V
[LIFT] V_Motors: 28.201 V
[YOR] follow_path: n=14 first=(1.58400000333786, -0.1179001808166511) last=(4.634000003337861, -0.6179001808166511)
[LIFT] V_Compute: 28.810 V
[LIFT] V_Motors: 28.212 V
[YOR] follow_path: n=14 first=(1.73400000333786, -0.15630002021789569) last=(4.634000003337861, -0.6063000202178959)
[LIFT] V_Compute: 28.790 V
[LIFT] V_Motors: 28.180 V
[YOR] follow_path: n=14 first=(1.9340000033378602, -0.2464001178741464) last=(4.634000003337861, -0.596400117874146)
[LIFT] V_Compute: 28.802 V
[LIFT] V_Motors: 28.201 V
[YOR] follow_path: n=14 first=(2.13400000333786, -0.2464001178741464) last=(4.634000003337861, -0.596400117874146)
[LIFT] V_Compute: 28.810 V
[LIFT] V_Motors: 28.195 V
[YOR] follow_path: n=12 first=(2.2840000033378605, -0.23229999542236346) last=(4.634000003337861, -0.582299995422364)
[LIFT] V_Compute: 28.812 V
[LIFT] V_Motors: 28.196 V
[YOR] follow_path: n=11 first=(2.4840000033378606, -0.23229999542236346) last=(4.634000003337861, -0.582299995422364)
[LIFT] V_Compute: 28.809 V
[LIFT] V_Motors: 28.200 V
[YOR] follow_path: n=11 first=(2.68400000333786, -0.28229999542236417) last=(4.634000003337861, -0.582299995422364)
[LIFT] V_Compute: 28.801 V
[LIFT] V_Motors: 28.201 V
[YOR] follow_path: n=10 first=(2.8340000033378603, -0.28229999542236417) last=(4.634000003337861, -0.582299995422364)
[LIFT] V_Compute: 28.805 V
[LIFT] V_Motors: 28.195 V
[YOR] follow_path: n=9 first=(3.0340000033378605, -0.3822999954223638) last=(4.634000003337861, -0.582299995422364)
[LIFT] V_Compute: 28.801 V
[LIFT] V_Motors: 28.208 V
[YOR] follow_path: n=9 first=(3.2340000033378606, -0.43229999542236364) last=(4.634000003337861, -0.582299995422364)
[LIFT] V_Compute: 28.806 V
[LIFT] V_Motors: 28.201 V
[YOR] follow_path: n=7 first=(3.43400000333786, -0.43229999542236364) last=(4.634000003337861, -0.582299995422364)
[LIFT] V_Compute: 28.796 V
[LIFT] V_Motors: 28.185 V
[YOR] follow_path: n=6 first=(3.5840000033378603, -0.48229999542236346) last=(4.634000003337861, -0.582299995422364)
[LIFT] V_Compute: 28.808 V
[LIFT] V_Motors: 28.192 V
[YOR] follow_path: n=5 first=(3.7840000033378605, -0.5322999954223642) last=(4.634000003337861, -0.582299995422364)
[LIFT] V_Compute: 28.811 V
[LIFT] V_Motors: 28.204 V
[LIFT] V_Compute: 28.815 V
[LIFT] V_Motors: 28.206 V
[YOR] follow_path: n=4 first=(3.9840000033378606, -0.48229999542236346) last=(4.634000003337861, -0.582299995422364)
[LIFT] V_Compute: 28.814 V
[LIFT] V_Motors: 28.210 V
[YOR] follow_path: n=4 first=(4.184000003337861, -0.48229999542236346) last=(4.634000003337861, -0.582299995422364)
[LIFT] V_Compute: 28.812 V
[LIFT] V_Motors: 28.197 V
[YOR] follow_path: n=2 first=(4.33400000333786, -0.5322999954223642) last=(4.634000003337861, -0.582299995422364)
[LIFT] V_Compute: 28.798 V
[LIFT] V_Motors: 28.200 V
[YOR] follow_path: n=2 first=(4.5340000033378605, -0.582299995422364) last=(4.634000003337861, -0.582299995422364)
[YOR] follow_path: cleared
[LIFT] V_Compute: 28.810 V
[LIFT] V_Motors: 28.234 V
[LIFT] V_Compute: 28.805 V
[LIFT] V_Motors: 28.231 V
[LIFT] V_Compute: 28.806 V
[LIFT] V_Motors: 28.235 V
[LIFT] V_Compute: 28.805 V
[LIFT] V_Motors: 28.234 V
[LIFT] V_Compute: 28.814 V
[LIFT] V_Motors: 28.235 V
[LIFT] V_Compute: 28.804 V
[LIFT] V_Motors: 28.230 V
[LIFT] V_Compute: 28.809 V
[LIFT] V_Motors: 28.234 V
[LIFT] V_Compute: 28.802 V
[LIFT] V_Motors: 28.229 V
[LIFT] V_Compute: 28.811 V
[LIFT] V_Motors: 28.237 V
[LIFT] V_Compute: 28.798 V
[LIFT] V_Motors: 28.231 V
[LIFT] V_Compute: 28.806 V
[LIFT] V_Motors: 28.229 V
[LIFT] V_Compute: 28.800 V
[LIFT] V_Motors: 28.226 V
[LIFT] V_Compute: 28.811 V
[LIFT] V_Motors: 28.231 V
[LIFT] V_Compute: 28.808 V
[LIFT] V_Motors: 28.228 V
[LIFT] V_Compute: 28.809 V
[LIFT] V_Motors: 28.229 V
[LIFT] V_Compute: 28.802 V
[LIFT] V_Motors: 28.226 V
[LIFT] V_Compute: 28.812 V
[LIFT] V_Motors: 28.224 V
[LIFT] V_Compute: 28.796 V
[LIFT] V_Motors: 28.231 V
[YOR] follow_path: n=23 first=(4.634000003337861, -0.582299995422364) last=(-0.015999996662139915, 0.01770000457763654)
[LIFT] V_Compute: 28.810 V
[LIFT] V_Motors: 28.186 V
[YOR] follow_path: n=23 first=(4.634000003337861, -0.582299995422364) last=(-0.015999996662139915, 0.01770000457763654)
[LIFT] V_Compute: 28.806 V
[LIFT] V_Motors: 28.204 V
[YOR] follow_path: n=23 first=(4.58400000333786, -0.6322999954223638) last=(-0.015999996662139915, 0.01770000457763654)
[LIFT] V_Compute: 28.808 V
[LIFT] V_Motors: 28.208 V
[YOR] follow_path: n=23 first=(4.5340000033378605, -0.6822999954223636) last=(-0.015999996662139915, 0.01770000457763654)
[LIFT] V_Compute: 28.810 V
[LIFT] V_Motors: 28.208 V
[YOR] follow_path: n=23 first=(4.484000003337861, -0.7322999954223635) last=(-0.015999996662139915, 0.01770000457763654)
[LIFT] V_Compute: 28.810 V
[LIFT] V_Motors: 28.211 V
[YOR] follow_path: n=22 first=(4.4010000228881845, -0.7322999954223635) last=(0.0010000228881836826, 0.01770000457763654)
[LIFT] V_Compute: 28.806 V
[LIFT] V_Motors: 28.231 V
[YOR] follow_path: n=22 first=(4.350300014019013, -0.6822999954223636) last=(0.0003000140190125844, 0.01770000457763654)
[LIFT] V_Compute: 28.810 V
[LIFT] V_Motors: 28.231 V
[YOR] follow_path: n=22 first=(4.350300002098084, -0.6322999954223638) last=(0.0003000020980834517, 0.01770000457763654)
[LIFT] V_Compute: 28.805 V
[LIFT] V_Motors: 28.234 V
[YOR] follow_path: n=22 first=(4.350300002098084, -0.6322999954223638) last=(0.0003000020980834517, 0.01770000457763654)
[LIFT] V_Compute: 28.806 V
[LIFT] V_Motors: 28.225 V
[YOR] follow_path: n=21 first=(4.350300002098084, -0.6322999954223638) last=(0.0003000020980834517, 0.01770000457763654)
[LIFT] V_Compute: 28.805 V
[LIFT] V_Motors: 28.174 V
[LIFT] V_Compute: 28.800 V
[LIFT] V_Motors: 28.190 V
[YOR] follow_path: n=22 first=(4.300300002098084, -0.6322999954223638) last=(0.0003000020980834517, 0.01770000457763654)
[LIFT] V_Compute: 28.804 V
[LIFT] V_Motors: 28.197 V
[YOR] follow_path: n=21 first=(4.174899995326997, -0.6322999954223638) last=(-0.025100004673004106, 0.01770000457763654)
[LIFT] V_Compute: 28.806 V
[LIFT] V_Motors: 28.202 V
[YOR] follow_path: n=20 first=(3.9577000141143808, -0.6322999954223638) last=(0.007700014114379927, 0.01770000457763654)
[LIFT] V_Compute: 28.808 V
[LIFT] V_Motors: 28.195 V
[YOR] follow_path: n=20 first=(3.7363000154495243, -0.6322999954223638) last=(-0.013699984550475941, 0.01770000457763654)
[LIFT] V_Compute: 28.806 V
[LIFT] V_Motors: 28.200 V
[YOR] follow_path: n=18 first=(3.568800067901612, -0.6322999954223638) last=(0.018800067901611373, 0.01770000457763654)
[LIFT] V_Compute: 28.785 V
[LIFT] V_Motors: 28.166 V
[YOR] follow_path: n=18 first=(3.3793000459671028, -0.5322999954223642) last=(-0.020699954032897594, 0.01770000457763654)
[LIFT] V_Compute: 28.804 V
[LIFT] V_Motors: 28.187 V
[YOR] follow_path: n=17 first=(3.177199983596802, -0.5322999954223642) last=(-0.022800016403198065, 0.01770000457763654)
[LIFT] V_Compute: 28.802 V
[LIFT] V_Motors: 28.194 V
[YOR] follow_path: n=17 first=(3.027400088310242, -0.48229999542236346) last=(-0.022599911689757946, 0.01770000457763654)
[LIFT] V_Compute: 28.805 V
[LIFT] V_Motors: 28.196 V
[YOR] follow_path: n=15 first=(2.782200050354004, -0.46830010414123624) last=(-0.01779994964599574, -0.018300104141236062)
[LIFT] V_Compute: 28.801 V
[LIFT] V_Motors: 28.199 V
[YOR] follow_path: n=14 first=(2.554400157928467, -0.46250009536743253) last=(0.004400157928467152, -0.012500095367432351)
[LIFT] V_Compute: 28.800 V
[LIFT] V_Motors: 28.189 V
[YOR] follow_path: n=13 first=(2.3843001365661625, -0.46250009536743253) last=(-0.015699863433837447, -0.012500095367432351)
[LIFT] V_Compute: 28.810 V
[LIFT] V_Motors: 28.196 V
[YOR] follow_path: n=12 first=(2.1727999687194828, -0.4125000953674318) last=(0.022799968719482866, -0.012500095367432351)
[LIFT] V_Compute: 28.804 V
[LIFT] V_Motors: 28.191 V
[YOR] follow_path: n=12 first=(2.0417000293731693, -0.4010003089904792) last=(-0.008299970626830522, -0.001000308990478871)
[LIFT] V_Compute: 28.799 V
[LIFT] V_Motors: 28.192 V
[YOR] follow_path: n=10 first=(1.846000146865845, -0.3888002395629888) last=(-0.0039998531341547405, 0.011199760437011541)
[LIFT] V_Compute: 28.811 V
[LIFT] V_Motors: 28.179 V
[YOR] follow_path: n=10 first=(1.6489999771118171, -0.36719999313354545) last=(-0.0010000228881832385, -0.01719999313354581)
[LIFT] V_Compute: 28.799 V
[LIFT] V_Motors: 28.190 V
[YOR] follow_path: n=8 first=(1.497300004959107, -0.2910002708435062) last=(-0.0026999950408930218, 0.008999729156493608)
[LIFT] V_Compute: 28.800 V
[LIFT] V_Motors: 28.199 V
[LIFT] V_Compute: 28.805 V
[LIFT] V_Motors: 28.192 V
[YOR] follow_path: n=8 first=(1.2418000698089608, -0.2910002708435062) last=(-0.008199930191040039, 0.008999729156493608)
[LIFT] V_Compute: 28.796 V
[LIFT] V_Motors: 28.192 V
[YOR] follow_path: n=6 first=(1.0884000301361088, -0.2410002708435064) last=(-0.011599969863890891, 0.008999729156493608)
[LIFT] V_Compute: 28.809 V
[LIFT] V_Motors: 28.191 V
[YOR] follow_path: n=6 first=(0.875100088119507, -0.19100027084350657) last=(-0.024899911880492454, 0.008999729156493608)
[LIFT] V_Compute: 28.800 V
[LIFT] V_Motors: 28.184 V
[YOR] follow_path: n=4 first=(0.7241001605987556, -0.1396000862121589) last=(0.024100160598755416, 0.010399913787841442)
[LIFT] V_Compute: 28.812 V
[LIFT] V_Motors: 28.191 V
[YOR] follow_path: n=4 first=(0.5524000167846683, -0.08960008621215909) last=(0.0024000167846685017, 0.010399913787841442)
[LIFT] V_Compute: 28.808 V
[LIFT] V_Motors: 28.185 V
[LIFT] V_Compute: 28.815 V
[LIFT] V_Motors: 28.191 V
[LIFT] V_Compute: 28.805 V
[LIFT] V_Motors: 28.204 V
[LIFT] V_Compute: 28.801 V
[LIFT] V_Motors: 28.200 V
[LIFT] V_Compute: 28.808 V
[LIFT] V_Motors: 28.209 V
[LIFT] V_Compute: 28.802 V
[LIFT] V_Motors: 28.204 V
[LIFT] V_Compute: 28.802 V
[LIFT] V_Motors: 28.200 V
[LIFT] V_Compute: 28.806 V
[LIFT] V_Motors: 28.215 V
[LIFT] V_Compute: 28.800 V
[LIFT] V_Motors: 28.209 V
[LIFT] V_Compute: 28.802 V
[LIFT] V_Motors: 28.220 V
[LIFT] V_Compute: 28.806 V
[LIFT] V_Motors: 28.222 V
[LIFT] V_Compute: 28.808 V
[LIFT] V_Motors: 28.183 V
[LIFT] V_Compute: 28.808 V
[LIFT] V_Motors: 28.196 V
[LIFT] V_Compute: 28.799 V
[LIFT] V_Motors: 28.224 V
[LIFT] V_Compute: 28.782 V
[LIFT] V_Motors: 28.194 V
[YOR] follow_path: cleared
[LIFT] V_Compute: 28.802 V
[LIFT] V_Motors: 28.224 V
[LIFT] V_Compute: 28.806 V
[LIFT] V_Motors: 28.220 V
[LIFT] V_Compute: 28.800 V
[LIFT] V_Motors: 28.222 V
[LIFT] V_Compute: 28.796 V
[LIFT] V_Motors: 28.220 V
[LIFT] V_Compute: 28.800 V
[LIFT] V_Motors: 28.220 V
[LIFT] V_Compute: 28.805 V
[LIFT] V_Motors: 28.229 V
[LIFT] V_Compute: 28.800 V
[LIFT] V_Motors: 28.221 V
[LIFT] V_Compute: 28.804 V
[LIFT] V_Motors: 28.230 V
[LIFT] V_Compute: 28.804 V
[LIFT] V_Motors: 28.229 V
[YOR] follow_path: n=23 first=(0.009999990463256836, -0.005600261688233132) last=(4.609999990463257, -0.6056002616882328)
[LIFT] V_Compute: 28.806 V
[LIFT] V_Motors: 28.195 V
[YOR] follow_path: n=22 first=(0.059999990463257546, -0.005600261688233132) last=(4.609999990463257, -0.6056002616882328)
[LIFT] V_Compute: 28.804 V
[LIFT] V_Motors: 28.201 V
[YOR] follow_path: n=22 first=(0.209999990463257, -0.005600261688233132) last=(4.609999990463257, -0.6056002616882328)
[LIFT] V_Compute: 28.806 V
[LIFT] V_Motors: 28.209 V
[YOR] follow_path: n=21 first=(0.4099999904632572, -0.005600261688233132) last=(4.609999990463257, -0.6056002616882328)
[LIFT] V_Compute: 28.812 V
[LIFT] V_Motors: 28.196 V
[YOR] follow_path: n=20 first=(0.6099999904632574, -0.005600261688233132) last=(4.609999990463257, -0.6056002616882328)
[LIFT] V_Compute: 28.804 V
[LIFT] V_Motors: 28.200 V
[YOR] follow_path: n=18 first=(0.8099999904632575, -0.01459999084472674) last=(4.609999990463257, -0.5645999908447275)
[LIFT] V_Compute: 28.801 V
[LIFT] V_Motors: 28.197 V
[YOR] follow_path: n=18 first=(1.0099999904632577, -0.01459999084472674) last=(4.609999990463257, -0.5645999908447275)
[LIFT] V_Compute: 28.798 V
[LIFT] V_Motors: 28.200 V
[YOR] follow_path: n=18 first=(1.1599999904632572, -0.01459999084472674) last=(4.609999990463257, -0.5645999908447275)
[LIFT] V_Compute: 28.800 V
[LIFT] V_Motors: 28.185 V
[YOR] follow_path: n=17 first=(1.3599999904632574, -0.06459999084472745) last=(4.609999990463257, -0.5645999908447275)
[LIFT] V_Compute: 28.799 V
[LIFT] V_Motors: 28.138 V
[YOR] follow_path: n=16 first=(1.5599999904632575, -0.1522000312805183) last=(4.609999990463257, -0.6022000312805185)
[LIFT] V_Compute: 28.806 V
[LIFT] V_Motors: 28.121 V
[YOR] follow_path: n=15 first=(1.7599999904632577, -0.11649999618530327) last=(4.609999990463257, -0.5664999961853034)
[LIFT] V_Compute: 28.800 V
[LIFT] V_Motors: 28.185 V
[YOR] follow_path: n=13 first=(1.9099999904632572, -0.2164999961853029) last=(4.609999990463257, -0.5664999961853034)
[LIFT] V_Compute: 28.804 V
[LIFT] V_Motors: 28.170 V
[YOR] follow_path: n=13 first=(2.0599999904632575, -0.2164999961853029) last=(4.609999990463257, -0.5664999961853034)
[LIFT] V_Compute: 28.804 V
[LIFT] V_Motors: 28.200 V
[YOR] follow_path: n=12 first=(2.209999990463257, -0.2164999961853029) last=(4.609999990463257, -0.5664999961853034)
[LIFT] V_Compute: 28.806 V
[LIFT] V_Motors: 28.173 V
[LIFT] V_Compute: 28.809 V
[LIFT] V_Motors: 28.183 V
[YOR] follow_path: n=12 first=(2.409999990463257, -0.2164999961853029) last=(4.609999990463257, -0.5664999961853034)
[LIFT] V_Compute: 28.802 V
[LIFT] V_Motors: 28.184 V
[YOR] follow_path: n=10 first=(2.6099999904632574, -0.2164999961853029) last=(4.609999990463257, -0.5664999961853034)
[LIFT] V_Compute: 28.808 V
[LIFT] V_Motors: 28.185 V
[YOR] follow_path: n=10 first=(2.7599999904632577, -0.2664999961853036) last=(4.609999990463257, -0.5664999961853034)
[LIFT] V_Compute: 28.799 V
[LIFT] V_Motors: 28.190 V
[YOR] follow_path: n=9 first=(2.959999990463257, -0.36649999618530327) last=(4.609999990463257, -0.5664999961853034)
[LIFT] V_Compute: 28.806 V
[LIFT] V_Motors: 28.191 V
[YOR] follow_path: n=8 first=(3.1099999904632574, -0.4164999961853031) last=(4.609999990463257, -0.5664999961853034)
[LIFT] V_Compute: 28.799 V
[LIFT] V_Motors: 28.187 V
[YOR] follow_path: n=8 first=(3.3599999904632574, -0.4164999961853031) last=(4.609999990463257, -0.5664999961853034)
[LIFT] V_Compute: 28.801 V
[LIFT] V_Motors: 28.177 V
[YOR] follow_path: n=6 first=(3.5099999904632577, -0.4664999961853029) last=(4.609999990463257, -0.5664999961853034)
[LIFT] V_Compute: 28.799 V
[LIFT] V_Motors: 28.187 V
[YOR] follow_path: n=6 first=(3.709999990463257, -0.4664999961853029) last=(4.609999990463257, -0.5664999961853034)
[LIFT] V_Compute: 28.804 V
[LIFT] V_Motors: 28.181 V
[YOR] follow_path: n=4 first=(3.8599999904632574, -0.5164999961853036) last=(4.609999990463257, -0.5664999961853034)
[LIFT] V_Compute: 28.805 V
[LIFT] V_Motors: 28.180 V
[YOR] follow_path: n=4 first=(4.009999990463258, -0.5164999961853036) last=(4.609999990463257, -0.5664999961853034)
[LIFT] V_Compute: 28.804 V
[LIFT] V_Motors: 28.183 V
[YOR] follow_path: n=3 first=(4.209999990463257, -0.4664999961853029) last=(4.609999990463257, -0.5664999961853034)
[LIFT] V_Compute: 28.805 V
[LIFT] V_Motors: 28.224 V
[LIFT] V_Compute: 28.804 V
[LIFT] V_Motors: 28.209 V
[LIFT] V_Compute: 28.799 V
[LIFT] V_Motors: 28.214 V
[YOR] follow_path: cleared
[LIFT] V_Compute: 28.808 V
[LIFT] V_Motors: 28.225 V
[LIFT] V_Compute: 28.811 V
[LIFT] V_Motors: 28.225 V
[LIFT] V_Compute: 28.811 V
[LIFT] V_Motors: 28.225 V
[LIFT] V_Compute: 28.808 V
[LIFT] V_Motors: 28.228 V
[LIFT] V_Compute: 28.809 V
[LIFT] V_Motors: 28.226 V
[LIFT] V_Compute: 28.812 V
[LIFT] V_Motors: 28.228 V
[LIFT] V_Compute: 28.805 V
[LIFT] V_Motors: 28.222 V
[LIFT] V_Compute: 28.800 V
[LIFT] V_Motors: 28.222 V
[LIFT] V_Compute: 28.809 V
[LIFT] V_Motors: 28.224 V
[LIFT] V_Compute: 28.805 V
[LIFT] V_Motors: 28.228 V
[LIFT] V_Compute: 28.792 V
[LIFT] V_Motors: 28.219 V
[YOR] follow_path: n=22 first=(4.559999990463257, -0.5664999961853034) last=(0.009999990463256836, -0.016499996185302734)
[LIFT] V_Compute: 28.805 V
[LIFT] V_Motors: 28.206 V
[YOR] follow_path: n=22 first=(4.559999990463257, -0.5664999961853034) last=(0.009999990463256836, -0.016499996185302734)
[LIFT] V_Compute: 28.804 V
[LIFT] V_Motors: 28.200 V
[YOR] follow_path: n=23 first=(4.559999990463257, -0.6664999961853031) last=(0.009999990463256836, -0.016499996185302734)
[LIFT] V_Compute: 28.804 V
[LIFT] V_Motors: 28.201 V
[YOR] follow_path: n=23 first=(4.509999990463258, -0.7164999961853029) last=(0.009999990463256836, -0.016499996185302734)
[LIFT] V_Compute: 28.800 V
[LIFT] V_Motors: 28.204 V
[YOR] follow_path: n=23 first=(4.459999990463257, -0.7164999961853029) last=(0.009999990463256836, -0.016499996185302734)
[LIFT] V_Compute: 28.782 V
[LIFT] V_Motors: 28.189 V
[YOR] follow_path: n=22 first=(4.359999990463257, -0.7164999961853029) last=(0.009999990463256836, -0.016499996185302734)
[LIFT] V_Compute: 28.801 V
[LIFT] V_Motors: 28.215 V
[YOR] follow_path: n=22 first=(4.309999990463257, -0.6664999961853031) last=(0.009999990463256836, -0.016499996185302734)
[LIFT] V_Compute: 28.808 V
[LIFT] V_Motors: 28.208 V
[YOR] follow_path: n=22 first=(4.309999990463257, -0.6664999961853031) last=(0.009999990463256836, -0.016499996185302734)
[LIFT] V_Compute: 28.801 V
[LIFT] V_Motors: 28.209 V
[YOR] follow_path: n=22 first=(4.309999990463257, -0.6164999961853033) last=(0.009999990463256836, -0.016499996185302734)
[LIFT] V_Compute: 28.796 V
[LIFT] V_Motors: 28.219 V
[YOR] follow_path: n=22 first=(4.309999990463257, -0.6164999961853033) last=(0.009999990463256836, -0.016499996185302734)
[LIFT] V_Compute: 28.794 V
[LIFT] V_Motors: 28.167 V
[YOR] follow_path: n=22 first=(4.309999990463257, -0.6164999961853033) last=(0.009999990463256836, -0.016499996185302734)
[LIFT] V_Compute: 28.795 V
[LIFT] V_Motors: 28.186 V
[YOR] follow_path: n=22 first=(4.209999990463257, -0.6164999961853033) last=(0.009999990463256836, -0.016499996185302734)
[LIFT] V_Compute: 28.809 V
[LIFT] V_Motors: 28.187 V
[YOR] follow_path: n=21 first=(4.009999990463258, -0.6164999961853033) last=(0.009999990463256836, -0.016499996185302734)
[LIFT] V_Compute: 28.814 V
[LIFT] V_Motors: 28.204 V
[YOR] follow_path: n=19 first=(3.8099999904632567, -0.6164999961853033) last=(0.009999990463256836, -0.016499996185302734)
[LIFT] V_Compute: 28.802 V
[LIFT] V_Motors: 28.199 V
[YOR] follow_path: n=18 first=(3.6099999904632574, -0.6164999961853033) last=(0.009999990463256836, -0.016499996185302734)
[LIFT] V_Compute: 28.802 V
[LIFT] V_Motors: 28.200 V
[YOR] follow_path: n=18 first=(3.3599999904632574, -0.6164999961853033) last=(0.009999990463256836, -0.016499996185302734)
[LIFT] V_Compute: 28.800 V
[LIFT] V_Motors: 28.190 V
[YOR] follow_path: n=17 first=(3.209999990463257, -0.5164999961853036) last=(0.009999990463256836, -0.016499996185302734)
[LIFT] V_Compute: 28.801 V
[LIFT] V_Motors: 28.186 V
[LIFT] V_Compute: 28.804 V
[LIFT] V_Motors: 28.179 V
[YOR] follow_path: n=16 first=(3.0599999904632575, -0.5164999961853036) last=(0.009999990463256836, -0.016499996185302734)
[LIFT] V_Compute: 28.809 V
[LIFT] V_Motors: 28.201 V
[YOR] follow_path: n=15 first=(2.8099999904632575, -0.5164999961853036) last=(0.009999990463256836, -0.016499996185302734)
[LIFT] V_Compute: 28.794 V
[LIFT] V_Motors: 28.185 V
[YOR] follow_path: n=14 first=(2.6099999904632574, -0.5089002132415779) last=(0.009999990463256836, -0.008900213241577859)
[LIFT] V_Compute: 28.801 V
[LIFT] V_Motors: 28.175 V
[YOR] follow_path: n=13 first=(2.409999990463257, -0.45890021324157804) last=(0.009999990463256836, -0.008900213241577859)
[LIFT] V_Compute: 28.805 V
[LIFT] V_Motors: 28.190 V
[YOR] follow_path: n=12 first=(2.2599999904632577, -0.45890021324157804) last=(0.009999990463256836, -0.008900213241577859)
[LIFT] V_Compute: 28.804 V
[LIFT] V_Motors: 28.199 V
[YOR] follow_path: n=12 first=(2.0599999904632575, -0.4148002624511724) last=(0.009999990463256836, -0.014800262451172053)
[LIFT] V_Compute: 28.800 V
[LIFT] V_Motors: 28.176 V
[YOR] follow_path: n=10 first=(1.8599999904632574, -0.3929000854492193) last=(0.009999990463256836, 0.007099914550781072)
[LIFT] V_Compute: 28.791 V
[LIFT] V_Motors: 28.173 V
[YOR] follow_path: n=10 first=(1.709999990463257, -0.3929000854492193) last=(0.009999990463256836, 0.007099914550781072)
[LIFT] V_Compute: 28.798 V
[LIFT] V_Motors: 28.194 V
[YOR] follow_path: n=8 first=(1.5099999904632577, -0.284400081634522) last=(0.009999990463256836, 0.015599918365477805)
[LIFT] V_Compute: 28.796 V
[LIFT] V_Motors: 28.189 V
[YOR] follow_path: n=8 first=(1.3099999904632575, -0.2745002746582035) last=(0.009999990463256836, -0.02450027465820348)
[LIFT] V_Compute: 28.799 V
[LIFT] V_Motors: 28.195 V
[YOR] follow_path: n=6 first=(1.0952002048492435, -0.22450027465820366) last=(-0.004799795150756125, -0.02450027465820348)
[LIFT] V_Compute: 28.798 V
[LIFT] V_Motors: 28.199 V
[YOR] follow_path: n=6 first=(0.916800022125245, -0.22450027465820366) last=(0.016800022125244674, -0.02450027465820348)
[LIFT] V_Compute: 28.808 V
[LIFT] V_Motors: 28.187 V
[YOR] follow_path: n=5 first=(0.7668000221252447, -0.17450027465820384) last=(0.016800022125244674, -0.02450027465820348)
[LIFT] V_Compute: 28.801 V
[LIFT] V_Motors: 28.166 V
[YOR] follow_path: n=4 first=(0.5668000221252445, -0.12560009956359952) last=(0.016800022125244674, 0.024399900436400834)
[LIFT] V_Compute: 28.808 V
[LIFT] V_Motors: 28.159 V
[YOR] follow_path: n=3 first=(0.3668000221252443, -0.11649999618530327) last=(0.016800022125244674, -0.016499996185302734)
[LIFT] V_Compute: 28.808 V
[LIFT] V_Motors: 28.183 V
[LIFT] V_Compute: 28.804 V
[LIFT] V_Motors: 28.190 V
[LIFT] V_Compute: 28.802 V
[LIFT] V_Motors: 28.194 V
[LIFT] V_Compute: 28.795 V
[LIFT] V_Motors: 28.206 V
[LIFT] V_Compute: 28.800 V
[LIFT] V_Motors: 28.190 V
[LIFT] V_Compute: 28.799 V
[LIFT] V_Motors: 28.202 V
[LIFT] V_Compute: 28.805 V
[LIFT] V_Motors: 28.183 V
[LIFT] V_Compute: 28.801 V
[LIFT] V_Motors: 28.190 V
[LIFT] V_Compute: 28.804 V
[LIFT] V_Motors: 28.211 V
[LIFT] V_Compute: 28.790 V
[LIFT] V_Motors: 28.220 V
[LIFT] V_Compute: 28.794 V
[LIFT] V_Motors: 28.208 V
[LIFT] V_Compute: 28.806 V
[LIFT] V_Motors: 28.173 V
[LIFT] V_Compute: 28.804 V
[LIFT] V_Motors: 28.194 V
[LIFT] V_Compute: 28.805 V
[LIFT] V_Motors: 28.215 V
[LIFT] V_Compute: 28.798 V
[LIFT] V_Motors: 28.196 V
[LIFT] V_Compute: 28.801 V
[LIFT] V_Motors: 28.216 V
[YOR] follow_path: cleared
[LIFT] V_Compute: 28.801 V
[LIFT] V_Motors: 28.222 V
[LIFT] V_Compute: 28.808 V
[LIFT] V_Motors: 28.216 V
[LIFT] V_Compute: 28.800 V
[LIFT] V_Motors: 28.218 V
[LIFT] V_Compute: 28.808 V
[LIFT] V_Motors: 28.219 V
[LIFT] V_Compute: 28.806 V
[LIFT] V_Motors: 28.219 V
[LIFT] V_Compute: 28.796 V
[LIFT] V_Motors: 28.211 V
[LIFT] V_Compute: 28.794 V
[LIFT] V_Motors: 28.224 V
[LIFT] V_Compute: 28.801 V
[LIFT] V_Motors: 28.219 V
[LIFT] V_Compute: 28.804 V
[LIFT] V_Motors: 28.220 V
[LIFT] V_Compute: 28.804 V
[LIFT] V_Motors: 28.218 V
[LIFT] V_Compute: 28.791 V
[LIFT] V_Motors: 28.218 V
[LIFT] V_Compute: 28.806 V
[LIFT] V_Motors: 28.225 V
[LIFT] V_Compute: 28.795 V
[LIFT] V_Motors: 28.214 V
[LIFT] V_Compute: 28.796 V
[LIFT] V_Motors: 28.221 V
[LIFT] V_Compute: 28.795 V
[LIFT] V_Motors: 28.215 V
[LIFT] V_Compute: 28.792 V
[LIFT] V_Motors: 28.219 V
[LIFT] V_Compute: 28.801 V
[LIFT] V_Motors: 28.219 V
[LIFT] V_Compute: 28.802 V
[LIFT] V_Motors: 28.216 V
[LIFT] V_Compute: 28.798 V
[LIFT] V_Motors: 28.216 V
[YOR] follow_path: cleared
[LIFT] V_Compute: 28.806 V
[LIFT] V_Motors: 28.228 V
[LIFT] V_Compute: 28.801 V
[LIFT] V_Motors: 28.225 V
[LIFT] V_Compute: 28.806 V
[LIFT] V_Motors: 28.229 V
[LIFT] V_Compute: 28.785 V
[LIFT] V_Motors: 28.211 V
[LIFT] V_Compute: 28.785 V
[LIFT] V_Motors: 28.214 V
[LIFT] V_Compute: 28.782 V
[LIFT] V_Motors: 28.215 V
[LIFT] V_Compute: 28.791 V
[LIFT] V_Motors: 28.219 V
[LIFT] V_Compute: 28.801 V
[LIFT] V_Motors: 28.224 V
[LIFT] V_Compute: 28.806 V
[LIFT] V_Motors: 28.225 V
[LIFT] V_Compute: 28.808 V
[LIFT] V_Motors: 28.232 V
[LIFT] V_Compute: 28.790 V
[LIFT] V_Motors: 28.230 V
[LIFT] V_Compute: 28.812 V
[LIFT] V_Motors: 28.226 V
[LIFT] V_Compute: 28.804 V
[LIFT] V_Motors: 28.231 V
[LIFT] V_Compute: 28.815 V
[LIFT] V_Motors: 28.231 V
[LIFT] V_Compute: 28.806 V
[LIFT] V_Motors: 28.234 V
[LIFT] V_Compute: 28.808 V
[LIFT] V_Motors: 28.230 V
[LIFT] V_Compute: 28.812 V
[LIFT] V_Motors: 28.232 V
[LIFT] V_Compute: 28.809 V
[LIFT] V_Motors: 28.231 V
[LIFT] V_Compute: 28.809 V
[LIFT] V_Motors: 28.231 V
[LIFT] V_Compute: 28.810 V
[LIFT] V_Motors: 28.230 V
[LIFT] V_Compute: 28.810 V
[LIFT] V_Motors: 28.232 V
[LIFT] V_Compute: 28.809 V
[LIFT] V_Motors: 28.231 V
[LIFT] V_Compute: 28.808 V
[LIFT] V_Motors: 28.228 V
[LIFT] V_Compute: 28.812 V
[LIFT] V_Motors: 28.230 V
[LIFT] V_Compute: 28.805 V
[LIFT] V_Motors: 28.228 V
[LIFT] V_Compute: 28.799 V
[LIFT] V_Motors: 28.229 V
[LIFT] V_Compute: 28.808 V
[LIFT] V_Motors: 28.225 V
[LIFT] V_Compute: 28.801 V
[LIFT] V_Motors: 28.229 V
[LIFT] V_Compute: 28.815 V
[LIFT] V_Motors: 28.230 V
[LIFT] V_Compute: 28.805 V
[LIFT] V_Motors: 28.232 V
[LIFT] V_Compute: 28.809 V
[LIFT] V_Motors: 28.229 V
[LIFT] V_Compute: 28.810 V
[LIFT] V_Motors: 28.232 V
[LIFT] V_Compute: 28.814 V
[LIFT] V_Motors: 28.231 V
[LIFT] V_Compute: 28.815 V
[LIFT] V_Motors: 28.230 V
[LIFT] V_Compute: 28.815 V
[LIFT] V_Motors: 28.231 V
[LIFT] V_Compute: 28.809 V
[LIFT] V_Motors: 28.225 V
[LIFT] V_Compute: 28.811 V
[LIFT] V_Motors: 28.230 V
[LIFT] V_Compute: 28.811 V
[LIFT] V_Motors: 28.230 V
[LIFT] V_Compute: 28.806 V
[LIFT] V_Motors: 28.231 V
[LIFT] V_Compute: 28.816 V
[LIFT] V_Motors: 28.231 V
[LIFT] V_Compute: 28.791 V
[LIFT] V_Motors: 28.216 V
[LIFT] V_Compute: 28.809 V
[LIFT] V_Motors: 28.230 V
[LIFT] V_Compute: 28.812 V
[LIFT] V_Motors: 28.230 V
[LIFT] V_Compute: 28.812 V
[LIFT] V_Motors: 28.236 V
[LIFT] V_Compute: 28.814 V
[LIFT] V_Motors: 28.234 V
[LIFT] V_Compute: 28.794 V
[LIFT] V_Motors: 28.224 V
[LIFT] V_Compute: 28.817 V
[LIFT] V_Motors: 28.234 V
[LIFT] V_Compute: 28.815 V
[LIFT] V_Motors: 28.230 V
[LIFT] V_Compute: 28.811 V
[LIFT] V_Motors: 28.230 V
[LIFT] V_Compute: 28.821 V
[LIFT] V_Motors: 28.236 V
[LIFT] V_Compute: 28.812 V
[LIFT] V_Motors: 28.231 V
[LIFT] V_Compute: 28.817 V
[LIFT] V_Motors: 28.235 V
[LIFT] V_Compute: 28.816 V
[LIFT] V_Motors: 28.234 V
[LIFT] V_Compute: 28.809 V
[LIFT] V_Motors: 28.236 V
[LIFT] V_Compute: 28.817 V
[LIFT] V_Motors: 28.232 V
[LIFT] V_Compute: 28.814 V
[LIFT] V_Motors: 28.226 V
[LIFT] V_Compute: 28.811 V
[LIFT] V_Motors: 28.231 V
[LIFT] V_Compute: 28.819 V
[LIFT] V_Motors: 28.229 V
[LIFT] V_Compute: 28.811 V
[LIFT] V_Motors: 28.235 V
[LIFT] V_Compute: 28.812 V
[LIFT] V_Motors: 28.239 V
[LIFT] V_Compute: 28.815 V
[LIFT] V_Motors: 28.234 V
[LIFT] V_Compute: 28.812 V
[LIFT] V_Motors: 28.236 V
[LIFT] V_Compute: 28.814 V
[LIFT] V_Motors: 28.235 V
[LIFT] V_Compute: 28.812 V
[LIFT] V_Motors: 28.230 V
[LIFT] V_Compute: 28.817 V
[LIFT] V_Motors: 28.234 V
[LIFT] V_Compute: 28.802 V
[LIFT] V_Motors: 28.225 V
[LIFT] V_Compute: 28.788 V
[LIFT] V_Motors: 28.219 V
[LIFT] V_Compute: 28.800 V
[LIFT] V_Motors: 28.221 V
[LIFT] V_Compute: 28.814 V
[LIFT] V_Motors: 28.236 V
[LIFT] V_Compute: 28.816 V
[LIFT] V_Motors: 28.231 V
[LIFT] V_Compute: 28.815 V
[LIFT] V_Motors: 28.234 V
[LIFT] V_Compute: 28.812 V
[LIFT] V_Motors: 28.228 V
[LIFT] V_Compute: 28.816 V
[LIFT] V_Motors: 28.236 V
[LIFT] V_Compute: 28.802 V
[LIFT] V_Motors: 28.228 V
[LIFT] V_Compute: 28.815 V
[LIFT] V_Motors: 28.239 V
[LIFT] V_Compute: 28.812 V
[LIFT] V_Motors: 28.224 V
[LIFT] V_Compute: 28.814 V
[LIFT] V_Motors: 28.235 V
[LIFT] V_Compute: 28.814 V
[LIFT] V_Motors: 28.234 V
[LIFT] V_Compute: 28.806 V
[LIFT] V_Motors: 28.234 V
[LIFT] V_Compute: 28.810 V
[LIFT] V_Motors: 28.231 V
[LIFT] V_Compute: 28.817 V
[LIFT] V_Motors: 28.232 V
[LIFT] V_Compute: 28.815 V
[LIFT] V_Motors: 28.228 V
[LIFT] V_Compute: 28.805 V
[LIFT] V_Motors: 28.224 V
[LIFT] V_Compute: 28.808 V
[LIFT] V_Motors: 28.232 V
[LIFT] V_Compute: 28.815 V
[LIFT] V_Motors: 28.235 V
[LIFT] V_Compute: 28.810 V
[LIFT] V_Motors: 28.236 V
[LIFT] V_Compute: 28.808 V
[LIFT] V_Motors: 28.236 V
[LIFT] V_Compute: 28.812 V
[LIFT] V_Motors: 28.235 V
[LIFT] V_Compute: 28.812 V
[LIFT] V_Motors: 28.232 V
[LIFT] V_Compute: 28.806 V
[LIFT] V_Motors: 28.230 V
[LIFT] V_Compute: 28.811 V
[LIFT] V_Motors: 28.224 V
[LIFT] V_Compute: 28.812 V
[LIFT] V_Motors: 28.235 V
[LIFT] V_Compute: 28.810 V
[LIFT] V_Motors: 28.236 V
[LIFT] V_Compute: 28.810 V
[LIFT] V_Motors: 28.230 V
[LIFT] V_Compute: 28.812 V
[LIFT] V_Motors: 28.231 V
[LIFT] V_Compute: 28.810 V
[LIFT] V_Motors: 28.237 V
[LIFT] V_Compute: 28.810 V
[LIFT] V_Motors: 28.234 V
[LIFT] V_Compute: 28.815 V
[LIFT] V_Motors: 28.231 V
[LIFT] V_Compute: 28.809 V
[LIFT] V_Motors: 28.236 V
[LIFT] V_Compute: 28.815 V
[LIFT] V_Motors: 28.232 V
[LIFT] V_Compute: 28.815 V
[LIFT] V_Motors: 28.236 V
[LIFT] V_Compute: 28.812 V
[LIFT] V_Motors: 28.231 V
[LIFT] V_Compute: 28.817 V
[LIFT] V_Motors: 28.232 V
[LIFT] V_Compute: 28.814 V
[LIFT] V_Motors: 28.237 V
[LIFT] V_Compute: 28.812 V
[LIFT] V_Motors: 28.239 V
[LIFT] V_Compute: 28.815 V
[LIFT] V_Motors: 28.235 V
[LIFT] V_Compute: 28.811 V
[LIFT] V_Motors: 28.235 V
[LIFT] V_Compute: 28.808 V
[LIFT] V_Motors: 28.240 V
[LIFT] V_Compute: 28.815 V
[LIFT] V_Motors: 28.236 V
[LIFT] V_Compute: 28.810 V
[LIFT] V_Motors: 28.232 V
[LIFT] V_Compute: 28.817 V
[LIFT] V_Motors: 28.229 V
[LIFT] V_Compute: 28.815 V
[LIFT] V_Motors: 28.239 V
[LIFT] V_Compute: 28.801 V
[LIFT] V_Motors: 28.222 V
[LIFT] V_Compute: 28.815 V
[LIFT] V_Motors: 28.232 V
[LIFT] V_Compute: 28.812 V
[LIFT] V_Motors: 28.232 V
[LIFT] V_Compute: 28.814 V
[LIFT] V_Motors: 28.236 V
[LIFT] V_Compute: 28.812 V
[LIFT] V_Motors: 28.237 V
[LIFT] V_Compute: 28.811 V
[LIFT] V_Motors: 28.235 V
[LIFT] V_Compute: 28.801 V
[LIFT] V_Motors: 28.222 V
[LIFT] V_Compute: 28.815 V
[LIFT] V_Motors: 28.237 V
[LIFT] V_Compute: 28.811 V
[LIFT] V_Motors: 28.235 V
[LIFT] V_Compute: 28.812 V
[LIFT] V_Motors: 28.236 V
[LIFT] V_Compute: 28.805 V
[LIFT] V_Motors: 28.234 V
[LIFT] V_Compute: 28.805 V
[LIFT] V_Motors: 28.225 V
[LIFT] V_Compute: 28.811 V
[LIFT] V_Motors: 28.230 V
[LIFT] V_Compute: 28.809 V
[LIFT] V_Motors: 28.234 V
[LIFT] V_Compute: 28.815 V
[LIFT] V_Motors: 28.231 V
[LIFT] V_Compute: 28.810 V
[LIFT] V_Motors: 28.239 V
[LIFT] V_Compute: 28.811 V
[LIFT] V_Motors: 28.234 V
[LIFT] V_Compute: 28.805 V
[LIFT] V_Motors: 28.230 V
[LIFT] V_Compute: 28.812 V
[LIFT] V_Motors: 28.232 V
[LIFT] V_Compute: 28.814 V
[LIFT] V_Motors: 28.235 V
[LIFT] V_Compute: 28.810 V
[LIFT] V_Motors: 28.234 V
[LIFT] V_Compute: 28.810 V
[LIFT] V_Motors: 28.235 V
[LIFT] V_Compute: 28.815 V
[LIFT] V_Motors: 28.234 V
[LIFT] V_Compute: 28.817 V
[LIFT] V_Motors: 28.234 V
[LIFT] V_Compute: 28.814 V
[LIFT] V_Motors: 28.237 V
[LIFT] V_Compute: 28.808 V
[LIFT] V_Motors: 28.231 V
[LIFT] V_Compute: 28.815 V
[LIFT] V_Motors: 28.235 V
[LIFT] V_Compute: 28.795 V
[LIFT] V_Motors: 28.224 V
[LIFT] V_Compute: 28.815 V
[LIFT] V_Motors: 28.234 V
[LIFT] V_Compute: 28.809 V
[LIFT] V_Motors: 28.237 V
[LIFT] V_Compute: 28.815 V
[LIFT] V_Motors: 28.236 V
[LIFT] V_Compute: 28.812 V
[LIFT] V_Motors: 28.229 V
[LIFT] V_Compute: 28.814 V
[LIFT] V_Motors: 28.236 V
[LIFT] V_Compute: 28.806 V
[LIFT] V_Motors: 28.226 V
[LIFT] V_Compute: 28.809 V
[LIFT] V_Motors: 28.234 V
[LIFT] V_Compute: 28.812 V
[LIFT] V_Motors: 28.236 V
[LIFT] V_Compute: 28.808 V
[LIFT] V_Motors: 28.232 V
[LIFT] V_Compute: 28.809 V
[LIFT] V_Motors: 28.230 V
[LIFT] V_Compute: 28.809 V
[LIFT] V_Motors: 28.237 V
[LIFT] V_Compute: 28.814 V
[LIFT] V_Motors: 28.237 V
[LIFT] V_Compute: 28.804 V
[LIFT] V_Motors: 28.224 V
[LIFT] V_Compute: 28.814 V
[LIFT] V_Motors: 28.232 V
[LIFT] V_Compute: 28.809 V
[LIFT] V_Motors: 28.232 V
[LIFT] V_Compute: 28.814 V
[LIFT] V_Motors: 28.232 V
[LIFT] V_Compute: 28.809 V
[LIFT] V_Motors: 28.236 V
[LIFT] V_Compute: 28.811 V
[LIFT] V_Motors: 28.231 V
[LIFT] V_Compute: 28.815 V
[LIFT] V_Motors: 28.232 V
[LIFT] V_Compute: 28.800 V
[LIFT] V_Motors: 28.239 V
[LIFT] V_Compute: 28.811 V
[LIFT] V_Motors: 28.230 V
[LIFT] V_Compute: 28.806 V
[LIFT] V_Motors: 28.229 V
[LIFT] V_Compute: 28.811 V
[LIFT] V_Motors: 28.232 V
[LIFT] V_Compute: 28.812 V
[LIFT] V_Motors: 28.234 V
[LIFT] V_Compute: 28.811 V
[LIFT] V_Motors: 28.236 V
[LIFT] V_Compute: 28.809 V
[LIFT] V_Motors: 28.228 V
[LIFT] V_Compute: 28.809 V
[LIFT] V_Motors: 28.236 V
[LIFT] V_Compute: 28.804 V
[LIFT] V_Motors: 28.228 V
[LIFT] V_Compute: 28.802 V
[LIFT] V_Motors: 28.222 V
[LIFT] V_Compute: 28.809 V
[LIFT] V_Motors: 28.230 V
[LIFT] V_Compute: 28.804 V
[LIFT] V_Motors: 28.228 V
[LIFT] V_Compute: 28.810 V
[LIFT] V_Motors: 28.232 V
[LIFT] V_Compute: 28.810 V
[LIFT] V_Motors: 28.237 V
[LIFT] V_Compute: 28.809 V
[LIFT] V_Motors: 28.234 V
[LIFT] V_Compute: 28.809 V
[LIFT] V_Motors: 28.230 V
[LIFT] V_Compute: 28.804 V
[LIFT] V_Motors: 28.226 V
[LIFT] V_Compute: 28.814 V
[LIFT] V_Motors: 28.231 V
[LIFT] V_Compute: 28.802 V
[LIFT] V_Motors: 28.229 V
[LIFT] V_Compute: 28.812 V
[LIFT] V_Motors: 28.232 V
[LIFT] V_Compute: 28.810 V
[LIFT] V_Motors: 28.228 V
[LIFT] V_Compute: 28.802 V
[LIFT] V_Motors: 28.222 V
[LIFT] V_Compute: 28.786 V
[LIFT] V_Motors: 28.215 V
[LIFT] V_Compute: 28.811 V
[LIFT] V_Motors: 28.230 V
[LIFT] V_Compute: 28.806 V
[LIFT] V_Motors: 28.228 V
[LIFT] V_Compute: 28.809 V
[LIFT] V_Motors: 28.232 V
[LIFT] V_Compute: 28.788 V
[LIFT] V_Motors: 28.219 V
[LIFT] V_Compute: 28.814 V
[LIFT] V_Motors: 28.232 V
[LIFT] V_Compute: 28.812 V
[LIFT] V_Motors: 28.229 V
[LIFT] V_Compute: 28.812 V
[LIFT] V_Motors: 28.231 V
[LIFT] V_Compute: 28.814 V
[LIFT] V_Motors: 28.231 V
[LIFT] V_Compute: 28.814 V
[LIFT] V_Motors: 28.232 V
[LIFT] V_Compute: 28.804 V
[LIFT] V_Motors: 28.229 V
[LIFT] V_Compute: 28.808 V
[LIFT] V_Motors: 28.230 V
[LIFT] V_Compute: 28.811 V
[LIFT] V_Motors: 28.235 V
[LIFT] V_Compute: 28.811 V
[LIFT] V_Motors: 28.235 V
[LIFT] V_Compute: 28.805 V
[LIFT] V_Motors: 28.235 V
[LIFT] V_Compute: 28.810 V
[LIFT] V_Motors: 28.235 V
[LIFT] V_Compute: 28.814 V
[LIFT] V_Motors: 28.230 V
[LIFT] V_Compute: 28.815 V
[LIFT] V_Motors: 28.237 V
[LIFT] V_Compute: 28.795 V
[LIFT] V_Motors: 28.225 V
[LIFT] V_Compute: 28.814 V
[LIFT] V_Motors: 28.235 V
[LIFT] V_Compute: 28.804 V
[LIFT] V_Motors: 28.221 V
[LIFT] V_Compute: 28.811 V
[LIFT] V_Motors: 28.228 V
[LIFT] V_Compute: 28.812 V
[LIFT] V_Motors: 28.231 V

RPC Server stopping...
[YOR] base PID: restoring stock swerve gains
[YOR] base PID: /home/pi-v3/YOR-v3-try/config/base_pid_stock.json, PID slot 0
[YOR] base PID:   written     FL drive (CAN 1): p=0.20000000298023224, i=0.0, d=0.10000000149011612, velocity_ff=0.0, output_min=-1.0, output_max=1.0
[YOR] base PID:   written     RL drive (CAN 2): p=0.20000000298023224, i=0.0, d=0.10000000149011612, velocity_ff=0.0, output_min=-1.0, output_max=1.0
[YOR] base PID:   written     RR drive (CAN 3): p=0.20000000298023224, i=0.0, d=0.10000000149011612, velocity_ff=0.0, output_min=-1.0, output_max=1.0
[YOR] base PID:   written     FR drive (CAN 4): p=0.20000000298023224, i=0.0, d=0.10000000149011612, velocity_ff=0.0, output_min=-1.0, output_max=1.0
[YOR] base PID:   already-set FL steering (CAN 5): p=2.0, i=0.0, d=0.009999999776482582, velocity_ff=0.0, output_min=-1.0, output_max=1.0
[YOR] base PID:   already-set RL steering (CAN 6): p=2.0, i=0.0, d=0.009999999776482582, velocity_ff=0.0, output_min=-1.0, output_max=1.0
[YOR] base PID:   already-set RR steering (CAN 7): p=2.0, i=0.0, d=0.009999999776482582, velocity_ff=0.0, output_min=-1.0, output_max=1.0
[YOR] base PID:   already-set FR steering (CAN 8): p=2.0, i=0.0, d=0.009999999776482582, velocity_ff=0.0, output_min=-1.0, output_max=1.0
[YOR] base PID: 4 controller(s) already commissioned, 4 written, 0 problem(s)
[YOR] base PID: 0.2s
[LIFT] V_Compute: 28.809 V
