[console-log] mirroring output to /home/pi-v3/YOR-v3-try/artifacts/wholebody_logs/yor_20260825_175418.log
[yor] posture-fix: stiffen_joint7=True (scale=3x), refresh_target=True, redundancy_resolution=dls_projector (dls_damping=0.05)
[yor] null-space: swivel_weight=1 (gain=1, target=latched-from-pose), continuity_weight=0, manipulability=False
[YOR] base: drive command scale 1.068 (from base_pid_hybrid.json)
[PicoLift] Opening serial /dev/serial/by-id/usb-FTDI_FT232R_USB_UART_BG02XPI5-if00-port0 @ 115200...
[PicoLift] Serial open OK
[YOR] base PID: syncing swerve gains
[YOR] base PID: /home/pi-v3/YOR-v3-try/config/base_pid_hybrid.json, PID slot 0
[LIFT] 
[YOR] base PID:   written     FL drive (CAN 1): p=0.3499999940395355, i=0.0, d=0.0, velocity_ff=0.23000000417232513, output_min=-1.0, output_max=1.0
[YOR] base PID:   written     RL drive (CAN 2): p=0.3499999940395355, i=0.0, d=0.0, velocity_ff=0.23000000417232513, output_min=-1.0, output_max=1.0
[YOR] base PID:   written     RR drive (CAN 3): p=0.3499999940395355, i=0.0, d=0.0, velocity_ff=0.23000000417232513, output_min=-1.0, output_max=1.0
[LIFT] Raw: b'V_Compute: 28.255\xf8'
[YOR] base PID:   written     FR drive (CAN 4): p=0.3499999940395355, i=0.0, d=0.0, velocity_ff=0.23000000417232513, output_min=-1.0, output_max=1.0
[YOR] base PID:   already-set FL steering (CAN 5): p=2.0, i=0.0, d=0.009999999776482582, velocity_ff=0.0, output_min=-1.0, output_max=1.0
[YOR] base PID:   already-set RL steering (CAN 6): p=2.0, i=0.0, d=0.009999999776482582, velocity_ff=0.0, output_min=-1.0, output_max=1.0
[YOR] base PID:   already-set RR steering (CAN 7): p=2.0, i=0.0, d=0.009999999776482582, velocity_ff=0.0, output_min=-1.0, output_max=1.0
[YOR] base PID:   already-set FR steering (CAN 8): p=2.0, i=0.0, d=0.009999999776482582, velocity_ff=0.0, output_min=-1.0, output_max=1.0
[YOR] base PID: 4 controller(s) already commissioned, 4 written, 0 problem(s)
[YOR] base PID: 0.3s
[YOR] base config: idle_mode=0 ctrl_type=MIXED [('FL drive', 1), ('FL steering', 3), ('FR drive', 1), ('FR steering', 3), ('RL drive', 1), ('RL steering', 3), ('RR drive', 1), ('RR steering', 3)]
[YOR] base config: velocity_cf=MIXED [('FL drive', 0.000846326001919806), ('FL steering', 1.0), ('FR drive', 0.000846326001919806), ('FR steering', 1.0), ('RL drive', 0.000846326001919806), ('RL steering', 1.0), ('RR drive', 0.000846326001919806), ('RR steering', 1.0)] position_cf=1.0 (drive_command_scale=1.068)
[YOR] base: locked at zero velocity for startup homing
[YOR] recording swerve telemetry to /home/pi-v3/YOR-v3-try/artifacts/wholebody_logs/swerve/swerve_20260825_175418.csv
[YOR] lift: waiting for controller to be ready...
[LIFT] Lift controller ready.
[PicoLift] controller reset — height invalidated, needs home
[LIFT] Capabilities: lift_velocity_v1
[PicoLift] firmware capabilities: lift_velocity_v1
[LIFT] Python commands: up, down, stop, home, vel <signed mm/s>
[LIFT] Optional commands: up 200, down 200, status, power on, power off
[LIFT] Height: unknown (run home)
[LIFT] V_Compute: 28.264 V
[LIFT] V_Motors: 27.799 V
[YOR] lift: homing at startup; waiting up to 30s
[PicoLift] sent 'home'
[PicoLift] sent 'status'
[PicoLift] sent 'status'
[LIFT] Homing UP...
[LIFT] V_Compute: 28.244 V
[LIFT] V_Motors: 27.771 V
[LIFT] Height: unknown (run home)
[LIFT] Upper limit: clear
[LIFT] Lower limit: clear
[LIFT] Motion: UP
[LIFT] Velocity: 0.00 mm/s
[LIFT] Capabilities: lift_velocity_v1
[PicoLift] firmware capabilities: lift_velocity_v1
[LIFT] Height: unknown (run home)
[LIFT] Upper limit: clear
[LIFT] Lower limit: clear
[LIFT] Motion: UP
[LIFT] Velocity: 0.00 mm/s
[LIFT] Capabilities: lift_velocity_v1
[PicoLift] firmware capabilities: lift_velocity_v1
[LIFT] Height: unknown (run home)
[LIFT] Height: unknown (run home)
[LIFT] Height: unknown (run home)
[LIFT] Height: unknown (run home)
[LIFT] Height: unknown (run home)
[LIFT] Height: unknown (run home)
[LIFT] Height: unknown (run home)
[LIFT] Height: unknown (run home)
[LIFT] Height: unknown (run home)
[LIFT] Height: unknown (run home)
[LIFT] Height: unknown (run home)
[LIFT] Height: unknown (run home)
[LIFT] Height: unknown (run home)
[LIFT] Height: unknown (run home)
[LIFT] Height: unknown (run home)
[LIFT] Height: unknown (run home)
[LIFT] Height: unknown (run home)
[LIFT] Height: unknown (run home)
[PicoLift] sent 'status'
[LIFT] Upper limit: clear
[LIFT] Lower limit: clear
[LIFT] Motion: UP
[LIFT] Velocity: 0.00 mm/s
[LIFT] Capabilities: lift_velocity_v1
[PicoLift] firmware capabilities: lift_velocity_v1
[LIFT] Height: unknown (run home)
[LIFT] V_Compute: 28.246 V
[LIFT] V_Motors: 27.781 V
[LIFT] Height: unknown (run home)
[LIFT] Height: unknown (run home)
[LIFT] Height: unknown (run home)
[LIFT] Height: unknown (run home)
[LIFT] Height: unknown (run home)
[LIFT] Height: unknown (run home)
[LIFT] Height: unknown (run home)
[LIFT] Height: unknown (run home)
[LIFT] Height: unknown (run home)
[LIFT] Height: unknown (run home)
[LIFT] Height: unknown (run home)
[LIFT] Height: unknown (run home)
[LIFT] Height: unknown (run home)
[LIFT] Height: unknown (run home)
[LIFT] Height: unknown (run home)
[LIFT] Height: unknown (run home)
[LIFT] Height: unknown (run home)
[LIFT] Height: unknown (run home)
[PicoLift] sent 'status'
[LIFT] Upper limit: clear
[LIFT] Lower limit: clear
[LIFT] Motion: UP
[LIFT] Velocity: 0.00 mm/s
[LIFT] Capabilities: lift_velocity_v1
[PicoLift] firmware capabilities: lift_velocity_v1
[LIFT] Height: unknown (run home)
[LIFT] V_Compute: 28.265 V
[LIFT] V_Motors: 27.772 V
[LIFT] Height: unknown (run home)
[LIFT] Height: unknown (run home)
[LIFT] Height: unknown (run home)
[LIFT] Height: unknown (run home)
[LIFT] Height: unknown (run home)
[LIFT] Height: unknown (run home)
[LIFT] Height: unknown (run home)
[LIFT] Height: unknown (run home)
[LIFT] Height: unknown (run home)
[LIFT] Height: unknown (run home)
[LIFT] Height: unknown (run home)
[LIFT] Height: unknown (run home)
[LIFT] Height: unknown (run home)
[LIFT] Height: unknown (run home)
[LIFT] Height: unknown (run home)
[LIFT] Height: unknown (run home)
[LIFT] Height: unknown (run home)
[LIFT] Height: unknown (run home)
[PicoLift] sent 'status'
[LIFT] Upper limit: clear
[LIFT] Lower limit: clear
[LIFT] Motion: UP
[LIFT] Velocity: 0.00 mm/s
[LIFT] Capabilities: lift_velocity_v1
[PicoLift] firmware capabilities: lift_velocity_v1
[LIFT] Height: unknown (run home)
[LIFT] V_Compute: 28.255 V
[LIFT] V_Motors: 27.771 V
[LIFT] Height: unknown (run home)
[LIFT] Height: unknown (run home)
[LIFT] Height: unknown (run home)
[LIFT] Height: unknown (run home)
[LIFT] Height: unknown (run home)
[LIFT] Height: unknown (run home)
[LIFT] Height: unknown (run home)
[LIFT] Height: unknown (run home)
[LIFT] Height: unknown (run home)
[LIFT] Height: unknown (run home)
[LIFT] Height: unknown (run home)
[LIFT] Height: unknown (run home)
[LIFT] Height: unknown (run home)
[LIFT] Height: unknown (run home)
[LIFT] Height: unknown (run home)
[LIFT] Height: unknown (run home)
[LIFT] Height: unknown (run home)
[LIFT] Height: unknown (run home)
[PicoLift] sent 'status'
[LIFT] Upper limit: clear
[LIFT] Lower limit: clear
[LIFT] Motion: UP
[LIFT] Velocity: 0.00 mm/s
[LIFT] Capabilities: lift_velocity_v1
[PicoLift] firmware capabilities: lift_velocity_v1
[LIFT] Height: unknown (run home)
[LIFT] V_Compute: 28.266 V
[LIFT] V_Motors: 27.772 V
[LIFT] Height: unknown (run home)
[LIFT] Height: unknown (run home)
[LIFT] Height: unknown (run home)
[LIFT] Height: unknown (run home)
[LIFT] Height: unknown (run home)
[LIFT] Height: unknown (run home)
[LIFT] Height: unknown (run home)
[LIFT] Height: unknown (run home)
[LIFT] Height: unknown (run home)
[LIFT] Height: unknown (run home)
[LIFT] Height: unknown (run home)
[LIFT] Height: unknown (run home)
[LIFT] Height: unknown (run home)
[LIFT] Height: unknown (run home)
[LIFT] Height: unknown (run home)
[LIFT] Height: unknown (run home)
[LIFT] Height: unknown (run home)
[LIFT] Height: unknown (run home)
[PicoLift] sent 'status'
[LIFT] Upper limit: clear
[LIFT] Lower limit: clear
[LIFT] Motion: UP
[LIFT] Velocity: 0.00 mm/s
[LIFT] Capabilities: lift_velocity_v1
[PicoLift] firmware capabilities: lift_velocity_v1
[LIFT] Height: unknown (run home)
[LIFT] V_Compute: 28.264 V
[LIFT] V_Motors: 27.770 V
[LIFT] Height: unknown (run home)
[LIFT] Height: unknown (run home)
[LIFT] Height: unknown (run home)
[LIFT] Height: unknown (run home)
[LIFT] Height: unknown (run home)
[LIFT] Height: unknown (run home)
[LIFT] Height: unknown (run home)
[LIFT] Height: unknown (run home)
[LIFT] Height: unknown (run home)
[LIFT] Height: unknown (run home)
[LIFT] Height: unknown (run home)
[LIFT] Height: unknown (run home)
[LIFT] Height: unknown (run home)
[LIFT] Height: unknown (run home)
[LIFT] Height: unknown (run home)
[LIFT] Height: unknown (run home)
[LIFT] Height: unknown (run home)
[LIFT] Height: unknown (run home)
[PicoLift] sent 'status'
[LIFT] Upper limit: clear
[LIFT] Lower limit: clear
[LIFT] Motion: UP
[LIFT] Velocity: 0.00 mm/s
[LIFT] Capabilities: lift_velocity_v1
[PicoLift] firmware capabilities: lift_velocity_v1
[LIFT] Height: unknown (run home)
[LIFT] V_Compute: 28.257 V
[LIFT] V_Motors: 27.776 V
[LIFT] Height: unknown (run home)
[LIFT] Height: unknown (run home)
[LIFT] Height: unknown (run home)
[LIFT] Height: unknown (run home)
[LIFT] Height: unknown (run home)
[LIFT] Height: unknown (run home)
[LIFT] Height: unknown (run home)
[LIFT] Height: unknown (run home)
[LIFT] Height: unknown (run home)
[LIFT] Height: unknown (run home)
[LIFT] Height: unknown (run home)
[LIFT] Height: unknown (run home)
[LIFT] Height: unknown (run home)
[LIFT] Height: unknown (run home)
[LIFT] Height: unknown (run home)
[LIFT] Height: unknown (run home)
[LIFT] Height: unknown (run home)
[LIFT] Height: unknown (run home)
[PicoLift] sent 'status'
[LIFT] Upper limit: clear
[LIFT] Lower limit: clear
[LIFT] Motion: UP
[LIFT] Velocity: 0.00 mm/s
[LIFT] Capabilities: lift_velocity_v1
[PicoLift] firmware capabilities: lift_velocity_v1
[LIFT] Height: unknown (run home)
[LIFT] V_Compute: 28.271 V
[LIFT] V_Motors: 27.776 V
[LIFT] Height: unknown (run home)
[LIFT] Height: unknown (run home)
[LIFT] Height: unknown (run home)
[LIFT] Height: unknown (run home)
[LIFT] Height: unknown (run home)
[LIFT] Height: unknown (run home)
[LIFT] Height: unknown (run home)
[LIFT] Height: unknown (run home)
[LIFT] Height: unknown (run home)
[LIFT] Height: unknown (run home)
[LIFT] Height: unknown (run home)
[LIFT] Height: unknown (run home)
[LIFT] Height: unknown (run home)
[LIFT] Height: unknown (run home)
[LIFT] Height: unknown (run home)
[LIFT] Height: unknown (run home)
[LIFT] Height: unknown (run home)
[LIFT] Height: unknown (run home)
[PicoLift] sent 'status'
[LIFT] Upper limit: clear
[LIFT] Lower limit: clear
[LIFT] Motion: UP
[LIFT] Velocity: 0.00 mm/s
[LIFT] Capabilities: lift_velocity_v1
[PicoLift] firmware capabilities: lift_velocity_v1
[LIFT] Height: unknown (run home)
[LIFT] V_Compute: 28.253 V
[LIFT] V_Motors: 27.775 V
[LIFT] Height: unknown (run home)
[LIFT] Height: unknown (run home)
[LIFT] Height: unknown (run home)
[LIFT] Height: unknown (run home)
[LIFT] Height: unknown (run home)
[LIFT] Height: unknown (run home)
[LIFT] Height: unknown (run home)
[LIFT] Height: unknown (run home)
[LIFT] Height: unknown (run home)
[LIFT] Height: unknown (run home)
[LIFT] Height: unknown (run home)
[LIFT] Height: unknown (run home)
[LIFT] Height: unknown (run home)
[LIFT] Height: unknown (run home)
[LIFT] Height: unknown (run home)
[LIFT] Height: unknown (run home)
[LIFT] Height: unknown (run home)
[LIFT] Height: unknown (run home)
[PicoLift] sent 'status'
[LIFT] Upper limit: clear
[LIFT] Lower limit: clear
[LIFT] Motion: UP
[LIFT] Velocity: 0.00 mm/s
[LIFT] Capabilities: lift_velocity_v1
[PicoLift] firmware capabilities: lift_velocity_v1
[LIFT] Height: unknown (run home)
[LIFT] V_Compute: 28.269 V
[LIFT] V_Motors: 27.775 V
[LIFT] Height: unknown (run home)
[LIFT] Height: unknown (run home)
[LIFT] Height: unknown (run home)
[LIFT] Height: unknown (run home)
[LIFT] Height: unknown (run home)
[LIFT] Height: unknown (run home)
[LIFT] Height: unknown (run home)
[LIFT] Height: unknown (run home)
[LIFT] Height: unknown (run home)
[LIFT] Height: unknown (run home)
[LIFT] Height: unknown (run home)
[LIFT] Height: unknown (run home)
[LIFT] Height: unknown (run home)
[LIFT] Height: unknown (run home)
[LIFT] Height: unknown (run home)
[LIFT] Height: unknown (run home)
[LIFT] Height: unknown (run home)
[LIFT] Height: unknown (run home)
[PicoLift] sent 'status'
[LIFT] Upper limit: clear
[LIFT] Lower limit: clear
[LIFT] Motion: UP
[LIFT] Velocity: 0.00 mm/s
[LIFT] Capabilities: lift_velocity_v1
[PicoLift] firmware capabilities: lift_velocity_v1
[LIFT] Height: unknown (run home)
[LIFT] V_Compute: 28.247 V
[LIFT] V_Motors: 27.755 V
[LIFT] Height: unknown (run home)
[LIFT] Height: unknown (run home)
[LIFT] Height: unknown (run home)
[LIFT] Height: unknown (run home)
[LIFT] Height: unknown (run home)
[LIFT] Height: unknown (run home)
[LIFT] Height: unknown (run home)
[LIFT] Height: unknown (run home)
[LIFT] Height: unknown (run home)
[LIFT] Height: unknown (run home)
[LIFT] Height: unknown (run home)
[LIFT] Height: unknown (run home)
[LIFT] Height: unknown (run home)
[LIFT] Height: unknown (run home)
[LIFT] Height: unknown (run home)
[LIFT] Height: unknown (run home)
[LIFT] Height: unknown (run home)
[LIFT] Height: unknown (run home)
[PicoLift] sent 'status'
[LIFT] Upper limit: clear
[LIFT] Lower limit: clear
[LIFT] Motion: UP
[LIFT] Velocity: 0.00 mm/s
[LIFT] Capabilities: lift_velocity_v1
[PicoLift] firmware capabilities: lift_velocity_v1
[LIFT] Height: unknown (run home)
[LIFT] V_Compute: 28.255 V
[LIFT] V_Motors: 27.766 V
[LIFT] Height: unknown (run home)
[LIFT] Height: unknown (run home)
[LIFT] Height: unknown (run home)
[LIFT] Height: unknown (run home)
[LIFT] Height: unknown (run home)
[LIFT] Height: unknown (run home)
[LIFT] Height: unknown (run home)
[LIFT] Height: unknown (run home)
[LIFT] Height: unknown (run home)
[LIFT] Height: unknown (run home)
[LIFT] Height: unknown (run home)
[LIFT] Height: unknown (run home)
[LIFT] Height: unknown (run home)
[LIFT] Height: unknown (run home)
[LIFT] Height: unknown (run home)
[LIFT] Height: unknown (run home)
[LIFT] Height: unknown (run home)
[LIFT] Height: unknown (run home)
[PicoLift] sent 'status'
[LIFT] Height: unknown (run home)
[LIFT] Upper limit: clear
[LIFT] Lower limit: clear
[LIFT] Motion: UP
[LIFT] Velocity: 0.00 mm/s
[LIFT] Capabilities: lift_velocity_v1
[PicoLift] firmware capabilities: lift_velocity_v1
[LIFT] Height: unknown (run home)
[LIFT] V_Compute: 28.259 V
[LIFT] V_Motors: 27.771 V
[LIFT] Height: unknown (run home)
[LIFT] Height: unknown (run home)
[LIFT] Height: unknown (run home)
[LIFT] Height: unknown (run home)
[LIFT] Height: unknown (run home)
[LIFT] Height: unknown (run home)
[LIFT] Height: unknown (run home)
[LIFT] Height: unknown (run home)
[LIFT] Height: unknown (run home)
[LIFT] Height: unknown (run home)
[LIFT] Height: unknown (run home)
[LIFT] Height: unknown (run home)
[LIFT] Height: unknown (run home)
[LIFT] Height: unknown (run home)
[LIFT] Height: unknown (run home)
[LIFT] Height: unknown (run home)
[LIFT] Height: unknown (run home)
[PicoLift] sent 'status'
[LIFT] Height: unknown (run home)
[LIFT] Upper limit: clear
[LIFT] Lower limit: clear
[LIFT] Motion: UP
[LIFT] Velocity: 0.00 mm/s
[LIFT] Capabilities: lift_velocity_v1
[PicoLift] firmware capabilities: lift_velocity_v1
[LIFT] Height: unknown (run home)
[LIFT] V_Compute: 28.259 V
[LIFT] V_Motors: 27.775 V
[LIFT] Height: unknown (run home)
[LIFT] Height: unknown (run home)
[LIFT] Height: unknown (run home)
[LIFT] Height: unknown (run home)
[LIFT] Height: unknown (run home)
[LIFT] Height: unknown (run home)
[LIFT] Height: unknown (run home)
[LIFT] Height: unknown (run home)
[LIFT] Height: unknown (run home)
[LIFT] Height: unknown (run home)
[LIFT] Height: unknown (run home)
[LIFT] Height: unknown (run home)
[LIFT] Height: unknown (run home)
[LIFT] Height: unknown (run home)
[LIFT] Height: unknown (run home)
[LIFT] Height: unknown (run home)
[LIFT] Height: unknown (run home)
[PicoLift] sent 'status'
[LIFT] Height: unknown (run home)
[LIFT] Upper limit: clear
[LIFT] Lower limit: clear
[LIFT] Motion: UP
[LIFT] Velocity: 0.00 mm/s
[LIFT] Capabilities: lift_velocity_v1
[PicoLift] firmware capabilities: lift_velocity_v1
[LIFT] Height: unknown (run home)
[LIFT] V_Compute: 28.251 V
[LIFT] V_Motors: 27.766 V
[LIFT] Height: unknown (run home)
[LIFT] Height: unknown (run home)
[LIFT] Height: unknown (run home)
[LIFT] Height: unknown (run home)
[LIFT] Height: unknown (run home)
[LIFT] Height: unknown (run home)
[LIFT] Height: unknown (run home)
[LIFT] Height: unknown (run home)
[LIFT] Height: unknown (run home)
[LIFT] Height: unknown (run home)
[LIFT] Height: unknown (run home)
[LIFT] Height: unknown (run home)
[LIFT] Height: unknown (run home)
[LIFT] Height: unknown (run home)
[LIFT] Height: unknown (run home)
[LIFT] Height: unknown (run home)
[LIFT] Height: unknown (run home)
[PicoLift] sent 'status'
[LIFT] Height: unknown (run home)
[LIFT] Upper limit: clear
[LIFT] Lower limit: clear
[LIFT] Motion: UP
[LIFT] Velocity: 0.00 mm/s
[LIFT] Capabilities: lift_velocity_v1
[PicoLift] firmware capabilities: lift_velocity_v1
[LIFT] Height: unknown (run home)
[LIFT] V_Compute: 28.247 V
[LIFT] V_Motors: 27.767 V
[LIFT] Height: unknown (run home)
[LIFT] Height: unknown (run home)
[LIFT] Height: unknown (run home)
[LIFT] Height: unknown (run home)
[LIFT] Height: unknown (run home)
[LIFT] Height: unknown (run home)
[LIFT] Height: unknown (run home)
[LIFT] Height: unknown (run home)
[LIFT] Height: unknown (run home)
[LIFT] Height: unknown (run home)
[LIFT] Height: unknown (run home)
[LIFT] Height: unknown (run home)
[LIFT] Height: unknown (run home)
[LIFT] Height: unknown (run home)
[LIFT] Height: unknown (run home)
[LIFT] Height: unknown (run home)
[LIFT] Height: unknown (run home)
[PicoLift] sent 'status'
[LIFT] Height: unknown (run home)
[LIFT] Upper limit: clear
[LIFT] Lower limit: clear
[LIFT] Motion: UP
[LIFT] Velocity: 0.00 mm/s
[LIFT] Capabilities: lift_velocity_v1
[PicoLift] firmware capabilities: lift_velocity_v1
[LIFT] Height: unknown (run home)
[LIFT] V_Compute: 28.250 V
[LIFT] V_Motors: 27.763 V
[LIFT] Height: unknown (run home)
[LIFT] Height: unknown (run home)
[LIFT] Height: unknown (run home)
[LIFT] Height: unknown (run home)
[LIFT] Height: unknown (run home)
[LIFT] Height: unknown (run home)
[LIFT] Height: unknown (run home)
[LIFT] Height: unknown (run home)
[LIFT] Height: unknown (run home)
[LIFT] Height: unknown (run home)
[LIFT] Height: unknown (run home)
[LIFT] Height: unknown (run home)
[LIFT] Height: unknown (run home)
[LIFT] Height: unknown (run home)
[LIFT] Height: unknown (run home)
[LIFT] Height: unknown (run home)
[LIFT] Height: unknown (run home)
[PicoLift] sent 'status'
[LIFT] Height: unknown (run home)
[LIFT] Upper limit: clear
[LIFT] Lower limit: clear
[LIFT] Motion: UP
[LIFT] Velocity: 0.00 mm/s
[LIFT] Capabilities: lift_velocity_v1
[PicoLift] firmware capabilities: lift_velocity_v1
[LIFT] Height: unknown (run home)
[LIFT] V_Compute: 28.249 V
[LIFT] V_Motors: 27.757 V
[LIFT] Height: unknown (run home)
[LIFT] Height: unknown (run home)
[LIFT] Height: unknown (run home)
[LIFT] Height: unknown (run home)
[LIFT] Height: unknown (run home)
[LIFT] Height: unknown (run home)
[LIFT] Height: unknown (run home)
[LIFT] Height: unknown (run home)
[LIFT] Height: unknown (run home)
[LIFT] Height: unknown (run home)
[LIFT] Height: unknown (run home)
[LIFT] Height: unknown (run home)
[LIFT] Height: unknown (run home)
[LIFT] Height: unknown (run home)
[LIFT] Height: unknown (run home)
[LIFT] Height: unknown (run home)
[LIFT] Height: unknown (run home)
[PicoLift] sent 'status'
[LIFT] Height: unknown (run home)
[LIFT] Upper limit: clear
[LIFT] Lower limit: clear
[LIFT] Motion: UP
[LIFT] Velocity: 0.00 mm/s
[LIFT] Capabilities: lift_velocity_v1
[PicoLift] firmware capabilities: lift_velocity_v1
[LIFT] Height: unknown (run home)
[LIFT] V_Compute: 28.251 V
[LIFT] V_Motors: 27.772 V
[LIFT] Height: unknown (run home)
[LIFT] Height: unknown (run home)
[LIFT] Height: unknown (run home)
[LIFT] Height: unknown (run home)
[LIFT] Height: unknown (run home)
[LIFT] Height: unknown (run home)
[LIFT] Height: unknown (run home)
[LIFT] Height: unknown (run home)
[LIFT] Height: unknown (run home)
[LIFT] Height: unknown (run home)
[LIFT] Height: unknown (run home)
[LIFT] Height: unknown (run home)
[LIFT] Height: unknown (run home)
[LIFT] Height: unknown (run home)
[LIFT] Height: unknown (run home)
[LIFT] Height: unknown (run home)
[LIFT] Height: unknown (run home)
[PicoLift] sent 'status'
[LIFT] Height: unknown (run home)
[LIFT] Upper limit: clear
[LIFT] Lower limit: clear
[LIFT] Motion: UP
[LIFT] Velocity: 0.00 mm/s
[LIFT] Capabilities: lift_velocity_v1
[PicoLift] firmware capabilities: lift_velocity_v1
[LIFT] Height: unknown (run home)
[LIFT] V_Compute: 28.243 V
[LIFT] V_Motors: 27.751 V
[LIFT] Height: unknown (run home)
[LIFT] Height: unknown (run home)
[LIFT] Height: unknown (run home)
[LIFT] Height: unknown (run home)
[LIFT] Height: unknown (run home)
[LIFT] Height: unknown (run home)
[LIFT] Height: unknown (run home)
[LIFT] Height: unknown (run home)
[LIFT] Height: unknown (run home)
[LIFT] Height: unknown (run home)
[LIFT] Height: unknown (run home)
[LIFT] Height: unknown (run home)
[LIFT] Height: unknown (run home)
[LIFT] Height: unknown (run home)
[LIFT] Height: unknown (run home)
[LIFT] Height: unknown (run home)
[LIFT] Height: unknown (run home)
[LIFT] Height: unknown (run home)
[PicoLift] sent 'status'
[LIFT] Upper limit: clear
[LIFT] Lower limit: clear
[LIFT] Motion: UP
[LIFT] Velocity: 0.00 mm/s
[LIFT] Capabilities: lift_velocity_v1
[PicoLift] firmware capabilities: lift_velocity_v1
[LIFT] Height: unknown (run home)
[LIFT] V_Compute: 28.260 V
[LIFT] V_Motors: 27.766 V
[LIFT] Height: unknown (run home)
[LIFT] Height: unknown (run home)
[LIFT] Height: unknown (run home)
[LIFT] Height: unknown (run home)
[LIFT] Height: unknown (run home)
[LIFT] Height: unknown (run home)
[LIFT] Height: unknown (run home)
[LIFT] Height: unknown (run home)
[LIFT] Height: unknown (run home)
[LIFT] Height: unknown (run home)
[LIFT] Height: unknown (run home)
[LIFT] Height: unknown (run home)
[LIFT] Height: unknown (run home)
[LIFT] Height: unknown (run home)
[LIFT] Height: unknown (run home)
[LIFT] Height: unknown (run home)
[LIFT] Height: unknown (run home)
[LIFT] Height: unknown (run home)
[PicoLift] sent 'status'
[LIFT] Upper limit: clear
[LIFT] Lower limit: clear
[LIFT] Motion: UP
[LIFT] Velocity: 0.00 mm/s
[LIFT] Capabilities: lift_velocity_v1
[PicoLift] firmware capabilities: lift_velocity_v1
[LIFT] Height: unknown (run home)
[LIFT] V_Compute: 28.239 V
[LIFT] V_Motors: 27.760 V
[LIFT] Height: unknown (run home)
[LIFT] Height: unknown (run home)
[LIFT] Height: unknown (run home)
[LIFT] Height: unknown (run home)
[LIFT] Height: unknown (run home)
[LIFT] Height: unknown (run home)
[LIFT] Height: unknown (run home)
[LIFT] Height: unknown (run home)
[LIFT] Height: unknown (run home)
[LIFT] Height: unknown (run home)
[LIFT] Height: unknown (run home)
[LIFT] Height: unknown (run home)
[LIFT] Height: unknown (run home)
[LIFT] Height: unknown (run home)
[LIFT] Height: unknown (run home)
[LIFT] Height: unknown (run home)
[LIFT] Height: unknown (run home)
[LIFT] Height: unknown (run home)
[PicoLift] sent 'status'
[LIFT] Upper limit: clear
[LIFT] Lower limit: clear
[LIFT] Motion: UP
[LIFT] Velocity: 0.00 mm/s
[LIFT] Capabilities: lift_velocity_v1
[PicoLift] firmware capabilities: lift_velocity_v1
[LIFT] Height: unknown (run home)
[LIFT] V_Compute: 28.255 V
[LIFT] V_Motors: 27.774 V
[LIFT] Height: unknown (run home)
[LIFT] Height: unknown (run home)
[LIFT] Height: unknown (run home)
[LIFT] Height: unknown (run home)
[LIFT] Height: unknown (run home)
[LIFT] Height: unknown (run home)
[LIFT] Height: unknown (run home)
[LIFT] Height: unknown (run home)
[LIFT] Height: unknown (run home)
[LIFT] Height: unknown (run home)
[LIFT] Height: unknown (run home)
[LIFT] Height: unknown (run home)
[LIFT] Height: unknown (run home)
[LIFT] Height: unknown (run home)
[LIFT] Height: unknown (run home)
[LIFT] Height: unknown (run home)
[LIFT] Height: unknown (run home)
[LIFT] Height: unknown (run home)
[PicoLift] sent 'status'
[LIFT] Upper limit: clear
[LIFT] Lower limit: clear
[LIFT] Motion: UP
[LIFT] Velocity: 0.00 mm/s
[LIFT] Capabilities: lift_velocity_v1
[PicoLift] firmware capabilities: lift_velocity_v1
[LIFT] Height: unknown (run home)
[LIFT] V_Compute: 28.246 V
[LIFT] V_Motors: 27.772 V
[LIFT] Height: unknown (run home)
[LIFT] Height: unknown (run home)
[LIFT] Height: unknown (run home)
[LIFT] Height: unknown (run home)
[LIFT] Height: unknown (run home)
[LIFT] Height: unknown (run home)
[LIFT] Height: unknown (run home)
[LIFT] Height: unknown (run home)
[LIFT] Height: unknown (run home)
[LIFT] Height: unknown (run home)
[LIFT] Height: unknown (run home)
[LIFT] Height: unknown (run home)
[LIFT] Height: unknown (run home)
[LIFT] Height: unknown (run home)
[LIFT] Height: unknown (run home)
[LIFT] Height: unknown (run home)
[LIFT] Height: unknown (run home)
[LIFT] Height: unknown (run home)
[PicoLift] sent 'status'
[LIFT] Upper limit: clear
[LIFT] Lower limit: clear
[LIFT] Motion: UP
[LIFT] Velocity: 0.00 mm/s
[LIFT] Capabilities: lift_velocity_v1
[PicoLift] firmware capabilities: lift_velocity_v1
[LIFT] Height: unknown (run home)
[LIFT] V_Compute: 28.229 V
[LIFT] V_Motors: 27.749 V
[LIFT] Height: unknown (run home)
[LIFT] Height: unknown (run home)
[LIFT] Height: unknown (run home)
[LIFT] Height: unknown (run home)
[LIFT] Height: unknown (run home)
[LIFT] Height: unknown (run home)
[LIFT] Height: unknown (run home)
[LIFT] Height: unknown (run home)
[LIFT] Height: unknown (run home)
[LIFT] Height: unknown (run home)
[LIFT] Height: unknown (run home)
[LIFT] Height: unknown (run home)
[LIFT] Height: unknown (run home)
[LIFT] Height: unknown (run home)
[LIFT] Height: unknown (run home)
[LIFT] Height: unknown (run home)
[LIFT] Height: unknown (run home)
[LIFT] Height: unknown (run home)
[PicoLift] sent 'status'
[LIFT] Upper limit: clear
[LIFT] Lower limit: clear
[LIFT] Motion: UP
[LIFT] Velocity: 0.00 mm/s
[LIFT] Capabilities: lift_velocity_v1
[PicoLift] firmware capabilities: lift_velocity_v1
[LIFT] Height: unknown (run home)
[LIFT] V_Compute: 28.246 V
[LIFT] V_Motors: 27.771 V
[LIFT] Height: unknown (run home)
[LIFT] Height: unknown (run home)
[LIFT] Height: unknown (run home)
[LIFT] Height: unknown (run home)
[LIFT] Height: unknown (run home)
[LIFT] Height: unknown (run home)
[LIFT] Height: unknown (run home)
[LIFT] Height: unknown (run home)
[LIFT] Height: unknown (run home)
[LIFT] Height: unknown (run home)
[LIFT] Height: unknown (run home)
[LIFT] Height: unknown (run home)
[LIFT] Home complete.
[PicoLift] sent 'status'
[PicoLift] sent 'status'
[YOR] lift: home complete at 0.9 m
[YOR] lift: moving to 450 mm from zero
[PicoLift] sent 'down 450.00'
[LIFT] Upper limit: ACTIVE
[LIFT] Lower limit: clear
[LIFT] Motion: IDLE
[LIFT] Velocity: 0.00 mm/s
[LIFT] Capabilities: lift_velocity_v1
[PicoLift] firmware capabilities: lift_velocity_v1
[LIFT] V_Compute: 28.244 V
[LIFT] V_Motors: 27.789 V
[LIFT] Upper limit: ACTIVE
[LIFT] Lower limit: clear
[LIFT] Motion: IDLE
[LIFT] Velocity: 0.00 mm/s
[LIFT] Capabilities: lift_velocity_v1
[PicoLift] firmware capabilities: lift_velocity_v1
[LIFT] Moving DOWN 450.00 mm
[LIFT] V_Compute: 28.254 V
[LIFT] V_Motors: 27.754 V
[LIFT] V_Compute: 28.264 V
[LIFT] V_Motors: 27.774 V
[LIFT] V_Compute: 28.267 V
[LIFT] V_Motors: 27.786 V
[LIFT] V_Compute: 28.260 V
[LIFT] V_Motors: 27.786 V
[LIFT] V_Compute: 28.264 V
[LIFT] V_Motors: 27.776 V
[LIFT] V_Compute: 28.269 V
[LIFT] V_Motors: 27.781 V
[LIFT] V_Compute: 28.261 V
[LIFT] V_Motors: 27.779 V
[LIFT] V_Compute: 28.265 V
[LIFT] V_Motors: 27.790 V
[LIFT] V_Compute: 28.260 V
[LIFT] V_Motors: 27.786 V
[LIFT] V_Compute: 28.265 V
[LIFT] V_Motors: 27.792 V
[LIFT] V_Compute: 28.264 V
[LIFT] V_Motors: 27.775 V
[LIFT] V_Compute: 28.253 V
[LIFT] V_Motors: 27.782 V
[LIFT] V_Compute: 28.250 V
[LIFT] V_Motors: 27.785 V
[LIFT] V_Compute: 28.256 V
[LIFT] V_Motors: 27.777 V
[LIFT] V_Compute: 28.255 V
[LIFT] V_Motors: 27.781 V
[LIFT] V_Compute: 28.259 V
[LIFT] V_Motors: 27.786 V
[LIFT] V_Compute: 28.266 V
[LIFT] V_Motors: 27.790 V
[LIFT] V_Compute: 28.259 V
[LIFT] V_Motors: 27.784 V
[PicoLift] sent 'stop'
[YOR] lift: startup position 0.450953 m
[LIFT] Motion stopped by user.
[LIFT] V_Compute: 28.264 V
[LIFT] V_Motors: 27.800 V
[LIFT] V_Compute: 28.259 V
[LIFT] V_Motors: 27.794 V
[LIFT] V_Compute: 28.256 V
[LIFT] V_Motors: 27.792 V
Warning: YOR already initialized
[LIFT] V_Compute: 28.261 V
[LIFT] V_Motors: 27.791 V
[LIFT] V_Compute: 28.261 V
[LIFT] V_Motors: 27.799 V
[LIFT] V_Compute: 28.263 V
[LIFT] V_Motors: 27.739 V
[LIFT] V_Compute: 28.260 V
[LIFT] V_Motors: 27.754 V
[LIFT] V_Compute: 28.249 V
[LIFT] V_Motors: 27.761 V
[LIFT] V_Compute: 28.264 V
[LIFT] V_Motors: 27.763 V
[LIFT] V_Compute: 28.261 V
[LIFT] V_Motors: 27.761 V
[LIFT] V_Compute: 28.240 V
[LIFT] V_Motors: 27.737 V
[LIFT] V_Compute: 28.241 V
[LIFT] V_Motors: 27.745 V
[LIFT] V_Compute: 28.264 V
[LIFT] V_Motors: 27.769 V
[LIFT] V_Compute: 28.260 V
[LIFT] V_Motors: 27.761 V
[LIFT] V_Compute: 28.236 V
[LIFT] V_Motors: 27.722 V
[LIFT] V_Compute: 28.256 V
[LIFT] V_Motors: 27.759 V
[LIFT] V_Compute: 28.246 V
[LIFT] V_Motors: 27.761 V
[LIFT] V_Compute: 28.246 V
[LIFT] V_Motors: 27.709 V
[LIFT] V_Compute: 28.257 V
[LIFT] V_Motors: 27.743 V
[LIFT] V_Compute: 28.261 V
[LIFT] V_Motors: 27.725 V
[LIFT] V_Compute: 28.257 V
[LIFT] V_Motors: 27.735 V
[LIFT] V_Compute: 28.256 V
[LIFT] V_Motors: 27.771 V
[LIFT] V_Compute: 28.253 V
[LIFT] V_Motors: 27.746 V
[LIFT] V_Compute: 28.247 V
[LIFT] V_Motors: 27.734 V
[LIFT] V_Compute: 28.249 V
[LIFT] V_Motors: 27.757 V
[LIFT] V_Compute: 28.264 V
[LIFT] V_Motors: 27.731 V
[LIFT] V_Compute: 28.257 V
[LIFT] V_Motors: 27.792 V
[LIFT] V_Compute: 28.247 V
[LIFT] V_Motors: 27.749 V
[LIFT] V_Compute: 28.254 V
[LIFT] V_Motors: 27.784 V
[LIFT] V_Compute: 28.247 V
[LIFT] V_Motors: 27.775 V
[LIFT] V_Compute: 28.264 V
[LIFT] V_Motors: 27.798 V
[LIFT] V_Compute: 28.253 V
[LIFT] V_Motors: 27.790 V
[LIFT] V_Compute: 28.260 V
[LIFT] V_Motors: 27.790 V
[LIFT] V_Compute: 28.261 V
[LIFT] V_Motors: 27.792 V
[LIFT] V_Compute: 28.253 V
[LIFT] V_Motors: 27.788 V
[LIFT] V_Compute: 28.261 V
[LIFT] V_Motors: 27.795 V
[LIFT] V_Compute: 28.254 V
[LIFT] V_Motors: 27.791 V
[LIFT] V_Compute: 28.257 V
[LIFT] V_Motors: 27.792 V
[LIFT] V_Compute: 28.256 V
[LIFT] V_Motors: 27.795 V
[LIFT] V_Compute: 28.253 V
[LIFT] V_Motors: 27.795 V
[LIFT] V_Compute: 28.265 V
[LIFT] V_Motors: 27.798 V
[LIFT] V_Compute: 28.257 V
[LIFT] V_Motors: 27.794 V
[LIFT] V_Compute: 28.246 V
[LIFT] V_Motors: 27.779 V
[LIFT] V_Compute: 28.259 V
[LIFT] V_Motors: 27.790 V
[LIFT] V_Compute: 28.261 V
[LIFT] V_Motors: 27.794 V
[LIFT] V_Compute: 28.256 V
[LIFT] V_Motors: 27.794 V
[LIFT] V_Compute: 28.259 V
[LIFT] V_Motors: 27.795 V
[LIFT] V_Compute: 28.254 V
[LIFT] V_Motors: 27.788 V
[LIFT] V_Compute: 28.247 V
[LIFT] V_Motors: 27.785 V
[LIFT] V_Compute: 28.245 V
[LIFT] V_Motors: 27.792 V
[LIFT] V_Compute: 28.254 V
[LIFT] V_Motors: 27.794 V
[LIFT] V_Compute: 28.231 V
[LIFT] V_Motors: 27.772 V
[LIFT] V_Compute: 28.254 V
[LIFT] V_Motors: 27.791 V
[LIFT] V_Compute: 28.237 V
[LIFT] V_Motors: 27.780 V
[LIFT] V_Compute: 28.229 V
[LIFT] V_Motors: 27.769 V
[LIFT] V_Compute: 28.235 V
[LIFT] V_Motors: 27.777 V
[LIFT] V_Compute: 28.236 V
[LIFT] V_Motors: 27.771 V
[LIFT] V_Compute: 28.239 V
[LIFT] V_Motors: 27.777 V
[LIFT] V_Compute: 28.246 V
[LIFT] V_Motors: 27.784 V
[LIFT] V_Compute: 28.239 V
[LIFT] V_Motors: 27.780 V
[LIFT] V_Compute: 28.236 V
[LIFT] V_Motors: 27.779 V
[LIFT] V_Compute: 28.240 V
[LIFT] V_Motors: 27.784 V
[LIFT] V_Compute: 28.239 V
[LIFT] V_Motors: 27.736 V
[LIFT] V_Compute: 28.243 V
[LIFT] V_Motors: 27.775 V
[LIFT] V_Compute: 28.237 V
[LIFT] V_Motors: 27.763 V
[LIFT] V_Compute: 28.232 V
[LIFT] V_Motors: 27.763 V
[LIFT] V_Compute: 28.239 V
[LIFT] V_Motors: 27.764 V
[LIFT] V_Compute: 28.249 V
[LIFT] V_Motors: 27.775 V
[LIFT] V_Compute: 28.253 V
[LIFT] V_Motors: 27.772 V
[LIFT] V_Compute: 28.240 V
[LIFT] V_Motors: 27.757 V
[LIFT] V_Compute: 28.250 V
[LIFT] V_Motors: 27.769 V
[LIFT] V_Compute: 28.229 V
[LIFT] V_Motors: 27.757 V
[LIFT] V_Compute: 28.230 V
[LIFT] V_Motors: 27.745 V
[LIFT] V_Compute: 28.232 V
[LIFT] V_Motors: 27.757 V
[LIFT] V_Compute: 28.234 V
[LIFT] V_Motors: 27.757 V
[LIFT] V_Compute: 28.239 V
[LIFT] V_Motors: 27.766 V
[LIFT] V_Compute: 28.247 V
[LIFT] V_Motors: 27.786 V
[LIFT] V_Compute: 28.239 V
[LIFT] V_Motors: 27.777 V
[LIFT] V_Compute: 28.254 V
[LIFT] V_Motors: 27.794 V
[LIFT] V_Compute: 28.246 V
[LIFT] V_Motors: 27.788 V
[LIFT] V_Compute: 28.239 V
[LIFT] V_Motors: 27.781 V
[LIFT] V_Compute: 28.235 V
[LIFT] V_Motors: 27.775 V
[LIFT] V_Compute: 28.235 V
[LIFT] V_Motors: 27.772 V
[LIFT] V_Compute: 28.244 V
[LIFT] V_Motors: 27.791 V
[LIFT] V_Compute: 28.249 V
[LIFT] V_Motors: 27.791 V
[LIFT] V_Compute: 28.250 V
[LIFT] V_Motors: 27.785 V
[LIFT] V_Compute: 28.249 V
[LIFT] V_Motors: 27.794 V
[LIFT] V_Compute: 28.241 V
[LIFT] V_Motors: 27.781 V
[LIFT] V_Compute: 28.250 V
[LIFT] V_Motors: 27.785 V
[LIFT] V_Compute: 28.249 V
[LIFT] V_Motors: 27.789 V
[LIFT] V_Compute: 28.253 V
[LIFT] V_Motors: 27.788 V
[LIFT] V_Compute: 28.237 V
[LIFT] V_Motors: 27.786 V
[LIFT] V_Compute: 28.243 V
[LIFT] V_Motors: 27.781 V
[LIFT] V_Compute: 28.251 V
[LIFT] V_Motors: 27.737 V
[LIFT] V_Compute: 28.253 V
[LIFT] V_Motors: 27.756 V
[LIFT] V_Compute: 28.253 V
[LIFT] V_Motors: 27.759 V
[LIFT] V_Compute: 28.246 V
[LIFT] V_Motors: 27.751 V
[LIFT] V_Compute: 28.250 V
[LIFT] V_Motors: 27.759 V
[LIFT] V_Compute: 28.254 V
[LIFT] V_Motors: 27.756 V
[LIFT] V_Compute: 28.237 V
[LIFT] V_Motors: 27.747 V
[LIFT] V_Compute: 28.232 V
[LIFT] V_Motors: 27.740 V
[LIFT] V_Compute: 28.237 V
[LIFT] V_Motors: 27.743 V
[LIFT] V_Compute: 28.232 V
[LIFT] V_Motors: 27.747 V
[LIFT] V_Compute: 28.249 V
[LIFT] V_Motors: 27.775 V
[LIFT] V_Compute: 28.235 V
[LIFT] V_Motors: 27.766 V
[LIFT] V_Compute: 28.247 V
[LIFT] V_Motors: 27.791 V
[LIFT] V_Compute: 28.240 V
[LIFT] V_Motors: 27.781 V
[LIFT] V_Compute: 28.243 V
[LIFT] V_Motors: 27.779 V
[LIFT] V_Compute: 28.244 V
[LIFT] V_Motors: 27.780 V
[LIFT] V_Compute: 28.250 V
[LIFT] V_Motors: 27.786 V
[LIFT] V_Compute: 28.240 V
[LIFT] V_Motors: 27.780 V
[LIFT] V_Compute: 28.239 V
[LIFT] V_Motors: 27.777 V
[LIFT] V_Compute: 28.240 V
[LIFT] V_Motors: 27.781 V
[LIFT] V_Compute: 28.235 V
[LIFT] V_Motors: 27.777 V
[LIFT] V_Compute: 28.251 V
[LIFT] V_Motors: 27.780 V
[LIFT] V_Compute: 28.257 V
[LIFT] V_Motors: 27.791 V
[LIFT] V_Compute: 28.250 V
[LIFT] V_Motors: 27.792 V
[LIFT] V_Compute: 28.253 V
[LIFT] V_Motors: 27.794 V
[LIFT] V_Compute: 28.250 V
[LIFT] V_Motors: 27.785 V
[LIFT] V_Compute: 28.244 V
[LIFT] V_Motors: 27.790 V
[LIFT] V_Compute: 28.249 V
[LIFT] V_Motors: 27.789 V
[LIFT] V_Compute: 28.243 V
[LIFT] V_Motors: 27.780 V
[LIFT] V_Compute: 28.246 V
[LIFT] V_Motors: 27.788 V
[LIFT] V_Compute: 28.254 V
[LIFT] V_Motors: 27.798 V
[LIFT] V_Compute: 28.246 V
[LIFT] V_Motors: 27.789 V
[LIFT] V_Compute: 28.250 V
[LIFT] V_Motors: 27.788 V
[LIFT] V_Compute: 28.243 V
[LIFT] V_Motors: 27.789 V
[LIFT] V_Compute: 28.246 V
[LIFT] V_Motors: 27.788 V
[LIFT] V_Compute: 28.253 V
[LIFT] V_Motors: 27.751 V
[LIFT] V_Compute: 28.244 V
[LIFT] V_Motors: 27.769 V
[LIFT] V_Compute: 28.236 V
[LIFT] V_Motors: 27.760 V
[LIFT] V_Compute: 28.253 V
[LIFT] V_Motors: 27.785 V
[LIFT] V_Compute: 28.250 V
[LIFT] V_Motors: 27.784 V
[LIFT] V_Compute: 28.236 V
[LIFT] V_Motors: 27.790 V
[LIFT] V_Compute: 28.246 V
[LIFT] V_Motors: 27.791 V
[LIFT] V_Compute: 28.234 V
[LIFT] V_Motors: 27.775 V
[LIFT] V_Compute: 28.243 V
[LIFT] V_Motors: 27.782 V
[LIFT] V_Compute: 28.244 V
[LIFT] V_Motors: 27.788 V
[LIFT] V_Compute: 28.249 V
[LIFT] V_Motors: 27.795 V
[LIFT] V_Compute: 28.236 V
[LIFT] V_Motors: 27.784 V
[LIFT] V_Compute: 28.255 V
[LIFT] V_Motors: 27.798 V
[LIFT] V_Compute: 28.250 V
[LIFT] V_Motors: 27.791 V
[LIFT] V_Compute: 28.244 V
[LIFT] V_Motors: 27.784 V
[LIFT] V_Compute: 28.255 V
[LIFT] V_Motors: 27.786 V
[LIFT] V_Compute: 28.256 V
[LIFT] V_Motors: 27.799 V
[LIFT] V_Compute: 28.251 V
[LIFT] V_Motors: 27.791 V
[LIFT] V_Compute: 28.255 V
[LIFT] V_Motors: 27.789 V
[LIFT] V_Compute: 28.247 V
[LIFT] V_Motors: 27.794 V
[LIFT] V_Compute: 28.235 V
[LIFT] V_Motors: 27.781 V
[LIFT] V_Compute: 28.250 V
[LIFT] V_Motors: 27.795 V
[LIFT] V_Compute: 28.255 V
[LIFT] V_Motors: 27.791 V
[LIFT] V_Compute: 28.236 V
[LIFT] V_Motors: 27.779 V
[LIFT] V_Compute: 28.236 V
[LIFT] V_Motors: 27.784 V
[LIFT] V_Compute: 28.240 V
[LIFT] V_Motors: 27.761 V
[LIFT] V_Compute: 28.234 V
[LIFT] V_Motors: 27.753 V
[LIFT] V_Compute: 28.232 V
[LIFT] V_Motors: 27.754 V
[LIFT] V_Compute: 28.235 V
[LIFT] V_Motors: 27.775 V
[LIFT] V_Compute: 28.234 V
[LIFT] V_Motors: 27.777 V
[LIFT] V_Compute: 28.232 V
[LIFT] V_Motors: 27.772 V
[LIFT] V_Compute: 28.237 V
[LIFT] V_Motors: 27.776 V
[LIFT] V_Compute: 28.232 V
[LIFT] V_Motors: 27.781 V
[LIFT] V_Compute: 28.235 V
[LIFT] V_Motors: 27.777 V
[LIFT] V_Compute: 28.234 V
[LIFT] V_Motors: 27.780 V
[LIFT] V_Compute: 28.239 V
[LIFT] V_Motors: 27.779 V
[LIFT] V_Compute: 28.235 V
[LIFT] V_Motors: 27.775 V
[LIFT] V_Compute: 28.234 V
[LIFT] V_Motors: 27.781 V
[LIFT] V_Compute: 28.232 V
[LIFT] V_Motors: 27.782 V
[LIFT] V_Compute: 28.235 V
[LIFT] V_Motors: 27.775 V
[LIFT] V_Compute: 28.234 V
[LIFT] V_Motors: 27.779 V
[LIFT] V_Compute: 28.236 V
[LIFT] V_Motors: 27.777 V
[LIFT] V_Compute: 28.232 V
[LIFT] V_Motors: 27.774 V
[LIFT] V_Compute: 28.234 V
[LIFT] V_Motors: 27.779 V
[LIFT] V_Compute: 28.235 V
[LIFT] V_Motors: 27.786 V
[LIFT] V_Compute: 28.234 V
[LIFT] V_Motors: 27.781 V
[LIFT] V_Compute: 28.236 V
[LIFT] V_Motors: 27.779 V
[LIFT] V_Compute: 28.236 V
[LIFT] V_Motors: 27.781 V
[LIFT] V_Compute: 28.241 V
[LIFT] V_Motors: 27.782 V
[LIFT] V_Compute: 28.225 V
[LIFT] V_Motors: 27.729 V
[LIFT] V_Compute: 28.229 V
[LIFT] V_Motors: 27.737 V
[LIFT] V_Compute: 28.224 V
[LIFT] V_Motors: 27.749 V
[LIFT] V_Compute: 28.237 V
[LIFT] V_Motors: 27.741 V
[LIFT] V_Compute: 28.228 V
[LIFT] V_Motors: 27.745 V
[LIFT] V_Compute: 28.230 V
[LIFT] V_Motors: 27.743 V
[LIFT] V_Compute: 28.235 V
[LIFT] V_Motors: 27.771 V
[LIFT] V_Compute: 28.237 V
[LIFT] V_Motors: 27.776 V
[LIFT] V_Compute: 28.228 V
[LIFT] V_Motors: 27.777 V
[LIFT] V_Compute: 28.229 V
[LIFT] V_Motors: 27.775 V
[LIFT] V_Compute: 28.235 V
[LIFT] V_Motors: 27.776 V
[LIFT] V_Compute: 28.236 V
[LIFT] V_Motors: 27.772 V
[LIFT] V_Compute: 28.231 V
[LIFT] V_Motors: 27.776 V
[LIFT] V_Compute: 28.237 V
[LIFT] V_Motors: 27.775 V
[LIFT] V_Compute: 28.241 V
[LIFT] V_Motors: 27.776 V
[LIFT] V_Compute: 28.249 V
[LIFT] V_Motors: 27.784 V
[LIFT] V_Compute: 28.237 V
[LIFT] V_Motors: 27.775 V
[LIFT] V_Compute: 28.256 V
[LIFT] V_Motors: 27.746 V
[LIFT] V_Compute: 28.253 V
[LIFT] V_Motors: 27.767 V
[LIFT] V_Compute: 28.251 V
[LIFT] V_Motors: 27.745 V
[LIFT] V_Compute: 28.256 V
[LIFT] V_Motors: 27.765 V
[LIFT] V_Compute: 28.246 V
[LIFT] V_Motors: 27.749 V
[LIFT] V_Compute: 28.235 V
[LIFT] V_Motors: 27.754 V
[LIFT] V_Compute: 28.253 V
[LIFT] V_Motors: 27.747 V
[LIFT] V_Compute: 28.260 V
[LIFT] V_Motors: 27.750 V
[LIFT] V_Compute: 28.235 V
[LIFT] V_Motors: 27.770 V
[LIFT] V_Compute: 28.239 V
[LIFT] V_Motors: 27.779 V
[LIFT] V_Compute: 28.243 V
[LIFT] V_Motors: 27.774 V
[LIFT] V_Compute: 28.234 V
[LIFT] V_Motors: 27.777 V
[LIFT] V_Compute: 28.240 V
[LIFT] V_Motors: 27.780 V
[LIFT] V_Compute: 28.235 V
[LIFT] V_Motors: 27.779 V
[LIFT] V_Compute: 28.232 V
[LIFT] V_Motors: 27.730 V
[LIFT] V_Compute: 28.251 V
[LIFT] V_Motors: 27.739 V
[LIFT] V_Compute: 28.253 V
[LIFT] V_Motors: 27.739 V
[LIFT] V_Compute: 28.249 V
[LIFT] V_Motors: 27.751 V
[LIFT] V_Compute: 28.255 V
[LIFT] V_Motors: 27.775 V
[LIFT] V_Compute: 28.250 V
[LIFT] V_Motors: 27.743 V
[LIFT] V_Compute: 28.255 V
[LIFT] V_Motors: 27.746 V
[LIFT] V_Compute: 28.256 V
[LIFT] V_Motors: 27.737 V
[LIFT] V_Compute: 28.255 V
[LIFT] V_Motors: 27.746 V
[LIFT] V_Compute: 28.251 V
[LIFT] V_Motors: 27.745 V
[LIFT] V_Compute: 28.249 V
[LIFT] V_Motors: 27.744 V
[LIFT] V_Compute: 28.246 V
[LIFT] V_Motors: 27.743 V
[LIFT] V_Compute: 28.235 V
[LIFT] V_Motors: 27.721 V
[LIFT] V_Compute: 28.256 V
[LIFT] V_Motors: 27.684 V
[LIFT] V_Compute: 28.249 V
[LIFT] V_Motors: 27.745 V
[LIFT] V_Compute: 28.247 V
[LIFT] V_Motors: 27.734 V
[LIFT] V_Compute: 28.257 V
[LIFT] V_Motors: 27.772 V
[LIFT] V_Compute: 28.251 V
[LIFT] V_Motors: 27.770 V
[LIFT] V_Compute: 28.245 V
[LIFT] V_Motors: 27.761 V
[LIFT] V_Compute: 28.256 V
[LIFT] V_Motors: 27.779 V
[LIFT] V_Compute: 28.261 V
[LIFT] V_Motors: 27.782 V
[LIFT] V_Compute: 28.261 V
[LIFT] V_Motors: 27.785 V
[LIFT] V_Compute: 28.254 V
[LIFT] V_Motors: 27.777 V
[LIFT] V_Compute: 28.244 V
[LIFT] V_Motors: 27.780 V
[LIFT] V_Compute: 28.231 V
[LIFT] V_Motors: 27.767 V
[LIFT] V_Compute: 28.255 V
[LIFT] V_Motors: 27.788 V
[LIFT] V_Compute: 28.253 V
[LIFT] V_Motors: 27.789 V
[LIFT] V_Compute: 28.259 V
[LIFT] V_Motors: 27.786 V
[LIFT] V_Compute: 28.244 V
[LIFT] V_Motors: 27.777 V
[LIFT] V_Compute: 28.256 V
[LIFT] V_Motors: 27.786 V
[LIFT] V_Compute: 28.257 V
[LIFT] V_Motors: 27.791 V
[LIFT] V_Compute: 28.251 V
[LIFT] V_Motors: 27.792 V
[LIFT] V_Compute: 28.246 V
[LIFT] V_Motors: 27.784 V
[LIFT] V_Compute: 28.251 V
[LIFT] V_Motors: 27.790 V
[LIFT] V_Compute: 28.235 V
[LIFT] V_Motors: 27.782 V
[LIFT] V_Compute: 28.251 V
[LIFT] V_Motors: 27.785 V
[LIFT] V_Compute: 28.250 V
[LIFT] V_Motors: 27.786 V
[LIFT] V_Compute: 28.255 V
[LIFT] V_Motors: 27.782 V
[LIFT] V_Compute: 28.251 V
[LIFT] V_Motors: 27.788 V
[LIFT] V_Compute: 28.247 V
[LIFT] V_Motors: 27.784 V
[LIFT] V_Compute: 28.255 V
[LIFT] V_Motors: 27.784 V
[LIFT] V_Compute: 28.251 V
[LIFT] V_Motors: 27.788 V
[LIFT] V_Compute: 28.257 V
[LIFT] V_Motors: 27.786 V
[LIFT] V_Compute: 28.251 V
[LIFT] V_Motors: 27.789 V
[LIFT] V_Compute: 28.253 V
[LIFT] V_Motors: 27.786 V
[LIFT] V_Compute: 28.250 V
[LIFT] V_Motors: 27.790 V
[LIFT] V_Compute: 28.256 V
[LIFT] V_Motors: 27.790 V
[LIFT] V_Compute: 28.257 V
[LIFT] V_Motors: 27.786 V
[LIFT] V_Compute: 28.261 V
[LIFT] V_Motors: 27.788 V
[LIFT] V_Compute: 28.255 V
[LIFT] V_Motors: 27.791 V
[LIFT] V_Compute: 28.255 V
[LIFT] V_Motors: 27.786 V
[LIFT] V_Compute: 28.254 V
[LIFT] V_Motors: 27.789 V
[LIFT] V_Compute: 28.259 V
[LIFT] V_Motors: 27.790 V
[LIFT] V_Compute: 28.247 V
[LIFT] V_Motors: 27.791 V
[LIFT] V_Compute: 28.264 V
[LIFT] V_Motors: 27.785 V
[LIFT] V_Compute: 28.253 V
[LIFT] V_Motors: 27.786 V
[LIFT] V_Compute: 28.256 V
[LIFT] V_Motors: 27.784 V
[LIFT] V_Compute: 28.251 V
[LIFT] V_Motors: 27.791 V
[LIFT] V_Compute: 28.253 V
[LIFT] V_Motors: 27.790 V
[LIFT] V_Compute: 28.250 V
[LIFT] V_Motors: 27.779 V
[LIFT] V_Compute: 28.254 V
[LIFT] V_Motors: 27.791 V
[LIFT] V_Compute: 28.245 V
[LIFT] V_Motors: 27.791 V
[LIFT] V_Compute: 28.257 V
[LIFT] V_Motors: 27.786 V
[LIFT] V_Compute: 28.245 V
[LIFT] V_Motors: 27.789 V
[LIFT] V_Compute: 28.249 V
[LIFT] V_Motors: 27.781 V
[LIFT] V_Compute: 28.253 V
[LIFT] V_Motors: 27.786 V
[LIFT] V_Compute: 28.256 V
[LIFT] V_Motors: 27.791 V
[LIFT] V_Compute: 28.254 V
[LIFT] V_Motors: 27.789 V
[LIFT] V_Compute: 28.255 V
[LIFT] V_Motors: 27.791 V
[LIFT] V_Compute: 28.250 V
[LIFT] V_Motors: 27.786 V
[LIFT] V_Compute: 28.247 V
[LIFT] V_Motors: 27.794 V
[LIFT] V_Compute: 28.250 V
[LIFT] V_Motors: 27.790 V
[LIFT] V_Compute: 28.250 V
[LIFT] V_Motors: 27.788 V
[LIFT] V_Compute: 28.256 V
[LIFT] V_Motors: 27.788 V
[LIFT] V_Compute: 28.255 V
[LIFT] V_Motors: 27.789 V
[LIFT] V_Compute: 28.247 V
[LIFT] V_Motors: 27.795 V
[LIFT] V_Compute: 28.249 V
[LIFT] V_Motors: 27.784 V
[LIFT] V_Compute: 28.260 V
[LIFT] V_Motors: 27.792 V
[LIFT] V_Compute: 28.261 V
[LIFT] V_Motors: 27.792 V
[LIFT] V_Compute: 28.257 V
[LIFT] V_Motors: 27.789 V
[LIFT] V_Compute: 28.256 V
[LIFT] V_Motors: 27.785 V
[LIFT] V_Compute: 28.254 V
[LIFT] V_Motors: 27.792 V
[LIFT] V_Compute: 28.260 V
[LIFT] V_Motors: 27.786 V
[LIFT] V_Compute: 28.256 V
[LIFT] V_Motors: 27.791 V
[LIFT] V_Compute: 28.256 V
[LIFT] V_Motors: 27.795 V
[LIFT] V_Compute: 28.255 V
[LIFT] V_Motors: 27.788 V
[LIFT] V_Compute: 28.261 V
[LIFT] V_Motors: 27.791 V
[LIFT] V_Compute: 28.255 V
[LIFT] V_Motors: 27.792 V
[LIFT] V_Compute: 28.250 V
[LIFT] V_Motors: 27.790 V
[LIFT] V_Compute: 28.249 V
[LIFT] V_Motors: 27.786 V
[LIFT] V_Compute: 28.251 V
[LIFT] V_Motors: 27.792 V
[LIFT] V_Compute: 28.256 V
[LIFT] V_Motors: 27.788 V
[LIFT] V_Compute: 28.256 V
[LIFT] V_Motors: 27.792 V
[LIFT] V_Compute: 28.255 V
[LIFT] V_Motors: 27.792 V
[LIFT] V_Compute: 28.255 V
[LIFT] V_Motors: 27.791 V
[LIFT] V_Compute: 28.255 V
[LIFT] V_Motors: 27.786 V
[LIFT] V_Compute: 28.253 V
[LIFT] V_Motors: 27.788 V
[LIFT] V_Compute: 28.237 V
[LIFT] V_Motors: 27.772 V
[LIFT] V_Compute: 28.245 V
[LIFT] V_Motors: 27.786 V
[LIFT] V_Compute: 28.247 V
[LIFT] V_Motors: 27.782 V
[LIFT] V_Compute: 28.253 V
[LIFT] V_Motors: 27.790 V
[LIFT] V_Compute: 28.250 V
[LIFT] V_Motors: 27.791 V
[LIFT] V_Compute: 28.250 V
[LIFT] V_Motors: 27.792 V
[LIFT] V_Compute: 28.253 V
[LIFT] V_Motors: 27.785 V
[LIFT] V_Compute: 28.251 V
[LIFT] V_Motors: 27.791 V
[LIFT] V_Compute: 28.253 V
[LIFT] V_Motors: 27.788 V
[LIFT] V_Compute: 28.254 V
[LIFT] V_Motors: 27.792 V
[LIFT] V_Compute: 28.254 V
[LIFT] V_Motors: 27.788 V
[LIFT] V_Compute: 28.243 V
[LIFT] V_Motors: 27.780 V
[LIFT] V_Compute: 28.251 V
[LIFT] V_Motors: 27.791 V
[LIFT] V_Compute: 28.256 V
[LIFT] V_Motors: 27.790 V
[LIFT] V_Compute: 28.250 V
[LIFT] V_Motors: 27.794 V
[LIFT] V_Compute: 28.251 V
[LIFT] V_Motors: 27.792 V
[LIFT] V_Compute: 28.261 V
[LIFT] V_Motors: 27.792 V
[LIFT] V_Compute: 28.253 V
[LIFT] V_Motors: 27.786 V
[LIFT] V_Compute: 28.251 V
[LIFT] V_Motors: 27.788 V
[LIFT] V_Compute: 28.254 V
[LIFT] V_Motors: 27.796 V
[LIFT] V_Compute: 28.251 V
[LIFT] V_Motors: 27.792 V
[LIFT] V_Compute: 28.253 V
[LIFT] V_Motors: 27.790 V
[LIFT] V_Compute: 28.245 V
[LIFT] V_Motors: 27.792 V
[LIFT] V_Compute: 28.251 V
[LIFT] V_Motors: 27.791 V
[LIFT] V_Compute: 28.250 V
[LIFT] V_Motors: 27.782 V
[LIFT] V_Compute: 28.244 V
[LIFT] V_Motors: 27.781 V
[LIFT] V_Compute: 28.237 V
[LIFT] V_Motors: 27.779 V
[LIFT] V_Compute: 28.253 V
[LIFT] V_Motors: 27.789 V
[LIFT] V_Compute: 28.257 V
[LIFT] V_Motors: 27.789 V
[LIFT] V_Compute: 28.256 V
[LIFT] V_Motors: 27.788 V
[LIFT] V_Compute: 28.255 V
[LIFT] V_Motors: 27.789 V
[LIFT] V_Compute: 28.253 V
[LIFT] V_Motors: 27.785 V
[LIFT] V_Compute: 28.260 V
[LIFT] V_Motors: 27.791 V
[LIFT] V_Compute: 28.255 V
[LIFT] V_Motors: 27.788 V
[LIFT] V_Compute: 28.254 V
[LIFT] V_Motors: 27.789 V
[LIFT] V_Compute: 28.257 V
[LIFT] V_Motors: 27.789 V
[LIFT] V_Compute: 28.256 V
[LIFT] V_Motors: 27.786 V
[LIFT] V_Compute: 28.257 V
[LIFT] V_Motors: 27.789 V
[LIFT] V_Compute: 28.241 V
[LIFT] V_Motors: 27.776 V
[LIFT] V_Compute: 28.249 V
[LIFT] V_Motors: 27.789 V
[LIFT] V_Compute: 28.253 V
[LIFT] V_Motors: 27.786 V
[LIFT] V_Compute: 28.251 V
[LIFT] V_Motors: 27.790 V
[LIFT] V_Compute: 28.256 V
[LIFT] V_Motors: 27.792 V
[LIFT] V_Compute: 28.251 V
[LIFT] V_Motors: 27.792 V
[LIFT] V_Compute: 28.254 V
[LIFT] V_Motors: 27.789 V
[LIFT] V_Compute: 28.243 V
[LIFT] V_Motors: 27.782 V
[LIFT] V_Compute: 28.243 V
[LIFT] V_Motors: 27.775 V
[LIFT] V_Compute: 28.251 V
[LIFT] V_Motors: 27.786 V
[LIFT] V_Compute: 28.244 V
[LIFT] V_Motors: 27.781 V
[LIFT] V_Compute: 28.259 V
[LIFT] V_Motors: 27.791 V
[LIFT] V_Compute: 28.251 V
[LIFT] V_Motors: 27.790 V
[LIFT] V_Compute: 28.260 V
[LIFT] V_Motors: 27.796 V
[LIFT] V_Compute: 28.243 V
[LIFT] V_Motors: 27.785 V
[LIFT] V_Compute: 28.245 V
[LIFT] V_Motors: 27.792 V
[LIFT] V_Compute: 28.243 V
[LIFT] V_Motors: 27.785 V
[LIFT] V_Compute: 28.259 V
[LIFT] V_Motors: 27.784 V
[LIFT] V_Compute: 28.244 V
[LIFT] V_Motors: 27.782 V
[LIFT] V_Compute: 28.250 V
[LIFT] V_Motors: 27.791 V
[LIFT] V_Compute: 28.255 V
[LIFT] V_Motors: 27.786 V
[LIFT] V_Compute: 28.250 V
[LIFT] V_Motors: 27.788 V
[LIFT] V_Compute: 28.253 V
[LIFT] V_Motors: 27.791 V
[LIFT] V_Compute: 28.255 V
[LIFT] V_Motors: 27.788 V
[LIFT] V_Compute: 28.254 V
[LIFT] V_Motors: 27.786 V
[LIFT] V_Compute: 28.257 V
[LIFT] V_Motors: 27.791 V
[LIFT] V_Compute: 28.253 V
[LIFT] V_Motors: 27.790 V
[LIFT] V_Compute: 28.254 V
[LIFT] V_Motors: 27.795 V
[LIFT] V_Compute: 28.239 V
[LIFT] V_Motors: 27.774 V
[LIFT] V_Compute: 28.256 V
[LIFT] V_Motors: 27.791 V
[LIFT] V_Compute: 28.246 V
[LIFT] V_Motors: 27.789 V
[LIFT] V_Compute: 28.259 V
[LIFT] V_Motors: 27.784 V
[LIFT] V_Compute: 28.259 V
[LIFT] V_Motors: 27.786 V
[LIFT] V_Compute: 28.254 V
[LIFT] V_Motors: 27.794 V
[LIFT] V_Compute: 28.255 V
[LIFT] V_Motors: 27.786 V
[LIFT] V_Compute: 28.246 V
[LIFT] V_Motors: 27.791 V
[LIFT] V_Compute: 28.253 V
[LIFT] V_Motors: 27.795 V
[LIFT] V_Compute: 28.246 V
[LIFT] V_Motors: 27.788 V
[LIFT] V_Compute: 28.259 V
[LIFT] V_Motors: 27.790 V
[LIFT] V_Compute: 28.257 V
[LIFT] V_Motors: 27.790 V
[LIFT] V_Compute: 28.249 V
[LIFT] V_Motors: 27.779 V
[LIFT] V_Compute: 28.253 V
[LIFT] V_Motors: 27.792 V
[LIFT] V_Compute: 28.249 V
[LIFT] V_Motors: 27.785 V
[LIFT] V_Compute: 28.249 V
[LIFT] V_Motors: 27.794 V
[LIFT] V_Compute: 28.249 V
[LIFT] V_Motors: 27.786 V
[LIFT] V_Compute: 28.249 V
[LIFT] V_Motors: 27.790 V
[LIFT] V_Compute: 28.246 V
[LIFT] V_Motors: 27.789 V
[LIFT] V_Compute: 28.246 V
[LIFT] V_Motors: 27.788 V
[LIFT] V_Compute: 28.249 V
[LIFT] V_Motors: 27.786 V
[LIFT] V_Compute: 28.253 V
[LIFT] V_Motors: 27.788 V
[LIFT] V_Compute: 28.247 V
[LIFT] V_Motors: 27.777 V
[LIFT] V_Compute: 28.254 V
[LIFT] V_Motors: 27.785 V
[LIFT] V_Compute: 28.254 V
[LIFT] V_Motors: 27.788 V
[LIFT] V_Compute: 28.253 V
[LIFT] V_Motors: 27.789 V
[LIFT] V_Compute: 28.247 V
[LIFT] V_Motors: 27.789 V
[LIFT] V_Compute: 28.255 V
[LIFT] V_Motors: 27.785 V
[LIFT] V_Compute: 28.247 V
[LIFT] V_Motors: 27.786 V
[LIFT] V_Compute: 28.254 V
[LIFT] V_Motors: 27.786 V
[LIFT] V_Compute: 28.235 V
[LIFT] V_Motors: 27.772 V
[LIFT] V_Compute: 28.251 V
[LIFT] V_Motors: 27.794 V
[LIFT] V_Compute: 28.256 V
[LIFT] V_Motors: 27.791 V
[LIFT] V_Compute: 28.259 V
[LIFT] V_Motors: 27.786 V
[LIFT] V_Compute: 28.255 V
[LIFT] V_Motors: 27.790 V
[LIFT] V_Compute: 28.250 V
[LIFT] V_Motors: 27.785 V
[LIFT] V_Compute: 28.255 V
[LIFT] V_Motors: 27.790 V
[LIFT] V_Compute: 28.247 V
[LIFT] V_Motors: 27.784 V
[LIFT] V_Compute: 28.249 V
[LIFT] V_Motors: 27.788 V
[LIFT] V_Compute: 28.257 V
[LIFT] V_Motors: 27.788 V
[LIFT] V_Compute: 28.255 V
[LIFT] V_Motors: 27.792 V
[LIFT] V_Compute: 28.249 V
[LIFT] V_Motors: 27.785 V
[LIFT] V_Compute: 28.246 V
[LIFT] V_Motors: 27.786 V
[LIFT] V_Compute: 28.253 V
[LIFT] V_Motors: 27.786 V
[LIFT] V_Compute: 28.253 V
[LIFT] V_Motors: 27.786 V
[LIFT] V_Compute: 28.251 V
[LIFT] V_Motors: 27.791 V
[LIFT] V_Compute: 28.254 V
[LIFT] V_Motors: 27.790 V
[LIFT] V_Compute: 28.251 V
[LIFT] V_Motors: 27.792 V
[LIFT] V_Compute: 28.247 V
[LIFT] V_Motors: 27.795 V
[LIFT] V_Compute: 28.247 V
[LIFT] V_Motors: 27.801 V
[LIFT] V_Compute: 28.255 V
[LIFT] V_Motors: 27.798 V
[LIFT] V_Compute: 28.255 V
[LIFT] V_Motors: 27.796 V
[LIFT] V_Compute: 28.255 V
[LIFT] V_Motors: 27.792 V
[LIFT] V_Compute: 28.239 V
[LIFT] V_Motors: 27.792 V
[LIFT] V_Compute: 28.255 V
[LIFT] V_Motors: 27.802 V
[LIFT] V_Compute: 28.249 V
[LIFT] V_Motors: 27.799 V
[LIFT] V_Compute: 28.259 V
[LIFT] V_Motors: 27.798 V
[LIFT] V_Compute: 28.256 V
[LIFT] V_Motors: 27.790 V
[LIFT] V_Compute: 28.251 V
[LIFT] V_Motors: 27.788 V
[LIFT] V_Compute: 28.256 V
[LIFT] V_Motors: 27.790 V
[LIFT] V_Compute: 28.249 V
[LIFT] V_Motors: 27.794 V
[LIFT] V_Compute: 28.240 V
[LIFT] V_Motors: 27.779 V
[LIFT] V_Compute: 28.237 V
[LIFT] V_Motors: 27.775 V
[LIFT] V_Compute: 28.246 V
[LIFT] V_Motors: 27.788 V
[LIFT] V_Compute: 28.243 V
[LIFT] V_Motors: 27.786 V
[LIFT] V_Compute: 28.251 V
[LIFT] V_Motors: 27.790 V
[LIFT] V_Compute: 28.244 V
[LIFT] V_Motors: 27.790 V
[LIFT] V_Compute: 28.246 V
[LIFT] V_Motors: 27.785 V
[LIFT] V_Compute: 28.229 V
[LIFT] V_Motors: 27.772 V
[LIFT] V_Compute: 28.245 V
[LIFT] V_Motors: 27.789 V
[LIFT] V_Compute: 28.239 V
[LIFT] V_Motors: 27.775 V
[LIFT] V_Compute: 28.246 V
[LIFT] V_Motors: 27.789 V
[LIFT] V_Compute: 28.246 V
[LIFT] V_Motors: 27.788 V
[LIFT] V_Compute: 28.235 V
[LIFT] V_Motors: 27.785 V
[LIFT] V_Compute: 28.224 V
[LIFT] V_Motors: 27.766 V
[LIFT] V_Compute: 28.241 V
[LIFT] V_Motors: 27.775 V
[LIFT] V_Compute: 28.243 V
[LIFT] V_Motors: 27.785 V
[LIFT] V_Compute: 28.245 V
[LIFT] V_Motors: 27.782 V
[LIFT] V_Compute: 28.246 V
[LIFT] V_Motors: 27.791 V
[LIFT] V_Compute: 28.239 V
[LIFT] V_Motors: 27.780 V
[LIFT] V_Compute: 28.232 V
[LIFT] V_Motors: 27.782 V
[LIFT] V_Compute: 28.244 V
[LIFT] V_Motors: 27.775 V
[LIFT] V_Compute: 28.237 V
[LIFT] V_Motors: 27.788 V
[LIFT] V_Compute: 28.229 V
[LIFT] V_Motors: 27.785 V
[LIFT] V_Compute: 28.245 V
[LIFT] V_Motors: 27.781 V
[LIFT] V_Compute: 28.243 V
[LIFT] V_Motors: 27.782 V
[LIFT] V_Compute: 28.247 V
[LIFT] V_Motors: 27.790 V
[LIFT] V_Compute: 28.240 V
[LIFT] V_Motors: 27.776 V
[LIFT] V_Compute: 28.237 V
[LIFT] V_Motors: 27.789 V
[LIFT] V_Compute: 28.235 V
[LIFT] V_Motors: 27.777 V
[LIFT] V_Compute: 28.230 V
[LIFT] V_Motors: 27.775 V
[LIFT] V_Compute: 28.241 V
[LIFT] V_Motors: 27.786 V
[LIFT] V_Compute: 28.244 V
[LIFT] V_Motors: 27.792 V
[LIFT] V_Compute: 28.231 V
[LIFT] V_Motors: 27.767 V
[LIFT] V_Compute: 28.249 V
[LIFT] V_Motors: 27.782 V
[LIFT] V_Compute: 28.245 V
[LIFT] V_Motors: 27.775 V
[LIFT] V_Compute: 28.241 V
[LIFT] V_Motors: 27.791 V
[LIFT] V_Compute: 28.239 V
[LIFT] V_Motors: 27.772 V
[LIFT] V_Compute: 28.240 V
[LIFT] V_Motors: 27.786 V
[LIFT] V_Compute: 28.240 V
[LIFT] V_Motors: 27.786 V
[LIFT] V_Compute: 28.234 V
[LIFT] V_Motors: 27.788 V
[LIFT] V_Compute: 28.246 V
[LIFT] V_Motors: 27.788 V
[LIFT] V_Compute: 28.243 V
[LIFT] V_Motors: 27.786 V
[LIFT] V_Compute: 28.241 V
[LIFT] V_Motors: 27.789 V
[LIFT] V_Compute: 28.236 V
[LIFT] V_Motors: 27.786 V
[LIFT] V_Compute: 28.244 V
[LIFT] V_Motors: 27.785 V
[LIFT] V_Compute: 28.247 V
[LIFT] V_Motors: 27.782 V
[LIFT] V_Compute: 28.241 V
[LIFT] V_Motors: 27.789 V
[LIFT] V_Compute: 28.243 V
[LIFT] V_Motors: 27.789 V
[LIFT] V_Compute: 28.243 V
[LIFT] V_Motors: 27.788 V
[LIFT] V_Compute: 28.230 V
[LIFT] V_Motors: 27.781 V
[LIFT] V_Compute: 28.237 V
[LIFT] V_Motors: 27.782 V
[LIFT] V_Compute: 28.239 V
[LIFT] V_Motors: 27.781 V
[LIFT] V_Compute: 28.239 V
[LIFT] V_Motors: 27.781 V
[LIFT] V_Compute: 28.243 V
[LIFT] V_Motors: 27.786 V
[LIFT] V_Compute: 28.243 V
[LIFT] V_Motors: 27.791 V
[LIFT] V_Compute: 28.247 V
[LIFT] V_Motors: 27.786 V
[LIFT] V_Compute: 28.235 V
[LIFT] V_Motors: 27.788 V
[LIFT] V_Compute: 28.245 V
[LIFT] V_Motors: 27.784 V
[LIFT] V_Compute: 28.245 V
[LIFT] V_Motors: 27.788 V
[LIFT] V_Compute: 28.229 V
[LIFT] V_Motors: 27.781 V
[LIFT] V_Compute: 28.231 V
[LIFT] V_Motors: 27.772 V
[LIFT] V_Compute: 28.245 V
[LIFT] V_Motors: 27.792 V
[LIFT] V_Compute: 28.240 V
[LIFT] V_Motors: 27.780 V
[LIFT] V_Compute: 28.229 V
[LIFT] V_Motors: 27.786 V
[LIFT] V_Compute: 28.244 V
[LIFT] V_Motors: 27.786 V
[LIFT] V_Compute: 28.235 V
[LIFT] V_Motors: 27.782 V
[LIFT] V_Compute: 28.245 V
[LIFT] V_Motors: 27.786 V
[LIFT] V_Compute: 28.243 V
[LIFT] V_Motors: 27.781 V
[LIFT] V_Compute: 28.249 V
[LIFT] V_Motors: 27.786 V
[LIFT] V_Compute: 28.235 V
[LIFT] V_Motors: 27.781 V
[LIFT] V_Compute: 28.241 V
[LIFT] V_Motors: 27.780 V
[LIFT] V_Compute: 28.244 V
[LIFT] V_Motors: 27.785 V
[LIFT] V_Compute: 28.240 V
[LIFT] V_Motors: 27.781 V
[LIFT] V_Compute: 28.246 V
[LIFT] V_Motors: 27.789 V
[LIFT] V_Compute: 28.246 V
[LIFT] V_Motors: 27.786 V
[LIFT] V_Compute: 28.244 V
[LIFT] V_Motors: 27.781 V
[LIFT] V_Compute: 28.234 V
[LIFT] V_Motors: 27.772 V
[LIFT] V_Compute: 28.245 V
[LIFT] V_Motors: 27.782 V
[LIFT] V_Compute: 28.250 V
[LIFT] V_Motors: 27.782 V
[LIFT] V_Compute: 28.239 V
[LIFT] V_Motors: 27.776 V
[LIFT] V_Compute: 28.225 V
[LIFT] V_Motors: 27.770 V
[LIFT] V_Compute: 28.230 V
[LIFT] V_Motors: 27.788 V
[LIFT] V_Compute: 28.244 V
[LIFT] V_Motors: 27.785 V
[LIFT] V_Compute: 28.245 V
[LIFT] V_Motors: 27.790 V
[LIFT] V_Compute: 28.234 V
[LIFT] V_Motors: 27.781 V
[LIFT] V_Compute: 28.241 V
[LIFT] V_Motors: 27.784 V
[LIFT] V_Compute: 28.229 V
[LIFT] V_Motors: 27.774 V
[LIFT] V_Compute: 28.241 V
[LIFT] V_Motors: 27.786 V
[LIFT] V_Compute: 28.240 V
[LIFT] V_Motors: 27.786 V
[LIFT] V_Compute: 28.230 V
[LIFT] V_Motors: 27.779 V
[LIFT] V_Compute: 28.246 V
[LIFT] V_Motors: 27.788 V
[LIFT] V_Compute: 28.243 V
[LIFT] V_Motors: 27.784 V
[LIFT] V_Compute: 28.236 V
[LIFT] V_Motors: 27.777 V
[LIFT] V_Compute: 28.235 V
[LIFT] V_Motors: 27.785 V
[LIFT] V_Compute: 28.241 V
[LIFT] V_Motors: 27.782 V
[LIFT] V_Compute: 28.247 V
[LIFT] V_Motors: 27.786 V
[LIFT] V_Compute: 28.245 V
[LIFT] V_Motors: 27.786 V
[LIFT] V_Compute: 28.249 V
[LIFT] V_Motors: 27.786 V
[LIFT] V_Compute: 28.235 V
[LIFT] V_Motors: 27.779 V
[LIFT] V_Compute: 28.231 V
[LIFT] V_Motors: 27.775 V
[LIFT] V_Compute: 28.239 V
[LIFT] V_Motors: 27.788 V
[LIFT] V_Compute: 28.235 V
[LIFT] V_Motors: 27.785 V
[LIFT] V_Compute: 28.241 V
[LIFT] V_Motors: 27.786 V
[LIFT] V_Compute: 28.234 V
[LIFT] V_Motors: 27.777 V
[LIFT] V_Compute: 28.240 V
[LIFT] V_Motors: 27.786 V
[LIFT] V_Compute: 28.236 V
[LIFT] V_Motors: 27.779 V
[LIFT] V_Compute: 28.240 V
[LIFT] V_Motors: 27.788 V
[LIFT] V_Compute: 28.244 V
[LIFT] V_Motors: 27.786 V
[LIFT] V_Compute: 28.240 V
[LIFT] V_Motors: 27.791 V
[LIFT] V_Compute: 28.236 V
[LIFT] V_Motors: 27.770 V
[LIFT] V_Compute: 28.239 V
[LIFT] V_Motors: 27.786 V
[LIFT] V_Compute: 28.244 V
[LIFT] V_Motors: 27.777 V
[LIFT] V_Compute: 28.236 V
[LIFT] V_Motors: 27.786 V
[LIFT] V_Compute: 28.224 V
[LIFT] V_Motors: 27.780 V
[LIFT] V_Compute: 28.244 V
[LIFT] V_Motors: 27.788 V
[LIFT] V_Compute: 28.236 V
[LIFT] V_Motors: 27.785 V
[LIFT] V_Compute: 28.230 V
[LIFT] V_Motors: 27.785 V
[LIFT] V_Compute: 28.239 V
[LIFT] V_Motors: 27.785 V
[LIFT] V_Compute: 28.241 V
[LIFT] V_Motors: 27.786 V
[LIFT] V_Compute: 28.226 V
[LIFT] V_Motors: 27.772 V
[LIFT] V_Compute: 28.245 V
[LIFT] V_Motors: 27.788 V
[LIFT] V_Compute: 28.245 V
[LIFT] V_Motors: 27.786 V
[LIFT] V_Compute: 28.235 V
[LIFT] V_Motors: 27.777 V
[LIFT] V_Compute: 28.236 V
[LIFT] V_Motors: 27.784 V
[LIFT] V_Compute: 28.225 V
[LIFT] V_Motors: 27.777 V
[LIFT] V_Compute: 28.244 V
[LIFT] V_Motors: 27.781 V
[LIFT] V_Compute: 28.237 V
[LIFT] V_Motors: 27.786 V
[LIFT] V_Compute: 28.236 V
[LIFT] V_Motors: 27.789 V
[LIFT] V_Compute: 28.235 V
[LIFT] V_Motors: 27.788 V
[LIFT] V_Compute: 28.230 V
[LIFT] V_Motors: 27.781 V
[LIFT] V_Compute: 28.241 V
[LIFT] V_Motors: 27.786 V
[LIFT] V_Compute: 28.226 V
[LIFT] V_Motors: 27.771 V
[LIFT] V_Compute: 28.229 V
[LIFT] V_Motors: 27.774 V
[LIFT] V_Compute: 28.226 V
[LIFT] V_Motors: 27.780 V
[LIFT] V_Compute: 28.224 V
[LIFT] V_Motors: 27.771 V
[LIFT] V_Compute: 28.222 V
[LIFT] V_Motors: 27.770 V
[LIFT] V_Compute: 28.218 V
[LIFT] V_Motors: 27.767 V
[LIFT] V_Compute: 28.226 V
[LIFT] V_Motors: 27.770 V
[LIFT] V_Compute: 28.240 V
[LIFT] V_Motors: 27.786 V
[LIFT] V_Compute: 28.232 V
[LIFT] V_Motors: 27.779 V
[LIFT] V_Compute: 28.245 V
[LIFT] V_Motors: 27.786 V
[LIFT] V_Compute: 28.230 V
[LIFT] V_Motors: 27.776 V
[LIFT] V_Compute: 28.235 V
[LIFT] V_Motors: 27.784 V
[LIFT] V_Compute: 28.244 V
[LIFT] V_Motors: 27.780 V
[LIFT] V_Compute: 28.241 V
[LIFT] V_Motors: 27.782 V
[LIFT] V_Compute: 28.239 V
[LIFT] V_Motors: 27.782 V
[LIFT] V_Compute: 28.229 V
[LIFT] V_Motors: 27.779 V
[LIFT] V_Compute: 28.241 V
[LIFT] V_Motors: 27.786 V
[LIFT] V_Compute: 28.244 V
[LIFT] V_Motors: 27.780 V
[LIFT] V_Compute: 28.241 V
[LIFT] V_Motors: 27.780 V
[LIFT] V_Compute: 28.235 V
[LIFT] V_Motors: 27.781 V
[LIFT] V_Compute: 28.240 V
[LIFT] V_Motors: 27.786 V
[LIFT] V_Compute: 28.245 V
[LIFT] V_Motors: 27.782 V
[LIFT] V_Compute: 28.235 V
[LIFT] V_Motors: 27.774 V
[LIFT] V_Compute: 28.241 V
[LIFT] V_Motors: 27.785 V
[LIFT] V_Compute: 28.239 V
[LIFT] V_Motors: 27.785 V
[LIFT] V_Compute: 28.230 V
[LIFT] V_Motors: 27.772 V
[LIFT] V_Compute: 28.244 V
[LIFT] V_Motors: 27.781 V
[LIFT] V_Compute: 28.244 V
[LIFT] V_Motors: 27.786 V
[LIFT] V_Compute: 28.234 V
[LIFT] V_Motors: 27.777 V
[LIFT] V_Compute: 28.246 V
[LIFT] V_Motors: 27.782 V
[LIFT] V_Compute: 28.244 V
[LIFT] V_Motors: 27.784 V
[LIFT] V_Compute: 28.220 V
[LIFT] V_Motors: 27.766 V
[LIFT] V_Compute: 28.245 V
[LIFT] V_Motors: 27.786 V
[LIFT] V_Compute: 28.240 V
[LIFT] V_Motors: 27.777 V
[LIFT] V_Compute: 28.239 V
[LIFT] V_Motors: 27.784 V
[LIFT] V_Compute: 28.218 V
[LIFT] V_Motors: 27.770 V
[LIFT] V_Compute: 28.228 V
[LIFT] V_Motors: 27.788 V
[LIFT] V_Compute: 28.243 V
[LIFT] V_Motors: 27.781 V
[LIFT] V_Compute: 28.232 V
[LIFT] V_Motors: 27.775 V
[LIFT] V_Compute: 28.237 V
[LIFT] V_Motors: 27.786 V
[LIFT] V_Compute: 28.236 V
[LIFT] V_Motors: 27.777 V
[LIFT] V_Compute: 28.235 V
[LIFT] V_Motors: 27.786 V
[LIFT] V_Compute: 28.219 V
[LIFT] V_Motors: 27.766 V
[LIFT] V_Compute: 28.243 V
[LIFT] V_Motors: 27.790 V
[LIFT] V_Compute: 28.245 V
[LIFT] V_Motors: 27.786 V
[LIFT] V_Compute: 28.241 V
[LIFT] V_Motors: 27.786 V
[LIFT] V_Compute: 28.237 V
[LIFT] V_Motors: 27.784 V
[LIFT] V_Compute: 28.237 V
[LIFT] V_Motors: 27.781 V
[LIFT] V_Compute: 28.229 V
[LIFT] V_Motors: 27.775 V
[LIFT] V_Compute: 28.237 V
[LIFT] V_Motors: 27.780 V
[LIFT] V_Compute: 28.239 V
[LIFT] V_Motors: 27.781 V
[LIFT] V_Compute: 28.234 V
[LIFT] V_Motors: 27.785 V
[LIFT] V_Compute: 28.239 V
[LIFT] V_Motors: 27.781 V
[LIFT] V_Compute: 28.234 V
[LIFT] V_Motors: 27.779 V
[LIFT] V_Compute: 28.237 V
[LIFT] V_Motors: 27.777 V
[LIFT] V_Compute: 28.236 V
[LIFT] V_Motors: 27.779 V
[LIFT] V_Compute: 28.234 V
[LIFT] V_Motors: 27.780 V
[LIFT] V_Compute: 28.237 V
[LIFT] V_Motors: 27.780 V
[LIFT] V_Compute: 28.237 V
[LIFT] V_Motors: 27.779 V
[LIFT] V_Compute: 28.244 V
[LIFT] V_Motors: 27.782 V
[LIFT] V_Compute: 28.241 V
[LIFT] V_Motors: 27.781 V
[LIFT] V_Compute: 28.237 V
[LIFT] V_Motors: 27.775 V
[LIFT] V_Compute: 28.243 V
[LIFT] V_Motors: 27.785 V
[LIFT] V_Compute: 28.222 V
[LIFT] V_Motors: 27.769 V
SLAM pose subscriber initialized
[YOR] follow_path: n=24 first=(-0.015400016307830833, -0.02369999885559082) last=(4.68459998369217, -0.7736999988555917)
[LIFT] V_Compute: 28.232 V
[LIFT] V_Motors: 27.744 V
[LIFT] V_Compute: 28.234 V
[LIFT] V_Motors: 27.744 V
[LIFT] V_Compute: 28.243 V
[LIFT] V_Motors: 27.753 V
[LIFT] V_Compute: 28.230 V
[LIFT] V_Motors: 27.740 V
[LIFT] V_Compute: 28.226 V
[LIFT] V_Motors: 27.740 V
[LIFT] V_Compute: 28.243 V
[LIFT] V_Motors: 27.747 V
[LIFT] V_Compute: 28.240 V
[LIFT] V_Motors: 27.722 V
[LIFT] V_Compute: 28.235 V
[LIFT] V_Motors: 27.739 V
[LIFT] V_Compute: 28.218 V
[LIFT] V_Motors: 27.734 V
[LIFT] V_Compute: 28.236 V
[LIFT] V_Motors: 27.744 V
[LIFT] V_Compute: 28.235 V
[LIFT] V_Motors: 27.730 V
[LIFT] V_Compute: 28.237 V
[LIFT] V_Motors: 27.774 V
[LIFT] V_Compute: 28.241 V
[LIFT] V_Motors: 27.731 V
[LIFT] V_Compute: 28.234 V
[LIFT] V_Motors: 27.649 V
[LIFT] V_Compute: 28.232 V
[LIFT] V_Motors: 27.714 V
[LIFT] V_Compute: 28.239 V
[LIFT] V_Motors: 27.721 V
[LIFT] V_Compute: 28.236 V
[LIFT] V_Motors: 27.731 V
[LIFT] V_Compute: 28.236 V
[LIFT] V_Motors: 27.754 V
[LIFT] V_Compute: 28.220 V
[LIFT] V_Motors: 27.724 V
[LIFT] V_Compute: 28.235 V
[LIFT] V_Motors: 27.740 V
[LIFT] V_Compute: 28.241 V
[LIFT] V_Motors: 27.737 V
[LIFT] V_Compute: 28.235 V
[LIFT] V_Motors: 27.731 V
[LIFT] V_Compute: 28.235 V
[LIFT] V_Motors: 27.745 V
[LIFT] V_Compute: 28.237 V
[LIFT] V_Motors: 27.725 V
[LIFT] V_Compute: 28.220 V
[LIFT] V_Motors: 27.716 V
[LIFT] V_Compute: 28.232 V
[LIFT] V_Motors: 27.719 V
[LIFT] V_Compute: 28.236 V
[LIFT] V_Motors: 27.721 V
[LIFT] V_Compute: 28.234 V
[LIFT] V_Motors: 27.731 V
[LIFT] V_Compute: 28.237 V
[LIFT] V_Motors: 27.730 V
[LIFT] V_Compute: 28.228 V
[LIFT] V_Motors: 27.706 V
[LIFT] V_Compute: 28.231 V
[LIFT] V_Motors: 27.729 V
[LIFT] V_Compute: 28.239 V
[LIFT] V_Motors: 27.753 V
[LIFT] V_Compute: 28.232 V
[LIFT] V_Motors: 27.711 V
[LIFT] V_Compute: 28.229 V
[LIFT] V_Motors: 27.760 V
[LIFT] V_Compute: 28.231 V
[LIFT] V_Motors: 27.751 V
[LIFT] V_Compute: 28.235 V
[LIFT] V_Motors: 27.746 V
[YOR] follow_path: cleared
[LIFT] V_Compute: 28.243 V
[LIFT] V_Motors: 27.766 V
[LIFT] V_Compute: 28.239 V
[LIFT] V_Motors: 27.764 V
[LIFT] V_Compute: 28.244 V
[LIFT] V_Motors: 27.761 V
[LIFT] V_Compute: 28.244 V
[LIFT] V_Motors: 27.770 V
[LIFT] V_Compute: 28.230 V
[LIFT] V_Motors: 27.766 V
[LIFT] V_Compute: 28.240 V
[LIFT] V_Motors: 27.774 V
[LIFT] V_Compute: 28.235 V
[LIFT] V_Motors: 27.772 V
[LIFT] V_Compute: 28.245 V
[LIFT] V_Motors: 27.770 V
[LIFT] V_Compute: 28.226 V
[LIFT] V_Motors: 27.770 V
[LIFT] V_Compute: 28.243 V
[LIFT] V_Motors: 27.771 V
[LIFT] V_Compute: 28.229 V
[LIFT] V_Motors: 27.772 V
[LIFT] V_Compute: 28.220 V
[LIFT] V_Motors: 27.766 V
[LIFT] V_Compute: 28.222 V
[LIFT] V_Motors: 27.764 V
[YOR] follow_path: n=24 first=(4.63459998369217, -0.7736999988555917) last=(-0.015400016307830833, -0.02369999885559082)
[LIFT] V_Compute: 28.236 V
[LIFT] V_Motors: 27.743 V
[LIFT] V_Compute: 28.245 V
[LIFT] V_Motors: 27.760 V
[LIFT] V_Compute: 28.239 V
[LIFT] V_Motors: 27.753 V
[LIFT] V_Compute: 28.240 V
[LIFT] V_Motors: 27.754 V
[LIFT] V_Compute: 28.236 V
[LIFT] V_Motors: 27.749 V
[LIFT] V_Compute: 28.231 V
[LIFT] V_Motors: 27.726 V
[LIFT] V_Compute: 28.212 V
[LIFT] V_Motors: 27.702 V
[LIFT] V_Compute: 28.235 V
[LIFT] V_Motors: 27.725 V
[LIFT] V_Compute: 28.237 V
[LIFT] V_Motors: 27.732 V
[LIFT] V_Compute: 28.236 V
[LIFT] V_Motors: 27.747 V
[LIFT] V_Compute: 28.229 V
[LIFT] V_Motors: 27.728 V
[LIFT] V_Compute: 28.239 V
[LIFT] V_Motors: 27.745 V
[LIFT] V_Compute: 28.236 V
[LIFT] V_Motors: 27.739 V
[LIFT] V_Compute: 28.226 V
[LIFT] V_Motors: 27.740 V
[LIFT] V_Compute: 28.216 V
[LIFT] V_Motors: 27.722 V
[LIFT] V_Compute: 28.221 V
[LIFT] V_Motors: 27.734 V
[LIFT] V_Compute: 28.237 V
[LIFT] V_Motors: 27.735 V
[LIFT] V_Compute: 28.218 V
[LIFT] V_Motors: 27.735 V
[LIFT] V_Compute: 28.219 V
[LIFT] V_Motors: 27.730 V
[LIFT] V_Compute: 28.236 V
[LIFT] V_Motors: 27.732 V
[LIFT] V_Compute: 28.232 V
[LIFT] V_Motors: 27.735 V
[LIFT] V_Compute: 28.236 V
[LIFT] V_Motors: 27.731 V
[LIFT] V_Compute: 28.234 V
[LIFT] V_Motors: 27.736 V
[LIFT] V_Compute: 28.218 V
[LIFT] V_Motors: 27.728 V
[LIFT] V_Compute: 28.241 V
[LIFT] V_Motors: 27.740 V
[LIFT] V_Compute: 28.224 V
[LIFT] V_Motors: 27.728 V
[LIFT] V_Compute: 28.232 V
[LIFT] V_Motors: 27.736 V
[LIFT] V_Compute: 28.237 V
[LIFT] V_Motors: 27.719 V
[LIFT] V_Compute: 28.228 V
[LIFT] V_Motors: 27.736 V
[LIFT] V_Compute: 28.235 V
[LIFT] V_Motors: 27.730 V
[LIFT] V_Compute: 28.221 V
[LIFT] V_Motors: 27.729 V
[LIFT] V_Compute: 28.235 V
[LIFT] V_Motors: 27.740 V
[LIFT] V_Compute: 28.224 V
[LIFT] V_Motors: 27.750 V
[LIFT] V_Compute: 28.237 V
[LIFT] V_Motors: 27.740 V
[LIFT] V_Compute: 28.235 V
[LIFT] V_Motors: 27.739 V
[LIFT] V_Compute: 28.225 V
[LIFT] V_Motors: 27.730 V
[LIFT] V_Compute: 28.235 V
[LIFT] V_Motors: 27.760 V
[LIFT] V_Compute: 28.225 V
[LIFT] V_Motors: 27.724 V
[LIFT] V_Compute: 28.240 V
[LIFT] V_Motors: 27.715 V
[LIFT] V_Compute: 28.236 V
[LIFT] V_Motors: 27.743 V
[LIFT] V_Compute: 28.240 V
[LIFT] V_Motors: 27.740 V
[LIFT] V_Compute: 28.219 V
[LIFT] V_Motors: 27.749 V
[YOR] follow_path: cleared
[LIFT] V_Compute: 28.229 V
[LIFT] V_Motors: 27.760 V
[LIFT] V_Compute: 28.231 V
[LIFT] V_Motors: 27.759 V
[LIFT] V_Compute: 28.237 V
[LIFT] V_Motors: 27.759 V
[LIFT] V_Compute: 28.222 V
[LIFT] V_Motors: 27.753 V
[LIFT] V_Compute: 28.225 V
[LIFT] V_Motors: 27.755 V
[LIFT] V_Compute: 28.231 V
[LIFT] V_Motors: 27.765 V
[LIFT] V_Compute: 28.219 V
[LIFT] V_Motors: 27.746 V
[LIFT] V_Compute: 28.231 V
[LIFT] V_Motors: 27.764 V
[LIFT] V_Compute: 28.220 V
[LIFT] V_Motors: 27.755 V
[LIFT] V_Compute: 28.230 V
[LIFT] V_Motors: 27.756 V
[LIFT] V_Compute: 28.220 V
[LIFT] V_Motors: 27.753 V
[LIFT] V_Compute: 28.235 V
[LIFT] V_Motors: 27.765 V
[LIFT] V_Compute: 28.237 V
[LIFT] V_Motors: 27.765 V
[LIFT] V_Compute: 28.226 V
[LIFT] V_Motors: 27.736 V
[LIFT] V_Compute: 28.235 V
[LIFT] V_Motors: 27.756 V
[LIFT] V_Compute: 28.240 V
[LIFT] V_Motors: 27.765 V
[LIFT] V_Compute: 28.232 V
[LIFT] V_Motors: 27.601 V
[LIFT] V_Compute: 28.224 V
[LIFT] V_Motors: 27.757 V
[LIFT] V_Compute: 28.228 V
[LIFT] V_Motors: 27.766 V
[LIFT] V_Compute: 28.230 V
[LIFT] V_Motors: 27.766 V
[LIFT] V_Compute: 28.226 V
[LIFT] V_Motors: 27.772 V
[LIFT] V_Compute: 28.234 V
[LIFT] V_Motors: 27.771 V
[LIFT] V_Compute: 28.228 V
[LIFT] V_Motors: 27.766 V
[LIFT] V_Compute: 28.229 V
[LIFT] V_Motors: 27.757 V
[LIFT] V_Compute: 28.224 V
[LIFT] V_Motors: 27.761 V
[LIFT] V_Compute: 28.228 V
[LIFT] V_Motors: 27.772 V
[LIFT] V_Compute: 28.235 V
[LIFT] V_Motors: 27.772 V
[LIFT] V_Compute: 28.231 V
[LIFT] V_Motors: 27.767 V
[LIFT] V_Compute: 28.236 V
[LIFT] V_Motors: 27.766 V
[LIFT] V_Compute: 28.237 V
[LIFT] V_Motors: 27.769 V
[LIFT] V_Compute: 28.235 V
[LIFT] V_Motors: 27.770 V
[LIFT] V_Compute: 28.232 V
[LIFT] V_Motors: 27.765 V
[LIFT] V_Compute: 28.228 V
[LIFT] V_Motors: 27.761 V
[LIFT] V_Compute: 28.231 V
[LIFT] V_Motors: 27.765 V
[LIFT] V_Compute: 28.234 V
[LIFT] V_Motors: 27.765 V
[LIFT] V_Compute: 28.222 V
[LIFT] V_Motors: 27.764 V
[LIFT] V_Compute: 28.212 V
[LIFT] V_Motors: 27.757 V
[LIFT] V_Compute: 28.239 V
[LIFT] V_Motors: 27.769 V
[LIFT] V_Compute: 28.232 V
[LIFT] V_Motors: 27.769 V
[LIFT] V_Compute: 28.230 V
[LIFT] V_Motors: 27.765 V
[LIFT] V_Compute: 28.215 V
[LIFT] V_Motors: 27.760 V
[LIFT] V_Compute: 28.229 V
[LIFT] V_Motors: 27.767 V
[LIFT] V_Compute: 28.235 V
[LIFT] V_Motors: 27.771 V
[LIFT] V_Compute: 28.224 V
[LIFT] V_Motors: 27.763 V
[LIFT] V_Compute: 28.225 V
[LIFT] V_Motors: 27.763 V
[LIFT] V_Compute: 28.237 V
[LIFT] V_Motors: 27.766 V
[LIFT] V_Compute: 28.241 V
[LIFT] V_Motors: 27.772 V
[LIFT] V_Compute: 28.228 V
[LIFT] V_Motors: 27.757 V
[LIFT] V_Compute: 28.235 V
[LIFT] V_Motors: 27.769 V
[LIFT] V_Compute: 28.240 V
[LIFT] V_Motors: 27.771 V
[LIFT] V_Compute: 28.230 V
[LIFT] V_Motors: 27.767 V
[LIFT] V_Compute: 28.237 V
[LIFT] V_Motors: 27.769 V
[YOR] follow_path: n=16 first=(0.0003999710083011365, -0.045200157165528054) last=(0.6503999710083015, 2.9547998428344724)
[LIFT] V_Compute: 28.236 V
[LIFT] V_Motors: 27.753 V
[LIFT] V_Compute: 28.225 V
[LIFT] V_Motors: 27.746 V
[LIFT] V_Compute: 28.243 V
[LIFT] V_Motors: 27.755 V
[LIFT] V_Compute: 28.226 V
[LIFT] V_Motors: 27.716 V
[LIFT] V_Compute: 28.229 V
[LIFT] V_Motors: 27.734 V
[LIFT] V_Compute: 28.225 V
[LIFT] V_Motors: 27.722 V
[LIFT] V_Compute: 28.224 V
[LIFT] V_Motors: 27.728 V
[LIFT] V_Compute: 28.220 V
[LIFT] V_Motors: 27.746 V
[LIFT] V_Compute: 28.216 V
[LIFT] V_Motors: 27.722 V
[LIFT] V_Compute: 28.232 V
[LIFT] V_Motors: 27.729 V
[LIFT] V_Compute: 28.212 V
[LIFT] V_Motors: 27.722 V
[LIFT] V_Compute: 28.212 V
[LIFT] V_Motors: 27.709 V
[LIFT] V_Compute: 28.222 V
[LIFT] V_Motors: 27.724 V
[LIFT] V_Compute: 28.225 V
[LIFT] V_Motors: 27.712 V
[LIFT] V_Compute: 28.220 V
[LIFT] V_Motors: 27.701 V
[LIFT] V_Compute: 28.218 V
[LIFT] V_Motors: 27.711 V
[LIFT] V_Compute: 28.214 V
[LIFT] V_Motors: 27.705 V
[LIFT] V_Compute: 28.234 V
[LIFT] V_Motors: 27.715 V
[LIFT] V_Compute: 28.224 V
[LIFT] V_Motors: 27.716 V
[LIFT] V_Compute: 28.214 V
[LIFT] V_Motors: 27.726 V
[LIFT] V_Compute: 28.228 V
[LIFT] V_Motors: 27.714 V
[LIFT] V_Compute: 28.225 V
[LIFT] V_Motors: 27.685 V
[LIFT] V_Compute: 28.224 V
[LIFT] V_Motors: 27.736 V
[LIFT] V_Compute: 28.230 V
[LIFT] V_Motors: 27.708 V
[LIFT] V_Compute: 28.226 V
[LIFT] V_Motors: 27.676 V
[LIFT] V_Compute: 28.237 V
[LIFT] V_Motors: 27.760 V
[LIFT] V_Compute: 28.225 V
[LIFT] V_Motors: 27.753 V
[LIFT] V_Compute: 28.215 V
[LIFT] V_Motors: 27.750 V
[LIFT] V_Compute: 28.221 V
[LIFT] V_Motors: 27.760 V
[LIFT] V_Compute: 28.236 V
[LIFT] V_Motors: 27.759 V
[LIFT] V_Compute: 28.218 V
[LIFT] V_Motors: 27.757 V
[LIFT] V_Compute: 28.229 V
[LIFT] V_Motors: 27.757 V
[LIFT] V_Compute: 28.221 V
[LIFT] V_Motors: 27.757 V
[LIFT] V_Compute: 28.237 V
[LIFT] V_Motors: 27.757 V
[LIFT] V_Compute: 28.218 V
[LIFT] V_Motors: 27.753 V
[LIFT] V_Compute: 28.236 V
[LIFT] V_Motors: 27.767 V
[LIFT] V_Compute: 28.231 V
[LIFT] V_Motors: 27.764 V
[LIFT] V_Compute: 28.232 V
[LIFT] V_Motors: 27.765 V
[LIFT] V_Compute: 28.235 V
[LIFT] V_Motors: 27.756 V
[LIFT] V_Compute: 28.237 V
[LIFT] V_Motors: 27.764 V
[LIFT] V_Compute: 28.220 V
[LIFT] V_Motors: 27.760 V
[LIFT] V_Compute: 28.209 V
[LIFT] V_Motors: 27.751 V
[LIFT] V_Compute: 28.216 V
[LIFT] V_Motors: 27.760 V
[LIFT] V_Compute: 28.224 V
[LIFT] V_Motors: 27.761 V
[LIFT] V_Compute: 28.216 V
[LIFT] V_Motors: 27.750 V
[LIFT] V_Compute: 28.220 V
[LIFT] V_Motors: 27.757 V
[LIFT] V_Compute: 28.220 V
[LIFT] V_Motors: 27.751 V
[LIFT] V_Compute: 28.222 V
[LIFT] V_Motors: 27.754 V
[LIFT] V_Compute: 28.228 V
[LIFT] V_Motors: 27.751 V
[LIFT] V_Compute: 28.224 V
[LIFT] V_Motors: 27.759 V
[LIFT] V_Compute: 28.219 V
[LIFT] V_Motors: 27.756 V
[LIFT] V_Compute: 28.218 V
[LIFT] V_Motors: 27.750 V
[LIFT] V_Compute: 28.220 V
[LIFT] V_Motors: 27.751 V
[LIFT] V_Compute: 28.224 V
[LIFT] V_Motors: 27.751 V
[LIFT] V_Compute: 28.218 V
[LIFT] V_Motors: 27.753 V
[LIFT] V_Compute: 28.222 V
[LIFT] V_Motors: 27.759 V
[LIFT] V_Compute: 28.232 V
[LIFT] V_Motors: 27.753 V
[LIFT] V_Compute: 28.224 V
[LIFT] V_Motors: 27.759 V
[LIFT] V_Compute: 28.212 V
[LIFT] V_Motors: 27.751 V
[LIFT] V_Compute: 28.219 V
[LIFT] V_Motors: 27.749 V
[LIFT] V_Compute: 28.226 V
[LIFT] V_Motors: 27.767 V
[LIFT] V_Compute: 28.221 V
[LIFT] V_Motors: 27.759 V
[LIFT] V_Compute: 28.228 V
[LIFT] V_Motors: 27.755 V
[LIFT] V_Compute: 28.234 V
[LIFT] V_Motors: 27.769 V
[YOR] follow_path: cleared
[LIFT] V_Compute: 28.232 V
[LIFT] V_Motors: 27.761 V
[LIFT] V_Compute: 28.228 V
[LIFT] V_Motors: 27.764 V
[LIFT] V_Compute: 28.226 V
[LIFT] V_Motors: 27.763 V
[LIFT] V_Compute: 28.239 V
[LIFT] V_Motors: 27.766 V
[LIFT] V_Compute: 28.234 V
[LIFT] V_Motors: 27.769 V
[LIFT] V_Compute: 28.230 V
[LIFT] V_Motors: 27.769 V
[YOR] follow_path: n=16 first=(0.6503999710083015, 2.9027997970581056) last=(0.0003999710083011365, -0.04720020294189453)
[LIFT] V_Compute: 28.215 V
[LIFT] V_Motors: 27.739 V
[LIFT] V_Compute: 28.228 V
[LIFT] V_Motors: 27.741 V
[LIFT] V_Compute: 28.231 V
[LIFT] V_Motors: 27.741 V
[LIFT] V_Compute: 28.229 V
[LIFT] V_Motors: 27.744 V
[LIFT] V_Compute: 28.236 V
[LIFT] V_Motors: 27.741 V
[LIFT] V_Compute: 28.234 V
[LIFT] V_Motors: 27.746 V
[LIFT] V_Compute: 28.235 V
[LIFT] V_Motors: 27.760 V
[LIFT] V_Compute: 28.224 V
[LIFT] V_Motors: 27.736 V
[LIFT] V_Compute: 28.231 V
[LIFT] V_Motors: 27.724 V
[LIFT] V_Compute: 28.230 V
[LIFT] V_Motors: 27.734 V
[LIFT] V_Compute: 28.222 V
[LIFT] V_Motors: 27.708 V
[LIFT] V_Compute: 28.221 V
[LIFT] V_Motors: 27.724 V
[LIFT] V_Compute: 28.220 V
[LIFT] V_Motors: 27.722 V
[LIFT] V_Compute: 28.235 V
[LIFT] V_Motors: 27.726 V
[LIFT] V_Compute: 28.232 V
[LIFT] V_Motors: 27.740 V
[LIFT] V_Compute: 28.232 V
[LIFT] V_Motors: 27.711 V
[LIFT] V_Compute: 28.231 V
[LIFT] V_Motors: 27.715 V
[LIFT] V_Compute: 28.224 V
[LIFT] V_Motors: 27.744 V
[LIFT] V_Compute: 28.231 V
[LIFT] V_Motors: 27.708 V
[LIFT] V_Compute: 28.232 V
[LIFT] V_Motors: 27.728 V
[LIFT] V_Compute: 28.221 V
[LIFT] V_Motors: 27.716 V
[LIFT] V_Compute: 28.220 V
[LIFT] V_Motors: 27.706 V
[LIFT] V_Compute: 28.230 V
[LIFT] V_Motors: 27.728 V
[LIFT] V_Compute: 28.226 V
[LIFT] V_Motors: 27.729 V
[LIFT] V_Compute: 28.218 V
[LIFT] V_Motors: 27.729 V
[LIFT] V_Compute: 28.231 V
[LIFT] V_Motors: 27.731 V
[LIFT] V_Compute: 28.224 V
[LIFT] V_Motors: 27.760 V
[LIFT] V_Compute: 28.226 V
[LIFT] V_Motors: 27.657 V
[LIFT] V_Compute: 28.231 V
[LIFT] V_Motors: 27.702 V
[LIFT] V_Compute: 28.229 V
[LIFT] V_Motors: 27.769 V
[LIFT] V_Compute: 28.224 V
[LIFT] V_Motors: 27.724 V
[YOR] follow_path: cleared
[LIFT] V_Compute: 28.232 V
[LIFT] V_Motors: 27.756 V
[LIFT] V_Compute: 28.237 V
[LIFT] V_Motors: 27.759 V
[LIFT] V_Compute: 28.232 V
[LIFT] V_Motors: 27.760 V
[LIFT] V_Compute: 28.234 V
[LIFT] V_Motors: 27.766 V
[LIFT] V_Compute: 28.232 V
[LIFT] V_Motors: 27.761 V
[LIFT] V_Compute: 28.232 V
[LIFT] V_Motors: 27.760 V
[LIFT] V_Compute: 28.225 V
[LIFT] V_Motors: 27.753 V
[LIFT] V_Compute: 28.226 V
[LIFT] V_Motors: 27.754 V
[LIFT] V_Compute: 28.214 V
[LIFT] V_Motors: 27.753 V
[LIFT] V_Compute: 28.221 V
[LIFT] V_Motors: 27.757 V
[LIFT] V_Compute: 28.216 V
[LIFT] V_Motors: 27.750 V
[LIFT] V_Compute: 28.225 V
[LIFT] V_Motors: 27.753 V
[LIFT] V_Compute: 28.218 V
[LIFT] V_Motors: 27.754 V
[LIFT] V_Compute: 28.218 V
[LIFT] V_Motors: 27.754 V
[LIFT] V_Compute: 28.226 V
[LIFT] V_Motors: 27.753 V
[LIFT] V_Compute: 28.216 V
[LIFT] V_Motors: 27.754 V
[LIFT] V_Compute: 28.222 V
[LIFT] V_Motors: 27.753 V
[LIFT] V_Compute: 28.219 V
[LIFT] V_Motors: 27.749 V
[LIFT] V_Compute: 28.215 V
[LIFT] V_Motors: 27.745 V
[LIFT] V_Compute: 28.220 V
[LIFT] V_Motors: 27.759 V
[LIFT] V_Compute: 28.222 V
[LIFT] V_Motors: 27.756 V
[LIFT] V_Compute: 28.211 V
[LIFT] V_Motors: 27.756 V
[LIFT] V_Compute: 28.214 V
[LIFT] V_Motors: 27.750 V
[LIFT] V_Compute: 28.219 V
[LIFT] V_Motors: 27.756 V
[LIFT] V_Compute: 28.226 V
[LIFT] V_Motors: 27.759 V
[LIFT] V_Compute: 28.219 V
[LIFT] V_Motors: 27.747 V
[LIFT] V_Compute: 28.222 V
[LIFT] V_Motors: 27.756 V
[LIFT] V_Compute: 28.216 V
[LIFT] V_Motors: 27.751 V
[LIFT] V_Compute: 28.222 V
[LIFT] V_Motors: 27.746 V
[LIFT] V_Compute: 28.210 V
[LIFT] V_Motors: 27.749 V
[LIFT] V_Compute: 28.224 V
[LIFT] V_Motors: 27.755 V
[YOR] follow_path: n=30 first=(-0.008599853515624645, -0.04720020294189453) last=(6.1914001464843755, -0.24720020294189382)
[LIFT] V_Compute: 28.220 V
[LIFT] V_Motors: 27.715 V
[LIFT] V_Compute: 28.220 V
[LIFT] V_Motors: 27.716 V
[LIFT] V_Compute: 28.216 V
[LIFT] V_Motors: 27.712 V
[LIFT] V_Compute: 28.224 V
[LIFT] V_Motors: 27.731 V
[LIFT] V_Compute: 28.208 V
[LIFT] V_Motors: 27.720 V
[LIFT] V_Compute: 28.224 V
[LIFT] V_Motors: 27.724 V
[LIFT] V_Compute: 28.225 V
[LIFT] V_Motors: 27.709 V
[LIFT] V_Compute: 28.202 V
[LIFT] V_Motors: 27.711 V
[LIFT] V_Compute: 28.231 V
[LIFT] V_Motors: 27.715 V
[LIFT] V_Compute: 28.204 V
[LIFT] V_Motors: 27.701 V
[LIFT] V_Compute: 28.225 V
[LIFT] V_Motors: 27.705 V
[LIFT] V_Compute: 28.225 V
[LIFT] V_Motors: 27.694 V
[LIFT] V_Compute: 28.218 V
[LIFT] V_Motors: 27.714 V
[LIFT] V_Compute: 28.215 V
[LIFT] V_Motors: 27.710 V
[LIFT] V_Compute: 28.211 V
[LIFT] V_Motors: 27.704 V
[LIFT] V_Compute: 28.211 V
[LIFT] V_Motors: 27.701 V
[LIFT] V_Compute: 28.224 V
[LIFT] V_Motors: 27.711 V
[LIFT] V_Compute: 28.220 V
[LIFT] V_Motors: 27.715 V
[LIFT] V_Compute: 28.218 V
[LIFT] V_Motors: 27.681 V
[LIFT] V_Compute: 28.206 V
[LIFT] V_Motors: 27.691 V
[LIFT] V_Compute: 28.208 V
[LIFT] V_Motors: 27.690 V
[LIFT] V_Compute: 28.226 V
[LIFT] V_Motors: 27.719 V
[LIFT] V_Compute: 28.226 V
[LIFT] V_Motors: 27.710 V
[LIFT] V_Compute: 28.212 V
[LIFT] V_Motors: 27.694 V
[LIFT] V_Compute: 28.235 V
[LIFT] V_Motors: 27.725 V
[LIFT] V_Compute: 28.229 V
[LIFT] V_Motors: 27.690 V
[LIFT] V_Compute: 28.214 V
[LIFT] V_Motors: 27.685 V
[LIFT] V_Compute: 28.224 V
[LIFT] V_Motors: 27.701 V
[LIFT] V_Compute: 28.212 V
[LIFT] V_Motors: 27.690 V
[LIFT] V_Compute: 28.219 V
[LIFT] V_Motors: 27.722 V
[LIFT] V_Compute: 28.214 V
[LIFT] V_Motors: 27.694 V
[LIFT] V_Compute: 28.209 V
[LIFT] V_Motors: 27.671 V
[LIFT] V_Compute: 28.218 V
[LIFT] V_Motors: 27.722 V
[LIFT] V_Compute: 28.241 V
[LIFT] V_Motors: 27.691 V
[LIFT] V_Compute: 28.228 V
[LIFT] V_Motors: 27.716 V
[LIFT] V_Compute: 28.234 V
[LIFT] V_Motors: 27.711 V
[LIFT] V_Compute: 28.235 V
[LIFT] V_Motors: 27.729 V
[LIFT] V_Compute: 28.230 V
[LIFT] V_Motors: 27.700 V
[LIFT] V_Compute: 28.231 V
[LIFT] V_Motors: 27.685 V
[LIFT] V_Compute: 28.226 V
[LIFT] V_Motors: 27.712 V
[LIFT] V_Compute: 28.220 V
[LIFT] V_Motors: 27.719 V
[LIFT] V_Compute: 28.218 V
[LIFT] V_Motors: 27.725 V
[YOR] follow_path: cleared
[LIFT] V_Compute: 28.226 V
[LIFT] V_Motors: 27.750 V
[LIFT] V_Compute: 28.231 V
[LIFT] V_Motors: 27.753 V
[LIFT] V_Compute: 28.235 V
[LIFT] V_Motors: 27.746 V
[LIFT] V_Compute: 28.232 V
[LIFT] V_Motors: 27.750 V
[LIFT] V_Compute: 28.232 V
[LIFT] V_Motors: 27.755 V
[LIFT] V_Compute: 28.235 V
[LIFT] V_Motors: 27.756 V
[LIFT] V_Compute: 28.209 V
[LIFT] V_Motors: 27.741 V
[LIFT] V_Compute: 28.224 V
[LIFT] V_Motors: 27.751 V
[LIFT] V_Compute: 28.222 V
[LIFT] V_Motors: 27.751 V
[LIFT] V_Compute: 28.225 V
[LIFT] V_Motors: 27.749 V
[LIFT] V_Compute: 28.232 V
[LIFT] V_Motors: 27.755 V
[LIFT] V_Compute: 28.224 V
[LIFT] V_Motors: 27.759 V
[LIFT] V_Compute: 28.232 V
[LIFT] V_Motors: 27.755 V
[LIFT] V_Compute: 28.234 V
[LIFT] V_Motors: 27.754 V
[LIFT] V_Compute: 28.232 V
[LIFT] V_Motors: 27.755 V
[LIFT] V_Compute: 28.224 V
[LIFT] V_Motors: 27.755 V
[LIFT] V_Compute: 28.221 V
[LIFT] V_Motors: 27.750 V
[LIFT] V_Compute: 28.209 V
[LIFT] V_Motors: 27.741 V
[LIFT] V_Compute: 28.232 V
[LIFT] V_Motors: 27.754 V
[LIFT] V_Compute: 28.224 V
[LIFT] V_Motors: 27.751 V
[LIFT] V_Compute: 28.212 V
[LIFT] V_Motors: 27.741 V
[LIFT] V_Compute: 28.225 V
[LIFT] V_Motors: 27.743 V
[LIFT] V_Compute: 28.230 V
[LIFT] V_Motors: 27.753 V
[LIFT] V_Compute: 28.226 V
[LIFT] V_Motors: 27.750 V
[LIFT] V_Compute: 28.229 V
[LIFT] V_Motors: 27.755 V
[LIFT] V_Compute: 28.231 V
[LIFT] V_Motors: 27.754 V
[LIFT] V_Compute: 28.229 V
[LIFT] V_Motors: 27.757 V
[LIFT] V_Compute: 28.228 V
[LIFT] V_Motors: 27.756 V
[LIFT] V_Compute: 28.232 V
[LIFT] V_Motors: 27.757 V
[LIFT] V_Compute: 28.226 V
[LIFT] V_Motors: 27.750 V
[YOR] follow_path: n=30 first=(6.141400146484377, -0.24720020294189382) last=(-0.008599853515624645, -0.04720020294189453)
[LIFT] V_Compute: 28.228 V
[LIFT] V_Motors: 27.732 V
[LIFT] V_Compute: 28.224 V
[LIFT] V_Motors: 27.728 V
[LIFT] V_Compute: 28.224 V
[LIFT] V_Motors: 27.739 V
[LIFT] V_Compute: 28.229 V
[LIFT] V_Motors: 27.729 V
[LIFT] V_Compute: 28.226 V
[LIFT] V_Motors: 27.732 V
[LIFT] V_Compute: 28.229 V
[LIFT] V_Motors: 27.705 V
[LIFT] V_Compute: 28.224 V
[LIFT] V_Motors: 27.714 V
[LIFT] V_Compute: 28.228 V
[LIFT] V_Motors: 27.695 V
[LIFT] V_Compute: 28.205 V
[LIFT] V_Motors: 27.711 V
[LIFT] V_Compute: 28.231 V
[LIFT] V_Motors: 27.714 V
[LIFT] V_Compute: 28.230 V
[LIFT] V_Motors: 27.730 V
[LIFT] V_Compute: 28.230 V
[LIFT] V_Motors: 27.715 V
[LIFT] V_Compute: 28.226 V
[LIFT] V_Motors: 27.715 V
[LIFT] V_Compute: 28.221 V
[LIFT] V_Motors: 27.731 V
[LIFT] V_Compute: 28.234 V
[LIFT] V_Motors: 27.696 V
[LIFT] V_Compute: 28.232 V
[LIFT] V_Motors: 27.715 V
[LIFT] V_Compute: 28.225 V
[LIFT] V_Motors: 27.708 V
[LIFT] V_Compute: 28.234 V
[LIFT] V_Motors: 27.691 V
[LIFT] V_Compute: 28.224 V
[LIFT] V_Motors: 27.735 V
[LIFT] V_Compute: 28.229 V
[LIFT] V_Motors: 27.712 V
[LIFT] V_Compute: 28.230 V
[LIFT] V_Motors: 27.716 V
[LIFT] V_Compute: 28.229 V
[LIFT] V_Motors: 27.724 V
[LIFT] V_Compute: 28.228 V
[LIFT] V_Motors: 27.694 V
[LIFT] V_Compute: 28.224 V
[LIFT] V_Motors: 27.718 V
[LIFT] V_Compute: 28.231 V
[LIFT] V_Motors: 27.710 V
[LIFT] V_Compute: 28.222 V
[LIFT] V_Motors: 27.687 V
[LIFT] V_Compute: 28.231 V
[LIFT] V_Motors: 27.743 V
[LIFT] V_Compute: 28.226 V
[LIFT] V_Motors: 27.694 V
[LIFT] V_Compute: 28.231 V
[LIFT] V_Motors: 27.724 V
[LIFT] V_Compute: 28.230 V
[LIFT] V_Motors: 27.705 V
[LIFT] V_Compute: 28.228 V
[LIFT] V_Motors: 27.674 V
[LIFT] V_Compute: 28.221 V
[LIFT] V_Motors: 27.702 V
[LIFT] V_Compute: 28.226 V
[LIFT] V_Motors: 27.690 V
[LIFT] V_Compute: 28.228 V
[LIFT] V_Motors: 27.706 V
[LIFT] V_Compute: 28.230 V
[LIFT] V_Motors: 27.704 V
[LIFT] V_Compute: 28.211 V
[LIFT] V_Motors: 27.702 V
[LIFT] V_Compute: 28.218 V
[LIFT] V_Motors: 27.720 V
[LIFT] V_Compute: 28.226 V
[LIFT] V_Motors: 27.722 V
[LIFT] V_Compute: 28.229 V
[LIFT] V_Motors: 27.716 V
[LIFT] V_Compute: 28.229 V
[LIFT] V_Motors: 27.686 V
[LIFT] V_Compute: 28.222 V
[LIFT] V_Motors: 27.706 V
[LIFT] V_Compute: 28.221 V
[LIFT] V_Motors: 27.711 V
[LIFT] V_Compute: 28.221 V
[LIFT] V_Motors: 27.728 V
[LIFT] V_Compute: 28.224 V
[LIFT] V_Motors: 27.724 V
[LIFT] V_Compute: 28.219 V
[LIFT] V_Motors: 27.712 V
[LIFT] V_Compute: 28.226 V
[LIFT] V_Motors: 27.721 V
[LIFT] V_Compute: 28.235 V
[LIFT] V_Motors: 27.724 V
[LIFT] V_Compute: 28.222 V
[LIFT] V_Motors: 27.711 V
[LIFT] V_Compute: 28.221 V
[LIFT] V_Motors: 27.701 V
[LIFT] V_Compute: 28.226 V
[LIFT] V_Motors: 27.702 V
[LIFT] V_Compute: 28.225 V
[LIFT] V_Motors: 27.711 V
[LIFT] V_Compute: 28.222 V
[LIFT] V_Motors: 27.741 V
[LIFT] V_Compute: 28.229 V
[LIFT] V_Motors: 27.745 V
[YOR] follow_path: cleared
[LIFT] V_Compute: 28.234 V
[LIFT] V_Motors: 27.751 V
[LIFT] V_Compute: 28.234 V
[LIFT] V_Motors: 27.749 V
[LIFT] V_Compute: 28.232 V
[LIFT] V_Motors: 27.747 V
[LIFT] V_Compute: 28.230 V
[LIFT] V_Motors: 27.754 V
[LIFT] V_Compute: 28.232 V
[LIFT] V_Motors: 27.745 V
[LIFT] V_Compute: 28.232 V
[LIFT] V_Motors: 27.751 V
[LIFT] V_Compute: 28.234 V
[LIFT] V_Motors: 27.750 V
[LIFT] V_Compute: 28.229 V
[LIFT] V_Motors: 27.755 V
[LIFT] V_Compute: 28.228 V
[LIFT] V_Motors: 27.746 V
[LIFT] V_Compute: 28.228 V
[LIFT] V_Motors: 27.740 V
[LIFT] V_Compute: 28.228 V
[LIFT] V_Motors: 27.747 V
[LIFT] V_Compute: 28.229 V
[LIFT] V_Motors: 27.750 V
[LIFT] V_Compute: 28.226 V
[LIFT] V_Motors: 27.741 V
[LIFT] V_Compute: 28.229 V
[LIFT] V_Motors: 27.754 V
[LIFT] V_Compute: 28.229 V
[LIFT] V_Motors: 27.750 V
[LIFT] V_Compute: 28.226 V
[LIFT] V_Motors: 27.753 V
[LIFT] V_Compute: 28.221 V
[LIFT] V_Motors: 27.741 V
[LIFT] V_Compute: 28.228 V
[LIFT] V_Motors: 27.753 V
[LIFT] V_Compute: 28.224 V
[LIFT] V_Motors: 27.751 V
[LIFT] V_Compute: 28.230 V
[LIFT] V_Motors: 27.751 V
[LIFT] V_Compute: 28.229 V
[LIFT] V_Motors: 27.749 V
[LIFT] V_Compute: 28.224 V
[LIFT] V_Motors: 27.746 V
[LIFT] V_Compute: 28.222 V
[LIFT] V_Motors: 27.745 V
[LIFT] V_Compute: 28.215 V
[LIFT] V_Motors: 27.741 V
[LIFT] V_Compute: 28.209 V
[LIFT] V_Motors: 27.734 V
[LIFT] V_Compute: 28.205 V
[LIFT] V_Motors: 27.737 V
[LIFT] V_Compute: 28.222 V
[LIFT] V_Motors: 27.749 V
[LIFT] V_Compute: 28.229 V
[LIFT] V_Motors: 27.750 V
[LIFT] V_Compute: 28.212 V
[LIFT] V_Motors: 27.740 V
[LIFT] V_Compute: 28.229 V
[LIFT] V_Motors: 27.750 V
[LIFT] V_Compute: 28.235 V
[LIFT] V_Motors: 27.756 V
[LIFT] V_Compute: 28.226 V
[LIFT] V_Motors: 27.749 V
[LIFT] V_Compute: 28.232 V
[LIFT] V_Motors: 27.749 V
[LIFT] V_Compute: 28.228 V
[LIFT] V_Motors: 27.754 V
[LIFT] V_Compute: 28.222 V
[LIFT] V_Motors: 27.749 V
[LIFT] V_Compute: 28.224 V
[LIFT] V_Motors: 27.749 V
[LIFT] V_Compute: 28.224 V
[LIFT] V_Motors: 27.753 V
[LIFT] V_Compute: 28.230 V
[LIFT] V_Motors: 27.751 V
[LIFT] V_Compute: 28.229 V
[LIFT] V_Motors: 27.750 V
[LIFT] V_Compute: 28.228 V
[LIFT] V_Motors: 27.750 V
[LIFT] V_Compute: 28.230 V
[LIFT] V_Motors: 27.745 V
[LIFT] V_Compute: 28.232 V
[LIFT] V_Motors: 27.753 V
[LIFT] V_Compute: 28.228 V
[LIFT] V_Motors: 27.751 V
[LIFT] V_Compute: 28.226 V
[LIFT] V_Motors: 27.753 V
[LIFT] V_Compute: 28.229 V
[LIFT] V_Motors: 27.754 V
[LIFT] V_Compute: 28.221 V
[LIFT] V_Motors: 27.744 V
[LIFT] V_Compute: 28.224 V
[LIFT] V_Motors: 27.761 V
[LIFT] V_Compute: 28.219 V
[LIFT] V_Motors: 27.750 V
[LIFT] V_Compute: 28.221 V
[LIFT] V_Motors: 27.751 V
[LIFT] V_Compute: 28.219 V
[LIFT] V_Motors: 27.753 V
[LIFT] V_Compute: 28.219 V
[LIFT] V_Motors: 27.756 V
[LIFT] V_Compute: 28.221 V
[LIFT] V_Motors: 27.751 V
[LIFT] V_Compute: 28.231 V
[LIFT] V_Motors: 27.757 V
[LIFT] V_Compute: 28.228 V
[LIFT] V_Motors: 27.751 V
[LIFT] V_Compute: 28.231 V
[LIFT] V_Motors: 27.756 V
[LIFT] V_Compute: 28.225 V
[LIFT] V_Motors: 27.750 V
[LIFT] V_Compute: 28.221 V
[LIFT] V_Motors: 27.755 V
[LIFT] V_Compute: 28.225 V
[LIFT] V_Motors: 27.749 V
[LIFT] V_Compute: 28.229 V
[LIFT] V_Motors: 27.749 V
[LIFT] V_Compute: 28.221 V
[LIFT] V_Motors: 27.750 V
[LIFT] V_Compute: 28.211 V
[LIFT] V_Motors: 27.745 V
[LIFT] V_Compute: 28.222 V
[LIFT] V_Motors: 27.754 V
[LIFT] V_Compute: 28.229 V
[LIFT] V_Motors: 27.751 V
[LIFT] V_Compute: 28.221 V
[LIFT] V_Motors: 27.751 V
[LIFT] V_Compute: 28.226 V
[LIFT] V_Motors: 27.747 V
[LIFT] V_Compute: 28.204 V
[LIFT] V_Motors: 27.737 V
[LIFT] V_Compute: 28.228 V
[LIFT] V_Motors: 27.745 V
[LIFT] V_Compute: 28.222 V
[LIFT] V_Motors: 27.754 V
[LIFT] V_Compute: 28.231 V
[LIFT] V_Motors: 27.751 V
[LIFT] V_Compute: 28.216 V
[LIFT] V_Motors: 27.749 V
[LIFT] V_Compute: 28.225 V
[LIFT] V_Motors: 27.753 V
[LIFT] V_Compute: 28.219 V
[LIFT] V_Motors: 27.749 V
[LIFT] V_Compute: 28.225 V
[LIFT] V_Motors: 27.750 V
[LIFT] V_Compute: 28.231 V
[LIFT] V_Motors: 27.750 V
[LIFT] V_Compute: 28.222 V
[LIFT] V_Motors: 27.754 V
[LIFT] V_Compute: 28.232 V
[LIFT] V_Motors: 27.749 V
[LIFT] V_Compute: 28.225 V
[LIFT] V_Motors: 27.756 V
[LIFT] V_Compute: 28.226 V
[LIFT] V_Motors: 27.746 V
[LIFT] V_Compute: 28.229 V
[LIFT] V_Motors: 27.747 V
[LIFT] V_Compute: 28.231 V
[LIFT] V_Motors: 27.749 V
[LIFT] V_Compute: 28.220 V
[LIFT] V_Motors: 27.755 V
[LIFT] V_Compute: 28.231 V
[LIFT] V_Motors: 27.751 V
[LIFT] V_Compute: 28.226 V
[LIFT] V_Motors: 27.751 V
[LIFT] V_Compute: 28.221 V
[LIFT] V_Motors: 27.754 V
[LIFT] V_Compute: 28.230 V
[LIFT] V_Motors: 27.759 V
[LIFT] V_Compute: 28.212 V
[LIFT] V_Motors: 27.750 V
[LIFT] V_Compute: 28.222 V
[LIFT] V_Motors: 27.750 V
[LIFT] V_Compute: 28.208 V
[LIFT] V_Motors: 27.741 V
[LIFT] V_Compute: 28.214 V
[LIFT] V_Motors: 27.741 V
[LIFT] V_Compute: 28.220 V
[LIFT] V_Motors: 27.749 V
[LIFT] V_Compute: 28.212 V
[LIFT] V_Motors: 27.744 V
[LIFT] V_Compute: 28.210 V
[LIFT] V_Motors: 27.741 V
[LIFT] V_Compute: 28.220 V
[LIFT] V_Motors: 27.747 V
[LIFT] V_Compute: 28.204 V
[LIFT] V_Motors: 27.740 V
[LIFT] V_Compute: 28.218 V
[LIFT] V_Motors: 27.746 V
[LIFT] V_Compute: 28.228 V
[LIFT] V_Motors: 27.744 V
[LIFT] V_Compute: 28.218 V
[LIFT] V_Motors: 27.745 V
[LIFT] V_Compute: 28.219 V
[LIFT] V_Motors: 27.744 V
[LIFT] V_Compute: 28.228 V
[LIFT] V_Motors: 27.744 V
[LIFT] V_Compute: 28.215 V
[LIFT] V_Motors: 27.744 V
[LIFT] V_Compute: 28.215 V
[LIFT] V_Motors: 27.749 V
[LIFT] V_Compute: 28.222 V
[LIFT] V_Motors: 27.750 V
[LIFT] V_Compute: 28.222 V
[LIFT] V_Motors: 27.745 V
[LIFT] V_Compute: 28.209 V
[LIFT] V_Motors: 27.745 V
[LIFT] V_Compute: 28.218 V
[LIFT] V_Motors: 27.750 V
[LIFT] V_Compute: 28.221 V
[LIFT] V_Motors: 27.744 V
[LIFT] V_Compute: 28.220 V
[LIFT] V_Motors: 27.751 V
[LIFT] V_Compute: 28.214 V
[LIFT] V_Motors: 27.744 V
[LIFT] V_Compute: 28.209 V
[LIFT] V_Motors: 27.740 V
[YOR] follow_path: n=18 first=(0.04140014648437518, -0.04720020294189453) last=(1.8914001464843757, 2.9027997970581056)
[LIFT] V_Compute: 28.224 V
[LIFT] V_Motors: 27.699 V
[LIFT] V_Compute: 28.209 V
[LIFT] V_Motors: 27.741 V
[LIFT] V_Compute: 28.201 V
[LIFT] V_Motors: 27.646 V
[LIFT] V_Compute: 28.222 V
[LIFT] V_Motors: 27.692 V
[LIFT] V_Compute: 28.215 V
[LIFT] V_Motors: 27.709 V
[LIFT] V_Compute: 28.215 V
[LIFT] V_Motors: 27.716 V
[LIFT] V_Compute: 28.221 V
[LIFT] V_Motors: 27.705 V
[LIFT] V_Compute: 28.219 V
[LIFT] V_Motors: 27.696 V
[LIFT] V_Compute: 28.205 V
[LIFT] V_Motors: 27.700 V
[LIFT] V_Compute: 28.206 V
[LIFT] V_Motors: 27.690 V
[LIFT] V_Compute: 28.209 V
[LIFT] V_Motors: 27.697 V
[LIFT] V_Compute: 28.222 V
[LIFT] V_Motors: 27.702 V
[LIFT] V_Compute: 28.221 V
[LIFT] V_Motors: 27.696 V
[LIFT] V_Compute: 28.218 V
[LIFT] V_Motors: 27.708 V
[LIFT] V_Compute: 28.218 V
[LIFT] V_Motors: 27.687 V
[LIFT] V_Compute: 28.218 V
[LIFT] V_Motors: 27.719 V
[LIFT] V_Compute: 28.224 V
[LIFT] V_Motors: 27.709 V
[LIFT] V_Compute: 28.229 V
[LIFT] V_Motors: 27.718 V
[LIFT] V_Compute: 28.219 V
[LIFT] V_Motors: 27.701 V
[LIFT] V_Compute: 28.226 V
[LIFT] V_Motors: 27.724 V
[LIFT] V_Compute: 28.230 V
[LIFT] V_Motors: 27.715 V
[LIFT] V_Compute: 28.226 V
[LIFT] V_Motors: 27.684 V
[LIFT] V_Compute: 28.225 V
[LIFT] V_Motors: 27.701 V
[LIFT] V_Compute: 28.221 V
[LIFT] V_Motors: 27.709 V
[LIFT] V_Compute: 28.220 V
[LIFT] V_Motors: 27.726 V
[LIFT] V_Compute: 28.219 V
[LIFT] V_Motors: 27.720 V
[LIFT] V_Compute: 28.222 V
[LIFT] V_Motors: 27.743 V
[LIFT] V_Compute: 28.224 V
[LIFT] V_Motors: 27.746 V
[LIFT] V_Compute: 28.231 V
[LIFT] V_Motors: 27.749 V
[LIFT] V_Compute: 28.221 V
[LIFT] V_Motors: 27.747 V
[LIFT] V_Compute: 28.224 V
[LIFT] V_Motors: 27.750 V
[LIFT] V_Compute: 28.208 V
[LIFT] V_Motors: 27.731 V
[LIFT] V_Compute: 28.211 V
[LIFT] V_Motors: 27.731 V
[LIFT] V_Compute: 28.215 V
[LIFT] V_Motors: 27.745 V
[LIFT] V_Compute: 28.216 V
[LIFT] V_Motors: 27.740 V
[LIFT] V_Compute: 28.209 V
[LIFT] V_Motors: 27.734 V
[LIFT] V_Compute: 28.205 V
[LIFT] V_Motors: 27.735 V
[LIFT] V_Compute: 28.211 V
[LIFT] V_Motors: 27.739 V
[LIFT] V_Compute: 28.216 V
[LIFT] V_Motors: 27.750 V
[LIFT] V_Compute: 28.229 V
[LIFT] V_Motors: 27.743 V
[LIFT] V_Compute: 28.215 V
[LIFT] V_Motors: 27.744 V
[LIFT] V_Compute: 28.224 V
[LIFT] V_Motors: 27.749 V
[LIFT] V_Compute: 28.205 V
[LIFT] V_Motors: 27.734 V
[LIFT] V_Compute: 28.226 V
[LIFT] V_Motors: 27.754 V
[LIFT] V_Compute: 28.229 V
[LIFT] V_Motors: 27.747 V
[YOR] follow_path: cleared
[LIFT] V_Compute: 28.229 V
[LIFT] V_Motors: 27.746 V
[LIFT] V_Compute: 28.226 V
[LIFT] V_Motors: 27.744 V
[YOR] follow_path: n=18 first=(1.8414001464843759, 2.9027997970581056) last=(-0.008599853515624645, -0.04720020294189453)
[LIFT] V_Compute: 28.210 V
[LIFT] V_Motors: 27.737 V
[LIFT] V_Compute: 28.228 V
[LIFT] V_Motors: 27.726 V
[LIFT] V_Compute: 28.230 V
[LIFT] V_Motors: 27.725 V
[LIFT] V_Compute: 28.224 V
[LIFT] V_Motors: 27.734 V
[LIFT] V_Compute: 28.216 V
[LIFT] V_Motors: 27.725 V
[LIFT] V_Compute: 28.212 V
[LIFT] V_Motors: 27.699 V
[LIFT] V_Compute: 28.219 V
[LIFT] V_Motors: 27.699 V
[LIFT] V_Compute: 28.222 V
[LIFT] V_Motors: 27.711 V
[LIFT] V_Compute: 28.219 V
[LIFT] V_Motors: 27.711 V
[LIFT] V_Compute: 28.225 V
[LIFT] V_Motors: 27.708 V
[LIFT] V_Compute: 28.215 V
[LIFT] V_Motors: 27.719 V
[LIFT] V_Compute: 28.221 V
[LIFT] V_Motors: 27.712 V
[LIFT] V_Compute: 28.218 V
[LIFT] V_Motors: 27.708 V
[LIFT] V_Compute: 28.222 V
[LIFT] V_Motors: 27.719 V
[LIFT] V_Compute: 28.220 V
[LIFT] V_Motors: 27.700 V
[LIFT] V_Compute: 28.225 V
[LIFT] V_Motors: 27.710 V
[LIFT] V_Compute: 28.212 V
[LIFT] V_Motors: 27.705 V
[LIFT] V_Compute: 28.219 V
[LIFT] V_Motors: 27.710 V
[LIFT] V_Compute: 28.220 V
[LIFT] V_Motors: 27.712 V
[LIFT] V_Compute: 28.226 V
[LIFT] V_Motors: 27.695 V
[LIFT] V_Compute: 28.215 V
[LIFT] V_Motors: 27.700 V
[LIFT] V_Compute: 28.220 V
[LIFT] V_Motors: 27.702 V
[LIFT] V_Compute: 28.221 V
[LIFT] V_Motors: 27.700 V
[LIFT] V_Compute: 28.212 V
[LIFT] V_Motors: 27.686 V
[LIFT] V_Compute: 28.201 V
[LIFT] V_Motors: 27.720 V
[LIFT] V_Compute: 28.219 V
[LIFT] V_Motors: 27.714 V
[LIFT] V_Compute: 28.225 V
[LIFT] V_Motors: 27.705 V
[LIFT] V_Compute: 28.204 V
[LIFT] V_Motors: 27.706 V
[LIFT] V_Compute: 28.214 V
[LIFT] V_Motors: 27.730 V
[LIFT] V_Compute: 28.210 V
[LIFT] V_Motors: 27.732 V
[LIFT] V_Compute: 28.204 V
[LIFT] V_Motors: 27.676 V
[LIFT] V_Compute: 28.206 V
[LIFT] V_Motors: 27.697 V
[LIFT] V_Compute: 28.216 V
[LIFT] V_Motors: 27.692 V
[YOR] follow_path: cleared
[LIFT] V_Compute: 28.209 V
[LIFT] V_Motors: 27.728 V
[LIFT] V_Compute: 28.222 V
[LIFT] V_Motors: 27.734 V
[LIFT] V_Compute: 28.220 V
[LIFT] V_Motors: 27.739 V
[LIFT] V_Compute: 28.221 V
[LIFT] V_Motors: 27.735 V
[LIFT] V_Compute: 28.209 V
[LIFT] V_Motors: 27.725 V
[LIFT] V_Compute: 28.216 V
[LIFT] V_Motors: 27.734 V
[LIFT] V_Compute: 28.205 V
[LIFT] V_Motors: 27.728 V
[LIFT] V_Compute: 28.220 V
[LIFT] V_Motors: 27.731 V
[LIFT] V_Compute: 28.218 V
[LIFT] V_Motors: 27.736 V
[LIFT] V_Compute: 28.221 V
[LIFT] V_Motors: 27.740 V
[LIFT] V_Compute: 28.222 V
[LIFT] V_Motors: 27.739 V
[LIFT] V_Compute: 28.221 V
[LIFT] V_Motors: 27.737 V
[LIFT] V_Compute: 28.212 V
[LIFT] V_Motors: 27.736 V
[LIFT] V_Compute: 28.215 V
[LIFT] V_Motors: 27.739 V
[LIFT] V_Compute: 28.216 V
[LIFT] V_Motors: 27.739 V
[LIFT] V_Compute: 28.206 V
[LIFT] V_Motors: 27.737 V
[LIFT] V_Compute: 28.221 V
[LIFT] V_Motors: 27.740 V
[LIFT] V_Compute: 28.212 V
[LIFT] V_Motors: 27.736 V
[LIFT] V_Compute: 28.202 V
[LIFT] V_Motors: 27.729 V
[LIFT] V_Compute: 28.218 V
[LIFT] V_Motors: 27.743 V
[LIFT] V_Compute: 28.215 V
[LIFT] V_Motors: 27.741 V
[LIFT] V_Compute: 28.211 V
[LIFT] V_Motors: 27.736 V
[LIFT] V_Compute: 28.212 V
[LIFT] V_Motors: 27.734 V
[LIFT] V_Compute: 28.216 V
[LIFT] V_Motors: 27.736 V
[LIFT] V_Compute: 28.212 V
[LIFT] V_Motors: 27.734 V
[LIFT] V_Compute: 28.218 V
[LIFT] V_Motors: 27.737 V
[LIFT] V_Compute: 28.211 V
[LIFT] V_Motors: 27.737 V
[LIFT] V_Compute: 28.215 V
[LIFT] V_Motors: 27.739 V
[LIFT] V_Compute: 28.221 V
[LIFT] V_Motors: 27.737 V
[YOR] follow_path: n=34 first=(-0.015899753570556285, -0.04720020294189453) last=(5.7841002464294435, 0.8527997970581058)
[LIFT] V_Compute: 28.218 V
[LIFT] V_Motors: 27.690 V
[LIFT] V_Compute: 28.215 V
[LIFT] V_Motors: 27.741 V
[LIFT] V_Compute: 28.199 V
[LIFT] V_Motors: 27.574 V
[LIFT] V_Compute: 28.212 V
[LIFT] V_Motors: 27.705 V
[LIFT] V_Compute: 28.225 V
[LIFT] V_Motors: 27.714 V
[LIFT] V_Compute: 28.220 V
[LIFT] V_Motors: 27.711 V
[LIFT] V_Compute: 28.220 V
[LIFT] V_Motors: 27.704 V
[LIFT] V_Compute: 28.222 V
[LIFT] V_Motors: 27.700 V
[LIFT] V_Compute: 28.208 V
[LIFT] V_Motors: 27.691 V
[LIFT] V_Compute: 28.216 V
[LIFT] V_Motors: 27.701 V
[LIFT] V_Compute: 28.218 V
[LIFT] V_Motors: 27.725 V
[LIFT] V_Compute: 28.222 V
[LIFT] V_Motors: 27.700 V
[LIFT] V_Compute: 28.209 V
[LIFT] V_Motors: 27.671 V
[LIFT] V_Compute: 28.226 V
[LIFT] V_Motors: 27.705 V
[LIFT] V_Compute: 28.216 V
[LIFT] V_Motors: 27.687 V
[LIFT] V_Compute: 28.215 V
[LIFT] V_Motors: 27.697 V
[LIFT] V_Compute: 28.225 V
[LIFT] V_Motors: 27.696 V
[LIFT] V_Compute: 28.216 V
[LIFT] V_Motors: 27.686 V
[LIFT] V_Compute: 28.226 V
[LIFT] V_Motors: 27.716 V
[LIFT] V_Compute: 28.224 V
[LIFT] V_Motors: 27.695 V
[LIFT] V_Compute: 28.221 V
[LIFT] V_Motors: 27.701 V
[LIFT] V_Compute: 28.218 V
[LIFT] V_Motors: 27.709 V
[LIFT] V_Compute: 28.220 V
[LIFT] V_Motors: 27.704 V
[LIFT] V_Compute: 28.216 V
[LIFT] V_Motors: 27.710 V
[LIFT] V_Compute: 28.222 V
[LIFT] V_Motors: 27.687 V
[LIFT] V_Compute: 28.214 V
[LIFT] V_Motors: 27.664 V
[LIFT] V_Compute: 28.229 V
[LIFT] V_Motors: 27.696 V
[LIFT] V_Compute: 28.214 V
[LIFT] V_Motors: 27.704 V
[LIFT] V_Compute: 28.214 V
[LIFT] V_Motors: 27.697 V
[LIFT] V_Compute: 28.200 V
[LIFT] V_Motors: 27.670 V
[LIFT] V_Compute: 28.226 V
[LIFT] V_Motors: 27.706 V
[LIFT] V_Compute: 28.212 V
[LIFT] V_Motors: 27.709 V
[LIFT] V_Compute: 28.224 V
[LIFT] V_Motors: 27.685 V
[LIFT] V_Compute: 28.214 V
[LIFT] V_Motors: 27.697 V
[LIFT] V_Compute: 28.224 V
[LIFT] V_Motors: 27.690 V
[LIFT] V_Compute: 28.219 V
[LIFT] V_Motors: 27.692 V
[LIFT] V_Compute: 28.208 V
[LIFT] V_Motors: 27.701 V
[LIFT] V_Compute: 28.214 V
[LIFT] V_Motors: 27.699 V
[LIFT] V_Compute: 28.228 V
[LIFT] V_Motors: 27.696 V
[LIFT] V_Compute: 28.220 V
[LIFT] V_Motors: 27.705 V
[LIFT] V_Compute: 28.209 V
[LIFT] V_Motors: 27.684 V
[LIFT] V_Compute: 28.214 V
[LIFT] V_Motors: 27.690 V
[LIFT] V_Compute: 28.209 V
[LIFT] V_Motors: 27.695 V
[LIFT] V_Compute: 28.206 V
[LIFT] V_Motors: 27.689 V
[LIFT] V_Compute: 28.214 V
[LIFT] V_Motors: 27.679 V
[LIFT] V_Compute: 28.211 V
[LIFT] V_Motors: 27.684 V
[LIFT] V_Compute: 28.200 V
[LIFT] V_Motors: 27.645 V
[LIFT] V_Compute: 28.197 V
[LIFT] V_Motors: 27.689 V
[LIFT] V_Compute: 28.206 V
[LIFT] V_Motors: 27.719 V
[LIFT] V_Compute: 28.208 V
[LIFT] V_Motors: 27.721 V
[LIFT] V_Compute: 28.224 V
[LIFT] V_Motors: 27.730 V
[LIFT] V_Compute: 28.202 V
[LIFT] V_Motors: 27.719 V
[LIFT] V_Compute: 28.209 V
[LIFT] V_Motors: 27.726 V
[LIFT] V_Compute: 28.216 V
[LIFT] V_Motors: 27.719 V
[LIFT] V_Compute: 28.215 V
[LIFT] V_Motors: 27.722 V
[LIFT] V_Compute: 28.197 V
[LIFT] V_Motors: 27.722 V
[LIFT] V_Compute: 28.224 V
[LIFT] V_Motors: 27.737 V
[LIFT] V_Compute: 28.218 V
[LIFT] V_Motors: 27.728 V
[LIFT] V_Compute: 28.209 V
[LIFT] V_Motors: 27.726 V
[LIFT] V_Compute: 28.206 V
[LIFT] V_Motors: 27.725 V
[LIFT] V_Compute: 28.215 V
[LIFT] V_Motors: 27.732 V
[LIFT] V_Compute: 28.202 V
[LIFT] V_Motors: 27.719 V
[LIFT] V_Compute: 28.206 V
[LIFT] V_Motors: 27.725 V
[LIFT] V_Compute: 28.204 V
[LIFT] V_Motors: 27.724 V
[LIFT] V_Compute: 28.220 V
[LIFT] V_Motors: 27.729 V
[LIFT] V_Compute: 28.214 V
[LIFT] V_Motors: 27.731 V
[LIFT] V_Compute: 28.215 V
[LIFT] V_Motors: 27.732 V
[LIFT] V_Compute: 28.210 V
[LIFT] V_Motors: 27.736 V
[LIFT] V_Compute: 28.214 V
[LIFT] V_Motors: 27.729 V
[LIFT] V_Compute: 28.200 V
[LIFT] V_Motors: 27.726 V
[LIFT] V_Compute: 28.208 V
[LIFT] V_Motors: 27.722 V
[LIFT] V_Compute: 28.215 V
[LIFT] V_Motors: 27.728 V
[LIFT] V_Compute: 28.210 V
[LIFT] V_Motors: 27.722 V
[LIFT] V_Compute: 28.221 V
[LIFT] V_Motors: 27.730 V
[YOR] follow_path: cleared
[LIFT] V_Compute: 28.206 V
[LIFT] V_Motors: 27.726 V
[LIFT] V_Compute: 28.215 V
[LIFT] V_Motors: 27.732 V
[LIFT] V_Compute: 28.211 V
[LIFT] V_Motors: 27.735 V
[YOR] follow_path: n=30 first=(5.734100246429445, 0.8692996025085451) last=(-0.015899753570556285, -0.030700397491454368)
[LIFT] V_Compute: 28.196 V
[LIFT] V_Motors: 27.724 V
[LIFT] V_Compute: 28.210 V
[LIFT] V_Motors: 27.714 V
[LIFT] V_Compute: 28.228 V
[LIFT] V_Motors: 27.716 V
[LIFT] V_Compute: 28.215 V
[LIFT] V_Motors: 27.712 V
[LIFT] V_Compute: 28.206 V
[LIFT] V_Motors: 27.730 V
[LIFT] V_Compute: 28.221 V
[LIFT] V_Motors: 27.684 V
[LIFT] V_Compute: 28.210 V
[LIFT] V_Motors: 27.694 V
[LIFT] V_Compute: 28.214 V
[LIFT] V_Motors: 27.696 V
[LIFT] V_Compute: 28.210 V
[LIFT] V_Motors: 27.689 V
[LIFT] V_Compute: 28.209 V
[LIFT] V_Motors: 27.695 V
[LIFT] V_Compute: 28.192 V
[LIFT] V_Motors: 27.670 V
[LIFT] V_Compute: 28.215 V
[LIFT] V_Motors: 27.690 V
[LIFT] V_Compute: 28.206 V
[LIFT] V_Motors: 27.664 V
[LIFT] V_Compute: 28.202 V
[LIFT] V_Motors: 27.679 V
[LIFT] V_Compute: 28.211 V
[LIFT] V_Motors: 27.696 V
[LIFT] V_Compute: 28.212 V
[LIFT] V_Motors: 27.684 V
[LIFT] V_Compute: 28.211 V
[LIFT] V_Motors: 27.706 V
[LIFT] V_Compute: 28.210 V
[LIFT] V_Motors: 27.697 V
[LIFT] V_Compute: 28.212 V
[LIFT] V_Motors: 27.685 V
[LIFT] V_Compute: 28.226 V
[LIFT] V_Motors: 27.692 V
[LIFT] V_Compute: 28.209 V
[LIFT] V_Motors: 27.681 V
[LIFT] V_Compute: 28.219 V
[LIFT] V_Motors: 27.677 V
[LIFT] V_Compute: 28.212 V
[LIFT] V_Motors: 27.684 V
[LIFT] V_Compute: 28.225 V
[LIFT] V_Motors: 27.676 V
[LIFT] V_Compute: 28.208 V
[LIFT] V_Motors: 27.676 V
[LIFT] V_Compute: 28.220 V
[LIFT] V_Motors: 27.683 V
[LIFT] V_Compute: 28.221 V
[LIFT] V_Motors: 27.684 V
[LIFT] V_Compute: 28.220 V
[LIFT] V_Motors: 27.681 V
[LIFT] V_Compute: 28.226 V
[LIFT] V_Motors: 27.677 V
[LIFT] V_Compute: 28.225 V
[LIFT] V_Motors: 27.675 V
[LIFT] V_Compute: 28.220 V
[LIFT] V_Motors: 27.681 V
[LIFT] V_Compute: 28.222 V
[LIFT] V_Motors: 27.684 V
[LIFT] V_Compute: 28.219 V
[LIFT] V_Motors: 27.685 V
[LIFT] V_Compute: 28.215 V
[LIFT] V_Motors: 27.687 V
[LIFT] V_Compute: 28.226 V
[LIFT] V_Motors: 27.690 V
[LIFT] V_Compute: 28.215 V
[LIFT] V_Motors: 27.661 V
[LIFT] V_Compute: 28.228 V
[LIFT] V_Motors: 27.700 V
[LIFT] V_Compute: 28.225 V
[LIFT] V_Motors: 27.666 V
[LIFT] V_Compute: 28.225 V
[LIFT] V_Motors: 27.708 V
[LIFT] V_Compute: 28.220 V
[LIFT] V_Motors: 27.674 V
[LIFT] V_Compute: 28.210 V
[LIFT] V_Motors: 27.712 V
[LIFT] V_Compute: 28.225 V
[LIFT] V_Motors: 27.680 V
[LIFT] V_Compute: 28.226 V
[LIFT] V_Motors: 27.681 V
[LIFT] V_Compute: 28.221 V
[LIFT] V_Motors: 27.706 V
[LIFT] V_Compute: 28.218 V
[LIFT] V_Motors: 27.706 V
[LIFT] V_Compute: 28.226 V
[LIFT] V_Motors: 27.706 V
[LIFT] V_Compute: 28.224 V
[LIFT] V_Motors: 27.709 V
[LIFT] V_Compute: 28.214 V
[LIFT] V_Motors: 27.708 V
[LIFT] V_Compute: 28.222 V
[LIFT] V_Motors: 27.710 V
[LIFT] V_Compute: 28.214 V
[LIFT] V_Motors: 27.714 V
[LIFT] V_Compute: 28.225 V
[LIFT] V_Motors: 27.684 V
[LIFT] V_Compute: 28.221 V
[LIFT] V_Motors: 27.700 V
[LIFT] V_Compute: 28.221 V
[LIFT] V_Motors: 27.699 V
[LIFT] V_Compute: 28.221 V
[LIFT] V_Motors: 27.731 V
[YOR] follow_path: cleared
[LIFT] V_Compute: 28.228 V
[LIFT] V_Motors: 27.726 V
[LIFT] V_Compute: 28.210 V
[LIFT] V_Motors: 27.716 V
[LIFT] V_Compute: 28.224 V
[LIFT] V_Motors: 27.729 V
[LIFT] V_Compute: 28.225 V
[LIFT] V_Motors: 27.731 V
[LIFT] V_Compute: 28.224 V
[LIFT] V_Motors: 27.731 V
[LIFT] V_Compute: 28.224 V
[LIFT] V_Motors: 27.728 V
[LIFT] V_Compute: 28.201 V
[LIFT] V_Motors: 27.726 V
[LIFT] V_Compute: 28.209 V
[LIFT] V_Motors: 27.725 V
[LIFT] V_Compute: 28.214 V
[LIFT] V_Motors: 27.719 V
[LIFT] V_Compute: 28.214 V
[LIFT] V_Motors: 27.724 V
[LIFT] V_Compute: 28.220 V
[LIFT] V_Motors: 27.728 V
[LIFT] V_Compute: 28.220 V
[LIFT] V_Motors: 27.731 V
[LIFT] V_Compute: 28.218 V
[LIFT] V_Motors: 27.736 V
[LIFT] V_Compute: 28.212 V
[LIFT] V_Motors: 27.730 V
[LIFT] V_Compute: 28.218 V
[LIFT] V_Motors: 27.729 V
[LIFT] V_Compute: 28.205 V
[LIFT] V_Motors: 27.719 V
[LIFT] V_Compute: 28.202 V
[LIFT] V_Motors: 27.722 V
[LIFT] V_Compute: 28.206 V
[LIFT] V_Motors: 27.728 V
[LIFT] V_Compute: 28.211 V
[LIFT] V_Motors: 27.715 V
[LIFT] V_Compute: 28.202 V
[LIFT] V_Motors: 27.719 V
[LIFT] V_Compute: 28.218 V
[LIFT] V_Motors: 27.729 V
[LIFT] V_Compute: 28.201 V
[LIFT] V_Motors: 27.722 V
[LIFT] V_Compute: 28.214 V
[LIFT] V_Motors: 27.725 V
[LIFT] V_Compute: 28.218 V
[LIFT] V_Motors: 27.729 V
[LIFT] V_Compute: 28.210 V
[LIFT] V_Motors: 27.725 V
[LIFT] V_Compute: 28.215 V
[LIFT] V_Motors: 27.728 V
[LIFT] V_Compute: 28.212 V
[LIFT] V_Motors: 27.720 V
[LIFT] V_Compute: 28.214 V
[LIFT] V_Motors: 27.732 V
[LIFT] V_Compute: 28.210 V
[LIFT] V_Motors: 27.721 V
[LIFT] V_Compute: 28.209 V
[LIFT] V_Motors: 27.730 V
[LIFT] V_Compute: 28.222 V
[LIFT] V_Motors: 27.731 V
[LIFT] V_Compute: 28.218 V
[LIFT] V_Motors: 27.730 V
[LIFT] V_Compute: 28.216 V
[LIFT] V_Motors: 27.729 V
[LIFT] V_Compute: 28.202 V
[LIFT] V_Motors: 27.721 V
[LIFT] V_Compute: 28.196 V
[LIFT] V_Motors: 27.721 V
[LIFT] V_Compute: 28.211 V
[LIFT] V_Motors: 27.721 V
[LIFT] V_Compute: 28.202 V
[LIFT] V_Motors: 27.719 V
[LIFT] V_Compute: 28.202 V
[LIFT] V_Motors: 27.719 V
[LIFT] V_Compute: 28.208 V
[LIFT] V_Motors: 27.720 V
[LIFT] V_Compute: 28.218 V
[LIFT] V_Motors: 27.725 V
[LIFT] V_Compute: 28.204 V
[LIFT] V_Motors: 27.718 V
[LIFT] V_Compute: 28.211 V
[LIFT] V_Motors: 27.728 V
[LIFT] V_Compute: 28.214 V
[LIFT] V_Motors: 27.724 V
[LIFT] V_Compute: 28.226 V
[LIFT] V_Motors: 27.725 V
[LIFT] V_Compute: 28.219 V
[LIFT] V_Motors: 27.730 V
[LIFT] V_Compute: 28.199 V
[LIFT] V_Motors: 27.726 V
[LIFT] V_Compute: 28.210 V
[LIFT] V_Motors: 27.729 V
[LIFT] V_Compute: 28.202 V
[LIFT] V_Motors: 27.721 V
[LIFT] V_Compute: 28.211 V
[LIFT] V_Motors: 27.730 V
[LIFT] V_Compute: 28.218 V
[LIFT] V_Motors: 27.726 V
[LIFT] V_Compute: 28.205 V
[LIFT] V_Motors: 27.728 V
[LIFT] V_Compute: 28.211 V
[LIFT] V_Motors: 27.731 V
[YOR] follow_path: n=39 first=(0.03410024642944354, -0.030700397491454368) last=(6.884100246429445, 2.3192996025085453)
[LIFT] V_Compute: 28.214 V
[LIFT] V_Motors: 27.695 V
[LIFT] V_Compute: 28.214 V
[LIFT] V_Motors: 27.711 V
[LIFT] V_Compute: 28.210 V
[LIFT] V_Motors: 27.694 V
[LIFT] V_Compute: 28.210 V
[LIFT] V_Motors: 27.687 V
[LIFT] V_Compute: 28.202 V
[LIFT] V_Motors: 27.691 V
[LIFT] V_Compute: 28.216 V
[LIFT] V_Motors: 27.685 V
[LIFT] V_Compute: 28.204 V
[LIFT] V_Motors: 27.690 V
[LIFT] V_Compute: 28.204 V
[LIFT] V_Motors: 27.686 V
[LIFT] V_Compute: 28.212 V
[LIFT] V_Motors: 27.687 V
[LIFT] V_Compute: 28.206 V
[LIFT] V_Motors: 27.700 V
[LIFT] V_Compute: 28.205 V
[LIFT] V_Motors: 27.654 V
[LIFT] V_Compute: 28.210 V
[LIFT] V_Motors: 27.683 V
[LIFT] V_Compute: 28.208 V
[LIFT] V_Motors: 27.659 V
[LIFT] V_Compute: 28.211 V
[LIFT] V_Motors: 27.692 V
[LIFT] V_Compute: 28.215 V
[LIFT] V_Motors: 27.689 V
[LIFT] V_Compute: 28.208 V
[LIFT] V_Motors: 27.708 V
[LIFT] V_Compute: 28.219 V
[LIFT] V_Motors: 27.683 V
[LIFT] V_Compute: 28.225 V
[LIFT] V_Motors: 27.671 V
[LIFT] V_Compute: 28.218 V
[LIFT] V_Motors: 27.684 V
[LIFT] V_Compute: 28.219 V
[LIFT] V_Motors: 27.692 V
[LIFT] V_Compute: 28.222 V
[LIFT] V_Motors: 27.674 V
[LIFT] V_Compute: 28.210 V
[LIFT] V_Motors: 27.686 V
[LIFT] V_Compute: 28.221 V
[LIFT] V_Motors: 27.686 V
[LIFT] V_Compute: 28.219 V
[LIFT] V_Motors: 27.680 V
[LIFT] V_Compute: 28.214 V
[LIFT] V_Motors: 27.675 V
[LIFT] V_Compute: 28.218 V
[LIFT] V_Motors: 27.666 V
[LIFT] V_Compute: 28.209 V
[LIFT] V_Motors: 27.691 V
[LIFT] V_Compute: 28.211 V
[LIFT] V_Motors: 27.681 V
[LIFT] V_Compute: 28.212 V
[LIFT] V_Motors: 27.697 V
[LIFT] V_Compute: 28.216 V
[LIFT] V_Motors: 27.664 V
[LIFT] V_Compute: 28.216 V
[LIFT] V_Motors: 27.683 V
[LIFT] V_Compute: 28.211 V
[LIFT] V_Motors: 27.694 V
[LIFT] V_Compute: 28.220 V
[LIFT] V_Motors: 27.677 V
[LIFT] V_Compute: 28.216 V
[LIFT] V_Motors: 27.684 V
[LIFT] V_Compute: 28.218 V
[LIFT] V_Motors: 27.664 V
[LIFT] V_Compute: 28.216 V
[LIFT] V_Motors: 27.680 V
[LIFT] V_Compute: 28.214 V
[LIFT] V_Motors: 27.663 V
[LIFT] V_Compute: 28.212 V
[LIFT] V_Motors: 27.680 V
[LIFT] V_Compute: 28.212 V
[LIFT] V_Motors: 27.686 V
[LIFT] V_Compute: 28.216 V
[LIFT] V_Motors: 27.677 V
[LIFT] V_Compute: 28.218 V
[LIFT] V_Motors: 27.690 V
[LIFT] V_Compute: 28.216 V
[LIFT] V_Motors: 27.674 V
[LIFT] V_Compute: 28.210 V
[LIFT] V_Motors: 27.645 V
[LIFT] V_Compute: 28.215 V
[LIFT] V_Motors: 27.687 V
[LIFT] V_Compute: 28.224 V
[LIFT] V_Motors: 27.639 V
[LIFT] V_Compute: 28.211 V
[LIFT] V_Motors: 27.676 V
[LIFT] V_Compute: 28.210 V
[LIFT] V_Motors: 27.679 V
[LIFT] V_Compute: 28.218 V
[LIFT] V_Motors: 27.700 V
[LIFT] V_Compute: 28.210 V
[LIFT] V_Motors: 27.685 V
[LIFT] V_Compute: 28.212 V
[LIFT] V_Motors: 27.680 V
[LIFT] V_Compute: 28.219 V
[LIFT] V_Motors: 27.695 V
[LIFT] V_Compute: 28.210 V
[LIFT] V_Motors: 27.671 V
[LIFT] V_Compute: 28.231 V
[LIFT] V_Motors: 27.666 V
[LIFT] V_Compute: 28.201 V
[LIFT] V_Motors: 27.716 V
[LIFT] V_Compute: 28.204 V
[LIFT] V_Motors: 27.681 V
[YOR] follow_path: cleared
[LIFT] V_Compute: 28.206 V
[LIFT] V_Motors: 27.686 V
[LIFT] V_Compute: 28.224 V
[LIFT] V_Motors: 27.720 V
[LIFT] V_Compute: 28.215 V
[LIFT] V_Motors: 27.716 V
[LIFT] V_Compute: 28.211 V
[LIFT] V_Motors: 27.719 V
[LIFT] V_Compute: 28.221 V
[LIFT] V_Motors: 27.728 V
[LIFT] V_Compute: 28.222 V
[LIFT] V_Motors: 27.724 V
[LIFT] V_Compute: 28.218 V
[LIFT] V_Motors: 27.722 V
[LIFT] V_Compute: 28.224 V
[LIFT] V_Motors: 27.725 V
[LIFT] V_Compute: 28.222 V
[LIFT] V_Motors: 27.720 V
[LIFT] V_Compute: 28.215 V
[LIFT] V_Motors: 27.725 V
[LIFT] V_Compute: 28.218 V
[LIFT] V_Motors: 27.721 V
[LIFT] V_Compute: 28.218 V
[LIFT] V_Motors: 27.720 V
[LIFT] V_Compute: 28.215 V
[LIFT] V_Motors: 27.720 V
[LIFT] V_Compute: 28.222 V
[LIFT] V_Motors: 27.728 V
[LIFT] V_Compute: 28.218 V
[LIFT] V_Motors: 27.719 V
[LIFT] V_Compute: 28.220 V
[LIFT] V_Motors: 27.726 V
[LIFT] V_Compute: 28.212 V
[LIFT] V_Motors: 27.724 V
[LIFT] V_Compute: 28.214 V
[LIFT] V_Motors: 27.722 V
[LIFT] V_Compute: 28.215 V
[LIFT] V_Motors: 27.718 V
[LIFT] V_Compute: 28.225 V
[LIFT] V_Motors: 27.725 V
[LIFT] V_Compute: 28.209 V
[LIFT] V_Motors: 27.719 V
[LIFT] V_Compute: 28.219 V
[LIFT] V_Motors: 27.728 V
[LIFT] V_Compute: 28.218 V
[LIFT] V_Motors: 27.724 V
[LIFT] V_Compute: 28.216 V
[LIFT] V_Motors: 27.724 V
[LIFT] V_Compute: 28.212 V
[LIFT] V_Motors: 27.725 V
[LIFT] V_Compute: 28.219 V
[LIFT] V_Motors: 27.726 V
[LIFT] V_Compute: 28.222 V
[LIFT] V_Motors: 27.722 V
[LIFT] V_Compute: 28.215 V
[LIFT] V_Motors: 27.726 V
[LIFT] V_Compute: 28.215 V
[LIFT] V_Motors: 27.728 V
[LIFT] V_Compute: 28.208 V
[LIFT] V_Motors: 27.718 V
[LIFT] V_Compute: 28.219 V
[LIFT] V_Motors: 27.726 V
[LIFT] V_Compute: 28.208 V
[LIFT] V_Motors: 27.722 V
[LIFT] V_Compute: 28.209 V
[LIFT] V_Motors: 27.728 V
[LIFT] V_Compute: 28.215 V
[LIFT] V_Motors: 27.722 V
[LIFT] V_Compute: 28.214 V
[LIFT] V_Motors: 27.721 V
[LIFT] V_Compute: 28.202 V
[LIFT] V_Motors: 27.718 V
[LIFT] V_Compute: 28.224 V
[LIFT] V_Motors: 27.722 V
[LIFT] V_Compute: 28.221 V
[LIFT] V_Motors: 27.728 V
[LIFT] V_Compute: 28.215 V
[LIFT] V_Motors: 27.724 V
[LIFT] V_Compute: 28.216 V
[LIFT] V_Motors: 27.729 V
[LIFT] V_Compute: 28.219 V
[LIFT] V_Motors: 27.729 V
[LIFT] V_Compute: 28.218 V
[LIFT] V_Motors: 27.726 V
[LIFT] V_Compute: 28.224 V
[LIFT] V_Motors: 27.729 V
[LIFT] V_Compute: 28.197 V
[LIFT] V_Motors: 27.708 V
[LIFT] V_Compute: 28.212 V
[LIFT] V_Motors: 27.725 V
[LIFT] V_Compute: 28.215 V
[LIFT] V_Motors: 27.725 V
[LIFT] V_Compute: 28.210 V
[LIFT] V_Motors: 27.724 V
[LIFT] V_Compute: 28.200 V
[LIFT] V_Motors: 27.712 V
[LIFT] V_Compute: 28.205 V
[LIFT] V_Motors: 27.719 V
[LIFT] V_Compute: 28.204 V
[LIFT] V_Motors: 27.720 V
[LIFT] V_Compute: 28.192 V
[LIFT] V_Motors: 27.711 V
[LIFT] V_Compute: 28.206 V
[LIFT] V_Motors: 27.721 V
[LIFT] V_Compute: 28.195 V
[LIFT] V_Motors: 27.708 V
[LIFT] V_Compute: 28.208 V
[LIFT] V_Motors: 27.725 V
[LIFT] V_Compute: 28.220 V
[LIFT] V_Motors: 27.734 V
[LIFT] V_Compute: 28.220 V
[LIFT] V_Motors: 27.730 V
[LIFT] V_Compute: 28.211 V
[LIFT] V_Motors: 27.729 V
[LIFT] V_Compute: 28.222 V
[LIFT] V_Motors: 27.731 V
[LIFT] V_Compute: 28.214 V
[LIFT] V_Motors: 27.731 V
[LIFT] V_Compute: 28.221 V
[LIFT] V_Motors: 27.735 V
[LIFT] V_Compute: 28.218 V
[LIFT] V_Motors: 27.726 V
[LIFT] V_Compute: 28.218 V
[LIFT] V_Motors: 27.731 V
[LIFT] V_Compute: 28.210 V
[LIFT] V_Motors: 27.722 V
[LIFT] V_Compute: 28.221 V
[LIFT] V_Motors: 27.728 V
[LIFT] V_Compute: 28.216 V
[LIFT] V_Motors: 27.728 V
[LIFT] V_Compute: 28.200 V
[LIFT] V_Motors: 27.726 V
[LIFT] V_Compute: 28.218 V
[LIFT] V_Motors: 27.724 V
[LIFT] V_Compute: 28.206 V
[LIFT] V_Motors: 27.724 V
[LIFT] V_Compute: 28.218 V
[LIFT] V_Motors: 27.729 V
[LIFT] V_Compute: 28.224 V
[LIFT] V_Motors: 27.732 V
[LIFT] V_Compute: 28.221 V
[LIFT] V_Motors: 27.732 V
[LIFT] V_Compute: 28.220 V
[LIFT] V_Motors: 27.731 V
[LIFT] V_Compute: 28.220 V
[LIFT] V_Motors: 27.729 V
[LIFT] V_Compute: 28.218 V
[LIFT] V_Motors: 27.728 V
[LIFT] V_Compute: 28.210 V
[LIFT] V_Motors: 27.726 V
[YOR] follow_path: n=17 first=(6.884100246429445, 2.2692996025085455) last=(9.934100246429445, 3.5192996025085455)
[LIFT] V_Compute: 28.219 V
[LIFT] V_Motors: 27.710 V
[LIFT] V_Compute: 28.209 V
[LIFT] V_Motors: 27.725 V
[LIFT] V_Compute: 28.212 V
[LIFT] V_Motors: 27.655 V
[LIFT] V_Compute: 28.209 V
[LIFT] V_Motors: 27.667 V
[LIFT] V_Compute: 28.220 V
[LIFT] V_Motors: 27.686 V
[LIFT] V_Compute: 28.215 V
[LIFT] V_Motors: 27.660 V
[LIFT] V_Compute: 28.218 V
[LIFT] V_Motors: 27.694 V
[LIFT] V_Compute: 28.210 V
[LIFT] V_Motors: 27.695 V
[LIFT] V_Compute: 28.218 V
[LIFT] V_Motors: 27.676 V
[LIFT] V_Compute: 28.219 V
[LIFT] V_Motors: 27.695 V
[LIFT] V_Compute: 28.214 V
[LIFT] V_Motors: 27.673 V
[LIFT] V_Compute: 28.219 V
[LIFT] V_Motors: 27.699 V
[LIFT] V_Compute: 28.214 V
[LIFT] V_Motors: 27.679 V
[LIFT] V_Compute: 28.214 V
[LIFT] V_Motors: 27.666 V
[LIFT] V_Compute: 28.220 V
[LIFT] V_Motors: 27.694 V
[LIFT] V_Compute: 28.206 V
[LIFT] V_Motors: 27.690 V
[LIFT] V_Compute: 28.215 V
[LIFT] V_Motors: 27.667 V
[LIFT] V_Compute: 28.212 V
[LIFT] V_Motors: 27.683 V
[LIFT] V_Compute: 28.212 V
[LIFT] V_Motors: 27.685 V
[LIFT] V_Compute: 28.211 V
[LIFT] V_Motors: 27.706 V
[LIFT] V_Compute: 28.221 V
[LIFT] V_Motors: 27.666 V
[LIFT] V_Compute: 28.211 V
[LIFT] V_Motors: 27.705 V
[LIFT] V_Compute: 28.216 V
[LIFT] V_Motors: 27.673 V
[LIFT] V_Compute: 28.212 V
[LIFT] V_Motors: 27.666 V
[LIFT] V_Compute: 28.211 V
[LIFT] V_Motors: 27.665 V
[LIFT] V_Compute: 28.211 V
[LIFT] V_Motors: 27.728 V
[LIFT] V_Compute: 28.205 V
[LIFT] V_Motors: 27.714 V
[LIFT] V_Compute: 28.216 V
[LIFT] V_Motors: 27.724 V
[LIFT] V_Compute: 28.218 V
[LIFT] V_Motors: 27.722 V
[LIFT] V_Compute: 28.212 V
[LIFT] V_Motors: 27.720 V
[LIFT] V_Compute: 28.212 V
[LIFT] V_Motors: 27.712 V
[LIFT] V_Compute: 28.211 V
[LIFT] V_Motors: 27.718 V
[LIFT] V_Compute: 28.218 V
[LIFT] V_Motors: 27.725 V
[LIFT] V_Compute: 28.225 V
[LIFT] V_Motors: 27.719 V
[LIFT] V_Compute: 28.214 V
[LIFT] V_Motors: 27.728 V
[LIFT] V_Compute: 28.206 V
[LIFT] V_Motors: 27.716 V
[LIFT] V_Compute: 28.216 V
[LIFT] V_Motors: 27.721 V
[LIFT] V_Compute: 28.212 V
[LIFT] V_Motors: 27.720 V
[LIFT] V_Compute: 28.219 V
[LIFT] V_Motors: 27.726 V
[LIFT] V_Compute: 28.219 V
[LIFT] V_Motors: 27.725 V
[LIFT] V_Compute: 28.218 V
[LIFT] V_Motors: 27.728 V
[LIFT] V_Compute: 28.226 V
[LIFT] V_Motors: 27.722 V
[LIFT] V_Compute: 28.219 V
[LIFT] V_Motors: 27.729 V
[LIFT] V_Compute: 28.215 V
[LIFT] V_Motors: 27.724 V
[LIFT] V_Compute: 28.216 V
[LIFT] V_Motors: 27.726 V
[LIFT] V_Compute: 28.220 V
[LIFT] V_Motors: 27.716 V
[LIFT] V_Compute: 28.215 V
[LIFT] V_Motors: 27.720 V
[LIFT] V_Compute: 28.211 V
[LIFT] V_Motors: 27.719 V
[LIFT] V_Compute: 28.209 V
[LIFT] V_Motors: 27.720 V
[LIFT] V_Compute: 28.215 V
[LIFT] V_Motors: 27.725 V
[LIFT] V_Compute: 28.219 V
[LIFT] V_Motors: 27.724 V
[LIFT] V_Compute: 28.215 V
[LIFT] V_Motors: 27.726 V
[LIFT] V_Compute: 28.210 V
[LIFT] V_Motors: 27.728 V
[LIFT] V_Compute: 28.218 V
[LIFT] V_Motors: 27.722 V
[LIFT] V_Compute: 28.220 V
[LIFT] V_Motors: 27.725 V
[LIFT] V_Compute: 28.220 V
[LIFT] V_Motors: 27.728 V
[LIFT] V_Compute: 28.219 V
[LIFT] V_Motors: 27.732 V
[LIFT] V_Compute: 28.210 V
[LIFT] V_Motors: 27.724 V
[LIFT] V_Compute: 28.208 V
[LIFT] V_Motors: 27.718 V
[LIFT] V_Compute: 28.214 V
[LIFT] V_Motors: 27.724 V
[LIFT] V_Compute: 28.214 V
[LIFT] V_Motors: 27.728 V
[LIFT] V_Compute: 28.220 V
[LIFT] V_Motors: 27.720 V
[LIFT] V_Compute: 28.191 V
[LIFT] V_Motors: 27.714 V
[LIFT] V_Compute: 28.210 V
[LIFT] V_Motors: 27.730 V
[LIFT] V_Compute: 28.211 V
[LIFT] V_Motors: 27.730 V
[LIFT] V_Compute: 28.218 V
[LIFT] V_Motors: 27.719 V
[LIFT] V_Compute: 28.224 V
[LIFT] V_Motors: 27.729 V
[LIFT] V_Compute: 28.218 V
[LIFT] V_Motors: 27.728 V
[YOR] follow_path: cleared
[LIFT] V_Compute: 28.216 V
[LIFT] V_Motors: 27.726 V
[LIFT] V_Compute: 28.221 V
[LIFT] V_Motors: 27.725 V
[LIFT] V_Compute: 28.215 V
[LIFT] V_Motors: 27.725 V
[LIFT] V_Compute: 28.216 V
[LIFT] V_Motors: 27.730 V
[LIFT] V_Compute: 28.216 V
[LIFT] V_Motors: 27.728 V
[YOR] follow_path: n=23 first=(9.934100246429445, 3.504299926757813) last=(13.884100246429444, 1.6042999267578129)
[LIFT] V_Compute: 28.218 V
[LIFT] V_Motors: 27.684 V
[LIFT] V_Compute: 28.214 V
[LIFT] V_Motors: 27.702 V
[LIFT] V_Compute: 28.209 V
[LIFT] V_Motors: 27.722 V
[LIFT] V_Compute: 28.185 V
[LIFT] V_Motors: 27.659 V
[LIFT] V_Compute: 28.204 V
[LIFT] V_Motors: 27.694 V
[LIFT] V_Compute: 28.206 V
[LIFT] V_Motors: 27.686 V
[LIFT] V_Compute: 28.212 V
[LIFT] V_Motors: 27.680 V
[LIFT] V_Compute: 28.214 V
[LIFT] V_Motors: 27.694 V
[LIFT] V_Compute: 28.220 V
[LIFT] V_Motors: 27.686 V
[LIFT] V_Compute: 28.210 V
[LIFT] V_Motors: 27.676 V
[LIFT] V_Compute: 28.208 V
[LIFT] V_Motors: 27.694 V
[LIFT] V_Compute: 28.200 V
[LIFT] V_Motors: 27.669 V
[LIFT] V_Compute: 28.211 V
[LIFT] V_Motors: 27.687 V
[LIFT] V_Compute: 28.210 V
[LIFT] V_Motors: 27.684 V
[LIFT] V_Compute: 28.210 V
[LIFT] V_Motors: 27.683 V
[LIFT] V_Compute: 28.212 V
[LIFT] V_Motors: 27.675 V
[LIFT] V_Compute: 28.206 V
[LIFT] V_Motors: 27.686 V
[LIFT] V_Compute: 28.204 V
[LIFT] V_Motors: 27.690 V
[LIFT] V_Compute: 28.205 V
[LIFT] V_Motors: 27.669 V
[LIFT] V_Compute: 28.210 V
[LIFT] V_Motors: 27.674 V
[LIFT] V_Compute: 28.200 V
[LIFT] V_Motors: 27.673 V
[LIFT] V_Compute: 28.197 V
[LIFT] V_Motors: 27.680 V
[LIFT] V_Compute: 28.201 V
[LIFT] V_Motors: 27.685 V
[LIFT] V_Compute: 28.195 V
[LIFT] V_Motors: 27.687 V
[LIFT] V_Compute: 28.202 V
[LIFT] V_Motors: 27.666 V
[LIFT] V_Compute: 28.209 V
[LIFT] V_Motors: 27.696 V
[LIFT] V_Compute: 28.206 V
[LIFT] V_Motors: 27.679 V
[LIFT] V_Compute: 28.206 V
[LIFT] V_Motors: 27.670 V
[LIFT] V_Compute: 28.212 V
[LIFT] V_Motors: 27.666 V
[LIFT] V_Compute: 28.212 V
[LIFT] V_Motors: 27.714 V
[LIFT] V_Compute: 28.216 V
[LIFT] V_Motors: 27.716 V
[LIFT] V_Compute: 28.200 V
[LIFT] V_Motors: 27.704 V
[LIFT] V_Compute: 28.205 V
[LIFT] V_Motors: 27.719 V
[LIFT] V_Compute: 28.204 V
[LIFT] V_Motors: 27.719 V
[LIFT] V_Compute: 28.215 V
[LIFT] V_Motors: 27.718 V
[LIFT] V_Compute: 28.206 V
[LIFT] V_Motors: 27.716 V
[LIFT] V_Compute: 28.219 V
[LIFT] V_Motors: 27.718 V
[LIFT] V_Compute: 28.212 V
[LIFT] V_Motors: 27.724 V
[LIFT] V_Compute: 28.210 V
[LIFT] V_Motors: 27.722 V
[LIFT] V_Compute: 28.216 V
[LIFT] V_Motors: 27.724 V
[LIFT] V_Compute: 28.211 V
[LIFT] V_Motors: 27.720 V
[LIFT] V_Compute: 28.214 V
[LIFT] V_Motors: 27.721 V
[LIFT] V_Compute: 28.210 V
[LIFT] V_Motors: 27.726 V
[LIFT] V_Compute: 28.221 V
[LIFT] V_Motors: 27.719 V
[LIFT] V_Compute: 28.214 V
[LIFT] V_Motors: 27.719 V
[LIFT] V_Compute: 28.211 V
[LIFT] V_Motors: 27.722 V
[LIFT] V_Compute: 28.212 V
[LIFT] V_Motors: 27.721 V
[LIFT] V_Compute: 28.209 V
[LIFT] V_Motors: 27.718 V
[LIFT] V_Compute: 28.208 V
[LIFT] V_Motors: 27.715 V
[LIFT] V_Compute: 28.218 V
[LIFT] V_Motors: 27.721 V
[LIFT] V_Compute: 28.212 V
[LIFT] V_Motors: 27.720 V
[LIFT] V_Compute: 28.209 V
[LIFT] V_Motors: 27.720 V
[LIFT] V_Compute: 28.219 V
[LIFT] V_Motors: 27.725 V
[LIFT] V_Compute: 28.216 V
[LIFT] V_Motors: 27.722 V
[LIFT] V_Compute: 28.214 V
[LIFT] V_Motors: 27.724 V
[LIFT] V_Compute: 28.209 V
[LIFT] V_Motors: 27.719 V
[LIFT] V_Compute: 28.210 V
[LIFT] V_Motors: 27.726 V
[LIFT] V_Compute: 28.195 V
[LIFT] V_Motors: 27.708 V
[LIFT] V_Compute: 28.205 V
[LIFT] V_Motors: 27.718 V
[LIFT] V_Compute: 28.218 V
[LIFT] V_Motors: 27.721 V
[LIFT] V_Compute: 28.197 V
[LIFT] V_Motors: 27.709 V
[LIFT] V_Compute: 28.210 V
[LIFT] V_Motors: 27.721 V
[LIFT] V_Compute: 28.206 V
[LIFT] V_Motors: 27.724 V
[LIFT] V_Compute: 28.218 V
[LIFT] V_Motors: 27.725 V
[LIFT] V_Compute: 28.206 V
[LIFT] V_Motors: 27.721 V
[LIFT] V_Compute: 28.218 V
[LIFT] V_Motors: 27.725 V
[LIFT] V_Compute: 28.211 V
[LIFT] V_Motors: 27.724 V
[LIFT] V_Compute: 28.215 V
[LIFT] V_Motors: 27.721 V
[LIFT] V_Compute: 28.214 V
[LIFT] V_Motors: 27.726 V
[YOR] follow_path: cleared
[LIFT] V_Compute: 28.216 V
[LIFT] V_Motors: 27.725 V
[LIFT] V_Compute: 28.219 V
[LIFT] V_Motors: 27.724 V
[LIFT] V_Compute: 28.215 V
[LIFT] V_Motors: 27.721 V
[LIFT] V_Compute: 28.209 V
[LIFT] V_Motors: 27.724 V
[YOR] follow_path: n=24 first=(13.839500045776367, 1.6042999267578129) last=(17.989500045776367, -0.09570007324218643)
[LIFT] V_Compute: 28.212 V
[LIFT] V_Motors: 27.645 V
[LIFT] V_Compute: 28.218 V
[LIFT] V_Motors: 27.670 V
[LIFT] V_Compute: 28.195 V
[LIFT] V_Motors: 27.657 V
[LIFT] V_Compute: 28.186 V
[LIFT] V_Motors: 27.674 V
[LIFT] V_Compute: 28.206 V
[LIFT] V_Motors: 27.686 V
[LIFT] V_Compute: 28.210 V
[LIFT] V_Motors: 27.673 V
[LIFT] V_Compute: 28.211 V
[LIFT] V_Motors: 27.679 V
[LIFT] V_Compute: 28.191 V
[LIFT] V_Motors: 27.670 V
[LIFT] V_Compute: 28.208 V
[LIFT] V_Motors: 27.677 V
[LIFT] V_Compute: 28.211 V
[LIFT] V_Motors: 27.679 V
[LIFT] V_Compute: 28.204 V
[LIFT] V_Motors: 27.685 V
[LIFT] V_Compute: 28.214 V
[LIFT] V_Motors: 27.681 V
[LIFT] V_Compute: 28.202 V
[LIFT] V_Motors: 27.686 V
[LIFT] V_Compute: 28.208 V
[LIFT] V_Motors: 27.684 V
[LIFT] V_Compute: 28.200 V
[LIFT] V_Motors: 27.671 V
[LIFT] V_Compute: 28.210 V
[LIFT] V_Motors: 27.673 V
[LIFT] V_Compute: 28.216 V
[LIFT] V_Motors: 27.671 V
[LIFT] V_Compute: 28.211 V
[LIFT] V_Motors: 27.670 V
[LIFT] V_Compute: 28.215 V
[LIFT] V_Motors: 27.683 V
[LIFT] V_Compute: 28.211 V
[LIFT] V_Motors: 27.690 V
[LIFT] V_Compute: 28.202 V
[LIFT] V_Motors: 27.663 V
[LIFT] V_Compute: 28.220 V
[LIFT] V_Motors: 27.679 V
[LIFT] V_Compute: 28.199 V
[LIFT] V_Motors: 27.674 V
[LIFT] V_Compute: 28.210 V
[LIFT] V_Motors: 27.690 V
[LIFT] V_Compute: 28.192 V
[LIFT] V_Motors: 27.691 V
[LIFT] V_Compute: 28.209 V
[LIFT] V_Motors: 27.677 V
[LIFT] V_Compute: 28.214 V
[LIFT] V_Motors: 27.671 V
[LIFT] V_Compute: 28.192 V
[LIFT] V_Motors: 27.681 V
[LIFT] V_Compute: 28.191 V
[LIFT] V_Motors: 27.644 V
[YOR] follow_path: cleared
[LIFT] V_Compute: 28.195 V
[LIFT] V_Motors: 27.702 V
[LIFT] V_Compute: 28.196 V
[LIFT] V_Motors: 27.704 V
[LIFT] V_Compute: 28.218 V
[LIFT] V_Motors: 27.716 V
[LIFT] V_Compute: 28.216 V
[LIFT] V_Motors: 27.714 V
[LIFT] V_Compute: 28.216 V
[LIFT] V_Motors: 27.716 V
[LIFT] V_Compute: 28.215 V
[LIFT] V_Motors: 27.712 V
[LIFT] V_Compute: 28.216 V
[LIFT] V_Motors: 27.716 V
[LIFT] V_Compute: 28.201 V
[LIFT] V_Motors: 27.714 V
[LIFT] V_Compute: 28.202 V
[LIFT] V_Motors: 27.714 V
[LIFT] V_Compute: 28.216 V
[LIFT] V_Motors: 27.722 V
[LIFT] V_Compute: 28.215 V
[LIFT] V_Motors: 27.718 V
[LIFT] V_Compute: 28.204 V
[LIFT] V_Motors: 27.716 V
[LIFT] V_Compute: 28.201 V
[LIFT] V_Motors: 27.710 V
[LIFT] V_Compute: 28.211 V
[LIFT] V_Motors: 27.719 V
[LIFT] V_Compute: 28.209 V
[LIFT] V_Motors: 27.719 V
[LIFT] V_Compute: 28.209 V
[LIFT] V_Motors: 27.722 V
[LIFT] V_Compute: 28.211 V
[LIFT] V_Motors: 27.714 V
[LIFT] V_Compute: 28.214 V
[LIFT] V_Motors: 27.716 V
[LIFT] V_Compute: 28.215 V
[LIFT] V_Motors: 27.719 V
[LIFT] V_Compute: 28.216 V
[LIFT] V_Motors: 27.718 V
[LIFT] V_Compute: 28.220 V
[LIFT] V_Motors: 27.715 V
[LIFT] V_Compute: 28.208 V
[LIFT] V_Motors: 27.714 V
[LIFT] V_Compute: 28.204 V
[LIFT] V_Motors: 27.714 V
[LIFT] V_Compute: 28.208 V
[LIFT] V_Motors: 27.715 V
[LIFT] V_Compute: 28.210 V
[LIFT] V_Motors: 27.720 V
[LIFT] V_Compute: 28.214 V
[LIFT] V_Motors: 27.714 V
[LIFT] V_Compute: 28.218 V
[LIFT] V_Motors: 27.721 V
[LIFT] V_Compute: 28.218 V
[LIFT] V_Motors: 27.716 V
[LIFT] V_Compute: 28.211 V
[LIFT] V_Motors: 27.715 V
[LIFT] V_Compute: 28.186 V
[LIFT] V_Motors: 27.700 V
[LIFT] V_Compute: 28.208 V
[LIFT] V_Motors: 27.716 V
[LIFT] V_Compute: 28.211 V
[LIFT] V_Motors: 27.721 V
[LIFT] V_Compute: 28.210 V
[LIFT] V_Motors: 27.716 V
[LIFT] V_Compute: 28.196 V
[LIFT] V_Motors: 27.711 V
[LIFT] V_Compute: 28.206 V
[LIFT] V_Motors: 27.716 V
[LIFT] V_Compute: 28.218 V
[LIFT] V_Motors: 27.719 V
[LIFT] V_Compute: 28.216 V
[LIFT] V_Motors: 27.718 V
[LIFT] V_Compute: 28.216 V
[LIFT] V_Motors: 27.719 V
[LIFT] V_Compute: 28.211 V
[LIFT] V_Motors: 27.715 V
[LIFT] V_Compute: 28.214 V
[LIFT] V_Motors: 27.718 V
[LIFT] V_Compute: 28.204 V
[LIFT] V_Motors: 27.721 V
[LIFT] V_Compute: 28.212 V
[LIFT] V_Motors: 27.711 V
[LIFT] V_Compute: 28.216 V
[LIFT] V_Motors: 27.719 V
[LIFT] V_Compute: 28.194 V
[LIFT] V_Motors: 27.704 V
[LIFT] V_Compute: 28.215 V
[LIFT] V_Motors: 27.722 V
[LIFT] V_Compute: 28.218 V
[LIFT] V_Motors: 27.715 V
[LIFT] V_Compute: 28.215 V
[LIFT] V_Motors: 27.724 V
[LIFT] V_Compute: 28.220 V
[LIFT] V_Motors: 27.721 V
[LIFT] V_Compute: 28.215 V
[LIFT] V_Motors: 27.722 V
[LIFT] V_Compute: 28.215 V
[LIFT] V_Motors: 27.724 V
[LIFT] V_Compute: 28.211 V
[LIFT] V_Motors: 27.718 V
[LIFT] V_Compute: 28.221 V
[LIFT] V_Motors: 27.721 V
[LIFT] V_Compute: 28.215 V
[LIFT] V_Motors: 27.725 V
[LIFT] V_Compute: 28.212 V
[LIFT] V_Motors: 27.722 V
[LIFT] V_Compute: 28.215 V
[LIFT] V_Motors: 27.722 V
[LIFT] V_Compute: 28.208 V
[LIFT] V_Motors: 27.712 V
[LIFT] V_Compute: 28.214 V
[LIFT] V_Motors: 27.719 V
[LIFT] V_Compute: 28.202 V
[LIFT] V_Motors: 27.712 V
[LIFT] V_Compute: 28.222 V
[LIFT] V_Motors: 27.719 V
[LIFT] V_Compute: 28.197 V
[LIFT] V_Motors: 27.708 V
[LIFT] V_Compute: 28.210 V
[LIFT] V_Motors: 27.712 V
[LIFT] V_Compute: 28.216 V
[LIFT] V_Motors: 27.712 V
[LIFT] V_Compute: 28.216 V
[LIFT] V_Motors: 27.719 V
[LIFT] V_Compute: 28.218 V
[LIFT] V_Motors: 27.716 V
[LIFT] V_Compute: 28.205 V
[LIFT] V_Motors: 27.712 V
[LIFT] V_Compute: 28.218 V
[LIFT] V_Motors: 27.720 V
[LIFT] V_Compute: 28.209 V
[LIFT] V_Motors: 27.724 V
[LIFT] V_Compute: 28.219 V
[LIFT] V_Motors: 27.719 V
[LIFT] V_Compute: 28.215 V
[LIFT] V_Motors: 27.726 V
[LIFT] V_Compute: 28.216 V
[LIFT] V_Motors: 27.719 V
[LIFT] V_Compute: 28.212 V
[LIFT] V_Motors: 27.714 V
[LIFT] V_Compute: 28.215 V
[LIFT] V_Motors: 27.712 V
[LIFT] V_Compute: 28.219 V
[LIFT] V_Motors: 27.721 V
[LIFT] V_Compute: 28.218 V
[LIFT] V_Motors: 27.722 V
[LIFT] V_Compute: 28.221 V
[LIFT] V_Motors: 27.724 V
[LIFT] V_Compute: 28.214 V
[LIFT] V_Motors: 27.722 V
[LIFT] V_Compute: 28.215 V
[LIFT] V_Motors: 27.720 V
[LIFT] V_Compute: 28.215 V
[LIFT] V_Motors: 27.714 V
[LIFT] V_Compute: 28.218 V
[LIFT] V_Motors: 27.716 V
[LIFT] V_Compute: 28.209 V
[LIFT] V_Motors: 27.715 V
[LIFT] V_Compute: 28.209 V
[LIFT] V_Motors: 27.720 V
[LIFT] V_Compute: 28.212 V
[LIFT] V_Motors: 27.722 V
[LIFT] V_Compute: 28.210 V
[LIFT] V_Motors: 27.718 V
[LIFT] V_Compute: 28.216 V
[LIFT] V_Motors: 27.721 V
[LIFT] V_Compute: 28.214 V
[LIFT] V_Motors: 27.722 V
[LIFT] V_Compute: 28.216 V
[LIFT] V_Motors: 27.722 V
[LIFT] V_Compute: 28.220 V
[LIFT] V_Motors: 27.722 V
[LIFT] V_Compute: 28.218 V
[LIFT] V_Motors: 27.721 V
[LIFT] V_Compute: 28.216 V
[LIFT] V_Motors: 27.724 V
[LIFT] V_Compute: 28.195 V
[LIFT] V_Motors: 27.706 V
[LIFT] V_Compute: 28.211 V
[LIFT] V_Motors: 27.720 V
[LIFT] V_Compute: 28.205 V
[LIFT] V_Motors: 27.720 V
[LIFT] V_Compute: 28.220 V
[LIFT] V_Motors: 27.716 V
[LIFT] V_Compute: 28.219 V
[LIFT] V_Motors: 27.719 V
[LIFT] V_Compute: 28.215 V
[LIFT] V_Motors: 27.721 V
[LIFT] V_Compute: 28.216 V
[LIFT] V_Motors: 27.724 V
[LIFT] V_Compute: 28.208 V
[LIFT] V_Motors: 27.716 V
[LIFT] V_Compute: 28.216 V
[LIFT] V_Motors: 27.718 V
[LIFT] V_Compute: 28.197 V
[LIFT] V_Motors: 27.704 V
[LIFT] V_Compute: 28.212 V
[LIFT] V_Motors: 27.720 V
[LIFT] V_Compute: 28.214 V
[LIFT] V_Motors: 27.725 V
[LIFT] V_Compute: 28.220 V
[LIFT] V_Motors: 27.718 V
[LIFT] V_Compute: 28.219 V
[LIFT] V_Motors: 27.720 V
[LIFT] V_Compute: 28.209 V
[LIFT] V_Motors: 27.720 V
[LIFT] V_Compute: 28.211 V
[LIFT] V_Motors: 27.719 V
[LIFT] V_Compute: 28.220 V
[LIFT] V_Motors: 27.722 V
[LIFT] V_Compute: 28.220 V
[LIFT] V_Motors: 27.721 V
[LIFT] V_Compute: 28.192 V
[LIFT] V_Motors: 27.704 V
[LIFT] V_Compute: 28.216 V
[LIFT] V_Motors: 27.721 V
[LIFT] V_Compute: 28.210 V
[LIFT] V_Motors: 27.719 V
[LIFT] V_Compute: 28.218 V
[LIFT] V_Motors: 27.718 V
[LIFT] V_Compute: 28.210 V
[LIFT] V_Motors: 27.719 V
[LIFT] V_Compute: 28.220 V
[LIFT] V_Motors: 27.724 V
[LIFT] V_Compute: 28.211 V
[LIFT] V_Motors: 27.720 V
[LIFT] V_Compute: 28.214 V
[LIFT] V_Motors: 27.720 V
[LIFT] V_Compute: 28.210 V
[LIFT] V_Motors: 27.721 V
[LIFT] V_Compute: 28.219 V
[LIFT] V_Motors: 27.719 V
[LIFT] V_Compute: 28.209 V
[LIFT] V_Motors: 27.718 V
[LIFT] V_Compute: 28.218 V
[LIFT] V_Motors: 27.722 V
[LIFT] V_Compute: 28.210 V
[LIFT] V_Motors: 27.720 V
[LIFT] V_Compute: 28.218 V
[LIFT] V_Motors: 27.719 V
[LIFT] V_Compute: 28.209 V
[LIFT] V_Motors: 27.712 V
[LIFT] V_Compute: 28.218 V
[LIFT] V_Motors: 27.721 V
[LIFT] V_Compute: 28.209 V
[LIFT] V_Motors: 27.714 V
[LIFT] V_Compute: 28.209 V
[LIFT] V_Motors: 27.716 V
[LIFT] V_Compute: 28.206 V
[LIFT] V_Motors: 27.710 V
[LIFT] V_Compute: 28.211 V
[LIFT] V_Motors: 27.720 V
[LIFT] V_Compute: 28.204 V
[LIFT] V_Motors: 27.714 V
[LIFT] V_Compute: 28.218 V
[LIFT] V_Motors: 27.720 V
[LIFT] V_Compute: 28.206 V
[LIFT] V_Motors: 27.711 V
[LIFT] V_Compute: 28.221 V
[LIFT] V_Motors: 27.718 V
[LIFT] V_Compute: 28.205 V
[LIFT] V_Motors: 27.719 V
[LIFT] V_Compute: 28.216 V
[LIFT] V_Motors: 27.721 V
[LIFT] V_Compute: 28.206 V
[LIFT] V_Motors: 27.706 V
[LIFT] V_Compute: 28.221 V
[LIFT] V_Motors: 27.716 V
[LIFT] V_Compute: 28.216 V
[LIFT] V_Motors: 27.719 V
[LIFT] V_Compute: 28.216 V
[LIFT] V_Motors: 27.718 V
[LIFT] V_Compute: 28.214 V
[LIFT] V_Motors: 27.722 V
[LIFT] V_Compute: 28.219 V
[LIFT] V_Motors: 27.724 V
[LIFT] V_Compute: 28.212 V
[LIFT] V_Motors: 27.708 V
[LIFT] V_Compute: 28.215 V
[LIFT] V_Motors: 27.718 V
[LIFT] V_Compute: 28.212 V
[LIFT] V_Motors: 27.714 V
[LIFT] V_Compute: 28.216 V
[LIFT] V_Motors: 27.722 V
[LIFT] V_Compute: 28.216 V
[LIFT] V_Motors: 27.711 V
[LIFT] V_Compute: 28.215 V
[LIFT] V_Motors: 27.722 V
[LIFT] V_Compute: 28.192 V
[LIFT] V_Motors: 27.705 V
[LIFT] V_Compute: 28.218 V
[LIFT] V_Motors: 27.719 V
[LIFT] V_Compute: 28.210 V
[LIFT] V_Motors: 27.715 V
[LIFT] V_Compute: 28.215 V
[LIFT] V_Motors: 27.721 V
[LIFT] V_Compute: 28.201 V
[LIFT] V_Motors: 27.708 V
[LIFT] V_Compute: 28.192 V
[LIFT] V_Motors: 27.702 V
[LIFT] V_Compute: 28.215 V
[LIFT] V_Motors: 27.721 V
[LIFT] V_Compute: 28.221 V
[LIFT] V_Motors: 27.725 V
[LIFT] V_Compute: 28.192 V
[LIFT] V_Motors: 27.701 V
[LIFT] V_Compute: 28.201 V
[LIFT] V_Motors: 27.715 V
[LIFT] V_Compute: 28.202 V
[LIFT] V_Motors: 27.708 V
[LIFT] V_Compute: 28.200 V
[LIFT] V_Motors: 27.712 V
[LIFT] V_Compute: 28.216 V
[LIFT] V_Motors: 27.712 V
[LIFT] V_Compute: 28.210 V
[LIFT] V_Motors: 27.716 V
[LIFT] V_Compute: 28.215 V
[LIFT] V_Motors: 27.718 V
[LIFT] V_Compute: 28.220 V
[LIFT] V_Motors: 27.720 V
[LIFT] V_Compute: 28.216 V
[LIFT] V_Motors: 27.719 V
[LIFT] V_Compute: 28.214 V
[LIFT] V_Motors: 27.720 V
[LIFT] V_Compute: 28.220 V
[LIFT] V_Motors: 27.720 V
[LIFT] V_Compute: 28.212 V
[LIFT] V_Motors: 27.718 V
[LIFT] V_Compute: 28.209 V
[LIFT] V_Motors: 27.720 V
[LIFT] V_Compute: 28.215 V
[LIFT] V_Motors: 27.719 V
[LIFT] V_Compute: 28.216 V
[LIFT] V_Motors: 27.714 V
[LIFT] V_Compute: 28.220 V
[LIFT] V_Motors: 27.718 V
[LIFT] V_Compute: 28.189 V
[LIFT] V_Motors: 27.709 V
[LIFT] V_Compute: 28.215 V
[LIFT] V_Motors: 27.716 V
[LIFT] V_Compute: 28.211 V
[LIFT] V_Motors: 27.715 V
[LIFT] V_Compute: 28.216 V
[LIFT] V_Motors: 27.724 V
[LIFT] V_Compute: 28.209 V
[LIFT] V_Motors: 27.708 V
[LIFT] V_Compute: 28.219 V
[LIFT] V_Motors: 27.720 V
[LIFT] V_Compute: 28.209 V
[LIFT] V_Motors: 27.724 V
[LIFT] V_Compute: 28.218 V
[LIFT] V_Motors: 27.725 V
[LIFT] V_Compute: 28.218 V
[LIFT] V_Motors: 27.716 V
[LIFT] V_Compute: 28.205 V
[LIFT] V_Motors: 27.715 V
[LIFT] V_Compute: 28.210 V
[LIFT] V_Motors: 27.719 V
[LIFT] V_Compute: 28.216 V
[LIFT] V_Motors: 27.716 V
[LIFT] V_Compute: 28.216 V
[LIFT] V_Motors: 27.721 V
[LIFT] V_Compute: 28.216 V
[LIFT] V_Motors: 27.718 V
[YOR] follow_path: n=113 first=(17.941899871826173, -0.09570007324218643) last=(2.191899871826172, -0.0457000732421875)
[LIFT] V_Compute: 28.215 V
[LIFT] V_Motors: 27.705 V
[LIFT] V_Compute: 28.209 V
[LIFT] V_Motors: 27.696 V
[LIFT] V_Compute: 28.206 V
[LIFT] V_Motors: 27.695 V
[LIFT] V_Compute: 28.211 V
[LIFT] V_Motors: 27.689 V
[YOR] follow_path: cleared
[LIFT] V_Compute: 28.216 V
[LIFT] V_Motors: 27.712 V
[LIFT] V_Compute: 28.221 V
[LIFT] V_Motors: 27.721 V
[LIFT] V_Compute: 28.201 V
[LIFT] V_Motors: 27.706 V
[LIFT] V_Compute: 28.221 V
[LIFT] V_Motors: 27.718 V
[LIFT] V_Compute: 28.218 V
[LIFT] V_Motors: 27.719 V
[LIFT] V_Compute: 28.199 V
[LIFT] V_Motors: 27.697 V
[LIFT] V_Compute: 28.205 V
[LIFT] V_Motors: 27.709 V
[LIFT] V_Compute: 28.192 V
[LIFT] V_Motors: 27.708 V
[LIFT] V_Compute: 28.215 V
[LIFT] V_Motors: 27.716 V
[LIFT] V_Compute: 28.214 V
[LIFT] V_Motors: 27.719 V
[LIFT] V_Compute: 28.206 V
[LIFT] V_Motors: 27.710 V
[LIFT] V_Compute: 28.210 V
[LIFT] V_Motors: 27.715 V
[LIFT] V_Compute: 28.211 V
[LIFT] V_Motors: 27.721 V
[LIFT] V_Compute: 28.204 V
[LIFT] V_Motors: 27.708 V
[LIFT] V_Compute: 28.218 V
[LIFT] V_Motors: 27.714 V
[LIFT] V_Compute: 28.215 V
[LIFT] V_Motors: 27.719 V
[LIFT] V_Compute: 28.221 V
[LIFT] V_Motors: 27.716 V
[LIFT] V_Compute: 28.208 V
[LIFT] V_Motors: 27.714 V
[LIFT] V_Compute: 28.205 V
[LIFT] V_Motors: 27.716 V
[LIFT] V_Compute: 28.211 V
[LIFT] V_Motors: 27.721 V
[LIFT] V_Compute: 28.212 V
[LIFT] V_Motors: 27.716 V
[LIFT] V_Compute: 28.221 V
[LIFT] V_Motors: 27.718 V
[LIFT] V_Compute: 28.216 V
[LIFT] V_Motors: 27.716 V
[LIFT] V_Compute: 28.215 V
[LIFT] V_Motors: 27.719 V
[LIFT] V_Compute: 28.219 V
[LIFT] V_Motors: 27.714 V
[LIFT] V_Compute: 28.216 V
[LIFT] V_Motors: 27.718 V
[LIFT] V_Compute: 28.220 V
[LIFT] V_Motors: 27.721 V
[LIFT] V_Compute: 28.218 V
[LIFT] V_Motors: 27.719 V
[LIFT] V_Compute: 28.218 V
[LIFT] V_Motors: 27.715 V
[LIFT] V_Compute: 28.206 V
[LIFT] V_Motors: 27.715 V
[LIFT] V_Compute: 28.214 V
[LIFT] V_Motors: 27.719 V
[LIFT] V_Compute: 28.216 V
[LIFT] V_Motors: 27.718 V
[LIFT] V_Compute: 28.216 V
[LIFT] V_Motors: 27.725 V
[LIFT] V_Compute: 28.219 V
[LIFT] V_Motors: 27.719 V
[LIFT] V_Compute: 28.204 V
[LIFT] V_Motors: 27.712 V
[LIFT] V_Compute: 28.209 V
[LIFT] V_Motors: 27.720 V
[LIFT] V_Compute: 28.214 V
[LIFT] V_Motors: 27.721 V
[LIFT] V_Compute: 28.215 V
[LIFT] V_Motors: 27.719 V
[LIFT] V_Compute: 28.215 V
[LIFT] V_Motors: 27.718 V
[YOR] follow_path: n=113 first=(17.941899871826173, -0.09570007324218643) last=(2.191899871826172, -0.0457000732421875)
[LIFT] V_Compute: 28.220 V
[LIFT] V_Motors: 27.681 V
[LIFT] V_Compute: 28.214 V
[LIFT] V_Motors: 27.695 V
[LIFT] V_Compute: 28.215 V
[LIFT] V_Motors: 27.695 V
[LIFT] V_Compute: 28.192 V
[LIFT] V_Motors: 27.679 V
[LIFT] V_Compute: 28.218 V
[LIFT] V_Motors: 27.695 V
[LIFT] V_Compute: 28.209 V
[LIFT] V_Motors: 27.695 V
[LIFT] V_Compute: 28.205 V
[LIFT] V_Motors: 27.689 V
[LIFT] V_Compute: 28.215 V
[LIFT] V_Motors: 27.694 V
[LIFT] V_Compute: 28.212 V
[LIFT] V_Motors: 27.683 V
[LIFT] V_Compute: 28.212 V
[LIFT] V_Motors: 27.690 V
[LIFT] V_Compute: 28.214 V
[LIFT] V_Motors: 27.697 V
[LIFT] V_Compute: 28.216 V
[LIFT] V_Motors: 27.692 V
[LIFT] V_Compute: 28.219 V
[LIFT] V_Motors: 27.696 V
[LIFT] V_Compute: 28.220 V
[LIFT] V_Motors: 27.690 V
[LIFT] V_Compute: 28.189 V
[LIFT] V_Motors: 27.671 V
[LIFT] V_Compute: 28.218 V
[LIFT] V_Motors: 27.690 V
[LIFT] V_Compute: 28.209 V
[LIFT] V_Motors: 27.689 V
[LIFT] V_Compute: 28.215 V
[LIFT] V_Motors: 27.689 V
[LIFT] V_Compute: 28.197 V
[LIFT] V_Motors: 27.679 V
[LIFT] V_Compute: 28.212 V
[LIFT] V_Motors: 27.690 V
[LIFT] V_Compute: 28.218 V
[LIFT] V_Motors: 27.696 V
[LIFT] V_Compute: 28.206 V
[LIFT] V_Motors: 27.691 V
[LIFT] V_Compute: 28.208 V
[LIFT] V_Motors: 27.699 V
[LIFT] V_Compute: 28.214 V
[LIFT] V_Motors: 27.696 V
[LIFT] V_Compute: 28.199 V
[LIFT] V_Motors: 27.675 V
[LIFT] V_Compute: 28.214 V
[LIFT] V_Motors: 27.694 V
[LIFT] V_Compute: 28.210 V
[LIFT] V_Motors: 27.686 V
[LIFT] V_Compute: 28.219 V
[LIFT] V_Motors: 27.696 V
[LIFT] V_Compute: 28.212 V
[LIFT] V_Motors: 27.689 V
[LIFT] V_Compute: 28.218 V
[LIFT] V_Motors: 27.690 V
[LIFT] V_Compute: 28.215 V
[LIFT] V_Motors: 27.696 V
[LIFT] V_Compute: 28.216 V
[LIFT] V_Motors: 27.697 V
[LIFT] V_Compute: 28.211 V
[LIFT] V_Motors: 27.692 V
[LIFT] V_Compute: 28.212 V
[LIFT] V_Motors: 27.685 V
[LIFT] V_Compute: 28.211 V
[LIFT] V_Motors: 27.687 V
[LIFT] V_Compute: 28.214 V
[LIFT] V_Motors: 27.684 V
[LIFT] V_Compute: 28.214 V
[LIFT] V_Motors: 27.692 V
[LIFT] V_Compute: 28.214 V
[LIFT] V_Motors: 27.686 V
[LIFT] V_Compute: 28.190 V
[LIFT] V_Motors: 27.677 V
[LIFT] V_Compute: 28.218 V
[LIFT] V_Motors: 27.694 V
[LIFT] V_Compute: 28.215 V
[LIFT] V_Motors: 27.690 V
[LIFT] V_Compute: 28.220 V
[LIFT] V_Motors: 27.691 V
[LIFT] V_Compute: 28.215 V
[LIFT] V_Motors: 27.687 V
[LIFT] V_Compute: 28.195 V
[LIFT] V_Motors: 27.677 V
[LIFT] V_Compute: 28.211 V
[LIFT] V_Motors: 27.696 V
[LIFT] V_Compute: 28.218 V
[LIFT] V_Motors: 27.684 V
[LIFT] V_Compute: 28.215 V
[LIFT] V_Motors: 27.681 V
[LIFT] V_Compute: 28.214 V
[LIFT] V_Motors: 27.691 V
[LIFT] V_Compute: 28.201 V
[LIFT] V_Motors: 27.675 V
[LIFT] V_Compute: 28.210 V
[LIFT] V_Motors: 27.687 V
[LIFT] V_Compute: 28.211 V
[LIFT] V_Motors: 27.694 V
[LIFT] V_Compute: 28.196 V
[LIFT] V_Motors: 27.683 V
[LIFT] V_Compute: 28.211 V
[LIFT] V_Motors: 27.692 V
[LIFT] V_Compute: 28.219 V
[LIFT] V_Motors: 27.694 V
[LIFT] V_Compute: 28.196 V
[LIFT] V_Motors: 27.673 V
[LIFT] V_Compute: 28.200 V
[LIFT] V_Motors: 27.680 V
[LIFT] V_Compute: 28.218 V
[LIFT] V_Motors: 27.689 V
[LIFT] V_Compute: 28.211 V
[LIFT] V_Motors: 27.690 V
[LIFT] V_Compute: 28.205 V
[LIFT] V_Motors: 27.689 V
[LIFT] V_Compute: 28.205 V
[LIFT] V_Motors: 27.677 V
[LIFT] V_Compute: 28.211 V
[LIFT] V_Motors: 27.687 V
[LIFT] V_Compute: 28.192 V
[LIFT] V_Motors: 27.679 V
[LIFT] V_Compute: 28.218 V
[LIFT] V_Motors: 27.691 V
[LIFT] V_Compute: 28.209 V
[LIFT] V_Motors: 27.687 V
[LIFT] V_Compute: 28.196 V
[LIFT] V_Motors: 27.676 V
[LIFT] V_Compute: 28.212 V
[LIFT] V_Motors: 27.689 V
[LIFT] V_Compute: 28.219 V
[LIFT] V_Motors: 27.684 V
[LIFT] V_Compute: 28.212 V
[LIFT] V_Motors: 27.694 V
[LIFT] V_Compute: 28.210 V
[LIFT] V_Motors: 27.684 V
[LIFT] V_Compute: 28.210 V
[LIFT] V_Motors: 27.691 V
[YOR] follow_path: n=113 first=(17.94239983558655, -0.09570007324218643) last=(2.192399835586548, -0.0457000732421875)
[LIFT] V_Compute: 28.211 V
[LIFT] V_Motors: 27.683 V
[LIFT] V_Compute: 28.208 V
[LIFT] V_Motors: 27.690 V
[LIFT] V_Compute: 28.214 V
[LIFT] V_Motors: 27.690 V
[LIFT] V_Compute: 28.209 V
[LIFT] V_Motors: 27.686 V
[YOR] follow_path: n=113 first=(17.941899871826173, -0.09570007324218643) last=(2.191899871826172, -0.0457000732421875)
[LIFT] V_Compute: 28.206 V
[LIFT] V_Motors: 27.695 V
[LIFT] V_Compute: 28.211 V
[LIFT] V_Motors: 27.686 V
[LIFT] V_Compute: 28.210 V
[LIFT] V_Motors: 27.687 V
[LIFT] V_Compute: 28.212 V
[LIFT] V_Motors: 27.687 V
[LIFT] V_Compute: 28.215 V
[LIFT] V_Motors: 27.695 V
[LIFT] V_Compute: 28.210 V
[LIFT] V_Motors: 27.685 V
[LIFT] V_Compute: 28.212 V
[LIFT] V_Motors: 27.690 V
[LIFT] V_Compute: 28.205 V
[LIFT] V_Motors: 27.685 V
[LIFT] V_Compute: 28.209 V
[LIFT] V_Motors: 27.697 V
[LIFT] V_Compute: 28.216 V
[LIFT] V_Motors: 27.686 V
[LIFT] V_Compute: 28.210 V
[LIFT] V_Motors: 27.692 V
[LIFT] V_Compute: 28.212 V
[LIFT] V_Motors: 27.677 V
[LIFT] V_Compute: 28.212 V
[LIFT] V_Motors: 27.681 V
[LIFT] V_Compute: 28.208 V
[LIFT] V_Motors: 27.685 V
[LIFT] V_Compute: 28.212 V
[LIFT] V_Motors: 27.685 V
[LIFT] V_Compute: 28.220 V
[LIFT] V_Motors: 27.695 V
[LIFT] V_Compute: 28.218 V
[LIFT] V_Motors: 27.683 V
[YOR] follow_path: n=113 first=(17.94239983558655, -0.09570007324218643) last=(2.192399835586548, -0.0457000732421875)
[LIFT] V_Compute: 28.215 V
[LIFT] V_Motors: 27.689 V
[LIFT] V_Compute: 28.220 V
[LIFT] V_Motors: 27.686 V
[YOR] follow_path: n=113 first=(17.94239983558655, -0.09570007324218643) last=(2.192399835586548, -0.0457000732421875)
[LIFT] V_Compute: 28.214 V
[LIFT] V_Motors: 27.692 V
[LIFT] V_Compute: 28.215 V
[LIFT] V_Motors: 27.687 V
[LIFT] V_Compute: 28.209 V
[LIFT] V_Motors: 27.687 V
[LIFT] V_Compute: 28.218 V
[LIFT] V_Motors: 27.690 V
[LIFT] V_Compute: 28.204 V
[LIFT] V_Motors: 27.681 V
[LIFT] V_Compute: 28.206 V
[LIFT] V_Motors: 27.686 V
[LIFT] V_Compute: 28.212 V
[LIFT] V_Motors: 27.685 V
[LIFT] V_Compute: 28.212 V
[LIFT] V_Motors: 27.685 V
[LIFT] V_Compute: 28.199 V
[LIFT] V_Motors: 27.677 V
[LIFT] V_Compute: 28.212 V
[LIFT] V_Motors: 27.690 V
[LIFT] V_Compute: 28.221 V
[LIFT] V_Motors: 27.684 V
[LIFT] V_Compute: 28.216 V
[LIFT] V_Motors: 27.690 V
[LIFT] V_Compute: 28.218 V
[LIFT] V_Motors: 27.686 V
[LIFT] V_Compute: 28.208 V
[LIFT] V_Motors: 27.690 V
[LIFT] V_Compute: 28.214 V
[LIFT] V_Motors: 27.687 V
[LIFT] V_Compute: 28.214 V
[LIFT] V_Motors: 27.694 V
[LIFT] V_Compute: 28.214 V
[LIFT] V_Motors: 27.684 V
[LIFT] V_Compute: 28.221 V
[LIFT] V_Motors: 27.686 V
[LIFT] V_Compute: 28.205 V
[LIFT] V_Motors: 27.681 V
[LIFT] V_Compute: 28.218 V
[LIFT] V_Motors: 27.689 V
[LIFT] V_Compute: 28.211 V
[LIFT] V_Motors: 27.680 V
[YOR] follow_path: n=113 first=(17.94239983558655, -0.09570007324218643) last=(2.192399835586548, -0.0457000732421875)
[LIFT] V_Compute: 28.208 V
[LIFT] V_Motors: 27.679 V
[LIFT] V_Compute: 28.212 V
[LIFT] V_Motors: 27.677 V
[LIFT] V_Compute: 28.206 V
[LIFT] V_Motors: 27.685 V
[LIFT] V_Compute: 28.211 V
[LIFT] V_Motors: 27.681 V
[LIFT] V_Compute: 28.201 V
[LIFT] V_Motors: 27.676 V
[LIFT] V_Compute: 28.194 V
[LIFT] V_Motors: 27.667 V
[LIFT] V_Compute: 28.208 V
[LIFT] V_Motors: 27.680 V
[LIFT] V_Compute: 28.211 V
[LIFT] V_Motors: 27.686 V
[LIFT] V_Compute: 28.218 V
[LIFT] V_Motors: 27.685 V
[LIFT] V_Compute: 28.206 V
[LIFT] V_Motors: 27.689 V
[LIFT] V_Compute: 28.204 V
[LIFT] V_Motors: 27.679 V
[LIFT] V_Compute: 28.205 V
[LIFT] V_Motors: 27.679 V
[LIFT] V_Compute: 28.212 V
[LIFT] V_Motors: 27.679 V
[LIFT] V_Compute: 28.216 V
[LIFT] V_Motors: 27.690 V
[YOR] follow_path: n=115 first=(17.942700004577638, -0.09570007324218643) last=(2.192700004577637, -0.0457000732421875)
[LIFT] V_Compute: 28.214 V
[LIFT] V_Motors: 27.676 V
[YOR] follow_path: n=113 first=(17.94239983558655, -0.09570007324218643) last=(2.192399835586548, -0.0457000732421875)
[LIFT] V_Compute: 28.215 V
[LIFT] V_Motors: 27.676 V
[LIFT] V_Compute: 28.216 V
[LIFT] V_Motors: 27.690 V
[LIFT] V_Compute: 28.211 V
[LIFT] V_Motors: 27.679 V
[LIFT] V_Compute: 28.215 V
[LIFT] V_Motors: 27.679 V
[YOR] follow_path: n=113 first=(17.94369993209839, -0.09570007324218643) last=(2.1936999320983888, -0.0457000732421875)
[YOR] follow_path: n=115 first=(17.942700004577638, -0.09570007324218643) last=(2.192700004577637, -0.0457000732421875)
[LIFT] V_Compute: 28.211 V
[LIFT] V_Motors: 27.679 V
[YOR] follow_path: n=113 first=(17.94369993209839, -0.09570007324218643) last=(2.1936999320983888, 0.0042999267578132105)
[LIFT] V_Compute: 28.208 V
[LIFT] V_Motors: 27.701 V
[YOR] follow_path: n=113 first=(17.94369993209839, -0.09570007324218643) last=(2.1936999320983888, 0.0042999267578132105)
[LIFT] V_Compute: 28.209 V
[LIFT] V_Motors: 27.686 V
[LIFT] V_Compute: 28.212 V
[LIFT] V_Motors: 27.679 V
[LIFT] V_Compute: 28.211 V
[LIFT] V_Motors: 27.687 V
[YOR] follow_path: n=113 first=(17.94369993209839, -0.09570007324218643) last=(2.1936999320983888, -0.0457000732421875)
[LIFT] V_Compute: 28.212 V
[LIFT] V_Motors: 27.679 V
[YOR] follow_path: n=113 first=(17.94369993209839, -0.09570007324218643) last=(2.1936999320983888, -0.0457000732421875)
[LIFT] V_Compute: 28.210 V
[LIFT] V_Motors: 27.684 V
[LIFT] V_Compute: 28.195 V
[LIFT] V_Motors: 27.667 V
[LIFT] V_Compute: 28.204 V
[LIFT] V_Motors: 27.670 V
[LIFT] V_Compute: 28.211 V
[LIFT] V_Motors: 27.685 V
[LIFT] V_Compute: 28.216 V
[LIFT] V_Motors: 27.680 V
[LIFT] V_Compute: 28.208 V
[LIFT] V_Motors: 27.683 V
[LIFT] V_Compute: 28.212 V
[LIFT] V_Motors: 27.690 V
[LIFT] V_Compute: 28.215 V
[LIFT] V_Motors: 27.684 V
[LIFT] V_Compute: 28.192 V
[LIFT] V_Motors: 27.666 V
[LIFT] V_Compute: 28.199 V
[LIFT] V_Motors: 27.670 V
[LIFT] V_Compute: 28.214 V
[LIFT] V_Motors: 27.675 V
[YOR] follow_path: n=113 first=(17.945499992370607, -0.09570007324218643) last=(2.1954999923706056, -0.0457000732421875)
[LIFT] V_Compute: 28.210 V
[LIFT] V_Motors: 27.651 V
[YOR] follow_path: n=113 first=(17.945499992370607, -0.09570007324218643) last=(2.1954999923706056, -0.0457000732421875)
[LIFT] V_Compute: 28.211 V
[LIFT] V_Motors: 27.689 V
[LIFT] V_Compute: 28.209 V
[LIFT] V_Motors: 27.676 V
[LIFT] V_Compute: 28.202 V
[LIFT] V_Motors: 27.680 V
[LIFT] V_Compute: 28.197 V
[LIFT] V_Motors: 27.673 V
[LIFT] V_Compute: 28.202 V
[LIFT] V_Motors: 27.699 V
[LIFT] V_Compute: 28.201 V
[LIFT] V_Motors: 27.645 V
[LIFT] V_Compute: 28.194 V
[LIFT] V_Motors: 27.656 V
[LIFT] V_Compute: 28.210 V
[LIFT] V_Motors: 27.661 V
[LIFT] V_Compute: 28.208 V
[LIFT] V_Motors: 27.666 V
[LIFT] V_Compute: 28.202 V
[LIFT] V_Motors: 27.667 V
[LIFT] V_Compute: 28.204 V
[LIFT] V_Motors: 27.665 V
[LIFT] V_Compute: 28.204 V
[LIFT] V_Motors: 27.674 V
[LIFT] V_Compute: 28.202 V
[LIFT] V_Motors: 27.663 V
[LIFT] V_Compute: 28.201 V
[LIFT] V_Motors: 27.663 V
[LIFT] V_Compute: 28.205 V
[LIFT] V_Motors: 27.661 V
[LIFT] V_Compute: 28.200 V
[LIFT] V_Motors: 27.656 V
[LIFT] V_Compute: 28.208 V
[LIFT] V_Motors: 27.659 V
[LIFT] V_Compute: 28.180 V
[LIFT] V_Motors: 27.650 V
[LIFT] V_Compute: 28.206 V
[LIFT] V_Motors: 27.663 V
[LIFT] V_Compute: 28.206 V
[LIFT] V_Motors: 27.664 V
[LIFT] V_Compute: 28.208 V
[LIFT] V_Motors: 27.644 V
[LIFT] V_Compute: 28.201 V
[LIFT] V_Motors: 27.656 V
[LIFT] V_Compute: 28.205 V
[LIFT] V_Motors: 27.649 V
[LIFT] V_Compute: 28.200 V
[LIFT] V_Motors: 27.670 V
[LIFT] V_Compute: 28.183 V
[LIFT] V_Motors: 27.628 V
[LIFT] V_Compute: 28.197 V
[LIFT] V_Motors: 27.636 V
[LIFT] V_Compute: 28.189 V
[LIFT] V_Motors: 27.644 V
[LIFT] V_Compute: 28.200 V
[LIFT] V_Motors: 27.636 V
[LIFT] V_Compute: 28.204 V
[LIFT] V_Motors: 27.628 V
[LIFT] V_Compute: 28.196 V
[LIFT] V_Motors: 27.652 V
[LIFT] V_Compute: 28.214 V
[LIFT] V_Motors: 27.640 V
[LIFT] V_Compute: 28.199 V
[LIFT] V_Motors: 27.675 V
[LIFT] V_Compute: 28.209 V
[LIFT] V_Motors: 27.681 V
[LIFT] V_Compute: 28.194 V
[LIFT] V_Motors: 27.639 V
[LIFT] V_Compute: 28.209 V
[LIFT] V_Motors: 27.628 V
[LIFT] V_Compute: 28.192 V
[LIFT] V_Motors: 27.650 V
[LIFT] V_Compute: 28.202 V
[LIFT] V_Motors: 27.681 V
[LIFT] V_Compute: 28.208 V
[LIFT] V_Motors: 27.647 V
[LIFT] V_Compute: 28.206 V
[LIFT] V_Motors: 27.647 V
[LIFT] V_Compute: 28.194 V
[LIFT] V_Motors: 27.639 V
[LIFT] V_Compute: 28.201 V
[LIFT] V_Motors: 27.646 V
[LIFT] V_Compute: 28.209 V
[LIFT] V_Motors: 27.663 V
[LIFT] V_Compute: 28.192 V
[LIFT] V_Motors: 27.635 V
[LIFT] V_Compute: 28.181 V
[LIFT] V_Motors: 27.640 V
[LIFT] V_Compute: 28.209 V
[LIFT] V_Motors: 27.624 V
[LIFT] V_Compute: 28.215 V
[LIFT] V_Motors: 27.581 V
[LIFT] V_Compute: 28.208 V
[LIFT] V_Motors: 27.664 V
[LIFT] V_Compute: 28.210 V
[LIFT] V_Motors: 27.650 V
[LIFT] V_Compute: 28.200 V
[LIFT] V_Motors: 27.657 V
[LIFT] V_Compute: 28.204 V
[LIFT] V_Motors: 27.610 V
[LIFT] V_Compute: 28.210 V
[LIFT] V_Motors: 27.646 V
[LIFT] V_Compute: 28.196 V
[LIFT] V_Motors: 27.636 V
[LIFT] V_Compute: 28.204 V
[LIFT] V_Motors: 27.645 V
[LIFT] V_Compute: 28.209 V
[LIFT] V_Motors: 27.649 V
[LIFT] V_Compute: 28.216 V
[LIFT] V_Motors: 27.647 V
[LIFT] V_Compute: 28.212 V
[LIFT] V_Motors: 27.654 V
[LIFT] V_Compute: 28.200 V
[LIFT] V_Motors: 4.638 V
[LIFT] V_Compute: 28.216 V
[LIFT] V_Motors: 0.000 V
[LIFT] V_Compute: 28.216 V
[LIFT] V_Motors: 0.000 V
Exception in thread Thread-2 (control_loop):
Traceback (most recent call last):
  File "/home/pi-v3/miniforge3/envs/yor-nero/lib/python3.10/threading.py", line 1016, in _bootstrap_inner
    self.run()
  File "/home/pi-v3/miniforge3/envs/yor-nero/lib/python3.10/threading.py", line 953, in run
    self._target(*self._args, **self._kwargs)
  File "/home/pi-v3/YOR-v3-try/robot/base_motor.py", line 1359, in control_loop
    dm.set_velocity_mps(float(wheel_speeds[i]))
  File "/home/pi-v3/YOR-v3-try/robot/base_motor.py", line 797, in set_velocity_mps
    self.dev.SetVelocity(float(v_mps * self.vel_scale))
RuntimeError: Failed to send CAN frame: Buffer consistently full.
[LIFT] V_Compute: 28.219 V
[LIFT] V_Motors: 0.000 V
[LIFT] V_Compute: 28.215 V
[LIFT] V_Motors: 0.000 V
[LIFT] V_Compute: 28.218 V
[LIFT] V_Motors: 0.000 V
[LIFT] V_Compute: 28.216 V
[LIFT] V_Motors: 0.000 V
[LIFT] V_Compute: 28.220 V
[LIFT] V_Motors: 0.000 V
[LIFT] V_Compute: 28.214 V
[LIFT] V_Motors: 0.000 V
[LIFT] V_Compute: 28.216 V
[LIFT] V_Motors: 0.000 V
[LIFT] V_Compute: 28.211 V
[LIFT] V_Motors: 0.000 V
[LIFT] V_Compute: 28.219 V
[LIFT] V_Motors: 0.000 V
[LIFT] V_Compute: 28.218 V
[LIFT] V_Motors: 0.000 V
[LIFT] V_Compute: 28.216 V
[LIFT] V_Motors: 0.000 V
[LIFT] V_Compute: 28.205 V
[LIFT] V_Motors: 0.000 V
[LIFT] V_Compute: 28.202 V
[LIFT] V_Motors: 0.000 V
[LIFT] V_Compute: 28.211 V
[LIFT] V_Motors: 0.010 V
[LIFT] V_Compute: 28.206 V
[LIFT] V_Motors: 0.026 V
[LIFT] V_Compute: 28.216 V
[LIFT] V_Motors: 0.036 V
[LIFT] V_Compute: 28.206 V
[LIFT] V_Motors: 0.052 V
[LIFT] V_Compute: 28.210 V
[LIFT] V_Motors: 0.081 V
[LIFT] V_Compute: 28.216 V
[LIFT] V_Motors: 0.099 V
[LIFT] V_Compute: 28.209 V
[LIFT] V_Motors: 27.714 V
[LIFT] V_Compute: 28.215 V
[LIFT] V_Motors: 27.715 V
[LIFT] V_Compute: 28.216 V
[LIFT] V_Motors: 27.714 V
[LIFT] V_Compute: 28.215 V
[LIFT] V_Motors: 27.715 V
[LIFT] V_Compute: 28.218 V
[LIFT] V_Motors: 27.715 V
[LIFT] V_Compute: 28.214 V
[LIFT] V_Motors: 27.718 V
[LIFT] V_Compute: 28.219 V
[LIFT] V_Motors: 27.716 V
[LIFT] V_Compute: 28.218 V
[LIFT] V_Motors: 27.716 V
[LIFT] V_Compute: 28.210 V
[LIFT] V_Motors: 27.709 V
[LIFT] V_Compute: 28.214 V
[LIFT] V_Motors: 27.718 V
[LIFT] V_Compute: 28.219 V
[LIFT] V_Motors: 27.716 V
[LIFT] V_Compute: 28.218 V
[LIFT] V_Motors: 27.711 V
[LIFT] V_Compute: 28.214 V
[LIFT] V_Motors: 27.710 V
[LIFT] V_Compute: 28.220 V
[LIFT] V_Motors: 27.712 V
[LIFT] V_Compute: 28.212 V
[LIFT] V_Motors: 27.715 V
[LIFT] V_Compute: 28.214 V
[LIFT] V_Motors: 27.712 V
[LIFT] V_Compute: 28.211 V
[LIFT] V_Motors: 27.712 V
[LIFT] V_Compute: 28.214 V
[LIFT] V_Motors: 27.711 V
[LIFT] V_Compute: 28.215 V
[LIFT] V_Motors: 27.708 V
[LIFT] V_Compute: 28.216 V
[LIFT] V_Motors: 27.711 V
[LIFT] V_Compute: 28.216 V
[LIFT] V_Motors: 27.710 V
[LIFT] V_Compute: 28.209 V
[LIFT] V_Motors: 27.712 V
[LIFT] V_Compute: 28.218 V
[LIFT] V_Motors: 27.711 V
[LIFT] V_Compute: 28.215 V
[LIFT] V_Motors: 27.711 V
[LIFT] V_Compute: 28.196 V
[LIFT] V_Motors: 27.695 V
[LIFT] V_Compute: 28.216 V
[LIFT] V_Motors: 27.710 V
[LIFT] V_Compute: 28.215 V
[LIFT] V_Motors: 27.712 V
[LIFT] V_Compute: 28.216 V
[LIFT] V_Motors: 27.714 V
[LIFT] V_Compute: 28.191 V
[LIFT] V_Motors: 27.699 V
[LIFT] V_Compute: 28.216 V
[LIFT] V_Motors: 27.718 V
[LIFT] V_Compute: 28.215 V
[LIFT] V_Motors: 27.714 V
[LIFT] V_Compute: 28.216 V
[LIFT] V_Motors: 27.715 V
[LIFT] V_Compute: 28.211 V
[LIFT] V_Motors: 27.710 V
[LIFT] V_Compute: 28.216 V
[LIFT] V_Motors: 27.706 V
[LIFT] V_Compute: 28.214 V
[LIFT] V_Motors: 27.710 V
[LIFT] V_Compute: 28.219 V
[LIFT] V_Motors: 27.711 V
[LIFT] V_Compute: 28.215 V
[LIFT] V_Motors: 27.711 V
[LIFT] V_Compute: 28.216 V
[LIFT] V_Motors: 27.714 V
[LIFT] V_Compute: 28.208 V
[LIFT] V_Motors: 27.712 V
[LIFT] V_Compute: 28.202 V
[LIFT] V_Motors: 27.712 V
[LIFT] V_Compute: 28.208 V
[LIFT] V_Motors: 27.710 V
[LIFT] V_Compute: 28.206 V
[LIFT] V_Motors: 27.710 V
[LIFT] V_Compute: 28.206 V
[LIFT] V_Motors: 27.701 V
[LIFT] V_Compute: 28.201 V
[LIFT] V_Motors: 27.702 V
[LIFT] V_Compute: 28.191 V
[LIFT] V_Motors: 27.695 V
[LIFT] V_Compute: 28.201 V
[LIFT] V_Motors: 27.704 V
[LIFT] V_Compute: 28.205 V
[LIFT] V_Motors: 27.705 V
[LIFT] V_Compute: 28.205 V
[LIFT] V_Motors: 27.709 V
[LIFT] V_Compute: 28.208 V
[LIFT] V_Motors: 27.708 V
[LIFT] V_Compute: 28.191 V
[LIFT] V_Motors: 27.696 V
[LIFT] V_Compute: 28.200 V
[LIFT] V_Motors: 27.704 V
[LIFT] V_Compute: 28.206 V
[LIFT] V_Motors: 27.705 V
[LIFT] V_Compute: 28.204 V
[LIFT] V_Motors: 27.709 V
[LIFT] V_Compute: 28.210 V
[LIFT] V_Motors: 27.714 V
[LIFT] V_Compute: 28.202 V
[LIFT] V_Motors: 27.708 V
[LIFT] V_Compute: 28.206 V
[LIFT] V_Motors: 27.705 V
[LIFT] V_Compute: 28.202 V
[LIFT] V_Motors: 27.701 V
[LIFT] V_Compute: 28.205 V
[LIFT] V_Motors: 27.697 V
[LIFT] V_Compute: 28.202 V
[LIFT] V_Motors: 27.705 V
[LIFT] V_Compute: 28.215 V
[LIFT] V_Motors: 27.709 V
[LIFT] V_Compute: 28.205 V
[LIFT] V_Motors: 27.708 V
[LIFT] V_Compute: 28.204 V
[LIFT] V_Motors: 27.709 V
[LIFT] V_Compute: 28.180 V
[LIFT] V_Motors: 27.690 V
[LIFT] V_Compute: 28.189 V
[LIFT] V_Motors: 27.686 V
[LIFT] V_Compute: 28.180 V
[LIFT] V_Motors: 27.687 V
[LIFT] V_Compute: 28.183 V
[LIFT] V_Motors: 27.692 V
[LIFT] V_Compute: 28.190 V
[LIFT] V_Motors: 27.695 V
[LIFT] V_Compute: 28.200 V
[LIFT] V_Motors: 27.712 V
[LIFT] V_Compute: 28.212 V
[LIFT] V_Motors: 27.706 V
[LIFT] V_Compute: 28.205 V
[LIFT] V_Motors: 27.706 V
[LIFT] V_Compute: 28.200 V
[LIFT] V_Motors: 27.705 V
[LIFT] V_Compute: 28.197 V
[LIFT] V_Motors: 27.702 V
[LIFT] V_Compute: 28.206 V
[LIFT] V_Motors: 27.705 V
[LIFT] V_Compute: 28.205 V
[LIFT] V_Motors: 27.699 V
[LIFT] V_Compute: 28.211 V
[LIFT] V_Motors: 27.708 V
[LIFT] V_Compute: 28.206 V
[LIFT] V_Motors: 27.709 V
[LIFT] V_Compute: 28.212 V
[LIFT] V_Motors: 27.708 V
[LIFT] V_Compute: 28.206 V
[LIFT] V_Motors: 27.705 V
[LIFT] V_Compute: 28.206 V
[LIFT] V_Motors: 27.705 V
[LIFT] V_Compute: 28.199 V
[LIFT] V_Motors: 27.699 V
[LIFT] V_Compute: 28.200 V
[LIFT] V_Motors: 27.704 V
[LIFT] V_Compute: 28.205 V
[LIFT] V_Motors: 27.710 V
[LIFT] V_Compute: 28.211 V
[LIFT] V_Motors: 27.705 V
[LIFT] V_Compute: 28.199 V
[LIFT] V_Motors: 27.700 V
[LIFT] V_Compute: 28.201 V
[LIFT] V_Motors: 27.700 V
[LIFT] V_Compute: 28.206 V
[LIFT] V_Motors: 27.708 V
[LIFT] V_Compute: 28.208 V
[LIFT] V_Motors: 27.708 V
[LIFT] V_Compute: 28.200 V
[LIFT] V_Motors: 27.705 V
[LIFT] V_Compute: 28.208 V
[LIFT] V_Motors: 27.704 V
[LIFT] V_Compute: 28.208 V
[LIFT] V_Motors: 27.708 V
[LIFT] V_Compute: 28.200 V
[LIFT] V_Motors: 27.702 V
[LIFT] V_Compute: 28.215 V
[LIFT] V_Motors: 27.706 V
[LIFT] V_Compute: 28.194 V
[LIFT] V_Motors: 27.696 V
[LIFT] V_Compute: 28.194 V
[LIFT] V_Motors: 27.694 V
[LIFT] V_Compute: 28.190 V
[LIFT] V_Motors: 27.686 V
[LIFT] V_Compute: 28.208 V
[LIFT] V_Motors: 27.710 V
[LIFT] V_Compute: 28.195 V
[LIFT] V_Motors: 27.696 V
[LIFT] V_Compute: 28.206 V
[LIFT] V_Motors: 27.711 V
[LIFT] V_Compute: 28.208 V
[LIFT] V_Motors: 27.701 V
[LIFT] V_Compute: 28.204 V
[LIFT] V_Motors: 27.701 V
[LIFT] V_Compute: 28.212 V
[LIFT] V_Motors: 27.701 V
[LIFT] V_Compute: 28.200 V
[LIFT] V_Motors: 27.706 V
[YOR] follow_path: cleared
[LIFT] V_Compute: 28.201 V
[LIFT] V_Motors: 27.702 V
[LIFT] V_Compute: 28.196 V
[LIFT] V_Motors: 27.696 V
[LIFT] V_Compute: 28.209 V
[LIFT] V_Motors: 27.706 V
[LIFT] V_Compute: 28.209 V
[LIFT] V_Motors: 27.708 V
[LIFT] V_Compute: 28.205 V
[LIFT] V_Motors: 27.710 V
[LIFT] V_Compute: 28.201 V
[LIFT] V_Motors: 27.702 V
[LIFT] V_Compute: 28.215 V
[LIFT] V_Motors: 27.706 V
[LIFT] V_Compute: 28.204 V
[LIFT] V_Motors: 27.706 V
[LIFT] V_Compute: 28.206 V
[LIFT] V_Motors: 27.701 V
[LIFT] V_Compute: 28.209 V
[LIFT] V_Motors: 27.710 V
[LIFT] V_Compute: 28.208 V
[LIFT] V_Motors: 27.705 V
[LIFT] V_Compute: 28.201 V
[LIFT] V_Motors: 27.699 V
[LIFT] V_Compute: 28.181 V
[LIFT] V_Motors: 27.687 V
[LIFT] V_Compute: 28.185 V
[LIFT] V_Motors: 27.695 V
[LIFT] V_Compute: 28.186 V
[LIFT] V_Motors: 27.691 V
[LIFT] V_Compute: 28.200 V
[LIFT] V_Motors: 27.705 V
[LIFT] V_Compute: 28.201 V
[LIFT] V_Motors: 27.705 V
[LIFT] V_Compute: 28.202 V
[LIFT] V_Motors: 27.708 V
[LIFT] V_Compute: 28.202 V
[LIFT] V_Motors: 27.700 V
[LIFT] V_Compute: 28.206 V
[LIFT] V_Motors: 27.709 V
[LIFT] V_Compute: 28.206 V
[LIFT] V_Motors: 27.705 V
[LIFT] V_Compute: 28.211 V
[LIFT] V_Motors: 27.708 V
[LIFT] V_Compute: 28.201 V
[LIFT] V_Motors: 27.700 V
[LIFT] V_Compute: 28.204 V
[LIFT] V_Motors: 27.712 V
[LIFT] V_Compute: 28.206 V
[LIFT] V_Motors: 27.708 V
[LIFT] V_Compute: 28.204 V
[LIFT] V_Motors: 27.712 V
[LIFT] V_Compute: 28.199 V
[LIFT] V_Motors: 27.701 V
[LIFT] V_Compute: 28.199 V
[LIFT] V_Motors: 27.708 V
[LIFT] V_Compute: 28.194 V
[LIFT] V_Motors: 27.702 V
[LIFT] V_Compute: 28.210 V
[LIFT] V_Motors: 27.704 V
[LIFT] V_Compute: 28.199 V
[LIFT] V_Motors: 27.692 V
[LIFT] V_Compute: 28.184 V
[LIFT] V_Motors: 27.692 V
[LIFT] V_Compute: 28.206 V
[LIFT] V_Motors: 27.708 V
[LIFT] V_Compute: 28.210 V
[LIFT] V_Motors: 27.705 V
[LIFT] V_Compute: 28.210 V
[LIFT] V_Motors: 27.711 V
[LIFT] V_Compute: 28.201 V
[LIFT] V_Motors: 27.706 V
[LIFT] V_Compute: 28.205 V
[LIFT] V_Motors: 27.704 V
[LIFT] V_Compute: 28.205 V
[LIFT] V_Motors: 27.705 V
[LIFT] V_Compute: 28.187 V
[LIFT] V_Motors: 27.690 V
[LIFT] V_Compute: 28.201 V
[LIFT] V_Motors: 27.706 V
[LIFT] V_Compute: 28.200 V
[LIFT] V_Motors: 27.695 V
[LIFT] V_Compute: 28.201 V
[LIFT] V_Motors: 27.702 V
[LIFT] V_Compute: 28.197 V
[LIFT] V_Motors: 27.697 V
[LIFT] V_Compute: 28.201 V
[LIFT] V_Motors: 27.700 V
[LIFT] V_Compute: 28.177 V
[LIFT] V_Motors: 27.685 V
[LIFT] V_Compute: 28.200 V
[LIFT] V_Motors: 27.701 V
[LIFT] V_Compute: 28.209 V
[LIFT] V_Motors: 27.697 V
[LIFT] V_Compute: 28.208 V
[LIFT] V_Motors: 27.702 V
[LIFT] V_Compute: 28.206 V
[LIFT] V_Motors: 27.704 V
[LIFT] V_Compute: 28.205 V
[LIFT] V_Motors: 27.700 V
[LIFT] V_Compute: 28.210 V
[LIFT] V_Motors: 27.702 V
[LIFT] V_Compute: 28.202 V
[LIFT] V_Motors: 27.702 V
[LIFT] V_Compute: 28.202 V
[LIFT] V_Motors: 27.704 V
[LIFT] V_Compute: 28.201 V
[LIFT] V_Motors: 27.699 V
[LIFT] V_Compute: 28.195 V
[LIFT] V_Motors: 27.699 V
[LIFT] V_Compute: 28.210 V
[LIFT] V_Motors: 27.701 V
[LIFT] V_Compute: 28.214 V
[LIFT] V_Motors: 27.705 V
[LIFT] V_Compute: 28.218 V
[LIFT] V_Motors: 27.705 V
[LIFT] V_Compute: 28.210 V
[LIFT] V_Motors: 27.705 V
[LIFT] V_Compute: 28.205 V
[LIFT] V_Motors: 27.702 V
[LIFT] V_Compute: 28.200 V
[LIFT] V_Motors: 27.706 V
[LIFT] V_Compute: 28.209 V
[LIFT] V_Motors: 27.702 V
[LIFT] V_Compute: 28.208 V
[LIFT] V_Motors: 27.704 V
[LIFT] V_Compute: 28.199 V
[LIFT] V_Motors: 27.694 V
[LIFT] V_Compute: 28.209 V
[LIFT] V_Motors: 27.710 V
[LIFT] V_Compute: 28.204 V
[LIFT] V_Motors: 27.705 V
[LIFT] V_Compute: 28.214 V
[LIFT] V_Motors: 27.704 V
[LIFT] V_Compute: 28.210 V
[LIFT] V_Motors: 27.701 V
[LIFT] V_Compute: 28.197 V
[LIFT] V_Motors: 27.702 V
[LIFT] V_Compute: 28.202 V
[LIFT] V_Motors: 27.700 V
[LIFT] V_Compute: 28.190 V
[LIFT] V_Motors: 27.695 V
[LIFT] V_Compute: 28.195 V
[LIFT] V_Motors: 27.695 V
[LIFT] V_Compute: 28.197 V
[LIFT] V_Motors: 27.700 V
[LIFT] V_Compute: 28.196 V
[LIFT] V_Motors: 27.697 V
[LIFT] V_Compute: 28.191 V
[LIFT] V_Motors: 27.694 V
[LIFT] V_Compute: 28.187 V
[LIFT] V_Motors: 27.701 V

RPC Server stopping...
[YOR] base PID: restoring stock swerve gains
[YOR] base PID: /home/pi-v3/YOR-v3-try/config/base_pid_stock.json, PID slot 0
[YOR] base PID:   already-set FL drive (CAN 1): p=0.20000000298023224, i=0.0, d=0.10000000149011612, velocity_ff=0.0, output_min=-1.0, output_max=1.0
[YOR] base PID:   already-set RL drive (CAN 2): p=0.20000000298023224, i=0.0, d=0.10000000149011612, velocity_ff=0.0, output_min=-1.0, output_max=1.0
[YOR] base PID:   already-set RR drive (CAN 3): p=0.20000000298023224, i=0.0, d=0.10000000149011612, velocity_ff=0.0, output_min=-1.0, output_max=1.0
[YOR] base PID:   already-set FR drive (CAN 4): p=0.20000000298023224, i=0.0, d=0.10000000149011612, velocity_ff=0.0, output_min=-1.0, output_max=1.0
[YOR] base PID:   already-set FL steering (CAN 5): p=2.0, i=0.0, d=0.009999999776482582, velocity_ff=0.0, output_min=-1.0, output_max=1.0
[YOR] base PID:   already-set RL steering (CAN 6): p=2.0, i=0.0, d=0.009999999776482582, velocity_ff=0.0, output_min=-1.0, output_max=1.0
[YOR] base PID:   already-set RR steering (CAN 7): p=2.0, i=0.0, d=0.009999999776482582, velocity_ff=0.0, output_min=-1.0, output_max=1.0
[YOR] base PID:   already-set FR steering (CAN 8): p=2.0, i=0.0, d=0.009999999776482582, velocity_ff=0.0, output_min=-1.0, output_max=1.0
[YOR] base PID: 8 controller(s) already commissioned, 0 written, 0 problem(s)
[YOR] base PID: 0.1s
