[console-log] mirroring output to /home/pi-v3/YOR-v3-try/artifacts/wholebody_logs/yor_20260825_191638.log
[yor] experiment gates: all off (pre-gate behaviour)
[yor] posture-fix: stiffen_joint7=True (scale=3x), refresh_target=True, redundancy_resolution=dls_projector (dls_damping=0.05)
[yor] null-space: swivel_weight=1 (gain=1, target=latched-from-pose), continuity_weight=0, manipulability=False
[YOR] base: drive command scale 1.068 (from base_pid_hybrid.json)
[PicoLift] Opening serial /dev/serial/by-id/usb-FTDI_FT232R_USB_UART_BG02XPI5-if00-port0 @ 115200...
[PicoLift] Serial open OK
[YOR] base PID: syncing swerve gains
[YOR] base PID: /home/pi-v3/YOR-v3-try/config/base_pid_hybrid.json, PID slot 0
[YOR] base PID:   written     FL drive (CAN 1): p=0.3499999940395355, i=0.0, d=0.0, velocity_ff=0.23000000417232513, output_min=-1.0, output_max=1.0
[YOR] base PID:   written     RL drive (CAN 2): p=0.3499999940395355, i=0.0, d=0.0, velocity_ff=0.23000000417232513, output_min=-1.0, output_max=1.0
[YOR] base PID:   written     RR drive (CAN 3): p=0.3499999940395355, i=0.0, d=0.0, velocity_ff=0.23000000417232513, output_min=-1.0, output_max=1.0
[YOR] base PID:   written     FR drive (CAN 4): p=0.3499999940395355, i=0.0, d=0.0, velocity_ff=0.23000000417232513, output_min=-1.0, output_max=1.0
[YOR] base PID:   already-set FL steering (CAN 5): p=2.0, i=0.0, d=0.009999999776482582, velocity_ff=0.0, output_min=-1.0, output_max=1.0
[YOR] base PID:   already-set RL steering (CAN 6): p=2.0, i=0.0, d=0.009999999776482582, velocity_ff=0.0, output_min=-1.0, output_max=1.0
[YOR] base PID:   already-set RR steering (CAN 7): p=2.0, i=0.0, d=0.009999999776482582, velocity_ff=0.0, output_min=-1.0, output_max=1.0
[YOR] base PID:   already-set FR steering (CAN 8): p=2.0, i=0.0, d=0.009999999776482582, velocity_ff=0.0, output_min=-1.0, output_max=1.0
[YOR] base PID: 4 controller(s) already commissioned, 4 written, 0 problem(s)
[YOR] base PID: 0.2s
[YOR] base config: idle_mode=0 ctrl_type=MIXED [('FL drive', 1), ('FL steering', 3), ('FR drive', 1), ('FR steering', 3), ('RL drive', 1), ('RL steering', 3), ('RR drive', 1), ('RR steering', 3)]
[YOR] base config: velocity_cf=MIXED [('FL drive', 0.000846326001919806), ('FL steering', 1.0), ('FR drive', 0.000846326001919806), ('FR steering', 1.0), ('RL drive', 0.000846326001919806), ('RL steering', 1.0), ('RR drive', 0.000846326001919806), ('RR steering', 1.0)] position_cf=1.0 (drive_command_scale=1.068)
[YOR] base: locked at zero velocity for startup homing
[YOR] recording swerve telemetry to /home/pi-v3/YOR-v3-try/artifacts/wholebody_logs/swerve/swerve_20260825_191638.csv
[YOR] lift: waiting for controller to be ready...
[LIFT] Lift controller ready.
[PicoLift] controller reset — height invalidated, needs home
[LIFT] Capabilities: lift_velocity_v1
[PicoLift] firmware capabilities: lift_velocity_v1
[LIFT] Python commands: up, down, stop, home, vel <signed mm/s>
[LIFT] Optional commands: up 200, down 200, status, power on, power off
[LIFT] Height: unknown (run home)
[LIFT] V_Compute: 28.138 V
[LIFT] V_Motors: 27.417 V
[YOR] lift: homing at startup; waiting up to 30s
[PicoLift] sent 'home'
[PicoLift] sent 'status'
[PicoLift] sent 'status'
[LIFT] Homing UP...
[LIFT] V_Compute: 28.136 V
[LIFT] V_Motors: 27.384 V
[LIFT] Height: unknown (run home)
[LIFT] Upper limit: clear
[LIFT] Lower limit: clear
[LIFT] Motion: UP
[LIFT] Velocity: 0.00 mm/s
[LIFT] Capabilities: lift_velocity_v1
[PicoLift] firmware capabilities: lift_velocity_v1
[LIFT] Height: unknown (run home)
[LIFT] Upper limit: clear
[LIFT] Lower limit: clear
[LIFT] Motion: UP
[LIFT] Velocity: 0.00 mm/s
[LIFT] Capabilities: lift_velocity_v1
[PicoLift] firmware capabilities: lift_velocity_v1
[LIFT] Height: unknown (run home)
[LIFT] Height: unknown (run home)
[LIFT] Height: unknown (run home)
[LIFT] Height: unknown (run home)
[LIFT] Height: unknown (run home)
[LIFT] Height: unknown (run home)
[LIFT] Height: unknown (run home)
[LIFT] Height: unknown (run home)
[LIFT] Height: unknown (run home)
[LIFT] Height: unknown (run home)
[LIFT] Height: unknown (run home)
[LIFT] Height: unknown (run home)
[LIFT] Height: unknown (run home)
[LIFT] Height: unknown (run home)
[LIFT] Height: unknown (run home)
[LIFT] Height: unknown (run home)
[LIFT] Height: unknown (run home)
[LIFT] Height: unknown (run home)
[PicoLift] sent 'status'
[LIFT] Upper limit: clear
[LIFT] Lower limit: clear
[LIFT] Motion: UP
[LIFT] Velocity: 0.00 mm/s
[LIFT] Capabilities: lift_velocity_v1
[PicoLift] firmware capabilities: lift_velocity_v1
[LIFT] Height: unknown (run home)
[LIFT] V_Compute: 28.129 V
[LIFT] V_Motors: 27.386 V
[LIFT] Height: unknown (run home)
[LIFT] Height: unknown (run home)
[LIFT] Height: unknown (run home)
[LIFT] Height: unknown (run home)
[LIFT] Height: unknown (run home)
[LIFT] Height: unknown (run home)
[LIFT] Height: unknown (run home)
[LIFT] Height: unknown (run home)
[LIFT] Height: unknown (run home)
[LIFT] Height: unknown (run home)
[LIFT] Height: unknown (run home)
[LIFT] Height: unknown (run home)
[LIFT] Height: unknown (run home)
[LIFT] Height: unknown (run home)
[LIFT] Height: unknown (run home)
[LIFT] Height: unknown (run home)
[LIFT] Height: unknown (run home)
[LIFT] Height: unknown (run home)
[PicoLift] sent 'status'
[LIFT] Upper limit: clear
[LIFT] Lower limit: clear
[LIFT] Motion: UP
[LIFT] Velocity: 0.00 mm/s
[LIFT] Capabilities: lift_velocity_v1
[PicoLift] firmware capabilities: lift_velocity_v1
[LIFT] Height: unknown (run home)
[LIFT] V_Compute: 28.132 V
[LIFT] V_Motors: 27.394 V
[LIFT] Height: unknown (run home)
[LIFT] Height: unknown (run home)
[LIFT] Height: unknown (run home)
[LIFT] Height: unknown (run home)
[LIFT] Height: unknown (run home)
[LIFT] Height: unknown (run home)
[LIFT] Height: unknown (run home)
[LIFT] Height: unknown (run home)
[LIFT] Height: unknown (run home)
[LIFT] Height: unknown (run home)
[LIFT] Height: unknown (run home)
[LIFT] Height: unknown (run home)
[LIFT] Height: unknown (run home)
[LIFT] Height: unknown (run home)
[LIFT] Height: unknown (run home)
[LIFT] Height: unknown (run home)
[LIFT] Height: unknown (run home)
[LIFT] Height: unknown (run home)
[PicoLift] sent 'status'
[LIFT] Upper limit: clear
[LIFT] Lower limit: clear
[LIFT] Motion: UP
[LIFT] Velocity: 0.00 mm/s
[LIFT] Capabilities: lift_velocity_v1
[PicoLift] firmware capabilities: lift_velocity_v1
[LIFT] Height: unknown (run home)
[LIFT] V_Compute: 28.135 V
[LIFT] V_Motors: 27.372 V
[LIFT] Height: unknown (run home)
[LIFT] Height: unknown (run home)
[LIFT] Height: unknown (run home)
[LIFT] Height: unknown (run home)
[LIFT] Height: unknown (run home)
[LIFT] Height: unknown (run home)
[LIFT] Height: unknown (run home)
[LIFT] Height: unknown (run home)
[LIFT] Height: unknown (run home)
[LIFT] Height: unknown (run home)
[LIFT] Height: unknown (run home)
[LIFT] Height: unknown (run home)
[LIFT] Height: unknown (run home)
[LIFT] Height: unknown (run home)
[LIFT] Height: unknown (run home)
[LIFT] Height: unknown (run home)
[LIFT] Height: unknown (run home)
[LIFT] Height: unknown (run home)
[PicoLift] sent 'status'
[LIFT] Upper limit: clear
[LIFT] Lower limit: clear
[LIFT] Motion: UP
[LIFT] Velocity: 0.00 mm/s
[LIFT] Capabilities: lift_velocity_v1
[PicoLift] firmware capabilities: lift_velocity_v1
[LIFT] Height: unknown (run home)
[LIFT] V_Compute: 28.147 V
[LIFT] V_Motors: 27.388 V
[LIFT] Height: unknown (run home)
[LIFT] Height: unknown (run home)
[LIFT] Height: unknown (run home)
[LIFT] Height: unknown (run home)
[LIFT] Height: unknown (run home)
[LIFT] Height: unknown (run home)
[LIFT] Height: unknown (run home)
[LIFT] Height: unknown (run home)
[LIFT] Height: unknown (run home)
[LIFT] Height: unknown (run home)
[LIFT] Height: unknown (run home)
[LIFT] Height: unknown (run home)
[LIFT] Height: unknown (run home)
[LIFT] Height: unknown (run home)
[LIFT] Height: unknown (run home)
[LIFT] Height: unknown (run home)
[LIFT] Height: unknown (run home)
[LIFT] Height: unknown (run home)
[PicoLift] sent 'status'
[LIFT] Upper limit: clear
[LIFT] Lower limit: clear
[LIFT] Motion: UP
[LIFT] Velocity: 0.00 mm/s
[LIFT] Capabilities: lift_velocity_v1
[PicoLift] firmware capabilities: lift_velocity_v1
[LIFT] Height: unknown (run home)
[LIFT] V_Compute: 28.131 V
[LIFT] V_Motors: 27.371 V
[LIFT] Height: unknown (run home)
[LIFT] Height: unknown (run home)
[LIFT] Height: unknown (run home)
[LIFT] Height: unknown (run home)
[LIFT] Height: unknown (run home)
[LIFT] Height: unknown (run home)
[LIFT] Height: unknown (run home)
[LIFT] Height: unknown (run home)
[LIFT] Height: unknown (run home)
[LIFT] Height: unknown (run home)
[LIFT] Height: unknown (run home)
[LIFT] Height: unknown (run home)
[LIFT] Height: unknown (run home)
[LIFT] Height: unknown (run home)
[LIFT] Height: unknown (run home)
[LIFT] Height: unknown (run home)
[LIFT] Height: unknown (run home)
[LIFT] Height: unknown (run home)
[PicoLift] sent 'status'
[LIFT] Upper limit: clear
[LIFT] Lower limit: clear
[LIFT] Motion: UP
[LIFT] Velocity: 0.00 mm/s
[LIFT] Capabilities: lift_velocity_v1
[PicoLift] firmware capabilities: lift_velocity_v1
[LIFT] Height: unknown (run home)
[LIFT] V_Compute: 28.132 V
[LIFT] V_Motors: 27.380 V
[LIFT] Height: unknown (run home)
[LIFT] Height: unknown (run home)
[LIFT] Height: unknown (run home)
[LIFT] Height: unknown (run home)
[LIFT] Height: unknown (run home)
[LIFT] Height: unknown (run home)
[LIFT] Height: unknown (run home)
[LIFT] Height: unknown (run home)
[LIFT] Height: unknown (run home)
[LIFT] Height: unknown (run home)
[LIFT] Height: unknown (run home)
[LIFT] Height: unknown (run home)
[LIFT] Height: unknown (run home)
[LIFT] Height: unknown (run home)
[LIFT] Height: unknown (run home)
[LIFT] Height: unknown (run home)
[LIFT] Height: unknown (run home)
[LIFT] Height: unknown (run home)
[PicoLift] sent 'status'
[LIFT] Upper limit: clear
[LIFT] Lower limit: clear
[LIFT] Motion: UP
[LIFT] Velocity: 0.00 mm/s
[LIFT] Capabilities: lift_velocity_v1
[PicoLift] firmware capabilities: lift_velocity_v1
[LIFT] Height: unknown (run home)
[LIFT] V_Compute: 28.140 V
[LIFT] V_Motors: 27.374 V
[LIFT] Height: unknown (run home)
[LIFT] Height: unknown (run home)
[LIFT] Height: unknown (run home)
[LIFT] Height: unknown (run home)
[LIFT] Height: unknown (run home)
[LIFT] Height: unknown (run home)
[LIFT] Height: unknown (run home)
[LIFT] Height: unknown (run home)
[LIFT] Height: unknown (run home)
[LIFT] Height: unknown (run home)
[LIFT] Height: unknown (run home)
[LIFT] Height: unknown (run home)
[LIFT] Height: unknown (run home)
[LIFT] Height: unknown (run home)
[LIFT] Height: unknown (run home)
[LIFT] Height: unknown (run home)
[LIFT] Height: unknown (run home)
[LIFT] Height: unknown (run home)
[PicoLift] sent 'status'
[LIFT] Upper limit: clear
[LIFT] Lower limit: clear
[LIFT] Motion: UP
[LIFT] Velocity: 0.00 mm/s
[LIFT] Capabilities: lift_velocity_v1
[PicoLift] firmware capabilities: lift_velocity_v1
[LIFT] Height: unknown (run home)
[LIFT] V_Compute: 28.135 V
[LIFT] V_Motors: 27.386 V
[LIFT] Height: unknown (run home)
[LIFT] Height: unknown (run home)
[LIFT] Height: unknown (run home)
[LIFT] Height: unknown (run home)
[LIFT] Height: unknown (run home)
[LIFT] Height: unknown (run home)
[LIFT] Height: unknown (run home)
[LIFT] Height: unknown (run home)
[LIFT] Height: unknown (run home)
[LIFT] Height: unknown (run home)
[LIFT] Height: unknown (run home)
[LIFT] Height: unknown (run home)
[LIFT] Height: unknown (run home)
[LIFT] Height: unknown (run home)
[LIFT] Height: unknown (run home)
[LIFT] Height: unknown (run home)
[LIFT] Height: unknown (run home)
[LIFT] Height: unknown (run home)
[PicoLift] sent 'status'
[LIFT] Upper limit: clear
[LIFT] Lower limit: clear
[LIFT] Motion: UP
[LIFT] Velocity: 0.00 mm/s
[LIFT] Capabilities: lift_velocity_v1
[PicoLift] firmware capabilities: lift_velocity_v1
[LIFT] Height: unknown (run home)
[LIFT] V_Compute: 28.121 V
[LIFT] V_Motors: 27.385 V
[LIFT] Height: unknown (run home)
[LIFT] Height: unknown (run home)
[LIFT] Height: unknown (run home)
[LIFT] Height: unknown (run home)
[LIFT] Height: unknown (run home)
[LIFT] Height: unknown (run home)
[LIFT] Height: unknown (run home)
[LIFT] Height: unknown (run home)
[LIFT] Height: unknown (run home)
[LIFT] Height: unknown (run home)
[LIFT] Height: unknown (run home)
[LIFT] Height: unknown (run home)
[LIFT] Height: unknown (run home)
[LIFT] Height: unknown (run home)
[LIFT] Height: unknown (run home)
[LIFT] Height: unknown (run home)
[LIFT] Height: unknown (run home)
[LIFT] Height: unknown (run home)
[PicoLift] sent 'status'
[LIFT] Upper limit: clear
[LIFT] Lower limit: clear
[LIFT] Motion: UP
[LIFT] Velocity: 0.00 mm/s
[LIFT] Capabilities: lift_velocity_v1
[PicoLift] firmware capabilities: lift_velocity_v1
[LIFT] Height: unknown (run home)
[LIFT] V_Compute: 28.131 V
[LIFT] V_Motors: 27.385 V
[LIFT] Height: unknown (run home)
[LIFT] Height: unknown (run home)
[LIFT] Height: unknown (run home)
[LIFT] Height: unknown (run home)
[LIFT] Height: unknown (run home)
[LIFT] Height: unknown (run home)
[LIFT] Height: unknown (run home)
[LIFT] Height: unknown (run home)
[LIFT] Height: unknown (run home)
[LIFT] Height: unknown (run home)
[LIFT] Height: unknown (run home)
[LIFT] Height: unknown (run home)
[LIFT] Height: unknown (run home)
[LIFT] Height: unknown (run home)
[LIFT] Height: unknown (run home)
[LIFT] Height: unknown (run home)
[LIFT] Height: unknown (run home)
[LIFT] Height: unknown (run home)
[PicoLift] sent 'status'
[LIFT] Upper limit: clear
[LIFT] Lower limit: clear
[LIFT] Motion: UP
[LIFT] Velocity: 0.00 mm/s
[LIFT] Capabilities: lift_velocity_v1
[PicoLift] firmware capabilities: lift_velocity_v1
[LIFT] Height: unknown (run home)
[LIFT] V_Compute: 28.128 V
[LIFT] V_Motors: 27.382 V
[LIFT] Height: unknown (run home)
[LIFT] Height: unknown (run home)
[LIFT] Height: unknown (run home)
[LIFT] Height: unknown (run home)
[LIFT] Height: unknown (run home)
[LIFT] Height: unknown (run home)
[LIFT] Height: unknown (run home)
[LIFT] Height: unknown (run home)
[LIFT] Height: unknown (run home)
[LIFT] Height: unknown (run home)
[LIFT] Height: unknown (run home)
[LIFT] Height: unknown (run home)
[LIFT] Height: unknown (run home)
[LIFT] Height: unknown (run home)
[LIFT] Height: unknown (run home)
[LIFT] Height: unknown (run home)
[LIFT] Height: unknown (run home)
[LIFT] Height: unknown (run home)
[PicoLift] sent 'status'
[LIFT] Upper limit: clear
[LIFT] Lower limit: clear
[LIFT] Motion: UP
[LIFT] Velocity: 0.00 mm/s
[LIFT] Capabilities: lift_velocity_v1
[PicoLift] firmware capabilities: lift_velocity_v1
[LIFT] Height: unknown (run home)
[LIFT] V_Compute: 28.142 V
[LIFT] V_Motors: 27.381 V
[LIFT] Height: unknown (run home)
[LIFT] Height: unknown (run home)
[LIFT] Height: unknown (run home)
[LIFT] Height: unknown (run home)
[LIFT] Height: unknown (run home)
[LIFT] Height: unknown (run home)
[LIFT] Height: unknown (run home)
[LIFT] Height: unknown (run home)
[LIFT] Height: unknown (run home)
[LIFT] Height: unknown (run home)
[LIFT] Height: unknown (run home)
[LIFT] Height: unknown (run home)
[LIFT] Height: unknown (run home)
[LIFT] Height: unknown (run home)
[LIFT] Height: unknown (run home)
[LIFT] Height: unknown (run home)
[LIFT] Height: unknown (run home)
[LIFT] Height: unknown (run home)
[PicoLift] sent 'status'
[LIFT] Upper limit: clear
[LIFT] Lower limit: clear
[LIFT] Motion: UP
[LIFT] Velocity: 0.00 mm/s
[LIFT] Capabilities: lift_velocity_v1
[PicoLift] firmware capabilities: lift_velocity_v1
[LIFT] Height: unknown (run home)
[LIFT] V_Compute: 28.122 V
[LIFT] V_Motors: 27.374 V
[LIFT] Height: unknown (run home)
[LIFT] Height: unknown (run home)
[LIFT] Height: unknown (run home)
[LIFT] Height: unknown (run home)
[LIFT] Height: unknown (run home)
[LIFT] Height: unknown (run home)
[LIFT] Height: unknown (run home)
[LIFT] Height: unknown (run home)
[LIFT] Height: unknown (run home)
[LIFT] Height: unknown (run home)
[LIFT] Height: unknown (run home)
[LIFT] Height: unknown (run home)
[LIFT] Height: unknown (run home)
[LIFT] Height: unknown (run home)
[LIFT] Height: unknown (run home)
[LIFT] Height: unknown (run home)
[LIFT] Height: unknown (run home)
[LIFT] Height: unknown (run home)
[PicoLift] sent 'status'
[LIFT] Height: unknown (run home)
[LIFT] Upper limit: clear
[LIFT] Lower limit: clear
[LIFT] Motion: UP
[LIFT] Velocity: 0.00 mm/s
[LIFT] Capabilities: lift_velocity_v1
[PicoLift] firmware capabilities: lift_velocity_v1
[LIFT] Height: unknown (run home)
[LIFT] V_Compute: 28.110 V
[LIFT] V_Motors: 27.374 V
[LIFT] Height: unknown (run home)
[LIFT] Height: unknown (run home)
[LIFT] Height: unknown (run home)
[LIFT] Height: unknown (run home)
[LIFT] Height: unknown (run home)
[LIFT] Height: unknown (run home)
[LIFT] Height: unknown (run home)
[LIFT] Height: unknown (run home)
[LIFT] Height: unknown (run home)
[LIFT] Height: unknown (run home)
[LIFT] Height: unknown (run home)
[LIFT] Height: unknown (run home)
[LIFT] Height: unknown (run home)
[LIFT] Height: unknown (run home)
[LIFT] Height: unknown (run home)
[LIFT] Height: unknown (run home)
[LIFT] Height: unknown (run home)
[PicoLift] sent 'status'
[LIFT] Height: unknown (run home)
[LIFT] Upper limit: clear
[LIFT] Lower limit: clear
[LIFT] Motion: UP
[LIFT] Velocity: 0.00 mm/s
[LIFT] Capabilities: lift_velocity_v1
[PicoLift] firmware capabilities: lift_velocity_v1
[LIFT] Height: unknown (run home)
[LIFT] V_Compute: 28.118 V
[LIFT] V_Motors: 27.365 V
[LIFT] Height: unknown (run home)
[LIFT] Height: unknown (run home)
[LIFT] Height: unknown (run home)
[LIFT] Height: unknown (run home)
[LIFT] Height: unknown (run home)
[LIFT] Height: unknown (run home)
[LIFT] Height: unknown (run home)
[LIFT] Height: unknown (run home)
[LIFT] Height: unknown (run home)
[LIFT] Height: unknown (run home)
[LIFT] Height: unknown (run home)
[LIFT] Height: unknown (run home)
[LIFT] Height: unknown (run home)
[LIFT] Height: unknown (run home)
[LIFT] Height: unknown (run home)
[LIFT] Height: unknown (run home)
[LIFT] Height: unknown (run home)
[PicoLift] sent 'status'
[LIFT] Height: unknown (run home)
[LIFT] Upper limit: clear
[LIFT] Lower limit: clear
[LIFT] Motion: UP
[LIFT] Velocity: 0.00 mm/s
[LIFT] Capabilities: lift_velocity_v1
[PicoLift] firmware capabilities: lift_velocity_v1
[LIFT] Height: unknown (run home)
[LIFT] V_Compute: 28.130 V
[LIFT] V_Motors: 27.371 V
[LIFT] Height: unknown (run home)
[LIFT] Height: unknown (run home)
[LIFT] Height: unknown (run home)
[LIFT] Height: unknown (run home)
[LIFT] Height: unknown (run home)
[LIFT] Height: unknown (run home)
[LIFT] Height: unknown (run home)
[LIFT] Height: unknown (run home)
[LIFT] Height: unknown (run home)
[LIFT] Height: unknown (run home)
[LIFT] Height: unknown (run home)
[LIFT] Height: unknown (run home)
[LIFT] Height: unknown (run home)
[LIFT] Height: unknown (run home)
[LIFT] Height: unknown (run home)
[LIFT] Height: unknown (run home)
[LIFT] Height: unknown (run home)
[PicoLift] sent 'status'
[LIFT] Height: unknown (run home)
[LIFT] Upper limit: clear
[LIFT] Lower limit: clear
[LIFT] Motion: UP
[LIFT] Velocity: 0.00 mm/s
[LIFT] Capabilities: lift_velocity_v1
[PicoLift] firmware capabilities: lift_velocity_v1
[LIFT] Height: unknown (run home)
[LIFT] V_Compute: 28.149 V
[LIFT] V_Motors: 27.380 V
[LIFT] Height: unknown (run home)
[LIFT] Height: unknown (run home)
[LIFT] Height: unknown (run home)
[LIFT] Height: unknown (run home)
[LIFT] Height: unknown (run home)
[LIFT] Height: unknown (run home)
[LIFT] Height: unknown (run home)
[LIFT] Height: unknown (run home)
[LIFT] Height: unknown (run home)
[LIFT] Height: unknown (run home)
[LIFT] Height: unknown (run home)
[LIFT] Height: unknown (run home)
[LIFT] Height: unknown (run home)
[LIFT] Height: unknown (run home)
[LIFT] Height: unknown (run home)
[LIFT] Height: unknown (run home)
[LIFT] Height: unknown (run home)
[PicoLift] sent 'status'
[LIFT] Height: unknown (run home)
[LIFT] Upper limit: clear
[LIFT] Lower limit: clear
[LIFT] Motion: UP
[LIFT] Velocity: 0.00 mm/s
[LIFT] Capabilities: lift_velocity_v1
[PicoLift] firmware capabilities: lift_velocity_v1
[LIFT] Height: unknown (run home)
[LIFT] V_Compute: 28.145 V
[LIFT] V_Motors: 27.366 V
[LIFT] Height: unknown (run home)
[LIFT] Height: unknown (run home)
[LIFT] Height: unknown (run home)
[LIFT] Height: unknown (run home)
[LIFT] Height: unknown (run home)
[LIFT] Height: unknown (run home)
[LIFT] Height: unknown (run home)
[LIFT] Height: unknown (run home)
[LIFT] Height: unknown (run home)
[LIFT] Height: unknown (run home)
[LIFT] Height: unknown (run home)
[LIFT] Height: unknown (run home)
[LIFT] Height: unknown (run home)
[LIFT] Height: unknown (run home)
[LIFT] Height: unknown (run home)
[LIFT] Height: unknown (run home)
[LIFT] Height: unknown (run home)
[PicoLift] sent 'status'
[LIFT] Height: unknown (run home)
[LIFT] Upper limit: clear
[LIFT] Lower limit: clear
[LIFT] Motion: UP
[LIFT] Velocity: 0.00 mm/s
[LIFT] Capabilities: lift_velocity_v1
[PicoLift] firmware capabilities: lift_velocity_v1
[LIFT] Height: unknown (run home)
[LIFT] V_Compute: 28.141 V
[LIFT] V_Motors: 27.382 V
[LIFT] Height: unknown (run home)
[LIFT] Height: unknown (run home)
[LIFT] Height: unknown (run home)
[LIFT] Height: unknown (run home)
[LIFT] Height: unknown (run home)
[LIFT] Height: unknown (run home)
[LIFT] Height: unknown (run home)
[LIFT] Height: unknown (run home)
[LIFT] Height: unknown (run home)
[LIFT] Height: unknown (run home)
[LIFT] Height: unknown (run home)
[LIFT] Height: unknown (run home)
[LIFT] Height: unknown (run home)
[LIFT] Height: unknown (run home)
[LIFT] Height: unknown (run home)
[LIFT] Height: unknown (run home)
[LIFT] Height: unknown (run home)
[PicoLift] sent 'status'
[LIFT] Height: unknown (run home)
[LIFT] Upper limit: clear
[LIFT] Lower limit: clear
[LIFT] Motion: UP
[LIFT] Velocity: 0.00 mm/s
[LIFT] Capabilities: lift_velocity_v1
[PicoLift] firmware capabilities: lift_velocity_v1
[LIFT] Height: unknown (run home)
[LIFT] V_Compute: 28.129 V
[LIFT] V_Motors: 27.378 V
[LIFT] Height: unknown (run home)
[LIFT] Height: unknown (run home)
[LIFT] Height: unknown (run home)
[LIFT] Height: unknown (run home)
[LIFT] Height: unknown (run home)
[LIFT] Height: unknown (run home)
[LIFT] Height: unknown (run home)
[LIFT] Height: unknown (run home)
[LIFT] Height: unknown (run home)
[LIFT] Height: unknown (run home)
[LIFT] Height: unknown (run home)
[LIFT] Height: unknown (run home)
[LIFT] Height: unknown (run home)
[LIFT] Height: unknown (run home)
[LIFT] Height: unknown (run home)
[LIFT] Height: unknown (run home)
[LIFT] Height: unknown (run home)
[PicoLift] sent 'status'
[LIFT] Height: unknown (run home)
[LIFT] Upper limit: clear
[LIFT] Lower limit: clear
[LIFT] Motion: UP
[LIFT] Velocity: 0.00 mm/s
[LIFT] Capabilities: lift_velocity_v1
[PicoLift] firmware capabilities: lift_velocity_v1
[LIFT] Height: unknown (run home)
[LIFT] V_Compute: 28.120 V
[LIFT] V_Motors: 27.381 V
[LIFT] Height: unknown (run home)
[LIFT] Height: unknown (run home)
[LIFT] Height: unknown (run home)
[LIFT] Height: unknown (run home)
[LIFT] Height: unknown (run home)
[LIFT] Height: unknown (run home)
[LIFT] Height: unknown (run home)
[LIFT] Height: unknown (run home)
[LIFT] Height: unknown (run home)
[LIFT] Height: unknown (run home)
[LIFT] Height: unknown (run home)
[LIFT] Height: unknown (run home)
[LIFT] Height: unknown (run home)
[LIFT] Height: unknown (run home)
[LIFT] Height: unknown (run home)
[LIFT] Height: unknown (run home)
[LIFT] Height: unknown (run home)
[LIFT] Height: unknown (run home)
[PicoLift] sent 'status'
[LIFT] Upper limit: clear
[LIFT] Lower limit: clear
[LIFT] Motion: UP
[LIFT] Velocity: 0.00 mm/s
[LIFT] Capabilities: lift_velocity_v1
[PicoLift] firmware capabilities: lift_velocity_v1
[LIFT] Height: unknown (run home)
[LIFT] V_Compute: 28.124 V
[LIFT] V_Motors: 27.381 V
[LIFT] Height: unknown (run home)
[LIFT] Height: unknown (run home)
[LIFT] Height: unknown (run home)
[LIFT] Height: unknown (run home)
[LIFT] Height: unknown (run home)
[LIFT] Height: unknown (run home)
[LIFT] Height: unknown (run home)
[LIFT] Height: unknown (run home)
[LIFT] Height: unknown (run home)
[LIFT] Height: unknown (run home)
[LIFT] Height: unknown (run home)
[LIFT] Height: unknown (run home)
[LIFT] Height: unknown (run home)
[LIFT] Height: unknown (run home)
[LIFT] Height: unknown (run home)
[LIFT] Height: unknown (run home)
[LIFT] Height: unknown (run home)
[PicoLift] sent 'status'
[LIFT] Height: unknown (run home)
[LIFT] Upper limit: clear
[LIFT] Lower limit: clear
[LIFT] Motion: UP
[LIFT] Velocity: 0.00 mm/s
[LIFT] Capabilities: lift_velocity_v1
[PicoLift] firmware capabilities: lift_velocity_v1
[LIFT] Height: unknown (run home)
[LIFT] V_Compute: 28.120 V
[LIFT] V_Motors: 27.371 V
[LIFT] Height: unknown (run home)
[LIFT] Height: unknown (run home)
[LIFT] Height: unknown (run home)
[LIFT] Height: unknown (run home)
[LIFT] Height: unknown (run home)
[LIFT] Height: unknown (run home)
[LIFT] Height: unknown (run home)
[LIFT] Height: unknown (run home)
[LIFT] Height: unknown (run home)
[LIFT] Height: unknown (run home)
[LIFT] Height: unknown (run home)
[LIFT] Height: unknown (run home)
[LIFT] Height: unknown (run home)
[LIFT] Height: unknown (run home)
[LIFT] Height: unknown (run home)
[LIFT] Height: unknown (run home)
[LIFT] Height: unknown (run home)
[LIFT] Height: unknown (run home)
[PicoLift] sent 'status'
[LIFT] Upper limit: clear
[LIFT] Lower limit: clear
[LIFT] Motion: UP
[LIFT] Velocity: 0.00 mm/s
[LIFT] Capabilities: lift_velocity_v1
[PicoLift] firmware capabilities: lift_velocity_v1
[LIFT] Height: unknown (run home)
[LIFT] V_Compute: 28.141 V
[LIFT] V_Motors: 27.368 V
[LIFT] Height: unknown (run home)
[LIFT] Height: unknown (run home)
[LIFT] Height: unknown (run home)
[LIFT] Height: unknown (run home)
[LIFT] Height: unknown (run home)
[LIFT] Height: unknown (run home)
[LIFT] Height: unknown (run home)
[LIFT] Height: unknown (run home)
[LIFT] Height: unknown (run home)
[LIFT] Height: unknown (run home)
[LIFT] Height: unknown (run home)
[LIFT] Height: unknown (run home)
[LIFT] Height: unknown (run home)
[LIFT] Height: unknown (run home)
[LIFT] Height: unknown (run home)
[LIFT] Height: unknown (run home)
[LIFT] Height: unknown (run home)
[LIFT] Height: unknown (run home)
[PicoLift] sent 'status'
[LIFT] Upper limit: clear
[LIFT] Lower limit: clear
[LIFT] Motion: UP
[LIFT] Velocity: 0.00 mm/s
[LIFT] Capabilities: lift_velocity_v1
[PicoLift] firmware capabilities: lift_velocity_v1
[LIFT] Height: unknown (run home)
[LIFT] V_Compute: 28.130 V
[LIFT] V_Motors: 27.381 V
[LIFT] Height: unknown (run home)
[LIFT] Height: unknown (run home)
[LIFT] Height: unknown (run home)
[LIFT] Height: unknown (run home)
[LIFT] Height: unknown (run home)
[LIFT] Height: unknown (run home)
[LIFT] Height: unknown (run home)
[LIFT] Height: unknown (run home)
[LIFT] Height: unknown (run home)
[LIFT] Height: unknown (run home)
[LIFT] Height: unknown (run home)
[LIFT] Home complete.
[PicoLift] sent 'status'
[PicoLift] sent 'status'
[YOR] lift: home complete at 0.9 m
[YOR] lift: moving to 450 mm from zero
[PicoLift] sent 'down 450.00'
[LIFT] Upper limit: ACTIVE
[LIFT] Lower limit: clear
[LIFT] Motion: IDLE
[LIFT] Velocity: 0.00 mm/s
[LIFT] Capabilities: lift_velocity_v1
[PicoLift] firmware capabilities: lift_velocity_v1
[LIFT] Upper limit: ACTIVE
[LIFT] Lower limit: clear
[LIFT] Motion: IDLE
[LIFT] Velocity: 0.00 mm/s
[LIFT] Capabilities: lift_velocity_v1
[PicoLift] firmware capabilities: lift_velocity_v1
[LIFT] V_Compute: 28.141 V
[LIFT] V_Motors: 27.400 V
[LIFT] Moving DOWN 450.00 mm
[LIFT] V_Compute: 28.132 V
[LIFT] V_Motors: 27.359 V
[LIFT] V_Compute: 28.141 V
[LIFT] V_Motors: 27.382 V
[LIFT] V_Compute: 28.145 V
[LIFT] V_Motors: 27.391 V
[LIFT] V_Compute: 28.149 V
[LIFT] V_Motors: 27.394 V
[LIFT] V_Compute: 28.139 V
[LIFT] V_Motors: 27.397 V
[LIFT] V_Compute: 28.128 V
[LIFT] V_Motors: 27.382 V
[LIFT] V_Compute: 28.151 V
[LIFT] V_Motors: 27.397 V
[LIFT] V_Compute: 28.135 V
[LIFT] V_Motors: 27.400 V
[LIFT] V_Compute: 28.126 V
[LIFT] V_Motors: 27.391 V
[LIFT] V_Compute: 28.152 V
[LIFT] V_Motors: 27.404 V
[LIFT] V_Compute: 28.135 V
[LIFT] V_Motors: 27.379 V
[LIFT] V_Compute: 28.146 V
[LIFT] V_Motors: 27.392 V
[LIFT] V_Compute: 28.139 V
[LIFT] V_Motors: 27.399 V
[LIFT] V_Compute: 28.140 V
[LIFT] V_Motors: 27.389 V
[LIFT] V_Compute: 28.145 V
[LIFT] V_Motors: 27.392 V
[LIFT] V_Compute: 28.146 V
[LIFT] V_Motors: 27.396 V
[LIFT] V_Compute: 28.139 V
[LIFT] V_Motors: 27.391 V
[LIFT] V_Compute: 28.141 V
[LIFT] V_Motors: 27.397 V
[PicoLift] sent 'stop'
[YOR] lift: startup position 0.450962 m
[LIFT] Motion stopped by user.
[LIFT] V_Compute: 28.140 V
[LIFT] V_Motors: 27.402 V
[LIFT] V_Compute: 28.140 V
[LIFT] V_Motors: 27.407 V
[LIFT] V_Compute: 28.135 V
[LIFT] V_Motors: 27.405 V
[LIFT] V_Compute: 28.141 V
[LIFT] V_Motors: 27.407 V
[LIFT] V_Compute: 28.147 V
[LIFT] V_Motors: 27.406 V
[LIFT] V_Compute: 28.145 V
[LIFT] V_Motors: 27.402 V
[LIFT] V_Compute: 28.125 V
[LIFT] V_Motors: 27.391 V
[LIFT] V_Compute: 28.138 V
[LIFT] V_Motors: 27.400 V
[LIFT] V_Compute: 28.129 V
[LIFT] V_Motors: 27.396 V
[LIFT] V_Compute: 28.132 V
[LIFT] V_Motors: 27.400 V
[LIFT] V_Compute: 28.130 V
[LIFT] V_Motors: 27.397 V
[LIFT] V_Compute: 28.135 V
[LIFT] V_Motors: 27.400 V
[LIFT] V_Compute: 28.130 V
[LIFT] V_Motors: 27.400 V
[LIFT] V_Compute: 28.129 V
[LIFT] V_Motors: 27.390 V
[LIFT] V_Compute: 28.132 V
[LIFT] V_Motors: 27.392 V
[LIFT] V_Compute: 28.135 V
[LIFT] V_Motors: 27.397 V
[LIFT] V_Compute: 28.138 V
[LIFT] V_Motors: 27.397 V
[LIFT] V_Compute: 28.126 V
[LIFT] V_Motors: 27.400 V
[LIFT] V_Compute: 28.131 V
[LIFT] V_Motors: 27.397 V
[LIFT] V_Compute: 28.131 V
[LIFT] V_Motors: 27.401 V
[LIFT] V_Compute: 28.134 V
[LIFT] V_Motors: 27.397 V
[LIFT] V_Compute: 28.132 V
[LIFT] V_Motors: 27.402 V
[LIFT] V_Compute: 28.131 V
[LIFT] V_Motors: 27.400 V
[LIFT] V_Compute: 28.135 V
[LIFT] V_Motors: 27.401 V
[LIFT] V_Compute: 28.134 V
[LIFT] V_Motors: 27.397 V
[LIFT] V_Compute: 28.139 V
[LIFT] V_Motors: 27.400 V
[LIFT] V_Compute: 28.131 V
[LIFT] V_Motors: 27.400 V
[LIFT] V_Compute: 28.130 V
[LIFT] V_Motors: 27.401 V
[LIFT] V_Compute: 28.132 V
[LIFT] V_Motors: 27.400 V
[LIFT] V_Compute: 28.132 V
[LIFT] V_Motors: 27.395 V
[LIFT] V_Compute: 28.131 V
[LIFT] V_Motors: 27.395 V
[LIFT] V_Compute: 28.130 V
[LIFT] V_Motors: 27.400 V
[LIFT] V_Compute: 28.130 V
[LIFT] V_Motors: 27.399 V
[LIFT] V_Compute: 28.134 V
[LIFT] V_Motors: 27.396 V
[LIFT] V_Compute: 28.130 V
[LIFT] V_Motors: 27.392 V
[LIFT] V_Compute: 28.130 V
[LIFT] V_Motors: 27.395 V
[LIFT] V_Compute: 28.132 V
[LIFT] V_Motors: 27.399 V
[LIFT] V_Compute: 28.132 V
[LIFT] V_Motors: 27.400 V
[LIFT] V_Compute: 28.130 V
[LIFT] V_Motors: 27.395 V
[LIFT] V_Compute: 28.126 V
[LIFT] V_Motors: 27.399 V
[LIFT] V_Compute: 28.129 V
[LIFT] V_Motors: 27.399 V
[LIFT] V_Compute: 28.129 V
[LIFT] V_Motors: 27.404 V
[LIFT] V_Compute: 28.134 V
[LIFT] V_Motors: 27.401 V
[LIFT] V_Compute: 28.139 V
[LIFT] V_Motors: 27.400 V
[LIFT] V_Compute: 28.129 V
[LIFT] V_Motors: 27.400 V
SLAM pose subscriber initialized
[YOR] follow_path: n=22 first=(-0.014399999380111717, 0.015499782562255149) last=(4.235600000619889, -0.7845002174377447)
[LIFT] V_Compute: 28.128 V
[LIFT] V_Motors: 27.350 V
[LIFT] V_Compute: 28.129 V
[LIFT] V_Motors: 27.361 V
[LIFT] V_Compute: 28.130 V
[LIFT] V_Motors: 27.349 V
[LIFT] V_Compute: 28.134 V
[LIFT] V_Motors: 27.370 V
[LIFT] V_Compute: 28.130 V
[LIFT] V_Motors: 27.382 V
[LIFT] V_Compute: 28.130 V
[LIFT] V_Motors: 27.368 V
[LIFT] V_Compute: 28.126 V
[LIFT] V_Motors: 27.362 V
[LIFT] V_Compute: 28.135 V
[LIFT] V_Motors: 27.369 V
[LIFT] V_Compute: 28.125 V
[LIFT] V_Motors: 27.354 V
[LIFT] V_Compute: 28.129 V
[LIFT] V_Motors: 27.368 V
[LIFT] V_Compute: 28.132 V
[LIFT] V_Motors: 27.356 V
[LIFT] V_Compute: 28.122 V
[LIFT] V_Motors: 27.337 V
[LIFT] V_Compute: 28.128 V
[LIFT] V_Motors: 27.364 V
[LIFT] V_Compute: 28.132 V
[LIFT] V_Motors: 27.365 V
[LIFT] V_Compute: 28.124 V
[LIFT] V_Motors: 27.343 V
[LIFT] V_Compute: 28.121 V
[LIFT] V_Motors: 27.345 V
[LIFT] V_Compute: 28.126 V
[LIFT] V_Motors: 27.354 V
[LIFT] V_Compute: 28.131 V
[LIFT] V_Motors: 27.370 V
[LIFT] V_Compute: 28.131 V
[LIFT] V_Motors: 27.353 V
[LIFT] V_Compute: 28.129 V
[LIFT] V_Motors: 27.351 V
[LIFT] V_Compute: 28.132 V
[LIFT] V_Motors: 27.369 V
[LIFT] V_Compute: 28.124 V
[LIFT] V_Motors: 27.335 V
[LIFT] V_Compute: 28.122 V
[LIFT] V_Motors: 27.360 V
[LIFT] V_Compute: 28.134 V
[LIFT] V_Motors: 27.365 V
[LIFT] V_Compute: 28.128 V
[LIFT] V_Motors: 27.371 V
[LIFT] V_Compute: 28.132 V
[LIFT] V_Motors: 27.364 V
[LIFT] V_Compute: 28.130 V
[LIFT] V_Motors: 27.312 V
[LIFT] V_Compute: 28.124 V
[LIFT] V_Motors: 27.391 V
[LIFT] V_Compute: 28.129 V
[LIFT] V_Motors: 27.389 V
[LIFT] V_Compute: 28.135 V
[LIFT] V_Motors: 27.394 V
[LIFT] V_Compute: 28.138 V
[LIFT] V_Motors: 27.386 V
[LIFT] V_Compute: 28.128 V
[LIFT] V_Motors: 27.397 V
[LIFT] V_Compute: 28.129 V
[LIFT] V_Motors: 27.388 V
[LIFT] V_Compute: 28.121 V
[LIFT] V_Motors: 27.392 V
[LIFT] V_Compute: 28.121 V
[LIFT] V_Motors: 27.386 V
[LIFT] V_Compute: 28.129 V
[LIFT] V_Motors: 27.389 V
[LIFT] V_Compute: 28.125 V
[LIFT] V_Motors: 27.389 V
[LIFT] V_Compute: 28.124 V
[LIFT] V_Motors: 27.391 V
[LIFT] V_Compute: 28.130 V
[LIFT] V_Motors: 27.385 V
[LIFT] V_Compute: 28.128 V
[LIFT] V_Motors: 27.388 V
[LIFT] V_Compute: 28.129 V
[LIFT] V_Motors: 27.390 V
[LIFT] V_Compute: 28.131 V
[LIFT] V_Motors: 27.392 V
[YOR] follow_path: cleared
[LIFT] V_Compute: 28.128 V
[LIFT] V_Motors: 27.385 V
[LIFT] V_Compute: 28.122 V
[LIFT] V_Motors: 27.385 V
[LIFT] V_Compute: 28.128 V
[LIFT] V_Motors: 27.392 V
[LIFT] V_Compute: 28.126 V
[LIFT] V_Motors: 27.392 V
[LIFT] V_Compute: 28.130 V
[LIFT] V_Motors: 27.391 V
[LIFT] V_Compute: 28.130 V
[LIFT] V_Motors: 27.392 V
[LIFT] V_Compute: 28.136 V
[LIFT] V_Motors: 27.392 V
[LIFT] V_Compute: 28.121 V
[LIFT] V_Motors: 27.389 V
[LIFT] V_Compute: 28.131 V
[LIFT] V_Motors: 27.396 V
[LIFT] V_Compute: 28.126 V
[LIFT] V_Motors: 27.394 V
[LIFT] V_Compute: 28.132 V
[LIFT] V_Motors: 27.399 V
[LIFT] V_Compute: 28.129 V
[LIFT] V_Motors: 27.397 V
[LIFT] V_Compute: 28.130 V
[LIFT] V_Motors: 27.394 V
[LIFT] V_Compute: 28.131 V
[LIFT] V_Motors: 27.392 V
[LIFT] V_Compute: 28.129 V
[LIFT] V_Motors: 27.392 V
[LIFT] V_Compute: 28.131 V
[LIFT] V_Motors: 27.390 V
[LIFT] V_Compute: 28.129 V
[LIFT] V_Motors: 27.391 V
[LIFT] V_Compute: 28.129 V
[LIFT] V_Motors: 27.396 V
[LIFT] V_Compute: 28.130 V
[LIFT] V_Motors: 27.396 V
[LIFT] V_Compute: 28.129 V
[LIFT] V_Motors: 27.391 V
[LIFT] V_Compute: 28.130 V
[LIFT] V_Motors: 27.395 V
[LIFT] V_Compute: 28.129 V
[LIFT] V_Motors: 27.396 V
[LIFT] V_Compute: 28.120 V
[LIFT] V_Motors: 27.388 V
[LIFT] V_Compute: 28.136 V
[LIFT] V_Motors: 27.399 V
[LIFT] V_Compute: 28.132 V
[LIFT] V_Motors: 27.395 V
[LIFT] V_Compute: 28.126 V
[LIFT] V_Motors: 27.396 V
[LIFT] V_Compute: 28.128 V
[LIFT] V_Motors: 27.395 V
[LIFT] V_Compute: 28.132 V
[LIFT] V_Motors: 27.396 V
[LIFT] V_Compute: 28.129 V
[LIFT] V_Motors: 27.386 V
[LIFT] V_Compute: 28.130 V
[LIFT] V_Motors: 27.390 V
[LIFT] V_Compute: 28.130 V
[LIFT] V_Motors: 27.396 V
[LIFT] V_Compute: 28.130 V
[LIFT] V_Motors: 27.388 V
[LIFT] V_Compute: 28.132 V
[LIFT] V_Motors: 27.401 V
[LIFT] V_Compute: 28.126 V
[LIFT] V_Motors: 27.392 V
[LIFT] V_Compute: 28.132 V
[LIFT] V_Motors: 27.392 V
[LIFT] V_Compute: 28.130 V
[LIFT] V_Motors: 27.394 V
[LIFT] V_Compute: 28.126 V
[LIFT] V_Motors: 27.391 V
[LIFT] V_Compute: 28.129 V
[LIFT] V_Motors: 27.392 V
[LIFT] V_Compute: 28.131 V
[LIFT] V_Motors: 27.394 V
[LIFT] V_Compute: 28.128 V
[LIFT] V_Motors: 27.380 V
[LIFT] V_Compute: 28.130 V
[LIFT] V_Motors: 27.394 V
[LIFT] V_Compute: 28.125 V
[LIFT] V_Motors: 27.390 V
[LIFT] V_Compute: 28.120 V
[LIFT] V_Motors: 27.391 V
[LIFT] V_Compute: 28.130 V
[LIFT] V_Motors: 27.392 V
[LIFT] V_Compute: 28.120 V
[LIFT] V_Motors: 27.396 V
[LIFT] V_Compute: 28.129 V
[LIFT] V_Motors: 27.392 V
[YOR] follow_path: n=22 first=(4.185600000619889, -0.7845002174377447) last=(-0.014399999380111717, 0.015499782562255149)
[LIFT] V_Compute: 28.122 V
[LIFT] V_Motors: 27.375 V
[LIFT] V_Compute: 28.124 V
[LIFT] V_Motors: 27.371 V
[LIFT] V_Compute: 28.129 V
[LIFT] V_Motors: 27.374 V
[LIFT] V_Compute: 28.130 V
[LIFT] V_Motors: 27.366 V
[LIFT] V_Compute: 28.120 V
[LIFT] V_Motors: 27.374 V
[LIFT] V_Compute: 28.130 V
[LIFT] V_Motors: 27.374 V
[LIFT] V_Compute: 28.129 V
[LIFT] V_Motors: 27.385 V
[LIFT] V_Compute: 28.112 V
[LIFT] V_Motors: 27.319 V
[LIFT] V_Compute: 28.122 V
[LIFT] V_Motors: 27.344 V
[LIFT] V_Compute: 28.126 V
[LIFT] V_Motors: 27.375 V
[LIFT] V_Compute: 28.112 V
[LIFT] V_Motors: 27.353 V
[LIFT] V_Compute: 28.120 V
[LIFT] V_Motors: 27.356 V
[LIFT] V_Compute: 28.134 V
[LIFT] V_Motors: 27.357 V
[LIFT] V_Compute: 28.129 V
[LIFT] V_Motors: 27.351 V
[LIFT] V_Compute: 28.126 V
[LIFT] V_Motors: 27.355 V
[LIFT] V_Compute: 28.122 V
[LIFT] V_Motors: 27.355 V
[LIFT] V_Compute: 28.130 V
[LIFT] V_Motors: 27.345 V
[LIFT] V_Compute: 28.122 V
[LIFT] V_Motors: 27.357 V
[LIFT] V_Compute: 28.130 V
[LIFT] V_Motors: 27.359 V
[LIFT] V_Compute: 28.130 V
[LIFT] V_Motors: 27.361 V
[LIFT] V_Compute: 28.128 V
[LIFT] V_Motors: 27.345 V
[LIFT] V_Compute: 28.125 V
[LIFT] V_Motors: 27.341 V
[LIFT] V_Compute: 28.125 V
[LIFT] V_Motors: 27.349 V
[LIFT] V_Compute: 28.126 V
[LIFT] V_Motors: 27.364 V
[LIFT] V_Compute: 28.114 V
[LIFT] V_Motors: 27.354 V
[LIFT] V_Compute: 28.131 V
[LIFT] V_Motors: 27.347 V
[LIFT] V_Compute: 28.128 V
[LIFT] V_Motors: 27.346 V
[LIFT] V_Compute: 28.126 V
[LIFT] V_Motors: 27.361 V
[LIFT] V_Compute: 28.125 V
[LIFT] V_Motors: 27.349 V
[LIFT] V_Compute: 28.128 V
[LIFT] V_Motors: 27.315 V
[LIFT] V_Compute: 28.121 V
[LIFT] V_Motors: 27.362 V
[LIFT] V_Compute: 28.130 V
[LIFT] V_Motors: 27.365 V
[LIFT] V_Compute: 28.124 V
[LIFT] V_Motors: 27.362 V
[LIFT] V_Compute: 28.128 V
[LIFT] V_Motors: 27.361 V
[LIFT] V_Compute: 28.124 V
[LIFT] V_Motors: 27.359 V
[LIFT] V_Compute: 28.124 V
[LIFT] V_Motors: 27.382 V
[LIFT] V_Compute: 28.128 V
[LIFT] V_Motors: 27.361 V
[LIFT] V_Compute: 28.126 V
[LIFT] V_Motors: 27.344 V
[LIFT] V_Compute: 28.115 V
[LIFT] V_Motors: 27.362 V
[LIFT] V_Compute: 28.126 V
[LIFT] V_Motors: 27.356 V
[LIFT] V_Compute: 28.121 V
[LIFT] V_Motors: 27.385 V
[YOR] follow_path: cleared
[LIFT] V_Compute: 28.125 V
[LIFT] V_Motors: 27.382 V
[LIFT] V_Compute: 28.134 V
[LIFT] V_Motors: 27.391 V
[LIFT] V_Compute: 28.132 V
[LIFT] V_Motors: 27.386 V
[LIFT] V_Compute: 28.124 V
[LIFT] V_Motors: 27.386 V
[LIFT] V_Compute: 28.134 V
[LIFT] V_Motors: 27.385 V
[LIFT] V_Compute: 28.125 V
[LIFT] V_Motors: 27.385 V
[LIFT] V_Compute: 28.134 V
[LIFT] V_Motors: 27.390 V
[LIFT] V_Compute: 28.126 V
[LIFT] V_Motors: 27.388 V
[LIFT] V_Compute: 28.115 V
[LIFT] V_Motors: 27.380 V
[LIFT] V_Compute: 28.122 V
[LIFT] V_Motors: 27.385 V
[LIFT] V_Compute: 28.128 V
[LIFT] V_Motors: 27.385 V
[LIFT] V_Compute: 28.121 V
[LIFT] V_Motors: 27.385 V
[LIFT] V_Compute: 28.124 V
[LIFT] V_Motors: 27.382 V
[LIFT] V_Compute: 28.122 V
[LIFT] V_Motors: 27.390 V
[LIFT] V_Compute: 28.130 V
[LIFT] V_Motors: 27.386 V
[LIFT] V_Compute: 28.128 V
[LIFT] V_Motors: 27.391 V
[LIFT] V_Compute: 28.128 V
[LIFT] V_Motors: 27.388 V
[LIFT] V_Compute: 28.124 V
[LIFT] V_Motors: 27.386 V
[LIFT] V_Compute: 28.130 V
[LIFT] V_Motors: 27.385 V
[LIFT] V_Compute: 28.124 V
[LIFT] V_Motors: 27.390 V
[LIFT] V_Compute: 28.125 V
[LIFT] V_Motors: 27.388 V
[LIFT] V_Compute: 28.118 V
[LIFT] V_Motors: 27.385 V
[LIFT] V_Compute: 28.126 V
[LIFT] V_Motors: 27.384 V
[LIFT] V_Compute: 28.128 V
[LIFT] V_Motors: 27.385 V
[LIFT] V_Compute: 28.120 V
[LIFT] V_Motors: 27.382 V
[YOR] follow_path: n=23 first=(0.04140014648437518, 0.013499832153319957) last=(4.491400146484376, -0.8365001678466806)
[LIFT] V_Compute: 28.125 V
[LIFT] V_Motors: 27.341 V
[LIFT] V_Compute: 28.124 V
[LIFT] V_Motors: 27.351 V
[LIFT] V_Compute: 28.130 V
[LIFT] V_Motors: 27.349 V
[LIFT] V_Compute: 28.124 V
[LIFT] V_Motors: 27.356 V
[LIFT] V_Compute: 28.105 V
[LIFT] V_Motors: 27.357 V
[LIFT] V_Compute: 28.118 V
[LIFT] V_Motors: 27.353 V
[LIFT] V_Compute: 28.119 V
[LIFT] V_Motors: 27.343 V
[LIFT] V_Compute: 28.125 V
[LIFT] V_Motors: 27.356 V
[LIFT] V_Compute: 28.120 V
[LIFT] V_Motors: 27.355 V
[LIFT] V_Compute: 28.121 V
[LIFT] V_Motors: 27.341 V
[LIFT] V_Compute: 28.129 V
[LIFT] V_Motors: 27.365 V
[LIFT] V_Compute: 28.116 V
[LIFT] V_Motors: 27.355 V
[LIFT] V_Compute: 28.124 V
[LIFT] V_Motors: 27.345 V
[LIFT] V_Compute: 28.124 V
[LIFT] V_Motors: 27.347 V
[LIFT] V_Compute: 28.125 V
[LIFT] V_Motors: 27.349 V
[LIFT] V_Compute: 28.106 V
[LIFT] V_Motors: 27.333 V
[LIFT] V_Compute: 28.128 V
[LIFT] V_Motors: 27.349 V
[LIFT] V_Compute: 28.116 V
[LIFT] V_Motors: 27.354 V
[LIFT] V_Compute: 28.121 V
[LIFT] V_Motors: 27.347 V
[LIFT] V_Compute: 28.120 V
[LIFT] V_Motors: 27.350 V
[LIFT] V_Compute: 28.124 V
[LIFT] V_Motors: 27.339 V
[LIFT] V_Compute: 28.115 V
[LIFT] V_Motors: 27.344 V
[LIFT] V_Compute: 28.122 V
[LIFT] V_Motors: 27.334 V
[LIFT] V_Compute: 28.125 V
[LIFT] V_Motors: 27.330 V
[LIFT] V_Compute: 28.130 V
[LIFT] V_Motors: 27.347 V
[LIFT] V_Compute: 28.118 V
[LIFT] V_Motors: 27.347 V
[LIFT] V_Compute: 28.125 V
[LIFT] V_Motors: 27.317 V
[LIFT] V_Compute: 28.121 V
[LIFT] V_Motors: 27.345 V
[LIFT] V_Compute: 28.120 V
[LIFT] V_Motors: 27.379 V
[LIFT] V_Compute: 28.124 V
[LIFT] V_Motors: 27.379 V
[LIFT] V_Compute: 28.126 V
[LIFT] V_Motors: 27.380 V
[LIFT] V_Compute: 28.122 V
[LIFT] V_Motors: 27.380 V
[LIFT] V_Compute: 28.124 V
[LIFT] V_Motors: 27.379 V
[LIFT] V_Compute: 28.119 V
[LIFT] V_Motors: 27.380 V
[LIFT] V_Compute: 28.124 V
[LIFT] V_Motors: 27.381 V
[LIFT] V_Compute: 28.119 V
[LIFT] V_Motors: 27.374 V
[LIFT] V_Compute: 28.126 V
[LIFT] V_Motors: 27.385 V
[LIFT] V_Compute: 28.124 V
[LIFT] V_Motors: 27.385 V
[LIFT] V_Compute: 28.126 V
[LIFT] V_Motors: 27.385 V
[LIFT] V_Compute: 28.122 V
[LIFT] V_Motors: 27.379 V
[LIFT] V_Compute: 28.115 V
[LIFT] V_Motors: 27.382 V
[LIFT] V_Compute: 28.125 V
[LIFT] V_Motors: 27.382 V
[LIFT] V_Compute: 28.122 V
[LIFT] V_Motors: 27.384 V
[LIFT] V_Compute: 28.124 V
[LIFT] V_Motors: 27.376 V
[LIFT] V_Compute: 28.122 V
[LIFT] V_Motors: 27.385 V
[LIFT] V_Compute: 28.121 V
[LIFT] V_Motors: 27.385 V
[LIFT] V_Compute: 28.124 V
[LIFT] V_Motors: 27.389 V
[LIFT] V_Compute: 28.124 V
[LIFT] V_Motors: 27.385 V
[LIFT] V_Compute: 28.121 V
[LIFT] V_Motors: 27.378 V
[LIFT] V_Compute: 28.128 V
[LIFT] V_Motors: 27.379 V
[LIFT] V_Compute: 28.128 V
[LIFT] V_Motors: 27.389 V
[LIFT] V_Compute: 28.125 V
[LIFT] V_Motors: 27.385 V
[YOR] follow_path: cleared
[LIFT] V_Compute: 28.119 V
[LIFT] V_Motors: 27.381 V
[LIFT] V_Compute: 28.126 V
[LIFT] V_Motors: 27.386 V
[LIFT] V_Compute: 28.128 V
[LIFT] V_Motors: 27.384 V
[YOR] follow_path: n=23 first=(4.4414001464843755, -0.8865001678466804) last=(-0.008599853515624645, 0.013499832153319957)
[LIFT] V_Compute: 28.124 V
[LIFT] V_Motors: 27.346 V
[LIFT] V_Compute: 28.126 V
[LIFT] V_Motors: 27.366 V
[LIFT] V_Compute: 28.128 V
[LIFT] V_Motors: 27.364 V
[LIFT] V_Compute: 28.120 V
[LIFT] V_Motors: 27.354 V
[LIFT] V_Compute: 28.126 V
[LIFT] V_Motors: 27.362 V
[LIFT] V_Compute: 28.114 V
[LIFT] V_Motors: 27.350 V
[LIFT] V_Compute: 28.116 V
[LIFT] V_Motors: 27.372 V
[LIFT] V_Compute: 28.116 V
[LIFT] V_Motors: 27.326 V
[LIFT] V_Compute: 28.121 V
[LIFT] V_Motors: 27.351 V
[LIFT] V_Compute: 28.115 V
[LIFT] V_Motors: 27.347 V
[LIFT] V_Compute: 28.118 V
[LIFT] V_Motors: 27.327 V
[LIFT] V_Compute: 28.120 V
[LIFT] V_Motors: 27.347 V
[LIFT] V_Compute: 28.122 V
[LIFT] V_Motors: 27.346 V
[LIFT] V_Compute: 28.126 V
[LIFT] V_Motors: 27.349 V
[LIFT] V_Compute: 28.122 V
[LIFT] V_Motors: 27.343 V
[LIFT] V_Compute: 28.120 V
[LIFT] V_Motors: 27.347 V
[LIFT] V_Compute: 28.125 V
[LIFT] V_Motors: 27.351 V
[LIFT] V_Compute: 28.119 V
[LIFT] V_Motors: 27.344 V
[LIFT] V_Compute: 28.100 V
[LIFT] V_Motors: 27.341 V
[LIFT] V_Compute: 28.129 V
[LIFT] V_Motors: 27.341 V
[LIFT] V_Compute: 28.115 V
[LIFT] V_Motors: 27.333 V
[LIFT] V_Compute: 28.122 V
[LIFT] V_Motors: 27.340 V
[LIFT] V_Compute: 28.125 V
[LIFT] V_Motors: 27.346 V
[LIFT] V_Compute: 28.128 V
[LIFT] V_Motors: 27.337 V
[LIFT] V_Compute: 28.110 V
[LIFT] V_Motors: 27.331 V
[LIFT] V_Compute: 28.122 V
[LIFT] V_Motors: 27.347 V
[LIFT] V_Compute: 28.115 V
[LIFT] V_Motors: 27.343 V
[LIFT] V_Compute: 28.121 V
[LIFT] V_Motors: 27.333 V
[LIFT] V_Compute: 28.118 V
[LIFT] V_Motors: 27.335 V
[LIFT] V_Compute: 28.124 V
[LIFT] V_Motors: 27.335 V
[LIFT] V_Compute: 28.114 V
[LIFT] V_Motors: 27.351 V
[LIFT] V_Compute: 28.126 V
[LIFT] V_Motors: 27.360 V
[LIFT] V_Compute: 28.122 V
[LIFT] V_Motors: 27.355 V
[LIFT] V_Compute: 28.120 V
[LIFT] V_Motors: 27.356 V
[LIFT] V_Compute: 28.100 V
[LIFT] V_Motors: 27.335 V
[LIFT] V_Compute: 28.122 V
[LIFT] V_Motors: 27.357 V
[LIFT] V_Compute: 28.115 V
[LIFT] V_Motors: 27.345 V
[LIFT] V_Compute: 28.124 V
[LIFT] V_Motors: 27.337 V
[LIFT] V_Compute: 28.119 V
[LIFT] V_Motors: 27.327 V
[LIFT] V_Compute: 28.128 V
[LIFT] V_Motors: 27.376 V
[LIFT] V_Compute: 28.115 V
[LIFT] V_Motors: 27.355 V
[LIFT] V_Compute: 28.118 V
[LIFT] V_Motors: 27.374 V
[YOR] follow_path: cleared
[LIFT] V_Compute: 28.120 V
[LIFT] V_Motors: 27.378 V
[LIFT] V_Compute: 28.128 V
[LIFT] V_Motors: 27.372 V
[LIFT] V_Compute: 28.128 V
[LIFT] V_Motors: 27.374 V
[LIFT] V_Compute: 28.116 V
[LIFT] V_Motors: 27.372 V
[LIFT] V_Compute: 28.130 V
[LIFT] V_Motors: 27.376 V
[LIFT] V_Compute: 28.125 V
[LIFT] V_Motors: 27.379 V
[LIFT] V_Compute: 28.122 V
[LIFT] V_Motors: 27.374 V
[LIFT] V_Compute: 28.124 V
[LIFT] V_Motors: 27.376 V
[LIFT] V_Compute: 28.116 V
[LIFT] V_Motors: 27.381 V
[YOR] follow_path: n=15 first=(0.03850002288818377, -0.009200096130371982) last=(1.238500022888184, 2.4907999038696285)
[LIFT] V_Compute: 28.124 V
[LIFT] V_Motors: 27.324 V
[LIFT] V_Compute: 28.130 V
[LIFT] V_Motors: 27.333 V
[LIFT] V_Compute: 28.109 V
[LIFT] V_Motors: 27.301 V
[LIFT] V_Compute: 28.120 V
[LIFT] V_Motors: 27.327 V
[LIFT] V_Compute: 28.119 V
[LIFT] V_Motors: 27.336 V
[LIFT] V_Compute: 28.116 V
[LIFT] V_Motors: 27.341 V
[LIFT] V_Compute: 28.124 V
[LIFT] V_Motors: 27.339 V
[LIFT] V_Compute: 28.129 V
[LIFT] V_Motors: 27.336 V
[LIFT] V_Compute: 28.114 V
[LIFT] V_Motors: 27.356 V
[LIFT] V_Compute: 28.131 V
[LIFT] V_Motors: 27.341 V
[LIFT] V_Compute: 28.135 V
[LIFT] V_Motors: 27.324 V
[LIFT] V_Compute: 28.115 V
[LIFT] V_Motors: 27.351 V
[LIFT] V_Compute: 28.124 V
[LIFT] V_Motors: 27.339 V
[LIFT] V_Compute: 28.124 V
[LIFT] V_Motors: 27.359 V
[LIFT] V_Compute: 28.121 V
[LIFT] V_Motors: 27.339 V
[LIFT] V_Compute: 28.115 V
[LIFT] V_Motors: 27.341 V
[LIFT] V_Compute: 28.115 V
[LIFT] V_Motors: 27.340 V
[LIFT] V_Compute: 28.124 V
[LIFT] V_Motors: 27.347 V
[LIFT] V_Compute: 28.122 V
[LIFT] V_Motors: 27.334 V
[LIFT] V_Compute: 28.122 V
[LIFT] V_Motors: 27.361 V
[YOR] follow_path: cleared
[LIFT] V_Compute: 28.128 V
[LIFT] V_Motors: 27.374 V
[LIFT] V_Compute: 28.128 V
[LIFT] V_Motors: 27.378 V
[LIFT] V_Compute: 28.129 V
[LIFT] V_Motors: 27.370 V
[LIFT] V_Compute: 28.119 V
[LIFT] V_Motors: 27.366 V
[LIFT] V_Compute: 28.125 V
[LIFT] V_Motors: 27.375 V
[LIFT] V_Compute: 28.128 V
[LIFT] V_Motors: 27.371 V
[LIFT] V_Compute: 28.120 V
[LIFT] V_Motors: 27.374 V
[YOR] follow_path: n=15 first=(1.238500022888184, 2.478900051116944) last=(-0.011499977111816051, -0.021099948883056996)
[LIFT] V_Compute: 28.121 V
[LIFT] V_Motors: 27.325 V
[LIFT] V_Compute: 28.124 V
[LIFT] V_Motors: 27.354 V
[LIFT] V_Compute: 28.122 V
[LIFT] V_Motors: 27.356 V
[LIFT] V_Compute: 28.128 V
[LIFT] V_Motors: 27.364 V
[LIFT] V_Compute: 28.125 V
[LIFT] V_Motors: 27.353 V
[LIFT] V_Compute: 28.130 V
[LIFT] V_Motors: 27.356 V
[LIFT] V_Compute: 28.120 V
[LIFT] V_Motors: 27.336 V
[LIFT] V_Compute: 28.118 V
[LIFT] V_Motors: 27.333 V
[LIFT] V_Compute: 28.109 V
[LIFT] V_Motors: 27.329 V
[LIFT] V_Compute: 28.120 V
[LIFT] V_Motors: 27.343 V
[LIFT] V_Compute: 28.116 V
[LIFT] V_Motors: 27.335 V
[LIFT] V_Compute: 28.119 V
[LIFT] V_Motors: 27.322 V
[LIFT] V_Compute: 28.124 V
[LIFT] V_Motors: 27.355 V
[LIFT] V_Compute: 28.121 V
[LIFT] V_Motors: 27.306 V
[LIFT] V_Compute: 28.119 V
[LIFT] V_Motors: 27.324 V
[LIFT] V_Compute: 28.118 V
[LIFT] V_Motors: 27.336 V
[LIFT] V_Compute: 28.121 V
[LIFT] V_Motors: 27.344 V
[LIFT] V_Compute: 28.124 V
[LIFT] V_Motors: 27.333 V
[LIFT] V_Compute: 28.119 V
[LIFT] V_Motors: 27.334 V
[LIFT] V_Compute: 28.121 V
[LIFT] V_Motors: 27.344 V
[LIFT] V_Compute: 28.105 V
[LIFT] V_Motors: 27.309 V
[LIFT] V_Compute: 28.121 V
[LIFT] V_Motors: 27.356 V
[LIFT] V_Compute: 28.112 V
[LIFT] V_Motors: 27.350 V
[LIFT] V_Compute: 28.120 V
[LIFT] V_Motors: 27.354 V
[LIFT] V_Compute: 28.121 V
[LIFT] V_Motors: 27.360 V
[LIFT] V_Compute: 28.125 V
[LIFT] V_Motors: 27.360 V
[LIFT] V_Compute: 28.121 V
[LIFT] V_Motors: 27.321 V
[LIFT] V_Compute: 28.121 V
[LIFT] V_Motors: 27.312 V
[LIFT] V_Compute: 28.111 V
[LIFT] V_Motors: 27.365 V
[LIFT] V_Compute: 28.119 V
[LIFT] V_Motors: 27.366 V
[YOR] follow_path: cleared
[LIFT] V_Compute: 28.115 V
[LIFT] V_Motors: 27.370 V
[LIFT] V_Compute: 28.126 V
[LIFT] V_Motors: 27.370 V
[LIFT] V_Compute: 28.126 V
[LIFT] V_Motors: 27.368 V
[LIFT] V_Compute: 28.124 V
[LIFT] V_Motors: 27.375 V
[LIFT] V_Compute: 28.116 V
[LIFT] V_Motors: 27.370 V
[LIFT] V_Compute: 28.125 V
[LIFT] V_Motors: 27.375 V
[LIFT] V_Compute: 28.109 V
[LIFT] V_Motors: 27.376 V
[LIFT] V_Compute: 28.121 V
[LIFT] V_Motors: 27.371 V
[LIFT] V_Compute: 28.125 V
[LIFT] V_Motors: 27.362 V
[LIFT] V_Compute: 28.124 V
[LIFT] V_Motors: 27.375 V
[LIFT] V_Compute: 28.111 V
[LIFT] V_Motors: 27.368 V
[YOR] follow_path: n=24 first=(-0.0109996795654288, 0.02369976043701083) last=(3.6390003204345716, 2.8736997604370114)
[LIFT] V_Compute: 28.115 V
[LIFT] V_Motors: 27.337 V
[LIFT] V_Compute: 28.115 V
[LIFT] V_Motors: 27.325 V
[LIFT] V_Compute: 28.119 V
[LIFT] V_Motors: 27.326 V
[LIFT] V_Compute: 28.118 V
[LIFT] V_Motors: 27.327 V
[LIFT] V_Compute: 28.125 V
[LIFT] V_Motors: 27.351 V
[LIFT] V_Compute: 28.101 V
[LIFT] V_Motors: 27.315 V
[LIFT] V_Compute: 28.122 V
[LIFT] V_Motors: 27.333 V
[LIFT] V_Compute: 28.118 V
[LIFT] V_Motors: 27.340 V
[LIFT] V_Compute: 28.124 V
[LIFT] V_Motors: 27.347 V
[LIFT] V_Compute: 28.128 V
[LIFT] V_Motors: 27.324 V
[LIFT] V_Compute: 28.114 V
[LIFT] V_Motors: 27.320 V
[LIFT] V_Compute: 28.111 V
[LIFT] V_Motors: 27.327 V
[LIFT] V_Compute: 28.120 V
[LIFT] V_Motors: 27.340 V
[LIFT] V_Compute: 28.120 V
[LIFT] V_Motors: 27.334 V
[LIFT] V_Compute: 28.122 V
[LIFT] V_Motors: 27.333 V
[LIFT] V_Compute: 28.119 V
[LIFT] V_Motors: 27.334 V
[LIFT] V_Compute: 28.119 V
[LIFT] V_Motors: 27.336 V
[LIFT] V_Compute: 28.121 V
[LIFT] V_Motors: 27.320 V
[LIFT] V_Compute: 28.122 V
[LIFT] V_Motors: 27.354 V
[LIFT] V_Compute: 28.106 V
[LIFT] V_Motors: 27.305 V
[LIFT] V_Compute: 28.124 V
[LIFT] V_Motors: 27.311 V
[LIFT] V_Compute: 28.110 V
[LIFT] V_Motors: 27.336 V
[LIFT] V_Compute: 28.128 V
[LIFT] V_Motors: 27.330 V
[LIFT] V_Compute: 28.120 V
[LIFT] V_Motors: 27.334 V
[LIFT] V_Compute: 28.125 V
[LIFT] V_Motors: 27.325 V
[LIFT] V_Compute: 28.109 V
[LIFT] V_Motors: 27.335 V
[LIFT] V_Compute: 28.112 V
[LIFT] V_Motors: 27.314 V
[LIFT] V_Compute: 28.115 V
[LIFT] V_Motors: 27.329 V
[LIFT] V_Compute: 28.118 V
[LIFT] V_Motors: 27.333 V
[LIFT] V_Compute: 28.116 V
[LIFT] V_Motors: 27.295 V
[LIFT] V_Compute: 28.120 V
[LIFT] V_Motors: 27.341 V
[LIFT] V_Compute: 28.106 V
[LIFT] V_Motors: 27.322 V
[LIFT] V_Compute: 28.121 V
[LIFT] V_Motors: 27.253 V
[LIFT] V_Compute: 28.112 V
[LIFT] V_Motors: 27.316 V
[LIFT] V_Compute: 28.126 V
[LIFT] V_Motors: 27.368 V
[LIFT] V_Compute: 28.110 V
[LIFT] V_Motors: 27.356 V
[LIFT] V_Compute: 28.106 V
[LIFT] V_Motors: 27.362 V
[LIFT] V_Compute: 28.119 V
[LIFT] V_Motors: 27.368 V
[LIFT] V_Compute: 28.122 V
[LIFT] V_Motors: 27.371 V
[LIFT] V_Compute: 28.121 V
[LIFT] V_Motors: 27.364 V
[LIFT] V_Compute: 28.116 V
[LIFT] V_Motors: 27.371 V
[LIFT] V_Compute: 28.118 V
[LIFT] V_Motors: 27.368 V
[LIFT] V_Compute: 28.112 V
[LIFT] V_Motors: 27.364 V
[LIFT] V_Compute: 28.118 V
[LIFT] V_Motors: 27.362 V
[LIFT] V_Compute: 28.122 V
[LIFT] V_Motors: 27.366 V
[LIFT] V_Compute: 28.109 V
[LIFT] V_Motors: 27.359 V
[LIFT] V_Compute: 28.109 V
[LIFT] V_Motors: 27.364 V
[LIFT] V_Compute: 28.110 V
[LIFT] V_Motors: 27.362 V
[LIFT] V_Compute: 28.104 V
[LIFT] V_Motors: 27.366 V
[LIFT] V_Compute: 28.111 V
[LIFT] V_Motors: 27.362 V
[LIFT] V_Compute: 28.118 V
[LIFT] V_Motors: 27.365 V
[LIFT] V_Compute: 28.111 V
[LIFT] V_Motors: 27.366 V
[LIFT] V_Compute: 28.107 V
[LIFT] V_Motors: 27.370 V
[LIFT] V_Compute: 28.096 V
[LIFT] V_Motors: 27.357 V
[LIFT] V_Compute: 28.115 V
[LIFT] V_Motors: 27.371 V
[LIFT] V_Compute: 28.114 V
[LIFT] V_Motors: 27.365 V
[YOR] follow_path: cleared
[LIFT] V_Compute: 28.119 V
[LIFT] V_Motors: 27.366 V
[LIFT] V_Compute: 28.112 V
[LIFT] V_Motors: 27.369 V
[LIFT] V_Compute: 28.118 V
[LIFT] V_Motors: 27.378 V
[LIFT] V_Compute: 28.109 V
[LIFT] V_Motors: 27.361 V
[LIFT] V_Compute: 28.119 V
[LIFT] V_Motors: 27.368 V
[LIFT] V_Compute: 28.115 V
[LIFT] V_Motors: 27.366 V
[YOR] follow_path: n=23 first=(3.589000320434571, 2.8593997955322266) last=(-0.0109996795654288, 0.009399795532226918)
[YOR] follow_path: cleared
[LIFT] V_Compute: 28.124 V
[LIFT] V_Motors: 27.335 V
[LIFT] V_Compute: 28.115 V
[LIFT] V_Motors: 27.365 V
[LIFT] V_Compute: 28.119 V
[LIFT] V_Motors: 27.369 V
[LIFT] V_Compute: 28.107 V
[LIFT] V_Motors: 27.356 V
[LIFT] V_Compute: 28.122 V
[LIFT] V_Motors: 27.371 V
[YOR] follow_path: n=23 first=(3.589000320434571, 2.8593997955322266) last=(-0.0109996795654288, 0.009399795532226918)
[LIFT] V_Compute: 28.118 V
[LIFT] V_Motors: 27.341 V
[LIFT] V_Compute: 28.121 V
[LIFT] V_Motors: 27.356 V
[LIFT] V_Compute: 28.099 V
[LIFT] V_Motors: 27.336 V
[LIFT] V_Compute: 28.107 V
[LIFT] V_Motors: 27.333 V
[LIFT] V_Compute: 28.120 V
[LIFT] V_Motors: 27.334 V
[LIFT] V_Compute: 28.118 V
[LIFT] V_Motors: 27.355 V
[LIFT] V_Compute: 28.111 V
[LIFT] V_Motors: 27.265 V
[LIFT] V_Compute: 28.124 V
[LIFT] V_Motors: 27.327 V
[LIFT] V_Compute: 28.106 V
[LIFT] V_Motors: 27.320 V
[LIFT] V_Compute: 28.101 V
[LIFT] V_Motors: 27.316 V
[LIFT] V_Compute: 28.100 V
[LIFT] V_Motors: 27.253 V
[LIFT] V_Compute: 28.112 V
[LIFT] V_Motors: 27.314 V
[LIFT] V_Compute: 28.112 V
[LIFT] V_Motors: 27.319 V
[LIFT] V_Compute: 28.128 V
[LIFT] V_Motors: 27.311 V
[LIFT] V_Compute: 28.111 V
[LIFT] V_Motors: 27.322 V
[LIFT] V_Compute: 28.110 V
[LIFT] V_Motors: 27.317 V
[LIFT] V_Compute: 28.109 V
[LIFT] V_Motors: 27.311 V
[LIFT] V_Compute: 28.116 V
[LIFT] V_Motors: 27.324 V
[LIFT] V_Compute: 28.118 V
[LIFT] V_Motors: 27.325 V
[LIFT] V_Compute: 28.129 V
[LIFT] V_Motors: 27.329 V
[LIFT] V_Compute: 28.111 V
[LIFT] V_Motors: 27.321 V
[LIFT] V_Compute: 28.120 V
[LIFT] V_Motors: 27.340 V
[LIFT] V_Compute: 28.119 V
[LIFT] V_Motors: 27.341 V
[LIFT] V_Compute: 28.119 V
[LIFT] V_Motors: 27.326 V
[LIFT] V_Compute: 28.124 V
[LIFT] V_Motors: 27.339 V
[LIFT] V_Compute: 28.112 V
[LIFT] V_Motors: 27.334 V
[LIFT] V_Compute: 28.101 V
[LIFT] V_Motors: 27.316 V
[LIFT] V_Compute: 28.119 V
[LIFT] V_Motors: 27.345 V
[LIFT] V_Compute: 28.116 V
[LIFT] V_Motors: 27.320 V
[LIFT] V_Compute: 28.119 V
[LIFT] V_Motors: 27.333 V
[LIFT] V_Compute: 28.095 V
[LIFT] V_Motors: 27.304 V
[LIFT] V_Compute: 28.115 V
[LIFT] V_Motors: 27.286 V
[LIFT] V_Compute: 28.119 V
[LIFT] V_Motors: 27.336 V
[LIFT] V_Compute: 28.121 V
[LIFT] V_Motors: 27.341 V
[LIFT] V_Compute: 28.111 V
[LIFT] V_Motors: 27.339 V
[LIFT] V_Compute: 28.110 V
[LIFT] V_Motors: 27.345 V
[LIFT] V_Compute: 28.115 V
[LIFT] V_Motors: 27.324 V
[LIFT] V_Compute: 28.119 V
[LIFT] V_Motors: 27.255 V
[LIFT] V_Compute: 28.112 V
[LIFT] V_Motors: 27.314 V
[LIFT] V_Compute: 28.119 V
[LIFT] V_Motors: 27.325 V
[LIFT] V_Compute: 28.114 V
[LIFT] V_Motors: 27.350 V
[LIFT] V_Compute: 28.112 V
[LIFT] V_Motors: 27.359 V
[YOR] follow_path: cleared
[LIFT] V_Compute: 28.124 V
[LIFT] V_Motors: 27.364 V
[LIFT] V_Compute: 28.121 V
[LIFT] V_Motors: 27.365 V
[LIFT] V_Compute: 28.122 V
[LIFT] V_Motors: 27.362 V
[LIFT] V_Compute: 28.126 V
[LIFT] V_Motors: 27.368 V
[LIFT] V_Compute: 28.121 V
[LIFT] V_Motors: 27.361 V
[LIFT] V_Compute: 28.125 V
[LIFT] V_Motors: 27.369 V
[LIFT] V_Compute: 28.122 V
[LIFT] V_Motors: 27.365 V
[LIFT] V_Compute: 28.116 V
[LIFT] V_Motors: 27.366 V
[LIFT] V_Compute: 28.119 V
[LIFT] V_Motors: 27.366 V
[LIFT] V_Compute: 28.120 V
[LIFT] V_Motors: 27.371 V
[LIFT] V_Compute: 28.122 V
[LIFT] V_Motors: 27.366 V
[LIFT] V_Compute: 28.116 V
[LIFT] V_Motors: 27.371 V
[LIFT] V_Compute: 28.109 V
[LIFT] V_Motors: 27.362 V
[LIFT] V_Compute: 28.124 V
[LIFT] V_Motors: 27.365 V
[LIFT] V_Compute: 28.114 V
[LIFT] V_Motors: 27.371 V
[LIFT] V_Compute: 28.121 V
[LIFT] V_Motors: 27.365 V
[LIFT] V_Compute: 28.119 V
[LIFT] V_Motors: 27.374 V
[LIFT] V_Compute: 28.111 V
[LIFT] V_Motors: 27.368 V
[LIFT] V_Compute: 28.110 V
[LIFT] V_Motors: 27.369 V
[LIFT] V_Compute: 28.115 V
[LIFT] V_Motors: 27.365 V
[LIFT] V_Compute: 28.115 V
[LIFT] V_Motors: 27.366 V
[LIFT] V_Compute: 28.114 V
[LIFT] V_Motors: 27.369 V
[LIFT] V_Compute: 28.120 V
[LIFT] V_Motors: 27.369 V
[LIFT] V_Compute: 28.121 V
[LIFT] V_Motors: 27.368 V
[LIFT] V_Compute: 28.095 V
[LIFT] V_Motors: 27.353 V
[LIFT] V_Compute: 28.116 V
[LIFT] V_Motors: 27.371 V
[LIFT] V_Compute: 28.121 V
[LIFT] V_Motors: 27.366 V
[LIFT] V_Compute: 28.128 V
[LIFT] V_Motors: 27.369 V
[LIFT] V_Compute: 28.116 V
[LIFT] V_Motors: 27.360 V
[LIFT] V_Compute: 28.114 V
[LIFT] V_Motors: 27.365 V
[LIFT] V_Compute: 28.120 V
[LIFT] V_Motors: 27.370 V
[LIFT] V_Compute: 28.121 V
[LIFT] V_Motors: 27.369 V
[LIFT] V_Compute: 28.116 V
[LIFT] V_Motors: 27.368 V
[LIFT] V_Compute: 28.116 V
[LIFT] V_Motors: 27.370 V
[LIFT] V_Compute: 28.111 V
[LIFT] V_Motors: 27.368 V
[LIFT] V_Compute: 28.121 V
[LIFT] V_Motors: 27.371 V
[LIFT] V_Compute: 28.114 V
[LIFT] V_Motors: 27.368 V
[LIFT] V_Compute: 28.107 V
[LIFT] V_Motors: 27.364 V
[LIFT] V_Compute: 28.116 V
[LIFT] V_Motors: 27.370 V
[LIFT] V_Compute: 28.121 V
[LIFT] V_Motors: 27.370 V
[LIFT] V_Compute: 28.096 V
[LIFT] V_Motors: 27.360 V
[LIFT] V_Compute: 28.115 V
[LIFT] V_Motors: 27.361 V
[LIFT] V_Compute: 28.124 V
[LIFT] V_Motors: 27.371 V
[LIFT] V_Compute: 28.119 V
[LIFT] V_Motors: 27.368 V
[LIFT] V_Compute: 28.115 V
[LIFT] V_Motors: 27.365 V
[LIFT] V_Compute: 28.122 V
[LIFT] V_Motors: 27.369 V
[LIFT] V_Compute: 28.122 V
[LIFT] V_Motors: 27.366 V
[LIFT] V_Compute: 28.099 V
[LIFT] V_Motors: 27.356 V
[LIFT] V_Compute: 28.110 V
[LIFT] V_Motors: 27.365 V
[LIFT] V_Compute: 28.119 V
[LIFT] V_Motors: 27.370 V
[LIFT] V_Compute: 28.122 V
[LIFT] V_Motors: 27.371 V
[LIFT] V_Compute: 28.110 V
[LIFT] V_Motors: 27.370 V
[LIFT] V_Compute: 28.115 V
[LIFT] V_Motors: 27.370 V
[LIFT] V_Compute: 28.116 V
[LIFT] V_Motors: 27.371 V
[LIFT] V_Compute: 28.119 V
[LIFT] V_Motors: 27.375 V
[LIFT] V_Compute: 28.122 V
[LIFT] V_Motors: 27.370 V
[YOR] follow_path: cleared
[LIFT] V_Compute: 28.121 V
[LIFT] V_Motors: 27.376 V
[LIFT] V_Compute: 28.131 V
[LIFT] V_Motors: 27.379 V
[LIFT] V_Compute: 28.129 V
[LIFT] V_Motors: 27.380 V
[LIFT] V_Compute: 28.128 V
[LIFT] V_Motors: 27.379 V
[LIFT] V_Compute: 28.124 V
[LIFT] V_Motors: 27.379 V
[LIFT] V_Compute: 28.126 V
[LIFT] V_Motors: 27.380 V
[LIFT] V_Compute: 28.128 V
[LIFT] V_Motors: 27.380 V
[LIFT] V_Compute: 28.124 V
[LIFT] V_Motors: 27.382 V
[LIFT] V_Compute: 28.103 V
[LIFT] V_Motors: 27.364 V
[LIFT] V_Compute: 28.118 V
[LIFT] V_Motors: 27.381 V
[LIFT] V_Compute: 28.129 V
[LIFT] V_Motors: 27.386 V
[LIFT] V_Compute: 28.126 V
[LIFT] V_Motors: 27.369 V
[LIFT] V_Compute: 28.125 V
[LIFT] V_Motors: 27.382 V
[LIFT] V_Compute: 28.135 V
[LIFT] V_Motors: 27.384 V
[LIFT] V_Compute: 28.132 V
[LIFT] V_Motors: 27.382 V
[LIFT] V_Compute: 28.132 V
[LIFT] V_Motors: 27.382 V
[LIFT] V_Compute: 28.129 V
[LIFT] V_Motors: 27.381 V
[LIFT] V_Compute: 28.134 V
[LIFT] V_Motors: 27.379 V
[LIFT] V_Compute: 28.132 V
[LIFT] V_Motors: 27.384 V
[LIFT] V_Compute: 28.129 V
[LIFT] V_Motors: 27.384 V
[LIFT] V_Compute: 28.126 V
[LIFT] V_Motors: 27.385 V
[LIFT] V_Compute: 28.131 V
[LIFT] V_Motors: 27.385 V
[LIFT] V_Compute: 28.135 V
[LIFT] V_Motors: 27.381 V
[LIFT] V_Compute: 28.136 V
[LIFT] V_Motors: 27.382 V
[LIFT] V_Compute: 28.129 V
[LIFT] V_Motors: 27.388 V
[LIFT] V_Compute: 28.134 V
[LIFT] V_Motors: 27.382 V
[LIFT] V_Compute: 28.136 V
[LIFT] V_Motors: 27.385 V
[LIFT] V_Compute: 28.115 V
[LIFT] V_Motors: 27.365 V
[LIFT] V_Compute: 28.131 V
[LIFT] V_Motors: 27.382 V
[LIFT] V_Compute: 28.140 V
[LIFT] V_Motors: 27.386 V
[LIFT] V_Compute: 28.107 V
[LIFT] V_Motors: 27.368 V
[LIFT] V_Compute: 28.112 V
[LIFT] V_Motors: 27.369 V
[LIFT] V_Compute: 28.130 V
[LIFT] V_Motors: 27.379 V
[LIFT] V_Compute: 28.135 V
[LIFT] V_Motors: 27.385 V
[LIFT] V_Compute: 28.136 V
[LIFT] V_Motors: 27.391 V
[LIFT] V_Compute: 28.136 V
[LIFT] V_Motors: 27.385 V
[LIFT] V_Compute: 28.126 V
[LIFT] V_Motors: 27.380 V
[LIFT] V_Compute: 28.138 V
[LIFT] V_Motors: 27.388 V
[LIFT] V_Compute: 28.124 V
[LIFT] V_Motors: 27.389 V
[LIFT] V_Compute: 28.134 V
[LIFT] V_Motors: 27.384 V
[LIFT] V_Compute: 28.132 V
[LIFT] V_Motors: 27.385 V
[LIFT] V_Compute: 28.136 V
[LIFT] V_Motors: 27.384 V
[LIFT] V_Compute: 28.131 V
[LIFT] V_Motors: 27.380 V
[LIFT] V_Compute: 28.115 V
[LIFT] V_Motors: 27.374 V
[LIFT] V_Compute: 28.130 V
[LIFT] V_Motors: 27.384 V
[LIFT] V_Compute: 28.130 V
[LIFT] V_Motors: 27.386 V
[LIFT] V_Compute: 28.129 V
[LIFT] V_Motors: 27.384 V
[LIFT] V_Compute: 28.134 V
[LIFT] V_Motors: 27.382 V
[LIFT] V_Compute: 28.139 V
[LIFT] V_Motors: 27.389 V
[LIFT] V_Compute: 28.132 V
[LIFT] V_Motors: 27.385 V
[LIFT] V_Compute: 28.131 V
[LIFT] V_Motors: 27.386 V
[LIFT] V_Compute: 28.129 V
[LIFT] V_Motors: 27.389 V
[LIFT] V_Compute: 28.138 V
[LIFT] V_Motors: 27.384 V
[LIFT] V_Compute: 28.129 V
[LIFT] V_Motors: 27.389 V
[LIFT] V_Compute: 28.132 V
[LIFT] V_Motors: 27.384 V
[LIFT] V_Compute: 28.134 V
[LIFT] V_Motors: 27.388 V
[LIFT] V_Compute: 28.128 V
[LIFT] V_Motors: 27.384 V
[LIFT] V_Compute: 28.138 V
[LIFT] V_Motors: 27.386 V
[LIFT] V_Compute: 28.134 V
[LIFT] V_Motors: 27.388 V
[LIFT] V_Compute: 28.119 V
[LIFT] V_Motors: 27.374 V
[LIFT] V_Compute: 28.130 V
[LIFT] V_Motors: 27.381 V
[LIFT] V_Compute: 28.134 V
[LIFT] V_Motors: 27.382 V
[LIFT] V_Compute: 28.132 V
[LIFT] V_Motors: 27.385 V
[LIFT] V_Compute: 28.129 V
[LIFT] V_Motors: 27.384 V
[LIFT] V_Compute: 28.132 V
[LIFT] V_Motors: 27.376 V
[LIFT] V_Compute: 28.131 V
[LIFT] V_Motors: 27.386 V
[LIFT] V_Compute: 28.132 V
[LIFT] V_Motors: 27.388 V
[LIFT] V_Compute: 28.132 V
[LIFT] V_Motors: 27.390 V
[LIFT] V_Compute: 28.131 V
[LIFT] V_Motors: 27.380 V
[LIFT] V_Compute: 28.136 V
[LIFT] V_Motors: 27.388 V
[LIFT] V_Compute: 28.132 V
[LIFT] V_Motors: 27.389 V
[LIFT] V_Compute: 28.131 V
[LIFT] V_Motors: 27.389 V
[LIFT] V_Compute: 28.129 V
[LIFT] V_Motors: 27.386 V
[LIFT] V_Compute: 28.134 V
[LIFT] V_Motors: 27.386 V
[LIFT] V_Compute: 28.129 V
[LIFT] V_Motors: 27.385 V
[LIFT] V_Compute: 28.115 V
[LIFT] V_Motors: 27.370 V
[LIFT] V_Compute: 28.129 V
[LIFT] V_Motors: 27.386 V
[LIFT] V_Compute: 28.131 V
[LIFT] V_Motors: 27.385 V
[LIFT] V_Compute: 28.125 V
[LIFT] V_Motors: 27.391 V
[LIFT] V_Compute: 28.132 V
[LIFT] V_Motors: 27.389 V
[LIFT] V_Compute: 28.124 V
[LIFT] V_Motors: 27.382 V
[LIFT] V_Compute: 28.136 V
[LIFT] V_Motors: 27.389 V
[LIFT] V_Compute: 28.134 V
[LIFT] V_Motors: 27.388 V
[LIFT] V_Compute: 28.129 V
[LIFT] V_Motors: 27.385 V
[LIFT] V_Compute: 28.139 V
[LIFT] V_Motors: 27.389 V
[LIFT] V_Compute: 28.124 V
[LIFT] V_Motors: 27.391 V
[LIFT] V_Compute: 28.125 V
[LIFT] V_Motors: 27.381 V
[LIFT] V_Compute: 28.135 V
[LIFT] V_Motors: 27.382 V
[LIFT] V_Compute: 28.130 V
[LIFT] V_Motors: 27.389 V
[LIFT] V_Compute: 28.135 V
[LIFT] V_Motors: 27.386 V
[LIFT] V_Compute: 28.131 V
[LIFT] V_Motors: 27.381 V
[LIFT] V_Compute: 28.130 V
[LIFT] V_Motors: 27.382 V
[LIFT] V_Compute: 28.128 V
[LIFT] V_Motors: 27.381 V
[LIFT] V_Compute: 28.130 V
[LIFT] V_Motors: 27.389 V
[LIFT] V_Compute: 28.130 V
[LIFT] V_Motors: 27.390 V
[LIFT] V_Compute: 28.131 V
[LIFT] V_Motors: 27.388 V
[LIFT] V_Compute: 28.126 V
[LIFT] V_Motors: 27.378 V
[LIFT] V_Compute: 28.128 V
[LIFT] V_Motors: 27.389 V
[LIFT] V_Compute: 28.125 V
[LIFT] V_Motors: 27.385 V
[LIFT] V_Compute: 28.131 V
[LIFT] V_Motors: 27.389 V
[LIFT] V_Compute: 28.112 V
[LIFT] V_Motors: 27.371 V
[LIFT] V_Compute: 28.132 V
[LIFT] V_Motors: 27.384 V
[LIFT] V_Compute: 28.131 V
[LIFT] V_Motors: 27.384 V
[LIFT] V_Compute: 28.130 V
[LIFT] V_Motors: 27.388 V
[LIFT] V_Compute: 28.120 V
[LIFT] V_Motors: 27.388 V
[LIFT] V_Compute: 28.129 V
[LIFT] V_Motors: 27.386 V
[LIFT] V_Compute: 28.132 V
[LIFT] V_Motors: 27.390 V
[LIFT] V_Compute: 28.138 V
[LIFT] V_Motors: 27.376 V
[LIFT] V_Compute: 28.128 V
[LIFT] V_Motors: 27.385 V
[LIFT] V_Compute: 28.130 V
[LIFT] V_Motors: 27.386 V
[LIFT] V_Compute: 28.111 V
[LIFT] V_Motors: 27.369 V
[LIFT] V_Compute: 28.114 V
[LIFT] V_Motors: 27.375 V
[LIFT] V_Compute: 28.126 V
[LIFT] V_Motors: 27.386 V
[LIFT] V_Compute: 28.135 V
[LIFT] V_Motors: 27.388 V
[LIFT] V_Compute: 28.128 V
[LIFT] V_Motors: 27.384 V
[LIFT] V_Compute: 28.130 V
[LIFT] V_Motors: 27.389 V
[LIFT] V_Compute: 28.125 V
[LIFT] V_Motors: 27.376 V
[LIFT] V_Compute: 28.126 V
[LIFT] V_Motors: 27.384 V
[LIFT] V_Compute: 28.124 V
[LIFT] V_Motors: 27.384 V
[LIFT] V_Compute: 28.135 V
[LIFT] V_Motors: 27.388 V
[LIFT] V_Compute: 28.129 V
[LIFT] V_Motors: 27.385 V
[LIFT] V_Compute: 28.128 V
[LIFT] V_Motors: 27.388 V
[LIFT] V_Compute: 28.131 V
[LIFT] V_Motors: 27.388 V
[LIFT] V_Compute: 28.122 V
[LIFT] V_Motors: 27.382 V
[LIFT] V_Compute: 28.135 V
[LIFT] V_Motors: 27.382 V
[LIFT] V_Compute: 28.134 V
[LIFT] V_Motors: 27.384 V
[LIFT] V_Compute: 28.125 V
[LIFT] V_Motors: 27.390 V
[LIFT] V_Compute: 28.129 V
[LIFT] V_Motors: 27.390 V
[LIFT] V_Compute: 28.112 V
[LIFT] V_Motors: 27.370 V
[LIFT] V_Compute: 28.129 V
[LIFT] V_Motors: 27.385 V
[LIFT] V_Compute: 28.128 V
[LIFT] V_Motors: 27.382 V
[LIFT] V_Compute: 28.131 V
[LIFT] V_Motors: 27.388 V
[LIFT] V_Compute: 28.131 V
[LIFT] V_Motors: 27.380 V
[LIFT] V_Compute: 28.128 V
[LIFT] V_Motors: 27.378 V
[LIFT] V_Compute: 28.111 V
[LIFT] V_Motors: 27.370 V
[LIFT] V_Compute: 28.136 V
[LIFT] V_Motors: 27.391 V
[LIFT] V_Compute: 28.130 V
[LIFT] V_Motors: 27.386 V
[LIFT] V_Compute: 28.128 V
[LIFT] V_Motors: 27.385 V
[LIFT] V_Compute: 28.140 V
[LIFT] V_Motors: 27.385 V
[LIFT] V_Compute: 28.130 V
[LIFT] V_Motors: 27.388 V
[LIFT] V_Compute: 28.128 V
[LIFT] V_Motors: 27.384 V
[LIFT] V_Compute: 28.134 V
[LIFT] V_Motors: 27.386 V
[LIFT] V_Compute: 28.136 V
[LIFT] V_Motors: 27.385 V
[LIFT] V_Compute: 28.132 V
[LIFT] V_Motors: 27.386 V
[LIFT] V_Compute: 28.131 V
[LIFT] V_Motors: 27.384 V
[LIFT] V_Compute: 28.128 V
[LIFT] V_Motors: 27.391 V
[LIFT] V_Compute: 28.124 V
[LIFT] V_Motors: 27.385 V
[LIFT] V_Compute: 28.135 V
[LIFT] V_Motors: 27.384 V
[LIFT] V_Compute: 28.135 V
[LIFT] V_Motors: 27.391 V
[LIFT] V_Compute: 28.121 V
[LIFT] V_Motors: 27.376 V
[LIFT] V_Compute: 28.112 V
[LIFT] V_Motors: 27.371 V
[LIFT] V_Compute: 28.112 V
[LIFT] V_Motors: 27.371 V
[LIFT] V_Compute: 28.128 V
[LIFT] V_Motors: 27.385 V
[LIFT] V_Compute: 28.136 V
[LIFT] V_Motors: 27.382 V
[LIFT] V_Compute: 28.132 V
[LIFT] V_Motors: 27.388 V
[LIFT] V_Compute: 28.131 V
[LIFT] V_Motors: 27.390 V
[LIFT] V_Compute: 28.134 V
[LIFT] V_Motors: 27.389 V
[LIFT] V_Compute: 28.124 V
[LIFT] V_Motors: 27.376 V
[LIFT] V_Compute: 28.130 V
[LIFT] V_Motors: 27.382 V
[LIFT] V_Compute: 28.136 V
[LIFT] V_Motors: 27.389 V
[LIFT] V_Compute: 28.132 V
[LIFT] V_Motors: 27.392 V
[LIFT] V_Compute: 28.138 V
[LIFT] V_Motors: 27.390 V
[LIFT] V_Compute: 28.138 V
[LIFT] V_Motors: 27.382 V
[LIFT] V_Compute: 28.122 V
[LIFT] V_Motors: 27.379 V
[LIFT] V_Compute: 28.126 V
[LIFT] V_Motors: 27.385 V
[LIFT] V_Compute: 28.138 V
[LIFT] V_Motors: 27.385 V
[LIFT] V_Compute: 28.134 V
[LIFT] V_Motors: 27.385 V
[LIFT] V_Compute: 28.139 V
[LIFT] V_Motors: 27.390 V
[LIFT] V_Compute: 28.135 V
[LIFT] V_Motors: 27.385 V
[LIFT] V_Compute: 28.130 V
[LIFT] V_Motors: 27.389 V
[LIFT] V_Compute: 28.132 V
[LIFT] V_Motors: 27.389 V
[LIFT] V_Compute: 28.132 V
[LIFT] V_Motors: 27.388 V
[LIFT] V_Compute: 28.134 V
[LIFT] V_Motors: 27.384 V
[LIFT] V_Compute: 28.134 V
[LIFT] V_Motors: 27.389 V
[LIFT] V_Compute: 28.128 V
[LIFT] V_Motors: 27.391 V
[LIFT] V_Compute: 28.130 V
[LIFT] V_Motors: 27.386 V
[LIFT] V_Compute: 28.131 V
[LIFT] V_Motors: 27.388 V
[LIFT] V_Compute: 28.134 V
[LIFT] V_Motors: 27.386 V
[LIFT] V_Compute: 28.126 V
[LIFT] V_Motors: 27.391 V
[LIFT] V_Compute: 28.131 V
[LIFT] V_Motors: 27.391 V
[LIFT] V_Compute: 28.116 V
[LIFT] V_Motors: 27.374 V
[LIFT] V_Compute: 28.132 V
[LIFT] V_Motors: 27.389 V
[LIFT] V_Compute: 28.126 V
[LIFT] V_Motors: 27.388 V
[LIFT] V_Compute: 28.129 V
[LIFT] V_Motors: 27.382 V
[LIFT] V_Compute: 28.135 V
[LIFT] V_Motors: 27.389 V
[LIFT] V_Compute: 28.132 V
[LIFT] V_Motors: 27.388 V
[LIFT] V_Compute: 28.136 V
[LIFT] V_Motors: 27.389 V
[LIFT] V_Compute: 28.138 V
[LIFT] V_Motors: 27.386 V
[LIFT] V_Compute: 28.132 V
[LIFT] V_Motors: 27.385 V
[LIFT] V_Compute: 28.132 V
[LIFT] V_Motors: 27.390 V
[LIFT] V_Compute: 28.136 V
[LIFT] V_Motors: 27.386 V
[LIFT] V_Compute: 28.135 V
[LIFT] V_Motors: 27.386 V
[LIFT] V_Compute: 28.134 V
[LIFT] V_Motors: 27.385 V
[LIFT] V_Compute: 28.130 V
[LIFT] V_Motors: 27.385 V
[LIFT] V_Compute: 28.129 V
[LIFT] V_Motors: 27.384 V
[LIFT] V_Compute: 28.130 V
[LIFT] V_Motors: 27.389 V
[LIFT] V_Compute: 28.131 V
[LIFT] V_Motors: 27.385 V
[LIFT] V_Compute: 28.126 V
[LIFT] V_Motors: 27.385 V
[LIFT] V_Compute: 28.138 V
[LIFT] V_Motors: 27.388 V
[LIFT] V_Compute: 28.131 V
[LIFT] V_Motors: 27.386 V
[LIFT] V_Compute: 28.129 V
[LIFT] V_Motors: 27.382 V
[LIFT] V_Compute: 28.134 V
[LIFT] V_Motors: 27.389 V
[LIFT] V_Compute: 28.136 V
[LIFT] V_Motors: 27.389 V
[LIFT] V_Compute: 28.130 V
[LIFT] V_Motors: 27.380 V
[LIFT] V_Compute: 28.129 V
[LIFT] V_Motors: 27.394 V
[LIFT] V_Compute: 28.132 V
[LIFT] V_Motors: 27.389 V
[LIFT] V_Compute: 28.132 V
[LIFT] V_Motors: 27.388 V
[LIFT] V_Compute: 28.135 V
[LIFT] V_Motors: 27.386 V
[LIFT] V_Compute: 28.132 V
[LIFT] V_Motors: 27.390 V
[LIFT] V_Compute: 28.135 V
[LIFT] V_Motors: 27.390 V
[LIFT] V_Compute: 28.129 V
[LIFT] V_Motors: 27.388 V
[LIFT] V_Compute: 28.131 V
[LIFT] V_Motors: 27.389 V
[LIFT] V_Compute: 28.121 V
[LIFT] V_Motors: 27.382 V
[LIFT] V_Compute: 28.136 V
[LIFT] V_Motors: 27.390 V
[LIFT] V_Compute: 28.128 V
[LIFT] V_Motors: 27.389 V
[LIFT] V_Compute: 28.138 V
[LIFT] V_Motors: 27.390 V
[LIFT] V_Compute: 28.132 V
[LIFT] V_Motors: 27.385 V
[LIFT] V_Compute: 28.131 V
[LIFT] V_Motors: 27.389 V
[LIFT] V_Compute: 28.129 V
[LIFT] V_Motors: 27.386 V
[LIFT] V_Compute: 28.122 V
[LIFT] V_Motors: 27.382 V
[LIFT] V_Compute: 28.114 V
[LIFT] V_Motors: 27.376 V
[LIFT] V_Compute: 28.138 V
[LIFT] V_Motors: 27.381 V
[LIFT] V_Compute: 28.128 V
[LIFT] V_Motors: 27.380 V
[LIFT] V_Compute: 28.131 V
[LIFT] V_Motors: 27.376 V
[LIFT] V_Compute: 28.126 V
[LIFT] V_Motors: 27.379 V
[LIFT] V_Compute: 28.128 V
[LIFT] V_Motors: 27.381 V
[LIFT] V_Compute: 28.125 V
[LIFT] V_Motors: 27.376 V
[LIFT] V_Compute: 28.128 V
[LIFT] V_Motors: 27.380 V
[LIFT] V_Compute: 28.121 V
[LIFT] V_Motors: 27.372 V
[LIFT] V_Compute: 28.126 V
[LIFT] V_Motors: 27.380 V
[LIFT] V_Compute: 28.114 V
[LIFT] V_Motors: 27.371 V
[LIFT] V_Compute: 28.099 V
[LIFT] V_Motors: 27.361 V
[LIFT] V_Compute: 28.125 V
[LIFT] V_Motors: 27.376 V
[LIFT] V_Compute: 28.121 V
[LIFT] V_Motors: 27.376 V
[LIFT] V_Compute: 28.121 V
[LIFT] V_Motors: 27.380 V
[LIFT] V_Compute: 28.115 V
[LIFT] V_Motors: 27.378 V
[LIFT] V_Compute: 28.122 V
[LIFT] V_Motors: 27.376 V
[LIFT] V_Compute: 28.125 V
[LIFT] V_Motors: 27.380 V
[LIFT] V_Compute: 28.119 V
[LIFT] V_Motors: 27.378 V
[LIFT] V_Compute: 28.125 V
[LIFT] V_Motors: 27.372 V
[LIFT] V_Compute: 28.126 V
[LIFT] V_Motors: 27.380 V
[LIFT] V_Compute: 28.125 V
[LIFT] V_Motors: 27.378 V
[LIFT] V_Compute: 28.107 V
[LIFT] V_Motors: 27.361 V
[LIFT] V_Compute: 28.106 V
[LIFT] V_Motors: 27.362 V
[LIFT] V_Compute: 28.121 V
[LIFT] V_Motors: 27.379 V
[LIFT] V_Compute: 28.126 V
[LIFT] V_Motors: 27.381 V
[LIFT] V_Compute: 28.122 V
[LIFT] V_Motors: 27.376 V
[LIFT] V_Compute: 28.124 V
[LIFT] V_Motors: 27.376 V
[LIFT] V_Compute: 28.125 V
[LIFT] V_Motors: 27.380 V
[LIFT] V_Compute: 28.119 V
[LIFT] V_Motors: 27.379 V
[LIFT] V_Compute: 28.124 V
[LIFT] V_Motors: 27.376 V
[LIFT] V_Compute: 28.111 V
[LIFT] V_Motors: 27.371 V
[LIFT] V_Compute: 28.121 V
[LIFT] V_Motors: 27.381 V
[LIFT] V_Compute: 28.129 V
[LIFT] V_Motors: 27.381 V
[LIFT] V_Compute: 28.115 V
[LIFT] V_Motors: 27.371 V
[LIFT] V_Compute: 28.129 V
[LIFT] V_Motors: 27.376 V
[LIFT] V_Compute: 28.124 V
[LIFT] V_Motors: 27.379 V
[LIFT] V_Compute: 28.121 V
[LIFT] V_Motors: 27.372 V
[LIFT] V_Compute: 28.121 V
[LIFT] V_Motors: 27.378 V
[LIFT] V_Compute: 28.122 V
[LIFT] V_Motors: 27.379 V
[LIFT] V_Compute: 28.112 V
[LIFT] V_Motors: 27.376 V
[LIFT] V_Compute: 28.121 V
[LIFT] V_Motors: 27.375 V
[LIFT] V_Compute: 28.118 V
[LIFT] V_Motors: 27.375 V
[LIFT] V_Compute: 28.101 V
[LIFT] V_Motors: 27.360 V
[LIFT] V_Compute: 28.119 V
[LIFT] V_Motors: 27.366 V
[LIFT] V_Compute: 28.121 V
[LIFT] V_Motors: 27.375 V
[LIFT] V_Compute: 28.124 V
[LIFT] V_Motors: 27.382 V
[LIFT] V_Compute: 28.121 V
[LIFT] V_Motors: 27.368 V
[LIFT] V_Compute: 28.120 V
[LIFT] V_Motors: 27.372 V
[LIFT] V_Compute: 28.124 V
[LIFT] V_Motors: 27.376 V
[LIFT] V_Compute: 28.104 V
[LIFT] V_Motors: 27.368 V
[LIFT] V_Compute: 28.106 V
[LIFT] V_Motors: 27.366 V
[LIFT] V_Compute: 28.095 V
[LIFT] V_Motors: 27.368 V
[LIFT] V_Compute: 28.111 V
[LIFT] V_Motors: 27.372 V
[LIFT] V_Compute: 28.120 V
[LIFT] V_Motors: 27.378 V
[LIFT] V_Compute: 28.104 V
[LIFT] V_Motors: 27.360 V
[LIFT] V_Compute: 28.119 V
[LIFT] V_Motors: 27.369 V
[LIFT] V_Compute: 28.112 V
[LIFT] V_Motors: 27.368 V
[LIFT] V_Compute: 28.124 V
[LIFT] V_Motors: 27.374 V
[LIFT] V_Compute: 28.109 V
[LIFT] V_Motors: 27.364 V
[LIFT] V_Compute: 28.120 V
[LIFT] V_Motors: 27.371 V
[LIFT] V_Compute: 28.122 V
[LIFT] V_Motors: 27.378 V
[LIFT] V_Compute: 28.121 V
[LIFT] V_Motors: 27.374 V
[LIFT] V_Compute: 28.120 V
[LIFT] V_Motors: 27.371 V
[LIFT] V_Compute: 28.119 V
[LIFT] V_Motors: 27.379 V
[LIFT] V_Compute: 28.119 V
[LIFT] V_Motors: 27.375 V
[LIFT] V_Compute: 28.120 V
[LIFT] V_Motors: 27.374 V
[LIFT] V_Compute: 28.109 V
[LIFT] V_Motors: 27.370 V
[LIFT] V_Compute: 28.115 V
[LIFT] V_Motors: 27.371 V
[LIFT] V_Compute: 28.110 V
[LIFT] V_Motors: 27.357 V
[LIFT] V_Compute: 28.115 V
[LIFT] V_Motors: 27.375 V
[LIFT] V_Compute: 28.121 V
[LIFT] V_Motors: 27.372 V
[LIFT] V_Compute: 28.121 V
[LIFT] V_Motors: 27.371 V
[LIFT] V_Compute: 28.116 V
[LIFT] V_Motors: 27.371 V
[LIFT] V_Compute: 28.116 V
[LIFT] V_Motors: 27.376 V
[LIFT] V_Compute: 28.124 V
[LIFT] V_Motors: 27.376 V
[YOR] follow_path: n=22 first=(-0.01489999294281008, 0.015499782562255149) last=(3.9851000070571905, -1.1345002174377443)
[LIFT] V_Compute: 28.120 V
[LIFT] V_Motors: 27.376 V
[LIFT] V_Compute: 28.115 V
[LIFT] V_Motors: 27.360 V
[LIFT] V_Compute: 28.122 V
[LIFT] V_Motors: 27.325 V
[LIFT] V_Compute: 28.104 V
[LIFT] V_Motors: 27.315 V
[LIFT] V_Compute: 28.120 V
[LIFT] V_Motors: 27.329 V
[LIFT] V_Compute: 28.129 V
[LIFT] V_Motors: 27.343 V
[LIFT] V_Compute: 28.124 V
[LIFT] V_Motors: 27.343 V
[LIFT] V_Compute: 28.116 V
[LIFT] V_Motors: 27.304 V
[LIFT] V_Compute: 28.118 V
[LIFT] V_Motors: 27.356 V
[LIFT] V_Compute: 28.129 V
[LIFT] V_Motors: 27.353 V
[LIFT] V_Compute: 28.105 V
[LIFT] V_Motors: 27.316 V
[LIFT] V_Compute: 28.118 V
[LIFT] V_Motors: 27.330 V
[LIFT] V_Compute: 28.115 V
[LIFT] V_Motors: 27.331 V
[LIFT] V_Compute: 28.118 V
[LIFT] V_Motors: 27.334 V
[LIFT] V_Compute: 28.118 V
[LIFT] V_Motors: 27.329 V
[LIFT] V_Compute: 28.122 V
[LIFT] V_Motors: 27.305 V
[LIFT] V_Compute: 28.118 V
[LIFT] V_Motors: 27.347 V
[LIFT] V_Compute: 28.126 V
[LIFT] V_Motors: 27.334 V
[LIFT] V_Compute: 28.111 V
[LIFT] V_Motors: 27.339 V
[LIFT] V_Compute: 28.119 V
[LIFT] V_Motors: 27.346 V
[LIFT] V_Compute: 28.119 V
[LIFT] V_Motors: 27.326 V
[LIFT] V_Compute: 28.122 V
[LIFT] V_Motors: 27.330 V
[LIFT] V_Compute: 28.125 V
[LIFT] V_Motors: 27.340 V
[LIFT] V_Compute: 28.114 V
[LIFT] V_Motors: 27.325 V
[LIFT] V_Compute: 28.118 V
[LIFT] V_Motors: 27.337 V
[LIFT] V_Compute: 28.120 V
[LIFT] V_Motors: 27.317 V
[LIFT] V_Compute: 28.115 V
[LIFT] V_Motors: 27.327 V
[LIFT] V_Compute: 28.114 V
[LIFT] V_Motors: 27.295 V
[YOR] follow_path: cleared
[LIFT] V_Compute: 28.126 V
[LIFT] V_Motors: 27.365 V
[LIFT] V_Compute: 28.120 V
[LIFT] V_Motors: 27.365 V
[LIFT] V_Compute: 28.126 V
[LIFT] V_Motors: 27.370 V
[LIFT] V_Compute: 28.121 V
[LIFT] V_Motors: 27.366 V
[LIFT] V_Compute: 28.121 V
[LIFT] V_Motors: 27.366 V
[LIFT] V_Compute: 28.122 V
[LIFT] V_Motors: 27.366 V
[LIFT] V_Compute: 28.111 V
[LIFT] V_Motors: 27.365 V
[LIFT] V_Compute: 28.115 V
[LIFT] V_Motors: 27.370 V
[YOR] follow_path: n=22 first=(3.995699994266033, -1.1345002174377443) last=(-0.004300005733966827, 0.015499782562255149)
[LIFT] V_Compute: 28.119 V
[LIFT] V_Motors: 27.311 V
[LIFT] V_Compute: 28.124 V
[LIFT] V_Motors: 27.347 V
[LIFT] V_Compute: 28.120 V
[LIFT] V_Motors: 27.349 V
[LIFT] V_Compute: 28.114 V
[LIFT] V_Motors: 27.349 V
[LIFT] V_Compute: 28.107 V
[LIFT] V_Motors: 27.339 V
[LIFT] V_Compute: 28.111 V
[LIFT] V_Motors: 27.324 V
[LIFT] V_Compute: 28.118 V
[LIFT] V_Motors: 27.247 V
[LIFT] V_Compute: 28.126 V
[LIFT] V_Motors: 27.326 V
[LIFT] V_Compute: 28.119 V
[LIFT] V_Motors: 27.327 V
[LIFT] V_Compute: 28.118 V
[LIFT] V_Motors: 27.354 V
[LIFT] V_Compute: 28.112 V
[LIFT] V_Motors: 27.310 V
[LIFT] V_Compute: 28.118 V
[LIFT] V_Motors: 27.321 V
[LIFT] V_Compute: 28.118 V
[LIFT] V_Motors: 27.305 V
[LIFT] V_Compute: 28.116 V
[LIFT] V_Motors: 27.295 V
[LIFT] V_Compute: 28.107 V
[LIFT] V_Motors: 27.320 V
[LIFT] V_Compute: 28.125 V
[LIFT] V_Motors: 27.317 V
[LIFT] V_Compute: 28.115 V
[LIFT] V_Motors: 27.336 V
[LIFT] V_Compute: 28.111 V
[LIFT] V_Motors: 27.316 V
[LIFT] V_Compute: 28.097 V
[LIFT] V_Motors: 27.302 V
[LIFT] V_Compute: 28.110 V
[LIFT] V_Motors: 27.302 V
[LIFT] V_Compute: 28.097 V
[LIFT] V_Motors: 27.305 V
[LIFT] V_Compute: 28.116 V
[LIFT] V_Motors: 27.306 V
[LIFT] V_Compute: 28.122 V
[LIFT] V_Motors: 27.302 V
[LIFT] V_Compute: 28.122 V
[LIFT] V_Motors: 27.339 V
[LIFT] V_Compute: 28.120 V
[LIFT] V_Motors: 27.309 V
[LIFT] V_Compute: 28.121 V
[LIFT] V_Motors: 27.325 V
[LIFT] V_Compute: 28.119 V
[LIFT] V_Motors: 27.327 V
[LIFT] V_Compute: 28.116 V
[LIFT] V_Motors: 27.298 V
[LIFT] V_Compute: 28.125 V
[LIFT] V_Motors: 27.333 V
[LIFT] V_Compute: 28.114 V
[LIFT] V_Motors: 27.330 V
[LIFT] V_Compute: 28.119 V
[LIFT] V_Motors: 27.331 V
[LIFT] V_Compute: 28.118 V
[LIFT] V_Motors: 27.340 V
[LIFT] V_Compute: 28.114 V
[LIFT] V_Motors: 27.340 V
[LIFT] V_Compute: 28.114 V
[LIFT] V_Motors: 27.336 V
[LIFT] V_Compute: 28.109 V
[LIFT] V_Motors: 27.334 V
[LIFT] V_Compute: 28.116 V
[LIFT] V_Motors: 27.344 V
[LIFT] V_Compute: 28.118 V
[LIFT] V_Motors: 27.345 V
[LIFT] V_Compute: 28.118 V
[LIFT] V_Motors: 27.317 V
[LIFT] V_Compute: 28.095 V
[LIFT] V_Motors: 27.314 V
[LIFT] V_Compute: 28.120 V
[LIFT] V_Motors: 27.326 V
[LIFT] V_Compute: 28.121 V
[LIFT] V_Motors: 27.365 V
[YOR] follow_path: cleared
[LIFT] V_Compute: 28.120 V
[LIFT] V_Motors: 27.357 V
[LIFT] V_Compute: 28.114 V
[LIFT] V_Motors: 27.354 V
[LIFT] V_Compute: 28.116 V
[LIFT] V_Motors: 27.359 V
[LIFT] V_Compute: 28.112 V
[LIFT] V_Motors: 27.355 V
[LIFT] V_Compute: 28.121 V
[LIFT] V_Motors: 27.361 V
[LIFT] V_Compute: 28.110 V
[LIFT] V_Motors: 27.361 V
[LIFT] V_Compute: 28.101 V
[LIFT] V_Motors: 27.353 V
[LIFT] V_Compute: 28.115 V
[LIFT] V_Motors: 27.359 V
[LIFT] V_Compute: 28.116 V
[LIFT] V_Motors: 27.354 V
[LIFT] V_Compute: 28.112 V
[LIFT] V_Motors: 27.354 V
[LIFT] V_Compute: 28.115 V
[LIFT] V_Motors: 27.357 V
[LIFT] V_Compute: 28.107 V
[LIFT] V_Motors: 27.365 V
[LIFT] V_Compute: 28.118 V
[LIFT] V_Motors: 27.359 V
[LIFT] V_Compute: 28.119 V
[LIFT] V_Motors: 27.364 V
[LIFT] V_Compute: 28.115 V
[LIFT] V_Motors: 27.360 V
[LIFT] V_Compute: 28.120 V
[LIFT] V_Motors: 27.360 V
[LIFT] V_Compute: 28.118 V
[LIFT] V_Motors: 27.360 V
[LIFT] V_Compute: 28.107 V
[LIFT] V_Motors: 27.351 V
[LIFT] V_Compute: 28.106 V
[LIFT] V_Motors: 27.350 V
[LIFT] V_Compute: 28.100 V
[LIFT] V_Motors: 27.349 V
[LIFT] V_Compute: 28.115 V
[LIFT] V_Motors: 27.360 V
[LIFT] V_Compute: 28.120 V
[LIFT] V_Motors: 27.361 V
[LIFT] V_Compute: 28.112 V
[LIFT] V_Motors: 27.357 V
[LIFT] V_Compute: 28.109 V
[LIFT] V_Motors: 27.361 V
[LIFT] V_Compute: 28.116 V
[LIFT] V_Motors: 27.359 V
[LIFT] V_Compute: 28.118 V
[LIFT] V_Motors: 27.359 V
[LIFT] V_Compute: 28.114 V
[LIFT] V_Motors: 27.364 V
[LIFT] V_Compute: 28.112 V
[LIFT] V_Motors: 27.356 V
[LIFT] V_Compute: 28.112 V
[LIFT] V_Motors: 27.362 V
[LIFT] V_Compute: 28.116 V
[LIFT] V_Motors: 27.357 V
[LIFT] V_Compute: 28.115 V
[LIFT] V_Motors: 27.364 V
[LIFT] V_Compute: 28.111 V
[LIFT] V_Motors: 27.354 V
[LIFT] V_Compute: 28.118 V
[LIFT] V_Motors: 27.361 V
[LIFT] V_Compute: 28.112 V
[LIFT] V_Motors: 27.362 V
[LIFT] V_Compute: 28.116 V
[LIFT] V_Motors: 27.366 V
[LIFT] V_Compute: 28.109 V
[LIFT] V_Motors: 27.361 V
[LIFT] V_Compute: 28.128 V
[LIFT] V_Motors: 27.360 V
[LIFT] V_Compute: 28.103 V
[LIFT] V_Motors: 27.345 V
[LIFT] V_Compute: 28.116 V
[LIFT] V_Motors: 27.357 V
[LIFT] V_Compute: 28.107 V
[LIFT] V_Motors: 27.357 V
[LIFT] V_Compute: 28.119 V
[LIFT] V_Motors: 27.364 V
[LIFT] V_Compute: 28.114 V
[LIFT] V_Motors: 27.360 V
[LIFT] V_Compute: 28.119 V
[LIFT] V_Motors: 27.362 V
[LIFT] V_Compute: 28.106 V
[LIFT] V_Motors: 27.356 V
[LIFT] V_Compute: 28.112 V
[LIFT] V_Motors: 27.359 V
[LIFT] V_Compute: 28.122 V
[LIFT] V_Motors: 27.361 V
[LIFT] V_Compute: 28.105 V
[LIFT] V_Motors: 27.360 V
[LIFT] V_Compute: 28.120 V
[LIFT] V_Motors: 27.359 V
[LIFT] V_Compute: 28.114 V
[LIFT] V_Motors: 27.356 V
[LIFT] V_Compute: 28.115 V
[LIFT] V_Motors: 27.366 V
[LIFT] V_Compute: 28.114 V
[LIFT] V_Motors: 27.362 V
[LIFT] V_Compute: 28.115 V
[LIFT] V_Motors: 27.366 V
[LIFT] V_Compute: 28.119 V
[LIFT] V_Motors: 27.362 V
[LIFT] V_Compute: 28.109 V
[LIFT] V_Motors: 27.365 V
[YOR] follow_path: cleared
[LIFT] V_Compute: 28.116 V
[LIFT] V_Motors: 27.374 V
[LIFT] V_Compute: 28.119 V
[LIFT] V_Motors: 27.371 V
[LIFT] V_Compute: 28.124 V
[LIFT] V_Motors: 27.368 V
[LIFT] V_Compute: 28.120 V
[LIFT] V_Motors: 27.371 V
[LIFT] V_Compute: 28.122 V
[LIFT] V_Motors: 27.374 V
[LIFT] V_Compute: 28.104 V
[LIFT] V_Motors: 27.356 V
[LIFT] V_Compute: 28.120 V
[LIFT] V_Motors: 27.364 V
[LIFT] V_Compute: 28.118 V
[LIFT] V_Motors: 27.375 V
[LIFT] V_Compute: 28.121 V
[LIFT] V_Motors: 27.372 V
[LIFT] V_Compute: 28.118 V
[LIFT] V_Motors: 27.376 V
[LIFT] V_Compute: 28.122 V
[LIFT] V_Motors: 27.376 V
[LIFT] V_Compute: 28.122 V
[LIFT] V_Motors: 27.371 V
[LIFT] V_Compute: 28.126 V
[LIFT] V_Motors: 27.374 V
[LIFT] V_Compute: 28.125 V
[LIFT] V_Motors: 27.372 V
[LIFT] V_Compute: 28.128 V
[LIFT] V_Motors: 27.376 V
[LIFT] V_Compute: 28.124 V
[LIFT] V_Motors: 27.372 V
[LIFT] V_Compute: 28.121 V
[LIFT] V_Motors: 27.372 V
[LIFT] V_Compute: 28.122 V
[LIFT] V_Motors: 27.371 V
[LIFT] V_Compute: 28.130 V
[LIFT] V_Motors: 27.378 V
[LIFT] V_Compute: 28.120 V
[LIFT] V_Motors: 27.374 V
[LIFT] V_Compute: 28.122 V
[LIFT] V_Motors: 27.374 V
[LIFT] V_Compute: 28.128 V
[LIFT] V_Motors: 27.376 V
[LIFT] V_Compute: 28.126 V
[LIFT] V_Motors: 27.376 V
[LIFT] V_Compute: 28.124 V
[LIFT] V_Motors: 27.375 V
[LIFT] V_Compute: 28.130 V
[LIFT] V_Motors: 27.375 V
[LIFT] V_Compute: 28.124 V
[LIFT] V_Motors: 27.378 V
[LIFT] V_Compute: 28.121 V
[LIFT] V_Motors: 27.370 V
[LIFT] V_Compute: 28.125 V
[LIFT] V_Motors: 27.378 V
[LIFT] V_Compute: 28.128 V
[LIFT] V_Motors: 27.379 V
[LIFT] V_Compute: 28.122 V
[LIFT] V_Motors: 27.376 V
[LIFT] V_Compute: 28.124 V
[LIFT] V_Motors: 27.376 V
[LIFT] V_Compute: 28.130 V
[LIFT] V_Motors: 27.376 V
[LIFT] V_Compute: 28.121 V
[LIFT] V_Motors: 27.372 V
[LIFT] V_Compute: 28.134 V
[LIFT] V_Motors: 27.374 V
[LIFT] V_Compute: 28.134 V
[LIFT] V_Motors: 27.376 V
[LIFT] V_Compute: 28.116 V
[LIFT] V_Motors: 27.364 V
[LIFT] V_Compute: 28.116 V
[LIFT] V_Motors: 27.369 V
[LIFT] V_Compute: 28.120 V
[LIFT] V_Motors: 27.374 V
[LIFT] V_Compute: 28.118 V
[LIFT] V_Motors: 27.361 V
[LIFT] V_Compute: 28.132 V
[LIFT] V_Motors: 27.374 V
[LIFT] V_Compute: 28.128 V
[LIFT] V_Motors: 27.379 V
[LIFT] V_Compute: 28.105 V
[LIFT] V_Motors: 27.362 V
[LIFT] V_Compute: 28.132 V
[LIFT] V_Motors: 27.374 V
[LIFT] V_Compute: 28.135 V
[LIFT] V_Motors: 27.374 V
[LIFT] V_Compute: 28.130 V
[LIFT] V_Motors: 27.379 V
[LIFT] V_Compute: 28.126 V
[LIFT] V_Motors: 27.375 V
[LIFT] V_Compute: 28.121 V
[LIFT] V_Motors: 27.370 V
[LIFT] V_Compute: 28.120 V
[LIFT] V_Motors: 27.372 V
[LIFT] V_Compute: 28.128 V
[LIFT] V_Motors: 27.378 V
[LIFT] V_Compute: 28.124 V
[LIFT] V_Motors: 27.378 V
[LIFT] V_Compute: 28.121 V
[LIFT] V_Motors: 27.370 V
[LIFT] V_Compute: 28.128 V
[LIFT] V_Motors: 27.378 V
[LIFT] V_Compute: 28.130 V
[LIFT] V_Motors: 27.375 V
[LIFT] V_Compute: 28.121 V
[LIFT] V_Motors: 27.369 V
[LIFT] V_Compute: 28.126 V
[LIFT] V_Motors: 27.380 V
[LIFT] V_Compute: 28.130 V
[LIFT] V_Motors: 27.375 V
[LIFT] V_Compute: 28.130 V
[LIFT] V_Motors: 27.379 V
[LIFT] V_Compute: 28.128 V
[LIFT] V_Motors: 27.376 V
[LIFT] V_Compute: 28.132 V
[LIFT] V_Motors: 27.380 V
[LIFT] V_Compute: 28.130 V
[LIFT] V_Motors: 27.376 V
[LIFT] V_Compute: 28.136 V
[LIFT] V_Motors: 27.379 V
[LIFT] V_Compute: 28.132 V
[LIFT] V_Motors: 27.379 V
[LIFT] V_Compute: 28.131 V
[LIFT] V_Motors: 27.379 V
[LIFT] V_Compute: 28.131 V
[LIFT] V_Motors: 27.374 V
[LIFT] V_Compute: 28.126 V
[LIFT] V_Motors: 27.379 V
[LIFT] V_Compute: 28.125 V
[LIFT] V_Motors: 27.375 V
[LIFT] V_Compute: 28.130 V
[LIFT] V_Motors: 27.378 V
[LIFT] V_Compute: 28.130 V
[LIFT] V_Motors: 27.381 V
[LIFT] V_Compute: 28.128 V
[LIFT] V_Motors: 27.379 V
[LIFT] V_Compute: 28.110 V
[LIFT] V_Motors: 27.362 V
[LIFT] V_Compute: 28.128 V
[LIFT] V_Motors: 27.376 V
[LIFT] V_Compute: 28.128 V
[LIFT] V_Motors: 27.374 V
[LIFT] V_Compute: 28.134 V
[LIFT] V_Motors: 27.375 V
[LIFT] V_Compute: 28.131 V
[LIFT] V_Motors: 27.380 V
[LIFT] V_Compute: 28.134 V
[LIFT] V_Motors: 27.379 V
[LIFT] V_Compute: 28.126 V
[LIFT] V_Motors: 27.371 V
[LIFT] V_Compute: 28.136 V
[LIFT] V_Motors: 27.376 V
[LIFT] V_Compute: 28.132 V
[LIFT] V_Motors: 27.375 V
[LIFT] V_Compute: 28.126 V
[LIFT] V_Motors: 27.376 V
[LIFT] V_Compute: 28.126 V
[LIFT] V_Motors: 27.381 V
[LIFT] V_Compute: 28.120 V
[LIFT] V_Motors: 27.372 V
[LIFT] V_Compute: 28.125 V
[LIFT] V_Motors: 27.378 V
[LIFT] V_Compute: 28.132 V
[LIFT] V_Motors: 27.376 V
[LIFT] V_Compute: 28.116 V
[LIFT] V_Motors: 27.365 V
[LIFT] V_Compute: 28.119 V
[LIFT] V_Motors: 27.366 V
[LIFT] V_Compute: 28.110 V
[LIFT] V_Motors: 27.365 V
[LIFT] V_Compute: 28.128 V
[LIFT] V_Motors: 27.379 V
[LIFT] V_Compute: 28.134 V
[LIFT] V_Motors: 27.378 V
[LIFT] V_Compute: 28.128 V
[LIFT] V_Motors: 27.376 V
[LIFT] V_Compute: 28.129 V
[LIFT] V_Motors: 27.375 V
[LIFT] V_Compute: 28.125 V
[LIFT] V_Motors: 27.371 V
[LIFT] V_Compute: 28.136 V
[LIFT] V_Motors: 27.380 V
[LIFT] V_Compute: 28.132 V
[LIFT] V_Motors: 27.379 V
[LIFT] V_Compute: 28.129 V
[LIFT] V_Motors: 27.378 V
[LIFT] V_Compute: 28.134 V
[LIFT] V_Motors: 27.379 V
[LIFT] V_Compute: 28.138 V
[LIFT] V_Motors: 27.380 V
[LIFT] V_Compute: 28.130 V
[LIFT] V_Motors: 27.375 V
[LIFT] V_Compute: 28.131 V
[LIFT] V_Motors: 27.378 V
[LIFT] V_Compute: 28.125 V
[LIFT] V_Motors: 27.381 V
[LIFT] V_Compute: 28.125 V
[LIFT] V_Motors: 27.382 V
[LIFT] V_Compute: 28.136 V
[LIFT] V_Motors: 27.374 V
[LIFT] V_Compute: 28.120 V
[LIFT] V_Motors: 27.372 V
[LIFT] V_Compute: 28.140 V
[LIFT] V_Motors: 27.378 V
[LIFT] V_Compute: 28.129 V
[LIFT] V_Motors: 27.378 V
[LIFT] V_Compute: 28.130 V
[LIFT] V_Motors: 27.376 V
[LIFT] V_Compute: 28.118 V
[LIFT] V_Motors: 27.365 V
[LIFT] V_Compute: 28.124 V
[LIFT] V_Motors: 27.380 V
[LIFT] V_Compute: 28.128 V
[LIFT] V_Motors: 27.380 V
[LIFT] V_Compute: 28.129 V
[LIFT] V_Motors: 27.381 V
[LIFT] V_Compute: 28.129 V
[LIFT] V_Motors: 27.378 V
[LIFT] V_Compute: 28.132 V
[LIFT] V_Motors: 27.378 V
[LIFT] V_Compute: 28.131 V
[LIFT] V_Motors: 27.380 V
[LIFT] V_Compute: 28.136 V
[LIFT] V_Motors: 27.378 V
[LIFT] V_Compute: 28.130 V
[LIFT] V_Motors: 27.381 V
[LIFT] V_Compute: 28.136 V
[LIFT] V_Motors: 27.381 V
[LIFT] V_Compute: 28.128 V
[LIFT] V_Motors: 27.382 V
[LIFT] V_Compute: 28.129 V
[LIFT] V_Motors: 27.378 V
[LIFT] V_Compute: 28.124 V
[LIFT] V_Motors: 27.374 V
[LIFT] V_Compute: 28.128 V
[LIFT] V_Motors: 27.380 V
[LIFT] V_Compute: 28.135 V
[LIFT] V_Motors: 27.378 V
[LIFT] V_Compute: 28.132 V
[LIFT] V_Motors: 27.378 V
[LIFT] V_Compute: 28.131 V
[LIFT] V_Motors: 27.384 V
[LIFT] V_Compute: 28.126 V
[LIFT] V_Motors: 27.378 V
[LIFT] V_Compute: 28.132 V
[LIFT] V_Motors: 27.379 V
[LIFT] V_Compute: 28.130 V
[LIFT] V_Motors: 27.380 V
[LIFT] V_Compute: 28.121 V
[LIFT] V_Motors: 27.371 V
[LIFT] V_Compute: 28.132 V
[LIFT] V_Motors: 27.376 V
[LIFT] V_Compute: 28.132 V
[LIFT] V_Motors: 27.382 V
[LIFT] V_Compute: 28.119 V
[LIFT] V_Motors: 27.381 V
[LIFT] V_Compute: 28.126 V
[LIFT] V_Motors: 27.380 V
[LIFT] V_Compute: 28.128 V
[LIFT] V_Motors: 27.380 V
[LIFT] V_Compute: 28.131 V
[LIFT] V_Motors: 27.379 V
[LIFT] V_Compute: 28.130 V
[LIFT] V_Motors: 27.375 V
[LIFT] V_Compute: 28.128 V
[LIFT] V_Motors: 27.370 V
[LIFT] V_Compute: 28.135 V
[LIFT] V_Motors: 27.380 V
[LIFT] V_Compute: 28.120 V
[LIFT] V_Motors: 27.370 V
[LIFT] V_Compute: 28.128 V
[LIFT] V_Motors: 27.379 V
[LIFT] V_Compute: 28.132 V
[LIFT] V_Motors: 27.378 V
[LIFT] V_Compute: 28.128 V
[LIFT] V_Motors: 27.384 V
[LIFT] V_Compute: 28.124 V
[LIFT] V_Motors: 27.376 V
[LIFT] V_Compute: 28.128 V
[LIFT] V_Motors: 27.384 V
[LIFT] V_Compute: 28.131 V
[LIFT] V_Motors: 27.376 V
[LIFT] V_Compute: 28.135 V
[LIFT] V_Motors: 27.379 V
[LIFT] V_Compute: 28.128 V
[LIFT] V_Motors: 27.379 V
[LIFT] V_Compute: 28.132 V
[LIFT] V_Motors: 27.376 V
[LIFT] V_Compute: 28.128 V
[LIFT] V_Motors: 27.379 V
[LIFT] V_Compute: 28.132 V
[LIFT] V_Motors: 27.378 V
[LIFT] V_Compute: 28.131 V
[LIFT] V_Motors: 27.375 V
[LIFT] V_Compute: 28.135 V
[LIFT] V_Motors: 27.378 V
[LIFT] V_Compute: 28.129 V
[LIFT] V_Motors: 27.376 V
[LIFT] V_Compute: 28.131 V
[LIFT] V_Motors: 27.380 V
[LIFT] V_Compute: 28.126 V
[LIFT] V_Motors: 27.376 V
[LIFT] V_Compute: 28.135 V
[LIFT] V_Motors: 27.376 V
[LIFT] V_Compute: 28.118 V
[LIFT] V_Motors: 27.375 V
[LIFT] V_Compute: 28.129 V
[LIFT] V_Motors: 27.380 V
[LIFT] V_Compute: 28.134 V
[LIFT] V_Motors: 27.379 V
[LIFT] V_Compute: 28.128 V
[LIFT] V_Motors: 27.379 V
[LIFT] V_Compute: 28.132 V
[LIFT] V_Motors: 27.380 V
[LIFT] V_Compute: 28.134 V
[LIFT] V_Motors: 27.380 V
[LIFT] V_Compute: 28.106 V
[LIFT] V_Motors: 27.359 V
[LIFT] V_Compute: 28.128 V
[LIFT] V_Motors: 27.380 V
[LIFT] V_Compute: 28.125 V
[LIFT] V_Motors: 27.380 V
[LIFT] V_Compute: 28.135 V
[LIFT] V_Motors: 27.379 V
[LIFT] V_Compute: 28.132 V
[LIFT] V_Motors: 27.382 V
[LIFT] V_Compute: 28.128 V
[LIFT] V_Motors: 27.380 V
[LIFT] V_Compute: 28.122 V
[LIFT] V_Motors: 27.372 V
[LIFT] V_Compute: 28.131 V
[LIFT] V_Motors: 27.374 V
[LIFT] V_Compute: 28.132 V
[LIFT] V_Motors: 27.381 V
[LIFT] V_Compute: 28.131 V
[LIFT] V_Motors: 27.378 V
[LIFT] V_Compute: 28.132 V
[LIFT] V_Motors: 27.381 V
[LIFT] V_Compute: 28.125 V
[LIFT] V_Motors: 27.375 V
[LIFT] V_Compute: 28.130 V
[LIFT] V_Motors: 27.379 V
[LIFT] V_Compute: 28.129 V
[LIFT] V_Motors: 27.380 V
[LIFT] V_Compute: 28.125 V
[LIFT] V_Motors: 27.374 V
[LIFT] V_Compute: 28.120 V
[LIFT] V_Motors: 27.372 V
[LIFT] V_Compute: 28.132 V
[LIFT] V_Motors: 27.376 V
[LIFT] V_Compute: 28.107 V
[LIFT] V_Motors: 27.360 V
[LIFT] V_Compute: 28.112 V
[LIFT] V_Motors: 27.362 V
[LIFT] V_Compute: 28.124 V
[LIFT] V_Motors: 27.370 V
[LIFT] V_Compute: 28.128 V
[LIFT] V_Motors: 27.375 V
[LIFT] V_Compute: 28.134 V
[LIFT] V_Motors: 27.370 V
[LIFT] V_Compute: 28.131 V
[LIFT] V_Motors: 27.378 V
[LIFT] V_Compute: 28.128 V
[LIFT] V_Motors: 27.378 V
[LIFT] V_Compute: 28.130 V
[LIFT] V_Motors: 27.378 V
[LIFT] V_Compute: 28.124 V
[LIFT] V_Motors: 27.378 V
[LIFT] V_Compute: 28.112 V
[LIFT] V_Motors: 27.366 V
[LIFT] V_Compute: 28.130 V
[LIFT] V_Motors: 27.376 V
[LIFT] V_Compute: 28.109 V
[LIFT] V_Motors: 27.364 V
[LIFT] V_Compute: 28.131 V
[LIFT] V_Motors: 27.380 V
[LIFT] V_Compute: 28.132 V
[LIFT] V_Motors: 27.376 V
[LIFT] V_Compute: 28.125 V
[LIFT] V_Motors: 27.379 V
[LIFT] V_Compute: 28.132 V
[LIFT] V_Motors: 27.376 V
[LIFT] V_Compute: 28.128 V
[LIFT] V_Motors: 27.376 V
[LIFT] V_Compute: 28.136 V
[LIFT] V_Motors: 27.379 V
[LIFT] V_Compute: 28.129 V
[LIFT] V_Motors: 27.372 V
[LIFT] V_Compute: 28.128 V
[LIFT] V_Motors: 27.376 V
[LIFT] V_Compute: 28.134 V
[LIFT] V_Motors: 27.384 V
[LIFT] V_Compute: 28.122 V
[LIFT] V_Motors: 27.380 V
[LIFT] V_Compute: 28.131 V
[LIFT] V_Motors: 27.375 V
[LIFT] V_Compute: 28.121 V
[LIFT] V_Motors: 27.378 V
[LIFT] V_Compute: 28.125 V
[LIFT] V_Motors: 27.379 V
[LIFT] V_Compute: 28.128 V
[LIFT] V_Motors: 27.376 V
[LIFT] V_Compute: 28.130 V
[LIFT] V_Motors: 27.378 V
[LIFT] V_Compute: 28.114 V
[LIFT] V_Motors: 27.375 V
[LIFT] V_Compute: 28.116 V
[LIFT] V_Motors: 27.369 V
[LIFT] V_Compute: 28.114 V
[LIFT] V_Motors: 27.369 V
[LIFT] V_Compute: 28.112 V
[LIFT] V_Motors: 27.366 V
[LIFT] V_Compute: 28.130 V
[LIFT] V_Motors: 27.379 V
[LIFT] V_Compute: 28.126 V
[LIFT] V_Motors: 27.378 V
[LIFT] V_Compute: 28.115 V
[LIFT] V_Motors: 27.365 V
[LIFT] V_Compute: 28.125 V
[LIFT] V_Motors: 27.374 V
[LIFT] V_Compute: 28.130 V
[LIFT] V_Motors: 27.375 V
[LIFT] V_Compute: 28.122 V
[LIFT] V_Motors: 27.379 V
[LIFT] V_Compute: 28.124 V
[LIFT] V_Motors: 27.379 V
[LIFT] V_Compute: 28.111 V
[LIFT] V_Motors: 27.365 V
[LIFT] V_Compute: 28.134 V
[LIFT] V_Motors: 27.379 V
[LIFT] V_Compute: 28.128 V
[LIFT] V_Motors: 27.380 V
[LIFT] V_Compute: 28.122 V
[LIFT] V_Motors: 27.371 V
[LIFT] V_Compute: 28.129 V
[LIFT] V_Motors: 27.375 V
[LIFT] V_Compute: 28.135 V
[LIFT] V_Motors: 27.380 V
[LIFT] V_Compute: 28.130 V
[LIFT] V_Motors: 27.378 V
[LIFT] V_Compute: 28.130 V
[LIFT] V_Motors: 27.379 V
[LIFT] V_Compute: 28.136 V
[LIFT] V_Motors: 27.381 V
[LIFT] V_Compute: 28.112 V
[LIFT] V_Motors: 27.362 V
[LIFT] V_Compute: 28.124 V
[LIFT] V_Motors: 27.370 V
[LIFT] V_Compute: 28.121 V
[LIFT] V_Motors: 27.371 V
[LIFT] V_Compute: 28.126 V
[LIFT] V_Motors: 27.378 V
[LIFT] V_Compute: 28.132 V
[LIFT] V_Motors: 27.378 V
[LIFT] V_Compute: 28.130 V
[LIFT] V_Motors: 27.376 V
[LIFT] V_Compute: 28.125 V
[LIFT] V_Motors: 27.374 V
[LIFT] V_Compute: 28.130 V
[LIFT] V_Motors: 27.378 V
[LIFT] V_Compute: 28.132 V
[LIFT] V_Motors: 27.380 V
[LIFT] V_Compute: 28.131 V
[LIFT] V_Motors: 27.378 V
[LIFT] V_Compute: 28.138 V
[LIFT] V_Motors: 27.382 V
[LIFT] V_Compute: 28.132 V
[LIFT] V_Motors: 27.384 V
[LIFT] V_Compute: 28.132 V
[LIFT] V_Motors: 27.381 V
[LIFT] V_Compute: 28.129 V
[LIFT] V_Motors: 27.380 V
[LIFT] V_Compute: 28.128 V
[LIFT] V_Motors: 27.376 V
[LIFT] V_Compute: 28.125 V
[LIFT] V_Motors: 27.379 V
[LIFT] V_Compute: 28.132 V
[LIFT] V_Motors: 27.381 V
[LIFT] V_Compute: 28.107 V
[LIFT] V_Motors: 27.360 V
[LIFT] V_Compute: 28.135 V
[LIFT] V_Motors: 27.381 V
[LIFT] V_Compute: 28.130 V
[LIFT] V_Motors: 27.380 V
[LIFT] V_Compute: 28.128 V
[LIFT] V_Motors: 27.380 V
[LIFT] V_Compute: 28.130 V
[LIFT] V_Motors: 27.379 V
[LIFT] V_Compute: 28.130 V
[LIFT] V_Motors: 27.382 V
[LIFT] V_Compute: 28.131 V
[LIFT] V_Motors: 27.379 V
[LIFT] V_Compute: 28.115 V
[LIFT] V_Motors: 27.370 V
[LIFT] V_Compute: 28.119 V
[LIFT] V_Motors: 27.372 V
[LIFT] V_Compute: 28.134 V
[LIFT] V_Motors: 27.379 V
[LIFT] V_Compute: 28.126 V
[LIFT] V_Motors: 27.376 V
[LIFT] V_Compute: 28.132 V
[LIFT] V_Motors: 27.378 V
[LIFT] V_Compute: 28.126 V
[LIFT] V_Motors: 27.379 V
[LIFT] V_Compute: 28.135 V
[LIFT] V_Motors: 27.382 V
[LIFT] V_Compute: 28.131 V
[LIFT] V_Motors: 27.379 V
[LIFT] V_Compute: 28.129 V
[LIFT] V_Motors: 27.379 V
[LIFT] V_Compute: 28.119 V
[LIFT] V_Motors: 27.374 V
[LIFT] V_Compute: 28.125 V
[LIFT] V_Motors: 27.379 V
[LIFT] V_Compute: 28.131 V
[LIFT] V_Motors: 27.380 V
[LIFT] V_Compute: 28.128 V
[LIFT] V_Motors: 27.378 V
[LIFT] V_Compute: 28.126 V
[LIFT] V_Motors: 27.376 V
[LIFT] V_Compute: 28.130 V
[LIFT] V_Motors: 27.379 V
[LIFT] V_Compute: 28.125 V
[LIFT] V_Motors: 27.376 V
[LIFT] V_Compute: 28.131 V
[LIFT] V_Motors: 27.374 V
[LIFT] V_Compute: 28.130 V
[LIFT] V_Motors: 27.385 V
[LIFT] V_Compute: 28.130 V
[LIFT] V_Motors: 27.380 V
[LIFT] V_Compute: 28.128 V
[LIFT] V_Motors: 27.370 V
[LIFT] V_Compute: 28.130 V
[LIFT] V_Motors: 27.381 V
[LIFT] V_Compute: 28.122 V
[LIFT] V_Motors: 27.375 V
[LIFT] V_Compute: 28.126 V
[LIFT] V_Motors: 27.379 V
[LIFT] V_Compute: 28.130 V
[LIFT] V_Motors: 27.384 V
[LIFT] V_Compute: 28.132 V
[LIFT] V_Motors: 27.378 V
[LIFT] V_Compute: 28.122 V
[LIFT] V_Motors: 27.371 V
[LIFT] V_Compute: 28.128 V
[LIFT] V_Motors: 27.379 V
[LIFT] V_Compute: 28.128 V
[LIFT] V_Motors: 27.378 V
[LIFT] V_Compute: 28.129 V
[LIFT] V_Motors: 27.375 V
[LIFT] V_Compute: 28.129 V
[LIFT] V_Motors: 27.376 V
[LIFT] V_Compute: 28.131 V
[LIFT] V_Motors: 27.378 V
[LIFT] V_Compute: 28.132 V
[LIFT] V_Motors: 27.379 V
[LIFT] V_Compute: 28.134 V
[LIFT] V_Motors: 27.380 V
[LIFT] V_Compute: 28.131 V
[LIFT] V_Motors: 27.381 V
[LIFT] V_Compute: 28.129 V
[LIFT] V_Motors: 27.382 V
[LIFT] V_Compute: 28.130 V
[LIFT] V_Motors: 27.376 V
[LIFT] V_Compute: 28.130 V
[LIFT] V_Motors: 27.376 V
[LIFT] V_Compute: 28.130 V
[LIFT] V_Motors: 27.379 V
[LIFT] V_Compute: 28.125 V
[LIFT] V_Motors: 27.370 V
[LIFT] V_Compute: 28.130 V
[LIFT] V_Motors: 27.375 V
[LIFT] V_Compute: 28.129 V
[LIFT] V_Motors: 27.376 V
[LIFT] V_Compute: 28.136 V
[LIFT] V_Motors: 27.380 V
[LIFT] V_Compute: 28.134 V
[LIFT] V_Motors: 27.379 V
[LIFT] V_Compute: 28.129 V
[LIFT] V_Motors: 27.374 V
[LIFT] V_Compute: 28.132 V
[LIFT] V_Motors: 27.376 V
[LIFT] V_Compute: 28.131 V
[LIFT] V_Motors: 27.380 V
[LIFT] V_Compute: 28.128 V
[LIFT] V_Motors: 27.385 V
[LIFT] V_Compute: 28.132 V
[LIFT] V_Motors: 27.382 V
[LIFT] V_Compute: 28.134 V
[LIFT] V_Motors: 27.379 V
[LIFT] V_Compute: 28.129 V
[LIFT] V_Motors: 27.380 V
[LIFT] V_Compute: 28.128 V
[LIFT] V_Motors: 27.378 V
[LIFT] V_Compute: 28.126 V
[LIFT] V_Motors: 27.375 V
[LIFT] V_Compute: 28.131 V
[LIFT] V_Motors: 27.381 V
[LIFT] V_Compute: 28.128 V
[LIFT] V_Motors: 27.381 V
[LIFT] V_Compute: 28.128 V
[LIFT] V_Motors: 27.379 V
[LIFT] V_Compute: 28.130 V
[LIFT] V_Motors: 27.380 V
[LIFT] V_Compute: 28.124 V
[LIFT] V_Motors: 27.376 V
[LIFT] V_Compute: 28.126 V
[LIFT] V_Motors: 27.375 V
[LIFT] V_Compute: 28.128 V
[LIFT] V_Motors: 27.379 V
[LIFT] V_Compute: 28.129 V
[LIFT] V_Motors: 27.380 V
[LIFT] V_Compute: 28.128 V
[LIFT] V_Motors: 27.381 V
[LIFT] V_Compute: 28.128 V
[LIFT] V_Motors: 27.370 V
[LIFT] V_Compute: 28.135 V
[LIFT] V_Motors: 27.382 V
[LIFT] V_Compute: 28.119 V
[LIFT] V_Motors: 27.374 V
[LIFT] V_Compute: 28.128 V
[LIFT] V_Motors: 27.376 V
[LIFT] V_Compute: 28.130 V
[LIFT] V_Motors: 27.384 V
[LIFT] V_Compute: 28.131 V
[LIFT] V_Motors: 27.381 V
[LIFT] V_Compute: 28.131 V
[LIFT] V_Motors: 27.376 V
[LIFT] V_Compute: 28.129 V
[LIFT] V_Motors: 27.380 V
[LIFT] V_Compute: 28.128 V
[LIFT] V_Motors: 27.380 V
[LIFT] V_Compute: 28.130 V
[LIFT] V_Motors: 27.380 V
[LIFT] V_Compute: 28.126 V
[LIFT] V_Motors: 27.378 V
[LIFT] V_Compute: 28.120 V
[LIFT] V_Motors: 27.371 V
[LIFT] V_Compute: 28.120 V
[LIFT] V_Motors: 27.372 V
[LIFT] V_Compute: 28.125 V
[LIFT] V_Motors: 27.376 V
[LIFT] V_Compute: 28.122 V
[LIFT] V_Motors: 27.374 V
[LIFT] V_Compute: 28.114 V
[LIFT] V_Motors: 27.362 V
[LIFT] V_Compute: 28.115 V
[LIFT] V_Motors: 27.370 V
[LIFT] V_Compute: 28.112 V
[LIFT] V_Motors: 27.360 V
[LIFT] V_Compute: 28.112 V
[LIFT] V_Motors: 27.366 V
[LIFT] V_Compute: 28.128 V
[LIFT] V_Motors: 27.378 V
[LIFT] V_Compute: 28.130 V
[LIFT] V_Motors: 27.380 V
[LIFT] V_Compute: 28.134 V
[LIFT] V_Motors: 27.380 V
[LIFT] V_Compute: 28.132 V
[LIFT] V_Motors: 27.379 V
[LIFT] V_Compute: 28.122 V
[LIFT] V_Motors: 27.371 V
[LIFT] V_Compute: 28.126 V
[LIFT] V_Motors: 27.376 V
[LIFT] V_Compute: 28.125 V
[LIFT] V_Motors: 27.378 V
[LIFT] V_Compute: 28.131 V
[LIFT] V_Motors: 27.382 V
[LIFT] V_Compute: 28.130 V
[LIFT] V_Motors: 27.380 V
[LIFT] V_Compute: 28.134 V
[LIFT] V_Motors: 27.378 V
[LIFT] V_Compute: 28.120 V
[LIFT] V_Motors: 27.369 V
[LIFT] V_Compute: 28.130 V
[LIFT] V_Motors: 27.379 V
[LIFT] V_Compute: 28.128 V
[LIFT] V_Motors: 27.376 V
[LIFT] V_Compute: 28.126 V
[LIFT] V_Motors: 27.379 V
[LIFT] V_Compute: 28.134 V
[LIFT] V_Motors: 27.376 V
[LIFT] V_Compute: 28.131 V
[LIFT] V_Motors: 27.378 V
[LIFT] V_Compute: 28.131 V
[LIFT] V_Motors: 27.376 V
[LIFT] V_Compute: 28.129 V
[LIFT] V_Motors: 27.376 V
[LIFT] V_Compute: 28.129 V
[LIFT] V_Motors: 27.382 V
[LIFT] V_Compute: 28.125 V
[LIFT] V_Motors: 27.375 V
[LIFT] V_Compute: 28.129 V
[LIFT] V_Motors: 27.378 V
[LIFT] V_Compute: 28.134 V
[LIFT] V_Motors: 27.379 V
[LIFT] V_Compute: 28.129 V
[LIFT] V_Motors: 27.380 V
[LIFT] V_Compute: 28.129 V
[LIFT] V_Motors: 27.381 V
[LIFT] V_Compute: 28.131 V
[LIFT] V_Motors: 27.378 V
[LIFT] V_Compute: 28.129 V
[LIFT] V_Motors: 27.376 V
[LIFT] V_Compute: 28.110 V
[LIFT] V_Motors: 27.361 V
[LIFT] V_Compute: 28.128 V
[LIFT] V_Motors: 27.371 V
[LIFT] V_Compute: 28.134 V
[LIFT] V_Motors: 27.379 V
[LIFT] V_Compute: 28.126 V
[LIFT] V_Motors: 27.375 V
[LIFT] V_Compute: 28.126 V
[LIFT] V_Motors: 27.374 V
[LIFT] V_Compute: 28.134 V
[LIFT] V_Motors: 27.380 V
[LIFT] V_Compute: 28.134 V
[LIFT] V_Motors: 27.379 V
[LIFT] V_Compute: 28.112 V
[LIFT] V_Motors: 27.362 V
[LIFT] V_Compute: 28.131 V
[LIFT] V_Motors: 27.376 V
[LIFT] V_Compute: 28.130 V
[LIFT] V_Motors: 27.380 V
[LIFT] V_Compute: 28.129 V
[LIFT] V_Motors: 27.378 V
[LIFT] V_Compute: 28.126 V
[LIFT] V_Motors: 27.378 V
[LIFT] V_Compute: 28.134 V
[LIFT] V_Motors: 27.376 V
[LIFT] V_Compute: 28.116 V
[LIFT] V_Motors: 27.368 V
[LIFT] V_Compute: 28.126 V
[LIFT] V_Motors: 27.378 V
[LIFT] V_Compute: 28.125 V
[LIFT] V_Motors: 27.379 V
[LIFT] V_Compute: 28.132 V
[LIFT] V_Motors: 27.378 V
[LIFT] V_Compute: 28.128 V
[LIFT] V_Motors: 27.376 V
[LIFT] V_Compute: 28.131 V
[LIFT] V_Motors: 27.381 V
[LIFT] V_Compute: 28.122 V
[LIFT] V_Motors: 27.376 V
[LIFT] V_Compute: 28.131 V
[LIFT] V_Motors: 27.376 V
[LIFT] V_Compute: 28.110 V
[LIFT] V_Motors: 27.362 V
[LIFT] V_Compute: 28.134 V
[LIFT] V_Motors: 27.379 V
[LIFT] V_Compute: 28.131 V
[LIFT] V_Motors: 27.380 V
[LIFT] V_Compute: 28.134 V
[LIFT] V_Motors: 27.376 V
[LIFT] V_Compute: 28.134 V
[LIFT] V_Motors: 27.378 V
[LIFT] V_Compute: 28.128 V
[LIFT] V_Motors: 27.380 V
[LIFT] V_Compute: 28.132 V
[LIFT] V_Motors: 27.380 V
[LIFT] V_Compute: 28.128 V
[LIFT] V_Motors: 27.376 V
[LIFT] V_Compute: 28.129 V
[LIFT] V_Motors: 27.384 V
[LIFT] V_Compute: 28.126 V
[LIFT] V_Motors: 27.378 V
[LIFT] V_Compute: 28.128 V
[LIFT] V_Motors: 27.380 V
[LIFT] V_Compute: 28.131 V
[LIFT] V_Motors: 27.379 V
[LIFT] V_Compute: 28.122 V
[LIFT] V_Motors: 27.374 V
[LIFT] V_Compute: 28.130 V
[LIFT] V_Motors: 27.379 V
[LIFT] V_Compute: 28.130 V
[LIFT] V_Motors: 27.379 V
[LIFT] V_Compute: 28.126 V
[LIFT] V_Motors: 27.380 V
[LIFT] V_Compute: 28.109 V
[LIFT] V_Motors: 27.359 V
[LIFT] V_Compute: 28.130 V
[LIFT] V_Motors: 27.378 V
[LIFT] V_Compute: 28.138 V
[LIFT] V_Motors: 27.384 V
[LIFT] V_Compute: 28.131 V
[LIFT] V_Motors: 27.380 V
[LIFT] V_Compute: 28.130 V
[LIFT] V_Motors: 27.378 V
[LIFT] V_Compute: 28.129 V
[LIFT] V_Motors: 27.381 V
[LIFT] V_Compute: 28.129 V
[LIFT] V_Motors: 27.378 V
[LIFT] V_Compute: 28.134 V
[LIFT] V_Motors: 27.384 V
[LIFT] V_Compute: 28.129 V
[LIFT] V_Motors: 27.376 V
[LIFT] V_Compute: 28.131 V
[LIFT] V_Motors: 27.378 V
[LIFT] V_Compute: 28.111 V
[LIFT] V_Motors: 27.359 V
[LIFT] V_Compute: 28.126 V
[LIFT] V_Motors: 27.376 V
[LIFT] V_Compute: 28.132 V
[LIFT] V_Motors: 27.379 V
[LIFT] V_Compute: 28.114 V
[LIFT] V_Motors: 27.365 V
[LIFT] V_Compute: 28.109 V
[LIFT] V_Motors: 27.357 V
[LIFT] V_Compute: 28.114 V
[LIFT] V_Motors: 27.365 V
[LIFT] V_Compute: 28.118 V
[LIFT] V_Motors: 27.370 V
[LIFT] V_Compute: 28.130 V
[LIFT] V_Motors: 27.381 V
[LIFT] V_Compute: 28.125 V
[LIFT] V_Motors: 27.374 V
[LIFT] V_Compute: 28.128 V
[LIFT] V_Motors: 27.378 V
[LIFT] V_Compute: 28.129 V
[LIFT] V_Motors: 27.376 V
[LIFT] V_Compute: 28.132 V
[LIFT] V_Motors: 27.379 V
[LIFT] V_Compute: 28.126 V
[LIFT] V_Motors: 27.381 V
[LIFT] V_Compute: 28.125 V
[LIFT] V_Motors: 27.378 V
[LIFT] V_Compute: 28.125 V
[LIFT] V_Motors: 27.380 V
[LIFT] V_Compute: 28.132 V
[LIFT] V_Motors: 27.378 V
[LIFT] V_Compute: 28.134 V
[LIFT] V_Motors: 27.379 V
[LIFT] V_Compute: 28.106 V
[LIFT] V_Motors: 27.362 V
[LIFT] V_Compute: 28.128 V
[LIFT] V_Motors: 27.369 V
[LIFT] V_Compute: 28.120 V
[LIFT] V_Motors: 27.370 V
[LIFT] V_Compute: 28.134 V
[LIFT] V_Motors: 27.379 V
[LIFT] V_Compute: 28.129 V
[LIFT] V_Motors: 27.375 V
[LIFT] V_Compute: 28.121 V
[LIFT] V_Motors: 27.375 V
[LIFT] V_Compute: 28.129 V
[LIFT] V_Motors: 27.381 V
[LIFT] V_Compute: 28.128 V
[LIFT] V_Motors: 27.381 V
[LIFT] V_Compute: 28.128 V
[LIFT] V_Motors: 27.382 V
[LIFT] V_Compute: 28.129 V
[LIFT] V_Motors: 27.381 V
[LIFT] V_Compute: 28.128 V
[LIFT] V_Motors: 27.380 V
[LIFT] V_Compute: 28.125 V
[LIFT] V_Motors: 27.378 V
[LIFT] V_Compute: 28.134 V
[LIFT] V_Motors: 27.379 V
[LIFT] V_Compute: 28.130 V
[LIFT] V_Motors: 27.380 V
[LIFT] V_Compute: 28.125 V
[LIFT] V_Motors: 27.379 V
[LIFT] V_Compute: 28.138 V
[LIFT] V_Motors: 27.380 V
[LIFT] V_Compute: 28.121 V
[LIFT] V_Motors: 27.370 V
[LIFT] V_Compute: 28.118 V
[LIFT] V_Motors: 27.364 V
[LIFT] V_Compute: 28.129 V
[LIFT] V_Motors: 27.374 V
[LIFT] V_Compute: 28.130 V
[LIFT] V_Motors: 27.374 V
[LIFT] V_Compute: 28.126 V
[LIFT] V_Motors: 27.378 V
[LIFT] V_Compute: 28.124 V
[LIFT] V_Motors: 27.371 V
[LIFT] V_Compute: 28.130 V
[LIFT] V_Motors: 27.378 V
[LIFT] V_Compute: 28.128 V
[LIFT] V_Motors: 27.372 V
[LIFT] V_Compute: 28.128 V
[LIFT] V_Motors: 27.379 V
[LIFT] V_Compute: 28.125 V
[LIFT] V_Motors: 27.374 V
[LIFT] V_Compute: 28.114 V
[LIFT] V_Motors: 27.364 V
[LIFT] V_Compute: 28.112 V
[LIFT] V_Motors: 27.361 V
[LIFT] V_Compute: 28.114 V
[LIFT] V_Motors: 27.365 V
[LIFT] V_Compute: 28.114 V
[LIFT] V_Motors: 27.362 V
[LIFT] V_Compute: 28.129 V
[LIFT] V_Motors: 27.380 V
[LIFT] V_Compute: 28.126 V
[LIFT] V_Motors: 27.380 V
[LIFT] V_Compute: 28.106 V
[LIFT] V_Motors: 27.360 V
[LIFT] V_Compute: 28.134 V
[LIFT] V_Motors: 27.376 V
[LIFT] V_Compute: 28.115 V
[LIFT] V_Motors: 27.361 V
[LIFT] V_Compute: 28.125 V
[LIFT] V_Motors: 27.375 V
[LIFT] V_Compute: 28.132 V
[LIFT] V_Motors: 27.374 V
[LIFT] V_Compute: 28.128 V
[LIFT] V_Motors: 27.376 V
[LIFT] V_Compute: 28.125 V
[LIFT] V_Motors: 27.376 V
[LIFT] V_Compute: 28.128 V
[LIFT] V_Motors: 27.379 V
[LIFT] V_Compute: 28.119 V
[LIFT] V_Motors: 27.376 V
[LIFT] V_Compute: 28.130 V
[LIFT] V_Motors: 27.374 V
[LIFT] V_Compute: 28.128 V
[LIFT] V_Motors: 27.372 V
[LIFT] V_Compute: 28.121 V
[LIFT] V_Motors: 27.369 V
[LIFT] V_Compute: 28.121 V
[LIFT] V_Motors: 27.380 V
[LIFT] V_Compute: 28.134 V
[LIFT] V_Motors: 27.371 V
[LIFT] V_Compute: 28.129 V
[LIFT] V_Motors: 27.376 V
[LIFT] V_Compute: 28.128 V
[LIFT] V_Motors: 27.376 V
[LIFT] V_Compute: 28.126 V
[LIFT] V_Motors: 27.372 V
[LIFT] V_Compute: 28.120 V
[LIFT] V_Motors: 27.370 V
[LIFT] V_Compute: 28.122 V
[LIFT] V_Motors: 27.376 V
[LIFT] V_Compute: 28.129 V
[LIFT] V_Motors: 27.380 V
[LIFT] V_Compute: 28.119 V
[LIFT] V_Motors: 27.374 V
[LIFT] V_Compute: 28.125 V
[LIFT] V_Motors: 27.376 V
[LIFT] V_Compute: 28.134 V
[LIFT] V_Motors: 27.379 V
[LIFT] V_Compute: 28.120 V
[LIFT] V_Motors: 27.368 V
[LIFT] V_Compute: 28.111 V
[LIFT] V_Motors: 27.361 V
[LIFT] V_Compute: 28.119 V
[LIFT] V_Motors: 27.366 V
[LIFT] V_Compute: 28.125 V
[LIFT] V_Motors: 27.376 V
[LIFT] V_Compute: 28.128 V
[LIFT] V_Motors: 27.374 V
[LIFT] V_Compute: 28.107 V
[LIFT] V_Motors: 27.359 V
[LIFT] V_Compute: 28.131 V
[LIFT] V_Motors: 27.378 V
[LIFT] V_Compute: 28.105 V
[LIFT] V_Motors: 27.361 V
[LIFT] V_Compute: 28.129 V
[LIFT] V_Motors: 27.374 V
[LIFT] V_Compute: 28.105 V
[LIFT] V_Motors: 27.359 V
[LIFT] V_Compute: 28.125 V
[LIFT] V_Motors: 27.370 V
[LIFT] V_Compute: 28.125 V
[LIFT] V_Motors: 27.376 V
[LIFT] V_Compute: 28.132 V
[LIFT] V_Motors: 27.384 V
[LIFT] V_Compute: 28.126 V
[LIFT] V_Motors: 27.380 V
[LIFT] V_Compute: 28.139 V
[LIFT] V_Motors: 27.381 V
[LIFT] V_Compute: 28.129 V
[LIFT] V_Motors: 27.369 V
[LIFT] V_Compute: 28.128 V
[LIFT] V_Motors: 27.379 V
[LIFT] V_Compute: 28.124 V
[LIFT] V_Motors: 27.376 V
[LIFT] V_Compute: 28.131 V
[LIFT] V_Motors: 27.379 V
[LIFT] V_Compute: 28.120 V
[LIFT] V_Motors: 27.365 V
[LIFT] V_Compute: 28.121 V
[LIFT] V_Motors: 27.371 V
[LIFT] V_Compute: 28.126 V
[LIFT] V_Motors: 27.379 V
[LIFT] V_Compute: 28.110 V
[LIFT] V_Motors: 27.361 V
[LIFT] V_Compute: 28.126 V
[LIFT] V_Motors: 27.378 V
[LIFT] V_Compute: 28.128 V
[LIFT] V_Motors: 27.378 V
[LIFT] V_Compute: 28.128 V
[LIFT] V_Motors: 27.375 V
[LIFT] V_Compute: 28.126 V
[LIFT] V_Motors: 27.381 V
[LIFT] V_Compute: 28.125 V
[LIFT] V_Motors: 27.370 V
[LIFT] V_Compute: 28.129 V
[LIFT] V_Motors: 27.376 V
[LIFT] V_Compute: 28.124 V
[LIFT] V_Motors: 27.370 V
[LIFT] V_Compute: 28.126 V
[LIFT] V_Motors: 27.378 V
[LIFT] V_Compute: 28.121 V
[LIFT] V_Motors: 27.365 V
[LIFT] V_Compute: 28.128 V
[LIFT] V_Motors: 27.376 V
[LIFT] V_Compute: 28.111 V
[LIFT] V_Motors: 27.366 V
[LIFT] V_Compute: 28.115 V
[LIFT] V_Motors: 27.369 V
[LIFT] V_Compute: 28.119 V
[LIFT] V_Motors: 27.370 V
[LIFT] V_Compute: 28.112 V
[LIFT] V_Motors: 27.365 V
[LIFT] V_Compute: 28.110 V
[LIFT] V_Motors: 27.365 V
[LIFT] V_Compute: 28.126 V
[LIFT] V_Motors: 27.375 V
[LIFT] V_Compute: 28.125 V
[LIFT] V_Motors: 27.368 V
[LIFT] V_Compute: 28.130 V
[LIFT] V_Motors: 27.378 V
[LIFT] V_Compute: 28.118 V
[LIFT] V_Motors: 27.371 V
[LIFT] V_Compute: 28.134 V
[LIFT] V_Motors: 27.369 V
[LIFT] V_Compute: 28.115 V
[LIFT] V_Motors: 27.369 V
[LIFT] V_Compute: 28.130 V
[LIFT] V_Motors: 27.375 V
[LIFT] V_Compute: 28.116 V
[LIFT] V_Motors: 27.366 V
[LIFT] V_Compute: 28.132 V
[LIFT] V_Motors: 27.379 V
[LIFT] V_Compute: 28.116 V
[LIFT] V_Motors: 27.365 V
[LIFT] V_Compute: 28.130 V
[LIFT] V_Motors: 27.378 V
[LIFT] V_Compute: 28.119 V
[LIFT] V_Motors: 27.368 V
[LIFT] V_Compute: 28.126 V
[LIFT] V_Motors: 27.374 V
[LIFT] V_Compute: 28.121 V
[LIFT] V_Motors: 27.371 V
[LIFT] V_Compute: 28.120 V
[LIFT] V_Motors: 27.369 V
[LIFT] V_Compute: 28.115 V
[LIFT] V_Motors: 27.362 V
[LIFT] V_Compute: 28.129 V
[LIFT] V_Motors: 27.376 V
[LIFT] V_Compute: 28.121 V
[LIFT] V_Motors: 27.369 V
[LIFT] V_Compute: 28.129 V
[LIFT] V_Motors: 27.376 V
[LIFT] V_Compute: 28.125 V
[LIFT] V_Motors: 27.378 V
[LIFT] V_Compute: 28.126 V
[LIFT] V_Motors: 27.380 V
[LIFT] V_Compute: 28.120 V
[LIFT] V_Motors: 27.369 V
[LIFT] V_Compute: 28.131 V
[LIFT] V_Motors: 27.369 V
[LIFT] V_Compute: 28.116 V
[LIFT] V_Motors: 27.371 V
[LIFT] V_Compute: 28.125 V
[LIFT] V_Motors: 27.374 V
[LIFT] V_Compute: 28.112 V
[LIFT] V_Motors: 27.364 V
[LIFT] V_Compute: 28.129 V
[LIFT] V_Motors: 27.378 V
[LIFT] V_Compute: 28.132 V
[LIFT] V_Motors: 27.380 V
[LIFT] V_Compute: 28.112 V
[LIFT] V_Motors: 27.359 V
[LIFT] V_Compute: 28.124 V
[LIFT] V_Motors: 27.365 V
[LIFT] V_Compute: 28.129 V
[LIFT] V_Motors: 27.380 V
[LIFT] V_Compute: 28.118 V
[LIFT] V_Motors: 27.370 V
[LIFT] V_Compute: 28.131 V
[LIFT] V_Motors: 27.376 V
[LIFT] V_Compute: 28.119 V
[LIFT] V_Motors: 27.362 V
[LIFT] V_Compute: 28.136 V
[LIFT] V_Motors: 27.374 V
[LIFT] V_Compute: 28.120 V
[LIFT] V_Motors: 27.369 V
[LIFT] V_Compute: 28.125 V
[LIFT] V_Motors: 27.376 V
[LIFT] V_Compute: 28.126 V
[LIFT] V_Motors: 27.379 V
[LIFT] V_Compute: 28.120 V
[LIFT] V_Motors: 27.368 V
[LIFT] V_Compute: 28.120 V
[LIFT] V_Motors: 27.375 V
[LIFT] V_Compute: 28.132 V
[LIFT] V_Motors: 27.376 V
[LIFT] V_Compute: 28.107 V
[LIFT] V_Motors: 27.356 V
[LIFT] V_Compute: 28.131 V
[LIFT] V_Motors: 27.379 V
[LIFT] V_Compute: 28.125 V
[LIFT] V_Motors: 27.378 V
[LIFT] V_Compute: 28.124 V
[LIFT] V_Motors: 27.378 V
[LIFT] V_Compute: 28.124 V
[LIFT] V_Motors: 27.376 V
[LIFT] V_Compute: 28.126 V
[LIFT] V_Motors: 27.376 V
[LIFT] V_Compute: 28.131 V
[LIFT] V_Motors: 27.374 V
[LIFT] V_Compute: 28.129 V
[LIFT] V_Motors: 27.371 V
[LIFT] V_Compute: 28.128 V
[LIFT] V_Motors: 27.378 V
[LIFT] V_Compute: 28.128 V
[LIFT] V_Motors: 27.376 V
[LIFT] V_Compute: 28.128 V
[LIFT] V_Motors: 27.380 V
[LIFT] V_Compute: 28.119 V
[LIFT] V_Motors: 27.365 V
[LIFT] V_Compute: 28.114 V
[LIFT] V_Motors: 27.360 V
[LIFT] V_Compute: 28.114 V
[LIFT] V_Motors: 27.357 V
[LIFT] V_Compute: 28.115 V
[LIFT] V_Motors: 27.365 V
[LIFT] V_Compute: 28.106 V
[LIFT] V_Motors: 27.354 V
[LIFT] V_Compute: 28.111 V
[LIFT] V_Motors: 27.359 V
[LIFT] V_Compute: 28.109 V
[LIFT] V_Motors: 27.364 V
[LIFT] V_Compute: 28.129 V
[LIFT] V_Motors: 27.374 V
[LIFT] V_Compute: 28.121 V
[LIFT] V_Motors: 27.374 V

RPC Server stopping...
[YOR] base PID: restoring stock swerve gains
[YOR] base PID: /home/pi-v3/YOR-v3-try/config/base_pid_stock.json, PID slot 0
[YOR] base PID:   written     FL drive (CAN 1): p=0.20000000298023224, i=0.0, d=0.10000000149011612, velocity_ff=0.0, output_min=-1.0, output_max=1.0
[YOR] base PID:   written     RL drive (CAN 2): p=0.20000000298023224, i=0.0, d=0.10000000149011612, velocity_ff=0.0, output_min=-1.0, output_max=1.0
[YOR] base PID:   written     RR drive (CAN 3): p=0.20000000298023224, i=0.0, d=0.10000000149011612, velocity_ff=0.0, output_min=-1.0, output_max=1.0
[YOR] base PID:   written     FR drive (CAN 4): p=0.20000000298023224, i=0.0, d=0.10000000149011612, velocity_ff=0.0, output_min=-1.0, output_max=1.0
[YOR] base PID:   already-set FL steering (CAN 5): p=2.0, i=0.0, d=0.009999999776482582, velocity_ff=0.0, output_min=-1.0, output_max=1.0
[YOR] base PID:   already-set RL steering (CAN 6): p=2.0, i=0.0, d=0.009999999776482582, velocity_ff=0.0, output_min=-1.0, output_max=1.0
[YOR] base PID:   already-set RR steering (CAN 7): p=2.0, i=0.0, d=0.009999999776482582, velocity_ff=0.0, output_min=-1.0, output_max=1.0
[YOR] base PID:   already-set FR steering (CAN 8): p=2.0, i=0.0, d=0.009999999776482582, velocity_ff=0.0, output_min=-1.0, output_max=1.0
[YOR] base PID: 4 controller(s) already commissioned, 4 written, 0 problem(s)
[YOR] base PID: 0.2s
