[console-log] mirroring output to /home/pi-v3/YOR-v3-try/artifacts/wholebody_logs/yor_20260824_222233.log
[yor] posture-fix: stiffen_joint7=True (scale=3x), refresh_target=True, redundancy_resolution=dls_projector (dls_damping=0.05)
[yor] null-space: swivel_weight=1 (gain=1, target=latched-from-pose), continuity_weight=0, manipulability=False
[YOR] base: drive command scale 1.068 (from base_pid_hybrid.json)
[PicoLift] Opening serial /dev/serial/by-id/usb-FTDI_FT232R_USB_UART_BG02XPI5-if00-port0 @ 115200...
[PicoLift] Serial open OK
[YOR] base PID: syncing swerve gains
[YOR] base PID: /home/pi-v3/YOR-v3-try/config/base_pid_hybrid.json, PID slot 0
[YOR] base PID:   written     FL drive (CAN 1): p=0.3499999940395355, i=0.0, d=0.0, velocity_ff=0.23000000417232513, output_min=-1.0, output_max=1.0
[YOR] base PID:   written     RL drive (CAN 2): p=0.3499999940395355, i=0.0, d=0.0, velocity_ff=0.23000000417232513, output_min=-1.0, output_max=1.0
[YOR] base PID:   written     RR drive (CAN 3): p=0.3499999940395355, i=0.0, d=0.0, velocity_ff=0.23000000417232513, output_min=-1.0, output_max=1.0
[YOR] base PID:   written     FR drive (CAN 4): p=0.3499999940395355, i=0.0, d=0.0, velocity_ff=0.23000000417232513, output_min=-1.0, output_max=1.0
[YOR] base PID:   already-set FL steering (CAN 5): p=2.0, i=0.0, d=0.009999999776482582, velocity_ff=0.0, output_min=-1.0, output_max=1.0
[YOR] base PID:   already-set RL steering (CAN 6): p=2.0, i=0.0, d=0.009999999776482582, velocity_ff=0.0, output_min=-1.0, output_max=1.0
[YOR] base PID:   already-set RR steering (CAN 7): p=2.0, i=0.0, d=0.009999999776482582, velocity_ff=0.0, output_min=-1.0, output_max=1.0
[YOR] base PID:   already-set FR steering (CAN 8): p=2.0, i=0.0, d=0.009999999776482582, velocity_ff=0.0, output_min=-1.0, output_max=1.0
[YOR] base PID: 4 controller(s) already commissioned, 4 written, 0 problem(s)
[YOR] base PID: 0.2s
[YOR] base config: idle_mode=0 ctrl_type=MIXED [('FL drive', 1), ('FL steering', 3), ('FR drive', 1), ('FR steering', 3), ('RL drive', 1), ('RL steering', 3), ('RR drive', 1), ('RR steering', 3)]
[YOR] base config: velocity_cf=MIXED [('FL drive', 0.000846326001919806), ('FL steering', 1.0), ('FR drive', 0.000846326001919806), ('FR steering', 1.0), ('RL drive', 0.000846326001919806), ('RL steering', 1.0), ('RR drive', 0.000846326001919806), ('RR steering', 1.0)] position_cf=1.0 (drive_command_scale=1.068)
[YOR] base: locked at zero velocity for startup homing
[YOR] recording swerve telemetry to /home/pi-v3/YOR-v3-try/artifacts/wholebody_logs/swerve/swerve_20260824_222233.csv
[YOR] lift: waiting for controller to be ready...
[LIFT] Lift controller ready.
[PicoLift] controller reset — height invalidated, needs home
[LIFT] Capabilities: lift_velocity_v1
[PicoLift] firmware capabilities: lift_velocity_v1
[LIFT] Python commands: up, down, stop, home, vel <signed mm/s>
[LIFT] Optional commands: up 200, down 200, status, power on, power off
[LIFT] Height: unknown (run home)
[LIFT] V_Compute: 28.155 V
[LIFT] V_Motors: 27.685 V
[YOR] lift: homing at startup; waiting up to 30s
[PicoLift] sent 'home'
[PicoLift] sent 'status'
[PicoLift] sent 'status'
[LIFT] Homing UP...
[LIFT] V_Compute: 28.173 V
[LIFT] V_Motors: 27.638 V
[LIFT] Height: unknown (run home)
[LIFT] Upper limit: clear
[LIFT] Lower limit: clear
[LIFT] Motion: UP
[LIFT] Velocity: 0.00 mm/s
[LIFT] Capabilities: lift_velocity_v1
[PicoLift] firmware capabilities: lift_velocity_v1
[LIFT] Height: unknown (run home)
[LIFT] Upper limit: clear
[LIFT] Lower limit: clear
[LIFT] Motion: UP
[LIFT] Velocity: 0.00 mm/s
[LIFT] Capabilities: lift_velocity_v1
[PicoLift] firmware capabilities: lift_velocity_v1
[LIFT] Height: unknown (run home)
[LIFT] Height: unknown (run home)
[LIFT] Height: unknown (run home)
[LIFT] Height: unknown (run home)
[LIFT] Height: unknown (run home)
[LIFT] Height: unknown (run home)
[LIFT] Height: unknown (run home)
[LIFT] Height: unknown (run home)
[LIFT] Height: unknown (run home)
[LIFT] Height: unknown (run home)
[LIFT] Height: unknown (run home)
[LIFT] Height: unknown (run home)
[LIFT] Height: unknown (run home)
[LIFT] Height: unknown (run home)
[LIFT] Height: unknown (run home)
[LIFT] Height: unknown (run home)
[LIFT] Height: unknown (run home)
[LIFT] Height: unknown (run home)
[PicoLift] sent 'status'
[LIFT] Upper limit: clear
[LIFT] Lower limit: clear
[LIFT] Motion: UP
[LIFT] Velocity: 0.00 mm/s
[LIFT] Capabilities: lift_velocity_v1
[PicoLift] firmware capabilities: lift_velocity_v1
[LIFT] Height: unknown (run home)
[LIFT] V_Compute: 28.150 V
[LIFT] V_Motors: 27.649 V
[LIFT] Height: unknown (run home)
[LIFT] Height: unknown (run home)
[LIFT] Height: unknown (run home)
[LIFT] Height: unknown (run home)
[LIFT] Height: unknown (run home)
[LIFT] Height: unknown (run home)
[LIFT] Height: unknown (run home)
[LIFT] Height: unknown (run home)
[LIFT] Height: unknown (run home)
[LIFT] Height: unknown (run home)
[LIFT] Height: unknown (run home)
[LIFT] Height: unknown (run home)
[LIFT] Height: unknown (run home)
[LIFT] Height: unknown (run home)
[LIFT] Height: unknown (run home)
[LIFT] Height: unknown (run home)
[LIFT] Height: unknown (run home)
[LIFT] Height: unknown (run home)
[PicoLift] sent 'status'
[LIFT] Upper limit: clear
[LIFT] Lower limit: clear
[LIFT] Motion: UP
[LIFT] Velocity: 0.00 mm/s
[LIFT] Capabilities: lift_velocity_v1
[PicoLift] firmware capabilities: lift_velocity_v1
[LIFT] Height: unknown (run home)
[LIFT] V_Compute: 28.160 V
[LIFT] V_Motors: 27.665 V
[LIFT] Height: unknown (run home)
[LIFT] Height: unknown (run home)
[LIFT] Height: unknown (run home)
[LIFT] Height: unknown (run home)
[LIFT] Height: unknown (run home)
[LIFT] Height: unknown (run home)
[LIFT] Height: unknown (run home)
[LIFT] Height: unknown (run home)
[LIFT] Height: unknown (run home)
[LIFT] Height: unknown (run home)
[LIFT] Height: unknown (run home)
[LIFT] Height: unknown (run home)
[LIFT] Height: unknown (run home)
[LIFT] Height: unknown (run home)
[LIFT] Height: unknown (run home)
[LIFT] Height: unknown (run home)
[LIFT] Height: unknown (run home)
[LIFT] Height: unknown (run home)
[PicoLift] sent 'status'
[LIFT] Upper limit: clear
[LIFT] Lower limit: clear
[LIFT] Motion: UP
[LIFT] Velocity: 0.00 mm/s
[LIFT] Capabilities: lift_velocity_v1
[PicoLift] firmware capabilities: lift_velocity_v1
[LIFT] Height: unknown (run home)
[LIFT] V_Compute: 28.147 V
[LIFT] V_Motors: 27.651 V
[LIFT] Height: unknown (run home)
[LIFT] Height: unknown (run home)
[LIFT] Height: unknown (run home)
[LIFT] Height: unknown (run home)
[LIFT] Height: unknown (run home)
[LIFT] Height: unknown (run home)
[LIFT] Height: unknown (run home)
[LIFT] Height: unknown (run home)
[LIFT] Height: unknown (run home)
[LIFT] Height: unknown (run home)
[LIFT] Height: unknown (run home)
[LIFT] Height: unknown (run home)
[LIFT] Height: unknown (run home)
[LIFT] Height: unknown (run home)
[LIFT] Height: unknown (run home)
[LIFT] Height: unknown (run home)
[LIFT] Height: unknown (run home)
[LIFT] Height: unknown (run home)
[PicoLift] sent 'status'
[LIFT] Upper limit: clear
[LIFT] Lower limit: clear
[LIFT] Motion: UP
[LIFT] Velocity: 0.00 mm/s
[LIFT] Capabilities: lift_velocity_v1
[PicoLift] firmware capabilities: lift_velocity_v1
[LIFT] Height: unknown (run home)
[LIFT] V_Compute: 28.152 V
[LIFT] V_Motors: 27.647 V
[LIFT] Height: unknown (run home)
[LIFT] Height: unknown (run home)
[LIFT] Height: unknown (run home)
[LIFT] Height: unknown (run home)
[LIFT] Height: unknown (run home)
[LIFT] Height: unknown (run home)
[LIFT] Height: unknown (run home)
[LIFT] Height: unknown (run home)
[LIFT] Height: unknown (run home)
[LIFT] Height: unknown (run home)
[LIFT] Height: unknown (run home)
[LIFT] Height: unknown (run home)
[LIFT] Height: unknown (run home)
[LIFT] Height: unknown (run home)
[LIFT] Height: unknown (run home)
[LIFT] Height: unknown (run home)
[LIFT] Height: unknown (run home)
[LIFT] Height: unknown (run home)
[PicoLift] sent 'status'
[LIFT] Upper limit: clear
[LIFT] Lower limit: clear
[LIFT] Motion: UP
[LIFT] Velocity: 0.00 mm/s
[LIFT] Capabilities: lift_velocity_v1
[PicoLift] firmware capabilities: lift_velocity_v1
[LIFT] Height: unknown (run home)
[LIFT] Height: unknown (run home)
[LIFT] V_Compute: 28.147 V
[LIFT] V_Motors: 27.655 V
[LIFT] Height: unknown (run home)
[LIFT] Height: unknown (run home)
[LIFT] Height: unknown (run home)
[LIFT] Height: unknown (run home)
[LIFT] Height: unknown (run home)
[LIFT] Height: unknown (run home)
[LIFT] Height: unknown (run home)
[LIFT] Height: unknown (run home)
[LIFT] Height: unknown (run home)
[LIFT] Height: unknown (run home)
[LIFT] Height: unknown (run home)
[LIFT] Height: unknown (run home)
[LIFT] Height: unknown (run home)
[LIFT] Height: unknown (run home)
[LIFT] Height: unknown (run home)
[LIFT] Height: unknown (run home)
[LIFT] Height: unknown (run home)
[PicoLift] sent 'status'
[LIFT] Upper limit: clear
[LIFT] Lower limit: clear
[LIFT] Motion: UP
[LIFT] Velocity: 0.00 mm/s
[LIFT] Capabilities: lift_velocity_v1
[PicoLift] firmware capabilities: lift_velocity_v1
[LIFT] Height: unknown (run home)
[LIFT] Height: unknown (run home)
[LIFT] V_Compute: 28.167 V
[LIFT] V_Motors: 27.655 V
[LIFT] Height: unknown (run home)
[LIFT] Height: unknown (run home)
[LIFT] Height: unknown (run home)
[LIFT] Height: unknown (run home)
[LIFT] Height: unknown (run home)
[LIFT] Height: unknown (run home)
[LIFT] Height: unknown (run home)
[LIFT] Height: unknown (run home)
[LIFT] Height: unknown (run home)
[LIFT] Height: unknown (run home)
[LIFT] Height: unknown (run home)
[LIFT] Height: unknown (run home)
[LIFT] Height: unknown (run home)
[LIFT] Height: unknown (run home)
[LIFT] Height: unknown (run home)
[LIFT] Height: unknown (run home)
[LIFT] Height: unknown (run home)
[PicoLift] sent 'status'
[LIFT] Upper limit: clear
[LIFT] Lower limit: clear
[LIFT] Motion: UP
[LIFT] Velocity: 0.00 mm/s
[LIFT] Capabilities: lift_velocity_v1
[PicoLift] firmware capabilities: lift_velocity_v1
[LIFT] Height: unknown (run home)
[LIFT] Height: unknown (run home)
[LIFT] V_Compute: 28.149 V
[LIFT] V_Motors: 27.649 V
[LIFT] Height: unknown (run home)
[LIFT] Height: unknown (run home)
[LIFT] Height: unknown (run home)
[LIFT] Height: unknown (run home)
[LIFT] Height: unknown (run home)
[LIFT] Height: unknown (run home)
[LIFT] Height: unknown (run home)
[LIFT] Height: unknown (run home)
[LIFT] Height: unknown (run home)
[LIFT] Height: unknown (run home)
[LIFT] Height: unknown (run home)
[LIFT] Height: unknown (run home)
[LIFT] Height: unknown (run home)
[LIFT] Height: unknown (run home)
[LIFT] Height: unknown (run home)
[LIFT] Height: unknown (run home)
[LIFT] Height: unknown (run home)
[PicoLift] sent 'status'
[LIFT] Height: unknown (run home)
[LIFT] Upper limit: clear
[LIFT] Lower limit: clear
[LIFT] Motion: UP
[LIFT] Velocity: 0.00 mm/s
[LIFT] Capabilities: lift_velocity_v1
[PicoLift] firmware capabilities: lift_velocity_v1
[LIFT] Height: unknown (run home)
[LIFT] V_Compute: 28.155 V
[LIFT] V_Motors: 27.645 V
[LIFT] Height: unknown (run home)
[LIFT] Height: unknown (run home)
[LIFT] Height: unknown (run home)
[LIFT] Height: unknown (run home)
[LIFT] Height: unknown (run home)
[LIFT] Height: unknown (run home)
[LIFT] Height: unknown (run home)
[LIFT] Height: unknown (run home)
[LIFT] Height: unknown (run home)
[LIFT] Height: unknown (run home)
[LIFT] Height: unknown (run home)
[LIFT] Height: unknown (run home)
[LIFT] Height: unknown (run home)
[LIFT] Height: unknown (run home)
[LIFT] Height: unknown (run home)
[LIFT] Height: unknown (run home)
[LIFT] Height: unknown (run home)
[PicoLift] sent 'status'
[LIFT] Height: unknown (run home)
[LIFT] Upper limit: clear
[LIFT] Lower limit: clear
[LIFT] Motion: UP
[LIFT] Velocity: 0.00 mm/s
[LIFT] Capabilities: lift_velocity_v1
[PicoLift] firmware capabilities: lift_velocity_v1
[LIFT] Height: unknown (run home)
[LIFT] V_Compute: 28.157 V
[LIFT] V_Motors: 27.635 V
[LIFT] Height: unknown (run home)
[LIFT] Height: unknown (run home)
[LIFT] Height: unknown (run home)
[LIFT] Height: unknown (run home)
[LIFT] Height: unknown (run home)
[LIFT] Height: unknown (run home)
[LIFT] Height: unknown (run home)
[LIFT] Height: unknown (run home)
[LIFT] Height: unknown (run home)
[LIFT] Height: unknown (run home)
[LIFT] Height: unknown (run home)
[LIFT] Height: unknown (run home)
[LIFT] Height: unknown (run home)
[LIFT] Height: unknown (run home)
[LIFT] Height: unknown (run home)
[LIFT] Height: unknown (run home)
[LIFT] Height: unknown (run home)
[PicoLift] sent 'status'
[LIFT] Height: unknown (run home)
[LIFT] Upper limit: clear
[LIFT] Lower limit: clear
[LIFT] Motion: UP
[LIFT] Velocity: 0.00 mm/s
[LIFT] Capabilities: lift_velocity_v1
[PicoLift] firmware capabilities: lift_velocity_v1
[LIFT] Height: unknown (run home)
[LIFT] V_Compute: 28.138 V
[LIFT] V_Motors: 27.635 V
[LIFT] Height: unknown (run home)
[LIFT] Height: unknown (run home)
[LIFT] Height: unknown (run home)
[LIFT] Height: unknown (run home)
[LIFT] Height: unknown (run home)
[LIFT] Height: unknown (run home)
[LIFT] Height: unknown (run home)
[LIFT] Height: unknown (run home)
[LIFT] Height: unknown (run home)
[LIFT] Height: unknown (run home)
[LIFT] Height: unknown (run home)
[LIFT] Height: unknown (run home)
[LIFT] Height: unknown (run home)
[LIFT] Height: unknown (run home)
[LIFT] Height: unknown (run home)
[LIFT] Height: unknown (run home)
[LIFT] Height: unknown (run home)
[PicoLift] sent 'status'
[LIFT] Height: unknown (run home)
[LIFT] Upper limit: clear
[LIFT] Lower limit: clear
[LIFT] Motion: UP
[LIFT] Velocity: 0.00 mm/s
[LIFT] Capabilities: lift_velocity_v1
[PicoLift] firmware capabilities: lift_velocity_v1
[LIFT] Height: unknown (run home)
[LIFT] V_Compute: 28.157 V
[LIFT] V_Motors: 27.639 V
[LIFT] Height: unknown (run home)
[LIFT] Height: unknown (run home)
[LIFT] Height: unknown (run home)
[LIFT] Height: unknown (run home)
[LIFT] Height: unknown (run home)
[LIFT] Height: unknown (run home)
[LIFT] Height: unknown (run home)
[LIFT] Height: unknown (run home)
[LIFT] Height: unknown (run home)
[LIFT] Height: unknown (run home)
[LIFT] Height: unknown (run home)
[LIFT] Height: unknown (run home)
[LIFT] Height: unknown (run home)
[LIFT] Height: unknown (run home)
[LIFT] Height: unknown (run home)
[LIFT] Height: unknown (run home)
[LIFT] Height: unknown (run home)
[PicoLift] sent 'status'
[LIFT] Height: unknown (run home)
[LIFT] Upper limit: clear
[LIFT] Lower limit: clear
[LIFT] Motion: UP
[LIFT] Velocity: 0.00 mm/s
[LIFT] Capabilities: lift_velocity_v1
[PicoLift] firmware capabilities: lift_velocity_v1
[LIFT] Height: unknown (run home)
[LIFT] V_Compute: 28.122 V
[LIFT] V_Motors: 27.638 V
[LIFT] Height: unknown (run home)
[LIFT] Height: unknown (run home)
[LIFT] Height: unknown (run home)
[LIFT] Height: unknown (run home)
[LIFT] Height: unknown (run home)
[LIFT] Height: unknown (run home)
[LIFT] Height: unknown (run home)
[LIFT] Height: unknown (run home)
[LIFT] Height: unknown (run home)
[LIFT] Height: unknown (run home)
[LIFT] Height: unknown (run home)
[LIFT] Height: unknown (run home)
[LIFT] Height: unknown (run home)
[LIFT] Height: unknown (run home)
[LIFT] Height: unknown (run home)
[LIFT] Height: unknown (run home)
[LIFT] Height: unknown (run home)
[PicoLift] sent 'status'
[LIFT] Height: unknown (run home)
[LIFT] Upper limit: clear
[LIFT] Lower limit: clear
[LIFT] Motion: UP
[LIFT] Velocity: 0.00 mm/s
[LIFT] Capabilities: lift_velocity_v1
[PicoLift] firmware capabilities: lift_velocity_v1
[LIFT] Height: unknown (run home)
[LIFT] V_Compute: 28.154 V
[LIFT] V_Motors: 27.636 V
[LIFT] Height: unknown (run home)
[LIFT] Height: unknown (run home)
[LIFT] Height: unknown (run home)
[LIFT] Height: unknown (run home)
[LIFT] Height: unknown (run home)
[LIFT] Height: unknown (run home)
[LIFT] Height: unknown (run home)
[LIFT] Height: unknown (run home)
[LIFT] Height: unknown (run home)
[LIFT] Height: unknown (run home)
[LIFT] Height: unknown (run home)
[LIFT] Height: unknown (run home)
[LIFT] Height: unknown (run home)
[LIFT] Height: unknown (run home)
[LIFT] Height: unknown (run home)
[LIFT] Height: unknown (run home)
[LIFT] Height: unknown (run home)
[PicoLift] sent 'status'
[LIFT] Height: unknown (run home)
[LIFT] Upper limit: clear
[LIFT] Lower limit: clear
[LIFT] Motion: UP
[LIFT] Velocity: 0.00 mm/s
[LIFT] Capabilities: lift_velocity_v1
[PicoLift] firmware capabilities: lift_velocity_v1
[LIFT] Height: unknown (run home)
[LIFT] V_Compute: 28.146 V
[LIFT] V_Motors: 27.647 V
[LIFT] Height: unknown (run home)
[LIFT] Height: unknown (run home)
[LIFT] Height: unknown (run home)
[LIFT] Height: unknown (run home)
[LIFT] Height: unknown (run home)
[LIFT] Height: unknown (run home)
[LIFT] Height: unknown (run home)
[LIFT] Height: unknown (run home)
[LIFT] Height: unknown (run home)
[LIFT] Height: unknown (run home)
[LIFT] Height: unknown (run home)
[LIFT] Height: unknown (run home)
[LIFT] Height: unknown (run home)
[LIFT] Height: unknown (run home)
[LIFT] Height: unknown (run home)
[LIFT] Height: unknown (run home)
[LIFT] Height: unknown (run home)
[PicoLift] sent 'status'
[LIFT] Height: unknown (run home)
[LIFT] Upper limit: clear
[LIFT] Lower limit: clear
[LIFT] Motion: UP
[LIFT] Velocity: 0.00 mm/s
[LIFT] Capabilities: lift_velocity_v1
[PicoLift] firmware capabilities: lift_velocity_v1
[LIFT] Height: unknown (run home)
[LIFT] V_Compute: 28.145 V
[LIFT] V_Motors: 27.639 V
[LIFT] Height: unknown (run home)
[LIFT] Height: unknown (run home)
[LIFT] Height: unknown (run home)
[LIFT] Height: unknown (run home)
[LIFT] Height: unknown (run home)
[LIFT] Height: unknown (run home)
[LIFT] Height: unknown (run home)
[LIFT] Height: unknown (run home)
[LIFT] Height: unknown (run home)
[LIFT] Height: unknown (run home)
[LIFT] Height: unknown (run home)
[LIFT] Height: unknown (run home)
[LIFT] Height: unknown (run home)
[LIFT] Height: unknown (run home)
[LIFT] Height: unknown (run home)
[LIFT] Height: unknown (run home)
[LIFT] Height: unknown (run home)
[PicoLift] sent 'status'
[LIFT] Height: unknown (run home)
[LIFT] Upper limit: clear
[LIFT] Lower limit: clear
[LIFT] Motion: UP
[LIFT] Velocity: 0.00 mm/s
[LIFT] Capabilities: lift_velocity_v1
[PicoLift] firmware capabilities: lift_velocity_v1
[LIFT] Height: unknown (run home)
[LIFT] V_Compute: 28.139 V
[LIFT] V_Motors: 27.640 V
[LIFT] Height: unknown (run home)
[LIFT] Height: unknown (run home)
[LIFT] Height: unknown (run home)
[LIFT] Height: unknown (run home)
[LIFT] Height: unknown (run home)
[LIFT] Height: unknown (run home)
[LIFT] Height: unknown (run home)
[LIFT] Height: unknown (run home)
[LIFT] Height: unknown (run home)
[LIFT] Height: unknown (run home)
[LIFT] Height: unknown (run home)
[LIFT] Height: unknown (run home)
[LIFT] Height: unknown (run home)
[LIFT] Height: unknown (run home)
[LIFT] Height: unknown (run home)
[LIFT] Height: unknown (run home)
[LIFT] Height: unknown (run home)
[LIFT] Height: unknown (run home)
[PicoLift] sent 'status'
[LIFT] Upper limit: clear
[LIFT] Lower limit: clear
[LIFT] Motion: UP
[LIFT] Velocity: 0.00 mm/s
[LIFT] Capabilities: lift_velocity_v1
[PicoLift] firmware capabilities: lift_velocity_v1
[LIFT] Height: unknown (run home)
[LIFT] V_Compute: 28.150 V
[LIFT] V_Motors: 27.632 V
[LIFT] Height: unknown (run home)
[LIFT] Height: unknown (run home)
[LIFT] Height: unknown (run home)
[LIFT] Height: unknown (run home)
[LIFT] Height: unknown (run home)
[LIFT] Height: unknown (run home)
[LIFT] Height: unknown (run home)
[LIFT] Height: unknown (run home)
[LIFT] Height: unknown (run home)
[LIFT] Height: unknown (run home)
[LIFT] Height: unknown (run home)
[LIFT] Height: unknown (run home)
[LIFT] Height: unknown (run home)
[LIFT] Height: unknown (run home)
[LIFT] Height: unknown (run home)
[LIFT] Height: unknown (run home)
[LIFT] Height: unknown (run home)
[PicoLift] sent 'status'
[LIFT] Height: unknown (run home)
[LIFT] Upper limit: clear
[LIFT] Lower limit: clear
[LIFT] Motion: UP
[LIFT] Velocity: 0.00 mm/s
[LIFT] Capabilities: lift_velocity_v1
[PicoLift] firmware capabilities: lift_velocity_v1
[LIFT] Height: unknown (run home)
[LIFT] V_Compute: 28.140 V
[LIFT] V_Motors: 27.624 V
[LIFT] Height: unknown (run home)
[LIFT] Height: unknown (run home)
[LIFT] Height: unknown (run home)
[LIFT] Height: unknown (run home)
[LIFT] Height: unknown (run home)
[LIFT] Height: unknown (run home)
[LIFT] Height: unknown (run home)
[LIFT] Height: unknown (run home)
[LIFT] Height: unknown (run home)
[LIFT] Height: unknown (run home)
[LIFT] Height: unknown (run home)
[LIFT] Height: unknown (run home)
[LIFT] Height: unknown (run home)
[LIFT] Height: unknown (run home)
[LIFT] Height: unknown (run home)
[LIFT] Height: unknown (run home)
[LIFT] Height: unknown (run home)
[LIFT] Height: unknown (run home)
[PicoLift] sent 'status'
[LIFT] Upper limit: clear
[LIFT] Lower limit: clear
[LIFT] Motion: UP
[LIFT] Velocity: 0.00 mm/s
[LIFT] Capabilities: lift_velocity_v1
[PicoLift] firmware capabilities: lift_velocity_v1
[LIFT] Height: unknown (run home)
[LIFT] V_Compute: 28.156 V
[LIFT] V_Motors: 27.632 V
[LIFT] Height: unknown (run home)
[LIFT] Height: unknown (run home)
[LIFT] Height: unknown (run home)
[LIFT] Height: unknown (run home)
[LIFT] Height: unknown (run home)
[LIFT] Height: unknown (run home)
[LIFT] Height: unknown (run home)
[LIFT] Height: unknown (run home)
[LIFT] Height: unknown (run home)
[LIFT] Height: unknown (run home)
[LIFT] Height: unknown (run home)
[LIFT] Height: unknown (run home)
[LIFT] Height: unknown (run home)
[LIFT] Height: unknown (run home)
[LIFT] Height: unknown (run home)
[LIFT] Height: unknown (run home)
[LIFT] Height: unknown (run home)
[LIFT] Height: unknown (run home)
[PicoLift] sent 'status'
[LIFT] Upper limit: clear
[LIFT] Lower limit: clear
[LIFT] Motion: UP
[LIFT] Velocity: 0.00 mm/s
[LIFT] Capabilities: lift_velocity_v1
[PicoLift] firmware capabilities: lift_velocity_v1
[LIFT] Height: unknown (run home)
[LIFT] V_Compute: 28.155 V
[LIFT] V_Motors: 27.641 V
[LIFT] Height: unknown (run home)
[LIFT] Height: unknown (run home)
[LIFT] Height: unknown (run home)
[LIFT] Height: unknown (run home)
[LIFT] Height: unknown (run home)
[LIFT] Height: unknown (run home)
[LIFT] Height: unknown (run home)
[LIFT] Height: unknown (run home)
[LIFT] Height: unknown (run home)
[LIFT] Height: unknown (run home)
[LIFT] Height: unknown (run home)
[LIFT] Height: unknown (run home)
[LIFT] Height: unknown (run home)
[LIFT] Height: unknown (run home)
[LIFT] Height: unknown (run home)
[LIFT] Height: unknown (run home)
[LIFT] Height: unknown (run home)
[LIFT] Height: unknown (run home)
[PicoLift] sent 'status'
[LIFT] Upper limit: clear
[LIFT] Lower limit: clear
[LIFT] Motion: UP
[LIFT] Velocity: 0.00 mm/s
[LIFT] Capabilities: lift_velocity_v1
[PicoLift] firmware capabilities: lift_velocity_v1
[LIFT] Height: unknown (run home)
[LIFT] V_Compute: 28.150 V
[LIFT] V_Motors: 27.629 V
[LIFT] Height: unknown (run home)
[LIFT] Height: unknown (run home)
[LIFT] Height: unknown (run home)
[LIFT] Height: unknown (run home)
[LIFT] Height: unknown (run home)
[LIFT] Height: unknown (run home)
[LIFT] Height: unknown (run home)
[LIFT] Height: unknown (run home)
[LIFT] Height: unknown (run home)
[LIFT] Height: unknown (run home)
[LIFT] Height: unknown (run home)
[LIFT] Height: unknown (run home)
[LIFT] Height: unknown (run home)
[LIFT] Height: unknown (run home)
[LIFT] Height: unknown (run home)
[LIFT] Height: unknown (run home)
[LIFT] Height: unknown (run home)
[LIFT] Height: unknown (run home)
[PicoLift] sent 'status'
[LIFT] Upper limit: clear
[LIFT] Lower limit: clear
[LIFT] Motion: UP
[LIFT] Velocity: 0.00 mm/s
[LIFT] Capabilities: lift_velocity_v1
[PicoLift] firmware capabilities: lift_velocity_v1
[LIFT] Height: unknown (run home)
[LIFT] V_Compute: 28.140 V
[LIFT] V_Motors: 27.645 V
[LIFT] Height: unknown (run home)
[LIFT] Height: unknown (run home)
[LIFT] Height: unknown (run home)
[LIFT] Height: unknown (run home)
[LIFT] Height: unknown (run home)
[LIFT] Height: unknown (run home)
[LIFT] Height: unknown (run home)
[LIFT] Height: unknown (run home)
[LIFT] Height: unknown (run home)
[LIFT] Height: unknown (run home)
[LIFT] Height: unknown (run home)
[LIFT] Height: unknown (run home)
[LIFT] Height: unknown (run home)
[LIFT] Height: unknown (run home)
[LIFT] Height: unknown (run home)
[LIFT] Height: unknown (run home)
[LIFT] Height: unknown (run home)
[LIFT] Height: unknown (run home)
[PicoLift] sent 'status'
[LIFT] Upper limit: clear
[LIFT] Lower limit: clear
[LIFT] Motion: UP
[LIFT] Velocity: 0.00 mm/s
[LIFT] Capabilities: lift_velocity_v1
[PicoLift] firmware capabilities: lift_velocity_v1
[LIFT] Height: unknown (run home)
[LIFT] V_Compute: 28.144 V
[LIFT] V_Motors: 27.638 V
[LIFT] Height: unknown (run home)
[LIFT] Height: unknown (run home)
[LIFT] Height: unknown (run home)
[LIFT] Height: unknown (run home)
[LIFT] Height: unknown (run home)
[LIFT] Height: unknown (run home)
[LIFT] Height: unknown (run home)
[LIFT] Height: unknown (run home)
[LIFT] Height: unknown (run home)
[LIFT] Height: unknown (run home)
[LIFT] Height: unknown (run home)
[LIFT] Height: unknown (run home)
[LIFT] Height: unknown (run home)
[LIFT] Height: unknown (run home)
[LIFT] Height: unknown (run home)
[LIFT] Height: unknown (run home)
[LIFT] Height: unknown (run home)
[LIFT] Height: unknown (run home)
[PicoLift] sent 'status'
[LIFT] Upper limit: clear
[LIFT] Lower limit: clear
[LIFT] Motion: UP
[LIFT] Velocity: 0.00 mm/s
[LIFT] Capabilities: lift_velocity_v1
[PicoLift] firmware capabilities: lift_velocity_v1
[LIFT] Height: unknown (run home)
[LIFT] V_Compute: 28.147 V
[LIFT] V_Motors: 27.641 V
[LIFT] Height: unknown (run home)
[LIFT] Height: unknown (run home)
[LIFT] Height: unknown (run home)
[LIFT] Height: unknown (run home)
[LIFT] Height: unknown (run home)
[LIFT] Height: unknown (run home)
[LIFT] Height: unknown (run home)
[LIFT] Height: unknown (run home)
[LIFT] Height: unknown (run home)
[LIFT] Height: unknown (run home)
[LIFT] Height: unknown (run home)
[LIFT] Height: unknown (run home)
[LIFT] Height: unknown (run home)
[LIFT] Height: unknown (run home)
[LIFT] Height: unknown (run home)
[LIFT] Height: unknown (run home)
[LIFT] Height: unknown (run home)
[LIFT] Height: unknown (run home)
[PicoLift] sent 'status'
[LIFT] Upper limit: clear
[LIFT] Lower limit: clear
[LIFT] Motion: UP
[LIFT] Velocity: 0.00 mm/s
[LIFT] Capabilities: lift_velocity_v1
[PicoLift] firmware capabilities: lift_velocity_v1
[LIFT] Height: unknown (run home)
[LIFT] V_Compute: 28.146 V
[LIFT] V_Motors: 27.638 V
[LIFT] Height: unknown (run home)
[LIFT] Height: unknown (run home)
[LIFT] Height: unknown (run home)
[LIFT] Height: unknown (run home)
[LIFT] Height: unknown (run home)
[LIFT] Height: unknown (run home)
[LIFT] Height: unknown (run home)
[LIFT] Height: unknown (run home)
[LIFT] Height: unknown (run home)
[LIFT] Height: unknown (run home)
[LIFT] Height: unknown (run home)
[LIFT] Home complete.
[PicoLift] sent 'status'
[PicoLift] sent 'status'
[YOR] lift: home complete at 0.9 m
[YOR] lift: moving to 450 mm from zero
[PicoLift] sent 'down 450.00'
[LIFT] Upper limit: ACTIVE
[LIFT] Lower limit: clear
[LIFT] Motion: IDLE
[LIFT] Velocity: 0.00 mm/s
[LIFT] Capabilities: lift_velocity_v1
[PicoLift] firmware capabilities: lift_velocity_v1
[LIFT] V_Compute: 28.142 V
[LIFT] V_Motors: 27.660 V
[LIFT] Upper limit: ACTIVE
[LIFT] Lower limit: clear
[LIFT] Motion: IDLE
[LIFT] Velocity: 0.00 mm/s
[LIFT] Capabilities: lift_velocity_v1
[PicoLift] firmware capabilities: lift_velocity_v1
[LIFT] Moving DOWN 450.00 mm
[LIFT] V_Compute: 28.149 V
[LIFT] V_Motors: 27.626 V
[LIFT] V_Compute: 28.144 V
[LIFT] V_Motors: 27.647 V
[LIFT] V_Compute: 28.146 V
[LIFT] V_Motors: 27.657 V
[LIFT] V_Compute: 28.151 V
[LIFT] V_Motors: 27.652 V
[LIFT] V_Compute: 28.152 V
[LIFT] V_Motors: 27.655 V
[LIFT] V_Compute: 28.154 V
[LIFT] V_Motors: 27.654 V
[LIFT] V_Compute: 28.145 V
[LIFT] V_Motors: 27.650 V
[LIFT] V_Compute: 28.150 V
[LIFT] V_Motors: 27.652 V
[LIFT] V_Compute: 28.144 V
[LIFT] V_Motors: 27.655 V
[LIFT] V_Compute: 28.144 V
[LIFT] V_Motors: 27.650 V
[LIFT] V_Compute: 28.147 V
[LIFT] V_Motors: 27.656 V
[LIFT] V_Compute: 28.159 V
[LIFT] V_Motors: 27.651 V
[LIFT] V_Compute: 28.149 V
[LIFT] V_Motors: 27.652 V
[LIFT] V_Compute: 28.145 V
[LIFT] V_Motors: 27.647 V
[LIFT] V_Compute: 28.146 V
[LIFT] V_Motors: 27.651 V
[LIFT] V_Compute: 28.160 V
[LIFT] V_Motors: 27.645 V
[LIFT] V_Compute: 28.144 V
[LIFT] V_Motors: 27.654 V
[LIFT] V_Compute: 28.145 V
[LIFT] V_Motors: 27.649 V
[PicoLift] sent 'stop'
[YOR] lift: startup position 0.450962 m
[LIFT] Motion stopped by user.
[LIFT] V_Compute: 28.146 V
[LIFT] V_Motors: 27.657 V
[LIFT] V_Compute: 28.149 V
[LIFT] V_Motors: 27.667 V
[LIFT] V_Compute: 28.150 V
[LIFT] V_Motors: 27.666 V
[LIFT] V_Compute: 28.147 V
[LIFT] V_Motors: 27.655 V
[LIFT] V_Compute: 28.147 V
[LIFT] V_Motors: 27.657 V
[LIFT] V_Compute: 28.154 V
[LIFT] V_Motors: 27.660 V
[LIFT] V_Compute: 28.146 V
[LIFT] V_Motors: 27.663 V
[LIFT] V_Compute: 28.151 V
[LIFT] V_Motors: 27.663 V
[LIFT] V_Compute: 28.146 V
[LIFT] V_Motors: 27.667 V
[LIFT] V_Compute: 28.146 V
[LIFT] V_Motors: 27.659 V
[LIFT] V_Compute: 28.154 V
[LIFT] V_Motors: 27.663 V
[LIFT] V_Compute: 28.152 V
[LIFT] V_Motors: 27.671 V
[LIFT] V_Compute: 28.151 V
[LIFT] V_Motors: 27.663 V
[LIFT] V_Compute: 28.150 V
[LIFT] V_Motors: 27.660 V
[LIFT] V_Compute: 28.149 V
[LIFT] V_Motors: 27.667 V
[LIFT] V_Compute: 28.151 V
[LIFT] V_Motors: 27.661 V
[LIFT] V_Compute: 28.152 V
[LIFT] V_Motors: 27.666 V
[LIFT] V_Compute: 28.151 V
[LIFT] V_Motors: 27.664 V
[LIFT] V_Compute: 28.146 V
[LIFT] V_Motors: 27.661 V
[LIFT] V_Compute: 28.140 V
[LIFT] V_Motors: 27.661 V
[LIFT] V_Compute: 28.140 V
[LIFT] V_Motors: 27.655 V
[LIFT] V_Compute: 28.145 V
[LIFT] V_Motors: 27.666 V
[LIFT] V_Compute: 28.142 V
[LIFT] V_Motors: 27.655 V
[LIFT] V_Compute: 28.146 V
[LIFT] V_Motors: 27.663 V
[LIFT] V_Compute: 28.147 V
[LIFT] V_Motors: 27.657 V
[LIFT] V_Compute: 28.154 V
[LIFT] V_Motors: 27.671 V
[LIFT] V_Compute: 28.149 V
[LIFT] V_Motors: 27.656 V
[LIFT] V_Compute: 28.144 V
[LIFT] V_Motors: 27.665 V
[LIFT] V_Compute: 28.149 V
[LIFT] V_Motors: 27.665 V
[LIFT] V_Compute: 28.146 V
[LIFT] V_Motors: 27.663 V
[LIFT] V_Compute: 28.147 V
[LIFT] V_Motors: 27.664 V
[LIFT] V_Compute: 28.125 V
[LIFT] V_Motors: 27.647 V
[LIFT] V_Compute: 28.151 V
[LIFT] V_Motors: 27.660 V
[LIFT] V_Compute: 28.149 V
[LIFT] V_Motors: 27.664 V
[LIFT] V_Compute: 28.155 V
[LIFT] V_Motors: 27.655 V
[LIFT] V_Compute: 28.147 V
[LIFT] V_Motors: 27.660 V
[LIFT] V_Compute: 28.142 V
[LIFT] V_Motors: 27.667 V
[LIFT] V_Compute: 28.150 V
[LIFT] V_Motors: 27.666 V
[LIFT] V_Compute: 28.149 V
[LIFT] V_Motors: 27.669 V
[LIFT] V_Compute: 28.146 V
[LIFT] V_Motors: 27.654 V
[LIFT] V_Compute: 28.152 V
[LIFT] V_Motors: 27.663 V
[LIFT] V_Compute: 28.144 V
[LIFT] V_Motors: 27.660 V
[LIFT] V_Compute: 28.146 V
[LIFT] V_Motors: 27.665 V
[LIFT] V_Compute: 28.150 V
[LIFT] V_Motors: 27.667 V
[LIFT] V_Compute: 28.149 V
[LIFT] V_Motors: 27.660 V
[LIFT] V_Compute: 28.151 V
[LIFT] V_Motors: 27.665 V
[LIFT] V_Compute: 28.150 V
[LIFT] V_Motors: 27.656 V
[LIFT] V_Compute: 28.144 V
[LIFT] V_Motors: 27.659 V
[LIFT] V_Compute: 28.141 V
[LIFT] V_Motors: 27.667 V
[LIFT] V_Compute: 28.150 V
[LIFT] V_Motors: 27.664 V
SLAM pose subscriber initialized
[YOR] follow_path: n=22 first=(-0.002100014686584495, -0.011500072479248225) last=(4.447899985313416, -0.4615000724792484)
[LIFT] V_Compute: 28.150 V
[LIFT] V_Motors: 27.615 V
[LIFT] V_Compute: 28.151 V
[LIFT] V_Motors: 27.616 V
[LIFT] V_Compute: 28.141 V
[LIFT] V_Motors: 27.629 V
[LIFT] V_Compute: 28.150 V
[LIFT] V_Motors: 27.644 V
[LIFT] V_Compute: 28.149 V
[LIFT] V_Motors: 27.641 V
[LIFT] V_Compute: 28.149 V
[LIFT] V_Motors: 27.630 V
[LIFT] V_Compute: 28.152 V
[LIFT] V_Motors: 27.639 V
[LIFT] V_Compute: 28.151 V
[LIFT] V_Motors: 27.626 V
[LIFT] V_Compute: 28.144 V
[LIFT] V_Motors: 27.629 V
[LIFT] V_Compute: 28.147 V
[LIFT] V_Motors: 27.624 V
[LIFT] V_Compute: 28.147 V
[LIFT] V_Motors: 27.616 V
[LIFT] V_Compute: 28.147 V
[LIFT] V_Motors: 27.640 V
[LIFT] V_Compute: 28.139 V
[LIFT] V_Motors: 27.616 V
[LIFT] V_Compute: 28.145 V
[LIFT] V_Motors: 27.634 V
[LIFT] V_Compute: 28.150 V
[LIFT] V_Motors: 27.636 V
[LIFT] V_Compute: 28.147 V
[LIFT] V_Motors: 27.618 V
[LIFT] V_Compute: 28.147 V
[LIFT] V_Motors: 27.603 V
[LIFT] V_Compute: 28.146 V
[LIFT] V_Motors: 27.621 V
[LIFT] V_Compute: 28.146 V
[LIFT] V_Motors: 27.620 V
[LIFT] V_Compute: 28.150 V
[LIFT] V_Motors: 27.614 V
[LIFT] V_Compute: 28.141 V
[LIFT] V_Motors: 27.604 V
[LIFT] V_Compute: 28.146 V
[LIFT] V_Motors: 27.604 V
[LIFT] V_Compute: 28.142 V
[LIFT] V_Motors: 27.603 V
[LIFT] V_Compute: 28.147 V
[LIFT] V_Motors: 27.576 V
[LIFT] V_Compute: 28.147 V
[LIFT] V_Motors: 27.600 V
[LIFT] V_Compute: 28.145 V
[LIFT] V_Motors: 27.625 V
[LIFT] V_Compute: 28.139 V
[LIFT] V_Motors: 27.604 V
[LIFT] V_Compute: 28.147 V
[LIFT] V_Motors: 27.622 V
[LIFT] V_Compute: 28.141 V
[LIFT] V_Motors: 27.551 V
[LIFT] V_Compute: 28.146 V
[LIFT] V_Motors: 27.629 V
[LIFT] V_Compute: 28.152 V
[LIFT] V_Motors: 27.590 V
[LIFT] V_Compute: 28.146 V
[LIFT] V_Motors: 27.621 V
[LIFT] V_Compute: 28.150 V
[LIFT] V_Motors: 27.626 V
[LIFT] V_Compute: 28.129 V
[LIFT] V_Motors: 27.620 V
[LIFT] V_Compute: 28.147 V
[LIFT] V_Motors: 27.605 V
[LIFT] V_Compute: 28.151 V
[LIFT] V_Motors: 27.630 V
[LIFT] V_Compute: 28.149 V
[LIFT] V_Motors: 27.640 V
[LIFT] V_Compute: 28.149 V
[LIFT] V_Motors: 27.635 V
[LIFT] V_Compute: 28.142 V
[LIFT] V_Motors: 27.642 V
[LIFT] V_Compute: 28.145 V
[LIFT] V_Motors: 27.615 V
[LIFT] V_Compute: 28.138 V
[LIFT] V_Motors: 27.615 V
[LIFT] V_Compute: 28.147 V
[LIFT] V_Motors: 27.650 V
[LIFT] V_Compute: 28.141 V
[LIFT] V_Motors: 27.652 V
[LIFT] V_Compute: 28.147 V
[LIFT] V_Motors: 27.652 V
[LIFT] V_Compute: 28.146 V
[LIFT] V_Motors: 27.655 V
[LIFT] V_Compute: 28.144 V
[LIFT] V_Motors: 27.660 V
[LIFT] V_Compute: 28.147 V
[LIFT] V_Motors: 27.649 V
[LIFT] V_Compute: 28.125 V
[LIFT] V_Motors: 27.644 V
[LIFT] V_Compute: 28.142 V
[LIFT] V_Motors: 27.650 V
[LIFT] V_Compute: 28.142 V
[LIFT] V_Motors: 27.651 V
[LIFT] V_Compute: 28.140 V
[LIFT] V_Motors: 27.646 V
[LIFT] V_Compute: 28.147 V
[LIFT] V_Motors: 27.651 V
[LIFT] V_Compute: 28.125 V
[LIFT] V_Motors: 27.635 V
[LIFT] V_Compute: 28.138 V
[LIFT] V_Motors: 27.644 V
[LIFT] V_Compute: 28.136 V
[LIFT] V_Motors: 27.651 V
[LIFT] V_Compute: 28.142 V
[LIFT] V_Motors: 27.654 V
[LIFT] V_Compute: 28.144 V
[LIFT] V_Motors: 27.655 V
[LIFT] V_Compute: 28.135 V
[LIFT] V_Motors: 27.651 V
[LIFT] V_Compute: 28.125 V
[LIFT] V_Motors: 27.638 V
[LIFT] V_Compute: 28.145 V
[LIFT] V_Motors: 27.657 V
[LIFT] V_Compute: 28.146 V
[LIFT] V_Motors: 27.651 V
[LIFT] V_Compute: 28.145 V
[LIFT] V_Motors: 27.656 V
[LIFT] V_Compute: 28.152 V
[LIFT] V_Motors: 27.655 V
[LIFT] V_Compute: 28.150 V
[LIFT] V_Motors: 27.655 V
[LIFT] V_Compute: 28.147 V
[LIFT] V_Motors: 27.655 V
[LIFT] V_Compute: 28.139 V
[LIFT] V_Motors: 27.651 V
[LIFT] V_Compute: 28.150 V
[LIFT] V_Motors: 27.659 V
[LIFT] V_Compute: 28.145 V
[LIFT] V_Motors: 27.654 V
[LIFT] V_Compute: 28.144 V
[LIFT] V_Motors: 27.655 V
[LIFT] V_Compute: 28.149 V
[LIFT] V_Motors: 27.656 V
[LIFT] V_Compute: 28.140 V
[LIFT] V_Motors: 27.646 V
[LIFT] V_Compute: 28.142 V
[LIFT] V_Motors: 27.652 V
[LIFT] V_Compute: 28.149 V
[LIFT] V_Motors: 27.655 V
[LIFT] V_Compute: 28.147 V
[LIFT] V_Motors: 27.652 V
[LIFT] V_Compute: 28.146 V
[LIFT] V_Motors: 27.655 V
[LIFT] V_Compute: 28.146 V
[LIFT] V_Motors: 27.657 V
[LIFT] V_Compute: 28.145 V
[LIFT] V_Motors: 27.651 V
[YOR] follow_path: cleared
[LIFT] V_Compute: 28.146 V
[LIFT] V_Motors: 27.656 V
[LIFT] V_Compute: 28.145 V
[LIFT] V_Motors: 27.659 V
[LIFT] V_Compute: 28.144 V
[LIFT] V_Motors: 27.651 V
[YOR] follow_path: n=22 first=(4.447899985313416, -0.5115000724792482) last=(-0.002100014686584495, -0.011500072479248225)
[LIFT] V_Compute: 28.150 V
[LIFT] V_Motors: 27.629 V
[LIFT] V_Compute: 28.142 V
[LIFT] V_Motors: 27.635 V
[LIFT] V_Compute: 28.155 V
[LIFT] V_Motors: 27.636 V
[LIFT] V_Compute: 28.142 V
[LIFT] V_Motors: 27.631 V
[LIFT] V_Compute: 28.142 V
[LIFT] V_Motors: 27.638 V
[LIFT] V_Compute: 28.149 V
[LIFT] V_Motors: 27.631 V
[LIFT] V_Compute: 28.147 V
[LIFT] V_Motors: 27.642 V
[LIFT] V_Compute: 28.147 V
[LIFT] V_Motors: 27.609 V
[LIFT] V_Compute: 28.144 V
[LIFT] V_Motors: 27.626 V
[LIFT] V_Compute: 28.146 V
[LIFT] V_Motors: 27.630 V
[LIFT] V_Compute: 28.140 V
[LIFT] V_Motors: 27.624 V
[LIFT] V_Compute: 28.145 V
[LIFT] V_Motors: 27.621 V
[LIFT] V_Compute: 28.145 V
[LIFT] V_Motors: 27.624 V
[LIFT] V_Compute: 28.146 V
[LIFT] V_Motors: 27.609 V
[LIFT] V_Compute: 28.138 V
[LIFT] V_Motors: 27.622 V
[LIFT] V_Compute: 28.146 V
[LIFT] V_Motors: 27.625 V
[LIFT] V_Compute: 28.139 V
[LIFT] V_Motors: 27.618 V
[LIFT] V_Compute: 28.144 V
[LIFT] V_Motors: 27.609 V
[LIFT] V_Compute: 28.146 V
[LIFT] V_Motors: 27.609 V
[LIFT] V_Compute: 28.138 V
[LIFT] V_Motors: 27.596 V
[LIFT] V_Compute: 28.147 V
[LIFT] V_Motors: 27.612 V
[LIFT] V_Compute: 28.145 V
[LIFT] V_Motors: 27.595 V
[LIFT] V_Compute: 28.132 V
[LIFT] V_Motors: 27.625 V
[LIFT] V_Compute: 28.142 V
[LIFT] V_Motors: 27.591 V
[LIFT] V_Compute: 28.132 V
[LIFT] V_Motors: 27.614 V
[LIFT] V_Compute: 28.146 V
[LIFT] V_Motors: 27.594 V
[LIFT] V_Compute: 28.140 V
[LIFT] V_Motors: 27.583 V
[LIFT] V_Compute: 28.145 V
[LIFT] V_Motors: 27.618 V
[LIFT] V_Compute: 28.146 V
[LIFT] V_Motors: 27.597 V
[LIFT] V_Compute: 28.142 V
[LIFT] V_Motors: 27.638 V
[LIFT] V_Compute: 28.145 V
[LIFT] V_Motors: 27.612 V
[LIFT] V_Compute: 28.136 V
[LIFT] V_Motors: 27.628 V
[LIFT] V_Compute: 28.139 V
[LIFT] V_Motors: 27.594 V
[LIFT] V_Compute: 28.152 V
[LIFT] V_Motors: 27.601 V
[LIFT] V_Compute: 28.140 V
[LIFT] V_Motors: 27.624 V
[LIFT] V_Compute: 28.140 V
[LIFT] V_Motors: 27.651 V
[LIFT] V_Compute: 28.140 V
[LIFT] V_Motors: 27.646 V
[LIFT] V_Compute: 28.147 V
[LIFT] V_Motors: 27.647 V
[LIFT] V_Compute: 28.140 V
[LIFT] V_Motors: 27.642 V
[LIFT] V_Compute: 28.145 V
[LIFT] V_Motors: 27.645 V
[LIFT] V_Compute: 28.140 V
[LIFT] V_Motors: 27.650 V
[YOR] follow_path: cleared
[LIFT] V_Compute: 28.138 V
[LIFT] V_Motors: 27.647 V
[LIFT] V_Compute: 28.144 V
[LIFT] V_Motors: 27.647 V
[LIFT] V_Compute: 28.144 V
[LIFT] V_Motors: 27.652 V
[LIFT] V_Compute: 28.138 V
[LIFT] V_Motors: 27.647 V
[LIFT] V_Compute: 28.147 V
[LIFT] V_Motors: 27.647 V
[LIFT] V_Compute: 28.144 V
[LIFT] V_Motors: 27.651 V
[LIFT] V_Compute: 28.144 V
[LIFT] V_Motors: 27.646 V
[LIFT] V_Compute: 28.132 V
[LIFT] V_Motors: 27.652 V
[LIFT] V_Compute: 28.142 V
[LIFT] V_Motors: 27.642 V
[LIFT] V_Compute: 28.140 V
[LIFT] V_Motors: 27.650 V
[LIFT] V_Compute: 28.150 V
[LIFT] V_Motors: 27.650 V
[LIFT] V_Compute: 28.141 V
[LIFT] V_Motors: 27.651 V
[LIFT] V_Compute: 28.141 V
[LIFT] V_Motors: 27.647 V
[LIFT] V_Compute: 28.141 V
[LIFT] V_Motors: 27.651 V
[LIFT] V_Compute: 28.136 V
[LIFT] V_Motors: 27.645 V
[LIFT] V_Compute: 28.139 V
[LIFT] V_Motors: 27.655 V
[YOR] follow_path: cleared
[LIFT] V_Compute: 28.149 V
[LIFT] V_Motors: 27.649 V
[LIFT] V_Compute: 28.147 V
[LIFT] V_Motors: 27.657 V
[LIFT] V_Compute: 28.150 V
[LIFT] V_Motors: 27.657 V
[LIFT] V_Compute: 28.150 V
[LIFT] V_Motors: 27.656 V
[LIFT] V_Compute: 28.147 V
[LIFT] V_Motors: 27.659 V
[LIFT] V_Compute: 28.150 V
[LIFT] V_Motors: 27.657 V
[LIFT] V_Compute: 28.146 V
[LIFT] V_Motors: 27.660 V
[LIFT] V_Compute: 28.149 V
[LIFT] V_Motors: 27.665 V
[LIFT] V_Compute: 28.151 V
[LIFT] V_Motors: 27.656 V
[LIFT] V_Compute: 28.140 V
[LIFT] V_Motors: 27.656 V
[LIFT] V_Compute: 28.160 V
[LIFT] V_Motors: 27.661 V
[LIFT] V_Compute: 28.154 V
[LIFT] V_Motors: 27.661 V
[LIFT] V_Compute: 28.149 V
[LIFT] V_Motors: 27.654 V
[LIFT] V_Compute: 28.156 V
[LIFT] V_Motors: 27.661 V
[LIFT] V_Compute: 28.150 V
[LIFT] V_Motors: 27.656 V
[LIFT] V_Compute: 28.154 V
[LIFT] V_Motors: 27.665 V
[LIFT] V_Compute: 28.146 V
[LIFT] V_Motors: 27.657 V
[LIFT] V_Compute: 28.154 V
[LIFT] V_Motors: 27.663 V
[LIFT] V_Compute: 28.146 V
[LIFT] V_Motors: 27.665 V
[LIFT] V_Compute: 28.152 V
[LIFT] V_Motors: 27.655 V
[LIFT] V_Compute: 28.154 V
[LIFT] V_Motors: 27.665 V
[LIFT] V_Compute: 28.157 V
[LIFT] V_Motors: 27.656 V
[LIFT] V_Compute: 28.151 V
[LIFT] V_Motors: 27.665 V
[LIFT] V_Compute: 28.163 V
[LIFT] V_Motors: 27.661 V
[LIFT] V_Compute: 28.159 V
[LIFT] V_Motors: 27.664 V
[LIFT] V_Compute: 28.159 V
[LIFT] V_Motors: 27.661 V
[LIFT] V_Compute: 28.157 V
[LIFT] V_Motors: 27.664 V
[LIFT] V_Compute: 28.156 V
[LIFT] V_Motors: 27.665 V
[LIFT] V_Compute: 28.151 V
[LIFT] V_Motors: 27.664 V
[LIFT] V_Compute: 28.157 V
[LIFT] V_Motors: 27.665 V
[LIFT] V_Compute: 28.157 V
[LIFT] V_Motors: 27.664 V
[LIFT] V_Compute: 28.157 V
[LIFT] V_Motors: 27.666 V
[LIFT] V_Compute: 28.160 V
[LIFT] V_Motors: 27.661 V
[LIFT] V_Compute: 28.146 V
[LIFT] V_Motors: 27.657 V
[LIFT] V_Compute: 28.159 V
[LIFT] V_Motors: 27.664 V
[LIFT] V_Compute: 28.156 V
[LIFT] V_Motors: 27.666 V
[LIFT] V_Compute: 28.163 V
[LIFT] V_Motors: 27.661 V
[LIFT] V_Compute: 28.165 V
[LIFT] V_Motors: 27.664 V
[LIFT] V_Compute: 28.159 V
[LIFT] V_Motors: 27.665 V
[LIFT] V_Compute: 28.159 V
[LIFT] V_Motors: 27.664 V
[LIFT] V_Compute: 28.159 V
[LIFT] V_Motors: 27.664 V
[LIFT] V_Compute: 28.155 V
[LIFT] V_Motors: 27.664 V
[LIFT] V_Compute: 28.151 V
[LIFT] V_Motors: 27.661 V
[LIFT] V_Compute: 28.159 V
[LIFT] V_Motors: 27.663 V
[LIFT] V_Compute: 28.159 V
[LIFT] V_Motors: 27.660 V
[LIFT] V_Compute: 28.157 V
[LIFT] V_Motors: 27.663 V
[LIFT] V_Compute: 28.159 V
[LIFT] V_Motors: 27.667 V
[LIFT] V_Compute: 28.157 V
[LIFT] V_Motors: 27.663 V
[LIFT] V_Compute: 28.157 V
[LIFT] V_Motors: 27.663 V
[LIFT] V_Compute: 28.163 V
[LIFT] V_Motors: 27.664 V
[LIFT] V_Compute: 28.159 V
[LIFT] V_Motors: 27.666 V
[LIFT] V_Compute: 28.154 V
[LIFT] V_Motors: 27.665 V
[LIFT] V_Compute: 28.159 V
[LIFT] V_Motors: 27.669 V
[LIFT] V_Compute: 28.159 V
[LIFT] V_Motors: 27.664 V
[LIFT] V_Compute: 28.155 V
[LIFT] V_Motors: 27.657 V
[LIFT] V_Compute: 28.163 V
[LIFT] V_Motors: 27.665 V
[LIFT] V_Compute: 28.159 V
[LIFT] V_Motors: 27.666 V
[LIFT] V_Compute: 28.163 V
[LIFT] V_Motors: 27.670 V
[LIFT] V_Compute: 28.155 V
[LIFT] V_Motors: 27.667 V
[LIFT] V_Compute: 28.166 V
[LIFT] V_Motors: 27.666 V
[LIFT] V_Compute: 28.155 V
[LIFT] V_Motors: 27.664 V
[LIFT] V_Compute: 28.155 V
[LIFT] V_Motors: 27.663 V
[LIFT] V_Compute: 28.156 V
[LIFT] V_Motors: 27.664 V
[LIFT] V_Compute: 28.156 V
[LIFT] V_Motors: 27.667 V
[LIFT] V_Compute: 28.159 V
[LIFT] V_Motors: 27.663 V
[LIFT] V_Compute: 28.160 V
[LIFT] V_Motors: 27.661 V
[LIFT] V_Compute: 28.163 V
[LIFT] V_Motors: 27.657 V
[LIFT] V_Compute: 28.156 V
[LIFT] V_Motors: 27.665 V
[LIFT] V_Compute: 28.152 V
[LIFT] V_Motors: 27.665 V
[LIFT] V_Compute: 28.159 V
[LIFT] V_Motors: 27.663 V
[LIFT] V_Compute: 28.142 V
[LIFT] V_Motors: 27.651 V
[LIFT] V_Compute: 28.159 V
[LIFT] V_Motors: 27.660 V
[LIFT] V_Compute: 28.159 V
[LIFT] V_Motors: 27.663 V
[LIFT] V_Compute: 28.155 V
[LIFT] V_Motors: 27.669 V
[LIFT] V_Compute: 28.154 V
[LIFT] V_Motors: 27.674 V
[LIFT] V_Compute: 28.160 V
[LIFT] V_Motors: 27.670 V
[LIFT] V_Compute: 28.157 V
[LIFT] V_Motors: 27.666 V
[LIFT] V_Compute: 28.159 V
[LIFT] V_Motors: 27.667 V
[LIFT] V_Compute: 28.154 V
[LIFT] V_Motors: 27.660 V
[LIFT] V_Compute: 28.157 V
[LIFT] V_Motors: 27.664 V
[LIFT] V_Compute: 28.161 V
[LIFT] V_Motors: 27.663 V
[LIFT] V_Compute: 28.159 V
[LIFT] V_Motors: 27.666 V
[LIFT] V_Compute: 28.156 V
[LIFT] V_Motors: 27.665 V
[LIFT] V_Compute: 28.156 V
[LIFT] V_Motors: 27.664 V
[LIFT] V_Compute: 28.157 V
[LIFT] V_Motors: 27.661 V
[LIFT] V_Compute: 28.157 V
[LIFT] V_Motors: 27.667 V
[LIFT] V_Compute: 28.155 V
[LIFT] V_Motors: 27.661 V
[LIFT] V_Compute: 28.161 V
[LIFT] V_Motors: 27.663 V
[LIFT] V_Compute: 28.159 V
[LIFT] V_Motors: 27.666 V
[LIFT] V_Compute: 28.155 V
[LIFT] V_Motors: 27.666 V
[LIFT] V_Compute: 28.161 V
[LIFT] V_Motors: 27.667 V
[LIFT] V_Compute: 28.144 V
[LIFT] V_Motors: 27.655 V
[LIFT] V_Compute: 28.159 V
[LIFT] V_Motors: 27.667 V
[LIFT] V_Compute: 28.146 V
[LIFT] V_Motors: 27.656 V
[LIFT] V_Compute: 28.151 V
[LIFT] V_Motors: 27.660 V
[LIFT] V_Compute: 28.150 V
[LIFT] V_Motors: 27.666 V
[LIFT] V_Compute: 28.156 V
[LIFT] V_Motors: 27.661 V
[LIFT] V_Compute: 28.161 V
[LIFT] V_Motors: 27.664 V
[LIFT] V_Compute: 28.152 V
[LIFT] V_Motors: 27.663 V
[LIFT] V_Compute: 28.156 V
[LIFT] V_Motors: 27.663 V
[LIFT] V_Compute: 28.156 V
[LIFT] V_Motors: 27.664 V
[LIFT] V_Compute: 28.155 V
[LIFT] V_Motors: 27.666 V
[LIFT] V_Compute: 28.160 V
[LIFT] V_Motors: 27.665 V
[LIFT] V_Compute: 28.164 V
[LIFT] V_Motors: 27.666 V
[LIFT] V_Compute: 28.135 V
[LIFT] V_Motors: 27.650 V
[LIFT] V_Compute: 28.154 V
[LIFT] V_Motors: 27.664 V
[LIFT] V_Compute: 28.164 V
[LIFT] V_Motors: 27.661 V
[LIFT] V_Compute: 28.159 V
[LIFT] V_Motors: 27.666 V
[LIFT] V_Compute: 28.155 V
[LIFT] V_Motors: 27.665 V
[LIFT] V_Compute: 28.159 V
[LIFT] V_Motors: 27.665 V
[LIFT] V_Compute: 28.154 V
[LIFT] V_Motors: 27.664 V
[LIFT] V_Compute: 28.150 V
[LIFT] V_Motors: 27.667 V
[LIFT] V_Compute: 28.155 V
[LIFT] V_Motors: 27.661 V
[LIFT] V_Compute: 28.155 V
[LIFT] V_Motors: 27.667 V
[LIFT] V_Compute: 28.160 V
[LIFT] V_Motors: 27.665 V
[LIFT] V_Compute: 28.160 V
[LIFT] V_Motors: 27.663 V
[LIFT] V_Compute: 28.160 V
[LIFT] V_Motors: 27.666 V
[LIFT] V_Compute: 28.140 V
[LIFT] V_Motors: 27.650 V
[LIFT] V_Compute: 28.155 V
[LIFT] V_Motors: 27.661 V
[LIFT] V_Compute: 28.163 V
[LIFT] V_Motors: 27.665 V
[LIFT] V_Compute: 28.151 V
[LIFT] V_Motors: 27.663 V
[LIFT] V_Compute: 28.155 V
[LIFT] V_Motors: 27.664 V
[LIFT] V_Compute: 28.156 V
[LIFT] V_Motors: 27.665 V
[LIFT] V_Compute: 28.159 V
[LIFT] V_Motors: 27.664 V
[LIFT] V_Compute: 28.156 V
[LIFT] V_Motors: 27.663 V
[LIFT] V_Compute: 28.149 V
[LIFT] V_Motors: 27.665 V
[LIFT] V_Compute: 28.159 V
[LIFT] V_Motors: 27.663 V
[LIFT] V_Compute: 28.159 V
[LIFT] V_Motors: 27.664 V
[LIFT] V_Compute: 28.157 V
[LIFT] V_Motors: 27.666 V
[LIFT] V_Compute: 28.157 V
[LIFT] V_Motors: 27.665 V
[LIFT] V_Compute: 28.159 V
[LIFT] V_Motors: 27.664 V
[LIFT] V_Compute: 28.160 V
[LIFT] V_Motors: 27.665 V
[LIFT] V_Compute: 28.156 V
[LIFT] V_Motors: 27.665 V
[LIFT] V_Compute: 28.155 V
[LIFT] V_Motors: 27.665 V
[LIFT] V_Compute: 28.155 V
[LIFT] V_Motors: 27.669 V
[LIFT] V_Compute: 28.155 V
[LIFT] V_Motors: 27.669 V
[LIFT] V_Compute: 28.150 V
[LIFT] V_Motors: 27.661 V
[LIFT] V_Compute: 28.155 V
[LIFT] V_Motors: 27.665 V
[LIFT] V_Compute: 28.155 V
[LIFT] V_Motors: 27.660 V
[LIFT] V_Compute: 28.152 V
[LIFT] V_Motors: 27.664 V
[LIFT] V_Compute: 28.152 V
[LIFT] V_Motors: 27.664 V
[LIFT] V_Compute: 28.159 V
[LIFT] V_Motors: 27.661 V
[LIFT] V_Compute: 28.157 V
[LIFT] V_Motors: 27.664 V
[LIFT] V_Compute: 28.147 V
[LIFT] V_Motors: 27.660 V
[LIFT] V_Compute: 28.150 V
[LIFT] V_Motors: 27.664 V
[LIFT] V_Compute: 28.154 V
[LIFT] V_Motors: 27.663 V
[LIFT] V_Compute: 28.160 V
[LIFT] V_Motors: 27.667 V
[LIFT] V_Compute: 28.132 V
[LIFT] V_Motors: 27.644 V
[LIFT] V_Compute: 28.163 V
[LIFT] V_Motors: 27.663 V
[LIFT] V_Compute: 28.146 V
[LIFT] V_Motors: 27.657 V
[LIFT] V_Compute: 28.157 V
[LIFT] V_Motors: 27.660 V
[LIFT] V_Compute: 28.150 V
[LIFT] V_Motors: 27.670 V
[LIFT] V_Compute: 28.159 V
[LIFT] V_Motors: 27.666 V
[LIFT] V_Compute: 28.154 V
[LIFT] V_Motors: 27.663 V
[LIFT] V_Compute: 28.156 V
[LIFT] V_Motors: 27.661 V
[LIFT] V_Compute: 28.155 V
[LIFT] V_Motors: 27.664 V
[LIFT] V_Compute: 28.154 V
[LIFT] V_Motors: 27.663 V
[LIFT] V_Compute: 28.152 V
[LIFT] V_Motors: 27.661 V
[LIFT] V_Compute: 28.155 V
[LIFT] V_Motors: 27.667 V
[LIFT] V_Compute: 28.152 V
[LIFT] V_Motors: 27.659 V
[LIFT] V_Compute: 28.147 V
[LIFT] V_Motors: 27.663 V
[LIFT] V_Compute: 28.152 V
[LIFT] V_Motors: 27.664 V
[LIFT] V_Compute: 28.139 V
[LIFT] V_Motors: 27.651 V
[LIFT] V_Compute: 28.155 V
[LIFT] V_Motors: 27.665 V
[LIFT] V_Compute: 28.135 V
[LIFT] V_Motors: 27.650 V
[LIFT] V_Compute: 28.136 V
[LIFT] V_Motors: 27.647 V
[LIFT] V_Compute: 28.149 V
[LIFT] V_Motors: 27.664 V
[LIFT] V_Compute: 28.139 V
[LIFT] V_Motors: 27.655 V
[LIFT] V_Compute: 28.151 V
[LIFT] V_Motors: 27.661 V
[LIFT] V_Compute: 28.155 V
[LIFT] V_Motors: 27.670 V
[LIFT] V_Compute: 28.155 V
[LIFT] V_Motors: 27.669 V
[LIFT] V_Compute: 28.142 V
[LIFT] V_Motors: 27.657 V
[LIFT] V_Compute: 28.145 V
[LIFT] V_Motors: 27.660 V
[LIFT] V_Compute: 28.156 V
[LIFT] V_Motors: 27.664 V
[LIFT] V_Compute: 28.155 V
[LIFT] V_Motors: 27.665 V
[LIFT] V_Compute: 28.155 V
[LIFT] V_Motors: 27.667 V
[LIFT] V_Compute: 28.159 V
[LIFT] V_Motors: 27.665 V
[LIFT] V_Compute: 28.160 V
[LIFT] V_Motors: 27.664 V
[LIFT] V_Compute: 28.160 V
[LIFT] V_Motors: 27.663 V
[LIFT] V_Compute: 28.151 V
[LIFT] V_Motors: 27.665 V
[LIFT] V_Compute: 28.150 V
[LIFT] V_Motors: 27.657 V
[LIFT] V_Compute: 28.156 V
[LIFT] V_Motors: 27.661 V
[LIFT] V_Compute: 28.156 V
[LIFT] V_Motors: 27.667 V
[LIFT] V_Compute: 28.145 V
[LIFT] V_Motors: 27.657 V
[LIFT] V_Compute: 28.151 V
[LIFT] V_Motors: 27.665 V
[LIFT] V_Compute: 28.152 V
[LIFT] V_Motors: 27.667 V
[LIFT] V_Compute: 28.154 V
[LIFT] V_Motors: 27.664 V
[LIFT] V_Compute: 28.159 V
[LIFT] V_Motors: 27.660 V
[LIFT] V_Compute: 28.150 V
[LIFT] V_Motors: 27.665 V
[LIFT] V_Compute: 28.151 V
[LIFT] V_Motors: 27.665 V
[LIFT] V_Compute: 28.155 V
[LIFT] V_Motors: 27.665 V
[LIFT] V_Compute: 28.150 V
[LIFT] V_Motors: 27.666 V
[LIFT] V_Compute: 28.156 V
[LIFT] V_Motors: 27.664 V
[LIFT] V_Compute: 28.152 V
[LIFT] V_Motors: 27.667 V
[LIFT] V_Compute: 28.155 V
[LIFT] V_Motors: 27.663 V
[LIFT] V_Compute: 28.155 V
[LIFT] V_Motors: 27.665 V
[LIFT] V_Compute: 28.151 V
[LIFT] V_Motors: 27.665 V
[LIFT] V_Compute: 28.151 V
[LIFT] V_Motors: 27.663 V
[LIFT] V_Compute: 28.160 V
[LIFT] V_Motors: 27.661 V
[LIFT] V_Compute: 28.157 V
[LIFT] V_Motors: 27.665 V
[LIFT] V_Compute: 28.157 V
[LIFT] V_Motors: 27.665 V
[LIFT] V_Compute: 28.163 V
[LIFT] V_Motors: 27.664 V
[LIFT] V_Compute: 28.154 V
[LIFT] V_Motors: 27.661 V
[LIFT] V_Compute: 28.155 V
[LIFT] V_Motors: 27.667 V
[LIFT] V_Compute: 28.155 V
[LIFT] V_Motors: 27.664 V
[LIFT] V_Compute: 28.151 V
[LIFT] V_Motors: 27.657 V
[LIFT] V_Compute: 28.147 V
[LIFT] V_Motors: 27.657 V
[LIFT] V_Compute: 28.163 V
[LIFT] V_Motors: 27.666 V
[LIFT] V_Compute: 28.159 V
[LIFT] V_Motors: 27.665 V
[LIFT] V_Compute: 28.155 V
[LIFT] V_Motors: 27.663 V
[LIFT] V_Compute: 28.154 V
[LIFT] V_Motors: 27.664 V
[LIFT] V_Compute: 28.156 V
[LIFT] V_Motors: 27.663 V
[LIFT] V_Compute: 28.154 V
[LIFT] V_Motors: 27.667 V
[LIFT] V_Compute: 28.155 V
[LIFT] V_Motors: 27.666 V
[LIFT] V_Compute: 28.144 V
[LIFT] V_Motors: 27.660 V
[LIFT] V_Compute: 28.157 V
[LIFT] V_Motors: 27.666 V
[LIFT] V_Compute: 28.151 V
[LIFT] V_Motors: 27.666 V
[LIFT] V_Compute: 28.159 V
[LIFT] V_Motors: 27.663 V
[LIFT] V_Compute: 28.160 V
[LIFT] V_Motors: 27.664 V
[LIFT] V_Compute: 28.159 V
[LIFT] V_Motors: 27.665 V
[LIFT] V_Compute: 28.155 V
[LIFT] V_Motors: 27.663 V
[LIFT] V_Compute: 28.156 V
[LIFT] V_Motors: 27.664 V
[LIFT] V_Compute: 28.152 V
[LIFT] V_Motors: 27.664 V
[LIFT] V_Compute: 28.154 V
[LIFT] V_Motors: 27.664 V
[LIFT] V_Compute: 28.160 V
[LIFT] V_Motors: 27.661 V
[LIFT] V_Compute: 28.154 V
[LIFT] V_Motors: 27.663 V
[LIFT] V_Compute: 28.151 V
[LIFT] V_Motors: 27.621 V
[LIFT] V_Compute: 28.150 V
[LIFT] V_Motors: 27.639 V
[LIFT] V_Compute: 28.157 V
[LIFT] V_Motors: 27.635 V
[LIFT] V_Compute: 28.160 V
[LIFT] V_Motors: 27.641 V
[LIFT] V_Compute: 28.157 V
[LIFT] V_Motors: 27.634 V
[LIFT] V_Compute: 28.150 V
[LIFT] V_Motors: 27.620 V
[LIFT] V_Compute: 28.156 V
[LIFT] V_Motors: 27.628 V
[LIFT] V_Compute: 28.150 V
[LIFT] V_Motors: 27.642 V
[LIFT] V_Compute: 28.157 V
[LIFT] V_Motors: 27.628 V
[LIFT] V_Compute: 28.155 V
[LIFT] V_Motors: 27.654 V
[LIFT] V_Compute: 28.154 V
[LIFT] V_Motors: 27.501 V
[LIFT] V_Compute: 28.144 V
[LIFT] V_Motors: 27.600 V
[LIFT] V_Compute: 28.151 V
[LIFT] V_Motors: 27.663 V
[LIFT] V_Compute: 28.159 V
[LIFT] V_Motors: 27.649 V
[LIFT] V_Compute: 28.152 V
[LIFT] V_Motors: 27.657 V
[LIFT] V_Compute: 28.155 V
[LIFT] V_Motors: 27.656 V
[LIFT] V_Compute: 28.151 V
[LIFT] V_Motors: 27.652 V
[LIFT] V_Compute: 28.157 V
[LIFT] V_Motors: 27.635 V
[LIFT] V_Compute: 28.159 V
[LIFT] V_Motors: 27.649 V
[LIFT] V_Compute: 28.157 V
[LIFT] V_Motors: 27.646 V
[LIFT] V_Compute: 28.157 V
[LIFT] V_Motors: 27.663 V
[LIFT] V_Compute: 28.163 V
[LIFT] V_Motors: 27.660 V
[LIFT] V_Compute: 28.159 V
[LIFT] V_Motors: 27.661 V
[LIFT] V_Compute: 28.152 V
[LIFT] V_Motors: 27.663 V
[LIFT] V_Compute: 28.164 V
[LIFT] V_Motors: 27.660 V
[LIFT] V_Compute: 28.160 V
[LIFT] V_Motors: 27.659 V
[LIFT] V_Compute: 28.154 V
[LIFT] V_Motors: 27.659 V
[LIFT] V_Compute: 28.154 V
[LIFT] V_Motors: 27.659 V
[LIFT] V_Compute: 28.151 V
[LIFT] V_Motors: 27.661 V
[LIFT] V_Compute: 28.150 V
[LIFT] V_Motors: 27.664 V
[LIFT] V_Compute: 28.150 V
[LIFT] V_Motors: 27.659 V
[LIFT] V_Compute: 28.151 V
[LIFT] V_Motors: 27.659 V
[LIFT] V_Compute: 28.156 V
[LIFT] V_Motors: 27.660 V
[LIFT] V_Compute: 28.151 V
[LIFT] V_Motors: 27.660 V
[LIFT] V_Compute: 28.156 V
[LIFT] V_Motors: 27.664 V
[LIFT] V_Compute: 28.157 V
[LIFT] V_Motors: 27.657 V
[LIFT] V_Compute: 28.157 V
[LIFT] V_Motors: 27.663 V
[LIFT] V_Compute: 28.147 V
[LIFT] V_Motors: 27.650 V
[LIFT] V_Compute: 28.160 V
[LIFT] V_Motors: 27.655 V
[LIFT] V_Compute: 28.156 V
[LIFT] V_Motors: 27.663 V
[LIFT] V_Compute: 28.156 V
[LIFT] V_Motors: 27.655 V
[LIFT] V_Compute: 28.155 V
[LIFT] V_Motors: 27.661 V
[LIFT] V_Compute: 28.160 V
[LIFT] V_Motors: 27.665 V
[LIFT] V_Compute: 28.157 V
[LIFT] V_Motors: 27.661 V
[LIFT] V_Compute: 28.156 V
[LIFT] V_Motors: 27.664 V
[LIFT] V_Compute: 28.154 V
[LIFT] V_Motors: 27.659 V
[LIFT] V_Compute: 28.155 V
[LIFT] V_Motors: 27.657 V
[LIFT] V_Compute: 28.156 V
[LIFT] V_Motors: 27.656 V
[LIFT] V_Compute: 28.151 V
[LIFT] V_Motors: 27.654 V
[LIFT] V_Compute: 28.154 V
[LIFT] V_Motors: 27.656 V
[LIFT] V_Compute: 28.159 V
[LIFT] V_Motors: 27.659 V
[LIFT] V_Compute: 28.154 V
[LIFT] V_Motors: 27.661 V
[LIFT] V_Compute: 28.145 V
[LIFT] V_Motors: 27.651 V
[LIFT] V_Compute: 28.144 V
[LIFT] V_Motors: 27.655 V
[LIFT] V_Compute: 28.157 V
[LIFT] V_Motors: 27.656 V
[LIFT] V_Compute: 28.145 V
[LIFT] V_Motors: 27.652 V
[LIFT] V_Compute: 28.141 V
[LIFT] V_Motors: 27.650 V
[LIFT] V_Compute: 28.157 V
[LIFT] V_Motors: 27.660 V
[LIFT] V_Compute: 28.152 V
[LIFT] V_Motors: 27.660 V
[LIFT] V_Compute: 28.156 V
[LIFT] V_Motors: 27.657 V
[LIFT] V_Compute: 28.152 V
[LIFT] V_Motors: 27.659 V
[LIFT] V_Compute: 28.156 V
[LIFT] V_Motors: 27.660 V
[LIFT] V_Compute: 28.160 V
[LIFT] V_Motors: 27.660 V
[LIFT] V_Compute: 28.147 V
[LIFT] V_Motors: 27.655 V
[LIFT] V_Compute: 28.159 V
[LIFT] V_Motors: 27.659 V
[LIFT] V_Compute: 28.154 V
[LIFT] V_Motors: 27.664 V
[LIFT] V_Compute: 28.151 V
[LIFT] V_Motors: 27.656 V
[LIFT] V_Compute: 28.154 V
[LIFT] V_Motors: 27.660 V
[LIFT] V_Compute: 28.157 V
[LIFT] V_Motors: 27.663 V
[LIFT] V_Compute: 28.157 V
[LIFT] V_Motors: 27.661 V
[LIFT] V_Compute: 28.151 V
[LIFT] V_Motors: 27.659 V
[LIFT] V_Compute: 28.160 V
[LIFT] V_Motors: 27.663 V
[LIFT] V_Compute: 28.155 V
[LIFT] V_Motors: 27.659 V
[LIFT] V_Compute: 28.156 V
[LIFT] V_Motors: 27.659 V
[LIFT] V_Compute: 28.156 V
[LIFT] V_Motors: 27.657 V
[LIFT] V_Compute: 28.157 V
[LIFT] V_Motors: 27.660 V
[LIFT] V_Compute: 28.156 V
[LIFT] V_Motors: 27.660 V
[LIFT] V_Compute: 28.156 V
[LIFT] V_Motors: 27.656 V
[LIFT] V_Compute: 28.154 V
[LIFT] V_Motors: 27.659 V
[LIFT] V_Compute: 28.159 V
[LIFT] V_Motors: 27.664 V
[LIFT] V_Compute: 28.151 V
[LIFT] V_Motors: 27.657 V
[LIFT] V_Compute: 28.154 V
[LIFT] V_Motors: 27.660 V
[LIFT] V_Compute: 28.160 V
[LIFT] V_Motors: 27.660 V
[LIFT] V_Compute: 28.155 V
[LIFT] V_Motors: 27.660 V
[LIFT] V_Compute: 28.157 V
[LIFT] V_Motors: 27.660 V
[LIFT] V_Compute: 28.160 V
[LIFT] V_Motors: 27.663 V
[LIFT] V_Compute: 28.154 V
[LIFT] V_Motors: 27.657 V
[LIFT] V_Compute: 28.155 V
[LIFT] V_Motors: 27.663 V
[LIFT] V_Compute: 28.152 V
[LIFT] V_Motors: 27.654 V
[LIFT] V_Compute: 28.155 V
[LIFT] V_Motors: 27.661 V
[LIFT] V_Compute: 28.154 V
[LIFT] V_Motors: 27.657 V
[LIFT] V_Compute: 28.156 V
[LIFT] V_Motors: 27.657 V
[LIFT] V_Compute: 28.156 V
[LIFT] V_Motors: 27.657 V
[LIFT] V_Compute: 28.159 V
[LIFT] V_Motors: 27.663 V
[LIFT] V_Compute: 28.156 V
[LIFT] V_Motors: 27.661 V
[LIFT] V_Compute: 28.159 V
[LIFT] V_Motors: 27.656 V
[LIFT] V_Compute: 28.156 V
[LIFT] V_Motors: 27.656 V
[LIFT] V_Compute: 28.154 V
[LIFT] V_Motors: 27.661 V
[LIFT] V_Compute: 28.155 V
[LIFT] V_Motors: 27.657 V
[LIFT] V_Compute: 28.152 V
[LIFT] V_Motors: 27.656 V
[LIFT] V_Compute: 28.154 V
[LIFT] V_Motors: 27.656 V
[LIFT] V_Compute: 28.154 V
[LIFT] V_Motors: 27.657 V
[LIFT] V_Compute: 28.154 V
[LIFT] V_Motors: 27.659 V
[LIFT] V_Compute: 28.155 V
[LIFT] V_Motors: 27.663 V
[LIFT] V_Compute: 28.163 V
[LIFT] V_Motors: 27.660 V
[LIFT] V_Compute: 28.160 V
[LIFT] V_Motors: 27.661 V
[LIFT] V_Compute: 28.156 V
[LIFT] V_Motors: 27.654 V
[LIFT] V_Compute: 28.157 V
[LIFT] V_Motors: 27.660 V
[LIFT] V_Compute: 28.156 V
[LIFT] V_Motors: 27.663 V
[LIFT] V_Compute: 28.155 V
[LIFT] V_Motors: 27.664 V
[LIFT] V_Compute: 28.149 V
[LIFT] V_Motors: 27.660 V
[LIFT] V_Compute: 28.152 V
[LIFT] V_Motors: 27.656 V
[LIFT] V_Compute: 28.157 V
[LIFT] V_Motors: 27.660 V
[LIFT] V_Compute: 28.160 V
[LIFT] V_Motors: 27.659 V
[LIFT] V_Compute: 28.159 V
[LIFT] V_Motors: 27.660 V
[LIFT] V_Compute: 28.156 V
[LIFT] V_Motors: 27.663 V
[LIFT] V_Compute: 28.157 V
[LIFT] V_Motors: 27.660 V
[LIFT] V_Compute: 28.157 V
[LIFT] V_Motors: 27.654 V
[LIFT] V_Compute: 28.155 V
[LIFT] V_Motors: 27.657 V
[LIFT] V_Compute: 28.154 V
[LIFT] V_Motors: 27.661 V
[LIFT] V_Compute: 28.144 V
[LIFT] V_Motors: 27.654 V
[LIFT] V_Compute: 28.160 V
[LIFT] V_Motors: 27.657 V
[LIFT] V_Compute: 28.151 V
[LIFT] V_Motors: 27.660 V
[LIFT] V_Compute: 28.155 V
[LIFT] V_Motors: 27.657 V
[LIFT] V_Compute: 28.150 V
[LIFT] V_Motors: 27.660 V
[LIFT] V_Compute: 28.140 V
[LIFT] V_Motors: 27.651 V
[LIFT] V_Compute: 28.159 V
[LIFT] V_Motors: 27.661 V
[LIFT] V_Compute: 28.150 V
[LIFT] V_Motors: 27.661 V
[LIFT] V_Compute: 28.155 V
[LIFT] V_Motors: 27.660 V
[LIFT] V_Compute: 28.151 V
[LIFT] V_Motors: 27.659 V
[LIFT] V_Compute: 28.149 V
[LIFT] V_Motors: 27.660 V
[LIFT] V_Compute: 28.157 V
[LIFT] V_Motors: 27.660 V
[LIFT] V_Compute: 28.161 V
[LIFT] V_Motors: 27.657 V
[LIFT] V_Compute: 28.156 V
[LIFT] V_Motors: 27.661 V
[LIFT] V_Compute: 28.159 V
[LIFT] V_Motors: 27.661 V
[LIFT] V_Compute: 28.156 V
[LIFT] V_Motors: 27.657 V
[LIFT] V_Compute: 28.156 V
[LIFT] V_Motors: 27.667 V
[LIFT] V_Compute: 28.151 V
[LIFT] V_Motors: 27.659 V
[LIFT] V_Compute: 28.154 V
[LIFT] V_Motors: 27.660 V
[LIFT] V_Compute: 28.149 V
[LIFT] V_Motors: 27.660 V
[LIFT] V_Compute: 28.154 V
[LIFT] V_Motors: 27.661 V
[LIFT] V_Compute: 28.152 V
[LIFT] V_Motors: 27.657 V
[LIFT] V_Compute: 28.157 V
[LIFT] V_Motors: 27.659 V
[LIFT] V_Compute: 28.154 V
[LIFT] V_Motors: 27.660 V
[LIFT] V_Compute: 28.157 V
[LIFT] V_Motors: 27.663 V
[LIFT] V_Compute: 28.151 V
[LIFT] V_Motors: 27.663 V
[LIFT] V_Compute: 28.152 V
[LIFT] V_Motors: 27.659 V
[LIFT] V_Compute: 28.159 V
[LIFT] V_Motors: 27.657 V
[LIFT] V_Compute: 28.163 V
[LIFT] V_Motors: 27.655 V
[LIFT] V_Compute: 28.152 V
[LIFT] V_Motors: 27.664 V
[LIFT] V_Compute: 28.155 V
[LIFT] V_Motors: 27.655 V
[LIFT] V_Compute: 28.149 V
[LIFT] V_Motors: 27.654 V
[LIFT] V_Compute: 28.156 V
[LIFT] V_Motors: 27.652 V
[LIFT] V_Compute: 28.156 V
[LIFT] V_Motors: 27.656 V
[LIFT] V_Compute: 28.151 V
[LIFT] V_Motors: 27.652 V
[LIFT] V_Compute: 28.157 V
[LIFT] V_Motors: 27.661 V
[LIFT] V_Compute: 28.165 V
[LIFT] V_Motors: 27.656 V
[LIFT] V_Compute: 28.157 V
[LIFT] V_Motors: 27.654 V
[LIFT] V_Compute: 28.154 V
[LIFT] V_Motors: 27.655 V
[LIFT] V_Compute: 28.152 V
[LIFT] V_Motors: 27.663 V
[LIFT] V_Compute: 28.156 V
[LIFT] V_Motors: 27.656 V
[LIFT] V_Compute: 28.156 V
[LIFT] V_Motors: 27.657 V
[LIFT] V_Compute: 28.150 V
[LIFT] V_Motors: 27.657 V
[LIFT] V_Compute: 28.150 V
[LIFT] V_Motors: 27.660 V
[LIFT] V_Compute: 28.149 V
[LIFT] V_Motors: 27.660 V
[LIFT] V_Compute: 28.155 V
[LIFT] V_Motors: 27.659 V
[LIFT] V_Compute: 28.154 V
[LIFT] V_Motors: 27.656 V
[LIFT] V_Compute: 28.157 V
[LIFT] V_Motors: 27.656 V
[LIFT] V_Compute: 28.156 V
[LIFT] V_Motors: 27.655 V
[LIFT] V_Compute: 28.157 V
[LIFT] V_Motors: 27.657 V
[LIFT] V_Compute: 28.154 V
[LIFT] V_Motors: 27.659 V
[LIFT] V_Compute: 28.152 V
[LIFT] V_Motors: 27.654 V
[LIFT] V_Compute: 28.152 V
[LIFT] V_Motors: 27.659 V
[LIFT] V_Compute: 28.154 V
[LIFT] V_Motors: 27.661 V
[LIFT] V_Compute: 28.156 V
[LIFT] V_Motors: 27.661 V
[LIFT] V_Compute: 28.150 V
[LIFT] V_Motors: 27.657 V
[LIFT] V_Compute: 28.156 V
[LIFT] V_Motors: 27.655 V
[LIFT] V_Compute: 28.140 V
[LIFT] V_Motors: 27.642 V
[LIFT] V_Compute: 28.160 V
[LIFT] V_Motors: 27.659 V
[LIFT] V_Compute: 28.155 V
[LIFT] V_Motors: 27.664 V
[LIFT] V_Compute: 28.151 V
[LIFT] V_Motors: 27.661 V
[LIFT] V_Compute: 28.157 V
[LIFT] V_Motors: 27.661 V
[LIFT] V_Compute: 28.160 V
[LIFT] V_Motors: 27.660 V
[LIFT] V_Compute: 28.159 V
[LIFT] V_Motors: 27.656 V
[LIFT] V_Compute: 28.154 V
[LIFT] V_Motors: 27.660 V
[LIFT] V_Compute: 28.156 V
[LIFT] V_Motors: 27.657 V
[LIFT] V_Compute: 28.155 V
[LIFT] V_Motors: 27.663 V
[LIFT] V_Compute: 28.154 V
[LIFT] V_Motors: 27.661 V
[LIFT] V_Compute: 28.156 V
[LIFT] V_Motors: 27.660 V
[LIFT] V_Compute: 28.157 V
[LIFT] V_Motors: 27.657 V
[LIFT] V_Compute: 28.156 V
[LIFT] V_Motors: 27.659 V
[LIFT] V_Compute: 28.159 V
[LIFT] V_Motors: 27.666 V
[LIFT] V_Compute: 28.156 V
[LIFT] V_Motors: 27.661 V
[LIFT] V_Compute: 28.150 V
[LIFT] V_Motors: 27.655 V
[LIFT] V_Compute: 28.152 V
[LIFT] V_Motors: 27.659 V
[LIFT] V_Compute: 28.159 V
[LIFT] V_Motors: 27.657 V
[LIFT] V_Compute: 28.151 V
[LIFT] V_Motors: 27.655 V
[LIFT] V_Compute: 28.159 V
[LIFT] V_Motors: 27.654 V
[LIFT] V_Compute: 28.146 V
[LIFT] V_Motors: 27.651 V
[LIFT] V_Compute: 28.155 V
[LIFT] V_Motors: 27.661 V
[LIFT] V_Compute: 28.157 V
[LIFT] V_Motors: 27.656 V
[LIFT] V_Compute: 28.151 V
[LIFT] V_Motors: 27.655 V
[LIFT] V_Compute: 28.152 V
[LIFT] V_Motors: 27.663 V
[LIFT] V_Compute: 28.160 V
[LIFT] V_Motors: 27.666 V
[LIFT] V_Compute: 28.157 V
[LIFT] V_Motors: 27.660 V
[LIFT] V_Compute: 28.156 V
[LIFT] V_Motors: 27.661 V
[LIFT] V_Compute: 28.157 V
[LIFT] V_Motors: 27.659 V
[LIFT] V_Compute: 28.159 V
[LIFT] V_Motors: 27.661 V
[LIFT] V_Compute: 28.157 V
[LIFT] V_Motors: 27.660 V
[LIFT] V_Compute: 28.151 V
[LIFT] V_Motors: 27.664 V
[LIFT] V_Compute: 28.154 V
[LIFT] V_Motors: 27.660 V
[LIFT] V_Compute: 28.142 V
[LIFT] V_Motors: 27.651 V
[LIFT] V_Compute: 28.142 V
[LIFT] V_Motors: 27.647 V
[LIFT] V_Compute: 28.156 V
[LIFT] V_Motors: 27.657 V
[LIFT] V_Compute: 28.157 V
[LIFT] V_Motors: 27.657 V
[LIFT] V_Compute: 28.154 V
[LIFT] V_Motors: 27.663 V
[LIFT] V_Compute: 28.151 V
[LIFT] V_Motors: 27.660 V
[LIFT] V_Compute: 28.159 V
[LIFT] V_Motors: 27.656 V
[LIFT] V_Compute: 28.155 V
[LIFT] V_Motors: 27.660 V
[LIFT] V_Compute: 28.157 V
[LIFT] V_Motors: 27.657 V
[LIFT] V_Compute: 28.147 V
[LIFT] V_Motors: 27.651 V
[LIFT] V_Compute: 28.154 V
[LIFT] V_Motors: 27.655 V
[LIFT] V_Compute: 28.155 V
[LIFT] V_Motors: 27.660 V
[LIFT] V_Compute: 28.150 V
[LIFT] V_Motors: 27.654 V
[LIFT] V_Compute: 28.139 V
[LIFT] V_Motors: 27.644 V
[LIFT] V_Compute: 28.154 V
[LIFT] V_Motors: 27.659 V
[LIFT] V_Compute: 28.155 V
[LIFT] V_Motors: 27.655 V
[LIFT] V_Compute: 28.138 V
[LIFT] V_Motors: 27.649 V
[LIFT] V_Compute: 28.152 V
[LIFT] V_Motors: 27.664 V
[LIFT] V_Compute: 28.147 V
[LIFT] V_Motors: 27.659 V
[LIFT] V_Compute: 28.151 V
[LIFT] V_Motors: 27.661 V
[LIFT] V_Compute: 28.154 V
[LIFT] V_Motors: 27.659 V
[LIFT] V_Compute: 28.151 V
[LIFT] V_Motors: 27.659 V
[LIFT] V_Compute: 28.156 V
[LIFT] V_Motors: 27.660 V
[LIFT] V_Compute: 28.165 V
[LIFT] V_Motors: 27.660 V
[LIFT] V_Compute: 28.160 V
[LIFT] V_Motors: 27.657 V
[LIFT] V_Compute: 28.159 V
[LIFT] V_Motors: 27.660 V
[LIFT] V_Compute: 28.155 V
[LIFT] V_Motors: 27.661 V
[LIFT] V_Compute: 28.159 V
[LIFT] V_Motors: 27.659 V
[LIFT] V_Compute: 28.155 V
[LIFT] V_Motors: 27.663 V
[LIFT] V_Compute: 28.157 V
[LIFT] V_Motors: 27.652 V
[LIFT] V_Compute: 28.160 V
[LIFT] V_Motors: 27.663 V
[LIFT] V_Compute: 28.157 V
[LIFT] V_Motors: 27.660 V
[LIFT] V_Compute: 28.156 V
[LIFT] V_Motors: 27.660 V
[LIFT] V_Compute: 28.163 V
[LIFT] V_Motors: 27.664 V
[LIFT] V_Compute: 28.159 V
[LIFT] V_Motors: 27.661 V
[LIFT] V_Compute: 28.155 V
[LIFT] V_Motors: 27.664 V
[LIFT] V_Compute: 28.155 V
[LIFT] V_Motors: 27.661 V
[LIFT] V_Compute: 28.157 V
[LIFT] V_Motors: 27.660 V
[LIFT] V_Compute: 28.151 V
[LIFT] V_Motors: 27.659 V
[LIFT] V_Compute: 28.159 V
[LIFT] V_Motors: 27.661 V
[LIFT] V_Compute: 28.154 V
[LIFT] V_Motors: 27.663 V
[LIFT] V_Compute: 28.163 V
[LIFT] V_Motors: 27.659 V
[LIFT] V_Compute: 28.154 V
[LIFT] V_Motors: 27.664 V
[LIFT] V_Compute: 28.155 V
[LIFT] V_Motors: 27.659 V
[LIFT] V_Compute: 28.156 V
[LIFT] V_Motors: 27.659 V
[LIFT] V_Compute: 28.159 V
[LIFT] V_Motors: 27.656 V
[LIFT] V_Compute: 28.161 V
[LIFT] V_Motors: 27.659 V
[LIFT] V_Compute: 28.159 V
[LIFT] V_Motors: 27.661 V
[LIFT] V_Compute: 28.159 V
[LIFT] V_Motors: 27.664 V
[LIFT] V_Compute: 28.163 V
[LIFT] V_Motors: 27.656 V
[LIFT] V_Compute: 28.159 V
[LIFT] V_Motors: 27.655 V
[LIFT] V_Compute: 28.155 V
[LIFT] V_Motors: 27.661 V
[LIFT] V_Compute: 28.159 V
[LIFT] V_Motors: 27.657 V
[LIFT] V_Compute: 28.150 V
[LIFT] V_Motors: 27.656 V
[LIFT] V_Compute: 28.157 V
[LIFT] V_Motors: 27.660 V
[LIFT] V_Compute: 28.161 V
[LIFT] V_Motors: 27.660 V
[LIFT] V_Compute: 28.157 V
[LIFT] V_Motors: 27.655 V
[LIFT] V_Compute: 28.150 V
[LIFT] V_Motors: 27.656 V
[LIFT] V_Compute: 28.154 V
[LIFT] V_Motors: 27.663 V
[LIFT] V_Compute: 28.155 V
[LIFT] V_Motors: 27.657 V
[LIFT] V_Compute: 28.151 V
[LIFT] V_Motors: 27.661 V
[LIFT] V_Compute: 28.156 V
[LIFT] V_Motors: 27.663 V
[LIFT] V_Compute: 28.160 V
[LIFT] V_Motors: 27.664 V
[LIFT] V_Compute: 28.161 V
[LIFT] V_Motors: 27.657 V
[LIFT] V_Compute: 28.156 V
[LIFT] V_Motors: 27.661 V
[LIFT] V_Compute: 28.156 V
[LIFT] V_Motors: 27.663 V
[LIFT] V_Compute: 28.156 V
[LIFT] V_Motors: 27.657 V
[LIFT] V_Compute: 28.157 V
[LIFT] V_Motors: 27.661 V
[LIFT] V_Compute: 28.155 V
[LIFT] V_Motors: 27.659 V
[LIFT] V_Compute: 28.154 V
[LIFT] V_Motors: 27.657 V
[LIFT] V_Compute: 28.159 V
[LIFT] V_Motors: 27.660 V
[LIFT] V_Compute: 28.155 V
[LIFT] V_Motors: 27.660 V
[LIFT] V_Compute: 28.160 V
[LIFT] V_Motors: 27.664 V
[LIFT] V_Compute: 28.159 V
[LIFT] V_Motors: 27.659 V
[LIFT] V_Compute: 28.160 V
[LIFT] V_Motors: 27.655 V
[LIFT] V_Compute: 28.157 V
[LIFT] V_Motors: 27.663 V
[LIFT] V_Compute: 28.157 V
[LIFT] V_Motors: 27.661 V
[LIFT] V_Compute: 28.159 V
[LIFT] V_Motors: 27.657 V
[LIFT] V_Compute: 28.155 V
[LIFT] V_Motors: 27.664 V
[LIFT] V_Compute: 28.154 V
[LIFT] V_Motors: 27.663 V
[LIFT] V_Compute: 28.156 V
[LIFT] V_Motors: 27.659 V
[LIFT] V_Compute: 28.157 V
[LIFT] V_Motors: 27.657 V
[LIFT] V_Compute: 28.163 V
[LIFT] V_Motors: 27.659 V
[LIFT] V_Compute: 28.152 V
[LIFT] V_Motors: 27.663 V
[LIFT] V_Compute: 28.155 V
[LIFT] V_Motors: 27.657 V
[LIFT] V_Compute: 28.159 V
[LIFT] V_Motors: 27.660 V
[LIFT] V_Compute: 28.160 V
[LIFT] V_Motors: 27.660 V
[LIFT] V_Compute: 28.156 V
[LIFT] V_Motors: 27.660 V
[LIFT] V_Compute: 28.156 V
[LIFT] V_Motors: 27.660 V
[LIFT] V_Compute: 28.154 V
[LIFT] V_Motors: 27.656 V
[LIFT] V_Compute: 28.156 V
[LIFT] V_Motors: 27.659 V
[LIFT] V_Compute: 28.163 V
[LIFT] V_Motors: 27.657 V
[LIFT] V_Compute: 28.156 V
[LIFT] V_Motors: 27.659 V
[LIFT] V_Compute: 28.151 V
[LIFT] V_Motors: 27.657 V
[LIFT] V_Compute: 28.159 V
[LIFT] V_Motors: 27.659 V
[LIFT] V_Compute: 28.154 V
[LIFT] V_Motors: 27.661 V
[LIFT] V_Compute: 28.155 V
[LIFT] V_Motors: 27.661 V
[LIFT] V_Compute: 28.166 V
[LIFT] V_Motors: 27.656 V
[LIFT] V_Compute: 28.160 V
[LIFT] V_Motors: 27.656 V
[LIFT] V_Compute: 28.155 V
[LIFT] V_Motors: 27.660 V
[LIFT] V_Compute: 28.161 V
[LIFT] V_Motors: 27.659 V
[LIFT] V_Compute: 28.147 V
[LIFT] V_Motors: 27.652 V
[LIFT] V_Compute: 28.150 V
[LIFT] V_Motors: 27.663 V
[LIFT] V_Compute: 28.160 V
[LIFT] V_Motors: 27.660 V
[LIFT] V_Compute: 28.156 V
[LIFT] V_Motors: 27.656 V
[LIFT] V_Compute: 28.155 V
[LIFT] V_Motors: 27.655 V
[LIFT] V_Compute: 28.161 V
[LIFT] V_Motors: 27.654 V
[LIFT] V_Compute: 28.156 V
[LIFT] V_Motors: 27.656 V
[LIFT] V_Compute: 28.161 V
[LIFT] V_Motors: 27.654 V
[LIFT] V_Compute: 28.157 V
[LIFT] V_Motors: 27.656 V
[LIFT] V_Compute: 28.159 V
[LIFT] V_Motors: 27.663 V
[LIFT] V_Compute: 28.156 V
[LIFT] V_Motors: 27.659 V
[LIFT] V_Compute: 28.156 V
[LIFT] V_Motors: 27.655 V
[LIFT] V_Compute: 28.161 V
[LIFT] V_Motors: 27.657 V
[LIFT] V_Compute: 28.157 V
[LIFT] V_Motors: 27.656 V
[LIFT] V_Compute: 28.154 V
[LIFT] V_Motors: 27.657 V
[LIFT] V_Compute: 28.152 V
[LIFT] V_Motors: 27.661 V
[LIFT] V_Compute: 28.149 V
[LIFT] V_Motors: 27.656 V
[LIFT] V_Compute: 28.157 V
[LIFT] V_Motors: 27.659 V
[LIFT] V_Compute: 28.146 V
[LIFT] V_Motors: 27.650 V
[LIFT] V_Compute: 28.144 V
[LIFT] V_Motors: 27.641 V
[LIFT] V_Compute: 28.141 V
[LIFT] V_Motors: 27.645 V
[LIFT] V_Compute: 28.159 V
[LIFT] V_Motors: 27.656 V
[LIFT] V_Compute: 28.154 V
[LIFT] V_Motors: 27.657 V
[LIFT] V_Compute: 28.154 V
[LIFT] V_Motors: 27.654 V
[LIFT] V_Compute: 28.150 V
[LIFT] V_Motors: 27.654 V
[LIFT] V_Compute: 28.157 V
[LIFT] V_Motors: 27.656 V
[LIFT] V_Compute: 28.156 V
[LIFT] V_Motors: 27.655 V
[LIFT] V_Compute: 28.157 V
[LIFT] V_Motors: 27.655 V
[LIFT] V_Compute: 28.151 V
[LIFT] V_Motors: 27.647 V
[LIFT] V_Compute: 28.159 V
[LIFT] V_Motors: 27.657 V
[LIFT] V_Compute: 28.157 V
[LIFT] V_Motors: 27.660 V
[LIFT] V_Compute: 28.156 V
[LIFT] V_Motors: 27.659 V
[LIFT] V_Compute: 28.150 V
[LIFT] V_Motors: 27.657 V
[LIFT] V_Compute: 28.154 V
[LIFT] V_Motors: 27.655 V
[LIFT] V_Compute: 28.152 V
[LIFT] V_Motors: 27.655 V
[LIFT] V_Compute: 28.157 V
[LIFT] V_Motors: 27.654 V
[LIFT] V_Compute: 28.152 V
[LIFT] V_Motors: 27.655 V
[LIFT] V_Compute: 28.155 V
[LIFT] V_Motors: 27.655 V
[LIFT] V_Compute: 28.157 V
[LIFT] V_Motors: 27.655 V
[LIFT] V_Compute: 28.160 V
[LIFT] V_Motors: 27.654 V
[LIFT] V_Compute: 28.150 V
[LIFT] V_Motors: 27.657 V
[LIFT] V_Compute: 28.151 V
[LIFT] V_Motors: 27.655 V
[LIFT] V_Compute: 28.150 V
[LIFT] V_Motors: 27.656 V
[LIFT] V_Compute: 28.160 V
[LIFT] V_Motors: 27.659 V
[LIFT] V_Compute: 28.164 V
[LIFT] V_Motors: 27.652 V
[LIFT] V_Compute: 28.152 V
[LIFT] V_Motors: 27.659 V
[LIFT] V_Compute: 28.157 V
[LIFT] V_Motors: 27.655 V
[LIFT] V_Compute: 28.160 V
[LIFT] V_Motors: 27.656 V
[LIFT] V_Compute: 28.160 V
[LIFT] V_Motors: 27.659 V
[LIFT] V_Compute: 28.155 V
[LIFT] V_Motors: 27.650 V
[LIFT] V_Compute: 28.157 V
[LIFT] V_Motors: 27.657 V
[LIFT] V_Compute: 28.159 V
[LIFT] V_Motors: 27.657 V
[LIFT] V_Compute: 28.155 V
[LIFT] V_Motors: 27.655 V
[LIFT] V_Compute: 28.151 V
[LIFT] V_Motors: 27.656 V
[LIFT] V_Compute: 28.157 V
[LIFT] V_Motors: 27.656 V
[LIFT] V_Compute: 28.160 V
[LIFT] V_Motors: 27.655 V
[LIFT] V_Compute: 28.154 V
[LIFT] V_Motors: 27.660 V
[LIFT] V_Compute: 28.159 V
[LIFT] V_Motors: 27.655 V
[LIFT] V_Compute: 28.159 V
[LIFT] V_Motors: 27.657 V
[LIFT] V_Compute: 28.155 V
[LIFT] V_Motors: 27.657 V
[LIFT] V_Compute: 28.154 V
[LIFT] V_Motors: 27.652 V
[LIFT] V_Compute: 28.161 V
[LIFT] V_Motors: 27.654 V
[LIFT] V_Compute: 28.163 V
[LIFT] V_Motors: 27.659 V
[LIFT] V_Compute: 28.160 V
[LIFT] V_Motors: 27.657 V
[LIFT] V_Compute: 28.156 V
[LIFT] V_Motors: 27.655 V
[LIFT] V_Compute: 28.156 V
[LIFT] V_Motors: 27.650 V
[LIFT] V_Compute: 28.163 V
[LIFT] V_Motors: 27.654 V
[LIFT] V_Compute: 28.157 V
[LIFT] V_Motors: 27.659 V
[LIFT] V_Compute: 28.159 V
[LIFT] V_Motors: 27.652 V
[LIFT] V_Compute: 28.155 V
[LIFT] V_Motors: 27.655 V
[LIFT] V_Compute: 28.157 V
[LIFT] V_Motors: 27.654 V
[LIFT] V_Compute: 28.155 V
[LIFT] V_Motors: 27.652 V
[LIFT] V_Compute: 28.159 V
[LIFT] V_Motors: 27.659 V
[LIFT] V_Compute: 28.147 V
[LIFT] V_Motors: 27.656 V
[LIFT] V_Compute: 28.159 V
[LIFT] V_Motors: 27.655 V
[LIFT] V_Compute: 28.156 V
[LIFT] V_Motors: 27.654 V
[LIFT] V_Compute: 28.157 V
[LIFT] V_Motors: 27.659 V
[LIFT] V_Compute: 28.157 V
[LIFT] V_Motors: 27.657 V
[LIFT] V_Compute: 28.156 V
[LIFT] V_Motors: 27.650 V
[LIFT] V_Compute: 28.152 V
[LIFT] V_Motors: 27.654 V
[LIFT] V_Compute: 28.163 V
[LIFT] V_Motors: 27.660 V
[LIFT] V_Compute: 28.154 V
[LIFT] V_Motors: 27.655 V
[LIFT] V_Compute: 28.157 V
[LIFT] V_Motors: 27.657 V
[LIFT] V_Compute: 28.155 V
[LIFT] V_Motors: 27.659 V
[LIFT] V_Compute: 28.159 V
[LIFT] V_Motors: 27.655 V
[LIFT] V_Compute: 28.151 V
[LIFT] V_Motors: 27.655 V
[LIFT] V_Compute: 28.157 V
[LIFT] V_Motors: 27.656 V
[LIFT] V_Compute: 28.156 V
[LIFT] V_Motors: 27.657 V
[LIFT] V_Compute: 28.154 V
[LIFT] V_Motors: 27.654 V
[LIFT] V_Compute: 28.156 V
[LIFT] V_Motors: 27.655 V
[LIFT] V_Compute: 28.157 V
[LIFT] V_Motors: 27.657 V
[LIFT] V_Compute: 28.151 V
[LIFT] V_Motors: 27.655 V
[LIFT] V_Compute: 28.156 V
[LIFT] V_Motors: 27.654 V
[LIFT] V_Compute: 28.147 V
[LIFT] V_Motors: 27.646 V
[LIFT] V_Compute: 28.154 V
[LIFT] V_Motors: 27.654 V
[LIFT] V_Compute: 28.154 V
[LIFT] V_Motors: 27.651 V
[LIFT] V_Compute: 28.151 V
[LIFT] V_Motors: 27.651 V
[LIFT] V_Compute: 28.144 V
[LIFT] V_Motors: 27.652 V
[LIFT] V_Compute: 28.138 V
[LIFT] V_Motors: 27.644 V
[LIFT] V_Compute: 28.159 V
[LIFT] V_Motors: 27.657 V
[LIFT] V_Compute: 28.155 V
[LIFT] V_Motors: 27.652 V
[LIFT] V_Compute: 28.152 V
[LIFT] V_Motors: 27.652 V
[LIFT] V_Compute: 28.152 V
[LIFT] V_Motors: 27.652 V
[LIFT] V_Compute: 28.159 V
[LIFT] V_Motors: 27.650 V
[LIFT] V_Compute: 28.147 V
[LIFT] V_Motors: 27.646 V
[LIFT] V_Compute: 28.146 V
[LIFT] V_Motors: 27.649 V
[LIFT] V_Compute: 28.156 V
[LIFT] V_Motors: 27.656 V
[LIFT] V_Compute: 28.157 V
[LIFT] V_Motors: 27.652 V
[LIFT] V_Compute: 28.155 V
[LIFT] V_Motors: 27.650 V
[LIFT] V_Compute: 28.155 V
[LIFT] V_Motors: 27.656 V
[LIFT] V_Compute: 28.149 V
[LIFT] V_Motors: 27.652 V
[LIFT] V_Compute: 28.151 V
[LIFT] V_Motors: 27.654 V
[LIFT] V_Compute: 28.147 V
[LIFT] V_Motors: 27.651 V
[LIFT] V_Compute: 28.155 V
[LIFT] V_Motors: 27.652 V
[LIFT] V_Compute: 28.160 V
[LIFT] V_Motors: 27.659 V
[LIFT] V_Compute: 28.155 V
[LIFT] V_Motors: 27.656 V
[LIFT] V_Compute: 28.145 V
[LIFT] V_Motors: 27.654 V
[LIFT] V_Compute: 28.155 V
[LIFT] V_Motors: 27.656 V
[LIFT] V_Compute: 28.151 V
[LIFT] V_Motors: 27.651 V
[LIFT] V_Compute: 28.157 V
[LIFT] V_Motors: 27.651 V
[LIFT] V_Compute: 28.154 V
[LIFT] V_Motors: 27.655 V
[LIFT] V_Compute: 28.156 V
[LIFT] V_Motors: 27.652 V
[LIFT] V_Compute: 28.156 V
[LIFT] V_Motors: 27.655 V
[LIFT] V_Compute: 28.154 V
[LIFT] V_Motors: 27.657 V
[LIFT] V_Compute: 28.159 V
[LIFT] V_Motors: 27.659 V
[LIFT] V_Compute: 28.155 V
[LIFT] V_Motors: 27.652 V
[LIFT] V_Compute: 28.154 V
[LIFT] V_Motors: 27.651 V
[LIFT] V_Compute: 28.157 V
[LIFT] V_Motors: 27.657 V
[LIFT] V_Compute: 28.157 V
[LIFT] V_Motors: 27.659 V
[LIFT] V_Compute: 28.157 V
[LIFT] V_Motors: 27.656 V
[LIFT] V_Compute: 28.154 V
[LIFT] V_Motors: 27.656 V
[LIFT] V_Compute: 28.154 V
[LIFT] V_Motors: 27.654 V
[LIFT] V_Compute: 28.156 V
[LIFT] V_Motors: 27.654 V
[LIFT] V_Compute: 28.159 V
[LIFT] V_Motors: 27.655 V
[LIFT] V_Compute: 28.159 V
[LIFT] V_Motors: 27.656 V
[LIFT] V_Compute: 28.154 V
[LIFT] V_Motors: 27.652 V
[LIFT] V_Compute: 28.150 V
[LIFT] V_Motors: 27.652 V
[LIFT] V_Compute: 28.154 V
[LIFT] V_Motors: 27.656 V
[LIFT] V_Compute: 28.159 V
[LIFT] V_Motors: 27.656 V
[LIFT] V_Compute: 28.146 V
[LIFT] V_Motors: 27.647 V
[LIFT] V_Compute: 28.136 V
[LIFT] V_Motors: 27.634 V
[LIFT] V_Compute: 28.136 V
[LIFT] V_Motors: 27.638 V
[LIFT] V_Compute: 28.157 V
[LIFT] V_Motors: 27.652 V
[LIFT] V_Compute: 28.155 V
[LIFT] V_Motors: 27.651 V
[LIFT] V_Compute: 28.159 V
[LIFT] V_Motors: 27.657 V
[LIFT] V_Compute: 28.150 V
[LIFT] V_Motors: 27.656 V
[LIFT] V_Compute: 28.157 V
[LIFT] V_Motors: 27.654 V
[LIFT] V_Compute: 28.154 V
[LIFT] V_Motors: 27.651 V
[LIFT] V_Compute: 28.152 V
[LIFT] V_Motors: 27.656 V
[LIFT] V_Compute: 28.156 V
[LIFT] V_Motors: 27.652 V
[LIFT] V_Compute: 28.155 V
[LIFT] V_Motors: 27.656 V
[LIFT] V_Compute: 28.156 V
[LIFT] V_Motors: 27.651 V
[LIFT] V_Compute: 28.152 V
[LIFT] V_Motors: 27.650 V
[LIFT] V_Compute: 28.156 V
[LIFT] V_Motors: 27.657 V
[LIFT] V_Compute: 28.138 V
[LIFT] V_Motors: 27.642 V
[LIFT] V_Compute: 28.152 V
[LIFT] V_Motors: 27.656 V
[LIFT] V_Compute: 28.159 V
[LIFT] V_Motors: 27.659 V
[LIFT] V_Compute: 28.156 V
[LIFT] V_Motors: 27.657 V
[LIFT] V_Compute: 28.156 V
[LIFT] V_Motors: 27.652 V
[LIFT] V_Compute: 28.149 V
[LIFT] V_Motors: 27.652 V
[LIFT] V_Compute: 28.154 V
[LIFT] V_Motors: 27.656 V
[LIFT] V_Compute: 28.154 V
[LIFT] V_Motors: 27.651 V
[LIFT] V_Compute: 28.157 V
[LIFT] V_Motors: 27.654 V
[LIFT] V_Compute: 28.156 V
[LIFT] V_Motors: 27.651 V
[LIFT] V_Compute: 28.156 V
[LIFT] V_Motors: 27.652 V
[LIFT] V_Compute: 28.155 V
[LIFT] V_Motors: 27.650 V
[LIFT] V_Compute: 28.152 V
[LIFT] V_Motors: 27.655 V
[LIFT] V_Compute: 28.156 V
[LIFT] V_Motors: 27.651 V
[LIFT] V_Compute: 28.157 V
[LIFT] V_Motors: 27.652 V
[LIFT] V_Compute: 28.157 V
[LIFT] V_Motors: 27.652 V
[LIFT] V_Compute: 28.154 V
[LIFT] V_Motors: 27.655 V
[LIFT] V_Compute: 28.154 V
[LIFT] V_Motors: 27.652 V
[LIFT] V_Compute: 28.154 V
[LIFT] V_Motors: 27.649 V
[LIFT] V_Compute: 28.159 V
[LIFT] V_Motors: 27.652 V
[LIFT] V_Compute: 28.154 V
[LIFT] V_Motors: 27.649 V
[LIFT] V_Compute: 28.156 V
[LIFT] V_Motors: 27.651 V
[LIFT] V_Compute: 28.154 V
[LIFT] V_Motors: 27.651 V
[LIFT] V_Compute: 28.156 V
[LIFT] V_Motors: 27.647 V
[LIFT] V_Compute: 28.154 V
[LIFT] V_Motors: 27.654 V
[LIFT] V_Compute: 28.157 V
[LIFT] V_Motors: 27.650 V
[LIFT] V_Compute: 28.151 V
[LIFT] V_Motors: 27.657 V
[LIFT] V_Compute: 28.156 V
[LIFT] V_Motors: 27.655 V
[LIFT] V_Compute: 28.157 V
[LIFT] V_Motors: 27.652 V
[LIFT] V_Compute: 28.156 V
[LIFT] V_Motors: 27.655 V
[LIFT] V_Compute: 28.155 V
[LIFT] V_Motors: 27.652 V
[LIFT] V_Compute: 28.155 V
[LIFT] V_Motors: 27.652 V
[LIFT] V_Compute: 28.150 V
[LIFT] V_Motors: 27.661 V
[LIFT] V_Compute: 28.157 V
[LIFT] V_Motors: 27.656 V
[LIFT] V_Compute: 28.161 V
[LIFT] V_Motors: 27.649 V
[LIFT] V_Compute: 28.159 V
[LIFT] V_Motors: 27.650 V
[LIFT] V_Compute: 28.156 V
[LIFT] V_Motors: 27.652 V
[LIFT] V_Compute: 28.152 V
[LIFT] V_Motors: 27.654 V
[LIFT] V_Compute: 28.159 V
[LIFT] V_Motors: 27.652 V
[LIFT] V_Compute: 28.154 V
[LIFT] V_Motors: 27.656 V
[LIFT] V_Compute: 28.157 V
[LIFT] V_Motors: 27.652 V
[LIFT] V_Compute: 28.154 V
[LIFT] V_Motors: 27.652 V
[LIFT] V_Compute: 28.152 V
[LIFT] V_Motors: 27.650 V
[LIFT] V_Compute: 28.156 V
[LIFT] V_Motors: 27.652 V
[LIFT] V_Compute: 28.160 V
[LIFT] V_Motors: 27.652 V
[LIFT] V_Compute: 28.155 V
[LIFT] V_Motors: 27.651 V
[LIFT] V_Compute: 28.154 V
[LIFT] V_Motors: 27.647 V
[LIFT] V_Compute: 28.154 V
[LIFT] V_Motors: 27.650 V
[LIFT] V_Compute: 28.155 V
[LIFT] V_Motors: 27.647 V
[LIFT] V_Compute: 28.157 V
[LIFT] V_Motors: 27.652 V
[LIFT] V_Compute: 28.156 V
[LIFT] V_Motors: 27.650 V
[LIFT] V_Compute: 28.157 V
[LIFT] V_Motors: 27.655 V
[LIFT] V_Compute: 28.154 V
[LIFT] V_Motors: 27.655 V
[LIFT] V_Compute: 28.155 V
[LIFT] V_Motors: 27.650 V
[LIFT] V_Compute: 28.149 V
[LIFT] V_Motors: 27.651 V
[LIFT] V_Compute: 28.156 V
[LIFT] V_Motors: 27.654 V
[LIFT] V_Compute: 28.147 V
[LIFT] V_Motors: 27.651 V
[LIFT] V_Compute: 28.157 V
[LIFT] V_Motors: 27.652 V
[LIFT] V_Compute: 28.156 V
[LIFT] V_Motors: 27.649 V
[LIFT] V_Compute: 28.154 V
[LIFT] V_Motors: 27.652 V
[LIFT] V_Compute: 28.146 V
[LIFT] V_Motors: 27.652 V
[LIFT] V_Compute: 28.157 V
[LIFT] V_Motors: 27.654 V
[LIFT] V_Compute: 28.155 V
[LIFT] V_Motors: 27.651 V
[LIFT] V_Compute: 28.159 V
[LIFT] V_Motors: 27.655 V
[LIFT] V_Compute: 28.156 V
[LIFT] V_Motors: 27.647 V
[LIFT] V_Compute: 28.154 V
[LIFT] V_Motors: 27.652 V
[LIFT] V_Compute: 28.151 V
[LIFT] V_Motors: 27.647 V
[LIFT] V_Compute: 28.138 V
[LIFT] V_Motors: 27.641 V
[LIFT] V_Compute: 28.159 V
[LIFT] V_Motors: 27.654 V
[LIFT] V_Compute: 28.157 V
[LIFT] V_Motors: 27.650 V
[LIFT] V_Compute: 28.152 V
[LIFT] V_Motors: 27.650 V
[LIFT] V_Compute: 28.160 V
[LIFT] V_Motors: 27.652 V
[LIFT] V_Compute: 28.159 V
[LIFT] V_Motors: 27.649 V
[LIFT] V_Compute: 28.156 V
[LIFT] V_Motors: 27.645 V
[LIFT] V_Compute: 28.160 V
[LIFT] V_Motors: 27.655 V
[LIFT] V_Compute: 28.152 V
[LIFT] V_Motors: 27.650 V
[LIFT] V_Compute: 28.150 V
[LIFT] V_Motors: 27.652 V
[LIFT] V_Compute: 28.152 V
[LIFT] V_Motors: 27.650 V
[LIFT] V_Compute: 28.150 V
[LIFT] V_Motors: 27.656 V
[LIFT] V_Compute: 28.156 V
[LIFT] V_Motors: 27.650 V
[LIFT] V_Compute: 28.149 V
[LIFT] V_Motors: 27.650 V
[LIFT] V_Compute: 28.156 V
[LIFT] V_Motors: 27.656 V
[LIFT] V_Compute: 28.150 V
[LIFT] V_Motors: 27.646 V
[LIFT] V_Compute: 28.152 V
[LIFT] V_Motors: 27.649 V
[LIFT] V_Compute: 28.156 V
[LIFT] V_Motors: 27.647 V
[LIFT] V_Compute: 28.149 V
[LIFT] V_Motors: 27.649 V
[LIFT] V_Compute: 28.152 V
[LIFT] V_Motors: 27.649 V
[LIFT] V_Compute: 28.150 V
[LIFT] V_Motors: 27.654 V
[LIFT] V_Compute: 28.156 V
[LIFT] V_Motors: 27.650 V
[LIFT] V_Compute: 28.151 V
[LIFT] V_Motors: 27.650 V
[LIFT] V_Compute: 28.156 V
[LIFT] V_Motors: 27.651 V
[LIFT] V_Compute: 28.152 V
[LIFT] V_Motors: 27.652 V
[LIFT] V_Compute: 28.145 V
[LIFT] V_Motors: 27.644 V
[LIFT] V_Compute: 28.150 V
[LIFT] V_Motors: 27.654 V
[LIFT] V_Compute: 28.155 V
[LIFT] V_Motors: 27.656 V
[LIFT] V_Compute: 28.154 V
[LIFT] V_Motors: 27.652 V
[LIFT] V_Compute: 28.150 V
[LIFT] V_Motors: 27.650 V
[LIFT] V_Compute: 28.149 V
[LIFT] V_Motors: 27.650 V
[LIFT] V_Compute: 28.154 V
[LIFT] V_Motors: 27.651 V
[LIFT] V_Compute: 28.154 V
[LIFT] V_Motors: 27.652 V
[LIFT] V_Compute: 28.159 V
[LIFT] V_Motors: 27.654 V
[LIFT] V_Compute: 28.151 V
[LIFT] V_Motors: 27.655 V
[LIFT] V_Compute: 28.154 V
[LIFT] V_Motors: 27.652 V
[LIFT] V_Compute: 28.152 V
[LIFT] V_Motors: 27.654 V
[LIFT] V_Compute: 28.154 V
[LIFT] V_Motors: 27.652 V
[LIFT] V_Compute: 28.150 V
[LIFT] V_Motors: 27.650 V
[LIFT] V_Compute: 28.131 V
[LIFT] V_Motors: 27.631 V
[LIFT] V_Compute: 28.131 V
[LIFT] V_Motors: 27.634 V
[LIFT] V_Compute: 28.156 V
[LIFT] V_Motors: 27.649 V
[LIFT] V_Compute: 28.152 V
[LIFT] V_Motors: 27.647 V
[LIFT] V_Compute: 28.150 V
[LIFT] V_Motors: 27.650 V
[LIFT] V_Compute: 28.155 V
[LIFT] V_Motors: 27.655 V
[LIFT] V_Compute: 28.160 V
[LIFT] V_Motors: 27.649 V
[LIFT] V_Compute: 28.150 V
[LIFT] V_Motors: 27.656 V
[LIFT] V_Compute: 28.157 V
[LIFT] V_Motors: 27.654 V
[LIFT] V_Compute: 28.159 V
[LIFT] V_Motors: 27.654 V
[LIFT] V_Compute: 28.160 V
[LIFT] V_Motors: 27.650 V
[LIFT] V_Compute: 28.159 V
[LIFT] V_Motors: 27.650 V
[LIFT] V_Compute: 28.157 V
[LIFT] V_Motors: 27.649 V
[LIFT] V_Compute: 28.156 V
[LIFT] V_Motors: 27.650 V
[LIFT] V_Compute: 28.157 V
[LIFT] V_Motors: 27.652 V
[LIFT] V_Compute: 28.159 V
[LIFT] V_Motors: 27.652 V
[LIFT] V_Compute: 28.152 V
[LIFT] V_Motors: 27.652 V
[LIFT] V_Compute: 28.159 V
[LIFT] V_Motors: 27.646 V
[LIFT] V_Compute: 28.150 V
[LIFT] V_Motors: 27.647 V
[LIFT] V_Compute: 28.159 V
[LIFT] V_Motors: 27.650 V
[LIFT] V_Compute: 28.154 V
[LIFT] V_Motors: 27.650 V
[LIFT] V_Compute: 28.156 V
[LIFT] V_Motors: 27.651 V
[LIFT] V_Compute: 28.152 V
[LIFT] V_Motors: 27.647 V
[LIFT] V_Compute: 28.151 V
[LIFT] V_Motors: 27.654 V
[LIFT] V_Compute: 28.156 V
[LIFT] V_Motors: 27.649 V
[LIFT] V_Compute: 28.152 V
[LIFT] V_Motors: 27.651 V
[LIFT] V_Compute: 28.154 V
[LIFT] V_Motors: 27.652 V
[LIFT] V_Compute: 28.156 V
[LIFT] V_Motors: 27.650 V
[LIFT] V_Compute: 28.157 V
[LIFT] V_Motors: 27.655 V
[LIFT] V_Compute: 28.159 V
[LIFT] V_Motors: 27.649 V
[LIFT] V_Compute: 28.154 V
[LIFT] V_Motors: 27.650 V
[LIFT] V_Compute: 28.154 V
[LIFT] V_Motors: 27.650 V
[LIFT] V_Compute: 28.151 V
[LIFT] V_Motors: 27.646 V
[LIFT] V_Compute: 28.161 V
[LIFT] V_Motors: 27.654 V
[LIFT] V_Compute: 28.155 V
[LIFT] V_Motors: 27.649 V
[LIFT] V_Compute: 28.155 V
[LIFT] V_Motors: 27.646 V
[LIFT] V_Compute: 28.151 V
[LIFT] V_Motors: 27.650 V
[LIFT] V_Compute: 28.155 V
[LIFT] V_Motors: 27.652 V
[LIFT] V_Compute: 28.154 V
[LIFT] V_Motors: 27.650 V
[LIFT] V_Compute: 28.152 V
[LIFT] V_Motors: 27.651 V
[LIFT] V_Compute: 28.155 V
[LIFT] V_Motors: 27.647 V
[LIFT] V_Compute: 28.156 V
[LIFT] V_Motors: 27.651 V
[LIFT] V_Compute: 28.159 V
[LIFT] V_Motors: 27.650 V
[LIFT] V_Compute: 28.159 V
[LIFT] V_Motors: 27.652 V
[LIFT] V_Compute: 28.156 V
[LIFT] V_Motors: 27.649 V
[LIFT] V_Compute: 28.157 V
[LIFT] V_Motors: 27.651 V
[LIFT] V_Compute: 28.159 V
[LIFT] V_Motors: 27.651 V
[LIFT] V_Compute: 28.156 V
[LIFT] V_Motors: 27.646 V
[LIFT] V_Compute: 28.155 V
[LIFT] V_Motors: 27.650 V
[LIFT] V_Compute: 28.155 V
[LIFT] V_Motors: 27.651 V
[LIFT] V_Compute: 28.152 V
[LIFT] V_Motors: 27.647 V
[LIFT] V_Compute: 28.160 V
[LIFT] V_Motors: 27.647 V
[LIFT] V_Compute: 28.144 V
[LIFT] V_Motors: 27.635 V
[LIFT] V_Compute: 28.150 V
[LIFT] V_Motors: 27.655 V
[LIFT] V_Compute: 28.149 V
[LIFT] V_Motors: 27.649 V
[LIFT] V_Compute: 28.156 V
[LIFT] V_Motors: 27.647 V
[LIFT] V_Compute: 28.150 V
[LIFT] V_Motors: 27.651 V
[LIFT] V_Compute: 28.154 V
[LIFT] V_Motors: 27.646 V
[LIFT] V_Compute: 28.159 V
[LIFT] V_Motors: 27.655 V
[LIFT] V_Compute: 28.156 V
[LIFT] V_Motors: 27.654 V
[LIFT] V_Compute: 28.156 V
[LIFT] V_Motors: 27.649 V
[LIFT] V_Compute: 28.156 V
[LIFT] V_Motors: 27.655 V
[LIFT] V_Compute: 28.154 V
[LIFT] V_Motors: 27.655 V
[LIFT] V_Compute: 28.160 V
[LIFT] V_Motors: 27.649 V
[LIFT] V_Compute: 28.149 V
[LIFT] V_Motors: 27.649 V
[LIFT] V_Compute: 28.152 V
[LIFT] V_Motors: 27.646 V
[LIFT] V_Compute: 28.156 V
[LIFT] V_Motors: 27.650 V
[LIFT] V_Compute: 28.155 V
[LIFT] V_Motors: 27.649 V
[LIFT] V_Compute: 28.154 V
[LIFT] V_Motors: 27.647 V
[LIFT] V_Compute: 28.152 V
[LIFT] V_Motors: 27.650 V
[LIFT] V_Compute: 28.154 V
[LIFT] V_Motors: 27.647 V
[LIFT] V_Compute: 28.156 V
[LIFT] V_Motors: 27.647 V
[LIFT] V_Compute: 28.150 V
[LIFT] V_Motors: 27.647 V
[LIFT] V_Compute: 28.156 V
[LIFT] V_Motors: 27.650 V
[LIFT] V_Compute: 28.161 V
[LIFT] V_Motors: 27.650 V
[LIFT] V_Compute: 28.157 V
[LIFT] V_Motors: 27.649 V
[LIFT] V_Compute: 28.157 V
[LIFT] V_Motors: 27.646 V
[LIFT] V_Compute: 28.154 V
[LIFT] V_Motors: 27.652 V
[LIFT] V_Compute: 28.155 V
[LIFT] V_Motors: 27.651 V
[LIFT] V_Compute: 28.156 V
[LIFT] V_Motors: 27.650 V
[LIFT] V_Compute: 28.157 V
[LIFT] V_Motors: 27.650 V
[LIFT] V_Compute: 28.156 V
[LIFT] V_Motors: 27.646 V
[LIFT] V_Compute: 28.150 V
[LIFT] V_Motors: 27.649 V
[LIFT] V_Compute: 28.151 V
[LIFT] V_Motors: 27.650 V
[LIFT] V_Compute: 28.156 V
[LIFT] V_Motors: 27.649 V
[LIFT] V_Compute: 28.156 V
[LIFT] V_Motors: 27.652 V
[LIFT] V_Compute: 28.152 V
[LIFT] V_Motors: 27.651 V
[LIFT] V_Compute: 28.154 V
[LIFT] V_Motors: 27.649 V
[LIFT] V_Compute: 28.163 V
[LIFT] V_Motors: 27.649 V
[LIFT] V_Compute: 28.151 V
[LIFT] V_Motors: 27.649 V
[LIFT] V_Compute: 28.159 V
[LIFT] V_Motors: 27.646 V
[LIFT] V_Compute: 28.157 V
[LIFT] V_Motors: 27.649 V
[LIFT] V_Compute: 28.157 V
[LIFT] V_Motors: 27.647 V
[LIFT] V_Compute: 28.156 V
[LIFT] V_Motors: 27.651 V
[LIFT] V_Compute: 28.154 V
[LIFT] V_Motors: 27.647 V
[LIFT] V_Compute: 28.160 V
[LIFT] V_Motors: 27.652 V
[LIFT] V_Compute: 28.159 V
[LIFT] V_Motors: 27.647 V
[LIFT] V_Compute: 28.159 V
[LIFT] V_Motors: 27.649 V
[LIFT] V_Compute: 28.157 V
[LIFT] V_Motors: 27.649 V
[LIFT] V_Compute: 28.151 V
[LIFT] V_Motors: 27.649 V
[LIFT] V_Compute: 28.157 V
[LIFT] V_Motors: 27.649 V
[LIFT] V_Compute: 28.160 V
[LIFT] V_Motors: 27.650 V
[LIFT] V_Compute: 28.155 V
[LIFT] V_Motors: 27.650 V
[LIFT] V_Compute: 28.159 V
[LIFT] V_Motors: 27.646 V
[LIFT] V_Compute: 28.152 V
[LIFT] V_Motors: 27.647 V
[LIFT] V_Compute: 28.150 V
[LIFT] V_Motors: 27.649 V
[LIFT] V_Compute: 28.160 V
[LIFT] V_Motors: 27.645 V
[LIFT] V_Compute: 28.154 V
[LIFT] V_Motors: 27.647 V
[LIFT] V_Compute: 28.154 V
[LIFT] V_Motors: 27.652 V
[LIFT] V_Compute: 28.152 V
[LIFT] V_Motors: 27.652 V
[LIFT] V_Compute: 28.155 V
[LIFT] V_Motors: 27.649 V
[LIFT] V_Compute: 28.156 V
[LIFT] V_Motors: 27.650 V
[LIFT] V_Compute: 28.155 V
[LIFT] V_Motors: 27.649 V
[LIFT] V_Compute: 28.150 V
[LIFT] V_Motors: 27.647 V
[LIFT] V_Compute: 28.152 V
[LIFT] V_Motors: 27.649 V
[LIFT] V_Compute: 28.152 V
[LIFT] V_Motors: 27.645 V
[LIFT] V_Compute: 28.157 V
[LIFT] V_Motors: 27.644 V
[LIFT] V_Compute: 28.151 V
[LIFT] V_Motors: 27.647 V
[LIFT] V_Compute: 28.150 V
[LIFT] V_Motors: 27.646 V
[LIFT] V_Compute: 28.149 V
[LIFT] V_Motors: 27.646 V
[LIFT] V_Compute: 28.132 V
[LIFT] V_Motors: 27.638 V
[LIFT] V_Compute: 28.139 V
[LIFT] V_Motors: 27.632 V
[LIFT] V_Compute: 28.154 V
[LIFT] V_Motors: 27.642 V
[LIFT] V_Compute: 28.159 V
[LIFT] V_Motors: 27.652 V
[LIFT] V_Compute: 28.151 V
[LIFT] V_Motors: 27.649 V
[LIFT] V_Compute: 28.155 V
[LIFT] V_Motors: 27.646 V
[LIFT] V_Compute: 28.160 V
[LIFT] V_Motors: 27.650 V
[LIFT] V_Compute: 28.154 V
[LIFT] V_Motors: 27.645 V
[LIFT] V_Compute: 28.147 V
[LIFT] V_Motors: 27.642 V
[LIFT] V_Compute: 28.151 V
[LIFT] V_Motors: 27.652 V
[LIFT] V_Compute: 28.159 V
[LIFT] V_Motors: 27.652 V
[LIFT] V_Compute: 28.155 V
[LIFT] V_Motors: 27.647 V
[LIFT] V_Compute: 28.155 V
[LIFT] V_Motors: 27.645 V
[LIFT] V_Compute: 28.152 V
[LIFT] V_Motors: 27.645 V
[LIFT] V_Compute: 28.151 V
[LIFT] V_Motors: 27.646 V
[LIFT] V_Compute: 28.149 V
[LIFT] V_Motors: 27.645 V
[LIFT] V_Compute: 28.154 V
[LIFT] V_Motors: 27.645 V
[LIFT] V_Compute: 28.154 V
[LIFT] V_Motors: 27.646 V
[LIFT] V_Compute: 28.154 V
[LIFT] V_Motors: 27.647 V
[LIFT] V_Compute: 28.156 V
[LIFT] V_Motors: 27.650 V
[LIFT] V_Compute: 28.152 V
[LIFT] V_Motors: 27.652 V
[LIFT] V_Compute: 28.155 V
[LIFT] V_Motors: 27.652 V
[LIFT] V_Compute: 28.156 V
[LIFT] V_Motors: 27.647 V
[LIFT] V_Compute: 28.156 V
[LIFT] V_Motors: 27.647 V
[LIFT] V_Compute: 28.154 V
[LIFT] V_Motors: 27.652 V
[LIFT] V_Compute: 28.154 V
[LIFT] V_Motors: 27.649 V
[LIFT] V_Compute: 28.156 V
[LIFT] V_Motors: 27.646 V
[LIFT] V_Compute: 28.154 V
[LIFT] V_Motors: 27.647 V
[LIFT] V_Compute: 28.159 V
[LIFT] V_Motors: 27.649 V
[LIFT] V_Compute: 28.157 V
[LIFT] V_Motors: 27.651 V
[LIFT] V_Compute: 28.156 V
[LIFT] V_Motors: 27.651 V
[LIFT] V_Compute: 28.155 V
[LIFT] V_Motors: 27.649 V
[LIFT] V_Compute: 28.157 V
[LIFT] V_Motors: 27.649 V
[LIFT] V_Compute: 28.154 V
[LIFT] V_Motors: 27.647 V
[LIFT] V_Compute: 28.155 V
[LIFT] V_Motors: 27.645 V
[LIFT] V_Compute: 28.149 V
[LIFT] V_Motors: 27.647 V
[LIFT] V_Compute: 28.150 V
[LIFT] V_Motors: 27.649 V
[LIFT] V_Compute: 28.159 V
[LIFT] V_Motors: 27.649 V
[LIFT] V_Compute: 28.156 V
[LIFT] V_Motors: 27.646 V
[LIFT] V_Compute: 28.155 V
[LIFT] V_Motors: 27.641 V
[LIFT] V_Compute: 28.152 V
[LIFT] V_Motors: 27.650 V
[LIFT] V_Compute: 28.155 V
[LIFT] V_Motors: 27.649 V
[LIFT] V_Compute: 28.154 V
[LIFT] V_Motors: 27.644 V
[LIFT] V_Compute: 28.160 V
[LIFT] V_Motors: 27.649 V
[LIFT] V_Compute: 28.152 V
[LIFT] V_Motors: 27.650 V
[LIFT] V_Compute: 28.160 V
[LIFT] V_Motors: 27.650 V
[LIFT] V_Compute: 28.160 V
[LIFT] V_Motors: 27.647 V
[LIFT] V_Compute: 28.156 V
[LIFT] V_Motors: 27.649 V
[LIFT] V_Compute: 28.155 V
[LIFT] V_Motors: 27.647 V
[LIFT] V_Compute: 28.146 V
[LIFT] V_Motors: 27.647 V
[LIFT] V_Compute: 28.151 V
[LIFT] V_Motors: 27.646 V
[LIFT] V_Compute: 28.152 V
[LIFT] V_Motors: 27.641 V
[LIFT] V_Compute: 28.150 V
[LIFT] V_Motors: 27.645 V
[LIFT] V_Compute: 28.152 V
[LIFT] V_Motors: 27.647 V
[LIFT] V_Compute: 28.157 V
[LIFT] V_Motors: 27.649 V
[LIFT] V_Compute: 28.155 V
[LIFT] V_Motors: 27.650 V
[LIFT] V_Compute: 28.152 V
[LIFT] V_Motors: 27.647 V
[LIFT] V_Compute: 28.159 V
[LIFT] V_Motors: 27.646 V
[LIFT] V_Compute: 28.155 V
[LIFT] V_Motors: 27.645 V
[LIFT] V_Compute: 28.154 V
[LIFT] V_Motors: 27.644 V
[LIFT] V_Compute: 28.152 V
[LIFT] V_Motors: 27.644 V
[LIFT] V_Compute: 28.154 V
[LIFT] V_Motors: 27.647 V
[LIFT] V_Compute: 28.145 V
[LIFT] V_Motors: 27.649 V
[LIFT] V_Compute: 28.155 V
[LIFT] V_Motors: 27.645 V
[LIFT] V_Compute: 28.155 V
[LIFT] V_Motors: 27.641 V
[LIFT] V_Compute: 28.144 V
[LIFT] V_Motors: 27.645 V
[LIFT] V_Compute: 28.146 V
[LIFT] V_Motors: 27.640 V
[LIFT] V_Compute: 28.152 V
[LIFT] V_Motors: 27.646 V
[LIFT] V_Compute: 28.150 V
[LIFT] V_Motors: 27.646 V
[LIFT] V_Compute: 28.154 V
[LIFT] V_Motors: 27.649 V
[LIFT] V_Compute: 28.149 V
[LIFT] V_Motors: 27.646 V
[LIFT] V_Compute: 28.152 V
[LIFT] V_Motors: 27.645 V
[LIFT] V_Compute: 28.146 V
[LIFT] V_Motors: 27.645 V
[LIFT] V_Compute: 28.151 V
[LIFT] V_Motors: 27.644 V
[LIFT] V_Compute: 28.128 V
[LIFT] V_Motors: 27.631 V
[LIFT] V_Compute: 28.142 V
[LIFT] V_Motors: 27.645 V
[LIFT] V_Compute: 28.146 V
[LIFT] V_Motors: 27.644 V
[LIFT] V_Compute: 28.156 V
[LIFT] V_Motors: 27.642 V
[LIFT] V_Compute: 28.149 V
[LIFT] V_Motors: 27.644 V
[LIFT] V_Compute: 28.146 V
[LIFT] V_Motors: 27.640 V
[LIFT] V_Compute: 28.150 V
[LIFT] V_Motors: 27.642 V
[LIFT] V_Compute: 28.147 V
[LIFT] V_Motors: 27.641 V
[LIFT] V_Compute: 28.149 V
[LIFT] V_Motors: 27.645 V
[LIFT] V_Compute: 28.146 V
[LIFT] V_Motors: 27.641 V
[LIFT] V_Compute: 28.151 V
[LIFT] V_Motors: 27.642 V
[LIFT] V_Compute: 28.149 V
[LIFT] V_Motors: 27.642 V
[LIFT] V_Compute: 28.154 V
[LIFT] V_Motors: 27.645 V
[LIFT] V_Compute: 28.151 V
[LIFT] V_Motors: 27.645 V
[LIFT] V_Compute: 28.154 V
[LIFT] V_Motors: 27.645 V
[LIFT] V_Compute: 28.149 V
[LIFT] V_Motors: 27.640 V
[LIFT] V_Compute: 28.154 V
[LIFT] V_Motors: 27.644 V
[LIFT] V_Compute: 28.152 V
[LIFT] V_Motors: 27.646 V
[LIFT] V_Compute: 28.155 V
[LIFT] V_Motors: 27.642 V
[LIFT] V_Compute: 28.152 V
[LIFT] V_Motors: 27.644 V
[LIFT] V_Compute: 28.134 V
[LIFT] V_Motors: 27.632 V
[LIFT] V_Compute: 28.156 V
[LIFT] V_Motors: 27.649 V
[LIFT] V_Compute: 28.152 V
[LIFT] V_Motors: 27.647 V
[LIFT] V_Compute: 28.156 V
[LIFT] V_Motors: 27.641 V
[LIFT] V_Compute: 28.151 V
[LIFT] V_Motors: 27.645 V
[LIFT] V_Compute: 28.151 V
[LIFT] V_Motors: 27.646 V
[LIFT] V_Compute: 28.156 V
[LIFT] V_Motors: 27.644 V
[LIFT] V_Compute: 28.150 V
[LIFT] V_Motors: 27.645 V
[LIFT] V_Compute: 28.152 V
[LIFT] V_Motors: 27.644 V
[LIFT] V_Compute: 28.151 V
[LIFT] V_Motors: 27.644 V
[LIFT] V_Compute: 28.156 V
[LIFT] V_Motors: 27.644 V
[LIFT] V_Compute: 28.154 V
[LIFT] V_Motors: 27.645 V
[LIFT] V_Compute: 28.156 V
[LIFT] V_Motors: 27.645 V
[LIFT] V_Compute: 28.152 V
[LIFT] V_Motors: 27.645 V
[LIFT] V_Compute: 28.154 V
[LIFT] V_Motors: 27.646 V
[LIFT] V_Compute: 28.150 V
[LIFT] V_Motors: 27.644 V
[LIFT] V_Compute: 28.154 V
[LIFT] V_Motors: 27.644 V
[LIFT] V_Compute: 28.155 V
[LIFT] V_Motors: 27.644 V
[LIFT] V_Compute: 28.147 V
[LIFT] V_Motors: 27.644 V
[LIFT] V_Compute: 28.149 V
[LIFT] V_Motors: 27.644 V
[LIFT] V_Compute: 28.152 V
[LIFT] V_Motors: 27.644 V
[LIFT] V_Compute: 28.146 V
[LIFT] V_Motors: 27.647 V
[LIFT] V_Compute: 28.151 V
[LIFT] V_Motors: 27.647 V
[LIFT] V_Compute: 28.159 V
[LIFT] V_Motors: 27.642 V
[LIFT] V_Compute: 28.147 V
[LIFT] V_Motors: 27.639 V
[LIFT] V_Compute: 28.147 V
[LIFT] V_Motors: 27.642 V
[LIFT] V_Compute: 28.128 V
[LIFT] V_Motors: 27.628 V
[LIFT] V_Compute: 28.135 V
[LIFT] V_Motors: 27.631 V
[LIFT] V_Compute: 28.131 V
[LIFT] V_Motors: 27.629 V
[LIFT] V_Compute: 28.152 V
[LIFT] V_Motors: 27.645 V
[LIFT] V_Compute: 28.147 V
[LIFT] V_Motors: 27.640 V
[LIFT] V_Compute: 28.147 V
[LIFT] V_Motors: 27.642 V
[LIFT] V_Compute: 28.151 V
[LIFT] V_Motors: 27.644 V
[LIFT] V_Compute: 28.154 V
[LIFT] V_Motors: 27.646 V
[LIFT] V_Compute: 28.147 V
[LIFT] V_Motors: 27.645 V
[LIFT] V_Compute: 28.156 V
[LIFT] V_Motors: 27.645 V
[LIFT] V_Compute: 28.152 V
[LIFT] V_Motors: 27.644 V
[LIFT] V_Compute: 28.152 V
[LIFT] V_Motors: 27.639 V
[LIFT] V_Compute: 28.154 V
[LIFT] V_Motors: 27.644 V
[LIFT] V_Compute: 28.154 V
[LIFT] V_Motors: 27.644 V
[LIFT] V_Compute: 28.151 V
[LIFT] V_Motors: 27.645 V
[LIFT] V_Compute: 28.150 V
[LIFT] V_Motors: 27.645 V
[LIFT] V_Compute: 28.156 V
[LIFT] V_Motors: 27.644 V
[LIFT] V_Compute: 28.152 V
[LIFT] V_Motors: 27.644 V
[LIFT] V_Compute: 28.151 V
[LIFT] V_Motors: 27.641 V
[LIFT] V_Compute: 28.146 V
[LIFT] V_Motors: 27.645 V
[LIFT] V_Compute: 28.151 V
[LIFT] V_Motors: 27.654 V
[LIFT] V_Compute: 28.154 V
[LIFT] V_Motors: 27.645 V
[LIFT] V_Compute: 28.154 V
[LIFT] V_Motors: 27.641 V
[LIFT] V_Compute: 28.147 V
[LIFT] V_Motors: 27.649 V
[LIFT] V_Compute: 28.152 V
[LIFT] V_Motors: 27.639 V
[LIFT] V_Compute: 28.154 V
[LIFT] V_Motors: 27.641 V
[LIFT] V_Compute: 28.156 V
[LIFT] V_Motors: 27.647 V
[LIFT] V_Compute: 28.157 V
[LIFT] V_Motors: 27.646 V
[LIFT] V_Compute: 28.150 V
[LIFT] V_Motors: 27.645 V
[LIFT] V_Compute: 28.157 V
[LIFT] V_Motors: 27.644 V
[LIFT] V_Compute: 28.150 V
[LIFT] V_Motors: 27.646 V
[LIFT] V_Compute: 28.154 V
[LIFT] V_Motors: 27.640 V
[LIFT] V_Compute: 28.155 V
[LIFT] V_Motors: 27.644 V
[LIFT] V_Compute: 28.155 V
[LIFT] V_Motors: 27.644 V
[LIFT] V_Compute: 28.149 V
[LIFT] V_Motors: 27.649 V
[LIFT] V_Compute: 28.150 V
[LIFT] V_Motors: 27.645 V
[LIFT] V_Compute: 28.154 V
[LIFT] V_Motors: 27.641 V
[LIFT] V_Compute: 28.156 V
[LIFT] V_Motors: 27.645 V
[LIFT] V_Compute: 28.152 V
[LIFT] V_Motors: 27.646 V
[LIFT] V_Compute: 28.152 V
[LIFT] V_Motors: 27.641 V
[LIFT] V_Compute: 28.146 V
[LIFT] V_Motors: 27.638 V
[LIFT] V_Compute: 28.145 V
[LIFT] V_Motors: 27.641 V
[LIFT] V_Compute: 28.154 V
[LIFT] V_Motors: 27.644 V
[LIFT] V_Compute: 28.149 V
[LIFT] V_Motors: 27.645 V
[LIFT] V_Compute: 28.155 V
[LIFT] V_Motors: 27.644 V
[LIFT] V_Compute: 28.156 V
[LIFT] V_Motors: 27.641 V
[LIFT] V_Compute: 28.155 V
[LIFT] V_Motors: 27.647 V
[LIFT] V_Compute: 28.151 V
[LIFT] V_Motors: 27.644 V
[LIFT] V_Compute: 28.151 V
[LIFT] V_Motors: 27.644 V
[LIFT] V_Compute: 28.155 V
[LIFT] V_Motors: 27.647 V
[LIFT] V_Compute: 28.156 V
[LIFT] V_Motors: 27.644 V
[LIFT] V_Compute: 28.154 V
[LIFT] V_Motors: 27.644 V
[LIFT] V_Compute: 28.149 V
[LIFT] V_Motors: 27.647 V
[LIFT] V_Compute: 28.152 V
[LIFT] V_Motors: 27.649 V
[LIFT] V_Compute: 28.154 V
[LIFT] V_Motors: 27.642 V
[LIFT] V_Compute: 28.150 V
[LIFT] V_Motors: 27.642 V
[LIFT] V_Compute: 28.155 V
[LIFT] V_Motors: 27.652 V
[LIFT] V_Compute: 28.152 V
[LIFT] V_Motors: 27.645 V
[LIFT] V_Compute: 28.150 V
[LIFT] V_Motors: 27.644 V
[LIFT] V_Compute: 28.156 V
[LIFT] V_Motors: 27.644 V
[LIFT] V_Compute: 28.154 V
[LIFT] V_Motors: 27.645 V
[LIFT] V_Compute: 28.145 V
[LIFT] V_Motors: 27.649 V
[LIFT] V_Compute: 28.154 V
[LIFT] V_Motors: 27.646 V
[LIFT] V_Compute: 28.155 V
[LIFT] V_Motors: 27.642 V
[LIFT] V_Compute: 28.156 V
[LIFT] V_Motors: 27.642 V
[LIFT] V_Compute: 28.145 V
[LIFT] V_Motors: 27.632 V
[LIFT] V_Compute: 28.155 V
[LIFT] V_Motors: 27.642 V
[LIFT] V_Compute: 28.154 V
[LIFT] V_Motors: 27.647 V
[LIFT] V_Compute: 28.152 V
[LIFT] V_Motors: 27.645 V
[LIFT] V_Compute: 28.154 V
[LIFT] V_Motors: 27.646 V
[LIFT] V_Compute: 28.157 V
[LIFT] V_Motors: 27.646 V
[LIFT] V_Compute: 28.149 V
[LIFT] V_Motors: 27.644 V
[LIFT] V_Compute: 28.150 V
[LIFT] V_Motors: 27.641 V
[LIFT] V_Compute: 28.149 V
[LIFT] V_Motors: 27.639 V
[LIFT] V_Compute: 28.152 V
[LIFT] V_Motors: 27.645 V
[LIFT] V_Compute: 28.152 V
[LIFT] V_Motors: 27.645 V
[LIFT] V_Compute: 28.152 V
[LIFT] V_Motors: 27.646 V
[LIFT] V_Compute: 28.150 V
[LIFT] V_Motors: 27.644 V
[LIFT] V_Compute: 28.151 V
[LIFT] V_Motors: 27.646 V
[LIFT] V_Compute: 28.150 V
[LIFT] V_Motors: 27.642 V
[LIFT] V_Compute: 28.152 V
[LIFT] V_Motors: 27.642 V
[LIFT] V_Compute: 28.147 V
[LIFT] V_Motors: 27.645 V
[LIFT] V_Compute: 28.154 V
[LIFT] V_Motors: 27.645 V
[LIFT] V_Compute: 28.155 V
[LIFT] V_Motors: 27.645 V
[LIFT] V_Compute: 28.151 V
[LIFT] V_Motors: 27.645 V
[LIFT] V_Compute: 28.150 V
[LIFT] V_Motors: 27.644 V
[LIFT] V_Compute: 28.150 V
[LIFT] V_Motors: 27.642 V
[LIFT] V_Compute: 28.156 V
[LIFT] V_Motors: 27.645 V
[LIFT] V_Compute: 28.150 V
[LIFT] V_Motors: 27.639 V
[LIFT] V_Compute: 28.157 V
[LIFT] V_Motors: 27.642 V
[LIFT] V_Compute: 28.154 V
[LIFT] V_Motors: 27.644 V
[LIFT] V_Compute: 28.149 V
[LIFT] V_Motors: 27.642 V
[LIFT] V_Compute: 28.150 V
[LIFT] V_Motors: 27.644 V
[LIFT] V_Compute: 28.149 V
[LIFT] V_Motors: 27.641 V
[LIFT] V_Compute: 28.152 V
[LIFT] V_Motors: 27.641 V
[LIFT] V_Compute: 28.154 V
[LIFT] V_Motors: 27.644 V
[LIFT] V_Compute: 28.145 V
[LIFT] V_Motors: 27.641 V
[LIFT] V_Compute: 28.149 V
[LIFT] V_Motors: 27.638 V
[LIFT] V_Compute: 28.144 V
[LIFT] V_Motors: 27.640 V
[LIFT] V_Compute: 28.152 V
[LIFT] V_Motors: 27.638 V
[LIFT] V_Compute: 28.155 V
[LIFT] V_Motors: 27.645 V
[LIFT] V_Compute: 28.152 V
[LIFT] V_Motors: 27.647 V
[LIFT] V_Compute: 28.155 V
[LIFT] V_Motors: 27.645 V
[LIFT] V_Compute: 28.155 V
[LIFT] V_Motors: 27.644 V
[LIFT] V_Compute: 28.156 V
[LIFT] V_Motors: 27.646 V
[LIFT] V_Compute: 28.152 V
[LIFT] V_Motors: 27.642 V
[LIFT] V_Compute: 28.154 V
[LIFT] V_Motors: 27.642 V
[LIFT] V_Compute: 28.151 V
[LIFT] V_Motors: 27.645 V
[LIFT] V_Compute: 28.152 V
[LIFT] V_Motors: 27.647 V
[LIFT] V_Compute: 28.149 V
[LIFT] V_Motors: 27.641 V
[LIFT] V_Compute: 28.155 V
[LIFT] V_Motors: 27.642 V
[LIFT] V_Compute: 28.151 V
[LIFT] V_Motors: 27.644 V
[LIFT] V_Compute: 28.150 V
[LIFT] V_Motors: 27.641 V
[LIFT] V_Compute: 28.157 V
[LIFT] V_Motors: 27.644 V
[LIFT] V_Compute: 28.149 V
[LIFT] V_Motors: 27.638 V
[LIFT] V_Compute: 28.130 V
[LIFT] V_Motors: 27.621 V
[LIFT] V_Compute: 28.142 V
[LIFT] V_Motors: 27.636 V
[LIFT] V_Compute: 28.131 V
[LIFT] V_Motors: 27.628 V
[LIFT] V_Compute: 28.156 V
[LIFT] V_Motors: 27.631 V
[LIFT] V_Compute: 28.146 V
[LIFT] V_Motors: 27.634 V
[LIFT] V_Compute: 28.147 V
[LIFT] V_Motors: 27.634 V
[LIFT] V_Compute: 28.150 V
[LIFT] V_Motors: 27.641 V
[LIFT] V_Compute: 28.126 V
[LIFT] V_Motors: 27.620 V
[LIFT] V_Compute: 28.145 V
[LIFT] V_Motors: 27.644 V
[LIFT] V_Compute: 28.138 V
[LIFT] V_Motors: 27.626 V
[LIFT] V_Compute: 28.139 V
[LIFT] V_Motors: 27.628 V
[LIFT] V_Compute: 28.136 V
[LIFT] V_Motors: 27.635 V
[LIFT] V_Compute: 28.135 V
[LIFT] V_Motors: 27.630 V
[LIFT] V_Compute: 28.136 V
[LIFT] V_Motors: 27.638 V
[LIFT] V_Compute: 28.151 V
[LIFT] V_Motors: 27.642 V
[LIFT] V_Compute: 28.132 V
[LIFT] V_Motors: 27.629 V
[LIFT] V_Compute: 28.150 V
[LIFT] V_Motors: 27.646 V
[LIFT] V_Compute: 28.147 V
[LIFT] V_Motors: 27.640 V
[LIFT] V_Compute: 28.147 V
[LIFT] V_Motors: 27.644 V
[LIFT] V_Compute: 28.140 V
[LIFT] V_Motors: 27.626 V
[LIFT] V_Compute: 28.131 V
[LIFT] V_Motors: 27.628 V
[LIFT] V_Compute: 28.155 V
[LIFT] V_Motors: 27.640 V
[LIFT] V_Compute: 28.151 V
[LIFT] V_Motors: 27.639 V
[LIFT] V_Compute: 28.146 V
[LIFT] V_Motors: 27.644 V

RPC Server stopping...
[YOR] base PID: restoring stock swerve gains
[YOR] base PID: /home/pi-v3/YOR-v3-try/config/base_pid_stock.json, PID slot 0
[YOR] base PID:   written     FL drive (CAN 1): p=0.20000000298023224, i=0.0, d=0.10000000149011612, velocity_ff=0.0, output_min=-1.0, output_max=1.0
[YOR] base PID:   written     RL drive (CAN 2): p=0.20000000298023224, i=0.0, d=0.10000000149011612, velocity_ff=0.0, output_min=-1.0, output_max=1.0
[YOR] base PID:   written     RR drive (CAN 3): p=0.20000000298023224, i=0.0, d=0.10000000149011612, velocity_ff=0.0, output_min=-1.0, output_max=1.0
[YOR] base PID:   written     FR drive (CAN 4): p=0.20000000298023224, i=0.0, d=0.10000000149011612, velocity_ff=0.0, output_min=-1.0, output_max=1.0
[YOR] base PID:   already-set FL steering (CAN 5): p=2.0, i=0.0, d=0.009999999776482582, velocity_ff=0.0, output_min=-1.0, output_max=1.0
[YOR] base PID:   already-set RL steering (CAN 6): p=2.0, i=0.0, d=0.009999999776482582, velocity_ff=0.0, output_min=-1.0, output_max=1.0
[YOR] base PID:   already-set RR steering (CAN 7): p=2.0, i=0.0, d=0.009999999776482582, velocity_ff=0.0, output_min=-1.0, output_max=1.0
[YOR] base PID:   already-set FR steering (CAN 8): p=2.0, i=0.0, d=0.009999999776482582, velocity_ff=0.0, output_min=-1.0, output_max=1.0
[YOR] base PID: 4 controller(s) already commissioned, 4 written, 0 problem(s)
[YOR] base PID: 0.2s
[LIFT] V_Compute: 28.151 V
