[console-log] mirroring output to /home/pi-v3/YOR-v3-try/artifacts/wholebody_logs/yor_20260825_194637.log
[yor] experiment gates: all off (pre-gate behaviour)
[yor] posture-fix: stiffen_joint7=True (scale=3x), refresh_target=True, redundancy_resolution=dls_projector (dls_damping=0.05)
[yor] null-space: swivel_weight=1 (gain=1, target=latched-from-pose), continuity_weight=0, manipulability=False
[YOR] base: drive command scale 1.068 (from base_pid_hybrid.json)
[PicoLift] Opening serial /dev/serial/by-id/usb-FTDI_FT232R_USB_UART_BG02XPI5-if00-port0 @ 115200...
[PicoLift] Serial open OK
[YOR] base PID: syncing swerve gains
[YOR] base PID: /home/pi-v3/YOR-v3-try/config/base_pid_hybrid.json, PID slot 0
[YOR] base PID:   written     FL drive (CAN 1): p=0.3499999940395355, i=0.0, d=0.0, velocity_ff=0.23000000417232513, output_min=-1.0, output_max=1.0
[YOR] base PID:   written     RL drive (CAN 2): p=0.3499999940395355, i=0.0, d=0.0, velocity_ff=0.23000000417232513, output_min=-1.0, output_max=1.0
[YOR] base PID:   written     RR drive (CAN 3): p=0.3499999940395355, i=0.0, d=0.0, velocity_ff=0.23000000417232513, output_min=-1.0, output_max=1.0
[YOR] base PID:   written     FR drive (CAN 4): p=0.3499999940395355, i=0.0, d=0.0, velocity_ff=0.23000000417232513, output_min=-1.0, output_max=1.0
[YOR] base PID:   already-set FL steering (CAN 5): p=2.0, i=0.0, d=0.009999999776482582, velocity_ff=0.0, output_min=-1.0, output_max=1.0
[YOR] base PID:   already-set RL steering (CAN 6): p=2.0, i=0.0, d=0.009999999776482582, velocity_ff=0.0, output_min=-1.0, output_max=1.0
[YOR] base PID:   already-set RR steering (CAN 7): p=2.0, i=0.0, d=0.009999999776482582, velocity_ff=0.0, output_min=-1.0, output_max=1.0
[YOR] base PID:   already-set FR steering (CAN 8): p=2.0, i=0.0, d=0.009999999776482582, velocity_ff=0.0, output_min=-1.0, output_max=1.0
[YOR] base PID: 4 controller(s) already commissioned, 4 written, 0 problem(s)
[YOR] base PID: 0.2s
[YOR] base config: idle_mode=0 ctrl_type=MIXED [('FL drive', 1), ('FL steering', 3), ('FR drive', 1), ('FR steering', 3), ('RL drive', 1), ('RL steering', 3), ('RR drive', 1), ('RR steering', 3)]
[YOR] base config: velocity_cf=MIXED [('FL drive', 0.000846326001919806), ('FL steering', 1.0), ('FR drive', 0.000846326001919806), ('FR steering', 1.0), ('RL drive', 0.000846326001919806), ('RL steering', 1.0), ('RR drive', 0.000846326001919806), ('RR steering', 1.0)] position_cf=1.0 (drive_command_scale=1.068)
[YOR] base: locked at zero velocity for startup homing
[YOR] recording swerve telemetry to /home/pi-v3/YOR-v3-try/artifacts/wholebody_logs/swerve/swerve_20260825_194638.csv
[YOR] lift: waiting for controller to be ready...
[LIFT] Lift controller ready.
[PicoLift] controller reset — height invalidated, needs home
[LIFT] Capabilities: lift_velocity_v1
[PicoLift] firmware capabilities: lift_velocity_v1
[LIFT] Python commands: up, down, stop, home, vel <signed mm/s>
[LIFT] Optional commands: up 200, down 200, status, power on, power off
[LIFT] Height: unknown (run home)
[LIFT] V_Compute: 28.100 V
[LIFT] V_Motors: 27.324 V
[YOR] lift: homing at startup; waiting up to 30s
[PicoLift] sent 'home'
[PicoLift] sent 'status'
[PicoLift] sent 'status'
[LIFT] Homing UP...
[LIFT] V_Compute: 28.101 V
[LIFT] V_Motors: 27.299 V
[LIFT] Height: unknown (run home)
[LIFT] Upper limit: clear
[LIFT] Lower limit: clear
[LIFT] Motion: UP
[LIFT] Velocity: 0.00 mm/s
[LIFT] Capabilities: lift_velocity_v1
[PicoLift] firmware capabilities: lift_velocity_v1
[LIFT] Height: unknown (run home)
[LIFT] Upper limit: clear
[LIFT] Lower limit: clear
[LIFT] Motion: UP
[LIFT] Velocity: 0.00 mm/s
[LIFT] Capabilities: lift_velocity_v1
[PicoLift] firmware capabilities: lift_velocity_v1
[LIFT] Height: unknown (run home)
[LIFT] Height: unknown (run home)
[LIFT] Height: unknown (run home)
[LIFT] Height: unknown (run home)
[LIFT] Height: unknown (run home)
[LIFT] Height: unknown (run home)
[LIFT] Height: unknown (run home)
[LIFT] Height: unknown (run home)
[LIFT] Height: unknown (run home)
[LIFT] Height: unknown (run home)
[LIFT] Height: unknown (run home)
[LIFT] Height: unknown (run home)
[LIFT] Height: unknown (run home)
[LIFT] Height: unknown (run home)
[LIFT] Height: unknown (run home)
[LIFT] Height: unknown (run home)
[LIFT] Height: unknown (run home)
[LIFT] Height: unknown (run home)
[PicoLift] sent 'status'
[LIFT] Upper limit: clear
[LIFT] Lower limit: clear
[LIFT] Motion: UP
[LIFT] Velocity: 0.00 mm/s
[LIFT] Capabilities: lift_velocity_v1
[PicoLift] firmware capabilities: lift_velocity_v1
[LIFT] Height: unknown (run home)
[LIFT] V_Compute: 28.095 V
[LIFT] V_Motors: 27.289 V
[LIFT] Height: unknown (run home)
[LIFT] Height: unknown (run home)
[LIFT] Height: unknown (run home)
[LIFT] Height: unknown (run home)
[LIFT] Height: unknown (run home)
[LIFT] Height: unknown (run home)
[LIFT] Height: unknown (run home)
[LIFT] Height: unknown (run home)
[LIFT] Height: unknown (run home)
[LIFT] Height: unknown (run home)
[LIFT] Height: unknown (run home)
[LIFT] Height: unknown (run home)
[LIFT] Height: unknown (run home)
[LIFT] Height: unknown (run home)
[LIFT] Height: unknown (run home)
[LIFT] Height: unknown (run home)
[LIFT] Height: unknown (run home)
[LIFT] Height: unknown (run home)
[PicoLift] sent 'status'
[LIFT] Upper limit: clear
[LIFT] Lower limit: clear
[LIFT] Motion: UP
[LIFT] Velocity: 0.00 mm/s
[LIFT] Capabilities: lift_velocity_v1
[PicoLift] firmware capabilities: lift_velocity_v1
[LIFT] Height: unknown (run home)
[LIFT] V_Compute: 28.103 V
[LIFT] V_Motors: 27.284 V
[LIFT] Height: unknown (run home)
[LIFT] Height: unknown (run home)
[LIFT] Height: unknown (run home)
[LIFT] Height: unknown (run home)
[LIFT] Height: unknown (run home)
[LIFT] Height: unknown (run home)
[LIFT] Height: unknown (run home)
[LIFT] Height: unknown (run home)
[LIFT] Height: unknown (run home)
[LIFT] Height: unknown (run home)
[LIFT] Height: unknown (run home)
[LIFT] Height: unknown (run home)
[LIFT] Height: unknown (run home)
[LIFT] Height: unknown (run home)
[LIFT] Height: unknown (run home)
[LIFT] Height: unknown (run home)
[LIFT] Height: unknown (run home)
[LIFT] Height: unknown (run home)
[PicoLift] sent 'status'
[LIFT] Upper limit: clear
[LIFT] Lower limit: clear
[LIFT] Motion: UP
[LIFT] Velocity: 0.00 mm/s
[LIFT] Capabilities: lift_velocity_v1
[PicoLift] firmware capabilities: lift_velocity_v1
[LIFT] Height: unknown (run home)
[LIFT] V_Compute: 28.095 V
[LIFT] V_Motors: 27.290 V
[LIFT] Height: unknown (run home)
[LIFT] Height: unknown (run home)
[LIFT] Height: unknown (run home)
[LIFT] Height: unknown (run home)
[LIFT] Height: unknown (run home)
[LIFT] Height: unknown (run home)
[LIFT] Height: unknown (run home)
[LIFT] Height: unknown (run home)
[LIFT] Height: unknown (run home)
[LIFT] Height: unknown (run home)
[LIFT] Height: unknown (run home)
[LIFT] Height: unknown (run home)
[LIFT] Height: unknown (run home)
[LIFT] Height: unknown (run home)
[LIFT] Height: unknown (run home)
[LIFT] Height: unknown (run home)
[LIFT] Height: unknown (run home)
[LIFT] Height: unknown (run home)
[PicoLift] sent 'status'
[LIFT] Upper limit: clear
[LIFT] Lower limit: clear
[LIFT] Motion: UP
[LIFT] Velocity: 0.00 mm/s
[LIFT] Capabilities: lift_velocity_v1
[PicoLift] firmware capabilities: lift_velocity_v1
[LIFT] Height: unknown (run home)
[LIFT] V_Compute: 28.100 V
[LIFT] V_Motors: 27.300 V
[LIFT] Height: unknown (run home)
[LIFT] Height: unknown (run home)
[LIFT] Height: unknown (run home)
[LIFT] Height: unknown (run home)
[LIFT] Height: unknown (run home)
[LIFT] Height: unknown (run home)
[LIFT] Height: unknown (run home)
[LIFT] Height: unknown (run home)
[LIFT] Height: unknown (run home)
[LIFT] Height: unknown (run home)
[LIFT] Height: unknown (run home)
[LIFT] Height: unknown (run home)
[LIFT] Height: unknown (run home)
[LIFT] Height: unknown (run home)
[LIFT] Height: unknown (run home)
[LIFT] Height: unknown (run home)
[LIFT] Height: unknown (run home)
[LIFT] Height: unknown (run home)
[PicoLift] sent 'status'
[LIFT] Upper limit: clear
[LIFT] Lower limit: clear
[LIFT] Motion: UP
[LIFT] Velocity: 0.00 mm/s
[LIFT] Capabilities: lift_velocity_v1
[PicoLift] firmware capabilities: lift_velocity_v1
[LIFT] Height: unknown (run home)
[LIFT] V_Compute: 28.100 V
[LIFT] V_Motors: 27.286 V
[LIFT] Height: unknown (run home)
[LIFT] Height: unknown (run home)
[LIFT] Height: unknown (run home)
[LIFT] Height: unknown (run home)
[LIFT] Height: unknown (run home)
[LIFT] Height: unknown (run home)
[LIFT] Height: unknown (run home)
[LIFT] Height: unknown (run home)
[LIFT] Height: unknown (run home)
[LIFT] Height: unknown (run home)
[LIFT] Height: unknown (run home)
[LIFT] Height: unknown (run home)
[LIFT] Height: unknown (run home)
[LIFT] Height: unknown (run home)
[LIFT] Height: unknown (run home)
[LIFT] Height: unknown (run home)
[LIFT] Height: unknown (run home)
[LIFT] Height: unknown (run home)
[PicoLift] sent 'status'
[LIFT] Upper limit: clear
[LIFT] Lower limit: clear
[LIFT] Motion: UP
[LIFT] Velocity: 0.00 mm/s
[LIFT] Capabilities: lift_velocity_v1
[PicoLift] firmware capabilities: lift_velocity_v1
[LIFT] Height: unknown (run home)
[LIFT] V_Compute: 28.104 V
[LIFT] V_Motors: 27.288 V
[LIFT] Height: unknown (run home)
[LIFT] Height: unknown (run home)
[LIFT] Height: unknown (run home)
[LIFT] Height: unknown (run home)
[LIFT] Height: unknown (run home)
[LIFT] Height: unknown (run home)
[LIFT] Height: unknown (run home)
[LIFT] Height: unknown (run home)
[LIFT] Height: unknown (run home)
[LIFT] Height: unknown (run home)
[LIFT] Height: unknown (run home)
[LIFT] Height: unknown (run home)
[LIFT] Height: unknown (run home)
[LIFT] Height: unknown (run home)
[LIFT] Height: unknown (run home)
[LIFT] Height: unknown (run home)
[LIFT] Height: unknown (run home)
[LIFT] Height: unknown (run home)
[PicoLift] sent 'status'
[LIFT] Upper limit: clear
[LIFT] Lower limit: clear
[LIFT] Motion: UP
[LIFT] Velocity: 0.00 mm/s
[LIFT] Capabilities: lift_velocity_v1
[PicoLift] firmware capabilities: lift_velocity_v1
[LIFT] Height: unknown (run home)
[LIFT] V_Compute: 28.093 V
[LIFT] V_Motors: 27.294 V
[LIFT] Height: unknown (run home)
[LIFT] Height: unknown (run home)
[LIFT] Height: unknown (run home)
[LIFT] Height: unknown (run home)
[LIFT] Height: unknown (run home)
[LIFT] Height: unknown (run home)
[LIFT] Height: unknown (run home)
[LIFT] Height: unknown (run home)
[LIFT] Height: unknown (run home)
[LIFT] Height: unknown (run home)
[LIFT] Height: unknown (run home)
[LIFT] Height: unknown (run home)
[LIFT] Height: unknown (run home)
[LIFT] Height: unknown (run home)
[LIFT] Height: unknown (run home)
[LIFT] Height: unknown (run home)
[LIFT] Height: unknown (run home)
[LIFT] Height: unknown (run home)
[PicoLift] sent 'status'
[LIFT] Upper limit: clear
[LIFT] Lower limit: clear
[LIFT] Motion: UP
[LIFT] Velocity: 0.00 mm/s
[LIFT] Capabilities: lift_velocity_v1
[PicoLift] firmware capabilities: lift_velocity_v1
[LIFT] Height: unknown (run home)
[LIFT] V_Compute: 28.100 V
[LIFT] V_Motors: 27.298 V
[LIFT] Height: unknown (run home)
[LIFT] Height: unknown (run home)
[LIFT] Height: unknown (run home)
[LIFT] Height: unknown (run home)
[LIFT] Height: unknown (run home)
[LIFT] Height: unknown (run home)
[LIFT] Height: unknown (run home)
[LIFT] Height: unknown (run home)
[LIFT] Height: unknown (run home)
[LIFT] Height: unknown (run home)
[LIFT] Height: unknown (run home)
[LIFT] Height: unknown (run home)
[LIFT] Height: unknown (run home)
[LIFT] Height: unknown (run home)
[LIFT] Height: unknown (run home)
[LIFT] Height: unknown (run home)
[LIFT] Height: unknown (run home)
[LIFT] Height: unknown (run home)
[PicoLift] sent 'status'
[LIFT] Upper limit: clear
[LIFT] Lower limit: clear
[LIFT] Motion: UP
[LIFT] Velocity: 0.00 mm/s
[LIFT] Capabilities: lift_velocity_v1
[PicoLift] firmware capabilities: lift_velocity_v1
[LIFT] Height: unknown (run home)
[LIFT] V_Compute: 28.087 V
[LIFT] V_Motors: 27.296 V
[LIFT] Height: unknown (run home)
[LIFT] Height: unknown (run home)
[LIFT] Height: unknown (run home)
[LIFT] Height: unknown (run home)
[LIFT] Height: unknown (run home)
[LIFT] Height: unknown (run home)
[LIFT] Height: unknown (run home)
[LIFT] Height: unknown (run home)
[LIFT] Height: unknown (run home)
[LIFT] Height: unknown (run home)
[LIFT] Height: unknown (run home)
[LIFT] Height: unknown (run home)
[LIFT] Height: unknown (run home)
[LIFT] Height: unknown (run home)
[LIFT] Height: unknown (run home)
[LIFT] Height: unknown (run home)
[LIFT] Height: unknown (run home)
[LIFT] Height: unknown (run home)
[PicoLift] sent 'status'
[LIFT] Upper limit: clear
[LIFT] Lower limit: clear
[LIFT] Motion: UP
[LIFT] Velocity: 0.00 mm/s
[LIFT] Capabilities: lift_velocity_v1
[PicoLift] firmware capabilities: lift_velocity_v1
[LIFT] Height: unknown (run home)
[LIFT] V_Compute: 28.100 V
[LIFT] V_Motors: 27.292 V
[LIFT] Height: unknown (run home)
[LIFT] Height: unknown (run home)
[LIFT] Height: unknown (run home)
[LIFT] Height: unknown (run home)
[LIFT] Height: unknown (run home)
[LIFT] Height: unknown (run home)
[LIFT] Height: unknown (run home)
[LIFT] Height: unknown (run home)
[LIFT] Height: unknown (run home)
[LIFT] Height: unknown (run home)
[LIFT] Height: unknown (run home)
[LIFT] Height: unknown (run home)
[LIFT] Height: unknown (run home)
[LIFT] Height: unknown (run home)
[LIFT] Height: unknown (run home)
[LIFT] Height: unknown (run home)
[LIFT] Height: unknown (run home)
[LIFT] Height: unknown (run home)
[PicoLift] sent 'status'
[LIFT] Upper limit: clear
[LIFT] Lower limit: clear
[LIFT] Motion: UP
[LIFT] Velocity: 0.00 mm/s
[LIFT] Capabilities: lift_velocity_v1
[PicoLift] firmware capabilities: lift_velocity_v1
[LIFT] Height: unknown (run home)
[LIFT] V_Compute: 28.099 V
[LIFT] V_Motors: 27.294 V
[LIFT] Height: unknown (run home)
[LIFT] Height: unknown (run home)
[LIFT] Height: unknown (run home)
[LIFT] Height: unknown (run home)
[LIFT] Height: unknown (run home)
[LIFT] Height: unknown (run home)
[LIFT] Height: unknown (run home)
[LIFT] Height: unknown (run home)
[LIFT] Height: unknown (run home)
[LIFT] Height: unknown (run home)
[LIFT] Height: unknown (run home)
[LIFT] Height: unknown (run home)
[LIFT] Height: unknown (run home)
[LIFT] Height: unknown (run home)
[LIFT] Height: unknown (run home)
[LIFT] Height: unknown (run home)
[LIFT] Height: unknown (run home)
[LIFT] Height: unknown (run home)
[PicoLift] sent 'status'
[LIFT] Upper limit: clear
[LIFT] Lower limit: clear
[LIFT] Motion: UP
[LIFT] Velocity: 0.00 mm/s
[LIFT] Capabilities: lift_velocity_v1
[PicoLift] firmware capabilities: lift_velocity_v1
[LIFT] Height: unknown (run home)
[LIFT] V_Compute: 28.093 V
[LIFT] V_Motors: 27.281 V
[LIFT] Height: unknown (run home)
[LIFT] Height: unknown (run home)
[LIFT] Height: unknown (run home)
[LIFT] Height: unknown (run home)
[LIFT] Height: unknown (run home)
[LIFT] Height: unknown (run home)
[LIFT] Height: unknown (run home)
[LIFT] Height: unknown (run home)
[LIFT] Height: unknown (run home)
[LIFT] Height: unknown (run home)
[LIFT] Height: unknown (run home)
[LIFT] Height: unknown (run home)
[LIFT] Height: unknown (run home)
[LIFT] Height: unknown (run home)
[LIFT] Height: unknown (run home)
[LIFT] Height: unknown (run home)
[LIFT] Height: unknown (run home)
[LIFT] Height: unknown (run home)
[PicoLift] sent 'status'
[LIFT] Upper limit: clear
[LIFT] Lower limit: clear
[LIFT] Motion: UP
[LIFT] Velocity: 0.00 mm/s
[LIFT] Capabilities: lift_velocity_v1
[PicoLift] firmware capabilities: lift_velocity_v1
[LIFT] Height: unknown (run home)
[LIFT] Height: unknown (run home)
[LIFT] V_Compute: 28.097 V
[LIFT] V_Motors: 27.291 V
[LIFT] Height: unknown (run home)
[LIFT] Height: unknown (run home)
[LIFT] Height: unknown (run home)
[LIFT] Height: unknown (run home)
[LIFT] Height: unknown (run home)
[LIFT] Height: unknown (run home)
[LIFT] Height: unknown (run home)
[LIFT] Height: unknown (run home)
[LIFT] Height: unknown (run home)
[LIFT] Height: unknown (run home)
[LIFT] Height: unknown (run home)
[LIFT] Height: unknown (run home)
[LIFT] Height: unknown (run home)
[LIFT] Height: unknown (run home)
[LIFT] Height: unknown (run home)
[LIFT] Height: unknown (run home)
[LIFT] Height: unknown (run home)
[PicoLift] sent 'status'
[LIFT] Height: unknown (run home)
[LIFT] Upper limit: clear
[LIFT] Lower limit: clear
[LIFT] Motion: UP
[LIFT] Velocity: 0.00 mm/s
[LIFT] Capabilities: lift_velocity_v1
[PicoLift] firmware capabilities: lift_velocity_v1
[LIFT] Height: unknown (run home)
[LIFT] V_Compute: 28.095 V
[LIFT] V_Motors: 27.291 V
[LIFT] Height: unknown (run home)
[LIFT] Height: unknown (run home)
[LIFT] Height: unknown (run home)
[LIFT] Height: unknown (run home)
[LIFT] Height: unknown (run home)
[LIFT] Height: unknown (run home)
[LIFT] Height: unknown (run home)
[LIFT] Height: unknown (run home)
[LIFT] Height: unknown (run home)
[LIFT] Height: unknown (run home)
[LIFT] Height: unknown (run home)
[LIFT] Height: unknown (run home)
[LIFT] Height: unknown (run home)
[LIFT] Height: unknown (run home)
[LIFT] Height: unknown (run home)
[LIFT] Height: unknown (run home)
[LIFT] Height: unknown (run home)
[PicoLift] sent 'status'
[LIFT] Height: unknown (run home)
[LIFT] Upper limit: clear
[LIFT] Lower limit: clear
[LIFT] Motion: UP
[LIFT] Velocity: 0.00 mm/s
[LIFT] Capabilities: lift_velocity_v1
[PicoLift] firmware capabilities: lift_velocity_v1
[LIFT] Height: unknown (run home)
[LIFT] V_Compute: 28.096 V
[LIFT] V_Motors: 27.290 V
[LIFT] Height: unknown (run home)
[LIFT] Height: unknown (run home)
[LIFT] Height: unknown (run home)
[LIFT] Height: unknown (run home)
[LIFT] Height: unknown (run home)
[LIFT] Height: unknown (run home)
[LIFT] Height: unknown (run home)
[LIFT] Height: unknown (run home)
[LIFT] Height: unknown (run home)
[LIFT] Height: unknown (run home)
[LIFT] Height: unknown (run home)
[LIFT] Height: unknown (run home)
[LIFT] Height: unknown (run home)
[LIFT] Height: unknown (run home)
[LIFT] Height: unknown (run home)
[LIFT] Height: unknown (run home)
[LIFT] Height: unknown (run home)
[PicoLift] sent 'status'
[LIFT] Height: unknown (run home)
[LIFT] Upper limit: clear
[LIFT] Lower limit: clear
[LIFT] Motion: UP
[LIFT] Velocity: 0.00 mm/s
[LIFT] Capabilities: lift_velocity_v1
[PicoLift] firmware capabilities: lift_velocity_v1
[LIFT] Height: unknown (run home)
[LIFT] V_Compute: 28.086 V
[LIFT] V_Motors: 27.289 V
[LIFT] Height: unknown (run home)
[LIFT] Height: unknown (run home)
[LIFT] Height: unknown (run home)
[LIFT] Height: unknown (run home)
[LIFT] Height: unknown (run home)
[LIFT] Height: unknown (run home)
[LIFT] Height: unknown (run home)
[LIFT] Height: unknown (run home)
[LIFT] Height: unknown (run home)
[LIFT] Height: unknown (run home)
[LIFT] Height: unknown (run home)
[LIFT] Height: unknown (run home)
[LIFT] Height: unknown (run home)
[LIFT] Height: unknown (run home)
[LIFT] Height: unknown (run home)
[LIFT] Height: unknown (run home)
[LIFT] Height: unknown (run home)
[PicoLift] sent 'status'
[LIFT] Height: unknown (run home)
[LIFT] Upper limit: clear
[LIFT] Lower limit: clear
[LIFT] Motion: UP
[LIFT] Velocity: 0.00 mm/s
[LIFT] Capabilities: lift_velocity_v1
[PicoLift] firmware capabilities: lift_velocity_v1
[LIFT] Height: unknown (run home)
[LIFT] V_Compute: 28.076 V
[LIFT] V_Motors: 27.284 V
[LIFT] Height: unknown (run home)
[LIFT] Height: unknown (run home)
[LIFT] Height: unknown (run home)
[LIFT] Height: unknown (run home)
[LIFT] Height: unknown (run home)
[LIFT] Height: unknown (run home)
[LIFT] Height: unknown (run home)
[LIFT] Height: unknown (run home)
[LIFT] Height: unknown (run home)
[LIFT] Height: unknown (run home)
[LIFT] Height: unknown (run home)
[LIFT] Height: unknown (run home)
[LIFT] Height: unknown (run home)
[LIFT] Height: unknown (run home)
[LIFT] Height: unknown (run home)
[LIFT] Height: unknown (run home)
[LIFT] Height: unknown (run home)
[PicoLift] sent 'status'
[LIFT] Height: unknown (run home)
[LIFT] Upper limit: clear
[LIFT] Lower limit: clear
[LIFT] Motion: UP
[LIFT] Velocity: 0.00 mm/s
[LIFT] Capabilities: lift_velocity_v1
[PicoLift] firmware capabilities: lift_velocity_v1
[LIFT] Height: unknown (run home)
[LIFT] V_Compute: 28.110 V
[LIFT] V_Motors: 27.289 V
[LIFT] Height: unknown (run home)
[LIFT] Height: unknown (run home)
[LIFT] Height: unknown (run home)
[LIFT] Height: unknown (run home)
[LIFT] Height: unknown (run home)
[LIFT] Height: unknown (run home)
[LIFT] Height: unknown (run home)
[LIFT] Height: unknown (run home)
[LIFT] Height: unknown (run home)
[LIFT] Height: unknown (run home)
[LIFT] Height: unknown (run home)
[LIFT] Height: unknown (run home)
[LIFT] Height: unknown (run home)
[LIFT] Height: unknown (run home)
[LIFT] Height: unknown (run home)
[LIFT] Height: unknown (run home)
[LIFT] Height: unknown (run home)
[LIFT] Height: unknown (run home)
[PicoLift] sent 'status'
[LIFT] Upper limit: clear
[LIFT] Lower limit: clear
[LIFT] Motion: UP
[LIFT] Velocity: 0.00 mm/s
[LIFT] Capabilities: lift_velocity_v1
[PicoLift] firmware capabilities: lift_velocity_v1
[LIFT] Height: unknown (run home)
[LIFT] V_Compute: 28.094 V
[LIFT] V_Motors: 27.290 V
[LIFT] Height: unknown (run home)
[LIFT] Height: unknown (run home)
[LIFT] Height: unknown (run home)
[LIFT] Height: unknown (run home)
[LIFT] Height: unknown (run home)
[LIFT] Height: unknown (run home)
[LIFT] Height: unknown (run home)
[LIFT] Height: unknown (run home)
[LIFT] Height: unknown (run home)
[LIFT] Height: unknown (run home)
[LIFT] Height: unknown (run home)
[LIFT] Height: unknown (run home)
[LIFT] Height: unknown (run home)
[LIFT] Height: unknown (run home)
[LIFT] Height: unknown (run home)
[LIFT] Height: unknown (run home)
[LIFT] Height: unknown (run home)
[LIFT] Height: unknown (run home)
[PicoLift] sent 'status'
[LIFT] Upper limit: clear
[LIFT] Lower limit: clear
[LIFT] Motion: UP
[LIFT] Velocity: 0.00 mm/s
[LIFT] Capabilities: lift_velocity_v1
[PicoLift] firmware capabilities: lift_velocity_v1
[LIFT] Height: unknown (run home)
[LIFT] V_Compute: 28.090 V
[LIFT] V_Motors: 27.299 V
[LIFT] Height: unknown (run home)
[LIFT] Height: unknown (run home)
[LIFT] Height: unknown (run home)
[LIFT] Height: unknown (run home)
[LIFT] Height: unknown (run home)
[LIFT] Height: unknown (run home)
[LIFT] Height: unknown (run home)
[LIFT] Height: unknown (run home)
[LIFT] Height: unknown (run home)
[LIFT] Height: unknown (run home)
[LIFT] Height: unknown (run home)
[LIFT] Height: unknown (run home)
[LIFT] Height: unknown (run home)
[LIFT] Height: unknown (run home)
[LIFT] Height: unknown (run home)
[LIFT] Height: unknown (run home)
[LIFT] Height: unknown (run home)
[LIFT] Height: unknown (run home)
[PicoLift] sent 'status'
[LIFT] Upper limit: clear
[LIFT] Lower limit: clear
[LIFT] Motion: UP
[LIFT] Velocity: 0.00 mm/s
[LIFT] Capabilities: lift_velocity_v1
[PicoLift] firmware capabilities: lift_velocity_v1
[LIFT] Height: unknown (run home)
[LIFT] V_Compute: 28.093 V
[LIFT] V_Motors: 27.294 V
[LIFT] Height: unknown (run home)
[LIFT] Height: unknown (run home)
[LIFT] Height: unknown (run home)
[LIFT] Height: unknown (run home)
[LIFT] Height: unknown (run home)
[LIFT] Height: unknown (run home)
[LIFT] Height: unknown (run home)
[LIFT] Height: unknown (run home)
[LIFT] Height: unknown (run home)
[LIFT] Height: unknown (run home)
[LIFT] Height: unknown (run home)
[LIFT] Height: unknown (run home)
[LIFT] Height: unknown (run home)
[LIFT] Height: unknown (run home)
[LIFT] Height: unknown (run home)
[LIFT] Height: unknown (run home)
[LIFT] Height: unknown (run home)
[LIFT] Height: unknown (run home)
[PicoLift] sent 'status'
[LIFT] Upper limit: clear
[LIFT] Lower limit: clear
[LIFT] Motion: UP
[LIFT] Velocity: 0.00 mm/s
[LIFT] Capabilities: lift_velocity_v1
[PicoLift] firmware capabilities: lift_velocity_v1
[LIFT] Height: unknown (run home)
[LIFT] V_Compute: 28.090 V
[LIFT] V_Motors: 27.292 V
[LIFT] Height: unknown (run home)
[LIFT] Height: unknown (run home)
[LIFT] Height: unknown (run home)
[LIFT] Height: unknown (run home)
[LIFT] Height: unknown (run home)
[LIFT] Height: unknown (run home)
[LIFT] Height: unknown (run home)
[LIFT] Height: unknown (run home)
[LIFT] Height: unknown (run home)
[LIFT] Height: unknown (run home)
[LIFT] Height: unknown (run home)
[LIFT] Height: unknown (run home)
[LIFT] Height: unknown (run home)
[LIFT] Height: unknown (run home)
[LIFT] Height: unknown (run home)
[LIFT] Height: unknown (run home)
[LIFT] Height: unknown (run home)
[LIFT] Height: unknown (run home)
[PicoLift] sent 'status'
[LIFT] Upper limit: clear
[LIFT] Lower limit: clear
[LIFT] Motion: UP
[LIFT] Velocity: 0.00 mm/s
[LIFT] Capabilities: lift_velocity_v1
[PicoLift] firmware capabilities: lift_velocity_v1
[LIFT] Height: unknown (run home)
[LIFT] V_Compute: 28.100 V
[LIFT] V_Motors: 27.296 V
[LIFT] Height: unknown (run home)
[LIFT] Height: unknown (run home)
[LIFT] Height: unknown (run home)
[LIFT] Height: unknown (run home)
[LIFT] Height: unknown (run home)
[LIFT] Height: unknown (run home)
[LIFT] Height: unknown (run home)
[LIFT] Height: unknown (run home)
[LIFT] Height: unknown (run home)
[LIFT] Height: unknown (run home)
[LIFT] Height: unknown (run home)
[LIFT] Height: unknown (run home)
[LIFT] Height: unknown (run home)
[LIFT] Height: unknown (run home)
[LIFT] Height: unknown (run home)
[LIFT] Height: unknown (run home)
[LIFT] Height: unknown (run home)
[LIFT] Height: unknown (run home)
[PicoLift] sent 'status'
[LIFT] Upper limit: clear
[LIFT] Lower limit: clear
[LIFT] Motion: UP
[LIFT] Velocity: 0.00 mm/s
[LIFT] Capabilities: lift_velocity_v1
[PicoLift] firmware capabilities: lift_velocity_v1
[LIFT] Height: unknown (run home)
[LIFT] V_Compute: 28.099 V
[LIFT] V_Motors: 27.295 V
[LIFT] Height: unknown (run home)
[LIFT] Height: unknown (run home)
[LIFT] Height: unknown (run home)
[LIFT] Height: unknown (run home)
[LIFT] Height: unknown (run home)
[LIFT] Height: unknown (run home)
[LIFT] Height: unknown (run home)
[LIFT] Height: unknown (run home)
[LIFT] Height: unknown (run home)
[LIFT] Height: unknown (run home)
[LIFT] Height: unknown (run home)
[LIFT] Height: unknown (run home)
[LIFT] Height: unknown (run home)
[LIFT] Height: unknown (run home)
[LIFT] Height: unknown (run home)
[LIFT] Height: unknown (run home)
[LIFT] Height: unknown (run home)
[LIFT] Height: unknown (run home)
[PicoLift] sent 'status'
[LIFT] Upper limit: clear
[LIFT] Lower limit: clear
[LIFT] Motion: UP
[LIFT] Velocity: 0.00 mm/s
[LIFT] Capabilities: lift_velocity_v1
[PicoLift] firmware capabilities: lift_velocity_v1
[LIFT] Height: unknown (run home)
[LIFT] V_Compute: 28.109 V
[LIFT] V_Motors: 27.290 V
[LIFT] Height: unknown (run home)
[LIFT] Height: unknown (run home)
[LIFT] Height: unknown (run home)
[LIFT] Height: unknown (run home)
[LIFT] Height: unknown (run home)
[LIFT] Height: unknown (run home)
[LIFT] Height: unknown (run home)
[LIFT] Height: unknown (run home)
[LIFT] Height: unknown (run home)
[LIFT] Height: unknown (run home)
[LIFT] Height: unknown (run home)
[LIFT] Home complete.
[PicoLift] sent 'status'
[PicoLift] sent 'status'
[YOR] lift: home complete at 0.9 m
[YOR] lift: moving to 450 mm from zero
[PicoLift] sent 'down 450.00'
[LIFT] Upper limit: ACTIVE
[LIFT] Lower limit: clear
[LIFT] Motion: IDLE
[LIFT] Velocity: 0.00 mm/s
[LIFT] Capabilities: lift_velocity_v1
[PicoLift] firmware capabilities: lift_velocity_v1
[LIFT] V_Compute: 28.104 V
[LIFT] V_Motors: 27.314 V
[LIFT] Upper limit: ACTIVE
[LIFT] Lower limit: clear
[LIFT] Motion: IDLE
[LIFT] Velocity: 0.00 mm/s
[LIFT] Capabilities: lift_velocity_v1
[PicoLift] firmware capabilities: lift_velocity_v1
[LIFT] Moving DOWN 450.00 mm
[LIFT] V_Compute: 28.105 V
[LIFT] V_Motors: 27.292 V
[LIFT] V_Compute: 28.093 V
[LIFT] V_Motors: 27.305 V
[LIFT] V_Compute: 28.105 V
[LIFT] V_Motors: 27.301 V
[LIFT] V_Compute: 28.072 V
[LIFT] V_Motors: 27.290 V
[LIFT] V_Compute: 28.107 V
[LIFT] V_Motors: 27.298 V
[LIFT] V_Compute: 28.104 V
[LIFT] V_Motors: 27.311 V
[LIFT] V_Compute: 28.100 V
[LIFT] V_Motors: 27.309 V
[LIFT] V_Compute: 28.101 V
[LIFT] V_Motors: 27.298 V
[LIFT] V_Compute: 28.109 V
[LIFT] V_Motors: 27.292 V
[LIFT] V_Compute: 28.101 V
[LIFT] V_Motors: 27.300 V
[LIFT] V_Compute: 28.093 V
[LIFT] V_Motors: 27.304 V
[LIFT] V_Compute: 28.103 V
[LIFT] V_Motors: 27.294 V
[LIFT] V_Compute: 28.101 V
[LIFT] V_Motors: 27.299 V
[LIFT] V_Compute: 28.100 V
[LIFT] V_Motors: 27.292 V
[LIFT] V_Compute: 28.079 V
[LIFT] V_Motors: 27.306 V
[LIFT] V_Compute: 28.096 V
[LIFT] V_Motors: 27.304 V
[LIFT] V_Compute: 28.114 V
[LIFT] V_Motors: 27.302 V
[LIFT] V_Compute: 28.107 V
[LIFT] V_Motors: 27.304 V
[PicoLift] sent 'stop'
[YOR] lift: startup position 0.45176900000000003 m
[LIFT] Motion stopped by user.
[LIFT] V_Compute: 28.101 V
[LIFT] V_Motors: 27.317 V
[LIFT] V_Compute: 28.083 V
[LIFT] V_Motors: 27.302 V
[LIFT] V_Compute: 28.101 V
[LIFT] V_Motors: 27.317 V
[LIFT] V_Compute: 28.109 V
[LIFT] V_Motors: 27.316 V
[LIFT] V_Compute: 28.104 V
[LIFT] V_Motors: 27.320 V
[LIFT] V_Compute: 28.106 V
[LIFT] V_Motors: 27.316 V
[LIFT] V_Compute: 28.101 V
[LIFT] V_Motors: 27.320 V
[LIFT] V_Compute: 28.100 V
[LIFT] V_Motors: 27.321 V
[LIFT] V_Compute: 28.100 V
[LIFT] V_Motors: 27.315 V
[LIFT] V_Compute: 28.106 V
[LIFT] V_Motors: 27.314 V
[LIFT] V_Compute: 28.095 V
[LIFT] V_Motors: 27.270 V
[LIFT] V_Compute: 28.085 V
[LIFT] V_Motors: 27.310 V
[LIFT] V_Compute: 28.100 V
[LIFT] V_Motors: 27.317 V
[LIFT] V_Compute: 28.106 V
[LIFT] V_Motors: 27.317 V
[LIFT] V_Compute: 28.101 V
[LIFT] V_Motors: 27.317 V
[LIFT] V_Compute: 28.106 V
[LIFT] V_Motors: 27.316 V
[LIFT] V_Compute: 28.101 V
[LIFT] V_Motors: 27.317 V
[LIFT] V_Compute: 28.105 V
[LIFT] V_Motors: 27.322 V
[LIFT] V_Compute: 28.103 V
[LIFT] V_Motors: 27.314 V
[LIFT] V_Compute: 28.104 V
[LIFT] V_Motors: 27.320 V
[LIFT] V_Compute: 28.097 V
[LIFT] V_Motors: 27.316 V
[LIFT] V_Compute: 28.100 V
[LIFT] V_Motors: 27.317 V
[LIFT] V_Compute: 28.105 V
[LIFT] V_Motors: 27.317 V
[LIFT] V_Compute: 28.100 V
[LIFT] V_Motors: 27.315 V
[LIFT] V_Compute: 28.096 V
[LIFT] V_Motors: 27.319 V
[LIFT] V_Compute: 28.091 V
[LIFT] V_Motors: 27.311 V
[LIFT] V_Compute: 28.101 V
[LIFT] V_Motors: 27.316 V
[LIFT] V_Compute: 28.101 V
[LIFT] V_Motors: 27.317 V
[LIFT] V_Compute: 28.100 V
[LIFT] V_Motors: 27.312 V
[LIFT] V_Compute: 28.091 V
[LIFT] V_Motors: 27.310 V
[LIFT] V_Compute: 28.095 V
[LIFT] V_Motors: 27.312 V
[LIFT] V_Compute: 28.095 V
[LIFT] V_Motors: 27.310 V
[LIFT] V_Compute: 28.090 V
[LIFT] V_Motors: 27.308 V
[LIFT] V_Compute: 28.086 V
[LIFT] V_Motors: 27.304 V
[LIFT] V_Compute: 28.096 V
[LIFT] V_Motors: 27.305 V
[LIFT] V_Compute: 28.091 V
[LIFT] V_Motors: 27.310 V
[LIFT] V_Compute: 28.097 V
[LIFT] V_Motors: 27.308 V
[LIFT] V_Compute: 28.091 V
[LIFT] V_Motors: 27.311 V
[LIFT] V_Compute: 28.090 V
[LIFT] V_Motors: 27.312 V
[LIFT] V_Compute: 28.096 V
[LIFT] V_Motors: 27.311 V
[LIFT] V_Compute: 28.093 V
[LIFT] V_Motors: 27.306 V
[LIFT] V_Compute: 28.094 V
[LIFT] V_Motors: 27.306 V
[LIFT] V_Compute: 28.089 V
[LIFT] V_Motors: 27.305 V
[LIFT] V_Compute: 28.093 V
[LIFT] V_Motors: 27.310 V
[LIFT] V_Compute: 28.090 V
[LIFT] V_Motors: 27.305 V
[LIFT] V_Compute: 28.087 V
[LIFT] V_Motors: 27.304 V
[LIFT] V_Compute: 28.087 V
[LIFT] V_Motors: 27.305 V
[LIFT] V_Compute: 28.090 V
[LIFT] V_Motors: 27.304 V
[LIFT] V_Compute: 28.086 V
[LIFT] V_Motors: 27.309 V
[LIFT] V_Compute: 28.085 V
[LIFT] V_Motors: 27.305 V
[LIFT] V_Compute: 28.095 V
[LIFT] V_Motors: 27.309 V
[LIFT] V_Compute: 28.090 V
[LIFT] V_Motors: 27.310 V
[LIFT] V_Compute: 28.095 V
[LIFT] V_Motors: 27.305 V
[LIFT] V_Compute: 28.084 V
[LIFT] V_Motors: 27.312 V
[LIFT] V_Compute: 28.095 V
[LIFT] V_Motors: 27.309 V
[LIFT] V_Compute: 28.093 V
[LIFT] V_Motors: 27.309 V
[LIFT] V_Compute: 28.094 V
[LIFT] V_Motors: 27.310 V
[LIFT] V_Compute: 28.091 V
[LIFT] V_Motors: 27.306 V
[LIFT] V_Compute: 28.087 V
[LIFT] V_Motors: 27.314 V
[LIFT] V_Compute: 28.091 V
[LIFT] V_Motors: 27.301 V
[LIFT] V_Compute: 28.091 V
[LIFT] V_Motors: 27.301 V
[LIFT] V_Compute: 28.095 V
[LIFT] V_Motors: 27.312 V
[LIFT] V_Compute: 28.087 V
[LIFT] V_Motors: 27.308 V
[LIFT] V_Compute: 28.087 V
[LIFT] V_Motors: 27.302 V
[LIFT] V_Compute: 28.087 V
[LIFT] V_Motors: 27.306 V
[LIFT] V_Compute: 28.081 V
[LIFT] V_Motors: 27.298 V
[LIFT] V_Compute: 28.080 V
[LIFT] V_Motors: 27.291 V
[LIFT] V_Compute: 28.085 V
[LIFT] V_Motors: 27.294 V
[LIFT] V_Compute: 28.074 V
[LIFT] V_Motors: 27.291 V
[LIFT] V_Compute: 28.083 V
[LIFT] V_Motors: 27.304 V
[LIFT] V_Compute: 28.079 V
[LIFT] V_Motors: 27.299 V
[LIFT] V_Compute: 28.084 V
[LIFT] V_Motors: 27.298 V
[LIFT] V_Compute: 28.086 V
[LIFT] V_Motors: 27.309 V
[LIFT] V_Compute: 28.080 V
[LIFT] V_Motors: 27.296 V
[LIFT] V_Compute: 28.085 V
[LIFT] V_Motors: 27.309 V
[LIFT] V_Compute: 28.091 V
[LIFT] V_Motors: 27.302 V
[LIFT] V_Compute: 28.087 V
[LIFT] V_Motors: 27.305 V
[LIFT] V_Compute: 28.094 V
[LIFT] V_Motors: 27.304 V
[LIFT] V_Compute: 28.087 V
[LIFT] V_Motors: 27.308 V
[LIFT] V_Compute: 28.084 V
[LIFT] V_Motors: 27.302 V
[LIFT] V_Compute: 28.093 V
[LIFT] V_Motors: 27.309 V
[LIFT] V_Compute: 28.090 V
[LIFT] V_Motors: 27.305 V
[LIFT] V_Compute: 28.093 V
[LIFT] V_Motors: 27.311 V
[LIFT] V_Compute: 28.094 V
[LIFT] V_Motors: 27.308 V
SLAM pose subscriber initialized
[YOR] follow_path: n=22 first=(-0.013800019025802635, 0.003799962997436346) last=(4.086199980974198, -0.7462000370025637)
[LIFT] V_Compute: 28.080 V
[LIFT] V_Motors: 27.253 V
[LIFT] V_Compute: 28.084 V
[LIFT] V_Motors: 27.271 V
[LIFT] V_Compute: 28.090 V
[LIFT] V_Motors: 27.279 V
[LIFT] V_Compute: 28.086 V
[LIFT] V_Motors: 27.265 V
[LIFT] V_Compute: 28.084 V
[LIFT] V_Motors: 27.275 V
[LIFT] V_Compute: 28.075 V
[LIFT] V_Motors: 27.264 V
[LIFT] V_Compute: 28.074 V
[LIFT] V_Motors: 27.269 V
[LIFT] V_Compute: 28.089 V
[LIFT] V_Motors: 27.267 V
[LIFT] V_Compute: 28.077 V
[LIFT] V_Motors: 27.255 V
[LIFT] V_Compute: 28.084 V
[LIFT] V_Motors: 27.264 V
[LIFT] V_Compute: 28.085 V
[LIFT] V_Motors: 27.261 V
[LIFT] V_Compute: 28.081 V
[LIFT] V_Motors: 27.280 V
[LIFT] V_Compute: 28.081 V
[LIFT] V_Motors: 27.257 V
[LIFT] V_Compute: 28.080 V
[LIFT] V_Motors: 27.261 V
[LIFT] V_Compute: 28.090 V
[LIFT] V_Motors: 27.264 V
[LIFT] V_Compute: 28.091 V
[LIFT] V_Motors: 27.276 V
[LIFT] V_Compute: 28.089 V
[LIFT] V_Motors: 27.267 V
[LIFT] V_Compute: 28.093 V
[LIFT] V_Motors: 27.265 V
[LIFT] V_Compute: 28.094 V
[LIFT] V_Motors: 27.261 V
[LIFT] V_Compute: 28.094 V
[LIFT] V_Motors: 27.257 V
[LIFT] V_Compute: 28.090 V
[LIFT] V_Motors: 27.256 V
[LIFT] V_Compute: 28.085 V
[LIFT] V_Motors: 27.265 V
[LIFT] V_Compute: 28.079 V
[LIFT] V_Motors: 27.251 V
[LIFT] V_Compute: 28.081 V
[LIFT] V_Motors: 27.294 V
[LIFT] V_Compute: 28.091 V
[LIFT] V_Motors: 27.254 V
[LIFT] V_Compute: 28.086 V
[LIFT] V_Motors: 27.298 V
[LIFT] V_Compute: 28.085 V
[LIFT] V_Motors: 27.301 V
[LIFT] V_Compute: 28.093 V
[LIFT] V_Motors: 27.294 V
[LIFT] V_Compute: 28.089 V
[LIFT] V_Motors: 27.300 V
[LIFT] V_Compute: 28.085 V
[LIFT] V_Motors: 27.295 V
[LIFT] V_Compute: 28.086 V
[LIFT] V_Motors: 27.304 V
[LIFT] V_Compute: 28.091 V
[LIFT] V_Motors: 27.304 V
[LIFT] V_Compute: 28.090 V
[LIFT] V_Motors: 27.304 V
[LIFT] V_Compute: 28.087 V
[LIFT] V_Motors: 27.301 V
[LIFT] V_Compute: 28.080 V
[LIFT] V_Motors: 27.295 V
[LIFT] V_Compute: 28.084 V
[LIFT] V_Motors: 27.298 V
[LIFT] V_Compute: 28.085 V
[LIFT] V_Motors: 27.302 V
[LIFT] V_Compute: 28.085 V
[LIFT] V_Motors: 27.304 V
[LIFT] V_Compute: 28.087 V
[LIFT] V_Motors: 27.305 V
[LIFT] V_Compute: 28.086 V
[LIFT] V_Motors: 27.298 V
[LIFT] V_Compute: 28.085 V
[LIFT] V_Motors: 27.306 V
[YOR] follow_path: cleared
[LIFT] V_Compute: 28.089 V
[LIFT] V_Motors: 27.304 V
[LIFT] V_Compute: 28.090 V
[LIFT] V_Motors: 27.296 V
[YOR] follow_path: n=1 first=(4.086199980974198, -0.7462000370025637) last=(4.086199980974198, -0.7462000370025637)
[YOR] follow_path: cleared
[LIFT] V_Compute: 28.089 V
[LIFT] V_Motors: 27.301 V
[LIFT] V_Compute: 28.091 V
[LIFT] V_Motors: 27.305 V
[LIFT] V_Compute: 28.090 V
[LIFT] V_Motors: 27.299 V
[LIFT] V_Compute: 28.084 V
[LIFT] V_Motors: 27.305 V
[LIFT] V_Compute: 28.090 V
[LIFT] V_Motors: 27.302 V
[LIFT] V_Compute: 28.085 V
[LIFT] V_Motors: 27.300 V
[YOR] follow_path: cleared
[LIFT] V_Compute: 28.084 V
[LIFT] V_Motors: 27.301 V
[LIFT] V_Compute: 28.090 V
[LIFT] V_Motors: 27.302 V
[LIFT] V_Compute: 28.091 V
[LIFT] V_Motors: 27.306 V
[LIFT] V_Compute: 28.090 V
[LIFT] V_Motors: 27.302 V
[LIFT] V_Compute: 28.093 V
[LIFT] V_Motors: 27.305 V
[LIFT] V_Compute: 28.093 V
[LIFT] V_Motors: 27.310 V
[LIFT] V_Compute: 28.091 V
[LIFT] V_Motors: 27.309 V
[LIFT] V_Compute: 28.095 V
[LIFT] V_Motors: 27.308 V
[LIFT] V_Compute: 28.091 V
[LIFT] V_Motors: 27.309 V
[LIFT] V_Compute: 28.091 V
[LIFT] V_Motors: 27.312 V
[LIFT] V_Compute: 28.097 V
[LIFT] V_Motors: 27.310 V
[LIFT] V_Compute: 28.094 V
[LIFT] V_Motors: 27.311 V
[LIFT] V_Compute: 28.101 V
[LIFT] V_Motors: 27.310 V
[LIFT] V_Compute: 28.086 V
[LIFT] V_Motors: 27.306 V
[LIFT] V_Compute: 28.095 V
[LIFT] V_Motors: 27.314 V
[LIFT] V_Compute: 28.096 V
[LIFT] V_Motors: 27.309 V
[LIFT] V_Compute: 28.093 V
[LIFT] V_Motors: 27.308 V
[LIFT] V_Compute: 28.090 V
[LIFT] V_Motors: 27.314 V
[LIFT] V_Compute: 28.091 V
[LIFT] V_Motors: 27.314 V
[LIFT] V_Compute: 28.086 V
[LIFT] V_Motors: 27.314 V
[LIFT] V_Compute: 28.091 V
[LIFT] V_Motors: 27.310 V
[LIFT] V_Compute: 28.094 V
[LIFT] V_Motors: 27.310 V
[LIFT] V_Compute: 28.095 V
[LIFT] V_Motors: 27.310 V
[LIFT] V_Compute: 28.089 V
[LIFT] V_Motors: 27.301 V
[LIFT] V_Compute: 28.089 V
[LIFT] V_Motors: 27.300 V
[LIFT] V_Compute: 28.086 V
[LIFT] V_Motors: 27.299 V
[LIFT] V_Compute: 28.093 V
[LIFT] V_Motors: 27.301 V
[LIFT] V_Compute: 28.080 V
[LIFT] V_Motors: 27.301 V
[LIFT] V_Compute: 28.084 V
[LIFT] V_Motors: 27.298 V
[LIFT] V_Compute: 28.093 V
[LIFT] V_Motors: 27.306 V
[LIFT] V_Compute: 28.086 V
[LIFT] V_Motors: 27.299 V
[LIFT] V_Compute: 28.084 V
[LIFT] V_Motors: 27.300 V
[LIFT] V_Compute: 28.086 V
[LIFT] V_Motors: 27.300 V
[LIFT] V_Compute: 28.090 V
[LIFT] V_Motors: 27.296 V
[LIFT] V_Compute: 28.086 V
[LIFT] V_Motors: 27.305 V
[LIFT] V_Compute: 28.090 V
[LIFT] V_Motors: 27.301 V
[LIFT] V_Compute: 28.091 V
[LIFT] V_Motors: 27.301 V
[LIFT] V_Compute: 28.086 V
[LIFT] V_Motors: 27.300 V
[LIFT] V_Compute: 28.089 V
[LIFT] V_Motors: 27.301 V
[LIFT] V_Compute: 28.081 V
[LIFT] V_Motors: 27.302 V
[LIFT] V_Compute: 28.087 V
[LIFT] V_Motors: 27.299 V
[LIFT] V_Compute: 28.076 V
[LIFT] V_Motors: 27.298 V
[LIFT] V_Compute: 28.089 V
[LIFT] V_Motors: 27.304 V
[LIFT] V_Compute: 28.081 V
[LIFT] V_Motors: 27.302 V
[LIFT] V_Compute: 28.093 V
[LIFT] V_Motors: 27.296 V
[LIFT] V_Compute: 28.084 V
[LIFT] V_Motors: 27.302 V
[LIFT] V_Compute: 28.087 V
[LIFT] V_Motors: 27.299 V
[LIFT] V_Compute: 28.093 V
[LIFT] V_Motors: 27.257 V
[LIFT] V_Compute: 28.083 V
[LIFT] V_Motors: 27.274 V
[LIFT] V_Compute: 28.086 V
[LIFT] V_Motors: 27.254 V
[LIFT] V_Compute: 28.077 V
[LIFT] V_Motors: 27.259 V
[LIFT] V_Compute: 28.083 V
[LIFT] V_Motors: 27.241 V
[LIFT] V_Compute: 28.091 V
[LIFT] V_Motors: 27.277 V
[LIFT] V_Compute: 28.095 V
[LIFT] V_Motors: 27.276 V
[LIFT] V_Compute: 28.076 V
[LIFT] V_Motors: 27.245 V
[LIFT] V_Compute: 28.086 V
[LIFT] V_Motors: 27.261 V
[LIFT] V_Compute: 28.086 V
[LIFT] V_Motors: 27.264 V
[LIFT] V_Compute: 28.069 V
[LIFT] V_Motors: 27.239 V
[LIFT] V_Compute: 28.072 V
[LIFT] V_Motors: 27.254 V
[LIFT] V_Compute: 28.091 V
[LIFT] V_Motors: 27.271 V
[LIFT] V_Compute: 28.090 V
[LIFT] V_Motors: 27.240 V
[LIFT] V_Compute: 28.087 V
[LIFT] V_Motors: 27.249 V
[LIFT] V_Compute: 28.089 V
[LIFT] V_Motors: 27.257 V
[LIFT] V_Compute: 28.080 V
[LIFT] V_Motors: 27.257 V
[LIFT] V_Compute: 28.074 V
[LIFT] V_Motors: 27.247 V
[LIFT] V_Compute: 28.084 V
[LIFT] V_Motors: 27.265 V
[LIFT] V_Compute: 28.086 V
[LIFT] V_Motors: 27.254 V
[LIFT] V_Compute: 28.091 V
[LIFT] V_Motors: 27.253 V
[LIFT] V_Compute: 28.083 V
[LIFT] V_Motors: 27.259 V
[LIFT] V_Compute: 28.086 V
[LIFT] V_Motors: 27.239 V
[LIFT] V_Compute: 28.083 V
[LIFT] V_Motors: 27.244 V
[LIFT] V_Compute: 28.090 V
[LIFT] V_Motors: 27.243 V
[LIFT] V_Compute: 28.080 V
[LIFT] V_Motors: 27.251 V
[LIFT] V_Compute: 28.084 V
[LIFT] V_Motors: 27.261 V
[LIFT] V_Compute: 28.081 V
[LIFT] V_Motors: 27.265 V
[LIFT] V_Compute: 28.090 V
[LIFT] V_Motors: 27.255 V
[LIFT] V_Compute: 28.079 V
[LIFT] V_Motors: 27.294 V
[LIFT] V_Compute: 28.067 V
[LIFT] V_Motors: 27.241 V
[LIFT] V_Compute: 28.076 V
[LIFT] V_Motors: 27.266 V
[LIFT] V_Compute: 28.086 V
[LIFT] V_Motors: 27.279 V
[LIFT] V_Compute: 28.080 V
[LIFT] V_Motors: 27.292 V
[LIFT] V_Compute: 28.090 V
[LIFT] V_Motors: 27.296 V
[LIFT] V_Compute: 28.089 V
[LIFT] V_Motors: 27.294 V
[LIFT] V_Compute: 28.086 V
[LIFT] V_Motors: 27.294 V
[LIFT] V_Compute: 28.069 V
[LIFT] V_Motors: 27.277 V
[LIFT] V_Compute: 28.087 V
[LIFT] V_Motors: 27.296 V
[LIFT] V_Compute: 28.077 V
[LIFT] V_Motors: 27.291 V
[LIFT] V_Compute: 28.085 V
[LIFT] V_Motors: 27.291 V
[LIFT] V_Compute: 28.084 V
[LIFT] V_Motors: 27.299 V
[YOR] follow_path: cleared
[LIFT] V_Compute: 28.085 V
[LIFT] V_Motors: 27.298 V
[LIFT] V_Compute: 28.083 V
[LIFT] V_Motors: 27.298 V
[LIFT] V_Compute: 28.085 V
[LIFT] V_Motors: 27.300 V
[LIFT] V_Compute: 28.089 V
[LIFT] V_Motors: 27.298 V
[LIFT] V_Compute: 28.086 V
[LIFT] V_Motors: 27.301 V
[LIFT] V_Compute: 28.094 V
[LIFT] V_Motors: 27.308 V
[LIFT] V_Compute: 28.081 V
[LIFT] V_Motors: 27.305 V
[LIFT] V_Compute: 28.087 V
[LIFT] V_Motors: 27.304 V
[LIFT] V_Compute: 28.079 V
[LIFT] V_Motors: 27.294 V
[LIFT] V_Compute: 28.070 V
[LIFT] V_Motors: 27.298 V
[LIFT] V_Compute: 28.087 V
[LIFT] V_Motors: 27.304 V
[LIFT] V_Compute: 28.093 V
[LIFT] V_Motors: 27.298 V
[LIFT] V_Compute: 28.091 V
[LIFT] V_Motors: 27.300 V
[LIFT] V_Compute: 28.093 V
[LIFT] V_Motors: 27.294 V
[LIFT] V_Compute: 28.091 V
[LIFT] V_Motors: 27.298 V
[LIFT] V_Compute: 28.086 V
[LIFT] V_Motors: 27.298 V
[LIFT] V_Compute: 28.087 V
[LIFT] V_Motors: 27.296 V
[LIFT] V_Compute: 28.083 V
[LIFT] V_Motors: 27.296 V
[LIFT] V_Compute: 28.086 V
[LIFT] V_Motors: 27.299 V
[LIFT] V_Compute: 28.086 V
[LIFT] V_Motors: 27.294 V
[LIFT] V_Compute: 28.089 V
[LIFT] V_Motors: 27.294 V
[LIFT] V_Compute: 28.087 V
[LIFT] V_Motors: 27.291 V
[LIFT] V_Compute: 28.077 V
[LIFT] V_Motors: 27.290 V
[LIFT] V_Compute: 28.085 V
[LIFT] V_Motors: 27.294 V
[LIFT] V_Compute: 28.086 V
[LIFT] V_Motors: 27.300 V
[LIFT] V_Compute: 28.091 V
[LIFT] V_Motors: 27.301 V
[LIFT] V_Compute: 28.085 V
[LIFT] V_Motors: 27.294 V
[LIFT] V_Compute: 28.085 V
[LIFT] V_Motors: 27.296 V
[LIFT] V_Compute: 28.089 V
[LIFT] V_Motors: 27.300 V
[LIFT] V_Compute: 28.083 V
[LIFT] V_Motors: 27.295 V
[LIFT] V_Compute: 28.085 V
[LIFT] V_Motors: 27.291 V
[LIFT] V_Compute: 28.086 V
[LIFT] V_Motors: 27.296 V
[LIFT] V_Compute: 28.090 V
[LIFT] V_Motors: 27.296 V
[LIFT] V_Compute: 28.089 V
[LIFT] V_Motors: 27.296 V
[LIFT] V_Compute: 28.077 V
[LIFT] V_Motors: 27.296 V
[LIFT] V_Compute: 28.086 V
[LIFT] V_Motors: 27.289 V
[LIFT] V_Compute: 28.083 V
[LIFT] V_Motors: 27.298 V
[LIFT] V_Compute: 28.091 V
[LIFT] V_Motors: 27.296 V
[LIFT] V_Compute: 28.083 V
[LIFT] V_Motors: 27.298 V
[YOR] follow_path: n=22 first=(-0.016200000047683738, 0.013899850845336736) last=(4.283799999952317, -0.786100149154664)
[LIFT] V_Compute: 28.079 V
[LIFT] V_Motors: 27.177 V
[LIFT] V_Compute: 28.083 V
[LIFT] V_Motors: 27.230 V
[LIFT] V_Compute: 28.081 V
[LIFT] V_Motors: 27.272 V
[LIFT] V_Compute: 28.083 V
[LIFT] V_Motors: 27.251 V
[LIFT] V_Compute: 28.085 V
[LIFT] V_Motors: 27.241 V
[LIFT] V_Compute: 28.081 V
[LIFT] V_Motors: 27.276 V
[LIFT] V_Compute: 28.085 V
[LIFT] V_Motors: 27.275 V
[LIFT] V_Compute: 28.074 V
[LIFT] V_Motors: 27.269 V
[LIFT] V_Compute: 28.076 V
[LIFT] V_Motors: 27.249 V
[LIFT] V_Compute: 28.081 V
[LIFT] V_Motors: 27.251 V
[LIFT] V_Compute: 28.077 V
[LIFT] V_Motors: 27.263 V
[LIFT] V_Compute: 28.089 V
[LIFT] V_Motors: 27.266 V
[LIFT] V_Compute: 28.077 V
[LIFT] V_Motors: 27.255 V
[LIFT] V_Compute: 28.083 V
[LIFT] V_Motors: 27.265 V
[LIFT] V_Compute: 28.081 V
[LIFT] V_Motors: 27.264 V
[LIFT] V_Compute: 28.089 V
[LIFT] V_Motors: 27.253 V
[LIFT] V_Compute: 28.069 V
[LIFT] V_Motors: 27.259 V
[LIFT] V_Compute: 28.079 V
[LIFT] V_Motors: 27.263 V
[LIFT] V_Compute: 28.091 V
[LIFT] V_Motors: 27.255 V
[LIFT] V_Compute: 28.080 V
[LIFT] V_Motors: 27.261 V
[LIFT] V_Compute: 28.084 V
[LIFT] V_Motors: 27.266 V
[LIFT] V_Compute: 28.087 V
[LIFT] V_Motors: 27.260 V
[LIFT] V_Compute: 28.086 V
[LIFT] V_Motors: 27.257 V
[LIFT] V_Compute: 28.084 V
[LIFT] V_Motors: 27.251 V
[LIFT] V_Compute: 28.083 V
[LIFT] V_Motors: 27.251 V
[LIFT] V_Compute: 28.081 V
[LIFT] V_Motors: 27.289 V
[LIFT] V_Compute: 28.085 V
[LIFT] V_Motors: 27.284 V
[YOR] follow_path: cleared
[LIFT] V_Compute: 28.086 V
[LIFT] V_Motors: 27.291 V
[LIFT] V_Compute: 28.087 V
[LIFT] V_Motors: 27.285 V
[LIFT] V_Compute: 28.083 V
[LIFT] V_Motors: 27.289 V
[LIFT] V_Compute: 28.087 V
[LIFT] V_Motors: 27.290 V
[LIFT] V_Compute: 28.091 V
[LIFT] V_Motors: 27.290 V
[LIFT] V_Compute: 28.090 V
[LIFT] V_Motors: 27.286 V
[LIFT] V_Compute: 28.087 V
[LIFT] V_Motors: 27.289 V
[LIFT] V_Compute: 28.091 V
[LIFT] V_Motors: 27.290 V
[LIFT] V_Compute: 28.087 V
[LIFT] V_Motors: 27.294 V
[LIFT] V_Compute: 28.079 V
[LIFT] V_Motors: 27.290 V
[LIFT] V_Compute: 28.085 V
[LIFT] V_Motors: 27.292 V
[LIFT] V_Compute: 28.081 V
[LIFT] V_Motors: 27.294 V
[LIFT] V_Compute: 28.089 V
[LIFT] V_Motors: 27.291 V
[LIFT] V_Compute: 28.087 V
[LIFT] V_Motors: 27.292 V
[LIFT] V_Compute: 28.075 V
[LIFT] V_Motors: 27.289 V
[LIFT] V_Compute: 28.087 V
[LIFT] V_Motors: 27.289 V
[LIFT] V_Compute: 28.085 V
[LIFT] V_Motors: 27.292 V
[LIFT] V_Compute: 28.085 V
[LIFT] V_Motors: 27.292 V
[YOR] follow_path: n=22 first=(4.283799999952317, -0.786100149154664) last=(-0.016200000047683738, 0.013899850845336736)
[LIFT] V_Compute: 28.086 V
[LIFT] V_Motors: 27.290 V
[YOR] follow_path: cleared
[LIFT] V_Compute: 28.085 V
[LIFT] V_Motors: 27.290 V
[LIFT] V_Compute: 28.087 V
[LIFT] V_Motors: 27.294 V
[LIFT] V_Compute: 28.085 V
[LIFT] V_Motors: 27.295 V
[YOR] follow_path: n=22 first=(4.283799999952317, -0.786100149154664) last=(-0.016200000047683738, 0.013899850845336736)
[LIFT] V_Compute: 28.086 V
[LIFT] V_Motors: 27.245 V
[LIFT] V_Compute: 28.087 V
[LIFT] V_Motors: 27.267 V
[LIFT] V_Compute: 28.081 V
[LIFT] V_Motors: 27.263 V
[LIFT] V_Compute: 28.086 V
[LIFT] V_Motors: 27.263 V
[LIFT] V_Compute: 28.075 V
[LIFT] V_Motors: 27.261 V
[LIFT] V_Compute: 28.080 V
[LIFT] V_Motors: 27.276 V
[LIFT] V_Compute: 28.085 V
[LIFT] V_Motors: 27.274 V
[LIFT] V_Compute: 28.080 V
[LIFT] V_Motors: 27.246 V
[LIFT] V_Compute: 28.077 V
[LIFT] V_Motors: 27.275 V
[LIFT] V_Compute: 28.080 V
[LIFT] V_Motors: 27.271 V
[LIFT] V_Compute: 28.090 V
[LIFT] V_Motors: 27.243 V
[LIFT] V_Compute: 28.079 V
[LIFT] V_Motors: 27.239 V
[LIFT] V_Compute: 28.083 V
[LIFT] V_Motors: 27.256 V
[LIFT] V_Compute: 28.079 V
[LIFT] V_Motors: 27.265 V
[LIFT] V_Compute: 28.085 V
[LIFT] V_Motors: 27.256 V
[LIFT] V_Compute: 28.081 V
[LIFT] V_Motors: 27.246 V
[LIFT] V_Compute: 28.081 V
[LIFT] V_Motors: 27.251 V
[LIFT] V_Compute: 28.084 V
[LIFT] V_Motors: 27.256 V
[LIFT] V_Compute: 28.077 V
[LIFT] V_Motors: 27.263 V
[LIFT] V_Compute: 28.069 V
[LIFT] V_Motors: 27.247 V
[LIFT] V_Compute: 28.079 V
[LIFT] V_Motors: 27.246 V
[LIFT] V_Compute: 28.076 V
[LIFT] V_Motors: 27.250 V
[LIFT] V_Compute: 28.083 V
[LIFT] V_Motors: 27.243 V
[LIFT] V_Compute: 28.083 V
[LIFT] V_Motors: 27.257 V
[LIFT] V_Compute: 28.077 V
[LIFT] V_Motors: 27.255 V
[LIFT] V_Compute: 28.081 V
[LIFT] V_Motors: 27.256 V
[LIFT] V_Compute: 28.081 V
[LIFT] V_Motors: 27.251 V
[LIFT] V_Compute: 28.080 V
[LIFT] V_Motors: 27.259 V
[LIFT] V_Compute: 28.083 V
[LIFT] V_Motors: 27.254 V
[LIFT] V_Compute: 28.077 V
[LIFT] V_Motors: 27.236 V
[LIFT] V_Compute: 28.083 V
[LIFT] V_Motors: 27.255 V
[LIFT] V_Compute: 28.081 V
[LIFT] V_Motors: 27.251 V
[LIFT] V_Compute: 28.089 V
[LIFT] V_Motors: 27.234 V
[LIFT] V_Compute: 28.079 V
[LIFT] V_Motors: 27.265 V
[LIFT] V_Compute: 28.080 V
[LIFT] V_Motors: 27.259 V
[LIFT] V_Compute: 28.081 V
[LIFT] V_Motors: 27.257 V
[LIFT] V_Compute: 28.085 V
[LIFT] V_Motors: 27.235 V
[LIFT] V_Compute: 28.081 V
[LIFT] V_Motors: 27.275 V
[LIFT] V_Compute: 28.085 V
[LIFT] V_Motors: 27.263 V
[LIFT] V_Compute: 28.079 V
[LIFT] V_Motors: 27.289 V
[LIFT] V_Compute: 28.079 V
[LIFT] V_Motors: 27.275 V
[LIFT] V_Compute: 28.087 V
[LIFT] V_Motors: 27.281 V
[LIFT] V_Compute: 28.075 V
[LIFT] V_Motors: 27.281 V
[LIFT] V_Compute: 28.093 V
[LIFT] V_Motors: 27.218 V
[LIFT] V_Compute: 28.087 V
[LIFT] V_Motors: 27.247 V
[LIFT] V_Compute: 28.074 V
[LIFT] V_Motors: 27.266 V
[LIFT] V_Compute: 28.076 V
[LIFT] V_Motors: 27.280 V
[LIFT] V_Compute: 28.086 V
[LIFT] V_Motors: 27.282 V
[YOR] follow_path: cleared
[LIFT] V_Compute: 28.085 V
[LIFT] V_Motors: 27.282 V
[LIFT] V_Compute: 28.081 V
[LIFT] V_Motors: 27.289 V
[LIFT] V_Compute: 28.087 V
[LIFT] V_Motors: 27.281 V
[LIFT] V_Compute: 28.084 V
[LIFT] V_Motors: 27.289 V
[LIFT] V_Compute: 28.081 V
[LIFT] V_Motors: 27.285 V
[LIFT] V_Compute: 28.086 V
[LIFT] V_Motors: 27.292 V
[LIFT] V_Compute: 28.084 V
[LIFT] V_Motors: 27.281 V
[LIFT] V_Compute: 28.079 V
[LIFT] V_Motors: 27.285 V
[LIFT] V_Compute: 28.081 V
[LIFT] V_Motors: 27.288 V
[LIFT] V_Compute: 28.081 V
[LIFT] V_Motors: 27.290 V
[LIFT] V_Compute: 28.071 V
[LIFT] V_Motors: 27.290 V
[LIFT] V_Compute: 28.084 V
[LIFT] V_Motors: 27.289 V
[LIFT] V_Compute: 28.081 V
[LIFT] V_Motors: 27.288 V
[LIFT] V_Compute: 28.075 V
[LIFT] V_Motors: 27.286 V
[LIFT] V_Compute: 28.085 V
[LIFT] V_Motors: 27.286 V
[LIFT] V_Compute: 28.081 V
[LIFT] V_Motors: 27.281 V
[LIFT] V_Compute: 28.083 V
[LIFT] V_Motors: 27.285 V
[LIFT] V_Compute: 28.077 V
[LIFT] V_Motors: 27.285 V
[LIFT] V_Compute: 28.061 V
[LIFT] V_Motors: 27.266 V
[LIFT] V_Compute: 28.074 V
[LIFT] V_Motors: 27.290 V
[LIFT] V_Compute: 28.079 V
[LIFT] V_Motors: 27.289 V
[LIFT] V_Compute: 28.083 V
[LIFT] V_Motors: 27.284 V
[LIFT] V_Compute: 28.083 V
[LIFT] V_Motors: 27.286 V
[LIFT] V_Compute: 28.083 V
[LIFT] V_Motors: 27.288 V
[LIFT] V_Compute: 28.087 V
[LIFT] V_Motors: 27.288 V
[LIFT] V_Compute: 28.081 V
[LIFT] V_Motors: 27.294 V
[LIFT] V_Compute: 28.084 V
[LIFT] V_Motors: 27.286 V
[LIFT] V_Compute: 28.084 V
[LIFT] V_Motors: 27.290 V
[LIFT] V_Compute: 28.079 V
[LIFT] V_Motors: 27.286 V
[LIFT] V_Compute: 28.064 V
[LIFT] V_Motors: 27.274 V
[LIFT] V_Compute: 28.083 V
[LIFT] V_Motors: 27.288 V
[LIFT] V_Compute: 28.077 V
[LIFT] V_Motors: 27.284 V
[LIFT] V_Compute: 28.077 V
[LIFT] V_Motors: 27.289 V
[LIFT] V_Compute: 28.083 V
[LIFT] V_Motors: 27.282 V
[LIFT] V_Compute: 28.080 V
[LIFT] V_Motors: 27.286 V
[LIFT] V_Compute: 28.067 V
[LIFT] V_Motors: 27.288 V
[LIFT] V_Compute: 28.076 V
[LIFT] V_Motors: 27.286 V
[LIFT] V_Compute: 28.076 V
[LIFT] V_Motors: 27.286 V
[LIFT] V_Compute: 28.077 V
[LIFT] V_Motors: 27.286 V
[LIFT] V_Compute: 28.076 V
[LIFT] V_Motors: 27.286 V
[LIFT] V_Compute: 28.080 V
[LIFT] V_Motors: 27.284 V
[LIFT] V_Compute: 28.070 V
[LIFT] V_Motors: 27.290 V
[LIFT] V_Compute: 28.083 V
[LIFT] V_Motors: 27.290 V
[LIFT] V_Compute: 28.079 V
[LIFT] V_Motors: 27.288 V
[LIFT] V_Compute: 28.083 V
[LIFT] V_Motors: 27.286 V
[LIFT] V_Compute: 28.079 V
[LIFT] V_Motors: 27.292 V
[LIFT] V_Compute: 28.077 V
[LIFT] V_Motors: 27.285 V
[LIFT] V_Compute: 28.083 V
[LIFT] V_Motors: 27.288 V
[LIFT] V_Compute: 28.074 V
[LIFT] V_Motors: 27.281 V
[LIFT] V_Compute: 28.072 V
[LIFT] V_Motors: 27.290 V
[LIFT] V_Compute: 28.084 V
[LIFT] V_Motors: 27.292 V
[LIFT] V_Compute: 28.079 V
[LIFT] V_Motors: 27.295 V
[LIFT] V_Compute: 28.066 V
[LIFT] V_Motors: 27.276 V
[LIFT] V_Compute: 28.080 V
[LIFT] V_Motors: 27.292 V
[LIFT] V_Compute: 28.079 V
[LIFT] V_Motors: 27.282 V
[LIFT] V_Compute: 28.076 V
[LIFT] V_Motors: 27.289 V
[LIFT] V_Compute: 28.077 V
[LIFT] V_Motors: 27.289 V
[LIFT] V_Compute: 28.084 V
[LIFT] V_Motors: 27.291 V
[LIFT] V_Compute: 28.080 V
[LIFT] V_Motors: 27.286 V
[LIFT] V_Compute: 28.081 V
[LIFT] V_Motors: 27.286 V
[YOR] follow_path: cleared
[LIFT] V_Compute: 28.086 V
[LIFT] V_Motors: 27.290 V
[LIFT] V_Compute: 28.084 V
[LIFT] V_Motors: 27.299 V
[LIFT] V_Compute: 28.084 V
[LIFT] V_Motors: 27.296 V
[LIFT] V_Compute: 28.085 V
[LIFT] V_Motors: 27.295 V
[LIFT] V_Compute: 28.086 V
[LIFT] V_Motors: 27.299 V
[LIFT] V_Compute: 28.086 V
[LIFT] V_Motors: 27.299 V
[LIFT] V_Compute: 28.075 V
[LIFT] V_Motors: 27.300 V
[LIFT] V_Compute: 28.085 V
[LIFT] V_Motors: 27.295 V
[LIFT] V_Compute: 28.076 V
[LIFT] V_Motors: 27.301 V
[LIFT] V_Compute: 28.067 V
[LIFT] V_Motors: 27.291 V
[LIFT] V_Compute: 28.079 V
[LIFT] V_Motors: 27.286 V
[LIFT] V_Compute: 28.090 V
[LIFT] V_Motors: 27.298 V
[LIFT] V_Compute: 28.076 V
[LIFT] V_Motors: 27.289 V
[LIFT] V_Compute: 28.094 V
[LIFT] V_Motors: 27.300 V
[LIFT] V_Compute: 28.084 V
[LIFT] V_Motors: 27.300 V
[LIFT] V_Compute: 28.077 V
[LIFT] V_Motors: 27.292 V
[LIFT] V_Compute: 28.093 V
[LIFT] V_Motors: 27.301 V
[LIFT] V_Compute: 28.094 V
[LIFT] V_Motors: 27.304 V
[LIFT] V_Compute: 28.091 V
[LIFT] V_Motors: 27.304 V
[LIFT] V_Compute: 28.094 V
[LIFT] V_Motors: 27.298 V
[LIFT] V_Compute: 28.079 V
[LIFT] V_Motors: 27.286 V
[LIFT] V_Compute: 28.094 V
[LIFT] V_Motors: 27.300 V
[LIFT] V_Compute: 28.093 V
[LIFT] V_Motors: 27.302 V
[LIFT] V_Compute: 28.091 V
[LIFT] V_Motors: 27.301 V
[LIFT] V_Compute: 28.089 V
[LIFT] V_Motors: 27.302 V
[LIFT] V_Compute: 28.093 V
[LIFT] V_Motors: 27.299 V
[LIFT] V_Compute: 28.096 V
[LIFT] V_Motors: 27.299 V
[LIFT] V_Compute: 28.089 V
[LIFT] V_Motors: 27.306 V
[LIFT] V_Compute: 28.095 V
[LIFT] V_Motors: 27.300 V
[LIFT] V_Compute: 28.087 V
[LIFT] V_Motors: 27.302 V
[LIFT] V_Compute: 28.090 V
[LIFT] V_Motors: 27.300 V
[LIFT] V_Compute: 28.090 V
[LIFT] V_Motors: 27.299 V
[LIFT] V_Compute: 28.080 V
[LIFT] V_Motors: 27.296 V
[LIFT] V_Compute: 28.077 V
[LIFT] V_Motors: 27.296 V
[LIFT] V_Compute: 28.093 V
[LIFT] V_Motors: 27.305 V
[LIFT] V_Compute: 28.091 V
[LIFT] V_Motors: 27.300 V
[LIFT] V_Compute: 28.095 V
[LIFT] V_Motors: 27.304 V
[LIFT] V_Compute: 28.069 V
[LIFT] V_Motors: 27.285 V
[LIFT] V_Compute: 28.087 V
[LIFT] V_Motors: 27.302 V
[LIFT] V_Compute: 28.089 V
[LIFT] V_Motors: 27.300 V
[LIFT] V_Compute: 28.093 V
[LIFT] V_Motors: 27.301 V
[LIFT] V_Compute: 28.089 V
[LIFT] V_Motors: 27.302 V
[LIFT] V_Compute: 28.095 V
[LIFT] V_Motors: 27.304 V
[LIFT] V_Compute: 28.089 V
[LIFT] V_Motors: 27.300 V
[LIFT] V_Compute: 28.093 V
[LIFT] V_Motors: 27.301 V
[LIFT] V_Compute: 28.091 V
[LIFT] V_Motors: 27.299 V
[LIFT] V_Compute: 28.093 V
[LIFT] V_Motors: 27.304 V
[LIFT] V_Compute: 28.094 V
[LIFT] V_Motors: 27.302 V
[LIFT] V_Compute: 28.085 V
[LIFT] V_Motors: 27.298 V
[LIFT] V_Compute: 28.076 V
[LIFT] V_Motors: 27.290 V
[LIFT] V_Compute: 28.086 V
[LIFT] V_Motors: 27.305 V
[LIFT] V_Compute: 28.096 V
[LIFT] V_Motors: 27.306 V
[LIFT] V_Compute: 28.093 V
[LIFT] V_Motors: 27.305 V
[LIFT] V_Compute: 28.086 V
[LIFT] V_Motors: 27.306 V
[LIFT] V_Compute: 28.081 V
[LIFT] V_Motors: 27.292 V
[LIFT] V_Compute: 28.087 V
[LIFT] V_Motors: 27.300 V
[LIFT] V_Compute: 28.090 V
[LIFT] V_Motors: 27.301 V
[LIFT] V_Compute: 28.094 V
[LIFT] V_Motors: 27.300 V
[LIFT] V_Compute: 28.096 V
[LIFT] V_Motors: 27.306 V
[LIFT] V_Compute: 28.094 V
[LIFT] V_Motors: 27.304 V
[LIFT] V_Compute: 28.094 V
[LIFT] V_Motors: 27.301 V
[LIFT] V_Compute: 28.085 V
[LIFT] V_Motors: 27.302 V
[LIFT] V_Compute: 28.096 V
[LIFT] V_Motors: 27.299 V
[LIFT] V_Compute: 28.091 V
[LIFT] V_Motors: 27.300 V
[LIFT] V_Compute: 28.089 V
[LIFT] V_Motors: 27.302 V
[LIFT] V_Compute: 28.093 V
[LIFT] V_Motors: 27.306 V
[LIFT] V_Compute: 28.093 V
[LIFT] V_Motors: 27.299 V
[LIFT] V_Compute: 28.091 V
[LIFT] V_Motors: 27.304 V
[LIFT] V_Compute: 28.089 V
[LIFT] V_Motors: 27.304 V
[LIFT] V_Compute: 28.094 V
[LIFT] V_Motors: 27.302 V
[LIFT] V_Compute: 28.086 V
[LIFT] V_Motors: 27.305 V
[LIFT] V_Compute: 28.090 V
[LIFT] V_Motors: 27.305 V
[LIFT] V_Compute: 28.090 V
[LIFT] V_Motors: 27.300 V
[LIFT] V_Compute: 28.091 V
[LIFT] V_Motors: 27.300 V
[LIFT] V_Compute: 28.090 V
[LIFT] V_Motors: 27.304 V
[LIFT] V_Compute: 28.091 V
[LIFT] V_Motors: 27.301 V
[LIFT] V_Compute: 28.084 V
[LIFT] V_Motors: 27.301 V
[LIFT] V_Compute: 28.091 V
[LIFT] V_Motors: 27.305 V
[LIFT] V_Compute: 28.089 V
[LIFT] V_Motors: 27.304 V
[LIFT] V_Compute: 28.099 V
[LIFT] V_Motors: 27.304 V
[LIFT] V_Compute: 28.087 V
[LIFT] V_Motors: 27.308 V
[LIFT] V_Compute: 28.094 V
[LIFT] V_Motors: 27.306 V
[LIFT] V_Compute: 28.074 V
[LIFT] V_Motors: 27.290 V
[LIFT] V_Compute: 28.093 V
[LIFT] V_Motors: 27.305 V
[LIFT] V_Compute: 28.090 V
[LIFT] V_Motors: 27.304 V
[LIFT] V_Compute: 28.099 V
[LIFT] V_Motors: 27.305 V
[LIFT] V_Compute: 28.090 V
[LIFT] V_Motors: 27.304 V
[LIFT] V_Compute: 28.094 V
[LIFT] V_Motors: 27.301 V
[LIFT] V_Compute: 28.091 V
[LIFT] V_Motors: 27.305 V
[LIFT] V_Compute: 28.095 V
[LIFT] V_Motors: 27.309 V
[LIFT] V_Compute: 28.090 V
[LIFT] V_Motors: 27.308 V
[LIFT] V_Compute: 28.093 V
[LIFT] V_Motors: 27.304 V
[LIFT] V_Compute: 28.094 V
[LIFT] V_Motors: 27.308 V
[LIFT] V_Compute: 28.094 V
[LIFT] V_Motors: 27.306 V
[LIFT] V_Compute: 28.084 V
[LIFT] V_Motors: 27.305 V
[LIFT] V_Compute: 28.093 V
[LIFT] V_Motors: 27.306 V
[LIFT] V_Compute: 28.093 V
[LIFT] V_Motors: 27.306 V
[LIFT] V_Compute: 28.089 V
[LIFT] V_Motors: 27.310 V
[LIFT] V_Compute: 28.085 V
[LIFT] V_Motors: 27.298 V
[LIFT] V_Compute: 28.093 V
[LIFT] V_Motors: 27.301 V
[LIFT] V_Compute: 28.090 V
[LIFT] V_Motors: 27.302 V
[LIFT] V_Compute: 28.090 V
[LIFT] V_Motors: 27.302 V
[LIFT] V_Compute: 28.093 V
[LIFT] V_Motors: 27.304 V
[LIFT] V_Compute: 28.093 V
[LIFT] V_Motors: 27.308 V
[LIFT] V_Compute: 28.080 V
[LIFT] V_Motors: 27.299 V
[LIFT] V_Compute: 28.094 V
[LIFT] V_Motors: 27.301 V
[LIFT] V_Compute: 28.093 V
[LIFT] V_Motors: 27.300 V
[LIFT] V_Compute: 28.091 V
[LIFT] V_Motors: 27.299 V
[LIFT] V_Compute: 28.087 V
[LIFT] V_Motors: 27.305 V
[LIFT] V_Compute: 28.084 V
[LIFT] V_Motors: 27.296 V
[LIFT] V_Compute: 28.090 V
[LIFT] V_Motors: 27.304 V
[LIFT] V_Compute: 28.093 V
[LIFT] V_Motors: 27.301 V
[LIFT] V_Compute: 28.070 V
[LIFT] V_Motors: 27.282 V
[LIFT] V_Compute: 28.084 V
[LIFT] V_Motors: 27.298 V
[LIFT] V_Compute: 28.089 V
[LIFT] V_Motors: 27.300 V
[LIFT] V_Compute: 28.094 V
[LIFT] V_Motors: 27.300 V
[LIFT] V_Compute: 28.093 V
[LIFT] V_Motors: 27.304 V
[LIFT] V_Compute: 28.095 V
[LIFT] V_Motors: 27.304 V
[LIFT] V_Compute: 28.090 V
[LIFT] V_Motors: 27.300 V
[LIFT] V_Compute: 28.100 V
[LIFT] V_Motors: 27.301 V
[LIFT] V_Compute: 28.093 V
[LIFT] V_Motors: 27.306 V
[LIFT] V_Compute: 28.094 V
[LIFT] V_Motors: 27.305 V
[LIFT] V_Compute: 28.096 V
[LIFT] V_Motors: 27.299 V
[LIFT] V_Compute: 28.093 V
[LIFT] V_Motors: 27.302 V
[LIFT] V_Compute: 28.097 V
[LIFT] V_Motors: 27.306 V
[LIFT] V_Compute: 28.087 V
[LIFT] V_Motors: 27.305 V
[LIFT] V_Compute: 28.094 V
[LIFT] V_Motors: 27.300 V
[LIFT] V_Compute: 28.093 V
[LIFT] V_Motors: 27.305 V
[LIFT] V_Compute: 28.090 V
[LIFT] V_Motors: 27.305 V
[LIFT] V_Compute: 28.093 V
[LIFT] V_Motors: 27.305 V
[LIFT] V_Compute: 28.087 V
[LIFT] V_Motors: 27.306 V
[LIFT] V_Compute: 28.093 V
[LIFT] V_Motors: 27.304 V
[LIFT] V_Compute: 28.075 V
[LIFT] V_Motors: 27.286 V
[LIFT] V_Compute: 28.091 V
[LIFT] V_Motors: 27.306 V
[LIFT] V_Compute: 28.090 V
[LIFT] V_Motors: 27.308 V
[LIFT] V_Compute: 28.091 V
[LIFT] V_Motors: 27.306 V
[LIFT] V_Compute: 28.093 V
[LIFT] V_Motors: 27.308 V
[LIFT] V_Compute: 28.093 V
[LIFT] V_Motors: 27.306 V
[LIFT] V_Compute: 28.089 V
[LIFT] V_Motors: 27.308 V
[LIFT] V_Compute: 28.091 V
[LIFT] V_Motors: 27.305 V
[LIFT] V_Compute: 28.091 V
[LIFT] V_Motors: 27.300 V
[LIFT] V_Compute: 28.095 V
[LIFT] V_Motors: 27.305 V
[LIFT] V_Compute: 28.094 V
[LIFT] V_Motors: 27.304 V
[LIFT] V_Compute: 28.097 V
[LIFT] V_Motors: 27.302 V
[LIFT] V_Compute: 28.095 V
[LIFT] V_Motors: 27.305 V
[LIFT] V_Compute: 28.086 V
[LIFT] V_Motors: 27.300 V
[LIFT] V_Compute: 28.093 V
[LIFT] V_Motors: 27.306 V
[LIFT] V_Compute: 28.093 V
[LIFT] V_Motors: 27.301 V
[LIFT] V_Compute: 28.091 V
[LIFT] V_Motors: 27.305 V
[LIFT] V_Compute: 28.091 V
[LIFT] V_Motors: 27.302 V
[LIFT] V_Compute: 28.090 V
[LIFT] V_Motors: 27.300 V
[LIFT] V_Compute: 28.072 V
[LIFT] V_Motors: 27.290 V
[LIFT] V_Compute: 28.072 V
[LIFT] V_Motors: 27.289 V
[LIFT] V_Compute: 28.081 V
[LIFT] V_Motors: 27.294 V
[LIFT] V_Compute: 28.094 V
[LIFT] V_Motors: 27.306 V
[LIFT] V_Compute: 28.087 V
[LIFT] V_Motors: 27.302 V
[LIFT] V_Compute: 28.095 V
[LIFT] V_Motors: 27.301 V
[LIFT] V_Compute: 28.091 V
[LIFT] V_Motors: 27.305 V
[LIFT] V_Compute: 28.093 V
[LIFT] V_Motors: 27.308 V
[LIFT] V_Compute: 28.091 V
[LIFT] V_Motors: 27.306 V
[LIFT] V_Compute: 28.086 V
[LIFT] V_Motors: 27.301 V
[LIFT] V_Compute: 28.087 V
[LIFT] V_Motors: 27.301 V
[LIFT] V_Compute: 28.086 V
[LIFT] V_Motors: 27.296 V
[LIFT] V_Compute: 28.096 V
[LIFT] V_Motors: 27.304 V
[LIFT] V_Compute: 28.087 V
[LIFT] V_Motors: 27.301 V
[LIFT] V_Compute: 28.090 V
[LIFT] V_Motors: 27.306 V
[LIFT] V_Compute: 28.087 V
[LIFT] V_Motors: 27.305 V
[LIFT] V_Compute: 28.090 V
[LIFT] V_Motors: 27.301 V
[LIFT] V_Compute: 28.090 V
[LIFT] V_Motors: 27.304 V
[LIFT] V_Compute: 28.089 V
[LIFT] V_Motors: 27.305 V
[LIFT] V_Compute: 28.090 V
[LIFT] V_Motors: 27.310 V
[LIFT] V_Compute: 28.094 V
[LIFT] V_Motors: 27.308 V
[LIFT] V_Compute: 28.095 V
[LIFT] V_Motors: 27.299 V
[LIFT] V_Compute: 28.089 V
[LIFT] V_Motors: 27.304 V
[LIFT] V_Compute: 28.091 V
[LIFT] V_Motors: 27.302 V
[LIFT] V_Compute: 28.096 V
[LIFT] V_Motors: 27.299 V
[LIFT] V_Compute: 28.096 V
[LIFT] V_Motors: 27.305 V
[LIFT] V_Compute: 28.084 V
[LIFT] V_Motors: 27.299 V
[LIFT] V_Compute: 28.071 V
[LIFT] V_Motors: 27.290 V
[LIFT] V_Compute: 28.091 V
[LIFT] V_Motors: 27.304 V
[LIFT] V_Compute: 28.090 V
[LIFT] V_Motors: 27.306 V
[LIFT] V_Compute: 28.091 V
[LIFT] V_Motors: 27.306 V
[LIFT] V_Compute: 28.095 V
[LIFT] V_Motors: 27.306 V
[LIFT] V_Compute: 28.086 V
[LIFT] V_Motors: 27.302 V
[LIFT] V_Compute: 28.085 V
[LIFT] V_Motors: 27.306 V
[LIFT] V_Compute: 28.093 V
[LIFT] V_Motors: 27.305 V
[LIFT] V_Compute: 28.085 V
[LIFT] V_Motors: 27.304 V
[LIFT] V_Compute: 28.090 V
[LIFT] V_Motors: 27.309 V
[LIFT] V_Compute: 28.090 V
[LIFT] V_Motors: 27.306 V
[LIFT] V_Compute: 28.093 V
[LIFT] V_Motors: 27.305 V
[LIFT] V_Compute: 28.090 V
[LIFT] V_Motors: 27.300 V
[LIFT] V_Compute: 28.093 V
[LIFT] V_Motors: 27.306 V
[LIFT] V_Compute: 28.089 V
[LIFT] V_Motors: 27.309 V
[LIFT] V_Compute: 28.094 V
[LIFT] V_Motors: 27.306 V
[LIFT] V_Compute: 28.080 V
[LIFT] V_Motors: 27.298 V
[LIFT] V_Compute: 28.087 V
[LIFT] V_Motors: 27.309 V
[LIFT] V_Compute: 28.090 V
[LIFT] V_Motors: 27.299 V
[LIFT] V_Compute: 28.089 V
[LIFT] V_Motors: 27.304 V
[LIFT] V_Compute: 28.094 V
[LIFT] V_Motors: 27.305 V
[LIFT] V_Compute: 28.090 V
[LIFT] V_Motors: 27.300 V
[LIFT] V_Compute: 28.074 V
[LIFT] V_Motors: 27.288 V
[LIFT] V_Compute: 28.091 V
[LIFT] V_Motors: 27.299 V
[LIFT] V_Compute: 28.090 V
[LIFT] V_Motors: 27.306 V
[LIFT] V_Compute: 28.094 V
[LIFT] V_Motors: 27.308 V
[LIFT] V_Compute: 28.095 V
[LIFT] V_Motors: 27.302 V
[LIFT] V_Compute: 28.093 V
[LIFT] V_Motors: 27.308 V
[LIFT] V_Compute: 28.094 V
[LIFT] V_Motors: 27.305 V
[LIFT] V_Compute: 28.084 V
[LIFT] V_Motors: 27.294 V
[LIFT] V_Compute: 28.096 V
[LIFT] V_Motors: 27.305 V
[LIFT] V_Compute: 28.089 V
[LIFT] V_Motors: 27.301 V
[LIFT] V_Compute: 28.095 V
[LIFT] V_Motors: 27.301 V
[LIFT] V_Compute: 28.087 V
[LIFT] V_Motors: 27.306 V
[LIFT] V_Compute: 28.093 V
[LIFT] V_Motors: 27.298 V
[LIFT] V_Compute: 28.096 V
[LIFT] V_Motors: 27.306 V
[LIFT] V_Compute: 28.096 V
[LIFT] V_Motors: 27.305 V
[LIFT] V_Compute: 28.093 V
[LIFT] V_Motors: 27.305 V
[LIFT] V_Compute: 28.095 V
[LIFT] V_Motors: 27.302 V
[LIFT] V_Compute: 28.089 V
[LIFT] V_Motors: 27.304 V
[LIFT] V_Compute: 28.097 V
[LIFT] V_Motors: 27.302 V
[LIFT] V_Compute: 28.093 V
[LIFT] V_Motors: 27.305 V
[LIFT] V_Compute: 28.086 V
[LIFT] V_Motors: 27.301 V
[LIFT] V_Compute: 28.089 V
[LIFT] V_Motors: 27.305 V
[LIFT] V_Compute: 28.096 V
[LIFT] V_Motors: 27.302 V
[LIFT] V_Compute: 28.086 V
[LIFT] V_Motors: 27.298 V
[LIFT] V_Compute: 28.093 V
[LIFT] V_Motors: 27.300 V
[LIFT] V_Compute: 28.094 V
[LIFT] V_Motors: 27.306 V
[LIFT] V_Compute: 28.095 V
[LIFT] V_Motors: 27.306 V
[LIFT] V_Compute: 28.094 V
[LIFT] V_Motors: 27.306 V
[LIFT] V_Compute: 28.096 V
[LIFT] V_Motors: 27.299 V
[LIFT] V_Compute: 28.084 V
[LIFT] V_Motors: 27.302 V
[LIFT] V_Compute: 28.087 V
[LIFT] V_Motors: 27.302 V
[LIFT] V_Compute: 28.075 V
[LIFT] V_Motors: 27.289 V
[LIFT] V_Compute: 28.065 V
[LIFT] V_Motors: 27.289 V
[LIFT] V_Compute: 28.075 V
[LIFT] V_Motors: 27.289 V
[LIFT] V_Compute: 28.081 V
[LIFT] V_Motors: 27.296 V
[LIFT] V_Compute: 28.094 V
[LIFT] V_Motors: 27.305 V
[LIFT] V_Compute: 28.093 V
[LIFT] V_Motors: 27.309 V
[LIFT] V_Compute: 28.086 V
[LIFT] V_Motors: 27.298 V
[LIFT] V_Compute: 28.087 V
[LIFT] V_Motors: 27.302 V
[LIFT] V_Compute: 28.097 V
[LIFT] V_Motors: 27.305 V
[LIFT] V_Compute: 28.097 V
[LIFT] V_Motors: 27.305 V
[LIFT] V_Compute: 28.090 V
[LIFT] V_Motors: 27.306 V
[LIFT] V_Compute: 28.087 V
[LIFT] V_Motors: 27.299 V
[LIFT] V_Compute: 28.096 V
[LIFT] V_Motors: 27.299 V
[LIFT] V_Compute: 28.097 V
[LIFT] V_Motors: 27.305 V
[LIFT] V_Compute: 28.091 V
[LIFT] V_Motors: 27.305 V
[LIFT] V_Compute: 28.094 V
[LIFT] V_Motors: 27.301 V
[LIFT] V_Compute: 28.090 V
[LIFT] V_Motors: 27.308 V
[LIFT] V_Compute: 28.095 V
[LIFT] V_Motors: 27.301 V
[LIFT] V_Compute: 28.091 V
[LIFT] V_Motors: 27.304 V
[LIFT] V_Compute: 28.094 V
[LIFT] V_Motors: 27.301 V
[LIFT] V_Compute: 28.094 V
[LIFT] V_Motors: 27.302 V
[LIFT] V_Compute: 28.093 V
[LIFT] V_Motors: 27.304 V
[LIFT] V_Compute: 28.072 V
[LIFT] V_Motors: 27.290 V
[LIFT] V_Compute: 28.087 V
[LIFT] V_Motors: 27.306 V
[LIFT] V_Compute: 28.095 V
[LIFT] V_Motors: 27.308 V
[LIFT] V_Compute: 28.095 V
[LIFT] V_Motors: 27.304 V
[LIFT] V_Compute: 28.096 V
[LIFT] V_Motors: 27.305 V
[LIFT] V_Compute: 28.083 V
[LIFT] V_Motors: 27.304 V
[LIFT] V_Compute: 28.094 V
[LIFT] V_Motors: 27.306 V
[LIFT] V_Compute: 28.093 V
[LIFT] V_Motors: 27.305 V
[LIFT] V_Compute: 28.089 V
[LIFT] V_Motors: 27.306 V
[LIFT] V_Compute: 28.081 V
[LIFT] V_Motors: 27.295 V
[LIFT] V_Compute: 28.094 V
[LIFT] V_Motors: 27.308 V
[LIFT] V_Compute: 28.091 V
[LIFT] V_Motors: 27.309 V
[LIFT] V_Compute: 28.087 V
[LIFT] V_Motors: 27.301 V
[LIFT] V_Compute: 28.070 V
[LIFT] V_Motors: 27.290 V
[LIFT] V_Compute: 28.090 V
[LIFT] V_Motors: 27.302 V
[LIFT] V_Compute: 28.090 V
[LIFT] V_Motors: 27.305 V
[LIFT] V_Compute: 28.079 V
[LIFT] V_Motors: 27.305 V
[LIFT] V_Compute: 28.093 V
[LIFT] V_Motors: 27.306 V
[LIFT] V_Compute: 28.086 V
[LIFT] V_Motors: 27.301 V
[LIFT] V_Compute: 28.081 V
[LIFT] V_Motors: 27.301 V
[LIFT] V_Compute: 28.083 V
[LIFT] V_Motors: 27.302 V
[LIFT] V_Compute: 28.096 V
[LIFT] V_Motors: 27.304 V
[LIFT] V_Compute: 28.094 V
[LIFT] V_Motors: 27.301 V
[LIFT] V_Compute: 28.097 V
[LIFT] V_Motors: 27.308 V
[LIFT] V_Compute: 28.090 V
[LIFT] V_Motors: 27.302 V
[LIFT] V_Compute: 28.087 V
[LIFT] V_Motors: 27.306 V
[LIFT] V_Compute: 28.071 V
[LIFT] V_Motors: 27.291 V
[LIFT] V_Compute: 28.087 V
[LIFT] V_Motors: 27.304 V
[LIFT] V_Compute: 28.094 V
[LIFT] V_Motors: 27.309 V
[LIFT] V_Compute: 28.095 V
[LIFT] V_Motors: 27.305 V
[LIFT] V_Compute: 28.096 V
[LIFT] V_Motors: 27.309 V
[LIFT] V_Compute: 28.093 V
[LIFT] V_Motors: 27.310 V
[LIFT] V_Compute: 28.093 V
[LIFT] V_Motors: 27.302 V
[LIFT] V_Compute: 28.095 V
[LIFT] V_Motors: 27.308 V
[LIFT] V_Compute: 28.090 V
[LIFT] V_Motors: 27.309 V
[LIFT] V_Compute: 28.091 V
[LIFT] V_Motors: 27.301 V
[LIFT] V_Compute: 28.093 V
[LIFT] V_Motors: 27.300 V
[LIFT] V_Compute: 28.086 V
[LIFT] V_Motors: 27.304 V
[LIFT] V_Compute: 28.093 V
[LIFT] V_Motors: 27.306 V
[LIFT] V_Compute: 28.090 V
[LIFT] V_Motors: 27.305 V
[LIFT] V_Compute: 28.090 V
[LIFT] V_Motors: 27.304 V
[LIFT] V_Compute: 28.094 V
[LIFT] V_Motors: 27.308 V
[LIFT] V_Compute: 28.085 V
[LIFT] V_Motors: 27.308 V
[LIFT] V_Compute: 28.087 V
[LIFT] V_Motors: 27.300 V
[LIFT] V_Compute: 28.089 V
[LIFT] V_Motors: 27.304 V
[LIFT] V_Compute: 28.093 V
[LIFT] V_Motors: 27.310 V
[LIFT] V_Compute: 28.095 V
[LIFT] V_Motors: 27.306 V
[LIFT] V_Compute: 28.093 V
[LIFT] V_Motors: 27.302 V
[LIFT] V_Compute: 28.083 V
[LIFT] V_Motors: 27.299 V
[LIFT] V_Compute: 28.094 V
[LIFT] V_Motors: 27.299 V
[LIFT] V_Compute: 28.090 V
[LIFT] V_Motors: 27.299 V
[LIFT] V_Compute: 28.091 V
[LIFT] V_Motors: 27.304 V
[LIFT] V_Compute: 28.099 V
[LIFT] V_Motors: 27.302 V
[LIFT] V_Compute: 28.089 V
[LIFT] V_Motors: 27.309 V
[LIFT] V_Compute: 28.095 V
[LIFT] V_Motors: 27.306 V
[LIFT] V_Compute: 28.089 V
[LIFT] V_Motors: 27.302 V
[LIFT] V_Compute: 28.097 V
[LIFT] V_Motors: 27.302 V
[LIFT] V_Compute: 28.090 V
[LIFT] V_Motors: 27.305 V
[LIFT] V_Compute: 28.086 V
[LIFT] V_Motors: 27.299 V
[LIFT] V_Compute: 28.089 V
[LIFT] V_Motors: 27.304 V
[LIFT] V_Compute: 28.084 V
[LIFT] V_Motors: 27.304 V
[LIFT] V_Compute: 28.095 V
[LIFT] V_Motors: 27.305 V
[LIFT] V_Compute: 28.087 V
[LIFT] V_Motors: 27.308 V
[LIFT] V_Compute: 28.094 V
[LIFT] V_Motors: 27.304 V
[LIFT] V_Compute: 28.084 V
[LIFT] V_Motors: 27.304 V
[LIFT] V_Compute: 28.097 V
[LIFT] V_Motors: 27.305 V
[LIFT] V_Compute: 28.093 V
[LIFT] V_Motors: 27.306 V
[LIFT] V_Compute: 28.091 V
[LIFT] V_Motors: 27.304 V
[LIFT] V_Compute: 28.095 V
[LIFT] V_Motors: 27.305 V
[LIFT] V_Compute: 28.091 V
[LIFT] V_Motors: 27.308 V
[LIFT] V_Compute: 28.090 V
[LIFT] V_Motors: 27.306 V
[LIFT] V_Compute: 28.087 V
[LIFT] V_Motors: 27.295 V
[LIFT] V_Compute: 28.090 V
[LIFT] V_Motors: 27.304 V
[LIFT] V_Compute: 28.094 V
[LIFT] V_Motors: 27.306 V
[LIFT] V_Compute: 28.091 V
[LIFT] V_Motors: 27.300 V
[LIFT] V_Compute: 28.091 V
[LIFT] V_Motors: 27.301 V
[LIFT] V_Compute: 28.095 V
[LIFT] V_Motors: 27.305 V
[LIFT] V_Compute: 28.091 V
[LIFT] V_Motors: 27.295 V
[LIFT] V_Compute: 28.087 V
[LIFT] V_Motors: 27.302 V
[LIFT] V_Compute: 28.089 V
[LIFT] V_Motors: 27.301 V
[LIFT] V_Compute: 28.070 V
[LIFT] V_Motors: 27.288 V
[LIFT] V_Compute: 28.091 V
[LIFT] V_Motors: 27.304 V
[LIFT] V_Compute: 28.087 V
[LIFT] V_Motors: 27.302 V
[LIFT] V_Compute: 28.089 V
[LIFT] V_Motors: 27.305 V
[LIFT] V_Compute: 28.084 V
[LIFT] V_Motors: 27.306 V
[LIFT] V_Compute: 28.094 V
[LIFT] V_Motors: 27.304 V
[LIFT] V_Compute: 28.091 V
[LIFT] V_Motors: 27.305 V
[LIFT] V_Compute: 28.090 V
[LIFT] V_Motors: 27.304 V
[LIFT] V_Compute: 28.093 V
[LIFT] V_Motors: 27.306 V
[LIFT] V_Compute: 28.094 V
[LIFT] V_Motors: 27.302 V
[LIFT] V_Compute: 28.091 V
[LIFT] V_Motors: 27.304 V
[LIFT] V_Compute: 28.087 V
[LIFT] V_Motors: 27.302 V
[LIFT] V_Compute: 28.095 V
[LIFT] V_Motors: 27.308 V
[LIFT] V_Compute: 28.086 V
[LIFT] V_Motors: 27.308 V
[LIFT] V_Compute: 28.071 V
[LIFT] V_Motors: 27.286 V
[LIFT] V_Compute: 28.094 V
[LIFT] V_Motors: 27.306 V
[LIFT] V_Compute: 28.089 V
[LIFT] V_Motors: 27.306 V
[LIFT] V_Compute: 28.084 V
[LIFT] V_Motors: 27.296 V
[LIFT] V_Compute: 28.087 V
[LIFT] V_Motors: 27.301 V
[LIFT] V_Compute: 28.077 V
[LIFT] V_Motors: 27.291 V
[LIFT] V_Compute: 28.069 V
[LIFT] V_Motors: 27.285 V
[LIFT] V_Compute: 28.091 V
[LIFT] V_Motors: 27.308 V
[LIFT] V_Compute: 28.093 V
[LIFT] V_Motors: 27.298 V
[LIFT] V_Compute: 28.095 V
[LIFT] V_Motors: 27.304 V
[LIFT] V_Compute: 28.093 V
[LIFT] V_Motors: 27.302 V
[LIFT] V_Compute: 28.087 V
[LIFT] V_Motors: 27.306 V
[LIFT] V_Compute: 28.087 V
[LIFT] V_Motors: 27.306 V
[LIFT] V_Compute: 28.094 V
[LIFT] V_Motors: 27.306 V
[LIFT] V_Compute: 28.093 V
[LIFT] V_Motors: 27.301 V
[LIFT] V_Compute: 28.096 V
[LIFT] V_Motors: 27.304 V
[LIFT] V_Compute: 28.093 V
[LIFT] V_Motors: 27.305 V
[LIFT] V_Compute: 28.093 V
[LIFT] V_Motors: 27.301 V
[LIFT] V_Compute: 28.085 V
[LIFT] V_Motors: 27.295 V
[LIFT] V_Compute: 28.086 V
[LIFT] V_Motors: 27.302 V
[LIFT] V_Compute: 28.087 V
[LIFT] V_Motors: 27.294 V
[LIFT] V_Compute: 28.087 V
[LIFT] V_Motors: 27.296 V
[LIFT] V_Compute: 28.084 V
[LIFT] V_Motors: 27.295 V
[LIFT] V_Compute: 28.079 V
[LIFT] V_Motors: 27.291 V
[LIFT] V_Compute: 28.085 V
[LIFT] V_Motors: 27.291 V
[LIFT] V_Compute: 28.085 V
[LIFT] V_Motors: 27.294 V
[LIFT] V_Compute: 28.080 V
[LIFT] V_Motors: 27.292 V
[LIFT] V_Compute: 28.075 V
[LIFT] V_Motors: 27.296 V
[LIFT] V_Compute: 28.080 V
[LIFT] V_Motors: 27.294 V
[LIFT] V_Compute: 28.072 V
[LIFT] V_Motors: 27.288 V
[LIFT] V_Compute: 28.080 V
[LIFT] V_Motors: 27.295 V
[LIFT] V_Compute: 28.075 V
[LIFT] V_Motors: 27.289 V
[LIFT] V_Compute: 28.087 V
[LIFT] V_Motors: 27.290 V
[LIFT] V_Compute: 28.076 V
[LIFT] V_Motors: 27.292 V
[LIFT] V_Compute: 28.079 V
[LIFT] V_Motors: 27.296 V
[LIFT] V_Compute: 28.079 V
[LIFT] V_Motors: 27.290 V
[LIFT] V_Compute: 28.083 V
[LIFT] V_Motors: 27.290 V
[LIFT] V_Compute: 28.080 V
[LIFT] V_Motors: 27.294 V
[LIFT] V_Compute: 28.077 V
[LIFT] V_Motors: 27.286 V
[LIFT] V_Compute: 28.081 V
[LIFT] V_Motors: 27.292 V
[LIFT] V_Compute: 28.062 V
[LIFT] V_Motors: 27.282 V
[LIFT] V_Compute: 28.076 V
[LIFT] V_Motors: 27.291 V
[LIFT] V_Compute: 28.075 V
[LIFT] V_Motors: 27.298 V
[LIFT] V_Compute: 28.081 V
[LIFT] V_Motors: 27.295 V
[LIFT] V_Compute: 28.080 V
[LIFT] V_Motors: 27.296 V
[LIFT] V_Compute: 28.062 V
[LIFT] V_Motors: 27.280 V
[LIFT] V_Compute: 28.059 V
[LIFT] V_Motors: 27.275 V
[LIFT] V_Compute: 28.080 V
[LIFT] V_Motors: 27.292 V
[YOR] follow_path: n=22 first=(-0.015600019693374656, 0.005999898910522106) last=(4.184399980306626, -1.1440001010894782)
[LIFT] V_Compute: 28.075 V
[LIFT] V_Motors: 27.171 V
[LIFT] V_Compute: 28.085 V
[LIFT] V_Motors: 27.274 V
[LIFT] V_Compute: 28.076 V
[LIFT] V_Motors: 27.249 V
[LIFT] V_Compute: 28.083 V
[LIFT] V_Motors: 27.271 V
[LIFT] V_Compute: 28.075 V
[LIFT] V_Motors: 27.276 V
[LIFT] V_Compute: 28.080 V
[LIFT] V_Motors: 27.282 V
[LIFT] V_Compute: 28.077 V
[LIFT] V_Motors: 27.241 V
[LIFT] V_Compute: 28.074 V
[LIFT] V_Motors: 27.269 V
[LIFT] V_Compute: 28.067 V
[LIFT] V_Motors: 27.239 V
[LIFT] V_Compute: 28.077 V
[LIFT] V_Motors: 27.237 V
[LIFT] V_Compute: 28.083 V
[LIFT] V_Motors: 27.224 V
[LIFT] V_Compute: 28.077 V
[LIFT] V_Motors: 27.259 V
[LIFT] V_Compute: 28.079 V
[LIFT] V_Motors: 27.259 V
[LIFT] V_Compute: 28.074 V
[LIFT] V_Motors: 27.246 V
[LIFT] V_Compute: 28.081 V
[LIFT] V_Motors: 27.249 V
[LIFT] V_Compute: 28.071 V
[LIFT] V_Motors: 27.237 V
[LIFT] V_Compute: 28.069 V
[LIFT] V_Motors: 27.253 V
[LIFT] V_Compute: 28.076 V
[LIFT] V_Motors: 27.266 V
[LIFT] V_Compute: 28.077 V
[LIFT] V_Motors: 27.246 V
[LIFT] V_Compute: 28.081 V
[LIFT] V_Motors: 27.247 V
[LIFT] V_Compute: 28.079 V
[LIFT] V_Motors: 27.249 V
[LIFT] V_Compute: 28.072 V
[LIFT] V_Motors: 27.253 V
[LIFT] V_Compute: 28.074 V
[LIFT] V_Motors: 27.246 V
[LIFT] V_Compute: 28.071 V
[LIFT] V_Motors: 27.251 V
[LIFT] V_Compute: 28.056 V
[LIFT] V_Motors: 27.224 V
[LIFT] V_Compute: 28.071 V
[LIFT] V_Motors: 27.261 V
[LIFT] V_Compute: 28.083 V
[LIFT] V_Motors: 27.253 V
[LIFT] V_Compute: 28.071 V
[LIFT] V_Motors: 27.240 V
[LIFT] V_Compute: 28.075 V
[LIFT] V_Motors: 27.251 V
[LIFT] V_Compute: 28.080 V
[LIFT] V_Motors: 27.256 V
[LIFT] V_Compute: 28.071 V
[LIFT] V_Motors: 27.271 V
[LIFT] V_Compute: 28.065 V
[LIFT] V_Motors: 27.244 V
[LIFT] V_Compute: 28.076 V
[LIFT] V_Motors: 27.282 V
[LIFT] V_Compute: 28.067 V
[LIFT] V_Motors: 27.284 V
[LIFT] V_Compute: 28.080 V
[LIFT] V_Motors: 27.285 V
[LIFT] V_Compute: 28.074 V
[LIFT] V_Motors: 27.277 V
[LIFT] V_Compute: 28.083 V
[LIFT] V_Motors: 27.277 V
[LIFT] V_Compute: 28.071 V
[LIFT] V_Motors: 27.280 V
[LIFT] V_Compute: 28.055 V
[LIFT] V_Motors: 27.269 V
[LIFT] V_Compute: 28.074 V
[LIFT] V_Motors: 27.281 V
[LIFT] V_Compute: 28.069 V
[LIFT] V_Motors: 27.277 V
[LIFT] V_Compute: 28.074 V
[LIFT] V_Motors: 27.280 V
[LIFT] V_Compute: 28.075 V
[LIFT] V_Motors: 27.280 V
[LIFT] V_Compute: 28.077 V
[LIFT] V_Motors: 27.286 V
[LIFT] V_Compute: 28.077 V
[LIFT] V_Motors: 27.281 V
[LIFT] V_Compute: 28.071 V
[LIFT] V_Motors: 27.284 V
[LIFT] V_Compute: 28.071 V
[LIFT] V_Motors: 27.279 V
[LIFT] V_Compute: 28.076 V
[LIFT] V_Motors: 27.281 V
[LIFT] V_Compute: 28.075 V
[LIFT] V_Motors: 27.281 V
[YOR] follow_path: cleared
[LIFT] V_Compute: 28.069 V
[LIFT] V_Motors: 27.277 V
[LIFT] V_Compute: 28.077 V
[LIFT] V_Motors: 27.282 V
[LIFT] V_Compute: 28.070 V
[LIFT] V_Motors: 27.282 V
[LIFT] V_Compute: 28.072 V
[LIFT] V_Motors: 27.284 V
[YOR] follow_path: n=22 first=(4.165800002217293, -1.1440001010894782) last=(0.01580000221729283, 0.005999898910522106)
[LIFT] V_Compute: 28.069 V
[LIFT] V_Motors: 27.277 V
[LIFT] V_Compute: 28.079 V
[LIFT] V_Motors: 27.265 V
[LIFT] V_Compute: 28.076 V
[LIFT] V_Motors: 27.254 V
[LIFT] V_Compute: 28.077 V
[LIFT] V_Motors: 27.260 V
[LIFT] V_Compute: 28.074 V
[LIFT] V_Motors: 27.256 V
[LIFT] V_Compute: 28.074 V
[LIFT] V_Motors: 27.277 V
[LIFT] V_Compute: 28.076 V
[LIFT] V_Motors: 27.246 V
[LIFT] V_Compute: 28.076 V
[LIFT] V_Motors: 27.265 V
[LIFT] V_Compute: 28.075 V
[LIFT] V_Motors: 27.266 V
[LIFT] V_Compute: 28.072 V
[LIFT] V_Motors: 27.240 V
[LIFT] V_Compute: 28.077 V
[LIFT] V_Motors: 27.243 V
[LIFT] V_Compute: 28.070 V
[LIFT] V_Motors: 27.221 V
[LIFT] V_Compute: 28.076 V
[LIFT] V_Motors: 27.251 V
[LIFT] V_Compute: 28.067 V
[LIFT] V_Motors: 27.236 V
[LIFT] V_Compute: 28.058 V
[LIFT] V_Motors: 27.230 V
[LIFT] V_Compute: 28.067 V
[LIFT] V_Motors: 27.246 V
[LIFT] V_Compute: 28.076 V
[LIFT] V_Motors: 27.249 V
[LIFT] V_Compute: 28.072 V
[LIFT] V_Motors: 27.254 V
[LIFT] V_Compute: 28.066 V
[LIFT] V_Motors: 27.251 V
[LIFT] V_Compute: 28.087 V
[LIFT] V_Motors: 27.244 V
[LIFT] V_Compute: 28.077 V
[LIFT] V_Motors: 27.247 V
[LIFT] V_Compute: 28.074 V
[LIFT] V_Motors: 27.247 V
[LIFT] V_Compute: 28.067 V
[LIFT] V_Motors: 27.257 V
[LIFT] V_Compute: 28.075 V
[LIFT] V_Motors: 27.239 V
[LIFT] V_Compute: 28.051 V
[LIFT] V_Motors: 27.228 V
[LIFT] V_Compute: 28.051 V
[LIFT] V_Motors: 27.230 V
[LIFT] V_Compute: 28.052 V
[LIFT] V_Motors: 27.235 V
[LIFT] V_Compute: 28.079 V
[LIFT] V_Motors: 27.246 V
[LIFT] V_Compute: 28.072 V
[LIFT] V_Motors: 27.250 V
[LIFT] V_Compute: 28.070 V
[LIFT] V_Motors: 27.243 V
[LIFT] V_Compute: 28.060 V
[LIFT] V_Motors: 27.243 V
[LIFT] V_Compute: 28.055 V
[LIFT] V_Motors: 27.228 V
[LIFT] V_Compute: 28.067 V
[LIFT] V_Motors: 27.261 V
[LIFT] V_Compute: 28.074 V
[LIFT] V_Motors: 27.255 V
[LIFT] V_Compute: 28.076 V
[LIFT] V_Motors: 27.251 V
[LIFT] V_Compute: 28.072 V
[LIFT] V_Motors: 27.270 V
[LIFT] V_Compute: 28.067 V
[LIFT] V_Motors: 27.260 V
[LIFT] V_Compute: 28.067 V
[LIFT] V_Motors: 27.254 V
[LIFT] V_Compute: 28.079 V
[LIFT] V_Motors: 27.267 V
[LIFT] V_Compute: 28.070 V
[LIFT] V_Motors: 27.269 V
[LIFT] V_Compute: 28.067 V
[LIFT] V_Motors: 27.272 V
[LIFT] V_Compute: 28.074 V
[LIFT] V_Motors: 27.270 V
[LIFT] V_Compute: 28.058 V
[LIFT] V_Motors: 27.279 V
[LIFT] V_Compute: 28.080 V
[LIFT] V_Motors: 27.234 V
[LIFT] V_Compute: 28.072 V
[LIFT] V_Motors: 27.239 V
[LIFT] V_Compute: 28.065 V
[LIFT] V_Motors: 27.264 V
[LIFT] V_Compute: 28.061 V
[LIFT] V_Motors: 27.269 V
[YOR] follow_path: cleared
[LIFT] V_Compute: 28.071 V
[LIFT] V_Motors: 27.270 V
[LIFT] V_Compute: 28.071 V
[LIFT] V_Motors: 27.276 V
[LIFT] V_Compute: 28.079 V
[LIFT] V_Motors: 27.280 V
[LIFT] V_Compute: 28.071 V
[LIFT] V_Motors: 27.277 V
[LIFT] V_Compute: 28.074 V
[LIFT] V_Motors: 27.275 V
[LIFT] V_Compute: 28.074 V
[LIFT] V_Motors: 27.271 V
[LIFT] V_Compute: 28.075 V
[LIFT] V_Motors: 27.275 V
[YOR] follow_path: n=15 first=(0.03280019760131836, 0.022199821472167258) last=(1.382800197601319, 2.5221998214721677)
[LIFT] V_Compute: 28.064 V
[LIFT] V_Motors: 27.230 V
[LIFT] V_Compute: 28.062 V
[LIFT] V_Motors: 27.232 V
[LIFT] V_Compute: 28.067 V
[LIFT] V_Motors: 27.260 V
[LIFT] V_Compute: 28.075 V
[LIFT] V_Motors: 27.245 V
[LIFT] V_Compute: 28.058 V
[LIFT] V_Motors: 27.220 V
[LIFT] V_Compute: 28.071 V
[LIFT] V_Motors: 27.231 V
[LIFT] V_Compute: 28.072 V
[LIFT] V_Motors: 27.245 V
[LIFT] V_Compute: 28.067 V
[LIFT] V_Motors: 27.245 V
[LIFT] V_Compute: 28.065 V
[LIFT] V_Motors: 27.241 V
[LIFT] V_Compute: 28.061 V
[LIFT] V_Motors: 27.211 V
[LIFT] V_Compute: 28.048 V
[LIFT] V_Motors: 27.226 V
[LIFT] V_Compute: 28.054 V
[LIFT] V_Motors: 27.205 V
[LIFT] V_Compute: 28.064 V
[LIFT] V_Motors: 27.249 V
[LIFT] V_Compute: 28.064 V
[LIFT] V_Motors: 27.239 V
[LIFT] V_Compute: 28.062 V
[LIFT] V_Motors: 27.228 V
[LIFT] V_Compute: 28.071 V
[LIFT] V_Motors: 27.231 V
[LIFT] V_Compute: 28.070 V
[LIFT] V_Motors: 27.232 V
[LIFT] V_Compute: 28.065 V
[LIFT] V_Motors: 27.234 V
[LIFT] V_Compute: 28.058 V
[LIFT] V_Motors: 27.234 V
[LIFT] V_Compute: 28.070 V
[LIFT] V_Motors: 27.239 V
[LIFT] V_Compute: 28.055 V
[LIFT] V_Motors: 27.261 V
[LIFT] V_Compute: 28.067 V
[LIFT] V_Motors: 27.259 V
[LIFT] V_Compute: 28.062 V
[LIFT] V_Motors: 27.271 V
[LIFT] V_Compute: 28.077 V
[LIFT] V_Motors: 27.270 V
[LIFT] V_Compute: 28.058 V
[LIFT] V_Motors: 27.264 V
[LIFT] V_Compute: 28.069 V
[LIFT] V_Motors: 27.266 V
[LIFT] V_Compute: 28.061 V
[LIFT] V_Motors: 27.274 V
[LIFT] V_Compute: 28.070 V
[LIFT] V_Motors: 27.274 V
[LIFT] V_Compute: 28.064 V
[LIFT] V_Motors: 27.266 V
[LIFT] V_Compute: 28.076 V
[LIFT] V_Motors: 27.272 V
[LIFT] V_Compute: 28.062 V
[LIFT] V_Motors: 27.267 V
[LIFT] V_Compute: 28.075 V
[LIFT] V_Motors: 27.274 V
[LIFT] V_Compute: 28.069 V
[LIFT] V_Motors: 27.270 V
[LIFT] V_Compute: 28.065 V
[LIFT] V_Motors: 27.269 V
[LIFT] V_Compute: 28.071 V
[LIFT] V_Motors: 27.269 V
[LIFT] V_Compute: 28.070 V
[LIFT] V_Motors: 27.271 V
[LIFT] V_Compute: 28.071 V
[LIFT] V_Motors: 27.275 V
[YOR] follow_path: cleared
[LIFT] V_Compute: 28.077 V
[LIFT] V_Motors: 27.274 V
[LIFT] V_Compute: 28.072 V
[LIFT] V_Motors: 27.279 V
[LIFT] V_Compute: 28.076 V
[LIFT] V_Motors: 27.272 V
[YOR] follow_path: n=16 first=(1.382800197601319, 2.4783997535705566) last=(-0.017199802398681463, -0.02160024642944336)
[LIFT] V_Compute: 28.074 V
[LIFT] V_Motors: 27.235 V
[LIFT] V_Compute: 28.067 V
[LIFT] V_Motors: 27.249 V
[LIFT] V_Compute: 28.066 V
[LIFT] V_Motors: 27.247 V
[LIFT] V_Compute: 28.069 V
[LIFT] V_Motors: 27.245 V
[LIFT] V_Compute: 28.062 V
[LIFT] V_Motors: 27.271 V
[LIFT] V_Compute: 28.072 V
[LIFT] V_Motors: 27.255 V
[LIFT] V_Compute: 28.060 V
[LIFT] V_Motors: 27.225 V
[LIFT] V_Compute: 28.066 V
[LIFT] V_Motors: 27.235 V
[LIFT] V_Compute: 28.069 V
[LIFT] V_Motors: 27.246 V
[LIFT] V_Compute: 28.075 V
[LIFT] V_Motors: 27.225 V
[LIFT] V_Compute: 28.049 V
[LIFT] V_Motors: 27.229 V
[LIFT] V_Compute: 28.066 V
[LIFT] V_Motors: 27.240 V
[LIFT] V_Compute: 28.062 V
[LIFT] V_Motors: 27.241 V
[LIFT] V_Compute: 28.074 V
[LIFT] V_Motors: 27.232 V
[LIFT] V_Compute: 28.069 V
[LIFT] V_Motors: 27.236 V
[LIFT] V_Compute: 28.071 V
[LIFT] V_Motors: 27.232 V
[LIFT] V_Compute: 28.074 V
[LIFT] V_Motors: 27.218 V
[LIFT] V_Compute: 28.072 V
[LIFT] V_Motors: 27.221 V
[LIFT] V_Compute: 28.070 V
[LIFT] V_Motors: 27.226 V
[LIFT] V_Compute: 28.069 V
[LIFT] V_Motors: 27.231 V
[LIFT] V_Compute: 28.076 V
[LIFT] V_Motors: 27.234 V
[LIFT] V_Compute: 28.075 V
[LIFT] V_Motors: 27.244 V
[LIFT] V_Compute: 28.060 V
[LIFT] V_Motors: 27.229 V
[LIFT] V_Compute: 28.066 V
[LIFT] V_Motors: 27.228 V
[LIFT] V_Compute: 28.075 V
[LIFT] V_Motors: 27.247 V
[LIFT] V_Compute: 28.065 V
[LIFT] V_Motors: 27.253 V
[LIFT] V_Compute: 28.070 V
[LIFT] V_Motors: 27.266 V
[LIFT] V_Compute: 28.070 V
[LIFT] V_Motors: 27.245 V
[LIFT] V_Compute: 28.049 V
[LIFT] V_Motors: 27.220 V
[LIFT] V_Compute: 28.072 V
[LIFT] V_Motors: 27.275 V
[LIFT] V_Compute: 28.069 V
[LIFT] V_Motors: 27.261 V
[LIFT] V_Compute: 28.067 V
[LIFT] V_Motors: 27.261 V
[LIFT] V_Compute: 28.076 V
[LIFT] V_Motors: 27.205 V
[LIFT] V_Compute: 28.066 V
[LIFT] V_Motors: 27.210 V
[LIFT] V_Compute: 28.075 V
[LIFT] V_Motors: 27.221 V
[LIFT] V_Compute: 28.066 V
[LIFT] V_Motors: 27.264 V
[YOR] follow_path: cleared
[LIFT] V_Compute: 28.072 V
[LIFT] V_Motors: 27.259 V
[LIFT] V_Compute: 28.072 V
[LIFT] V_Motors: 27.266 V
[LIFT] V_Compute: 28.069 V
[LIFT] V_Motors: 27.263 V
[LIFT] V_Compute: 28.071 V
[LIFT] V_Motors: 27.272 V
[LIFT] V_Compute: 28.077 V
[LIFT] V_Motors: 27.272 V
[LIFT] V_Compute: 28.072 V
[LIFT] V_Motors: 27.269 V
[LIFT] V_Compute: 28.072 V
[LIFT] V_Motors: 27.259 V
[LIFT] V_Compute: 28.074 V
[LIFT] V_Motors: 27.276 V
[LIFT] V_Compute: 28.054 V
[LIFT] V_Motors: 27.260 V
[LIFT] V_Compute: 28.070 V
[LIFT] V_Motors: 27.274 V
[LIFT] V_Compute: 28.074 V
[LIFT] V_Motors: 27.265 V
[LIFT] V_Compute: 28.062 V
[LIFT] V_Motors: 27.267 V
[LIFT] V_Compute: 28.062 V
[LIFT] V_Motors: 27.265 V
[LIFT] V_Compute: 28.074 V
[LIFT] V_Motors: 27.276 V
[LIFT] V_Compute: 28.051 V
[LIFT] V_Motors: 27.261 V
[LIFT] V_Compute: 28.052 V
[LIFT] V_Motors: 27.257 V
[YOR] follow_path: cleared
[LIFT] V_Compute: 28.064 V
[LIFT] V_Motors: 27.270 V
[LIFT] V_Compute: 28.071 V
[LIFT] V_Motors: 27.276 V
[LIFT] V_Compute: 28.077 V
[LIFT] V_Motors: 27.275 V
[LIFT] V_Compute: 28.080 V
[LIFT] V_Motors: 27.284 V
[LIFT] V_Compute: 28.076 V
[LIFT] V_Motors: 27.281 V
[LIFT] V_Compute: 28.072 V
[LIFT] V_Motors: 27.281 V
[LIFT] V_Compute: 28.061 V
[LIFT] V_Motors: 27.279 V
[LIFT] V_Compute: 28.076 V
[LIFT] V_Motors: 27.286 V
[LIFT] V_Compute: 28.075 V
[LIFT] V_Motors: 27.282 V
[LIFT] V_Compute: 28.080 V
[LIFT] V_Motors: 27.280 V
[LIFT] V_Compute: 28.077 V
[LIFT] V_Motors: 27.276 V
[LIFT] V_Compute: 28.080 V
[LIFT] V_Motors: 27.280 V
[LIFT] V_Compute: 28.076 V
[LIFT] V_Motors: 27.276 V
[LIFT] V_Compute: 28.079 V
[LIFT] V_Motors: 27.282 V
[LIFT] V_Compute: 28.061 V
[LIFT] V_Motors: 27.266 V
[LIFT] V_Compute: 28.083 V
[LIFT] V_Motors: 27.282 V
[LIFT] V_Compute: 28.077 V
[LIFT] V_Motors: 27.274 V
[LIFT] V_Compute: 28.076 V
[LIFT] V_Motors: 27.282 V
[LIFT] V_Compute: 28.081 V
[LIFT] V_Motors: 27.285 V
[LIFT] V_Compute: 28.085 V
[LIFT] V_Motors: 27.284 V
[LIFT] V_Compute: 28.076 V
[LIFT] V_Motors: 27.284 V
[LIFT] V_Compute: 28.085 V
[LIFT] V_Motors: 27.286 V
[LIFT] V_Compute: 28.080 V
[LIFT] V_Motors: 27.284 V
[LIFT] V_Compute: 28.080 V
[LIFT] V_Motors: 27.285 V
[LIFT] V_Compute: 28.085 V
[LIFT] V_Motors: 27.282 V
[LIFT] V_Compute: 28.080 V
[LIFT] V_Motors: 27.286 V
[LIFT] V_Compute: 28.076 V
[LIFT] V_Motors: 27.279 V
[LIFT] V_Compute: 28.084 V
[LIFT] V_Motors: 27.282 V
[LIFT] V_Compute: 28.085 V
[LIFT] V_Motors: 27.274 V
[LIFT] V_Compute: 28.085 V
[LIFT] V_Motors: 27.288 V
[LIFT] V_Compute: 28.074 V
[LIFT] V_Motors: 27.280 V
[LIFT] V_Compute: 28.084 V
[LIFT] V_Motors: 27.284 V
[LIFT] V_Compute: 28.079 V
[LIFT] V_Motors: 27.281 V
[LIFT] V_Compute: 28.084 V
[LIFT] V_Motors: 27.286 V
[LIFT] V_Compute: 28.081 V
[LIFT] V_Motors: 27.285 V
[LIFT] V_Compute: 28.087 V
[LIFT] V_Motors: 27.286 V
[LIFT] V_Compute: 28.084 V
[LIFT] V_Motors: 27.277 V
[LIFT] V_Compute: 28.069 V
[LIFT] V_Motors: 27.276 V
[LIFT] V_Compute: 28.072 V
[LIFT] V_Motors: 27.269 V
[LIFT] V_Compute: 28.064 V
[LIFT] V_Motors: 27.271 V
[LIFT] V_Compute: 28.074 V
[LIFT] V_Motors: 27.281 V
[LIFT] V_Compute: 28.084 V
[LIFT] V_Motors: 27.288 V
[LIFT] V_Compute: 28.076 V
[LIFT] V_Motors: 27.286 V
[LIFT] V_Compute: 28.061 V
[LIFT] V_Motors: 27.269 V
[LIFT] V_Compute: 28.079 V
[LIFT] V_Motors: 27.286 V
[LIFT] V_Compute: 28.083 V
[LIFT] V_Motors: 27.289 V
[LIFT] V_Compute: 28.080 V
[LIFT] V_Motors: 27.290 V
[LIFT] V_Compute: 28.079 V
[LIFT] V_Motors: 27.286 V
[LIFT] V_Compute: 28.075 V
[LIFT] V_Motors: 27.284 V
[LIFT] V_Compute: 28.087 V
[LIFT] V_Motors: 27.290 V
[LIFT] V_Compute: 28.081 V
[LIFT] V_Motors: 27.284 V
[LIFT] V_Compute: 28.086 V
[LIFT] V_Motors: 27.286 V
[LIFT] V_Compute: 28.087 V
[LIFT] V_Motors: 27.291 V
[LIFT] V_Compute: 28.084 V
[LIFT] V_Motors: 27.282 V
[LIFT] V_Compute: 28.080 V
[LIFT] V_Motors: 27.285 V
[LIFT] V_Compute: 28.084 V
[LIFT] V_Motors: 27.286 V
[LIFT] V_Compute: 28.081 V
[LIFT] V_Motors: 27.288 V
[LIFT] V_Compute: 28.084 V
[LIFT] V_Motors: 27.284 V
[LIFT] V_Compute: 28.086 V
[LIFT] V_Motors: 27.288 V
[LIFT] V_Compute: 28.079 V
[LIFT] V_Motors: 27.290 V
[LIFT] V_Compute: 28.075 V
[LIFT] V_Motors: 27.277 V
[LIFT] V_Compute: 28.085 V
[LIFT] V_Motors: 27.286 V
[LIFT] V_Compute: 28.086 V
[LIFT] V_Motors: 27.288 V
[LIFT] V_Compute: 28.085 V
[LIFT] V_Motors: 27.292 V
[LIFT] V_Compute: 28.086 V
[LIFT] V_Motors: 27.289 V
[LIFT] V_Compute: 28.084 V
[LIFT] V_Motors: 27.286 V
[LIFT] V_Compute: 28.081 V
[LIFT] V_Motors: 27.289 V
[LIFT] V_Compute: 28.084 V
[LIFT] V_Motors: 27.280 V
[LIFT] V_Compute: 28.084 V
[LIFT] V_Motors: 27.281 V
[LIFT] V_Compute: 28.080 V
[LIFT] V_Motors: 27.286 V
[LIFT] V_Compute: 28.085 V
[LIFT] V_Motors: 27.288 V
[LIFT] V_Compute: 28.081 V
[LIFT] V_Motors: 27.289 V
[LIFT] V_Compute: 28.083 V
[LIFT] V_Motors: 27.286 V
[LIFT] V_Compute: 28.070 V
[LIFT] V_Motors: 27.274 V
[LIFT] V_Compute: 28.085 V
[LIFT] V_Motors: 27.286 V
[LIFT] V_Compute: 28.085 V
[LIFT] V_Motors: 27.289 V
[LIFT] V_Compute: 28.086 V
[LIFT] V_Motors: 27.289 V
[LIFT] V_Compute: 28.077 V
[LIFT] V_Motors: 27.280 V
[LIFT] V_Compute: 28.084 V
[LIFT] V_Motors: 27.288 V
[LIFT] V_Compute: 28.083 V
[LIFT] V_Motors: 27.290 V
[LIFT] V_Compute: 28.086 V
[LIFT] V_Motors: 27.288 V
[LIFT] V_Compute: 28.083 V
[LIFT] V_Motors: 27.285 V
[LIFT] V_Compute: 28.087 V
[LIFT] V_Motors: 27.292 V
[LIFT] V_Compute: 28.069 V
[LIFT] V_Motors: 27.280 V
[LIFT] V_Compute: 28.084 V
[LIFT] V_Motors: 27.288 V
[LIFT] V_Compute: 28.079 V
[LIFT] V_Motors: 27.288 V
[LIFT] V_Compute: 28.081 V
[LIFT] V_Motors: 27.284 V
[LIFT] V_Compute: 28.084 V
[LIFT] V_Motors: 27.290 V
[LIFT] V_Compute: 28.081 V
[LIFT] V_Motors: 27.289 V
[LIFT] V_Compute: 28.084 V
[LIFT] V_Motors: 27.277 V
[LIFT] V_Compute: 28.079 V
[LIFT] V_Motors: 27.291 V
[LIFT] V_Compute: 28.081 V
[LIFT] V_Motors: 27.288 V
[LIFT] V_Compute: 28.080 V
[LIFT] V_Motors: 27.288 V
[LIFT] V_Compute: 28.081 V
[LIFT] V_Motors: 27.285 V
[LIFT] V_Compute: 28.080 V
[LIFT] V_Motors: 27.290 V
[LIFT] V_Compute: 28.071 V
[LIFT] V_Motors: 27.288 V
[LIFT] V_Compute: 28.080 V
[LIFT] V_Motors: 27.289 V
[LIFT] V_Compute: 28.087 V
[LIFT] V_Motors: 27.288 V
[LIFT] V_Compute: 28.077 V
[LIFT] V_Motors: 27.291 V
[LIFT] V_Compute: 28.086 V
[LIFT] V_Motors: 27.286 V
[LIFT] V_Compute: 28.084 V
[LIFT] V_Motors: 27.290 V
[LIFT] V_Compute: 28.077 V
[LIFT] V_Motors: 27.292 V
[LIFT] V_Compute: 28.083 V
[LIFT] V_Motors: 27.289 V
[LIFT] V_Compute: 28.087 V
[LIFT] V_Motors: 27.288 V
[LIFT] V_Compute: 28.084 V
[LIFT] V_Motors: 27.291 V
[LIFT] V_Compute: 28.067 V
[LIFT] V_Motors: 27.274 V
[LIFT] V_Compute: 28.079 V
[LIFT] V_Motors: 27.288 V
[LIFT] V_Compute: 28.084 V
[LIFT] V_Motors: 27.291 V
[LIFT] V_Compute: 28.075 V
[LIFT] V_Motors: 27.284 V
[LIFT] V_Compute: 28.081 V
[LIFT] V_Motors: 27.288 V
[LIFT] V_Compute: 28.083 V
[LIFT] V_Motors: 27.294 V
[LIFT] V_Compute: 28.086 V
[LIFT] V_Motors: 27.286 V
[LIFT] V_Compute: 28.079 V
[LIFT] V_Motors: 27.289 V
[LIFT] V_Compute: 28.084 V
[LIFT] V_Motors: 27.288 V
[LIFT] V_Compute: 28.083 V
[LIFT] V_Motors: 27.292 V
[LIFT] V_Compute: 28.083 V
[LIFT] V_Motors: 27.288 V
[LIFT] V_Compute: 28.059 V
[LIFT] V_Motors: 27.271 V
[LIFT] V_Compute: 28.084 V
[LIFT] V_Motors: 27.290 V
[LIFT] V_Compute: 28.070 V
[LIFT] V_Motors: 27.277 V
[LIFT] V_Compute: 28.060 V
[LIFT] V_Motors: 27.277 V
[LIFT] V_Compute: 28.086 V
[LIFT] V_Motors: 27.289 V
[LIFT] V_Compute: 28.084 V
[LIFT] V_Motors: 27.290 V
[LIFT] V_Compute: 28.074 V
[LIFT] V_Motors: 27.288 V
[LIFT] V_Compute: 28.081 V
[LIFT] V_Motors: 27.291 V
[LIFT] V_Compute: 28.080 V
[LIFT] V_Motors: 27.290 V
[LIFT] V_Compute: 28.083 V
[LIFT] V_Motors: 27.291 V
[LIFT] V_Compute: 28.085 V
[LIFT] V_Motors: 27.291 V
[LIFT] V_Compute: 28.086 V
[LIFT] V_Motors: 27.292 V
[LIFT] V_Compute: 28.083 V
[LIFT] V_Motors: 27.289 V
[LIFT] V_Compute: 28.081 V
[LIFT] V_Motors: 27.289 V
[LIFT] V_Compute: 28.081 V
[LIFT] V_Motors: 27.284 V
[LIFT] V_Compute: 28.080 V
[LIFT] V_Motors: 27.288 V
[LIFT] V_Compute: 28.072 V
[LIFT] V_Motors: 27.281 V
[LIFT] V_Compute: 28.070 V
[LIFT] V_Motors: 27.285 V
[LIFT] V_Compute: 28.081 V
[LIFT] V_Motors: 27.289 V
[LIFT] V_Compute: 28.085 V
[LIFT] V_Motors: 27.285 V
[LIFT] V_Compute: 28.080 V
[LIFT] V_Motors: 27.281 V
[LIFT] V_Compute: 28.081 V
[LIFT] V_Motors: 27.294 V
[LIFT] V_Compute: 28.070 V
[LIFT] V_Motors: 27.279 V
[LIFT] V_Compute: 28.080 V
[LIFT] V_Motors: 27.285 V
[LIFT] V_Compute: 28.069 V
[LIFT] V_Motors: 27.280 V
[LIFT] V_Compute: 28.086 V
[LIFT] V_Motors: 27.291 V
[LIFT] V_Compute: 28.064 V
[LIFT] V_Motors: 27.280 V
[LIFT] V_Compute: 28.066 V
[LIFT] V_Motors: 27.282 V
[LIFT] V_Compute: 28.083 V
[LIFT] V_Motors: 27.289 V
[LIFT] V_Compute: 28.083 V
[LIFT] V_Motors: 27.284 V
[LIFT] V_Compute: 28.079 V
[LIFT] V_Motors: 27.290 V
[LIFT] V_Compute: 28.084 V
[LIFT] V_Motors: 27.286 V
[LIFT] V_Compute: 28.083 V
[LIFT] V_Motors: 27.289 V
[LIFT] V_Compute: 28.086 V
[LIFT] V_Motors: 27.286 V
[LIFT] V_Compute: 28.066 V
[LIFT] V_Motors: 27.271 V
[LIFT] V_Compute: 28.081 V
[LIFT] V_Motors: 27.289 V
[LIFT] V_Compute: 28.086 V
[LIFT] V_Motors: 27.291 V
[LIFT] V_Compute: 28.084 V
[LIFT] V_Motors: 27.289 V
[LIFT] V_Compute: 28.083 V
[LIFT] V_Motors: 27.289 V
[LIFT] V_Compute: 28.084 V
[LIFT] V_Motors: 27.286 V
[LIFT] V_Compute: 28.081 V
[LIFT] V_Motors: 27.286 V
[LIFT] V_Compute: 28.075 V
[LIFT] V_Motors: 27.282 V
[LIFT] V_Compute: 28.062 V
[LIFT] V_Motors: 27.276 V
[LIFT] V_Compute: 28.064 V
[LIFT] V_Motors: 27.274 V
[LIFT] V_Compute: 28.067 V
[LIFT] V_Motors: 27.274 V
[LIFT] V_Compute: 28.079 V
[LIFT] V_Motors: 27.288 V
[LIFT] V_Compute: 28.081 V
[LIFT] V_Motors: 27.286 V
[LIFT] V_Compute: 28.085 V
[LIFT] V_Motors: 27.288 V
[LIFT] V_Compute: 28.083 V
[LIFT] V_Motors: 27.290 V
[LIFT] V_Compute: 28.081 V
[LIFT] V_Motors: 27.285 V
[LIFT] V_Compute: 28.089 V
[LIFT] V_Motors: 27.285 V
[LIFT] V_Compute: 28.080 V
[LIFT] V_Motors: 27.290 V
[LIFT] V_Compute: 28.075 V
[LIFT] V_Motors: 27.290 V
[LIFT] V_Compute: 28.083 V
[LIFT] V_Motors: 27.292 V
[LIFT] V_Compute: 28.081 V
[LIFT] V_Motors: 27.290 V
[LIFT] V_Compute: 28.081 V
[LIFT] V_Motors: 27.291 V
[LIFT] V_Compute: 28.089 V
[LIFT] V_Motors: 27.292 V
[LIFT] V_Compute: 28.086 V
[LIFT] V_Motors: 27.296 V
[LIFT] V_Compute: 28.085 V
[LIFT] V_Motors: 27.285 V
[LIFT] V_Compute: 28.080 V
[LIFT] V_Motors: 27.286 V
[LIFT] V_Compute: 28.071 V
[LIFT] V_Motors: 27.290 V
[LIFT] V_Compute: 28.069 V
[LIFT] V_Motors: 27.288 V
[LIFT] V_Compute: 28.066 V
[LIFT] V_Motors: 27.285 V
[LIFT] V_Compute: 28.080 V
[LIFT] V_Motors: 27.285 V
[LIFT] V_Compute: 28.074 V
[LIFT] V_Motors: 27.285 V
[LIFT] V_Compute: 28.084 V
[LIFT] V_Motors: 27.289 V
[LIFT] V_Compute: 28.085 V
[LIFT] V_Motors: 27.284 V
[LIFT] V_Compute: 28.085 V
[LIFT] V_Motors: 27.290 V
[LIFT] V_Compute: 28.083 V
[LIFT] V_Motors: 27.288 V
[LIFT] V_Compute: 28.083 V
[LIFT] V_Motors: 27.292 V
[LIFT] V_Compute: 28.085 V
[LIFT] V_Motors: 27.291 V
[LIFT] V_Compute: 28.077 V
[LIFT] V_Motors: 27.289 V
[LIFT] V_Compute: 28.072 V
[LIFT] V_Motors: 27.286 V
[LIFT] V_Compute: 28.081 V
[LIFT] V_Motors: 27.292 V
[LIFT] V_Compute: 28.079 V
[LIFT] V_Motors: 27.294 V
[LIFT] V_Compute: 28.081 V
[LIFT] V_Motors: 27.289 V
[LIFT] V_Compute: 28.084 V
[LIFT] V_Motors: 27.289 V
[LIFT] V_Compute: 28.080 V
[LIFT] V_Motors: 27.289 V
[LIFT] V_Compute: 28.081 V
[LIFT] V_Motors: 27.291 V
[LIFT] V_Compute: 28.083 V
[LIFT] V_Motors: 27.294 V
[LIFT] V_Compute: 28.081 V
[LIFT] V_Motors: 27.291 V
[LIFT] V_Compute: 28.083 V
[LIFT] V_Motors: 27.291 V
[LIFT] V_Compute: 28.062 V
[LIFT] V_Motors: 27.276 V
[LIFT] V_Compute: 28.080 V
[LIFT] V_Motors: 27.292 V
[LIFT] V_Compute: 28.087 V
[LIFT] V_Motors: 27.289 V
[LIFT] V_Compute: 28.061 V
[LIFT] V_Motors: 27.272 V
[LIFT] V_Compute: 28.081 V
[LIFT] V_Motors: 27.286 V
[LIFT] V_Compute: 28.077 V
[LIFT] V_Motors: 27.288 V
[LIFT] V_Compute: 28.086 V
[LIFT] V_Motors: 27.292 V
[LIFT] V_Compute: 28.077 V
[LIFT] V_Motors: 27.289 V
[LIFT] V_Compute: 28.076 V
[LIFT] V_Motors: 27.291 V
[LIFT] V_Compute: 28.075 V
[LIFT] V_Motors: 27.286 V
[LIFT] V_Compute: 28.075 V
[LIFT] V_Motors: 27.288 V
[LIFT] V_Compute: 28.077 V
[LIFT] V_Motors: 27.290 V
[LIFT] V_Compute: 28.079 V
[LIFT] V_Motors: 27.290 V
[LIFT] V_Compute: 28.085 V
[LIFT] V_Motors: 27.284 V
[LIFT] V_Compute: 28.076 V
[LIFT] V_Motors: 27.290 V
[LIFT] V_Compute: 28.085 V
[LIFT] V_Motors: 27.286 V
[LIFT] V_Compute: 28.071 V
[LIFT] V_Motors: 27.277 V
[LIFT] V_Compute: 28.083 V
[LIFT] V_Motors: 27.285 V
[LIFT] V_Compute: 28.079 V
[LIFT] V_Motors: 27.284 V
[LIFT] V_Compute: 28.080 V
[LIFT] V_Motors: 27.292 V
[LIFT] V_Compute: 28.071 V
[LIFT] V_Motors: 27.284 V
[LIFT] V_Compute: 28.076 V
[LIFT] V_Motors: 27.290 V
[LIFT] V_Compute: 28.081 V
[LIFT] V_Motors: 27.292 V
[LIFT] V_Compute: 28.084 V
[LIFT] V_Motors: 27.289 V
[LIFT] V_Compute: 28.076 V
[LIFT] V_Motors: 27.292 V
[LIFT] V_Compute: 28.086 V
[LIFT] V_Motors: 27.288 V
[LIFT] V_Compute: 28.075 V
[LIFT] V_Motors: 27.291 V
[LIFT] V_Compute: 28.079 V
[LIFT] V_Motors: 27.289 V
[LIFT] V_Compute: 28.089 V
[LIFT] V_Motors: 27.292 V
[LIFT] V_Compute: 28.080 V
[LIFT] V_Motors: 27.286 V
[LIFT] V_Compute: 28.083 V
[LIFT] V_Motors: 27.292 V
[LIFT] V_Compute: 28.084 V
[LIFT] V_Motors: 27.291 V
[LIFT] V_Compute: 28.080 V
[LIFT] V_Motors: 27.290 V
[LIFT] V_Compute: 28.086 V
[LIFT] V_Motors: 27.290 V
[LIFT] V_Compute: 28.079 V
[LIFT] V_Motors: 27.290 V
[LIFT] V_Compute: 28.089 V
[LIFT] V_Motors: 27.290 V
[LIFT] V_Compute: 28.074 V
[LIFT] V_Motors: 27.294 V
[LIFT] V_Compute: 28.085 V
[LIFT] V_Motors: 27.289 V
[LIFT] V_Compute: 28.083 V
[LIFT] V_Motors: 27.294 V
[LIFT] V_Compute: 28.083 V
[LIFT] V_Motors: 27.291 V
[LIFT] V_Compute: 28.066 V
[LIFT] V_Motors: 27.275 V
[LIFT] V_Compute: 28.065 V
[LIFT] V_Motors: 27.274 V
[LIFT] V_Compute: 28.065 V
[LIFT] V_Motors: 27.271 V
[LIFT] V_Compute: 28.066 V
[LIFT] V_Motors: 27.279 V
[LIFT] V_Compute: 28.081 V
[LIFT] V_Motors: 27.290 V
[LIFT] V_Compute: 28.079 V
[LIFT] V_Motors: 27.291 V
[LIFT] V_Compute: 28.081 V
[LIFT] V_Motors: 27.292 V
[LIFT] V_Compute: 28.081 V
[LIFT] V_Motors: 27.286 V
[LIFT] V_Compute: 28.080 V
[LIFT] V_Motors: 27.288 V
[LIFT] V_Compute: 28.074 V
[LIFT] V_Motors: 27.286 V
[LIFT] V_Compute: 28.086 V
[LIFT] V_Motors: 27.289 V
[LIFT] V_Compute: 28.079 V
[LIFT] V_Motors: 27.289 V
[LIFT] V_Compute: 28.083 V
[LIFT] V_Motors: 27.291 V
[LIFT] V_Compute: 28.083 V
[LIFT] V_Motors: 27.294 V
[LIFT] V_Compute: 28.058 V
[LIFT] V_Motors: 27.272 V
[LIFT] V_Compute: 28.080 V
[LIFT] V_Motors: 27.286 V
[LIFT] V_Compute: 28.076 V
[LIFT] V_Motors: 27.295 V
[LIFT] V_Compute: 28.079 V
[LIFT] V_Motors: 27.289 V
[LIFT] V_Compute: 28.080 V
[LIFT] V_Motors: 27.289 V
[LIFT] V_Compute: 28.074 V
[LIFT] V_Motors: 27.276 V
[LIFT] V_Compute: 28.083 V
[LIFT] V_Motors: 27.288 V
[LIFT] V_Compute: 28.086 V
[LIFT] V_Motors: 27.295 V
[LIFT] V_Compute: 28.080 V
[LIFT] V_Motors: 27.290 V
[LIFT] V_Compute: 28.061 V
[LIFT] V_Motors: 27.274 V
[LIFT] V_Compute: 28.085 V
[LIFT] V_Motors: 27.291 V
[LIFT] V_Compute: 28.085 V
[LIFT] V_Motors: 27.286 V
[LIFT] V_Compute: 28.081 V
[LIFT] V_Motors: 27.286 V
[LIFT] V_Compute: 28.076 V
[LIFT] V_Motors: 27.289 V
[LIFT] V_Compute: 28.080 V
[LIFT] V_Motors: 27.291 V
[LIFT] V_Compute: 28.075 V
[LIFT] V_Motors: 27.284 V
[LIFT] V_Compute: 28.081 V
[LIFT] V_Motors: 27.288 V
[LIFT] V_Compute: 28.085 V
[LIFT] V_Motors: 27.282 V
[LIFT] V_Compute: 28.083 V
[LIFT] V_Motors: 27.292 V
[LIFT] V_Compute: 28.079 V
[LIFT] V_Motors: 27.290 V
[LIFT] V_Compute: 28.081 V
[LIFT] V_Motors: 27.292 V
[LIFT] V_Compute: 28.069 V
[LIFT] V_Motors: 27.282 V
[LIFT] V_Compute: 28.086 V
[LIFT] V_Motors: 27.290 V
[LIFT] V_Compute: 28.083 V
[LIFT] V_Motors: 27.289 V
[LIFT] V_Compute: 28.075 V
[LIFT] V_Motors: 27.294 V
[LIFT] V_Compute: 28.069 V
[LIFT] V_Motors: 27.274 V
[LIFT] V_Compute: 28.069 V
[LIFT] V_Motors: 27.285 V
[LIFT] V_Compute: 28.060 V
[LIFT] V_Motors: 27.277 V
[LIFT] V_Compute: 28.064 V
[LIFT] V_Motors: 27.274 V
[LIFT] V_Compute: 28.075 V
[LIFT] V_Motors: 27.277 V
[LIFT] V_Compute: 28.075 V
[LIFT] V_Motors: 27.285 V
[LIFT] V_Compute: 28.067 V
[LIFT] V_Motors: 27.280 V
[LIFT] V_Compute: 28.077 V
[LIFT] V_Motors: 27.289 V
[LIFT] V_Compute: 28.074 V
[LIFT] V_Motors: 27.281 V
[LIFT] V_Compute: 28.072 V
[LIFT] V_Motors: 27.282 V
[LIFT] V_Compute: 28.066 V
[LIFT] V_Motors: 27.289 V
[LIFT] V_Compute: 28.079 V
[LIFT] V_Motors: 27.288 V
[LIFT] V_Compute: 28.077 V
[LIFT] V_Motors: 27.289 V
[LIFT] V_Compute: 28.081 V
[LIFT] V_Motors: 27.295 V
[LIFT] V_Compute: 28.049 V
[LIFT] V_Motors: 27.266 V
[LIFT] V_Compute: 28.061 V
[LIFT] V_Motors: 27.272 V
[LIFT] V_Compute: 28.076 V
[LIFT] V_Motors: 27.285 V
[LIFT] V_Compute: 28.075 V
[LIFT] V_Motors: 27.282 V
[LIFT] V_Compute: 28.076 V
[LIFT] V_Motors: 27.285 V
[LIFT] V_Compute: 28.058 V
[LIFT] V_Motors: 27.270 V
[LIFT] V_Compute: 28.079 V
[LIFT] V_Motors: 27.289 V
[LIFT] V_Compute: 28.079 V
[LIFT] V_Motors: 27.290 V
[LIFT] V_Compute: 28.079 V
[LIFT] V_Motors: 27.286 V

RPC Server stopping...
[YOR] base PID: restoring stock swerve gains
[YOR] base PID: /home/pi-v3/YOR-v3-try/config/base_pid_stock.json, PID slot 0
[YOR] base PID:   written     FL drive (CAN 1): p=0.20000000298023224, i=0.0, d=0.10000000149011612, velocity_ff=0.0, output_min=-1.0, output_max=1.0
[YOR] base PID:   written     RL drive (CAN 2): p=0.20000000298023224, i=0.0, d=0.10000000149011612, velocity_ff=0.0, output_min=-1.0, output_max=1.0
[YOR] base PID:   written     RR drive (CAN 3): p=0.20000000298023224, i=0.0, d=0.10000000149011612, velocity_ff=0.0, output_min=-1.0, output_max=1.0
[YOR] base PID:   written     FR drive (CAN 4): p=0.20000000298023224, i=0.0, d=0.10000000149011612, velocity_ff=0.0, output_min=-1.0, output_max=1.0
[YOR] base PID:   already-set FL steering (CAN 5): p=2.0, i=0.0, d=0.009999999776482582, velocity_ff=0.0, output_min=-1.0, output_max=1.0
[YOR] base PID:   already-set RL steering (CAN 6): p=2.0, i=0.0, d=0.009999999776482582, velocity_ff=0.0, output_min=-1.0, output_max=1.0
[YOR] base PID:   already-set RR steering (CAN 7): p=2.0, i=0.0, d=0.009999999776482582, velocity_ff=0.0, output_min=-1.0, output_max=1.0
[YOR] base PID:   already-set FR steering (CAN 8): p=2.0, i=0.0, d=0.009999999776482582, velocity_ff=0.0, output_min=-1.0, output_max=1.0
[YOR] base PID: 4 controller(s) already commissioned, 4 written, 0 problem(s)
[YOR] base PID: 0.2s
