[console-log] mirroring output to /home/pi-v3/YOR-v3-try/artifacts/wholebody_logs/yor_20260824_215338.log
[yor] posture-fix: stiffen_joint7=True (scale=3x), refresh_target=True, redundancy_resolution=dls_projector (dls_damping=0.05)
[yor] null-space: swivel_weight=1 (gain=1, target=latched-from-pose), continuity_weight=0, manipulability=False
[YOR] base: drive command scale 1.068 (from base_pid_hybrid.json)
[PicoLift] Opening serial /dev/serial/by-id/usb-FTDI_FT232R_USB_UART_BG02XPI5-if00-port0 @ 115200...
[PicoLift] Serial open OK
[YOR] base PID: syncing swerve gains
[YOR] base PID: /home/pi-v3/YOR-v3-try/config/base_pid_hybrid.json, PID slot 0
[YOR] base PID:   written     FL drive (CAN 1): p=0.3499999940395355, i=0.0, d=0.0, velocity_ff=0.23000000417232513, output_min=-1.0, output_max=1.0
[YOR] base PID:   written     RL drive (CAN 2): p=0.3499999940395355, i=0.0, d=0.0, velocity_ff=0.23000000417232513, output_min=-1.0, output_max=1.0
[YOR] base PID:   written     RR drive (CAN 3): p=0.3499999940395355, i=0.0, d=0.0, velocity_ff=0.23000000417232513, output_min=-1.0, output_max=1.0
[YOR] base PID:   written     FR drive (CAN 4): p=0.3499999940395355, i=0.0, d=0.0, velocity_ff=0.23000000417232513, output_min=-1.0, output_max=1.0
[YOR] base PID:   already-set FL steering (CAN 5): p=2.0, i=0.0, d=0.009999999776482582, velocity_ff=0.0, output_min=-1.0, output_max=1.0
[YOR] base PID:   already-set RL steering (CAN 6): p=2.0, i=0.0, d=0.009999999776482582, velocity_ff=0.0, output_min=-1.0, output_max=1.0
[YOR] base PID:   already-set RR steering (CAN 7): p=2.0, i=0.0, d=0.009999999776482582, velocity_ff=0.0, output_min=-1.0, output_max=1.0
[YOR] base PID:   already-set FR steering (CAN 8): p=2.0, i=0.0, d=0.009999999776482582, velocity_ff=0.0, output_min=-1.0, output_max=1.0
[YOR] base PID: 4 controller(s) already commissioned, 4 written, 0 problem(s)
[YOR] base PID: 0.2s
[YOR] base config: idle_mode=0 ctrl_type=MIXED [('FL drive', 1), ('FL steering', 3), ('FR drive', 1), ('FR steering', 3), ('RL drive', 1), ('RL steering', 3), ('RR drive', 1), ('RR steering', 3)]
[YOR] base config: velocity_cf=MIXED [('FL drive', 0.000846326001919806), ('FL steering', 1.0), ('FR drive', 0.000846326001919806), ('FR steering', 1.0), ('RL drive', 0.000846326001919806), ('RL steering', 1.0), ('RR drive', 0.000846326001919806), ('RR steering', 1.0)] position_cf=1.0 (drive_command_scale=1.068)
[YOR] base: locked at zero velocity for startup homing
[YOR] recording swerve telemetry to /home/pi-v3/YOR-v3-try/artifacts/wholebody_logs/swerve/swerve_20260824_215338.csv
[YOR] lift: waiting for controller to be ready...
[LIFT] Lift controller ready.
[PicoLift] controller reset — height invalidated, needs home
[LIFT] Capabilities: lift_velocity_v1
[PicoLift] firmware capabilities: lift_velocity_v1
[LIFT] Python commands: up, down, stop, home, vel <signed mm/s>
[LIFT] Optional commands: up 200, down 200, status, power on, power off
[LIFT] Height: unknown (run home)
[LIFT] V_Compute: 28.177 V
[LIFT] V_Motors: 27.789 V
[YOR] lift: homing at startup; waiting up to 30s
[PicoLift] sent 'home'
[PicoLift] sent 'status'
[PicoLift] sent 'status'
[LIFT] Homing UP...
[LIFT] V_Compute: 28.185 V
[LIFT] V_Motors: 27.754 V
[LIFT] Height: unknown (run home)
[LIFT] Upper limit: clear
[LIFT] Lower limit: clear
[LIFT] Motion: UP
[LIFT] Velocity: 0.00 mm/s
[LIFT] Capabilities: lift_velocity_v1
[PicoLift] firmware capabilities: lift_velocity_v1
[LIFT] Height: unknown (run home)
[LIFT] Upper limit: clear
[LIFT] Lower limit: clear
[LIFT] Motion: UP
[LIFT] Velocity: 0.00 mm/s
[LIFT] Capabilities: lift_velocity_v1
[PicoLift] firmware capabilities: lift_velocity_v1
[LIFT] Height: unknown (run home)
[LIFT] Height: unknown (run home)
[LIFT] Height: unknown (run home)
[LIFT] Height: unknown (run home)
[LIFT] Height: unknown (run home)
[LIFT] Height: unknown (run home)
[LIFT] Height: unknown (run home)
[LIFT] Height: unknown (run home)
[LIFT] Height: unknown (run home)
[LIFT] Height: unknown (run home)
[LIFT] Height: unknown (run home)
[LIFT] Height: unknown (run home)
[LIFT] Height: unknown (run home)
[LIFT] Height: unknown (run home)
[LIFT] Height: unknown (run home)
[LIFT] Height: unknown (run home)
[LIFT] Height: unknown (run home)
[LIFT] Height: unknown (run home)
[PicoLift] sent 'status'
[LIFT] Upper limit: clear
[LIFT] Lower limit: clear
[LIFT] Motion: UP
[LIFT] Velocity: 0.00 mm/s
[LIFT] Capabilities: lift_velocity_v1
[PicoLift] firmware capabilities: lift_velocity_v1
[LIFT] Height: unknown (run home)
[LIFT] V_Compute: 28.176 V
[LIFT] V_Motors: 27.761 V
[LIFT] Height: unknown (run home)
[LIFT] Height: unknown (run home)
[LIFT] Height: unknown (run home)
[LIFT] Height: unknown (run home)
[LIFT] Height: unknown (run home)
[LIFT] Height: unknown (run home)
[LIFT] Height: unknown (run home)
[LIFT] Height: unknown (run home)
[LIFT] Height: unknown (run home)
[LIFT] Height: unknown (run home)
[LIFT] Height: unknown (run home)
[LIFT] Height: unknown (run home)
[LIFT] Height: unknown (run home)
[LIFT] Height: unknown (run home)
[LIFT] Height: unknown (run home)
[LIFT] Height: unknown (run home)
[LIFT] Height: unknown (run home)
[LIFT] Height: unknown (run home)
[PicoLift] sent 'status'
[LIFT] Upper limit: clear
[LIFT] Lower limit: clear
[LIFT] Motion: UP
[LIFT] Velocity: 0.00 mm/s
[LIFT] Capabilities: lift_velocity_v1
[PicoLift] firmware capabilities: lift_velocity_v1
[LIFT] Height: unknown (run home)
[LIFT] V_Compute: 28.173 V
[LIFT] V_Motors: 27.757 V
[LIFT] Height: unknown (run home)
[LIFT] Height: unknown (run home)
[LIFT] Height: unknown (run home)
[LIFT] Height: unknown (run home)
[LIFT] Height: unknown (run home)
[LIFT] Height: unknown (run home)
[LIFT] Height: unknown (run home)
[LIFT] Height: unknown (run home)
[LIFT] Height: unknown (run home)
[LIFT] Height: unknown (run home)
[LIFT] Height: unknown (run home)
[LIFT] Height: unknown (run home)
[LIFT] Height: unknown (run home)
[LIFT] Height: unknown (run home)
[LIFT] Height: unknown (run home)
[LIFT] Height: unknown (run home)
[LIFT] Height: unknown (run home)
[LIFT] Height: unknown (run home)
[PicoLift] sent 'status'
[LIFT] Upper limit: clear
[LIFT] Lower limit: clear
[LIFT] Motion: UP
[LIFT] Velocity: 0.00 mm/s
[LIFT] Capabilities: lift_velocity_v1
[PicoLift] firmware capabilities: lift_velocity_v1
[LIFT] Height: unknown (run home)
[LIFT] V_Compute: 28.183 V
[LIFT] V_Motors: 27.761 V
[LIFT] Height: unknown (run home)
[LIFT] Height: unknown (run home)
[LIFT] Height: unknown (run home)
[LIFT] Height: unknown (run home)
[LIFT] Height: unknown (run home)
[LIFT] Height: unknown (run home)
[LIFT] Height: unknown (run home)
[LIFT] Height: unknown (run home)
[LIFT] Height: unknown (run home)
[LIFT] Height: unknown (run home)
[LIFT] Height: unknown (run home)
[LIFT] Height: unknown (run home)
[LIFT] Height: unknown (run home)
[LIFT] Height: unknown (run home)
[LIFT] Height: unknown (run home)
[LIFT] Height: unknown (run home)
[LIFT] Height: unknown (run home)
[LIFT] Height: unknown (run home)
[PicoLift] sent 'status'
[LIFT] Upper limit: clear
[LIFT] Lower limit: clear
[LIFT] Motion: UP
[LIFT] Velocity: 0.00 mm/s
[LIFT] Capabilities: lift_velocity_v1
[PicoLift] firmware capabilities: lift_velocity_v1
[LIFT] Height: unknown (run home)
[LIFT] V_Compute: 28.173 V
[LIFT] V_Motors: 27.765 V
[LIFT] Height: unknown (run home)
[LIFT] Height: unknown (run home)
[LIFT] Height: unknown (run home)
[LIFT] Height: unknown (run home)
[LIFT] Height: unknown (run home)
[LIFT] Height: unknown (run home)
[LIFT] Height: unknown (run home)
[LIFT] Height: unknown (run home)
[LIFT] Height: unknown (run home)
[LIFT] Height: unknown (run home)
[LIFT] Height: unknown (run home)
[LIFT] Height: unknown (run home)
[LIFT] Height: unknown (run home)
[LIFT] Height: unknown (run home)
[LIFT] Height: unknown (run home)
[LIFT] Height: unknown (run home)
[LIFT] Height: unknown (run home)
[LIFT] Height: unknown (run home)
[PicoLift] sent 'status'
[LIFT] Upper limit: clear
[LIFT] Lower limit: clear
[LIFT] Motion: UP
[LIFT] Velocity: 0.00 mm/s
[LIFT] Capabilities: lift_velocity_v1
[PicoLift] firmware capabilities: lift_velocity_v1
[LIFT] Height: unknown (run home)
[LIFT] V_Compute: 28.173 V
[LIFT] V_Motors: 27.746 V
[LIFT] Height: unknown (run home)
[LIFT] Height: unknown (run home)
[LIFT] Height: unknown (run home)
[LIFT] Height: unknown (run home)
[LIFT] Height: unknown (run home)
[LIFT] Height: unknown (run home)
[LIFT] Height: unknown (run home)
[LIFT] Height: unknown (run home)
[LIFT] Height: unknown (run home)
[LIFT] Height: unknown (run home)
[LIFT] Height: unknown (run home)
[LIFT] Height: unknown (run home)
[LIFT] Height: unknown (run home)
[LIFT] Height: unknown (run home)
[LIFT] Height: unknown (run home)
[LIFT] Height: unknown (run home)
[LIFT] Height: unknown (run home)
[LIFT] Height: unknown (run home)
[PicoLift] sent 'status'
[LIFT] Upper limit: clear
[LIFT] Lower limit: clear
[LIFT] Motion: UP
[LIFT] Velocity: 0.00 mm/s
[LIFT] Capabilities: lift_velocity_v1
[PicoLift] firmware capabilities: lift_velocity_v1
[LIFT] Height: unknown (run home)
[LIFT] Height: unknown (run home)
[LIFT] V_Compute: 28.150 V
[LIFT] V_Motors: 27.757 V
[LIFT] Height: unknown (run home)
[LIFT] Height: unknown (run home)
[LIFT] Height: unknown (run home)
[LIFT] Height: unknown (run home)
[LIFT] Height: unknown (run home)
[LIFT] Height: unknown (run home)
[LIFT] Height: unknown (run home)
[LIFT] Height: unknown (run home)
[LIFT] Height: unknown (run home)
[LIFT] Height: unknown (run home)
[LIFT] Height: unknown (run home)
[LIFT] Height: unknown (run home)
[LIFT] Height: unknown (run home)
[LIFT] Height: unknown (run home)
[LIFT] Height: unknown (run home)
[LIFT] Height: unknown (run home)
[LIFT] Height: unknown (run home)
[PicoLift] sent 'status'
[LIFT] Upper limit: clear
[LIFT] Lower limit: clear
[LIFT] Motion: UP
[LIFT] Velocity: 0.00 mm/s
[LIFT] Capabilities: lift_velocity_v1
[PicoLift] firmware capabilities: lift_velocity_v1
[LIFT] Height: unknown (run home)
[LIFT] V_Compute: 28.165 V
[LIFT] V_Motors: 27.747 V
[LIFT] Height: unknown (run home)
[LIFT] Height: unknown (run home)
[LIFT] Height: unknown (run home)
[LIFT] Height: unknown (run home)
[LIFT] Height: unknown (run home)
[LIFT] Height: unknown (run home)
[LIFT] Height: unknown (run home)
[LIFT] Height: unknown (run home)
[LIFT] Height: unknown (run home)
[LIFT] Height: unknown (run home)
[LIFT] Height: unknown (run home)
[LIFT] Height: unknown (run home)
[LIFT] Height: unknown (run home)
[LIFT] Height: unknown (run home)
[LIFT] Height: unknown (run home)
[LIFT] Height: unknown (run home)
[LIFT] Height: unknown (run home)
[LIFT] Height: unknown (run home)
[PicoLift] sent 'status'
[LIFT] Upper limit: clear
[LIFT] Lower limit: clear
[LIFT] Motion: UP
[LIFT] Velocity: 0.00 mm/s
[LIFT] Capabilities: lift_velocity_v1
[PicoLift] firmware capabilities: lift_velocity_v1
[LIFT] Height: unknown (run home)
[LIFT] V_Compute: 28.155 V
[LIFT] V_Motors: 27.744 V
[LIFT] Height: unknown (run home)
[LIFT] Height: unknown (run home)
[LIFT] Height: unknown (run home)
[LIFT] Height: unknown (run home)
[LIFT] Height: unknown (run home)
[LIFT] Height: unknown (run home)
[LIFT] Height: unknown (run home)
[LIFT] Height: unknown (run home)
[LIFT] Height: unknown (run home)
[LIFT] Height: unknown (run home)
[LIFT] Height: unknown (run home)
[LIFT] Height: unknown (run home)
[LIFT] Height: unknown (run home)
[LIFT] Height: unknown (run home)
[LIFT] Height: unknown (run home)
[LIFT] Height: unknown (run home)
[LIFT] Height: unknown (run home)
[LIFT] Height: unknown (run home)
[PicoLift] sent 'status'
[LIFT] Upper limit: clear
[LIFT] Lower limit: clear
[LIFT] Motion: UP
[LIFT] Velocity: 0.00 mm/s
[LIFT] Capabilities: lift_velocity_v1
[PicoLift] firmware capabilities: lift_velocity_v1
[LIFT] Height: unknown (run home)
[LIFT] V_Compute: 28.166 V
[LIFT] V_Motors: 27.744 V
[LIFT] Height: unknown (run home)
[LIFT] Height: unknown (run home)
[LIFT] Height: unknown (run home)
[LIFT] Height: unknown (run home)
[LIFT] Height: unknown (run home)
[LIFT] Height: unknown (run home)
[LIFT] Height: unknown (run home)
[LIFT] Height: unknown (run home)
[LIFT] Height: unknown (run home)
[LIFT] Height: unknown (run home)
[LIFT] Height: unknown (run home)
[LIFT] Height: unknown (run home)
[LIFT] Height: unknown (run home)
[LIFT] Height: unknown (run home)
[LIFT] Height: unknown (run home)
[LIFT] Height: unknown (run home)
[LIFT] Height: unknown (run home)
[LIFT] Height: unknown (run home)
[PicoLift] sent 'status'
[LIFT] Upper limit: clear
[LIFT] Lower limit: clear
[LIFT] Motion: UP
[LIFT] Velocity: 0.00 mm/s
[LIFT] Capabilities: lift_velocity_v1
[PicoLift] firmware capabilities: lift_velocity_v1
[LIFT] Height: unknown (run home)
[LIFT] V_Compute: 28.175 V
[LIFT] V_Motors: 27.756 V
[LIFT] Height: unknown (run home)
[LIFT] Height: unknown (run home)
[LIFT] Height: unknown (run home)
[LIFT] Height: unknown (run home)
[LIFT] Height: unknown (run home)
[LIFT] Height: unknown (run home)
[LIFT] Height: unknown (run home)
[LIFT] Height: unknown (run home)
[LIFT] Height: unknown (run home)
[LIFT] Height: unknown (run home)
[LIFT] Height: unknown (run home)
[LIFT] Height: unknown (run home)
[LIFT] Height: unknown (run home)
[LIFT] Height: unknown (run home)
[LIFT] Height: unknown (run home)
[LIFT] Height: unknown (run home)
[LIFT] Height: unknown (run home)
[LIFT] Height: unknown (run home)
[PicoLift] sent 'status'
[LIFT] Height: unknown (run home)
[LIFT] Upper limit: clear
[LIFT] Lower limit: clear
[LIFT] Motion: UP
[LIFT] Velocity: 0.00 mm/s
[LIFT] Capabilities: lift_velocity_v1
[PicoLift] firmware capabilities: lift_velocity_v1
[LIFT] Height: unknown (run home)
[LIFT] V_Compute: 28.177 V
[LIFT] V_Motors: 27.765 V
[LIFT] Height: unknown (run home)
[LIFT] Height: unknown (run home)
[LIFT] Height: unknown (run home)
[LIFT] Height: unknown (run home)
[LIFT] Height: unknown (run home)
[LIFT] Height: unknown (run home)
[LIFT] Height: unknown (run home)
[LIFT] Height: unknown (run home)
[LIFT] Height: unknown (run home)
[LIFT] Height: unknown (run home)
[LIFT] Height: unknown (run home)
[LIFT] Height: unknown (run home)
[LIFT] Height: unknown (run home)
[LIFT] Height: unknown (run home)
[LIFT] Height: unknown (run home)
[LIFT] Height: unknown (run home)
[LIFT] Height: unknown (run home)
[PicoLift] sent 'status'
[LIFT] Height: unknown (run home)
[LIFT] Upper limit: clear
[LIFT] Lower limit: clear
[LIFT] Motion: UP
[LIFT] Velocity: 0.00 mm/s
[LIFT] Capabilities: lift_velocity_v1
[PicoLift] firmware capabilities: lift_velocity_v1
[LIFT] Height: unknown (run home)
[LIFT] V_Compute: 28.167 V
[LIFT] V_Motors: 27.741 V
[LIFT] Height: unknown (run home)
[LIFT] Height: unknown (run home)
[LIFT] Height: unknown (run home)
[LIFT] Height: unknown (run home)
[LIFT] Height: unknown (run home)
[LIFT] Height: unknown (run home)
[LIFT] Height: unknown (run home)
[LIFT] Height: unknown (run home)
[LIFT] Height: unknown (run home)
[LIFT] Height: unknown (run home)
[LIFT] Height: unknown (run home)
[LIFT] Height: unknown (run home)
[LIFT] Height: unknown (run home)
[LIFT] Height: unknown (run home)
[LIFT] Height: unknown (run home)
[LIFT] Height: unknown (run home)
[LIFT] Height: unknown (run home)
[PicoLift] sent 'status'
[LIFT] Height: unknown (run home)
[LIFT] Upper limit: clear
[LIFT] Lower limit: clear
[LIFT] Motion: UP
[LIFT] Velocity: 0.00 mm/s
[LIFT] Capabilities: lift_velocity_v1
[PicoLift] firmware capabilities: lift_velocity_v1
[LIFT] Height: unknown (run home)
[LIFT] V_Compute: 28.151 V
[LIFT] V_Motors: 27.743 V
[LIFT] Height: unknown (run home)
[LIFT] Height: unknown (run home)
[LIFT] Height: unknown (run home)
[LIFT] Height: unknown (run home)
[LIFT] Height: unknown (run home)
[LIFT] Height: unknown (run home)
[LIFT] Height: unknown (run home)
[LIFT] Height: unknown (run home)
[LIFT] Height: unknown (run home)
[LIFT] Height: unknown (run home)
[LIFT] Height: unknown (run home)
[LIFT] Height: unknown (run home)
[LIFT] Height: unknown (run home)
[LIFT] Height: unknown (run home)
[LIFT] Height: unknown (run home)
[LIFT] Height: unknown (run home)
[LIFT] Height: unknown (run home)
[PicoLift] sent 'status'
[LIFT] Height: unknown (run home)
[LIFT] Upper limit: clear
[LIFT] Lower limit: clear
[LIFT] Motion: UP
[LIFT] Velocity: 0.00 mm/s
[LIFT] Capabilities: lift_velocity_v1
[PicoLift] firmware capabilities: lift_velocity_v1
[LIFT] Height: unknown (run home)
[LIFT] V_Compute: 28.167 V
[LIFT] V_Motors: 27.757 V
[LIFT] Height: unknown (run home)
[LIFT] Height: unknown (run home)
[LIFT] Height: unknown (run home)
[LIFT] Height: unknown (run home)
[LIFT] Height: unknown (run home)
[LIFT] Height: unknown (run home)
[LIFT] Height: unknown (run home)
[LIFT] Height: unknown (run home)
[LIFT] Height: unknown (run home)
[LIFT] Height: unknown (run home)
[LIFT] Height: unknown (run home)
[LIFT] Height: unknown (run home)
[LIFT] Height: unknown (run home)
[LIFT] Height: unknown (run home)
[LIFT] Height: unknown (run home)
[LIFT] Height: unknown (run home)
[LIFT] Height: unknown (run home)
[PicoLift] sent 'status'
[LIFT] Height: unknown (run home)
[LIFT] Upper limit: clear
[LIFT] Lower limit: clear
[LIFT] Motion: UP
[LIFT] Velocity: 0.00 mm/s
[LIFT] Capabilities: lift_velocity_v1
[PicoLift] firmware capabilities: lift_velocity_v1
[LIFT] Height: unknown (run home)
[LIFT] V_Compute: 28.170 V
[LIFT] V_Motors: 27.749 V
[LIFT] Height: unknown (run home)
[LIFT] Height: unknown (run home)
[LIFT] Height: unknown (run home)
[LIFT] Height: unknown (run home)
[LIFT] Height: unknown (run home)
[LIFT] Height: unknown (run home)
[LIFT] Height: unknown (run home)
[LIFT] Height: unknown (run home)
[LIFT] Height: unknown (run home)
[LIFT] Height: unknown (run home)
[LIFT] Height: unknown (run home)
[LIFT] Height: unknown (run home)
[LIFT] Height: unknown (run home)
[LIFT] Height: unknown (run home)
[LIFT] Height: unknown (run home)
[LIFT] Height: unknown (run home)
[LIFT] Height: unknown (run home)
[PicoLift] sent 'status'
[LIFT] Height: unknown (run home)
[LIFT] Upper limit: clear
[LIFT] Lower limit: clear
[LIFT] Motion: UP
[LIFT] Velocity: 0.00 mm/s
[LIFT] Capabilities: lift_velocity_v1
[PicoLift] firmware capabilities: lift_velocity_v1
[LIFT] Height: unknown (run home)
[LIFT] V_Compute: 28.174 V
[LIFT] V_Motors: 27.753 V
[LIFT] Height: unknown (run home)
[LIFT] Height: unknown (run home)
[LIFT] Height: unknown (run home)
[LIFT] Height: unknown (run home)
[LIFT] Height: unknown (run home)
[LIFT] Height: unknown (run home)
[LIFT] Height: unknown (run home)
[LIFT] Height: unknown (run home)
[LIFT] Height: unknown (run home)
[LIFT] Height: unknown (run home)
[LIFT] Height: unknown (run home)
[LIFT] Height: unknown (run home)
[LIFT] Height: unknown (run home)
[LIFT] Height: unknown (run home)
[LIFT] Height: unknown (run home)
[LIFT] Height: unknown (run home)
[LIFT] Height: unknown (run home)
[PicoLift] sent 'status'
[LIFT] Height: unknown (run home)
[LIFT] Upper limit: clear
[LIFT] Lower limit: clear
[LIFT] Motion: UP
[LIFT] Velocity: 0.00 mm/s
[LIFT] Capabilities: lift_velocity_v1
[PicoLift] firmware capabilities: lift_velocity_v1
[LIFT] Height: unknown (run home)
[LIFT] V_Compute: 28.173 V
[LIFT] V_Motors: 27.756 V
[LIFT] Height: unknown (run home)
[LIFT] Height: unknown (run home)
[LIFT] Height: unknown (run home)
[LIFT] Height: unknown (run home)
[LIFT] Height: unknown (run home)
[LIFT] Height: unknown (run home)
[LIFT] Height: unknown (run home)
[LIFT] Height: unknown (run home)
[LIFT] Height: unknown (run home)
[LIFT] Height: unknown (run home)
[LIFT] Height: unknown (run home)
[LIFT] Height: unknown (run home)
[LIFT] Height: unknown (run home)
[LIFT] Height: unknown (run home)
[LIFT] Height: unknown (run home)
[LIFT] Height: unknown (run home)
[LIFT] Height: unknown (run home)
[PicoLift] sent 'status'
[LIFT] Height: unknown (run home)
[LIFT] Upper limit: clear
[LIFT] Lower limit: clear
[LIFT] Motion: UP
[LIFT] Velocity: 0.00 mm/s
[LIFT] Capabilities: lift_velocity_v1
[PicoLift] firmware capabilities: lift_velocity_v1
[LIFT] Height: unknown (run home)
[LIFT] V_Compute: 28.164 V
[LIFT] V_Motors: 27.745 V
[LIFT] Height: unknown (run home)
[LIFT] Height: unknown (run home)
[LIFT] Height: unknown (run home)
[LIFT] Height: unknown (run home)
[LIFT] Height: unknown (run home)
[LIFT] Height: unknown (run home)
[LIFT] Height: unknown (run home)
[LIFT] Height: unknown (run home)
[LIFT] Height: unknown (run home)
[LIFT] Height: unknown (run home)
[LIFT] Height: unknown (run home)
[LIFT] Height: unknown (run home)
[LIFT] Height: unknown (run home)
[LIFT] Height: unknown (run home)
[LIFT] Height: unknown (run home)
[LIFT] Height: unknown (run home)
[LIFT] Height: unknown (run home)
[PicoLift] sent 'status'
[LIFT] Height: unknown (run home)
[LIFT] Upper limit: clear
[LIFT] Lower limit: clear
[LIFT] Motion: UP
[LIFT] Velocity: 0.00 mm/s
[LIFT] Capabilities: lift_velocity_v1
[PicoLift] firmware capabilities: lift_velocity_v1
[LIFT] Height: unknown (run home)
[LIFT] V_Compute: 28.171 V
[LIFT] V_Motors: 27.755 V
[LIFT] Height: unknown (run home)
[LIFT] Height: unknown (run home)
[LIFT] Height: unknown (run home)
[LIFT] Height: unknown (run home)
[LIFT] Height: unknown (run home)
[LIFT] Height: unknown (run home)
[LIFT] Height: unknown (run home)
[LIFT] Height: unknown (run home)
[LIFT] Height: unknown (run home)
[LIFT] Height: unknown (run home)
[LIFT] Height: unknown (run home)
[LIFT] Height: unknown (run home)
[LIFT] Height: unknown (run home)
[LIFT] Height: unknown (run home)
[LIFT] Height: unknown (run home)
[LIFT] Height: unknown (run home)
[LIFT] Height: unknown (run home)
[LIFT] Height: unknown (run home)
[PicoLift] sent 'status'
[LIFT] Upper limit: clear
[LIFT] Lower limit: clear
[LIFT] Motion: UP
[LIFT] Velocity: 0.00 mm/s
[LIFT] Capabilities: lift_velocity_v1
[PicoLift] firmware capabilities: lift_velocity_v1
[LIFT] Height: unknown (run home)
[LIFT] V_Compute: 28.166 V
[LIFT] V_Motors: 27.760 V
[LIFT] Height: unknown (run home)
[LIFT] Height: unknown (run home)
[LIFT] Height: unknown (run home)
[LIFT] Height: unknown (run home)
[LIFT] Height: unknown (run home)
[LIFT] Height: unknown (run home)
[LIFT] Height: unknown (run home)
[LIFT] Height: unknown (run home)
[LIFT] Height: unknown (run home)
[LIFT] Height: unknown (run home)
[LIFT] Height: unknown (run home)
[LIFT] Height: unknown (run home)
[LIFT] Height: unknown (run home)
[LIFT] Height: unknown (run home)
[LIFT] Height: unknown (run home)
[LIFT] Height: unknown (run home)
[LIFT] Height: unknown (run home)
[LIFT] Height: unknown (run home)
[PicoLift] sent 'status'
[LIFT] Upper limit: clear
[LIFT] Lower limit: clear
[LIFT] Motion: UP
[LIFT] Velocity: 0.00 mm/s
[LIFT] Capabilities: lift_velocity_v1
[PicoLift] firmware capabilities: lift_velocity_v1
[LIFT] Height: unknown (run home)
[LIFT] V_Compute: 28.155 V
[LIFT] V_Motors: 27.736 V
[LIFT] Height: unknown (run home)
[LIFT] Height: unknown (run home)
[LIFT] Height: unknown (run home)
[LIFT] Height: unknown (run home)
[LIFT] Height: unknown (run home)
[LIFT] Height: unknown (run home)
[LIFT] Height: unknown (run home)
[LIFT] Height: unknown (run home)
[LIFT] Height: unknown (run home)
[LIFT] Height: unknown (run home)
[LIFT] Height: unknown (run home)
[LIFT] Height: unknown (run home)
[LIFT] Height: unknown (run home)
[LIFT] Height: unknown (run home)
[LIFT] Height: unknown (run home)
[LIFT] Height: unknown (run home)
[LIFT] Height: unknown (run home)
[LIFT] Height: unknown (run home)
[PicoLift] sent 'status'
[LIFT] Upper limit: clear
[LIFT] Lower limit: clear
[LIFT] Motion: UP
[LIFT] Velocity: 0.00 mm/s
[LIFT] Capabilities: lift_velocity_v1
[PicoLift] firmware capabilities: lift_velocity_v1
[LIFT] Height: unknown (run home)
[LIFT] V_Compute: 28.167 V
[LIFT] V_Motors: 27.754 V
[LIFT] Height: unknown (run home)
[LIFT] Height: unknown (run home)
[LIFT] Height: unknown (run home)
[LIFT] Height: unknown (run home)
[LIFT] Height: unknown (run home)
[LIFT] Height: unknown (run home)
[LIFT] Height: unknown (run home)
[LIFT] Height: unknown (run home)
[LIFT] Height: unknown (run home)
[LIFT] Height: unknown (run home)
[LIFT] Height: unknown (run home)
[LIFT] Height: unknown (run home)
[LIFT] Height: unknown (run home)
[LIFT] Height: unknown (run home)
[LIFT] Height: unknown (run home)
[LIFT] Height: unknown (run home)
[LIFT] Height: unknown (run home)
[LIFT] Height: unknown (run home)
[PicoLift] sent 'status'
[LIFT] Upper limit: clear
[LIFT] Lower limit: clear
[LIFT] Motion: UP
[LIFT] Velocity: 0.00 mm/s
[LIFT] Capabilities: lift_velocity_v1
[PicoLift] firmware capabilities: lift_velocity_v1
[LIFT] Height: unknown (run home)
[LIFT] V_Compute: 28.167 V
[LIFT] V_Motors: 27.737 V
[LIFT] Height: unknown (run home)
[LIFT] Height: unknown (run home)
[LIFT] Height: unknown (run home)
[LIFT] Height: unknown (run home)
[LIFT] Height: unknown (run home)
[LIFT] Height: unknown (run home)
[LIFT] Height: unknown (run home)
[LIFT] Height: unknown (run home)
[LIFT] Height: unknown (run home)
[LIFT] Height: unknown (run home)
[LIFT] Height: unknown (run home)
[LIFT] Height: unknown (run home)
[LIFT] Height: unknown (run home)
[LIFT] Height: unknown (run home)
[LIFT] Height: unknown (run home)
[LIFT] Height: unknown (run home)
[LIFT] Height: unknown (run home)
[LIFT] Height: unknown (run home)
[PicoLift] sent 'status'
[LIFT] Upper limit: clear
[LIFT] Lower limit: clear
[LIFT] Motion: UP
[LIFT] Velocity: 0.00 mm/s
[LIFT] Capabilities: lift_velocity_v1
[PicoLift] firmware capabilities: lift_velocity_v1
[LIFT] Height: unknown (run home)
[LIFT] V_Compute: 28.160 V
[LIFT] V_Motors: 27.741 V
[LIFT] Height: unknown (run home)
[LIFT] Height: unknown (run home)
[LIFT] Height: unknown (run home)
[LIFT] Height: unknown (run home)
[LIFT] Height: unknown (run home)
[LIFT] Height: unknown (run home)
[LIFT] Height: unknown (run home)
[LIFT] Height: unknown (run home)
[LIFT] Height: unknown (run home)
[LIFT] Height: unknown (run home)
[LIFT] Height: unknown (run home)
[LIFT] Height: unknown (run home)
[LIFT] Height: unknown (run home)
[LIFT] Height: unknown (run home)
[LIFT] Height: unknown (run home)
[LIFT] Height: unknown (run home)
[LIFT] Height: unknown (run home)
[LIFT] Height: unknown (run home)
[PicoLift] sent 'status'
[LIFT] Upper limit: clear
[LIFT] Lower limit: clear
[LIFT] Motion: UP
[LIFT] Velocity: 0.00 mm/s
[LIFT] Capabilities: lift_velocity_v1
[PicoLift] firmware capabilities: lift_velocity_v1
[LIFT] Height: unknown (run home)
[LIFT] V_Compute: 28.161 V
[LIFT] V_Motors: 27.747 V
[LIFT] Height: unknown (run home)
[LIFT] Height: unknown (run home)
[LIFT] Height: unknown (run home)
[LIFT] Height: unknown (run home)
[LIFT] Height: unknown (run home)
[LIFT] Height: unknown (run home)
[LIFT] Height: unknown (run home)
[LIFT] Height: unknown (run home)
[LIFT] Height: unknown (run home)
[LIFT] Height: unknown (run home)
[LIFT] Height: unknown (run home)
[LIFT] Home complete.
[PicoLift] sent 'status'
[PicoLift] sent 'status'
[YOR] lift: home complete at 0.9 m
[YOR] lift: moving to 450 mm from zero
[PicoLift] sent 'down 450.00'
[LIFT] Upper limit: ACTIVE
[LIFT] Lower limit: clear
[LIFT] Motion: IDLE
[LIFT] Velocity: 0.00 mm/s
[LIFT] Capabilities: lift_velocity_v1
[PicoLift] firmware capabilities: lift_velocity_v1
[LIFT] V_Compute: 28.170 V
[LIFT] V_Motors: 27.770 V
[LIFT] Upper limit: ACTIVE
[LIFT] Lower limit: clear
[LIFT] Motion: IDLE
[LIFT] Velocity: 0.00 mm/s
[LIFT] Capabilities: lift_velocity_v1
[PicoLift] firmware capabilities: lift_velocity_v1
[LIFT] Moving DOWN 450.00 mm
[LIFT] V_Compute: 28.166 V
[LIFT] V_Motors: 27.720 V
[LIFT] V_Compute: 28.166 V
[LIFT] V_Motors: 27.769 V
[LIFT] V_Compute: 28.183 V
[LIFT] V_Motors: 27.765 V
[LIFT] V_Compute: 28.180 V
[LIFT] V_Motors: 27.751 V
[LIFT] V_Compute: 28.175 V
[LIFT] V_Motors: 27.754 V
[LIFT] V_Compute: 28.173 V
[LIFT] V_Motors: 27.757 V
[LIFT] V_Compute: 28.156 V
[LIFT] V_Motors: 27.771 V
[LIFT] V_Compute: 28.163 V
[LIFT] V_Motors: 27.749 V
[LIFT] V_Compute: 28.170 V
[LIFT] V_Motors: 27.763 V
[LIFT] V_Compute: 28.174 V
[LIFT] V_Motors: 27.763 V
[LIFT] V_Compute: 28.165 V
[LIFT] V_Motors: 27.755 V
[LIFT] V_Compute: 28.176 V
[LIFT] V_Motors: 27.763 V
[LIFT] V_Compute: 28.174 V
[LIFT] V_Motors: 27.771 V
[LIFT] V_Compute: 28.169 V
[LIFT] V_Motors: 27.764 V
[LIFT] V_Compute: 28.173 V
[LIFT] V_Motors: 27.765 V
[LIFT] V_Compute: 28.171 V
[LIFT] V_Motors: 27.763 V
[LIFT] V_Compute: 28.167 V
[LIFT] V_Motors: 27.757 V
[PicoLift] sent 'stop'
[YOR] lift: startup position 0.45175299999999996 m
[LIFT] V_Compute: 28.175 V
[LIFT] V_Motors: 27.761 V
[LIFT] Motion stopped by user.
[LIFT] V_Compute: 28.173 V
[LIFT] V_Motors: 27.775 V
[LIFT] V_Compute: 28.173 V
[LIFT] V_Motors: 27.772 V
[LIFT] V_Compute: 28.174 V
[LIFT] V_Motors: 27.780 V
[LIFT] V_Compute: 28.179 V
[LIFT] V_Motors: 27.780 V
[LIFT] V_Compute: 28.173 V
[LIFT] V_Motors: 27.776 V
[LIFT] V_Compute: 28.176 V
[LIFT] V_Motors: 27.774 V
[LIFT] V_Compute: 28.166 V
[LIFT] V_Motors: 27.772 V
[LIFT] V_Compute: 28.177 V
[LIFT] V_Motors: 27.776 V
[LIFT] V_Compute: 28.170 V
[LIFT] V_Motors: 27.776 V
[LIFT] V_Compute: 28.173 V
[LIFT] V_Motors: 27.772 V
[LIFT] V_Compute: 28.179 V
[LIFT] V_Motors: 27.771 V
[LIFT] V_Compute: 28.175 V
[LIFT] V_Motors: 27.769 V
[LIFT] V_Compute: 28.173 V
[LIFT] V_Motors: 27.769 V
[LIFT] V_Compute: 28.177 V
[LIFT] V_Motors: 27.771 V
[LIFT] V_Compute: 28.171 V
[LIFT] V_Motors: 27.769 V
[LIFT] V_Compute: 28.171 V
[LIFT] V_Motors: 27.776 V
[LIFT] V_Compute: 28.164 V
[LIFT] V_Motors: 27.765 V
[LIFT] V_Compute: 28.161 V
[LIFT] V_Motors: 27.766 V
[LIFT] V_Compute: 28.161 V
[LIFT] V_Motors: 27.765 V
[LIFT] V_Compute: 28.161 V
[LIFT] V_Motors: 27.769 V
[LIFT] V_Compute: 28.156 V
[LIFT] V_Motors: 27.765 V
[LIFT] V_Compute: 28.165 V
[LIFT] V_Motors: 27.764 V
[LIFT] V_Compute: 28.166 V
[LIFT] V_Motors: 27.771 V
[LIFT] V_Compute: 28.160 V
[LIFT] V_Motors: 27.764 V
[LIFT] V_Compute: 28.155 V
[LIFT] V_Motors: 27.765 V
[LIFT] V_Compute: 28.167 V
[LIFT] V_Motors: 27.767 V
[LIFT] V_Compute: 28.161 V
[LIFT] V_Motors: 27.767 V
[LIFT] V_Compute: 28.163 V
[LIFT] V_Motors: 27.766 V
[LIFT] V_Compute: 28.154 V
[LIFT] V_Motors: 27.763 V
[LIFT] V_Compute: 28.164 V
[LIFT] V_Motors: 27.769 V
[LIFT] V_Compute: 28.166 V
[LIFT] V_Motors: 27.770 V
[LIFT] V_Compute: 28.156 V
[LIFT] V_Motors: 27.757 V
[LIFT] V_Compute: 28.165 V
[LIFT] V_Motors: 27.764 V
[LIFT] V_Compute: 28.165 V
[LIFT] V_Motors: 27.766 V
[LIFT] V_Compute: 28.163 V
[LIFT] V_Motors: 27.765 V
SLAM pose subscriber initialized
[YOR] follow_path: n=24 first=(-0.01460000276565554, 0.010799884796142578) last=(4.785399997234345, -0.6392001152038578)
[LIFT] V_Compute: 28.161 V
[LIFT] V_Motors: 27.729 V
[LIFT] V_Compute: 28.163 V
[LIFT] V_Motors: 27.726 V
[LIFT] V_Compute: 28.164 V
[LIFT] V_Motors: 27.737 V
[LIFT] V_Compute: 28.154 V
[LIFT] V_Motors: 27.741 V
[LIFT] V_Compute: 28.154 V
[LIFT] V_Motors: 27.732 V
[LIFT] V_Compute: 28.165 V
[LIFT] V_Motors: 27.739 V
[LIFT] V_Compute: 28.167 V
[LIFT] V_Motors: 27.732 V
[LIFT] V_Compute: 28.165 V
[LIFT] V_Motors: 27.739 V
[LIFT] V_Compute: 28.166 V
[LIFT] V_Motors: 27.732 V
[LIFT] V_Compute: 28.161 V
[LIFT] V_Motors: 27.732 V
[LIFT] V_Compute: 28.154 V
[LIFT] V_Motors: 27.725 V
[LIFT] V_Compute: 28.166 V
[LIFT] V_Motors: 27.736 V
[LIFT] V_Compute: 28.159 V
[LIFT] V_Motors: 27.718 V
[LIFT] V_Compute: 28.159 V
[LIFT] V_Motors: 27.715 V
[LIFT] V_Compute: 28.155 V
[LIFT] V_Motors: 27.699 V
[LIFT] V_Compute: 28.164 V
[LIFT] V_Motors: 27.726 V
[LIFT] V_Compute: 28.156 V
[LIFT] V_Motors: 27.725 V
[LIFT] V_Compute: 28.165 V
[LIFT] V_Motors: 27.734 V
[LIFT] V_Compute: 28.156 V
[LIFT] V_Motors: 27.718 V
[LIFT] V_Compute: 28.170 V
[LIFT] V_Motors: 27.731 V
[LIFT] V_Compute: 28.165 V
[LIFT] V_Motors: 27.715 V
[LIFT] V_Compute: 28.146 V
[LIFT] V_Motors: 27.710 V
[LIFT] V_Compute: 28.159 V
[LIFT] V_Motors: 27.714 V
[LIFT] V_Compute: 28.166 V
[LIFT] V_Motors: 27.714 V
[LIFT] V_Compute: 28.155 V
[LIFT] V_Motors: 27.726 V
[LIFT] V_Compute: 28.165 V
[LIFT] V_Motors: 27.719 V
[LIFT] V_Compute: 28.152 V
[LIFT] V_Motors: 27.724 V
[LIFT] V_Compute: 28.165 V
[LIFT] V_Motors: 27.728 V
[LIFT] V_Compute: 28.156 V
[LIFT] V_Motors: 27.737 V
[LIFT] V_Compute: 28.163 V
[LIFT] V_Motors: 27.730 V
[YOR] follow_path: cleared
[LIFT] V_Compute: 28.163 V
[LIFT] V_Motors: 27.732 V
[LIFT] V_Compute: 28.161 V
[LIFT] V_Motors: 27.755 V
[LIFT] V_Compute: 28.165 V
[LIFT] V_Motors: 27.763 V
[LIFT] V_Compute: 28.165 V
[LIFT] V_Motors: 27.755 V
[LIFT] V_Compute: 28.159 V
[LIFT] V_Motors: 27.750 V
[LIFT] V_Compute: 28.156 V
[LIFT] V_Motors: 27.753 V
[LIFT] V_Compute: 28.165 V
[LIFT] V_Motors: 27.759 V
[YOR] follow_path: n=24 first=(4.785399997234345, -0.6594001770019533) last=(-0.01460000276565554, -0.009400177001953836)
[LIFT] V_Compute: 28.159 V
[LIFT] V_Motors: 27.716 V
[LIFT] V_Compute: 28.156 V
[LIFT] V_Motors: 27.741 V
[LIFT] V_Compute: 28.154 V
[LIFT] V_Motors: 27.731 V
[LIFT] V_Compute: 28.140 V
[LIFT] V_Motors: 27.726 V
[LIFT] V_Compute: 28.156 V
[LIFT] V_Motors: 27.728 V
[LIFT] V_Compute: 28.156 V
[LIFT] V_Motors: 27.711 V
[LIFT] V_Compute: 28.155 V
[LIFT] V_Motors: 27.715 V
[LIFT] V_Compute: 28.151 V
[LIFT] V_Motors: 27.722 V
[LIFT] V_Compute: 28.161 V
[LIFT] V_Motors: 27.726 V
[LIFT] V_Compute: 28.159 V
[LIFT] V_Motors: 27.732 V
[LIFT] V_Compute: 28.156 V
[LIFT] V_Motors: 27.719 V
[LIFT] V_Compute: 28.154 V
[LIFT] V_Motors: 27.721 V
[LIFT] V_Compute: 28.154 V
[LIFT] V_Motors: 27.724 V
[LIFT] V_Compute: 28.161 V
[LIFT] V_Motors: 27.722 V
[LIFT] V_Compute: 28.152 V
[LIFT] V_Motors: 27.721 V
[LIFT] V_Compute: 28.156 V
[LIFT] V_Motors: 27.700 V
[LIFT] V_Compute: 28.154 V
[LIFT] V_Motors: 27.728 V
[LIFT] V_Compute: 28.157 V
[LIFT] V_Motors: 27.711 V
[LIFT] V_Compute: 28.152 V
[LIFT] V_Motors: 27.725 V
[LIFT] V_Compute: 28.155 V
[LIFT] V_Motors: 27.722 V
[LIFT] V_Compute: 28.161 V
[LIFT] V_Motors: 27.709 V
[LIFT] V_Compute: 28.161 V
[LIFT] V_Motors: 27.728 V
[LIFT] V_Compute: 28.161 V
[LIFT] V_Motors: 27.712 V
[LIFT] V_Compute: 28.155 V
[LIFT] V_Motors: 27.710 V
[LIFT] V_Compute: 28.161 V
[LIFT] V_Motors: 27.716 V
[LIFT] V_Compute: 28.165 V
[LIFT] V_Motors: 27.724 V
[LIFT] V_Compute: 28.160 V
[LIFT] V_Motors: 27.715 V
[LIFT] V_Compute: 28.152 V
[LIFT] V_Motors: 27.715 V
[LIFT] V_Compute: 28.154 V
[LIFT] V_Motors: 27.724 V
[LIFT] V_Compute: 28.155 V
[LIFT] V_Motors: 27.722 V
[LIFT] V_Compute: 28.159 V
[LIFT] V_Motors: 27.711 V
[LIFT] V_Compute: 28.151 V
[LIFT] V_Motors: 27.731 V
[LIFT] V_Compute: 28.150 V
[LIFT] V_Motors: 27.739 V
[LIFT] V_Compute: 28.156 V
[LIFT] V_Motors: 27.725 V
[LIFT] V_Compute: 28.144 V
[LIFT] V_Motors: 27.697 V
[LIFT] V_Compute: 28.150 V
[LIFT] V_Motors: 27.722 V
[LIFT] V_Compute: 28.152 V
[LIFT] V_Motors: 27.726 V
[LIFT] V_Compute: 28.159 V
[LIFT] V_Motors: 27.731 V
[LIFT] V_Compute: 28.151 V
[LIFT] V_Motors: 27.740 V
[LIFT] V_Compute: 28.144 V
[LIFT] V_Motors: 27.739 V
[LIFT] V_Compute: 28.155 V
[LIFT] V_Motors: 27.749 V
[LIFT] V_Compute: 28.165 V
[LIFT] V_Motors: 27.750 V
[LIFT] V_Compute: 28.154 V
[LIFT] V_Motors: 27.747 V
[YOR] follow_path: cleared
[LIFT] V_Compute: 28.147 V
[LIFT] V_Motors: 27.745 V
[LIFT] V_Compute: 28.159 V
[LIFT] V_Motors: 27.751 V
[LIFT] V_Compute: 28.150 V
[LIFT] V_Motors: 27.747 V
[LIFT] V_Compute: 28.160 V
[LIFT] V_Motors: 27.745 V
[LIFT] V_Compute: 28.152 V
[LIFT] V_Motors: 27.751 V
[LIFT] V_Compute: 28.159 V
[LIFT] V_Motors: 27.746 V
[YOR] follow_path: cleared
[LIFT] V_Compute: 28.156 V
[LIFT] V_Motors: 27.760 V
[LIFT] V_Compute: 28.161 V
[LIFT] V_Motors: 27.757 V
[LIFT] V_Compute: 28.161 V
[LIFT] V_Motors: 27.759 V
[LIFT] V_Compute: 28.154 V
[LIFT] V_Motors: 27.755 V
[LIFT] V_Compute: 28.149 V
[LIFT] V_Motors: 27.751 V
[LIFT] V_Compute: 28.155 V
[LIFT] V_Motors: 27.756 V
[LIFT] V_Compute: 28.154 V
[LIFT] V_Motors: 27.749 V
[LIFT] V_Compute: 28.157 V
[LIFT] V_Motors: 27.765 V
[LIFT] V_Compute: 28.160 V
[LIFT] V_Motors: 27.763 V
[LIFT] V_Compute: 28.165 V
[LIFT] V_Motors: 27.759 V
[LIFT] V_Compute: 28.160 V
[LIFT] V_Motors: 27.764 V
[LIFT] V_Compute: 28.165 V
[LIFT] V_Motors: 27.760 V
[LIFT] V_Compute: 28.167 V
[LIFT] V_Motors: 27.760 V
[LIFT] V_Compute: 28.154 V
[LIFT] V_Motors: 27.757 V
[LIFT] V_Compute: 28.170 V
[LIFT] V_Motors: 27.764 V
[LIFT] V_Compute: 28.169 V
[LIFT] V_Motors: 27.766 V
[LIFT] V_Compute: 28.160 V
[LIFT] V_Motors: 27.755 V
[LIFT] V_Compute: 28.167 V
[LIFT] V_Motors: 27.760 V
[LIFT] V_Compute: 28.167 V
[LIFT] V_Motors: 27.761 V
[LIFT] V_Compute: 28.164 V
[LIFT] V_Motors: 27.763 V
[LIFT] V_Compute: 28.170 V
[LIFT] V_Motors: 27.767 V
[LIFT] V_Compute: 28.167 V
[LIFT] V_Motors: 27.760 V
[LIFT] V_Compute: 28.165 V
[LIFT] V_Motors: 27.763 V
[LIFT] V_Compute: 28.171 V
[LIFT] V_Motors: 27.771 V
[LIFT] V_Compute: 28.165 V
[LIFT] V_Motors: 27.761 V
[LIFT] V_Compute: 28.174 V
[LIFT] V_Motors: 27.764 V
[LIFT] V_Compute: 28.173 V
[LIFT] V_Motors: 27.764 V
[LIFT] V_Compute: 28.174 V
[LIFT] V_Motors: 27.765 V
[LIFT] V_Compute: 28.169 V
[LIFT] V_Motors: 27.765 V
[LIFT] V_Compute: 28.165 V
[LIFT] V_Motors: 27.765 V
[LIFT] V_Compute: 28.171 V
[LIFT] V_Motors: 27.769 V
[LIFT] V_Compute: 28.171 V
[LIFT] V_Motors: 27.761 V
[LIFT] V_Compute: 28.163 V
[LIFT] V_Motors: 27.761 V
[LIFT] V_Compute: 28.174 V
[LIFT] V_Motors: 27.764 V
[LIFT] V_Compute: 28.167 V
[LIFT] V_Motors: 27.766 V
[LIFT] V_Compute: 28.163 V
[LIFT] V_Motors: 27.761 V
[LIFT] V_Compute: 28.166 V
[LIFT] V_Motors: 27.764 V
[LIFT] V_Compute: 28.163 V
[LIFT] V_Motors: 27.763 V
[LIFT] V_Compute: 28.169 V
[LIFT] V_Motors: 27.767 V
[LIFT] V_Compute: 28.160 V
[LIFT] V_Motors: 27.765 V
[LIFT] V_Compute: 28.174 V
[LIFT] V_Motors: 27.766 V
[LIFT] V_Compute: 28.171 V
[LIFT] V_Motors: 27.763 V
[LIFT] V_Compute: 28.165 V
[LIFT] V_Motors: 27.769 V
[LIFT] V_Compute: 28.163 V
[LIFT] V_Motors: 27.756 V
[LIFT] V_Compute: 28.164 V
[LIFT] V_Motors: 27.761 V
[LIFT] V_Compute: 28.171 V
[LIFT] V_Motors: 27.766 V
[LIFT] V_Compute: 28.171 V
[LIFT] V_Motors: 27.766 V
[LIFT] V_Compute: 28.166 V
[LIFT] V_Motors: 27.764 V
[LIFT] V_Compute: 28.163 V
[LIFT] V_Motors: 27.759 V
[LIFT] V_Compute: 28.165 V
[LIFT] V_Motors: 27.759 V
[LIFT] V_Compute: 28.171 V
[LIFT] V_Motors: 27.767 V
[LIFT] V_Compute: 28.174 V
[LIFT] V_Motors: 27.765 V
[LIFT] V_Compute: 28.167 V
[LIFT] V_Motors: 27.766 V
[LIFT] V_Compute: 28.175 V
[LIFT] V_Motors: 27.766 V
[LIFT] V_Compute: 28.165 V
[LIFT] V_Motors: 27.769 V
[LIFT] V_Compute: 28.166 V
[LIFT] V_Motors: 27.766 V
[LIFT] V_Compute: 28.169 V
[LIFT] V_Motors: 27.764 V
[LIFT] V_Compute: 28.169 V
[LIFT] V_Motors: 27.767 V
[LIFT] V_Compute: 28.161 V
[LIFT] V_Motors: 27.759 V
[LIFT] V_Compute: 28.166 V
[LIFT] V_Motors: 27.766 V
[LIFT] V_Compute: 28.167 V
[LIFT] V_Motors: 27.766 V
[LIFT] V_Compute: 28.171 V
[LIFT] V_Motors: 27.763 V
[LIFT] V_Compute: 28.167 V
[LIFT] V_Motors: 27.770 V
[LIFT] V_Compute: 28.164 V
[LIFT] V_Motors: 27.763 V
[LIFT] V_Compute: 28.174 V
[LIFT] V_Motors: 27.763 V
[LIFT] V_Compute: 28.175 V
[LIFT] V_Motors: 27.767 V
[LIFT] V_Compute: 28.174 V
[LIFT] V_Motors: 27.766 V
[LIFT] V_Compute: 28.174 V
[LIFT] V_Motors: 27.771 V
[LIFT] V_Compute: 28.170 V
[LIFT] V_Motors: 27.670 V
[LIFT] V_Compute: 28.171 V
[LIFT] V_Motors: 27.712 V
[LIFT] V_Compute: 28.174 V
[LIFT] V_Motors: 27.763 V
[LIFT] V_Compute: 28.165 V
[LIFT] V_Motors: 27.767 V
[LIFT] V_Compute: 28.174 V
[LIFT] V_Motors: 27.766 V
[LIFT] V_Compute: 28.171 V
[LIFT] V_Motors: 27.696 V
[LIFT] V_Compute: 28.159 V
[LIFT] V_Motors: 27.731 V
[LIFT] V_Compute: 28.167 V
[LIFT] V_Motors: 27.736 V
[LIFT] V_Compute: 28.163 V
[LIFT] V_Motors: 27.746 V
[LIFT] V_Compute: 28.166 V
[LIFT] V_Motors: 27.743 V
[LIFT] V_Compute: 28.171 V
[LIFT] V_Motors: 27.689 V
[LIFT] V_Compute: 28.160 V
[LIFT] V_Motors: 27.705 V
[LIFT] V_Compute: 28.155 V
[LIFT] V_Motors: 27.736 V
[LIFT] V_Compute: 28.169 V
[LIFT] V_Motors: 27.728 V
[LIFT] V_Compute: 28.170 V
[LIFT] V_Motors: 27.735 V
[LIFT] V_Compute: 28.167 V
[LIFT] V_Motors: 27.702 V
[LIFT] V_Compute: 28.171 V
[LIFT] V_Motors: 27.724 V
[LIFT] V_Compute: 28.177 V
[LIFT] V_Motors: 27.756 V
[LIFT] V_Compute: 28.170 V
[LIFT] V_Motors: 27.743 V
[LIFT] V_Compute: 28.164 V
[LIFT] V_Motors: 27.714 V
[LIFT] V_Compute: 28.170 V
[LIFT] V_Motors: 27.757 V
[LIFT] V_Compute: 28.169 V
[LIFT] V_Motors: 27.755 V
[LIFT] V_Compute: 28.167 V
[LIFT] V_Motors: 27.728 V
[LIFT] V_Compute: 28.159 V
[LIFT] V_Motors: 27.720 V
[LIFT] V_Compute: 28.171 V
[LIFT] V_Motors: 27.759 V
[LIFT] V_Compute: 28.167 V
[LIFT] V_Motors: 27.755 V
[LIFT] V_Compute: 28.155 V
[LIFT] V_Motors: 27.722 V
[LIFT] V_Compute: 28.160 V
[LIFT] V_Motors: 27.754 V
[LIFT] V_Compute: 28.167 V
[LIFT] V_Motors: 27.764 V
[LIFT] V_Compute: 28.170 V
[LIFT] V_Motors: 27.753 V
[LIFT] V_Compute: 28.160 V
[LIFT] V_Motors: 27.754 V
[LIFT] V_Compute: 28.171 V
[LIFT] V_Motors: 27.750 V
[LIFT] V_Compute: 28.173 V
[LIFT] V_Motors: 27.755 V
[LIFT] V_Compute: 28.171 V
[LIFT] V_Motors: 27.759 V
[LIFT] V_Compute: 28.169 V
[LIFT] V_Motors: 27.759 V
[LIFT] V_Compute: 28.160 V
[LIFT] V_Motors: 27.763 V
[LIFT] V_Compute: 28.159 V
[LIFT] V_Motors: 27.757 V
[LIFT] V_Compute: 28.166 V
[LIFT] V_Motors: 27.757 V
[LIFT] V_Compute: 28.167 V
[LIFT] V_Motors: 27.760 V
[LIFT] V_Compute: 28.166 V
[LIFT] V_Motors: 27.763 V
[LIFT] V_Compute: 28.171 V
[LIFT] V_Motors: 27.763 V
[LIFT] V_Compute: 28.164 V
[LIFT] V_Motors: 27.764 V
[LIFT] V_Compute: 28.169 V
[LIFT] V_Motors: 27.759 V
[LIFT] V_Compute: 28.170 V
[LIFT] V_Motors: 27.761 V
[LIFT] V_Compute: 28.165 V
[LIFT] V_Motors: 27.765 V
[LIFT] V_Compute: 28.165 V
[LIFT] V_Motors: 27.756 V
[LIFT] V_Compute: 28.173 V
[LIFT] V_Motors: 27.765 V
[LIFT] V_Compute: 28.171 V
[LIFT] V_Motors: 27.765 V
[LIFT] V_Compute: 28.164 V
[LIFT] V_Motors: 27.760 V
[LIFT] V_Compute: 28.171 V
[LIFT] V_Motors: 27.767 V
[LIFT] V_Compute: 28.167 V
[LIFT] V_Motors: 27.765 V
[LIFT] V_Compute: 28.173 V
[LIFT] V_Motors: 27.764 V
[LIFT] V_Compute: 28.171 V
[LIFT] V_Motors: 27.763 V
[LIFT] V_Compute: 28.164 V
[LIFT] V_Motors: 27.760 V
[LIFT] V_Compute: 28.171 V
[LIFT] V_Motors: 27.765 V
[LIFT] V_Compute: 28.167 V
[LIFT] V_Motors: 27.767 V
[LIFT] V_Compute: 28.169 V
[LIFT] V_Motors: 27.761 V
[LIFT] V_Compute: 28.174 V
[LIFT] V_Motors: 27.764 V
[LIFT] V_Compute: 28.177 V
[LIFT] V_Motors: 27.764 V
[LIFT] V_Compute: 28.167 V
[LIFT] V_Motors: 27.759 V
[LIFT] V_Compute: 28.164 V
[LIFT] V_Motors: 27.757 V
[LIFT] V_Compute: 28.165 V
[LIFT] V_Motors: 27.763 V
[LIFT] V_Compute: 28.169 V
[LIFT] V_Motors: 27.769 V
[LIFT] V_Compute: 28.170 V
[LIFT] V_Motors: 27.765 V
[LIFT] V_Compute: 28.170 V
[LIFT] V_Motors: 27.769 V
[LIFT] V_Compute: 28.165 V
[LIFT] V_Motors: 27.764 V
[LIFT] V_Compute: 28.177 V
[LIFT] V_Motors: 27.759 V
[LIFT] V_Compute: 28.159 V
[LIFT] V_Motors: 27.753 V
[LIFT] V_Compute: 28.161 V
[LIFT] V_Motors: 27.766 V
[LIFT] V_Compute: 28.163 V
[LIFT] V_Motors: 27.764 V
[LIFT] V_Compute: 28.150 V
[LIFT] V_Motors: 27.763 V
[LIFT] V_Compute: 28.167 V
[LIFT] V_Motors: 27.764 V
[LIFT] V_Compute: 28.169 V
[LIFT] V_Motors: 27.761 V
[LIFT] V_Compute: 28.169 V
[LIFT] V_Motors: 27.769 V
[LIFT] V_Compute: 28.169 V
[LIFT] V_Motors: 27.761 V
[LIFT] V_Compute: 28.169 V
[LIFT] V_Motors: 27.760 V
[LIFT] V_Compute: 28.174 V
[LIFT] V_Motors: 27.760 V
[LIFT] V_Compute: 28.174 V
[LIFT] V_Motors: 27.767 V
[LIFT] V_Compute: 28.167 V
[LIFT] V_Motors: 27.765 V
[LIFT] V_Compute: 28.155 V
[LIFT] V_Motors: 27.757 V
[LIFT] V_Compute: 28.173 V
[LIFT] V_Motors: 27.767 V
[LIFT] V_Compute: 28.163 V
[LIFT] V_Motors: 27.761 V
[LIFT] V_Compute: 28.166 V
[LIFT] V_Motors: 27.767 V
[LIFT] V_Compute: 28.170 V
[LIFT] V_Motors: 27.767 V
[LIFT] V_Compute: 28.164 V
[LIFT] V_Motors: 27.764 V
[LIFT] V_Compute: 28.171 V
[LIFT] V_Motors: 27.769 V
[LIFT] V_Compute: 28.174 V
[LIFT] V_Motors: 27.761 V
[LIFT] V_Compute: 28.165 V
[LIFT] V_Motors: 27.763 V
[LIFT] V_Compute: 28.163 V
[LIFT] V_Motors: 27.766 V
[LIFT] V_Compute: 28.171 V
[LIFT] V_Motors: 27.759 V
[LIFT] V_Compute: 28.166 V
[LIFT] V_Motors: 27.761 V
[LIFT] V_Compute: 28.170 V
[LIFT] V_Motors: 27.766 V
[LIFT] V_Compute: 28.176 V
[LIFT] V_Motors: 27.766 V
[LIFT] V_Compute: 28.165 V
[LIFT] V_Motors: 27.760 V
[LIFT] V_Compute: 28.175 V
[LIFT] V_Motors: 27.766 V
[LIFT] V_Compute: 28.156 V
[LIFT] V_Motors: 27.749 V
[LIFT] V_Compute: 28.155 V
[LIFT] V_Motors: 27.754 V
[LIFT] V_Compute: 28.171 V
[LIFT] V_Motors: 27.763 V
[LIFT] V_Compute: 28.173 V
[LIFT] V_Motors: 27.763 V
[LIFT] V_Compute: 28.170 V
[LIFT] V_Motors: 27.765 V
[LIFT] V_Compute: 28.165 V
[LIFT] V_Motors: 27.765 V
[LIFT] V_Compute: 28.173 V
[LIFT] V_Motors: 27.764 V
[LIFT] V_Compute: 28.171 V
[LIFT] V_Motors: 27.763 V
[LIFT] V_Compute: 28.169 V
[LIFT] V_Motors: 27.764 V
[LIFT] V_Compute: 28.165 V
[LIFT] V_Motors: 27.765 V
[LIFT] V_Compute: 28.170 V
[LIFT] V_Motors: 27.769 V
[LIFT] V_Compute: 28.165 V
[LIFT] V_Motors: 27.760 V
[LIFT] V_Compute: 28.169 V
[LIFT] V_Motors: 27.767 V
[LIFT] V_Compute: 28.165 V
[LIFT] V_Motors: 27.766 V
[LIFT] V_Compute: 28.169 V
[LIFT] V_Motors: 27.765 V
[LIFT] V_Compute: 28.167 V
[LIFT] V_Motors: 27.770 V
[LIFT] V_Compute: 28.170 V
[LIFT] V_Motors: 27.761 V
[LIFT] V_Compute: 28.175 V
[LIFT] V_Motors: 27.765 V
[LIFT] V_Compute: 28.171 V
[LIFT] V_Motors: 27.766 V
[LIFT] V_Compute: 28.169 V
[LIFT] V_Motors: 27.761 V
[LIFT] V_Compute: 28.160 V
[LIFT] V_Motors: 27.760 V
[LIFT] V_Compute: 28.170 V
[LIFT] V_Motors: 27.770 V
[LIFT] V_Compute: 28.167 V
[LIFT] V_Motors: 27.765 V
[LIFT] V_Compute: 28.169 V
[LIFT] V_Motors: 27.767 V
[LIFT] V_Compute: 28.173 V
[LIFT] V_Motors: 27.761 V
[LIFT] V_Compute: 28.167 V
[LIFT] V_Motors: 27.764 V
[LIFT] V_Compute: 28.170 V
[LIFT] V_Motors: 27.760 V
[LIFT] V_Compute: 28.161 V
[LIFT] V_Motors: 27.759 V
[LIFT] V_Compute: 28.165 V
[LIFT] V_Motors: 27.764 V
[LIFT] V_Compute: 28.169 V
[LIFT] V_Motors: 27.764 V
[LIFT] V_Compute: 28.175 V
[LIFT] V_Motors: 27.760 V
[LIFT] V_Compute: 28.166 V
[LIFT] V_Motors: 27.764 V
[LIFT] V_Compute: 28.160 V
[LIFT] V_Motors: 27.763 V
[LIFT] V_Compute: 28.165 V
[LIFT] V_Motors: 27.765 V
[LIFT] V_Compute: 28.170 V
[LIFT] V_Motors: 27.763 V
[LIFT] V_Compute: 28.173 V
[LIFT] V_Motors: 27.765 V
[LIFT] V_Compute: 28.156 V
[LIFT] V_Motors: 27.755 V
[LIFT] V_Compute: 28.171 V
[LIFT] V_Motors: 27.760 V
[LIFT] V_Compute: 28.156 V
[LIFT] V_Motors: 27.761 V
[LIFT] V_Compute: 28.152 V
[LIFT] V_Motors: 27.753 V
[LIFT] V_Compute: 28.154 V
[LIFT] V_Motors: 27.750 V
[LIFT] V_Compute: 28.163 V
[LIFT] V_Motors: 27.760 V
[LIFT] V_Compute: 28.173 V
[LIFT] V_Motors: 27.763 V
[LIFT] V_Compute: 28.156 V
[LIFT] V_Motors: 27.754 V
[LIFT] V_Compute: 28.159 V
[LIFT] V_Motors: 27.759 V
[LIFT] V_Compute: 28.171 V
[LIFT] V_Motors: 27.764 V
[LIFT] V_Compute: 28.171 V
[LIFT] V_Motors: 27.770 V
[LIFT] V_Compute: 28.175 V
[LIFT] V_Motors: 27.766 V
[LIFT] V_Compute: 28.163 V
[LIFT] V_Motors: 27.765 V
[LIFT] V_Compute: 28.167 V
[LIFT] V_Motors: 27.756 V
[LIFT] V_Compute: 28.171 V
[LIFT] V_Motors: 27.766 V
[LIFT] V_Compute: 28.167 V
[LIFT] V_Motors: 27.766 V
[LIFT] V_Compute: 28.170 V
[LIFT] V_Motors: 27.769 V
[LIFT] V_Compute: 28.175 V
[LIFT] V_Motors: 27.767 V
[LIFT] V_Compute: 28.167 V
[LIFT] V_Motors: 27.765 V
[LIFT] V_Compute: 28.163 V
[LIFT] V_Motors: 27.760 V
[LIFT] V_Compute: 28.169 V
[LIFT] V_Motors: 27.765 V
[LIFT] V_Compute: 28.174 V
[LIFT] V_Motors: 27.766 V
[LIFT] V_Compute: 28.171 V
[LIFT] V_Motors: 27.766 V
[LIFT] V_Compute: 28.167 V
[LIFT] V_Motors: 27.766 V
[LIFT] V_Compute: 28.174 V
[LIFT] V_Motors: 27.765 V
[LIFT] V_Compute: 28.171 V
[LIFT] V_Motors: 27.765 V
[LIFT] V_Compute: 28.171 V
[LIFT] V_Motors: 27.766 V
[LIFT] V_Compute: 28.175 V
[LIFT] V_Motors: 27.766 V
[LIFT] V_Compute: 28.173 V
[LIFT] V_Motors: 27.766 V
[LIFT] V_Compute: 28.170 V
[LIFT] V_Motors: 27.765 V
[LIFT] V_Compute: 28.171 V
[LIFT] V_Motors: 27.764 V
[LIFT] V_Compute: 28.166 V
[LIFT] V_Motors: 27.764 V
[LIFT] V_Compute: 28.170 V
[LIFT] V_Motors: 27.761 V
[LIFT] V_Compute: 28.166 V
[LIFT] V_Motors: 27.763 V
[LIFT] V_Compute: 28.157 V
[LIFT] V_Motors: 27.759 V
[LIFT] V_Compute: 28.157 V
[LIFT] V_Motors: 27.756 V
[LIFT] V_Compute: 28.157 V
[LIFT] V_Motors: 27.763 V
[LIFT] V_Compute: 28.171 V
[LIFT] V_Motors: 27.766 V
[LIFT] V_Compute: 28.156 V
[LIFT] V_Motors: 27.760 V
[LIFT] V_Compute: 28.170 V
[LIFT] V_Motors: 27.765 V
[LIFT] V_Compute: 28.171 V
[LIFT] V_Motors: 27.761 V
[LIFT] V_Compute: 28.167 V
[LIFT] V_Motors: 27.764 V
[LIFT] V_Compute: 28.174 V
[LIFT] V_Motors: 27.763 V
[LIFT] V_Compute: 28.164 V
[LIFT] V_Motors: 27.765 V
[LIFT] V_Compute: 28.165 V
[LIFT] V_Motors: 27.769 V
[LIFT] V_Compute: 28.169 V
[LIFT] V_Motors: 27.757 V
[LIFT] V_Compute: 28.171 V
[LIFT] V_Motors: 27.766 V
[LIFT] V_Compute: 28.166 V
[LIFT] V_Motors: 27.763 V
[LIFT] V_Compute: 28.166 V
[LIFT] V_Motors: 27.764 V
[LIFT] V_Compute: 28.173 V
[LIFT] V_Motors: 27.763 V
[LIFT] V_Compute: 28.170 V
[LIFT] V_Motors: 27.763 V
[LIFT] V_Compute: 28.163 V
[LIFT] V_Motors: 27.760 V
[LIFT] V_Compute: 28.171 V
[LIFT] V_Motors: 27.766 V
[LIFT] V_Compute: 28.170 V
[LIFT] V_Motors: 27.765 V
[LIFT] V_Compute: 28.167 V
[LIFT] V_Motors: 27.763 V
[LIFT] V_Compute: 28.157 V
[LIFT] V_Motors: 27.751 V
[LIFT] V_Compute: 28.175 V
[LIFT] V_Motors: 27.766 V
[LIFT] V_Compute: 28.163 V
[LIFT] V_Motors: 27.756 V
[LIFT] V_Compute: 28.171 V
[LIFT] V_Motors: 27.767 V
[LIFT] V_Compute: 28.173 V
[LIFT] V_Motors: 27.769 V
[LIFT] V_Compute: 28.171 V
[LIFT] V_Motors: 27.766 V
[LIFT] V_Compute: 28.169 V
[LIFT] V_Motors: 27.769 V
[LIFT] V_Compute: 28.169 V
[LIFT] V_Motors: 27.763 V
[LIFT] V_Compute: 28.176 V
[LIFT] V_Motors: 27.765 V
[LIFT] V_Compute: 28.174 V
[LIFT] V_Motors: 27.764 V
[LIFT] V_Compute: 28.169 V
[LIFT] V_Motors: 27.763 V
[LIFT] V_Compute: 28.173 V
[LIFT] V_Motors: 27.766 V
[LIFT] V_Compute: 28.174 V
[LIFT] V_Motors: 27.766 V
[LIFT] V_Compute: 28.171 V
[LIFT] V_Motors: 27.764 V
[LIFT] V_Compute: 28.169 V
[LIFT] V_Motors: 27.770 V
[LIFT] V_Compute: 28.175 V
[LIFT] V_Motors: 27.771 V
[LIFT] V_Compute: 28.173 V
[LIFT] V_Motors: 27.765 V
[LIFT] V_Compute: 28.177 V
[LIFT] V_Motors: 27.765 V
[LIFT] V_Compute: 28.173 V
[LIFT] V_Motors: 27.767 V
[LIFT] V_Compute: 28.169 V
[LIFT] V_Motors: 27.763 V
[LIFT] V_Compute: 28.169 V
[LIFT] V_Motors: 27.764 V
[LIFT] V_Compute: 28.169 V
[LIFT] V_Motors: 27.764 V
[LIFT] V_Compute: 28.164 V
[LIFT] V_Motors: 27.765 V
[LIFT] V_Compute: 28.169 V
[LIFT] V_Motors: 27.769 V
[LIFT] V_Compute: 28.170 V
[LIFT] V_Motors: 27.767 V
[LIFT] V_Compute: 28.165 V
[LIFT] V_Motors: 27.756 V
[LIFT] V_Compute: 28.170 V
[LIFT] V_Motors: 27.761 V
[LIFT] V_Compute: 28.170 V
[LIFT] V_Motors: 27.763 V
[LIFT] V_Compute: 28.177 V
[LIFT] V_Motors: 27.766 V
[LIFT] V_Compute: 28.177 V
[LIFT] V_Motors: 27.770 V
[LIFT] V_Compute: 28.167 V
[LIFT] V_Motors: 27.767 V
[LIFT] V_Compute: 28.165 V
[LIFT] V_Motors: 27.761 V
[LIFT] V_Compute: 28.164 V
[LIFT] V_Motors: 27.763 V
[LIFT] V_Compute: 28.166 V
[LIFT] V_Motors: 27.763 V
[LIFT] V_Compute: 28.165 V
[LIFT] V_Motors: 27.750 V
[LIFT] V_Compute: 28.167 V
[LIFT] V_Motors: 27.759 V
[LIFT] V_Compute: 28.174 V
[LIFT] V_Motors: 27.765 V
[LIFT] V_Compute: 28.166 V
[LIFT] V_Motors: 27.761 V
[LIFT] V_Compute: 28.173 V
[LIFT] V_Motors: 27.766 V
[LIFT] V_Compute: 28.167 V
[LIFT] V_Motors: 27.767 V
[LIFT] V_Compute: 28.166 V
[LIFT] V_Motors: 27.766 V
[LIFT] V_Compute: 28.171 V
[LIFT] V_Motors: 27.765 V
[LIFT] V_Compute: 28.171 V
[LIFT] V_Motors: 27.764 V
[LIFT] V_Compute: 28.165 V
[LIFT] V_Motors: 27.765 V
[LIFT] V_Compute: 28.166 V
[LIFT] V_Motors: 27.759 V
[LIFT] V_Compute: 28.170 V
[LIFT] V_Motors: 27.766 V
[LIFT] V_Compute: 28.169 V
[LIFT] V_Motors: 27.769 V
[LIFT] V_Compute: 28.173 V
[LIFT] V_Motors: 27.766 V
[LIFT] V_Compute: 28.163 V
[LIFT] V_Motors: 27.760 V
[LIFT] V_Compute: 28.161 V
[LIFT] V_Motors: 27.763 V
[LIFT] V_Compute: 28.173 V
[LIFT] V_Motors: 27.767 V
[LIFT] V_Compute: 28.163 V
[LIFT] V_Motors: 27.767 V
[LIFT] V_Compute: 28.165 V
[LIFT] V_Motors: 27.765 V
[LIFT] V_Compute: 28.165 V
[LIFT] V_Motors: 27.764 V
[LIFT] V_Compute: 28.161 V
[LIFT] V_Motors: 27.759 V
[LIFT] V_Compute: 28.169 V
[LIFT] V_Motors: 27.764 V
[LIFT] V_Compute: 28.167 V
[LIFT] V_Motors: 27.767 V
[LIFT] V_Compute: 28.157 V
[LIFT] V_Motors: 27.763 V
[LIFT] V_Compute: 28.166 V
[LIFT] V_Motors: 27.759 V
[LIFT] V_Compute: 28.167 V
[LIFT] V_Motors: 27.763 V
[LIFT] V_Compute: 28.166 V
[LIFT] V_Motors: 27.764 V
[LIFT] V_Compute: 28.154 V
[LIFT] V_Motors: 27.756 V
[LIFT] V_Compute: 28.166 V
[LIFT] V_Motors: 27.766 V
[LIFT] V_Compute: 28.165 V
[LIFT] V_Motors: 27.763 V
[LIFT] V_Compute: 28.169 V
[LIFT] V_Motors: 27.764 V
[LIFT] V_Compute: 28.169 V
[LIFT] V_Motors: 27.763 V
[LIFT] V_Compute: 28.165 V
[LIFT] V_Motors: 27.765 V
[LIFT] V_Compute: 28.160 V
[LIFT] V_Motors: 27.760 V
[LIFT] V_Compute: 28.171 V
[LIFT] V_Motors: 27.763 V
[LIFT] V_Compute: 28.164 V
[LIFT] V_Motors: 27.764 V
[LIFT] V_Compute: 28.163 V
[LIFT] V_Motors: 27.760 V
[LIFT] V_Compute: 28.167 V
[LIFT] V_Motors: 27.761 V
[LIFT] V_Compute: 28.167 V
[LIFT] V_Motors: 27.757 V
[LIFT] V_Compute: 28.161 V
[LIFT] V_Motors: 27.760 V
[LIFT] V_Compute: 28.171 V
[LIFT] V_Motors: 27.765 V
[LIFT] V_Compute: 28.176 V
[LIFT] V_Motors: 27.767 V
[LIFT] V_Compute: 28.163 V
[LIFT] V_Motors: 27.769 V
[LIFT] V_Compute: 28.155 V
[LIFT] V_Motors: 27.755 V
[LIFT] V_Compute: 28.166 V
[LIFT] V_Motors: 27.766 V
[LIFT] V_Compute: 28.169 V
[LIFT] V_Motors: 27.763 V
[LIFT] V_Compute: 28.171 V
[LIFT] V_Motors: 27.757 V
[LIFT] V_Compute: 28.170 V
[LIFT] V_Motors: 27.765 V
[LIFT] V_Compute: 28.165 V
[LIFT] V_Motors: 27.760 V
[LIFT] V_Compute: 28.159 V
[LIFT] V_Motors: 27.754 V
[LIFT] V_Compute: 28.169 V
[LIFT] V_Motors: 27.764 V
[LIFT] V_Compute: 28.169 V
[LIFT] V_Motors: 27.760 V
[LIFT] V_Compute: 28.167 V
[LIFT] V_Motors: 27.766 V
[LIFT] V_Compute: 28.166 V
[LIFT] V_Motors: 27.766 V
[LIFT] V_Compute: 28.171 V
[LIFT] V_Motors: 27.764 V
[LIFT] V_Compute: 28.164 V
[LIFT] V_Motors: 27.766 V
[LIFT] V_Compute: 28.167 V
[LIFT] V_Motors: 27.765 V
[LIFT] V_Compute: 28.174 V
[LIFT] V_Motors: 27.764 V
[LIFT] V_Compute: 28.165 V
[LIFT] V_Motors: 27.763 V
[LIFT] V_Compute: 28.175 V
[LIFT] V_Motors: 27.767 V
[LIFT] V_Compute: 28.171 V
[LIFT] V_Motors: 27.764 V
[LIFT] V_Compute: 28.165 V
[LIFT] V_Motors: 27.754 V
[LIFT] V_Compute: 28.169 V
[LIFT] V_Motors: 27.765 V
[LIFT] V_Compute: 28.176 V
[LIFT] V_Motors: 27.766 V
[LIFT] V_Compute: 28.167 V
[LIFT] V_Motors: 27.765 V
[LIFT] V_Compute: 28.154 V
[LIFT] V_Motors: 27.753 V
[LIFT] V_Compute: 28.170 V
[LIFT] V_Motors: 27.765 V
[LIFT] V_Compute: 28.175 V
[LIFT] V_Motors: 27.769 V
[LIFT] V_Compute: 28.171 V
[LIFT] V_Motors: 27.769 V
[LIFT] V_Compute: 28.166 V
[LIFT] V_Motors: 27.760 V
[LIFT] V_Compute: 28.159 V
[LIFT] V_Motors: 27.760 V
[LIFT] V_Compute: 28.163 V
[LIFT] V_Motors: 27.761 V
[LIFT] V_Compute: 28.156 V
[LIFT] V_Motors: 27.763 V
[LIFT] V_Compute: 28.165 V
[LIFT] V_Motors: 27.759 V
[LIFT] V_Compute: 28.167 V
[LIFT] V_Motors: 27.764 V
[LIFT] V_Compute: 28.171 V
[LIFT] V_Motors: 27.763 V
[LIFT] V_Compute: 28.170 V
[LIFT] V_Motors: 27.765 V
[LIFT] V_Compute: 28.155 V
[LIFT] V_Motors: 27.754 V
[LIFT] V_Compute: 28.160 V
[LIFT] V_Motors: 27.759 V
[LIFT] V_Compute: 28.171 V
[LIFT] V_Motors: 27.766 V
[LIFT] V_Compute: 28.161 V
[LIFT] V_Motors: 27.757 V
[LIFT] V_Compute: 28.167 V
[LIFT] V_Motors: 27.763 V
[LIFT] V_Compute: 28.166 V
[LIFT] V_Motors: 27.760 V
[LIFT] V_Compute: 28.165 V
[LIFT] V_Motors: 27.764 V
[LIFT] V_Compute: 28.166 V
[LIFT] V_Motors: 27.756 V
[LIFT] V_Compute: 28.157 V
[LIFT] V_Motors: 27.755 V
[LIFT] V_Compute: 28.161 V
[LIFT] V_Motors: 27.757 V
[LIFT] V_Compute: 28.171 V
[LIFT] V_Motors: 27.769 V
[LIFT] V_Compute: 28.170 V
[LIFT] V_Motors: 27.769 V
[LIFT] V_Compute: 28.165 V
[LIFT] V_Motors: 27.764 V
[LIFT] V_Compute: 28.166 V
[LIFT] V_Motors: 27.765 V
[LIFT] V_Compute: 28.165 V
[LIFT] V_Motors: 27.761 V
[LIFT] V_Compute: 28.174 V
[LIFT] V_Motors: 27.764 V
[LIFT] V_Compute: 28.171 V
[LIFT] V_Motors: 27.767 V
[LIFT] V_Compute: 28.173 V
[LIFT] V_Motors: 27.767 V
[LIFT] V_Compute: 28.169 V
[LIFT] V_Motors: 27.766 V
[LIFT] V_Compute: 28.161 V
[LIFT] V_Motors: 27.760 V
[LIFT] V_Compute: 28.166 V
[LIFT] V_Motors: 27.763 V
[LIFT] V_Compute: 28.166 V
[LIFT] V_Motors: 27.766 V
[LIFT] V_Compute: 28.169 V
[LIFT] V_Motors: 27.767 V
[LIFT] V_Compute: 28.166 V
[LIFT] V_Motors: 27.766 V
[LIFT] V_Compute: 28.163 V
[LIFT] V_Motors: 27.760 V
[LIFT] V_Compute: 28.167 V
[LIFT] V_Motors: 27.763 V
[LIFT] V_Compute: 28.156 V
[LIFT] V_Motors: 27.757 V
[LIFT] V_Compute: 28.167 V
[LIFT] V_Motors: 27.757 V
[LIFT] V_Compute: 28.166 V
[LIFT] V_Motors: 27.760 V
[LIFT] V_Compute: 28.169 V
[LIFT] V_Motors: 27.757 V
[LIFT] V_Compute: 28.157 V
[LIFT] V_Motors: 27.753 V
[LIFT] V_Compute: 28.167 V
[LIFT] V_Motors: 27.761 V
[LIFT] V_Compute: 28.157 V
[LIFT] V_Motors: 27.766 V
[LIFT] V_Compute: 28.167 V
[LIFT] V_Motors: 27.760 V
[LIFT] V_Compute: 28.163 V
[LIFT] V_Motors: 27.760 V
[LIFT] V_Compute: 28.167 V
[LIFT] V_Motors: 27.765 V
[LIFT] V_Compute: 28.167 V
[LIFT] V_Motors: 27.759 V
[LIFT] V_Compute: 28.166 V
[LIFT] V_Motors: 27.763 V
[LIFT] V_Compute: 28.161 V
[LIFT] V_Motors: 27.757 V
[LIFT] V_Compute: 28.171 V
[LIFT] V_Motors: 27.765 V
[LIFT] V_Compute: 28.163 V
[LIFT] V_Motors: 27.764 V
[LIFT] V_Compute: 28.163 V
[LIFT] V_Motors: 27.763 V
[LIFT] V_Compute: 28.159 V
[LIFT] V_Motors: 27.753 V
[LIFT] V_Compute: 28.170 V
[LIFT] V_Motors: 27.764 V
[LIFT] V_Compute: 28.164 V
[LIFT] V_Motors: 27.759 V
[LIFT] V_Compute: 28.170 V
[LIFT] V_Motors: 27.766 V
[LIFT] V_Compute: 28.159 V
[LIFT] V_Motors: 27.764 V
[LIFT] V_Compute: 28.160 V
[LIFT] V_Motors: 27.756 V
[LIFT] V_Compute: 28.164 V
[LIFT] V_Motors: 27.756 V
[LIFT] V_Compute: 28.173 V
[LIFT] V_Motors: 27.761 V
[LIFT] V_Compute: 28.160 V
[LIFT] V_Motors: 27.759 V
[LIFT] V_Compute: 28.171 V
[LIFT] V_Motors: 27.761 V
[LIFT] V_Compute: 28.163 V
[LIFT] V_Motors: 27.757 V
[LIFT] V_Compute: 28.159 V
[LIFT] V_Motors: 27.756 V
[LIFT] V_Compute: 28.165 V
[LIFT] V_Motors: 27.761 V
[LIFT] V_Compute: 28.166 V
[LIFT] V_Motors: 27.760 V
[LIFT] V_Compute: 28.157 V
[LIFT] V_Motors: 27.754 V
[LIFT] V_Compute: 28.163 V
[LIFT] V_Motors: 27.756 V
[LIFT] V_Compute: 28.167 V
[LIFT] V_Motors: 27.761 V
[LIFT] V_Compute: 28.175 V
[LIFT] V_Motors: 27.765 V
[LIFT] V_Compute: 28.169 V
[LIFT] V_Motors: 27.757 V
[LIFT] V_Compute: 28.171 V
[LIFT] V_Motors: 27.764 V
[LIFT] V_Compute: 28.164 V
[LIFT] V_Motors: 27.760 V
[LIFT] V_Compute: 28.160 V
[LIFT] V_Motors: 27.760 V
[LIFT] V_Compute: 28.160 V
[LIFT] V_Motors: 27.755 V
[LIFT] V_Compute: 28.171 V
[LIFT] V_Motors: 27.760 V
[LIFT] V_Compute: 28.163 V
[LIFT] V_Motors: 27.757 V
[LIFT] V_Compute: 28.173 V
[LIFT] V_Motors: 27.765 V
[LIFT] V_Compute: 28.167 V
[LIFT] V_Motors: 27.756 V
[LIFT] V_Compute: 28.165 V
[LIFT] V_Motors: 27.761 V
[LIFT] V_Compute: 28.165 V
[LIFT] V_Motors: 27.759 V
[LIFT] V_Compute: 28.170 V
[LIFT] V_Motors: 27.763 V
[LIFT] V_Compute: 28.163 V
[LIFT] V_Motors: 27.757 V
[LIFT] V_Compute: 28.170 V
[LIFT] V_Motors: 27.764 V
[LIFT] V_Compute: 28.171 V
[LIFT] V_Motors: 27.761 V
[LIFT] V_Compute: 28.156 V
[LIFT] V_Motors: 27.751 V
[LIFT] V_Compute: 28.173 V
[LIFT] V_Motors: 27.756 V
[LIFT] V_Compute: 28.171 V
[LIFT] V_Motors: 27.761 V
[LIFT] V_Compute: 28.169 V
[LIFT] V_Motors: 27.761 V
[LIFT] V_Compute: 28.166 V
[LIFT] V_Motors: 27.764 V
[LIFT] V_Compute: 28.163 V
[LIFT] V_Motors: 27.766 V
[LIFT] V_Compute: 28.170 V
[LIFT] V_Motors: 27.761 V
[LIFT] V_Compute: 28.160 V
[LIFT] V_Motors: 27.754 V
[LIFT] V_Compute: 28.167 V
[LIFT] V_Motors: 27.764 V
[LIFT] V_Compute: 28.163 V
[LIFT] V_Motors: 27.754 V
[LIFT] V_Compute: 28.169 V
[LIFT] V_Motors: 27.765 V
[LIFT] V_Compute: 28.165 V
[LIFT] V_Motors: 27.753 V
[LIFT] V_Compute: 28.171 V
[LIFT] V_Motors: 27.761 V
[LIFT] V_Compute: 28.163 V
[LIFT] V_Motors: 27.753 V
[LIFT] V_Compute: 28.167 V
[LIFT] V_Motors: 27.764 V
[LIFT] V_Compute: 28.164 V
[LIFT] V_Motors: 27.751 V
[LIFT] V_Compute: 28.173 V
[LIFT] V_Motors: 27.765 V
[LIFT] V_Compute: 28.167 V
[LIFT] V_Motors: 27.764 V
[LIFT] V_Compute: 28.171 V
[LIFT] V_Motors: 27.759 V
[LIFT] V_Compute: 28.169 V
[LIFT] V_Motors: 27.757 V
[LIFT] V_Compute: 28.163 V
[LIFT] V_Motors: 27.761 V
[LIFT] V_Compute: 28.174 V
[LIFT] V_Motors: 27.759 V
[LIFT] V_Compute: 28.169 V
[LIFT] V_Motors: 27.761 V
[LIFT] V_Compute: 28.169 V
[LIFT] V_Motors: 27.763 V
[LIFT] V_Compute: 28.161 V
[LIFT] V_Motors: 27.749 V
[LIFT] V_Compute: 28.163 V
[LIFT] V_Motors: 27.755 V
[LIFT] V_Compute: 28.173 V
[LIFT] V_Motors: 27.757 V
[LIFT] V_Compute: 28.167 V
[LIFT] V_Motors: 27.751 V
[LIFT] V_Compute: 28.169 V
[LIFT] V_Motors: 27.757 V
[LIFT] V_Compute: 28.169 V
[LIFT] V_Motors: 27.757 V
[LIFT] V_Compute: 28.169 V
[LIFT] V_Motors: 27.760 V
[LIFT] V_Compute: 28.167 V
[LIFT] V_Motors: 27.761 V
[LIFT] V_Compute: 28.166 V
[LIFT] V_Motors: 27.760 V
[LIFT] V_Compute: 28.167 V
[LIFT] V_Motors: 27.761 V
[LIFT] V_Compute: 28.166 V
[LIFT] V_Motors: 27.759 V
[LIFT] V_Compute: 28.170 V
[LIFT] V_Motors: 27.759 V
[LIFT] V_Compute: 28.167 V
[LIFT] V_Motors: 27.760 V
[LIFT] V_Compute: 28.165 V
[LIFT] V_Motors: 27.764 V
[LIFT] V_Compute: 28.171 V
[LIFT] V_Motors: 27.767 V
[LIFT] V_Compute: 28.171 V
[LIFT] V_Motors: 27.757 V
[LIFT] V_Compute: 28.167 V
[LIFT] V_Motors: 27.763 V
[LIFT] V_Compute: 28.163 V
[LIFT] V_Motors: 27.756 V
[LIFT] V_Compute: 28.170 V
[LIFT] V_Motors: 27.760 V
[LIFT] V_Compute: 28.171 V
[LIFT] V_Motors: 27.763 V
[LIFT] V_Compute: 28.176 V
[LIFT] V_Motors: 27.763 V
[LIFT] V_Compute: 28.174 V
[LIFT] V_Motors: 27.754 V
[LIFT] V_Compute: 28.167 V
[LIFT] V_Motors: 27.760 V
[LIFT] V_Compute: 28.173 V
[LIFT] V_Motors: 27.764 V
[LIFT] V_Compute: 28.150 V
[LIFT] V_Motors: 27.747 V
[LIFT] V_Compute: 28.163 V
[LIFT] V_Motors: 27.754 V
[LIFT] V_Compute: 28.166 V
[LIFT] V_Motors: 27.757 V
[LIFT] V_Compute: 28.167 V
[LIFT] V_Motors: 27.763 V
[LIFT] V_Compute: 28.165 V
[LIFT] V_Motors: 27.760 V
[LIFT] V_Compute: 28.160 V
[LIFT] V_Motors: 27.751 V
[LIFT] V_Compute: 28.169 V
[LIFT] V_Motors: 27.763 V
[LIFT] V_Compute: 28.171 V
[LIFT] V_Motors: 27.759 V
[LIFT] V_Compute: 28.175 V
[LIFT] V_Motors: 27.755 V
[LIFT] V_Compute: 28.173 V
[LIFT] V_Motors: 27.760 V
[LIFT] V_Compute: 28.170 V
[LIFT] V_Motors: 27.759 V
[LIFT] V_Compute: 28.171 V
[LIFT] V_Motors: 27.763 V
[LIFT] V_Compute: 28.167 V
[LIFT] V_Motors: 27.755 V
[LIFT] V_Compute: 28.170 V
[LIFT] V_Motors: 27.764 V
[LIFT] V_Compute: 28.171 V
[LIFT] V_Motors: 27.763 V
[LIFT] V_Compute: 28.176 V
[LIFT] V_Motors: 27.757 V
[LIFT] V_Compute: 28.166 V
[LIFT] V_Motors: 27.759 V
[LIFT] V_Compute: 28.167 V
[LIFT] V_Motors: 27.763 V
[LIFT] V_Compute: 28.170 V
[LIFT] V_Motors: 27.760 V
[LIFT] V_Compute: 28.170 V
[LIFT] V_Motors: 27.759 V
[LIFT] V_Compute: 28.166 V
[LIFT] V_Motors: 27.757 V
[LIFT] V_Compute: 28.167 V
[LIFT] V_Motors: 27.757 V
[LIFT] V_Compute: 28.165 V
[LIFT] V_Motors: 27.760 V
[LIFT] V_Compute: 28.169 V
[LIFT] V_Motors: 27.756 V
[LIFT] V_Compute: 28.166 V
[LIFT] V_Motors: 27.763 V
[LIFT] V_Compute: 28.167 V
[LIFT] V_Motors: 27.759 V
[LIFT] V_Compute: 28.169 V
[LIFT] V_Motors: 27.756 V
[LIFT] V_Compute: 28.165 V
[LIFT] V_Motors: 27.763 V
[LIFT] V_Compute: 28.163 V
[LIFT] V_Motors: 27.760 V
[LIFT] V_Compute: 28.169 V
[LIFT] V_Motors: 27.765 V
[LIFT] V_Compute: 28.171 V
[LIFT] V_Motors: 27.761 V
[LIFT] V_Compute: 28.171 V
[LIFT] V_Motors: 27.763 V
[LIFT] V_Compute: 28.174 V
[LIFT] V_Motors: 27.761 V
[LIFT] V_Compute: 28.175 V
[LIFT] V_Motors: 27.761 V
[LIFT] V_Compute: 28.167 V
[LIFT] V_Motors: 27.763 V
[LIFT] V_Compute: 28.173 V
[LIFT] V_Motors: 27.754 V
[LIFT] V_Compute: 28.166 V
[LIFT] V_Motors: 27.759 V
[LIFT] V_Compute: 28.171 V
[LIFT] V_Motors: 27.760 V
[LIFT] V_Compute: 28.163 V
[LIFT] V_Motors: 27.761 V
[LIFT] V_Compute: 28.169 V
[LIFT] V_Motors: 27.760 V
[LIFT] V_Compute: 28.176 V
[LIFT] V_Motors: 27.759 V
[LIFT] V_Compute: 28.163 V
[LIFT] V_Motors: 27.761 V
[LIFT] V_Compute: 28.169 V
[LIFT] V_Motors: 27.759 V
[LIFT] V_Compute: 28.166 V
[LIFT] V_Motors: 27.750 V
[LIFT] V_Compute: 28.169 V
[LIFT] V_Motors: 27.756 V
[LIFT] V_Compute: 28.163 V
[LIFT] V_Motors: 27.755 V
[LIFT] V_Compute: 28.164 V
[LIFT] V_Motors: 27.761 V
[LIFT] V_Compute: 28.157 V
[LIFT] V_Motors: 27.751 V
[LIFT] V_Compute: 28.171 V
[LIFT] V_Motors: 27.761 V
[LIFT] V_Compute: 28.165 V
[LIFT] V_Motors: 27.765 V
[LIFT] V_Compute: 28.163 V
[LIFT] V_Motors: 27.764 V
[LIFT] V_Compute: 28.167 V
[LIFT] V_Motors: 27.761 V
[LIFT] V_Compute: 28.160 V
[LIFT] V_Motors: 27.759 V
[LIFT] V_Compute: 28.163 V
[LIFT] V_Motors: 27.756 V
[LIFT] V_Compute: 28.160 V
[LIFT] V_Motors: 27.754 V
[LIFT] V_Compute: 28.161 V
[LIFT] V_Motors: 27.763 V
[LIFT] V_Compute: 28.174 V
[LIFT] V_Motors: 27.756 V
[LIFT] V_Compute: 28.173 V
[LIFT] V_Motors: 27.760 V
[LIFT] V_Compute: 28.167 V
[LIFT] V_Motors: 27.759 V
[LIFT] V_Compute: 28.156 V
[LIFT] V_Motors: 27.756 V
[LIFT] V_Compute: 28.160 V
[LIFT] V_Motors: 27.760 V
[LIFT] V_Compute: 28.171 V
[LIFT] V_Motors: 27.760 V
[LIFT] V_Compute: 28.171 V
[LIFT] V_Motors: 27.760 V
[LIFT] V_Compute: 28.163 V
[LIFT] V_Motors: 27.753 V
[LIFT] V_Compute: 28.166 V
[LIFT] V_Motors: 27.754 V
[LIFT] V_Compute: 28.171 V
[LIFT] V_Motors: 27.761 V
[LIFT] V_Compute: 28.173 V
[LIFT] V_Motors: 27.754 V
[LIFT] V_Compute: 28.165 V
[LIFT] V_Motors: 27.760 V
[LIFT] V_Compute: 28.165 V
[LIFT] V_Motors: 27.763 V
[LIFT] V_Compute: 28.167 V
[LIFT] V_Motors: 27.754 V
[LIFT] V_Compute: 28.167 V
[LIFT] V_Motors: 27.760 V
[LIFT] V_Compute: 28.171 V
[LIFT] V_Motors: 27.759 V
[LIFT] V_Compute: 28.164 V
[LIFT] V_Motors: 27.753 V
[LIFT] V_Compute: 28.161 V
[LIFT] V_Motors: 27.756 V
[LIFT] V_Compute: 28.161 V
[LIFT] V_Motors: 27.757 V
[LIFT] V_Compute: 28.161 V
[LIFT] V_Motors: 27.751 V
[LIFT] V_Compute: 28.165 V
[LIFT] V_Motors: 27.750 V
[LIFT] V_Compute: 28.156 V
[LIFT] V_Motors: 27.749 V
[LIFT] V_Compute: 28.166 V
[LIFT] V_Motors: 27.754 V
[LIFT] V_Compute: 28.174 V
[LIFT] V_Motors: 27.759 V
[LIFT] V_Compute: 28.156 V
[LIFT] V_Motors: 27.764 V
[LIFT] V_Compute: 28.175 V
[LIFT] V_Motors: 27.761 V
[LIFT] V_Compute: 28.170 V
[LIFT] V_Motors: 27.759 V
[LIFT] V_Compute: 28.174 V
[LIFT] V_Motors: 27.760 V
[LIFT] V_Compute: 28.160 V
[LIFT] V_Motors: 27.763 V
[LIFT] V_Compute: 28.164 V
[LIFT] V_Motors: 27.764 V
[LIFT] V_Compute: 28.169 V
[LIFT] V_Motors: 27.765 V
[LIFT] V_Compute: 28.165 V
[LIFT] V_Motors: 27.756 V
[LIFT] V_Compute: 28.165 V
[LIFT] V_Motors: 27.761 V
[LIFT] V_Compute: 28.160 V
[LIFT] V_Motors: 27.757 V
[LIFT] V_Compute: 28.155 V
[LIFT] V_Motors: 27.749 V
[LIFT] V_Compute: 28.173 V
[LIFT] V_Motors: 27.763 V
[LIFT] V_Compute: 28.164 V
[LIFT] V_Motors: 27.763 V
[LIFT] V_Compute: 28.173 V
[LIFT] V_Motors: 27.761 V
[LIFT] V_Compute: 28.164 V
[LIFT] V_Motors: 27.757 V
[LIFT] V_Compute: 28.154 V
[LIFT] V_Motors: 27.761 V
[LIFT] V_Compute: 28.170 V
[LIFT] V_Motors: 27.755 V
[LIFT] V_Compute: 28.173 V
[LIFT] V_Motors: 27.759 V
[LIFT] V_Compute: 28.157 V
[LIFT] V_Motors: 27.754 V
[LIFT] V_Compute: 28.166 V
[LIFT] V_Motors: 27.757 V
[LIFT] V_Compute: 28.167 V
[LIFT] V_Motors: 27.763 V
[LIFT] V_Compute: 28.170 V
[LIFT] V_Motors: 27.761 V
[LIFT] V_Compute: 28.167 V
[LIFT] V_Motors: 27.757 V
[LIFT] V_Compute: 28.173 V
[LIFT] V_Motors: 27.756 V
[LIFT] V_Compute: 28.167 V
[LIFT] V_Motors: 27.754 V
[LIFT] V_Compute: 28.160 V
[LIFT] V_Motors: 27.759 V
[LIFT] V_Compute: 28.166 V
[LIFT] V_Motors: 27.760 V
[LIFT] V_Compute: 28.161 V
[LIFT] V_Motors: 27.756 V
[LIFT] V_Compute: 28.163 V
[LIFT] V_Motors: 27.756 V
[LIFT] V_Compute: 28.169 V
[LIFT] V_Motors: 27.761 V
[LIFT] V_Compute: 28.166 V
[LIFT] V_Motors: 27.757 V
[LIFT] V_Compute: 28.171 V
[LIFT] V_Motors: 27.764 V
[LIFT] V_Compute: 28.161 V
[LIFT] V_Motors: 27.759 V
[LIFT] V_Compute: 28.156 V
[LIFT] V_Motors: 27.747 V
[LIFT] V_Compute: 28.167 V
[LIFT] V_Motors: 27.759 V
[LIFT] V_Compute: 28.167 V
[LIFT] V_Motors: 27.756 V
[LIFT] V_Compute: 28.157 V
[LIFT] V_Motors: 27.750 V
[LIFT] V_Compute: 28.164 V
[LIFT] V_Motors: 27.760 V
[LIFT] V_Compute: 28.163 V
[LIFT] V_Motors: 27.755 V
[LIFT] V_Compute: 28.163 V
[LIFT] V_Motors: 27.753 V
[LIFT] V_Compute: 28.165 V
[LIFT] V_Motors: 27.764 V
[LIFT] V_Compute: 28.167 V
[LIFT] V_Motors: 27.760 V
[LIFT] V_Compute: 28.171 V
[LIFT] V_Motors: 27.764 V
[LIFT] V_Compute: 28.171 V
[LIFT] V_Motors: 27.754 V
[LIFT] V_Compute: 28.161 V
[LIFT] V_Motors: 27.763 V
[LIFT] V_Compute: 28.163 V
[LIFT] V_Motors: 27.750 V
[LIFT] V_Compute: 28.159 V
[LIFT] V_Motors: 27.750 V
[LIFT] V_Compute: 28.159 V
[LIFT] V_Motors: 27.747 V
[LIFT] V_Compute: 28.170 V
[LIFT] V_Motors: 27.761 V
[LIFT] V_Compute: 28.166 V
[LIFT] V_Motors: 27.756 V
[LIFT] V_Compute: 28.170 V
[LIFT] V_Motors: 27.757 V
[LIFT] V_Compute: 28.161 V
[LIFT] V_Motors: 27.751 V
[LIFT] V_Compute: 28.164 V
[LIFT] V_Motors: 27.749 V
[LIFT] V_Compute: 28.166 V
[LIFT] V_Motors: 27.757 V
[LIFT] V_Compute: 28.173 V
[LIFT] V_Motors: 27.763 V
[LIFT] V_Compute: 28.166 V
[LIFT] V_Motors: 27.760 V
[LIFT] V_Compute: 28.161 V
[LIFT] V_Motors: 27.759 V
[LIFT] V_Compute: 28.163 V
[LIFT] V_Motors: 27.754 V
[LIFT] V_Compute: 28.164 V
[LIFT] V_Motors: 27.760 V
[LIFT] V_Compute: 28.165 V
[LIFT] V_Motors: 27.755 V
[LIFT] V_Compute: 28.167 V
[LIFT] V_Motors: 27.757 V
[LIFT] V_Compute: 28.173 V
[LIFT] V_Motors: 27.761 V
[LIFT] V_Compute: 28.165 V
[LIFT] V_Motors: 27.759 V
[LIFT] V_Compute: 28.156 V
[LIFT] V_Motors: 27.747 V
[LIFT] V_Compute: 28.170 V
[LIFT] V_Motors: 27.761 V
[LIFT] V_Compute: 28.165 V
[LIFT] V_Motors: 27.756 V
[LIFT] V_Compute: 28.170 V
[LIFT] V_Motors: 27.754 V
[LIFT] V_Compute: 28.165 V
[LIFT] V_Motors: 27.754 V
[LIFT] V_Compute: 28.165 V
[LIFT] V_Motors: 27.760 V
[LIFT] V_Compute: 28.164 V
[LIFT] V_Motors: 27.751 V
[LIFT] V_Compute: 28.170 V
[LIFT] V_Motors: 27.753 V
[LIFT] V_Compute: 28.166 V
[LIFT] V_Motors: 27.757 V
[LIFT] V_Compute: 28.163 V
[LIFT] V_Motors: 27.755 V
[LIFT] V_Compute: 28.163 V
[LIFT] V_Motors: 27.756 V
[LIFT] V_Compute: 28.167 V
[LIFT] V_Motors: 27.756 V
[LIFT] V_Compute: 28.157 V
[LIFT] V_Motors: 27.746 V
[LIFT] V_Compute: 28.163 V
[LIFT] V_Motors: 27.755 V
[LIFT] V_Compute: 28.173 V
[LIFT] V_Motors: 27.757 V
[LIFT] V_Compute: 28.157 V
[LIFT] V_Motors: 27.756 V
[LIFT] V_Compute: 28.166 V
[LIFT] V_Motors: 27.757 V
[LIFT] V_Compute: 28.173 V
[LIFT] V_Motors: 27.755 V
[LIFT] V_Compute: 28.170 V
[LIFT] V_Motors: 27.754 V
[LIFT] V_Compute: 28.164 V
[LIFT] V_Motors: 27.759 V
[LIFT] V_Compute: 28.166 V
[LIFT] V_Motors: 27.766 V
[LIFT] V_Compute: 28.173 V
[LIFT] V_Motors: 27.754 V
[LIFT] V_Compute: 28.166 V
[LIFT] V_Motors: 27.750 V
[LIFT] V_Compute: 28.170 V
[LIFT] V_Motors: 27.756 V
[LIFT] V_Compute: 28.170 V
[LIFT] V_Motors: 27.757 V
[LIFT] V_Compute: 28.160 V
[LIFT] V_Motors: 27.749 V
[LIFT] V_Compute: 28.171 V
[LIFT] V_Motors: 27.760 V
[LIFT] V_Compute: 28.165 V
[LIFT] V_Motors: 27.753 V
[LIFT] V_Compute: 28.160 V
[LIFT] V_Motors: 27.755 V
[LIFT] V_Compute: 28.161 V
[LIFT] V_Motors: 27.755 V
[LIFT] V_Compute: 28.170 V
[LIFT] V_Motors: 27.755 V
[LIFT] V_Compute: 28.163 V
[LIFT] V_Motors: 27.751 V
[LIFT] V_Compute: 28.166 V
[LIFT] V_Motors: 27.747 V
[LIFT] V_Compute: 28.152 V
[LIFT] V_Motors: 27.746 V
[LIFT] V_Compute: 28.166 V
[LIFT] V_Motors: 27.749 V
[LIFT] V_Compute: 28.163 V
[LIFT] V_Motors: 27.755 V
[LIFT] V_Compute: 28.171 V
[LIFT] V_Motors: 27.756 V
[LIFT] V_Compute: 28.161 V
[LIFT] V_Motors: 27.749 V
[LIFT] V_Compute: 28.167 V
[LIFT] V_Motors: 27.761 V
[LIFT] V_Compute: 28.161 V
[LIFT] V_Motors: 27.753 V
[LIFT] V_Compute: 28.173 V
[LIFT] V_Motors: 27.756 V
[LIFT] V_Compute: 28.154 V
[LIFT] V_Motors: 27.745 V
[LIFT] V_Compute: 28.154 V
[LIFT] V_Motors: 27.750 V
[LIFT] V_Compute: 28.152 V
[LIFT] V_Motors: 27.741 V
[LIFT] V_Compute: 28.147 V
[LIFT] V_Motors: 27.749 V
[LIFT] V_Compute: 28.155 V
[LIFT] V_Motors: 27.754 V
[LIFT] V_Compute: 28.157 V
[LIFT] V_Motors: 27.751 V
[LIFT] V_Compute: 28.152 V
[LIFT] V_Motors: 27.743 V
[LIFT] V_Compute: 28.155 V
[LIFT] V_Motors: 27.746 V
[LIFT] V_Compute: 28.161 V
[LIFT] V_Motors: 27.746 V
[LIFT] V_Compute: 28.159 V
[LIFT] V_Motors: 27.749 V
[LIFT] V_Compute: 28.150 V
[LIFT] V_Motors: 27.743 V
[LIFT] V_Compute: 28.163 V
[LIFT] V_Motors: 27.750 V
[LIFT] V_Compute: 28.151 V
[LIFT] V_Motors: 27.740 V
[LIFT] V_Compute: 28.155 V
[LIFT] V_Motors: 27.747 V
[LIFT] V_Compute: 28.150 V
[LIFT] V_Motors: 27.746 V
[LIFT] V_Compute: 28.156 V
[LIFT] V_Motors: 27.743 V
[LIFT] V_Compute: 28.151 V
[LIFT] V_Motors: 27.740 V
[LIFT] V_Compute: 28.160 V
[LIFT] V_Motors: 27.746 V
[LIFT] V_Compute: 28.165 V
[LIFT] V_Motors: 27.753 V
[LIFT] V_Compute: 28.165 V
[LIFT] V_Motors: 27.754 V
[LIFT] V_Compute: 28.167 V
[LIFT] V_Motors: 27.754 V
[LIFT] V_Compute: 28.166 V
[LIFT] V_Motors: 27.759 V
[LIFT] V_Compute: 28.166 V
[LIFT] V_Motors: 27.750 V
[LIFT] V_Compute: 28.171 V
[LIFT] V_Motors: 27.760 V
[LIFT] V_Compute: 28.166 V
[LIFT] V_Motors: 27.755 V
[LIFT] V_Compute: 28.160 V
[LIFT] V_Motors: 27.750 V
[LIFT] V_Compute: 28.167 V
[LIFT] V_Motors: 27.760 V
[LIFT] V_Compute: 28.169 V
[LIFT] V_Motors: 27.761 V
[LIFT] V_Compute: 28.167 V
[LIFT] V_Motors: 27.754 V
[LIFT] V_Compute: 28.169 V
[LIFT] V_Motors: 27.754 V
[LIFT] V_Compute: 28.166 V
[LIFT] V_Motors: 27.757 V
[LIFT] V_Compute: 28.170 V
[LIFT] V_Motors: 27.755 V
[LIFT] V_Compute: 28.159 V
[LIFT] V_Motors: 27.747 V
[LIFT] V_Compute: 28.163 V
[LIFT] V_Motors: 27.750 V
[LIFT] V_Compute: 28.169 V
[LIFT] V_Motors: 27.757 V
[LIFT] V_Compute: 28.170 V
[LIFT] V_Motors: 27.754 V
[LIFT] V_Compute: 28.159 V
[LIFT] V_Motors: 27.750 V
[LIFT] V_Compute: 28.165 V
[LIFT] V_Motors: 27.755 V
[LIFT] V_Compute: 28.165 V
[LIFT] V_Motors: 27.759 V
[LIFT] V_Compute: 28.164 V
[LIFT] V_Motors: 27.760 V
[LIFT] V_Compute: 28.171 V
[LIFT] V_Motors: 27.755 V
[LIFT] V_Compute: 28.170 V
[LIFT] V_Motors: 27.755 V
[LIFT] V_Compute: 28.167 V
[LIFT] V_Motors: 27.754 V
[LIFT] V_Compute: 28.169 V
[LIFT] V_Motors: 27.751 V
[LIFT] V_Compute: 28.157 V
[LIFT] V_Motors: 27.749 V
[LIFT] V_Compute: 28.169 V
[LIFT] V_Motors: 27.754 V
[LIFT] V_Compute: 28.169 V
[LIFT] V_Motors: 27.751 V
[LIFT] V_Compute: 28.163 V
[LIFT] V_Motors: 27.755 V
[LIFT] V_Compute: 28.167 V
[LIFT] V_Motors: 27.751 V
[LIFT] V_Compute: 28.171 V
[LIFT] V_Motors: 27.754 V
[LIFT] V_Compute: 28.163 V
[LIFT] V_Motors: 27.753 V
[LIFT] V_Compute: 28.167 V
[LIFT] V_Motors: 27.754 V
[LIFT] V_Compute: 28.169 V
[LIFT] V_Motors: 27.751 V
[LIFT] V_Compute: 28.160 V
[LIFT] V_Motors: 27.763 V
[LIFT] V_Compute: 28.163 V
[LIFT] V_Motors: 27.759 V
[LIFT] V_Compute: 28.163 V
[LIFT] V_Motors: 27.754 V
[LIFT] V_Compute: 28.166 V
[LIFT] V_Motors: 27.751 V
[LIFT] V_Compute: 28.173 V
[LIFT] V_Motors: 27.757 V
[LIFT] V_Compute: 28.170 V
[LIFT] V_Motors: 27.751 V
[LIFT] V_Compute: 28.167 V
[LIFT] V_Motors: 27.753 V
[LIFT] V_Compute: 28.165 V
[LIFT] V_Motors: 27.756 V
[LIFT] V_Compute: 28.154 V
[LIFT] V_Motors: 27.739 V
[LIFT] V_Compute: 28.155 V
[LIFT] V_Motors: 27.739 V
[LIFT] V_Compute: 28.160 V
[LIFT] V_Motors: 27.751 V
[LIFT] V_Compute: 28.169 V
[LIFT] V_Motors: 27.755 V
[LIFT] V_Compute: 28.154 V
[LIFT] V_Motors: 27.753 V
[LIFT] V_Compute: 28.173 V
[LIFT] V_Motors: 27.757 V
[LIFT] V_Compute: 28.165 V
[LIFT] V_Motors: 27.754 V
[LIFT] V_Compute: 28.170 V
[LIFT] V_Motors: 27.760 V
[LIFT] V_Compute: 28.174 V
[LIFT] V_Motors: 27.753 V
[LIFT] V_Compute: 28.163 V
[LIFT] V_Motors: 27.751 V
[LIFT] V_Compute: 28.167 V
[LIFT] V_Motors: 27.757 V
[LIFT] V_Compute: 28.166 V
[LIFT] V_Motors: 27.759 V
[LIFT] V_Compute: 28.164 V
[LIFT] V_Motors: 27.761 V
[LIFT] V_Compute: 28.165 V
[LIFT] V_Motors: 27.754 V
[LIFT] V_Compute: 28.164 V
[LIFT] V_Motors: 27.755 V
[LIFT] V_Compute: 28.163 V
[LIFT] V_Motors: 27.756 V
[LIFT] V_Compute: 28.163 V
[LIFT] V_Motors: 27.755 V
[LIFT] V_Compute: 28.163 V
[LIFT] V_Motors: 27.754 V
[LIFT] V_Compute: 28.167 V
[LIFT] V_Motors: 27.749 V
[LIFT] V_Compute: 28.161 V
[LIFT] V_Motors: 27.755 V
[LIFT] V_Compute: 28.169 V
[LIFT] V_Motors: 27.759 V
[LIFT] V_Compute: 28.169 V
[LIFT] V_Motors: 27.755 V
[LIFT] V_Compute: 28.160 V
[LIFT] V_Motors: 27.754 V
[LIFT] V_Compute: 28.167 V
[LIFT] V_Motors: 27.754 V
[LIFT] V_Compute: 28.163 V
[LIFT] V_Motors: 27.755 V
[LIFT] V_Compute: 28.159 V
[LIFT] V_Motors: 27.746 V
[LIFT] V_Compute: 28.166 V
[LIFT] V_Motors: 27.756 V
[LIFT] V_Compute: 28.171 V
[LIFT] V_Motors: 27.753 V
[LIFT] V_Compute: 28.156 V
[LIFT] V_Motors: 27.741 V
[LIFT] V_Compute: 28.165 V
[LIFT] V_Motors: 27.747 V
[LIFT] V_Compute: 28.169 V
[LIFT] V_Motors: 27.755 V
[LIFT] V_Compute: 28.169 V
[LIFT] V_Motors: 27.750 V
[LIFT] V_Compute: 28.171 V
[LIFT] V_Motors: 27.751 V
[LIFT] V_Compute: 28.169 V
[LIFT] V_Motors: 27.754 V
[LIFT] V_Compute: 28.164 V
[LIFT] V_Motors: 27.751 V
[LIFT] V_Compute: 28.166 V
[LIFT] V_Motors: 27.751 V
[LIFT] V_Compute: 28.161 V
[LIFT] V_Motors: 27.753 V
[LIFT] V_Compute: 28.165 V
[LIFT] V_Motors: 27.749 V
[LIFT] V_Compute: 28.166 V
[LIFT] V_Motors: 27.756 V
[LIFT] V_Compute: 28.167 V
[LIFT] V_Motors: 27.751 V
[LIFT] V_Compute: 28.167 V
[LIFT] V_Motors: 27.756 V
[LIFT] V_Compute: 28.170 V
[LIFT] V_Motors: 27.755 V
[LIFT] V_Compute: 28.170 V
[LIFT] V_Motors: 27.751 V
[LIFT] V_Compute: 28.169 V
[LIFT] V_Motors: 27.747 V
[LIFT] V_Compute: 28.167 V
[LIFT] V_Motors: 27.754 V
[LIFT] V_Compute: 28.161 V
[LIFT] V_Motors: 27.750 V
[LIFT] V_Compute: 28.163 V
[LIFT] V_Motors: 27.751 V
[LIFT] V_Compute: 28.171 V
[LIFT] V_Motors: 27.756 V
[LIFT] V_Compute: 28.169 V
[LIFT] V_Motors: 27.753 V
[LIFT] V_Compute: 28.163 V
[LIFT] V_Motors: 27.743 V
[LIFT] V_Compute: 28.174 V
[LIFT] V_Motors: 27.753 V
[LIFT] V_Compute: 28.165 V
[LIFT] V_Motors: 27.753 V
[LIFT] V_Compute: 28.171 V
[LIFT] V_Motors: 27.759 V
[LIFT] V_Compute: 28.177 V
[LIFT] V_Motors: 27.761 V
[LIFT] V_Compute: 28.175 V
[LIFT] V_Motors: 27.754 V
[LIFT] V_Compute: 28.181 V
[LIFT] V_Motors: 27.760 V
[LIFT] V_Compute: 28.174 V
[LIFT] V_Motors: 27.763 V
[LIFT] V_Compute: 28.174 V
[LIFT] V_Motors: 27.761 V
[LIFT] V_Compute: 28.177 V
[LIFT] V_Motors: 27.759 V
[LIFT] V_Compute: 28.174 V
[LIFT] V_Motors: 27.754 V
[LIFT] V_Compute: 28.180 V
[LIFT] V_Motors: 27.759 V
[LIFT] V_Compute: 28.173 V
[LIFT] V_Motors: 27.760 V
[LIFT] V_Compute: 28.181 V
[LIFT] V_Motors: 27.756 V
[LIFT] V_Compute: 28.170 V
[LIFT] V_Motors: 27.759 V
[LIFT] V_Compute: 28.181 V
[LIFT] V_Motors: 27.759 V
[LIFT] V_Compute: 28.180 V
[LIFT] V_Motors: 27.766 V
[LIFT] V_Compute: 28.180 V
[LIFT] V_Motors: 27.761 V
[LIFT] V_Compute: 28.176 V
[LIFT] V_Motors: 27.757 V
[LIFT] V_Compute: 28.174 V
[LIFT] V_Motors: 27.763 V
[LIFT] V_Compute: 28.170 V
[LIFT] V_Motors: 27.764 V
[LIFT] V_Compute: 28.174 V
[LIFT] V_Motors: 27.761 V
[LIFT] V_Compute: 28.180 V
[LIFT] V_Motors: 27.763 V
[LIFT] V_Compute: 28.180 V
[LIFT] V_Motors: 27.765 V
[LIFT] V_Compute: 28.174 V
[LIFT] V_Motors: 27.761 V
[LIFT] V_Compute: 28.175 V
[LIFT] V_Motors: 27.759 V
[LIFT] V_Compute: 28.171 V
[LIFT] V_Motors: 27.757 V
[LIFT] V_Compute: 28.174 V
[LIFT] V_Motors: 27.753 V
[LIFT] V_Compute: 28.181 V
[LIFT] V_Motors: 27.761 V
[LIFT] V_Compute: 28.175 V
[LIFT] V_Motors: 27.753 V
[LIFT] V_Compute: 28.179 V
[LIFT] V_Motors: 27.760 V
[LIFT] V_Compute: 28.180 V
[LIFT] V_Motors: 27.760 V
[LIFT] V_Compute: 28.173 V
[LIFT] V_Motors: 27.763 V
[LIFT] V_Compute: 28.175 V
[LIFT] V_Motors: 27.763 V
[LIFT] V_Compute: 28.173 V
[LIFT] V_Motors: 27.759 V
[LIFT] V_Compute: 28.180 V
[LIFT] V_Motors: 27.760 V
[LIFT] V_Compute: 28.176 V
[LIFT] V_Motors: 27.764 V
[LIFT] V_Compute: 28.184 V
[LIFT] V_Motors: 27.757 V
[LIFT] V_Compute: 28.176 V
[LIFT] V_Motors: 27.761 V
[LIFT] V_Compute: 28.177 V
[LIFT] V_Motors: 27.760 V
[LIFT] V_Compute: 28.175 V
[LIFT] V_Motors: 27.756 V
[LIFT] V_Compute: 28.171 V
[LIFT] V_Motors: 27.763 V
[LIFT] V_Compute: 28.179 V
[LIFT] V_Motors: 27.761 V
[LIFT] V_Compute: 28.176 V
[LIFT] V_Motors: 27.759 V
[LIFT] V_Compute: 28.179 V
[LIFT] V_Motors: 27.756 V
[LIFT] V_Compute: 28.177 V
[LIFT] V_Motors: 27.760 V
[LIFT] V_Compute: 28.175 V
[LIFT] V_Motors: 27.760 V
[LIFT] V_Compute: 28.179 V
[LIFT] V_Motors: 27.757 V
[LIFT] V_Compute: 28.174 V
[LIFT] V_Motors: 27.761 V
[LIFT] V_Compute: 28.181 V
[LIFT] V_Motors: 27.763 V
[LIFT] V_Compute: 28.177 V
[LIFT] V_Motors: 27.761 V
[LIFT] V_Compute: 28.179 V
[LIFT] V_Motors: 27.756 V
[LIFT] V_Compute: 28.179 V
[LIFT] V_Motors: 27.760 V
[LIFT] V_Compute: 28.184 V
[LIFT] V_Motors: 27.763 V
[LIFT] V_Compute: 28.174 V
[LIFT] V_Motors: 27.763 V
[LIFT] V_Compute: 28.176 V
[LIFT] V_Motors: 27.763 V
[LIFT] V_Compute: 28.174 V
[LIFT] V_Motors: 27.757 V
[LIFT] V_Compute: 28.183 V
[LIFT] V_Motors: 27.760 V
[LIFT] V_Compute: 28.180 V
[LIFT] V_Motors: 27.763 V
[LIFT] V_Compute: 28.180 V
[LIFT] V_Motors: 27.761 V
[LIFT] V_Compute: 28.181 V
[LIFT] V_Motors: 27.759 V
[LIFT] V_Compute: 28.180 V
[LIFT] V_Motors: 27.760 V
[LIFT] V_Compute: 28.179 V
[LIFT] V_Motors: 27.763 V
[LIFT] V_Compute: 28.180 V
[LIFT] V_Motors: 27.763 V
[LIFT] V_Compute: 28.181 V
[LIFT] V_Motors: 27.760 V
[LIFT] V_Compute: 28.183 V
[LIFT] V_Motors: 27.755 V
[LIFT] V_Compute: 28.176 V
[LIFT] V_Motors: 27.759 V
[LIFT] V_Compute: 28.175 V
[LIFT] V_Motors: 27.761 V
[LIFT] V_Compute: 28.180 V
[LIFT] V_Motors: 27.756 V
[LIFT] V_Compute: 28.181 V
[LIFT] V_Motors: 27.753 V
[LIFT] V_Compute: 28.177 V
[LIFT] V_Motors: 27.757 V
[LIFT] V_Compute: 28.157 V
[LIFT] V_Motors: 27.744 V
[LIFT] V_Compute: 28.165 V
[LIFT] V_Motors: 27.745 V
[LIFT] V_Compute: 28.175 V
[LIFT] V_Motors: 27.760 V
[LIFT] V_Compute: 28.177 V
[LIFT] V_Motors: 27.759 V
[LIFT] V_Compute: 28.174 V
[LIFT] V_Motors: 27.761 V
[LIFT] V_Compute: 28.174 V
[LIFT] V_Motors: 27.756 V
[LIFT] V_Compute: 28.174 V
[LIFT] V_Motors: 27.759 V
[LIFT] V_Compute: 28.179 V
[LIFT] V_Motors: 27.759 V
[LIFT] V_Compute: 28.173 V
[LIFT] V_Motors: 27.757 V
[LIFT] V_Compute: 28.177 V
[LIFT] V_Motors: 27.755 V
[LIFT] V_Compute: 28.180 V
[LIFT] V_Motors: 27.763 V
[LIFT] V_Compute: 28.176 V
[LIFT] V_Motors: 27.761 V
[LIFT] V_Compute: 28.176 V
[LIFT] V_Motors: 27.761 V
[LIFT] V_Compute: 28.183 V
[LIFT] V_Motors: 27.759 V
[LIFT] V_Compute: 28.179 V
[LIFT] V_Motors: 27.756 V
[LIFT] V_Compute: 28.176 V
[LIFT] V_Motors: 27.759 V
[LIFT] V_Compute: 28.179 V
[LIFT] V_Motors: 27.757 V
[LIFT] V_Compute: 28.174 V
[LIFT] V_Motors: 27.755 V
[LIFT] V_Compute: 28.175 V
[LIFT] V_Motors: 27.756 V
[LIFT] V_Compute: 28.175 V
[LIFT] V_Motors: 27.759 V
[LIFT] V_Compute: 28.185 V
[LIFT] V_Motors: 27.761 V
[LIFT] V_Compute: 28.171 V
[LIFT] V_Motors: 27.751 V
[LIFT] V_Compute: 28.176 V
[LIFT] V_Motors: 27.749 V
[LIFT] V_Compute: 28.177 V
[LIFT] V_Motors: 27.761 V
[LIFT] V_Compute: 28.177 V
[LIFT] V_Motors: 27.759 V
[LIFT] V_Compute: 28.179 V
[LIFT] V_Motors: 27.754 V
[LIFT] V_Compute: 28.176 V
[LIFT] V_Motors: 27.757 V
[LIFT] V_Compute: 28.177 V
[LIFT] V_Motors: 27.759 V
[LIFT] V_Compute: 28.180 V
[LIFT] V_Motors: 27.760 V
[LIFT] V_Compute: 28.185 V
[LIFT] V_Motors: 27.756 V
[LIFT] V_Compute: 28.177 V
[LIFT] V_Motors: 27.756 V
[LIFT] V_Compute: 28.179 V
[LIFT] V_Motors: 27.763 V
[LIFT] V_Compute: 28.180 V
[LIFT] V_Motors: 27.760 V
[LIFT] V_Compute: 28.175 V
[LIFT] V_Motors: 27.754 V
[LIFT] V_Compute: 28.174 V
[LIFT] V_Motors: 27.753 V
[LIFT] V_Compute: 28.156 V
[LIFT] V_Motors: 27.746 V
[LIFT] V_Compute: 28.164 V
[LIFT] V_Motors: 27.745 V
[LIFT] V_Compute: 28.161 V
[LIFT] V_Motors: 27.745 V
[LIFT] V_Compute: 28.165 V
[LIFT] V_Motors: 27.754 V
[LIFT] V_Compute: 28.163 V
[LIFT] V_Motors: 27.747 V
[LIFT] V_Compute: 28.167 V
[LIFT] V_Motors: 27.747 V
[LIFT] V_Compute: 28.161 V
[LIFT] V_Motors: 27.744 V
[LIFT] V_Compute: 28.154 V
[LIFT] V_Motors: 27.741 V
[LIFT] V_Compute: 28.157 V
[LIFT] V_Motors: 27.741 V
[LIFT] V_Compute: 28.156 V
[LIFT] V_Motors: 27.743 V
[LIFT] V_Compute: 28.157 V
[LIFT] V_Motors: 27.747 V
[LIFT] V_Compute: 28.150 V
[LIFT] V_Motors: 27.736 V
[LIFT] V_Compute: 28.156 V
[LIFT] V_Motors: 27.740 V
[LIFT] V_Compute: 28.161 V
[LIFT] V_Motors: 27.740 V
[LIFT] V_Compute: 28.164 V
[LIFT] V_Motors: 27.751 V
[LIFT] V_Compute: 28.167 V
[LIFT] V_Motors: 27.754 V
[LIFT] V_Compute: 28.163 V
[LIFT] V_Motors: 27.750 V
[LIFT] V_Compute: 28.149 V
[LIFT] V_Motors: 27.734 V
[LIFT] V_Compute: 28.157 V
[LIFT] V_Motors: 27.747 V
[LIFT] V_Compute: 28.156 V
[LIFT] V_Motors: 27.740 V
[LIFT] V_Compute: 28.161 V
[LIFT] V_Motors: 27.746 V
[LIFT] V_Compute: 28.165 V
[LIFT] V_Motors: 27.744 V
[LIFT] V_Compute: 28.161 V
[LIFT] V_Motors: 27.745 V
[LIFT] V_Compute: 28.166 V
[LIFT] V_Motors: 27.746 V
[LIFT] V_Compute: 28.166 V
[LIFT] V_Motors: 27.749 V
[LIFT] V_Compute: 28.161 V
[LIFT] V_Motors: 27.747 V
[LIFT] V_Compute: 28.163 V
[LIFT] V_Motors: 27.743 V
[LIFT] V_Compute: 28.163 V
[LIFT] V_Motors: 27.746 V
[LIFT] V_Compute: 28.161 V
[LIFT] V_Motors: 27.753 V
[LIFT] V_Compute: 28.164 V
[LIFT] V_Motors: 27.755 V
[LIFT] V_Compute: 28.165 V
[LIFT] V_Motors: 27.749 V
[LIFT] V_Compute: 28.169 V
[LIFT] V_Motors: 27.743 V
[LIFT] V_Compute: 28.163 V
[LIFT] V_Motors: 27.745 V
[LIFT] V_Compute: 28.151 V
[LIFT] V_Motors: 27.736 V
[LIFT] V_Compute: 28.152 V
[LIFT] V_Motors: 27.739 V
[LIFT] V_Compute: 28.154 V
[LIFT] V_Motors: 27.739 V
[LIFT] V_Compute: 28.154 V
[LIFT] V_Motors: 27.747 V
[LIFT] V_Compute: 28.159 V
[LIFT] V_Motors: 27.740 V
[LIFT] V_Compute: 28.155 V
[LIFT] V_Motors: 27.743 V
[LIFT] V_Compute: 28.161 V
[LIFT] V_Motors: 27.746 V
[LIFT] V_Compute: 28.161 V
[LIFT] V_Motors: 27.754 V
[LIFT] V_Compute: 28.175 V
[LIFT] V_Motors: 27.754 V
[LIFT] V_Compute: 28.150 V
[LIFT] V_Motors: 27.737 V
[LIFT] V_Compute: 28.159 V
[LIFT] V_Motors: 27.744 V
[LIFT] V_Compute: 28.154 V
[LIFT] V_Motors: 27.741 V
[LIFT] V_Compute: 28.156 V
[LIFT] V_Motors: 27.744 V
[LIFT] V_Compute: 28.156 V
[LIFT] V_Motors: 27.744 V
[LIFT] V_Compute: 28.156 V
[LIFT] V_Motors: 27.739 V
[LIFT] V_Compute: 28.171 V
[LIFT] V_Motors: 27.753 V
[LIFT] V_Compute: 28.164 V
[LIFT] V_Motors: 27.749 V
[LIFT] V_Compute: 28.165 V
[LIFT] V_Motors: 27.751 V
[LIFT] V_Compute: 28.165 V
[LIFT] V_Motors: 27.747 V
[LIFT] V_Compute: 28.169 V
[LIFT] V_Motors: 27.751 V
[LIFT] V_Compute: 28.167 V
[LIFT] V_Motors: 27.753 V
[LIFT] V_Compute: 28.169 V
[LIFT] V_Motors: 27.750 V
[LIFT] V_Compute: 28.164 V
[LIFT] V_Motors: 27.749 V
[LIFT] V_Compute: 28.170 V
[LIFT] V_Motors: 27.749 V
[LIFT] V_Compute: 28.173 V
[LIFT] V_Motors: 27.754 V
[LIFT] V_Compute: 28.170 V
[LIFT] V_Motors: 27.757 V
[LIFT] V_Compute: 28.176 V
[LIFT] V_Motors: 27.759 V
[LIFT] V_Compute: 28.173 V
[LIFT] V_Motors: 27.757 V
[LIFT] V_Compute: 28.170 V
[LIFT] V_Motors: 27.749 V
[LIFT] V_Compute: 28.170 V
[LIFT] V_Motors: 27.755 V
[LIFT] V_Compute: 28.176 V
[LIFT] V_Motors: 27.753 V
[LIFT] V_Compute: 28.174 V
[LIFT] V_Motors: 27.754 V
[LIFT] V_Compute: 28.173 V
[LIFT] V_Motors: 27.760 V
[LIFT] V_Compute: 28.176 V
[LIFT] V_Motors: 27.761 V
[LIFT] V_Compute: 28.171 V
[LIFT] V_Motors: 27.751 V
[LIFT] V_Compute: 28.154 V
[LIFT] V_Motors: 27.740 V
[LIFT] V_Compute: 28.174 V
[LIFT] V_Motors: 27.757 V
[LIFT] V_Compute: 28.176 V
[LIFT] V_Motors: 27.756 V
[LIFT] V_Compute: 28.180 V
[LIFT] V_Motors: 27.755 V
[LIFT] V_Compute: 28.174 V
[LIFT] V_Motors: 27.761 V
[LIFT] V_Compute: 28.174 V
[LIFT] V_Motors: 27.756 V
[LIFT] V_Compute: 28.173 V
[LIFT] V_Motors: 27.760 V
[LIFT] V_Compute: 28.176 V
[LIFT] V_Motors: 27.754 V
[LIFT] V_Compute: 28.173 V
[LIFT] V_Motors: 27.755 V
[LIFT] V_Compute: 28.167 V
[LIFT] V_Motors: 27.753 V
[LIFT] V_Compute: 28.173 V
[LIFT] V_Motors: 27.754 V
[LIFT] V_Compute: 28.174 V
[LIFT] V_Motors: 27.754 V
[LIFT] V_Compute: 28.176 V
[LIFT] V_Motors: 27.749 V
[LIFT] V_Compute: 28.173 V
[LIFT] V_Motors: 27.756 V
[LIFT] V_Compute: 28.173 V
[LIFT] V_Motors: 27.750 V
[LIFT] V_Compute: 28.169 V
[LIFT] V_Motors: 27.754 V
[LIFT] V_Compute: 28.171 V
[LIFT] V_Motors: 27.755 V
[LIFT] V_Compute: 28.161 V
[LIFT] V_Motors: 27.749 V
[LIFT] V_Compute: 28.163 V
[LIFT] V_Motors: 27.743 V
[LIFT] V_Compute: 28.159 V
[LIFT] V_Motors: 27.741 V
[LIFT] V_Compute: 28.175 V
[LIFT] V_Motors: 27.754 V
[LIFT] V_Compute: 28.175 V
[LIFT] V_Motors: 27.755 V
[LIFT] V_Compute: 28.179 V
[LIFT] V_Motors: 27.756 V
[LIFT] V_Compute: 28.175 V
[LIFT] V_Motors: 27.753 V
[LIFT] V_Compute: 28.179 V
[LIFT] V_Motors: 27.753 V
[LIFT] V_Compute: 28.171 V
[LIFT] V_Motors: 27.754 V
[LIFT] V_Compute: 28.177 V
[LIFT] V_Motors: 27.757 V
[LIFT] V_Compute: 28.180 V
[LIFT] V_Motors: 27.757 V
[LIFT] V_Compute: 28.171 V
[LIFT] V_Motors: 27.750 V
[LIFT] V_Compute: 28.177 V
[LIFT] V_Motors: 27.761 V
[LIFT] V_Compute: 28.174 V
[LIFT] V_Motors: 27.757 V
[LIFT] V_Compute: 28.183 V
[LIFT] V_Motors: 27.761 V
[LIFT] V_Compute: 28.179 V
[LIFT] V_Motors: 27.757 V
[LIFT] V_Compute: 28.179 V
[LIFT] V_Motors: 27.753 V
[LIFT] V_Compute: 28.179 V
[LIFT] V_Motors: 27.760 V
[LIFT] V_Compute: 28.176 V
[LIFT] V_Motors: 27.756 V
[LIFT] V_Compute: 28.176 V
[LIFT] V_Motors: 27.757 V
[LIFT] V_Compute: 28.177 V
[LIFT] V_Motors: 27.756 V
[LIFT] V_Compute: 28.180 V
[LIFT] V_Motors: 27.757 V
[LIFT] V_Compute: 28.176 V
[LIFT] V_Motors: 27.760 V
[LIFT] V_Compute: 28.177 V
[LIFT] V_Motors: 27.756 V
[LIFT] V_Compute: 28.171 V
[LIFT] V_Motors: 27.755 V
[LIFT] V_Compute: 28.171 V
[LIFT] V_Motors: 27.753 V
[LIFT] V_Compute: 28.176 V
[LIFT] V_Motors: 27.755 V
[LIFT] V_Compute: 28.180 V
[LIFT] V_Motors: 27.754 V
[LIFT] V_Compute: 28.179 V
[LIFT] V_Motors: 27.754 V
[LIFT] V_Compute: 28.183 V
[LIFT] V_Motors: 27.759 V
[LIFT] V_Compute: 28.183 V
[LIFT] V_Motors: 27.755 V
[LIFT] V_Compute: 28.173 V
[LIFT] V_Motors: 27.756 V
[LIFT] V_Compute: 28.177 V
[LIFT] V_Motors: 27.759 V
[LIFT] V_Compute: 28.180 V
[LIFT] V_Motors: 27.757 V
[LIFT] V_Compute: 28.179 V
[LIFT] V_Motors: 27.759 V
[LIFT] V_Compute: 28.180 V
[LIFT] V_Motors: 27.755 V
[LIFT] V_Compute: 28.173 V
[LIFT] V_Motors: 27.756 V
[LIFT] V_Compute: 28.173 V
[LIFT] V_Motors: 27.757 V
[LIFT] V_Compute: 28.179 V
[LIFT] V_Motors: 27.754 V
[LIFT] V_Compute: 28.171 V
[LIFT] V_Motors: 27.750 V
[LIFT] V_Compute: 28.174 V
[LIFT] V_Motors: 27.751 V
[LIFT] V_Compute: 28.176 V
[LIFT] V_Motors: 27.754 V
[LIFT] V_Compute: 28.176 V
[LIFT] V_Motors: 27.755 V
[LIFT] V_Compute: 28.171 V
[LIFT] V_Motors: 27.757 V
[LIFT] V_Compute: 28.175 V
[LIFT] V_Motors: 27.754 V
[LIFT] V_Compute: 28.177 V
[LIFT] V_Motors: 27.761 V
[LIFT] V_Compute: 28.170 V
[LIFT] V_Motors: 27.751 V
[LIFT] V_Compute: 28.165 V
[LIFT] V_Motors: 27.747 V
[LIFT] V_Compute: 28.175 V
[LIFT] V_Motors: 27.759 V
[LIFT] V_Compute: 28.179 V
[LIFT] V_Motors: 27.757 V
[LIFT] V_Compute: 28.183 V
[LIFT] V_Motors: 27.755 V
[LIFT] V_Compute: 28.177 V
[LIFT] V_Motors: 27.750 V
[LIFT] V_Compute: 28.174 V
[LIFT] V_Motors: 27.751 V
[LIFT] V_Compute: 28.173 V
[LIFT] V_Motors: 27.757 V
[LIFT] V_Compute: 28.177 V
[LIFT] V_Motors: 27.756 V
[LIFT] V_Compute: 28.171 V
[LIFT] V_Motors: 27.754 V
[LIFT] V_Compute: 28.179 V
[LIFT] V_Motors: 27.754 V
[LIFT] V_Compute: 28.176 V
[LIFT] V_Motors: 27.754 V
[LIFT] V_Compute: 28.179 V
[LIFT] V_Motors: 27.756 V
[LIFT] V_Compute: 28.173 V
[LIFT] V_Motors: 27.751 V
[LIFT] V_Compute: 28.180 V
[LIFT] V_Motors: 27.757 V
[LIFT] V_Compute: 28.179 V
[LIFT] V_Motors: 27.759 V
[LIFT] V_Compute: 28.180 V
[LIFT] V_Motors: 27.745 V
[LIFT] V_Compute: 28.174 V
[LIFT] V_Motors: 27.756 V
[LIFT] V_Compute: 28.174 V
[LIFT] V_Motors: 27.753 V
[LIFT] V_Compute: 28.173 V
[LIFT] V_Motors: 27.756 V
[LIFT] V_Compute: 28.170 V
[LIFT] V_Motors: 27.750 V
[LIFT] V_Compute: 28.177 V
[LIFT] V_Motors: 27.753 V
[LIFT] V_Compute: 28.176 V
[LIFT] V_Motors: 27.753 V
[LIFT] V_Compute: 28.177 V
[LIFT] V_Motors: 27.754 V
[LIFT] V_Compute: 28.169 V
[LIFT] V_Motors: 27.753 V
[LIFT] V_Compute: 28.179 V
[LIFT] V_Motors: 27.754 V
[LIFT] V_Compute: 28.175 V
[LIFT] V_Motors: 27.754 V
[LIFT] V_Compute: 28.176 V
[LIFT] V_Motors: 27.755 V
[LIFT] V_Compute: 28.175 V
[LIFT] V_Motors: 27.749 V
[LIFT] V_Compute: 28.174 V
[LIFT] V_Motors: 27.750 V
[LIFT] V_Compute: 28.175 V
[LIFT] V_Motors: 27.750 V
[LIFT] V_Compute: 28.154 V
[LIFT] V_Motors: 27.737 V
[LIFT] V_Compute: 28.167 V
[LIFT] V_Motors: 27.759 V
[LIFT] V_Compute: 28.179 V
[LIFT] V_Motors: 27.757 V
[LIFT] V_Compute: 28.176 V
[LIFT] V_Motors: 27.759 V
[LIFT] V_Compute: 28.170 V
[LIFT] V_Motors: 27.753 V
[LIFT] V_Compute: 28.175 V
[LIFT] V_Motors: 27.753 V
[LIFT] V_Compute: 28.174 V
[LIFT] V_Motors: 27.753 V
[LIFT] V_Compute: 28.167 V
[LIFT] V_Motors: 27.753 V
[LIFT] V_Compute: 28.179 V
[LIFT] V_Motors: 27.755 V
[LIFT] V_Compute: 28.175 V
[LIFT] V_Motors: 27.749 V
[LIFT] V_Compute: 28.179 V
[LIFT] V_Motors: 27.756 V
[LIFT] V_Compute: 28.167 V
[LIFT] V_Motors: 27.753 V
[LIFT] V_Compute: 28.177 V
[LIFT] V_Motors: 27.750 V
[LIFT] V_Compute: 28.170 V
[LIFT] V_Motors: 27.753 V
[LIFT] V_Compute: 28.179 V
[LIFT] V_Motors: 27.756 V
[LIFT] V_Compute: 28.164 V
[LIFT] V_Motors: 27.747 V
[LIFT] V_Compute: 28.177 V
[LIFT] V_Motors: 27.753 V
[LIFT] V_Compute: 28.174 V
[LIFT] V_Motors: 27.756 V
[LIFT] V_Compute: 28.181 V
[LIFT] V_Motors: 27.749 V
[LIFT] V_Compute: 28.177 V
[LIFT] V_Motors: 27.751 V
[LIFT] V_Compute: 28.177 V
[LIFT] V_Motors: 27.756 V
[LIFT] V_Compute: 28.179 V
[LIFT] V_Motors: 27.755 V
[LIFT] V_Compute: 28.174 V
[LIFT] V_Motors: 27.749 V
[LIFT] V_Compute: 28.174 V
[LIFT] V_Motors: 27.753 V
[LIFT] V_Compute: 28.171 V
[LIFT] V_Motors: 27.750 V
[LIFT] V_Compute: 28.167 V
[LIFT] V_Motors: 27.751 V
[LIFT] V_Compute: 28.171 V
[LIFT] V_Motors: 27.754 V
[LIFT] V_Compute: 28.179 V
[LIFT] V_Motors: 27.756 V
[LIFT] V_Compute: 28.171 V
[LIFT] V_Motors: 27.750 V
[LIFT] V_Compute: 28.175 V
[LIFT] V_Motors: 27.754 V
[LIFT] V_Compute: 28.176 V
[LIFT] V_Motors: 27.753 V
[LIFT] V_Compute: 28.177 V
[LIFT] V_Motors: 27.754 V
[LIFT] V_Compute: 28.173 V
[LIFT] V_Motors: 27.751 V
[LIFT] V_Compute: 28.175 V
[LIFT] V_Motors: 27.756 V
[LIFT] V_Compute: 28.174 V
[LIFT] V_Motors: 27.751 V
[LIFT] V_Compute: 28.180 V
[LIFT] V_Motors: 27.751 V
[LIFT] V_Compute: 28.174 V
[LIFT] V_Motors: 27.756 V
[LIFT] V_Compute: 28.173 V
[LIFT] V_Motors: 27.755 V
[LIFT] V_Compute: 28.179 V
[LIFT] V_Motors: 27.756 V
[LIFT] V_Compute: 28.177 V
[LIFT] V_Motors: 27.753 V
[LIFT] V_Compute: 28.171 V
[LIFT] V_Motors: 27.754 V
[LIFT] V_Compute: 28.174 V
[LIFT] V_Motors: 27.753 V
[LIFT] V_Compute: 28.175 V
[LIFT] V_Motors: 27.750 V
[LIFT] V_Compute: 28.159 V
[LIFT] V_Motors: 27.737 V
[LIFT] V_Compute: 28.156 V
[LIFT] V_Motors: 27.740 V
[LIFT] V_Compute: 28.151 V
[LIFT] V_Motors: 27.736 V
[LIFT] V_Compute: 28.173 V
[LIFT] V_Motors: 27.753 V
[LIFT] V_Compute: 28.174 V
[LIFT] V_Motors: 27.750 V
[LIFT] V_Compute: 28.174 V
[LIFT] V_Motors: 27.755 V
[LIFT] V_Compute: 28.174 V
[LIFT] V_Motors: 27.754 V
[LIFT] V_Compute: 28.179 V
[LIFT] V_Motors: 27.756 V
[LIFT] V_Compute: 28.169 V
[LIFT] V_Motors: 27.750 V
[LIFT] V_Compute: 28.175 V
[LIFT] V_Motors: 27.755 V
[LIFT] V_Compute: 28.174 V
[LIFT] V_Motors: 27.749 V
[LIFT] V_Compute: 28.177 V
[LIFT] V_Motors: 27.747 V
[LIFT] V_Compute: 28.177 V
[LIFT] V_Motors: 27.751 V
[LIFT] V_Compute: 28.171 V
[LIFT] V_Motors: 27.750 V
[LIFT] V_Compute: 28.177 V
[LIFT] V_Motors: 27.759 V
[LIFT] V_Compute: 28.179 V
[LIFT] V_Motors: 27.753 V
[LIFT] V_Compute: 28.179 V
[LIFT] V_Motors: 27.753 V
[LIFT] V_Compute: 28.176 V
[LIFT] V_Motors: 27.757 V
[LIFT] V_Compute: 28.170 V
[LIFT] V_Motors: 27.751 V
[LIFT] V_Compute: 28.175 V
[LIFT] V_Motors: 27.753 V
[LIFT] V_Compute: 28.170 V
[LIFT] V_Motors: 27.749 V
[LIFT] V_Compute: 28.173 V
[LIFT] V_Motors: 27.750 V
[LIFT] V_Compute: 28.169 V
[LIFT] V_Motors: 27.755 V
[LIFT] V_Compute: 28.176 V
[LIFT] V_Motors: 27.753 V
[LIFT] V_Compute: 28.173 V
[LIFT] V_Motors: 27.754 V
[LIFT] V_Compute: 28.160 V
[LIFT] V_Motors: 27.739 V
[LIFT] V_Compute: 28.170 V
[LIFT] V_Motors: 27.751 V
[LIFT] V_Compute: 28.171 V
[LIFT] V_Motors: 27.753 V
[LIFT] V_Compute: 28.151 V
[LIFT] V_Motors: 27.741 V
[LIFT] V_Compute: 28.163 V
[LIFT] V_Motors: 27.740 V
[LIFT] V_Compute: 28.180 V
[LIFT] V_Motors: 27.754 V
[LIFT] V_Compute: 28.155 V
[LIFT] V_Motors: 27.736 V
[LIFT] V_Compute: 28.156 V
[LIFT] V_Motors: 27.740 V
[LIFT] V_Compute: 28.171 V
[LIFT] V_Motors: 27.753 V
[LIFT] V_Compute: 28.152 V
[LIFT] V_Motors: 27.734 V
[LIFT] V_Compute: 28.157 V
[LIFT] V_Motors: 27.741 V
[LIFT] V_Compute: 28.170 V
[LIFT] V_Motors: 27.751 V
[LIFT] V_Compute: 28.171 V
[LIFT] V_Motors: 27.747 V
[LIFT] V_Compute: 28.164 V
[LIFT] V_Motors: 27.751 V
[LIFT] V_Compute: 28.163 V
[LIFT] V_Motors: 27.745 V
[LIFT] V_Compute: 28.157 V
[LIFT] V_Motors: 27.740 V
[LIFT] V_Compute: 28.161 V
[LIFT] V_Motors: 27.741 V
[LIFT] V_Compute: 28.171 V
[LIFT] V_Motors: 27.750 V
[LIFT] V_Compute: 28.156 V
[LIFT] V_Motors: 27.739 V
[LIFT] V_Compute: 28.170 V
[LIFT] V_Motors: 27.750 V
[LIFT] V_Compute: 28.173 V
[LIFT] V_Motors: 27.750 V
[LIFT] V_Compute: 28.173 V
[LIFT] V_Motors: 27.746 V
[LIFT] V_Compute: 28.176 V
[LIFT] V_Motors: 27.754 V
[LIFT] V_Compute: 28.174 V
[LIFT] V_Motors: 27.756 V
[LIFT] V_Compute: 28.176 V
[LIFT] V_Motors: 27.754 V
[LIFT] V_Compute: 28.179 V
[LIFT] V_Motors: 27.753 V
[LIFT] V_Compute: 28.159 V
[LIFT] V_Motors: 27.740 V
[LIFT] V_Compute: 28.157 V
[LIFT] V_Motors: 27.743 V
[LIFT] V_Compute: 28.175 V
[LIFT] V_Motors: 27.749 V
[LIFT] V_Compute: 28.169 V
[LIFT] V_Motors: 27.751 V
[LIFT] V_Compute: 28.175 V
[LIFT] V_Motors: 27.754 V
[LIFT] V_Compute: 28.175 V
[LIFT] V_Motors: 27.740 V
[LIFT] V_Compute: 28.173 V
[LIFT] V_Motors: 27.745 V
[LIFT] V_Compute: 28.173 V
[LIFT] V_Motors: 27.751 V
[LIFT] V_Compute: 28.165 V
[LIFT] V_Motors: 27.747 V
[LIFT] V_Compute: 28.163 V
[LIFT] V_Motors: 27.737 V
[LIFT] V_Compute: 28.171 V
[LIFT] V_Motors: 27.747 V
[LIFT] V_Compute: 28.173 V
[LIFT] V_Motors: 27.749 V
[LIFT] V_Compute: 28.152 V
[LIFT] V_Motors: 27.734 V
[LIFT] V_Compute: 28.179 V
[LIFT] V_Motors: 27.753 V
[LIFT] V_Compute: 28.173 V
[LIFT] V_Motors: 27.747 V
[LIFT] V_Compute: 28.175 V
[LIFT] V_Motors: 27.755 V
[LIFT] V_Compute: 28.176 V
[LIFT] V_Motors: 27.745 V
[LIFT] V_Compute: 28.174 V
[LIFT] V_Motors: 27.749 V
[LIFT] V_Compute: 28.176 V
[LIFT] V_Motors: 27.749 V
[LIFT] V_Compute: 28.174 V
[LIFT] V_Motors: 27.754 V
[LIFT] V_Compute: 28.171 V
[LIFT] V_Motors: 27.750 V
[LIFT] V_Compute: 28.169 V
[LIFT] V_Motors: 27.750 V
[LIFT] V_Compute: 28.152 V
[LIFT] V_Motors: 27.737 V
[LIFT] V_Compute: 28.166 V
[LIFT] V_Motors: 27.745 V
[LIFT] V_Compute: 28.149 V
[LIFT] V_Motors: 27.731 V
[LIFT] V_Compute: 28.169 V
[LIFT] V_Motors: 27.750 V
[LIFT] V_Compute: 28.180 V
[LIFT] V_Motors: 27.744 V
[LIFT] V_Compute: 28.176 V
[LIFT] V_Motors: 27.749 V
[LIFT] V_Compute: 28.171 V
[LIFT] V_Motors: 27.750 V
[LIFT] V_Compute: 28.155 V
[LIFT] V_Motors: 27.735 V
[LIFT] V_Compute: 28.175 V
[LIFT] V_Motors: 27.747 V
[LIFT] V_Compute: 28.165 V
[LIFT] V_Motors: 27.744 V
[LIFT] V_Compute: 28.173 V
[LIFT] V_Motors: 27.750 V
[LIFT] V_Compute: 28.152 V
[LIFT] V_Motors: 27.729 V
[LIFT] V_Compute: 28.175 V
[LIFT] V_Motors: 27.751 V
[LIFT] V_Compute: 28.159 V
[LIFT] V_Motors: 27.735 V
[LIFT] V_Compute: 28.169 V
[LIFT] V_Motors: 27.747 V
[LIFT] V_Compute: 28.159 V
[LIFT] V_Motors: 27.736 V
[LIFT] V_Compute: 28.164 V
[LIFT] V_Motors: 27.731 V
[LIFT] V_Compute: 28.179 V
[LIFT] V_Motors: 27.749 V
[LIFT] V_Compute: 28.161 V
[LIFT] V_Motors: 27.744 V
[LIFT] V_Compute: 28.170 V
[LIFT] V_Motors: 27.754 V
[LIFT] V_Compute: 28.175 V
[LIFT] V_Motors: 27.746 V
[LIFT] V_Compute: 28.176 V
[LIFT] V_Motors: 27.756 V
[LIFT] V_Compute: 28.175 V
[LIFT] V_Motors: 27.750 V
[LIFT] V_Compute: 28.171 V
[LIFT] V_Motors: 27.750 V
[LIFT] V_Compute: 28.169 V
[LIFT] V_Motors: 27.749 V
[LIFT] V_Compute: 28.177 V
[LIFT] V_Motors: 27.749 V
[LIFT] V_Compute: 28.174 V
[LIFT] V_Motors: 27.749 V
[LIFT] V_Compute: 28.173 V
[LIFT] V_Motors: 27.750 V
[LIFT] V_Compute: 28.175 V
[LIFT] V_Motors: 27.740 V
[LIFT] V_Compute: 28.167 V
[LIFT] V_Motors: 27.743 V
[LIFT] V_Compute: 28.170 V
[LIFT] V_Motors: 27.744 V
[LIFT] V_Compute: 28.173 V
[LIFT] V_Motors: 27.754 V
[LIFT] V_Compute: 28.167 V
[LIFT] V_Motors: 27.746 V
[LIFT] V_Compute: 28.179 V
[LIFT] V_Motors: 27.747 V
[LIFT] V_Compute: 28.177 V
[LIFT] V_Motors: 27.750 V
[LIFT] V_Compute: 28.174 V
[LIFT] V_Motors: 27.749 V
[LIFT] V_Compute: 28.171 V
[LIFT] V_Motors: 27.746 V
[LIFT] V_Compute: 28.160 V
[LIFT] V_Motors: 27.749 V
[LIFT] V_Compute: 28.176 V
[LIFT] V_Motors: 27.747 V
[LIFT] V_Compute: 28.180 V
[LIFT] V_Motors: 27.750 V
[LIFT] V_Compute: 28.176 V
[LIFT] V_Motors: 27.750 V
[LIFT] V_Compute: 28.175 V
[LIFT] V_Motors: 27.749 V
[LIFT] V_Compute: 28.181 V
[LIFT] V_Motors: 27.749 V
[LIFT] V_Compute: 28.177 V
[LIFT] V_Motors: 27.750 V
[LIFT] V_Compute: 28.174 V
[LIFT] V_Motors: 27.750 V
[LIFT] V_Compute: 28.173 V
[LIFT] V_Motors: 27.747 V
[LIFT] V_Compute: 28.171 V
[LIFT] V_Motors: 27.754 V
[LIFT] V_Compute: 28.176 V
[LIFT] V_Motors: 27.750 V
[LIFT] V_Compute: 28.152 V
[LIFT] V_Motors: 27.735 V
[LIFT] V_Compute: 28.176 V
[LIFT] V_Motors: 27.747 V
[LIFT] V_Compute: 28.179 V
[LIFT] V_Motors: 27.751 V
[LIFT] V_Compute: 28.174 V
[LIFT] V_Motors: 27.749 V
[LIFT] V_Compute: 28.176 V
[LIFT] V_Motors: 27.747 V
[LIFT] V_Compute: 28.171 V
[LIFT] V_Motors: 27.745 V
[LIFT] V_Compute: 28.161 V
[LIFT] V_Motors: 27.737 V
[LIFT] V_Compute: 28.155 V
[LIFT] V_Motors: 27.731 V
[LIFT] V_Compute: 28.163 V
[LIFT] V_Motors: 27.737 V
[LIFT] V_Compute: 28.173 V
[LIFT] V_Motors: 27.746 V
[LIFT] V_Compute: 28.174 V
[LIFT] V_Motors: 27.749 V
[LIFT] V_Compute: 28.171 V
[LIFT] V_Motors: 27.750 V
[LIFT] V_Compute: 28.171 V
[LIFT] V_Motors: 27.741 V
[LIFT] V_Compute: 28.171 V
[LIFT] V_Motors: 27.747 V
[LIFT] V_Compute: 28.170 V
[LIFT] V_Motors: 27.745 V
[LIFT] V_Compute: 28.163 V
[LIFT] V_Motors: 27.736 V
[LIFT] V_Compute: 28.175 V
[LIFT] V_Motors: 27.741 V
[LIFT] V_Compute: 28.169 V
[LIFT] V_Motors: 27.749 V
[LIFT] V_Compute: 28.180 V
[LIFT] V_Motors: 27.750 V
[LIFT] V_Compute: 28.179 V
[LIFT] V_Motors: 27.750 V
[LIFT] V_Compute: 28.174 V
[LIFT] V_Motors: 27.751 V
[LIFT] V_Compute: 28.175 V
[LIFT] V_Motors: 27.753 V
[LIFT] V_Compute: 28.177 V
[LIFT] V_Motors: 27.750 V
[LIFT] V_Compute: 28.171 V
[LIFT] V_Motors: 27.747 V
[LIFT] V_Compute: 28.176 V
[LIFT] V_Motors: 27.749 V
[LIFT] V_Compute: 28.174 V
[LIFT] V_Motors: 27.749 V
[LIFT] V_Compute: 28.155 V
[LIFT] V_Motors: 27.731 V
[LIFT] V_Compute: 28.173 V
[LIFT] V_Motors: 27.750 V
[LIFT] V_Compute: 28.176 V
[LIFT] V_Motors: 27.746 V
[LIFT] V_Compute: 28.174 V
[LIFT] V_Motors: 27.746 V
[LIFT] V_Compute: 28.173 V
[LIFT] V_Motors: 27.749 V
[LIFT] V_Compute: 28.175 V
[LIFT] V_Motors: 27.747 V
[LIFT] V_Compute: 28.171 V
[LIFT] V_Motors: 27.747 V
[LIFT] V_Compute: 28.177 V
[LIFT] V_Motors: 27.746 V
[LIFT] V_Compute: 28.171 V
[LIFT] V_Motors: 27.746 V
[LIFT] V_Compute: 28.175 V
[LIFT] V_Motors: 27.747 V
[LIFT] V_Compute: 28.173 V
[LIFT] V_Motors: 27.747 V
[LIFT] V_Compute: 28.171 V
[LIFT] V_Motors: 27.749 V
[LIFT] V_Compute: 28.175 V
[LIFT] V_Motors: 27.753 V
[LIFT] V_Compute: 28.171 V
[LIFT] V_Motors: 27.750 V
[LIFT] V_Compute: 28.159 V
[LIFT] V_Motors: 27.743 V
[LIFT] V_Compute: 28.165 V
[LIFT] V_Motors: 27.736 V
[LIFT] V_Compute: 28.173 V
[LIFT] V_Motors: 27.744 V
[LIFT] V_Compute: 28.163 V
[LIFT] V_Motors: 27.746 V
[LIFT] V_Compute: 28.151 V
[LIFT] V_Motors: 27.729 V
[LIFT] V_Compute: 28.175 V
[LIFT] V_Motors: 27.743 V
[LIFT] V_Compute: 28.175 V
[LIFT] V_Motors: 27.745 V
[LIFT] V_Compute: 28.175 V
[LIFT] V_Motors: 27.745 V
[LIFT] V_Compute: 28.173 V
[LIFT] V_Motors: 27.751 V
[LIFT] V_Compute: 28.177 V
[LIFT] V_Motors: 27.749 V
[LIFT] V_Compute: 28.171 V
[LIFT] V_Motors: 27.749 V
[LIFT] V_Compute: 28.171 V
[LIFT] V_Motors: 27.736 V
[LIFT] V_Compute: 28.171 V
[LIFT] V_Motors: 27.746 V
[LIFT] V_Compute: 28.160 V
[LIFT] V_Motors: 27.743 V
[LIFT] V_Compute: 28.171 V
[LIFT] V_Motors: 27.746 V
[LIFT] V_Compute: 28.176 V
[LIFT] V_Motors: 27.747 V
[LIFT] V_Compute: 28.174 V
[LIFT] V_Motors: 27.747 V
[LIFT] V_Compute: 28.176 V
[LIFT] V_Motors: 27.749 V
[LIFT] V_Compute: 28.167 V
[LIFT] V_Motors: 27.750 V
[LIFT] V_Compute: 28.179 V
[LIFT] V_Motors: 27.741 V
[LIFT] V_Compute: 28.170 V
[LIFT] V_Motors: 27.741 V
[LIFT] V_Compute: 28.177 V
[LIFT] V_Motors: 27.750 V
[LIFT] V_Compute: 28.176 V
[LIFT] V_Motors: 27.749 V
[LIFT] V_Compute: 28.174 V
[LIFT] V_Motors: 27.746 V
[LIFT] V_Compute: 28.171 V
[LIFT] V_Motors: 27.744 V
[LIFT] V_Compute: 28.166 V
[LIFT] V_Motors: 27.749 V
[LIFT] V_Compute: 28.175 V
[LIFT] V_Motors: 27.750 V
[LIFT] V_Compute: 28.170 V
[LIFT] V_Motors: 27.749 V
[LIFT] V_Compute: 28.151 V
[LIFT] V_Motors: 27.739 V
[LIFT] V_Compute: 28.171 V
[LIFT] V_Motors: 27.749 V
[LIFT] V_Compute: 28.174 V
[LIFT] V_Motors: 27.747 V
[LIFT] V_Compute: 28.155 V
[LIFT] V_Motors: 27.734 V
[LIFT] V_Compute: 28.163 V
[LIFT] V_Motors: 27.740 V
[LIFT] V_Compute: 28.157 V
[LIFT] V_Motors: 27.740 V
[LIFT] V_Compute: 28.161 V
[LIFT] V_Motors: 27.737 V
[LIFT] V_Compute: 28.160 V
[LIFT] V_Motors: 27.741 V
[LIFT] V_Compute: 28.159 V
[LIFT] V_Motors: 27.739 V
[LIFT] V_Compute: 28.175 V
[LIFT] V_Motors: 27.740 V
[LIFT] V_Compute: 28.171 V
[LIFT] V_Motors: 27.745 V
[LIFT] V_Compute: 28.175 V
[LIFT] V_Motors: 27.747 V
[LIFT] V_Compute: 28.173 V
[LIFT] V_Motors: 27.745 V
[LIFT] V_Compute: 28.176 V
[LIFT] V_Motors: 27.747 V
[LIFT] V_Compute: 28.179 V
[LIFT] V_Motors: 27.745 V
[LIFT] V_Compute: 28.175 V
[LIFT] V_Motors: 27.743 V
[LIFT] V_Compute: 28.177 V
[LIFT] V_Motors: 27.749 V
[LIFT] V_Compute: 28.170 V
[LIFT] V_Motors: 27.747 V
[LIFT] V_Compute: 28.165 V
[LIFT] V_Motors: 27.747 V
[LIFT] V_Compute: 28.179 V
[LIFT] V_Motors: 27.747 V
[LIFT] V_Compute: 28.169 V
[LIFT] V_Motors: 27.741 V
[LIFT] V_Compute: 28.169 V
[LIFT] V_Motors: 27.749 V
[LIFT] V_Compute: 28.164 V
[LIFT] V_Motors: 27.739 V
[LIFT] V_Compute: 28.180 V
[LIFT] V_Motors: 27.747 V
[LIFT] V_Compute: 28.176 V
[LIFT] V_Motors: 27.750 V
[LIFT] V_Compute: 28.157 V
[LIFT] V_Motors: 27.743 V
[LIFT] V_Compute: 28.165 V
[LIFT] V_Motors: 27.749 V
[LIFT] V_Compute: 28.170 V
[LIFT] V_Motors: 27.747 V
[LIFT] V_Compute: 28.173 V
[LIFT] V_Motors: 27.744 V
[LIFT] V_Compute: 28.173 V
[LIFT] V_Motors: 27.745 V
[LIFT] V_Compute: 28.174 V
[LIFT] V_Motors: 27.749 V
[LIFT] V_Compute: 28.149 V
[LIFT] V_Motors: 27.729 V
[LIFT] V_Compute: 28.161 V
[LIFT] V_Motors: 27.739 V
[LIFT] V_Compute: 28.173 V
[LIFT] V_Motors: 27.749 V
[LIFT] V_Compute: 28.176 V
[LIFT] V_Motors: 27.747 V
[LIFT] V_Compute: 28.173 V
[LIFT] V_Motors: 27.741 V
[LIFT] V_Compute: 28.171 V
[LIFT] V_Motors: 27.743 V
[LIFT] V_Compute: 28.175 V
[LIFT] V_Motors: 27.740 V
[LIFT] V_Compute: 28.176 V
[LIFT] V_Motors: 27.749 V
[LIFT] V_Compute: 28.149 V
[LIFT] V_Motors: 27.732 V
[LIFT] V_Compute: 28.173 V
[LIFT] V_Motors: 27.750 V
[LIFT] V_Compute: 28.175 V
[LIFT] V_Motors: 27.747 V
[LIFT] V_Compute: 28.170 V
[LIFT] V_Motors: 27.750 V
[LIFT] V_Compute: 28.176 V
[LIFT] V_Motors: 27.749 V
[LIFT] V_Compute: 28.176 V
[LIFT] V_Motors: 27.747 V
[LIFT] V_Compute: 28.171 V
[LIFT] V_Motors: 27.746 V
[LIFT] V_Compute: 28.171 V
[LIFT] V_Motors: 27.747 V
[LIFT] V_Compute: 28.171 V
[LIFT] V_Motors: 27.744 V
[LIFT] V_Compute: 28.169 V
[LIFT] V_Motors: 27.740 V
[LIFT] V_Compute: 28.174 V
[LIFT] V_Motors: 27.751 V
[LIFT] V_Compute: 28.163 V
[LIFT] V_Motors: 27.741 V
[LIFT] V_Compute: 28.173 V
[LIFT] V_Motors: 27.741 V
[LIFT] V_Compute: 28.165 V
[LIFT] V_Motors: 27.741 V
[LIFT] V_Compute: 28.165 V
[LIFT] V_Motors: 27.741 V
[LIFT] V_Compute: 28.166 V
[LIFT] V_Motors: 27.741 V
[LIFT] V_Compute: 28.175 V
[LIFT] V_Motors: 27.751 V
[LIFT] V_Compute: 28.151 V
[LIFT] V_Motors: 27.728 V
[LIFT] V_Compute: 28.170 V
[LIFT] V_Motors: 27.746 V
[LIFT] V_Compute: 28.164 V
[LIFT] V_Motors: 27.744 V
[LIFT] V_Compute: 28.176 V
[LIFT] V_Motors: 27.750 V
[LIFT] V_Compute: 28.160 V
[LIFT] V_Motors: 27.732 V
[LIFT] V_Compute: 28.175 V
[LIFT] V_Motors: 27.744 V
[LIFT] V_Compute: 28.173 V
[LIFT] V_Motors: 27.746 V
[LIFT] V_Compute: 28.173 V
[LIFT] V_Motors: 27.746 V
[LIFT] V_Compute: 28.165 V
[LIFT] V_Motors: 27.746 V
[LIFT] V_Compute: 28.174 V
[LIFT] V_Motors: 27.747 V
[LIFT] V_Compute: 28.173 V
[LIFT] V_Motors: 27.740 V
[LIFT] V_Compute: 28.150 V
[LIFT] V_Motors: 27.731 V
[LIFT] V_Compute: 28.173 V
[LIFT] V_Motors: 27.745 V
[LIFT] V_Compute: 28.181 V
[LIFT] V_Motors: 27.745 V
[LIFT] V_Compute: 28.175 V
[LIFT] V_Motors: 27.749 V
[LIFT] V_Compute: 28.179 V
[LIFT] V_Motors: 27.740 V
[LIFT] V_Compute: 28.156 V
[LIFT] V_Motors: 27.731 V
[LIFT] V_Compute: 28.177 V
[LIFT] V_Motors: 27.750 V
[LIFT] V_Compute: 28.173 V
[LIFT] V_Motors: 27.751 V
[LIFT] V_Compute: 28.174 V
[LIFT] V_Motors: 27.747 V
[LIFT] V_Compute: 28.166 V
[LIFT] V_Motors: 27.736 V
[LIFT] V_Compute: 28.167 V
[LIFT] V_Motors: 27.746 V
[LIFT] V_Compute: 28.173 V
[LIFT] V_Motors: 27.747 V
[LIFT] V_Compute: 28.174 V
[LIFT] V_Motors: 27.749 V
[LIFT] V_Compute: 28.169 V
[LIFT] V_Motors: 27.744 V
[LIFT] V_Compute: 28.176 V
[LIFT] V_Motors: 27.747 V
[LIFT] V_Compute: 28.176 V
[LIFT] V_Motors: 27.743 V
[LIFT] V_Compute: 28.166 V
[LIFT] V_Motors: 27.746 V
[LIFT] V_Compute: 28.177 V
[LIFT] V_Motors: 27.749 V
[LIFT] V_Compute: 28.173 V
[LIFT] V_Motors: 27.745 V
[LIFT] V_Compute: 28.176 V
[LIFT] V_Motors: 27.741 V
[LIFT] V_Compute: 28.181 V
[LIFT] V_Motors: 27.749 V
[LIFT] V_Compute: 28.181 V
[LIFT] V_Motors: 27.746 V
[LIFT] V_Compute: 28.176 V
[LIFT] V_Motors: 27.750 V
[LIFT] V_Compute: 28.174 V
[LIFT] V_Motors: 27.745 V
[LIFT] V_Compute: 28.175 V
[LIFT] V_Motors: 27.750 V
[LIFT] V_Compute: 28.171 V
[LIFT] V_Motors: 27.744 V
[LIFT] V_Compute: 28.174 V
[LIFT] V_Motors: 27.744 V
[LIFT] V_Compute: 28.173 V
[LIFT] V_Motors: 27.745 V
[LIFT] V_Compute: 28.181 V
[LIFT] V_Motors: 27.744 V
[LIFT] V_Compute: 28.171 V
[LIFT] V_Motors: 27.744 V
[LIFT] V_Compute: 28.169 V
[LIFT] V_Motors: 27.745 V
[LIFT] V_Compute: 28.174 V
[LIFT] V_Motors: 27.749 V
[LIFT] V_Compute: 28.176 V
[LIFT] V_Motors: 27.745 V
[LIFT] V_Compute: 28.174 V
[LIFT] V_Motors: 27.749 V
[LIFT] V_Compute: 28.176 V
[LIFT] V_Motors: 27.744 V
[LIFT] V_Compute: 28.180 V
[LIFT] V_Motors: 27.744 V
[LIFT] V_Compute: 28.176 V
[LIFT] V_Motors: 27.746 V
[LIFT] V_Compute: 28.171 V
[LIFT] V_Motors: 27.744 V
[LIFT] V_Compute: 28.177 V
[LIFT] V_Motors: 27.747 V
[LIFT] V_Compute: 28.180 V
[LIFT] V_Motors: 27.745 V
[LIFT] V_Compute: 28.165 V
[LIFT] V_Motors: 27.740 V
[LIFT] V_Compute: 28.174 V
[LIFT] V_Motors: 27.737 V
[LIFT] V_Compute: 28.176 V
[LIFT] V_Motors: 27.744 V
[LIFT] V_Compute: 28.173 V
[LIFT] V_Motors: 27.744 V
[LIFT] V_Compute: 28.175 V
[LIFT] V_Motors: 27.749 V
[LIFT] V_Compute: 28.169 V
[LIFT] V_Motors: 27.744 V
[LIFT] V_Compute: 28.149 V
[LIFT] V_Motors: 27.729 V
[LIFT] V_Compute: 28.176 V
[LIFT] V_Motors: 27.744 V
[LIFT] V_Compute: 28.174 V
[LIFT] V_Motors: 27.746 V
[LIFT] V_Compute: 28.173 V
[LIFT] V_Motors: 27.743 V
[LIFT] V_Compute: 28.169 V
[LIFT] V_Motors: 27.743 V
[LIFT] V_Compute: 28.174 V
[LIFT] V_Motors: 27.747 V
[LIFT] V_Compute: 28.160 V
[LIFT] V_Motors: 27.729 V
[LIFT] V_Compute: 28.170 V
[LIFT] V_Motors: 27.739 V
[LIFT] V_Compute: 28.173 V
[LIFT] V_Motors: 27.743 V
[LIFT] V_Compute: 28.167 V
[LIFT] V_Motors: 27.744 V
[LIFT] V_Compute: 28.176 V
[LIFT] V_Motors: 27.740 V
[LIFT] V_Compute: 28.175 V
[LIFT] V_Motors: 27.747 V
[LIFT] V_Compute: 28.174 V
[LIFT] V_Motors: 27.745 V
[LIFT] V_Compute: 28.161 V
[LIFT] V_Motors: 27.735 V
[LIFT] V_Compute: 28.167 V
[LIFT] V_Motors: 27.743 V
[LIFT] V_Compute: 28.173 V
[LIFT] V_Motors: 27.743 V
[LIFT] V_Compute: 28.169 V
[LIFT] V_Motors: 27.743 V
[LIFT] V_Compute: 28.174 V
[LIFT] V_Motors: 27.745 V
[LIFT] V_Compute: 28.170 V
[LIFT] V_Motors: 27.745 V
[LIFT] V_Compute: 28.173 V
[LIFT] V_Motors: 27.745 V
[LIFT] V_Compute: 28.174 V
[LIFT] V_Motors: 27.745 V
[LIFT] V_Compute: 28.171 V
[LIFT] V_Motors: 27.741 V
[LIFT] V_Compute: 28.171 V
[LIFT] V_Motors: 27.746 V
[LIFT] V_Compute: 28.181 V
[LIFT] V_Motors: 27.746 V
[LIFT] V_Compute: 28.173 V
[LIFT] V_Motors: 27.745 V
[LIFT] V_Compute: 28.171 V
[LIFT] V_Motors: 27.743 V
[LIFT] V_Compute: 28.167 V
[LIFT] V_Motors: 27.743 V
[LIFT] V_Compute: 28.177 V
[LIFT] V_Motors: 27.743 V
[LIFT] V_Compute: 28.170 V
[LIFT] V_Motors: 27.744 V
[LIFT] V_Compute: 28.175 V
[LIFT] V_Motors: 27.744 V
[LIFT] V_Compute: 28.170 V
[LIFT] V_Motors: 27.745 V
[LIFT] V_Compute: 28.173 V
[LIFT] V_Motors: 27.747 V
[LIFT] V_Compute: 28.171 V
[LIFT] V_Motors: 27.740 V
[LIFT] V_Compute: 28.176 V
[LIFT] V_Motors: 27.745 V
[LIFT] V_Compute: 28.174 V
[LIFT] V_Motors: 27.745 V
[LIFT] V_Compute: 28.179 V
[LIFT] V_Motors: 27.740 V
[LIFT] V_Compute: 28.169 V
[LIFT] V_Motors: 27.744 V
[LIFT] V_Compute: 28.165 V
[LIFT] V_Motors: 27.740 V
[LIFT] V_Compute: 28.173 V
[LIFT] V_Motors: 27.750 V
[LIFT] V_Compute: 28.177 V
[LIFT] V_Motors: 27.744 V
[LIFT] V_Compute: 28.174 V
[LIFT] V_Motors: 27.741 V
[LIFT] V_Compute: 28.165 V
[LIFT] V_Motors: 27.737 V
[LIFT] V_Compute: 28.167 V
[LIFT] V_Motors: 27.730 V
[LIFT] V_Compute: 28.159 V
[LIFT] V_Motors: 27.726 V
[LIFT] V_Compute: 28.171 V
[LIFT] V_Motors: 27.750 V
[LIFT] V_Compute: 28.179 V
[LIFT] V_Motors: 27.743 V
[LIFT] V_Compute: 28.179 V
[LIFT] V_Motors: 27.740 V
[LIFT] V_Compute: 28.175 V
[LIFT] V_Motors: 27.739 V
[LIFT] V_Compute: 28.174 V
[LIFT] V_Motors: 27.739 V
[LIFT] V_Compute: 28.173 V
[LIFT] V_Motors: 27.746 V
[LIFT] V_Compute: 28.175 V
[LIFT] V_Motors: 27.745 V
[LIFT] V_Compute: 28.173 V
[LIFT] V_Motors: 27.746 V
[LIFT] V_Compute: 28.171 V
[LIFT] V_Motors: 27.746 V
[LIFT] V_Compute: 28.179 V
[LIFT] V_Motors: 27.740 V
[LIFT] V_Compute: 28.177 V
[LIFT] V_Motors: 27.741 V
[LIFT] V_Compute: 28.169 V
[LIFT] V_Motors: 27.744 V
[LIFT] V_Compute: 28.173 V
[LIFT] V_Motors: 27.745 V
[LIFT] V_Compute: 28.174 V
[LIFT] V_Motors: 27.745 V
[LIFT] V_Compute: 28.170 V
[LIFT] V_Motors: 27.743 V
[LIFT] V_Compute: 28.159 V
[LIFT] V_Motors: 27.743 V
[LIFT] V_Compute: 28.174 V
[LIFT] V_Motors: 27.749 V
[LIFT] V_Compute: 28.175 V
[LIFT] V_Motors: 27.740 V
[LIFT] V_Compute: 28.171 V
[LIFT] V_Motors: 27.740 V
[LIFT] V_Compute: 28.166 V
[LIFT] V_Motors: 27.725 V
[LIFT] V_Compute: 28.175 V
[LIFT] V_Motors: 27.744 V
[LIFT] V_Compute: 28.176 V
[LIFT] V_Motors: 27.744 V
[LIFT] V_Compute: 28.173 V
[LIFT] V_Motors: 27.736 V
[LIFT] V_Compute: 28.174 V
[LIFT] V_Motors: 27.745 V
[LIFT] V_Compute: 28.170 V
[LIFT] V_Motors: 27.740 V
[LIFT] V_Compute: 28.173 V
[LIFT] V_Motors: 27.747 V
[LIFT] V_Compute: 28.170 V
[LIFT] V_Motors: 27.737 V
[LIFT] V_Compute: 28.171 V
[LIFT] V_Motors: 27.737 V
[LIFT] V_Compute: 28.173 V
[LIFT] V_Motors: 27.740 V
[LIFT] V_Compute: 28.169 V
[LIFT] V_Motors: 27.741 V
[LIFT] V_Compute: 28.175 V
[LIFT] V_Motors: 27.741 V
[LIFT] V_Compute: 28.166 V
[LIFT] V_Motors: 27.739 V
[LIFT] V_Compute: 28.154 V
[LIFT] V_Motors: 27.725 V
[LIFT] V_Compute: 28.173 V
[LIFT] V_Motors: 27.736 V
[LIFT] V_Compute: 28.179 V
[LIFT] V_Motors: 27.743 V
[LIFT] V_Compute: 28.174 V
[LIFT] V_Motors: 27.740 V
[LIFT] V_Compute: 28.164 V
[LIFT] V_Motors: 27.741 V
[LIFT] V_Compute: 28.170 V
[LIFT] V_Motors: 27.741 V
[LIFT] V_Compute: 28.173 V
[LIFT] V_Motors: 27.745 V
[LIFT] V_Compute: 28.173 V
[LIFT] V_Motors: 27.744 V
[LIFT] V_Compute: 28.173 V
[LIFT] V_Motors: 27.743 V
[LIFT] V_Compute: 28.175 V
[LIFT] V_Motors: 27.749 V
[LIFT] V_Compute: 28.173 V
[LIFT] V_Motors: 27.749 V
[LIFT] V_Compute: 28.175 V
[LIFT] V_Motors: 27.740 V
[LIFT] V_Compute: 28.179 V
[LIFT] V_Motors: 27.745 V
[LIFT] V_Compute: 28.167 V
[LIFT] V_Motors: 27.744 V
[LIFT] V_Compute: 28.177 V
[LIFT] V_Motors: 27.745 V
[LIFT] V_Compute: 28.173 V
[LIFT] V_Motors: 27.741 V
[LIFT] V_Compute: 28.171 V
[LIFT] V_Motors: 27.737 V
[LIFT] V_Compute: 28.165 V
[LIFT] V_Motors: 27.744 V
[LIFT] V_Compute: 28.173 V
[LIFT] V_Motors: 27.741 V
[LIFT] V_Compute: 28.174 V
[LIFT] V_Motors: 27.732 V
[LIFT] V_Compute: 28.166 V
[LIFT] V_Motors: 27.744 V
[LIFT] V_Compute: 28.173 V
[LIFT] V_Motors: 27.743 V
[LIFT] V_Compute: 28.176 V
[LIFT] V_Motors: 27.741 V
[LIFT] V_Compute: 28.161 V
[LIFT] V_Motors: 27.731 V
[LIFT] V_Compute: 28.174 V
[LIFT] V_Motors: 27.743 V
[LIFT] V_Compute: 28.175 V
[LIFT] V_Motors: 27.745 V
[LIFT] V_Compute: 28.175 V
[LIFT] V_Motors: 27.746 V
[LIFT] V_Compute: 28.167 V
[LIFT] V_Motors: 27.739 V
[LIFT] V_Compute: 28.174 V
[LIFT] V_Motors: 27.739 V
[LIFT] V_Compute: 28.157 V
[LIFT] V_Motors: 27.732 V
[LIFT] V_Compute: 28.161 V
[LIFT] V_Motors: 27.744 V
[LIFT] V_Compute: 28.166 V
[LIFT] V_Motors: 27.740 V
[LIFT] V_Compute: 28.170 V
[LIFT] V_Motors: 27.743 V
[LIFT] V_Compute: 28.170 V
[LIFT] V_Motors: 27.745 V
[LIFT] V_Compute: 28.174 V
[LIFT] V_Motors: 27.744 V
[LIFT] V_Compute: 28.159 V
[LIFT] V_Motors: 27.743 V
[LIFT] V_Compute: 28.174 V
[LIFT] V_Motors: 27.740 V
[LIFT] V_Compute: 28.176 V
[LIFT] V_Motors: 27.735 V
[LIFT] V_Compute: 28.171 V
[LIFT] V_Motors: 27.743 V
[LIFT] V_Compute: 28.175 V
[LIFT] V_Motors: 27.741 V
[LIFT] V_Compute: 28.175 V
[LIFT] V_Motors: 27.741 V
[LIFT] V_Compute: 28.169 V
[LIFT] V_Motors: 27.745 V
[LIFT] V_Compute: 28.151 V
[LIFT] V_Motors: 27.724 V
[LIFT] V_Compute: 28.160 V
[LIFT] V_Motors: 27.729 V
[LIFT] V_Compute: 28.167 V
[LIFT] V_Motors: 27.732 V
[LIFT] V_Compute: 28.169 V
[LIFT] V_Motors: 27.741 V
[LIFT] V_Compute: 28.157 V
[LIFT] V_Motors: 27.731 V
[LIFT] V_Compute: 28.149 V
[LIFT] V_Motors: 27.725 V
[LIFT] V_Compute: 28.151 V
[LIFT] V_Motors: 27.715 V
[LIFT] V_Compute: 28.169 V
[LIFT] V_Motors: 27.741 V
[LIFT] V_Compute: 28.161 V
[LIFT] V_Motors: 27.739 V
[LIFT] V_Compute: 28.170 V
[LIFT] V_Motors: 27.735 V
[LIFT] V_Compute: 28.170 V
[LIFT] V_Motors: 27.737 V
[LIFT] V_Compute: 28.173 V
[LIFT] V_Motors: 27.743 V
[LIFT] V_Compute: 28.163 V
[LIFT] V_Motors: 27.731 V
[LIFT] V_Compute: 28.166 V
[LIFT] V_Motors: 27.740 V
[LIFT] V_Compute: 28.159 V
[LIFT] V_Motors: 27.731 V
[LIFT] V_Compute: 28.152 V
[LIFT] V_Motors: 27.719 V
[LIFT] V_Compute: 28.149 V
[LIFT] V_Motors: 27.720 V
[LIFT] V_Compute: 28.156 V
[LIFT] V_Motors: 27.722 V
[LIFT] V_Compute: 28.152 V
[LIFT] V_Motors: 27.729 V
[LIFT] V_Compute: 28.152 V
[LIFT] V_Motors: 27.722 V
[LIFT] V_Compute: 28.170 V
[LIFT] V_Motors: 27.736 V
[LIFT] V_Compute: 28.166 V
[LIFT] V_Motors: 27.732 V
[LIFT] V_Compute: 28.161 V
[LIFT] V_Motors: 27.732 V
[LIFT] V_Compute: 28.171 V
[LIFT] V_Motors: 27.741 V
[LIFT] V_Compute: 28.180 V
[LIFT] V_Motors: 27.735 V
[LIFT] V_Compute: 28.150 V
[LIFT] V_Motors: 27.725 V
[LIFT] V_Compute: 28.165 V
[LIFT] V_Motors: 27.732 V
[LIFT] V_Compute: 28.164 V
[LIFT] V_Motors: 27.732 V
[LIFT] V_Compute: 28.161 V
[LIFT] V_Motors: 27.730 V
[LIFT] V_Compute: 28.149 V
[LIFT] V_Motors: 27.719 V
[LIFT] V_Compute: 28.170 V
[LIFT] V_Motors: 27.741 V
[LIFT] V_Compute: 28.174 V
[LIFT] V_Motors: 27.745 V
[LIFT] V_Compute: 28.164 V
[LIFT] V_Motors: 27.743 V
[LIFT] V_Compute: 28.165 V
[LIFT] V_Motors: 27.743 V
[LIFT] V_Compute: 28.167 V
[LIFT] V_Motors: 27.737 V
[LIFT] V_Compute: 28.159 V
[LIFT] V_Motors: 27.728 V
[LIFT] V_Compute: 28.160 V
[LIFT] V_Motors: 27.731 V
[LIFT] V_Compute: 28.160 V
[LIFT] V_Motors: 27.734 V
[LIFT] V_Compute: 28.150 V
[LIFT] V_Motors: 27.726 V
[LIFT] V_Compute: 28.167 V
[LIFT] V_Motors: 27.741 V
[LIFT] V_Compute: 28.164 V
[LIFT] V_Motors: 27.730 V
[LIFT] V_Compute: 28.150 V
[LIFT] V_Motors: 27.721 V
[LIFT] V_Compute: 28.173 V
[LIFT] V_Motors: 27.735 V
[LIFT] V_Compute: 28.176 V
[LIFT] V_Motors: 27.743 V
[LIFT] V_Compute: 28.175 V
[LIFT] V_Motors: 27.736 V
[LIFT] V_Compute: 28.173 V
[LIFT] V_Motors: 27.731 V
[LIFT] V_Compute: 28.174 V
[LIFT] V_Motors: 27.741 V
[LIFT] V_Compute: 28.151 V
[LIFT] V_Motors: 27.719 V
[LIFT] V_Compute: 28.170 V
[LIFT] V_Motors: 27.739 V
[LIFT] V_Compute: 28.165 V
[LIFT] V_Motors: 27.736 V
[LIFT] V_Compute: 28.167 V
[LIFT] V_Motors: 27.736 V
[LIFT] V_Compute: 28.152 V
[LIFT] V_Motors: 27.725 V
[LIFT] V_Compute: 28.167 V
[LIFT] V_Motors: 27.743 V
[LIFT] V_Compute: 28.176 V
[LIFT] V_Motors: 27.737 V
[LIFT] V_Compute: 28.175 V
[LIFT] V_Motors: 27.736 V
[LIFT] V_Compute: 28.171 V
[LIFT] V_Motors: 27.743 V
[LIFT] V_Compute: 28.174 V
[LIFT] V_Motors: 27.740 V
[LIFT] V_Compute: 28.171 V
[LIFT] V_Motors: 27.736 V
[LIFT] V_Compute: 28.169 V
[LIFT] V_Motors: 27.732 V
[LIFT] V_Compute: 28.167 V
[LIFT] V_Motors: 27.736 V
[LIFT] V_Compute: 28.176 V
[LIFT] V_Motors: 27.741 V
[LIFT] V_Compute: 28.173 V
[LIFT] V_Motors: 27.740 V
[LIFT] V_Compute: 28.169 V
[LIFT] V_Motors: 27.736 V
[LIFT] V_Compute: 28.169 V
[LIFT] V_Motors: 27.735 V

RPC Server stopping...
[YOR] base PID: restoring stock swerve gains
[YOR] base PID: /home/pi-v3/YOR-v3-try/config/base_pid_stock.json, PID slot 0
[YOR] base PID:   written     FL drive (CAN 1): p=0.20000000298023224, i=0.0, d=0.10000000149011612, velocity_ff=0.0, output_min=-1.0, output_max=1.0
[YOR] base PID:   written     RL drive (CAN 2): p=0.20000000298023224, i=0.0, d=0.10000000149011612, velocity_ff=0.0, output_min=-1.0, output_max=1.0
[YOR] base PID:   written     RR drive (CAN 3): p=0.20000000298023224, i=0.0, d=0.10000000149011612, velocity_ff=0.0, output_min=-1.0, output_max=1.0
[YOR] base PID:   written     FR drive (CAN 4): p=0.20000000298023224, i=0.0, d=0.10000000149011612, velocity_ff=0.0, output_min=-1.0, output_max=1.0
[YOR] base PID:   already-set FL steering (CAN 5): p=2.0, i=0.0, d=0.009999999776482582, velocity_ff=0.0, output_min=-1.0, output_max=1.0
[YOR] base PID:   already-set RL steering (CAN 6): p=2.0, i=0.0, d=0.009999999776482582, velocity_ff=0.0, output_min=-1.0, output_max=1.0
[YOR] base PID:   already-set RR steering (CAN 7): p=2.0, i=0.0, d=0.009999999776482582, velocity_ff=0.0, output_min=-1.0, output_max=1.0
[YOR] base PID:   already-set FR steering (CAN 8): p=2.0, i=0.0, d=0.009999999776482582, velocity_ff=0.0, output_min=-1.0, output_max=1.0
[YOR] base PID: 4 controller(s) already commissioned, 4 written, 0 problem(s)
[YOR] base PID: 0.2s
