[console-log] mirroring output to /home/pi-v3/YOR-v3-try/artifacts/wholebody_logs/yor_20260825_195800.log
[yor] experiment gates: all off (pre-gate behaviour)
[yor] posture-fix: stiffen_joint7=True (scale=3x), refresh_target=True, redundancy_resolution=dls_projector (dls_damping=0.05)
[yor] null-space: swivel_weight=1 (gain=1, target=latched-from-pose), continuity_weight=0, manipulability=False
[YOR] base: drive command scale 1.068 (from base_pid_hybrid.json)
[PicoLift] Opening serial /dev/serial/by-id/usb-FTDI_FT232R_USB_UART_BG02XPI5-if00-port0 @ 115200...
[PicoLift] Serial open OK
[YOR] base PID: syncing swerve gains
[YOR] base PID: /home/pi-v3/YOR-v3-try/config/base_pid_hybrid.json, PID slot 0
[YOR] base PID:   written     FL drive (CAN 1): p=0.3499999940395355, i=0.0, d=0.0, velocity_ff=0.23000000417232513, output_min=-1.0, output_max=1.0
[YOR] base PID:   written     RL drive (CAN 2): p=0.3499999940395355, i=0.0, d=0.0, velocity_ff=0.23000000417232513, output_min=-1.0, output_max=1.0
[YOR] base PID:   written     RR drive (CAN 3): p=0.3499999940395355, i=0.0, d=0.0, velocity_ff=0.23000000417232513, output_min=-1.0, output_max=1.0
[YOR] base PID:   written     FR drive (CAN 4): p=0.3499999940395355, i=0.0, d=0.0, velocity_ff=0.23000000417232513, output_min=-1.0, output_max=1.0
[YOR] base PID:   already-set FL steering (CAN 5): p=2.0, i=0.0, d=0.009999999776482582, velocity_ff=0.0, output_min=-1.0, output_max=1.0
[YOR] base PID:   already-set RL steering (CAN 6): p=2.0, i=0.0, d=0.009999999776482582, velocity_ff=0.0, output_min=-1.0, output_max=1.0
[YOR] base PID:   already-set RR steering (CAN 7): p=2.0, i=0.0, d=0.009999999776482582, velocity_ff=0.0, output_min=-1.0, output_max=1.0
[YOR] base PID:   already-set FR steering (CAN 8): p=2.0, i=0.0, d=0.009999999776482582, velocity_ff=0.0, output_min=-1.0, output_max=1.0
[YOR] base PID: 4 controller(s) already commissioned, 4 written, 0 problem(s)
[YOR] base PID: 0.2s
[YOR] base config: idle_mode=0 ctrl_type=MIXED [('FL drive', 1), ('FL steering', 3), ('FR drive', 1), ('FR steering', 3), ('RL drive', 1), ('RL steering', 3), ('RR drive', 1), ('RR steering', 3)]
[YOR] base config: velocity_cf=MIXED [('FL drive', 0.000846326001919806), ('FL steering', 1.0), ('FR drive', 0.000846326001919806), ('FR steering', 1.0), ('RL drive', 0.000846326001919806), ('RL steering', 1.0), ('RR drive', 0.000846326001919806), ('RR steering', 1.0)] position_cf=1.0 (drive_command_scale=1.068)
[YOR] base: locked at zero velocity for startup homing
[YOR] recording swerve telemetry to /home/pi-v3/YOR-v3-try/artifacts/wholebody_logs/swerve/swerve_20260825_195800.csv
[YOR] lift: waiting for controller to be ready...
[LIFT] Lift controller ready.
[PicoLift] controller reset — height invalidated, needs home
[LIFT] Capabilities: lift_velocity_v1
[PicoLift] firmware capabilities: lift_velocity_v1
[LIFT] Python commands: up, down, stop, home, vel <signed mm/s>
[LIFT] Optional commands: up 200, down 200, status, power on, power off
[LIFT] Height: unknown (run home)
[LIFT] V_Compute: 28.074 V
[LIFT] V_Motors: 27.282 V
[YOR] lift: homing at startup; waiting up to 30s
[PicoLift] sent 'home'
[PicoLift] sent 'status'
[PicoLift] sent 'status'
[LIFT] Homing UP...
[LIFT] V_Compute: 28.072 V
[LIFT] V_Motors: 27.256 V
[LIFT] Height: unknown (run home)
[LIFT] Upper limit: clear
[LIFT] Lower limit: clear
[LIFT] Motion: UP
[LIFT] Velocity: 0.00 mm/s
[LIFT] Capabilities: lift_velocity_v1
[PicoLift] firmware capabilities: lift_velocity_v1
[LIFT] Height: unknown (run home)
[LIFT] Upper limit: clear
[LIFT] Lower limit: clear
[LIFT] Motion: UP
[LIFT] Velocity: 0.00 mm/s
[LIFT] Capabilities: lift_velocity_v1
[PicoLift] firmware capabilities: lift_velocity_v1
[LIFT] Height: unknown (run home)
[LIFT] Height: unknown (run home)
[LIFT] Height: unknown (run home)
[LIFT] Height: unknown (run home)
[LIFT] Height: unknown (run home)
[LIFT] Height: unknown (run home)
[LIFT] Height: unknown (run home)
[LIFT] Height: unknown (run home)
[LIFT] Height: unknown (run home)
[LIFT] Height: unknown (run home)
[LIFT] Height: unknown (run home)
[LIFT] Height: unknown (run home)
[LIFT] Height: unknown (run home)
[LIFT] Height: unknown (run home)
[LIFT] Height: unknown (run home)
[LIFT] Height: unknown (run home)
[LIFT] Height: unknown (run home)
[LIFT] Height: unknown (run home)
[PicoLift] sent 'status'
[LIFT] Upper limit: clear
[LIFT] Lower limit: clear
[LIFT] Motion: UP
[LIFT] Velocity: 0.00 mm/s
[LIFT] Capabilities: lift_velocity_v1
[PicoLift] firmware capabilities: lift_velocity_v1
[LIFT] Height: unknown (run home)
[LIFT] V_Compute: 28.096 V
[LIFT] V_Motors: 27.276 V
[LIFT] Height: unknown (run home)
[LIFT] Height: unknown (run home)
[LIFT] Height: unknown (run home)
[LIFT] Height: unknown (run home)
[LIFT] Height: unknown (run home)
[LIFT] Height: unknown (run home)
[LIFT] Height: unknown (run home)
[LIFT] Height: unknown (run home)
[LIFT] Height: unknown (run home)
[LIFT] Height: unknown (run home)
[LIFT] Height: unknown (run home)
[LIFT] Height: unknown (run home)
[LIFT] Height: unknown (run home)
[LIFT] Height: unknown (run home)
[LIFT] Height: unknown (run home)
[LIFT] Height: unknown (run home)
[LIFT] Height: unknown (run home)
[LIFT] Height: unknown (run home)
[PicoLift] sent 'status'
[LIFT] Upper limit: clear
[LIFT] Lower limit: clear
[LIFT] Motion: UP
[LIFT] Velocity: 0.00 mm/s
[LIFT] Capabilities: lift_velocity_v1
[PicoLift] firmware capabilities: lift_velocity_v1
[LIFT] Height: unknown (run home)
[LIFT] V_Compute: 28.065 V
[LIFT] V_Motors: 27.257 V
[LIFT] Height: unknown (run home)
[LIFT] Height: unknown (run home)
[LIFT] Height: unknown (run home)
[LIFT] Height: unknown (run home)
[LIFT] Height: unknown (run home)
[LIFT] Height: unknown (run home)
[LIFT] Height: unknown (run home)
[LIFT] Height: unknown (run home)
[LIFT] Height: unknown (run home)
[LIFT] Height: unknown (run home)
[LIFT] Height: unknown (run home)
[LIFT] Height: unknown (run home)
[LIFT] Height: unknown (run home)
[LIFT] Height: unknown (run home)
[LIFT] Height: unknown (run home)
[LIFT] Height: unknown (run home)
[LIFT] Height: unknown (run home)
[LIFT] Height: unknown (run home)
[PicoLift] sent 'status'
[LIFT] Upper limit: clear
[LIFT] Lower limit: clear
[LIFT] Motion: UP
[LIFT] Velocity: 0.00 mm/s
[LIFT] Capabilities: lift_velocity_v1
[PicoLift] firmware capabilities: lift_velocity_v1
[LIFT] Height: unknown (run home)
[LIFT] V_Compute: 28.086 V
[LIFT] V_Motors: 27.255 V
[LIFT] Height: unknown (run home)
[LIFT] Height: unknown (run home)
[LIFT] Height: unknown (run home)
[LIFT] Height: unknown (run home)
[LIFT] Height: unknown (run home)
[LIFT] Height: unknown (run home)
[LIFT] Height: unknown (run home)
[LIFT] Height: unknown (run home)
[LIFT] Height: unknown (run home)
[LIFT] Height: unknown (run home)
[LIFT] Height: unknown (run home)
[LIFT] Height: unknown (run home)
[LIFT] Height: unknown (run home)
[LIFT] Height: unknown (run home)
[LIFT] Height: unknown (run home)
[LIFT] Height: unknown (run home)
[LIFT] Height: unknown (run home)
[LIFT] Height: unknown (run home)
[PicoLift] sent 'status'
[LIFT] Upper limit: clear
[LIFT] Lower limit: clear
[LIFT] Motion: UP
[LIFT] Velocity: 0.00 mm/s
[LIFT] Capabilities: lift_velocity_v1
[PicoLift] firmware capabilities: lift_velocity_v1
[LIFT] Height: unknown (run home)
[LIFT] V_Compute: 28.090 V
[LIFT] V_Motors: 27.256 V
[LIFT] Height: unknown (run home)
[LIFT] Height: unknown (run home)
[LIFT] Height: unknown (run home)
[LIFT] Height: unknown (run home)
[LIFT] Height: unknown (run home)
[LIFT] Height: unknown (run home)
[LIFT] Height: unknown (run home)
[LIFT] Height: unknown (run home)
[LIFT] Height: unknown (run home)
[LIFT] Height: unknown (run home)
[LIFT] Height: unknown (run home)
[LIFT] Height: unknown (run home)
[LIFT] Height: unknown (run home)
[LIFT] Height: unknown (run home)
[LIFT] Height: unknown (run home)
[LIFT] Height: unknown (run home)
[LIFT] Height: unknown (run home)
[LIFT] Height: unknown (run home)
[PicoLift] sent 'status'
[LIFT] Upper limit: clear
[LIFT] Lower limit: clear
[LIFT] Motion: UP
[LIFT] Velocity: 0.00 mm/s
[LIFT] Capabilities: lift_velocity_v1
[PicoLift] firmware capabilities: lift_velocity_v1
[LIFT] Height: unknown (run home)
[LIFT] V_Compute: 28.070 V
[LIFT] V_Motors: 27.249 V
[LIFT] Height: unknown (run home)
[LIFT] Height: unknown (run home)
[LIFT] Height: unknown (run home)
[LIFT] Height: unknown (run home)
[LIFT] Height: unknown (run home)
[LIFT] Height: unknown (run home)
[LIFT] Height: unknown (run home)
[LIFT] Height: unknown (run home)
[LIFT] Height: unknown (run home)
[LIFT] Height: unknown (run home)
[LIFT] Height: unknown (run home)
[LIFT] Height: unknown (run home)
[LIFT] Height: unknown (run home)
[LIFT] Height: unknown (run home)
[LIFT] Height: unknown (run home)
[LIFT] Height: unknown (run home)
[LIFT] Height: unknown (run home)
[LIFT] Height: unknown (run home)
[PicoLift] sent 'status'
[LIFT] Upper limit: clear
[LIFT] Lower limit: clear
[LIFT] Motion: UP
[LIFT] Velocity: 0.00 mm/s
[LIFT] Capabilities: lift_velocity_v1
[PicoLift] firmware capabilities: lift_velocity_v1
[LIFT] Height: unknown (run home)
[LIFT] V_Compute: 28.080 V
[LIFT] V_Motors: 27.246 V
[LIFT] Height: unknown (run home)
[LIFT] Height: unknown (run home)
[LIFT] Height: unknown (run home)
[LIFT] Height: unknown (run home)
[LIFT] Height: unknown (run home)
[LIFT] Height: unknown (run home)
[LIFT] Height: unknown (run home)
[LIFT] Height: unknown (run home)
[LIFT] Height: unknown (run home)
[LIFT] Height: unknown (run home)
[LIFT] Height: unknown (run home)
[LIFT] Height: unknown (run home)
[LIFT] Height: unknown (run home)
[LIFT] Height: unknown (run home)
[LIFT] Height: unknown (run home)
[LIFT] Height: unknown (run home)
[LIFT] Height: unknown (run home)
[LIFT] Height: unknown (run home)
[PicoLift] sent 'status'
[LIFT] Upper limit: clear
[LIFT] Lower limit: clear
[LIFT] Motion: UP
[LIFT] Velocity: 0.00 mm/s
[LIFT] Capabilities: lift_velocity_v1
[PicoLift] firmware capabilities: lift_velocity_v1
[LIFT] Height: unknown (run home)
[LIFT] V_Compute: 28.086 V
[LIFT] V_Motors: 27.271 V
[LIFT] Height: unknown (run home)
[LIFT] Height: unknown (run home)
[LIFT] Height: unknown (run home)
[LIFT] Height: unknown (run home)
[LIFT] Height: unknown (run home)
[LIFT] Height: unknown (run home)
[LIFT] Height: unknown (run home)
[LIFT] Height: unknown (run home)
[LIFT] Height: unknown (run home)
[LIFT] Height: unknown (run home)
[LIFT] Height: unknown (run home)
[LIFT] Height: unknown (run home)
[LIFT] Height: unknown (run home)
[LIFT] Height: unknown (run home)
[LIFT] Height: unknown (run home)
[LIFT] Height: unknown (run home)
[LIFT] Height: unknown (run home)
[LIFT] Height: unknown (run home)
[PicoLift] sent 'status'
[LIFT] Upper limit: clear
[LIFT] Lower limit: clear
[LIFT] Motion: UP
[LIFT] Velocity: 0.00 mm/s
[LIFT] Capabilities: lift_velocity_v1
[PicoLift] firmware capabilities: lift_velocity_v1
[LIFT] Height: unknown (run home)
[LIFT] V_Compute: 28.075 V
[LIFT] V_Motors: 27.256 V
[LIFT] Height: unknown (run home)
[LIFT] Height: unknown (run home)
[LIFT] Height: unknown (run home)
[LIFT] Height: unknown (run home)
[LIFT] Height: unknown (run home)
[LIFT] Height: unknown (run home)
[LIFT] Height: unknown (run home)
[LIFT] Height: unknown (run home)
[LIFT] Height: unknown (run home)
[LIFT] Height: unknown (run home)
[LIFT] Height: unknown (run home)
[LIFT] Height: unknown (run home)
[LIFT] Height: unknown (run home)
[LIFT] Height: unknown (run home)
[LIFT] Height: unknown (run home)
[LIFT] Height: unknown (run home)
[LIFT] Height: unknown (run home)
[LIFT] Height: unknown (run home)
[PicoLift] sent 'status'
[LIFT] Upper limit: clear
[LIFT] Lower limit: clear
[LIFT] Motion: UP
[LIFT] Velocity: 0.00 mm/s
[LIFT] Capabilities: lift_velocity_v1
[PicoLift] firmware capabilities: lift_velocity_v1
[LIFT] Height: unknown (run home)
[LIFT] V_Compute: 28.085 V
[LIFT] V_Motors: 27.260 V
[LIFT] Height: unknown (run home)
[LIFT] Height: unknown (run home)
[LIFT] Height: unknown (run home)
[LIFT] Height: unknown (run home)
[LIFT] Height: unknown (run home)
[LIFT] Height: unknown (run home)
[LIFT] Height: unknown (run home)
[LIFT] Height: unknown (run home)
[LIFT] Height: unknown (run home)
[LIFT] Height: unknown (run home)
[LIFT] Height: unknown (run home)
[LIFT] Height: unknown (run home)
[LIFT] Height: unknown (run home)
[LIFT] Height: unknown (run home)
[LIFT] Height: unknown (run home)
[LIFT] Height: unknown (run home)
[LIFT] Height: unknown (run home)
[LIFT] Height: unknown (run home)
[PicoLift] sent 'status'
[LIFT] Upper limit: clear
[LIFT] Lower limit: clear
[LIFT] Motion: UP
[LIFT] Velocity: 0.00 mm/s
[LIFT] Capabilities: lift_velocity_v1
[PicoLift] firmware capabilities: lift_velocity_v1
[LIFT] Height: unknown (run home)
[LIFT] V_Compute: 28.084 V
[LIFT] V_Motors: 27.255 V
[LIFT] Height: unknown (run home)
[LIFT] Height: unknown (run home)
[LIFT] Height: unknown (run home)
[LIFT] Height: unknown (run home)
[LIFT] Height: unknown (run home)
[LIFT] Height: unknown (run home)
[LIFT] Height: unknown (run home)
[LIFT] Height: unknown (run home)
[LIFT] Height: unknown (run home)
[LIFT] Height: unknown (run home)
[LIFT] Height: unknown (run home)
[LIFT] Height: unknown (run home)
[LIFT] Height: unknown (run home)
[LIFT] Height: unknown (run home)
[LIFT] Height: unknown (run home)
[LIFT] Height: unknown (run home)
[LIFT] Height: unknown (run home)
[LIFT] Height: unknown (run home)
[PicoLift] sent 'status'
[LIFT] Upper limit: clear
[LIFT] Lower limit: clear
[LIFT] Motion: UP
[LIFT] Velocity: 0.00 mm/s
[LIFT] Capabilities: lift_velocity_v1
[PicoLift] firmware capabilities: lift_velocity_v1
[LIFT] Height: unknown (run home)
[LIFT] V_Compute: 28.080 V
[LIFT] V_Motors: 27.264 V
[LIFT] Height: unknown (run home)
[LIFT] Height: unknown (run home)
[LIFT] Height: unknown (run home)
[LIFT] Height: unknown (run home)
[LIFT] Height: unknown (run home)
[LIFT] Height: unknown (run home)
[LIFT] Height: unknown (run home)
[LIFT] Height: unknown (run home)
[LIFT] Height: unknown (run home)
[LIFT] Height: unknown (run home)
[LIFT] Height: unknown (run home)
[LIFT] Height: unknown (run home)
[LIFT] Height: unknown (run home)
[LIFT] Height: unknown (run home)
[LIFT] Height: unknown (run home)
[LIFT] Height: unknown (run home)
[LIFT] Height: unknown (run home)
[LIFT] Height: unknown (run home)
[PicoLift] sent 'status'
[LIFT] Upper limit: clear
[LIFT] Lower limit: clear
[LIFT] Motion: UP
[LIFT] Velocity: 0.00 mm/s
[LIFT] Capabilities: lift_velocity_v1
[PicoLift] firmware capabilities: lift_velocity_v1
[LIFT] Height: unknown (run home)
[LIFT] V_Compute: 28.074 V
[LIFT] V_Motors: 27.249 V
[LIFT] Height: unknown (run home)
[LIFT] Height: unknown (run home)
[LIFT] Height: unknown (run home)
[LIFT] Height: unknown (run home)
[LIFT] Height: unknown (run home)
[LIFT] Height: unknown (run home)
[LIFT] Height: unknown (run home)
[LIFT] Height: unknown (run home)
[LIFT] Height: unknown (run home)
[LIFT] Height: unknown (run home)
[LIFT] Height: unknown (run home)
[LIFT] Height: unknown (run home)
[LIFT] Height: unknown (run home)
[LIFT] Height: unknown (run home)
[LIFT] Height: unknown (run home)
[LIFT] Height: unknown (run home)
[LIFT] Height: unknown (run home)
[LIFT] Height: unknown (run home)
[PicoLift] sent 'status'
[LIFT] Upper limit: clear
[LIFT] Lower limit: clear
[LIFT] Motion: UP
[LIFT] Velocity: 0.00 mm/s
[LIFT] Capabilities: lift_velocity_v1
[PicoLift] firmware capabilities: lift_velocity_v1
[LIFT] Height: unknown (run home)
[LIFT] V_Compute: 28.085 V
[LIFT] V_Motors: 27.241 V
[LIFT] Height: unknown (run home)
[LIFT] Height: unknown (run home)
[LIFT] Height: unknown (run home)
[LIFT] Height: unknown (run home)
[LIFT] Height: unknown (run home)
[LIFT] Height: unknown (run home)
[LIFT] Height: unknown (run home)
[LIFT] Height: unknown (run home)
[LIFT] Height: unknown (run home)
[LIFT] Height: unknown (run home)
[LIFT] Height: unknown (run home)
[LIFT] Height: unknown (run home)
[LIFT] Height: unknown (run home)
[LIFT] Height: unknown (run home)
[LIFT] Height: unknown (run home)
[LIFT] Height: unknown (run home)
[LIFT] Height: unknown (run home)
[LIFT] Height: unknown (run home)
[PicoLift] sent 'status'
[LIFT] Height: unknown (run home)
[LIFT] Upper limit: clear
[LIFT] Lower limit: clear
[LIFT] Motion: UP
[LIFT] Velocity: 0.00 mm/s
[LIFT] Capabilities: lift_velocity_v1
[PicoLift] firmware capabilities: lift_velocity_v1
[LIFT] Height: unknown (run home)
[LIFT] V_Compute: 28.061 V
[LIFT] V_Motors: 27.245 V
[LIFT] Height: unknown (run home)
[LIFT] Height: unknown (run home)
[LIFT] Height: unknown (run home)
[LIFT] Height: unknown (run home)
[LIFT] Height: unknown (run home)
[LIFT] Height: unknown (run home)
[LIFT] Height: unknown (run home)
[LIFT] Height: unknown (run home)
[LIFT] Height: unknown (run home)
[LIFT] Height: unknown (run home)
[LIFT] Height: unknown (run home)
[LIFT] Height: unknown (run home)
[LIFT] Height: unknown (run home)
[LIFT] Height: unknown (run home)
[LIFT] Height: unknown (run home)
[LIFT] Height: unknown (run home)
[LIFT] Height: unknown (run home)
[PicoLift] sent 'status'
[LIFT] Height: unknown (run home)
[LIFT] Upper limit: clear
[LIFT] Lower limit: clear
[LIFT] Motion: UP
[LIFT] Velocity: 0.00 mm/s
[LIFT] Capabilities: lift_velocity_v1
[PicoLift] firmware capabilities: lift_velocity_v1
[LIFT] Height: unknown (run home)
[LIFT] V_Compute: 28.072 V
[LIFT] V_Motors: 27.255 V
[LIFT] Height: unknown (run home)
[LIFT] Height: unknown (run home)
[LIFT] Height: unknown (run home)
[LIFT] Height: unknown (run home)
[LIFT] Height: unknown (run home)
[LIFT] Height: unknown (run home)
[LIFT] Height: unknown (run home)
[LIFT] Height: unknown (run home)
[LIFT] Height: unknown (run home)
[LIFT] Height: unknown (run home)
[LIFT] Height: unknown (run home)
[LIFT] Height: unknown (run home)
[LIFT] Height: unknown (run home)
[LIFT] Height: unknown (run home)
[LIFT] Height: unknown (run home)
[LIFT] Height: unknown (run home)
[LIFT] Height: unknown (run home)
[PicoLift] sent 'status'
[LIFT] Height: unknown (run home)
[LIFT] Upper limit: clear
[LIFT] Lower limit: clear
[LIFT] Motion: UP
[LIFT] Velocity: 0.00 mm/s
[LIFT] Capabilities: lift_velocity_v1
[PicoLift] firmware capabilities: lift_velocity_v1
[LIFT] Height: unknown (run home)
[LIFT] V_Compute: 28.075 V
[LIFT] V_Motors: 27.253 V
[LIFT] Height: unknown (run home)
[LIFT] Height: unknown (run home)
[LIFT] Height: unknown (run home)
[LIFT] Height: unknown (run home)
[LIFT] Height: unknown (run home)
[LIFT] Height: unknown (run home)
[LIFT] Height: unknown (run home)
[LIFT] Height: unknown (run home)
[LIFT] Height: unknown (run home)
[LIFT] Height: unknown (run home)
[LIFT] Height: unknown (run home)
[LIFT] Height: unknown (run home)
[LIFT] Height: unknown (run home)
[LIFT] Height: unknown (run home)
[LIFT] Height: unknown (run home)
[LIFT] Height: unknown (run home)
[LIFT] Height: unknown (run home)
[PicoLift] sent 'status'
[LIFT] Height: unknown (run home)
[LIFT] Upper limit: clear
[LIFT] Lower limit: clear
[LIFT] Motion: UP
[LIFT] Velocity: 0.00 mm/s
[LIFT] Capabilities: lift_velocity_v1
[PicoLift] firmware capabilities: lift_velocity_v1
[LIFT] Height: unknown (run home)
[LIFT] V_Compute: 28.076 V
[LIFT] V_Motors: 27.241 V
[LIFT] Height: unknown (run home)
[LIFT] Height: unknown (run home)
[LIFT] Height: unknown (run home)
[LIFT] Height: unknown (run home)
[LIFT] Height: unknown (run home)
[LIFT] Height: unknown (run home)
[LIFT] Height: unknown (run home)
[LIFT] Height: unknown (run home)
[LIFT] Height: unknown (run home)
[LIFT] Height: unknown (run home)
[LIFT] Height: unknown (run home)
[LIFT] Height: unknown (run home)
[LIFT] Height: unknown (run home)
[LIFT] Height: unknown (run home)
[LIFT] Height: unknown (run home)
[LIFT] Height: unknown (run home)
[LIFT] Height: unknown (run home)
[PicoLift] sent 'status'
[LIFT] Height: unknown (run home)
[LIFT] Upper limit: clear
[LIFT] Lower limit: clear
[LIFT] Motion: UP
[LIFT] Velocity: 0.00 mm/s
[LIFT] Capabilities: lift_velocity_v1
[PicoLift] firmware capabilities: lift_velocity_v1
[LIFT] Height: unknown (run home)
[LIFT] V_Compute: 28.079 V
[LIFT] V_Motors: 27.254 V
[LIFT] Height: unknown (run home)
[LIFT] Height: unknown (run home)
[LIFT] Height: unknown (run home)
[LIFT] Height: unknown (run home)
[LIFT] Height: unknown (run home)
[LIFT] Height: unknown (run home)
[LIFT] Height: unknown (run home)
[LIFT] Height: unknown (run home)
[LIFT] Height: unknown (run home)
[LIFT] Height: unknown (run home)
[LIFT] Height: unknown (run home)
[LIFT] Height: unknown (run home)
[LIFT] Height: unknown (run home)
[LIFT] Height: unknown (run home)
[LIFT] Height: unknown (run home)
[LIFT] Height: unknown (run home)
[LIFT] Height: unknown (run home)
[PicoLift] sent 'status'
[LIFT] Height: unknown (run home)
[LIFT] Upper limit: clear
[LIFT] Lower limit: clear
[LIFT] Motion: UP
[LIFT] Velocity: 0.00 mm/s
[LIFT] Capabilities: lift_velocity_v1
[PicoLift] firmware capabilities: lift_velocity_v1
[LIFT] Height: unknown (run home)
[LIFT] V_Compute: 28.083 V
[LIFT] V_Motors: 27.250 V
[LIFT] Height: unknown (run home)
[LIFT] Height: unknown (run home)
[LIFT] Height: unknown (run home)
[LIFT] Height: unknown (run home)
[LIFT] Height: unknown (run home)
[LIFT] Height: unknown (run home)
[LIFT] Height: unknown (run home)
[LIFT] Height: unknown (run home)
[LIFT] Height: unknown (run home)
[LIFT] Height: unknown (run home)
[LIFT] Height: unknown (run home)
[LIFT] Height: unknown (run home)
[LIFT] Height: unknown (run home)
[LIFT] Height: unknown (run home)
[LIFT] Height: unknown (run home)
[LIFT] Height: unknown (run home)
[LIFT] Height: unknown (run home)
[PicoLift] sent 'status'
[LIFT] Height: unknown (run home)
[LIFT] Upper limit: clear
[LIFT] Lower limit: clear
[LIFT] Motion: UP
[LIFT] Velocity: 0.00 mm/s
[LIFT] Capabilities: lift_velocity_v1
[PicoLift] firmware capabilities: lift_velocity_v1
[LIFT] Height: unknown (run home)
[LIFT] V_Compute: 28.064 V
[LIFT] V_Motors: 27.263 V
[LIFT] Height: unknown (run home)
[LIFT] Height: unknown (run home)
[LIFT] Height: unknown (run home)
[LIFT] Height: unknown (run home)
[LIFT] Height: unknown (run home)
[LIFT] Height: unknown (run home)
[LIFT] Height: unknown (run home)
[LIFT] Height: unknown (run home)
[LIFT] Height: unknown (run home)
[LIFT] Height: unknown (run home)
[LIFT] Height: unknown (run home)
[LIFT] Height: unknown (run home)
[LIFT] Height: unknown (run home)
[LIFT] Height: unknown (run home)
[LIFT] Height: unknown (run home)
[LIFT] Height: unknown (run home)
[LIFT] Height: unknown (run home)
[PicoLift] sent 'status'
[LIFT] Height: unknown (run home)
[LIFT] Upper limit: clear
[LIFT] Lower limit: clear
[LIFT] Motion: UP
[LIFT] Velocity: 0.00 mm/s
[LIFT] Capabilities: lift_velocity_v1
[PicoLift] firmware capabilities: lift_velocity_v1
[LIFT] Height: unknown (run home)
[LIFT] V_Compute: 28.083 V
[LIFT] V_Motors: 27.245 V
[LIFT] Height: unknown (run home)
[LIFT] Height: unknown (run home)
[LIFT] Height: unknown (run home)
[LIFT] Height: unknown (run home)
[LIFT] Height: unknown (run home)
[LIFT] Height: unknown (run home)
[LIFT] Height: unknown (run home)
[LIFT] Height: unknown (run home)
[LIFT] Height: unknown (run home)
[LIFT] Height: unknown (run home)
[LIFT] Height: unknown (run home)
[LIFT] Height: unknown (run home)
[LIFT] Height: unknown (run home)
[LIFT] Height: unknown (run home)
[LIFT] Height: unknown (run home)
[LIFT] Height: unknown (run home)
[LIFT] Height: unknown (run home)
[PicoLift] sent 'status'
[LIFT] Height: unknown (run home)
[LIFT] Upper limit: clear
[LIFT] Lower limit: clear
[LIFT] Motion: UP
[LIFT] Velocity: 0.00 mm/s
[LIFT] Capabilities: lift_velocity_v1
[PicoLift] firmware capabilities: lift_velocity_v1
[LIFT] Height: unknown (run home)
[LIFT] V_Compute: 28.067 V
[LIFT] V_Motors: 27.256 V
[LIFT] Height: unknown (run home)
[LIFT] Height: unknown (run home)
[LIFT] Height: unknown (run home)
[LIFT] Height: unknown (run home)
[LIFT] Height: unknown (run home)
[LIFT] Height: unknown (run home)
[LIFT] Height: unknown (run home)
[LIFT] Height: unknown (run home)
[LIFT] Height: unknown (run home)
[LIFT] Height: unknown (run home)
[LIFT] Height: unknown (run home)
[LIFT] Height: unknown (run home)
[LIFT] Height: unknown (run home)
[LIFT] Height: unknown (run home)
[LIFT] Height: unknown (run home)
[LIFT] Height: unknown (run home)
[LIFT] Height: unknown (run home)
[LIFT] Height: unknown (run home)
[PicoLift] sent 'status'
[LIFT] Upper limit: clear
[LIFT] Lower limit: clear
[LIFT] Motion: UP
[LIFT] Velocity: 0.00 mm/s
[LIFT] Capabilities: lift_velocity_v1
[PicoLift] firmware capabilities: lift_velocity_v1
[LIFT] Height: unknown (run home)
[LIFT] V_Compute: 28.076 V
[LIFT] V_Motors: 27.247 V
[LIFT] Height: unknown (run home)
[LIFT] Height: unknown (run home)
[LIFT] Height: unknown (run home)
[LIFT] Height: unknown (run home)
[LIFT] Height: unknown (run home)
[LIFT] Height: unknown (run home)
[LIFT] Height: unknown (run home)
[LIFT] Height: unknown (run home)
[LIFT] Height: unknown (run home)
[LIFT] Height: unknown (run home)
[LIFT] Height: unknown (run home)
[LIFT] Height: unknown (run home)
[LIFT] Height: unknown (run home)
[LIFT] Height: unknown (run home)
[LIFT] Height: unknown (run home)
[LIFT] Height: unknown (run home)
[LIFT] Height: unknown (run home)
[LIFT] Height: unknown (run home)
[PicoLift] sent 'status'
[LIFT] Upper limit: clear
[LIFT] Lower limit: clear
[LIFT] Motion: UP
[LIFT] Velocity: 0.00 mm/s
[LIFT] Capabilities: lift_velocity_v1
[PicoLift] firmware capabilities: lift_velocity_v1
[LIFT] Height: unknown (run home)
[LIFT] V_Compute: 28.062 V
[LIFT] V_Motors: 27.240 V
[LIFT] Height: unknown (run home)
[LIFT] Height: unknown (run home)
[LIFT] Height: unknown (run home)
[LIFT] Height: unknown (run home)
[LIFT] Height: unknown (run home)
[LIFT] Height: unknown (run home)
[LIFT] Height: unknown (run home)
[LIFT] Height: unknown (run home)
[LIFT] Height: unknown (run home)
[LIFT] Height: unknown (run home)
[LIFT] Height: unknown (run home)
[LIFT] Height: unknown (run home)
[LIFT] Height: unknown (run home)
[LIFT] Height: unknown (run home)
[LIFT] Height: unknown (run home)
[LIFT] Height: unknown (run home)
[LIFT] Height: unknown (run home)
[LIFT] Height: unknown (run home)
[PicoLift] sent 'status'
[LIFT] Upper limit: clear
[LIFT] Lower limit: clear
[LIFT] Motion: UP
[LIFT] Velocity: 0.00 mm/s
[LIFT] Capabilities: lift_velocity_v1
[PicoLift] firmware capabilities: lift_velocity_v1
[LIFT] Height: unknown (run home)
[LIFT] V_Compute: 28.081 V
[LIFT] V_Motors: 27.246 V
[LIFT] Height: unknown (run home)
[LIFT] Height: unknown (run home)
[LIFT] Height: unknown (run home)
[LIFT] Height: unknown (run home)
[LIFT] Height: unknown (run home)
[LIFT] Height: unknown (run home)
[LIFT] Height: unknown (run home)
[LIFT] Height: unknown (run home)
[LIFT] Height: unknown (run home)
[LIFT] Height: unknown (run home)
[LIFT] Height: unknown (run home)
[LIFT] Home complete.
[PicoLift] sent 'status'
[PicoLift] sent 'status'
[YOR] lift: home complete at 0.9 m
[YOR] lift: moving to 450 mm from zero
[PicoLift] sent 'down 450.00'
[LIFT] Upper limit: ACTIVE
[LIFT] Lower limit: clear
[LIFT] Motion: IDLE
[LIFT] Velocity: 0.00 mm/s
[LIFT] Capabilities: lift_velocity_v1
[PicoLift] firmware capabilities: lift_velocity_v1
[LIFT] V_Compute: 28.075 V
[LIFT] V_Motors: 27.271 V
[LIFT] Upper limit: ACTIVE
[LIFT] Lower limit: clear
[LIFT] Motion: IDLE
[LIFT] Velocity: 0.00 mm/s
[LIFT] Capabilities: lift_velocity_v1
[PicoLift] firmware capabilities: lift_velocity_v1
[LIFT] Moving DOWN 450.00 mm
[LIFT] V_Compute: 28.070 V
[LIFT] V_Motors: 27.255 V
[LIFT] V_Compute: 28.084 V
[LIFT] V_Motors: 27.266 V
[LIFT] V_Compute: 28.083 V
[LIFT] V_Motors: 27.275 V
[LIFT] V_Compute: 28.079 V
[LIFT] V_Motors: 27.272 V
[LIFT] V_Compute: 28.074 V
[LIFT] V_Motors: 27.271 V
[LIFT] V_Compute: 28.076 V
[LIFT] V_Motors: 27.269 V
[LIFT] V_Compute: 28.085 V
[LIFT] V_Motors: 27.265 V
[LIFT] V_Compute: 28.074 V
[LIFT] V_Motors: 27.264 V
[LIFT] V_Compute: 28.087 V
[LIFT] V_Motors: 27.271 V
[LIFT] V_Compute: 28.089 V
[LIFT] V_Motors: 27.264 V
[LIFT] V_Compute: 28.071 V
[LIFT] V_Motors: 27.274 V
[LIFT] V_Compute: 28.084 V
[LIFT] V_Motors: 27.272 V
[LIFT] V_Compute: 28.075 V
[LIFT] V_Motors: 27.289 V
[LIFT] V_Compute: 28.072 V
[LIFT] V_Motors: 27.269 V
[LIFT] V_Compute: 28.069 V
[LIFT] V_Motors: 27.271 V
[LIFT] V_Compute: 28.061 V
[LIFT] V_Motors: 27.276 V
[LIFT] V_Compute: 28.093 V
[LIFT] V_Motors: 27.261 V
[LIFT] V_Compute: 28.080 V
[LIFT] V_Motors: 27.277 V
[PicoLift] sent 'stop'
[YOR] lift: startup position 0.45096600000000003 m
[LIFT] Motion stopped by user.
[LIFT] V_Compute: 28.080 V
[LIFT] V_Motors: 27.277 V
[LIFT] V_Compute: 28.080 V
[LIFT] V_Motors: 27.286 V
[LIFT] V_Compute: 28.081 V
[LIFT] V_Motors: 27.288 V
[LIFT] V_Compute: 28.076 V
[LIFT] V_Motors: 27.288 V
[LIFT] V_Compute: 28.076 V
[LIFT] V_Motors: 27.281 V
[LIFT] V_Compute: 28.079 V
[LIFT] V_Motors: 27.290 V
[LIFT] V_Compute: 28.081 V
[LIFT] V_Motors: 27.281 V
[LIFT] V_Compute: 28.081 V
[LIFT] V_Motors: 27.286 V
[LIFT] V_Compute: 28.079 V
[LIFT] V_Motors: 27.281 V
[LIFT] V_Compute: 28.076 V
[LIFT] V_Motors: 27.286 V
[LIFT] V_Compute: 28.081 V
[LIFT] V_Motors: 27.277 V
[LIFT] V_Compute: 28.080 V
[LIFT] V_Motors: 27.285 V
[LIFT] V_Compute: 28.067 V
[LIFT] V_Motors: 27.284 V
[LIFT] V_Compute: 28.076 V
[LIFT] V_Motors: 27.284 V
[LIFT] V_Compute: 28.065 V
[LIFT] V_Motors: 27.270 V
[LIFT] V_Compute: 28.077 V
[LIFT] V_Motors: 27.272 V
[LIFT] V_Compute: 28.074 V
[LIFT] V_Motors: 27.272 V
[LIFT] V_Compute: 28.062 V
[LIFT] V_Motors: 27.271 V
[LIFT] V_Compute: 28.064 V
[LIFT] V_Motors: 27.266 V
[LIFT] V_Compute: 28.071 V
[LIFT] V_Motors: 27.271 V
[LIFT] V_Compute: 28.067 V
[LIFT] V_Motors: 27.270 V
[LIFT] V_Compute: 28.072 V
[LIFT] V_Motors: 27.271 V
[LIFT] V_Compute: 28.064 V
[LIFT] V_Motors: 27.270 V
[LIFT] V_Compute: 28.072 V
[LIFT] V_Motors: 27.280 V
[LIFT] V_Compute: 28.069 V
[LIFT] V_Motors: 27.267 V
[LIFT] V_Compute: 28.061 V
[LIFT] V_Motors: 27.270 V
[LIFT] V_Compute: 28.071 V
[LIFT] V_Motors: 27.263 V
[LIFT] V_Compute: 28.065 V
[LIFT] V_Motors: 27.275 V
[LIFT] V_Compute: 28.062 V
[LIFT] V_Motors: 27.269 V
[LIFT] V_Compute: 28.060 V
[LIFT] V_Motors: 27.264 V
[LIFT] V_Compute: 28.069 V
[LIFT] V_Motors: 27.269 V
[LIFT] V_Compute: 28.071 V
[LIFT] V_Motors: 27.271 V
[LIFT] V_Compute: 28.069 V
[LIFT] V_Motors: 27.275 V
[LIFT] V_Compute: 28.067 V
[LIFT] V_Motors: 27.276 V
[LIFT] V_Compute: 28.061 V
[LIFT] V_Motors: 27.277 V
[LIFT] V_Compute: 28.060 V
[LIFT] V_Motors: 27.266 V
[LIFT] V_Compute: 28.067 V
[LIFT] V_Motors: 27.269 V
[LIFT] V_Compute: 28.066 V
[LIFT] V_Motors: 27.275 V
[LIFT] V_Compute: 28.070 V
[LIFT] V_Motors: 27.272 V
[LIFT] V_Compute: 28.070 V
[LIFT] V_Motors: 27.275 V
[LIFT] V_Compute: 28.070 V
[LIFT] V_Motors: 27.275 V
[LIFT] V_Compute: 28.072 V
[LIFT] V_Motors: 27.275 V
[LIFT] V_Compute: 28.066 V
[LIFT] V_Motors: 27.277 V
[LIFT] V_Compute: 28.067 V
[LIFT] V_Motors: 27.281 V
[LIFT] V_Compute: 28.070 V
[LIFT] V_Motors: 27.271 V
[LIFT] V_Compute: 28.059 V
[LIFT] V_Motors: 27.274 V
[LIFT] V_Compute: 28.064 V
[LIFT] V_Motors: 27.267 V
[LIFT] V_Compute: 28.069 V
[LIFT] V_Motors: 27.279 V
[LIFT] V_Compute: 28.070 V
[LIFT] V_Motors: 27.267 V
[LIFT] V_Compute: 28.066 V
[LIFT] V_Motors: 27.267 V
[LIFT] V_Compute: 28.065 V
[LIFT] V_Motors: 27.272 V
[LIFT] V_Compute: 28.069 V
[LIFT] V_Motors: 27.280 V
[LIFT] V_Compute: 28.075 V
[LIFT] V_Motors: 27.275 V
[LIFT] V_Compute: 28.069 V
[LIFT] V_Motors: 27.276 V
SLAM pose subscriber initialized
[YOR] follow_path: n=24 first=(-0.017900013923645042, 0.020199775695799893) last=(4.4820999860763555, -0.9298002243041994)
[LIFT] V_Compute: 28.059 V
[LIFT] V_Motors: 27.221 V
[LIFT] V_Compute: 28.065 V
[LIFT] V_Motors: 27.235 V
[LIFT] V_Compute: 28.067 V
[LIFT] V_Motors: 27.241 V
[LIFT] V_Compute: 28.058 V
[LIFT] V_Motors: 27.228 V
[LIFT] V_Compute: 28.066 V
[LIFT] V_Motors: 27.234 V
[LIFT] V_Compute: 28.067 V
[LIFT] V_Motors: 27.245 V
[LIFT] V_Compute: 28.067 V
[LIFT] V_Motors: 27.237 V
[LIFT] V_Compute: 28.072 V
[LIFT] V_Motors: 27.244 V
[LIFT] V_Compute: 28.065 V
[LIFT] V_Motors: 27.237 V
[LIFT] V_Compute: 28.072 V
[LIFT] V_Motors: 27.234 V
[LIFT] V_Compute: 28.070 V
[LIFT] V_Motors: 27.243 V
[LIFT] V_Compute: 28.072 V
[LIFT] V_Motors: 27.249 V
[LIFT] V_Compute: 28.064 V
[LIFT] V_Motors: 27.241 V
[LIFT] V_Compute: 28.074 V
[LIFT] V_Motors: 27.231 V
[LIFT] V_Compute: 28.064 V
[LIFT] V_Motors: 27.230 V
[LIFT] V_Compute: 28.074 V
[LIFT] V_Motors: 27.235 V
[LIFT] V_Compute: 28.065 V
[LIFT] V_Motors: 27.239 V
[LIFT] V_Compute: 28.061 V
[LIFT] V_Motors: 27.239 V
[LIFT] V_Compute: 28.064 V
[LIFT] V_Motors: 27.230 V
[LIFT] V_Compute: 28.062 V
[LIFT] V_Motors: 27.235 V
[LIFT] V_Compute: 28.060 V
[LIFT] V_Motors: 27.231 V
[LIFT] V_Compute: 28.060 V
[LIFT] V_Motors: 27.216 V
[LIFT] V_Compute: 28.064 V
[LIFT] V_Motors: 27.228 V
[LIFT] V_Compute: 28.066 V
[LIFT] V_Motors: 27.228 V
[LIFT] V_Compute: 28.069 V
[LIFT] V_Motors: 27.231 V
[LIFT] V_Compute: 28.071 V
[LIFT] V_Motors: 27.267 V
[LIFT] V_Compute: 28.066 V
[LIFT] V_Motors: 27.247 V
[YOR] follow_path: cleared
[LIFT] V_Compute: 28.069 V
[LIFT] V_Motors: 27.263 V
[LIFT] V_Compute: 28.071 V
[LIFT] V_Motors: 27.266 V
[LIFT] V_Compute: 28.066 V
[LIFT] V_Motors: 27.272 V
[LIFT] V_Compute: 28.065 V
[LIFT] V_Motors: 27.264 V
[LIFT] V_Compute: 28.065 V
[LIFT] V_Motors: 27.266 V
[LIFT] V_Compute: 28.067 V
[LIFT] V_Motors: 27.265 V
[LIFT] V_Compute: 28.069 V
[LIFT] V_Motors: 27.264 V
[LIFT] V_Compute: 28.067 V
[LIFT] V_Motors: 27.267 V
[LIFT] V_Compute: 28.060 V
[LIFT] V_Motors: 27.264 V
[YOR] follow_path: n=24 first=(4.432099986076356, -0.9298002243041994) last=(-0.017900013923645042, 0.020199775695799893)
[LIFT] V_Compute: 28.060 V
[LIFT] V_Motors: 27.218 V
[LIFT] V_Compute: 28.070 V
[LIFT] V_Motors: 27.250 V
[LIFT] V_Compute: 28.067 V
[LIFT] V_Motors: 27.250 V
[LIFT] V_Compute: 28.065 V
[LIFT] V_Motors: 27.244 V
[LIFT] V_Compute: 28.067 V
[LIFT] V_Motors: 27.240 V
[LIFT] V_Compute: 28.049 V
[LIFT] V_Motors: 27.240 V
[LIFT] V_Compute: 28.060 V
[LIFT] V_Motors: 27.260 V
[LIFT] V_Compute: 28.066 V
[LIFT] V_Motors: 27.236 V
[LIFT] V_Compute: 28.066 V
[LIFT] V_Motors: 27.260 V
[LIFT] V_Compute: 28.064 V
[LIFT] V_Motors: 27.219 V
[LIFT] V_Compute: 28.062 V
[LIFT] V_Motors: 27.220 V
[LIFT] V_Compute: 28.061 V
[LIFT] V_Motors: 27.220 V
[LIFT] V_Compute: 28.060 V
[LIFT] V_Motors: 27.240 V
[LIFT] V_Compute: 28.058 V
[LIFT] V_Motors: 27.228 V
[LIFT] V_Compute: 28.069 V
[LIFT] V_Motors: 27.239 V
[LIFT] V_Compute: 28.067 V
[LIFT] V_Motors: 27.230 V
[LIFT] V_Compute: 28.066 V
[LIFT] V_Motors: 27.234 V
[LIFT] V_Compute: 28.054 V
[LIFT] V_Motors: 27.229 V
[LIFT] V_Compute: 28.056 V
[LIFT] V_Motors: 27.236 V
[LIFT] V_Compute: 28.058 V
[LIFT] V_Motors: 27.232 V
[LIFT] V_Compute: 28.059 V
[LIFT] V_Motors: 27.237 V
[LIFT] V_Compute: 28.061 V
[LIFT] V_Motors: 27.229 V
[LIFT] V_Compute: 28.052 V
[LIFT] V_Motors: 27.226 V
[LIFT] V_Compute: 28.064 V
[LIFT] V_Motors: 27.221 V
[LIFT] V_Compute: 28.060 V
[LIFT] V_Motors: 27.232 V
[LIFT] V_Compute: 28.058 V
[LIFT] V_Motors: 27.228 V
[LIFT] V_Compute: 28.064 V
[LIFT] V_Motors: 27.219 V
[LIFT] V_Compute: 28.071 V
[LIFT] V_Motors: 27.232 V
[LIFT] V_Compute: 28.059 V
[LIFT] V_Motors: 27.222 V
[LIFT] V_Compute: 28.062 V
[LIFT] V_Motors: 27.230 V
[LIFT] V_Compute: 28.070 V
[LIFT] V_Motors: 27.231 V
[LIFT] V_Compute: 28.065 V
[LIFT] V_Motors: 27.228 V
[LIFT] V_Compute: 28.052 V
[LIFT] V_Motors: 27.212 V
[LIFT] V_Compute: 28.064 V
[LIFT] V_Motors: 27.243 V
[LIFT] V_Compute: 28.060 V
[LIFT] V_Motors: 27.229 V
[LIFT] V_Compute: 28.067 V
[LIFT] V_Motors: 27.240 V
[LIFT] V_Compute: 28.066 V
[LIFT] V_Motors: 27.235 V
[LIFT] V_Compute: 28.069 V
[LIFT] V_Motors: 27.260 V
[LIFT] V_Compute: 28.070 V
[LIFT] V_Motors: 27.253 V
[LIFT] V_Compute: 28.061 V
[LIFT] V_Motors: 27.259 V
[LIFT] V_Compute: 28.055 V
[LIFT] V_Motors: 27.257 V
[LIFT] V_Compute: 28.065 V
[LIFT] V_Motors: 27.256 V
[LIFT] V_Compute: 28.061 V
[LIFT] V_Motors: 27.206 V
[LIFT] V_Compute: 28.074 V
[LIFT] V_Motors: 27.209 V
[LIFT] V_Compute: 28.059 V
[LIFT] V_Motors: 27.269 V
[LIFT] V_Compute: 28.064 V
[LIFT] V_Motors: 27.241 V
[LIFT] V_Compute: 28.052 V
[LIFT] V_Motors: 27.249 V
[YOR] follow_path: cleared
[LIFT] V_Compute: 28.065 V
[LIFT] V_Motors: 27.261 V
[LIFT] V_Compute: 28.069 V
[LIFT] V_Motors: 27.259 V
[LIFT] V_Compute: 28.072 V
[LIFT] V_Motors: 27.263 V
[LIFT] V_Compute: 28.062 V
[LIFT] V_Motors: 27.257 V
[LIFT] V_Compute: 28.069 V
[LIFT] V_Motors: 27.259 V
[LIFT] V_Compute: 28.064 V
[LIFT] V_Motors: 27.256 V
[LIFT] V_Compute: 28.058 V
[LIFT] V_Motors: 27.257 V
[LIFT] V_Compute: 28.064 V
[LIFT] V_Motors: 27.255 V
[LIFT] V_Compute: 28.067 V
[LIFT] V_Motors: 27.264 V
[YOR] follow_path: n=16 first=(0.04170017242431712, 0.007499790191650035) last=(1.7417001724243173, 2.55749979019165)
[LIFT] V_Compute: 28.058 V
[LIFT] V_Motors: 27.260 V
[LIFT] V_Compute: 28.056 V
[LIFT] V_Motors: 27.260 V
[LIFT] V_Compute: 28.062 V
[LIFT] V_Motors: 27.204 V
[LIFT] V_Compute: 28.065 V
[LIFT] V_Motors: 27.209 V
[LIFT] V_Compute: 28.065 V
[LIFT] V_Motors: 27.231 V
[LIFT] V_Compute: 28.052 V
[LIFT] V_Motors: 27.225 V
[LIFT] V_Compute: 28.067 V
[LIFT] V_Motors: 27.220 V
[LIFT] V_Compute: 28.066 V
[LIFT] V_Motors: 27.221 V
[LIFT] V_Compute: 28.059 V
[LIFT] V_Motors: 27.229 V
[LIFT] V_Compute: 28.058 V
[LIFT] V_Motors: 27.218 V
[LIFT] V_Compute: 28.051 V
[LIFT] V_Motors: 27.215 V
[LIFT] V_Compute: 28.065 V
[LIFT] V_Motors: 27.224 V
[LIFT] V_Compute: 28.056 V
[LIFT] V_Motors: 27.219 V
[LIFT] V_Compute: 28.064 V
[LIFT] V_Motors: 27.229 V
[LIFT] V_Compute: 28.060 V
[LIFT] V_Motors: 27.220 V
[LIFT] V_Compute: 28.056 V
[LIFT] V_Motors: 27.226 V
[LIFT] V_Compute: 28.058 V
[LIFT] V_Motors: 27.231 V
[LIFT] V_Compute: 28.054 V
[LIFT] V_Motors: 27.216 V
[LIFT] V_Compute: 28.060 V
[LIFT] V_Motors: 27.222 V
[LIFT] V_Compute: 28.056 V
[LIFT] V_Motors: 27.255 V
[LIFT] V_Compute: 28.055 V
[LIFT] V_Motors: 27.249 V
[YOR] follow_path: cleared
[LIFT] V_Compute: 28.066 V
[LIFT] V_Motors: 27.256 V
[LIFT] V_Compute: 28.065 V
[LIFT] V_Motors: 27.254 V
[LIFT] V_Compute: 28.062 V
[LIFT] V_Motors: 27.257 V
[LIFT] V_Compute: 28.064 V
[LIFT] V_Motors: 27.256 V
[LIFT] V_Compute: 28.060 V
[LIFT] V_Motors: 27.251 V
[LIFT] V_Compute: 28.060 V
[LIFT] V_Motors: 27.259 V
[LIFT] V_Compute: 28.060 V
[LIFT] V_Motors: 27.254 V
[LIFT] V_Compute: 28.062 V
[LIFT] V_Motors: 27.260 V
[LIFT] V_Compute: 28.061 V
[LIFT] V_Motors: 27.260 V
[LIFT] V_Compute: 28.061 V
[LIFT] V_Motors: 27.260 V
[LIFT] V_Compute: 28.061 V
[LIFT] V_Motors: 27.257 V
[LIFT] V_Compute: 28.058 V
[LIFT] V_Motors: 27.255 V
[LIFT] V_Compute: 28.064 V
[LIFT] V_Motors: 27.261 V
[LIFT] V_Compute: 28.054 V
[LIFT] V_Motors: 27.266 V
[LIFT] V_Compute: 28.052 V
[LIFT] V_Motors: 27.264 V
[LIFT] V_Compute: 28.055 V
[LIFT] V_Motors: 27.246 V
[LIFT] V_Compute: 28.067 V
[LIFT] V_Motors: 27.260 V
[LIFT] V_Compute: 28.064 V
[LIFT] V_Motors: 27.260 V
[LIFT] V_Compute: 28.034 V
[LIFT] V_Motors: 27.243 V
[LIFT] V_Compute: 28.058 V
[LIFT] V_Motors: 27.255 V
[LIFT] V_Compute: 28.058 V
[LIFT] V_Motors: 27.261 V
[LIFT] V_Compute: 28.062 V
[LIFT] V_Motors: 27.259 V
[LIFT] V_Compute: 28.060 V
[LIFT] V_Motors: 27.261 V
[YOR] follow_path: n=16 first=(1.7417001724243173, 2.5141996383666996) last=(-0.008299827575683594, 0.014199638366699574)
[LIFT] V_Compute: 28.060 V
[LIFT] V_Motors: 27.221 V
[LIFT] V_Compute: 28.051 V
[LIFT] V_Motors: 27.237 V
[LIFT] V_Compute: 28.058 V
[LIFT] V_Motors: 27.226 V
[LIFT] V_Compute: 28.067 V
[LIFT] V_Motors: 27.237 V
[LIFT] V_Compute: 28.064 V
[LIFT] V_Motors: 27.240 V
[LIFT] V_Compute: 28.060 V
[LIFT] V_Motors: 27.228 V
[LIFT] V_Compute: 28.058 V
[LIFT] V_Motors: 27.214 V
[LIFT] V_Compute: 28.060 V
[LIFT] V_Motors: 27.260 V
[LIFT] V_Compute: 28.060 V
[LIFT] V_Motors: 27.253 V
[LIFT] V_Compute: 28.055 V
[LIFT] V_Motors: 27.220 V
[LIFT] V_Compute: 28.056 V
[LIFT] V_Motors: 27.216 V
[LIFT] V_Compute: 28.066 V
[LIFT] V_Motors: 27.237 V
[LIFT] V_Compute: 28.064 V
[LIFT] V_Motors: 27.234 V
[LIFT] V_Compute: 28.061 V
[LIFT] V_Motors: 27.236 V
[LIFT] V_Compute: 28.061 V
[LIFT] V_Motors: 27.228 V
[LIFT] V_Compute: 28.061 V
[LIFT] V_Motors: 27.222 V
[LIFT] V_Compute: 28.060 V
[LIFT] V_Motors: 27.220 V
[LIFT] V_Compute: 28.060 V
[LIFT] V_Motors: 27.220 V
[LIFT] V_Compute: 28.058 V
[LIFT] V_Motors: 27.197 V
[LIFT] V_Compute: 28.058 V
[LIFT] V_Motors: 27.229 V
[LIFT] V_Compute: 28.060 V
[LIFT] V_Motors: 27.185 V
[LIFT] V_Compute: 28.059 V
[LIFT] V_Motors: 27.211 V
[LIFT] V_Compute: 28.066 V
[LIFT] V_Motors: 27.220 V
[LIFT] V_Compute: 28.055 V
[LIFT] V_Motors: 27.216 V
[LIFT] V_Compute: 28.061 V
[LIFT] V_Motors: 27.229 V
[LIFT] V_Compute: 28.054 V
[LIFT] V_Motors: 27.234 V
[LIFT] V_Compute: 28.062 V
[LIFT] V_Motors: 27.234 V
[LIFT] V_Compute: 28.059 V
[LIFT] V_Motors: 27.225 V
[LIFT] V_Compute: 28.060 V
[LIFT] V_Motors: 27.241 V
[LIFT] V_Compute: 28.058 V
[LIFT] V_Motors: 27.257 V
[LIFT] V_Compute: 28.058 V
[LIFT] V_Motors: 27.255 V
[LIFT] V_Compute: 28.060 V
[LIFT] V_Motors: 27.245 V
[LIFT] V_Compute: 28.056 V
[LIFT] V_Motors: 27.163 V
[LIFT] V_Compute: 28.067 V
[LIFT] V_Motors: 27.210 V
[LIFT] V_Compute: 28.066 V
[LIFT] V_Motors: 27.225 V
[LIFT] V_Compute: 28.055 V
[LIFT] V_Motors: 27.244 V
[YOR] follow_path: cleared
[LIFT] V_Compute: 28.062 V
[LIFT] V_Motors: 27.254 V
[LIFT] V_Compute: 28.058 V
[LIFT] V_Motors: 27.257 V
[LIFT] V_Compute: 28.061 V
[LIFT] V_Motors: 27.250 V
[LIFT] V_Compute: 28.059 V
[LIFT] V_Motors: 27.257 V
[LIFT] V_Compute: 28.066 V
[LIFT] V_Motors: 27.259 V
[LIFT] V_Compute: 28.060 V
[LIFT] V_Motors: 27.256 V
[LIFT] V_Compute: 28.058 V
[LIFT] V_Motors: 27.251 V
[LIFT] V_Compute: 28.059 V
[LIFT] V_Motors: 27.257 V
[LIFT] V_Compute: 28.054 V
[LIFT] V_Motors: 27.260 V
[LIFT] V_Compute: 28.061 V
[LIFT] V_Motors: 27.253 V
[LIFT] V_Compute: 28.045 V
[LIFT] V_Motors: 27.245 V
[LIFT] V_Compute: 28.055 V
[LIFT] V_Motors: 27.255 V
[YOR] follow_path: n=1 first=(0.0011002540588380683, 0.0064996719360355115) last=(0.0011002540588380683, 0.0064996719360355115)
[YOR] follow_path: cleared
[LIFT] V_Compute: 28.065 V
[LIFT] V_Motors: 27.257 V
[LIFT] V_Compute: 28.067 V
[LIFT] V_Motors: 27.255 V
[LIFT] V_Compute: 28.062 V
[LIFT] V_Motors: 27.260 V
[LIFT] V_Compute: 28.066 V
[LIFT] V_Motors: 27.255 V
[LIFT] V_Compute: 28.062 V
[LIFT] V_Motors: 27.261 V
[LIFT] V_Compute: 28.064 V
[LIFT] V_Motors: 27.253 V
[LIFT] V_Compute: 28.052 V
[LIFT] V_Motors: 27.246 V
[LIFT] V_Compute: 28.059 V
[LIFT] V_Motors: 27.257 V
[YOR] follow_path: n=16 first=(0.0011002540588380683, 0.0064996719360355115) last=(1.2011002540588382, 2.7564996719360355)
[LIFT] V_Compute: 28.052 V
[LIFT] V_Motors: 27.211 V
[LIFT] V_Compute: 28.060 V
[LIFT] V_Motors: 27.243 V
[LIFT] V_Compute: 28.054 V
[LIFT] V_Motors: 27.237 V
[LIFT] V_Compute: 28.060 V
[LIFT] V_Motors: 27.205 V
[LIFT] V_Compute: 28.061 V
[LIFT] V_Motors: 27.211 V
[LIFT] V_Compute: 28.059 V
[LIFT] V_Motors: 27.231 V
[LIFT] V_Compute: 28.048 V
[LIFT] V_Motors: 27.218 V
[LIFT] V_Compute: 28.056 V
[LIFT] V_Motors: 27.222 V
[LIFT] V_Compute: 28.052 V
[LIFT] V_Motors: 27.208 V
[LIFT] V_Compute: 28.055 V
[LIFT] V_Motors: 27.211 V
[LIFT] V_Compute: 28.060 V
[LIFT] V_Motors: 27.216 V
[LIFT] V_Compute: 28.055 V
[LIFT] V_Motors: 27.202 V
[LIFT] V_Compute: 28.056 V
[LIFT] V_Motors: 27.221 V
[LIFT] V_Compute: 28.056 V
[LIFT] V_Motors: 27.220 V
[LIFT] V_Compute: 28.060 V
[LIFT] V_Motors: 27.215 V
[LIFT] V_Compute: 28.060 V
[LIFT] V_Motors: 27.221 V
[LIFT] V_Compute: 28.054 V
[LIFT] V_Motors: 27.214 V
[LIFT] V_Compute: 28.064 V
[LIFT] V_Motors: 27.225 V
[LIFT] V_Compute: 28.048 V
[LIFT] V_Motors: 27.210 V
[LIFT] V_Compute: 28.055 V
[LIFT] V_Motors: 27.219 V
[LIFT] V_Compute: 28.065 V
[LIFT] V_Motors: 27.211 V
[YOR] follow_path: cleared
[LIFT] V_Compute: 28.062 V
[LIFT] V_Motors: 27.256 V
[LIFT] V_Compute: 28.061 V
[LIFT] V_Motors: 27.251 V
[LIFT] V_Compute: 28.060 V
[LIFT] V_Motors: 27.250 V
[LIFT] V_Compute: 28.062 V
[LIFT] V_Motors: 27.246 V
[LIFT] V_Compute: 28.060 V
[LIFT] V_Motors: 27.257 V
[LIFT] V_Compute: 28.062 V
[LIFT] V_Motors: 27.251 V
[LIFT] V_Compute: 28.064 V
[LIFT] V_Motors: 27.250 V
[YOR] follow_path: n=16 first=(1.2011002540588382, 2.7381997108459473) last=(0.0011002540588380683, -0.011800289154052734)
[LIFT] V_Compute: 28.061 V
[LIFT] V_Motors: 27.197 V
[LIFT] V_Compute: 28.059 V
[LIFT] V_Motors: 27.230 V
[LIFT] V_Compute: 28.055 V
[LIFT] V_Motors: 27.230 V
[LIFT] V_Compute: 28.055 V
[LIFT] V_Motors: 27.228 V
[LIFT] V_Compute: 28.059 V
[LIFT] V_Motors: 27.240 V
[LIFT] V_Compute: 28.060 V
[LIFT] V_Motors: 27.239 V
[LIFT] V_Compute: 28.051 V
[LIFT] V_Motors: 27.214 V
[LIFT] V_Compute: 28.061 V
[LIFT] V_Motors: 27.237 V
[LIFT] V_Compute: 28.054 V
[LIFT] V_Motors: 27.208 V
[LIFT] V_Compute: 28.059 V
[LIFT] V_Motors: 27.205 V
[LIFT] V_Compute: 28.046 V
[LIFT] V_Motors: 27.187 V
[LIFT] V_Compute: 28.042 V
[LIFT] V_Motors: 27.220 V
[LIFT] V_Compute: 28.055 V
[LIFT] V_Motors: 27.194 V
[LIFT] V_Compute: 28.062 V
[LIFT] V_Motors: 27.206 V
[LIFT] V_Compute: 28.056 V
[LIFT] V_Motors: 27.211 V
[LIFT] V_Compute: 28.067 V
[LIFT] V_Motors: 27.226 V
[LIFT] V_Compute: 28.061 V
[LIFT] V_Motors: 27.219 V
[LIFT] V_Compute: 28.051 V
[LIFT] V_Motors: 27.209 V
[LIFT] V_Compute: 28.055 V
[LIFT] V_Motors: 27.218 V
[LIFT] V_Compute: 28.055 V
[LIFT] V_Motors: 27.209 V
[LIFT] V_Compute: 28.056 V
[LIFT] V_Motors: 27.224 V
[LIFT] V_Compute: 28.058 V
[LIFT] V_Motors: 27.215 V
[LIFT] V_Compute: 28.056 V
[LIFT] V_Motors: 27.232 V
[LIFT] V_Compute: 28.060 V
[LIFT] V_Motors: 27.219 V
[LIFT] V_Compute: 28.056 V
[LIFT] V_Motors: 27.228 V
[LIFT] V_Compute: 28.058 V
[LIFT] V_Motors: 27.231 V
[LIFT] V_Compute: 28.058 V
[LIFT] V_Motors: 27.244 V
[LIFT] V_Compute: 28.056 V
[LIFT] V_Motors: 27.250 V
[LIFT] V_Compute: 28.051 V
[LIFT] V_Motors: 27.244 V
[LIFT] V_Compute: 28.058 V
[LIFT] V_Motors: 27.243 V
[LIFT] V_Compute: 28.059 V
[LIFT] V_Motors: 27.205 V
[LIFT] V_Compute: 28.055 V
[LIFT] V_Motors: 27.208 V
[LIFT] V_Compute: 28.062 V
[LIFT] V_Motors: 27.253 V
[LIFT] V_Compute: 28.051 V
[LIFT] V_Motors: 27.241 V
[YOR] follow_path: cleared
[LIFT] V_Compute: 28.059 V
[LIFT] V_Motors: 27.250 V
[LIFT] V_Compute: 28.064 V
[LIFT] V_Motors: 27.250 V
[LIFT] V_Compute: 28.064 V
[LIFT] V_Motors: 27.251 V
[LIFT] V_Compute: 28.060 V
[LIFT] V_Motors: 27.254 V
[LIFT] V_Compute: 28.059 V
[LIFT] V_Motors: 27.246 V
[LIFT] V_Compute: 28.058 V
[LIFT] V_Motors: 27.253 V
[LIFT] V_Compute: 28.058 V
[LIFT] V_Motors: 27.254 V
[LIFT] V_Compute: 28.045 V
[LIFT] V_Motors: 27.243 V
[LIFT] V_Compute: 28.060 V
[LIFT] V_Motors: 27.250 V
[LIFT] V_Compute: 28.054 V
[LIFT] V_Motors: 27.249 V
[LIFT] V_Compute: 28.056 V
[LIFT] V_Motors: 27.250 V
[LIFT] V_Compute: 28.055 V
[LIFT] V_Motors: 27.257 V
[LIFT] V_Compute: 28.052 V
[LIFT] V_Motors: 27.246 V
[YOR] follow_path: cleared
[LIFT] V_Compute: 28.059 V
[LIFT] V_Motors: 27.251 V
[LIFT] V_Compute: 28.066 V
[LIFT] V_Motors: 27.255 V
[LIFT] V_Compute: 28.058 V
[LIFT] V_Motors: 27.257 V
[LIFT] V_Compute: 28.064 V
[LIFT] V_Motors: 27.259 V
[LIFT] V_Compute: 28.061 V
[LIFT] V_Motors: 27.260 V
[LIFT] V_Compute: 28.062 V
[LIFT] V_Motors: 27.264 V
[LIFT] V_Compute: 28.062 V
[LIFT] V_Motors: 27.263 V
[LIFT] V_Compute: 28.059 V
[LIFT] V_Motors: 27.256 V
[LIFT] V_Compute: 28.060 V
[LIFT] V_Motors: 27.261 V
[LIFT] V_Compute: 28.062 V
[LIFT] V_Motors: 27.260 V
[LIFT] V_Compute: 28.049 V
[LIFT] V_Motors: 27.266 V
[LIFT] V_Compute: 28.048 V
[LIFT] V_Motors: 27.249 V
[LIFT] V_Compute: 28.071 V
[LIFT] V_Motors: 27.264 V
[LIFT] V_Compute: 28.074 V
[LIFT] V_Motors: 27.265 V
[LIFT] V_Compute: 28.064 V
[LIFT] V_Motors: 27.264 V
[LIFT] V_Compute: 28.065 V
[LIFT] V_Motors: 27.265 V
[LIFT] V_Compute: 28.062 V
[LIFT] V_Motors: 27.264 V
[LIFT] V_Compute: 28.065 V
[LIFT] V_Motors: 27.265 V
[LIFT] V_Compute: 28.062 V
[LIFT] V_Motors: 27.263 V
[LIFT] V_Compute: 28.067 V
[LIFT] V_Motors: 27.271 V
[LIFT] V_Compute: 28.071 V
[LIFT] V_Motors: 27.264 V
[LIFT] V_Compute: 28.070 V
[LIFT] V_Motors: 27.271 V
[LIFT] V_Compute: 28.067 V
[LIFT] V_Motors: 27.263 V
[LIFT] V_Compute: 28.070 V
[LIFT] V_Motors: 27.267 V
[LIFT] V_Compute: 28.074 V
[LIFT] V_Motors: 27.264 V
[LIFT] V_Compute: 28.070 V
[LIFT] V_Motors: 27.265 V
[LIFT] V_Compute: 28.074 V
[LIFT] V_Motors: 27.269 V
[LIFT] V_Compute: 28.065 V
[LIFT] V_Motors: 27.266 V
[LIFT] V_Compute: 28.070 V
[LIFT] V_Motors: 27.267 V
[LIFT] V_Compute: 28.067 V
[LIFT] V_Motors: 27.264 V
[LIFT] V_Compute: 28.067 V
[LIFT] V_Motors: 27.266 V
[LIFT] V_Compute: 28.069 V
[LIFT] V_Motors: 27.267 V
[LIFT] V_Compute: 28.069 V
[LIFT] V_Motors: 27.264 V
[LIFT] V_Compute: 28.070 V
[LIFT] V_Motors: 27.266 V
[LIFT] V_Compute: 28.072 V
[LIFT] V_Motors: 27.267 V
[LIFT] V_Compute: 28.070 V
[LIFT] V_Motors: 27.265 V
[LIFT] V_Compute: 28.075 V
[LIFT] V_Motors: 27.265 V
[LIFT] V_Compute: 28.070 V
[LIFT] V_Motors: 27.265 V
[LIFT] V_Compute: 28.071 V
[LIFT] V_Motors: 27.265 V
[LIFT] V_Compute: 28.071 V
[LIFT] V_Motors: 27.266 V
[LIFT] V_Compute: 28.071 V
[LIFT] V_Motors: 27.266 V
[LIFT] V_Compute: 28.071 V
[LIFT] V_Motors: 27.267 V
[LIFT] V_Compute: 28.071 V
[LIFT] V_Motors: 27.266 V
[LIFT] V_Compute: 28.060 V
[LIFT] V_Motors: 27.264 V
[LIFT] V_Compute: 28.075 V
[LIFT] V_Motors: 27.266 V
[LIFT] V_Compute: 28.066 V
[LIFT] V_Motors: 27.265 V
[LIFT] V_Compute: 28.071 V
[LIFT] V_Motors: 27.266 V
[LIFT] V_Compute: 28.069 V
[LIFT] V_Motors: 27.265 V
[LIFT] V_Compute: 28.076 V
[LIFT] V_Motors: 27.267 V
[LIFT] V_Compute: 28.069 V
[LIFT] V_Motors: 27.269 V
[LIFT] V_Compute: 28.069 V
[LIFT] V_Motors: 27.265 V
[LIFT] V_Compute: 28.071 V
[LIFT] V_Motors: 27.265 V
[LIFT] V_Compute: 28.067 V
[LIFT] V_Motors: 27.264 V
[LIFT] V_Compute: 28.070 V
[LIFT] V_Motors: 27.270 V
[LIFT] V_Compute: 28.072 V
[LIFT] V_Motors: 27.270 V
[LIFT] V_Compute: 28.071 V
[LIFT] V_Motors: 27.270 V
[LIFT] V_Compute: 28.072 V
[LIFT] V_Motors: 27.267 V
[LIFT] V_Compute: 28.079 V
[LIFT] V_Motors: 27.266 V
[LIFT] V_Compute: 28.069 V
[LIFT] V_Motors: 27.267 V
[LIFT] V_Compute: 28.070 V
[LIFT] V_Motors: 27.271 V
[LIFT] V_Compute: 28.074 V
[LIFT] V_Motors: 27.271 V
[LIFT] V_Compute: 28.074 V
[LIFT] V_Motors: 27.269 V
[LIFT] V_Compute: 28.066 V
[LIFT] V_Motors: 27.266 V
[LIFT] V_Compute: 28.070 V
[LIFT] V_Motors: 27.274 V
[LIFT] V_Compute: 28.071 V
[LIFT] V_Motors: 27.267 V
[LIFT] V_Compute: 28.072 V
[LIFT] V_Motors: 27.267 V
[LIFT] V_Compute: 28.072 V
[LIFT] V_Motors: 27.265 V
[LIFT] V_Compute: 28.062 V
[LIFT] V_Motors: 27.269 V
[LIFT] V_Compute: 28.072 V
[LIFT] V_Motors: 27.267 V
[LIFT] V_Compute: 28.070 V
[LIFT] V_Motors: 27.267 V
[LIFT] V_Compute: 28.070 V
[LIFT] V_Motors: 27.272 V
[LIFT] V_Compute: 28.065 V
[LIFT] V_Motors: 27.267 V
[LIFT] V_Compute: 28.074 V
[LIFT] V_Motors: 27.271 V
[LIFT] V_Compute: 28.070 V
[LIFT] V_Motors: 27.266 V
[LIFT] V_Compute: 28.072 V
[LIFT] V_Motors: 27.267 V
[LIFT] V_Compute: 28.071 V
[LIFT] V_Motors: 27.271 V
[LIFT] V_Compute: 28.070 V
[LIFT] V_Motors: 27.266 V
[LIFT] V_Compute: 28.065 V
[LIFT] V_Motors: 27.266 V
[LIFT] V_Compute: 28.072 V
[LIFT] V_Motors: 27.270 V
[LIFT] V_Compute: 28.071 V
[LIFT] V_Motors: 27.269 V
[LIFT] V_Compute: 28.070 V
[LIFT] V_Motors: 27.271 V
[LIFT] V_Compute: 28.069 V
[LIFT] V_Motors: 27.271 V
[LIFT] V_Compute: 28.071 V
[LIFT] V_Motors: 27.267 V
[LIFT] V_Compute: 28.076 V
[LIFT] V_Motors: 27.269 V
[LIFT] V_Compute: 28.067 V
[LIFT] V_Motors: 27.269 V
[LIFT] V_Compute: 28.070 V
[LIFT] V_Motors: 27.266 V
[LIFT] V_Compute: 28.072 V
[LIFT] V_Motors: 27.265 V
[LIFT] V_Compute: 28.060 V
[LIFT] V_Motors: 27.263 V
[LIFT] V_Compute: 28.072 V
[LIFT] V_Motors: 27.269 V
[LIFT] V_Compute: 28.074 V
[LIFT] V_Motors: 27.267 V
[LIFT] V_Compute: 28.067 V
[LIFT] V_Motors: 27.267 V
[LIFT] V_Compute: 28.069 V
[LIFT] V_Motors: 27.269 V
[LIFT] V_Compute: 28.069 V
[LIFT] V_Motors: 27.274 V
[LIFT] V_Compute: 28.075 V
[LIFT] V_Motors: 27.269 V
[LIFT] V_Compute: 28.069 V
[LIFT] V_Motors: 27.274 V
[LIFT] V_Compute: 28.069 V
[LIFT] V_Motors: 27.267 V
[LIFT] V_Compute: 28.071 V
[LIFT] V_Motors: 27.269 V
[LIFT] V_Compute: 28.076 V
[LIFT] V_Motors: 27.265 V
[LIFT] V_Compute: 28.056 V
[LIFT] V_Motors: 27.264 V
[LIFT] V_Compute: 28.075 V
[LIFT] V_Motors: 27.269 V
[LIFT] V_Compute: 28.070 V
[LIFT] V_Motors: 27.270 V
[LIFT] V_Compute: 28.062 V
[LIFT] V_Motors: 27.263 V
[LIFT] V_Compute: 28.074 V
[LIFT] V_Motors: 27.270 V
[LIFT] V_Compute: 28.070 V
[LIFT] V_Motors: 27.269 V
[LIFT] V_Compute: 28.071 V
[LIFT] V_Motors: 27.266 V
[LIFT] V_Compute: 28.071 V
[LIFT] V_Motors: 27.264 V
[LIFT] V_Compute: 28.070 V
[LIFT] V_Motors: 27.271 V
[LIFT] V_Compute: 28.076 V
[LIFT] V_Motors: 27.272 V
[LIFT] V_Compute: 28.067 V
[LIFT] V_Motors: 27.270 V
[LIFT] V_Compute: 28.072 V
[LIFT] V_Motors: 27.269 V
[LIFT] V_Compute: 28.065 V
[LIFT] V_Motors: 27.265 V
[LIFT] V_Compute: 28.072 V
[LIFT] V_Motors: 27.271 V
[LIFT] V_Compute: 28.075 V
[LIFT] V_Motors: 27.270 V
[LIFT] V_Compute: 28.067 V
[LIFT] V_Motors: 27.272 V
[LIFT] V_Compute: 28.065 V
[LIFT] V_Motors: 27.272 V
[LIFT] V_Compute: 28.066 V
[LIFT] V_Motors: 27.269 V
[LIFT] V_Compute: 28.069 V
[LIFT] V_Motors: 27.271 V
[LIFT] V_Compute: 28.071 V
[LIFT] V_Motors: 27.272 V
[LIFT] V_Compute: 28.067 V
[LIFT] V_Motors: 27.265 V
[LIFT] V_Compute: 28.070 V
[LIFT] V_Motors: 27.266 V
[LIFT] V_Compute: 28.072 V
[LIFT] V_Motors: 27.272 V
[LIFT] V_Compute: 28.066 V
[LIFT] V_Motors: 27.265 V
[LIFT] V_Compute: 28.072 V
[LIFT] V_Motors: 27.271 V
[LIFT] V_Compute: 28.076 V
[LIFT] V_Motors: 27.267 V
[LIFT] V_Compute: 28.072 V
[LIFT] V_Motors: 27.264 V
[LIFT] V_Compute: 28.069 V
[LIFT] V_Motors: 27.243 V
[LIFT] V_Compute: 28.069 V
[LIFT] V_Motors: 27.257 V
[LIFT] V_Compute: 28.067 V
[LIFT] V_Motors: 27.269 V
[LIFT] V_Compute: 28.070 V
[LIFT] V_Motors: 27.270 V
[LIFT] V_Compute: 28.060 V
[LIFT] V_Motors: 27.260 V
[LIFT] V_Compute: 28.072 V
[LIFT] V_Motors: 27.263 V
[LIFT] V_Compute: 28.069 V
[LIFT] V_Motors: 27.266 V
[LIFT] V_Compute: 28.069 V
[LIFT] V_Motors: 27.270 V
[LIFT] V_Compute: 28.069 V
[LIFT] V_Motors: 27.265 V
[LIFT] V_Compute: 28.070 V
[LIFT] V_Motors: 27.261 V
[LIFT] V_Compute: 28.064 V
[LIFT] V_Motors: 27.254 V
[LIFT] V_Compute: 28.065 V
[LIFT] V_Motors: 27.254 V
[LIFT] V_Compute: 28.064 V
[LIFT] V_Motors: 27.261 V
[LIFT] V_Compute: 28.064 V
[LIFT] V_Motors: 27.247 V
[LIFT] V_Compute: 28.070 V
[LIFT] V_Motors: 27.266 V
[LIFT] V_Compute: 28.077 V
[LIFT] V_Motors: 27.251 V
[LIFT] V_Compute: 28.071 V
[LIFT] V_Motors: 27.269 V
[LIFT] V_Compute: 28.071 V
[LIFT] V_Motors: 27.270 V
[LIFT] V_Compute: 28.066 V
[LIFT] V_Motors: 27.269 V
[LIFT] V_Compute: 28.071 V
[LIFT] V_Motors: 27.269 V
[LIFT] V_Compute: 28.070 V
[LIFT] V_Motors: 27.266 V
[LIFT] V_Compute: 28.064 V
[LIFT] V_Motors: 27.260 V
[LIFT] V_Compute: 28.066 V
[LIFT] V_Motors: 27.265 V
[LIFT] V_Compute: 28.064 V
[LIFT] V_Motors: 27.261 V
[LIFT] V_Compute: 28.069 V
[LIFT] V_Motors: 27.267 V
[LIFT] V_Compute: 28.059 V
[LIFT] V_Motors: 27.269 V
[LIFT] V_Compute: 28.062 V
[LIFT] V_Motors: 27.267 V
[LIFT] V_Compute: 28.071 V
[LIFT] V_Motors: 27.267 V
[LIFT] V_Compute: 28.067 V
[LIFT] V_Motors: 27.272 V
[LIFT] V_Compute: 28.070 V
[LIFT] V_Motors: 27.271 V
[LIFT] V_Compute: 28.066 V
[LIFT] V_Motors: 27.270 V
[LIFT] V_Compute: 28.070 V
[LIFT] V_Motors: 27.270 V
[LIFT] V_Compute: 28.066 V
[LIFT] V_Motors: 27.270 V
[LIFT] V_Compute: 28.069 V
[LIFT] V_Motors: 27.266 V
[LIFT] V_Compute: 28.066 V
[LIFT] V_Motors: 27.263 V
[LIFT] V_Compute: 28.075 V
[LIFT] V_Motors: 27.270 V
[LIFT] V_Compute: 28.065 V
[LIFT] V_Motors: 27.266 V
[LIFT] V_Compute: 28.067 V
[LIFT] V_Motors: 27.267 V
[LIFT] V_Compute: 28.046 V
[LIFT] V_Motors: 27.254 V
[LIFT] V_Compute: 28.046 V
[LIFT] V_Motors: 27.251 V
[LIFT] V_Compute: 28.066 V
[LIFT] V_Motors: 27.266 V
[LIFT] V_Compute: 28.071 V
[LIFT] V_Motors: 27.269 V
[LIFT] V_Compute: 28.060 V
[LIFT] V_Motors: 27.269 V
[LIFT] V_Compute: 28.071 V
[LIFT] V_Motors: 27.272 V
[LIFT] V_Compute: 28.064 V
[LIFT] V_Motors: 27.266 V
[LIFT] V_Compute: 28.069 V
[LIFT] V_Motors: 27.261 V
[LIFT] V_Compute: 28.072 V
[LIFT] V_Motors: 27.274 V
[LIFT] V_Compute: 28.069 V
[LIFT] V_Motors: 27.267 V
[LIFT] V_Compute: 28.072 V
[LIFT] V_Motors: 27.272 V
[LIFT] V_Compute: 28.070 V
[LIFT] V_Motors: 27.277 V
[LIFT] V_Compute: 28.067 V
[LIFT] V_Motors: 27.267 V
[LIFT] V_Compute: 28.066 V
[LIFT] V_Motors: 27.267 V
[LIFT] V_Compute: 28.071 V
[LIFT] V_Motors: 27.271 V
[LIFT] V_Compute: 28.074 V
[LIFT] V_Motors: 27.264 V
[LIFT] V_Compute: 28.067 V
[LIFT] V_Motors: 27.269 V
[LIFT] V_Compute: 28.071 V
[LIFT] V_Motors: 27.274 V
[LIFT] V_Compute: 28.074 V
[LIFT] V_Motors: 27.266 V
[LIFT] V_Compute: 28.071 V
[LIFT] V_Motors: 27.269 V
[LIFT] V_Compute: 28.069 V
[LIFT] V_Motors: 27.272 V
[LIFT] V_Compute: 28.055 V
[LIFT] V_Motors: 27.257 V
[LIFT] V_Compute: 28.071 V
[LIFT] V_Motors: 27.272 V
[LIFT] V_Compute: 28.069 V
[LIFT] V_Motors: 27.275 V
[LIFT] V_Compute: 28.072 V
[LIFT] V_Motors: 27.270 V
[LIFT] V_Compute: 28.065 V
[LIFT] V_Motors: 27.267 V
[LIFT] V_Compute: 28.065 V
[LIFT] V_Motors: 27.271 V
[LIFT] V_Compute: 28.069 V
[LIFT] V_Motors: 27.269 V
[LIFT] V_Compute: 28.064 V
[LIFT] V_Motors: 27.263 V
[LIFT] V_Compute: 28.071 V
[LIFT] V_Motors: 27.274 V
[LIFT] V_Compute: 28.066 V
[LIFT] V_Motors: 27.267 V
[LIFT] V_Compute: 28.069 V
[LIFT] V_Motors: 27.271 V
[LIFT] V_Compute: 28.064 V
[LIFT] V_Motors: 27.271 V
[LIFT] V_Compute: 28.066 V
[LIFT] V_Motors: 27.271 V
[LIFT] V_Compute: 28.067 V
[LIFT] V_Motors: 27.266 V
[LIFT] V_Compute: 28.072 V
[LIFT] V_Motors: 27.274 V
[LIFT] V_Compute: 28.072 V
[LIFT] V_Motors: 27.272 V
[LIFT] V_Compute: 28.065 V
[LIFT] V_Motors: 27.269 V
[LIFT] V_Compute: 28.069 V
[LIFT] V_Motors: 27.271 V
[LIFT] V_Compute: 28.067 V
[LIFT] V_Motors: 27.267 V
[LIFT] V_Compute: 28.067 V
[LIFT] V_Motors: 27.270 V
[LIFT] V_Compute: 28.066 V
[LIFT] V_Motors: 27.274 V
[LIFT] V_Compute: 28.074 V
[LIFT] V_Motors: 27.270 V
[LIFT] V_Compute: 28.071 V
[LIFT] V_Motors: 27.269 V
[LIFT] V_Compute: 28.066 V
[LIFT] V_Motors: 27.269 V
[LIFT] V_Compute: 28.071 V
[LIFT] V_Motors: 27.265 V
[LIFT] V_Compute: 28.066 V
[LIFT] V_Motors: 27.266 V
[LIFT] V_Compute: 28.067 V
[LIFT] V_Motors: 27.267 V
[LIFT] V_Compute: 28.071 V
[LIFT] V_Motors: 27.271 V
[LIFT] V_Compute: 28.062 V
[LIFT] V_Motors: 27.270 V
[LIFT] V_Compute: 28.076 V
[LIFT] V_Motors: 27.274 V
[LIFT] V_Compute: 28.080 V
[LIFT] V_Motors: 27.271 V
[LIFT] V_Compute: 28.069 V
[LIFT] V_Motors: 27.271 V
[LIFT] V_Compute: 28.072 V
[LIFT] V_Motors: 27.270 V
[LIFT] V_Compute: 28.071 V
[LIFT] V_Motors: 27.270 V
[LIFT] V_Compute: 28.071 V
[LIFT] V_Motors: 27.272 V
[LIFT] V_Compute: 28.064 V
[LIFT] V_Motors: 27.264 V
[LIFT] V_Compute: 28.072 V
[LIFT] V_Motors: 27.271 V
[LIFT] V_Compute: 28.067 V
[LIFT] V_Motors: 27.274 V
[LIFT] V_Compute: 28.066 V
[LIFT] V_Motors: 27.267 V
[LIFT] V_Compute: 28.062 V
[LIFT] V_Motors: 27.274 V
[LIFT] V_Compute: 28.066 V
[LIFT] V_Motors: 27.270 V
[LIFT] V_Compute: 28.065 V
[LIFT] V_Motors: 27.271 V
[LIFT] V_Compute: 28.059 V
[LIFT] V_Motors: 27.264 V
[LIFT] V_Compute: 28.069 V
[LIFT] V_Motors: 27.270 V
[LIFT] V_Compute: 28.071 V
[LIFT] V_Motors: 27.275 V
[LIFT] V_Compute: 28.071 V
[LIFT] V_Motors: 27.269 V
[LIFT] V_Compute: 28.074 V
[LIFT] V_Motors: 27.272 V
[LIFT] V_Compute: 28.070 V
[LIFT] V_Motors: 27.266 V
[LIFT] V_Compute: 28.072 V
[LIFT] V_Motors: 27.274 V
[LIFT] V_Compute: 28.062 V
[LIFT] V_Motors: 27.266 V
[LIFT] V_Compute: 28.060 V
[LIFT] V_Motors: 27.270 V
[LIFT] V_Compute: 28.069 V
[LIFT] V_Motors: 27.276 V
[LIFT] V_Compute: 28.067 V
[LIFT] V_Motors: 27.274 V
[LIFT] V_Compute: 28.065 V
[LIFT] V_Motors: 27.270 V
[LIFT] V_Compute: 28.065 V
[LIFT] V_Motors: 27.269 V
[LIFT] V_Compute: 28.067 V
[LIFT] V_Motors: 27.270 V
[LIFT] V_Compute: 28.067 V
[LIFT] V_Motors: 27.271 V
[LIFT] V_Compute: 28.066 V
[LIFT] V_Motors: 27.276 V
[LIFT] V_Compute: 28.071 V
[LIFT] V_Motors: 27.274 V
[LIFT] V_Compute: 28.065 V
[LIFT] V_Motors: 27.267 V
[LIFT] V_Compute: 28.067 V
[LIFT] V_Motors: 27.271 V
[LIFT] V_Compute: 28.070 V
[LIFT] V_Motors: 27.271 V
[LIFT] V_Compute: 28.059 V
[LIFT] V_Motors: 27.269 V
[LIFT] V_Compute: 28.056 V
[LIFT] V_Motors: 27.265 V
[LIFT] V_Compute: 28.066 V
[LIFT] V_Motors: 27.271 V
[LIFT] V_Compute: 28.069 V
[LIFT] V_Motors: 27.270 V
[LIFT] V_Compute: 28.061 V
[LIFT] V_Motors: 27.265 V
[LIFT] V_Compute: 28.064 V
[LIFT] V_Motors: 27.271 V
[LIFT] V_Compute: 28.071 V
[LIFT] V_Motors: 27.272 V
[LIFT] V_Compute: 28.071 V
[LIFT] V_Motors: 27.272 V
[LIFT] V_Compute: 28.067 V
[LIFT] V_Motors: 27.271 V
[LIFT] V_Compute: 28.072 V
[LIFT] V_Motors: 27.271 V
[LIFT] V_Compute: 28.064 V
[LIFT] V_Motors: 27.271 V
[LIFT] V_Compute: 28.070 V
[LIFT] V_Motors: 27.272 V
[LIFT] V_Compute: 28.060 V
[LIFT] V_Motors: 27.269 V
[LIFT] V_Compute: 28.071 V
[LIFT] V_Motors: 27.269 V
[LIFT] V_Compute: 28.070 V
[LIFT] V_Motors: 27.270 V
[LIFT] V_Compute: 28.072 V
[LIFT] V_Motors: 27.271 V
[LIFT] V_Compute: 28.066 V
[LIFT] V_Motors: 27.272 V
[LIFT] V_Compute: 28.069 V
[LIFT] V_Motors: 27.271 V
[LIFT] V_Compute: 28.069 V
[LIFT] V_Motors: 27.270 V
[LIFT] V_Compute: 28.067 V
[LIFT] V_Motors: 27.272 V
[LIFT] V_Compute: 28.067 V
[LIFT] V_Motors: 27.267 V
[LIFT] V_Compute: 28.064 V
[LIFT] V_Motors: 27.267 V
[LIFT] V_Compute: 28.069 V
[LIFT] V_Motors: 27.271 V
[LIFT] V_Compute: 28.058 V
[LIFT] V_Motors: 27.270 V
[LIFT] V_Compute: 28.072 V
[LIFT] V_Motors: 27.274 V
[LIFT] V_Compute: 28.064 V
[LIFT] V_Motors: 27.277 V
[LIFT] V_Compute: 28.071 V
[LIFT] V_Motors: 27.270 V
[LIFT] V_Compute: 28.071 V
[LIFT] V_Motors: 27.269 V
[LIFT] V_Compute: 28.069 V
[LIFT] V_Motors: 27.270 V
[LIFT] V_Compute: 28.071 V
[LIFT] V_Motors: 27.270 V
[LIFT] V_Compute: 28.067 V
[LIFT] V_Motors: 27.272 V
[LIFT] V_Compute: 28.064 V
[LIFT] V_Motors: 27.270 V
[LIFT] V_Compute: 28.071 V
[LIFT] V_Motors: 27.272 V
[LIFT] V_Compute: 28.060 V
[LIFT] V_Motors: 27.271 V
[LIFT] V_Compute: 28.070 V
[LIFT] V_Motors: 27.266 V
[LIFT] V_Compute: 28.061 V
[LIFT] V_Motors: 27.272 V
[LIFT] V_Compute: 28.064 V
[LIFT] V_Motors: 27.274 V
[LIFT] V_Compute: 28.050 V
[LIFT] V_Motors: 27.257 V
[LIFT] V_Compute: 28.054 V
[LIFT] V_Motors: 27.265 V
[LIFT] V_Compute: 28.054 V
[LIFT] V_Motors: 27.261 V
[LIFT] V_Compute: 28.075 V
[LIFT] V_Motors: 27.274 V
[LIFT] V_Compute: 28.066 V
[LIFT] V_Motors: 27.271 V
[LIFT] V_Compute: 28.066 V
[LIFT] V_Motors: 27.275 V
[LIFT] V_Compute: 28.069 V
[LIFT] V_Motors: 27.271 V
[LIFT] V_Compute: 28.072 V
[LIFT] V_Motors: 27.272 V
[LIFT] V_Compute: 28.066 V
[LIFT] V_Motors: 27.276 V
[LIFT] V_Compute: 28.055 V
[LIFT] V_Motors: 27.266 V
[LIFT] V_Compute: 28.064 V
[LIFT] V_Motors: 27.276 V
[LIFT] V_Compute: 28.069 V
[LIFT] V_Motors: 27.266 V
[LIFT] V_Compute: 28.061 V
[LIFT] V_Motors: 27.270 V
[LIFT] V_Compute: 28.065 V
[LIFT] V_Motors: 27.269 V
[LIFT] V_Compute: 28.060 V
[LIFT] V_Motors: 27.272 V
[LIFT] V_Compute: 28.054 V
[LIFT] V_Motors: 27.270 V
[LIFT] V_Compute: 28.071 V
[LIFT] V_Motors: 27.269 V
[LIFT] V_Compute: 28.064 V
[LIFT] V_Motors: 27.274 V
[LIFT] V_Compute: 28.064 V
[LIFT] V_Motors: 27.275 V
[LIFT] V_Compute: 28.059 V
[LIFT] V_Motors: 27.269 V
[LIFT] V_Compute: 28.065 V
[LIFT] V_Motors: 27.271 V
[LIFT] V_Compute: 28.065 V
[LIFT] V_Motors: 27.271 V
[LIFT] V_Compute: 28.066 V
[LIFT] V_Motors: 27.269 V
[LIFT] V_Compute: 28.065 V
[LIFT] V_Motors: 27.266 V
[LIFT] V_Compute: 28.067 V
[LIFT] V_Motors: 27.271 V
[LIFT] V_Compute: 28.065 V
[LIFT] V_Motors: 27.275 V
[LIFT] V_Compute: 28.058 V
[LIFT] V_Motors: 27.267 V
[LIFT] V_Compute: 28.064 V
[LIFT] V_Motors: 27.271 V
[LIFT] V_Compute: 28.062 V
[LIFT] V_Motors: 27.269 V
[LIFT] V_Compute: 28.070 V
[LIFT] V_Motors: 27.270 V
[LIFT] V_Compute: 28.071 V
[LIFT] V_Motors: 27.272 V
[LIFT] V_Compute: 28.066 V
[LIFT] V_Motors: 27.269 V
[LIFT] V_Compute: 28.064 V
[LIFT] V_Motors: 27.270 V
[LIFT] V_Compute: 28.069 V
[LIFT] V_Motors: 27.275 V
[LIFT] V_Compute: 28.069 V
[LIFT] V_Motors: 27.271 V
[LIFT] V_Compute: 28.069 V
[LIFT] V_Motors: 27.270 V
[LIFT] V_Compute: 28.070 V
[LIFT] V_Motors: 27.275 V
[LIFT] V_Compute: 28.067 V
[LIFT] V_Motors: 27.269 V
[LIFT] V_Compute: 28.060 V
[LIFT] V_Motors: 27.271 V
[LIFT] V_Compute: 28.069 V
[LIFT] V_Motors: 27.272 V
[LIFT] V_Compute: 28.065 V
[LIFT] V_Motors: 27.271 V
[LIFT] V_Compute: 28.072 V
[LIFT] V_Motors: 27.270 V
[LIFT] V_Compute: 28.067 V
[LIFT] V_Motors: 27.272 V
[LIFT] V_Compute: 28.069 V
[LIFT] V_Motors: 27.271 V
[LIFT] V_Compute: 28.065 V
[LIFT] V_Motors: 27.272 V
[LIFT] V_Compute: 28.066 V
[LIFT] V_Motors: 27.274 V
[LIFT] V_Compute: 28.062 V
[LIFT] V_Motors: 27.269 V
[LIFT] V_Compute: 28.069 V
[LIFT] V_Motors: 27.272 V
[LIFT] V_Compute: 28.072 V
[LIFT] V_Motors: 27.271 V
[LIFT] V_Compute: 28.070 V
[LIFT] V_Motors: 27.269 V
[LIFT] V_Compute: 28.061 V
[LIFT] V_Motors: 27.272 V
[LIFT] V_Compute: 28.070 V
[LIFT] V_Motors: 27.275 V
[LIFT] V_Compute: 28.061 V
[LIFT] V_Motors: 27.270 V
[LIFT] V_Compute: 28.071 V
[LIFT] V_Motors: 27.275 V
[LIFT] V_Compute: 28.060 V
[LIFT] V_Motors: 27.265 V
[LIFT] V_Compute: 28.062 V
[LIFT] V_Motors: 27.272 V
[LIFT] V_Compute: 28.066 V
[LIFT] V_Motors: 27.270 V
[LIFT] V_Compute: 28.060 V
[LIFT] V_Motors: 27.267 V
[LIFT] V_Compute: 28.066 V
[LIFT] V_Motors: 27.266 V
[LIFT] V_Compute: 28.072 V
[LIFT] V_Motors: 27.272 V
[LIFT] V_Compute: 28.071 V
[LIFT] V_Motors: 27.275 V
[LIFT] V_Compute: 28.071 V
[LIFT] V_Motors: 27.275 V
[LIFT] V_Compute: 28.069 V
[LIFT] V_Motors: 27.270 V
[LIFT] V_Compute: 28.061 V
[LIFT] V_Motors: 27.270 V
[LIFT] V_Compute: 28.067 V
[LIFT] V_Motors: 27.272 V
[LIFT] V_Compute: 28.069 V
[LIFT] V_Motors: 27.263 V
[LIFT] V_Compute: 28.065 V
[LIFT] V_Motors: 27.275 V
[LIFT] V_Compute: 28.067 V
[LIFT] V_Motors: 27.272 V
[LIFT] V_Compute: 28.066 V
[LIFT] V_Motors: 27.269 V
[LIFT] V_Compute: 28.058 V
[LIFT] V_Motors: 27.266 V
[LIFT] V_Compute: 28.064 V
[LIFT] V_Motors: 27.276 V
[LIFT] V_Compute: 28.067 V
[LIFT] V_Motors: 27.270 V
[LIFT] V_Compute: 28.066 V
[LIFT] V_Motors: 27.275 V
[LIFT] V_Compute: 28.067 V
[LIFT] V_Motors: 27.270 V
[LIFT] V_Compute: 28.066 V
[LIFT] V_Motors: 27.275 V
[LIFT] V_Compute: 28.072 V
[LIFT] V_Motors: 27.279 V
[LIFT] V_Compute: 28.066 V
[LIFT] V_Motors: 27.271 V
[LIFT] V_Compute: 28.075 V
[LIFT] V_Motors: 27.271 V
[LIFT] V_Compute: 28.070 V
[LIFT] V_Motors: 27.272 V
[LIFT] V_Compute: 28.061 V
[LIFT] V_Motors: 27.272 V
[LIFT] V_Compute: 28.074 V
[LIFT] V_Motors: 27.270 V
[LIFT] V_Compute: 28.075 V
[LIFT] V_Motors: 27.275 V
[LIFT] V_Compute: 28.048 V
[LIFT] V_Motors: 27.257 V
[LIFT] V_Compute: 28.070 V
[LIFT] V_Motors: 27.272 V
[LIFT] V_Compute: 28.067 V
[LIFT] V_Motors: 27.270 V
[LIFT] V_Compute: 28.065 V
[LIFT] V_Motors: 27.272 V
[LIFT] V_Compute: 28.071 V
[LIFT] V_Motors: 27.270 V
[LIFT] V_Compute: 28.071 V
[LIFT] V_Motors: 27.272 V
[LIFT] V_Compute: 28.070 V
[LIFT] V_Motors: 27.272 V
[LIFT] V_Compute: 28.067 V
[LIFT] V_Motors: 27.275 V
[LIFT] V_Compute: 28.071 V
[LIFT] V_Motors: 27.274 V
[LIFT] V_Compute: 28.069 V
[LIFT] V_Motors: 27.272 V
[LIFT] V_Compute: 28.066 V
[LIFT] V_Motors: 27.271 V
[LIFT] V_Compute: 28.064 V
[LIFT] V_Motors: 27.259 V
[LIFT] V_Compute: 28.066 V
[LIFT] V_Motors: 27.275 V
[LIFT] V_Compute: 28.069 V
[LIFT] V_Motors: 27.272 V
[LIFT] V_Compute: 28.072 V
[LIFT] V_Motors: 27.271 V
[LIFT] V_Compute: 28.067 V
[LIFT] V_Motors: 27.269 V
[LIFT] V_Compute: 28.069 V
[LIFT] V_Motors: 27.272 V
[LIFT] V_Compute: 28.064 V
[LIFT] V_Motors: 27.272 V
[LIFT] V_Compute: 28.067 V
[LIFT] V_Motors: 27.269 V
[LIFT] V_Compute: 28.064 V
[LIFT] V_Motors: 27.271 V
[LIFT] V_Compute: 28.070 V
[LIFT] V_Motors: 27.275 V
[LIFT] V_Compute: 28.067 V
[LIFT] V_Motors: 27.271 V
[LIFT] V_Compute: 28.070 V
[LIFT] V_Motors: 27.269 V
[LIFT] V_Compute: 28.065 V
[LIFT] V_Motors: 27.274 V
[LIFT] V_Compute: 28.071 V
[LIFT] V_Motors: 27.274 V
[LIFT] V_Compute: 28.067 V
[LIFT] V_Motors: 27.271 V
[LIFT] V_Compute: 28.067 V
[LIFT] V_Motors: 27.274 V
[LIFT] V_Compute: 28.066 V
[LIFT] V_Motors: 27.276 V
[LIFT] V_Compute: 28.062 V
[LIFT] V_Motors: 27.267 V
[LIFT] V_Compute: 28.070 V
[LIFT] V_Motors: 27.274 V
[LIFT] V_Compute: 28.064 V
[LIFT] V_Motors: 27.274 V
[LIFT] V_Compute: 28.070 V
[LIFT] V_Motors: 27.274 V
[LIFT] V_Compute: 28.074 V
[LIFT] V_Motors: 27.270 V
[LIFT] V_Compute: 28.066 V
[LIFT] V_Motors: 27.270 V
[LIFT] V_Compute: 28.067 V
[LIFT] V_Motors: 27.265 V
[LIFT] V_Compute: 28.061 V
[LIFT] V_Motors: 27.279 V
[LIFT] V_Compute: 28.065 V
[LIFT] V_Motors: 27.275 V
[LIFT] V_Compute: 28.064 V
[LIFT] V_Motors: 27.266 V
[LIFT] V_Compute: 28.058 V
[LIFT] V_Motors: 27.264 V
[LIFT] V_Compute: 28.054 V
[LIFT] V_Motors: 27.263 V
[LIFT] V_Compute: 28.064 V
[LIFT] V_Motors: 27.270 V
[LIFT] V_Compute: 28.064 V
[LIFT] V_Motors: 27.276 V
[LIFT] V_Compute: 28.064 V
[LIFT] V_Motors: 27.261 V
[LIFT] V_Compute: 28.058 V
[LIFT] V_Motors: 27.259 V
[LIFT] V_Compute: 28.067 V
[LIFT] V_Motors: 27.269 V
[LIFT] V_Compute: 28.064 V
[LIFT] V_Motors: 27.264 V
[LIFT] V_Compute: 28.052 V
[LIFT] V_Motors: 27.260 V
[LIFT] V_Compute: 28.052 V
[LIFT] V_Motors: 27.260 V
[LIFT] V_Compute: 28.058 V
[LIFT] V_Motors: 27.255 V
[LIFT] V_Compute: 28.055 V
[LIFT] V_Motors: 27.256 V
[LIFT] V_Compute: 28.061 V
[LIFT] V_Motors: 27.259 V
[LIFT] V_Compute: 28.058 V
[LIFT] V_Motors: 27.259 V
[LIFT] V_Compute: 28.060 V
[LIFT] V_Motors: 27.264 V
[LIFT] V_Compute: 28.055 V
[LIFT] V_Motors: 27.260 V
[LIFT] V_Compute: 28.049 V
[LIFT] V_Motors: 27.259 V
[LIFT] V_Compute: 28.058 V
[LIFT] V_Motors: 27.259 V
[LIFT] V_Compute: 28.055 V
[LIFT] V_Motors: 27.259 V
[LIFT] V_Compute: 28.056 V
[LIFT] V_Motors: 27.263 V
[LIFT] V_Compute: 28.058 V
[LIFT] V_Motors: 27.257 V
[LIFT] V_Compute: 28.056 V
[LIFT] V_Motors: 27.261 V
[LIFT] V_Compute: 28.056 V
[LIFT] V_Motors: 27.257 V
[LIFT] V_Compute: 28.061 V
[LIFT] V_Motors: 27.264 V
[LIFT] V_Compute: 28.034 V
[LIFT] V_Motors: 27.239 V
[LIFT] V_Compute: 28.056 V
[LIFT] V_Motors: 27.259 V
[LIFT] V_Compute: 28.059 V
[LIFT] V_Motors: 27.253 V
[LIFT] V_Compute: 28.060 V
[LIFT] V_Motors: 27.260 V
[LIFT] V_Compute: 28.055 V
[LIFT] V_Motors: 27.261 V
[LIFT] V_Compute: 28.059 V
[LIFT] V_Motors: 27.265 V
[LIFT] V_Compute: 28.061 V
[LIFT] V_Motors: 27.260 V
[LIFT] V_Compute: 28.056 V
[LIFT] V_Motors: 27.260 V
[LIFT] V_Compute: 28.052 V
[LIFT] V_Motors: 27.254 V
[LIFT] V_Compute: 28.052 V
[LIFT] V_Motors: 27.260 V
[LIFT] V_Compute: 28.052 V
[LIFT] V_Motors: 27.257 V
[LIFT] V_Compute: 28.050 V
[LIFT] V_Motors: 27.260 V
[LIFT] V_Compute: 28.054 V
[LIFT] V_Motors: 27.261 V
[LIFT] V_Compute: 28.061 V
[LIFT] V_Motors: 27.257 V
[LIFT] V_Compute: 28.052 V
[LIFT] V_Motors: 27.260 V
[LIFT] V_Compute: 28.060 V
[LIFT] V_Motors: 27.265 V
[LIFT] V_Compute: 28.052 V
[LIFT] V_Motors: 27.260 V
[LIFT] V_Compute: 28.051 V
[LIFT] V_Motors: 27.257 V
[LIFT] V_Compute: 28.058 V
[LIFT] V_Motors: 27.253 V
[LIFT] V_Compute: 28.049 V
[LIFT] V_Motors: 27.254 V
[LIFT] V_Compute: 28.051 V
[LIFT] V_Motors: 27.260 V
[LIFT] V_Compute: 28.055 V
[LIFT] V_Motors: 27.257 V
[LIFT] V_Compute: 28.056 V
[LIFT] V_Motors: 27.257 V
[LIFT] V_Compute: 28.054 V
[LIFT] V_Motors: 27.263 V
[LIFT] V_Compute: 28.054 V
[LIFT] V_Motors: 27.261 V
[LIFT] V_Compute: 28.055 V
[LIFT] V_Motors: 27.259 V
[LIFT] V_Compute: 28.049 V
[LIFT] V_Motors: 27.260 V
[LIFT] V_Compute: 28.061 V
[LIFT] V_Motors: 27.257 V
[LIFT] V_Compute: 28.055 V
[LIFT] V_Motors: 27.263 V
[LIFT] V_Compute: 28.059 V
[LIFT] V_Motors: 27.263 V
[LIFT] V_Compute: 28.054 V
[LIFT] V_Motors: 27.263 V
[LIFT] V_Compute: 28.052 V
[LIFT] V_Motors: 27.254 V
[LIFT] V_Compute: 28.055 V
[LIFT] V_Motors: 27.259 V
[LIFT] V_Compute: 28.056 V
[LIFT] V_Motors: 27.257 V
[LIFT] V_Compute: 28.055 V
[LIFT] V_Motors: 27.256 V
[LIFT] V_Compute: 28.049 V
[LIFT] V_Motors: 27.256 V
[LIFT] V_Compute: 28.056 V
[LIFT] V_Motors: 27.264 V
[LIFT] V_Compute: 28.050 V
[LIFT] V_Motors: 27.259 V
[LIFT] V_Compute: 28.054 V
[LIFT] V_Motors: 27.259 V
[LIFT] V_Compute: 28.059 V
[LIFT] V_Motors: 27.256 V
[LIFT] V_Compute: 28.056 V
[LIFT] V_Motors: 27.255 V
[LIFT] V_Compute: 28.055 V
[LIFT] V_Motors: 27.256 V
[LIFT] V_Compute: 28.054 V
[LIFT] V_Motors: 27.257 V
[LIFT] V_Compute: 28.051 V
[LIFT] V_Motors: 27.257 V
[LIFT] V_Compute: 28.055 V
[LIFT] V_Motors: 27.263 V
[LIFT] V_Compute: 28.051 V
[LIFT] V_Motors: 27.246 V
[LIFT] V_Compute: 28.056 V
[LIFT] V_Motors: 27.256 V
[LIFT] V_Compute: 28.045 V
[LIFT] V_Motors: 27.251 V
[YOR] follow_path: cleared
[LIFT] V_Compute: 28.056 V
[LIFT] V_Motors: 27.259 V
[LIFT] V_Compute: 28.048 V
[LIFT] V_Motors: 27.256 V
[LIFT] V_Compute: 28.052 V
[LIFT] V_Motors: 27.264 V
[LIFT] V_Compute: 28.049 V
[LIFT] V_Motors: 27.259 V
[LIFT] V_Compute: 28.055 V
[LIFT] V_Motors: 27.266 V
[LIFT] V_Compute: 28.045 V
[LIFT] V_Motors: 27.269 V
[LIFT] V_Compute: 28.048 V
[LIFT] V_Motors: 27.269 V
[LIFT] V_Compute: 28.051 V
[LIFT] V_Motors: 27.259 V
[LIFT] V_Compute: 28.058 V
[LIFT] V_Motors: 27.269 V
[LIFT] V_Compute: 28.056 V
[LIFT] V_Motors: 27.263 V
[LIFT] V_Compute: 28.061 V
[LIFT] V_Motors: 27.275 V
[LIFT] V_Compute: 28.060 V
[LIFT] V_Motors: 27.275 V
[LIFT] V_Compute: 28.064 V
[LIFT] V_Motors: 27.269 V
[LIFT] V_Compute: 28.060 V
[LIFT] V_Motors: 27.267 V
[LIFT] V_Compute: 28.059 V
[LIFT] V_Motors: 27.267 V
[LIFT] V_Compute: 28.058 V
[LIFT] V_Motors: 27.266 V
[LIFT] V_Compute: 28.062 V
[LIFT] V_Motors: 27.271 V
[LIFT] V_Compute: 28.056 V
[LIFT] V_Motors: 27.272 V
[LIFT] V_Compute: 28.071 V
[LIFT] V_Motors: 27.265 V
[LIFT] V_Compute: 28.062 V
[LIFT] V_Motors: 27.265 V
[LIFT] V_Compute: 28.056 V
[LIFT] V_Motors: 27.266 V
[LIFT] V_Compute: 28.066 V
[LIFT] V_Motors: 27.264 V
[LIFT] V_Compute: 28.056 V
[LIFT] V_Motors: 27.271 V
[LIFT] V_Compute: 28.060 V
[LIFT] V_Motors: 27.269 V
[LIFT] V_Compute: 28.059 V
[LIFT] V_Motors: 27.269 V
[LIFT] V_Compute: 28.059 V
[LIFT] V_Motors: 27.269 V
[LIFT] V_Compute: 28.061 V
[LIFT] V_Motors: 27.265 V
[LIFT] V_Compute: 28.061 V
[LIFT] V_Motors: 27.264 V
[LIFT] V_Compute: 28.058 V
[LIFT] V_Motors: 27.267 V
[LIFT] V_Compute: 28.054 V
[LIFT] V_Motors: 27.264 V
[LIFT] V_Compute: 28.062 V
[LIFT] V_Motors: 27.270 V
[LIFT] V_Compute: 28.058 V
[LIFT] V_Motors: 27.266 V
[LIFT] V_Compute: 28.056 V
[LIFT] V_Motors: 27.256 V
[LIFT] V_Compute: 28.056 V
[LIFT] V_Motors: 27.260 V
[LIFT] V_Compute: 28.051 V
[LIFT] V_Motors: 27.260 V
[LIFT] V_Compute: 28.052 V
[LIFT] V_Motors: 27.260 V
[LIFT] V_Compute: 28.050 V
[LIFT] V_Motors: 27.261 V
[LIFT] V_Compute: 28.046 V
[LIFT] V_Motors: 27.260 V
[LIFT] V_Compute: 28.048 V
[LIFT] V_Motors: 27.260 V
[LIFT] V_Compute: 28.050 V
[LIFT] V_Motors: 27.250 V
[LIFT] V_Compute: 28.058 V
[LIFT] V_Motors: 27.261 V
[LIFT] V_Compute: 28.048 V
[LIFT] V_Motors: 27.256 V
[LIFT] V_Compute: 28.034 V
[LIFT] V_Motors: 27.243 V
[LIFT] V_Compute: 28.058 V
[LIFT] V_Motors: 27.263 V
[LIFT] V_Compute: 28.055 V
[LIFT] V_Motors: 27.260 V
[LIFT] V_Compute: 28.056 V
[LIFT] V_Motors: 27.254 V
[LIFT] V_Compute: 28.054 V
[LIFT] V_Motors: 27.253 V
[LIFT] V_Compute: 28.058 V
[LIFT] V_Motors: 27.261 V
[LIFT] V_Compute: 28.035 V
[LIFT] V_Motors: 27.244 V
[LIFT] V_Compute: 28.026 V
[LIFT] V_Motors: 27.240 V
[LIFT] V_Compute: 28.051 V
[LIFT] V_Motors: 27.257 V
[LIFT] V_Compute: 28.050 V
[LIFT] V_Motors: 27.254 V
[LIFT] V_Compute: 28.052 V
[LIFT] V_Motors: 27.259 V
[LIFT] V_Compute: 28.055 V
[LIFT] V_Motors: 27.259 V
[LIFT] V_Compute: 28.054 V
[LIFT] V_Motors: 27.256 V
[LIFT] V_Compute: 28.052 V
[LIFT] V_Motors: 27.253 V
[LIFT] V_Compute: 28.046 V
[LIFT] V_Motors: 27.257 V
[LIFT] V_Compute: 28.049 V
[LIFT] V_Motors: 27.257 V
[YOR] follow_path: cleared
[LIFT] V_Compute: 28.050 V
[LIFT] V_Motors: 27.256 V
[LIFT] V_Compute: 28.058 V
[LIFT] V_Motors: 27.264 V
[LIFT] V_Compute: 28.049 V
[LIFT] V_Motors: 27.264 V
[LIFT] V_Compute: 28.052 V
[LIFT] V_Motors: 27.265 V
[LIFT] V_Compute: 28.055 V
[LIFT] V_Motors: 27.269 V
[LIFT] V_Compute: 28.056 V
[LIFT] V_Motors: 27.265 V
[LIFT] V_Compute: 28.051 V
[LIFT] V_Motors: 27.261 V
[LIFT] V_Compute: 28.044 V
[LIFT] V_Motors: 27.256 V
[LIFT] V_Compute: 28.056 V
[LIFT] V_Motors: 27.269 V
[LIFT] V_Compute: 28.056 V
[LIFT] V_Motors: 27.270 V
[LIFT] V_Compute: 28.054 V
[LIFT] V_Motors: 27.265 V
[LIFT] V_Compute: 28.051 V
[LIFT] V_Motors: 27.263 V
[LIFT] V_Compute: 28.060 V
[LIFT] V_Motors: 27.266 V
[LIFT] V_Compute: 28.060 V
[LIFT] V_Motors: 27.271 V
[LIFT] V_Compute: 28.059 V
[LIFT] V_Motors: 27.269 V
[LIFT] V_Compute: 28.062 V
[LIFT] V_Motors: 27.271 V
[LIFT] V_Compute: 28.061 V
[LIFT] V_Motors: 27.259 V
[LIFT] V_Compute: 28.064 V
[LIFT] V_Motors: 27.266 V
[LIFT] V_Compute: 28.059 V
[LIFT] V_Motors: 27.266 V
[LIFT] V_Compute: 28.062 V
[LIFT] V_Motors: 27.264 V
[LIFT] V_Compute: 28.059 V
[LIFT] V_Motors: 27.269 V
[LIFT] V_Compute: 28.061 V
[LIFT] V_Motors: 27.264 V
[LIFT] V_Compute: 28.065 V
[LIFT] V_Motors: 27.270 V
[LIFT] V_Compute: 28.056 V
[LIFT] V_Motors: 27.269 V
[LIFT] V_Compute: 28.042 V
[LIFT] V_Motors: 27.251 V
[LIFT] V_Compute: 28.064 V
[LIFT] V_Motors: 27.271 V
[LIFT] V_Compute: 28.059 V
[LIFT] V_Motors: 27.271 V
[LIFT] V_Compute: 28.066 V
[LIFT] V_Motors: 27.264 V
[LIFT] V_Compute: 28.069 V
[LIFT] V_Motors: 27.271 V
[LIFT] V_Compute: 28.067 V
[LIFT] V_Motors: 27.270 V
[LIFT] V_Compute: 28.064 V
[LIFT] V_Motors: 27.261 V
[LIFT] V_Compute: 28.065 V
[LIFT] V_Motors: 27.272 V
[LIFT] V_Compute: 28.059 V
[LIFT] V_Motors: 27.267 V
[LIFT] V_Compute: 28.054 V
[LIFT] V_Motors: 27.265 V
[LIFT] V_Compute: 28.065 V
[LIFT] V_Motors: 27.267 V
[LIFT] V_Compute: 28.060 V
[LIFT] V_Motors: 27.267 V
[LIFT] V_Compute: 28.054 V
[LIFT] V_Motors: 27.257 V
[LIFT] V_Compute: 28.059 V
[LIFT] V_Motors: 27.257 V
[LIFT] V_Compute: 28.058 V
[LIFT] V_Motors: 27.263 V
[LIFT] V_Compute: 28.054 V
[LIFT] V_Motors: 27.263 V
[LIFT] V_Compute: 28.050 V
[LIFT] V_Motors: 27.254 V
[LIFT] V_Compute: 28.054 V
[LIFT] V_Motors: 27.255 V
[LIFT] V_Compute: 28.054 V
[LIFT] V_Motors: 27.260 V
[LIFT] V_Compute: 28.051 V
[LIFT] V_Motors: 27.256 V
[LIFT] V_Compute: 28.048 V
[LIFT] V_Motors: 27.256 V
[LIFT] V_Compute: 28.048 V
[LIFT] V_Motors: 27.257 V
[LIFT] V_Compute: 28.046 V
[LIFT] V_Motors: 27.259 V
[LIFT] V_Compute: 28.054 V
[LIFT] V_Motors: 27.251 V
[LIFT] V_Compute: 28.044 V
[LIFT] V_Motors: 27.255 V
[LIFT] V_Compute: 28.046 V
[LIFT] V_Motors: 27.253 V
[LIFT] V_Compute: 28.052 V
[LIFT] V_Motors: 27.259 V
[LIFT] V_Compute: 28.056 V
[LIFT] V_Motors: 27.260 V
[LIFT] V_Compute: 28.050 V
[LIFT] V_Motors: 27.250 V
[LIFT] V_Compute: 28.060 V
[LIFT] V_Motors: 27.264 V
[LIFT] V_Compute: 28.040 V
[LIFT] V_Motors: 27.243 V
[LIFT] V_Compute: 28.051 V
[LIFT] V_Motors: 27.255 V
[LIFT] V_Compute: 28.056 V
[LIFT] V_Motors: 27.256 V
[LIFT] V_Compute: 28.048 V
[LIFT] V_Motors: 27.261 V
[LIFT] V_Compute: 28.049 V
[LIFT] V_Motors: 27.253 V
[LIFT] V_Compute: 28.054 V
[LIFT] V_Motors: 27.256 V
[LIFT] V_Compute: 28.038 V
[LIFT] V_Motors: 27.249 V
[LIFT] V_Compute: 28.046 V
[LIFT] V_Motors: 27.255 V
[LIFT] V_Compute: 28.052 V
[LIFT] V_Motors: 27.254 V
[LIFT] V_Compute: 28.051 V
[LIFT] V_Motors: 27.257 V
[LIFT] V_Compute: 28.048 V
[LIFT] V_Motors: 27.255 V
[LIFT] V_Compute: 28.058 V
[LIFT] V_Motors: 27.261 V
[LIFT] V_Compute: 28.052 V
[LIFT] V_Motors: 27.260 V
[LIFT] V_Compute: 28.055 V
[LIFT] V_Motors: 27.261 V
[LIFT] V_Compute: 28.042 V
[LIFT] V_Motors: 27.249 V
[LIFT] V_Compute: 28.036 V
[LIFT] V_Motors: 27.244 V
[LIFT] V_Compute: 28.048 V
[LIFT] V_Motors: 27.254 V
[LIFT] V_Compute: 28.042 V
[LIFT] V_Motors: 27.253 V
[YOR] follow_path: n=22 first=(-0.013400012254714988, 0.020599889755248846) last=(4.286599987745285, -0.9294001102447513)
[LIFT] V_Compute: 28.044 V
[LIFT] V_Motors: 27.205 V
[LIFT] V_Compute: 28.045 V
[LIFT] V_Motors: 27.224 V
[LIFT] V_Compute: 28.048 V
[LIFT] V_Motors: 27.216 V
[LIFT] V_Compute: 28.045 V
[LIFT] V_Motors: 27.214 V
[LIFT] V_Compute: 28.054 V
[LIFT] V_Motors: 27.219 V
[LIFT] V_Compute: 28.051 V
[LIFT] V_Motors: 27.221 V
[LIFT] V_Compute: 28.045 V
[LIFT] V_Motors: 27.216 V
[LIFT] V_Compute: 28.052 V
[LIFT] V_Motors: 27.211 V
[LIFT] V_Compute: 28.052 V
[LIFT] V_Motors: 27.210 V
[LIFT] V_Compute: 28.046 V
[LIFT] V_Motors: 27.210 V
[LIFT] V_Compute: 28.048 V
[LIFT] V_Motors: 27.222 V
[LIFT] V_Compute: 28.046 V
[LIFT] V_Motors: 27.202 V
[LIFT] V_Compute: 28.054 V
[LIFT] V_Motors: 27.221 V
[LIFT] V_Compute: 28.049 V
[LIFT] V_Motors: 27.212 V
[LIFT] V_Compute: 28.046 V
[LIFT] V_Motors: 27.215 V
[LIFT] V_Compute: 28.056 V
[LIFT] V_Motors: 27.218 V
[LIFT] V_Compute: 28.049 V
[LIFT] V_Motors: 27.214 V
[LIFT] V_Compute: 28.049 V
[LIFT] V_Motors: 27.216 V
[LIFT] V_Compute: 28.039 V
[LIFT] V_Motors: 27.221 V
[LIFT] V_Compute: 28.055 V
[LIFT] V_Motors: 27.211 V
[LIFT] V_Compute: 28.049 V
[LIFT] V_Motors: 27.226 V
[LIFT] V_Compute: 28.045 V
[LIFT] V_Motors: 27.210 V
[LIFT] V_Compute: 28.048 V
[LIFT] V_Motors: 27.224 V
[LIFT] V_Compute: 28.054 V
[LIFT] V_Motors: 27.219 V
[LIFT] V_Compute: 28.051 V
[LIFT] V_Motors: 27.256 V
[LIFT] V_Compute: 28.032 V
[LIFT] V_Motors: 27.126 V
[LIFT] V_Compute: 28.048 V
[LIFT] V_Motors: 27.245 V
[LIFT] V_Compute: 28.052 V
[LIFT] V_Motors: 27.251 V
[LIFT] V_Compute: 28.049 V
[LIFT] V_Motors: 27.249 V
[LIFT] V_Compute: 28.056 V
[LIFT] V_Motors: 27.250 V
[LIFT] V_Compute: 28.042 V
[LIFT] V_Motors: 27.246 V
[LIFT] V_Compute: 28.046 V
[LIFT] V_Motors: 27.247 V
[LIFT] V_Compute: 28.051 V
[LIFT] V_Motors: 27.245 V
[LIFT] V_Compute: 28.050 V
[LIFT] V_Motors: 27.250 V
[LIFT] V_Compute: 28.052 V
[LIFT] V_Motors: 27.251 V
[LIFT] V_Compute: 28.050 V
[LIFT] V_Motors: 27.241 V
[LIFT] V_Compute: 28.051 V
[LIFT] V_Motors: 27.251 V
[LIFT] V_Compute: 28.052 V
[LIFT] V_Motors: 27.243 V
[LIFT] V_Compute: 28.040 V
[LIFT] V_Motors: 27.241 V
[LIFT] V_Compute: 28.025 V
[LIFT] V_Motors: 27.231 V
[LIFT] V_Compute: 28.031 V
[LIFT] V_Motors: 27.239 V
[LIFT] V_Compute: 28.039 V
[LIFT] V_Motors: 27.247 V
[YOR] follow_path: cleared
[LIFT] V_Compute: 28.031 V
[LIFT] V_Motors: 27.243 V
[LIFT] V_Compute: 28.046 V
[LIFT] V_Motors: 27.247 V
[LIFT] V_Compute: 28.058 V
[LIFT] V_Motors: 27.247 V
[LIFT] V_Compute: 28.042 V
[LIFT] V_Motors: 27.253 V
[YOR] follow_path: n=22 first=(4.286599987745285, -0.9411000251770023) last=(-0.013400012254714988, 0.00889997482299787)
[LIFT] V_Compute: 28.041 V
[LIFT] V_Motors: 27.150 V
[LIFT] V_Compute: 28.046 V
[LIFT] V_Motors: 27.224 V
[LIFT] V_Compute: 28.044 V
[LIFT] V_Motors: 27.231 V
[LIFT] V_Compute: 28.034 V
[LIFT] V_Motors: 27.226 V
[LIFT] V_Compute: 28.046 V
[LIFT] V_Motors: 27.230 V
[LIFT] V_Compute: 28.035 V
[LIFT] V_Motors: 27.225 V
[LIFT] V_Compute: 28.048 V
[LIFT] V_Motors: 27.241 V
[LIFT] V_Compute: 28.032 V
[LIFT] V_Motors: 27.218 V
[LIFT] V_Compute: 28.044 V
[LIFT] V_Motors: 27.221 V
[LIFT] V_Compute: 28.046 V
[LIFT] V_Motors: 27.199 V
[LIFT] V_Compute: 28.042 V
[LIFT] V_Motors: 27.190 V
[LIFT] V_Compute: 28.050 V
[LIFT] V_Motors: 27.205 V
[LIFT] V_Compute: 28.046 V
[LIFT] V_Motors: 27.219 V
[LIFT] V_Compute: 28.034 V
[LIFT] V_Motors: 27.205 V
[LIFT] V_Compute: 28.048 V
[LIFT] V_Motors: 27.216 V
[LIFT] V_Compute: 28.046 V
[LIFT] V_Motors: 27.214 V
[LIFT] V_Compute: 28.039 V
[LIFT] V_Motors: 27.218 V
[LIFT] V_Compute: 28.034 V
[LIFT] V_Motors: 27.205 V
[LIFT] V_Compute: 28.044 V
[LIFT] V_Motors: 27.210 V
[LIFT] V_Compute: 28.040 V
[LIFT] V_Motors: 27.214 V
[LIFT] V_Compute: 28.050 V
[LIFT] V_Motors: 27.214 V
[LIFT] V_Compute: 28.050 V
[LIFT] V_Motors: 27.215 V
[LIFT] V_Compute: 28.045 V
[LIFT] V_Motors: 27.220 V
[LIFT] V_Compute: 28.052 V
[LIFT] V_Motors: 27.214 V
[LIFT] V_Compute: 28.042 V
[LIFT] V_Motors: 27.208 V
[LIFT] V_Compute: 28.045 V
[LIFT] V_Motors: 27.222 V
[LIFT] V_Compute: 28.046 V
[LIFT] V_Motors: 27.208 V
[LIFT] V_Compute: 28.042 V
[LIFT] V_Motors: 27.211 V
[LIFT] V_Compute: 28.042 V
[LIFT] V_Motors: 27.211 V
[LIFT] V_Compute: 28.039 V
[LIFT] V_Motors: 27.211 V
[LIFT] V_Compute: 28.054 V
[LIFT] V_Motors: 27.196 V
[LIFT] V_Compute: 28.045 V
[LIFT] V_Motors: 27.225 V
[LIFT] V_Compute: 28.036 V
[LIFT] V_Motors: 27.220 V
[LIFT] V_Compute: 28.042 V
[LIFT] V_Motors: 27.220 V
[LIFT] V_Compute: 28.041 V
[LIFT] V_Motors: 27.219 V
[LIFT] V_Compute: 28.051 V
[LIFT] V_Motors: 27.218 V
[LIFT] V_Compute: 28.044 V
[LIFT] V_Motors: 27.197 V
[LIFT] V_Compute: 28.044 V
[LIFT] V_Motors: 27.230 V
[LIFT] V_Compute: 28.049 V
[LIFT] V_Motors: 27.220 V
[LIFT] V_Compute: 28.038 V
[LIFT] V_Motors: 27.243 V
[LIFT] V_Compute: 28.045 V
[LIFT] V_Motors: 27.235 V
[LIFT] V_Compute: 28.031 V
[LIFT] V_Motors: 27.189 V
[LIFT] V_Compute: 28.045 V
[LIFT] V_Motors: 27.205 V
[LIFT] V_Compute: 28.041 V
[LIFT] V_Motors: 27.241 V
[LIFT] V_Compute: 28.045 V
[LIFT] V_Motors: 27.209 V
[YOR] follow_path: cleared
[LIFT] V_Compute: 28.046 V
[LIFT] V_Motors: 27.240 V
[LIFT] V_Compute: 28.046 V
[LIFT] V_Motors: 27.244 V
[LIFT] V_Compute: 28.040 V
[LIFT] V_Motors: 27.237 V
[LIFT] V_Compute: 28.049 V
[LIFT] V_Motors: 27.249 V
[LIFT] V_Compute: 28.046 V
[LIFT] V_Motors: 27.244 V
[LIFT] V_Compute: 28.050 V
[LIFT] V_Motors: 27.243 V
[LIFT] V_Compute: 28.038 V
[LIFT] V_Motors: 27.245 V
[LIFT] V_Compute: 28.040 V
[LIFT] V_Motors: 27.243 V
[YOR] follow_path: n=25 first=(0.03900003433227539, 0.020800113677977627) last=(4.839000034332275, -1.079199886322022)
[LIFT] V_Compute: 28.034 V
[LIFT] V_Motors: 27.195 V
[LIFT] V_Compute: 28.042 V
[LIFT] V_Motors: 27.225 V
[LIFT] V_Compute: 28.039 V
[LIFT] V_Motors: 27.210 V
[LIFT] V_Compute: 28.046 V
[LIFT] V_Motors: 27.216 V
[LIFT] V_Compute: 28.046 V
[LIFT] V_Motors: 27.222 V
[LIFT] V_Compute: 28.046 V
[LIFT] V_Motors: 27.209 V
[LIFT] V_Compute: 28.042 V
[LIFT] V_Motors: 27.209 V
[LIFT] V_Compute: 28.050 V
[LIFT] V_Motors: 27.214 V
[LIFT] V_Compute: 28.045 V
[LIFT] V_Motors: 27.206 V
[LIFT] V_Compute: 28.036 V
[LIFT] V_Motors: 27.206 V
[LIFT] V_Compute: 28.049 V
[LIFT] V_Motors: 27.214 V
[LIFT] V_Compute: 28.045 V
[LIFT] V_Motors: 27.209 V
[LIFT] V_Compute: 28.044 V
[LIFT] V_Motors: 27.218 V
[LIFT] V_Compute: 28.046 V
[LIFT] V_Motors: 27.210 V
[LIFT] V_Compute: 28.042 V
[LIFT] V_Motors: 27.206 V
[LIFT] V_Compute: 28.042 V
[LIFT] V_Motors: 27.212 V
[LIFT] V_Compute: 28.044 V
[LIFT] V_Motors: 27.202 V
[LIFT] V_Compute: 28.049 V
[LIFT] V_Motors: 27.201 V
[LIFT] V_Compute: 28.048 V
[LIFT] V_Motors: 27.219 V
[LIFT] V_Compute: 28.045 V
[LIFT] V_Motors: 27.204 V
[LIFT] V_Compute: 28.040 V
[LIFT] V_Motors: 27.209 V
[LIFT] V_Compute: 28.042 V
[LIFT] V_Motors: 27.212 V
[LIFT] V_Compute: 28.042 V
[LIFT] V_Motors: 27.206 V
[LIFT] V_Compute: 28.048 V
[LIFT] V_Motors: 27.209 V
[LIFT] V_Compute: 28.041 V
[LIFT] V_Motors: 27.196 V
[LIFT] V_Compute: 28.042 V
[LIFT] V_Motors: 27.197 V
[LIFT] V_Compute: 28.039 V
[LIFT] V_Motors: 27.211 V
[LIFT] V_Compute: 28.038 V
[LIFT] V_Motors: 27.230 V
[LIFT] V_Compute: 28.044 V
[LIFT] V_Motors: 27.236 V
[LIFT] V_Compute: 28.040 V
[LIFT] V_Motors: 27.239 V
[LIFT] V_Compute: 28.041 V
[LIFT] V_Motors: 27.222 V
[LIFT] V_Compute: 28.049 V
[LIFT] V_Motors: 27.234 V
[LIFT] V_Compute: 28.042 V
[LIFT] V_Motors: 27.234 V
[LIFT] V_Compute: 28.042 V
[LIFT] V_Motors: 27.241 V
[LIFT] V_Compute: 28.044 V
[LIFT] V_Motors: 27.239 V
[LIFT] V_Compute: 28.045 V
[LIFT] V_Motors: 27.236 V
[LIFT] V_Compute: 28.044 V
[LIFT] V_Motors: 27.232 V
[LIFT] V_Compute: 28.048 V
[LIFT] V_Motors: 27.239 V
[LIFT] V_Compute: 28.046 V
[LIFT] V_Motors: 27.244 V
[LIFT] V_Compute: 28.044 V
[LIFT] V_Motors: 27.236 V
[LIFT] V_Compute: 28.048 V
[LIFT] V_Motors: 27.239 V
[LIFT] V_Compute: 28.040 V
[LIFT] V_Motors: 27.244 V
[LIFT] V_Compute: 28.041 V
[LIFT] V_Motors: 27.241 V
[LIFT] V_Compute: 28.045 V
[LIFT] V_Motors: 27.237 V
[LIFT] V_Compute: 28.024 V
[LIFT] V_Motors: 27.228 V
[LIFT] V_Compute: 28.046 V
[LIFT] V_Motors: 27.243 V
[LIFT] V_Compute: 28.042 V
[LIFT] V_Motors: 27.239 V
[YOR] follow_path: cleared
[LIFT] V_Compute: 28.045 V
[LIFT] V_Motors: 27.241 V
[LIFT] V_Compute: 28.041 V
[LIFT] V_Motors: 27.240 V
[LIFT] V_Compute: 28.045 V
[LIFT] V_Motors: 27.234 V
[LIFT] V_Compute: 28.038 V
[LIFT] V_Motors: 27.243 V
[YOR] follow_path: n=25 first=(4.789000034332276, -1.079199886322022) last=(-0.010999965667724432, 0.020800113677977627)
[LIFT] V_Compute: 28.036 V
[LIFT] V_Motors: 27.195 V
[LIFT] V_Compute: 28.031 V
[LIFT] V_Motors: 27.212 V
[LIFT] V_Compute: 28.039 V
[LIFT] V_Motors: 27.215 V
[LIFT] V_Compute: 28.046 V
[LIFT] V_Motors: 27.222 V
[LIFT] V_Compute: 28.046 V
[LIFT] V_Motors: 27.219 V
[LIFT] V_Compute: 28.041 V
[LIFT] V_Motors: 27.214 V
[LIFT] V_Compute: 28.041 V
[LIFT] V_Motors: 27.229 V
[LIFT] V_Compute: 28.031 V
[LIFT] V_Motors: 27.234 V
[LIFT] V_Compute: 28.021 V
[LIFT] V_Motors: 27.230 V
[LIFT] V_Compute: 28.024 V
[LIFT] V_Motors: 27.147 V
[LIFT] V_Compute: 28.022 V
[LIFT] V_Motors: 27.176 V
[LIFT] V_Compute: 28.031 V
[LIFT] V_Motors: 27.208 V
[LIFT] V_Compute: 28.034 V
[LIFT] V_Motors: 27.210 V
[LIFT] V_Compute: 28.030 V
[LIFT] V_Motors: 27.201 V
[LIFT] V_Compute: 28.044 V
[LIFT] V_Motors: 27.216 V
[LIFT] V_Compute: 28.036 V
[LIFT] V_Motors: 27.200 V
[LIFT] V_Compute: 28.044 V
[LIFT] V_Motors: 27.202 V
[LIFT] V_Compute: 28.032 V
[LIFT] V_Motors: 27.200 V
[LIFT] V_Compute: 28.039 V
[LIFT] V_Motors: 27.197 V
[LIFT] V_Compute: 28.039 V
[LIFT] V_Motors: 27.194 V
[LIFT] V_Compute: 28.039 V
[LIFT] V_Motors: 27.212 V
[LIFT] V_Compute: 28.040 V
[LIFT] V_Motors: 27.208 V
[LIFT] V_Compute: 28.046 V
[LIFT] V_Motors: 27.208 V
[LIFT] V_Compute: 28.035 V
[LIFT] V_Motors: 27.208 V
[LIFT] V_Compute: 28.024 V
[LIFT] V_Motors: 27.197 V
[LIFT] V_Compute: 28.032 V
[LIFT] V_Motors: 27.204 V
[LIFT] V_Compute: 28.048 V
[LIFT] V_Motors: 27.199 V
[LIFT] V_Compute: 28.040 V
[LIFT] V_Motors: 27.187 V
[LIFT] V_Compute: 28.039 V
[LIFT] V_Motors: 27.208 V
[LIFT] V_Compute: 28.031 V
[LIFT] V_Motors: 27.208 V
[LIFT] V_Compute: 28.042 V
[LIFT] V_Motors: 27.214 V
[LIFT] V_Compute: 28.038 V
[LIFT] V_Motors: 27.206 V
[LIFT] V_Compute: 28.041 V
[LIFT] V_Motors: 27.206 V
[LIFT] V_Compute: 28.027 V
[LIFT] V_Motors: 27.202 V
[LIFT] V_Compute: 28.027 V
[LIFT] V_Motors: 27.176 V
[LIFT] V_Compute: 28.031 V
[LIFT] V_Motors: 27.208 V
[LIFT] V_Compute: 28.036 V
[LIFT] V_Motors: 27.219 V
[LIFT] V_Compute: 28.039 V
[LIFT] V_Motors: 27.205 V
[LIFT] V_Compute: 28.040 V
[LIFT] V_Motors: 27.208 V
[LIFT] V_Compute: 28.036 V
[LIFT] V_Motors: 27.218 V
[LIFT] V_Compute: 28.046 V
[LIFT] V_Motors: 27.221 V
[LIFT] V_Compute: 28.026 V
[LIFT] V_Motors: 27.200 V
[LIFT] V_Compute: 28.039 V
[LIFT] V_Motors: 27.225 V
[LIFT] V_Compute: 28.044 V
[LIFT] V_Motors: 27.231 V
[LIFT] V_Compute: 28.048 V
[LIFT] V_Motors: 27.181 V
[LIFT] V_Compute: 28.040 V
[LIFT] V_Motors: 27.191 V
[LIFT] V_Compute: 28.040 V
[LIFT] V_Motors: 27.225 V
[LIFT] V_Compute: 28.027 V
[LIFT] V_Motors: 27.222 V
[LIFT] V_Compute: 28.035 V
[LIFT] V_Motors: 27.229 V
[YOR] follow_path: cleared
[LIFT] V_Compute: 28.044 V
[LIFT] V_Motors: 27.232 V
[LIFT] V_Compute: 28.042 V
[LIFT] V_Motors: 27.231 V
[LIFT] V_Compute: 28.038 V
[LIFT] V_Motors: 27.225 V
[LIFT] V_Compute: 28.044 V
[LIFT] V_Motors: 27.232 V
[LIFT] V_Compute: 28.041 V
[LIFT] V_Motors: 27.225 V
[LIFT] V_Compute: 28.046 V
[LIFT] V_Motors: 27.235 V
[LIFT] V_Compute: 28.021 V
[LIFT] V_Motors: 27.225 V
[LIFT] V_Compute: 28.035 V
[LIFT] V_Motors: 27.234 V
[LIFT] V_Compute: 28.040 V
[LIFT] V_Motors: 27.236 V
[LIFT] V_Compute: 28.042 V
[LIFT] V_Motors: 27.234 V
[LIFT] V_Compute: 28.031 V
[LIFT] V_Motors: 27.235 V
[LIFT] V_Compute: 28.039 V
[LIFT] V_Motors: 27.234 V
[YOR] follow_path: n=16 first=(0.012600135803222834, 0.006399822235106711) last=(1.462600135803223, 2.7063998222351073)
[LIFT] V_Compute: 28.040 V
[LIFT] V_Motors: 27.226 V
[LIFT] V_Compute: 28.041 V
[LIFT] V_Motors: 27.236 V
[LIFT] V_Compute: 28.046 V
[LIFT] V_Motors: 27.173 V
[LIFT] V_Compute: 28.040 V
[LIFT] V_Motors: 27.192 V
[LIFT] V_Compute: 28.040 V
[LIFT] V_Motors: 27.196 V
[LIFT] V_Compute: 28.035 V
[LIFT] V_Motors: 27.190 V
[LIFT] V_Compute: 28.031 V
[LIFT] V_Motors: 27.211 V
[LIFT] V_Compute: 28.031 V
[LIFT] V_Motors: 27.175 V
[LIFT] V_Compute: 28.045 V
[LIFT] V_Motors: 27.201 V
[LIFT] V_Compute: 28.041 V
[LIFT] V_Motors: 27.209 V
[LIFT] V_Compute: 28.032 V
[LIFT] V_Motors: 27.185 V
[LIFT] V_Compute: 28.042 V
[LIFT] V_Motors: 27.210 V
[LIFT] V_Compute: 28.041 V
[LIFT] V_Motors: 27.194 V
[LIFT] V_Compute: 28.049 V
[LIFT] V_Motors: 27.209 V
[LIFT] V_Compute: 28.039 V
[LIFT] V_Motors: 27.208 V
[LIFT] V_Compute: 28.041 V
[LIFT] V_Motors: 27.191 V
[LIFT] V_Compute: 28.044 V
[LIFT] V_Motors: 27.199 V
[LIFT] V_Compute: 28.042 V
[LIFT] V_Motors: 27.190 V
[LIFT] V_Compute: 28.032 V
[LIFT] V_Motors: 27.181 V
[LIFT] V_Compute: 28.042 V
[LIFT] V_Motors: 27.199 V
[LIFT] V_Compute: 28.048 V
[LIFT] V_Motors: 27.214 V
[YOR] follow_path: cleared
[LIFT] V_Compute: 28.039 V
[LIFT] V_Motors: 27.234 V
[LIFT] V_Compute: 28.044 V
[LIFT] V_Motors: 27.226 V
[LIFT] V_Compute: 28.041 V
[LIFT] V_Motors: 27.231 V
[LIFT] V_Compute: 28.044 V
[LIFT] V_Motors: 27.231 V
[LIFT] V_Compute: 28.044 V
[LIFT] V_Motors: 27.232 V
[LIFT] V_Compute: 28.045 V
[LIFT] V_Motors: 27.230 V
[LIFT] V_Compute: 28.039 V
[LIFT] V_Motors: 27.235 V
[LIFT] V_Compute: 28.045 V
[LIFT] V_Motors: 27.229 V
[LIFT] V_Compute: 28.036 V
[LIFT] V_Motors: 27.235 V
[LIFT] V_Compute: 28.042 V
[LIFT] V_Motors: 27.231 V
[LIFT] V_Compute: 28.038 V
[LIFT] V_Motors: 27.240 V
[YOR] follow_path: n=16 first=(1.462600135803223, 2.6926996231079103) last=(0.012600135803222834, -0.007300376892089844)
[LIFT] V_Compute: 28.044 V
[LIFT] V_Motors: 27.189 V
[LIFT] V_Compute: 28.040 V
[LIFT] V_Motors: 27.212 V
[LIFT] V_Compute: 28.049 V
[LIFT] V_Motors: 27.212 V
[LIFT] V_Compute: 28.034 V
[LIFT] V_Motors: 27.211 V
[LIFT] V_Compute: 28.040 V
[LIFT] V_Motors: 27.210 V
[LIFT] V_Compute: 28.034 V
[LIFT] V_Motors: 27.201 V
[LIFT] V_Compute: 28.039 V
[LIFT] V_Motors: 27.224 V
[LIFT] V_Compute: 28.019 V
[LIFT] V_Motors: 27.199 V
[LIFT] V_Compute: 28.048 V
[LIFT] V_Motors: 27.173 V
[LIFT] V_Compute: 28.040 V
[LIFT] V_Motors: 27.190 V
[LIFT] V_Compute: 28.042 V
[LIFT] V_Motors: 27.197 V
[LIFT] V_Compute: 28.039 V
[LIFT] V_Motors: 27.202 V
[LIFT] V_Compute: 28.040 V
[LIFT] V_Motors: 27.202 V
[LIFT] V_Compute: 28.029 V
[LIFT] V_Motors: 27.199 V
[LIFT] V_Compute: 28.034 V
[LIFT] V_Motors: 27.204 V
[LIFT] V_Compute: 28.040 V
[LIFT] V_Motors: 27.181 V
[LIFT] V_Compute: 28.032 V
[LIFT] V_Motors: 27.202 V
[LIFT] V_Compute: 28.032 V
[LIFT] V_Motors: 27.190 V
[LIFT] V_Compute: 28.045 V
[LIFT] V_Motors: 27.185 V
[LIFT] V_Compute: 28.035 V
[LIFT] V_Motors: 27.199 V
[LIFT] V_Compute: 28.030 V
[LIFT] V_Motors: 27.194 V
[LIFT] V_Compute: 28.044 V
[LIFT] V_Motors: 27.200 V
[LIFT] V_Compute: 28.026 V
[LIFT] V_Motors: 27.192 V
[LIFT] V_Compute: 28.040 V
[LIFT] V_Motors: 27.201 V
[LIFT] V_Compute: 28.029 V
[LIFT] V_Motors: 27.206 V
[LIFT] V_Compute: 28.038 V
[LIFT] V_Motors: 27.206 V
[LIFT] V_Compute: 28.038 V
[LIFT] V_Motors: 27.215 V
[LIFT] V_Compute: 28.045 V
[LIFT] V_Motors: 27.184 V
[LIFT] V_Compute: 28.042 V
[LIFT] V_Motors: 27.228 V
[LIFT] V_Compute: 28.031 V
[LIFT] V_Motors: 27.226 V
[LIFT] V_Compute: 28.032 V
[LIFT] V_Motors: 27.220 V
[LIFT] V_Compute: 28.032 V
[LIFT] V_Motors: 27.141 V
[LIFT] V_Compute: 28.039 V
[LIFT] V_Motors: 27.179 V
[LIFT] V_Compute: 28.032 V
[LIFT] V_Motors: 27.209 V
[LIFT] V_Compute: 28.035 V
[LIFT] V_Motors: 27.191 V
[YOR] follow_path: cleared
[LIFT] V_Compute: 28.021 V
[LIFT] V_Motors: 27.218 V
[LIFT] V_Compute: 28.026 V
[LIFT] V_Motors: 27.218 V
[LIFT] V_Compute: 28.024 V
[LIFT] V_Motors: 27.224 V
[LIFT] V_Compute: 28.042 V
[LIFT] V_Motors: 27.230 V
[LIFT] V_Compute: 28.039 V
[LIFT] V_Motors: 27.230 V
[LIFT] V_Compute: 28.044 V
[LIFT] V_Motors: 27.225 V
[LIFT] V_Compute: 28.046 V
[LIFT] V_Motors: 27.231 V
[LIFT] V_Compute: 28.042 V
[LIFT] V_Motors: 27.232 V
[LIFT] V_Compute: 28.036 V
[LIFT] V_Motors: 27.230 V
[LIFT] V_Compute: 28.041 V
[LIFT] V_Motors: 27.229 V
[LIFT] V_Compute: 28.036 V
[LIFT] V_Motors: 27.226 V
[LIFT] V_Compute: 28.039 V
[LIFT] V_Motors: 27.230 V
[LIFT] V_Compute: 28.030 V
[LIFT] V_Motors: 27.234 V
[LIFT] V_Compute: 28.046 V
[LIFT] V_Motors: 27.229 V
[LIFT] V_Compute: 28.040 V
[LIFT] V_Motors: 27.232 V
[LIFT] V_Compute: 28.035 V
[LIFT] V_Motors: 27.228 V
[LIFT] V_Compute: 28.040 V
[LIFT] V_Motors: 27.232 V
[YOR] follow_path: n=17 first=(0.03360004425048846, 0.016300010681153054) last=(1.7336000442504886, 2.7163000106811523)
[LIFT] V_Compute: 28.044 V
[LIFT] V_Motors: 27.195 V
[LIFT] V_Compute: 28.032 V
[LIFT] V_Motors: 27.222 V
[LIFT] V_Compute: 28.030 V
[LIFT] V_Motors: 27.224 V
[LIFT] V_Compute: 28.034 V
[LIFT] V_Motors: 27.185 V
[LIFT] V_Compute: 28.031 V
[LIFT] V_Motors: 27.195 V
[LIFT] V_Compute: 28.031 V
[LIFT] V_Motors: 27.195 V
[LIFT] V_Compute: 28.031 V
[LIFT] V_Motors: 27.186 V
[LIFT] V_Compute: 28.034 V
[LIFT] V_Motors: 27.197 V
[LIFT] V_Compute: 28.046 V
[LIFT] V_Motors: 27.199 V
[LIFT] V_Compute: 28.031 V
[LIFT] V_Motors: 27.184 V
[LIFT] V_Compute: 28.030 V
[LIFT] V_Motors: 27.179 V
[LIFT] V_Compute: 28.021 V
[LIFT] V_Motors: 27.181 V
[LIFT] V_Compute: 28.034 V
[LIFT] V_Motors: 27.194 V
[LIFT] V_Compute: 28.039 V
[LIFT] V_Motors: 27.174 V
[LIFT] V_Compute: 28.029 V
[LIFT] V_Motors: 27.195 V
[LIFT] V_Compute: 28.035 V
[LIFT] V_Motors: 27.185 V
[LIFT] V_Compute: 28.045 V
[LIFT] V_Motors: 27.191 V
[LIFT] V_Compute: 28.035 V
[LIFT] V_Motors: 27.186 V
[LIFT] V_Compute: 28.031 V
[LIFT] V_Motors: 27.196 V
[LIFT] V_Compute: 28.031 V
[LIFT] V_Motors: 27.195 V
[LIFT] V_Compute: 28.039 V
[LIFT] V_Motors: 27.191 V
[LIFT] V_Compute: 28.046 V
[LIFT] V_Motors: 27.194 V
[YOR] follow_path: cleared
[LIFT] V_Compute: 28.038 V
[LIFT] V_Motors: 27.216 V
[LIFT] V_Compute: 28.041 V
[LIFT] V_Motors: 27.224 V
[LIFT] V_Compute: 28.040 V
[LIFT] V_Motors: 27.226 V
[LIFT] V_Compute: 28.044 V
[LIFT] V_Motors: 27.226 V
[LIFT] V_Compute: 28.042 V
[LIFT] V_Motors: 27.229 V
[LIFT] V_Compute: 28.044 V
[LIFT] V_Motors: 27.225 V
[LIFT] V_Compute: 28.046 V
[LIFT] V_Motors: 27.228 V
[LIFT] V_Compute: 28.041 V
[LIFT] V_Motors: 27.220 V
[LIFT] V_Compute: 28.039 V
[LIFT] V_Motors: 27.234 V
[LIFT] V_Compute: 28.040 V
[LIFT] V_Motors: 27.228 V
[LIFT] V_Compute: 28.038 V
[LIFT] V_Motors: 27.225 V
[LIFT] V_Compute: 28.025 V
[LIFT] V_Motors: 27.224 V
[YOR] follow_path: n=17 first=(1.7336000442504886, 2.7006997108459476) last=(-0.016399955749511363, 0.0006997108459483314)
[LIFT] V_Compute: 28.032 V
[LIFT] V_Motors: 27.197 V
[LIFT] V_Compute: 28.041 V
[LIFT] V_Motors: 27.205 V
[LIFT] V_Compute: 28.044 V
[LIFT] V_Motors: 27.209 V
[LIFT] V_Compute: 28.041 V
[LIFT] V_Motors: 27.214 V
[LIFT] V_Compute: 28.045 V
[LIFT] V_Motors: 27.211 V
[LIFT] V_Compute: 28.032 V
[LIFT] V_Motors: 27.197 V
[LIFT] V_Compute: 28.040 V
[LIFT] V_Motors: 27.211 V
[LIFT] V_Compute: 28.031 V
[LIFT] V_Motors: 27.215 V
[LIFT] V_Compute: 28.034 V
[LIFT] V_Motors: 27.225 V
[LIFT] V_Compute: 28.044 V
[LIFT] V_Motors: 27.185 V
[LIFT] V_Compute: 28.038 V
[LIFT] V_Motors: 27.190 V
[LIFT] V_Compute: 28.034 V
[LIFT] V_Motors: 27.197 V
[LIFT] V_Compute: 28.040 V
[LIFT] V_Motors: 27.200 V
[LIFT] V_Compute: 28.031 V
[LIFT] V_Motors: 27.189 V
[LIFT] V_Compute: 28.029 V
[LIFT] V_Motors: 27.183 V
[LIFT] V_Compute: 28.025 V
[LIFT] V_Motors: 27.187 V
[LIFT] V_Compute: 28.032 V
[LIFT] V_Motors: 27.192 V
[LIFT] V_Compute: 28.036 V
[LIFT] V_Motors: 27.177 V
[LIFT] V_Compute: 28.042 V
[LIFT] V_Motors: 27.151 V
[LIFT] V_Compute: 28.032 V
[LIFT] V_Motors: 27.195 V
[LIFT] V_Compute: 28.042 V
[LIFT] V_Motors: 27.197 V
[LIFT] V_Compute: 28.039 V
[LIFT] V_Motors: 27.186 V
[LIFT] V_Compute: 28.045 V
[LIFT] V_Motors: 27.183 V
[LIFT] V_Compute: 28.038 V
[LIFT] V_Motors: 27.199 V
[LIFT] V_Compute: 28.038 V
[LIFT] V_Motors: 27.185 V
[LIFT] V_Compute: 28.038 V
[LIFT] V_Motors: 27.201 V
[LIFT] V_Compute: 28.039 V
[LIFT] V_Motors: 27.204 V
[LIFT] V_Compute: 28.034 V
[LIFT] V_Motors: 27.206 V
[LIFT] V_Compute: 28.034 V
[LIFT] V_Motors: 27.216 V
[LIFT] V_Compute: 28.030 V
[LIFT] V_Motors: 27.209 V
[LIFT] V_Compute: 28.038 V
[LIFT] V_Motors: 27.206 V
[LIFT] V_Compute: 28.035 V
[LIFT] V_Motors: 27.219 V
[LIFT] V_Compute: 28.029 V
[LIFT] V_Motors: 27.124 V
[LIFT] V_Compute: 28.036 V
[LIFT] V_Motors: 27.167 V
[LIFT] V_Compute: 28.027 V
[LIFT] V_Motors: 27.206 V
[LIFT] V_Compute: 28.031 V
[LIFT] V_Motors: 27.210 V
[YOR] follow_path: cleared
[LIFT] V_Compute: 28.040 V
[LIFT] V_Motors: 27.224 V
[LIFT] V_Compute: 28.036 V
[LIFT] V_Motors: 27.229 V
[LIFT] V_Compute: 28.041 V
[LIFT] V_Motors: 27.222 V
[LIFT] V_Compute: 28.040 V
[LIFT] V_Motors: 27.225 V
[LIFT] V_Compute: 28.040 V
[LIFT] V_Motors: 27.230 V
[LIFT] V_Compute: 28.042 V
[LIFT] V_Motors: 27.228 V
[LIFT] V_Compute: 28.040 V
[LIFT] V_Motors: 27.230 V
[LIFT] V_Compute: 28.031 V
[LIFT] V_Motors: 27.224 V
[LIFT] V_Compute: 28.038 V
[LIFT] V_Motors: 27.225 V
[YOR] follow_path: n=22 first=(0.017799949645996627, 0.050699710845947266) last=(3.2677999496459966, 2.850699710845948)
[LIFT] V_Compute: 28.030 V
[LIFT] V_Motors: 27.176 V
[LIFT] V_Compute: 28.036 V
[LIFT] V_Motors: 27.231 V
[LIFT] V_Compute: 28.032 V
[LIFT] V_Motors: 27.225 V
[LIFT] V_Compute: 28.038 V
[LIFT] V_Motors: 27.224 V
[LIFT] V_Compute: 28.038 V
[LIFT] V_Motors: 27.179 V
[LIFT] V_Compute: 28.035 V
[LIFT] V_Motors: 27.199 V
[LIFT] V_Compute: 28.027 V
[LIFT] V_Motors: 27.204 V
[LIFT] V_Compute: 28.035 V
[LIFT] V_Motors: 27.197 V
[LIFT] V_Compute: 28.040 V
[LIFT] V_Motors: 27.173 V
[LIFT] V_Compute: 28.030 V
[LIFT] V_Motors: 27.195 V
[LIFT] V_Compute: 28.035 V
[LIFT] V_Motors: 27.185 V
[LIFT] V_Compute: 28.034 V
[LIFT] V_Motors: 27.184 V
[LIFT] V_Compute: 28.029 V
[LIFT] V_Motors: 27.192 V
[LIFT] V_Compute: 28.046 V
[LIFT] V_Motors: 27.196 V
[LIFT] V_Compute: 28.036 V
[LIFT] V_Motors: 27.186 V
[LIFT] V_Compute: 28.031 V
[LIFT] V_Motors: 27.201 V
[LIFT] V_Compute: 28.042 V
[LIFT] V_Motors: 27.194 V
[LIFT] V_Compute: 28.035 V
[LIFT] V_Motors: 27.185 V
[LIFT] V_Compute: 28.031 V
[LIFT] V_Motors: 27.194 V
[LIFT] V_Compute: 28.030 V
[LIFT] V_Motors: 27.190 V
[LIFT] V_Compute: 28.036 V
[LIFT] V_Motors: 27.174 V
[LIFT] V_Compute: 28.031 V
[LIFT] V_Motors: 27.189 V
[LIFT] V_Compute: 28.027 V
[LIFT] V_Motors: 27.185 V
[LIFT] V_Compute: 28.039 V
[LIFT] V_Motors: 27.167 V
[LIFT] V_Compute: 28.014 V
[LIFT] V_Motors: 27.175 V
[LIFT] V_Compute: 28.014 V
[LIFT] V_Motors: 27.165 V
[LIFT] V_Compute: 28.015 V
[LIFT] V_Motors: 27.171 V
[LIFT] V_Compute: 28.016 V
[LIFT] V_Motors: 27.179 V
[LIFT] V_Compute: 28.031 V
[LIFT] V_Motors: 27.224 V
[LIFT] V_Compute: 28.025 V
[LIFT] V_Motors: 27.212 V
[LIFT] V_Compute: 28.034 V
[LIFT] V_Motors: 27.221 V
[LIFT] V_Compute: 28.036 V
[LIFT] V_Motors: 27.219 V
[LIFT] V_Compute: 28.031 V
[LIFT] V_Motors: 27.221 V
[LIFT] V_Compute: 28.032 V
[LIFT] V_Motors: 27.220 V
[LIFT] V_Compute: 28.030 V
[LIFT] V_Motors: 27.220 V
[LIFT] V_Compute: 28.035 V
[LIFT] V_Motors: 27.216 V
[LIFT] V_Compute: 28.031 V
[LIFT] V_Motors: 27.220 V
[LIFT] V_Compute: 28.032 V
[LIFT] V_Motors: 27.219 V
[LIFT] V_Compute: 28.040 V
[LIFT] V_Motors: 27.224 V
[LIFT] V_Compute: 28.027 V
[LIFT] V_Motors: 27.221 V
[LIFT] V_Compute: 28.030 V
[LIFT] V_Motors: 27.222 V
[LIFT] V_Compute: 28.029 V
[LIFT] V_Motors: 27.219 V
[LIFT] V_Compute: 28.032 V
[LIFT] V_Motors: 27.221 V
[LIFT] V_Compute: 28.031 V
[LIFT] V_Motors: 27.226 V
[LIFT] V_Compute: 28.039 V
[LIFT] V_Motors: 27.231 V
[LIFT] V_Compute: 28.016 V
[LIFT] V_Motors: 27.210 V
[LIFT] V_Compute: 28.035 V
[LIFT] V_Motors: 27.216 V
[LIFT] V_Compute: 28.027 V
[LIFT] V_Motors: 27.226 V
[LIFT] V_Compute: 28.024 V
[LIFT] V_Motors: 27.212 V
[LIFT] V_Compute: 28.025 V
[LIFT] V_Motors: 27.220 V
[LIFT] V_Compute: 28.036 V
[LIFT] V_Motors: 27.229 V
[LIFT] V_Compute: 28.029 V
[LIFT] V_Motors: 27.228 V
[LIFT] V_Compute: 28.039 V
[LIFT] V_Motors: 27.228 V
[LIFT] V_Compute: 28.035 V
[LIFT] V_Motors: 27.220 V
[LIFT] V_Compute: 28.030 V
[LIFT] V_Motors: 27.218 V
[LIFT] V_Compute: 28.036 V
[LIFT] V_Motors: 27.226 V
[LIFT] V_Compute: 28.038 V
[LIFT] V_Motors: 27.226 V
[LIFT] V_Compute: 28.036 V
[LIFT] V_Motors: 27.228 V
[LIFT] V_Compute: 28.040 V
[LIFT] V_Motors: 27.232 V
[LIFT] V_Compute: 28.032 V
[LIFT] V_Motors: 27.222 V
[LIFT] V_Compute: 28.038 V
[LIFT] V_Motors: 27.225 V
[LIFT] V_Compute: 28.034 V
[LIFT] V_Motors: 27.226 V
[LIFT] V_Compute: 28.031 V
[LIFT] V_Motors: 27.221 V
[LIFT] V_Compute: 28.031 V
[LIFT] V_Motors: 27.218 V
[LIFT] V_Compute: 28.027 V
[LIFT] V_Motors: 27.225 V
[LIFT] V_Compute: 28.035 V
[LIFT] V_Motors: 27.225 V
[LIFT] V_Compute: 28.025 V
[LIFT] V_Motors: 27.228 V
[LIFT] V_Compute: 28.035 V
[LIFT] V_Motors: 27.225 V
[YOR] follow_path: cleared
[LIFT] V_Compute: 28.030 V
[LIFT] V_Motors: 27.221 V
[LIFT] V_Compute: 28.036 V
[LIFT] V_Motors: 27.220 V
[LIFT] V_Compute: 28.036 V
[LIFT] V_Motors: 27.224 V
[LIFT] V_Compute: 28.034 V
[LIFT] V_Motors: 27.228 V
[LIFT] V_Compute: 28.035 V
[LIFT] V_Motors: 27.229 V
[LIFT] V_Compute: 28.031 V
[LIFT] V_Motors: 27.216 V
[LIFT] V_Compute: 28.032 V
[LIFT] V_Motors: 27.225 V
[LIFT] V_Compute: 28.025 V
[LIFT] V_Motors: 27.224 V
[LIFT] V_Compute: 28.036 V
[LIFT] V_Motors: 27.228 V
[YOR] follow_path: n=22 first=(3.2677999496459966, 2.8640998840332035) last=(0.017799949645996627, 0.014099884033203836)
[LIFT] V_Compute: 28.038 V
[LIFT] V_Motors: 27.184 V
[LIFT] V_Compute: 28.032 V
[LIFT] V_Motors: 27.205 V
[LIFT] V_Compute: 28.035 V
[LIFT] V_Motors: 27.196 V
[LIFT] V_Compute: 28.039 V
[LIFT] V_Motors: 27.206 V
[LIFT] V_Compute: 28.032 V
[LIFT] V_Motors: 27.202 V
[LIFT] V_Compute: 28.029 V
[LIFT] V_Motors: 27.220 V
[LIFT] V_Compute: 28.029 V
[LIFT] V_Motors: 27.222 V
[LIFT] V_Compute: 28.021 V
[LIFT] V_Motors: 27.222 V
[LIFT] V_Compute: 28.030 V
[LIFT] V_Motors: 27.135 V
[LIFT] V_Compute: 28.031 V
[LIFT] V_Motors: 27.187 V
[LIFT] V_Compute: 28.038 V
[LIFT] V_Motors: 27.189 V
[LIFT] V_Compute: 28.040 V
[LIFT] V_Motors: 27.171 V
[LIFT] V_Compute: 28.041 V
[LIFT] V_Motors: 27.151 V
[LIFT] V_Compute: 28.024 V
[LIFT] V_Motors: 27.170 V
[LIFT] V_Compute: 28.031 V
[LIFT] V_Motors: 27.194 V
[LIFT] V_Compute: 28.030 V
[LIFT] V_Motors: 27.196 V
[LIFT] V_Compute: 28.038 V
[LIFT] V_Motors: 27.179 V
[LIFT] V_Compute: 28.031 V
[LIFT] V_Motors: 27.194 V
[LIFT] V_Compute: 28.042 V
[LIFT] V_Motors: 27.190 V
[LIFT] V_Compute: 28.030 V
[LIFT] V_Motors: 27.200 V
[LIFT] V_Compute: 28.030 V
[LIFT] V_Motors: 27.186 V
[LIFT] V_Compute: 28.025 V
[LIFT] V_Motors: 27.179 V
[LIFT] V_Compute: 28.035 V
[LIFT] V_Motors: 27.190 V
[LIFT] V_Compute: 28.026 V
[LIFT] V_Motors: 27.190 V
[LIFT] V_Compute: 28.020 V
[LIFT] V_Motors: 27.181 V
[LIFT] V_Compute: 28.030 V
[LIFT] V_Motors: 27.195 V
[LIFT] V_Compute: 28.038 V
[LIFT] V_Motors: 27.208 V
[LIFT] V_Compute: 28.035 V
[LIFT] V_Motors: 27.184 V
[LIFT] V_Compute: 28.029 V
[LIFT] V_Motors: 27.186 V
[LIFT] V_Compute: 28.039 V
[LIFT] V_Motors: 27.187 V
[LIFT] V_Compute: 28.026 V
[LIFT] V_Motors: 27.191 V
[LIFT] V_Compute: 28.027 V
[LIFT] V_Motors: 27.206 V
[LIFT] V_Compute: 28.021 V
[LIFT] V_Motors: 27.202 V
[LIFT] V_Compute: 28.036 V
[LIFT] V_Motors: 27.201 V
[LIFT] V_Compute: 28.030 V
[LIFT] V_Motors: 27.196 V
[LIFT] V_Compute: 28.029 V
[LIFT] V_Motors: 27.221 V
[LIFT] V_Compute: 28.036 V
[LIFT] V_Motors: 27.183 V
[LIFT] V_Compute: 28.029 V
[LIFT] V_Motors: 27.212 V
[LIFT] V_Compute: 28.031 V
[LIFT] V_Motors: 27.215 V
[LIFT] V_Compute: 28.031 V
[LIFT] V_Motors: 27.124 V
[LIFT] V_Compute: 28.029 V
[LIFT] V_Motors: 27.167 V
[LIFT] V_Compute: 28.026 V
[LIFT] V_Motors: 27.222 V
[LIFT] V_Compute: 28.029 V
[LIFT] V_Motors: 27.228 V
[LIFT] V_Compute: 28.036 V
[LIFT] V_Motors: 27.221 V
[YOR] follow_path: cleared
[LIFT] V_Compute: 28.038 V
[LIFT] V_Motors: 27.219 V
[LIFT] V_Compute: 28.039 V
[LIFT] V_Motors: 27.225 V
[LIFT] V_Compute: 28.038 V
[LIFT] V_Motors: 27.224 V
[LIFT] V_Compute: 28.032 V
[LIFT] V_Motors: 27.218 V
[LIFT] V_Compute: 28.039 V
[LIFT] V_Motors: 27.219 V
[LIFT] V_Compute: 28.034 V
[LIFT] V_Motors: 27.222 V
[LIFT] V_Compute: 28.036 V
[LIFT] V_Motors: 27.224 V
[LIFT] V_Compute: 28.029 V
[LIFT] V_Motors: 27.220 V
[LIFT] V_Compute: 28.024 V
[LIFT] V_Motors: 27.218 V
[LIFT] V_Compute: 28.027 V
[LIFT] V_Motors: 27.221 V
[LIFT] V_Compute: 28.032 V
[LIFT] V_Motors: 27.225 V
[LIFT] V_Compute: 28.032 V
[LIFT] V_Motors: 27.220 V
[LIFT] V_Compute: 28.030 V
[LIFT] V_Motors: 27.218 V
[LIFT] V_Compute: 28.026 V
[LIFT] V_Motors: 27.220 V
[LIFT] V_Compute: 28.036 V
[LIFT] V_Motors: 27.221 V
[LIFT] V_Compute: 28.035 V
[LIFT] V_Motors: 27.225 V
[LIFT] V_Compute: 28.027 V
[LIFT] V_Motors: 27.219 V
[LIFT] V_Compute: 28.034 V
[LIFT] V_Motors: 27.224 V
[LIFT] V_Compute: 28.024 V
[LIFT] V_Motors: 27.218 V
[LIFT] V_Compute: 28.024 V
[LIFT] V_Motors: 27.220 V
[LIFT] V_Compute: 28.034 V
[LIFT] V_Motors: 27.216 V
[LIFT] V_Compute: 28.021 V
[LIFT] V_Motors: 27.226 V
[LIFT] V_Compute: 28.014 V
[LIFT] V_Motors: 27.224 V
[LIFT] V_Compute: 28.029 V
[LIFT] V_Motors: 27.221 V
[LIFT] V_Compute: 28.019 V
[LIFT] V_Motors: 27.211 V
[LIFT] V_Compute: 28.016 V
[LIFT] V_Motors: 27.211 V
[LIFT] V_Compute: 28.036 V
[LIFT] V_Motors: 27.224 V
[LIFT] V_Compute: 28.024 V
[LIFT] V_Motors: 27.225 V
[LIFT] V_Compute: 28.031 V
[LIFT] V_Motors: 27.221 V
[LIFT] V_Compute: 28.030 V
[LIFT] V_Motors: 27.224 V
[LIFT] V_Compute: 28.025 V
[LIFT] V_Motors: 27.224 V
[LIFT] V_Compute: 28.032 V
[LIFT] V_Motors: 27.228 V
[LIFT] V_Compute: 28.034 V
[LIFT] V_Motors: 27.222 V
[LIFT] V_Compute: 28.025 V
[LIFT] V_Motors: 27.225 V
[LIFT] V_Compute: 28.031 V
[LIFT] V_Motors: 27.224 V
[LIFT] V_Compute: 28.031 V
[LIFT] V_Motors: 27.222 V
[LIFT] V_Compute: 28.029 V
[LIFT] V_Motors: 27.222 V
[LIFT] V_Compute: 28.024 V
[LIFT] V_Motors: 27.222 V
[LIFT] V_Compute: 28.032 V
[LIFT] V_Motors: 27.225 V
[YOR] follow_path: n=20 first=(0.017799949645996627, 0.014099884033203836) last=(2.5677999496459964, 2.8640998840332035)
[LIFT] V_Compute: 28.036 V
[LIFT] V_Motors: 27.180 V
[LIFT] V_Compute: 28.025 V
[LIFT] V_Motors: 27.186 V
[LIFT] V_Compute: 28.025 V
[LIFT] V_Motors: 27.201 V
[LIFT] V_Compute: 28.026 V
[LIFT] V_Motors: 27.206 V
[LIFT] V_Compute: 28.032 V
[LIFT] V_Motors: 27.164 V
[LIFT] V_Compute: 28.031 V
[LIFT] V_Motors: 27.170 V
[LIFT] V_Compute: 28.035 V
[LIFT] V_Motors: 27.157 V
[LIFT] V_Compute: 28.029 V
[LIFT] V_Motors: 27.194 V
[LIFT] V_Compute: 28.032 V
[LIFT] V_Motors: 27.163 V
[LIFT] V_Compute: 28.026 V
[LIFT] V_Motors: 27.183 V
[LIFT] V_Compute: 28.027 V
[LIFT] V_Motors: 27.184 V
[LIFT] V_Compute: 28.032 V
[LIFT] V_Motors: 27.190 V
[LIFT] V_Compute: 28.031 V
[LIFT] V_Motors: 27.202 V
[LIFT] V_Compute: 28.035 V
[LIFT] V_Motors: 27.186 V
[LIFT] V_Compute: 28.024 V
[LIFT] V_Motors: 27.191 V
[LIFT] V_Compute: 28.034 V
[LIFT] V_Motors: 27.190 V
[LIFT] V_Compute: 28.032 V
[LIFT] V_Motors: 27.192 V
[LIFT] V_Compute: 28.031 V
[LIFT] V_Motors: 27.183 V
[LIFT] V_Compute: 28.031 V
[LIFT] V_Motors: 27.187 V
[LIFT] V_Compute: 28.034 V
[LIFT] V_Motors: 27.185 V
[LIFT] V_Compute: 28.029 V
[LIFT] V_Motors: 27.161 V
[LIFT] V_Compute: 28.032 V
[LIFT] V_Motors: 27.190 V
[LIFT] V_Compute: 28.029 V
[LIFT] V_Motors: 27.189 V
[LIFT] V_Compute: 28.030 V
[LIFT] V_Motors: 27.184 V
[LIFT] V_Compute: 28.034 V
[LIFT] V_Motors: 27.189 V
[LIFT] V_Compute: 28.035 V
[LIFT] V_Motors: 27.196 V
[LIFT] V_Compute: 28.034 V
[LIFT] V_Motors: 27.208 V
[LIFT] V_Compute: 28.027 V
[LIFT] V_Motors: 27.221 V
[LIFT] V_Compute: 28.030 V
[LIFT] V_Motors: 27.225 V
[LIFT] V_Compute: 28.029 V
[LIFT] V_Motors: 27.221 V
[LIFT] V_Compute: 28.026 V
[LIFT] V_Motors: 27.220 V
[LIFT] V_Compute: 28.026 V
[LIFT] V_Motors: 27.216 V
[LIFT] V_Compute: 28.029 V
[LIFT] V_Motors: 27.218 V
[LIFT] V_Compute: 28.030 V
[LIFT] V_Motors: 27.215 V
[LIFT] V_Compute: 28.029 V
[LIFT] V_Motors: 27.226 V
[LIFT] V_Compute: 28.031 V
[LIFT] V_Motors: 27.215 V
[LIFT] V_Compute: 28.038 V
[LIFT] V_Motors: 27.220 V
[LIFT] V_Compute: 28.020 V
[LIFT] V_Motors: 27.215 V
[LIFT] V_Compute: 28.034 V
[LIFT] V_Motors: 27.221 V
[LIFT] V_Compute: 28.027 V
[LIFT] V_Motors: 27.222 V
[LIFT] V_Compute: 28.025 V
[LIFT] V_Motors: 27.216 V
[LIFT] V_Compute: 28.026 V
[LIFT] V_Motors: 27.220 V
[LIFT] V_Compute: 28.029 V
[LIFT] V_Motors: 27.222 V
[LIFT] V_Compute: 28.032 V
[LIFT] V_Motors: 27.221 V
[LIFT] V_Compute: 28.031 V
[LIFT] V_Motors: 27.218 V
[LIFT] V_Compute: 28.036 V
[LIFT] V_Motors: 27.222 V
[LIFT] V_Compute: 28.027 V
[LIFT] V_Motors: 27.225 V
[LIFT] V_Compute: 28.030 V
[LIFT] V_Motors: 27.229 V
[LIFT] V_Compute: 28.027 V
[LIFT] V_Motors: 27.219 V
[LIFT] V_Compute: 28.035 V
[LIFT] V_Motors: 27.219 V
[LIFT] V_Compute: 28.022 V
[LIFT] V_Motors: 27.220 V
[LIFT] V_Compute: 28.032 V
[LIFT] V_Motors: 27.218 V
[LIFT] V_Compute: 28.031 V
[LIFT] V_Motors: 27.224 V
[LIFT] V_Compute: 28.035 V
[LIFT] V_Motors: 27.221 V
[LIFT] V_Compute: 28.032 V
[LIFT] V_Motors: 27.229 V
[LIFT] V_Compute: 28.038 V
[LIFT] V_Motors: 27.224 V
[LIFT] V_Compute: 28.026 V
[LIFT] V_Motors: 27.220 V
[LIFT] V_Compute: 28.029 V
[LIFT] V_Motors: 27.222 V
[LIFT] V_Compute: 28.032 V
[LIFT] V_Motors: 27.226 V
[LIFT] V_Compute: 28.032 V
[LIFT] V_Motors: 27.226 V
[LIFT] V_Compute: 28.039 V
[LIFT] V_Motors: 27.219 V
[LIFT] V_Compute: 28.025 V
[LIFT] V_Motors: 27.224 V
[LIFT] V_Compute: 28.027 V
[LIFT] V_Motors: 27.225 V
[LIFT] V_Compute: 28.027 V
[LIFT] V_Motors: 27.218 V
[LIFT] V_Compute: 28.030 V
[LIFT] V_Motors: 27.228 V
[LIFT] V_Compute: 28.030 V
[LIFT] V_Motors: 27.222 V
[LIFT] V_Compute: 28.024 V
[LIFT] V_Motors: 27.219 V
[LIFT] V_Compute: 28.032 V
[LIFT] V_Motors: 27.221 V
[LIFT] V_Compute: 28.035 V
[LIFT] V_Motors: 27.225 V
[LIFT] V_Compute: 28.024 V
[LIFT] V_Motors: 27.212 V
[LIFT] V_Compute: 28.030 V
[LIFT] V_Motors: 27.222 V
[LIFT] V_Compute: 28.029 V
[LIFT] V_Motors: 27.219 V
[LIFT] V_Compute: 28.030 V
[LIFT] V_Motors: 27.222 V
[LIFT] V_Compute: 28.027 V
[LIFT] V_Motors: 27.225 V
[LIFT] V_Compute: 28.038 V
[LIFT] V_Motors: 27.222 V
[LIFT] V_Compute: 28.032 V
[LIFT] V_Motors: 27.226 V
[LIFT] V_Compute: 28.025 V
[LIFT] V_Motors: 27.212 V
[LIFT] V_Compute: 28.032 V
[LIFT] V_Motors: 27.216 V
[LIFT] V_Compute: 28.032 V
[LIFT] V_Motors: 27.228 V
[LIFT] V_Compute: 28.026 V
[LIFT] V_Motors: 27.215 V
[LIFT] V_Compute: 28.038 V
[LIFT] V_Motors: 27.215 V
[LIFT] V_Compute: 28.025 V
[LIFT] V_Motors: 27.218 V
[LIFT] V_Compute: 28.036 V
[LIFT] V_Motors: 27.222 V
[LIFT] V_Compute: 28.021 V
[LIFT] V_Motors: 27.219 V
[LIFT] V_Compute: 28.032 V
[LIFT] V_Motors: 27.225 V
[LIFT] V_Compute: 28.029 V
[LIFT] V_Motors: 27.218 V
[LIFT] V_Compute: 28.030 V
[LIFT] V_Motors: 27.222 V
[LIFT] V_Compute: 28.029 V
[LIFT] V_Motors: 27.220 V
[LIFT] V_Compute: 28.025 V
[LIFT] V_Motors: 27.220 V
[LIFT] V_Compute: 28.031 V
[LIFT] V_Motors: 27.220 V
[LIFT] V_Compute: 28.035 V
[LIFT] V_Motors: 27.222 V
[LIFT] V_Compute: 28.032 V
[LIFT] V_Motors: 27.222 V
[LIFT] V_Compute: 28.030 V
[LIFT] V_Motors: 27.226 V
[LIFT] V_Compute: 28.029 V
[LIFT] V_Motors: 27.222 V
[LIFT] V_Compute: 28.027 V
[LIFT] V_Motors: 27.228 V
[LIFT] V_Compute: 28.026 V
[LIFT] V_Motors: 27.222 V
[LIFT] V_Compute: 28.035 V
[LIFT] V_Motors: 27.214 V
[LIFT] V_Compute: 28.030 V
[LIFT] V_Motors: 27.221 V
[LIFT] V_Compute: 28.024 V
[LIFT] V_Motors: 27.220 V
[LIFT] V_Compute: 28.021 V
[LIFT] V_Motors: 27.224 V
[LIFT] V_Compute: 28.030 V
[LIFT] V_Motors: 27.221 V
[LIFT] V_Compute: 28.027 V
[LIFT] V_Motors: 27.225 V
[LIFT] V_Compute: 28.022 V
[LIFT] V_Motors: 27.219 V
[YOR] follow_path: cleared
[LIFT] V_Compute: 28.024 V
[LIFT] V_Motors: 27.224 V
[LIFT] V_Compute: 28.021 V
[LIFT] V_Motors: 27.212 V
[LIFT] V_Compute: 28.017 V
[LIFT] V_Motors: 27.206 V
[LIFT] V_Compute: 28.011 V
[LIFT] V_Motors: 27.210 V
[LIFT] V_Compute: 28.006 V
[LIFT] V_Motors: 27.205 V
[LIFT] V_Compute: 28.021 V
[LIFT] V_Motors: 27.218 V
[LIFT] V_Compute: 28.027 V
[LIFT] V_Motors: 27.222 V
[YOR] follow_path: n=21 first=(2.5677999496459964, 2.8685000419616706) last=(0.017799949645996627, 0.018500041961670988)
[LIFT] V_Compute: 28.034 V
[LIFT] V_Motors: 27.174 V
[LIFT] V_Compute: 28.029 V
[LIFT] V_Motors: 27.186 V
[LIFT] V_Compute: 28.030 V
[LIFT] V_Motors: 27.191 V
[LIFT] V_Compute: 28.026 V
[LIFT] V_Motors: 27.199 V
[LIFT] V_Compute: 28.025 V
[LIFT] V_Motors: 27.206 V
[LIFT] V_Compute: 28.025 V
[LIFT] V_Motors: 27.190 V
[LIFT] V_Compute: 28.015 V
[LIFT] V_Motors: 27.173 V
[LIFT] V_Compute: 28.022 V
[LIFT] V_Motors: 27.197 V
[LIFT] V_Compute: 28.034 V
[LIFT] V_Motors: 27.212 V
[LIFT] V_Compute: 28.031 V
[LIFT] V_Motors: 27.208 V
[LIFT] V_Compute: 28.032 V
[LIFT] V_Motors: 27.220 V
[LIFT] V_Compute: 28.030 V
[LIFT] V_Motors: 27.211 V
[LIFT] V_Compute: 28.022 V
[LIFT] V_Motors: 27.215 V
[LIFT] V_Compute: 28.029 V
[LIFT] V_Motors: 27.214 V
[LIFT] V_Compute: 28.020 V
[LIFT] V_Motors: 27.206 V
[LIFT] V_Compute: 28.029 V
[LIFT] V_Motors: 27.215 V
[LIFT] V_Compute: 28.016 V
[LIFT] V_Motors: 27.215 V
[LIFT] V_Compute: 28.027 V
[LIFT] V_Motors: 27.216 V
[LIFT] V_Compute: 28.027 V
[LIFT] V_Motors: 27.214 V
[LIFT] V_Compute: 28.031 V
[LIFT] V_Motors: 27.214 V
[LIFT] V_Compute: 28.025 V
[LIFT] V_Motors: 27.215 V
[LIFT] V_Compute: 28.016 V
[LIFT] V_Motors: 27.205 V
[LIFT] V_Compute: 28.020 V
[LIFT] V_Motors: 27.187 V
[LIFT] V_Compute: 28.027 V
[LIFT] V_Motors: 27.171 V
[LIFT] V_Compute: 28.030 V
[LIFT] V_Motors: 27.166 V
[LIFT] V_Compute: 28.022 V
[LIFT] V_Motors: 27.187 V
[LIFT] V_Compute: 28.030 V
[LIFT] V_Motors: 27.189 V
[LIFT] V_Compute: 28.025 V
[LIFT] V_Motors: 27.183 V
[LIFT] V_Compute: 28.027 V
[LIFT] V_Motors: 27.184 V
[LIFT] V_Compute: 28.022 V
[LIFT] V_Motors: 27.152 V
[LIFT] V_Compute: 28.022 V
[LIFT] V_Motors: 27.190 V
[LIFT] V_Compute: 28.035 V
[LIFT] V_Motors: 27.187 V
[LIFT] V_Compute: 28.031 V
[LIFT] V_Motors: 27.174 V
[LIFT] V_Compute: 28.021 V
[LIFT] V_Motors: 27.169 V
[LIFT] V_Compute: 28.021 V
[LIFT] V_Motors: 27.179 V
[LIFT] V_Compute: 28.027 V
[LIFT] V_Motors: 27.187 V
[LIFT] V_Compute: 28.027 V
[LIFT] V_Motors: 27.176 V
[LIFT] V_Compute: 28.031 V
[LIFT] V_Motors: 27.197 V
[LIFT] V_Compute: 28.027 V
[LIFT] V_Motors: 27.185 V
[LIFT] V_Compute: 28.030 V
[LIFT] V_Motors: 27.190 V
[LIFT] V_Compute: 28.026 V
[LIFT] V_Motors: 27.181 V
[LIFT] V_Compute: 28.025 V
[LIFT] V_Motors: 27.181 V
[LIFT] V_Compute: 28.029 V
[LIFT] V_Motors: 27.170 V
[LIFT] V_Compute: 28.024 V
[LIFT] V_Motors: 27.197 V
[LIFT] V_Compute: 28.031 V
[LIFT] V_Motors: 27.196 V
[LIFT] V_Compute: 28.019 V
[LIFT] V_Motors: 27.177 V
[LIFT] V_Compute: 28.027 V
[LIFT] V_Motors: 27.181 V
[LIFT] V_Compute: 28.021 V
[LIFT] V_Motors: 27.200 V
[LIFT] V_Compute: 28.032 V
[LIFT] V_Motors: 27.204 V
[LIFT] V_Compute: 28.031 V
[LIFT] V_Motors: 27.212 V
[LIFT] V_Compute: 28.029 V
[LIFT] V_Motors: 27.215 V
[LIFT] V_Compute: 28.030 V
[LIFT] V_Motors: 27.166 V
[LIFT] V_Compute: 28.032 V
[LIFT] V_Motors: 27.163 V
[LIFT] V_Compute: 28.025 V
[LIFT] V_Motors: 27.211 V
[LIFT] V_Compute: 28.013 V
[LIFT] V_Motors: 27.136 V
[YOR] follow_path: cleared
[LIFT] V_Compute: 28.032 V
[LIFT] V_Motors: 27.215 V
[LIFT] V_Compute: 28.035 V
[LIFT] V_Motors: 27.216 V
[LIFT] V_Compute: 28.029 V
[LIFT] V_Motors: 27.220 V
[LIFT] V_Compute: 28.026 V
[LIFT] V_Motors: 27.214 V
[LIFT] V_Compute: 28.034 V
[LIFT] V_Motors: 27.218 V
[LIFT] V_Compute: 28.030 V
[LIFT] V_Motors: 27.210 V
[LIFT] V_Compute: 28.021 V
[LIFT] V_Motors: 27.215 V
[LIFT] V_Compute: 28.022 V
[LIFT] V_Motors: 27.212 V
[LIFT] V_Compute: 28.027 V
[LIFT] V_Motors: 27.216 V
[LIFT] V_Compute: 28.022 V
[LIFT] V_Motors: 27.219 V
[LIFT] V_Compute: 28.029 V
[LIFT] V_Motors: 27.218 V
[LIFT] V_Compute: 28.027 V
[LIFT] V_Motors: 27.218 V
[LIFT] V_Compute: 28.022 V
[LIFT] V_Motors: 27.222 V
[LIFT] V_Compute: 28.026 V
[LIFT] V_Motors: 27.221 V
[LIFT] V_Compute: 28.029 V
[LIFT] V_Motors: 27.216 V
[LIFT] V_Compute: 28.027 V
[LIFT] V_Motors: 27.212 V
[LIFT] V_Compute: 28.022 V
[LIFT] V_Motors: 27.218 V
[LIFT] V_Compute: 28.031 V
[LIFT] V_Motors: 27.221 V
[LIFT] V_Compute: 28.022 V
[LIFT] V_Motors: 27.215 V
[LIFT] V_Compute: 28.029 V
[LIFT] V_Motors: 27.212 V
[LIFT] V_Compute: 28.020 V
[LIFT] V_Motors: 27.220 V
[LIFT] V_Compute: 28.017 V
[LIFT] V_Motors: 27.212 V
[LIFT] V_Compute: 28.030 V
[LIFT] V_Motors: 27.215 V
[LIFT] V_Compute: 28.030 V
[LIFT] V_Motors: 27.224 V
[LIFT] V_Compute: 28.022 V
[LIFT] V_Motors: 27.220 V
[LIFT] V_Compute: 28.027 V
[LIFT] V_Motors: 27.219 V
[LIFT] V_Compute: 28.020 V
[LIFT] V_Motors: 27.216 V
[LIFT] V_Compute: 28.025 V
[LIFT] V_Motors: 27.219 V
[LIFT] V_Compute: 28.030 V
[LIFT] V_Motors: 27.219 V
[LIFT] V_Compute: 28.024 V
[LIFT] V_Motors: 27.216 V
[LIFT] V_Compute: 28.026 V
[LIFT] V_Motors: 27.220 V
[LIFT] V_Compute: 28.027 V
[LIFT] V_Motors: 27.216 V
[LIFT] V_Compute: 28.022 V
[LIFT] V_Motors: 27.218 V
[LIFT] V_Compute: 28.031 V
[LIFT] V_Motors: 27.222 V
[LIFT] V_Compute: 28.031 V
[LIFT] V_Motors: 27.226 V
[LIFT] V_Compute: 28.003 V
[LIFT] V_Motors: 27.200 V
[LIFT] V_Compute: 28.030 V
[LIFT] V_Motors: 27.222 V
[LIFT] V_Compute: 28.024 V
[LIFT] V_Motors: 27.216 V
[LIFT] V_Compute: 28.026 V
[LIFT] V_Motors: 27.216 V
[LIFT] V_Compute: 28.024 V
[LIFT] V_Motors: 27.219 V
[LIFT] V_Compute: 28.022 V
[LIFT] V_Motors: 27.225 V
[LIFT] V_Compute: 28.022 V
[LIFT] V_Motors: 27.221 V
[LIFT] V_Compute: 28.022 V
[LIFT] V_Motors: 27.224 V
[LIFT] V_Compute: 28.024 V
[LIFT] V_Motors: 27.218 V
[LIFT] V_Compute: 28.019 V
[LIFT] V_Motors: 27.220 V
[LIFT] V_Compute: 28.022 V
[LIFT] V_Motors: 27.216 V
[LIFT] V_Compute: 28.021 V
[LIFT] V_Motors: 27.216 V
[YOR] follow_path: cleared
[LIFT] V_Compute: 28.032 V
[LIFT] V_Motors: 27.219 V
[LIFT] V_Compute: 28.032 V
[LIFT] V_Motors: 27.224 V
[LIFT] V_Compute: 28.027 V
[LIFT] V_Motors: 27.226 V
[LIFT] V_Compute: 28.031 V
[LIFT] V_Motors: 27.225 V
[LIFT] V_Compute: 28.032 V
[LIFT] V_Motors: 27.229 V
[LIFT] V_Compute: 28.031 V
[LIFT] V_Motors: 27.229 V
[LIFT] V_Compute: 28.031 V
[LIFT] V_Motors: 27.225 V
[LIFT] V_Compute: 28.034 V
[LIFT] V_Motors: 27.230 V
[LIFT] V_Compute: 28.026 V
[LIFT] V_Motors: 27.229 V
[LIFT] V_Compute: 28.015 V
[LIFT] V_Motors: 27.225 V
[LIFT] V_Compute: 28.038 V
[LIFT] V_Motors: 27.229 V
[LIFT] V_Compute: 28.038 V
[LIFT] V_Motors: 27.234 V
[LIFT] V_Compute: 28.017 V
[LIFT] V_Motors: 27.214 V
[LIFT] V_Compute: 28.014 V
[LIFT] V_Motors: 27.211 V
[LIFT] V_Compute: 28.019 V
[LIFT] V_Motors: 27.212 V
[LIFT] V_Compute: 28.021 V
[LIFT] V_Motors: 27.220 V
[LIFT] V_Compute: 28.035 V
[LIFT] V_Motors: 27.226 V
[LIFT] V_Compute: 28.041 V
[LIFT] V_Motors: 27.230 V
[LIFT] V_Compute: 28.038 V
[LIFT] V_Motors: 27.226 V
[LIFT] V_Compute: 28.025 V
[LIFT] V_Motors: 27.236 V
[LIFT] V_Compute: 28.039 V
[LIFT] V_Motors: 27.232 V
[LIFT] V_Compute: 28.017 V
[LIFT] V_Motors: 27.230 V
[LIFT] V_Compute: 28.038 V
[LIFT] V_Motors: 27.234 V
[LIFT] V_Compute: 28.036 V
[LIFT] V_Motors: 27.230 V
[LIFT] V_Compute: 28.031 V
[LIFT] V_Motors: 27.220 V
[LIFT] V_Compute: 28.035 V
[LIFT] V_Motors: 27.219 V
[LIFT] V_Compute: 28.034 V
[LIFT] V_Motors: 27.226 V
[LIFT] V_Compute: 28.022 V
[LIFT] V_Motors: 27.214 V
[LIFT] V_Compute: 28.030 V
[LIFT] V_Motors: 27.228 V
[LIFT] V_Compute: 28.016 V
[LIFT] V_Motors: 27.219 V
[LIFT] V_Compute: 28.030 V
[LIFT] V_Motors: 27.218 V
[LIFT] V_Compute: 28.029 V
[LIFT] V_Motors: 27.220 V
[LIFT] V_Compute: 28.029 V
[LIFT] V_Motors: 27.224 V
[LIFT] V_Compute: 28.027 V
[LIFT] V_Motors: 27.219 V
[LIFT] V_Compute: 28.031 V
[LIFT] V_Motors: 27.222 V
[LIFT] V_Compute: 28.031 V
[LIFT] V_Motors: 27.222 V
[LIFT] V_Compute: 28.022 V
[LIFT] V_Motors: 27.221 V
[LIFT] V_Compute: 28.027 V
[LIFT] V_Motors: 27.222 V
[LIFT] V_Compute: 28.031 V
[LIFT] V_Motors: 27.216 V
[LIFT] V_Compute: 28.031 V
[LIFT] V_Motors: 27.220 V
[LIFT] V_Compute: 28.026 V
[LIFT] V_Motors: 27.220 V
[LIFT] V_Compute: 28.030 V
[LIFT] V_Motors: 27.219 V
[LIFT] V_Compute: 28.025 V
[LIFT] V_Motors: 27.226 V
[LIFT] V_Compute: 28.029 V
[LIFT] V_Motors: 27.221 V
[LIFT] V_Compute: 28.021 V
[LIFT] V_Motors: 27.219 V
[LIFT] V_Compute: 28.034 V
[LIFT] V_Motors: 27.228 V
[LIFT] V_Compute: 28.026 V
[LIFT] V_Motors: 27.225 V
[LIFT] V_Compute: 28.036 V
[LIFT] V_Motors: 27.224 V
[LIFT] V_Compute: 28.032 V
[LIFT] V_Motors: 27.225 V
[LIFT] V_Compute: 28.029 V
[LIFT] V_Motors: 27.222 V
[LIFT] V_Compute: 28.024 V
[LIFT] V_Motors: 27.220 V
[YOR] follow_path: n=20 first=(-0.01579999327659609, -0.020200061798096414) last=(2.4842000067234045, 2.829799938201904)
[LIFT] V_Compute: 28.039 V
[LIFT] V_Motors: 27.174 V
[LIFT] V_Compute: 28.030 V
[LIFT] V_Motors: 27.221 V
[LIFT] V_Compute: 28.032 V
[LIFT] V_Motors: 27.192 V
[LIFT] V_Compute: 28.032 V
[LIFT] V_Motors: 27.179 V
[LIFT] V_Compute: 28.025 V
[LIFT] V_Motors: 27.187 V
[LIFT] V_Compute: 28.029 V
[LIFT] V_Motors: 27.185 V
[LIFT] V_Compute: 28.027 V
[LIFT] V_Motors: 27.184 V
[LIFT] V_Compute: 28.019 V
[LIFT] V_Motors: 27.187 V
[LIFT] V_Compute: 28.034 V
[LIFT] V_Motors: 27.187 V
[LIFT] V_Compute: 28.024 V
[LIFT] V_Motors: 27.185 V
[LIFT] V_Compute: 28.022 V
[LIFT] V_Motors: 27.169 V
[LIFT] V_Compute: 28.019 V
[LIFT] V_Motors: 27.173 V
[LIFT] V_Compute: 28.032 V
[LIFT] V_Motors: 27.186 V
[LIFT] V_Compute: 28.024 V
[LIFT] V_Motors: 27.183 V
[LIFT] V_Compute: 28.026 V
[LIFT] V_Motors: 27.186 V
[LIFT] V_Compute: 28.020 V
[LIFT] V_Motors: 27.180 V
[LIFT] V_Compute: 28.036 V
[LIFT] V_Motors: 27.181 V
[LIFT] V_Compute: 28.029 V
[LIFT] V_Motors: 27.199 V
[LIFT] V_Compute: 28.027 V
[LIFT] V_Motors: 27.192 V
[LIFT] V_Compute: 28.030 V
[LIFT] V_Motors: 27.177 V
[LIFT] V_Compute: 28.024 V
[LIFT] V_Motors: 27.180 V
[LIFT] V_Compute: 28.026 V
[LIFT] V_Motors: 27.159 V
[LIFT] V_Compute: 28.026 V
[LIFT] V_Motors: 27.184 V
[LIFT] V_Compute: 28.029 V
[LIFT] V_Motors: 27.192 V
[LIFT] V_Compute: 28.024 V
[LIFT] V_Motors: 27.208 V
[LIFT] V_Compute: 28.029 V
[LIFT] V_Motors: 27.211 V
[LIFT] V_Compute: 28.027 V
[LIFT] V_Motors: 27.214 V
[LIFT] V_Compute: 28.026 V
[LIFT] V_Motors: 27.214 V
[LIFT] V_Compute: 28.021 V
[LIFT] V_Motors: 27.219 V
[LIFT] V_Compute: 28.021 V
[LIFT] V_Motors: 27.216 V
[LIFT] V_Compute: 28.025 V
[LIFT] V_Motors: 27.214 V
[LIFT] V_Compute: 28.030 V
[LIFT] V_Motors: 27.212 V
[LIFT] V_Compute: 28.026 V
[LIFT] V_Motors: 27.219 V
[LIFT] V_Compute: 28.031 V
[LIFT] V_Motors: 27.218 V
[LIFT] V_Compute: 28.030 V
[LIFT] V_Motors: 27.215 V
[LIFT] V_Compute: 28.027 V
[LIFT] V_Motors: 27.212 V
[LIFT] V_Compute: 28.020 V
[LIFT] V_Motors: 27.219 V
[LIFT] V_Compute: 28.029 V
[LIFT] V_Motors: 27.218 V
[LIFT] V_Compute: 28.024 V
[LIFT] V_Motors: 27.212 V
[LIFT] V_Compute: 28.027 V
[LIFT] V_Motors: 27.214 V
[LIFT] V_Compute: 28.029 V
[LIFT] V_Motors: 27.218 V
[LIFT] V_Compute: 28.029 V
[LIFT] V_Motors: 27.216 V
[LIFT] V_Compute: 28.027 V
[LIFT] V_Motors: 27.214 V
[LIFT] V_Compute: 28.029 V
[LIFT] V_Motors: 27.215 V
[LIFT] V_Compute: 28.027 V
[LIFT] V_Motors: 27.212 V
[LIFT] V_Compute: 28.030 V
[LIFT] V_Motors: 27.219 V
[LIFT] V_Compute: 28.025 V
[LIFT] V_Motors: 27.222 V
[LIFT] V_Compute: 28.027 V
[LIFT] V_Motors: 27.214 V
[LIFT] V_Compute: 28.026 V
[LIFT] V_Motors: 27.219 V
[LIFT] V_Compute: 28.026 V
[LIFT] V_Motors: 27.224 V
[LIFT] V_Compute: 28.027 V
[LIFT] V_Motors: 27.222 V
[LIFT] V_Compute: 28.026 V
[LIFT] V_Motors: 27.210 V
[LIFT] V_Compute: 28.022 V
[LIFT] V_Motors: 27.220 V
[LIFT] V_Compute: 28.025 V
[LIFT] V_Motors: 27.210 V
[LIFT] V_Compute: 28.031 V
[LIFT] V_Motors: 27.214 V
[LIFT] V_Compute: 28.006 V
[LIFT] V_Motors: 27.197 V
[LIFT] V_Compute: 28.024 V
[LIFT] V_Motors: 27.222 V
[LIFT] V_Compute: 28.030 V
[LIFT] V_Motors: 27.219 V
[LIFT] V_Compute: 28.020 V
[LIFT] V_Motors: 27.211 V
[LIFT] V_Compute: 28.031 V
[LIFT] V_Motors: 27.212 V
[LIFT] V_Compute: 28.032 V
[LIFT] V_Motors: 27.220 V
[LIFT] V_Compute: 28.024 V
[LIFT] V_Motors: 27.218 V
[LIFT] V_Compute: 28.024 V
[LIFT] V_Motors: 27.216 V
[LIFT] V_Compute: 28.025 V
[LIFT] V_Motors: 27.220 V
[LIFT] V_Compute: 28.030 V
[LIFT] V_Motors: 27.215 V
[LIFT] V_Compute: 28.025 V
[LIFT] V_Motors: 27.216 V
[LIFT] V_Compute: 28.021 V
[LIFT] V_Motors: 27.218 V
[LIFT] V_Compute: 28.027 V
[LIFT] V_Motors: 27.216 V
[LIFT] V_Compute: 28.027 V
[LIFT] V_Motors: 27.211 V
[LIFT] V_Compute: 28.027 V
[LIFT] V_Motors: 27.216 V
[LIFT] V_Compute: 28.027 V
[LIFT] V_Motors: 27.222 V
[LIFT] V_Compute: 28.027 V
[LIFT] V_Motors: 27.219 V
[LIFT] V_Compute: 28.029 V
[LIFT] V_Motors: 27.220 V
[LIFT] V_Compute: 28.029 V
[LIFT] V_Motors: 27.218 V
[LIFT] V_Compute: 28.030 V
[LIFT] V_Motors: 27.210 V
[LIFT] V_Compute: 28.027 V
[LIFT] V_Motors: 27.215 V
[LIFT] V_Compute: 28.024 V
[LIFT] V_Motors: 27.215 V
[LIFT] V_Compute: 28.017 V
[LIFT] V_Motors: 27.220 V
[LIFT] V_Compute: 28.025 V
[LIFT] V_Motors: 27.220 V
[LIFT] V_Compute: 28.016 V
[LIFT] V_Motors: 27.220 V
[LIFT] V_Compute: 28.020 V
[LIFT] V_Motors: 27.209 V
[LIFT] V_Compute: 28.004 V
[LIFT] V_Motors: 27.200 V
[LIFT] V_Compute: 28.003 V
[LIFT] V_Motors: 27.204 V
[LIFT] V_Compute: 28.013 V
[LIFT] V_Motors: 27.209 V
[LIFT] V_Compute: 28.021 V
[LIFT] V_Motors: 27.202 V
[LIFT] V_Compute: 28.026 V
[LIFT] V_Motors: 27.220 V
[LIFT] V_Compute: 28.015 V
[LIFT] V_Motors: 27.218 V
[LIFT] V_Compute: 28.026 V
[LIFT] V_Motors: 27.219 V
[LIFT] V_Compute: 28.026 V
[LIFT] V_Motors: 27.218 V
[LIFT] V_Compute: 28.026 V
[LIFT] V_Motors: 27.214 V
[LIFT] V_Compute: 28.025 V
[LIFT] V_Motors: 27.219 V
[LIFT] V_Compute: 28.020 V
[LIFT] V_Motors: 27.214 V
[LIFT] V_Compute: 28.016 V
[LIFT] V_Motors: 27.209 V
[LIFT] V_Compute: 28.029 V
[LIFT] V_Motors: 27.214 V
[LIFT] V_Compute: 28.024 V
[LIFT] V_Motors: 27.216 V
[LIFT] V_Compute: 28.021 V
[LIFT] V_Motors: 27.218 V
[LIFT] V_Compute: 28.031 V
[LIFT] V_Motors: 27.224 V
[LIFT] V_Compute: 28.024 V
[LIFT] V_Motors: 27.216 V
[LIFT] V_Compute: 28.025 V
[LIFT] V_Motors: 27.216 V
[LIFT] V_Compute: 28.015 V
[LIFT] V_Motors: 27.214 V
[LIFT] V_Compute: 28.030 V
[LIFT] V_Motors: 27.218 V
[LIFT] V_Compute: 28.027 V
[LIFT] V_Motors: 27.220 V
[LIFT] V_Compute: 28.031 V
[LIFT] V_Motors: 27.220 V
[LIFT] V_Compute: 28.019 V
[LIFT] V_Motors: 27.219 V
[YOR] follow_path: cleared
[LIFT] V_Compute: 28.027 V
[LIFT] V_Motors: 27.221 V
[LIFT] V_Compute: 28.025 V
[LIFT] V_Motors: 27.220 V
[LIFT] V_Compute: 28.021 V
[LIFT] V_Motors: 27.212 V
[LIFT] V_Compute: 28.024 V
[LIFT] V_Motors: 27.216 V
[LIFT] V_Compute: 28.029 V
[LIFT] V_Motors: 27.220 V
[YOR] follow_path: n=41 first=(2.618800008296967, 2.85739974975586) last=(0.46880000829696655, -0.3926002502441399)
[LIFT] V_Compute: 28.021 V
[LIFT] V_Motors: 27.128 V
[LIFT] V_Compute: 28.025 V
[LIFT] V_Motors: 27.196 V
[LIFT] V_Compute: 28.024 V
[LIFT] V_Motors: 27.219 V
[LIFT] V_Compute: 28.034 V
[LIFT] V_Motors: 27.208 V
[LIFT] V_Compute: 28.024 V
[LIFT] V_Motors: 27.216 V
[LIFT] V_Compute: 28.026 V
[LIFT] V_Motors: 27.161 V
[LIFT] V_Compute: 28.020 V
[LIFT] V_Motors: 27.180 V
[LIFT] V_Compute: 28.024 V
[LIFT] V_Motors: 27.179 V
[LIFT] V_Compute: 28.024 V
[LIFT] V_Motors: 27.179 V
[LIFT] V_Compute: 28.020 V
[LIFT] V_Motors: 27.174 V
[LIFT] V_Compute: 28.022 V
[LIFT] V_Motors: 27.176 V
[YOR] follow_path: cleared
[LIFT] V_Compute: 28.025 V
[LIFT] V_Motors: 27.186 V
[LIFT] V_Compute: 28.027 V
[LIFT] V_Motors: 27.211 V
[LIFT] V_Compute: 28.025 V
[LIFT] V_Motors: 27.218 V
[LIFT] V_Compute: 28.019 V
[LIFT] V_Motors: 27.214 V
[LIFT] V_Compute: 28.025 V
[LIFT] V_Motors: 27.212 V
[LIFT] V_Compute: 28.019 V
[LIFT] V_Motors: 27.222 V
[LIFT] V_Compute: 28.025 V
[LIFT] V_Motors: 27.215 V
[LIFT] V_Compute: 28.027 V
[LIFT] V_Motors: 27.220 V
[LIFT] V_Compute: 28.029 V
[LIFT] V_Motors: 27.212 V
[LIFT] V_Compute: 28.030 V
[LIFT] V_Motors: 27.214 V
[LIFT] V_Compute: 28.025 V
[LIFT] V_Motors: 27.221 V
[LIFT] V_Compute: 28.017 V
[LIFT] V_Motors: 27.211 V
[LIFT] V_Compute: 28.029 V
[LIFT] V_Motors: 27.216 V
[LIFT] V_Compute: 28.019 V
[LIFT] V_Motors: 27.218 V
[LIFT] V_Compute: 28.020 V
[LIFT] V_Motors: 27.211 V
[LIFT] V_Compute: 28.022 V
[LIFT] V_Motors: 27.216 V
[LIFT] V_Compute: 28.025 V
[LIFT] V_Motors: 27.214 V
[LIFT] V_Compute: 28.030 V
[LIFT] V_Motors: 27.218 V
[LIFT] V_Compute: 28.020 V
[LIFT] V_Motors: 27.218 V
[LIFT] V_Compute: 28.021 V
[LIFT] V_Motors: 27.216 V
[LIFT] V_Compute: 28.017 V
[LIFT] V_Motors: 27.212 V
[LIFT] V_Compute: 28.027 V
[LIFT] V_Motors: 27.215 V
[LIFT] V_Compute: 28.026 V
[LIFT] V_Motors: 27.219 V
[LIFT] V_Compute: 28.026 V
[LIFT] V_Motors: 27.215 V
[LIFT] V_Compute: 28.019 V
[LIFT] V_Motors: 27.211 V
[LIFT] V_Compute: 28.026 V
[LIFT] V_Motors: 27.214 V
[LIFT] V_Compute: 28.020 V
[LIFT] V_Motors: 27.222 V
[LIFT] V_Compute: 28.021 V
[LIFT] V_Motors: 27.218 V
[LIFT] V_Compute: 28.020 V
[LIFT] V_Motors: 27.216 V
[LIFT] V_Compute: 28.025 V
[LIFT] V_Motors: 27.218 V
[LIFT] V_Compute: 28.013 V
[LIFT] V_Motors: 27.219 V
[LIFT] V_Compute: 28.019 V
[LIFT] V_Motors: 27.209 V
[LIFT] V_Compute: 28.024 V
[LIFT] V_Motors: 27.215 V
[LIFT] V_Compute: 28.025 V
[LIFT] V_Motors: 27.218 V
[LIFT] V_Compute: 28.027 V
[LIFT] V_Motors: 27.216 V
[LIFT] V_Compute: 28.025 V
[LIFT] V_Motors: 27.216 V
[LIFT] V_Compute: 28.027 V
[LIFT] V_Motors: 27.220 V
[LIFT] V_Compute: 28.022 V
[LIFT] V_Motors: 27.216 V
[LIFT] V_Compute: 28.024 V
[LIFT] V_Motors: 27.218 V
[LIFT] V_Compute: 28.020 V
[LIFT] V_Motors: 27.218 V
[LIFT] V_Compute: 28.022 V
[LIFT] V_Motors: 27.214 V
[LIFT] V_Compute: 28.027 V
[LIFT] V_Motors: 27.219 V
[LIFT] V_Compute: 28.027 V
[LIFT] V_Motors: 27.224 V
[LIFT] V_Compute: 28.024 V
[LIFT] V_Motors: 27.219 V
[LIFT] V_Compute: 28.020 V
[LIFT] V_Motors: 27.215 V
[LIFT] V_Compute: 28.029 V
[LIFT] V_Motors: 27.218 V
[LIFT] V_Compute: 28.027 V
[LIFT] V_Motors: 27.219 V
[YOR] follow_path: n=42 first=(3.5188000082969673, 2.2573997497558596) last=(0.4188000082969665, 1.3073997497558594)
[LIFT] V_Compute: 28.020 V
[LIFT] V_Motors: 27.185 V
[LIFT] V_Compute: 28.014 V
[LIFT] V_Motors: 27.161 V
[LIFT] V_Compute: 28.026 V
[LIFT] V_Motors: 27.145 V
[LIFT] V_Compute: 28.017 V
[LIFT] V_Motors: 27.167 V
[LIFT] V_Compute: 28.027 V
[LIFT] V_Motors: 27.177 V
[LIFT] V_Compute: 28.025 V
[LIFT] V_Motors: 27.179 V
[YOR] follow_path: cleared
[LIFT] V_Compute: 28.022 V
[LIFT] V_Motors: 27.202 V
[LIFT] V_Compute: 28.022 V
[LIFT] V_Motors: 27.214 V
[LIFT] V_Compute: 28.024 V
[LIFT] V_Motors: 27.212 V
[LIFT] V_Compute: 28.024 V
[LIFT] V_Motors: 27.211 V
[LIFT] V_Compute: 28.025 V
[LIFT] V_Motors: 27.212 V
[LIFT] V_Compute: 28.013 V
[LIFT] V_Motors: 27.218 V
[LIFT] V_Compute: 28.024 V
[LIFT] V_Motors: 27.219 V
[LIFT] V_Compute: 28.020 V
[LIFT] V_Motors: 27.210 V
[LIFT] V_Compute: 28.021 V
[LIFT] V_Motors: 27.214 V
[LIFT] V_Compute: 28.025 V
[LIFT] V_Motors: 27.216 V
[LIFT] V_Compute: 28.022 V
[LIFT] V_Motors: 27.220 V
[LIFT] V_Compute: 28.024 V
[LIFT] V_Motors: 27.208 V
[LIFT] V_Compute: 28.001 V
[LIFT] V_Motors: 27.199 V
[LIFT] V_Compute: 28.015 V
[LIFT] V_Motors: 27.209 V
[YOR] follow_path: cleared
[LIFT] V_Compute: 28.029 V
[LIFT] V_Motors: 27.200 V
[LIFT] V_Compute: 28.031 V
[LIFT] V_Motors: 27.211 V
[LIFT] V_Compute: 28.027 V
[LIFT] V_Motors: 27.210 V
[LIFT] V_Compute: 28.024 V
[LIFT] V_Motors: 27.222 V
[LIFT] V_Compute: 28.027 V
[LIFT] V_Motors: 27.220 V
[LIFT] V_Compute: 28.017 V
[LIFT] V_Motors: 27.199 V
[LIFT] V_Compute: 28.029 V
[LIFT] V_Motors: 27.216 V
[LIFT] V_Compute: 28.019 V
[LIFT] V_Motors: 27.214 V
[LIFT] V_Compute: 28.026 V
[LIFT] V_Motors: 27.214 V
[LIFT] V_Compute: 28.025 V
[LIFT] V_Motors: 27.194 V
[LIFT] V_Compute: 28.039 V
[LIFT] V_Motors: 27.181 V
[LIFT] V_Compute: 28.032 V
[LIFT] V_Motors: 27.214 V
[LIFT] V_Compute: 28.030 V
[LIFT] V_Motors: 27.189 V
[LIFT] V_Compute: 28.025 V
[LIFT] V_Motors: 27.186 V
[LIFT] V_Compute: 28.016 V
[LIFT] V_Motors: 27.187 V
[LIFT] V_Compute: 28.009 V
[LIFT] V_Motors: 27.165 V
[LIFT] V_Compute: 28.011 V
[LIFT] V_Motors: 27.180 V
[LIFT] V_Compute: 28.031 V
[LIFT] V_Motors: 27.195 V
[LIFT] V_Compute: 28.030 V
[LIFT] V_Motors: 27.186 V
[LIFT] V_Compute: 28.036 V
[LIFT] V_Motors: 27.134 V
[LIFT] V_Compute: 28.031 V
[LIFT] V_Motors: 27.205 V
[LIFT] V_Compute: 28.040 V
[LIFT] V_Motors: 27.202 V
[LIFT] V_Compute: 28.040 V
[LIFT] V_Motors: 27.200 V
[LIFT] V_Compute: 28.031 V
[LIFT] V_Motors: 27.201 V
[LIFT] V_Compute: 28.032 V
[LIFT] V_Motors: 27.225 V
[LIFT] V_Compute: 28.027 V
[LIFT] V_Motors: 27.220 V
[LIFT] V_Compute: 28.034 V
[LIFT] V_Motors: 27.221 V
[LIFT] V_Compute: 28.034 V
[LIFT] V_Motors: 27.220 V
[LIFT] V_Compute: 28.032 V
[LIFT] V_Motors: 27.219 V
[LIFT] V_Compute: 28.035 V
[LIFT] V_Motors: 27.225 V
[LIFT] V_Compute: 28.027 V
[LIFT] V_Motors: 27.212 V
[LIFT] V_Compute: 28.032 V
[LIFT] V_Motors: 27.219 V
[LIFT] V_Compute: 28.031 V
[LIFT] V_Motors: 27.218 V
[LIFT] V_Compute: 28.026 V
[LIFT] V_Motors: 27.215 V
[LIFT] V_Compute: 28.020 V
[LIFT] V_Motors: 27.210 V
[LIFT] V_Compute: 28.027 V
[LIFT] V_Motors: 27.212 V
[LIFT] V_Compute: 28.019 V
[LIFT] V_Motors: 27.212 V
[LIFT] V_Compute: 28.016 V
[LIFT] V_Motors: 27.208 V
[LIFT] V_Compute: 28.019 V
[LIFT] V_Motors: 27.206 V
[LIFT] V_Compute: 28.027 V
[LIFT] V_Motors: 27.215 V
[LIFT] V_Compute: 28.021 V
[LIFT] V_Motors: 27.214 V
[LIFT] V_Compute: 28.031 V
[LIFT] V_Motors: 27.212 V
[LIFT] V_Compute: 28.027 V
[LIFT] V_Motors: 27.211 V
[LIFT] V_Compute: 28.027 V
[LIFT] V_Motors: 27.212 V
[LIFT] V_Compute: 28.022 V
[LIFT] V_Motors: 27.210 V
[LIFT] V_Compute: 28.022 V
[LIFT] V_Motors: 27.216 V
[LIFT] V_Compute: 28.030 V
[LIFT] V_Motors: 27.211 V
[LIFT] V_Compute: 28.016 V
[LIFT] V_Motors: 27.215 V
[LIFT] V_Compute: 28.025 V
[LIFT] V_Motors: 27.212 V
[LIFT] V_Compute: 28.025 V
[LIFT] V_Motors: 27.215 V
[LIFT] V_Compute: 28.019 V
[LIFT] V_Motors: 27.210 V
[LIFT] V_Compute: 28.024 V
[LIFT] V_Motors: 27.216 V
[LIFT] V_Compute: 28.020 V
[LIFT] V_Motors: 27.214 V
[LIFT] V_Compute: 28.020 V
[LIFT] V_Motors: 27.214 V
[LIFT] V_Compute: 28.021 V
[LIFT] V_Motors: 27.220 V
[LIFT] V_Compute: 28.014 V
[LIFT] V_Motors: 27.216 V
[LIFT] V_Compute: 28.025 V
[LIFT] V_Motors: 27.218 V
[LIFT] V_Compute: 28.025 V
[LIFT] V_Motors: 27.214 V
[LIFT] V_Compute: 28.020 V
[LIFT] V_Motors: 27.214 V
[LIFT] V_Compute: 28.024 V
[LIFT] V_Motors: 27.216 V
[LIFT] V_Compute: 28.015 V
[LIFT] V_Motors: 27.215 V
[LIFT] V_Compute: 28.017 V
[LIFT] V_Motors: 27.210 V
[LIFT] V_Compute: 28.026 V
[LIFT] V_Motors: 27.214 V
[LIFT] V_Compute: 28.026 V
[LIFT] V_Motors: 27.216 V
[LIFT] V_Compute: 28.029 V
[LIFT] V_Motors: 27.214 V
[LIFT] V_Compute: 28.020 V
[LIFT] V_Motors: 27.219 V
[LIFT] V_Compute: 28.017 V
[LIFT] V_Motors: 27.214 V
[LIFT] V_Compute: 28.021 V
[LIFT] V_Motors: 27.220 V
[LIFT] V_Compute: 28.024 V
[LIFT] V_Motors: 27.216 V
[LIFT] V_Compute: 28.027 V
[LIFT] V_Motors: 27.210 V
[LIFT] V_Compute: 28.031 V
[LIFT] V_Motors: 27.216 V
[LIFT] V_Compute: 28.024 V
[LIFT] V_Motors: 27.211 V
[LIFT] V_Compute: 28.025 V
[LIFT] V_Motors: 27.216 V
[LIFT] V_Compute: 28.024 V
[LIFT] V_Motors: 27.218 V
[LIFT] V_Compute: 28.025 V
[LIFT] V_Motors: 27.214 V
[LIFT] V_Compute: 28.021 V
[LIFT] V_Motors: 27.216 V
[LIFT] V_Compute: 28.024 V
[LIFT] V_Motors: 27.215 V
[LIFT] V_Compute: 28.026 V
[LIFT] V_Motors: 27.216 V
[LIFT] V_Compute: 28.025 V
[LIFT] V_Motors: 27.219 V
[LIFT] V_Compute: 28.027 V
[LIFT] V_Motors: 27.212 V
[LIFT] V_Compute: 28.026 V
[LIFT] V_Motors: 27.218 V
[LIFT] V_Compute: 28.016 V
[LIFT] V_Motors: 27.214 V
[LIFT] V_Compute: 28.011 V
[LIFT] V_Motors: 27.200 V
[LIFT] V_Compute: 28.025 V
[LIFT] V_Motors: 27.214 V
[YOR] follow_path: n=18 first=(0.018399992585182212, 0.014599990844725852) last=(3.4683999925851827, 0.7645999908447263)
[LIFT] V_Compute: 28.027 V
[LIFT] V_Motors: 27.201 V
[LIFT] V_Compute: 28.022 V
[LIFT] V_Motors: 27.181 V
[LIFT] V_Compute: 28.022 V
[LIFT] V_Motors: 27.216 V
[LIFT] V_Compute: 28.020 V
[LIFT] V_Motors: 27.209 V
[LIFT] V_Compute: 28.021 V
[LIFT] V_Motors: 27.201 V
[LIFT] V_Compute: 28.027 V
[LIFT] V_Motors: 27.159 V
[LIFT] V_Compute: 28.021 V
[LIFT] V_Motors: 27.159 V
[LIFT] V_Compute: 28.021 V
[LIFT] V_Motors: 27.165 V
[LIFT] V_Compute: 28.022 V
[LIFT] V_Motors: 27.169 V
[LIFT] V_Compute: 28.029 V
[LIFT] V_Motors: 27.190 V
[LIFT] V_Compute: 28.014 V
[LIFT] V_Motors: 27.169 V
[LIFT] V_Compute: 28.027 V
[LIFT] V_Motors: 27.191 V
[LIFT] V_Compute: 28.021 V
[LIFT] V_Motors: 27.180 V
[LIFT] V_Compute: 28.024 V
[LIFT] V_Motors: 27.177 V
[LIFT] V_Compute: 28.026 V
[LIFT] V_Motors: 27.180 V
[LIFT] V_Compute: 28.021 V
[LIFT] V_Motors: 27.171 V
[LIFT] V_Compute: 28.022 V
[LIFT] V_Motors: 27.180 V
[LIFT] V_Compute: 28.032 V
[LIFT] V_Motors: 27.189 V
[LIFT] V_Compute: 28.025 V
[LIFT] V_Motors: 27.184 V
[LIFT] V_Compute: 28.026 V
[LIFT] V_Motors: 27.184 V
[LIFT] V_Compute: 28.026 V
[LIFT] V_Motors: 27.179 V
[LIFT] V_Compute: 28.020 V
[LIFT] V_Motors: 27.179 V
[LIFT] V_Compute: 28.024 V
[LIFT] V_Motors: 27.185 V
[LIFT] V_Compute: 28.014 V
[LIFT] V_Motors: 27.179 V
[LIFT] V_Compute: 28.020 V
[LIFT] V_Motors: 27.177 V
[LIFT] V_Compute: 28.024 V
[LIFT] V_Motors: 27.220 V
[LIFT] V_Compute: 28.020 V
[LIFT] V_Motors: 27.191 V
[YOR] follow_path: cleared
[LIFT] V_Compute: 28.014 V
[LIFT] V_Motors: 27.201 V
[LIFT] V_Compute: 28.017 V
[LIFT] V_Motors: 27.209 V
[LIFT] V_Compute: 28.025 V
[LIFT] V_Motors: 27.206 V
[LIFT] V_Compute: 28.022 V
[LIFT] V_Motors: 27.206 V
[LIFT] V_Compute: 28.019 V
[LIFT] V_Motors: 27.205 V
[LIFT] V_Compute: 28.025 V
[LIFT] V_Motors: 27.210 V
[LIFT] V_Compute: 28.019 V
[LIFT] V_Motors: 27.208 V
[YOR] follow_path: n=16 first=(3.4375999927520757, 0.7659997940063468) last=(1.5875999927520754, -1.0840002059936529)
[LIFT] V_Compute: 28.013 V
[LIFT] V_Motors: 27.160 V
[LIFT] V_Compute: 28.013 V
[LIFT] V_Motors: 27.189 V
[LIFT] V_Compute: 28.019 V
[LIFT] V_Motors: 27.186 V
[LIFT] V_Compute: 28.017 V
[LIFT] V_Motors: 27.189 V
[LIFT] V_Compute: 28.015 V
[LIFT] V_Motors: 27.190 V
[LIFT] V_Compute: 28.016 V
[LIFT] V_Motors: 27.174 V
[LIFT] V_Compute: 28.019 V
[LIFT] V_Motors: 27.209 V
[LIFT] V_Compute: 28.022 V
[LIFT] V_Motors: 27.200 V
[LIFT] V_Compute: 28.019 V
[LIFT] V_Motors: 27.156 V
[LIFT] V_Compute: 28.017 V
[LIFT] V_Motors: 27.145 V
[LIFT] V_Compute: 28.019 V
[LIFT] V_Motors: 27.176 V
[LIFT] V_Compute: 28.016 V
[LIFT] V_Motors: 27.166 V
[LIFT] V_Compute: 28.024 V
[LIFT] V_Motors: 27.173 V
[LIFT] V_Compute: 28.024 V
[LIFT] V_Motors: 27.164 V
[LIFT] V_Compute: 28.010 V
[LIFT] V_Motors: 27.142 V
[LIFT] V_Compute: 28.013 V
[LIFT] V_Motors: 27.112 V
[LIFT] V_Compute: 28.009 V
[LIFT] V_Motors: 27.180 V
[LIFT] V_Compute: 27.997 V
[LIFT] V_Motors: 27.138 V
[LIFT] V_Compute: 28.004 V
[LIFT] V_Motors: 27.145 V
[LIFT] V_Compute: 28.003 V
[LIFT] V_Motors: 27.152 V
[LIFT] V_Compute: 27.994 V
[LIFT] V_Motors: 27.144 V
[LIFT] V_Compute: 28.015 V
[LIFT] V_Motors: 27.121 V
[LIFT] V_Compute: 28.021 V
[LIFT] V_Motors: 27.167 V
[LIFT] V_Compute: 28.015 V
[LIFT] V_Motors: 27.169 V
[LIFT] V_Compute: 28.022 V
[LIFT] V_Motors: 27.159 V
[LIFT] V_Compute: 28.021 V
[LIFT] V_Motors: 27.170 V
[LIFT] V_Compute: 28.020 V
[LIFT] V_Motors: 27.183 V
[YOR] follow_path: cleared
[LIFT] V_Compute: 28.019 V
[LIFT] V_Motors: 27.202 V
[LIFT] V_Compute: 28.020 V
[LIFT] V_Motors: 27.202 V
[LIFT] V_Compute: 28.025 V
[LIFT] V_Motors: 27.208 V
[LIFT] V_Compute: 28.022 V
[LIFT] V_Motors: 27.205 V
[LIFT] V_Compute: 28.026 V
[LIFT] V_Motors: 27.209 V
[LIFT] V_Compute: 28.024 V
[LIFT] V_Motors: 27.197 V
[LIFT] V_Compute: 28.019 V
[LIFT] V_Motors: 27.204 V
[LIFT] V_Compute: 28.015 V
[LIFT] V_Motors: 27.205 V
[LIFT] V_Compute: 28.020 V
[LIFT] V_Motors: 27.206 V
[LIFT] V_Compute: 28.016 V
[LIFT] V_Motors: 27.206 V
[YOR] follow_path: n=17 first=(1.570600080490113, -1.0588000297546394) last=(3.2206000804901125, 0.341199970245361)
[LIFT] V_Compute: 28.016 V
[LIFT] V_Motors: 27.159 V
[LIFT] V_Compute: 28.016 V
[LIFT] V_Motors: 27.191 V
[LIFT] V_Compute: 28.022 V
[LIFT] V_Motors: 27.177 V
[LIFT] V_Compute: 28.010 V
[LIFT] V_Motors: 27.185 V
[LIFT] V_Compute: 28.005 V
[LIFT] V_Motors: 27.181 V
[LIFT] V_Compute: 28.024 V
[LIFT] V_Motors: 27.201 V
[LIFT] V_Compute: 28.013 V
[LIFT] V_Motors: 27.187 V
[LIFT] V_Compute: 28.011 V
[LIFT] V_Motors: 27.196 V
[LIFT] V_Compute: 28.014 V
[LIFT] V_Motors: 27.150 V
[LIFT] V_Compute: 28.015 V
[LIFT] V_Motors: 27.166 V
[LIFT] V_Compute: 28.017 V
[LIFT] V_Motors: 27.170 V
[LIFT] V_Compute: 28.014 V
[LIFT] V_Motors: 27.166 V
[LIFT] V_Compute: 28.024 V
[LIFT] V_Motors: 27.177 V
[LIFT] V_Compute: 28.022 V
[LIFT] V_Motors: 27.166 V
[LIFT] V_Compute: 28.019 V
[LIFT] V_Motors: 27.152 V
[LIFT] V_Compute: 28.021 V
[LIFT] V_Motors: 27.167 V
[LIFT] V_Compute: 28.015 V
[LIFT] V_Motors: 27.119 V
[LIFT] V_Compute: 28.020 V
[LIFT] V_Motors: 27.150 V
[LIFT] V_Compute: 28.015 V
[LIFT] V_Motors: 27.142 V
[LIFT] V_Compute: 28.010 V
[LIFT] V_Motors: 27.187 V
[LIFT] V_Compute: 28.015 V
[LIFT] V_Motors: 27.191 V
[LIFT] V_Compute: 28.010 V
[LIFT] V_Motors: 27.194 V
[LIFT] V_Compute: 28.016 V
[LIFT] V_Motors: 27.194 V
[LIFT] V_Compute: 28.009 V
[LIFT] V_Motors: 27.150 V
[LIFT] V_Compute: 28.004 V
[LIFT] V_Motors: 27.151 V
[LIFT] V_Compute: 28.013 V
[LIFT] V_Motors: 27.165 V
[LIFT] V_Compute: 28.007 V
[LIFT] V_Motors: 27.131 V
[YOR] follow_path: cleared
[LIFT] V_Compute: 28.014 V
[LIFT] V_Motors: 27.200 V
[LIFT] V_Compute: 28.013 V
[LIFT] V_Motors: 27.190 V
[LIFT] V_Compute: 28.015 V
[LIFT] V_Motors: 27.205 V
[LIFT] V_Compute: 28.015 V
[LIFT] V_Motors: 27.199 V
[LIFT] V_Compute: 28.016 V
[LIFT] V_Motors: 27.199 V
[LIFT] V_Compute: 28.013 V
[LIFT] V_Motors: 27.196 V
[LIFT] V_Compute: 28.020 V
[LIFT] V_Motors: 27.201 V
[LIFT] V_Compute: 28.004 V
[LIFT] V_Motors: 27.195 V
[LIFT] V_Compute: 28.014 V
[LIFT] V_Motors: 27.204 V
[LIFT] V_Compute: 28.019 V
[LIFT] V_Motors: 27.197 V
[LIFT] V_Compute: 28.017 V
[LIFT] V_Motors: 27.204 V
[LIFT] V_Compute: 28.022 V
[LIFT] V_Motors: 27.199 V
[LIFT] V_Compute: 28.017 V
[LIFT] V_Motors: 27.206 V
[LIFT] V_Compute: 28.004 V
[LIFT] V_Motors: 27.202 V
[LIFT] V_Compute: 28.015 V
[LIFT] V_Motors: 27.208 V
[LIFT] V_Compute: 28.021 V
[LIFT] V_Motors: 27.194 V
[LIFT] V_Compute: 28.014 V
[LIFT] V_Motors: 27.208 V
[LIFT] V_Compute: 28.007 V
[LIFT] V_Motors: 27.199 V
[LIFT] V_Compute: 28.025 V
[LIFT] V_Motors: 27.206 V
[LIFT] V_Compute: 28.020 V
[LIFT] V_Motors: 27.197 V
[LIFT] V_Compute: 28.011 V
[LIFT] V_Motors: 27.205 V
[LIFT] V_Compute: 28.005 V
[LIFT] V_Motors: 27.201 V
[LIFT] V_Compute: 28.020 V
[LIFT] V_Motors: 27.204 V
[LIFT] V_Compute: 28.010 V
[LIFT] V_Motors: 27.200 V
[LIFT] V_Compute: 28.015 V
[LIFT] V_Motors: 27.196 V
[LIFT] V_Compute: 28.010 V
[LIFT] V_Motors: 27.196 V
[LIFT] V_Compute: 28.014 V
[LIFT] V_Motors: 27.205 V
[LIFT] V_Compute: 28.019 V
[LIFT] V_Motors: 27.195 V
[LIFT] V_Compute: 28.016 V
[LIFT] V_Motors: 27.205 V
[LIFT] V_Compute: 28.019 V
[LIFT] V_Motors: 27.197 V
[LIFT] V_Compute: 28.016 V
[LIFT] V_Motors: 27.204 V
[LIFT] V_Compute: 28.015 V
[LIFT] V_Motors: 27.194 V
[LIFT] V_Compute: 28.014 V
[LIFT] V_Motors: 27.202 V
[LIFT] V_Compute: 28.007 V
[LIFT] V_Motors: 27.205 V
[LIFT] V_Compute: 28.020 V
[LIFT] V_Motors: 27.201 V
[LIFT] V_Compute: 28.007 V
[LIFT] V_Motors: 27.204 V
[LIFT] V_Compute: 28.019 V
[LIFT] V_Motors: 27.205 V
[LIFT] V_Compute: 28.010 V
[LIFT] V_Motors: 27.194 V
[LIFT] V_Compute: 28.014 V
[LIFT] V_Motors: 27.197 V
[LIFT] V_Compute: 28.020 V
[LIFT] V_Motors: 27.201 V
[LIFT] V_Compute: 28.020 V
[LIFT] V_Motors: 27.206 V
[LIFT] V_Compute: 28.007 V
[LIFT] V_Motors: 27.201 V
[LIFT] V_Compute: 28.017 V
[LIFT] V_Motors: 27.209 V
[LIFT] V_Compute: 28.009 V
[LIFT] V_Motors: 27.205 V
[LIFT] V_Compute: 28.017 V
[LIFT] V_Motors: 27.202 V
[LIFT] V_Compute: 28.009 V
[LIFT] V_Motors: 27.202 V
[LIFT] V_Compute: 28.016 V
[LIFT] V_Motors: 27.202 V
[LIFT] V_Compute: 28.007 V
[LIFT] V_Motors: 27.199 V
[LIFT] V_Compute: 28.013 V
[LIFT] V_Motors: 27.205 V
[LIFT] V_Compute: 28.009 V
[LIFT] V_Motors: 27.210 V
[LIFT] V_Compute: 28.019 V
[LIFT] V_Motors: 27.210 V
[LIFT] V_Compute: 28.016 V
[LIFT] V_Motors: 27.205 V
[LIFT] V_Compute: 28.000 V
[LIFT] V_Motors: 27.200 V
[LIFT] V_Compute: 28.017 V
[LIFT] V_Motors: 27.205 V
[LIFT] V_Compute: 28.017 V
[LIFT] V_Motors: 27.204 V
[LIFT] V_Compute: 28.009 V
[LIFT] V_Motors: 27.210 V
[LIFT] V_Compute: 28.016 V
[LIFT] V_Motors: 27.205 V
[LIFT] V_Compute: 28.005 V
[LIFT] V_Motors: 27.197 V
[LIFT] V_Compute: 28.013 V
[LIFT] V_Motors: 27.201 V
[LIFT] V_Compute: 28.010 V
[LIFT] V_Motors: 27.208 V
[LIFT] V_Compute: 28.010 V
[LIFT] V_Motors: 27.210 V
[LIFT] V_Compute: 28.011 V
[LIFT] V_Motors: 27.211 V
[LIFT] V_Compute: 28.014 V
[LIFT] V_Motors: 27.205 V
[LIFT] V_Compute: 28.007 V
[LIFT] V_Motors: 27.206 V
[YOR] follow_path: cleared
[LIFT] V_Compute: 28.024 V
[LIFT] V_Motors: 27.205 V
[LIFT] V_Compute: 28.013 V
[LIFT] V_Motors: 27.205 V
[LIFT] V_Compute: 28.017 V
[LIFT] V_Motors: 27.219 V
[LIFT] V_Compute: 28.021 V
[LIFT] V_Motors: 27.212 V
[LIFT] V_Compute: 28.024 V
[LIFT] V_Motors: 27.216 V
[LIFT] V_Compute: 28.022 V
[LIFT] V_Motors: 27.211 V
[LIFT] V_Compute: 28.022 V
[LIFT] V_Motors: 27.218 V
[LIFT] V_Compute: 28.011 V
[LIFT] V_Motors: 27.211 V
[LIFT] V_Compute: 27.999 V
[LIFT] V_Motors: 27.199 V
[LIFT] V_Compute: 27.995 V
[LIFT] V_Motors: 27.202 V
[LIFT] V_Compute: 28.015 V
[LIFT] V_Motors: 27.209 V
[LIFT] V_Compute: 28.010 V
[LIFT] V_Motors: 27.202 V
[LIFT] V_Compute: 28.010 V
[LIFT] V_Motors: 27.196 V
[LIFT] V_Compute: 28.022 V
[LIFT] V_Motors: 27.204 V
[LIFT] V_Compute: 28.022 V
[LIFT] V_Motors: 27.210 V
[LIFT] V_Compute: 28.010 V
[LIFT] V_Motors: 27.202 V
[LIFT] V_Compute: 28.020 V
[LIFT] V_Motors: 27.208 V
[LIFT] V_Compute: 28.006 V
[LIFT] V_Motors: 27.192 V
[LIFT] V_Compute: 28.019 V
[LIFT] V_Motors: 27.208 V
[LIFT] V_Compute: 28.007 V
[LIFT] V_Motors: 27.201 V
[LIFT] V_Compute: 28.010 V
[LIFT] V_Motors: 27.208 V
[LIFT] V_Compute: 28.016 V
[LIFT] V_Motors: 27.204 V
[LIFT] V_Compute: 28.010 V
[LIFT] V_Motors: 27.205 V
[LIFT] V_Compute: 28.009 V
[LIFT] V_Motors: 27.208 V
[LIFT] V_Compute: 28.022 V
[LIFT] V_Motors: 27.215 V
[LIFT] V_Compute: 28.014 V
[LIFT] V_Motors: 27.206 V
[LIFT] V_Compute: 28.016 V
[LIFT] V_Motors: 27.199 V
[LIFT] V_Compute: 28.007 V
[LIFT] V_Motors: 27.206 V
[LIFT] V_Compute: 28.014 V
[LIFT] V_Motors: 27.205 V
[LIFT] V_Compute: 28.016 V
[LIFT] V_Motors: 27.204 V
[LIFT] V_Compute: 28.020 V
[LIFT] V_Motors: 27.208 V
[LIFT] V_Compute: 28.011 V
[LIFT] V_Motors: 27.210 V
[LIFT] V_Compute: 28.024 V
[LIFT] V_Motors: 27.208 V
[LIFT] V_Compute: 28.020 V
[LIFT] V_Motors: 27.204 V
[LIFT] V_Compute: 28.016 V
[LIFT] V_Motors: 27.211 V
[YOR] follow_path: n=8 first=(-0.016600006818771385, -0.01780014038085964) last=(1.0833999931812286, 0.6321998596191403)
[LIFT] V_Compute: 28.020 V
[LIFT] V_Motors: 27.181 V
[LIFT] V_Compute: 28.014 V
[LIFT] V_Motors: 27.202 V
[LIFT] V_Compute: 28.009 V
[LIFT] V_Motors: 27.204 V
[LIFT] V_Compute: 28.014 V
[LIFT] V_Motors: 27.164 V
[LIFT] V_Compute: 28.007 V
[LIFT] V_Motors: 27.138 V
[LIFT] V_Compute: 28.009 V
[LIFT] V_Motors: 27.176 V
[LIFT] V_Compute: 28.006 V
[LIFT] V_Motors: 27.155 V
[LIFT] V_Compute: 28.019 V
[LIFT] V_Motors: 27.174 V
[LIFT] V_Compute: 28.006 V
[LIFT] V_Motors: 27.160 V
[LIFT] V_Compute: 28.020 V
[LIFT] V_Motors: 27.177 V
[LIFT] V_Compute: 28.015 V
[LIFT] V_Motors: 27.183 V
[LIFT] V_Compute: 28.013 V
[LIFT] V_Motors: 27.197 V
[YOR] follow_path: cleared
[LIFT] V_Compute: 28.016 V
[LIFT] V_Motors: 27.199 V
[LIFT] V_Compute: 28.019 V
[LIFT] V_Motors: 27.202 V
[LIFT] V_Compute: 28.013 V
[LIFT] V_Motors: 27.197 V
[LIFT] V_Compute: 28.016 V
[LIFT] V_Motors: 27.205 V
[LIFT] V_Compute: 28.019 V
[LIFT] V_Motors: 27.200 V
[LIFT] V_Compute: 28.019 V
[LIFT] V_Motors: 27.204 V
[YOR] follow_path: n=6 first=(1.0673000007867814, 0.6348998069763176) last=(0.36730000078678127, 1.284899806976318)
[LIFT] V_Compute: 28.011 V
[LIFT] V_Motors: 27.157 V
[LIFT] V_Compute: 28.011 V
[LIFT] V_Motors: 27.185 V
[LIFT] V_Compute: 28.011 V
[LIFT] V_Motors: 27.176 V
[LIFT] V_Compute: 28.021 V
[LIFT] V_Motors: 27.163 V
[LIFT] V_Compute: 28.014 V
[LIFT] V_Motors: 27.169 V
[LIFT] V_Compute: 28.015 V
[LIFT] V_Motors: 27.190 V
[LIFT] V_Compute: 28.013 V
[LIFT] V_Motors: 27.152 V
[LIFT] V_Compute: 28.013 V
[LIFT] V_Motors: 27.144 V
[LIFT] V_Compute: 28.017 V
[LIFT] V_Motors: 27.152 V
[LIFT] V_Compute: 28.011 V
[LIFT] V_Motors: 27.159 V
[LIFT] V_Compute: 28.015 V
[LIFT] V_Motors: 27.150 V
[LIFT] V_Compute: 28.009 V
[LIFT] V_Motors: 27.135 V
[LIFT] V_Compute: 28.017 V
[LIFT] V_Motors: 27.187 V
[LIFT] V_Compute: 28.014 V
[LIFT] V_Motors: 27.199 V
[LIFT] V_Compute: 28.009 V
[LIFT] V_Motors: 27.199 V
[LIFT] V_Compute: 28.025 V
[LIFT] V_Motors: 27.200 V
[LIFT] V_Compute: 28.005 V
[LIFT] V_Motors: 27.199 V
[LIFT] V_Compute: 28.019 V
[LIFT] V_Motors: 27.205 V
[LIFT] V_Compute: 28.021 V
[LIFT] V_Motors: 27.200 V
[LIFT] V_Compute: 28.017 V
[LIFT] V_Motors: 27.204 V
[LIFT] V_Compute: 28.004 V
[LIFT] V_Motors: 27.191 V
[LIFT] V_Compute: 28.015 V
[LIFT] V_Motors: 27.205 V
[LIFT] V_Compute: 28.009 V
[LIFT] V_Motors: 27.199 V
[LIFT] V_Compute: 28.014 V
[LIFT] V_Motors: 27.202 V
[LIFT] V_Compute: 28.007 V
[LIFT] V_Motors: 27.206 V
[LIFT] V_Compute: 28.017 V
[LIFT] V_Motors: 27.159 V
[LIFT] V_Compute: 28.000 V
[LIFT] V_Motors: 27.177 V
[LIFT] V_Compute: 28.017 V
[LIFT] V_Motors: 27.156 V
[LIFT] V_Compute: 28.010 V
[LIFT] V_Motors: 27.175 V
[LIFT] V_Compute: 28.006 V
[LIFT] V_Motors: 27.181 V
[LIFT] V_Compute: 28.016 V
[LIFT] V_Motors: 27.183 V
[LIFT] V_Compute: 28.011 V
[LIFT] V_Motors: 27.195 V
[LIFT] V_Compute: 28.007 V
[LIFT] V_Motors: 27.197 V
[LIFT] V_Compute: 28.020 V
[LIFT] V_Motors: 27.200 V
[LIFT] V_Compute: 28.013 V
[LIFT] V_Motors: 27.195 V
[LIFT] V_Compute: 28.016 V
[LIFT] V_Motors: 27.201 V
[LIFT] V_Compute: 28.006 V
[LIFT] V_Motors: 27.196 V
[LIFT] V_Compute: 28.011 V
[LIFT] V_Motors: 27.202 V
[LIFT] V_Compute: 28.011 V
[LIFT] V_Motors: 27.199 V
[LIFT] V_Compute: 28.020 V
[LIFT] V_Motors: 27.208 V
[LIFT] V_Compute: 28.015 V
[LIFT] V_Motors: 27.197 V
[LIFT] V_Compute: 28.016 V
[LIFT] V_Motors: 27.205 V
[LIFT] V_Compute: 28.010 V
[LIFT] V_Motors: 27.208 V
[LIFT] V_Compute: 28.014 V
[LIFT] V_Motors: 27.205 V
[LIFT] V_Compute: 28.014 V
[LIFT] V_Motors: 27.197 V
[LIFT] V_Compute: 28.015 V
[LIFT] V_Motors: 27.208 V
[LIFT] V_Compute: 28.020 V
[LIFT] V_Motors: 27.195 V
[LIFT] V_Compute: 28.010 V
[LIFT] V_Motors: 27.204 V
[LIFT] V_Compute: 27.997 V
[LIFT] V_Motors: 27.191 V
[LIFT] V_Compute: 28.019 V
[LIFT] V_Motors: 27.206 V
[LIFT] V_Compute: 28.020 V
[LIFT] V_Motors: 27.208 V
[LIFT] V_Compute: 28.017 V
[LIFT] V_Motors: 27.201 V
[LIFT] V_Compute: 28.013 V
[LIFT] V_Motors: 27.199 V
[YOR] follow_path: cleared
[LIFT] V_Compute: 28.017 V
[LIFT] V_Motors: 27.197 V
[LIFT] V_Compute: 28.020 V
[LIFT] V_Motors: 27.202 V
[LIFT] V_Compute: 28.020 V
[LIFT] V_Motors: 27.204 V
[LIFT] V_Compute: 28.015 V
[LIFT] V_Motors: 27.191 V
[YOR] follow_path: n=18 first=(0.3250000000000002, 0.9917997360229487) last=(-2.6249999999999996, -0.6582002639770517)
[LIFT] V_Compute: 28.016 V
[LIFT] V_Motors: 27.120 V
[LIFT] V_Compute: 28.011 V
[LIFT] V_Motors: 27.154 V
[LIFT] V_Compute: 28.013 V
[LIFT] V_Motors: 27.176 V
[LIFT] V_Compute: 28.020 V
[LIFT] V_Motors: 27.159 V
[LIFT] V_Compute: 28.022 V
[LIFT] V_Motors: 27.144 V
[LIFT] V_Compute: 28.021 V
[LIFT] V_Motors: 27.167 V
[LIFT] V_Compute: 28.009 V
[LIFT] V_Motors: 27.139 V
[LIFT] V_Compute: 28.014 V
[LIFT] V_Motors: 27.166 V
[LIFT] V_Compute: 27.987 V
[LIFT] V_Motors: 27.147 V
[LIFT] V_Compute: 28.013 V
[LIFT] V_Motors: 27.147 V
[LIFT] V_Compute: 28.003 V
[LIFT] V_Motors: 27.165 V
[LIFT] V_Compute: 28.007 V
[LIFT] V_Motors: 27.146 V
[LIFT] V_Compute: 28.016 V
[LIFT] V_Motors: 27.177 V
[LIFT] V_Compute: 28.011 V
[LIFT] V_Motors: 27.170 V
[LIFT] V_Compute: 28.015 V
[LIFT] V_Motors: 27.167 V
[LIFT] V_Compute: 28.010 V
[LIFT] V_Motors: 27.159 V
[LIFT] V_Compute: 28.015 V
[LIFT] V_Motors: 27.171 V
[LIFT] V_Compute: 28.013 V
[LIFT] V_Motors: 27.165 V
[LIFT] V_Compute: 28.009 V
[LIFT] V_Motors: 27.151 V
[LIFT] V_Compute: 27.997 V
[LIFT] V_Motors: 27.150 V
[LIFT] V_Compute: 27.995 V
[LIFT] V_Motors: 27.183 V
[LIFT] V_Compute: 28.004 V
[LIFT] V_Motors: 27.157 V
[LIFT] V_Compute: 28.001 V
[LIFT] V_Motors: 27.186 V
[LIFT] V_Compute: 28.014 V
[LIFT] V_Motors: 27.196 V
[LIFT] V_Compute: 27.997 V
[LIFT] V_Motors: 27.194 V
[LIFT] V_Compute: 28.006 V
[LIFT] V_Motors: 27.200 V
[LIFT] V_Compute: 28.014 V
[LIFT] V_Motors: 27.205 V
[LIFT] V_Compute: 28.017 V
[LIFT] V_Motors: 27.200 V
[LIFT] V_Compute: 28.013 V
[LIFT] V_Motors: 27.196 V
[LIFT] V_Compute: 28.006 V
[LIFT] V_Motors: 27.196 V
[LIFT] V_Compute: 28.016 V
[LIFT] V_Motors: 27.197 V
[LIFT] V_Compute: 28.010 V
[LIFT] V_Motors: 27.197 V
[LIFT] V_Compute: 28.011 V
[LIFT] V_Motors: 27.194 V
[LIFT] V_Compute: 28.014 V
[LIFT] V_Motors: 27.201 V
[LIFT] V_Compute: 28.010 V
[LIFT] V_Motors: 27.202 V
[LIFT] V_Compute: 28.017 V
[LIFT] V_Motors: 27.204 V
[LIFT] V_Compute: 28.011 V
[LIFT] V_Motors: 27.201 V
[LIFT] V_Compute: 28.005 V
[LIFT] V_Motors: 27.199 V
[LIFT] V_Compute: 28.013 V
[LIFT] V_Motors: 27.197 V
[YOR] follow_path: cleared
[LIFT] V_Compute: 27.997 V
[LIFT] V_Motors: 27.190 V
[LIFT] V_Compute: 28.011 V
[LIFT] V_Motors: 27.200 V
[LIFT] V_Compute: 28.011 V
[LIFT] V_Motors: 27.205 V
[YOR] follow_path: n=18 first=(-2.6378995895385744, -0.6582002639770517) last=(0.46210041046142614, 0.7417997360229487)
[LIFT] V_Compute: 27.995 V
[LIFT] V_Motors: 27.157 V
[LIFT] V_Compute: 28.016 V
[LIFT] V_Motors: 27.179 V
[LIFT] V_Compute: 28.014 V
[LIFT] V_Motors: 27.175 V
[LIFT] V_Compute: 28.010 V
[LIFT] V_Motors: 27.175 V
[LIFT] V_Compute: 28.005 V
[LIFT] V_Motors: 27.173 V
[LIFT] V_Compute: 28.006 V
[LIFT] V_Motors: 27.190 V
[LIFT] V_Compute: 28.010 V
[LIFT] V_Motors: 27.189 V
[LIFT] V_Compute: 28.015 V
[LIFT] V_Motors: 27.181 V
[LIFT] V_Compute: 28.010 V
[LIFT] V_Motors: 27.195 V
[LIFT] V_Compute: 28.016 V
[LIFT] V_Motors: 27.146 V
[LIFT] V_Compute: 28.005 V
[LIFT] V_Motors: 27.167 V
[LIFT] V_Compute: 28.016 V
[LIFT] V_Motors: 27.179 V
[LIFT] V_Compute: 28.009 V
[LIFT] V_Motors: 27.159 V
[LIFT] V_Compute: 28.009 V
[LIFT] V_Motors: 27.164 V
[LIFT] V_Compute: 28.011 V
[LIFT] V_Motors: 27.154 V
[LIFT] V_Compute: 28.014 V
[LIFT] V_Motors: 27.142 V
[LIFT] V_Compute: 28.017 V
[LIFT] V_Motors: 27.147 V
[LIFT] V_Compute: 28.015 V
[LIFT] V_Motors: 27.164 V
[LIFT] V_Compute: 28.009 V
[LIFT] V_Motors: 27.147 V
[LIFT] V_Compute: 28.013 V
[LIFT] V_Motors: 27.149 V
[LIFT] V_Compute: 28.007 V
[LIFT] V_Motors: 27.149 V
[LIFT] V_Compute: 28.015 V
[LIFT] V_Motors: 27.152 V
[LIFT] V_Compute: 28.016 V
[LIFT] V_Motors: 27.150 V
[LIFT] V_Compute: 28.013 V
[LIFT] V_Motors: 27.166 V
[LIFT] V_Compute: 28.003 V
[LIFT] V_Motors: 27.161 V
[LIFT] V_Compute: 28.009 V
[LIFT] V_Motors: 27.166 V
[LIFT] V_Compute: 28.013 V
[LIFT] V_Motors: 27.150 V
[LIFT] V_Compute: 28.010 V
[LIFT] V_Motors: 27.181 V
[YOR] follow_path: cleared
[LIFT] V_Compute: 28.006 V
[LIFT] V_Motors: 27.186 V
[LIFT] V_Compute: 28.011 V
[LIFT] V_Motors: 27.192 V
[LIFT] V_Compute: 28.016 V
[LIFT] V_Motors: 27.197 V
[LIFT] V_Compute: 28.009 V
[LIFT] V_Motors: 27.194 V
[LIFT] V_Compute: 28.017 V
[LIFT] V_Motors: 27.201 V
[LIFT] V_Compute: 28.016 V
[LIFT] V_Motors: 27.199 V
[LIFT] V_Compute: 28.015 V
[LIFT] V_Motors: 27.194 V
[LIFT] V_Compute: 28.010 V
[LIFT] V_Motors: 27.192 V
[LIFT] V_Compute: 28.015 V
[LIFT] V_Motors: 27.199 V
[LIFT] V_Compute: 27.999 V
[LIFT] V_Motors: 27.190 V
[LIFT] V_Compute: 28.007 V
[LIFT] V_Motors: 27.199 V
[LIFT] V_Compute: 28.013 V
[LIFT] V_Motors: 27.195 V
[LIFT] V_Compute: 28.005 V
[LIFT] V_Motors: 27.202 V
[LIFT] V_Compute: 28.004 V
[LIFT] V_Motors: 27.196 V
[LIFT] V_Compute: 28.010 V
[LIFT] V_Motors: 27.202 V
[LIFT] V_Compute: 28.011 V
[LIFT] V_Motors: 27.197 V
[LIFT] V_Compute: 28.014 V
[LIFT] V_Motors: 27.199 V
[LIFT] V_Compute: 27.995 V
[LIFT] V_Motors: 27.183 V
[LIFT] V_Compute: 28.006 V
[LIFT] V_Motors: 27.197 V
[LIFT] V_Compute: 28.013 V
[LIFT] V_Motors: 27.199 V
[LIFT] V_Compute: 28.003 V
[LIFT] V_Motors: 27.199 V
[LIFT] V_Compute: 28.011 V
[LIFT] V_Motors: 27.197 V
[LIFT] V_Compute: 28.001 V
[LIFT] V_Motors: 27.196 V
[LIFT] V_Compute: 28.009 V
[LIFT] V_Motors: 27.196 V
[LIFT] V_Compute: 28.003 V
[LIFT] V_Motors: 27.196 V
[LIFT] V_Compute: 28.003 V
[LIFT] V_Motors: 27.196 V
[LIFT] V_Compute: 28.006 V
[LIFT] V_Motors: 27.200 V
[LIFT] V_Compute: 28.016 V
[LIFT] V_Motors: 27.206 V
[LIFT] V_Compute: 28.015 V
[LIFT] V_Motors: 27.202 V
[LIFT] V_Compute: 28.004 V
[LIFT] V_Motors: 27.197 V
[LIFT] V_Compute: 28.007 V
[LIFT] V_Motors: 27.195 V
[LIFT] V_Compute: 28.016 V
[LIFT] V_Motors: 27.196 V
[LIFT] V_Compute: 28.006 V
[LIFT] V_Motors: 27.201 V
[LIFT] V_Compute: 28.010 V
[LIFT] V_Motors: 27.195 V
[LIFT] V_Compute: 28.007 V
[LIFT] V_Motors: 27.195 V
[LIFT] V_Compute: 28.009 V
[LIFT] V_Motors: 27.196 V
[LIFT] V_Compute: 28.007 V
[LIFT] V_Motors: 27.202 V
[LIFT] V_Compute: 28.016 V
[LIFT] V_Motors: 27.199 V
[LIFT] V_Compute: 28.011 V
[LIFT] V_Motors: 27.202 V
[LIFT] V_Compute: 28.011 V
[LIFT] V_Motors: 27.199 V
[LIFT] V_Compute: 28.014 V
[LIFT] V_Motors: 27.200 V
[LIFT] V_Compute: 28.005 V
[LIFT] V_Motors: 27.196 V
[YOR] follow_path: cleared
[LIFT] V_Compute: 28.013 V
[LIFT] V_Motors: 27.202 V
[LIFT] V_Compute: 28.011 V
[LIFT] V_Motors: 27.204 V
[LIFT] V_Compute: 28.014 V
[LIFT] V_Motors: 27.210 V
[LIFT] V_Compute: 28.005 V
[LIFT] V_Motors: 27.204 V
[LIFT] V_Compute: 28.007 V
[LIFT] V_Motors: 27.204 V
[LIFT] V_Compute: 28.015 V
[LIFT] V_Motors: 27.212 V
[LIFT] V_Compute: 28.014 V
[LIFT] V_Motors: 27.208 V
[LIFT] V_Compute: 28.016 V
[LIFT] V_Motors: 27.211 V
[LIFT] V_Compute: 28.019 V
[LIFT] V_Motors: 27.210 V
[LIFT] V_Compute: 28.013 V
[LIFT] V_Motors: 27.208 V
[LIFT] V_Compute: 28.020 V
[LIFT] V_Motors: 27.214 V
[LIFT] V_Compute: 28.026 V
[LIFT] V_Motors: 27.210 V
[LIFT] V_Compute: 28.017 V
[LIFT] V_Motors: 27.214 V
[LIFT] V_Compute: 28.024 V
[LIFT] V_Motors: 27.211 V
[LIFT] V_Compute: 28.022 V
[LIFT] V_Motors: 27.215 V
[LIFT] V_Compute: 28.020 V
[LIFT] V_Motors: 27.218 V
[LIFT] V_Compute: 28.021 V
[LIFT] V_Motors: 27.211 V
[LIFT] V_Compute: 28.025 V
[LIFT] V_Motors: 27.208 V
[LIFT] V_Compute: 28.025 V
[LIFT] V_Motors: 27.208 V
[LIFT] V_Compute: 28.020 V
[LIFT] V_Motors: 27.218 V
[LIFT] V_Compute: 28.017 V
[LIFT] V_Motors: 27.218 V
[LIFT] V_Compute: 28.021 V
[LIFT] V_Motors: 27.215 V
[LIFT] V_Compute: 28.025 V
[LIFT] V_Motors: 27.214 V
[LIFT] V_Compute: 28.027 V
[LIFT] V_Motors: 27.214 V
[LIFT] V_Compute: 28.017 V
[LIFT] V_Motors: 27.212 V
[LIFT] V_Compute: 28.015 V
[LIFT] V_Motors: 27.208 V
[LIFT] V_Compute: 28.001 V
[LIFT] V_Motors: 27.194 V
[LIFT] V_Compute: 28.003 V
[LIFT] V_Motors: 27.192 V
[LIFT] V_Compute: 28.004 V
[LIFT] V_Motors: 27.197 V
[LIFT] V_Compute: 28.006 V
[LIFT] V_Motors: 27.200 V
[LIFT] V_Compute: 27.996 V
[LIFT] V_Motors: 27.201 V
[LIFT] V_Compute: 28.016 V
[LIFT] V_Motors: 27.196 V
[LIFT] V_Compute: 28.019 V
[LIFT] V_Motors: 27.214 V
[LIFT] V_Compute: 28.026 V
[LIFT] V_Motors: 27.215 V
[LIFT] V_Compute: 28.024 V
[LIFT] V_Motors: 27.214 V
[LIFT] V_Compute: 28.022 V
[LIFT] V_Motors: 27.212 V
[LIFT] V_Compute: 28.020 V
[LIFT] V_Motors: 27.209 V
[LIFT] V_Compute: 28.017 V
[LIFT] V_Motors: 27.211 V
[LIFT] V_Compute: 28.021 V
[LIFT] V_Motors: 27.212 V
[LIFT] V_Compute: 28.017 V
[LIFT] V_Motors: 27.212 V
[LIFT] V_Compute: 28.015 V
[LIFT] V_Motors: 27.204 V
[LIFT] V_Compute: 28.021 V
[LIFT] V_Motors: 27.216 V
[LIFT] V_Compute: 28.016 V
[LIFT] V_Motors: 27.212 V
[LIFT] V_Compute: 28.020 V
[LIFT] V_Motors: 27.206 V
[LIFT] V_Compute: 28.029 V
[LIFT] V_Motors: 27.208 V
[LIFT] V_Compute: 28.016 V
[LIFT] V_Motors: 27.212 V
[LIFT] V_Compute: 28.017 V
[LIFT] V_Motors: 27.210 V
[LIFT] V_Compute: 28.020 V
[LIFT] V_Motors: 27.219 V
[LIFT] V_Compute: 28.022 V
[LIFT] V_Motors: 27.214 V
[LIFT] V_Compute: 28.026 V
[LIFT] V_Motors: 27.214 V
[LIFT] V_Compute: 28.025 V
[LIFT] V_Motors: 27.215 V
[LIFT] V_Compute: 28.019 V
[LIFT] V_Motors: 27.210 V
[LIFT] V_Compute: 28.020 V
[LIFT] V_Motors: 27.212 V
[LIFT] V_Compute: 28.017 V
[LIFT] V_Motors: 27.216 V
[LIFT] V_Compute: 28.016 V
[LIFT] V_Motors: 27.205 V
[LIFT] V_Compute: 28.020 V
[LIFT] V_Motors: 27.214 V
[LIFT] V_Compute: 28.017 V
[LIFT] V_Motors: 27.212 V
[LIFT] V_Compute: 28.021 V
[LIFT] V_Motors: 27.211 V
[LIFT] V_Compute: 28.022 V
[LIFT] V_Motors: 27.210 V
[LIFT] V_Compute: 28.017 V
[LIFT] V_Motors: 27.216 V
[LIFT] V_Compute: 28.020 V
[LIFT] V_Motors: 27.216 V
[LIFT] V_Compute: 28.019 V
[LIFT] V_Motors: 27.216 V
[LIFT] V_Compute: 28.021 V
[LIFT] V_Motors: 27.212 V
[LIFT] V_Compute: 28.014 V
[LIFT] V_Motors: 27.211 V
[LIFT] V_Compute: 28.021 V
[LIFT] V_Motors: 27.220 V
[LIFT] V_Compute: 28.010 V
[LIFT] V_Motors: 27.200 V
[LIFT] V_Compute: 28.020 V
[LIFT] V_Motors: 27.214 V
[LIFT] V_Compute: 28.017 V
[LIFT] V_Motors: 27.214 V
[LIFT] V_Compute: 28.024 V
[LIFT] V_Motors: 27.214 V
[LIFT] V_Compute: 28.019 V
[LIFT] V_Motors: 27.212 V
[LIFT] V_Compute: 28.021 V
[LIFT] V_Motors: 27.211 V
[LIFT] V_Compute: 28.013 V
[LIFT] V_Motors: 27.204 V
[LIFT] V_Compute: 28.022 V
[LIFT] V_Motors: 27.211 V
[LIFT] V_Compute: 28.025 V
[LIFT] V_Motors: 27.214 V
[LIFT] V_Compute: 28.024 V
[LIFT] V_Motors: 27.215 V
[LIFT] V_Compute: 28.026 V
[LIFT] V_Motors: 27.214 V
[LIFT] V_Compute: 28.022 V
[LIFT] V_Motors: 27.210 V
[LIFT] V_Compute: 28.019 V
[LIFT] V_Motors: 27.215 V
[LIFT] V_Compute: 28.020 V
[LIFT] V_Motors: 27.212 V
[LIFT] V_Compute: 28.025 V
[LIFT] V_Motors: 27.212 V
[LIFT] V_Compute: 28.031 V
[LIFT] V_Motors: 27.218 V
[LIFT] V_Compute: 28.017 V
[LIFT] V_Motors: 27.214 V
[LIFT] V_Compute: 28.007 V
[LIFT] V_Motors: 27.206 V
[LIFT] V_Compute: 28.013 V
[LIFT] V_Motors: 27.212 V
[LIFT] V_Compute: 28.020 V
[LIFT] V_Motors: 27.211 V
[LIFT] V_Compute: 28.022 V
[LIFT] V_Motors: 27.218 V
[LIFT] V_Compute: 28.022 V
[LIFT] V_Motors: 27.210 V
[LIFT] V_Compute: 28.021 V
[LIFT] V_Motors: 27.216 V
[LIFT] V_Compute: 28.022 V
[LIFT] V_Motors: 27.216 V
[LIFT] V_Compute: 28.025 V
[LIFT] V_Motors: 27.210 V
[LIFT] V_Compute: 28.019 V
[LIFT] V_Motors: 27.212 V
[LIFT] V_Compute: 28.020 V
[LIFT] V_Motors: 27.214 V
[LIFT] V_Compute: 28.026 V
[LIFT] V_Motors: 27.212 V
[LIFT] V_Compute: 28.025 V
[LIFT] V_Motors: 27.211 V
[LIFT] V_Compute: 28.022 V
[LIFT] V_Motors: 27.214 V
[LIFT] V_Compute: 28.022 V
[LIFT] V_Motors: 27.214 V
[LIFT] V_Compute: 28.015 V
[LIFT] V_Motors: 27.219 V
[LIFT] V_Compute: 28.021 V
[LIFT] V_Motors: 27.210 V
[LIFT] V_Compute: 28.021 V
[LIFT] V_Motors: 27.215 V
[LIFT] V_Compute: 28.022 V
[LIFT] V_Motors: 27.215 V
[LIFT] V_Compute: 28.019 V
[LIFT] V_Motors: 27.211 V
[LIFT] V_Compute: 28.029 V
[LIFT] V_Motors: 27.215 V
[LIFT] V_Compute: 28.026 V
[LIFT] V_Motors: 27.214 V
[LIFT] V_Compute: 28.025 V
[LIFT] V_Motors: 27.215 V
[LIFT] V_Compute: 28.026 V
[LIFT] V_Motors: 27.220 V
[LIFT] V_Compute: 28.021 V
[LIFT] V_Motors: 27.216 V
[LIFT] V_Compute: 28.021 V
[LIFT] V_Motors: 27.215 V
[LIFT] V_Compute: 28.025 V
[LIFT] V_Motors: 27.218 V
[LIFT] V_Compute: 28.029 V
[LIFT] V_Motors: 27.216 V
[LIFT] V_Compute: 28.025 V
[LIFT] V_Motors: 27.216 V
[LIFT] V_Compute: 28.019 V
[LIFT] V_Motors: 27.216 V
[LIFT] V_Compute: 28.024 V
[LIFT] V_Motors: 27.218 V
[LIFT] V_Compute: 28.021 V
[LIFT] V_Motors: 27.218 V
[LIFT] V_Compute: 28.029 V
[LIFT] V_Motors: 27.212 V
[LIFT] V_Compute: 28.020 V
[LIFT] V_Motors: 27.215 V
[LIFT] V_Compute: 28.026 V
[LIFT] V_Motors: 27.216 V
[LIFT] V_Compute: 28.014 V
[LIFT] V_Motors: 27.204 V
[LIFT] V_Compute: 28.016 V
[LIFT] V_Motors: 27.215 V
[LIFT] V_Compute: 28.019 V
[LIFT] V_Motors: 27.216 V
[LIFT] V_Compute: 28.010 V
[LIFT] V_Motors: 27.218 V
[LIFT] V_Compute: 28.016 V
[LIFT] V_Motors: 27.216 V
[LIFT] V_Compute: 28.020 V
[LIFT] V_Motors: 27.219 V
[LIFT] V_Compute: 28.021 V
[LIFT] V_Motors: 27.216 V
[LIFT] V_Compute: 28.022 V
[LIFT] V_Motors: 27.214 V
[LIFT] V_Compute: 28.029 V
[LIFT] V_Motors: 27.212 V
[LIFT] V_Compute: 28.022 V
[LIFT] V_Motors: 27.218 V
[LIFT] V_Compute: 28.022 V
[LIFT] V_Motors: 27.216 V
[LIFT] V_Compute: 28.024 V
[LIFT] V_Motors: 27.212 V
[LIFT] V_Compute: 28.016 V
[LIFT] V_Motors: 27.212 V
[LIFT] V_Compute: 28.030 V
[LIFT] V_Motors: 27.216 V
[LIFT] V_Compute: 28.020 V
[LIFT] V_Motors: 27.215 V
[LIFT] V_Compute: 28.027 V
[LIFT] V_Motors: 27.215 V
[LIFT] V_Compute: 28.025 V
[LIFT] V_Motors: 27.218 V
[LIFT] V_Compute: 28.004 V
[LIFT] V_Motors: 27.202 V
[LIFT] V_Compute: 28.017 V
[LIFT] V_Motors: 27.220 V
[LIFT] V_Compute: 28.019 V
[LIFT] V_Motors: 27.211 V
[LIFT] V_Compute: 28.024 V
[LIFT] V_Motors: 27.220 V
[LIFT] V_Compute: 28.025 V
[LIFT] V_Motors: 27.218 V
[LIFT] V_Compute: 28.017 V
[LIFT] V_Motors: 27.215 V
[LIFT] V_Compute: 28.017 V
[LIFT] V_Motors: 27.215 V
[LIFT] V_Compute: 28.017 V
[LIFT] V_Motors: 27.214 V
[LIFT] V_Compute: 28.024 V
[LIFT] V_Motors: 27.214 V
[LIFT] V_Compute: 28.027 V
[LIFT] V_Motors: 27.220 V
[LIFT] V_Compute: 28.026 V
[LIFT] V_Motors: 27.214 V
[LIFT] V_Compute: 28.024 V
[LIFT] V_Motors: 27.220 V
[LIFT] V_Compute: 28.014 V
[LIFT] V_Motors: 27.210 V
[LIFT] V_Compute: 28.001 V
[LIFT] V_Motors: 27.201 V
[LIFT] V_Compute: 28.014 V
[LIFT] V_Motors: 27.206 V
[LIFT] V_Compute: 28.010 V
[LIFT] V_Motors: 27.210 V
[LIFT] V_Compute: 28.006 V
[LIFT] V_Motors: 27.205 V
[LIFT] V_Compute: 28.006 V
[LIFT] V_Motors: 27.205 V
[LIFT] V_Compute: 27.999 V
[LIFT] V_Motors: 27.196 V
[LIFT] V_Compute: 28.021 V
[LIFT] V_Motors: 27.218 V
[LIFT] V_Compute: 28.015 V
[LIFT] V_Motors: 27.219 V
[LIFT] V_Compute: 28.026 V
[LIFT] V_Motors: 27.218 V
[LIFT] V_Compute: 28.022 V
[LIFT] V_Motors: 27.214 V
[LIFT] V_Compute: 28.019 V
[LIFT] V_Motors: 27.214 V
[LIFT] V_Compute: 28.016 V
[LIFT] V_Motors: 27.210 V
[LIFT] V_Compute: 28.021 V
[LIFT] V_Motors: 27.216 V
[LIFT] V_Compute: 28.026 V
[LIFT] V_Motors: 27.218 V
[LIFT] V_Compute: 28.022 V
[LIFT] V_Motors: 27.216 V
[LIFT] V_Compute: 28.020 V
[LIFT] V_Motors: 27.218 V
[LIFT] V_Compute: 28.022 V
[LIFT] V_Motors: 27.214 V
[LIFT] V_Compute: 28.022 V
[LIFT] V_Motors: 27.216 V
[LIFT] V_Compute: 28.022 V
[LIFT] V_Motors: 27.215 V
[LIFT] V_Compute: 28.027 V
[LIFT] V_Motors: 27.216 V
[LIFT] V_Compute: 28.027 V
[LIFT] V_Motors: 27.216 V
[LIFT] V_Compute: 28.022 V
[LIFT] V_Motors: 27.212 V
[LIFT] V_Compute: 28.024 V
[LIFT] V_Motors: 27.216 V
[LIFT] V_Compute: 28.027 V
[LIFT] V_Motors: 27.216 V
[LIFT] V_Compute: 28.026 V
[LIFT] V_Motors: 27.215 V
[LIFT] V_Compute: 28.026 V
[LIFT] V_Motors: 27.214 V
[LIFT] V_Compute: 28.021 V
[LIFT] V_Motors: 27.205 V
[LIFT] V_Compute: 28.006 V
[LIFT] V_Motors: 27.199 V
[LIFT] V_Compute: 28.020 V
[LIFT] V_Motors: 27.215 V
[LIFT] V_Compute: 28.024 V
[LIFT] V_Motors: 27.212 V
[LIFT] V_Compute: 28.016 V
[LIFT] V_Motors: 27.214 V
[LIFT] V_Compute: 28.021 V
[LIFT] V_Motors: 27.218 V
[LIFT] V_Compute: 28.024 V
[LIFT] V_Motors: 27.219 V
[LIFT] V_Compute: 28.026 V
[LIFT] V_Motors: 27.214 V
[LIFT] V_Compute: 28.016 V
[LIFT] V_Motors: 27.211 V
[LIFT] V_Compute: 28.022 V
[LIFT] V_Motors: 27.212 V
[LIFT] V_Compute: 28.025 V
[LIFT] V_Motors: 27.212 V
[LIFT] V_Compute: 28.026 V
[LIFT] V_Motors: 27.215 V
[LIFT] V_Compute: 28.013 V
[LIFT] V_Motors: 27.210 V
[LIFT] V_Compute: 28.022 V
[LIFT] V_Motors: 27.218 V
[LIFT] V_Compute: 28.026 V
[LIFT] V_Motors: 27.215 V
[LIFT] V_Compute: 28.022 V
[LIFT] V_Motors: 27.214 V
[LIFT] V_Compute: 28.019 V
[LIFT] V_Motors: 27.216 V
[LIFT] V_Compute: 28.022 V
[LIFT] V_Motors: 27.214 V
[LIFT] V_Compute: 28.021 V
[LIFT] V_Motors: 27.219 V
[LIFT] V_Compute: 28.020 V
[LIFT] V_Motors: 27.211 V
[LIFT] V_Compute: 28.014 V
[LIFT] V_Motors: 27.218 V
[LIFT] V_Compute: 28.020 V
[LIFT] V_Motors: 27.218 V
[LIFT] V_Compute: 28.024 V
[LIFT] V_Motors: 27.216 V
[LIFT] V_Compute: 28.021 V
[LIFT] V_Motors: 27.218 V
[LIFT] V_Compute: 28.022 V
[LIFT] V_Motors: 27.216 V
[LIFT] V_Compute: 28.020 V
[LIFT] V_Motors: 27.216 V
[LIFT] V_Compute: 28.010 V
[LIFT] V_Motors: 27.206 V
[LIFT] V_Compute: 28.025 V
[LIFT] V_Motors: 27.219 V
[LIFT] V_Compute: 28.021 V
[LIFT] V_Motors: 27.219 V
[LIFT] V_Compute: 28.022 V
[LIFT] V_Motors: 27.215 V
[LIFT] V_Compute: 28.017 V
[LIFT] V_Motors: 27.214 V
[LIFT] V_Compute: 28.022 V
[LIFT] V_Motors: 27.218 V
[LIFT] V_Compute: 28.019 V
[LIFT] V_Motors: 27.216 V
[LIFT] V_Compute: 28.024 V
[LIFT] V_Motors: 27.219 V
[LIFT] V_Compute: 28.024 V
[LIFT] V_Motors: 27.212 V
[LIFT] V_Compute: 28.020 V
[LIFT] V_Motors: 27.214 V
[LIFT] V_Compute: 28.019 V
[LIFT] V_Motors: 27.218 V
[LIFT] V_Compute: 28.019 V
[LIFT] V_Motors: 27.216 V
[LIFT] V_Compute: 28.014 V
[LIFT] V_Motors: 27.210 V
[LIFT] V_Compute: 28.025 V
[LIFT] V_Motors: 27.214 V
[LIFT] V_Compute: 28.014 V
[LIFT] V_Motors: 27.211 V
[LIFT] V_Compute: 28.017 V
[LIFT] V_Motors: 27.215 V
[LIFT] V_Compute: 28.022 V
[LIFT] V_Motors: 27.219 V
[LIFT] V_Compute: 28.017 V
[LIFT] V_Motors: 27.220 V
[LIFT] V_Compute: 28.021 V
[LIFT] V_Motors: 27.214 V
[LIFT] V_Compute: 28.014 V
[LIFT] V_Motors: 27.211 V
[LIFT] V_Compute: 28.017 V
[LIFT] V_Motors: 27.204 V
[LIFT] V_Compute: 28.025 V
[LIFT] V_Motors: 27.219 V
[LIFT] V_Compute: 28.026 V
[LIFT] V_Motors: 27.216 V
[LIFT] V_Compute: 28.021 V
[LIFT] V_Motors: 27.219 V
[LIFT] V_Compute: 28.020 V
[LIFT] V_Motors: 27.220 V
[LIFT] V_Compute: 28.027 V
[LIFT] V_Motors: 27.222 V
[LIFT] V_Compute: 28.026 V
[LIFT] V_Motors: 27.214 V
[LIFT] V_Compute: 28.024 V
[LIFT] V_Motors: 27.216 V
[LIFT] V_Compute: 28.020 V
[LIFT] V_Motors: 27.224 V
[LIFT] V_Compute: 28.026 V
[LIFT] V_Motors: 27.216 V
[LIFT] V_Compute: 28.024 V
[LIFT] V_Motors: 27.220 V
[LIFT] V_Compute: 28.022 V
[LIFT] V_Motors: 27.214 V
[LIFT] V_Compute: 28.017 V
[LIFT] V_Motors: 27.214 V
[LIFT] V_Compute: 28.024 V
[LIFT] V_Motors: 27.218 V
[LIFT] V_Compute: 28.025 V
[LIFT] V_Motors: 27.221 V
[LIFT] V_Compute: 28.020 V
[LIFT] V_Motors: 27.214 V
[LIFT] V_Compute: 28.020 V
[LIFT] V_Motors: 27.216 V
[LIFT] V_Compute: 28.024 V
[LIFT] V_Motors: 27.218 V
[LIFT] V_Compute: 28.017 V
[LIFT] V_Motors: 27.215 V
[LIFT] V_Compute: 28.025 V
[LIFT] V_Motors: 27.220 V
[LIFT] V_Compute: 28.024 V
[LIFT] V_Motors: 27.216 V
[LIFT] V_Compute: 28.022 V
[LIFT] V_Motors: 27.216 V
[LIFT] V_Compute: 28.024 V
[LIFT] V_Motors: 27.214 V
[LIFT] V_Compute: 28.024 V
[LIFT] V_Motors: 27.215 V
[LIFT] V_Compute: 28.020 V
[LIFT] V_Motors: 27.212 V
[LIFT] V_Compute: 28.022 V
[LIFT] V_Motors: 27.215 V
[LIFT] V_Compute: 28.019 V
[LIFT] V_Motors: 27.218 V
[LIFT] V_Compute: 28.022 V
[LIFT] V_Motors: 27.212 V
[LIFT] V_Compute: 28.025 V
[LIFT] V_Motors: 27.216 V
[LIFT] V_Compute: 28.020 V
[LIFT] V_Motors: 27.216 V
[LIFT] V_Compute: 28.022 V
[LIFT] V_Motors: 27.219 V
[LIFT] V_Compute: 28.022 V
[LIFT] V_Motors: 27.216 V
[LIFT] V_Compute: 28.016 V
[LIFT] V_Motors: 27.215 V
[LIFT] V_Compute: 28.030 V
[LIFT] V_Motors: 27.218 V
[LIFT] V_Compute: 28.020 V
[LIFT] V_Motors: 27.219 V
[LIFT] V_Compute: 28.021 V
[LIFT] V_Motors: 27.220 V
[LIFT] V_Compute: 28.019 V
[LIFT] V_Motors: 27.215 V
[LIFT] V_Compute: 28.022 V
[LIFT] V_Motors: 27.214 V
[LIFT] V_Compute: 28.024 V
[LIFT] V_Motors: 27.218 V
[LIFT] V_Compute: 28.017 V
[LIFT] V_Motors: 27.218 V
[LIFT] V_Compute: 28.020 V
[LIFT] V_Motors: 27.215 V
[LIFT] V_Compute: 28.022 V
[LIFT] V_Motors: 27.215 V
[LIFT] V_Compute: 28.022 V
[LIFT] V_Motors: 27.220 V
[LIFT] V_Compute: 28.024 V
[LIFT] V_Motors: 27.220 V
[LIFT] V_Compute: 28.020 V
[LIFT] V_Motors: 27.219 V
[LIFT] V_Compute: 28.025 V
[LIFT] V_Motors: 27.216 V
[LIFT] V_Compute: 28.019 V
[LIFT] V_Motors: 27.218 V
[LIFT] V_Compute: 28.007 V
[LIFT] V_Motors: 27.202 V
[LIFT] V_Compute: 28.010 V
[LIFT] V_Motors: 27.206 V
[LIFT] V_Compute: 28.001 V
[LIFT] V_Motors: 27.202 V
[LIFT] V_Compute: 28.005 V
[LIFT] V_Motors: 27.204 V
[LIFT] V_Compute: 28.003 V
[LIFT] V_Motors: 27.202 V
[LIFT] V_Compute: 28.005 V
[LIFT] V_Motors: 27.202 V
[LIFT] V_Compute: 28.004 V
[LIFT] V_Motors: 27.204 V
[LIFT] V_Compute: 28.019 V
[LIFT] V_Motors: 27.216 V
[LIFT] V_Compute: 28.019 V
[LIFT] V_Motors: 27.221 V
[LIFT] V_Compute: 28.024 V
[LIFT] V_Motors: 27.214 V
[LIFT] V_Compute: 28.020 V
[LIFT] V_Motors: 27.216 V
[LIFT] V_Compute: 28.021 V
[LIFT] V_Motors: 27.215 V
[LIFT] V_Compute: 28.010 V
[LIFT] V_Motors: 27.211 V
[LIFT] V_Compute: 28.020 V
[LIFT] V_Motors: 27.216 V
[LIFT] V_Compute: 28.019 V
[LIFT] V_Motors: 27.218 V
[LIFT] V_Compute: 28.006 V
[LIFT] V_Motors: 27.208 V
[LIFT] V_Compute: 28.025 V
[LIFT] V_Motors: 27.210 V
[LIFT] V_Compute: 28.013 V
[LIFT] V_Motors: 27.219 V
[LIFT] V_Compute: 28.025 V
[LIFT] V_Motors: 27.218 V
[LIFT] V_Compute: 28.016 V
[LIFT] V_Motors: 27.210 V
[LIFT] V_Compute: 28.024 V
[LIFT] V_Motors: 27.214 V
[LIFT] V_Compute: 28.022 V
[LIFT] V_Motors: 27.216 V
[LIFT] V_Compute: 28.015 V
[LIFT] V_Motors: 27.209 V
[LIFT] V_Compute: 28.024 V
[LIFT] V_Motors: 27.220 V
[LIFT] V_Compute: 28.004 V
[LIFT] V_Motors: 27.200 V
[LIFT] V_Compute: 28.020 V
[LIFT] V_Motors: 27.216 V
[LIFT] V_Compute: 28.016 V
[LIFT] V_Motors: 27.220 V
[LIFT] V_Compute: 28.019 V
[LIFT] V_Motors: 27.215 V
[LIFT] V_Compute: 28.019 V
[LIFT] V_Motors: 27.218 V
[LIFT] V_Compute: 28.024 V
[LIFT] V_Motors: 27.216 V
[LIFT] V_Compute: 28.017 V
[LIFT] V_Motors: 27.221 V
[LIFT] V_Compute: 28.022 V
[LIFT] V_Motors: 27.219 V
[LIFT] V_Compute: 28.020 V
[LIFT] V_Motors: 27.210 V
[LIFT] V_Compute: 28.020 V
[LIFT] V_Motors: 27.220 V
[LIFT] V_Compute: 28.020 V
[LIFT] V_Motors: 27.218 V
[LIFT] V_Compute: 28.021 V
[LIFT] V_Motors: 27.212 V
[LIFT] V_Compute: 28.027 V
[LIFT] V_Motors: 27.212 V
[LIFT] V_Compute: 28.021 V
[LIFT] V_Motors: 27.219 V
[LIFT] V_Compute: 28.019 V
[LIFT] V_Motors: 27.214 V
[LIFT] V_Compute: 28.020 V
[LIFT] V_Motors: 27.218 V
[LIFT] V_Compute: 28.024 V
[LIFT] V_Motors: 27.216 V
[LIFT] V_Compute: 28.021 V
[LIFT] V_Motors: 27.219 V
[LIFT] V_Compute: 28.021 V
[LIFT] V_Motors: 27.215 V
[LIFT] V_Compute: 27.991 V
[LIFT] V_Motors: 27.201 V
[LIFT] V_Compute: 28.019 V
[LIFT] V_Motors: 27.219 V
[LIFT] V_Compute: 28.020 V
[LIFT] V_Motors: 27.220 V
[LIFT] V_Compute: 28.017 V
[LIFT] V_Motors: 27.215 V
[LIFT] V_Compute: 28.024 V
[LIFT] V_Motors: 27.218 V
[LIFT] V_Compute: 28.013 V
[LIFT] V_Motors: 27.219 V
[LIFT] V_Compute: 28.019 V
[LIFT] V_Motors: 27.215 V
[LIFT] V_Compute: 28.015 V
[LIFT] V_Motors: 27.216 V
[LIFT] V_Compute: 28.024 V
[LIFT] V_Motors: 27.220 V
[LIFT] V_Compute: 28.021 V
[LIFT] V_Motors: 27.215 V
[LIFT] V_Compute: 28.016 V
[LIFT] V_Motors: 27.218 V
[LIFT] V_Compute: 28.021 V
[LIFT] V_Motors: 27.220 V
[LIFT] V_Compute: 28.026 V
[LIFT] V_Motors: 27.221 V
[LIFT] V_Compute: 28.026 V
[LIFT] V_Motors: 27.218 V
[LIFT] V_Compute: 28.022 V
[LIFT] V_Motors: 27.218 V
[LIFT] V_Compute: 28.024 V
[LIFT] V_Motors: 27.221 V
[LIFT] V_Compute: 28.029 V
[LIFT] V_Motors: 27.218 V
[LIFT] V_Compute: 28.015 V
[LIFT] V_Motors: 27.216 V
[LIFT] V_Compute: 28.021 V
[LIFT] V_Motors: 27.218 V
[LIFT] V_Compute: 28.020 V
[LIFT] V_Motors: 27.211 V
[LIFT] V_Compute: 28.017 V
[LIFT] V_Motors: 27.216 V
[LIFT] V_Compute: 28.016 V
[LIFT] V_Motors: 27.219 V
[LIFT] V_Compute: 28.022 V
[LIFT] V_Motors: 27.215 V
[LIFT] V_Compute: 28.024 V
[LIFT] V_Motors: 27.219 V
[LIFT] V_Compute: 28.011 V
[LIFT] V_Motors: 27.216 V
[LIFT] V_Compute: 28.017 V
[LIFT] V_Motors: 27.220 V
[LIFT] V_Compute: 28.022 V
[LIFT] V_Motors: 27.216 V
[LIFT] V_Compute: 28.020 V
[LIFT] V_Motors: 27.216 V
[LIFT] V_Compute: 28.011 V
[LIFT] V_Motors: 27.209 V
[LIFT] V_Compute: 28.016 V
[LIFT] V_Motors: 27.215 V
[LIFT] V_Compute: 28.014 V
[LIFT] V_Motors: 27.214 V
[LIFT] V_Compute: 28.017 V
[LIFT] V_Motors: 27.216 V
[LIFT] V_Compute: 28.017 V
[LIFT] V_Motors: 27.218 V
[LIFT] V_Compute: 28.017 V
[LIFT] V_Motors: 27.211 V
[LIFT] V_Compute: 28.021 V
[LIFT] V_Motors: 27.216 V
[LIFT] V_Compute: 28.016 V
[LIFT] V_Motors: 27.218 V
[LIFT] V_Compute: 28.022 V
[LIFT] V_Motors: 27.216 V
[LIFT] V_Compute: 28.016 V
[LIFT] V_Motors: 27.219 V
[LIFT] V_Compute: 28.019 V
[LIFT] V_Motors: 27.220 V
[LIFT] V_Compute: 28.026 V
[LIFT] V_Motors: 27.218 V
[LIFT] V_Compute: 28.020 V
[LIFT] V_Motors: 27.216 V
[LIFT] V_Compute: 28.024 V
[LIFT] V_Motors: 27.220 V
[LIFT] V_Compute: 28.015 V
[LIFT] V_Motors: 27.218 V
[LIFT] V_Compute: 28.016 V
[LIFT] V_Motors: 27.218 V
[LIFT] V_Compute: 28.027 V
[LIFT] V_Motors: 27.222 V
[LIFT] V_Compute: 28.017 V
[LIFT] V_Motors: 27.208 V
[LIFT] V_Compute: 28.016 V
[LIFT] V_Motors: 27.220 V
[LIFT] V_Compute: 28.020 V
[LIFT] V_Motors: 27.220 V
[LIFT] V_Compute: 28.025 V
[LIFT] V_Motors: 27.216 V
[LIFT] V_Compute: 28.016 V
[LIFT] V_Motors: 27.215 V
[LIFT] V_Compute: 28.019 V
[LIFT] V_Motors: 27.218 V
[LIFT] V_Compute: 28.017 V
[LIFT] V_Motors: 27.210 V
[LIFT] V_Compute: 28.025 V
[LIFT] V_Motors: 27.220 V
[LIFT] V_Compute: 28.020 V
[LIFT] V_Motors: 27.214 V
[LIFT] V_Compute: 28.021 V
[LIFT] V_Motors: 27.212 V
[LIFT] V_Compute: 28.016 V
[LIFT] V_Motors: 27.215 V
[LIFT] V_Compute: 28.022 V
[LIFT] V_Motors: 27.219 V
[LIFT] V_Compute: 28.015 V
[LIFT] V_Motors: 27.214 V
[LIFT] V_Compute: 28.022 V
[LIFT] V_Motors: 27.215 V
[LIFT] V_Compute: 28.017 V
[LIFT] V_Motors: 27.216 V
[LIFT] V_Compute: 28.017 V
[LIFT] V_Motors: 27.218 V
[LIFT] V_Compute: 28.019 V
[LIFT] V_Motors: 27.216 V
[LIFT] V_Compute: 28.021 V
[LIFT] V_Motors: 27.216 V
[LIFT] V_Compute: 28.017 V
[LIFT] V_Motors: 27.212 V
[LIFT] V_Compute: 28.026 V
[LIFT] V_Motors: 27.215 V
[LIFT] V_Compute: 28.020 V
[LIFT] V_Motors: 27.216 V
[LIFT] V_Compute: 28.021 V
[LIFT] V_Motors: 27.216 V
[LIFT] V_Compute: 28.019 V
[LIFT] V_Motors: 27.218 V
[LIFT] V_Compute: 28.019 V
[LIFT] V_Motors: 27.215 V
[LIFT] V_Compute: 28.025 V
[LIFT] V_Motors: 27.214 V
[LIFT] V_Compute: 28.021 V
[LIFT] V_Motors: 27.220 V
[LIFT] V_Compute: 28.016 V
[LIFT] V_Motors: 27.220 V
[LIFT] V_Compute: 28.026 V
[LIFT] V_Motors: 27.210 V
[LIFT] V_Compute: 28.019 V
[LIFT] V_Motors: 27.212 V
[LIFT] V_Compute: 28.016 V
[LIFT] V_Motors: 27.218 V
[LIFT] V_Compute: 28.025 V
[LIFT] V_Motors: 27.220 V
[LIFT] V_Compute: 28.016 V
[LIFT] V_Motors: 27.220 V
[LIFT] V_Compute: 28.006 V
[LIFT] V_Motors: 27.212 V
[LIFT] V_Compute: 27.995 V
[LIFT] V_Motors: 27.199 V
[LIFT] V_Compute: 28.005 V
[LIFT] V_Motors: 27.204 V
[LIFT] V_Compute: 27.997 V
[LIFT] V_Motors: 27.200 V
[LIFT] V_Compute: 28.006 V
[LIFT] V_Motors: 27.201 V
[LIFT] V_Compute: 28.001 V
[LIFT] V_Motors: 27.205 V
[LIFT] V_Compute: 28.005 V
[LIFT] V_Motors: 27.202 V
[LIFT] V_Compute: 28.006 V
[LIFT] V_Motors: 27.204 V
[LIFT] V_Compute: 28.015 V
[LIFT] V_Motors: 27.220 V
[LIFT] V_Compute: 28.019 V
[LIFT] V_Motors: 27.212 V
[LIFT] V_Compute: 28.014 V
[LIFT] V_Motors: 27.220 V
[LIFT] V_Compute: 28.021 V
[LIFT] V_Motors: 27.221 V
[LIFT] V_Compute: 28.014 V
[LIFT] V_Motors: 27.210 V
[LIFT] V_Compute: 28.019 V
[LIFT] V_Motors: 27.220 V
[LIFT] V_Compute: 28.014 V
[LIFT] V_Motors: 27.211 V
[LIFT] V_Compute: 28.024 V
[LIFT] V_Motors: 27.216 V
[LIFT] V_Compute: 28.009 V
[LIFT] V_Motors: 27.210 V
[LIFT] V_Compute: 28.016 V
[LIFT] V_Motors: 27.219 V
[LIFT] V_Compute: 28.019 V
[LIFT] V_Motors: 27.216 V
[LIFT] V_Compute: 28.016 V
[LIFT] V_Motors: 27.224 V
[LIFT] V_Compute: 28.020 V
[LIFT] V_Motors: 27.215 V
[LIFT] V_Compute: 28.019 V
[LIFT] V_Motors: 27.216 V
[LIFT] V_Compute: 28.015 V
[LIFT] V_Motors: 27.219 V
[LIFT] V_Compute: 28.024 V
[LIFT] V_Motors: 27.218 V
[LIFT] V_Compute: 28.024 V
[LIFT] V_Motors: 27.214 V
[LIFT] V_Compute: 28.020 V
[LIFT] V_Motors: 27.216 V
[LIFT] V_Compute: 28.016 V
[LIFT] V_Motors: 27.220 V
[LIFT] V_Compute: 28.010 V
[LIFT] V_Motors: 27.210 V
[LIFT] V_Compute: 28.014 V
[LIFT] V_Motors: 27.215 V
[LIFT] V_Compute: 28.013 V
[LIFT] V_Motors: 27.211 V
[LIFT] V_Compute: 28.013 V
[LIFT] V_Motors: 27.218 V
[LIFT] V_Compute: 28.020 V
[LIFT] V_Motors: 27.220 V
[LIFT] V_Compute: 28.022 V
[LIFT] V_Motors: 27.216 V
[LIFT] V_Compute: 28.020 V
[LIFT] V_Motors: 27.214 V
[LIFT] V_Compute: 28.014 V
[LIFT] V_Motors: 27.218 V
[LIFT] V_Compute: 28.021 V
[LIFT] V_Motors: 27.219 V
[LIFT] V_Compute: 28.022 V
[LIFT] V_Motors: 27.216 V
[LIFT] V_Compute: 28.019 V
[LIFT] V_Motors: 27.214 V
[LIFT] V_Compute: 28.020 V
[LIFT] V_Motors: 27.214 V
[LIFT] V_Compute: 28.021 V
[LIFT] V_Motors: 27.216 V
[LIFT] V_Compute: 28.024 V
[LIFT] V_Motors: 27.212 V
[LIFT] V_Compute: 28.022 V
[LIFT] V_Motors: 27.215 V
[LIFT] V_Compute: 28.022 V
[LIFT] V_Motors: 27.214 V
[LIFT] V_Compute: 28.015 V
[LIFT] V_Motors: 27.218 V
[LIFT] V_Compute: 28.016 V
[LIFT] V_Motors: 27.216 V
[LIFT] V_Compute: 28.025 V
[LIFT] V_Motors: 27.214 V
[LIFT] V_Compute: 28.015 V
[LIFT] V_Motors: 27.216 V
[LIFT] V_Compute: 28.015 V
[LIFT] V_Motors: 27.216 V
[LIFT] V_Compute: 28.020 V
[LIFT] V_Motors: 27.216 V
[LIFT] V_Compute: 28.027 V
[LIFT] V_Motors: 27.219 V
[LIFT] V_Compute: 27.996 V
[LIFT] V_Motors: 27.201 V
[LIFT] V_Compute: 28.019 V
[LIFT] V_Motors: 27.212 V
[LIFT] V_Compute: 28.022 V
[LIFT] V_Motors: 27.219 V
[LIFT] V_Compute: 28.017 V
[LIFT] V_Motors: 27.219 V
[LIFT] V_Compute: 28.022 V
[LIFT] V_Motors: 27.218 V
[LIFT] V_Compute: 28.021 V
[LIFT] V_Motors: 27.214 V
[LIFT] V_Compute: 28.016 V
[LIFT] V_Motors: 27.215 V
[LIFT] V_Compute: 28.019 V
[LIFT] V_Motors: 27.216 V
[LIFT] V_Compute: 28.021 V
[LIFT] V_Motors: 27.212 V
[LIFT] V_Compute: 28.020 V
[LIFT] V_Motors: 27.214 V
[LIFT] V_Compute: 28.025 V
[LIFT] V_Motors: 27.218 V
[LIFT] V_Compute: 28.022 V
[LIFT] V_Motors: 27.220 V
[LIFT] V_Compute: 28.020 V
[LIFT] V_Motors: 27.219 V
[LIFT] V_Compute: 28.020 V
[LIFT] V_Motors: 27.215 V
[LIFT] V_Compute: 28.016 V
[LIFT] V_Motors: 27.221 V
[LIFT] V_Compute: 28.019 V
[LIFT] V_Motors: 27.214 V
[LIFT] V_Compute: 28.015 V
[LIFT] V_Motors: 27.216 V
[LIFT] V_Compute: 28.020 V
[LIFT] V_Motors: 27.215 V
[LIFT] V_Compute: 28.015 V
[LIFT] V_Motors: 27.216 V
[LIFT] V_Compute: 28.022 V
[LIFT] V_Motors: 27.215 V
[LIFT] V_Compute: 28.022 V
[LIFT] V_Motors: 27.219 V
[LIFT] V_Compute: 28.019 V
[LIFT] V_Motors: 27.211 V
[LIFT] V_Compute: 28.019 V
[LIFT] V_Motors: 27.214 V
[LIFT] V_Compute: 28.016 V
[LIFT] V_Motors: 27.210 V
[LIFT] V_Compute: 28.015 V
[LIFT] V_Motors: 27.218 V
[LIFT] V_Compute: 28.022 V
[LIFT] V_Motors: 27.216 V
[LIFT] V_Compute: 28.016 V
[LIFT] V_Motors: 27.214 V
[LIFT] V_Compute: 28.017 V
[LIFT] V_Motors: 27.212 V
[LIFT] V_Compute: 28.016 V
[LIFT] V_Motors: 27.220 V
[LIFT] V_Compute: 28.016 V
[LIFT] V_Motors: 27.214 V
[LIFT] V_Compute: 28.020 V
[LIFT] V_Motors: 27.219 V
[LIFT] V_Compute: 28.017 V
[LIFT] V_Motors: 27.215 V
[LIFT] V_Compute: 28.016 V
[LIFT] V_Motors: 27.220 V
[LIFT] V_Compute: 28.016 V
[LIFT] V_Motors: 27.218 V
[LIFT] V_Compute: 28.020 V
[LIFT] V_Motors: 27.215 V
[LIFT] V_Compute: 28.019 V
[LIFT] V_Motors: 27.222 V
[LIFT] V_Compute: 28.019 V
[LIFT] V_Motors: 27.219 V
[LIFT] V_Compute: 28.020 V
[LIFT] V_Motors: 27.212 V
[LIFT] V_Compute: 28.014 V
[LIFT] V_Motors: 27.214 V
[LIFT] V_Compute: 28.015 V
[LIFT] V_Motors: 27.215 V
[LIFT] V_Compute: 28.024 V
[LIFT] V_Motors: 27.211 V
[LIFT] V_Compute: 28.022 V
[LIFT] V_Motors: 27.211 V
[LIFT] V_Compute: 28.020 V
[LIFT] V_Motors: 27.212 V
[LIFT] V_Compute: 28.024 V
[LIFT] V_Motors: 27.221 V
[LIFT] V_Compute: 28.019 V
[LIFT] V_Motors: 27.215 V
[LIFT] V_Compute: 28.016 V
[LIFT] V_Motors: 27.215 V
[LIFT] V_Compute: 28.014 V
[LIFT] V_Motors: 27.215 V
[LIFT] V_Compute: 28.021 V
[LIFT] V_Motors: 27.218 V
[LIFT] V_Compute: 28.019 V
[LIFT] V_Motors: 27.218 V
[LIFT] V_Compute: 28.016 V
[LIFT] V_Motors: 27.215 V
[LIFT] V_Compute: 28.017 V
[LIFT] V_Motors: 27.218 V
[LIFT] V_Compute: 28.020 V
[LIFT] V_Motors: 27.214 V
[LIFT] V_Compute: 28.020 V
[LIFT] V_Motors: 27.214 V
[LIFT] V_Compute: 28.015 V
[LIFT] V_Motors: 27.216 V
[LIFT] V_Compute: 28.020 V
[LIFT] V_Motors: 27.218 V
[LIFT] V_Compute: 28.021 V
[LIFT] V_Motors: 27.215 V
[LIFT] V_Compute: 28.025 V
[LIFT] V_Motors: 27.220 V
[LIFT] V_Compute: 28.022 V
[LIFT] V_Motors: 27.216 V
[LIFT] V_Compute: 28.020 V
[LIFT] V_Motors: 27.216 V
[LIFT] V_Compute: 28.020 V
[LIFT] V_Motors: 27.214 V
[LIFT] V_Compute: 28.029 V
[LIFT] V_Motors: 27.218 V
[LIFT] V_Compute: 28.022 V
[LIFT] V_Motors: 27.219 V
[LIFT] V_Compute: 28.016 V
[LIFT] V_Motors: 27.216 V
[LIFT] V_Compute: 28.021 V
[LIFT] V_Motors: 27.214 V
[LIFT] V_Compute: 28.017 V
[LIFT] V_Motors: 27.218 V
[LIFT] V_Compute: 28.017 V
[LIFT] V_Motors: 27.212 V
[LIFT] V_Compute: 28.021 V
[LIFT] V_Motors: 27.216 V
[LIFT] V_Compute: 28.016 V
[LIFT] V_Motors: 27.216 V
[LIFT] V_Compute: 28.013 V
[LIFT] V_Motors: 27.209 V
[LIFT] V_Compute: 28.017 V
[LIFT] V_Motors: 27.211 V
[LIFT] V_Compute: 28.014 V
[LIFT] V_Motors: 27.214 V
[LIFT] V_Compute: 28.003 V
[LIFT] V_Motors: 27.204 V
[LIFT] V_Compute: 28.005 V
[LIFT] V_Motors: 27.206 V
[LIFT] V_Compute: 28.006 V
[LIFT] V_Motors: 27.159 V
[LIFT] V_Compute: 28.003 V
[LIFT] V_Motors: 27.174 V
[LIFT] V_Compute: 28.007 V
[LIFT] V_Motors: 27.176 V
[LIFT] V_Compute: 27.999 V
[LIFT] V_Motors: 27.179 V
[LIFT] V_Compute: 28.019 V
[LIFT] V_Motors: 27.074 V
[LIFT] V_Compute: 28.019 V
[LIFT] V_Motors: 27.163 V
[LIFT] V_Compute: 28.025 V
[LIFT] V_Motors: 27.166 V
[LIFT] V_Compute: 28.016 V
[LIFT] V_Motors: 27.210 V
[LIFT] V_Compute: 28.013 V
[LIFT] V_Motors: 27.173 V
[LIFT] V_Compute: 28.006 V
[LIFT] V_Motors: 27.170 V
[LIFT] V_Compute: 28.013 V
[LIFT] V_Motors: 27.194 V
[LIFT] V_Compute: 28.024 V
[LIFT] V_Motors: 27.170 V
[LIFT] V_Compute: 28.020 V
[LIFT] V_Motors: 27.206 V
[LIFT] V_Compute: 28.020 V
[LIFT] V_Motors: 27.151 V
[LIFT] V_Compute: 28.022 V
[LIFT] V_Motors: 27.065 V
[LIFT] V_Compute: 28.022 V
[LIFT] V_Motors: 27.155 V
[LIFT] V_Compute: 28.016 V
[LIFT] V_Motors: 27.201 V
[LIFT] V_Compute: 28.019 V
[LIFT] V_Motors: 27.140 V
[LIFT] V_Compute: 28.019 V
[LIFT] V_Motors: 27.107 V
[LIFT] V_Compute: 28.019 V
[LIFT] V_Motors: 27.204 V
[LIFT] V_Compute: 28.021 V
[LIFT] V_Motors: 27.201 V
[LIFT] V_Compute: 28.021 V
[LIFT] V_Motors: 27.181 V
[LIFT] V_Compute: 28.019 V
[LIFT] V_Motors: 27.206 V
[LIFT] V_Compute: 28.016 V
[LIFT] V_Motors: 27.209 V
[LIFT] V_Compute: 28.015 V
[LIFT] V_Motors: 27.206 V
[LIFT] V_Compute: 28.016 V
[LIFT] V_Motors: 27.206 V
[LIFT] V_Compute: 28.015 V
[LIFT] V_Motors: 27.209 V
[LIFT] V_Compute: 28.016 V
[LIFT] V_Motors: 27.208 V
[LIFT] V_Compute: 28.019 V
[LIFT] V_Motors: 27.208 V
[LIFT] V_Compute: 28.022 V
[LIFT] V_Motors: 27.201 V
[LIFT] V_Compute: 28.011 V
[LIFT] V_Motors: 27.210 V
[LIFT] V_Compute: 28.020 V
[LIFT] V_Motors: 27.210 V
[LIFT] V_Compute: 28.022 V
[LIFT] V_Motors: 27.209 V
[LIFT] V_Compute: 28.020 V
[LIFT] V_Motors: 27.206 V
[LIFT] V_Compute: 28.015 V
[LIFT] V_Motors: 27.214 V
[LIFT] V_Compute: 27.999 V
[LIFT] V_Motors: 27.191 V
[LIFT] V_Compute: 28.013 V
[LIFT] V_Motors: 27.211 V
[LIFT] V_Compute: 28.019 V
[LIFT] V_Motors: 27.201 V
[LIFT] V_Compute: 28.019 V
[LIFT] V_Motors: 27.211 V
[LIFT] V_Compute: 28.007 V
[LIFT] V_Motors: 27.214 V
[LIFT] V_Compute: 28.016 V
[LIFT] V_Motors: 27.211 V
[LIFT] V_Compute: 28.014 V
[LIFT] V_Motors: 27.209 V
[LIFT] V_Compute: 28.014 V
[LIFT] V_Motors: 27.214 V
[LIFT] V_Compute: 28.016 V
[LIFT] V_Motors: 27.210 V
[LIFT] V_Compute: 28.016 V
[LIFT] V_Motors: 27.208 V
[LIFT] V_Compute: 28.019 V
[LIFT] V_Motors: 27.208 V
[LIFT] V_Compute: 28.020 V
[LIFT] V_Motors: 27.209 V
[LIFT] V_Compute: 28.014 V
[LIFT] V_Motors: 27.209 V
[LIFT] V_Compute: 28.016 V
[LIFT] V_Motors: 27.208 V
[LIFT] V_Compute: 28.020 V
[LIFT] V_Motors: 27.214 V
[LIFT] V_Compute: 28.017 V
[LIFT] V_Motors: 27.212 V
[LIFT] V_Compute: 28.017 V
[LIFT] V_Motors: 27.211 V
[LIFT] V_Compute: 28.020 V
[LIFT] V_Motors: 27.211 V
[LIFT] V_Compute: 28.019 V
[LIFT] V_Motors: 27.211 V
[LIFT] V_Compute: 28.022 V
[LIFT] V_Motors: 27.210 V
[LIFT] V_Compute: 28.026 V
[LIFT] V_Motors: 27.211 V
[LIFT] V_Compute: 28.020 V
[LIFT] V_Motors: 27.216 V
[LIFT] V_Compute: 28.015 V
[LIFT] V_Motors: 27.212 V
[LIFT] V_Compute: 28.019 V
[LIFT] V_Motors: 27.211 V
[LIFT] V_Compute: 28.016 V
[LIFT] V_Motors: 27.212 V
[LIFT] V_Compute: 28.021 V
[LIFT] V_Motors: 27.211 V
[LIFT] V_Compute: 28.020 V
[LIFT] V_Motors: 27.214 V
[LIFT] V_Compute: 28.014 V
[LIFT] V_Motors: 27.209 V
[LIFT] V_Compute: 28.019 V
[LIFT] V_Motors: 27.211 V
[LIFT] V_Compute: 28.014 V
[LIFT] V_Motors: 27.212 V
[LIFT] V_Compute: 28.019 V
[LIFT] V_Motors: 27.215 V
[LIFT] V_Compute: 28.021 V
[LIFT] V_Motors: 27.211 V
[LIFT] V_Compute: 28.016 V
[LIFT] V_Motors: 27.209 V
[LIFT] V_Compute: 28.014 V
[LIFT] V_Motors: 27.210 V
[LIFT] V_Compute: 28.010 V
[LIFT] V_Motors: 27.208 V
[LIFT] V_Compute: 28.011 V
[LIFT] V_Motors: 27.206 V
[LIFT] V_Compute: 28.017 V
[LIFT] V_Motors: 27.210 V
[LIFT] V_Compute: 28.016 V
[LIFT] V_Motors: 27.208 V
[LIFT] V_Compute: 28.014 V
[LIFT] V_Motors: 27.212 V
[LIFT] V_Compute: 28.015 V
[LIFT] V_Motors: 27.210 V
[LIFT] V_Compute: 28.021 V
[LIFT] V_Motors: 27.212 V
[LIFT] V_Compute: 28.014 V
[LIFT] V_Motors: 27.214 V
[LIFT] V_Compute: 28.019 V
[LIFT] V_Motors: 27.210 V
[LIFT] V_Compute: 28.017 V
[LIFT] V_Motors: 27.209 V
[LIFT] V_Compute: 28.016 V
[LIFT] V_Motors: 27.209 V
[LIFT] V_Compute: 28.005 V
[LIFT] V_Motors: 27.209 V
[LIFT] V_Compute: 28.015 V
[LIFT] V_Motors: 27.212 V
[LIFT] V_Compute: 28.007 V
[LIFT] V_Motors: 27.210 V
[LIFT] V_Compute: 28.021 V
[LIFT] V_Motors: 27.209 V
[LIFT] V_Compute: 28.014 V
[LIFT] V_Motors: 27.210 V
[LIFT] V_Compute: 28.021 V
[LIFT] V_Motors: 27.212 V
[LIFT] V_Compute: 28.010 V
[LIFT] V_Motors: 27.206 V
[LIFT] V_Compute: 28.014 V
[LIFT] V_Motors: 27.218 V
[LIFT] V_Compute: 28.016 V
[LIFT] V_Motors: 27.211 V
[LIFT] V_Compute: 28.020 V
[LIFT] V_Motors: 27.214 V
[LIFT] V_Compute: 28.017 V
[LIFT] V_Motors: 27.208 V
[LIFT] V_Compute: 28.019 V
[LIFT] V_Motors: 27.211 V
[LIFT] V_Compute: 28.019 V
[LIFT] V_Motors: 27.212 V
[LIFT] V_Compute: 28.021 V
[LIFT] V_Motors: 27.206 V
[LIFT] V_Compute: 28.019 V
[LIFT] V_Motors: 27.210 V
[LIFT] V_Compute: 28.014 V
[LIFT] V_Motors: 27.211 V
[LIFT] V_Compute: 28.021 V
[LIFT] V_Motors: 27.215 V
[LIFT] V_Compute: 28.016 V
[LIFT] V_Motors: 27.204 V
[LIFT] V_Compute: 28.014 V
[LIFT] V_Motors: 27.210 V
[LIFT] V_Compute: 28.017 V
[LIFT] V_Motors: 27.212 V
[LIFT] V_Compute: 28.015 V
[LIFT] V_Motors: 27.212 V
[LIFT] V_Compute: 28.019 V
[LIFT] V_Motors: 27.212 V
[LIFT] V_Compute: 28.014 V
[LIFT] V_Motors: 27.211 V
[LIFT] V_Compute: 27.993 V
[LIFT] V_Motors: 27.196 V
[LIFT] V_Compute: 28.014 V
[LIFT] V_Motors: 27.214 V
[LIFT] V_Compute: 28.020 V
[LIFT] V_Motors: 27.212 V
[LIFT] V_Compute: 28.006 V
[LIFT] V_Motors: 27.211 V
[LIFT] V_Compute: 28.024 V
[LIFT] V_Motors: 27.211 V
[LIFT] V_Compute: 28.020 V
[LIFT] V_Motors: 27.210 V
[LIFT] V_Compute: 28.020 V
[LIFT] V_Motors: 27.211 V
[LIFT] V_Compute: 28.017 V
[LIFT] V_Motors: 27.215 V
[LIFT] V_Compute: 28.020 V
[LIFT] V_Motors: 27.210 V
[LIFT] V_Compute: 28.016 V
[LIFT] V_Motors: 27.212 V
[LIFT] V_Compute: 28.016 V
[LIFT] V_Motors: 27.211 V
[LIFT] V_Compute: 28.011 V
[LIFT] V_Motors: 27.211 V
[LIFT] V_Compute: 28.021 V
[LIFT] V_Motors: 27.208 V
[LIFT] V_Compute: 28.016 V
[LIFT] V_Motors: 27.214 V
[LIFT] V_Compute: 28.017 V
[LIFT] V_Motors: 27.214 V
[LIFT] V_Compute: 27.999 V
[LIFT] V_Motors: 27.200 V
[LIFT] V_Compute: 27.996 V
[LIFT] V_Motors: 27.202 V
[LIFT] V_Compute: 28.001 V
[LIFT] V_Motors: 27.199 V
[LIFT] V_Compute: 27.996 V
[LIFT] V_Motors: 27.197 V
[LIFT] V_Compute: 28.003 V
[LIFT] V_Motors: 27.195 V
[LIFT] V_Compute: 27.996 V
[LIFT] V_Motors: 27.195 V
[LIFT] V_Compute: 27.996 V
[LIFT] V_Motors: 27.194 V
[LIFT] V_Compute: 28.013 V
[LIFT] V_Motors: 27.212 V
[LIFT] V_Compute: 28.005 V
[LIFT] V_Motors: 27.214 V
[LIFT] V_Compute: 28.016 V
[LIFT] V_Motors: 27.214 V
[LIFT] V_Compute: 28.005 V
[LIFT] V_Motors: 27.209 V
[LIFT] V_Compute: 28.019 V
[LIFT] V_Motors: 27.212 V
[LIFT] V_Compute: 28.006 V
[LIFT] V_Motors: 27.208 V
[LIFT] V_Compute: 28.014 V
[LIFT] V_Motors: 27.215 V
[LIFT] V_Compute: 28.010 V
[LIFT] V_Motors: 27.206 V
[LIFT] V_Compute: 28.013 V
[LIFT] V_Motors: 27.209 V
[LIFT] V_Compute: 28.011 V
[LIFT] V_Motors: 27.208 V
[LIFT] V_Compute: 28.017 V
[LIFT] V_Motors: 27.216 V
[LIFT] V_Compute: 28.016 V
[LIFT] V_Motors: 27.206 V
[LIFT] V_Compute: 28.015 V
[LIFT] V_Motors: 27.211 V
[LIFT] V_Compute: 28.007 V
[LIFT] V_Motors: 27.209 V
[LIFT] V_Compute: 28.016 V
[LIFT] V_Motors: 27.210 V
[LIFT] V_Compute: 27.999 V
[LIFT] V_Motors: 27.197 V
[LIFT] V_Compute: 28.022 V
[LIFT] V_Motors: 27.214 V
[LIFT] V_Compute: 27.995 V
[LIFT] V_Motors: 27.197 V
[LIFT] V_Compute: 28.016 V
[LIFT] V_Motors: 27.214 V
[LIFT] V_Compute: 28.016 V
[LIFT] V_Motors: 27.212 V
[LIFT] V_Compute: 28.013 V
[LIFT] V_Motors: 27.214 V
[LIFT] V_Compute: 28.016 V
[LIFT] V_Motors: 27.215 V
[LIFT] V_Compute: 28.014 V
[LIFT] V_Motors: 27.209 V
[LIFT] V_Compute: 28.003 V
[LIFT] V_Motors: 27.206 V
[LIFT] V_Compute: 28.015 V
[LIFT] V_Motors: 27.209 V
[LIFT] V_Compute: 28.013 V
[LIFT] V_Motors: 27.215 V
[LIFT] V_Compute: 28.011 V
[LIFT] V_Motors: 27.214 V
[LIFT] V_Compute: 28.016 V
[LIFT] V_Motors: 27.211 V
[LIFT] V_Compute: 28.015 V
[LIFT] V_Motors: 27.218 V
[LIFT] V_Compute: 28.017 V
[LIFT] V_Motors: 27.208 V
[LIFT] V_Compute: 28.010 V
[LIFT] V_Motors: 27.210 V
[LIFT] V_Compute: 28.013 V
[LIFT] V_Motors: 27.210 V
[LIFT] V_Compute: 28.017 V
[LIFT] V_Motors: 27.218 V
[LIFT] V_Compute: 28.021 V
[LIFT] V_Motors: 27.215 V
[LIFT] V_Compute: 28.010 V
[LIFT] V_Motors: 27.209 V
[LIFT] V_Compute: 28.019 V
[LIFT] V_Motors: 27.211 V
[LIFT] V_Compute: 28.015 V
[LIFT] V_Motors: 27.212 V
[LIFT] V_Compute: 28.010 V
[LIFT] V_Motors: 27.214 V
[LIFT] V_Compute: 28.021 V
[LIFT] V_Motors: 27.211 V
[LIFT] V_Compute: 28.006 V
[LIFT] V_Motors: 27.208 V
[LIFT] V_Compute: 27.994 V
[LIFT] V_Motors: 27.195 V
[LIFT] V_Compute: 28.013 V
[LIFT] V_Motors: 27.205 V
[LIFT] V_Compute: 28.014 V
[LIFT] V_Motors: 27.212 V
[LIFT] V_Compute: 28.014 V
[LIFT] V_Motors: 27.209 V
[LIFT] V_Compute: 28.015 V
[LIFT] V_Motors: 27.210 V
[LIFT] V_Compute: 28.020 V
[LIFT] V_Motors: 27.214 V
[LIFT] V_Compute: 28.005 V
[LIFT] V_Motors: 27.212 V
[LIFT] V_Compute: 28.016 V
[LIFT] V_Motors: 27.212 V
[LIFT] V_Compute: 28.015 V
[LIFT] V_Motors: 27.210 V
[LIFT] V_Compute: 28.015 V
[LIFT] V_Motors: 27.214 V
[LIFT] V_Compute: 27.993 V
[LIFT] V_Motors: 27.190 V
[LIFT] V_Compute: 28.011 V
[LIFT] V_Motors: 27.208 V
[LIFT] V_Compute: 28.014 V
[LIFT] V_Motors: 27.216 V
[LIFT] V_Compute: 28.019 V
[LIFT] V_Motors: 27.214 V
[LIFT] V_Compute: 28.011 V
[LIFT] V_Motors: 27.212 V
[LIFT] V_Compute: 28.009 V
[LIFT] V_Motors: 27.210 V
[LIFT] V_Compute: 28.014 V
[LIFT] V_Motors: 27.205 V
[LIFT] V_Compute: 28.017 V
[LIFT] V_Motors: 27.211 V
[LIFT] V_Compute: 28.016 V
[LIFT] V_Motors: 27.214 V
[LIFT] V_Compute: 28.016 V
[LIFT] V_Motors: 27.215 V
[LIFT] V_Compute: 28.010 V
[LIFT] V_Motors: 27.214 V
[LIFT] V_Compute: 28.011 V
[LIFT] V_Motors: 27.209 V
[LIFT] V_Compute: 28.010 V
[LIFT] V_Motors: 27.218 V
[LIFT] V_Compute: 28.013 V
[LIFT] V_Motors: 27.215 V
[LIFT] V_Compute: 28.005 V
[LIFT] V_Motors: 27.208 V
[LIFT] V_Compute: 28.001 V
[LIFT] V_Motors: 27.200 V
[LIFT] V_Compute: 28.010 V
[LIFT] V_Motors: 27.211 V
[LIFT] V_Compute: 28.015 V
[LIFT] V_Motors: 27.218 V
[LIFT] V_Compute: 28.010 V
[LIFT] V_Motors: 27.212 V
[LIFT] V_Compute: 28.014 V
[LIFT] V_Motors: 27.211 V
[LIFT] V_Compute: 28.015 V
[LIFT] V_Motors: 27.212 V
[LIFT] V_Compute: 28.020 V
[LIFT] V_Motors: 27.214 V
[LIFT] V_Compute: 28.014 V
[LIFT] V_Motors: 27.216 V
[LIFT] V_Compute: 28.021 V
[LIFT] V_Motors: 27.216 V
[LIFT] V_Compute: 28.015 V
[LIFT] V_Motors: 27.212 V
[LIFT] V_Compute: 28.015 V
[LIFT] V_Motors: 27.210 V
[LIFT] V_Compute: 28.015 V
[LIFT] V_Motors: 27.214 V
[LIFT] V_Compute: 28.015 V
[LIFT] V_Motors: 27.214 V
[LIFT] V_Compute: 28.009 V
[LIFT] V_Motors: 27.212 V
[LIFT] V_Compute: 28.014 V
[LIFT] V_Motors: 27.210 V
[LIFT] V_Compute: 28.019 V
[LIFT] V_Motors: 27.211 V
[LIFT] V_Compute: 28.019 V
[LIFT] V_Motors: 27.211 V
[LIFT] V_Compute: 28.011 V
[LIFT] V_Motors: 27.214 V
[LIFT] V_Compute: 28.019 V
[LIFT] V_Motors: 27.215 V
[LIFT] V_Compute: 28.020 V
[LIFT] V_Motors: 27.216 V
[LIFT] V_Compute: 28.013 V
[LIFT] V_Motors: 27.209 V
[LIFT] V_Compute: 28.015 V
[LIFT] V_Motors: 27.212 V
[LIFT] V_Compute: 28.019 V
[LIFT] V_Motors: 27.214 V
[LIFT] V_Compute: 28.009 V
[LIFT] V_Motors: 27.212 V
[LIFT] V_Compute: 28.021 V
[LIFT] V_Motors: 27.210 V
[LIFT] V_Compute: 28.017 V
[LIFT] V_Motors: 27.206 V
[LIFT] V_Compute: 28.016 V
[LIFT] V_Motors: 27.209 V
[LIFT] V_Compute: 28.016 V
[LIFT] V_Motors: 27.211 V
[LIFT] V_Compute: 28.014 V
[LIFT] V_Motors: 27.208 V
[LIFT] V_Compute: 28.015 V
[LIFT] V_Motors: 27.214 V
[LIFT] V_Compute: 28.014 V
[LIFT] V_Motors: 27.209 V
[LIFT] V_Compute: 28.019 V
[LIFT] V_Motors: 27.214 V
[LIFT] V_Compute: 28.010 V
[LIFT] V_Motors: 27.210 V
[LIFT] V_Compute: 28.013 V
[LIFT] V_Motors: 27.206 V
[LIFT] V_Compute: 28.010 V
[LIFT] V_Motors: 27.210 V
[LIFT] V_Compute: 28.016 V
[LIFT] V_Motors: 27.211 V
[LIFT] V_Compute: 28.011 V
[LIFT] V_Motors: 27.214 V
[LIFT] V_Compute: 28.010 V
[LIFT] V_Motors: 27.206 V
[LIFT] V_Compute: 28.014 V
[LIFT] V_Motors: 27.211 V
[LIFT] V_Compute: 28.019 V
[LIFT] V_Motors: 27.216 V
[LIFT] V_Compute: 28.014 V
[LIFT] V_Motors: 27.215 V
[LIFT] V_Compute: 28.013 V
[LIFT] V_Motors: 27.208 V
[LIFT] V_Compute: 28.013 V
[LIFT] V_Motors: 27.206 V
[LIFT] V_Compute: 28.015 V
[LIFT] V_Motors: 27.215 V
[LIFT] V_Compute: 28.007 V
[LIFT] V_Motors: 27.210 V
[LIFT] V_Compute: 28.020 V
[LIFT] V_Motors: 27.218 V
[LIFT] V_Compute: 28.015 V
[LIFT] V_Motors: 27.206 V
[LIFT] V_Compute: 27.997 V
[LIFT] V_Motors: 27.205 V
[LIFT] V_Compute: 27.990 V
[LIFT] V_Motors: 27.195 V
[LIFT] V_Compute: 27.996 V
[LIFT] V_Motors: 27.195 V
[LIFT] V_Compute: 27.993 V
[LIFT] V_Motors: 27.194 V
[LIFT] V_Compute: 27.996 V
[LIFT] V_Motors: 27.197 V
[LIFT] V_Compute: 27.991 V
[LIFT] V_Motors: 27.192 V
[LIFT] V_Compute: 27.997 V
[LIFT] V_Motors: 27.199 V
[LIFT] V_Compute: 27.999 V
[LIFT] V_Motors: 27.195 V
[LIFT] V_Compute: 27.989 V
[LIFT] V_Motors: 27.192 V
[LIFT] V_Compute: 28.010 V
[LIFT] V_Motors: 27.210 V
[LIFT] V_Compute: 28.011 V
[LIFT] V_Motors: 27.209 V
[LIFT] V_Compute: 28.011 V
[LIFT] V_Motors: 27.208 V
[LIFT] V_Compute: 28.007 V
[LIFT] V_Motors: 27.201 V
[LIFT] V_Compute: 28.009 V
[LIFT] V_Motors: 27.210 V
[LIFT] V_Compute: 28.017 V
[LIFT] V_Motors: 27.210 V
[LIFT] V_Compute: 28.011 V
[LIFT] V_Motors: 27.208 V
[LIFT] V_Compute: 28.015 V
[LIFT] V_Motors: 27.218 V
[LIFT] V_Compute: 28.017 V
[LIFT] V_Motors: 27.216 V
[LIFT] V_Compute: 28.011 V
[LIFT] V_Motors: 27.216 V
[LIFT] V_Compute: 27.994 V
[LIFT] V_Motors: 27.199 V
[LIFT] V_Compute: 28.010 V
[LIFT] V_Motors: 27.210 V
[LIFT] V_Compute: 28.007 V
[LIFT] V_Motors: 27.206 V
[LIFT] V_Compute: 28.010 V
[LIFT] V_Motors: 27.210 V
[LIFT] V_Compute: 28.015 V
[LIFT] V_Motors: 27.211 V
[LIFT] V_Compute: 28.010 V
[LIFT] V_Motors: 27.212 V
[LIFT] V_Compute: 28.017 V
[LIFT] V_Motors: 27.214 V
[LIFT] V_Compute: 28.011 V
[LIFT] V_Motors: 27.211 V
[LIFT] V_Compute: 28.013 V
[LIFT] V_Motors: 27.212 V
[LIFT] V_Compute: 28.009 V
[LIFT] V_Motors: 27.206 V
[LIFT] V_Compute: 28.014 V
[LIFT] V_Motors: 27.210 V
[LIFT] V_Compute: 28.006 V
[LIFT] V_Motors: 27.204 V
[LIFT] V_Compute: 28.014 V
[LIFT] V_Motors: 27.212 V
[LIFT] V_Compute: 28.007 V
[LIFT] V_Motors: 27.215 V
[LIFT] V_Compute: 28.015 V
[LIFT] V_Motors: 27.212 V
[LIFT] V_Compute: 28.019 V
[LIFT] V_Motors: 27.212 V
[LIFT] V_Compute: 28.020 V
[LIFT] V_Motors: 27.211 V
[LIFT] V_Compute: 28.007 V
[LIFT] V_Motors: 27.208 V
[LIFT] V_Compute: 28.007 V
[LIFT] V_Motors: 27.204 V
[LIFT] V_Compute: 28.013 V
[LIFT] V_Motors: 27.206 V
[LIFT] V_Compute: 28.015 V
[LIFT] V_Motors: 27.205 V
[LIFT] V_Compute: 28.020 V
[LIFT] V_Motors: 27.210 V
[LIFT] V_Compute: 28.015 V
[LIFT] V_Motors: 27.214 V
[LIFT] V_Compute: 28.010 V
[LIFT] V_Motors: 27.206 V
[LIFT] V_Compute: 28.015 V
[LIFT] V_Motors: 27.208 V
[LIFT] V_Compute: 28.011 V
[LIFT] V_Motors: 27.216 V
[LIFT] V_Compute: 28.010 V
[LIFT] V_Motors: 27.208 V
[LIFT] V_Compute: 28.011 V
[LIFT] V_Motors: 27.211 V
[LIFT] V_Compute: 28.011 V
[LIFT] V_Motors: 27.210 V
[LIFT] V_Compute: 28.009 V
[LIFT] V_Motors: 27.208 V
[LIFT] V_Compute: 28.010 V
[LIFT] V_Motors: 27.210 V
[LIFT] V_Compute: 28.013 V
[LIFT] V_Motors: 27.209 V
[LIFT] V_Compute: 28.007 V
[LIFT] V_Motors: 27.206 V
[LIFT] V_Compute: 28.014 V
[LIFT] V_Motors: 27.212 V
[LIFT] V_Compute: 28.009 V
[LIFT] V_Motors: 27.210 V
[LIFT] V_Compute: 28.013 V
[LIFT] V_Motors: 27.212 V
[LIFT] V_Compute: 28.014 V
[LIFT] V_Motors: 27.210 V
[LIFT] V_Compute: 28.014 V
[LIFT] V_Motors: 27.208 V
[LIFT] V_Compute: 28.013 V
[LIFT] V_Motors: 27.212 V
[LIFT] V_Compute: 28.004 V
[LIFT] V_Motors: 27.208 V
[LIFT] V_Compute: 28.011 V
[LIFT] V_Motors: 27.211 V
[LIFT] V_Compute: 28.007 V
[LIFT] V_Motors: 27.209 V
[LIFT] V_Compute: 28.004 V
[LIFT] V_Motors: 27.208 V
[LIFT] V_Compute: 28.007 V
[LIFT] V_Motors: 27.210 V
[LIFT] V_Compute: 28.011 V
[LIFT] V_Motors: 27.212 V
[LIFT] V_Compute: 27.999 V
[LIFT] V_Motors: 27.200 V
[LIFT] V_Compute: 28.015 V
[LIFT] V_Motors: 27.209 V
[LIFT] V_Compute: 28.004 V
[LIFT] V_Motors: 27.212 V
[LIFT] V_Compute: 28.011 V
[LIFT] V_Motors: 27.208 V
[LIFT] V_Compute: 28.005 V
[LIFT] V_Motors: 27.208 V
[LIFT] V_Compute: 28.011 V
[LIFT] V_Motors: 27.210 V
[LIFT] V_Compute: 28.013 V
[LIFT] V_Motors: 27.208 V
[LIFT] V_Compute: 28.007 V
[LIFT] V_Motors: 27.208 V
[LIFT] V_Compute: 28.004 V
[LIFT] V_Motors: 27.206 V
[LIFT] V_Compute: 28.014 V
[LIFT] V_Motors: 27.208 V
[LIFT] V_Compute: 28.011 V
[LIFT] V_Motors: 27.210 V
[LIFT] V_Compute: 28.011 V
[LIFT] V_Motors: 27.212 V
[LIFT] V_Compute: 28.006 V
[LIFT] V_Motors: 27.214 V
[LIFT] V_Compute: 28.010 V
[LIFT] V_Motors: 27.209 V
[LIFT] V_Compute: 28.007 V
[LIFT] V_Motors: 27.206 V
[LIFT] V_Compute: 28.007 V
[LIFT] V_Motors: 27.212 V
[LIFT] V_Compute: 28.010 V
[LIFT] V_Motors: 27.209 V
[LIFT] V_Compute: 28.004 V
[LIFT] V_Motors: 27.204 V
[LIFT] V_Compute: 28.009 V
[LIFT] V_Motors: 27.212 V
[LIFT] V_Compute: 27.999 V
[LIFT] V_Motors: 27.214 V
[LIFT] V_Compute: 28.006 V
[LIFT] V_Motors: 27.210 V
[LIFT] V_Compute: 28.011 V
[LIFT] V_Motors: 27.209 V
[LIFT] V_Compute: 28.014 V
[LIFT] V_Motors: 27.211 V
[LIFT] V_Compute: 28.006 V
[LIFT] V_Motors: 27.200 V
[LIFT] V_Compute: 28.003 V
[LIFT] V_Motors: 27.205 V
[LIFT] V_Compute: 28.004 V
[LIFT] V_Motors: 27.202 V
[LIFT] V_Compute: 28.005 V
[LIFT] V_Motors: 27.205 V
[LIFT] V_Compute: 28.003 V
[LIFT] V_Motors: 27.196 V
[LIFT] V_Compute: 28.006 V
[LIFT] V_Motors: 27.201 V
[LIFT] V_Compute: 27.999 V
[LIFT] V_Motors: 27.202 V
[LIFT] V_Compute: 27.994 V
[LIFT] V_Motors: 27.194 V
[LIFT] V_Compute: 28.000 V
[LIFT] V_Motors: 27.196 V
[LIFT] V_Compute: 27.994 V
[LIFT] V_Motors: 27.195 V
[LIFT] V_Compute: 28.003 V
[LIFT] V_Motors: 27.197 V
[LIFT] V_Compute: 27.996 V
[LIFT] V_Motors: 27.202 V
[LIFT] V_Compute: 28.003 V
[LIFT] V_Motors: 27.197 V
[LIFT] V_Compute: 27.996 V
[LIFT] V_Motors: 27.199 V
[LIFT] V_Compute: 28.003 V
[LIFT] V_Motors: 27.202 V
[LIFT] V_Compute: 27.999 V
[LIFT] V_Motors: 27.199 V
[LIFT] V_Compute: 28.000 V
[LIFT] V_Motors: 27.202 V
[LIFT] V_Compute: 28.001 V
[LIFT] V_Motors: 27.197 V
[LIFT] V_Compute: 27.990 V
[LIFT] V_Motors: 27.197 V
[LIFT] V_Compute: 27.995 V
[LIFT] V_Motors: 27.201 V
[LIFT] V_Compute: 28.003 V
[LIFT] V_Motors: 27.197 V
[LIFT] V_Compute: 28.001 V
[LIFT] V_Motors: 27.200 V
[LIFT] V_Compute: 27.984 V
[LIFT] V_Motors: 27.189 V
[LIFT] V_Compute: 27.993 V
[LIFT] V_Motors: 27.191 V
[LIFT] V_Compute: 28.000 V
[LIFT] V_Motors: 27.202 V
[LIFT] V_Compute: 27.999 V
[LIFT] V_Motors: 27.199 V
[LIFT] V_Compute: 27.999 V
[LIFT] V_Motors: 27.196 V
[LIFT] V_Compute: 28.005 V
[LIFT] V_Motors: 27.202 V
[LIFT] V_Compute: 28.001 V
[LIFT] V_Motors: 27.194 V
[LIFT] V_Compute: 27.997 V
[LIFT] V_Motors: 27.199 V
[LIFT] V_Compute: 28.000 V
[LIFT] V_Motors: 27.200 V
[LIFT] V_Compute: 28.006 V
[LIFT] V_Motors: 27.191 V
[YOR] follow_path: n=17 first=(-0.013700002431869529, -0.0018002510070802558) last=(2.0862999975681307, 2.6481997489929197)
[YOR] follow_path: cleared
[LIFT] V_Compute: 27.997 V
[LIFT] V_Motors: 27.199 V
[LIFT] V_Compute: 27.994 V
[LIFT] V_Motors: 27.191 V
[LIFT] V_Compute: 27.982 V
[LIFT] V_Motors: 27.179 V
[YOR] follow_path: n=16 first=(-0.013700002431869529, -0.002799987792969638) last=(1.9862999975681308, 2.547200012207031)
[LIFT] V_Compute: 27.974 V
[LIFT] V_Motors: 27.138 V
[YOR] follow_path: n=16 first=(0.016299986839294456, -0.002799987792969638) last=(1.9662999868392947, 2.547200012207031)
[LIFT] V_Compute: 27.976 V
[LIFT] V_Motors: 27.129 V
[LIFT] V_Compute: 27.990 V
[YOR] follow_path: n=16 first=(-0.04699999392032628, 0.04679994583129865) last=(2.0030000060796738, 2.5467999458312987)
[LIFT] V_Motors: 27.173 V
[LIFT] V_Compute: 27.982 V
[LIFT] V_Motors: 27.173 V
[YOR] follow_path: n=16 first=(-0.06429999768733974, 0.06890010833740146) last=(1.9857000023126605, 2.518900108337402)
[LIFT] V_Compute: 27.974 V
[LIFT] V_Motors: 27.181 V
[YOR] follow_path: n=16 first=(-0.08239997625350948, 0.06329984664916921) last=(1.9676000237464908, 2.5132998466491694)
[LIFT] V_Compute: 27.986 V
[LIFT] V_Motors: 27.132 V
[YOR] follow_path: n=16 first=(-0.08769996166229244, 0.0742000579833979) last=(1.9623000383377078, 2.524200057983398)
[LIFT] V_Compute: 28.000 V
[LIFT] V_Motors: 27.147 V
[YOR] follow_path: n=16 first=(-0.018099999427795277, 0.07649984359741158) last=(1.9819000005722047, 2.5264998435974118)
[LIFT] V_Compute: 28.003 V
[LIFT] V_Motors: 27.150 V
[YOR] follow_path: n=15 first=(0.031900000572204545, 0.21379966735839773) last=(1.9819000005722047, 2.513799667358398)
[LIFT] V_Compute: 27.995 V
[LIFT] V_Motors: 27.167 V
[YOR] follow_path: n=14 first=(0.16410002708435067, 0.3741996765136717) last=(1.9641000270843507, 2.5241996765136716)
[LIFT] V_Compute: 27.997 V
[LIFT] V_Motors: 27.156 V
[YOR] follow_path: n=13 first=(0.19939997196197523, 0.619799709320068) last=(1.999399971961975, 2.519799709320068)
[LIFT] V_Compute: 27.994 V
[LIFT] V_Motors: 27.160 V
[YOR] follow_path: n=13 first=(0.3163999795913697, 0.7479997634887692) last=(1.9663999795913696, 2.547999763488769)
[LIFT] V_Compute: 28.001 V
[LIFT] V_Motors: 27.169 V
[YOR] follow_path: n=12 first=(0.3663999795913695, 0.954000091552734) last=(1.9663999795913696, 2.554000091552734)
[LIFT] V_Compute: 27.991 V
[LIFT] V_Motors: 27.171 V
[YOR] follow_path: n=13 first=(0.43059999942779537, 1.0420000076293938) last=(1.9805999994277956, 2.542000007629394)
[LIFT] V_Compute: 27.991 V
[LIFT] V_Motors: 27.150 V
[YOR] follow_path: n=12 first=(0.37730004787445104, 1.2910998344421385) last=(1.9773000478744507, 2.5410998344421385)
[LIFT] V_Compute: 28.003 V
[LIFT] V_Motors: 27.099 V
[YOR] follow_path: n=10 first=(0.4096000194549565, 1.440699958801269) last=(1.9596000194549568, 2.5406999588012695)
[LIFT] V_Compute: 27.997 V
[LIFT] V_Motors: 27.167 V
[YOR] follow_path: n=10 first=(0.5096000194549566, 1.6392000198364256) last=(1.9596000194549568, 2.539200019836425)
[LIFT] V_Compute: 27.997 V
[LIFT] V_Motors: 27.169 V
[YOR] follow_path: n=9 first=(0.6096000194549562, 1.7983998298645014) last=(1.9596000194549568, 2.5483998298645014)
[LIFT] V_Compute: 28.000 V
[LIFT] V_Motors: 27.130 V
[LIFT] V_Compute: 27.986 V
[LIFT] V_Motors: 27.134 V
[YOR] follow_path: n=8 first=(0.7596000194549566, 1.9550996780395504) last=(1.9596000194549568, 2.55509967803955)
[LIFT] V_Compute: 28.003 V
[LIFT] V_Motors: 27.149 V
[YOR] follow_path: n=7 first=(0.9234000444412236, 2.0645998954772944) last=(1.9734000444412234, 2.5145998954772946)
[LIFT] V_Compute: 27.999 V
[LIFT] V_Motors: 27.141 V
[YOR] follow_path: n=6 first=(1.1383000016212466, 2.14449987411499) last=(1.9883000016212466, 2.5444998741149893)
[LIFT] V_Compute: 28.000 V
[LIFT] V_Motors: 27.136 V
[YOR] follow_path: n=5 first=(1.3383000016212463, 2.1719997406005858) last=(1.9883000016212466, 2.5219997406005854)
[LIFT] V_Compute: 27.994 V
[LIFT] V_Motors: 27.164 V
[YOR] follow_path: n=4 first=(1.4883000016212466, 2.2525998115539547) last=(1.9883000016212466, 2.5525998115539545)
[LIFT] V_Compute: 28.000 V
[LIFT] V_Motors: 27.151 V
[YOR] follow_path: n=3 first=(1.6883000016212464, 2.2525998115539547) last=(1.9883000016212466, 2.5525998115539545)
[LIFT] V_Compute: 27.997 V
[LIFT] V_Motors: 27.185 V
[YOR] follow_path: n=2 first=(1.7883000016212465, 2.402599811553954) last=(1.9883000016212466, 2.5525998115539545)
[LIFT] V_Compute: 27.997 V
[LIFT] V_Motors: 27.107 V
[YOR] follow_path: n=2 first=(1.9383000016212464, 2.5633998870849606) last=(1.9883000016212466, 2.5133998870849608)
[LIFT] V_Compute: 28.000 V
[LIFT] V_Motors: 27.149 V
[YOR] follow_path: cleared
[LIFT] V_Compute: 27.997 V
[LIFT] V_Motors: 27.186 V
[LIFT] V_Compute: 27.993 V
[LIFT] V_Motors: 27.191 V
[LIFT] V_Compute: 28.000 V
[LIFT] V_Motors: 27.185 V
[LIFT] V_Compute: 27.999 V
[LIFT] V_Motors: 27.185 V
[LIFT] V_Compute: 27.996 V
[LIFT] V_Motors: 27.186 V
[LIFT] V_Compute: 27.999 V
[LIFT] V_Motors: 27.189 V
[LIFT] V_Compute: 27.995 V
[LIFT] V_Motors: 27.186 V
[YOR] follow_path: n=19 first=(1.9883000016212466, 2.54849967956543) last=(0.6883000016212464, -0.3015003204345703)
[LIFT] V_Compute: 28.007 V
[LIFT] V_Motors: 27.147 V
[YOR] follow_path: n=19 first=(1.9883000016212466, 2.54849967956543) last=(0.6883000016212464, -0.3015003204345703)
[LIFT] V_Compute: 28.003 V
[LIFT] V_Motors: 27.164 V
[YOR] follow_path: n=18 first=(1.9383000016212464, 2.59849967956543) last=(0.6883000016212464, -0.3015003204345703)
[LIFT] V_Compute: 27.997 V
[LIFT] V_Motors: 27.170 V
[YOR] follow_path: n=17 first=(1.880800008773804, 2.6338998794555666) last=(0.6808000087738038, -0.3161001205444336)
[LIFT] V_Compute: 27.996 V
[LIFT] V_Motors: 27.165 V
[YOR] follow_path: n=16 first=(1.7980001449584968, 2.5838998794555668) last=(0.6980001449584963, -0.3161001205444336)
[LIFT] V_Compute: 28.000 V
[LIFT] V_Motors: 27.164 V
[LIFT] V_Compute: 27.996 V
[LIFT] V_Motors: 27.171 V
[YOR] follow_path: n=18 first=(1.7923999786376958, 2.533899879455567) last=(0.6923999786376953, -0.3161001205444336)
[LIFT] V_Compute: 27.989 V
[LIFT] V_Motors: 27.169 V
[YOR] follow_path: n=17 first=(1.742800092697144, 2.483899879455567) last=(0.6928000926971443, -0.3161001205444336)
[LIFT] V_Compute: 27.999 V
[LIFT] V_Motors: 27.192 V
[YOR] follow_path: n=16 first=(1.792800092697144, 2.441799926757813) last=(0.6928000926971443, -0.3082000732421868)
[LIFT] V_Compute: 27.999 V
[LIFT] V_Motors: 27.185 V
[YOR] follow_path: n=16 first=(1.792800092697144, 2.4305997848510748) last=(0.6928000926971443, -0.31940021514892614)
[LIFT] V_Compute: 28.000 V
[LIFT] V_Motors: 27.177 V
[YOR] follow_path: n=16 first=(1.792800092697144, 2.380599784851075) last=(0.6928000926971443, -0.31940021514892614)
[LIFT] V_Compute: 27.981 V
[LIFT] V_Motors: 27.163 V
[YOR] follow_path: n=16 first=(1.792800092697144, 2.380599784851075) last=(0.6928000926971443, -0.31940021514892614)
[LIFT] V_Compute: 27.994 V
[LIFT] V_Motors: 27.181 V
[YOR] follow_path: n=16 first=(1.793500089645386, 2.380599784851075) last=(0.6935000896453865, -0.31940021514892614)
[LIFT] V_Compute: 27.986 V
[LIFT] V_Motors: 27.177 V
[YOR] follow_path: n=17 first=(1.8251999855041507, 2.380599784851075) last=(0.6751999855041504, -0.31940021514892614)
[LIFT] V_Compute: 28.005 V
[LIFT] V_Motors: 27.192 V
[YOR] follow_path: n=17 first=(1.8274001121521, 2.380599784851075) last=(0.6774001121520996, -0.31940021514892614)
[LIFT] V_Compute: 27.991 V
[LIFT] V_Motors: 27.190 V
[YOR] follow_path: n=17 first=(1.8274001121521, 2.380599784851075) last=(0.6774001121520996, -0.31940021514892614)
[LIFT] V_Compute: 27.999 V
[LIFT] V_Motors: 27.177 V
[YOR] follow_path: n=17 first=(1.8274001121521, 2.380599784851075) last=(0.6774001121520996, -0.31940021514892614)
[LIFT] V_Compute: 27.997 V
[LIFT] V_Motors: 27.177 V
[YOR] follow_path: n=17 first=(1.8274001121521, 2.380599784851075) last=(0.6774001121520996, -0.31940021514892614)
[LIFT] V_Compute: 27.996 V
[LIFT] V_Motors: 27.180 V
[YOR] follow_path: n=17 first=(1.8308001995086673, 2.380599784851075) last=(0.680800199508667, -0.31940021514892614)
[LIFT] V_Compute: 27.993 V
[LIFT] V_Motors: 27.184 V
[YOR] follow_path: n=17 first=(1.8308001995086673, 2.380599784851075) last=(0.680800199508667, -0.31940021514892614)
[LIFT] V_Compute: 27.990 V
[LIFT] V_Motors: 27.177 V
[YOR] follow_path: n=16 first=(1.7927001476287847, 2.380599784851075) last=(0.6927001476287842, -0.31940021514892614)
[LIFT] V_Compute: 27.993 V
[LIFT] V_Motors: 27.180 V
[YOR] follow_path: n=16 first=(1.7927001476287847, 2.380599784851075) last=(0.6927001476287842, -0.31940021514892614)
[LIFT] V_Compute: 27.994 V
[LIFT] V_Motors: 27.150 V
[YOR] follow_path: n=16 first=(1.7808001995086675, 2.330599784851074) last=(0.680800199508667, -0.31940021514892614)
[LIFT] V_Compute: 27.990 V
[LIFT] V_Motors: 27.146 V
[YOR] follow_path: n=14 first=(1.650300073623658, 2.1805997848510748) last=(0.7003000736236578, -0.31940021514892614)
[LIFT] V_Compute: 27.991 V
[LIFT] V_Motors: 27.159 V
[LIFT] V_Compute: 27.991 V
[LIFT] V_Motors: 27.169 V
[YOR] follow_path: n=13 first=(1.5256001472473146, 2.0305997848510744) last=(0.675600147247315, -0.31940021514892614)
[LIFT] V_Compute: 27.999 V
[LIFT] V_Motors: 27.155 V
[YOR] follow_path: n=14 first=(1.4242001533508306, 1.880599784851075) last=(0.6742001533508306, -0.31940021514892614)
[LIFT] V_Compute: 28.000 V
[LIFT] V_Motors: 27.156 V
[YOR] follow_path: n=15 first=(1.30900001525879, 1.7305997848510746) last=(0.6590000152587896, -0.31940021514892614)
[LIFT] V_Compute: 27.995 V
[LIFT] V_Motors: 27.136 V
[YOR] follow_path: n=15 first=(1.1619001865386966, 1.630599784851075) last=(0.6619001865386966, -0.31940021514892614)
[LIFT] V_Compute: 27.990 V
[LIFT] V_Motors: 27.175 V
[YOR] follow_path: n=16 first=(0.9792001724243171, 1.5805997848510742) last=(0.6792001724243173, -0.31940021514892614)
[LIFT] V_Compute: 27.994 V
[LIFT] V_Motors: 27.185 V
[YOR] follow_path: n=15 first=(0.9542001247406011, 1.630599784851075) last=(0.7042001247406011, -0.31940021514892614)
[LIFT] V_Compute: 28.003 V
[LIFT] V_Motors: 27.183 V
[YOR] follow_path: n=15 first=(0.9247001171112066, 1.630599784851075) last=(0.6747001171112066, -0.31940021514892614)
[LIFT] V_Compute: 27.990 V
[LIFT] V_Motors: 27.128 V
[YOR] follow_path: n=15 first=(0.9247001171112066, 1.630599784851075) last=(0.6747001171112066, -0.31940021514892614)
[LIFT] V_Compute: 28.000 V
[LIFT] V_Motors: 27.141 V
[YOR] follow_path: n=17 first=(0.8747001171112068, 1.630599784851075) last=(0.6747001171112066, -0.31940021514892614)
[LIFT] V_Compute: 27.995 V
[LIFT] V_Motors: 27.141 V
[YOR] follow_path: n=16 first=(0.7247001171112064, 1.630599784851075) last=(0.6747001171112066, -0.31940021514892614)
[LIFT] V_Compute: 27.996 V
[LIFT] V_Motors: 27.144 V
[YOR] follow_path: n=14 first=(0.5128000736236578, 1.6805997848510748) last=(0.6628000736236581, -0.31940021514892614)
[LIFT] V_Compute: 27.994 V
[LIFT] V_Motors: 27.151 V
[YOR] follow_path: n=12 first=(0.39079999923706144, 1.5805997848510742) last=(0.6907999992370613, -0.31940021514892614)
[LIFT] V_Compute: 27.991 V
[LIFT] V_Motors: 27.110 V
[YOR] follow_path: n=12 first=(0.26830034255981516, 1.4805997848510746) last=(0.6683003425598146, -0.31940021514892614)
[LIFT] V_Compute: 27.995 V
[LIFT] V_Motors: 27.170 V
[YOR] follow_path: n=11 first=(0.28950033187866264, 1.4805997848510746) last=(0.689500331878663, -0.31940021514892614)
[LIFT] V_Compute: 27.996 V
[LIFT] V_Motors: 27.183 V
[YOR] follow_path: n=11 first=(0.2852998733520513, 1.4305997848510748) last=(0.6852998733520517, -0.31940021514892614)
[LIFT] V_Compute: 28.001 V
[LIFT] V_Motors: 27.184 V
[YOR] follow_path: n=12 first=(0.2852998733520513, 1.4305997848510748) last=(0.6852998733520517, -0.31940021514892614)
[LIFT] V_Compute: 27.997 V
[LIFT] V_Motors: 27.120 V
[YOR] follow_path: n=11 first=(0.2352998733520515, 1.4305997848510748) last=(0.6852998733520517, -0.31940021514892614)
[LIFT] V_Compute: 27.994 V
[LIFT] V_Motors: 27.129 V
[YOR] follow_path: n=12 first=(0.08410015106201207, 1.3305997848510742) last=(0.6841001510620126, -0.31940021514892614)
[LIFT] V_Compute: 27.997 V
[LIFT] V_Motors: 27.134 V
[YOR] follow_path: n=11 first=(-0.08949995040893466, 1.1805997848510748) last=(0.6605000495910653, -0.31940021514892614)
[LIFT] V_Compute: 27.995 V
[LIFT] V_Motors: 27.152 V
[LIFT] V_Compute: 27.995 V
[LIFT] V_Motors: 27.121 V
[YOR] follow_path: n=9 first=(-0.10289974212646413, 1.0805997848510742) last=(0.6971002578735357, -0.31940021514892614)
[LIFT] V_Compute: 27.999 V
[LIFT] V_Motors: 27.131 V
[YOR] follow_path: n=7 first=(-0.10839977264404244, 0.5805997848510742) last=(0.6916002273559574, -0.31940021514892614)
[LIFT] V_Compute: 27.996 V
[LIFT] V_Motors: 27.174 V
[YOR] follow_path: n=6 first=(0.09160022735595774, 0.3305997848510742) last=(0.6916002273559574, -0.31940021514892614)
[LIFT] V_Compute: 27.996 V
[LIFT] V_Motors: 27.175 V
[YOR] follow_path: n=6 first=(0.09160022735595774, 0.3305997848510742) last=(0.6916002273559574, -0.31940021514892614)
[LIFT] V_Compute: 27.989 V
[LIFT] V_Motors: 27.118 V
[YOR] follow_path: n=6 first=(0.09160022735595774, 0.3305997848510742) last=(0.6916002273559574, -0.31940021514892614)
[LIFT] V_Compute: 28.007 V
[LIFT] V_Motors: 27.144 V
[YOR] follow_path: n=5 first=(0.14160022735595756, 0.2805997848510744) last=(0.6916002273559574, -0.31940021514892614)
[LIFT] V_Compute: 27.991 V
[LIFT] V_Motors: 27.132 V
[YOR] follow_path: n=4 first=(0.27240018844604563, 0.23059978485107457) last=(0.6724001884460451, -0.31940021514892614)
[LIFT] V_Compute: 28.000 V
[LIFT] V_Motors: 27.152 V
[YOR] follow_path: n=4 first=(0.5224001884460456, 0.13059978485107493) last=(0.6724001884460451, -0.31940021514892614)
[LIFT] V_Compute: 27.987 V
[LIFT] V_Motors: 27.144 V
[YOR] follow_path: n=3 first=(0.5724001884460455, 0.030599784851074396) last=(0.6724001884460451, -0.31940021514892614)
[LIFT] V_Compute: 27.994 V
[LIFT] V_Motors: 27.160 V
[YOR] follow_path: n=2 first=(0.5724001884460455, -0.16940021514892578) last=(0.6724001884460451, -0.31940021514892614)
[LIFT] V_Compute: 27.987 V
[LIFT] V_Motors: 27.187 V
[YOR] follow_path: n=2 first=(0.6724001884460451, -0.2694002151489254) last=(0.6724001884460451, -0.31940021514892614)
[YOR] follow_path: cleared
[LIFT] V_Compute: 27.996 V
[LIFT] V_Motors: 27.176 V
[LIFT] V_Compute: 27.990 V
[LIFT] V_Motors: 27.184 V
[LIFT] V_Compute: 27.995 V
[LIFT] V_Motors: 27.183 V
[LIFT] V_Compute: 27.996 V
[LIFT] V_Motors: 27.181 V
[LIFT] V_Compute: 27.994 V
[LIFT] V_Motors: 27.186 V
[LIFT] V_Compute: 27.996 V
[LIFT] V_Motors: 27.180 V
[LIFT] V_Compute: 27.991 V
[LIFT] V_Motors: 27.181 V
[LIFT] V_Compute: 27.993 V
[LIFT] V_Motors: 27.187 V
[LIFT] V_Compute: 27.999 V
[LIFT] V_Motors: 27.183 V
[LIFT] V_Compute: 27.995 V
[LIFT] V_Motors: 27.186 V
[LIFT] V_Compute: 27.989 V
[LIFT] V_Motors: 27.183 V
[LIFT] V_Compute: 27.994 V
[LIFT] V_Motors: 27.184 V
[LIFT] V_Compute: 27.989 V
[LIFT] V_Motors: 27.187 V
[LIFT] V_Compute: 27.997 V
[LIFT] V_Motors: 27.183 V
[LIFT] V_Compute: 27.997 V
[LIFT] V_Motors: 27.186 V
[LIFT] V_Compute: 27.996 V
[LIFT] V_Motors: 27.187 V
[LIFT] V_Compute: 27.999 V
[LIFT] V_Motors: 27.187 V
[YOR] follow_path: n=18 first=(0.6724001884460451, -0.2694002151489254) last=(1.1224001884460453, 2.130599784851075)
[LIFT] V_Compute: 27.986 V
[LIFT] V_Motors: 27.128 V
[LIFT] V_Compute: 27.990 V
[LIFT] V_Motors: 27.160 V
[YOR] follow_path: n=18 first=(0.6724001884460451, -0.2694002151489254) last=(1.1224001884460453, 2.130599784851075)
[LIFT] V_Compute: 28.000 V
[LIFT] V_Motors: 27.161 V
[YOR] follow_path: n=18 first=(0.6224001884460453, -0.31940021514892614) last=(1.1224001884460453, 2.130599784851075)
[LIFT] V_Compute: 27.990 V
[LIFT] V_Motors: 27.161 V
[YOR] follow_path: n=17 first=(0.5224001884460456, -0.31940021514892614) last=(1.1224001884460453, 2.130599784851075)
[LIFT] V_Compute: 27.994 V
[LIFT] V_Motors: 27.159 V
[YOR] follow_path: n=16 first=(0.4836001396179208, -0.2694002151489254) last=(1.1336001396179203, 2.130599784851075)
[LIFT] V_Compute: 27.995 V
[LIFT] V_Motors: 27.145 V
[YOR] follow_path: n=16 first=(0.4836001396179208, -0.21940021514892472) last=(1.1336001396179203, 2.130599784851075)
[LIFT] V_Compute: 27.990 V
[LIFT] V_Motors: 27.157 V
[YOR] follow_path: n=16 first=(0.4836001396179208, -0.16940021514892578) last=(1.1336001396179203, 2.130599784851075)
[LIFT] V_Compute: 27.991 V
[LIFT] V_Motors: 27.166 V
[YOR] follow_path: n=14 first=(0.4836001396179208, -0.11940021514892507) last=(1.1336001396179203, 2.130599784851075)
[LIFT] V_Compute: 27.990 V
[LIFT] V_Motors: 27.122 V
[YOR] follow_path: n=14 first=(0.5336001396179206, -0.06940021514892614) last=(1.1336001396179203, 2.130599784851075)
[LIFT] V_Compute: 27.995 V
[LIFT] V_Motors: 27.115 V
[YOR] follow_path: n=14 first=(0.4336001396179201, -0.019400215148925426) last=(1.1336001396179203, 2.130599784851075)
[LIFT] V_Compute: 27.989 V
[LIFT] V_Motors: 27.111 V
[YOR] follow_path: n=13 first=(0.2336001396179208, 0.030599784851074396) last=(1.1336001396179203, 2.130599784851075)
[LIFT] V_Compute: 27.993 V
[LIFT] V_Motors: 27.131 V
[YOR] follow_path: n=12 first=(0.1836001396179201, 0.23059978485107457) last=(1.1336001396179203, 2.130599784851075)
[LIFT] V_Compute: 27.990 V
[LIFT] V_Motors: 27.142 V
[YOR] follow_path: n=11 first=(0.08360013961792045, 0.43059978485107475) last=(1.1336001396179203, 2.130599784851075)
[LIFT] V_Compute: 27.976 V
[LIFT] V_Motors: 27.121 V
[YOR] follow_path: n=12 first=(0.03360013961792063, 0.5305997848510744) last=(1.1336001396179203, 2.130599784851075)
[LIFT] V_Compute: 27.979 V
[LIFT] V_Motors: 27.114 V
[YOR] follow_path: n=21 first=(0.08360013961792045, 0.9805997848510746) last=(1.1336001396179203, 2.130599784851075)
[LIFT] V_Compute: 27.969 V
[LIFT] V_Motors: 27.125 V
[YOR] follow_path: n=21 first=(0.08360013961792045, 0.9805997848510746) last=(1.1336001396179203, 2.130599784851075)
[LIFT] V_Compute: 27.989 V
[LIFT] V_Motors: 27.142 V
[YOR] follow_path: n=21 first=(0.08360013961792045, 0.9805997848510746) last=(1.1336001396179203, 2.130599784851075)
[LIFT] V_Compute: 27.976 V
[LIFT] V_Motors: 27.150 V
[LIFT] V_Compute: 27.974 V
[LIFT] V_Motors: 27.142 V
[YOR] follow_path: n=21 first=(0.08360013961792045, 0.9805997848510746) last=(1.1336001396179203, 2.130599784851075)
[LIFT] V_Compute: 27.981 V
[LIFT] V_Motors: 27.147 V
[YOR] follow_path: n=21 first=(0.08360013961792045, 0.9805997848510746) last=(1.1336001396179203, 2.130599784851075)
[LIFT] V_Compute: 27.990 V
[LIFT] V_Motors: 27.174 V
[YOR] follow_path: n=19 first=(0.000700092315674361, 0.8805997848510749) last=(1.1507000923156747, 2.130599784851075)
[LIFT] V_Compute: 27.990 V
[LIFT] V_Motors: 27.177 V
[YOR] follow_path: n=73 first=(0.01670017242431676, 0.8805997848510749) last=(1.1667001724243171, 2.130599784851075)
[LIFT] V_Compute: 27.995 V
[LIFT] V_Motors: 27.131 V
[YOR] follow_path: n=21 first=(0.04500026702880877, 0.9305997848510748) last=(1.1450002670288093, 2.130599784851075)
[LIFT] V_Compute: 28.003 V
[LIFT] V_Motors: 27.099 V
[YOR] follow_path: n=21 first=(-0.004999732971191051, 0.8305997848510742) last=(1.1450002670288093, 2.130599784851075)
[LIFT] V_Compute: 27.989 V
[LIFT] V_Motors: 27.161 V
[YOR] follow_path: n=21 first=(-0.0009000778198240411, 0.8305997848510742) last=(1.1490999221801763, 2.130599784851075)
[LIFT] V_Compute: 27.994 V
[LIFT] V_Motors: 27.177 V
[YOR] follow_path: n=18 first=(0.002300262451172763, 0.5305997848510744) last=(1.1523002624511722, 2.130599784851075)
[LIFT] V_Compute: 27.999 V
[LIFT] V_Motors: 27.124 V
[YOR] follow_path: n=20 first=(-0.014100074768065518, 0.6805997848510748) last=(1.135899925231934, 2.130599784851075)
[LIFT] V_Compute: 27.999 V
[LIFT] V_Motors: 27.111 V
[YOR] follow_path: n=75 first=(0.06350002288818413, 0.43059978485107475) last=(1.1635000228881838, 2.130599784851075)
[LIFT] V_Compute: 27.985 V
[LIFT] V_Motors: 27.150 V
[YOR] follow_path: n=76 first=(0.11350002288818395, 0.3305997848510742) last=(1.1635000228881838, 2.130599784851075)
[LIFT] V_Compute: 27.987 V
[LIFT] V_Motors: 27.166 V
[YOR] follow_path: n=72 first=(0.06350002288818413, 0.43059978485107475) last=(1.1635000228881838, 2.130599784851075)
[LIFT] V_Compute: 27.986 V
[LIFT] V_Motors: 27.126 V
[YOR] follow_path: n=72 first=(0.06350002288818413, 0.43059978485107475) last=(1.1635000228881838, 2.130599784851075)
[LIFT] V_Compute: 27.990 V
[LIFT] V_Motors: 27.147 V
[YOR] follow_path: n=18 first=(0.10440025329589897, 0.3305997848510742) last=(1.1544002532958988, 2.130599784851075)
[LIFT] V_Compute: 27.993 V
[LIFT] V_Motors: 27.072 V
[YOR] follow_path: n=18 first=(0.004400253295899326, 0.2805997848510744) last=(1.1544002532958988, 2.130599784851075)
[LIFT] V_Compute: 27.989 V
[LIFT] V_Motors: 27.151 V
[YOR] follow_path: n=18 first=(0.10440025329589897, 0.2805997848510744) last=(1.1544002532958988, 2.130599784851075)
[LIFT] V_Compute: 27.989 V
[LIFT] V_Motors: 27.142 V
[YOR] follow_path: n=16 first=(0.1310001373291021, 0.2805997848510744) last=(1.131000137329102, 2.130599784851075)
[LIFT] V_Compute: 27.981 V
[LIFT] V_Motors: 27.171 V
[LIFT] V_Compute: 27.986 V
[LIFT] V_Motors: 27.170 V
[YOR] follow_path: n=18 first=(0.18100013732910192, 0.2805997848510744) last=(1.131000137329102, 2.130599784851075)
[LIFT] V_Compute: 27.999 V
[LIFT] V_Motors: 27.134 V
[YOR] follow_path: n=76 first=(0.17039995193481516, 0.2805997848510744) last=(1.1203999519348153, 2.130599784851075)
[LIFT] V_Compute: 27.985 V
[LIFT] V_Motors: 27.120 V
[YOR] follow_path: n=75 first=(0.22039995193481499, 0.18059978485107475) last=(1.1203999519348153, 2.130599784851075)
[LIFT] V_Compute: 27.982 V
[LIFT] V_Motors: 27.144 V
[YOR] follow_path: n=76 first=(0.22039995193481499, -0.019400215148925426) last=(1.1203999519348153, 2.130599784851075)
[LIFT] V_Compute: 27.981 V
[LIFT] V_Motors: 27.129 V
[YOR] follow_path: n=74 first=(0.2703999519348148, -0.16940021514892578) last=(1.1203999519348153, 2.130599784851075)
[LIFT] V_Compute: 27.980 V
[LIFT] V_Motors: 27.129 V
[YOR] follow_path: n=74 first=(0.42039995193481516, -0.31940021514892614) last=(1.1203999519348153, 2.130599784851075)
[LIFT] V_Compute: 27.996 V
[LIFT] V_Motors: 27.116 V
[YOR] follow_path: n=73 first=(0.470399951934815, -0.4694002151489247) last=(1.1203999519348153, 2.130599784851075)
[LIFT] V_Compute: 27.991 V
[LIFT] V_Motors: 27.125 V
[YOR] follow_path: n=71 first=(0.37039995193481534, -0.6694002151489258) last=(1.1203999519348153, 2.130599784851075)
[LIFT] V_Compute: 27.987 V
[LIFT] V_Motors: 27.147 V
[YOR] follow_path: n=71 first=(0.2703999519348148, -0.8694002151489251) last=(1.1203999519348153, 2.130599784851075)
[LIFT] V_Compute: 27.991 V
[LIFT] V_Motors: 27.129 V
[YOR] follow_path: n=69 first=(0.2703999519348148, -1.0694002151489261) last=(1.1203999519348153, 2.130599784851075)
[LIFT] V_Compute: 27.991 V
[LIFT] V_Motors: 27.155 V
[YOR] follow_path: n=69 first=(0.37039995193481534, -1.2194002151489247) last=(1.1203999519348153, 2.130599784851075)
[LIFT] V_Compute: 27.987 V
[LIFT] V_Motors: 27.094 V
[YOR] follow_path: n=68 first=(0.470399951934815, -1.369400215148925) last=(1.1203999519348153, 2.130599784851075)
[LIFT] V_Compute: 27.990 V
[LIFT] V_Motors: 27.107 V
[YOR] follow_path: cleared
[LIFT] V_Compute: 27.993 V
[LIFT] V_Motors: 27.145 V
[LIFT] V_Compute: 27.995 V
[LIFT] V_Motors: 27.166 V
[LIFT] V_Compute: 27.996 V
[LIFT] V_Motors: 27.169 V
[LIFT] V_Compute: 27.991 V
[LIFT] V_Motors: 27.173 V
[LIFT] V_Compute: 27.989 V
[LIFT] V_Motors: 27.183 V
[LIFT] V_Compute: 27.985 V
[LIFT] V_Motors: 27.167 V
[LIFT] V_Compute: 27.991 V
[LIFT] V_Motors: 27.179 V
[LIFT] V_Compute: 27.989 V
[LIFT] V_Motors: 27.174 V
[LIFT] V_Compute: 27.991 V
[LIFT] V_Motors: 27.176 V
[LIFT] V_Compute: 27.987 V
[LIFT] V_Motors: 27.170 V
[LIFT] V_Compute: 27.991 V
[LIFT] V_Motors: 27.176 V
[LIFT] V_Compute: 27.993 V
[LIFT] V_Motors: 27.175 V
[LIFT] V_Compute: 27.995 V
[LIFT] V_Motors: 27.176 V
[LIFT] V_Compute: 27.989 V
[LIFT] V_Motors: 27.175 V
[LIFT] V_Compute: 27.989 V
[LIFT] V_Motors: 27.175 V
[LIFT] V_Compute: 28.000 V
[LIFT] V_Motors: 27.175 V
[LIFT] V_Compute: 27.999 V
[LIFT] V_Motors: 27.176 V
[LIFT] V_Compute: 27.994 V
[LIFT] V_Motors: 27.179 V
[LIFT] V_Compute: 27.996 V
[LIFT] V_Motors: 27.177 V
[LIFT] V_Compute: 27.990 V
[LIFT] V_Motors: 27.181 V
[LIFT] V_Compute: 27.989 V
[LIFT] V_Motors: 27.174 V
[LIFT] V_Compute: 27.991 V
[LIFT] V_Motors: 27.181 V
[LIFT] V_Compute: 27.984 V
[LIFT] V_Motors: 27.176 V
[LIFT] V_Compute: 27.989 V
[LIFT] V_Motors: 27.174 V
[LIFT] V_Compute: 27.991 V
[LIFT] V_Motors: 27.179 V
[LIFT] V_Compute: 27.991 V
[LIFT] V_Motors: 27.179 V
[LIFT] V_Compute: 27.991 V
[LIFT] V_Motors: 27.180 V
[LIFT] V_Compute: 27.995 V
[LIFT] V_Motors: 27.180 V
[LIFT] V_Compute: 27.990 V
[LIFT] V_Motors: 27.174 V
[LIFT] V_Compute: 27.982 V
[LIFT] V_Motors: 27.177 V
[LIFT] V_Compute: 27.981 V
[LIFT] V_Motors: 27.175 V
[LIFT] V_Compute: 27.985 V
[LIFT] V_Motors: 27.181 V
[LIFT] V_Compute: 27.990 V
[LIFT] V_Motors: 27.176 V
[LIFT] V_Compute: 27.994 V
[LIFT] V_Motors: 27.181 V
[LIFT] V_Compute: 27.990 V
[LIFT] V_Motors: 27.181 V
[LIFT] V_Compute: 27.987 V
[LIFT] V_Motors: 27.183 V
[LIFT] V_Compute: 27.993 V
[LIFT] V_Motors: 27.176 V
[LIFT] V_Compute: 27.979 V
[LIFT] V_Motors: 27.167 V
[LIFT] V_Compute: 27.989 V
[LIFT] V_Motors: 27.176 V
[LIFT] V_Compute: 27.989 V
[LIFT] V_Motors: 27.183 V
[LIFT] V_Compute: 27.991 V
[LIFT] V_Motors: 27.176 V
[LIFT] V_Compute: 27.990 V
[LIFT] V_Motors: 27.175 V
[LIFT] V_Compute: 27.990 V
[LIFT] V_Motors: 27.180 V
[LIFT] V_Compute: 27.994 V
[LIFT] V_Motors: 27.179 V
[LIFT] V_Compute: 27.990 V
[LIFT] V_Motors: 27.176 V
[LIFT] V_Compute: 27.987 V
[LIFT] V_Motors: 27.180 V
[LIFT] V_Compute: 27.993 V
[LIFT] V_Motors: 27.184 V
[LIFT] V_Compute: 27.993 V
[LIFT] V_Motors: 27.184 V
[LIFT] V_Compute: 27.991 V
[LIFT] V_Motors: 27.179 V
[LIFT] V_Compute: 27.981 V
[LIFT] V_Motors: 27.166 V
[LIFT] V_Compute: 27.989 V
[LIFT] V_Motors: 27.177 V
[LIFT] V_Compute: 27.982 V
[LIFT] V_Motors: 27.187 V
[LIFT] V_Compute: 27.990 V
[LIFT] V_Motors: 27.180 V
[LIFT] V_Compute: 27.987 V
[LIFT] V_Motors: 27.173 V
[LIFT] V_Compute: 27.989 V
[LIFT] V_Motors: 27.179 V
[LIFT] V_Compute: 27.990 V
[LIFT] V_Motors: 27.177 V
[LIFT] V_Compute: 27.984 V
[LIFT] V_Motors: 27.175 V
[LIFT] V_Compute: 27.993 V
[LIFT] V_Motors: 27.180 V
[LIFT] V_Compute: 27.985 V
[LIFT] V_Motors: 27.173 V
[LIFT] V_Compute: 27.989 V
[LIFT] V_Motors: 27.180 V
[LIFT] V_Compute: 27.993 V
[LIFT] V_Motors: 27.180 V
[LIFT] V_Compute: 27.989 V
[LIFT] V_Motors: 27.181 V
[LIFT] V_Compute: 27.979 V
[LIFT] V_Motors: 27.175 V
[LIFT] V_Compute: 27.984 V
[LIFT] V_Motors: 27.183 V
[LIFT] V_Compute: 27.991 V
[LIFT] V_Motors: 27.174 V
[LIFT] V_Compute: 27.989 V
[LIFT] V_Motors: 27.179 V
[LIFT] V_Compute: 27.989 V
[LIFT] V_Motors: 27.183 V
[LIFT] V_Compute: 27.993 V
[LIFT] V_Motors: 27.179 V
[LIFT] V_Compute: 27.987 V
[LIFT] V_Motors: 27.179 V
[LIFT] V_Compute: 27.984 V
[LIFT] V_Motors: 27.179 V
[LIFT] V_Compute: 27.990 V
[LIFT] V_Motors: 27.176 V
[LIFT] V_Compute: 27.984 V
[LIFT] V_Motors: 27.181 V
[LIFT] V_Compute: 27.987 V
[LIFT] V_Motors: 27.184 V
[LIFT] V_Compute: 27.987 V
[LIFT] V_Motors: 27.181 V
[LIFT] V_Compute: 27.987 V
[LIFT] V_Motors: 27.183 V
[LIFT] V_Compute: 27.979 V
[LIFT] V_Motors: 27.173 V
[YOR] follow_path: cleared
[LIFT] V_Compute: 27.991 V
[LIFT] V_Motors: 27.177 V
[LIFT] V_Compute: 27.995 V
[LIFT] V_Motors: 27.192 V
[LIFT] V_Compute: 27.994 V
[LIFT] V_Motors: 27.189 V
[LIFT] V_Compute: 27.993 V
[LIFT] V_Motors: 27.187 V
[LIFT] V_Compute: 28.000 V
[LIFT] V_Motors: 27.187 V
[LIFT] V_Compute: 27.993 V
[LIFT] V_Motors: 27.189 V
[LIFT] V_Compute: 27.987 V
[LIFT] V_Motors: 27.191 V
[LIFT] V_Compute: 27.979 V
[LIFT] V_Motors: 27.174 V
[LIFT] V_Compute: 27.980 V
[LIFT] V_Motors: 27.177 V
[LIFT] V_Compute: 27.982 V
[LIFT] V_Motors: 27.179 V
[LIFT] V_Compute: 27.979 V
[LIFT] V_Motors: 27.174 V
[LIFT] V_Compute: 27.982 V
[LIFT] V_Motors: 27.176 V
[LIFT] V_Compute: 27.990 V
[LIFT] V_Motors: 27.179 V
[LIFT] V_Compute: 27.989 V
[LIFT] V_Motors: 27.179 V
[LIFT] V_Compute: 27.980 V
[LIFT] V_Motors: 27.175 V
[LIFT] V_Compute: 27.986 V
[LIFT] V_Motors: 27.177 V
[LIFT] V_Compute: 27.999 V
[LIFT] V_Motors: 27.190 V
[LIFT] V_Compute: 28.000 V
[LIFT] V_Motors: 27.144 V
[LIFT] V_Compute: 27.999 V
[LIFT] V_Motors: 27.175 V
[LIFT] V_Compute: 28.001 V
[LIFT] V_Motors: 27.152 V
[LIFT] V_Compute: 27.999 V
[LIFT] V_Motors: 27.164 V
[LIFT] V_Compute: 27.999 V
[LIFT] V_Motors: 27.152 V
[LIFT] V_Compute: 28.000 V
[LIFT] V_Motors: 27.163 V
[LIFT] V_Compute: 28.003 V
[LIFT] V_Motors: 27.142 V
[LIFT] V_Compute: 28.005 V
[LIFT] V_Motors: 27.115 V
[LIFT] V_Compute: 27.996 V
[LIFT] V_Motors: 27.151 V
[LIFT] V_Compute: 27.999 V
[LIFT] V_Motors: 27.136 V
[LIFT] V_Compute: 27.999 V
[LIFT] V_Motors: 27.144 V
[LIFT] V_Compute: 28.000 V
[LIFT] V_Motors: 27.109 V
[LIFT] V_Compute: 27.995 V
[LIFT] V_Motors: 27.128 V
[LIFT] V_Compute: 27.995 V
[LIFT] V_Motors: 27.173 V
[LIFT] V_Compute: 27.990 V
[LIFT] V_Motors: 27.122 V
[LIFT] V_Compute: 28.003 V
[LIFT] V_Motors: 27.097 V
[LIFT] V_Compute: 28.003 V
[LIFT] V_Motors: 27.155 V
[LIFT] V_Compute: 28.001 V
[LIFT] V_Motors: 27.151 V
[LIFT] V_Compute: 27.996 V
[LIFT] V_Motors: 27.189 V
[LIFT] V_Compute: 28.004 V
[LIFT] V_Motors: 27.186 V
[LIFT] V_Compute: 27.995 V
[LIFT] V_Motors: 27.179 V
[LIFT] V_Compute: 28.003 V
[LIFT] V_Motors: 27.187 V
[LIFT] V_Compute: 27.997 V
[LIFT] V_Motors: 27.176 V
[LIFT] V_Compute: 28.007 V
[LIFT] V_Motors: 27.180 V
[LIFT] V_Compute: 27.997 V
[LIFT] V_Motors: 27.180 V
[LIFT] V_Compute: 27.996 V
[LIFT] V_Motors: 27.187 V
[LIFT] V_Compute: 27.997 V
[LIFT] V_Motors: 27.176 V
[LIFT] V_Compute: 27.991 V
[LIFT] V_Motors: 27.187 V
[LIFT] V_Compute: 27.996 V
[LIFT] V_Motors: 27.175 V
[LIFT] V_Compute: 27.999 V
[LIFT] V_Motors: 27.186 V
[LIFT] V_Compute: 28.005 V
[LIFT] V_Motors: 27.176 V
[LIFT] V_Compute: 28.004 V
[LIFT] V_Motors: 27.189 V
[LIFT] V_Compute: 27.997 V
[LIFT] V_Motors: 27.187 V
[LIFT] V_Compute: 28.003 V
[LIFT] V_Motors: 27.186 V
[LIFT] V_Compute: 27.999 V
[LIFT] V_Motors: 27.189 V
[LIFT] V_Compute: 27.995 V
[LIFT] V_Motors: 27.185 V
[LIFT] V_Compute: 28.000 V
[LIFT] V_Motors: 27.185 V
[LIFT] V_Compute: 28.000 V
[LIFT] V_Motors: 27.190 V
[LIFT] V_Compute: 27.997 V
[LIFT] V_Motors: 27.184 V
[LIFT] V_Compute: 27.999 V
[LIFT] V_Motors: 27.190 V
[LIFT] V_Compute: 27.997 V
[LIFT] V_Motors: 27.187 V
[LIFT] V_Compute: 28.006 V
[LIFT] V_Motors: 27.191 V
[LIFT] V_Compute: 28.003 V
[LIFT] V_Motors: 27.191 V
[LIFT] V_Compute: 27.999 V
[LIFT] V_Motors: 27.185 V
[LIFT] V_Compute: 27.999 V
[LIFT] V_Motors: 27.190 V
[LIFT] V_Compute: 27.995 V
[LIFT] V_Motors: 27.190 V
[LIFT] V_Compute: 27.995 V
[LIFT] V_Motors: 27.187 V
[LIFT] V_Compute: 27.999 V
[LIFT] V_Motors: 27.190 V
[LIFT] V_Compute: 27.994 V
[LIFT] V_Motors: 27.186 V
[LIFT] V_Compute: 28.004 V
[LIFT] V_Motors: 27.187 V
[LIFT] V_Compute: 28.000 V
[LIFT] V_Motors: 27.190 V
[LIFT] V_Compute: 28.000 V
[LIFT] V_Motors: 27.194 V
[LIFT] V_Compute: 28.000 V
[LIFT] V_Motors: 27.191 V
[LIFT] V_Compute: 28.006 V
[LIFT] V_Motors: 27.189 V
[LIFT] V_Compute: 27.994 V
[LIFT] V_Motors: 27.186 V
[LIFT] V_Compute: 28.005 V
[LIFT] V_Motors: 27.189 V
[LIFT] V_Compute: 27.990 V
[LIFT] V_Motors: 27.183 V
[LIFT] V_Compute: 28.004 V
[LIFT] V_Motors: 27.191 V
[LIFT] V_Compute: 27.996 V
[LIFT] V_Motors: 27.185 V
[LIFT] V_Compute: 28.005 V
[LIFT] V_Motors: 27.189 V
[LIFT] V_Compute: 28.000 V
[LIFT] V_Motors: 27.183 V
[LIFT] V_Compute: 28.001 V
[LIFT] V_Motors: 27.189 V
[LIFT] V_Compute: 28.003 V
[LIFT] V_Motors: 27.180 V
[LIFT] V_Compute: 27.995 V
[LIFT] V_Motors: 27.185 V
[LIFT] V_Compute: 27.990 V
[LIFT] V_Motors: 27.189 V
[LIFT] V_Compute: 27.999 V
[LIFT] V_Motors: 27.190 V
[LIFT] V_Compute: 28.001 V
[LIFT] V_Motors: 27.192 V
[LIFT] V_Compute: 28.003 V
[LIFT] V_Motors: 27.187 V
[LIFT] V_Compute: 27.996 V
[LIFT] V_Motors: 27.189 V
[LIFT] V_Compute: 27.999 V
[LIFT] V_Motors: 27.194 V
[LIFT] V_Compute: 28.004 V
[LIFT] V_Motors: 27.190 V
[LIFT] V_Compute: 28.003 V
[LIFT] V_Motors: 27.191 V
[LIFT] V_Compute: 27.997 V
[LIFT] V_Motors: 27.190 V
[LIFT] V_Compute: 27.999 V
[LIFT] V_Motors: 27.190 V
[LIFT] V_Compute: 28.001 V
[LIFT] V_Motors: 27.192 V
[LIFT] V_Compute: 28.010 V
[LIFT] V_Motors: 27.191 V
[LIFT] V_Compute: 27.996 V
[LIFT] V_Motors: 27.190 V
[LIFT] V_Compute: 28.004 V
[LIFT] V_Motors: 27.196 V
[LIFT] V_Compute: 27.999 V
[LIFT] V_Motors: 27.189 V
[LIFT] V_Compute: 28.003 V
[LIFT] V_Motors: 27.191 V
[LIFT] V_Compute: 27.984 V
[LIFT] V_Motors: 27.179 V
[LIFT] V_Compute: 27.999 V
[LIFT] V_Motors: 27.191 V
[LIFT] V_Compute: 27.990 V
[LIFT] V_Motors: 27.187 V
[LIFT] V_Compute: 27.999 V
[LIFT] V_Motors: 27.190 V
[LIFT] V_Compute: 27.993 V
[LIFT] V_Motors: 27.191 V
[LIFT] V_Compute: 28.007 V
[LIFT] V_Motors: 27.191 V
[LIFT] V_Compute: 27.999 V
[LIFT] V_Motors: 27.191 V
[LIFT] V_Compute: 28.004 V
[LIFT] V_Motors: 27.192 V
[LIFT] V_Compute: 27.999 V
[LIFT] V_Motors: 27.190 V
[LIFT] V_Compute: 27.997 V
[LIFT] V_Motors: 27.187 V
[LIFT] V_Compute: 27.996 V
[LIFT] V_Motors: 27.191 V
[LIFT] V_Compute: 27.996 V
[LIFT] V_Motors: 27.195 V
[LIFT] V_Compute: 28.000 V
[LIFT] V_Motors: 27.194 V
[LIFT] V_Compute: 27.996 V
[LIFT] V_Motors: 27.192 V
[LIFT] V_Compute: 28.005 V
[LIFT] V_Motors: 27.190 V
[LIFT] V_Compute: 27.996 V
[LIFT] V_Motors: 27.189 V
[LIFT] V_Compute: 27.993 V
[LIFT] V_Motors: 27.192 V
[LIFT] V_Compute: 28.001 V
[LIFT] V_Motors: 27.184 V
[LIFT] V_Compute: 27.996 V
[LIFT] V_Motors: 27.190 V
[LIFT] V_Compute: 28.003 V
[LIFT] V_Motors: 27.191 V
[LIFT] V_Compute: 27.994 V
[LIFT] V_Motors: 27.190 V
[LIFT] V_Compute: 27.997 V
[LIFT] V_Motors: 27.194 V
[LIFT] V_Compute: 27.999 V
[LIFT] V_Motors: 27.194 V
[LIFT] V_Compute: 28.003 V
[LIFT] V_Motors: 27.192 V
[LIFT] V_Compute: 28.003 V
[LIFT] V_Motors: 27.189 V
[LIFT] V_Compute: 27.994 V
[LIFT] V_Motors: 27.196 V
[LIFT] V_Compute: 28.001 V
[LIFT] V_Motors: 27.196 V
[LIFT] V_Compute: 28.003 V
[LIFT] V_Motors: 27.197 V
[LIFT] V_Compute: 28.006 V
[LIFT] V_Motors: 27.197 V
[LIFT] V_Compute: 27.993 V
[LIFT] V_Motors: 27.194 V
[LIFT] V_Compute: 28.003 V
[LIFT] V_Motors: 27.196 V
[LIFT] V_Compute: 27.991 V
[LIFT] V_Motors: 27.189 V
[LIFT] V_Compute: 28.005 V
[LIFT] V_Motors: 27.191 V
[LIFT] V_Compute: 27.991 V
[LIFT] V_Motors: 27.195 V
[LIFT] V_Compute: 28.004 V
[LIFT] V_Motors: 27.194 V
[LIFT] V_Compute: 27.994 V
[LIFT] V_Motors: 27.191 V
[LIFT] V_Compute: 27.995 V
[LIFT] V_Motors: 27.186 V
[LIFT] V_Compute: 28.001 V
[LIFT] V_Motors: 27.192 V
[LIFT] V_Compute: 27.990 V
[LIFT] V_Motors: 27.195 V
[LIFT] V_Compute: 28.005 V
[LIFT] V_Motors: 27.195 V
[LIFT] V_Compute: 28.003 V
[LIFT] V_Motors: 27.194 V
[LIFT] V_Compute: 28.003 V
[LIFT] V_Motors: 27.192 V
[LIFT] V_Compute: 27.996 V
[LIFT] V_Motors: 27.190 V
[LIFT] V_Compute: 28.006 V
[LIFT] V_Motors: 27.191 V
[LIFT] V_Compute: 27.996 V
[LIFT] V_Motors: 27.194 V
[LIFT] V_Compute: 27.991 V
[LIFT] V_Motors: 27.187 V
[LIFT] V_Compute: 27.993 V
[LIFT] V_Motors: 27.196 V
[LIFT] V_Compute: 27.999 V
[LIFT] V_Motors: 27.191 V
[LIFT] V_Compute: 28.001 V
[LIFT] V_Motors: 27.189 V
[LIFT] V_Compute: 28.000 V
[LIFT] V_Motors: 27.196 V
[LIFT] V_Compute: 28.005 V
[LIFT] V_Motors: 27.196 V
[LIFT] V_Compute: 27.999 V
[LIFT] V_Motors: 27.191 V
[LIFT] V_Compute: 28.005 V
[LIFT] V_Motors: 27.184 V
[LIFT] V_Compute: 27.997 V
[LIFT] V_Motors: 27.192 V
[LIFT] V_Compute: 28.003 V
[LIFT] V_Motors: 27.190 V
[LIFT] V_Compute: 28.003 V
[LIFT] V_Motors: 27.190 V
[LIFT] V_Compute: 27.999 V
[LIFT] V_Motors: 27.189 V
[LIFT] V_Compute: 28.000 V
[LIFT] V_Motors: 27.196 V
[LIFT] V_Compute: 28.004 V
[LIFT] V_Motors: 27.181 V
[LIFT] V_Compute: 27.996 V
[LIFT] V_Motors: 27.194 V
[LIFT] V_Compute: 27.990 V
[LIFT] V_Motors: 27.190 V
[LIFT] V_Compute: 28.000 V
[LIFT] V_Motors: 27.197 V
[LIFT] V_Compute: 27.990 V
[LIFT] V_Motors: 27.185 V
[LIFT] V_Compute: 28.000 V
[LIFT] V_Motors: 27.194 V
[LIFT] V_Compute: 27.999 V
[LIFT] V_Motors: 27.186 V
[LIFT] V_Compute: 27.994 V
[LIFT] V_Motors: 27.184 V
[LIFT] V_Compute: 27.997 V
[LIFT] V_Motors: 27.184 V
[LIFT] V_Compute: 28.003 V
[LIFT] V_Motors: 27.194 V
[LIFT] V_Compute: 28.003 V
[LIFT] V_Motors: 27.196 V
[LIFT] V_Compute: 27.999 V
[LIFT] V_Motors: 27.197 V
[LIFT] V_Compute: 28.001 V
[LIFT] V_Motors: 27.190 V
[LIFT] V_Compute: 28.003 V
[LIFT] V_Motors: 27.189 V
[LIFT] V_Compute: 28.000 V
[LIFT] V_Motors: 27.191 V
[LIFT] V_Compute: 28.003 V
[LIFT] V_Motors: 27.194 V
[LIFT] V_Compute: 28.003 V
[LIFT] V_Motors: 27.195 V
[LIFT] V_Compute: 27.996 V
[LIFT] V_Motors: 27.187 V
[LIFT] V_Compute: 28.005 V
[LIFT] V_Motors: 27.186 V
[LIFT] V_Compute: 27.997 V
[LIFT] V_Motors: 27.185 V
[LIFT] V_Compute: 27.999 V
[LIFT] V_Motors: 27.194 V
[LIFT] V_Compute: 27.997 V
[LIFT] V_Motors: 27.186 V
[LIFT] V_Compute: 28.001 V
[LIFT] V_Motors: 27.194 V
[LIFT] V_Compute: 28.006 V
[LIFT] V_Motors: 27.195 V
[LIFT] V_Compute: 27.993 V
[LIFT] V_Motors: 27.187 V
[LIFT] V_Compute: 28.000 V
[LIFT] V_Motors: 27.195 V
[LIFT] V_Compute: 27.997 V
[LIFT] V_Motors: 27.192 V
[LIFT] V_Compute: 27.996 V
[LIFT] V_Motors: 27.194 V
[LIFT] V_Compute: 28.001 V
[LIFT] V_Motors: 27.194 V
[LIFT] V_Compute: 27.999 V
[LIFT] V_Motors: 27.197 V
[LIFT] V_Compute: 27.999 V
[LIFT] V_Motors: 27.185 V
[LIFT] V_Compute: 28.003 V
[LIFT] V_Motors: 27.197 V
[LIFT] V_Compute: 27.996 V
[LIFT] V_Motors: 27.191 V
[LIFT] V_Compute: 28.001 V
[LIFT] V_Motors: 27.190 V
[LIFT] V_Compute: 27.997 V
[LIFT] V_Motors: 27.187 V
[LIFT] V_Compute: 27.991 V
[LIFT] V_Motors: 27.196 V
[LIFT] V_Compute: 27.989 V
[LIFT] V_Motors: 27.185 V
[LIFT] V_Compute: 28.001 V
[LIFT] V_Motors: 27.196 V
[LIFT] V_Compute: 27.994 V
[LIFT] V_Motors: 27.190 V
[LIFT] V_Compute: 27.999 V
[LIFT] V_Motors: 27.192 V
[LIFT] V_Compute: 28.000 V
[LIFT] V_Motors: 27.195 V
[LIFT] V_Compute: 28.003 V
[LIFT] V_Motors: 27.192 V
[LIFT] V_Compute: 27.999 V
[LIFT] V_Motors: 27.192 V
[LIFT] V_Compute: 28.000 V
[LIFT] V_Motors: 27.192 V
[LIFT] V_Compute: 27.996 V
[LIFT] V_Motors: 27.185 V
[LIFT] V_Compute: 28.001 V
[LIFT] V_Motors: 27.194 V
[LIFT] V_Compute: 27.996 V
[LIFT] V_Motors: 27.196 V
[LIFT] V_Compute: 27.996 V
[LIFT] V_Motors: 27.192 V
[LIFT] V_Compute: 27.985 V
[LIFT] V_Motors: 27.195 V
[LIFT] V_Compute: 27.997 V
[LIFT] V_Motors: 27.195 V
[LIFT] V_Compute: 27.999 V
[LIFT] V_Motors: 27.190 V
[LIFT] V_Compute: 28.003 V
[LIFT] V_Motors: 27.196 V
[LIFT] V_Compute: 27.995 V
[LIFT] V_Motors: 27.186 V
[LIFT] V_Compute: 27.997 V
[LIFT] V_Motors: 27.195 V
[LIFT] V_Compute: 27.999 V
[LIFT] V_Motors: 27.192 V
[LIFT] V_Compute: 27.981 V
[LIFT] V_Motors: 27.176 V
[LIFT] V_Compute: 27.997 V
[LIFT] V_Motors: 27.183 V
[LIFT] V_Compute: 28.000 V
[LIFT] V_Motors: 27.194 V
[LIFT] V_Compute: 27.994 V
[LIFT] V_Motors: 27.185 V
[LIFT] V_Compute: 27.996 V
[LIFT] V_Motors: 27.186 V
[LIFT] V_Compute: 27.997 V
[LIFT] V_Motors: 27.187 V
[LIFT] V_Compute: 27.999 V
[LIFT] V_Motors: 27.187 V
[LIFT] V_Compute: 27.995 V
[LIFT] V_Motors: 27.167 V
[LIFT] V_Compute: 28.001 V
[LIFT] V_Motors: 27.184 V
[LIFT] V_Compute: 27.990 V
[LIFT] V_Motors: 27.165 V
[LIFT] V_Compute: 27.996 V
[LIFT] V_Motors: 27.192 V
[LIFT] V_Compute: 28.001 V
[LIFT] V_Motors: 27.187 V
[LIFT] V_Compute: 27.994 V
[LIFT] V_Motors: 27.191 V
[LIFT] V_Compute: 27.997 V
[LIFT] V_Motors: 27.189 V
[LIFT] V_Compute: 27.996 V
[LIFT] V_Motors: 27.195 V
[LIFT] V_Compute: 28.001 V
[LIFT] V_Motors: 27.186 V
[LIFT] V_Compute: 27.999 V
[LIFT] V_Motors: 27.195 V
[LIFT] V_Compute: 27.994 V
[LIFT] V_Motors: 27.187 V
[LIFT] V_Compute: 27.999 V
[LIFT] V_Motors: 27.190 V
[LIFT] V_Compute: 28.001 V
[LIFT] V_Motors: 27.187 V
[LIFT] V_Compute: 28.000 V
[LIFT] V_Motors: 27.195 V
[LIFT] V_Compute: 28.001 V
[LIFT] V_Motors: 27.174 V
[LIFT] V_Compute: 28.001 V
[LIFT] V_Motors: 27.140 V
[LIFT] V_Compute: 27.994 V
[LIFT] V_Motors: 27.146 V
[LIFT] V_Compute: 27.994 V
[LIFT] V_Motors: 27.144 V
[LIFT] V_Compute: 27.996 V
[LIFT] V_Motors: 27.129 V
[LIFT] V_Compute: 27.994 V
[LIFT] V_Motors: 27.163 V
[LIFT] V_Compute: 27.986 V
[LIFT] V_Motors: 27.134 V
[LIFT] V_Compute: 27.996 V
[LIFT] V_Motors: 27.190 V
[LIFT] V_Compute: 27.994 V
[LIFT] V_Motors: 27.192 V
[LIFT] V_Compute: 28.004 V
[LIFT] V_Motors: 27.187 V
[LIFT] V_Compute: 27.996 V
[LIFT] V_Motors: 27.185 V
[LIFT] V_Compute: 28.001 V
[LIFT] V_Motors: 27.189 V
[LIFT] V_Compute: 27.999 V
[LIFT] V_Motors: 27.187 V
[LIFT] V_Compute: 28.001 V
[LIFT] V_Motors: 27.195 V
[LIFT] V_Compute: 27.999 V
[LIFT] V_Motors: 27.192 V
[LIFT] V_Compute: 27.997 V
[LIFT] V_Motors: 27.192 V
[LIFT] V_Compute: 28.001 V
[LIFT] V_Motors: 27.192 V
[LIFT] V_Compute: 27.990 V
[LIFT] V_Motors: 27.194 V
[LIFT] V_Compute: 27.996 V
[LIFT] V_Motors: 27.196 V
[LIFT] V_Compute: 27.995 V
[LIFT] V_Motors: 27.189 V
[LIFT] V_Compute: 27.997 V
[LIFT] V_Motors: 27.190 V
[LIFT] V_Compute: 27.995 V
[LIFT] V_Motors: 27.192 V
[LIFT] V_Compute: 27.999 V
[LIFT] V_Motors: 27.186 V
[LIFT] V_Compute: 28.090 V
[LIFT] V_Motors: 27.202 V
[LIFT] V_Compute: 28.075 V
[LIFT] V_Motors: 27.170 V
[LIFT] V_Compute: 28.105 V
[LIFT] V_Motors: 27.191 V
[LIFT] V_Compute: 28.116 V
[LIFT] V_Motors: 27.179 V
[LIFT] V_Compute: 28.132 V
[LIFT] V_Motors: 27.212 V
[LIFT] V_Compute: 28.155 V
[LIFT] V_Motors: 27.200 V
[LIFT] V_Compute: 28.120 V
[LIFT] V_Motors: 27.195 V
[LIFT] V_Compute: 28.105 V
[LIFT] V_Motors: 27.187 V
[LIFT] V_Compute: 28.132 V
[LIFT] V_Motors: 27.190 V
[LIFT] V_Compute: 28.171 V
[LIFT] V_Motors: 27.184 V
[LIFT] V_Compute: 28.125 V
[LIFT] V_Motors: 27.189 V
[LIFT] V_Compute: 28.139 V
[LIFT] V_Motors: 27.195 V
[LIFT] V_Compute: 28.134 V
[LIFT] V_Motors: 27.190 V
[LIFT] V_Compute: 28.139 V
[LIFT] V_Motors: 27.192 V
[LIFT] V_Compute: 28.106 V
[LIFT] V_Motors: 27.199 V
[LIFT] V_Compute: 28.132 V
[LIFT] V_Motors: 27.183 V
[LIFT] V_Compute: 28.185 V
[LIFT] V_Motors: 27.197 V
[LIFT] V_Compute: 28.125 V
[LIFT] V_Motors: 27.190 V
[LIFT] V_Compute: 28.134 V
[LIFT] V_Motors: 27.195 V
[LIFT] V_Compute: 28.139 V
[LIFT] V_Motors: 27.186 V
[LIFT] V_Compute: 28.140 V
[LIFT] V_Motors: 27.180 V
[LIFT] V_Compute: 28.136 V
[LIFT] V_Motors: 27.195 V
[LIFT] V_Compute: 28.149 V
[LIFT] V_Motors: 27.315 V
[LIFT] V_Compute: 28.140 V
[LIFT] V_Motors: 27.317 V
[LIFT] V_Compute: 28.129 V
[LIFT] V_Motors: 27.319 V
[LIFT] V_Compute: 28.145 V
[LIFT] V_Motors: 27.310 V
[LIFT] V_Compute: 28.160 V
[LIFT] V_Motors: 27.312 V
[LIFT] V_Compute: 28.149 V
[LIFT] V_Motors: 27.330 V
[LIFT] V_Compute: 28.156 V
[LIFT] V_Motors: 27.321 V
[LIFT] V_Compute: 28.160 V
[LIFT] V_Motors: 27.322 V
[LIFT] V_Compute: 28.166 V
[LIFT] V_Motors: 27.345 V
[LIFT] V_Compute: 28.151 V
[LIFT] V_Motors: 27.327 V
[LIFT] V_Compute: 28.154 V
[LIFT] V_Motors: 27.335 V
[LIFT] V_Compute: 28.145 V
[LIFT] V_Motors: 27.327 V
[LIFT] V_Compute: 28.163 V
[LIFT] V_Motors: 27.340 V
[LIFT] V_Compute: 28.142 V
[LIFT] V_Motors: 27.337 V
[LIFT] V_Compute: 28.169 V
[LIFT] V_Motors: 27.334 V
[LIFT] V_Compute: 28.155 V
[LIFT] V_Motors: 27.336 V
[LIFT] V_Compute: 28.142 V
[LIFT] V_Motors: 27.344 V
[LIFT] V_Compute: 28.167 V
[LIFT] V_Motors: 27.347 V
[LIFT] V_Compute: 28.165 V
[LIFT] V_Motors: 27.350 V
[LIFT] V_Compute: 28.165 V
[LIFT] V_Motors: 27.343 V
[LIFT] V_Compute: 28.167 V
[LIFT] V_Motors: 27.339 V
[LIFT] V_Compute: 28.165 V
[LIFT] V_Motors: 27.345 V
[LIFT] V_Compute: 28.175 V
[LIFT] V_Motors: 27.344 V
[LIFT] V_Compute: 28.159 V
[LIFT] V_Motors: 27.346 V
[LIFT] V_Compute: 28.141 V
[LIFT] V_Motors: 27.327 V
[LIFT] V_Compute: 28.152 V
[LIFT] V_Motors: 27.347 V
[LIFT] V_Compute: 28.167 V
[LIFT] V_Motors: 27.351 V
[LIFT] V_Compute: 28.174 V
[LIFT] V_Motors: 27.349 V
[LIFT] V_Compute: 28.151 V
[LIFT] V_Motors: 27.350 V
[LIFT] V_Compute: 28.177 V
[LIFT] V_Motors: 27.349 V
[LIFT] V_Compute: 28.156 V
[LIFT] V_Motors: 27.355 V
[LIFT] V_Compute: 28.166 V
[LIFT] V_Motors: 27.370 V
[LIFT] V_Compute: 28.156 V
[LIFT] V_Motors: 27.354 V
[LIFT] V_Compute: 28.159 V
[LIFT] V_Motors: 27.350 V
[LIFT] V_Compute: 28.173 V
[LIFT] V_Motors: 27.357 V
[LIFT] V_Compute: 28.173 V
[LIFT] V_Motors: 27.355 V
[LIFT] V_Compute: 28.173 V
[LIFT] V_Motors: 27.357 V
[LIFT] V_Compute: 28.161 V
[LIFT] V_Motors: 27.361 V
[LIFT] V_Compute: 28.152 V
[LIFT] V_Motors: 27.349 V
[LIFT] V_Compute: 28.160 V
[LIFT] V_Motors: 27.369 V
[LIFT] V_Compute: 28.185 V
[LIFT] V_Motors: 27.374 V
[LIFT] V_Compute: 28.159 V
[LIFT] V_Motors: 27.372 V
[LIFT] V_Compute: 28.142 V
[LIFT] V_Motors: 27.364 V
[LIFT] V_Compute: 28.177 V
[LIFT] V_Motors: 27.369 V
[LIFT] V_Compute: 28.150 V
[LIFT] V_Motors: 27.369 V
[LIFT] V_Compute: 28.171 V
[LIFT] V_Motors: 27.378 V
[LIFT] V_Compute: 28.165 V
[LIFT] V_Motors: 27.359 V
[LIFT] V_Compute: 28.166 V
[LIFT] V_Motors: 27.360 V
[LIFT] V_Compute: 28.156 V
[LIFT] V_Motors: 27.382 V
[LIFT] V_Compute: 28.139 V
[LIFT] V_Motors: 27.370 V
[LIFT] V_Compute: 28.161 V
[LIFT] V_Motors: 27.366 V
[LIFT] V_Compute: 28.181 V
[LIFT] V_Motors: 27.388 V
[LIFT] V_Compute: 28.156 V
[LIFT] V_Motors: 27.366 V
[LIFT] V_Compute: 28.174 V
[LIFT] V_Motors: 27.384 V
[LIFT] V_Compute: 28.189 V
[LIFT] V_Motors: 27.371 V
[LIFT] V_Compute: 28.180 V
[LIFT] V_Motors: 27.370 V
[LIFT] V_Compute: 28.177 V
[LIFT] V_Motors: 27.371 V
[LIFT] V_Compute: 28.189 V
[LIFT] V_Motors: 27.370 V
[LIFT] V_Compute: 28.181 V
[LIFT] V_Motors: 27.376 V
[LIFT] V_Compute: 28.173 V
[LIFT] V_Motors: 27.388 V
[LIFT] V_Compute: 28.184 V
[LIFT] V_Motors: 27.380 V
[LIFT] V_Compute: 28.173 V
[LIFT] V_Motors: 27.370 V
[LIFT] V_Compute: 28.194 V
[LIFT] V_Motors: 27.382 V
[LIFT] V_Compute: 28.177 V
[LIFT] V_Motors: 27.390 V
[LIFT] V_Compute: 28.186 V
[LIFT] V_Motors: 27.384 V
[LIFT] V_Compute: 28.196 V
[LIFT] V_Motors: 27.357 V
[LIFT] V_Compute: 28.185 V
[LIFT] V_Motors: 27.394 V
[LIFT] V_Compute: 28.202 V
[LIFT] V_Motors: 27.375 V
[LIFT] V_Compute: 28.202 V
[LIFT] V_Motors: 27.384 V
[LIFT] V_Compute: 28.163 V
[LIFT] V_Motors: 27.394 V
[LIFT] V_Compute: 28.166 V
[LIFT] V_Motors: 27.396 V
[LIFT] V_Compute: 28.200 V
[LIFT] V_Motors: 27.386 V
[LIFT] V_Compute: 28.183 V
[LIFT] V_Motors: 27.385 V
[LIFT] V_Compute: 28.190 V
[LIFT] V_Motors: 27.381 V
[LIFT] V_Compute: 28.163 V
[LIFT] V_Motors: 27.389 V
[LIFT] V_Compute: 28.171 V
[LIFT] V_Motors: 27.372 V
[LIFT] V_Compute: 28.185 V
[LIFT] V_Motors: 27.382 V
[LIFT] V_Compute: 28.210 V
[LIFT] V_Motors: 27.389 V
[LIFT] V_Compute: 28.195 V
[LIFT] V_Motors: 27.378 V
[LIFT] V_Compute: 28.200 V
[LIFT] V_Motors: 27.389 V
[LIFT] V_Compute: 28.187 V
[LIFT] V_Motors: 27.404 V
[LIFT] V_Compute: 28.180 V
[LIFT] V_Motors: 27.402 V
[LIFT] V_Compute: 28.196 V
[LIFT] V_Motors: 27.397 V
[LIFT] V_Compute: 28.175 V
[LIFT] V_Motors: 27.384 V
[LIFT] V_Compute: 28.211 V
[LIFT] V_Motors: 27.397 V
[LIFT] V_Compute: 28.186 V
[LIFT] V_Motors: 27.401 V
[LIFT] V_Compute: 28.189 V
[LIFT] V_Motors: 27.399 V
[LIFT] V_Compute: 28.187 V
[LIFT] V_Motors: 27.401 V
[LIFT] V_Compute: 28.176 V
[LIFT] V_Motors: 27.402 V
[LIFT] V_Compute: 28.229 V
[LIFT] V_Motors: 27.396 V
[LIFT] V_Compute: 28.185 V
[LIFT] V_Motors: 27.394 V
[LIFT] V_Compute: 28.194 V
[LIFT] V_Motors: 27.406 V
[LIFT] V_Compute: 28.196 V
[LIFT] V_Motors: 27.396 V
[LIFT] V_Compute: 28.205 V
[LIFT] V_Motors: 27.396 V
[LIFT] V_Compute: 28.196 V
[LIFT] V_Motors: 27.396 V
[LIFT] V_Compute: 28.209 V
[LIFT] V_Motors: 27.396 V
[LIFT] V_Compute: 28.192 V
[LIFT] V_Motors: 27.392 V
[LIFT] V_Compute: 28.215 V
[LIFT] V_Motors: 27.400 V
[LIFT] V_Compute: 28.191 V
[LIFT] V_Motors: 27.397 V
[LIFT] V_Compute: 28.191 V
[LIFT] V_Motors: 27.401 V
[LIFT] V_Compute: 28.200 V
[LIFT] V_Motors: 27.397 V
[LIFT] V_Compute: 28.197 V
[LIFT] V_Motors: 27.399 V
[LIFT] V_Compute: 28.184 V
[LIFT] V_Motors: 27.400 V
[LIFT] V_Compute: 28.214 V
[LIFT] V_Motors: 27.401 V
[LIFT] V_Compute: 28.191 V
[LIFT] V_Motors: 27.396 V
[LIFT] V_Compute: 28.187 V
[LIFT] V_Motors: 27.402 V
[LIFT] V_Compute: 28.214 V
[LIFT] V_Motors: 27.413 V
[LIFT] V_Compute: 28.194 V
[LIFT] V_Motors: 27.401 V
[LIFT] V_Compute: 28.192 V
[LIFT] V_Motors: 27.400 V
[LIFT] V_Compute: 28.187 V
[LIFT] V_Motors: 27.404 V
[LIFT] V_Compute: 28.210 V
[LIFT] V_Motors: 27.416 V
[LIFT] V_Compute: 28.216 V
[LIFT] V_Motors: 27.416 V
[LIFT] V_Compute: 28.212 V
[LIFT] V_Motors: 27.407 V
[LIFT] V_Compute: 28.200 V
[LIFT] V_Motors: 27.407 V
[LIFT] V_Compute: 28.228 V
[LIFT] V_Motors: 27.414 V
[LIFT] V_Compute: 28.206 V
[LIFT] V_Motors: 27.406 V
[LIFT] V_Compute: 28.180 V
[LIFT] V_Motors: 27.415 V
[LIFT] V_Compute: 28.210 V
[LIFT] V_Motors: 27.406 V
[LIFT] V_Compute: 28.216 V
[LIFT] V_Motors: 27.420 V
[LIFT] V_Compute: 28.187 V
[LIFT] V_Motors: 27.420 V
[LIFT] V_Compute: 28.192 V
[LIFT] V_Motors: 27.394 V
[LIFT] V_Compute: 28.209 V
[LIFT] V_Motors: 27.409 V
[LIFT] V_Compute: 28.219 V
[LIFT] V_Motors: 27.417 V
[LIFT] V_Compute: 28.174 V
[LIFT] V_Motors: 27.415 V
[LIFT] V_Compute: 28.208 V
[LIFT] V_Motors: 27.420 V
[LIFT] V_Compute: 28.209 V
[LIFT] V_Motors: 27.421 V
[LIFT] V_Compute: 28.209 V
[LIFT] V_Motors: 27.415 V
[LIFT] V_Compute: 28.208 V
[LIFT] V_Motors: 27.411 V
[LIFT] V_Compute: 28.195 V
[LIFT] V_Motors: 27.416 V
[LIFT] V_Compute: 28.179 V
[LIFT] V_Motors: 27.410 V
[LIFT] V_Compute: 28.209 V
[LIFT] V_Motors: 27.411 V
[LIFT] V_Compute: 28.199 V
[LIFT] V_Motors: 27.416 V
[LIFT] V_Compute: 28.215 V
[LIFT] V_Motors: 27.416 V
[LIFT] V_Compute: 28.219 V
[LIFT] V_Motors: 27.421 V
[LIFT] V_Compute: 28.215 V
[LIFT] V_Motors: 27.417 V
[LIFT] V_Compute: 28.205 V
[LIFT] V_Motors: 27.417 V
[LIFT] V_Compute: 28.209 V
[LIFT] V_Motors: 27.406 V
[LIFT] V_Compute: 28.195 V
[LIFT] V_Motors: 27.405 V
[LIFT] V_Compute: 28.224 V
[LIFT] V_Motors: 27.423 V
[LIFT] V_Compute: 28.204 V
[LIFT] V_Motors: 27.421 V
[LIFT] V_Compute: 28.247 V
[LIFT] V_Motors: 27.415 V
[LIFT] V_Compute: 28.210 V
[LIFT] V_Motors: 27.420 V
[LIFT] V_Compute: 28.225 V
[LIFT] V_Motors: 27.423 V
[LIFT] V_Compute: 28.229 V
[LIFT] V_Motors: 27.416 V
[LIFT] V_Compute: 28.222 V
[LIFT] V_Motors: 27.417 V
[LIFT] V_Compute: 28.226 V
[LIFT] V_Motors: 27.420 V
[LIFT] V_Compute: 28.214 V
[LIFT] V_Motors: 27.406 V
[LIFT] V_Compute: 28.211 V
[LIFT] V_Motors: 27.441 V
[LIFT] V_Compute: 28.226 V
[LIFT] V_Motors: 27.427 V
[LIFT] V_Compute: 28.230 V
[LIFT] V_Motors: 27.429 V
[LIFT] V_Compute: 28.199 V
[LIFT] V_Motors: 27.434 V
[LIFT] V_Compute: 28.214 V
[LIFT] V_Motors: 27.429 V
[LIFT] V_Compute: 28.196 V
[LIFT] V_Motors: 27.437 V
[LIFT] V_Compute: 28.210 V
[LIFT] V_Motors: 27.423 V
[LIFT] V_Compute: 28.199 V
[LIFT] V_Motors: 27.424 V
[LIFT] V_Compute: 28.201 V
[LIFT] V_Motors: 27.423 V
[LIFT] V_Compute: 28.208 V
[LIFT] V_Motors: 27.426 V
[LIFT] V_Compute: 28.204 V
[LIFT] V_Motors: 27.444 V
[LIFT] V_Compute: 28.206 V
[LIFT] V_Motors: 27.433 V
[LIFT] V_Compute: 28.206 V
[LIFT] V_Motors: 27.421 V
[LIFT] V_Compute: 28.224 V
[LIFT] V_Motors: 27.442 V
[LIFT] V_Compute: 28.229 V
[LIFT] V_Motors: 27.437 V
[LIFT] V_Compute: 28.216 V
[LIFT] V_Motors: 27.429 V
[LIFT] V_Compute: 28.209 V
[LIFT] V_Motors: 27.441 V
[LIFT] V_Compute: 28.201 V
[LIFT] V_Motors: 27.435 V
[LIFT] V_Compute: 28.228 V
[LIFT] V_Motors: 27.429 V
[LIFT] V_Compute: 28.236 V
[LIFT] V_Motors: 27.431 V
[LIFT] V_Compute: 28.246 V
[LIFT] V_Motors: 27.427 V
[LIFT] V_Compute: 28.240 V
[LIFT] V_Motors: 27.430 V
[LIFT] V_Compute: 28.225 V
[LIFT] V_Motors: 27.435 V
[LIFT] V_Compute: 28.218 V
[LIFT] V_Motors: 27.426 V
[LIFT] V_Compute: 28.226 V
[LIFT] V_Motors: 27.420 V
[LIFT] V_Compute: 28.215 V
[LIFT] V_Motors: 27.431 V
[LIFT] V_Compute: 28.218 V
[LIFT] V_Motors: 27.424 V
[LIFT] V_Compute: 28.202 V
[LIFT] V_Motors: 27.440 V
[LIFT] V_Compute: 28.211 V
[LIFT] V_Motors: 27.427 V
[LIFT] V_Compute: 28.201 V
[LIFT] V_Motors: 27.430 V
[LIFT] V_Compute: 28.211 V
[LIFT] V_Motors: 27.440 V
[LIFT] V_Compute: 28.232 V
[LIFT] V_Motors: 27.431 V
[LIFT] V_Compute: 28.215 V
[LIFT] V_Motors: 27.434 V
[LIFT] V_Compute: 28.231 V
[LIFT] V_Motors: 27.434 V
[LIFT] V_Compute: 28.206 V
[LIFT] V_Motors: 27.451 V
[LIFT] V_Compute: 28.215 V
[LIFT] V_Motors: 27.441 V
[LIFT] V_Compute: 28.216 V
[LIFT] V_Motors: 27.442 V
[LIFT] V_Compute: 28.214 V
[LIFT] V_Motors: 27.449 V
[LIFT] V_Compute: 28.200 V
[LIFT] V_Motors: 27.434 V
[LIFT] V_Compute: 28.226 V
[LIFT] V_Motors: 27.433 V
[LIFT] V_Compute: 28.215 V
[LIFT] V_Motors: 27.433 V
[LIFT] V_Compute: 28.221 V
[LIFT] V_Motors: 27.427 V
[LIFT] V_Compute: 28.211 V
[LIFT] V_Motors: 27.447 V
[LIFT] V_Compute: 28.232 V
[LIFT] V_Motors: 27.442 V
[LIFT] V_Compute: 28.222 V
[LIFT] V_Motors: 27.427 V
[LIFT] V_Compute: 28.251 V
[LIFT] V_Motors: 27.433 V
[LIFT] V_Compute: 28.237 V
[LIFT] V_Motors: 27.436 V
[LIFT] V_Compute: 28.234 V
[LIFT] V_Motors: 27.450 V
[LIFT] V_Compute: 28.229 V
[LIFT] V_Motors: 27.444 V
[LIFT] V_Compute: 28.228 V
[LIFT] V_Motors: 27.449 V
[LIFT] V_Compute: 28.218 V
[LIFT] V_Motors: 27.442 V
[LIFT] V_Compute: 28.229 V
[LIFT] V_Motors: 27.441 V
[LIFT] V_Compute: 28.226 V
[LIFT] V_Motors: 27.435 V
[LIFT] V_Compute: 28.231 V
[LIFT] V_Motors: 27.444 V
[LIFT] V_Compute: 28.229 V
[LIFT] V_Motors: 27.444 V
[LIFT] V_Compute: 28.214 V
[LIFT] V_Motors: 27.437 V
[LIFT] V_Compute: 28.230 V
[LIFT] V_Motors: 27.441 V
[LIFT] V_Compute: 28.214 V
[LIFT] V_Motors: 27.440 V
[LIFT] V_Compute: 28.214 V
[LIFT] V_Motors: 27.449 V
[LIFT] V_Compute: 28.228 V
[LIFT] V_Motors: 27.442 V
[LIFT] V_Compute: 28.205 V
[LIFT] V_Motors: 27.444 V
[LIFT] V_Compute: 28.241 V
[LIFT] V_Motors: 27.452 V
[LIFT] V_Compute: 28.218 V
[LIFT] V_Motors: 27.450 V
[LIFT] V_Compute: 28.208 V
[LIFT] V_Motors: 27.450 V
[LIFT] V_Compute: 28.247 V
[LIFT] V_Motors: 27.456 V
[LIFT] V_Compute: 28.218 V
[LIFT] V_Motors: 27.431 V
[LIFT] V_Compute: 28.219 V
[LIFT] V_Motors: 27.442 V
[LIFT] V_Compute: 28.251 V
[LIFT] V_Motors: 27.445 V
[LIFT] V_Compute: 28.228 V
[LIFT] V_Motors: 27.446 V
[LIFT] V_Compute: 28.215 V
[LIFT] V_Motors: 27.440 V
[LIFT] V_Compute: 28.221 V
[LIFT] V_Motors: 27.449 V
[LIFT] V_Compute: 28.228 V
[LIFT] V_Motors: 27.454 V
[LIFT] V_Compute: 28.231 V
[LIFT] V_Motors: 27.447 V
[LIFT] V_Compute: 28.211 V
[LIFT] V_Motors: 27.458 V
[LIFT] V_Compute: 28.240 V
[LIFT] V_Motors: 27.440 V
[LIFT] V_Compute: 28.232 V
[LIFT] V_Motors: 27.449 V
[LIFT] V_Compute: 28.216 V
[LIFT] V_Motors: 27.449 V
[LIFT] V_Compute: 28.232 V
[LIFT] V_Motors: 27.452 V
[LIFT] V_Compute: 28.239 V
[LIFT] V_Motors: 27.444 V
[LIFT] V_Compute: 28.234 V
[LIFT] V_Motors: 27.450 V
[LIFT] V_Compute: 28.239 V
[LIFT] V_Motors: 27.446 V
[LIFT] V_Compute: 28.239 V
[LIFT] V_Motors: 27.449 V
[LIFT] V_Compute: 28.241 V
[LIFT] V_Motors: 27.444 V
[LIFT] V_Compute: 28.230 V
[LIFT] V_Motors: 27.459 V
[LIFT] V_Compute: 28.245 V
[LIFT] V_Motors: 27.436 V
[LIFT] V_Compute: 28.214 V
[LIFT] V_Motors: 27.456 V
[LIFT] V_Compute: 28.216 V
[LIFT] V_Motors: 27.447 V
[LIFT] V_Compute: 28.219 V
[LIFT] V_Motors: 27.454 V
[LIFT] V_Compute: 28.212 V
[LIFT] V_Motors: 27.458 V
[LIFT] V_Compute: 28.226 V
[LIFT] V_Motors: 27.436 V
[LIFT] V_Compute: 28.216 V
[LIFT] V_Motors: 27.456 V
[LIFT] V_Compute: 28.214 V
[LIFT] V_Motors: 27.437 V
[LIFT] V_Compute: 28.224 V
[LIFT] V_Motors: 27.444 V
[LIFT] V_Compute: 28.236 V
[LIFT] V_Motors: 27.447 V
[LIFT] V_Compute: 28.235 V
[LIFT] V_Motors: 27.449 V
[LIFT] V_Compute: 28.225 V
[LIFT] V_Motors: 27.455 V
[LIFT] V_Compute: 28.222 V
[LIFT] V_Motors: 27.462 V
[LIFT] V_Compute: 28.231 V
[LIFT] V_Motors: 27.461 V
[LIFT] V_Compute: 28.237 V
[LIFT] V_Motors: 27.474 V
[LIFT] V_Compute: 28.222 V
[LIFT] V_Motors: 27.434 V
[LIFT] V_Compute: 28.219 V
[LIFT] V_Motors: 27.462 V
[LIFT] V_Compute: 28.235 V
[LIFT] V_Motors: 27.459 V
[LIFT] V_Compute: 28.221 V
[LIFT] V_Motors: 27.460 V
[LIFT] V_Compute: 28.232 V
[LIFT] V_Motors: 27.475 V
[LIFT] V_Compute: 28.234 V
[LIFT] V_Motors: 27.451 V
[LIFT] V_Compute: 28.228 V
[LIFT] V_Motors: 27.454 V
[LIFT] V_Compute: 28.244 V
[LIFT] V_Motors: 27.447 V
[LIFT] V_Compute: 28.244 V
[LIFT] V_Motors: 27.462 V
[LIFT] V_Compute: 28.239 V
[LIFT] V_Motors: 27.452 V
[LIFT] V_Compute: 28.239 V
[LIFT] V_Motors: 27.471 V
[LIFT] V_Compute: 28.253 V
[LIFT] V_Motors: 27.454 V
[LIFT] V_Compute: 28.244 V
[LIFT] V_Motors: 27.444 V
[LIFT] V_Compute: 28.225 V
[LIFT] V_Motors: 27.460 V
[LIFT] V_Compute: 28.236 V
[LIFT] V_Motors: 27.459 V
[LIFT] V_Compute: 28.239 V
[LIFT] V_Motors: 27.444 V
[LIFT] V_Compute: 28.208 V
[LIFT] V_Motors: 27.471 V
[LIFT] V_Compute: 28.247 V
[LIFT] V_Motors: 27.471 V
[LIFT] V_Compute: 28.230 V
[LIFT] V_Motors: 27.469 V
[LIFT] V_Compute: 28.231 V
[LIFT] V_Motors: 27.450 V
[LIFT] V_Compute: 28.266 V
[LIFT] V_Motors: 27.470 V
[LIFT] V_Compute: 28.235 V
[LIFT] V_Motors: 27.461 V
[LIFT] V_Compute: 28.237 V
[LIFT] V_Motors: 27.461 V
[LIFT] V_Compute: 28.225 V
[LIFT] V_Motors: 27.481 V
[LIFT] V_Compute: 28.239 V
[LIFT] V_Motors: 27.474 V
[LIFT] V_Compute: 28.239 V
[LIFT] V_Motors: 27.459 V
[LIFT] V_Compute: 28.230 V
[LIFT] V_Motors: 27.461 V
[LIFT] V_Compute: 28.231 V
[LIFT] V_Motors: 27.470 V
[LIFT] V_Compute: 28.245 V
[LIFT] V_Motors: 27.476 V
[LIFT] V_Compute: 28.236 V
[LIFT] V_Motors: 27.466 V
[LIFT] V_Compute: 28.254 V
[LIFT] V_Motors: 27.466 V
[LIFT] V_Compute: 28.241 V
[LIFT] V_Motors: 27.462 V
[LIFT] V_Compute: 28.219 V
[LIFT] V_Motors: 27.460 V
[LIFT] V_Compute: 28.241 V
[LIFT] V_Motors: 27.464 V
[LIFT] V_Compute: 28.232 V
[LIFT] V_Motors: 27.471 V
[LIFT] V_Compute: 28.226 V
[LIFT] V_Motors: 27.469 V
[LIFT] V_Compute: 28.228 V
[LIFT] V_Motors: 27.445 V
[LIFT] V_Compute: 28.225 V
[LIFT] V_Motors: 27.461 V
[LIFT] V_Compute: 28.232 V
[LIFT] V_Motors: 27.475 V
[LIFT] V_Compute: 28.255 V
[LIFT] V_Motors: 27.468 V
[LIFT] V_Compute: 28.228 V
[LIFT] V_Motors: 27.479 V
[LIFT] V_Compute: 28.235 V
[LIFT] V_Motors: 27.468 V
[LIFT] V_Compute: 28.247 V
[LIFT] V_Motors: 27.471 V
[LIFT] V_Compute: 28.232 V
[LIFT] V_Motors: 27.478 V
[LIFT] V_Compute: 28.245 V
[LIFT] V_Motors: 27.461 V
[LIFT] V_Compute: 28.245 V
[LIFT] V_Motors: 27.472 V
[LIFT] V_Compute: 28.237 V
[LIFT] V_Motors: 27.464 V
[LIFT] V_Compute: 28.245 V
[LIFT] V_Motors: 27.472 V
[LIFT] V_Compute: 28.245 V
[LIFT] V_Motors: 27.469 V
[LIFT] V_Compute: 28.241 V
[LIFT] V_Motors: 27.458 V
[LIFT] V_Compute: 28.253 V
[LIFT] V_Motors: 27.466 V
[LIFT] V_Compute: 28.235 V
[LIFT] V_Motors: 27.460 V
[LIFT] V_Compute: 28.259 V
[LIFT] V_Motors: 27.470 V
[LIFT] V_Compute: 28.231 V
[LIFT] V_Motors: 27.476 V
[LIFT] V_Compute: 28.236 V
[LIFT] V_Motors: 27.472 V
[LIFT] V_Compute: 28.244 V
[LIFT] V_Motors: 27.466 V
[LIFT] V_Compute: 28.247 V
[LIFT] V_Motors: 27.472 V
[LIFT] V_Compute: 28.246 V
[LIFT] V_Motors: 27.466 V
[LIFT] V_Compute: 28.239 V
[LIFT] V_Motors: 27.480 V
[LIFT] V_Compute: 28.263 V
[LIFT] V_Motors: 27.476 V
[LIFT] V_Compute: 28.250 V
[LIFT] V_Motors: 27.469 V
[LIFT] V_Compute: 28.228 V
[LIFT] V_Motors: 27.470 V
[LIFT] V_Compute: 28.257 V
[LIFT] V_Motors: 27.470 V
[LIFT] V_Compute: 28.247 V
[LIFT] V_Motors: 27.466 V
[LIFT] V_Compute: 28.231 V
[LIFT] V_Motors: 27.481 V
[LIFT] V_Compute: 28.250 V
[LIFT] V_Motors: 27.481 V
[LIFT] V_Compute: 28.251 V
[LIFT] V_Motors: 27.465 V
[LIFT] V_Compute: 28.253 V
[LIFT] V_Motors: 27.471 V
[LIFT] V_Compute: 28.236 V
[LIFT] V_Motors: 27.461 V
[LIFT] V_Compute: 28.228 V
[LIFT] V_Motors: 27.464 V
[LIFT] V_Compute: 28.243 V
[LIFT] V_Motors: 27.474 V
[LIFT] V_Compute: 28.239 V
[LIFT] V_Motors: 27.490 V
[LIFT] V_Compute: 28.253 V
[LIFT] V_Motors: 27.474 V
[LIFT] V_Compute: 28.247 V
[LIFT] V_Motors: 27.478 V
[LIFT] V_Compute: 28.241 V
[LIFT] V_Motors: 27.472 V
[LIFT] V_Compute: 28.260 V
[LIFT] V_Motors: 27.470 V
[LIFT] V_Compute: 28.235 V
[LIFT] V_Motors: 27.479 V
[LIFT] V_Compute: 28.224 V
[LIFT] V_Motors: 27.462 V
[LIFT] V_Compute: 28.231 V
[LIFT] V_Motors: 27.468 V
[LIFT] V_Compute: 28.251 V
[LIFT] V_Motors: 27.486 V
[LIFT] V_Compute: 28.229 V
[LIFT] V_Motors: 27.472 V
[LIFT] V_Compute: 28.241 V
[LIFT] V_Motors: 27.474 V
[LIFT] V_Compute: 28.260 V
[LIFT] V_Motors: 27.476 V
[LIFT] V_Compute: 28.260 V
[LIFT] V_Motors: 27.480 V
[LIFT] V_Compute: 28.251 V
[LIFT] V_Motors: 27.475 V
[LIFT] V_Compute: 28.259 V
[LIFT] V_Motors: 27.481 V
[LIFT] V_Compute: 28.239 V
[LIFT] V_Motors: 27.480 V
[LIFT] V_Compute: 28.270 V
[LIFT] V_Motors: 27.474 V
[LIFT] V_Compute: 28.264 V
[LIFT] V_Motors: 27.479 V
[LIFT] V_Compute: 28.250 V
[LIFT] V_Motors: 27.481 V
[LIFT] V_Compute: 28.245 V
[LIFT] V_Motors: 27.482 V
[LIFT] V_Compute: 28.265 V
[LIFT] V_Motors: 27.481 V
[LIFT] V_Compute: 28.246 V
[LIFT] V_Motors: 27.482 V
[LIFT] V_Compute: 28.253 V
[LIFT] V_Motors: 27.470 V
[LIFT] V_Compute: 28.243 V
[LIFT] V_Motors: 27.474 V
[LIFT] V_Compute: 28.249 V
[LIFT] V_Motors: 27.484 V
[LIFT] V_Compute: 28.269 V
[LIFT] V_Motors: 27.472 V
[LIFT] V_Compute: 28.224 V
[LIFT] V_Motors: 27.490 V
[LIFT] V_Compute: 28.254 V
[LIFT] V_Motors: 27.485 V
[LIFT] V_Compute: 28.260 V
[LIFT] V_Motors: 27.494 V
[LIFT] V_Compute: 28.250 V
[LIFT] V_Motors: 27.470 V
[LIFT] V_Compute: 28.253 V
[LIFT] V_Motors: 27.472 V
[LIFT] V_Compute: 28.263 V
[LIFT] V_Motors: 27.478 V
[LIFT] V_Compute: 28.240 V
[LIFT] V_Motors: 27.469 V
[LIFT] V_Compute: 28.249 V
[LIFT] V_Motors: 27.491 V
[LIFT] V_Compute: 28.244 V
[LIFT] V_Motors: 27.481 V
[LIFT] V_Compute: 28.224 V
[LIFT] V_Motors: 27.479 V
[LIFT] V_Compute: 28.243 V
[LIFT] V_Motors: 27.479 V
[LIFT] V_Compute: 28.243 V
[LIFT] V_Motors: 27.471 V
[LIFT] V_Compute: 28.232 V
[LIFT] V_Motors: 27.466 V
[LIFT] V_Compute: 28.254 V
[LIFT] V_Motors: 27.487 V
[LIFT] V_Compute: 28.250 V
[LIFT] V_Motors: 27.482 V
[LIFT] V_Compute: 28.285 V
[LIFT] V_Motors: 27.484 V
[LIFT] V_Compute: 28.247 V
[LIFT] V_Motors: 27.481 V
[LIFT] V_Compute: 28.257 V
[LIFT] V_Motors: 27.484 V
[LIFT] V_Compute: 28.246 V
[LIFT] V_Motors: 27.490 V
[LIFT] V_Compute: 28.270 V
[LIFT] V_Motors: 27.486 V
[LIFT] V_Compute: 28.253 V
[LIFT] V_Motors: 27.480 V
[LIFT] V_Compute: 28.275 V
[LIFT] V_Motors: 27.479 V
[LIFT] V_Compute: 28.257 V
[LIFT] V_Motors: 27.480 V
[LIFT] V_Compute: 28.250 V
[LIFT] V_Motors: 27.490 V
[LIFT] V_Compute: 28.259 V
[LIFT] V_Motors: 27.475 V
[LIFT] V_Compute: 28.237 V
[LIFT] V_Motors: 27.487 V
[LIFT] V_Compute: 28.261 V
[LIFT] V_Motors: 27.496 V
[LIFT] V_Compute: 28.269 V
[LIFT] V_Motors: 27.480 V
[LIFT] V_Compute: 28.253 V
[LIFT] V_Motors: 27.486 V
[LIFT] V_Compute: 28.254 V
[LIFT] V_Motors: 27.487 V
[LIFT] V_Compute: 28.263 V
[LIFT] V_Motors: 27.480 V
[LIFT] V_Compute: 28.245 V
[LIFT] V_Motors: 27.486 V
[LIFT] V_Compute: 28.240 V
[LIFT] V_Motors: 27.480 V
[LIFT] V_Compute: 28.256 V
[LIFT] V_Motors: 27.481 V
[LIFT] V_Compute: 28.251 V
[LIFT] V_Motors: 27.474 V
[LIFT] V_Compute: 28.264 V
[LIFT] V_Motors: 27.491 V
[LIFT] V_Compute: 28.254 V
[LIFT] V_Motors: 27.465 V
[LIFT] V_Compute: 28.254 V
[LIFT] V_Motors: 27.484 V
[LIFT] V_Compute: 28.274 V
[LIFT] V_Motors: 27.482 V
[LIFT] V_Compute: 28.250 V
[LIFT] V_Motors: 27.490 V
[LIFT] V_Compute: 28.270 V
[LIFT] V_Motors: 27.490 V
[LIFT] V_Compute: 28.266 V
[LIFT] V_Motors: 27.490 V
[LIFT] V_Compute: 28.257 V
[LIFT] V_Motors: 27.494 V
[LIFT] V_Compute: 28.253 V
[LIFT] V_Motors: 27.490 V
[LIFT] V_Compute: 28.264 V
[LIFT] V_Motors: 27.489 V
[LIFT] V_Compute: 28.257 V
[LIFT] V_Motors: 27.489 V
[LIFT] V_Compute: 28.261 V
[LIFT] V_Motors: 27.494 V
[LIFT] V_Compute: 28.256 V
[LIFT] V_Motors: 27.490 V
[LIFT] V_Compute: 28.266 V
[LIFT] V_Motors: 27.481 V
[LIFT] V_Compute: 28.261 V
[LIFT] V_Motors: 27.487 V
[LIFT] V_Compute: 28.264 V
[LIFT] V_Motors: 27.491 V
[LIFT] V_Compute: 28.250 V
[LIFT] V_Motors: 27.470 V
[LIFT] V_Compute: 28.275 V
[LIFT] V_Motors: 27.490 V
[LIFT] V_Compute: 28.259 V
[LIFT] V_Motors: 27.482 V
[LIFT] V_Compute: 28.261 V
[LIFT] V_Motors: 27.486 V
[LIFT] V_Compute: 28.271 V
[LIFT] V_Motors: 27.495 V
[LIFT] V_Compute: 28.261 V
[LIFT] V_Motors: 27.482 V
[LIFT] V_Compute: 28.259 V
[LIFT] V_Motors: 27.489 V
[LIFT] V_Compute: 28.263 V
[LIFT] V_Motors: 27.500 V
[LIFT] V_Compute: 28.257 V
[LIFT] V_Motors: 27.481 V
[LIFT] V_Compute: 28.265 V
[LIFT] V_Motors: 27.487 V
[LIFT] V_Compute: 28.274 V
[LIFT] V_Motors: 27.496 V
[LIFT] V_Compute: 28.277 V
[LIFT] V_Motors: 27.495 V
[LIFT] V_Compute: 28.265 V
[LIFT] V_Motors: 27.491 V
[LIFT] V_Compute: 28.245 V
[LIFT] V_Motors: 27.495 V
[LIFT] V_Compute: 28.249 V
[LIFT] V_Motors: 27.485 V
[LIFT] V_Compute: 28.281 V
[LIFT] V_Motors: 27.479 V
[LIFT] V_Compute: 28.253 V
[LIFT] V_Motors: 27.495 V
[LIFT] V_Compute: 28.255 V
[LIFT] V_Motors: 27.478 V
[LIFT] V_Compute: 28.281 V
[LIFT] V_Motors: 27.486 V
[LIFT] V_Compute: 28.265 V
[LIFT] V_Motors: 27.496 V
[LIFT] V_Compute: 28.267 V
[LIFT] V_Motors: 27.495 V
[LIFT] V_Compute: 28.256 V
[LIFT] V_Motors: 27.497 V
[LIFT] V_Compute: 28.254 V
[LIFT] V_Motors: 27.491 V
[LIFT] V_Compute: 28.281 V
[LIFT] V_Motors: 27.486 V
[LIFT] V_Compute: 28.272 V
[LIFT] V_Motors: 27.496 V
[LIFT] V_Compute: 28.259 V
[LIFT] V_Motors: 27.493 V
[LIFT] V_Compute: 28.284 V
[LIFT] V_Motors: 27.495 V
[LIFT] V_Compute: 28.240 V
[LIFT] V_Motors: 27.499 V
[LIFT] V_Compute: 28.257 V
[LIFT] V_Motors: 27.482 V
[LIFT] V_Compute: 28.269 V
[LIFT] V_Motors: 27.504 V
[LIFT] V_Compute: 28.250 V
[LIFT] V_Motors: 27.490 V
[LIFT] V_Compute: 28.275 V
[LIFT] V_Motors: 27.494 V
[LIFT] V_Compute: 28.274 V
[LIFT] V_Motors: 27.482 V
[LIFT] V_Compute: 28.261 V
[LIFT] V_Motors: 27.482 V
[LIFT] V_Compute: 28.253 V
[LIFT] V_Motors: 27.484 V
[LIFT] V_Compute: 28.260 V
[LIFT] V_Motors: 27.499 V
[LIFT] V_Compute: 28.266 V
[LIFT] V_Motors: 27.496 V
[LIFT] V_Compute: 28.272 V
[LIFT] V_Motors: 27.496 V
[LIFT] V_Compute: 28.264 V
[LIFT] V_Motors: 27.490 V
[LIFT] V_Compute: 28.272 V
[LIFT] V_Motors: 27.493 V
[LIFT] V_Compute: 28.270 V
[LIFT] V_Motors: 27.490 V
[LIFT] V_Compute: 28.271 V
[LIFT] V_Motors: 27.495 V
[LIFT] V_Compute: 28.247 V
[LIFT] V_Motors: 27.476 V
[LIFT] V_Compute: 28.274 V
[LIFT] V_Motors: 27.486 V
[LIFT] V_Compute: 28.255 V
[LIFT] V_Motors: 27.503 V
[LIFT] V_Compute: 28.282 V
[LIFT] V_Motors: 27.489 V
[LIFT] V_Compute: 28.269 V
[LIFT] V_Motors: 27.493 V
[LIFT] V_Compute: 28.253 V
[LIFT] V_Motors: 27.485 V
[LIFT] V_Compute: 28.263 V
[LIFT] V_Motors: 27.496 V
[LIFT] V_Compute: 28.266 V
[LIFT] V_Motors: 27.505 V
[LIFT] V_Compute: 28.259 V
[LIFT] V_Motors: 27.486 V
[LIFT] V_Compute: 28.279 V
[LIFT] V_Motors: 27.497 V
[LIFT] V_Compute: 28.256 V
[LIFT] V_Motors: 27.482 V
[LIFT] V_Compute: 28.267 V
[LIFT] V_Motors: 27.493 V
[LIFT] V_Compute: 28.261 V
[LIFT] V_Motors: 27.489 V
[LIFT] V_Compute: 28.260 V
[LIFT] V_Motors: 27.497 V
[LIFT] V_Compute: 28.266 V
[LIFT] V_Motors: 27.494 V
[LIFT] V_Compute: 28.275 V
[LIFT] V_Motors: 27.501 V
[LIFT] V_Compute: 28.260 V
[LIFT] V_Motors: 27.490 V
[LIFT] V_Compute: 28.272 V
[LIFT] V_Motors: 27.505 V
[LIFT] V_Compute: 28.254 V
[LIFT] V_Motors: 27.489 V
[LIFT] V_Compute: 28.261 V
[LIFT] V_Motors: 27.504 V
[LIFT] V_Compute: 28.255 V
[LIFT] V_Motors: 27.495 V
[LIFT] V_Compute: 28.259 V
[LIFT] V_Motors: 27.500 V
[LIFT] V_Compute: 28.237 V
[LIFT] V_Motors: 27.482 V
[LIFT] V_Compute: 28.265 V
[LIFT] V_Motors: 27.500 V
[LIFT] V_Compute: 28.254 V
[LIFT] V_Motors: 27.493 V
[LIFT] V_Compute: 28.280 V
[LIFT] V_Motors: 27.509 V
[LIFT] V_Compute: 28.277 V
[LIFT] V_Motors: 27.493 V
[LIFT] V_Compute: 28.269 V
[LIFT] V_Motors: 27.496 V
[LIFT] V_Compute: 28.250 V
[LIFT] V_Motors: 27.500 V
[LIFT] V_Compute: 28.251 V
[LIFT] V_Motors: 27.501 V
[LIFT] V_Compute: 28.285 V
[LIFT] V_Motors: 27.487 V
[LIFT] V_Compute: 28.263 V
[LIFT] V_Motors: 27.494 V
[LIFT] V_Compute: 28.263 V
[LIFT] V_Motors: 27.489 V
[LIFT] V_Compute: 28.276 V
[LIFT] V_Motors: 27.504 V
[LIFT] V_Compute: 28.272 V
[LIFT] V_Motors: 27.504 V
[LIFT] V_Compute: 28.265 V
[LIFT] V_Motors: 27.491 V
[LIFT] V_Compute: 28.270 V
[LIFT] V_Motors: 27.481 V
[LIFT] V_Compute: 28.270 V
[LIFT] V_Motors: 27.491 V
[LIFT] V_Compute: 28.269 V
[LIFT] V_Motors: 27.491 V
[LIFT] V_Compute: 28.257 V
[LIFT] V_Motors: 27.509 V
[LIFT] V_Compute: 28.272 V
[LIFT] V_Motors: 27.495 V
[LIFT] V_Compute: 28.247 V
[LIFT] V_Motors: 27.494 V
[LIFT] V_Compute: 28.253 V
[LIFT] V_Motors: 27.505 V
[LIFT] V_Compute: 28.288 V
[LIFT] V_Motors: 27.501 V
[LIFT] V_Compute: 28.263 V
[LIFT] V_Motors: 27.496 V
[LIFT] V_Compute: 28.269 V
[LIFT] V_Motors: 27.524 V
[LIFT] V_Compute: 28.266 V
[LIFT] V_Motors: 27.487 V
[LIFT] V_Compute: 28.267 V
[LIFT] V_Motors: 27.514 V
[LIFT] V_Compute: 28.275 V
[LIFT] V_Motors: 27.494 V
[LIFT] V_Compute: 28.288 V
[LIFT] V_Motors: 27.504 V
[LIFT] V_Compute: 28.264 V
[LIFT] V_Motors: 27.504 V
[LIFT] V_Compute: 28.272 V
[LIFT] V_Motors: 27.494 V
[LIFT] V_Compute: 28.254 V
[LIFT] V_Motors: 27.515 V
[LIFT] V_Compute: 28.259 V
[LIFT] V_Motors: 27.487 V
[LIFT] V_Compute: 28.269 V
[LIFT] V_Motors: 27.495 V
[LIFT] V_Compute: 28.264 V
[LIFT] V_Motors: 27.487 V
[LIFT] V_Compute: 28.271 V
[LIFT] V_Motors: 27.494 V
[LIFT] V_Compute: 28.275 V
[LIFT] V_Motors: 27.504 V
[LIFT] V_Compute: 28.257 V
[LIFT] V_Motors: 27.520 V
[LIFT] V_Compute: 28.276 V
[LIFT] V_Motors: 27.505 V
[LIFT] V_Compute: 28.256 V
[LIFT] V_Motors: 27.511 V
[LIFT] V_Compute: 28.240 V
[LIFT] V_Motors: 27.504 V
[LIFT] V_Compute: 28.263 V
[LIFT] V_Motors: 27.507 V
[LIFT] V_Compute: 28.276 V
[LIFT] V_Motors: 27.501 V
[LIFT] V_Compute: 28.250 V
[LIFT] V_Motors: 27.504 V
[LIFT] V_Compute: 28.279 V
[LIFT] V_Motors: 27.507 V
[LIFT] V_Compute: 28.274 V
[LIFT] V_Motors: 27.513 V
[LIFT] V_Compute: 28.241 V
[LIFT] V_Motors: 27.487 V
[LIFT] V_Compute: 28.275 V
[LIFT] V_Motors: 27.504 V
[LIFT] V_Compute: 28.289 V
[LIFT] V_Motors: 27.499 V
[LIFT] V_Compute: 28.295 V
[LIFT] V_Motors: 27.503 V
[LIFT] V_Compute: 28.275 V
[LIFT] V_Motors: 27.509 V
[LIFT] V_Compute: 28.272 V
[LIFT] V_Motors: 27.504 V
[LIFT] V_Compute: 28.276 V
[LIFT] V_Motors: 27.500 V
[LIFT] V_Compute: 28.271 V
[LIFT] V_Motors: 27.513 V
[LIFT] V_Compute: 28.263 V
[LIFT] V_Motors: 27.511 V
[LIFT] V_Compute: 28.264 V
[LIFT] V_Motors: 27.505 V
[LIFT] V_Compute: 28.285 V
[LIFT] V_Motors: 27.510 V
[LIFT] V_Compute: 28.276 V
[LIFT] V_Motors: 27.490 V
[LIFT] V_Compute: 28.274 V
[LIFT] V_Motors: 27.499 V
[LIFT] V_Compute: 28.271 V
[LIFT] V_Motors: 27.506 V
[LIFT] V_Compute: 28.261 V
[LIFT] V_Motors: 27.519 V
[LIFT] V_Compute: 28.281 V
[LIFT] V_Motors: 27.514 V
[LIFT] V_Compute: 28.272 V
[LIFT] V_Motors: 27.500 V
[LIFT] V_Compute: 28.265 V
[LIFT] V_Motors: 27.509 V
[LIFT] V_Compute: 28.289 V
[LIFT] V_Motors: 27.506 V
[LIFT] V_Compute: 28.289 V
[LIFT] V_Motors: 27.514 V
[LIFT] V_Compute: 28.288 V
[LIFT] V_Motors: 27.519 V
[LIFT] V_Compute: 28.281 V
[LIFT] V_Motors: 27.521 V
[LIFT] V_Compute: 28.284 V
[LIFT] V_Motors: 27.527 V
[LIFT] V_Compute: 28.260 V
[LIFT] V_Motors: 27.509 V
[LIFT] V_Compute: 28.254 V
[LIFT] V_Motors: 27.515 V
[LIFT] V_Compute: 28.294 V
[LIFT] V_Motors: 27.511 V
[LIFT] V_Compute: 28.264 V
[LIFT] V_Motors: 27.505 V
[LIFT] V_Compute: 28.270 V
[LIFT] V_Motors: 27.510 V
[LIFT] V_Compute: 28.260 V
[LIFT] V_Motors: 27.507 V
[LIFT] V_Compute: 28.261 V
[LIFT] V_Motors: 27.501 V
[LIFT] V_Compute: 28.288 V
[LIFT] V_Motors: 27.515 V
[LIFT] V_Compute: 28.286 V
[LIFT] V_Motors: 27.500 V
[LIFT] V_Compute: 28.254 V
[LIFT] V_Motors: 27.526 V
[LIFT] V_Compute: 28.276 V
[LIFT] V_Motors: 27.500 V
[LIFT] V_Compute: 28.249 V
[LIFT] V_Motors: 27.525 V
[LIFT] V_Compute: 28.270 V
[LIFT] V_Motors: 27.507 V
[LIFT] V_Compute: 28.279 V
[LIFT] V_Motors: 27.510 V
[LIFT] V_Compute: 28.288 V
[LIFT] V_Motors: 27.520 V
[LIFT] V_Compute: 28.253 V
[LIFT] V_Motors: 27.510 V
[LIFT] V_Compute: 28.295 V
[LIFT] V_Motors: 27.514 V
[LIFT] V_Compute: 28.281 V
[LIFT] V_Motors: 27.506 V
[LIFT] V_Compute: 28.276 V
[LIFT] V_Motors: 27.507 V
[LIFT] V_Compute: 28.288 V
[LIFT] V_Motors: 27.513 V
[LIFT] V_Compute: 28.290 V
[LIFT] V_Motors: 27.513 V
[LIFT] V_Compute: 28.272 V
[LIFT] V_Motors: 27.499 V
[LIFT] V_Compute: 28.284 V
[LIFT] V_Motors: 27.507 V
[LIFT] V_Compute: 28.289 V
[LIFT] V_Motors: 27.494 V
[LIFT] V_Compute: 28.300 V
[LIFT] V_Motors: 27.496 V
[LIFT] V_Compute: 28.294 V
[LIFT] V_Motors: 27.507 V
[LIFT] V_Compute: 28.276 V
[LIFT] V_Motors: 27.522 V
[LIFT] V_Compute: 28.284 V
[LIFT] V_Motors: 27.506 V
[LIFT] V_Compute: 28.294 V
[LIFT] V_Motors: 27.510 V
[LIFT] V_Compute: 28.282 V
[LIFT] V_Motors: 27.524 V
[LIFT] V_Compute: 28.276 V
[LIFT] V_Motors: 27.516 V
[LIFT] V_Compute: 28.280 V
[LIFT] V_Motors: 27.517 V
[LIFT] V_Compute: 28.284 V
[LIFT] V_Motors: 27.524 V
[LIFT] V_Compute: 28.286 V
[LIFT] V_Motors: 27.526 V
[LIFT] V_Compute: 28.294 V
[LIFT] V_Motors: 27.517 V
[LIFT] V_Compute: 28.290 V
[LIFT] V_Motors: 27.515 V
[LIFT] V_Compute: 28.294 V
[LIFT] V_Motors: 27.506 V
[LIFT] V_Compute: 28.279 V
[LIFT] V_Motors: 27.522 V
[LIFT] V_Compute: 28.320 V
[LIFT] V_Motors: 27.511 V
[LIFT] V_Compute: 28.272 V
[LIFT] V_Motors: 27.521 V
[LIFT] V_Compute: 28.256 V
[LIFT] V_Motors: 27.517 V
[LIFT] V_Compute: 28.295 V
[LIFT] V_Motors: 27.526 V
[LIFT] V_Compute: 28.285 V
[LIFT] V_Motors: 27.524 V
[LIFT] V_Compute: 28.292 V
[LIFT] V_Motors: 27.513 V
[LIFT] V_Compute: 28.270 V
[LIFT] V_Motors: 27.516 V
[LIFT] V_Compute: 28.301 V
[LIFT] V_Motors: 27.521 V
[LIFT] V_Compute: 28.275 V
[LIFT] V_Motors: 27.517 V
[LIFT] V_Compute: 28.282 V
[LIFT] V_Motors: 27.506 V
[LIFT] V_Compute: 28.284 V
[LIFT] V_Motors: 27.520 V
[LIFT] V_Compute: 28.299 V
[LIFT] V_Motors: 27.524 V
[LIFT] V_Compute: 28.295 V
[LIFT] V_Motors: 27.510 V
[LIFT] V_Compute: 28.299 V
[LIFT] V_Motors: 27.515 V
[LIFT] V_Compute: 28.289 V
[LIFT] V_Motors: 27.514 V
[LIFT] V_Compute: 28.284 V
[LIFT] V_Motors: 27.516 V
[LIFT] V_Compute: 28.270 V
[LIFT] V_Motors: 27.515 V
[LIFT] V_Compute: 28.292 V
[LIFT] V_Motors: 27.535 V
[LIFT] V_Compute: 28.309 V
[LIFT] V_Motors: 27.520 V
[LIFT] V_Compute: 28.291 V
[LIFT] V_Motors: 27.529 V
[LIFT] V_Compute: 28.304 V
[LIFT] V_Motors: 27.517 V
[LIFT] V_Compute: 28.299 V
[LIFT] V_Motors: 27.525 V
[LIFT] V_Compute: 28.288 V
[LIFT] V_Motors: 27.538 V
[LIFT] V_Compute: 28.312 V
[LIFT] V_Motors: 27.531 V
[LIFT] V_Compute: 28.270 V
[LIFT] V_Motors: 27.515 V
[LIFT] V_Compute: 28.296 V
[LIFT] V_Motors: 27.511 V
[LIFT] V_Compute: 28.294 V
[LIFT] V_Motors: 27.521 V
[LIFT] V_Compute: 28.304 V
[LIFT] V_Motors: 27.527 V
[LIFT] V_Compute: 28.274 V
[LIFT] V_Motors: 27.521 V
[LIFT] V_Compute: 28.279 V
[LIFT] V_Motors: 27.514 V
[LIFT] V_Compute: 28.265 V
[LIFT] V_Motors: 27.517 V
[LIFT] V_Compute: 28.300 V
[LIFT] V_Motors: 27.522 V
[LIFT] V_Compute: 28.261 V
[LIFT] V_Motors: 27.516 V
[LIFT] V_Compute: 28.286 V
[LIFT] V_Motors: 27.525 V
[LIFT] V_Compute: 28.280 V
[LIFT] V_Motors: 27.522 V
[LIFT] V_Compute: 28.292 V
[LIFT] V_Motors: 27.520 V
[LIFT] V_Compute: 28.276 V
[LIFT] V_Motors: 27.514 V
[LIFT] V_Compute: 28.271 V
[LIFT] V_Motors: 27.513 V
[LIFT] V_Compute: 28.289 V
[LIFT] V_Motors: 27.527 V
[LIFT] V_Compute: 28.288 V
[LIFT] V_Motors: 27.517 V
[LIFT] V_Compute: 28.306 V
[LIFT] V_Motors: 27.530 V
[LIFT] V_Compute: 28.286 V
[LIFT] V_Motors: 27.526 V
[LIFT] V_Compute: 28.295 V
[LIFT] V_Motors: 27.524 V
[LIFT] V_Compute: 28.294 V
[LIFT] V_Motors: 27.513 V
[LIFT] V_Compute: 28.286 V
[LIFT] V_Motors: 27.529 V
[LIFT] V_Compute: 28.309 V
[LIFT] V_Motors: 27.530 V
[LIFT] V_Compute: 28.296 V
[LIFT] V_Motors: 27.514 V
[LIFT] V_Compute: 28.275 V
[LIFT] V_Motors: 27.519 V
[LIFT] V_Compute: 28.291 V
[LIFT] V_Motors: 27.524 V
[LIFT] V_Compute: 28.292 V
[LIFT] V_Motors: 27.522 V
[LIFT] V_Compute: 28.301 V
[LIFT] V_Motors: 27.526 V
[LIFT] V_Compute: 28.285 V
[LIFT] V_Motors: 27.519 V
[LIFT] V_Compute: 28.308 V
[LIFT] V_Motors: 27.501 V
[LIFT] V_Compute: 28.280 V
[LIFT] V_Motors: 27.514 V
[LIFT] V_Compute: 28.290 V
[LIFT] V_Motors: 27.522 V
[LIFT] V_Compute: 28.285 V
[LIFT] V_Motors: 27.511 V
[LIFT] V_Compute: 28.298 V
[LIFT] V_Motors: 27.530 V
[LIFT] V_Compute: 28.289 V
[LIFT] V_Motors: 27.525 V
[LIFT] V_Compute: 28.298 V
[LIFT] V_Motors: 27.519 V
[LIFT] V_Compute: 28.296 V
[LIFT] V_Motors: 27.520 V
[LIFT] V_Compute: 28.299 V
[LIFT] V_Motors: 27.520 V
[LIFT] V_Compute: 28.311 V
[LIFT] V_Motors: 27.521 V
[LIFT] V_Compute: 28.281 V
[LIFT] V_Motors: 27.519 V
[LIFT] V_Compute: 28.301 V
[LIFT] V_Motors: 27.516 V
[LIFT] V_Compute: 28.280 V
[LIFT] V_Motors: 27.515 V
[LIFT] V_Compute: 28.298 V
[LIFT] V_Motors: 27.536 V
[LIFT] V_Compute: 28.306 V
[LIFT] V_Motors: 27.521 V
[LIFT] V_Compute: 28.310 V
[LIFT] V_Motors: 27.530 V
[LIFT] V_Compute: 28.282 V
[LIFT] V_Motors: 27.529 V
[LIFT] V_Compute: 28.302 V
[LIFT] V_Motors: 27.536 V
[LIFT] V_Compute: 28.280 V
[LIFT] V_Motors: 27.524 V
[LIFT] V_Compute: 28.267 V
[LIFT] V_Motors: 27.530 V
[LIFT] V_Compute: 28.292 V
[LIFT] V_Motors: 27.521 V
[LIFT] V_Compute: 28.295 V
[LIFT] V_Motors: 27.520 V
[LIFT] V_Compute: 28.299 V
[LIFT] V_Motors: 27.522 V
[LIFT] V_Compute: 28.281 V
[LIFT] V_Motors: 27.517 V
[LIFT] V_Compute: 28.299 V
[LIFT] V_Motors: 27.521 V
[LIFT] V_Compute: 28.305 V
[LIFT] V_Motors: 27.521 V
[LIFT] V_Compute: 28.269 V
[LIFT] V_Motors: 27.526 V
[LIFT] V_Compute: 28.292 V
[LIFT] V_Motors: 27.538 V
[LIFT] V_Compute: 28.275 V
[LIFT] V_Motors: 27.525 V
[LIFT] V_Compute: 28.305 V
[LIFT] V_Motors: 27.519 V
[LIFT] V_Compute: 28.284 V
[LIFT] V_Motors: 27.539 V
[LIFT] V_Compute: 28.282 V
[LIFT] V_Motors: 27.524 V
[LIFT] V_Compute: 28.288 V
[LIFT] V_Motors: 27.534 V
[LIFT] V_Compute: 28.308 V
[LIFT] V_Motors: 27.531 V
[LIFT] V_Compute: 28.294 V
[LIFT] V_Motors: 27.532 V
[LIFT] V_Compute: 28.298 V
[LIFT] V_Motors: 27.517 V
[LIFT] V_Compute: 28.294 V
[LIFT] V_Motors: 27.534 V
[LIFT] V_Compute: 28.292 V
[LIFT] V_Motors: 27.521 V
[LIFT] V_Compute: 28.301 V
[LIFT] V_Motors: 27.515 V
[LIFT] V_Compute: 28.284 V
[LIFT] V_Motors: 27.531 V
[LIFT] V_Compute: 28.281 V
[LIFT] V_Motors: 27.526 V
[LIFT] V_Compute: 28.305 V
[LIFT] V_Motors: 27.520 V
[LIFT] V_Compute: 28.308 V
[LIFT] V_Motors: 27.536 V
[LIFT] V_Compute: 28.316 V
[LIFT] V_Motors: 27.539 V
[LIFT] V_Compute: 28.291 V
[LIFT] V_Motors: 27.520 V
[LIFT] V_Compute: 28.282 V
[LIFT] V_Motors: 27.509 V
[LIFT] V_Compute: 28.294 V
[LIFT] V_Motors: 27.527 V
[LIFT] V_Compute: 28.304 V
[LIFT] V_Motors: 27.544 V
[LIFT] V_Compute: 28.282 V
[LIFT] V_Motors: 27.540 V
[LIFT] V_Compute: 28.296 V
[LIFT] V_Motors: 27.524 V
[LIFT] V_Compute: 28.292 V
[LIFT] V_Motors: 27.534 V
[LIFT] V_Compute: 28.327 V
[LIFT] V_Motors: 27.529 V
[LIFT] V_Compute: 28.288 V
[LIFT] V_Motors: 27.510 V
[LIFT] V_Compute: 28.308 V
[LIFT] V_Motors: 27.536 V
[LIFT] V_Compute: 28.299 V
[LIFT] V_Motors: 27.531 V
[LIFT] V_Compute: 28.294 V
[LIFT] V_Motors: 27.517 V
[LIFT] V_Compute: 28.305 V
[LIFT] V_Motors: 27.527 V
[LIFT] V_Compute: 28.301 V
[LIFT] V_Motors: 27.529 V
[LIFT] V_Compute: 28.306 V
[LIFT] V_Motors: 27.526 V
[LIFT] V_Compute: 28.296 V
[LIFT] V_Motors: 27.534 V
[LIFT] V_Compute: 28.298 V
[LIFT] V_Motors: 27.522 V
[LIFT] V_Compute: 28.305 V
[LIFT] V_Motors: 27.538 V
[LIFT] V_Compute: 28.288 V
[LIFT] V_Motors: 27.530 V
[LIFT] V_Compute: 28.310 V
[LIFT] V_Motors: 27.536 V
[LIFT] V_Compute: 28.324 V
[LIFT] V_Motors: 27.540 V
[LIFT] V_Compute: 28.298 V
[LIFT] V_Motors: 27.538 V
[LIFT] V_Compute: 28.301 V
[LIFT] V_Motors: 27.526 V
[LIFT] V_Compute: 28.302 V
[LIFT] V_Motors: 27.530 V
[LIFT] V_Compute: 28.288 V
[LIFT] V_Motors: 27.527 V
[LIFT] V_Compute: 28.300 V
[LIFT] V_Motors: 27.520 V
[LIFT] V_Compute: 28.320 V
[LIFT] V_Motors: 27.524 V
[LIFT] V_Compute: 28.295 V
[LIFT] V_Motors: 27.545 V
[LIFT] V_Compute: 28.298 V
[LIFT] V_Motors: 27.531 V
[LIFT] V_Compute: 28.299 V
[LIFT] V_Motors: 27.525 V
[LIFT] V_Compute: 28.294 V
[LIFT] V_Motors: 27.534 V
[LIFT] V_Compute: 28.317 V
[LIFT] V_Motors: 27.529 V
[LIFT] V_Compute: 28.315 V
[LIFT] V_Motors: 27.525 V
[LIFT] V_Compute: 28.305 V
[LIFT] V_Motors: 27.540 V
[LIFT] V_Compute: 28.304 V
[LIFT] V_Motors: 27.535 V
[LIFT] V_Compute: 28.309 V
[LIFT] V_Motors: 27.546 V
[LIFT] V_Compute: 28.286 V
[LIFT] V_Motors: 27.534 V
[LIFT] V_Compute: 28.301 V
[LIFT] V_Motors: 27.531 V
[LIFT] V_Compute: 28.308 V
[LIFT] V_Motors: 27.535 V
[LIFT] V_Compute: 28.326 V
[LIFT] V_Motors: 27.527 V
[LIFT] V_Compute: 28.285 V
[LIFT] V_Motors: 27.534 V
[LIFT] V_Compute: 28.294 V
[LIFT] V_Motors: 27.541 V
[LIFT] V_Compute: 28.299 V
[LIFT] V_Motors: 27.534 V
[LIFT] V_Compute: 28.302 V
[LIFT] V_Motors: 27.539 V
[LIFT] V_Compute: 28.286 V
[LIFT] V_Motors: 27.535 V
[LIFT] V_Compute: 28.317 V
[LIFT] V_Motors: 27.530 V
[LIFT] V_Compute: 28.290 V
[LIFT] V_Motors: 27.510 V
[LIFT] V_Compute: 28.324 V
[LIFT] V_Motors: 27.536 V
[LIFT] V_Compute: 28.308 V
[LIFT] V_Motors: 27.536 V
[LIFT] V_Compute: 28.329 V
[LIFT] V_Motors: 27.538 V
[LIFT] V_Compute: 28.288 V
[LIFT] V_Motors: 27.538 V
[LIFT] V_Compute: 28.319 V
[LIFT] V_Motors: 27.527 V
[LIFT] V_Compute: 28.301 V
[LIFT] V_Motors: 27.535 V
[LIFT] V_Compute: 28.306 V
[LIFT] V_Motors: 27.516 V
[LIFT] V_Compute: 28.286 V
[LIFT] V_Motors: 27.517 V
[LIFT] V_Compute: 28.300 V
[LIFT] V_Motors: 27.540 V
[LIFT] V_Compute: 28.285 V
[LIFT] V_Motors: 27.531 V
[LIFT] V_Compute: 28.296 V
[LIFT] V_Motors: 27.536 V
[LIFT] V_Compute: 28.294 V
[LIFT] V_Motors: 27.542 V
[LIFT] V_Compute: 28.294 V
[LIFT] V_Motors: 27.544 V
[LIFT] V_Compute: 28.310 V
[LIFT] V_Motors: 27.525 V
[LIFT] V_Compute: 28.285 V
[LIFT] V_Motors: 27.538 V
[LIFT] V_Compute: 28.311 V
[LIFT] V_Motors: 27.536 V
[LIFT] V_Compute: 28.317 V
[LIFT] V_Motors: 27.544 V
[LIFT] V_Compute: 28.330 V
[LIFT] V_Motors: 27.542 V
[LIFT] V_Compute: 28.304 V
[LIFT] V_Motors: 27.539 V
[LIFT] V_Compute: 28.302 V
[LIFT] V_Motors: 27.529 V
[LIFT] V_Compute: 28.298 V
[LIFT] V_Motors: 27.541 V
[LIFT] V_Compute: 28.305 V
[LIFT] V_Motors: 27.542 V
[LIFT] V_Compute: 28.311 V
[LIFT] V_Motors: 27.536 V
[LIFT] V_Compute: 28.309 V
[LIFT] V_Motors: 27.532 V
[LIFT] V_Compute: 28.291 V
[LIFT] V_Motors: 27.542 V
[LIFT] V_Compute: 28.320 V
[LIFT] V_Motors: 27.545 V
[LIFT] V_Compute: 28.300 V
[LIFT] V_Motors: 27.536 V
[LIFT] V_Compute: 28.316 V
[LIFT] V_Motors: 27.538 V
[LIFT] V_Compute: 28.308 V
[LIFT] V_Motors: 27.535 V
[LIFT] V_Compute: 28.304 V
[LIFT] V_Motors: 27.534 V
[LIFT] V_Compute: 28.329 V
[LIFT] V_Motors: 27.545 V
[LIFT] V_Compute: 28.305 V
[LIFT] V_Motors: 27.542 V
[LIFT] V_Compute: 28.312 V
[LIFT] V_Motors: 27.539 V
[LIFT] V_Compute: 28.299 V
[LIFT] V_Motors: 27.534 V
[LIFT] V_Compute: 28.310 V
[LIFT] V_Motors: 27.536 V
[LIFT] V_Compute: 28.305 V
[LIFT] V_Motors: 27.545 V
[LIFT] V_Compute: 28.301 V
[LIFT] V_Motors: 27.541 V
[LIFT] V_Compute: 28.316 V
[LIFT] V_Motors: 27.534 V
[LIFT] V_Compute: 28.308 V
[LIFT] V_Motors: 27.542 V
[LIFT] V_Compute: 28.314 V
[LIFT] V_Motors: 27.538 V
[LIFT] V_Compute: 28.319 V
[LIFT] V_Motors: 27.529 V
[LIFT] V_Compute: 28.317 V
[LIFT] V_Motors: 27.538 V
[LIFT] V_Compute: 28.286 V
[LIFT] V_Motors: 27.541 V
[LIFT] V_Compute: 28.310 V
[LIFT] V_Motors: 27.545 V
[LIFT] V_Compute: 28.312 V
[LIFT] V_Motors: 27.544 V
[LIFT] V_Compute: 28.336 V
[LIFT] V_Motors: 27.540 V
[LIFT] V_Compute: 28.311 V
[LIFT] V_Motors: 27.532 V
[LIFT] V_Compute: 28.300 V
[LIFT] V_Motors: 27.536 V
[LIFT] V_Compute: 28.284 V
[LIFT] V_Motors: 27.545 V
[LIFT] V_Compute: 28.310 V
[LIFT] V_Motors: 27.536 V
[LIFT] V_Compute: 28.311 V
[LIFT] V_Motors: 27.520 V
[LIFT] V_Compute: 28.316 V
[LIFT] V_Motors: 27.519 V
[LIFT] V_Compute: 28.310 V
[LIFT] V_Motors: 27.526 V
[LIFT] V_Compute: 28.312 V
[LIFT] V_Motors: 27.540 V
[LIFT] V_Compute: 28.308 V
[LIFT] V_Motors: 27.550 V
[LIFT] V_Compute: 28.309 V
[LIFT] V_Motors: 27.555 V
[LIFT] V_Compute: 28.325 V
[LIFT] V_Motors: 27.542 V
[LIFT] V_Compute: 28.301 V
[LIFT] V_Motors: 27.548 V
[LIFT] V_Compute: 28.314 V
[LIFT] V_Motors: 27.554 V
[LIFT] V_Compute: 28.321 V
[LIFT] V_Motors: 27.535 V
[LIFT] V_Compute: 28.316 V
[LIFT] V_Motors: 27.544 V
[LIFT] V_Compute: 28.296 V
[LIFT] V_Motors: 27.539 V
[LIFT] V_Compute: 28.281 V
[LIFT] V_Motors: 27.548 V
[LIFT] V_Compute: 28.300 V
[LIFT] V_Motors: 27.531 V
[LIFT] V_Compute: 28.314 V
[LIFT] V_Motors: 27.545 V
[LIFT] V_Compute: 28.294 V
[LIFT] V_Motors: 27.541 V
[LIFT] V_Compute: 28.314 V
[LIFT] V_Motors: 27.544 V
[LIFT] V_Compute: 28.294 V
[LIFT] V_Motors: 27.539 V
[LIFT] V_Compute: 28.327 V
[LIFT] V_Motors: 27.550 V
[LIFT] V_Compute: 28.306 V
[LIFT] V_Motors: 27.542 V
[LIFT] V_Compute: 28.308 V
[LIFT] V_Motors: 27.536 V
[LIFT] V_Compute: 28.321 V
[LIFT] V_Motors: 27.548 V
[LIFT] V_Compute: 28.317 V
[LIFT] V_Motors: 27.546 V
[LIFT] V_Compute: 28.309 V
[LIFT] V_Motors: 27.546 V
[LIFT] V_Compute: 28.314 V
[LIFT] V_Motors: 27.534 V
[LIFT] V_Compute: 28.301 V
[LIFT] V_Motors: 27.539 V
[LIFT] V_Compute: 28.299 V
[LIFT] V_Motors: 27.550 V
[LIFT] V_Compute: 28.290 V
[LIFT] V_Motors: 27.542 V
[LIFT] V_Compute: 28.319 V
[LIFT] V_Motors: 27.540 V
[LIFT] V_Compute: 28.317 V
[LIFT] V_Motors: 27.548 V
[LIFT] V_Compute: 28.315 V
[LIFT] V_Motors: 27.554 V
[LIFT] V_Compute: 28.286 V
[LIFT] V_Motors: 27.546 V
[LIFT] V_Compute: 28.310 V
[LIFT] V_Motors: 27.540 V
[LIFT] V_Compute: 28.326 V
[LIFT] V_Motors: 27.546 V
[LIFT] V_Compute: 28.322 V
[LIFT] V_Motors: 27.550 V
[LIFT] V_Compute: 28.325 V
[LIFT] V_Motors: 27.534 V
[LIFT] V_Compute: 28.304 V
[LIFT] V_Motors: 27.548 V
[LIFT] V_Compute: 28.319 V
[LIFT] V_Motors: 27.544 V
[LIFT] V_Compute: 28.306 V
[LIFT] V_Motors: 27.548 V
[LIFT] V_Compute: 28.321 V
[LIFT] V_Motors: 27.539 V
[LIFT] V_Compute: 28.300 V
[LIFT] V_Motors: 27.531 V
[LIFT] V_Compute: 28.300 V
[LIFT] V_Motors: 27.531 V
[LIFT] V_Compute: 28.315 V
[LIFT] V_Motors: 27.545 V
[LIFT] V_Compute: 28.304 V
[LIFT] V_Motors: 27.539 V
[LIFT] V_Compute: 28.310 V
[LIFT] V_Motors: 27.515 V
[LIFT] V_Compute: 28.305 V
[LIFT] V_Motors: 27.545 V
[LIFT] V_Compute: 28.301 V
[LIFT] V_Motors: 27.549 V
[LIFT] V_Compute: 28.308 V
[LIFT] V_Motors: 27.539 V
[LIFT] V_Compute: 28.294 V
[LIFT] V_Motors: 27.548 V
[LIFT] V_Compute: 28.327 V
[LIFT] V_Motors: 27.544 V
[LIFT] V_Compute: 28.325 V
[LIFT] V_Motors: 27.551 V
[LIFT] V_Compute: 28.314 V
[LIFT] V_Motors: 27.536 V
[LIFT] V_Compute: 28.312 V
[LIFT] V_Motors: 27.548 V
[LIFT] V_Compute: 28.321 V
[LIFT] V_Motors: 27.554 V
[LIFT] V_Compute: 28.337 V
[LIFT] V_Motors: 27.549 V
[LIFT] V_Compute: 28.314 V
[LIFT] V_Motors: 27.540 V
[LIFT] V_Compute: 28.305 V
[LIFT] V_Motors: 27.538 V
[LIFT] V_Compute: 28.309 V
[LIFT] V_Motors: 27.549 V
[LIFT] V_Compute: 28.305 V
[LIFT] V_Motors: 27.554 V
[LIFT] V_Compute: 28.334 V
[LIFT] V_Motors: 27.545 V
[LIFT] V_Compute: 28.321 V
[LIFT] V_Motors: 27.548 V
[LIFT] V_Compute: 28.295 V
[LIFT] V_Motors: 27.544 V
[LIFT] V_Compute: 28.316 V
[LIFT] V_Motors: 27.542 V
[LIFT] V_Compute: 28.291 V
[LIFT] V_Motors: 27.542 V
[LIFT] V_Compute: 28.309 V
[LIFT] V_Motors: 27.542 V
[LIFT] V_Compute: 28.305 V
[LIFT] V_Motors: 27.542 V
[LIFT] V_Compute: 28.327 V
[LIFT] V_Motors: 27.549 V
[LIFT] V_Compute: 28.312 V
[LIFT] V_Motors: 27.540 V
[LIFT] V_Compute: 28.309 V
[LIFT] V_Motors: 27.534 V
[LIFT] V_Compute: 28.271 V
[LIFT] V_Motors: 27.550 V
[LIFT] V_Compute: 28.310 V
[LIFT] V_Motors: 27.542 V
[LIFT] V_Compute: 28.329 V
[LIFT] V_Motors: 27.560 V
[LIFT] V_Compute: 28.309 V
[LIFT] V_Motors: 27.544 V
[LIFT] V_Compute: 28.306 V
[LIFT] V_Motors: 27.535 V
[LIFT] V_Compute: 28.327 V
[LIFT] V_Motors: 27.545 V
[LIFT] V_Compute: 28.314 V
[LIFT] V_Motors: 27.550 V
[LIFT] V_Compute: 28.314 V
[LIFT] V_Motors: 27.550 V
[LIFT] V_Compute: 28.312 V
[LIFT] V_Motors: 27.546 V
[LIFT] V_Compute: 28.315 V
[LIFT] V_Motors: 27.527 V
[LIFT] V_Compute: 28.321 V
[LIFT] V_Motors: 27.546 V
[LIFT] V_Compute: 28.311 V
[LIFT] V_Motors: 27.544 V
[LIFT] V_Compute: 28.315 V
[LIFT] V_Motors: 27.546 V
[LIFT] V_Compute: 28.308 V
[LIFT] V_Motors: 27.548 V
[LIFT] V_Compute: 28.300 V
[LIFT] V_Motors: 27.539 V
[LIFT] V_Compute: 28.299 V
[LIFT] V_Motors: 27.548 V
[LIFT] V_Compute: 28.300 V
[LIFT] V_Motors: 27.536 V
[LIFT] V_Compute: 28.330 V
[LIFT] V_Motors: 27.550 V
[LIFT] V_Compute: 28.336 V
[LIFT] V_Motors: 27.536 V
[LIFT] V_Compute: 28.344 V
[LIFT] V_Motors: 27.551 V
[LIFT] V_Compute: 28.324 V
[LIFT] V_Motors: 27.554 V
[LIFT] V_Compute: 28.322 V
[LIFT] V_Motors: 27.539 V
[LIFT] V_Compute: 28.311 V
[LIFT] V_Motors: 27.561 V
[LIFT] V_Compute: 28.320 V
[LIFT] V_Motors: 27.541 V
[LIFT] V_Compute: 28.314 V
[LIFT] V_Motors: 27.536 V
[LIFT] V_Compute: 28.339 V
[LIFT] V_Motors: 27.551 V
[LIFT] V_Compute: 28.340 V
[LIFT] V_Motors: 27.545 V
[LIFT] V_Compute: 28.311 V
[LIFT] V_Motors: 27.545 V
[LIFT] V_Compute: 28.315 V
[LIFT] V_Motors: 27.555 V
[LIFT] V_Compute: 28.320 V
[LIFT] V_Motors: 27.535 V
[LIFT] V_Compute: 28.315 V
[LIFT] V_Motors: 27.538 V
[LIFT] V_Compute: 28.322 V
[LIFT] V_Motors: 27.550 V
[LIFT] V_Compute: 28.337 V
[LIFT] V_Motors: 27.548 V
[LIFT] V_Compute: 28.295 V
[LIFT] V_Motors: 27.556 V
[LIFT] V_Compute: 28.322 V
[LIFT] V_Motors: 27.560 V
[LIFT] V_Compute: 28.315 V
[LIFT] V_Motors: 27.561 V
[LIFT] V_Compute: 28.331 V
[LIFT] V_Motors: 27.550 V
[LIFT] V_Compute: 28.285 V
[LIFT] V_Motors: 27.559 V
[LIFT] V_Compute: 28.326 V
[LIFT] V_Motors: 27.549 V
[LIFT] V_Compute: 28.330 V
[LIFT] V_Motors: 27.560 V
[LIFT] V_Compute: 28.322 V
[LIFT] V_Motors: 27.548 V
[LIFT] V_Compute: 28.320 V
[LIFT] V_Motors: 27.552 V
[LIFT] V_Compute: 28.315 V
[LIFT] V_Motors: 27.555 V
[LIFT] V_Compute: 28.322 V
[LIFT] V_Motors: 27.570 V
[LIFT] V_Compute: 28.326 V
[LIFT] V_Motors: 27.538 V
[LIFT] V_Compute: 28.306 V
[LIFT] V_Motors: 27.548 V
[LIFT] V_Compute: 28.346 V
[LIFT] V_Motors: 27.545 V
[LIFT] V_Compute: 28.311 V
[LIFT] V_Motors: 27.548 V
[LIFT] V_Compute: 28.317 V
[LIFT] V_Motors: 27.567 V
[LIFT] V_Compute: 28.336 V
[LIFT] V_Motors: 27.540 V
[LIFT] V_Compute: 28.330 V
[LIFT] V_Motors: 27.545 V
[LIFT] V_Compute: 28.325 V
[LIFT] V_Motors: 27.556 V
[LIFT] V_Compute: 28.321 V
[LIFT] V_Motors: 27.549 V
[LIFT] V_Compute: 28.324 V
[LIFT] V_Motors: 27.554 V
[LIFT] V_Compute: 28.325 V
[LIFT] V_Motors: 27.550 V
[LIFT] V_Compute: 28.339 V
[LIFT] V_Motors: 27.566 V
[LIFT] V_Compute: 28.329 V
[LIFT] V_Motors: 27.560 V
[LIFT] V_Compute: 28.320 V
[LIFT] V_Motors: 27.542 V
[LIFT] V_Compute: 28.315 V
[LIFT] V_Motors: 27.571 V
[LIFT] V_Compute: 28.344 V
[LIFT] V_Motors: 27.561 V
[LIFT] V_Compute: 28.350 V
[LIFT] V_Motors: 27.555 V
[LIFT] V_Compute: 28.335 V
[LIFT] V_Motors: 27.569 V
[LIFT] V_Compute: 28.301 V
[LIFT] V_Motors: 27.555 V
[LIFT] V_Compute: 28.333 V
[LIFT] V_Motors: 27.551 V
[LIFT] V_Compute: 28.343 V
[LIFT] V_Motors: 27.556 V
[LIFT] V_Compute: 28.292 V
[LIFT] V_Motors: 27.545 V
[LIFT] V_Compute: 28.333 V
[LIFT] V_Motors: 27.548 V
[LIFT] V_Compute: 28.316 V
[LIFT] V_Motors: 27.560 V
[LIFT] V_Compute: 28.330 V
[LIFT] V_Motors: 27.548 V
[LIFT] V_Compute: 28.321 V
[LIFT] V_Motors: 27.562 V
[LIFT] V_Compute: 28.329 V
[LIFT] V_Motors: 27.562 V
[LIFT] V_Compute: 28.321 V
[LIFT] V_Motors: 27.556 V
[LIFT] V_Compute: 28.330 V
[LIFT] V_Motors: 27.565 V
[LIFT] V_Compute: 28.317 V
[LIFT] V_Motors: 27.562 V
[LIFT] V_Compute: 28.319 V
[LIFT] V_Motors: 27.555 V
[LIFT] V_Compute: 28.314 V
[LIFT] V_Motors: 27.560 V
[LIFT] V_Compute: 28.327 V
[LIFT] V_Motors: 27.569 V
[LIFT] V_Compute: 28.324 V
[LIFT] V_Motors: 27.565 V
[LIFT] V_Compute: 28.327 V
[LIFT] V_Motors: 27.565 V
[LIFT] V_Compute: 28.336 V
[LIFT] V_Motors: 27.536 V
[LIFT] V_Compute: 28.322 V
[LIFT] V_Motors: 27.548 V
[LIFT] V_Compute: 28.321 V
[LIFT] V_Motors: 27.566 V
[LIFT] V_Compute: 28.345 V
[LIFT] V_Motors: 27.561 V
[LIFT] V_Compute: 28.329 V
[LIFT] V_Motors: 27.559 V
[LIFT] V_Compute: 28.340 V
[LIFT] V_Motors: 27.562 V
[LIFT] V_Compute: 28.330 V
[LIFT] V_Motors: 27.562 V
[LIFT] V_Compute: 28.320 V
[LIFT] V_Motors: 27.552 V
[LIFT] V_Compute: 28.330 V
[LIFT] V_Motors: 27.569 V
[LIFT] V_Compute: 28.290 V
[LIFT] V_Motors: 27.548 V
[LIFT] V_Compute: 28.359 V
[LIFT] V_Motors: 27.565 V
[LIFT] V_Compute: 28.330 V
[LIFT] V_Motors: 27.564 V
[LIFT] V_Compute: 28.327 V
[LIFT] V_Motors: 27.551 V
[LIFT] V_Compute: 28.335 V
[LIFT] V_Motors: 27.556 V
[LIFT] V_Compute: 28.329 V
[LIFT] V_Motors: 27.561 V
[LIFT] V_Compute: 28.317 V
[LIFT] V_Motors: 27.551 V
[LIFT] V_Compute: 28.340 V
[LIFT] V_Motors: 27.556 V
[LIFT] V_Compute: 28.321 V
[LIFT] V_Motors: 27.544 V
[LIFT] V_Compute: 28.345 V
[LIFT] V_Motors: 27.560 V
[LIFT] V_Compute: 28.319 V
[LIFT] V_Motors: 27.559 V
[LIFT] V_Compute: 28.351 V
[LIFT] V_Motors: 27.551 V
[LIFT] V_Compute: 28.334 V
[LIFT] V_Motors: 27.558 V
[LIFT] V_Compute: 28.320 V
[LIFT] V_Motors: 27.554 V
[LIFT] V_Compute: 28.336 V
[LIFT] V_Motors: 27.554 V
[LIFT] V_Compute: 28.330 V
[LIFT] V_Motors: 27.560 V
[LIFT] V_Compute: 28.326 V
[LIFT] V_Motors: 27.570 V
[LIFT] V_Compute: 28.336 V
[LIFT] V_Motors: 27.569 V
[LIFT] V_Compute: 28.325 V
[LIFT] V_Motors: 27.559 V
[LIFT] V_Compute: 28.315 V
[LIFT] V_Motors: 27.567 V
[LIFT] V_Compute: 28.337 V
[LIFT] V_Motors: 27.561 V
[LIFT] V_Compute: 28.308 V
[LIFT] V_Motors: 27.562 V
[LIFT] V_Compute: 28.339 V
[LIFT] V_Motors: 27.556 V
[LIFT] V_Compute: 28.333 V
[LIFT] V_Motors: 27.545 V
[LIFT] V_Compute: 28.329 V
[LIFT] V_Motors: 27.562 V
[LIFT] V_Compute: 28.337 V
[LIFT] V_Motors: 27.554 V
[LIFT] V_Compute: 28.341 V
[LIFT] V_Motors: 27.555 V
[LIFT] V_Compute: 28.333 V
[LIFT] V_Motors: 27.564 V
[LIFT] V_Compute: 28.320 V
[LIFT] V_Motors: 27.561 V
[LIFT] V_Compute: 28.343 V
[LIFT] V_Motors: 27.554 V
[LIFT] V_Compute: 28.325 V
[LIFT] V_Motors: 27.559 V
[LIFT] V_Compute: 28.335 V
[LIFT] V_Motors: 27.560 V
[LIFT] V_Compute: 28.335 V
[LIFT] V_Motors: 27.566 V
[LIFT] V_Compute: 28.334 V
[LIFT] V_Motors: 27.571 V
[LIFT] V_Compute: 28.325 V
[LIFT] V_Motors: 27.560 V
[LIFT] V_Compute: 28.329 V
[LIFT] V_Motors: 27.558 V
[LIFT] V_Compute: 28.336 V
[LIFT] V_Motors: 27.569 V
[LIFT] V_Compute: 28.329 V
[LIFT] V_Motors: 27.556 V
[LIFT] V_Compute: 28.312 V
[LIFT] V_Motors: 27.575 V
[LIFT] V_Compute: 28.333 V
[LIFT] V_Motors: 27.579 V
[LIFT] V_Compute: 28.329 V
[LIFT] V_Motors: 27.567 V
[LIFT] V_Compute: 28.319 V
[LIFT] V_Motors: 27.559 V
[LIFT] V_Compute: 28.321 V
[LIFT] V_Motors: 27.559 V
[LIFT] V_Compute: 28.341 V
[LIFT] V_Motors: 27.574 V
[LIFT] V_Compute: 28.353 V
[LIFT] V_Motors: 27.558 V
[LIFT] V_Compute: 28.329 V
[LIFT] V_Motors: 27.559 V
[LIFT] V_Compute: 28.346 V
[LIFT] V_Motors: 27.554 V
[LIFT] V_Compute: 28.341 V
[LIFT] V_Motors: 27.569 V
[LIFT] V_Compute: 28.337 V
[LIFT] V_Motors: 27.566 V
[LIFT] V_Compute: 28.341 V
[LIFT] V_Motors: 27.555 V
[LIFT] V_Compute: 28.353 V
[LIFT] V_Motors: 27.548 V
[LIFT] V_Compute: 28.322 V
[LIFT] V_Motors: 27.550 V
[LIFT] V_Compute: 28.339 V
[LIFT] V_Motors: 27.571 V
[LIFT] V_Compute: 28.339 V
[LIFT] V_Motors: 27.570 V
[LIFT] V_Compute: 28.341 V
[LIFT] V_Motors: 27.561 V
[LIFT] V_Compute: 28.336 V
[LIFT] V_Motors: 27.571 V
[LIFT] V_Compute: 28.326 V
[LIFT] V_Motors: 27.572 V
[LIFT] V_Compute: 28.327 V
[LIFT] V_Motors: 27.574 V
[LIFT] V_Compute: 28.329 V
[LIFT] V_Motors: 27.538 V
[LIFT] V_Compute: 28.309 V
[LIFT] V_Motors: 27.565 V
[LIFT] V_Compute: 28.321 V
[LIFT] V_Motors: 27.564 V
[LIFT] V_Compute: 28.336 V
[LIFT] V_Motors: 27.566 V
[LIFT] V_Compute: 28.317 V
[LIFT] V_Motors: 27.561 V
[LIFT] V_Compute: 28.324 V
[LIFT] V_Motors: 27.558 V
[LIFT] V_Compute: 28.326 V
[LIFT] V_Motors: 27.564 V
[LIFT] V_Compute: 28.331 V
[LIFT] V_Motors: 27.554 V
[LIFT] V_Compute: 28.335 V
[LIFT] V_Motors: 27.560 V
[LIFT] V_Compute: 28.319 V
[LIFT] V_Motors: 27.559 V
[LIFT] V_Compute: 28.327 V
[LIFT] V_Motors: 27.570 V
[LIFT] V_Compute: 28.337 V
[LIFT] V_Motors: 27.562 V
[LIFT] V_Compute: 28.319 V
[LIFT] V_Motors: 27.556 V
[LIFT] V_Compute: 28.341 V
[LIFT] V_Motors: 27.558 V
[LIFT] V_Compute: 28.329 V
[LIFT] V_Motors: 27.569 V
[LIFT] V_Compute: 28.310 V
[LIFT] V_Motors: 27.555 V
[LIFT] V_Compute: 28.349 V
[LIFT] V_Motors: 27.552 V
[LIFT] V_Compute: 28.349 V
[LIFT] V_Motors: 27.555 V
[LIFT] V_Compute: 28.331 V
[LIFT] V_Motors: 27.562 V
[LIFT] V_Compute: 28.345 V
[LIFT] V_Motors: 27.556 V
[LIFT] V_Compute: 28.331 V
[LIFT] V_Motors: 27.569 V
[LIFT] V_Compute: 28.325 V
[LIFT] V_Motors: 27.570 V
[LIFT] V_Compute: 28.334 V
[LIFT] V_Motors: 27.555 V
[LIFT] V_Compute: 28.320 V
[LIFT] V_Motors: 27.566 V
[LIFT] V_Compute: 28.333 V
[LIFT] V_Motors: 27.552 V
[LIFT] V_Compute: 28.329 V
[LIFT] V_Motors: 27.548 V
[LIFT] V_Compute: 28.335 V
[LIFT] V_Motors: 27.554 V
[LIFT] V_Compute: 28.337 V
[LIFT] V_Motors: 27.586 V
[LIFT] V_Compute: 28.326 V
[LIFT] V_Motors: 27.554 V
[LIFT] V_Compute: 28.329 V
[LIFT] V_Motors: 27.556 V
[LIFT] V_Compute: 28.331 V
[LIFT] V_Motors: 27.567 V
[LIFT] V_Compute: 28.337 V
[LIFT] V_Motors: 27.576 V
[LIFT] V_Compute: 28.334 V
[LIFT] V_Motors: 27.562 V
[LIFT] V_Compute: 28.326 V
[LIFT] V_Motors: 27.556 V
[LIFT] V_Compute: 28.317 V
[LIFT] V_Motors: 27.586 V
[LIFT] V_Compute: 28.334 V
[LIFT] V_Motors: 27.562 V
[LIFT] V_Compute: 28.343 V
[LIFT] V_Motors: 27.565 V
[LIFT] V_Compute: 28.345 V
[LIFT] V_Motors: 27.571 V
[LIFT] V_Compute: 28.366 V
[LIFT] V_Motors: 27.564 V
[LIFT] V_Compute: 28.337 V
[LIFT] V_Motors: 27.565 V
[LIFT] V_Compute: 28.327 V
[LIFT] V_Motors: 27.554 V
[LIFT] V_Compute: 28.345 V
[LIFT] V_Motors: 27.577 V
[LIFT] V_Compute: 28.353 V
[LIFT] V_Motors: 27.571 V
[LIFT] V_Compute: 28.326 V
[LIFT] V_Motors: 27.577 V
[LIFT] V_Compute: 28.344 V
[LIFT] V_Motors: 27.571 V
[LIFT] V_Compute: 28.340 V
[LIFT] V_Motors: 27.564 V
[LIFT] V_Compute: 28.343 V
[LIFT] V_Motors: 27.577 V
[LIFT] V_Compute: 28.344 V
[LIFT] V_Motors: 27.565 V
[LIFT] V_Compute: 28.345 V
[LIFT] V_Motors: 27.560 V
[LIFT] V_Compute: 28.334 V
[LIFT] V_Motors: 27.569 V
[LIFT] V_Compute: 28.349 V
[LIFT] V_Motors: 27.580 V
[LIFT] V_Compute: 28.310 V
[LIFT] V_Motors: 27.566 V
[LIFT] V_Compute: 28.339 V
[LIFT] V_Motors: 27.570 V
[LIFT] V_Compute: 28.343 V
[LIFT] V_Motors: 27.579 V
[LIFT] V_Compute: 28.337 V
[LIFT] V_Motors: 27.571 V
[LIFT] V_Compute: 28.326 V
[LIFT] V_Motors: 27.576 V
[LIFT] V_Compute: 28.335 V
[LIFT] V_Motors: 27.567 V
[LIFT] V_Compute: 28.337 V
[LIFT] V_Motors: 27.576 V
[LIFT] V_Compute: 28.333 V
[LIFT] V_Motors: 27.584 V
[LIFT] V_Compute: 28.339 V
[LIFT] V_Motors: 27.549 V
[LIFT] V_Compute: 28.316 V
[LIFT] V_Motors: 27.565 V
[LIFT] V_Compute: 28.327 V
[LIFT] V_Motors: 27.581 V
[LIFT] V_Compute: 28.331 V
[LIFT] V_Motors: 27.577 V
[LIFT] V_Compute: 28.329 V
[LIFT] V_Motors: 27.561 V
[LIFT] V_Compute: 28.345 V
[LIFT] V_Motors: 27.561 V
[LIFT] V_Compute: 28.333 V
[LIFT] V_Motors: 27.555 V
[LIFT] V_Compute: 28.360 V
[LIFT] V_Motors: 27.577 V
[LIFT] V_Compute: 28.337 V
[LIFT] V_Motors: 27.560 V
[LIFT] V_Compute: 28.324 V
[LIFT] V_Motors: 27.562 V
[LIFT] V_Compute: 28.334 V
[LIFT] V_Motors: 27.570 V
[LIFT] V_Compute: 28.350 V
[LIFT] V_Motors: 27.565 V
[LIFT] V_Compute: 28.337 V
[LIFT] V_Motors: 27.575 V
[LIFT] V_Compute: 28.334 V
[LIFT] V_Motors: 27.566 V
[LIFT] V_Compute: 28.334 V
[LIFT] V_Motors: 27.570 V
[LIFT] V_Compute: 28.353 V
[LIFT] V_Motors: 27.572 V
[LIFT] V_Compute: 28.340 V
[LIFT] V_Motors: 27.567 V
[LIFT] V_Compute: 28.345 V
[LIFT] V_Motors: 27.570 V
[LIFT] V_Compute: 28.324 V
[LIFT] V_Motors: 27.555 V
[LIFT] V_Compute: 28.345 V
[LIFT] V_Motors: 27.571 V
[LIFT] V_Compute: 28.364 V
[LIFT] V_Motors: 27.572 V
[LIFT] V_Compute: 28.365 V
[LIFT] V_Motors: 27.571 V
[LIFT] V_Compute: 28.344 V
[LIFT] V_Motors: 27.567 V
[LIFT] V_Compute: 28.356 V
[LIFT] V_Motors: 27.570 V
[LIFT] V_Compute: 28.355 V
[LIFT] V_Motors: 27.575 V
[LIFT] V_Compute: 28.347 V
[LIFT] V_Motors: 27.571 V
[LIFT] V_Compute: 28.351 V
[LIFT] V_Motors: 27.572 V
[LIFT] V_Compute: 28.362 V
[LIFT] V_Motors: 27.569 V
[LIFT] V_Compute: 28.346 V
[LIFT] V_Motors: 27.575 V
[LIFT] V_Compute: 28.346 V
[LIFT] V_Motors: 27.569 V
[LIFT] V_Compute: 28.337 V
[LIFT] V_Motors: 27.566 V
[LIFT] V_Compute: 28.335 V
[LIFT] V_Motors: 27.576 V
[LIFT] V_Compute: 28.341 V
[LIFT] V_Motors: 27.565 V
[LIFT] V_Compute: 28.353 V
[LIFT] V_Motors: 27.567 V
[LIFT] V_Compute: 28.335 V
[LIFT] V_Motors: 27.577 V
[LIFT] V_Compute: 28.339 V
[LIFT] V_Motors: 27.571 V
[LIFT] V_Compute: 28.346 V
[LIFT] V_Motors: 27.571 V
[LIFT] V_Compute: 28.326 V
[LIFT] V_Motors: 27.576 V
[LIFT] V_Compute: 28.364 V
[LIFT] V_Motors: 27.566 V
[LIFT] V_Compute: 28.344 V
[LIFT] V_Motors: 27.583 V
[LIFT] V_Compute: 28.347 V
[LIFT] V_Motors: 27.577 V
[LIFT] V_Compute: 28.330 V
[LIFT] V_Motors: 27.569 V
[LIFT] V_Compute: 28.351 V
[LIFT] V_Motors: 27.569 V
[LIFT] V_Compute: 28.350 V
[LIFT] V_Motors: 27.580 V
[LIFT] V_Compute: 28.341 V
[LIFT] V_Motors: 27.579 V
[LIFT] V_Compute: 28.351 V
[LIFT] V_Motors: 27.560 V
[LIFT] V_Compute: 28.344 V
[LIFT] V_Motors: 27.558 V
[LIFT] V_Compute: 28.350 V
[LIFT] V_Motors: 27.580 V
[LIFT] V_Compute: 28.349 V
[LIFT] V_Motors: 27.566 V
[LIFT] V_Compute: 28.331 V
[LIFT] V_Motors: 27.566 V
[LIFT] V_Compute: 28.353 V
[LIFT] V_Motors: 27.567 V
[LIFT] V_Compute: 28.357 V
[LIFT] V_Motors: 27.581 V
[LIFT] V_Compute: 28.353 V
[LIFT] V_Motors: 27.569 V
[LIFT] V_Compute: 28.369 V
[LIFT] V_Motors: 27.574 V
[LIFT] V_Compute: 28.366 V
[LIFT] V_Motors: 27.571 V
[LIFT] V_Compute: 28.337 V
[LIFT] V_Motors: 27.576 V
[LIFT] V_Compute: 28.362 V
[LIFT] V_Motors: 27.572 V
[LIFT] V_Compute: 28.341 V
[LIFT] V_Motors: 27.572 V
[LIFT] V_Compute: 28.355 V
[LIFT] V_Motors: 27.577 V
[LIFT] V_Compute: 28.345 V
[LIFT] V_Motors: 27.585 V
[LIFT] V_Compute: 28.335 V
[LIFT] V_Motors: 27.586 V
[LIFT] V_Compute: 28.361 V
[LIFT] V_Motors: 27.571 V
[LIFT] V_Compute: 28.357 V
[LIFT] V_Motors: 27.581 V
[LIFT] V_Compute: 28.347 V
[LIFT] V_Motors: 27.574 V
[LIFT] V_Compute: 28.340 V
[LIFT] V_Motors: 27.575 V
[LIFT] V_Compute: 28.340 V
[LIFT] V_Motors: 27.560 V
[LIFT] V_Compute: 28.355 V
[LIFT] V_Motors: 27.570 V
[LIFT] V_Compute: 28.335 V
[LIFT] V_Motors: 27.575 V
[LIFT] V_Compute: 28.343 V
[LIFT] V_Motors: 27.579 V
[LIFT] V_Compute: 28.345 V
[LIFT] V_Motors: 27.579 V
[LIFT] V_Compute: 28.360 V
[LIFT] V_Motors: 27.571 V
[LIFT] V_Compute: 28.357 V
[LIFT] V_Motors: 27.580 V
[LIFT] V_Compute: 28.344 V
[LIFT] V_Motors: 27.584 V
[LIFT] V_Compute: 28.346 V
[LIFT] V_Motors: 27.574 V
[LIFT] V_Compute: 28.368 V
[LIFT] V_Motors: 27.585 V
[LIFT] V_Compute: 28.357 V
[LIFT] V_Motors: 27.569 V
[LIFT] V_Compute: 28.327 V
[LIFT] V_Motors: 27.585 V
[LIFT] V_Compute: 28.349 V
[LIFT] V_Motors: 27.579 V
[LIFT] V_Compute: 28.339 V
[LIFT] V_Motors: 27.564 V
[LIFT] V_Compute: 28.356 V
[LIFT] V_Motors: 27.579 V
[LIFT] V_Compute: 28.356 V
[LIFT] V_Motors: 27.566 V
[LIFT] V_Compute: 28.336 V
[LIFT] V_Motors: 27.572 V
[LIFT] V_Compute: 28.335 V
[LIFT] V_Motors: 27.576 V
[LIFT] V_Compute: 28.337 V
[LIFT] V_Motors: 27.564 V
[LIFT] V_Compute: 28.346 V
[LIFT] V_Motors: 27.564 V
[LIFT] V_Compute: 28.372 V
[LIFT] V_Motors: 27.583 V
[LIFT] V_Compute: 28.343 V
[LIFT] V_Motors: 27.575 V
[LIFT] V_Compute: 28.343 V
[LIFT] V_Motors: 27.600 V
[LIFT] V_Compute: 28.351 V
[LIFT] V_Motors: 27.581 V
[LIFT] V_Compute: 28.339 V
[LIFT] V_Motors: 27.575 V
[LIFT] V_Compute: 28.355 V
[LIFT] V_Motors: 27.581 V
[LIFT] V_Compute: 28.324 V
[LIFT] V_Motors: 27.579 V
[LIFT] V_Compute: 28.359 V
[LIFT] V_Motors: 27.591 V
[LIFT] V_Compute: 28.339 V
[LIFT] V_Motors: 27.586 V
[LIFT] V_Compute: 28.335 V
[LIFT] V_Motors: 27.569 V
[LIFT] V_Compute: 28.374 V
[LIFT] V_Motors: 27.583 V
[LIFT] V_Compute: 28.351 V
[LIFT] V_Motors: 27.565 V
[LIFT] V_Compute: 28.344 V
[LIFT] V_Motors: 27.565 V
[LIFT] V_Compute: 28.357 V
[LIFT] V_Motors: 27.569 V
[LIFT] V_Compute: 28.331 V
[LIFT] V_Motors: 27.565 V
[LIFT] V_Compute: 28.350 V
[LIFT] V_Motors: 27.575 V
[LIFT] V_Compute: 28.375 V
[LIFT] V_Motors: 27.574 V
[LIFT] V_Compute: 28.364 V
[LIFT] V_Motors: 27.585 V
[LIFT] V_Compute: 28.354 V
[LIFT] V_Motors: 27.569 V
[LIFT] V_Compute: 28.351 V
[LIFT] V_Motors: 27.581 V
[LIFT] V_Compute: 28.334 V
[LIFT] V_Motors: 27.577 V
[LIFT] V_Compute: 28.360 V
[LIFT] V_Motors: 27.581 V
[LIFT] V_Compute: 28.349 V
[LIFT] V_Motors: 27.584 V
[LIFT] V_Compute: 28.341 V
[LIFT] V_Motors: 27.571 V
[LIFT] V_Compute: 28.350 V
[LIFT] V_Motors: 27.564 V
[LIFT] V_Compute: 28.345 V
[LIFT] V_Motors: 27.593 V
[LIFT] V_Compute: 28.360 V
[LIFT] V_Motors: 27.589 V
[LIFT] V_Compute: 28.335 V
[LIFT] V_Motors: 27.579 V
[LIFT] V_Compute: 28.350 V
[LIFT] V_Motors: 27.585 V
[LIFT] V_Compute: 28.385 V
[LIFT] V_Motors: 27.581 V
[LIFT] V_Compute: 28.360 V
[LIFT] V_Motors: 27.580 V
[LIFT] V_Compute: 28.346 V
[LIFT] V_Motors: 27.571 V
[LIFT] V_Compute: 28.345 V
[LIFT] V_Motors: 27.585 V
[LIFT] V_Compute: 28.364 V
[LIFT] V_Motors: 27.587 V
[LIFT] V_Compute: 28.350 V
[LIFT] V_Motors: 27.577 V
[LIFT] V_Compute: 28.345 V
[LIFT] V_Motors: 27.581 V
[LIFT] V_Compute: 28.354 V
[LIFT] V_Motors: 27.586 V
[LIFT] V_Compute: 28.357 V
[LIFT] V_Motors: 27.579 V
[LIFT] V_Compute: 28.333 V
[LIFT] V_Motors: 27.579 V
[LIFT] V_Compute: 28.343 V
[LIFT] V_Motors: 27.581 V
[LIFT] V_Compute: 28.355 V
[LIFT] V_Motors: 27.570 V
[LIFT] V_Compute: 28.343 V
[LIFT] V_Motors: 27.581 V
[LIFT] V_Compute: 28.334 V
[LIFT] V_Motors: 27.584 V
[LIFT] V_Compute: 28.350 V
[LIFT] V_Motors: 27.581 V
[LIFT] V_Compute: 28.389 V
[LIFT] V_Motors: 27.600 V
[LIFT] V_Compute: 28.371 V
[LIFT] V_Motors: 27.584 V
[LIFT] V_Compute: 28.335 V
[LIFT] V_Motors: 27.576 V
[LIFT] V_Compute: 28.380 V
[LIFT] V_Motors: 27.577 V
[LIFT] V_Compute: 28.349 V
[LIFT] V_Motors: 27.586 V
[LIFT] V_Compute: 28.343 V
[LIFT] V_Motors: 27.583 V
[LIFT] V_Compute: 28.364 V
[LIFT] V_Motors: 27.591 V
[LIFT] V_Compute: 28.324 V
[LIFT] V_Motors: 27.577 V
[LIFT] V_Compute: 28.360 V
[LIFT] V_Motors: 27.574 V
[LIFT] V_Compute: 28.339 V
[LIFT] V_Motors: 27.584 V
[LIFT] V_Compute: 28.336 V
[LIFT] V_Motors: 27.581 V
[LIFT] V_Compute: 28.369 V
[LIFT] V_Motors: 27.580 V
[LIFT] V_Compute: 28.361 V
[LIFT] V_Motors: 27.585 V
[LIFT] V_Compute: 28.353 V
[LIFT] V_Motors: 27.571 V
[LIFT] V_Compute: 28.347 V
[LIFT] V_Motors: 27.580 V
[LIFT] V_Compute: 28.362 V
[LIFT] V_Motors: 27.584 V
[LIFT] V_Compute: 28.356 V
[LIFT] V_Motors: 27.575 V
[LIFT] V_Compute: 28.364 V
[LIFT] V_Motors: 27.581 V
[LIFT] V_Compute: 28.355 V
[LIFT] V_Motors: 27.577 V
[LIFT] V_Compute: 28.350 V
[LIFT] V_Motors: 27.583 V
[LIFT] V_Compute: 28.368 V
[LIFT] V_Motors: 27.586 V
[LIFT] V_Compute: 28.378 V
[LIFT] V_Motors: 27.583 V
[LIFT] V_Compute: 28.365 V
[LIFT] V_Motors: 27.585 V
[LIFT] V_Compute: 28.343 V
[LIFT] V_Motors: 27.585 V
[LIFT] V_Compute: 28.355 V
[LIFT] V_Motors: 27.580 V
[LIFT] V_Compute: 28.359 V
[LIFT] V_Motors: 27.571 V
[LIFT] V_Compute: 28.340 V
[LIFT] V_Motors: 27.590 V
[LIFT] V_Compute: 28.359 V
[LIFT] V_Motors: 27.579 V
[LIFT] V_Compute: 28.362 V
[LIFT] V_Motors: 27.584 V
[LIFT] V_Compute: 28.314 V
[LIFT] V_Motors: 27.569 V
[LIFT] V_Compute: 28.371 V
[LIFT] V_Motors: 27.589 V
[LIFT] V_Compute: 28.354 V
[LIFT] V_Motors: 27.581 V
[LIFT] V_Compute: 28.330 V
[LIFT] V_Motors: 27.610 V
[LIFT] V_Compute: 28.344 V
[LIFT] V_Motors: 27.574 V
[LIFT] V_Compute: 28.361 V
[LIFT] V_Motors: 27.583 V
[LIFT] V_Compute: 28.336 V
[LIFT] V_Motors: 27.575 V
[LIFT] V_Compute: 28.362 V
[LIFT] V_Motors: 27.577 V
[LIFT] V_Compute: 28.351 V
[LIFT] V_Motors: 27.576 V
[LIFT] V_Compute: 28.368 V
[LIFT] V_Motors: 27.577 V
[LIFT] V_Compute: 28.340 V
[LIFT] V_Motors: 27.574 V
[LIFT] V_Compute: 28.329 V
[LIFT] V_Motors: 27.576 V
[LIFT] V_Compute: 28.361 V
[LIFT] V_Motors: 27.559 V
[LIFT] V_Compute: 28.346 V
[LIFT] V_Motors: 27.590 V
[LIFT] V_Compute: 28.362 V
[LIFT] V_Motors: 27.583 V
[LIFT] V_Compute: 28.353 V
[LIFT] V_Motors: 27.587 V
[LIFT] V_Compute: 28.379 V
[LIFT] V_Motors: 27.572 V
[LIFT] V_Compute: 28.366 V
[LIFT] V_Motors: 27.587 V
[LIFT] V_Compute: 28.346 V
[LIFT] V_Motors: 27.577 V
[LIFT] V_Compute: 28.361 V
[LIFT] V_Motors: 27.597 V
[LIFT] V_Compute: 28.374 V
[LIFT] V_Motors: 27.577 V
[LIFT] V_Compute: 28.345 V
[LIFT] V_Motors: 27.575 V
[LIFT] V_Compute: 28.378 V
[LIFT] V_Motors: 27.576 V
[LIFT] V_Compute: 28.381 V
[LIFT] V_Motors: 27.586 V
[LIFT] V_Compute: 28.347 V
[LIFT] V_Motors: 27.576 V
[LIFT] V_Compute: 28.359 V
[LIFT] V_Motors: 27.590 V
[LIFT] V_Compute: 28.371 V
[LIFT] V_Motors: 27.583 V
[LIFT] V_Compute: 28.372 V
[LIFT] V_Motors: 27.589 V
[LIFT] V_Compute: 28.372 V
[LIFT] V_Motors: 27.591 V
[LIFT] V_Compute: 28.317 V
[LIFT] V_Motors: 27.574 V
[LIFT] V_Compute: 28.366 V
[LIFT] V_Motors: 27.597 V
[LIFT] V_Compute: 28.349 V
[LIFT] V_Motors: 27.593 V
[LIFT] V_Compute: 28.350 V
[LIFT] V_Motors: 27.583 V
[LIFT] V_Compute: 28.354 V
[LIFT] V_Motors: 27.571 V
[LIFT] V_Compute: 28.334 V
[LIFT] V_Motors: 27.579 V
[LIFT] V_Compute: 28.344 V
[LIFT] V_Motors: 27.591 V
[LIFT] V_Compute: 28.361 V
[LIFT] V_Motors: 27.594 V
[LIFT] V_Compute: 28.344 V
[LIFT] V_Motors: 27.585 V
[LIFT] V_Compute: 28.364 V
[LIFT] V_Motors: 27.583 V
[LIFT] V_Compute: 28.355 V
[LIFT] V_Motors: 27.581 V
[LIFT] V_Compute: 28.356 V
[LIFT] V_Motors: 27.589 V
[LIFT] V_Compute: 28.375 V
[LIFT] V_Motors: 27.586 V
[LIFT] V_Compute: 28.325 V
[LIFT] V_Motors: 27.583 V
[LIFT] V_Compute: 28.366 V
[LIFT] V_Motors: 27.596 V
[LIFT] V_Compute: 28.369 V
[LIFT] V_Motors: 27.584 V
[LIFT] V_Compute: 28.336 V
[LIFT] V_Motors: 27.584 V
[LIFT] V_Compute: 28.350 V
[LIFT] V_Motors: 27.580 V
[LIFT] V_Compute: 28.346 V
[LIFT] V_Motors: 27.579 V
[LIFT] V_Compute: 28.347 V
[LIFT] V_Motors: 27.586 V
[LIFT] V_Compute: 28.351 V
[LIFT] V_Motors: 27.580 V
[LIFT] V_Compute: 28.370 V
[LIFT] V_Motors: 27.603 V
[LIFT] V_Compute: 28.349 V
[LIFT] V_Motors: 27.581 V
[LIFT] V_Compute: 28.370 V
[LIFT] V_Motors: 27.583 V
[LIFT] V_Compute: 28.353 V
[LIFT] V_Motors: 27.595 V
[LIFT] V_Compute: 28.362 V
[LIFT] V_Motors: 27.593 V
[LIFT] V_Compute: 28.357 V
[LIFT] V_Motors: 27.589 V
[LIFT] V_Compute: 28.359 V
[LIFT] V_Motors: 27.597 V
[LIFT] V_Compute: 28.368 V
[LIFT] V_Motors: 27.585 V
[LIFT] V_Compute: 28.376 V
[LIFT] V_Motors: 27.593 V
[LIFT] V_Compute: 28.351 V
[LIFT] V_Motors: 27.587 V
[LIFT] V_Compute: 28.366 V
[LIFT] V_Motors: 27.597 V
[LIFT] V_Compute: 28.382 V
[LIFT] V_Motors: 27.590 V
[LIFT] V_Compute: 28.346 V
[LIFT] V_Motors: 27.589 V
[LIFT] V_Compute: 28.335 V
[LIFT] V_Motors: 27.591 V
[LIFT] V_Compute: 28.368 V
[LIFT] V_Motors: 27.579 V
[LIFT] V_Compute: 28.384 V
[LIFT] V_Motors: 27.595 V
[LIFT] V_Compute: 28.362 V
[LIFT] V_Motors: 27.589 V
[LIFT] V_Compute: 28.341 V
[LIFT] V_Motors: 27.609 V
[LIFT] V_Compute: 28.356 V
[LIFT] V_Motors: 27.594 V
[LIFT] V_Compute: 28.365 V
[LIFT] V_Motors: 27.591 V
[LIFT] V_Compute: 28.382 V
[LIFT] V_Motors: 27.600 V
[LIFT] V_Compute: 28.378 V
[LIFT] V_Motors: 27.587 V
[LIFT] V_Compute: 28.362 V
[LIFT] V_Motors: 27.583 V
[LIFT] V_Compute: 28.337 V
[LIFT] V_Motors: 27.601 V
[LIFT] V_Compute: 28.381 V
[LIFT] V_Motors: 27.586 V
[LIFT] V_Compute: 28.362 V
[LIFT] V_Motors: 27.600 V
[LIFT] V_Compute: 28.372 V
[LIFT] V_Motors: 27.585 V
[LIFT] V_Compute: 28.350 V
[LIFT] V_Motors: 27.597 V
[LIFT] V_Compute: 28.366 V
[LIFT] V_Motors: 27.596 V
[LIFT] V_Compute: 28.343 V
[LIFT] V_Motors: 27.597 V
[LIFT] V_Compute: 28.368 V
[LIFT] V_Motors: 27.603 V
[LIFT] V_Compute: 28.372 V
[LIFT] V_Motors: 27.593 V
[LIFT] V_Compute: 28.335 V
[LIFT] V_Motors: 27.587 V
[LIFT] V_Compute: 28.366 V
[LIFT] V_Motors: 27.599 V
[LIFT] V_Compute: 28.368 V
[LIFT] V_Motors: 27.587 V
[LIFT] V_Compute: 28.361 V
[LIFT] V_Motors: 27.612 V
[LIFT] V_Compute: 28.370 V
[LIFT] V_Motors: 27.589 V
[LIFT] V_Compute: 28.376 V
[LIFT] V_Motors: 27.597 V
[LIFT] V_Compute: 28.371 V
[LIFT] V_Motors: 27.597 V
[LIFT] V_Compute: 28.364 V
[LIFT] V_Motors: 27.595 V
[LIFT] V_Compute: 28.375 V
[LIFT] V_Motors: 27.604 V
[LIFT] V_Compute: 28.347 V
[LIFT] V_Motors: 27.590 V
[LIFT] V_Compute: 28.366 V
[LIFT] V_Motors: 27.596 V
[LIFT] V_Compute: 28.343 V
[LIFT] V_Motors: 27.591 V
[LIFT] V_Compute: 28.368 V
[LIFT] V_Motors: 27.594 V
[LIFT] V_Compute: 28.361 V
[LIFT] V_Motors: 27.587 V
[LIFT] V_Compute: 28.374 V
[LIFT] V_Motors: 27.600 V
[LIFT] V_Compute: 28.337 V
[LIFT] V_Motors: 27.572 V
[LIFT] V_Compute: 28.353 V
[LIFT] V_Motors: 27.604 V
[LIFT] V_Compute: 28.343 V
[LIFT] V_Motors: 27.590 V
[LIFT] V_Compute: 28.368 V
[LIFT] V_Motors: 27.595 V
[LIFT] V_Compute: 28.347 V
[LIFT] V_Motors: 27.601 V
[LIFT] V_Compute: 28.375 V
[LIFT] V_Motors: 27.597 V
[LIFT] V_Compute: 28.374 V
[LIFT] V_Motors: 27.600 V
[LIFT] V_Compute: 28.361 V
[LIFT] V_Motors: 27.590 V
[LIFT] V_Compute: 28.382 V
[LIFT] V_Motors: 27.581 V
[LIFT] V_Compute: 28.349 V
[LIFT] V_Motors: 27.600 V
[LIFT] V_Compute: 28.349 V
[LIFT] V_Motors: 27.574 V
[LIFT] V_Compute: 28.357 V
[LIFT] V_Motors: 27.585 V
[LIFT] V_Compute: 28.364 V
[LIFT] V_Motors: 27.589 V
[LIFT] V_Compute: 28.381 V
[LIFT] V_Motors: 27.589 V
[LIFT] V_Compute: 28.357 V
[LIFT] V_Motors: 27.589 V
[LIFT] V_Compute: 28.372 V
[LIFT] V_Motors: 27.597 V
[LIFT] V_Compute: 28.361 V
[LIFT] V_Motors: 27.611 V
[LIFT] V_Compute: 28.371 V
[LIFT] V_Motors: 27.604 V
[LIFT] V_Compute: 28.360 V
[LIFT] V_Motors: 27.587 V
[LIFT] V_Compute: 28.359 V
[LIFT] V_Motors: 27.599 V
[LIFT] V_Compute: 28.372 V
[LIFT] V_Motors: 27.607 V
[LIFT] V_Compute: 28.353 V
[LIFT] V_Motors: 27.590 V
[LIFT] V_Compute: 28.361 V
[LIFT] V_Motors: 27.587 V
[LIFT] V_Compute: 28.372 V
[LIFT] V_Motors: 27.596 V
[LIFT] V_Compute: 28.366 V
[LIFT] V_Motors: 27.597 V
[LIFT] V_Compute: 28.350 V
[LIFT] V_Motors: 27.605 V
[LIFT] V_Compute: 28.360 V
[LIFT] V_Motors: 27.580 V
[LIFT] V_Compute: 28.359 V
[LIFT] V_Motors: 27.605 V
[LIFT] V_Compute: 28.349 V
[LIFT] V_Motors: 27.585 V
[LIFT] V_Compute: 28.361 V
[LIFT] V_Motors: 27.596 V
[LIFT] V_Compute: 28.368 V
[LIFT] V_Motors: 27.586 V
[LIFT] V_Compute: 28.350 V
[LIFT] V_Motors: 27.593 V
[LIFT] V_Compute: 28.353 V
[LIFT] V_Motors: 27.591 V
[LIFT] V_Compute: 28.370 V
[LIFT] V_Motors: 27.577 V
[LIFT] V_Compute: 28.379 V
[LIFT] V_Motors: 27.589 V
[LIFT] V_Compute: 28.386 V
[LIFT] V_Motors: 27.593 V
[LIFT] V_Compute: 28.361 V
[LIFT] V_Motors: 27.601 V
[LIFT] V_Compute: 28.349 V
[LIFT] V_Motors: 27.593 V
[LIFT] V_Compute: 28.369 V
[LIFT] V_Motors: 27.606 V
[LIFT] V_Compute: 28.372 V
[LIFT] V_Motors: 27.604 V
[LIFT] V_Compute: 28.362 V
[LIFT] V_Motors: 27.587 V
[LIFT] V_Compute: 28.365 V
[LIFT] V_Motors: 27.596 V
[LIFT] V_Compute: 28.374 V
[LIFT] V_Motors: 27.603 V
[LIFT] V_Compute: 28.384 V
[LIFT] V_Motors: 27.597 V
[LIFT] V_Compute: 28.372 V
[LIFT] V_Motors: 27.606 V
[LIFT] V_Compute: 28.355 V
[LIFT] V_Motors: 27.579 V
[LIFT] V_Compute: 28.362 V
[LIFT] V_Motors: 27.595 V
[LIFT] V_Compute: 28.366 V
[LIFT] V_Motors: 27.595 V
[LIFT] V_Compute: 28.374 V
[LIFT] V_Motors: 27.596 V
[LIFT] V_Compute: 28.364 V
[LIFT] V_Motors: 27.579 V
[LIFT] V_Compute: 28.354 V
[LIFT] V_Motors: 27.604 V
[LIFT] V_Compute: 28.369 V
[LIFT] V_Motors: 27.590 V
[LIFT] V_Compute: 28.368 V
[LIFT] V_Motors: 27.603 V
[LIFT] V_Compute: 28.370 V
[LIFT] V_Motors: 27.590 V
[LIFT] V_Compute: 28.384 V
[LIFT] V_Motors: 27.594 V
[LIFT] V_Compute: 28.354 V
[LIFT] V_Motors: 27.599 V
[LIFT] V_Compute: 28.374 V
[LIFT] V_Motors: 27.606 V
[LIFT] V_Compute: 28.368 V
[LIFT] V_Motors: 27.605 V
[LIFT] V_Compute: 28.362 V
[LIFT] V_Motors: 27.594 V
[LIFT] V_Compute: 28.390 V
[LIFT] V_Motors: 27.603 V
[LIFT] V_Compute: 28.372 V
[LIFT] V_Motors: 27.599 V
[LIFT] V_Compute: 28.370 V
[LIFT] V_Motors: 27.600 V
[LIFT] V_Compute: 28.366 V
[LIFT] V_Motors: 27.606 V
[LIFT] V_Compute: 28.380 V
[LIFT] V_Motors: 27.604 V
[LIFT] V_Compute: 28.382 V
[LIFT] V_Motors: 27.600 V
[LIFT] V_Compute: 28.376 V
[LIFT] V_Motors: 27.579 V
[LIFT] V_Compute: 28.355 V
[LIFT] V_Motors: 27.606 V
[LIFT] V_Compute: 28.372 V
[LIFT] V_Motors: 27.607 V
[LIFT] V_Compute: 28.394 V
[LIFT] V_Motors: 27.600 V
[LIFT] V_Compute: 28.350 V
[LIFT] V_Motors: 27.604 V
[LIFT] V_Compute: 28.366 V
[LIFT] V_Motors: 27.590 V
[LIFT] V_Compute: 28.368 V
[LIFT] V_Motors: 27.587 V
[LIFT] V_Compute: 28.376 V
[LIFT] V_Motors: 27.596 V
[LIFT] V_Compute: 28.359 V
[LIFT] V_Motors: 27.603 V
[LIFT] V_Compute: 28.364 V
[LIFT] V_Motors: 27.603 V
[LIFT] V_Compute: 28.364 V
[LIFT] V_Motors: 27.601 V
[LIFT] V_Compute: 28.374 V
[LIFT] V_Motors: 27.587 V
[LIFT] V_Compute: 28.355 V
[LIFT] V_Motors: 27.603 V
[LIFT] V_Compute: 28.364 V
[LIFT] V_Motors: 27.601 V
[LIFT] V_Compute: 28.379 V
[LIFT] V_Motors: 27.599 V
[LIFT] V_Compute: 28.350 V
[LIFT] V_Motors: 27.612 V
[LIFT] V_Compute: 28.376 V
[LIFT] V_Motors: 27.596 V
[LIFT] V_Compute: 28.379 V
[LIFT] V_Motors: 27.601 V
[LIFT] V_Compute: 28.382 V
[LIFT] V_Motors: 27.597 V
[LIFT] V_Compute: 28.365 V
[LIFT] V_Motors: 27.605 V
[LIFT] V_Compute: 28.369 V
[LIFT] V_Motors: 27.596 V
[LIFT] V_Compute: 28.356 V
[LIFT] V_Motors: 27.611 V
[LIFT] V_Compute: 28.390 V
[LIFT] V_Motors: 27.594 V
[LIFT] V_Compute: 28.376 V
[LIFT] V_Motors: 27.612 V
[LIFT] V_Compute: 28.384 V
[LIFT] V_Motors: 27.604 V
[LIFT] V_Compute: 28.356 V
[LIFT] V_Motors: 27.587 V
[LIFT] V_Compute: 28.365 V
[LIFT] V_Motors: 27.599 V
[LIFT] V_Compute: 28.382 V
[LIFT] V_Motors: 27.579 V
[LIFT] V_Compute: 28.379 V
[LIFT] V_Motors: 27.610 V
[LIFT] V_Compute: 28.369 V
[LIFT] V_Motors: 27.604 V
[LIFT] V_Compute: 28.382 V
[LIFT] V_Motors: 27.606 V
[LIFT] V_Compute: 28.366 V
[LIFT] V_Motors: 27.604 V
[LIFT] V_Compute: 28.361 V
[LIFT] V_Motors: 27.607 V
[LIFT] V_Compute: 28.400 V
[LIFT] V_Motors: 27.612 V
[LIFT] V_Compute: 28.399 V
[LIFT] V_Motors: 27.599 V
[LIFT] V_Compute: 28.357 V
[LIFT] V_Motors: 27.597 V
[LIFT] V_Compute: 28.382 V
[LIFT] V_Motors: 27.597 V
[LIFT] V_Compute: 28.385 V
[LIFT] V_Motors: 27.603 V
[LIFT] V_Compute: 28.396 V
[LIFT] V_Motors: 27.604 V
[LIFT] V_Compute: 28.376 V
[LIFT] V_Motors: 27.604 V
[LIFT] V_Compute: 28.395 V
[LIFT] V_Motors: 27.606 V
[LIFT] V_Compute: 28.368 V
[LIFT] V_Motors: 27.600 V
[LIFT] V_Compute: 28.396 V
[LIFT] V_Motors: 27.599 V
[LIFT] V_Compute: 28.389 V
[LIFT] V_Motors: 27.600 V
[LIFT] V_Compute: 28.391 V
[LIFT] V_Motors: 27.603 V
[LIFT] V_Compute: 28.379 V
[LIFT] V_Motors: 27.607 V
[LIFT] V_Compute: 28.357 V
[LIFT] V_Motors: 27.610 V
[LIFT] V_Compute: 28.364 V
[LIFT] V_Motors: 27.606 V
[LIFT] V_Compute: 28.382 V
[LIFT] V_Motors: 27.606 V
[LIFT] V_Compute: 28.384 V
[LIFT] V_Motors: 27.605 V
[LIFT] V_Compute: 28.381 V
[LIFT] V_Motors: 27.601 V
[LIFT] V_Compute: 28.374 V
[LIFT] V_Motors: 27.611 V
[LIFT] V_Compute: 28.379 V
[LIFT] V_Motors: 27.603 V
[LIFT] V_Compute: 28.376 V
[LIFT] V_Motors: 27.597 V
[LIFT] V_Compute: 28.371 V
[LIFT] V_Motors: 27.629 V
[LIFT] V_Compute: 28.357 V
[LIFT] V_Motors: 27.597 V
[LIFT] V_Compute: 28.353 V
[LIFT] V_Motors: 27.611 V
[LIFT] V_Compute: 28.368 V
[LIFT] V_Motors: 27.599 V
[LIFT] V_Compute: 28.388 V
[LIFT] V_Motors: 27.604 V
[LIFT] V_Compute: 28.379 V
[LIFT] V_Motors: 27.612 V
[LIFT] V_Compute: 28.389 V
[LIFT] V_Motors: 27.604 V
[LIFT] V_Compute: 28.380 V
[LIFT] V_Motors: 27.607 V
[LIFT] V_Compute: 28.357 V
[LIFT] V_Motors: 27.618 V
[LIFT] V_Compute: 28.378 V
[LIFT] V_Motors: 27.614 V
[LIFT] V_Compute: 28.372 V
[LIFT] V_Motors: 27.609 V
[LIFT] V_Compute: 28.375 V
[LIFT] V_Motors: 27.615 V
[LIFT] V_Compute: 28.409 V
[LIFT] V_Motors: 27.614 V
[LIFT] V_Compute: 28.378 V
[LIFT] V_Motors: 27.603 V
[LIFT] V_Compute: 28.364 V
[LIFT] V_Motors: 27.599 V
[LIFT] V_Compute: 28.382 V
[LIFT] V_Motors: 27.604 V
[LIFT] V_Compute: 28.334 V
[LIFT] V_Motors: 27.590 V
[LIFT] V_Compute: 28.381 V
[LIFT] V_Motors: 27.610 V
[LIFT] V_Compute: 28.394 V
[LIFT] V_Motors: 27.591 V
[LIFT] V_Compute: 28.392 V
[LIFT] V_Motors: 27.604 V
[LIFT] V_Compute: 28.379 V
[LIFT] V_Motors: 27.610 V
[LIFT] V_Compute: 28.369 V
[LIFT] V_Motors: 27.615 V
[LIFT] V_Compute: 28.374 V
[LIFT] V_Motors: 27.604 V
[LIFT] V_Compute: 28.370 V
[LIFT] V_Motors: 27.609 V
[LIFT] V_Compute: 28.364 V
[LIFT] V_Motors: 27.600 V
[LIFT] V_Compute: 28.380 V
[LIFT] V_Motors: 27.596 V
[LIFT] V_Compute: 28.389 V
[LIFT] V_Motors: 27.611 V
[LIFT] V_Compute: 28.362 V
[LIFT] V_Motors: 27.607 V
[LIFT] V_Compute: 28.375 V
[LIFT] V_Motors: 27.604 V
[LIFT] V_Compute: 28.359 V
[LIFT] V_Motors: 27.622 V
[LIFT] V_Compute: 28.372 V
[LIFT] V_Motors: 27.615 V
[LIFT] V_Compute: 28.380 V
[LIFT] V_Motors: 27.618 V
[LIFT] V_Compute: 28.365 V
[LIFT] V_Motors: 27.585 V
[LIFT] V_Compute: 28.356 V
[LIFT] V_Motors: 27.595 V
[LIFT] V_Compute: 28.376 V
[LIFT] V_Motors: 27.611 V
[LIFT] V_Compute: 28.360 V
[LIFT] V_Motors: 27.605 V
[LIFT] V_Compute: 28.381 V
[LIFT] V_Motors: 27.604 V
[LIFT] V_Compute: 28.391 V
[LIFT] V_Motors: 27.611 V
[LIFT] V_Compute: 28.391 V
[LIFT] V_Motors: 27.601 V
[LIFT] V_Compute: 28.379 V
[LIFT] V_Motors: 27.601 V
[LIFT] V_Compute: 28.390 V
[LIFT] V_Motors: 27.604 V
[LIFT] V_Compute: 28.372 V
[LIFT] V_Motors: 27.609 V
[LIFT] V_Compute: 28.389 V
[LIFT] V_Motors: 27.612 V
[LIFT] V_Compute: 28.372 V
[LIFT] V_Motors: 27.620 V
[LIFT] V_Compute: 28.380 V
[LIFT] V_Motors: 27.606 V
[LIFT] V_Compute: 28.384 V
[LIFT] V_Motors: 27.611 V
[LIFT] V_Compute: 28.376 V
[LIFT] V_Motors: 27.607 V
[LIFT] V_Compute: 28.382 V
[LIFT] V_Motors: 27.616 V
[LIFT] V_Compute: 28.386 V
[LIFT] V_Motors: 27.611 V
[LIFT] V_Compute: 28.381 V
[LIFT] V_Motors: 27.611 V
[LIFT] V_Compute: 28.368 V
[LIFT] V_Motors: 27.604 V
[LIFT] V_Compute: 28.370 V
[LIFT] V_Motors: 27.604 V
[LIFT] V_Compute: 28.382 V
[LIFT] V_Motors: 27.609 V
[LIFT] V_Compute: 28.380 V
[LIFT] V_Motors: 27.619 V
[LIFT] V_Compute: 28.374 V
[LIFT] V_Motors: 27.600 V
[LIFT] V_Compute: 28.369 V
[LIFT] V_Motors: 27.607 V
[LIFT] V_Compute: 28.378 V
[LIFT] V_Motors: 27.605 V
[LIFT] V_Compute: 28.384 V
[LIFT] V_Motors: 27.605 V
[LIFT] V_Compute: 28.401 V
[LIFT] V_Motors: 27.610 V
[LIFT] V_Compute: 28.372 V
[LIFT] V_Motors: 27.601 V
[LIFT] V_Compute: 28.371 V
[LIFT] V_Motors: 27.612 V
[LIFT] V_Compute: 28.389 V
[LIFT] V_Motors: 27.611 V
[LIFT] V_Compute: 28.368 V
[LIFT] V_Motors: 27.615 V
[LIFT] V_Compute: 28.386 V
[LIFT] V_Motors: 27.606 V
[LIFT] V_Compute: 28.371 V
[LIFT] V_Motors: 27.609 V
[LIFT] V_Compute: 28.392 V
[LIFT] V_Motors: 27.595 V
[LIFT] V_Compute: 28.385 V
[LIFT] V_Motors: 27.601 V
[LIFT] V_Compute: 28.375 V
[LIFT] V_Motors: 27.597 V
[LIFT] V_Compute: 28.396 V
[LIFT] V_Motors: 27.607 V
[LIFT] V_Compute: 28.378 V
[LIFT] V_Motors: 27.607 V
[LIFT] V_Compute: 28.378 V
[LIFT] V_Motors: 27.606 V
[LIFT] V_Compute: 28.395 V
[LIFT] V_Motors: 27.616 V
[LIFT] V_Compute: 28.384 V
[LIFT] V_Motors: 27.603 V
[LIFT] V_Compute: 28.395 V
[LIFT] V_Motors: 27.610 V
[LIFT] V_Compute: 28.386 V
[LIFT] V_Motors: 27.615 V
[LIFT] V_Compute: 28.388 V
[LIFT] V_Motors: 27.616 V
[LIFT] V_Compute: 28.404 V
[LIFT] V_Motors: 27.612 V
[LIFT] V_Compute: 28.362 V
[LIFT] V_Motors: 27.616 V
[LIFT] V_Compute: 28.395 V
[LIFT] V_Motors: 27.601 V
[LIFT] V_Compute: 28.401 V
[LIFT] V_Motors: 27.606 V
[LIFT] V_Compute: 28.395 V
[LIFT] V_Motors: 27.607 V
[LIFT] V_Compute: 28.396 V
[LIFT] V_Motors: 27.606 V
[LIFT] V_Compute: 28.395 V
[LIFT] V_Motors: 27.610 V
[LIFT] V_Compute: 28.370 V
[LIFT] V_Motors: 27.603 V
[LIFT] V_Compute: 28.388 V
[LIFT] V_Motors: 27.606 V
[LIFT] V_Compute: 28.372 V
[LIFT] V_Motors: 27.615 V
[LIFT] V_Compute: 28.362 V
[LIFT] V_Motors: 27.596 V
[LIFT] V_Compute: 28.376 V
[LIFT] V_Motors: 27.615 V
[LIFT] V_Compute: 28.379 V
[LIFT] V_Motors: 27.593 V
[LIFT] V_Compute: 28.370 V
[LIFT] V_Motors: 27.604 V
[LIFT] V_Compute: 28.399 V
[LIFT] V_Motors: 27.606 V
[LIFT] V_Compute: 28.381 V
[LIFT] V_Motors: 27.600 V
[LIFT] V_Compute: 28.400 V
[LIFT] V_Motors: 27.605 V
[LIFT] V_Compute: 28.381 V
[LIFT] V_Motors: 27.609 V
[LIFT] V_Compute: 28.375 V
[LIFT] V_Motors: 27.589 V
[LIFT] V_Compute: 28.374 V
[LIFT] V_Motors: 27.606 V
[LIFT] V_Compute: 28.386 V
[LIFT] V_Motors: 27.607 V
[LIFT] V_Compute: 28.384 V
[LIFT] V_Motors: 27.606 V
[LIFT] V_Compute: 28.390 V
[LIFT] V_Motors: 27.630 V
[LIFT] V_Compute: 28.368 V
[LIFT] V_Motors: 27.600 V
[LIFT] V_Compute: 28.381 V
[LIFT] V_Motors: 27.604 V
[LIFT] V_Compute: 28.382 V
[LIFT] V_Motors: 27.611 V
[LIFT] V_Compute: 28.390 V
[LIFT] V_Motors: 27.604 V
[LIFT] V_Compute: 28.375 V
[LIFT] V_Motors: 27.606 V
[LIFT] V_Compute: 28.370 V
[LIFT] V_Motors: 27.615 V
[LIFT] V_Compute: 28.390 V
[LIFT] V_Motors: 27.604 V
[LIFT] V_Compute: 28.374 V
[LIFT] V_Motors: 27.604 V
[LIFT] V_Compute: 28.392 V
[LIFT] V_Motors: 27.616 V
[LIFT] V_Compute: 28.402 V
[LIFT] V_Motors: 27.619 V
[LIFT] V_Compute: 28.381 V
[LIFT] V_Motors: 27.612 V
[LIFT] V_Compute: 28.384 V
[LIFT] V_Motors: 27.610 V
[LIFT] V_Compute: 28.391 V
[LIFT] V_Motors: 27.609 V
[LIFT] V_Compute: 28.394 V
[LIFT] V_Motors: 27.607 V
[LIFT] V_Compute: 28.388 V
[LIFT] V_Motors: 27.615 V
[LIFT] V_Compute: 28.386 V
[LIFT] V_Motors: 27.612 V
[LIFT] V_Compute: 28.394 V
[LIFT] V_Motors: 27.618 V
[LIFT] V_Compute: 28.376 V
[LIFT] V_Motors: 27.618 V
[LIFT] V_Compute: 28.374 V
[LIFT] V_Motors: 27.616 V
[LIFT] V_Compute: 28.381 V
[LIFT] V_Motors: 27.612 V
[LIFT] V_Compute: 28.400 V
[LIFT] V_Motors: 27.614 V
[LIFT] V_Compute: 28.370 V
[LIFT] V_Motors: 27.619 V
[LIFT] V_Compute: 28.360 V
[LIFT] V_Motors: 27.616 V
[LIFT] V_Compute: 28.351 V
[LIFT] V_Motors: 27.605 V
[LIFT] V_Compute: 28.388 V
[LIFT] V_Motors: 27.612 V
[LIFT] V_Compute: 28.399 V
[LIFT] V_Motors: 27.615 V
[LIFT] V_Compute: 28.379 V
[LIFT] V_Motors: 27.615 V
[LIFT] V_Compute: 28.388 V
[LIFT] V_Motors: 27.599 V
[LIFT] V_Compute: 28.396 V
[LIFT] V_Motors: 27.624 V
[LIFT] V_Compute: 28.391 V
[LIFT] V_Motors: 27.615 V
[LIFT] V_Compute: 28.386 V
[LIFT] V_Motors: 27.616 V
[LIFT] V_Compute: 28.390 V
[LIFT] V_Motors: 27.612 V
[LIFT] V_Compute: 28.379 V
[LIFT] V_Motors: 27.614 V
[LIFT] V_Compute: 28.376 V
[LIFT] V_Motors: 27.624 V
[LIFT] V_Compute: 28.404 V
[LIFT] V_Motors: 27.614 V
[LIFT] V_Compute: 28.386 V
[LIFT] V_Motors: 27.622 V
[LIFT] V_Compute: 28.381 V
[LIFT] V_Motors: 27.615 V
[LIFT] V_Compute: 28.413 V
[LIFT] V_Motors: 27.611 V
[LIFT] V_Compute: 28.400 V
[LIFT] V_Motors: 27.605 V
[LIFT] V_Compute: 28.401 V
[LIFT] V_Motors: 27.616 V
[LIFT] V_Compute: 28.380 V
[LIFT] V_Motors: 27.599 V
[LIFT] V_Compute: 28.370 V
[LIFT] V_Motors: 27.619 V
[LIFT] V_Compute: 28.389 V
[LIFT] V_Motors: 27.619 V
[LIFT] V_Compute: 28.388 V
[LIFT] V_Motors: 27.615 V
[LIFT] V_Compute: 28.401 V
[LIFT] V_Motors: 27.618 V
[LIFT] V_Compute: 28.378 V
[LIFT] V_Motors: 27.620 V
[LIFT] V_Compute: 28.382 V
[LIFT] V_Motors: 27.618 V
[LIFT] V_Compute: 28.365 V
[LIFT] V_Motors: 27.609 V
[LIFT] V_Compute: 28.372 V
[LIFT] V_Motors: 27.636 V
[LIFT] V_Compute: 28.369 V
[LIFT] V_Motors: 27.626 V
[LIFT] V_Compute: 28.395 V
[LIFT] V_Motors: 27.611 V
[LIFT] V_Compute: 28.376 V
[LIFT] V_Motors: 27.625 V
[LIFT] V_Compute: 28.399 V
[LIFT] V_Motors: 27.605 V
[LIFT] V_Compute: 28.380 V
[LIFT] V_Motors: 27.604 V
[LIFT] V_Compute: 28.372 V
[LIFT] V_Motors: 27.624 V
[LIFT] V_Compute: 28.394 V
[LIFT] V_Motors: 27.631 V
[LIFT] V_Compute: 28.389 V
[LIFT] V_Motors: 27.640 V
[LIFT] V_Compute: 28.374 V
[LIFT] V_Motors: 27.620 V
[LIFT] V_Compute: 28.369 V
[LIFT] V_Motors: 27.600 V
[LIFT] V_Compute: 28.400 V
[LIFT] V_Motors: 27.615 V
[LIFT] V_Compute: 28.386 V
[LIFT] V_Motors: 27.620 V
[LIFT] V_Compute: 28.356 V
[LIFT] V_Motors: 27.618 V
[LIFT] V_Compute: 28.376 V
[LIFT] V_Motors: 27.626 V
[LIFT] V_Compute: 28.381 V
[LIFT] V_Motors: 27.611 V
[LIFT] V_Compute: 28.392 V
[LIFT] V_Motors: 27.615 V
[LIFT] V_Compute: 28.396 V
[LIFT] V_Motors: 27.603 V
[LIFT] V_Compute: 28.404 V
[LIFT] V_Motors: 27.618 V
[LIFT] V_Compute: 28.389 V
[LIFT] V_Motors: 27.610 V
[LIFT] V_Compute: 28.371 V
[LIFT] V_Motors: 27.614 V
[LIFT] V_Compute: 28.386 V
[LIFT] V_Motors: 27.622 V
[LIFT] V_Compute: 28.374 V
[LIFT] V_Motors: 27.612 V
[LIFT] V_Compute: 28.395 V
[LIFT] V_Motors: 27.609 V
[LIFT] V_Compute: 28.379 V
[LIFT] V_Motors: 27.614 V
[LIFT] V_Compute: 28.385 V
[LIFT] V_Motors: 27.632 V
[LIFT] V_Compute: 28.379 V
[LIFT] V_Motors: 27.615 V
[LIFT] V_Compute: 28.368 V
[LIFT] V_Motors: 27.630 V
[LIFT] V_Compute: 28.394 V
[LIFT] V_Motors: 27.616 V
[LIFT] V_Compute: 28.375 V
[LIFT] V_Motors: 27.607 V
[LIFT] V_Compute: 28.406 V
[LIFT] V_Motors: 27.618 V
[LIFT] V_Compute: 28.371 V
[LIFT] V_Motors: 27.615 V
[LIFT] V_Compute: 28.390 V
[LIFT] V_Motors: 27.616 V
[LIFT] V_Compute: 28.384 V
[LIFT] V_Motors: 27.620 V
[LIFT] V_Compute: 28.391 V
[LIFT] V_Motors: 27.616 V
[LIFT] V_Compute: 28.381 V
[LIFT] V_Motors: 27.624 V
[LIFT] V_Compute: 28.394 V
[LIFT] V_Motors: 27.622 V
[LIFT] V_Compute: 28.378 V
[LIFT] V_Motors: 27.607 V
[LIFT] V_Compute: 28.378 V
[LIFT] V_Motors: 27.606 V
[LIFT] V_Compute: 28.400 V
[LIFT] V_Motors: 27.618 V
[LIFT] V_Compute: 28.390 V
[LIFT] V_Motors: 27.621 V
[LIFT] V_Compute: 28.409 V
[LIFT] V_Motors: 27.618 V
[LIFT] V_Compute: 28.395 V
[LIFT] V_Motors: 27.621 V
[LIFT] V_Compute: 28.389 V
[LIFT] V_Motors: 27.609 V
[LIFT] V_Compute: 28.405 V
[LIFT] V_Motors: 27.626 V
[LIFT] V_Compute: 28.371 V
[LIFT] V_Motors: 27.622 V
[LIFT] V_Compute: 28.394 V
[LIFT] V_Motors: 27.628 V
[LIFT] V_Compute: 28.392 V
[LIFT] V_Motors: 27.620 V
[LIFT] V_Compute: 28.389 V
[LIFT] V_Motors: 27.615 V
[LIFT] V_Compute: 28.396 V
[LIFT] V_Motors: 27.611 V
[LIFT] V_Compute: 28.386 V
[LIFT] V_Motors: 27.622 V
[LIFT] V_Compute: 28.407 V
[LIFT] V_Motors: 27.631 V
[LIFT] V_Compute: 28.397 V
[LIFT] V_Motors: 27.620 V
[LIFT] V_Compute: 28.390 V
[LIFT] V_Motors: 27.610 V
[LIFT] V_Compute: 28.380 V
[LIFT] V_Motors: 27.616 V
[LIFT] V_Compute: 28.386 V
[LIFT] V_Motors: 27.626 V
[LIFT] V_Compute: 28.386 V
[LIFT] V_Motors: 27.626 V
[LIFT] V_Compute: 28.399 V
[LIFT] V_Motors: 27.619 V
[LIFT] V_Compute: 28.386 V
[LIFT] V_Motors: 27.612 V
[LIFT] V_Compute: 28.380 V
[LIFT] V_Motors: 27.624 V
[LIFT] V_Compute: 28.384 V
[LIFT] V_Motors: 27.609 V
[LIFT] V_Compute: 28.405 V
[LIFT] V_Motors: 27.621 V
[LIFT] V_Compute: 28.416 V
[LIFT] V_Motors: 27.618 V
[LIFT] V_Compute: 28.417 V
[LIFT] V_Motors: 27.625 V
[LIFT] V_Compute: 28.392 V
[LIFT] V_Motors: 27.610 V
[LIFT] V_Compute: 28.391 V
[LIFT] V_Motors: 27.616 V
[LIFT] V_Compute: 28.386 V
[LIFT] V_Motors: 27.631 V
[LIFT] V_Compute: 28.389 V
[LIFT] V_Motors: 27.619 V
[LIFT] V_Compute: 28.388 V
[LIFT] V_Motors: 27.625 V
[LIFT] V_Compute: 28.384 V
[LIFT] V_Motors: 27.629 V
[LIFT] V_Compute: 28.404 V
[LIFT] V_Motors: 27.645 V
[LIFT] V_Compute: 28.409 V
[LIFT] V_Motors: 27.634 V
[LIFT] V_Compute: 28.410 V
[LIFT] V_Motors: 27.618 V
[LIFT] V_Compute: 28.392 V
[LIFT] V_Motors: 27.610 V
[LIFT] V_Compute: 28.378 V
[LIFT] V_Motors: 27.612 V
[LIFT] V_Compute: 28.361 V
[LIFT] V_Motors: 27.630 V
[LIFT] V_Compute: 28.386 V
[LIFT] V_Motors: 27.618 V
[LIFT] V_Compute: 28.357 V
[LIFT] V_Motors: 27.626 V
[LIFT] V_Compute: 28.406 V
[LIFT] V_Motors: 27.622 V
[LIFT] V_Compute: 28.379 V
[LIFT] V_Motors: 27.619 V
[LIFT] V_Compute: 28.405 V
[LIFT] V_Motors: 27.630 V
[LIFT] V_Compute: 28.401 V
[LIFT] V_Motors: 27.616 V
[LIFT] V_Compute: 28.355 V
[LIFT] V_Motors: 27.607 V
[LIFT] V_Compute: 28.379 V
[LIFT] V_Motors: 27.624 V
[LIFT] V_Compute: 28.364 V
[LIFT] V_Motors: 27.615 V
[LIFT] V_Compute: 28.389 V
[LIFT] V_Motors: 27.626 V
[LIFT] V_Compute: 28.407 V
[LIFT] V_Motors: 27.619 V
[LIFT] V_Compute: 28.397 V
[LIFT] V_Motors: 27.628 V
[LIFT] V_Compute: 28.386 V
[LIFT] V_Motors: 27.616 V
[LIFT] V_Compute: 28.400 V
[LIFT] V_Motors: 27.632 V
[LIFT] V_Compute: 28.381 V
[LIFT] V_Motors: 27.618 V
[LIFT] V_Compute: 28.410 V
[LIFT] V_Motors: 27.622 V
[LIFT] V_Compute: 28.400 V
[LIFT] V_Motors: 27.620 V
[LIFT] V_Compute: 28.396 V
[LIFT] V_Motors: 27.620 V
[LIFT] V_Compute: 28.354 V
[LIFT] V_Motors: 27.624 V
[LIFT] V_Compute: 28.385 V
[LIFT] V_Motors: 27.646 V
[LIFT] V_Compute: 28.384 V
[LIFT] V_Motors: 27.628 V
[LIFT] V_Compute: 28.409 V
[LIFT] V_Motors: 27.629 V
[LIFT] V_Compute: 28.378 V
[LIFT] V_Motors: 27.622 V
[LIFT] V_Compute: 28.401 V
[LIFT] V_Motors: 27.615 V
[LIFT] V_Compute: 28.388 V
[LIFT] V_Motors: 27.631 V
[LIFT] V_Compute: 28.370 V
[LIFT] V_Motors: 27.626 V
[LIFT] V_Compute: 28.420 V
[LIFT] V_Motors: 27.615 V
[LIFT] V_Compute: 28.381 V
[LIFT] V_Motors: 27.628 V
[LIFT] V_Compute: 28.385 V
[LIFT] V_Motors: 27.629 V
[LIFT] V_Compute: 28.370 V
[LIFT] V_Motors: 27.628 V
[LIFT] V_Compute: 28.421 V
[LIFT] V_Motors: 27.626 V
[LIFT] V_Compute: 28.404 V
[LIFT] V_Motors: 27.620 V
[LIFT] V_Compute: 28.405 V
[LIFT] V_Motors: 27.620 V
[LIFT] V_Compute: 28.415 V
[LIFT] V_Motors: 27.604 V
[LIFT] V_Compute: 28.386 V
[LIFT] V_Motors: 27.622 V
[LIFT] V_Compute: 28.394 V
[LIFT] V_Motors: 27.611 V
[LIFT] V_Compute: 28.406 V
[LIFT] V_Motors: 27.625 V
[LIFT] V_Compute: 28.411 V
[LIFT] V_Motors: 27.630 V
[LIFT] V_Compute: 28.402 V
[LIFT] V_Motors: 27.624 V
[LIFT] V_Compute: 28.382 V
[LIFT] V_Motors: 27.624 V
[LIFT] V_Compute: 28.407 V
[LIFT] V_Motors: 27.639 V
[LIFT] V_Compute: 28.411 V
[LIFT] V_Motors: 27.626 V
[LIFT] V_Compute: 28.384 V
[LIFT] V_Motors: 27.634 V
[LIFT] V_Compute: 28.395 V
[LIFT] V_Motors: 27.621 V
[LIFT] V_Compute: 28.401 V
[LIFT] V_Motors: 27.628 V
[LIFT] V_Compute: 28.390 V
[LIFT] V_Motors: 27.621 V
[LIFT] V_Compute: 28.391 V
[LIFT] V_Motors: 27.631 V
[LIFT] V_Compute: 28.399 V
[LIFT] V_Motors: 27.630 V
[LIFT] V_Compute: 28.365 V
[LIFT] V_Motors: 27.631 V
[LIFT] V_Compute: 28.375 V
[LIFT] V_Motors: 27.624 V
[LIFT] V_Compute: 28.394 V
[LIFT] V_Motors: 27.631 V
[LIFT] V_Compute: 28.394 V
[LIFT] V_Motors: 27.629 V
[LIFT] V_Compute: 28.382 V
[LIFT] V_Motors: 27.636 V
[LIFT] V_Compute: 28.391 V
[LIFT] V_Motors: 27.634 V
[LIFT] V_Compute: 28.388 V
[LIFT] V_Motors: 27.626 V
[LIFT] V_Compute: 28.385 V
[LIFT] V_Motors: 27.631 V
[LIFT] V_Compute: 28.385 V
[LIFT] V_Motors: 27.632 V
[LIFT] V_Compute: 28.381 V
[LIFT] V_Motors: 27.622 V
[LIFT] V_Compute: 28.411 V
[LIFT] V_Motors: 27.624 V
[LIFT] V_Compute: 28.414 V
[LIFT] V_Motors: 27.621 V
[LIFT] V_Compute: 28.413 V
[LIFT] V_Motors: 27.628 V
[LIFT] V_Compute: 28.404 V
[LIFT] V_Motors: 27.624 V
[LIFT] V_Compute: 28.390 V
[LIFT] V_Motors: 27.628 V
[LIFT] V_Compute: 28.401 V
[LIFT] V_Motors: 27.628 V
[LIFT] V_Compute: 28.399 V
[LIFT] V_Motors: 27.638 V
[LIFT] V_Compute: 28.394 V
[LIFT] V_Motors: 27.620 V
[LIFT] V_Compute: 28.397 V
[LIFT] V_Motors: 27.628 V
[LIFT] V_Compute: 28.385 V
[LIFT] V_Motors: 27.630 V
[LIFT] V_Compute: 28.400 V
[LIFT] V_Motors: 27.629 V
[LIFT] V_Compute: 28.413 V
[LIFT] V_Motors: 27.619 V
[LIFT] V_Compute: 28.390 V
[LIFT] V_Motors: 27.619 V
[LIFT] V_Compute: 28.402 V
[LIFT] V_Motors: 27.630 V
[LIFT] V_Compute: 28.407 V
[LIFT] V_Motors: 27.629 V
[LIFT] V_Compute: 28.400 V
[LIFT] V_Motors: 27.621 V
[LIFT] V_Compute: 28.397 V
[LIFT] V_Motors: 27.621 V
[LIFT] V_Compute: 28.385 V
[LIFT] V_Motors: 27.636 V
[LIFT] V_Compute: 28.404 V
[LIFT] V_Motors: 27.634 V
[LIFT] V_Compute: 28.399 V
[LIFT] V_Motors: 27.622 V
[LIFT] V_Compute: 28.405 V
[LIFT] V_Motors: 27.622 V
[LIFT] V_Compute: 28.384 V
[LIFT] V_Motors: 27.641 V
[LIFT] V_Compute: 28.402 V
[LIFT] V_Motors: 27.632 V
[LIFT] V_Compute: 28.392 V
[LIFT] V_Motors: 27.632 V
[LIFT] V_Compute: 28.401 V
[LIFT] V_Motors: 27.622 V
[LIFT] V_Compute: 28.384 V
[LIFT] V_Motors: 27.638 V
[LIFT] V_Compute: 28.409 V
[LIFT] V_Motors: 27.636 V
[LIFT] V_Compute: 28.406 V
[LIFT] V_Motors: 27.632 V
[LIFT] V_Compute: 28.411 V
[LIFT] V_Motors: 27.625 V
[LIFT] V_Compute: 28.400 V
[LIFT] V_Motors: 27.628 V
[LIFT] V_Compute: 28.406 V
[LIFT] V_Motors: 27.628 V
[LIFT] V_Compute: 28.391 V
[LIFT] V_Motors: 27.618 V
[LIFT] V_Compute: 28.389 V
[LIFT] V_Motors: 27.622 V
[LIFT] V_Compute: 28.400 V
[LIFT] V_Motors: 27.620 V
[LIFT] V_Compute: 28.420 V
[LIFT] V_Motors: 27.630 V
[LIFT] V_Compute: 28.395 V
[LIFT] V_Motors: 27.635 V
[LIFT] V_Compute: 28.410 V
[LIFT] V_Motors: 27.638 V
[LIFT] V_Compute: 28.411 V
[LIFT] V_Motors: 27.620 V
[LIFT] V_Compute: 28.390 V
[LIFT] V_Motors: 27.632 V
[LIFT] V_Compute: 28.397 V
[LIFT] V_Motors: 27.636 V
[LIFT] V_Compute: 28.390 V
[LIFT] V_Motors: 27.635 V
[LIFT] V_Compute: 28.410 V
[LIFT] V_Motors: 27.638 V
[LIFT] V_Compute: 28.388 V
[LIFT] V_Motors: 27.638 V
[LIFT] V_Compute: 28.369 V
[LIFT] V_Motors: 27.630 V
[LIFT] V_Compute: 28.399 V
[LIFT] V_Motors: 27.611 V
[LIFT] V_Compute: 28.395 V
[LIFT] V_Motors: 27.628 V
[LIFT] V_Compute: 28.404 V
[LIFT] V_Motors: 27.628 V
[LIFT] V_Compute: 28.388 V
[LIFT] V_Motors: 27.642 V
[LIFT] V_Compute: 28.415 V
[LIFT] V_Motors: 27.635 V
[LIFT] V_Compute: 28.396 V
[LIFT] V_Motors: 27.642 V
[LIFT] V_Compute: 28.380 V
[LIFT] V_Motors: 27.628 V
[LIFT] V_Compute: 28.414 V
[LIFT] V_Motors: 27.644 V
[LIFT] V_Compute: 28.396 V
[LIFT] V_Motors: 27.631 V
[LIFT] V_Compute: 28.396 V
[LIFT] V_Motors: 27.639 V
[LIFT] V_Compute: 28.406 V
[LIFT] V_Motors: 27.634 V
[LIFT] V_Compute: 28.417 V
[LIFT] V_Motors: 27.634 V
[LIFT] V_Compute: 28.401 V
[LIFT] V_Motors: 27.631 V
[LIFT] V_Compute: 28.399 V
[LIFT] V_Motors: 27.642 V
[LIFT] V_Compute: 28.401 V
[LIFT] V_Motors: 27.632 V
[LIFT] V_Compute: 28.401 V
[LIFT] V_Motors: 27.634 V
[LIFT] V_Compute: 28.392 V
[LIFT] V_Motors: 27.599 V
[LIFT] V_Compute: 28.399 V
[LIFT] V_Motors: 27.629 V
[LIFT] V_Compute: 28.417 V
[LIFT] V_Motors: 27.632 V
[LIFT] V_Compute: 28.382 V
[LIFT] V_Motors: 27.621 V
[LIFT] V_Compute: 28.405 V
[LIFT] V_Motors: 27.635 V
[LIFT] V_Compute: 28.399 V
[LIFT] V_Motors: 27.618 V
[LIFT] V_Compute: 28.419 V
[LIFT] V_Motors: 27.642 V
[LIFT] V_Compute: 28.386 V
[LIFT] V_Motors: 27.636 V
[LIFT] V_Compute: 28.414 V
[LIFT] V_Motors: 27.618 V
[LIFT] V_Compute: 28.407 V
[LIFT] V_Motors: 27.647 V
[LIFT] V_Compute: 28.406 V
[LIFT] V_Motors: 27.634 V
[LIFT] V_Compute: 28.415 V
[LIFT] V_Motors: 27.632 V
[LIFT] V_Compute: 28.395 V
[LIFT] V_Motors: 27.649 V
[LIFT] V_Compute: 28.426 V
[LIFT] V_Motors: 27.625 V
[LIFT] V_Compute: 28.415 V
[LIFT] V_Motors: 27.642 V
[LIFT] V_Compute: 28.386 V
[LIFT] V_Motors: 27.610 V
[LIFT] V_Compute: 28.378 V
[LIFT] V_Motors: 27.649 V
[LIFT] V_Compute: 28.384 V
[LIFT] V_Motors: 27.628 V
[LIFT] V_Compute: 28.382 V
[LIFT] V_Motors: 27.641 V
[LIFT] V_Compute: 28.410 V
[LIFT] V_Motors: 27.625 V
[LIFT] V_Compute: 28.399 V
[LIFT] V_Motors: 27.619 V
[LIFT] V_Compute: 28.401 V
[LIFT] V_Motors: 27.625 V
[LIFT] V_Compute: 28.416 V
[LIFT] V_Motors: 27.635 V
[LIFT] V_Compute: 28.413 V
[LIFT] V_Motors: 27.644 V
[LIFT] V_Compute: 28.404 V
[LIFT] V_Motors: 27.629 V
[LIFT] V_Compute: 28.397 V
[LIFT] V_Motors: 27.629 V
[LIFT] V_Compute: 28.389 V
[LIFT] V_Motors: 27.630 V
[LIFT] V_Compute: 28.380 V
[LIFT] V_Motors: 27.645 V
[LIFT] V_Compute: 28.405 V
[LIFT] V_Motors: 27.621 V
[LIFT] V_Compute: 28.413 V
[LIFT] V_Motors: 27.631 V
[LIFT] V_Compute: 28.411 V
[LIFT] V_Motors: 27.642 V
[LIFT] V_Compute: 28.401 V
[LIFT] V_Motors: 27.629 V
[LIFT] V_Compute: 28.381 V
[LIFT] V_Motors: 27.640 V
[LIFT] V_Compute: 28.395 V
[LIFT] V_Motors: 27.641 V
[LIFT] V_Compute: 28.396 V
[LIFT] V_Motors: 27.631 V
[LIFT] V_Compute: 28.413 V
[LIFT] V_Motors: 27.640 V
[LIFT] V_Compute: 28.407 V
[LIFT] V_Motors: 27.631 V
[LIFT] V_Compute: 28.425 V
[LIFT] V_Motors: 27.635 V
[LIFT] V_Compute: 28.394 V
[LIFT] V_Motors: 27.639 V
[LIFT] V_Compute: 28.378 V
[LIFT] V_Motors: 27.640 V
[LIFT] V_Compute: 28.405 V
[LIFT] V_Motors: 27.639 V
[LIFT] V_Compute: 28.420 V
[LIFT] V_Motors: 27.629 V
[LIFT] V_Compute: 28.410 V
[LIFT] V_Motors: 27.639 V
[LIFT] V_Compute: 28.402 V
[LIFT] V_Motors: 27.644 V
[LIFT] V_Compute: 28.430 V
[LIFT] V_Motors: 27.641 V
[LIFT] V_Compute: 28.375 V
[LIFT] V_Motors: 27.624 V
[LIFT] V_Compute: 28.415 V
[LIFT] V_Motors: 27.641 V
[LIFT] V_Compute: 28.413 V
[LIFT] V_Motors: 27.632 V
[LIFT] V_Compute: 28.401 V
[LIFT] V_Motors: 27.632 V
[LIFT] V_Compute: 28.402 V
[LIFT] V_Motors: 27.636 V
[LIFT] V_Compute: 28.400 V
[LIFT] V_Motors: 27.625 V
[LIFT] V_Compute: 28.381 V
[LIFT] V_Motors: 27.620 V
[LIFT] V_Compute: 28.397 V
[LIFT] V_Motors: 27.628 V
[LIFT] V_Compute: 28.402 V
[LIFT] V_Motors: 27.636 V
[LIFT] V_Compute: 28.410 V
[LIFT] V_Motors: 27.635 V
[LIFT] V_Compute: 28.416 V
[LIFT] V_Motors: 27.636 V
[LIFT] V_Compute: 28.374 V
[LIFT] V_Motors: 27.609 V
[LIFT] V_Compute: 28.397 V
[LIFT] V_Motors: 27.640 V
[LIFT] V_Compute: 28.399 V
[LIFT] V_Motors: 27.638 V
[LIFT] V_Compute: 28.420 V
[LIFT] V_Motors: 27.639 V
[LIFT] V_Compute: 28.406 V
[LIFT] V_Motors: 27.649 V
[LIFT] V_Compute: 28.402 V
[LIFT] V_Motors: 27.636 V
[LIFT] V_Compute: 28.413 V
[LIFT] V_Motors: 27.638 V
[LIFT] V_Compute: 28.399 V
[LIFT] V_Motors: 27.629 V
[LIFT] V_Compute: 28.401 V
[LIFT] V_Motors: 27.638 V
[LIFT] V_Compute: 28.378 V
[LIFT] V_Motors: 27.636 V
[LIFT] V_Compute: 28.423 V
[LIFT] V_Motors: 27.659 V
[LIFT] V_Compute: 28.414 V
[LIFT] V_Motors: 27.629 V
[LIFT] V_Compute: 28.407 V
[LIFT] V_Motors: 27.634 V
[LIFT] V_Compute: 28.397 V
[LIFT] V_Motors: 27.631 V
[LIFT] V_Compute: 28.417 V
[LIFT] V_Motors: 27.638 V
[LIFT] V_Compute: 28.421 V
[LIFT] V_Motors: 27.624 V
[LIFT] V_Compute: 28.386 V
[LIFT] V_Motors: 27.624 V
[LIFT] V_Compute: 28.399 V
[LIFT] V_Motors: 27.639 V
[LIFT] V_Compute: 28.421 V
[LIFT] V_Motors: 27.631 V
[LIFT] V_Compute: 28.417 V
[LIFT] V_Motors: 27.644 V
[LIFT] V_Compute: 28.404 V
[LIFT] V_Motors: 27.626 V
[LIFT] V_Compute: 28.411 V
[LIFT] V_Motors: 27.620 V
[LIFT] V_Compute: 28.401 V
[LIFT] V_Motors: 27.644 V
[LIFT] V_Compute: 28.386 V
[LIFT] V_Motors: 27.650 V
[LIFT] V_Compute: 28.405 V
[LIFT] V_Motors: 27.630 V
[LIFT] V_Compute: 28.416 V
[LIFT] V_Motors: 27.625 V
[LIFT] V_Compute: 28.396 V
[LIFT] V_Motors: 27.621 V
[LIFT] V_Compute: 28.414 V
[LIFT] V_Motors: 27.642 V
[LIFT] V_Compute: 28.419 V
[LIFT] V_Motors: 27.638 V
[LIFT] V_Compute: 28.410 V
[LIFT] V_Motors: 27.629 V
[LIFT] V_Compute: 28.407 V
[LIFT] V_Motors: 27.642 V
[LIFT] V_Compute: 28.395 V
[LIFT] V_Motors: 27.638 V
[LIFT] V_Compute: 28.399 V
[LIFT] V_Motors: 27.650 V
[LIFT] V_Compute: 28.410 V
[LIFT] V_Motors: 27.639 V
[LIFT] V_Compute: 28.415 V
[LIFT] V_Motors: 27.635 V
[LIFT] V_Compute: 28.410 V
[LIFT] V_Motors: 27.644 V
[LIFT] V_Compute: 28.410 V
[LIFT] V_Motors: 27.645 V
[LIFT] V_Compute: 28.392 V
[LIFT] V_Motors: 27.629 V
[LIFT] V_Compute: 28.401 V
[LIFT] V_Motors: 27.644 V
[LIFT] V_Compute: 28.417 V
[LIFT] V_Motors: 27.644 V
[LIFT] V_Compute: 28.406 V
[LIFT] V_Motors: 27.644 V
[LIFT] V_Compute: 28.404 V
[LIFT] V_Motors: 27.650 V
[LIFT] V_Compute: 28.402 V
[LIFT] V_Motors: 27.634 V
[LIFT] V_Compute: 28.409 V
[LIFT] V_Motors: 27.636 V
[LIFT] V_Compute: 28.379 V
[LIFT] V_Motors: 27.635 V
[LIFT] V_Compute: 28.397 V
[LIFT] V_Motors: 27.639 V
[LIFT] V_Compute: 28.388 V
[LIFT] V_Motors: 27.641 V
[LIFT] V_Compute: 28.426 V
[LIFT] V_Motors: 27.632 V
[LIFT] V_Compute: 28.395 V
[LIFT] V_Motors: 27.639 V
[LIFT] V_Compute: 28.407 V
[LIFT] V_Motors: 27.630 V
[LIFT] V_Compute: 28.394 V
[LIFT] V_Motors: 27.632 V
[LIFT] V_Compute: 28.405 V
[LIFT] V_Motors: 27.631 V
[LIFT] V_Compute: 28.427 V
[LIFT] V_Motors: 27.651 V
[LIFT] V_Compute: 28.395 V
[LIFT] V_Motors: 27.646 V
[LIFT] V_Compute: 28.395 V
[LIFT] V_Motors: 27.642 V
[LIFT] V_Compute: 28.392 V
[LIFT] V_Motors: 27.651 V
[LIFT] V_Compute: 28.421 V
[LIFT] V_Motors: 27.620 V
[LIFT] V_Compute: 28.400 V
[LIFT] V_Motors: 27.638 V
[LIFT] V_Compute: 28.361 V
[LIFT] V_Motors: 27.641 V
[LIFT] V_Compute: 28.405 V
[LIFT] V_Motors: 27.635 V
[LIFT] V_Compute: 28.406 V
[LIFT] V_Motors: 27.626 V
[LIFT] V_Compute: 28.406 V
[LIFT] V_Motors: 27.641 V
[LIFT] V_Compute: 28.401 V
[LIFT] V_Motors: 27.641 V
[LIFT] V_Compute: 28.396 V
[LIFT] V_Motors: 27.640 V
[LIFT] V_Compute: 28.429 V
[LIFT] V_Motors: 27.649 V
[LIFT] V_Compute: 28.407 V
[LIFT] V_Motors: 27.651 V
[LIFT] V_Compute: 28.388 V
[LIFT] V_Motors: 27.652 V
[LIFT] V_Compute: 28.417 V
[LIFT] V_Motors: 27.632 V
[LIFT] V_Compute: 28.440 V
[LIFT] V_Motors: 27.661 V
[LIFT] V_Compute: 28.384 V
[LIFT] V_Motors: 27.646 V
[LIFT] V_Compute: 28.436 V
[LIFT] V_Motors: 27.636 V
[LIFT] V_Compute: 28.406 V
[LIFT] V_Motors: 27.649 V
[LIFT] V_Compute: 28.395 V
[LIFT] V_Motors: 27.636 V
[LIFT] V_Compute: 28.409 V
[LIFT] V_Motors: 27.646 V
[LIFT] V_Compute: 28.395 V
[LIFT] V_Motors: 27.640 V
[LIFT] V_Compute: 28.405 V
[LIFT] V_Motors: 27.644 V
[LIFT] V_Compute: 28.396 V
[LIFT] V_Motors: 27.647 V
[LIFT] V_Compute: 28.425 V
[LIFT] V_Motors: 27.642 V
[LIFT] V_Compute: 28.435 V
[LIFT] V_Motors: 27.650 V
[LIFT] V_Compute: 28.409 V
[LIFT] V_Motors: 27.650 V
[LIFT] V_Compute: 28.413 V
[LIFT] V_Motors: 27.646 V
[LIFT] V_Compute: 28.411 V
[LIFT] V_Motors: 27.644 V
[LIFT] V_Compute: 28.420 V
[LIFT] V_Motors: 27.640 V
[LIFT] V_Compute: 28.401 V
[LIFT] V_Motors: 27.634 V
[LIFT] V_Compute: 28.426 V
[LIFT] V_Motors: 27.638 V
[LIFT] V_Compute: 28.405 V
[LIFT] V_Motors: 27.639 V
[LIFT] V_Compute: 28.407 V
[LIFT] V_Motors: 27.641 V
[LIFT] V_Compute: 28.399 V
[LIFT] V_Motors: 27.652 V
[LIFT] V_Compute: 28.413 V
[LIFT] V_Motors: 27.646 V
[LIFT] V_Compute: 28.411 V
[LIFT] V_Motors: 27.661 V
[LIFT] V_Compute: 28.410 V
[LIFT] V_Motors: 27.647 V
[LIFT] V_Compute: 28.426 V
[LIFT] V_Motors: 27.645 V
[LIFT] V_Compute: 28.402 V
[LIFT] V_Motors: 27.641 V
[LIFT] V_Compute: 28.420 V
[LIFT] V_Motors: 27.636 V
[LIFT] V_Compute: 28.413 V
[LIFT] V_Motors: 27.651 V
[LIFT] V_Compute: 28.409 V
[LIFT] V_Motors: 27.650 V
[LIFT] V_Compute: 28.399 V
[LIFT] V_Motors: 27.642 V
[LIFT] V_Compute: 28.385 V
[LIFT] V_Motors: 27.644 V
[LIFT] V_Compute: 28.435 V
[LIFT] V_Motors: 27.651 V
[LIFT] V_Compute: 28.382 V
[LIFT] V_Motors: 27.641 V
[LIFT] V_Compute: 28.413 V
[LIFT] V_Motors: 27.651 V
[LIFT] V_Compute: 28.401 V
[LIFT] V_Motors: 27.640 V
[LIFT] V_Compute: 28.421 V
[LIFT] V_Motors: 27.649 V
[LIFT] V_Compute: 28.392 V
[LIFT] V_Motors: 27.646 V
[LIFT] V_Compute: 28.411 V
[LIFT] V_Motors: 27.641 V
[LIFT] V_Compute: 28.414 V
[LIFT] V_Motors: 27.629 V
[LIFT] V_Compute: 28.415 V
[LIFT] V_Motors: 27.645 V
[LIFT] V_Compute: 28.404 V
[LIFT] V_Motors: 27.642 V
[LIFT] V_Compute: 28.416 V
[LIFT] V_Motors: 27.649 V
[LIFT] V_Compute: 28.396 V
[LIFT] V_Motors: 27.651 V
[LIFT] V_Compute: 28.425 V
[LIFT] V_Motors: 27.639 V
[LIFT] V_Compute: 28.410 V
[LIFT] V_Motors: 27.646 V
[LIFT] V_Compute: 28.401 V
[LIFT] V_Motors: 27.641 V
[LIFT] V_Compute: 28.435 V
[LIFT] V_Motors: 27.641 V
[LIFT] V_Compute: 28.379 V
[LIFT] V_Motors: 27.642 V
[LIFT] V_Compute: 28.413 V
[LIFT] V_Motors: 27.646 V
[LIFT] V_Compute: 28.410 V
[LIFT] V_Motors: 27.638 V
[LIFT] V_Compute: 28.425 V
[LIFT] V_Motors: 27.642 V
[LIFT] V_Compute: 28.426 V
[LIFT] V_Motors: 27.652 V
[LIFT] V_Compute: 28.401 V
[LIFT] V_Motors: 27.634 V
[LIFT] V_Compute: 28.413 V
[LIFT] V_Motors: 27.641 V
[LIFT] V_Compute: 28.429 V
[LIFT] V_Motors: 27.647 V
[LIFT] V_Compute: 28.402 V
[LIFT] V_Motors: 27.649 V
[LIFT] V_Compute: 28.411 V
[LIFT] V_Motors: 27.644 V
[LIFT] V_Compute: 28.415 V
[LIFT] V_Motors: 27.646 V
[LIFT] V_Compute: 28.413 V
[LIFT] V_Motors: 27.650 V
[LIFT] V_Compute: 28.388 V
[LIFT] V_Motors: 27.650 V
[LIFT] V_Compute: 28.397 V
[LIFT] V_Motors: 27.642 V
[LIFT] V_Compute: 28.426 V
[LIFT] V_Motors: 27.663 V
[LIFT] V_Compute: 28.389 V
[LIFT] V_Motors: 27.656 V
[LIFT] V_Compute: 28.391 V
[LIFT] V_Motors: 27.649 V
[LIFT] V_Compute: 28.425 V
[LIFT] V_Motors: 27.645 V
[LIFT] V_Compute: 28.391 V
[LIFT] V_Motors: 27.646 V
[LIFT] V_Compute: 28.407 V
[LIFT] V_Motors: 27.659 V
[LIFT] V_Compute: 28.405 V
[LIFT] V_Motors: 27.651 V
[LIFT] V_Compute: 28.416 V
[LIFT] V_Motors: 27.644 V
[LIFT] V_Compute: 28.410 V
[LIFT] V_Motors: 27.649 V
[LIFT] V_Compute: 28.417 V
[LIFT] V_Motors: 27.646 V
[LIFT] V_Compute: 28.406 V
[LIFT] V_Motors: 27.656 V
[LIFT] V_Compute: 28.397 V
[LIFT] V_Motors: 27.663 V
[LIFT] V_Compute: 28.423 V
[LIFT] V_Motors: 27.650 V
[LIFT] V_Compute: 28.447 V
[LIFT] V_Motors: 27.649 V
[LIFT] V_Compute: 28.415 V
[LIFT] V_Motors: 27.652 V
[LIFT] V_Compute: 28.409 V
[LIFT] V_Motors: 27.629 V
[LIFT] V_Compute: 28.417 V
[LIFT] V_Motors: 27.649 V
[LIFT] V_Compute: 28.451 V
[LIFT] V_Motors: 27.659 V
[LIFT] V_Compute: 28.424 V
[LIFT] V_Motors: 27.660 V
[LIFT] V_Compute: 28.406 V
[LIFT] V_Motors: 27.635 V
[LIFT] V_Compute: 28.416 V
[LIFT] V_Motors: 27.657 V
[LIFT] V_Compute: 28.404 V
[LIFT] V_Motors: 27.656 V
[LIFT] V_Compute: 28.416 V
[LIFT] V_Motors: 27.636 V
[LIFT] V_Compute: 28.421 V
[LIFT] V_Motors: 27.656 V
[LIFT] V_Compute: 28.409 V
[LIFT] V_Motors: 27.667 V
[LIFT] V_Compute: 28.436 V
[LIFT] V_Motors: 27.638 V
[LIFT] V_Compute: 28.421 V
[LIFT] V_Motors: 27.663 V
[LIFT] V_Compute: 28.424 V
[LIFT] V_Motors: 27.651 V
[LIFT] V_Compute: 28.382 V
[LIFT] V_Motors: 27.656 V
[LIFT] V_Compute: 28.423 V
[LIFT] V_Motors: 27.644 V
[LIFT] V_Compute: 28.419 V
[LIFT] V_Motors: 27.639 V
[LIFT] V_Compute: 28.426 V
[LIFT] V_Motors: 27.645 V
[LIFT] V_Compute: 28.416 V
[LIFT] V_Motors: 27.657 V
[LIFT] V_Compute: 28.404 V
[LIFT] V_Motors: 27.646 V
[LIFT] V_Compute: 28.424 V
[LIFT] V_Motors: 27.654 V
[LIFT] V_Compute: 28.399 V
[LIFT] V_Motors: 27.663 V
[LIFT] V_Compute: 28.384 V
[LIFT] V_Motors: 27.647 V
[LIFT] V_Compute: 28.415 V
[LIFT] V_Motors: 27.650 V
[LIFT] V_Compute: 28.378 V
[LIFT] V_Motors: 27.650 V
[LIFT] V_Compute: 28.402 V
[LIFT] V_Motors: 27.655 V
[LIFT] V_Compute: 28.406 V
[LIFT] V_Motors: 27.659 V
[LIFT] V_Compute: 28.413 V
[LIFT] V_Motors: 27.656 V
[LIFT] V_Compute: 28.406 V
[LIFT] V_Motors: 27.642 V
[LIFT] V_Compute: 28.413 V
[LIFT] V_Motors: 27.655 V
[LIFT] V_Compute: 28.410 V
[LIFT] V_Motors: 27.655 V
[LIFT] V_Compute: 28.406 V
[LIFT] V_Motors: 27.656 V
[LIFT] V_Compute: 28.409 V
[LIFT] V_Motors: 27.642 V
[LIFT] V_Compute: 28.413 V
[LIFT] V_Motors: 27.646 V
[LIFT] V_Compute: 28.406 V
[LIFT] V_Motors: 27.652 V
[LIFT] V_Compute: 28.410 V
[LIFT] V_Motors: 27.676 V
[LIFT] V_Compute: 28.401 V
[LIFT] V_Motors: 27.636 V
[LIFT] V_Compute: 28.411 V
[LIFT] V_Motors: 27.644 V
[LIFT] V_Compute: 28.426 V
[LIFT] V_Motors: 27.649 V
[LIFT] V_Compute: 28.426 V
[LIFT] V_Motors: 27.639 V
[LIFT] V_Compute: 28.407 V
[LIFT] V_Motors: 27.657 V
[LIFT] V_Compute: 28.437 V
[LIFT] V_Motors: 27.647 V
[LIFT] V_Compute: 28.419 V
[LIFT] V_Motors: 27.661 V
[LIFT] V_Compute: 28.415 V
[LIFT] V_Motors: 27.640 V
[LIFT] V_Compute: 28.394 V
[LIFT] V_Motors: 27.645 V
[LIFT] V_Compute: 28.427 V
[LIFT] V_Motors: 27.657 V
[LIFT] V_Compute: 28.413 V
[LIFT] V_Motors: 27.661 V
[LIFT] V_Compute: 28.417 V
[LIFT] V_Motors: 27.650 V
[LIFT] V_Compute: 28.429 V
[LIFT] V_Motors: 27.661 V
[LIFT] V_Compute: 28.434 V
[LIFT] V_Motors: 27.647 V
[LIFT] V_Compute: 28.433 V
[LIFT] V_Motors: 27.660 V
[LIFT] V_Compute: 28.410 V
[LIFT] V_Motors: 27.655 V
[LIFT] V_Compute: 28.426 V
[LIFT] V_Motors: 27.647 V
[LIFT] V_Compute: 28.410 V
[LIFT] V_Motors: 27.641 V
[LIFT] V_Compute: 28.416 V
[LIFT] V_Motors: 27.645 V
[LIFT] V_Compute: 28.402 V
[LIFT] V_Motors: 27.654 V
[LIFT] V_Compute: 28.444 V
[LIFT] V_Motors: 27.650 V
[LIFT] V_Compute: 28.419 V
[LIFT] V_Motors: 27.661 V
[LIFT] V_Compute: 28.423 V
[LIFT] V_Motors: 27.654 V
[LIFT] V_Compute: 28.424 V
[LIFT] V_Motors: 27.655 V
[LIFT] V_Compute: 28.419 V
[LIFT] V_Motors: 27.647 V
[LIFT] V_Compute: 28.425 V
[LIFT] V_Motors: 27.663 V
[LIFT] V_Compute: 28.400 V
[LIFT] V_Motors: 27.656 V
[LIFT] V_Compute: 28.414 V
[LIFT] V_Motors: 27.640 V
[LIFT] V_Compute: 28.420 V
[LIFT] V_Motors: 27.660 V
[LIFT] V_Compute: 28.404 V
[LIFT] V_Motors: 27.646 V
[LIFT] V_Compute: 28.427 V
[LIFT] V_Motors: 27.655 V
[LIFT] V_Compute: 28.431 V
[LIFT] V_Motors: 27.664 V
[LIFT] V_Compute: 28.407 V
[LIFT] V_Motors: 27.659 V
[LIFT] V_Compute: 28.401 V
[LIFT] V_Motors: 27.649 V
[LIFT] V_Compute: 28.413 V
[LIFT] V_Motors: 27.659 V
[LIFT] V_Compute: 28.433 V
[LIFT] V_Motors: 27.651 V
[LIFT] V_Compute: 28.413 V
[LIFT] V_Motors: 27.656 V
[LIFT] V_Compute: 28.413 V
[LIFT] V_Motors: 27.649 V
[LIFT] V_Compute: 28.409 V
[LIFT] V_Motors: 27.652 V
[LIFT] V_Compute: 28.427 V
[LIFT] V_Motors: 27.659 V
[LIFT] V_Compute: 28.434 V
[LIFT] V_Motors: 27.667 V
[LIFT] V_Compute: 28.416 V
[LIFT] V_Motors: 27.652 V
[LIFT] V_Compute: 28.421 V
[LIFT] V_Motors: 27.663 V
[LIFT] V_Compute: 28.394 V
[LIFT] V_Motors: 27.655 V
[LIFT] V_Compute: 28.410 V
[LIFT] V_Motors: 27.651 V
[LIFT] V_Compute: 28.414 V
[LIFT] V_Motors: 27.655 V
[LIFT] V_Compute: 28.416 V
[LIFT] V_Motors: 27.659 V
[LIFT] V_Compute: 28.407 V
[LIFT] V_Motors: 27.657 V
[LIFT] V_Compute: 28.416 V
[LIFT] V_Motors: 27.667 V
[LIFT] V_Compute: 28.409 V
[LIFT] V_Motors: 27.644 V
[LIFT] V_Compute: 28.421 V
[LIFT] V_Motors: 27.649 V
[LIFT] V_Compute: 28.416 V
[LIFT] V_Motors: 27.646 V
[LIFT] V_Compute: 28.400 V
[LIFT] V_Motors: 27.652 V
[LIFT] V_Compute: 28.434 V
[LIFT] V_Motors: 27.645 V
[LIFT] V_Compute: 28.394 V
[LIFT] V_Motors: 27.650 V
[LIFT] V_Compute: 28.435 V
[LIFT] V_Motors: 27.660 V
[LIFT] V_Compute: 28.402 V
[LIFT] V_Motors: 27.638 V
[LIFT] V_Compute: 28.401 V
[LIFT] V_Motors: 27.689 V
[LIFT] V_Compute: 28.414 V
[LIFT] V_Motors: 27.656 V
[LIFT] V_Compute: 28.452 V
[LIFT] V_Motors: 27.676 V
[LIFT] V_Compute: 28.426 V
[LIFT] V_Motors: 27.660 V
[LIFT] V_Compute: 28.419 V
[LIFT] V_Motors: 27.652 V
[LIFT] V_Compute: 28.430 V
[LIFT] V_Motors: 27.661 V
[LIFT] V_Compute: 28.436 V
[LIFT] V_Motors: 27.655 V
[LIFT] V_Compute: 28.423 V
[LIFT] V_Motors: 27.650 V
[LIFT] V_Compute: 28.431 V
[LIFT] V_Motors: 27.661 V
[LIFT] V_Compute: 28.424 V
[LIFT] V_Motors: 27.661 V
[LIFT] V_Compute: 28.399 V
[LIFT] V_Motors: 27.661 V
[LIFT] V_Compute: 28.411 V
[LIFT] V_Motors: 27.660 V
[LIFT] V_Compute: 28.396 V
[LIFT] V_Motors: 27.635 V
[LIFT] V_Compute: 28.450 V
[LIFT] V_Motors: 27.667 V
[LIFT] V_Compute: 28.419 V
[LIFT] V_Motors: 27.663 V
[LIFT] V_Compute: 28.405 V
[LIFT] V_Motors: 27.657 V
[LIFT] V_Compute: 28.421 V
[LIFT] V_Motors: 27.651 V
[LIFT] V_Compute: 28.440 V
[LIFT] V_Motors: 27.661 V
[LIFT] V_Compute: 28.440 V
[LIFT] V_Motors: 27.659 V
[LIFT] V_Compute: 28.423 V
[LIFT] V_Motors: 27.664 V
[LIFT] V_Compute: 28.415 V
[LIFT] V_Motors: 27.656 V
[LIFT] V_Compute: 28.439 V
[LIFT] V_Motors: 27.661 V
[LIFT] V_Compute: 28.416 V
[LIFT] V_Motors: 27.654 V
[LIFT] V_Compute: 28.423 V
[LIFT] V_Motors: 27.657 V
[LIFT] V_Compute: 28.426 V
[LIFT] V_Motors: 27.645 V
[LIFT] V_Compute: 28.406 V
[LIFT] V_Motors: 27.652 V
[LIFT] V_Compute: 28.399 V
[LIFT] V_Motors: 27.661 V
[LIFT] V_Compute: 28.425 V
[LIFT] V_Motors: 27.652 V
[LIFT] V_Compute: 28.420 V
[LIFT] V_Motors: 27.657 V
[LIFT] V_Compute: 28.414 V
[LIFT] V_Motors: 27.661 V
[LIFT] V_Compute: 28.430 V
[LIFT] V_Motors: 27.661 V
[LIFT] V_Compute: 28.423 V
[LIFT] V_Motors: 27.670 V
[LIFT] V_Compute: 28.414 V
[LIFT] V_Motors: 27.667 V
[LIFT] V_Compute: 28.404 V
[LIFT] V_Motors: 27.659 V
[LIFT] V_Compute: 28.446 V
[LIFT] V_Motors: 27.644 V
[LIFT] V_Compute: 28.423 V
[LIFT] V_Motors: 27.670 V
[LIFT] V_Compute: 28.421 V
[LIFT] V_Motors: 27.650 V
[LIFT] V_Compute: 28.425 V
[LIFT] V_Motors: 27.663 V
[LIFT] V_Compute: 28.407 V
[LIFT] V_Motors: 27.664 V
[LIFT] V_Compute: 28.395 V
[LIFT] V_Motors: 27.669 V
[LIFT] V_Compute: 28.401 V
[LIFT] V_Motors: 27.656 V
[LIFT] V_Compute: 28.427 V
[LIFT] V_Motors: 27.659 V
[LIFT] V_Compute: 28.402 V
[LIFT] V_Motors: 27.660 V
[LIFT] V_Compute: 28.414 V
[LIFT] V_Motors: 27.663 V
[LIFT] V_Compute: 28.419 V
[LIFT] V_Motors: 27.659 V
[LIFT] V_Compute: 28.404 V
[LIFT] V_Motors: 27.657 V
[LIFT] V_Compute: 28.397 V
[LIFT] V_Motors: 27.649 V
[LIFT] V_Compute: 28.424 V
[LIFT] V_Motors: 27.667 V
[LIFT] V_Compute: 28.411 V
[LIFT] V_Motors: 27.673 V
[LIFT] V_Compute: 28.427 V
[LIFT] V_Motors: 27.656 V
[LIFT] V_Compute: 28.431 V
[LIFT] V_Motors: 27.644 V
[LIFT] V_Compute: 28.405 V
[LIFT] V_Motors: 27.654 V
[LIFT] V_Compute: 28.435 V
[LIFT] V_Motors: 27.649 V
[LIFT] V_Compute: 28.446 V
[LIFT] V_Motors: 27.650 V
[LIFT] V_Compute: 28.413 V
[LIFT] V_Motors: 27.644 V
[LIFT] V_Compute: 28.409 V
[LIFT] V_Motors: 27.649 V
[LIFT] V_Compute: 28.397 V
[LIFT] V_Motors: 27.665 V
[LIFT] V_Compute: 28.404 V
[LIFT] V_Motors: 27.640 V
[LIFT] V_Compute: 28.431 V
[LIFT] V_Motors: 27.661 V
[LIFT] V_Compute: 28.423 V
[LIFT] V_Motors: 27.651 V
[LIFT] V_Compute: 28.433 V
[LIFT] V_Motors: 27.663 V
[LIFT] V_Compute: 28.411 V
[LIFT] V_Motors: 27.655 V
[LIFT] V_Compute: 28.416 V
[LIFT] V_Motors: 27.652 V
[LIFT] V_Compute: 28.441 V
[LIFT] V_Motors: 27.664 V
[LIFT] V_Compute: 28.399 V
[LIFT] V_Motors: 27.667 V
[LIFT] V_Compute: 28.410 V
[LIFT] V_Motors: 27.660 V
[LIFT] V_Compute: 28.445 V
[LIFT] V_Motors: 27.660 V
[LIFT] V_Compute: 28.415 V
[LIFT] V_Motors: 27.684 V
[LIFT] V_Compute: 28.431 V
[LIFT] V_Motors: 27.664 V
[LIFT] V_Compute: 28.397 V
[LIFT] V_Motors: 27.644 V
[LIFT] V_Compute: 28.424 V
[LIFT] V_Motors: 27.650 V
[LIFT] V_Compute: 28.435 V
[LIFT] V_Motors: 27.663 V
[LIFT] V_Compute: 28.410 V
[LIFT] V_Motors: 27.656 V
[LIFT] V_Compute: 28.402 V
[LIFT] V_Motors: 27.664 V
[LIFT] V_Compute: 28.446 V
[LIFT] V_Motors: 27.661 V
[LIFT] V_Compute: 28.396 V
[LIFT] V_Motors: 27.671 V
[LIFT] V_Compute: 28.433 V
[LIFT] V_Motors: 27.659 V
[LIFT] V_Compute: 28.419 V
[LIFT] V_Motors: 27.659 V
[LIFT] V_Compute: 28.449 V
[LIFT] V_Motors: 27.659 V
[LIFT] V_Compute: 28.407 V
[LIFT] V_Motors: 27.660 V
[LIFT] V_Compute: 28.420 V
[LIFT] V_Motors: 27.663 V
[LIFT] V_Compute: 28.413 V
[LIFT] V_Motors: 27.664 V
[LIFT] V_Compute: 28.411 V
[LIFT] V_Motors: 27.654 V
[LIFT] V_Compute: 28.425 V
[LIFT] V_Motors: 27.663 V
[LIFT] V_Compute: 28.416 V
[LIFT] V_Motors: 27.656 V
[LIFT] V_Compute: 28.430 V
[LIFT] V_Motors: 27.656 V
[LIFT] V_Compute: 28.410 V
[LIFT] V_Motors: 27.669 V
[LIFT] V_Compute: 28.417 V
[LIFT] V_Motors: 27.656 V
[LIFT] V_Compute: 28.413 V
[LIFT] V_Motors: 27.673 V
[LIFT] V_Compute: 28.423 V
[LIFT] V_Motors: 27.660 V
[LIFT] V_Compute: 28.417 V
[LIFT] V_Motors: 27.671 V
[LIFT] V_Compute: 28.407 V
[LIFT] V_Motors: 27.671 V
[LIFT] V_Compute: 28.419 V
[LIFT] V_Motors: 27.667 V
[LIFT] V_Compute: 28.416 V
[LIFT] V_Motors: 27.654 V
[LIFT] V_Compute: 28.441 V
[LIFT] V_Motors: 27.665 V
[LIFT] V_Compute: 28.414 V
[LIFT] V_Motors: 27.666 V
[LIFT] V_Compute: 28.419 V
[LIFT] V_Motors: 27.660 V
[LIFT] V_Compute: 28.410 V
[LIFT] V_Motors: 27.665 V
[LIFT] V_Compute: 28.413 V
[LIFT] V_Motors: 27.660 V
[LIFT] V_Compute: 28.433 V
[LIFT] V_Motors: 27.665 V
[LIFT] V_Compute: 28.425 V
[LIFT] V_Motors: 27.674 V
[LIFT] V_Compute: 28.426 V
[LIFT] V_Motors: 27.663 V
[LIFT] V_Compute: 28.416 V
[LIFT] V_Motors: 27.659 V
[LIFT] V_Compute: 28.423 V
[LIFT] V_Motors: 27.663 V
[LIFT] V_Compute: 28.416 V
[LIFT] V_Motors: 27.676 V
[LIFT] V_Compute: 28.409 V
[LIFT] V_Motors: 27.663 V
[LIFT] V_Compute: 28.444 V
[LIFT] V_Motors: 27.683 V
[LIFT] V_Compute: 28.427 V
[LIFT] V_Motors: 27.652 V
[LIFT] V_Compute: 28.420 V
[LIFT] V_Motors: 27.645 V
[LIFT] V_Compute: 28.440 V
[LIFT] V_Motors: 27.654 V
[LIFT] V_Compute: 28.399 V
[LIFT] V_Motors: 27.663 V
[LIFT] V_Compute: 28.429 V
[LIFT] V_Motors: 27.660 V
[LIFT] V_Compute: 28.411 V
[LIFT] V_Motors: 27.664 V
[LIFT] V_Compute: 28.434 V
[LIFT] V_Motors: 27.666 V
[LIFT] V_Compute: 28.424 V
[LIFT] V_Motors: 27.657 V
[LIFT] V_Compute: 28.421 V
[LIFT] V_Motors: 27.679 V
[LIFT] V_Compute: 28.389 V
[LIFT] V_Motors: 27.647 V
[LIFT] V_Compute: 28.416 V
[LIFT] V_Motors: 27.655 V
[LIFT] V_Compute: 28.429 V
[LIFT] V_Motors: 27.657 V
[LIFT] V_Compute: 28.413 V
[LIFT] V_Motors: 27.674 V
[LIFT] V_Compute: 28.425 V
[LIFT] V_Motors: 27.667 V
[LIFT] V_Compute: 28.421 V
[LIFT] V_Motors: 27.659 V
[LIFT] V_Compute: 28.419 V
[LIFT] V_Motors: 27.657 V
[LIFT] V_Compute: 28.424 V
[LIFT] V_Motors: 27.655 V
[LIFT] V_Compute: 28.404 V
[LIFT] V_Motors: 27.647 V
[LIFT] V_Compute: 28.433 V
[LIFT] V_Motors: 27.665 V
[LIFT] V_Compute: 28.424 V
[LIFT] V_Motors: 27.664 V
[LIFT] V_Compute: 28.434 V
[LIFT] V_Motors: 27.685 V
[LIFT] V_Compute: 28.437 V
[LIFT] V_Motors: 27.664 V
[LIFT] V_Compute: 28.435 V
[LIFT] V_Motors: 27.663 V
[LIFT] V_Compute: 28.434 V
[LIFT] V_Motors: 27.667 V
[LIFT] V_Compute: 28.414 V
[LIFT] V_Motors: 27.665 V
[LIFT] V_Compute: 28.420 V
[LIFT] V_Motors: 27.667 V
[LIFT] V_Compute: 28.444 V
[LIFT] V_Motors: 27.663 V
[LIFT] V_Compute: 28.421 V
[LIFT] V_Motors: 27.663 V
[LIFT] V_Compute: 28.423 V
[LIFT] V_Motors: 27.649 V
[LIFT] V_Compute: 28.392 V
[LIFT] V_Motors: 27.673 V
[LIFT] V_Compute: 28.417 V
[LIFT] V_Motors: 27.669 V
[LIFT] V_Compute: 28.426 V
[LIFT] V_Motors: 27.667 V
[LIFT] V_Compute: 28.429 V
[LIFT] V_Motors: 27.655 V
[LIFT] V_Compute: 28.416 V
[LIFT] V_Motors: 27.680 V
[LIFT] V_Compute: 28.425 V
[LIFT] V_Motors: 27.667 V
[LIFT] V_Compute: 28.423 V
[LIFT] V_Motors: 27.663 V
[LIFT] V_Compute: 28.425 V
[LIFT] V_Motors: 27.660 V
[LIFT] V_Compute: 28.423 V
[LIFT] V_Motors: 27.656 V
[LIFT] V_Compute: 28.437 V
[LIFT] V_Motors: 27.684 V
[LIFT] V_Compute: 28.425 V
[LIFT] V_Motors: 27.665 V
[LIFT] V_Compute: 28.413 V
[LIFT] V_Motors: 27.665 V
[LIFT] V_Compute: 28.425 V
[LIFT] V_Motors: 27.666 V
[LIFT] V_Compute: 28.431 V
[LIFT] V_Motors: 27.667 V
[LIFT] V_Compute: 28.433 V
[LIFT] V_Motors: 27.674 V
[LIFT] V_Compute: 28.414 V
[LIFT] V_Motors: 27.680 V
[LIFT] V_Compute: 28.419 V
[LIFT] V_Motors: 27.663 V
[LIFT] V_Compute: 28.406 V
[LIFT] V_Motors: 27.663 V
[LIFT] V_Compute: 28.434 V
[LIFT] V_Motors: 27.674 V
[LIFT] V_Compute: 28.424 V
[LIFT] V_Motors: 27.663 V
[LIFT] V_Compute: 28.439 V
[LIFT] V_Motors: 27.664 V
[LIFT] V_Compute: 28.420 V
[LIFT] V_Motors: 27.667 V
[LIFT] V_Compute: 28.442 V
[LIFT] V_Motors: 27.673 V
[LIFT] V_Compute: 28.414 V
[LIFT] V_Motors: 27.667 V
[LIFT] V_Compute: 28.424 V
[LIFT] V_Motors: 27.665 V
[LIFT] V_Compute: 28.407 V
[LIFT] V_Motors: 27.663 V
[LIFT] V_Compute: 28.425 V
[LIFT] V_Motors: 27.673 V
[LIFT] V_Compute: 28.427 V
[LIFT] V_Motors: 27.663 V
[LIFT] V_Compute: 28.442 V
[LIFT] V_Motors: 27.675 V
[LIFT] V_Compute: 28.430 V
[LIFT] V_Motors: 27.673 V
[LIFT] V_Compute: 28.434 V
[LIFT] V_Motors: 27.665 V
[LIFT] V_Compute: 28.442 V
[LIFT] V_Motors: 27.670 V
[LIFT] V_Compute: 28.451 V
[LIFT] V_Motors: 27.670 V
[LIFT] V_Compute: 28.430 V
[LIFT] V_Motors: 27.663 V
[LIFT] V_Compute: 28.423 V
[LIFT] V_Motors: 27.670 V
[LIFT] V_Compute: 28.430 V
[LIFT] V_Motors: 27.661 V
[LIFT] V_Compute: 28.441 V
[LIFT] V_Motors: 27.665 V
[LIFT] V_Compute: 28.407 V
[LIFT] V_Motors: 27.659 V
[LIFT] V_Compute: 28.415 V
[LIFT] V_Motors: 27.673 V
[LIFT] V_Compute: 28.415 V
[LIFT] V_Motors: 27.664 V
[LIFT] V_Compute: 28.423 V
[LIFT] V_Motors: 27.656 V
[LIFT] V_Compute: 28.423 V
[LIFT] V_Motors: 27.667 V
[LIFT] V_Compute: 28.431 V
[LIFT] V_Motors: 27.670 V
[LIFT] V_Compute: 28.407 V
[LIFT] V_Motors: 27.663 V
[LIFT] V_Compute: 28.426 V
[LIFT] V_Motors: 27.689 V
[LIFT] V_Compute: 28.435 V
[LIFT] V_Motors: 27.677 V
[LIFT] V_Compute: 28.454 V
[LIFT] V_Motors: 27.675 V
[LIFT] V_Compute: 28.454 V
[LIFT] V_Motors: 27.670 V
[LIFT] V_Compute: 28.417 V
[LIFT] V_Motors: 27.689 V
[LIFT] V_Compute: 28.450 V
[LIFT] V_Motors: 27.661 V
[LIFT] V_Compute: 28.433 V
[LIFT] V_Motors: 27.687 V
[LIFT] V_Compute: 28.417 V
[LIFT] V_Motors: 27.677 V
[LIFT] V_Compute: 28.439 V
[LIFT] V_Motors: 27.679 V
[LIFT] V_Compute: 28.435 V
[LIFT] V_Motors: 27.674 V
[LIFT] V_Compute: 28.437 V
[LIFT] V_Motors: 27.681 V
[LIFT] V_Compute: 28.419 V
[LIFT] V_Motors: 27.670 V
[LIFT] V_Compute: 28.420 V
[LIFT] V_Motors: 27.666 V
[LIFT] V_Compute: 28.420 V
[LIFT] V_Motors: 27.673 V
[LIFT] V_Compute: 28.451 V
[LIFT] V_Motors: 27.681 V
[LIFT] V_Compute: 28.433 V
[LIFT] V_Motors: 27.685 V
[LIFT] V_Compute: 28.426 V
[LIFT] V_Motors: 27.669 V
[LIFT] V_Compute: 28.427 V
[LIFT] V_Motors: 27.680 V
[LIFT] V_Compute: 28.425 V
[LIFT] V_Motors: 27.680 V
[LIFT] V_Compute: 28.407 V
[LIFT] V_Motors: 27.679 V
[LIFT] V_Compute: 28.434 V
[LIFT] V_Motors: 27.665 V
[LIFT] V_Compute: 28.445 V
[LIFT] V_Motors: 27.654 V
[LIFT] V_Compute: 28.459 V
[LIFT] V_Motors: 27.680 V
[LIFT] V_Compute: 28.440 V
[LIFT] V_Motors: 27.686 V
[LIFT] V_Compute: 28.417 V
[LIFT] V_Motors: 27.674 V
[LIFT] V_Compute: 28.415 V
[LIFT] V_Motors: 27.673 V
[LIFT] V_Compute: 28.445 V
[LIFT] V_Motors: 27.670 V
[LIFT] V_Compute: 28.407 V
[LIFT] V_Motors: 27.670 V
[LIFT] V_Compute: 28.430 V
[LIFT] V_Motors: 27.671 V
[LIFT] V_Compute: 28.426 V
[LIFT] V_Motors: 27.679 V
[LIFT] V_Compute: 28.426 V
[LIFT] V_Motors: 27.667 V
[LIFT] V_Compute: 28.423 V
[LIFT] V_Motors: 27.675 V
[LIFT] V_Compute: 28.433 V
[LIFT] V_Motors: 27.664 V
[LIFT] V_Compute: 28.430 V
[LIFT] V_Motors: 27.675 V
[LIFT] V_Compute: 28.424 V
[LIFT] V_Motors: 27.666 V
[LIFT] V_Compute: 28.407 V
[LIFT] V_Motors: 27.676 V
[LIFT] V_Compute: 28.427 V
[LIFT] V_Motors: 27.679 V
[LIFT] V_Compute: 28.419 V
[LIFT] V_Motors: 27.679 V
[LIFT] V_Compute: 28.433 V
[LIFT] V_Motors: 27.675 V
[LIFT] V_Compute: 28.399 V
[LIFT] V_Motors: 27.664 V
[LIFT] V_Compute: 28.416 V
[LIFT] V_Motors: 27.671 V
[LIFT] V_Compute: 28.419 V
[LIFT] V_Motors: 27.670 V
[LIFT] V_Compute: 28.419 V
[LIFT] V_Motors: 27.660 V
[LIFT] V_Compute: 28.415 V
[LIFT] V_Motors: 27.676 V
[LIFT] V_Compute: 28.426 V
[LIFT] V_Motors: 27.673 V
[LIFT] V_Compute: 28.427 V
[LIFT] V_Motors: 27.665 V
[LIFT] V_Compute: 28.416 V
[LIFT] V_Motors: 27.663 V
[LIFT] V_Compute: 28.406 V
[LIFT] V_Motors: 27.667 V
[LIFT] V_Compute: 28.434 V
[LIFT] V_Motors: 27.667 V
[LIFT] V_Compute: 28.426 V
[LIFT] V_Motors: 27.674 V
[LIFT] V_Compute: 28.404 V
[LIFT] V_Motors: 27.663 V
[LIFT] V_Compute: 28.433 V
[LIFT] V_Motors: 27.674 V
[LIFT] V_Compute: 28.401 V
[LIFT] V_Motors: 27.676 V
[LIFT] V_Compute: 28.423 V
[LIFT] V_Motors: 27.669 V
[LIFT] V_Compute: 28.436 V
[LIFT] V_Motors: 27.651 V
[LIFT] V_Compute: 28.436 V
[LIFT] V_Motors: 27.686 V
[LIFT] V_Compute: 28.419 V
[LIFT] V_Motors: 27.663 V
[LIFT] V_Compute: 28.435 V
[LIFT] V_Motors: 27.665 V
[LIFT] V_Compute: 28.434 V
[LIFT] V_Motors: 27.667 V
[LIFT] V_Compute: 28.442 V
[LIFT] V_Motors: 27.667 V
[LIFT] V_Compute: 28.416 V
[LIFT] V_Motors: 27.690 V
[LIFT] V_Compute: 28.421 V
[LIFT] V_Motors: 27.675 V
[LIFT] V_Compute: 28.404 V
[LIFT] V_Motors: 27.679 V
[LIFT] V_Compute: 28.416 V
[LIFT] V_Motors: 27.677 V
[LIFT] V_Compute: 28.414 V
[LIFT] V_Motors: 27.676 V
[LIFT] V_Compute: 28.411 V
[LIFT] V_Motors: 27.680 V
[LIFT] V_Compute: 28.413 V
[LIFT] V_Motors: 27.659 V
[LIFT] V_Compute: 28.433 V
[LIFT] V_Motors: 27.670 V
[LIFT] V_Compute: 28.433 V
[LIFT] V_Motors: 27.667 V
[LIFT] V_Compute: 28.431 V
[LIFT] V_Motors: 27.685 V
[LIFT] V_Compute: 28.433 V
[LIFT] V_Motors: 27.677 V
[LIFT] V_Compute: 28.392 V
[LIFT] V_Motors: 27.676 V
[LIFT] V_Compute: 28.436 V
[LIFT] V_Motors: 27.681 V
[LIFT] V_Compute: 28.426 V
[LIFT] V_Motors: 27.676 V
[LIFT] V_Compute: 28.424 V
[LIFT] V_Motors: 27.680 V
[LIFT] V_Compute: 28.440 V
[LIFT] V_Motors: 27.674 V
[LIFT] V_Compute: 28.449 V
[LIFT] V_Motors: 27.681 V
[LIFT] V_Compute: 28.446 V
[LIFT] V_Motors: 27.685 V
[LIFT] V_Compute: 28.429 V
[LIFT] V_Motors: 27.679 V
[LIFT] V_Compute: 28.426 V
[LIFT] V_Motors: 27.663 V
[LIFT] V_Compute: 28.449 V
[LIFT] V_Motors: 27.690 V
[LIFT] V_Compute: 28.429 V
[LIFT] V_Motors: 27.701 V
[LIFT] V_Compute: 28.391 V
[LIFT] V_Motors: 27.695 V
[LIFT] V_Compute: 28.430 V
[LIFT] V_Motors: 27.677 V
[LIFT] V_Compute: 28.426 V
[LIFT] V_Motors: 27.665 V
[LIFT] V_Compute: 28.436 V
[LIFT] V_Motors: 27.675 V
[LIFT] V_Compute: 28.417 V
[LIFT] V_Motors: 27.674 V
[LIFT] V_Compute: 28.442 V
[LIFT] V_Motors: 27.681 V
[LIFT] V_Compute: 28.450 V
[LIFT] V_Motors: 27.686 V
[LIFT] V_Compute: 28.437 V
[LIFT] V_Motors: 27.690 V
[LIFT] V_Compute: 28.419 V
[LIFT] V_Motors: 27.671 V
[LIFT] V_Compute: 28.394 V
[LIFT] V_Motors: 27.671 V
[LIFT] V_Compute: 28.434 V
[LIFT] V_Motors: 27.692 V
[LIFT] V_Compute: 28.417 V
[LIFT] V_Motors: 27.680 V
[LIFT] V_Compute: 28.413 V
[LIFT] V_Motors: 27.671 V
[LIFT] V_Compute: 28.404 V
[LIFT] V_Motors: 27.671 V
[LIFT] V_Compute: 28.437 V
[LIFT] V_Motors: 27.669 V
[LIFT] V_Compute: 28.439 V
[LIFT] V_Motors: 27.684 V
[LIFT] V_Compute: 28.459 V
[LIFT] V_Motors: 27.673 V
[LIFT] V_Compute: 28.452 V
[LIFT] V_Motors: 27.686 V
[LIFT] V_Compute: 28.410 V
[LIFT] V_Motors: 27.684 V
[LIFT] V_Compute: 28.427 V
[LIFT] V_Motors: 27.677 V
[LIFT] V_Compute: 28.442 V
[LIFT] V_Motors: 27.687 V
[LIFT] V_Compute: 28.415 V
[LIFT] V_Motors: 27.687 V
[LIFT] V_Compute: 28.424 V
[LIFT] V_Motors: 27.680 V
[LIFT] V_Compute: 28.431 V
[LIFT] V_Motors: 27.691 V
[LIFT] V_Compute: 28.420 V
[LIFT] V_Motors: 27.664 V
[LIFT] V_Compute: 28.429 V
[LIFT] V_Motors: 27.667 V
[LIFT] V_Compute: 28.447 V
[LIFT] V_Motors: 27.681 V
[LIFT] V_Compute: 28.435 V
[LIFT] V_Motors: 27.676 V
[LIFT] V_Compute: 28.427 V
[LIFT] V_Motors: 27.699 V
[LIFT] V_Compute: 28.425 V
[LIFT] V_Motors: 27.687 V
[LIFT] V_Compute: 28.427 V
[LIFT] V_Motors: 27.673 V
[LIFT] V_Compute: 28.427 V
[LIFT] V_Motors: 27.661 V
[LIFT] V_Compute: 28.416 V
[LIFT] V_Motors: 27.683 V
[LIFT] V_Compute: 28.436 V
[LIFT] V_Motors: 27.689 V
[LIFT] V_Compute: 28.424 V
[LIFT] V_Motors: 27.681 V
[LIFT] V_Compute: 28.452 V
[LIFT] V_Motors: 27.684 V
[LIFT] V_Compute: 28.444 V
[LIFT] V_Motors: 27.683 V
[LIFT] V_Compute: 28.427 V
[LIFT] V_Motors: 27.675 V
[LIFT] V_Compute: 28.429 V
[LIFT] V_Motors: 27.684 V
[LIFT] V_Compute: 28.452 V
[LIFT] V_Motors: 27.683 V
[LIFT] V_Compute: 28.427 V
[LIFT] V_Motors: 27.691 V
[LIFT] V_Compute: 28.441 V
[LIFT] V_Motors: 27.690 V
[LIFT] V_Compute: 28.416 V
[LIFT] V_Motors: 27.687 V
[LIFT] V_Compute: 28.426 V
[LIFT] V_Motors: 27.684 V
[LIFT] V_Compute: 28.413 V
[LIFT] V_Motors: 27.675 V
[LIFT] V_Compute: 28.421 V
[LIFT] V_Motors: 27.685 V
[LIFT] V_Compute: 28.435 V
[LIFT] V_Motors: 27.687 V
[LIFT] V_Compute: 28.436 V
[LIFT] V_Motors: 27.681 V
[LIFT] V_Compute: 28.458 V
[LIFT] V_Motors: 27.695 V
[LIFT] V_Compute: 28.434 V
[LIFT] V_Motors: 27.681 V
[LIFT] V_Compute: 28.425 V
[LIFT] V_Motors: 27.679 V
[LIFT] V_Compute: 28.465 V
[LIFT] V_Motors: 27.684 V
[LIFT] V_Compute: 28.423 V
[LIFT] V_Motors: 27.691 V
[LIFT] V_Compute: 28.458 V
[LIFT] V_Motors: 27.694 V
[LIFT] V_Compute: 28.437 V
[LIFT] V_Motors: 27.665 V
[LIFT] V_Compute: 28.417 V
[LIFT] V_Motors: 27.675 V
[LIFT] V_Compute: 28.441 V
[LIFT] V_Motors: 27.689 V
[LIFT] V_Compute: 28.441 V
[LIFT] V_Motors: 27.667 V
[LIFT] V_Compute: 28.414 V
[LIFT] V_Motors: 27.689 V
[LIFT] V_Compute: 28.421 V
[LIFT] V_Motors: 27.687 V
[LIFT] V_Compute: 28.434 V
[LIFT] V_Motors: 27.692 V
[LIFT] V_Compute: 28.429 V
[LIFT] V_Motors: 27.671 V
[LIFT] V_Compute: 28.410 V
[LIFT] V_Motors: 27.691 V
[LIFT] V_Compute: 28.442 V
[LIFT] V_Motors: 27.687 V
[LIFT] V_Compute: 28.424 V
[LIFT] V_Motors: 27.683 V
[LIFT] V_Compute: 28.433 V
[LIFT] V_Motors: 27.681 V
[LIFT] V_Compute: 28.436 V
[LIFT] V_Motors: 27.675 V
[LIFT] V_Compute: 28.436 V
[LIFT] V_Motors: 27.684 V
[LIFT] V_Compute: 28.454 V
[LIFT] V_Motors: 27.694 V
[LIFT] V_Compute: 28.426 V
[LIFT] V_Motors: 27.704 V
[LIFT] V_Compute: 28.441 V
[LIFT] V_Motors: 27.694 V
[LIFT] V_Compute: 28.427 V
[LIFT] V_Motors: 27.687 V
[LIFT] V_Compute: 28.451 V
[LIFT] V_Motors: 27.689 V
[LIFT] V_Compute: 28.447 V
[LIFT] V_Motors: 27.677 V
[LIFT] V_Compute: 28.452 V
[LIFT] V_Motors: 27.694 V
[LIFT] V_Compute: 28.411 V
[LIFT] V_Motors: 27.686 V
[LIFT] V_Compute: 28.442 V
[LIFT] V_Motors: 27.684 V
[LIFT] V_Compute: 28.439 V
[LIFT] V_Motors: 27.690 V
[LIFT] V_Compute: 28.441 V
[LIFT] V_Motors: 27.679 V
[LIFT] V_Compute: 28.424 V
[LIFT] V_Motors: 27.691 V
[LIFT] V_Compute: 28.445 V
[LIFT] V_Motors: 27.686 V
[LIFT] V_Compute: 28.429 V
[LIFT] V_Motors: 27.685 V
[LIFT] V_Compute: 28.444 V
[LIFT] V_Motors: 27.685 V
[LIFT] V_Compute: 28.425 V
[LIFT] V_Motors: 27.689 V
[LIFT] V_Compute: 28.440 V
[LIFT] V_Motors: 27.681 V
[LIFT] V_Compute: 28.433 V
[LIFT] V_Motors: 27.684 V
[LIFT] V_Compute: 28.423 V
[LIFT] V_Motors: 27.681 V
[LIFT] V_Compute: 28.442 V
[LIFT] V_Motors: 27.681 V
[LIFT] V_Compute: 28.434 V
[LIFT] V_Motors: 27.683 V
[LIFT] V_Compute: 28.434 V
[LIFT] V_Motors: 27.690 V
[LIFT] V_Compute: 28.430 V
[LIFT] V_Motors: 27.683 V
[LIFT] V_Compute: 28.421 V
[LIFT] V_Motors: 27.669 V
[LIFT] V_Compute: 28.421 V
[LIFT] V_Motors: 27.669 V
[LIFT] V_Compute: 28.456 V
[LIFT] V_Motors: 27.686 V
[LIFT] V_Compute: 28.421 V
[LIFT] V_Motors: 27.684 V
[LIFT] V_Compute: 28.440 V
[LIFT] V_Motors: 27.680 V
[LIFT] V_Compute: 28.431 V
[LIFT] V_Motors: 27.666 V
[LIFT] V_Compute: 28.441 V
[LIFT] V_Motors: 27.679 V
[LIFT] V_Compute: 28.446 V
[LIFT] V_Motors: 27.673 V
[LIFT] V_Compute: 28.442 V
[LIFT] V_Motors: 27.684 V
[LIFT] V_Compute: 28.436 V
[LIFT] V_Motors: 27.706 V
[LIFT] V_Compute: 28.437 V
[LIFT] V_Motors: 27.696 V
[LIFT] V_Compute: 28.436 V
[LIFT] V_Motors: 27.702 V
[LIFT] V_Compute: 28.458 V
[LIFT] V_Motors: 27.684 V
[LIFT] V_Compute: 28.464 V
[LIFT] V_Motors: 27.676 V
[LIFT] V_Compute: 28.399 V
[LIFT] V_Motors: 27.685 V
[LIFT] V_Compute: 28.439 V
[LIFT] V_Motors: 27.687 V
[LIFT] V_Compute: 28.415 V
[LIFT] V_Motors: 27.689 V
[LIFT] V_Compute: 28.458 V
[LIFT] V_Motors: 27.700 V
[LIFT] V_Compute: 28.434 V
[LIFT] V_Motors: 27.685 V
[LIFT] V_Compute: 28.407 V
[LIFT] V_Motors: 27.699 V
[LIFT] V_Compute: 28.423 V
[LIFT] V_Motors: 27.692 V
[LIFT] V_Compute: 28.449 V
[LIFT] V_Motors: 27.680 V
[LIFT] V_Compute: 28.444 V
[LIFT] V_Motors: 27.679 V
[LIFT] V_Compute: 28.425 V
[LIFT] V_Motors: 27.684 V
[LIFT] V_Compute: 28.416 V
[LIFT] V_Motors: 27.690 V
[LIFT] V_Compute: 28.417 V
[LIFT] V_Motors: 27.694 V
[LIFT] V_Compute: 28.430 V
[LIFT] V_Motors: 27.675 V
[LIFT] V_Compute: 28.441 V
[LIFT] V_Motors: 27.694 V
[LIFT] V_Compute: 28.430 V
[LIFT] V_Motors: 27.694 V
[LIFT] V_Compute: 28.435 V
[LIFT] V_Motors: 27.690 V
[LIFT] V_Compute: 28.444 V
[LIFT] V_Motors: 27.684 V
[LIFT] V_Compute: 28.441 V
[LIFT] V_Motors: 27.686 V
[LIFT] V_Compute: 28.452 V
[LIFT] V_Motors: 27.679 V
[LIFT] V_Compute: 28.442 V
[LIFT] V_Motors: 27.686 V
[LIFT] V_Compute: 28.424 V
[LIFT] V_Motors: 27.686 V
[LIFT] V_Compute: 28.464 V
[LIFT] V_Motors: 27.683 V
[LIFT] V_Compute: 28.440 V
[LIFT] V_Motors: 27.685 V
[LIFT] V_Compute: 28.446 V
[LIFT] V_Motors: 27.690 V
[LIFT] V_Compute: 28.439 V
[LIFT] V_Motors: 27.689 V
[LIFT] V_Compute: 28.442 V
[LIFT] V_Motors: 27.680 V
[LIFT] V_Compute: 28.425 V
[LIFT] V_Motors: 27.669 V
[LIFT] V_Compute: 28.442 V
[LIFT] V_Motors: 27.697 V
[LIFT] V_Compute: 28.435 V
[LIFT] V_Motors: 27.690 V
[LIFT] V_Compute: 28.430 V
[LIFT] V_Motors: 27.681 V
[LIFT] V_Compute: 28.431 V
[LIFT] V_Motors: 27.676 V
[LIFT] V_Compute: 28.419 V
[LIFT] V_Motors: 27.665 V
[LIFT] V_Compute: 28.426 V
[LIFT] V_Motors: 27.699 V
[LIFT] V_Compute: 28.406 V
[LIFT] V_Motors: 27.694 V
[LIFT] V_Compute: 28.425 V
[LIFT] V_Motors: 27.690 V
[LIFT] V_Compute: 28.427 V
[LIFT] V_Motors: 27.673 V
[LIFT] V_Compute: 28.441 V
[LIFT] V_Motors: 27.674 V
[LIFT] V_Compute: 28.427 V
[LIFT] V_Motors: 27.676 V
[LIFT] V_Compute: 28.469 V
[LIFT] V_Motors: 27.704 V
[LIFT] V_Compute: 28.439 V
[LIFT] V_Motors: 27.686 V
[LIFT] V_Compute: 28.454 V
[LIFT] V_Motors: 27.675 V
[LIFT] V_Compute: 28.447 V
[LIFT] V_Motors: 27.684 V
[LIFT] V_Compute: 28.430 V
[LIFT] V_Motors: 27.689 V
[LIFT] V_Compute: 28.427 V
[LIFT] V_Motors: 27.690 V
[LIFT] V_Compute: 28.437 V
[LIFT] V_Motors: 27.677 V
[LIFT] V_Compute: 28.417 V
[LIFT] V_Motors: 27.686 V
[LIFT] V_Compute: 28.445 V
[LIFT] V_Motors: 27.691 V
[LIFT] V_Compute: 28.454 V
[LIFT] V_Motors: 27.680 V
[LIFT] V_Compute: 28.450 V
[LIFT] V_Motors: 27.699 V
[LIFT] V_Compute: 28.444 V
[LIFT] V_Motors: 27.701 V
[LIFT] V_Compute: 28.436 V
[LIFT] V_Motors: 27.697 V
[LIFT] V_Compute: 28.424 V
[LIFT] V_Motors: 27.687 V
[LIFT] V_Compute: 28.416 V
[LIFT] V_Motors: 27.691 V
[LIFT] V_Compute: 28.446 V
[LIFT] V_Motors: 27.692 V
[LIFT] V_Compute: 28.431 V
[LIFT] V_Motors: 27.685 V
[LIFT] V_Compute: 28.430 V
[LIFT] V_Motors: 27.687 V
[LIFT] V_Compute: 28.445 V
[LIFT] V_Motors: 27.700 V
[LIFT] V_Compute: 28.451 V
[LIFT] V_Motors: 27.697 V
[LIFT] V_Compute: 28.442 V
[LIFT] V_Motors: 27.701 V
[LIFT] V_Compute: 28.439 V
[LIFT] V_Motors: 27.700 V
[LIFT] V_Compute: 28.424 V
[LIFT] V_Motors: 27.694 V
[LIFT] V_Compute: 28.433 V
[LIFT] V_Motors: 27.687 V
[LIFT] V_Compute: 28.436 V
[LIFT] V_Motors: 27.690 V
[LIFT] V_Compute: 28.414 V
[LIFT] V_Motors: 27.687 V
[LIFT] V_Compute: 28.424 V
[LIFT] V_Motors: 27.691 V
[LIFT] V_Compute: 28.442 V
[LIFT] V_Motors: 27.700 V
[LIFT] V_Compute: 28.427 V
[LIFT] V_Motors: 27.694 V
[LIFT] V_Compute: 28.442 V
[LIFT] V_Motors: 27.701 V
[LIFT] V_Compute: 28.447 V
[LIFT] V_Motors: 27.692 V
[LIFT] V_Compute: 28.450 V
[LIFT] V_Motors: 27.697 V
[LIFT] V_Compute: 28.442 V
[LIFT] V_Motors: 27.692 V
[LIFT] V_Compute: 28.411 V
[LIFT] V_Motors: 27.674 V
[LIFT] V_Compute: 28.437 V
[LIFT] V_Motors: 27.696 V
[LIFT] V_Compute: 28.449 V
[LIFT] V_Motors: 27.684 V
[LIFT] V_Compute: 28.440 V
[LIFT] V_Motors: 27.696 V
[LIFT] V_Compute: 28.425 V
[LIFT] V_Motors: 27.695 V
[LIFT] V_Compute: 28.441 V
[LIFT] V_Motors: 27.694 V
[LIFT] V_Compute: 28.454 V
[LIFT] V_Motors: 27.691 V
[LIFT] V_Compute: 28.439 V
[LIFT] V_Motors: 27.699 V
[LIFT] V_Compute: 28.434 V
[LIFT] V_Motors: 27.694 V
[LIFT] V_Compute: 28.459 V
[LIFT] V_Motors: 27.715 V
[LIFT] V_Compute: 28.456 V
[LIFT] V_Motors: 27.691 V
[LIFT] V_Compute: 28.455 V
[LIFT] V_Motors: 27.709 V
[LIFT] V_Compute: 28.446 V
[LIFT] V_Motors: 27.681 V
[LIFT] V_Compute: 28.437 V
[LIFT] V_Motors: 27.686 V
[LIFT] V_Compute: 28.442 V
[LIFT] V_Motors: 27.689 V
[LIFT] V_Compute: 28.424 V
[LIFT] V_Motors: 27.700 V
[LIFT] V_Compute: 28.447 V
[LIFT] V_Motors: 27.689 V
[LIFT] V_Compute: 28.468 V
[LIFT] V_Motors: 27.701 V
[LIFT] V_Compute: 28.439 V
[LIFT] V_Motors: 27.697 V
[LIFT] V_Compute: 28.452 V
[LIFT] V_Motors: 27.695 V
[LIFT] V_Compute: 28.420 V
[LIFT] V_Motors: 27.705 V
[LIFT] V_Compute: 28.437 V
[LIFT] V_Motors: 27.702 V
[LIFT] V_Compute: 28.436 V
[LIFT] V_Motors: 27.691 V
[LIFT] V_Compute: 28.449 V
[LIFT] V_Motors: 27.696 V
[LIFT] V_Compute: 28.449 V
[LIFT] V_Motors: 27.701 V
[LIFT] V_Compute: 28.456 V
[LIFT] V_Motors: 27.686 V
[LIFT] V_Compute: 28.437 V
[LIFT] V_Motors: 27.706 V
[LIFT] V_Compute: 28.445 V
[LIFT] V_Motors: 27.710 V
[LIFT] V_Compute: 28.455 V
[LIFT] V_Motors: 27.704 V
[LIFT] V_Compute: 28.458 V
[LIFT] V_Motors: 27.699 V
[LIFT] V_Compute: 28.451 V
[LIFT] V_Motors: 27.701 V
[LIFT] V_Compute: 28.445 V
[LIFT] V_Motors: 27.706 V
[LIFT] V_Compute: 28.450 V
[LIFT] V_Motors: 27.691 V
[LIFT] V_Compute: 28.430 V
[LIFT] V_Motors: 27.699 V
[LIFT] V_Compute: 28.445 V
[LIFT] V_Motors: 27.704 V
[LIFT] V_Compute: 28.439 V
[LIFT] V_Motors: 27.712 V
[LIFT] V_Compute: 28.437 V
[LIFT] V_Motors: 27.692 V
[LIFT] V_Compute: 28.427 V
[LIFT] V_Motors: 27.699 V
[LIFT] V_Compute: 28.439 V
[LIFT] V_Motors: 27.709 V
[LIFT] V_Compute: 28.425 V
[LIFT] V_Motors: 27.692 V
[LIFT] V_Compute: 28.426 V
[LIFT] V_Motors: 27.700 V
[LIFT] V_Compute: 28.446 V
[LIFT] V_Motors: 27.704 V
[LIFT] V_Compute: 28.437 V
[LIFT] V_Motors: 27.696 V
[LIFT] V_Compute: 28.451 V
[LIFT] V_Motors: 27.697 V
[LIFT] V_Compute: 28.424 V
[LIFT] V_Motors: 27.705 V
[LIFT] V_Compute: 28.462 V
[LIFT] V_Motors: 27.704 V
[LIFT] V_Compute: 28.440 V
[LIFT] V_Motors: 27.696 V
[LIFT] V_Compute: 28.446 V
[LIFT] V_Motors: 27.699 V
[LIFT] V_Compute: 28.442 V
[LIFT] V_Motors: 27.701 V
[LIFT] V_Compute: 28.447 V
[LIFT] V_Motors: 27.695 V
[LIFT] V_Compute: 28.452 V
[LIFT] V_Motors: 27.671 V
[LIFT] V_Compute: 28.439 V
[LIFT] V_Motors: 27.691 V
[LIFT] V_Compute: 28.452 V
[LIFT] V_Motors: 27.699 V
[LIFT] V_Compute: 28.445 V
[LIFT] V_Motors: 27.697 V
[LIFT] V_Compute: 28.471 V
[LIFT] V_Motors: 27.714 V
[LIFT] V_Compute: 28.439 V
[LIFT] V_Motors: 27.701 V
[LIFT] V_Compute: 28.439 V
[LIFT] V_Motors: 27.710 V
[LIFT] V_Compute: 28.460 V
[LIFT] V_Motors: 27.694 V
[LIFT] V_Compute: 28.437 V
[LIFT] V_Motors: 27.692 V
[LIFT] V_Compute: 28.425 V
[LIFT] V_Motors: 27.695 V
[LIFT] V_Compute: 28.459 V
[LIFT] V_Motors: 27.706 V
[LIFT] V_Compute: 28.442 V
[LIFT] V_Motors: 27.696 V
[LIFT] V_Compute: 28.414 V
[LIFT] V_Motors: 27.686 V
[LIFT] V_Compute: 28.449 V
[LIFT] V_Motors: 27.720 V
[LIFT] V_Compute: 28.442 V
[LIFT] V_Motors: 27.691 V
[LIFT] V_Compute: 28.447 V
[LIFT] V_Motors: 27.704 V
[LIFT] V_Compute: 28.459 V
[LIFT] V_Motors: 27.692 V
[LIFT] V_Compute: 28.442 V
[LIFT] V_Motors: 27.701 V
[LIFT] V_Compute: 28.459 V
[LIFT] V_Motors: 27.694 V
[LIFT] V_Compute: 28.441 V
[LIFT] V_Motors: 27.701 V
[LIFT] V_Compute: 28.434 V
[LIFT] V_Motors: 27.696 V
[LIFT] V_Compute: 28.451 V
[LIFT] V_Motors: 27.699 V
[LIFT] V_Compute: 28.442 V
[LIFT] V_Motors: 27.696 V
[LIFT] V_Compute: 28.464 V
[LIFT] V_Motors: 27.694 V
[LIFT] V_Compute: 28.451 V
[LIFT] V_Motors: 27.714 V
[LIFT] V_Compute: 28.441 V
[LIFT] V_Motors: 27.708 V
[LIFT] V_Compute: 28.440 V
[LIFT] V_Motors: 27.697 V
[LIFT] V_Compute: 28.466 V
[LIFT] V_Motors: 27.708 V
[LIFT] V_Compute: 28.446 V
[LIFT] V_Motors: 27.704 V
[LIFT] V_Compute: 28.446 V
[LIFT] V_Motors: 27.694 V
[LIFT] V_Compute: 28.446 V
[LIFT] V_Motors: 27.704 V
[LIFT] V_Compute: 28.430 V
[LIFT] V_Motors: 27.701 V
[LIFT] V_Compute: 28.440 V
[LIFT] V_Motors: 27.700 V
[LIFT] V_Compute: 28.447 V
[LIFT] V_Motors: 27.701 V
[LIFT] V_Compute: 28.456 V
[LIFT] V_Motors: 27.691 V
[LIFT] V_Compute: 28.442 V
[LIFT] V_Motors: 27.686 V
[LIFT] V_Compute: 28.450 V
[LIFT] V_Motors: 27.696 V
[LIFT] V_Compute: 28.429 V
[LIFT] V_Motors: 27.705 V
[LIFT] V_Compute: 28.427 V
[LIFT] V_Motors: 27.706 V
[LIFT] V_Compute: 28.424 V
[LIFT] V_Motors: 27.700 V
[LIFT] V_Compute: 28.441 V
[LIFT] V_Motors: 27.715 V
[LIFT] V_Compute: 28.429 V
[LIFT] V_Motors: 27.690 V
[LIFT] V_Compute: 28.450 V
[LIFT] V_Motors: 27.704 V
[LIFT] V_Compute: 28.433 V
[LIFT] V_Motors: 27.706 V
[LIFT] V_Compute: 28.461 V
[LIFT] V_Motors: 27.708 V
[LIFT] V_Compute: 28.416 V
[LIFT] V_Motors: 27.660 V
[LIFT] V_Compute: 28.435 V
[LIFT] V_Motors: 27.700 V
[LIFT] V_Compute: 28.447 V
[LIFT] V_Motors: 27.692 V
[LIFT] V_Compute: 28.446 V
[LIFT] V_Motors: 27.700 V
[LIFT] V_Compute: 28.436 V
[LIFT] V_Motors: 27.704 V
[LIFT] V_Compute: 28.439 V
[LIFT] V_Motors: 27.687 V
[LIFT] V_Compute: 28.444 V
[LIFT] V_Motors: 27.705 V
[LIFT] V_Compute: 28.427 V
[LIFT] V_Motors: 27.714 V
[LIFT] V_Compute: 28.440 V
[LIFT] V_Motors: 27.711 V
[LIFT] V_Compute: 28.442 V
[LIFT] V_Motors: 27.699 V
[LIFT] V_Compute: 28.421 V
[LIFT] V_Motors: 27.706 V
[LIFT] V_Compute: 28.436 V
[LIFT] V_Motors: 27.700 V
[LIFT] V_Compute: 28.445 V
[LIFT] V_Motors: 27.705 V
[LIFT] V_Compute: 28.454 V
[LIFT] V_Motors: 27.706 V
[LIFT] V_Compute: 28.436 V
[LIFT] V_Motors: 27.696 V
[LIFT] V_Compute: 28.427 V
[LIFT] V_Motors: 27.704 V
[LIFT] V_Compute: 28.442 V
[LIFT] V_Motors: 27.705 V
[LIFT] V_Compute: 28.445 V
[LIFT] V_Motors: 27.708 V
[LIFT] V_Compute: 28.440 V
[LIFT] V_Motors: 27.694 V
[LIFT] V_Compute: 28.449 V
[LIFT] V_Motors: 27.701 V
[LIFT] V_Compute: 28.435 V
[LIFT] V_Motors: 27.710 V
[LIFT] V_Compute: 28.446 V
[LIFT] V_Motors: 27.710 V
[LIFT] V_Compute: 28.450 V
[LIFT] V_Motors: 27.692 V
[LIFT] V_Compute: 28.474 V
[LIFT] V_Motors: 27.704 V
[LIFT] V_Compute: 28.444 V
[LIFT] V_Motors: 27.705 V
[LIFT] V_Compute: 28.465 V
[LIFT] V_Motors: 27.701 V
[LIFT] V_Compute: 28.440 V
[LIFT] V_Motors: 27.718 V
[LIFT] V_Compute: 28.434 V
[LIFT] V_Motors: 27.711 V
[LIFT] V_Compute: 28.459 V
[LIFT] V_Motors: 27.696 V
[LIFT] V_Compute: 28.449 V
[LIFT] V_Motors: 27.708 V
[LIFT] V_Compute: 28.435 V
[LIFT] V_Motors: 27.714 V
[LIFT] V_Compute: 28.459 V
[LIFT] V_Motors: 27.710 V
[LIFT] V_Compute: 28.451 V
[LIFT] V_Motors: 27.700 V
[LIFT] V_Compute: 28.445 V
[LIFT] V_Motors: 27.706 V
[LIFT] V_Compute: 28.441 V
[LIFT] V_Motors: 27.705 V
[LIFT] V_Compute: 28.439 V
[LIFT] V_Motors: 27.701 V
[LIFT] V_Compute: 28.434 V
[LIFT] V_Motors: 27.714 V
[LIFT] V_Compute: 28.460 V
[LIFT] V_Motors: 27.696 V
[LIFT] V_Compute: 28.444 V
[LIFT] V_Motors: 27.710 V
[LIFT] V_Compute: 28.472 V
[LIFT] V_Motors: 27.718 V
[LIFT] V_Compute: 28.437 V
[LIFT] V_Motors: 27.705 V
[LIFT] V_Compute: 28.446 V
[LIFT] V_Motors: 27.710 V
[LIFT] V_Compute: 28.431 V
[LIFT] V_Motors: 27.716 V
[LIFT] V_Compute: 28.458 V
[LIFT] V_Motors: 27.712 V
[LIFT] V_Compute: 28.439 V
[LIFT] V_Motors: 27.716 V
[LIFT] V_Compute: 28.464 V
[LIFT] V_Motors: 27.708 V
[LIFT] V_Compute: 28.452 V
[LIFT] V_Motors: 27.719 V
[LIFT] V_Compute: 28.451 V
[LIFT] V_Motors: 27.712 V
[LIFT] V_Compute: 28.442 V
[LIFT] V_Motors: 27.719 V
[LIFT] V_Compute: 28.469 V
[LIFT] V_Motors: 27.714 V
[LIFT] V_Compute: 28.460 V
[LIFT] V_Motors: 27.702 V
[LIFT] V_Compute: 28.441 V
[LIFT] V_Motors: 27.708 V
[LIFT] V_Compute: 28.454 V
[LIFT] V_Motors: 27.705 V
[LIFT] V_Compute: 28.435 V
[LIFT] V_Motors: 27.708 V
[LIFT] V_Compute: 28.425 V
[LIFT] V_Motors: 27.706 V
[LIFT] V_Compute: 28.452 V
[LIFT] V_Motors: 27.699 V
[LIFT] V_Compute: 28.430 V
[LIFT] V_Motors: 27.719 V
[LIFT] V_Compute: 28.451 V
[LIFT] V_Motors: 27.715 V
[LIFT] V_Compute: 28.452 V
[LIFT] V_Motors: 27.711 V
[LIFT] V_Compute: 28.427 V
[LIFT] V_Motors: 27.714 V
[LIFT] V_Compute: 28.455 V
[LIFT] V_Motors: 27.710 V
[LIFT] V_Compute: 28.450 V
[LIFT] V_Motors: 27.712 V
[LIFT] V_Compute: 28.445 V
[LIFT] V_Motors: 27.706 V
[LIFT] V_Compute: 28.462 V
[LIFT] V_Motors: 27.700 V
[LIFT] V_Compute: 28.458 V
[LIFT] V_Motors: 27.706 V
[LIFT] V_Compute: 28.486 V
[LIFT] V_Motors: 27.697 V
[LIFT] V_Compute: 28.436 V
[LIFT] V_Motors: 27.716 V
[LIFT] V_Compute: 28.444 V
[LIFT] V_Motors: 27.684 V
[LIFT] V_Compute: 28.450 V
[LIFT] V_Motors: 27.701 V
[LIFT] V_Compute: 28.449 V
[LIFT] V_Motors: 27.708 V
[LIFT] V_Compute: 28.462 V
[LIFT] V_Motors: 27.711 V
[LIFT] V_Compute: 28.442 V
[LIFT] V_Motors: 27.718 V
[LIFT] V_Compute: 28.466 V
[LIFT] V_Motors: 27.710 V
[LIFT] V_Compute: 28.427 V
[LIFT] V_Motors: 27.696 V
[LIFT] V_Compute: 28.470 V
[LIFT] V_Motors: 27.695 V
[LIFT] V_Compute: 28.430 V
[LIFT] V_Motors: 27.712 V
[LIFT] V_Compute: 28.455 V
[LIFT] V_Motors: 27.711 V
[LIFT] V_Compute: 28.450 V
[LIFT] V_Motors: 27.712 V
[LIFT] V_Compute: 28.455 V
[LIFT] V_Motors: 27.716 V
[LIFT] V_Compute: 28.460 V
[LIFT] V_Motors: 27.709 V
[LIFT] V_Compute: 28.442 V
[LIFT] V_Motors: 27.715 V
[LIFT] V_Compute: 28.445 V
[LIFT] V_Motors: 27.730 V
[LIFT] V_Compute: 28.430 V
[LIFT] V_Motors: 27.718 V
[LIFT] V_Compute: 28.452 V
[LIFT] V_Motors: 27.720 V
[LIFT] V_Compute: 28.444 V
[LIFT] V_Motors: 27.714 V
[LIFT] V_Compute: 28.460 V
[LIFT] V_Motors: 27.705 V
[LIFT] V_Compute: 28.430 V
[LIFT] V_Motors: 27.716 V
[LIFT] V_Compute: 28.441 V
[LIFT] V_Motors: 27.711 V
[LIFT] V_Compute: 28.437 V
[LIFT] V_Motors: 27.696 V
[LIFT] V_Compute: 28.441 V
[LIFT] V_Motors: 27.708 V
[LIFT] V_Compute: 28.441 V
[LIFT] V_Motors: 27.709 V
[LIFT] V_Compute: 28.446 V
[LIFT] V_Motors: 27.705 V
[LIFT] V_Compute: 28.442 V
[LIFT] V_Motors: 27.706 V
[LIFT] V_Compute: 28.450 V
[LIFT] V_Motors: 27.711 V
[LIFT] V_Compute: 28.437 V
[LIFT] V_Motors: 27.710 V
[LIFT] V_Compute: 28.439 V
[LIFT] V_Motors: 27.716 V
[LIFT] V_Compute: 28.427 V
[LIFT] V_Motors: 27.714 V
[LIFT] V_Compute: 28.446 V
[LIFT] V_Motors: 27.716 V
[LIFT] V_Compute: 28.419 V
[LIFT] V_Motors: 27.712 V
[LIFT] V_Compute: 28.437 V
[LIFT] V_Motors: 27.699 V
[LIFT] V_Compute: 28.452 V
[LIFT] V_Motors: 27.702 V
[LIFT] V_Compute: 28.439 V
[LIFT] V_Motors: 27.718 V
[LIFT] V_Compute: 28.445 V
[LIFT] V_Motors: 27.708 V
[LIFT] V_Compute: 28.427 V
[LIFT] V_Motors: 27.710 V
[LIFT] V_Compute: 28.439 V
[LIFT] V_Motors: 27.719 V
[LIFT] V_Compute: 28.451 V
[LIFT] V_Motors: 27.716 V
[LIFT] V_Compute: 28.434 V
[LIFT] V_Motors: 27.706 V
[LIFT] V_Compute: 28.468 V
[LIFT] V_Motors: 27.718 V
[LIFT] V_Compute: 28.441 V
[LIFT] V_Motors: 27.706 V
[LIFT] V_Compute: 28.456 V
[LIFT] V_Motors: 27.705 V
[LIFT] V_Compute: 28.444 V
[LIFT] V_Motors: 27.702 V
[LIFT] V_Compute: 28.459 V
[LIFT] V_Motors: 27.708 V
[LIFT] V_Compute: 28.456 V
[LIFT] V_Motors: 27.705 V
[LIFT] V_Compute: 28.442 V
[LIFT] V_Motors: 27.712 V
[LIFT] V_Compute: 28.460 V
[LIFT] V_Motors: 27.706 V
[LIFT] V_Compute: 28.440 V
[LIFT] V_Motors: 27.722 V
[LIFT] V_Compute: 28.445 V
[LIFT] V_Motors: 27.710 V
[LIFT] V_Compute: 28.446 V
[LIFT] V_Motors: 27.714 V
[LIFT] V_Compute: 28.469 V
[LIFT] V_Motors: 27.702 V
[LIFT] V_Compute: 28.451 V
[LIFT] V_Motors: 27.712 V
[LIFT] V_Compute: 28.455 V
[LIFT] V_Motors: 27.714 V
[LIFT] V_Compute: 28.476 V
[LIFT] V_Motors: 27.712 V
[LIFT] V_Compute: 28.447 V
[LIFT] V_Motors: 27.709 V
[LIFT] V_Compute: 28.439 V
[LIFT] V_Motors: 27.712 V
[LIFT] V_Compute: 28.451 V
[LIFT] V_Motors: 27.709 V
[LIFT] V_Compute: 28.460 V
[LIFT] V_Motors: 27.714 V
[LIFT] V_Compute: 28.440 V
[LIFT] V_Motors: 27.721 V
[LIFT] V_Compute: 28.449 V
[LIFT] V_Motors: 27.721 V
[LIFT] V_Compute: 28.433 V
[LIFT] V_Motors: 27.722 V
[LIFT] V_Compute: 28.427 V
[LIFT] V_Motors: 27.701 V
[LIFT] V_Compute: 28.440 V
[LIFT] V_Motors: 27.715 V
[LIFT] V_Compute: 28.455 V
[LIFT] V_Motors: 27.708 V
[LIFT] V_Compute: 28.471 V
[LIFT] V_Motors: 27.695 V
[LIFT] V_Compute: 28.450 V
[LIFT] V_Motors: 27.710 V
[LIFT] V_Compute: 28.451 V
[LIFT] V_Motors: 27.704 V
[LIFT] V_Compute: 28.449 V
[LIFT] V_Motors: 27.712 V
[LIFT] V_Compute: 28.452 V
[LIFT] V_Motors: 27.719 V
[LIFT] V_Compute: 28.439 V
[LIFT] V_Motors: 27.706 V
[LIFT] V_Compute: 28.439 V
[LIFT] V_Motors: 27.714 V
[LIFT] V_Compute: 28.447 V
[LIFT] V_Motors: 27.722 V
[LIFT] V_Compute: 28.439 V
[LIFT] V_Motors: 27.711 V
[LIFT] V_Compute: 28.456 V
[LIFT] V_Motors: 27.712 V
[LIFT] V_Compute: 28.446 V
[LIFT] V_Motors: 27.737 V
[LIFT] V_Compute: 28.476 V
[LIFT] V_Motors: 27.724 V
[LIFT] V_Compute: 28.460 V
[LIFT] V_Motors: 27.709 V
[LIFT] V_Compute: 28.475 V
[LIFT] V_Motors: 27.726 V
[LIFT] V_Compute: 28.441 V
[LIFT] V_Motors: 27.708 V
[LIFT] V_Compute: 28.456 V
[LIFT] V_Motors: 27.720 V
[LIFT] V_Compute: 28.434 V
[LIFT] V_Motors: 27.721 V
[LIFT] V_Compute: 28.449 V
[LIFT] V_Motors: 27.715 V
[LIFT] V_Compute: 28.433 V
[LIFT] V_Motors: 27.718 V
[LIFT] V_Compute: 28.466 V
[LIFT] V_Motors: 27.722 V
[LIFT] V_Compute: 28.465 V
[LIFT] V_Motors: 27.718 V
[LIFT] V_Compute: 28.456 V
[LIFT] V_Motors: 27.716 V
[LIFT] V_Compute: 28.454 V
[LIFT] V_Motors: 27.715 V
[LIFT] V_Compute: 28.441 V
[LIFT] V_Motors: 27.726 V
[LIFT] V_Compute: 28.459 V
[LIFT] V_Motors: 27.712 V
[LIFT] V_Compute: 28.439 V
[LIFT] V_Motors: 27.719 V
[LIFT] V_Compute: 28.436 V
[LIFT] V_Motors: 27.714 V
[LIFT] V_Compute: 28.465 V
[LIFT] V_Motors: 27.712 V
[LIFT] V_Compute: 28.454 V
[LIFT] V_Motors: 27.706 V
[LIFT] V_Compute: 28.444 V
[LIFT] V_Motors: 27.710 V
[LIFT] V_Compute: 28.441 V
[LIFT] V_Motors: 27.705 V
[LIFT] V_Compute: 28.465 V
[LIFT] V_Motors: 27.711 V
[LIFT] V_Compute: 28.449 V
[LIFT] V_Motors: 27.710 V
[LIFT] V_Compute: 28.469 V
[LIFT] V_Motors: 27.706 V
[LIFT] V_Compute: 28.451 V
[LIFT] V_Motors: 27.728 V
[LIFT] V_Compute: 28.458 V
[LIFT] V_Motors: 27.722 V
[LIFT] V_Compute: 28.440 V
[LIFT] V_Motors: 27.710 V
[LIFT] V_Compute: 28.446 V
[LIFT] V_Motors: 27.709 V
[LIFT] V_Compute: 28.465 V
[LIFT] V_Motors: 27.712 V
[LIFT] V_Compute: 28.458 V
[LIFT] V_Motors: 27.728 V
[LIFT] V_Compute: 28.469 V
[LIFT] V_Motors: 27.714 V
[LIFT] V_Compute: 28.455 V
[LIFT] V_Motors: 27.712 V
[LIFT] V_Compute: 28.436 V
[LIFT] V_Motors: 27.705 V
[LIFT] V_Compute: 28.454 V
[LIFT] V_Motors: 27.724 V
[LIFT] V_Compute: 28.464 V
[LIFT] V_Motors: 27.709 V
[LIFT] V_Compute: 28.441 V
[LIFT] V_Motors: 27.720 V
[LIFT] V_Compute: 28.423 V
[LIFT] V_Motors: 27.715 V
[LIFT] V_Compute: 28.450 V
[LIFT] V_Motors: 27.714 V
[LIFT] V_Compute: 28.454 V
[LIFT] V_Motors: 27.726 V
[LIFT] V_Compute: 28.439 V
[LIFT] V_Motors: 27.719 V
[LIFT] V_Compute: 28.466 V
[LIFT] V_Motors: 27.711 V
[LIFT] V_Compute: 28.442 V
[LIFT] V_Motors: 27.725 V
[LIFT] V_Compute: 28.444 V
[LIFT] V_Motors: 27.728 V
[LIFT] V_Compute: 28.452 V
[LIFT] V_Motors: 27.715 V
[LIFT] V_Compute: 28.475 V
[LIFT] V_Motors: 27.719 V
[LIFT] V_Compute: 28.466 V
[LIFT] V_Motors: 27.712 V
[LIFT] V_Compute: 28.459 V
[LIFT] V_Motors: 27.726 V
[LIFT] V_Compute: 28.440 V
[LIFT] V_Motors: 27.728 V
[LIFT] V_Compute: 28.459 V
[LIFT] V_Motors: 27.721 V
[LIFT] V_Compute: 28.444 V
[LIFT] V_Motors: 27.726 V
[LIFT] V_Compute: 28.445 V
[LIFT] V_Motors: 27.722 V
[LIFT] V_Compute: 28.458 V
[LIFT] V_Motors: 27.716 V
[LIFT] V_Compute: 28.449 V
[LIFT] V_Motors: 27.718 V
[LIFT] V_Compute: 28.445 V
[LIFT] V_Motors: 27.726 V
[LIFT] V_Compute: 28.470 V
[LIFT] V_Motors: 27.718 V
[LIFT] V_Compute: 28.442 V
[LIFT] V_Motors: 27.720 V
[LIFT] V_Compute: 28.445 V
[LIFT] V_Motors: 27.725 V
[LIFT] V_Compute: 28.468 V
[LIFT] V_Motors: 27.722 V
[LIFT] V_Compute: 28.444 V
[LIFT] V_Motors: 27.712 V
[LIFT] V_Compute: 28.464 V
[LIFT] V_Motors: 27.716 V
[LIFT] V_Compute: 28.465 V
[LIFT] V_Motors: 27.722 V
[LIFT] V_Compute: 28.468 V
[LIFT] V_Motors: 27.730 V
[LIFT] V_Compute: 28.459 V
[LIFT] V_Motors: 27.725 V
[LIFT] V_Compute: 28.456 V
[LIFT] V_Motors: 27.716 V
[LIFT] V_Compute: 28.458 V
[LIFT] V_Motors: 27.724 V
[LIFT] V_Compute: 28.455 V
[LIFT] V_Motors: 27.719 V
[LIFT] V_Compute: 28.440 V
[LIFT] V_Motors: 27.715 V
[LIFT] V_Compute: 28.460 V
[LIFT] V_Motors: 27.720 V
[LIFT] V_Compute: 28.445 V
[LIFT] V_Motors: 27.710 V
[LIFT] V_Compute: 28.456 V
[LIFT] V_Motors: 27.725 V
[LIFT] V_Compute: 28.434 V
[LIFT] V_Motors: 27.735 V
[LIFT] V_Compute: 28.442 V
[LIFT] V_Motors: 27.708 V
[LIFT] V_Compute: 28.444 V
[LIFT] V_Motors: 27.739 V
[LIFT] V_Compute: 28.451 V
[LIFT] V_Motors: 27.722 V
[LIFT] V_Compute: 28.456 V
[LIFT] V_Motors: 27.729 V
[LIFT] V_Compute: 28.466 V
[LIFT] V_Motors: 27.728 V
[LIFT] V_Compute: 28.452 V
[LIFT] V_Motors: 27.715 V
[LIFT] V_Compute: 28.459 V
[LIFT] V_Motors: 27.721 V
[LIFT] V_Compute: 28.461 V
[LIFT] V_Motors: 27.714 V
[LIFT] V_Compute: 28.468 V
[LIFT] V_Motors: 27.735 V
[LIFT] V_Compute: 28.460 V
[LIFT] V_Motors: 27.729 V
[LIFT] V_Compute: 28.460 V
[LIFT] V_Motors: 27.740 V
[LIFT] V_Compute: 28.445 V
[LIFT] V_Motors: 27.726 V
[LIFT] V_Compute: 28.454 V
[LIFT] V_Motors: 27.729 V
[LIFT] V_Compute: 28.470 V
[LIFT] V_Motors: 27.724 V
[LIFT] V_Compute: 28.454 V
[LIFT] V_Motors: 27.722 V
[LIFT] V_Compute: 28.441 V
[LIFT] V_Motors: 27.730 V
[LIFT] V_Compute: 28.447 V
[LIFT] V_Motors: 27.715 V
[LIFT] V_Compute: 28.460 V
[LIFT] V_Motors: 27.708 V
[LIFT] V_Compute: 28.442 V
[LIFT] V_Motors: 27.715 V
[LIFT] V_Compute: 28.427 V
[LIFT] V_Motors: 27.726 V
[LIFT] V_Compute: 28.464 V
[LIFT] V_Motors: 27.739 V
[LIFT] V_Compute: 28.476 V
[LIFT] V_Motors: 27.715 V
[LIFT] V_Compute: 28.452 V
[LIFT] V_Motors: 27.720 V
[LIFT] V_Compute: 28.450 V
[LIFT] V_Motors: 27.715 V
[LIFT] V_Compute: 28.440 V
[LIFT] V_Motors: 27.715 V
[LIFT] V_Compute: 28.465 V
[LIFT] V_Motors: 27.721 V
[LIFT] V_Compute: 28.471 V
[LIFT] V_Motors: 27.720 V
[LIFT] V_Compute: 28.465 V
[LIFT] V_Motors: 27.725 V
[LIFT] V_Compute: 28.439 V
[LIFT] V_Motors: 27.721 V
[LIFT] V_Compute: 28.459 V
[LIFT] V_Motors: 27.724 V
[LIFT] V_Compute: 28.471 V
[LIFT] V_Motors: 27.726 V
[LIFT] V_Compute: 28.474 V
[LIFT] V_Motors: 27.722 V
[LIFT] V_Compute: 28.461 V
[LIFT] V_Motors: 27.722 V
[LIFT] V_Compute: 28.459 V
[LIFT] V_Motors: 27.734 V
[LIFT] V_Compute: 28.462 V
[LIFT] V_Motors: 27.732 V
[LIFT] V_Compute: 28.435 V
[LIFT] V_Motors: 27.728 V
[LIFT] V_Compute: 28.466 V
[LIFT] V_Motors: 27.726 V
[LIFT] V_Compute: 28.460 V
[LIFT] V_Motors: 27.724 V
[LIFT] V_Compute: 28.489 V
[LIFT] V_Motors: 27.730 V
[LIFT] V_Compute: 28.462 V
[LIFT] V_Motors: 27.712 V
[LIFT] V_Compute: 28.454 V
[LIFT] V_Motors: 27.721 V
[LIFT] V_Compute: 28.462 V
[LIFT] V_Motors: 27.720 V
[LIFT] V_Compute: 28.469 V
[LIFT] V_Motors: 27.743 V
[LIFT] V_Compute: 28.446 V
[LIFT] V_Motors: 27.719 V
[LIFT] V_Compute: 28.465 V
[LIFT] V_Motors: 27.732 V
[LIFT] V_Compute: 28.445 V
[LIFT] V_Motors: 27.747 V
[LIFT] V_Compute: 28.461 V
[LIFT] V_Motors: 27.708 V
[LIFT] V_Compute: 28.449 V
[LIFT] V_Motors: 27.712 V
[LIFT] V_Compute: 28.474 V
[LIFT] V_Motors: 27.714 V
[LIFT] V_Compute: 28.462 V
[LIFT] V_Motors: 27.725 V
[LIFT] V_Compute: 28.452 V
[LIFT] V_Motors: 27.725 V
[LIFT] V_Compute: 28.460 V
[LIFT] V_Motors: 27.720 V
[LIFT] V_Compute: 28.433 V
[LIFT] V_Motors: 27.730 V
[LIFT] V_Compute: 28.429 V
[LIFT] V_Motors: 27.724 V
[LIFT] V_Compute: 28.454 V
[LIFT] V_Motors: 27.721 V
[LIFT] V_Compute: 28.456 V
[LIFT] V_Motors: 27.735 V
[LIFT] V_Compute: 28.459 V
[LIFT] V_Motors: 27.719 V
[LIFT] V_Compute: 28.480 V
[LIFT] V_Motors: 27.715 V
[LIFT] V_Compute: 28.461 V
[LIFT] V_Motors: 27.743 V
[LIFT] V_Compute: 28.442 V
[LIFT] V_Motors: 27.718 V
[LIFT] V_Compute: 28.450 V
[LIFT] V_Motors: 27.725 V
[LIFT] V_Compute: 28.478 V
[LIFT] V_Motors: 27.721 V
[LIFT] V_Compute: 28.447 V
[LIFT] V_Motors: 27.740 V
[LIFT] V_Compute: 28.478 V
[LIFT] V_Motors: 27.724 V
[LIFT] V_Compute: 28.458 V
[LIFT] V_Motors: 27.728 V
[LIFT] V_Compute: 28.456 V
[LIFT] V_Motors: 27.726 V
[LIFT] V_Compute: 28.450 V
[LIFT] V_Motors: 27.725 V
[LIFT] V_Compute: 28.474 V
[LIFT] V_Motors: 27.729 V
[LIFT] V_Compute: 28.449 V
[LIFT] V_Motors: 27.737 V
[LIFT] V_Compute: 28.469 V
[LIFT] V_Motors: 27.729 V
[LIFT] V_Compute: 28.478 V
[LIFT] V_Motors: 27.719 V
[LIFT] V_Compute: 28.459 V
[LIFT] V_Motors: 27.724 V
[LIFT] V_Compute: 28.468 V
[LIFT] V_Motors: 27.726 V
[LIFT] V_Compute: 28.445 V
[LIFT] V_Motors: 27.729 V
[LIFT] V_Compute: 28.471 V
[LIFT] V_Motors: 27.728 V
[LIFT] V_Compute: 28.462 V
[LIFT] V_Motors: 27.734 V
[LIFT] V_Compute: 28.471 V
[LIFT] V_Motors: 27.725 V
[LIFT] V_Compute: 28.471 V
[LIFT] V_Motors: 27.731 V
[LIFT] V_Compute: 28.461 V
[LIFT] V_Motors: 27.721 V
[LIFT] V_Compute: 28.451 V
[LIFT] V_Motors: 27.724 V
[LIFT] V_Compute: 28.454 V
[LIFT] V_Motors: 27.731 V
[LIFT] V_Compute: 28.456 V
[LIFT] V_Motors: 27.740 V
[LIFT] V_Compute: 28.464 V
[LIFT] V_Motors: 27.732 V
[LIFT] V_Compute: 28.459 V
[LIFT] V_Motors: 27.722 V
[LIFT] V_Compute: 28.429 V
[LIFT] V_Motors: 27.702 V
[LIFT] V_Compute: 28.468 V
[LIFT] V_Motors: 27.736 V
[LIFT] V_Compute: 28.461 V
[LIFT] V_Motors: 27.730 V
[LIFT] V_Compute: 28.471 V
[LIFT] V_Motors: 27.730 V
[LIFT] V_Compute: 28.470 V
[LIFT] V_Motors: 27.711 V
[LIFT] V_Compute: 28.459 V
[LIFT] V_Motors: 27.737 V
[LIFT] V_Compute: 28.447 V
[LIFT] V_Motors: 27.735 V
[LIFT] V_Compute: 28.469 V
[LIFT] V_Motors: 27.743 V
[LIFT] V_Compute: 28.456 V
[LIFT] V_Motors: 27.728 V
[LIFT] V_Compute: 28.451 V
[LIFT] V_Motors: 27.732 V
[LIFT] V_Compute: 28.454 V
[LIFT] V_Motors: 27.729 V
[LIFT] V_Compute: 28.469 V
[LIFT] V_Motors: 27.726 V
[LIFT] V_Compute: 28.444 V
[LIFT] V_Motors: 27.718 V
[LIFT] V_Compute: 28.472 V
[LIFT] V_Motors: 27.736 V
[LIFT] V_Compute: 28.469 V
[LIFT] V_Motors: 27.737 V
[LIFT] V_Compute: 28.454 V
[LIFT] V_Motors: 27.716 V
[LIFT] V_Compute: 28.435 V
[LIFT] V_Motors: 27.728 V
[LIFT] V_Compute: 28.460 V
[LIFT] V_Motors: 27.728 V
[LIFT] V_Compute: 28.449 V
[LIFT] V_Motors: 27.725 V
[LIFT] V_Compute: 28.434 V
[LIFT] V_Motors: 27.731 V
[LIFT] V_Compute: 28.468 V
[LIFT] V_Motors: 27.736 V
[LIFT] V_Compute: 28.452 V
[LIFT] V_Motors: 27.719 V
[LIFT] V_Compute: 28.455 V
[LIFT] V_Motors: 27.715 V
[LIFT] V_Compute: 28.420 V
[LIFT] V_Motors: 27.719 V
[LIFT] V_Compute: 28.458 V
[LIFT] V_Motors: 27.741 V
[LIFT] V_Compute: 28.456 V
[LIFT] V_Motors: 27.731 V
[LIFT] V_Compute: 28.475 V
[LIFT] V_Motors: 27.730 V
[LIFT] V_Compute: 28.452 V
[LIFT] V_Motors: 27.716 V
[LIFT] V_Compute: 28.456 V
[LIFT] V_Motors: 27.737 V
[LIFT] V_Compute: 28.489 V
[LIFT] V_Motors: 27.730 V
[LIFT] V_Compute: 28.447 V
[LIFT] V_Motors: 27.712 V
[LIFT] V_Compute: 28.451 V
[LIFT] V_Motors: 27.728 V
[LIFT] V_Compute: 28.447 V
[LIFT] V_Motors: 27.737 V
[LIFT] V_Compute: 28.459 V
[LIFT] V_Motors: 27.736 V
[LIFT] V_Compute: 28.474 V
[LIFT] V_Motors: 27.735 V
[LIFT] V_Compute: 28.450 V
[LIFT] V_Motors: 27.735 V
[LIFT] V_Compute: 28.481 V
[LIFT] V_Motors: 27.739 V
[LIFT] V_Compute: 28.447 V
[LIFT] V_Motors: 27.741 V
[LIFT] V_Compute: 28.456 V
[LIFT] V_Motors: 27.728 V
[LIFT] V_Compute: 28.456 V
[LIFT] V_Motors: 27.731 V
[LIFT] V_Compute: 28.445 V
[LIFT] V_Motors: 27.736 V
[LIFT] V_Compute: 28.435 V
[LIFT] V_Motors: 27.739 V
[LIFT] V_Compute: 28.470 V
[LIFT] V_Motors: 27.732 V
[LIFT] V_Compute: 28.456 V
[LIFT] V_Motors: 27.736 V
[LIFT] V_Compute: 28.466 V
[LIFT] V_Motors: 27.729 V
[LIFT] V_Compute: 28.462 V
[LIFT] V_Motors: 27.730 V
[LIFT] V_Compute: 28.468 V
[LIFT] V_Motors: 27.728 V
[LIFT] V_Compute: 28.461 V
[LIFT] V_Motors: 27.729 V
[LIFT] V_Compute: 28.465 V
[LIFT] V_Motors: 27.736 V
[LIFT] V_Compute: 28.458 V
[LIFT] V_Motors: 27.740 V
[LIFT] V_Compute: 28.460 V
[LIFT] V_Motors: 27.722 V
[LIFT] V_Compute: 28.450 V
[LIFT] V_Motors: 27.730 V
[LIFT] V_Compute: 28.465 V
[LIFT] V_Motors: 27.736 V
[LIFT] V_Compute: 28.472 V
[LIFT] V_Motors: 27.743 V
[LIFT] V_Compute: 28.458 V
[LIFT] V_Motors: 27.745 V
[LIFT] V_Compute: 28.459 V
[LIFT] V_Motors: 27.735 V
[LIFT] V_Compute: 28.452 V
[LIFT] V_Motors: 27.737 V
[LIFT] V_Compute: 28.444 V
[LIFT] V_Motors: 27.715 V
[LIFT] V_Compute: 28.462 V
[LIFT] V_Motors: 27.741 V
[LIFT] V_Compute: 28.471 V
[LIFT] V_Motors: 27.728 V
[LIFT] V_Compute: 28.464 V
[LIFT] V_Motors: 27.729 V
[LIFT] V_Compute: 28.458 V
[LIFT] V_Motors: 27.731 V
[LIFT] V_Compute: 28.456 V
[LIFT] V_Motors: 27.724 V
[LIFT] V_Compute: 28.455 V
[LIFT] V_Motors: 27.743 V
[LIFT] V_Compute: 28.468 V
[LIFT] V_Motors: 27.736 V
[LIFT] V_Compute: 28.468 V
[LIFT] V_Motors: 27.743 V
[LIFT] V_Compute: 28.461 V
[LIFT] V_Motors: 27.755 V
[LIFT] V_Compute: 28.421 V
[LIFT] V_Motors: 27.724 V
[LIFT] V_Compute: 28.460 V
[LIFT] V_Motors: 27.741 V
[LIFT] V_Compute: 28.434 V
[LIFT] V_Motors: 27.722 V
[LIFT] V_Compute: 28.465 V
[LIFT] V_Motors: 27.732 V
[LIFT] V_Compute: 28.445 V
[LIFT] V_Motors: 27.721 V
[LIFT] V_Compute: 28.452 V
[LIFT] V_Motors: 27.746 V
[LIFT] V_Compute: 28.454 V
[LIFT] V_Motors: 27.731 V
[LIFT] V_Compute: 28.479 V
[LIFT] V_Motors: 27.729 V
[LIFT] V_Compute: 28.460 V
[LIFT] V_Motors: 27.726 V
[LIFT] V_Compute: 28.460 V
[LIFT] V_Motors: 27.741 V
[LIFT] V_Compute: 28.460 V
[LIFT] V_Motors: 27.735 V
[LIFT] V_Compute: 28.460 V
[LIFT] V_Motors: 27.740 V
[LIFT] V_Compute: 28.454 V
[LIFT] V_Motors: 27.725 V
[LIFT] V_Compute: 28.450 V
[LIFT] V_Motors: 27.740 V
[LIFT] V_Compute: 28.462 V
[LIFT] V_Motors: 27.722 V
[LIFT] V_Compute: 28.469 V
[LIFT] V_Motors: 27.734 V
[LIFT] V_Compute: 28.472 V
[LIFT] V_Motors: 27.746 V
[LIFT] V_Compute: 28.474 V
[LIFT] V_Motors: 27.749 V
[LIFT] V_Compute: 28.452 V
[LIFT] V_Motors: 27.731 V
[LIFT] V_Compute: 28.447 V
[LIFT] V_Motors: 27.750 V
[LIFT] V_Compute: 28.459 V
[LIFT] V_Motors: 27.729 V
[LIFT] V_Compute: 28.465 V
[LIFT] V_Motors: 27.743 V
[LIFT] V_Compute: 28.475 V
[LIFT] V_Motors: 27.736 V
[LIFT] V_Compute: 28.454 V
[LIFT] V_Motors: 27.736 V
[LIFT] V_Compute: 28.447 V
[LIFT] V_Motors: 27.728 V
[LIFT] V_Compute: 28.479 V
[LIFT] V_Motors: 27.743 V
[LIFT] V_Compute: 28.459 V
[LIFT] V_Motors: 27.730 V
[LIFT] V_Compute: 28.446 V
[LIFT] V_Motors: 27.743 V
[LIFT] V_Compute: 28.434 V
[LIFT] V_Motors: 27.722 V
[LIFT] V_Compute: 28.446 V
[LIFT] V_Motors: 27.741 V
[LIFT] V_Compute: 28.455 V
[LIFT] V_Motors: 27.725 V
[LIFT] V_Compute: 28.462 V
[LIFT] V_Motors: 27.751 V
[LIFT] V_Compute: 28.456 V
[LIFT] V_Motors: 27.754 V
[LIFT] V_Compute: 28.466 V
[LIFT] V_Motors: 27.732 V
[LIFT] V_Compute: 28.454 V
[LIFT] V_Motors: 27.728 V
[LIFT] V_Compute: 28.458 V
[LIFT] V_Motors: 27.724 V
[LIFT] V_Compute: 28.431 V
[LIFT] V_Motors: 27.729 V
[LIFT] V_Compute: 28.469 V
[LIFT] V_Motors: 27.750 V
[LIFT] V_Compute: 28.447 V
[LIFT] V_Motors: 27.736 V
[LIFT] V_Compute: 28.482 V
[LIFT] V_Motors: 27.740 V
[LIFT] V_Compute: 28.464 V
[LIFT] V_Motors: 27.725 V
[LIFT] V_Compute: 28.469 V
[LIFT] V_Motors: 27.720 V
[LIFT] V_Compute: 28.439 V
[LIFT] V_Motors: 27.730 V
[LIFT] V_Compute: 28.474 V
[LIFT] V_Motors: 27.736 V
[LIFT] V_Compute: 28.462 V
[LIFT] V_Motors: 27.740 V
[LIFT] V_Compute: 28.471 V
[LIFT] V_Motors: 27.754 V
[LIFT] V_Compute: 28.447 V
[LIFT] V_Motors: 27.731 V
[LIFT] V_Compute: 28.482 V
[LIFT] V_Motors: 27.753 V
[LIFT] V_Compute: 28.451 V
[LIFT] V_Motors: 27.734 V
[LIFT] V_Compute: 28.465 V
[LIFT] V_Motors: 27.744 V
[LIFT] V_Compute: 28.460 V
[LIFT] V_Motors: 27.739 V
[LIFT] V_Compute: 28.464 V
[LIFT] V_Motors: 27.726 V
[LIFT] V_Compute: 28.441 V
[LIFT] V_Motors: 27.741 V
[LIFT] V_Compute: 28.472 V
[LIFT] V_Motors: 27.737 V
[LIFT] V_Compute: 28.475 V
[LIFT] V_Motors: 27.743 V
[LIFT] V_Compute: 28.458 V
[LIFT] V_Motors: 27.746 V
[LIFT] V_Compute: 28.471 V
[LIFT] V_Motors: 27.734 V
[LIFT] V_Compute: 28.459 V
[LIFT] V_Motors: 27.751 V
[LIFT] V_Compute: 28.465 V
[LIFT] V_Motors: 27.736 V
[LIFT] V_Compute: 28.471 V
[LIFT] V_Motors: 27.740 V
[LIFT] V_Compute: 28.456 V
[LIFT] V_Motors: 27.745 V
[LIFT] V_Compute: 28.449 V
[LIFT] V_Motors: 27.741 V
[LIFT] V_Compute: 28.472 V
[LIFT] V_Motors: 27.726 V
[LIFT] V_Compute: 28.460 V
[LIFT] V_Motors: 27.747 V
[LIFT] V_Compute: 28.455 V
[LIFT] V_Motors: 27.751 V
[LIFT] V_Compute: 28.460 V
[LIFT] V_Motors: 27.741 V
[LIFT] V_Compute: 28.460 V
[LIFT] V_Motors: 27.731 V
[LIFT] V_Compute: 28.464 V
[LIFT] V_Motors: 27.744 V
[LIFT] V_Compute: 28.446 V
[LIFT] V_Motors: 27.728 V
[LIFT] V_Compute: 28.441 V
[LIFT] V_Motors: 27.735 V
[LIFT] V_Compute: 28.469 V
[LIFT] V_Motors: 27.735 V
[LIFT] V_Compute: 28.458 V
[LIFT] V_Motors: 27.737 V
[LIFT] V_Compute: 28.472 V
[LIFT] V_Motors: 27.735 V
[LIFT] V_Compute: 28.439 V
[LIFT] V_Motors: 27.724 V
[LIFT] V_Compute: 28.462 V
[LIFT] V_Motors: 27.751 V
[LIFT] V_Compute: 28.494 V
[LIFT] V_Motors: 27.754 V
[LIFT] V_Compute: 28.469 V
[LIFT] V_Motors: 27.739 V
[LIFT] V_Compute: 28.479 V
[LIFT] V_Motors: 27.736 V
[LIFT] V_Compute: 28.478 V
[LIFT] V_Motors: 27.745 V
[LIFT] V_Compute: 28.465 V
[LIFT] V_Motors: 27.744 V
[LIFT] V_Compute: 28.469 V
[LIFT] V_Motors: 27.743 V
[LIFT] V_Compute: 28.495 V
[LIFT] V_Motors: 27.744 V
[LIFT] V_Compute: 28.475 V
[LIFT] V_Motors: 27.753 V
[LIFT] V_Compute: 28.478 V
[LIFT] V_Motors: 27.747 V
[LIFT] V_Compute: 28.460 V
[LIFT] V_Motors: 27.744 V
[LIFT] V_Compute: 28.456 V
[LIFT] V_Motors: 27.737 V
[LIFT] V_Compute: 28.471 V
[LIFT] V_Motors: 27.739 V
[LIFT] V_Compute: 28.489 V
[LIFT] V_Motors: 27.740 V
[LIFT] V_Compute: 28.491 V
[LIFT] V_Motors: 27.750 V
[LIFT] V_Compute: 28.452 V
[LIFT] V_Motors: 27.737 V
[LIFT] V_Compute: 28.456 V
[LIFT] V_Motors: 27.754 V
[LIFT] V_Compute: 28.478 V
[LIFT] V_Motors: 27.749 V
[LIFT] V_Compute: 28.470 V
[LIFT] V_Motors: 27.755 V
[LIFT] V_Compute: 28.452 V
[LIFT] V_Motors: 27.750 V
[LIFT] V_Compute: 28.469 V
[LIFT] V_Motors: 27.751 V
[LIFT] V_Compute: 28.494 V
[LIFT] V_Motors: 27.744 V
[LIFT] V_Compute: 28.455 V
[LIFT] V_Motors: 27.743 V
[LIFT] V_Compute: 28.452 V
[LIFT] V_Motors: 27.760 V
[LIFT] V_Compute: 28.478 V
[LIFT] V_Motors: 27.751 V
[LIFT] V_Compute: 28.456 V
[LIFT] V_Motors: 27.754 V
[LIFT] V_Compute: 28.481 V
[LIFT] V_Motors: 27.749 V
[LIFT] V_Compute: 28.455 V
[LIFT] V_Motors: 27.739 V
[LIFT] V_Compute: 28.479 V
[LIFT] V_Motors: 27.747 V
[LIFT] V_Compute: 28.481 V
[LIFT] V_Motors: 27.751 V
[LIFT] V_Compute: 28.446 V
[LIFT] V_Motors: 27.763 V
[LIFT] V_Compute: 28.479 V
[LIFT] V_Motors: 27.734 V
[LIFT] V_Compute: 28.479 V
[LIFT] V_Motors: 27.761 V
[LIFT] V_Compute: 28.461 V
[LIFT] V_Motors: 27.770 V
[LIFT] V_Compute: 28.480 V
[LIFT] V_Motors: 27.749 V
[LIFT] V_Compute: 28.452 V
[LIFT] V_Motors: 27.745 V
[LIFT] V_Compute: 28.462 V
[LIFT] V_Motors: 27.747 V
[LIFT] V_Compute: 28.481 V
[LIFT] V_Motors: 27.760 V
[LIFT] V_Compute: 28.436 V
[LIFT] V_Motors: 27.736 V
[LIFT] V_Compute: 28.470 V
[LIFT] V_Motors: 27.756 V
[LIFT] V_Compute: 28.458 V
[LIFT] V_Motors: 27.747 V
[LIFT] V_Compute: 28.466 V
[LIFT] V_Motors: 27.750 V
[LIFT] V_Compute: 28.468 V
[LIFT] V_Motors: 27.756 V
[LIFT] V_Compute: 28.472 V
[LIFT] V_Motors: 27.745 V
[LIFT] V_Compute: 28.478 V
[LIFT] V_Motors: 27.740 V
[LIFT] V_Compute: 28.449 V
[LIFT] V_Motors: 27.746 V
[LIFT] V_Compute: 28.475 V
[LIFT] V_Motors: 27.744 V
[LIFT] V_Compute: 28.465 V
[LIFT] V_Motors: 27.763 V
[LIFT] V_Compute: 28.470 V
[LIFT] V_Motors: 27.749 V
[LIFT] V_Compute: 28.444 V
[LIFT] V_Motors: 27.753 V
[LIFT] V_Compute: 28.471 V
[LIFT] V_Motors: 27.750 V
[LIFT] V_Compute: 28.460 V
[LIFT] V_Motors: 27.746 V
[LIFT] V_Compute: 28.459 V
[LIFT] V_Motors: 27.754 V
[LIFT] V_Compute: 28.466 V
[LIFT] V_Motors: 27.745 V
[LIFT] V_Compute: 28.472 V
[LIFT] V_Motors: 27.749 V
[LIFT] V_Compute: 28.490 V
[LIFT] V_Motors: 27.750 V
[LIFT] V_Compute: 28.474 V
[LIFT] V_Motors: 27.753 V
[LIFT] V_Compute: 28.459 V
[LIFT] V_Motors: 27.755 V
[LIFT] V_Compute: 28.464 V
[LIFT] V_Motors: 27.747 V
[LIFT] V_Compute: 28.478 V
[LIFT] V_Motors: 27.745 V
[LIFT] V_Compute: 28.471 V
[LIFT] V_Motors: 27.740 V
[LIFT] V_Compute: 28.459 V
[LIFT] V_Motors: 27.761 V
[LIFT] V_Compute: 28.470 V
[LIFT] V_Motors: 27.741 V
[LIFT] V_Compute: 28.468 V
[LIFT] V_Motors: 27.757 V
[LIFT] V_Compute: 28.462 V
[LIFT] V_Motors: 27.756 V
[LIFT] V_Compute: 28.446 V
[LIFT] V_Motors: 27.753 V
[LIFT] V_Compute: 28.456 V
[LIFT] V_Motors: 27.749 V
[LIFT] V_Compute: 28.464 V
[LIFT] V_Motors: 27.743 V
[LIFT] V_Compute: 28.481 V
[LIFT] V_Motors: 27.749 V
[LIFT] V_Compute: 28.479 V
[LIFT] V_Motors: 27.770 V
[LIFT] V_Compute: 28.475 V
[LIFT] V_Motors: 27.750 V
[LIFT] V_Compute: 28.478 V
[LIFT] V_Motors: 27.761 V
[LIFT] V_Compute: 28.472 V
[LIFT] V_Motors: 27.761 V
[LIFT] V_Compute: 28.481 V
[LIFT] V_Motors: 27.745 V
[LIFT] V_Compute: 28.474 V
[LIFT] V_Motors: 27.755 V
[LIFT] V_Compute: 28.478 V
[LIFT] V_Motors: 27.751 V
[LIFT] V_Compute: 28.472 V
[LIFT] V_Motors: 27.766 V
[LIFT] V_Compute: 28.451 V
[LIFT] V_Motors: 27.743 V
[LIFT] V_Compute: 28.474 V
[LIFT] V_Motors: 27.764 V
[LIFT] V_Compute: 28.465 V
[LIFT] V_Motors: 27.741 V
[LIFT] V_Compute: 28.469 V
[LIFT] V_Motors: 27.754 V
[LIFT] V_Compute: 28.494 V
[LIFT] V_Motors: 27.751 V
[LIFT] V_Compute: 28.468 V
[LIFT] V_Motors: 27.743 V
[LIFT] V_Compute: 28.484 V
[LIFT] V_Motors: 27.751 V
[LIFT] V_Compute: 28.469 V
[LIFT] V_Motors: 27.754 V
[LIFT] V_Compute: 28.485 V
[LIFT] V_Motors: 27.757 V
[LIFT] V_Compute: 28.456 V
[LIFT] V_Motors: 27.740 V
[LIFT] V_Compute: 28.447 V
[LIFT] V_Motors: 27.756 V
[LIFT] V_Compute: 28.493 V
[LIFT] V_Motors: 27.761 V
[LIFT] V_Compute: 28.475 V
[LIFT] V_Motors: 27.751 V
[LIFT] V_Compute: 28.464 V
[LIFT] V_Motors: 27.754 V
[LIFT] V_Compute: 28.456 V
[LIFT] V_Motors: 27.750 V
[LIFT] V_Compute: 28.493 V
[LIFT] V_Motors: 27.754 V
[LIFT] V_Compute: 28.474 V
[LIFT] V_Motors: 27.755 V
[LIFT] V_Compute: 28.475 V
[LIFT] V_Motors: 27.728 V
[LIFT] V_Compute: 28.466 V
[LIFT] V_Motors: 27.750 V
[LIFT] V_Compute: 28.471 V
[LIFT] V_Motors: 27.754 V
[LIFT] V_Compute: 28.462 V
[LIFT] V_Motors: 27.751 V
[LIFT] V_Compute: 28.460 V
[LIFT] V_Motors: 27.743 V
[LIFT] V_Compute: 28.472 V
[LIFT] V_Motors: 27.763 V
[LIFT] V_Compute: 28.471 V
[LIFT] V_Motors: 27.751 V
[LIFT] V_Compute: 28.464 V
[LIFT] V_Motors: 27.755 V
[LIFT] V_Compute: 28.487 V
[LIFT] V_Motors: 27.753 V
[LIFT] V_Compute: 28.482 V
[LIFT] V_Motors: 27.763 V
[LIFT] V_Compute: 28.476 V
[LIFT] V_Motors: 27.760 V
[LIFT] V_Compute: 28.479 V
[LIFT] V_Motors: 27.743 V
[LIFT] V_Compute: 28.466 V
[LIFT] V_Motors: 27.757 V
[LIFT] V_Compute: 28.460 V
[LIFT] V_Motors: 27.751 V
[LIFT] V_Compute: 28.464 V
[LIFT] V_Motors: 27.763 V
[LIFT] V_Compute: 28.460 V
[LIFT] V_Motors: 27.766 V
[LIFT] V_Compute: 28.480 V
[LIFT] V_Motors: 27.759 V
[LIFT] V_Compute: 28.452 V
[LIFT] V_Motors: 27.756 V
[LIFT] V_Compute: 28.469 V
[LIFT] V_Motors: 27.763 V
[LIFT] V_Compute: 28.469 V
[LIFT] V_Motors: 27.741 V
[LIFT] V_Compute: 28.487 V
[LIFT] V_Motors: 27.754 V
[LIFT] V_Compute: 28.465 V
[LIFT] V_Motors: 27.756 V
[LIFT] V_Compute: 28.479 V
[LIFT] V_Motors: 27.759 V
[LIFT] V_Compute: 28.497 V
[LIFT] V_Motors: 27.757 V
[LIFT] V_Compute: 28.469 V
[LIFT] V_Motors: 27.749 V
[LIFT] V_Compute: 28.491 V
[LIFT] V_Motors: 27.756 V
[LIFT] V_Compute: 28.474 V
[LIFT] V_Motors: 27.770 V
[LIFT] V_Compute: 28.455 V
[LIFT] V_Motors: 27.764 V
[LIFT] V_Compute: 28.465 V
[LIFT] V_Motors: 27.765 V
[LIFT] V_Compute: 28.464 V
[LIFT] V_Motors: 27.754 V
[LIFT] V_Compute: 28.472 V
[LIFT] V_Motors: 27.760 V
[LIFT] V_Compute: 28.468 V
[LIFT] V_Motors: 27.756 V
[LIFT] V_Compute: 28.464 V
[LIFT] V_Motors: 27.754 V
[LIFT] V_Compute: 28.471 V
[LIFT] V_Motors: 27.756 V
[LIFT] V_Compute: 28.485 V
[LIFT] V_Motors: 27.749 V
[LIFT] V_Compute: 28.458 V
[LIFT] V_Motors: 27.749 V
[LIFT] V_Compute: 28.479 V
[LIFT] V_Motors: 27.761 V
[LIFT] V_Compute: 28.481 V
[LIFT] V_Motors: 27.749 V
[LIFT] V_Compute: 28.489 V
[LIFT] V_Motors: 27.749 V
[LIFT] V_Compute: 28.469 V
[LIFT] V_Motors: 27.756 V
[LIFT] V_Compute: 28.476 V
[LIFT] V_Motors: 27.749 V
[LIFT] V_Compute: 28.454 V
[LIFT] V_Motors: 27.750 V
[LIFT] V_Compute: 28.455 V
[LIFT] V_Motors: 27.761 V
[LIFT] V_Compute: 28.487 V
[LIFT] V_Motors: 27.750 V
[LIFT] V_Compute: 28.474 V
[LIFT] V_Motors: 27.763 V
[LIFT] V_Compute: 28.474 V
[LIFT] V_Motors: 27.767 V
[LIFT] V_Compute: 28.469 V
[LIFT] V_Motors: 27.750 V
[LIFT] V_Compute: 28.478 V
[LIFT] V_Motors: 27.770 V
[LIFT] V_Compute: 28.468 V
[LIFT] V_Motors: 27.759 V
[LIFT] V_Compute: 28.466 V
[LIFT] V_Motors: 27.745 V
[LIFT] V_Compute: 28.466 V
[LIFT] V_Motors: 27.749 V
[LIFT] V_Compute: 28.487 V
[LIFT] V_Motors: 27.757 V
[LIFT] V_Compute: 28.465 V
[LIFT] V_Motors: 27.749 V
[LIFT] V_Compute: 28.464 V
[LIFT] V_Motors: 27.764 V
[LIFT] V_Compute: 28.465 V
[LIFT] V_Motors: 27.759 V
[LIFT] V_Compute: 28.497 V
[LIFT] V_Motors: 27.763 V
[LIFT] V_Compute: 28.480 V
[LIFT] V_Motors: 27.772 V
[LIFT] V_Compute: 28.470 V
[LIFT] V_Motors: 27.755 V
[LIFT] V_Compute: 28.460 V
[LIFT] V_Motors: 27.755 V
[LIFT] V_Compute: 28.475 V
[LIFT] V_Motors: 27.746 V
[LIFT] V_Compute: 28.471 V
[LIFT] V_Motors: 27.770 V
[LIFT] V_Compute: 28.495 V
[LIFT] V_Motors: 27.767 V
[LIFT] V_Compute: 28.475 V
[LIFT] V_Motors: 27.769 V
[LIFT] V_Compute: 28.478 V
[LIFT] V_Motors: 27.760 V
[LIFT] V_Compute: 28.455 V
[LIFT] V_Motors: 27.761 V
[LIFT] V_Compute: 28.482 V
[LIFT] V_Motors: 27.764 V
[LIFT] V_Compute: 28.486 V
[LIFT] V_Motors: 27.747 V
[LIFT] V_Compute: 28.482 V
[LIFT] V_Motors: 27.747 V
[LIFT] V_Compute: 28.490 V
[LIFT] V_Motors: 27.749 V
[LIFT] V_Compute: 28.440 V
[LIFT] V_Motors: 27.756 V
[LIFT] V_Compute: 28.503 V
[LIFT] V_Motors: 27.761 V
[LIFT] V_Compute: 28.475 V
[LIFT] V_Motors: 27.763 V
[LIFT] V_Compute: 28.466 V
[LIFT] V_Motors: 27.769 V
[LIFT] V_Compute: 28.481 V
[LIFT] V_Motors: 27.766 V
[LIFT] V_Compute: 28.487 V
[LIFT] V_Motors: 27.764 V
[LIFT] V_Compute: 28.484 V
[LIFT] V_Motors: 27.763 V
[LIFT] V_Compute: 28.484 V
[LIFT] V_Motors: 27.767 V
[LIFT] V_Compute: 28.466 V
[LIFT] V_Motors: 27.767 V
[LIFT] V_Compute: 28.479 V
[LIFT] V_Motors: 27.757 V
[LIFT] V_Compute: 28.465 V
[LIFT] V_Motors: 27.772 V
[LIFT] V_Compute: 28.481 V
[LIFT] V_Motors: 27.769 V
[LIFT] V_Compute: 28.478 V
[LIFT] V_Motors: 27.751 V
[LIFT] V_Compute: 28.490 V
[LIFT] V_Motors: 27.759 V
[LIFT] V_Compute: 28.491 V
[LIFT] V_Motors: 27.763 V
[LIFT] V_Compute: 28.460 V
[LIFT] V_Motors: 27.759 V
[LIFT] V_Compute: 28.486 V
[LIFT] V_Motors: 27.770 V
[LIFT] V_Compute: 28.482 V
[LIFT] V_Motors: 27.767 V
[LIFT] V_Compute: 28.472 V
[LIFT] V_Motors: 27.759 V
[LIFT] V_Compute: 28.480 V
[LIFT] V_Motors: 27.771 V
[LIFT] V_Compute: 28.470 V
[LIFT] V_Motors: 27.764 V
[LIFT] V_Compute: 28.489 V
[LIFT] V_Motors: 27.769 V
[LIFT] V_Compute: 28.474 V
[LIFT] V_Motors: 27.765 V
[LIFT] V_Compute: 28.479 V
[LIFT] V_Motors: 27.765 V
[LIFT] V_Compute: 28.480 V
[LIFT] V_Motors: 27.764 V
[LIFT] V_Compute: 28.496 V
[LIFT] V_Motors: 27.765 V
[LIFT] V_Compute: 28.471 V
[LIFT] V_Motors: 27.764 V
[LIFT] V_Compute: 28.464 V
[LIFT] V_Motors: 27.774 V
[LIFT] V_Compute: 28.464 V
[LIFT] V_Motors: 27.760 V
[LIFT] V_Compute: 28.486 V
[LIFT] V_Motors: 27.757 V
[LIFT] V_Compute: 28.472 V
[LIFT] V_Motors: 27.765 V
[LIFT] V_Compute: 28.486 V
[LIFT] V_Motors: 27.774 V
[LIFT] V_Compute: 28.499 V
[LIFT] V_Motors: 27.788 V
[LIFT] V_Compute: 28.469 V
[LIFT] V_Motors: 27.756 V
[LIFT] V_Compute: 28.489 V
[LIFT] V_Motors: 27.766 V
[LIFT] V_Compute: 28.465 V
[LIFT] V_Motors: 27.764 V
[LIFT] V_Compute: 28.490 V
[LIFT] V_Motors: 27.764 V
[LIFT] V_Compute: 28.456 V
[LIFT] V_Motors: 27.761 V
[LIFT] V_Compute: 28.514 V
[LIFT] V_Motors: 27.765 V
[LIFT] V_Compute: 28.469 V
[LIFT] V_Motors: 27.766 V
[LIFT] V_Compute: 28.485 V
[LIFT] V_Motors: 27.764 V
[LIFT] V_Compute: 28.484 V
[LIFT] V_Motors: 27.759 V
[LIFT] V_Compute: 28.474 V
[LIFT] V_Motors: 27.776 V
[LIFT] V_Compute: 28.480 V
[LIFT] V_Motors: 27.770 V
[LIFT] V_Compute: 28.493 V
[LIFT] V_Motors: 27.766 V
[LIFT] V_Compute: 28.441 V
[LIFT] V_Motors: 27.761 V
[LIFT] V_Compute: 28.474 V
[LIFT] V_Motors: 27.757 V
[LIFT] V_Compute: 28.474 V
[LIFT] V_Motors: 27.770 V
[LIFT] V_Compute: 28.485 V
[LIFT] V_Motors: 27.760 V
[LIFT] V_Compute: 28.484 V
[LIFT] V_Motors: 27.756 V
[LIFT] V_Compute: 28.445 V
[LIFT] V_Motors: 27.770 V
[LIFT] V_Compute: 28.464 V
[LIFT] V_Motors: 27.770 V
[LIFT] V_Compute: 28.493 V
[LIFT] V_Motors: 27.763 V
[LIFT] V_Compute: 28.462 V
[LIFT] V_Motors: 27.763 V
[LIFT] V_Compute: 28.481 V
[LIFT] V_Motors: 27.772 V
[LIFT] V_Compute: 28.480 V
[LIFT] V_Motors: 27.765 V
[LIFT] V_Compute: 28.484 V
[LIFT] V_Motors: 27.771 V
[LIFT] V_Compute: 28.480 V
[LIFT] V_Motors: 27.771 V
[LIFT] V_Compute: 28.482 V
[LIFT] V_Motors: 27.777 V
[LIFT] V_Compute: 28.460 V
[LIFT] V_Motors: 27.767 V
[LIFT] V_Compute: 28.485 V
[LIFT] V_Motors: 27.766 V
[LIFT] V_Compute: 28.474 V
[LIFT] V_Motors: 27.767 V
[LIFT] V_Compute: 28.470 V
[LIFT] V_Motors: 27.766 V
[LIFT] V_Compute: 28.469 V
[LIFT] V_Motors: 27.766 V
[LIFT] V_Compute: 28.469 V
[LIFT] V_Motors: 27.765 V
[LIFT] V_Compute: 28.464 V
[LIFT] V_Motors: 27.754 V
[LIFT] V_Compute: 28.484 V
[LIFT] V_Motors: 27.774 V
[LIFT] V_Compute: 28.484 V
[LIFT] V_Motors: 27.775 V
[LIFT] V_Compute: 28.486 V
[LIFT] V_Motors: 27.764 V
[LIFT] V_Compute: 28.480 V
[LIFT] V_Motors: 27.759 V
[LIFT] V_Compute: 28.482 V
[LIFT] V_Motors: 27.770 V
[LIFT] V_Compute: 28.470 V
[LIFT] V_Motors: 27.772 V
[LIFT] V_Compute: 28.456 V
[LIFT] V_Motors: 27.757 V
[LIFT] V_Compute: 28.470 V
[LIFT] V_Motors: 27.765 V
[LIFT] V_Compute: 28.465 V
[LIFT] V_Motors: 27.763 V
[LIFT] V_Compute: 28.493 V
[LIFT] V_Motors: 27.771 V
[LIFT] V_Compute: 28.482 V
[LIFT] V_Motors: 27.769 V
[LIFT] V_Compute: 28.491 V
[LIFT] V_Motors: 27.754 V
[LIFT] V_Compute: 28.480 V
[LIFT] V_Motors: 27.760 V
[LIFT] V_Compute: 28.475 V
[LIFT] V_Motors: 27.760 V
[LIFT] V_Compute: 28.478 V
[LIFT] V_Motors: 27.763 V
[LIFT] V_Compute: 28.479 V
[LIFT] V_Motors: 27.759 V
[LIFT] V_Compute: 28.487 V
[LIFT] V_Motors: 27.776 V
[LIFT] V_Compute: 28.469 V
[LIFT] V_Motors: 27.763 V
[LIFT] V_Compute: 28.472 V
[LIFT] V_Motors: 27.770 V
[LIFT] V_Compute: 28.451 V
[LIFT] V_Motors: 27.763 V
[LIFT] V_Compute: 28.469 V
[LIFT] V_Motors: 27.769 V
[LIFT] V_Compute: 28.479 V
[LIFT] V_Motors: 27.771 V
[LIFT] V_Compute: 28.458 V
[LIFT] V_Motors: 27.769 V
[LIFT] V_Compute: 28.494 V
[LIFT] V_Motors: 27.759 V
[LIFT] V_Compute: 28.487 V
[LIFT] V_Motors: 27.769 V
[LIFT] V_Compute: 28.480 V
[LIFT] V_Motors: 27.767 V
[LIFT] V_Compute: 28.478 V
[LIFT] V_Motors: 27.774 V
[LIFT] V_Compute: 28.480 V
[LIFT] V_Motors: 27.771 V
[LIFT] V_Compute: 28.490 V
[LIFT] V_Motors: 27.774 V
[LIFT] V_Compute: 28.489 V
[LIFT] V_Motors: 27.764 V
[LIFT] V_Compute: 28.480 V
[LIFT] V_Motors: 27.776 V
[LIFT] V_Compute: 28.489 V
[LIFT] V_Motors: 27.769 V
[LIFT] V_Compute: 28.480 V
[LIFT] V_Motors: 27.776 V
[LIFT] V_Compute: 28.490 V
[LIFT] V_Motors: 27.764 V
[LIFT] V_Compute: 28.476 V
[LIFT] V_Motors: 27.771 V
[LIFT] V_Compute: 28.486 V
[LIFT] V_Motors: 27.764 V
[LIFT] V_Compute: 28.462 V
[LIFT] V_Motors: 27.754 V
[LIFT] V_Compute: 28.490 V
[LIFT] V_Motors: 27.770 V
[LIFT] V_Compute: 28.460 V
[LIFT] V_Motors: 27.756 V
[LIFT] V_Compute: 28.480 V
[LIFT] V_Motors: 27.770 V
[LIFT] V_Compute: 28.474 V
[LIFT] V_Motors: 27.789 V
[LIFT] V_Compute: 28.481 V
[LIFT] V_Motors: 27.769 V
[LIFT] V_Compute: 28.472 V
[LIFT] V_Motors: 27.754 V
[LIFT] V_Compute: 28.491 V
[LIFT] V_Motors: 27.769 V
[LIFT] V_Compute: 28.472 V
[LIFT] V_Motors: 27.771 V
[LIFT] V_Compute: 28.491 V
[LIFT] V_Motors: 27.750 V
[LIFT] V_Compute: 28.462 V
[LIFT] V_Motors: 27.780 V
[LIFT] V_Compute: 28.489 V
[LIFT] V_Motors: 27.775 V
[LIFT] V_Compute: 28.479 V
[LIFT] V_Motors: 27.774 V
[LIFT] V_Compute: 28.499 V
[LIFT] V_Motors: 27.775 V
[LIFT] V_Compute: 28.486 V
[LIFT] V_Motors: 27.767 V
[LIFT] V_Compute: 28.480 V
[LIFT] V_Motors: 27.774 V
[LIFT] V_Compute: 28.481 V
[LIFT] V_Motors: 27.766 V
[LIFT] V_Compute: 28.493 V
[LIFT] V_Motors: 27.782 V
[LIFT] V_Compute: 28.500 V
[LIFT] V_Motors: 27.772 V
[LIFT] V_Compute: 28.489 V
[LIFT] V_Motors: 27.771 V
[LIFT] V_Compute: 28.493 V
[LIFT] V_Motors: 27.775 V
[LIFT] V_Compute: 28.472 V
[LIFT] V_Motors: 27.781 V
[LIFT] V_Compute: 28.480 V
[LIFT] V_Motors: 27.782 V
[LIFT] V_Compute: 28.481 V
[LIFT] V_Motors: 27.776 V
[LIFT] V_Compute: 28.468 V
[LIFT] V_Motors: 27.771 V
[LIFT] V_Compute: 28.472 V
[LIFT] V_Motors: 27.764 V
[LIFT] V_Compute: 28.485 V
[LIFT] V_Motors: 27.776 V
[LIFT] V_Compute: 28.499 V
[LIFT] V_Motors: 27.777 V
[LIFT] V_Compute: 28.471 V
[LIFT] V_Motors: 27.769 V
[LIFT] V_Compute: 28.480 V
[LIFT] V_Motors: 27.769 V
[LIFT] V_Compute: 28.480 V
[LIFT] V_Motors: 27.770 V
[LIFT] V_Compute: 28.466 V
[LIFT] V_Motors: 27.764 V
[LIFT] V_Compute: 28.469 V
[LIFT] V_Motors: 27.774 V
[LIFT] V_Compute: 28.482 V
[LIFT] V_Motors: 27.765 V
[LIFT] V_Compute: 28.500 V
[LIFT] V_Motors: 27.786 V
[LIFT] V_Compute: 28.479 V
[LIFT] V_Motors: 27.786 V
[LIFT] V_Compute: 28.480 V
[LIFT] V_Motors: 27.766 V
[LIFT] V_Compute: 28.484 V
[LIFT] V_Motors: 27.782 V
[LIFT] V_Compute: 28.484 V
[LIFT] V_Motors: 27.780 V
[LIFT] V_Compute: 28.505 V
[LIFT] V_Motors: 27.781 V
[LIFT] V_Compute: 28.466 V
[LIFT] V_Motors: 27.772 V
[LIFT] V_Compute: 28.504 V
[LIFT] V_Motors: 27.777 V
[LIFT] V_Compute: 28.476 V
[LIFT] V_Motors: 27.776 V
[LIFT] V_Compute: 28.474 V
[LIFT] V_Motors: 27.767 V
[LIFT] V_Compute: 28.503 V
[LIFT] V_Motors: 27.776 V
[LIFT] V_Compute: 28.482 V
[LIFT] V_Motors: 27.788 V
[LIFT] V_Compute: 28.475 V
[LIFT] V_Motors: 27.786 V
[LIFT] V_Compute: 28.481 V
[LIFT] V_Motors: 27.777 V
[LIFT] V_Compute: 28.470 V
[LIFT] V_Motors: 27.780 V
[LIFT] V_Compute: 28.490 V
[LIFT] V_Motors: 27.780 V
[LIFT] V_Compute: 28.479 V
[LIFT] V_Motors: 27.769 V
[LIFT] V_Compute: 28.478 V
[LIFT] V_Motors: 27.784 V
[LIFT] V_Compute: 28.487 V
[LIFT] V_Motors: 27.781 V
[LIFT] V_Compute: 28.470 V
[LIFT] V_Motors: 27.780 V
[LIFT] V_Compute: 28.480 V
[LIFT] V_Motors: 27.771 V
[LIFT] V_Compute: 28.458 V
[LIFT] V_Motors: 27.776 V
[LIFT] V_Compute: 28.466 V
[LIFT] V_Motors: 27.774 V
[LIFT] V_Compute: 28.485 V
[LIFT] V_Motors: 27.788 V
[LIFT] V_Compute: 28.481 V
[LIFT] V_Motors: 27.788 V
[LIFT] V_Compute: 28.509 V
[LIFT] V_Motors: 27.779 V
[LIFT] V_Compute: 28.460 V
[LIFT] V_Motors: 27.779 V
[LIFT] V_Compute: 28.478 V
[LIFT] V_Motors: 27.781 V
[LIFT] V_Compute: 28.476 V
[LIFT] V_Motors: 27.789 V
[LIFT] V_Compute: 28.489 V
[LIFT] V_Motors: 27.776 V
[LIFT] V_Compute: 28.478 V
[LIFT] V_Motors: 27.777 V
[LIFT] V_Compute: 28.469 V
[LIFT] V_Motors: 27.776 V
[LIFT] V_Compute: 28.494 V
[LIFT] V_Motors: 27.775 V
[LIFT] V_Compute: 28.491 V
[LIFT] V_Motors: 27.781 V
[LIFT] V_Compute: 28.479 V
[LIFT] V_Motors: 27.780 V
[LIFT] V_Compute: 28.489 V
[LIFT] V_Motors: 27.788 V
[LIFT] V_Compute: 28.493 V
[LIFT] V_Motors: 27.785 V
[LIFT] V_Compute: 28.493 V
[LIFT] V_Motors: 27.782 V
[LIFT] V_Compute: 28.500 V
[LIFT] V_Motors: 27.776 V
[LIFT] V_Compute: 28.495 V
[LIFT] V_Motors: 27.775 V
[LIFT] V_Compute: 28.493 V
[LIFT] V_Motors: 27.786 V
[LIFT] V_Compute: 28.471 V
[LIFT] V_Motors: 27.760 V
[LIFT] V_Compute: 28.480 V
[LIFT] V_Motors: 27.786 V
[LIFT] V_Compute: 28.470 V
[LIFT] V_Motors: 27.777 V
[LIFT] V_Compute: 28.505 V
[LIFT] V_Motors: 27.788 V
[LIFT] V_Compute: 28.470 V
[LIFT] V_Motors: 27.779 V
[LIFT] V_Compute: 28.451 V
[LIFT] V_Motors: 27.786 V
[LIFT] V_Compute: 28.489 V
[LIFT] V_Motors: 27.781 V
[LIFT] V_Compute: 28.484 V
[LIFT] V_Motors: 27.782 V
[LIFT] V_Compute: 28.490 V
[LIFT] V_Motors: 27.784 V
[LIFT] V_Compute: 28.491 V
[LIFT] V_Motors: 27.774 V
[LIFT] V_Compute: 28.469 V
[LIFT] V_Motors: 27.781 V
[LIFT] V_Compute: 28.505 V
[LIFT] V_Motors: 27.782 V
[LIFT] V_Compute: 28.504 V
[LIFT] V_Motors: 27.785 V
[LIFT] V_Compute: 28.469 V
[LIFT] V_Motors: 27.767 V
[LIFT] V_Compute: 28.476 V
[LIFT] V_Motors: 27.781 V
[LIFT] V_Compute: 28.484 V
[LIFT] V_Motors: 27.780 V
[LIFT] V_Compute: 28.479 V
[LIFT] V_Motors: 27.784 V
[LIFT] V_Compute: 28.504 V
[LIFT] V_Motors: 27.782 V
[LIFT] V_Compute: 28.471 V
[LIFT] V_Motors: 27.784 V
[LIFT] V_Compute: 28.491 V
[LIFT] V_Motors: 27.769 V
[LIFT] V_Compute: 28.485 V
[LIFT] V_Motors: 27.790 V
[LIFT] V_Compute: 28.478 V
[LIFT] V_Motors: 27.785 V
[LIFT] V_Compute: 28.481 V
[LIFT] V_Motors: 27.786 V
[LIFT] V_Compute: 28.485 V
[LIFT] V_Motors: 27.790 V
[LIFT] V_Compute: 28.482 V
[LIFT] V_Motors: 27.792 V
[LIFT] V_Compute: 28.469 V
[LIFT] V_Motors: 27.782 V
[LIFT] V_Compute: 28.478 V
[LIFT] V_Motors: 27.794 V
[LIFT] V_Compute: 28.475 V
[LIFT] V_Motors: 27.775 V
[LIFT] V_Compute: 28.475 V
[LIFT] V_Motors: 27.770 V
[LIFT] V_Compute: 28.478 V
[LIFT] V_Motors: 27.789 V
[LIFT] V_Compute: 28.481 V
[LIFT] V_Motors: 27.774 V
[LIFT] V_Compute: 28.489 V
[LIFT] V_Motors: 27.771 V
[LIFT] V_Compute: 28.468 V
[LIFT] V_Motors: 27.771 V
[LIFT] V_Compute: 28.475 V
[LIFT] V_Motors: 27.796 V
[LIFT] V_Compute: 28.474 V
[LIFT] V_Motors: 27.801 V
[LIFT] V_Compute: 28.493 V
[LIFT] V_Motors: 27.769 V
[LIFT] V_Compute: 28.485 V
[LIFT] V_Motors: 27.782 V
[LIFT] V_Compute: 28.465 V
[LIFT] V_Motors: 27.780 V
[LIFT] V_Compute: 28.489 V
[LIFT] V_Motors: 27.779 V
[LIFT] V_Compute: 28.505 V
[LIFT] V_Motors: 27.776 V
[LIFT] V_Compute: 28.464 V
[LIFT] V_Motors: 27.792 V
[LIFT] V_Compute: 28.490 V
[LIFT] V_Motors: 27.781 V
[LIFT] V_Compute: 28.478 V
[LIFT] V_Motors: 27.792 V
[LIFT] V_Compute: 28.489 V
[LIFT] V_Motors: 27.798 V
[LIFT] V_Compute: 28.481 V
[LIFT] V_Motors: 27.795 V
[LIFT] V_Compute: 28.462 V
[LIFT] V_Motors: 27.767 V
[LIFT] V_Compute: 28.495 V
[LIFT] V_Motors: 27.799 V
[LIFT] V_Compute: 28.485 V
[LIFT] V_Motors: 27.763 V
[LIFT] V_Compute: 28.487 V
[LIFT] V_Motors: 27.775 V
[LIFT] V_Compute: 28.494 V
[LIFT] V_Motors: 27.788 V
[LIFT] V_Compute: 28.480 V
[LIFT] V_Motors: 27.801 V
[LIFT] V_Compute: 28.480 V
[LIFT] V_Motors: 27.781 V
[LIFT] V_Compute: 28.489 V
[LIFT] V_Motors: 27.784 V
[LIFT] V_Compute: 28.494 V
[LIFT] V_Motors: 27.801 V
[LIFT] V_Compute: 28.497 V
[LIFT] V_Motors: 27.774 V
[LIFT] V_Compute: 28.495 V
[LIFT] V_Motors: 27.777 V
[LIFT] V_Compute: 28.469 V
[LIFT] V_Motors: 27.772 V
[LIFT] V_Compute: 28.489 V
[LIFT] V_Motors: 27.780 V
[LIFT] V_Compute: 28.466 V
[LIFT] V_Motors: 27.785 V
[LIFT] V_Compute: 28.490 V
[LIFT] V_Motors: 27.781 V
[LIFT] V_Compute: 28.490 V
[LIFT] V_Motors: 27.790 V
[LIFT] V_Compute: 28.481 V
[LIFT] V_Motors: 27.782 V
[LIFT] V_Compute: 28.490 V
[LIFT] V_Motors: 27.751 V
[LIFT] V_Compute: 28.494 V
[LIFT] V_Motors: 27.786 V
[LIFT] V_Compute: 28.491 V
[LIFT] V_Motors: 27.782 V
[LIFT] V_Compute: 28.510 V
[LIFT] V_Motors: 27.782 V
[LIFT] V_Compute: 28.481 V
[LIFT] V_Motors: 27.780 V
[LIFT] V_Compute: 28.474 V
[LIFT] V_Motors: 27.779 V
[LIFT] V_Compute: 28.503 V
[LIFT] V_Motors: 27.795 V
[LIFT] V_Compute: 28.480 V
[LIFT] V_Motors: 27.790 V
[LIFT] V_Compute: 28.474 V
[LIFT] V_Motors: 27.785 V
[LIFT] V_Compute: 28.479 V
[LIFT] V_Motors: 27.791 V
[LIFT] V_Compute: 28.495 V
[LIFT] V_Motors: 27.790 V
[LIFT] V_Compute: 28.490 V
[LIFT] V_Motors: 27.794 V
[LIFT] V_Compute: 28.479 V
[LIFT] V_Motors: 27.788 V
[LIFT] V_Compute: 28.468 V
[LIFT] V_Motors: 27.798 V
[LIFT] V_Compute: 28.506 V
[LIFT] V_Motors: 27.794 V
[LIFT] V_Compute: 28.514 V
[LIFT] V_Motors: 27.781 V
[LIFT] V_Compute: 28.495 V
[LIFT] V_Motors: 27.794 V
[LIFT] V_Compute: 28.505 V
[LIFT] V_Motors: 27.809 V
[LIFT] V_Compute: 28.482 V
[LIFT] V_Motors: 27.777 V
[LIFT] V_Compute: 28.494 V
[LIFT] V_Motors: 27.786 V
[LIFT] V_Compute: 28.495 V
[LIFT] V_Motors: 27.791 V
[LIFT] V_Compute: 28.481 V
[LIFT] V_Motors: 27.782 V
[LIFT] V_Compute: 28.458 V
[LIFT] V_Motors: 27.784 V
[LIFT] V_Compute: 28.496 V
[LIFT] V_Motors: 27.805 V
[LIFT] V_Compute: 28.487 V
[LIFT] V_Motors: 27.784 V
[LIFT] V_Compute: 28.479 V
[LIFT] V_Motors: 27.775 V
[LIFT] V_Compute: 28.495 V
[LIFT] V_Motors: 27.795 V
[LIFT] V_Compute: 28.490 V
[LIFT] V_Motors: 27.796 V
[LIFT] V_Compute: 28.480 V
[LIFT] V_Motors: 27.788 V
[LIFT] V_Compute: 28.500 V
[LIFT] V_Motors: 27.790 V
[LIFT] V_Compute: 28.497 V
[LIFT] V_Motors: 27.789 V
[LIFT] V_Compute: 28.503 V
[LIFT] V_Motors: 27.792 V
[LIFT] V_Compute: 28.495 V
[LIFT] V_Motors: 27.786 V
[LIFT] V_Compute: 28.465 V
[LIFT] V_Motors: 27.790 V
[LIFT] V_Compute: 28.482 V
[LIFT] V_Motors: 27.804 V
[LIFT] V_Compute: 28.490 V
[LIFT] V_Motors: 27.788 V
[LIFT] V_Compute: 28.485 V
[LIFT] V_Motors: 27.785 V
[LIFT] V_Compute: 28.474 V
[LIFT] V_Motors: 27.789 V
[LIFT] V_Compute: 28.499 V
[LIFT] V_Motors: 27.799 V
[LIFT] V_Compute: 28.493 V
[LIFT] V_Motors: 27.796 V
[LIFT] V_Compute: 28.490 V
[LIFT] V_Motors: 27.784 V
[LIFT] V_Compute: 28.482 V
[LIFT] V_Motors: 27.798 V
[LIFT] V_Compute: 28.470 V
[LIFT] V_Motors: 27.784 V
[LIFT] V_Compute: 28.511 V
[LIFT] V_Motors: 27.790 V
[LIFT] V_Compute: 28.491 V
[LIFT] V_Motors: 27.791 V
[LIFT] V_Compute: 28.513 V
[LIFT] V_Motors: 27.785 V
[LIFT] V_Compute: 28.476 V
[LIFT] V_Motors: 27.785 V
[LIFT] V_Compute: 28.493 V
[LIFT] V_Motors: 27.798 V
[LIFT] V_Compute: 28.485 V
[LIFT] V_Motors: 27.792 V
[LIFT] V_Compute: 28.474 V
[LIFT] V_Motors: 27.799 V
[LIFT] V_Compute: 28.469 V
[LIFT] V_Motors: 27.782 V
[LIFT] V_Compute: 28.486 V
[LIFT] V_Motors: 27.788 V
[LIFT] V_Compute: 28.485 V
[LIFT] V_Motors: 27.784 V
[LIFT] V_Compute: 28.505 V
[LIFT] V_Motors: 27.791 V
[LIFT] V_Compute: 28.493 V
[LIFT] V_Motors: 27.789 V
[LIFT] V_Compute: 28.516 V
[LIFT] V_Motors: 27.785 V
[LIFT] V_Compute: 28.478 V
[LIFT] V_Motors: 27.789 V
[LIFT] V_Compute: 28.493 V
[LIFT] V_Motors: 27.804 V
[LIFT] V_Compute: 28.491 V
[LIFT] V_Motors: 27.801 V
[LIFT] V_Compute: 28.479 V
[LIFT] V_Motors: 27.775 V
[LIFT] V_Compute: 28.513 V
[LIFT] V_Motors: 27.799 V
[LIFT] V_Compute: 28.481 V
[LIFT] V_Motors: 27.784 V
[LIFT] V_Compute: 28.520 V
[LIFT] V_Motors: 27.788 V
[LIFT] V_Compute: 28.516 V
[LIFT] V_Motors: 27.805 V
[LIFT] V_Compute: 28.501 V
[LIFT] V_Motors: 27.792 V
[LIFT] V_Compute: 28.485 V
[LIFT] V_Motors: 27.792 V
[LIFT] V_Compute: 28.500 V
[LIFT] V_Motors: 27.792 V
[LIFT] V_Compute: 28.478 V
[LIFT] V_Motors: 27.782 V
[LIFT] V_Compute: 28.497 V
[LIFT] V_Motors: 27.801 V
[LIFT] V_Compute: 28.489 V
[LIFT] V_Motors: 27.780 V
[LIFT] V_Compute: 28.482 V
[LIFT] V_Motors: 27.785 V
[LIFT] V_Compute: 28.493 V
[LIFT] V_Motors: 27.790 V
[LIFT] V_Compute: 28.489 V
[LIFT] V_Motors: 27.786 V
[LIFT] V_Compute: 28.482 V
[LIFT] V_Motors: 27.791 V
[LIFT] V_Compute: 28.505 V
[LIFT] V_Motors: 27.784 V
[LIFT] V_Compute: 28.481 V
[LIFT] V_Motors: 27.796 V
[LIFT] V_Compute: 28.521 V
[LIFT] V_Motors: 27.800 V
[LIFT] V_Compute: 28.516 V
[LIFT] V_Motors: 27.789 V
[LIFT] V_Compute: 28.511 V
[LIFT] V_Motors: 27.796 V
[LIFT] V_Compute: 28.489 V
[LIFT] V_Motors: 27.800 V
[LIFT] V_Compute: 28.489 V
[LIFT] V_Motors: 27.786 V
[LIFT] V_Compute: 28.497 V
[LIFT] V_Motors: 27.802 V
[LIFT] V_Compute: 28.486 V
[LIFT] V_Motors: 27.791 V
[LIFT] V_Compute: 28.501 V
[LIFT] V_Motors: 27.798 V
[LIFT] V_Compute: 28.500 V
[LIFT] V_Motors: 27.802 V
[LIFT] V_Compute: 28.493 V
[LIFT] V_Motors: 27.792 V
[LIFT] V_Compute: 28.478 V
[LIFT] V_Motors: 27.786 V
[LIFT] V_Compute: 28.504 V
[LIFT] V_Motors: 27.792 V
[LIFT] V_Compute: 28.487 V
[LIFT] V_Motors: 27.804 V
[LIFT] V_Compute: 28.500 V
[LIFT] V_Motors: 27.791 V
[LIFT] V_Compute: 28.476 V
[LIFT] V_Motors: 27.800 V
[LIFT] V_Compute: 28.497 V
[LIFT] V_Motors: 27.800 V
[LIFT] V_Compute: 28.497 V
[LIFT] V_Motors: 27.789 V
[LIFT] V_Compute: 28.489 V
[LIFT] V_Motors: 27.808 V
[LIFT] V_Compute: 28.513 V
[LIFT] V_Motors: 27.796 V
[LIFT] V_Compute: 28.469 V
[LIFT] V_Motors: 27.786 V
[LIFT] V_Compute: 28.506 V
[LIFT] V_Motors: 27.804 V
[LIFT] V_Compute: 28.507 V
[LIFT] V_Motors: 27.782 V
[LIFT] V_Compute: 28.493 V
[LIFT] V_Motors: 27.794 V
[LIFT] V_Compute: 28.505 V
[LIFT] V_Motors: 27.795 V
[LIFT] V_Compute: 28.506 V
[LIFT] V_Motors: 27.798 V
[LIFT] V_Compute: 28.490 V
[LIFT] V_Motors: 27.799 V
[LIFT] V_Compute: 28.506 V
[LIFT] V_Motors: 27.805 V
[LIFT] V_Compute: 28.510 V
[LIFT] V_Motors: 27.792 V
[LIFT] V_Compute: 28.499 V
[LIFT] V_Motors: 27.784 V
[LIFT] V_Compute: 28.475 V
[LIFT] V_Motors: 27.798 V
[LIFT] V_Compute: 28.484 V
[LIFT] V_Motors: 27.792 V
[LIFT] V_Compute: 28.501 V
[LIFT] V_Motors: 27.792 V
[LIFT] V_Compute: 28.484 V
[LIFT] V_Motors: 27.801 V
[LIFT] V_Compute: 28.487 V
[LIFT] V_Motors: 27.799 V
[LIFT] V_Compute: 28.495 V
[LIFT] V_Motors: 27.809 V
[LIFT] V_Compute: 28.496 V
[LIFT] V_Motors: 27.799 V
[LIFT] V_Compute: 28.486 V
[LIFT] V_Motors: 27.795 V
[LIFT] V_Compute: 28.509 V
[LIFT] V_Motors: 27.801 V
[LIFT] V_Compute: 28.495 V
[LIFT] V_Motors: 27.799 V
[LIFT] V_Compute: 28.480 V
[LIFT] V_Motors: 27.802 V
[LIFT] V_Compute: 28.497 V
[LIFT] V_Motors: 27.794 V
[LIFT] V_Compute: 28.495 V
[LIFT] V_Motors: 27.791 V
[LIFT] V_Compute: 28.509 V
[LIFT] V_Motors: 27.808 V
[LIFT] V_Compute: 28.514 V
[LIFT] V_Motors: 27.792 V
[LIFT] V_Compute: 28.507 V
[LIFT] V_Motors: 27.802 V
[LIFT] V_Compute: 28.522 V
[LIFT] V_Motors: 27.800 V
[LIFT] V_Compute: 28.478 V
[LIFT] V_Motors: 27.816 V
[LIFT] V_Compute: 28.481 V
[LIFT] V_Motors: 27.819 V
[LIFT] V_Compute: 28.506 V
[LIFT] V_Motors: 27.798 V
[LIFT] V_Compute: 28.504 V
[LIFT] V_Motors: 27.775 V
[LIFT] V_Compute: 28.507 V
[LIFT] V_Motors: 27.806 V
[LIFT] V_Compute: 28.478 V
[LIFT] V_Motors: 27.799 V
[LIFT] V_Compute: 28.489 V
[LIFT] V_Motors: 27.804 V
[LIFT] V_Compute: 28.482 V
[LIFT] V_Motors: 27.830 V
[LIFT] V_Compute: 28.514 V
[LIFT] V_Motors: 27.789 V
[LIFT] V_Compute: 28.485 V
[LIFT] V_Motors: 27.817 V
[LIFT] V_Compute: 28.490 V
[LIFT] V_Motors: 27.786 V
[LIFT] V_Compute: 28.504 V
[LIFT] V_Motors: 27.780 V
[LIFT] V_Compute: 28.478 V
[LIFT] V_Motors: 27.792 V
[LIFT] V_Compute: 28.495 V
[LIFT] V_Motors: 27.802 V
[LIFT] V_Compute: 28.491 V
[LIFT] V_Motors: 27.801 V
[LIFT] V_Compute: 28.486 V
[LIFT] V_Motors: 27.796 V
[LIFT] V_Compute: 28.489 V
[LIFT] V_Motors: 27.815 V
[LIFT] V_Compute: 28.505 V
[LIFT] V_Motors: 27.780 V
[LIFT] V_Compute: 28.520 V
[LIFT] V_Motors: 27.804 V
[LIFT] V_Compute: 28.482 V
[LIFT] V_Motors: 27.800 V
[LIFT] V_Compute: 28.485 V
[LIFT] V_Motors: 27.805 V
[LIFT] V_Compute: 28.497 V
[LIFT] V_Motors: 27.806 V
[LIFT] V_Compute: 28.509 V
[LIFT] V_Motors: 27.810 V
[LIFT] V_Compute: 28.497 V
[LIFT] V_Motors: 27.798 V
[LIFT] V_Compute: 28.494 V
[LIFT] V_Motors: 27.792 V
[LIFT] V_Compute: 28.490 V
[LIFT] V_Motors: 27.804 V
[LIFT] V_Compute: 28.493 V
[LIFT] V_Motors: 27.785 V
[LIFT] V_Compute: 28.489 V
[LIFT] V_Motors: 27.799 V
[LIFT] V_Compute: 28.485 V
[LIFT] V_Motors: 27.812 V
[LIFT] V_Compute: 28.503 V
[LIFT] V_Motors: 27.799 V
[LIFT] V_Compute: 28.505 V
[LIFT] V_Motors: 27.817 V
[LIFT] V_Compute: 28.474 V
[LIFT] V_Motors: 27.809 V
[LIFT] V_Compute: 28.519 V
[LIFT] V_Motors: 27.791 V
[LIFT] V_Compute: 28.516 V
[LIFT] V_Motors: 27.804 V
[LIFT] V_Compute: 28.503 V
[LIFT] V_Motors: 27.809 V
[LIFT] V_Compute: 28.501 V
[LIFT] V_Motors: 27.808 V
[LIFT] V_Compute: 28.496 V
[LIFT] V_Motors: 27.789 V
[LIFT] V_Compute: 28.490 V
[LIFT] V_Motors: 27.800 V
[LIFT] V_Compute: 28.501 V
[LIFT] V_Motors: 27.808 V
[LIFT] V_Compute: 28.507 V
[LIFT] V_Motors: 27.789 V
[LIFT] V_Compute: 28.469 V
[LIFT] V_Motors: 27.804 V
[LIFT] V_Compute: 28.474 V
[LIFT] V_Motors: 27.794 V
[LIFT] V_Compute: 28.514 V
[LIFT] V_Motors: 27.799 V
[LIFT] V_Compute: 28.486 V
[LIFT] V_Motors: 27.799 V
[LIFT] V_Compute: 28.481 V
[LIFT] V_Motors: 27.820 V
[LIFT] V_Compute: 28.499 V
[LIFT] V_Motors: 27.809 V
[LIFT] V_Compute: 28.480 V
[LIFT] V_Motors: 27.795 V
[LIFT] V_Compute: 28.511 V
[LIFT] V_Motors: 27.798 V
[LIFT] V_Compute: 28.489 V
[LIFT] V_Motors: 27.809 V
[LIFT] V_Compute: 28.484 V
[LIFT] V_Motors: 27.809 V
[LIFT] V_Compute: 28.495 V
[LIFT] V_Motors: 27.808 V
[LIFT] V_Compute: 28.490 V
[LIFT] V_Motors: 27.794 V
[LIFT] V_Compute: 28.491 V
[LIFT] V_Motors: 27.801 V
[LIFT] V_Compute: 28.490 V
[LIFT] V_Motors: 27.802 V
[LIFT] V_Compute: 28.499 V
[LIFT] V_Motors: 27.814 V
[LIFT] V_Compute: 28.507 V
[LIFT] V_Motors: 27.801 V
[LIFT] V_Compute: 28.511 V
[LIFT] V_Motors: 27.795 V
[LIFT] V_Compute: 28.499 V
[LIFT] V_Motors: 27.799 V
[LIFT] V_Compute: 28.478 V
[LIFT] V_Motors: 27.806 V
[LIFT] V_Compute: 28.507 V
[LIFT] V_Motors: 27.804 V
[LIFT] V_Compute: 28.503 V
[LIFT] V_Motors: 27.799 V
[LIFT] V_Compute: 28.506 V
[LIFT] V_Motors: 27.792 V
[LIFT] V_Compute: 28.480 V
[LIFT] V_Motors: 27.786 V
[LIFT] V_Compute: 28.513 V
[LIFT] V_Motors: 27.796 V
[LIFT] V_Compute: 28.497 V
[LIFT] V_Motors: 27.798 V
[LIFT] V_Compute: 28.487 V
[LIFT] V_Motors: 27.799 V
[LIFT] V_Compute: 28.494 V
[LIFT] V_Motors: 27.804 V
[LIFT] V_Compute: 28.511 V
[LIFT] V_Motors: 27.808 V
[LIFT] V_Compute: 28.490 V
[LIFT] V_Motors: 27.786 V
[LIFT] V_Compute: 28.524 V
[LIFT] V_Motors: 27.799 V
[LIFT] V_Compute: 28.472 V
[LIFT] V_Motors: 27.798 V
[LIFT] V_Compute: 28.507 V
[LIFT] V_Motors: 27.804 V
[LIFT] V_Compute: 28.517 V
[LIFT] V_Motors: 27.814 V
[LIFT] V_Compute: 28.507 V
[LIFT] V_Motors: 27.811 V
[LIFT] V_Compute: 28.517 V
[LIFT] V_Motors: 27.810 V
[LIFT] V_Compute: 28.521 V
[LIFT] V_Motors: 27.811 V
[LIFT] V_Compute: 28.522 V
[LIFT] V_Motors: 27.810 V
[LIFT] V_Compute: 28.500 V
[LIFT] V_Motors: 27.817 V
[LIFT] V_Compute: 28.494 V
[LIFT] V_Motors: 27.811 V
[LIFT] V_Compute: 28.519 V
[LIFT] V_Motors: 27.812 V
[LIFT] V_Compute: 28.493 V
[LIFT] V_Motors: 27.811 V
[LIFT] V_Compute: 28.496 V
[LIFT] V_Motors: 27.811 V
[LIFT] V_Compute: 28.491 V
[LIFT] V_Motors: 27.802 V
[LIFT] V_Compute: 28.507 V
[LIFT] V_Motors: 27.812 V
[LIFT] V_Compute: 28.507 V
[LIFT] V_Motors: 27.789 V
[LIFT] V_Compute: 28.499 V
[LIFT] V_Motors: 27.814 V
[LIFT] V_Compute: 28.497 V
[LIFT] V_Motors: 27.820 V
[LIFT] V_Compute: 28.487 V
[LIFT] V_Motors: 27.809 V
[LIFT] V_Compute: 28.475 V
[LIFT] V_Motors: 27.806 V
[LIFT] V_Compute: 28.489 V
[LIFT] V_Motors: 27.821 V
[LIFT] V_Compute: 28.480 V
[LIFT] V_Motors: 27.808 V
[LIFT] V_Compute: 28.495 V
[LIFT] V_Motors: 27.814 V
[LIFT] V_Compute: 28.499 V
[LIFT] V_Motors: 27.805 V
[LIFT] V_Compute: 28.532 V
[LIFT] V_Motors: 27.811 V
[LIFT] V_Compute: 28.486 V
[LIFT] V_Motors: 27.821 V
[LIFT] V_Compute: 28.491 V
[LIFT] V_Motors: 27.814 V
[LIFT] V_Compute: 28.513 V
[LIFT] V_Motors: 27.810 V
[LIFT] V_Compute: 28.487 V
[LIFT] V_Motors: 27.792 V
[LIFT] V_Compute: 28.479 V
[LIFT] V_Motors: 27.811 V
[LIFT] V_Compute: 28.513 V
[LIFT] V_Motors: 27.798 V
[LIFT] V_Compute: 28.486 V
[LIFT] V_Motors: 27.815 V
[LIFT] V_Compute: 28.514 V
[LIFT] V_Motors: 27.822 V
[LIFT] V_Compute: 28.497 V
[LIFT] V_Motors: 27.810 V
[LIFT] V_Compute: 28.489 V
[LIFT] V_Motors: 27.835 V
[LIFT] V_Compute: 28.471 V
[LIFT] V_Motors: 27.824 V
[LIFT] V_Compute: 28.472 V
[LIFT] V_Motors: 27.801 V
[LIFT] V_Compute: 28.494 V
[LIFT] V_Motors: 27.811 V
[LIFT] V_Compute: 28.489 V
[LIFT] V_Motors: 27.820 V
[LIFT] V_Compute: 28.510 V
[LIFT] V_Motors: 27.812 V
[LIFT] V_Compute: 28.507 V
[LIFT] V_Motors: 27.812 V
[LIFT] V_Compute: 28.493 V
[LIFT] V_Motors: 27.814 V
[LIFT] V_Compute: 28.505 V
[LIFT] V_Motors: 27.811 V
[LIFT] V_Compute: 28.485 V
[LIFT] V_Motors: 27.822 V
[LIFT] V_Compute: 28.500 V
[LIFT] V_Motors: 27.824 V
[LIFT] V_Compute: 28.506 V
[LIFT] V_Motors: 27.808 V
[LIFT] V_Compute: 28.490 V
[LIFT] V_Motors: 27.810 V
[LIFT] V_Compute: 28.524 V
[LIFT] V_Motors: 27.808 V
[LIFT] V_Compute: 28.493 V
[LIFT] V_Motors: 27.810 V
[LIFT] V_Compute: 28.497 V
[LIFT] V_Motors: 27.816 V
[LIFT] V_Compute: 28.486 V
[LIFT] V_Motors: 27.819 V
[LIFT] V_Compute: 28.496 V
[LIFT] V_Motors: 27.802 V
[LIFT] V_Compute: 28.479 V
[LIFT] V_Motors: 27.814 V
[LIFT] V_Compute: 28.503 V
[LIFT] V_Motors: 27.817 V
[LIFT] V_Compute: 28.482 V
[LIFT] V_Motors: 27.816 V
[LIFT] V_Compute: 28.517 V
[LIFT] V_Motors: 27.820 V
[LIFT] V_Compute: 28.515 V
[LIFT] V_Motors: 27.824 V
[LIFT] V_Compute: 28.507 V
[LIFT] V_Motors: 27.811 V
[LIFT] V_Compute: 28.482 V
[LIFT] V_Motors: 27.801 V
[LIFT] V_Compute: 28.513 V
[LIFT] V_Motors: 27.795 V
[LIFT] V_Compute: 28.504 V
[LIFT] V_Motors: 27.824 V
[LIFT] V_Compute: 28.501 V
[LIFT] V_Motors: 27.814 V
[LIFT] V_Compute: 28.506 V
[LIFT] V_Motors: 27.817 V
[LIFT] V_Compute: 28.494 V
[LIFT] V_Motors: 27.816 V
[LIFT] V_Compute: 28.496 V
[LIFT] V_Motors: 27.802 V
[LIFT] V_Compute: 28.499 V
[LIFT] V_Motors: 27.811 V
[LIFT] V_Compute: 28.497 V
[LIFT] V_Motors: 27.814 V
[LIFT] V_Compute: 28.500 V
[LIFT] V_Motors: 27.811 V
[LIFT] V_Compute: 28.503 V
[LIFT] V_Motors: 27.830 V
[LIFT] V_Compute: 28.497 V
[LIFT] V_Motors: 27.802 V
[LIFT] V_Compute: 28.521 V
[LIFT] V_Motors: 27.819 V
[LIFT] V_Compute: 28.503 V
[LIFT] V_Motors: 27.811 V
[LIFT] V_Compute: 28.517 V
[LIFT] V_Motors: 27.816 V
[LIFT] V_Compute: 28.505 V
[LIFT] V_Motors: 27.816 V
[LIFT] V_Compute: 28.481 V
[LIFT] V_Motors: 27.816 V
[LIFT] V_Compute: 28.524 V
[LIFT] V_Motors: 27.806 V
[LIFT] V_Compute: 28.484 V
[LIFT] V_Motors: 27.844 V
[LIFT] V_Compute: 28.506 V
[LIFT] V_Motors: 27.810 V
[LIFT] V_Compute: 28.499 V
[LIFT] V_Motors: 27.819 V
[LIFT] V_Compute: 28.517 V
[LIFT] V_Motors: 27.833 V
[LIFT] V_Compute: 28.486 V
[LIFT] V_Motors: 27.814 V
[LIFT] V_Compute: 28.510 V
[LIFT] V_Motors: 27.826 V
[LIFT] V_Compute: 28.505 V
[LIFT] V_Motors: 27.822 V
[LIFT] V_Compute: 28.511 V
[LIFT] V_Motors: 27.810 V
[LIFT] V_Compute: 28.496 V
[LIFT] V_Motors: 27.821 V
[LIFT] V_Compute: 28.496 V
[LIFT] V_Motors: 27.822 V
[LIFT] V_Compute: 28.504 V
[LIFT] V_Motors: 27.815 V
[LIFT] V_Compute: 28.509 V
[LIFT] V_Motors: 27.819 V
[LIFT] V_Compute: 28.494 V
[LIFT] V_Motors: 27.812 V
[LIFT] V_Compute: 28.491 V
[LIFT] V_Motors: 27.819 V
[LIFT] V_Compute: 28.496 V
[LIFT] V_Motors: 27.812 V
[LIFT] V_Compute: 28.500 V
[LIFT] V_Motors: 27.824 V
[LIFT] V_Compute: 28.515 V
[LIFT] V_Motors: 27.829 V
[LIFT] V_Compute: 28.501 V
[LIFT] V_Motors: 27.826 V
[LIFT] V_Compute: 28.509 V
[LIFT] V_Motors: 27.815 V
[LIFT] V_Compute: 28.491 V
[LIFT] V_Motors: 27.819 V
[LIFT] V_Compute: 28.497 V
[LIFT] V_Motors: 27.816 V
[LIFT] V_Compute: 28.493 V
[LIFT] V_Motors: 27.811 V
[LIFT] V_Compute: 28.495 V
[LIFT] V_Motors: 27.814 V
[LIFT] V_Compute: 28.504 V
[LIFT] V_Motors: 27.820 V
[LIFT] V_Compute: 28.489 V
[LIFT] V_Motors: 27.820 V
[LIFT] V_Compute: 28.507 V
[LIFT] V_Motors: 27.820 V
[LIFT] V_Compute: 28.510 V
[LIFT] V_Motors: 27.820 V
[LIFT] V_Compute: 28.516 V
[LIFT] V_Motors: 27.819 V
[LIFT] V_Compute: 28.490 V
[LIFT] V_Motors: 27.822 V
[LIFT] V_Compute: 28.497 V
[LIFT] V_Motors: 27.819 V
[LIFT] V_Compute: 28.496 V
[LIFT] V_Motors: 27.809 V
[LIFT] V_Compute: 28.486 V
[LIFT] V_Motors: 27.801 V
[LIFT] V_Compute: 28.491 V
[LIFT] V_Motors: 27.820 V
[LIFT] V_Compute: 28.517 V
[LIFT] V_Motors: 27.820 V
[LIFT] V_Compute: 28.526 V
[LIFT] V_Motors: 27.833 V
[LIFT] V_Compute: 28.513 V
[LIFT] V_Motors: 27.830 V
[LIFT] V_Compute: 28.507 V
[LIFT] V_Motors: 27.825 V
[LIFT] V_Compute: 28.532 V
[LIFT] V_Motors: 27.822 V
[LIFT] V_Compute: 28.489 V
[LIFT] V_Motors: 27.824 V
[LIFT] V_Compute: 28.506 V
[LIFT] V_Motors: 27.815 V
[LIFT] V_Compute: 28.511 V
[LIFT] V_Motors: 27.815 V
[LIFT] V_Compute: 28.530 V
[LIFT] V_Motors: 27.836 V
[LIFT] V_Compute: 28.513 V
[LIFT] V_Motors: 27.836 V
[LIFT] V_Compute: 28.497 V
[LIFT] V_Motors: 27.805 V
[LIFT] V_Compute: 28.511 V
[LIFT] V_Motors: 27.812 V
[LIFT] V_Compute: 28.513 V
[LIFT] V_Motors: 27.811 V
[LIFT] V_Compute: 28.501 V
[LIFT] V_Motors: 27.819 V
[LIFT] V_Compute: 28.499 V
[LIFT] V_Motors: 27.829 V
[LIFT] V_Compute: 28.526 V
[LIFT] V_Motors: 27.816 V
[LIFT] V_Compute: 28.505 V
[LIFT] V_Motors: 27.825 V
[LIFT] V_Compute: 28.529 V
[LIFT] V_Motors: 27.826 V
[LIFT] V_Compute: 28.513 V
[LIFT] V_Motors: 27.825 V
[LIFT] V_Compute: 28.510 V
[LIFT] V_Motors: 27.829 V
[LIFT] V_Compute: 28.489 V
[LIFT] V_Motors: 27.835 V
[LIFT] V_Compute: 28.519 V
[LIFT] V_Motors: 27.829 V
[LIFT] V_Compute: 28.507 V
[LIFT] V_Motors: 27.821 V
[LIFT] V_Compute: 28.505 V
[LIFT] V_Motors: 27.830 V
[LIFT] V_Compute: 28.462 V
[LIFT] V_Motors: 27.808 V
[LIFT] V_Compute: 28.519 V
[LIFT] V_Motors: 27.829 V
[LIFT] V_Compute: 28.520 V
[LIFT] V_Motors: 27.817 V
[LIFT] V_Compute: 28.500 V
[LIFT] V_Motors: 27.822 V
[LIFT] V_Compute: 28.509 V
[LIFT] V_Motors: 27.821 V
[LIFT] V_Compute: 28.515 V
[LIFT] V_Motors: 27.817 V
[LIFT] V_Compute: 28.511 V
[LIFT] V_Motors: 27.825 V
[LIFT] V_Compute: 28.520 V
[LIFT] V_Motors: 27.815 V
[LIFT] V_Compute: 28.509 V
[LIFT] V_Motors: 27.817 V
[LIFT] V_Compute: 28.503 V
[LIFT] V_Motors: 27.830 V
[LIFT] V_Compute: 28.521 V
[LIFT] V_Motors: 27.826 V
[LIFT] V_Compute: 28.501 V
[LIFT] V_Motors: 27.829 V
[LIFT] V_Compute: 28.503 V
[LIFT] V_Motors: 27.833 V
[LIFT] V_Compute: 28.503 V
[LIFT] V_Motors: 27.825 V
[LIFT] V_Compute: 28.519 V
[LIFT] V_Motors: 27.821 V
[LIFT] V_Compute: 28.500 V
[LIFT] V_Motors: 27.821 V
[LIFT] V_Compute: 28.517 V
[LIFT] V_Motors: 27.839 V
[LIFT] V_Compute: 28.484 V
[LIFT] V_Motors: 27.825 V
[LIFT] V_Compute: 28.530 V
[LIFT] V_Motors: 27.827 V
[LIFT] V_Compute: 28.514 V
[LIFT] V_Motors: 27.831 V
[LIFT] V_Compute: 28.505 V
[LIFT] V_Motors: 27.845 V
[LIFT] V_Compute: 28.504 V
[LIFT] V_Motors: 27.820 V
[LIFT] V_Compute: 28.507 V
[LIFT] V_Motors: 27.815 V
[LIFT] V_Compute: 28.510 V
[LIFT] V_Motors: 27.824 V
[LIFT] V_Compute: 28.491 V
[LIFT] V_Motors: 27.811 V
[LIFT] V_Compute: 28.506 V
[LIFT] V_Motors: 27.831 V
[LIFT] V_Compute: 28.517 V
[LIFT] V_Motors: 27.817 V
[LIFT] V_Compute: 28.501 V
[LIFT] V_Motors: 27.834 V
[LIFT] V_Compute: 28.506 V
[LIFT] V_Motors: 27.826 V
[LIFT] V_Compute: 28.496 V
[LIFT] V_Motors: 27.831 V
[LIFT] V_Compute: 28.509 V
[LIFT] V_Motors: 27.825 V
[LIFT] V_Compute: 28.514 V
[LIFT] V_Motors: 27.812 V
[LIFT] V_Compute: 28.486 V
[LIFT] V_Motors: 27.817 V
[LIFT] V_Compute: 28.484 V
[LIFT] V_Motors: 27.820 V
[LIFT] V_Compute: 28.485 V
[LIFT] V_Motors: 27.837 V
[LIFT] V_Compute: 28.524 V
[LIFT] V_Motors: 27.827 V
[LIFT] V_Compute: 28.500 V
[LIFT] V_Motors: 27.829 V
[LIFT] V_Compute: 28.505 V
[LIFT] V_Motors: 27.817 V
[LIFT] V_Compute: 28.478 V
[LIFT] V_Motors: 27.822 V
[LIFT] V_Compute: 28.520 V
[LIFT] V_Motors: 27.822 V
[LIFT] V_Compute: 28.520 V
[LIFT] V_Motors: 27.822 V
[LIFT] V_Compute: 28.524 V
[LIFT] V_Motors: 27.830 V
[LIFT] V_Compute: 28.520 V
[LIFT] V_Motors: 27.833 V
[LIFT] V_Compute: 28.529 V
[LIFT] V_Motors: 27.827 V
[LIFT] V_Compute: 28.519 V
[LIFT] V_Motors: 27.824 V
[LIFT] V_Compute: 28.509 V
[LIFT] V_Motors: 27.831 V
[LIFT] V_Compute: 28.526 V
[LIFT] V_Motors: 27.830 V
[LIFT] V_Compute: 28.501 V
[LIFT] V_Motors: 27.835 V
[LIFT] V_Compute: 28.471 V
[LIFT] V_Motors: 27.831 V
[LIFT] V_Compute: 28.501 V
[LIFT] V_Motors: 27.835 V
[LIFT] V_Compute: 28.500 V
[LIFT] V_Motors: 27.827 V
[LIFT] V_Compute: 28.527 V
[LIFT] V_Motors: 27.825 V
[LIFT] V_Compute: 28.503 V
[LIFT] V_Motors: 27.847 V
[LIFT] V_Compute: 28.499 V
[LIFT] V_Motors: 27.826 V
[LIFT] V_Compute: 28.525 V
[LIFT] V_Motors: 27.827 V
[LIFT] V_Compute: 28.506 V
[LIFT] V_Motors: 27.829 V
[LIFT] V_Compute: 28.505 V
[LIFT] V_Motors: 27.826 V
[LIFT] V_Compute: 28.501 V
[LIFT] V_Motors: 27.839 V
[LIFT] V_Compute: 28.500 V
[LIFT] V_Motors: 27.834 V
[LIFT] V_Compute: 28.525 V
[LIFT] V_Motors: 27.817 V
[LIFT] V_Compute: 28.505 V
[LIFT] V_Motors: 27.825 V
[LIFT] V_Compute: 28.506 V
[LIFT] V_Motors: 27.830 V
[LIFT] V_Compute: 28.509 V
[LIFT] V_Motors: 27.844 V
[LIFT] V_Compute: 28.515 V
[LIFT] V_Motors: 27.831 V
[LIFT] V_Compute: 28.509 V
[LIFT] V_Motors: 27.835 V
[LIFT] V_Compute: 28.493 V
[LIFT] V_Motors: 27.841 V
[LIFT] V_Compute: 28.503 V
[LIFT] V_Motors: 27.821 V
[LIFT] V_Compute: 28.486 V
[LIFT] V_Motors: 27.837 V
[LIFT] V_Compute: 28.536 V
[LIFT] V_Motors: 27.829 V
[LIFT] V_Compute: 28.493 V
[LIFT] V_Motors: 27.826 V
[LIFT] V_Compute: 28.525 V
[LIFT] V_Motors: 27.824 V
[LIFT] V_Compute: 28.517 V
[LIFT] V_Motors: 27.829 V
[LIFT] V_Compute: 28.514 V
[LIFT] V_Motors: 27.839 V
[LIFT] V_Compute: 28.500 V
[LIFT] V_Motors: 27.831 V
[LIFT] V_Compute: 28.496 V
[LIFT] V_Motors: 27.827 V
[LIFT] V_Compute: 28.513 V
[LIFT] V_Motors: 27.835 V
[LIFT] V_Compute: 28.513 V
[LIFT] V_Motors: 27.836 V
[LIFT] V_Compute: 28.517 V
[LIFT] V_Motors: 27.811 V
[LIFT] V_Compute: 28.517 V
[LIFT] V_Motors: 27.825 V
[LIFT] V_Compute: 28.501 V
[LIFT] V_Motors: 27.841 V
[LIFT] V_Compute: 28.513 V
[LIFT] V_Motors: 27.850 V
[LIFT] V_Compute: 28.526 V
[LIFT] V_Motors: 27.825 V
[LIFT] V_Compute: 28.501 V
[LIFT] V_Motors: 27.820 V
[LIFT] V_Compute: 28.495 V
[LIFT] V_Motors: 27.840 V
[LIFT] V_Compute: 28.519 V
[LIFT] V_Motors: 27.826 V
[LIFT] V_Compute: 28.529 V
[LIFT] V_Motors: 27.845 V
[LIFT] V_Compute: 28.521 V
[LIFT] V_Motors: 27.840 V
[LIFT] V_Compute: 28.487 V
[LIFT] V_Motors: 27.844 V
[LIFT] V_Compute: 28.506 V
[LIFT] V_Motors: 27.837 V
[LIFT] V_Compute: 28.501 V
[LIFT] V_Motors: 27.836 V
[LIFT] V_Compute: 28.529 V
[LIFT] V_Motors: 27.839 V
[LIFT] V_Compute: 28.530 V
[LIFT] V_Motors: 27.827 V
[LIFT] V_Compute: 28.507 V
[LIFT] V_Motors: 27.836 V
[LIFT] V_Compute: 28.497 V
[LIFT] V_Motors: 27.844 V
[LIFT] V_Compute: 28.514 V
[LIFT] V_Motors: 27.817 V
[LIFT] V_Compute: 28.509 V
[LIFT] V_Motors: 27.831 V
[LIFT] V_Compute: 28.500 V
[LIFT] V_Motors: 27.833 V
[LIFT] V_Compute: 28.517 V
[LIFT] V_Motors: 27.835 V
[LIFT] V_Compute: 28.515 V
[LIFT] V_Motors: 27.841 V
[LIFT] V_Compute: 28.515 V
[LIFT] V_Motors: 27.836 V
[LIFT] V_Compute: 28.509 V
[LIFT] V_Motors: 27.845 V
[LIFT] V_Compute: 28.499 V
[LIFT] V_Motors: 27.846 V
[LIFT] V_Compute: 28.511 V
[LIFT] V_Motors: 27.840 V
[LIFT] V_Compute: 28.520 V
[LIFT] V_Motors: 27.837 V
[LIFT] V_Compute: 28.510 V
[LIFT] V_Motors: 27.829 V
[LIFT] V_Compute: 28.516 V
[LIFT] V_Motors: 27.835 V
[LIFT] V_Compute: 28.520 V
[LIFT] V_Motors: 27.835 V
[LIFT] V_Compute: 28.539 V
[LIFT] V_Motors: 27.845 V
[LIFT] V_Compute: 28.503 V
[LIFT] V_Motors: 27.836 V
[LIFT] V_Compute: 28.530 V
[LIFT] V_Motors: 27.837 V
[LIFT] V_Compute: 28.494 V
[LIFT] V_Motors: 27.835 V
[LIFT] V_Compute: 28.519 V
[LIFT] V_Motors: 27.837 V
[LIFT] V_Compute: 28.522 V
[LIFT] V_Motors: 27.833 V
[LIFT] V_Compute: 28.505 V
[LIFT] V_Motors: 27.835 V
[LIFT] V_Compute: 28.507 V
[LIFT] V_Motors: 27.846 V
[LIFT] V_Compute: 28.509 V
[LIFT] V_Motors: 27.845 V
[LIFT] V_Compute: 28.504 V
[LIFT] V_Motors: 27.825 V
[LIFT] V_Compute: 28.513 V
[LIFT] V_Motors: 27.836 V
[LIFT] V_Compute: 28.522 V
[LIFT] V_Motors: 27.831 V
[LIFT] V_Compute: 28.515 V
[LIFT] V_Motors: 27.841 V
[LIFT] V_Compute: 28.525 V
[LIFT] V_Motors: 27.841 V
[LIFT] V_Compute: 28.507 V
[LIFT] V_Motors: 27.854 V
[LIFT] V_Compute: 28.514 V
[LIFT] V_Motors: 27.836 V
[LIFT] V_Compute: 28.505 V
[LIFT] V_Motors: 27.825 V
[LIFT] V_Compute: 28.515 V
[LIFT] V_Motors: 27.843 V
[LIFT] V_Compute: 28.497 V
[LIFT] V_Motors: 27.824 V
[LIFT] V_Compute: 28.510 V
[LIFT] V_Motors: 27.857 V
[LIFT] V_Compute: 28.517 V
[LIFT] V_Motors: 27.841 V
[LIFT] V_Compute: 28.497 V
[LIFT] V_Motors: 27.845 V
[LIFT] V_Compute: 28.515 V
[LIFT] V_Motors: 27.841 V
[LIFT] V_Compute: 28.515 V
[LIFT] V_Motors: 27.841 V
[LIFT] V_Compute: 28.515 V
[LIFT] V_Motors: 27.839 V
[LIFT] V_Compute: 28.520 V
[LIFT] V_Motors: 27.829 V
[LIFT] V_Compute: 28.517 V
[LIFT] V_Motors: 27.836 V
[LIFT] V_Compute: 28.478 V
[LIFT] V_Motors: 27.820 V
[LIFT] V_Compute: 28.501 V
[LIFT] V_Motors: 27.824 V
[LIFT] V_Compute: 28.541 V
[LIFT] V_Motors: 27.831 V
[LIFT] V_Compute: 28.515 V
[LIFT] V_Motors: 27.843 V
[LIFT] V_Compute: 28.497 V
[LIFT] V_Motors: 27.830 V
[LIFT] V_Compute: 28.506 V
[LIFT] V_Motors: 27.856 V
[LIFT] V_Compute: 28.517 V
[LIFT] V_Motors: 27.843 V
[LIFT] V_Compute: 28.520 V
[LIFT] V_Motors: 27.837 V
[LIFT] V_Compute: 28.500 V
[LIFT] V_Motors: 27.840 V
[LIFT] V_Compute: 28.521 V
[LIFT] V_Motors: 27.843 V
[LIFT] V_Compute: 28.538 V
[LIFT] V_Motors: 27.827 V
[LIFT] V_Compute: 28.532 V
[LIFT] V_Motors: 27.837 V
[LIFT] V_Compute: 28.491 V
[LIFT] V_Motors: 27.829 V
[LIFT] V_Compute: 28.525 V
[LIFT] V_Motors: 27.831 V
[LIFT] V_Compute: 28.519 V
[LIFT] V_Motors: 27.836 V
[LIFT] V_Compute: 28.524 V
[LIFT] V_Motors: 27.849 V
[LIFT] V_Compute: 28.534 V
[LIFT] V_Motors: 27.833 V
[LIFT] V_Compute: 28.509 V
[LIFT] V_Motors: 27.841 V
[LIFT] V_Compute: 28.505 V
[LIFT] V_Motors: 27.844 V
[LIFT] V_Compute: 28.515 V
[LIFT] V_Motors: 27.851 V
[LIFT] V_Compute: 28.501 V
[LIFT] V_Motors: 27.860 V
[LIFT] V_Compute: 28.510 V
[LIFT] V_Motors: 27.866 V
[LIFT] V_Compute: 28.510 V
[LIFT] V_Motors: 27.833 V
[LIFT] V_Compute: 28.496 V
[LIFT] V_Motors: 27.834 V
[LIFT] V_Compute: 28.495 V
[LIFT] V_Motors: 27.841 V
[LIFT] V_Compute: 28.539 V
[LIFT] V_Motors: 27.841 V
[LIFT] V_Compute: 28.506 V
[LIFT] V_Motors: 27.839 V
[LIFT] V_Compute: 28.545 V
[LIFT] V_Motors: 27.853 V
[LIFT] V_Compute: 28.521 V
[LIFT] V_Motors: 27.835 V
[LIFT] V_Compute: 28.486 V
[LIFT] V_Motors: 27.834 V
[LIFT] V_Compute: 28.509 V
[LIFT] V_Motors: 27.835 V
[LIFT] V_Compute: 28.499 V
[LIFT] V_Motors: 27.841 V
[LIFT] V_Compute: 28.516 V
[LIFT] V_Motors: 27.839 V
[LIFT] V_Compute: 28.527 V
[LIFT] V_Motors: 27.841 V
[LIFT] V_Compute: 28.515 V
[LIFT] V_Motors: 27.831 V
[LIFT] V_Compute: 28.522 V
[LIFT] V_Motors: 27.840 V
[LIFT] V_Compute: 28.515 V
[LIFT] V_Motors: 27.851 V
[LIFT] V_Compute: 28.507 V
[LIFT] V_Motors: 27.849 V
[LIFT] V_Compute: 28.521 V
[LIFT] V_Motors: 27.845 V
[LIFT] V_Compute: 28.542 V
[LIFT] V_Motors: 27.836 V
[LIFT] V_Compute: 28.515 V
[LIFT] V_Motors: 27.839 V
[LIFT] V_Compute: 28.521 V
[LIFT] V_Motors: 27.837 V
[LIFT] V_Compute: 28.540 V
[LIFT] V_Motors: 27.846 V
[LIFT] V_Compute: 28.509 V
[LIFT] V_Motors: 27.854 V
[LIFT] V_Compute: 28.510 V
[LIFT] V_Motors: 27.846 V
[LIFT] V_Compute: 28.521 V
[LIFT] V_Motors: 27.840 V
[LIFT] V_Compute: 28.509 V
[LIFT] V_Motors: 27.845 V
[LIFT] V_Compute: 28.530 V
[LIFT] V_Motors: 27.843 V
[LIFT] V_Compute: 28.504 V
[LIFT] V_Motors: 27.840 V
[LIFT] V_Compute: 28.524 V
[LIFT] V_Motors: 27.846 V
[LIFT] V_Compute: 28.527 V
[LIFT] V_Motors: 27.840 V
[LIFT] V_Compute: 28.514 V
[LIFT] V_Motors: 27.850 V
[LIFT] V_Compute: 28.521 V
[LIFT] V_Motors: 27.844 V
[LIFT] V_Compute: 28.515 V
[LIFT] V_Motors: 27.845 V
[LIFT] V_Compute: 28.524 V
[LIFT] V_Motors: 27.865 V
[LIFT] V_Compute: 28.516 V
[LIFT] V_Motors: 27.857 V
[LIFT] V_Compute: 28.496 V
[LIFT] V_Motors: 27.841 V
[LIFT] V_Compute: 28.505 V
[LIFT] V_Motors: 27.847 V
[LIFT] V_Compute: 28.511 V
[LIFT] V_Motors: 27.849 V
[LIFT] V_Compute: 28.511 V
[LIFT] V_Motors: 27.849 V
[LIFT] V_Compute: 28.511 V
[LIFT] V_Motors: 27.845 V
[LIFT] V_Compute: 28.500 V
[LIFT] V_Motors: 27.847 V
[LIFT] V_Compute: 28.513 V
[LIFT] V_Motors: 27.836 V
[LIFT] V_Compute: 28.541 V
[LIFT] V_Motors: 27.859 V
[LIFT] V_Compute: 28.495 V
[LIFT] V_Motors: 27.847 V
[LIFT] V_Compute: 28.520 V
[LIFT] V_Motors: 27.854 V
[LIFT] V_Compute: 28.515 V
[LIFT] V_Motors: 27.849 V
[LIFT] V_Compute: 28.481 V
[LIFT] V_Motors: 27.843 V
[LIFT] V_Compute: 28.519 V
[LIFT] V_Motors: 27.839 V
[LIFT] V_Compute: 28.516 V
[LIFT] V_Motors: 27.853 V
[LIFT] V_Compute: 28.531 V
[LIFT] V_Motors: 27.849 V
[LIFT] V_Compute: 28.522 V
[LIFT] V_Motors: 27.854 V
[LIFT] V_Compute: 28.505 V
[LIFT] V_Motors: 27.853 V
[LIFT] V_Compute: 28.513 V
[LIFT] V_Motors: 27.817 V
[LIFT] V_Compute: 28.532 V
[LIFT] V_Motors: 27.849 V
[LIFT] V_Compute: 28.531 V
[LIFT] V_Motors: 27.846 V
[LIFT] V_Compute: 28.511 V
[LIFT] V_Motors: 27.844 V
[LIFT] V_Compute: 28.519 V
[LIFT] V_Motors: 27.850 V
[LIFT] V_Compute: 28.509 V
[LIFT] V_Motors: 27.840 V
[LIFT] V_Compute: 28.519 V
[LIFT] V_Motors: 27.845 V
[LIFT] V_Compute: 28.513 V
[LIFT] V_Motors: 27.860 V
[LIFT] V_Compute: 28.515 V
[LIFT] V_Motors: 27.847 V
[LIFT] V_Compute: 28.530 V
[LIFT] V_Motors: 27.859 V
[LIFT] V_Compute: 28.529 V
[LIFT] V_Motors: 27.850 V
[LIFT] V_Compute: 28.517 V
[LIFT] V_Motors: 27.869 V
[LIFT] V_Compute: 28.526 V
[LIFT] V_Motors: 27.839 V
[LIFT] V_Compute: 28.516 V
[LIFT] V_Motors: 27.844 V
[LIFT] V_Compute: 28.509 V
[LIFT] V_Motors: 27.851 V
[LIFT] V_Compute: 28.509 V
[LIFT] V_Motors: 27.849 V
[LIFT] V_Compute: 28.522 V
[LIFT] V_Motors: 27.847 V
[LIFT] V_Compute: 28.524 V
[LIFT] V_Motors: 27.856 V
[LIFT] V_Compute: 28.532 V
[LIFT] V_Motors: 27.850 V
[LIFT] V_Compute: 28.514 V
[LIFT] V_Motors: 27.835 V
[LIFT] V_Compute: 28.517 V
[LIFT] V_Motors: 27.853 V
[LIFT] V_Compute: 28.513 V
[LIFT] V_Motors: 27.861 V
[LIFT] V_Compute: 28.516 V
[LIFT] V_Motors: 27.844 V
[LIFT] V_Compute: 28.510 V
[LIFT] V_Motors: 27.833 V
[LIFT] V_Compute: 28.542 V
[LIFT] V_Motors: 27.853 V
[LIFT] V_Compute: 28.516 V
[LIFT] V_Motors: 27.856 V
[LIFT] V_Compute: 28.530 V
[LIFT] V_Motors: 27.854 V
[LIFT] V_Compute: 28.509 V
[LIFT] V_Motors: 27.849 V
[LIFT] V_Compute: 28.522 V
[LIFT] V_Motors: 27.849 V
[LIFT] V_Compute: 28.525 V
[LIFT] V_Motors: 27.845 V
[LIFT] V_Compute: 28.529 V
[LIFT] V_Motors: 27.853 V
[LIFT] V_Compute: 28.516 V
[LIFT] V_Motors: 27.847 V
[LIFT] V_Compute: 28.526 V
[LIFT] V_Motors: 27.859 V
[LIFT] V_Compute: 28.504 V
[LIFT] V_Motors: 27.856 V
[LIFT] V_Compute: 28.517 V
[LIFT] V_Motors: 27.859 V
[LIFT] V_Compute: 28.526 V
[LIFT] V_Motors: 27.845 V
[LIFT] V_Compute: 28.520 V
[LIFT] V_Motors: 27.855 V
[LIFT] V_Compute: 28.516 V
[LIFT] V_Motors: 27.857 V
[LIFT] V_Compute: 28.511 V
[LIFT] V_Motors: 27.849 V
[LIFT] V_Compute: 28.516 V
[LIFT] V_Motors: 27.846 V
[LIFT] V_Compute: 28.532 V
[LIFT] V_Motors: 27.851 V
[LIFT] V_Compute: 28.506 V
[LIFT] V_Motors: 27.851 V
[LIFT] V_Compute: 28.545 V
[LIFT] V_Motors: 27.853 V
[LIFT] V_Compute: 28.526 V
[LIFT] V_Motors: 27.860 V
[LIFT] V_Compute: 28.524 V
[LIFT] V_Motors: 27.843 V
[LIFT] V_Compute: 28.516 V
[LIFT] V_Motors: 27.860 V
[LIFT] V_Compute: 28.542 V
[LIFT] V_Motors: 27.856 V
[LIFT] V_Compute: 28.506 V
[LIFT] V_Motors: 27.860 V
[LIFT] V_Compute: 28.519 V
[LIFT] V_Motors: 27.854 V
[LIFT] V_Compute: 28.530 V
[LIFT] V_Motors: 27.850 V
[LIFT] V_Compute: 28.522 V
[LIFT] V_Motors: 27.850 V
[LIFT] V_Compute: 28.538 V
[LIFT] V_Motors: 27.855 V
[LIFT] V_Compute: 28.534 V
[LIFT] V_Motors: 27.849 V
[LIFT] V_Compute: 28.524 V
[LIFT] V_Motors: 27.854 V
[LIFT] V_Compute: 28.515 V
[LIFT] V_Motors: 27.859 V
[LIFT] V_Compute: 28.522 V
[LIFT] V_Motors: 27.856 V
[LIFT] V_Compute: 28.526 V
[LIFT] V_Motors: 27.862 V
[LIFT] V_Compute: 28.531 V
[LIFT] V_Motors: 27.844 V
[LIFT] V_Compute: 28.532 V
[LIFT] V_Motors: 27.843 V
[LIFT] V_Compute: 28.515 V
[LIFT] V_Motors: 27.845 V
[LIFT] V_Compute: 28.524 V
[LIFT] V_Motors: 27.850 V
[LIFT] V_Compute: 28.514 V
[LIFT] V_Motors: 27.843 V
[LIFT] V_Compute: 28.499 V
[LIFT] V_Motors: 27.857 V
[LIFT] V_Compute: 28.519 V
[LIFT] V_Motors: 27.855 V
[LIFT] V_Compute: 28.542 V
[LIFT] V_Motors: 27.851 V
[LIFT] V_Compute: 28.499 V
[LIFT] V_Motors: 27.861 V
[LIFT] V_Compute: 28.517 V
[LIFT] V_Motors: 27.868 V
[LIFT] V_Compute: 28.540 V
[LIFT] V_Motors: 27.853 V
[LIFT] V_Compute: 28.519 V
[LIFT] V_Motors: 27.857 V
[LIFT] V_Compute: 28.519 V
[LIFT] V_Motors: 27.870 V
[LIFT] V_Compute: 28.534 V
[LIFT] V_Motors: 27.855 V
[LIFT] V_Compute: 28.521 V
[LIFT] V_Motors: 27.860 V
[LIFT] V_Compute: 28.560 V
[LIFT] V_Motors: 27.862 V
[LIFT] V_Compute: 28.515 V
[LIFT] V_Motors: 27.833 V
[LIFT] V_Compute: 28.552 V
[LIFT] V_Motors: 27.854 V
[LIFT] V_Compute: 28.522 V
[LIFT] V_Motors: 27.855 V
[LIFT] V_Compute: 28.538 V
[LIFT] V_Motors: 27.859 V
[LIFT] V_Compute: 28.535 V
[LIFT] V_Motors: 27.857 V
[LIFT] V_Compute: 28.516 V
[LIFT] V_Motors: 27.856 V
[LIFT] V_Compute: 28.509 V
[LIFT] V_Motors: 27.844 V
[LIFT] V_Compute: 28.546 V
[LIFT] V_Motors: 27.875 V
[LIFT] V_Compute: 28.521 V
[LIFT] V_Motors: 27.859 V
[LIFT] V_Compute: 28.507 V
[LIFT] V_Motors: 27.857 V
[LIFT] V_Compute: 28.526 V
[LIFT] V_Motors: 27.855 V
[LIFT] V_Compute: 28.514 V
[LIFT] V_Motors: 27.853 V
[LIFT] V_Compute: 28.529 V
[LIFT] V_Motors: 27.854 V
[LIFT] V_Compute: 28.511 V
[LIFT] V_Motors: 27.862 V
[LIFT] V_Compute: 28.506 V
[LIFT] V_Motors: 27.870 V
[LIFT] V_Compute: 28.517 V
[LIFT] V_Motors: 27.860 V
[LIFT] V_Compute: 28.535 V
[LIFT] V_Motors: 27.861 V
[LIFT] V_Compute: 28.516 V
[LIFT] V_Motors: 27.845 V
[LIFT] V_Compute: 28.526 V
[LIFT] V_Motors: 27.851 V
[LIFT] V_Compute: 28.516 V
[LIFT] V_Motors: 27.856 V
[LIFT] V_Compute: 28.525 V
[LIFT] V_Motors: 27.854 V
[LIFT] V_Compute: 28.527 V
[LIFT] V_Motors: 27.860 V
[LIFT] V_Compute: 28.527 V
[LIFT] V_Motors: 27.850 V
[LIFT] V_Compute: 28.524 V
[LIFT] V_Motors: 27.846 V
[LIFT] V_Compute: 28.532 V
[LIFT] V_Motors: 27.862 V
[LIFT] V_Compute: 28.525 V
[LIFT] V_Motors: 27.847 V
[LIFT] V_Compute: 28.532 V
[LIFT] V_Motors: 27.853 V
[LIFT] V_Compute: 28.521 V
[LIFT] V_Motors: 27.864 V
[LIFT] V_Compute: 28.521 V
[LIFT] V_Motors: 27.853 V
[LIFT] V_Compute: 28.534 V
[LIFT] V_Motors: 27.861 V
[LIFT] V_Compute: 28.517 V
[LIFT] V_Motors: 27.851 V
[LIFT] V_Compute: 28.519 V
[LIFT] V_Motors: 27.860 V
[LIFT] V_Compute: 28.516 V
[LIFT] V_Motors: 27.853 V
[LIFT] V_Compute: 28.527 V
[LIFT] V_Motors: 27.851 V
[LIFT] V_Compute: 28.514 V
[LIFT] V_Motors: 27.865 V
[LIFT] V_Compute: 28.529 V
[LIFT] V_Motors: 27.859 V
[LIFT] V_Compute: 28.536 V
[LIFT] V_Motors: 27.856 V
[LIFT] V_Compute: 28.520 V
[LIFT] V_Motors: 27.859 V
[LIFT] V_Compute: 28.504 V
[LIFT] V_Motors: 27.864 V
[LIFT] V_Compute: 28.540 V
[LIFT] V_Motors: 27.857 V
[LIFT] V_Compute: 28.536 V
[LIFT] V_Motors: 27.859 V
[LIFT] V_Compute: 28.527 V
[LIFT] V_Motors: 27.857 V
[LIFT] V_Compute: 28.526 V
[LIFT] V_Motors: 27.860 V
[LIFT] V_Compute: 28.540 V
[LIFT] V_Motors: 27.853 V
[LIFT] V_Compute: 28.521 V
[LIFT] V_Motors: 27.865 V
[LIFT] V_Compute: 28.525 V
[LIFT] V_Motors: 27.865 V
[LIFT] V_Compute: 28.513 V
[LIFT] V_Motors: 27.859 V
[LIFT] V_Compute: 28.529 V
[LIFT] V_Motors: 27.861 V
[LIFT] V_Compute: 28.534 V
[LIFT] V_Motors: 27.879 V
[LIFT] V_Compute: 28.538 V
[LIFT] V_Motors: 27.855 V
[LIFT] V_Compute: 28.550 V
[LIFT] V_Motors: 27.875 V
[LIFT] V_Compute: 28.535 V
[LIFT] V_Motors: 27.866 V
[LIFT] V_Compute: 28.525 V
[LIFT] V_Motors: 27.864 V
[LIFT] V_Compute: 28.534 V
[LIFT] V_Motors: 27.878 V
[LIFT] V_Compute: 28.530 V
[LIFT] V_Motors: 27.872 V
[LIFT] V_Compute: 28.506 V
[LIFT] V_Motors: 27.860 V
[LIFT] V_Compute: 28.529 V
[LIFT] V_Motors: 27.871 V
[LIFT] V_Compute: 28.524 V
[LIFT] V_Motors: 27.866 V
[LIFT] V_Compute: 28.504 V
[LIFT] V_Motors: 27.868 V
[LIFT] V_Compute: 28.511 V
[LIFT] V_Motors: 27.870 V
[LIFT] V_Compute: 28.519 V
[LIFT] V_Motors: 27.845 V
[LIFT] V_Compute: 28.529 V
[LIFT] V_Motors: 27.862 V
[LIFT] V_Compute: 28.538 V
[LIFT] V_Motors: 27.860 V
[LIFT] V_Compute: 28.522 V
[LIFT] V_Motors: 27.857 V
[LIFT] V_Compute: 28.487 V
[LIFT] V_Motors: 27.875 V
[LIFT] V_Compute: 28.538 V
[LIFT] V_Motors: 27.843 V
[LIFT] V_Compute: 28.509 V
[LIFT] V_Motors: 27.868 V
[LIFT] V_Compute: 28.530 V
[LIFT] V_Motors: 27.872 V
[LIFT] V_Compute: 28.535 V
[LIFT] V_Motors: 27.864 V
[LIFT] V_Compute: 28.527 V
[LIFT] V_Motors: 27.854 V
[LIFT] V_Compute: 28.522 V
[LIFT] V_Motors: 27.860 V
[LIFT] V_Compute: 28.532 V
[LIFT] V_Motors: 27.865 V
[LIFT] V_Compute: 28.521 V
[LIFT] V_Motors: 27.857 V
[LIFT] V_Compute: 28.536 V
[LIFT] V_Motors: 27.870 V
[LIFT] V_Compute: 28.530 V
[LIFT] V_Motors: 27.874 V
[LIFT] V_Compute: 28.527 V
[LIFT] V_Motors: 27.859 V
[LIFT] V_Compute: 28.532 V
[LIFT] V_Motors: 27.861 V
[LIFT] V_Compute: 28.521 V
[LIFT] V_Motors: 27.868 V
[LIFT] V_Compute: 28.545 V
[LIFT] V_Motors: 27.869 V
[LIFT] V_Compute: 28.531 V
[LIFT] V_Motors: 27.864 V
[LIFT] V_Compute: 28.540 V
[LIFT] V_Motors: 27.862 V
[LIFT] V_Compute: 28.539 V
[LIFT] V_Motors: 27.861 V
[LIFT] V_Compute: 28.516 V
[LIFT] V_Motors: 27.862 V
[LIFT] V_Compute: 28.549 V
[LIFT] V_Motors: 27.874 V
[LIFT] V_Compute: 28.529 V
[LIFT] V_Motors: 27.868 V
[LIFT] V_Compute: 28.539 V
[LIFT] V_Motors: 27.871 V
[LIFT] V_Compute: 28.526 V
[LIFT] V_Motors: 27.874 V
[LIFT] V_Compute: 28.529 V
[LIFT] V_Motors: 27.868 V
[LIFT] V_Compute: 28.522 V
[LIFT] V_Motors: 27.868 V
[LIFT] V_Compute: 28.536 V
[LIFT] V_Motors: 27.869 V
[LIFT] V_Compute: 28.530 V
[LIFT] V_Motors: 27.871 V
[LIFT] V_Compute: 28.527 V
[LIFT] V_Motors: 27.868 V
[LIFT] V_Compute: 28.522 V
[LIFT] V_Motors: 27.843 V
[LIFT] V_Compute: 28.519 V
[LIFT] V_Motors: 27.875 V
[LIFT] V_Compute: 28.517 V
[LIFT] V_Motors: 27.872 V
[LIFT] V_Compute: 28.515 V
[LIFT] V_Motors: 27.854 V
[LIFT] V_Compute: 28.526 V
[LIFT] V_Motors: 27.879 V
[LIFT] V_Compute: 28.519 V
[LIFT] V_Motors: 27.875 V
[LIFT] V_Compute: 28.517 V
[LIFT] V_Motors: 27.875 V
[LIFT] V_Compute: 28.509 V
[LIFT] V_Motors: 27.845 V
[LIFT] V_Compute: 28.536 V
[LIFT] V_Motors: 27.859 V
[LIFT] V_Compute: 28.526 V
[LIFT] V_Motors: 27.866 V
[LIFT] V_Compute: 28.540 V
[LIFT] V_Motors: 27.864 V
[LIFT] V_Compute: 28.525 V
[LIFT] V_Motors: 27.857 V
[LIFT] V_Compute: 28.521 V
[LIFT] V_Motors: 27.865 V
[LIFT] V_Compute: 28.544 V
[LIFT] V_Motors: 27.859 V
[LIFT] V_Compute: 28.517 V
[LIFT] V_Motors: 27.868 V
[LIFT] V_Compute: 28.540 V
[LIFT] V_Motors: 27.865 V
[LIFT] V_Compute: 28.535 V
[LIFT] V_Motors: 27.865 V
[LIFT] V_Compute: 28.527 V
[LIFT] V_Motors: 27.859 V
[LIFT] V_Compute: 28.535 V
[LIFT] V_Motors: 27.866 V
[LIFT] V_Compute: 28.527 V
[LIFT] V_Motors: 27.869 V
[LIFT] V_Compute: 28.521 V
[LIFT] V_Motors: 27.871 V
[LIFT] V_Compute: 28.520 V
[LIFT] V_Motors: 27.871 V
[LIFT] V_Compute: 28.513 V
[LIFT] V_Motors: 27.866 V
[LIFT] V_Compute: 28.534 V
[LIFT] V_Motors: 27.868 V
[LIFT] V_Compute: 28.536 V
[LIFT] V_Motors: 27.874 V
[LIFT] V_Compute: 28.507 V
[LIFT] V_Motors: 27.871 V
[LIFT] V_Compute: 28.520 V
[LIFT] V_Motors: 27.854 V
[LIFT] V_Compute: 28.530 V
[LIFT] V_Motors: 27.874 V
[LIFT] V_Compute: 28.526 V
[LIFT] V_Motors: 27.886 V
[LIFT] V_Compute: 28.548 V
[LIFT] V_Motors: 27.855 V
[LIFT] V_Compute: 28.542 V
[LIFT] V_Motors: 27.856 V
[LIFT] V_Compute: 28.522 V
[LIFT] V_Motors: 27.891 V
[LIFT] V_Compute: 28.529 V
[LIFT] V_Motors: 27.872 V
[LIFT] V_Compute: 28.526 V
[LIFT] V_Motors: 27.868 V
[LIFT] V_Compute: 28.545 V
[LIFT] V_Motors: 27.875 V
[LIFT] V_Compute: 28.514 V
[LIFT] V_Motors: 27.881 V
[LIFT] V_Compute: 28.541 V
[LIFT] V_Motors: 27.876 V
[LIFT] V_Compute: 28.544 V
[LIFT] V_Motors: 27.875 V
[LIFT] V_Compute: 28.545 V
[LIFT] V_Motors: 27.871 V
[LIFT] V_Compute: 28.516 V
[LIFT] V_Motors: 27.880 V
[LIFT] V_Compute: 28.519 V
[LIFT] V_Motors: 27.868 V
[LIFT] V_Compute: 28.517 V
[LIFT] V_Motors: 27.875 V
[LIFT] V_Compute: 28.532 V
[LIFT] V_Motors: 27.876 V
[LIFT] V_Compute: 28.544 V
[LIFT] V_Motors: 27.878 V
[LIFT] V_Compute: 28.514 V
[LIFT] V_Motors: 27.878 V
[LIFT] V_Compute: 28.514 V
[LIFT] V_Motors: 27.876 V
[LIFT] V_Compute: 28.520 V
[LIFT] V_Motors: 27.870 V
[LIFT] V_Compute: 28.539 V
[LIFT] V_Motors: 27.869 V
[LIFT] V_Compute: 28.526 V
[LIFT] V_Motors: 27.876 V
[LIFT] V_Compute: 28.526 V
[LIFT] V_Motors: 27.876 V
[LIFT] V_Compute: 28.529 V
[LIFT] V_Motors: 27.882 V
[LIFT] V_Compute: 28.570 V
[LIFT] V_Motors: 27.876 V
[LIFT] V_Compute: 28.534 V
[LIFT] V_Motors: 27.886 V
[LIFT] V_Compute: 28.511 V
[LIFT] V_Motors: 27.868 V
[LIFT] V_Compute: 28.549 V
[LIFT] V_Motors: 27.879 V
[LIFT] V_Compute: 28.520 V
[LIFT] V_Motors: 27.850 V
[LIFT] V_Compute: 28.539 V
[LIFT] V_Motors: 27.880 V
[LIFT] V_Compute: 28.526 V
[LIFT] V_Motors: 27.881 V
[LIFT] V_Compute: 28.516 V
[LIFT] V_Motors: 27.889 V
[LIFT] V_Compute: 28.558 V
[LIFT] V_Motors: 27.868 V
[LIFT] V_Compute: 28.562 V
[LIFT] V_Motors: 27.878 V
[LIFT] V_Compute: 28.519 V
[LIFT] V_Motors: 27.875 V
[LIFT] V_Compute: 28.538 V
[LIFT] V_Motors: 27.885 V
[LIFT] V_Compute: 28.534 V
[LIFT] V_Motors: 27.869 V
[LIFT] V_Compute: 28.530 V
[LIFT] V_Motors: 27.878 V
[LIFT] V_Compute: 28.535 V
[LIFT] V_Motors: 27.880 V
[LIFT] V_Compute: 28.527 V
[LIFT] V_Motors: 27.874 V
[LIFT] V_Compute: 28.539 V
[LIFT] V_Motors: 27.884 V
[LIFT] V_Compute: 28.541 V
[LIFT] V_Motors: 27.875 V
[LIFT] V_Compute: 28.546 V
[LIFT] V_Motors: 27.889 V
[LIFT] V_Compute: 28.529 V
[LIFT] V_Motors: 27.876 V
[LIFT] V_Compute: 28.550 V
[LIFT] V_Motors: 27.881 V
[LIFT] V_Compute: 28.555 V
[LIFT] V_Motors: 27.870 V
[LIFT] V_Compute: 28.544 V
[LIFT] V_Motors: 27.876 V
[LIFT] V_Compute: 28.530 V
[LIFT] V_Motors: 27.849 V
[LIFT] V_Compute: 28.535 V
[LIFT] V_Motors: 27.880 V
[LIFT] V_Compute: 28.521 V
[LIFT] V_Motors: 27.871 V
[LIFT] V_Compute: 28.535 V
[LIFT] V_Motors: 27.880 V
[LIFT] V_Compute: 28.521 V
[LIFT] V_Motors: 27.876 V
[LIFT] V_Compute: 28.542 V
[LIFT] V_Motors: 27.875 V
[LIFT] V_Compute: 28.532 V
[LIFT] V_Motors: 27.888 V
[LIFT] V_Compute: 28.506 V
[LIFT] V_Motors: 27.886 V
[LIFT] V_Compute: 28.541 V
[LIFT] V_Motors: 27.879 V
[LIFT] V_Compute: 28.549 V
[LIFT] V_Motors: 27.879 V
[LIFT] V_Compute: 28.524 V
[LIFT] V_Motors: 27.882 V
[LIFT] V_Compute: 28.525 V
[LIFT] V_Motors: 27.874 V
[LIFT] V_Compute: 28.550 V
[LIFT] V_Motors: 27.878 V
[LIFT] V_Compute: 28.513 V
[LIFT] V_Motors: 27.879 V
[LIFT] V_Compute: 28.517 V
[LIFT] V_Motors: 27.895 V
[LIFT] V_Compute: 28.532 V
[LIFT] V_Motors: 27.884 V
[LIFT] V_Compute: 28.538 V
[LIFT] V_Motors: 27.864 V
[LIFT] V_Compute: 28.531 V
[LIFT] V_Motors: 27.853 V
[LIFT] V_Compute: 28.546 V
[LIFT] V_Motors: 27.890 V
[LIFT] V_Compute: 28.542 V
[LIFT] V_Motors: 27.865 V
[LIFT] V_Compute: 28.530 V
[LIFT] V_Motors: 27.881 V
[LIFT] V_Compute: 28.530 V
[LIFT] V_Motors: 27.888 V
[LIFT] V_Compute: 28.542 V
[LIFT] V_Motors: 27.871 V
[LIFT] V_Compute: 28.530 V
[LIFT] V_Motors: 27.881 V
[LIFT] V_Compute: 28.531 V
[LIFT] V_Motors: 27.880 V
[LIFT] V_Compute: 28.541 V
[LIFT] V_Motors: 27.876 V
[LIFT] V_Compute: 28.538 V
[LIFT] V_Motors: 27.884 V
[LIFT] V_Compute: 28.524 V
[LIFT] V_Motors: 27.872 V
[LIFT] V_Compute: 28.546 V
[LIFT] V_Motors: 27.880 V
[LIFT] V_Compute: 28.546 V
[LIFT] V_Motors: 27.888 V
[LIFT] V_Compute: 28.535 V
[LIFT] V_Motors: 27.878 V
[LIFT] V_Compute: 28.526 V
[LIFT] V_Motors: 27.868 V
[LIFT] V_Compute: 28.521 V
[LIFT] V_Motors: 27.885 V
[LIFT] V_Compute: 28.539 V
[LIFT] V_Motors: 27.880 V
[LIFT] V_Compute: 28.522 V
[LIFT] V_Motors: 27.882 V
[LIFT] V_Compute: 28.531 V
[LIFT] V_Motors: 27.892 V
[LIFT] V_Compute: 28.522 V
[LIFT] V_Motors: 27.884 V
[LIFT] V_Compute: 28.550 V
[LIFT] V_Motors: 27.885 V
[LIFT] V_Compute: 28.542 V
[LIFT] V_Motors: 27.902 V
[LIFT] V_Compute: 28.549 V
[LIFT] V_Motors: 27.876 V
[LIFT] V_Compute: 28.544 V
[LIFT] V_Motors: 27.895 V
[LIFT] V_Compute: 28.527 V
[LIFT] V_Motors: 27.885 V
[LIFT] V_Compute: 28.530 V
[LIFT] V_Motors: 27.881 V
[LIFT] V_Compute: 28.513 V
[LIFT] V_Motors: 27.875 V
[LIFT] V_Compute: 28.531 V
[LIFT] V_Motors: 27.885 V
[LIFT] V_Compute: 28.531 V
[LIFT] V_Motors: 27.876 V
[LIFT] V_Compute: 28.538 V
[LIFT] V_Motors: 27.880 V
[LIFT] V_Compute: 28.544 V
[LIFT] V_Motors: 27.890 V
[LIFT] V_Compute: 28.554 V
[LIFT] V_Motors: 27.880 V
[LIFT] V_Compute: 28.556 V
[LIFT] V_Motors: 27.886 V
[LIFT] V_Compute: 28.530 V
[LIFT] V_Motors: 27.876 V
[LIFT] V_Compute: 28.544 V
[LIFT] V_Motors: 27.886 V
[LIFT] V_Compute: 28.536 V
[LIFT] V_Motors: 27.876 V
[LIFT] V_Compute: 28.532 V
[LIFT] V_Motors: 27.881 V
[LIFT] V_Compute: 28.525 V
[LIFT] V_Motors: 27.886 V
[LIFT] V_Compute: 28.532 V
[LIFT] V_Motors: 27.885 V
[LIFT] V_Compute: 28.541 V
[LIFT] V_Motors: 27.888 V
[LIFT] V_Compute: 28.535 V
[LIFT] V_Motors: 27.874 V
[LIFT] V_Compute: 28.550 V
[LIFT] V_Motors: 27.885 V
[LIFT] V_Compute: 28.526 V
[LIFT] V_Motors: 27.895 V
[LIFT] V_Compute: 28.541 V
[LIFT] V_Motors: 27.891 V
[LIFT] V_Compute: 28.541 V
[LIFT] V_Motors: 27.885 V
[LIFT] V_Compute: 28.538 V
[LIFT] V_Motors: 27.888 V
[LIFT] V_Compute: 28.552 V
[LIFT] V_Motors: 27.891 V
[LIFT] V_Compute: 28.538 V
[LIFT] V_Motors: 27.882 V
[LIFT] V_Compute: 28.522 V
[LIFT] V_Motors: 27.890 V
[LIFT] V_Compute: 28.529 V
[LIFT] V_Motors: 27.888 V
[LIFT] V_Compute: 28.552 V
[LIFT] V_Motors: 27.880 V
[LIFT] V_Compute: 28.511 V
[LIFT] V_Motors: 27.882 V
[LIFT] V_Compute: 28.516 V
[LIFT] V_Motors: 27.885 V
[LIFT] V_Compute: 28.555 V
[LIFT] V_Motors: 27.885 V
[LIFT] V_Compute: 28.556 V
[LIFT] V_Motors: 27.880 V
[LIFT] V_Compute: 28.544 V
[LIFT] V_Motors: 27.875 V
[LIFT] V_Compute: 28.536 V
[LIFT] V_Motors: 27.897 V
[LIFT] V_Compute: 28.544 V
[LIFT] V_Motors: 27.879 V
[LIFT] V_Compute: 28.538 V
[LIFT] V_Motors: 27.888 V
[LIFT] V_Compute: 28.544 V
[LIFT] V_Motors: 27.878 V
[LIFT] V_Compute: 28.549 V
[LIFT] V_Motors: 27.890 V
[LIFT] V_Compute: 28.525 V
[LIFT] V_Motors: 27.895 V
[LIFT] V_Compute: 28.538 V
[LIFT] V_Motors: 27.892 V
[LIFT] V_Compute: 28.562 V
[LIFT] V_Motors: 27.882 V
[LIFT] V_Compute: 28.567 V
[LIFT] V_Motors: 27.878 V
[LIFT] V_Compute: 28.548 V
[LIFT] V_Motors: 27.894 V
[LIFT] V_Compute: 28.541 V
[LIFT] V_Motors: 27.889 V
[LIFT] V_Compute: 28.540 V
[LIFT] V_Motors: 27.892 V
[LIFT] V_Compute: 28.546 V
[LIFT] V_Motors: 27.896 V
[LIFT] V_Compute: 28.546 V
[LIFT] V_Motors: 27.894 V
[LIFT] V_Compute: 28.560 V
[LIFT] V_Motors: 27.891 V
[LIFT] V_Compute: 28.526 V
[LIFT] V_Motors: 27.892 V
[LIFT] V_Compute: 28.527 V
[LIFT] V_Motors: 27.876 V
[LIFT] V_Compute: 28.542 V
[LIFT] V_Motors: 27.889 V
[LIFT] V_Compute: 28.552 V
[LIFT] V_Motors: 27.891 V
[LIFT] V_Compute: 28.524 V
[LIFT] V_Motors: 27.895 V
[LIFT] V_Compute: 28.552 V
[LIFT] V_Motors: 27.890 V
[LIFT] V_Compute: 28.558 V
[LIFT] V_Motors: 27.882 V
[LIFT] V_Compute: 28.522 V
[LIFT] V_Motors: 27.900 V
[LIFT] V_Compute: 28.541 V
[LIFT] V_Motors: 27.892 V
[LIFT] V_Compute: 28.566 V
[LIFT] V_Motors: 27.894 V
[LIFT] V_Compute: 28.532 V
[LIFT] V_Motors: 27.894 V
[LIFT] V_Compute: 28.548 V
[LIFT] V_Motors: 27.902 V
[LIFT] V_Compute: 28.548 V
[LIFT] V_Motors: 27.884 V
[LIFT] V_Compute: 28.544 V
[LIFT] V_Motors: 27.882 V
[LIFT] V_Compute: 28.531 V
[LIFT] V_Motors: 27.882 V
[LIFT] V_Compute: 28.567 V
[LIFT] V_Motors: 27.882 V
[LIFT] V_Compute: 28.555 V
[LIFT] V_Motors: 27.888 V
[LIFT] V_Compute: 28.546 V
[LIFT] V_Motors: 27.879 V
[LIFT] V_Compute: 28.531 V
[LIFT] V_Motors: 27.905 V
[LIFT] V_Compute: 28.536 V
[LIFT] V_Motors: 27.888 V
[LIFT] V_Compute: 28.566 V
[LIFT] V_Motors: 27.892 V
[LIFT] V_Compute: 28.541 V
[LIFT] V_Motors: 27.889 V
[LIFT] V_Compute: 28.536 V
[LIFT] V_Motors: 27.889 V
[LIFT] V_Compute: 28.534 V
[LIFT] V_Motors: 27.914 V
[LIFT] V_Compute: 28.542 V
[LIFT] V_Motors: 27.879 V
[LIFT] V_Compute: 28.580 V
[LIFT] V_Motors: 27.885 V
[LIFT] V_Compute: 28.535 V
[LIFT] V_Motors: 27.880 V
[LIFT] V_Compute: 28.552 V
[LIFT] V_Motors: 27.891 V
[LIFT] V_Compute: 28.545 V
[LIFT] V_Motors: 27.906 V
[LIFT] V_Compute: 28.574 V
[LIFT] V_Motors: 27.881 V
[LIFT] V_Compute: 28.536 V
[LIFT] V_Motors: 27.874 V
[LIFT] V_Compute: 28.527 V
[LIFT] V_Motors: 27.900 V
[LIFT] V_Compute: 28.552 V
[LIFT] V_Motors: 27.896 V
[LIFT] V_Compute: 28.526 V
[LIFT] V_Motors: 27.884 V
[LIFT] V_Compute: 28.549 V
[LIFT] V_Motors: 27.885 V
[LIFT] V_Compute: 28.531 V
[LIFT] V_Motors: 27.871 V
[LIFT] V_Compute: 28.540 V
[LIFT] V_Motors: 27.885 V
[LIFT] V_Compute: 28.550 V
[LIFT] V_Motors: 27.890 V
[LIFT] V_Compute: 28.529 V
[LIFT] V_Motors: 27.895 V
[LIFT] V_Compute: 28.526 V
[LIFT] V_Motors: 27.892 V
[LIFT] V_Compute: 28.535 V
[LIFT] V_Motors: 27.900 V
[LIFT] V_Compute: 28.546 V
[LIFT] V_Motors: 27.906 V
[LIFT] V_Compute: 28.538 V
[LIFT] V_Motors: 27.889 V
[LIFT] V_Compute: 28.542 V
[LIFT] V_Motors: 27.891 V
[LIFT] V_Compute: 28.541 V
[LIFT] V_Motors: 27.888 V
[LIFT] V_Compute: 28.538 V
[LIFT] V_Motors: 27.891 V
[LIFT] V_Compute: 28.555 V
[LIFT] V_Motors: 27.884 V
[LIFT] V_Compute: 28.540 V
[LIFT] V_Motors: 27.894 V
[LIFT] V_Compute: 28.544 V
[LIFT] V_Motors: 27.909 V
[LIFT] V_Compute: 28.536 V
[LIFT] V_Motors: 27.884 V
[LIFT] V_Compute: 28.542 V
[LIFT] V_Motors: 27.889 V
[LIFT] V_Compute: 28.552 V
[LIFT] V_Motors: 27.891 V
[LIFT] V_Compute: 28.555 V
[LIFT] V_Motors: 27.891 V
[LIFT] V_Compute: 28.546 V
[LIFT] V_Motors: 27.894 V
[LIFT] V_Compute: 28.542 V
[LIFT] V_Motors: 27.892 V
[LIFT] V_Compute: 28.567 V
[LIFT] V_Motors: 27.894 V
[LIFT] V_Compute: 28.561 V
[LIFT] V_Motors: 27.894 V
[LIFT] V_Compute: 28.526 V
[LIFT] V_Motors: 27.897 V
[LIFT] V_Compute: 28.565 V
[LIFT] V_Motors: 27.885 V
[LIFT] V_Compute: 28.544 V
[LIFT] V_Motors: 27.892 V
[LIFT] V_Compute: 28.556 V
[LIFT] V_Motors: 27.894 V
[LIFT] V_Compute: 28.531 V
[LIFT] V_Motors: 27.896 V
[LIFT] V_Compute: 28.571 V
[LIFT] V_Motors: 27.881 V
[LIFT] V_Compute: 28.552 V
[LIFT] V_Motors: 27.899 V
[LIFT] V_Compute: 28.556 V
[LIFT] V_Motors: 27.889 V
[LIFT] V_Compute: 28.535 V
[LIFT] V_Motors: 27.896 V
[LIFT] V_Compute: 28.527 V
[LIFT] V_Motors: 27.896 V
[LIFT] V_Compute: 28.520 V
[LIFT] V_Motors: 27.895 V
[LIFT] V_Compute: 28.539 V
[LIFT] V_Motors: 27.900 V
[LIFT] V_Compute: 28.544 V
[LIFT] V_Motors: 27.915 V
[LIFT] V_Compute: 28.551 V
[LIFT] V_Motors: 27.895 V
[LIFT] V_Compute: 28.544 V
[LIFT] V_Motors: 27.897 V
[LIFT] V_Compute: 28.552 V
[LIFT] V_Motors: 27.891 V
[LIFT] V_Compute: 28.535 V
[LIFT] V_Motors: 27.896 V
[LIFT] V_Compute: 28.541 V
[LIFT] V_Motors: 27.900 V
[LIFT] V_Compute: 28.559 V
[LIFT] V_Motors: 27.911 V
[LIFT] V_Compute: 28.549 V
[LIFT] V_Motors: 27.896 V
[LIFT] V_Compute: 28.531 V
[LIFT] V_Motors: 27.910 V
[LIFT] V_Compute: 28.549 V
[LIFT] V_Motors: 27.917 V
[LIFT] V_Compute: 28.546 V
[LIFT] V_Motors: 27.910 V
[LIFT] V_Compute: 28.561 V
[LIFT] V_Motors: 27.889 V
[LIFT] V_Compute: 28.544 V
[LIFT] V_Motors: 27.906 V
[LIFT] V_Compute: 28.532 V
[LIFT] V_Motors: 27.895 V
[LIFT] V_Compute: 28.561 V
[LIFT] V_Motors: 27.900 V
[LIFT] V_Compute: 28.535 V
[LIFT] V_Motors: 27.886 V
[LIFT] V_Compute: 28.566 V
[LIFT] V_Motors: 27.890 V
[LIFT] V_Compute: 28.562 V
[LIFT] V_Motors: 27.892 V
[LIFT] V_Compute: 28.541 V
[LIFT] V_Motors: 27.891 V
[LIFT] V_Compute: 28.550 V
[LIFT] V_Motors: 27.900 V
[LIFT] V_Compute: 28.544 V
[LIFT] V_Motors: 27.892 V
[LIFT] V_Compute: 28.527 V
[LIFT] V_Motors: 27.888 V
[LIFT] V_Compute: 28.546 V
[LIFT] V_Motors: 27.902 V
[LIFT] V_Compute: 28.544 V
[LIFT] V_Motors: 27.892 V
[LIFT] V_Compute: 28.541 V
[LIFT] V_Motors: 27.897 V
[LIFT] V_Compute: 28.545 V
[LIFT] V_Motors: 27.894 V
[LIFT] V_Compute: 28.520 V
[LIFT] V_Motors: 27.897 V
[LIFT] V_Compute: 28.558 V
[LIFT] V_Motors: 27.901 V
[LIFT] V_Compute: 28.551 V
[LIFT] V_Motors: 27.897 V
[LIFT] V_Compute: 28.544 V
[LIFT] V_Motors: 27.904 V
[LIFT] V_Compute: 28.550 V
[LIFT] V_Motors: 27.892 V
[LIFT] V_Compute: 28.556 V
[LIFT] V_Motors: 27.911 V
[LIFT] V_Compute: 28.565 V
[LIFT] V_Motors: 27.904 V
[LIFT] V_Compute: 28.542 V
[LIFT] V_Motors: 27.900 V
[LIFT] V_Compute: 28.540 V
[LIFT] V_Motors: 27.905 V
[LIFT] V_Compute: 28.556 V
[LIFT] V_Motors: 27.911 V
[LIFT] V_Compute: 28.559 V
[LIFT] V_Motors: 27.899 V
[LIFT] V_Compute: 28.544 V
[LIFT] V_Motors: 27.910 V
[LIFT] V_Compute: 28.530 V
[LIFT] V_Motors: 27.902 V
[LIFT] V_Compute: 28.552 V
[LIFT] V_Motors: 27.905 V
[LIFT] V_Compute: 28.530 V
[LIFT] V_Motors: 27.897 V
[LIFT] V_Compute: 28.560 V
[LIFT] V_Motors: 27.901 V
[LIFT] V_Compute: 28.529 V
[LIFT] V_Motors: 27.907 V
[LIFT] V_Compute: 28.552 V
[LIFT] V_Motors: 27.909 V
[LIFT] V_Compute: 28.536 V
[LIFT] V_Motors: 27.899 V
[LIFT] V_Compute: 28.521 V
[LIFT] V_Motors: 27.891 V
[LIFT] V_Compute: 28.564 V
[LIFT] V_Motors: 27.890 V
[LIFT] V_Compute: 28.549 V
[LIFT] V_Motors: 27.900 V
[LIFT] V_Compute: 28.548 V
[LIFT] V_Motors: 27.905 V
[LIFT] V_Compute: 28.539 V
[LIFT] V_Motors: 27.902 V
[LIFT] V_Compute: 28.529 V
[LIFT] V_Motors: 27.900 V
[LIFT] V_Compute: 28.551 V
[LIFT] V_Motors: 27.904 V
[LIFT] V_Compute: 28.532 V
[LIFT] V_Motors: 27.909 V
[LIFT] V_Compute: 28.549 V
[LIFT] V_Motors: 27.896 V
[LIFT] V_Compute: 28.541 V
[LIFT] V_Motors: 27.911 V
[LIFT] V_Compute: 28.525 V
[LIFT] V_Motors: 27.900 V
[LIFT] V_Compute: 28.542 V
[LIFT] V_Motors: 27.895 V
[LIFT] V_Compute: 28.548 V
[LIFT] V_Motors: 27.905 V
[LIFT] V_Compute: 28.549 V
[LIFT] V_Motors: 27.894 V
[LIFT] V_Compute: 28.532 V
[LIFT] V_Motors: 27.901 V
[LIFT] V_Compute: 28.542 V
[LIFT] V_Motors: 27.909 V
[LIFT] V_Compute: 28.559 V
[LIFT] V_Motors: 27.905 V
[LIFT] V_Compute: 28.540 V
[LIFT] V_Motors: 27.892 V
[LIFT] V_Compute: 28.532 V
[LIFT] V_Motors: 27.909 V
[LIFT] V_Compute: 28.538 V
[LIFT] V_Motors: 27.904 V
[LIFT] V_Compute: 28.551 V
[LIFT] V_Motors: 27.901 V
[LIFT] V_Compute: 28.534 V
[LIFT] V_Motors: 27.904 V
[LIFT] V_Compute: 28.522 V
[LIFT] V_Motors: 27.902 V
[LIFT] V_Compute: 28.534 V
[LIFT] V_Motors: 27.900 V
[LIFT] V_Compute: 28.551 V
[LIFT] V_Motors: 27.895 V
[LIFT] V_Compute: 28.539 V
[LIFT] V_Motors: 27.906 V
[LIFT] V_Compute: 28.538 V
[LIFT] V_Motors: 27.909 V
[LIFT] V_Compute: 28.541 V
[LIFT] V_Motors: 27.913 V
[LIFT] V_Compute: 28.536 V
[LIFT] V_Motors: 27.909 V
[LIFT] V_Compute: 28.550 V
[LIFT] V_Motors: 27.904 V
[LIFT] V_Compute: 28.552 V
[LIFT] V_Motors: 27.906 V
[LIFT] V_Compute: 28.569 V
[LIFT] V_Motors: 27.919 V
[LIFT] V_Compute: 28.545 V
[LIFT] V_Motors: 27.891 V
[LIFT] V_Compute: 28.529 V
[LIFT] V_Motors: 27.899 V
[LIFT] V_Compute: 28.550 V
[LIFT] V_Motors: 27.906 V
[LIFT] V_Compute: 28.544 V
[LIFT] V_Motors: 27.892 V
[LIFT] V_Compute: 28.541 V
[LIFT] V_Motors: 27.924 V
[LIFT] V_Compute: 28.539 V
[LIFT] V_Motors: 27.899 V
[LIFT] V_Compute: 28.548 V
[LIFT] V_Motors: 27.897 V
[LIFT] V_Compute: 28.544 V
[LIFT] V_Motors: 27.917 V
[LIFT] V_Compute: 28.559 V
[LIFT] V_Motors: 27.899 V
[LIFT] V_Compute: 28.538 V
[LIFT] V_Motors: 27.904 V
[LIFT] V_Compute: 28.561 V
[LIFT] V_Motors: 27.888 V
[LIFT] V_Compute: 28.545 V
[LIFT] V_Motors: 27.894 V
[LIFT] V_Compute: 28.564 V
[LIFT] V_Motors: 27.915 V
[LIFT] V_Compute: 28.565 V
[LIFT] V_Motors: 27.909 V
[LIFT] V_Compute: 28.551 V
[LIFT] V_Motors: 27.902 V
[LIFT] V_Compute: 28.542 V
[LIFT] V_Motors: 27.919 V
[LIFT] V_Compute: 28.517 V
[LIFT] V_Motors: 27.902 V
[LIFT] V_Compute: 28.544 V
[LIFT] V_Motors: 27.901 V
[LIFT] V_Compute: 28.570 V
[LIFT] V_Motors: 27.901 V
[LIFT] V_Compute: 28.519 V
[LIFT] V_Motors: 27.907 V
[LIFT] V_Compute: 28.559 V
[LIFT] V_Motors: 27.904 V
[LIFT] V_Compute: 28.545 V
[LIFT] V_Motors: 27.905 V
[LIFT] V_Compute: 28.561 V
[LIFT] V_Motors: 27.906 V
[LIFT] V_Compute: 28.550 V
[LIFT] V_Motors: 27.904 V
[LIFT] V_Compute: 28.527 V
[LIFT] V_Motors: 27.894 V
[LIFT] V_Compute: 28.548 V
[LIFT] V_Motors: 27.902 V
[LIFT] V_Compute: 28.548 V
[LIFT] V_Motors: 27.907 V
[LIFT] V_Compute: 28.542 V
[LIFT] V_Motors: 27.906 V
[LIFT] V_Compute: 28.544 V
[LIFT] V_Motors: 27.902 V
[LIFT] V_Compute: 28.550 V
[LIFT] V_Motors: 27.909 V
[LIFT] V_Compute: 28.534 V
[LIFT] V_Motors: 27.911 V
[LIFT] V_Compute: 28.559 V
[LIFT] V_Motors: 27.905 V
[LIFT] V_Compute: 28.541 V
[LIFT] V_Motors: 27.884 V
[LIFT] V_Compute: 28.564 V
[LIFT] V_Motors: 27.909 V
[LIFT] V_Compute: 28.570 V
[LIFT] V_Motors: 27.891 V
[LIFT] V_Compute: 28.551 V
[LIFT] V_Motors: 27.917 V
[LIFT] V_Compute: 28.570 V
[LIFT] V_Motors: 27.900 V
[LIFT] V_Compute: 28.548 V
[LIFT] V_Motors: 27.904 V
[LIFT] V_Compute: 28.560 V
[LIFT] V_Motors: 27.911 V
[LIFT] V_Compute: 28.526 V
[LIFT] V_Motors: 27.906 V
[LIFT] V_Compute: 28.550 V
[LIFT] V_Motors: 27.909 V
[LIFT] V_Compute: 28.545 V
[LIFT] V_Motors: 27.907 V
[LIFT] V_Compute: 28.544 V
[LIFT] V_Motors: 27.905 V
[LIFT] V_Compute: 28.549 V
[LIFT] V_Motors: 27.910 V
[LIFT] V_Compute: 28.560 V
[LIFT] V_Motors: 27.916 V
[LIFT] V_Compute: 28.561 V
[LIFT] V_Motors: 27.904 V
[LIFT] V_Compute: 28.559 V
[LIFT] V_Motors: 27.904 V
[LIFT] V_Compute: 28.544 V
[LIFT] V_Motors: 27.907 V
[LIFT] V_Compute: 28.541 V
[LIFT] V_Motors: 27.909 V
[LIFT] V_Compute: 28.546 V
[LIFT] V_Motors: 27.910 V
[LIFT] V_Compute: 28.554 V
[LIFT] V_Motors: 27.910 V
[LIFT] V_Compute: 28.539 V
[LIFT] V_Motors: 27.911 V
[LIFT] V_Compute: 28.558 V
[LIFT] V_Motors: 27.906 V
[LIFT] V_Compute: 28.544 V
[LIFT] V_Motors: 27.919 V
[LIFT] V_Compute: 28.572 V
[LIFT] V_Motors: 27.924 V
[LIFT] V_Compute: 28.554 V
[LIFT] V_Motors: 27.920 V
[LIFT] V_Compute: 28.541 V
[LIFT] V_Motors: 27.909 V
[LIFT] V_Compute: 28.562 V
[LIFT] V_Motors: 27.911 V
[LIFT] V_Compute: 28.583 V
[LIFT] V_Motors: 27.915 V
[LIFT] V_Compute: 28.576 V
[LIFT] V_Motors: 27.916 V
[LIFT] V_Compute: 28.551 V
[LIFT] V_Motors: 27.911 V
[LIFT] V_Compute: 28.584 V
[LIFT] V_Motors: 27.917 V
[LIFT] V_Compute: 28.550 V
[LIFT] V_Motors: 27.914 V
[LIFT] V_Compute: 28.541 V
[LIFT] V_Motors: 27.920 V
[LIFT] V_Compute: 28.564 V
[LIFT] V_Motors: 27.910 V
[LIFT] V_Compute: 28.565 V
[LIFT] V_Motors: 27.913 V
[LIFT] V_Compute: 28.567 V
[LIFT] V_Motors: 27.921 V
[LIFT] V_Compute: 28.554 V
[LIFT] V_Motors: 27.917 V
[LIFT] V_Compute: 28.570 V
[LIFT] V_Motors: 27.917 V
[LIFT] V_Compute: 28.542 V
[LIFT] V_Motors: 27.909 V
[LIFT] V_Compute: 28.571 V
[LIFT] V_Motors: 27.899 V
[LIFT] V_Compute: 28.566 V
[LIFT] V_Motors: 27.919 V
[LIFT] V_Compute: 28.556 V
[LIFT] V_Motors: 27.921 V
[LIFT] V_Compute: 28.567 V
[LIFT] V_Motors: 27.921 V
[LIFT] V_Compute: 28.558 V
[LIFT] V_Motors: 27.910 V
[LIFT] V_Compute: 28.544 V
[LIFT] V_Motors: 27.900 V
[LIFT] V_Compute: 28.546 V
[LIFT] V_Motors: 27.901 V
[LIFT] V_Compute: 28.560 V
[LIFT] V_Motors: 27.916 V
[LIFT] V_Compute: 28.544 V
[LIFT] V_Motors: 27.895 V
[LIFT] V_Compute: 28.559 V
[LIFT] V_Motors: 27.915 V
[LIFT] V_Compute: 28.549 V
[LIFT] V_Motors: 27.913 V
[LIFT] V_Compute: 28.576 V
[LIFT] V_Motors: 27.907 V
[LIFT] V_Compute: 28.558 V
[LIFT] V_Motors: 27.917 V
[LIFT] V_Compute: 28.554 V
[LIFT] V_Motors: 27.925 V
[LIFT] V_Compute: 28.548 V
[LIFT] V_Motors: 27.913 V
[LIFT] V_Compute: 28.556 V
[LIFT] V_Motors: 27.916 V
[LIFT] V_Compute: 28.566 V
[LIFT] V_Motors: 27.919 V
[LIFT] V_Compute: 28.548 V
[LIFT] V_Motors: 27.919 V
[LIFT] V_Compute: 28.551 V
[LIFT] V_Motors: 27.925 V
[LIFT] V_Compute: 28.559 V
[LIFT] V_Motors: 27.917 V
[LIFT] V_Compute: 28.564 V
[LIFT] V_Motors: 27.924 V
[LIFT] V_Compute: 28.561 V
[LIFT] V_Motors: 27.909 V
[LIFT] V_Compute: 28.542 V
[LIFT] V_Motors: 27.915 V
[LIFT] V_Compute: 28.567 V
[LIFT] V_Motors: 27.929 V
[LIFT] V_Compute: 28.577 V
[LIFT] V_Motors: 27.926 V
[LIFT] V_Compute: 28.536 V
[LIFT] V_Motors: 27.920 V
[LIFT] V_Compute: 28.564 V
[LIFT] V_Motors: 27.916 V
[LIFT] V_Compute: 28.566 V
[LIFT] V_Motors: 27.913 V
[LIFT] V_Compute: 28.545 V
[LIFT] V_Motors: 27.929 V
[LIFT] V_Compute: 28.560 V
[LIFT] V_Motors: 27.917 V
[LIFT] V_Compute: 28.552 V
[LIFT] V_Motors: 27.919 V
[LIFT] V_Compute: 28.555 V
[LIFT] V_Motors: 27.919 V
[LIFT] V_Compute: 28.549 V
[LIFT] V_Motors: 27.916 V
[LIFT] V_Compute: 28.544 V
[LIFT] V_Motors: 27.911 V
[LIFT] V_Compute: 28.541 V
[LIFT] V_Motors: 27.913 V
[LIFT] V_Compute: 28.551 V
[LIFT] V_Motors: 27.919 V
[LIFT] V_Compute: 28.572 V
[LIFT] V_Motors: 27.894 V
[LIFT] V_Compute: 28.560 V
[LIFT] V_Motors: 27.920 V
[LIFT] V_Compute: 28.548 V
[LIFT] V_Motors: 27.931 V
[LIFT] V_Compute: 28.584 V
[LIFT] V_Motors: 27.913 V
[LIFT] V_Compute: 28.552 V
[LIFT] V_Motors: 27.919 V
[LIFT] V_Compute: 28.564 V
[LIFT] V_Motors: 27.907 V
[LIFT] V_Compute: 28.569 V
[LIFT] V_Motors: 27.905 V
[LIFT] V_Compute: 28.561 V
[LIFT] V_Motors: 27.923 V
[LIFT] V_Compute: 28.548 V
[LIFT] V_Motors: 27.929 V
[LIFT] V_Compute: 28.574 V
[LIFT] V_Motors: 27.919 V
[LIFT] V_Compute: 28.555 V
[LIFT] V_Motors: 27.916 V
[LIFT] V_Compute: 28.569 V
[LIFT] V_Motors: 27.923 V
[LIFT] V_Compute: 28.556 V
[LIFT] V_Motors: 27.921 V
[LIFT] V_Compute: 28.556 V
[LIFT] V_Motors: 27.916 V
[LIFT] V_Compute: 28.549 V
[LIFT] V_Motors: 27.921 V
[LIFT] V_Compute: 28.548 V
[LIFT] V_Motors: 27.921 V
[LIFT] V_Compute: 28.574 V
[LIFT] V_Motors: 27.897 V
[LIFT] V_Compute: 28.542 V
[LIFT] V_Motors: 27.914 V
[LIFT] V_Compute: 28.565 V
[LIFT] V_Motors: 27.929 V
[LIFT] V_Compute: 28.552 V
[LIFT] V_Motors: 27.929 V
[LIFT] V_Compute: 28.564 V
[LIFT] V_Motors: 27.917 V
[LIFT] V_Compute: 28.558 V
[LIFT] V_Motors: 27.931 V
[LIFT] V_Compute: 28.552 V
[LIFT] V_Motors: 27.914 V
[LIFT] V_Compute: 28.541 V
[LIFT] V_Motors: 27.926 V
[LIFT] V_Compute: 28.564 V
[LIFT] V_Motors: 27.907 V
[LIFT] V_Compute: 28.562 V
[LIFT] V_Motors: 27.920 V
[LIFT] V_Compute: 28.554 V
[LIFT] V_Motors: 27.921 V
[LIFT] V_Compute: 28.556 V
[LIFT] V_Motors: 27.923 V
[LIFT] V_Compute: 28.559 V
[LIFT] V_Motors: 27.926 V
[LIFT] V_Compute: 28.559 V
[LIFT] V_Motors: 27.916 V
[LIFT] V_Compute: 28.558 V
[LIFT] V_Motors: 27.923 V
[LIFT] V_Compute: 28.567 V
[LIFT] V_Motors: 27.924 V
[LIFT] V_Compute: 28.566 V
[LIFT] V_Motors: 27.923 V
[LIFT] V_Compute: 28.555 V
[LIFT] V_Motors: 27.919 V
[LIFT] V_Compute: 28.576 V
[LIFT] V_Motors: 27.923 V
[LIFT] V_Compute: 28.571 V
[LIFT] V_Motors: 27.921 V
[LIFT] V_Compute: 28.569 V
[LIFT] V_Motors: 27.923 V
[LIFT] V_Compute: 28.564 V
[LIFT] V_Motors: 27.927 V
[LIFT] V_Compute: 28.570 V
[LIFT] V_Motors: 27.914 V
[LIFT] V_Compute: 28.565 V
[LIFT] V_Motors: 27.899 V
[LIFT] V_Compute: 28.571 V
[LIFT] V_Motors: 27.929 V
[LIFT] V_Compute: 28.565 V
[LIFT] V_Motors: 27.919 V
[LIFT] V_Compute: 28.567 V
[LIFT] V_Motors: 27.923 V
[LIFT] V_Compute: 28.552 V
[LIFT] V_Motors: 27.929 V
[LIFT] V_Compute: 28.565 V
[LIFT] V_Motors: 27.917 V
[LIFT] V_Compute: 28.561 V
[LIFT] V_Motors: 27.923 V
[LIFT] V_Compute: 28.575 V
[LIFT] V_Motors: 27.933 V
[LIFT] V_Compute: 28.559 V
[LIFT] V_Motors: 27.929 V
[LIFT] V_Compute: 28.579 V
[LIFT] V_Motors: 27.926 V
[LIFT] V_Compute: 28.542 V
[LIFT] V_Motors: 27.919 V
[LIFT] V_Compute: 28.549 V
[LIFT] V_Motors: 27.915 V
[LIFT] V_Compute: 28.565 V
[LIFT] V_Motors: 27.927 V
[LIFT] V_Compute: 28.532 V
[LIFT] V_Motors: 27.926 V
[LIFT] V_Compute: 28.566 V
[LIFT] V_Motors: 27.934 V
[LIFT] V_Compute: 28.571 V
[LIFT] V_Motors: 27.923 V
[LIFT] V_Compute: 28.546 V
[LIFT] V_Motors: 27.925 V
[LIFT] V_Compute: 28.569 V
[LIFT] V_Motors: 27.923 V
[LIFT] V_Compute: 28.565 V
[LIFT] V_Motors: 27.930 V
[LIFT] V_Compute: 28.559 V
[LIFT] V_Motors: 27.930 V
[LIFT] V_Compute: 28.545 V
[LIFT] V_Motors: 27.937 V
[LIFT] V_Compute: 28.575 V
[LIFT] V_Motors: 27.921 V
[LIFT] V_Compute: 28.561 V
[LIFT] V_Motors: 27.921 V
[LIFT] V_Compute: 28.567 V
[LIFT] V_Motors: 27.937 V
[LIFT] V_Compute: 28.541 V
[LIFT] V_Motors: 27.916 V
[LIFT] V_Compute: 28.549 V
[LIFT] V_Motors: 27.924 V
[LIFT] V_Compute: 28.564 V
[LIFT] V_Motors: 27.924 V
[LIFT] V_Compute: 28.564 V
[LIFT] V_Motors: 27.924 V
[LIFT] V_Compute: 28.551 V
[LIFT] V_Motors: 27.925 V
[LIFT] V_Compute: 28.579 V
[LIFT] V_Motors: 27.925 V
[LIFT] V_Compute: 28.571 V
[LIFT] V_Motors: 27.930 V
[LIFT] V_Compute: 28.566 V
[LIFT] V_Motors: 27.933 V
[LIFT] V_Compute: 28.560 V
[LIFT] V_Motors: 27.931 V
[LIFT] V_Compute: 28.566 V
[LIFT] V_Motors: 27.920 V
[LIFT] V_Compute: 28.539 V
[LIFT] V_Motors: 27.936 V
[LIFT] V_Compute: 28.570 V
[LIFT] V_Motors: 27.934 V
[LIFT] V_Compute: 28.558 V
[LIFT] V_Motors: 27.925 V
[LIFT] V_Compute: 28.548 V
[LIFT] V_Motors: 27.937 V
[LIFT] V_Compute: 28.565 V
[LIFT] V_Motors: 27.934 V
[LIFT] V_Compute: 28.569 V
[LIFT] V_Motors: 27.921 V
[LIFT] V_Compute: 28.556 V
[LIFT] V_Motors: 27.921 V
[LIFT] V_Compute: 28.561 V
[LIFT] V_Motors: 27.942 V
[LIFT] V_Compute: 28.556 V
[LIFT] V_Motors: 27.916 V
[LIFT] V_Compute: 28.575 V
[LIFT] V_Motors: 27.925 V
[LIFT] V_Compute: 28.564 V
[LIFT] V_Motors: 27.927 V
[LIFT] V_Compute: 28.556 V
[LIFT] V_Motors: 27.925 V
[LIFT] V_Compute: 28.574 V
[LIFT] V_Motors: 27.926 V
[LIFT] V_Compute: 28.558 V
[LIFT] V_Motors: 27.929 V
[LIFT] V_Compute: 28.576 V
[LIFT] V_Motors: 27.930 V
[LIFT] V_Compute: 28.555 V
[LIFT] V_Motors: 27.914 V
[LIFT] V_Compute: 28.539 V
[LIFT] V_Motors: 27.914 V
[LIFT] V_Compute: 28.567 V
[LIFT] V_Motors: 27.935 V
[LIFT] V_Compute: 28.575 V
[LIFT] V_Motors: 27.916 V
[LIFT] V_Compute: 28.559 V
[LIFT] V_Motors: 27.924 V
[LIFT] V_Compute: 28.538 V
[LIFT] V_Motors: 27.917 V
[LIFT] V_Compute: 28.554 V
[LIFT] V_Motors: 27.926 V
[LIFT] V_Compute: 28.548 V
[LIFT] V_Motors: 27.942 V
[LIFT] V_Compute: 28.579 V
[LIFT] V_Motors: 27.920 V
[LIFT] V_Compute: 28.581 V
[LIFT] V_Motors: 27.915 V
[LIFT] V_Compute: 28.561 V
[LIFT] V_Motors: 27.926 V
[LIFT] V_Compute: 28.581 V
[LIFT] V_Motors: 27.930 V
[LIFT] V_Compute: 28.562 V
[LIFT] V_Motors: 27.923 V
[LIFT] V_Compute: 28.558 V
[LIFT] V_Motors: 27.931 V
[LIFT] V_Compute: 28.600 V
[LIFT] V_Motors: 27.931 V
[LIFT] V_Compute: 28.570 V
[LIFT] V_Motors: 27.936 V
[LIFT] V_Compute: 28.564 V
[LIFT] V_Motors: 27.933 V
[LIFT] V_Compute: 28.579 V
[LIFT] V_Motors: 27.925 V
[LIFT] V_Compute: 28.572 V
[LIFT] V_Motors: 27.934 V
[LIFT] V_Compute: 28.545 V
[LIFT] V_Motors: 27.924 V
[LIFT] V_Compute: 28.542 V
[LIFT] V_Motors: 27.929 V
[LIFT] V_Compute: 28.585 V
[LIFT] V_Motors: 27.931 V
[LIFT] V_Compute: 28.561 V
[LIFT] V_Motors: 27.923 V
[LIFT] V_Compute: 28.559 V
[LIFT] V_Motors: 27.924 V
[LIFT] V_Compute: 28.544 V
[LIFT] V_Motors: 27.930 V
[LIFT] V_Compute: 28.561 V
[LIFT] V_Motors: 27.936 V
[LIFT] V_Compute: 28.562 V
[LIFT] V_Motors: 27.933 V
[LIFT] V_Compute: 28.558 V
[LIFT] V_Motors: 27.919 V
[LIFT] V_Compute: 28.571 V
[LIFT] V_Motors: 27.946 V
[LIFT] V_Compute: 28.584 V
[LIFT] V_Motors: 27.945 V
[LIFT] V_Compute: 28.569 V
[LIFT] V_Motors: 27.930 V
[LIFT] V_Compute: 28.572 V
[LIFT] V_Motors: 27.950 V
[LIFT] V_Compute: 28.574 V
[LIFT] V_Motors: 27.939 V
[LIFT] V_Compute: 28.571 V
[LIFT] V_Motors: 27.916 V
[LIFT] V_Compute: 28.554 V
[LIFT] V_Motors: 27.930 V
[LIFT] V_Compute: 28.558 V
[LIFT] V_Motors: 27.934 V
[LIFT] V_Compute: 28.569 V
[LIFT] V_Motors: 27.921 V
[LIFT] V_Compute: 28.554 V
[LIFT] V_Motors: 27.937 V
[LIFT] V_Compute: 28.591 V
[LIFT] V_Motors: 27.929 V
[LIFT] V_Compute: 28.581 V
[LIFT] V_Motors: 27.921 V
[LIFT] V_Compute: 28.556 V
[LIFT] V_Motors: 27.913 V
[LIFT] V_Compute: 28.586 V
[LIFT] V_Motors: 27.934 V
[LIFT] V_Compute: 28.576 V
[LIFT] V_Motors: 27.925 V
[LIFT] V_Compute: 28.571 V
[LIFT] V_Motors: 27.927 V
[LIFT] V_Compute: 28.559 V
[LIFT] V_Motors: 27.923 V
[LIFT] V_Compute: 28.584 V
[LIFT] V_Motors: 27.940 V
[LIFT] V_Compute: 28.561 V
[LIFT] V_Motors: 27.936 V
[LIFT] V_Compute: 28.569 V
[LIFT] V_Motors: 27.926 V
[LIFT] V_Compute: 28.574 V
[LIFT] V_Motors: 27.942 V
[LIFT] V_Compute: 28.561 V
[LIFT] V_Motors: 27.937 V
[LIFT] V_Compute: 28.567 V
[LIFT] V_Motors: 27.939 V
[LIFT] V_Compute: 28.570 V
[LIFT] V_Motors: 27.940 V
[LIFT] V_Compute: 28.566 V
[LIFT] V_Motors: 27.940 V
[LIFT] V_Compute: 28.577 V
[LIFT] V_Motors: 27.936 V
[LIFT] V_Compute: 28.567 V
[LIFT] V_Motors: 27.937 V
[LIFT] V_Compute: 28.570 V
[LIFT] V_Motors: 27.934 V
[LIFT] V_Compute: 28.569 V
[LIFT] V_Motors: 27.940 V
[LIFT] V_Compute: 28.562 V
[LIFT] V_Motors: 27.930 V
[LIFT] V_Compute: 28.569 V
[LIFT] V_Motors: 27.925 V
[LIFT] V_Compute: 28.583 V
[LIFT] V_Motors: 27.931 V
[LIFT] V_Compute: 28.572 V
[LIFT] V_Motors: 27.935 V
[LIFT] V_Compute: 28.585 V
[LIFT] V_Motors: 27.929 V
[LIFT] V_Compute: 28.581 V
[LIFT] V_Motors: 27.941 V
[LIFT] V_Compute: 28.556 V
[LIFT] V_Motors: 27.937 V
[LIFT] V_Compute: 28.577 V
[LIFT] V_Motors: 27.935 V
[LIFT] V_Compute: 28.549 V
[LIFT] V_Motors: 27.926 V
[LIFT] V_Compute: 28.567 V
[LIFT] V_Motors: 27.930 V
[LIFT] V_Compute: 28.571 V
[LIFT] V_Motors: 27.934 V
[LIFT] V_Compute: 28.559 V
[LIFT] V_Motors: 27.945 V
[LIFT] V_Compute: 28.575 V
[LIFT] V_Motors: 27.921 V
[LIFT] V_Compute: 28.571 V
[LIFT] V_Motors: 27.944 V
[LIFT] V_Compute: 28.566 V
[LIFT] V_Motors: 27.936 V
[LIFT] V_Compute: 28.565 V
[LIFT] V_Motors: 27.935 V
[LIFT] V_Compute: 28.572 V
[LIFT] V_Motors: 27.930 V
[LIFT] V_Compute: 28.559 V
[LIFT] V_Motors: 27.946 V
[LIFT] V_Compute: 28.567 V
[LIFT] V_Motors: 27.937 V
[LIFT] V_Compute: 28.545 V
[LIFT] V_Motors: 27.930 V
[LIFT] V_Compute: 28.570 V
[LIFT] V_Motors: 27.939 V
[LIFT] V_Compute: 28.551 V
[LIFT] V_Motors: 27.940 V
[LIFT] V_Compute: 28.560 V
[LIFT] V_Motors: 27.937 V
[LIFT] V_Compute: 28.566 V
[LIFT] V_Motors: 27.944 V
[LIFT] V_Compute: 28.564 V
[LIFT] V_Motors: 27.937 V
[LIFT] V_Compute: 28.581 V
[LIFT] V_Motors: 27.951 V
[LIFT] V_Compute: 28.567 V
[LIFT] V_Motors: 27.939 V
[LIFT] V_Compute: 28.575 V
[LIFT] V_Motors: 27.945 V
[LIFT] V_Compute: 28.571 V
[LIFT] V_Motors: 27.952 V
[LIFT] V_Compute: 28.581 V
[LIFT] V_Motors: 27.936 V
[LIFT] V_Compute: 28.570 V
[LIFT] V_Motors: 27.936 V
[LIFT] V_Compute: 28.572 V
[LIFT] V_Motors: 27.949 V
[LIFT] V_Compute: 28.577 V
[LIFT] V_Motors: 27.946 V
[LIFT] V_Compute: 28.572 V
[LIFT] V_Motors: 27.940 V
[LIFT] V_Compute: 28.583 V
[LIFT] V_Motors: 27.955 V
[LIFT] V_Compute: 28.580 V
[LIFT] V_Motors: 27.937 V
[LIFT] V_Compute: 28.559 V
[LIFT] V_Motors: 27.947 V
[LIFT] V_Compute: 28.583 V
[LIFT] V_Motors: 27.935 V
[LIFT] V_Compute: 28.559 V
[LIFT] V_Motors: 27.944 V
[LIFT] V_Compute: 28.560 V
[LIFT] V_Motors: 27.941 V
[LIFT] V_Compute: 28.567 V
[LIFT] V_Motors: 27.937 V
[LIFT] V_Compute: 28.579 V
[LIFT] V_Motors: 27.945 V
[LIFT] V_Compute: 28.572 V
[LIFT] V_Motors: 27.950 V
[LIFT] V_Compute: 28.572 V
[LIFT] V_Motors: 27.945 V
[LIFT] V_Compute: 28.576 V
[LIFT] V_Motors: 27.917 V
[LIFT] V_Compute: 28.567 V
[LIFT] V_Motors: 27.939 V
[LIFT] V_Compute: 28.572 V
[LIFT] V_Motors: 27.944 V
[LIFT] V_Compute: 28.562 V
[LIFT] V_Motors: 27.945 V
[LIFT] V_Compute: 28.570 V
[LIFT] V_Motors: 27.942 V
[LIFT] V_Compute: 28.567 V
[LIFT] V_Motors: 27.942 V
[LIFT] V_Compute: 28.585 V
[LIFT] V_Motors: 27.940 V
[LIFT] V_Compute: 28.576 V
[LIFT] V_Motors: 27.961 V
[LIFT] V_Compute: 28.572 V
[LIFT] V_Motors: 27.941 V
[LIFT] V_Compute: 28.569 V
[LIFT] V_Motors: 27.940 V
[LIFT] V_Compute: 28.590 V
[LIFT] V_Motors: 27.950 V
[LIFT] V_Compute: 28.542 V
[LIFT] V_Motors: 27.933 V
[LIFT] V_Compute: 28.571 V
[LIFT] V_Motors: 27.939 V
[LIFT] V_Compute: 28.566 V
[LIFT] V_Motors: 27.937 V
[LIFT] V_Compute: 28.574 V
[LIFT] V_Motors: 27.949 V
[LIFT] V_Compute: 28.593 V
[LIFT] V_Motors: 27.944 V
[LIFT] V_Compute: 28.589 V
[LIFT] V_Motors: 27.937 V
[LIFT] V_Compute: 28.580 V
[LIFT] V_Motors: 27.935 V
[LIFT] V_Compute: 28.597 V
[LIFT] V_Motors: 27.956 V
[LIFT] V_Compute: 28.571 V
[LIFT] V_Motors: 27.939 V
[LIFT] V_Compute: 28.570 V
[LIFT] V_Motors: 27.942 V
[LIFT] V_Compute: 28.571 V
[LIFT] V_Motors: 27.962 V
[LIFT] V_Compute: 28.584 V
[LIFT] V_Motors: 27.946 V
[LIFT] V_Compute: 28.574 V
[LIFT] V_Motors: 27.945 V
[LIFT] V_Compute: 28.584 V
[LIFT] V_Motors: 27.931 V
[LIFT] V_Compute: 28.580 V
[LIFT] V_Motors: 27.923 V
[LIFT] V_Compute: 28.574 V
[LIFT] V_Motors: 27.947 V
[LIFT] V_Compute: 28.603 V
[LIFT] V_Motors: 27.954 V
[LIFT] V_Compute: 28.562 V
[LIFT] V_Motors: 27.959 V
[LIFT] V_Compute: 28.580 V
[LIFT] V_Motors: 27.951 V
[LIFT] V_Compute: 28.589 V
[LIFT] V_Motors: 27.951 V
[LIFT] V_Compute: 28.586 V
[LIFT] V_Motors: 27.947 V
[LIFT] V_Compute: 28.580 V
[LIFT] V_Motors: 27.934 V
[LIFT] V_Compute: 28.580 V
[LIFT] V_Motors: 27.956 V
[LIFT] V_Compute: 28.571 V
[LIFT] V_Motors: 27.913 V
[LIFT] V_Compute: 28.574 V
[LIFT] V_Motors: 27.939 V
[LIFT] V_Compute: 28.562 V
[LIFT] V_Motors: 27.959 V
[LIFT] V_Compute: 28.574 V
[LIFT] V_Motors: 27.940 V
[LIFT] V_Compute: 28.561 V
[LIFT] V_Motors: 27.942 V
[LIFT] V_Compute: 28.574 V
[LIFT] V_Motors: 27.950 V
[LIFT] V_Compute: 28.586 V
[LIFT] V_Motors: 27.951 V
[LIFT] V_Compute: 28.591 V
[LIFT] V_Motors: 27.942 V
[LIFT] V_Compute: 28.594 V
[LIFT] V_Motors: 27.945 V
[LIFT] V_Compute: 28.590 V
[LIFT] V_Motors: 27.955 V
[LIFT] V_Compute: 28.555 V
[LIFT] V_Motors: 27.955 V
[LIFT] V_Compute: 28.576 V
[LIFT] V_Motors: 27.959 V
[LIFT] V_Compute: 28.591 V
[LIFT] V_Motors: 27.955 V
[LIFT] V_Compute: 28.575 V
[LIFT] V_Motors: 27.958 V
[LIFT] V_Compute: 28.571 V
[LIFT] V_Motors: 27.958 V
[LIFT] V_Compute: 28.558 V
[LIFT] V_Motors: 27.951 V
[LIFT] V_Compute: 28.597 V
[LIFT] V_Motors: 27.955 V
[LIFT] V_Compute: 28.579 V
[LIFT] V_Motors: 27.956 V
[LIFT] V_Compute: 28.580 V
[LIFT] V_Motors: 27.958 V
[LIFT] V_Compute: 28.569 V
[LIFT] V_Motors: 27.944 V
[LIFT] V_Compute: 28.583 V
[LIFT] V_Motors: 27.950 V
[LIFT] V_Compute: 28.590 V
[LIFT] V_Motors: 27.954 V
[LIFT] V_Compute: 28.581 V
[LIFT] V_Motors: 27.956 V
[LIFT] V_Compute: 28.561 V
[LIFT] V_Motors: 27.939 V
[LIFT] V_Compute: 28.576 V
[LIFT] V_Motors: 27.959 V
[LIFT] V_Compute: 28.566 V
[LIFT] V_Motors: 27.939 V
[LIFT] V_Compute: 28.570 V
[LIFT] V_Motors: 27.933 V
[LIFT] V_Compute: 28.584 V
[LIFT] V_Motors: 27.970 V
[LIFT] V_Compute: 28.570 V
[LIFT] V_Motors: 27.942 V
[LIFT] V_Compute: 28.574 V
[LIFT] V_Motors: 27.950 V
[LIFT] V_Compute: 28.569 V
[LIFT] V_Motors: 27.946 V
[LIFT] V_Compute: 28.576 V
[LIFT] V_Motors: 27.950 V
[LIFT] V_Compute: 28.571 V
[LIFT] V_Motors: 27.949 V
[LIFT] V_Compute: 28.572 V
[LIFT] V_Motors: 27.950 V
[LIFT] V_Compute: 28.589 V
[LIFT] V_Motors: 27.949 V
[LIFT] V_Compute: 28.600 V
[LIFT] V_Motors: 27.952 V
[LIFT] V_Compute: 28.590 V
[LIFT] V_Motors: 27.947 V
[LIFT] V_Compute: 28.580 V
[LIFT] V_Motors: 27.950 V
[LIFT] V_Compute: 28.591 V
[LIFT] V_Motors: 27.955 V
[LIFT] V_Compute: 28.576 V
[LIFT] V_Motors: 27.946 V
[LIFT] V_Compute: 28.581 V
[LIFT] V_Motors: 27.952 V
[LIFT] V_Compute: 28.591 V
[LIFT] V_Motors: 27.954 V
[LIFT] V_Compute: 28.569 V
[LIFT] V_Motors: 27.960 V
[LIFT] V_Compute: 28.569 V
[LIFT] V_Motors: 27.952 V
[LIFT] V_Compute: 28.594 V
[LIFT] V_Motors: 27.951 V
[LIFT] V_Compute: 28.584 V
[LIFT] V_Motors: 27.959 V
[LIFT] V_Compute: 28.579 V
[LIFT] V_Motors: 27.956 V
[LIFT] V_Compute: 28.572 V
[LIFT] V_Motors: 27.952 V
[LIFT] V_Compute: 28.572 V
[LIFT] V_Motors: 27.949 V
[LIFT] V_Compute: 28.587 V
[LIFT] V_Motors: 27.968 V
[LIFT] V_Compute: 28.581 V
[LIFT] V_Motors: 27.961 V
[LIFT] V_Compute: 28.576 V
[LIFT] V_Motors: 27.961 V
[LIFT] V_Compute: 28.596 V
[LIFT] V_Motors: 27.961 V
[LIFT] V_Compute: 28.572 V
[LIFT] V_Motors: 27.955 V
[LIFT] V_Compute: 28.566 V
[LIFT] V_Motors: 27.956 V
[LIFT] V_Compute: 28.604 V
[LIFT] V_Motors: 27.939 V
[LIFT] V_Compute: 28.576 V
[LIFT] V_Motors: 27.951 V
[LIFT] V_Compute: 28.572 V
[LIFT] V_Motors: 27.955 V
[LIFT] V_Compute: 28.576 V
[LIFT] V_Motors: 27.955 V
[LIFT] V_Compute: 28.585 V
[LIFT] V_Motors: 27.952 V
[LIFT] V_Compute: 28.565 V
[LIFT] V_Motors: 27.951 V
[LIFT] V_Compute: 28.581 V
[LIFT] V_Motors: 27.958 V
[LIFT] V_Compute: 28.583 V
[LIFT] V_Motors: 27.969 V
[LIFT] V_Compute: 28.567 V
[LIFT] V_Motors: 27.960 V
[LIFT] V_Compute: 28.581 V
[LIFT] V_Motors: 27.966 V
[LIFT] V_Compute: 28.594 V
[LIFT] V_Motors: 27.949 V
[LIFT] V_Compute: 28.584 V
[LIFT] V_Motors: 27.960 V
[LIFT] V_Compute: 28.542 V
[LIFT] V_Motors: 27.944 V
[LIFT] V_Compute: 28.572 V
[LIFT] V_Motors: 27.959 V
[LIFT] V_Compute: 28.577 V
[LIFT] V_Motors: 27.960 V
[LIFT] V_Compute: 28.564 V
[LIFT] V_Motors: 27.944 V
[LIFT] V_Compute: 28.559 V
[LIFT] V_Motors: 27.941 V
[LIFT] V_Compute: 28.585 V
[LIFT] V_Motors: 27.952 V
[LIFT] V_Compute: 28.552 V
[LIFT] V_Motors: 27.946 V
[LIFT] V_Compute: 28.565 V
[LIFT] V_Motors: 27.952 V
[LIFT] V_Compute: 28.590 V
[LIFT] V_Motors: 27.945 V
[LIFT] V_Compute: 28.586 V
[LIFT] V_Motors: 27.966 V
[LIFT] V_Compute: 28.559 V
[LIFT] V_Motors: 27.981 V
[LIFT] V_Compute: 28.571 V
[LIFT] V_Motors: 27.944 V
[LIFT] V_Compute: 28.574 V
[LIFT] V_Motors: 27.956 V
[LIFT] V_Compute: 28.566 V
[LIFT] V_Motors: 27.950 V
[LIFT] V_Compute: 28.603 V
[LIFT] V_Motors: 27.955 V
[LIFT] V_Compute: 28.559 V
[LIFT] V_Motors: 27.965 V
[LIFT] V_Compute: 28.584 V
[LIFT] V_Motors: 27.971 V
[LIFT] V_Compute: 28.554 V
[LIFT] V_Motors: 27.952 V
[LIFT] V_Compute: 28.593 V
[LIFT] V_Motors: 27.964 V
[LIFT] V_Compute: 28.590 V
[LIFT] V_Motors: 27.961 V
[LIFT] V_Compute: 28.605 V
[LIFT] V_Motors: 27.961 V
[LIFT] V_Compute: 28.599 V
[LIFT] V_Motors: 27.945 V
[LIFT] V_Compute: 28.575 V
[LIFT] V_Motors: 27.954 V
[LIFT] V_Compute: 28.586 V
[LIFT] V_Motors: 27.975 V
[LIFT] V_Compute: 28.577 V
[LIFT] V_Motors: 27.960 V
[LIFT] V_Compute: 28.593 V
[LIFT] V_Motors: 27.952 V
[LIFT] V_Compute: 28.566 V
[LIFT] V_Motors: 27.964 V
[LIFT] V_Compute: 28.587 V
[LIFT] V_Motors: 27.970 V
[LIFT] V_Compute: 28.574 V
[LIFT] V_Motors: 27.944 V
[LIFT] V_Compute: 28.577 V
[LIFT] V_Motors: 27.968 V
[LIFT] V_Compute: 28.593 V
[LIFT] V_Motors: 27.960 V
[LIFT] V_Compute: 28.610 V
[LIFT] V_Motors: 27.959 V
[LIFT] V_Compute: 28.581 V
[LIFT] V_Motors: 27.958 V
[LIFT] V_Compute: 28.590 V
[LIFT] V_Motors: 27.952 V
[LIFT] V_Compute: 28.577 V
[LIFT] V_Motors: 27.956 V
[LIFT] V_Compute: 28.565 V
[LIFT] V_Motors: 27.952 V
[LIFT] V_Compute: 28.569 V
[LIFT] V_Motors: 27.962 V
[LIFT] V_Compute: 28.571 V
[LIFT] V_Motors: 27.960 V
[LIFT] V_Compute: 28.571 V
[LIFT] V_Motors: 27.951 V
[LIFT] V_Compute: 28.591 V
[LIFT] V_Motors: 27.964 V
[LIFT] V_Compute: 28.560 V
[LIFT] V_Motors: 27.971 V
[LIFT] V_Compute: 28.567 V
[LIFT] V_Motors: 27.956 V
[LIFT] V_Compute: 28.593 V
[LIFT] V_Motors: 27.960 V
[LIFT] V_Compute: 28.569 V
[LIFT] V_Motors: 27.966 V
[LIFT] V_Compute: 28.574 V
[LIFT] V_Motors: 27.961 V
[LIFT] V_Compute: 28.605 V
[LIFT] V_Motors: 27.959 V
[LIFT] V_Compute: 28.590 V
[LIFT] V_Motors: 27.947 V
[LIFT] V_Compute: 28.601 V
[LIFT] V_Motors: 27.969 V
[LIFT] V_Compute: 28.564 V
[LIFT] V_Motors: 27.960 V
[LIFT] V_Compute: 28.586 V
[LIFT] V_Motors: 27.941 V
[LIFT] V_Compute: 28.581 V
[LIFT] V_Motors: 27.965 V
[LIFT] V_Compute: 28.606 V
[LIFT] V_Motors: 27.955 V
[LIFT] V_Compute: 28.584 V
[LIFT] V_Motors: 27.968 V
[LIFT] V_Compute: 28.565 V
[LIFT] V_Motors: 27.951 V
[LIFT] V_Compute: 28.600 V
[LIFT] V_Motors: 27.972 V
[LIFT] V_Compute: 28.586 V
[LIFT] V_Motors: 27.958 V
[LIFT] V_Compute: 28.593 V
[LIFT] V_Motors: 27.951 V
[LIFT] V_Compute: 28.595 V
[LIFT] V_Motors: 27.959 V
[LIFT] V_Compute: 28.601 V
[LIFT] V_Motors: 27.968 V
[LIFT] V_Compute: 28.576 V
[LIFT] V_Motors: 27.966 V
[LIFT] V_Compute: 28.583 V
[LIFT] V_Motors: 27.989 V
[LIFT] V_Compute: 28.580 V
[LIFT] V_Motors: 27.939 V
[LIFT] V_Compute: 28.585 V
[LIFT] V_Motors: 27.976 V
[LIFT] V_Compute: 28.545 V
[LIFT] V_Motors: 27.972 V
[LIFT] V_Compute: 28.590 V
[LIFT] V_Motors: 27.949 V
[LIFT] V_Compute: 28.589 V
[LIFT] V_Motors: 27.960 V
[LIFT] V_Compute: 28.579 V
[LIFT] V_Motors: 27.954 V
[LIFT] V_Compute: 28.539 V
[LIFT] V_Motors: 27.958 V
[LIFT] V_Compute: 28.589 V
[LIFT] V_Motors: 27.952 V
[LIFT] V_Compute: 28.596 V
[LIFT] V_Motors: 27.974 V
[LIFT] V_Compute: 28.599 V
[LIFT] V_Motors: 27.964 V
[LIFT] V_Compute: 28.570 V
[LIFT] V_Motors: 27.951 V
[LIFT] V_Compute: 28.585 V
[LIFT] V_Motors: 27.970 V
[LIFT] V_Compute: 28.593 V
[LIFT] V_Motors: 27.954 V
[LIFT] V_Compute: 28.589 V
[LIFT] V_Motors: 27.956 V
[LIFT] V_Compute: 28.567 V
[LIFT] V_Motors: 27.961 V
[LIFT] V_Compute: 28.566 V
[LIFT] V_Motors: 27.965 V
[LIFT] V_Compute: 28.570 V
[LIFT] V_Motors: 27.980 V
[LIFT] V_Compute: 28.579 V
[LIFT] V_Motors: 27.952 V
[LIFT] V_Compute: 28.556 V
[LIFT] V_Motors: 27.968 V
[LIFT] V_Compute: 28.584 V
[LIFT] V_Motors: 27.962 V
[LIFT] V_Compute: 28.570 V
[LIFT] V_Motors: 27.958 V
[LIFT] V_Compute: 28.579 V
[LIFT] V_Motors: 27.960 V
[LIFT] V_Compute: 28.607 V
[LIFT] V_Motors: 27.971 V
[LIFT] V_Compute: 28.587 V
[LIFT] V_Motors: 27.969 V
[LIFT] V_Compute: 28.584 V
[LIFT] V_Motors: 27.972 V
[LIFT] V_Compute: 28.583 V
[LIFT] V_Motors: 27.961 V
[LIFT] V_Compute: 28.581 V
[LIFT] V_Motors: 27.961 V
[LIFT] V_Compute: 28.586 V
[LIFT] V_Motors: 27.964 V
[LIFT] V_Compute: 28.550 V
[LIFT] V_Motors: 27.940 V
[LIFT] V_Compute: 28.593 V
[LIFT] V_Motors: 27.966 V
[LIFT] V_Compute: 28.569 V
[LIFT] V_Motors: 27.958 V
[LIFT] V_Compute: 28.605 V
[LIFT] V_Motors: 27.956 V
[LIFT] V_Compute: 28.595 V
[LIFT] V_Motors: 27.958 V
[LIFT] V_Compute: 28.586 V
[LIFT] V_Motors: 27.975 V
[LIFT] V_Compute: 28.590 V
[LIFT] V_Motors: 27.965 V
[LIFT] V_Compute: 28.612 V
[LIFT] V_Motors: 27.964 V
[LIFT] V_Compute: 28.599 V
[LIFT] V_Motors: 27.970 V
[LIFT] V_Compute: 28.610 V
[LIFT] V_Motors: 27.974 V
[LIFT] V_Compute: 28.577 V
[LIFT] V_Motors: 27.975 V
[LIFT] V_Compute: 28.596 V
[LIFT] V_Motors: 28.003 V
[LIFT] V_Compute: 28.585 V
[LIFT] V_Motors: 27.971 V
[LIFT] V_Compute: 28.615 V
[LIFT] V_Motors: 27.961 V
[LIFT] V_Compute: 28.599 V
[LIFT] V_Motors: 27.980 V
[LIFT] V_Compute: 28.562 V
[LIFT] V_Motors: 27.969 V
[LIFT] V_Compute: 28.584 V
[LIFT] V_Motors: 27.972 V
[LIFT] V_Compute: 28.597 V
[LIFT] V_Motors: 27.951 V
[LIFT] V_Compute: 28.595 V
[LIFT] V_Motors: 27.976 V
[LIFT] V_Compute: 28.610 V
[LIFT] V_Motors: 27.969 V
[LIFT] V_Compute: 28.576 V
[LIFT] V_Motors: 27.969 V
[LIFT] V_Compute: 28.603 V
[LIFT] V_Motors: 27.978 V
[LIFT] V_Compute: 28.595 V
[LIFT] V_Motors: 27.969 V
[LIFT] V_Compute: 28.596 V
[LIFT] V_Motors: 27.975 V
[LIFT] V_Compute: 28.565 V
[LIFT] V_Motors: 27.969 V
[LIFT] V_Compute: 28.605 V
[LIFT] V_Motors: 27.964 V
[LIFT] V_Compute: 28.579 V
[LIFT] V_Motors: 27.970 V
[LIFT] V_Compute: 28.559 V
[LIFT] V_Motors: 27.966 V
[LIFT] V_Compute: 28.590 V
[LIFT] V_Motors: 27.971 V
[LIFT] V_Compute: 28.596 V
[LIFT] V_Motors: 27.979 V
[LIFT] V_Compute: 28.595 V
[LIFT] V_Motors: 27.966 V
[LIFT] V_Compute: 28.580 V
[LIFT] V_Motors: 27.968 V
[LIFT] V_Compute: 28.587 V
[LIFT] V_Motors: 27.972 V
[LIFT] V_Compute: 28.599 V
[LIFT] V_Motors: 27.978 V
[LIFT] V_Compute: 28.611 V
[LIFT] V_Motors: 27.965 V
[LIFT] V_Compute: 28.584 V
[LIFT] V_Motors: 27.964 V
[LIFT] V_Compute: 28.593 V
[LIFT] V_Motors: 27.951 V
[LIFT] V_Compute: 28.589 V
[LIFT] V_Motors: 27.966 V
[LIFT] V_Compute: 28.589 V
[LIFT] V_Motors: 27.974 V
[LIFT] V_Compute: 28.579 V
[LIFT] V_Motors: 27.978 V
[LIFT] V_Compute: 28.586 V
[LIFT] V_Motors: 27.956 V
[LIFT] V_Compute: 28.594 V
[LIFT] V_Motors: 27.971 V
[LIFT] V_Compute: 28.569 V
[LIFT] V_Motors: 27.965 V
[LIFT] V_Compute: 28.585 V
[LIFT] V_Motors: 27.978 V
[LIFT] V_Compute: 28.605 V
[LIFT] V_Motors: 27.971 V
[LIFT] V_Compute: 28.609 V
[LIFT] V_Motors: 27.971 V
[LIFT] V_Compute: 28.589 V
[LIFT] V_Motors: 27.971 V
[LIFT] V_Compute: 28.586 V
[LIFT] V_Motors: 27.975 V
[LIFT] V_Compute: 28.591 V
[LIFT] V_Motors: 27.978 V
[LIFT] V_Compute: 28.571 V
[LIFT] V_Motors: 27.984 V
[LIFT] V_Compute: 28.576 V
[LIFT] V_Motors: 27.959 V
[LIFT] V_Compute: 28.595 V
[LIFT] V_Motors: 27.978 V
[LIFT] V_Compute: 28.599 V
[LIFT] V_Motors: 27.966 V
[LIFT] V_Compute: 28.575 V
[LIFT] V_Motors: 27.979 V
[LIFT] V_Compute: 28.603 V
[LIFT] V_Motors: 27.971 V
[LIFT] V_Compute: 28.600 V
[LIFT] V_Motors: 27.964 V
[LIFT] V_Compute: 28.600 V
[LIFT] V_Motors: 27.985 V
[LIFT] V_Compute: 28.618 V
[LIFT] V_Motors: 27.976 V
[LIFT] V_Compute: 28.590 V
[LIFT] V_Motors: 27.972 V
[LIFT] V_Compute: 28.570 V
[LIFT] V_Motors: 27.965 V
[LIFT] V_Compute: 28.569 V
[LIFT] V_Motors: 27.996 V
[LIFT] V_Compute: 28.590 V
[LIFT] V_Motors: 27.962 V
[LIFT] V_Compute: 28.611 V
[LIFT] V_Motors: 27.981 V
[LIFT] V_Compute: 28.577 V
[LIFT] V_Motors: 27.984 V
[LIFT] V_Compute: 28.552 V
[LIFT] V_Motors: 27.981 V
[LIFT] V_Compute: 28.610 V
[LIFT] V_Motors: 27.975 V
[LIFT] V_Compute: 28.610 V
[LIFT] V_Motors: 27.974 V
[LIFT] V_Compute: 28.560 V
[LIFT] V_Motors: 27.949 V
[LIFT] V_Compute: 28.586 V
[LIFT] V_Motors: 27.958 V
[LIFT] V_Compute: 28.594 V
[LIFT] V_Motors: 27.972 V
[LIFT] V_Compute: 28.590 V
[LIFT] V_Motors: 27.987 V
[LIFT] V_Compute: 28.569 V
[LIFT] V_Motors: 27.993 V
[LIFT] V_Compute: 28.580 V
[LIFT] V_Motors: 27.962 V
[LIFT] V_Compute: 28.540 V
[LIFT] V_Motors: 27.968 V
[LIFT] V_Compute: 28.604 V
[LIFT] V_Motors: 27.986 V
[LIFT] V_Compute: 28.585 V
[LIFT] V_Motors: 27.975 V
[LIFT] V_Compute: 28.607 V
[LIFT] V_Motors: 27.995 V
[LIFT] V_Compute: 28.603 V
[LIFT] V_Motors: 27.984 V
[LIFT] V_Compute: 28.574 V
[LIFT] V_Motors: 27.974 V
[LIFT] V_Compute: 28.607 V
[LIFT] V_Motors: 27.971 V
[LIFT] V_Compute: 28.584 V
[LIFT] V_Motors: 27.979 V
[LIFT] V_Compute: 28.584 V
[LIFT] V_Motors: 27.962 V
[LIFT] V_Compute: 28.583 V
[LIFT] V_Motors: 27.979 V
[LIFT] V_Compute: 28.590 V
[LIFT] V_Motors: 27.980 V
[LIFT] V_Compute: 28.606 V
[LIFT] V_Motors: 27.978 V
[LIFT] V_Compute: 28.586 V
[LIFT] V_Motors: 27.969 V
[LIFT] V_Compute: 28.600 V
[LIFT] V_Motors: 27.970 V
[LIFT] V_Compute: 28.601 V
[LIFT] V_Motors: 27.985 V
[LIFT] V_Compute: 28.593 V
[LIFT] V_Motors: 27.969 V
[LIFT] V_Compute: 28.579 V
[LIFT] V_Motors: 27.965 V
[LIFT] V_Compute: 28.593 V
[LIFT] V_Motors: 27.989 V
[LIFT] V_Compute: 28.585 V
[LIFT] V_Motors: 27.979 V
[LIFT] V_Compute: 28.609 V
[LIFT] V_Motors: 27.974 V
[LIFT] V_Compute: 28.594 V
[LIFT] V_Motors: 27.987 V
[LIFT] V_Compute: 28.596 V
[LIFT] V_Motors: 27.982 V
[LIFT] V_Compute: 28.560 V
[LIFT] V_Motors: 27.980 V
[LIFT] V_Compute: 28.577 V
[LIFT] V_Motors: 27.984 V
[LIFT] V_Compute: 28.579 V
[LIFT] V_Motors: 27.974 V
[LIFT] V_Compute: 28.566 V
[LIFT] V_Motors: 27.968 V
[LIFT] V_Compute: 28.600 V
[LIFT] V_Motors: 27.974 V
[LIFT] V_Compute: 28.589 V
[LIFT] V_Motors: 27.979 V
[LIFT] V_Compute: 28.590 V
[LIFT] V_Motors: 27.981 V
[LIFT] V_Compute: 28.583 V
[LIFT] V_Motors: 27.978 V
[LIFT] V_Compute: 28.565 V
[LIFT] V_Motors: 27.984 V
[LIFT] V_Compute: 28.616 V
[LIFT] V_Motors: 27.974 V
[LIFT] V_Compute: 28.605 V
[LIFT] V_Motors: 27.972 V
[LIFT] V_Compute: 28.599 V
[LIFT] V_Motors: 27.990 V
[LIFT] V_Compute: 28.596 V
[LIFT] V_Motors: 27.980 V
[LIFT] V_Compute: 28.586 V
[LIFT] V_Motors: 27.974 V
[LIFT] V_Compute: 28.597 V
[LIFT] V_Motors: 27.980 V
[LIFT] V_Compute: 28.600 V
[LIFT] V_Motors: 27.968 V
[LIFT] V_Compute: 28.589 V
[LIFT] V_Motors: 28.000 V
[LIFT] V_Compute: 28.591 V
[LIFT] V_Motors: 27.984 V
[LIFT] V_Compute: 28.595 V
[LIFT] V_Motors: 27.984 V
[LIFT] V_Compute: 28.569 V
[LIFT] V_Motors: 27.997 V
[LIFT] V_Compute: 28.607 V
[LIFT] V_Motors: 27.979 V
[LIFT] V_Compute: 28.599 V
[LIFT] V_Motors: 27.982 V
[LIFT] V_Compute: 28.603 V
[LIFT] V_Motors: 27.972 V
[LIFT] V_Compute: 28.591 V
[LIFT] V_Motors: 27.979 V
[LIFT] V_Compute: 28.584 V
[LIFT] V_Motors: 27.999 V
[LIFT] V_Compute: 28.576 V
[LIFT] V_Motors: 27.982 V
[LIFT] V_Compute: 28.593 V
[LIFT] V_Motors: 27.978 V
[LIFT] V_Compute: 28.596 V
[LIFT] V_Motors: 27.982 V
[LIFT] V_Compute: 28.587 V
[LIFT] V_Motors: 27.982 V
[LIFT] V_Compute: 28.603 V
[LIFT] V_Motors: 27.982 V
[LIFT] V_Compute: 28.607 V
[LIFT] V_Motors: 27.984 V
[LIFT] V_Compute: 28.580 V
[LIFT] V_Motors: 27.981 V
[LIFT] V_Compute: 28.599 V
[LIFT] V_Motors: 27.985 V
[LIFT] V_Compute: 28.594 V
[LIFT] V_Motors: 27.986 V
[LIFT] V_Compute: 28.612 V
[LIFT] V_Motors: 27.984 V
[LIFT] V_Compute: 28.585 V
[LIFT] V_Motors: 27.976 V
[LIFT] V_Compute: 28.584 V
[LIFT] V_Motors: 27.976 V
[LIFT] V_Compute: 28.605 V
[LIFT] V_Motors: 27.990 V
[LIFT] V_Compute: 28.583 V
[LIFT] V_Motors: 27.990 V
[LIFT] V_Compute: 28.585 V
[LIFT] V_Motors: 27.993 V
[LIFT] V_Compute: 28.628 V
[LIFT] V_Motors: 27.985 V
[LIFT] V_Compute: 28.594 V
[LIFT] V_Motors: 27.986 V
[LIFT] V_Compute: 28.601 V
[LIFT] V_Motors: 27.985 V
[LIFT] V_Compute: 28.615 V
[LIFT] V_Motors: 28.000 V
[LIFT] V_Compute: 28.576 V
[LIFT] V_Motors: 27.999 V
[LIFT] V_Compute: 28.619 V
[LIFT] V_Motors: 27.981 V
[LIFT] V_Compute: 28.601 V
[LIFT] V_Motors: 27.987 V
[LIFT] V_Compute: 28.589 V
[LIFT] V_Motors: 27.984 V
[LIFT] V_Compute: 28.575 V
[LIFT] V_Motors: 27.969 V
[LIFT] V_Compute: 28.600 V
[LIFT] V_Motors: 27.995 V
[LIFT] V_Compute: 28.591 V
[LIFT] V_Motors: 27.986 V
[LIFT] V_Compute: 28.576 V
[LIFT] V_Motors: 27.995 V
[LIFT] V_Compute: 28.605 V
[LIFT] V_Motors: 27.989 V
[LIFT] V_Compute: 28.601 V
[LIFT] V_Motors: 27.995 V
[LIFT] V_Compute: 28.599 V
[LIFT] V_Motors: 27.996 V
[LIFT] V_Compute: 28.591 V
[LIFT] V_Motors: 27.996 V
[LIFT] V_Compute: 28.612 V
[LIFT] V_Motors: 27.989 V
[LIFT] V_Compute: 28.612 V
[LIFT] V_Motors: 27.990 V
[LIFT] V_Compute: 28.579 V
[LIFT] V_Motors: 28.004 V
[LIFT] V_Compute: 28.618 V
[LIFT] V_Motors: 27.994 V
[LIFT] V_Compute: 28.601 V
[LIFT] V_Motors: 27.996 V
[LIFT] V_Compute: 28.601 V
[LIFT] V_Motors: 27.969 V
[LIFT] V_Compute: 28.603 V
[LIFT] V_Motors: 27.986 V
[LIFT] V_Compute: 28.601 V
[LIFT] V_Motors: 27.987 V
[LIFT] V_Compute: 28.590 V
[LIFT] V_Motors: 28.001 V
[LIFT] V_Compute: 28.605 V
[LIFT] V_Motors: 27.993 V
[LIFT] V_Compute: 28.611 V
[LIFT] V_Motors: 27.976 V
[LIFT] V_Compute: 28.604 V
[LIFT] V_Motors: 27.981 V
[LIFT] V_Compute: 28.601 V
[LIFT] V_Motors: 27.996 V
[LIFT] V_Compute: 28.609 V
[LIFT] V_Motors: 28.004 V
[LIFT] V_Compute: 28.589 V
[LIFT] V_Motors: 27.985 V
[LIFT] V_Compute: 28.599 V
[LIFT] V_Motors: 28.003 V
[LIFT] V_Compute: 28.575 V
[LIFT] V_Motors: 27.980 V
[LIFT] V_Compute: 28.616 V
[LIFT] V_Motors: 27.976 V
[LIFT] V_Compute: 28.585 V
[LIFT] V_Motors: 27.991 V
[LIFT] V_Compute: 28.594 V
[LIFT] V_Motors: 27.985 V
[LIFT] V_Compute: 28.604 V
[LIFT] V_Motors: 27.975 V
[LIFT] V_Compute: 28.609 V
[LIFT] V_Motors: 27.996 V
[LIFT] V_Compute: 28.609 V
[LIFT] V_Motors: 27.986 V
[LIFT] V_Compute: 28.594 V
[LIFT] V_Motors: 27.999 V
[LIFT] V_Compute: 28.590 V
[LIFT] V_Motors: 27.987 V
[LIFT] V_Compute: 28.601 V
[LIFT] V_Motors: 27.985 V
[LIFT] V_Compute: 28.615 V
[LIFT] V_Motors: 27.993 V
[LIFT] V_Compute: 28.586 V
[LIFT] V_Motors: 28.001 V
[LIFT] V_Compute: 28.605 V
[LIFT] V_Motors: 27.969 V
[LIFT] V_Compute: 28.609 V
[LIFT] V_Motors: 27.996 V
[LIFT] V_Compute: 28.601 V
[LIFT] V_Motors: 27.987 V
[LIFT] V_Compute: 28.607 V
[LIFT] V_Motors: 27.958 V
[LIFT] V_Compute: 28.583 V
[LIFT] V_Motors: 27.984 V
[LIFT] V_Compute: 28.576 V
[LIFT] V_Motors: 27.985 V
[LIFT] V_Compute: 28.620 V
[LIFT] V_Motors: 28.013 V
[LIFT] V_Compute: 28.597 V
[LIFT] V_Motors: 27.993 V
[LIFT] V_Compute: 28.599 V
[LIFT] V_Motors: 27.985 V
[LIFT] V_Compute: 28.595 V
[LIFT] V_Motors: 27.993 V
[LIFT] V_Compute: 28.600 V
[LIFT] V_Motors: 28.013 V
[LIFT] V_Compute: 28.593 V
[LIFT] V_Motors: 28.001 V
[LIFT] V_Compute: 28.590 V
[LIFT] V_Motors: 27.982 V
[LIFT] V_Compute: 28.594 V
[LIFT] V_Motors: 27.991 V
[LIFT] V_Compute: 28.609 V
[LIFT] V_Motors: 27.991 V
[LIFT] V_Compute: 28.607 V
[LIFT] V_Motors: 27.984 V
[LIFT] V_Compute: 28.595 V
[LIFT] V_Motors: 27.974 V
[LIFT] V_Compute: 28.599 V
[LIFT] V_Motors: 27.996 V
[LIFT] V_Compute: 28.596 V
[LIFT] V_Motors: 27.993 V
[LIFT] V_Compute: 28.596 V
[LIFT] V_Motors: 27.979 V
[LIFT] V_Compute: 28.609 V
[LIFT] V_Motors: 28.000 V
[LIFT] V_Compute: 28.635 V
[LIFT] V_Motors: 28.003 V
[LIFT] V_Compute: 28.616 V
[LIFT] V_Motors: 27.979 V
[LIFT] V_Compute: 28.594 V
[LIFT] V_Motors: 27.999 V
[LIFT] V_Compute: 28.604 V
[LIFT] V_Motors: 27.982 V
[LIFT] V_Compute: 28.589 V
[LIFT] V_Motors: 27.997 V
[LIFT] V_Compute: 28.595 V
[LIFT] V_Motors: 27.995 V
[LIFT] V_Compute: 28.591 V
[LIFT] V_Motors: 27.972 V
[LIFT] V_Compute: 28.595 V
[LIFT] V_Motors: 28.007 V
[LIFT] V_Compute: 28.601 V
[LIFT] V_Motors: 27.996 V
[LIFT] V_Compute: 28.593 V
[LIFT] V_Motors: 27.972 V
[LIFT] V_Compute: 28.621 V
[LIFT] V_Motors: 28.000 V
[LIFT] V_Compute: 28.595 V
[LIFT] V_Motors: 27.993 V
[LIFT] V_Compute: 28.591 V
[LIFT] V_Motors: 28.000 V
[LIFT] V_Compute: 28.604 V
[LIFT] V_Motors: 27.997 V
[LIFT] V_Compute: 28.606 V
[LIFT] V_Motors: 28.007 V
[LIFT] V_Compute: 28.605 V
[LIFT] V_Motors: 28.000 V
[LIFT] V_Compute: 28.609 V
[LIFT] V_Motors: 27.997 V
[LIFT] V_Compute: 28.594 V
[LIFT] V_Motors: 27.989 V
[LIFT] V_Compute: 28.594 V
[LIFT] V_Motors: 27.999 V
[LIFT] V_Compute: 28.595 V
[LIFT] V_Motors: 27.999 V
[LIFT] V_Compute: 28.606 V
[LIFT] V_Motors: 27.999 V
[LIFT] V_Compute: 28.604 V
[LIFT] V_Motors: 27.985 V
[LIFT] V_Compute: 28.603 V
[LIFT] V_Motors: 27.993 V
[LIFT] V_Compute: 28.614 V
[LIFT] V_Motors: 28.007 V
[LIFT] V_Compute: 28.607 V
[LIFT] V_Motors: 28.005 V
[LIFT] V_Compute: 28.595 V
[LIFT] V_Motors: 27.991 V
[LIFT] V_Compute: 28.601 V
[LIFT] V_Motors: 27.996 V
[LIFT] V_Compute: 28.611 V
[LIFT] V_Motors: 27.997 V
[LIFT] V_Compute: 28.600 V
[LIFT] V_Motors: 28.004 V
[LIFT] V_Compute: 28.618 V
[LIFT] V_Motors: 28.005 V
[LIFT] V_Compute: 28.605 V
[LIFT] V_Motors: 28.001 V
[LIFT] V_Compute: 28.601 V
[LIFT] V_Motors: 28.007 V
[LIFT] V_Compute: 28.609 V
[LIFT] V_Motors: 28.005 V
[LIFT] V_Compute: 28.600 V
[LIFT] V_Motors: 27.995 V
[LIFT] V_Compute: 28.607 V
[LIFT] V_Motors: 28.016 V
[LIFT] V_Compute: 28.616 V
[LIFT] V_Motors: 28.011 V
[LIFT] V_Compute: 28.609 V
[LIFT] V_Motors: 28.004 V
[LIFT] V_Compute: 28.589 V
[LIFT] V_Motors: 27.991 V
[LIFT] V_Compute: 28.603 V
[LIFT] V_Motors: 28.001 V
[LIFT] V_Compute: 28.604 V
[LIFT] V_Motors: 27.980 V
[LIFT] V_Compute: 28.625 V
[LIFT] V_Motors: 28.010 V
[LIFT] V_Compute: 28.610 V
[LIFT] V_Motors: 27.991 V
[LIFT] V_Compute: 28.589 V
[LIFT] V_Motors: 27.995 V
[LIFT] V_Compute: 28.619 V
[LIFT] V_Motors: 28.006 V
[LIFT] V_Compute: 28.616 V
[LIFT] V_Motors: 28.004 V
[LIFT] V_Compute: 28.609 V
[LIFT] V_Motors: 28.004 V
[LIFT] V_Compute: 28.595 V
[LIFT] V_Motors: 28.009 V
[LIFT] V_Compute: 28.619 V
[LIFT] V_Motors: 28.006 V
[LIFT] V_Compute: 28.607 V
[LIFT] V_Motors: 28.004 V
[LIFT] V_Compute: 28.619 V
[LIFT] V_Motors: 27.994 V
[LIFT] V_Compute: 28.566 V
[LIFT] V_Motors: 28.005 V
[LIFT] V_Compute: 28.566 V
[LIFT] V_Motors: 27.979 V
[LIFT] V_Compute: 28.622 V
[LIFT] V_Motors: 28.001 V
[LIFT] V_Compute: 28.606 V
[LIFT] V_Motors: 27.995 V
[LIFT] V_Compute: 28.610 V
[LIFT] V_Motors: 27.991 V
[LIFT] V_Compute: 28.601 V
[LIFT] V_Motors: 28.003 V
[LIFT] V_Compute: 28.599 V
[LIFT] V_Motors: 27.996 V
[LIFT] V_Compute: 28.574 V
[LIFT] V_Motors: 27.995 V
[LIFT] V_Compute: 28.618 V
[LIFT] V_Motors: 28.004 V
[LIFT] V_Compute: 28.609 V
[LIFT] V_Motors: 27.991 V
[LIFT] V_Compute: 28.601 V
[LIFT] V_Motors: 28.007 V
[LIFT] V_Compute: 28.640 V
[LIFT] V_Motors: 28.001 V
[LIFT] V_Compute: 28.595 V
[LIFT] V_Motors: 28.001 V
[LIFT] V_Compute: 28.593 V
[LIFT] V_Motors: 28.016 V
[LIFT] V_Compute: 28.620 V
[LIFT] V_Motors: 28.003 V
[LIFT] V_Compute: 28.626 V
[LIFT] V_Motors: 27.993 V
[LIFT] V_Compute: 28.603 V
[LIFT] V_Motors: 27.991 V
[LIFT] V_Compute: 28.609 V
[LIFT] V_Motors: 28.004 V
[LIFT] V_Compute: 28.609 V
[LIFT] V_Motors: 28.006 V
[LIFT] V_Compute: 28.614 V
[LIFT] V_Motors: 28.000 V
[LIFT] V_Compute: 28.609 V
[LIFT] V_Motors: 28.004 V
[LIFT] V_Compute: 28.609 V
[LIFT] V_Motors: 28.015 V
[LIFT] V_Compute: 28.595 V
[LIFT] V_Motors: 27.999 V
[LIFT] V_Compute: 28.595 V
[LIFT] V_Motors: 28.004 V
[LIFT] V_Compute: 28.603 V
[LIFT] V_Motors: 27.999 V
[LIFT] V_Compute: 28.601 V
[LIFT] V_Motors: 27.991 V
[LIFT] V_Compute: 28.618 V
[LIFT] V_Motors: 27.991 V
[LIFT] V_Compute: 28.605 V
[LIFT] V_Motors: 27.993 V
[LIFT] V_Compute: 28.618 V
[LIFT] V_Motors: 27.987 V
[LIFT] V_Compute: 28.609 V
[LIFT] V_Motors: 28.013 V
[LIFT] V_Compute: 28.604 V
[LIFT] V_Motors: 28.011 V
[LIFT] V_Compute: 28.615 V
[LIFT] V_Motors: 27.995 V
[LIFT] V_Compute: 28.583 V
[LIFT] V_Motors: 28.001 V
[LIFT] V_Compute: 28.607 V
[LIFT] V_Motors: 27.995 V
[LIFT] V_Compute: 28.584 V
[LIFT] V_Motors: 27.994 V
[LIFT] V_Compute: 28.601 V
[LIFT] V_Motors: 28.007 V
[LIFT] V_Compute: 28.585 V
[LIFT] V_Motors: 27.996 V
[LIFT] V_Compute: 28.601 V
[LIFT] V_Motors: 27.993 V
[LIFT] V_Compute: 28.619 V
[LIFT] V_Motors: 27.994 V
[LIFT] V_Compute: 28.624 V
[LIFT] V_Motors: 28.011 V
[LIFT] V_Compute: 28.585 V
[LIFT] V_Motors: 28.006 V
[LIFT] V_Compute: 28.609 V
[LIFT] V_Motors: 28.019 V
[LIFT] V_Compute: 28.610 V
[LIFT] V_Motors: 28.006 V
[LIFT] V_Compute: 28.594 V
[LIFT] V_Motors: 28.017 V
[LIFT] V_Compute: 28.599 V
[LIFT] V_Motors: 28.004 V
[LIFT] V_Compute: 28.614 V
[LIFT] V_Motors: 28.005 V
[LIFT] V_Compute: 28.599 V
[LIFT] V_Motors: 28.003 V
[LIFT] V_Compute: 28.609 V
[LIFT] V_Motors: 27.999 V
[LIFT] V_Compute: 28.591 V
[LIFT] V_Motors: 28.001 V
[LIFT] V_Compute: 28.636 V
[LIFT] V_Motors: 28.022 V
[LIFT] V_Compute: 28.638 V
[LIFT] V_Motors: 28.026 V
[LIFT] V_Compute: 28.594 V
[LIFT] V_Motors: 28.005 V
[LIFT] V_Compute: 28.611 V
[LIFT] V_Motors: 28.017 V
[LIFT] V_Compute: 28.609 V
[LIFT] V_Motors: 28.004 V
[LIFT] V_Compute: 28.615 V
[LIFT] V_Motors: 28.017 V
[LIFT] V_Compute: 28.610 V
[LIFT] V_Motors: 28.004 V
[LIFT] V_Compute: 28.630 V
[LIFT] V_Motors: 28.010 V
[LIFT] V_Compute: 28.611 V
[LIFT] V_Motors: 28.010 V
[LIFT] V_Compute: 28.589 V
[LIFT] V_Motors: 28.007 V
[LIFT] V_Compute: 28.624 V
[LIFT] V_Motors: 28.006 V
[LIFT] V_Compute: 28.654 V
[LIFT] V_Motors: 27.989 V
[LIFT] V_Compute: 28.624 V
[LIFT] V_Motors: 28.013 V
[LIFT] V_Compute: 28.594 V
[LIFT] V_Motors: 27.990 V
[LIFT] V_Compute: 28.614 V
[LIFT] V_Motors: 28.009 V
[LIFT] V_Compute: 28.612 V
[LIFT] V_Motors: 28.005 V
[LIFT] V_Compute: 28.612 V
[LIFT] V_Motors: 28.019 V
[LIFT] V_Compute: 28.610 V
[LIFT] V_Motors: 28.014 V
[LIFT] V_Compute: 28.603 V
[LIFT] V_Motors: 28.014 V
[LIFT] V_Compute: 28.607 V
[LIFT] V_Motors: 28.000 V
[LIFT] V_Compute: 28.630 V
[LIFT] V_Motors: 28.006 V
[LIFT] V_Compute: 28.625 V
[LIFT] V_Motors: 28.016 V
[LIFT] V_Compute: 28.606 V
[LIFT] V_Motors: 28.004 V
[LIFT] V_Compute: 28.610 V
[LIFT] V_Motors: 28.014 V
[LIFT] V_Compute: 28.610 V
[LIFT] V_Motors: 28.010 V
[LIFT] V_Compute: 28.619 V
[LIFT] V_Motors: 28.011 V
[LIFT] V_Compute: 28.614 V
[LIFT] V_Motors: 28.017 V
[LIFT] V_Compute: 28.619 V
[LIFT] V_Motors: 27.996 V
[LIFT] V_Compute: 28.599 V
[LIFT] V_Motors: 28.010 V
[LIFT] V_Compute: 28.620 V
[LIFT] V_Motors: 28.007 V
[LIFT] V_Compute: 28.604 V
[LIFT] V_Motors: 28.010 V
[LIFT] V_Compute: 28.574 V
[LIFT] V_Motors: 27.996 V
[LIFT] V_Compute: 28.624 V
[LIFT] V_Motors: 28.020 V
[LIFT] V_Compute: 28.606 V
[LIFT] V_Motors: 28.014 V
[LIFT] V_Compute: 28.614 V
[LIFT] V_Motors: 28.024 V
[LIFT] V_Compute: 28.618 V
[LIFT] V_Motors: 27.993 V
[LIFT] V_Compute: 28.621 V
[LIFT] V_Motors: 27.996 V
[LIFT] V_Compute: 28.634 V
[LIFT] V_Motors: 28.000 V
[LIFT] V_Compute: 28.604 V
[LIFT] V_Motors: 27.997 V
[LIFT] V_Compute: 28.595 V
[LIFT] V_Motors: 28.014 V
[LIFT] V_Compute: 28.600 V
[LIFT] V_Motors: 28.011 V
[LIFT] V_Compute: 28.599 V
[LIFT] V_Motors: 28.001 V
[LIFT] V_Compute: 28.632 V
[LIFT] V_Motors: 28.019 V
[LIFT] V_Compute: 28.621 V
[LIFT] V_Motors: 28.032 V
[LIFT] V_Compute: 28.624 V
[LIFT] V_Motors: 28.021 V
[LIFT] V_Compute: 28.612 V
[LIFT] V_Motors: 27.995 V
[LIFT] V_Compute: 28.631 V
[LIFT] V_Motors: 28.001 V
[LIFT] V_Compute: 28.609 V
[LIFT] V_Motors: 28.017 V
[LIFT] V_Compute: 28.629 V
[LIFT] V_Motors: 27.993 V
[LIFT] V_Compute: 28.611 V
[LIFT] V_Motors: 28.020 V
[LIFT] V_Compute: 28.619 V
[LIFT] V_Motors: 27.993 V
[LIFT] V_Compute: 28.606 V
[LIFT] V_Motors: 28.019 V
[LIFT] V_Compute: 28.629 V
[LIFT] V_Motors: 28.000 V
[LIFT] V_Compute: 28.606 V
[LIFT] V_Motors: 28.009 V
[LIFT] V_Compute: 28.626 V
[LIFT] V_Motors: 28.009 V
[LIFT] V_Compute: 28.628 V
[LIFT] V_Motors: 28.019 V
[LIFT] V_Compute: 28.624 V
[LIFT] V_Motors: 28.011 V
[LIFT] V_Compute: 28.625 V
[LIFT] V_Motors: 28.019 V
[LIFT] V_Compute: 28.606 V
[LIFT] V_Motors: 28.016 V
[LIFT] V_Compute: 28.618 V
[LIFT] V_Motors: 28.025 V
[LIFT] V_Compute: 28.614 V
[LIFT] V_Motors: 28.011 V
[LIFT] V_Compute: 28.606 V
[LIFT] V_Motors: 28.006 V
[LIFT] V_Compute: 28.606 V
[LIFT] V_Motors: 28.019 V
[LIFT] V_Compute: 28.614 V
[LIFT] V_Motors: 28.025 V
[LIFT] V_Compute: 28.629 V
[LIFT] V_Motors: 28.007 V
[LIFT] V_Compute: 28.610 V
[LIFT] V_Motors: 28.003 V
[LIFT] V_Compute: 28.599 V
[LIFT] V_Motors: 28.031 V
[LIFT] V_Compute: 28.622 V
[LIFT] V_Motors: 28.005 V
[LIFT] V_Compute: 28.641 V
[LIFT] V_Motors: 28.011 V
[LIFT] V_Compute: 28.619 V
[LIFT] V_Motors: 28.021 V
[LIFT] V_Compute: 28.619 V
[LIFT] V_Motors: 28.007 V
[LIFT] V_Compute: 28.622 V
[LIFT] V_Motors: 28.003 V
[LIFT] V_Compute: 28.612 V
[LIFT] V_Motors: 28.017 V
[LIFT] V_Compute: 28.628 V
[LIFT] V_Motors: 28.021 V
[LIFT] V_Compute: 28.611 V
[LIFT] V_Motors: 28.013 V
[LIFT] V_Compute: 28.622 V
[LIFT] V_Motors: 28.021 V
[LIFT] V_Compute: 28.612 V
[LIFT] V_Motors: 28.020 V
[LIFT] V_Compute: 28.614 V
[LIFT] V_Motors: 28.019 V
[LIFT] V_Compute: 28.615 V
[LIFT] V_Motors: 28.010 V
[LIFT] V_Compute: 28.620 V
[LIFT] V_Motors: 28.030 V
[LIFT] V_Compute: 28.620 V
[LIFT] V_Motors: 28.005 V
[LIFT] V_Compute: 28.628 V
[LIFT] V_Motors: 28.014 V
[LIFT] V_Compute: 28.607 V
[LIFT] V_Motors: 28.007 V
[LIFT] V_Compute: 28.619 V
[LIFT] V_Motors: 28.015 V
[LIFT] V_Compute: 28.619 V
[LIFT] V_Motors: 28.017 V
[LIFT] V_Compute: 28.620 V
[LIFT] V_Motors: 28.019 V
[LIFT] V_Compute: 28.635 V
[LIFT] V_Motors: 28.020 V
[LIFT] V_Compute: 28.610 V
[LIFT] V_Motors: 28.030 V
[LIFT] V_Compute: 28.625 V
[LIFT] V_Motors: 28.001 V
[LIFT] V_Compute: 28.626 V
[LIFT] V_Motors: 28.005 V
[LIFT] V_Compute: 28.593 V
[LIFT] V_Motors: 28.025 V
[LIFT] V_Compute: 28.647 V
[LIFT] V_Motors: 28.014 V
[LIFT] V_Compute: 28.610 V
[LIFT] V_Motors: 28.030 V
[LIFT] V_Compute: 28.618 V
[LIFT] V_Motors: 28.032 V
[LIFT] V_Compute: 28.634 V
[LIFT] V_Motors: 28.011 V
[LIFT] V_Compute: 28.631 V
[LIFT] V_Motors: 28.030 V
[LIFT] V_Compute: 28.630 V
[LIFT] V_Motors: 28.020 V
[LIFT] V_Compute: 28.593 V
[LIFT] V_Motors: 28.017 V
[LIFT] V_Compute: 28.625 V
[LIFT] V_Motors: 28.010 V
[LIFT] V_Compute: 28.610 V
[LIFT] V_Motors: 28.001 V
[LIFT] V_Compute: 28.615 V
[LIFT] V_Motors: 28.017 V
[LIFT] V_Compute: 28.624 V
[LIFT] V_Motors: 28.021 V
[LIFT] V_Compute: 28.593 V
[LIFT] V_Motors: 28.005 V
[LIFT] V_Compute: 28.630 V
[LIFT] V_Motors: 28.017 V
[LIFT] V_Compute: 28.615 V
[LIFT] V_Motors: 28.024 V
[LIFT] V_Compute: 28.620 V
[LIFT] V_Motors: 28.019 V
[LIFT] V_Compute: 28.619 V
[LIFT] V_Motors: 28.014 V
[LIFT] V_Compute: 28.611 V
[LIFT] V_Motors: 28.024 V
[LIFT] V_Compute: 28.601 V
[LIFT] V_Motors: 28.025 V
[LIFT] V_Compute: 28.611 V
[LIFT] V_Motors: 28.013 V
[LIFT] V_Compute: 28.618 V
[LIFT] V_Motors: 28.029 V
[LIFT] V_Compute: 28.609 V
[LIFT] V_Motors: 28.019 V
[LIFT] V_Compute: 28.621 V
[LIFT] V_Motors: 28.021 V
[LIFT] V_Compute: 28.621 V
[LIFT] V_Motors: 28.031 V
[LIFT] V_Compute: 28.619 V
[LIFT] V_Motors: 28.020 V
[LIFT] V_Compute: 28.628 V
[LIFT] V_Motors: 28.024 V
[LIFT] V_Compute: 28.615 V
[LIFT] V_Motors: 28.034 V
[LIFT] V_Compute: 28.620 V
[LIFT] V_Motors: 28.020 V
[LIFT] V_Compute: 28.620 V
[LIFT] V_Motors: 28.021 V
[LIFT] V_Compute: 28.604 V
[LIFT] V_Motors: 28.031 V
[LIFT] V_Compute: 28.626 V
[LIFT] V_Motors: 28.025 V
[LIFT] V_Compute: 28.628 V
[LIFT] V_Motors: 28.022 V
[LIFT] V_Compute: 28.607 V
[LIFT] V_Motors: 28.024 V
[LIFT] V_Compute: 28.614 V
[LIFT] V_Motors: 28.021 V
[LIFT] V_Compute: 28.618 V
[LIFT] V_Motors: 28.025 V
[LIFT] V_Compute: 28.626 V
[LIFT] V_Motors: 28.016 V
[LIFT] V_Compute: 28.619 V
[LIFT] V_Motors: 28.030 V
[LIFT] V_Compute: 28.618 V
[LIFT] V_Motors: 28.029 V
[LIFT] V_Compute: 28.603 V
[LIFT] V_Motors: 28.013 V
[LIFT] V_Compute: 28.630 V
[LIFT] V_Motors: 28.027 V
[LIFT] V_Compute: 28.634 V
[LIFT] V_Motors: 28.007 V
[LIFT] V_Compute: 28.615 V
[LIFT] V_Motors: 28.022 V
[LIFT] V_Compute: 28.626 V
[LIFT] V_Motors: 28.030 V
[LIFT] V_Compute: 28.618 V
[LIFT] V_Motors: 28.011 V
[LIFT] V_Compute: 28.622 V
[LIFT] V_Motors: 28.034 V
[LIFT] V_Compute: 28.607 V
[LIFT] V_Motors: 28.032 V
[LIFT] V_Compute: 28.615 V
[LIFT] V_Motors: 28.021 V
[LIFT] V_Compute: 28.628 V
[LIFT] V_Motors: 28.040 V
[LIFT] V_Compute: 28.649 V
[LIFT] V_Motors: 28.007 V
[LIFT] V_Compute: 28.619 V
[LIFT] V_Motors: 28.031 V
[LIFT] V_Compute: 28.605 V
[LIFT] V_Motors: 28.021 V
[LIFT] V_Compute: 28.604 V
[LIFT] V_Motors: 28.021 V
[LIFT] V_Compute: 28.628 V
[LIFT] V_Motors: 28.024 V
[LIFT] V_Compute: 28.610 V
[LIFT] V_Motors: 28.029 V
[LIFT] V_Compute: 28.620 V
[LIFT] V_Motors: 28.030 V
[LIFT] V_Compute: 28.634 V
[LIFT] V_Motors: 28.026 V
[LIFT] V_Compute: 28.639 V
[LIFT] V_Motors: 28.029 V
[LIFT] V_Compute: 28.621 V
[LIFT] V_Motors: 28.015 V
[LIFT] V_Compute: 28.605 V
[LIFT] V_Motors: 28.013 V
[LIFT] V_Compute: 28.614 V
[LIFT] V_Motors: 28.029 V
[LIFT] V_Compute: 28.625 V
[LIFT] V_Motors: 28.020 V
[LIFT] V_Compute: 28.631 V
[LIFT] V_Motors: 28.032 V
[LIFT] V_Compute: 28.638 V
[LIFT] V_Motors: 28.030 V
[LIFT] V_Compute: 28.632 V
[LIFT] V_Motors: 28.032 V
[LIFT] V_Compute: 28.638 V
[LIFT] V_Motors: 28.048 V
[LIFT] V_Compute: 28.619 V
[LIFT] V_Motors: 28.035 V
[LIFT] V_Compute: 28.607 V
[LIFT] V_Motors: 28.021 V
[LIFT] V_Compute: 28.628 V
[LIFT] V_Motors: 28.025 V
[LIFT] V_Compute: 28.599 V
[LIFT] V_Motors: 28.032 V
[LIFT] V_Compute: 28.636 V
[LIFT] V_Motors: 28.021 V
[LIFT] V_Compute: 28.626 V
[LIFT] V_Motors: 28.032 V
[LIFT] V_Compute: 28.609 V
[LIFT] V_Motors: 28.036 V
[LIFT] V_Compute: 28.625 V
[LIFT] V_Motors: 28.024 V
[LIFT] V_Compute: 28.593 V
[LIFT] V_Motors: 28.011 V
[LIFT] V_Compute: 28.611 V
[LIFT] V_Motors: 28.017 V
[LIFT] V_Compute: 28.594 V
[LIFT] V_Motors: 28.013 V
[LIFT] V_Compute: 28.605 V
[LIFT] V_Motors: 28.020 V
[LIFT] V_Compute: 28.600 V
[LIFT] V_Motors: 28.010 V
[LIFT] V_Compute: 28.589 V
[LIFT] V_Motors: 27.993 V
[LIFT] V_Compute: 28.590 V
[LIFT] V_Motors: 28.020 V
[LIFT] V_Compute: 28.611 V
[LIFT] V_Motors: 28.014 V
[LIFT] V_Compute: 28.621 V
[LIFT] V_Motors: 28.013 V
[LIFT] V_Compute: 28.612 V
[LIFT] V_Motors: 28.034 V
[LIFT] V_Compute: 28.576 V
[LIFT] V_Motors: 28.009 V
[LIFT] V_Compute: 28.580 V
[LIFT] V_Motors: 28.013 V
[LIFT] V_Compute: 28.635 V
[LIFT] V_Motors: 28.014 V
[LIFT] V_Compute: 28.594 V
[LIFT] V_Motors: 28.005 V
[LIFT] V_Compute: 28.626 V
[LIFT] V_Motors: 28.015 V
[LIFT] V_Compute: 28.590 V
[LIFT] V_Motors: 28.001 V
[LIFT] V_Compute: 28.604 V
[LIFT] V_Motors: 28.011 V
[LIFT] V_Compute: 28.610 V
[LIFT] V_Motors: 28.016 V
[LIFT] V_Compute: 28.603 V
[LIFT] V_Motors: 28.003 V
[LIFT] V_Compute: 28.600 V
[LIFT] V_Motors: 28.015 V
[LIFT] V_Compute: 28.611 V
[LIFT] V_Motors: 28.034 V
[LIFT] V_Compute: 28.611 V
[LIFT] V_Motors: 28.040 V
[LIFT] V_Compute: 28.594 V
[LIFT] V_Motors: 28.038 V
[LIFT] V_Compute: 28.612 V
[LIFT] V_Motors: 27.999 V
[LIFT] V_Compute: 28.612 V
[LIFT] V_Motors: 28.000 V
[LIFT] V_Compute: 28.616 V
[LIFT] V_Motors: 28.017 V
[LIFT] V_Compute: 28.607 V
[LIFT] V_Motors: 27.995 V
[LIFT] V_Compute: 28.610 V
[LIFT] V_Motors: 28.027 V
[LIFT] V_Compute: 28.590 V
[LIFT] V_Motors: 28.006 V
[LIFT] V_Compute: 28.596 V
[LIFT] V_Motors: 28.009 V
[LIFT] V_Compute: 28.616 V
[LIFT] V_Motors: 28.010 V
[LIFT] V_Compute: 28.605 V
[LIFT] V_Motors: 28.021 V
[LIFT] V_Compute: 28.625 V
[LIFT] V_Motors: 28.021 V
[LIFT] V_Compute: 28.597 V
[LIFT] V_Motors: 28.036 V
[LIFT] V_Compute: 28.600 V
[LIFT] V_Motors: 28.016 V
[LIFT] V_Compute: 28.604 V
[LIFT] V_Motors: 28.021 V
[LIFT] V_Compute: 28.609 V
[LIFT] V_Motors: 28.030 V
[LIFT] V_Compute: 28.597 V
[LIFT] V_Motors: 28.006 V
[LIFT] V_Compute: 28.625 V
[LIFT] V_Motors: 28.020 V
[LIFT] V_Compute: 28.615 V
[LIFT] V_Motors: 28.019 V
[LIFT] V_Compute: 28.615 V
[LIFT] V_Motors: 28.010 V
[LIFT] V_Compute: 28.614 V
[LIFT] V_Motors: 28.026 V
[LIFT] V_Compute: 28.621 V
[LIFT] V_Motors: 28.034 V
[LIFT] V_Compute: 28.597 V
[LIFT] V_Motors: 28.004 V
[LIFT] V_Compute: 28.615 V
[LIFT] V_Motors: 28.027 V
[LIFT] V_Compute: 28.606 V
[LIFT] V_Motors: 28.011 V
[LIFT] V_Compute: 28.597 V
[LIFT] V_Motors: 28.021 V
[LIFT] V_Compute: 28.631 V
[LIFT] V_Motors: 28.034 V
[LIFT] V_Compute: 28.621 V
[LIFT] V_Motors: 28.015 V
[LIFT] V_Compute: 28.615 V
[LIFT] V_Motors: 28.030 V
[LIFT] V_Compute: 28.607 V
[LIFT] V_Motors: 28.032 V
[LIFT] V_Compute: 28.620 V
[LIFT] V_Motors: 28.015 V
[LIFT] V_Compute: 28.615 V
[LIFT] V_Motors: 28.024 V
[LIFT] V_Compute: 28.624 V
[LIFT] V_Motors: 28.029 V
[LIFT] V_Compute: 28.621 V
[LIFT] V_Motors: 28.020 V
[LIFT] V_Compute: 28.616 V
[LIFT] V_Motors: 28.021 V
[LIFT] V_Compute: 28.629 V
[LIFT] V_Motors: 28.026 V
[LIFT] V_Compute: 28.621 V
[LIFT] V_Motors: 28.016 V
[LIFT] V_Compute: 28.615 V
[LIFT] V_Motors: 28.022 V
[LIFT] V_Compute: 28.619 V
[LIFT] V_Motors: 28.022 V
[LIFT] V_Compute: 28.609 V
[LIFT] V_Motors: 28.030 V
[LIFT] V_Compute: 28.620 V
[LIFT] V_Motors: 28.035 V
[LIFT] V_Compute: 28.636 V
[LIFT] V_Motors: 28.027 V
[LIFT] V_Compute: 28.631 V
[LIFT] V_Motors: 28.021 V
[LIFT] V_Compute: 28.615 V
[LIFT] V_Motors: 28.027 V
[LIFT] V_Compute: 28.636 V
[LIFT] V_Motors: 28.016 V
[LIFT] V_Compute: 28.650 V
[LIFT] V_Motors: 28.042 V
[LIFT] V_Compute: 28.625 V
[LIFT] V_Motors: 28.007 V
[LIFT] V_Compute: 28.587 V
[LIFT] V_Motors: 28.015 V
[LIFT] V_Compute: 28.603 V
[LIFT] V_Motors: 28.026 V
[LIFT] V_Compute: 28.618 V
[LIFT] V_Motors: 28.013 V
[LIFT] V_Compute: 28.629 V
[LIFT] V_Motors: 28.025 V
[LIFT] V_Compute: 28.619 V
[LIFT] V_Motors: 28.034 V
[LIFT] V_Compute: 28.630 V
[LIFT] V_Motors: 28.044 V
[LIFT] V_Compute: 28.622 V
[LIFT] V_Motors: 28.025 V
[LIFT] V_Compute: 28.635 V
[LIFT] V_Motors: 28.020 V
[LIFT] V_Compute: 28.651 V
[LIFT] V_Motors: 28.042 V
[LIFT] V_Compute: 28.649 V
[LIFT] V_Motors: 28.032 V
[LIFT] V_Compute: 28.636 V
[LIFT] V_Motors: 28.029 V
[LIFT] V_Compute: 28.625 V
[LIFT] V_Motors: 28.034 V
[LIFT] V_Compute: 28.635 V
[LIFT] V_Motors: 28.038 V
[LIFT] V_Compute: 28.640 V
[LIFT] V_Motors: 28.039 V
[LIFT] V_Compute: 28.640 V
[LIFT] V_Motors: 28.046 V
[LIFT] V_Compute: 28.620 V
[LIFT] V_Motors: 28.046 V
[LIFT] V_Compute: 28.622 V
[LIFT] V_Motors: 28.034 V
[LIFT] V_Compute: 28.644 V
[LIFT] V_Motors: 28.031 V
[LIFT] V_Compute: 28.626 V
[LIFT] V_Motors: 28.038 V
[LIFT] V_Compute: 28.630 V
[LIFT] V_Motors: 28.042 V
[LIFT] V_Compute: 28.647 V
[LIFT] V_Motors: 28.048 V
[LIFT] V_Compute: 28.620 V
[LIFT] V_Motors: 28.036 V
[LIFT] V_Compute: 28.651 V
[LIFT] V_Motors: 28.039 V
[LIFT] V_Compute: 28.629 V
[LIFT] V_Motors: 28.036 V
[LIFT] V_Compute: 28.625 V
[LIFT] V_Motors: 28.044 V
[LIFT] V_Compute: 28.615 V
[LIFT] V_Motors: 28.035 V
[LIFT] V_Compute: 28.640 V
[LIFT] V_Motors: 28.042 V
[LIFT] V_Compute: 28.620 V
[LIFT] V_Motors: 28.038 V
[LIFT] V_Compute: 28.622 V
[LIFT] V_Motors: 28.039 V
[LIFT] V_Compute: 28.635 V
[LIFT] V_Motors: 28.039 V
[LIFT] V_Compute: 28.629 V
[LIFT] V_Motors: 28.036 V
[LIFT] V_Compute: 28.638 V
[LIFT] V_Motors: 28.044 V
[LIFT] V_Compute: 28.634 V
[LIFT] V_Motors: 28.040 V
[LIFT] V_Compute: 28.628 V
[LIFT] V_Motors: 28.039 V
[LIFT] V_Compute: 28.622 V
[LIFT] V_Motors: 28.048 V
[LIFT] V_Compute: 28.650 V
[LIFT] V_Motors: 28.040 V
[LIFT] V_Compute: 28.635 V
[LIFT] V_Motors: 28.039 V
[LIFT] V_Compute: 28.641 V
[LIFT] V_Motors: 28.036 V
[LIFT] V_Compute: 28.638 V
[LIFT] V_Motors: 28.041 V
[LIFT] V_Compute: 28.621 V
[LIFT] V_Motors: 28.038 V
[LIFT] V_Compute: 28.629 V
[LIFT] V_Motors: 28.031 V
[LIFT] V_Compute: 28.636 V
[LIFT] V_Motors: 28.046 V
[LIFT] V_Compute: 28.646 V
[LIFT] V_Motors: 28.041 V
[LIFT] V_Compute: 28.639 V
[LIFT] V_Motors: 28.045 V
[LIFT] V_Compute: 28.630 V
[LIFT] V_Motors: 28.055 V
[LIFT] V_Compute: 28.632 V
[LIFT] V_Motors: 28.034 V
[LIFT] V_Compute: 28.644 V
[LIFT] V_Motors: 28.038 V
[LIFT] V_Compute: 28.621 V
[LIFT] V_Motors: 28.044 V
[LIFT] V_Compute: 28.647 V
[LIFT] V_Motors: 28.050 V
[LIFT] V_Compute: 28.614 V
[LIFT] V_Motors: 28.041 V
[LIFT] V_Compute: 28.638 V
[LIFT] V_Motors: 28.040 V
[LIFT] V_Compute: 28.624 V
[LIFT] V_Motors: 28.044 V
[LIFT] V_Compute: 28.636 V
[LIFT] V_Motors: 28.044 V
[LIFT] V_Compute: 28.631 V
[LIFT] V_Motors: 28.040 V
[LIFT] V_Compute: 28.631 V
[LIFT] V_Motors: 28.031 V
[LIFT] V_Compute: 28.655 V
[LIFT] V_Motors: 28.042 V
[LIFT] V_Compute: 28.664 V
[LIFT] V_Motors: 28.041 V
[LIFT] V_Compute: 28.619 V
[LIFT] V_Motors: 28.061 V
[LIFT] V_Compute: 28.665 V
[LIFT] V_Motors: 28.051 V
[LIFT] V_Compute: 28.640 V
[LIFT] V_Motors: 28.040 V
[LIFT] V_Compute: 28.636 V
[LIFT] V_Motors: 28.041 V
[LIFT] V_Compute: 28.620 V
[LIFT] V_Motors: 28.046 V
[LIFT] V_Compute: 28.657 V
[LIFT] V_Motors: 28.040 V
[LIFT] V_Compute: 28.640 V
[LIFT] V_Motors: 28.046 V
[LIFT] V_Compute: 28.622 V
[LIFT] V_Motors: 28.048 V
[LIFT] V_Compute: 28.639 V
[LIFT] V_Motors: 28.046 V
[LIFT] V_Compute: 28.635 V
[LIFT] V_Motors: 28.039 V
[LIFT] V_Compute: 28.629 V
[LIFT] V_Motors: 28.042 V
[LIFT] V_Compute: 28.651 V
[LIFT] V_Motors: 28.045 V
[LIFT] V_Compute: 28.636 V
[LIFT] V_Motors: 28.051 V
[LIFT] V_Compute: 28.641 V
[LIFT] V_Motors: 28.052 V
[LIFT] V_Compute: 28.657 V
[LIFT] V_Motors: 28.052 V
[LIFT] V_Compute: 28.644 V
[LIFT] V_Motors: 28.048 V
[LIFT] V_Compute: 28.642 V
[LIFT] V_Motors: 28.056 V
[LIFT] V_Compute: 28.636 V
[LIFT] V_Motors: 28.051 V
[LIFT] V_Compute: 28.624 V
[LIFT] V_Motors: 28.041 V
[LIFT] V_Compute: 28.644 V
[LIFT] V_Motors: 28.034 V
[LIFT] V_Compute: 28.656 V
[LIFT] V_Motors: 28.044 V
[LIFT] V_Compute: 28.661 V
[LIFT] V_Motors: 28.049 V
[LIFT] V_Compute: 28.657 V
[LIFT] V_Motors: 28.044 V
[LIFT] V_Compute: 28.635 V
[LIFT] V_Motors: 28.045 V
[LIFT] V_Compute: 28.639 V
[LIFT] V_Motors: 28.045 V
[LIFT] V_Compute: 28.655 V
[LIFT] V_Motors: 28.059 V
[LIFT] V_Compute: 28.642 V
[LIFT] V_Motors: 28.049 V
[LIFT] V_Compute: 28.640 V
[LIFT] V_Motors: 28.048 V
[LIFT] V_Compute: 28.605 V
[LIFT] V_Motors: 28.046 V
[LIFT] V_Compute: 28.636 V
[LIFT] V_Motors: 28.045 V
[LIFT] V_Compute: 28.630 V
[LIFT] V_Motors: 28.045 V
[LIFT] V_Compute: 28.628 V
[LIFT] V_Motors: 28.048 V
[LIFT] V_Compute: 28.626 V
[LIFT] V_Motors: 28.042 V
[LIFT] V_Compute: 28.651 V
[LIFT] V_Motors: 28.052 V
[LIFT] V_Compute: 28.635 V
[LIFT] V_Motors: 28.055 V
[LIFT] V_Compute: 28.631 V
[LIFT] V_Motors: 28.059 V
[LIFT] V_Compute: 28.651 V
[LIFT] V_Motors: 28.062 V
[LIFT] V_Compute: 28.650 V
[LIFT] V_Motors: 28.058 V
[LIFT] V_Compute: 28.616 V
[LIFT] V_Motors: 28.056 V
[LIFT] V_Compute: 28.647 V
[LIFT] V_Motors: 28.049 V
[LIFT] V_Compute: 28.635 V
[LIFT] V_Motors: 28.052 V
[LIFT] V_Compute: 28.631 V
[LIFT] V_Motors: 28.066 V
[LIFT] V_Compute: 28.626 V
[LIFT] V_Motors: 28.059 V
[LIFT] V_Compute: 28.626 V
[LIFT] V_Motors: 28.048 V
[LIFT] V_Compute: 28.624 V
[LIFT] V_Motors: 28.054 V
[LIFT] V_Compute: 28.642 V
[LIFT] V_Motors: 28.039 V
[LIFT] V_Compute: 28.626 V
[LIFT] V_Motors: 28.055 V
[LIFT] V_Compute: 28.656 V
[LIFT] V_Motors: 28.040 V
[LIFT] V_Compute: 28.642 V
[LIFT] V_Motors: 28.048 V
[LIFT] V_Compute: 28.646 V
[LIFT] V_Motors: 28.048 V
[LIFT] V_Compute: 28.631 V
[LIFT] V_Motors: 28.065 V
[LIFT] V_Compute: 28.656 V
[LIFT] V_Motors: 28.052 V
[LIFT] V_Compute: 28.634 V
[LIFT] V_Motors: 28.059 V
[LIFT] V_Compute: 28.634 V
[LIFT] V_Motors: 28.044 V
[LIFT] V_Compute: 28.670 V
[LIFT] V_Motors: 28.067 V
[LIFT] V_Compute: 28.628 V
[LIFT] V_Motors: 28.041 V
[LIFT] V_Compute: 28.673 V
[LIFT] V_Motors: 28.049 V
[LIFT] V_Compute: 28.631 V
[LIFT] V_Motors: 28.042 V
[LIFT] V_Compute: 28.619 V
[LIFT] V_Motors: 28.041 V
[LIFT] V_Compute: 28.634 V
[LIFT] V_Motors: 28.046 V
[LIFT] V_Compute: 28.651 V
[LIFT] V_Motors: 28.049 V
[LIFT] V_Compute: 28.649 V
[LIFT] V_Motors: 28.048 V
[LIFT] V_Compute: 28.656 V
[LIFT] V_Motors: 28.060 V
[LIFT] V_Compute: 28.646 V
[LIFT] V_Motors: 28.050 V
[LIFT] V_Compute: 28.631 V
[LIFT] V_Motors: 28.049 V
[LIFT] V_Compute: 28.649 V
[LIFT] V_Motors: 28.050 V
[LIFT] V_Compute: 28.644 V
[LIFT] V_Motors: 28.055 V
[LIFT] V_Compute: 28.670 V
[LIFT] V_Motors: 28.055 V
[LIFT] V_Compute: 28.642 V
[LIFT] V_Motors: 28.036 V
[LIFT] V_Compute: 28.642 V
[LIFT] V_Motors: 28.054 V
[LIFT] V_Compute: 28.604 V
[LIFT] V_Motors: 28.038 V
[LIFT] V_Compute: 28.630 V
[LIFT] V_Motors: 28.039 V
[LIFT] V_Compute: 28.641 V
[LIFT] V_Motors: 28.056 V
[LIFT] V_Compute: 28.650 V
[LIFT] V_Motors: 28.029 V
[LIFT] V_Compute: 28.664 V
[LIFT] V_Motors: 28.055 V
[LIFT] V_Compute: 28.644 V
[LIFT] V_Motors: 28.050 V
[LIFT] V_Compute: 28.638 V
[LIFT] V_Motors: 28.040 V
[LIFT] V_Compute: 28.624 V
[LIFT] V_Motors: 28.049 V
[LIFT] V_Compute: 28.650 V
[LIFT] V_Motors: 28.052 V
[LIFT] V_Compute: 28.621 V
[LIFT] V_Motors: 28.051 V
[LIFT] V_Compute: 28.639 V
[LIFT] V_Motors: 28.060 V
[LIFT] V_Compute: 28.638 V
[LIFT] V_Motors: 28.054 V
[LIFT] V_Compute: 28.639 V
[LIFT] V_Motors: 28.056 V
[LIFT] V_Compute: 28.630 V
[LIFT] V_Motors: 28.045 V
[LIFT] V_Compute: 28.600 V
[LIFT] V_Motors: 28.058 V
[LIFT] V_Compute: 28.638 V
[LIFT] V_Motors: 28.054 V
[LIFT] V_Compute: 28.641 V
[LIFT] V_Motors: 28.054 V
[LIFT] V_Compute: 28.657 V
[LIFT] V_Motors: 28.059 V
[LIFT] V_Compute: 28.649 V
[LIFT] V_Motors: 28.055 V
[LIFT] V_Compute: 28.675 V
[LIFT] V_Motors: 28.056 V
[LIFT] V_Compute: 28.632 V
[LIFT] V_Motors: 28.059 V
[LIFT] V_Compute: 28.647 V
[LIFT] V_Motors: 28.059 V
[LIFT] V_Compute: 28.646 V
[LIFT] V_Motors: 28.067 V
[LIFT] V_Compute: 28.644 V
[LIFT] V_Motors: 28.060 V
[LIFT] V_Compute: 28.644 V
[LIFT] V_Motors: 28.061 V
[LIFT] V_Compute: 28.644 V
[LIFT] V_Motors: 28.050 V
[LIFT] V_Compute: 28.642 V
[LIFT] V_Motors: 28.055 V
[LIFT] V_Compute: 28.642 V
[LIFT] V_Motors: 28.060 V
[LIFT] V_Compute: 28.640 V
[LIFT] V_Motors: 28.056 V
[LIFT] V_Compute: 28.638 V
[LIFT] V_Motors: 28.056 V
[LIFT] V_Compute: 28.661 V
[LIFT] V_Motors: 28.056 V
[LIFT] V_Compute: 28.628 V
[LIFT] V_Motors: 28.059 V
[LIFT] V_Compute: 28.642 V
[LIFT] V_Motors: 28.069 V
[LIFT] V_Compute: 28.640 V
[LIFT] V_Motors: 28.066 V
[LIFT] V_Compute: 28.657 V
[LIFT] V_Motors: 28.061 V
[LIFT] V_Compute: 28.659 V
[LIFT] V_Motors: 28.041 V
[LIFT] V_Compute: 28.634 V
[LIFT] V_Motors: 28.064 V
[LIFT] V_Compute: 28.638 V
[LIFT] V_Motors: 28.056 V
[LIFT] V_Compute: 28.635 V
[LIFT] V_Motors: 28.064 V
[LIFT] V_Compute: 28.629 V
[LIFT] V_Motors: 28.054 V
[LIFT] V_Compute: 28.638 V
[LIFT] V_Motors: 28.058 V
[LIFT] V_Compute: 28.631 V
[LIFT] V_Motors: 28.039 V
[LIFT] V_Compute: 28.644 V
[LIFT] V_Motors: 28.056 V
[LIFT] V_Compute: 28.645 V
[LIFT] V_Motors: 28.080 V
[LIFT] V_Compute: 28.645 V
[LIFT] V_Motors: 28.045 V
[LIFT] V_Compute: 28.659 V
[LIFT] V_Motors: 28.052 V
[LIFT] V_Compute: 28.640 V
[LIFT] V_Motors: 28.060 V
[LIFT] V_Compute: 28.642 V
[LIFT] V_Motors: 28.070 V
[LIFT] V_Compute: 28.632 V
[LIFT] V_Motors: 28.058 V
[LIFT] V_Compute: 28.666 V
[LIFT] V_Motors: 28.046 V
[LIFT] V_Compute: 28.638 V
[LIFT] V_Motors: 28.050 V
[LIFT] V_Compute: 28.636 V
[LIFT] V_Motors: 28.060 V
[LIFT] V_Compute: 28.642 V
[LIFT] V_Motors: 28.067 V
[LIFT] V_Compute: 28.634 V
[LIFT] V_Motors: 28.067 V
[LIFT] V_Compute: 28.636 V
[LIFT] V_Motors: 28.041 V
[LIFT] V_Compute: 28.656 V
[LIFT] V_Motors: 28.052 V
[LIFT] V_Compute: 28.663 V
[LIFT] V_Motors: 28.059 V
[LIFT] V_Compute: 28.631 V
[LIFT] V_Motors: 28.066 V
[LIFT] V_Compute: 28.640 V
[LIFT] V_Motors: 28.052 V
[LIFT] V_Compute: 28.655 V
[LIFT] V_Motors: 28.052 V
[LIFT] V_Compute: 28.657 V
[LIFT] V_Motors: 28.058 V
[LIFT] V_Compute: 28.649 V
[LIFT] V_Motors: 28.051 V
[LIFT] V_Compute: 28.635 V
[LIFT] V_Motors: 28.067 V
[LIFT] V_Compute: 28.657 V
[LIFT] V_Motors: 28.067 V
[LIFT] V_Compute: 28.654 V
[LIFT] V_Motors: 28.069 V
[LIFT] V_Compute: 28.634 V
[LIFT] V_Motors: 28.056 V
[LIFT] V_Compute: 28.634 V
[LIFT] V_Motors: 28.050 V
[LIFT] V_Compute: 28.654 V
[LIFT] V_Motors: 28.067 V
[LIFT] V_Compute: 28.671 V
[LIFT] V_Motors: 28.045 V
[LIFT] V_Compute: 28.632 V
[LIFT] V_Motors: 28.075 V
[LIFT] V_Compute: 28.665 V
[LIFT] V_Motors: 28.067 V
[LIFT] V_Compute: 28.646 V
[LIFT] V_Motors: 28.045 V
[LIFT] V_Compute: 28.638 V
[LIFT] V_Motors: 28.065 V
[LIFT] V_Compute: 28.663 V
[LIFT] V_Motors: 28.062 V
[LIFT] V_Compute: 28.635 V
[LIFT] V_Motors: 28.061 V
[LIFT] V_Compute: 28.644 V
[LIFT] V_Motors: 28.055 V
[LIFT] V_Compute: 28.638 V
[LIFT] V_Motors: 28.074 V
[LIFT] V_Compute: 28.651 V
[LIFT] V_Motors: 28.062 V
[LIFT] V_Compute: 28.655 V
[LIFT] V_Motors: 28.048 V
[LIFT] V_Compute: 28.618 V
[LIFT] V_Motors: 28.065 V
[LIFT] V_Compute: 28.610 V
[LIFT] V_Motors: 28.066 V
[LIFT] V_Compute: 28.618 V
[LIFT] V_Motors: 28.055 V
[LIFT] V_Compute: 28.645 V
[LIFT] V_Motors: 28.070 V
[LIFT] V_Compute: 28.647 V
[LIFT] V_Motors: 28.070 V
[LIFT] V_Compute: 28.680 V
[LIFT] V_Motors: 28.077 V
[LIFT] V_Compute: 28.691 V
[LIFT] V_Motors: 28.060 V
[LIFT] V_Compute: 28.651 V
[LIFT] V_Motors: 28.064 V
[LIFT] V_Compute: 28.669 V
[LIFT] V_Motors: 28.072 V
[LIFT] V_Compute: 28.664 V
[LIFT] V_Motors: 28.066 V
[LIFT] V_Compute: 28.629 V
[LIFT] V_Motors: 28.059 V
[LIFT] V_Compute: 28.645 V
[LIFT] V_Motors: 28.065 V
[LIFT] V_Compute: 28.640 V
[LIFT] V_Motors: 28.074 V
[LIFT] V_Compute: 28.661 V
[LIFT] V_Motors: 28.067 V
[LIFT] V_Compute: 28.661 V
[LIFT] V_Motors: 28.072 V
[LIFT] V_Compute: 28.645 V
[LIFT] V_Motors: 28.069 V
[LIFT] V_Compute: 28.644 V
[LIFT] V_Motors: 28.066 V
[LIFT] V_Compute: 28.656 V
[LIFT] V_Motors: 28.070 V
[LIFT] V_Compute: 28.646 V
[LIFT] V_Motors: 28.060 V
[LIFT] V_Compute: 28.629 V
[LIFT] V_Motors: 28.080 V
[LIFT] V_Compute: 28.635 V
[LIFT] V_Motors: 28.049 V
[LIFT] V_Compute: 28.645 V
[LIFT] V_Motors: 28.067 V
[LIFT] V_Compute: 28.650 V
[LIFT] V_Motors: 28.074 V
[LIFT] V_Compute: 28.629 V
[LIFT] V_Motors: 28.071 V
[LIFT] V_Compute: 28.667 V
[LIFT] V_Motors: 28.074 V
[LIFT] V_Compute: 28.642 V
[LIFT] V_Motors: 28.085 V
[LIFT] V_Compute: 28.635 V
[LIFT] V_Motors: 28.091 V
[LIFT] V_Compute: 28.638 V
[LIFT] V_Motors: 28.061 V
[LIFT] V_Compute: 28.666 V
[LIFT] V_Motors: 28.071 V
[LIFT] V_Compute: 28.630 V
[LIFT] V_Motors: 28.059 V
[LIFT] V_Compute: 28.660 V
[LIFT] V_Motors: 28.074 V
[LIFT] V_Compute: 28.642 V
[LIFT] V_Motors: 28.050 V
[LIFT] V_Compute: 28.652 V
[LIFT] V_Motors: 28.076 V
[LIFT] V_Compute: 28.649 V
[LIFT] V_Motors: 28.075 V
[LIFT] V_Compute: 28.651 V
[LIFT] V_Motors: 28.062 V
[LIFT] V_Compute: 28.655 V
[LIFT] V_Motors: 28.065 V
[LIFT] V_Compute: 28.654 V
[LIFT] V_Motors: 28.076 V
[LIFT] V_Compute: 28.641 V
[LIFT] V_Motors: 28.064 V
[LIFT] V_Compute: 28.649 V
[LIFT] V_Motors: 28.070 V
[LIFT] V_Compute: 28.663 V
[LIFT] V_Motors: 28.076 V
[LIFT] V_Compute: 28.636 V
[LIFT] V_Motors: 28.077 V
[LIFT] V_Compute: 28.680 V
[LIFT] V_Motors: 28.071 V
[LIFT] V_Compute: 28.647 V
[LIFT] V_Motors: 28.069 V
[LIFT] V_Compute: 28.675 V
[LIFT] V_Motors: 28.071 V
[LIFT] V_Compute: 28.634 V
[LIFT] V_Motors: 28.069 V
[LIFT] V_Compute: 28.654 V
[LIFT] V_Motors: 28.071 V
[LIFT] V_Compute: 28.646 V
[LIFT] V_Motors: 28.060 V
[LIFT] V_Compute: 28.629 V
[LIFT] V_Motors: 28.062 V
[LIFT] V_Compute: 28.651 V
[LIFT] V_Motors: 28.061 V
[LIFT] V_Compute: 28.657 V
[LIFT] V_Motors: 28.065 V
[LIFT] V_Compute: 28.638 V
[LIFT] V_Motors: 28.096 V
[LIFT] V_Compute: 28.639 V
[LIFT] V_Motors: 28.076 V
[LIFT] V_Compute: 28.629 V
[LIFT] V_Motors: 28.085 V
[LIFT] V_Compute: 28.620 V
[LIFT] V_Motors: 28.081 V
[LIFT] V_Compute: 28.657 V
[LIFT] V_Motors: 28.071 V
[LIFT] V_Compute: 28.659 V
[LIFT] V_Motors: 28.067 V
[LIFT] V_Compute: 28.641 V
[LIFT] V_Motors: 28.062 V
[LIFT] V_Compute: 28.641 V
[LIFT] V_Motors: 28.079 V
[LIFT] V_Compute: 28.638 V
[LIFT] V_Motors: 28.058 V
[LIFT] V_Compute: 28.652 V
[LIFT] V_Motors: 28.069 V
[LIFT] V_Compute: 28.656 V
[LIFT] V_Motors: 28.079 V
[LIFT] V_Compute: 28.638 V
[LIFT] V_Motors: 28.065 V
[LIFT] V_Compute: 28.646 V
[LIFT] V_Motors: 28.065 V
[LIFT] V_Compute: 28.680 V
[LIFT] V_Motors: 28.071 V
[LIFT] V_Compute: 28.673 V
[LIFT] V_Motors: 28.071 V
[LIFT] V_Compute: 28.650 V
[LIFT] V_Motors: 28.050 V
[LIFT] V_Compute: 28.647 V
[LIFT] V_Motors: 28.085 V
[LIFT] V_Compute: 28.657 V
[LIFT] V_Motors: 28.086 V
[LIFT] V_Compute: 28.644 V
[LIFT] V_Motors: 28.076 V
[LIFT] V_Compute: 28.655 V
[LIFT] V_Motors: 28.079 V
[LIFT] V_Compute: 28.660 V
[LIFT] V_Motors: 28.069 V
[LIFT] V_Compute: 28.624 V
[LIFT] V_Motors: 28.075 V
[LIFT] V_Compute: 28.638 V
[LIFT] V_Motors: 28.087 V
[LIFT] V_Compute: 28.647 V
[LIFT] V_Motors: 28.069 V
[LIFT] V_Compute: 28.665 V
[LIFT] V_Motors: 28.072 V
[LIFT] V_Compute: 28.638 V
[LIFT] V_Motors: 28.074 V
[LIFT] V_Compute: 28.652 V
[LIFT] V_Motors: 28.086 V
[LIFT] V_Compute: 28.642 V
[LIFT] V_Motors: 28.065 V
[LIFT] V_Compute: 28.641 V
[LIFT] V_Motors: 28.077 V
[LIFT] V_Compute: 28.645 V
[LIFT] V_Motors: 28.087 V
[LIFT] V_Compute: 28.671 V
[LIFT] V_Motors: 28.045 V
[LIFT] V_Compute: 28.641 V
[LIFT] V_Motors: 28.072 V
[LIFT] V_Compute: 28.664 V
[LIFT] V_Motors: 28.070 V
[LIFT] V_Compute: 28.640 V
[LIFT] V_Motors: 28.085 V
[LIFT] V_Compute: 28.661 V
[LIFT] V_Motors: 28.074 V
[LIFT] V_Compute: 28.620 V
[LIFT] V_Motors: 28.076 V
[LIFT] V_Compute: 28.665 V
[LIFT] V_Motors: 28.072 V
[LIFT] V_Compute: 28.640 V
[LIFT] V_Motors: 28.079 V
[LIFT] V_Compute: 28.655 V
[LIFT] V_Motors: 28.089 V
[LIFT] V_Compute: 28.666 V
[LIFT] V_Motors: 28.077 V
[LIFT] V_Compute: 28.659 V
[LIFT] V_Motors: 28.067 V
[LIFT] V_Compute: 28.655 V
[LIFT] V_Motors: 28.086 V
[LIFT] V_Compute: 28.635 V
[LIFT] V_Motors: 28.081 V
[LIFT] V_Compute: 28.640 V
[LIFT] V_Motors: 28.084 V
[LIFT] V_Compute: 28.628 V
[LIFT] V_Motors: 28.080 V
[LIFT] V_Compute: 28.657 V
[LIFT] V_Motors: 28.064 V
[LIFT] V_Compute: 28.649 V
[LIFT] V_Motors: 28.075 V
[LIFT] V_Compute: 28.641 V
[LIFT] V_Motors: 28.067 V
[LIFT] V_Compute: 28.641 V
[LIFT] V_Motors: 28.074 V
[LIFT] V_Compute: 28.635 V
[LIFT] V_Motors: 28.079 V
[LIFT] V_Compute: 28.639 V
[LIFT] V_Motors: 28.065 V
[LIFT] V_Compute: 28.641 V
[LIFT] V_Motors: 28.091 V
[LIFT] V_Compute: 28.666 V
[LIFT] V_Motors: 28.080 V
[LIFT] V_Compute: 28.630 V
[LIFT] V_Motors: 28.086 V
[LIFT] V_Compute: 28.661 V
[LIFT] V_Motors: 28.081 V
[LIFT] V_Compute: 28.666 V
[LIFT] V_Motors: 28.075 V
[LIFT] V_Compute: 28.646 V
[LIFT] V_Motors: 28.072 V
[LIFT] V_Compute: 28.640 V
[LIFT] V_Motors: 28.087 V
[LIFT] V_Compute: 28.655 V
[LIFT] V_Motors: 28.081 V
[LIFT] V_Compute: 28.674 V
[LIFT] V_Motors: 28.096 V
[LIFT] V_Compute: 28.659 V
[LIFT] V_Motors: 28.079 V
[LIFT] V_Compute: 28.650 V
[LIFT] V_Motors: 28.072 V
[LIFT] V_Compute: 28.655 V
[LIFT] V_Motors: 28.069 V
[LIFT] V_Compute: 28.655 V
[LIFT] V_Motors: 28.081 V
[LIFT] V_Compute: 28.667 V
[LIFT] V_Motors: 28.077 V
[LIFT] V_Compute: 28.660 V
[LIFT] V_Motors: 28.079 V
[LIFT] V_Compute: 28.644 V
[LIFT] V_Motors: 28.087 V
[LIFT] V_Compute: 28.660 V
[LIFT] V_Motors: 28.089 V
[LIFT] V_Compute: 28.651 V
[LIFT] V_Motors: 28.081 V
[LIFT] V_Compute: 28.669 V
[LIFT] V_Motors: 28.079 V
[LIFT] V_Compute: 28.660 V
[LIFT] V_Motors: 28.079 V
[LIFT] V_Compute: 28.654 V
[LIFT] V_Motors: 28.074 V
[LIFT] V_Compute: 28.655 V
[LIFT] V_Motors: 28.077 V
[LIFT] V_Compute: 28.655 V
[LIFT] V_Motors: 28.074 V
[LIFT] V_Compute: 28.645 V
[LIFT] V_Motors: 28.077 V
[LIFT] V_Compute: 28.661 V
[LIFT] V_Motors: 28.080 V
[LIFT] V_Compute: 28.660 V
[LIFT] V_Motors: 28.074 V
[LIFT] V_Compute: 28.646 V
[LIFT] V_Motors: 28.076 V
[LIFT] V_Compute: 28.655 V
[LIFT] V_Motors: 28.076 V
[LIFT] V_Compute: 28.665 V
[LIFT] V_Motors: 28.072 V
[LIFT] V_Compute: 28.655 V
[LIFT] V_Motors: 28.065 V
[LIFT] V_Compute: 28.665 V
[LIFT] V_Motors: 28.084 V
[LIFT] V_Compute: 28.638 V
[LIFT] V_Motors: 28.072 V
[LIFT] V_Compute: 28.670 V
[LIFT] V_Motors: 28.069 V
[LIFT] V_Compute: 28.654 V
[LIFT] V_Motors: 28.094 V
[LIFT] V_Compute: 28.659 V
[LIFT] V_Motors: 28.081 V
[LIFT] V_Compute: 28.640 V
[LIFT] V_Motors: 28.074 V
[LIFT] V_Compute: 28.654 V
[LIFT] V_Motors: 28.084 V
[LIFT] V_Compute: 28.646 V
[LIFT] V_Motors: 28.069 V
[LIFT] V_Compute: 28.654 V
[LIFT] V_Motors: 28.077 V
[LIFT] V_Compute: 28.644 V
[LIFT] V_Motors: 28.087 V
[LIFT] V_Compute: 28.657 V
[LIFT] V_Motors: 28.097 V
[LIFT] V_Compute: 28.642 V
[LIFT] V_Motors: 28.089 V
[LIFT] V_Compute: 28.666 V
[LIFT] V_Motors: 28.089 V
[LIFT] V_Compute: 28.650 V
[LIFT] V_Motors: 28.085 V
[LIFT] V_Compute: 28.660 V
[LIFT] V_Motors: 28.089 V
[LIFT] V_Compute: 28.657 V
[LIFT] V_Motors: 28.081 V
[LIFT] V_Compute: 28.666 V
[LIFT] V_Motors: 28.084 V
[LIFT] V_Compute: 28.676 V
[LIFT] V_Motors: 28.065 V
[LIFT] V_Compute: 28.631 V
[LIFT] V_Motors: 28.069 V
[LIFT] V_Compute: 28.677 V
[LIFT] V_Motors: 28.095 V
[LIFT] V_Compute: 28.651 V
[LIFT] V_Motors: 28.075 V
[LIFT] V_Compute: 28.635 V
[LIFT] V_Motors: 28.087 V
[LIFT] V_Compute: 28.654 V
[LIFT] V_Motors: 28.083 V
[LIFT] V_Compute: 28.675 V
[LIFT] V_Motors: 28.084 V
[LIFT] V_Compute: 28.651 V
[LIFT] V_Motors: 28.084 V
[LIFT] V_Compute: 28.650 V
[LIFT] V_Motors: 28.077 V
[LIFT] V_Compute: 28.671 V
[LIFT] V_Motors: 28.084 V
[LIFT] V_Compute: 28.663 V
[LIFT] V_Motors: 28.083 V
[LIFT] V_Compute: 28.644 V
[LIFT] V_Motors: 28.087 V
[LIFT] V_Compute: 28.666 V
[LIFT] V_Motors: 28.075 V
[LIFT] V_Compute: 28.664 V
[LIFT] V_Motors: 28.089 V
[LIFT] V_Compute: 28.666 V
[LIFT] V_Motors: 28.086 V
[LIFT] V_Compute: 28.652 V
[LIFT] V_Motors: 28.080 V
[LIFT] V_Compute: 28.651 V
[LIFT] V_Motors: 28.086 V
[LIFT] V_Compute: 28.664 V
[LIFT] V_Motors: 28.095 V
[LIFT] V_Compute: 28.671 V
[LIFT] V_Motors: 28.076 V
[LIFT] V_Compute: 28.673 V
[LIFT] V_Motors: 28.086 V
[LIFT] V_Compute: 28.656 V
[LIFT] V_Motors: 28.093 V
[LIFT] V_Compute: 28.651 V
[LIFT] V_Motors: 28.090 V
[LIFT] V_Compute: 28.681 V
[LIFT] V_Motors: 28.091 V
[LIFT] V_Compute: 28.661 V
[LIFT] V_Motors: 28.064 V
[LIFT] V_Compute: 28.666 V
[LIFT] V_Motors: 28.086 V
[LIFT] V_Compute: 28.680 V
[LIFT] V_Motors: 28.090 V
[LIFT] V_Compute: 28.680 V
[LIFT] V_Motors: 28.080 V
[LIFT] V_Compute: 28.657 V
[LIFT] V_Motors: 28.083 V
[LIFT] V_Compute: 28.692 V
[LIFT] V_Motors: 28.090 V
[LIFT] V_Compute: 28.659 V
[LIFT] V_Motors: 28.086 V
[LIFT] V_Compute: 28.665 V
[LIFT] V_Motors: 28.090 V
[LIFT] V_Compute: 28.666 V
[LIFT] V_Motors: 28.090 V
[LIFT] V_Compute: 28.674 V
[LIFT] V_Motors: 28.081 V
[LIFT] V_Compute: 28.671 V
[LIFT] V_Motors: 28.089 V
[LIFT] V_Compute: 28.659 V
[LIFT] V_Motors: 28.093 V
[LIFT] V_Compute: 28.661 V
[LIFT] V_Motors: 28.097 V
[LIFT] V_Compute: 28.654 V
[LIFT] V_Motors: 28.095 V
[LIFT] V_Compute: 28.660 V
[LIFT] V_Motors: 28.087 V
[LIFT] V_Compute: 28.660 V
[LIFT] V_Motors: 28.090 V
[LIFT] V_Compute: 28.670 V
[LIFT] V_Motors: 28.090 V
[LIFT] V_Compute: 28.654 V
[LIFT] V_Motors: 28.091 V
[LIFT] V_Compute: 28.661 V
[LIFT] V_Motors: 28.090 V
[LIFT] V_Compute: 28.674 V
[LIFT] V_Motors: 28.084 V
[LIFT] V_Compute: 28.654 V
[LIFT] V_Motors: 28.081 V
[LIFT] V_Compute: 28.646 V
[LIFT] V_Motors: 28.090 V
[LIFT] V_Compute: 28.640 V
[LIFT] V_Motors: 28.086 V
[LIFT] V_Compute: 28.671 V
[LIFT] V_Motors: 28.096 V
[LIFT] V_Compute: 28.686 V
[LIFT] V_Motors: 28.083 V
[LIFT] V_Compute: 28.674 V
[LIFT] V_Motors: 28.097 V
[LIFT] V_Compute: 28.659 V
[LIFT] V_Motors: 28.093 V
[LIFT] V_Compute: 28.655 V
[LIFT] V_Motors: 28.105 V
[LIFT] V_Compute: 28.667 V
[LIFT] V_Motors: 28.095 V
[LIFT] V_Compute: 28.679 V
[LIFT] V_Motors: 28.096 V
[LIFT] V_Compute: 28.670 V
[LIFT] V_Motors: 28.096 V
[LIFT] V_Compute: 28.676 V
[LIFT] V_Motors: 28.094 V
[LIFT] V_Compute: 28.664 V
[LIFT] V_Motors: 28.111 V
[LIFT] V_Compute: 28.661 V
[LIFT] V_Motors: 28.095 V
[LIFT] V_Compute: 28.673 V
[LIFT] V_Motors: 28.096 V
[LIFT] V_Compute: 28.660 V
[LIFT] V_Motors: 28.100 V
[LIFT] V_Compute: 28.665 V
[LIFT] V_Motors: 28.090 V
[LIFT] V_Compute: 28.646 V
[LIFT] V_Motors: 28.086 V
[LIFT] V_Compute: 28.664 V
[LIFT] V_Motors: 28.101 V
[LIFT] V_Compute: 28.652 V
[LIFT] V_Motors: 28.100 V
[LIFT] V_Compute: 28.669 V
[LIFT] V_Motors: 28.083 V
[LIFT] V_Compute: 28.649 V
[LIFT] V_Motors: 28.083 V
[LIFT] V_Compute: 28.661 V
[LIFT] V_Motors: 28.100 V
[LIFT] V_Compute: 28.677 V
[LIFT] V_Motors: 28.093 V
[LIFT] V_Compute: 28.652 V
[LIFT] V_Motors: 28.086 V
[LIFT] V_Compute: 28.676 V
[LIFT] V_Motors: 28.095 V
[LIFT] V_Compute: 28.665 V
[LIFT] V_Motors: 28.081 V
[LIFT] V_Compute: 28.657 V
[LIFT] V_Motors: 28.096 V
[LIFT] V_Compute: 28.665 V
[LIFT] V_Motors: 28.104 V
[LIFT] V_Compute: 28.675 V
[LIFT] V_Motors: 28.103 V
[LIFT] V_Compute: 28.679 V
[LIFT] V_Motors: 28.097 V
[LIFT] V_Compute: 28.681 V
[LIFT] V_Motors: 28.100 V
[LIFT] V_Compute: 28.679 V
[LIFT] V_Motors: 28.110 V
[LIFT] V_Compute: 28.655 V
[LIFT] V_Motors: 28.093 V
[LIFT] V_Compute: 28.694 V
[LIFT] V_Motors: 28.097 V
[LIFT] V_Compute: 28.654 V
[LIFT] V_Motors: 28.072 V
[LIFT] V_Compute: 28.656 V
[LIFT] V_Motors: 28.097 V
[LIFT] V_Compute: 28.676 V
[LIFT] V_Motors: 28.091 V
[LIFT] V_Compute: 28.670 V
[LIFT] V_Motors: 28.094 V
[LIFT] V_Compute: 28.669 V
[LIFT] V_Motors: 28.103 V
[LIFT] V_Compute: 28.679 V
[LIFT] V_Motors: 28.097 V
[LIFT] V_Compute: 28.675 V
[LIFT] V_Motors: 28.086 V
[LIFT] V_Compute: 28.665 V
[LIFT] V_Motors: 28.087 V
[LIFT] V_Compute: 28.673 V
[LIFT] V_Motors: 28.089 V
[LIFT] V_Compute: 28.694 V
[LIFT] V_Motors: 28.106 V
[LIFT] V_Compute: 28.675 V
[LIFT] V_Motors: 28.094 V
[LIFT] V_Compute: 28.670 V
[LIFT] V_Motors: 28.091 V
[LIFT] V_Compute: 28.671 V
[LIFT] V_Motors: 28.110 V
[LIFT] V_Compute: 28.664 V
[LIFT] V_Motors: 28.097 V
[LIFT] V_Compute: 28.661 V
[LIFT] V_Motors: 28.095 V
[LIFT] V_Compute: 28.660 V
[LIFT] V_Motors: 28.090 V
[LIFT] V_Compute: 28.675 V
[LIFT] V_Motors: 28.086 V
[LIFT] V_Compute: 28.704 V
[LIFT] V_Motors: 28.103 V
[LIFT] V_Compute: 28.665 V
[LIFT] V_Motors: 28.075 V
[LIFT] V_Compute: 28.664 V
[LIFT] V_Motors: 28.090 V
[LIFT] V_Compute: 28.677 V
[LIFT] V_Motors: 28.101 V
[LIFT] V_Compute: 28.681 V
[LIFT] V_Motors: 28.111 V
[LIFT] V_Compute: 28.667 V
[LIFT] V_Motors: 28.106 V
[LIFT] V_Compute: 28.646 V
[LIFT] V_Motors: 28.094 V
[LIFT] V_Compute: 28.654 V
[LIFT] V_Motors: 28.101 V
[LIFT] V_Compute: 28.666 V
[LIFT] V_Motors: 28.094 V
[LIFT] V_Compute: 28.683 V
[LIFT] V_Motors: 28.105 V
[LIFT] V_Compute: 28.684 V
[LIFT] V_Motors: 28.099 V
[LIFT] V_Compute: 28.652 V
[LIFT] V_Motors: 28.107 V
[LIFT] V_Compute: 28.667 V
[LIFT] V_Motors: 28.115 V
[LIFT] V_Compute: 28.679 V
[LIFT] V_Motors: 28.115 V
[LIFT] V_Compute: 28.664 V
[LIFT] V_Motors: 28.086 V
[LIFT] V_Compute: 28.691 V
[LIFT] V_Motors: 28.103 V
[LIFT] V_Compute: 28.697 V
[LIFT] V_Motors: 28.101 V
[LIFT] V_Compute: 28.665 V
[LIFT] V_Motors: 28.099 V
[LIFT] V_Compute: 28.691 V
[LIFT] V_Motors: 28.089 V
[LIFT] V_Compute: 28.685 V
[LIFT] V_Motors: 28.100 V
[LIFT] V_Compute: 28.669 V
[LIFT] V_Motors: 28.097 V
[LIFT] V_Compute: 28.669 V
[LIFT] V_Motors: 28.100 V
[LIFT] V_Compute: 28.657 V
[LIFT] V_Motors: 28.105 V
[LIFT] V_Compute: 28.683 V
[LIFT] V_Motors: 28.101 V
[LIFT] V_Compute: 28.638 V
[LIFT] V_Motors: 28.122 V
[LIFT] V_Compute: 28.671 V
[LIFT] V_Motors: 28.080 V
[LIFT] V_Compute: 28.666 V
[LIFT] V_Motors: 28.109 V
[LIFT] V_Compute: 28.665 V
[LIFT] V_Motors: 28.086 V
[LIFT] V_Compute: 28.677 V
[LIFT] V_Motors: 28.096 V
[LIFT] V_Compute: 28.669 V
[LIFT] V_Motors: 28.093 V
[LIFT] V_Compute: 28.675 V
[LIFT] V_Motors: 28.099 V
[LIFT] V_Compute: 28.673 V
[LIFT] V_Motors: 28.094 V
[LIFT] V_Compute: 28.649 V
[LIFT] V_Motors: 28.084 V
[LIFT] V_Compute: 28.647 V
[LIFT] V_Motors: 28.104 V
[LIFT] V_Compute: 28.659 V
[LIFT] V_Motors: 28.100 V
[LIFT] V_Compute: 28.676 V
[LIFT] V_Motors: 28.106 V
[LIFT] V_Compute: 28.680 V
[LIFT] V_Motors: 28.099 V
[LIFT] V_Compute: 28.677 V
[LIFT] V_Motors: 28.101 V
[LIFT] V_Compute: 28.691 V
[LIFT] V_Motors: 28.115 V
[LIFT] V_Compute: 28.676 V
[LIFT] V_Motors: 28.110 V
[LIFT] V_Compute: 28.684 V
[LIFT] V_Motors: 28.099 V
[LIFT] V_Compute: 28.677 V
[LIFT] V_Motors: 28.120 V
[LIFT] V_Compute: 28.650 V
[LIFT] V_Motors: 28.104 V
[LIFT] V_Compute: 28.675 V
[LIFT] V_Motors: 28.100 V
[LIFT] V_Compute: 28.663 V
[LIFT] V_Motors: 28.120 V
[LIFT] V_Compute: 28.661 V
[LIFT] V_Motors: 28.106 V
[LIFT] V_Compute: 28.673 V
[LIFT] V_Motors: 28.109 V
[LIFT] V_Compute: 28.686 V
[LIFT] V_Motors: 28.103 V
[LIFT] V_Compute: 28.680 V
[LIFT] V_Motors: 28.106 V
[LIFT] V_Compute: 28.669 V
[LIFT] V_Motors: 28.089 V
[LIFT] V_Compute: 28.680 V
[LIFT] V_Motors: 28.091 V
[LIFT] V_Compute: 28.667 V
[LIFT] V_Motors: 28.101 V
[LIFT] V_Compute: 28.684 V
[LIFT] V_Motors: 28.104 V
[LIFT] V_Compute: 28.670 V
[LIFT] V_Motors: 28.119 V
[LIFT] V_Compute: 28.673 V
[LIFT] V_Motors: 28.101 V
[LIFT] V_Compute: 28.671 V
[LIFT] V_Motors: 28.104 V
[LIFT] V_Compute: 28.654 V
[LIFT] V_Motors: 28.119 V
[LIFT] V_Compute: 28.696 V
[LIFT] V_Motors: 28.106 V
[LIFT] V_Compute: 28.695 V
[LIFT] V_Motors: 28.109 V
[LIFT] V_Compute: 28.679 V
[LIFT] V_Motors: 28.110 V
[LIFT] V_Compute: 28.684 V
[LIFT] V_Motors: 28.096 V
[LIFT] V_Compute: 28.657 V
[LIFT] V_Motors: 28.099 V
[LIFT] V_Compute: 28.686 V
[LIFT] V_Motors: 28.107 V
[LIFT] V_Compute: 28.673 V
[LIFT] V_Motors: 28.104 V
[LIFT] V_Compute: 28.654 V
[LIFT] V_Motors: 28.107 V
[LIFT] V_Compute: 28.656 V
[LIFT] V_Motors: 28.099 V
[LIFT] V_Compute: 28.666 V
[LIFT] V_Motors: 28.109 V
[LIFT] V_Compute: 28.684 V
[LIFT] V_Motors: 28.114 V
[LIFT] V_Compute: 28.696 V
[LIFT] V_Motors: 28.095 V
[LIFT] V_Compute: 28.673 V
[LIFT] V_Motors: 28.110 V
[LIFT] V_Compute: 28.692 V
[LIFT] V_Motors: 28.111 V
[LIFT] V_Compute: 28.659 V
[LIFT] V_Motors: 28.116 V
[LIFT] V_Compute: 28.690 V
[LIFT] V_Motors: 28.116 V
[LIFT] V_Compute: 28.661 V
[LIFT] V_Motors: 28.114 V
[LIFT] V_Compute: 28.675 V
[LIFT] V_Motors: 28.101 V
[LIFT] V_Compute: 28.676 V
[LIFT] V_Motors: 28.085 V
[LIFT] V_Compute: 28.671 V
[LIFT] V_Motors: 28.100 V
[LIFT] V_Compute: 28.645 V
[LIFT] V_Motors: 28.084 V
[LIFT] V_Compute: 28.673 V
[LIFT] V_Motors: 28.121 V
[LIFT] V_Compute: 28.687 V
[LIFT] V_Motors: 28.093 V
[LIFT] V_Compute: 28.677 V
[LIFT] V_Motors: 28.105 V
[LIFT] V_Compute: 28.689 V
[LIFT] V_Motors: 28.114 V
[LIFT] V_Compute: 28.670 V
[LIFT] V_Motors: 28.099 V
[LIFT] V_Compute: 28.642 V
[LIFT] V_Motors: 28.076 V
[LIFT] V_Compute: 28.646 V
[LIFT] V_Motors: 28.076 V
[LIFT] V_Compute: 28.635 V
[LIFT] V_Motors: 28.095 V
[LIFT] V_Compute: 28.667 V
[LIFT] V_Motors: 28.089 V
[LIFT] V_Compute: 28.659 V
[LIFT] V_Motors: 28.106 V
[LIFT] V_Compute: 28.640 V
[LIFT] V_Motors: 28.097 V
[LIFT] V_Compute: 28.664 V
[LIFT] V_Motors: 28.083 V
[LIFT] V_Compute: 28.685 V
[LIFT] V_Motors: 28.093 V
[LIFT] V_Compute: 28.685 V
[LIFT] V_Motors: 28.099 V
[LIFT] V_Compute: 28.661 V
[LIFT] V_Motors: 28.106 V
[LIFT] V_Compute: 28.684 V
[LIFT] V_Motors: 28.100 V
[LIFT] V_Compute: 28.650 V
[LIFT] V_Motors: 28.079 V
[LIFT] V_Compute: 28.677 V
[LIFT] V_Motors: 28.097 V
[LIFT] V_Compute: 28.666 V
[LIFT] V_Motors: 28.103 V
[LIFT] V_Compute: 28.652 V
[LIFT] V_Motors: 28.100 V
[LIFT] V_Compute: 28.677 V
[LIFT] V_Motors: 28.086 V
[LIFT] V_Compute: 28.663 V
[LIFT] V_Motors: 28.110 V
[LIFT] V_Compute: 28.681 V
[LIFT] V_Motors: 28.106 V
[LIFT] V_Compute: 28.649 V
[LIFT] V_Motors: 28.114 V
[LIFT] V_Compute: 28.686 V
[LIFT] V_Motors: 28.095 V
[LIFT] V_Compute: 28.666 V
[LIFT] V_Motors: 28.111 V
[LIFT] V_Compute: 28.661 V
[LIFT] V_Motors: 28.104 V
[LIFT] V_Compute: 28.670 V
[LIFT] V_Motors: 28.100 V
[LIFT] V_Compute: 28.675 V
[LIFT] V_Motors: 28.111 V
[LIFT] V_Compute: 28.665 V
[LIFT] V_Motors: 28.110 V
[LIFT] V_Compute: 28.675 V
[LIFT] V_Motors: 28.121 V
[LIFT] V_Compute: 28.650 V
[LIFT] V_Motors: 28.118 V
[LIFT] V_Compute: 28.673 V
[LIFT] V_Motors: 28.115 V
[LIFT] V_Compute: 28.656 V
[LIFT] V_Motors: 28.114 V
[LIFT] V_Compute: 28.677 V
[LIFT] V_Motors: 28.118 V
[LIFT] V_Compute: 28.677 V
[LIFT] V_Motors: 28.106 V
[LIFT] V_Compute: 28.670 V
[LIFT] V_Motors: 28.115 V
[LIFT] V_Compute: 28.685 V
[LIFT] V_Motors: 28.109 V
[LIFT] V_Compute: 28.673 V
[LIFT] V_Motors: 28.115 V
[LIFT] V_Compute: 28.666 V
[LIFT] V_Motors: 28.104 V
[LIFT] V_Compute: 28.694 V
[LIFT] V_Motors: 28.111 V
[LIFT] V_Compute: 28.671 V
[LIFT] V_Motors: 28.112 V
[LIFT] V_Compute: 28.673 V
[LIFT] V_Motors: 28.114 V
[LIFT] V_Compute: 28.669 V
[LIFT] V_Motors: 28.103 V
[LIFT] V_Compute: 28.683 V
[LIFT] V_Motors: 28.122 V
[LIFT] V_Compute: 28.647 V
[LIFT] V_Motors: 28.115 V
[LIFT] V_Compute: 28.671 V
[LIFT] V_Motors: 28.111 V
[LIFT] V_Compute: 28.685 V
[LIFT] V_Motors: 28.120 V
[LIFT] V_Compute: 28.690 V
[LIFT] V_Motors: 28.121 V
[LIFT] V_Compute: 28.667 V
[LIFT] V_Motors: 28.124 V
[LIFT] V_Compute: 28.685 V
[LIFT] V_Motors: 28.118 V
[LIFT] V_Compute: 28.655 V
[LIFT] V_Motors: 28.125 V
[LIFT] V_Compute: 28.683 V
[LIFT] V_Motors: 28.109 V
[LIFT] V_Compute: 28.670 V
[LIFT] V_Motors: 28.119 V
[LIFT] V_Compute: 28.652 V
[LIFT] V_Motors: 28.126 V
[LIFT] V_Compute: 28.669 V
[LIFT] V_Motors: 28.109 V
[LIFT] V_Compute: 28.695 V
[LIFT] V_Motors: 28.118 V
[LIFT] V_Compute: 28.681 V
[LIFT] V_Motors: 28.111 V
[LIFT] V_Compute: 28.705 V
[LIFT] V_Motors: 28.118 V
[LIFT] V_Compute: 28.690 V
[LIFT] V_Motors: 28.129 V
[LIFT] V_Compute: 28.701 V
[LIFT] V_Motors: 28.124 V
[LIFT] V_Compute: 28.686 V
[LIFT] V_Motors: 28.111 V
[LIFT] V_Compute: 28.695 V
[LIFT] V_Motors: 28.111 V
[LIFT] V_Compute: 28.667 V
[LIFT] V_Motors: 28.124 V
[LIFT] V_Compute: 28.687 V
[LIFT] V_Motors: 28.134 V
[LIFT] V_Compute: 28.683 V
[LIFT] V_Motors: 28.129 V
[LIFT] V_Compute: 28.664 V
[LIFT] V_Motors: 28.106 V
[LIFT] V_Compute: 28.684 V
[LIFT] V_Motors: 28.124 V
[LIFT] V_Compute: 28.649 V
[LIFT] V_Motors: 28.110 V
[LIFT] V_Compute: 28.695 V
[LIFT] V_Motors: 28.119 V
[LIFT] V_Compute: 28.694 V
[LIFT] V_Motors: 28.112 V
[LIFT] V_Compute: 28.665 V
[LIFT] V_Motors: 28.116 V
[LIFT] V_Compute: 28.692 V
[LIFT] V_Motors: 28.120 V
[LIFT] V_Compute: 28.673 V
[LIFT] V_Motors: 28.126 V
[LIFT] V_Compute: 28.686 V
[LIFT] V_Motors: 28.120 V
[LIFT] V_Compute: 28.689 V
[LIFT] V_Motors: 28.110 V
[LIFT] V_Compute: 28.692 V
[LIFT] V_Motors: 28.112 V
[LIFT] V_Compute: 28.681 V
[LIFT] V_Motors: 28.115 V
[LIFT] V_Compute: 28.690 V
[LIFT] V_Motors: 28.118 V
[LIFT] V_Compute: 28.697 V
[LIFT] V_Motors: 28.118 V
[LIFT] V_Compute: 28.702 V
[LIFT] V_Motors: 28.120 V
[LIFT] V_Compute: 28.706 V
[LIFT] V_Motors: 28.128 V
[LIFT] V_Compute: 28.664 V
[LIFT] V_Motors: 28.129 V
[LIFT] V_Compute: 28.692 V
[LIFT] V_Motors: 28.110 V
[LIFT] V_Compute: 28.666 V
[LIFT] V_Motors: 28.129 V
[LIFT] V_Compute: 28.685 V
[LIFT] V_Motors: 28.124 V
[LIFT] V_Compute: 28.694 V
[LIFT] V_Motors: 28.122 V
[LIFT] V_Compute: 28.694 V
[LIFT] V_Motors: 28.111 V
[LIFT] V_Compute: 28.692 V
[LIFT] V_Motors: 28.125 V
[LIFT] V_Compute: 28.696 V
[LIFT] V_Motors: 28.140 V
[LIFT] V_Compute: 28.666 V
[LIFT] V_Motors: 28.146 V
[LIFT] V_Compute: 28.700 V
[LIFT] V_Motors: 28.109 V
[LIFT] V_Compute: 28.689 V
[LIFT] V_Motors: 28.134 V
[LIFT] V_Compute: 28.706 V
[LIFT] V_Motors: 28.118 V
[LIFT] V_Compute: 28.687 V
[LIFT] V_Motors: 28.136 V
[LIFT] V_Compute: 28.675 V
[LIFT] V_Motors: 28.119 V
[LIFT] V_Compute: 28.679 V
[LIFT] V_Motors: 28.136 V
[LIFT] V_Compute: 28.671 V
[LIFT] V_Motors: 28.131 V
[LIFT] V_Compute: 28.671 V
[LIFT] V_Motors: 28.124 V
[LIFT] V_Compute: 28.667 V
[LIFT] V_Motors: 28.124 V
[LIFT] V_Compute: 28.673 V
[LIFT] V_Motors: 28.107 V
[LIFT] V_Compute: 28.666 V
[LIFT] V_Motors: 28.120 V
[LIFT] V_Compute: 28.675 V
[LIFT] V_Motors: 28.126 V
[LIFT] V_Compute: 28.692 V
[LIFT] V_Motors: 28.134 V
[LIFT] V_Compute: 28.680 V
[LIFT] V_Motors: 28.129 V
[LIFT] V_Compute: 28.669 V
[LIFT] V_Motors: 28.122 V
[LIFT] V_Compute: 28.697 V
[LIFT] V_Motors: 28.135 V
[LIFT] V_Compute: 28.680 V
[LIFT] V_Motors: 28.124 V
[LIFT] V_Compute: 28.673 V
[LIFT] V_Motors: 28.121 V
[LIFT] V_Compute: 28.665 V
[LIFT] V_Motors: 28.124 V
[LIFT] V_Compute: 28.697 V
[LIFT] V_Motors: 28.126 V
[LIFT] V_Compute: 28.691 V
[LIFT] V_Motors: 28.134 V
[LIFT] V_Compute: 28.692 V
[LIFT] V_Motors: 28.125 V
[LIFT] V_Compute: 28.687 V
[LIFT] V_Motors: 28.142 V
[LIFT] V_Compute: 28.676 V
[LIFT] V_Motors: 28.128 V
[LIFT] V_Compute: 28.691 V
[LIFT] V_Motors: 28.132 V
[LIFT] V_Compute: 28.690 V
[LIFT] V_Motors: 28.121 V
[LIFT] V_Compute: 28.697 V
[LIFT] V_Motors: 28.136 V
[LIFT] V_Compute: 28.697 V
[LIFT] V_Motors: 28.101 V
[LIFT] V_Compute: 28.694 V
[LIFT] V_Motors: 28.119 V
[LIFT] V_Compute: 28.684 V
[LIFT] V_Motors: 28.118 V
[LIFT] V_Compute: 28.694 V
[LIFT] V_Motors: 28.119 V
[LIFT] V_Compute: 28.689 V
[LIFT] V_Motors: 28.124 V
[LIFT] V_Compute: 28.690 V
[LIFT] V_Motors: 28.149 V
[LIFT] V_Compute: 28.684 V
[LIFT] V_Motors: 28.116 V
[LIFT] V_Compute: 28.666 V
[LIFT] V_Motors: 28.126 V
[LIFT] V_Compute: 28.681 V
[LIFT] V_Motors: 28.121 V
[LIFT] V_Compute: 28.681 V
[LIFT] V_Motors: 28.132 V
[LIFT] V_Compute: 28.690 V
[LIFT] V_Motors: 28.128 V
[LIFT] V_Compute: 28.655 V
[LIFT] V_Motors: 28.141 V
[LIFT] V_Compute: 28.676 V
[LIFT] V_Motors: 28.141 V
[LIFT] V_Compute: 28.680 V
[LIFT] V_Motors: 28.120 V
[LIFT] V_Compute: 28.695 V
[LIFT] V_Motors: 28.129 V
[LIFT] V_Compute: 28.692 V
[LIFT] V_Motors: 28.130 V
[LIFT] V_Compute: 28.702 V
[LIFT] V_Motors: 28.140 V
[LIFT] V_Compute: 28.687 V
[LIFT] V_Motors: 28.125 V
[LIFT] V_Compute: 28.670 V
[LIFT] V_Motors: 28.130 V
[LIFT] V_Compute: 28.677 V
[LIFT] V_Motors: 28.124 V
[LIFT] V_Compute: 28.667 V
[LIFT] V_Motors: 28.112 V
[LIFT] V_Compute: 28.696 V
[LIFT] V_Motors: 28.129 V
[LIFT] V_Compute: 28.666 V
[LIFT] V_Motors: 28.135 V
[LIFT] V_Compute: 28.690 V
[LIFT] V_Motors: 28.128 V
[LIFT] V_Compute: 28.695 V
[LIFT] V_Motors: 28.125 V
[LIFT] V_Compute: 28.677 V
[LIFT] V_Motors: 28.122 V
[LIFT] V_Compute: 28.706 V
[LIFT] V_Motors: 28.126 V
[LIFT] V_Compute: 28.697 V
[LIFT] V_Motors: 28.132 V
[LIFT] V_Compute: 28.683 V
[LIFT] V_Motors: 28.122 V
[LIFT] V_Compute: 28.681 V
[LIFT] V_Motors: 28.138 V
[LIFT] V_Compute: 28.689 V
[LIFT] V_Motors: 28.134 V
[LIFT] V_Compute: 28.694 V
[LIFT] V_Motors: 28.130 V
[LIFT] V_Compute: 28.691 V
[LIFT] V_Motors: 28.129 V
[LIFT] V_Compute: 28.679 V
[LIFT] V_Motors: 28.132 V
[LIFT] V_Compute: 28.696 V
[LIFT] V_Motors: 28.138 V
[LIFT] V_Compute: 28.686 V
[LIFT] V_Motors: 28.128 V
[LIFT] V_Compute: 28.684 V
[LIFT] V_Motors: 28.124 V
[LIFT] V_Compute: 28.690 V
[LIFT] V_Motors: 28.130 V
[LIFT] V_Compute: 28.697 V
[LIFT] V_Motors: 28.131 V
[LIFT] V_Compute: 28.685 V
[LIFT] V_Motors: 28.126 V
[LIFT] V_Compute: 28.691 V
[LIFT] V_Motors: 28.136 V
[LIFT] V_Compute: 28.684 V
[LIFT] V_Motors: 28.144 V
[LIFT] V_Compute: 28.706 V
[LIFT] V_Motors: 28.132 V
[LIFT] V_Compute: 28.695 V
[LIFT] V_Motors: 28.121 V
[LIFT] V_Compute: 28.694 V
[LIFT] V_Motors: 28.124 V
[LIFT] V_Compute: 28.704 V
[LIFT] V_Motors: 28.116 V
[LIFT] V_Compute: 28.667 V
[LIFT] V_Motors: 28.124 V
[LIFT] V_Compute: 28.690 V
[LIFT] V_Motors: 28.147 V
[LIFT] V_Compute: 28.684 V
[LIFT] V_Motors: 28.136 V
[LIFT] V_Compute: 28.689 V
[LIFT] V_Motors: 28.140 V
[LIFT] V_Compute: 28.722 V
[LIFT] V_Motors: 28.128 V
[LIFT] V_Compute: 28.686 V
[LIFT] V_Motors: 28.145 V
[LIFT] V_Compute: 28.676 V
[LIFT] V_Motors: 28.114 V
[LIFT] V_Compute: 28.700 V
[LIFT] V_Motors: 28.139 V
[LIFT] V_Compute: 28.685 V
[LIFT] V_Motors: 28.116 V
[LIFT] V_Compute: 28.684 V
[LIFT] V_Motors: 28.120 V
[LIFT] V_Compute: 28.697 V
[LIFT] V_Motors: 28.138 V
[LIFT] V_Compute: 28.671 V
[LIFT] V_Motors: 28.130 V
[LIFT] V_Compute: 28.690 V
[LIFT] V_Motors: 28.130 V
[LIFT] V_Compute: 28.680 V
[LIFT] V_Motors: 28.135 V
[LIFT] V_Compute: 28.692 V
[LIFT] V_Motors: 28.135 V
[LIFT] V_Compute: 28.691 V
[LIFT] V_Motors: 28.132 V
[LIFT] V_Compute: 28.690 V
[LIFT] V_Motors: 28.144 V
[LIFT] V_Compute: 28.708 V
[LIFT] V_Motors: 28.136 V
[LIFT] V_Compute: 28.708 V
[LIFT] V_Motors: 28.131 V
[LIFT] V_Compute: 28.695 V
[LIFT] V_Motors: 28.130 V
[LIFT] V_Compute: 28.690 V
[LIFT] V_Motors: 28.138 V
[LIFT] V_Compute: 28.694 V
[LIFT] V_Motors: 28.141 V
[LIFT] V_Compute: 28.690 V
[LIFT] V_Motors: 28.141 V
[LIFT] V_Compute: 28.708 V
[LIFT] V_Motors: 28.125 V
[LIFT] V_Compute: 28.705 V
[LIFT] V_Motors: 28.131 V
[LIFT] V_Compute: 28.711 V
[LIFT] V_Motors: 28.122 V
[LIFT] V_Compute: 28.694 V
[LIFT] V_Motors: 28.128 V
[LIFT] V_Compute: 28.675 V
[LIFT] V_Motors: 28.129 V
[LIFT] V_Compute: 28.695 V
[LIFT] V_Motors: 28.134 V
[LIFT] V_Compute: 28.686 V
[LIFT] V_Motors: 28.138 V
[LIFT] V_Compute: 28.680 V
[LIFT] V_Motors: 28.118 V
[LIFT] V_Compute: 28.692 V
[LIFT] V_Motors: 28.139 V
[LIFT] V_Compute: 28.684 V
[LIFT] V_Motors: 28.144 V
[LIFT] V_Compute: 28.689 V
[LIFT] V_Motors: 28.134 V
[LIFT] V_Compute: 28.685 V
[LIFT] V_Motors: 28.138 V
[LIFT] V_Compute: 28.675 V
[LIFT] V_Motors: 28.136 V
[LIFT] V_Compute: 28.715 V
[LIFT] V_Motors: 28.134 V
[LIFT] V_Compute: 28.689 V
[LIFT] V_Motors: 28.145 V
[LIFT] V_Compute: 28.700 V
[LIFT] V_Motors: 28.139 V
[LIFT] V_Compute: 28.708 V
[LIFT] V_Motors: 28.138 V
[LIFT] V_Compute: 28.696 V
[LIFT] V_Motors: 28.136 V
[LIFT] V_Compute: 28.701 V
[LIFT] V_Motors: 28.132 V
[LIFT] V_Compute: 28.694 V
[LIFT] V_Motors: 28.128 V
[LIFT] V_Compute: 28.694 V
[LIFT] V_Motors: 28.138 V
[LIFT] V_Compute: 28.689 V
[LIFT] V_Motors: 28.140 V
[LIFT] V_Compute: 28.679 V
[LIFT] V_Motors: 28.142 V
[LIFT] V_Compute: 28.701 V
[LIFT] V_Motors: 28.130 V
[LIFT] V_Compute: 28.706 V
[LIFT] V_Motors: 28.136 V
[LIFT] V_Compute: 28.701 V
[LIFT] V_Motors: 28.139 V
[LIFT] V_Compute: 28.715 V
[LIFT] V_Motors: 28.151 V
[LIFT] V_Compute: 28.694 V
[LIFT] V_Motors: 28.120 V
[LIFT] V_Compute: 28.700 V
[LIFT] V_Motors: 28.129 V
[LIFT] V_Compute: 28.699 V
[LIFT] V_Motors: 28.134 V
[LIFT] V_Compute: 28.708 V
[LIFT] V_Motors: 28.128 V
[LIFT] V_Compute: 28.696 V
[LIFT] V_Motors: 28.142 V
[LIFT] V_Compute: 28.704 V
[LIFT] V_Motors: 28.136 V
[LIFT] V_Compute: 28.681 V
[LIFT] V_Motors: 28.130 V
[LIFT] V_Compute: 28.696 V
[LIFT] V_Motors: 28.128 V
[LIFT] V_Compute: 28.685 V
[LIFT] V_Motors: 28.138 V
[LIFT] V_Compute: 28.687 V
[LIFT] V_Motors: 28.125 V
[LIFT] V_Compute: 28.686 V
[LIFT] V_Motors: 28.135 V
[LIFT] V_Compute: 28.711 V
[LIFT] V_Motors: 28.144 V
[LIFT] V_Compute: 28.673 V
[LIFT] V_Motors: 28.122 V
[LIFT] V_Compute: 28.689 V
[LIFT] V_Motors: 28.138 V
[LIFT] V_Compute: 28.692 V
[LIFT] V_Motors: 28.136 V
[LIFT] V_Compute: 28.692 V
[LIFT] V_Motors: 28.146 V
[LIFT] V_Compute: 28.704 V
[LIFT] V_Motors: 28.142 V
[LIFT] V_Compute: 28.691 V
[LIFT] V_Motors: 28.138 V
[LIFT] V_Compute: 28.704 V
[LIFT] V_Motors: 28.149 V
[LIFT] V_Compute: 28.716 V
[LIFT] V_Motors: 28.132 V
[LIFT] V_Compute: 28.684 V
[LIFT] V_Motors: 28.134 V
[LIFT] V_Compute: 28.691 V
[LIFT] V_Motors: 28.154 V
[LIFT] V_Compute: 28.701 V
[LIFT] V_Motors: 28.144 V
[LIFT] V_Compute: 28.712 V
[LIFT] V_Motors: 28.142 V
[LIFT] V_Compute: 28.690 V
[LIFT] V_Motors: 28.139 V
[LIFT] V_Compute: 28.729 V
[LIFT] V_Motors: 28.147 V
[LIFT] V_Compute: 28.701 V
[LIFT] V_Motors: 28.141 V
[LIFT] V_Compute: 28.691 V
[LIFT] V_Motors: 28.146 V
[LIFT] V_Compute: 28.691 V
[LIFT] V_Motors: 28.146 V
[LIFT] V_Compute: 28.711 V
[LIFT] V_Motors: 28.135 V
[LIFT] V_Compute: 28.704 V
[LIFT] V_Motors: 28.141 V
[LIFT] V_Compute: 28.685 V
[LIFT] V_Motors: 28.124 V
[LIFT] V_Compute: 28.692 V
[LIFT] V_Motors: 28.139 V
[LIFT] V_Compute: 28.689 V
[LIFT] V_Motors: 28.136 V
[LIFT] V_Compute: 28.711 V
[LIFT] V_Motors: 28.139 V
[LIFT] V_Compute: 28.694 V
[LIFT] V_Motors: 28.135 V
[LIFT] V_Compute: 28.697 V
[LIFT] V_Motors: 28.146 V
[LIFT] V_Compute: 28.692 V
[LIFT] V_Motors: 28.135 V
[LIFT] V_Compute: 28.689 V
[LIFT] V_Motors: 28.126 V
[LIFT] V_Compute: 28.702 V
[LIFT] V_Motors: 28.147 V
[LIFT] V_Compute: 28.690 V
[LIFT] V_Motors: 28.138 V
[LIFT] V_Compute: 28.699 V
[LIFT] V_Motors: 28.147 V
[LIFT] V_Compute: 28.692 V
[LIFT] V_Motors: 28.140 V
[LIFT] V_Compute: 28.674 V
[LIFT] V_Motors: 28.152 V
[LIFT] V_Compute: 28.677 V
[LIFT] V_Motors: 28.147 V
[LIFT] V_Compute: 28.694 V
[LIFT] V_Motors: 28.155 V
[LIFT] V_Compute: 28.689 V
[LIFT] V_Motors: 28.152 V
[LIFT] V_Compute: 28.686 V
[LIFT] V_Motors: 28.141 V
[LIFT] V_Compute: 28.708 V
[LIFT] V_Motors: 28.152 V
[LIFT] V_Compute: 28.702 V
[LIFT] V_Motors: 28.142 V
[LIFT] V_Compute: 28.684 V
[LIFT] V_Motors: 28.135 V
[LIFT] V_Compute: 28.681 V
[LIFT] V_Motors: 28.141 V
[LIFT] V_Compute: 28.676 V
[LIFT] V_Motors: 28.144 V
[LIFT] V_Compute: 28.718 V
[LIFT] V_Motors: 28.154 V
[LIFT] V_Compute: 28.686 V
[LIFT] V_Motors: 28.141 V
[LIFT] V_Compute: 28.701 V
[LIFT] V_Motors: 28.130 V
[LIFT] V_Compute: 28.712 V
[LIFT] V_Motors: 28.152 V
[LIFT] V_Compute: 28.696 V
[LIFT] V_Motors: 28.136 V
[LIFT] V_Compute: 28.694 V
[LIFT] V_Motors: 28.146 V
[LIFT] V_Compute: 28.687 V
[LIFT] V_Motors: 28.152 V
[LIFT] V_Compute: 28.685 V
[LIFT] V_Motors: 28.152 V
[LIFT] V_Compute: 28.694 V
[LIFT] V_Motors: 28.138 V
[LIFT] V_Compute: 28.704 V
[LIFT] V_Motors: 28.138 V
[LIFT] V_Compute: 28.708 V
[LIFT] V_Motors: 28.164 V
[LIFT] V_Compute: 28.675 V
[LIFT] V_Motors: 28.147 V
[LIFT] V_Compute: 28.714 V
[LIFT] V_Motors: 28.159 V
[LIFT] V_Compute: 28.725 V
[LIFT] V_Motors: 28.124 V
[LIFT] V_Compute: 28.686 V
[LIFT] V_Motors: 28.159 V
[LIFT] V_Compute: 28.690 V
[LIFT] V_Motors: 28.151 V
[LIFT] V_Compute: 28.691 V
[LIFT] V_Motors: 28.147 V
[LIFT] V_Compute: 28.680 V
[LIFT] V_Motors: 28.142 V
[LIFT] V_Compute: 28.696 V
[LIFT] V_Motors: 28.145 V
[LIFT] V_Compute: 28.676 V
[LIFT] V_Motors: 28.147 V
[LIFT] V_Compute: 28.694 V
[LIFT] V_Motors: 28.145 V
[LIFT] V_Compute: 28.694 V
[LIFT] V_Motors: 28.150 V
[LIFT] V_Compute: 28.705 V
[LIFT] V_Motors: 28.147 V
[LIFT] V_Compute: 28.700 V
[LIFT] V_Motors: 28.145 V
[LIFT] V_Compute: 28.685 V
[LIFT] V_Motors: 28.140 V
[LIFT] V_Compute: 28.716 V
[LIFT] V_Motors: 28.136 V
[LIFT] V_Compute: 28.699 V
[LIFT] V_Motors: 28.152 V
[LIFT] V_Compute: 28.720 V
[LIFT] V_Motors: 28.145 V
[LIFT] V_Compute: 28.687 V
[LIFT] V_Motors: 28.157 V
[LIFT] V_Compute: 28.706 V
[LIFT] V_Motors: 28.136 V
[LIFT] V_Compute: 28.686 V
[LIFT] V_Motors: 28.144 V
[LIFT] V_Compute: 28.691 V
[LIFT] V_Motors: 28.145 V
[LIFT] V_Compute: 28.689 V
[LIFT] V_Motors: 28.157 V
[LIFT] V_Compute: 28.685 V
[LIFT] V_Motors: 28.136 V
[LIFT] V_Compute: 28.704 V
[LIFT] V_Motors: 28.149 V
[LIFT] V_Compute: 28.673 V
[LIFT] V_Motors: 28.150 V
[LIFT] V_Compute: 28.711 V
[LIFT] V_Motors: 28.151 V
[LIFT] V_Compute: 28.679 V
[LIFT] V_Motors: 28.139 V
[LIFT] V_Compute: 28.704 V
[LIFT] V_Motors: 28.145 V
[LIFT] V_Compute: 28.709 V
[LIFT] V_Motors: 28.142 V
[LIFT] V_Compute: 28.708 V
[LIFT] V_Motors: 28.145 V
[LIFT] V_Compute: 28.686 V
[LIFT] V_Motors: 28.140 V
[LIFT] V_Compute: 28.704 V
[LIFT] V_Motors: 28.159 V
[LIFT] V_Compute: 28.718 V
[LIFT] V_Motors: 28.152 V
[LIFT] V_Compute: 28.729 V
[LIFT] V_Motors: 28.155 V
[LIFT] V_Compute: 28.716 V
[LIFT] V_Motors: 28.139 V
[LIFT] V_Compute: 28.706 V
[LIFT] V_Motors: 28.146 V
[LIFT] V_Compute: 28.709 V
[LIFT] V_Motors: 28.149 V
[LIFT] V_Compute: 28.704 V
[LIFT] V_Motors: 28.155 V
[LIFT] V_Compute: 28.691 V
[LIFT] V_Motors: 28.151 V
[LIFT] V_Compute: 28.704 V
[LIFT] V_Motors: 28.151 V
[LIFT] V_Compute: 28.697 V
[LIFT] V_Motors: 28.151 V
[LIFT] V_Compute: 28.680 V
[LIFT] V_Motors: 28.145 V
[LIFT] V_Compute: 28.702 V
[LIFT] V_Motors: 28.144 V
[LIFT] V_Compute: 28.721 V
[LIFT] V_Motors: 28.140 V
[LIFT] V_Compute: 28.721 V
[LIFT] V_Motors: 28.140 V
[LIFT] V_Compute: 28.721 V
[LIFT] V_Motors: 28.156 V
[LIFT] V_Compute: 28.701 V
[LIFT] V_Motors: 28.136 V
[LIFT] V_Compute: 28.701 V
[LIFT] V_Motors: 28.151 V
[LIFT] V_Compute: 28.711 V
[LIFT] V_Motors: 28.156 V
[LIFT] V_Compute: 28.701 V
[LIFT] V_Motors: 28.160 V
[LIFT] V_Compute: 28.708 V
[LIFT] V_Motors: 28.139 V
[LIFT] V_Compute: 28.701 V
[LIFT] V_Motors: 28.144 V
[LIFT] V_Compute: 28.699 V
[LIFT] V_Motors: 28.155 V
[LIFT] V_Compute: 28.704 V
[LIFT] V_Motors: 28.156 V
[LIFT] V_Compute: 28.722 V
[LIFT] V_Motors: 28.152 V
[LIFT] V_Compute: 28.701 V
[LIFT] V_Motors: 28.155 V
[LIFT] V_Compute: 28.716 V
[LIFT] V_Motors: 28.155 V
[LIFT] V_Compute: 28.730 V
[LIFT] V_Motors: 28.149 V
[LIFT] V_Compute: 28.704 V
[LIFT] V_Motors: 28.138 V
[LIFT] V_Compute: 28.719 V
[LIFT] V_Motors: 28.154 V
[LIFT] V_Compute: 28.704 V
[LIFT] V_Motors: 28.146 V
[LIFT] V_Compute: 28.704 V
[LIFT] V_Motors: 28.154 V
[LIFT] V_Compute: 28.715 V
[LIFT] V_Motors: 28.159 V
[LIFT] V_Compute: 28.701 V
[LIFT] V_Motors: 28.154 V
[LIFT] V_Compute: 28.721 V
[LIFT] V_Motors: 28.159 V
[LIFT] V_Compute: 28.706 V
[LIFT] V_Motors: 28.155 V
[LIFT] V_Compute: 28.722 V
[LIFT] V_Motors: 28.157 V
[LIFT] V_Compute: 28.710 V
[LIFT] V_Motors: 28.154 V
[LIFT] V_Compute: 28.710 V
[LIFT] V_Motors: 28.152 V
[LIFT] V_Compute: 28.704 V
[LIFT] V_Motors: 28.150 V
[LIFT] V_Compute: 28.736 V
[LIFT] V_Motors: 28.150 V
[LIFT] V_Compute: 28.704 V
[LIFT] V_Motors: 28.166 V
[LIFT] V_Compute: 28.712 V
[LIFT] V_Motors: 28.166 V
[LIFT] V_Compute: 28.696 V
[LIFT] V_Motors: 28.165 V
[LIFT] V_Compute: 28.718 V
[LIFT] V_Motors: 28.163 V
[LIFT] V_Compute: 28.690 V
[LIFT] V_Motors: 28.150 V
[LIFT] V_Compute: 28.719 V
[LIFT] V_Motors: 28.157 V
[LIFT] V_Compute: 28.721 V
[LIFT] V_Motors: 28.160 V
[LIFT] V_Compute: 28.734 V
[LIFT] V_Motors: 28.152 V
[LIFT] V_Compute: 28.706 V
[LIFT] V_Motors: 28.145 V
[LIFT] V_Compute: 28.704 V
[LIFT] V_Motors: 28.152 V
[LIFT] V_Compute: 28.692 V
[LIFT] V_Motors: 28.163 V
[LIFT] V_Compute: 28.700 V
[LIFT] V_Motors: 28.163 V
[LIFT] V_Compute: 28.706 V
[LIFT] V_Motors: 28.155 V
[LIFT] V_Compute: 28.695 V
[LIFT] V_Motors: 28.164 V
[LIFT] V_Compute: 28.706 V
[LIFT] V_Motors: 28.156 V
[LIFT] V_Compute: 28.708 V
[LIFT] V_Motors: 28.151 V
[LIFT] V_Compute: 28.712 V
[LIFT] V_Motors: 28.166 V
[LIFT] V_Compute: 28.701 V
[LIFT] V_Motors: 28.159 V
[LIFT] V_Compute: 28.685 V
[LIFT] V_Motors: 28.159 V
[LIFT] V_Compute: 28.699 V
[LIFT] V_Motors: 28.151 V
[LIFT] V_Compute: 28.705 V
[LIFT] V_Motors: 28.151 V
[LIFT] V_Compute: 28.720 V
[LIFT] V_Motors: 28.154 V
[LIFT] V_Compute: 28.709 V
[LIFT] V_Motors: 28.161 V
[LIFT] V_Compute: 28.689 V
[LIFT] V_Motors: 28.155 V
[LIFT] V_Compute: 28.706 V
[LIFT] V_Motors: 28.155 V
[LIFT] V_Compute: 28.704 V
[LIFT] V_Motors: 28.160 V
[LIFT] V_Compute: 28.686 V
[LIFT] V_Motors: 28.145 V
[LIFT] V_Compute: 28.695 V
[LIFT] V_Motors: 28.167 V
[LIFT] V_Compute: 28.690 V
[LIFT] V_Motors: 28.131 V
[LIFT] V_Compute: 28.714 V
[LIFT] V_Motors: 28.166 V
[LIFT] V_Compute: 28.711 V
[LIFT] V_Motors: 28.163 V
[LIFT] V_Compute: 28.710 V
[LIFT] V_Motors: 28.150 V
[LIFT] V_Compute: 28.706 V
[LIFT] V_Motors: 28.155 V
[LIFT] V_Compute: 28.701 V
[LIFT] V_Motors: 28.166 V
[LIFT] V_Compute: 28.702 V
[LIFT] V_Motors: 28.169 V
[LIFT] V_Compute: 28.699 V
[LIFT] V_Motors: 28.161 V
[LIFT] V_Compute: 28.699 V
[LIFT] V_Motors: 28.151 V
[LIFT] V_Compute: 28.711 V
[LIFT] V_Motors: 28.171 V
[LIFT] V_Compute: 28.687 V
[LIFT] V_Motors: 28.155 V
[LIFT] V_Compute: 28.695 V
[LIFT] V_Motors: 28.150 V
[LIFT] V_Compute: 28.719 V
[LIFT] V_Motors: 28.155 V
[LIFT] V_Compute: 28.706 V
[LIFT] V_Motors: 28.164 V
[LIFT] V_Compute: 28.715 V
[LIFT] V_Motors: 28.163 V
[LIFT] V_Compute: 28.721 V
[LIFT] V_Motors: 28.176 V
[LIFT] V_Compute: 28.699 V
[LIFT] V_Motors: 28.161 V
[LIFT] V_Compute: 28.722 V
[LIFT] V_Motors: 28.160 V
[LIFT] V_Compute: 28.710 V
[LIFT] V_Motors: 28.169 V
[LIFT] V_Compute: 28.715 V
[LIFT] V_Motors: 28.164 V
[LIFT] V_Compute: 28.685 V
[LIFT] V_Motors: 28.171 V
[LIFT] V_Compute: 28.722 V
[LIFT] V_Motors: 28.163 V
[LIFT] V_Compute: 28.734 V
[LIFT] V_Motors: 28.164 V
[LIFT] V_Compute: 28.714 V
[LIFT] V_Motors: 28.155 V
[LIFT] V_Compute: 28.720 V
[LIFT] V_Motors: 28.169 V
[LIFT] V_Compute: 28.690 V
[LIFT] V_Motors: 28.163 V
[LIFT] V_Compute: 28.728 V
[LIFT] V_Motors: 28.174 V
[LIFT] V_Compute: 28.721 V
[LIFT] V_Motors: 28.166 V
[LIFT] V_Compute: 28.721 V
[LIFT] V_Motors: 28.147 V
[LIFT] V_Compute: 28.710 V
[LIFT] V_Motors: 28.163 V
[LIFT] V_Compute: 28.702 V
[LIFT] V_Motors: 28.159 V
[LIFT] V_Compute: 28.724 V
[LIFT] V_Motors: 28.159 V
[LIFT] V_Compute: 28.701 V
[LIFT] V_Motors: 28.165 V
[LIFT] V_Compute: 28.719 V
[LIFT] V_Motors: 28.164 V
[LIFT] V_Compute: 28.701 V
[LIFT] V_Motors: 28.163 V
[LIFT] V_Compute: 28.691 V
[LIFT] V_Motors: 28.163 V
[LIFT] V_Compute: 28.708 V
[LIFT] V_Motors: 28.156 V
[LIFT] V_Compute: 28.706 V
[LIFT] V_Motors: 28.163 V
[LIFT] V_Compute: 28.726 V
[LIFT] V_Motors: 28.157 V
[LIFT] V_Compute: 28.730 V
[LIFT] V_Motors: 28.164 V
[LIFT] V_Compute: 28.714 V
[LIFT] V_Motors: 28.171 V
[LIFT] V_Compute: 28.705 V
[LIFT] V_Motors: 28.165 V
[LIFT] V_Compute: 28.718 V
[LIFT] V_Motors: 28.166 V
[LIFT] V_Compute: 28.721 V
[LIFT] V_Motors: 28.169 V
[LIFT] V_Compute: 28.710 V
[LIFT] V_Motors: 28.176 V
[LIFT] V_Compute: 28.711 V
[LIFT] V_Motors: 28.160 V
[LIFT] V_Compute: 28.699 V
[LIFT] V_Motors: 28.164 V
[LIFT] V_Compute: 28.728 V
[LIFT] V_Motors: 28.170 V
[LIFT] V_Compute: 28.722 V
[LIFT] V_Motors: 28.157 V
[LIFT] V_Compute: 28.710 V
[LIFT] V_Motors: 28.146 V
[LIFT] V_Compute: 28.708 V
[LIFT] V_Motors: 28.166 V
[LIFT] V_Compute: 28.715 V
[LIFT] V_Motors: 28.171 V
[LIFT] V_Compute: 28.708 V
[LIFT] V_Motors: 28.156 V
[LIFT] V_Compute: 28.701 V
[LIFT] V_Motors: 28.156 V
[LIFT] V_Compute: 28.714 V
[LIFT] V_Motors: 28.154 V
[LIFT] V_Compute: 28.724 V
[LIFT] V_Motors: 28.180 V
[LIFT] V_Compute: 28.706 V
[LIFT] V_Motors: 28.163 V
[LIFT] V_Compute: 28.706 V
[LIFT] V_Motors: 28.155 V
[LIFT] V_Compute: 28.714 V
[LIFT] V_Motors: 28.165 V
[LIFT] V_Compute: 28.730 V
[LIFT] V_Motors: 28.173 V
[LIFT] V_Compute: 28.730 V
[LIFT] V_Motors: 28.154 V
[LIFT] V_Compute: 28.710 V
[LIFT] V_Motors: 28.164 V
[LIFT] V_Compute: 28.710 V
[LIFT] V_Motors: 28.161 V
[LIFT] V_Compute: 28.714 V
[LIFT] V_Motors: 28.170 V
[LIFT] V_Compute: 28.731 V
[LIFT] V_Motors: 28.165 V
[LIFT] V_Compute: 28.729 V
[LIFT] V_Motors: 28.160 V
[LIFT] V_Compute: 28.716 V
[LIFT] V_Motors: 28.152 V
[LIFT] V_Compute: 28.715 V
[LIFT] V_Motors: 28.176 V
[LIFT] V_Compute: 28.721 V
[LIFT] V_Motors: 28.184 V
[LIFT] V_Compute: 28.718 V
[LIFT] V_Motors: 28.177 V
[LIFT] V_Compute: 28.714 V
[LIFT] V_Motors: 28.164 V
[LIFT] V_Compute: 28.709 V
[LIFT] V_Motors: 28.163 V
[LIFT] V_Compute: 28.697 V
[LIFT] V_Motors: 28.171 V
[LIFT] V_Compute: 28.714 V
[LIFT] V_Motors: 28.167 V
[LIFT] V_Compute: 28.711 V
[LIFT] V_Motors: 28.163 V
[LIFT] V_Compute: 28.704 V
[LIFT] V_Motors: 28.175 V
[LIFT] V_Compute: 28.715 V
[LIFT] V_Motors: 28.169 V
[LIFT] V_Compute: 28.711 V
[LIFT] V_Motors: 28.159 V
[LIFT] V_Compute: 28.706 V
[LIFT] V_Motors: 28.174 V
[LIFT] V_Compute: 28.704 V
[LIFT] V_Motors: 28.173 V
[LIFT] V_Compute: 28.734 V
[LIFT] V_Motors: 28.174 V
[LIFT] V_Compute: 28.712 V
[LIFT] V_Motors: 28.159 V
[LIFT] V_Compute: 28.711 V
[LIFT] V_Motors: 28.167 V
[LIFT] V_Compute: 28.701 V
[LIFT] V_Motors: 28.169 V
[LIFT] V_Compute: 28.730 V
[LIFT] V_Motors: 28.176 V
[LIFT] V_Compute: 28.701 V
[LIFT] V_Motors: 28.165 V
[LIFT] V_Compute: 28.731 V
[LIFT] V_Motors: 28.174 V
[LIFT] V_Compute: 28.714 V
[LIFT] V_Motors: 28.181 V
[LIFT] V_Compute: 28.681 V
[LIFT] V_Motors: 28.176 V
[LIFT] V_Compute: 28.710 V
[LIFT] V_Motors: 28.152 V
[LIFT] V_Compute: 28.731 V
[LIFT] V_Motors: 28.185 V
[LIFT] V_Compute: 28.710 V
[LIFT] V_Motors: 28.173 V
[LIFT] V_Compute: 28.714 V
[LIFT] V_Motors: 28.177 V
[LIFT] V_Compute: 28.732 V
[LIFT] V_Motors: 28.184 V
[LIFT] V_Compute: 28.726 V
[LIFT] V_Motors: 28.183 V
[LIFT] V_Compute: 28.711 V
[LIFT] V_Motors: 28.180 V
[LIFT] V_Compute: 28.690 V
[LIFT] V_Motors: 28.186 V
[LIFT] V_Compute: 28.737 V
[LIFT] V_Motors: 28.173 V
[LIFT] V_Compute: 28.710 V
[LIFT] V_Motors: 28.170 V
[LIFT] V_Compute: 28.714 V
[LIFT] V_Motors: 28.179 V
[LIFT] V_Compute: 28.714 V
[LIFT] V_Motors: 28.184 V
[LIFT] V_Compute: 28.710 V
[LIFT] V_Motors: 28.169 V
[LIFT] V_Compute: 28.726 V
[LIFT] V_Motors: 28.174 V
[LIFT] V_Compute: 28.721 V
[LIFT] V_Motors: 28.174 V
[LIFT] V_Compute: 28.704 V
[LIFT] V_Motors: 28.171 V
[LIFT] V_Compute: 28.711 V
[LIFT] V_Motors: 28.163 V
[LIFT] V_Compute: 28.710 V
[LIFT] V_Motors: 28.169 V
[LIFT] V_Compute: 28.729 V
[LIFT] V_Motors: 28.165 V
[LIFT] V_Compute: 28.706 V
[LIFT] V_Motors: 28.164 V
[LIFT] V_Compute: 28.725 V
[LIFT] V_Motors: 28.180 V
[LIFT] V_Compute: 28.712 V
[LIFT] V_Motors: 28.180 V
[LIFT] V_Compute: 28.708 V
[LIFT] V_Motors: 28.180 V
[LIFT] V_Compute: 28.721 V
[LIFT] V_Motors: 28.180 V
[LIFT] V_Compute: 28.724 V
[LIFT] V_Motors: 28.184 V
[LIFT] V_Compute: 28.720 V
[LIFT] V_Motors: 28.169 V
[LIFT] V_Compute: 28.743 V
[LIFT] V_Motors: 28.170 V
[LIFT] V_Compute: 28.720 V
[LIFT] V_Motors: 28.160 V
[LIFT] V_Compute: 28.735 V
[LIFT] V_Motors: 28.176 V
[LIFT] V_Compute: 28.704 V
[LIFT] V_Motors: 28.181 V
[LIFT] V_Compute: 28.734 V
[LIFT] V_Motors: 28.171 V
[LIFT] V_Compute: 28.701 V
[LIFT] V_Motors: 28.152 V
[LIFT] V_Compute: 28.696 V
[LIFT] V_Motors: 28.159 V
[LIFT] V_Compute: 28.692 V
[LIFT] V_Motors: 28.169 V
[LIFT] V_Compute: 28.706 V
[LIFT] V_Motors: 28.170 V
[LIFT] V_Compute: 28.696 V
[LIFT] V_Motors: 28.164 V
[LIFT] V_Compute: 28.715 V
[LIFT] V_Motors: 28.175 V
[LIFT] V_Compute: 28.699 V
[LIFT] V_Motors: 28.175 V
[LIFT] V_Compute: 28.708 V
[LIFT] V_Motors: 28.183 V
[LIFT] V_Compute: 28.705 V
[LIFT] V_Motors: 28.181 V
[LIFT] V_Compute: 28.718 V
[LIFT] V_Motors: 28.189 V
[LIFT] V_Compute: 28.700 V
[LIFT] V_Motors: 28.181 V
[LIFT] V_Compute: 28.716 V
[LIFT] V_Motors: 28.183 V
[LIFT] V_Compute: 28.705 V
[LIFT] V_Motors: 28.170 V
[LIFT] V_Compute: 28.740 V
[LIFT] V_Motors: 28.192 V
[LIFT] V_Compute: 28.691 V
[LIFT] V_Motors: 28.171 V
[LIFT] V_Compute: 28.711 V
[LIFT] V_Motors: 28.183 V
[LIFT] V_Compute: 28.697 V
[LIFT] V_Motors: 28.161 V
[LIFT] V_Compute: 28.716 V
[LIFT] V_Motors: 28.165 V
[LIFT] V_Compute: 28.701 V
[LIFT] V_Motors: 28.150 V
[LIFT] V_Compute: 28.710 V
[LIFT] V_Motors: 28.174 V
[LIFT] V_Compute: 28.706 V
[LIFT] V_Motors: 28.179 V
[LIFT] V_Compute: 28.732 V
[LIFT] V_Motors: 28.187 V
[LIFT] V_Compute: 28.699 V
[LIFT] V_Motors: 28.174 V
[LIFT] V_Compute: 28.711 V
[LIFT] V_Motors: 28.154 V
[LIFT] V_Compute: 28.743 V
[LIFT] V_Motors: 28.181 V
[LIFT] V_Compute: 28.729 V
[LIFT] V_Motors: 28.177 V
[LIFT] V_Compute: 28.680 V
[LIFT] V_Motors: 28.169 V
[LIFT] V_Compute: 28.724 V
[LIFT] V_Motors: 28.187 V
[LIFT] V_Compute: 28.691 V
[LIFT] V_Motors: 28.185 V
[LIFT] V_Compute: 28.704 V
[LIFT] V_Motors: 28.161 V
[LIFT] V_Compute: 28.722 V
[LIFT] V_Motors: 28.181 V
[LIFT] V_Compute: 28.712 V
[LIFT] V_Motors: 28.179 V
[LIFT] V_Compute: 28.714 V
[LIFT] V_Motors: 28.152 V
[LIFT] V_Compute: 28.715 V
[LIFT] V_Motors: 28.189 V
[LIFT] V_Compute: 28.708 V
[LIFT] V_Motors: 28.171 V
[LIFT] V_Compute: 28.729 V
[LIFT] V_Motors: 28.173 V
[LIFT] V_Compute: 28.715 V
[LIFT] V_Motors: 28.195 V
[LIFT] V_Compute: 28.709 V
[LIFT] V_Motors: 28.192 V
[LIFT] V_Compute: 28.746 V
[LIFT] V_Motors: 28.189 V
[LIFT] V_Compute: 28.716 V
[LIFT] V_Motors: 28.190 V
[LIFT] V_Compute: 28.709 V
[LIFT] V_Motors: 28.191 V
[LIFT] V_Compute: 28.731 V
[LIFT] V_Motors: 28.166 V
[LIFT] V_Compute: 28.702 V
[LIFT] V_Motors: 28.187 V
[LIFT] V_Compute: 28.719 V
[LIFT] V_Motors: 28.177 V
[LIFT] V_Compute: 28.722 V
[LIFT] V_Motors: 28.183 V
[LIFT] V_Compute: 28.745 V
[LIFT] V_Motors: 28.177 V
[LIFT] V_Compute: 28.718 V
[LIFT] V_Motors: 28.180 V
[LIFT] V_Compute: 28.731 V
[LIFT] V_Motors: 28.176 V
[LIFT] V_Compute: 28.704 V
[LIFT] V_Motors: 28.179 V
[LIFT] V_Compute: 28.741 V
[LIFT] V_Motors: 28.174 V
[LIFT] V_Compute: 28.715 V
[LIFT] V_Motors: 28.184 V
[LIFT] V_Compute: 28.721 V
[LIFT] V_Motors: 28.199 V
[LIFT] V_Compute: 28.700 V
[LIFT] V_Motors: 28.181 V
[LIFT] V_Compute: 28.711 V
[LIFT] V_Motors: 28.181 V
[LIFT] V_Compute: 28.709 V
[LIFT] V_Motors: 28.184 V
[LIFT] V_Compute: 28.710 V
[LIFT] V_Motors: 28.190 V
[LIFT] V_Compute: 28.739 V
[LIFT] V_Motors: 28.189 V
[LIFT] V_Compute: 28.719 V
[LIFT] V_Motors: 28.181 V
[LIFT] V_Compute: 28.737 V
[LIFT] V_Motors: 28.187 V
[LIFT] V_Compute: 28.728 V
[LIFT] V_Motors: 28.185 V
[LIFT] V_Compute: 28.718 V
[LIFT] V_Motors: 28.202 V
[LIFT] V_Compute: 28.731 V
[LIFT] V_Motors: 28.196 V
[LIFT] V_Compute: 28.702 V
[LIFT] V_Motors: 28.192 V
[LIFT] V_Compute: 28.745 V
[LIFT] V_Motors: 28.181 V
[LIFT] V_Compute: 28.732 V
[LIFT] V_Motors: 28.174 V
[LIFT] V_Compute: 28.763 V
[LIFT] V_Motors: 28.187 V
[LIFT] V_Compute: 28.741 V
[LIFT] V_Motors: 28.181 V
[LIFT] V_Compute: 28.730 V
[LIFT] V_Motors: 28.187 V
[LIFT] V_Compute: 28.731 V
[LIFT] V_Motors: 28.192 V
[LIFT] V_Compute: 28.725 V
[LIFT] V_Motors: 28.187 V
[LIFT] V_Compute: 28.726 V
[LIFT] V_Motors: 28.175 V
[LIFT] V_Compute: 28.722 V
[LIFT] V_Motors: 28.186 V
[LIFT] V_Compute: 28.720 V
[LIFT] V_Motors: 28.192 V
[LIFT] V_Compute: 28.715 V
[LIFT] V_Motors: 28.185 V
[LIFT] V_Compute: 28.735 V
[LIFT] V_Motors: 28.176 V
[LIFT] V_Compute: 28.726 V
[LIFT] V_Motors: 28.194 V
[LIFT] V_Compute: 28.730 V
[LIFT] V_Motors: 28.192 V
[LIFT] V_Compute: 28.716 V
[LIFT] V_Motors: 28.202 V
[LIFT] V_Compute: 28.739 V
[LIFT] V_Motors: 28.187 V
[LIFT] V_Compute: 28.697 V
[LIFT] V_Motors: 28.180 V
[LIFT] V_Compute: 28.710 V
[LIFT] V_Motors: 28.190 V
[LIFT] V_Compute: 28.711 V
[LIFT] V_Motors: 28.192 V
[LIFT] V_Compute: 28.739 V
[LIFT] V_Motors: 28.197 V
[LIFT] V_Compute: 28.695 V
[LIFT] V_Motors: 28.191 V
[LIFT] V_Compute: 28.720 V
[LIFT] V_Motors: 28.186 V
[LIFT] V_Compute: 28.730 V
[LIFT] V_Motors: 28.192 V
[LIFT] V_Compute: 28.734 V
[LIFT] V_Motors: 28.180 V
[LIFT] V_Compute: 28.728 V
[LIFT] V_Motors: 28.190 V
[LIFT] V_Compute: 28.731 V
[LIFT] V_Motors: 28.176 V
[LIFT] V_Compute: 28.731 V
[LIFT] V_Motors: 28.210 V
[LIFT] V_Compute: 28.716 V
[LIFT] V_Motors: 28.200 V
[LIFT] V_Compute: 28.719 V
[LIFT] V_Motors: 28.195 V
[LIFT] V_Compute: 28.722 V
[LIFT] V_Motors: 28.169 V
[LIFT] V_Compute: 28.721 V
[LIFT] V_Motors: 28.185 V
[LIFT] V_Compute: 28.732 V
[LIFT] V_Motors: 28.201 V
[LIFT] V_Compute: 28.735 V
[LIFT] V_Motors: 28.200 V
[LIFT] V_Compute: 28.721 V
[LIFT] V_Motors: 28.173 V
[LIFT] V_Compute: 28.740 V
[LIFT] V_Motors: 28.199 V
[LIFT] V_Compute: 28.736 V
[LIFT] V_Motors: 28.195 V
[LIFT] V_Compute: 28.770 V
[LIFT] V_Motors: 28.196 V
[LIFT] V_Compute: 28.729 V
[LIFT] V_Motors: 28.191 V
[LIFT] V_Compute: 28.721 V
[LIFT] V_Motors: 28.195 V
[LIFT] V_Compute: 28.744 V
[LIFT] V_Motors: 28.202 V
[LIFT] V_Compute: 28.712 V
[LIFT] V_Motors: 28.177 V
[LIFT] V_Compute: 28.731 V
[LIFT] V_Motors: 28.186 V
[LIFT] V_Compute: 28.714 V
[LIFT] V_Motors: 28.183 V
[LIFT] V_Compute: 28.704 V
[LIFT] V_Motors: 28.204 V
[LIFT] V_Compute: 28.709 V
[LIFT] V_Motors: 28.184 V
[LIFT] V_Compute: 28.736 V
[LIFT] V_Motors: 28.200 V
[LIFT] V_Compute: 28.735 V
[LIFT] V_Motors: 28.194 V
[LIFT] V_Compute: 28.757 V
[LIFT] V_Motors: 28.185 V
[LIFT] V_Compute: 28.736 V
[LIFT] V_Motors: 28.185 V
[LIFT] V_Compute: 28.736 V
[LIFT] V_Motors: 28.199 V
[LIFT] V_Compute: 28.753 V
[LIFT] V_Motors: 28.187 V
[LIFT] V_Compute: 28.720 V
[LIFT] V_Motors: 28.190 V
[LIFT] V_Compute: 28.697 V
[LIFT] V_Motors: 28.187 V
[LIFT] V_Compute: 28.718 V
[LIFT] V_Motors: 28.200 V
[LIFT] V_Compute: 28.728 V
[LIFT] V_Motors: 28.192 V
[LIFT] V_Compute: 28.753 V
[LIFT] V_Motors: 28.173 V
[LIFT] V_Compute: 28.726 V
[LIFT] V_Motors: 28.191 V
[LIFT] V_Compute: 28.734 V
[LIFT] V_Motors: 28.181 V
[LIFT] V_Compute: 28.730 V
[LIFT] V_Motors: 28.194 V
[LIFT] V_Compute: 28.725 V
[LIFT] V_Motors: 28.199 V
[LIFT] V_Compute: 28.732 V
[LIFT] V_Motors: 28.185 V
[LIFT] V_Compute: 28.735 V
[LIFT] V_Motors: 28.194 V
[LIFT] V_Compute: 28.737 V
[LIFT] V_Motors: 28.195 V
[LIFT] V_Compute: 28.734 V
[LIFT] V_Motors: 28.191 V
[LIFT] V_Compute: 28.719 V
[LIFT] V_Motors: 28.174 V
[LIFT] V_Compute: 28.719 V
[LIFT] V_Motors: 28.186 V
[LIFT] V_Compute: 28.714 V
[LIFT] V_Motors: 28.179 V
[LIFT] V_Compute: 28.706 V
[LIFT] V_Motors: 28.181 V
[LIFT] V_Compute: 28.732 V
[LIFT] V_Motors: 28.200 V
[LIFT] V_Compute: 28.705 V
[LIFT] V_Motors: 28.204 V
[LIFT] V_Compute: 28.732 V
[LIFT] V_Motors: 28.196 V
[LIFT] V_Compute: 28.734 V
[LIFT] V_Motors: 28.192 V
[LIFT] V_Compute: 28.701 V
[LIFT] V_Motors: 28.211 V
[LIFT] V_Compute: 28.731 V
[LIFT] V_Motors: 28.185 V
[LIFT] V_Compute: 28.734 V
[LIFT] V_Motors: 28.161 V
[LIFT] V_Compute: 28.705 V
[LIFT] V_Motors: 28.183 V
[LIFT] V_Compute: 28.728 V
[LIFT] V_Motors: 28.199 V
[LIFT] V_Compute: 28.689 V
[LIFT] V_Motors: 28.189 V
[LIFT] V_Compute: 28.721 V
[LIFT] V_Motors: 28.185 V
[LIFT] V_Compute: 28.747 V
[LIFT] V_Motors: 28.181 V
[LIFT] V_Compute: 28.731 V
[LIFT] V_Motors: 28.186 V
[LIFT] V_Compute: 28.731 V
[LIFT] V_Motors: 28.176 V
[LIFT] V_Compute: 28.744 V
[LIFT] V_Motors: 28.186 V
[LIFT] V_Compute: 28.731 V
[LIFT] V_Motors: 28.197 V
[LIFT] V_Compute: 28.706 V
[LIFT] V_Motors: 28.171 V
[LIFT] V_Compute: 28.705 V
[LIFT] V_Motors: 28.195 V
[LIFT] V_Compute: 28.726 V
[LIFT] V_Motors: 28.190 V
[LIFT] V_Compute: 28.726 V
[LIFT] V_Motors: 28.196 V
[LIFT] V_Compute: 28.726 V
[LIFT] V_Motors: 28.185 V
[LIFT] V_Compute: 28.701 V
[LIFT] V_Motors: 28.196 V
[LIFT] V_Compute: 28.744 V
[LIFT] V_Motors: 28.190 V
[LIFT] V_Compute: 28.725 V
[LIFT] V_Motors: 28.201 V
[LIFT] V_Compute: 28.718 V
[LIFT] V_Motors: 28.191 V
[LIFT] V_Compute: 28.705 V
[LIFT] V_Motors: 28.175 V
[LIFT] V_Compute: 28.735 V
[LIFT] V_Motors: 28.199 V
[LIFT] V_Compute: 28.716 V
[LIFT] V_Motors: 28.204 V
[LIFT] V_Compute: 28.722 V
[LIFT] V_Motors: 28.196 V
[LIFT] V_Compute: 28.747 V
[LIFT] V_Motors: 28.204 V
[LIFT] V_Compute: 28.734 V
[LIFT] V_Motors: 28.204 V
[LIFT] V_Compute: 28.731 V
[LIFT] V_Motors: 28.210 V
[LIFT] V_Compute: 28.731 V
[LIFT] V_Motors: 28.194 V
[LIFT] V_Compute: 28.729 V
[LIFT] V_Motors: 28.196 V
[LIFT] V_Compute: 28.736 V
[LIFT] V_Motors: 28.200 V
[LIFT] V_Compute: 28.741 V
[LIFT] V_Motors: 28.192 V
[LIFT] V_Compute: 28.720 V
[LIFT] V_Motors: 28.202 V
[LIFT] V_Compute: 28.743 V
[LIFT] V_Motors: 28.195 V
[LIFT] V_Compute: 28.747 V
[LIFT] V_Motors: 28.196 V
[LIFT] V_Compute: 28.734 V
[LIFT] V_Motors: 28.208 V
[LIFT] V_Compute: 28.731 V
[LIFT] V_Motors: 28.209 V
[LIFT] V_Compute: 28.746 V
[LIFT] V_Motors: 28.197 V
[LIFT] V_Compute: 28.734 V
[LIFT] V_Motors: 28.202 V
[LIFT] V_Compute: 28.741 V
[LIFT] V_Motors: 28.189 V
[LIFT] V_Compute: 28.743 V
[LIFT] V_Motors: 28.189 V
[LIFT] V_Compute: 28.749 V
[LIFT] V_Motors: 28.199 V
[LIFT] V_Compute: 28.737 V
[LIFT] V_Motors: 28.202 V
[LIFT] V_Compute: 28.735 V
[LIFT] V_Motors: 28.202 V
[LIFT] V_Compute: 28.729 V
[LIFT] V_Motors: 28.186 V
[LIFT] V_Compute: 28.751 V
[LIFT] V_Motors: 28.214 V
[LIFT] V_Compute: 28.736 V
[LIFT] V_Motors: 28.195 V
[LIFT] V_Compute: 28.730 V
[LIFT] V_Motors: 28.206 V
[LIFT] V_Compute: 28.732 V
[LIFT] V_Motors: 28.206 V
[LIFT] V_Compute: 28.724 V
[LIFT] V_Motors: 28.196 V
[LIFT] V_Compute: 28.740 V
[LIFT] V_Motors: 28.194 V
[LIFT] V_Compute: 28.734 V
[LIFT] V_Motors: 28.210 V
[LIFT] V_Compute: 28.726 V
[LIFT] V_Motors: 28.197 V
[LIFT] V_Compute: 28.741 V
[LIFT] V_Motors: 28.191 V
[LIFT] V_Compute: 28.716 V
[LIFT] V_Motors: 28.200 V
[LIFT] V_Compute: 28.715 V
[LIFT] V_Motors: 28.202 V
[LIFT] V_Compute: 28.740 V
[LIFT] V_Motors: 28.199 V
[LIFT] V_Compute: 28.751 V
[LIFT] V_Motors: 28.195 V
[LIFT] V_Compute: 28.728 V
[LIFT] V_Motors: 28.206 V
[LIFT] V_Compute: 28.718 V
[LIFT] V_Motors: 28.202 V
[LIFT] V_Compute: 28.736 V
[LIFT] V_Motors: 28.201 V
[LIFT] V_Compute: 28.719 V
[LIFT] V_Motors: 28.208 V
[LIFT] V_Compute: 28.751 V
[LIFT] V_Motors: 28.216 V
[LIFT] V_Compute: 28.731 V
[LIFT] V_Motors: 28.201 V
[LIFT] V_Compute: 28.736 V
[LIFT] V_Motors: 28.192 V
[LIFT] V_Compute: 28.737 V
[LIFT] V_Motors: 28.181 V
[LIFT] V_Compute: 28.705 V
[LIFT] V_Motors: 28.189 V
[LIFT] V_Compute: 28.747 V
[LIFT] V_Motors: 28.197 V
[LIFT] V_Compute: 28.736 V
[LIFT] V_Motors: 28.214 V
[LIFT] V_Compute: 28.734 V
[LIFT] V_Motors: 28.208 V
[LIFT] V_Compute: 28.739 V
[LIFT] V_Motors: 28.201 V
[LIFT] V_Compute: 28.706 V
[LIFT] V_Motors: 28.196 V
[LIFT] V_Compute: 28.753 V
[LIFT] V_Motors: 28.197 V
[LIFT] V_Compute: 28.721 V
[LIFT] V_Motors: 28.214 V
[LIFT] V_Compute: 28.747 V
[LIFT] V_Motors: 28.199 V
[LIFT] V_Compute: 28.739 V
[LIFT] V_Motors: 28.195 V
[LIFT] V_Compute: 28.725 V
[LIFT] V_Motors: 28.209 V
[LIFT] V_Compute: 28.736 V
[LIFT] V_Motors: 28.201 V
[LIFT] V_Compute: 28.711 V
[LIFT] V_Motors: 28.192 V
[LIFT] V_Compute: 28.739 V
[LIFT] V_Motors: 28.186 V
[LIFT] V_Compute: 28.726 V
[LIFT] V_Motors: 28.192 V
[LIFT] V_Compute: 28.725 V
[LIFT] V_Motors: 28.206 V
[LIFT] V_Compute: 28.746 V
[LIFT] V_Motors: 28.206 V
[LIFT] V_Compute: 28.739 V
[LIFT] V_Motors: 28.210 V
[LIFT] V_Compute: 28.753 V
[LIFT] V_Motors: 28.208 V
[LIFT] V_Compute: 28.756 V
[LIFT] V_Motors: 28.214 V
[LIFT] V_Compute: 28.743 V
[LIFT] V_Motors: 28.210 V
[LIFT] V_Compute: 28.760 V
[LIFT] V_Motors: 28.202 V
[LIFT] V_Compute: 28.737 V
[LIFT] V_Motors: 28.202 V
[LIFT] V_Compute: 28.746 V
[LIFT] V_Motors: 28.202 V
[LIFT] V_Compute: 28.760 V
[LIFT] V_Motors: 28.200 V
[LIFT] V_Compute: 28.745 V
[LIFT] V_Motors: 28.204 V
[LIFT] V_Compute: 28.724 V
[LIFT] V_Motors: 28.205 V
[LIFT] V_Compute: 28.736 V
[LIFT] V_Motors: 28.201 V
[LIFT] V_Compute: 28.751 V
[LIFT] V_Motors: 28.216 V
[LIFT] V_Compute: 28.720 V
[LIFT] V_Motors: 28.218 V
[LIFT] V_Compute: 28.745 V
[LIFT] V_Motors: 28.208 V
[LIFT] V_Compute: 28.741 V
[LIFT] V_Motors: 28.195 V
[LIFT] V_Compute: 28.732 V
[LIFT] V_Motors: 28.206 V
[LIFT] V_Compute: 28.728 V
[LIFT] V_Motors: 28.210 V
[LIFT] V_Compute: 28.721 V
[LIFT] V_Motors: 28.202 V
[LIFT] V_Compute: 28.751 V
[LIFT] V_Motors: 28.205 V
[LIFT] V_Compute: 28.744 V
[LIFT] V_Motors: 28.199 V
[LIFT] V_Compute: 28.740 V
[LIFT] V_Motors: 28.208 V
[LIFT] V_Compute: 28.731 V
[LIFT] V_Motors: 28.221 V
[LIFT] V_Compute: 28.732 V
[LIFT] V_Motors: 28.214 V
[LIFT] V_Compute: 28.755 V
[LIFT] V_Motors: 28.199 V
[LIFT] V_Compute: 28.740 V
[LIFT] V_Motors: 28.201 V
[LIFT] V_Compute: 28.770 V
[LIFT] V_Motors: 28.221 V
[LIFT] V_Compute: 28.710 V
[LIFT] V_Motors: 28.199 V
[LIFT] V_Compute: 28.725 V
[LIFT] V_Motors: 28.201 V
[LIFT] V_Compute: 28.726 V
[LIFT] V_Motors: 28.215 V
[LIFT] V_Compute: 28.728 V
[LIFT] V_Motors: 28.202 V
[LIFT] V_Compute: 28.728 V
[LIFT] V_Motors: 28.215 V
[LIFT] V_Compute: 28.746 V
[LIFT] V_Motors: 28.212 V
[LIFT] V_Compute: 28.729 V
[LIFT] V_Motors: 28.199 V
[LIFT] V_Compute: 28.731 V
[LIFT] V_Motors: 28.208 V
[LIFT] V_Compute: 28.722 V
[LIFT] V_Motors: 28.200 V
[LIFT] V_Compute: 28.729 V
[LIFT] V_Motors: 28.216 V
[LIFT] V_Compute: 28.744 V
[LIFT] V_Motors: 28.204 V
[LIFT] V_Compute: 28.746 V
[LIFT] V_Motors: 28.224 V
[LIFT] V_Compute: 28.732 V
[LIFT] V_Motors: 28.212 V
[LIFT] V_Compute: 28.780 V
[LIFT] V_Motors: 28.210 V
[LIFT] V_Compute: 28.736 V
[LIFT] V_Motors: 28.211 V
[LIFT] V_Compute: 28.729 V
[LIFT] V_Motors: 28.210 V
[LIFT] V_Compute: 28.737 V
[LIFT] V_Motors: 28.211 V
[LIFT] V_Compute: 28.735 V
[LIFT] V_Motors: 28.208 V
[LIFT] V_Compute: 28.734 V
[LIFT] V_Motors: 28.220 V
[LIFT] V_Compute: 28.736 V
[LIFT] V_Motors: 28.206 V
[LIFT] V_Compute: 28.725 V
[LIFT] V_Motors: 28.218 V
[LIFT] V_Compute: 28.751 V
[LIFT] V_Motors: 28.220 V
[LIFT] V_Compute: 28.761 V
[LIFT] V_Motors: 28.225 V
[LIFT] V_Compute: 28.743 V
[LIFT] V_Motors: 28.209 V
[LIFT] V_Compute: 28.749 V
[LIFT] V_Motors: 28.209 V
[LIFT] V_Compute: 28.750 V
[LIFT] V_Motors: 28.218 V
[LIFT] V_Compute: 28.728 V
[LIFT] V_Motors: 28.215 V
[LIFT] V_Compute: 28.751 V
[LIFT] V_Motors: 28.212 V
[LIFT] V_Compute: 28.755 V
[LIFT] V_Motors: 28.202 V
[LIFT] V_Compute: 28.744 V
[LIFT] V_Motors: 28.218 V
[LIFT] V_Compute: 28.751 V
[LIFT] V_Motors: 28.208 V
[LIFT] V_Compute: 28.726 V
[LIFT] V_Motors: 28.214 V
[LIFT] V_Compute: 28.722 V
[LIFT] V_Motors: 28.209 V
[LIFT] V_Compute: 28.750 V
[LIFT] V_Motors: 28.211 V
[LIFT] V_Compute: 28.741 V
[LIFT] V_Motors: 28.211 V
[LIFT] V_Compute: 28.751 V
[LIFT] V_Motors: 28.215 V
[LIFT] V_Compute: 28.744 V
[LIFT] V_Motors: 28.206 V
[LIFT] V_Compute: 28.744 V
[LIFT] V_Motors: 28.214 V
[LIFT] V_Compute: 28.730 V
[LIFT] V_Motors: 28.219 V
[LIFT] V_Compute: 28.732 V
[LIFT] V_Motors: 28.210 V
[LIFT] V_Compute: 28.734 V
[LIFT] V_Motors: 28.218 V
[LIFT] V_Compute: 28.734 V
[LIFT] V_Motors: 28.219 V
[LIFT] V_Compute: 28.740 V
[LIFT] V_Motors: 28.215 V
[LIFT] V_Compute: 28.750 V
[LIFT] V_Motors: 28.208 V
[LIFT] V_Compute: 28.746 V
[LIFT] V_Motors: 28.220 V
[LIFT] V_Compute: 28.750 V
[LIFT] V_Motors: 28.208 V
[LIFT] V_Compute: 28.736 V
[LIFT] V_Motors: 28.214 V
[LIFT] V_Compute: 28.766 V
[LIFT] V_Motors: 28.228 V
[LIFT] V_Compute: 28.736 V
[LIFT] V_Motors: 28.214 V
[LIFT] V_Compute: 28.737 V
[LIFT] V_Motors: 28.219 V
[LIFT] V_Compute: 28.730 V
[LIFT] V_Motors: 28.206 V
[LIFT] V_Compute: 28.744 V
[LIFT] V_Motors: 28.228 V
[LIFT] V_Compute: 28.766 V
[LIFT] V_Motors: 28.221 V
[LIFT] V_Compute: 28.745 V
[LIFT] V_Motors: 28.208 V
[LIFT] V_Compute: 28.750 V
[LIFT] V_Motors: 28.228 V
[LIFT] V_Compute: 28.753 V
[LIFT] V_Motors: 28.215 V
[LIFT] V_Compute: 28.739 V
[LIFT] V_Motors: 28.199 V
[LIFT] V_Compute: 28.753 V
[LIFT] V_Motors: 28.210 V
[LIFT] V_Compute: 28.740 V
[LIFT] V_Motors: 28.208 V
[LIFT] V_Compute: 28.739 V
[LIFT] V_Motors: 28.206 V
[LIFT] V_Compute: 28.737 V
[LIFT] V_Motors: 28.214 V
[LIFT] V_Compute: 28.766 V
[LIFT] V_Motors: 28.216 V
[LIFT] V_Compute: 28.726 V
[LIFT] V_Motors: 28.224 V
[LIFT] V_Compute: 28.753 V
[LIFT] V_Motors: 28.218 V
[LIFT] V_Compute: 28.746 V
[LIFT] V_Motors: 28.205 V
[LIFT] V_Compute: 28.730 V
[LIFT] V_Motors: 28.214 V
[LIFT] V_Compute: 28.729 V
[LIFT] V_Motors: 28.222 V
[LIFT] V_Compute: 28.767 V
[LIFT] V_Motors: 28.224 V
[LIFT] V_Compute: 28.736 V
[LIFT] V_Motors: 28.225 V
[LIFT] V_Compute: 28.724 V
[LIFT] V_Motors: 28.214 V
[LIFT] V_Compute: 28.751 V
[LIFT] V_Motors: 28.205 V
[LIFT] V_Compute: 28.753 V
[LIFT] V_Motors: 28.191 V
[LIFT] V_Compute: 28.757 V
[LIFT] V_Motors: 28.222 V
[LIFT] V_Compute: 28.754 V
[LIFT] V_Motors: 28.228 V
[LIFT] V_Compute: 28.769 V
[LIFT] V_Motors: 28.218 V
[LIFT] V_Compute: 28.735 V
[LIFT] V_Motors: 28.222 V
[LIFT] V_Compute: 28.730 V
[LIFT] V_Motors: 28.221 V
[LIFT] V_Compute: 28.769 V
[LIFT] V_Motors: 28.234 V
[LIFT] V_Compute: 28.769 V
[LIFT] V_Motors: 28.200 V
[LIFT] V_Compute: 28.722 V
[LIFT] V_Motors: 28.212 V
[LIFT] V_Compute: 28.755 V
[LIFT] V_Motors: 28.212 V
[LIFT] V_Compute: 28.745 V
[LIFT] V_Motors: 28.240 V
[LIFT] V_Compute: 28.720 V
[LIFT] V_Motors: 28.222 V
[LIFT] V_Compute: 28.751 V
[LIFT] V_Motors: 28.234 V
[LIFT] V_Compute: 28.759 V
[LIFT] V_Motors: 28.214 V
[LIFT] V_Compute: 28.743 V
[LIFT] V_Motors: 28.211 V
[LIFT] V_Compute: 28.754 V
[LIFT] V_Motors: 28.220 V
[LIFT] V_Compute: 28.746 V
[LIFT] V_Motors: 28.222 V
[LIFT] V_Compute: 28.749 V
[LIFT] V_Motors: 28.216 V
[LIFT] V_Compute: 28.732 V
[LIFT] V_Motors: 28.219 V
[LIFT] V_Compute: 28.730 V
[LIFT] V_Motors: 28.205 V
[LIFT] V_Compute: 28.745 V
[LIFT] V_Motors: 28.228 V
[LIFT] V_Compute: 28.716 V
[LIFT] V_Motors: 28.221 V
[LIFT] V_Compute: 28.746 V
[LIFT] V_Motors: 28.235 V
[LIFT] V_Compute: 28.759 V
[LIFT] V_Motors: 28.216 V
[LIFT] V_Compute: 28.744 V
[LIFT] V_Motors: 28.231 V
[LIFT] V_Compute: 28.720 V
[LIFT] V_Motors: 28.232 V
[LIFT] V_Compute: 28.730 V
[LIFT] V_Motors: 28.230 V
[LIFT] V_Compute: 28.730 V
[LIFT] V_Motors: 28.215 V
[LIFT] V_Compute: 28.743 V
[LIFT] V_Motors: 28.208 V
[LIFT] V_Compute: 28.743 V
[LIFT] V_Motors: 28.229 V
[LIFT] V_Compute: 28.731 V
[LIFT] V_Motors: 28.237 V
[LIFT] V_Compute: 28.746 V
[LIFT] V_Motors: 28.222 V
[LIFT] V_Compute: 28.750 V
[LIFT] V_Motors: 28.244 V
[LIFT] V_Compute: 28.745 V
[LIFT] V_Motors: 28.220 V
[LIFT] V_Compute: 28.747 V
[LIFT] V_Motors: 28.221 V
[LIFT] V_Compute: 28.746 V
[LIFT] V_Motors: 28.219 V
[LIFT] V_Compute: 28.756 V
[LIFT] V_Motors: 28.232 V
[LIFT] V_Compute: 28.741 V
[LIFT] V_Motors: 28.219 V
[LIFT] V_Compute: 28.754 V
[LIFT] V_Motors: 28.221 V
[LIFT] V_Compute: 28.769 V
[LIFT] V_Motors: 28.236 V
[LIFT] V_Compute: 28.735 V
[LIFT] V_Motors: 28.210 V
[LIFT] V_Compute: 28.716 V
[LIFT] V_Motors: 28.225 V
[LIFT] V_Compute: 28.750 V
[LIFT] V_Motors: 28.222 V
[LIFT] V_Compute: 28.761 V
[LIFT] V_Motors: 28.228 V
[LIFT] V_Compute: 28.757 V
[LIFT] V_Motors: 28.230 V
[LIFT] V_Compute: 28.760 V
[LIFT] V_Motors: 28.219 V
[LIFT] V_Compute: 28.739 V
[LIFT] V_Motors: 28.216 V
[LIFT] V_Compute: 28.720 V
[LIFT] V_Motors: 28.224 V
[LIFT] V_Compute: 28.729 V
[LIFT] V_Motors: 28.228 V
[LIFT] V_Compute: 28.728 V
[LIFT] V_Motors: 28.215 V
[LIFT] V_Compute: 28.732 V
[LIFT] V_Motors: 28.202 V
[LIFT] V_Compute: 28.736 V
[LIFT] V_Motors: 28.239 V
[LIFT] V_Compute: 28.740 V
[LIFT] V_Motors: 28.232 V
[LIFT] V_Compute: 28.729 V
[LIFT] V_Motors: 28.212 V
[LIFT] V_Compute: 28.745 V
[LIFT] V_Motors: 28.229 V
[LIFT] V_Compute: 28.731 V
[LIFT] V_Motors: 28.220 V
[LIFT] V_Compute: 28.743 V
[LIFT] V_Motors: 28.218 V
[LIFT] V_Compute: 28.751 V
[LIFT] V_Motors: 28.208 V
[LIFT] V_Compute: 28.719 V
[LIFT] V_Motors: 28.228 V
[LIFT] V_Compute: 28.763 V
[LIFT] V_Motors: 28.218 V
[LIFT] V_Compute: 28.750 V
[LIFT] V_Motors: 28.216 V
[LIFT] V_Compute: 28.750 V
[LIFT] V_Motors: 28.219 V
[LIFT] V_Compute: 28.745 V
[LIFT] V_Motors: 28.232 V
[LIFT] V_Compute: 28.751 V
[LIFT] V_Motors: 28.226 V
[LIFT] V_Compute: 28.739 V
[LIFT] V_Motors: 28.234 V
[LIFT] V_Compute: 28.760 V
[LIFT] V_Motors: 28.222 V
[LIFT] V_Compute: 28.725 V
[LIFT] V_Motors: 28.209 V
[LIFT] V_Compute: 28.739 V
[LIFT] V_Motors: 28.219 V
[LIFT] V_Compute: 28.735 V
[LIFT] V_Motors: 28.221 V
[LIFT] V_Compute: 28.751 V
[LIFT] V_Motors: 28.226 V
[LIFT] V_Compute: 28.771 V
[LIFT] V_Motors: 28.225 V
[LIFT] V_Compute: 28.743 V
[LIFT] V_Motors: 28.229 V
[LIFT] V_Compute: 28.756 V
[LIFT] V_Motors: 28.222 V
[LIFT] V_Compute: 28.736 V
[LIFT] V_Motors: 28.221 V
[LIFT] V_Compute: 28.761 V
[LIFT] V_Motors: 28.221 V
[LIFT] V_Compute: 28.760 V
[LIFT] V_Motors: 28.245 V
[LIFT] V_Compute: 28.771 V
[LIFT] V_Motors: 28.229 V
[LIFT] V_Compute: 28.714 V
[LIFT] V_Motors: 28.230 V
[LIFT] V_Compute: 28.751 V
[LIFT] V_Motors: 28.229 V
[LIFT] V_Compute: 28.756 V
[LIFT] V_Motors: 28.228 V
[LIFT] V_Compute: 28.743 V
[LIFT] V_Motors: 28.226 V
[LIFT] V_Compute: 28.754 V
[LIFT] V_Motors: 28.230 V
[LIFT] V_Compute: 28.757 V
[LIFT] V_Motors: 28.224 V
[LIFT] V_Compute: 28.740 V
[LIFT] V_Motors: 28.231 V
[LIFT] V_Compute: 28.764 V
[LIFT] V_Motors: 28.220 V
[LIFT] V_Compute: 28.750 V
[LIFT] V_Motors: 28.228 V
[LIFT] V_Compute: 28.747 V
[LIFT] V_Motors: 28.230 V
[LIFT] V_Compute: 28.765 V
[LIFT] V_Motors: 28.235 V
[LIFT] V_Compute: 28.756 V
[LIFT] V_Motors: 28.221 V
[LIFT] V_Compute: 28.754 V
[LIFT] V_Motors: 28.229 V
[LIFT] V_Compute: 28.745 V
[LIFT] V_Motors: 28.228 V
[LIFT] V_Compute: 28.754 V
[LIFT] V_Motors: 28.232 V
[LIFT] V_Compute: 28.736 V
[LIFT] V_Motors: 28.228 V
[LIFT] V_Compute: 28.774 V
[LIFT] V_Motors: 28.228 V
[LIFT] V_Compute: 28.735 V
[LIFT] V_Motors: 28.228 V
[LIFT] V_Compute: 28.745 V
[LIFT] V_Motors: 28.235 V
[LIFT] V_Compute: 28.754 V
[LIFT] V_Motors: 28.228 V
[LIFT] V_Compute: 28.775 V
[LIFT] V_Motors: 28.237 V
[LIFT] V_Compute: 28.747 V
[LIFT] V_Motors: 28.230 V
[LIFT] V_Compute: 28.744 V
[LIFT] V_Motors: 28.230 V
[LIFT] V_Compute: 28.747 V
[LIFT] V_Motors: 28.241 V
[LIFT] V_Compute: 28.756 V
[LIFT] V_Motors: 28.239 V
[LIFT] V_Compute: 28.753 V
[LIFT] V_Motors: 28.226 V
[LIFT] V_Compute: 28.755 V
[LIFT] V_Motors: 28.234 V
[LIFT] V_Compute: 28.728 V
[LIFT] V_Motors: 28.224 V
[LIFT] V_Compute: 28.750 V
[LIFT] V_Motors: 28.247 V
[LIFT] V_Compute: 28.753 V
[LIFT] V_Motors: 28.246 V
[LIFT] V_Compute: 28.766 V
[LIFT] V_Motors: 28.241 V
[LIFT] V_Compute: 28.751 V
[LIFT] V_Motors: 28.234 V
[LIFT] V_Compute: 28.753 V
[LIFT] V_Motors: 28.232 V
[LIFT] V_Compute: 28.755 V
[LIFT] V_Motors: 28.237 V
[LIFT] V_Compute: 28.735 V
[LIFT] V_Motors: 28.219 V
[LIFT] V_Compute: 28.751 V
[LIFT] V_Motors: 28.228 V
[LIFT] V_Compute: 28.759 V
[LIFT] V_Motors: 28.237 V
[LIFT] V_Compute: 28.759 V
[LIFT] V_Motors: 28.236 V
[LIFT] V_Compute: 28.747 V
[LIFT] V_Motors: 28.245 V
[LIFT] V_Compute: 28.741 V
[LIFT] V_Motors: 28.235 V
[LIFT] V_Compute: 28.755 V
[LIFT] V_Motors: 28.228 V
[LIFT] V_Compute: 28.743 V
[LIFT] V_Motors: 28.228 V
[LIFT] V_Compute: 28.747 V
[LIFT] V_Motors: 28.224 V
[LIFT] V_Compute: 28.760 V
[LIFT] V_Motors: 28.229 V
[LIFT] V_Compute: 28.765 V
[LIFT] V_Motors: 28.235 V
[LIFT] V_Compute: 28.743 V
[LIFT] V_Motors: 28.239 V
[LIFT] V_Compute: 28.750 V
[LIFT] V_Motors: 28.230 V
[LIFT] V_Compute: 28.736 V
[LIFT] V_Motors: 28.226 V
[LIFT] V_Compute: 28.744 V
[LIFT] V_Motors: 28.239 V
[LIFT] V_Compute: 28.747 V
[LIFT] V_Motors: 28.237 V
[LIFT] V_Compute: 28.765 V
[LIFT] V_Motors: 28.229 V
[LIFT] V_Compute: 28.749 V
[LIFT] V_Motors: 28.230 V
[LIFT] V_Compute: 28.755 V
[LIFT] V_Motors: 28.236 V
[LIFT] V_Compute: 28.751 V
[LIFT] V_Motors: 28.229 V
[LIFT] V_Compute: 28.749 V
[LIFT] V_Motors: 28.240 V
[LIFT] V_Compute: 28.741 V
[LIFT] V_Motors: 28.222 V
[LIFT] V_Compute: 28.763 V
[LIFT] V_Motors: 28.232 V
[LIFT] V_Compute: 28.760 V
[LIFT] V_Motors: 28.231 V
[LIFT] V_Compute: 28.755 V
[LIFT] V_Motors: 28.230 V
[LIFT] V_Compute: 28.757 V
[LIFT] V_Motors: 28.231 V
[LIFT] V_Compute: 28.753 V
[LIFT] V_Motors: 28.228 V
[LIFT] V_Compute: 28.775 V
[LIFT] V_Motors: 28.247 V
[LIFT] V_Compute: 28.755 V
[LIFT] V_Motors: 28.234 V
[LIFT] V_Compute: 28.743 V
[LIFT] V_Motors: 28.219 V
[LIFT] V_Compute: 28.739 V
[LIFT] V_Motors: 28.229 V
[LIFT] V_Compute: 28.754 V
[LIFT] V_Motors: 28.231 V
[LIFT] V_Compute: 28.746 V
[LIFT] V_Motors: 28.236 V
[LIFT] V_Compute: 28.739 V
[LIFT] V_Motors: 28.253 V
[LIFT] V_Compute: 28.749 V
[LIFT] V_Motors: 28.237 V
[LIFT] V_Compute: 28.763 V
[LIFT] V_Motors: 28.239 V
[LIFT] V_Compute: 28.784 V
[LIFT] V_Motors: 28.244 V
[LIFT] V_Compute: 28.745 V
[LIFT] V_Motors: 28.244 V
[LIFT] V_Compute: 28.761 V
[LIFT] V_Motors: 28.244 V
[LIFT] V_Compute: 28.749 V
[LIFT] V_Motors: 28.245 V
[LIFT] V_Compute: 28.754 V
[LIFT] V_Motors: 28.239 V
[LIFT] V_Compute: 28.763 V
[LIFT] V_Motors: 28.240 V
[LIFT] V_Compute: 28.763 V
[LIFT] V_Motors: 28.231 V
[LIFT] V_Compute: 28.769 V
[LIFT] V_Motors: 28.243 V
[LIFT] V_Compute: 28.769 V
[LIFT] V_Motors: 28.230 V
[LIFT] V_Compute: 28.774 V
[LIFT] V_Motors: 28.240 V
[LIFT] V_Compute: 28.744 V
[LIFT] V_Motors: 28.241 V
[LIFT] V_Compute: 28.755 V
[LIFT] V_Motors: 28.229 V
[LIFT] V_Compute: 28.747 V
[LIFT] V_Motors: 28.243 V
[LIFT] V_Compute: 28.750 V
[LIFT] V_Motors: 28.234 V
[LIFT] V_Compute: 28.760 V
[LIFT] V_Motors: 28.230 V
[LIFT] V_Compute: 28.745 V
[LIFT] V_Motors: 28.231 V
[LIFT] V_Compute: 28.766 V
[LIFT] V_Motors: 28.234 V
[LIFT] V_Compute: 28.764 V
[LIFT] V_Motors: 28.235 V
[LIFT] V_Compute: 28.767 V
[LIFT] V_Motors: 28.241 V
[LIFT] V_Compute: 28.756 V
[LIFT] V_Motors: 28.224 V
[LIFT] V_Compute: 28.754 V
[LIFT] V_Motors: 28.257 V
[LIFT] V_Compute: 28.736 V
[LIFT] V_Motors: 28.228 V
[LIFT] V_Compute: 28.730 V
[LIFT] V_Motors: 28.231 V
[LIFT] V_Compute: 28.759 V
[LIFT] V_Motors: 28.243 V
[LIFT] V_Compute: 28.755 V
[LIFT] V_Motors: 28.249 V
[LIFT] V_Compute: 28.767 V
[LIFT] V_Motors: 28.244 V
[LIFT] V_Compute: 28.769 V
[LIFT] V_Motors: 28.230 V
[LIFT] V_Compute: 28.756 V
[LIFT] V_Motors: 28.232 V
[LIFT] V_Compute: 28.744 V
[LIFT] V_Motors: 28.247 V
[LIFT] V_Compute: 28.747 V
[LIFT] V_Motors: 28.243 V
[LIFT] V_Compute: 28.766 V
[LIFT] V_Motors: 28.234 V
[LIFT] V_Compute: 28.754 V
[LIFT] V_Motors: 28.235 V
[LIFT] V_Compute: 28.747 V
[LIFT] V_Motors: 28.231 V
[LIFT] V_Compute: 28.774 V
[LIFT] V_Motors: 28.224 V
[LIFT] V_Compute: 28.743 V
[LIFT] V_Motors: 28.265 V
[LIFT] V_Compute: 28.750 V
[LIFT] V_Motors: 28.241 V
[LIFT] V_Compute: 28.776 V
[LIFT] V_Motors: 28.255 V
[LIFT] V_Compute: 28.750 V
[LIFT] V_Motors: 28.241 V
[LIFT] V_Compute: 28.777 V
[LIFT] V_Motors: 28.240 V
[LIFT] V_Compute: 28.756 V
[LIFT] V_Motors: 28.246 V
[LIFT] V_Compute: 28.750 V
[LIFT] V_Motors: 28.243 V
[LIFT] V_Compute: 28.757 V
[LIFT] V_Motors: 28.240 V
[LIFT] V_Compute: 28.766 V
[LIFT] V_Motors: 28.240 V
[LIFT] V_Compute: 28.775 V
[LIFT] V_Motors: 28.240 V
[LIFT] V_Compute: 28.741 V
[LIFT] V_Motors: 28.245 V
[LIFT] V_Compute: 28.767 V
[LIFT] V_Motors: 28.240 V
[LIFT] V_Compute: 28.756 V
[LIFT] V_Motors: 28.240 V
[LIFT] V_Compute: 28.765 V
[LIFT] V_Motors: 28.244 V
[LIFT] V_Compute: 28.765 V
[LIFT] V_Motors: 28.250 V
[LIFT] V_Compute: 28.777 V
[LIFT] V_Motors: 28.237 V
[LIFT] V_Compute: 28.761 V
[LIFT] V_Motors: 28.247 V
[LIFT] V_Compute: 28.771 V
[LIFT] V_Motors: 28.246 V
[LIFT] V_Compute: 28.756 V
[LIFT] V_Motors: 28.249 V
[LIFT] V_Compute: 28.769 V
[LIFT] V_Motors: 28.249 V
[LIFT] V_Compute: 28.740 V
[LIFT] V_Motors: 28.231 V
[LIFT] V_Compute: 28.750 V
[LIFT] V_Motors: 28.239 V
[LIFT] V_Compute: 28.765 V
[LIFT] V_Motors: 28.243 V
[LIFT] V_Compute: 28.743 V
[LIFT] V_Motors: 28.230 V
[LIFT] V_Compute: 28.746 V
[LIFT] V_Motors: 28.240 V
[LIFT] V_Compute: 28.771 V
[LIFT] V_Motors: 28.251 V
[LIFT] V_Compute: 28.786 V
[LIFT] V_Motors: 28.249 V
[LIFT] V_Compute: 28.754 V
[LIFT] V_Motors: 28.234 V
[LIFT] V_Compute: 28.747 V
[LIFT] V_Motors: 28.246 V
[LIFT] V_Compute: 28.747 V
[LIFT] V_Motors: 28.251 V
[LIFT] V_Compute: 28.772 V
[LIFT] V_Motors: 28.245 V
[LIFT] V_Compute: 28.761 V
[LIFT] V_Motors: 28.261 V
[LIFT] V_Compute: 28.761 V
[LIFT] V_Motors: 28.256 V
[LIFT] V_Compute: 28.759 V
[LIFT] V_Motors: 28.235 V
[LIFT] V_Compute: 28.777 V
[LIFT] V_Motors: 28.257 V
[LIFT] V_Compute: 28.757 V
[LIFT] V_Motors: 28.245 V
[LIFT] V_Compute: 28.757 V
[LIFT] V_Motors: 28.241 V
[LIFT] V_Compute: 28.753 V
[LIFT] V_Motors: 28.239 V
[LIFT] V_Compute: 28.743 V
[LIFT] V_Motors: 28.247 V
[LIFT] V_Compute: 28.760 V
[LIFT] V_Motors: 28.245 V
[LIFT] V_Compute: 28.759 V
[LIFT] V_Motors: 28.246 V
[LIFT] V_Compute: 28.764 V
[LIFT] V_Motors: 28.270 V
[LIFT] V_Compute: 28.755 V
[LIFT] V_Motors: 28.240 V
[LIFT] V_Compute: 28.760 V
[LIFT] V_Motors: 28.259 V
[LIFT] V_Compute: 28.756 V
[LIFT] V_Motors: 28.243 V
[LIFT] V_Compute: 28.747 V
[LIFT] V_Motors: 28.236 V
[LIFT] V_Compute: 28.765 V
[LIFT] V_Motors: 28.243 V
[LIFT] V_Compute: 28.772 V
[LIFT] V_Motors: 28.254 V
[LIFT] V_Compute: 28.761 V
[LIFT] V_Motors: 28.246 V
[LIFT] V_Compute: 28.782 V
[LIFT] V_Motors: 28.250 V
[LIFT] V_Compute: 28.767 V
[LIFT] V_Motors: 28.246 V
[LIFT] V_Compute: 28.756 V
[LIFT] V_Motors: 28.243 V
[LIFT] V_Compute: 28.775 V
[LIFT] V_Motors: 28.247 V
[LIFT] V_Compute: 28.763 V
[LIFT] V_Motors: 28.251 V
[LIFT] V_Compute: 28.764 V
[LIFT] V_Motors: 28.250 V
[LIFT] V_Compute: 28.753 V
[LIFT] V_Motors: 28.241 V
[LIFT] V_Compute: 28.766 V
[LIFT] V_Motors: 28.245 V
[LIFT] V_Compute: 28.772 V
[LIFT] V_Motors: 28.260 V
[LIFT] V_Compute: 28.760 V
[LIFT] V_Motors: 28.256 V
[LIFT] V_Compute: 28.759 V
[LIFT] V_Motors: 28.245 V
[LIFT] V_Compute: 28.764 V
[LIFT] V_Motors: 28.245 V
[LIFT] V_Compute: 28.774 V
[LIFT] V_Motors: 28.256 V
[LIFT] V_Compute: 28.766 V
[LIFT] V_Motors: 28.250 V
[LIFT] V_Compute: 28.753 V
[LIFT] V_Motors: 28.251 V
[LIFT] V_Compute: 28.753 V
[LIFT] V_Motors: 28.243 V
[LIFT] V_Compute: 28.753 V
[LIFT] V_Motors: 28.246 V
[LIFT] V_Compute: 28.751 V
[LIFT] V_Motors: 28.237 V
[LIFT] V_Compute: 28.765 V
[LIFT] V_Motors: 28.240 V
[LIFT] V_Compute: 28.781 V
[LIFT] V_Motors: 28.234 V
[LIFT] V_Compute: 28.769 V
[LIFT] V_Motors: 28.257 V
[LIFT] V_Compute: 28.776 V
[LIFT] V_Motors: 28.239 V
[LIFT] V_Compute: 28.760 V
[LIFT] V_Motors: 28.249 V
[LIFT] V_Compute: 28.769 V
[LIFT] V_Motors: 28.245 V
[LIFT] V_Compute: 28.789 V
[LIFT] V_Motors: 28.250 V
[LIFT] V_Compute: 28.757 V
[LIFT] V_Motors: 28.236 V
[LIFT] V_Compute: 28.750 V
[LIFT] V_Motors: 28.271 V
[LIFT] V_Compute: 28.766 V
[LIFT] V_Motors: 28.257 V
[LIFT] V_Compute: 28.745 V
[LIFT] V_Motors: 28.249 V
[LIFT] V_Compute: 28.765 V
[LIFT] V_Motors: 28.235 V
[LIFT] V_Compute: 28.764 V
[LIFT] V_Motors: 28.241 V
[LIFT] V_Compute: 28.761 V
[LIFT] V_Motors: 28.245 V
[LIFT] V_Compute: 28.791 V
[LIFT] V_Motors: 28.257 V
[LIFT] V_Compute: 28.749 V
[LIFT] V_Motors: 28.251 V
[LIFT] V_Compute: 28.754 V
[LIFT] V_Motors: 28.249 V
[LIFT] V_Compute: 28.784 V
[LIFT] V_Motors: 28.245 V
[LIFT] V_Compute: 28.775 V
[LIFT] V_Motors: 28.259 V
[LIFT] V_Compute: 28.777 V
[LIFT] V_Motors: 28.260 V
[LIFT] V_Compute: 28.786 V
[LIFT] V_Motors: 28.247 V
[LIFT] V_Compute: 28.745 V
[LIFT] V_Motors: 28.259 V
[LIFT] V_Compute: 28.747 V
[LIFT] V_Motors: 28.260 V
[LIFT] V_Compute: 28.759 V
[LIFT] V_Motors: 28.246 V
[LIFT] V_Compute: 28.760 V
[LIFT] V_Motors: 28.250 V
[LIFT] V_Compute: 28.769 V
[LIFT] V_Motors: 28.254 V
[LIFT] V_Compute: 28.779 V
[LIFT] V_Motors: 28.256 V
[LIFT] V_Compute: 28.749 V
[LIFT] V_Motors: 28.253 V
[LIFT] V_Compute: 28.772 V
[LIFT] V_Motors: 28.254 V
[LIFT] V_Compute: 28.764 V
[LIFT] V_Motors: 28.254 V
[LIFT] V_Compute: 28.750 V
[LIFT] V_Motors: 28.254 V
[LIFT] V_Compute: 28.760 V
[LIFT] V_Motors: 28.245 V
[LIFT] V_Compute: 28.765 V
[LIFT] V_Motors: 28.246 V
[LIFT] V_Compute: 28.754 V
[LIFT] V_Motors: 28.230 V
[LIFT] V_Compute: 28.767 V
[LIFT] V_Motors: 28.251 V
[LIFT] V_Compute: 28.770 V
[LIFT] V_Motors: 28.263 V
[LIFT] V_Compute: 28.775 V
[LIFT] V_Motors: 28.265 V
[LIFT] V_Compute: 28.759 V
[LIFT] V_Motors: 28.236 V
[LIFT] V_Compute: 28.780 V
[LIFT] V_Motors: 28.251 V
[LIFT] V_Compute: 28.776 V
[LIFT] V_Motors: 28.260 V
[LIFT] V_Compute: 28.728 V
[LIFT] V_Motors: 28.251 V
[LIFT] V_Compute: 28.754 V
[LIFT] V_Motors: 28.254 V
[LIFT] V_Compute: 28.795 V
[LIFT] V_Motors: 28.263 V
[LIFT] V_Compute: 28.779 V
[LIFT] V_Motors: 28.267 V
[LIFT] V_Compute: 28.779 V
[LIFT] V_Motors: 28.259 V
[LIFT] V_Compute: 28.769 V
[LIFT] V_Motors: 28.260 V
[LIFT] V_Compute: 28.772 V
[LIFT] V_Motors: 28.256 V
[LIFT] V_Compute: 28.760 V
[LIFT] V_Motors: 28.255 V
[LIFT] V_Compute: 28.765 V
[LIFT] V_Motors: 28.247 V
[LIFT] V_Compute: 28.757 V
[LIFT] V_Motors: 28.260 V
[LIFT] V_Compute: 28.761 V
[LIFT] V_Motors: 28.263 V
[LIFT] V_Compute: 28.764 V
[LIFT] V_Motors: 28.260 V
[LIFT] V_Compute: 28.753 V
[LIFT] V_Motors: 28.249 V
[LIFT] V_Compute: 28.767 V
[LIFT] V_Motors: 28.247 V
[LIFT] V_Compute: 28.779 V
[LIFT] V_Motors: 28.253 V
[LIFT] V_Compute: 28.754 V
[LIFT] V_Motors: 28.259 V
[LIFT] V_Compute: 28.780 V
[LIFT] V_Motors: 28.259 V
[LIFT] V_Compute: 28.761 V
[LIFT] V_Motors: 28.243 V
[LIFT] V_Compute: 28.765 V
[LIFT] V_Motors: 28.255 V
[LIFT] V_Compute: 28.782 V
[LIFT] V_Motors: 28.253 V
[LIFT] V_Compute: 28.776 V
[LIFT] V_Motors: 28.265 V
[LIFT] V_Compute: 28.780 V
[LIFT] V_Motors: 28.259 V
[LIFT] V_Compute: 28.753 V
[LIFT] V_Motors: 28.241 V
[LIFT] V_Compute: 28.772 V
[LIFT] V_Motors: 28.263 V
[LIFT] V_Compute: 28.747 V
[LIFT] V_Motors: 28.249 V
[LIFT] V_Compute: 28.774 V
[LIFT] V_Motors: 28.267 V
[LIFT] V_Compute: 28.770 V
[LIFT] V_Motors: 28.257 V
[LIFT] V_Compute: 28.765 V
[LIFT] V_Motors: 28.245 V
[LIFT] V_Compute: 28.789 V
[LIFT] V_Motors: 28.260 V
[LIFT] V_Compute: 28.754 V
[LIFT] V_Motors: 28.266 V
[LIFT] V_Compute: 28.781 V
[LIFT] V_Motors: 28.267 V
[LIFT] V_Compute: 28.782 V
[LIFT] V_Motors: 28.264 V
[LIFT] V_Compute: 28.767 V
[LIFT] V_Motors: 28.250 V
[LIFT] V_Compute: 28.774 V
[LIFT] V_Motors: 28.265 V
[LIFT] V_Compute: 28.756 V
[LIFT] V_Motors: 28.255 V
[LIFT] V_Compute: 28.788 V
[LIFT] V_Motors: 28.257 V
[LIFT] V_Compute: 28.763 V
[LIFT] V_Motors: 28.253 V
[LIFT] V_Compute: 28.771 V
[LIFT] V_Motors: 28.280 V
[LIFT] V_Compute: 28.782 V
[LIFT] V_Motors: 28.269 V
[LIFT] V_Compute: 28.775 V
[LIFT] V_Motors: 28.271 V
[LIFT] V_Compute: 28.766 V
[LIFT] V_Motors: 28.264 V
[LIFT] V_Compute: 28.765 V
[LIFT] V_Motors: 28.257 V
[LIFT] V_Compute: 28.790 V
[LIFT] V_Motors: 28.254 V
[LIFT] V_Compute: 28.775 V
[LIFT] V_Motors: 28.251 V
[LIFT] V_Compute: 28.766 V
[LIFT] V_Motors: 28.259 V
[LIFT] V_Compute: 28.763 V
[LIFT] V_Motors: 28.267 V
[LIFT] V_Compute: 28.767 V
[LIFT] V_Motors: 28.251 V
[LIFT] V_Compute: 28.761 V
[LIFT] V_Motors: 28.230 V
[LIFT] V_Compute: 28.763 V
[LIFT] V_Motors: 28.267 V
[LIFT] V_Compute: 28.782 V
[LIFT] V_Motors: 28.265 V
[LIFT] V_Compute: 28.779 V
[LIFT] V_Motors: 28.271 V
[LIFT] V_Compute: 28.763 V
[LIFT] V_Motors: 28.269 V
[LIFT] V_Compute: 28.749 V
[LIFT] V_Motors: 28.261 V
[LIFT] V_Compute: 28.780 V
[LIFT] V_Motors: 28.270 V
[LIFT] V_Compute: 28.760 V
[LIFT] V_Motors: 28.269 V
[LIFT] V_Compute: 28.771 V
[LIFT] V_Motors: 28.263 V
[LIFT] V_Compute: 28.780 V
[LIFT] V_Motors: 28.259 V
[LIFT] V_Compute: 28.751 V
[LIFT] V_Motors: 28.259 V
[LIFT] V_Compute: 28.746 V
[LIFT] V_Motors: 28.260 V
[LIFT] V_Compute: 28.786 V
[LIFT] V_Motors: 28.259 V
[LIFT] V_Compute: 28.757 V
[LIFT] V_Motors: 28.274 V
[LIFT] V_Compute: 28.771 V
[LIFT] V_Motors: 28.272 V
[LIFT] V_Compute: 28.784 V
[LIFT] V_Motors: 28.257 V
[LIFT] V_Compute: 28.760 V
[LIFT] V_Motors: 28.264 V
[LIFT] V_Compute: 28.767 V
[LIFT] V_Motors: 28.255 V
[LIFT] V_Compute: 28.774 V
[LIFT] V_Motors: 28.270 V
[LIFT] V_Compute: 28.757 V
[LIFT] V_Motors: 28.263 V
[LIFT] V_Compute: 28.784 V
[LIFT] V_Motors: 28.264 V
[LIFT] V_Compute: 28.776 V
[LIFT] V_Motors: 28.264 V
[LIFT] V_Compute: 28.764 V
[LIFT] V_Motors: 28.269 V
[LIFT] V_Compute: 28.791 V
[LIFT] V_Motors: 28.269 V
[LIFT] V_Compute: 28.767 V
[LIFT] V_Motors: 28.265 V
[LIFT] V_Compute: 28.756 V
[LIFT] V_Motors: 28.266 V
[LIFT] V_Compute: 28.763 V
[LIFT] V_Motors: 28.269 V
[LIFT] V_Compute: 28.772 V
[LIFT] V_Motors: 28.274 V
[LIFT] V_Compute: 28.756 V
[LIFT] V_Motors: 28.261 V
[LIFT] V_Compute: 28.776 V
[LIFT] V_Motors: 28.265 V
[LIFT] V_Compute: 28.785 V
[LIFT] V_Motors: 28.271 V
[LIFT] V_Compute: 28.790 V
[LIFT] V_Motors: 28.266 V
[LIFT] V_Compute: 28.777 V
[LIFT] V_Motors: 28.251 V
[LIFT] V_Compute: 28.775 V
[LIFT] V_Motors: 28.266 V
[LIFT] V_Compute: 28.747 V
[LIFT] V_Motors: 28.243 V
[LIFT] V_Compute: 28.763 V
[LIFT] V_Motors: 28.280 V
[LIFT] V_Compute: 28.756 V
[LIFT] V_Motors: 28.267 V
[LIFT] V_Compute: 28.779 V
[LIFT] V_Motors: 28.265 V
[LIFT] V_Compute: 28.766 V
[LIFT] V_Motors: 28.274 V
[LIFT] V_Compute: 28.776 V
[LIFT] V_Motors: 28.269 V
[LIFT] V_Compute: 28.777 V
[LIFT] V_Motors: 28.279 V
[LIFT] V_Compute: 28.767 V
[LIFT] V_Motors: 28.264 V
[LIFT] V_Compute: 28.774 V
[LIFT] V_Motors: 28.267 V
[LIFT] V_Compute: 28.805 V
[LIFT] V_Motors: 28.276 V
[LIFT] V_Compute: 28.796 V
[LIFT] V_Motors: 28.260 V
[LIFT] V_Compute: 28.763 V
[LIFT] V_Motors: 28.255 V
[LIFT] V_Compute: 28.776 V
[LIFT] V_Motors: 28.265 V
[LIFT] V_Compute: 28.769 V
[LIFT] V_Motors: 28.260 V
[LIFT] V_Compute: 28.770 V
[LIFT] V_Motors: 28.264 V
[LIFT] V_Compute: 28.771 V
[LIFT] V_Motors: 28.266 V
[LIFT] V_Compute: 28.754 V
[LIFT] V_Motors: 28.266 V
[LIFT] V_Compute: 28.800 V
[LIFT] V_Motors: 28.276 V
[LIFT] V_Compute: 28.801 V
[LIFT] V_Motors: 28.263 V
[LIFT] V_Compute: 28.779 V
[LIFT] V_Motors: 28.272 V
[LIFT] V_Compute: 28.740 V
[LIFT] V_Motors: 28.266 V
[LIFT] V_Compute: 28.760 V
[LIFT] V_Motors: 28.255 V
[LIFT] V_Compute: 28.780 V
[LIFT] V_Motors: 28.270 V
[LIFT] V_Compute: 28.751 V
[LIFT] V_Motors: 28.270 V
[LIFT] V_Compute: 28.780 V
[LIFT] V_Motors: 28.274 V
[LIFT] V_Compute: 28.760 V
[LIFT] V_Motors: 28.269 V
[LIFT] V_Compute: 28.784 V
[LIFT] V_Motors: 28.279 V
[LIFT] V_Compute: 28.767 V
[LIFT] V_Motors: 28.263 V
[LIFT] V_Compute: 28.774 V
[LIFT] V_Motors: 28.264 V
[LIFT] V_Compute: 28.774 V
[LIFT] V_Motors: 28.265 V
[LIFT] V_Compute: 28.772 V
[LIFT] V_Motors: 28.270 V
[LIFT] V_Compute: 28.788 V
[LIFT] V_Motors: 28.269 V
[LIFT] V_Compute: 28.774 V
[LIFT] V_Motors: 28.264 V
[LIFT] V_Compute: 28.771 V
[LIFT] V_Motors: 28.275 V
[LIFT] V_Compute: 28.780 V
[LIFT] V_Motors: 28.288 V
[LIFT] V_Compute: 28.770 V
[LIFT] V_Motors: 28.272 V
[LIFT] V_Compute: 28.777 V
[LIFT] V_Motors: 28.272 V
[LIFT] V_Compute: 28.765 V
[LIFT] V_Motors: 28.264 V
[LIFT] V_Compute: 28.760 V
[LIFT] V_Motors: 28.250 V
[LIFT] V_Compute: 28.777 V
[LIFT] V_Motors: 28.270 V
[LIFT] V_Compute: 28.777 V
[LIFT] V_Motors: 28.250 V
[LIFT] V_Compute: 28.743 V
[LIFT] V_Motors: 28.257 V
[LIFT] V_Compute: 28.769 V
[LIFT] V_Motors: 28.263 V
[LIFT] V_Compute: 28.779 V
[LIFT] V_Motors: 28.271 V
[LIFT] V_Compute: 28.795 V
[LIFT] V_Motors: 28.275 V
[LIFT] V_Compute: 28.790 V
[LIFT] V_Motors: 28.276 V
[LIFT] V_Compute: 28.781 V
[LIFT] V_Motors: 28.256 V
[LIFT] V_Compute: 28.745 V
[LIFT] V_Motors: 28.244 V
[LIFT] V_Compute: 28.763 V
[LIFT] V_Motors: 28.255 V
[LIFT] V_Compute: 28.784 V
[LIFT] V_Motors: 28.270 V
[LIFT] V_Compute: 28.795 V
[LIFT] V_Motors: 28.276 V
[LIFT] V_Compute: 28.769 V
[LIFT] V_Motors: 28.267 V
[LIFT] V_Compute: 28.771 V
[LIFT] V_Motors: 28.277 V
[LIFT] V_Compute: 28.774 V
[LIFT] V_Motors: 28.251 V
[LIFT] V_Compute: 28.798 V
[LIFT] V_Motors: 28.277 V
[LIFT] V_Compute: 28.764 V
[LIFT] V_Motors: 28.267 V
[LIFT] V_Compute: 28.786 V
[LIFT] V_Motors: 28.280 V
[LIFT] V_Compute: 28.782 V
[LIFT] V_Motors: 28.266 V
[LIFT] V_Compute: 28.781 V
[LIFT] V_Motors: 28.274 V
[LIFT] V_Compute: 28.785 V
[LIFT] V_Motors: 28.279 V
[LIFT] V_Compute: 28.769 V
[LIFT] V_Motors: 28.264 V
[LIFT] V_Compute: 28.749 V
[LIFT] V_Motors: 28.270 V
[LIFT] V_Compute: 28.774 V
[LIFT] V_Motors: 28.253 V
[LIFT] V_Compute: 28.786 V
[LIFT] V_Motors: 28.266 V
[LIFT] V_Compute: 28.770 V
[LIFT] V_Motors: 28.279 V
[LIFT] V_Compute: 28.775 V
[LIFT] V_Motors: 28.277 V
[LIFT] V_Compute: 28.777 V
[LIFT] V_Motors: 28.286 V
[LIFT] V_Compute: 28.755 V
[LIFT] V_Motors: 28.272 V
[LIFT] V_Compute: 28.788 V
[LIFT] V_Motors: 28.279 V
[LIFT] V_Compute: 28.775 V
[LIFT] V_Motors: 28.282 V
[LIFT] V_Compute: 28.780 V
[LIFT] V_Motors: 28.279 V
[LIFT] V_Compute: 28.794 V
[LIFT] V_Motors: 28.280 V
[LIFT] V_Compute: 28.790 V
[LIFT] V_Motors: 28.275 V
[LIFT] V_Compute: 28.776 V
[LIFT] V_Motors: 28.274 V
[LIFT] V_Compute: 28.790 V
[LIFT] V_Motors: 28.277 V
[LIFT] V_Compute: 28.764 V
[LIFT] V_Motors: 28.274 V
[LIFT] V_Compute: 28.771 V
[LIFT] V_Motors: 28.277 V
[LIFT] V_Compute: 28.790 V
[LIFT] V_Motors: 28.275 V
[LIFT] V_Compute: 28.784 V
[LIFT] V_Motors: 28.277 V
[LIFT] V_Compute: 28.784 V
[LIFT] V_Motors: 28.257 V
[LIFT] V_Compute: 28.785 V
[LIFT] V_Motors: 28.276 V
[LIFT] V_Compute: 28.781 V
[LIFT] V_Motors: 28.289 V
[LIFT] V_Compute: 28.789 V
[LIFT] V_Motors: 28.280 V
[LIFT] V_Compute: 28.791 V
[LIFT] V_Motors: 28.281 V
[LIFT] V_Compute: 28.789 V
[LIFT] V_Motors: 28.271 V
[LIFT] V_Compute: 28.789 V
[LIFT] V_Motors: 28.286 V
[LIFT] V_Compute: 28.779 V
[LIFT] V_Motors: 28.271 V
[LIFT] V_Compute: 28.760 V
[LIFT] V_Motors: 28.275 V
[LIFT] V_Compute: 28.796 V
[LIFT] V_Motors: 28.288 V
[LIFT] V_Compute: 28.781 V
[LIFT] V_Motors: 28.271 V
[LIFT] V_Compute: 28.789 V
[LIFT] V_Motors: 28.280 V
[LIFT] V_Compute: 28.755 V
[LIFT] V_Motors: 28.265 V
[LIFT] V_Compute: 28.786 V
[LIFT] V_Motors: 28.281 V
[LIFT] V_Compute: 28.795 V
[LIFT] V_Motors: 28.291 V
[LIFT] V_Compute: 28.785 V
[LIFT] V_Motors: 28.272 V
[LIFT] V_Compute: 28.761 V
[LIFT] V_Motors: 28.282 V
[LIFT] V_Compute: 28.779 V
[LIFT] V_Motors: 28.275 V
[LIFT] V_Compute: 28.789 V
[LIFT] V_Motors: 28.277 V
[LIFT] V_Compute: 28.753 V
[LIFT] V_Motors: 28.280 V
[LIFT] V_Compute: 28.779 V
[LIFT] V_Motors: 28.269 V
[LIFT] V_Compute: 28.790 V
[LIFT] V_Motors: 28.289 V
[LIFT] V_Compute: 28.801 V
[LIFT] V_Motors: 28.285 V
[LIFT] V_Compute: 28.755 V
[LIFT] V_Motors: 28.292 V
[LIFT] V_Compute: 28.765 V
[LIFT] V_Motors: 28.275 V
[LIFT] V_Compute: 28.763 V
[LIFT] V_Motors: 28.264 V
[LIFT] V_Compute: 28.780 V
[LIFT] V_Motors: 28.286 V
[LIFT] V_Compute: 28.770 V
[LIFT] V_Motors: 28.271 V
[LIFT] V_Compute: 28.798 V
[LIFT] V_Motors: 28.279 V
[LIFT] V_Compute: 28.786 V
[LIFT] V_Motors: 28.288 V
[LIFT] V_Compute: 28.786 V
[LIFT] V_Motors: 28.280 V
[LIFT] V_Compute: 28.794 V
[LIFT] V_Motors: 28.280 V
[LIFT] V_Compute: 28.801 V
[LIFT] V_Motors: 28.276 V
[LIFT] V_Compute: 28.794 V
[LIFT] V_Motors: 28.284 V
[LIFT] V_Compute: 28.799 V
[LIFT] V_Motors: 28.291 V
[LIFT] V_Compute: 28.780 V
[LIFT] V_Motors: 28.281 V
[LIFT] V_Compute: 28.765 V
[LIFT] V_Motors: 28.286 V
[LIFT] V_Compute: 28.770 V
[LIFT] V_Motors: 28.279 V
[LIFT] V_Compute: 28.805 V
[LIFT] V_Motors: 28.292 V
[LIFT] V_Compute: 28.776 V
[LIFT] V_Motors: 28.279 V
[LIFT] V_Compute: 28.789 V
[LIFT] V_Motors: 28.279 V
[LIFT] V_Compute: 28.795 V
[LIFT] V_Motors: 28.257 V
[LIFT] V_Compute: 28.804 V
[LIFT] V_Motors: 28.291 V
[LIFT] V_Compute: 28.771 V
[LIFT] V_Motors: 28.291 V
[LIFT] V_Compute: 28.802 V
[LIFT] V_Motors: 28.290 V
[LIFT] V_Compute: 28.790 V
[LIFT] V_Motors: 28.282 V
[LIFT] V_Compute: 28.798 V
[LIFT] V_Motors: 28.266 V
[LIFT] V_Compute: 28.804 V
[LIFT] V_Motors: 28.272 V
[LIFT] V_Compute: 28.792 V
[LIFT] V_Motors: 28.280 V
[LIFT] V_Compute: 28.779 V
[LIFT] V_Motors: 28.277 V
[LIFT] V_Compute: 28.776 V
[LIFT] V_Motors: 28.284 V
[LIFT] V_Compute: 28.790 V
[LIFT] V_Motors: 28.275 V
[LIFT] V_Compute: 28.789 V
[LIFT] V_Motors: 28.281 V
[LIFT] V_Compute: 28.792 V
[LIFT] V_Motors: 28.288 V
[LIFT] V_Compute: 28.791 V
[LIFT] V_Motors: 28.292 V
[LIFT] V_Compute: 28.785 V
[LIFT] V_Motors: 28.269 V
[LIFT] V_Compute: 28.792 V
[LIFT] V_Motors: 28.271 V
[LIFT] V_Compute: 28.800 V
[LIFT] V_Motors: 28.276 V
[LIFT] V_Compute: 28.800 V
[LIFT] V_Motors: 28.294 V
[LIFT] V_Compute: 28.799 V
[LIFT] V_Motors: 28.291 V
[LIFT] V_Compute: 28.782 V
[LIFT] V_Motors: 28.291 V
[LIFT] V_Compute: 28.794 V
[LIFT] V_Motors: 28.274 V
[LIFT] V_Compute: 28.798 V
[LIFT] V_Motors: 28.294 V
[LIFT] V_Compute: 28.772 V
[LIFT] V_Motors: 28.280 V
[LIFT] V_Compute: 28.788 V
[LIFT] V_Motors: 28.286 V
[LIFT] V_Compute: 28.763 V
[LIFT] V_Motors: 28.274 V
[LIFT] V_Compute: 28.799 V
[LIFT] V_Motors: 28.284 V
[LIFT] V_Compute: 28.764 V
[LIFT] V_Motors: 28.294 V
[LIFT] V_Compute: 28.796 V
[LIFT] V_Motors: 28.280 V
[LIFT] V_Compute: 28.771 V
[LIFT] V_Motors: 28.289 V
[LIFT] V_Compute: 28.780 V
[LIFT] V_Motors: 28.295 V
[LIFT] V_Compute: 28.801 V
[LIFT] V_Motors: 28.281 V
[LIFT] V_Compute: 28.760 V
[LIFT] V_Motors: 28.295 V
[LIFT] V_Compute: 28.784 V
[LIFT] V_Motors: 28.277 V
[LIFT] V_Compute: 28.772 V
[LIFT] V_Motors: 28.277 V
[LIFT] V_Compute: 28.788 V
[LIFT] V_Motors: 28.279 V
[LIFT] V_Compute: 28.789 V
[LIFT] V_Motors: 28.292 V
[LIFT] V_Compute: 28.790 V
[LIFT] V_Motors: 28.285 V
[LIFT] V_Compute: 28.779 V
[LIFT] V_Motors: 28.284 V
[LIFT] V_Compute: 28.782 V
[LIFT] V_Motors: 28.296 V
[LIFT] V_Compute: 28.771 V
[LIFT] V_Motors: 28.298 V
[LIFT] V_Compute: 28.791 V
[LIFT] V_Motors: 28.271 V
[LIFT] V_Compute: 28.779 V
[LIFT] V_Motors: 28.289 V
[LIFT] V_Compute: 28.782 V
[LIFT] V_Motors: 28.285 V
[LIFT] V_Compute: 28.775 V
[LIFT] V_Motors: 28.284 V
[LIFT] V_Compute: 28.760 V
[LIFT] V_Motors: 28.271 V
[LIFT] V_Compute: 28.786 V
[LIFT] V_Motors: 28.277 V
[LIFT] V_Compute: 28.771 V
[LIFT] V_Motors: 28.272 V
[LIFT] V_Compute: 28.796 V
[LIFT] V_Motors: 28.290 V
[LIFT] V_Compute: 28.795 V
[LIFT] V_Motors: 28.274 V
[LIFT] V_Compute: 28.798 V
[LIFT] V_Motors: 28.280 V
[LIFT] V_Compute: 28.781 V
[LIFT] V_Motors: 28.290 V
[LIFT] V_Compute: 28.786 V
[LIFT] V_Motors: 28.282 V
[LIFT] V_Compute: 28.770 V
[LIFT] V_Motors: 28.284 V
[LIFT] V_Compute: 28.808 V
[LIFT] V_Motors: 28.284 V
[LIFT] V_Compute: 28.791 V
[LIFT] V_Motors: 28.291 V
[LIFT] V_Compute: 28.767 V
[LIFT] V_Motors: 28.286 V
[LIFT] V_Compute: 28.808 V
[LIFT] V_Motors: 28.282 V
[LIFT] V_Compute: 28.789 V
[LIFT] V_Motors: 28.289 V
[LIFT] V_Compute: 28.786 V
[LIFT] V_Motors: 28.285 V
[LIFT] V_Compute: 28.789 V
[LIFT] V_Motors: 28.294 V
[LIFT] V_Compute: 28.779 V
[LIFT] V_Motors: 28.285 V
[LIFT] V_Compute: 28.781 V
[LIFT] V_Motors: 28.291 V
[LIFT] V_Compute: 28.789 V
[LIFT] V_Motors: 28.281 V
[LIFT] V_Compute: 28.786 V
[LIFT] V_Motors: 28.292 V
[LIFT] V_Compute: 28.780 V
[LIFT] V_Motors: 28.282 V
[LIFT] V_Compute: 28.809 V
[LIFT] V_Motors: 28.282 V
[LIFT] V_Compute: 28.780 V
[LIFT] V_Motors: 28.289 V
[LIFT] V_Compute: 28.771 V
[LIFT] V_Motors: 28.300 V
[LIFT] V_Compute: 28.774 V
[LIFT] V_Motors: 28.285 V
[LIFT] V_Compute: 28.795 V
[LIFT] V_Motors: 28.280 V
[LIFT] V_Compute: 28.784 V
[LIFT] V_Motors: 28.275 V
[LIFT] V_Compute: 28.791 V
[LIFT] V_Motors: 28.280 V
[LIFT] V_Compute: 28.798 V
[LIFT] V_Motors: 28.289 V
[LIFT] V_Compute: 28.763 V
[LIFT] V_Motors: 28.271 V
[LIFT] V_Compute: 28.796 V
[LIFT] V_Motors: 28.284 V
[LIFT] V_Compute: 28.789 V
[LIFT] V_Motors: 28.286 V
[LIFT] V_Compute: 28.799 V
[LIFT] V_Motors: 28.290 V
[LIFT] V_Compute: 28.794 V
[LIFT] V_Motors: 28.279 V
[LIFT] V_Compute: 28.800 V
[LIFT] V_Motors: 28.298 V
[LIFT] V_Compute: 28.780 V
[LIFT] V_Motors: 28.291 V
[LIFT] V_Compute: 28.786 V
[LIFT] V_Motors: 28.300 V
[LIFT] V_Compute: 28.791 V
[LIFT] V_Motors: 28.289 V
[LIFT] V_Compute: 28.785 V
[LIFT] V_Motors: 28.290 V
[LIFT] V_Compute: 28.769 V
[LIFT] V_Motors: 28.300 V
[LIFT] V_Compute: 28.766 V
[LIFT] V_Motors: 28.308 V
[LIFT] V_Compute: 28.785 V
[LIFT] V_Motors: 28.294 V
[LIFT] V_Compute: 28.779 V
[LIFT] V_Motors: 28.281 V
[LIFT] V_Compute: 28.790 V
[LIFT] V_Motors: 28.299 V
[LIFT] V_Compute: 28.767 V
[LIFT] V_Motors: 28.289 V
[LIFT] V_Compute: 28.785 V
[LIFT] V_Motors: 28.280 V
[LIFT] V_Compute: 28.769 V
[LIFT] V_Motors: 28.290 V
[LIFT] V_Compute: 28.788 V
[LIFT] V_Motors: 28.271 V
[LIFT] V_Compute: 28.796 V
[LIFT] V_Motors: 28.281 V
[LIFT] V_Compute: 28.777 V
[LIFT] V_Motors: 28.272 V
[LIFT] V_Compute: 28.785 V
[LIFT] V_Motors: 28.286 V
[LIFT] V_Compute: 28.795 V
[LIFT] V_Motors: 28.291 V
[LIFT] V_Compute: 28.782 V
[LIFT] V_Motors: 28.286 V
[LIFT] V_Compute: 28.769 V
[LIFT] V_Motors: 28.311 V
[LIFT] V_Compute: 28.798 V
[LIFT] V_Motors: 28.304 V
[LIFT] V_Compute: 28.798 V
[LIFT] V_Motors: 28.289 V
[LIFT] V_Compute: 28.781 V
[LIFT] V_Motors: 28.296 V
[LIFT] V_Compute: 28.784 V
[LIFT] V_Motors: 28.290 V
[LIFT] V_Compute: 28.792 V
[LIFT] V_Motors: 28.286 V
[LIFT] V_Compute: 28.805 V
[LIFT] V_Motors: 28.281 V
[LIFT] V_Compute: 28.804 V
[LIFT] V_Motors: 28.291 V
[LIFT] V_Compute: 28.769 V
[LIFT] V_Motors: 28.284 V
[LIFT] V_Compute: 28.776 V
[LIFT] V_Motors: 28.298 V
[LIFT] V_Compute: 28.792 V
[LIFT] V_Motors: 28.292 V
[LIFT] V_Compute: 28.794 V
[LIFT] V_Motors: 28.291 V
[LIFT] V_Compute: 28.802 V
[LIFT] V_Motors: 28.298 V
[LIFT] V_Compute: 28.788 V
[LIFT] V_Motors: 28.296 V
[LIFT] V_Compute: 28.791 V
[LIFT] V_Motors: 28.298 V
[LIFT] V_Compute: 28.805 V
[LIFT] V_Motors: 28.291 V
[LIFT] V_Compute: 28.796 V
[LIFT] V_Motors: 28.294 V
[LIFT] V_Compute: 28.799 V
[LIFT] V_Motors: 28.309 V
[LIFT] V_Compute: 28.782 V
[LIFT] V_Motors: 28.300 V
[LIFT] V_Compute: 28.798 V
[LIFT] V_Motors: 28.296 V
[LIFT] V_Compute: 28.798 V
[LIFT] V_Motors: 28.296 V
[LIFT] V_Compute: 28.792 V
[LIFT] V_Motors: 28.292 V
[LIFT] V_Compute: 28.801 V
[LIFT] V_Motors: 28.302 V
[LIFT] V_Compute: 28.800 V
[LIFT] V_Motors: 28.296 V
[LIFT] V_Compute: 28.814 V
[LIFT] V_Motors: 28.280 V
[LIFT] V_Compute: 28.794 V
[LIFT] V_Motors: 28.285 V
[LIFT] V_Compute: 28.780 V
[LIFT] V_Motors: 28.295 V
[LIFT] V_Compute: 28.806 V
[LIFT] V_Motors: 28.296 V
[LIFT] V_Compute: 28.766 V
[LIFT] V_Motors: 28.299 V
[LIFT] V_Compute: 28.806 V
[LIFT] V_Motors: 28.301 V
[LIFT] V_Compute: 28.794 V
[LIFT] V_Motors: 28.290 V
[LIFT] V_Compute: 28.776 V
[LIFT] V_Motors: 28.290 V
[LIFT] V_Compute: 28.790 V
[LIFT] V_Motors: 28.288 V
[LIFT] V_Compute: 28.816 V
[LIFT] V_Motors: 28.271 V
[LIFT] V_Compute: 28.786 V
[LIFT] V_Motors: 28.311 V
[LIFT] V_Compute: 28.790 V
[LIFT] V_Motors: 28.301 V
[LIFT] V_Compute: 28.804 V
[LIFT] V_Motors: 28.302 V
[LIFT] V_Compute: 28.789 V
[LIFT] V_Motors: 28.292 V
[LIFT] V_Compute: 28.809 V
[LIFT] V_Motors: 28.298 V
[LIFT] V_Compute: 28.764 V
[LIFT] V_Motors: 28.294 V
[LIFT] V_Compute: 28.786 V
[LIFT] V_Motors: 28.301 V
[LIFT] V_Compute: 28.795 V
[LIFT] V_Motors: 28.290 V
[LIFT] V_Compute: 28.786 V
[LIFT] V_Motors: 28.302 V
[LIFT] V_Compute: 28.804 V
[LIFT] V_Motors: 28.291 V
[LIFT] V_Compute: 28.796 V
[LIFT] V_Motors: 28.290 V
[LIFT] V_Compute: 28.781 V
[LIFT] V_Motors: 28.306 V
[LIFT] V_Compute: 28.810 V
[LIFT] V_Motors: 28.312 V
[LIFT] V_Compute: 28.780 V
[LIFT] V_Motors: 28.301 V
[LIFT] V_Compute: 28.800 V
[LIFT] V_Motors: 28.306 V
[LIFT] V_Compute: 28.805 V
[LIFT] V_Motors: 28.292 V
[LIFT] V_Compute: 28.766 V
[LIFT] V_Motors: 28.301 V
[LIFT] V_Compute: 28.784 V
[LIFT] V_Motors: 28.317 V
[LIFT] V_Compute: 28.814 V
[LIFT] V_Motors: 28.286 V
[LIFT] V_Compute: 28.785 V
[LIFT] V_Motors: 28.298 V
[LIFT] V_Compute: 28.780 V
[LIFT] V_Motors: 28.279 V
[LIFT] V_Compute: 28.800 V
[LIFT] V_Motors: 28.298 V
[LIFT] V_Compute: 28.810 V
[LIFT] V_Motors: 28.298 V
[LIFT] V_Compute: 28.796 V
[LIFT] V_Motors: 28.309 V
[LIFT] V_Compute: 28.801 V
[LIFT] V_Motors: 28.292 V
[LIFT] V_Compute: 28.800 V
[LIFT] V_Motors: 28.301 V
[LIFT] V_Compute: 28.804 V
[LIFT] V_Motors: 28.294 V
[LIFT] V_Compute: 28.780 V
[LIFT] V_Motors: 28.291 V
[LIFT] V_Compute: 28.800 V
[LIFT] V_Motors: 28.301 V
[LIFT] V_Compute: 28.801 V
[LIFT] V_Motors: 28.309 V
[LIFT] V_Compute: 28.817 V
[LIFT] V_Motors: 28.302 V
[LIFT] V_Compute: 28.780 V
[LIFT] V_Motors: 28.321 V
[LIFT] V_Compute: 28.782 V
[LIFT] V_Motors: 28.282 V
[LIFT] V_Compute: 28.786 V
[LIFT] V_Motors: 28.296 V
[LIFT] V_Compute: 28.771 V
[LIFT] V_Motors: 28.291 V
[LIFT] V_Compute: 28.794 V
[LIFT] V_Motors: 28.289 V
[LIFT] V_Compute: 28.753 V
[LIFT] V_Motors: 28.299 V
[LIFT] V_Compute: 28.774 V
[LIFT] V_Motors: 28.284 V
[LIFT] V_Compute: 28.815 V
[LIFT] V_Motors: 28.305 V
[LIFT] V_Compute: 28.795 V
[LIFT] V_Motors: 28.298 V
[LIFT] V_Compute: 28.800 V
[LIFT] V_Motors: 28.285 V
[LIFT] V_Compute: 28.791 V
[LIFT] V_Motors: 28.299 V
[LIFT] V_Compute: 28.819 V
[LIFT] V_Motors: 28.292 V
[LIFT] V_Compute: 28.767 V
[LIFT] V_Motors: 28.290 V
[LIFT] V_Compute: 28.809 V
[LIFT] V_Motors: 28.317 V
[LIFT] V_Compute: 28.765 V
[LIFT] V_Motors: 28.294 V
[LIFT] V_Compute: 28.774 V
[LIFT] V_Motors: 28.304 V
[LIFT] V_Compute: 28.764 V
[LIFT] V_Motors: 28.294 V
[LIFT] V_Compute: 28.798 V
[LIFT] V_Motors: 28.295 V
[LIFT] V_Compute: 28.792 V
[LIFT] V_Motors: 28.304 V
[LIFT] V_Compute: 28.801 V
[LIFT] V_Motors: 28.308 V
[LIFT] V_Compute: 28.774 V
[LIFT] V_Motors: 28.298 V
[LIFT] V_Compute: 28.825 V
[LIFT] V_Motors: 28.306 V
[LIFT] V_Compute: 28.798 V
[LIFT] V_Motors: 28.270 V
[LIFT] V_Compute: 28.814 V
[LIFT] V_Motors: 28.319 V
[LIFT] V_Compute: 28.808 V
[LIFT] V_Motors: 28.310 V
[LIFT] V_Compute: 28.766 V
[LIFT] V_Motors: 28.302 V
[LIFT] V_Compute: 28.790 V
[LIFT] V_Motors: 28.296 V
[LIFT] V_Compute: 28.814 V
[LIFT] V_Motors: 28.306 V
[LIFT] V_Compute: 28.812 V
[LIFT] V_Motors: 28.302 V
[LIFT] V_Compute: 28.801 V
[LIFT] V_Motors: 28.304 V
[LIFT] V_Compute: 28.791 V
[LIFT] V_Motors: 28.298 V
[LIFT] V_Compute: 28.805 V
[LIFT] V_Motors: 28.289 V
[LIFT] V_Compute: 28.799 V
[LIFT] V_Motors: 28.309 V
[LIFT] V_Compute: 28.808 V
[LIFT] V_Motors: 28.298 V
[LIFT] V_Compute: 28.777 V
[LIFT] V_Motors: 28.299 V
[LIFT] V_Compute: 28.795 V
[LIFT] V_Motors: 28.298 V
[LIFT] V_Compute: 28.800 V
[LIFT] V_Motors: 28.300 V
[LIFT] V_Compute: 28.795 V
[LIFT] V_Motors: 28.310 V
[LIFT] V_Compute: 28.785 V
[LIFT] V_Motors: 28.292 V
[LIFT] V_Compute: 28.788 V
[LIFT] V_Motors: 28.294 V
[LIFT] V_Compute: 28.794 V
[LIFT] V_Motors: 28.286 V
[LIFT] V_Compute: 28.808 V
[LIFT] V_Motors: 28.317 V
[LIFT] V_Compute: 28.810 V
[LIFT] V_Motors: 28.294 V
[LIFT] V_Compute: 28.802 V
[LIFT] V_Motors: 28.316 V
[LIFT] V_Compute: 28.802 V
[LIFT] V_Motors: 28.310 V
[LIFT] V_Compute: 28.780 V
[LIFT] V_Motors: 28.298 V
[LIFT] V_Compute: 28.804 V
[LIFT] V_Motors: 28.324 V
[LIFT] V_Compute: 28.781 V
[LIFT] V_Motors: 28.286 V
[LIFT] V_Compute: 28.779 V
[LIFT] V_Motors: 28.286 V
[LIFT] V_Compute: 28.814 V
[LIFT] V_Motors: 28.301 V
[LIFT] V_Compute: 28.791 V
[LIFT] V_Motors: 28.298 V
[LIFT] V_Compute: 28.799 V
[LIFT] V_Motors: 28.310 V
[LIFT] V_Compute: 28.780 V
[LIFT] V_Motors: 28.299 V
[LIFT] V_Compute: 28.810 V
[LIFT] V_Motors: 28.331 V
[LIFT] V_Compute: 28.794 V
[LIFT] V_Motors: 28.290 V
[LIFT] V_Compute: 28.798 V
[LIFT] V_Motors: 28.299 V
[LIFT] V_Compute: 28.800 V
[LIFT] V_Motors: 28.301 V
[LIFT] V_Compute: 28.804 V
[LIFT] V_Motors: 28.301 V
[LIFT] V_Compute: 28.799 V
[LIFT] V_Motors: 28.301 V
[LIFT] V_Compute: 28.809 V
[LIFT] V_Motors: 28.304 V
[LIFT] V_Compute: 28.815 V
[LIFT] V_Motors: 28.299 V
[LIFT] V_Compute: 28.791 V
[LIFT] V_Motors: 28.300 V
[LIFT] V_Compute: 28.829 V
[LIFT] V_Motors: 28.312 V
[LIFT] V_Compute: 28.795 V
[LIFT] V_Motors: 28.301 V
[LIFT] V_Compute: 28.798 V
[LIFT] V_Motors: 28.299 V
[LIFT] V_Compute: 28.802 V
[LIFT] V_Motors: 28.304 V
[LIFT] V_Compute: 28.790 V
[LIFT] V_Motors: 28.290 V
[LIFT] V_Compute: 28.809 V
[LIFT] V_Motors: 28.299 V
[LIFT] V_Compute: 28.777 V
[LIFT] V_Motors: 28.302 V
[LIFT] V_Compute: 28.816 V
[LIFT] V_Motors: 28.306 V
[LIFT] V_Compute: 28.779 V
[LIFT] V_Motors: 28.288 V
[LIFT] V_Compute: 28.792 V
[LIFT] V_Motors: 28.308 V
[LIFT] V_Compute: 28.759 V
[LIFT] V_Motors: 28.312 V
[LIFT] V_Compute: 28.789 V
[LIFT] V_Motors: 28.301 V
[LIFT] V_Compute: 28.786 V
[LIFT] V_Motors: 28.295 V
[LIFT] V_Compute: 28.808 V
[LIFT] V_Motors: 28.291 V
[LIFT] V_Compute: 28.801 V
[LIFT] V_Motors: 28.312 V
[LIFT] V_Compute: 28.781 V
[LIFT] V_Motors: 28.291 V
[LIFT] V_Compute: 28.815 V
[LIFT] V_Motors: 28.304 V
[LIFT] V_Compute: 28.782 V
[LIFT] V_Motors: 28.292 V
[LIFT] V_Compute: 28.805 V
[LIFT] V_Motors: 28.299 V
[LIFT] V_Compute: 28.810 V
[LIFT] V_Motors: 28.305 V
[LIFT] V_Compute: 28.786 V
[LIFT] V_Motors: 28.302 V
[LIFT] V_Compute: 28.831 V
[LIFT] V_Motors: 28.314 V
[LIFT] V_Compute: 28.781 V
[LIFT] V_Motors: 28.289 V
[LIFT] V_Compute: 28.814 V
[LIFT] V_Motors: 28.306 V
[LIFT] V_Compute: 28.806 V
[LIFT] V_Motors: 28.304 V
[LIFT] V_Compute: 28.801 V
[LIFT] V_Motors: 28.306 V
[LIFT] V_Compute: 28.806 V
[LIFT] V_Motors: 28.312 V
[LIFT] V_Compute: 28.820 V
[LIFT] V_Motors: 28.310 V
[LIFT] V_Compute: 28.799 V
[LIFT] V_Motors: 28.309 V
[LIFT] V_Compute: 28.804 V
[LIFT] V_Motors: 28.308 V
[LIFT] V_Compute: 28.806 V
[LIFT] V_Motors: 28.312 V
[LIFT] V_Compute: 28.801 V
[LIFT] V_Motors: 28.309 V
[LIFT] V_Compute: 28.809 V
[LIFT] V_Motors: 28.312 V
[LIFT] V_Compute: 28.806 V
[LIFT] V_Motors: 28.321 V
[LIFT] V_Compute: 28.779 V
[LIFT] V_Motors: 28.295 V
[LIFT] V_Compute: 28.808 V
[LIFT] V_Motors: 28.295 V
[LIFT] V_Compute: 28.786 V
[LIFT] V_Motors: 28.295 V
[LIFT] V_Compute: 28.789 V
[LIFT] V_Motors: 28.310 V
[LIFT] V_Compute: 28.792 V
[LIFT] V_Motors: 28.306 V
[LIFT] V_Compute: 28.796 V
[LIFT] V_Motors: 28.308 V
[LIFT] V_Compute: 28.833 V
[LIFT] V_Motors: 28.300 V
[LIFT] V_Compute: 28.801 V
[LIFT] V_Motors: 28.308 V
[LIFT] V_Compute: 28.815 V
[LIFT] V_Motors: 28.306 V
[LIFT] V_Compute: 28.799 V
[LIFT] V_Motors: 28.316 V
[LIFT] V_Compute: 28.791 V
[LIFT] V_Motors: 28.292 V
[LIFT] V_Compute: 28.800 V
[LIFT] V_Motors: 28.311 V
[LIFT] V_Compute: 28.808 V
[LIFT] V_Motors: 28.306 V
[LIFT] V_Compute: 28.795 V
[LIFT] V_Motors: 28.309 V
[LIFT] V_Compute: 28.779 V
[LIFT] V_Motors: 28.309 V
[LIFT] V_Compute: 28.810 V
[LIFT] V_Motors: 28.306 V
[LIFT] V_Compute: 28.792 V
[LIFT] V_Motors: 28.306 V
[LIFT] V_Compute: 28.804 V
[LIFT] V_Motors: 28.309 V
[LIFT] V_Compute: 28.796 V
[LIFT] V_Motors: 28.305 V
[LIFT] V_Compute: 28.812 V
[LIFT] V_Motors: 28.309 V
[LIFT] V_Compute: 28.795 V
[LIFT] V_Motors: 28.298 V
[LIFT] V_Compute: 28.786 V
[LIFT] V_Motors: 28.306 V
[LIFT] V_Compute: 28.771 V
[LIFT] V_Motors: 28.298 V
[LIFT] V_Compute: 28.821 V
[LIFT] V_Motors: 28.309 V
[LIFT] V_Compute: 28.772 V
[LIFT] V_Motors: 28.286 V
[LIFT] V_Compute: 28.820 V
[LIFT] V_Motors: 28.308 V
[LIFT] V_Compute: 28.782 V
[LIFT] V_Motors: 28.300 V
[LIFT] V_Compute: 28.800 V
[LIFT] V_Motors: 28.308 V
[LIFT] V_Compute: 28.833 V
[LIFT] V_Motors: 28.310 V
[LIFT] V_Compute: 28.800 V
[LIFT] V_Motors: 28.317 V
[LIFT] V_Compute: 28.795 V
[LIFT] V_Motors: 28.315 V
[LIFT] V_Compute: 28.795 V
[LIFT] V_Motors: 28.312 V
[LIFT] V_Compute: 28.808 V
[LIFT] V_Motors: 28.308 V
[LIFT] V_Compute: 28.814 V
[LIFT] V_Motors: 28.322 V
[LIFT] V_Compute: 28.798 V
[LIFT] V_Motors: 28.306 V
[LIFT] V_Compute: 28.814 V
[LIFT] V_Motors: 28.325 V
[LIFT] V_Compute: 28.817 V
[LIFT] V_Motors: 28.302 V
[LIFT] V_Compute: 28.819 V
[LIFT] V_Motors: 28.312 V
[LIFT] V_Compute: 28.800 V
[LIFT] V_Motors: 28.312 V
[LIFT] V_Compute: 28.808 V
[LIFT] V_Motors: 28.309 V
[LIFT] V_Compute: 28.804 V
[LIFT] V_Motors: 28.301 V
[LIFT] V_Compute: 28.814 V
[LIFT] V_Motors: 28.309 V
[LIFT] V_Compute: 28.801 V
[LIFT] V_Motors: 28.309 V
[LIFT] V_Compute: 28.791 V
[LIFT] V_Motors: 28.322 V
[LIFT] V_Compute: 28.804 V
[LIFT] V_Motors: 28.312 V
[LIFT] V_Compute: 28.816 V
[LIFT] V_Motors: 28.305 V
[LIFT] V_Compute: 28.804 V
[LIFT] V_Motors: 28.304 V
[LIFT] V_Compute: 28.801 V
[LIFT] V_Motors: 28.319 V
[LIFT] V_Compute: 28.806 V
[LIFT] V_Motors: 28.306 V
[LIFT] V_Compute: 28.815 V
[LIFT] V_Motors: 28.320 V
[LIFT] V_Compute: 28.821 V
[LIFT] V_Motors: 28.310 V
[LIFT] V_Compute: 28.782 V
[LIFT] V_Motors: 28.316 V
[LIFT] V_Compute: 28.798 V
[LIFT] V_Motors: 28.309 V
[LIFT] V_Compute: 28.798 V
[LIFT] V_Motors: 28.321 V
[LIFT] V_Compute: 28.804 V
[LIFT] V_Motors: 28.310 V
[LIFT] V_Compute: 28.794 V
[LIFT] V_Motors: 28.310 V
[LIFT] V_Compute: 28.824 V
[LIFT] V_Motors: 28.321 V
[LIFT] V_Compute: 28.801 V
[LIFT] V_Motors: 28.312 V
[LIFT] V_Compute: 28.820 V
[LIFT] V_Motors: 28.321 V
[LIFT] V_Compute: 28.812 V
[LIFT] V_Motors: 28.316 V
[LIFT] V_Compute: 28.810 V
[LIFT] V_Motors: 28.308 V
[LIFT] V_Compute: 28.814 V
[LIFT] V_Motors: 28.330 V
[LIFT] V_Compute: 28.809 V
[LIFT] V_Motors: 28.320 V
[LIFT] V_Compute: 28.827 V
[LIFT] V_Motors: 28.336 V
[LIFT] V_Compute: 28.796 V
[LIFT] V_Motors: 28.311 V
[LIFT] V_Compute: 28.815 V
[LIFT] V_Motors: 28.321 V
[LIFT] V_Compute: 28.810 V
[LIFT] V_Motors: 28.331 V
[LIFT] V_Compute: 28.808 V
[LIFT] V_Motors: 28.321 V
[LIFT] V_Compute: 28.812 V
[LIFT] V_Motors: 28.315 V
[LIFT] V_Compute: 28.819 V
[LIFT] V_Motors: 28.319 V
[LIFT] V_Compute: 28.822 V
[LIFT] V_Motors: 28.308 V
[LIFT] V_Compute: 28.815 V
[LIFT] V_Motors: 28.292 V
[LIFT] V_Compute: 28.840 V
[LIFT] V_Motors: 28.308 V
[LIFT] V_Compute: 28.814 V
[LIFT] V_Motors: 28.324 V
[LIFT] V_Compute: 28.790 V
[LIFT] V_Motors: 28.305 V
[LIFT] V_Compute: 28.821 V
[LIFT] V_Motors: 28.311 V
[LIFT] V_Compute: 28.810 V
[LIFT] V_Motors: 28.315 V
[LIFT] V_Compute: 28.796 V
[LIFT] V_Motors: 28.317 V
[LIFT] V_Compute: 28.831 V
[LIFT] V_Motors: 28.299 V
[LIFT] V_Compute: 28.821 V
[LIFT] V_Motors: 28.317 V
[LIFT] V_Compute: 28.815 V
[LIFT] V_Motors: 28.312 V
[LIFT] V_Compute: 28.801 V
[LIFT] V_Motors: 28.314 V
[LIFT] V_Compute: 28.836 V
[LIFT] V_Motors: 28.325 V
[LIFT] V_Compute: 28.822 V
[LIFT] V_Motors: 28.329 V
[LIFT] V_Compute: 28.819 V
[LIFT] V_Motors: 28.321 V
[LIFT] V_Compute: 28.811 V
[LIFT] V_Motors: 28.330 V
[LIFT] V_Compute: 28.801 V
[LIFT] V_Motors: 28.331 V
[LIFT] V_Compute: 28.800 V
[LIFT] V_Motors: 28.315 V
[LIFT] V_Compute: 28.786 V
[LIFT] V_Motors: 28.320 V
[LIFT] V_Compute: 28.798 V
[LIFT] V_Motors: 28.321 V
[LIFT] V_Compute: 28.806 V
[LIFT] V_Motors: 28.316 V
[LIFT] V_Compute: 28.808 V
[LIFT] V_Motors: 28.331 V
[LIFT] V_Compute: 28.819 V
[LIFT] V_Motors: 28.321 V
[LIFT] V_Compute: 28.821 V
[LIFT] V_Motors: 28.319 V
[LIFT] V_Compute: 28.816 V
[LIFT] V_Motors: 28.310 V
[LIFT] V_Compute: 28.815 V
[LIFT] V_Motors: 28.326 V
[LIFT] V_Compute: 28.815 V
[LIFT] V_Motors: 28.326 V
[LIFT] V_Compute: 28.822 V
[LIFT] V_Motors: 28.304 V
[LIFT] V_Compute: 28.798 V
[LIFT] V_Motors: 28.299 V
[LIFT] V_Compute: 28.819 V
[LIFT] V_Motors: 28.314 V
[LIFT] V_Compute: 28.822 V
[LIFT] V_Motors: 28.316 V
[LIFT] V_Compute: 28.820 V
[LIFT] V_Motors: 28.317 V
[LIFT] V_Compute: 28.800 V
[LIFT] V_Motors: 28.310 V
[LIFT] V_Compute: 28.782 V
[LIFT] V_Motors: 28.319 V
[LIFT] V_Compute: 28.814 V
[LIFT] V_Motors: 28.321 V
[LIFT] V_Compute: 28.806 V
[LIFT] V_Motors: 28.330 V
[LIFT] V_Compute: 28.821 V
[LIFT] V_Motors: 28.321 V
[LIFT] V_Compute: 28.794 V
[LIFT] V_Motors: 28.310 V
[LIFT] V_Compute: 28.829 V
[LIFT] V_Motors: 28.330 V
[LIFT] V_Compute: 28.824 V
[LIFT] V_Motors: 28.320 V
[LIFT] V_Compute: 28.796 V
[LIFT] V_Motors: 28.325 V
[LIFT] V_Compute: 28.816 V
[LIFT] V_Motors: 28.317 V
[LIFT] V_Compute: 28.805 V
[LIFT] V_Motors: 28.322 V
[LIFT] V_Compute: 28.805 V
[LIFT] V_Motors: 28.326 V
[LIFT] V_Compute: 28.835 V
[LIFT] V_Motors: 28.331 V
[LIFT] V_Compute: 28.801 V
[LIFT] V_Motors: 28.301 V
[LIFT] V_Compute: 28.831 V
[LIFT] V_Motors: 28.325 V
[LIFT] V_Compute: 28.820 V
[LIFT] V_Motors: 28.321 V
[LIFT] V_Compute: 28.826 V
[LIFT] V_Motors: 28.320 V
[LIFT] V_Compute: 28.799 V
[LIFT] V_Motors: 28.326 V
[LIFT] V_Compute: 28.801 V
[LIFT] V_Motors: 28.315 V
[LIFT] V_Compute: 28.810 V
[LIFT] V_Motors: 28.292 V
[LIFT] V_Compute: 28.804 V
[LIFT] V_Motors: 28.331 V
[LIFT] V_Compute: 28.808 V
[LIFT] V_Motors: 28.326 V
[LIFT] V_Compute: 28.801 V
[LIFT] V_Motors: 28.319 V
[LIFT] V_Compute: 28.822 V
[LIFT] V_Motors: 28.310 V
[LIFT] V_Compute: 28.824 V
[LIFT] V_Motors: 28.334 V
[LIFT] V_Compute: 28.825 V
[LIFT] V_Motors: 28.324 V
[LIFT] V_Compute: 28.804 V
[LIFT] V_Motors: 28.314 V
[LIFT] V_Compute: 28.816 V
[LIFT] V_Motors: 28.311 V
[LIFT] V_Compute: 28.799 V
[LIFT] V_Motors: 28.315 V
[LIFT] V_Compute: 28.825 V
[LIFT] V_Motors: 28.329 V
[LIFT] V_Compute: 28.839 V
[LIFT] V_Motors: 28.340 V
[LIFT] V_Compute: 28.796 V
[LIFT] V_Motors: 28.315 V
[LIFT] V_Compute: 28.822 V
[LIFT] V_Motors: 28.329 V
[LIFT] V_Compute: 28.833 V
[LIFT] V_Motors: 28.310 V
[LIFT] V_Compute: 28.774 V
[LIFT] V_Motors: 28.302 V
[LIFT] V_Compute: 28.806 V
[LIFT] V_Motors: 28.324 V
[LIFT] V_Compute: 28.854 V
[LIFT] V_Motors: 28.305 V
[LIFT] V_Compute: 28.821 V
[LIFT] V_Motors: 28.327 V
[LIFT] V_Compute: 28.815 V
[LIFT] V_Motors: 28.319 V
[LIFT] V_Compute: 28.824 V
[LIFT] V_Motors: 28.321 V
[LIFT] V_Compute: 28.810 V
[LIFT] V_Motors: 28.321 V
[LIFT] V_Compute: 28.812 V
[LIFT] V_Motors: 28.333 V
[LIFT] V_Compute: 28.839 V
[LIFT] V_Motors: 28.311 V
[LIFT] V_Compute: 28.820 V
[LIFT] V_Motors: 28.324 V
[LIFT] V_Compute: 28.815 V
[LIFT] V_Motors: 28.329 V
[LIFT] V_Compute: 28.804 V
[LIFT] V_Motors: 28.316 V
[LIFT] V_Compute: 28.824 V
[LIFT] V_Motors: 28.331 V
[LIFT] V_Compute: 28.811 V
[LIFT] V_Motors: 28.322 V
[LIFT] V_Compute: 28.840 V
[LIFT] V_Motors: 28.329 V
[LIFT] V_Compute: 28.812 V
[LIFT] V_Motors: 28.326 V
[LIFT] V_Compute: 28.822 V
[LIFT] V_Motors: 28.324 V
[LIFT] V_Compute: 28.806 V
[LIFT] V_Motors: 28.330 V
[LIFT] V_Compute: 28.814 V
[LIFT] V_Motors: 28.327 V
[LIFT] V_Compute: 28.810 V
[LIFT] V_Motors: 28.320 V
[LIFT] V_Compute: 28.814 V
[LIFT] V_Motors: 28.333 V
[LIFT] V_Compute: 28.795 V
[LIFT] V_Motors: 28.320 V
[LIFT] V_Compute: 28.808 V
[LIFT] V_Motors: 28.321 V
[LIFT] V_Compute: 28.819 V
[LIFT] V_Motors: 28.316 V
[LIFT] V_Compute: 28.812 V
[LIFT] V_Motors: 28.329 V
[LIFT] V_Compute: 28.811 V
[LIFT] V_Motors: 28.317 V
[LIFT] V_Compute: 28.811 V
[LIFT] V_Motors: 28.322 V
[LIFT] V_Compute: 28.826 V
[LIFT] V_Motors: 28.325 V
[LIFT] V_Compute: 28.798 V
[LIFT] V_Motors: 28.320 V
[LIFT] V_Compute: 28.811 V
[LIFT] V_Motors: 28.336 V
[LIFT] V_Compute: 28.827 V
[LIFT] V_Motors: 28.334 V
[LIFT] V_Compute: 28.798 V
[LIFT] V_Motors: 28.321 V
[LIFT] V_Compute: 28.820 V
[LIFT] V_Motors: 28.325 V
[LIFT] V_Compute: 28.811 V
[LIFT] V_Motors: 28.325 V
[LIFT] V_Compute: 28.822 V
[LIFT] V_Motors: 28.331 V
[LIFT] V_Compute: 28.821 V
[LIFT] V_Motors: 28.329 V
[LIFT] V_Compute: 28.820 V
[LIFT] V_Motors: 28.340 V
[LIFT] V_Compute: 28.820 V
[LIFT] V_Motors: 28.331 V
[LIFT] V_Compute: 28.826 V
[LIFT] V_Motors: 28.329 V
[LIFT] V_Compute: 28.812 V
[LIFT] V_Motors: 28.320 V
[LIFT] V_Compute: 28.784 V
[LIFT] V_Motors: 28.320 V
[LIFT] V_Compute: 28.825 V
[LIFT] V_Motors: 28.321 V
[LIFT] V_Compute: 28.812 V
[LIFT] V_Motors: 28.325 V
[LIFT] V_Compute: 28.822 V
[LIFT] V_Motors: 28.335 V
[LIFT] V_Compute: 28.824 V
[LIFT] V_Motors: 28.341 V
[LIFT] V_Compute: 28.780 V
[LIFT] V_Motors: 28.312 V
[LIFT] V_Compute: 28.850 V
[LIFT] V_Motors: 28.324 V
[LIFT] V_Compute: 28.794 V
[LIFT] V_Motors: 28.350 V
[LIFT] V_Compute: 28.804 V
[LIFT] V_Motors: 28.329 V
[LIFT] V_Compute: 28.831 V
[LIFT] V_Motors: 28.333 V
[LIFT] V_Compute: 28.812 V
[LIFT] V_Motors: 28.340 V
[LIFT] V_Compute: 28.816 V
[LIFT] V_Motors: 28.337 V
[LIFT] V_Compute: 28.856 V
[LIFT] V_Motors: 28.320 V
[LIFT] V_Compute: 28.829 V
[LIFT] V_Motors: 28.322 V
[LIFT] V_Compute: 28.821 V
[LIFT] V_Motors: 28.349 V
[LIFT] V_Compute: 28.825 V
[LIFT] V_Motors: 28.331 V
[LIFT] V_Compute: 28.802 V
[LIFT] V_Motors: 28.335 V
[LIFT] V_Compute: 28.815 V
[LIFT] V_Motors: 28.331 V
[LIFT] V_Compute: 28.827 V
[LIFT] V_Motors: 28.339 V
[LIFT] V_Compute: 28.825 V
[LIFT] V_Motors: 28.341 V
[LIFT] V_Compute: 28.814 V
[LIFT] V_Motors: 28.333 V
[LIFT] V_Compute: 28.829 V
[LIFT] V_Motors: 28.350 V
[LIFT] V_Compute: 28.827 V
[LIFT] V_Motors: 28.346 V
[LIFT] V_Compute: 28.836 V
[LIFT] V_Motors: 28.329 V
[LIFT] V_Compute: 28.824 V
[LIFT] V_Motors: 28.330 V
[LIFT] V_Compute: 28.826 V
[LIFT] V_Motors: 28.339 V
[LIFT] V_Compute: 28.811 V
[LIFT] V_Motors: 28.330 V
[LIFT] V_Compute: 28.827 V
[LIFT] V_Motors: 28.329 V
[LIFT] V_Compute: 28.821 V
[LIFT] V_Motors: 28.333 V
[LIFT] V_Compute: 28.826 V
[LIFT] V_Motors: 28.341 V
[LIFT] V_Compute: 28.808 V
[LIFT] V_Motors: 28.325 V
[LIFT] V_Compute: 28.830 V
[LIFT] V_Motors: 28.337 V
[LIFT] V_Compute: 28.834 V
[LIFT] V_Motors: 28.322 V
[LIFT] V_Compute: 28.809 V
[LIFT] V_Motors: 28.336 V
[LIFT] V_Compute: 28.847 V
[LIFT] V_Motors: 28.330 V
[LIFT] V_Compute: 28.822 V
[LIFT] V_Motors: 28.345 V
[LIFT] V_Compute: 28.840 V
[LIFT] V_Motors: 28.333 V
[LIFT] V_Compute: 28.812 V
[LIFT] V_Motors: 28.340 V
[LIFT] V_Compute: 28.811 V
[LIFT] V_Motors: 28.327 V
[LIFT] V_Compute: 28.817 V
[LIFT] V_Motors: 28.337 V
[LIFT] V_Compute: 28.835 V
[LIFT] V_Motors: 28.329 V
[LIFT] V_Compute: 28.822 V
[LIFT] V_Motors: 28.329 V
[LIFT] V_Compute: 28.827 V
[LIFT] V_Motors: 28.326 V
[LIFT] V_Compute: 28.820 V
[LIFT] V_Motors: 28.335 V
[LIFT] V_Compute: 28.830 V
[LIFT] V_Motors: 28.346 V
[LIFT] V_Compute: 28.814 V
[LIFT] V_Motors: 28.343 V
[LIFT] V_Compute: 28.834 V
[LIFT] V_Motors: 28.330 V
[LIFT] V_Compute: 28.841 V
[LIFT] V_Motors: 28.326 V
[LIFT] V_Compute: 28.839 V
[LIFT] V_Motors: 28.327 V
[LIFT] V_Compute: 28.837 V
[LIFT] V_Motors: 28.339 V
[LIFT] V_Compute: 28.839 V
[LIFT] V_Motors: 28.329 V
[LIFT] V_Compute: 28.830 V
[LIFT] V_Motors: 28.324 V
[LIFT] V_Compute: 28.833 V
[LIFT] V_Motors: 28.341 V
[LIFT] V_Compute: 28.824 V
[LIFT] V_Motors: 28.331 V
[LIFT] V_Compute: 28.851 V
[LIFT] V_Motors: 28.344 V
[LIFT] V_Compute: 28.835 V
[LIFT] V_Motors: 28.320 V
[LIFT] V_Compute: 28.839 V
[LIFT] V_Motors: 28.302 V
[LIFT] V_Compute: 28.816 V
[LIFT] V_Motors: 28.317 V
[LIFT] V_Compute: 28.822 V
[LIFT] V_Motors: 28.330 V
[LIFT] V_Compute: 28.821 V
[LIFT] V_Motors: 28.339 V
[LIFT] V_Compute: 28.802 V
[LIFT] V_Motors: 28.326 V
[LIFT] V_Compute: 28.837 V
[LIFT] V_Motors: 28.343 V
[LIFT] V_Compute: 28.840 V
[LIFT] V_Motors: 28.315 V
[LIFT] V_Compute: 28.834 V
[LIFT] V_Motors: 28.312 V
[LIFT] V_Compute: 28.843 V
[LIFT] V_Motors: 28.327 V
[LIFT] V_Compute: 28.824 V
[LIFT] V_Motors: 28.334 V
[LIFT] V_Compute: 28.826 V
[LIFT] V_Motors: 28.344 V
[LIFT] V_Compute: 28.817 V
[LIFT] V_Motors: 28.346 V
[LIFT] V_Compute: 28.830 V
[LIFT] V_Motors: 28.336 V
[LIFT] V_Compute: 28.790 V
[LIFT] V_Motors: 28.335 V
[LIFT] V_Compute: 28.833 V
[LIFT] V_Motors: 28.340 V
[LIFT] V_Compute: 28.830 V
[LIFT] V_Motors: 28.320 V
[LIFT] V_Compute: 28.817 V
[LIFT] V_Motors: 28.339 V
[LIFT] V_Compute: 28.790 V
[LIFT] V_Motors: 28.319 V
[LIFT] V_Compute: 28.827 V
[LIFT] V_Motors: 28.335 V
[LIFT] V_Compute: 28.864 V
[LIFT] V_Motors: 28.341 V
[LIFT] V_Compute: 28.798 V
[LIFT] V_Motors: 28.341 V
[LIFT] V_Compute: 28.830 V
[LIFT] V_Motors: 28.331 V
[LIFT] V_Compute: 28.846 V
[LIFT] V_Motors: 28.340 V
[LIFT] V_Compute: 28.829 V
[LIFT] V_Motors: 28.345 V
[LIFT] V_Compute: 28.827 V
[LIFT] V_Motors: 28.335 V
[LIFT] V_Compute: 28.809 V
[LIFT] V_Motors: 28.339 V
[LIFT] V_Compute: 28.827 V
[LIFT] V_Motors: 28.346 V
[LIFT] V_Compute: 28.847 V
[LIFT] V_Motors: 28.335 V
[LIFT] V_Compute: 28.831 V
[LIFT] V_Motors: 28.339 V
[LIFT] V_Compute: 28.822 V
[LIFT] V_Motors: 28.343 V
[LIFT] V_Compute: 28.808 V
[LIFT] V_Motors: 28.320 V
[LIFT] V_Compute: 28.819 V
[LIFT] V_Motors: 28.340 V
[LIFT] V_Compute: 28.824 V
[LIFT] V_Motors: 28.329 V
[LIFT] V_Compute: 28.815 V
[LIFT] V_Motors: 28.339 V
[LIFT] V_Compute: 28.811 V
[LIFT] V_Motors: 28.334 V
[LIFT] V_Compute: 28.820 V
[LIFT] V_Motors: 28.336 V
[LIFT] V_Compute: 28.825 V
[LIFT] V_Motors: 28.349 V
[LIFT] V_Compute: 28.833 V
[LIFT] V_Motors: 28.345 V
[LIFT] V_Compute: 28.839 V
[LIFT] V_Motors: 28.330 V
[LIFT] V_Compute: 28.835 V
[LIFT] V_Motors: 28.335 V
[LIFT] V_Compute: 28.815 V
[LIFT] V_Motors: 28.336 V
[LIFT] V_Compute: 28.821 V
[LIFT] V_Motors: 28.325 V
[LIFT] V_Compute: 28.817 V
[LIFT] V_Motors: 28.333 V
[LIFT] V_Compute: 28.829 V
[LIFT] V_Motors: 28.341 V
[LIFT] V_Compute: 28.824 V
[LIFT] V_Motors: 28.350 V
[LIFT] V_Compute: 28.810 V
[LIFT] V_Motors: 28.336 V
[LIFT] V_Compute: 28.826 V
[LIFT] V_Motors: 28.326 V
[LIFT] V_Compute: 28.804 V
[LIFT] V_Motors: 28.344 V
[LIFT] V_Compute: 28.830 V
[LIFT] V_Motors: 28.353 V
[LIFT] V_Compute: 28.798 V
[LIFT] V_Motors: 28.360 V
[LIFT] V_Compute: 28.837 V
[LIFT] V_Motors: 28.337 V
[LIFT] V_Compute: 28.837 V
[LIFT] V_Motors: 28.331 V
[LIFT] V_Compute: 28.827 V
[LIFT] V_Motors: 28.356 V
[LIFT] V_Compute: 28.850 V
[LIFT] V_Motors: 28.334 V
[LIFT] V_Compute: 28.811 V
[LIFT] V_Motors: 28.340 V
[LIFT] V_Compute: 28.812 V
[LIFT] V_Motors: 28.337 V
[LIFT] V_Compute: 28.847 V
[LIFT] V_Motors: 28.343 V
[LIFT] V_Compute: 28.822 V
[LIFT] V_Motors: 28.346 V
[LIFT] V_Compute: 28.849 V
[LIFT] V_Motors: 28.333 V
[LIFT] V_Compute: 28.831 V
[LIFT] V_Motors: 28.341 V
[LIFT] V_Compute: 28.815 V
[LIFT] V_Motors: 28.330 V
[LIFT] V_Compute: 28.840 V
[LIFT] V_Motors: 28.335 V
[LIFT] V_Compute: 28.812 V
[LIFT] V_Motors: 28.331 V
[LIFT] V_Compute: 28.817 V
[LIFT] V_Motors: 28.344 V
[LIFT] V_Compute: 28.822 V
[LIFT] V_Motors: 28.349 V
[LIFT] V_Compute: 28.834 V
[LIFT] V_Motors: 28.345 V
[LIFT] V_Compute: 28.817 V
[LIFT] V_Motors: 28.322 V
[LIFT] V_Compute: 28.836 V
[LIFT] V_Motors: 28.333 V
[LIFT] V_Compute: 28.856 V
[LIFT] V_Motors: 28.350 V
[LIFT] V_Compute: 28.777 V
[LIFT] V_Motors: 28.336 V
[LIFT] V_Compute: 28.851 V
[LIFT] V_Motors: 28.333 V
[LIFT] V_Compute: 28.806 V
[LIFT] V_Motors: 28.346 V
[LIFT] V_Compute: 28.821 V
[LIFT] V_Motors: 28.344 V
[LIFT] V_Compute: 28.806 V
[LIFT] V_Motors: 28.350 V
[LIFT] V_Compute: 28.821 V
[LIFT] V_Motors: 28.349 V
[LIFT] V_Compute: 28.830 V
[LIFT] V_Motors: 28.349 V
[LIFT] V_Compute: 28.831 V
[LIFT] V_Motors: 28.345 V
[LIFT] V_Compute: 28.826 V
[LIFT] V_Motors: 28.337 V
[LIFT] V_Compute: 28.817 V
[LIFT] V_Motors: 28.344 V
[LIFT] V_Compute: 28.833 V
[LIFT] V_Motors: 28.339 V
[LIFT] V_Compute: 28.826 V
[LIFT] V_Motors: 28.339 V
[LIFT] V_Compute: 28.820 V
[LIFT] V_Motors: 28.351 V
[LIFT] V_Compute: 28.846 V
[LIFT] V_Motors: 28.340 V
[LIFT] V_Compute: 28.836 V
[LIFT] V_Motors: 28.341 V
[LIFT] V_Compute: 28.844 V
[LIFT] V_Motors: 28.331 V
[LIFT] V_Compute: 28.836 V
[LIFT] V_Motors: 28.343 V
[LIFT] V_Compute: 28.785 V
[LIFT] V_Motors: 28.330 V
[LIFT] V_Compute: 28.833 V
[LIFT] V_Motors: 28.340 V
[LIFT] V_Compute: 28.829 V
[LIFT] V_Motors: 28.337 V
[LIFT] V_Compute: 28.833 V
[LIFT] V_Motors: 28.340 V
[LIFT] V_Compute: 28.826 V
[LIFT] V_Motors: 28.326 V
[LIFT] V_Compute: 28.831 V
[LIFT] V_Motors: 28.354 V
[LIFT] V_Compute: 28.830 V
[LIFT] V_Motors: 28.359 V
[LIFT] V_Compute: 28.831 V
[LIFT] V_Motors: 28.337 V
[LIFT] V_Compute: 28.817 V
[LIFT] V_Motors: 28.324 V
[LIFT] V_Compute: 28.816 V
[LIFT] V_Motors: 28.349 V
[LIFT] V_Compute: 28.836 V
[LIFT] V_Motors: 28.347 V
[LIFT] V_Compute: 28.829 V
[LIFT] V_Motors: 28.344 V
[LIFT] V_Compute: 28.799 V
[LIFT] V_Motors: 28.335 V
[LIFT] V_Compute: 28.819 V
[LIFT] V_Motors: 28.356 V
[LIFT] V_Compute: 28.831 V
[LIFT] V_Motors: 28.349 V
[LIFT] V_Compute: 28.802 V
[LIFT] V_Motors: 28.333 V
[LIFT] V_Compute: 28.834 V
[LIFT] V_Motors: 28.349 V
[LIFT] V_Compute: 28.822 V
[LIFT] V_Motors: 28.350 V
[LIFT] V_Compute: 28.846 V
[LIFT] V_Motors: 28.331 V
[LIFT] V_Compute: 28.836 V
[LIFT] V_Motors: 28.346 V
[LIFT] V_Compute: 28.820 V
[LIFT] V_Motors: 28.327 V
[LIFT] V_Compute: 28.862 V
[LIFT] V_Motors: 28.355 V
[LIFT] V_Compute: 28.839 V
[LIFT] V_Motors: 28.334 V
[LIFT] V_Compute: 28.833 V
[LIFT] V_Motors: 28.353 V
[LIFT] V_Compute: 28.821 V
[LIFT] V_Motors: 28.353 V
[LIFT] V_Compute: 28.804 V
[LIFT] V_Motors: 28.343 V
[LIFT] V_Compute: 28.841 V
[LIFT] V_Motors: 28.355 V
[LIFT] V_Compute: 28.820 V
[LIFT] V_Motors: 28.349 V
[LIFT] V_Compute: 28.834 V
[LIFT] V_Motors: 28.346 V
[LIFT] V_Compute: 28.834 V
[LIFT] V_Motors: 28.354 V
[LIFT] V_Compute: 28.836 V
[LIFT] V_Motors: 28.351 V
[LIFT] V_Compute: 28.820 V
[LIFT] V_Motors: 28.354 V
[LIFT] V_Compute: 28.836 V
[LIFT] V_Motors: 28.347 V
[LIFT] V_Compute: 28.834 V
[LIFT] V_Motors: 28.347 V
[LIFT] V_Compute: 28.829 V
[LIFT] V_Motors: 28.343 V
[LIFT] V_Compute: 28.855 V
[LIFT] V_Motors: 28.344 V
[LIFT] V_Compute: 28.831 V
[LIFT] V_Motors: 28.344 V
[LIFT] V_Compute: 28.819 V
[LIFT] V_Motors: 28.350 V
[LIFT] V_Compute: 28.826 V
[LIFT] V_Motors: 28.350 V
[LIFT] V_Compute: 28.840 V
[LIFT] V_Motors: 28.344 V
[LIFT] V_Compute: 28.845 V
[LIFT] V_Motors: 28.356 V
[LIFT] V_Compute: 28.830 V
[LIFT] V_Motors: 28.336 V
[LIFT] V_Compute: 28.839 V
[LIFT] V_Motors: 28.350 V
[LIFT] V_Compute: 28.851 V
[LIFT] V_Motors: 28.343 V
[LIFT] V_Compute: 28.817 V
[LIFT] V_Motors: 28.362 V
[LIFT] V_Compute: 28.829 V
[LIFT] V_Motors: 28.337 V
[LIFT] V_Compute: 28.804 V
[LIFT] V_Motors: 28.337 V
[LIFT] V_Compute: 28.815 V
[LIFT] V_Motors: 28.345 V
[LIFT] V_Compute: 28.826 V
[LIFT] V_Motors: 28.349 V
[LIFT] V_Compute: 28.836 V
[LIFT] V_Motors: 28.356 V
[LIFT] V_Compute: 28.835 V
[LIFT] V_Motors: 28.359 V
[LIFT] V_Compute: 28.830 V
[LIFT] V_Motors: 28.343 V
[LIFT] V_Compute: 28.844 V
[LIFT] V_Motors: 28.354 V
[LIFT] V_Compute: 28.834 V
[LIFT] V_Motors: 28.341 V
[LIFT] V_Compute: 28.843 V
[LIFT] V_Motors: 28.337 V
[LIFT] V_Compute: 28.851 V
[LIFT] V_Motors: 28.344 V
[LIFT] V_Compute: 28.833 V
[LIFT] V_Motors: 28.354 V
[LIFT] V_Compute: 28.826 V
[LIFT] V_Motors: 28.357 V
[LIFT] V_Compute: 28.839 V
[LIFT] V_Motors: 28.343 V
[LIFT] V_Compute: 28.830 V
[LIFT] V_Motors: 28.347 V
[LIFT] V_Compute: 28.821 V
[LIFT] V_Motors: 28.347 V
[LIFT] V_Compute: 28.819 V
[LIFT] V_Motors: 28.347 V
[LIFT] V_Compute: 28.824 V
[LIFT] V_Motors: 28.349 V
[LIFT] V_Compute: 28.815 V
[LIFT] V_Motors: 28.343 V
[LIFT] V_Compute: 28.845 V
[LIFT] V_Motors: 28.350 V
[LIFT] V_Compute: 28.840 V
[LIFT] V_Motors: 28.349 V
[LIFT] V_Compute: 28.844 V
[LIFT] V_Motors: 28.346 V
[LIFT] V_Compute: 28.804 V
[LIFT] V_Motors: 28.333 V
[LIFT] V_Compute: 28.826 V
[LIFT] V_Motors: 28.345 V
[LIFT] V_Compute: 28.833 V
[LIFT] V_Motors: 28.347 V
[LIFT] V_Compute: 28.825 V
[LIFT] V_Motors: 28.345 V
[LIFT] V_Compute: 28.830 V
[LIFT] V_Motors: 28.350 V
[LIFT] V_Compute: 28.841 V
[LIFT] V_Motors: 28.370 V
[LIFT] V_Compute: 28.835 V
[LIFT] V_Motors: 28.346 V
[LIFT] V_Compute: 28.835 V
[LIFT] V_Motors: 28.351 V
[LIFT] V_Compute: 28.843 V
[LIFT] V_Motors: 28.356 V
[LIFT] V_Compute: 28.845 V
[LIFT] V_Motors: 28.364 V
[LIFT] V_Compute: 28.840 V
[LIFT] V_Motors: 28.347 V
[LIFT] V_Compute: 28.845 V
[LIFT] V_Motors: 28.351 V
[LIFT] V_Compute: 28.840 V
[LIFT] V_Motors: 28.357 V
[LIFT] V_Compute: 28.835 V
[LIFT] V_Motors: 28.349 V
[LIFT] V_Compute: 28.831 V
[LIFT] V_Motors: 28.340 V
[LIFT] V_Compute: 28.840 V
[LIFT] V_Motors: 28.345 V
[LIFT] V_Compute: 28.850 V
[LIFT] V_Motors: 28.362 V
[LIFT] V_Compute: 28.824 V
[LIFT] V_Motors: 28.350 V
[LIFT] V_Compute: 28.824 V
[LIFT] V_Motors: 28.349 V
[LIFT] V_Compute: 28.791 V
[LIFT] V_Motors: 28.344 V
[LIFT] V_Compute: 28.821 V
[LIFT] V_Motors: 28.354 V
[LIFT] V_Compute: 28.850 V
[LIFT] V_Motors: 28.353 V
[LIFT] V_Compute: 28.837 V
[LIFT] V_Motors: 28.357 V
[LIFT] V_Compute: 28.841 V
[LIFT] V_Motors: 28.346 V
[LIFT] V_Compute: 28.833 V
[LIFT] V_Motors: 28.337 V
[LIFT] V_Compute: 28.861 V
[LIFT] V_Motors: 28.366 V
[LIFT] V_Compute: 28.844 V
[LIFT] V_Motors: 28.366 V
[LIFT] V_Compute: 28.830 V
[LIFT] V_Motors: 28.355 V
[LIFT] V_Compute: 28.827 V
[LIFT] V_Motors: 28.333 V
[LIFT] V_Compute: 28.826 V
[LIFT] V_Motors: 28.350 V
[LIFT] V_Compute: 28.854 V
[LIFT] V_Motors: 28.346 V
[LIFT] V_Compute: 28.856 V
[LIFT] V_Motors: 28.354 V
[LIFT] V_Compute: 28.843 V
[LIFT] V_Motors: 28.378 V
[LIFT] V_Compute: 28.804 V
[LIFT] V_Motors: 28.347 V
[LIFT] V_Compute: 28.841 V
[LIFT] V_Motors: 28.344 V
[LIFT] V_Compute: 28.819 V
[LIFT] V_Motors: 28.341 V
[LIFT] V_Compute: 28.837 V
[LIFT] V_Motors: 28.357 V
[LIFT] V_Compute: 28.843 V
[LIFT] V_Motors: 28.360 V
[LIFT] V_Compute: 28.822 V
[LIFT] V_Motors: 28.351 V
[LIFT] V_Compute: 28.856 V
[LIFT] V_Motors: 28.335 V
[LIFT] V_Compute: 28.837 V
[LIFT] V_Motors: 28.353 V
[LIFT] V_Compute: 28.846 V
[LIFT] V_Motors: 28.353 V
[LIFT] V_Compute: 28.840 V
[LIFT] V_Motors: 28.335 V
[LIFT] V_Compute: 28.841 V
[LIFT] V_Motors: 28.345 V
[LIFT] V_Compute: 28.819 V
[LIFT] V_Motors: 28.343 V
[LIFT] V_Compute: 28.829 V
[LIFT] V_Motors: 28.345 V
[LIFT] V_Compute: 28.836 V
[LIFT] V_Motors: 28.361 V
[LIFT] V_Compute: 28.837 V
[LIFT] V_Motors: 28.357 V
[LIFT] V_Compute: 28.836 V
[LIFT] V_Motors: 28.355 V
[LIFT] V_Compute: 28.830 V
[LIFT] V_Motors: 28.351 V
[LIFT] V_Compute: 28.827 V
[LIFT] V_Motors: 28.355 V
[LIFT] V_Compute: 28.862 V
[LIFT] V_Motors: 28.371 V
[LIFT] V_Compute: 28.847 V
[LIFT] V_Motors: 28.356 V
[LIFT] V_Compute: 28.830 V
[LIFT] V_Motors: 28.385 V
[LIFT] V_Compute: 28.827 V
[LIFT] V_Motors: 28.347 V
[LIFT] V_Compute: 28.829 V
[LIFT] V_Motors: 28.343 V
[LIFT] V_Compute: 28.840 V
[LIFT] V_Motors: 28.361 V
[LIFT] V_Compute: 28.839 V
[LIFT] V_Motors: 28.337 V
[LIFT] V_Compute: 28.859 V
[LIFT] V_Motors: 28.354 V
[LIFT] V_Compute: 28.845 V
[LIFT] V_Motors: 28.360 V
[LIFT] V_Compute: 28.833 V
[LIFT] V_Motors: 28.359 V
[LIFT] V_Compute: 28.870 V
[LIFT] V_Motors: 28.356 V
[LIFT] V_Compute: 28.845 V
[LIFT] V_Motors: 28.351 V
[LIFT] V_Compute: 28.847 V
[LIFT] V_Motors: 28.357 V
[LIFT] V_Compute: 28.850 V
[LIFT] V_Motors: 28.360 V
[LIFT] V_Compute: 28.835 V
[LIFT] V_Motors: 28.370 V
[LIFT] V_Compute: 28.841 V
[LIFT] V_Motors: 28.361 V
[LIFT] V_Compute: 28.833 V
[LIFT] V_Motors: 28.361 V
[LIFT] V_Compute: 28.847 V
[LIFT] V_Motors: 28.349 V
[LIFT] V_Compute: 28.820 V
[LIFT] V_Motors: 28.345 V
[LIFT] V_Compute: 28.856 V
[LIFT] V_Motors: 28.347 V
[LIFT] V_Compute: 28.859 V
[LIFT] V_Motors: 28.368 V
[LIFT] V_Compute: 28.846 V
[LIFT] V_Motors: 28.347 V
[LIFT] V_Compute: 28.840 V
[LIFT] V_Motors: 28.356 V
[LIFT] V_Compute: 28.840 V
[LIFT] V_Motors: 28.359 V
[LIFT] V_Compute: 28.816 V
[LIFT] V_Motors: 28.353 V
[LIFT] V_Compute: 28.835 V
[LIFT] V_Motors: 28.357 V
[LIFT] V_Compute: 28.834 V
[LIFT] V_Motors: 28.351 V
[LIFT] V_Compute: 28.841 V
[LIFT] V_Motors: 28.356 V
[LIFT] V_Compute: 28.846 V
[LIFT] V_Motors: 28.356 V
[LIFT] V_Compute: 28.836 V
[LIFT] V_Motors: 28.362 V
[LIFT] V_Compute: 28.854 V
[LIFT] V_Motors: 28.366 V
[LIFT] V_Compute: 28.836 V
[LIFT] V_Motors: 28.371 V
[LIFT] V_Compute: 28.856 V
[LIFT] V_Motors: 28.368 V
[LIFT] V_Compute: 28.854 V
[LIFT] V_Motors: 28.360 V
[LIFT] V_Compute: 28.836 V
[LIFT] V_Motors: 28.369 V
[LIFT] V_Compute: 28.850 V
[LIFT] V_Motors: 28.365 V
[LIFT] V_Compute: 28.839 V
[LIFT] V_Motors: 28.351 V
[LIFT] V_Compute: 28.834 V
[LIFT] V_Motors: 28.346 V
[LIFT] V_Compute: 28.850 V
[LIFT] V_Motors: 28.365 V
[LIFT] V_Compute: 28.853 V
[LIFT] V_Motors: 28.362 V
[LIFT] V_Compute: 28.839 V
[LIFT] V_Motors: 28.329 V
[LIFT] V_Compute: 28.856 V
[LIFT] V_Motors: 28.361 V
[LIFT] V_Compute: 28.849 V
[LIFT] V_Motors: 28.344 V
[LIFT] V_Compute: 28.836 V
[LIFT] V_Motors: 28.354 V
[LIFT] V_Compute: 28.847 V
[LIFT] V_Motors: 28.376 V
[LIFT] V_Compute: 28.834 V
[LIFT] V_Motors: 28.370 V
[LIFT] V_Compute: 28.815 V
[LIFT] V_Motors: 28.370 V
[LIFT] V_Compute: 28.864 V
[LIFT] V_Motors: 28.356 V
[LIFT] V_Compute: 28.849 V
[LIFT] V_Motors: 28.345 V
[LIFT] V_Compute: 28.859 V
[LIFT] V_Motors: 28.360 V
[LIFT] V_Compute: 28.865 V
[LIFT] V_Motors: 28.365 V
[LIFT] V_Compute: 28.847 V
[LIFT] V_Motors: 28.364 V
[LIFT] V_Compute: 28.857 V
[LIFT] V_Motors: 28.356 V
[LIFT] V_Compute: 28.840 V
[LIFT] V_Motors: 28.353 V
[LIFT] V_Compute: 28.871 V
[LIFT] V_Motors: 28.365 V
[LIFT] V_Compute: 28.817 V
[LIFT] V_Motors: 28.350 V
[LIFT] V_Compute: 28.851 V
[LIFT] V_Motors: 28.378 V
[LIFT] V_Compute: 28.822 V
[LIFT] V_Motors: 28.350 V
[LIFT] V_Compute: 28.825 V
[LIFT] V_Motors: 28.353 V
[LIFT] V_Compute: 28.826 V
[LIFT] V_Motors: 28.350 V
[LIFT] V_Compute: 28.836 V
[LIFT] V_Motors: 28.366 V
[LIFT] V_Compute: 28.855 V
[LIFT] V_Motors: 28.369 V
[LIFT] V_Compute: 28.826 V
[LIFT] V_Motors: 28.366 V
[LIFT] V_Compute: 28.839 V
[LIFT] V_Motors: 28.355 V
[LIFT] V_Compute: 28.850 V
[LIFT] V_Motors: 28.364 V
[LIFT] V_Compute: 28.866 V
[LIFT] V_Motors: 28.396 V
[LIFT] V_Compute: 28.830 V
[LIFT] V_Motors: 28.374 V
[LIFT] V_Compute: 28.853 V
[LIFT] V_Motors: 28.365 V
[LIFT] V_Compute: 28.840 V
[LIFT] V_Motors: 28.371 V
[LIFT] V_Compute: 28.850 V
[LIFT] V_Motors: 28.346 V
[LIFT] V_Compute: 28.835 V
[LIFT] V_Motors: 28.354 V
[LIFT] V_Compute: 28.836 V
[LIFT] V_Motors: 28.360 V
[LIFT] V_Compute: 28.849 V
[LIFT] V_Motors: 28.368 V
[LIFT] V_Compute: 28.845 V
[LIFT] V_Motors: 28.368 V
[LIFT] V_Compute: 28.861 V
[LIFT] V_Motors: 28.355 V
[LIFT] V_Compute: 28.860 V
[LIFT] V_Motors: 28.369 V
[LIFT] V_Compute: 28.841 V
[LIFT] V_Motors: 28.341 V
[LIFT] V_Compute: 28.844 V
[LIFT] V_Motors: 28.350 V
[LIFT] V_Compute: 28.864 V
[LIFT] V_Motors: 28.361 V
[LIFT] V_Compute: 28.834 V
[LIFT] V_Motors: 28.347 V
[LIFT] V_Compute: 28.829 V
[LIFT] V_Motors: 28.364 V
[LIFT] V_Compute: 28.853 V
[LIFT] V_Motors: 28.353 V
[LIFT] V_Compute: 28.846 V
[LIFT] V_Motors: 28.353 V
[LIFT] V_Compute: 28.851 V
[LIFT] V_Motors: 28.364 V
[LIFT] V_Compute: 28.856 V
[LIFT] V_Motors: 28.359 V
[LIFT] V_Compute: 28.843 V
[LIFT] V_Motors: 28.370 V
[LIFT] V_Compute: 28.865 V
[LIFT] V_Motors: 28.370 V
[LIFT] V_Compute: 28.850 V
[LIFT] V_Motors: 28.354 V
[LIFT] V_Compute: 28.841 V
[LIFT] V_Motors: 28.362 V
[LIFT] V_Compute: 28.851 V
[LIFT] V_Motors: 28.364 V
[LIFT] V_Compute: 28.841 V
[LIFT] V_Motors: 28.360 V
[LIFT] V_Compute: 28.854 V
[LIFT] V_Motors: 28.368 V
[LIFT] V_Compute: 28.845 V
[LIFT] V_Motors: 28.361 V
[LIFT] V_Compute: 28.870 V
[LIFT] V_Motors: 28.354 V
[LIFT] V_Compute: 28.851 V
[LIFT] V_Motors: 28.369 V
[LIFT] V_Compute: 28.861 V
[LIFT] V_Motors: 28.390 V
[LIFT] V_Compute: 28.834 V
[LIFT] V_Motors: 28.364 V
[LIFT] V_Compute: 28.844 V
[LIFT] V_Motors: 28.368 V
[LIFT] V_Compute: 28.835 V
[LIFT] V_Motors: 28.374 V
[LIFT] V_Compute: 28.860 V
[LIFT] V_Motors: 28.356 V
[LIFT] V_Compute: 28.854 V
[LIFT] V_Motors: 28.371 V
[LIFT] V_Compute: 28.839 V
[LIFT] V_Motors: 28.361 V
[LIFT] V_Compute: 28.844 V
[LIFT] V_Motors: 28.359 V
[LIFT] V_Compute: 28.855 V
[LIFT] V_Motors: 28.357 V
[LIFT] V_Compute: 28.856 V
[LIFT] V_Motors: 28.375 V
[LIFT] V_Compute: 28.860 V
[LIFT] V_Motors: 28.371 V
[LIFT] V_Compute: 28.840 V
[LIFT] V_Motors: 28.364 V
[LIFT] V_Compute: 28.865 V
[LIFT] V_Motors: 28.366 V
[LIFT] V_Compute: 28.853 V
[LIFT] V_Motors: 28.371 V
[LIFT] V_Compute: 28.849 V
[LIFT] V_Motors: 28.364 V
[LIFT] V_Compute: 28.836 V
[LIFT] V_Motors: 28.379 V
[LIFT] V_Compute: 28.850 V
[LIFT] V_Motors: 28.370 V
[LIFT] V_Compute: 28.861 V
[LIFT] V_Motors: 28.365 V
[LIFT] V_Compute: 28.854 V
[LIFT] V_Motors: 28.366 V
[LIFT] V_Compute: 28.850 V
[LIFT] V_Motors: 28.359 V
[LIFT] V_Compute: 28.839 V
[LIFT] V_Motors: 28.366 V
[LIFT] V_Compute: 28.847 V
[LIFT] V_Motors: 28.376 V
[LIFT] V_Compute: 28.856 V
[LIFT] V_Motors: 28.362 V
[LIFT] V_Compute: 28.845 V
[LIFT] V_Motors: 28.370 V
[LIFT] V_Compute: 28.845 V
[LIFT] V_Motors: 28.369 V
[LIFT] V_Compute: 28.830 V
[LIFT] V_Motors: 28.359 V
[LIFT] V_Compute: 28.861 V
[LIFT] V_Motors: 28.374 V
[LIFT] V_Compute: 28.847 V
[LIFT] V_Motors: 28.371 V
[LIFT] V_Compute: 28.851 V
[LIFT] V_Motors: 28.360 V
[LIFT] V_Compute: 28.836 V
[LIFT] V_Motors: 28.376 V
[LIFT] V_Compute: 28.849 V
[LIFT] V_Motors: 28.370 V
[LIFT] V_Compute: 28.865 V
[LIFT] V_Motors: 28.365 V
[LIFT] V_Compute: 28.835 V
[LIFT] V_Motors: 28.376 V
[LIFT] V_Compute: 28.839 V
[LIFT] V_Motors: 28.357 V
[LIFT] V_Compute: 28.833 V
[LIFT] V_Motors: 28.371 V
[LIFT] V_Compute: 28.849 V
[LIFT] V_Motors: 28.372 V
[LIFT] V_Compute: 28.889 V
[LIFT] V_Motors: 28.365 V
[LIFT] V_Compute: 28.849 V
[LIFT] V_Motors: 28.380 V
[LIFT] V_Compute: 28.845 V
[LIFT] V_Motors: 28.368 V
[LIFT] V_Compute: 28.872 V
[LIFT] V_Motors: 28.376 V
[LIFT] V_Compute: 28.843 V
[LIFT] V_Motors: 28.371 V
[LIFT] V_Compute: 28.844 V
[LIFT] V_Motors: 28.366 V
[LIFT] V_Compute: 28.860 V
[LIFT] V_Motors: 28.365 V
[LIFT] V_Compute: 28.837 V
[LIFT] V_Motors: 28.388 V
[LIFT] V_Compute: 28.856 V
[LIFT] V_Motors: 28.364 V
[LIFT] V_Compute: 28.840 V
[LIFT] V_Motors: 28.369 V
[LIFT] V_Compute: 28.861 V
[LIFT] V_Motors: 28.368 V
[LIFT] V_Compute: 28.839 V
[LIFT] V_Motors: 28.369 V
[LIFT] V_Compute: 28.853 V
[LIFT] V_Motors: 28.368 V
[LIFT] V_Compute: 28.864 V
[LIFT] V_Motors: 28.365 V
[LIFT] V_Compute: 28.888 V
[LIFT] V_Motors: 28.355 V
[LIFT] V_Compute: 28.831 V
[LIFT] V_Motors: 28.359 V
[LIFT] V_Compute: 28.829 V
[LIFT] V_Motors: 28.374 V
[LIFT] V_Compute: 28.845 V
[LIFT] V_Motors: 28.365 V
[LIFT] V_Compute: 28.826 V
[LIFT] V_Motors: 28.368 V
[LIFT] V_Compute: 28.851 V
[LIFT] V_Motors: 28.375 V
[LIFT] V_Compute: 28.865 V
[LIFT] V_Motors: 28.385 V
[LIFT] V_Compute: 28.824 V
[LIFT] V_Motors: 28.349 V
[LIFT] V_Compute: 28.850 V
[LIFT] V_Motors: 28.368 V
[LIFT] V_Compute: 28.833 V
[LIFT] V_Motors: 28.371 V
[LIFT] V_Compute: 28.854 V
[LIFT] V_Motors: 28.374 V
[LIFT] V_Compute: 28.871 V
[LIFT] V_Motors: 28.366 V
[LIFT] V_Compute: 28.847 V
[LIFT] V_Motors: 28.370 V
[LIFT] V_Compute: 28.855 V
[LIFT] V_Motors: 28.370 V
[LIFT] V_Compute: 28.871 V
[LIFT] V_Motors: 28.366 V
[LIFT] V_Compute: 28.854 V
[LIFT] V_Motors: 28.368 V
[LIFT] V_Compute: 28.850 V
[LIFT] V_Motors: 28.378 V
[LIFT] V_Compute: 28.841 V
[LIFT] V_Motors: 28.368 V
[LIFT] V_Compute: 28.860 V
[LIFT] V_Motors: 28.380 V
[LIFT] V_Compute: 28.850 V
[LIFT] V_Motors: 28.375 V
[LIFT] V_Compute: 28.874 V
[LIFT] V_Motors: 28.379 V
[LIFT] V_Compute: 28.840 V
[LIFT] V_Motors: 28.379 V
[LIFT] V_Compute: 28.866 V
[LIFT] V_Motors: 28.365 V
[LIFT] V_Compute: 28.853 V
[LIFT] V_Motors: 28.374 V
[LIFT] V_Compute: 28.854 V
[LIFT] V_Motors: 28.366 V
[LIFT] V_Compute: 28.861 V
[LIFT] V_Motors: 28.374 V
[LIFT] V_Compute: 28.839 V
[LIFT] V_Motors: 28.391 V
[LIFT] V_Compute: 28.843 V
[LIFT] V_Motors: 28.369 V
[LIFT] V_Compute: 28.857 V
[LIFT] V_Motors: 28.371 V
[LIFT] V_Compute: 28.865 V
[LIFT] V_Motors: 28.372 V
[LIFT] V_Compute: 28.845 V
[LIFT] V_Motors: 28.370 V
[LIFT] V_Compute: 28.851 V
[LIFT] V_Motors: 28.376 V
[LIFT] V_Compute: 28.860 V
[LIFT] V_Motors: 28.364 V
[LIFT] V_Compute: 28.844 V
[LIFT] V_Motors: 28.372 V
[LIFT] V_Compute: 28.847 V
[LIFT] V_Motors: 28.381 V
[LIFT] V_Compute: 28.844 V
[LIFT] V_Motors: 28.361 V
[LIFT] V_Compute: 28.859 V
[LIFT] V_Motors: 28.365 V
[LIFT] V_Compute: 28.891 V
[LIFT] V_Motors: 28.376 V
[LIFT] V_Compute: 28.822 V
[LIFT] V_Motors: 28.372 V
[LIFT] V_Compute: 28.854 V
[LIFT] V_Motors: 28.364 V
[LIFT] V_Compute: 28.850 V
[LIFT] V_Motors: 28.372 V
[LIFT] V_Compute: 28.851 V
[LIFT] V_Motors: 28.375 V
[LIFT] V_Compute: 28.850 V
[LIFT] V_Motors: 28.371 V
[LIFT] V_Compute: 28.864 V
[LIFT] V_Motors: 28.374 V
[LIFT] V_Compute: 28.853 V
[LIFT] V_Motors: 28.370 V
[LIFT] V_Compute: 28.853 V
[LIFT] V_Motors: 28.375 V
[LIFT] V_Compute: 28.856 V
[LIFT] V_Motors: 28.372 V
[LIFT] V_Compute: 28.853 V
[LIFT] V_Motors: 28.388 V
[LIFT] V_Compute: 28.833 V
[LIFT] V_Motors: 28.361 V
[LIFT] V_Compute: 28.826 V
[LIFT] V_Motors: 28.374 V
[LIFT] V_Compute: 28.868 V
[LIFT] V_Motors: 28.372 V
[LIFT] V_Compute: 28.866 V
[LIFT] V_Motors: 28.375 V
[LIFT] V_Compute: 28.849 V
[LIFT] V_Motors: 28.384 V
[LIFT] V_Compute: 28.869 V
[LIFT] V_Motors: 28.376 V
[LIFT] V_Compute: 28.857 V
[LIFT] V_Motors: 28.388 V
[LIFT] V_Compute: 28.871 V
[LIFT] V_Motors: 28.382 V
[LIFT] V_Compute: 28.859 V
[LIFT] V_Motors: 28.374 V
[LIFT] V_Compute: 28.872 V
[LIFT] V_Motors: 28.375 V
[LIFT] V_Compute: 28.865 V
[LIFT] V_Motors: 28.374 V
[LIFT] V_Compute: 28.854 V
[LIFT] V_Motors: 28.384 V
[LIFT] V_Compute: 28.847 V
[LIFT] V_Motors: 28.359 V
[LIFT] V_Compute: 28.849 V
[LIFT] V_Motors: 28.368 V
[LIFT] V_Compute: 28.869 V
[LIFT] V_Motors: 28.374 V
[LIFT] V_Compute: 28.833 V
[LIFT] V_Motors: 28.365 V
[LIFT] V_Compute: 28.841 V
[LIFT] V_Motors: 28.379 V
[LIFT] V_Compute: 28.879 V
[LIFT] V_Motors: 28.372 V
[LIFT] V_Compute: 28.847 V
[LIFT] V_Motors: 28.378 V
[LIFT] V_Compute: 28.857 V
[LIFT] V_Motors: 28.375 V
[LIFT] V_Compute: 28.855 V
[LIFT] V_Motors: 28.376 V
[LIFT] V_Compute: 28.868 V
[LIFT] V_Motors: 28.370 V
[LIFT] V_Compute: 28.844 V
[LIFT] V_Motors: 28.353 V
[LIFT] V_Compute: 28.853 V
[LIFT] V_Motors: 28.368 V
[LIFT] V_Compute: 28.851 V
[LIFT] V_Motors: 28.376 V
[LIFT] V_Compute: 28.856 V
[LIFT] V_Motors: 28.391 V
[LIFT] V_Compute: 28.846 V
[LIFT] V_Motors: 28.388 V
[LIFT] V_Compute: 28.840 V
[LIFT] V_Motors: 28.375 V
[LIFT] V_Compute: 28.843 V
[LIFT] V_Motors: 28.362 V
[LIFT] V_Compute: 28.855 V
[LIFT] V_Motors: 28.372 V
[LIFT] V_Compute: 28.841 V
[LIFT] V_Motors: 28.354 V
[LIFT] V_Compute: 28.847 V
[LIFT] V_Motors: 28.382 V
[LIFT] V_Compute: 28.854 V
[LIFT] V_Motors: 28.381 V
[LIFT] V_Compute: 28.868 V
[LIFT] V_Motors: 28.374 V
[LIFT] V_Compute: 28.841 V
[LIFT] V_Motors: 28.372 V
[LIFT] V_Compute: 28.845 V
[LIFT] V_Motors: 28.370 V
[LIFT] V_Compute: 28.844 V
[LIFT] V_Motors: 28.366 V
[LIFT] V_Compute: 28.851 V
[LIFT] V_Motors: 28.376 V
[LIFT] V_Compute: 28.860 V
[LIFT] V_Motors: 28.381 V
[LIFT] V_Compute: 28.861 V
[LIFT] V_Motors: 28.405 V
[LIFT] V_Compute: 28.854 V
[LIFT] V_Motors: 28.378 V
[LIFT] V_Compute: 28.851 V
[LIFT] V_Motors: 28.370 V
[LIFT] V_Compute: 28.869 V
[LIFT] V_Motors: 28.368 V
[LIFT] V_Compute: 28.857 V
[LIFT] V_Motors: 28.378 V
[LIFT] V_Compute: 28.857 V
[LIFT] V_Motors: 28.365 V
[LIFT] V_Compute: 28.837 V
[LIFT] V_Motors: 28.364 V
[LIFT] V_Compute: 28.853 V
[LIFT] V_Motors: 28.376 V
[LIFT] V_Compute: 28.856 V
[LIFT] V_Motors: 28.379 V
[LIFT] V_Compute: 28.860 V
[LIFT] V_Motors: 28.372 V
[LIFT] V_Compute: 28.856 V
[LIFT] V_Motors: 28.379 V
[LIFT] V_Compute: 28.868 V
[LIFT] V_Motors: 28.376 V
[LIFT] V_Compute: 28.861 V
[LIFT] V_Motors: 28.380 V
[LIFT] V_Compute: 28.845 V
[LIFT] V_Motors: 28.369 V
[LIFT] V_Compute: 28.851 V
[LIFT] V_Motors: 28.371 V
[LIFT] V_Compute: 28.861 V
[LIFT] V_Motors: 28.371 V
[LIFT] V_Compute: 28.853 V
[LIFT] V_Motors: 28.375 V
[LIFT] V_Compute: 28.856 V
[LIFT] V_Motors: 28.382 V
[LIFT] V_Compute: 28.865 V
[LIFT] V_Motors: 28.378 V
[LIFT] V_Compute: 28.855 V
[LIFT] V_Motors: 28.372 V
[LIFT] V_Compute: 28.859 V
[LIFT] V_Motors: 28.372 V
[LIFT] V_Compute: 28.879 V
[LIFT] V_Motors: 28.380 V
[LIFT] V_Compute: 28.857 V
[LIFT] V_Motors: 28.380 V
[LIFT] V_Compute: 28.853 V
[LIFT] V_Motors: 28.375 V
[LIFT] V_Compute: 28.859 V
[LIFT] V_Motors: 28.384 V
[LIFT] V_Compute: 28.836 V
[LIFT] V_Motors: 28.392 V
[LIFT] V_Compute: 28.856 V
[LIFT] V_Motors: 28.379 V
[LIFT] V_Compute: 28.860 V
[LIFT] V_Motors: 28.386 V
[LIFT] V_Compute: 28.850 V
[LIFT] V_Motors: 28.388 V
[LIFT] V_Compute: 28.856 V
[LIFT] V_Motors: 28.375 V
[LIFT] V_Compute: 28.874 V
[LIFT] V_Motors: 28.379 V
[LIFT] V_Compute: 28.869 V
[LIFT] V_Motors: 28.384 V
[LIFT] V_Compute: 28.878 V
[LIFT] V_Motors: 28.391 V
[LIFT] V_Compute: 28.876 V
[LIFT] V_Motors: 28.382 V
[LIFT] V_Compute: 28.851 V
[LIFT] V_Motors: 28.357 V
[LIFT] V_Compute: 28.861 V
[LIFT] V_Motors: 28.385 V
[LIFT] V_Compute: 28.861 V
[LIFT] V_Motors: 28.385 V
[LIFT] V_Compute: 28.860 V
[LIFT] V_Motors: 28.380 V
[LIFT] V_Compute: 28.872 V
[LIFT] V_Motors: 28.382 V
[LIFT] V_Compute: 28.857 V
[LIFT] V_Motors: 28.381 V
[LIFT] V_Compute: 28.862 V
[LIFT] V_Motors: 28.385 V
[LIFT] V_Compute: 28.878 V
[LIFT] V_Motors: 28.386 V
[LIFT] V_Compute: 28.847 V
[LIFT] V_Motors: 28.372 V
[LIFT] V_Compute: 28.860 V
[LIFT] V_Motors: 28.371 V
[LIFT] V_Compute: 28.864 V
[LIFT] V_Motors: 28.379 V
[LIFT] V_Compute: 28.857 V
[LIFT] V_Motors: 28.379 V
[LIFT] V_Compute: 28.855 V
[LIFT] V_Motors: 28.384 V
[LIFT] V_Compute: 28.880 V
[LIFT] V_Motors: 28.374 V
[LIFT] V_Compute: 28.855 V
[LIFT] V_Motors: 28.381 V
[LIFT] V_Compute: 28.865 V
[LIFT] V_Motors: 28.382 V
[LIFT] V_Compute: 28.861 V
[LIFT] V_Motors: 28.375 V
[LIFT] V_Compute: 28.868 V
[LIFT] V_Motors: 28.382 V
[LIFT] V_Compute: 28.856 V
[LIFT] V_Motors: 28.374 V
[LIFT] V_Compute: 28.865 V
[LIFT] V_Motors: 28.380 V
[LIFT] V_Compute: 28.843 V
[LIFT] V_Motors: 28.381 V
[LIFT] V_Compute: 28.865 V
[LIFT] V_Motors: 28.385 V
[LIFT] V_Compute: 28.862 V
[LIFT] V_Motors: 28.372 V
[LIFT] V_Compute: 28.829 V
[LIFT] V_Motors: 28.379 V
[LIFT] V_Compute: 28.861 V
[LIFT] V_Motors: 28.376 V
[LIFT] V_Compute: 28.847 V
[LIFT] V_Motors: 28.380 V
[LIFT] V_Compute: 28.879 V
[LIFT] V_Motors: 28.374 V
[LIFT] V_Compute: 28.865 V
[LIFT] V_Motors: 28.382 V
[LIFT] V_Compute: 28.872 V
[LIFT] V_Motors: 28.395 V
[LIFT] V_Compute: 28.866 V
[LIFT] V_Motors: 28.386 V
[LIFT] V_Compute: 28.850 V
[LIFT] V_Motors: 28.379 V
[LIFT] V_Compute: 28.849 V
[LIFT] V_Motors: 28.384 V
[LIFT] V_Compute: 28.836 V
[LIFT] V_Motors: 28.372 V
[LIFT] V_Compute: 28.843 V
[LIFT] V_Motors: 28.380 V
[LIFT] V_Compute: 28.840 V
[LIFT] V_Motors: 28.388 V
[LIFT] V_Compute: 28.862 V
[LIFT] V_Motors: 28.368 V
[LIFT] V_Compute: 28.874 V
[LIFT] V_Motors: 28.390 V
[LIFT] V_Compute: 28.855 V
[LIFT] V_Motors: 28.374 V
[LIFT] V_Compute: 28.871 V
[LIFT] V_Motors: 28.379 V
[LIFT] V_Compute: 28.862 V
[LIFT] V_Motors: 28.375 V
[LIFT] V_Compute: 28.879 V
[LIFT] V_Motors: 28.361 V
[LIFT] V_Compute: 28.860 V
[LIFT] V_Motors: 28.374 V
[LIFT] V_Compute: 28.859 V
[LIFT] V_Motors: 28.396 V
[LIFT] V_Compute: 28.861 V
[LIFT] V_Motors: 28.370 V
[LIFT] V_Compute: 28.851 V
[LIFT] V_Motors: 28.385 V
[LIFT] V_Compute: 28.853 V
[LIFT] V_Motors: 28.371 V
[LIFT] V_Compute: 28.868 V
[LIFT] V_Motors: 28.380 V
[LIFT] V_Compute: 28.856 V
[LIFT] V_Motors: 28.369 V
[LIFT] V_Compute: 28.874 V
[LIFT] V_Motors: 28.376 V
[LIFT] V_Compute: 28.870 V
[LIFT] V_Motors: 28.388 V
[LIFT] V_Compute: 28.870 V
[LIFT] V_Motors: 28.376 V
[LIFT] V_Compute: 28.849 V
[LIFT] V_Motors: 28.375 V
[LIFT] V_Compute: 28.856 V
[LIFT] V_Motors: 28.391 V
[LIFT] V_Compute: 28.891 V
[LIFT] V_Motors: 28.378 V
[LIFT] V_Compute: 28.851 V
[LIFT] V_Motors: 28.382 V
[LIFT] V_Compute: 28.876 V
[LIFT] V_Motors: 28.391 V
[LIFT] V_Compute: 28.859 V
[LIFT] V_Motors: 28.382 V
[LIFT] V_Compute: 28.869 V
[LIFT] V_Motors: 28.385 V
[LIFT] V_Compute: 28.876 V
[LIFT] V_Motors: 28.355 V
[LIFT] V_Compute: 28.862 V
[LIFT] V_Motors: 28.399 V
[LIFT] V_Compute: 28.872 V
[LIFT] V_Motors: 28.366 V
[LIFT] V_Compute: 28.874 V
[LIFT] V_Motors: 28.385 V
[LIFT] V_Compute: 28.853 V
[LIFT] V_Motors: 28.380 V
[LIFT] V_Compute: 28.864 V
[LIFT] V_Motors: 28.391 V
[LIFT] V_Compute: 28.871 V
[LIFT] V_Motors: 28.375 V
[LIFT] V_Compute: 28.854 V
[LIFT] V_Motors: 28.382 V
[LIFT] V_Compute: 28.869 V
[LIFT] V_Motors: 28.389 V
[LIFT] V_Compute: 28.869 V
[LIFT] V_Motors: 28.370 V
[LIFT] V_Compute: 28.860 V
[LIFT] V_Motors: 28.389 V
[LIFT] V_Compute: 28.845 V
[LIFT] V_Motors: 28.374 V
[LIFT] V_Compute: 28.876 V
[LIFT] V_Motors: 28.378 V
[LIFT] V_Compute: 28.857 V
[LIFT] V_Motors: 28.390 V
[LIFT] V_Compute: 28.861 V
[LIFT] V_Motors: 28.379 V
[LIFT] V_Compute: 28.861 V
[LIFT] V_Motors: 28.382 V
[LIFT] V_Compute: 28.871 V
[LIFT] V_Motors: 28.382 V
[LIFT] V_Compute: 28.843 V
[LIFT] V_Motors: 28.378 V
[LIFT] V_Compute: 28.872 V
[LIFT] V_Motors: 28.388 V
[LIFT] V_Compute: 28.861 V
[LIFT] V_Motors: 28.380 V
[LIFT] V_Compute: 28.860 V
[LIFT] V_Motors: 28.376 V
[LIFT] V_Compute: 28.892 V
[LIFT] V_Motors: 28.388 V
[LIFT] V_Compute: 28.870 V
[LIFT] V_Motors: 28.392 V
[LIFT] V_Compute: 28.880 V
[LIFT] V_Motors: 28.390 V
[LIFT] V_Compute: 28.862 V
[LIFT] V_Motors: 28.391 V
[LIFT] V_Compute: 28.878 V
[LIFT] V_Motors: 28.378 V
[LIFT] V_Compute: 28.864 V
[LIFT] V_Motors: 28.382 V
[LIFT] V_Compute: 28.861 V
[LIFT] V_Motors: 28.388 V
[LIFT] V_Compute: 28.865 V
[LIFT] V_Motors: 28.388 V
[LIFT] V_Compute: 28.882 V
[LIFT] V_Motors: 28.389 V
[LIFT] V_Compute: 28.853 V
[LIFT] V_Motors: 28.386 V
[LIFT] V_Compute: 28.870 V
[LIFT] V_Motors: 28.378 V
[LIFT] V_Compute: 28.857 V
[LIFT] V_Motors: 28.385 V
[LIFT] V_Compute: 28.866 V
[LIFT] V_Motors: 28.388 V
[LIFT] V_Compute: 28.859 V
[LIFT] V_Motors: 28.371 V
[LIFT] V_Compute: 28.872 V
[LIFT] V_Motors: 28.378 V
[LIFT] V_Compute: 28.862 V
[LIFT] V_Motors: 28.385 V
[LIFT] V_Compute: 28.869 V
[LIFT] V_Motors: 28.385 V
[LIFT] V_Compute: 28.868 V
[LIFT] V_Motors: 28.382 V
[LIFT] V_Compute: 28.864 V
[LIFT] V_Motors: 28.380 V
[LIFT] V_Compute: 28.869 V
[LIFT] V_Motors: 28.371 V
[LIFT] V_Compute: 28.879 V
[LIFT] V_Motors: 28.399 V
[LIFT] V_Compute: 28.870 V
[LIFT] V_Motors: 28.389 V
[LIFT] V_Compute: 28.839 V
[LIFT] V_Motors: 28.385 V
[LIFT] V_Compute: 28.855 V
[LIFT] V_Motors: 28.394 V
[LIFT] V_Compute: 28.914 V
[LIFT] V_Motors: 28.390 V
[LIFT] V_Compute: 28.865 V
[LIFT] V_Motors: 28.381 V
[LIFT] V_Compute: 28.856 V
[LIFT] V_Motors: 28.386 V
[LIFT] V_Compute: 28.876 V
[LIFT] V_Motors: 28.392 V
[LIFT] V_Compute: 28.870 V
[LIFT] V_Motors: 28.396 V
[LIFT] V_Compute: 28.869 V
[LIFT] V_Motors: 28.376 V
[LIFT] V_Compute: 28.857 V
[LIFT] V_Motors: 28.394 V
[LIFT] V_Compute: 28.879 V
[LIFT] V_Motors: 28.386 V
[LIFT] V_Compute: 28.868 V
[LIFT] V_Motors: 28.385 V
[LIFT] V_Compute: 28.874 V
[LIFT] V_Motors: 28.365 V
[LIFT] V_Compute: 28.874 V
[LIFT] V_Motors: 28.376 V
[LIFT] V_Compute: 28.865 V
[LIFT] V_Motors: 28.384 V
[LIFT] V_Compute: 28.879 V
[LIFT] V_Motors: 28.404 V
[LIFT] V_Compute: 28.846 V
[LIFT] V_Motors: 28.389 V
[LIFT] V_Compute: 28.868 V
[LIFT] V_Motors: 28.389 V
[LIFT] V_Compute: 28.857 V
[LIFT] V_Motors: 28.381 V
[LIFT] V_Compute: 28.871 V
[LIFT] V_Motors: 28.370 V
[LIFT] V_Compute: 28.855 V
[LIFT] V_Motors: 28.389 V
[LIFT] V_Compute: 28.860 V
[LIFT] V_Motors: 28.394 V
[LIFT] V_Compute: 28.871 V
[LIFT] V_Motors: 28.389 V
[LIFT] V_Compute: 28.876 V
[LIFT] V_Motors: 28.381 V
[LIFT] V_Compute: 28.847 V
[LIFT] V_Motors: 28.401 V
[LIFT] V_Compute: 28.871 V
[LIFT] V_Motors: 28.389 V
[LIFT] V_Compute: 28.868 V
[LIFT] V_Motors: 28.379 V
[LIFT] V_Compute: 28.888 V
[LIFT] V_Motors: 28.396 V
[LIFT] V_Compute: 28.865 V
[LIFT] V_Motors: 28.399 V
[LIFT] V_Compute: 28.839 V
[LIFT] V_Motors: 28.380 V
[LIFT] V_Compute: 28.864 V
[LIFT] V_Motors: 28.381 V
[LIFT] V_Compute: 28.841 V
[LIFT] V_Motors: 28.388 V
[LIFT] V_Compute: 28.870 V
[LIFT] V_Motors: 28.394 V
[LIFT] V_Compute: 28.868 V
[LIFT] V_Motors: 28.381 V
[LIFT] V_Compute: 28.865 V
[LIFT] V_Motors: 28.375 V
[LIFT] V_Compute: 28.859 V
[LIFT] V_Motors: 28.397 V
[LIFT] V_Compute: 28.882 V
[LIFT] V_Motors: 28.391 V
[LIFT] V_Compute: 28.881 V
[LIFT] V_Motors: 28.384 V
[LIFT] V_Compute: 28.900 V
[LIFT] V_Motors: 28.395 V
[LIFT] V_Compute: 28.866 V
[LIFT] V_Motors: 28.386 V
[LIFT] V_Compute: 28.845 V
[LIFT] V_Motors: 28.395 V
[LIFT] V_Compute: 28.857 V
[LIFT] V_Motors: 28.386 V
[LIFT] V_Compute: 28.874 V
[LIFT] V_Motors: 28.381 V
[LIFT] V_Compute: 28.881 V
[LIFT] V_Motors: 28.389 V
[LIFT] V_Compute: 28.894 V
[LIFT] V_Motors: 28.385 V
[LIFT] V_Compute: 28.869 V
[LIFT] V_Motors: 28.397 V
[LIFT] V_Compute: 28.894 V
[LIFT] V_Motors: 28.395 V
[LIFT] V_Compute: 28.866 V
[LIFT] V_Motors: 28.395 V
[LIFT] V_Compute: 28.885 V
[LIFT] V_Motors: 28.384 V
[LIFT] V_Compute: 28.824 V
[LIFT] V_Motors: 28.370 V
[LIFT] V_Compute: 28.874 V
[LIFT] V_Motors: 28.394 V
[LIFT] V_Compute: 28.886 V
[LIFT] V_Motors: 28.401 V
[LIFT] V_Compute: 28.874 V
[LIFT] V_Motors: 28.415 V
[LIFT] V_Compute: 28.880 V
[LIFT] V_Motors: 28.379 V
[LIFT] V_Compute: 28.865 V
[LIFT] V_Motors: 28.395 V
[LIFT] V_Compute: 28.890 V
[LIFT] V_Motors: 28.394 V
[LIFT] V_Compute: 28.869 V
[LIFT] V_Motors: 28.374 V
[LIFT] V_Compute: 28.874 V
[LIFT] V_Motors: 28.402 V
[LIFT] V_Compute: 28.866 V
[LIFT] V_Motors: 28.389 V
[LIFT] V_Compute: 28.872 V
[LIFT] V_Motors: 28.379 V
[LIFT] V_Compute: 28.888 V
[LIFT] V_Motors: 28.395 V
[LIFT] V_Compute: 28.859 V
[LIFT] V_Motors: 28.372 V
[LIFT] V_Compute: 28.880 V
[LIFT] V_Motors: 28.389 V
[LIFT] V_Compute: 28.864 V
[LIFT] V_Motors: 28.382 V
[LIFT] V_Compute: 28.860 V
[LIFT] V_Motors: 28.405 V
[LIFT] V_Compute: 28.875 V
[LIFT] V_Motors: 28.392 V
[LIFT] V_Compute: 28.864 V
[LIFT] V_Motors: 28.406 V
[LIFT] V_Compute: 28.891 V
[LIFT] V_Motors: 28.397 V
[LIFT] V_Compute: 28.874 V
[LIFT] V_Motors: 28.400 V
[LIFT] V_Compute: 28.879 V
[LIFT] V_Motors: 28.404 V
[LIFT] V_Compute: 28.886 V
[LIFT] V_Motors: 28.384 V
[LIFT] V_Compute: 28.885 V
[LIFT] V_Motors: 28.394 V
[LIFT] V_Compute: 28.851 V
[LIFT] V_Motors: 28.380 V
[LIFT] V_Compute: 28.875 V
[LIFT] V_Motors: 28.388 V
[LIFT] V_Compute: 28.869 V
[LIFT] V_Motors: 28.392 V
[LIFT] V_Compute: 28.844 V
[LIFT] V_Motors: 28.385 V
[LIFT] V_Compute: 28.876 V
[LIFT] V_Motors: 28.395 V
[LIFT] V_Compute: 28.853 V
[LIFT] V_Motors: 28.391 V
[LIFT] V_Compute: 28.856 V
[LIFT] V_Motors: 28.400 V
[LIFT] V_Compute: 28.872 V
[LIFT] V_Motors: 28.385 V
[LIFT] V_Compute: 28.864 V
[LIFT] V_Motors: 28.397 V
[LIFT] V_Compute: 28.854 V
[LIFT] V_Motors: 28.392 V
[LIFT] V_Compute: 28.880 V
[LIFT] V_Motors: 28.392 V
[LIFT] V_Compute: 28.860 V
[LIFT] V_Motors: 28.392 V
[LIFT] V_Compute: 28.874 V
[LIFT] V_Motors: 28.391 V
[LIFT] V_Compute: 28.869 V
[LIFT] V_Motors: 28.392 V
[LIFT] V_Compute: 28.856 V
[LIFT] V_Motors: 28.392 V
[LIFT] V_Compute: 28.865 V
[LIFT] V_Motors: 28.382 V
[LIFT] V_Compute: 28.876 V
[LIFT] V_Motors: 28.386 V
[LIFT] V_Compute: 28.871 V
[LIFT] V_Motors: 28.395 V
[LIFT] V_Compute: 28.874 V
[LIFT] V_Motors: 28.385 V
[LIFT] V_Compute: 28.861 V
[LIFT] V_Motors: 28.390 V
[LIFT] V_Compute: 28.878 V
[LIFT] V_Motors: 28.390 V
[LIFT] V_Compute: 28.861 V
[LIFT] V_Motors: 28.392 V
[LIFT] V_Compute: 28.847 V
[LIFT] V_Motors: 28.396 V
[LIFT] V_Compute: 28.874 V
[LIFT] V_Motors: 28.409 V
[LIFT] V_Compute: 28.886 V
[LIFT] V_Motors: 28.404 V
[LIFT] V_Compute: 28.879 V
[LIFT] V_Motors: 28.409 V
[LIFT] V_Compute: 28.854 V
[LIFT] V_Motors: 28.389 V
[LIFT] V_Compute: 28.866 V
[LIFT] V_Motors: 28.401 V
[LIFT] V_Compute: 28.879 V
[LIFT] V_Motors: 28.390 V
[LIFT] V_Compute: 28.885 V
[LIFT] V_Motors: 28.413 V
[LIFT] V_Compute: 28.874 V
[LIFT] V_Motors: 28.400 V
[LIFT] V_Compute: 28.862 V
[LIFT] V_Motors: 28.382 V
[LIFT] V_Compute: 28.866 V
[LIFT] V_Motors: 28.374 V
[LIFT] V_Compute: 28.864 V
[LIFT] V_Motors: 28.394 V
[LIFT] V_Compute: 28.870 V
[LIFT] V_Motors: 28.395 V
[LIFT] V_Compute: 28.882 V
[LIFT] V_Motors: 28.390 V
[LIFT] V_Compute: 28.889 V
[LIFT] V_Motors: 28.394 V
[LIFT] V_Compute: 28.876 V
[LIFT] V_Motors: 28.397 V
[LIFT] V_Compute: 28.865 V
[LIFT] V_Motors: 28.395 V
[LIFT] V_Compute: 28.878 V
[LIFT] V_Motors: 28.401 V
[LIFT] V_Compute: 28.889 V
[LIFT] V_Motors: 28.395 V
[LIFT] V_Compute: 28.876 V
[LIFT] V_Motors: 28.399 V
[LIFT] V_Compute: 28.889 V
[LIFT] V_Motors: 28.401 V
[LIFT] V_Compute: 28.870 V
[LIFT] V_Motors: 28.394 V
[LIFT] V_Compute: 28.885 V
[LIFT] V_Motors: 28.396 V
[LIFT] V_Compute: 28.868 V
[LIFT] V_Motors: 28.400 V
[LIFT] V_Compute: 28.885 V
[LIFT] V_Motors: 28.409 V
[LIFT] V_Compute: 28.876 V
[LIFT] V_Motors: 28.395 V
[LIFT] V_Compute: 28.872 V
[LIFT] V_Motors: 28.399 V
[LIFT] V_Compute: 28.885 V
[LIFT] V_Motors: 28.400 V
[LIFT] V_Compute: 28.900 V
[LIFT] V_Motors: 28.400 V
[LIFT] V_Compute: 28.870 V
[LIFT] V_Motors: 28.399 V
[LIFT] V_Compute: 28.888 V
[LIFT] V_Motors: 28.395 V
[LIFT] V_Compute: 28.876 V
[LIFT] V_Motors: 28.407 V
[LIFT] V_Compute: 28.874 V
[LIFT] V_Motors: 28.401 V
[LIFT] V_Compute: 28.869 V
[LIFT] V_Motors: 28.395 V
[LIFT] V_Compute: 28.880 V
[LIFT] V_Motors: 28.396 V
[LIFT] V_Compute: 28.874 V
[LIFT] V_Motors: 28.401 V
[LIFT] V_Compute: 28.864 V
[LIFT] V_Motors: 28.390 V
[LIFT] V_Compute: 28.879 V
[LIFT] V_Motors: 28.407 V
[LIFT] V_Compute: 28.870 V
[LIFT] V_Motors: 28.386 V
[LIFT] V_Compute: 28.889 V
[LIFT] V_Motors: 28.378 V
[LIFT] V_Compute: 28.880 V
[LIFT] V_Motors: 28.388 V
[LIFT] V_Compute: 28.888 V
[LIFT] V_Motors: 28.389 V
[LIFT] V_Compute: 28.868 V
[LIFT] V_Motors: 28.392 V
[LIFT] V_Compute: 28.875 V
[LIFT] V_Motors: 28.399 V
[LIFT] V_Compute: 28.875 V
[LIFT] V_Motors: 28.395 V
[LIFT] V_Compute: 28.895 V
[LIFT] V_Motors: 28.404 V
[LIFT] V_Compute: 28.869 V
[LIFT] V_Motors: 28.395 V
[LIFT] V_Compute: 28.890 V
[LIFT] V_Motors: 28.389 V
[LIFT] V_Compute: 28.911 V
[LIFT] V_Motors: 28.395 V
[LIFT] V_Compute: 28.869 V
[LIFT] V_Motors: 28.402 V
[LIFT] V_Compute: 28.878 V
[LIFT] V_Motors: 28.404 V
[LIFT] V_Compute: 28.874 V
[LIFT] V_Motors: 28.397 V
[LIFT] V_Compute: 28.866 V
[LIFT] V_Motors: 28.399 V
[LIFT] V_Compute: 28.886 V
[LIFT] V_Motors: 28.410 V
[LIFT] V_Compute: 28.900 V
[LIFT] V_Motors: 28.390 V
[LIFT] V_Compute: 28.890 V
[LIFT] V_Motors: 28.397 V
[LIFT] V_Compute: 28.872 V
[LIFT] V_Motors: 28.389 V
[LIFT] V_Compute: 28.862 V
[LIFT] V_Motors: 28.400 V
[LIFT] V_Compute: 28.874 V
[LIFT] V_Motors: 28.400 V
[LIFT] V_Compute: 28.884 V
[LIFT] V_Motors: 28.395 V
[LIFT] V_Compute: 28.902 V
[LIFT] V_Motors: 28.406 V
[LIFT] V_Compute: 28.846 V
[LIFT] V_Motors: 28.368 V
[LIFT] V_Compute: 28.892 V
[LIFT] V_Motors: 28.413 V
[LIFT] V_Compute: 28.879 V
[LIFT] V_Motors: 28.405 V
[LIFT] V_Compute: 28.874 V
[LIFT] V_Motors: 28.407 V
[LIFT] V_Compute: 28.895 V
[LIFT] V_Motors: 28.385 V
[LIFT] V_Compute: 28.906 V
[LIFT] V_Motors: 28.378 V
[LIFT] V_Compute: 28.878 V
[LIFT] V_Motors: 28.402 V
[LIFT] V_Compute: 28.875 V
[LIFT] V_Motors: 28.402 V
[LIFT] V_Compute: 28.885 V
[LIFT] V_Motors: 28.400 V
[LIFT] V_Compute: 28.885 V
[LIFT] V_Motors: 28.401 V
[LIFT] V_Compute: 28.890 V
[LIFT] V_Motors: 28.402 V
[LIFT] V_Compute: 28.871 V
[LIFT] V_Motors: 28.414 V
[LIFT] V_Compute: 28.860 V
[LIFT] V_Motors: 28.409 V
[LIFT] V_Compute: 28.901 V
[LIFT] V_Motors: 28.397 V
[LIFT] V_Compute: 28.872 V
[LIFT] V_Motors: 28.413 V
[LIFT] V_Compute: 28.876 V
[LIFT] V_Motors: 28.390 V
[LIFT] V_Compute: 28.884 V
[LIFT] V_Motors: 28.397 V
[LIFT] V_Compute: 28.899 V
[LIFT] V_Motors: 28.400 V
[LIFT] V_Compute: 28.905 V
[LIFT] V_Motors: 28.401 V
[LIFT] V_Compute: 28.897 V
[LIFT] V_Motors: 28.397 V
[LIFT] V_Compute: 28.876 V
[LIFT] V_Motors: 28.397 V
[LIFT] V_Compute: 28.884 V
[LIFT] V_Motors: 28.396 V
[LIFT] V_Compute: 28.871 V
[LIFT] V_Motors: 28.405 V
[LIFT] V_Compute: 28.880 V
[LIFT] V_Motors: 28.386 V
[LIFT] V_Compute: 28.888 V
[LIFT] V_Motors: 28.410 V
[LIFT] V_Compute: 28.882 V
[LIFT] V_Motors: 28.399 V
[LIFT] V_Compute: 28.868 V
[LIFT] V_Motors: 28.402 V
[LIFT] V_Compute: 28.888 V
[LIFT] V_Motors: 28.400 V
[LIFT] V_Compute: 28.885 V
[LIFT] V_Motors: 28.399 V
[LIFT] V_Compute: 28.895 V
[LIFT] V_Motors: 28.409 V
[LIFT] V_Compute: 28.891 V
[LIFT] V_Motors: 28.402 V
[LIFT] V_Compute: 28.885 V
[LIFT] V_Motors: 28.397 V
[LIFT] V_Compute: 28.890 V
[LIFT] V_Motors: 28.396 V
[LIFT] V_Compute: 28.878 V
[LIFT] V_Motors: 28.399 V
[LIFT] V_Compute: 28.872 V
[LIFT] V_Motors: 28.392 V
[LIFT] V_Compute: 28.885 V
[LIFT] V_Motors: 28.399 V
[LIFT] V_Compute: 28.878 V
[LIFT] V_Motors: 28.401 V
[LIFT] V_Compute: 28.891 V
[LIFT] V_Motors: 28.406 V
[LIFT] V_Compute: 28.906 V
[LIFT] V_Motors: 28.395 V
[LIFT] V_Compute: 28.881 V
[LIFT] V_Motors: 28.402 V
[LIFT] V_Compute: 28.888 V
[LIFT] V_Motors: 28.394 V
[LIFT] V_Compute: 28.872 V
[LIFT] V_Motors: 28.409 V
[LIFT] V_Compute: 28.868 V
[LIFT] V_Motors: 28.395 V
[LIFT] V_Compute: 28.886 V
[LIFT] V_Motors: 28.401 V
[LIFT] V_Compute: 28.891 V
[LIFT] V_Motors: 28.400 V
[LIFT] V_Compute: 28.868 V
[LIFT] V_Motors: 28.390 V
[LIFT] V_Compute: 28.900 V
[LIFT] V_Motors: 28.391 V
[LIFT] V_Compute: 28.874 V
[LIFT] V_Motors: 28.402 V
[LIFT] V_Compute: 28.889 V
[LIFT] V_Motors: 28.401 V
[LIFT] V_Compute: 28.879 V
[LIFT] V_Motors: 28.415 V
[LIFT] V_Compute: 28.868 V
[LIFT] V_Motors: 28.396 V
[LIFT] V_Compute: 28.897 V
[LIFT] V_Motors: 28.406 V
[LIFT] V_Compute: 28.888 V
[LIFT] V_Motors: 28.399 V
[LIFT] V_Compute: 28.871 V
[LIFT] V_Motors: 28.388 V
[LIFT] V_Compute: 28.874 V
[LIFT] V_Motors: 28.399 V
[LIFT] V_Compute: 28.878 V
[LIFT] V_Motors: 28.405 V
[LIFT] V_Compute: 28.885 V
[LIFT] V_Motors: 28.395 V
[LIFT] V_Compute: 28.902 V
[LIFT] V_Motors: 28.402 V
[LIFT] V_Compute: 28.875 V
[LIFT] V_Motors: 28.394 V
[LIFT] V_Compute: 28.889 V
[LIFT] V_Motors: 28.416 V
[LIFT] V_Compute: 28.850 V
[LIFT] V_Motors: 28.404 V
[LIFT] V_Compute: 28.882 V
[LIFT] V_Motors: 28.401 V
[LIFT] V_Compute: 28.885 V
[LIFT] V_Motors: 28.409 V
[LIFT] V_Compute: 28.874 V
[LIFT] V_Motors: 28.396 V
[LIFT] V_Compute: 28.880 V
[LIFT] V_Motors: 28.405 V
[LIFT] V_Compute: 28.896 V
[LIFT] V_Motors: 28.400 V
[LIFT] V_Compute: 28.896 V
[LIFT] V_Motors: 28.414 V
[LIFT] V_Compute: 28.889 V
[LIFT] V_Motors: 28.409 V
[LIFT] V_Compute: 28.891 V
[LIFT] V_Motors: 28.396 V
[LIFT] V_Compute: 28.897 V
[LIFT] V_Motors: 28.411 V
[LIFT] V_Compute: 28.882 V
[LIFT] V_Motors: 28.400 V
[LIFT] V_Compute: 28.888 V
[LIFT] V_Motors: 28.411 V
[LIFT] V_Compute: 28.884 V
[LIFT] V_Motors: 28.394 V
[LIFT] V_Compute: 28.878 V
[LIFT] V_Motors: 28.390 V
[LIFT] V_Compute: 28.886 V
[LIFT] V_Motors: 28.409 V
[LIFT] V_Compute: 28.866 V
[LIFT] V_Motors: 28.414 V
[LIFT] V_Compute: 28.870 V
[LIFT] V_Motors: 28.378 V
[LIFT] V_Compute: 28.879 V
[LIFT] V_Motors: 28.402 V
[LIFT] V_Compute: 28.892 V
[LIFT] V_Motors: 28.401 V
[LIFT] V_Compute: 28.894 V
[LIFT] V_Motors: 28.407 V
[LIFT] V_Compute: 28.901 V
[LIFT] V_Motors: 28.401 V
[LIFT] V_Compute: 28.860 V
[LIFT] V_Motors: 28.396 V
[LIFT] V_Compute: 28.874 V
[LIFT] V_Motors: 28.388 V
[LIFT] V_Compute: 28.885 V
[LIFT] V_Motors: 28.401 V
[LIFT] V_Compute: 28.885 V
[LIFT] V_Motors: 28.395 V
[LIFT] V_Compute: 28.888 V
[LIFT] V_Motors: 28.399 V
[LIFT] V_Compute: 28.902 V
[LIFT] V_Motors: 28.400 V
[LIFT] V_Compute: 28.885 V
[LIFT] V_Motors: 28.392 V
[LIFT] V_Compute: 28.894 V
[LIFT] V_Motors: 28.396 V
[LIFT] V_Compute: 28.916 V
[LIFT] V_Motors: 28.404 V
[LIFT] V_Compute: 28.868 V
[LIFT] V_Motors: 28.405 V
[LIFT] V_Compute: 28.864 V
[LIFT] V_Motors: 28.379 V
[LIFT] V_Compute: 28.882 V
[LIFT] V_Motors: 28.399 V
[LIFT] V_Compute: 28.901 V
[LIFT] V_Motors: 28.409 V
[LIFT] V_Compute: 28.890 V
[LIFT] V_Motors: 28.391 V
[LIFT] V_Compute: 28.890 V
[LIFT] V_Motors: 28.409 V
[LIFT] V_Compute: 28.868 V
[LIFT] V_Motors: 28.401 V
[LIFT] V_Compute: 28.874 V
[LIFT] V_Motors: 28.396 V
[LIFT] V_Compute: 28.886 V
[LIFT] V_Motors: 28.401 V
[LIFT] V_Compute: 28.904 V
[LIFT] V_Motors: 28.410 V
[LIFT] V_Compute: 28.878 V
[LIFT] V_Motors: 28.391 V
[LIFT] V_Compute: 28.892 V
[LIFT] V_Motors: 28.400 V
[LIFT] V_Compute: 28.907 V
[LIFT] V_Motors: 28.396 V
[LIFT] V_Compute: 28.917 V
[LIFT] V_Motors: 28.404 V
[LIFT] V_Compute: 28.895 V
[LIFT] V_Motors: 28.410 V
[LIFT] V_Compute: 28.879 V
[LIFT] V_Motors: 28.410 V
[LIFT] V_Compute: 28.884 V
[LIFT] V_Motors: 28.409 V
[LIFT] V_Compute: 28.913 V
[LIFT] V_Motors: 28.407 V
[LIFT] V_Compute: 28.899 V
[LIFT] V_Motors: 28.399 V
[LIFT] V_Compute: 28.866 V
[LIFT] V_Motors: 28.404 V
[LIFT] V_Compute: 28.902 V
[LIFT] V_Motors: 28.391 V
[LIFT] V_Compute: 28.876 V
[LIFT] V_Motors: 28.400 V
[LIFT] V_Compute: 28.879 V
[LIFT] V_Motors: 28.405 V
[LIFT] V_Compute: 28.882 V
[LIFT] V_Motors: 28.405 V
[LIFT] V_Compute: 28.881 V
[LIFT] V_Motors: 28.409 V
[LIFT] V_Compute: 28.894 V
[LIFT] V_Motors: 28.407 V
[LIFT] V_Compute: 28.894 V
[LIFT] V_Motors: 28.414 V
[LIFT] V_Compute: 28.896 V
[LIFT] V_Motors: 28.404 V
[LIFT] V_Compute: 28.885 V
[LIFT] V_Motors: 28.406 V
[LIFT] V_Compute: 28.900 V
[LIFT] V_Motors: 28.406 V
[LIFT] V_Compute: 28.884 V
[LIFT] V_Motors: 28.413 V
[LIFT] V_Compute: 28.872 V
[LIFT] V_Motors: 28.404 V
[LIFT] V_Compute: 28.910 V
[LIFT] V_Motors: 28.415 V
[LIFT] V_Compute: 28.869 V
[LIFT] V_Motors: 28.400 V
[LIFT] V_Compute: 28.899 V
[LIFT] V_Motors: 28.406 V
[LIFT] V_Compute: 28.881 V
[LIFT] V_Motors: 28.402 V
[LIFT] V_Compute: 28.897 V
[LIFT] V_Motors: 28.397 V
[LIFT] V_Compute: 28.899 V
[LIFT] V_Motors: 28.391 V
[LIFT] V_Compute: 28.888 V
[LIFT] V_Motors: 28.417 V
[LIFT] V_Compute: 28.879 V
[LIFT] V_Motors: 28.413 V
[LIFT] V_Compute: 28.890 V
[LIFT] V_Motors: 28.402 V
[LIFT] V_Compute: 28.894 V
[LIFT] V_Motors: 28.402 V
[LIFT] V_Compute: 28.882 V
[LIFT] V_Motors: 28.405 V
[LIFT] V_Compute: 28.891 V
[LIFT] V_Motors: 28.400 V
[LIFT] V_Compute: 28.901 V
[LIFT] V_Motors: 28.401 V
[LIFT] V_Compute: 28.885 V
[LIFT] V_Motors: 28.419 V
[LIFT] V_Compute: 28.876 V
[LIFT] V_Motors: 28.401 V
[LIFT] V_Compute: 28.890 V
[LIFT] V_Motors: 28.415 V
[LIFT] V_Compute: 28.891 V
[LIFT] V_Motors: 28.395 V
[LIFT] V_Compute: 28.889 V
[LIFT] V_Motors: 28.395 V
[LIFT] V_Compute: 28.888 V
[LIFT] V_Motors: 28.401 V
[LIFT] V_Compute: 28.886 V
[LIFT] V_Motors: 28.400 V
[LIFT] V_Compute: 28.899 V
[LIFT] V_Motors: 28.390 V
[LIFT] V_Compute: 28.884 V
[LIFT] V_Motors: 28.402 V
[LIFT] V_Compute: 28.880 V
[LIFT] V_Motors: 28.413 V
[LIFT] V_Compute: 28.872 V
[LIFT] V_Motors: 28.401 V
[LIFT] V_Compute: 28.879 V
[LIFT] V_Motors: 28.389 V
[LIFT] V_Compute: 28.880 V
[LIFT] V_Motors: 28.404 V
[LIFT] V_Compute: 28.870 V
[LIFT] V_Motors: 28.410 V
[LIFT] V_Compute: 28.906 V
[LIFT] V_Motors: 28.405 V
[LIFT] V_Compute: 28.860 V
[LIFT] V_Motors: 28.388 V
[LIFT] V_Compute: 28.862 V
[LIFT] V_Motors: 28.390 V
[LIFT] V_Compute: 28.897 V
[LIFT] V_Motors: 28.411 V
[LIFT] V_Compute: 28.879 V
[LIFT] V_Motors: 28.409 V
[LIFT] V_Compute: 28.905 V
[LIFT] V_Motors: 28.409 V
[LIFT] V_Compute: 28.899 V
[LIFT] V_Motors: 28.423 V
[LIFT] V_Compute: 28.910 V
[LIFT] V_Motors: 28.409 V
[LIFT] V_Compute: 28.890 V
[LIFT] V_Motors: 28.413 V
[LIFT] V_Compute: 28.882 V
[LIFT] V_Motors: 28.406 V
[LIFT] V_Compute: 28.896 V
[LIFT] V_Motors: 28.411 V
[LIFT] V_Compute: 28.905 V
[LIFT] V_Motors: 28.406 V
[LIFT] V_Compute: 28.886 V
[LIFT] V_Motors: 28.415 V
[LIFT] V_Compute: 28.900 V
[LIFT] V_Motors: 28.419 V
[LIFT] V_Compute: 28.923 V
[LIFT] V_Motors: 28.411 V
[LIFT] V_Compute: 28.884 V
[LIFT] V_Motors: 28.409 V
[LIFT] V_Compute: 28.888 V
[LIFT] V_Motors: 28.406 V
[LIFT] V_Compute: 28.889 V
[LIFT] V_Motors: 28.411 V
[LIFT] V_Compute: 28.896 V
[LIFT] V_Motors: 28.394 V
[LIFT] V_Compute: 28.878 V
[LIFT] V_Motors: 28.405 V
[LIFT] V_Compute: 28.910 V
[LIFT] V_Motors: 28.410 V
[LIFT] V_Compute: 28.889 V
[LIFT] V_Motors: 28.407 V
[LIFT] V_Compute: 28.902 V
[LIFT] V_Motors: 28.407 V
[LIFT] V_Compute: 28.891 V
[LIFT] V_Motors: 28.402 V
[LIFT] V_Compute: 28.917 V
[LIFT] V_Motors: 28.404 V
[LIFT] V_Compute: 28.892 V
[LIFT] V_Motors: 28.407 V
[LIFT] V_Compute: 28.891 V
[LIFT] V_Motors: 28.410 V
[LIFT] V_Compute: 28.894 V
[LIFT] V_Motors: 28.409 V
[LIFT] V_Compute: 28.895 V
[LIFT] V_Motors: 28.409 V
[LIFT] V_Compute: 28.904 V
[LIFT] V_Motors: 28.413 V
[LIFT] V_Compute: 28.895 V
[LIFT] V_Motors: 28.413 V
[LIFT] V_Compute: 28.901 V
[LIFT] V_Motors: 28.409 V
[LIFT] V_Compute: 28.889 V
[LIFT] V_Motors: 28.411 V
[LIFT] V_Compute: 28.890 V
[LIFT] V_Motors: 28.416 V
[LIFT] V_Compute: 28.909 V
[LIFT] V_Motors: 28.406 V
[LIFT] V_Compute: 28.880 V
[LIFT] V_Motors: 28.411 V
[LIFT] V_Compute: 28.891 V
[LIFT] V_Motors: 28.414 V
[LIFT] V_Compute: 28.885 V
[LIFT] V_Motors: 28.411 V
[LIFT] V_Compute: 28.890 V
[LIFT] V_Motors: 28.425 V
[LIFT] V_Compute: 28.890 V
[LIFT] V_Motors: 28.394 V
[LIFT] V_Compute: 28.878 V
[LIFT] V_Motors: 28.413 V
[LIFT] V_Compute: 28.897 V
[LIFT] V_Motors: 28.417 V
[LIFT] V_Compute: 28.899 V
[LIFT] V_Motors: 28.415 V
[LIFT] V_Compute: 28.885 V
[LIFT] V_Motors: 28.420 V
[LIFT] V_Compute: 28.879 V
[LIFT] V_Motors: 28.406 V
[LIFT] V_Compute: 28.876 V
[LIFT] V_Motors: 28.413 V
[LIFT] V_Compute: 28.890 V
[LIFT] V_Motors: 28.391 V
[LIFT] V_Compute: 28.866 V
[LIFT] V_Motors: 28.386 V
[LIFT] V_Compute: 28.879 V
[LIFT] V_Motors: 28.401 V
[LIFT] V_Compute: 28.871 V
[LIFT] V_Motors: 28.394 V
[LIFT] V_Compute: 28.880 V
[LIFT] V_Motors: 28.390 V
[LIFT] V_Compute: 28.880 V
[LIFT] V_Motors: 28.402 V
[LIFT] V_Compute: 28.902 V
[LIFT] V_Motors: 28.417 V
[LIFT] V_Compute: 28.929 V
[LIFT] V_Motors: 28.402 V
[LIFT] V_Compute: 28.904 V
[LIFT] V_Motors: 28.402 V
[LIFT] V_Compute: 28.874 V
[LIFT] V_Motors: 28.414 V
[LIFT] V_Compute: 28.895 V
[LIFT] V_Motors: 28.407 V
[LIFT] V_Compute: 28.886 V
[LIFT] V_Motors: 28.413 V
[LIFT] V_Compute: 28.889 V
[LIFT] V_Motors: 28.399 V
[LIFT] V_Compute: 28.891 V
[LIFT] V_Motors: 28.389 V
[LIFT] V_Compute: 28.881 V
[LIFT] V_Motors: 28.395 V
[LIFT] V_Compute: 28.864 V
[LIFT] V_Motors: 28.400 V
[LIFT] V_Compute: 28.870 V
[LIFT] V_Motors: 28.406 V
[LIFT] V_Compute: 28.889 V
[LIFT] V_Motors: 28.400 V
[LIFT] V_Compute: 28.892 V
[LIFT] V_Motors: 28.404 V
[LIFT] V_Compute: 28.888 V
[LIFT] V_Motors: 28.410 V
[LIFT] V_Compute: 28.882 V
[LIFT] V_Motors: 28.396 V
[LIFT] V_Compute: 28.880 V
[LIFT] V_Motors: 28.405 V
[LIFT] V_Compute: 28.879 V
[LIFT] V_Motors: 28.411 V
[LIFT] V_Compute: 28.888 V
[LIFT] V_Motors: 28.407 V
[LIFT] V_Compute: 28.921 V
[LIFT] V_Motors: 28.410 V
[LIFT] V_Compute: 28.901 V
[LIFT] V_Motors: 28.390 V
[LIFT] V_Compute: 28.881 V
[LIFT] V_Motors: 28.419 V
[LIFT] V_Compute: 28.900 V
[LIFT] V_Motors: 28.420 V
[LIFT] V_Compute: 28.884 V
[LIFT] V_Motors: 28.416 V
[LIFT] V_Compute: 28.897 V
[LIFT] V_Motors: 28.392 V
[LIFT] V_Compute: 28.884 V
[LIFT] V_Motors: 28.405 V
[LIFT] V_Compute: 28.894 V
[LIFT] V_Motors: 28.419 V
[LIFT] V_Compute: 28.904 V
[LIFT] V_Motors: 28.421 V
[LIFT] V_Compute: 28.907 V
[LIFT] V_Motors: 28.429 V
[LIFT] V_Compute: 28.890 V
[LIFT] V_Motors: 28.416 V
[LIFT] V_Compute: 28.923 V
[LIFT] V_Motors: 28.407 V
[LIFT] V_Compute: 28.888 V
[LIFT] V_Motors: 28.414 V
[LIFT] V_Compute: 28.890 V
[LIFT] V_Motors: 28.394 V
[LIFT] V_Compute: 28.868 V
[LIFT] V_Motors: 28.423 V
[LIFT] V_Compute: 28.896 V
[LIFT] V_Motors: 28.396 V
[LIFT] V_Compute: 28.888 V
[LIFT] V_Motors: 28.406 V
[LIFT] V_Compute: 28.891 V
[LIFT] V_Motors: 28.397 V
[LIFT] V_Compute: 28.904 V
[LIFT] V_Motors: 28.417 V
[LIFT] V_Compute: 28.876 V
[LIFT] V_Motors: 28.420 V
[LIFT] V_Compute: 28.885 V
[LIFT] V_Motors: 28.401 V
[LIFT] V_Compute: 28.884 V
[LIFT] V_Motors: 28.410 V
[LIFT] V_Compute: 28.907 V
[LIFT] V_Motors: 28.411 V
[LIFT] V_Compute: 28.909 V
[LIFT] V_Motors: 28.402 V
[LIFT] V_Compute: 28.897 V
[LIFT] V_Motors: 28.406 V
[LIFT] V_Compute: 28.897 V
[LIFT] V_Motors: 28.419 V
[LIFT] V_Compute: 28.894 V
[LIFT] V_Motors: 28.396 V
[LIFT] V_Compute: 28.909 V
[LIFT] V_Motors: 28.410 V
[LIFT] V_Compute: 28.905 V
[LIFT] V_Motors: 28.407 V
[LIFT] V_Compute: 28.897 V
[LIFT] V_Motors: 28.410 V
[LIFT] V_Compute: 28.880 V
[LIFT] V_Motors: 28.407 V
[LIFT] V_Compute: 28.895 V
[LIFT] V_Motors: 28.416 V
[LIFT] V_Compute: 28.874 V
[LIFT] V_Motors: 28.410 V
[LIFT] V_Compute: 28.884 V
[LIFT] V_Motors: 28.411 V
[LIFT] V_Compute: 28.890 V
[LIFT] V_Motors: 28.410 V
[LIFT] V_Compute: 28.899 V
[LIFT] V_Motors: 28.407 V
[LIFT] V_Compute: 28.897 V
[LIFT] V_Motors: 28.420 V
[LIFT] V_Compute: 28.895 V
[LIFT] V_Motors: 28.407 V
[LIFT] V_Compute: 28.882 V
[LIFT] V_Motors: 28.404 V
[LIFT] V_Compute: 28.914 V
[LIFT] V_Motors: 28.405 V
[LIFT] V_Compute: 28.895 V
[LIFT] V_Motors: 28.405 V
[LIFT] V_Compute: 28.902 V
[LIFT] V_Motors: 28.407 V
[LIFT] V_Compute: 28.897 V
[LIFT] V_Motors: 28.401 V
[LIFT] V_Compute: 28.901 V
[LIFT] V_Motors: 28.427 V
[LIFT] V_Compute: 28.895 V
[LIFT] V_Motors: 28.423 V
[LIFT] V_Compute: 28.896 V
[LIFT] V_Motors: 28.423 V
[LIFT] V_Compute: 28.879 V
[LIFT] V_Motors: 28.405 V
[LIFT] V_Compute: 28.882 V
[LIFT] V_Motors: 28.416 V
[LIFT] V_Compute: 28.925 V
[LIFT] V_Motors: 28.424 V
[LIFT] V_Compute: 28.890 V
[LIFT] V_Motors: 28.417 V
[LIFT] V_Compute: 28.902 V
[LIFT] V_Motors: 28.416 V
[LIFT] V_Compute: 28.913 V
[LIFT] V_Motors: 28.410 V
[LIFT] V_Compute: 28.876 V
[LIFT] V_Motors: 28.427 V
[LIFT] V_Compute: 28.901 V
[LIFT] V_Motors: 28.413 V
[LIFT] V_Compute: 28.911 V
[LIFT] V_Motors: 28.424 V
[LIFT] V_Compute: 28.907 V
[LIFT] V_Motors: 28.409 V
[LIFT] V_Compute: 28.911 V
[LIFT] V_Motors: 28.407 V
[LIFT] V_Compute: 28.895 V
[LIFT] V_Motors: 28.416 V
[LIFT] V_Compute: 28.915 V
[LIFT] V_Motors: 28.414 V
[LIFT] V_Compute: 28.900 V
[LIFT] V_Motors: 28.409 V
[LIFT] V_Compute: 28.880 V
[LIFT] V_Motors: 28.404 V
[LIFT] V_Compute: 28.891 V
[LIFT] V_Motors: 28.395 V
[LIFT] V_Compute: 28.900 V
[LIFT] V_Motors: 28.421 V
[LIFT] V_Compute: 28.909 V
[LIFT] V_Motors: 28.404 V
[LIFT] V_Compute: 28.888 V
[LIFT] V_Motors: 28.402 V
[LIFT] V_Compute: 28.904 V
[LIFT] V_Motors: 28.417 V
[LIFT] V_Compute: 28.909 V
[LIFT] V_Motors: 28.400 V
[LIFT] V_Compute: 28.889 V
[LIFT] V_Motors: 28.409 V
[LIFT] V_Compute: 28.905 V
[LIFT] V_Motors: 28.402 V
[LIFT] V_Compute: 28.882 V
[LIFT] V_Motors: 28.416 V
[LIFT] V_Compute: 28.907 V
[LIFT] V_Motors: 28.409 V
[LIFT] V_Compute: 28.907 V
[LIFT] V_Motors: 28.414 V
[LIFT] V_Compute: 28.894 V
[LIFT] V_Motors: 28.419 V
[LIFT] V_Compute: 28.899 V
[LIFT] V_Motors: 28.400 V
[LIFT] V_Compute: 28.897 V
[LIFT] V_Motors: 28.410 V
[LIFT] V_Compute: 28.907 V
[LIFT] V_Motors: 28.407 V
[LIFT] V_Compute: 28.904 V
[LIFT] V_Motors: 28.413 V
[LIFT] V_Compute: 28.895 V
[LIFT] V_Motors: 28.413 V
[LIFT] V_Compute: 28.920 V
[LIFT] V_Motors: 28.423 V
[LIFT] V_Compute: 28.904 V
[LIFT] V_Motors: 28.410 V
[LIFT] V_Compute: 28.900 V
[LIFT] V_Motors: 28.410 V
[LIFT] V_Compute: 28.886 V
[LIFT] V_Motors: 28.409 V
[LIFT] V_Compute: 28.910 V
[LIFT] V_Motors: 28.423 V
[LIFT] V_Compute: 28.919 V
[LIFT] V_Motors: 28.425 V
[LIFT] V_Compute: 28.889 V
[LIFT] V_Motors: 28.420 V
[LIFT] V_Compute: 28.909 V
[LIFT] V_Motors: 28.401 V
[LIFT] V_Compute: 28.910 V
[LIFT] V_Motors: 28.406 V
[LIFT] V_Compute: 28.919 V
[LIFT] V_Motors: 28.395 V
[LIFT] V_Compute: 28.907 V
[LIFT] V_Motors: 28.424 V
[LIFT] V_Compute: 28.892 V
[LIFT] V_Motors: 28.409 V
[LIFT] V_Compute: 28.910 V
[LIFT] V_Motors: 28.414 V
[LIFT] V_Compute: 28.882 V
[LIFT] V_Motors: 28.399 V
[LIFT] V_Compute: 28.881 V
[LIFT] V_Motors: 28.407 V
[LIFT] V_Compute: 28.892 V
[LIFT] V_Motors: 28.405 V
[LIFT] V_Compute: 28.894 V
[LIFT] V_Motors: 28.407 V
[LIFT] V_Compute: 28.899 V
[LIFT] V_Motors: 28.413 V
[LIFT] V_Compute: 28.905 V
[LIFT] V_Motors: 28.407 V
[LIFT] V_Compute: 28.882 V
[LIFT] V_Motors: 28.417 V
[LIFT] V_Compute: 28.894 V
[LIFT] V_Motors: 28.399 V
[LIFT] V_Compute: 28.916 V
[LIFT] V_Motors: 28.410 V
[LIFT] V_Compute: 28.890 V
[LIFT] V_Motors: 28.413 V
[LIFT] V_Compute: 28.899 V
[LIFT] V_Motors: 28.410 V
[LIFT] V_Compute: 28.900 V
[LIFT] V_Motors: 28.421 V
[LIFT] V_Compute: 28.904 V
[LIFT] V_Motors: 28.397 V
[LIFT] V_Compute: 28.904 V
[LIFT] V_Motors: 28.405 V
[LIFT] V_Compute: 28.906 V
[LIFT] V_Motors: 28.417 V
[LIFT] V_Compute: 28.910 V
[LIFT] V_Motors: 28.425 V
[LIFT] V_Compute: 28.900 V
[LIFT] V_Motors: 28.415 V
[LIFT] V_Compute: 28.891 V
[LIFT] V_Motors: 28.427 V
[LIFT] V_Compute: 28.894 V
[LIFT] V_Motors: 28.426 V
[LIFT] V_Compute: 28.889 V
[LIFT] V_Motors: 28.416 V
[LIFT] V_Compute: 28.897 V
[LIFT] V_Motors: 28.415 V
[LIFT] V_Compute: 28.899 V
[LIFT] V_Motors: 28.417 V
[LIFT] V_Compute: 28.897 V
[LIFT] V_Motors: 28.431 V
[LIFT] V_Compute: 28.913 V
[LIFT] V_Motors: 28.431 V
[LIFT] V_Compute: 28.896 V
[LIFT] V_Motors: 28.402 V
[LIFT] V_Compute: 28.931 V
[LIFT] V_Motors: 28.411 V
[LIFT] V_Compute: 28.913 V
[LIFT] V_Motors: 28.420 V
[LIFT] V_Compute: 28.929 V
[LIFT] V_Motors: 28.416 V
[LIFT] V_Compute: 28.901 V
[LIFT] V_Motors: 28.416 V
[LIFT] V_Compute: 28.901 V
[LIFT] V_Motors: 28.413 V
[LIFT] V_Compute: 28.897 V
[LIFT] V_Motors: 28.420 V
[LIFT] V_Compute: 28.929 V
[LIFT] V_Motors: 28.406 V
[LIFT] V_Compute: 28.895 V
[LIFT] V_Motors: 28.409 V
[LIFT] V_Compute: 28.896 V
[LIFT] V_Motors: 28.413 V
[LIFT] V_Compute: 28.882 V
[LIFT] V_Motors: 28.409 V
[LIFT] V_Compute: 28.885 V
[LIFT] V_Motors: 28.415 V
[LIFT] V_Compute: 28.882 V
[LIFT] V_Motors: 28.417 V
[LIFT] V_Compute: 28.923 V
[LIFT] V_Motors: 28.421 V
[LIFT] V_Compute: 28.896 V
[LIFT] V_Motors: 28.421 V
[LIFT] V_Compute: 28.899 V
[LIFT] V_Motors: 28.416 V
[LIFT] V_Compute: 28.907 V
[LIFT] V_Motors: 28.413 V
[LIFT] V_Compute: 28.901 V
[LIFT] V_Motors: 28.410 V
[LIFT] V_Compute: 28.892 V
[LIFT] V_Motors: 28.396 V
[LIFT] V_Compute: 28.914 V
[LIFT] V_Motors: 28.407 V
[LIFT] V_Compute: 28.933 V
[LIFT] V_Motors: 28.415 V
[LIFT] V_Compute: 28.899 V
[LIFT] V_Motors: 28.433 V
[LIFT] V_Compute: 28.917 V
[LIFT] V_Motors: 28.424 V
[LIFT] V_Compute: 28.914 V
[LIFT] V_Motors: 28.419 V
[LIFT] V_Compute: 28.905 V
[LIFT] V_Motors: 28.417 V
[LIFT] V_Compute: 28.916 V
[LIFT] V_Motors: 28.423 V
[LIFT] V_Compute: 28.890 V
[LIFT] V_Motors: 28.414 V
[LIFT] V_Compute: 28.929 V
[LIFT] V_Motors: 28.424 V
[LIFT] V_Compute: 28.894 V
[LIFT] V_Motors: 28.417 V
[LIFT] V_Compute: 28.896 V
[LIFT] V_Motors: 28.411 V
[LIFT] V_Compute: 28.909 V
[LIFT] V_Motors: 28.416 V
[LIFT] V_Compute: 28.888 V
[LIFT] V_Motors: 28.426 V
[LIFT] V_Compute: 28.915 V
[LIFT] V_Motors: 28.425 V
[LIFT] V_Compute: 28.921 V
[LIFT] V_Motors: 28.407 V
[LIFT] V_Compute: 28.921 V
[LIFT] V_Motors: 28.435 V
[LIFT] V_Compute: 28.900 V
[LIFT] V_Motors: 28.429 V
[LIFT] V_Compute: 28.911 V
[LIFT] V_Motors: 28.409 V
[LIFT] V_Compute: 28.911 V
[LIFT] V_Motors: 28.434 V
[LIFT] V_Compute: 28.905 V
[LIFT] V_Motors: 28.421 V
[LIFT] V_Compute: 28.915 V
[LIFT] V_Motors: 28.427 V
[LIFT] V_Compute: 28.897 V
[LIFT] V_Motors: 28.416 V
[LIFT] V_Compute: 28.894 V
[LIFT] V_Motors: 28.406 V
[LIFT] V_Compute: 28.910 V
[LIFT] V_Motors: 28.416 V
[LIFT] V_Compute: 28.885 V
[LIFT] V_Motors: 28.413 V
[LIFT] V_Compute: 28.894 V
[LIFT] V_Motors: 28.396 V
[LIFT] V_Compute: 28.886 V
[LIFT] V_Motors: 28.423 V
[LIFT] V_Compute: 28.931 V
[LIFT] V_Motors: 28.390 V
[LIFT] V_Compute: 28.906 V
[LIFT] V_Motors: 28.415 V
[LIFT] V_Compute: 28.920 V
[LIFT] V_Motors: 28.424 V
[LIFT] V_Compute: 28.902 V
[LIFT] V_Motors: 28.401 V
[LIFT] V_Compute: 28.899 V
[LIFT] V_Motors: 28.414 V
[LIFT] V_Compute: 28.900 V
[LIFT] V_Motors: 28.427 V
[LIFT] V_Compute: 28.916 V
[LIFT] V_Motors: 28.423 V
[LIFT] V_Compute: 28.905 V
[LIFT] V_Motors: 28.410 V
[LIFT] V_Compute: 28.905 V
[LIFT] V_Motors: 28.407 V
[LIFT] V_Compute: 28.896 V
[LIFT] V_Motors: 28.414 V
[LIFT] V_Compute: 28.911 V
[LIFT] V_Motors: 28.421 V
[LIFT] V_Compute: 28.916 V
[LIFT] V_Motors: 28.404 V
[LIFT] V_Compute: 28.920 V
[LIFT] V_Motors: 28.420 V
[LIFT] V_Compute: 28.901 V
[LIFT] V_Motors: 28.425 V
[LIFT] V_Compute: 28.886 V
[LIFT] V_Motors: 28.407 V
[LIFT] V_Compute: 28.907 V
[LIFT] V_Motors: 28.407 V
[LIFT] V_Compute: 28.952 V
[LIFT] V_Motors: 28.423 V
[LIFT] V_Compute: 28.894 V
[LIFT] V_Motors: 28.424 V
[LIFT] V_Compute: 28.917 V
[LIFT] V_Motors: 28.431 V
[LIFT] V_Compute: 28.917 V
[LIFT] V_Motors: 28.423 V
[LIFT] V_Compute: 28.926 V
[LIFT] V_Motors: 28.427 V
[LIFT] V_Compute: 28.941 V
[LIFT] V_Motors: 28.436 V
[LIFT] V_Compute: 28.926 V
[LIFT] V_Motors: 28.429 V
[LIFT] V_Compute: 28.923 V
[LIFT] V_Motors: 28.425 V
[LIFT] V_Compute: 28.889 V
[LIFT] V_Motors: 28.419 V
[LIFT] V_Compute: 28.897 V
[LIFT] V_Motors: 28.420 V
[LIFT] V_Compute: 28.906 V
[LIFT] V_Motors: 28.414 V
[LIFT] V_Compute: 28.909 V
[LIFT] V_Motors: 28.415 V
[LIFT] V_Compute: 28.881 V
[LIFT] V_Motors: 28.429 V
[LIFT] V_Compute: 28.911 V
[LIFT] V_Motors: 28.437 V
[LIFT] V_Compute: 28.902 V
[LIFT] V_Motors: 28.407 V
[LIFT] V_Compute: 28.917 V
[LIFT] V_Motors: 28.413 V
[LIFT] V_Compute: 28.923 V
[LIFT] V_Motors: 28.410 V
[LIFT] V_Compute: 28.925 V
[LIFT] V_Motors: 28.419 V
[LIFT] V_Compute: 28.923 V
[LIFT] V_Motors: 28.420 V
[LIFT] V_Compute: 28.879 V
[LIFT] V_Motors: 28.429 V
[LIFT] V_Compute: 28.902 V
[LIFT] V_Motors: 28.423 V
[LIFT] V_Compute: 28.913 V
[LIFT] V_Motors: 28.426 V
[LIFT] V_Compute: 28.910 V
[LIFT] V_Motors: 28.423 V
[LIFT] V_Compute: 28.919 V
[LIFT] V_Motors: 28.415 V
[LIFT] V_Compute: 28.911 V
[LIFT] V_Motors: 28.411 V
[LIFT] V_Compute: 28.924 V
[LIFT] V_Motors: 28.423 V
[LIFT] V_Compute: 28.921 V
[LIFT] V_Motors: 28.426 V
[LIFT] V_Compute: 28.936 V
[LIFT] V_Motors: 28.440 V
[LIFT] V_Compute: 28.916 V
[LIFT] V_Motors: 28.407 V
[LIFT] V_Compute: 28.931 V
[LIFT] V_Motors: 28.437 V
[LIFT] V_Compute: 28.895 V
[LIFT] V_Motors: 28.421 V
[LIFT] V_Compute: 28.919 V
[LIFT] V_Motors: 28.420 V
[LIFT] V_Compute: 28.904 V
[LIFT] V_Motors: 28.427 V
[LIFT] V_Compute: 28.910 V
[LIFT] V_Motors: 28.413 V
[LIFT] V_Compute: 28.904 V
[LIFT] V_Motors: 28.416 V
[LIFT] V_Compute: 28.882 V
[LIFT] V_Motors: 28.411 V
[LIFT] V_Compute: 28.902 V
[LIFT] V_Motors: 28.440 V
[LIFT] V_Compute: 28.896 V
[LIFT] V_Motors: 28.429 V
[LIFT] V_Compute: 28.886 V
[LIFT] V_Motors: 28.423 V
[LIFT] V_Compute: 28.927 V
[LIFT] V_Motors: 28.415 V
[LIFT] V_Compute: 28.909 V
[LIFT] V_Motors: 28.425 V
[LIFT] V_Compute: 28.894 V
[LIFT] V_Motors: 28.421 V
[LIFT] V_Compute: 28.909 V
[LIFT] V_Motors: 28.427 V
[LIFT] V_Compute: 28.921 V
[LIFT] V_Motors: 28.419 V
[LIFT] V_Compute: 28.917 V
[LIFT] V_Motors: 28.424 V
[LIFT] V_Compute: 28.917 V
[LIFT] V_Motors: 28.430 V
[LIFT] V_Compute: 28.934 V
[LIFT] V_Motors: 28.427 V
[LIFT] V_Compute: 28.906 V
[LIFT] V_Motors: 28.417 V
[LIFT] V_Compute: 28.914 V
[LIFT] V_Motors: 28.420 V
[LIFT] V_Compute: 28.907 V
[LIFT] V_Motors: 28.419 V
[LIFT] V_Compute: 28.913 V
[LIFT] V_Motors: 28.427 V
[LIFT] V_Compute: 28.936 V
[LIFT] V_Motors: 28.431 V
[LIFT] V_Compute: 28.920 V
[LIFT] V_Motors: 28.425 V
[LIFT] V_Compute: 28.927 V
[LIFT] V_Motors: 28.419 V
[LIFT] V_Compute: 28.919 V
[LIFT] V_Motors: 28.427 V
[LIFT] V_Compute: 28.899 V
[LIFT] V_Motors: 28.426 V
[LIFT] V_Compute: 28.907 V
[LIFT] V_Motors: 28.430 V
[LIFT] V_Compute: 28.900 V
[LIFT] V_Motors: 28.415 V
[LIFT] V_Compute: 28.913 V
[LIFT] V_Motors: 28.423 V
[LIFT] V_Compute: 28.909 V
[LIFT] V_Motors: 28.420 V
[LIFT] V_Compute: 28.902 V
[LIFT] V_Motors: 28.430 V
[LIFT] V_Compute: 28.909 V
[LIFT] V_Motors: 28.421 V
[LIFT] V_Compute: 28.916 V
[LIFT] V_Motors: 28.413 V
[LIFT] V_Compute: 28.911 V
[LIFT] V_Motors: 28.425 V
[LIFT] V_Compute: 28.921 V
[LIFT] V_Motors: 28.424 V
[LIFT] V_Compute: 28.911 V
[LIFT] V_Motors: 28.420 V
[LIFT] V_Compute: 28.913 V
[LIFT] V_Motors: 28.433 V
[LIFT] V_Compute: 28.927 V
[LIFT] V_Motors: 28.415 V
[LIFT] V_Compute: 28.919 V
[LIFT] V_Motors: 28.429 V
[LIFT] V_Compute: 28.919 V
[LIFT] V_Motors: 28.426 V
[LIFT] V_Compute: 28.924 V
[LIFT] V_Motors: 28.425 V
[LIFT] V_Compute: 28.931 V
[LIFT] V_Motors: 28.430 V
[LIFT] V_Compute: 28.920 V
[LIFT] V_Motors: 28.424 V
[LIFT] V_Compute: 28.904 V
[LIFT] V_Motors: 28.423 V
[LIFT] V_Compute: 28.910 V
[LIFT] V_Motors: 28.431 V
[LIFT] V_Compute: 28.959 V
[LIFT] V_Motors: 28.419 V
[LIFT] V_Compute: 28.924 V
[LIFT] V_Motors: 28.430 V
[LIFT] V_Compute: 28.905 V
[LIFT] V_Motors: 28.419 V
[LIFT] V_Compute: 28.911 V
[LIFT] V_Motors: 28.419 V
[LIFT] V_Compute: 28.911 V
[LIFT] V_Motors: 28.426 V
[LIFT] V_Compute: 28.913 V
[LIFT] V_Motors: 28.416 V
[LIFT] V_Compute: 28.905 V
[LIFT] V_Motors: 28.425 V
[LIFT] V_Compute: 28.929 V
[LIFT] V_Motors: 28.411 V
[LIFT] V_Compute: 28.929 V
[LIFT] V_Motors: 28.425 V
[LIFT] V_Compute: 28.916 V
[LIFT] V_Motors: 28.420 V
[LIFT] V_Compute: 28.897 V
[LIFT] V_Motors: 28.416 V
[LIFT] V_Compute: 28.900 V
[LIFT] V_Motors: 28.417 V
[LIFT] V_Compute: 28.925 V
[LIFT] V_Motors: 28.425 V
[LIFT] V_Compute: 28.914 V
[LIFT] V_Motors: 28.424 V
[LIFT] V_Compute: 28.905 V
[LIFT] V_Motors: 28.421 V
[LIFT] V_Compute: 28.897 V
[LIFT] V_Motors: 28.429 V
[LIFT] V_Compute: 28.900 V
[LIFT] V_Motors: 28.427 V
[LIFT] V_Compute: 28.921 V
[LIFT] V_Motors: 28.426 V
[LIFT] V_Compute: 28.926 V
[LIFT] V_Motors: 28.423 V
[LIFT] V_Compute: 28.917 V
[LIFT] V_Motors: 28.430 V
[LIFT] V_Compute: 28.936 V
[LIFT] V_Motors: 28.429 V
[LIFT] V_Compute: 28.931 V
[LIFT] V_Motors: 28.423 V
[LIFT] V_Compute: 28.909 V
[LIFT] V_Motors: 28.426 V
[LIFT] V_Compute: 28.888 V
[LIFT] V_Motors: 28.430 V
[LIFT] V_Compute: 28.934 V
[LIFT] V_Motors: 28.423 V
[LIFT] V_Compute: 28.905 V
[LIFT] V_Motors: 28.429 V
[LIFT] V_Compute: 28.917 V
[LIFT] V_Motors: 28.421 V
[LIFT] V_Compute: 28.907 V
[LIFT] V_Motors: 28.430 V
[LIFT] V_Compute: 28.935 V
[LIFT] V_Motors: 28.431 V
[LIFT] V_Compute: 28.945 V
[LIFT] V_Motors: 28.431 V
[LIFT] V_Compute: 28.930 V
[LIFT] V_Motors: 28.425 V
[LIFT] V_Compute: 28.917 V
[LIFT] V_Motors: 28.433 V
[LIFT] V_Compute: 28.925 V
[LIFT] V_Motors: 28.431 V
[LIFT] V_Compute: 28.926 V
[LIFT] V_Motors: 28.427 V
[LIFT] V_Compute: 28.891 V
[LIFT] V_Motors: 28.433 V
[LIFT] V_Compute: 28.907 V
[LIFT] V_Motors: 28.417 V
[LIFT] V_Compute: 28.914 V
[LIFT] V_Motors: 28.425 V
[LIFT] V_Compute: 28.919 V
[LIFT] V_Motors: 28.429 V
[LIFT] V_Compute: 28.907 V
[LIFT] V_Motors: 28.423 V
[LIFT] V_Compute: 28.920 V
[LIFT] V_Motors: 28.426 V
[LIFT] V_Compute: 28.901 V
[LIFT] V_Motors: 28.413 V
[LIFT] V_Compute: 28.917 V
[LIFT] V_Motors: 28.435 V
[LIFT] V_Compute: 28.899 V
[LIFT] V_Motors: 28.434 V
[LIFT] V_Compute: 28.915 V
[LIFT] V_Motors: 28.426 V
[LIFT] V_Compute: 28.895 V
[LIFT] V_Motors: 28.419 V
[LIFT] V_Compute: 28.890 V
[LIFT] V_Motors: 28.401 V
[LIFT] V_Compute: 28.895 V
[LIFT] V_Motors: 28.426 V
[LIFT] V_Compute: 28.895 V
[LIFT] V_Motors: 28.419 V
[LIFT] V_Compute: 28.906 V
[LIFT] V_Motors: 28.415 V
[LIFT] V_Compute: 28.927 V
[LIFT] V_Motors: 28.431 V
[LIFT] V_Compute: 28.923 V
[LIFT] V_Motors: 28.423 V
[LIFT] V_Compute: 28.926 V
[LIFT] V_Motors: 28.434 V
[LIFT] V_Compute: 28.915 V
[LIFT] V_Motors: 28.437 V
[LIFT] V_Compute: 28.917 V
[LIFT] V_Motors: 28.421 V
[LIFT] V_Compute: 28.911 V
[LIFT] V_Motors: 28.451 V
[LIFT] V_Compute: 28.904 V
[LIFT] V_Motors: 28.430 V
[LIFT] V_Compute: 28.910 V
[LIFT] V_Motors: 28.420 V
[LIFT] V_Compute: 28.889 V
[LIFT] V_Motors: 28.430 V
[LIFT] V_Compute: 28.934 V
[LIFT] V_Motors: 28.426 V
[LIFT] V_Compute: 28.907 V
[LIFT] V_Motors: 28.424 V
[LIFT] V_Compute: 28.924 V
[LIFT] V_Motors: 28.437 V
[LIFT] V_Compute: 28.937 V
[LIFT] V_Motors: 28.423 V
[LIFT] V_Compute: 28.907 V
[LIFT] V_Motors: 28.425 V
[LIFT] V_Compute: 28.926 V
[LIFT] V_Motors: 28.440 V
[LIFT] V_Compute: 28.909 V
[LIFT] V_Motors: 28.425 V
[LIFT] V_Compute: 28.881 V
[LIFT] V_Motors: 28.425 V
[LIFT] V_Compute: 28.929 V
[LIFT] V_Motors: 28.425 V
[LIFT] V_Compute: 28.917 V
[LIFT] V_Motors: 28.427 V
[LIFT] V_Compute: 28.914 V
[LIFT] V_Motors: 28.427 V
[LIFT] V_Compute: 28.917 V
[LIFT] V_Motors: 28.439 V
[LIFT] V_Compute: 28.914 V
[LIFT] V_Motors: 28.392 V
[LIFT] V_Compute: 28.892 V
[LIFT] V_Motors: 28.419 V
[LIFT] V_Compute: 28.902 V
[LIFT] V_Motors: 28.421 V
[LIFT] V_Compute: 28.927 V
[LIFT] V_Motors: 28.429 V
[LIFT] V_Compute: 28.926 V
[LIFT] V_Motors: 28.407 V
[LIFT] V_Compute: 28.891 V
[LIFT] V_Motors: 28.430 V
[LIFT] V_Compute: 28.902 V
[LIFT] V_Motors: 28.430 V
[LIFT] V_Compute: 28.905 V
[LIFT] V_Motors: 28.420 V
[LIFT] V_Compute: 28.923 V
[LIFT] V_Motors: 28.414 V
[LIFT] V_Compute: 28.913 V
[LIFT] V_Motors: 28.417 V
[LIFT] V_Compute: 28.910 V
[LIFT] V_Motors: 28.423 V
[LIFT] V_Compute: 28.910 V
[LIFT] V_Motors: 28.426 V
[LIFT] V_Compute: 28.906 V
[LIFT] V_Motors: 28.421 V
[LIFT] V_Compute: 28.937 V
[LIFT] V_Motors: 28.431 V
[LIFT] V_Compute: 28.917 V
[LIFT] V_Motors: 28.431 V
[LIFT] V_Compute: 28.916 V
[LIFT] V_Motors: 28.430 V
[LIFT] V_Compute: 28.900 V
[LIFT] V_Motors: 28.419 V
[LIFT] V_Compute: 28.911 V
[LIFT] V_Motors: 28.460 V
[LIFT] V_Compute: 28.911 V
[LIFT] V_Motors: 28.433 V
[LIFT] V_Compute: 28.930 V
[LIFT] V_Motors: 28.441 V
[LIFT] V_Compute: 28.907 V
[LIFT] V_Motors: 28.420 V
[LIFT] V_Compute: 28.930 V
[LIFT] V_Motors: 28.434 V
[LIFT] V_Compute: 28.897 V
[LIFT] V_Motors: 28.425 V
[LIFT] V_Compute: 28.931 V
[LIFT] V_Motors: 28.427 V
[LIFT] V_Compute: 28.926 V
[LIFT] V_Motors: 28.423 V
[LIFT] V_Compute: 28.936 V
[LIFT] V_Motors: 28.420 V
[LIFT] V_Compute: 28.909 V
[LIFT] V_Motors: 28.423 V
[LIFT] V_Compute: 28.910 V
[LIFT] V_Motors: 28.442 V
[LIFT] V_Compute: 28.926 V
[LIFT] V_Motors: 28.409 V
[LIFT] V_Compute: 28.925 V
[LIFT] V_Motors: 28.441 V
[LIFT] V_Compute: 28.926 V
[LIFT] V_Motors: 28.430 V
[LIFT] V_Compute: 28.955 V
[LIFT] V_Motors: 28.442 V
[LIFT] V_Compute: 28.927 V
[LIFT] V_Motors: 28.434 V
[LIFT] V_Compute: 28.911 V
[LIFT] V_Motors: 28.407 V
[LIFT] V_Compute: 28.911 V
[LIFT] V_Motors: 28.413 V
[LIFT] V_Compute: 28.874 V
[LIFT] V_Motors: 28.429 V
[LIFT] V_Compute: 28.876 V
[LIFT] V_Motors: 28.414 V
[LIFT] V_Compute: 28.897 V
[LIFT] V_Motors: 28.437 V
[LIFT] V_Compute: 28.924 V
[LIFT] V_Motors: 28.429 V
[LIFT] V_Compute: 28.917 V
[LIFT] V_Motors: 28.420 V
[LIFT] V_Compute: 28.888 V
[LIFT] V_Motors: 28.420 V
[LIFT] V_Compute: 28.933 V
[LIFT] V_Motors: 28.406 V
[LIFT] V_Compute: 28.904 V
[LIFT] V_Motors: 28.409 V
[LIFT] V_Compute: 28.923 V
[LIFT] V_Motors: 28.423 V
[LIFT] V_Compute: 28.901 V
[LIFT] V_Motors: 28.426 V
[LIFT] V_Compute: 28.926 V
[LIFT] V_Motors: 28.413 V
[LIFT] V_Compute: 28.927 V
[LIFT] V_Motors: 28.426 V
[LIFT] V_Compute: 28.910 V
[LIFT] V_Motors: 28.433 V
[LIFT] V_Compute: 28.934 V
[LIFT] V_Motors: 28.429 V
[LIFT] V_Compute: 28.894 V
[LIFT] V_Motors: 28.414 V
[LIFT] V_Compute: 28.900 V
[LIFT] V_Motors: 28.442 V
[LIFT] V_Compute: 28.913 V
[LIFT] V_Motors: 28.431 V
[LIFT] V_Compute: 28.926 V
[LIFT] V_Motors: 28.441 V
[LIFT] V_Compute: 28.924 V
[LIFT] V_Motors: 28.427 V
[LIFT] V_Compute: 28.919 V
[LIFT] V_Motors: 28.435 V
[LIFT] V_Compute: 28.923 V
[LIFT] V_Motors: 28.450 V
[LIFT] V_Compute: 28.916 V
[LIFT] V_Motors: 28.449 V
[LIFT] V_Compute: 28.931 V
[LIFT] V_Motors: 28.435 V
[LIFT] V_Compute: 28.906 V
[LIFT] V_Motors: 28.417 V
[LIFT] V_Compute: 28.923 V
[LIFT] V_Motors: 28.437 V
[LIFT] V_Compute: 28.924 V
[LIFT] V_Motors: 28.425 V
[LIFT] V_Compute: 28.931 V
[LIFT] V_Motors: 28.426 V
[LIFT] V_Compute: 28.946 V
[LIFT] V_Motors: 28.436 V
[LIFT] V_Compute: 28.925 V
[LIFT] V_Motors: 28.449 V
[LIFT] V_Compute: 28.917 V
[LIFT] V_Motors: 28.441 V
[LIFT] V_Compute: 28.915 V
[LIFT] V_Motors: 28.429 V
[LIFT] V_Compute: 28.937 V
[LIFT] V_Motors: 28.429 V
[LIFT] V_Compute: 28.900 V
[LIFT] V_Motors: 28.409 V
[LIFT] V_Compute: 28.907 V
[LIFT] V_Motors: 28.449 V
[LIFT] V_Compute: 28.911 V
[LIFT] V_Motors: 28.419 V
[LIFT] V_Compute: 28.917 V
[LIFT] V_Motors: 28.416 V
[LIFT] V_Compute: 28.958 V
[LIFT] V_Motors: 28.440 V
[LIFT] V_Compute: 28.930 V
[LIFT] V_Motors: 28.424 V
[LIFT] V_Compute: 28.914 V
[LIFT] V_Motors: 28.419 V
[LIFT] V_Compute: 28.911 V
[LIFT] V_Motors: 28.439 V
[LIFT] V_Compute: 28.896 V
[LIFT] V_Motors: 28.431 V
[LIFT] V_Compute: 28.951 V
[LIFT] V_Motors: 28.429 V
[LIFT] V_Compute: 28.923 V
[LIFT] V_Motors: 28.423 V
[LIFT] V_Compute: 28.919 V
[LIFT] V_Motors: 28.430 V
[LIFT] V_Compute: 28.925 V
[LIFT] V_Motors: 28.456 V
[LIFT] V_Compute: 28.944 V
[LIFT] V_Motors: 28.439 V
[LIFT] V_Compute: 28.927 V
[LIFT] V_Motors: 28.430 V
[LIFT] V_Compute: 28.906 V
[LIFT] V_Motors: 28.429 V
[LIFT] V_Compute: 28.964 V
[LIFT] V_Motors: 28.439 V
[LIFT] V_Compute: 28.936 V
[LIFT] V_Motors: 28.429 V
[LIFT] V_Compute: 28.934 V
[LIFT] V_Motors: 28.431 V
[LIFT] V_Compute: 28.933 V
[LIFT] V_Motors: 28.430 V
[LIFT] V_Compute: 28.906 V
[LIFT] V_Motors: 28.427 V
[LIFT] V_Compute: 28.917 V
[LIFT] V_Motors: 28.431 V
[LIFT] V_Compute: 28.940 V
[LIFT] V_Motors: 28.420 V
[LIFT] V_Compute: 28.939 V
[LIFT] V_Motors: 28.429 V
[LIFT] V_Compute: 28.941 V
[LIFT] V_Motors: 28.423 V
[LIFT] V_Compute: 28.925 V
[LIFT] V_Motors: 28.430 V
[LIFT] V_Compute: 28.904 V
[LIFT] V_Motors: 28.436 V
[LIFT] V_Compute: 28.917 V
[LIFT] V_Motors: 28.445 V
[LIFT] V_Compute: 28.941 V
[LIFT] V_Motors: 28.436 V
[LIFT] V_Compute: 28.926 V
[LIFT] V_Motors: 28.425 V
[LIFT] V_Compute: 28.911 V
[LIFT] V_Motors: 28.436 V
[LIFT] V_Compute: 28.924 V
[LIFT] V_Motors: 28.431 V
[LIFT] V_Compute: 28.907 V
[LIFT] V_Motors: 28.424 V
[LIFT] V_Compute: 28.944 V
[LIFT] V_Motors: 28.429 V
[LIFT] V_Compute: 28.915 V
[LIFT] V_Motors: 28.431 V
[LIFT] V_Compute: 28.909 V
[LIFT] V_Motors: 28.427 V
[LIFT] V_Compute: 28.954 V
[LIFT] V_Motors: 28.429 V
[LIFT] V_Compute: 28.930 V
[LIFT] V_Motors: 28.446 V
[LIFT] V_Compute: 28.919 V
[LIFT] V_Motors: 28.437 V
[LIFT] V_Compute: 28.935 V
[LIFT] V_Motors: 28.426 V
[LIFT] V_Compute: 28.933 V
[LIFT] V_Motors: 28.444 V
[LIFT] V_Compute: 28.929 V
[LIFT] V_Motors: 28.424 V
[LIFT] V_Compute: 28.914 V
[LIFT] V_Motors: 28.429 V
[LIFT] V_Compute: 28.934 V
[LIFT] V_Motors: 28.441 V
[LIFT] V_Compute: 28.911 V
[LIFT] V_Motors: 28.423 V
[LIFT] V_Compute: 28.923 V
[LIFT] V_Motors: 28.436 V
[LIFT] V_Compute: 28.937 V
[LIFT] V_Motors: 28.436 V
[LIFT] V_Compute: 28.941 V
[LIFT] V_Motors: 28.435 V
[LIFT] V_Compute: 28.927 V
[LIFT] V_Motors: 28.447 V
[LIFT] V_Compute: 28.923 V
[LIFT] V_Motors: 28.441 V
[LIFT] V_Compute: 28.949 V
[LIFT] V_Motors: 28.426 V
[LIFT] V_Compute: 28.931 V
[LIFT] V_Motors: 28.416 V
[LIFT] V_Compute: 28.917 V
[LIFT] V_Motors: 28.444 V
[LIFT] V_Compute: 28.930 V
[LIFT] V_Motors: 28.435 V
[LIFT] V_Compute: 28.916 V
[LIFT] V_Motors: 28.430 V
[LIFT] V_Compute: 28.906 V
[LIFT] V_Motors: 28.429 V
[LIFT] V_Compute: 28.906 V
[LIFT] V_Motors: 28.431 V
[LIFT] V_Compute: 28.920 V
[LIFT] V_Motors: 28.444 V
[LIFT] V_Compute: 28.945 V
[LIFT] V_Motors: 28.447 V
[LIFT] V_Compute: 28.921 V
[LIFT] V_Motors: 28.433 V
[LIFT] V_Compute: 28.927 V
[LIFT] V_Motors: 28.437 V
[LIFT] V_Compute: 28.937 V
[LIFT] V_Motors: 28.440 V
[LIFT] V_Compute: 28.923 V
[LIFT] V_Motors: 28.424 V
[LIFT] V_Compute: 28.929 V
[LIFT] V_Motors: 28.439 V
[LIFT] V_Compute: 28.930 V
[LIFT] V_Motors: 28.435 V
[LIFT] V_Compute: 28.921 V
[LIFT] V_Motors: 28.439 V
[LIFT] V_Compute: 28.933 V
[LIFT] V_Motors: 28.437 V
[LIFT] V_Compute: 28.930 V
[LIFT] V_Motors: 28.441 V
[LIFT] V_Compute: 28.945 V
[LIFT] V_Motors: 28.440 V
[LIFT] V_Compute: 28.925 V
[LIFT] V_Motors: 28.437 V
[LIFT] V_Compute: 28.933 V
[LIFT] V_Motors: 28.435 V
[LIFT] V_Compute: 28.936 V
[LIFT] V_Motors: 28.436 V
[LIFT] V_Compute: 28.961 V
[LIFT] V_Motors: 28.447 V
[LIFT] V_Compute: 28.926 V
[LIFT] V_Motors: 28.442 V
[LIFT] V_Compute: 28.959 V
[LIFT] V_Motors: 28.446 V
[LIFT] V_Compute: 28.914 V
[LIFT] V_Motors: 28.431 V
[LIFT] V_Compute: 28.946 V
[LIFT] V_Motors: 28.441 V
[LIFT] V_Compute: 28.935 V
[LIFT] V_Motors: 28.433 V
[LIFT] V_Compute: 28.935 V
[LIFT] V_Motors: 28.440 V
[LIFT] V_Compute: 28.930 V
[LIFT] V_Motors: 28.440 V
[LIFT] V_Compute: 28.933 V
[LIFT] V_Motors: 28.426 V
[LIFT] V_Compute: 28.959 V
[LIFT] V_Motors: 28.444 V
[LIFT] V_Compute: 28.931 V
[LIFT] V_Motors: 28.441 V
[LIFT] V_Compute: 28.930 V
[LIFT] V_Motors: 28.436 V
[LIFT] V_Compute: 28.923 V
[LIFT] V_Motors: 28.434 V
[LIFT] V_Compute: 28.940 V
[LIFT] V_Motors: 28.434 V
[LIFT] V_Compute: 28.942 V
[LIFT] V_Motors: 28.445 V
[LIFT] V_Compute: 28.945 V
[LIFT] V_Motors: 28.441 V
[LIFT] V_Compute: 28.930 V
[LIFT] V_Motors: 28.429 V
[LIFT] V_Compute: 28.937 V
[LIFT] V_Motors: 28.439 V
[LIFT] V_Compute: 28.942 V
[LIFT] V_Motors: 28.446 V
[LIFT] V_Compute: 28.931 V
[LIFT] V_Motors: 28.440 V
[LIFT] V_Compute: 28.952 V
[LIFT] V_Motors: 28.442 V
[LIFT] V_Compute: 28.941 V
[LIFT] V_Motors: 28.437 V
[LIFT] V_Compute: 28.949 V
[LIFT] V_Motors: 28.460 V
[LIFT] V_Compute: 28.929 V
[LIFT] V_Motors: 28.426 V
[LIFT] V_Compute: 28.904 V
[LIFT] V_Motors: 28.449 V
[LIFT] V_Compute: 28.955 V
[LIFT] V_Motors: 28.449 V
[LIFT] V_Compute: 28.929 V
[LIFT] V_Motors: 28.434 V
[LIFT] V_Compute: 28.925 V
[LIFT] V_Motors: 28.444 V
[LIFT] V_Compute: 28.931 V
[LIFT] V_Motors: 28.434 V
[LIFT] V_Compute: 28.914 V
[LIFT] V_Motors: 28.442 V
[LIFT] V_Compute: 28.927 V
[LIFT] V_Motors: 28.439 V
[LIFT] V_Compute: 28.921 V
[LIFT] V_Motors: 28.434 V
[LIFT] V_Compute: 28.919 V
[LIFT] V_Motors: 28.433 V
[LIFT] V_Compute: 28.958 V
[LIFT] V_Motors: 28.434 V
[LIFT] V_Compute: 28.949 V
[LIFT] V_Motors: 28.444 V
[LIFT] V_Compute: 28.891 V
[LIFT] V_Motors: 28.420 V
[LIFT] V_Compute: 28.941 V
[LIFT] V_Motors: 28.427 V
[LIFT] V_Compute: 28.956 V
[LIFT] V_Motors: 28.451 V
[LIFT] V_Compute: 28.934 V
[LIFT] V_Motors: 28.429 V
[LIFT] V_Compute: 28.942 V
[LIFT] V_Motors: 28.434 V
[LIFT] V_Compute: 28.929 V
[LIFT] V_Motors: 28.445 V
[LIFT] V_Compute: 28.945 V
[LIFT] V_Motors: 28.449 V
[LIFT] V_Compute: 28.929 V
[LIFT] V_Motors: 28.437 V
[LIFT] V_Compute: 28.954 V
[LIFT] V_Motors: 28.436 V
[LIFT] V_Compute: 28.946 V
[LIFT] V_Motors: 28.445 V
[LIFT] V_Compute: 28.927 V
[LIFT] V_Motors: 28.429 V
[LIFT] V_Compute: 28.924 V
[LIFT] V_Motors: 28.439 V
[LIFT] V_Compute: 28.924 V
[LIFT] V_Motors: 28.439 V
[LIFT] V_Compute: 28.946 V
[LIFT] V_Motors: 28.429 V
[LIFT] V_Compute: 28.924 V
[LIFT] V_Motors: 28.445 V
[LIFT] V_Compute: 28.934 V
[LIFT] V_Motors: 28.446 V
[LIFT] V_Compute: 28.949 V
[LIFT] V_Motors: 28.445 V
[LIFT] V_Compute: 28.933 V
[LIFT] V_Motors: 28.426 V
[LIFT] V_Compute: 28.956 V
[LIFT] V_Motors: 28.433 V
[LIFT] V_Compute: 28.929 V
[LIFT] V_Motors: 28.433 V
[LIFT] V_Compute: 28.937 V
[LIFT] V_Motors: 28.446 V
[LIFT] V_Compute: 28.929 V
[LIFT] V_Motors: 28.450 V
[LIFT] V_Compute: 28.923 V
[LIFT] V_Motors: 28.436 V
[LIFT] V_Compute: 28.949 V
[LIFT] V_Motors: 28.430 V
[LIFT] V_Compute: 28.930 V
[LIFT] V_Motors: 28.439 V
[LIFT] V_Compute: 28.926 V
[LIFT] V_Motors: 28.437 V
[LIFT] V_Compute: 28.919 V
[LIFT] V_Motors: 28.424 V
[LIFT] V_Compute: 28.941 V
[LIFT] V_Motors: 28.431 V
[LIFT] V_Compute: 28.942 V
[LIFT] V_Motors: 28.442 V
[LIFT] V_Compute: 28.941 V
[LIFT] V_Motors: 28.450 V
[LIFT] V_Compute: 28.940 V
[LIFT] V_Motors: 28.440 V
[LIFT] V_Compute: 28.935 V
[LIFT] V_Motors: 28.446 V
[LIFT] V_Compute: 28.964 V
[LIFT] V_Motors: 28.439 V
[LIFT] V_Compute: 28.925 V
[LIFT] V_Motors: 28.436 V
[LIFT] V_Compute: 28.937 V
[LIFT] V_Motors: 28.447 V
[LIFT] V_Compute: 28.939 V
[LIFT] V_Motors: 28.437 V
[LIFT] V_Compute: 28.951 V
[LIFT] V_Motors: 28.445 V
[LIFT] V_Compute: 28.939 V
[LIFT] V_Motors: 28.439 V
[LIFT] V_Compute: 28.942 V
[LIFT] V_Motors: 28.452 V
[LIFT] V_Compute: 28.926 V
[LIFT] V_Motors: 28.442 V
[LIFT] V_Compute: 28.933 V
[LIFT] V_Motors: 28.439 V
[LIFT] V_Compute: 28.946 V
[LIFT] V_Motors: 28.424 V
[LIFT] V_Compute: 28.939 V
[LIFT] V_Motors: 28.442 V
[LIFT] V_Compute: 28.950 V
[LIFT] V_Motors: 28.450 V
[LIFT] V_Compute: 28.944 V
[LIFT] V_Motors: 28.442 V
[LIFT] V_Compute: 28.926 V
[LIFT] V_Motors: 28.437 V
[LIFT] V_Compute: 28.941 V
[LIFT] V_Motors: 28.450 V
[LIFT] V_Compute: 28.930 V
[LIFT] V_Motors: 28.441 V
[LIFT] V_Compute: 28.942 V
[LIFT] V_Motors: 28.439 V
[LIFT] V_Compute: 28.947 V
[LIFT] V_Motors: 28.439 V
[LIFT] V_Compute: 28.923 V
[LIFT] V_Motors: 28.439 V
[LIFT] V_Compute: 28.924 V
[LIFT] V_Motors: 28.425 V
[LIFT] V_Compute: 28.945 V
[LIFT] V_Motors: 28.450 V
[LIFT] V_Compute: 28.923 V
[LIFT] V_Motors: 28.417 V
[LIFT] V_Compute: 28.931 V
[LIFT] V_Motors: 28.446 V
[LIFT] V_Compute: 28.913 V
[LIFT] V_Motors: 28.420 V
[LIFT] V_Compute: 28.941 V
[LIFT] V_Motors: 28.454 V
[LIFT] V_Compute: 28.942 V
[LIFT] V_Motors: 28.426 V
[LIFT] V_Compute: 28.923 V
[LIFT] V_Motors: 28.437 V
[LIFT] V_Compute: 28.929 V
[LIFT] V_Motors: 28.429 V
[LIFT] V_Compute: 28.920 V
[LIFT] V_Motors: 28.434 V
[LIFT] V_Compute: 28.933 V
[LIFT] V_Motors: 28.426 V
[LIFT] V_Compute: 28.942 V
[LIFT] V_Motors: 28.429 V
[LIFT] V_Compute: 28.930 V
[LIFT] V_Motors: 28.445 V
[LIFT] V_Compute: 28.942 V
[LIFT] V_Motors: 28.433 V
[LIFT] V_Compute: 28.939 V
[LIFT] V_Motors: 28.423 V
[LIFT] V_Compute: 28.937 V
[LIFT] V_Motors: 28.437 V
[LIFT] V_Compute: 28.919 V
[LIFT] V_Motors: 28.421 V
[LIFT] V_Compute: 28.942 V
[LIFT] V_Motors: 28.437 V
[LIFT] V_Compute: 28.952 V
[LIFT] V_Motors: 28.447 V
[LIFT] V_Compute: 28.956 V
[LIFT] V_Motors: 28.449 V
[LIFT] V_Compute: 28.926 V
[LIFT] V_Motors: 28.437 V
[LIFT] V_Compute: 28.945 V
[LIFT] V_Motors: 28.433 V
[LIFT] V_Compute: 28.910 V
[LIFT] V_Motors: 28.444 V
[LIFT] V_Compute: 28.949 V
[LIFT] V_Motors: 28.430 V
[LIFT] V_Compute: 28.926 V
[LIFT] V_Motors: 28.447 V
[LIFT] V_Compute: 28.939 V
[LIFT] V_Motors: 28.427 V
[LIFT] V_Compute: 28.924 V
[LIFT] V_Motors: 28.450 V
[LIFT] V_Compute: 28.949 V
[LIFT] V_Motors: 28.449 V
[LIFT] V_Compute: 28.926 V
[LIFT] V_Motors: 28.436 V
[LIFT] V_Compute: 28.934 V
[LIFT] V_Motors: 28.430 V
[LIFT] V_Compute: 28.917 V
[LIFT] V_Motors: 28.435 V
[LIFT] V_Compute: 28.920 V
[LIFT] V_Motors: 28.450 V
[LIFT] V_Compute: 28.936 V
[LIFT] V_Motors: 28.430 V
[LIFT] V_Compute: 28.935 V
[LIFT] V_Motors: 28.439 V
[LIFT] V_Compute: 28.929 V
[LIFT] V_Motors: 28.431 V
[LIFT] V_Compute: 28.925 V
[LIFT] V_Motors: 28.433 V
[LIFT] V_Compute: 28.927 V
[LIFT] V_Motors: 28.441 V
[LIFT] V_Compute: 28.950 V
[LIFT] V_Motors: 28.444 V
[LIFT] V_Compute: 28.917 V
[LIFT] V_Motors: 28.444 V
[LIFT] V_Compute: 28.951 V
[LIFT] V_Motors: 28.440 V
[LIFT] V_Compute: 28.951 V
[LIFT] V_Motors: 28.447 V
[LIFT] V_Compute: 28.950 V
[LIFT] V_Motors: 28.437 V
[LIFT] V_Compute: 28.929 V
[LIFT] V_Motors: 28.431 V
[LIFT] V_Compute: 28.949 V
[LIFT] V_Motors: 28.437 V
[LIFT] V_Compute: 28.929 V
[LIFT] V_Motors: 28.434 V
[LIFT] V_Compute: 28.951 V
[LIFT] V_Motors: 28.440 V
[LIFT] V_Compute: 28.951 V
[LIFT] V_Motors: 28.442 V
[LIFT] V_Compute: 28.956 V
[LIFT] V_Motors: 28.440 V
[LIFT] V_Compute: 28.949 V
[LIFT] V_Motors: 28.441 V
[LIFT] V_Compute: 28.934 V
[LIFT] V_Motors: 28.445 V
[LIFT] V_Compute: 28.933 V
[LIFT] V_Motors: 28.441 V
[LIFT] V_Compute: 28.934 V
[LIFT] V_Motors: 28.445 V
[LIFT] V_Compute: 28.935 V
[LIFT] V_Motors: 28.442 V
[LIFT] V_Compute: 28.944 V
[LIFT] V_Motors: 28.458 V
[LIFT] V_Compute: 28.905 V
[LIFT] V_Motors: 28.444 V
[LIFT] V_Compute: 28.930 V
[LIFT] V_Motors: 28.439 V
[LIFT] V_Compute: 28.946 V
[LIFT] V_Motors: 28.434 V
[LIFT] V_Compute: 28.940 V
[LIFT] V_Motors: 28.441 V
[LIFT] V_Compute: 28.954 V
[LIFT] V_Motors: 28.440 V
[LIFT] V_Compute: 28.945 V
[LIFT] V_Motors: 28.445 V
[LIFT] V_Compute: 28.949 V
[LIFT] V_Motors: 28.460 V
[LIFT] V_Compute: 28.951 V
[LIFT] V_Motors: 28.455 V
[LIFT] V_Compute: 28.919 V
[LIFT] V_Motors: 28.441 V
[LIFT] V_Compute: 28.952 V
[LIFT] V_Motors: 28.435 V
[LIFT] V_Compute: 28.935 V
[LIFT] V_Motors: 28.446 V
[LIFT] V_Compute: 28.972 V
[LIFT] V_Motors: 28.444 V
[LIFT] V_Compute: 28.909 V
[LIFT] V_Motors: 28.434 V
[LIFT] V_Compute: 28.954 V
[LIFT] V_Motors: 28.430 V
[LIFT] V_Compute: 28.966 V
[LIFT] V_Motors: 28.411 V
[LIFT] V_Compute: 28.941 V
[LIFT] V_Motors: 28.436 V
[LIFT] V_Compute: 28.951 V
[LIFT] V_Motors: 28.430 V
[LIFT] V_Compute: 28.949 V
[LIFT] V_Motors: 28.454 V
[LIFT] V_Compute: 28.911 V
[LIFT] V_Motors: 28.437 V
[LIFT] V_Compute: 28.920 V
[LIFT] V_Motors: 28.439 V
[LIFT] V_Compute: 28.944 V
[LIFT] V_Motors: 28.435 V
[LIFT] V_Compute: 28.937 V
[LIFT] V_Motors: 28.440 V
[LIFT] V_Compute: 28.939 V
[LIFT] V_Motors: 28.435 V
[LIFT] V_Compute: 28.946 V
[LIFT] V_Motors: 28.460 V
[LIFT] V_Compute: 28.958 V
[LIFT] V_Motors: 28.446 V
[LIFT] V_Compute: 28.926 V
[LIFT] V_Motors: 28.451 V
[LIFT] V_Compute: 28.917 V
[LIFT] V_Motors: 28.441 V
[LIFT] V_Compute: 28.939 V
[LIFT] V_Motors: 28.402 V
[LIFT] V_Compute: 28.954 V
[LIFT] V_Motors: 28.444 V
[LIFT] V_Compute: 28.936 V
[LIFT] V_Motors: 28.441 V
[LIFT] V_Compute: 28.946 V
[LIFT] V_Motors: 28.446 V
[LIFT] V_Compute: 28.982 V
[LIFT] V_Motors: 28.440 V
[LIFT] V_Compute: 28.961 V
[LIFT] V_Motors: 28.440 V
[LIFT] V_Compute: 28.936 V
[LIFT] V_Motors: 28.450 V
[LIFT] V_Compute: 28.931 V
[LIFT] V_Motors: 28.430 V
[LIFT] V_Compute: 28.956 V
[LIFT] V_Motors: 28.468 V
[LIFT] V_Compute: 28.952 V
[LIFT] V_Motors: 28.454 V
[LIFT] V_Compute: 28.934 V
[LIFT] V_Motors: 28.444 V
[LIFT] V_Compute: 28.935 V
[LIFT] V_Motors: 28.454 V
[LIFT] V_Compute: 28.962 V
[LIFT] V_Motors: 28.450 V
[LIFT] V_Compute: 28.942 V
[LIFT] V_Motors: 28.455 V
[LIFT] V_Compute: 28.945 V
[LIFT] V_Motors: 28.451 V
[LIFT] V_Compute: 28.942 V
[LIFT] V_Motors: 28.437 V
[LIFT] V_Compute: 28.946 V
[LIFT] V_Motors: 28.455 V
[LIFT] V_Compute: 28.945 V
[LIFT] V_Motors: 28.439 V
[LIFT] V_Compute: 28.975 V
[LIFT] V_Motors: 28.447 V
[LIFT] V_Compute: 28.942 V
[LIFT] V_Motors: 28.427 V
[LIFT] V_Compute: 28.933 V
[LIFT] V_Motors: 28.433 V
[LIFT] V_Compute: 28.940 V
[LIFT] V_Motors: 28.447 V
[LIFT] V_Compute: 28.939 V
[LIFT] V_Motors: 28.450 V
[LIFT] V_Compute: 28.920 V
[LIFT] V_Motors: 28.430 V
[LIFT] V_Compute: 28.970 V
[LIFT] V_Motors: 28.460 V
[LIFT] V_Compute: 28.926 V
[LIFT] V_Motors: 28.431 V
[LIFT] V_Compute: 28.944 V
[LIFT] V_Motors: 28.450 V
[LIFT] V_Compute: 28.937 V
[LIFT] V_Motors: 28.439 V
[LIFT] V_Compute: 28.964 V
[LIFT] V_Motors: 28.449 V
[LIFT] V_Compute: 28.929 V
[LIFT] V_Motors: 28.456 V
[LIFT] V_Compute: 28.945 V
[LIFT] V_Motors: 28.441 V
[LIFT] V_Compute: 28.946 V
[LIFT] V_Motors: 28.462 V
[LIFT] V_Compute: 28.955 V
[LIFT] V_Motors: 28.431 V
[LIFT] V_Compute: 28.915 V
[LIFT] V_Motors: 28.437 V
[LIFT] V_Compute: 28.958 V
[LIFT] V_Motors: 28.450 V
[LIFT] V_Compute: 28.949 V
[LIFT] V_Motors: 28.437 V
[LIFT] V_Compute: 28.956 V
[LIFT] V_Motors: 28.430 V
[LIFT] V_Compute: 28.961 V
[LIFT] V_Motors: 28.450 V
[LIFT] V_Compute: 28.956 V
[LIFT] V_Motors: 28.447 V
[LIFT] V_Compute: 28.929 V
[LIFT] V_Motors: 28.458 V
[LIFT] V_Compute: 28.929 V
[LIFT] V_Motors: 28.447 V
[LIFT] V_Compute: 28.961 V
[LIFT] V_Motors: 28.452 V
[LIFT] V_Compute: 28.944 V
[LIFT] V_Motors: 28.441 V
[LIFT] V_Compute: 28.965 V
[LIFT] V_Motors: 28.454 V
[LIFT] V_Compute: 28.935 V
[LIFT] V_Motors: 28.455 V
[LIFT] V_Compute: 28.959 V
[LIFT] V_Motors: 28.459 V
[LIFT] V_Compute: 28.935 V
[LIFT] V_Motors: 28.430 V
[LIFT] V_Compute: 28.941 V
[LIFT] V_Motors: 28.445 V
[LIFT] V_Compute: 28.949 V
[LIFT] V_Motors: 28.450 V
[LIFT] V_Compute: 28.946 V
[LIFT] V_Motors: 28.449 V
[LIFT] V_Compute: 28.952 V
[LIFT] V_Motors: 28.440 V
[LIFT] V_Compute: 28.955 V
[LIFT] V_Motors: 28.447 V
[LIFT] V_Compute: 28.965 V
[LIFT] V_Motors: 28.452 V
[LIFT] V_Compute: 28.929 V
[LIFT] V_Motors: 28.442 V
[LIFT] V_Compute: 28.949 V
[LIFT] V_Motors: 28.449 V
[LIFT] V_Compute: 28.926 V
[LIFT] V_Motors: 28.446 V
[LIFT] V_Compute: 28.942 V
[LIFT] V_Motors: 28.440 V
[LIFT] V_Compute: 28.949 V
[LIFT] V_Motors: 28.434 V
[LIFT] V_Compute: 28.959 V
[LIFT] V_Motors: 28.445 V
[LIFT] V_Compute: 28.952 V
[LIFT] V_Motors: 28.442 V
[LIFT] V_Compute: 28.942 V
[LIFT] V_Motors: 28.456 V
[LIFT] V_Compute: 28.935 V
[LIFT] V_Motors: 28.439 V
[LIFT] V_Compute: 28.952 V
[LIFT] V_Motors: 28.442 V
[LIFT] V_Compute: 28.935 V
[LIFT] V_Motors: 28.437 V
[LIFT] V_Compute: 28.931 V
[LIFT] V_Motors: 28.444 V
[LIFT] V_Compute: 28.981 V
[LIFT] V_Motors: 28.455 V
[LIFT] V_Compute: 28.923 V
[LIFT] V_Motors: 28.430 V
[LIFT] V_Compute: 28.952 V
[LIFT] V_Motors: 28.449 V
[LIFT] V_Compute: 28.965 V
[LIFT] V_Motors: 28.462 V
[LIFT] V_Compute: 28.961 V
[LIFT] V_Motors: 28.454 V
[LIFT] V_Compute: 28.962 V
[LIFT] V_Motors: 28.459 V
[LIFT] V_Compute: 28.945 V
[LIFT] V_Motors: 28.440 V
[LIFT] V_Compute: 28.944 V
[LIFT] V_Motors: 28.437 V
[LIFT] V_Compute: 28.934 V
[LIFT] V_Motors: 28.452 V
[LIFT] V_Compute: 28.955 V
[LIFT] V_Motors: 28.440 V
[LIFT] V_Compute: 28.975 V
[LIFT] V_Motors: 28.454 V
[LIFT] V_Compute: 28.960 V
[LIFT] V_Motors: 28.446 V
[LIFT] V_Compute: 28.960 V
[LIFT] V_Motors: 28.455 V
[LIFT] V_Compute: 28.947 V
[LIFT] V_Motors: 28.445 V
[LIFT] V_Compute: 28.945 V
[LIFT] V_Motors: 28.444 V
[LIFT] V_Compute: 28.962 V
[LIFT] V_Motors: 28.450 V
[LIFT] V_Compute: 28.969 V
[LIFT] V_Motors: 28.446 V
[LIFT] V_Compute: 28.947 V
[LIFT] V_Motors: 28.451 V
[LIFT] V_Compute: 28.961 V
[LIFT] V_Motors: 28.458 V
[LIFT] V_Compute: 28.939 V
[LIFT] V_Motors: 28.449 V
[LIFT] V_Compute: 28.955 V
[LIFT] V_Motors: 28.462 V
[LIFT] V_Compute: 28.951 V
[LIFT] V_Motors: 28.449 V
[LIFT] V_Compute: 28.961 V
[LIFT] V_Motors: 28.439 V
[LIFT] V_Compute: 28.950 V
[LIFT] V_Motors: 28.451 V
[LIFT] V_Compute: 28.976 V
[LIFT] V_Motors: 28.458 V
[LIFT] V_Compute: 28.951 V
[LIFT] V_Motors: 28.450 V
[LIFT] V_Compute: 28.962 V
[LIFT] V_Motors: 28.439 V
[LIFT] V_Compute: 28.965 V
[LIFT] V_Motors: 28.449 V
[LIFT] V_Compute: 28.949 V
[LIFT] V_Motors: 28.440 V
[LIFT] V_Compute: 28.947 V
[LIFT] V_Motors: 28.455 V
[LIFT] V_Compute: 28.958 V
[LIFT] V_Motors: 28.436 V
[LIFT] V_Compute: 28.958 V
[LIFT] V_Motors: 28.449 V
[LIFT] V_Compute: 28.958 V
[LIFT] V_Motors: 28.458 V
[LIFT] V_Compute: 28.958 V
[LIFT] V_Motors: 28.456 V
[LIFT] V_Compute: 28.961 V
[LIFT] V_Motors: 28.449 V
[LIFT] V_Compute: 28.972 V
[LIFT] V_Motors: 28.442 V
[LIFT] V_Compute: 28.956 V
[LIFT] V_Motors: 28.461 V
[LIFT] V_Compute: 28.951 V
[LIFT] V_Motors: 28.455 V
[LIFT] V_Compute: 28.960 V
[LIFT] V_Motors: 28.449 V
[LIFT] V_Compute: 28.945 V
[LIFT] V_Motors: 28.472 V
[LIFT] V_Compute: 28.958 V
[LIFT] V_Motors: 28.442 V
[LIFT] V_Compute: 28.945 V
[LIFT] V_Motors: 28.458 V
[LIFT] V_Compute: 28.939 V
[LIFT] V_Motors: 28.437 V
[LIFT] V_Compute: 28.952 V
[LIFT] V_Motors: 28.450 V
[LIFT] V_Compute: 28.976 V
[LIFT] V_Motors: 28.460 V
[LIFT] V_Compute: 28.944 V
[LIFT] V_Motors: 28.447 V
[LIFT] V_Compute: 28.951 V
[LIFT] V_Motors: 28.446 V
[LIFT] V_Compute: 28.958 V
[LIFT] V_Motors: 28.440 V
[LIFT] V_Compute: 28.964 V
[LIFT] V_Motors: 28.434 V
[LIFT] V_Compute: 28.962 V
[LIFT] V_Motors: 28.451 V
[LIFT] V_Compute: 28.933 V
[LIFT] V_Motors: 28.451 V
[LIFT] V_Compute: 28.954 V
[LIFT] V_Motors: 28.454 V
[LIFT] V_Compute: 28.959 V
[LIFT] V_Motors: 28.474 V
[LIFT] V_Compute: 28.976 V
[LIFT] V_Motors: 28.437 V
[LIFT] V_Compute: 28.972 V
[LIFT] V_Motors: 28.458 V
[LIFT] V_Compute: 28.954 V
[LIFT] V_Motors: 28.456 V
[LIFT] V_Compute: 28.965 V
[LIFT] V_Motors: 28.458 V
[LIFT] V_Compute: 28.946 V
[LIFT] V_Motors: 28.446 V
[LIFT] V_Compute: 28.980 V
[LIFT] V_Motors: 28.446 V
[LIFT] V_Compute: 28.950 V
[LIFT] V_Motors: 28.461 V
[LIFT] V_Compute: 28.954 V
[LIFT] V_Motors: 28.450 V
[LIFT] V_Compute: 28.971 V
[LIFT] V_Motors: 28.452 V
[LIFT] V_Compute: 28.952 V
[LIFT] V_Motors: 28.461 V
[LIFT] V_Compute: 28.964 V
[LIFT] V_Motors: 28.452 V
[LIFT] V_Compute: 28.955 V
[LIFT] V_Motors: 28.434 V
[LIFT] V_Compute: 28.956 V
[LIFT] V_Motors: 28.460 V
[LIFT] V_Compute: 28.960 V
[LIFT] V_Motors: 28.464 V
[LIFT] V_Compute: 28.937 V
[LIFT] V_Motors: 28.449 V
[LIFT] V_Compute: 28.941 V
[LIFT] V_Motors: 28.455 V
[LIFT] V_Compute: 28.945 V
[LIFT] V_Motors: 28.450 V
[LIFT] V_Compute: 28.966 V
[LIFT] V_Motors: 28.442 V
[LIFT] V_Compute: 28.955 V
[LIFT] V_Motors: 28.455 V
[LIFT] V_Compute: 28.962 V
[LIFT] V_Motors: 28.446 V
[LIFT] V_Compute: 28.958 V
[LIFT] V_Motors: 28.455 V
[LIFT] V_Compute: 28.966 V
[LIFT] V_Motors: 28.455 V
[LIFT] V_Compute: 28.944 V
[LIFT] V_Motors: 28.441 V
[LIFT] V_Compute: 28.944 V
[LIFT] V_Motors: 28.437 V
[LIFT] V_Compute: 28.958 V
[LIFT] V_Motors: 28.452 V
[LIFT] V_Compute: 28.964 V
[LIFT] V_Motors: 28.444 V
[LIFT] V_Compute: 28.949 V
[LIFT] V_Motors: 28.442 V
[LIFT] V_Compute: 28.964 V
[LIFT] V_Motors: 28.456 V
[LIFT] V_Compute: 28.955 V
[LIFT] V_Motors: 28.451 V
[LIFT] V_Compute: 28.969 V
[LIFT] V_Motors: 28.451 V
[LIFT] V_Compute: 28.949 V
[LIFT] V_Motors: 28.445 V
[LIFT] V_Compute: 28.989 V
[LIFT] V_Motors: 28.464 V
[LIFT] V_Compute: 28.960 V
[LIFT] V_Motors: 28.452 V
[LIFT] V_Compute: 28.961 V
[LIFT] V_Motors: 28.444 V
[LIFT] V_Compute: 28.945 V
[LIFT] V_Motors: 28.441 V
[LIFT] V_Compute: 28.975 V
[LIFT] V_Motors: 28.439 V
[LIFT] V_Compute: 28.930 V
[LIFT] V_Motors: 28.474 V
[LIFT] V_Compute: 28.944 V
[LIFT] V_Motors: 28.447 V
[LIFT] V_Compute: 28.975 V
[LIFT] V_Motors: 28.458 V
[LIFT] V_Compute: 28.949 V
[LIFT] V_Motors: 28.447 V
[LIFT] V_Compute: 28.950 V
[LIFT] V_Motors: 28.452 V
[LIFT] V_Compute: 28.970 V
[LIFT] V_Motors: 28.451 V
[LIFT] V_Compute: 28.960 V
[LIFT] V_Motors: 28.447 V
[LIFT] V_Compute: 28.989 V
[LIFT] V_Motors: 28.459 V
[LIFT] V_Compute: 28.964 V
[LIFT] V_Motors: 28.455 V
[LIFT] V_Compute: 28.940 V
[LIFT] V_Motors: 28.455 V
[LIFT] V_Compute: 28.958 V
[LIFT] V_Motors: 28.447 V
[LIFT] V_Compute: 28.962 V
[LIFT] V_Motors: 28.474 V
[LIFT] V_Compute: 28.975 V
[LIFT] V_Motors: 28.442 V
[LIFT] V_Compute: 28.935 V
[LIFT] V_Motors: 28.439 V
[LIFT] V_Compute: 28.955 V
[LIFT] V_Motors: 28.460 V
[LIFT] V_Compute: 28.946 V
[LIFT] V_Motors: 28.445 V
[LIFT] V_Compute: 28.962 V
[LIFT] V_Motors: 28.454 V
[LIFT] V_Compute: 28.966 V
[LIFT] V_Motors: 28.455 V
[LIFT] V_Compute: 28.970 V
[LIFT] V_Motors: 28.465 V
[LIFT] V_Compute: 28.970 V
[LIFT] V_Motors: 28.464 V
[LIFT] V_Compute: 28.956 V
[LIFT] V_Motors: 28.458 V
[LIFT] V_Compute: 28.960 V
[LIFT] V_Motors: 28.460 V
[LIFT] V_Compute: 28.939 V
[LIFT] V_Motors: 28.449 V
[LIFT] V_Compute: 28.950 V
[LIFT] V_Motors: 28.458 V
[LIFT] V_Compute: 28.944 V
[LIFT] V_Motors: 28.439 V
[LIFT] V_Compute: 28.966 V
[LIFT] V_Motors: 28.455 V
[LIFT] V_Compute: 28.978 V
[LIFT] V_Motors: 28.456 V
[LIFT] V_Compute: 28.952 V
[LIFT] V_Motors: 28.462 V
[LIFT] V_Compute: 28.964 V
[LIFT] V_Motors: 28.455 V
[LIFT] V_Compute: 28.934 V
[LIFT] V_Motors: 28.427 V
[LIFT] V_Compute: 28.949 V
[LIFT] V_Motors: 28.447 V
[LIFT] V_Compute: 28.964 V
[LIFT] V_Motors: 28.456 V
[LIFT] V_Compute: 28.962 V
[LIFT] V_Motors: 28.458 V
[LIFT] V_Compute: 28.956 V
[LIFT] V_Motors: 28.458 V
[LIFT] V_Compute: 28.951 V
[LIFT] V_Motors: 28.447 V
[LIFT] V_Compute: 28.926 V
[LIFT] V_Motors: 28.461 V
[LIFT] V_Compute: 28.966 V
[LIFT] V_Motors: 28.445 V
[LIFT] V_Compute: 28.939 V
[LIFT] V_Motors: 28.445 V
[LIFT] V_Compute: 28.954 V
[LIFT] V_Motors: 28.466 V
[LIFT] V_Compute: 28.955 V
[LIFT] V_Motors: 28.437 V
[LIFT] V_Compute: 28.939 V
[LIFT] V_Motors: 28.446 V
[LIFT] V_Compute: 28.981 V
[LIFT] V_Motors: 28.455 V
[LIFT] V_Compute: 28.970 V
[LIFT] V_Motors: 28.451 V
[LIFT] V_Compute: 28.964 V
[LIFT] V_Motors: 28.455 V
[LIFT] V_Compute: 28.956 V
[LIFT] V_Motors: 28.442 V
[LIFT] V_Compute: 28.965 V
[LIFT] V_Motors: 28.444 V
[LIFT] V_Compute: 28.956 V
[LIFT] V_Motors: 28.462 V
[LIFT] V_Compute: 28.966 V
[LIFT] V_Motors: 28.459 V
[LIFT] V_Compute: 28.961 V
[LIFT] V_Motors: 28.465 V
[LIFT] V_Compute: 28.951 V
[LIFT] V_Motors: 28.465 V
[LIFT] V_Compute: 28.956 V
[LIFT] V_Motors: 28.454 V
[LIFT] V_Compute: 28.970 V
[LIFT] V_Motors: 28.468 V
[LIFT] V_Compute: 28.972 V
[LIFT] V_Motors: 28.465 V
[LIFT] V_Compute: 28.955 V
[LIFT] V_Motors: 28.466 V
[LIFT] V_Compute: 28.952 V
[LIFT] V_Motors: 28.456 V
[LIFT] V_Compute: 28.970 V
[LIFT] V_Motors: 28.462 V
[LIFT] V_Compute: 28.968 V
[LIFT] V_Motors: 28.446 V
[LIFT] V_Compute: 28.979 V
[LIFT] V_Motors: 28.460 V
[LIFT] V_Compute: 28.947 V
[LIFT] V_Motors: 28.461 V
[LIFT] V_Compute: 28.959 V
[LIFT] V_Motors: 28.459 V
[LIFT] V_Compute: 28.929 V
[LIFT] V_Motors: 28.451 V
[LIFT] V_Compute: 28.968 V
[LIFT] V_Motors: 28.452 V
[LIFT] V_Compute: 28.954 V
[LIFT] V_Motors: 28.454 V
[LIFT] V_Compute: 28.946 V
[LIFT] V_Motors: 28.466 V
[LIFT] V_Compute: 28.954 V
[LIFT] V_Motors: 28.462 V
[LIFT] V_Compute: 28.954 V
[LIFT] V_Motors: 28.469 V
[LIFT] V_Compute: 28.940 V
[LIFT] V_Motors: 28.452 V
[LIFT] V_Compute: 28.990 V
[LIFT] V_Motors: 28.446 V
[LIFT] V_Compute: 28.984 V
[LIFT] V_Motors: 28.462 V
[LIFT] V_Compute: 28.970 V
[LIFT] V_Motors: 28.446 V
[LIFT] V_Compute: 28.969 V
[LIFT] V_Motors: 28.449 V
[LIFT] V_Compute: 28.971 V
[LIFT] V_Motors: 28.450 V
[LIFT] V_Compute: 28.947 V
[LIFT] V_Motors: 28.452 V
[LIFT] V_Compute: 28.985 V
[LIFT] V_Motors: 28.455 V
[LIFT] V_Compute: 28.978 V
[LIFT] V_Motors: 28.456 V
[LIFT] V_Compute: 28.968 V
[LIFT] V_Motors: 28.445 V
[LIFT] V_Compute: 28.979 V
[LIFT] V_Motors: 28.460 V
[LIFT] V_Compute: 28.964 V
[LIFT] V_Motors: 28.469 V
[LIFT] V_Compute: 28.987 V
[LIFT] V_Motors: 28.455 V
[LIFT] V_Compute: 28.981 V
[LIFT] V_Motors: 28.456 V
[LIFT] V_Compute: 28.944 V
[LIFT] V_Motors: 28.461 V
[LIFT] V_Compute: 28.972 V
[LIFT] V_Motors: 28.454 V
[LIFT] V_Compute: 28.959 V
[LIFT] V_Motors: 28.460 V
[LIFT] V_Compute: 28.951 V
[LIFT] V_Motors: 28.462 V
[LIFT] V_Compute: 28.961 V
[LIFT] V_Motors: 28.464 V
[LIFT] V_Compute: 28.942 V
[LIFT] V_Motors: 28.454 V
[LIFT] V_Compute: 28.976 V
[LIFT] V_Motors: 28.456 V
[LIFT] V_Compute: 28.979 V
[LIFT] V_Motors: 28.454 V
[LIFT] V_Compute: 28.946 V
[LIFT] V_Motors: 28.454 V
[LIFT] V_Compute: 28.962 V
[LIFT] V_Motors: 28.459 V
[LIFT] V_Compute: 28.951 V
[LIFT] V_Motors: 28.458 V
[LIFT] V_Compute: 28.954 V
[LIFT] V_Motors: 28.455 V
[LIFT] V_Compute: 28.972 V
[LIFT] V_Motors: 28.456 V
[LIFT] V_Compute: 28.950 V
[LIFT] V_Motors: 28.460 V
[LIFT] V_Compute: 28.949 V
[LIFT] V_Motors: 28.466 V
[LIFT] V_Compute: 28.964 V
[LIFT] V_Motors: 28.465 V
[LIFT] V_Compute: 28.965 V
[LIFT] V_Motors: 28.459 V
[LIFT] V_Compute: 28.959 V
[LIFT] V_Motors: 28.455 V
[LIFT] V_Compute: 28.966 V
[LIFT] V_Motors: 28.460 V
[LIFT] V_Compute: 28.968 V
[LIFT] V_Motors: 28.466 V
[LIFT] V_Compute: 28.974 V
[LIFT] V_Motors: 28.460 V
[LIFT] V_Compute: 28.980 V
[LIFT] V_Motors: 28.454 V
[LIFT] V_Compute: 28.994 V
[LIFT] V_Motors: 28.455 V
[LIFT] V_Compute: 28.950 V
[LIFT] V_Motors: 28.460 V
[LIFT] V_Compute: 28.956 V
[LIFT] V_Motors: 28.452 V
[LIFT] V_Compute: 28.958 V
[LIFT] V_Motors: 28.459 V
[LIFT] V_Compute: 28.964 V
[LIFT] V_Motors: 28.458 V
[LIFT] V_Compute: 28.978 V
[LIFT] V_Motors: 28.464 V
[LIFT] V_Compute: 28.972 V
[LIFT] V_Motors: 28.464 V
[LIFT] V_Compute: 28.972 V
[LIFT] V_Motors: 28.460 V
[LIFT] V_Compute: 28.969 V
[LIFT] V_Motors: 28.460 V
[LIFT] V_Compute: 28.939 V
[LIFT] V_Motors: 28.444 V
[LIFT] V_Compute: 28.975 V
[LIFT] V_Motors: 28.458 V
[LIFT] V_Compute: 28.982 V
[LIFT] V_Motors: 28.462 V
[LIFT] V_Compute: 28.962 V
[LIFT] V_Motors: 28.468 V
[LIFT] V_Compute: 28.959 V
[LIFT] V_Motors: 28.450 V
[LIFT] V_Compute: 28.979 V
[LIFT] V_Motors: 28.447 V
[LIFT] V_Compute: 28.984 V
[LIFT] V_Motors: 28.460 V
[LIFT] V_Compute: 28.993 V
[LIFT] V_Motors: 28.451 V
[LIFT] V_Compute: 28.969 V
[LIFT] V_Motors: 28.456 V
[LIFT] V_Compute: 28.976 V
[LIFT] V_Motors: 28.466 V
[LIFT] V_Compute: 28.955 V
[LIFT] V_Motors: 28.464 V
[LIFT] V_Compute: 28.978 V
[LIFT] V_Motors: 28.464 V
[LIFT] V_Compute: 28.982 V
[LIFT] V_Motors: 28.460 V
[LIFT] V_Compute: 28.976 V
[LIFT] V_Motors: 28.462 V
[LIFT] V_Compute: 28.968 V
[LIFT] V_Motors: 28.460 V
[LIFT] V_Compute: 28.978 V
[LIFT] V_Motors: 28.459 V
[LIFT] V_Compute: 28.970 V
[LIFT] V_Motors: 28.461 V
[LIFT] V_Compute: 28.972 V
[LIFT] V_Motors: 28.456 V
[LIFT] V_Compute: 28.959 V
[LIFT] V_Motors: 28.455 V
[LIFT] V_Compute: 28.947 V
[LIFT] V_Motors: 28.456 V
[LIFT] V_Compute: 28.968 V
[LIFT] V_Motors: 28.466 V
[LIFT] V_Compute: 28.972 V
[LIFT] V_Motors: 28.471 V
[LIFT] V_Compute: 28.954 V
[LIFT] V_Motors: 28.460 V
[LIFT] V_Compute: 28.966 V
[LIFT] V_Motors: 28.464 V
[LIFT] V_Compute: 28.971 V
[LIFT] V_Motors: 28.464 V
[LIFT] V_Compute: 28.947 V
[LIFT] V_Motors: 28.436 V
[LIFT] V_Compute: 28.960 V
[LIFT] V_Motors: 28.461 V
[LIFT] V_Compute: 28.978 V
[LIFT] V_Motors: 28.456 V
[LIFT] V_Compute: 28.974 V
[LIFT] V_Motors: 28.440 V
[LIFT] V_Compute: 28.944 V
[LIFT] V_Motors: 28.465 V
[LIFT] V_Compute: 28.981 V
[LIFT] V_Motors: 28.464 V
[LIFT] V_Compute: 28.987 V
[LIFT] V_Motors: 28.466 V
[LIFT] V_Compute: 28.976 V
[LIFT] V_Motors: 28.460 V
[LIFT] V_Compute: 28.989 V
[LIFT] V_Motors: 28.460 V
[LIFT] V_Compute: 28.962 V
[LIFT] V_Motors: 28.454 V
[LIFT] V_Compute: 28.958 V
[LIFT] V_Motors: 28.458 V
[LIFT] V_Compute: 28.972 V
[LIFT] V_Motors: 28.458 V
[LIFT] V_Compute: 28.972 V
[LIFT] V_Motors: 28.466 V
[LIFT] V_Compute: 28.982 V
[LIFT] V_Motors: 28.449 V
[LIFT] V_Compute: 28.972 V
[LIFT] V_Motors: 28.455 V
[LIFT] V_Compute: 28.990 V
[LIFT] V_Motors: 28.478 V
[LIFT] V_Compute: 28.976 V
[LIFT] V_Motors: 28.493 V
[LIFT] V_Compute: 28.964 V
[LIFT] V_Motors: 28.451 V
[LIFT] V_Compute: 28.978 V
[LIFT] V_Motors: 28.470 V
[LIFT] V_Compute: 28.975 V
[LIFT] V_Motors: 28.471 V
[LIFT] V_Compute: 28.936 V
[LIFT] V_Motors: 28.472 V
[LIFT] V_Compute: 28.975 V
[LIFT] V_Motors: 28.469 V
[LIFT] V_Compute: 28.945 V
[LIFT] V_Motors: 28.456 V
[LIFT] V_Compute: 28.993 V
[LIFT] V_Motors: 28.461 V
[LIFT] V_Compute: 28.944 V
[LIFT] V_Motors: 28.460 V
[LIFT] V_Compute: 28.986 V
[LIFT] V_Motors: 28.469 V
[LIFT] V_Compute: 28.966 V
[LIFT] V_Motors: 28.462 V
[LIFT] V_Compute: 28.974 V
[LIFT] V_Motors: 28.455 V
[LIFT] V_Compute: 28.975 V
[LIFT] V_Motors: 28.449 V
[LIFT] V_Compute: 28.971 V
[LIFT] V_Motors: 28.449 V
[LIFT] V_Compute: 28.964 V
[LIFT] V_Motors: 28.472 V
[LIFT] V_Compute: 28.984 V
[LIFT] V_Motors: 28.458 V
[LIFT] V_Compute: 28.979 V
[LIFT] V_Motors: 28.471 V
[LIFT] V_Compute: 28.971 V
[LIFT] V_Motors: 28.462 V
[LIFT] V_Compute: 28.971 V
[LIFT] V_Motors: 28.474 V
[LIFT] V_Compute: 28.984 V
[LIFT] V_Motors: 28.464 V
[LIFT] V_Compute: 28.975 V
[LIFT] V_Motors: 28.465 V
[LIFT] V_Compute: 28.976 V
[LIFT] V_Motors: 28.465 V
[LIFT] V_Compute: 28.982 V
[LIFT] V_Motors: 28.459 V
[LIFT] V_Compute: 28.975 V
[LIFT] V_Motors: 28.458 V
[LIFT] V_Compute: 28.972 V
[LIFT] V_Motors: 28.452 V
[LIFT] V_Compute: 28.959 V
[LIFT] V_Motors: 28.451 V
[LIFT] V_Compute: 28.968 V
[LIFT] V_Motors: 28.462 V
[LIFT] V_Compute: 28.972 V
[LIFT] V_Motors: 28.458 V
[LIFT] V_Compute: 28.985 V
[LIFT] V_Motors: 28.441 V
[LIFT] V_Compute: 28.970 V
[LIFT] V_Motors: 28.452 V
[LIFT] V_Compute: 28.941 V
[LIFT] V_Motors: 28.469 V
[LIFT] V_Compute: 28.981 V
[LIFT] V_Motors: 28.458 V
[LIFT] V_Compute: 28.960 V
[LIFT] V_Motors: 28.464 V
[LIFT] V_Compute: 28.981 V
[LIFT] V_Motors: 28.464 V
[LIFT] V_Compute: 28.966 V
[LIFT] V_Motors: 28.461 V
[LIFT] V_Compute: 28.984 V
[LIFT] V_Motors: 28.470 V
[LIFT] V_Compute: 28.972 V
[LIFT] V_Motors: 28.461 V
[LIFT] V_Compute: 28.984 V
[LIFT] V_Motors: 28.455 V
[LIFT] V_Compute: 28.996 V
[LIFT] V_Motors: 28.446 V
[LIFT] V_Compute: 28.969 V
[LIFT] V_Motors: 28.466 V
[LIFT] V_Compute: 28.966 V
[LIFT] V_Motors: 28.454 V
[LIFT] V_Compute: 28.970 V
[LIFT] V_Motors: 28.476 V
[LIFT] V_Compute: 28.986 V
[LIFT] V_Motors: 28.470 V
[LIFT] V_Compute: 28.958 V
[LIFT] V_Motors: 28.471 V
[LIFT] V_Compute: 28.993 V
[LIFT] V_Motors: 28.458 V
[LIFT] V_Compute: 28.966 V
[LIFT] V_Motors: 28.461 V
[LIFT] V_Compute: 28.974 V
[LIFT] V_Motors: 28.468 V
[LIFT] V_Compute: 28.975 V
[LIFT] V_Motors: 28.464 V
[LIFT] V_Compute: 28.969 V
[LIFT] V_Motors: 28.464 V
[LIFT] V_Compute: 28.969 V
[LIFT] V_Motors: 28.472 V
[LIFT] V_Compute: 28.964 V
[LIFT] V_Motors: 28.459 V
[LIFT] V_Compute: 28.968 V
[LIFT] V_Motors: 28.452 V
[LIFT] V_Compute: 28.978 V
[LIFT] V_Motors: 28.470 V
[LIFT] V_Compute: 28.961 V
[LIFT] V_Motors: 28.459 V
[LIFT] V_Compute: 28.965 V
[LIFT] V_Motors: 28.461 V
[LIFT] V_Compute: 28.952 V
[LIFT] V_Motors: 28.449 V
[LIFT] V_Compute: 28.976 V
[LIFT] V_Motors: 28.466 V
[LIFT] V_Compute: 28.972 V
[LIFT] V_Motors: 28.456 V
[LIFT] V_Compute: 28.987 V
[LIFT] V_Motors: 28.455 V
[LIFT] V_Compute: 28.959 V
[LIFT] V_Motors: 28.461 V
[LIFT] V_Compute: 28.955 V
[LIFT] V_Motors: 28.446 V
[LIFT] V_Compute: 28.971 V
[LIFT] V_Motors: 28.455 V
[LIFT] V_Compute: 28.968 V
[LIFT] V_Motors: 28.455 V
[LIFT] V_Compute: 28.968 V
[LIFT] V_Motors: 28.471 V
[LIFT] V_Compute: 28.982 V
[LIFT] V_Motors: 28.460 V
[LIFT] V_Compute: 28.942 V
[LIFT] V_Motors: 28.454 V
[LIFT] V_Compute: 28.994 V
[LIFT] V_Motors: 28.464 V
[LIFT] V_Compute: 28.978 V
[LIFT] V_Motors: 28.462 V
[LIFT] V_Compute: 28.981 V
[LIFT] V_Motors: 28.469 V
[LIFT] V_Compute: 28.985 V
[LIFT] V_Motors: 28.465 V
[LIFT] V_Compute: 28.987 V
[LIFT] V_Motors: 28.452 V
[LIFT] V_Compute: 28.959 V
[LIFT] V_Motors: 28.464 V
[LIFT] V_Compute: 28.979 V
[LIFT] V_Motors: 28.452 V
[LIFT] V_Compute: 28.969 V
[LIFT] V_Motors: 28.466 V
[LIFT] V_Compute: 28.962 V
[LIFT] V_Motors: 28.464 V
[LIFT] V_Compute: 28.985 V
[LIFT] V_Motors: 28.466 V
[LIFT] V_Compute: 28.961 V
[LIFT] V_Motors: 28.481 V
[LIFT] V_Compute: 28.984 V
[LIFT] V_Motors: 28.468 V
[LIFT] V_Compute: 28.982 V
[LIFT] V_Motors: 28.471 V
[LIFT] V_Compute: 28.976 V
[LIFT] V_Motors: 28.455 V
[LIFT] V_Compute: 28.974 V
[LIFT] V_Motors: 28.461 V
[LIFT] V_Compute: 28.981 V
[LIFT] V_Motors: 28.462 V
[LIFT] V_Compute: 29.001 V
[LIFT] V_Motors: 28.470 V
[LIFT] V_Compute: 28.962 V
[LIFT] V_Motors: 28.468 V
[LIFT] V_Compute: 28.994 V
[LIFT] V_Motors: 28.469 V
[LIFT] V_Compute: 28.989 V
[LIFT] V_Motors: 28.474 V
[LIFT] V_Compute: 28.966 V
[LIFT] V_Motors: 28.466 V
[LIFT] V_Compute: 28.979 V
[LIFT] V_Motors: 28.454 V
[LIFT] V_Compute: 28.982 V
[LIFT] V_Motors: 28.478 V
[LIFT] V_Compute: 28.966 V
[LIFT] V_Motors: 28.462 V
[LIFT] V_Compute: 28.960 V
[LIFT] V_Motors: 28.459 V
[LIFT] V_Compute: 28.986 V
[LIFT] V_Motors: 28.450 V
[LIFT] V_Compute: 28.972 V
[LIFT] V_Motors: 28.476 V
[LIFT] V_Compute: 28.971 V
[LIFT] V_Motors: 28.472 V
[LIFT] V_Compute: 28.975 V
[LIFT] V_Motors: 28.440 V
[LIFT] V_Compute: 28.982 V
[LIFT] V_Motors: 28.452 V
[LIFT] V_Compute: 28.969 V
[LIFT] V_Motors: 28.474 V
[LIFT] V_Compute: 29.000 V
[LIFT] V_Motors: 28.489 V
[LIFT] V_Compute: 28.987 V
[LIFT] V_Motors: 28.474 V
[LIFT] V_Compute: 28.968 V
[LIFT] V_Motors: 28.468 V
[LIFT] V_Compute: 28.994 V
[LIFT] V_Motors: 28.472 V
[LIFT] V_Compute: 28.962 V
[LIFT] V_Motors: 28.472 V
[LIFT] V_Compute: 28.974 V
[LIFT] V_Motors: 28.475 V
[LIFT] V_Compute: 28.995 V
[LIFT] V_Motors: 28.474 V
[LIFT] V_Compute: 28.984 V
[LIFT] V_Motors: 28.466 V
[LIFT] V_Compute: 28.979 V
[LIFT] V_Motors: 28.476 V
[LIFT] V_Compute: 28.991 V
[LIFT] V_Motors: 28.479 V
[LIFT] V_Compute: 28.984 V
[LIFT] V_Motors: 28.474 V
[LIFT] V_Compute: 28.986 V
[LIFT] V_Motors: 28.471 V
[LIFT] V_Compute: 28.994 V
[LIFT] V_Motors: 28.475 V
[LIFT] V_Compute: 28.979 V
[LIFT] V_Motors: 28.462 V
[LIFT] V_Compute: 28.979 V
[LIFT] V_Motors: 28.474 V
[LIFT] V_Compute: 28.997 V
[LIFT] V_Motors: 28.478 V
[LIFT] V_Compute: 28.989 V
[LIFT] V_Motors: 28.472 V
[LIFT] V_Compute: 28.991 V
[LIFT] V_Motors: 28.482 V
[LIFT] V_Compute: 28.981 V
[LIFT] V_Motors: 28.466 V
[LIFT] V_Compute: 28.981 V
[LIFT] V_Motors: 28.469 V
[LIFT] V_Compute: 28.984 V
[LIFT] V_Motors: 28.462 V
[LIFT] V_Compute: 28.970 V
[LIFT] V_Motors: 28.459 V
[LIFT] V_Compute: 28.982 V
[LIFT] V_Motors: 28.456 V
[LIFT] V_Compute: 28.984 V
[LIFT] V_Motors: 28.468 V
[LIFT] V_Compute: 28.972 V
[LIFT] V_Motors: 28.461 V
[LIFT] V_Compute: 28.968 V
[LIFT] V_Motors: 28.465 V
[LIFT] V_Compute: 28.997 V
[LIFT] V_Motors: 28.475 V
[LIFT] V_Compute: 28.975 V
[LIFT] V_Motors: 28.485 V
[LIFT] V_Compute: 28.974 V
[LIFT] V_Motors: 28.468 V
[LIFT] V_Compute: 28.975 V
[LIFT] V_Motors: 28.478 V
[LIFT] V_Compute: 28.987 V
[LIFT] V_Motors: 28.474 V
[LIFT] V_Compute: 28.968 V
[LIFT] V_Motors: 28.479 V
[LIFT] V_Compute: 28.964 V
[LIFT] V_Motors: 28.455 V
[LIFT] V_Compute: 28.986 V
[LIFT] V_Motors: 28.481 V
[LIFT] V_Compute: 28.974 V
[LIFT] V_Motors: 28.471 V
[LIFT] V_Compute: 28.974 V
[LIFT] V_Motors: 28.460 V
[LIFT] V_Compute: 28.987 V
[LIFT] V_Motors: 28.465 V
[LIFT] V_Compute: 28.982 V
[LIFT] V_Motors: 28.474 V
[LIFT] V_Compute: 29.016 V
[LIFT] V_Motors: 28.466 V
[LIFT] V_Compute: 28.999 V
[LIFT] V_Motors: 28.474 V
[LIFT] V_Compute: 28.987 V
[LIFT] V_Motors: 28.472 V
[LIFT] V_Compute: 28.978 V
[LIFT] V_Motors: 28.476 V
[LIFT] V_Compute: 28.968 V
[LIFT] V_Motors: 28.469 V
[LIFT] V_Compute: 28.981 V
[LIFT] V_Motors: 28.472 V
[LIFT] V_Compute: 28.961 V
[LIFT] V_Motors: 28.447 V
[LIFT] V_Compute: 28.981 V
[LIFT] V_Motors: 28.469 V
[LIFT] V_Compute: 28.976 V
[LIFT] V_Motors: 28.476 V
[LIFT] V_Compute: 28.964 V
[LIFT] V_Motors: 28.469 V
[LIFT] V_Compute: 29.003 V
[LIFT] V_Motors: 28.469 V
[LIFT] V_Compute: 28.958 V
[LIFT] V_Motors: 28.445 V
[LIFT] V_Compute: 28.987 V
[LIFT] V_Motors: 28.485 V
[LIFT] V_Compute: 28.987 V
[LIFT] V_Motors: 28.468 V
[LIFT] V_Compute: 28.986 V
[LIFT] V_Motors: 28.462 V
[LIFT] V_Compute: 28.995 V
[LIFT] V_Motors: 28.471 V
[LIFT] V_Compute: 28.981 V
[LIFT] V_Motors: 28.462 V
[LIFT] V_Compute: 28.996 V
[LIFT] V_Motors: 28.465 V
[LIFT] V_Compute: 28.972 V
[LIFT] V_Motors: 28.472 V
[LIFT] V_Compute: 28.993 V
[LIFT] V_Motors: 28.482 V
[LIFT] V_Compute: 28.981 V
[LIFT] V_Motors: 28.478 V
[LIFT] V_Compute: 28.985 V
[LIFT] V_Motors: 28.466 V
[LIFT] V_Compute: 28.995 V
[LIFT] V_Motors: 28.472 V
[LIFT] V_Compute: 28.974 V
[LIFT] V_Motors: 28.475 V
[LIFT] V_Compute: 28.959 V
[LIFT] V_Motors: 28.452 V
[LIFT] V_Compute: 28.997 V
[LIFT] V_Motors: 28.451 V
[LIFT] V_Compute: 28.980 V
[LIFT] V_Motors: 28.487 V
[LIFT] V_Compute: 28.987 V
[LIFT] V_Motors: 28.471 V
[LIFT] V_Compute: 28.984 V
[LIFT] V_Motors: 28.478 V
[LIFT] V_Compute: 28.961 V
[LIFT] V_Motors: 28.475 V
[LIFT] V_Compute: 28.974 V
[LIFT] V_Motors: 28.466 V
[LIFT] V_Compute: 28.962 V
[LIFT] V_Motors: 28.471 V
[LIFT] V_Compute: 28.993 V
[LIFT] V_Motors: 28.486 V
[LIFT] V_Compute: 28.974 V
[LIFT] V_Motors: 28.482 V
[LIFT] V_Compute: 28.990 V
[LIFT] V_Motors: 28.470 V
[LIFT] V_Compute: 28.974 V
[LIFT] V_Motors: 28.475 V
[LIFT] V_Compute: 28.980 V
[LIFT] V_Motors: 28.468 V
[LIFT] V_Compute: 28.984 V
[LIFT] V_Motors: 28.479 V
[LIFT] V_Compute: 28.978 V
[LIFT] V_Motors: 28.481 V
[LIFT] V_Compute: 28.985 V
[LIFT] V_Motors: 28.471 V
[LIFT] V_Compute: 28.969 V
[LIFT] V_Motors: 28.470 V
[LIFT] V_Compute: 28.976 V
[LIFT] V_Motors: 28.475 V
[LIFT] V_Compute: 28.996 V
[LIFT] V_Motors: 28.476 V
[LIFT] V_Compute: 28.993 V
[LIFT] V_Motors: 28.468 V
[LIFT] V_Compute: 28.966 V
[LIFT] V_Motors: 28.465 V
[LIFT] V_Compute: 29.003 V
[LIFT] V_Motors: 28.482 V
[LIFT] V_Compute: 28.999 V
[LIFT] V_Motors: 28.475 V
[LIFT] V_Compute: 28.981 V
[LIFT] V_Motors: 28.479 V
[LIFT] V_Compute: 28.980 V
[LIFT] V_Motors: 28.471 V
[LIFT] V_Compute: 28.976 V
[LIFT] V_Motors: 28.470 V
[LIFT] V_Compute: 28.981 V
[LIFT] V_Motors: 28.470 V
[LIFT] V_Compute: 28.982 V
[LIFT] V_Motors: 28.460 V
[LIFT] V_Compute: 28.994 V
[LIFT] V_Motors: 28.470 V
[LIFT] V_Compute: 28.996 V
[LIFT] V_Motors: 28.476 V
[LIFT] V_Compute: 28.985 V
[LIFT] V_Motors: 28.479 V
[LIFT] V_Compute: 28.962 V
[LIFT] V_Motors: 28.466 V
[LIFT] V_Compute: 28.975 V
[LIFT] V_Motors: 28.487 V
[LIFT] V_Compute: 28.974 V
[LIFT] V_Motors: 28.472 V
[LIFT] V_Compute: 29.007 V
[LIFT] V_Motors: 28.479 V
[LIFT] V_Compute: 28.989 V
[LIFT] V_Motors: 28.462 V
[LIFT] V_Compute: 28.993 V
[LIFT] V_Motors: 28.468 V
[LIFT] V_Compute: 28.993 V
[LIFT] V_Motors: 28.465 V
[LIFT] V_Compute: 28.954 V
[LIFT] V_Motors: 28.486 V
[LIFT] V_Compute: 28.970 V
[LIFT] V_Motors: 28.478 V
[LIFT] V_Compute: 29.013 V
[LIFT] V_Motors: 28.470 V
[LIFT] V_Compute: 28.997 V
[LIFT] V_Motors: 28.472 V
[LIFT] V_Compute: 29.004 V
[LIFT] V_Motors: 28.482 V
[LIFT] V_Compute: 28.986 V
[LIFT] V_Motors: 28.460 V
[LIFT] V_Compute: 28.980 V
[LIFT] V_Motors: 28.466 V
[LIFT] V_Compute: 28.964 V
[LIFT] V_Motors: 28.476 V
[LIFT] V_Compute: 29.005 V
[LIFT] V_Motors: 28.474 V
[LIFT] V_Compute: 28.976 V
[LIFT] V_Motors: 28.479 V
[LIFT] V_Compute: 28.993 V
[LIFT] V_Motors: 28.456 V
[LIFT] V_Compute: 28.975 V
[LIFT] V_Motors: 28.452 V
[LIFT] V_Compute: 28.994 V
[LIFT] V_Motors: 28.494 V
[LIFT] V_Compute: 28.990 V
[LIFT] V_Motors: 28.460 V
[LIFT] V_Compute: 28.956 V
[LIFT] V_Motors: 28.451 V
[LIFT] V_Compute: 28.989 V
[LIFT] V_Motors: 28.464 V
[LIFT] V_Compute: 28.979 V
[LIFT] V_Motors: 28.475 V
[LIFT] V_Compute: 28.976 V
[LIFT] V_Motors: 28.468 V
[LIFT] V_Compute: 28.981 V
[LIFT] V_Motors: 28.465 V
[LIFT] V_Compute: 29.000 V
[LIFT] V_Motors: 28.478 V
[LIFT] V_Compute: 28.985 V
[LIFT] V_Motors: 28.468 V
[LIFT] V_Compute: 29.010 V
[LIFT] V_Motors: 28.478 V
[LIFT] V_Compute: 28.991 V
[LIFT] V_Motors: 28.474 V
[LIFT] V_Compute: 29.011 V
[LIFT] V_Motors: 28.485 V
[LIFT] V_Compute: 28.997 V
[LIFT] V_Motors: 28.472 V
[LIFT] V_Compute: 28.972 V
[LIFT] V_Motors: 28.465 V
[LIFT] V_Compute: 29.004 V
[LIFT] V_Motors: 28.470 V
[LIFT] V_Compute: 28.964 V
[LIFT] V_Motors: 28.462 V
[LIFT] V_Compute: 28.986 V
[LIFT] V_Motors: 28.468 V
[LIFT] V_Compute: 28.971 V
[LIFT] V_Motors: 28.474 V
[LIFT] V_Compute: 28.981 V
[LIFT] V_Motors: 28.469 V
[LIFT] V_Compute: 28.972 V
[LIFT] V_Motors: 28.478 V
[LIFT] V_Compute: 28.990 V
[LIFT] V_Motors: 28.489 V
[LIFT] V_Compute: 28.987 V
[LIFT] V_Motors: 28.480 V
[LIFT] V_Compute: 28.966 V
[LIFT] V_Motors: 28.466 V
[LIFT] V_Compute: 29.020 V
[LIFT] V_Motors: 28.450 V
[LIFT] V_Compute: 29.015 V
[LIFT] V_Motors: 28.496 V
[LIFT] V_Compute: 28.990 V
[LIFT] V_Motors: 28.489 V
[LIFT] V_Compute: 28.987 V
[LIFT] V_Motors: 28.475 V
[LIFT] V_Compute: 29.003 V
[LIFT] V_Motors: 28.470 V
[LIFT] V_Compute: 28.994 V
[LIFT] V_Motors: 28.481 V
[LIFT] V_Compute: 28.978 V
[LIFT] V_Motors: 28.480 V
[LIFT] V_Compute: 28.982 V
[LIFT] V_Motors: 28.470 V
[LIFT] V_Compute: 29.005 V
[LIFT] V_Motors: 28.478 V
[LIFT] V_Compute: 28.997 V
[LIFT] V_Motors: 28.478 V
[LIFT] V_Compute: 28.985 V
[LIFT] V_Motors: 28.471 V
[LIFT] V_Compute: 28.982 V
[LIFT] V_Motors: 28.476 V
[LIFT] V_Compute: 28.982 V
[LIFT] V_Motors: 28.478 V
[LIFT] V_Compute: 28.975 V
[LIFT] V_Motors: 28.478 V
[LIFT] V_Compute: 28.984 V
[LIFT] V_Motors: 28.475 V
[LIFT] V_Compute: 28.997 V
[LIFT] V_Motors: 28.489 V
[LIFT] V_Compute: 28.993 V
[LIFT] V_Motors: 28.481 V
[LIFT] V_Compute: 29.001 V
[LIFT] V_Motors: 28.472 V
[LIFT] V_Compute: 29.003 V
[LIFT] V_Motors: 28.474 V
[LIFT] V_Compute: 28.987 V
[LIFT] V_Motors: 28.479 V
[LIFT] V_Compute: 28.989 V
[LIFT] V_Motors: 28.469 V
[LIFT] V_Compute: 28.970 V
[LIFT] V_Motors: 28.485 V
[LIFT] V_Compute: 28.990 V
[LIFT] V_Motors: 28.469 V
[LIFT] V_Compute: 28.986 V
[LIFT] V_Motors: 28.479 V
[LIFT] V_Compute: 28.995 V
[LIFT] V_Motors: 28.460 V
[LIFT] V_Compute: 28.991 V
[LIFT] V_Motors: 28.468 V
[LIFT] V_Compute: 28.993 V
[LIFT] V_Motors: 28.485 V
[LIFT] V_Compute: 28.985 V
[LIFT] V_Motors: 28.474 V
[LIFT] V_Compute: 28.989 V
[LIFT] V_Motors: 28.485 V
[LIFT] V_Compute: 29.009 V
[LIFT] V_Motors: 28.491 V
[LIFT] V_Compute: 29.001 V
[LIFT] V_Motors: 28.464 V
[LIFT] V_Compute: 28.970 V
[LIFT] V_Motors: 28.482 V
[LIFT] V_Compute: 28.961 V
[LIFT] V_Motors: 28.470 V
[LIFT] V_Compute: 28.984 V
[LIFT] V_Motors: 28.491 V
[LIFT] V_Compute: 28.982 V
[LIFT] V_Motors: 28.452 V
[LIFT] V_Compute: 28.996 V
[LIFT] V_Motors: 28.478 V
[LIFT] V_Compute: 29.014 V
[LIFT] V_Motors: 28.478 V
[LIFT] V_Compute: 29.000 V
[LIFT] V_Motors: 28.476 V
[LIFT] V_Compute: 28.993 V
[LIFT] V_Motors: 28.480 V
[LIFT] V_Compute: 29.004 V
[LIFT] V_Motors: 28.475 V
[LIFT] V_Compute: 29.024 V
[LIFT] V_Motors: 28.470 V
[LIFT] V_Compute: 29.003 V
[LIFT] V_Motors: 28.476 V
[LIFT] V_Compute: 28.995 V
[LIFT] V_Motors: 28.479 V
[LIFT] V_Compute: 28.997 V
[LIFT] V_Motors: 28.470 V
[LIFT] V_Compute: 29.001 V
[LIFT] V_Motors: 28.474 V
[LIFT] V_Compute: 28.993 V
[LIFT] V_Motors: 28.478 V
[LIFT] V_Compute: 28.991 V
[LIFT] V_Motors: 28.479 V
[LIFT] V_Compute: 29.006 V
[LIFT] V_Motors: 28.474 V
[LIFT] V_Compute: 29.000 V
[LIFT] V_Motors: 28.479 V
[LIFT] V_Compute: 28.985 V
[LIFT] V_Motors: 28.480 V
[LIFT] V_Compute: 28.990 V
[LIFT] V_Motors: 28.484 V
[LIFT] V_Compute: 29.003 V
[LIFT] V_Motors: 28.482 V
[LIFT] V_Compute: 28.990 V
[LIFT] V_Motors: 28.471 V
[LIFT] V_Compute: 29.001 V
[LIFT] V_Motors: 28.478 V
[LIFT] V_Compute: 28.989 V
[LIFT] V_Motors: 28.479 V
[LIFT] V_Compute: 28.995 V
[LIFT] V_Motors: 28.474 V
[LIFT] V_Compute: 29.020 V
[LIFT] V_Motors: 28.476 V
[LIFT] V_Compute: 29.004 V
[LIFT] V_Motors: 28.485 V
[LIFT] V_Compute: 28.993 V
[LIFT] V_Motors: 28.480 V
[LIFT] V_Compute: 29.011 V
[LIFT] V_Motors: 28.475 V
[LIFT] V_Compute: 28.993 V
[LIFT] V_Motors: 28.468 V
[LIFT] V_Compute: 29.010 V
[LIFT] V_Motors: 28.485 V
[LIFT] V_Compute: 28.994 V
[LIFT] V_Motors: 28.471 V
[LIFT] V_Compute: 28.990 V
[LIFT] V_Motors: 28.476 V
[LIFT] V_Compute: 28.996 V
[LIFT] V_Motors: 28.472 V
[LIFT] V_Compute: 29.011 V
[LIFT] V_Motors: 28.481 V
[LIFT] V_Compute: 29.005 V
[LIFT] V_Motors: 28.481 V
[LIFT] V_Compute: 29.004 V
[LIFT] V_Motors: 28.484 V
[LIFT] V_Compute: 29.005 V
[LIFT] V_Motors: 28.475 V
[LIFT] V_Compute: 28.995 V
[LIFT] V_Motors: 28.464 V
[LIFT] V_Compute: 28.989 V
[LIFT] V_Motors: 28.475 V
[LIFT] V_Compute: 29.016 V
[LIFT] V_Motors: 28.480 V
[LIFT] V_Compute: 28.993 V
[LIFT] V_Motors: 28.482 V
[LIFT] V_Compute: 29.011 V
[LIFT] V_Motors: 28.493 V
[LIFT] V_Compute: 28.997 V
[LIFT] V_Motors: 28.476 V
[LIFT] V_Compute: 29.005 V
[LIFT] V_Motors: 28.476 V
[LIFT] V_Compute: 28.982 V
[LIFT] V_Motors: 28.484 V
[LIFT] V_Compute: 28.980 V
[LIFT] V_Motors: 28.474 V
[LIFT] V_Compute: 29.016 V
[LIFT] V_Motors: 28.470 V
[LIFT] V_Compute: 28.969 V
[LIFT] V_Motors: 28.470 V
[LIFT] V_Compute: 28.984 V
[LIFT] V_Motors: 28.466 V
[LIFT] V_Compute: 28.990 V
[LIFT] V_Motors: 28.480 V
[LIFT] V_Compute: 28.987 V
[LIFT] V_Motors: 28.458 V
[LIFT] V_Compute: 29.001 V
[LIFT] V_Motors: 28.471 V
[LIFT] V_Compute: 29.009 V
[LIFT] V_Motors: 28.489 V
[LIFT] V_Compute: 28.976 V
[LIFT] V_Motors: 28.466 V
[LIFT] V_Compute: 28.987 V
[LIFT] V_Motors: 28.469 V
[LIFT] V_Compute: 28.982 V
[LIFT] V_Motors: 28.480 V
[LIFT] V_Compute: 28.984 V
[LIFT] V_Motors: 28.474 V
[LIFT] V_Compute: 28.991 V
[LIFT] V_Motors: 28.472 V
[LIFT] V_Compute: 28.991 V
[LIFT] V_Motors: 28.465 V
[LIFT] V_Compute: 29.020 V
[LIFT] V_Motors: 28.474 V
[LIFT] V_Compute: 28.999 V
[LIFT] V_Motors: 28.479 V
[LIFT] V_Compute: 28.990 V
[LIFT] V_Motors: 28.482 V
[LIFT] V_Compute: 28.987 V
[LIFT] V_Motors: 28.486 V
[LIFT] V_Compute: 28.975 V
[LIFT] V_Motors: 28.490 V
[LIFT] V_Compute: 28.984 V
[LIFT] V_Motors: 28.470 V
[LIFT] V_Compute: 29.010 V
[LIFT] V_Motors: 28.480 V
[LIFT] V_Compute: 29.011 V
[LIFT] V_Motors: 28.465 V
[LIFT] V_Compute: 29.004 V
[LIFT] V_Motors: 28.486 V
[LIFT] V_Compute: 28.994 V
[LIFT] V_Motors: 28.481 V
[LIFT] V_Compute: 29.001 V
[LIFT] V_Motors: 28.474 V
[LIFT] V_Compute: 28.979 V
[LIFT] V_Motors: 28.449 V
[LIFT] V_Compute: 29.001 V
[LIFT] V_Motors: 28.486 V
[LIFT] V_Compute: 28.995 V
[LIFT] V_Motors: 28.460 V
[LIFT] V_Compute: 28.984 V
[LIFT] V_Motors: 28.471 V
[LIFT] V_Compute: 29.010 V
[LIFT] V_Motors: 28.459 V
[LIFT] V_Compute: 28.969 V
[LIFT] V_Motors: 28.491 V
[LIFT] V_Compute: 28.996 V
[LIFT] V_Motors: 28.484 V
[LIFT] V_Compute: 29.010 V
[LIFT] V_Motors: 28.475 V
[LIFT] V_Compute: 28.980 V
[LIFT] V_Motors: 28.439 V
[LIFT] V_Compute: 29.013 V
[LIFT] V_Motors: 28.482 V
[LIFT] V_Compute: 29.025 V
[LIFT] V_Motors: 28.478 V
[LIFT] V_Compute: 29.004 V
[LIFT] V_Motors: 28.475 V
[LIFT] V_Compute: 29.005 V
[LIFT] V_Motors: 28.487 V
[LIFT] V_Compute: 28.964 V
[LIFT] V_Motors: 28.451 V
[LIFT] V_Compute: 28.994 V
[LIFT] V_Motors: 28.482 V
[LIFT] V_Compute: 28.976 V
[LIFT] V_Motors: 28.466 V
[LIFT] V_Compute: 29.013 V
[LIFT] V_Motors: 28.472 V
[LIFT] V_Compute: 29.001 V
[LIFT] V_Motors: 28.476 V
[LIFT] V_Compute: 28.999 V
[LIFT] V_Motors: 28.462 V
[LIFT] V_Compute: 28.996 V
[LIFT] V_Motors: 28.476 V
[LIFT] V_Compute: 29.021 V
[LIFT] V_Motors: 28.470 V
[LIFT] V_Compute: 29.003 V
[LIFT] V_Motors: 28.472 V
[LIFT] V_Compute: 28.991 V
[LIFT] V_Motors: 28.484 V
[LIFT] V_Compute: 29.011 V
[LIFT] V_Motors: 28.479 V
[LIFT] V_Compute: 29.032 V
[LIFT] V_Motors: 28.487 V
[LIFT] V_Compute: 29.010 V
[LIFT] V_Motors: 28.486 V
[LIFT] V_Compute: 28.994 V
[LIFT] V_Motors: 28.480 V
[LIFT] V_Compute: 29.005 V
[LIFT] V_Motors: 28.493 V
[LIFT] V_Compute: 29.006 V
[LIFT] V_Motors: 28.490 V
[LIFT] V_Compute: 29.014 V
[LIFT] V_Motors: 28.485 V
[LIFT] V_Compute: 29.000 V
[LIFT] V_Motors: 28.481 V
[LIFT] V_Compute: 29.014 V
[LIFT] V_Motors: 28.485 V
[LIFT] V_Compute: 29.004 V
[LIFT] V_Motors: 28.490 V
[LIFT] V_Compute: 29.006 V
[LIFT] V_Motors: 28.485 V
[LIFT] V_Compute: 29.014 V
[LIFT] V_Motors: 28.476 V
[LIFT] V_Compute: 28.999 V
[LIFT] V_Motors: 28.479 V
[LIFT] V_Compute: 29.013 V
[LIFT] V_Motors: 28.475 V
[LIFT] V_Compute: 29.001 V
[LIFT] V_Motors: 28.484 V
[LIFT] V_Compute: 29.014 V
[LIFT] V_Motors: 28.479 V
[LIFT] V_Compute: 29.017 V
[LIFT] V_Motors: 28.478 V
[LIFT] V_Compute: 29.006 V
[LIFT] V_Motors: 28.478 V
[LIFT] V_Compute: 28.987 V
[LIFT] V_Motors: 28.476 V
[LIFT] V_Compute: 29.007 V
[LIFT] V_Motors: 28.487 V
[LIFT] V_Compute: 28.985 V
[LIFT] V_Motors: 28.479 V
[LIFT] V_Compute: 29.007 V
[LIFT] V_Motors: 28.479 V
[LIFT] V_Compute: 28.999 V
[LIFT] V_Motors: 28.481 V
[LIFT] V_Compute: 29.004 V
[LIFT] V_Motors: 28.474 V
[LIFT] V_Compute: 29.010 V
[LIFT] V_Motors: 28.474 V
[LIFT] V_Compute: 29.003 V
[LIFT] V_Motors: 28.475 V
[LIFT] V_Compute: 29.000 V
[LIFT] V_Motors: 28.489 V
[LIFT] V_Compute: 28.989 V
[LIFT] V_Motors: 28.468 V
[LIFT] V_Compute: 28.981 V
[LIFT] V_Motors: 28.465 V
[LIFT] V_Compute: 28.997 V
[LIFT] V_Motors: 28.476 V
[LIFT] V_Compute: 28.996 V
[LIFT] V_Motors: 28.475 V
[LIFT] V_Compute: 28.993 V
[LIFT] V_Motors: 28.484 V
[LIFT] V_Compute: 29.010 V
[LIFT] V_Motors: 28.472 V
[LIFT] V_Compute: 29.014 V
[LIFT] V_Motors: 28.487 V
[LIFT] V_Compute: 29.010 V
[LIFT] V_Motors: 28.476 V
[LIFT] V_Compute: 29.007 V
[LIFT] V_Motors: 28.484 V
[LIFT] V_Compute: 28.994 V
[LIFT] V_Motors: 28.472 V
[LIFT] V_Compute: 29.011 V
[LIFT] V_Motors: 28.478 V
[LIFT] V_Compute: 29.001 V
[LIFT] V_Motors: 28.489 V
[LIFT] V_Compute: 28.986 V
[LIFT] V_Motors: 28.474 V
[LIFT] V_Compute: 28.985 V
[LIFT] V_Motors: 28.487 V
[LIFT] V_Compute: 28.984 V
[LIFT] V_Motors: 28.485 V
[LIFT] V_Compute: 29.014 V
[LIFT] V_Motors: 28.487 V
[LIFT] V_Compute: 29.004 V
[LIFT] V_Motors: 28.466 V
[LIFT] V_Compute: 28.982 V
[LIFT] V_Motors: 28.482 V
[LIFT] V_Compute: 29.042 V
[LIFT] V_Motors: 28.490 V
[LIFT] V_Compute: 28.999 V
[LIFT] V_Motors: 28.486 V
[LIFT] V_Compute: 29.013 V
[LIFT] V_Motors: 28.495 V
[LIFT] V_Compute: 29.006 V
[LIFT] V_Motors: 28.481 V
[LIFT] V_Compute: 29.011 V
[LIFT] V_Motors: 28.479 V
[LIFT] V_Compute: 29.003 V
[LIFT] V_Motors: 28.460 V
[LIFT] V_Compute: 29.001 V
[LIFT] V_Motors: 28.482 V
[LIFT] V_Compute: 29.007 V
[LIFT] V_Motors: 28.472 V
[LIFT] V_Compute: 28.994 V
[LIFT] V_Motors: 28.476 V
[LIFT] V_Compute: 28.980 V
[LIFT] V_Motors: 28.472 V
[LIFT] V_Compute: 29.000 V
[LIFT] V_Motors: 28.461 V
[LIFT] V_Compute: 29.005 V
[LIFT] V_Motors: 28.455 V
[LIFT] V_Compute: 28.995 V
[LIFT] V_Motors: 28.469 V
[LIFT] V_Compute: 29.010 V
[LIFT] V_Motors: 28.489 V
[LIFT] V_Compute: 28.993 V
[LIFT] V_Motors: 28.474 V
[LIFT] V_Compute: 28.996 V
[LIFT] V_Motors: 28.466 V
[LIFT] V_Compute: 29.020 V
[LIFT] V_Motors: 28.478 V
[LIFT] V_Compute: 29.021 V
[LIFT] V_Motors: 28.493 V
[LIFT] V_Compute: 29.009 V
[LIFT] V_Motors: 28.486 V
[LIFT] V_Compute: 28.996 V
[LIFT] V_Motors: 28.485 V
[LIFT] V_Compute: 28.995 V
[LIFT] V_Motors: 28.486 V
[LIFT] V_Compute: 28.996 V
[LIFT] V_Motors: 28.486 V
[LIFT] V_Compute: 28.980 V
[LIFT] V_Motors: 28.494 V
[LIFT] V_Compute: 29.009 V
[LIFT] V_Motors: 28.479 V
[LIFT] V_Compute: 29.017 V
[LIFT] V_Motors: 28.493 V
[LIFT] V_Compute: 29.007 V
[LIFT] V_Motors: 28.478 V
[LIFT] V_Compute: 28.999 V
[LIFT] V_Motors: 28.490 V
[LIFT] V_Compute: 29.020 V
[LIFT] V_Motors: 28.480 V
[LIFT] V_Compute: 29.015 V
[LIFT] V_Motors: 28.484 V
[LIFT] V_Compute: 29.013 V
[LIFT] V_Motors: 28.490 V
[LIFT] V_Compute: 28.997 V
[LIFT] V_Motors: 28.475 V
[LIFT] V_Compute: 28.994 V
[LIFT] V_Motors: 28.475 V
[LIFT] V_Compute: 29.026 V
[LIFT] V_Motors: 28.499 V
[LIFT] V_Compute: 29.006 V
[LIFT] V_Motors: 28.469 V
[LIFT] V_Compute: 29.001 V
[LIFT] V_Motors: 28.497 V
[LIFT] V_Compute: 29.001 V
[LIFT] V_Motors: 28.474 V
[LIFT] V_Compute: 28.981 V
[LIFT] V_Motors: 28.469 V
[LIFT] V_Compute: 28.984 V
[LIFT] V_Motors: 28.490 V
[LIFT] V_Compute: 29.007 V
[LIFT] V_Motors: 28.470 V
[LIFT] V_Compute: 29.005 V
[LIFT] V_Motors: 28.472 V
[LIFT] V_Compute: 29.003 V
[LIFT] V_Motors: 28.462 V
[LIFT] V_Compute: 29.016 V
[LIFT] V_Motors: 28.497 V
[LIFT] V_Compute: 29.010 V
[LIFT] V_Motors: 28.468 V
[LIFT] V_Compute: 29.005 V
[LIFT] V_Motors: 28.479 V
[LIFT] V_Compute: 28.994 V
[LIFT] V_Motors: 28.476 V
[LIFT] V_Compute: 28.981 V
[LIFT] V_Motors: 28.489 V
[LIFT] V_Compute: 29.005 V
[LIFT] V_Motors: 28.489 V
[LIFT] V_Compute: 29.011 V
[LIFT] V_Motors: 28.491 V
[LIFT] V_Compute: 29.001 V
[LIFT] V_Motors: 28.480 V
[LIFT] V_Compute: 29.014 V
[LIFT] V_Motors: 28.485 V
[LIFT] V_Compute: 28.987 V
[LIFT] V_Motors: 28.471 V
[LIFT] V_Compute: 29.010 V
[LIFT] V_Motors: 28.491 V
[LIFT] V_Compute: 29.006 V
[LIFT] V_Motors: 28.474 V
[LIFT] V_Compute: 29.013 V
[LIFT] V_Motors: 28.489 V
[LIFT] V_Compute: 29.019 V
[LIFT] V_Motors: 28.495 V
[LIFT] V_Compute: 29.017 V
[LIFT] V_Motors: 28.479 V
[LIFT] V_Compute: 29.005 V
[LIFT] V_Motors: 28.485 V
[LIFT] V_Compute: 29.022 V
[LIFT] V_Motors: 28.479 V
[LIFT] V_Compute: 29.010 V
[LIFT] V_Motors: 28.484 V
[LIFT] V_Compute: 29.017 V
[LIFT] V_Motors: 28.485 V
[LIFT] V_Compute: 29.011 V
[LIFT] V_Motors: 28.484 V
[LIFT] V_Compute: 28.999 V
[LIFT] V_Motors: 28.481 V
[LIFT] V_Compute: 29.016 V
[LIFT] V_Motors: 28.487 V
[LIFT] V_Compute: 29.013 V
[LIFT] V_Motors: 28.481 V
[LIFT] V_Compute: 28.999 V
[LIFT] V_Motors: 28.486 V
[LIFT] V_Compute: 29.000 V
[LIFT] V_Motors: 28.484 V
[LIFT] V_Compute: 29.030 V
[LIFT] V_Motors: 28.475 V
[LIFT] V_Compute: 29.007 V
[LIFT] V_Motors: 28.482 V
[LIFT] V_Compute: 29.017 V
[LIFT] V_Motors: 28.484 V
[LIFT] V_Compute: 29.006 V
[LIFT] V_Motors: 28.481 V
[LIFT] V_Compute: 28.995 V
[LIFT] V_Motors: 28.470 V
[LIFT] V_Compute: 29.010 V
[LIFT] V_Motors: 28.495 V
[LIFT] V_Compute: 29.010 V
[LIFT] V_Motors: 28.497 V
[LIFT] V_Compute: 29.036 V
[LIFT] V_Motors: 28.490 V
[LIFT] V_Compute: 29.016 V
[LIFT] V_Motors: 28.497 V
[LIFT] V_Compute: 29.022 V
[LIFT] V_Motors: 28.485 V
[LIFT] V_Compute: 29.027 V
[LIFT] V_Motors: 28.489 V
[LIFT] V_Compute: 29.024 V
[LIFT] V_Motors: 28.491 V
[LIFT] V_Compute: 29.017 V
[LIFT] V_Motors: 28.462 V
[LIFT] V_Compute: 29.021 V
[LIFT] V_Motors: 28.480 V
[LIFT] V_Compute: 29.009 V
[LIFT] V_Motors: 28.486 V
[LIFT] V_Compute: 29.006 V
[LIFT] V_Motors: 28.474 V
[LIFT] V_Compute: 29.004 V
[LIFT] V_Motors: 28.494 V
[LIFT] V_Compute: 28.995 V
[LIFT] V_Motors: 28.489 V
[LIFT] V_Compute: 29.001 V
[LIFT] V_Motors: 28.485 V
[LIFT] V_Compute: 29.015 V
[LIFT] V_Motors: 28.468 V
[LIFT] V_Compute: 29.000 V
[LIFT] V_Motors: 28.487 V
[LIFT] V_Compute: 28.993 V
[LIFT] V_Motors: 28.472 V
[LIFT] V_Compute: 29.009 V
[LIFT] V_Motors: 28.489 V
[LIFT] V_Compute: 29.042 V
[LIFT] V_Motors: 28.487 V
[LIFT] V_Compute: 28.996 V
[LIFT] V_Motors: 28.489 V
[LIFT] V_Compute: 29.015 V
[LIFT] V_Motors: 28.482 V
[LIFT] V_Compute: 28.997 V
[LIFT] V_Motors: 28.479 V
[LIFT] V_Compute: 29.021 V
[LIFT] V_Motors: 28.486 V
[LIFT] V_Compute: 29.000 V
[LIFT] V_Motors: 28.493 V
[LIFT] V_Compute: 29.014 V
[LIFT] V_Motors: 28.497 V
[LIFT] V_Compute: 29.015 V
[LIFT] V_Motors: 28.495 V
[LIFT] V_Compute: 29.001 V
[LIFT] V_Motors: 28.485 V
[LIFT] V_Compute: 29.022 V
[LIFT] V_Motors: 28.486 V
[LIFT] V_Compute: 29.021 V
[LIFT] V_Motors: 28.469 V
[LIFT] V_Compute: 29.010 V
[LIFT] V_Motors: 28.481 V
[LIFT] V_Compute: 29.016 V
[LIFT] V_Motors: 28.480 V
[LIFT] V_Compute: 29.044 V
[LIFT] V_Motors: 28.489 V
[LIFT] V_Compute: 29.026 V
[LIFT] V_Motors: 28.481 V
[LIFT] V_Compute: 28.994 V
[LIFT] V_Motors: 28.489 V
[LIFT] V_Compute: 29.016 V
[LIFT] V_Motors: 28.494 V
[LIFT] V_Compute: 29.022 V
[LIFT] V_Motors: 28.497 V
[LIFT] V_Compute: 29.014 V
[LIFT] V_Motors: 28.493 V
[LIFT] V_Compute: 29.004 V
[LIFT] V_Motors: 28.497 V
[LIFT] V_Compute: 29.016 V
[LIFT] V_Motors: 28.491 V
[LIFT] V_Compute: 29.016 V
[LIFT] V_Motors: 28.486 V
[LIFT] V_Compute: 29.040 V
[LIFT] V_Motors: 28.491 V
[LIFT] V_Compute: 29.014 V
[LIFT] V_Motors: 28.484 V
[LIFT] V_Compute: 29.016 V
[LIFT] V_Motors: 28.496 V
[LIFT] V_Compute: 29.011 V
[LIFT] V_Motors: 28.484 V
[LIFT] V_Compute: 29.014 V
[LIFT] V_Motors: 28.481 V
[LIFT] V_Compute: 29.009 V
[LIFT] V_Motors: 28.487 V
[LIFT] V_Compute: 28.995 V
[LIFT] V_Motors: 28.481 V
[LIFT] V_Compute: 29.011 V
[LIFT] V_Motors: 28.484 V
[LIFT] V_Compute: 29.009 V
[LIFT] V_Motors: 28.495 V
[LIFT] V_Compute: 29.010 V
[LIFT] V_Motors: 28.480 V
[LIFT] V_Compute: 29.030 V
[LIFT] V_Motors: 28.495 V
[LIFT] V_Compute: 29.016 V
[LIFT] V_Motors: 28.487 V
[LIFT] V_Compute: 29.014 V
[LIFT] V_Motors: 28.509 V
[LIFT] V_Compute: 29.005 V
[LIFT] V_Motors: 28.490 V
[LIFT] V_Compute: 28.991 V
[LIFT] V_Motors: 28.481 V
[LIFT] V_Compute: 28.999 V
[LIFT] V_Motors: 28.474 V
[LIFT] V_Compute: 29.036 V
[LIFT] V_Motors: 28.491 V
[LIFT] V_Compute: 28.995 V
[LIFT] V_Motors: 28.479 V
[LIFT] V_Compute: 29.016 V
[LIFT] V_Motors: 28.495 V
[LIFT] V_Compute: 29.003 V
[LIFT] V_Motors: 28.480 V
[LIFT] V_Compute: 28.996 V
[LIFT] V_Motors: 28.482 V
[LIFT] V_Compute: 29.014 V
[LIFT] V_Motors: 28.472 V
[LIFT] V_Compute: 29.016 V
[LIFT] V_Motors: 28.481 V
[LIFT] V_Compute: 29.027 V
[LIFT] V_Motors: 28.481 V
[LIFT] V_Compute: 29.014 V
[LIFT] V_Motors: 28.476 V
[LIFT] V_Compute: 29.046 V
[LIFT] V_Motors: 28.500 V
[LIFT] V_Compute: 29.021 V
[LIFT] V_Motors: 28.491 V
[LIFT] V_Compute: 29.001 V
[LIFT] V_Motors: 28.490 V
[LIFT] V_Compute: 29.040 V
[LIFT] V_Motors: 28.496 V
[LIFT] V_Compute: 29.014 V
[LIFT] V_Motors: 28.505 V
[LIFT] V_Compute: 29.035 V
[LIFT] V_Motors: 28.491 V
[LIFT] V_Compute: 29.022 V
[LIFT] V_Motors: 28.490 V
[LIFT] V_Compute: 29.010 V
[LIFT] V_Motors: 28.503 V
[LIFT] V_Compute: 29.016 V
[LIFT] V_Motors: 28.478 V
[LIFT] V_Compute: 29.019 V
[LIFT] V_Motors: 28.495 V
[LIFT] V_Compute: 29.031 V
[LIFT] V_Motors: 28.489 V
[LIFT] V_Compute: 29.015 V
[LIFT] V_Motors: 28.493 V
[LIFT] V_Compute: 29.007 V
[LIFT] V_Motors: 28.491 V
[LIFT] V_Compute: 29.000 V
[LIFT] V_Motors: 28.491 V
[LIFT] V_Compute: 29.030 V
[LIFT] V_Motors: 28.475 V
[LIFT] V_Compute: 29.034 V
[LIFT] V_Motors: 28.484 V
[LIFT] V_Compute: 29.024 V
[LIFT] V_Motors: 28.495 V
[LIFT] V_Compute: 29.013 V
[LIFT] V_Motors: 28.484 V
[LIFT] V_Compute: 29.009 V
[LIFT] V_Motors: 28.489 V
[LIFT] V_Compute: 29.026 V
[LIFT] V_Motors: 28.493 V
[LIFT] V_Compute: 29.006 V
[LIFT] V_Motors: 28.485 V
[LIFT] V_Compute: 29.016 V
[LIFT] V_Motors: 28.493 V
[LIFT] V_Compute: 29.015 V
[LIFT] V_Motors: 28.497 V
[LIFT] V_Compute: 29.007 V
[LIFT] V_Motors: 28.493 V
[LIFT] V_Compute: 29.020 V
[LIFT] V_Motors: 28.499 V
[LIFT] V_Compute: 29.022 V
[LIFT] V_Motors: 28.501 V
[LIFT] V_Compute: 29.021 V
[LIFT] V_Motors: 28.487 V
[LIFT] V_Compute: 29.014 V
[LIFT] V_Motors: 28.475 V
[LIFT] V_Compute: 28.984 V
[LIFT] V_Motors: 28.490 V
[LIFT] V_Compute: 29.003 V
[LIFT] V_Motors: 28.486 V
[LIFT] V_Compute: 29.027 V
[LIFT] V_Motors: 28.478 V
[LIFT] V_Compute: 29.042 V
[LIFT] V_Motors: 28.505 V
[LIFT] V_Compute: 29.005 V
[LIFT] V_Motors: 28.476 V
[LIFT] V_Compute: 29.011 V
[LIFT] V_Motors: 28.478 V
[LIFT] V_Compute: 29.022 V
[LIFT] V_Motors: 28.487 V
[LIFT] V_Compute: 29.016 V
[LIFT] V_Motors: 28.497 V
[LIFT] V_Compute: 29.031 V
[LIFT] V_Motors: 28.495 V
[LIFT] V_Compute: 29.006 V
[LIFT] V_Motors: 28.490 V
[LIFT] V_Compute: 29.019 V
[LIFT] V_Motors: 28.486 V
[LIFT] V_Compute: 29.011 V
[LIFT] V_Motors: 28.499 V
[LIFT] V_Compute: 29.005 V
[LIFT] V_Motors: 28.503 V
[LIFT] V_Compute: 29.015 V
[LIFT] V_Motors: 28.497 V
[LIFT] V_Compute: 29.031 V
[LIFT] V_Motors: 28.491 V
[LIFT] V_Compute: 29.020 V
[LIFT] V_Motors: 28.478 V
[LIFT] V_Compute: 29.024 V
[LIFT] V_Motors: 28.501 V
[LIFT] V_Compute: 28.995 V
[LIFT] V_Motors: 28.506 V
[LIFT] V_Compute: 29.019 V
[LIFT] V_Motors: 28.486 V
[LIFT] V_Compute: 29.016 V
[LIFT] V_Motors: 28.495 V
[LIFT] V_Compute: 29.019 V
[LIFT] V_Motors: 28.481 V
[LIFT] V_Compute: 29.019 V
[LIFT] V_Motors: 28.485 V
[LIFT] V_Compute: 28.999 V
[LIFT] V_Motors: 28.487 V
[LIFT] V_Compute: 28.993 V
[LIFT] V_Motors: 28.474 V
[LIFT] V_Compute: 29.040 V
[LIFT] V_Motors: 28.487 V
[LIFT] V_Compute: 29.014 V
[LIFT] V_Motors: 28.500 V
[LIFT] V_Compute: 29.027 V
[LIFT] V_Motors: 28.486 V
[LIFT] V_Compute: 29.021 V
[LIFT] V_Motors: 28.507 V
[LIFT] V_Compute: 29.006 V
[LIFT] V_Motors: 28.481 V
[LIFT] V_Compute: 29.005 V
[LIFT] V_Motors: 28.504 V
[LIFT] V_Compute: 29.011 V
[LIFT] V_Motors: 28.490 V
[LIFT] V_Compute: 29.019 V
[LIFT] V_Motors: 28.500 V
[LIFT] V_Compute: 29.024 V
[LIFT] V_Motors: 28.511 V
[LIFT] V_Compute: 29.016 V
[LIFT] V_Motors: 28.503 V
[LIFT] V_Compute: 29.019 V
[LIFT] V_Motors: 28.491 V
[LIFT] V_Compute: 29.009 V
[LIFT] V_Motors: 28.500 V
[LIFT] V_Compute: 29.021 V
[LIFT] V_Motors: 28.501 V
[LIFT] V_Compute: 29.031 V
[LIFT] V_Motors: 28.499 V
[LIFT] V_Compute: 29.024 V
[LIFT] V_Motors: 28.506 V
[LIFT] V_Compute: 29.016 V
[LIFT] V_Motors: 28.505 V
[LIFT] V_Compute: 29.013 V
[LIFT] V_Motors: 28.497 V
[LIFT] V_Compute: 29.004 V
[LIFT] V_Motors: 28.500 V
[LIFT] V_Compute: 29.036 V
[LIFT] V_Motors: 28.494 V
[LIFT] V_Compute: 29.015 V
[LIFT] V_Motors: 28.499 V
[LIFT] V_Compute: 29.016 V
[LIFT] V_Motors: 28.493 V
[LIFT] V_Compute: 29.019 V
[LIFT] V_Motors: 28.493 V
[LIFT] V_Compute: 29.024 V
[LIFT] V_Motors: 28.493 V
[LIFT] V_Compute: 29.015 V
[LIFT] V_Motors: 28.476 V
[LIFT] V_Compute: 29.036 V
[LIFT] V_Motors: 28.497 V
[LIFT] V_Compute: 29.014 V
[LIFT] V_Motors: 28.503 V
[LIFT] V_Compute: 29.009 V
[LIFT] V_Motors: 28.472 V
[LIFT] V_Compute: 29.006 V
[LIFT] V_Motors: 28.484 V
[LIFT] V_Compute: 29.020 V
[LIFT] V_Motors: 28.493 V
[LIFT] V_Compute: 29.014 V
[LIFT] V_Motors: 28.485 V
[LIFT] V_Compute: 29.027 V
[LIFT] V_Motors: 28.490 V
[LIFT] V_Compute: 29.044 V
[LIFT] V_Motors: 28.490 V
[LIFT] V_Compute: 29.016 V
[LIFT] V_Motors: 28.513 V
[LIFT] V_Compute: 29.036 V
[LIFT] V_Motors: 28.495 V
[LIFT] V_Compute: 29.025 V
[LIFT] V_Motors: 28.495 V
[LIFT] V_Compute: 29.017 V
[LIFT] V_Motors: 28.511 V
[LIFT] V_Compute: 29.016 V
[LIFT] V_Motors: 28.500 V
[LIFT] V_Compute: 29.020 V
[LIFT] V_Motors: 28.506 V
[LIFT] V_Compute: 29.015 V
[LIFT] V_Motors: 28.480 V
[LIFT] V_Compute: 29.025 V
[LIFT] V_Motors: 28.493 V
[LIFT] V_Compute: 29.042 V
[LIFT] V_Motors: 28.505 V
[LIFT] V_Compute: 29.021 V
[LIFT] V_Motors: 28.515 V
[LIFT] V_Compute: 29.029 V
[LIFT] V_Motors: 28.491 V
[LIFT] V_Compute: 29.022 V
[LIFT] V_Motors: 28.503 V
[LIFT] V_Compute: 29.031 V
[LIFT] V_Motors: 28.501 V
[LIFT] V_Compute: 29.036 V
[LIFT] V_Motors: 28.509 V
[LIFT] V_Compute: 29.015 V
[LIFT] V_Motors: 28.497 V
[LIFT] V_Compute: 29.020 V
[LIFT] V_Motors: 28.496 V
[LIFT] V_Compute: 29.006 V
[LIFT] V_Motors: 28.480 V
[LIFT] V_Compute: 29.035 V
[LIFT] V_Motors: 28.501 V
[LIFT] V_Compute: 29.021 V
[LIFT] V_Motors: 28.482 V
[LIFT] V_Compute: 29.019 V
[LIFT] V_Motors: 28.500 V
[LIFT] V_Compute: 29.017 V
[LIFT] V_Motors: 28.496 V
[LIFT] V_Compute: 29.031 V
[LIFT] V_Motors: 28.495 V
[LIFT] V_Compute: 29.027 V
[LIFT] V_Motors: 28.497 V
[LIFT] V_Compute: 29.030 V
[LIFT] V_Motors: 28.493 V
[LIFT] V_Compute: 29.025 V
[LIFT] V_Motors: 28.491 V
[LIFT] V_Compute: 29.013 V
[LIFT] V_Motors: 28.506 V
[LIFT] V_Compute: 29.027 V
[LIFT] V_Motors: 28.503 V
[LIFT] V_Compute: 29.005 V
[LIFT] V_Motors: 28.509 V
[LIFT] V_Compute: 29.022 V
[LIFT] V_Motors: 28.490 V
[LIFT] V_Compute: 29.024 V
[LIFT] V_Motors: 28.487 V
[LIFT] V_Compute: 29.017 V
[LIFT] V_Motors: 28.496 V
[LIFT] V_Compute: 29.038 V
[LIFT] V_Motors: 28.500 V
[LIFT] V_Compute: 29.019 V
[LIFT] V_Motors: 28.504 V
[LIFT] V_Compute: 29.024 V
[LIFT] V_Motors: 28.484 V
[LIFT] V_Compute: 29.017 V
[LIFT] V_Motors: 28.500 V
[LIFT] V_Compute: 29.025 V
[LIFT] V_Motors: 28.514 V
[LIFT] V_Compute: 29.034 V
[LIFT] V_Motors: 28.494 V
[LIFT] V_Compute: 29.025 V
[LIFT] V_Motors: 28.497 V
[LIFT] V_Compute: 29.022 V
[LIFT] V_Motors: 28.490 V
[LIFT] V_Compute: 29.009 V
[LIFT] V_Motors: 28.499 V
[LIFT] V_Compute: 29.048 V
[LIFT] V_Motors: 28.499 V
[LIFT] V_Compute: 29.015 V
[LIFT] V_Motors: 28.491 V
[LIFT] V_Compute: 29.026 V
[LIFT] V_Motors: 28.493 V
[LIFT] V_Compute: 28.989 V
[LIFT] V_Motors: 28.482 V
[LIFT] V_Compute: 29.010 V
[LIFT] V_Motors: 28.507 V
[LIFT] V_Compute: 29.024 V
[LIFT] V_Motors: 28.509 V
[LIFT] V_Compute: 28.976 V
[LIFT] V_Motors: 28.491 V
[LIFT] V_Compute: 29.025 V
[LIFT] V_Motors: 28.496 V
[LIFT] V_Compute: 29.045 V
[LIFT] V_Motors: 28.497 V
[LIFT] V_Compute: 29.041 V
[LIFT] V_Motors: 28.486 V
[LIFT] V_Compute: 29.010 V
[LIFT] V_Motors: 28.499 V
[LIFT] V_Compute: 29.039 V
[LIFT] V_Motors: 28.504 V
[LIFT] V_Compute: 29.024 V
[LIFT] V_Motors: 28.489 V
[LIFT] V_Compute: 29.021 V
[LIFT] V_Motors: 28.500 V
[LIFT] V_Compute: 29.035 V
[LIFT] V_Motors: 28.491 V
[LIFT] V_Compute: 29.029 V
[LIFT] V_Motors: 28.493 V
[LIFT] V_Compute: 29.021 V
[LIFT] V_Motors: 28.476 V
[LIFT] V_Compute: 29.049 V
[LIFT] V_Motors: 28.496 V
[LIFT] V_Compute: 29.001 V
[LIFT] V_Motors: 28.493 V
[LIFT] V_Compute: 29.039 V
[LIFT] V_Motors: 28.493 V
[LIFT] V_Compute: 29.019 V
[LIFT] V_Motors: 28.503 V
[LIFT] V_Compute: 29.022 V
[LIFT] V_Motors: 28.506 V
[LIFT] V_Compute: 29.032 V
[LIFT] V_Motors: 28.486 V
[LIFT] V_Compute: 29.031 V
[LIFT] V_Motors: 28.497 V
[LIFT] V_Compute: 29.009 V
[LIFT] V_Motors: 28.494 V
[LIFT] V_Compute: 29.015 V
[LIFT] V_Motors: 28.496 V
[LIFT] V_Compute: 29.036 V
[LIFT] V_Motors: 28.526 V
[LIFT] V_Compute: 29.021 V
[LIFT] V_Motors: 28.487 V
[LIFT] V_Compute: 29.007 V
[LIFT] V_Motors: 28.505 V
[LIFT] V_Compute: 29.022 V
[LIFT] V_Motors: 28.486 V
[LIFT] V_Compute: 28.989 V
[LIFT] V_Motors: 28.500 V
[LIFT] V_Compute: 29.032 V
[LIFT] V_Motors: 28.521 V
[LIFT] V_Compute: 29.022 V
[LIFT] V_Motors: 28.484 V
[LIFT] V_Compute: 29.005 V
[LIFT] V_Motors: 28.495 V
[LIFT] V_Compute: 29.011 V
[LIFT] V_Motors: 28.491 V
[LIFT] V_Compute: 29.030 V
[LIFT] V_Motors: 28.494 V
[LIFT] V_Compute: 29.035 V
[LIFT] V_Motors: 28.491 V
[LIFT] V_Compute: 29.019 V
[LIFT] V_Motors: 28.499 V
[LIFT] V_Compute: 29.041 V
[LIFT] V_Motors: 28.506 V
[LIFT] V_Compute: 29.045 V
[LIFT] V_Motors: 28.494 V
[LIFT] V_Compute: 29.025 V
[LIFT] V_Motors: 28.501 V
[LIFT] V_Compute: 29.038 V
[LIFT] V_Motors: 28.513 V
[LIFT] V_Compute: 29.021 V
[LIFT] V_Motors: 28.495 V
[LIFT] V_Compute: 29.011 V
[LIFT] V_Motors: 28.500 V
[LIFT] V_Compute: 29.016 V
[LIFT] V_Motors: 28.495 V
[LIFT] V_Compute: 29.034 V
[LIFT] V_Motors: 28.501 V
[LIFT] V_Compute: 29.004 V
[LIFT] V_Motors: 28.497 V
[LIFT] V_Compute: 29.005 V
[LIFT] V_Motors: 28.484 V
[LIFT] V_Compute: 29.001 V
[LIFT] V_Motors: 28.497 V
[LIFT] V_Compute: 29.030 V
[LIFT] V_Motors: 28.494 V
[LIFT] V_Compute: 29.036 V
[LIFT] V_Motors: 28.505 V
[LIFT] V_Compute: 29.006 V
[LIFT] V_Motors: 28.505 V
[LIFT] V_Compute: 29.022 V
[LIFT] V_Motors: 28.500 V
[LIFT] V_Compute: 29.024 V
[LIFT] V_Motors: 28.490 V
[LIFT] V_Compute: 29.021 V
[LIFT] V_Motors: 28.493 V
[LIFT] V_Compute: 29.013 V
[LIFT] V_Motors: 28.495 V
[LIFT] V_Compute: 29.032 V
[LIFT] V_Motors: 28.500 V
[LIFT] V_Compute: 29.040 V
[LIFT] V_Motors: 28.489 V
[LIFT] V_Compute: 29.031 V
[LIFT] V_Motors: 28.494 V
[LIFT] V_Compute: 29.039 V
[LIFT] V_Motors: 28.510 V
[LIFT] V_Compute: 29.022 V
[LIFT] V_Motors: 28.510 V
[LIFT] V_Compute: 29.029 V
[LIFT] V_Motors: 28.503 V
[LIFT] V_Compute: 29.030 V
[LIFT] V_Motors: 28.496 V
[LIFT] V_Compute: 29.036 V
[LIFT] V_Motors: 28.500 V
[LIFT] V_Compute: 29.035 V
[LIFT] V_Motors: 28.500 V
[LIFT] V_Compute: 29.029 V
[LIFT] V_Motors: 28.491 V
[LIFT] V_Compute: 29.014 V
[LIFT] V_Motors: 28.495 V
[LIFT] V_Compute: 29.049 V
[LIFT] V_Motors: 28.503 V
[LIFT] V_Compute: 29.009 V
[LIFT] V_Motors: 28.501 V
[LIFT] V_Compute: 29.056 V
[LIFT] V_Motors: 28.497 V
[LIFT] V_Compute: 29.021 V
[LIFT] V_Motors: 28.507 V
[LIFT] V_Compute: 29.044 V
[LIFT] V_Motors: 28.475 V
[LIFT] V_Compute: 29.035 V
[LIFT] V_Motors: 28.504 V
[LIFT] V_Compute: 29.044 V
[LIFT] V_Motors: 28.506 V
[LIFT] V_Compute: 29.009 V
[LIFT] V_Motors: 28.496 V
[LIFT] V_Compute: 29.054 V
[LIFT] V_Motors: 28.505 V
[LIFT] V_Compute: 29.032 V
[LIFT] V_Motors: 28.503 V
[LIFT] V_Compute: 29.039 V
[LIFT] V_Motors: 28.503 V
[LIFT] V_Compute: 29.005 V
[LIFT] V_Motors: 28.490 V
[LIFT] V_Compute: 29.016 V
[LIFT] V_Motors: 28.517 V
[LIFT] V_Compute: 29.042 V
[LIFT] V_Motors: 28.501 V
[LIFT] V_Compute: 29.032 V
[LIFT] V_Motors: 28.494 V
[LIFT] V_Compute: 29.044 V
[LIFT] V_Motors: 28.497 V
[LIFT] V_Compute: 29.040 V
[LIFT] V_Motors: 28.513 V
[LIFT] V_Compute: 29.019 V
[LIFT] V_Motors: 28.506 V
[LIFT] V_Compute: 29.024 V
[LIFT] V_Motors: 28.507 V
[LIFT] V_Compute: 29.005 V
[LIFT] V_Motors: 28.500 V
[LIFT] V_Compute: 29.025 V
[LIFT] V_Motors: 28.507 V
[LIFT] V_Compute: 29.027 V
[LIFT] V_Motors: 28.507 V
[LIFT] V_Compute: 29.044 V
[LIFT] V_Motors: 28.499 V
[LIFT] V_Compute: 29.034 V
[LIFT] V_Motors: 28.493 V
[LIFT] V_Compute: 29.007 V
[LIFT] V_Motors: 28.503 V
[LIFT] V_Compute: 29.027 V
[LIFT] V_Motors: 28.501 V
[LIFT] V_Compute: 29.040 V
[LIFT] V_Motors: 28.506 V
[LIFT] V_Compute: 29.044 V
[LIFT] V_Motors: 28.516 V
[LIFT] V_Compute: 29.024 V
[LIFT] V_Motors: 28.494 V
[LIFT] V_Compute: 29.020 V
[LIFT] V_Motors: 28.509 V
[LIFT] V_Compute: 29.010 V
[LIFT] V_Motors: 28.495 V
[LIFT] V_Compute: 29.040 V
[LIFT] V_Motors: 28.509 V
[LIFT] V_Compute: 29.046 V
[LIFT] V_Motors: 28.511 V
[LIFT] V_Compute: 29.031 V
[LIFT] V_Motors: 28.501 V
[LIFT] V_Compute: 29.039 V
[LIFT] V_Motors: 28.506 V
[LIFT] V_Compute: 29.036 V
[LIFT] V_Motors: 28.505 V
[LIFT] V_Compute: 29.029 V
[LIFT] V_Motors: 28.513 V
[LIFT] V_Compute: 29.022 V
[LIFT] V_Motors: 28.510 V
[LIFT] V_Compute: 29.038 V
[LIFT] V_Motors: 28.505 V
[LIFT] V_Compute: 29.050 V
[LIFT] V_Motors: 28.506 V
[LIFT] V_Compute: 29.038 V
[LIFT] V_Motors: 28.504 V
[LIFT] V_Compute: 29.005 V
[LIFT] V_Motors: 28.509 V
[LIFT] V_Compute: 29.007 V
[LIFT] V_Motors: 28.504 V
[LIFT] V_Compute: 29.022 V
[LIFT] V_Motors: 28.503 V
[LIFT] V_Compute: 29.035 V
[LIFT] V_Motors: 28.499 V
[LIFT] V_Compute: 29.019 V
[LIFT] V_Motors: 28.510 V
[LIFT] V_Compute: 29.035 V
[LIFT] V_Motors: 28.503 V
[LIFT] V_Compute: 29.011 V
[LIFT] V_Motors: 28.494 V
[LIFT] V_Compute: 29.022 V
[LIFT] V_Motors: 28.511 V
[LIFT] V_Compute: 29.025 V
[LIFT] V_Motors: 28.490 V
[LIFT] V_Compute: 29.007 V
[LIFT] V_Motors: 28.494 V
[LIFT] V_Compute: 29.020 V
[LIFT] V_Motors: 28.501 V
[LIFT] V_Compute: 29.025 V
[LIFT] V_Motors: 28.500 V
[LIFT] V_Compute: 29.010 V
[LIFT] V_Motors: 28.495 V
[LIFT] V_Compute: 29.039 V
[LIFT] V_Motors: 28.482 V
[LIFT] V_Compute: 29.004 V
[LIFT] V_Motors: 28.506 V
[LIFT] V_Compute: 29.027 V
[LIFT] V_Motors: 28.487 V
[LIFT] V_Compute: 29.010 V
[LIFT] V_Motors: 28.505 V
[LIFT] V_Compute: 29.014 V
[LIFT] V_Motors: 28.522 V
[LIFT] V_Compute: 29.035 V
[LIFT] V_Motors: 28.484 V
[LIFT] V_Compute: 28.999 V
[LIFT] V_Motors: 28.491 V
[LIFT] V_Compute: 29.011 V
[LIFT] V_Motors: 28.507 V
[LIFT] V_Compute: 29.025 V
[LIFT] V_Motors: 28.496 V
[LIFT] V_Compute: 29.021 V
[LIFT] V_Motors: 28.490 V
[LIFT] V_Compute: 29.006 V
[LIFT] V_Motors: 28.500 V
[LIFT] V_Compute: 28.997 V
[LIFT] V_Motors: 28.507 V
[LIFT] V_Compute: 29.020 V
[LIFT] V_Motors: 28.504 V
[LIFT] V_Compute: 29.031 V
[LIFT] V_Motors: 28.516 V
[LIFT] V_Compute: 29.031 V
[LIFT] V_Motors: 28.504 V
[LIFT] V_Compute: 29.051 V
[LIFT] V_Motors: 28.504 V
[LIFT] V_Compute: 29.041 V
[LIFT] V_Motors: 28.504 V
[LIFT] V_Compute: 29.022 V
[LIFT] V_Motors: 28.510 V
[LIFT] V_Compute: 29.019 V
[LIFT] V_Motors: 28.489 V
[LIFT] V_Compute: 29.031 V
[LIFT] V_Motors: 28.505 V
[LIFT] V_Compute: 29.029 V
[LIFT] V_Motors: 28.500 V
[LIFT] V_Compute: 29.031 V
[LIFT] V_Motors: 28.506 V
[LIFT] V_Compute: 29.026 V
[LIFT] V_Motors: 28.515 V
[LIFT] V_Compute: 29.054 V
[LIFT] V_Motors: 28.511 V
[LIFT] V_Compute: 29.042 V
[LIFT] V_Motors: 28.514 V
[LIFT] V_Compute: 29.022 V
[LIFT] V_Motors: 28.500 V
[LIFT] V_Compute: 29.042 V
[LIFT] V_Motors: 28.505 V
[LIFT] V_Compute: 29.016 V
[LIFT] V_Motors: 28.505 V
[LIFT] V_Compute: 29.048 V
[LIFT] V_Motors: 28.500 V
[LIFT] V_Compute: 29.026 V
[LIFT] V_Motors: 28.510 V
[LIFT] V_Compute: 29.027 V
[LIFT] V_Motors: 28.500 V
[LIFT] V_Compute: 29.007 V
[LIFT] V_Motors: 28.486 V
[LIFT] V_Compute: 29.054 V
[LIFT] V_Motors: 28.501 V
[LIFT] V_Compute: 29.016 V
[LIFT] V_Motors: 28.489 V
[LIFT] V_Compute: 29.019 V
[LIFT] V_Motors: 28.499 V
[LIFT] V_Compute: 29.019 V
[LIFT] V_Motors: 28.496 V
[LIFT] V_Compute: 29.014 V
[LIFT] V_Motors: 28.507 V
[LIFT] V_Compute: 29.058 V
[LIFT] V_Motors: 28.494 V
[LIFT] V_Compute: 29.045 V
[LIFT] V_Motors: 28.497 V
[LIFT] V_Compute: 29.022 V
[LIFT] V_Motors: 28.494 V
[LIFT] V_Compute: 29.014 V
[LIFT] V_Motors: 28.513 V
[LIFT] V_Compute: 29.022 V
[LIFT] V_Motors: 28.510 V
[LIFT] V_Compute: 29.000 V
[LIFT] V_Motors: 28.481 V
[LIFT] V_Compute: 29.038 V
[LIFT] V_Motors: 28.494 V
[LIFT] V_Compute: 29.042 V
[LIFT] V_Motors: 28.489 V
[LIFT] V_Compute: 29.029 V
[LIFT] V_Motors: 28.515 V
[LIFT] V_Compute: 29.055 V
[LIFT] V_Motors: 28.510 V
[LIFT] V_Compute: 29.030 V
[LIFT] V_Motors: 28.505 V
[LIFT] V_Compute: 29.042 V
[LIFT] V_Motors: 28.505 V
[LIFT] V_Compute: 29.034 V
[LIFT] V_Motors: 28.513 V
[LIFT] V_Compute: 29.044 V
[LIFT] V_Motors: 28.495 V
[LIFT] V_Compute: 29.048 V
[LIFT] V_Motors: 28.515 V
[LIFT] V_Compute: 29.035 V
[LIFT] V_Motors: 28.515 V
[LIFT] V_Compute: 29.041 V
[LIFT] V_Motors: 28.507 V
[LIFT] V_Compute: 29.030 V
[LIFT] V_Motors: 28.503 V
[LIFT] V_Compute: 29.040 V
[LIFT] V_Motors: 28.509 V
[LIFT] V_Compute: 29.056 V
[LIFT] V_Motors: 28.499 V
[LIFT] V_Compute: 29.046 V
[LIFT] V_Motors: 28.497 V
[LIFT] V_Compute: 29.034 V
[LIFT] V_Motors: 28.496 V
[LIFT] V_Compute: 29.027 V
[LIFT] V_Motors: 28.496 V
[LIFT] V_Compute: 29.036 V
[LIFT] V_Motors: 28.503 V
[LIFT] V_Compute: 29.022 V
[LIFT] V_Motors: 28.493 V
[LIFT] V_Compute: 29.010 V
[LIFT] V_Motors: 28.501 V
[LIFT] V_Compute: 29.025 V
[LIFT] V_Motors: 28.503 V
[LIFT] V_Compute: 29.051 V
[LIFT] V_Motors: 28.513 V
[LIFT] V_Compute: 29.017 V
[LIFT] V_Motors: 28.511 V
[LIFT] V_Compute: 29.049 V
[LIFT] V_Motors: 28.509 V
[LIFT] V_Compute: 29.036 V
[LIFT] V_Motors: 28.506 V
[LIFT] V_Compute: 29.027 V
[LIFT] V_Motors: 28.517 V
[LIFT] V_Compute: 29.025 V
[LIFT] V_Motors: 28.500 V
[LIFT] V_Compute: 29.036 V
[LIFT] V_Motors: 28.500 V
[LIFT] V_Compute: 29.039 V
[LIFT] V_Motors: 28.505 V
[LIFT] V_Compute: 29.045 V
[LIFT] V_Motors: 28.509 V
[LIFT] V_Compute: 29.029 V
[LIFT] V_Motors: 28.500 V
[LIFT] V_Compute: 29.014 V
[LIFT] V_Motors: 28.506 V
[LIFT] V_Compute: 29.029 V
[LIFT] V_Motors: 28.504 V
[LIFT] V_Compute: 29.042 V
[LIFT] V_Motors: 28.514 V
[LIFT] V_Compute: 29.019 V
[LIFT] V_Motors: 28.500 V
[LIFT] V_Compute: 29.030 V
[LIFT] V_Motors: 28.506 V
[LIFT] V_Compute: 29.021 V
[LIFT] V_Motors: 28.499 V
[LIFT] V_Compute: 29.025 V
[LIFT] V_Motors: 28.510 V
[LIFT] V_Compute: 29.000 V
[LIFT] V_Motors: 28.506 V
[LIFT] V_Compute: 29.034 V
[LIFT] V_Motors: 28.506 V
[LIFT] V_Compute: 29.015 V
[LIFT] V_Motors: 28.494 V
[LIFT] V_Compute: 29.011 V
[LIFT] V_Motors: 28.520 V
[LIFT] V_Compute: 29.034 V
[LIFT] V_Motors: 28.500 V
[LIFT] V_Compute: 29.039 V
[LIFT] V_Motors: 28.506 V
[LIFT] V_Compute: 29.031 V
[LIFT] V_Motors: 28.510 V
[LIFT] V_Compute: 29.041 V
[LIFT] V_Motors: 28.510 V
[LIFT] V_Compute: 29.005 V
[LIFT] V_Motors: 28.507 V
[LIFT] V_Compute: 29.031 V
[LIFT] V_Motors: 28.509 V
[LIFT] V_Compute: 29.042 V
[LIFT] V_Motors: 28.511 V
[LIFT] V_Compute: 29.027 V
[LIFT] V_Motors: 28.515 V
[LIFT] V_Compute: 29.010 V
[LIFT] V_Motors: 28.509 V
[LIFT] V_Compute: 29.039 V
[LIFT] V_Motors: 28.497 V
[LIFT] V_Compute: 29.024 V
[LIFT] V_Motors: 28.503 V
[LIFT] V_Compute: 29.044 V
[LIFT] V_Motors: 28.515 V
[LIFT] V_Compute: 29.015 V
[LIFT] V_Motors: 28.495 V
[LIFT] V_Compute: 29.036 V
[LIFT] V_Motors: 28.507 V
[LIFT] V_Compute: 29.030 V
[LIFT] V_Motors: 28.506 V
[LIFT] V_Compute: 29.035 V
[LIFT] V_Motors: 28.507 V
[LIFT] V_Compute: 29.016 V
[LIFT] V_Motors: 28.510 V
[LIFT] V_Compute: 29.049 V
[LIFT] V_Motors: 28.511 V
[LIFT] V_Compute: 29.032 V
[LIFT] V_Motors: 28.497 V
[LIFT] V_Compute: 29.017 V
[LIFT] V_Motors: 28.493 V
[LIFT] V_Compute: 29.044 V
[LIFT] V_Motors: 28.509 V
[LIFT] V_Compute: 29.017 V
[LIFT] V_Motors: 28.509 V
[LIFT] V_Compute: 29.031 V
[LIFT] V_Motors: 28.511 V
[LIFT] V_Compute: 29.034 V
[LIFT] V_Motors: 28.504 V
[LIFT] V_Compute: 29.022 V
[LIFT] V_Motors: 28.503 V
[LIFT] V_Compute: 29.054 V
[LIFT] V_Motors: 28.506 V
[LIFT] V_Compute: 29.054 V
[LIFT] V_Motors: 28.500 V
[LIFT] V_Compute: 29.022 V
[LIFT] V_Motors: 28.521 V
[LIFT] V_Compute: 29.041 V
[LIFT] V_Motors: 28.516 V
[LIFT] V_Compute: 29.030 V
[LIFT] V_Motors: 28.506 V
[LIFT] V_Compute: 29.009 V
[LIFT] V_Motors: 28.503 V
[LIFT] V_Compute: 29.046 V
[LIFT] V_Motors: 28.510 V
[LIFT] V_Compute: 29.026 V
[LIFT] V_Motors: 28.529 V
[LIFT] V_Compute: 29.026 V
[LIFT] V_Motors: 28.516 V
[LIFT] V_Compute: 29.003 V
[LIFT] V_Motors: 28.486 V
[LIFT] V_Compute: 29.035 V
[LIFT] V_Motors: 28.513 V
[LIFT] V_Compute: 29.038 V
[LIFT] V_Motors: 28.496 V
[LIFT] V_Compute: 29.016 V
[LIFT] V_Motors: 28.521 V
[LIFT] V_Compute: 29.035 V
[LIFT] V_Motors: 28.517 V
[LIFT] V_Compute: 29.049 V
[LIFT] V_Motors: 28.506 V
[LIFT] V_Compute: 29.031 V
[LIFT] V_Motors: 28.503 V
[LIFT] V_Compute: 29.050 V
[LIFT] V_Motors: 28.510 V
[LIFT] V_Compute: 29.029 V
[LIFT] V_Motors: 28.510 V
[LIFT] V_Compute: 29.025 V
[LIFT] V_Motors: 28.515 V
[LIFT] V_Compute: 29.015 V
[LIFT] V_Motors: 28.510 V
[LIFT] V_Compute: 29.031 V
[LIFT] V_Motors: 28.507 V
[LIFT] V_Compute: 29.016 V
[LIFT] V_Motors: 28.509 V
[LIFT] V_Compute: 29.029 V
[LIFT] V_Motors: 28.506 V
[LIFT] V_Compute: 29.030 V
[LIFT] V_Motors: 28.480 V
[LIFT] V_Compute: 29.021 V
[LIFT] V_Motors: 28.507 V
[LIFT] V_Compute: 29.048 V
[LIFT] V_Motors: 28.500 V
[LIFT] V_Compute: 29.056 V
[LIFT] V_Motors: 28.500 V
[LIFT] V_Compute: 29.049 V
[LIFT] V_Motors: 28.511 V
[LIFT] V_Compute: 29.019 V
[LIFT] V_Motors: 28.511 V
[LIFT] V_Compute: 29.017 V
[LIFT] V_Motors: 28.496 V
[LIFT] V_Compute: 29.016 V
[LIFT] V_Motors: 28.509 V
[LIFT] V_Compute: 29.031 V
[LIFT] V_Motors: 28.514 V
[LIFT] V_Compute: 29.020 V
[LIFT] V_Motors: 28.496 V
[LIFT] V_Compute: 29.052 V
[LIFT] V_Motors: 28.507 V
[LIFT] V_Compute: 29.027 V
[LIFT] V_Motors: 28.520 V
[LIFT] V_Compute: 29.014 V
[LIFT] V_Motors: 28.524 V
[LIFT] V_Compute: 29.048 V
[LIFT] V_Motors: 28.513 V
[LIFT] V_Compute: 29.048 V
[LIFT] V_Motors: 28.513 V
[LIFT] V_Compute: 29.042 V
[LIFT] V_Motors: 28.517 V
[LIFT] V_Compute: 29.052 V
[LIFT] V_Motors: 28.515 V
[LIFT] V_Compute: 29.051 V
[LIFT] V_Motors: 28.522 V
[LIFT] V_Compute: 29.013 V
[LIFT] V_Motors: 28.516 V
[LIFT] V_Compute: 29.026 V
[LIFT] V_Motors: 28.510 V
[LIFT] V_Compute: 29.055 V
[LIFT] V_Motors: 28.517 V
[LIFT] V_Compute: 29.016 V
[LIFT] V_Motors: 28.524 V
[LIFT] V_Compute: 29.044 V
[LIFT] V_Motors: 28.513 V
[LIFT] V_Compute: 29.015 V
[LIFT] V_Motors: 28.511 V
[LIFT] V_Compute: 29.041 V
[LIFT] V_Motors: 28.504 V
[LIFT] V_Compute: 29.045 V
[LIFT] V_Motors: 28.506 V
[LIFT] V_Compute: 29.017 V
[LIFT] V_Motors: 28.501 V
[LIFT] V_Compute: 29.042 V
[LIFT] V_Motors: 28.514 V
[LIFT] V_Compute: 29.019 V
[LIFT] V_Motors: 28.501 V
[LIFT] V_Compute: 29.016 V
[LIFT] V_Motors: 28.506 V
[LIFT] V_Compute: 29.032 V
[LIFT] V_Motors: 28.507 V
[LIFT] V_Compute: 29.010 V
[LIFT] V_Motors: 28.500 V
[LIFT] V_Compute: 29.010 V
[LIFT] V_Motors: 28.501 V
[LIFT] V_Compute: 29.011 V
[LIFT] V_Motors: 28.507 V
[LIFT] V_Compute: 29.019 V
[LIFT] V_Motors: 28.506 V
[LIFT] V_Compute: 29.016 V
[LIFT] V_Motors: 28.505 V
[LIFT] V_Compute: 29.021 V
[LIFT] V_Motors: 28.495 V
[LIFT] V_Compute: 28.999 V
[LIFT] V_Motors: 28.495 V
[LIFT] V_Compute: 29.027 V
[LIFT] V_Motors: 28.511 V
[LIFT] V_Compute: 29.024 V
[LIFT] V_Motors: 28.510 V
[LIFT] V_Compute: 29.039 V
[LIFT] V_Motors: 28.517 V
[LIFT] V_Compute: 29.029 V
[LIFT] V_Motors: 28.520 V
[LIFT] V_Compute: 29.015 V
[LIFT] V_Motors: 28.529 V
[LIFT] V_Compute: 29.029 V
[LIFT] V_Motors: 28.526 V
[LIFT] V_Compute: 29.040 V
[LIFT] V_Motors: 28.500 V
[LIFT] V_Compute: 29.054 V
[LIFT] V_Motors: 28.507 V
[LIFT] V_Compute: 29.027 V
[LIFT] V_Motors: 28.513 V
[LIFT] V_Compute: 29.032 V
[LIFT] V_Motors: 28.522 V
[LIFT] V_Compute: 29.070 V
[LIFT] V_Motors: 28.517 V
[LIFT] V_Compute: 29.072 V
[LIFT] V_Motors: 28.519 V
[LIFT] V_Compute: 29.020 V
[LIFT] V_Motors: 28.499 V
[LIFT] V_Compute: 29.040 V
[LIFT] V_Motors: 28.520 V
[LIFT] V_Compute: 29.040 V
[LIFT] V_Motors: 28.520 V
[LIFT] V_Compute: 29.031 V
[LIFT] V_Motors: 28.521 V
[LIFT] V_Compute: 29.027 V
[LIFT] V_Motors: 28.513 V
[LIFT] V_Compute: 29.045 V
[LIFT] V_Motors: 28.504 V
[LIFT] V_Compute: 29.010 V
[LIFT] V_Motors: 28.505 V
[LIFT] V_Compute: 29.039 V
[LIFT] V_Motors: 28.530 V
[LIFT] V_Compute: 29.034 V
[LIFT] V_Motors: 28.510 V
[LIFT] V_Compute: 29.026 V
[LIFT] V_Motors: 28.514 V
[LIFT] V_Compute: 29.032 V
[LIFT] V_Motors: 28.503 V
[LIFT] V_Compute: 29.015 V
[LIFT] V_Motors: 28.516 V
[LIFT] V_Compute: 29.022 V
[LIFT] V_Motors: 28.520 V
[LIFT] V_Compute: 29.035 V
[LIFT] V_Motors: 28.509 V
[LIFT] V_Compute: 29.041 V
[LIFT] V_Motors: 28.497 V
[LIFT] V_Compute: 29.035 V
[LIFT] V_Motors: 28.514 V
[LIFT] V_Compute: 29.054 V
[LIFT] V_Motors: 28.513 V
[LIFT] V_Compute: 29.036 V
[LIFT] V_Motors: 28.497 V
[LIFT] V_Compute: 29.029 V
[LIFT] V_Motors: 28.515 V
[LIFT] V_Compute: 29.039 V
[LIFT] V_Motors: 28.524 V
[LIFT] V_Compute: 29.036 V
[LIFT] V_Motors: 28.506 V
[LIFT] V_Compute: 29.046 V
[LIFT] V_Motors: 28.515 V
[LIFT] V_Compute: 29.051 V
[LIFT] V_Motors: 28.507 V
[LIFT] V_Compute: 29.020 V
[LIFT] V_Motors: 28.495 V
[LIFT] V_Compute: 29.039 V
[LIFT] V_Motors: 28.500 V
[LIFT] V_Compute: 29.040 V
[LIFT] V_Motors: 28.505 V
[LIFT] V_Compute: 29.058 V
[LIFT] V_Motors: 28.531 V
[LIFT] V_Compute: 29.058 V
[LIFT] V_Motors: 28.522 V
[LIFT] V_Compute: 29.055 V
[LIFT] V_Motors: 28.520 V
[LIFT] V_Compute: 29.036 V
[LIFT] V_Motors: 28.529 V
[LIFT] V_Compute: 29.045 V
[LIFT] V_Motors: 28.525 V
[LIFT] V_Compute: 29.046 V
[LIFT] V_Motors: 28.519 V
[LIFT] V_Compute: 29.059 V
[LIFT] V_Motors: 28.521 V
[LIFT] V_Compute: 29.031 V
[LIFT] V_Motors: 28.509 V
[LIFT] V_Compute: 29.042 V
[LIFT] V_Motors: 28.521 V
[LIFT] V_Compute: 29.061 V
[LIFT] V_Motors: 28.521 V
[LIFT] V_Compute: 29.034 V
[LIFT] V_Motors: 28.513 V
[LIFT] V_Compute: 29.051 V
[LIFT] V_Motors: 28.522 V
[LIFT] V_Compute: 29.046 V
[LIFT] V_Motors: 28.510 V
[LIFT] V_Compute: 29.036 V
[LIFT] V_Motors: 28.519 V
[LIFT] V_Compute: 29.046 V
[LIFT] V_Motors: 28.529 V
[LIFT] V_Compute: 29.025 V
[LIFT] V_Motors: 28.511 V
[LIFT] V_Compute: 29.027 V
[LIFT] V_Motors: 28.513 V
[LIFT] V_Compute: 29.048 V
[LIFT] V_Motors: 28.524 V
[LIFT] V_Compute: 29.058 V
[LIFT] V_Motors: 28.526 V
[LIFT] V_Compute: 29.042 V
[LIFT] V_Motors: 28.513 V
[LIFT] V_Compute: 29.045 V
[LIFT] V_Motors: 28.524 V
[LIFT] V_Compute: 29.038 V
[LIFT] V_Motors: 28.519 V
[LIFT] V_Compute: 29.036 V
[LIFT] V_Motors: 28.515 V
[LIFT] V_Compute: 29.058 V
[LIFT] V_Motors: 28.539 V
[LIFT] V_Compute: 29.036 V
[LIFT] V_Motors: 28.500 V
[LIFT] V_Compute: 29.038 V
[LIFT] V_Motors: 28.524 V
[LIFT] V_Compute: 29.046 V
[LIFT] V_Motors: 28.519 V
[LIFT] V_Compute: 29.040 V
[LIFT] V_Motors: 28.513 V
[LIFT] V_Compute: 29.034 V
[LIFT] V_Motors: 28.516 V
[LIFT] V_Compute: 29.060 V
[LIFT] V_Motors: 28.526 V
[LIFT] V_Compute: 29.041 V
[LIFT] V_Motors: 28.513 V
[LIFT] V_Compute: 29.039 V
[LIFT] V_Motors: 28.527 V
[LIFT] V_Compute: 29.058 V
[LIFT] V_Motors: 28.532 V
[LIFT] V_Compute: 29.031 V
[LIFT] V_Motors: 28.522 V
[LIFT] V_Compute: 29.060 V
[LIFT] V_Motors: 28.519 V
[LIFT] V_Compute: 29.045 V
[LIFT] V_Motors: 28.524 V
[LIFT] V_Compute: 29.040 V
[LIFT] V_Motors: 28.522 V
[LIFT] V_Compute: 29.036 V
[LIFT] V_Motors: 28.516 V
[LIFT] V_Compute: 29.048 V
[LIFT] V_Motors: 28.522 V
[LIFT] V_Compute: 29.048 V
[LIFT] V_Motors: 28.509 V
[LIFT] V_Compute: 29.032 V
[LIFT] V_Motors: 28.515 V
[LIFT] V_Compute: 29.042 V
[LIFT] V_Motors: 28.511 V
[LIFT] V_Compute: 29.045 V
[LIFT] V_Motors: 28.520 V
[LIFT] V_Compute: 29.058 V
[LIFT] V_Motors: 28.526 V
[LIFT] V_Compute: 29.039 V
[LIFT] V_Motors: 28.526 V
[LIFT] V_Compute: 29.049 V
[LIFT] V_Motors: 28.503 V
[LIFT] V_Compute: 29.034 V
[LIFT] V_Motors: 28.514 V
[LIFT] V_Compute: 29.062 V
[LIFT] V_Motors: 28.531 V
[LIFT] V_Compute: 29.041 V
[LIFT] V_Motors: 28.519 V
[LIFT] V_Compute: 29.050 V
[LIFT] V_Motors: 28.525 V
[LIFT] V_Compute: 29.044 V
[LIFT] V_Motors: 28.531 V
[LIFT] V_Compute: 29.024 V
[LIFT] V_Motors: 28.522 V
[LIFT] V_Compute: 29.027 V
[LIFT] V_Motors: 28.511 V
[LIFT] V_Compute: 29.029 V
[LIFT] V_Motors: 28.524 V
[LIFT] V_Compute: 29.024 V
[LIFT] V_Motors: 28.510 V
[LIFT] V_Compute: 29.051 V
[LIFT] V_Motors: 28.521 V
[LIFT] V_Compute: 29.040 V
[LIFT] V_Motors: 28.513 V
[LIFT] V_Compute: 29.048 V
[LIFT] V_Motors: 28.511 V
[LIFT] V_Compute: 29.056 V
[LIFT] V_Motors: 28.521 V
[LIFT] V_Compute: 29.046 V
[LIFT] V_Motors: 28.514 V
[LIFT] V_Compute: 29.035 V
[LIFT] V_Motors: 28.525 V
[LIFT] V_Compute: 29.048 V
[LIFT] V_Motors: 28.522 V
[LIFT] V_Compute: 29.006 V
[LIFT] V_Motors: 28.500 V
[LIFT] V_Compute: 29.017 V
[LIFT] V_Motors: 28.499 V
[LIFT] V_Compute: 29.030 V
[LIFT] V_Motors: 28.510 V
[LIFT] V_Compute: 29.040 V
[LIFT] V_Motors: 28.516 V
[LIFT] V_Compute: 29.044 V
[LIFT] V_Motors: 28.524 V
[LIFT] V_Compute: 29.045 V
[LIFT] V_Motors: 28.516 V
[LIFT] V_Compute: 29.049 V
[LIFT] V_Motors: 28.534 V
[LIFT] V_Compute: 29.056 V
[LIFT] V_Motors: 28.522 V
[LIFT] V_Compute: 29.049 V
[LIFT] V_Motors: 28.513 V
[LIFT] V_Compute: 29.032 V
[LIFT] V_Motors: 28.521 V
[LIFT] V_Compute: 29.039 V
[LIFT] V_Motors: 28.526 V
[LIFT] V_Compute: 29.050 V
[LIFT] V_Motors: 28.535 V
[LIFT] V_Compute: 29.024 V
[LIFT] V_Motors: 28.516 V
[LIFT] V_Compute: 29.044 V
[LIFT] V_Motors: 28.525 V
[LIFT] V_Compute: 29.046 V
[LIFT] V_Motors: 28.517 V
[LIFT] V_Compute: 29.049 V
[LIFT] V_Motors: 28.522 V
[LIFT] V_Compute: 29.041 V
[LIFT] V_Motors: 28.529 V
[LIFT] V_Compute: 29.076 V
[LIFT] V_Motors: 28.524 V
[LIFT] V_Compute: 29.029 V
[LIFT] V_Motors: 28.532 V
[LIFT] V_Compute: 29.060 V
[LIFT] V_Motors: 28.532 V
[LIFT] V_Compute: 29.041 V
[LIFT] V_Motors: 28.505 V
[LIFT] V_Compute: 29.041 V
[LIFT] V_Motors: 28.526 V
[LIFT] V_Compute: 29.048 V
[LIFT] V_Motors: 28.529 V
[LIFT] V_Compute: 29.051 V
[LIFT] V_Motors: 28.504 V
[LIFT] V_Compute: 29.050 V
[LIFT] V_Motors: 28.520 V
[LIFT] V_Compute: 29.041 V
[LIFT] V_Motors: 28.536 V
[LIFT] V_Compute: 29.039 V
[LIFT] V_Motors: 28.529 V
[LIFT] V_Compute: 29.040 V
[LIFT] V_Motors: 28.511 V
[LIFT] V_Compute: 29.051 V
[LIFT] V_Motors: 28.507 V
[LIFT] V_Compute: 29.072 V
[LIFT] V_Motors: 28.513 V
[LIFT] V_Compute: 29.045 V
[LIFT] V_Motors: 28.527 V
[LIFT] V_Compute: 29.060 V
[LIFT] V_Motors: 28.510 V
[LIFT] V_Compute: 29.034 V
[LIFT] V_Motors: 28.536 V
[LIFT] V_Compute: 29.069 V
[LIFT] V_Motors: 28.531 V
[LIFT] V_Compute: 29.059 V
[LIFT] V_Motors: 28.527 V
[LIFT] V_Compute: 29.035 V
[LIFT] V_Motors: 28.513 V
[LIFT] V_Compute: 29.051 V
[LIFT] V_Motors: 28.549 V
[LIFT] V_Compute: 29.050 V
[LIFT] V_Motors: 28.531 V
[LIFT] V_Compute: 29.052 V
[LIFT] V_Motors: 28.531 V
[LIFT] V_Compute: 29.056 V
[LIFT] V_Motors: 28.538 V
[LIFT] V_Compute: 29.036 V
[LIFT] V_Motors: 28.524 V
[LIFT] V_Compute: 29.059 V
[LIFT] V_Motors: 28.522 V
[LIFT] V_Compute: 29.076 V
[LIFT] V_Motors: 28.526 V
[LIFT] V_Compute: 29.048 V
[LIFT] V_Motors: 28.530 V
[LIFT] V_Compute: 29.059 V
[LIFT] V_Motors: 28.527 V
[LIFT] V_Compute: 29.051 V
[LIFT] V_Motors: 28.522 V
[LIFT] V_Compute: 29.051 V
[LIFT] V_Motors: 28.532 V
[LIFT] V_Compute: 29.044 V
[LIFT] V_Motors: 28.526 V
[LIFT] V_Compute: 29.054 V
[LIFT] V_Motors: 28.517 V
[LIFT] V_Compute: 29.058 V
[LIFT] V_Motors: 28.514 V
[LIFT] V_Compute: 29.061 V
[LIFT] V_Motors: 28.522 V
[LIFT] V_Compute: 29.049 V
[LIFT] V_Motors: 28.526 V
[LIFT] V_Compute: 29.058 V
[LIFT] V_Motors: 28.522 V
[LIFT] V_Compute: 29.060 V
[LIFT] V_Motors: 28.534 V
[LIFT] V_Compute: 29.041 V
[LIFT] V_Motors: 28.534 V
[LIFT] V_Compute: 29.055 V
[LIFT] V_Motors: 28.530 V
[LIFT] V_Compute: 29.036 V
[LIFT] V_Motors: 28.510 V
[LIFT] V_Compute: 29.058 V
[LIFT] V_Motors: 28.530 V
[LIFT] V_Compute: 29.055 V
[LIFT] V_Motors: 28.524 V
[LIFT] V_Compute: 29.045 V
[LIFT] V_Motors: 28.517 V
[LIFT] V_Compute: 29.042 V
[LIFT] V_Motors: 28.530 V
[LIFT] V_Compute: 29.034 V
[LIFT] V_Motors: 28.519 V
[LIFT] V_Compute: 29.055 V
[LIFT] V_Motors: 28.504 V
[LIFT] V_Compute: 29.050 V
[LIFT] V_Motors: 28.529 V
[LIFT] V_Compute: 29.049 V
[LIFT] V_Motors: 28.524 V
[LIFT] V_Compute: 29.050 V
[LIFT] V_Motors: 28.513 V
[LIFT] V_Compute: 29.058 V
[LIFT] V_Motors: 28.517 V
[LIFT] V_Compute: 29.059 V
[LIFT] V_Motors: 28.529 V
[LIFT] V_Compute: 29.052 V
[LIFT] V_Motors: 28.527 V
[LIFT] V_Compute: 29.046 V
[LIFT] V_Motors: 28.525 V
[LIFT] V_Compute: 29.072 V
[LIFT] V_Motors: 28.539 V
[LIFT] V_Compute: 29.040 V
[LIFT] V_Motors: 28.510 V
[LIFT] V_Compute: 29.050 V
[LIFT] V_Motors: 28.522 V
[LIFT] V_Compute: 29.036 V
[LIFT] V_Motors: 28.524 V
[LIFT] V_Compute: 29.062 V
[LIFT] V_Motors: 28.529 V
[LIFT] V_Compute: 29.054 V
[LIFT] V_Motors: 28.524 V
[LIFT] V_Compute: 29.029 V
[LIFT] V_Motors: 28.536 V
[LIFT] V_Compute: 29.048 V
[LIFT] V_Motors: 28.526 V
[LIFT] V_Compute: 29.060 V
[LIFT] V_Motors: 28.530 V
[LIFT] V_Compute: 29.048 V
[LIFT] V_Motors: 28.507 V
[LIFT] V_Compute: 29.066 V
[LIFT] V_Motors: 28.525 V
[LIFT] V_Compute: 29.024 V
[LIFT] V_Motors: 28.510 V
[LIFT] V_Compute: 29.061 V
[LIFT] V_Motors: 28.525 V
[LIFT] V_Compute: 29.056 V
[LIFT] V_Motors: 28.540 V
[LIFT] V_Compute: 29.036 V
[LIFT] V_Motors: 28.531 V
[LIFT] V_Compute: 29.054 V
[LIFT] V_Motors: 28.530 V
[LIFT] V_Compute: 29.054 V
[LIFT] V_Motors: 28.539 V
[LIFT] V_Compute: 29.056 V
[LIFT] V_Motors: 28.538 V
[LIFT] V_Compute: 29.051 V
[LIFT] V_Motors: 28.529 V
[LIFT] V_Compute: 29.072 V
[LIFT] V_Motors: 28.538 V
[LIFT] V_Compute: 29.038 V
[LIFT] V_Motors: 28.525 V
[LIFT] V_Compute: 29.049 V
[LIFT] V_Motors: 28.520 V
[LIFT] V_Compute: 29.049 V
[LIFT] V_Motors: 28.525 V
[LIFT] V_Compute: 29.041 V
[LIFT] V_Motors: 28.529 V
[LIFT] V_Compute: 29.049 V
[LIFT] V_Motors: 28.515 V
[LIFT] V_Compute: 29.038 V
[LIFT] V_Motors: 28.542 V
[LIFT] V_Compute: 29.045 V
[LIFT] V_Motors: 28.532 V
[LIFT] V_Compute: 29.036 V
[LIFT] V_Motors: 28.522 V
[LIFT] V_Compute: 29.027 V
[LIFT] V_Motors: 28.527 V
[LIFT] V_Compute: 29.039 V
[LIFT] V_Motors: 28.535 V
[LIFT] V_Compute: 29.062 V
[LIFT] V_Motors: 28.539 V
[LIFT] V_Compute: 29.050 V
[LIFT] V_Motors: 28.530 V
[LIFT] V_Compute: 29.065 V
[LIFT] V_Motors: 28.531 V
[LIFT] V_Compute: 29.059 V
[LIFT] V_Motors: 28.521 V
[LIFT] V_Compute: 29.049 V
[LIFT] V_Motors: 28.524 V
[LIFT] V_Compute: 29.035 V
[LIFT] V_Motors: 28.519 V
[LIFT] V_Compute: 29.038 V
[LIFT] V_Motors: 28.535 V
[LIFT] V_Compute: 29.020 V
[LIFT] V_Motors: 28.525 V
[LIFT] V_Compute: 29.049 V
[LIFT] V_Motors: 28.530 V
[LIFT] V_Compute: 29.067 V
[LIFT] V_Motors: 28.526 V
[LIFT] V_Compute: 29.049 V
[LIFT] V_Motors: 28.527 V
[LIFT] V_Compute: 29.054 V
[LIFT] V_Motors: 28.530 V
[LIFT] V_Compute: 29.038 V
[LIFT] V_Motors: 28.521 V
[LIFT] V_Compute: 29.059 V
[LIFT] V_Motors: 28.524 V
[LIFT] V_Compute: 29.045 V
[LIFT] V_Motors: 28.522 V
[LIFT] V_Compute: 29.056 V
[LIFT] V_Motors: 28.517 V
[LIFT] V_Compute: 29.042 V
[LIFT] V_Motors: 28.536 V
[LIFT] V_Compute: 29.042 V
[LIFT] V_Motors: 28.527 V
[LIFT] V_Compute: 29.039 V
[LIFT] V_Motors: 28.536 V
[LIFT] V_Compute: 29.060 V
[LIFT] V_Motors: 28.506 V
[LIFT] V_Compute: 29.025 V
[LIFT] V_Motors: 28.527 V
[LIFT] V_Compute: 29.040 V
[LIFT] V_Motors: 28.529 V
[LIFT] V_Compute: 29.055 V
[LIFT] V_Motors: 28.521 V
[LIFT] V_Compute: 29.041 V
[LIFT] V_Motors: 28.529 V
[LIFT] V_Compute: 29.065 V
[LIFT] V_Motors: 28.535 V
[LIFT] V_Compute: 29.038 V
[LIFT] V_Motors: 28.534 V
[LIFT] V_Compute: 29.065 V
[LIFT] V_Motors: 28.534 V
[LIFT] V_Compute: 29.072 V
[LIFT] V_Motors: 28.524 V
[LIFT] V_Compute: 29.048 V
[LIFT] V_Motors: 28.535 V
[LIFT] V_Compute: 29.046 V
[LIFT] V_Motors: 28.535 V
[LIFT] V_Compute: 29.075 V
[LIFT] V_Motors: 28.531 V
[LIFT] V_Compute: 29.039 V
[LIFT] V_Motors: 28.536 V
[LIFT] V_Compute: 29.054 V
[LIFT] V_Motors: 28.522 V
[LIFT] V_Compute: 29.070 V
[LIFT] V_Motors: 28.532 V
[LIFT] V_Compute: 29.069 V
[LIFT] V_Motors: 28.529 V
[LIFT] V_Compute: 29.058 V
[LIFT] V_Motors: 28.527 V
[LIFT] V_Compute: 29.045 V
[LIFT] V_Motors: 28.516 V
[LIFT] V_Compute: 29.066 V
[LIFT] V_Motors: 28.530 V
[LIFT] V_Compute: 29.048 V
[LIFT] V_Motors: 28.534 V
[LIFT] V_Compute: 29.052 V
[LIFT] V_Motors: 28.532 V
[LIFT] V_Compute: 29.058 V
[LIFT] V_Motors: 28.529 V
[LIFT] V_Compute: 29.045 V
[LIFT] V_Motors: 28.536 V
[LIFT] V_Compute: 29.065 V
[LIFT] V_Motors: 28.531 V
[LIFT] V_Compute: 29.069 V
[LIFT] V_Motors: 28.524 V
[LIFT] V_Compute: 29.066 V
[LIFT] V_Motors: 28.549 V
[LIFT] V_Compute: 29.062 V
[LIFT] V_Motors: 28.535 V
[LIFT] V_Compute: 29.079 V
[LIFT] V_Motors: 28.530 V
[LIFT] V_Compute: 29.039 V
[LIFT] V_Motors: 28.520 V
[LIFT] V_Compute: 29.046 V
[LIFT] V_Motors: 28.524 V
[LIFT] V_Compute: 29.059 V
[LIFT] V_Motors: 28.529 V
[LIFT] V_Compute: 29.042 V
[LIFT] V_Motors: 28.529 V
[LIFT] V_Compute: 29.061 V
[LIFT] V_Motors: 28.538 V
[LIFT] V_Compute: 29.051 V
[LIFT] V_Motors: 28.532 V
[LIFT] V_Compute: 29.069 V
[LIFT] V_Motors: 28.527 V
[LIFT] V_Compute: 29.055 V
[LIFT] V_Motors: 28.535 V
[LIFT] V_Compute: 29.051 V
[LIFT] V_Motors: 28.534 V
[LIFT] V_Compute: 29.066 V
[LIFT] V_Motors: 28.525 V
[LIFT] V_Compute: 29.065 V
[LIFT] V_Motors: 28.524 V
[LIFT] V_Compute: 29.049 V
[LIFT] V_Motors: 28.526 V
[LIFT] V_Compute: 29.061 V
[LIFT] V_Motors: 28.532 V
[LIFT] V_Compute: 29.038 V
[LIFT] V_Motors: 28.532 V
[LIFT] V_Compute: 29.055 V
[LIFT] V_Motors: 28.531 V
[LIFT] V_Compute: 29.058 V
[LIFT] V_Motors: 28.541 V
[LIFT] V_Compute: 29.046 V
[LIFT] V_Motors: 28.532 V
[LIFT] V_Compute: 29.038 V
[LIFT] V_Motors: 28.525 V
[LIFT] V_Compute: 29.049 V
[LIFT] V_Motors: 28.527 V
[LIFT] V_Compute: 29.079 V
[LIFT] V_Motors: 28.532 V
[LIFT] V_Compute: 29.054 V
[LIFT] V_Motors: 28.549 V
[LIFT] V_Compute: 29.066 V
[LIFT] V_Motors: 28.529 V
[LIFT] V_Compute: 29.048 V
[LIFT] V_Motors: 28.520 V
[LIFT] V_Compute: 29.062 V
[LIFT] V_Motors: 28.541 V
[LIFT] V_Compute: 29.062 V
[LIFT] V_Motors: 28.532 V
[LIFT] V_Compute: 29.040 V
[LIFT] V_Motors: 28.539 V
[LIFT] V_Compute: 29.070 V
[LIFT] V_Motors: 28.546 V
[LIFT] V_Compute: 29.054 V
[LIFT] V_Motors: 28.538 V
[LIFT] V_Compute: 29.040 V
[LIFT] V_Motors: 28.540 V
[LIFT] V_Compute: 29.060 V
[LIFT] V_Motors: 28.545 V
[LIFT] V_Compute: 29.039 V
[LIFT] V_Motors: 28.538 V
[LIFT] V_Compute: 29.034 V
[LIFT] V_Motors: 28.530 V
[LIFT] V_Compute: 29.060 V
[LIFT] V_Motors: 28.529 V
[LIFT] V_Compute: 29.048 V
[LIFT] V_Motors: 28.530 V
[LIFT] V_Compute: 29.056 V
[LIFT] V_Motors: 28.536 V
[LIFT] V_Compute: 29.044 V
[LIFT] V_Motors: 28.532 V
[LIFT] V_Compute: 29.055 V
[LIFT] V_Motors: 28.539 V
[LIFT] V_Compute: 29.074 V
[LIFT] V_Motors: 28.540 V
[LIFT] V_Compute: 29.046 V
[LIFT] V_Motors: 28.529 V
[LIFT] V_Compute: 29.074 V
[LIFT] V_Motors: 28.540 V
[LIFT] V_Compute: 29.061 V
[LIFT] V_Motors: 28.534 V
[LIFT] V_Compute: 29.045 V
[LIFT] V_Motors: 28.539 V
[LIFT] V_Compute: 29.074 V
[LIFT] V_Motors: 28.530 V
[LIFT] V_Compute: 29.075 V
[LIFT] V_Motors: 28.544 V
[LIFT] V_Compute: 29.060 V
[LIFT] V_Motors: 28.539 V
[LIFT] V_Compute: 29.071 V
[LIFT] V_Motors: 28.532 V
[LIFT] V_Compute: 29.059 V
[LIFT] V_Motors: 28.536 V
[LIFT] V_Compute: 29.056 V
[LIFT] V_Motors: 28.538 V
[LIFT] V_Compute: 29.036 V
[LIFT] V_Motors: 28.539 V
[LIFT] V_Compute: 29.055 V
[LIFT] V_Motors: 28.525 V
[LIFT] V_Compute: 29.041 V
[LIFT] V_Motors: 28.526 V
[LIFT] V_Compute: 29.061 V
[LIFT] V_Motors: 28.532 V
[LIFT] V_Compute: 29.074 V
[LIFT] V_Motors: 28.534 V
[LIFT] V_Compute: 29.036 V
[LIFT] V_Motors: 28.519 V
[LIFT] V_Compute: 29.060 V
[LIFT] V_Motors: 28.532 V
[LIFT] V_Compute: 29.056 V
[LIFT] V_Motors: 28.532 V
[LIFT] V_Compute: 29.061 V
[LIFT] V_Motors: 28.525 V
[LIFT] V_Compute: 29.069 V
[LIFT] V_Motors: 28.534 V
[LIFT] V_Compute: 29.058 V
[LIFT] V_Motors: 28.520 V
[LIFT] V_Compute: 29.049 V
[LIFT] V_Motors: 28.521 V
[LIFT] V_Compute: 29.054 V
[LIFT] V_Motors: 28.529 V
[LIFT] V_Compute: 29.060 V
[LIFT] V_Motors: 28.558 V
[LIFT] V_Compute: 29.089 V
[LIFT] V_Motors: 28.539 V
[LIFT] V_Compute: 29.071 V
[LIFT] V_Motors: 28.510 V
[LIFT] V_Compute: 29.061 V
[LIFT] V_Motors: 28.534 V
[LIFT] V_Compute: 29.066 V
[LIFT] V_Motors: 28.539 V
[LIFT] V_Compute: 29.056 V
[LIFT] V_Motors: 28.522 V
[LIFT] V_Compute: 29.040 V
[LIFT] V_Motors: 28.534 V
[LIFT] V_Compute: 29.036 V
[LIFT] V_Motors: 28.524 V
[LIFT] V_Compute: 29.050 V
[LIFT] V_Motors: 28.538 V
[LIFT] V_Compute: 29.054 V
[LIFT] V_Motors: 28.536 V
[LIFT] V_Compute: 29.062 V
[LIFT] V_Motors: 28.544 V
[LIFT] V_Compute: 29.059 V
[LIFT] V_Motors: 28.539 V
[LIFT] V_Compute: 29.031 V
[LIFT] V_Motors: 28.525 V
[LIFT] V_Compute: 29.074 V
[LIFT] V_Motors: 28.531 V
[LIFT] V_Compute: 29.058 V
[LIFT] V_Motors: 28.536 V
[LIFT] V_Compute: 29.046 V
[LIFT] V_Motors: 28.539 V
[LIFT] V_Compute: 29.064 V
[LIFT] V_Motors: 28.535 V
[LIFT] V_Compute: 29.060 V
[LIFT] V_Motors: 28.534 V
[LIFT] V_Compute: 29.059 V
[LIFT] V_Motors: 28.526 V
[LIFT] V_Compute: 29.066 V
[LIFT] V_Motors: 28.530 V
[LIFT] V_Compute: 29.048 V
[LIFT] V_Motors: 28.535 V
[LIFT] V_Compute: 29.040 V
[LIFT] V_Motors: 28.546 V
[LIFT] V_Compute: 29.079 V
[LIFT] V_Motors: 28.539 V
[LIFT] V_Compute: 29.052 V
[LIFT] V_Motors: 28.545 V
[LIFT] V_Compute: 29.080 V
[LIFT] V_Motors: 28.536 V
[LIFT] V_Compute: 29.046 V
[LIFT] V_Motors: 28.536 V
[LIFT] V_Compute: 29.062 V
[LIFT] V_Motors: 28.542 V
[LIFT] V_Compute: 29.051 V
[LIFT] V_Motors: 28.529 V
[LIFT] V_Compute: 29.071 V
[LIFT] V_Motors: 28.532 V
[LIFT] V_Compute: 29.062 V
[LIFT] V_Motors: 28.546 V
[LIFT] V_Compute: 29.071 V
[LIFT] V_Motors: 28.558 V
[LIFT] V_Compute: 29.059 V
[LIFT] V_Motors: 28.525 V
[LIFT] V_Compute: 29.051 V
[LIFT] V_Motors: 28.536 V
[LIFT] V_Compute: 29.059 V
[LIFT] V_Motors: 28.545 V
[LIFT] V_Compute: 29.054 V
[LIFT] V_Motors: 28.542 V
[LIFT] V_Compute: 29.056 V
[LIFT] V_Motors: 28.545 V
[LIFT] V_Compute: 29.045 V
[LIFT] V_Motors: 28.535 V
[LIFT] V_Compute: 29.071 V
[LIFT] V_Motors: 28.535 V
[LIFT] V_Compute: 29.062 V
[LIFT] V_Motors: 28.546 V
[LIFT] V_Compute: 29.083 V
[LIFT] V_Motors: 28.544 V
[LIFT] V_Compute: 29.038 V
[LIFT] V_Motors: 28.551 V
[LIFT] V_Compute: 29.044 V
[LIFT] V_Motors: 28.550 V
[LIFT] V_Compute: 29.066 V
[LIFT] V_Motors: 28.540 V
[LIFT] V_Compute: 29.062 V
[LIFT] V_Motors: 28.539 V
[LIFT] V_Compute: 29.090 V
[LIFT] V_Motors: 28.539 V
[LIFT] V_Compute: 29.076 V
[LIFT] V_Motors: 28.540 V
[LIFT] V_Compute: 29.060 V
[LIFT] V_Motors: 28.532 V
[LIFT] V_Compute: 29.054 V
[LIFT] V_Motors: 28.530 V
[LIFT] V_Compute: 29.055 V
[LIFT] V_Motors: 28.540 V
[LIFT] V_Compute: 29.051 V
[LIFT] V_Motors: 28.539 V
[LIFT] V_Compute: 29.084 V
[LIFT] V_Motors: 28.538 V
[LIFT] V_Compute: 29.069 V
[LIFT] V_Motors: 28.539 V
[LIFT] V_Compute: 29.042 V
[LIFT] V_Motors: 28.541 V
[LIFT] V_Compute: 29.050 V
[LIFT] V_Motors: 28.539 V
[LIFT] V_Compute: 29.060 V
[LIFT] V_Motors: 28.535 V
[LIFT] V_Compute: 29.061 V
[LIFT] V_Motors: 28.541 V
[LIFT] V_Compute: 29.046 V
[LIFT] V_Motors: 28.536 V
[LIFT] V_Compute: 29.067 V
[LIFT] V_Motors: 28.541 V
[LIFT] V_Compute: 29.075 V
[LIFT] V_Motors: 28.536 V
[LIFT] V_Compute: 29.048 V
[LIFT] V_Motors: 28.538 V
[LIFT] V_Compute: 29.067 V
[LIFT] V_Motors: 28.544 V
[LIFT] V_Compute: 29.070 V
[LIFT] V_Motors: 28.542 V
[LIFT] V_Compute: 29.064 V
[LIFT] V_Motors: 28.539 V
[LIFT] V_Compute: 29.062 V
[LIFT] V_Motors: 28.534 V
[LIFT] V_Compute: 29.066 V
[LIFT] V_Motors: 28.542 V
[LIFT] V_Compute: 29.059 V
[LIFT] V_Motors: 28.538 V
[LIFT] V_Compute: 29.054 V
[LIFT] V_Motors: 28.542 V
[LIFT] V_Compute: 29.067 V
[LIFT] V_Motors: 28.536 V
[LIFT] V_Compute: 29.070 V
[LIFT] V_Motors: 28.539 V
[LIFT] V_Compute: 29.049 V
[LIFT] V_Motors: 28.535 V
[LIFT] V_Compute: 29.045 V
[LIFT] V_Motors: 28.539 V
[LIFT] V_Compute: 29.056 V
[LIFT] V_Motors: 28.544 V
[LIFT] V_Compute: 29.077 V
[LIFT] V_Motors: 28.541 V
[LIFT] V_Compute: 29.065 V
[LIFT] V_Motors: 28.540 V
[LIFT] V_Compute: 29.054 V
[LIFT] V_Motors: 28.549 V
[LIFT] V_Compute: 29.072 V
[LIFT] V_Motors: 28.542 V
[LIFT] V_Compute: 29.071 V
[LIFT] V_Motors: 28.538 V
[LIFT] V_Compute: 29.069 V
[LIFT] V_Motors: 28.541 V
[LIFT] V_Compute: 29.061 V
[LIFT] V_Motors: 28.536 V
[LIFT] V_Compute: 29.067 V
[LIFT] V_Motors: 28.532 V
[LIFT] V_Compute: 29.052 V
[LIFT] V_Motors: 28.541 V
[LIFT] V_Compute: 29.065 V
[LIFT] V_Motors: 28.529 V
[LIFT] V_Compute: 29.077 V
[LIFT] V_Motors: 28.548 V
[LIFT] V_Compute: 29.077 V
[LIFT] V_Motors: 28.539 V
[LIFT] V_Compute: 29.052 V
[LIFT] V_Motors: 28.536 V
[LIFT] V_Compute: 29.062 V
[LIFT] V_Motors: 28.539 V
[LIFT] V_Compute: 29.045 V
[LIFT] V_Motors: 28.529 V
[LIFT] V_Compute: 29.061 V
[LIFT] V_Motors: 28.540 V
[LIFT] V_Compute: 29.059 V
[LIFT] V_Motors: 28.546 V
[LIFT] V_Compute: 29.058 V
[LIFT] V_Motors: 28.546 V
[LIFT] V_Compute: 29.066 V
[LIFT] V_Motors: 28.539 V
[LIFT] V_Compute: 29.055 V
[LIFT] V_Motors: 28.539 V
[LIFT] V_Compute: 29.064 V
[LIFT] V_Motors: 28.539 V
[LIFT] V_Compute: 29.060 V
[LIFT] V_Motors: 28.545 V
[LIFT] V_Compute: 29.075 V
[LIFT] V_Motors: 28.534 V
[LIFT] V_Compute: 29.075 V
[LIFT] V_Motors: 28.520 V
[LIFT] V_Compute: 29.034 V
[LIFT] V_Motors: 28.520 V
[LIFT] V_Compute: 29.062 V
[LIFT] V_Motors: 28.535 V
[LIFT] V_Compute: 29.025 V
[LIFT] V_Motors: 28.531 V
[LIFT] V_Compute: 29.061 V
[LIFT] V_Motors: 28.542 V
[LIFT] V_Compute: 29.067 V
[LIFT] V_Motors: 28.544 V
[LIFT] V_Compute: 29.077 V
[LIFT] V_Motors: 28.515 V
[LIFT] V_Compute: 29.056 V
[LIFT] V_Motors: 28.551 V
[LIFT] V_Compute: 29.065 V
[LIFT] V_Motors: 28.535 V
[LIFT] V_Compute: 29.051 V
[LIFT] V_Motors: 28.530 V
[LIFT] V_Compute: 29.046 V
[LIFT] V_Motors: 28.550 V
[LIFT] V_Compute: 29.077 V
[LIFT] V_Motors: 28.550 V
[LIFT] V_Compute: 29.050 V
[LIFT] V_Motors: 28.546 V
[LIFT] V_Compute: 29.046 V
[LIFT] V_Motors: 28.531 V
[LIFT] V_Compute: 29.075 V
[LIFT] V_Motors: 28.539 V
[LIFT] V_Compute: 29.065 V
[LIFT] V_Motors: 28.549 V
[LIFT] V_Compute: 29.079 V
[LIFT] V_Motors: 28.540 V
[LIFT] V_Compute: 29.074 V
[LIFT] V_Motors: 28.542 V
[LIFT] V_Compute: 29.069 V
[LIFT] V_Motors: 28.541 V
[LIFT] V_Compute: 29.054 V
[LIFT] V_Motors: 28.534 V
[LIFT] V_Compute: 29.049 V
[LIFT] V_Motors: 28.540 V
[LIFT] V_Compute: 29.070 V
[LIFT] V_Motors: 28.541 V
[LIFT] V_Compute: 29.079 V
[LIFT] V_Motors: 28.539 V
[LIFT] V_Compute: 29.066 V
[LIFT] V_Motors: 28.550 V
[LIFT] V_Compute: 29.076 V
[LIFT] V_Motors: 28.544 V
[LIFT] V_Compute: 29.065 V
[LIFT] V_Motors: 28.531 V
[LIFT] V_Compute: 29.077 V
[LIFT] V_Motors: 28.529 V
[LIFT] V_Compute: 29.048 V
[LIFT] V_Motors: 28.541 V
[LIFT] V_Compute: 29.064 V
[LIFT] V_Motors: 28.544 V
[LIFT] V_Compute: 29.036 V
[LIFT] V_Motors: 28.530 V
[LIFT] V_Compute: 29.056 V
[LIFT] V_Motors: 28.538 V
[LIFT] V_Compute: 29.079 V
[LIFT] V_Motors: 28.544 V
[LIFT] V_Compute: 29.048 V
[LIFT] V_Motors: 28.539 V
[LIFT] V_Compute: 29.048 V
[LIFT] V_Motors: 28.550 V
[LIFT] V_Compute: 29.069 V
[LIFT] V_Motors: 28.544 V
[LIFT] V_Compute: 29.052 V
[LIFT] V_Motors: 28.565 V
[LIFT] V_Compute: 29.105 V
[LIFT] V_Motors: 28.559 V
[LIFT] V_Compute: 29.060 V
[LIFT] V_Motors: 28.545 V
[LIFT] V_Compute: 29.058 V
[LIFT] V_Motors: 28.540 V
[LIFT] V_Compute: 29.066 V
[LIFT] V_Motors: 28.529 V
[LIFT] V_Compute: 29.079 V
[LIFT] V_Motors: 28.534 V
[LIFT] V_Compute: 29.076 V
[LIFT] V_Motors: 28.552 V
[LIFT] V_Compute: 29.055 V
[LIFT] V_Motors: 28.555 V
[LIFT] V_Compute: 29.070 V
[LIFT] V_Motors: 28.552 V
[LIFT] V_Compute: 29.079 V
[LIFT] V_Motors: 28.541 V
[LIFT] V_Compute: 29.074 V
[LIFT] V_Motors: 28.546 V
[LIFT] V_Compute: 29.077 V
[LIFT] V_Motors: 28.540 V
[LIFT] V_Compute: 29.083 V
[LIFT] V_Motors: 28.554 V
[LIFT] V_Compute: 29.058 V
[LIFT] V_Motors: 28.559 V
[LIFT] V_Compute: 29.061 V
[LIFT] V_Motors: 28.530 V
[LIFT] V_Compute: 29.045 V
[LIFT] V_Motors: 28.531 V
[LIFT] V_Compute: 29.070 V
[LIFT] V_Motors: 28.556 V
[LIFT] V_Compute: 29.050 V
[LIFT] V_Motors: 28.560 V
[LIFT] V_Compute: 29.066 V
[LIFT] V_Motors: 28.540 V
[LIFT] V_Compute: 29.052 V
[LIFT] V_Motors: 28.538 V
[LIFT] V_Compute: 29.045 V
[LIFT] V_Motors: 28.534 V
[LIFT] V_Compute: 29.083 V
[LIFT] V_Motors: 28.548 V
[LIFT] V_Compute: 29.065 V
[LIFT] V_Motors: 28.554 V
[LIFT] V_Compute: 29.050 V
[LIFT] V_Motors: 28.552 V
[LIFT] V_Compute: 29.034 V
[LIFT] V_Motors: 28.526 V
[LIFT] V_Compute: 29.066 V
[LIFT] V_Motors: 28.548 V
[LIFT] V_Compute: 29.077 V
[LIFT] V_Motors: 28.545 V
[LIFT] V_Compute: 29.048 V
[LIFT] V_Motors: 28.550 V
[LIFT] V_Compute: 29.062 V
[LIFT] V_Motors: 28.542 V
[LIFT] V_Compute: 29.085 V
[LIFT] V_Motors: 28.546 V
[LIFT] V_Compute: 29.064 V
[LIFT] V_Motors: 28.552 V
[LIFT] V_Compute: 29.040 V
[LIFT] V_Motors: 28.546 V
[LIFT] V_Compute: 29.061 V
[LIFT] V_Motors: 28.548 V
[LIFT] V_Compute: 29.066 V
[LIFT] V_Motors: 28.539 V
[LIFT] V_Compute: 29.075 V
[LIFT] V_Motors: 28.560 V
[LIFT] V_Compute: 29.066 V
[LIFT] V_Motors: 28.545 V
[LIFT] V_Compute: 29.064 V
[LIFT] V_Motors: 28.538 V
[LIFT] V_Compute: 29.062 V
[LIFT] V_Motors: 28.544 V
[LIFT] V_Compute: 29.070 V
[LIFT] V_Motors: 28.540 V
[LIFT] V_Compute: 29.062 V
[LIFT] V_Motors: 28.554 V
[LIFT] V_Compute: 29.030 V
[LIFT] V_Motors: 28.536 V
[LIFT] V_Compute: 29.058 V
[LIFT] V_Motors: 28.551 V
[LIFT] V_Compute: 29.065 V
[LIFT] V_Motors: 28.535 V
[LIFT] V_Compute: 29.056 V
[LIFT] V_Motors: 28.539 V
[LIFT] V_Compute: 29.069 V
[LIFT] V_Motors: 28.555 V
[LIFT] V_Compute: 29.058 V
[LIFT] V_Motors: 28.551 V
[LIFT] V_Compute: 29.079 V
[LIFT] V_Motors: 28.548 V
[LIFT] V_Compute: 29.045 V
[LIFT] V_Motors: 28.552 V
[LIFT] V_Compute: 29.048 V
[LIFT] V_Motors: 28.548 V
[LIFT] V_Compute: 29.062 V
[LIFT] V_Motors: 28.544 V
[LIFT] V_Compute: 29.069 V
[LIFT] V_Motors: 28.549 V
[LIFT] V_Compute: 29.079 V
[LIFT] V_Motors: 28.554 V
[LIFT] V_Compute: 29.059 V
[LIFT] V_Motors: 28.540 V
[LIFT] V_Compute: 29.075 V
[LIFT] V_Motors: 28.562 V
[LIFT] V_Compute: 29.071 V
[LIFT] V_Motors: 28.551 V
[LIFT] V_Compute: 29.059 V
[LIFT] V_Motors: 28.540 V
[LIFT] V_Compute: 29.071 V
[LIFT] V_Motors: 28.542 V
[LIFT] V_Compute: 29.066 V
[LIFT] V_Motors: 28.542 V
[LIFT] V_Compute: 29.080 V
[LIFT] V_Motors: 28.551 V
[LIFT] V_Compute: 29.069 V
[LIFT] V_Motors: 28.558 V
[LIFT] V_Compute: 29.072 V
[LIFT] V_Motors: 28.550 V
[LIFT] V_Compute: 29.084 V
[LIFT] V_Motors: 28.549 V
[LIFT] V_Compute: 29.056 V
[LIFT] V_Motors: 28.539 V
[LIFT] V_Compute: 29.067 V
[LIFT] V_Motors: 28.554 V
[LIFT] V_Compute: 29.074 V
[LIFT] V_Motors: 28.556 V
[LIFT] V_Compute: 29.084 V
[LIFT] V_Motors: 28.540 V
[LIFT] V_Compute: 29.064 V
[LIFT] V_Motors: 28.556 V
[LIFT] V_Compute: 29.067 V
[LIFT] V_Motors: 28.545 V
[LIFT] V_Compute: 29.081 V
[LIFT] V_Motors: 28.540 V
[LIFT] V_Compute: 29.077 V
[LIFT] V_Motors: 28.560 V
[LIFT] V_Compute: 29.051 V
[LIFT] V_Motors: 28.554 V
[LIFT] V_Compute: 29.066 V
[LIFT] V_Motors: 28.555 V
[LIFT] V_Compute: 29.070 V
[LIFT] V_Motors: 28.550 V
[LIFT] V_Compute: 29.070 V
[LIFT] V_Motors: 28.539 V
[LIFT] V_Compute: 29.072 V
[LIFT] V_Motors: 28.544 V
[LIFT] V_Compute: 29.067 V
[LIFT] V_Motors: 28.556 V
[LIFT] V_Compute: 29.065 V
[LIFT] V_Motors: 28.555 V
[LIFT] V_Compute: 29.066 V
[LIFT] V_Motors: 28.539 V
[LIFT] V_Compute: 29.072 V
[LIFT] V_Motors: 28.545 V
[LIFT] V_Compute: 29.058 V
[LIFT] V_Motors: 28.555 V
[LIFT] V_Compute: 29.075 V
[LIFT] V_Motors: 28.546 V
[LIFT] V_Compute: 29.054 V
[LIFT] V_Motors: 28.545 V
[LIFT] V_Compute: 29.076 V
[LIFT] V_Motors: 28.544 V
[LIFT] V_Compute: 29.095 V
[LIFT] V_Motors: 28.542 V
[LIFT] V_Compute: 29.075 V
[LIFT] V_Motors: 28.558 V
[LIFT] V_Compute: 29.041 V
[LIFT] V_Motors: 28.539 V
[LIFT] V_Compute: 29.099 V
[LIFT] V_Motors: 28.558 V
[LIFT] V_Compute: 29.054 V
[LIFT] V_Motors: 28.550 V
[LIFT] V_Compute: 29.071 V
[LIFT] V_Motors: 28.554 V
[LIFT] V_Compute: 29.077 V
[LIFT] V_Motors: 28.556 V
[LIFT] V_Compute: 29.072 V
[LIFT] V_Motors: 28.572 V
[LIFT] V_Compute: 29.083 V
[LIFT] V_Motors: 28.549 V
[LIFT] V_Compute: 29.077 V
[LIFT] V_Motors: 28.552 V
[LIFT] V_Compute: 29.084 V
[LIFT] V_Motors: 28.546 V
[LIFT] V_Compute: 29.064 V
[LIFT] V_Motors: 28.552 V
[LIFT] V_Compute: 29.081 V
[LIFT] V_Motors: 28.554 V
[LIFT] V_Compute: 29.079 V
[LIFT] V_Motors: 28.541 V
[LIFT] V_Compute: 29.080 V
[LIFT] V_Motors: 28.555 V
[LIFT] V_Compute: 29.099 V
[LIFT] V_Motors: 28.530 V
[LIFT] V_Compute: 29.066 V
[LIFT] V_Motors: 28.536 V
[LIFT] V_Compute: 29.085 V
[LIFT] V_Motors: 28.542 V
[LIFT] V_Compute: 29.062 V
[LIFT] V_Motors: 28.538 V
[LIFT] V_Compute: 29.070 V
[LIFT] V_Motors: 28.556 V
[LIFT] V_Compute: 29.070 V
[LIFT] V_Motors: 28.559 V
[LIFT] V_Compute: 29.084 V
[LIFT] V_Motors: 28.535 V
[LIFT] V_Compute: 29.086 V
[LIFT] V_Motors: 28.551 V
[LIFT] V_Compute: 29.072 V
[LIFT] V_Motors: 28.565 V
[LIFT] V_Compute: 29.091 V
[LIFT] V_Motors: 28.560 V
[LIFT] V_Compute: 29.067 V
[LIFT] V_Motors: 28.541 V
[LIFT] V_Compute: 29.086 V
[LIFT] V_Motors: 28.552 V
[LIFT] V_Compute: 29.069 V
[LIFT] V_Motors: 28.540 V
[LIFT] V_Compute: 29.074 V
[LIFT] V_Motors: 28.551 V
[LIFT] V_Compute: 29.084 V
[LIFT] V_Motors: 28.549 V
[LIFT] V_Compute: 29.079 V
[LIFT] V_Motors: 28.556 V
[LIFT] V_Compute: 29.075 V
[LIFT] V_Motors: 28.556 V
[LIFT] V_Compute: 29.074 V
[LIFT] V_Motors: 28.554 V
[LIFT] V_Compute: 29.075 V
[LIFT] V_Motors: 28.546 V
[LIFT] V_Compute: 29.066 V
[LIFT] V_Motors: 28.552 V
[LIFT] V_Compute: 29.086 V
[LIFT] V_Motors: 28.562 V
[LIFT] V_Compute: 29.074 V
[LIFT] V_Motors: 28.546 V
[LIFT] V_Compute: 29.077 V
[LIFT] V_Motors: 28.558 V
[LIFT] V_Compute: 29.071 V
[LIFT] V_Motors: 28.556 V
[LIFT] V_Compute: 29.081 V
[LIFT] V_Motors: 28.559 V
[LIFT] V_Compute: 29.070 V
[LIFT] V_Motors: 28.566 V
[LIFT] V_Compute: 29.051 V
[LIFT] V_Motors: 28.530 V
[LIFT] V_Compute: 29.048 V
[LIFT] V_Motors: 28.552 V
[LIFT] V_Compute: 29.076 V
[LIFT] V_Motors: 28.556 V
[LIFT] V_Compute: 29.070 V
[LIFT] V_Motors: 28.552 V
[LIFT] V_Compute: 29.054 V
[LIFT] V_Motors: 28.560 V
[LIFT] V_Compute: 29.070 V
[LIFT] V_Motors: 28.552 V
[LIFT] V_Compute: 29.087 V
[LIFT] V_Motors: 28.555 V
[LIFT] V_Compute: 29.065 V
[LIFT] V_Motors: 28.561 V
[LIFT] V_Compute: 29.049 V
[LIFT] V_Motors: 28.551 V
[LIFT] V_Compute: 29.087 V
[LIFT] V_Motors: 28.562 V
[LIFT] V_Compute: 29.061 V
[LIFT] V_Motors: 28.555 V
[LIFT] V_Compute: 29.027 V
[LIFT] V_Motors: 28.546 V
[LIFT] V_Compute: 29.066 V
[LIFT] V_Motors: 28.538 V
[LIFT] V_Compute: 29.081 V
[LIFT] V_Motors: 28.559 V
[LIFT] V_Compute: 29.079 V
[LIFT] V_Motors: 28.550 V
[LIFT] V_Compute: 29.071 V
[LIFT] V_Motors: 28.550 V
[LIFT] V_Compute: 29.099 V
[LIFT] V_Motors: 28.549 V
[LIFT] V_Compute: 29.065 V
[LIFT] V_Motors: 28.560 V
[LIFT] V_Compute: 29.062 V
[LIFT] V_Motors: 28.552 V
[LIFT] V_Compute: 29.085 V
[LIFT] V_Motors: 28.560 V
[LIFT] V_Compute: 29.075 V
[LIFT] V_Motors: 28.561 V
[LIFT] V_Compute: 29.075 V
[LIFT] V_Motors: 28.545 V
[LIFT] V_Compute: 29.067 V
[LIFT] V_Motors: 28.569 V
[LIFT] V_Compute: 29.076 V
[LIFT] V_Motors: 28.558 V
[LIFT] V_Compute: 29.081 V
[LIFT] V_Motors: 28.551 V
[LIFT] V_Compute: 29.064 V
[LIFT] V_Motors: 28.556 V
[LIFT] V_Compute: 29.066 V
[LIFT] V_Motors: 28.561 V
[LIFT] V_Compute: 29.085 V
[LIFT] V_Motors: 28.555 V
[LIFT] V_Compute: 29.074 V
[LIFT] V_Motors: 28.554 V
[LIFT] V_Compute: 29.089 V
[LIFT] V_Motors: 28.555 V
[LIFT] V_Compute: 29.083 V
[LIFT] V_Motors: 28.556 V
[LIFT] V_Compute: 29.074 V
[LIFT] V_Motors: 28.558 V
[LIFT] V_Compute: 29.072 V
[LIFT] V_Motors: 28.555 V
[LIFT] V_Compute: 29.087 V
[LIFT] V_Motors: 28.555 V
[LIFT] V_Compute: 29.054 V
[LIFT] V_Motors: 28.550 V
[LIFT] V_Compute: 29.075 V
[LIFT] V_Motors: 28.559 V
[LIFT] V_Compute: 29.083 V
[LIFT] V_Motors: 28.565 V
[LIFT] V_Compute: 29.074 V
[LIFT] V_Motors: 28.556 V
[LIFT] V_Compute: 29.080 V
[LIFT] V_Motors: 28.559 V
[LIFT] V_Compute: 29.094 V
[LIFT] V_Motors: 28.564 V
[LIFT] V_Compute: 29.084 V
[LIFT] V_Motors: 28.564 V
[LIFT] V_Compute: 29.091 V
[LIFT] V_Motors: 28.558 V
[LIFT] V_Compute: 29.072 V
[LIFT] V_Motors: 28.550 V
[LIFT] V_Compute: 29.084 V
[LIFT] V_Motors: 28.550 V
[LIFT] V_Compute: 29.077 V
[LIFT] V_Motors: 28.562 V
[LIFT] V_Compute: 29.083 V
[LIFT] V_Motors: 28.555 V
[LIFT] V_Compute: 29.059 V
[LIFT] V_Motors: 28.559 V
[LIFT] V_Compute: 29.099 V
[LIFT] V_Motors: 28.552 V
[LIFT] V_Compute: 29.091 V
[LIFT] V_Motors: 28.556 V
[LIFT] V_Compute: 29.071 V
[LIFT] V_Motors: 28.542 V
[LIFT] V_Compute: 29.030 V
[LIFT] V_Motors: 28.572 V
[LIFT] V_Compute: 29.079 V
[LIFT] V_Motors: 28.550 V
[LIFT] V_Compute: 29.050 V
[LIFT] V_Motors: 28.552 V
[LIFT] V_Compute: 29.070 V
[LIFT] V_Motors: 28.555 V
[LIFT] V_Compute: 29.046 V
[LIFT] V_Motors: 28.544 V
[LIFT] V_Compute: 29.059 V
[LIFT] V_Motors: 28.552 V
[LIFT] V_Compute: 29.070 V
[LIFT] V_Motors: 28.560 V
[LIFT] V_Compute: 29.058 V
[LIFT] V_Motors: 28.551 V
[LIFT] V_Compute: 29.075 V
[LIFT] V_Motors: 28.551 V
[LIFT] V_Compute: 29.075 V
[LIFT] V_Motors: 28.549 V
[LIFT] V_Compute: 29.085 V
[LIFT] V_Motors: 28.550 V
[LIFT] V_Compute: 29.080 V
[LIFT] V_Motors: 28.539 V
[LIFT] V_Compute: 29.081 V
[LIFT] V_Motors: 28.556 V
[LIFT] V_Compute: 29.085 V
[LIFT] V_Motors: 28.558 V
[LIFT] V_Compute: 29.056 V
[LIFT] V_Motors: 28.577 V
[LIFT] V_Compute: 29.087 V
[LIFT] V_Motors: 28.561 V
[LIFT] V_Compute: 29.074 V
[LIFT] V_Motors: 28.546 V
[LIFT] V_Compute: 29.071 V
[LIFT] V_Motors: 28.551 V
[LIFT] V_Compute: 29.059 V
[LIFT] V_Motors: 28.567 V
[LIFT] V_Compute: 29.086 V
[LIFT] V_Motors: 28.551 V
[LIFT] V_Compute: 29.081 V
[LIFT] V_Motors: 28.560 V
[LIFT] V_Compute: 29.089 V
[LIFT] V_Motors: 28.556 V
[LIFT] V_Compute: 29.058 V
[LIFT] V_Motors: 28.532 V
[LIFT] V_Compute: 29.067 V
[LIFT] V_Motors: 28.567 V
[LIFT] V_Compute: 29.056 V
[LIFT] V_Motors: 28.554 V
[LIFT] V_Compute: 29.064 V
[LIFT] V_Motors: 28.541 V
[LIFT] V_Compute: 29.085 V
[LIFT] V_Motors: 28.581 V
[LIFT] V_Compute: 29.045 V
[LIFT] V_Motors: 28.440 V
[LIFT] V_Compute: 29.050 V
[LIFT] V_Motors: 28.435 V
[LIFT] V_Compute: 29.077 V
[LIFT] V_Motors: 28.449 V
[LIFT] V_Compute: 29.090 V
[LIFT] V_Motors: 28.436 V
[LIFT] V_Compute: 29.072 V
[LIFT] V_Motors: 28.433 V
[LIFT] V_Compute: 29.052 V
[LIFT] V_Motors: 28.431 V
[LIFT] V_Compute: 29.070 V
[LIFT] V_Motors: 28.426 V
[LIFT] V_Compute: 29.058 V
[LIFT] V_Motors: 28.424 V
[LIFT] V_Compute: 29.076 V
[LIFT] V_Motors: 28.423 V
[LIFT] V_Compute: 29.075 V
[LIFT] V_Motors: 28.429 V
[LIFT] V_Compute: 29.065 V
[LIFT] V_Motors: 28.421 V
[LIFT] V_Compute: 28.981 V
[LIFT] V_Motors: 28.426 V
[LIFT] V_Compute: 28.971 V
[LIFT] V_Motors: 28.423 V
[LIFT] V_Compute: 28.978 V
[LIFT] V_Motors: 28.427 V
[LIFT] V_Compute: 28.974 V
[LIFT] V_Motors: 28.427 V
[LIFT] V_Compute: 28.970 V
[LIFT] V_Motors: 28.420 V
[LIFT] V_Compute: 28.972 V
[LIFT] V_Motors: 28.423 V
[LIFT] V_Compute: 28.961 V
[LIFT] V_Motors: 28.411 V
[LIFT] V_Compute: 28.964 V
[LIFT] V_Motors: 28.419 V
[LIFT] V_Compute: 28.969 V
[LIFT] V_Motors: 28.423 V
[LIFT] V_Compute: 28.958 V
[LIFT] V_Motors: 28.410 V
[LIFT] V_Compute: 28.955 V
[LIFT] V_Motors: 28.360 V
[LIFT] V_Compute: 28.955 V
[LIFT] V_Motors: 28.380 V
[LIFT] V_Compute: 28.961 V
[LIFT] V_Motors: 28.384 V
[LIFT] V_Compute: 28.956 V
[LIFT] V_Motors: 28.369 V
[LIFT] V_Compute: 28.962 V
[LIFT] V_Motors: 28.382 V
[LIFT] V_Compute: 28.952 V
[LIFT] V_Motors: 28.292 V
[LIFT] V_Compute: 28.964 V
[LIFT] V_Motors: 28.364 V
[LIFT] V_Compute: 28.960 V
[LIFT] V_Motors: 28.420 V
[LIFT] V_Compute: 28.947 V
[LIFT] V_Motors: 28.351 V
[LIFT] V_Compute: 28.954 V
[LIFT] V_Motors: 28.405 V
[LIFT] V_Compute: 28.949 V
[LIFT] V_Motors: 28.406 V
[LIFT] V_Compute: 28.954 V
[LIFT] V_Motors: 28.402 V
[LIFT] V_Compute: 28.952 V
[LIFT] V_Motors: 28.406 V
[LIFT] V_Compute: 28.954 V
[LIFT] V_Motors: 28.402 V
[LIFT] V_Compute: 28.951 V
[LIFT] V_Motors: 28.402 V
[LIFT] V_Compute: 28.944 V
[LIFT] V_Motors: 28.391 V
[LIFT] V_Compute: 28.947 V
[LIFT] V_Motors: 28.401 V
[LIFT] V_Compute: 28.944 V
[LIFT] V_Motors: 28.402 V
[LIFT] V_Compute: 28.935 V
[LIFT] V_Motors: 28.395 V
[LIFT] V_Compute: 28.945 V
[LIFT] V_Motors: 28.400 V
[LIFT] V_Compute: 28.926 V
[LIFT] V_Motors: 28.386 V
[LIFT] V_Compute: 28.939 V
[LIFT] V_Motors: 28.405 V
[LIFT] V_Compute: 28.947 V
[LIFT] V_Motors: 28.404 V
[LIFT] V_Compute: 28.952 V
[LIFT] V_Motors: 28.308 V
[LIFT] V_Compute: 28.941 V
[LIFT] V_Motors: 28.356 V
[LIFT] V_Compute: 28.945 V
[LIFT] V_Motors: 28.354 V
[LIFT] V_Compute: 28.947 V
[LIFT] V_Motors: 28.295 V
[LIFT] V_Compute: 28.934 V
[LIFT] V_Motors: 28.350 V
[LIFT] V_Compute: 28.952 V
[LIFT] V_Motors: 28.375 V
[LIFT] V_Compute: 28.949 V
[LIFT] V_Motors: 28.286 V
[LIFT] V_Compute: 28.941 V
[LIFT] V_Motors: 28.353 V
[LIFT] V_Compute: 28.949 V
[LIFT] V_Motors: 28.356 V
[LIFT] V_Compute: 28.941 V
[LIFT] V_Motors: 28.360 V
[LIFT] V_Compute: 28.944 V
[LIFT] V_Motors: 28.347 V
[LIFT] V_Compute: 28.941 V
[LIFT] V_Motors: 28.364 V
[LIFT] V_Compute: 28.939 V
[LIFT] V_Motors: 28.353 V
[LIFT] V_Compute: 28.941 V
[LIFT] V_Motors: 28.345 V
[LIFT] V_Compute: 28.937 V
[LIFT] V_Motors: 28.356 V
[LIFT] V_Compute: 28.931 V
[LIFT] V_Motors: 28.360 V
[LIFT] V_Compute: 28.936 V
[LIFT] V_Motors: 28.368 V
[LIFT] V_Compute: 28.937 V
[LIFT] V_Motors: 28.326 V
[LIFT] V_Compute: 28.939 V
[LIFT] V_Motors: 28.370 V
[LIFT] V_Compute: 28.944 V
[LIFT] V_Motors: 28.386 V
[LIFT] V_Compute: 28.940 V
[LIFT] V_Motors: 28.361 V
[LIFT] V_Compute: 28.934 V
[LIFT] V_Motors: 28.382 V
[LIFT] V_Compute: 28.939 V
[LIFT] V_Motors: 28.381 V
[LIFT] V_Compute: 28.930 V
[LIFT] V_Motors: 28.374 V
[LIFT] V_Compute: 28.935 V
[LIFT] V_Motors: 28.378 V
[LIFT] V_Compute: 28.930 V
[LIFT] V_Motors: 28.378 V
[LIFT] V_Compute: 28.940 V
[LIFT] V_Motors: 28.351 V
[LIFT] V_Compute: 28.934 V
[LIFT] V_Motors: 28.355 V
[LIFT] V_Compute: 28.937 V
[LIFT] V_Motors: 28.350 V
[LIFT] V_Compute: 28.941 V
[LIFT] V_Motors: 28.356 V
[LIFT] V_Compute: 28.942 V
[LIFT] V_Motors: 28.334 V
[LIFT] V_Compute: 28.926 V
[LIFT] V_Motors: 28.335 V
[LIFT] V_Compute: 28.920 V
[LIFT] V_Motors: 28.344 V
[LIFT] V_Compute: 28.926 V
[LIFT] V_Motors: 28.351 V
[LIFT] V_Compute: 28.914 V
[LIFT] V_Motors: 28.331 V
[LIFT] V_Compute: 28.931 V
[LIFT] V_Motors: 28.341 V
[LIFT] V_Compute: 28.935 V
[LIFT] V_Motors: 28.347 V
[LIFT] V_Compute: 28.929 V
[LIFT] V_Motors: 28.357 V
[LIFT] V_Compute: 28.929 V
[LIFT] V_Motors: 28.355 V
[LIFT] V_Compute: 28.936 V
[LIFT] V_Motors: 28.344 V
[LIFT] V_Compute: 28.914 V
[LIFT] V_Motors: 28.317 V
[LIFT] V_Compute: 28.919 V
[LIFT] V_Motors: 28.329 V
[LIFT] V_Compute: 28.923 V
[LIFT] V_Motors: 28.333 V
[LIFT] V_Compute: 28.930 V
[LIFT] V_Motors: 28.334 V
[LIFT] V_Compute: 28.921 V
[LIFT] V_Motors: 28.326 V
[LIFT] V_Compute: 28.925 V
[LIFT] V_Motors: 28.333 V
[LIFT] V_Compute: 28.921 V
[LIFT] V_Motors: 28.335 V
[LIFT] V_Compute: 28.924 V
[LIFT] V_Motors: 28.341 V
[LIFT] V_Compute: 28.929 V
[LIFT] V_Motors: 28.335 V
[LIFT] V_Compute: 28.921 V
[LIFT] V_Motors: 28.349 V
[LIFT] V_Compute: 28.939 V
[LIFT] V_Motors: 28.372 V
[LIFT] V_Compute: 28.929 V
[LIFT] V_Motors: 28.346 V
[LIFT] V_Compute: 28.921 V
[LIFT] V_Motors: 28.372 V
[LIFT] V_Compute: 28.923 V
[LIFT] V_Motors: 28.368 V
[LIFT] V_Compute: 28.926 V
[LIFT] V_Motors: 28.374 V
[LIFT] V_Compute: 28.910 V
[LIFT] V_Motors: 28.371 V
[LIFT] V_Compute: 28.921 V
[LIFT] V_Motors: 28.362 V
[LIFT] V_Compute: 28.925 V
[LIFT] V_Motors: 28.370 V
[LIFT] V_Compute: 28.927 V
[LIFT] V_Motors: 28.370 V
[LIFT] V_Compute: 28.924 V
[LIFT] V_Motors: 28.372 V
[LIFT] V_Compute: 28.923 V
[LIFT] V_Motors: 28.369 V
[LIFT] V_Compute: 28.904 V
[LIFT] V_Motors: 28.351 V
[LIFT] V_Compute: 28.925 V
[LIFT] V_Motors: 28.372 V
[LIFT] V_Compute: 28.917 V
[LIFT] V_Motors: 28.365 V
[LIFT] V_Compute: 28.920 V
[LIFT] V_Motors: 28.370 V
[LIFT] V_Compute: 28.921 V
[LIFT] V_Motors: 28.370 V
[LIFT] V_Compute: 28.917 V
[LIFT] V_Motors: 28.368 V
[LIFT] V_Compute: 28.911 V
[LIFT] V_Motors: 28.369 V
[LIFT] V_Compute: 28.921 V
[LIFT] V_Motors: 28.369 V
[LIFT] V_Compute: 28.926 V
[LIFT] V_Motors: 28.370 V
[LIFT] V_Compute: 28.926 V
[LIFT] V_Motors: 28.372 V
[LIFT] V_Compute: 28.919 V
[LIFT] V_Motors: 28.370 V
[LIFT] V_Compute: 28.921 V
[LIFT] V_Motors: 28.370 V
[LIFT] V_Compute: 28.925 V
[LIFT] V_Motors: 28.369 V
[LIFT] V_Compute: 28.920 V
[LIFT] V_Motors: 28.365 V
[LIFT] V_Compute: 28.926 V
[LIFT] V_Motors: 28.364 V
[LIFT] V_Compute: 28.923 V
[LIFT] V_Motors: 28.365 V
[LIFT] V_Compute: 28.919 V
[LIFT] V_Motors: 28.369 V
[LIFT] V_Compute: 28.920 V
[LIFT] V_Motors: 28.370 V
[LIFT] V_Compute: 28.923 V
[LIFT] V_Motors: 28.364 V
[LIFT] V_Compute: 28.920 V
[LIFT] V_Motors: 28.370 V
[LIFT] V_Compute: 28.914 V
[LIFT] V_Motors: 28.365 V
[LIFT] V_Compute: 28.925 V
[LIFT] V_Motors: 28.368 V
[LIFT] V_Compute: 28.923 V
[LIFT] V_Motors: 28.369 V
[LIFT] V_Compute: 28.915 V
[LIFT] V_Motors: 28.369 V
[LIFT] V_Compute: 28.915 V
[LIFT] V_Motors: 28.369 V
[LIFT] V_Compute: 28.921 V
[LIFT] V_Motors: 28.369 V
[LIFT] V_Compute: 28.917 V
[LIFT] V_Motors: 28.365 V
[LIFT] V_Compute: 28.917 V
[LIFT] V_Motors: 28.366 V
[LIFT] V_Compute: 28.924 V
[LIFT] V_Motors: 28.365 V
[LIFT] V_Compute: 28.924 V
[LIFT] V_Motors: 28.372 V
[LIFT] V_Compute: 28.925 V
[LIFT] V_Motors: 28.369 V
[LIFT] V_Compute: 28.923 V
[LIFT] V_Motors: 28.369 V
[LIFT] V_Compute: 28.916 V
[LIFT] V_Motors: 28.366 V
[LIFT] V_Compute: 28.920 V
[LIFT] V_Motors: 28.366 V
[LIFT] V_Compute: 28.923 V
[LIFT] V_Motors: 28.364 V
[LIFT] V_Compute: 28.916 V
[LIFT] V_Motors: 28.369 V
[LIFT] V_Compute: 28.917 V
[LIFT] V_Motors: 28.370 V
[LIFT] V_Compute: 28.913 V
[LIFT] V_Motors: 28.368 V
[LIFT] V_Compute: 28.920 V
[LIFT] V_Motors: 28.366 V
[LIFT] V_Compute: 28.917 V
[LIFT] V_Motors: 28.368 V
[LIFT] V_Compute: 28.917 V
[LIFT] V_Motors: 28.362 V
[LIFT] V_Compute: 28.916 V
[LIFT] V_Motors: 28.365 V
[LIFT] V_Compute: 28.913 V
[LIFT] V_Motors: 28.364 V
[LIFT] V_Compute: 28.920 V
[LIFT] V_Motors: 28.364 V
[LIFT] V_Compute: 28.920 V
[LIFT] V_Motors: 28.361 V
[LIFT] V_Compute: 28.919 V
[LIFT] V_Motors: 28.365 V
[LIFT] V_Compute: 28.921 V
[LIFT] V_Motors: 28.362 V
[LIFT] V_Compute: 28.921 V
[LIFT] V_Motors: 28.368 V
[LIFT] V_Compute: 28.915 V
[LIFT] V_Motors: 28.365 V
[LIFT] V_Compute: 28.917 V
[LIFT] V_Motors: 28.364 V
[LIFT] V_Compute: 28.917 V
[LIFT] V_Motors: 28.365 V
[LIFT] V_Compute: 28.910 V
[LIFT] V_Motors: 28.359 V
[LIFT] V_Compute: 28.916 V
[LIFT] V_Motors: 28.360 V
[LIFT] V_Compute: 28.914 V
[LIFT] V_Motors: 28.364 V
[LIFT] V_Compute: 28.911 V
[LIFT] V_Motors: 28.365 V
[LIFT] V_Compute: 28.916 V
[LIFT] V_Motors: 28.361 V
[LIFT] V_Compute: 28.913 V
[LIFT] V_Motors: 28.366 V
[LIFT] V_Compute: 28.910 V
[LIFT] V_Motors: 28.361 V
[LIFT] V_Compute: 28.920 V
[LIFT] V_Motors: 28.364 V
[LIFT] V_Compute: 28.915 V
[LIFT] V_Motors: 28.361 V
[LIFT] V_Compute: 28.915 V
[LIFT] V_Motors: 28.360 V
[LIFT] V_Compute: 28.915 V
[LIFT] V_Motors: 28.369 V
[LIFT] V_Compute: 28.914 V
[LIFT] V_Motors: 28.364 V
[LIFT] V_Compute: 28.917 V
[LIFT] V_Motors: 28.364 V
[LIFT] V_Compute: 28.909 V
[LIFT] V_Motors: 28.361 V
[LIFT] V_Compute: 28.909 V
[LIFT] V_Motors: 28.361 V
[LIFT] V_Compute: 28.913 V
[LIFT] V_Motors: 28.364 V
[LIFT] V_Compute: 28.914 V
[LIFT] V_Motors: 28.362 V
[LIFT] V_Compute: 28.902 V
[LIFT] V_Motors: 28.364 V
[LIFT] V_Compute: 28.896 V
[LIFT] V_Motors: 28.357 V
[LIFT] V_Compute: 28.911 V
[LIFT] V_Motors: 28.359 V
[LIFT] V_Compute: 28.916 V
[LIFT] V_Motors: 28.362 V
[LIFT] V_Compute: 28.905 V
[LIFT] V_Motors: 28.364 V
[LIFT] V_Compute: 28.917 V
[LIFT] V_Motors: 28.357 V
[LIFT] V_Compute: 28.897 V
[LIFT] V_Motors: 28.347 V
[LIFT] V_Compute: 28.909 V
[LIFT] V_Motors: 28.361 V
[LIFT] V_Compute: 28.911 V
[LIFT] V_Motors: 28.360 V
[LIFT] V_Compute: 28.911 V
[LIFT] V_Motors: 28.360 V
[LIFT] V_Compute: 28.905 V
[LIFT] V_Motors: 28.360 V
[LIFT] V_Compute: 28.900 V
[LIFT] V_Motors: 28.354 V
[LIFT] V_Compute: 28.902 V
[LIFT] V_Motors: 28.360 V
[LIFT] V_Compute: 28.914 V
[LIFT] V_Motors: 28.360 V
[LIFT] V_Compute: 28.914 V
[LIFT] V_Motors: 28.355 V
[LIFT] V_Compute: 28.916 V
[LIFT] V_Motors: 28.356 V
[LIFT] V_Compute: 28.910 V
[LIFT] V_Motors: 28.355 V
[LIFT] V_Compute: 28.911 V
[LIFT] V_Motors: 28.359 V
[LIFT] V_Compute: 28.911 V
[LIFT] V_Motors: 28.361 V
[LIFT] V_Compute: 28.901 V
[LIFT] V_Motors: 28.361 V
[LIFT] V_Compute: 28.911 V
[LIFT] V_Motors: 28.360 V
[LIFT] V_Compute: 28.910 V
[LIFT] V_Motors: 28.359 V
[LIFT] V_Compute: 28.906 V
[LIFT] V_Motors: 28.359 V
[LIFT] V_Compute: 28.910 V
[LIFT] V_Motors: 28.359 V
[LIFT] V_Compute: 28.910 V
[LIFT] V_Motors: 28.359 V
[LIFT] V_Compute: 28.907 V
[LIFT] V_Motors: 28.357 V
[LIFT] V_Compute: 28.906 V
[LIFT] V_Motors: 28.361 V
[LIFT] V_Compute: 28.910 V
[LIFT] V_Motors: 28.360 V
[LIFT] V_Compute: 28.902 V
[LIFT] V_Motors: 28.359 V
[LIFT] V_Compute: 28.909 V
[LIFT] V_Motors: 28.356 V
[LIFT] V_Compute: 28.904 V
[LIFT] V_Motors: 28.359 V
[LIFT] V_Compute: 28.909 V
[LIFT] V_Motors: 28.359 V
[LIFT] V_Compute: 28.895 V
[LIFT] V_Motors: 28.354 V
[LIFT] V_Compute: 28.901 V
[LIFT] V_Motors: 28.354 V
[LIFT] V_Compute: 28.902 V
[LIFT] V_Motors: 28.354 V
[LIFT] V_Compute: 28.902 V
[LIFT] V_Motors: 28.356 V
[LIFT] V_Compute: 28.909 V
[LIFT] V_Motors: 28.349 V
[LIFT] V_Compute: 28.900 V
[LIFT] V_Motors: 28.354 V
[LIFT] V_Compute: 28.900 V
[LIFT] V_Motors: 28.357 V
[LIFT] V_Compute: 28.911 V
[LIFT] V_Motors: 28.351 V
[LIFT] V_Compute: 28.911 V
[LIFT] V_Motors: 28.351 V
[LIFT] V_Compute: 28.904 V
[LIFT] V_Motors: 28.359 V
[LIFT] V_Compute: 28.901 V
[LIFT] V_Motors: 28.346 V
[LIFT] V_Compute: 28.906 V
[LIFT] V_Motors: 28.351 V
[LIFT] V_Compute: 28.909 V
[LIFT] V_Motors: 28.354 V
[LIFT] V_Compute: 28.906 V
[LIFT] V_Motors: 28.354 V
[LIFT] V_Compute: 28.906 V
[LIFT] V_Motors: 28.359 V
[LIFT] V_Compute: 28.904 V
[LIFT] V_Motors: 28.354 V
[LIFT] V_Compute: 28.899 V
[LIFT] V_Motors: 28.355 V
[LIFT] V_Compute: 28.909 V
[LIFT] V_Motors: 28.354 V
[LIFT] V_Compute: 28.900 V
[LIFT] V_Motors: 28.349 V
[LIFT] V_Compute: 28.901 V
[LIFT] V_Motors: 28.351 V
[LIFT] V_Compute: 28.897 V
[LIFT] V_Motors: 28.353 V
[LIFT] V_Compute: 28.899 V
[LIFT] V_Motors: 28.351 V
[LIFT] V_Compute: 28.905 V
[LIFT] V_Motors: 28.357 V
[LIFT] V_Compute: 28.910 V
[LIFT] V_Motors: 28.357 V
[LIFT] V_Compute: 28.909 V
[LIFT] V_Motors: 28.357 V
[LIFT] V_Compute: 28.904 V
[LIFT] V_Motors: 28.355 V
[LIFT] V_Compute: 28.906 V
[LIFT] V_Motors: 28.356 V
[LIFT] V_Compute: 28.909 V
[LIFT] V_Motors: 28.351 V
[LIFT] V_Compute: 28.909 V
[LIFT] V_Motors: 28.353 V
[LIFT] V_Compute: 28.910 V
[LIFT] V_Motors: 28.353 V
[LIFT] V_Compute: 28.905 V
[LIFT] V_Motors: 28.355 V
[LIFT] V_Compute: 28.906 V
[LIFT] V_Motors: 28.354 V
[LIFT] V_Compute: 28.901 V
[LIFT] V_Motors: 28.355 V
[LIFT] V_Compute: 28.909 V
[LIFT] V_Motors: 28.357 V
[LIFT] V_Compute: 28.905 V
[LIFT] V_Motors: 28.354 V
[LIFT] V_Compute: 28.905 V
[LIFT] V_Motors: 28.351 V
[LIFT] V_Compute: 28.904 V
[LIFT] V_Motors: 28.353 V
[LIFT] V_Compute: 28.905 V
[LIFT] V_Motors: 28.350 V
[LIFT] V_Compute: 28.904 V
[LIFT] V_Motors: 28.355 V
[LIFT] V_Compute: 28.905 V
[LIFT] V_Motors: 28.350 V
[LIFT] V_Compute: 28.904 V
[LIFT] V_Motors: 28.354 V
[LIFT] V_Compute: 28.901 V
[LIFT] V_Motors: 28.355 V
[LIFT] V_Compute: 28.902 V
[LIFT] V_Motors: 28.350 V
[LIFT] V_Compute: 28.891 V
[LIFT] V_Motors: 28.346 V
[LIFT] V_Compute: 28.905 V
[LIFT] V_Motors: 28.349 V
[LIFT] V_Compute: 28.907 V
[LIFT] V_Motors: 28.349 V
[LIFT] V_Compute: 28.907 V
[LIFT] V_Motors: 28.351 V
[LIFT] V_Compute: 28.905 V
[LIFT] V_Motors: 28.355 V
[LIFT] V_Compute: 28.889 V
[LIFT] V_Motors: 28.337 V
[LIFT] V_Compute: 28.905 V
[LIFT] V_Motors: 28.349 V
[LIFT] V_Compute: 28.897 V
[LIFT] V_Motors: 28.347 V
[LIFT] V_Compute: 28.897 V
[LIFT] V_Motors: 28.347 V
[LIFT] V_Compute: 28.907 V
[LIFT] V_Motors: 28.345 V
[LIFT] V_Compute: 28.892 V
[LIFT] V_Motors: 28.344 V
[LIFT] V_Compute: 28.900 V
[LIFT] V_Motors: 28.345 V
[LIFT] V_Compute: 28.902 V
[LIFT] V_Motors: 28.350 V
[LIFT] V_Compute: 28.901 V
[LIFT] V_Motors: 28.353 V
[LIFT] V_Compute: 28.897 V
[LIFT] V_Motors: 28.350 V
[LIFT] V_Compute: 28.896 V
[LIFT] V_Motors: 28.350 V
[LIFT] V_Compute: 28.904 V
[LIFT] V_Motors: 28.347 V
[LIFT] V_Compute: 28.891 V
[LIFT] V_Motors: 28.346 V
[LIFT] V_Compute: 28.904 V
[LIFT] V_Motors: 28.351 V
[LIFT] V_Compute: 28.897 V
[LIFT] V_Motors: 28.350 V
[LIFT] V_Compute: 28.881 V
[LIFT] V_Motors: 28.330 V
[LIFT] V_Compute: 28.895 V
[LIFT] V_Motors: 28.350 V
[LIFT] V_Compute: 28.900 V
[LIFT] V_Motors: 28.341 V
[LIFT] V_Compute: 28.897 V
[LIFT] V_Motors: 28.349 V
[LIFT] V_Compute: 28.901 V
[LIFT] V_Motors: 28.349 V
[LIFT] V_Compute: 28.897 V
[LIFT] V_Motors: 28.344 V
[LIFT] V_Compute: 28.901 V
[LIFT] V_Motors: 28.349 V
[LIFT] V_Compute: 28.901 V
[LIFT] V_Motors: 28.351 V
[LIFT] V_Compute: 28.891 V
[LIFT] V_Motors: 28.354 V
[LIFT] V_Compute: 28.901 V
[LIFT] V_Motors: 28.346 V
[LIFT] V_Compute: 28.897 V
[LIFT] V_Motors: 28.347 V
[LIFT] V_Compute: 28.894 V
[LIFT] V_Motors: 28.346 V
[LIFT] V_Compute: 28.902 V
[LIFT] V_Motors: 28.345 V
[LIFT] V_Compute: 28.899 V
[LIFT] V_Motors: 28.345 V
[LIFT] V_Compute: 28.901 V
[LIFT] V_Motors: 28.351 V
[LIFT] V_Compute: 28.899 V
[LIFT] V_Motors: 28.344 V
[LIFT] V_Compute: 28.888 V
[LIFT] V_Motors: 28.343 V
[LIFT] V_Compute: 28.897 V
[LIFT] V_Motors: 28.329 V
[LIFT] V_Compute: 28.900 V
[LIFT] V_Motors: 28.346 V
[LIFT] V_Compute: 28.897 V
[LIFT] V_Motors: 28.346 V
[LIFT] V_Compute: 28.896 V
[LIFT] V_Motors: 28.344 V
[LIFT] V_Compute: 28.882 V
[LIFT] V_Motors: 28.330 V
[LIFT] V_Compute: 28.891 V
[LIFT] V_Motors: 28.347 V
[LIFT] V_Compute: 28.901 V
[LIFT] V_Motors: 28.345 V
[LIFT] V_Compute: 28.897 V
[LIFT] V_Motors: 28.344 V
[LIFT] V_Compute: 28.894 V
[LIFT] V_Motors: 28.346 V
[LIFT] V_Compute: 28.888 V
[LIFT] V_Motors: 28.345 V
[LIFT] V_Compute: 28.900 V
[LIFT] V_Motors: 28.346 V
[LIFT] V_Compute: 28.880 V
[LIFT] V_Motors: 28.334 V
[LIFT] V_Compute: 28.894 V
[LIFT] V_Motors: 28.340 V
[LIFT] V_Compute: 28.882 V
[LIFT] V_Motors: 28.329 V
[LIFT] V_Compute: 28.886 V
[LIFT] V_Motors: 28.333 V
[LIFT] V_Compute: 28.892 V
[LIFT] V_Motors: 28.335 V
[LIFT] V_Compute: 28.875 V
[LIFT] V_Motors: 28.337 V
[LIFT] V_Compute: 28.891 V
[LIFT] V_Motors: 28.336 V
[LIFT] V_Compute: 28.882 V
[LIFT] V_Motors: 28.333 V
[LIFT] V_Compute: 28.885 V
[LIFT] V_Motors: 28.333 V
[LIFT] V_Compute: 28.879 V
[LIFT] V_Motors: 28.329 V
[LIFT] V_Compute: 28.878 V
[LIFT] V_Motors: 28.329 V
[LIFT] V_Compute: 28.871 V
[LIFT] V_Motors: 28.324 V
[LIFT] V_Compute: 28.885 V
[LIFT] V_Motors: 28.334 V
[LIFT] V_Compute: 28.878 V
[LIFT] V_Motors: 28.329 V
[LIFT] V_Compute: 28.876 V
[LIFT] V_Motors: 28.334 V
[LIFT] V_Compute: 28.876 V
[LIFT] V_Motors: 28.334 V
[LIFT] V_Compute: 28.874 V
[LIFT] V_Motors: 28.330 V
[LIFT] V_Compute: 28.884 V
[LIFT] V_Motors: 28.325 V
[LIFT] V_Compute: 28.882 V
[LIFT] V_Motors: 28.327 V
[LIFT] V_Compute: 28.869 V
[LIFT] V_Motors: 28.320 V
[LIFT] V_Compute: 28.870 V
[LIFT] V_Motors: 28.324 V
[LIFT] V_Compute: 28.874 V
[LIFT] V_Motors: 28.330 V
[LIFT] V_Compute: 28.878 V
[LIFT] V_Motors: 28.331 V
[LIFT] V_Compute: 28.865 V
[LIFT] V_Motors: 28.324 V
[LIFT] V_Compute: 28.878 V
[LIFT] V_Motors: 28.334 V
[LIFT] V_Compute: 28.884 V
[LIFT] V_Motors: 28.330 V
[LIFT] V_Compute: 28.886 V
[LIFT] V_Motors: 28.336 V
[LIFT] V_Compute: 28.880 V
[LIFT] V_Motors: 28.327 V
[LIFT] V_Compute: 28.881 V
[LIFT] V_Motors: 28.336 V
[LIFT] V_Compute: 28.879 V
[LIFT] V_Motors: 28.327 V
[LIFT] V_Compute: 28.885 V
[LIFT] V_Motors: 28.333 V
[LIFT] V_Compute: 28.886 V
[LIFT] V_Motors: 28.331 V
[LIFT] V_Compute: 28.878 V
[LIFT] V_Motors: 28.329 V
[LIFT] V_Compute: 28.882 V
[LIFT] V_Motors: 28.326 V
[LIFT] V_Compute: 28.886 V
[LIFT] V_Motors: 28.331 V
[LIFT] V_Compute: 28.885 V
[LIFT] V_Motors: 28.333 V
[LIFT] V_Compute: 28.885 V
[LIFT] V_Motors: 28.330 V
[LIFT] V_Compute: 28.889 V
[LIFT] V_Motors: 28.333 V
[LIFT] V_Compute: 28.884 V
[LIFT] V_Motors: 28.330 V
[YOR] follow_path: n=23 first=(-0.014700019359588645, 0.02069997787475586) last=(4.3352999806404116, -0.5293000221252449)
[LIFT] V_Compute: 28.890 V
[LIFT] V_Motors: 28.280 V
[YOR] follow_path: n=23 first=(-0.014700019359588645, 0.02069997787475586) last=(4.3352999806404116, -0.5293000221252449)
[LIFT] V_Compute: 28.879 V
[LIFT] V_Motors: 28.282 V
[YOR] follow_path: n=22 first=(0.037899997830390886, 0.03659987449645996) last=(4.337899997830392, -0.5134001255035407)
[LIFT] V_Compute: 28.875 V
[LIFT] V_Motors: 28.285 V
[LIFT] V_Compute: 28.876 V
[LIFT] V_Motors: 28.290 V
[YOR] follow_path: n=20 first=(0.23789999783039095, -0.01340012550354075) last=(4.337899997830392, -0.5134001255035407)
[LIFT] V_Compute: 28.875 V
[LIFT] V_Motors: 28.289 V
[YOR] follow_path: n=20 first=(0.437899997830391, 0.007399988174437766) last=(4.337899997830392, -0.5426000118255621)
[LIFT] V_Compute: 28.866 V
[LIFT] V_Motors: 28.294 V
[YOR] follow_path: n=19 first=(0.5878999978303909, -0.042600011825562056) last=(4.337899997830392, -0.5426000118255621)
[LIFT] V_Compute: 28.875 V
[LIFT] V_Motors: 28.311 V
[YOR] follow_path: n=18 first=(0.8378999978303909, -0.008399868011474965) last=(4.337899997830392, -0.508399868011475)
[LIFT] V_Compute: 28.879 V
[LIFT] V_Motors: 28.286 V
[YOR] follow_path: n=17 first=(0.9852999806404115, -0.0346999168396005) last=(4.3352999806404116, -0.5346999168396005)
[LIFT] V_Compute: 28.874 V
[LIFT] V_Motors: 28.285 V
[YOR] follow_path: n=16 first=(1.1352999806404114, 0.0004997253417959868) last=(4.3352999806404116, -0.499500274658204)
[LIFT] V_Compute: 28.874 V
[LIFT] V_Motors: 28.295 V
[YOR] follow_path: n=16 first=(1.3352999806404113, -0.049500274658203836) last=(4.3352999806404116, -0.499500274658204)
[LIFT] V_Compute: 28.865 V
[LIFT] V_Motors: 28.272 V
[YOR] follow_path: n=14 first=(1.4852999806404112, -0.049500274658203836) last=(4.3352999806404116, -0.499500274658204)
[LIFT] V_Compute: 28.857 V
[LIFT] V_Motors: 28.274 V
[YOR] follow_path: n=14 first=(1.7352999806404112, -0.14950027465820348) last=(4.3352999806404116, -0.499500274658204)
[LIFT] V_Compute: 28.871 V
[LIFT] V_Motors: 28.294 V
[YOR] follow_path: n=13 first=(1.9352999806404114, -0.14950027465820348) last=(4.3352999806404116, -0.499500274658204)
[LIFT] V_Compute: 28.879 V
[LIFT] V_Motors: 28.296 V
[YOR] follow_path: n=12 first=(2.0852999806404116, -0.20770001411438077) last=(4.3352999806404116, -0.5077000141143806)
[LIFT] V_Compute: 28.869 V
[LIFT] V_Motors: 28.281 V
[YOR] follow_path: n=11 first=(2.2852999806404117, -0.17520017623901385) last=(4.3352999806404116, -0.5252001762390144)
[LIFT] V_Compute: 28.868 V
[LIFT] V_Motors: 28.291 V
[YOR] follow_path: n=11 first=(2.485299980640412, -0.22520017623901456) last=(4.3352999806404116, -0.5252001762390144)
[LIFT] V_Compute: 28.861 V
[LIFT] V_Motors: 28.272 V
[YOR] follow_path: n=10 first=(2.6352999806404114, -0.22520017623901456) last=(4.3352999806404116, -0.5252001762390144)
[LIFT] V_Compute: 28.878 V
[LIFT] V_Motors: 28.286 V
[YOR] follow_path: n=8 first=(2.8352999806404116, -0.22520017623901456) last=(4.3352999806404116, -0.5252001762390144)
[LIFT] V_Compute: 28.884 V
[LIFT] V_Motors: 28.286 V
[YOR] follow_path: n=8 first=(3.0352999806404117, -0.22520017623901456) last=(4.3352999806404116, -0.5252001762390144)
[LIFT] V_Compute: 28.875 V
[LIFT] V_Motors: 28.282 V
[YOR] follow_path: n=7 first=(3.185299980640411, -0.3252001762390142) last=(4.3352999806404116, -0.5252001762390144)
[LIFT] V_Compute: 28.866 V
[LIFT] V_Motors: 28.266 V
[YOR] follow_path: n=6 first=(3.3352999806404116, -0.42520017623901385) last=(4.3352999806404116, -0.5252001762390144)
[LIFT] V_Compute: 28.880 V
[LIFT] V_Motors: 28.294 V
[YOR] follow_path: n=5 first=(3.5852999806404116, -0.42520017623901385) last=(4.3352999806404116, -0.5252001762390144)
[LIFT] V_Compute: 28.871 V
[LIFT] V_Motors: 28.290 V
[YOR] follow_path: n=4 first=(3.735299980640412, -0.47520017623901456) last=(4.3352999806404116, -0.5252001762390144)
[LIFT] V_Compute: 28.876 V
[LIFT] V_Motors: 28.292 V
[LIFT] V_Compute: 28.868 V
[YOR] follow_path: n=3 first=(3.935299980640412, -0.47520017623901456) last=(4.3352999806404116, -0.5252001762390144)
[LIFT] V_Motors: 28.281 V
[LIFT] V_Compute: 28.878 V
[LIFT] V_Motors: 28.274 V
[YOR] follow_path: n=2 first=(4.0852999806404116, -0.47520017623901456) last=(4.3352999806404116, -0.5252001762390144)
[LIFT] V_Compute: 28.880 V
[LIFT] V_Motors: 28.320 V
[YOR] follow_path: n=2 first=(4.235299980640412, -0.5252001762390144) last=(4.3352999806404116, -0.5252001762390144)
[YOR] follow_path: cleared
[LIFT] V_Compute: 28.875 V
[LIFT] V_Motors: 28.326 V
[LIFT] V_Compute: 28.885 V
[LIFT] V_Motors: 28.324 V
[LIFT] V_Compute: 28.882 V
[LIFT] V_Motors: 28.319 V
[LIFT] V_Compute: 28.882 V
[LIFT] V_Motors: 28.326 V
[LIFT] V_Compute: 28.879 V
[LIFT] V_Motors: 28.324 V
[LIFT] V_Compute: 28.874 V
[LIFT] V_Motors: 28.322 V
[LIFT] V_Compute: 28.876 V
[LIFT] V_Motors: 28.325 V
[LIFT] V_Compute: 28.870 V
[LIFT] V_Motors: 28.324 V
[LIFT] V_Compute: 28.875 V
[LIFT] V_Motors: 28.321 V
[LIFT] V_Compute: 28.872 V
[LIFT] V_Motors: 28.320 V
[LIFT] V_Compute: 28.872 V
[LIFT] V_Motors: 28.319 V
[LIFT] V_Compute: 28.876 V
[LIFT] V_Motors: 28.321 V
[LIFT] V_Compute: 28.876 V
[LIFT] V_Motors: 28.319 V
[LIFT] V_Compute: 28.876 V
[LIFT] V_Motors: 28.317 V
[LIFT] V_Compute: 28.871 V
[LIFT] V_Motors: 28.317 V
[LIFT] V_Compute: 28.874 V
[LIFT] V_Motors: 28.316 V
[YOR] follow_path: n=22 first=(4.3352999806404116, -0.5252001762390144) last=(-0.014700019359588645, -0.025200176239014382)
[LIFT] V_Compute: 28.868 V
[LIFT] V_Motors: 28.256 V
[YOR] follow_path: n=22 first=(4.3352999806404116, -0.5252001762390144) last=(-0.014700019359588645, -0.025200176239014382)
[LIFT] V_Compute: 28.870 V
[LIFT] V_Motors: 28.288 V
[YOR] follow_path: n=22 first=(4.285299980640412, -0.5752001762390142) last=(-0.014700019359588645, -0.025200176239014382)
[LIFT] V_Compute: 28.874 V
[LIFT] V_Motors: 28.299 V
[YOR] follow_path: n=20 first=(4.235299980640412, -0.6752001762390138) last=(-0.014700019359588645, -0.025200176239014382)
[LIFT] V_Compute: 28.864 V
[LIFT] V_Motors: 28.295 V
[YOR] follow_path: n=21 first=(4.185299980640412, -0.6752001762390138) last=(-0.014700019359588645, -0.025200176239014382)
[LIFT] V_Compute: 28.869 V
[LIFT] V_Motors: 28.295 V
[LIFT] V_Compute: 28.862 V
[LIFT] V_Motors: 28.281 V
[YOR] follow_path: n=21 first=(4.0850000381469735, -0.6752001762390138) last=(-0.01499996185302721, -0.025200176239014382)
[LIFT] V_Compute: 28.874 V
[LIFT] V_Motors: 28.312 V
[YOR] follow_path: n=20 first=(4.067600011825562, -0.625200176239014) last=(0.01760001182556148, -0.025200176239014382)
[LIFT] V_Compute: 28.872 V
[LIFT] V_Motors: 28.300 V
[YOR] follow_path: n=20 first=(4.072500038146973, -0.5752001762390142) last=(0.022500038146972656, -0.025200176239014382)
[LIFT] V_Compute: 28.879 V
[LIFT] V_Motors: 28.314 V
[YOR] follow_path: n=21 first=(4.04760001897812, -0.5752001762390142) last=(-0.0023999810218811035, -0.025200176239014382)
[LIFT] V_Compute: 28.882 V
[LIFT] V_Motors: 28.276 V
[YOR] follow_path: n=21 first=(4.04760001897812, -0.5752001762390142) last=(-0.0023999810218811035, -0.025200176239014382)
[LIFT] V_Compute: 28.870 V
[LIFT] V_Motors: 28.267 V
[YOR] follow_path: n=21 first=(3.9958000183105478, -0.5752001762390142) last=(-0.004199981689453125, -0.025200176239014382)
[LIFT] V_Compute: 28.874 V
[LIFT] V_Motors: 28.253 V
[YOR] follow_path: n=20 first=(3.754000020027161, -0.5752001762390142) last=(0.0040000200271606, -0.025200176239014382)
[LIFT] V_Compute: 28.874 V
[LIFT] V_Motors: 28.281 V
[YOR] follow_path: n=19 first=(3.611200046539307, -0.47520017623901456) last=(0.01120004653930673, -0.025200176239014382)
[LIFT] V_Compute: 28.860 V
[LIFT] V_Motors: 28.279 V
[YOR] follow_path: n=18 first=(3.4136000871658334, -0.47520017623901456) last=(0.013600087165832608, -0.025200176239014382)
[LIFT] V_Compute: 28.874 V
[LIFT] V_Motors: 28.289 V
[YOR] follow_path: n=17 first=(3.2276999950408944, -0.47520017623901456) last=(-0.022300004959106, -0.025200176239014382)
[LIFT] V_Compute: 28.870 V
[LIFT] V_Motors: 28.271 V
[YOR] follow_path: n=17 first=(3.0715000152587892, -0.4052001953125002) last=(0.021500015258789418, -0.0052001953125007105)
[LIFT] V_Compute: 28.874 V
[LIFT] V_Motors: 28.298 V
[YOR] follow_path: n=15 first=(2.8093001365661623, -0.40060014724731463) last=(0.009300136566162465, -0.0006001472473151637)
[LIFT] V_Compute: 28.862 V
[LIFT] V_Motors: 28.296 V
[YOR] follow_path: n=14 first=(2.62969994544983, -0.3727002143859872) last=(-0.020300054550170366, -0.022700214385986683)
[LIFT] V_Compute: 28.869 V
[LIFT] V_Motors: 28.277 V
[YOR] follow_path: n=13 first=(2.4309999465942385, -0.3678003311157232) last=(-0.019000053405761275, -0.017800331115723544)
[LIFT] V_Compute: 28.875 V
[LIFT] V_Motors: 28.306 V
[YOR] follow_path: n=12 first=(2.2610000610351566, -0.3678003311157232) last=(0.011000061035156605, -0.017800331115723544)
[LIFT] V_Compute: 28.875 V
[LIFT] V_Motors: 28.290 V
[YOR] follow_path: n=12 first=(2.074600172042847, -0.3678003311157232) last=(-0.025399827957152787, -0.017800331115723544)
[LIFT] V_Compute: 28.878 V
[LIFT] V_Motors: 28.294 V
[LIFT] V_Compute: 28.870 V
[LIFT] V_Motors: 28.274 V
[YOR] follow_path: n=10 first=(1.8670000553131105, -0.3678003311157232) last=(0.017000055313110884, -0.017800331115723544)
[LIFT] V_Compute: 28.871 V
[LIFT] V_Motors: 28.286 V
[YOR] follow_path: n=10 first=(1.6933000564575202, -0.3678003311157232) last=(-0.006699943542479936, -0.017800331115723544)
[LIFT] V_Compute: 28.866 V
[LIFT] V_Motors: 28.271 V
[YOR] follow_path: n=8 first=(1.492900180816651, -0.3038999557495119) last=(-0.007099819183348899, -0.003899955749512074)
[LIFT] V_Compute: 28.869 V
[LIFT] V_Motors: 28.282 V
[YOR] follow_path: n=8 first=(1.2741000175476076, -0.2538999557495121) last=(-0.025899982452392223, -0.003899955749512074)
[LIFT] V_Compute: 28.875 V
[LIFT] V_Motors: 28.282 V
[YOR] follow_path: n=6 first=(1.0778999805450447, -0.22520017623901456) last=(-0.022100019454955877, -0.025200176239014382)
[LIFT] V_Compute: 28.876 V
[LIFT] V_Motors: 28.291 V
[YOR] follow_path: n=6 first=(0.9175001621246341, -0.17520017623901385) last=(0.01750016212463379, -0.025200176239014382)
[LIFT] V_Compute: 28.860 V
[LIFT] V_Motors: 28.279 V
[YOR] follow_path: n=4 first=(0.7106999874114992, -0.17520017623901385) last=(0.010699987411499023, -0.025200176239014382)
[LIFT] V_Compute: 28.866 V
[LIFT] V_Motors: 28.274 V
[YOR] follow_path: n=4 first=(0.5606999874114997, -0.12520017623901403) last=(0.010699987411499023, -0.025200176239014382)
[LIFT] V_Compute: 28.857 V
[LIFT] V_Motors: 28.270 V
[YOR] follow_path: n=3 first=(0.3557001113891607, -0.0752001762390142) last=(0.005700111389160156, -0.025200176239014382)
[LIFT] V_Compute: 28.861 V
[LIFT] V_Motors: 28.279 V
[LIFT] V_Compute: 28.865 V
[LIFT] V_Motors: 28.290 V
[LIFT] V_Compute: 28.859 V
[LIFT] V_Motors: 28.289 V
[LIFT] V_Compute: 28.864 V
[LIFT] V_Motors: 28.279 V
[LIFT] V_Compute: 28.862 V
[LIFT] V_Motors: 28.279 V
[LIFT] V_Compute: 28.865 V
[LIFT] V_Motors: 28.298 V
[LIFT] V_Compute: 28.862 V
[LIFT] V_Motors: 28.298 V
[LIFT] V_Compute: 28.854 V
[LIFT] V_Motors: 28.298 V
[LIFT] V_Compute: 28.855 V
[LIFT] V_Motors: 28.309 V
[LIFT] V_Compute: 28.865 V
[LIFT] V_Motors: 28.311 V
[LIFT] V_Compute: 28.874 V
[LIFT] V_Motors: 28.220 V
[LIFT] V_Compute: 28.865 V
[LIFT] V_Motors: 28.271 V
[LIFT] V_Compute: 28.866 V
[LIFT] V_Motors: 28.298 V
[LIFT] V_Compute: 28.872 V
[LIFT] V_Motors: 28.314 V
[LIFT] V_Compute: 28.869 V
[LIFT] V_Motors: 28.312 V
[YOR] follow_path: cleared
[LIFT] V_Compute: 28.871 V
[LIFT] V_Motors: 28.316 V
[LIFT] V_Compute: 28.865 V
[LIFT] V_Motors: 28.314 V
[LIFT] V_Compute: 28.875 V
[LIFT] V_Motors: 28.311 V
[LIFT] V_Compute: 28.871 V
[LIFT] V_Motors: 28.315 V
[LIFT] V_Compute: 28.872 V
[LIFT] V_Motors: 28.304 V
[LIFT] V_Compute: 28.874 V
[LIFT] V_Motors: 28.304 V
[LIFT] V_Compute: 28.872 V
[LIFT] V_Motors: 28.312 V
[LIFT] V_Compute: 28.875 V
[LIFT] V_Motors: 28.312 V
[LIFT] V_Compute: 28.868 V
[LIFT] V_Motors: 28.315 V
[LIFT] V_Compute: 28.862 V
[LIFT] V_Motors: 28.315 V
[LIFT] V_Compute: 28.876 V
[LIFT] V_Motors: 28.319 V
[LIFT] V_Compute: 28.876 V
[LIFT] V_Motors: 28.311 V
[YOR] follow_path: n=24 first=(0.03650012016296422, 0.004699897766112571) last=(5.186500120162964, -0.3453001022338871)
[LIFT] V_Compute: 28.868 V
[LIFT] V_Motors: 28.261 V
[YOR] follow_path: n=24 first=(0.03650012016296422, 0.004699897766112571) last=(5.186500120162964, -0.3453001022338871)
[LIFT] V_Compute: 28.870 V
[LIFT] V_Motors: 28.281 V
[YOR] follow_path: n=24 first=(0.2365001201629644, 0.0066999912261955785) last=(5.186500120162964, -0.34330000877380407)
[LIFT] V_Compute: 28.856 V
[LIFT] V_Motors: 28.277 V
[LIFT] V_Compute: 28.870 V
[LIFT] V_Motors: 28.286 V
[YOR] follow_path: n=23 first=(0.4365001201629646, 0.012299966812133079) last=(5.186500120162964, -0.33770003318786657)
[LIFT] V_Compute: 28.861 V
[LIFT] V_Motors: 28.284 V
[YOR] follow_path: n=22 first=(0.6365001201629648, 0.012299966812133079) last=(5.186500120162964, -0.33770003318786657)
[LIFT] V_Compute: 28.869 V
[LIFT] V_Motors: 28.279 V
[YOR] follow_path: n=21 first=(0.836500120162964, 0.04629974365234357) last=(5.186500120162964, -0.30370025634765696)
[LIFT] V_Compute: 28.861 V
[LIFT] V_Motors: 28.284 V
[YOR] follow_path: n=20 first=(1.0365001201629642, 0.013299942016600674) last=(5.186500120162964, -0.33670005798339897)
[LIFT] V_Compute: 28.865 V
[LIFT] V_Motors: 28.259 V
[YOR] follow_path: n=19 first=(1.2365001201629644, 0.05559988021850515) last=(5.186500120162964, -0.3444001197814943)
[LIFT] V_Compute: 28.850 V
[LIFT] V_Motors: 28.267 V
[YOR] follow_path: n=18 first=(1.3865001201629648, -0.044400119781494496) last=(5.186500120162964, -0.3444001197814943)
[LIFT] V_Compute: 28.864 V
[LIFT] V_Motors: 28.269 V
[YOR] follow_path: n=19 first=(1.5365001201629642, 0.0055998802185053265) last=(5.186500120162964, -0.3444001197814943)
[LIFT] V_Compute: 28.857 V
[LIFT] V_Motors: 28.259 V
[YOR] follow_path: n=16 first=(1.6865001201629646, -0.14440011978149503) last=(5.186500120162964, -0.3444001197814943)
[LIFT] V_Compute: 28.851 V
[LIFT] V_Motors: 28.275 V
[YOR] follow_path: n=17 first=(1.8865001201629648, -0.12330002784729022) last=(5.186500120162964, -0.3233000278472904)
[LIFT] V_Compute: 28.856 V
[LIFT] V_Motors: 28.263 V
[YOR] follow_path: n=16 first=(2.0365001201629642, -0.1453001022338869) last=(5.186500120162964, -0.3453001022338871)
[LIFT] V_Compute: 28.846 V
[LIFT] V_Motors: 28.272 V
[YOR] follow_path: n=15 first=(2.2365001201629644, -0.1453001022338869) last=(5.186500120162964, -0.3453001022338871)
[LIFT] V_Compute: 28.860 V
[LIFT] V_Motors: 28.266 V
[YOR] follow_path: n=15 first=(2.336500120162964, -0.1453001022338869) last=(5.186500120162964, -0.3453001022338871)
[LIFT] V_Compute: 28.860 V
[LIFT] V_Motors: 28.260 V
[YOR] follow_path: n=14 first=(2.586500120162964, -0.1453001022338869) last=(5.186500120162964, -0.3453001022338871)
[LIFT] V_Compute: 28.860 V
[LIFT] V_Motors: 28.264 V
[YOR] follow_path: n=13 first=(2.7865001201629642, -0.1953001022338876) last=(5.186500120162964, -0.3453001022338871)
[LIFT] V_Compute: 28.862 V
[LIFT] V_Motors: 28.232 V
[YOR] follow_path: n=12 first=(2.9365001201629646, -0.1953001022338876) last=(5.186500120162964, -0.3453001022338871)
[LIFT] V_Compute: 28.855 V
[LIFT] V_Motors: 28.275 V
[YOR] follow_path: n=11 first=(3.1365001201629648, -0.29530010223388725) last=(5.186500120162964, -0.3453001022338871)
[LIFT] V_Compute: 28.866 V
[LIFT] V_Motors: 28.270 V
[YOR] follow_path: n=10 first=(3.2865001201629642, -0.3453001022338871) last=(5.186500120162964, -0.3453001022338871)
[LIFT] V_Compute: 28.856 V
[LIFT] V_Motors: 28.275 V
[LIFT] V_Compute: 28.869 V
[LIFT] V_Motors: 28.281 V
[YOR] follow_path: n=9 first=(3.4865001201629644, -0.3453001022338871) last=(5.186500120162964, -0.3453001022338871)
[LIFT] V_Compute: 28.866 V
[LIFT] V_Motors: 28.260 V
[YOR] follow_path: n=8 first=(3.6865001201629646, -0.3953001022338869) last=(5.186500120162964, -0.3453001022338871)
[LIFT] V_Compute: 28.860 V
[LIFT] V_Motors: 28.276 V
[YOR] follow_path: n=8 first=(3.836500120162964, -0.3953001022338869) last=(5.186500120162964, -0.3453001022338871)
[LIFT] V_Compute: 28.865 V
[LIFT] V_Motors: 28.272 V
[YOR] follow_path: n=6 first=(4.036500120162965, -0.3453001022338871) last=(5.186500120162964, -0.3453001022338871)
[LIFT] V_Compute: 28.871 V
[LIFT] V_Motors: 28.272 V
[YOR] follow_path: n=6 first=(4.186500120162964, -0.3453001022338871) last=(5.186500120162964, -0.3453001022338871)
[LIFT] V_Compute: 28.862 V
[LIFT] V_Motors: 28.270 V
[YOR] follow_path: n=4 first=(4.386500120162965, -0.3453001022338871) last=(5.186500120162964, -0.3453001022338871)
[LIFT] V_Compute: 28.865 V
[LIFT] V_Motors: 28.280 V
[YOR] follow_path: n=4 first=(4.586500120162964, -0.3453001022338871) last=(5.186500120162964, -0.3453001022338871)
[LIFT] V_Compute: 28.866 V
[LIFT] V_Motors: 28.263 V
[YOR] follow_path: n=3 first=(4.786500120162965, -0.29530010223388725) last=(5.186500120162964, -0.3453001022338871)
[LIFT] V_Compute: 28.874 V
[LIFT] V_Motors: 28.279 V
[YOR] follow_path: n=2 first=(4.936500120162964, -0.3453001022338871) last=(5.186500120162964, -0.3453001022338871)
[LIFT] V_Compute: 28.861 V
[LIFT] V_Motors: 28.265 V
[YOR] follow_path: n=2 first=(5.136500120162965, -0.3453001022338871) last=(5.186500120162964, -0.3453001022338871)
[LIFT] V_Compute: 28.868 V
[LIFT] V_Motors: 28.300 V
[YOR] follow_path: cleared
[LIFT] V_Compute: 28.870 V
[LIFT] V_Motors: 28.306 V
[LIFT] V_Compute: 28.869 V
[LIFT] V_Motors: 28.302 V
[LIFT] V_Compute: 28.875 V
[LIFT] V_Motors: 28.308 V
[LIFT] V_Compute: 28.870 V
[LIFT] V_Motors: 28.308 V
[LIFT] V_Compute: 28.869 V
[LIFT] V_Motors: 28.306 V
[LIFT] V_Compute: 28.871 V
[LIFT] V_Motors: 28.310 V
[LIFT] V_Compute: 28.864 V
[LIFT] V_Motors: 28.310 V
[LIFT] V_Compute: 28.856 V
[LIFT] V_Motors: 28.305 V
[LIFT] V_Compute: 28.855 V
[LIFT] V_Motors: 28.302 V
[LIFT] V_Compute: 28.841 V
[LIFT] V_Motors: 28.289 V
[LIFT] V_Compute: 28.859 V
[LIFT] V_Motors: 28.300 V
[LIFT] V_Compute: 28.864 V
[LIFT] V_Motors: 28.300 V
[LIFT] V_Compute: 28.859 V
[LIFT] V_Motors: 28.304 V
[LIFT] V_Compute: 28.865 V
[LIFT] V_Motors: 28.300 V
[YOR] follow_path: n=1 first=(5.136500120162965, -0.3453001022338871) last=(5.136500120162965, -0.3453001022338871)
[YOR] follow_path: cleared
[LIFT] V_Compute: 28.864 V
[LIFT] V_Motors: 28.299 V
[LIFT] V_Compute: 28.861 V
[LIFT] V_Motors: 28.300 V
[LIFT] V_Compute: 28.859 V
[LIFT] V_Motors: 28.300 V
[LIFT] V_Compute: 28.862 V
[LIFT] V_Motors: 28.298 V
[LIFT] V_Compute: 28.862 V
[LIFT] V_Motors: 28.306 V
[LIFT] V_Compute: 28.871 V
[LIFT] V_Motors: 28.305 V
[YOR] follow_path: n=26 first=(5.136500120162965, -0.3453001022338871) last=(-0.0134998798370356, 0.004699897766112571)
[LIFT] V_Compute: 28.872 V
[LIFT] V_Motors: 28.263 V
[YOR] follow_path: n=26 first=(5.136500120162965, -0.3453001022338871) last=(-0.0134998798370356, 0.004699897766112571)
[LIFT] V_Compute: 28.868 V
[LIFT] V_Motors: 28.272 V
[YOR] follow_path: n=25 first=(5.136500120162965, -0.4453001022338876) last=(-0.0134998798370356, 0.004699897766112571)
[LIFT] V_Compute: 28.861 V
[LIFT] V_Motors: 28.290 V
[YOR] follow_path: n=25 first=(5.086500120162964, -0.49530010223388743) last=(-0.0134998798370356, 0.004699897766112571)
[LIFT] V_Compute: 28.862 V
[LIFT] V_Motors: 28.291 V
[LIFT] V_Compute: 28.868 V
[LIFT] V_Motors: 28.289 V
[YOR] follow_path: n=24 first=(5.036500120162965, -0.49530010223388743) last=(-0.0134998798370356, 0.004699897766112571)
[LIFT] V_Compute: 28.868 V
[LIFT] V_Motors: 28.289 V
[YOR] follow_path: n=24 first=(4.936500120162964, -0.49530010223388743) last=(-0.0134998798370356, 0.004699897766112571)
[LIFT] V_Compute: 28.869 V
[LIFT] V_Motors: 28.260 V
[YOR] follow_path: n=24 first=(4.886500120162965, -0.4453001022338876) last=(-0.0134998798370356, 0.004699897766112571)
[LIFT] V_Compute: 28.868 V
[LIFT] V_Motors: 28.294 V
[YOR] follow_path: n=24 first=(4.886500120162965, -0.4453001022338876) last=(-0.0134998798370356, 0.004699897766112571)
[LIFT] V_Compute: 28.856 V
[LIFT] V_Motors: 28.294 V
[YOR] follow_path: n=24 first=(4.836500120162964, -0.3953001022338869) last=(-0.0134998798370356, 0.004699897766112571)
[LIFT] V_Compute: 28.870 V
[LIFT] V_Motors: 28.255 V
[YOR] follow_path: n=24 first=(4.836500120162964, -0.3953001022338869) last=(-0.0134998798370356, 0.004699897766112571)
[LIFT] V_Compute: 28.865 V
[LIFT] V_Motors: 28.263 V
[YOR] follow_path: n=24 first=(4.686500120162964, -0.3953001022338869) last=(-0.0134998798370356, 0.004699897766112571)
[LIFT] V_Compute: 28.866 V
[LIFT] V_Motors: 28.257 V
[YOR] follow_path: n=23 first=(4.486500120162964, -0.3953001022338869) last=(-0.0134998798370356, 0.004699897766112571)
[LIFT] V_Compute: 28.854 V
[LIFT] V_Motors: 28.275 V
[YOR] follow_path: n=22 first=(4.386500120162965, -0.4453001022338876) last=(-0.0134998798370356, 0.004699897766112571)
[LIFT] V_Compute: 28.861 V
[LIFT] V_Motors: 28.284 V
[YOR] follow_path: n=21 first=(4.136500120162965, -0.49530010223388743) last=(-0.0134998798370356, 0.004699897766112571)
[LIFT] V_Compute: 28.862 V
[LIFT] V_Motors: 28.269 V
[YOR] follow_path: n=20 first=(3.9865001201629644, -0.4453001022338876) last=(-0.0134998798370356, 0.004699897766112571)
[LIFT] V_Compute: 28.851 V
[LIFT] V_Motors: 28.253 V
[YOR] follow_path: n=20 first=(3.7365001201629644, -0.49530010223388743) last=(-0.0134998798370356, 0.004699897766112571)
[LIFT] V_Compute: 28.857 V
[LIFT] V_Motors: 28.279 V
[YOR] follow_path: n=19 first=(3.586500120162964, -0.4453001022338876) last=(-0.0134998798370356, 0.004699897766112571)
[LIFT] V_Compute: 28.870 V
[LIFT] V_Motors: 28.271 V
[YOR] follow_path: n=18 first=(3.3865001201629648, -0.3953001022338869) last=(-0.0134998798370356, 0.004699897766112571)
[LIFT] V_Compute: 28.861 V
[LIFT] V_Motors: 28.280 V
[YOR] follow_path: n=16 first=(3.1865001201629646, -0.3953001022338869) last=(-0.0134998798370356, 0.004699897766112571)
[LIFT] V_Compute: 28.868 V
[LIFT] V_Motors: 28.260 V
[YOR] follow_path: n=16 first=(3.0365001201629642, -0.3953001022338869) last=(-0.0134998798370356, 0.004699897766112571)
[LIFT] V_Compute: 28.851 V
[LIFT] V_Motors: 28.266 V
[YOR] follow_path: n=15 first=(2.836500120162964, -0.3953001022338869) last=(-0.0134998798370356, 0.004699897766112571)
[LIFT] V_Compute: 28.864 V
[LIFT] V_Motors: 28.282 V
[LIFT] V_Compute: 28.865 V
[LIFT] V_Motors: 28.274 V
[YOR] follow_path: n=14 first=(2.6365001201629648, -0.3208002090454105) last=(-0.0134998798370356, -0.02080020904541069)
[LIFT] V_Compute: 28.866 V
[LIFT] V_Motors: 28.279 V
[YOR] follow_path: n=13 first=(2.3865001201629648, -0.348200035095215) last=(-0.0134998798370356, 0.0017999649047846233)
[LIFT] V_Compute: 28.862 V
[LIFT] V_Motors: 28.271 V
[YOR] follow_path: n=12 first=(2.2365001201629644, -0.33760018348693865) last=(-0.0134998798370356, 0.01239981651306099)
[LIFT] V_Compute: 28.854 V
[LIFT] V_Motors: 28.263 V
[YOR] follow_path: n=11 first=(2.0365001201629642, -0.33760018348693865) last=(-0.0134998798370356, 0.01239981651306099)
[LIFT] V_Compute: 28.861 V
[LIFT] V_Motors: 28.254 V
[YOR] follow_path: n=10 first=(1.836500120162964, -0.33760018348693865) last=(-0.0134998798370356, 0.01239981651306099)
[LIFT] V_Compute: 28.868 V
[LIFT] V_Motors: 28.271 V
[YOR] follow_path: n=10 first=(1.6865001201629646, -0.28760018348693883) last=(-0.0134998798370356, 0.01239981651306099)
[LIFT] V_Compute: 28.861 V
[LIFT] V_Motors: 28.264 V
[YOR] follow_path: n=8 first=(1.4365001201629646, -0.26710019111633354) last=(-0.0134998798370356, -0.01710019111633354)
[LIFT] V_Compute: 28.859 V
[LIFT] V_Motors: 28.271 V
[YOR] follow_path: n=8 first=(1.2651001930236818, -0.24530010223388743) last=(0.015100193023681818, 0.004699897766112571)
[LIFT] V_Compute: 28.851 V
[LIFT] V_Motors: 28.264 V
[YOR] follow_path: n=6 first=(1.0612001895904548, -0.1953001022338876) last=(0.011200189590454102, 0.004699897766112571)
[LIFT] V_Compute: 28.860 V
[LIFT] V_Motors: 28.274 V
[YOR] follow_path: n=6 first=(0.8612001895904546, -0.1453001022338869) last=(0.011200189590454102, 0.004699897766112571)
[LIFT] V_Compute: 28.862 V
[LIFT] V_Motors: 28.266 V
[YOR] follow_path: n=4 first=(0.7074000358581545, -0.1453001022338869) last=(0.007400035858154297, 0.004699897766112571)
[LIFT] V_Compute: 28.870 V
[LIFT] V_Motors: 28.271 V
[YOR] follow_path: n=4 first=(0.49760007858276456, -0.09530010223388707) last=(-0.002399921417236328, 0.004699897766112571)
[LIFT] V_Compute: 28.857 V
[LIFT] V_Motors: 28.265 V
[LIFT] V_Compute: 28.861 V
[LIFT] V_Motors: 28.269 V
[LIFT] V_Compute: 28.860 V
[LIFT] V_Motors: 28.284 V
[LIFT] V_Compute: 28.862 V
[LIFT] V_Motors: 28.276 V
[LIFT] V_Compute: 28.856 V
[LIFT] V_Motors: 28.281 V
[LIFT] V_Compute: 28.859 V
[LIFT] V_Motors: 28.271 V
[LIFT] V_Compute: 28.857 V
[LIFT] V_Motors: 28.282 V
[LIFT] V_Compute: 28.861 V
[LIFT] V_Motors: 28.294 V
[LIFT] V_Compute: 28.864 V
[LIFT] V_Motors: 28.295 V
[LIFT] V_Compute: 28.854 V
[LIFT] V_Motors: 28.299 V
[LIFT] V_Compute: 28.860 V
[LIFT] V_Motors: 28.300 V
[LIFT] V_Compute: 28.859 V
[LIFT] V_Motors: 28.249 V
[LIFT] V_Compute: 28.862 V
[LIFT] V_Motors: 28.254 V
[LIFT] V_Compute: 28.861 V
[LIFT] V_Motors: 28.269 V
[LIFT] V_Compute: 28.859 V
[LIFT] V_Motors: 28.277 V
[LIFT] V_Compute: 28.860 V
[LIFT] V_Motors: 28.295 V
[YOR] follow_path: cleared
[LIFT] V_Compute: 28.865 V
[LIFT] V_Motors: 28.299 V
[LIFT] V_Compute: 28.864 V
[LIFT] V_Motors: 28.298 V
[LIFT] V_Compute: 28.864 V
[LIFT] V_Motors: 28.300 V
[LIFT] V_Compute: 28.861 V
[LIFT] V_Motors: 28.301 V
[LIFT] V_Compute: 28.859 V
[LIFT] V_Motors: 28.291 V
[LIFT] V_Compute: 28.859 V
[LIFT] V_Motors: 28.299 V
[LIFT] V_Compute: 28.859 V
[LIFT] V_Motors: 28.295 V
[YOR] follow_path: n=25 first=(0.016400003433227894, -0.016700077056885476) last=(5.166400003433227, -0.3667000770568851)
[LIFT] V_Compute: 28.868 V
[LIFT] V_Motors: 28.261 V
[YOR] follow_path: n=25 first=(0.016400003433227894, -0.016700077056885476) last=(5.166400003433227, -0.3667000770568851)
[LIFT] V_Compute: 28.853 V
[LIFT] V_Motors: 28.266 V
[YOR] follow_path: n=24 first=(0.21640000343322807, -0.03330001831054741) last=(5.166400003433227, -0.33330001831054723)
[LIFT] V_Compute: 28.857 V
[LIFT] V_Motors: 28.266 V
[YOR] follow_path: n=23 first=(0.46640000343322807, -0.026200151443481978) last=(5.166400003433227, -0.3262001514434818)
[LIFT] V_Compute: 28.868 V
[LIFT] V_Motors: 28.276 V
[YOR] follow_path: n=22 first=(0.5664000034332277, -0.026200151443481978) last=(5.166400003433227, -0.3262001514434818)
[LIFT] V_Compute: 28.857 V
[LIFT] V_Motors: 28.267 V
[YOR] follow_path: n=21 first=(0.8164000034332277, 0.005099868774413707) last=(5.166400003433227, -0.3449001312255868)
[LIFT] V_Compute: 28.862 V
[LIFT] V_Motors: 28.274 V
[YOR] follow_path: n=20 first=(0.9664000034332281, -0.0226001739501962) last=(5.166400003433227, -0.322600173950196)
[LIFT] V_Compute: 28.860 V
[LIFT] V_Motors: 28.270 V
[YOR] follow_path: n=20 first=(1.1164000034332284, 0.00879974365234304) last=(5.166400003433227, -0.3412002563476566)
[LIFT] V_Compute: 28.865 V
[LIFT] V_Motors: 28.267 V
[YOR] follow_path: n=18 first=(1.3164000034332277, -0.04120025634765678) last=(5.166400003433227, -0.3412002563476566)
[LIFT] V_Compute: 28.862 V
[LIFT] V_Motors: 28.254 V
[YOR] follow_path: n=18 first=(1.5664000034332277, -0.0912002563476566) last=(5.166400003433227, -0.3412002563476566)
[LIFT] V_Compute: 28.855 V
[LIFT] V_Motors: 28.257 V
[YOR] follow_path: n=16 first=(1.716400003433228, -0.14120025634765643) last=(5.166400003433227, -0.3412002563476566)
[LIFT] V_Compute: 28.856 V
[LIFT] V_Motors: 28.270 V
[YOR] follow_path: n=16 first=(1.9164000034332282, -0.19120025634765714) last=(5.166400003433227, -0.3412002563476566)
[LIFT] V_Compute: 28.855 V
[LIFT] V_Motors: 28.271 V
[YOR] follow_path: n=15 first=(2.0664000034332277, -0.17600011825561612) last=(5.166400003433227, -0.3260001182556156)
[LIFT] V_Compute: 28.859 V
[LIFT] V_Motors: 28.264 V
[YOR] follow_path: n=15 first=(2.266400003433228, -0.16670007705688494) last=(5.166400003433227, -0.3667000770568851)
[LIFT] V_Compute: 28.857 V
[LIFT] V_Motors: 28.264 V
[YOR] follow_path: n=13 first=(2.466400003433228, -0.21670007705688565) last=(5.166400003433227, -0.3667000770568851)
[LIFT] V_Compute: 28.854 V
[LIFT] V_Motors: 28.244 V
[LIFT] V_Compute: 28.854 V
[LIFT] V_Motors: 28.257 V
[YOR] follow_path: n=13 first=(2.6664000034332282, -0.21670007705688565) last=(5.166400003433227, -0.3667000770568851)
[LIFT] V_Compute: 28.864 V
[LIFT] V_Motors: 28.264 V
[YOR] follow_path: n=12 first=(2.8164000034332277, -0.21670007705688565) last=(5.166400003433227, -0.3667000770568851)
[LIFT] V_Compute: 28.861 V
[LIFT] V_Motors: 28.260 V
[YOR] follow_path: n=11 first=(3.016400003433228, -0.21670007705688565) last=(5.166400003433227, -0.3667000770568851)
[LIFT] V_Compute: 28.856 V
[LIFT] V_Motors: 28.266 V
[YOR] follow_path: n=10 first=(3.216400003433228, -0.2667000770568855) last=(5.166400003433227, -0.3667000770568851)
[LIFT] V_Compute: 28.859 V
[LIFT] V_Motors: 28.259 V
[YOR] follow_path: n=10 first=(3.4164000034332282, -0.3167000770568853) last=(5.166400003433227, -0.3667000770568851)
[LIFT] V_Compute: 28.864 V
[LIFT] V_Motors: 28.259 V
[YOR] follow_path: n=8 first=(3.5664000034332277, -0.3667000770568851) last=(5.166400003433227, -0.3667000770568851)
[LIFT] V_Compute: 28.859 V
[LIFT] V_Motors: 28.270 V
[YOR] follow_path: n=8 first=(3.8164000034332277, -0.41670007705688494) last=(5.166400003433227, -0.3667000770568851)
[LIFT] V_Compute: 28.849 V
[LIFT] V_Motors: 28.249 V
[YOR] follow_path: n=7 first=(3.966400003433228, -0.3667000770568851) last=(5.166400003433227, -0.3667000770568851)
[LIFT] V_Compute: 28.860 V
[LIFT] V_Motors: 28.259 V
[YOR] follow_path: n=6 first=(4.166400003433227, -0.3667000770568851) last=(5.166400003433227, -0.3667000770568851)
[LIFT] V_Compute: 28.860 V
[LIFT] V_Motors: 28.270 V
[YOR] follow_path: n=4 first=(4.366400003433228, -0.3667000770568851) last=(5.166400003433227, -0.3667000770568851)
[LIFT] V_Compute: 28.851 V
[LIFT] V_Motors: 28.269 V
[YOR] follow_path: n=4 first=(4.516400003433229, -0.3667000770568851) last=(5.166400003433227, -0.3667000770568851)
[LIFT] V_Compute: 28.859 V
[LIFT] V_Motors: 28.270 V
[YOR] follow_path: n=4 first=(4.716400003433228, -0.3167000770568853) last=(5.166400003433227, -0.3667000770568851)
[LIFT] V_Compute: 28.854 V
[LIFT] V_Motors: 28.256 V
[LIFT] V_Compute: 28.865 V
[LIFT] V_Motors: 28.264 V
[LIFT] V_Compute: 28.855 V
[LIFT] V_Motors: 28.276 V
[LIFT] V_Compute: 28.861 V
[LIFT] V_Motors: 28.294 V
[YOR] follow_path: cleared
[LIFT] V_Compute: 28.862 V
[LIFT] V_Motors: 28.292 V
[LIFT] V_Compute: 28.861 V
[LIFT] V_Motors: 28.296 V
[LIFT] V_Compute: 28.862 V
[LIFT] V_Motors: 28.298 V
[LIFT] V_Compute: 28.853 V
[LIFT] V_Motors: 28.304 V
[LIFT] V_Compute: 28.861 V
[LIFT] V_Motors: 28.298 V
[LIFT] V_Compute: 28.865 V
[LIFT] V_Motors: 28.294 V
[LIFT] V_Compute: 28.840 V
[LIFT] V_Motors: 28.275 V
[YOR] follow_path: n=25 first=(5.116400003433228, -0.3167000770568853) last=(0.016400003433227894, -0.016700077056885476)
[LIFT] V_Compute: 28.857 V
[LIFT] V_Motors: 28.254 V
[YOR] follow_path: n=25 first=(5.116400003433228, -0.3167000770568853) last=(0.016400003433227894, -0.016700077056885476)
[LIFT] V_Compute: 28.850 V
[LIFT] V_Motors: 28.260 V
[YOR] follow_path: n=26 first=(5.116400003433228, -0.29070034027099645) last=(0.016400003433227894, 0.009299659729003373)
[LIFT] V_Compute: 28.860 V
[LIFT] V_Motors: 28.271 V
[YOR] follow_path: n=24 first=(5.016400003433229, -0.24480028152465838) last=(0.016400003433227894, 0.005199718475341619)
[LIFT] V_Compute: 28.862 V
[LIFT] V_Motors: 28.279 V
[YOR] follow_path: n=24 first=(4.966400003433228, -0.20329999923706144) last=(0.016400003433227894, -0.0032999992370612574)
[LIFT] V_Compute: 28.850 V
[LIFT] V_Motors: 28.272 V
[YOR] follow_path: n=24 first=(4.916400003433227, -0.25329999923706126) last=(0.016400003433227894, -0.0032999992370612574)
[LIFT] V_Compute: 28.856 V
[LIFT] V_Motors: 28.271 V
[YOR] follow_path: n=24 first=(4.866400003433228, -0.3032999992370611) last=(0.016400003433227894, -0.0032999992370612574)
[LIFT] V_Compute: 28.856 V
[LIFT] V_Motors: 28.266 V
[YOR] follow_path: n=24 first=(4.816400003433228, -0.3532999992370609) last=(0.016400003433227894, -0.0032999992370612574)
[LIFT] V_Compute: 28.855 V
[LIFT] V_Motors: 28.289 V
[YOR] follow_path: n=24 first=(4.816400003433228, -0.37650003433227575) last=(0.016400003433227894, 0.02349996566772372)
[LIFT] V_Compute: 28.846 V
[LIFT] V_Motors: 28.286 V
[YOR] follow_path: n=24 first=(4.866400003433228, -0.3495999336242681) last=(0.016400003433227894, 0.0004000663757315337)
[LIFT] V_Compute: 28.855 V
[LIFT] V_Motors: 28.254 V
[YOR] follow_path: n=24 first=(4.816400003433228, -0.3553002357482917) last=(0.016400003433227894, -0.005300235748291193)
[LIFT] V_Compute: 28.851 V
[LIFT] V_Motors: 28.229 V
[YOR] follow_path: n=23 first=(4.716400003433228, -0.3601000785827644) last=(0.016400003433227894, -0.01010007858276385)
[LIFT] V_Compute: 28.859 V
[LIFT] V_Motors: 28.270 V
[YOR] follow_path: n=23 first=(4.566400003433228, -0.460100078582764) last=(0.016400003433227894, -0.01010007858276385)
[LIFT] V_Compute: 28.851 V
[LIFT] V_Motors: 28.236 V
[YOR] follow_path: n=22 first=(4.366400003433228, -0.460100078582764) last=(0.016400003433227894, -0.01010007858276385)
[LIFT] V_Compute: 28.853 V
[LIFT] V_Motors: 28.251 V
[YOR] follow_path: n=21 first=(4.166400003433227, -0.4101000785827642) last=(0.016400003433227894, -0.01010007858276385)
[LIFT] V_Compute: 28.849 V
[LIFT] V_Motors: 28.264 V
[LIFT] V_Compute: 28.856 V
[LIFT] V_Motors: 28.266 V
[YOR] follow_path: n=20 first=(3.966400003433228, -0.460100078582764) last=(0.016400003433227894, -0.01010007858276385)
[LIFT] V_Compute: 28.855 V
[LIFT] V_Motors: 28.271 V
[YOR] follow_path: n=20 first=(3.8164000034332277, -0.460100078582764) last=(0.016400003433227894, -0.01010007858276385)
[LIFT] V_Compute: 28.856 V
[LIFT] V_Motors: 28.253 V
[YOR] follow_path: n=19 first=(3.5664000034332277, -0.4101000785827642) last=(0.016400003433227894, -0.01010007858276385)
[LIFT] V_Compute: 28.860 V
[LIFT] V_Motors: 28.257 V
[YOR] follow_path: n=18 first=(3.4164000034332282, -0.4101000785827642) last=(0.016400003433227894, -0.01010007858276385)
[LIFT] V_Compute: 28.856 V
[LIFT] V_Motors: 28.263 V
[YOR] follow_path: n=17 first=(3.266400003433228, -0.4101000785827642) last=(0.016400003433227894, -0.01010007858276385)
[LIFT] V_Compute: 28.851 V
[LIFT] V_Motors: 28.254 V
[YOR] follow_path: n=16 first=(3.0664000034332277, -0.3601000785827644) last=(0.016400003433227894, -0.01010007858276385)
[LIFT] V_Compute: 28.862 V
[LIFT] V_Motors: 28.265 V
[YOR] follow_path: n=16 first=(2.8664000034332284, -0.4101000785827642) last=(0.016400003433227894, -0.01010007858276385)
[LIFT] V_Compute: 28.856 V
[LIFT] V_Motors: 28.266 V
[YOR] follow_path: n=15 first=(2.6664000034332282, -0.4101000785827642) last=(0.016400003433227894, -0.01010007858276385)
[LIFT] V_Compute: 28.861 V
[LIFT] V_Motors: 28.260 V
[YOR] follow_path: n=14 first=(2.466400003433228, -0.3601000785827644) last=(0.016400003433227894, -0.01010007858276385)
[LIFT] V_Compute: 28.857 V
[LIFT] V_Motors: 28.267 V
[YOR] follow_path: n=12 first=(2.266400003433228, -0.3601000785827644) last=(0.016400003433227894, -0.01010007858276385)
[LIFT] V_Compute: 28.850 V
[LIFT] V_Motors: 28.263 V
[YOR] follow_path: n=12 first=(2.0664000034332277, -0.3601000785827644) last=(0.016400003433227894, -0.01010007858276385)
[LIFT] V_Compute: 28.861 V
[LIFT] V_Motors: 28.255 V
[YOR] follow_path: n=10 first=(1.9164000034332282, -0.3601000785827644) last=(0.016400003433227894, -0.01010007858276385)
[LIFT] V_Compute: 28.853 V
[LIFT] V_Motors: 28.249 V
[YOR] follow_path: n=10 first=(1.6664000034332282, -0.3601000785827644) last=(0.016400003433227894, -0.01010007858276385)
[LIFT] V_Compute: 28.854 V
[LIFT] V_Motors: 28.267 V
[YOR] follow_path: n=8 first=(1.516400003433228, -0.31010007858276456) last=(0.016400003433227894, -0.01010007858276385)
[LIFT] V_Compute: 28.862 V
[LIFT] V_Motors: 28.260 V
[YOR] follow_path: n=8 first=(1.2655000209808351, -0.26010007858276385) last=(0.015500020980835139, -0.01010007858276385)
[LIFT] V_Compute: 28.851 V
[LIFT] V_Motors: 28.265 V
[YOR] follow_path: n=7 first=(1.1304000377655035, -0.21010007858276403) last=(-0.019599962234496893, -0.01010007858276385)
[LIFT] V_Compute: 28.854 V
[LIFT] V_Motors: 28.267 V
[YOR] follow_path: n=6 first=(0.9101001262664798, -0.21010007858276403) last=(0.010100126266479492, -0.01010007858276385)
[LIFT] V_Compute: 28.853 V
[LIFT] V_Motors: 28.256 V
[YOR] follow_path: n=4 first=(0.7088000297546388, -0.1601000785827642) last=(0.008800029754638672, -0.01010007858276385)
[LIFT] V_Compute: 28.853 V
[LIFT] V_Motors: 28.263 V
[YOR] follow_path: n=4 first=(0.5688000202178962, -0.11010007858276438) last=(0.018800020217895508, -0.01010007858276385)
[LIFT] V_Compute: 28.854 V
[LIFT] V_Motors: 28.246 V
[LIFT] V_Compute: 28.845 V
[YOR] follow_path: n=3 first=(0.37920012474060094, -0.11010007858276438) last=(-0.020799875259399414, -0.01010007858276385)
[LIFT] V_Motors: 28.267 V
[LIFT] V_Compute: 28.857 V
[LIFT] V_Motors: 28.249 V
[LIFT] V_Compute: 28.853 V
[LIFT] V_Motors: 28.275 V
[LIFT] V_Compute: 28.850 V
[LIFT] V_Motors: 28.269 V
[LIFT] V_Compute: 28.853 V
[LIFT] V_Motors: 28.270 V
[LIFT] V_Compute: 28.859 V
[LIFT] V_Motors: 28.260 V
[LIFT] V_Compute: 28.862 V
[LIFT] V_Motors: 28.260 V
[LIFT] V_Compute: 28.853 V
[LIFT] V_Motors: 28.288 V
[LIFT] V_Compute: 28.857 V
[LIFT] V_Motors: 28.267 V
[LIFT] V_Compute: 28.856 V
[LIFT] V_Motors: 28.285 V
[LIFT] V_Compute: 28.856 V
[LIFT] V_Motors: 28.284 V
[LIFT] V_Compute: 28.851 V
[LIFT] V_Motors: 28.249 V
[LIFT] V_Compute: 28.850 V
[LIFT] V_Motors: 28.257 V
[LIFT] V_Compute: 28.845 V
[LIFT] V_Motors: 28.282 V
[LIFT] V_Compute: 28.854 V
[LIFT] V_Motors: 28.284 V
[YOR] follow_path: cleared
[LIFT] V_Compute: 28.861 V
[LIFT] V_Motors: 28.292 V
[LIFT] V_Compute: 28.864 V
[LIFT] V_Motors: 28.290 V
[LIFT] V_Compute: 28.861 V
[LIFT] V_Motors: 28.294 V
[LIFT] V_Compute: 28.834 V
[LIFT] V_Motors: 28.274 V
[LIFT] V_Compute: 28.861 V
[LIFT] V_Motors: 28.289 V
[LIFT] V_Compute: 28.860 V
[LIFT] V_Motors: 28.285 V
[LIFT] V_Compute: 28.850 V
[LIFT] V_Motors: 28.285 V
[LIFT] V_Compute: 28.856 V
[LIFT] V_Motors: 28.286 V
[LIFT] V_Compute: 28.851 V
[LIFT] V_Motors: 28.294 V
[LIFT] V_Compute: 28.850 V
[LIFT] V_Motors: 28.291 V
[LIFT] V_Compute: 28.857 V
[LIFT] V_Motors: 28.294 V
[LIFT] V_Compute: 28.841 V
[LIFT] V_Motors: 28.286 V
[LIFT] V_Compute: 28.851 V
[LIFT] V_Motors: 28.286 V
[YOR] follow_path: cleared
[LIFT] V_Compute: 28.861 V
[LIFT] V_Motors: 28.291 V
[LIFT] V_Compute: 28.862 V
[LIFT] V_Motors: 28.301 V
[LIFT] V_Compute: 28.847 V
[LIFT] V_Motors: 28.285 V
[LIFT] V_Compute: 28.860 V
[LIFT] V_Motors: 28.299 V
[LIFT] V_Compute: 28.850 V
[LIFT] V_Motors: 28.292 V
[LIFT] V_Compute: 28.860 V
[LIFT] V_Motors: 28.302 V
[LIFT] V_Compute: 28.860 V
[LIFT] V_Motors: 28.295 V
[LIFT] V_Compute: 28.861 V
[LIFT] V_Motors: 28.304 V
[LIFT] V_Compute: 28.860 V
[LIFT] V_Motors: 28.302 V
[LIFT] V_Compute: 28.844 V
[LIFT] V_Motors: 28.299 V
[LIFT] V_Compute: 28.868 V
[LIFT] V_Motors: 28.301 V
[LIFT] V_Compute: 28.860 V
[LIFT] V_Motors: 28.294 V
[LIFT] V_Compute: 28.860 V
[LIFT] V_Motors: 28.304 V
[LIFT] V_Compute: 28.862 V
[LIFT] V_Motors: 28.300 V
[LIFT] V_Compute: 28.869 V
[LIFT] V_Motors: 28.298 V
[LIFT] V_Compute: 28.856 V
[LIFT] V_Motors: 28.286 V
[LIFT] V_Compute: 28.869 V
[LIFT] V_Motors: 28.305 V
[LIFT] V_Compute: 28.870 V
[LIFT] V_Motors: 28.301 V
[LIFT] V_Compute: 28.869 V
[LIFT] V_Motors: 28.301 V
[LIFT] V_Compute: 28.869 V
[LIFT] V_Motors: 28.295 V
[LIFT] V_Compute: 28.862 V
[LIFT] V_Motors: 28.294 V
[LIFT] V_Compute: 28.865 V
[LIFT] V_Motors: 28.296 V
[LIFT] V_Compute: 28.869 V
[LIFT] V_Motors: 28.300 V
[LIFT] V_Compute: 28.866 V
[LIFT] V_Motors: 28.305 V
[LIFT] V_Compute: 28.853 V
[LIFT] V_Motors: 28.291 V
[LIFT] V_Compute: 28.865 V
[LIFT] V_Motors: 28.304 V
[LIFT] V_Compute: 28.868 V
[LIFT] V_Motors: 28.301 V
[LIFT] V_Compute: 28.870 V
[LIFT] V_Motors: 28.305 V
[LIFT] V_Compute: 28.864 V
[LIFT] V_Motors: 28.301 V
[LIFT] V_Compute: 28.860 V
[LIFT] V_Motors: 28.296 V
[LIFT] V_Compute: 28.868 V
[LIFT] V_Motors: 28.300 V
[LIFT] V_Compute: 28.864 V
[LIFT] V_Motors: 28.305 V
[LIFT] V_Compute: 28.868 V
[LIFT] V_Motors: 28.305 V
[LIFT] V_Compute: 28.866 V
[LIFT] V_Motors: 28.306 V
[LIFT] V_Compute: 28.864 V
[LIFT] V_Motors: 28.304 V
[LIFT] V_Compute: 28.868 V
[LIFT] V_Motors: 28.301 V
[LIFT] V_Compute: 28.862 V
[LIFT] V_Motors: 28.301 V
[LIFT] V_Compute: 28.864 V
[LIFT] V_Motors: 28.302 V
[LIFT] V_Compute: 28.861 V
[LIFT] V_Motors: 28.301 V
[LIFT] V_Compute: 28.865 V
[LIFT] V_Motors: 28.301 V
[LIFT] V_Compute: 28.868 V
[LIFT] V_Motors: 28.304 V
[LIFT] V_Compute: 28.862 V
[LIFT] V_Motors: 28.301 V
[LIFT] V_Compute: 28.859 V
[LIFT] V_Motors: 28.304 V
[LIFT] V_Compute: 28.862 V
[LIFT] V_Motors: 28.298 V
[LIFT] V_Compute: 28.862 V
[LIFT] V_Motors: 28.300 V
[LIFT] V_Compute: 28.868 V
[LIFT] V_Motors: 28.306 V
[LIFT] V_Compute: 28.861 V
[LIFT] V_Motors: 28.302 V
[LIFT] V_Compute: 28.862 V
[LIFT] V_Motors: 28.299 V
[LIFT] V_Compute: 28.866 V
[LIFT] V_Motors: 28.304 V
[LIFT] V_Compute: 28.862 V
[LIFT] V_Motors: 28.308 V
[LIFT] V_Compute: 28.869 V
[LIFT] V_Motors: 28.306 V
[LIFT] V_Compute: 28.866 V
[LIFT] V_Motors: 28.304 V
[LIFT] V_Compute: 28.866 V
[LIFT] V_Motors: 28.300 V
[LIFT] V_Compute: 28.869 V
[LIFT] V_Motors: 28.301 V
[LIFT] V_Compute: 28.869 V
[LIFT] V_Motors: 28.299 V
[LIFT] V_Compute: 28.865 V
[LIFT] V_Motors: 28.304 V
[LIFT] V_Compute: 28.866 V
[LIFT] V_Motors: 28.302 V
[LIFT] V_Compute: 28.864 V
[LIFT] V_Motors: 28.300 V
[LIFT] V_Compute: 28.869 V
[LIFT] V_Motors: 28.302 V
[LIFT] V_Compute: 28.868 V
[LIFT] V_Motors: 28.302 V
[LIFT] V_Compute: 28.864 V
[LIFT] V_Motors: 28.302 V
[LIFT] V_Compute: 28.866 V
[LIFT] V_Motors: 28.301 V
[LIFT] V_Compute: 28.856 V
[LIFT] V_Motors: 28.304 V
[LIFT] V_Compute: 28.865 V
[LIFT] V_Motors: 28.306 V
[LIFT] V_Compute: 28.870 V
[LIFT] V_Motors: 28.302 V
[LIFT] V_Compute: 28.864 V
[LIFT] V_Motors: 28.299 V
[LIFT] V_Compute: 28.861 V
[LIFT] V_Motors: 28.298 V
[LIFT] V_Compute: 28.866 V
[LIFT] V_Motors: 28.304 V
[LIFT] V_Compute: 28.862 V
[LIFT] V_Motors: 28.300 V
[LIFT] V_Compute: 28.870 V
[LIFT] V_Motors: 28.304 V
[LIFT] V_Compute: 28.870 V
[LIFT] V_Motors: 28.301 V
[LIFT] V_Compute: 28.860 V
[LIFT] V_Motors: 28.302 V
[LIFT] V_Compute: 28.864 V
[LIFT] V_Motors: 28.298 V
[LIFT] V_Compute: 28.864 V
[LIFT] V_Motors: 28.300 V
[LIFT] V_Compute: 28.864 V
[LIFT] V_Motors: 28.305 V
[LIFT] V_Compute: 28.857 V
[LIFT] V_Motors: 28.302 V
[LIFT] V_Compute: 28.861 V
[LIFT] V_Motors: 28.304 V
[LIFT] V_Compute: 28.854 V
[LIFT] V_Motors: 28.299 V
[LIFT] V_Compute: 28.864 V
[LIFT] V_Motors: 28.301 V
[LIFT] V_Compute: 28.861 V
[LIFT] V_Motors: 28.299 V
[LIFT] V_Compute: 28.864 V
[LIFT] V_Motors: 28.302 V
[LIFT] V_Compute: 28.870 V
[LIFT] V_Motors: 28.304 V
[LIFT] V_Compute: 28.862 V
[LIFT] V_Motors: 28.301 V
[LIFT] V_Compute: 28.862 V
[LIFT] V_Motors: 28.296 V
[LIFT] V_Compute: 28.860 V
[LIFT] V_Motors: 28.301 V
[LIFT] V_Compute: 28.862 V
[LIFT] V_Motors: 28.301 V
[LIFT] V_Compute: 28.870 V
[LIFT] V_Motors: 28.301 V
[LIFT] V_Compute: 28.866 V
[LIFT] V_Motors: 28.300 V
[LIFT] V_Compute: 28.861 V
[LIFT] V_Motors: 28.294 V
[LIFT] V_Compute: 28.868 V
[LIFT] V_Motors: 28.302 V
[LIFT] V_Compute: 28.865 V
[LIFT] V_Motors: 28.305 V
[LIFT] V_Compute: 28.868 V
[LIFT] V_Motors: 28.306 V
[LIFT] V_Compute: 28.865 V
[LIFT] V_Motors: 28.299 V
[LIFT] V_Compute: 28.850 V
[LIFT] V_Motors: 28.292 V
[LIFT] V_Compute: 28.862 V
[LIFT] V_Motors: 28.302 V
[LIFT] V_Compute: 28.862 V
[LIFT] V_Motors: 28.301 V
[LIFT] V_Compute: 28.860 V
[LIFT] V_Motors: 28.300 V
[LIFT] V_Compute: 28.859 V
[LIFT] V_Motors: 28.295 V
[LIFT] V_Compute: 28.847 V
[LIFT] V_Motors: 28.288 V
[LIFT] V_Compute: 28.855 V
[LIFT] V_Motors: 28.298 V
[LIFT] V_Compute: 28.856 V
[LIFT] V_Motors: 28.291 V
[LIFT] V_Compute: 28.856 V
[LIFT] V_Motors: 28.294 V
[LIFT] V_Compute: 28.851 V
[LIFT] V_Motors: 28.296 V
[LIFT] V_Compute: 28.847 V
[LIFT] V_Motors: 28.295 V
[LIFT] V_Compute: 28.845 V
[LIFT] V_Motors: 28.294 V
[LIFT] V_Compute: 28.854 V
[LIFT] V_Motors: 28.294 V
[LIFT] V_Compute: 28.851 V
[LIFT] V_Motors: 28.289 V
[LIFT] V_Compute: 28.856 V
[LIFT] V_Motors: 28.294 V
[LIFT] V_Compute: 28.841 V
[LIFT] V_Motors: 28.285 V
[LIFT] V_Compute: 28.865 V
[LIFT] V_Motors: 28.299 V
[LIFT] V_Compute: 28.861 V
[LIFT] V_Motors: 28.302 V
[LIFT] V_Compute: 28.864 V
[LIFT] V_Motors: 28.301 V
[LIFT] V_Compute: 28.869 V
[LIFT] V_Motors: 28.296 V
[LIFT] V_Compute: 28.855 V
[LIFT] V_Motors: 28.298 V
[LIFT] V_Compute: 28.859 V
[LIFT] V_Motors: 28.299 V
[LIFT] V_Compute: 28.856 V
[LIFT] V_Motors: 28.295 V
[LIFT] V_Compute: 28.869 V
[LIFT] V_Motors: 28.304 V
[LIFT] V_Compute: 28.857 V
[LIFT] V_Motors: 28.298 V
[LIFT] V_Compute: 28.861 V
[LIFT] V_Motors: 28.304 V
[LIFT] V_Compute: 28.861 V
[LIFT] V_Motors: 28.300 V
[LIFT] V_Compute: 28.865 V
[LIFT] V_Motors: 28.298 V
[LIFT] V_Compute: 28.862 V
[LIFT] V_Motors: 28.304 V
[LIFT] V_Compute: 28.868 V
[LIFT] V_Motors: 28.298 V
[LIFT] V_Compute: 28.862 V
[LIFT] V_Motors: 28.295 V
[LIFT] V_Compute: 28.865 V
[LIFT] V_Motors: 28.304 V
[LIFT] V_Compute: 28.862 V
[LIFT] V_Motors: 28.295 V
[LIFT] V_Compute: 28.862 V
[LIFT] V_Motors: 28.302 V
[LIFT] V_Compute: 28.865 V
[LIFT] V_Motors: 28.299 V
[LIFT] V_Compute: 28.860 V
[LIFT] V_Motors: 28.299 V
[LIFT] V_Compute: 28.859 V
[LIFT] V_Motors: 28.301 V
[LIFT] V_Compute: 28.865 V
[LIFT] V_Motors: 28.298 V
[LIFT] V_Compute: 28.866 V
[LIFT] V_Motors: 28.298 V
[LIFT] V_Compute: 28.865 V
[LIFT] V_Motors: 28.304 V
[LIFT] V_Compute: 28.859 V
[LIFT] V_Motors: 28.299 V
[LIFT] V_Compute: 28.861 V
[LIFT] V_Motors: 28.299 V
[LIFT] V_Compute: 28.856 V
[LIFT] V_Motors: 28.301 V
[LIFT] V_Compute: 28.857 V
[LIFT] V_Motors: 28.301 V
[LIFT] V_Compute: 28.855 V
[LIFT] V_Motors: 28.300 V
[LIFT] V_Compute: 28.861 V
[LIFT] V_Motors: 28.300 V
[LIFT] V_Compute: 28.862 V
[LIFT] V_Motors: 28.299 V
[LIFT] V_Compute: 28.864 V
[LIFT] V_Motors: 28.301 V
[LIFT] V_Compute: 28.856 V
[LIFT] V_Motors: 28.299 V
[LIFT] V_Compute: 28.859 V
[LIFT] V_Motors: 28.295 V
[LIFT] V_Compute: 28.861 V
[LIFT] V_Motors: 28.300 V
[LIFT] V_Compute: 28.866 V
[LIFT] V_Motors: 28.300 V
[LIFT] V_Compute: 28.854 V
[LIFT] V_Motors: 28.302 V
[LIFT] V_Compute: 28.856 V
[LIFT] V_Motors: 28.296 V
[LIFT] V_Compute: 28.865 V
[LIFT] V_Motors: 28.301 V
[LIFT] V_Compute: 28.860 V
[LIFT] V_Motors: 28.295 V
[LIFT] V_Compute: 28.861 V
[LIFT] V_Motors: 28.301 V
[LIFT] V_Compute: 28.862 V
[LIFT] V_Motors: 28.301 V
[LIFT] V_Compute: 28.862 V
[LIFT] V_Motors: 28.300 V
[LIFT] V_Compute: 28.849 V
[LIFT] V_Motors: 28.294 V
[LIFT] V_Compute: 28.862 V
[LIFT] V_Motors: 28.301 V
[LIFT] V_Compute: 28.865 V
[LIFT] V_Motors: 28.298 V
[LIFT] V_Compute: 28.864 V
[LIFT] V_Motors: 28.300 V
[LIFT] V_Compute: 28.857 V
[LIFT] V_Motors: 28.299 V
[LIFT] V_Compute: 28.857 V
[LIFT] V_Motors: 28.294 V
[LIFT] V_Compute: 28.864 V
[LIFT] V_Motors: 28.296 V
[LIFT] V_Compute: 28.860 V
[LIFT] V_Motors: 28.301 V
[LIFT] V_Compute: 28.857 V
[LIFT] V_Motors: 28.289 V
[LIFT] V_Compute: 28.862 V
[LIFT] V_Motors: 28.299 V
[LIFT] V_Compute: 28.856 V
[LIFT] V_Motors: 28.304 V
[LIFT] V_Compute: 28.859 V
[LIFT] V_Motors: 28.295 V
[LIFT] V_Compute: 28.864 V
[LIFT] V_Motors: 28.299 V
[LIFT] V_Compute: 28.855 V
[LIFT] V_Motors: 28.295 V
[LIFT] V_Compute: 28.844 V
[LIFT] V_Motors: 28.286 V
[LIFT] V_Compute: 28.851 V
[LIFT] V_Motors: 28.298 V
[LIFT] V_Compute: 28.861 V
[LIFT] V_Motors: 28.299 V
[LIFT] V_Compute: 28.855 V
[LIFT] V_Motors: 28.294 V
[LIFT] V_Compute: 28.859 V
[LIFT] V_Motors: 28.301 V
[LIFT] V_Compute: 28.855 V
[LIFT] V_Motors: 28.292 V
[LIFT] V_Compute: 28.862 V
[LIFT] V_Motors: 28.300 V
[LIFT] V_Compute: 28.861 V
[LIFT] V_Motors: 28.299 V
[LIFT] V_Compute: 28.856 V
[LIFT] V_Motors: 28.295 V
[LIFT] V_Compute: 28.864 V
[LIFT] V_Motors: 28.299 V
[LIFT] V_Compute: 28.855 V
[LIFT] V_Motors: 28.301 V
[LIFT] V_Compute: 28.850 V
[LIFT] V_Motors: 28.290 V
[LIFT] V_Compute: 28.860 V
[LIFT] V_Motors: 28.296 V
[LIFT] V_Compute: 28.855 V
[LIFT] V_Motors: 28.296 V
[LIFT] V_Compute: 28.855 V
[LIFT] V_Motors: 28.296 V
[LIFT] V_Compute: 28.856 V
[LIFT] V_Motors: 28.298 V
[LIFT] V_Compute: 28.859 V
[LIFT] V_Motors: 28.300 V
[LIFT] V_Compute: 28.859 V
[LIFT] V_Motors: 28.294 V
[LIFT] V_Compute: 28.864 V
[LIFT] V_Motors: 28.298 V
[LIFT] V_Compute: 28.857 V
[LIFT] V_Motors: 28.295 V
[LIFT] V_Compute: 28.859 V
[LIFT] V_Motors: 28.296 V
[LIFT] V_Compute: 28.841 V
[LIFT] V_Motors: 28.282 V
[LIFT] V_Compute: 28.856 V
[LIFT] V_Motors: 28.289 V
[LIFT] V_Compute: 28.862 V
[LIFT] V_Motors: 28.298 V
[LIFT] V_Compute: 28.851 V
[LIFT] V_Motors: 28.295 V
[LIFT] V_Compute: 28.865 V
[LIFT] V_Motors: 28.298 V
[LIFT] V_Compute: 28.862 V
[LIFT] V_Motors: 28.298 V
[LIFT] V_Compute: 28.861 V
[LIFT] V_Motors: 28.298 V
[LIFT] V_Compute: 28.860 V
[LIFT] V_Motors: 28.298 V
[LIFT] V_Compute: 28.855 V
[LIFT] V_Motors: 28.295 V
[LIFT] V_Compute: 28.861 V
[LIFT] V_Motors: 28.298 V
[LIFT] V_Compute: 28.855 V
[LIFT] V_Motors: 28.294 V
[LIFT] V_Compute: 28.857 V
[LIFT] V_Motors: 28.294 V
[LIFT] V_Compute: 28.859 V
[LIFT] V_Motors: 28.301 V
[LIFT] V_Compute: 28.861 V
[LIFT] V_Motors: 28.295 V
[LIFT] V_Compute: 28.860 V
[LIFT] V_Motors: 28.301 V
[LIFT] V_Compute: 28.857 V
[LIFT] V_Motors: 28.298 V
[LIFT] V_Compute: 28.856 V
[LIFT] V_Motors: 28.299 V
[LIFT] V_Compute: 28.861 V
[LIFT] V_Motors: 28.295 V
[LIFT] V_Compute: 28.861 V
[LIFT] V_Motors: 28.298 V
[LIFT] V_Compute: 28.857 V
[LIFT] V_Motors: 28.296 V
[LIFT] V_Compute: 28.862 V
[LIFT] V_Motors: 28.296 V
[LIFT] V_Compute: 28.855 V
[LIFT] V_Motors: 28.294 V
[LIFT] V_Compute: 28.865 V
[LIFT] V_Motors: 28.299 V
[LIFT] V_Compute: 28.860 V
[LIFT] V_Motors: 28.299 V
[LIFT] V_Compute: 28.856 V
[LIFT] V_Motors: 28.296 V
[LIFT] V_Compute: 28.865 V
[LIFT] V_Motors: 28.298 V
[LIFT] V_Compute: 28.859 V
[LIFT] V_Motors: 28.298 V
[LIFT] V_Compute: 28.851 V
[LIFT] V_Motors: 28.298 V
[LIFT] V_Compute: 28.859 V
[LIFT] V_Motors: 28.299 V
[LIFT] V_Compute: 28.866 V
[LIFT] V_Motors: 28.298 V
[LIFT] V_Compute: 28.860 V
[LIFT] V_Motors: 28.289 V
[LIFT] V_Compute: 28.860 V
[LIFT] V_Motors: 28.296 V
[LIFT] V_Compute: 28.857 V
[LIFT] V_Motors: 28.291 V
[LIFT] V_Compute: 28.856 V
[LIFT] V_Motors: 28.296 V
[LIFT] V_Compute: 28.861 V
[LIFT] V_Motors: 28.295 V
[LIFT] V_Compute: 28.857 V
[LIFT] V_Motors: 28.295 V
[LIFT] V_Compute: 28.856 V
[LIFT] V_Motors: 28.296 V
[LIFT] V_Compute: 28.861 V
[LIFT] V_Motors: 28.300 V
[LIFT] V_Compute: 28.856 V
[LIFT] V_Motors: 28.295 V
[LIFT] V_Compute: 28.860 V
[LIFT] V_Motors: 28.292 V
[LIFT] V_Compute: 28.857 V
[LIFT] V_Motors: 28.299 V
[LIFT] V_Compute: 28.862 V
[LIFT] V_Motors: 28.300 V
[LIFT] V_Compute: 28.860 V
[LIFT] V_Motors: 28.296 V
[LIFT] V_Compute: 28.856 V
[LIFT] V_Motors: 28.294 V
[LIFT] V_Compute: 28.860 V
[LIFT] V_Motors: 28.291 V
[LIFT] V_Compute: 28.856 V
[LIFT] V_Motors: 28.295 V
[LIFT] V_Compute: 28.856 V
[LIFT] V_Motors: 28.295 V
[LIFT] V_Compute: 28.856 V
[LIFT] V_Motors: 28.295 V
[LIFT] V_Compute: 28.856 V
[LIFT] V_Motors: 28.298 V
[LIFT] V_Compute: 28.844 V
[LIFT] V_Motors: 28.280 V
[LIFT] V_Compute: 28.859 V
[LIFT] V_Motors: 28.292 V
[LIFT] V_Compute: 28.853 V
[LIFT] V_Motors: 28.298 V
[LIFT] V_Compute: 28.860 V
[LIFT] V_Motors: 28.298 V
[LIFT] V_Compute: 28.860 V
[LIFT] V_Motors: 28.296 V
[LIFT] V_Compute: 28.854 V
[LIFT] V_Motors: 28.295 V
[LIFT] V_Compute: 28.859 V
[LIFT] V_Motors: 28.298 V
[LIFT] V_Compute: 28.856 V
[LIFT] V_Motors: 28.298 V
[LIFT] V_Compute: 28.853 V
[LIFT] V_Motors: 28.296 V
[LIFT] V_Compute: 28.859 V
[LIFT] V_Motors: 28.295 V
[LIFT] V_Compute: 28.856 V
[LIFT] V_Motors: 28.295 V
[LIFT] V_Compute: 28.862 V
[LIFT] V_Motors: 28.300 V
[LIFT] V_Compute: 28.860 V
[LIFT] V_Motors: 28.299 V
[LIFT] V_Compute: 28.853 V
[LIFT] V_Motors: 28.298 V
[LIFT] V_Compute: 28.853 V
[LIFT] V_Motors: 28.298 V
[LIFT] V_Compute: 28.856 V
[LIFT] V_Motors: 28.294 V
[LIFT] V_Compute: 28.860 V
[LIFT] V_Motors: 28.295 V
[LIFT] V_Compute: 28.849 V
[LIFT] V_Motors: 28.294 V
[LIFT] V_Compute: 28.859 V
[LIFT] V_Motors: 28.295 V
[LIFT] V_Compute: 28.851 V
[LIFT] V_Motors: 28.289 V
[LIFT] V_Compute: 28.849 V
[LIFT] V_Motors: 28.289 V
[LIFT] V_Compute: 28.854 V
[LIFT] V_Motors: 28.286 V
[LIFT] V_Compute: 28.854 V
[LIFT] V_Motors: 28.290 V
[LIFT] V_Compute: 28.857 V
[LIFT] V_Motors: 28.295 V
[LIFT] V_Compute: 28.857 V
[LIFT] V_Motors: 28.296 V
[LIFT] V_Compute: 28.857 V
[LIFT] V_Motors: 28.292 V
[LIFT] V_Compute: 28.853 V
[LIFT] V_Motors: 28.294 V
[LIFT] V_Compute: 28.857 V
[LIFT] V_Motors: 28.295 V
[LIFT] V_Compute: 28.847 V
[LIFT] V_Motors: 28.291 V
[LIFT] V_Compute: 28.859 V
[LIFT] V_Motors: 28.298 V
[LIFT] V_Compute: 28.859 V
[LIFT] V_Motors: 28.295 V
[LIFT] V_Compute: 28.850 V
[LIFT] V_Motors: 28.294 V
[LIFT] V_Compute: 28.859 V
[LIFT] V_Motors: 28.292 V
[LIFT] V_Compute: 28.856 V
[LIFT] V_Motors: 28.294 V
[LIFT] V_Compute: 28.839 V
[LIFT] V_Motors: 28.277 V
[LIFT] V_Compute: 28.846 V
[LIFT] V_Motors: 28.292 V
[LIFT] V_Compute: 28.849 V
[LIFT] V_Motors: 28.290 V
[LIFT] V_Compute: 28.855 V
[LIFT] V_Motors: 28.295 V
[LIFT] V_Compute: 28.850 V
[LIFT] V_Motors: 28.294 V
[LIFT] V_Compute: 28.844 V
[LIFT] V_Motors: 28.284 V
[LIFT] V_Compute: 28.847 V
[LIFT] V_Motors: 28.290 V
[LIFT] V_Compute: 28.850 V
[LIFT] V_Motors: 28.292 V
[LIFT] V_Compute: 28.845 V
[LIFT] V_Motors: 28.294 V
[LIFT] V_Compute: 28.850 V
[LIFT] V_Motors: 28.291 V
[LIFT] V_Compute: 28.850 V
[LIFT] V_Motors: 28.288 V
[LIFT] V_Compute: 28.849 V
[LIFT] V_Motors: 28.291 V
[LIFT] V_Compute: 28.854 V
[LIFT] V_Motors: 28.285 V
[LIFT] V_Compute: 28.859 V
[LIFT] V_Motors: 28.290 V
[LIFT] V_Compute: 28.853 V
[LIFT] V_Motors: 28.290 V
[LIFT] V_Compute: 28.856 V
[LIFT] V_Motors: 28.291 V
[LIFT] V_Compute: 28.855 V
[LIFT] V_Motors: 28.291 V
[LIFT] V_Compute: 28.844 V
[LIFT] V_Motors: 28.291 V
[LIFT] V_Compute: 28.855 V
[LIFT] V_Motors: 28.294 V
[LIFT] V_Compute: 28.860 V
[LIFT] V_Motors: 28.292 V
[LIFT] V_Compute: 28.837 V
[LIFT] V_Motors: 28.276 V
[LIFT] V_Compute: 28.854 V
[LIFT] V_Motors: 28.291 V
[LIFT] V_Compute: 28.860 V
[LIFT] V_Motors: 28.295 V
[LIFT] V_Compute: 28.851 V
[LIFT] V_Motors: 28.290 V
[LIFT] V_Compute: 28.853 V
[LIFT] V_Motors: 28.290 V
[LIFT] V_Compute: 28.853 V
[LIFT] V_Motors: 28.296 V
[LIFT] V_Compute: 28.856 V
[LIFT] V_Motors: 28.290 V
[LIFT] V_Compute: 28.844 V
[LIFT] V_Motors: 28.290 V
[LIFT] V_Compute: 28.856 V
[LIFT] V_Motors: 28.290 V
[LIFT] V_Compute: 28.859 V
[LIFT] V_Motors: 28.292 V
[LIFT] V_Compute: 28.857 V
[LIFT] V_Motors: 28.292 V
[LIFT] V_Compute: 28.854 V
[LIFT] V_Motors: 28.296 V
[LIFT] V_Compute: 28.855 V
[LIFT] V_Motors: 28.295 V
[LIFT] V_Compute: 28.855 V
[LIFT] V_Motors: 28.295 V
[LIFT] V_Compute: 28.859 V
[LIFT] V_Motors: 28.295 V
[LIFT] V_Compute: 28.853 V
[LIFT] V_Motors: 28.291 V
[LIFT] V_Compute: 28.853 V
[LIFT] V_Motors: 28.292 V
[LIFT] V_Compute: 28.850 V
[LIFT] V_Motors: 28.291 V
[LIFT] V_Compute: 28.859 V
[LIFT] V_Motors: 28.295 V
[LIFT] V_Compute: 28.850 V
[LIFT] V_Motors: 28.277 V
[LIFT] V_Compute: 28.859 V
[LIFT] V_Motors: 28.294 V
[LIFT] V_Compute: 28.857 V
[LIFT] V_Motors: 28.291 V
[LIFT] V_Compute: 28.855 V
[LIFT] V_Motors: 28.292 V
[LIFT] V_Compute: 28.850 V
[LIFT] V_Motors: 28.289 V
[LIFT] V_Compute: 28.854 V
[LIFT] V_Motors: 28.290 V
[LIFT] V_Compute: 28.853 V
[LIFT] V_Motors: 28.288 V
[LIFT] V_Compute: 28.847 V
[LIFT] V_Motors: 28.288 V
[LIFT] V_Compute: 28.850 V
[LIFT] V_Motors: 28.289 V
[LIFT] V_Compute: 28.847 V
[LIFT] V_Motors: 28.291 V
[LIFT] V_Compute: 28.833 V
[LIFT] V_Motors: 28.274 V
[LIFT] V_Compute: 28.841 V
[LIFT] V_Motors: 28.285 V
[LIFT] V_Compute: 28.847 V
[LIFT] V_Motors: 28.285 V
[LIFT] V_Compute: 28.839 V
[LIFT] V_Motors: 28.285 V
[LIFT] V_Compute: 28.853 V
[LIFT] V_Motors: 28.282 V
[LIFT] V_Compute: 28.844 V
[LIFT] V_Motors: 28.285 V
[LIFT] V_Compute: 28.851 V
[LIFT] V_Motors: 28.288 V
[LIFT] V_Compute: 28.853 V
[LIFT] V_Motors: 28.282 V
[LIFT] V_Compute: 28.849 V
[LIFT] V_Motors: 28.285 V
[LIFT] V_Compute: 28.857 V
[LIFT] V_Motors: 28.289 V
[LIFT] V_Compute: 28.853 V
[LIFT] V_Motors: 28.295 V
[LIFT] V_Compute: 28.857 V
[LIFT] V_Motors: 28.292 V
[LIFT] V_Compute: 28.851 V
[LIFT] V_Motors: 28.288 V
[LIFT] V_Compute: 28.851 V
[LIFT] V_Motors: 28.292 V
[LIFT] V_Compute: 28.855 V
[LIFT] V_Motors: 28.290 V
[LIFT] V_Compute: 28.851 V
[LIFT] V_Motors: 28.285 V
[LIFT] V_Compute: 28.854 V
[LIFT] V_Motors: 28.294 V
[LIFT] V_Compute: 28.853 V
[LIFT] V_Motors: 28.291 V
[LIFT] V_Compute: 28.855 V
[LIFT] V_Motors: 28.292 V
[LIFT] V_Compute: 28.856 V
[LIFT] V_Motors: 28.295 V
[LIFT] V_Compute: 28.856 V
[LIFT] V_Motors: 28.292 V
[LIFT] V_Compute: 28.851 V
[LIFT] V_Motors: 28.289 V
[LIFT] V_Compute: 28.851 V
[LIFT] V_Motors: 28.295 V
[LIFT] V_Compute: 28.850 V
[LIFT] V_Motors: 28.285 V
[LIFT] V_Compute: 28.847 V
[LIFT] V_Motors: 28.290 V
[LIFT] V_Compute: 28.855 V
[LIFT] V_Motors: 28.290 V
[LIFT] V_Compute: 28.857 V
[LIFT] V_Motors: 28.286 V
[LIFT] V_Compute: 28.853 V
[LIFT] V_Motors: 28.290 V
[LIFT] V_Compute: 28.851 V
[LIFT] V_Motors: 28.289 V
[LIFT] V_Compute: 28.859 V
[LIFT] V_Motors: 28.291 V
[LIFT] V_Compute: 28.859 V
[LIFT] V_Motors: 28.290 V
[LIFT] V_Compute: 28.854 V
[LIFT] V_Motors: 28.285 V
[LIFT] V_Compute: 28.857 V
[LIFT] V_Motors: 28.292 V
[LIFT] V_Compute: 28.855 V
[LIFT] V_Motors: 28.290 V
[LIFT] V_Compute: 28.855 V
[LIFT] V_Motors: 28.290 V
[LIFT] V_Compute: 28.847 V
[LIFT] V_Motors: 28.285 V
[LIFT] V_Compute: 28.860 V
[LIFT] V_Motors: 28.288 V
[LIFT] V_Compute: 28.856 V
[LIFT] V_Motors: 28.292 V
[LIFT] V_Compute: 28.854 V
[LIFT] V_Motors: 28.286 V
[LIFT] V_Compute: 28.846 V
[LIFT] V_Motors: 28.280 V
[LIFT] V_Compute: 28.850 V
[LIFT] V_Motors: 28.294 V
[LIFT] V_Compute: 28.840 V
[LIFT] V_Motors: 28.279 V
[LIFT] V_Compute: 28.851 V
[LIFT] V_Motors: 28.288 V
[LIFT] V_Compute: 28.851 V
[LIFT] V_Motors: 28.290 V
[LIFT] V_Compute: 28.844 V
[LIFT] V_Motors: 28.284 V
[LIFT] V_Compute: 28.845 V
[LIFT] V_Motors: 28.289 V
[LIFT] V_Compute: 28.855 V
[LIFT] V_Motors: 28.289 V
[LIFT] V_Compute: 28.846 V
[LIFT] V_Motors: 28.289 V
[LIFT] V_Compute: 28.830 V
[LIFT] V_Motors: 28.275 V
[LIFT] V_Compute: 28.857 V
[LIFT] V_Motors: 28.286 V
[LIFT] V_Compute: 28.847 V
[LIFT] V_Motors: 28.289 V
[LIFT] V_Compute: 28.853 V
[LIFT] V_Motors: 28.289 V
[LIFT] V_Compute: 28.854 V
[LIFT] V_Motors: 28.290 V
[LIFT] V_Compute: 28.841 V
[LIFT] V_Motors: 28.281 V
[LIFT] V_Compute: 28.854 V
[LIFT] V_Motors: 28.285 V
[LIFT] V_Compute: 28.856 V
[LIFT] V_Motors: 28.288 V
[LIFT] V_Compute: 28.856 V
[LIFT] V_Motors: 28.292 V
[LIFT] V_Compute: 28.854 V
[LIFT] V_Motors: 28.286 V
[LIFT] V_Compute: 28.846 V
[LIFT] V_Motors: 28.288 V
[LIFT] V_Compute: 28.853 V
[LIFT] V_Motors: 28.294 V
[LIFT] V_Compute: 28.855 V
[LIFT] V_Motors: 28.282 V
[LIFT] V_Compute: 28.853 V
[LIFT] V_Motors: 28.285 V
[LIFT] V_Compute: 28.853 V
[LIFT] V_Motors: 28.288 V
[LIFT] V_Compute: 28.849 V
[LIFT] V_Motors: 28.288 V
[LIFT] V_Compute: 28.850 V
[LIFT] V_Motors: 28.291 V
[LIFT] V_Compute: 28.849 V
[LIFT] V_Motors: 28.296 V
[LIFT] V_Compute: 28.855 V
[LIFT] V_Motors: 28.291 V
[LIFT] V_Compute: 28.854 V
[LIFT] V_Motors: 28.286 V
[LIFT] V_Compute: 28.861 V
[LIFT] V_Motors: 28.290 V
[LIFT] V_Compute: 28.849 V
[LIFT] V_Motors: 28.288 V
[LIFT] V_Compute: 28.847 V
[LIFT] V_Motors: 28.288 V
[LIFT] V_Compute: 28.850 V
[LIFT] V_Motors: 28.285 V
[LIFT] V_Compute: 28.855 V
[LIFT] V_Motors: 28.289 V
[LIFT] V_Compute: 28.851 V
[LIFT] V_Motors: 28.286 V
[LIFT] V_Compute: 28.853 V
[LIFT] V_Motors: 28.290 V
[LIFT] V_Compute: 28.839 V
[LIFT] V_Motors: 28.282 V

RPC Server stopping...
[YOR] base PID: restoring stock swerve gains
[YOR] base PID: /home/pi-v3/YOR-v3-try/config/base_pid_stock.json, PID slot 0
[YOR] base PID:   written     FL drive (CAN 1): p=0.20000000298023224, i=0.0, d=0.10000000149011612, velocity_ff=0.0, output_min=-1.0, output_max=1.0
[YOR] base PID:   written     RL drive (CAN 2): p=0.20000000298023224, i=0.0, d=0.10000000149011612, velocity_ff=0.0, output_min=-1.0, output_max=1.0
[YOR] base PID:   written     RR drive (CAN 3): p=0.20000000298023224, i=0.0, d=0.10000000149011612, velocity_ff=0.0, output_min=-1.0, output_max=1.0
[YOR] base PID:   written     FR drive (CAN 4): p=0.20000000298023224, i=0.0, d=0.10000000149011612, velocity_ff=0.0, output_min=-1.0, output_max=1.0
[YOR] base PID:   already-set FL steering (CAN 5): p=2.0, i=0.0, d=0.009999999776482582, velocity_ff=0.0, output_min=-1.0, output_max=1.0
[YOR] base PID:   already-set RL steering (CAN 6): p=2.0, i=0.0, d=0.009999999776482582, velocity_ff=0.0, output_min=-1.0, output_max=1.0
[YOR] base PID:   already-set RR steering (CAN 7): p=2.0, i=0.0, d=0.009999999776482582, velocity_ff=0.0, output_min=-1.0, output_max=1.0
[LIFT] V_Compute: 28.859 V
[LIFT] V_Motors: 28.291 V
[YOR] base PID:   already-set FR steering (CAN 8): p=2.0, i=0.0, d=0.009999999776482582, velocity_ff=0.0, output_min=-1.0, output_max=1.0
[YOR] base PID: 4 controller(s) already commissioned, 4 written, 0 problem(s)
[YOR] base PID: 0.3s
