"# base_pid=base_pid_hybrid.json [drive p=0.35 ff=0.23, steer p=2 out=+/-1, scale=1.068]",sample_hz=50.0
t,motors_enabled,v_target_0,v_target_1,v_target_2,v_prof_0,v_prof_1,v_prof_2,steer_cmd_FL,steer_cmd_FR,steer_cmd_RR,steer_cmd_RL,steer_meas_FL,steer_meas_FR,steer_meas_RR,steer_meas_RL,drive_cmd_FL,drive_cmd_FR,drive_cmd_RR,drive_cmd_RL,drive_meas_FL,drive_meas_FR,drive_meas_RR,drive_meas_RL,drive_pos_FL,drive_pos_FR,drive_pos_RR,drive_pos_RL
0.0004,True,0.000000,0.000000,0.000000,0.000000,0.000000,0.000000,-1.849275,1.189607,-1.981930,-1.884810,-1.849275,1.189607,-1.981930,-1.884810,0.000000,0.000000,0.000000,0.000000,0.000000,0.000000,0.000000,0.000000,-1515.782837,348.049255,758.089966,1310.600708
0.0204,True,0.000000,0.000000,0.000000,0.000000,0.000000,0.000000,-1.850178,1.189607,-1.981930,-1.884810,-1.849916,1.189413,-1.981986,-1.884810,0.000000,0.000000,0.000000,0.000000,0.000049,-0.000127,0.000128,0.000021,-1515.782104,348.048401,758.091248,1310.600708
0.0404,True,0.000000,0.000000,0.000000,0.000000,0.000000,0.000000,-1.849916,1.189607,-1.981343,-1.885053,-1.849916,1.189607,-1.981343,-1.885053,0.000000,0.000000,0.000000,0.000000,0.000161,-0.000182,0.000433,0.000021,-1515.782837,348.049377,758.090698,1310.600708
0.0604,True,0.000000,0.000000,0.000000,0.000000,0.000000,0.000000,-1.849916,1.189607,-1.981930,-1.885053,-1.849916,1.189607,-1.981986,-1.884810,0.000000,0.000000,0.000000,0.000000,0.000000,0.000051,0.000333,0.000000,-1515.782837,348.049377,758.090515,1310.600708
0.0812,True,0.000000,0.000000,0.000000,0.000000,0.000000,0.000000,-1.850178,1.189607,-1.981930,-1.885053,-1.850178,1.189607,-1.981930,-1.885053,0.000000,0.000000,0.000000,0.000000,0.000000,0.000071,0.000283,0.000000,-1515.782837,348.049377,758.090515,1310.600708
0.1005,True,0.000000,0.000000,0.000000,0.000000,0.000000,0.000000,-1.849916,1.189413,-1.981986,-1.884810,-1.849916,1.189413,-1.981986,-1.884645,0.000000,0.000000,0.000000,0.000000,0.000000,0.000071,0.000283,0.000000,-1515.782837,348.049377,758.090515,1310.600708
0.1204,True,0.000000,0.000000,0.000000,0.000000,0.000000,0.000000,-1.849916,1.189607,-1.981930,-1.885053,-1.849916,1.189607,-1.981930,-1.885053,0.000000,0.000000,0.000000,0.000000,-0.000060,0.000198,0.000145,-0.000021,-1515.782837,348.049377,758.090515,1310.600708
0.1405,True,0.000000,0.000000,0.000000,0.000000,0.000000,0.000000,-1.849916,1.189413,-1.981930,-1.884645,-1.849916,1.189413,-1.981930,-1.884645,0.000000,0.000000,0.000000,0.000000,-0.000161,0.000253,-0.000031,-0.000021,-1515.782837,348.049377,758.090515,1310.600708
0.1614,True,0.000000,0.000000,0.000000,0.000000,0.000000,0.000000,-1.849916,1.189413,-1.981930,-1.885053,-1.849916,1.189151,-1.981986,-1.885053,0.000000,0.000000,0.000000,0.000000,-0.000032,0.000012,-0.000050,0.000000,-1515.782837,348.049377,758.090515,1310.600708
0.1812,True,0.000000,0.000000,0.000000,0.000000,0.000000,0.000000,-1.849916,1.189151,-1.981986,-1.884645,-1.849916,1.189607,-1.981986,-1.884645,0.000000,0.000000,0.000000,0.000000,0.000000,0.000000,0.000000,0.000000,-1515.782837,348.049377,758.090515,1310.600708
0.2005,True,0.000000,0.000000,0.000000,0.000000,0.000000,0.000000,-1.850178,1.189607,-1.981930,-1.885053,-1.850178,1.189607,-1.981930,-1.885053,0.000000,0.000000,0.000000,0.000000,0.000000,0.000000,0.000000,0.000000,-1515.782837,348.049377,758.090515,1310.600708
0.2207,True,0.000000,0.000000,0.000000,0.000000,0.000000,0.000000,-1.849537,1.189607,-1.982041,-1.885462,-1.850178,1.189607,-1.982041,-1.885462,0.000000,0.000000,0.000000,0.000000,0.000000,0.000000,0.000000,0.000000,-1515.782837,348.049377,758.090515,1310.600708
0.2404,True,0.000000,0.000000,0.000000,0.000000,0.000000,0.000000,-1.850178,1.189219,-1.981343,-1.884810,-1.849916,1.189219,-1.981343,-1.884810,0.000000,0.000000,0.000000,0.000000,0.000000,0.000000,0.000000,0.000000,-1515.782837,348.049377,758.090515,1310.600708
0.2604,True,0.000000,0.000000,0.000000,0.000000,0.000000,0.000000,-1.849537,1.189219,-1.981874,-1.885053,-1.849916,1.189219,-1.981930,-1.885297,0.000000,0.000000,0.000000,0.000000,0.000000,0.000000,0.000000,0.000000,-1515.782837,348.049377,758.090515,1310.600708
0.2804,True,0.000000,0.000000,0.000000,0.000000,0.000000,0.000000,-1.849916,1.189607,-1.981930,-1.885053,-1.849916,1.189607,-1.981930,-1.885053,0.000000,0.000000,0.000000,0.000000,0.000000,0.000000,0.000000,0.000000,-1515.782837,348.049377,758.090515,1310.600708
0.3004,True,0.000000,0.000000,0.000000,0.000000,0.000000,0.000000,-1.849916,1.189413,-1.981986,-1.884645,-1.849916,1.189413,-1.981986,-1.884645,0.000000,0.000000,0.000000,0.000000,0.000000,0.000000,0.000000,0.000000,-1515.782837,348.049377,758.090515,1310.600708
0.3204,True,0.000000,0.000000,0.000000,0.000000,0.000000,0.000000,-1.849916,1.189413,-1.981986,-1.884810,-1.849916,1.189413,-1.981986,-1.884645,0.000000,0.000000,0.000000,0.000000,0.000000,0.000000,0.000000,0.000000,-1515.782837,348.049377,758.090515,1310.600708
0.3404,True,0.000000,0.000000,0.000000,0.000000,0.000000,0.000000,-1.849916,1.189413,-1.981930,-1.885053,-1.849916,1.189413,-1.981930,-1.885053,0.000000,0.000000,0.000000,0.000000,0.000000,0.000000,0.000000,0.000000,-1515.782837,348.049377,758.090515,1310.600708
0.3604,True,0.000000,0.000000,0.000000,0.000000,0.000000,0.000000,-1.849916,1.189413,-1.981930,-1.885297,-1.849916,1.189413,-1.981874,-1.885053,0.000000,0.000000,0.000000,0.000000,0.000000,0.000000,0.000000,0.000000,-1515.782837,348.049377,758.090515,1310.600708
0.3804,True,0.000000,0.000000,0.000000,0.000000,0.000000,0.000000,-1.850178,1.189607,-1.981874,-1.885053,-1.850178,1.189607,-1.981930,-1.885053,0.000000,0.000000,0.000000,0.000000,0.000000,0.000000,0.000000,0.000000,-1515.782837,348.049377,758.090515,1310.600708
0.4004,True,0.000000,0.000000,0.000000,0.000000,0.000000,0.000000,-1.850178,1.189607,-1.981930,-1.885053,-1.850178,1.189607,-1.981930,-1.885053,0.000000,0.000000,0.000000,0.000000,0.000000,0.000000,0.000000,0.000000,-1515.782837,348.049377,758.090515,1310.600708
0.4204,True,0.000000,0.000000,0.000000,0.000000,0.000000,0.000000,-1.849537,1.189607,-1.981930,-1.885053,-1.849916,1.189607,-1.981930,-1.885053,0.000000,0.000000,0.000000,0.000000,0.000000,0.000000,0.000000,0.000000,-1515.782837,348.049377,758.090515,1310.600708
0.4405,True,0.000000,0.000000,0.000000,0.000000,0.000000,0.000000,-1.850178,1.189607,-1.981874,-1.885053,-1.850178,1.189607,-1.981874,-1.884645,0.000000,0.000000,0.000000,0.000000,0.000000,0.000000,0.000000,0.000000,-1515.782837,348.049377,758.090515,1310.600708
0.4604,True,0.000000,0.000000,0.000000,0.000000,0.000000,0.000000,-1.849537,1.189413,-1.981930,-1.885053,-1.849916,1.189413,-1.981930,-1.884810,0.000000,0.000000,0.000000,0.000000,0.000000,0.000000,0.000000,0.000000,-1515.782837,348.049377,758.090515,1310.600708
0.4804,True,0.000000,0.000000,0.000000,0.000000,0.000000,0.000000,-1.849916,1.189413,-1.981930,-1.885053,-1.849916,1.189413,-1.981986,-1.884810,0.000000,0.000000,0.000000,0.000000,0.000000,0.000000,0.000000,0.000000,-1515.782837,348.049377,758.090515,1310.600708
0.5007,True,0.000000,0.000000,0.000000,0.000000,0.000000,0.000000,-1.849916,1.189413,-1.981986,-1.885053,-1.849916,1.189607,-1.981399,-1.885053,0.000000,0.000000,0.000000,0.000000,0.000000,0.000000,0.000000,0.000000,-1515.782837,348.049377,758.090515,1310.600708
0.5204,True,0.000000,0.000000,0.000000,0.000000,0.000000,0.000000,-1.850178,1.189413,-1.981874,-1.885053,-1.850178,1.189413,-1.981986,-1.885053,0.000000,0.000000,0.000000,0.000000,0.000000,0.000000,0.000000,0.000000,-1515.782837,348.049377,758.090515,1310.600708
0.5404,True,0.000000,0.000000,0.000000,0.000000,0.000000,0.000000,-1.850178,1.189607,-1.981874,-1.885053,-1.850178,1.189607,-1.981874,-1.885053,0.000000,0.000000,0.000000,0.000000,0.000000,0.000000,0.000000,0.000000,-1515.782837,348.049377,758.090515,1310.600708
0.5607,True,0.000000,0.000000,0.000000,0.000000,0.000000,0.000000,-1.849916,1.189607,-1.981343,-1.885053,-1.849916,1.189413,-1.981930,-1.885053,0.000000,0.000000,0.000000,0.000000,0.000000,0.000000,0.000000,0.000000,-1515.782837,348.049377,758.090515,1310.600708
0.5804,True,0.000000,0.000000,0.000000,0.000000,0.000000,0.000000,-1.849916,1.189413,-1.981930,-1.885053,-1.849916,1.189413,-1.981930,-1.885053,0.000000,0.000000,0.000000,0.000000,0.000000,0.000000,0.000000,0.000000,-1515.782837,348.049377,758.090515,1310.600708
0.6004,True,0.000000,0.000000,0.000000,0.000000,0.000000,0.000000,-1.849916,1.189219,-1.981930,-1.885053,-1.849916,1.189413,-1.981930,-1.885297,0.000000,0.000000,0.000000,0.000000,0.000000,0.000000,0.000000,0.000000,-1515.782837,348.049377,758.090515,1310.600708
0.6204,True,0.000000,0.000000,0.000000,0.000000,0.000000,0.000000,-1.849916,1.189413,-1.981930,-1.885053,-1.849537,1.189607,-1.981986,-1.885053,0.000000,0.000000,0.000000,0.000000,0.000000,0.000000,0.000000,0.000000,-1515.782837,348.049377,758.090515,1310.600708
0.6404,True,0.000000,0.000000,0.000000,0.000000,0.000000,0.000000,-1.849537,1.189607,-1.981930,-1.885053,-1.849537,1.189219,-1.981930,-1.885053,0.000000,0.000000,0.000000,0.000000,0.000000,0.000000,0.000000,0.000000,-1515.782837,348.049377,758.090515,1310.600708
0.6604,True,0.000000,0.000000,0.000000,0.000000,0.000000,0.000000,-1.849916,1.189413,-1.981986,-1.885053,-1.849916,1.189219,-1.981986,-1.885053,0.000000,0.000000,0.000000,0.000000,0.000000,0.000000,0.000000,0.000000,-1515.782837,348.049377,758.090515,1310.600708
0.6804,True,0.000000,0.000000,0.000000,0.000000,0.000000,0.000000,-1.849537,1.189413,-1.981930,-1.884810,-1.849537,1.189413,-1.981930,-1.884810,0.000000,0.000000,0.000000,0.000000,0.000000,0.000000,0.000000,0.000000,-1515.782837,348.049377,758.090515,1310.600708
0.7004,True,0.000000,0.000000,0.000000,0.000000,0.000000,0.000000,-1.849537,1.189413,-1.981986,-1.884810,-1.849537,1.189413,-1.981986,-1.884810,0.000000,0.000000,0.000000,0.000000,0.000000,0.000000,0.000000,0.000000,-1515.782837,348.049377,758.090515,1310.600708
0.7204,True,0.000000,0.000000,0.000000,0.000000,0.000000,0.000000,-1.850178,1.189607,-1.981930,-1.884810,-1.850178,1.189219,-1.981930,-1.884810,0.000000,0.000000,0.000000,0.000000,0.000000,0.000000,0.000000,0.000000,-1515.782837,348.049377,758.090515,1310.600708
0.7404,True,0.000000,0.000000,0.000000,0.000000,0.000000,0.000000,-1.850178,1.189607,-1.981986,-1.884810,-1.850178,1.189607,-1.981986,-1.884810,0.000000,0.000000,0.000000,0.000000,0.000000,0.000000,0.000000,0.000000,-1515.782837,348.049377,758.090515,1310.600708
0.7604,True,0.000000,0.000000,0.000000,0.000000,0.000000,0.000000,-1.850178,1.189800,-1.981986,-1.884810,-1.850178,1.189800,-1.981986,-1.884810,0.000000,0.000000,0.000000,0.000000,0.000000,0.000000,0.000000,0.000000,-1515.782837,348.049377,758.090515,1310.600708
0.7805,True,0.000000,0.000000,0.000000,0.000000,0.000000,0.000000,-1.850178,1.189800,-1.981986,-1.884810,-1.850178,1.189800,-1.981986,-1.884810,0.000000,0.000000,0.000000,0.000000,0.000000,0.000000,0.000000,0.000000,-1515.782837,348.049377,758.090515,1310.600708
0.8004,True,0.000000,0.000000,0.000000,0.000000,0.000000,0.000000,-1.849537,1.189800,-1.981986,-1.884810,-1.849916,1.189800,-1.981986,-1.884810,0.000000,0.000000,0.000000,0.000000,0.000000,0.000000,0.000000,0.000000,-1515.782837,348.049377,758.090515,1310.600708
0.8204,True,0.000000,0.000000,0.000000,0.000000,0.000000,0.000000,-1.850178,1.189800,-1.981986,-1.884810,-1.850178,1.189800,-1.981986,-1.884810,0.000000,0.000000,0.000000,0.000000,0.000000,0.000000,0.000000,0.000000,-1515.782837,348.049377,758.090515,1310.600708
0.8404,True,0.000000,0.000000,0.000000,0.000000,0.000000,0.000000,-1.849916,1.189413,-1.981930,-1.884810,-1.849916,1.189607,-1.981930,-1.884810,0.000000,0.000000,0.000000,0.000000,0.000000,0.000000,0.000000,0.000000,-1515.782837,348.049377,758.090515,1310.600708
0.8604,True,0.000000,0.000000,0.000000,0.000000,0.000000,0.000000,-1.849655,1.189413,-1.981986,-1.884810,-1.849916,1.189607,-1.981986,-1.884810,0.000000,0.000000,0.000000,0.000000,0.000000,0.000000,0.000000,0.000000,-1515.782837,348.049377,758.090515,1310.600708
0.8804,True,0.000000,0.000000,0.000000,0.000000,0.000000,0.000000,-1.850178,1.189413,-1.981399,-1.884810,-1.850178,1.189413,-1.981399,-1.884810,0.000000,0.000000,0.000000,0.000000,0.000000,0.000000,0.000000,0.000000,-1515.782837,348.049377,758.090515,1310.600708
0.9004,True,0.000000,0.000000,0.000000,0.000000,0.000000,0.000000,-1.849537,1.189868,-1.981343,-1.884810,-1.849537,1.189868,-1.981343,-1.884810,0.000000,0.000000,0.000000,0.000000,0.000000,0.000000,0.000000,0.000000,-1515.782837,348.049377,758.090515,1310.600708
0.9204,True,0.000000,0.000000,0.000000,0.000000,0.000000,0.000000,-1.849537,1.189868,-1.981343,-1.884810,-1.849537,1.189868,-1.981343,-1.884810,0.000000,0.000000,0.000000,0.000000,0.000000,0.000000,0.000000,0.000000,-1515.782837,348.049377,758.090515,1310.600708
0.9404,True,0.000000,0.000000,0.000000,0.000000,0.000000,0.000000,-1.849537,1.189868,-1.981343,-1.884810,-1.849916,1.189868,-1.981343,-1.884810,0.000000,0.000000,0.000000,0.000000,0.000000,0.000000,0.000000,0.000000,-1515.782837,348.049377,758.090515,1310.600708
0.9604,True,0.000000,0.000000,0.000000,0.000000,0.000000,0.000000,-1.849537,1.189868,-1.982041,-1.884810,-1.849916,1.189868,-1.981930,-1.884810,0.000000,0.000000,0.000000,0.000000,0.000000,0.000000,0.000000,0.000000,-1515.782837,348.049377,758.090515,1310.600708
0.9804,True,0.000000,0.000000,0.000000,0.000000,0.000000,0.000000,-1.850178,1.189868,-1.981930,-1.884810,-1.849916,1.189868,-1.981986,-1.884810,0.000000,0.000000,0.000000,0.000000,0.000000,0.000000,0.000000,0.000000,-1515.782837,348.049377,758.090515,1310.600708
1.0004,True,0.000000,0.000000,0.000000,0.000000,0.000000,0.000000,-1.849916,1.189413,-1.981986,-1.884810,-1.849916,1.189413,-1.981986,-1.884810,0.000000,0.000000,0.000000,0.000000,0.000000,0.000000,0.000000,0.000000,-1515.782837,348.049377,758.090515,1310.600708
1.0203,True,0.000000,0.000000,0.000000,0.000000,0.000000,0.000000,-1.849916,1.189219,-1.981930,-1.884810,-1.849916,1.189219,-1.981930,-1.884810,0.000000,0.000000,0.000000,0.000000,0.000000,0.000000,0.000000,0.000000,-1515.782837,348.049377,758.090515,1310.600708
1.0404,True,0.000000,0.000000,0.000000,0.000000,0.000000,0.000000,-1.849916,1.189413,-1.981986,-1.884810,-1.850178,1.189025,-1.981986,-1.884810,0.000000,0.000000,0.000000,0.000000,0.000000,0.000000,0.000000,0.000000,-1515.782837,348.049377,758.090515,1310.600708
1.0604,True,0.000000,0.000000,0.000000,0.000000,0.000000,0.000000,-1.850178,1.189219,-1.981343,-1.884810,-1.849537,1.189219,-1.981986,-1.884810,0.000000,0.000000,0.000000,0.000000,0.000000,0.000000,0.000000,0.000000,-1515.782837,348.049377,758.090515,1310.600708
1.0804,True,0.000000,0.000000,0.000000,0.000000,0.000000,0.000000,-1.849916,1.189219,-1.981930,-1.884810,-1.849537,1.189219,-1.981986,-1.884810,0.000000,0.000000,0.000000,0.000000,0.000000,0.000000,0.000000,0.000000,-1515.782837,348.049377,758.090515,1310.600708
1.1004,True,0.000000,0.000000,0.000000,0.000000,0.000000,0.000000,-1.849916,1.189219,-1.981986,-1.884810,-1.849916,1.189219,-1.981986,-1.885053,0.000000,0.000000,0.000000,0.000000,0.000000,0.000000,0.000000,0.000000,-1515.782837,348.049377,758.090515,1310.600708
1.1209,True,0.000000,0.000000,0.000000,0.000000,0.000000,0.000000,-1.849916,1.189219,-1.981986,-1.884810,-1.849916,1.189219,-1.981986,-1.884810,0.000000,0.000000,0.000000,0.000000,0.000000,0.000000,0.000000,0.000000,-1515.782837,348.049377,758.090515,1310.600708
1.1404,True,0.000000,0.000000,0.000000,0.000000,0.000000,0.000000,-1.849916,1.189219,-1.981986,-1.884810,-1.849655,1.189219,-1.981986,-1.885053,0.000000,0.000000,0.000000,0.000000,0.000000,0.000000,0.000000,0.000000,-1515.782837,348.049377,758.090515,1310.600708
1.1604,True,0.000000,0.000000,0.000000,0.000000,0.000000,0.000000,-1.849916,1.189219,-1.981986,-1.885053,-1.849916,1.189219,-1.981986,-1.885053,0.000000,0.000000,0.000000,0.000000,0.000000,0.000000,0.000000,0.000000,-1515.782837,348.049377,758.090515,1310.600708
1.1808,True,0.000000,0.000000,0.000000,0.000000,0.000000,0.000000,-1.849916,1.189219,-1.981986,-1.884810,-1.849916,1.189219,-1.981986,-1.884810,0.000000,0.000000,0.000000,0.000000,0.000000,0.000000,0.000000,0.000000,-1515.782837,348.049377,758.090515,1310.600708
1.2004,True,0.000000,0.000000,0.000000,0.000000,0.000000,0.000000,-1.849537,1.189219,-1.981986,-1.885053,-1.849916,1.189219,-1.981986,-1.884810,0.000000,0.000000,0.000000,0.000000,0.000000,0.000000,0.000000,0.000000,-1515.782837,348.049377,758.090515,1310.600708
1.2203,True,0.000000,0.000000,0.000000,0.000000,0.000000,0.000000,-1.850178,1.189219,-1.981455,-1.885053,-1.850178,1.189219,-1.981455,-1.885053,0.000000,0.000000,0.000000,0.000000,0.000000,0.000000,0.000000,0.000000,-1515.782837,348.049377,758.090515,1310.600708
1.2404,True,0.000000,0.000000,0.000000,0.000000,0.000000,0.000000,-1.849916,1.189219,-1.981343,-1.885053,-1.849916,1.189219,-1.981986,-1.885053,0.000000,0.000000,0.000000,0.000000,0.000000,0.000000,0.000000,0.000000,-1515.782837,348.049377,758.090515,1310.600708
1.2604,True,0.000000,0.000000,0.000000,0.000000,0.000000,0.000000,-1.849916,1.189219,-1.981986,-1.885053,-1.849916,1.189219,-1.981343,-1.885053,0.000000,0.000000,0.000000,0.000000,0.000000,0.000000,0.000000,0.000000,-1515.782837,348.049377,758.090515,1310.600708
1.2804,True,0.000000,0.000000,0.000000,0.000000,0.000000,0.000000,-1.849916,1.189219,-1.981399,-1.885218,-1.850178,1.189219,-1.981986,-1.885218,0.000000,0.000000,0.000000,0.000000,0.000000,0.000000,0.000000,0.000000,-1515.782837,348.049377,758.090515,1310.600708
1.3004,True,0.000000,0.000000,0.000000,0.000000,0.000000,0.000000,-1.849537,1.189219,-1.981986,-1.885218,-1.849537,1.189219,-1.981986,-1.885218,0.000000,0.000000,0.000000,0.000000,0.000000,0.000000,0.000000,0.000000,-1515.782837,348.049377,758.090515,1310.600708
1.3204,True,0.000000,0.000000,0.000000,0.000000,0.000000,0.000000,-1.849537,1.189219,-1.981986,-1.885218,-1.849537,1.189219,-1.981986,-1.885218,0.000000,0.000000,0.000000,0.000000,0.000000,0.000000,0.000000,0.000000,-1515.782837,348.049377,758.090515,1310.600708
1.3404,True,0.000000,0.000000,0.000000,0.000000,0.000000,0.000000,-1.849916,1.189219,-1.981986,-1.884810,-1.849916,1.189219,-1.981343,-1.885053,0.000000,0.000000,0.000000,0.000000,0.000000,0.000000,0.000000,0.000000,-1515.782837,348.049377,758.090515,1310.600708
1.3604,True,0.000000,0.000000,0.000000,0.000000,0.000000,0.000000,-1.849916,1.189219,-1.981399,-1.884810,-1.849916,1.189219,-1.981399,-1.884810,0.000000,0.000000,0.000000,0.000000,0.000000,0.000000,0.000000,0.000000,-1515.782837,348.049377,758.090515,1310.600708
1.3804,True,0.000000,0.000000,0.000000,0.000000,0.000000,0.000000,-1.849916,1.189219,-1.981986,-1.884810,-1.849916,1.189219,-1.981986,-1.884810,0.000000,0.000000,0.000000,0.000000,0.000000,0.000000,0.000000,0.000000,-1515.782837,348.049377,758.090515,1310.600708
1.4004,True,0.000000,0.000000,0.000000,0.000000,0.000000,0.000000,-1.849916,1.189219,-1.981986,-1.884810,-1.849916,1.189219,-1.981986,-1.884810,0.000000,0.000000,0.000000,0.000000,0.000000,0.000000,0.000000,0.000000,-1515.782837,348.049377,758.090515,1310.600708
1.4204,True,0.000000,0.000000,0.000000,0.000000,0.000000,0.000000,-1.849916,1.189219,-1.981930,-1.885053,-1.849916,1.189219,-1.981930,-1.885053,0.000000,0.000000,0.000000,0.000000,0.000000,0.000000,0.000000,0.000000,-1515.782837,348.049377,758.090515,1310.600708
1.4405,True,0.000000,0.000000,0.000000,0.000000,0.000000,0.000000,-1.849916,1.189219,-1.981986,-1.885218,-1.849916,1.189219,-1.981930,-1.885218,0.000000,0.000000,0.000000,0.000000,0.000000,0.000000,0.000000,0.000000,-1515.782837,348.049377,758.090515,1310.600708
1.4604,True,0.000000,0.000000,0.000000,0.000000,0.000000,0.000000,-1.849916,1.189219,-1.981930,-1.885218,-1.849537,1.189219,-1.981930,-1.885218,0.000000,0.000000,0.000000,0.000000,0.000000,0.000000,0.000000,0.000000,-1515.782837,348.049377,758.090515,1310.600708
1.4804,True,0.000000,0.000000,0.000000,0.000000,0.000000,0.000000,-1.849916,1.189219,-1.981930,-1.885053,-1.849655,1.189219,-1.981986,-1.884810,0.000000,0.000000,0.000000,0.000000,0.000000,0.000000,0.000000,0.000000,-1515.782837,348.049377,758.090515,1310.600708
1.5004,True,0.000000,0.000000,0.000000,0.000000,0.000000,0.000000,-1.849655,1.189219,-1.981986,-1.884810,-1.849655,1.189219,-1.981986,-1.885218,0.000000,0.000000,0.000000,0.000000,0.000000,0.000000,0.000000,0.000000,-1515.782837,348.049377,758.090515,1310.600708
1.5204,True,0.000000,0.000000,0.000000,0.000000,0.000000,0.000000,-1.849655,1.189219,-1.981930,-1.884810,-1.849916,1.189219,-1.981986,-1.884810,0.000000,0.000000,0.000000,0.000000,0.000000,0.000000,0.000000,0.000000,-1515.782837,348.049377,758.090515,1310.600708
1.5404,True,0.000000,0.000000,0.000000,0.000000,0.000000,0.000000,-1.849916,1.189219,-1.981986,-1.884810,-1.849655,1.189219,-1.981986,-1.884810,0.000000,0.000000,0.000000,0.000000,0.000000,0.000000,0.000000,0.000000,-1515.782837,348.049377,758.090515,1310.600708
1.5604,True,0.000000,0.000000,0.000000,0.000000,0.000000,0.000000,-1.849655,1.189219,-1.981986,-1.884810,-1.849655,1.189219,-1.981986,-1.884810,0.000000,0.000000,0.000000,0.000000,0.000000,0.000000,0.000000,0.000000,-1515.782837,348.049377,758.090515,1310.600708
1.5804,True,0.000000,0.000000,0.000000,0.000000,0.000000,0.000000,-1.849916,1.189219,-1.981343,-1.884810,-1.849916,1.189219,-1.981343,-1.884810,0.000000,0.000000,0.000000,0.000000,0.000000,0.000000,0.000000,0.000000,-1515.782837,348.049377,758.090515,1310.600708
1.6004,True,0.000000,0.000000,0.000000,0.000000,0.000000,0.000000,-1.849916,1.189219,-1.981986,-1.885218,-1.849916,1.189219,-1.981399,-1.885053,0.000000,0.000000,0.000000,0.000000,0.000000,0.000000,0.000000,0.000000,-1515.782837,348.049377,758.090515,1310.600708
1.6204,True,0.000000,0.000000,0.000000,0.000000,0.000000,0.000000,-1.849916,1.189219,-1.981399,-1.885053,-1.849537,1.189219,-1.981343,-1.885462,0.000000,0.000000,0.000000,0.000000,0.000000,0.000000,0.000000,0.000000,-1515.782837,348.049377,758.090515,1310.600708
1.6406,True,0.000000,0.000000,0.000000,0.000000,0.000000,0.000000,-1.849655,1.189219,-1.981986,-1.884810,-1.849655,1.189219,-1.981986,-1.885218,0.000000,0.000000,0.000000,0.000000,0.000000,0.000000,0.000000,0.000000,-1515.782837,348.049377,758.090515,1310.600708
1.6604,True,0.000000,0.000000,0.000000,0.000000,0.000000,0.000000,-1.849916,1.189413,-1.981930,-1.885053,-1.849916,1.189413,-1.981930,-1.885053,0.000000,0.000000,0.000000,0.000000,0.000000,0.000000,0.000000,0.000000,-1515.782837,348.049377,758.090515,1310.600708
1.6804,True,0.000000,0.000000,0.000000,0.000000,0.000000,0.000000,-1.849655,1.189413,-1.982041,-1.884810,-1.849916,1.189413,-1.982041,-1.884810,0.000000,0.000000,0.000000,0.000000,0.000000,0.000000,0.000000,0.000000,-1515.782837,348.049377,758.090515,1310.600708
1.7004,True,0.000000,0.000000,0.000000,0.000000,0.000000,0.000000,-1.849916,1.189413,-1.981986,-1.884810,-1.849916,1.189413,-1.981986,-1.884810,0.000000,0.000000,0.000000,0.000000,0.000000,0.000000,0.000000,0.000000,-1515.782837,348.049377,758.090515,1310.600708
1.7204,True,0.000000,0.000000,0.000000,0.000000,0.000000,0.000000,-1.850178,1.189219,-1.981343,-1.884810,-1.849798,1.189219,-1.981343,-1.884810,0.000000,0.000000,0.000000,0.000000,0.000000,0.000000,0.000000,0.000000,-1515.782837,348.049377,758.090515,1310.600708
1.7404,True,0.000000,0.000000,0.000000,0.000000,0.000000,0.000000,-1.850178,1.189219,-1.981399,-1.884645,-1.850178,1.189413,-1.981399,-1.885462,0.000000,0.000000,0.000000,0.000000,0.000000,0.000000,0.000000,0.000000,-1515.782837,348.049377,758.090515,1310.600708
1.7604,True,0.000000,0.000000,0.000000,0.000000,0.000000,0.000000,-1.850178,1.189413,-1.982041,-1.885462,-1.849916,1.189413,-1.981399,-1.885053,0.000000,0.000000,0.000000,0.000000,0.000000,0.000000,0.000000,0.000000,-1515.782837,348.049377,758.090515,1310.600708
1.7804,True,0.000000,0.000000,0.000000,0.000000,0.000000,0.000000,-1.849916,1.189413,-1.981399,-1.884810,-1.849916,1.189413,-1.981399,-1.884810,0.000000,0.000000,0.000000,0.000000,0.000000,0.000000,0.000000,0.000000,-1515.782837,348.049377,758.090515,1310.600708
1.8004,True,0.000000,0.000000,0.000000,0.000000,0.000000,0.000000,-1.849916,1.189413,-1.981399,-1.885053,-1.849655,1.189413,-1.981343,-1.884810,0.000000,0.000000,0.000000,0.000000,0.000000,0.000000,0.000000,0.000000,-1515.782837,348.049377,758.090515,1310.600708
1.8204,True,0.000000,0.000000,0.000000,0.000000,0.000000,0.000000,-1.849916,1.189413,-1.981986,-1.884810,-1.849916,1.189413,-1.981986,-1.884810,0.000000,0.000000,0.000000,0.000000,0.000000,0.000000,0.000000,0.000000,-1515.782837,348.049377,758.090515,1310.600708
1.8404,True,0.000000,0.000000,0.000000,0.000000,0.000000,0.000000,-1.849916,1.189413,-1.981399,-1.884810,-1.849655,1.189413,-1.981399,-1.885462,0.000000,0.000000,0.000000,0.000000,0.000000,0.000000,0.000000,0.000000,-1515.782837,348.049377,758.090515,1310.600708
1.8604,True,0.000000,0.000000,0.000000,0.000000,0.000000,0.000000,-1.849655,1.189413,-1.981399,-1.885462,-1.849916,1.189413,-1.981399,-1.884810,0.000000,0.000000,0.000000,0.000000,0.000000,0.000000,0.000000,0.000000,-1515.782837,348.049377,758.090515,1310.600708
1.8804,True,0.000000,0.000000,0.000000,0.000000,0.000000,0.000000,-1.849916,1.189219,-1.981343,-1.885053,-1.849655,1.189219,-1.982041,-1.884401,0.000000,0.000000,0.000000,0.000000,0.000000,0.000000,0.000000,0.000000,-1515.782837,348.049377,758.090515,1310.600708
1.9004,True,0.000000,0.000000,0.000000,0.000000,0.000000,0.000000,-1.849916,1.189219,-1.981343,-1.885053,-1.849916,1.189219,-1.981343,-1.885053,0.000000,0.000000,0.000000,0.000000,0.000000,0.000000,0.000000,0.000000,-1515.782837,348.049377,758.090515,1310.600708
1.9204,True,0.000000,0.000000,0.000000,0.000000,0.000000,0.000000,-1.849916,1.189413,-1.981343,-1.885053,-1.849916,1.189413,-1.981986,-1.884645,0.000000,0.000000,0.000000,0.000000,0.000000,0.000000,0.000000,0.000000,-1515.782837,348.049377,758.090515,1310.600708
1.9404,True,0.000000,0.000000,0.000000,0.000000,0.000000,0.000000,-1.849916,1.189219,-1.981986,-1.885053,-1.850178,1.189219,-1.981986,-1.885053,0.000000,0.000000,0.000000,0.000000,0.000000,0.000000,0.000000,0.000000,-1515.782837,348.049377,758.090515,1310.600708
1.9604,True,0.000000,0.000000,0.000000,0.000000,0.000000,0.000000,-1.850178,1.189219,-1.981399,-1.885053,-1.849916,1.189219,-1.981986,-1.885053,0.000000,0.000000,0.000000,0.000000,0.000000,0.000000,0.000000,0.000000,-1515.782837,348.049377,758.090515,1310.600708
1.9804,True,0.000000,0.000000,0.000000,0.000000,0.000000,0.000000,-1.849655,1.189219,-1.981399,-1.885297,-1.849916,1.189219,-1.981399,-1.885297,0.000000,0.000000,0.000000,0.000000,0.000000,0.000000,0.000000,0.000000,-1515.782837,348.049377,758.090515,1310.600708
2.0004,True,0.000000,0.000000,0.000000,0.000000,0.000000,0.000000,-1.849916,1.189219,-1.981287,-1.884810,-1.849275,1.189413,-1.981287,-1.884810,0.000000,0.000000,0.000000,0.000000,0.000000,0.000000,0.000000,0.000000,-1515.782837,348.049377,758.090515,1310.600708
2.0204,True,0.000000,0.000000,0.000000,0.000000,0.000000,0.000000,-1.849916,1.189219,-1.981986,-1.885297,-1.849916,1.189413,-1.981399,-1.884645,0.000000,0.000000,0.000000,0.000000,0.000000,0.000000,0.000000,0.000000,-1515.782837,348.049377,758.090515,1310.600708
2.0404,True,0.000000,0.000000,0.000000,0.000000,0.000000,0.000000,-1.849916,1.189413,-1.981986,-1.885053,-1.850178,1.189413,-1.981986,-1.885053,0.000000,0.000000,0.000000,0.000000,0.000000,0.000000,0.000000,0.000000,-1515.782837,348.049377,758.090515,1310.600708
2.0604,True,0.000000,0.000000,0.000000,0.000000,0.000000,0.000000,-1.849916,1.189219,-1.981986,-1.885053,-1.849916,1.189025,-1.981399,-1.885053,0.000000,0.000000,0.000000,0.000000,0.000000,0.000000,0.000000,0.000000,-1515.782837,348.049377,758.090515,1310.600708
2.0804,True,0.000000,0.000000,0.000000,0.000000,0.000000,0.000000,-1.849916,1.189219,-1.981986,-1.884645,-1.849916,1.189219,-1.981986,-1.885053,0.000000,0.000000,0.000000,0.000000,0.000000,0.000000,0.000000,0.000000,-1515.782837,348.049377,758.090515,1310.600708
2.1004,True,0.000000,0.000000,0.000000,0.000000,0.000000,0.000000,-1.849537,1.189219,-1.981930,-1.884645,-1.849537,1.189219,-1.981930,-1.884645,0.000000,0.000000,0.000000,0.000000,0.000000,0.000000,0.000000,0.000000,-1515.782837,348.049377,758.090515,1310.600708
2.1204,True,0.000000,0.000000,0.000000,0.000000,0.000000,0.000000,-1.849916,1.189674,-1.981874,-1.885053,-1.849655,1.189219,-1.981874,-1.885053,0.000000,0.000000,0.000000,0.000000,0.000000,0.000000,0.000000,0.000000,-1515.782837,348.049377,758.090515,1310.600708
2.1404,True,0.000000,0.000000,0.000000,0.000000,0.000000,0.000000,-1.849655,1.189219,-1.981874,-1.885053,-1.849655,1.189219,-1.981874,-1.885053,0.000000,0.000000,0.000000,0.000000,0.000000,0.000000,0.000000,0.000000,-1515.782837,348.049377,758.090515,1310.600708
2.1604,True,0.000000,0.000000,0.000000,0.000000,0.000000,0.000000,-1.849655,1.189219,-1.981874,-1.884645,-1.849655,1.189219,-1.981874,-1.884645,0.000000,0.000000,0.000000,0.000000,0.000000,0.000000,0.000000,0.000000,-1515.782837,348.049377,758.090515,1310.600708
2.1804,True,0.000000,0.000000,0.000000,0.000000,0.000000,0.000000,-1.849655,1.189219,-1.981874,-1.884645,-1.849655,1.189219,-1.981874,-1.884645,0.000000,0.000000,0.000000,0.000000,0.000000,0.000000,0.000000,0.000000,-1515.782837,348.049377,758.090515,1310.600708
2.2006,True,0.000000,0.000000,0.000000,0.000000,0.000000,0.000000,-1.850178,1.189219,-1.981874,-1.884645,-1.849916,1.189219,-1.981874,-1.884645,0.000000,0.000000,0.000000,0.000000,0.000000,0.000000,0.000000,0.000000,-1515.782837,348.049377,758.090515,1310.600708
2.2204,True,0.000000,0.000000,0.000000,0.000000,0.000000,0.000000,-1.850178,1.189219,-1.981986,-1.885297,-1.849537,1.189219,-1.981343,-1.885297,0.000000,0.000000,0.000000,0.000000,0.000000,0.000000,0.000000,0.000000,-1515.782837,348.049377,758.090515,1310.600708
2.2404,True,0.000000,0.000000,0.000000,0.000000,0.000000,0.000000,-1.849916,1.189219,-1.981399,-1.885053,-1.850178,1.189413,-1.981986,-1.885053,0.000000,0.000000,0.000000,0.000000,0.000000,0.000000,0.000000,0.000000,-1515.782837,348.049377,758.090515,1310.600708
2.2607,True,0.000000,0.000000,0.000000,0.000000,0.000000,0.000000,-1.850178,1.189413,-1.981986,-1.885053,-1.850178,1.189413,-1.981986,-1.885053,0.000000,0.000000,0.000000,0.000000,0.000000,0.000000,0.000000,0.000000,-1515.782837,348.049377,758.090515,1310.600708
2.2804,True,0.000000,0.000000,0.000000,0.000000,0.000000,0.000000,-1.849655,1.189413,-1.981986,-1.885053,-1.849655,1.189413,-1.981986,-1.885053,0.000000,0.000000,0.000000,0.000000,0.000000,0.000000,0.000000,0.000000,-1515.782837,348.049377,758.090515,1310.600708
2.3004,True,0.000000,0.000000,0.000000,0.000000,0.000000,0.000000,-1.849916,1.189219,-1.981986,-1.885053,-1.849916,1.189219,-1.981986,-1.884810,0.000000,0.000000,0.000000,0.000000,0.000000,0.000000,0.000000,0.000000,-1515.782837,348.049377,758.090515,1310.600708
2.3203,True,0.000000,0.000000,0.000000,0.000000,0.000000,0.000000,-1.849916,1.189219,-1.981986,-1.884810,-1.849916,1.189219,-1.981986,-1.884810,0.000000,0.000000,0.000000,0.000000,0.000000,0.000000,0.000000,0.000000,-1515.782837,348.049377,758.090515,1310.600708
2.3404,True,0.000000,0.000000,0.000000,0.000000,0.000000,0.000000,-1.849916,1.189219,-1.981986,-1.885053,-1.849916,1.189219,-1.981986,-1.885053,0.000000,0.000000,0.000000,0.000000,0.000000,0.000000,0.000000,0.000000,-1515.782837,348.049377,758.090515,1310.600708
2.3603,True,0.000000,0.000000,0.000000,0.000000,0.000000,0.000000,-1.849916,1.189219,-1.981986,-1.885297,-1.849916,1.189219,-1.981343,-1.885462,0.000000,0.000000,0.000000,0.000000,0.000000,0.000000,0.000000,0.000000,-1515.782837,348.049377,758.090515,1310.600708
2.3804,True,0.000000,0.000000,0.000000,0.000000,0.000000,0.000000,-1.849655,1.189219,-1.981930,-1.885053,-1.850178,1.189219,-1.981930,-1.885053,0.000000,0.000000,0.000000,0.000000,0.000000,0.000000,0.000000,0.000000,-1515.782837,348.049377,758.090515,1310.600708
2.4003,True,0.000000,0.000000,0.000000,0.000000,0.000000,0.000000,-1.849916,1.189607,-1.981986,-1.885053,-1.849655,1.189413,-1.981986,-1.885053,0.000000,0.000000,0.000000,0.000000,0.000000,0.000000,0.000000,0.000000,-1515.782837,348.049377,758.090515,1310.600708
2.4204,True,0.000000,0.000000,0.000000,0.000000,0.000000,0.000000,-1.849655,1.189607,-1.982041,-1.884645,-1.849655,1.189413,-1.982041,-1.884645,0.000000,0.000000,0.000000,0.000000,0.000000,0.000000,0.000000,-0.000022,-1515.782837,348.049377,758.090515,1310.600708
2.4404,True,0.000000,0.000000,0.000000,0.000000,0.000000,0.000000,-1.849916,1.189413,-1.981986,-1.885297,-1.849916,1.189413,-1.981986,-1.885297,0.000000,0.000000,0.000000,0.000000,0.000000,0.000000,0.000000,-0.000044,-1515.782837,348.049377,758.090515,1310.600586
2.4604,True,0.000000,0.000000,0.000000,0.000000,0.000000,0.000000,-1.850178,1.189219,-1.981399,-1.884645,-1.849655,1.189413,-1.981986,-1.884645,0.000000,0.000000,0.000000,0.000000,0.000000,0.000000,0.000000,-0.000058,-1515.782837,348.049377,758.090515,1310.600586
2.4804,True,0.000000,0.000000,0.000000,0.000000,0.000000,0.000000,-1.849537,1.189219,-1.981343,-1.885297,-1.850178,1.189413,-1.981399,-1.884645,0.000000,0.000000,0.000000,0.000000,0.000000,0.000000,0.000000,0.000000,-1515.782837,348.049377,758.090515,1310.600708
2.5004,True,0.000000,0.000000,0.000000,0.000000,0.000000,0.000000,-1.849916,1.189413,-1.981455,-1.885053,-1.849916,1.189413,-1.981455,-1.885053,0.000000,0.000000,0.000000,0.000000,0.000000,0.000000,0.000000,-0.000071,-1515.782837,348.049377,758.090515,1310.600586
2.5204,True,0.000000,0.000000,0.000000,0.000000,0.000000,0.000000,-1.849537,1.189413,-1.981986,-1.885053,-1.849537,1.189413,-1.981986,-1.885053,0.000000,0.000000,0.000000,0.000000,0.000000,0.000000,0.000000,-0.000029,-1515.782837,348.049377,758.090515,1310.600586
2.5403,True,0.000000,0.000000,0.000000,0.000000,0.000000,0.000000,-1.849537,1.189413,-1.981986,-1.885053,-1.849537,1.189413,-1.981986,-1.885053,0.000000,0.000000,0.000000,0.000000,0.000000,0.000000,0.000000,-0.000007,-1515.782837,348.049377,758.090515,1310.600586
2.5604,True,0.000000,0.000000,0.000000,0.000000,0.000000,0.000000,-1.849655,1.189413,-1.981986,-1.885462,-1.849916,1.189413,-1.981986,-1.885462,0.000000,0.000000,0.000000,0.000000,0.000000,0.000000,0.000000,-0.000013,-1515.782837,348.049377,758.090515,1310.600586
2.5804,True,0.000000,0.000000,0.000000,0.000000,0.000000,0.000000,-1.849916,1.189219,-1.981874,-1.885053,-1.849916,1.189219,-1.981874,-1.885053,0.000000,0.000000,0.000000,0.000000,0.000000,0.000000,0.000000,0.000000,-1515.782837,348.049377,758.090515,1310.600586
2.6004,True,0.000000,0.000000,0.000000,0.000000,0.000000,0.000000,-1.849916,1.189219,-1.981874,-1.885053,-1.849916,1.189219,-1.981874,-1.885053,0.000000,0.000000,0.000000,0.000000,0.000000,0.000000,0.000000,0.000000,-1515.782837,348.049377,758.090515,1310.600586
2.6204,True,0.000000,0.000000,0.000000,0.000000,0.000000,0.000000,-1.849916,1.189219,-1.981874,-1.885053,-1.849916,1.189219,-1.981874,-1.885053,0.000000,0.000000,0.000000,0.000000,0.000000,0.000000,0.000000,-0.000020,-1515.782837,348.049377,758.090515,1310.600586
2.6404,True,0.000000,0.000000,0.000000,0.000000,0.000000,0.000000,-1.849916,1.189219,-1.981874,-1.885053,-1.849916,1.189219,-1.981874,-1.885053,0.000000,0.000000,0.000000,0.000000,0.000000,0.000000,0.000000,-0.000020,-1515.782837,348.049377,758.090515,1310.600586
2.6604,True,0.000000,0.000000,0.000000,0.000000,0.000000,0.000000,-1.849916,1.189219,-1.981930,-1.884810,-1.849916,1.189219,-1.981930,-1.884810,0.000000,0.000000,0.000000,0.000000,0.000000,0.000000,0.000000,0.000000,-1515.782837,348.049377,758.090515,1310.600586
2.6804,True,0.000000,0.000000,0.000000,0.000000,0.000000,0.000000,-1.849916,1.189219,-1.981986,-1.884810,-1.849275,1.189219,-1.981986,-1.884810,0.000000,0.000000,0.000000,0.000000,0.000000,0.000000,0.000000,0.000000,-1515.782837,348.049377,758.090515,1310.600586
2.7004,True,0.000000,0.000000,0.000000,0.000000,0.000000,0.000000,-1.849916,1.189219,-1.982041,-1.884810,-1.849537,1.189219,-1.981455,-1.884810,0.000000,0.000000,0.000000,0.000000,0.000000,0.000000,0.000000,0.000000,-1515.782837,348.049377,758.090515,1310.600586
2.7204,True,0.000000,0.000000,0.000000,0.000000,0.000000,0.000000,-1.850178,1.189219,-1.981930,-1.885297,-1.849916,1.189219,-1.981930,-1.885297,0.000000,0.000000,0.000000,0.000000,0.000000,0.000000,0.000000,0.000000,-1515.782837,348.049377,758.090515,1310.600586
2.7404,True,0.000000,0.000000,0.000000,0.000000,0.000000,0.000000,-1.849655,1.189219,-1.981930,-1.885053,-1.849916,1.189219,-1.981930,-1.885053,0.000000,0.000000,0.000000,0.000000,0.000000,0.000000,0.000000,0.000000,-1515.782837,348.049377,758.090515,1310.600586
2.7605,True,0.000000,0.000000,0.000000,0.000000,0.000000,0.000000,-1.849916,1.189219,-1.981930,-1.884645,-1.849916,1.189219,-1.981930,-1.885053,0.000000,0.000000,0.000000,0.000000,0.000000,0.000000,0.000000,0.000000,-1515.782837,348.049377,758.090515,1310.600586
2.7804,True,0.000000,0.000000,0.000000,0.000000,0.000000,0.000000,-1.849916,1.189219,-1.981930,-1.885053,-1.849916,1.189219,-1.981930,-1.885053,0.000000,0.000000,0.000000,0.000000,0.000000,0.000000,0.000000,0.000000,-1515.782837,348.049377,758.090515,1310.600586
2.8004,True,0.000000,0.000000,0.000000,0.000000,0.000000,0.000000,-1.849916,1.189219,-1.981930,-1.885053,-1.849916,1.189219,-1.981930,-1.885053,0.000000,0.000000,0.000000,0.000000,0.000000,0.000000,0.000000,0.000000,-1515.782837,348.049377,758.090515,1310.600586
2.8207,True,0.000000,0.000000,0.000000,0.000000,0.000000,0.000000,-1.849916,1.189219,-1.981930,-1.885053,-1.849655,1.189219,-1.981930,-1.885462,0.000000,0.000000,0.000000,0.000000,0.000000,0.000000,0.000000,0.000000,-1515.782837,348.049377,758.090515,1310.600586
2.8404,True,0.000000,0.000000,0.000000,0.000000,0.000000,0.000000,-1.849916,1.189219,-1.981874,-1.884810,-1.849916,1.189219,-1.981818,-1.885053,0.000000,0.000000,0.000000,0.000000,0.000000,0.000000,0.000000,0.000000,-1515.782837,348.049377,758.090515,1310.600586
2.8604,True,0.000000,0.000000,0.000000,0.000000,0.000000,0.000000,-1.849655,1.189219,-1.981930,-1.885053,-1.850178,1.189219,-1.981930,-1.885053,0.000000,0.000000,0.000000,0.000000,0.000000,0.000000,0.000000,0.000000,-1515.782837,348.049377,758.090515,1310.600586
2.8805,True,0.000000,0.000000,0.000000,0.000000,0.000000,0.000000,-1.849916,1.189219,-1.981930,-1.885053,-1.849916,1.189219,-1.981930,-1.885053,0.000000,0.000000,0.000000,0.000000,0.000000,0.000000,0.000000,0.000000,-1515.782837,348.049377,758.090515,1310.600586
2.9004,True,0.000000,0.000000,0.000000,0.000000,0.000000,0.000000,-1.849916,1.189219,-1.981930,-1.885053,-1.849916,1.189219,-1.981930,-1.885053,0.000000,0.000000,0.000000,0.000000,0.000000,0.000000,0.000000,0.000000,-1515.782837,348.049377,758.090515,1310.600586
2.9204,True,0.000000,0.000000,0.000000,0.000000,0.000000,0.000000,-1.850178,1.189219,-1.981930,-1.885053,-1.849537,1.189219,-1.981930,-1.885053,0.000000,0.000000,0.000000,0.000000,0.000000,0.000000,0.000000,0.000000,-1515.782837,348.049377,758.090515,1310.600586
2.9406,True,0.000000,0.000000,0.000000,0.000000,0.000000,0.000000,-1.849916,1.189219,-1.981930,-1.885053,-1.849916,1.189219,-1.981930,-1.885053,0.000000,0.000000,0.000000,0.000000,0.000000,0.000000,0.000000,0.000000,-1515.782837,348.049377,758.090515,1310.600586
2.9604,True,0.000000,0.000000,0.000000,0.000000,0.000000,0.000000,-1.849537,1.189219,-1.981874,-1.885053,-1.849537,1.189219,-1.981930,-1.885053,0.000000,0.000000,0.000000,0.000000,0.000000,0.000000,0.000000,0.000000,-1515.782837,348.049377,758.090515,1310.600586
2.9804,True,0.000000,0.000000,0.000000,0.000000,0.000000,0.000000,-1.849916,1.189219,-1.981874,-1.884889,-1.849916,1.189219,-1.981930,-1.885297,0.000000,0.000000,0.000000,0.000000,0.000000,0.000000,0.000000,-0.000009,-1515.782837,348.049377,758.090515,1310.600464
3.0004,True,0.000000,0.000000,0.000000,0.000000,0.000000,0.000000,-1.849916,1.189219,-1.981930,-1.885297,-1.849916,1.189219,-1.981930,-1.885297,0.000000,0.000000,0.000000,0.000000,0.000000,0.000000,0.000000,-0.000052,-1515.782837,348.049377,758.090515,1310.600464
3.0205,True,0.000000,0.000000,0.000000,0.000000,0.000000,0.000000,-1.849655,1.189219,-1.981930,-1.884889,-1.849655,1.189219,-1.981930,-1.885297,0.000000,0.000000,0.000000,0.000000,0.000000,0.000000,0.000000,-0.000069,-1515.782837,348.049377,758.090515,1310.600586
3.0405,True,0.000000,0.000000,0.000000,0.000000,0.000000,0.000000,-1.849537,1.189219,-1.981930,-1.885297,-1.849537,1.189219,-1.981930,-1.885297,0.000000,0.000000,0.000000,0.000000,0.000000,0.000000,0.000000,-0.000025,-1515.782837,348.049377,758.090515,1310.600586
3.0604,True,0.000000,0.000000,0.000000,0.000000,0.000000,0.000000,-1.849537,1.189219,-1.981930,-1.884889,-1.849537,1.189219,-1.981930,-1.884889,0.000000,0.000000,0.000000,0.000000,0.000000,0.000000,0.000000,0.000000,-1515.782837,348.049377,758.090515,1310.600586
3.0804,True,0.000000,0.000000,0.000000,0.000000,0.000000,0.000000,-1.849916,1.189219,-1.981986,-1.884645,-1.849916,1.189219,-1.981930,-1.884645,0.000000,0.000000,0.000000,0.000000,0.000000,0.000000,0.000000,0.000011,-1515.782837,348.049377,758.090515,1310.600586
3.1005,True,0.000000,0.000000,0.000000,0.000000,0.000000,0.000000,-1.849537,1.189413,-1.981930,-1.885053,-1.849916,1.189413,-1.981930,-1.885053,0.000000,0.000000,0.000000,0.000000,0.000000,0.000000,0.000000,0.000052,-1515.782837,348.049377,758.090515,1310.600586
3.1204,True,0.000000,0.000000,0.000000,0.000000,0.000000,0.000000,-1.849916,1.189413,-1.981930,-1.885053,-1.849916,1.189413,-1.981930,-1.885053,0.000000,0.000000,0.000000,0.000000,0.000000,0.000000,0.000000,0.000048,-1515.782837,348.049377,758.090515,1310.600464
3.1404,True,0.000000,0.000000,0.000000,0.000000,0.000000,0.000000,-1.849537,1.189413,-1.981986,-1.885297,-1.849537,1.189413,-1.981343,-1.885297,0.000000,0.000000,0.000000,0.000000,0.000000,0.000000,0.000000,-0.000045,-1515.782837,348.049377,758.090515,1310.600464
3.1606,True,0.000000,0.000000,0.000000,0.000000,0.000000,0.000000,-1.849916,1.189413,-1.981986,-1.885053,-1.849916,1.189413,-1.981930,-1.885053,0.000000,0.000000,0.000000,0.000000,0.000000,0.000000,0.000000,-0.000071,-1515.782837,348.049377,758.090515,1310.600464
3.1804,True,0.000000,0.000000,0.000000,0.000000,0.000000,0.000000,-1.849916,1.189413,-1.981930,-1.885053,-1.849916,1.189413,-1.981930,-1.884401,0.000000,0.000000,0.000000,0.000000,0.000000,0.000000,0.000000,-0.000053,-1515.782837,348.049377,758.090515,1310.600586
3.2004,True,0.000000,0.000000,0.000000,0.000000,0.000000,0.000000,-1.849916,1.189413,-1.981986,-1.885462,-1.849916,1.189413,-1.981986,-1.885462,0.000000,0.000000,0.000000,0.000000,0.000000,0.000000,0.000000,-0.000007,-1515.782837,348.049377,758.090515,1310.600586
3.2204,True,0.000000,0.000000,0.000000,0.000000,0.000000,0.000000,-1.849916,1.189413,-1.981986,-1.884810,-1.849916,1.189413,-1.981930,-1.885462,0.000000,0.000000,0.000000,0.000000,0.000000,0.000000,0.000000,0.000023,-1515.782837,348.049377,758.090515,1310.600586
3.2404,True,0.000000,0.000000,0.000000,0.000000,0.000000,0.000000,-1.849916,1.189607,-1.981930,-1.885053,-1.849916,1.189607,-1.981930,-1.885053,0.000000,0.000000,0.000000,0.000000,0.000000,0.000000,0.000000,0.000063,-1515.782837,348.049377,758.090515,1310.600464
3.2604,True,0.000000,0.000000,0.000000,0.000000,0.000000,0.000000,-1.850178,1.189607,-1.981930,-1.885462,-1.849916,1.189607,-1.982041,-1.884401,0.000000,0.000000,0.000000,0.000000,0.000000,0.000000,0.000000,-0.000018,-1515.782837,348.049377,758.090515,1310.600342
3.2804,True,0.000000,0.000000,0.000000,0.000000,0.000000,0.000000,-1.849916,1.189607,-1.981930,-1.885462,-1.849916,1.189607,-1.981930,-1.885462,0.000000,0.000000,0.000000,0.000000,0.000000,0.000000,0.000000,-0.000089,-1515.782837,348.049377,758.090515,1310.600342
3.3004,True,0.000000,0.000000,0.000000,0.000000,0.000000,0.000000,-1.849916,1.189607,-1.982041,-1.884810,-1.849916,1.189607,-1.981986,-1.885462,0.000000,0.000000,0.000000,0.000000,0.000000,0.000000,0.000000,-0.000133,-1515.782837,348.049377,758.090515,1310.600342
3.3203,True,0.000000,0.000000,0.000000,0.000000,0.000000,0.000000,-1.850035,1.189413,-1.981986,-1.884810,-1.849916,1.189413,-1.981986,-1.885218,0.000000,0.000000,0.000000,0.000000,0.000000,0.000000,0.000000,-0.000108,-1515.782837,348.049377,758.090515,1310.600464
3.3403,True,0.000000,0.000000,0.000000,0.000000,0.000000,0.000000,-1.849916,1.189413,-1.981986,-1.884810,-1.849916,1.189413,-1.981986,-1.884810,0.000000,0.000000,0.000000,0.000000,0.000000,0.000000,0.000000,-0.000066,-1515.782837,348.049377,758.090515,1310.600464
3.3604,True,0.000000,0.000000,0.000000,0.000000,0.000000,0.000000,-1.849916,1.189413,-1.981986,-1.885053,-1.849916,1.189413,-1.981986,-1.885053,0.000000,0.000000,0.000000,0.000000,0.000000,0.000000,0.000000,0.000056,-1515.782837,348.049377,758.090515,1310.600586
3.3803,True,0.000000,0.000000,0.000000,0.000000,0.000000,0.000000,-1.849655,1.189413,-1.981399,-1.885053,-1.849916,1.189413,-1.981399,-1.884645,0.000000,0.000000,0.000000,0.000000,0.000000,0.000000,0.000000,0.000142,-1515.782837,348.049377,758.090515,1310.600586
3.4003,True,0.000000,0.000000,0.000000,0.000000,0.000000,0.000000,-1.849655,1.189219,-1.981986,-1.885053,-1.849916,1.189219,-1.981343,-1.885053,0.000000,0.000000,0.000000,0.000000,0.000000,0.000000,0.000000,0.000106,-1515.782837,348.049377,758.090515,1310.600342
3.4204,True,0.000000,0.000000,0.000000,0.000000,0.000000,0.000000,-1.850178,1.189219,-1.981399,-1.885053,-1.849916,1.189219,-1.981930,-1.885053,0.000000,0.000000,0.000000,0.000000,0.000000,0.000000,0.000000,-0.000007,-1515.782837,348.049377,758.090515,1310.600342
3.4410,True,0.000000,0.000000,0.000000,0.000000,0.000000,0.000000,-1.849655,1.189413,-1.981986,-1.884645,-1.849655,1.189413,-1.981930,-1.885053,0.000000,0.000000,0.000000,0.000000,0.000000,0.000000,0.000000,-0.000072,-1515.782837,348.049377,758.090515,1310.600342
3.4604,True,0.000000,0.000000,0.000000,0.000000,0.000000,0.000000,-1.849655,1.189413,-1.981343,-1.884401,-1.849916,1.189413,-1.981343,-1.884401,0.000000,0.000000,0.000000,0.000000,0.000000,0.000000,0.000000,-0.000100,-1515.782837,348.049377,758.090515,1310.600464
3.4804,True,0.000000,0.000000,0.000000,0.000000,0.000000,0.000000,-1.849916,1.189413,-1.981343,-1.885053,-1.849916,1.189413,-1.981986,-1.885053,0.000000,0.000000,0.000000,0.000000,0.000000,0.000000,0.000000,-0.000083,-1515.782837,348.049377,758.090515,1310.600464
3.5006,True,0.000000,0.000000,0.000000,0.000000,0.000000,0.000000,-1.849916,1.189413,-1.981930,-1.885053,-1.849916,1.189413,-1.981930,-1.884645,0.000000,0.000000,0.000000,0.000000,0.000000,0.000000,0.000000,-0.000031,-1515.782837,348.049377,758.090515,1310.600464
3.5204,True,0.000000,0.000000,0.000000,0.000000,0.000000,0.000000,-1.849655,1.189413,-1.981986,-1.884645,-1.849655,1.189413,-1.981930,-1.884645,0.000000,0.000000,0.000000,0.000000,0.000000,0.000000,0.000000,0.000073,-1515.782837,348.049377,758.090515,1310.600464
3.5404,True,0.000000,0.000000,0.000000,0.000000,0.000000,0.000000,-1.849655,1.189219,-1.981986,-1.885053,-1.849655,1.189219,-1.981986,-1.885053,0.000000,0.000000,0.000000,0.000000,0.000000,0.000000,0.000000,0.000087,-1515.782837,348.049377,758.090515,1310.600464
3.5604,True,0.000000,0.000000,0.000000,0.000000,0.000000,0.000000,-1.849916,1.189219,-1.981986,-1.884810,-1.849916,1.189219,-1.981986,-1.884810,0.000000,0.000000,0.000000,0.000000,0.000000,0.000000,0.000000,0.000037,-1515.782837,348.049377,758.090515,1310.600342
3.5804,True,0.000000,0.000000,0.000000,0.000000,0.000000,0.000000,-1.849655,1.189219,-1.981986,-1.884810,-1.850178,1.189219,-1.981986,-1.884810,0.000000,0.000000,0.000000,0.000000,0.000000,0.000000,0.000000,-0.000048,-1515.782837,348.049377,758.090515,1310.600342
3.6004,True,0.000000,0.000000,0.000000,0.000000,0.000000,0.000000,-1.849655,1.189413,-1.981930,-1.885462,-1.849655,1.189413,-1.981986,-1.884810,0.000000,0.000000,0.000000,0.000000,0.000000,0.000000,0.000000,-0.000059,-1515.782837,348.049377,758.090515,1310.600464
3.6205,True,0.000000,0.000000,0.000000,0.000000,0.000000,0.000000,-1.850035,1.189413,-1.981399,-1.885462,-1.849655,1.189413,-1.981930,-1.885462,0.000000,0.000000,0.000000,0.000000,0.000000,0.000000,0.000000,-0.000041,-1515.782837,348.049377,758.090515,1310.600464
3.6404,True,0.000000,0.000000,0.000000,0.000000,0.000000,0.000000,-1.850035,1.189413,-1.981930,-1.885053,-1.849655,1.189413,-1.981930,-1.885053,0.000000,0.000000,0.000000,0.000000,0.000000,0.000000,0.000000,-0.000018,-1515.782837,348.049377,758.090515,1310.600464
3.6604,True,0.000000,0.000000,0.000000,0.000000,0.000000,0.000000,-1.849655,1.189219,-1.981986,-1.885462,-1.849655,1.189219,-1.981986,-1.885462,0.000000,0.000000,0.000000,0.000000,0.000000,0.000000,0.000000,0.000015,-1515.782837,348.049377,758.090515,1310.600464
3.6804,True,0.000000,0.000000,0.000000,0.000000,0.000000,0.000000,-1.849655,1.189219,-1.981930,-1.885053,-1.849655,1.189219,-1.981986,-1.885053,0.000000,0.000000,0.000000,0.000000,0.000000,0.000000,0.000000,0.000062,-1515.782837,348.049377,758.090515,1310.600464
3.7004,True,0.000000,0.000000,0.000000,0.000000,0.000000,0.000000,-1.849655,1.189219,-1.981930,-1.885053,-1.849655,1.189025,-1.981986,-1.885053,0.000000,0.000000,0.000000,0.000000,0.000000,0.000000,0.000000,0.000038,-1515.782837,348.049377,758.090515,1310.600342
3.7205,True,0.000000,0.000000,0.000000,0.000000,0.000000,0.000000,-1.849916,1.189413,-1.981986,-1.885053,-1.849655,1.189219,-1.981343,-1.885462,0.000000,0.000000,0.000000,0.000000,0.000000,0.000000,0.000000,-0.000053,-1515.782837,348.049377,758.090515,1310.600342
3.7404,True,0.000000,0.000000,0.000000,0.000000,0.000000,0.000000,-1.850035,1.189413,-1.981343,-1.885462,-1.849916,1.189413,-1.981930,-1.885462,0.000000,0.000000,0.000000,0.000000,0.000000,0.000000,0.000000,-0.000071,-1515.782837,348.049377,758.090515,1310.600342
3.7604,True,0.000000,0.000000,0.000000,0.000000,0.000000,0.000000,-1.849655,1.189413,-1.981399,-1.885053,-1.849655,1.189413,-1.981399,-1.885053,0.000000,0.000000,0.000000,0.000000,0.000000,0.000000,0.000000,-0.000031,-1515.782837,348.049377,758.090515,1310.600464
3.7805,True,0.000000,0.000000,0.000000,0.000000,0.000000,0.000000,-1.850035,1.189607,-1.981930,-1.885053,-1.849394,1.189607,-1.981986,-1.885053,0.000000,0.000000,0.000000,0.000000,0.000000,0.000000,0.000000,0.000000,-1515.782837,348.049377,758.090515,1310.600464
3.8004,True,0.000000,0.000000,0.000000,0.000000,0.000000,0.000000,-1.849655,1.189413,-1.981986,-1.885053,-1.849916,1.189413,-1.981986,-1.885053,0.000000,0.000000,0.000000,0.000000,0.000000,0.000000,0.000000,0.000027,-1515.782837,348.049377,758.090515,1310.600464
3.8204,True,0.000000,0.000000,0.000000,0.000000,0.000000,0.000000,-1.849916,1.189413,-1.981399,-1.885053,-1.849655,1.189413,-1.981399,-1.884810,0.000000,0.000000,0.000000,0.000000,0.000000,0.000000,0.000000,0.000068,-1515.782837,348.049377,758.090515,1310.600464
3.8404,True,0.000000,0.000000,0.000000,0.000000,0.000000,0.000000,-1.849655,1.189413,-1.981986,-1.885462,-1.849916,1.189413,-1.981930,-1.885462,0.000000,0.000000,0.000000,0.000000,0.000000,0.000000,0.000000,0.000043,-1515.782837,348.049377,758.090515,1310.600342
3.8604,True,0.000000,0.000000,0.000000,0.000000,0.000000,0.000000,-1.849655,1.189219,-1.981986,-1.884810,-1.849655,1.189413,-1.981986,-1.884810,0.000000,0.000000,0.000000,0.000000,0.000000,0.000000,0.000000,-0.000040,-1515.782837,348.049377,758.090515,1310.600342
3.8804,True,0.000000,0.000000,0.000000,0.000000,0.000000,0.000000,-1.849655,1.189413,-1.981343,-1.885218,-1.849655,1.189413,-1.981343,-1.885218,0.000000,0.000000,0.000000,0.000000,0.000000,0.000000,0.000000,-0.000071,-1515.782837,348.049377,758.090515,1310.600342
3.9004,True,0.000000,0.000000,0.000000,0.000000,0.000000,0.000000,-1.849655,1.189413,-1.981343,-1.885218,-1.849655,1.189413,-1.981343,-1.885218,0.000000,0.000000,0.000000,0.000000,0.000000,0.000000,0.000000,-0.000039,-1515.782837,348.049377,758.090515,1310.600464
3.9204,True,0.000000,0.000000,0.000000,0.000000,0.000000,0.000000,-1.850178,1.189413,-1.981343,-1.885218,-1.850178,1.189413,-1.981343,-1.885218,0.000000,0.000000,0.000000,0.000000,0.000000,0.000000,0.000000,0.000000,-1515.782837,348.049377,758.090515,1310.600464
3.9405,True,0.000000,0.000000,0.000000,0.000000,0.000000,0.000000,-1.849916,1.189413,-1.981343,-1.885053,-1.849916,1.189413,-1.981343,-1.884645,0.000000,0.000000,0.000000,0.000000,0.000000,0.000000,0.000000,0.000028,-1515.782837,348.049377,758.090515,1310.600464
3.9604,True,0.000000,0.000000,0.000000,0.000000,0.000000,0.000000,-1.849916,1.189413,-1.981986,-1.884810,-1.850178,1.189413,-1.981986,-1.884810,0.000000,0.000000,0.000000,0.000000,0.000000,0.000000,0.000000,0.000071,-1515.782837,348.049377,758.090515,1310.600464
3.9804,True,0.000000,0.000000,0.000000,0.000000,0.000000,0.000000,-1.850178,1.189413,-1.981399,-1.884645,-1.850178,1.189413,-1.981343,-1.885218,0.000000,0.000000,0.000000,0.000000,0.000000,0.000000,0.000000,0.000055,-1515.782837,348.049377,758.090515,1310.600342
4.0004,True,0.000000,0.000000,0.000000,0.000000,0.000000,0.000000,-1.849537,1.189413,-1.981930,-1.884810,-1.849916,1.189413,-1.981930,-1.884645,0.000000,0.000000,0.000000,0.000000,0.000000,0.000000,0.000000,-0.000019,-1515.782837,348.049377,758.090515,1310.600342
4.0204,True,0.000000,0.000000,0.000000,0.000000,0.000000,0.000000,-1.849916,1.189413,-1.981986,-1.884810,-1.850178,1.189413,-1.981930,-1.884810,0.000000,0.000000,0.000000,0.000000,0.000000,0.000000,0.000000,-0.000071,-1515.782837,348.049377,758.090515,1310.600342
4.0404,True,0.000000,0.000000,0.000000,0.000000,0.000000,0.000000,-1.849916,1.189413,-1.981343,-1.884810,-1.849916,1.189413,-1.981343,-1.884810,0.000000,0.000000,0.000000,0.000000,0.000000,0.000000,0.000000,-0.000071,-1515.782837,348.049377,758.090515,1310.600342
4.0605,True,0.000000,0.000000,0.000000,0.000000,0.000000,0.000000,-1.849916,1.189413,-1.981986,-1.884810,-1.849916,1.189151,-1.981986,-1.885053,0.000000,0.000000,0.000000,0.000000,0.000000,0.000000,0.000000,-0.000031,-1515.782837,348.049377,758.090515,1310.600464
4.0805,True,0.000000,0.000000,0.000000,0.000000,0.000000,0.000000,-1.849916,1.189607,-1.981930,-1.884810,-1.849537,1.189219,-1.981930,-1.884810,0.000000,0.000000,0.000000,0.000000,0.000000,0.000000,0.000000,0.000013,-1515.782837,348.049377,758.090515,1310.600586
4.1004,True,0.000000,0.000000,0.000000,0.000000,0.000000,0.000000,-1.849537,1.189219,-1.981930,-1.885053,-1.849537,1.189219,-1.981930,-1.885053,0.000000,0.000000,0.000000,0.000000,0.000000,0.000000,0.000000,0.000060,-1515.782837,348.049377,758.090515,1310.600586
4.1204,True,0.000000,0.000000,0.000000,0.000000,0.000000,0.000000,-1.850178,1.189219,-1.981930,-1.885053,-1.850178,1.189219,-1.981930,-1.885053,0.000000,0.000000,0.000000,0.000000,0.000000,0.000000,0.000000,0.000076,-1515.782837,348.049377,758.090515,1310.600342
4.1404,True,0.000000,0.000000,0.000000,0.000000,0.000000,0.000000,-1.849916,1.189219,-1.981986,-1.884645,-1.849916,1.189219,-1.981986,-1.884645,0.000000,0.000000,0.000000,0.000000,0.000000,0.000000,0.000000,-0.000019,-1515.782837,348.049377,758.090515,1310.599976
4.1604,True,0.000000,0.000000,0.000000,0.000000,0.000000,0.000000,-1.849916,1.189413,-1.981986,-1.884645,-1.849916,1.189607,-1.981986,-1.884645,0.000000,0.000000,0.000000,0.000000,0.000000,0.000000,0.000000,-0.000148,-1515.782837,348.049377,758.090515,1310.600220
4.1805,True,0.000000,0.000000,0.000000,0.000000,0.000000,0.000000,-1.849655,1.189413,-1.981986,-1.885053,-1.849916,1.189413,-1.981986,-1.885053,0.000000,0.000000,0.000000,0.000000,0.000000,0.000000,0.000000,-0.000125,-1515.782837,348.049377,758.090515,1310.600342
4.2004,True,0.000000,0.000000,0.000000,0.000000,0.000000,0.000000,-1.849275,1.189219,-1.981930,-1.884810,-1.849655,1.189219,-1.981930,-1.884810,0.000000,0.000000,0.000000,0.000000,0.000000,0.000000,0.000000,-0.000075,-1515.782837,348.049377,758.090515,1310.600464
4.2204,True,0.000000,0.000000,0.000000,0.000000,0.000000,0.000000,-1.849537,1.189674,-1.981930,-1.885053,-1.849916,1.189413,-1.981930,-1.885053,0.000000,0.000000,0.000000,0.000000,0.000000,0.000000,0.000000,-0.000020,-1515.782837,348.049377,758.090515,1310.600342
4.2406,True,0.000000,0.000000,0.000000,0.000000,0.000000,0.000000,-1.849916,1.189413,-1.981930,-1.885053,-1.849916,1.189413,-1.981930,-1.885053,0.000000,0.000000,0.000000,0.000000,0.000000,0.000000,0.000000,0.000068,-1515.782837,348.049377,758.090515,1310.600586
4.2604,True,0.000000,0.000000,0.000000,0.000000,0.000000,0.000000,-1.849916,1.189413,-1.981930,-1.885053,-1.849916,1.189413,-1.981930,-1.885053,0.000000,0.000000,0.000000,0.000000,0.000000,0.000000,0.000000,0.000186,-1515.782837,348.049377,758.090515,1310.600464
4.2804,True,0.000000,0.000000,0.000000,0.000000,0.000000,0.000000,-1.849537,1.189413,-1.981930,-1.885053,-1.849655,1.189413,-1.981930,-1.885053,0.000000,0.000000,0.000000,0.000000,0.000000,0.000000,0.000000,0.000059,-1515.782837,348.049377,758.090515,1310.600220
4.3004,True,0.000000,0.000000,0.000000,0.000000,0.000000,0.000000,-1.849655,1.189413,-1.981930,-1.885053,-1.850035,1.189413,-1.981930,-1.884645,0.000000,0.000000,0.000000,0.000000,0.000000,0.000000,0.000000,-0.000095,-1515.782837,348.049377,758.090515,1310.600220
4.3204,True,0.000000,0.000000,0.000000,0.000000,0.000000,0.000000,-1.849655,1.189413,-1.981930,-1.884810,-1.849655,1.189413,-1.981930,-1.885462,0.000000,0.000000,0.000000,0.000000,0.000000,0.000000,0.000000,-0.000105,-1515.782837,348.049377,758.090515,1310.600342
4.3404,True,0.000000,0.000000,0.000000,0.000000,0.000000,0.000000,-1.850178,1.189413,-1.981930,-1.885053,-1.849916,1.189413,-1.981930,-1.885053,0.000000,0.000000,0.000000,0.000000,0.000000,0.000000,0.000000,-0.000052,-1515.782837,348.049377,758.090515,1310.600342
4.3605,True,0.000000,0.000000,0.000000,0.000000,0.000000,0.000000,-1.849916,1.189413,-1.981930,-1.885053,-1.849916,1.189413,-1.981930,-1.885053,0.000000,0.000000,0.000000,0.000000,0.000000,0.000000,0.000000,-0.000070,-1515.782837,348.049377,758.090515,1310.600464
4.3804,True,0.000000,0.000000,0.000000,0.000000,0.000000,0.000000,-1.849916,1.189413,-1.981930,-1.885053,-1.849655,1.189413,-1.981930,-1.885053,0.000000,0.000000,0.000000,0.000000,0.000000,0.000000,0.000000,0.000080,-1515.782837,348.049377,758.090515,1310.600464
4.4005,True,0.000000,0.000000,0.000000,0.000000,0.000000,0.000000,-1.849655,1.189607,-1.981930,-1.885053,-1.849916,1.189413,-1.981930,-1.884810,0.000000,0.000000,0.000000,0.000000,0.000000,0.000000,0.000000,0.000135,-1515.782837,348.049377,758.090515,1310.600464
4.4206,True,0.000000,0.000000,0.000000,0.000000,0.000000,0.000000,-1.849655,1.189413,-1.981930,-1.885462,-1.849655,1.189413,-1.981930,-1.885462,0.000000,0.000000,0.000000,0.000000,0.000000,0.000000,0.000000,0.000000,-1515.782837,348.049377,758.090515,1310.600708
4.4405,True,0.000000,0.000000,0.000000,0.000000,0.000000,0.000000,-1.849916,1.189413,-1.981930,-1.885462,-1.849916,1.189413,-1.981930,-1.885053,0.000000,0.000000,0.000000,0.000000,0.000000,0.000000,0.000000,0.000007,-1515.782837,348.049377,758.090515,1310.600342
4.4604,True,0.000000,0.000000,0.000000,0.000000,0.000000,0.000000,-1.849537,1.189413,-1.981399,-1.884645,-1.849916,1.189413,-1.981399,-1.884810,0.000000,0.000000,0.000000,0.000000,0.000000,0.000000,0.000000,-0.000049,-1515.782837,348.049377,758.090515,1310.600220
4.4804,True,0.000000,0.000000,0.000000,0.000000,0.000000,0.000000,-1.849916,1.189413,-1.981930,-1.885053,-1.849916,1.189413,-1.981930,-1.885053,0.000000,0.000000,0.000000,0.000000,0.000000,0.000000,0.000000,0.000000,-1515.782837,348.049377,758.090515,1310.600708
4.5004,True,0.000000,0.000000,0.000000,0.000000,0.000000,0.000000,-1.849916,1.189413,-1.981986,-1.885053,-1.849537,1.189413,-1.981930,-1.885053,0.000000,0.000000,0.000000,0.000000,0.000000,0.000000,0.000000,-0.000069,-1515.782837,348.049377,758.090515,1310.600464
4.5204,True,0.000000,0.000000,0.000000,0.000000,0.000000,0.000000,-1.849655,1.189413,-1.981930,-1.885053,-1.849655,1.189413,-1.981343,-1.885053,0.000000,0.000000,0.000000,0.000000,0.000000,0.000000,0.000000,0.000007,-1515.782837,348.049377,758.090515,1310.599976
4.5404,True,0.000000,0.000000,0.000000,0.000000,0.000000,0.000000,-1.849916,1.189413,-1.981986,-1.885053,-1.849916,1.189413,-1.981986,-1.885053,0.000000,0.000000,0.000000,0.000000,0.000000,0.000000,0.000000,-0.000213,-1515.782837,348.049377,758.090515,1310.599609
4.5604,True,0.000000,0.000000,0.000000,0.000000,0.000000,0.000000,-1.849916,1.189413,-1.981930,-1.885053,-1.849655,1.189413,-1.981986,-1.885053,0.000000,0.000000,0.000000,0.000000,0.000000,0.000000,0.000000,-0.000246,-1515.782837,348.049377,758.090515,1310.600220
4.5804,True,0.000000,0.000000,0.000000,0.000000,0.000000,0.000000,-1.849275,1.189413,-1.981930,-1.885053,-1.849655,1.189413,-1.981986,-1.885053,0.000000,0.000000,0.000000,0.000000,0.000000,0.000000,0.000000,0.000074,-1515.782837,348.049377,758.090515,1310.600708
4.6004,True,0.000000,0.000000,0.000000,0.000000,0.000000,0.000000,-1.849655,1.189413,-1.981986,-1.885053,-1.849655,1.189413,-1.981986,-1.885053,0.000000,0.000000,0.000000,0.000000,0.000000,0.000000,0.000000,0.000122,-1515.782837,348.049377,758.090515,1310.600464
4.6204,True,0.000000,0.000000,0.000000,0.000000,0.000000,0.000000,-1.849655,1.189413,-1.981986,-1.885053,-1.849916,1.189413,-1.981986,-1.885053,0.000000,0.000000,0.000000,0.000000,0.000000,0.000000,0.000000,-0.000128,-1515.782837,348.049377,758.090515,1310.599731
4.6420,True,0.000000,0.000000,0.000000,0.000000,0.000000,0.000000,-1.849655,1.189413,-1.981986,-1.884810,-1.849655,1.189413,-1.981986,-1.885297,0.000000,0.000000,0.000000,0.000000,0.000000,0.000000,0.000000,0.000096,-1515.782837,348.049377,758.090515,1310.600708
4.6604,True,0.000000,0.000000,0.000000,0.000000,0.000000,0.000000,-1.849655,1.189413,-1.981986,-1.885053,-1.849655,1.189413,-1.981986,-1.884645,0.000000,0.000000,0.000000,0.000000,0.000000,0.000000,0.000000,0.000453,-1515.782837,348.049377,758.090515,1310.600708
4.6804,True,0.000000,0.000000,0.000000,0.000000,0.000000,0.000000,-1.849655,1.189413,-1.981986,-1.885053,-1.849655,1.189413,-1.981986,-1.885053,0.000000,0.000000,0.000000,0.000000,0.000000,0.000000,0.000000,0.000027,-1515.782837,348.049377,758.090515,1310.599609
4.7006,True,0.000000,0.000000,0.000000,0.000000,0.000000,0.000000,-1.849916,1.189413,-1.981986,-1.885053,-1.849916,1.189413,-1.981986,-1.885053,0.000000,0.000000,0.000000,0.000000,0.000000,0.000000,0.000000,-0.000462,-1515.782837,348.049377,758.090515,1310.599731
4.7204,True,0.000000,0.000000,0.000000,0.000000,0.000000,0.000000,-1.849655,1.189413,-1.981930,-1.885053,-1.849916,1.189413,-1.981986,-1.885053,0.000000,0.000000,0.000000,0.000000,0.000000,0.000000,0.000000,-0.000220,-1515.782837,348.049377,758.090515,1310.599854
4.7404,True,0.000000,0.000000,0.000000,0.000000,0.000000,0.000000,-1.849916,1.189413,-1.981986,-1.884645,-1.849916,1.189413,-1.981930,-1.884645,0.000000,0.000000,0.000000,0.000000,0.000000,0.000000,0.000000,-0.000031,-1515.782837,348.049377,758.090515,1310.600220
4.7604,True,0.000000,0.000000,0.000000,0.000000,0.000000,0.000000,-1.849916,1.189413,-1.981930,-1.885053,-1.849916,1.189413,-1.981930,-1.885053,0.000000,0.000000,0.000000,0.000000,0.000000,0.000000,0.000000,-0.000280,-1515.782837,348.049377,758.090515,1310.599976
4.7804,True,0.000000,0.000000,0.000000,0.000000,0.000000,0.000000,-1.849916,1.189413,-1.981986,-1.885053,-1.849916,1.189413,-1.981930,-1.885053,0.000000,0.000000,0.000000,0.000000,0.000000,0.000000,0.000000,-0.000118,-1515.782837,348.049377,758.090515,1310.600220
4.8004,True,0.000000,0.000000,0.000000,0.000000,0.000000,0.000000,-1.850178,1.189413,-1.981930,-1.884645,-1.849916,1.189413,-1.981930,-1.885053,0.000000,0.000000,0.000000,0.000000,0.000000,0.000000,0.000000,0.000242,-1515.782837,348.049377,758.090515,1310.600342
4.8204,True,0.000000,0.000000,0.000000,0.000000,0.000000,0.000000,-1.849916,1.189413,-1.981986,-1.885053,-1.850178,1.189413,-1.981930,-1.885053,0.000000,0.000000,0.000000,0.000000,0.000000,0.000000,0.000000,0.000270,-1515.782837,348.049377,758.090515,1310.600342
4.8404,True,0.000000,0.000000,0.000000,0.000000,0.000000,0.000000,-1.849537,1.189413,-1.981930,-1.885053,-1.849537,1.189413,-1.981930,-1.885053,0.000000,0.000000,0.000000,0.000000,0.000000,0.000000,0.000000,0.000091,-1515.782837,348.049377,758.090515,1310.599854
4.8604,True,0.000000,0.000000,0.000000,0.000000,0.000000,0.000000,-1.849916,1.189413,-1.981930,-1.884645,-1.850178,1.189413,-1.981930,-1.885297,0.000000,0.000000,0.000000,0.000000,0.000000,0.000000,0.000000,-0.000086,-1515.782837,348.049377,758.090515,1310.599976
4.8804,True,0.000000,0.000000,0.000000,0.000000,0.000000,0.000000,-1.849916,1.189413,-1.981874,-1.885297,-1.849916,1.189413,-1.981874,-1.885297,0.000000,0.000000,0.000000,0.000000,0.000000,0.000000,0.000000,-0.000059,-1515.782837,348.049377,758.090515,1310.599976
4.9004,True,0.000000,0.000000,0.000000,0.000000,0.000000,0.000000,-1.849916,1.189413,-1.981818,-1.885462,-1.849916,1.189413,-1.981818,-1.885462,0.000000,0.000000,0.000000,0.000000,0.000000,0.000000,0.000000,-0.000089,-1515.782837,348.049377,758.090515,1310.599854
4.9204,True,0.000000,0.000000,0.000000,0.000000,0.000000,0.000000,-1.849916,1.189413,-1.981874,-1.885462,-1.849537,1.189413,-1.981874,-1.885297,0.000000,0.000000,0.000000,0.000000,0.000000,0.000000,0.000000,-0.000148,-1515.782837,348.049377,758.090515,1310.600220
4.9408,True,0.000000,0.000000,0.000000,0.000000,0.000000,0.000000,-1.849537,1.189413,-1.981818,-1.885297,-1.850178,1.189413,-1.981818,-1.884645,0.000000,0.000000,0.000000,0.000000,0.000000,0.000000,0.000000,0.000028,-1515.782837,348.049377,758.090515,1310.600342
4.9604,True,0.000000,0.000000,0.000000,0.000000,0.000000,0.000000,-1.849916,1.189413,-1.981874,-1.884810,-1.849655,1.189413,-1.981874,-1.884810,0.000000,0.000000,0.000000,0.000000,0.000000,0.000000,0.000000,0.000155,-1515.782837,348.049377,758.090515,1310.600220
4.9804,True,0.000000,0.000000,0.000000,0.000000,0.000000,0.000000,-1.849916,1.189413,-1.981874,-1.885053,-1.849655,1.189413,-1.981874,-1.884810,0.000000,0.000000,0.000000,0.000000,0.000000,0.000000,0.000000,0.000043,-1515.782837,348.049377,758.090515,1310.599976
5.0004,True,0.000000,0.000000,0.000000,0.000000,0.000000,0.000000,-1.849916,1.189219,-1.981874,-1.885053,-1.849916,1.189219,-1.981874,-1.885053,0.000000,0.000000,0.000000,0.000000,0.000000,0.000000,0.000000,0.000031,-1515.782837,348.049377,758.090515,1310.600220
5.0204,True,0.000000,0.000000,0.000000,0.000000,0.000000,0.000000,-1.849655,1.189219,-1.981874,-1.885053,-1.849916,1.189219,-1.981874,-1.885053,0.000000,0.000000,0.000000,0.000000,0.000000,0.000000,0.000000,0.000054,-1515.782837,348.049377,758.090515,1310.599976
5.0404,True,0.000000,0.000000,0.000000,0.000000,0.000000,0.000000,-1.849916,1.189607,-1.981874,-1.885053,-1.849916,1.189607,-1.981874,-1.884645,0.000000,0.000000,0.000000,0.000000,0.000000,0.000000,0.000000,-0.000076,-1515.782837,348.049377,758.090515,1310.599976
5.0604,True,0.000000,0.000000,0.000000,0.000000,0.000000,0.000000,-1.850178,1.189219,-1.981874,-1.885053,-1.850178,1.189219,-1.981874,-1.885053,0.000000,0.000000,0.000000,0.000000,0.000000,0.000000,0.000000,-0.000083,-1515.782837,348.049377,758.090515,1310.600342
5.0804,True,0.000000,0.000000,0.000000,0.000000,0.000000,0.000000,-1.849916,1.189219,-1.981930,-1.885053,-1.850178,1.189219,-1.981930,-1.884401,0.000000,0.000000,0.000000,0.000000,0.000000,0.000000,0.000000,0.000048,-1515.782837,348.049377,758.090515,1310.599976
5.1004,True,0.000000,0.000000,0.000000,0.000000,0.000000,0.000000,-1.850178,1.189413,-1.981343,-1.884401,-1.849916,1.189413,-1.981343,-1.885053,0.000000,0.000000,0.000000,0.000000,0.000000,0.000000,0.000000,0.000010,-1515.782837,348.049377,758.090515,1310.599976
5.1204,True,0.000000,0.000000,0.000000,0.000000,0.000000,0.000000,-1.849537,1.189413,-1.981930,-1.884810,-1.850178,1.189413,-1.981287,-1.884810,0.000000,0.000000,0.000000,0.000000,0.000000,0.000000,0.000000,0.000003,-1515.782837,348.049377,758.090515,1310.600220
5.1404,True,0.000000,0.000000,0.000000,0.000000,0.000000,0.000000,-1.849798,1.189413,-1.981874,-1.885053,-1.849798,1.189413,-1.981874,-1.884810,0.000000,0.000000,0.000000,0.000000,0.000000,0.000000,0.000000,0.000068,-1515.782837,348.049377,758.090515,1310.600220
5.1606,True,0.000000,0.000000,0.000000,0.000000,0.000000,0.000000,-1.849798,1.189413,-1.981930,-1.885462,-1.849916,1.189413,-1.981343,-1.884810,0.000000,0.000000,0.000000,0.000000,0.000000,0.000000,0.000000,0.000012,-1515.782837,348.049377,758.090515,1310.599976
5.1804,True,0.000000,0.000000,0.000000,0.000000,0.000000,0.000000,-1.849537,1.189607,-1.981930,-1.884810,-1.849537,1.189607,-1.981930,-1.884565,0.000000,0.000000,0.000000,0.000000,0.000000,0.000000,0.000000,-0.000073,-1515.782837,348.049377,758.090515,1310.600220
5.2004,True,0.000000,0.000000,0.000000,0.000000,0.000000,0.000000,-1.849275,1.189607,-1.981343,-1.884810,-1.849916,1.189413,-1.981343,-1.884810,0.000000,0.000000,0.000000,0.000000,0.000000,0.000000,0.000000,0.000033,-1515.782837,348.049377,758.090515,1310.600220
5.2204,True,0.000000,0.000000,0.000000,0.000000,0.000000,0.000000,-1.849916,1.189413,-1.981399,-1.884810,-1.849916,1.189413,-1.981399,-1.885218,0.000000,0.000000,0.000000,0.000000,0.000000,0.000000,0.000000,0.000031,-1515.782837,348.049377,758.090515,1310.599976
5.2404,True,0.000000,0.000000,0.000000,0.000000,0.000000,0.000000,-1.849916,1.189413,-1.981986,-1.885218,-1.849537,1.189413,-1.981986,-1.885053,0.000000,0.000000,0.000000,0.000000,0.000000,0.000000,0.000000,-0.000065,-1515.782837,348.049377,758.090515,1310.599976
5.2605,True,0.000000,0.000000,0.000000,0.000000,0.000000,0.000000,-1.849537,1.189413,-1.981930,-1.884810,-1.849537,1.189607,-1.981986,-1.885462,0.000000,0.000000,0.000000,0.000000,0.000000,0.000000,0.000000,-0.000014,-1515.782837,348.049377,758.090515,1310.600220
5.2804,True,0.000000,0.000000,0.000000,0.000000,0.000000,0.000000,-1.849916,1.189607,-1.981930,-1.885053,-1.849916,1.189607,-1.981930,-1.885053,0.000000,0.000000,0.000000,0.000000,0.000000,0.000000,0.000000,0.000029,-1515.782837,348.049377,758.090515,1310.599976
5.3004,True,0.000000,0.000000,0.000000,0.000000,0.000000,0.000000,-1.849916,1.189413,-1.981986,-1.884645,-1.849916,1.189413,-1.981986,-1.884645,0.000000,0.000000,0.000000,0.000000,0.000000,0.000000,0.000000,-0.000084,-1515.782837,348.049377,758.090515,1310.599976
5.3204,True,0.000000,0.000000,0.000000,0.000000,0.000000,0.000000,-1.850178,1.189413,-1.981287,-1.885053,-1.849916,1.189413,-1.981343,-1.884810,0.000000,0.000000,0.000000,0.000000,0.000000,0.000000,0.000000,-0.000027,-1515.782837,348.049377,758.090515,1310.600220
5.3404,True,0.000000,0.000000,0.000000,0.000000,0.000000,0.000000,-1.849655,1.189413,-1.981874,-1.884810,-1.849916,1.189413,-1.981986,-1.884810,0.000000,0.000000,0.000000,0.000000,0.000000,0.000000,0.000000,0.000061,-1515.782837,348.049377,758.090515,1310.600220
5.3604,True,0.000000,0.000000,0.000000,0.000000,0.000000,0.000000,-1.849916,1.189413,-1.982041,-1.884810,-1.849916,1.189219,-1.981399,-1.884810,0.000000,0.000000,0.000000,0.000000,0.000000,0.000000,0.000000,0.000041,-1515.782837,348.049377,758.090515,1310.600220
5.3804,True,0.000000,0.000000,0.000000,0.000000,0.000000,0.000000,-1.849916,1.189219,-1.981930,-1.885053,-1.849655,1.189219,-1.981930,-1.885053,0.000000,0.000000,0.000000,0.000000,0.000000,0.000000,0.000000,0.000028,-1515.782837,348.049377,758.090515,1310.599976
5.4004,True,0.000000,0.000000,0.000000,0.000000,0.000000,0.000000,-1.850178,1.189219,-1.981930,-1.885218,-1.850178,1.189219,-1.981930,-1.885218,0.000000,0.000000,0.000000,0.000000,0.000000,0.000000,0.000000,0.000032,-1515.782837,348.049377,758.090515,1310.599854
5.4204,True,0.000000,0.000000,0.000000,0.000000,0.000000,0.000000,-1.850178,1.189219,-1.981986,-1.885218,-1.850178,1.189219,-1.981986,-1.885218,0.000000,0.000000,0.000000,0.000000,0.000000,0.000000,0.000000,-0.000097,-1515.782837,348.049377,758.090515,1310.599854
5.4404,True,0.000000,0.000000,0.000000,0.000000,0.000000,0.000000,-1.849916,1.189868,-1.981930,-1.885218,-1.849916,1.189219,-1.981986,-1.884565,0.000000,0.000000,0.000000,0.000000,0.000000,0.000000,0.000000,-0.000105,-1515.782837,348.049377,758.090515,1310.599976
5.4604,True,0.000000,0.000000,0.000000,0.000000,0.000000,0.000000,-1.849916,1.189219,-1.981930,-1.884810,-1.849916,1.189219,-1.981986,-1.884810,0.000000,0.000000,0.000000,0.000000,0.000000,0.000000,0.000000,-0.000071,-1515.782837,348.049377,758.090515,1310.599976
5.4804,True,0.000000,0.000000,0.000000,0.000000,0.000000,0.000000,-1.849655,1.189413,-1.981986,-1.885053,-1.849655,1.189413,-1.981986,-1.885053,0.000000,0.000000,0.000000,0.000000,0.000000,0.000000,0.000000,-0.000071,-1515.782837,348.049377,758.090515,1310.599976
5.5009,True,0.000000,0.000000,0.000000,0.000000,0.000000,0.000000,-1.849916,1.189413,-1.981986,-1.885053,-1.849916,1.189413,-1.981986,-1.885053,0.000000,0.000000,0.000000,0.000000,0.000000,0.000000,0.000000,0.000038,-1515.782837,348.049377,758.090515,1310.600220
5.5205,True,0.000000,0.000000,0.000000,0.000000,0.000000,0.000000,-1.849916,1.189413,-1.981343,-1.885218,-1.849916,1.189413,-1.981930,-1.885218,0.000000,0.000000,0.000000,0.000000,0.000000,0.000000,0.000000,0.000131,-1515.782837,348.049377,758.090515,1310.600220
5.5404,True,0.000000,0.000000,0.000000,0.000000,0.000000,0.000000,-1.849916,1.189413,-1.981874,-1.884810,-1.849916,1.189413,-1.981874,-1.885053,0.000000,0.000000,0.000000,0.000000,0.000000,0.000000,0.000000,0.000062,-1515.782837,348.049377,758.090515,1310.599976
5.5606,True,0.000000,0.000000,0.000000,0.000000,0.000000,0.000000,-1.849655,1.189413,-1.981874,-1.885053,-1.849916,1.189413,-1.981930,-1.884810,0.000000,0.000000,0.000000,0.000000,0.000000,0.000000,0.000000,0.000000,-1515.782837,348.049377,758.090515,1310.599976
5.5804,True,0.000000,0.000000,0.000000,0.000000,0.000000,0.000000,-1.849655,1.189413,-1.981986,-1.884810,-1.850178,1.189413,-1.982041,-1.884810,0.000000,0.000000,0.000000,0.000000,0.000000,0.000000,0.000000,0.000000,-1515.782837,348.049377,758.090515,1310.599976
5.6004,True,0.000000,0.000000,0.000000,0.000000,0.000000,0.000000,-1.849916,1.189413,-1.981874,-1.885462,-1.849916,1.189413,-1.981874,-1.885462,0.000000,0.000000,0.000000,0.000000,0.000000,0.000000,0.000000,-0.000002,-1515.782837,348.049377,758.090515,1310.600220
5.6206,True,0.000000,0.000000,0.000000,0.000000,0.000000,0.000000,-1.849916,1.189413,-1.981930,-1.884810,-1.849655,1.189413,-1.981343,-1.884810,0.000000,0.000000,0.000000,0.000000,0.000000,0.000000,0.000000,0.000000,-1515.782837,348.049377,758.090515,1310.600220
5.6404,True,0.000000,0.000000,0.000000,0.000000,0.000000,0.000000,-1.849916,1.189413,-1.981343,-1.885053,-1.849916,1.189413,-1.981343,-1.885053,0.000000,0.000000,0.000000,0.000000,0.000000,0.000000,0.000000,0.000038,-1515.782837,348.049377,758.090515,1310.600220
5.6604,True,0.000000,0.000000,0.000000,0.000000,0.000000,0.000000,-1.849916,1.189413,-1.981986,-1.885053,-1.849916,1.189413,-1.981986,-1.885053,0.000000,0.000000,0.000000,0.000000,0.000000,0.000000,0.000000,0.000031,-1515.782837,348.049377,758.090515,1310.599976
5.6807,True,0.000000,0.000000,0.000000,0.000000,0.000000,0.000000,-1.849916,1.189413,-1.981986,-1.885053,-1.849916,1.189413,-1.981930,-1.885053,0.000000,0.000000,0.000000,0.000000,0.000000,0.000000,0.000000,-0.000034,-1515.782837,348.049377,758.090515,1310.599854
5.7004,True,0.000000,0.000000,0.000000,0.000000,0.000000,0.000000,-1.849655,1.189413,-1.981930,-1.884645,-1.849916,1.189413,-1.981930,-1.884645,0.000000,0.000000,0.000000,0.000000,0.000000,0.000000,0.000000,-0.000106,-1515.782837,348.049377,758.090515,1310.599854
5.7204,True,0.000000,0.000000,0.000000,0.000000,0.000000,0.000000,-1.849655,1.189413,-1.981986,-1.884645,-1.849655,1.189413,-1.981930,-1.884645,0.000000,0.000000,0.000000,0.000000,0.000000,0.000000,0.000000,-0.000100,-1515.782837,348.049377,758.090515,1310.599976
5.7405,True,0.000000,0.000000,0.000000,0.000000,0.000000,0.000000,-1.849916,1.189607,-1.981930,-1.885053,-1.849916,1.189607,-1.981930,-1.885053,0.000000,0.000000,0.000000,0.000000,0.000000,0.000000,0.000000,-0.000100,-1515.782837,348.049377,758.090515,1310.599976
5.7604,True,0.000000,0.000000,0.000000,0.000000,0.000000,0.000000,-1.849537,1.189607,-1.981986,-1.885053,-1.849537,1.189413,-1.981986,-1.885053,0.000000,0.000000,0.000000,0.000000,0.000000,0.000000,0.000000,-0.000100,-1515.782837,348.049377,758.090515,1310.599976
5.7805,True,0.000000,0.000000,0.000000,0.000000,0.000000,0.000000,-1.850178,1.189607,-1.981874,-1.885053,-1.849537,1.189413,-1.981874,-1.884401,0.000000,0.000000,0.000000,0.000000,0.000000,0.000000,0.000000,-0.000100,-1515.782837,348.049377,758.090515,1310.599976
5.8005,True,0.000000,0.000000,0.000000,0.000000,0.000000,0.000000,-1.849537,1.189219,-1.981930,-1.885053,-1.849537,1.189219,-1.981930,-1.885053,0.000000,0.000000,0.000000,0.000000,0.000000,0.000000,0.000000,-0.000100,-1515.782837,348.049377,758.090515,1310.599976
5.8204,True,0.000000,0.000000,0.000000,0.000000,0.000000,0.000000,-1.849916,1.189413,-1.981874,-1.885053,-1.849916,1.189413,-1.981874,-1.885053,0.000000,0.000000,0.000000,0.000000,0.000000,0.000000,0.000000,-0.000100,-1515.782837,348.049377,758.090515,1310.599976
5.8404,True,0.000000,0.000000,0.000000,0.000000,0.000000,0.000000,-1.849537,1.189413,-1.981930,-1.885053,-1.849537,1.189219,-1.981930,-1.885053,0.000000,0.000000,0.000000,0.000000,0.000000,0.000000,0.000000,-0.000100,-1515.782837,348.049377,758.090515,1310.599976
5.8604,True,0.000000,0.000000,0.000000,0.000000,0.000000,0.000000,-1.849275,1.189413,-1.981874,-1.885053,-1.849275,1.189413,-1.981874,-1.885053,0.000000,0.000000,0.000000,0.000000,0.000000,0.000000,0.000000,-0.000100,-1515.782837,348.049377,758.090515,1310.599976
5.8804,True,0.000000,0.000000,0.000000,0.000000,0.000000,0.000000,-1.849916,1.189219,-1.981930,-1.885053,-1.849916,1.189413,-1.981930,-1.885053,0.000000,0.000000,0.000000,0.000000,0.000000,0.000000,0.000000,-0.000100,-1515.782837,348.049377,758.090515,1310.599976
5.9004,True,0.000000,0.000000,0.000000,0.000000,0.000000,0.000000,-1.849916,1.189219,-1.981930,-1.885053,-1.849916,1.189413,-1.981930,-1.884810,0.000000,0.000000,0.000000,0.000000,0.000000,0.000000,0.000000,-0.000100,-1515.782837,348.049377,758.090515,1310.599976
5.9204,True,0.000000,0.000000,0.000000,0.000000,0.000000,0.000000,-1.849655,1.189219,-1.981874,-1.885053,-1.849916,1.189219,-1.981874,-1.885053,0.000000,0.000000,0.000000,0.000000,0.000000,0.000000,0.000000,-0.000100,-1515.782837,348.049377,758.090515,1310.599976
5.9404,True,0.000000,0.000000,0.000000,0.000000,0.000000,0.000000,-1.849916,1.189607,-1.981874,-1.885053,-1.849916,1.189413,-1.981874,-1.885053,0.000000,0.000000,0.000000,0.000000,0.000000,0.000000,0.000000,-0.000100,-1515.782837,348.049377,758.090515,1310.599976
5.9605,True,0.000000,0.000000,0.000000,0.000000,0.000000,0.000000,-1.849916,1.189413,-1.981874,-1.885053,-1.849916,1.189219,-1.981874,-1.885053,0.000000,0.000000,0.000000,0.000000,0.000000,0.000000,0.000000,-0.000100,-1515.782837,348.049377,758.090515,1310.599976
5.9805,True,0.000000,0.000000,0.000000,0.000000,0.000000,0.000000,-1.849916,1.189413,-1.981930,-1.884810,-1.849916,1.189413,-1.981930,-1.884810,0.000000,0.000000,0.000000,0.000000,0.000000,0.000000,0.000000,-0.000100,-1515.782837,348.049377,758.090515,1310.599976
6.0005,True,0.000000,0.000000,0.000000,0.000000,0.000000,0.000000,-1.849916,1.189413,-1.981930,-1.884401,-1.849916,1.189413,-1.981874,-1.885053,0.000000,0.000000,0.000000,0.000000,0.000000,0.000000,0.000000,-0.000100,-1515.782837,348.049377,758.090515,1310.599976
6.0206,True,0.000000,0.000000,0.000000,0.000000,0.000000,0.000000,-1.849916,1.189413,-1.981874,-1.885053,-1.849916,1.189413,-1.981874,-1.885053,0.000000,0.000000,0.000000,0.000000,0.000000,0.000000,0.000000,-0.000066,-1515.782837,348.049377,758.090515,1310.599976
6.0404,True,0.000000,0.000000,0.000000,0.000000,0.000000,0.000000,-1.849916,1.189413,-1.981874,-1.885053,-1.849916,1.189413,-1.981874,-1.885053,0.000000,0.000000,0.000000,0.000000,0.000000,0.000000,0.000000,0.000105,-1515.782837,348.049377,758.090515,1310.599976
6.0604,True,0.000000,0.000000,0.000000,0.000000,0.000000,0.000000,-1.849916,1.189413,-1.981874,-1.885053,-1.849916,1.189413,-1.981874,-1.885297,0.000000,0.000000,0.000000,0.000000,0.000000,0.000000,0.000000,-0.000017,-1515.782837,348.049377,758.090515,1310.599976
6.0807,True,0.000000,0.000000,0.000000,0.000000,0.000000,0.000000,-1.849916,1.189413,-1.981874,-1.884810,-1.849916,1.189413,-1.981343,-1.884810,0.000000,0.000000,0.000000,0.000000,0.000000,0.000000,0.000000,0.000000,-1515.782837,348.049377,758.090515,1310.599976
6.1004,True,0.000000,0.000000,0.000000,0.000000,0.000000,0.000000,-1.849916,1.189413,-1.981986,-1.885053,-1.849916,1.189413,-1.981930,-1.885053,0.000000,0.000000,0.000000,0.000000,0.000000,0.000000,0.000000,0.000000,-1515.782837,348.049377,758.090515,1310.599976
6.1204,True,0.000000,0.000000,0.000000,0.000000,0.000000,0.000000,-1.849916,1.189413,-1.981930,-1.885053,-1.849916,1.189413,-1.981874,-1.885053,0.000000,0.000000,0.000000,0.000000,0.000000,0.000000,0.000000,0.000000,-1515.782837,348.049377,758.090515,1310.599976
6.1405,True,0.000000,0.000000,0.000000,0.000000,0.000000,0.000000,-1.849916,1.189607,-1.981930,-1.885297,-1.849916,1.189413,-1.981930,-1.885053,0.000000,0.000000,0.000000,0.000000,0.000000,0.000000,0.000000,0.000000,-1515.782837,348.049377,758.090515,1310.599976
6.1604,True,0.000000,0.000000,0.000000,0.000000,0.000000,0.000000,-1.849916,1.189413,-1.981930,-1.884645,-1.849916,1.189413,-1.981930,-1.884645,0.000000,0.000000,0.000000,0.000000,0.000000,0.000000,0.000000,0.000000,-1515.782837,348.049377,758.090515,1310.599976
6.1804,True,0.000000,0.000000,0.000000,0.000000,0.000000,0.000000,-1.849916,1.189413,-1.981930,-1.884645,-1.849916,1.189219,-1.981930,-1.885053,0.000000,0.000000,0.000000,0.000000,0.000000,0.000000,0.000000,0.000000,-1515.782837,348.049377,758.090515,1310.599976
6.2005,True,0.000000,0.000000,0.000000,0.000000,0.000000,0.000000,-1.849916,1.189413,-1.981930,-1.885053,-1.849916,1.189219,-1.981874,-1.885053,0.000000,0.000000,0.000000,0.000000,0.000000,0.000000,0.000000,0.000000,-1515.782837,348.049377,758.090515,1310.599976
6.2204,True,0.000000,0.000000,0.000000,0.000000,0.000000,0.000000,-1.849916,1.189413,-1.981874,-1.885053,-1.849916,1.189607,-1.981874,-1.885053,0.000000,0.000000,0.000000,0.000000,0.000000,0.000000,0.000000,0.000000,-1515.782837,348.049377,758.090515,1310.599976
6.2404,True,0.000000,0.000000,0.000000,0.000000,0.000000,0.000000,-1.849916,1.189607,-1.981874,-1.884645,-1.849916,1.189607,-1.981874,-1.884645,0.000000,0.000000,0.000000,0.000000,0.000000,0.000000,0.000000,0.000000,-1515.782837,348.049377,758.090515,1310.599976
6.2604,True,0.000000,0.000000,0.000000,0.000000,0.000000,0.000000,-1.849916,1.189219,-1.981930,-1.885053,-1.849916,1.189219,-1.981930,-1.885053,0.000000,0.000000,0.000000,0.000000,0.000000,0.000000,0.000000,0.000000,-1515.782837,348.049377,758.090515,1310.599976
6.2804,True,0.000000,0.000000,0.000000,0.000000,0.000000,0.000000,-1.849916,1.189413,-1.981930,-1.885053,-1.849916,1.189413,-1.981874,-1.884810,0.000000,0.000000,0.000000,0.000000,0.000000,0.000000,0.000000,0.000000,-1515.782837,348.049377,758.090515,1310.599976
6.3004,True,0.000000,0.000000,0.000000,0.000000,0.000000,0.000000,-1.849916,1.189607,-1.981874,-1.884810,-1.849916,1.189413,-1.981874,-1.885053,0.000000,0.000000,0.000000,0.000000,0.000000,0.000000,0.000000,0.000000,-1515.782837,348.049377,758.090515,1310.599976
6.3204,True,0.000000,0.000000,0.000000,0.000000,0.000000,0.000000,-1.849916,1.189413,-1.981874,-1.885462,-1.849916,1.189413,-1.981818,-1.885462,0.000000,0.000000,0.000000,0.000000,0.000000,0.000000,0.000000,0.000000,-1515.782837,348.049377,758.090515,1310.599976
6.3404,True,0.000000,0.000000,0.000000,0.000000,0.000000,0.000000,-1.849916,1.189413,-1.981818,-1.884810,-1.849916,1.189219,-1.981818,-1.884810,0.000000,0.000000,0.000000,0.000000,0.000000,0.000000,0.000000,0.000000,-1515.782837,348.049377,758.090515,1310.599976
6.3604,True,0.000000,0.000000,0.000000,0.000000,0.000000,0.000000,-1.849916,1.189219,-1.981818,-1.884645,-1.849916,1.189413,-1.981874,-1.884645,0.000000,0.000000,0.000000,0.000000,0.000000,0.000000,0.000000,0.000000,-1515.782837,348.049377,758.090515,1310.599976
6.3804,True,0.000000,0.000000,0.000000,0.000000,0.000000,0.000000,-1.849655,1.189413,-1.981874,-1.884645,-1.849916,1.189413,-1.981874,-1.884645,0.000000,0.000000,0.000000,0.000000,0.000000,0.000000,0.000000,0.000000,-1515.782837,348.049377,758.090515,1310.599976
6.4004,True,0.000000,0.000000,0.000000,0.000000,0.000000,0.000000,-1.849655,1.189413,-1.981874,-1.884645,-1.849916,1.189413,-1.981874,-1.884645,0.000000,0.000000,0.000000,0.000000,0.000000,0.000000,0.000000,0.000000,-1515.782837,348.049377,758.090515,1310.599976
6.4205,True,0.000000,0.000000,0.000000,0.000000,0.000000,0.000000,-1.849916,1.189413,-1.981874,-1.884645,-1.849916,1.189413,-1.981874,-1.884645,0.000000,0.000000,0.000000,0.000000,0.000000,0.000000,0.000000,0.000000,-1515.782837,348.049377,758.090515,1310.599976
6.4404,True,0.000000,0.000000,0.000000,0.000000,0.000000,0.000000,-1.849655,1.189413,-1.981874,-1.884645,-1.849655,1.189413,-1.981874,-1.884645,0.000000,0.000000,0.000000,0.000000,0.000000,0.000000,0.000000,0.000000,-1515.782837,348.049377,758.090515,1310.599976
6.4605,True,0.000000,0.000000,0.000000,0.000000,0.000000,0.000000,-1.849655,1.189413,-1.981874,-1.884645,-1.849655,1.189413,-1.981874,-1.884645,0.000000,0.000000,0.000000,0.000000,0.000000,0.000000,0.000000,0.000000,-1515.782837,348.049377,758.090515,1310.599976
6.4808,True,0.000000,0.000000,0.000000,0.000000,0.000000,0.000000,-1.849655,1.189413,-1.981874,-1.884645,-1.849655,1.189413,-1.981874,-1.884645,0.000000,0.000000,0.000000,0.000000,0.000000,0.000000,0.000000,0.000000,-1515.782837,348.049377,758.090515,1310.599976
6.5006,True,0.000000,0.000000,0.000000,0.000000,0.000000,0.000000,-1.849916,1.189413,-1.981930,-1.884645,-1.849916,1.189413,-1.981930,-1.884645,0.000000,0.000000,0.000000,0.000000,0.000000,0.000000,0.000000,0.000000,-1515.782837,348.049377,758.090515,1310.599976
6.5204,True,0.000000,0.000000,0.000000,0.000000,0.000000,0.000000,-1.849916,1.189607,-1.981930,-1.884645,-1.849916,1.189607,-1.981874,-1.884645,0.000000,0.000000,0.000000,0.000000,0.000000,0.000000,0.000000,0.000000,-1515.782837,348.049377,758.090515,1310.599976
6.5406,True,0.000000,0.000000,0.000000,0.000000,0.000000,0.000000,-1.849916,1.189413,-1.981874,-1.884645,-1.849916,1.189607,-1.981874,-1.884645,0.000000,0.000000,0.000000,0.000000,0.000000,0.000000,0.000000,0.000000,-1515.782837,348.049377,758.090515,1310.599976
6.5607,True,0.000000,0.000000,0.000000,0.000000,0.000000,0.000000,-1.849655,1.189413,-1.981874,-1.884645,-1.849655,1.189607,-1.981874,-1.884645,0.000000,0.000000,0.000000,0.000000,0.000000,0.000000,0.000000,0.000000,-1515.782837,348.049377,758.090515,1310.599976
6.5804,True,0.000000,0.000000,0.000000,0.000000,0.000000,0.000000,-1.849655,1.189413,-1.981874,-1.884645,-1.849916,1.189413,-1.981818,-1.884645,0.000000,0.000000,0.000000,0.000000,0.000000,0.000000,0.000000,0.000000,-1515.782837,348.049377,758.090515,1310.599976
6.6004,True,0.000000,0.000000,0.000000,0.000000,0.000000,0.000000,-1.849655,1.189607,-1.981930,-1.884645,-1.849655,1.189607,-1.981930,-1.884645,0.000000,0.000000,0.000000,0.000000,0.000000,0.000000,0.000000,0.000000,-1515.782837,348.049377,758.090515,1310.599976
6.6205,True,0.000000,0.000000,0.000000,0.000000,0.000000,0.000000,-1.850035,1.189607,-1.981930,-1.884645,-1.850035,1.189607,-1.981930,-1.884645,0.000000,0.000000,0.000000,0.000000,0.000000,0.000000,0.000000,0.000000,-1515.782837,348.049377,758.090515,1310.599976
6.6404,True,0.000000,0.000000,0.000000,0.000000,0.000000,0.000000,-1.849655,1.189413,-1.981930,-1.884645,-1.849655,1.189413,-1.981930,-1.884645,0.000000,0.000000,0.000000,0.000000,0.000000,0.000000,0.000000,0.000000,-1515.782837,348.049377,758.090515,1310.599976
6.6604,True,0.000000,0.000000,0.000000,0.000000,0.000000,0.000000,-1.849655,1.189607,-1.981930,-1.884645,-1.850035,1.189219,-1.981930,-1.884645,0.000000,0.000000,0.000000,0.000000,0.000000,0.000000,0.000000,0.000000,-1515.782837,348.049377,758.090515,1310.599976
6.6803,True,0.000000,0.000000,0.000000,0.000000,0.000000,0.000000,-1.849655,1.189607,-1.981930,-1.884645,-1.849655,1.189607,-1.981930,-1.884645,0.000000,0.000000,0.000000,0.000000,0.000000,0.000000,0.000000,0.000032,-1515.782837,348.049377,758.090515,1310.600220
6.7005,True,0.000000,0.000000,0.000000,0.000000,0.000000,0.000000,-1.849655,1.189800,-1.981874,-1.884645,-1.849655,1.189800,-1.981874,-1.884645,0.000000,0.000000,0.000000,0.000000,0.000000,0.000000,0.000000,0.000037,-1515.782837,348.049377,758.090515,1310.599976
6.7204,True,0.000000,0.000000,0.000000,0.000000,0.000000,0.000000,-1.849655,1.189413,-1.981874,-1.884645,-1.849916,1.189607,-1.981874,-1.884645,0.000000,0.000000,0.000000,0.000000,0.000000,0.000000,0.000000,0.000000,-1515.782837,348.049377,758.090515,1310.599976
6.7404,True,0.000000,0.000000,0.000000,0.000000,0.000000,0.000000,-1.849916,1.189413,-1.981986,-1.884645,-1.849916,1.189413,-1.981986,-1.884645,0.000000,0.000000,0.000000,0.000000,0.000000,0.000000,0.000000,0.000000,-1515.782837,348.049377,758.090515,1310.599976
6.7604,True,0.000000,0.000000,0.000000,0.000000,0.000000,0.000000,-1.850297,1.189413,-1.981930,-1.884645,-1.850297,1.189413,-1.981930,-1.884645,0.000000,0.000000,0.000000,0.000000,0.000000,0.000000,0.000000,0.000000,-1515.782837,348.049377,758.090515,1310.599976
6.7804,True,0.000000,0.000000,0.000000,0.000000,0.000000,0.000000,-1.849655,1.189607,-1.981930,-1.884645,-1.849655,1.189607,-1.981930,-1.884645,0.000000,0.000000,0.000000,0.000000,0.000000,0.000000,0.000000,-0.000029,-1515.782837,348.049377,758.090515,1310.599976
6.8004,True,0.000000,0.000000,0.000000,0.000000,0.000000,0.000000,-1.849655,1.189413,-1.981818,-1.884645,-1.849655,1.189413,-1.981874,-1.884645,0.000000,0.000000,0.000000,0.000000,0.000000,0.000000,0.000000,-0.000037,-1515.782837,348.049377,758.090515,1310.599976
6.8204,True,0.000000,0.000000,0.000000,0.000000,0.000000,0.000000,-1.849916,1.189413,-1.981874,-1.884645,-1.849655,1.189413,-1.981874,-1.884810,0.000000,0.000000,0.000000,0.000000,0.000000,0.000000,0.000000,0.000025,-1515.782837,348.049377,758.090515,1310.600220
6.8406,True,0.000000,0.000000,0.000000,0.000000,0.000000,0.000000,-1.849655,1.189413,-1.981874,-1.885462,-1.850297,1.189413,-1.981874,-1.885053,0.000000,0.000000,0.000000,0.000000,0.000000,0.000000,0.000000,0.000061,-1515.782837,348.049377,758.090515,1310.599976
6.8604,True,0.000000,0.000000,0.000000,0.000000,0.000000,0.000000,-1.849655,1.189413,-1.981874,-1.885053,-1.849655,1.189413,-1.981874,-1.884645,0.000000,0.000000,0.000000,0.000000,0.000000,0.000000,0.000000,0.000017,-1515.782837,348.049377,758.090515,1310.599976
6.8804,True,0.000000,0.000000,0.000000,0.000000,0.000000,0.000000,-1.849655,1.189413,-1.981874,-1.885053,-1.849655,1.189413,-1.981874,-1.885462,0.000000,0.000000,0.000000,0.000000,0.000000,0.000000,0.000000,0.000000,-1515.782837,348.049377,758.090515,1310.599976
6.9005,True,0.000000,0.000000,0.000000,0.000000,0.000000,0.000000,-1.849655,1.189413,-1.981874,-1.884810,-1.849916,1.189413,-1.981874,-1.884810,0.000000,0.000000,0.000000,0.000000,0.000000,0.000000,0.000000,0.000000,-1515.782837,348.049377,758.090515,1310.599976
6.9204,True,0.000000,0.000000,0.000000,0.000000,0.000000,0.000000,-1.849394,1.189413,-1.981930,-1.885053,-1.849655,1.189413,-1.981930,-1.885053,0.000000,0.000000,0.000000,0.000000,0.000000,0.000000,0.000000,-0.000025,-1515.782837,348.049377,758.090515,1310.599976
6.9404,True,0.000000,0.000000,0.000000,0.000000,0.000000,0.000000,-1.849655,1.189607,-1.981930,-1.885218,-1.849655,1.189413,-1.981930,-1.884810,0.000000,0.000000,0.000000,0.000000,0.000000,0.000000,0.000000,-0.000061,-1515.782837,348.049377,758.090515,1310.599976
6.9604,True,0.000000,0.000000,0.000000,0.000000,0.000000,0.000000,-1.849655,1.189800,-1.981874,-1.885462,-1.849655,1.189607,-1.981930,-1.885462,0.000000,0.000000,0.000000,0.000000,0.000000,0.000000,0.000000,0.000000,-1515.782837,348.049377,758.090515,1310.600220
6.9804,True,0.000000,0.000000,0.000000,0.000000,0.000000,0.000000,-1.849655,1.189607,-1.981930,-1.885462,-1.849655,1.189607,-1.981930,-1.884810,0.000000,0.000000,0.000000,0.000000,0.000000,0.000000,0.000000,0.000039,-1515.782837,348.049377,758.090515,1310.599976
7.0004,True,0.000000,0.000000,0.000000,0.000000,0.000000,0.000000,-1.849916,1.189413,-1.981986,-1.885462,-1.849916,1.189413,-1.981986,-1.885462,0.000000,0.000000,0.000000,0.000000,0.000000,0.000000,0.000000,0.000023,-1515.782837,348.049377,758.090515,1310.599976
7.0204,True,0.000000,0.000000,0.000000,0.000000,0.000000,0.000000,-1.849916,1.189413,-1.981986,-1.885462,-1.849916,1.189413,-1.981986,-1.885462,0.000000,0.000000,0.000000,0.000000,0.000000,0.000000,0.000000,0.000023,-1515.782837,348.049377,758.090515,1310.599976
7.0404,True,0.000000,0.000000,0.000000,0.000000,0.000000,0.000000,-1.849916,1.189413,-1.981986,-1.885462,-1.849655,1.189413,-1.981986,-1.885462,0.000000,0.000000,0.000000,0.000000,0.000000,0.000000,0.000000,0.000000,-1515.782837,348.049377,758.090515,1310.599976
7.0604,True,0.000000,0.000000,0.000000,0.000000,0.000000,0.000000,-1.849655,1.189413,-1.981986,-1.885053,-1.849655,1.189413,-1.981986,-1.884810,0.000000,0.000000,0.000000,0.000000,0.000000,0.000000,0.000000,-0.000020,-1515.782837,348.049377,758.090515,1310.599976
7.0804,True,0.000000,0.000000,0.000000,0.000000,0.000000,0.000000,-1.849394,1.189413,-1.982041,-1.885218,-1.849394,1.189413,-1.982041,-1.885218,0.000000,0.000000,0.000000,0.000000,0.000000,0.000000,0.000000,-0.000039,-1515.782837,348.049377,758.090515,1310.599976
7.1004,True,0.000000,0.000000,0.000000,0.000000,0.000000,0.000000,-1.849655,1.189607,-1.982041,-1.885218,-1.849655,1.189607,-1.982041,-1.885218,0.000000,0.000000,0.000000,0.000000,0.000000,0.000000,0.000000,0.000000,-1515.782837,348.049377,758.090515,1310.599976
7.1205,True,0.000000,0.000000,0.000000,0.000000,0.000000,0.000000,-1.849655,1.189607,-1.982041,-1.885218,-1.849655,1.189607,-1.982041,-1.885218,0.000000,0.000000,0.000000,0.000000,0.000000,0.000000,0.000000,0.000000,-1515.782837,348.049377,758.090515,1310.599976
7.1404,True,0.000000,0.000000,0.000000,0.000000,0.000000,0.000000,-1.849655,1.189607,-1.982041,-1.885218,-1.849655,1.189607,-1.982041,-1.885218,0.000000,0.000000,0.000000,0.000000,0.000000,0.000000,0.000000,0.000000,-1515.782837,348.049377,758.090515,1310.599976
7.1604,True,0.000000,0.000000,0.000000,0.000000,0.000000,0.000000,-1.849655,1.189607,-1.982041,-1.885218,-1.849916,1.189607,-1.982041,-1.885462,0.000000,0.000000,0.000000,0.000000,0.000000,0.000000,0.000000,0.000000,-1515.782837,348.049377,758.090515,1310.599976
7.1805,True,0.000000,0.000000,0.000000,0.000000,0.000000,0.000000,-1.850178,1.189607,-1.982041,-1.885053,-1.850178,1.189607,-1.982041,-1.885218,0.000000,0.000000,0.000000,0.000000,0.000000,0.000000,0.000000,0.000000,-1515.782837,348.049377,758.090515,1310.599976
7.2004,True,0.000000,0.000000,0.000000,0.000000,0.000000,0.000000,-1.849537,1.189607,-1.982041,-1.884810,-1.849537,1.189607,-1.982041,-1.884810,0.000000,0.000000,0.000000,0.000000,0.000000,0.000000,0.000000,0.000000,-1515.782837,348.049377,758.090515,1310.599976
7.2204,True,0.000000,0.000000,0.000000,0.000000,0.000000,0.000000,-1.849655,1.189607,-1.982041,-1.885053,-1.849916,1.189607,-1.982041,-1.885053,0.000000,0.000000,0.000000,0.000000,0.000000,0.000000,0.000000,0.000000,-1515.782837,348.049377,758.090515,1310.599976
7.2404,True,0.000000,0.000000,0.000000,0.000000,0.000000,0.000000,-1.849916,1.189607,-1.981930,-1.885053,-1.849916,1.189607,-1.981930,-1.885053,0.000000,0.000000,0.000000,0.000000,0.000000,0.000000,0.000000,0.000041,-1515.782837,348.049377,758.090515,1310.600220
7.2604,True,0.000000,0.000000,0.000000,0.000000,0.000000,0.000000,-1.849916,1.189607,-1.981930,-1.885053,-1.849916,1.189607,-1.981930,-1.885053,0.000000,0.000000,0.000000,0.000000,0.000000,0.000000,0.000000,0.000050,-1515.782837,348.049377,758.090515,1310.599976
7.2804,True,0.000000,0.000000,0.000000,0.000000,0.000000,0.000000,-1.849916,1.189607,-1.981874,-1.884810,-1.849655,1.189607,-1.981986,-1.885053,0.000000,0.000000,0.000000,0.000000,0.000000,0.000000,0.000000,0.000003,-1515.782837,348.049377,758.090515,1310.599976
7.3004,True,0.000000,0.000000,0.000000,0.000000,0.000000,0.000000,-1.849916,1.189607,-1.981986,-1.885053,-1.849916,1.189607,-1.981986,-1.885053,0.000000,0.000000,0.000000,0.000000,0.000000,0.000000,0.000000,0.000000,-1515.782837,348.049377,758.090515,1310.599976
7.3204,True,0.000000,0.000000,0.000000,0.000000,0.000000,0.000000,-1.849916,1.189607,-1.981986,-1.885462,-1.849916,1.189607,-1.981930,-1.885462,0.000000,0.000000,0.000000,0.000000,0.000000,0.000000,0.000000,0.000000,-1515.782837,348.049377,758.090515,1310.599976
7.3404,True,0.000000,0.000000,0.000000,0.000000,0.000000,0.000000,-1.850178,1.189607,-1.981930,-1.884810,-1.849916,1.189607,-1.981930,-1.884810,0.000000,0.000000,0.000000,0.000000,0.000000,0.000000,0.000000,-0.000043,-1515.782837,348.049377,758.090515,1310.599976
7.3604,True,0.000000,0.000000,0.000000,0.000000,0.000000,0.000000,-1.849916,1.189607,-1.981930,-1.885462,-1.849916,1.189607,-1.981930,-1.885462,0.000000,0.000000,0.000000,0.000000,0.000000,0.000000,0.000000,-0.000051,-1515.782837,348.049377,758.090515,1310.599976
7.3804,True,0.000000,0.000000,0.000000,0.000000,0.000000,0.000000,-1.850178,1.189607,-1.981930,-1.885462,-1.849916,1.189607,-1.981930,-1.885462,0.000000,0.000000,0.000000,0.000000,0.000000,0.000000,0.000000,0.000031,-1515.782837,348.049377,758.090515,1310.600220
7.4004,True,0.000000,0.000000,0.000000,0.000000,0.000000,0.000000,-1.849916,1.189607,-1.981930,-1.884401,-1.849916,1.189607,-1.981930,-1.884401,0.000000,0.000000,0.000000,0.000000,0.000000,0.000000,0.000000,0.000071,-1515.782837,348.049377,758.090515,1310.600220
7.4204,True,0.000000,0.000000,0.000000,0.000000,0.000000,0.000000,-1.849916,1.189607,-1.981930,-1.885053,-1.849916,1.189607,-1.981930,-1.885053,0.000000,0.000000,0.000000,0.000000,0.000000,0.000000,0.000000,0.000031,-1515.782837,348.049377,758.090515,1310.599976
7.4404,True,0.000000,0.000000,0.000000,0.000000,0.000000,0.000000,-1.849916,1.189607,-1.981930,-1.885053,-1.849916,1.189607,-1.981986,-1.885053,0.000000,0.000000,0.000000,0.000000,0.000000,0.000000,0.000000,0.000000,-1515.782837,348.049377,758.090515,1310.599976
7.4605,True,0.000000,0.000000,0.000000,0.000000,0.000000,0.000000,-1.849916,1.189607,-1.981986,-1.885053,-1.849916,1.189607,-1.981986,-1.885053,0.000000,0.000000,0.000000,0.000000,0.000000,0.000000,0.000000,0.000000,-1515.782837,348.049377,758.090515,1310.599976
7.4805,True,0.000000,0.000000,0.000000,0.000000,0.000000,0.000000,-1.849916,1.189607,-1.981930,-1.885053,-1.849916,1.189607,-1.981930,-1.884810,0.000000,0.000000,0.000000,0.000000,0.000000,0.000000,0.000000,-0.000015,-1515.782837,348.049377,758.090515,1310.599976
7.5004,True,0.000000,0.000000,0.000000,0.000000,0.000000,0.000000,-1.849916,1.189607,-1.981930,-1.884645,-1.849916,1.189607,-1.981986,-1.884645,0.000000,0.000000,0.000000,0.000000,0.000000,0.000000,0.000000,-0.000071,-1515.782837,348.049377,758.090515,1310.599976
7.5205,True,0.000000,0.000000,0.000000,0.000000,0.000000,0.000000,-1.849916,1.189607,-1.981930,-1.885053,-1.849916,1.189607,-1.981930,-1.885053,0.000000,0.000000,0.000000,0.000000,0.000000,0.000000,0.000000,0.000015,-1515.782837,348.049377,758.090515,1310.600220
7.5404,True,0.000000,0.000000,0.000000,0.000000,0.000000,0.000000,-1.849916,1.189607,-1.981930,-1.885053,-1.849916,1.189607,-1.981930,-1.885053,0.000000,0.000000,0.000000,0.000000,0.000000,0.000000,0.000000,0.000071,-1515.782837,348.049377,758.090515,1310.600220
7.5604,True,0.000000,0.000000,0.000000,0.000000,0.000000,0.000000,-1.849655,1.189607,-1.981930,-1.884645,-1.849916,1.189607,-1.981930,-1.885218,0.000000,0.000000,0.000000,0.000000,0.000000,0.000000,0.000000,0.000028,-1515.782837,348.049377,758.090515,1310.599976
7.5805,True,0.000000,0.000000,0.000000,0.000000,0.000000,0.000000,-1.849916,1.189607,-1.981986,-1.885053,-1.849655,1.189607,-1.981986,-1.885053,0.000000,0.000000,0.000000,0.000000,0.000000,0.000000,0.000000,0.000000,-1515.782837,348.049377,758.090515,1310.599976
7.6004,True,0.000000,0.000000,0.000000,0.000000,0.000000,0.000000,-1.849655,1.189607,-1.981986,-1.885053,-1.849916,1.189607,-1.981986,-1.885053,0.000000,0.000000,0.000000,0.000000,0.000000,0.000000,0.000000,0.000000,-1515.782837,348.049377,758.090515,1310.599976
7.6204,True,0.000000,0.000000,0.000000,0.000000,0.000000,0.000000,-1.849655,1.189607,-1.981930,-1.884810,-1.849916,1.189607,-1.982041,-1.885053,0.000000,0.000000,0.000000,0.000000,0.000000,0.000000,0.000000,-0.000041,-1515.782837,348.049377,758.090515,1310.599976
7.6404,True,0.000000,0.000000,0.000000,0.000000,0.000000,0.000000,-1.849916,1.189607,-1.981986,-1.885462,-1.849655,1.189607,-1.981986,-1.885462,0.000000,0.000000,0.000000,0.000000,0.000000,0.000000,0.000000,-0.000071,-1515.782837,348.049377,758.090515,1310.599976
7.6604,True,0.000000,0.000000,0.000000,0.000000,0.000000,0.000000,-1.849655,1.189607,-1.981930,-1.884810,-1.849655,1.189607,-1.981986,-1.884810,0.000000,0.000000,0.000000,0.000000,0.000000,0.000000,0.000000,-0.000029,-1515.782837,348.049377,758.090515,1310.599976
7.6804,True,0.000000,0.000000,0.000000,0.000000,0.000000,0.000000,-1.849916,1.189607,-1.982041,-1.884810,-1.849916,1.189607,-1.982041,-1.884810,0.000000,0.000000,0.000000,0.000000,0.000000,0.000000,0.000000,0.000000,-1515.782837,348.049377,758.090515,1310.599976
7.7004,True,0.000000,0.000000,0.000000,0.000000,0.000000,0.000000,-1.849655,1.189607,-1.981986,-1.884810,-1.849655,1.189607,-1.981986,-1.884810,0.000000,0.000000,0.000000,0.000000,0.000000,0.000000,0.000000,0.000000,-1515.782837,348.049377,758.090515,1310.599976
7.7204,True,0.000000,0.000000,0.000000,0.000000,0.000000,0.000000,-1.849655,1.189607,-1.982041,-1.885462,-1.849655,1.189607,-1.982041,-1.885462,0.000000,0.000000,0.000000,0.000000,0.000000,0.000000,0.000000,0.000000,-1515.782837,348.049377,758.090515,1310.599976
7.7404,True,0.000000,0.000000,0.000000,0.000000,0.000000,0.000000,-1.849655,1.189607,-1.981930,-1.884810,-1.850035,1.189607,-1.981930,-1.884810,0.000000,0.000000,0.000000,0.000000,0.000000,0.000000,0.000000,0.000000,-1515.782837,348.049377,758.090515,1310.599976
7.7604,True,0.000000,0.000000,0.000000,0.000000,0.000000,0.000000,-1.849655,1.189413,-1.981986,-1.885053,-1.849916,1.189413,-1.981343,-1.884645,0.000000,0.000000,0.000000,0.000000,0.000000,0.000000,0.000000,0.000000,-1515.782837,348.049377,758.090515,1310.599976
7.7804,True,0.000000,0.000000,0.000000,0.000000,0.000000,0.000000,-1.849394,1.189413,-1.981930,-1.884645,-1.849394,1.189413,-1.981986,-1.885053,0.000000,0.000000,0.000000,0.000000,0.000000,0.000000,0.000000,0.000000,-1515.782837,348.049377,758.090515,1310.599976
7.8004,True,0.000000,0.000000,0.000000,0.000000,0.000000,0.000000,-1.849655,1.189413,-1.981930,-1.885053,-1.849655,1.189413,-1.981930,-1.884810,0.000000,0.000000,0.000000,0.000000,0.000000,0.000000,0.000000,0.000000,-1515.782837,348.049377,758.090515,1310.599976
7.8205,True,0.000000,0.000000,0.000000,0.000000,0.000000,0.000000,-1.850035,1.189413,-1.981874,-1.884645,-1.849655,1.189413,-1.981930,-1.884645,0.000000,0.000000,0.000000,0.000000,0.000000,0.000000,0.000000,0.000000,-1515.782837,348.049377,758.090515,1310.599976
7.8404,True,0.000000,0.000000,0.000000,0.000000,0.000000,0.000000,-1.850035,1.189413,-1.981930,-1.885053,-1.850035,1.189413,-1.981930,-1.885053,0.000000,0.000000,0.000000,0.000000,0.000000,0.000000,0.000000,0.000000,-1515.782837,348.049377,758.090515,1310.599976
7.8606,True,0.000000,0.000000,0.000000,0.000000,0.000000,0.000000,-1.850035,1.189607,-1.981874,-1.885053,-1.849655,1.189607,-1.981874,-1.884810,0.000000,0.000000,0.000000,0.000000,0.000000,0.000000,0.000000,0.000000,-1515.782837,348.049377,758.090515,1310.599976
7.8804,True,0.000000,0.000000,0.000000,0.000000,0.000000,0.000000,-1.850035,1.189607,-1.981343,-1.885053,-1.850035,1.189607,-1.981343,-1.885053,0.000000,0.000000,0.000000,0.000000,0.000000,0.000000,0.000000,0.000000,-1515.782837,348.049377,758.090515,1310.599976
7.9004,True,0.000000,0.000000,0.000000,0.000000,0.000000,0.000000,-1.849773,1.189607,-1.981399,-1.885053,-1.850035,1.189607,-1.981986,-1.885053,0.000000,0.000000,0.000000,0.000000,0.000000,0.000000,0.000000,0.000000,-1515.782837,348.049377,758.090515,1310.599976
7.9204,True,0.000000,0.000000,0.000000,0.000000,0.000000,0.000000,-1.849394,1.189607,-1.981930,-1.884645,-1.849394,1.189607,-1.981930,-1.884645,0.000000,0.000000,0.000000,0.000000,0.000000,0.000000,0.000000,0.000000,-1515.782837,348.049377,758.090515,1310.599976
7.9404,True,0.000000,0.000000,0.000000,0.000000,0.000000,0.000000,-1.849655,1.189413,-1.981930,-1.885053,-1.849394,1.189413,-1.981930,-1.885053,0.000000,0.000000,0.000000,0.000000,0.000000,0.000000,0.000000,0.000000,-1515.782837,348.049377,758.090515,1310.599976
7.9604,True,0.000000,0.000000,0.000000,0.000000,0.000000,0.000000,-1.849394,1.189413,-1.981874,-1.885053,-1.850035,1.189413,-1.981930,-1.885053,0.000000,0.000000,0.000000,0.000000,0.000000,0.000000,0.000000,0.000000,-1515.782837,348.049377,758.090515,1310.599976
7.9804,True,0.000000,0.000000,0.000000,0.000000,0.000000,0.000000,-1.849773,1.189413,-1.981930,-1.885053,-1.849773,1.189413,-1.981930,-1.885053,0.000000,0.000000,0.000000,0.000000,0.000000,0.000000,0.000000,0.000000,-1515.782837,348.049377,758.090515,1310.599976
8.0004,True,0.000000,0.000000,0.000000,0.000000,0.000000,0.000000,-1.850035,1.189413,-1.981986,-1.884810,-1.850297,1.189413,-1.981930,-1.884810,0.000000,0.000000,0.000000,0.000000,0.000000,0.000000,0.000000,0.000000,-1515.782837,348.049377,758.090515,1310.599976
8.0204,True,0.000000,0.000000,0.000000,0.000000,0.000000,0.000000,-1.849655,1.189413,-1.982041,-1.884810,-1.849655,1.189413,-1.982041,-1.884401,0.000000,0.000000,0.000000,0.000000,0.000000,0.000000,0.000000,0.000000,-1515.782837,348.049377,758.090515,1310.599976
8.0404,True,0.000000,0.000000,0.000000,0.000000,0.000000,0.000000,-1.850035,1.189607,-1.981818,-1.885053,-1.850035,1.189607,-1.981818,-1.885053,0.000000,0.000000,0.000000,0.000000,0.000000,0.000000,0.000000,0.000000,-1515.782837,348.049377,758.090515,1310.599976
8.0604,True,0.000000,0.000000,0.000000,0.000000,0.000000,0.000000,-1.849916,1.189607,-1.981818,-1.884645,-1.849655,1.189607,-1.981930,-1.885053,0.000000,0.000000,0.000000,0.000000,0.000000,0.000000,0.000000,0.000000,-1515.782837,348.049377,758.090515,1310.599976
8.0804,True,0.000000,0.000000,0.000000,0.000000,0.000000,0.000000,-1.849394,1.189607,-1.981930,-1.885053,-1.849394,1.189607,-1.981986,-1.885297,0.000000,0.000000,0.000000,0.000000,0.000000,0.000000,0.000000,0.000000,-1515.782837,348.049377,758.090515,1310.599976
8.1004,True,0.000000,0.000000,0.000000,0.000000,0.000000,0.000000,-1.849655,1.189607,-1.981930,-1.884810,-1.850297,1.189607,-1.981930,-1.884810,0.000000,0.000000,0.000000,0.000000,0.000000,0.000000,0.000000,0.000000,-1515.782837,348.049377,758.090515,1310.599976
8.1204,True,0.000000,0.000000,0.000000,0.000000,0.000000,0.000000,-1.850035,1.189413,-1.981930,-1.885053,-1.850035,1.189413,-1.981930,-1.885053,0.000000,0.000000,0.000000,0.000000,0.000000,0.000000,0.000000,0.000000,-1515.782837,348.049377,758.090515,1310.599976
8.1404,True,0.000000,0.000000,0.000000,0.000000,0.000000,0.000000,-1.850297,1.189413,-1.981930,-1.885053,-1.849916,1.189413,-1.981930,-1.885053,0.000000,0.000000,0.000000,0.000000,0.000000,0.000000,0.000000,0.000000,-1515.782837,348.049377,758.090515,1310.599976
8.1604,True,0.000000,0.000000,0.000000,0.000000,0.000000,0.000000,-1.849655,1.189413,-1.981874,-1.885297,-1.849916,1.189413,-1.981874,-1.885297,0.000000,0.000000,0.000000,0.000000,0.000000,0.000000,0.000000,0.000000,-1515.782837,348.049377,758.090515,1310.599976
8.1804,True,0.000000,0.000000,0.000000,0.000000,0.000000,0.000000,-1.849655,1.189413,-1.981930,-1.885053,-1.849655,1.189413,-1.981930,-1.885053,0.000000,0.000000,0.000000,0.000000,0.000000,0.000000,0.000000,0.000000,-1515.782837,348.049377,758.090515,1310.599976
8.2006,True,0.000000,0.000000,0.000000,0.000000,0.000000,0.000000,-1.849916,1.189413,-1.981986,-1.885706,-1.849916,1.189413,-1.981986,-1.885706,0.000000,0.000000,0.000000,0.000000,0.000000,0.000000,0.000000,0.000000,-1515.782837,348.049377,758.090515,1310.599976
8.2204,True,0.000000,0.000000,0.000000,0.000000,0.000000,0.000000,-1.850035,1.189413,-1.981930,-1.885297,-1.850035,1.189413,-1.981930,-1.885297,0.000000,0.000000,0.000000,0.000000,0.000000,0.000000,0.000000,0.000000,-1515.782837,348.049377,758.090515,1310.599976
8.2404,True,0.000000,0.000000,0.000000,0.000000,0.000000,0.000000,-1.850035,1.189413,-1.981930,-1.885297,-1.849655,1.189413,-1.981930,-1.884645,0.000000,0.000000,0.000000,0.000000,0.000000,0.000000,0.000000,0.000000,-1515.782837,348.049377,758.090515,1310.599976
8.2604,True,0.000000,0.000000,0.000000,0.000000,0.000000,0.000000,-1.849773,1.189607,-1.981986,-1.885053,-1.849773,1.189607,-1.981986,-1.885053,0.000000,0.000000,0.000000,0.000000,0.000000,0.000000,0.000000,0.000000,-1515.782837,348.049377,758.090515,1310.599976
8.2804,True,0.000000,0.000000,0.000000,0.000000,0.000000,0.000000,-1.849394,1.189607,-1.981986,-1.885053,-1.850178,1.189607,-1.981930,-1.885053,0.000000,0.000000,0.000000,0.000000,0.000000,0.000000,0.000000,0.000000,-1515.782837,348.049377,758.090515,1310.599976
8.3004,True,0.000000,0.000000,0.000000,0.000000,0.000000,0.000000,-1.849916,1.189607,-1.981399,-1.885462,-1.849655,1.189607,-1.981399,-1.885053,0.000000,0.000000,0.000000,0.000000,0.000000,0.000000,0.000000,0.000000,-1515.782837,348.049377,758.090515,1310.599976
8.3204,True,0.000000,0.000000,0.000000,0.000000,0.000000,0.000000,-1.849916,1.189607,-1.981986,-1.885053,-1.849655,1.189607,-1.981930,-1.885053,0.000000,0.000000,0.000000,0.000000,0.000000,0.000000,0.000000,0.000000,-1515.782837,348.049377,758.090515,1310.599976
8.3404,True,0.000000,0.000000,0.000000,0.000000,0.000000,0.000000,-1.849916,1.189413,-1.981930,-1.885053,-1.849916,1.189413,-1.981930,-1.885053,0.000000,0.000000,0.000000,0.000000,0.000000,0.000000,0.000000,0.000000,-1515.782837,348.049377,758.090515,1310.599976
8.3606,True,0.000000,0.000000,0.000000,0.000000,0.000000,0.000000,-1.849916,1.189413,-1.981986,-1.884810,-1.849916,1.189413,-1.981986,-1.885053,0.000000,0.000000,0.000000,0.000000,0.000000,0.000000,0.000000,0.000000,-1515.782837,348.049377,758.090515,1310.599976
8.3804,True,0.000000,0.000000,0.000000,0.000000,0.000000,0.000000,-1.849916,1.189413,-1.981930,-1.885462,-1.849916,1.189413,-1.981986,-1.885462,0.000000,0.000000,0.000000,0.000000,0.000000,0.000000,0.000000,0.000000,-1515.782837,348.049377,758.090515,1310.599976
8.4004,True,0.000000,0.000000,0.000000,0.000000,0.000000,0.000000,-1.849916,1.189607,-1.981930,-1.884810,-1.849655,1.189607,-1.981930,-1.884810,0.000000,0.000000,0.000000,0.000000,0.000000,0.000000,0.000000,0.000000,-1515.782837,348.049377,758.090515,1310.599976
8.4204,True,0.000000,0.000000,0.000000,0.000000,0.000000,0.000000,-1.849655,1.189607,-1.981986,-1.884889,-1.850297,1.189607,-1.981986,-1.884889,0.000000,0.000000,0.000000,0.000000,0.000000,0.000000,0.000000,0.000000,-1515.782837,348.049377,758.090515,1310.599976
8.4404,True,0.000000,0.000000,0.000000,0.000000,0.000000,0.000000,-1.850297,1.189607,-1.981986,-1.885053,-1.849655,1.189607,-1.981986,-1.885053,0.000000,0.000000,0.000000,0.000000,0.000000,0.000000,0.000000,0.000000,-1515.782837,348.049377,758.090515,1310.599976
8.4604,True,0.000000,0.000000,0.000000,0.000000,0.000000,0.000000,-1.849655,1.189607,-1.981930,-1.885053,-1.849655,1.189607,-1.981874,-1.885053,0.000000,0.000000,0.000000,0.000000,0.000000,0.000000,0.000000,0.000000,-1515.782837,348.049377,758.090515,1310.599976
8.4804,True,0.000000,0.000000,0.000000,0.000000,0.000000,0.000000,-1.849655,1.189607,-1.981874,-1.885053,-1.849655,1.189607,-1.981874,-1.885053,0.000000,0.000000,0.000000,0.000000,0.000000,0.000000,0.000000,0.000000,-1515.782837,348.049377,758.090515,1310.599976
8.5004,True,0.000000,0.000000,0.000000,0.000000,0.000000,0.000000,-1.849655,1.189607,-1.981930,-1.884810,-1.849655,1.189607,-1.981874,-1.885053,0.000000,0.000000,0.000000,0.000000,0.000000,0.000000,0.000000,0.000000,-1515.782837,348.049377,758.090515,1310.599976
8.5204,True,0.000000,0.000000,0.000000,0.000000,0.000000,0.000000,-1.849655,1.189413,-1.981874,-1.885218,-1.849655,1.189413,-1.981874,-1.885218,0.000000,0.000000,0.000000,0.000000,0.000000,0.000000,0.000000,0.000000,-1515.782837,348.049377,758.090515,1310.599976
8.5404,True,0.000000,0.000000,0.000000,0.000000,0.000000,0.000000,-1.849916,1.189219,-1.981930,-1.884810,-1.849916,1.189219,-1.981930,-1.884810,0.000000,0.000000,0.000000,0.000000,0.000000,0.000000,0.000000,0.000000,-1515.782837,348.049377,758.090515,1310.599976
8.5604,True,0.000000,0.000000,0.000000,0.000000,0.000000,0.000000,-1.849916,1.189219,-1.981930,-1.885218,-1.849655,1.189219,-1.981930,-1.884810,0.000000,0.000000,0.000000,0.000000,0.000000,0.000000,0.000000,0.000000,-1515.782837,348.049377,758.090515,1310.599976
8.5804,True,0.000000,0.000000,0.000000,0.000000,0.000000,0.000000,-1.849655,1.189219,-1.981930,-1.885462,-1.849394,1.189219,-1.981930,-1.885462,0.000000,0.000000,0.000000,0.000000,0.000000,0.000000,0.000000,0.000000,-1515.782837,348.049377,758.090515,1310.599976
8.6004,True,0.000000,0.000000,0.000000,0.000000,0.000000,0.000000,-1.849916,1.189413,-1.981343,-1.885053,-1.849916,1.189413,-1.981343,-1.885053,0.000000,0.000000,0.000000,0.000000,0.000000,0.000000,0.000000,0.000000,-1515.782837,348.049377,758.090515,1310.599976
8.6204,True,0.000000,0.000000,0.000000,0.000000,0.000000,0.000000,-1.849916,1.189413,-1.981343,-1.885053,-1.849916,1.189413,-1.981343,-1.885053,0.000000,0.000000,0.000000,0.000000,0.000000,0.000000,0.000000,0.000000,-1515.782837,348.049377,758.090515,1310.599976
8.6404,True,0.000000,0.000000,0.000000,0.000000,0.000000,0.000000,-1.849655,1.189413,-1.981930,-1.885053,-1.849655,1.189413,-1.981930,-1.885053,0.000000,0.000000,0.000000,0.000000,0.000000,0.000000,0.000000,0.000000,-1515.782837,348.049377,758.090515,1310.599976
8.6604,True,0.000000,0.000000,0.000000,0.000000,0.000000,0.000000,-1.849655,1.189219,-1.981930,-1.885053,-1.849655,1.189219,-1.981930,-1.885053,0.000000,0.000000,0.000000,0.000000,0.000000,0.000000,0.000000,0.000000,-1515.782837,348.049377,758.090515,1310.599976
8.6804,True,0.000000,0.000000,0.000000,0.000000,0.000000,0.000000,-1.849916,1.189219,-1.981930,-1.885053,-1.849655,1.189413,-1.981930,-1.885053,0.000000,0.000000,0.000000,0.000000,0.000000,0.000000,0.000000,0.000000,-1515.782837,348.049377,758.090515,1310.599976
8.7004,True,0.000000,0.000000,0.000000,0.000000,0.000000,0.000000,-1.849655,1.189674,-1.981930,-1.885053,-1.849655,1.189674,-1.981930,-1.885053,0.000000,0.000000,0.000000,0.000000,0.000000,0.000000,0.000000,0.000000,-1515.782837,348.049377,758.090515,1310.599976
8.7204,True,0.000000,0.000000,0.000000,0.000000,0.000000,0.000000,-1.849916,1.189413,-1.981343,-1.885462,-1.849916,1.189413,-1.981343,-1.885462,0.000000,0.000000,0.000000,0.000000,0.000000,0.000000,0.000000,0.000000,-1515.782837,348.049377,758.090515,1310.599976
8.7404,True,0.000000,0.000000,0.000000,0.000000,0.000000,0.000000,-1.849655,1.189607,-1.981930,-1.885053,-1.849655,1.189607,-1.981930,-1.885053,0.000000,0.000000,0.000000,0.000000,0.000000,0.000000,0.000000,-0.000044,-1515.782837,348.049377,758.090515,1310.599976
8.7604,True,0.000000,0.000000,0.000000,0.000000,0.000000,0.000000,-1.849655,1.189607,-1.981930,-1.885053,-1.849655,1.189607,-1.981930,-1.884810,0.000000,0.000000,0.000000,0.000000,0.000000,0.000000,0.000000,-0.000038,-1515.782837,348.049377,758.090515,1310.599976
8.7804,True,0.000000,0.000000,0.000000,0.000000,0.000000,0.000000,-1.849655,1.189413,-1.981930,-1.885053,-1.849916,1.189413,-1.981930,-1.885053,0.000000,0.000000,0.000000,0.000000,0.000000,0.000000,0.000000,0.000000,-1515.782837,348.049377,758.090515,1310.599976
8.8004,True,0.000000,0.000000,0.000000,0.000000,0.000000,0.000000,-1.849916,1.189413,-1.981930,-1.885053,-1.849916,1.189413,-1.981930,-1.885053,0.000000,0.000000,0.000000,0.000000,0.000000,0.000000,0.000000,0.000000,-1515.782837,348.049377,758.090515,1310.599976
8.8204,True,0.000000,0.000000,0.000000,0.000000,0.000000,0.000000,-1.849916,1.189413,-1.981930,-1.885053,-1.849916,1.189413,-1.981930,-1.885053,0.000000,0.000000,0.000000,0.000000,0.000000,0.000000,0.000000,0.000000,-1515.782837,348.049377,758.090515,1310.599976
8.8404,True,0.000000,0.000000,0.000000,0.000000,0.000000,0.000000,-1.849916,1.189413,-1.981874,-1.885053,-1.849655,1.189413,-1.981986,-1.885053,0.000000,0.000000,0.000000,0.000000,0.000000,0.000000,0.000000,0.000000,-1515.782837,348.049377,758.090515,1310.599976
8.8604,True,0.000000,0.000000,0.000000,0.000000,0.000000,0.000000,-1.849655,1.189674,-1.981930,-1.885053,-1.850035,1.189674,-1.981930,-1.885053,0.000000,0.000000,0.000000,0.000000,0.000000,0.000000,0.000000,0.000000,-1515.782837,348.049377,758.090515,1310.599976
8.8807,True,0.000000,0.000000,0.000000,0.000000,0.000000,0.000000,-1.849655,1.189413,-1.981930,-1.885053,-1.849655,1.189413,-1.981930,-1.885053,0.000000,0.000000,0.000000,0.000000,0.000000,0.000000,0.000000,0.000000,-1515.782837,348.049377,758.090515,1310.599976
8.9004,True,0.000000,0.000000,0.000000,0.000000,0.000000,0.000000,-1.849655,1.189413,-1.981930,-1.885053,-1.849655,1.189413,-1.981930,-1.885053,0.000000,0.000000,0.000000,0.000000,0.000000,0.000000,0.000000,0.000000,-1515.782837,348.049377,758.090515,1310.599976
8.9204,True,0.000000,0.000000,0.000000,0.000000,0.000000,0.000000,-1.849655,1.189413,-1.981930,-1.885053,-1.849655,1.189413,-1.981930,-1.885053,0.000000,0.000000,0.000000,0.000000,0.000000,0.000000,0.000000,0.000000,-1515.782837,348.049377,758.090515,1310.599976
8.9405,True,0.000000,0.000000,0.000000,0.000000,0.000000,0.000000,-1.849655,1.189413,-1.981930,-1.885053,-1.849916,1.189413,-1.981930,-1.885053,0.000000,0.000000,0.000000,0.000000,0.000000,0.000000,0.000000,0.000000,-1515.782837,348.049377,758.090515,1310.599976
8.9604,True,0.000000,0.000000,0.000000,0.000000,0.000000,0.000000,-1.849655,1.189413,-1.981930,-1.885053,-1.849655,1.189413,-1.981930,-1.885053,0.000000,0.000000,0.000000,0.000000,0.000000,0.000000,0.000000,0.000000,-1515.782837,348.049377,758.090515,1310.599976
8.9804,True,0.000000,0.000000,0.000000,0.000000,0.000000,0.000000,-1.849655,1.189413,-1.981986,-1.885053,-1.849655,1.189219,-1.981986,-1.885053,0.000000,0.000000,0.000000,0.000000,0.000000,0.000000,0.000000,0.000000,-1515.782837,348.049377,758.090515,1310.599976
9.0004,True,0.000000,0.000000,0.000000,0.000000,0.000000,0.000000,-1.849655,1.189413,-1.981986,-1.885053,-1.849655,1.189413,-1.981986,-1.885053,0.000000,0.000000,0.000000,0.000000,0.000000,0.000000,0.000000,0.000000,-1515.782837,348.049377,758.090515,1310.599976
9.0204,True,0.000000,0.000000,0.000000,0.000000,0.000000,0.000000,-1.849916,1.189219,-1.981986,-1.885053,-1.849916,1.189219,-1.981986,-1.885053,0.000000,0.000000,0.000000,0.000000,0.000000,0.000000,0.000000,0.000000,-1515.782837,348.049377,758.090515,1310.599976
9.0404,True,0.000000,0.000000,0.000000,0.000000,0.000000,0.000000,-1.849916,1.189219,-1.981986,-1.885053,-1.849916,1.189219,-1.981986,-1.885053,0.000000,0.000000,0.000000,0.000000,0.000000,0.000000,0.000000,0.000000,-1515.782837,348.049377,758.090515,1310.599976
9.0604,True,0.000000,0.000000,0.000000,0.000000,0.000000,0.000000,-1.849916,1.189219,-1.981986,-1.885053,-1.849655,1.189219,-1.981986,-1.885053,0.000000,0.000000,0.000000,0.000000,0.000000,0.000000,0.000000,0.000000,-1515.782837,348.049377,758.090515,1310.599976
9.0804,True,0.000000,0.000000,0.000000,0.000000,0.000000,0.000000,-1.849655,1.189219,-1.981986,-1.885053,-1.849655,1.189219,-1.981986,-1.885053,0.000000,0.000000,0.000000,0.000000,0.000000,0.000000,0.000000,0.000000,-1515.782837,348.049377,758.090515,1310.599976
9.1004,True,0.000000,0.000000,0.000000,0.000000,0.000000,0.000000,-1.849916,1.189219,-1.981930,-1.885053,-1.849655,1.189219,-1.981930,-1.885053,0.000000,0.000000,0.000000,0.000000,0.000000,0.000000,0.000000,0.000000,-1515.782837,348.049377,758.090515,1310.599976
9.1204,True,0.000000,0.000000,0.000000,0.000000,0.000000,0.000000,-1.849655,1.189674,-1.981986,-1.885053,-1.850297,1.189674,-1.981343,-1.885053,0.000000,0.000000,0.000000,0.000000,0.000000,0.000000,0.000000,0.000000,-1515.782837,348.049377,758.090515,1310.599976
9.1404,True,0.000000,0.000000,0.000000,0.000000,0.000000,0.000000,-1.849655,1.189607,-1.981343,-1.885053,-1.849916,1.189413,-1.981930,-1.885053,0.000000,0.000000,0.000000,0.000000,0.000000,0.000000,0.000000,0.000000,-1515.782837,348.049377,758.090515,1310.599976
9.1604,True,0.000000,0.000000,0.000000,0.000000,0.000000,0.000000,-1.849655,1.189219,-1.981986,-1.885053,-1.849655,1.189868,-1.981986,-1.885053,0.000000,0.000000,0.000000,0.000000,0.000000,0.000000,0.000000,0.000000,-1515.782837,348.049377,758.090515,1310.599976
9.1804,True,0.000000,0.000000,0.000000,0.000000,0.000000,0.000000,-1.849655,1.189674,-1.981930,-1.885053,-1.849655,1.189674,-1.981930,-1.885053,0.000000,0.000000,0.000000,0.000000,0.000000,0.000000,0.000000,0.000000,-1515.782837,348.049377,758.090515,1310.599976
9.2004,True,0.000000,0.000000,0.000000,0.000000,0.000000,0.000000,-1.850035,1.189219,-1.981930,-1.885053,-1.849655,1.189674,-1.981930,-1.885053,0.000000,0.000000,0.000000,0.000000,0.000000,0.000000,0.000000,0.000000,-1515.782837,348.049377,758.090515,1310.599976
9.2204,True,0.000000,0.000000,0.000000,0.000000,0.000000,0.000000,-1.849916,1.189674,-1.981930,-1.885053,-1.849916,1.189674,-1.981930,-1.885053,0.000000,0.000000,0.000000,0.000000,0.000000,0.000000,0.000000,0.000000,-1515.782837,348.049377,758.090515,1310.599976
9.2404,True,0.000000,0.000000,0.000000,0.000000,0.000000,0.000000,-1.849394,1.189413,-1.981930,-1.885053,-1.849916,1.189413,-1.981930,-1.885053,0.000000,0.000000,0.000000,0.000000,0.000000,0.000000,0.000000,0.000000,-1515.782837,348.049377,758.090515,1310.599976
9.2604,True,0.000000,0.000000,0.000000,0.000000,0.000000,0.000000,-1.849916,1.189413,-1.981930,-1.884810,-1.849916,1.189413,-1.981930,-1.884810,0.000000,0.000000,0.000000,0.000000,0.000000,0.000000,0.000000,0.000000,-1515.782837,348.049377,758.090515,1310.599976
9.2803,True,0.000000,0.000000,0.000000,0.000000,0.000000,0.000000,-1.849655,1.189413,-1.981930,-1.884810,-1.849916,1.189413,-1.981930,-1.884810,0.000000,0.000000,0.000000,0.000000,0.000000,0.000000,0.000000,0.000000,-1515.782837,348.049377,758.090515,1310.599976
9.3004,True,0.000000,0.000000,0.000000,0.000000,0.000000,0.000000,-1.849655,1.189413,-1.981930,-1.884810,-1.849916,1.189413,-1.981930,-1.884810,0.000000,0.000000,0.000000,0.000000,0.000000,0.000000,0.000000,0.000000,-1515.782837,348.049377,758.090515,1310.599976
9.3204,True,0.000000,0.000000,0.000000,0.000000,0.000000,0.000000,-1.849655,1.189413,-1.981930,-1.884810,-1.849655,1.189413,-1.981930,-1.884810,0.000000,0.000000,0.000000,0.000000,0.000000,0.000000,0.000000,0.000000,-1515.782837,348.049377,758.090515,1310.599976
9.3404,True,0.000000,0.000000,0.000000,0.000000,0.000000,0.000000,-1.849655,1.189413,-1.981930,-1.885053,-1.849655,1.189413,-1.981930,-1.885218,0.000000,0.000000,0.000000,0.000000,0.000000,0.000000,0.000000,0.000000,-1515.782837,348.049377,758.090515,1310.599976
9.3604,True,0.000000,0.000000,0.000000,0.000000,0.000000,0.000000,-1.850297,1.189607,-1.981930,-1.885462,-1.850297,1.189413,-1.981930,-1.885462,0.000000,0.000000,0.000000,0.000000,0.000000,0.000000,0.000000,0.000000,-1515.782837,348.049377,758.090515,1310.599976
9.3804,True,0.000000,0.000000,0.000000,0.000000,0.000000,0.000000,-1.850035,1.189413,-1.981930,-1.884810,-1.850035,1.189219,-1.981930,-1.885053,0.000000,0.000000,0.000000,0.000000,0.000000,0.000000,0.000000,0.000000,-1515.782837,348.049377,758.090515,1310.599976
9.4004,True,0.000000,0.000000,0.000000,0.000000,0.000000,0.000000,-1.849394,1.189413,-1.981930,-1.884645,-1.849773,1.189413,-1.981930,-1.884645,0.000000,0.000000,0.000000,0.000000,0.000000,0.000000,0.000000,0.000000,-1515.782837,348.049377,758.090515,1310.599976
9.4204,True,0.000000,0.000000,0.000000,0.000000,0.000000,0.000000,-1.850035,1.189413,-1.981930,-1.885297,-1.849655,1.189413,-1.981930,-1.885053,0.000000,0.000000,0.000000,0.000000,0.000000,0.000000,0.000000,0.000000,-1515.782837,348.049377,758.090515,1310.599976
9.4405,True,0.000000,0.000000,0.000000,0.000000,0.000000,0.000000,-1.849655,1.189219,-1.981930,-1.885053,-1.849655,1.189219,-1.981930,-1.885053,0.000000,0.000000,0.000000,0.000000,0.000000,0.000000,0.000000,0.000000,-1515.782837,348.049377,758.090515,1310.599976
9.4604,True,0.000000,0.000000,0.000000,0.000000,0.000000,0.000000,-1.849655,1.188958,-1.981930,-1.885297,-1.849655,1.188958,-1.981930,-1.885297,0.000000,0.000000,0.000000,0.000000,0.000000,0.000000,0.000000,0.000000,-1515.782837,348.049377,758.090515,1310.599976
9.4804,True,0.000000,0.000000,0.000000,0.000000,0.000000,0.000000,-1.850035,1.189413,-1.981930,-1.884889,-1.850035,1.189413,-1.981930,-1.884889,0.000000,0.000000,0.000000,0.000000,0.000000,0.000000,0.000000,0.000000,-1515.782837,348.049377,758.090515,1310.599976
9.5004,True,0.000000,0.000000,0.000000,0.000000,0.000000,0.000000,-1.849655,1.189219,-1.981930,-1.885053,-1.849655,1.189219,-1.981930,-1.885053,0.000000,0.000000,0.000000,0.000000,0.000000,0.000000,0.000000,0.000000,-1515.782837,348.049377,758.090515,1310.599976
9.5204,True,0.000000,0.000000,0.000000,0.000000,0.000000,0.000000,-1.849655,1.189413,-1.981930,-1.885053,-1.850178,1.189413,-1.981930,-1.885053,0.000000,0.000000,0.000000,0.000000,0.000000,0.000000,0.000000,0.000000,-1515.782837,348.049377,758.090515,1310.599976
9.5404,True,0.000000,0.000000,0.000000,0.000000,0.000000,0.000000,-1.849655,1.189413,-1.981930,-1.884810,-1.849655,1.189413,-1.981930,-1.885053,0.000000,0.000000,0.000000,0.000000,0.000000,0.000000,0.000000,0.000000,-1515.782837,348.049377,758.090515,1310.599976
9.5604,True,0.000000,0.000000,0.000000,0.000000,0.000000,0.000000,-1.849655,1.189219,-1.981930,-1.884810,-1.849655,1.189219,-1.981930,-1.884810,0.000000,0.000000,0.000000,0.000000,0.000000,0.000000,0.000000,0.000000,-1515.782837,348.049377,758.090515,1310.599976
9.5804,True,0.000000,0.000000,0.000000,0.000000,0.000000,0.000000,-1.849655,1.189219,-1.981930,-1.885053,-1.850297,1.189607,-1.981930,-1.885053,0.000000,0.000000,0.000000,0.000000,0.000000,0.000000,0.000000,0.000000,-1515.782837,348.049377,758.090515,1310.599976
9.6004,True,0.000000,0.000000,0.000000,0.000000,0.000000,0.000000,-1.849916,1.189413,-1.981930,-1.885053,-1.849916,1.189413,-1.981930,-1.885053,0.000000,0.000000,0.000000,0.000000,0.000000,0.000000,0.000000,0.000000,-1515.782837,348.049377,758.090515,1310.599976
9.6204,True,0.000000,0.000000,0.000000,0.000000,0.000000,0.000000,-1.849916,1.189413,-1.981930,-1.884810,-1.849916,1.189413,-1.981930,-1.884810,0.000000,0.000000,0.000000,0.000000,0.000000,0.000000,0.000000,0.000000,-1515.782837,348.049377,758.090515,1310.599976
9.6404,True,0.000000,0.000000,0.000000,0.000000,0.000000,0.000000,-1.849394,1.189219,-1.981930,-1.885053,-1.850035,1.189219,-1.981930,-1.885053,0.000000,0.000000,0.000000,0.000000,0.000000,0.000000,0.000000,0.000000,-1515.782837,348.049377,758.090515,1310.599976
9.6604,True,0.000000,0.000000,0.000000,0.000000,0.000000,0.000000,-1.849655,1.189219,-1.981930,-1.885218,-1.849655,1.189219,-1.981930,-1.885218,0.000000,0.000000,0.000000,0.000000,0.000000,0.000000,0.000000,0.000000,-1515.782837,348.049377,758.090515,1310.599976
9.6804,True,0.000000,0.000000,0.000000,0.000000,0.000000,0.000000,-1.849655,1.189413,-1.981930,-1.884401,-1.850035,1.189413,-1.981930,-1.884401,0.000000,0.000000,0.000000,0.000000,0.000000,0.000000,0.000000,0.000000,-1515.782837,348.049377,758.090515,1310.599976
9.7004,True,0.000000,0.000000,0.000000,0.000000,0.000000,0.000000,-1.849394,1.189413,-1.981986,-1.884810,-1.850035,1.189413,-1.981986,-1.884810,0.000000,0.000000,0.000000,0.000000,0.000000,0.000000,0.000000,0.000000,-1515.782837,348.049377,758.090515,1310.599976
9.7204,True,0.000000,0.000000,0.000000,0.000000,0.000000,0.000000,-1.850297,1.189413,-1.981930,-1.885462,-1.850297,1.189413,-1.981930,-1.885462,0.000000,0.000000,0.000000,0.000000,0.000000,0.000000,0.000000,0.000000,-1515.782837,348.049377,758.090515,1310.599976
9.7404,True,0.000000,0.000000,0.000000,0.000000,0.000000,0.000000,-1.849394,1.189413,-1.981930,-1.884810,-1.849394,1.189413,-1.981986,-1.884810,0.000000,0.000000,0.000000,0.000000,0.000000,0.000000,0.000000,0.000000,-1515.782837,348.049377,758.090515,1310.599976
9.7604,True,0.000000,0.000000,0.000000,0.000000,0.000000,0.000000,-1.849655,1.189413,-1.981986,-1.885053,-1.849773,1.189413,-1.981986,-1.884810,0.000000,0.000000,0.000000,0.000000,0.000000,0.000000,0.000000,0.000000,-1515.782837,348.049377,758.090515,1310.599976
9.7804,True,0.000000,0.000000,0.000000,0.000000,0.000000,0.000000,-1.849655,1.189413,-1.981930,-1.885053,-1.849394,1.189413,-1.981986,-1.885462,0.000000,0.000000,0.000000,0.000000,0.000000,0.000000,0.000000,0.000000,-1515.782837,348.049377,758.090515,1310.599976
9.8004,True,0.000000,0.000000,0.000000,0.000000,0.000000,0.000000,-1.850035,1.189413,-1.981986,-1.884810,-1.849394,1.189413,-1.981986,-1.885053,0.000000,0.000000,0.000000,0.000000,0.000000,0.000000,0.000000,0.000000,-1515.782837,348.049377,758.090515,1310.599976
9.8205,True,0.000000,0.000000,0.000000,0.000000,0.000000,0.000000,-1.849655,1.189413,-1.981930,-1.884810,-1.849655,1.189413,-1.981930,-1.884810,0.000000,0.000000,0.000000,0.000000,0.000000,0.000000,0.000000,0.000000,-1515.782837,348.049377,758.090515,1310.599976
9.8404,True,0.000000,0.000000,0.000000,0.000000,0.000000,0.000000,-1.850035,1.189413,-1.981986,-1.885053,-1.850035,1.189413,-1.981986,-1.885053,0.000000,0.000000,0.000000,0.000000,0.000000,0.000000,0.000000,0.000000,-1515.782837,348.049377,758.090515,1310.599976
9.8604,True,0.000000,0.000000,0.000000,0.000000,0.000000,0.000000,-1.850035,1.189413,-1.981930,-1.885053,-1.850035,1.189413,-1.981343,-1.885053,0.000000,0.000000,0.000000,0.000000,0.000000,0.000000,0.000000,0.000000,-1515.782837,348.049377,758.090515,1310.599976
9.8804,True,0.000000,0.000000,0.000000,0.000000,0.000000,0.000000,-1.850035,1.189413,-1.981343,-1.885053,-1.850035,1.189413,-1.981930,-1.885053,0.000000,0.000000,0.000000,0.000000,0.000000,0.000000,0.000000,0.000000,-1515.782837,348.049377,758.090515,1310.599976
9.9004,True,0.000000,0.000000,0.000000,0.000000,0.000000,0.000000,-1.849655,1.189413,-1.981930,-1.884810,-1.849394,1.189413,-1.981343,-1.884810,0.000000,0.000000,0.000000,0.000000,0.000000,0.000000,0.000000,0.000000,-1515.782837,348.049377,758.090515,1310.599976
9.9204,True,0.000000,0.000000,0.000000,0.000000,0.000000,0.000000,-1.850035,1.189413,-1.981986,-1.885462,-1.850035,1.189413,-1.981930,-1.885462,0.000000,0.000000,0.000000,0.000000,0.000000,0.000000,0.000000,0.000000,-1515.782837,348.049377,758.090515,1310.599976
9.9404,True,0.000000,0.000000,0.000000,0.000000,0.000000,0.000000,-1.849655,1.189413,-1.981986,-1.885462,-1.849394,1.189413,-1.981343,-1.885462,0.000000,0.000000,0.000000,0.000000,0.000000,0.000000,0.000000,0.000000,-1515.782837,348.049377,758.090515,1310.599976
9.9604,True,0.000000,0.000000,0.000000,0.000000,0.000000,0.000000,-1.849394,1.189413,-1.981930,-1.885462,-1.849394,1.189413,-1.981930,-1.885462,0.000000,0.000000,0.000000,0.000000,0.000000,0.000000,0.000000,0.000000,-1515.782837,348.049377,758.090515,1310.599976
9.9803,True,0.000000,0.000000,0.000000,0.000000,0.000000,0.000000,-1.850297,1.189413,-1.982041,-1.885462,-1.850297,1.189413,-1.982041,-1.884810,0.000000,0.000000,0.000000,0.000000,0.000000,0.000000,0.000000,0.000000,-1515.782837,348.049377,758.090515,1310.599976
10.0003,True,0.000000,0.000000,0.000000,0.000000,0.000000,0.000000,-1.849655,1.189413,-1.982041,-1.884645,-1.849655,1.189413,-1.982041,-1.884645,0.000000,0.000000,0.000000,0.000000,0.000000,0.000000,0.000000,0.000000,-1515.782837,348.049377,758.090515,1310.599976
10.0204,True,0.000000,0.000000,0.000000,0.000000,0.000000,0.000000,-1.850035,1.189413,-1.982041,-1.884810,-1.850035,1.189413,-1.982041,-1.884810,0.000000,0.000000,0.000000,0.000000,0.000000,0.000000,0.000000,0.000000,-1515.782837,348.049377,758.090515,1310.599976
10.0404,True,0.000000,0.000000,0.000000,0.000000,0.000000,0.000000,-1.849394,1.189413,-1.981930,-1.885218,-1.850035,1.189413,-1.981930,-1.885462,0.000000,0.000000,0.000000,0.000000,0.000000,0.000000,0.000000,0.000000,-1515.782837,348.049377,758.090515,1310.599976
10.0604,True,0.000000,0.000000,0.000000,0.000000,0.000000,0.000000,-1.849655,1.189413,-1.981287,-1.884810,-1.849655,1.189413,-1.981287,-1.884810,0.000000,0.000000,0.000000,0.000000,0.000000,0.000000,0.000000,0.000000,-1515.782837,348.049377,758.090515,1310.599976
10.0803,True,0.000000,0.000000,0.000000,0.000000,0.000000,0.000000,-1.849655,1.189413,-1.981399,-1.884810,-1.850035,1.189413,-1.981455,-1.884810,0.000000,0.000000,0.000000,0.000000,0.000000,0.000000,0.000000,0.000000,-1515.782837,348.049377,758.090515,1310.599976
10.1004,True,0.000000,0.000000,0.000000,0.000000,0.000000,0.000000,-1.849916,1.189413,-1.981986,-1.885218,-1.849655,1.189413,-1.981343,-1.884810,0.000000,0.000000,0.000000,0.000000,0.000000,0.000000,0.000000,0.000000,-1515.782837,348.049377,758.090515,1310.599976
10.1204,True,0.000000,0.000000,0.000000,0.000000,0.000000,0.000000,-1.849394,1.189413,-1.981930,-1.884810,-1.849394,1.189413,-1.981930,-1.884810,0.000000,0.000000,0.000000,0.000000,0.000000,0.000000,0.000000,0.000000,-1515.782837,348.049377,758.090515,1310.599976
10.1404,True,0.000000,0.000000,0.000000,0.000000,0.000000,0.000000,-1.849655,1.189413,-1.981930,-1.884810,-1.849655,1.189413,-1.981930,-1.884810,0.000000,0.000000,0.000000,0.000000,0.000000,0.000000,0.000000,0.000000,-1515.782837,348.049377,758.090515,1310.599976
10.1604,True,0.000000,0.000000,0.000000,0.000000,0.000000,0.000000,-1.849655,1.189413,-1.981986,-1.885218,-1.849655,1.189413,-1.982041,-1.885218,0.000000,0.000000,0.000000,0.000000,0.000000,0.000000,0.000000,0.000000,-1515.782837,348.049377,758.090515,1310.599976
10.1804,True,0.000000,0.000000,0.000000,0.000000,0.000000,0.000000,-1.849655,1.189413,-1.981343,-1.884810,-1.849655,1.189413,-1.981343,-1.884810,0.000000,0.000000,0.000000,0.000000,0.000000,0.000000,0.000000,0.000000,-1515.782837,348.049377,758.090515,1310.599976
10.2004,True,0.000000,0.000000,0.000000,0.000000,0.000000,0.000000,-1.849655,1.189413,-1.981343,-1.885462,-1.849655,1.189413,-1.981930,-1.885462,0.000000,0.000000,0.000000,0.000000,0.000000,0.000000,0.000000,0.000000,-1515.782837,348.049377,758.090515,1310.599976
10.2205,True,0.000000,0.000000,0.000000,0.000000,0.000000,0.000000,-1.849655,1.189413,-1.981986,-1.885053,-1.849655,1.189413,-1.981930,-1.885053,0.000000,0.000000,0.000000,0.000000,0.000000,0.000000,0.000000,0.000000,-1515.782837,348.049377,758.090515,1310.599976
10.2404,True,0.000000,0.000000,0.000000,0.000000,0.000000,0.000000,-1.849916,1.189413,-1.981930,-1.885053,-1.849655,1.189413,-1.981930,-1.884810,0.000000,0.000000,0.000000,0.000000,0.000000,0.000000,0.000000,0.000000,-1515.782837,348.049377,758.090515,1310.599976
10.2604,True,0.000000,0.000000,0.000000,0.000000,0.000000,0.000000,-1.849655,1.189413,-1.981874,-1.885462,-1.849916,1.189607,-1.981343,-1.885462,0.000000,0.000000,0.000000,0.000000,0.000000,0.000000,0.000000,0.000000,-1515.782837,348.049377,758.090515,1310.599976
10.2805,True,0.000000,0.000000,0.000000,0.000000,0.000000,0.000000,-1.849655,1.189607,-1.981930,-1.884810,-1.849655,1.189413,-1.981930,-1.884810,0.000000,0.000000,0.000000,0.000000,0.000000,0.000000,0.000000,0.000000,-1515.782837,348.049377,758.090515,1310.599976
10.3004,True,0.000000,0.000000,0.000000,0.000000,0.000000,0.000000,-1.849655,1.189413,-1.981986,-1.884810,-1.849655,1.189219,-1.981986,-1.884810,0.000000,0.000000,0.000000,0.000000,0.000000,0.000000,0.000000,0.000000,-1515.782837,348.049377,758.090515,1310.599976
10.3204,True,0.000000,0.000000,0.000000,0.000000,0.000000,0.000000,-1.849655,1.189413,-1.981287,-1.885462,-1.849655,1.189413,-1.981287,-1.885462,0.000000,0.000000,0.000000,0.000000,0.000000,0.000000,0.000000,0.000000,-1515.782837,348.049377,758.090515,1310.599976
10.3404,True,0.000000,0.000000,0.000000,0.000000,0.000000,0.000000,-1.849655,1.189413,-1.981986,-1.884810,-1.850297,1.189413,-1.981986,-1.884810,0.000000,0.000000,0.000000,0.000000,0.000000,0.000000,0.000000,0.000000,-1515.782837,348.049377,758.090515,1310.599976
10.3604,True,0.000000,0.000000,0.000000,0.000000,0.000000,0.000000,-1.849655,1.189607,-1.981986,-1.885053,-1.849394,1.189607,-1.981986,-1.885053,0.000000,0.000000,0.000000,0.000000,0.000000,0.000000,0.000000,0.000000,-1515.782837,348.049377,758.090515,1310.599976
10.3804,True,0.000000,0.000000,0.000000,0.000000,0.000000,0.000000,-1.849655,1.189607,-1.981343,-1.885462,-1.850297,1.189607,-1.981343,-1.884645,0.000000,0.000000,0.000000,0.000000,0.000000,0.000000,0.000000,0.000000,-1515.782837,348.049377,758.090515,1310.599976
10.4004,True,0.000000,0.000000,0.000000,0.000000,0.000000,0.000000,-1.849655,1.189219,-1.981986,-1.884810,-1.849655,1.189413,-1.981930,-1.884810,0.000000,0.000000,0.000000,0.000000,0.000000,0.000000,0.000000,0.000000,-1515.782837,348.049377,758.090515,1310.599976
10.4204,True,0.000000,0.000000,0.000000,0.000000,0.000000,0.000000,-1.850035,1.189413,-1.981930,-1.884810,-1.849916,1.189413,-1.981986,-1.885218,0.000000,0.000000,0.000000,0.000000,0.000000,0.000000,0.000000,0.000000,-1515.782837,348.049377,758.090515,1310.599976
10.4404,True,0.000000,0.000000,0.000000,0.000000,0.000000,0.000000,-1.849916,1.189413,-1.981930,-1.885462,-1.849916,1.189413,-1.981930,-1.885218,0.000000,0.000000,0.000000,0.000000,0.000000,0.000000,0.000000,0.000000,-1515.782837,348.049377,758.090515,1310.599976
10.4604,True,0.000000,0.000000,0.000000,0.000000,0.000000,0.000000,-1.849916,1.189607,-1.981930,-1.884810,-1.849916,1.189607,-1.981930,-1.884810,0.000000,0.000000,0.000000,0.000000,0.000000,0.000000,0.000000,0.000000,-1515.782837,348.049377,758.090515,1310.599976
10.4805,True,0.000000,0.000000,0.000000,0.000000,0.000000,0.000000,-1.849655,1.189607,-1.981930,-1.884810,-1.849655,1.189413,-1.981930,-1.884810,0.000000,0.000000,0.000000,0.000000,0.000000,0.000000,0.000000,0.000000,-1515.782837,348.049377,758.090515,1310.599976
10.5004,True,0.000000,0.000000,0.000000,0.000000,0.000000,0.000000,-1.849655,1.189219,-1.981930,-1.884810,-1.849655,1.189413,-1.981930,-1.884810,0.000000,0.000000,0.000000,0.000000,0.000000,0.000000,0.000000,0.000000,-1515.782837,348.049377,758.090515,1310.599976
10.5204,True,0.000000,0.000000,0.000000,0.000000,0.000000,0.000000,-1.849655,1.189413,-1.981930,-1.884810,-1.849655,1.189413,-1.981930,-1.884810,0.000000,0.000000,0.000000,0.000000,0.000000,0.000000,0.000000,0.000000,-1515.782837,348.049377,758.090515,1310.599976
10.5404,True,0.000000,0.000000,0.000000,0.000000,0.000000,0.000000,-1.849655,1.189413,-1.981930,-1.884810,-1.849655,1.189413,-1.981930,-1.884810,0.000000,0.000000,0.000000,0.000000,0.000000,0.000000,0.000000,0.000000,-1515.782837,348.049377,758.090515,1310.599976
10.5611,True,0.000000,0.000000,0.000000,0.000000,0.000000,0.000000,-1.849655,1.189413,-1.981930,-1.884810,-1.849655,1.189413,-1.981930,-1.884810,0.000000,0.000000,0.000000,0.000000,0.000000,0.000000,0.000000,0.000000,-1515.782837,348.049377,758.090515,1310.599976
10.5804,True,0.000000,0.000000,0.000000,0.000000,0.000000,0.000000,-1.849655,1.189413,-1.981930,-1.884810,-1.849655,1.189413,-1.981930,-1.884974,0.000000,0.000000,0.000000,0.000000,0.000000,0.000000,0.000000,0.000000,-1515.782837,348.049377,758.090515,1310.599976
10.6004,True,0.000000,0.000000,0.000000,0.000000,0.000000,0.000000,-1.849655,1.189413,-1.981930,-1.885218,-1.849655,1.189413,-1.981930,-1.885053,0.000000,0.000000,0.000000,0.000000,0.000000,0.000000,0.000000,0.000000,-1515.782837,348.049377,758.090515,1310.599976
10.6204,True,0.000000,0.000000,0.000000,0.000000,0.000000,0.000000,-1.849655,1.189413,-1.981930,-1.884810,-1.849655,1.189219,-1.981930,-1.884810,0.000000,0.000000,0.000000,0.000000,0.000000,0.000000,0.000000,0.000000,-1515.782837,348.049377,758.090515,1310.599976
10.6404,True,0.000000,0.000000,0.000000,0.000000,0.000000,0.000000,-1.849655,1.189413,-1.981930,-1.884810,-1.849655,1.189413,-1.981930,-1.884810,0.000000,0.000000,0.000000,0.000000,0.000000,0.000000,0.000000,0.000000,-1515.782837,348.049377,758.090515,1310.599976
10.6604,True,0.000000,0.000000,0.000000,0.000000,0.000000,0.000000,-1.849655,1.189413,-1.981930,-1.885053,-1.849655,1.189219,-1.981930,-1.885053,0.000000,0.000000,0.000000,0.000000,0.000000,0.000000,0.000000,0.000000,-1515.782837,348.049377,758.090515,1310.599976
10.6804,True,0.000000,0.000000,0.000000,0.000000,0.000000,0.000000,-1.849655,1.189219,-1.981930,-1.884810,-1.849655,1.189219,-1.981930,-1.884810,0.000000,0.000000,0.000000,0.000000,0.000000,0.000000,0.000000,0.000000,-1515.782837,348.049377,758.090515,1310.599976
10.7004,True,0.000000,0.000000,0.000000,0.000000,0.000000,0.000000,-1.849916,1.189219,-1.981930,-1.884810,-1.849916,1.189219,-1.981930,-1.884810,0.000000,0.000000,0.000000,0.000000,0.000000,0.000000,0.000000,0.000000,-1515.782837,348.049377,758.090515,1310.599976
10.7204,True,0.000000,0.000000,0.000000,0.000000,0.000000,0.000000,-1.849655,1.189219,-1.981930,-1.884810,-1.849655,1.189219,-1.981930,-1.885053,0.000000,0.000000,0.000000,0.000000,0.000000,0.000000,0.000000,0.000000,-1515.782837,348.049377,758.090515,1310.599976
10.7407,True,0.000000,0.000000,0.000000,0.000000,0.000000,0.000000,-1.849655,1.189219,-1.981930,-1.885218,-1.849655,1.189219,-1.981930,-1.884810,0.000000,0.000000,0.000000,0.000000,0.000000,0.000000,0.000000,0.000000,-1515.782837,348.049377,758.090515,1310.599976
10.7607,True,0.000000,0.000000,0.000000,0.000000,0.000000,0.000000,-1.849655,1.189219,-1.981930,-1.885218,-1.849916,1.189219,-1.981930,-1.885218,0.000000,0.000000,0.000000,0.000000,0.000000,0.000000,0.000000,0.000000,-1515.782837,348.049377,758.090515,1310.599976
10.7826,True,0.000000,0.000000,0.000000,0.000000,0.000000,0.000000,-1.849655,1.189219,-1.981930,-1.884810,-1.849916,1.189219,-1.981930,-1.884810,0.000000,0.000000,0.000000,0.000000,0.000000,0.000000,0.000000,0.000000,-1515.782837,348.049377,758.090515,1310.599976
10.8007,True,0.000000,0.000000,0.000000,0.000000,0.000000,0.000000,-1.849916,1.189219,-1.981930,-1.884810,-1.849655,1.189219,-1.981874,-1.884810,0.000000,0.000000,0.000000,0.000000,0.000000,0.000000,0.000000,0.000000,-1515.782837,348.049377,758.090515,1310.599976
10.8206,True,0.000000,0.000000,0.000000,0.000000,0.000000,0.000000,-1.849655,1.189219,-1.981930,-1.885053,-1.849655,1.189219,-1.981930,-1.885053,0.000000,0.000000,0.000000,0.000000,0.000000,0.000000,0.000000,0.000000,-1515.782837,348.049377,758.090515,1310.599976
10.8406,True,0.000000,0.000000,0.000000,0.000000,0.000000,0.000000,-1.849275,1.189219,-1.981986,-1.884810,-1.849916,1.189219,-1.981986,-1.884810,0.000000,0.000000,0.000000,0.000000,0.000000,0.000000,0.000000,0.000000,-1515.782837,348.049377,758.090515,1310.599976
10.8606,True,0.000000,0.000000,0.000000,0.000000,0.000000,0.000000,-1.849916,1.189219,-1.981930,-1.884810,-1.849916,1.189219,-1.981930,-1.885218,0.000000,0.000000,0.000000,0.000000,0.000000,0.000000,0.000000,0.000000,-1515.782837,348.049377,758.090515,1310.599976
10.8806,True,0.000000,0.000000,0.000000,0.000000,0.000000,0.000000,-1.849916,1.189219,-1.981930,-1.885053,-1.849537,1.189219,-1.981399,-1.884810,0.000000,0.000000,0.000000,0.000000,0.000000,0.000000,0.000000,0.000000,-1515.782837,348.049377,758.090515,1310.599976
10.9008,True,0.000000,0.000000,0.000000,0.000000,0.000000,0.000000,-1.850178,1.189413,-1.981986,-1.884810,-1.849916,1.189413,-1.981343,-1.885053,0.000000,0.000000,0.000000,0.000000,0.000000,0.000000,0.000000,0.000000,-1515.782837,348.049377,758.090515,1310.599976
10.9214,True,0.000000,0.000000,0.000000,0.000000,0.000000,0.000000,-1.849916,1.189219,-1.982041,-1.884810,-1.850178,1.189413,-1.981986,-1.884810,0.000000,0.000000,0.000000,0.000000,0.000000,0.000000,0.000000,0.000000,-1515.782837,348.049377,758.090515,1310.599976
10.9407,True,0.000000,0.000000,0.000000,0.000000,0.000000,0.000000,-1.849916,1.189413,-1.981986,-1.885218,-1.849916,1.189413,-1.981986,-1.885218,0.000000,0.000000,0.000000,0.000000,0.000000,0.000000,0.000000,0.000000,-1515.782837,348.049377,758.090515,1310.599976
10.9605,True,0.000000,0.000000,0.000000,0.000000,0.000000,0.000000,-1.849655,1.189413,-1.981986,-1.884810,-1.849537,1.189413,-1.981986,-1.884810,0.000000,0.000000,0.000000,0.000000,0.000000,0.000000,0.000000,0.000000,-1515.782837,348.049377,758.090515,1310.599976
10.9806,True,0.000000,0.000000,0.000000,0.000000,0.000000,0.000000,-1.849916,1.189219,-1.981874,-1.885218,-1.849916,1.189219,-1.981874,-1.885218,0.000000,0.000000,0.000000,0.000000,0.000000,0.000000,0.000000,0.000000,-1515.782837,348.049377,758.090515,1310.599976
11.0004,True,0.000000,0.000000,0.000000,0.000000,0.000000,0.000000,-1.849537,1.189219,-1.981930,-1.884810,-1.849537,1.189219,-1.981930,-1.884810,0.000000,0.000000,0.000000,0.000000,0.000000,0.000000,0.000000,0.000000,-1515.782837,348.049377,758.090515,1310.599976
11.0204,True,0.000000,0.000000,0.000000,0.000000,0.000000,0.000000,-1.849916,1.189219,-1.981930,-1.884810,-1.850178,1.189219,-1.981930,-1.884810,0.000000,0.000000,0.000000,0.000000,0.000000,0.000000,0.000000,0.000000,-1515.782837,348.049377,758.090515,1310.599976
11.0404,True,0.000000,0.000000,0.000000,0.000000,0.000000,0.000000,-1.850178,1.189219,-1.981986,-1.885218,-1.849916,1.189219,-1.981986,-1.885218,0.000000,0.000000,0.000000,0.000000,0.000000,0.000000,0.000000,0.000000,-1515.782837,348.049377,758.090515,1310.599976
11.0605,True,0.000000,0.000000,0.000000,0.000000,0.000000,0.000000,-1.849916,1.189413,-1.981874,-1.884810,-1.849916,1.189413,-1.981874,-1.884810,0.000000,0.000000,0.000000,0.000000,0.000000,0.000000,0.000000,0.000000,-1515.782837,348.049377,758.090515,1310.599976
11.0804,True,0.000000,0.000000,0.000000,0.000000,0.000000,0.000000,-1.849916,1.189413,-1.981986,-1.885462,-1.849916,1.189413,-1.981874,-1.885218,0.000000,0.000000,0.000000,0.000000,0.000000,0.000000,0.000000,0.000000,-1515.782837,348.049377,758.090515,1310.599976
11.1004,True,0.000000,0.000000,0.000000,0.000000,0.000000,0.000000,-1.849916,1.189413,-1.981930,-1.885053,-1.849916,1.189413,-1.981986,-1.885053,0.000000,0.000000,0.000000,0.000000,0.000000,0.000000,0.000000,0.000000,-1515.782837,348.049377,758.090515,1310.599976
11.1204,True,0.000000,0.000000,0.000000,0.000000,0.000000,0.000000,-1.850178,1.189607,-1.981930,-1.884810,-1.849916,1.189607,-1.981930,-1.884810,0.000000,0.000000,0.000000,0.000000,0.000000,0.000000,0.000000,0.000000,-1515.782837,348.049377,758.090515,1310.599976
11.1405,True,0.000000,0.000000,0.000000,0.000000,0.000000,0.000000,-1.849798,1.189607,-1.981874,-1.885462,-1.849537,1.189607,-1.981874,-1.885462,0.000000,0.000000,0.000000,0.000000,0.000000,0.000000,0.000000,0.000000,-1515.782837,348.049377,758.090515,1310.599976
11.1605,True,0.000000,0.000000,0.000000,0.000000,0.000000,0.000000,-1.849537,1.189413,-1.981986,-1.884810,-1.849537,1.189413,-1.981986,-1.884810,0.000000,0.000000,0.000000,0.000000,0.000000,0.000000,0.000000,0.000000,-1515.782837,348.049377,758.090515,1310.599976
11.1804,True,0.000000,0.000000,0.000000,0.000000,0.000000,0.000000,-1.849537,1.189413,-1.981986,-1.884810,-1.850178,1.189413,-1.981986,-1.884810,0.000000,0.000000,0.000000,0.000000,0.000000,0.000000,0.000000,0.000000,-1515.782837,348.049377,758.090515,1310.599976
11.2007,True,0.000000,0.000000,0.000000,0.000000,0.000000,0.000000,-1.849916,1.189413,-1.981930,-1.884810,-1.849916,1.189413,-1.981930,-1.884810,0.000000,0.000000,0.000000,0.000000,0.000000,0.000000,0.000000,0.000000,-1515.782837,348.049377,758.090515,1310.599976
11.2204,True,0.000000,0.000000,0.000000,0.000000,0.000000,0.000000,-1.849916,1.189413,-1.981343,-1.884810,-1.849537,1.189413,-1.981343,-1.885218,0.000000,0.000000,0.000000,0.000000,0.000000,0.000000,0.000000,0.000000,-1515.782837,348.049377,758.090515,1310.599976
11.2404,True,0.000000,0.000000,0.000000,0.000000,0.000000,0.000000,-1.850178,1.189413,-1.981343,-1.885462,-1.850178,1.189413,-1.981343,-1.885462,0.000000,0.000000,0.000000,0.000000,0.000000,0.000000,0.000000,0.000000,-1515.782837,348.049377,758.090515,1310.599976
11.2606,True,0.000000,0.000000,0.000000,0.000000,0.000000,0.000000,-1.850178,1.189413,-1.981930,-1.884565,-1.849916,1.189413,-1.981930,-1.884810,0.000000,0.000000,0.000000,0.000000,0.000000,0.000000,0.000000,0.000000,-1515.782837,348.049377,758.090515,1310.599976
11.2804,True,0.000000,0.000000,0.000000,0.000000,0.000000,0.000000,-1.850178,1.189413,-1.981930,-1.885218,-1.849916,1.189413,-1.981930,-1.885053,0.000000,0.000000,0.000000,0.000000,0.000000,0.000000,0.000000,0.000000,-1515.782837,348.049377,758.090515,1310.599976
11.3004,True,0.000000,0.000000,0.000000,0.000000,0.000000,0.000000,-1.849916,1.189413,-1.981930,-1.885053,-1.849916,1.189413,-1.981930,-1.885053,0.000000,0.000000,0.000000,0.000000,0.000000,0.000000,0.000000,0.000000,-1515.782837,348.049377,758.090515,1310.599976
11.3204,True,0.000000,0.000000,0.000000,0.000000,0.000000,0.000000,-1.850178,1.189413,-1.981930,-1.884810,-1.850178,1.189413,-1.981930,-1.884810,0.000000,0.000000,0.000000,0.000000,0.000000,0.000000,0.000000,0.000000,-1515.782837,348.049377,758.090515,1310.599976
11.3404,True,0.000000,0.000000,0.000000,0.000000,0.000000,0.000000,-1.849916,1.189413,-1.981930,-1.884810,-1.849916,1.189219,-1.981930,-1.884810,0.000000,0.000000,0.000000,0.000000,0.000000,0.000000,0.000000,0.000000,-1515.782837,348.049377,758.090515,1310.599976
11.3604,True,0.000000,0.000000,0.000000,0.000000,0.000000,0.000000,-1.850178,1.189413,-1.981930,-1.885053,-1.849916,1.189219,-1.981930,-1.885053,0.000000,0.000000,0.000000,0.000000,0.000000,0.000000,0.000000,0.000000,-1515.782837,348.049377,758.090515,1310.599976
11.3804,True,0.000000,0.000000,0.000000,0.000000,0.000000,0.000000,-1.849916,1.189219,-1.981930,-1.884810,-1.849916,1.189219,-1.981930,-1.885462,0.000000,0.000000,0.000000,0.000000,0.000000,0.000000,0.000000,0.000000,-1515.782837,348.049377,758.090515,1310.599976
11.4004,True,0.000000,0.000000,0.000000,0.000000,0.000000,0.000000,-1.849916,1.189219,-1.981930,-1.884974,-1.849916,1.189219,-1.981930,-1.884974,0.000000,0.000000,0.000000,0.000000,0.000000,0.000000,0.000000,0.000000,-1515.782837,348.049377,758.090515,1310.599976
11.4204,True,0.000000,0.000000,0.000000,0.000000,0.000000,0.000000,-1.849916,1.189413,-1.981930,-1.885218,-1.849916,1.189413,-1.981930,-1.885218,0.000000,0.000000,0.000000,0.000000,0.000000,0.000000,0.000000,0.000000,-1515.782837,348.049377,758.090515,1310.599976
11.4404,True,0.000000,0.000000,0.000000,0.000000,0.000000,0.000000,-1.849916,1.189025,-1.981874,-1.884974,-1.849916,1.189025,-1.981874,-1.884974,0.000000,0.000000,0.000000,0.000000,0.000000,0.000000,0.000000,0.000000,-1515.782837,348.049377,758.090515,1310.599976
11.4604,True,0.000000,0.000000,0.000000,0.000000,0.000000,0.000000,-1.849916,1.189674,-1.981930,-1.885218,-1.849537,1.189413,-1.981930,-1.885218,0.000000,0.000000,0.000000,0.000000,0.000000,0.000000,0.000000,0.000000,-1515.782837,348.049377,758.090515,1310.599976
11.4806,True,0.000000,0.000000,0.000000,0.000000,0.000000,0.000000,-1.849916,1.189219,-1.981986,-1.884810,-1.849916,1.189219,-1.981930,-1.884565,0.000000,0.000000,0.000000,0.000000,0.000000,0.000000,0.000000,0.000000,-1515.782837,348.049377,758.090515,1310.599976
11.5005,True,0.000000,0.000000,0.000000,0.000000,0.000000,0.000000,-1.849916,1.189674,-1.981874,-1.885462,-1.849916,1.189413,-1.981930,-1.885462,0.000000,0.000000,0.000000,0.000000,0.000000,0.000000,0.000000,0.000000,-1515.782837,348.049377,758.090515,1310.599976
11.5204,True,0.000000,0.000000,0.000000,0.000000,0.000000,0.000000,-1.849916,1.189413,-1.981874,-1.884565,-1.849916,1.189413,-1.981874,-1.884565,0.000000,0.000000,0.000000,0.000000,0.000000,0.000000,0.000000,0.000000,-1515.782837,348.049377,758.090515,1310.599976
11.5404,True,0.000000,0.000000,0.000000,0.000000,0.000000,0.000000,-1.849916,1.189219,-1.981930,-1.884810,-1.849916,1.189413,-1.981930,-1.884810,0.000000,0.000000,0.000000,0.000000,0.000000,0.000000,0.000000,0.000000,-1515.782837,348.049377,758.090515,1310.599976
11.5609,True,0.000000,0.000000,0.000000,0.000000,0.000000,0.000000,-1.850178,1.189413,-1.981930,-1.885053,-1.849537,1.189219,-1.981874,-1.885053,0.000000,0.000000,0.000000,0.000000,0.000000,0.000000,0.000000,0.000000,-1515.782837,348.049377,758.090515,1310.599976
11.5804,True,0.000000,0.000000,0.000000,0.000000,0.000000,0.000000,-1.849655,1.189413,-1.981874,-1.884810,-1.849655,1.189413,-1.981874,-1.884810,0.000000,0.000000,0.000000,0.000000,0.000000,0.000000,0.000000,0.000000,-1515.782837,348.049377,758.090515,1310.599976
11.6004,True,0.000000,0.000000,0.000000,0.000000,0.000000,0.000000,-1.850297,1.189413,-1.981874,-1.885053,-1.850297,1.189413,-1.981874,-1.885462,0.000000,0.000000,0.000000,0.000000,0.000000,0.000000,0.000000,0.000000,-1515.782837,348.049377,758.090515,1310.599976
11.6206,True,0.000000,0.000000,0.000000,0.000000,0.000000,0.000000,-1.850035,1.189413,-1.981986,-1.885053,-1.849655,1.189413,-1.981986,-1.885053,0.000000,0.000000,0.000000,0.000000,0.000000,0.000000,0.000000,0.000000,-1515.782837,348.049377,758.090515,1310.599976
11.6404,True,0.000000,0.000000,0.000000,0.000000,0.000000,0.000000,-1.849655,1.189413,-1.981874,-1.885053,-1.849655,1.189413,-1.981874,-1.885053,0.000000,0.000000,0.000000,0.000000,0.000000,0.000000,0.000000,0.000000,-1515.782837,348.049377,758.090515,1310.599976
11.6604,True,0.000000,0.000000,0.000000,0.000000,0.000000,0.000000,-1.849655,1.189413,-1.981986,-1.885053,-1.849394,1.189413,-1.981930,-1.885053,0.000000,0.000000,0.000000,0.000000,0.000000,0.000000,0.000000,0.000000,-1515.782837,348.049377,758.090515,1310.599976
11.6804,True,0.000000,0.000000,0.000000,0.000000,0.000000,0.000000,-1.849655,1.189413,-1.981930,-1.885053,-1.849655,1.189413,-1.981930,-1.885053,0.000000,0.000000,0.000000,0.000000,0.000000,0.000000,0.000000,0.000000,-1515.782837,348.049377,758.090515,1310.599976
11.7004,True,0.000000,0.000000,0.000000,0.000000,0.000000,0.000000,-1.849916,1.189868,-1.981930,-1.885053,-1.849916,1.189674,-1.981930,-1.885053,0.000000,0.000000,0.000000,0.000000,0.000000,0.000000,0.000000,0.000000,-1515.782837,348.049377,758.090515,1310.599976
11.7206,True,0.000000,0.000000,0.000000,0.000000,0.000000,0.000000,-1.849916,1.189413,-1.981986,-1.885053,-1.849394,1.189413,-1.981986,-1.884645,0.000000,0.000000,0.000000,0.000000,0.000000,0.000000,0.000000,0.000000,-1515.782837,348.049377,758.090515,1310.599976
11.7404,True,0.000000,0.000000,0.000000,0.000000,0.000000,0.000000,-1.849655,1.189219,-1.981930,-1.884810,-1.849655,1.189219,-1.981930,-1.884810,0.000000,0.000000,0.000000,0.000000,0.000000,0.000000,0.000000,0.000000,-1515.782837,348.049377,758.090515,1310.599976
11.7604,True,0.000000,0.000000,0.000000,0.000000,0.000000,0.000000,-1.849655,1.189219,-1.981930,-1.884810,-1.849655,1.189219,-1.981930,-1.884810,0.000000,0.000000,0.000000,0.000000,0.000000,0.000000,0.000000,0.000000,-1515.782837,348.049377,758.090515,1310.599976
11.7806,True,0.000000,0.000000,0.000000,0.000000,0.000000,0.000000,-1.849655,1.189219,-1.981930,-1.884810,-1.849655,1.189219,-1.981930,-1.884810,0.000000,0.000000,0.000000,0.000000,0.000000,0.000000,0.000000,0.000000,-1515.782837,348.049377,758.090515,1310.599976
11.8004,True,0.000000,0.000000,0.000000,0.000000,0.000000,0.000000,-1.849655,1.189219,-1.981930,-1.884810,-1.849916,1.189219,-1.981930,-1.884810,0.000000,0.000000,0.000000,0.000000,0.000000,0.000000,0.000000,0.000000,-1515.782837,348.049377,758.090515,1310.599976
11.8204,True,0.000000,0.000000,0.000000,0.000000,0.000000,0.000000,-1.849655,1.189219,-1.981930,-1.885053,-1.850035,1.189219,-1.981874,-1.884810,0.000000,0.000000,0.000000,0.000000,0.000000,0.000000,0.000000,0.000000,-1515.782837,348.049377,758.090515,1310.599976
11.8407,True,0.000000,0.000000,0.000000,0.000000,0.000000,0.000000,-1.850035,1.189219,-1.981930,-1.885462,-1.849655,1.189219,-1.981930,-1.885053,0.000000,0.000000,0.000000,0.000000,0.000000,0.000000,0.000000,0.000000,-1515.782837,348.049377,758.090515,1310.599976
11.8604,True,0.000000,0.000000,0.000000,0.000000,0.000000,0.000000,-1.849655,1.189868,-1.981930,-1.885053,-1.849916,1.189025,-1.981930,-1.885053,0.000000,0.000000,0.000000,0.000000,0.000000,0.000000,0.000000,0.000000,-1515.782837,348.049377,758.090515,1310.599976
11.8804,True,0.000000,0.000000,0.000000,0.000000,0.000000,0.000000,-1.849916,1.189219,-1.981930,-1.885053,-1.849916,1.189219,-1.981930,-1.885053,0.000000,0.000000,0.000000,0.000000,0.000000,0.000000,0.000000,0.000000,-1515.782837,348.049377,758.090515,1310.599976
11.9006,True,0.000000,0.000000,0.000000,0.000000,0.000000,0.000000,-1.849916,1.189413,-1.981930,-1.885053,-1.850297,1.189219,-1.981930,-1.885053,0.000000,0.000000,0.000000,0.000000,0.000000,0.000000,0.000000,0.000000,-1515.782837,348.049377,758.090515,1310.599976
11.9204,True,0.000000,0.000000,0.000000,0.000000,0.000000,0.000000,-1.849916,1.189413,-1.981930,-1.884810,-1.850297,1.189413,-1.981930,-1.884810,0.000000,0.000000,0.000000,0.000000,0.000000,0.000000,0.000000,0.000000,-1515.782837,348.049377,758.090515,1310.599976
11.9404,True,0.000000,0.000000,0.000000,0.000000,0.000000,0.000000,-1.849655,1.189025,-1.981930,-1.884810,-1.849655,1.189025,-1.981930,-1.884810,0.000000,0.000000,0.000000,0.000000,0.000000,0.000000,0.000000,0.000000,-1515.782837,348.049377,758.090515,1310.599976
11.9604,True,0.000000,0.000000,0.000000,0.000000,0.000000,0.000000,-1.849655,1.189025,-1.981930,-1.884810,-1.849655,1.189025,-1.981930,-1.884810,0.000000,0.000000,0.000000,0.000000,0.000000,0.000000,0.000000,0.000000,-1515.782837,348.049377,758.090515,1310.599976
11.9804,True,0.000000,0.000000,0.000000,0.000000,0.000000,0.000000,-1.849655,1.189025,-1.981930,-1.884810,-1.849655,1.189025,-1.981930,-1.884810,0.000000,0.000000,0.000000,0.000000,0.000000,0.000000,0.000000,0.000000,-1515.782837,348.049377,758.090515,1310.599976
12.0003,True,0.000000,0.000000,0.000000,0.000000,0.000000,0.000000,-1.849916,1.189025,-1.981930,-1.884810,-1.849655,1.189025,-1.981930,-1.884810,0.000000,0.000000,0.000000,0.000000,0.000000,0.000000,0.000000,0.000000,-1515.782837,348.049377,758.090515,1310.599976
12.0204,True,0.000000,0.000000,0.000000,0.000000,0.000000,0.000000,-1.849916,1.189025,-1.981930,-1.885053,-1.849916,1.189025,-1.981930,-1.885053,0.000000,0.000000,0.000000,0.000000,0.000000,0.000000,0.000000,0.000000,-1515.782837,348.049377,758.090515,1310.599976
12.0404,True,0.000000,0.000000,0.000000,0.000000,0.000000,0.000000,-1.849916,1.189025,-1.981930,-1.884810,-1.849916,1.189025,-1.981930,-1.884810,0.000000,0.000000,0.000000,0.000000,0.000000,0.000000,0.000000,0.000000,-1515.782837,348.049377,758.090515,1310.599976
12.0604,True,0.000000,0.000000,0.000000,0.000000,0.000000,0.000000,-1.849916,1.189025,-1.981930,-1.884810,-1.849655,1.189219,-1.981930,-1.884810,0.000000,0.000000,0.000000,0.000000,0.000000,0.000000,0.000000,0.000000,-1515.782837,348.049377,758.090515,1310.599976
12.0804,True,0.000000,0.000000,0.000000,0.000000,0.000000,0.000000,-1.849655,1.189025,-1.981930,-1.885218,-1.849655,1.189025,-1.981930,-1.885218,0.000000,0.000000,0.000000,0.000000,0.000000,0.000000,0.000000,0.000000,-1515.782837,348.049377,758.090515,1310.599976
12.1003,True,0.000000,0.000000,0.000000,0.000000,0.000000,0.000000,-1.849916,1.189025,-1.981930,-1.885218,-1.849916,1.189025,-1.981930,-1.885218,0.000000,0.000000,0.000000,0.000000,0.000000,0.000000,0.000000,0.000000,-1515.782837,348.049377,758.090515,1310.599976
12.1204,True,0.000000,0.000000,0.000000,0.000000,0.000000,0.000000,-1.849916,1.189674,-1.981930,-1.885218,-1.849655,1.189219,-1.981930,-1.885218,0.000000,0.000000,0.000000,0.000000,0.000000,0.000000,0.000000,0.000000,-1515.782837,348.049377,758.090515,1310.599976
12.1404,True,0.000000,0.000000,0.000000,0.000000,0.000000,0.000000,-1.849655,1.189413,-1.981930,-1.885218,-1.849916,1.189674,-1.981930,-1.885218,0.000000,0.000000,0.000000,0.000000,0.000000,0.000000,0.000000,0.000000,-1515.782837,348.049377,758.090515,1310.599976
12.1604,True,0.000000,0.000000,0.000000,0.000000,0.000000,0.000000,-1.850178,1.189025,-1.981930,-1.885218,-1.850178,1.189025,-1.981930,-1.885218,0.000000,0.000000,0.000000,0.000000,0.000000,0.000000,0.000000,0.000000,-1515.782837,348.049377,758.090515,1310.599976
12.1804,True,0.000000,0.000000,0.000000,0.000000,0.000000,0.000000,-1.849916,1.189219,-1.981930,-1.884810,-1.849916,1.189219,-1.981930,-1.884810,0.000000,0.000000,0.000000,0.000000,0.000000,0.000000,0.000000,0.000000,-1515.782837,348.049377,758.090515,1310.599976
12.2004,True,0.000000,0.000000,0.000000,0.000000,0.000000,0.000000,-1.849916,1.189219,-1.981930,-1.885218,-1.849916,1.189219,-1.981930,-1.885218,0.000000,0.000000,0.000000,0.000000,0.000000,0.000000,0.000000,0.000000,-1515.782837,348.049377,758.090515,1310.599976
12.2204,True,0.000000,0.000000,0.000000,0.000000,0.000000,0.000000,-1.849916,1.189219,-1.981930,-1.884810,-1.849394,1.189219,-1.981930,-1.885053,0.000000,0.000000,0.000000,0.000000,0.000000,0.000000,0.000000,0.000000,-1515.782837,348.049377,758.090515,1310.599976
12.2403,True,0.000000,0.000000,0.000000,0.000000,0.000000,0.000000,-1.849655,1.189219,-1.981930,-1.885053,-1.849655,1.189219,-1.981930,-1.885053,0.000000,0.000000,0.000000,0.000000,0.000000,0.000000,0.000000,0.000000,-1515.782837,348.049377,758.090515,1310.599976
12.2604,True,0.000000,0.000000,0.000000,0.000000,0.000000,0.000000,-1.849655,1.189219,-1.981930,-1.884810,-1.849655,1.189025,-1.981930,-1.884810,0.000000,0.000000,0.000000,0.000000,0.000000,0.000000,0.000000,0.000000,-1515.782837,348.049377,758.090515,1310.599976
12.2804,True,0.000000,0.000000,0.000000,0.000000,0.000000,0.000000,-1.849655,1.189219,-1.981930,-1.884645,-1.849655,1.189607,-1.981930,-1.884645,0.000000,0.000000,0.000000,0.000000,0.000000,0.000000,0.000000,0.000000,-1515.782837,348.049377,758.090515,1310.599976
12.3004,True,0.000000,0.000000,0.000000,0.000000,0.000000,0.000000,-1.849655,1.189219,-1.981930,-1.885462,-1.849655,1.189219,-1.981930,-1.885462,0.000000,0.000000,0.000000,0.000000,0.000000,0.000000,0.000000,0.000000,-1515.782837,348.049377,758.090515,1310.599976
12.3204,True,0.000000,0.000000,0.000000,0.000000,0.000000,0.000000,-1.850297,1.189219,-1.981930,-1.885462,-1.849655,1.189219,-1.981930,-1.885462,0.000000,0.000000,0.000000,0.000000,0.000000,0.000000,0.000000,0.000000,-1515.782837,348.049377,758.090515,1310.599976
12.3404,True,0.000000,0.000000,0.000000,0.000000,0.000000,0.000000,-1.849655,1.189219,-1.981930,-1.884810,-1.849655,1.189219,-1.981930,-1.884810,0.000000,0.000000,0.000000,0.000000,0.000000,0.000000,0.000000,0.000000,-1515.782837,348.049377,758.090515,1310.599976
12.3604,True,0.000000,0.000000,0.000000,0.000000,0.000000,0.000000,-1.849916,1.189868,-1.981930,-1.885462,-1.849916,1.189219,-1.981930,-1.885462,0.000000,0.000000,0.000000,0.000000,0.000000,0.000000,0.000000,0.000000,-1515.782837,348.049377,758.090515,1310.599976
12.3804,True,0.000000,0.000000,0.000000,0.000000,0.000000,0.000000,-1.849655,1.189219,-1.981930,-1.884810,-1.849916,1.189219,-1.981930,-1.884810,0.000000,0.000000,0.000000,0.000000,0.000000,0.000000,0.000000,0.000000,-1515.782837,348.049377,758.090515,1310.599976
12.4004,True,0.000000,0.000000,0.000000,0.000000,0.000000,0.000000,-1.849655,1.189025,-1.981930,-1.885218,-1.849394,1.189025,-1.981930,-1.884810,0.000000,0.000000,0.000000,0.000000,0.000000,0.000000,0.000000,0.000000,-1515.782837,348.049377,758.090515,1310.599976
12.4204,True,0.000000,0.000000,0.000000,0.000000,0.000000,0.000000,-1.850297,1.189413,-1.981930,-1.884401,-1.850297,1.189413,-1.981930,-1.884401,0.000000,0.000000,0.000000,0.000000,0.000000,0.000000,0.000000,0.000000,-1515.782837,348.049377,758.090515,1310.599976
12.4404,True,0.000000,0.000000,0.000000,0.000000,0.000000,0.000000,-1.849916,1.189413,-1.981930,-1.885053,-1.849916,1.189413,-1.981930,-1.885053,0.000000,0.000000,0.000000,0.000000,0.000000,0.000000,0.000000,0.000000,-1515.782837,348.049377,758.090515,1310.599976
12.4604,True,0.000000,0.000000,0.000000,0.000000,0.000000,0.000000,-1.849916,1.189413,-1.981930,-1.885053,-1.849655,1.189413,-1.981930,-1.885053,0.000000,0.000000,0.000000,0.000000,0.000000,0.000000,0.000000,0.000000,-1515.782837,348.049377,758.090515,1310.599976
12.4804,True,0.000000,0.000000,0.000000,0.000000,0.000000,0.000000,-1.849655,1.189413,-1.981930,-1.885053,-1.849655,1.189413,-1.981930,-1.884645,0.000000,0.000000,0.000000,0.000000,0.000000,0.000000,0.000000,0.000000,-1515.782837,348.049377,758.090515,1310.599976
12.5004,True,0.000000,0.000000,0.000000,0.000000,0.000000,0.000000,-1.849655,1.189413,-1.981930,-1.885462,-1.849655,1.189413,-1.981930,-1.885462,0.000000,0.000000,0.000000,0.000000,0.000000,0.000000,0.000000,0.000000,-1515.782837,348.049377,758.090515,1310.599976
12.5205,True,0.000000,0.000000,0.000000,0.000000,0.000000,0.000000,-1.849916,1.189413,-1.981986,-1.885218,-1.849916,1.189413,-1.981986,-1.884810,0.000000,0.000000,0.000000,0.000000,0.000000,0.000000,0.000000,0.000000,-1515.782837,348.049377,758.090515,1310.599976
12.5404,True,0.000000,0.000000,0.000000,0.000000,0.000000,0.000000,-1.849916,1.189413,-1.981874,-1.885462,-1.849916,1.189413,-1.981874,-1.885053,0.000000,0.000000,0.000000,0.000000,0.000000,0.000000,0.000000,0.000000,-1515.782837,348.049377,758.090515,1310.599976
12.5605,True,0.000000,0.000000,0.000000,0.000000,0.000000,0.000000,-1.849655,1.189413,-1.981930,-1.885053,-1.849655,1.189413,-1.981930,-1.885053,0.000000,0.000000,0.000000,0.000000,0.000000,0.000000,0.000000,0.000000,-1515.782837,348.049377,758.090515,1310.599976
12.5804,True,0.000000,0.000000,0.000000,0.000000,0.000000,0.000000,-1.849916,1.189413,-1.981986,-1.885462,-1.849916,1.189413,-1.981930,-1.885462,0.000000,0.000000,0.000000,0.000000,0.000000,0.000000,0.000000,0.000000,-1515.782837,348.049377,758.090515,1310.599976
12.6003,True,0.000000,0.000000,0.000000,0.000000,0.000000,0.000000,-1.849655,1.189413,-1.981874,-1.884810,-1.849655,1.189413,-1.981874,-1.884810,0.000000,0.000000,0.000000,0.000000,0.000000,0.000000,0.000000,0.000000,-1515.782837,348.049377,758.090515,1310.599976
12.6204,True,0.000000,0.000000,0.000000,0.000000,0.000000,0.000000,-1.849655,1.189413,-1.981930,-1.885218,-1.849916,1.189413,-1.981986,-1.884810,0.000000,0.000000,0.000000,0.000000,0.000000,0.000000,0.000000,0.000000,-1515.782837,348.049377,758.090515,1310.599976
12.6404,True,0.000000,0.000000,0.000000,0.000000,0.000000,0.000000,-1.849655,1.189413,-1.981986,-1.884810,-1.849655,1.189413,-1.981986,-1.884810,0.000000,0.000000,0.000000,0.000000,0.000000,0.000000,0.000000,0.000000,-1515.782837,348.049377,758.090515,1310.599976
12.6604,True,0.000000,0.000000,0.000000,0.000000,0.000000,0.000000,-1.849655,1.189413,-1.981399,-1.885053,-1.849916,1.189413,-1.981930,-1.885053,0.000000,0.000000,0.000000,0.000000,0.000000,0.000000,0.000000,0.000000,-1515.782837,348.049377,758.090515,1310.599976
12.6804,True,0.000000,0.000000,0.000000,0.000000,0.000000,0.000000,-1.849916,1.189413,-1.981930,-1.884810,-1.849655,1.189413,-1.981343,-1.885053,0.000000,0.000000,0.000000,0.000000,0.000000,0.000000,0.000000,0.000000,-1515.782837,348.049377,758.090515,1310.599976
12.7004,True,0.000000,0.000000,0.000000,0.000000,0.000000,0.000000,-1.849655,1.189413,-1.981930,-1.885053,-1.849916,1.189413,-1.981930,-1.885053,0.000000,0.000000,0.000000,0.000000,0.000000,0.000000,0.000000,0.000000,-1515.782837,348.049377,758.090515,1310.599976
12.7204,True,0.000000,0.000000,0.000000,0.000000,0.000000,0.000000,-1.849916,1.189413,-1.981986,-1.884810,-1.850178,1.189413,-1.981986,-1.884810,0.000000,0.000000,0.000000,0.000000,0.000000,0.000000,0.000000,0.000000,-1515.782837,348.049377,758.090515,1310.599976
12.7404,True,0.000000,0.000000,0.000000,0.000000,0.000000,0.000000,-1.849916,1.189413,-1.981986,-1.884810,-1.849916,1.189413,-1.981343,-1.885053,0.000000,0.000000,0.000000,0.000000,0.000000,0.000000,0.000000,0.000000,-1515.782837,348.049377,758.090515,1310.599976
12.7604,True,0.000000,0.000000,0.000000,0.000000,0.000000,0.000000,-1.849655,1.189413,-1.981399,-1.885053,-1.849916,1.189413,-1.981399,-1.885053,0.000000,0.000000,0.000000,0.000000,0.000000,0.000000,0.000000,0.000000,-1515.782837,348.049377,758.090515,1310.599976
12.7804,True,0.000000,0.000000,0.000000,0.000000,0.000000,0.000000,-1.849916,1.189413,-1.982041,-1.885053,-1.849916,1.189413,-1.981399,-1.885053,0.000000,0.000000,0.000000,0.000000,0.000000,0.000000,0.000000,0.000000,-1515.782837,348.049377,758.090515,1310.599976
12.8004,True,0.000000,0.000000,0.000000,0.000000,0.000000,0.000000,-1.850297,1.189413,-1.981986,-1.885053,-1.849655,1.189413,-1.981399,-1.885053,0.000000,0.000000,0.000000,0.000000,0.000000,0.000000,0.000000,0.000000,-1515.782837,348.049377,758.090515,1310.599976
12.8204,True,0.000000,0.000000,0.000000,0.000000,0.000000,0.000000,-1.849916,1.189413,-1.981399,-1.884810,-1.849916,1.189413,-1.981399,-1.884810,0.000000,0.000000,0.000000,0.000000,0.000000,0.000000,0.000000,0.000000,-1515.782837,348.049377,758.090515,1310.599976
12.8404,True,0.000000,0.000000,0.000000,0.000000,0.000000,0.000000,-1.849655,1.189413,-1.981986,-1.885053,-1.849655,1.189413,-1.981399,-1.884645,0.000000,0.000000,0.000000,0.000000,0.000000,0.000000,0.000000,0.000000,-1515.782837,348.049377,758.090515,1310.599976
12.8605,True,0.000000,0.000000,0.000000,0.000000,0.000000,0.000000,-1.849916,1.189413,-1.981343,-1.884645,-1.849916,1.189413,-1.981986,-1.884810,0.000000,0.000000,0.000000,0.000000,0.000000,0.000000,0.000000,0.000000,-1515.782837,348.049377,758.090515,1310.599976
12.8804,True,0.000000,0.000000,0.000000,0.000000,0.000000,0.000000,-1.849655,1.189413,-1.981343,-1.885053,-1.849655,1.189413,-1.981986,-1.885053,0.000000,0.000000,0.000000,0.000000,0.000000,0.000000,0.000000,0.000000,-1515.782837,348.049377,758.090515,1310.599976
12.9004,True,0.000000,0.000000,0.000000,0.000000,0.000000,0.000000,-1.849655,1.189413,-1.982041,-1.884810,-1.849655,1.189413,-1.982041,-1.884810,0.000000,0.000000,0.000000,0.000000,0.000000,0.000000,0.000000,0.000000,-1515.782837,348.049377,758.090515,1310.599976
12.9205,True,0.000000,0.000000,0.000000,0.000000,0.000000,0.000000,-1.849655,1.189413,-1.981343,-1.885053,-1.849916,1.189413,-1.981930,-1.885053,0.000000,0.000000,0.000000,0.000000,0.000000,0.000000,0.000000,0.000000,-1515.782837,348.049377,758.090515,1310.599976
12.9404,True,0.000000,0.000000,0.000000,0.000000,0.000000,0.000000,-1.849916,1.189413,-1.981930,-1.884645,-1.849916,1.189219,-1.981986,-1.884645,0.000000,0.000000,0.000000,0.000000,0.000000,0.000000,0.000000,0.000000,-1515.782837,348.049377,758.090515,1310.599976
12.9604,True,0.000000,0.000000,0.000000,0.000000,0.000000,0.000000,-1.849655,1.189413,-1.981930,-1.885053,-1.849655,1.189413,-1.981930,-1.885053,0.000000,0.000000,0.000000,0.000000,0.000000,0.000000,0.000000,0.000000,-1515.782837,348.049377,758.090515,1310.599976
12.9804,True,0.000000,0.000000,0.000000,0.000000,0.000000,0.000000,-1.849916,1.189413,-1.981930,-1.885053,-1.849916,1.189413,-1.981930,-1.885053,0.000000,0.000000,0.000000,0.000000,0.000000,0.000000,0.000000,0.000000,-1515.782837,348.049377,758.090515,1310.599976
13.0004,True,0.000000,0.000000,0.000000,0.000000,0.000000,0.000000,-1.849916,1.189219,-1.981986,-1.885053,-1.849916,1.189219,-1.981986,-1.885053,0.000000,0.000000,0.000000,0.000000,0.000000,0.000000,0.000000,0.000000,-1515.782837,348.049377,758.090515,1310.599976
13.0204,True,0.000000,0.000000,0.000000,0.000000,0.000000,0.000000,-1.849916,1.189481,-1.981986,-1.885053,-1.849655,1.189481,-1.981986,-1.885053,0.000000,0.000000,0.000000,0.000000,0.000000,0.000000,0.000000,0.000000,-1515.782837,348.049377,758.090515,1310.599976
13.0405,True,0.000000,0.000000,0.000000,0.000000,0.000000,0.000000,-1.849916,1.189481,-1.981986,-1.885462,-1.849916,1.189481,-1.981986,-1.885053,0.000000,0.000000,0.000000,0.000000,0.000000,0.000000,0.000000,0.000000,-1515.782837,348.049377,758.090515,1310.599976
13.0605,True,0.000000,0.000000,0.000000,0.000000,0.000000,0.000000,-1.849916,1.189413,-1.981986,-1.884645,-1.849916,1.189413,-1.981986,-1.884645,0.000000,0.000000,0.000000,0.000000,0.000000,0.000000,0.000000,0.000000,-1515.782837,348.049377,758.090515,1310.599976
13.0804,True,0.000000,0.000000,0.000000,0.000000,0.000000,0.000000,-1.849916,1.189413,-1.981930,-1.884645,-1.849916,1.189219,-1.981930,-1.885053,0.000000,0.000000,0.000000,0.000000,0.000000,0.000000,0.000000,0.000000,-1515.782837,348.049377,758.090515,1310.599976
13.1004,True,0.000000,0.000000,0.000000,0.000000,0.000000,0.000000,-1.849916,1.189219,-1.981986,-1.884810,-1.849916,1.189219,-1.981986,-1.884810,0.000000,0.000000,0.000000,0.000000,0.000000,0.000000,0.000000,0.000000,-1515.782837,348.049377,758.090515,1310.599976
13.1204,True,0.000000,0.000000,0.000000,0.000000,0.000000,0.000000,-1.849916,1.189413,-1.981930,-1.884810,-1.849916,1.189607,-1.981930,-1.884810,0.000000,0.000000,0.000000,0.000000,0.000000,0.000000,0.000000,0.000000,-1515.782837,348.049377,758.090515,1310.599976
13.1404,True,0.000000,0.000000,0.000000,0.000000,0.000000,0.000000,-1.849394,1.189607,-1.981343,-1.885053,-1.849916,1.189607,-1.981343,-1.885053,0.000000,0.000000,0.000000,0.000000,0.000000,0.000000,0.000000,0.000000,-1515.782837,348.049377,758.090515,1310.599976
13.1604,True,0.000000,0.000000,0.000000,0.000000,0.000000,0.000000,-1.849916,1.189413,-1.981930,-1.885053,-1.849655,1.189413,-1.981930,-1.885053,0.000000,0.000000,0.000000,0.000000,0.000000,0.000000,0.000000,0.000000,-1515.782837,348.049377,758.090515,1310.599976
13.1804,True,0.000000,0.000000,0.000000,0.000000,0.000000,0.000000,-1.849916,1.189413,-1.981399,-1.885053,-1.849916,1.189413,-1.981986,-1.885053,0.000000,0.000000,0.000000,0.000000,0.000000,0.000000,0.000000,0.000000,-1515.782837,348.049377,758.090515,1310.599976
13.2004,True,0.000000,0.000000,0.000000,0.000000,0.000000,0.000000,-1.849916,1.189413,-1.981986,-1.885297,-1.849655,1.189413,-1.981986,-1.885297,0.000000,0.000000,0.000000,0.000000,0.000000,0.000000,0.000000,0.000000,-1515.782837,348.049377,758.090515,1310.599976
13.2204,True,0.000000,0.000000,0.000000,0.000000,0.000000,0.000000,-1.849916,1.189413,-1.981930,-1.885297,-1.849916,1.189413,-1.981930,-1.885297,0.000000,0.000000,0.000000,0.000000,0.000000,0.000000,0.000000,0.000000,-1515.782837,348.049377,758.090515,1310.599976
13.2404,True,0.000000,0.000000,0.000000,0.000000,0.000000,0.000000,-1.849655,1.189413,-1.981930,-1.885053,-1.849655,1.189219,-1.981930,-1.885053,0.000000,0.000000,0.000000,0.000000,0.000000,0.000000,0.000000,0.000000,-1515.782837,348.049377,758.090515,1310.599976
13.2604,True,0.000000,0.000000,0.000000,0.000000,0.000000,0.000000,-1.850297,1.189607,-1.981986,-1.885053,-1.850297,1.189607,-1.981930,-1.885053,0.000000,0.000000,0.000000,0.000000,0.000000,0.000000,0.000000,0.000000,-1515.782837,348.049377,758.090515,1310.599976
13.2804,True,0.000000,0.000000,0.000000,0.000000,0.000000,0.000000,-1.849655,1.189607,-1.981874,-1.885462,-1.849655,1.189607,-1.981930,-1.885462,0.000000,0.000000,0.000000,0.000000,0.000000,0.000000,0.000000,0.000000,-1515.782837,348.049377,758.090515,1310.599976
13.3004,True,0.000000,0.000000,0.000000,0.000000,0.000000,0.000000,-1.849655,1.189413,-1.981874,-1.885053,-1.849655,1.189413,-1.981874,-1.885053,0.000000,0.000000,0.000000,0.000000,0.000000,0.000000,0.000000,0.000000,-1515.782837,348.049377,758.090515,1310.599976
13.3204,True,0.000000,0.000000,0.000000,0.000000,0.000000,0.000000,-1.849916,1.189413,-1.981399,-1.884810,-1.849916,1.189413,-1.981986,-1.884810,0.000000,0.000000,0.000000,0.000000,0.000000,0.000000,0.000000,0.000000,-1515.782837,348.049377,758.090515,1310.599976
13.3404,True,0.000000,0.000000,0.000000,0.000000,0.000000,0.000000,-1.849916,1.189413,-1.981986,-1.885053,-1.849916,1.189413,-1.981986,-1.885053,0.000000,0.000000,0.000000,0.000000,0.000000,0.000000,0.000000,0.000000,-1515.782837,348.049377,758.090515,1310.599976
13.3604,True,0.000000,0.000000,0.000000,0.000000,0.000000,0.000000,-1.849916,1.189413,-1.981986,-1.885053,-1.849916,1.189413,-1.981986,-1.885053,0.000000,0.000000,0.000000,0.000000,0.000000,0.000000,0.000000,0.000000,-1515.782837,348.049377,758.090515,1310.599976
13.3804,True,0.000000,0.000000,0.000000,0.000000,0.000000,0.000000,-1.849916,1.189413,-1.981930,-1.884889,-1.849916,1.189413,-1.981343,-1.884889,0.000000,0.000000,0.000000,0.000000,0.000000,0.000000,0.000000,0.000000,-1515.782837,348.049377,758.090515,1310.599976
13.4004,True,0.000000,0.000000,0.000000,0.000000,0.000000,0.000000,-1.849916,1.189607,-1.981874,-1.885053,-1.849916,1.189607,-1.981874,-1.885053,0.000000,0.000000,0.000000,0.000000,0.000000,0.000000,0.000000,0.000000,-1515.782837,348.049377,758.090515,1310.599976
13.4204,True,0.000000,0.000000,0.000000,0.000000,0.000000,0.000000,-1.849916,1.189413,-1.981874,-1.885053,-1.849916,1.189413,-1.981874,-1.885053,0.000000,0.000000,0.000000,0.000000,0.000000,0.000000,0.000000,0.000000,-1515.782837,348.049377,758.090515,1310.599976
13.4404,True,0.000000,0.000000,0.000000,0.000000,0.000000,0.000000,-1.849916,1.189607,-1.981874,-1.885053,-1.849916,1.189607,-1.981874,-1.885053,0.000000,0.000000,0.000000,0.000000,0.000000,0.000000,0.000000,0.000000,-1515.782837,348.049377,758.090515,1310.599976
13.4604,True,0.000000,0.000000,0.000000,0.000000,0.000000,0.000000,-1.849655,1.189413,-1.981874,-1.885053,-1.849655,1.189607,-1.981930,-1.885053,0.000000,0.000000,0.000000,0.000000,0.000000,0.000000,0.000000,0.000000,-1515.782837,348.049377,758.090515,1310.599976
13.4807,True,0.000000,0.000000,0.000000,0.000000,0.000000,0.000000,-1.849655,1.189413,-1.981930,-1.885053,-1.849916,1.189413,-1.981930,-1.885053,0.000000,0.000000,0.000000,0.000000,0.000000,0.000000,0.000000,0.000000,-1515.782837,348.049377,758.090515,1310.599976
13.5004,True,0.000000,0.000000,0.000000,0.000000,0.000000,0.000000,-1.849655,1.189413,-1.981930,-1.885053,-1.849537,1.189413,-1.981930,-1.885053,0.000000,0.000000,0.000000,0.000000,0.000000,0.000000,0.000000,0.000000,-1515.782837,348.049377,758.090515,1310.599976
13.5204,True,0.000000,0.000000,0.000000,0.000000,0.000000,0.000000,-1.849655,1.189800,-1.981930,-1.885053,-1.849655,1.189800,-1.981930,-1.885053,0.000000,0.000000,0.000000,0.000000,0.000000,0.000000,0.000000,0.000000,-1515.782837,348.049377,758.090515,1310.599976
13.5404,True,0.000000,0.000000,0.000000,0.000000,0.000000,0.000000,-1.849655,1.189413,-1.981343,-1.885053,-1.849655,1.189413,-1.981343,-1.885053,0.000000,0.000000,0.000000,0.000000,0.000000,0.000000,0.000000,0.000000,-1515.782837,348.049377,758.090515,1310.599976
13.5604,True,0.000000,0.000000,0.000000,0.000000,0.000000,0.000000,-1.849655,1.189413,-1.981986,-1.885053,-1.849655,1.189413,-1.981986,-1.885053,0.000000,0.000000,0.000000,0.000000,0.000000,0.000000,0.000000,0.000000,-1515.782837,348.049377,758.090515,1310.599976
13.5804,True,0.000000,0.000000,0.000000,0.000000,0.000000,0.000000,-1.849655,1.189607,-1.981874,-1.885053,-1.849655,1.189607,-1.981874,-1.885053,0.000000,0.000000,0.000000,0.000000,0.000000,0.000000,0.000000,0.000000,-1515.782837,348.049377,758.090515,1310.599976
13.6004,True,0.000000,0.000000,0.000000,0.000000,0.000000,0.000000,-1.849655,1.189413,-1.981930,-1.885053,-1.849655,1.189413,-1.981930,-1.885053,0.000000,0.000000,0.000000,0.000000,0.000000,0.000000,0.000000,0.000000,-1515.782837,348.049377,758.090515,1310.599976
13.6204,True,0.000000,0.000000,0.000000,0.000000,0.000000,0.000000,-1.849655,1.189800,-1.981930,-1.885297,-1.849655,1.189413,-1.981930,-1.885297,0.000000,0.000000,0.000000,0.000000,0.000000,0.000000,0.000000,0.000000,-1515.782837,348.049377,758.090515,1310.599976
13.6404,True,0.000000,0.000000,0.000000,0.000000,0.000000,0.000000,-1.849655,1.189413,-1.981930,-1.884645,-1.849655,1.189413,-1.981930,-1.884645,0.000000,0.000000,0.000000,0.000000,0.000000,0.000000,0.000000,0.000000,-1515.782837,348.049377,758.090515,1310.599976
13.6604,True,0.000000,0.000000,0.000000,0.000000,0.000000,0.000000,-1.849655,1.189413,-1.981930,-1.884645,-1.849655,1.189413,-1.981930,-1.884645,0.000000,0.000000,0.000000,0.000000,0.000000,0.000000,0.000000,0.000000,-1515.782837,348.049377,758.090515,1310.599976
13.6804,True,0.000000,0.000000,0.000000,0.000000,0.000000,0.000000,-1.849655,1.189413,-1.981930,-1.884645,-1.849655,1.189413,-1.981930,-1.884645,0.000000,0.000000,0.000000,0.000000,0.000000,0.000000,0.000000,0.000000,-1515.782837,348.049377,758.090515,1310.599976
13.7004,True,0.000000,0.000000,0.000000,0.000000,0.000000,0.000000,-1.849655,1.189413,-1.981930,-1.885053,-1.849655,1.189413,-1.981930,-1.884810,0.000000,0.000000,0.000000,0.000000,0.000000,0.000000,0.000000,0.000000,-1515.782837,348.049377,758.090515,1310.599976
13.7204,True,0.000000,0.000000,0.000000,0.000000,0.000000,0.000000,-1.849655,1.189413,-1.981930,-1.885053,-1.849655,1.189413,-1.981930,-1.885053,0.000000,0.000000,0.000000,0.000000,0.000000,0.000000,0.000000,0.000000,-1515.782837,348.049377,758.090515,1310.599976
13.7404,True,0.000000,0.000000,0.000000,0.000000,0.000000,0.000000,-1.849655,1.189219,-1.981930,-1.885053,-1.849655,1.189219,-1.981930,-1.885053,0.000000,0.000000,0.000000,0.000000,0.000000,0.000000,0.000000,0.000000,-1515.782837,348.049377,758.090515,1310.599976
13.7605,True,0.000000,0.000000,0.000000,0.000000,0.000000,0.000000,-1.849655,1.189219,-1.981930,-1.884810,-1.849916,1.189219,-1.981930,-1.884810,0.000000,0.000000,0.000000,0.000000,0.000000,0.000000,0.000000,0.000000,-1515.782837,348.049377,758.090515,1310.599976
13.7804,True,0.000000,0.000000,0.000000,0.000000,0.000000,0.000000,-1.849916,1.189219,-1.981930,-1.884810,-1.849916,1.189219,-1.981930,-1.884810,0.000000,0.000000,0.000000,0.000000,0.000000,0.000000,0.000000,0.000000,-1515.782837,348.049377,758.090515,1310.599976
13.8004,True,0.000000,0.000000,0.000000,0.000000,0.000000,0.000000,-1.849916,1.189219,-1.981930,-1.884810,-1.849655,1.189219,-1.981930,-1.884810,0.000000,0.000000,0.000000,0.000000,0.000000,0.000000,0.000000,0.000000,-1515.782837,348.049377,758.090515,1310.599976
13.8206,True,0.000000,0.000000,0.000000,0.000000,0.000000,0.000000,-1.849655,1.189219,-1.981930,-1.884810,-1.849655,1.189219,-1.981930,-1.885053,0.000000,0.000000,0.000000,0.000000,0.000000,0.000000,0.000000,0.000000,-1515.782837,348.049377,758.090515,1310.599976
13.8407,True,0.000000,0.000000,0.000000,0.000000,0.000000,0.000000,-1.849655,1.189219,-1.981930,-1.885053,-1.850178,1.189219,-1.981930,-1.885053,0.000000,0.000000,0.000000,0.000000,0.000000,0.000000,0.000000,0.000000,-1515.782837,348.049377,758.090515,1310.599976
13.8604,True,0.000000,0.000000,0.000000,0.000000,0.000000,0.000000,-1.849916,1.189219,-1.981930,-1.884810,-1.849916,1.189219,-1.981930,-1.884645,0.000000,0.000000,0.000000,0.000000,0.000000,0.000000,0.000000,0.000000,-1515.782837,348.049377,758.090515,1310.599976
13.8805,True,0.000000,0.000000,0.000000,0.000000,0.000000,0.000000,-1.849916,1.189219,-1.981343,-1.885053,-1.849916,1.189219,-1.981399,-1.885053,0.000000,0.000000,0.000000,0.000000,0.000000,0.000000,0.000000,0.000000,-1515.782837,348.049377,758.090515,1310.599976
13.9006,True,0.000000,0.000000,0.000000,0.000000,0.000000,0.000000,-1.849655,1.189219,-1.981343,-1.884810,-1.849655,1.189219,-1.981986,-1.885053,0.000000,0.000000,0.000000,0.000000,0.000000,0.000000,0.000000,0.000000,-1515.782837,348.049377,758.090515,1310.599976
13.9204,True,0.000000,0.000000,0.000000,0.000000,0.000000,0.000000,-1.849916,1.189219,-1.981930,-1.884810,-1.849916,1.189219,-1.981930,-1.884810,0.000000,0.000000,0.000000,0.000000,0.000000,0.000000,0.000000,0.000000,-1515.782837,348.049377,758.090515,1310.599976
13.9404,True,0.000000,0.000000,0.000000,0.000000,0.000000,0.000000,-1.849916,1.189219,-1.981399,-1.885462,-1.849655,1.189219,-1.981399,-1.885462,0.000000,0.000000,0.000000,0.000000,0.000000,0.000000,0.000000,0.000000,-1515.782837,348.049377,758.090515,1310.599976
13.9604,True,0.000000,0.000000,0.000000,0.000000,0.000000,0.000000,-1.849655,1.189219,-1.981343,-1.885053,-1.849655,1.189219,-1.981343,-1.885053,0.000000,0.000000,0.000000,0.000000,0.000000,0.000000,0.000000,0.000000,-1515.782837,348.049377,758.090515,1310.599976
13.9804,True,0.000000,0.000000,0.000000,0.000000,0.000000,0.000000,-1.849916,1.189219,-1.981399,-1.885053,-1.849655,1.189219,-1.981343,-1.885053,0.000000,0.000000,0.000000,0.000000,0.000000,0.000000,0.000000,0.000000,-1515.782837,348.049377,758.090515,1310.599976
14.0004,True,0.000000,0.000000,0.000000,0.000000,0.000000,0.000000,-1.849916,1.189219,-1.981930,-1.885053,-1.849916,1.189219,-1.981343,-1.884810,0.000000,0.000000,0.000000,0.000000,0.000000,0.000000,0.000000,0.000000,-1515.782837,348.049377,758.090515,1310.599976
14.0205,True,0.000000,0.000000,0.000000,0.000000,0.000000,0.000000,-1.849916,1.189219,-1.981930,-1.884810,-1.849916,1.189219,-1.981930,-1.884810,0.000000,0.000000,0.000000,0.000000,0.000000,0.000000,0.000000,0.000000,-1515.782837,348.049377,758.090515,1310.599976
14.0404,True,0.000000,0.000000,0.000000,0.000000,0.000000,0.000000,-1.849916,1.189219,-1.981930,-1.884810,-1.849916,1.189219,-1.981930,-1.884810,0.000000,0.000000,0.000000,0.000000,0.000000,0.000000,0.000000,0.000000,-1515.782837,348.049377,758.090515,1310.599976
14.0604,True,0.000000,0.000000,0.000000,0.000000,0.000000,0.000000,-1.849916,1.189219,-1.981399,-1.884810,-1.849916,1.189219,-1.981986,-1.884810,0.000000,0.000000,0.000000,0.000000,0.000000,0.000000,0.000000,0.000000,-1515.782837,348.049377,758.090515,1310.599976
14.0810,True,0.000000,0.000000,0.000000,0.000000,0.000000,0.000000,-1.849916,1.189219,-1.981986,-1.885297,-1.849916,1.189219,-1.981986,-1.885053,0.000000,0.000000,0.000000,0.000000,0.000000,0.000000,0.000000,0.000000,-1515.782837,348.049377,758.090515,1310.599976
14.1004,True,0.000000,0.000000,0.000000,0.000000,0.000000,0.000000,-1.849537,1.189219,-1.981986,-1.885053,-1.849537,1.189219,-1.981986,-1.885053,0.000000,0.000000,0.000000,0.000000,0.000000,0.000000,0.000000,0.000000,-1515.782837,348.049377,758.090515,1310.599976
14.1204,True,0.000000,0.000000,0.000000,0.000000,0.000000,0.000000,-1.849655,1.189219,-1.981930,-1.884810,-1.849655,1.189219,-1.981930,-1.884810,0.000000,0.000000,0.000000,0.000000,0.000000,0.000000,0.000000,0.000000,-1515.782837,348.049377,758.090515,1310.599976
14.1406,True,0.000000,0.000000,0.000000,0.000000,0.000000,0.000000,-1.849655,1.189219,-1.981930,-1.884810,-1.850297,1.189219,-1.981930,-1.885053,0.000000,0.000000,0.000000,0.000000,0.000000,0.000000,0.000000,0.000000,-1515.782837,348.049377,758.090515,1310.599976
14.1604,True,0.000000,0.000000,0.000000,0.000000,0.000000,0.000000,-1.849655,1.189219,-1.981986,-1.884645,-1.849655,1.189219,-1.981930,-1.884645,0.000000,0.000000,0.000000,0.000000,0.000000,0.000000,0.000000,0.000000,-1515.782837,348.049377,758.090515,1310.599976
14.1804,True,0.000000,0.000000,0.000000,0.000000,0.000000,0.000000,-1.849655,1.189219,-1.981986,-1.885297,-1.849655,1.189219,-1.981986,-1.885297,0.000000,0.000000,0.000000,0.000000,0.000000,0.000000,0.000000,0.000000,-1515.782837,348.049377,758.090515,1310.599976
14.2007,True,0.000000,0.000000,0.000000,0.000000,0.000000,0.000000,-1.850035,1.189219,-1.981343,-1.884645,-1.850035,1.189219,-1.981986,-1.884645,0.000000,0.000000,0.000000,0.000000,0.000000,0.000000,0.000000,0.000000,-1515.782837,348.049377,758.090515,1310.599976
14.2205,True,0.000000,0.000000,0.000000,0.000000,0.000000,0.000000,-1.849655,1.189219,-1.981930,-1.885053,-1.849655,1.189219,-1.981986,-1.885053,0.000000,0.000000,0.000000,0.000000,0.000000,0.000000,0.000000,0.000000,-1515.782837,348.049377,758.090515,1310.599976
14.2404,True,0.000000,0.000000,0.000000,0.000000,0.000000,0.000000,-1.849655,1.189219,-1.981986,-1.885053,-1.849655,1.189219,-1.981986,-1.885053,0.000000,0.000000,0.000000,0.000000,0.000000,0.000000,0.000000,0.000000,-1515.782837,348.049377,758.090515,1310.599976
14.2604,True,0.000000,0.000000,0.000000,0.000000,0.000000,0.000000,-1.849655,1.189413,-1.981930,-1.885297,-1.849655,1.189413,-1.981930,-1.885297,0.000000,0.000000,0.000000,0.000000,0.000000,0.000000,0.000000,0.000000,-1515.782837,348.049377,758.090515,1310.599976
14.2804,True,0.000000,0.000000,0.000000,0.000000,0.000000,0.000000,-1.849655,1.189413,-1.981986,-1.885053,-1.849655,1.189413,-1.981986,-1.884810,0.000000,0.000000,0.000000,0.000000,0.000000,0.000000,0.000000,0.000000,-1515.782837,348.049377,758.090515,1310.599976
14.3004,True,0.000000,0.000000,0.000000,0.000000,0.000000,0.000000,-1.849916,1.189219,-1.981986,-1.885053,-1.849655,1.189219,-1.981986,-1.885053,0.000000,0.000000,0.000000,0.000000,0.000000,0.000000,0.000000,0.000000,-1515.782837,348.049377,758.090515,1310.599976
14.3204,True,0.000000,0.000000,0.000000,0.000000,0.000000,0.000000,-1.849655,1.189219,-1.981930,-1.885053,-1.849655,1.189219,-1.981930,-1.885053,0.000000,0.000000,0.000000,0.000000,0.000000,0.000000,0.000000,0.000000,-1515.782837,348.049377,758.090515,1310.599976
14.3404,True,0.000000,0.000000,0.000000,0.000000,0.000000,0.000000,-1.849655,1.189413,-1.981930,-1.885462,-1.849655,1.189413,-1.981930,-1.885462,0.000000,0.000000,0.000000,0.000000,0.000000,0.000000,0.000000,0.000000,-1515.782837,348.049377,758.090515,1310.599976
14.3604,True,0.000000,0.000000,0.000000,0.000000,0.000000,0.000000,-1.849916,1.189413,-1.981343,-1.885053,-1.849655,1.189413,-1.981930,-1.885053,0.000000,0.000000,0.000000,0.000000,0.000000,0.000000,0.000000,0.000000,-1515.782837,348.049377,758.090515,1310.599976
14.3804,True,0.000000,0.000000,0.000000,0.000000,0.000000,0.000000,-1.849655,1.189607,-1.981930,-1.885462,-1.849916,1.189607,-1.981930,-1.885053,0.000000,0.000000,0.000000,0.000000,0.000000,0.000000,0.000000,0.000000,-1515.782837,348.049377,758.090515,1310.599976
14.4004,True,0.000000,0.000000,0.000000,0.000000,0.000000,0.000000,-1.849916,1.189607,-1.981986,-1.885053,-1.849655,1.189607,-1.981986,-1.885297,0.000000,0.000000,0.000000,0.000000,0.000000,0.000000,0.000000,0.000000,-1515.782837,348.049377,758.090515,1310.599976
14.4205,True,0.000000,0.000000,0.000000,0.000000,0.000000,0.000000,-1.849655,1.189413,-1.981986,-1.885297,-1.849655,1.189413,-1.981986,-1.885053,0.000000,0.000000,0.000000,0.000000,0.000000,0.000000,0.000000,0.000000,-1515.782837,348.049377,758.090515,1310.599976
14.4404,True,0.000000,0.000000,0.000000,0.000000,0.000000,0.000000,-1.849655,1.189413,-1.981874,-1.884810,-1.849394,1.189413,-1.981874,-1.884810,0.000000,0.000000,0.000000,0.000000,0.000000,0.000000,0.000000,0.000000,-1515.782837,348.049377,758.090515,1310.599976
14.4604,True,0.000000,0.000000,0.000000,0.000000,0.000000,0.000000,-1.849916,1.189413,-1.981930,-1.885462,-1.849916,1.189607,-1.981986,-1.885462,0.000000,0.000000,0.000000,0.000000,0.000000,0.000000,0.000000,0.000000,-1515.782837,348.049377,758.090515,1310.599976
14.4810,True,0.000000,0.000000,0.000000,0.000000,0.000000,0.000000,-1.849655,1.189607,-1.981930,-1.885462,-1.849655,1.189607,-1.981930,-1.884645,0.000000,0.000000,0.000000,0.000000,0.000000,0.000000,0.000000,0.000000,-1515.782837,348.049377,758.090515,1310.599976
14.5004,True,0.000000,0.000000,0.000000,0.000000,0.000000,0.000000,-1.849655,1.189607,-1.981930,-1.884810,-1.849537,1.189607,-1.981930,-1.884810,0.000000,0.000000,0.000000,0.000000,0.000000,0.000000,0.000000,0.000000,-1515.782837,348.049377,758.090515,1310.599976
14.5204,True,0.000000,0.000000,0.000000,0.000000,0.000000,0.000000,-1.849537,1.189607,-1.981930,-1.885053,-1.849916,1.189607,-1.981930,-1.884645,0.000000,0.000000,0.000000,0.000000,0.000000,0.000000,0.000000,0.000000,-1515.782837,348.049377,758.090515,1310.599976
14.5405,True,0.000000,0.000000,0.000000,0.000000,0.000000,0.000000,-1.849916,1.189607,-1.981986,-1.885053,-1.849655,1.189607,-1.981986,-1.885053,0.000000,0.000000,0.000000,0.000000,0.000000,0.000000,0.000000,0.000000,-1515.782837,348.049377,758.090515,1310.599976
14.5604,True,0.000000,0.000000,0.000000,0.000000,0.000000,0.000000,-1.849394,1.189413,-1.981930,-1.885053,-1.850035,1.189413,-1.981986,-1.884645,0.000000,0.000000,0.000000,0.000000,0.000000,0.000000,0.000000,0.000000,-1515.782837,348.049377,758.090515,1310.599976
14.5804,True,0.000000,0.000000,0.000000,0.000000,0.000000,0.000000,-1.850035,1.189413,-1.981930,-1.884645,-1.849916,1.189151,-1.981930,-1.884645,0.000000,0.000000,0.000000,0.000000,0.000000,0.000000,0.000000,0.000000,-1515.782837,348.049377,758.090515,1310.599976
14.6005,True,0.000000,0.000000,0.000000,0.000000,0.000000,0.000000,-1.849655,1.189151,-1.981986,-1.885297,-1.849655,1.189151,-1.982041,-1.885053,0.000000,0.000000,0.000000,0.000000,0.000000,0.000000,0.000000,0.000000,-1515.782837,348.049377,758.090515,1310.599976
14.6204,True,0.000000,0.000000,0.000000,0.000000,0.000000,0.000000,-1.850178,1.189800,-1.981986,-1.885462,-1.850178,1.189800,-1.981986,-1.885462,0.000000,0.000000,0.000000,0.000000,0.000000,0.000000,0.000000,0.000000,-1515.782837,348.049377,758.090515,1310.599976
14.6404,True,0.000000,0.000000,0.000000,0.000000,0.000000,0.000000,-1.849916,1.189607,-1.981930,-1.884810,-1.849916,1.189607,-1.981930,-1.884810,0.000000,0.000000,0.000000,0.000000,0.000000,0.000000,0.000000,0.000000,-1515.782837,348.049377,758.090515,1310.599976
14.6604,True,0.000000,0.000000,0.000000,0.000000,0.000000,0.000000,-1.849916,1.189607,-1.981399,-1.884810,-1.849916,1.189607,-1.981399,-1.884810,0.000000,0.000000,0.000000,0.000000,0.000000,0.000000,0.000000,0.000000,-1515.782837,348.049377,758.090515,1310.599976
14.6804,True,0.000000,0.000000,0.000000,0.000000,0.000000,0.000000,-1.849655,1.189607,-1.981930,-1.885462,-1.849655,1.189607,-1.981930,-1.885462,0.000000,0.000000,0.000000,0.000000,0.000000,0.000000,0.000000,0.000000,-1515.782837,348.049377,758.090515,1310.599976
14.7004,True,0.000000,0.000000,0.000000,0.000000,0.000000,0.000000,-1.849916,1.189151,-1.981874,-1.885053,-1.849655,1.189607,-1.981874,-1.884810,0.000000,0.000000,0.000000,0.000000,0.000000,0.000000,0.000000,0.000000,-1515.782837,348.049377,758.090515,1310.599976
14.7204,True,0.000000,0.000000,0.000000,0.000000,0.000000,0.000000,-1.849916,1.189607,-1.981930,-1.884810,-1.849655,1.189607,-1.981930,-1.884810,0.000000,0.000000,0.000000,0.000000,0.000000,0.000000,0.000000,0.000000,-1515.782837,348.049377,758.090515,1310.599976
14.7404,True,0.000000,0.000000,0.000000,0.000000,0.000000,0.000000,-1.849655,1.189800,-1.981930,-1.885053,-1.849655,1.189607,-1.981930,-1.885053,0.000000,0.000000,0.000000,0.000000,0.000000,0.000000,0.000000,0.000000,-1515.782837,348.049377,758.090515,1310.599976
14.7607,True,0.000000,0.000000,0.000000,0.000000,0.000000,0.000000,-1.849655,1.189151,-1.981930,-1.884810,-1.849655,1.189413,-1.981930,-1.884810,0.000000,0.000000,0.000000,0.000000,0.000000,0.000000,0.000000,0.000000,-1515.782837,348.049377,758.090515,1310.599976
14.7806,True,0.000000,0.000000,0.000000,0.000000,0.000000,0.000000,-1.849655,1.189151,-1.981874,-1.884810,-1.850035,1.189151,-1.981930,-1.884810,0.000000,0.000000,0.000000,0.000000,0.000000,0.000000,0.000000,0.000000,-1515.782837,348.049377,758.090515,1310.599976
14.8004,True,0.000000,0.000000,0.000000,0.000000,0.000000,0.000000,-1.849655,1.189607,-1.981930,-1.885053,-1.849655,1.189413,-1.981930,-1.885053,0.000000,0.000000,0.000000,0.000000,0.000000,0.000000,0.000000,0.000000,-1515.782837,348.049377,758.090515,1310.599976
14.8206,True,0.000000,0.000000,0.000000,0.000000,0.000000,0.000000,-1.849655,1.189607,-1.981930,-1.885053,-1.849655,1.189151,-1.981930,-1.885053,0.000000,0.000000,0.000000,0.000000,0.000000,0.000000,0.000000,0.000000,-1515.782837,348.049377,758.090515,1310.599976
14.8404,True,0.000000,0.000000,0.000000,0.000000,0.000000,0.000000,-1.850035,1.189800,-1.981930,-1.884810,-1.850035,1.189800,-1.981930,-1.884810,0.000000,0.000000,0.000000,0.000000,0.000000,0.000000,0.000000,0.000000,-1515.782837,348.049377,758.090515,1310.599976
14.8604,True,0.000000,0.000000,0.000000,0.000000,0.000000,0.000000,-1.849655,1.189607,-1.981930,-1.884645,-1.849916,1.189413,-1.981874,-1.884645,0.000000,0.000000,0.000000,0.000000,0.000000,0.000000,0.000000,0.000000,-1515.782837,348.049377,758.090515,1310.599976
14.8804,True,0.000000,0.000000,0.000000,0.000000,0.000000,0.000000,-1.849655,1.189151,-1.981930,-1.885053,-1.849916,1.189151,-1.981930,-1.885218,0.000000,0.000000,0.000000,0.000000,0.000000,0.000000,0.000000,0.000000,-1515.782837,348.049377,758.090515,1310.599976
14.9004,True,0.000000,0.000000,0.000000,0.000000,0.000000,0.000000,-1.849655,1.189607,-1.981930,-1.885053,-1.849655,1.189607,-1.981930,-1.885053,0.000000,0.000000,0.000000,0.000000,0.000000,0.000000,0.000000,0.000000,-1515.782837,348.049377,758.090515,1310.599976
14.9204,True,0.000000,0.000000,0.000000,0.000000,0.000000,0.000000,-1.849916,1.189413,-1.981986,-1.885297,-1.849916,1.189607,-1.981343,-1.885297,0.000000,0.000000,0.000000,0.000000,0.000000,0.000000,0.000000,0.000000,-1515.782837,348.049377,758.090515,1310.599976
14.9404,True,0.000000,0.000000,0.000000,0.000000,0.000000,0.000000,-1.849655,1.189151,-1.981986,-1.885462,-1.849655,1.189151,-1.981986,-1.885053,0.000000,0.000000,0.000000,0.000000,0.000000,0.000000,0.000000,0.000000,-1515.782837,348.049377,758.090515,1310.599976
14.9604,True,0.000000,0.000000,0.000000,0.000000,0.000000,0.000000,-1.849916,1.189607,-1.981874,-1.885053,-1.850035,1.189607,-1.981874,-1.885053,0.000000,0.000000,0.000000,0.000000,0.000000,0.000000,0.000000,0.000000,-1515.782837,348.049377,758.090515,1310.599976
14.9804,True,0.000000,0.000000,0.000000,0.000000,0.000000,0.000000,-1.849655,1.189607,-1.981986,-1.885053,-1.849655,1.189607,-1.981986,-1.885053,0.000000,0.000000,0.000000,0.000000,0.000000,0.000000,0.000000,0.000000,-1515.782837,348.049377,758.090515,1310.599976
15.0005,True,0.000000,0.000000,0.000000,0.000000,0.000000,0.000000,-1.850035,1.189800,-1.981930,-1.884810,-1.849916,1.189800,-1.981930,-1.885053,0.000000,0.000000,0.000000,0.000000,0.000000,0.000000,0.000000,0.000000,-1515.782837,348.049377,758.090515,1310.599976
15.0204,True,0.000000,0.000000,0.000000,0.000000,0.000000,0.000000,-1.849655,1.189800,-1.981930,-1.884810,-1.849655,1.189607,-1.981930,-1.884810,0.000000,0.000000,0.000000,0.000000,0.000000,0.000000,0.000000,0.000000,-1515.782837,348.049377,758.090515,1310.599976
15.0404,True,0.000000,0.000000,0.000000,0.000000,0.000000,0.000000,-1.850035,1.189607,-1.981930,-1.884810,-1.850035,1.189607,-1.981930,-1.884810,0.000000,0.000000,0.000000,0.000000,0.000000,0.000000,0.000000,0.000000,-1515.782837,348.049377,758.090515,1310.599976
15.0604,True,0.000000,0.000000,0.000000,0.000000,0.000000,0.000000,-1.850035,1.189607,-1.981930,-1.884810,-1.850035,1.189607,-1.981930,-1.884810,0.000000,0.000000,0.000000,0.000000,0.000000,0.000000,0.000000,0.000000,-1515.782837,348.049377,758.090515,1310.599976
15.0804,True,0.000000,0.000000,0.000000,0.000000,0.000000,0.000000,-1.850035,1.189607,-1.981930,-1.884810,-1.850035,1.189607,-1.981930,-1.884810,0.000000,0.000000,0.000000,0.000000,0.000000,0.000000,0.000000,0.000000,-1515.782837,348.049377,758.090515,1310.599976
15.1005,True,0.000000,0.000000,0.000000,0.000000,0.000000,0.000000,-1.849655,1.189607,-1.981930,-1.884810,-1.849655,1.189607,-1.981930,-1.884810,0.000000,0.000000,0.000000,0.000000,0.000000,0.000000,0.000000,0.000000,-1515.782837,348.049377,758.090515,1310.599976
15.1210,True,0.000000,0.000000,0.000000,0.000000,0.000000,0.000000,-1.849655,1.189607,-1.981930,-1.884810,-1.849655,1.189607,-1.981930,-1.885462,0.000000,0.000000,0.000000,0.000000,0.000000,0.000000,0.000000,0.000000,-1515.782837,348.049377,758.090515,1310.599976
15.1406,True,0.000000,0.000000,0.000000,0.000000,0.000000,0.000000,-1.849394,1.189607,-1.981930,-1.885053,-1.850035,1.189607,-1.981930,-1.885053,0.000000,0.000000,0.000000,0.000000,0.000000,0.000000,0.000000,0.000000,-1515.782837,348.049377,758.090515,1310.599976
15.1604,True,0.000000,0.000000,0.000000,0.000000,0.000000,0.000000,-1.849394,1.189607,-1.981930,-1.884810,-1.849394,1.189607,-1.981930,-1.884810,0.000000,0.000000,0.000000,0.000000,0.000000,0.000000,0.000000,0.000000,-1515.782837,348.049377,758.090515,1310.599976
15.1809,True,0.000000,0.000000,0.000000,0.000000,0.000000,0.000000,-1.849655,1.189607,-1.981986,-1.884810,-1.849655,1.189607,-1.981930,-1.885053,0.000000,0.000000,0.000000,0.000000,0.000000,0.000000,0.000000,0.000000,-1515.782837,348.049377,758.090515,1310.599976
15.2004,True,0.000000,0.000000,0.000000,0.000000,0.000000,0.000000,-1.849655,1.189607,-1.981986,-1.885218,-1.850035,1.189607,-1.981874,-1.885218,0.000000,0.000000,0.000000,0.000000,0.000000,0.000000,0.000000,0.000000,-1515.782837,348.049377,758.090515,1310.599976
15.2204,True,0.000000,0.000000,0.000000,0.000000,0.000000,0.000000,-1.850035,1.189607,-1.981986,-1.885218,-1.850035,1.189607,-1.981930,-1.884810,0.000000,0.000000,0.000000,0.000000,0.000000,0.000000,0.000000,0.000000,-1515.782837,348.049377,758.090515,1310.599976
15.2404,True,0.000000,0.000000,0.000000,0.000000,0.000000,0.000000,-1.849655,1.189607,-1.981874,-1.884810,-1.849655,1.189607,-1.981874,-1.884810,0.000000,0.000000,0.000000,0.000000,0.000000,0.000000,0.000000,0.000000,-1515.782837,348.049377,758.090515,1310.599976
15.2604,True,0.000000,0.000000,0.000000,0.000000,0.000000,0.000000,-1.850297,1.189607,-1.981986,-1.885053,-1.849655,1.189607,-1.981930,-1.885053,0.000000,0.000000,0.000000,0.000000,0.000000,0.000000,0.000000,0.000000,-1515.782837,348.049377,758.090515,1310.599976
15.2804,True,0.000000,0.000000,0.000000,0.000000,0.000000,0.000000,-1.849655,1.189607,-1.981930,-1.885462,-1.849655,1.189607,-1.981930,-1.884810,0.000000,0.000000,0.000000,0.000000,0.000000,0.000000,0.000000,0.000000,-1515.782837,348.049377,758.090515,1310.599976
15.3004,True,0.000000,0.000000,0.000000,0.000000,0.000000,0.000000,-1.849394,1.189413,-1.981986,-1.884810,-1.849394,1.189413,-1.981986,-1.884810,0.000000,0.000000,0.000000,0.000000,0.000000,0.000000,0.000000,0.000000,-1515.782837,348.049377,758.090515,1310.599976
15.3206,True,0.000000,0.000000,0.000000,0.000000,0.000000,0.000000,-1.849655,1.189607,-1.981986,-1.884810,-1.849655,1.189413,-1.981986,-1.884810,0.000000,0.000000,0.000000,0.000000,0.000000,0.000000,0.000000,0.000000,-1515.782837,348.049377,758.090515,1310.599976
15.3405,True,0.000000,0.000000,0.000000,0.000000,0.000000,0.000000,-1.849655,1.189607,-1.981986,-1.884810,-1.849394,1.189607,-1.981986,-1.884810,0.000000,0.000000,0.000000,0.000000,0.000000,0.000000,0.000000,0.000000,-1515.782837,348.049377,758.090515,1310.599976
15.3604,True,0.000000,0.000000,0.000000,0.000000,0.000000,0.000000,-1.849655,1.189151,-1.981986,-1.884810,-1.849655,1.189607,-1.981986,-1.884810,0.000000,0.000000,0.000000,0.000000,0.000000,0.000000,0.000000,0.000000,-1515.782837,348.049377,758.090515,1310.599976
15.3806,True,0.000000,0.000000,0.000000,0.000000,0.000000,0.000000,-1.849655,1.189607,-1.981986,-1.884810,-1.849655,1.189607,-1.981986,-1.884810,0.000000,0.000000,0.000000,0.000000,0.000000,0.000000,0.000000,0.000000,-1515.782837,348.049377,758.090515,1310.599976
15.4005,True,0.000000,0.000000,0.000000,0.000000,0.000000,0.000000,-1.849655,1.189413,-1.981986,-1.884810,-1.849655,1.189413,-1.981986,-1.885462,0.000000,0.000000,0.000000,0.000000,0.000000,0.000000,0.000000,0.000000,-1515.782837,348.049377,758.090515,1310.599976
15.4206,True,0.000000,0.000000,0.000000,0.000000,0.000000,0.000000,-1.849394,1.189413,-1.981986,-1.885053,-1.849394,1.189413,-1.981986,-1.885053,0.000000,0.000000,0.000000,0.000000,0.000000,0.000000,0.000000,0.000000,-1515.782837,348.049377,758.090515,1310.599976
15.4404,True,0.000000,0.000000,0.000000,0.000000,0.000000,0.000000,-1.850035,1.189219,-1.981986,-1.885053,-1.850035,1.189219,-1.981986,-1.885053,0.000000,0.000000,0.000000,0.000000,0.000000,0.000000,0.000000,0.000000,-1515.782837,348.049377,758.090515,1310.599976
15.4604,True,0.000000,0.000000,0.000000,0.000000,0.000000,0.000000,-1.850035,1.189219,-1.981986,-1.885053,-1.850035,1.189219,-1.981986,-1.885053,0.000000,0.000000,0.000000,0.000000,0.000000,0.000000,0.000000,0.000000,-1515.782837,348.049377,758.090515,1310.599976
15.4806,True,0.000000,0.000000,0.000000,0.000000,0.000000,0.000000,-1.850035,1.189219,-1.981986,-1.885053,-1.850035,1.189219,-1.981986,-1.885053,0.000000,0.000000,0.000000,0.000000,0.000000,0.000000,0.000000,0.000000,-1515.782837,348.049377,758.090515,1310.599976
15.5004,True,0.000000,0.000000,0.000000,0.000000,0.000000,0.000000,-1.850035,1.189219,-1.981986,-1.885053,-1.849916,1.189219,-1.981986,-1.885053,0.000000,0.000000,0.000000,0.000000,0.000000,0.000000,0.000000,0.000000,-1515.782837,348.049377,758.090515,1310.599976
15.5204,True,0.000000,0.000000,0.000000,0.000000,0.000000,0.000000,-1.849394,1.189219,-1.981986,-1.885462,-1.849394,1.189219,-1.981986,-1.884810,0.000000,0.000000,0.000000,0.000000,0.000000,0.000000,0.000000,0.000000,-1515.782837,348.049377,758.090515,1310.599976
15.5404,True,0.000000,0.000000,0.000000,0.000000,0.000000,0.000000,-1.850035,1.189219,-1.981986,-1.884810,-1.850035,1.189219,-1.981986,-1.884810,0.000000,0.000000,0.000000,0.000000,0.000000,0.000000,0.000000,0.000000,-1515.782837,348.049377,758.090515,1310.599976
15.5604,True,0.000000,0.000000,0.000000,0.000000,0.000000,0.000000,-1.850035,1.189219,-1.981986,-1.885462,-1.850035,1.189413,-1.981986,-1.885462,0.000000,0.000000,0.000000,0.000000,0.000000,0.000000,0.000000,0.000000,-1515.782837,348.049377,758.090515,1310.599976
15.5805,True,0.000000,0.000000,0.000000,0.000000,0.000000,0.000000,-1.850035,1.189413,-1.981986,-1.884810,-1.850035,1.189413,-1.981986,-1.884810,0.000000,0.000000,0.000000,0.000000,0.000000,0.000000,0.000000,0.000000,-1515.782837,348.049377,758.090515,1310.599976
15.6010,True,0.000000,0.000000,0.000000,0.000000,0.000000,0.000000,-1.850035,1.189413,-1.981986,-1.884810,-1.850035,1.189413,-1.981986,-1.884810,0.000000,0.000000,0.000000,0.000000,0.000000,0.000000,0.000000,0.000000,-1515.782837,348.049377,758.090515,1310.599976
15.6204,True,0.000000,0.000000,0.000000,0.000000,0.000000,0.000000,-1.850035,1.189219,-1.981986,-1.885053,-1.850035,1.189219,-1.981986,-1.885053,0.000000,0.000000,0.000000,0.000000,0.000000,0.000000,0.000000,0.000000,-1515.782837,348.049377,758.090515,1310.599976
15.6404,True,0.000000,0.000000,0.000000,0.000000,0.000000,0.000000,-1.849655,1.189413,-1.981986,-1.885053,-1.849655,1.189413,-1.981986,-1.885053,0.000000,0.000000,0.000000,0.000000,0.000000,0.000000,0.000000,0.000000,-1515.782837,348.049377,758.090515,1310.599976
15.6604,True,0.000000,0.000000,0.000000,0.000000,0.000000,0.000000,-1.849655,1.189413,-1.981986,-1.885053,-1.849655,1.189413,-1.981986,-1.885053,0.000000,0.000000,0.000000,0.000000,0.000000,0.000000,0.000000,0.000000,-1515.782837,348.049377,758.090515,1310.599976
15.6806,True,0.000000,0.000000,0.000000,0.000000,0.000000,0.000000,-1.849537,1.189413,-1.981986,-1.885053,-1.849537,1.189413,-1.981986,-1.885218,0.000000,0.000000,0.000000,0.000000,0.000000,0.000000,0.000000,0.000000,-1515.782837,348.049377,758.090515,1310.599976
15.7004,True,0.000000,0.000000,0.000000,0.000000,0.000000,0.000000,-1.849916,1.189219,-1.981986,-1.884810,-1.849916,1.189025,-1.981986,-1.884810,0.000000,0.000000,0.000000,0.000000,0.000000,0.000000,0.000000,0.000000,-1515.782837,348.049377,758.090515,1310.599976
15.7204,True,0.000000,0.000000,0.000000,0.000000,0.000000,0.000000,-1.849916,1.189413,-1.981986,-1.884565,-1.849655,1.189413,-1.981986,-1.884565,0.000000,0.000000,0.000000,0.000000,0.000000,0.000000,0.000000,0.000000,-1515.782837,348.049377,758.090515,1310.599976
15.7406,True,0.000000,0.000000,0.000000,0.000000,0.000000,0.000000,-1.849655,1.189413,-1.981986,-1.884565,-1.849655,1.189413,-1.981986,-1.885218,0.000000,0.000000,0.000000,0.000000,0.000000,0.000000,0.000000,0.000000,-1515.782837,348.049377,758.090515,1310.599976
15.7604,True,0.000000,0.000000,0.000000,0.000000,0.000000,0.000000,-1.849916,1.189413,-1.981986,-1.884810,-1.849916,1.189219,-1.981986,-1.885218,0.000000,0.000000,0.000000,0.000000,0.000000,0.000000,0.000000,0.000000,-1515.782837,348.049377,758.090515,1310.599976
15.7805,True,0.000000,0.000000,0.000000,0.000000,0.000000,0.000000,-1.849916,1.189413,-1.981986,-1.884810,-1.849916,1.189413,-1.981986,-1.884810,0.000000,0.000000,0.000000,0.000000,0.000000,0.000000,0.000000,0.000000,-1515.782837,348.049377,758.090515,1310.599976
15.8008,True,0.000000,0.000000,0.000000,0.000000,0.000000,0.000000,-1.849916,1.189413,-1.981986,-1.884565,-1.849655,1.189219,-1.981986,-1.884810,0.000000,0.000000,0.000000,0.000000,0.000000,0.000000,0.000000,0.000000,-1515.782837,348.049377,758.090515,1310.599976
15.8205,True,0.000000,0.000000,0.000000,0.000000,0.000000,0.000000,-1.850178,1.189219,-1.981986,-1.885218,-1.849916,1.189219,-1.981930,-1.884810,0.000000,0.000000,0.000000,0.000000,0.000000,0.000000,0.000000,0.000000,-1515.782837,348.049377,758.090515,1310.599976
15.8414,True,0.000000,0.000000,0.000000,0.000000,0.000000,0.000000,-1.849916,1.189219,-1.981930,-1.885218,-1.849916,1.189219,-1.981930,-1.885218,0.000000,0.000000,0.000000,0.000000,0.000000,0.000000,0.000000,0.000000,-1515.782837,348.049377,758.090515,1310.599976
15.8604,True,0.000000,0.000000,0.000000,0.000000,0.000000,0.000000,-1.849916,1.189219,-1.981930,-1.884810,-1.849916,1.189219,-1.981930,-1.884810,0.000000,0.000000,0.000000,0.000000,0.000000,0.000000,0.000000,0.000000,-1515.782837,348.049377,758.090515,1310.599976
15.8804,True,0.000000,0.000000,0.000000,0.000000,0.000000,0.000000,-1.850178,1.189219,-1.981986,-1.885462,-1.849916,1.189219,-1.981930,-1.885462,0.000000,0.000000,0.000000,0.000000,0.000000,0.000000,0.000000,0.000000,-1515.782837,348.049377,758.090515,1310.599976
15.9005,True,0.000000,0.000000,0.000000,0.000000,0.000000,0.000000,-1.849655,1.189219,-1.981930,-1.885462,-1.850178,1.189219,-1.981930,-1.885218,0.000000,0.000000,0.000000,0.000000,0.000000,0.000000,0.000000,0.000000,-1515.782837,348.049377,758.090515,1310.599976
15.9204,True,0.000000,0.000000,0.000000,0.000000,0.000000,0.000000,-1.849655,1.189219,-1.981930,-1.884810,-1.849655,1.189219,-1.981930,-1.884810,0.000000,0.000000,0.000000,0.000000,0.000000,0.000000,0.000000,0.000000,-1515.782837,348.049377,758.090515,1310.599976
15.9404,True,0.000000,0.000000,0.000000,0.000000,0.000000,0.000000,-1.849916,1.189219,-1.981930,-1.885053,-1.849537,1.189219,-1.981930,-1.885053,0.000000,0.000000,0.000000,0.000000,0.000000,0.000000,0.000000,0.000000,-1515.782837,348.049377,758.090515,1310.599976
15.9605,True,0.000000,0.000000,0.000000,0.000000,0.000000,0.000000,-1.849655,1.189219,-1.981930,-1.884810,-1.849655,1.189219,-1.981930,-1.884810,0.000000,0.000000,0.000000,0.000000,0.000000,0.000000,0.000000,0.000000,-1515.782837,348.049377,758.090515,1310.599976
15.9806,True,0.000000,0.000000,0.000000,0.000000,0.000000,0.000000,-1.849916,1.189219,-1.981930,-1.884810,-1.849916,1.189219,-1.981930,-1.885218,0.000000,0.000000,0.000000,0.000000,0.000000,0.000000,0.000000,0.000000,-1515.782837,348.049377,758.090515,1310.599976
16.0005,True,0.000000,0.000000,0.000000,0.000000,0.000000,0.000000,-1.849916,1.189025,-1.981930,-1.884810,-1.849655,1.189219,-1.981930,-1.884810,0.000000,0.000000,0.000000,0.000000,0.000000,0.000000,0.000000,0.000000,-1515.782837,348.049377,758.090515,1310.599976
16.0204,True,0.000000,0.000000,0.000000,0.000000,0.000000,0.000000,-1.849655,1.189219,-1.981930,-1.884810,-1.849655,1.189219,-1.981986,-1.885462,0.000000,0.000000,0.000000,0.000000,0.000000,0.000000,0.000000,0.000000,-1515.782837,348.049377,758.090515,1310.599976
16.0404,True,0.000000,0.000000,0.000000,0.000000,0.000000,0.000000,-1.849655,1.189219,-1.981986,-1.884810,-1.849655,1.189219,-1.981986,-1.884810,0.000000,0.000000,0.000000,0.000000,0.000000,0.000000,0.000000,0.000000,-1515.782837,348.049377,758.090515,1310.599976
16.0603,True,0.000000,0.000000,0.000000,0.000000,0.000000,0.000000,-1.849916,1.189219,-1.981930,-1.885462,-1.849655,1.189219,-1.981930,-1.885218,0.000000,0.000000,0.000000,0.000000,0.000000,0.000000,0.000000,0.000000,-1515.782837,348.049377,758.090515,1310.599976
16.0803,True,0.000000,0.000000,0.000000,0.000000,0.000000,0.000000,-1.849655,1.189413,-1.981930,-1.885218,-1.849655,1.189413,-1.981930,-1.885218,0.000000,0.000000,0.000000,0.000000,0.000000,0.000000,0.000000,0.000000,-1515.782837,348.049377,758.090515,1310.599976
16.1004,True,0.000000,0.000000,0.000000,0.000000,0.000000,0.000000,-1.849916,1.189413,-1.981986,-1.884810,-1.849916,1.189413,-1.981986,-1.884810,0.000000,0.000000,0.000000,0.000000,0.000000,0.000000,0.000000,0.000000,-1515.782837,348.049377,758.090515,1310.599976
16.1206,True,0.000000,0.000000,0.000000,0.000000,0.000000,0.000000,-1.849394,1.189025,-1.981930,-1.884810,-1.849916,1.189219,-1.981930,-1.885053,0.000000,0.000000,0.000000,0.000000,0.000000,0.000000,0.000000,0.000000,-1515.782837,348.049377,758.090515,1310.599976
16.1405,True,0.000000,0.000000,0.000000,0.000000,0.000000,0.000000,-1.849655,1.189219,-1.981930,-1.885053,-1.849916,1.189219,-1.981930,-1.885053,0.000000,0.000000,0.000000,0.000000,0.000000,0.000000,0.000000,0.000000,-1515.782837,348.049377,758.090515,1310.599976
16.1606,True,0.000000,0.000000,0.000000,0.000000,0.000000,0.000000,-1.849916,1.189674,-1.981930,-1.884810,-1.849916,1.189674,-1.981930,-1.884810,0.000000,0.000000,0.000000,0.000000,0.000000,0.000000,0.000000,0.000000,-1515.782837,348.049377,758.090515,1310.599976
16.1804,True,0.000000,0.000000,0.000000,0.000000,0.000000,0.000000,-1.849916,1.189413,-1.981930,-1.884810,-1.849916,1.189219,-1.981930,-1.884810,0.000000,0.000000,0.000000,0.000000,0.000000,0.000000,0.000000,0.000000,-1515.782837,348.049377,758.090515,1310.599976
16.2006,True,0.000000,0.000000,0.000000,0.000000,0.000000,0.000000,-1.849916,1.189025,-1.981930,-1.884810,-1.849916,1.189674,-1.981986,-1.884810,0.000000,0.000000,0.000000,0.000000,0.000000,0.000000,0.000000,0.000000,-1515.782837,348.049377,758.090515,1310.599976
16.2208,True,0.000000,0.000000,0.000000,0.000000,0.000000,0.000000,-1.849916,1.189219,-1.981986,-1.884810,-1.849916,1.189219,-1.981986,-1.884810,0.000000,0.000000,0.000000,0.000000,0.000000,0.000000,0.000000,0.000000,-1515.782837,348.049377,758.090515,1310.599976
16.2404,True,0.000000,0.000000,0.000000,0.000000,0.000000,0.000000,-1.849916,1.189674,-1.981986,-1.884810,-1.849655,1.189219,-1.981986,-1.884810,0.000000,0.000000,0.000000,0.000000,0.000000,0.000000,0.000000,0.000000,-1515.782837,348.049377,758.090515,1310.599976
16.2604,True,0.000000,0.000000,0.000000,0.000000,0.000000,0.000000,-1.849916,1.189219,-1.981930,-1.884810,-1.849916,1.189413,-1.981930,-1.884810,0.000000,0.000000,0.000000,0.000000,0.000000,0.000000,0.000000,0.000000,-1515.782837,348.049377,758.090515,1310.599976
16.2804,True,0.000000,0.000000,0.000000,0.000000,0.000000,0.000000,-1.849916,1.189413,-1.981986,-1.884810,-1.849655,1.189413,-1.981986,-1.884810,0.000000,0.000000,0.000000,0.000000,0.000000,0.000000,0.000000,0.000000,-1515.782837,348.049377,758.090515,1310.599976
16.3004,True,0.000000,0.000000,0.000000,0.000000,0.000000,0.000000,-1.849916,1.189674,-1.981399,-1.884810,-1.849655,1.189219,-1.981986,-1.884810,0.000000,0.000000,0.000000,0.000000,0.000000,0.000000,0.000000,0.000000,-1515.782837,348.049377,758.090515,1310.599976
16.3204,True,0.000000,0.000000,0.000000,0.000000,0.000000,0.000000,-1.849655,1.189413,-1.981930,-1.884810,-1.849916,1.189219,-1.981986,-1.884810,0.000000,0.000000,0.000000,0.000000,0.000000,0.000000,0.000000,0.000000,-1515.782837,348.049377,758.090515,1310.599976
16.3404,True,0.000000,0.000000,0.000000,0.000000,0.000000,0.000000,-1.849916,1.189219,-1.981930,-1.884810,-1.849916,1.189219,-1.981930,-1.884810,0.000000,0.000000,0.000000,0.000000,0.000000,0.000000,0.000000,0.000000,-1515.782837,348.049377,758.090515,1310.599976
16.3604,True,0.000000,0.000000,0.000000,0.000000,0.000000,0.000000,-1.849916,1.189413,-1.981986,-1.884810,-1.849916,1.189413,-1.981986,-1.884810,0.000000,0.000000,0.000000,0.000000,0.000000,0.000000,0.000000,0.000000,-1515.782837,348.049377,758.090515,1310.599976
16.3804,True,0.000000,0.000000,0.000000,0.000000,0.000000,0.000000,-1.849916,1.189674,-1.981930,-1.884810,-1.849916,1.189674,-1.981930,-1.884810,0.000000,0.000000,0.000000,0.000000,0.000000,0.000000,0.000000,0.000000,-1515.782837,348.049377,758.090515,1310.599976
16.4018,True,0.000000,0.000000,0.000000,0.000000,0.000000,0.000000,-1.849916,1.189674,-1.981930,-1.884810,-1.849916,1.189674,-1.981874,-1.884810,0.000000,0.000000,0.000000,0.000000,0.000000,0.000000,0.000000,0.000000,-1515.782837,348.049377,758.090515,1310.599976
16.4204,True,0.000000,0.000000,0.000000,0.000000,0.000000,0.000000,-1.849916,1.189413,-1.981930,-1.884810,-1.849916,1.189219,-1.981930,-1.884810,0.000000,0.000000,0.000000,0.000000,0.000000,0.000000,0.000000,0.000000,-1515.782837,348.049377,758.090515,1310.599976
16.4404,True,0.000000,0.000000,0.000000,0.000000,0.000000,0.000000,-1.849655,1.189674,-1.981930,-1.884810,-1.849916,1.189219,-1.981930,-1.884810,0.000000,0.000000,0.000000,0.000000,0.000000,0.000000,0.000000,0.000000,-1515.782837,348.049377,758.090515,1310.599976
16.4607,True,0.000000,0.000000,0.000000,0.000000,0.000000,0.000000,-1.849916,1.189413,-1.981930,-1.884810,-1.849655,1.189413,-1.981930,-1.884810,0.000000,0.000000,0.000000,0.000000,0.000000,0.000000,0.000000,0.000000,-1515.782837,348.049377,758.090515,1310.599976
16.4804,True,0.000000,0.000000,0.000000,0.000000,0.000000,0.000000,-1.849655,1.189219,-1.981986,-1.884810,-1.849655,1.189413,-1.981930,-1.884810,0.000000,0.000000,0.000000,0.000000,0.000000,0.000000,0.000000,0.000000,-1515.782837,348.049377,758.090515,1310.599976
16.5004,True,0.000000,0.000000,0.000000,0.000000,0.000000,0.000000,-1.849655,1.189219,-1.981930,-1.884810,-1.849655,1.189219,-1.981930,-1.884810,0.000000,0.000000,0.000000,0.000000,0.000000,0.000000,0.000000,0.000000,-1515.782837,348.049377,758.090515,1310.599976
16.5204,True,0.000000,0.000000,0.000000,0.000000,0.000000,0.000000,-1.849655,1.189219,-1.981930,-1.884810,-1.849655,1.189219,-1.981930,-1.884810,0.000000,0.000000,0.000000,0.000000,0.000000,0.000000,0.000000,0.000000,-1515.782837,348.049377,758.090515,1310.599976
16.5404,True,0.000000,0.000000,0.000000,0.000000,0.000000,0.000000,-1.849916,1.189219,-1.981930,-1.885462,-1.849655,1.189219,-1.981930,-1.885462,0.000000,0.000000,0.000000,0.000000,0.000000,0.000000,0.000000,0.000000,-1515.782837,348.049377,758.090515,1310.599976
16.5604,True,0.000000,0.000000,0.000000,0.000000,0.000000,0.000000,-1.849655,1.189219,-1.981930,-1.884810,-1.849655,1.189219,-1.981930,-1.885053,0.000000,0.000000,0.000000,0.000000,0.000000,0.000000,0.000000,0.000000,-1515.782837,348.049377,758.090515,1310.599976
16.5804,True,0.000000,0.000000,0.000000,0.000000,0.000000,0.000000,-1.849655,1.189219,-1.981930,-1.885218,-1.849655,1.189219,-1.981930,-1.885218,0.000000,0.000000,0.000000,0.000000,0.000000,0.000000,0.000000,0.000000,-1515.782837,348.049377,758.090515,1310.599976
16.6004,True,0.000000,0.000000,0.000000,0.000000,0.000000,0.000000,-1.849916,1.189219,-1.981930,-1.885218,-1.849916,1.189219,-1.981930,-1.884565,0.000000,0.000000,0.000000,0.000000,0.000000,0.000000,0.000000,0.000000,-1515.782837,348.049377,758.090515,1310.599976
16.6204,True,0.000000,0.000000,0.000000,0.000000,0.000000,0.000000,-1.849655,1.189219,-1.981930,-1.884810,-1.849916,1.189219,-1.981930,-1.885218,0.000000,0.000000,0.000000,0.000000,0.000000,0.000000,0.000000,0.000000,-1515.782837,348.049377,758.090515,1310.599976
16.6404,True,0.000000,0.000000,0.000000,0.000000,0.000000,0.000000,-1.850178,1.189219,-1.981930,-1.884810,-1.850178,1.189219,-1.981930,-1.884810,0.000000,0.000000,0.000000,0.000000,0.000000,0.000000,0.000000,0.000000,-1515.782837,348.049377,758.090515,1310.599976
16.6604,True,0.000000,0.000000,0.000000,0.000000,0.000000,0.000000,-1.849916,1.189219,-1.981930,-1.884810,-1.849916,1.189219,-1.981930,-1.884810,0.000000,0.000000,0.000000,0.000000,0.000000,0.000000,0.000000,0.000000,-1515.782837,348.049377,758.090515,1310.599976
16.6804,True,0.000000,0.000000,0.000000,0.000000,0.000000,0.000000,-1.849655,1.189219,-1.981930,-1.885218,-1.849655,1.189219,-1.981986,-1.885218,0.000000,0.000000,0.000000,0.000000,0.000000,0.000000,0.000000,0.000000,-1515.782837,348.049377,758.090515,1310.599976
16.7004,True,0.000000,0.000000,0.000000,0.000000,0.000000,0.000000,-1.849655,1.189219,-1.981343,-1.885218,-1.849655,1.189413,-1.981343,-1.885218,0.000000,0.000000,0.000000,0.000000,0.000000,0.000000,0.000000,0.000000,-1515.782837,348.049377,758.090515,1310.599976
16.7204,True,0.000000,0.000000,0.000000,0.000000,0.000000,0.000000,-1.849916,1.189219,-1.981343,-1.885218,-1.849655,1.189868,-1.981343,-1.885218,0.000000,0.000000,0.000000,0.000000,0.000000,0.000000,0.000000,0.000000,-1515.782837,348.049377,758.090515,1310.599976
16.7404,True,0.000000,0.000000,0.000000,0.000000,0.000000,0.000000,-1.849655,1.189219,-1.981343,-1.884810,-1.849655,1.189413,-1.981343,-1.885218,0.000000,0.000000,0.000000,0.000000,0.000000,0.000000,0.000000,0.000000,-1515.782837,348.049377,758.090515,1310.599976
16.7605,True,0.000000,0.000000,0.000000,0.000000,0.000000,0.000000,-1.849655,1.189219,-1.981343,-1.885218,-1.849537,1.189413,-1.981343,-1.884810,0.000000,0.000000,0.000000,0.000000,0.000000,0.000000,0.000000,0.000000,-1515.782837,348.049377,758.090515,1310.599976
16.7804,True,0.000000,0.000000,0.000000,0.000000,0.000000,0.000000,-1.849916,1.189219,-1.981343,-1.884810,-1.849916,1.189219,-1.981343,-1.884810,0.000000,0.000000,0.000000,0.000000,0.000000,0.000000,0.000000,0.000000,-1515.782837,348.049377,758.090515,1310.599976
16.8004,True,0.000000,0.000000,0.000000,0.000000,0.000000,0.000000,-1.849916,1.189413,-1.981343,-1.885053,-1.849916,1.189413,-1.981343,-1.885053,0.000000,0.000000,0.000000,0.000000,0.000000,0.000000,0.000000,0.000000,-1515.782837,348.049377,758.090515,1310.599976
16.8204,True,0.000000,0.000000,0.000000,0.000000,0.000000,0.000000,-1.849916,1.189219,-1.981343,-1.885053,-1.849916,1.189219,-1.981343,-1.885053,0.000000,0.000000,0.000000,0.000000,0.000000,0.000000,0.000000,0.000000,-1515.782837,348.049377,758.090515,1310.599976
16.8404,True,0.000000,0.000000,0.000000,0.000000,0.000000,0.000000,-1.849916,1.189219,-1.981343,-1.885053,-1.849916,1.189219,-1.981343,-1.885053,0.000000,0.000000,0.000000,0.000000,0.000000,0.000000,0.000000,0.000000,-1515.782837,348.049377,758.090515,1310.599976
16.8604,True,0.000000,0.000000,0.000000,0.000000,0.000000,0.000000,-1.849916,1.189219,-1.981343,-1.885053,-1.849916,1.189219,-1.981343,-1.885053,0.000000,0.000000,0.000000,0.000000,0.000000,0.000000,0.000000,0.000000,-1515.782837,348.049377,758.090515,1310.599976
16.8804,True,0.000000,0.000000,0.000000,0.000000,0.000000,0.000000,-1.849655,1.189219,-1.981343,-1.885053,-1.849655,1.189219,-1.981343,-1.885462,0.000000,0.000000,0.000000,0.000000,0.000000,0.000000,0.000000,0.000000,-1515.782837,348.049377,758.090515,1310.599976
16.9004,True,0.000000,0.000000,0.000000,0.000000,0.000000,0.000000,-1.849916,1.189219,-1.981343,-1.885218,-1.849655,1.189219,-1.981343,-1.884810,0.000000,0.000000,0.000000,0.000000,0.000000,0.000000,0.000000,0.000000,-1515.782837,348.049377,758.090515,1310.599976
16.9204,True,0.000000,0.000000,0.000000,0.000000,0.000000,0.000000,-1.849916,1.189219,-1.981343,-1.884810,-1.849916,1.189219,-1.981343,-1.885053,0.000000,0.000000,0.000000,0.000000,0.000000,0.000000,0.000000,0.000000,-1515.782837,348.049377,758.090515,1310.599976
16.9404,True,0.000000,0.000000,0.000000,0.000000,0.000000,0.000000,-1.849655,1.189413,-1.981343,-1.884810,-1.849655,1.189413,-1.981343,-1.884810,0.000000,0.000000,0.000000,0.000000,0.000000,0.000000,0.000000,0.000000,-1515.782837,348.049377,758.090515,1310.599976
16.9605,True,0.000000,0.000000,0.000000,0.000000,0.000000,0.000000,-1.849655,1.189413,-1.981343,-1.885462,-1.849655,1.189413,-1.981343,-1.884810,0.000000,0.000000,0.000000,0.000000,0.000000,0.000000,0.000000,0.000000,-1515.782837,348.049377,758.090515,1310.599976
16.9804,True,0.000000,0.000000,0.000000,0.000000,0.000000,0.000000,-1.849655,1.189413,-1.981343,-1.885053,-1.849916,1.189219,-1.981343,-1.884810,0.000000,0.000000,0.000000,0.000000,0.000000,0.000000,0.000000,0.000000,-1515.782837,348.049377,758.090515,1310.599976
17.0004,True,0.000000,0.000000,0.000000,0.000000,0.000000,0.000000,-1.850178,1.189219,-1.981343,-1.885053,-1.849537,1.189219,-1.981343,-1.885053,0.000000,0.000000,0.000000,0.000000,0.000000,0.000000,0.000000,0.000000,-1515.782837,348.049377,758.090515,1310.599976
17.0204,True,0.000000,0.000000,0.000000,0.000000,0.000000,0.000000,-1.849537,1.189219,-1.981343,-1.885462,-1.849916,1.189219,-1.981343,-1.885462,0.000000,0.000000,0.000000,0.000000,0.000000,0.000000,0.000000,0.000000,-1515.782837,348.049377,758.090515,1310.599976
17.0404,True,0.000000,0.000000,0.000000,0.000000,0.000000,0.000000,-1.849537,1.189219,-1.981343,-1.885462,-1.849916,1.189413,-1.981343,-1.884810,0.000000,0.000000,0.000000,0.000000,0.000000,0.000000,0.000000,0.000000,-1515.782837,348.049377,758.090515,1310.599976
17.0604,True,0.000000,0.000000,0.000000,0.000000,0.000000,0.000000,-1.849916,1.189413,-1.981343,-1.885053,-1.849916,1.189219,-1.981343,-1.885053,0.000000,0.000000,0.000000,0.000000,0.000000,0.000000,0.000000,0.000000,-1515.782837,348.049377,758.090515,1310.599976
17.0804,True,0.000000,0.000000,0.000000,0.000000,0.000000,0.000000,-1.849655,1.189413,-1.981343,-1.884810,-1.849655,1.189219,-1.981343,-1.884810,0.000000,0.000000,0.000000,0.000000,0.000000,0.000000,0.000000,0.000000,-1515.782837,348.049377,758.090515,1310.599976
17.1004,True,0.000000,0.000000,0.000000,0.000000,0.000000,0.000000,-1.850035,1.189413,-1.981343,-1.885218,-1.849655,1.189413,-1.981343,-1.884810,0.000000,0.000000,0.000000,0.000000,0.000000,0.000000,0.000000,0.000000,-1515.782837,348.049377,758.090515,1310.599976
17.1204,True,0.000000,0.000000,0.000000,0.000000,0.000000,0.000000,-1.849916,1.189413,-1.981343,-1.884810,-1.849916,1.189413,-1.981343,-1.884810,0.000000,0.000000,0.000000,0.000000,0.000000,0.000000,0.000000,0.000000,-1515.782837,348.049377,758.090515,1310.599976
17.1404,True,0.000000,0.000000,0.000000,0.000000,0.000000,0.000000,-1.849655,1.189607,-1.981343,-1.885218,-1.849394,1.189413,-1.981343,-1.885218,0.000000,0.000000,0.000000,0.000000,0.000000,0.000000,0.000000,0.000000,-1515.782837,348.049377,758.090515,1310.599976
17.1604,True,0.000000,0.000000,0.000000,0.000000,0.000000,0.000000,-1.849655,1.189607,-1.981343,-1.884810,-1.849655,1.189413,-1.981343,-1.884810,0.000000,0.000000,0.000000,0.000000,0.000000,0.000000,0.000000,0.000000,-1515.782837,348.049377,758.090515,1310.599976
17.1804,True,0.000000,0.000000,0.000000,0.000000,0.000000,0.000000,-1.849916,1.189607,-1.981343,-1.884810,-1.849655,1.189413,-1.981343,-1.885218,0.000000,0.000000,0.000000,0.000000,0.000000,0.000000,0.000000,0.000000,-1515.782837,348.049377,758.090515,1310.599976
17.2004,True,0.000000,0.000000,0.000000,0.000000,0.000000,0.000000,-1.849655,1.189413,-1.981343,-1.885218,-1.849916,1.189413,-1.981986,-1.885218,0.000000,0.000000,0.000000,0.000000,0.000000,0.000000,0.000000,0.000000,-1515.782837,348.049377,758.090515,1310.599976
17.2204,True,0.000000,0.000000,0.000000,0.000000,0.000000,0.000000,-1.849916,1.189413,-1.981986,-1.885218,-1.849655,1.189413,-1.981930,-1.885218,0.000000,0.000000,0.000000,0.000000,0.000000,0.000000,0.000000,0.000000,-1515.782837,348.049377,758.090515,1310.599976
17.2404,True,0.000000,0.000000,0.000000,0.000000,0.000000,0.000000,-1.849655,1.189413,-1.981930,-1.885218,-1.849655,1.189413,-1.981930,-1.885218,0.000000,0.000000,0.000000,0.000000,0.000000,0.000000,0.000000,0.000000,-1515.782837,348.049377,758.090515,1310.599976
17.2604,True,0.000000,0.000000,0.000000,0.000000,0.000000,0.000000,-1.849916,1.189413,-1.981930,-1.884810,-1.849655,1.189413,-1.981930,-1.884810,0.000000,0.000000,0.000000,0.000000,0.000000,0.000000,0.000000,0.000000,-1515.782837,348.049377,758.090515,1310.599976
17.2804,True,0.000000,0.000000,0.000000,0.000000,0.000000,0.000000,-1.849655,1.189413,-1.981930,-1.884565,-1.849916,1.189413,-1.981930,-1.885218,0.000000,0.000000,0.000000,0.000000,0.000000,0.000000,0.000000,0.000000,-1515.782837,348.049377,758.090515,1310.599976
17.3004,True,0.000000,0.000000,0.000000,0.000000,0.000000,0.000000,-1.849655,1.189413,-1.981874,-1.885218,-1.849655,1.189413,-1.981930,-1.885218,0.000000,0.000000,0.000000,0.000000,0.000000,0.000000,0.000000,0.000000,-1515.782837,348.049377,758.090515,1310.599976
17.3205,True,0.000000,0.000000,0.000000,0.000000,0.000000,0.000000,-1.849655,1.189413,-1.981986,-1.884810,-1.849655,1.189413,-1.981930,-1.884810,0.000000,0.000000,0.000000,0.000000,0.000000,0.000000,0.000000,0.000000,-1515.782837,348.049377,758.090515,1310.599976
17.3405,True,0.000000,0.000000,0.000000,0.000000,0.000000,0.000000,-1.849655,1.189413,-1.981930,-1.885462,-1.849655,1.189413,-1.981986,-1.885462,0.000000,0.000000,0.000000,0.000000,0.000000,0.000000,0.000000,0.000000,-1515.782837,348.049377,758.090515,1310.599976
17.3604,True,0.000000,0.000000,0.000000,0.000000,0.000000,0.000000,-1.849655,1.189413,-1.981930,-1.885218,-1.849655,1.189413,-1.981930,-1.885218,0.000000,0.000000,0.000000,0.000000,0.000000,0.000000,0.000000,0.000000,-1515.782837,348.049377,758.090515,1310.599976
17.3804,True,0.000000,0.000000,0.000000,0.000000,0.000000,0.000000,-1.849655,1.189413,-1.981930,-1.884810,-1.849655,1.189413,-1.981986,-1.884810,0.000000,0.000000,0.000000,0.000000,0.000000,0.000000,0.000000,0.000000,-1515.782837,348.049377,758.090515,1310.599976
17.4004,True,0.000000,0.000000,0.000000,0.000000,0.000000,0.000000,-1.850178,1.189413,-1.981986,-1.885053,-1.849655,1.189413,-1.981986,-1.885053,0.000000,0.000000,0.000000,0.000000,0.000000,0.000000,0.000000,0.000000,-1515.782837,348.049377,758.090515,1310.599976
17.4204,True,0.000000,0.000000,0.000000,0.000000,0.000000,0.000000,-1.849537,1.189413,-1.981986,-1.885053,-1.849537,1.189413,-1.981986,-1.884810,0.000000,0.000000,0.000000,0.000000,0.000000,0.000000,0.000000,0.000000,-1515.782837,348.049377,758.090515,1310.599976
17.4403,True,0.000000,0.000000,0.000000,0.000000,0.000000,0.000000,-1.849916,1.189413,-1.981986,-1.885462,-1.849916,1.189413,-1.981874,-1.885462,0.000000,0.000000,0.000000,0.000000,0.000000,0.000000,0.000000,0.000000,-1515.782837,348.049377,758.090515,1310.599976
17.4605,True,0.000000,0.000000,0.000000,0.000000,0.000000,0.000000,-1.849655,1.189413,-1.981930,-1.884810,-1.850178,1.189413,-1.981986,-1.884810,0.000000,0.000000,0.000000,0.000000,0.000000,0.000000,0.000000,0.000000,-1515.782837,348.049377,758.090515,1310.599976
17.4804,True,0.000000,0.000000,0.000000,0.000000,0.000000,0.000000,-1.849655,1.189413,-1.981930,-1.885462,-1.849655,1.189413,-1.981930,-1.885462,0.000000,0.000000,0.000000,0.000000,0.000000,0.000000,0.000000,0.000000,-1515.782837,348.049377,758.090515,1310.599976
17.5004,True,0.000000,0.000000,0.000000,0.000000,0.000000,0.000000,-1.849655,1.189413,-1.981874,-1.884810,-1.849655,1.189413,-1.981874,-1.884810,0.000000,0.000000,0.000000,0.000000,0.000000,0.000000,0.000000,0.000000,-1515.782837,348.049377,758.090515,1310.599976
17.5205,True,0.000000,0.000000,0.000000,0.000000,0.000000,0.000000,-1.849655,1.189413,-1.981986,-1.884810,-1.849916,1.189413,-1.981986,-1.884810,0.000000,0.000000,0.000000,0.000000,0.000000,0.000000,0.000000,0.000000,-1515.782837,348.049377,758.090515,1310.599976
17.5404,True,0.000000,0.000000,0.000000,0.000000,0.000000,0.000000,-1.849916,1.189413,-1.981986,-1.884810,-1.849655,1.189413,-1.981986,-1.884810,0.000000,0.000000,0.000000,0.000000,0.000000,0.000000,0.000000,0.000000,-1515.782837,348.049377,758.090515,1310.599976
17.5604,True,0.000000,0.000000,0.000000,0.000000,0.000000,0.000000,-1.849916,1.189413,-1.981986,-1.884810,-1.849916,1.189413,-1.981874,-1.884810,0.000000,0.000000,0.000000,0.000000,0.000000,0.000000,0.000000,0.000000,-1515.782837,348.049377,758.090515,1310.599976
17.5804,True,0.000000,0.000000,0.000000,0.000000,0.000000,0.000000,-1.849916,1.189413,-1.981874,-1.885462,-1.849916,1.189413,-1.981874,-1.885462,0.000000,0.000000,0.000000,0.000000,0.000000,0.000000,0.000000,0.000000,-1515.782837,348.049377,758.090515,1310.599976
17.6003,True,0.000000,0.000000,0.000000,0.000000,0.000000,0.000000,-1.849655,1.189413,-1.981986,-1.885053,-1.849916,1.189413,-1.981986,-1.884810,0.000000,0.000000,0.000000,0.000000,0.000000,0.000000,0.000000,0.000000,-1515.782837,348.049377,758.090515,1310.599976
17.6204,True,0.000000,0.000000,0.000000,0.000000,0.000000,0.000000,-1.849916,1.189413,-1.981930,-1.884810,-1.849916,1.189413,-1.981930,-1.884810,0.000000,0.000000,0.000000,0.000000,0.000000,0.000000,0.000000,0.000000,-1515.782837,348.049377,758.090515,1310.599976
17.6404,True,0.000000,0.000000,0.000000,0.000000,0.000000,0.000000,-1.849655,1.189413,-1.981930,-1.884810,-1.849655,1.189413,-1.981986,-1.884810,0.000000,0.000000,0.000000,0.000000,0.000000,0.000000,0.000000,0.000000,-1515.782837,348.049377,758.090515,1310.599976
17.6604,True,0.000000,0.000000,0.000000,0.000000,0.000000,0.000000,-1.849655,1.189413,-1.981986,-1.884810,-1.849655,1.189413,-1.981986,-1.884810,0.000000,0.000000,0.000000,0.000000,0.000000,0.000000,0.000000,0.000000,-1515.782837,348.049377,758.090515,1310.599976
17.6804,True,0.000000,0.000000,0.000000,0.000000,0.000000,0.000000,-1.849655,1.189413,-1.981986,-1.885053,-1.849655,1.189413,-1.981986,-1.885053,0.000000,0.000000,0.000000,0.000000,0.000000,0.000000,0.000000,0.000000,-1515.782837,348.049377,758.090515,1310.599976
17.7004,True,0.000000,0.000000,0.000000,0.000000,0.000000,0.000000,-1.849916,1.189413,-1.981930,-1.884401,-1.849916,1.189413,-1.981986,-1.884401,0.000000,0.000000,0.000000,0.000000,0.000000,0.000000,0.000000,0.000000,-1515.782837,348.049377,758.090515,1310.599976
17.7204,True,0.000000,0.000000,0.000000,0.000000,0.000000,0.000000,-1.849916,1.189607,-1.981986,-1.885462,-1.849916,1.189607,-1.981986,-1.885462,0.000000,0.000000,0.000000,0.000000,0.000000,0.000000,0.000000,0.000000,-1515.782837,348.049377,758.090515,1310.599976
17.7404,True,0.000000,0.000000,0.000000,0.000000,0.000000,0.000000,-1.849655,1.189607,-1.981930,-1.885053,-1.849655,1.189607,-1.981930,-1.885053,0.000000,0.000000,0.000000,0.000000,0.000000,0.000000,0.000000,0.000000,-1515.782837,348.049377,758.090515,1310.599976
17.7604,True,0.000000,0.000000,0.000000,0.000000,0.000000,0.000000,-1.850297,1.189800,-1.981874,-1.884810,-1.849916,1.189607,-1.981874,-1.884810,0.000000,0.000000,0.000000,0.000000,0.000000,0.000000,0.000000,0.000000,-1515.782837,348.049377,758.090515,1310.599976
17.7804,True,0.000000,0.000000,0.000000,0.000000,0.000000,0.000000,-1.849916,1.189800,-1.981930,-1.885053,-1.849916,1.189151,-1.981930,-1.884645,0.000000,0.000000,0.000000,0.000000,0.000000,0.000000,0.000000,0.000000,-1515.782837,348.049377,758.090515,1310.599976
17.8004,True,0.000000,0.000000,0.000000,0.000000,0.000000,0.000000,-1.849655,1.189607,-1.981930,-1.885053,-1.849916,1.189607,-1.981930,-1.885053,0.000000,0.000000,0.000000,0.000000,0.000000,0.000000,0.000000,0.000000,-1515.782837,348.049377,758.090515,1310.599976
17.8204,True,0.000000,0.000000,0.000000,0.000000,0.000000,0.000000,-1.849655,1.189607,-1.981874,-1.884810,-1.849655,1.189607,-1.981874,-1.884810,0.000000,0.000000,0.000000,0.000000,0.000000,0.000000,0.000000,0.000000,-1515.782837,348.049377,758.090515,1310.599976
17.8404,True,0.000000,0.000000,0.000000,0.000000,0.000000,0.000000,-1.849655,1.189800,-1.981874,-1.884810,-1.849916,1.189607,-1.981930,-1.885053,0.000000,0.000000,0.000000,0.000000,0.000000,0.000000,0.000000,0.000000,-1515.782837,348.049377,758.090515,1310.599976
17.8604,True,0.000000,0.000000,0.000000,0.000000,0.000000,0.000000,-1.849655,1.189607,-1.981930,-1.884810,-1.849655,1.189607,-1.981930,-1.884810,0.000000,0.000000,0.000000,0.000000,0.000000,0.000000,0.000000,0.000000,-1515.782837,348.049377,758.090515,1310.599976
17.8804,True,0.000000,0.000000,0.000000,0.000000,0.000000,0.000000,-1.849655,1.189219,-1.981930,-1.884810,-1.849655,1.189219,-1.981930,-1.884810,0.000000,0.000000,0.000000,0.000000,0.000000,0.000000,0.000000,0.000000,-1515.782837,348.049377,758.090515,1310.599976
17.9004,True,0.000000,0.000000,0.000000,0.000000,0.000000,0.000000,-1.849655,1.189219,-1.981930,-1.884810,-1.849655,1.189219,-1.981930,-1.884810,0.000000,0.000000,0.000000,0.000000,0.000000,0.000000,0.000000,0.000000,-1515.782837,348.049377,758.090515,1310.599976
17.9204,True,0.000000,0.000000,0.000000,0.000000,0.000000,0.000000,-1.849655,1.189219,-1.981930,-1.884810,-1.849655,1.189219,-1.981930,-1.884810,0.000000,0.000000,0.000000,0.000000,0.000000,0.000000,0.000000,0.000000,-1515.782837,348.049377,758.090515,1310.599976
17.9404,True,0.000000,0.000000,0.000000,0.000000,0.000000,0.000000,-1.849655,1.189219,-1.981930,-1.884810,-1.849655,1.189219,-1.981986,-1.884810,0.000000,0.000000,0.000000,0.000000,0.000000,0.000000,0.000000,0.000000,-1515.782837,348.049377,758.090515,1310.599976
17.9605,True,0.000000,0.000000,0.000000,0.000000,0.000000,0.000000,-1.849655,1.189219,-1.981986,-1.885053,-1.849916,1.189219,-1.981986,-1.885053,0.000000,0.000000,0.000000,0.000000,0.000000,0.000000,0.000000,0.000000,-1515.782837,348.049377,758.090515,1310.599976
17.9804,True,0.000000,0.000000,0.000000,0.000000,0.000000,0.000000,-1.849655,1.189219,-1.981930,-1.885053,-1.849655,1.189219,-1.981930,-1.885053,0.000000,0.000000,0.000000,0.000000,0.000000,0.000000,0.000000,0.000000,-1515.782837,348.049377,758.090515,1310.599976
18.0004,True,0.000000,0.000000,0.000000,0.000000,0.000000,0.000000,-1.849916,1.189868,-1.981930,-1.885218,-1.849916,1.189219,-1.981930,-1.885218,0.000000,0.000000,0.000000,0.000000,0.000000,0.000000,0.000000,0.000000,-1515.782837,348.049377,758.090515,1310.599976
18.0204,True,0.000000,0.000000,0.000000,0.000000,0.000000,0.000000,-1.849916,1.189607,-1.981930,-1.884810,-1.849655,1.189607,-1.981874,-1.885462,0.000000,0.000000,0.000000,0.000000,0.000000,0.000000,0.000000,0.000000,-1515.782837,348.049377,758.090515,1310.599976
18.0404,True,0.000000,0.000000,0.000000,0.000000,0.000000,0.000000,-1.849916,1.189413,-1.981930,-1.884810,-1.849916,1.189413,-1.981874,-1.884810,0.000000,0.000000,0.000000,0.000000,0.000000,0.000000,0.000000,0.000000,-1515.782837,348.049377,758.090515,1310.599976
18.0604,True,0.000000,0.000000,0.000000,0.000000,0.000000,0.000000,-1.849916,1.189607,-1.981874,-1.885053,-1.849916,1.189413,-1.981874,-1.885053,0.000000,0.000000,0.000000,0.000000,0.000000,0.000000,0.000000,0.000000,-1515.782837,348.049377,758.090515,1310.599976
18.0806,True,0.000000,0.000000,0.000000,0.000000,0.000000,0.000000,-1.849655,1.189413,-1.981874,-1.885053,-1.849655,1.189413,-1.981874,-1.885053,0.000000,0.000000,0.000000,0.000000,0.000000,0.000000,0.000000,0.000000,-1515.782837,348.049377,758.090515,1310.599976
18.1004,True,0.000000,0.000000,0.000000,0.000000,0.000000,0.000000,-1.849655,1.189413,-1.981874,-1.885053,-1.850297,1.189413,-1.981874,-1.885053,0.000000,0.000000,0.000000,0.000000,0.000000,0.000000,0.000000,0.000000,-1515.782837,348.049377,758.090515,1310.599976
18.1204,True,0.000000,0.000000,0.000000,0.000000,0.000000,0.000000,-1.849916,1.189413,-1.981930,-1.884645,-1.849655,1.189413,-1.981930,-1.884645,0.000000,0.000000,0.000000,0.000000,0.000000,0.000000,0.000000,0.000000,-1515.782837,348.049377,758.090515,1310.599976
18.1404,True,0.000000,0.000000,0.000000,0.000000,0.000000,0.000000,-1.849655,1.189413,-1.981874,-1.884645,-1.849916,1.189219,-1.981930,-1.884645,0.000000,0.000000,0.000000,0.000000,0.000000,0.000000,0.000000,0.000000,-1515.782837,348.049377,758.090515,1310.599976
18.1604,True,0.000000,0.000000,0.000000,0.000000,0.000000,0.000000,-1.849916,1.189413,-1.981874,-1.884645,-1.849655,1.189413,-1.981874,-1.884645,0.000000,0.000000,0.000000,0.000000,0.000000,0.000000,0.000000,0.000000,-1515.782837,348.049377,758.090515,1310.599976
18.1804,True,0.000000,0.000000,0.000000,0.000000,0.000000,0.000000,-1.849655,1.189219,-1.981874,-1.884645,-1.849655,1.189219,-1.981874,-1.884645,0.000000,0.000000,0.000000,0.000000,0.000000,0.000000,0.000000,0.000000,-1515.782837,348.049377,758.090515,1310.599976
18.2004,True,0.000000,0.000000,0.000000,0.000000,0.000000,0.000000,-1.849655,1.189219,-1.981874,-1.884645,-1.849655,1.189219,-1.981874,-1.884645,0.000000,0.000000,0.000000,0.000000,0.000000,0.000000,0.000000,0.000000,-1515.782837,348.049377,758.090515,1310.599976
18.2204,True,0.000000,0.000000,0.000000,0.000000,0.000000,0.000000,-1.849655,1.189219,-1.981874,-1.884645,-1.849655,1.189219,-1.981874,-1.884645,0.000000,0.000000,0.000000,0.000000,0.000000,0.000000,0.000000,0.000000,-1515.782837,348.049377,758.090515,1310.599976
18.2404,True,0.000000,0.000000,0.000000,0.000000,0.000000,0.000000,-1.849655,1.189219,-1.981874,-1.884645,-1.849916,1.189219,-1.981874,-1.884645,0.000000,0.000000,0.000000,0.000000,0.000000,0.000000,0.000000,0.000000,-1515.782837,348.049377,758.090515,1310.599976
18.2604,True,0.000000,0.000000,0.000000,0.000000,0.000000,0.000000,-1.849916,1.189219,-1.981874,-1.884645,-1.849916,1.189219,-1.981930,-1.884645,0.000000,0.000000,0.000000,0.000000,0.000000,0.000000,0.000000,0.000000,-1515.782837,348.049377,758.090515,1310.599976
18.2804,True,0.000000,0.000000,0.000000,0.000000,0.000000,0.000000,-1.849916,1.189413,-1.981930,-1.884645,-1.849916,1.189413,-1.981930,-1.884645,0.000000,0.000000,0.000000,0.000000,0.000000,0.000000,0.000000,0.000000,-1515.782837,348.049377,758.090515,1310.599976
18.3004,True,0.000000,0.000000,0.000000,0.000000,0.000000,0.000000,-1.849655,1.189800,-1.981930,-1.884645,-1.849916,1.189607,-1.981930,-1.884645,0.000000,0.000000,0.000000,0.000000,0.000000,0.000000,0.000000,0.000000,-1515.782837,348.049377,758.090515,1310.599976
18.3204,True,0.000000,0.000000,0.000000,0.000000,0.000000,0.000000,-1.849537,1.189868,-1.981930,-1.884645,-1.849537,1.189868,-1.981930,-1.884645,0.000000,0.000000,0.000000,0.000000,0.000000,0.000000,0.000000,0.000000,-1515.782837,348.049377,758.090515,1310.599976
18.3404,True,0.000000,0.000000,0.000000,0.000000,0.000000,0.000000,-1.849537,1.189868,-1.981930,-1.884645,-1.849537,1.189868,-1.981930,-1.884645,0.000000,0.000000,0.000000,0.000000,0.000000,0.000000,0.000000,0.000000,-1515.782837,348.049377,758.090515,1310.599976
18.3605,True,0.000000,0.000000,0.000000,0.000000,0.000000,0.000000,-1.849537,1.189868,-1.981930,-1.884645,-1.849916,1.189868,-1.981930,-1.884645,0.000000,0.000000,0.000000,0.000000,0.000000,0.000000,0.000000,0.000000,-1515.782837,348.049377,758.090515,1310.599976
18.3804,True,0.000000,0.000000,0.000000,0.000000,0.000000,0.000000,-1.849655,1.189868,-1.981930,-1.884645,-1.849655,1.189868,-1.981930,-1.884645,0.000000,0.000000,0.000000,0.000000,0.000000,0.000000,0.000000,0.000000,-1515.782837,348.049377,758.090515,1310.599976
18.4004,True,0.000000,0.000000,0.000000,0.000000,0.000000,0.000000,-1.849655,1.189868,-1.981930,-1.884645,-1.850035,1.189413,-1.981930,-1.884645,0.000000,0.000000,0.000000,0.000000,0.000000,0.000000,0.000000,0.000000,-1515.782837,348.049377,758.090515,1310.599976
18.4204,True,0.000000,0.000000,0.000000,0.000000,0.000000,0.000000,-1.849655,1.189413,-1.981986,-1.884645,-1.849655,1.189413,-1.981986,-1.884645,0.000000,0.000000,0.000000,0.000000,0.000000,0.000000,0.000000,0.000000,-1515.782837,348.049377,758.090515,1310.599976
18.4404,True,0.000000,0.000000,0.000000,0.000000,0.000000,0.000000,-1.849394,1.189413,-1.981986,-1.884645,-1.849655,1.189219,-1.981986,-1.884645,0.000000,0.000000,0.000000,0.000000,0.000000,0.000000,0.000000,0.000000,-1515.782837,348.049377,758.090515,1310.599976
18.4604,True,0.000000,0.000000,0.000000,0.000000,0.000000,0.000000,-1.849655,1.189413,-1.981986,-1.884645,-1.849655,1.189607,-1.981986,-1.884645,0.000000,0.000000,0.000000,0.000000,0.000000,0.000000,0.000000,0.000000,-1515.782837,348.049377,758.090515,1310.599976
18.4804,True,0.000000,0.000000,0.000000,0.000000,0.000000,0.000000,-1.849394,1.189413,-1.981986,-1.884645,-1.849394,1.189413,-1.981986,-1.884645,0.000000,0.000000,0.000000,0.000000,0.000000,0.000000,0.000000,0.000000,-1515.782837,348.049377,758.090515,1310.599976
18.5004,True,0.000000,0.000000,0.000000,0.000000,0.000000,0.000000,-1.850035,1.189413,-1.981986,-1.884810,-1.850035,1.189413,-1.981986,-1.884810,0.000000,0.000000,0.000000,0.000000,0.000000,0.000000,0.000000,0.000000,-1515.782837,348.049377,758.090515,1310.599976
18.5204,True,0.000000,0.000000,0.000000,0.000000,0.000000,0.000000,-1.849655,1.189413,-1.981986,-1.885053,-1.849655,1.189413,-1.981986,-1.885053,0.000000,0.000000,0.000000,0.000000,0.000000,0.000000,0.000000,0.000000,-1515.782837,348.049377,758.090515,1310.599976
18.5404,True,0.000000,0.000000,0.000000,0.000000,0.000000,0.000000,-1.849655,1.189413,-1.981986,-1.884645,-1.849655,1.189413,-1.981986,-1.884645,0.000000,0.000000,0.000000,0.000000,0.000000,0.000000,0.000000,0.000000,-1515.782837,348.049377,758.090515,1310.599976
18.5604,True,0.000000,0.000000,0.000000,0.000000,0.000000,0.000000,-1.849655,1.189413,-1.981986,-1.884810,-1.849655,1.189413,-1.981986,-1.884810,0.000000,0.000000,0.000000,0.000000,0.000000,0.000000,0.000000,0.000000,-1515.782837,348.049377,758.090515,1310.599976
18.5804,True,0.000000,0.000000,0.000000,0.000000,0.000000,0.000000,-1.849655,1.189607,-1.981986,-1.884810,-1.849655,1.189607,-1.981986,-1.885462,0.000000,0.000000,0.000000,0.000000,0.000000,0.000000,0.000000,0.000000,-1515.782837,348.049377,758.090515,1310.599976
18.6004,True,0.000000,0.000000,0.000000,0.000000,0.000000,0.000000,-1.849655,1.189413,-1.981986,-1.884810,-1.849655,1.189413,-1.981986,-1.884810,0.000000,0.000000,0.000000,0.000000,0.000000,0.000000,0.000000,0.000000,-1515.782837,348.049377,758.090515,1310.599976
18.6204,True,0.000000,0.000000,0.000000,0.000000,0.000000,0.000000,-1.849655,1.189413,-1.981986,-1.885053,-1.849655,1.189607,-1.981986,-1.885053,0.000000,0.000000,0.000000,0.000000,0.000000,0.000000,0.000000,0.000000,-1515.782837,348.049377,758.090515,1310.599976
18.6404,True,0.000000,0.000000,0.000000,0.000000,0.000000,0.000000,-1.850035,1.189607,-1.981986,-1.885053,-1.850035,1.189607,-1.981986,-1.885053,0.000000,0.000000,0.000000,0.000000,0.000000,0.000000,0.000000,0.000000,-1515.782837,348.049377,758.090515,1310.599976
18.6604,True,0.000000,0.000000,0.000000,0.000000,0.000000,0.000000,-1.850035,1.189607,-1.981986,-1.885053,-1.849655,1.189607,-1.981986,-1.885053,0.000000,0.000000,0.000000,0.000000,0.000000,0.000000,0.000000,0.000000,-1515.782837,348.049377,758.090515,1310.599976
18.6804,True,0.000000,0.000000,0.000000,0.000000,0.000000,0.000000,-1.850035,1.189607,-1.981986,-1.885053,-1.850035,1.189607,-1.981986,-1.885218,0.000000,0.000000,0.000000,0.000000,0.000000,0.000000,0.000000,0.000000,-1515.782837,348.049377,758.090515,1310.599976
18.7003,True,0.000000,0.000000,0.000000,0.000000,0.000000,0.000000,-1.850035,1.189607,-1.981986,-1.885053,-1.850035,1.189607,-1.981986,-1.885053,0.000000,0.000000,0.000000,0.000000,0.000000,0.000000,0.000000,0.000000,-1515.782837,348.049377,758.090515,1310.599976
18.7204,True,0.000000,0.000000,0.000000,0.000000,0.000000,0.000000,-1.850035,1.189607,-1.981986,-1.885053,-1.850035,1.189607,-1.981986,-1.885053,0.000000,0.000000,0.000000,0.000000,0.000000,0.000000,0.000000,0.000000,-1515.782837,348.049377,758.090515,1310.599976
18.7403,True,0.000000,0.000000,0.000000,0.000000,0.000000,0.000000,-1.850035,1.189219,-1.981986,-1.885053,-1.849394,1.189219,-1.981986,-1.885053,0.000000,0.000000,0.000000,0.000000,0.000000,0.000000,0.000000,0.000000,-1515.782837,348.049377,758.090515,1310.599976
18.7604,True,0.000000,0.000000,0.000000,0.000000,0.000000,0.000000,-1.849655,1.189413,-1.981986,-1.885053,-1.849655,1.189219,-1.981986,-1.885053,0.000000,0.000000,0.000000,0.000000,0.000000,0.000000,0.000000,0.000000,-1515.782837,348.049377,758.090515,1310.599976
18.7804,True,0.000000,0.000000,0.000000,0.000000,0.000000,0.000000,-1.849655,1.189413,-1.981986,-1.884810,-1.849655,1.189413,-1.981986,-1.884810,0.000000,0.000000,0.000000,0.000000,0.000000,0.000000,0.000000,0.000000,-1515.782837,348.049377,758.090515,1310.599976
18.8004,True,0.000000,0.000000,0.000000,0.000000,0.000000,0.000000,-1.849655,1.189413,-1.981986,-1.885462,-1.849655,1.189413,-1.981986,-1.885462,0.000000,0.000000,0.000000,0.000000,0.000000,0.000000,0.000000,0.000000,-1515.782837,348.049377,758.090515,1310.599976
18.8204,True,0.000000,0.000000,0.000000,0.000000,0.000000,0.000000,-1.849394,1.189413,-1.981986,-1.885462,-1.849773,1.189413,-1.981986,-1.885462,0.000000,0.000000,0.000000,0.000000,0.000000,0.000000,0.000000,0.000000,-1515.782837,348.049377,758.090515,1310.599976
18.8404,True,0.000000,0.000000,0.000000,0.000000,0.000000,0.000000,-1.849394,1.189413,-1.981986,-1.885053,-1.850035,1.189413,-1.981986,-1.885053,0.000000,0.000000,0.000000,0.000000,0.000000,0.000000,0.000000,0.000000,-1515.782837,348.049377,758.090515,1310.599976
18.8604,True,0.000000,0.000000,0.000000,0.000000,0.000000,0.000000,-1.849655,1.189413,-1.981986,-1.885053,-1.849655,1.189219,-1.981986,-1.885462,0.000000,0.000000,0.000000,0.000000,0.000000,0.000000,0.000000,0.000000,-1515.782837,348.049377,758.090515,1310.599976
18.8804,True,0.000000,0.000000,0.000000,0.000000,0.000000,0.000000,-1.849916,1.189413,-1.981986,-1.885462,-1.849916,1.189674,-1.981986,-1.884810,0.000000,0.000000,0.000000,0.000000,0.000000,0.000000,0.000000,0.000000,-1515.782837,348.049377,758.090515,1310.599976
18.9004,True,0.000000,0.000000,0.000000,0.000000,0.000000,0.000000,-1.849655,1.189219,-1.981986,-1.885053,-1.849916,1.189219,-1.981986,-1.885053,0.000000,0.000000,0.000000,0.000000,0.000000,0.000000,0.000000,0.000000,-1515.782837,348.049377,758.090515,1310.599976
18.9204,True,0.000000,0.000000,0.000000,0.000000,0.000000,0.000000,-1.849655,1.189219,-1.981986,-1.885053,-1.849655,1.189413,-1.981986,-1.884810,0.000000,0.000000,0.000000,0.000000,0.000000,0.000000,0.000000,0.000000,-1515.782837,348.049377,758.090515,1310.599976
18.9404,True,0.000000,0.000000,0.000000,0.000000,0.000000,0.000000,-1.849655,1.189219,-1.981986,-1.885053,-1.849655,1.189219,-1.981986,-1.884810,0.000000,0.000000,0.000000,0.000000,0.000000,0.000000,0.000000,0.000000,-1515.782837,348.049377,758.090515,1310.599976
18.9604,True,0.000000,0.000000,0.000000,0.000000,0.000000,0.000000,-1.849916,1.189219,-1.981986,-1.885218,-1.849916,1.189219,-1.981986,-1.885218,0.000000,0.000000,0.000000,0.000000,0.000000,0.000000,0.000000,0.000000,-1515.782837,348.049377,758.090515,1310.599976
18.9804,True,0.000000,0.000000,0.000000,0.000000,0.000000,0.000000,-1.849655,1.189219,-1.981930,-1.884810,-1.849655,1.189219,-1.981874,-1.884565,0.000000,0.000000,0.000000,0.000000,0.000000,0.000000,0.000000,0.000000,-1515.782837,348.049377,758.090515,1310.599976
19.0004,True,0.000000,0.000000,0.000000,0.000000,0.000000,0.000000,-1.849916,1.189219,-1.981874,-1.884810,-1.849916,1.189219,-1.981874,-1.884810,0.000000,0.000000,0.000000,0.000000,0.000000,0.000000,0.000000,0.000000,-1515.782837,348.049377,758.090515,1310.599976
19.0204,True,0.000000,0.000000,0.000000,0.000000,0.000000,0.000000,-1.849655,1.189219,-1.981874,-1.884810,-1.849655,1.189219,-1.981874,-1.884810,0.000000,0.000000,0.000000,0.000000,0.000000,0.000000,0.000000,0.000000,-1515.782837,348.049377,758.090515,1310.599976
19.0404,True,0.000000,0.000000,0.000000,0.000000,0.000000,0.000000,-1.849655,1.189219,-1.981930,-1.884810,-1.849655,1.189219,-1.981874,-1.884810,0.000000,0.000000,0.000000,0.000000,0.000000,0.000000,0.000000,0.000000,-1515.782837,348.049377,758.090515,1310.599976
19.0604,True,0.000000,0.000000,0.000000,0.000000,0.000000,0.000000,-1.849916,1.189219,-1.981874,-1.885218,-1.849655,1.189219,-1.981874,-1.885218,0.000000,0.000000,0.000000,0.000000,0.000000,0.000000,0.000000,0.000000,-1515.782837,348.049377,758.090515,1310.599976
19.0804,True,0.000000,0.000000,0.000000,0.000000,0.000000,0.000000,-1.849655,1.189219,-1.981930,-1.884810,-1.849655,1.189219,-1.981930,-1.885218,0.000000,0.000000,0.000000,0.000000,0.000000,0.000000,0.000000,0.000000,-1515.782837,348.049377,758.090515,1310.599976
19.1004,True,0.000000,0.000000,0.000000,0.000000,0.000000,0.000000,-1.849655,1.189219,-1.981930,-1.885462,-1.849655,1.189219,-1.981930,-1.885462,0.000000,0.000000,0.000000,0.000000,0.000000,0.000000,0.000000,0.000000,-1515.782837,348.049377,758.090515,1310.599976
19.1204,True,0.000000,0.000000,0.000000,0.000000,0.000000,0.000000,-1.850035,1.189219,-1.981874,-1.884810,-1.850035,1.189219,-1.981874,-1.884810,0.000000,0.000000,0.000000,0.000000,0.000000,0.000000,0.000000,0.000000,-1515.782837,348.049377,758.090515,1310.599976
19.1404,True,0.000000,0.000000,0.000000,0.000000,0.000000,0.000000,-1.849394,1.189219,-1.981874,-1.884810,-1.850035,1.189219,-1.981874,-1.884810,0.000000,0.000000,0.000000,0.000000,0.000000,0.000000,0.000000,0.000000,-1515.782837,348.049377,758.090515,1310.599976
19.1604,True,0.000000,0.000000,0.000000,0.000000,0.000000,0.000000,-1.849655,1.189219,-1.981874,-1.885053,-1.849655,1.189219,-1.981874,-1.885462,0.000000,0.000000,0.000000,0.000000,0.000000,0.000000,0.000000,0.000000,-1515.782837,348.049377,758.090515,1310.599976
19.1804,True,0.000000,0.000000,0.000000,0.000000,0.000000,0.000000,-1.849655,1.189219,-1.981874,-1.885053,-1.849655,1.189219,-1.981930,-1.885053,0.000000,0.000000,0.000000,0.000000,0.000000,0.000000,0.000000,0.000000,-1515.782837,348.049377,758.090515,1310.599976
19.2004,True,0.000000,0.000000,0.000000,0.000000,0.000000,0.000000,-1.849916,1.189219,-1.981930,-1.884810,-1.849916,1.189219,-1.981930,-1.885218,0.000000,0.000000,0.000000,0.000000,0.000000,0.000000,0.000000,0.000000,-1515.782837,348.049377,758.090515,1310.599976
19.2204,True,0.000000,0.000000,0.000000,0.000000,0.000000,0.000000,-1.849916,1.189219,-1.981930,-1.884810,-1.849916,1.189219,-1.981930,-1.884810,0.000000,0.000000,0.000000,0.000000,0.000000,0.000000,0.000000,0.000000,-1515.782837,348.049377,758.090515,1310.599976
19.2404,True,0.000000,0.000000,0.000000,0.000000,0.000000,0.000000,-1.849655,1.189219,-1.981930,-1.884810,-1.849655,1.189219,-1.981986,-1.884810,0.000000,0.000000,0.000000,0.000000,0.000000,0.000000,0.000000,0.000000,-1515.782837,348.049377,758.090515,1310.599976
19.2604,True,0.000000,0.000000,0.000000,0.000000,0.000000,0.000000,-1.849655,1.189219,-1.981930,-1.884810,-1.849655,1.189219,-1.981930,-1.885053,0.000000,0.000000,0.000000,0.000000,0.000000,0.000000,0.000000,0.000000,-1515.782837,348.049377,758.090515,1310.599976
19.2805,True,0.000000,0.000000,0.000000,0.000000,0.000000,0.000000,-1.849655,1.189219,-1.982041,-1.884810,-1.849655,1.189219,-1.982041,-1.884810,0.000000,0.000000,0.000000,0.000000,0.000000,0.000000,0.000000,0.000000,-1515.782837,348.049377,758.090515,1310.599976
19.3004,True,0.000000,0.000000,0.000000,0.000000,0.000000,0.000000,-1.849773,1.189219,-1.981930,-1.885053,-1.850035,1.189219,-1.981930,-1.885053,0.000000,0.000000,0.000000,0.000000,0.000000,0.000000,0.000000,0.000000,-1515.782837,348.049377,758.090515,1310.599976
19.3204,True,0.000000,0.000000,0.000000,0.000000,0.000000,0.000000,-1.849655,1.189219,-1.981986,-1.885053,-1.849394,1.189219,-1.981986,-1.885462,0.000000,0.000000,0.000000,0.000000,0.000000,0.000000,0.000000,0.000000,-1515.782837,348.049377,758.090515,1310.599976
19.3404,True,0.000000,0.000000,0.000000,0.000000,0.000000,0.000000,-1.850035,1.189219,-1.981986,-1.885053,-1.849655,1.189219,-1.981986,-1.885053,0.000000,0.000000,0.000000,0.000000,0.000000,0.000000,0.000000,0.000000,-1515.782837,348.049377,758.090515,1310.599976
19.3605,True,0.000000,0.000000,0.000000,0.000000,0.000000,0.000000,-1.849655,1.189219,-1.981930,-1.884810,-1.850035,1.189219,-1.981986,-1.885053,0.000000,0.000000,0.000000,0.000000,0.000000,0.000000,0.000000,0.000000,-1515.782837,348.049377,758.090515,1310.599976
19.3806,True,0.000000,0.000000,0.000000,0.000000,0.000000,0.000000,-1.850035,1.189219,-1.981986,-1.885053,-1.850035,1.189219,-1.981930,-1.884810,0.000000,0.000000,0.000000,0.000000,0.000000,0.000000,0.000000,0.000000,-1515.782837,348.049377,758.090515,1310.599976
19.4009,True,0.000000,0.000000,0.000000,0.000000,0.000000,0.000000,-1.850035,1.189219,-1.981986,-1.884810,-1.849655,1.189219,-1.981986,-1.884810,0.000000,0.000000,0.000000,0.000000,0.000000,0.000000,0.000000,0.000000,-1515.782837,348.049377,758.090515,1310.599976
19.4205,True,0.000000,0.000000,0.000000,0.000000,0.000000,0.000000,-1.849394,1.189219,-1.981986,-1.885053,-1.849655,1.189607,-1.981986,-1.885053,0.000000,0.000000,0.000000,0.000000,0.000000,0.000000,0.000000,0.000000,-1515.782837,348.049377,758.090515,1310.599976
19.4407,True,0.000000,0.000000,0.000000,0.000000,0.000000,0.000000,-1.849655,1.189607,-1.981343,-1.885053,-1.849655,1.189607,-1.981986,-1.885053,0.000000,0.000000,0.000000,0.000000,0.000000,0.000000,0.000000,0.000000,-1515.782837,348.049377,758.090515,1310.599976
19.4604,True,0.000000,0.000000,0.000000,0.000000,0.000000,0.000000,-1.849655,1.189413,-1.981930,-1.885462,-1.849655,1.189413,-1.981930,-1.885462,0.000000,0.000000,0.000000,0.000000,0.000000,0.000000,0.000000,0.000000,-1515.782837,348.049377,758.090515,1310.599976
19.4805,True,0.000000,0.000000,0.000000,0.000000,0.000000,0.000000,-1.849394,1.189413,-1.981986,-1.884810,-1.849394,1.189413,-1.981986,-1.885053,0.000000,0.000000,0.000000,0.000000,0.000000,0.000000,0.000000,0.000000,-1515.782837,348.049377,758.090515,1310.599976
19.5004,True,0.000000,0.000000,0.000000,0.000000,0.000000,0.000000,-1.850035,1.189219,-1.981986,-1.885053,-1.850035,1.189219,-1.981930,-1.885053,0.000000,0.000000,0.000000,0.000000,0.000000,0.000000,0.000000,0.000000,-1515.782837,348.049377,758.090515,1310.599976
19.5204,True,0.000000,0.000000,0.000000,0.000000,0.000000,0.000000,-1.850035,1.189607,-1.981930,-1.884645,-1.850035,1.189413,-1.981986,-1.884645,0.000000,0.000000,0.000000,0.000000,0.000000,0.000000,0.000000,0.000000,-1515.782837,348.049377,758.090515,1310.599976
19.5404,True,0.000000,0.000000,0.000000,0.000000,0.000000,0.000000,-1.850035,1.189607,-1.981874,-1.884645,-1.850035,1.189607,-1.981874,-1.885053,0.000000,0.000000,0.000000,0.000000,0.000000,0.000000,0.000000,0.000000,-1515.782837,348.049377,758.090515,1310.599976
19.5604,True,0.000000,0.000000,0.000000,0.000000,0.000000,0.000000,-1.850035,1.189607,-1.981986,-1.885053,-1.850035,1.189607,-1.981930,-1.885053,0.000000,0.000000,0.000000,0.000000,0.000000,0.000000,0.000000,0.000000,-1515.782837,348.049377,758.090515,1310.599976
19.5804,True,0.000000,0.000000,0.000000,0.000000,0.000000,0.000000,-1.850035,1.189800,-1.981930,-1.885053,-1.850035,1.189607,-1.981399,-1.884810,0.000000,0.000000,0.000000,0.000000,0.000000,0.000000,0.000000,0.000000,-1515.782837,348.049377,758.090515,1310.599976
19.6004,True,0.000000,0.000000,0.000000,0.000000,0.000000,0.000000,-1.850035,1.189607,-1.982041,-1.885053,-1.850035,1.189607,-1.981986,-1.885053,0.000000,0.000000,0.000000,0.000000,0.000000,0.000000,0.000000,0.000000,-1515.782837,348.049377,758.090515,1310.599976
19.6205,True,0.000000,0.000000,0.000000,0.000000,0.000000,0.000000,-1.850035,1.189607,-1.981930,-1.885053,-1.850035,1.189607,-1.981986,-1.885053,0.000000,0.000000,0.000000,0.000000,0.000000,0.000000,0.000000,0.000000,-1515.782837,348.049377,758.090515,1310.599976
19.6404,True,0.000000,0.000000,0.000000,0.000000,0.000000,0.000000,-1.850035,1.189607,-1.981930,-1.885053,-1.850035,1.189607,-1.981930,-1.885053,0.000000,0.000000,0.000000,0.000000,0.000000,0.000000,0.000000,0.000000,-1515.782837,348.049377,758.090515,1310.599976
19.6604,True,0.000000,0.000000,0.000000,0.000000,0.000000,0.000000,-1.850035,1.189607,-1.981930,-1.885053,-1.850035,1.189607,-1.981930,-1.885053,0.000000,0.000000,0.000000,0.000000,0.000000,0.000000,0.000000,0.000000,-1515.782837,348.049377,758.090515,1310.599976
19.6804,True,0.000000,0.000000,0.000000,0.000000,0.000000,0.000000,-1.850035,1.189607,-1.981930,-1.885053,-1.850035,1.189607,-1.981930,-1.885053,0.000000,0.000000,0.000000,0.000000,0.000000,0.000000,0.000000,0.000000,-1515.782837,348.049377,758.090515,1310.599976
19.7004,True,0.000000,0.000000,0.000000,0.000000,0.000000,0.000000,-1.850035,1.189607,-1.981930,-1.885053,-1.850035,1.189607,-1.981930,-1.884810,0.000000,0.000000,0.000000,0.000000,0.000000,0.000000,0.000000,0.000000,-1515.782837,348.049377,758.090515,1310.599976
19.7204,True,0.000000,0.000000,0.000000,0.000000,0.000000,0.000000,-1.850035,1.189607,-1.981986,-1.885297,-1.850035,1.189607,-1.981986,-1.885297,0.000000,0.000000,0.000000,0.000000,0.000000,0.000000,0.000000,0.000000,-1515.782837,348.049377,758.090515,1310.599976
19.7404,True,0.000000,0.000000,0.000000,0.000000,0.000000,0.000000,-1.850035,1.189607,-1.981986,-1.884889,-1.850035,1.189607,-1.981986,-1.884889,0.000000,0.000000,0.000000,0.000000,0.000000,0.000000,0.000000,0.000000,-1515.782837,348.049377,758.090515,1310.599976
19.7604,True,0.000000,0.000000,0.000000,0.000000,0.000000,0.000000,-1.850035,1.189413,-1.981986,-1.884645,-1.850035,1.189413,-1.981986,-1.885297,0.000000,0.000000,0.000000,0.000000,0.000000,0.000000,0.000000,0.000000,-1515.782837,348.049377,758.090515,1310.599976
19.7805,True,0.000000,0.000000,0.000000,0.000000,0.000000,0.000000,-1.850035,1.189800,-1.981986,-1.885297,-1.850035,1.189607,-1.981399,-1.885297,0.000000,0.000000,0.000000,0.000000,0.000000,0.000000,0.000000,0.000000,-1515.782837,348.049377,758.090515,1310.599976
19.8004,True,0.000000,0.000000,0.000000,0.000000,0.000000,0.000000,-1.850035,1.189413,-1.981986,-1.885053,-1.850035,1.189413,-1.981986,-1.885053,0.000000,0.000000,0.000000,0.000000,0.000000,0.000000,0.000000,0.000000,-1515.782837,348.049377,758.090515,1310.599976
19.8204,True,0.000000,0.000000,0.000000,0.000000,0.000000,0.000000,-1.850035,1.189413,-1.981399,-1.884889,-1.850035,1.189607,-1.981986,-1.885053,0.000000,0.000000,0.000000,0.000000,0.000000,0.000000,0.000000,0.000000,-1515.782837,348.049377,758.090515,1310.599976
19.8404,True,0.000000,0.000000,0.000000,0.000000,0.000000,0.000000,-1.850035,1.189800,-1.981986,-1.884645,-1.850035,1.189800,-1.981986,-1.884645,0.000000,0.000000,0.000000,0.000000,0.000000,0.000000,0.000000,0.000000,-1515.782837,348.049377,758.090515,1310.599976
19.8604,True,0.000000,0.000000,0.000000,0.000000,0.000000,0.000000,-1.850035,1.189151,-1.981986,-1.885053,-1.850035,1.189607,-1.981986,-1.885053,0.000000,0.000000,0.000000,0.000000,0.000000,0.000000,0.000000,0.000000,-1515.782837,348.049377,758.090515,1310.599976
19.8804,True,0.000000,0.000000,0.000000,0.000000,0.000000,0.000000,-1.850035,1.189607,-1.981930,-1.885053,-1.850035,1.189607,-1.981930,-1.885053,0.000000,0.000000,0.000000,0.000000,0.000000,0.000000,0.000000,0.000000,-1515.782837,348.049377,758.090515,1310.599976
19.9004,True,0.000000,0.000000,0.000000,0.000000,0.000000,0.000000,-1.850035,1.189607,-1.981930,-1.884889,-1.850035,1.189607,-1.981930,-1.884889,0.000000,0.000000,0.000000,0.000000,0.000000,0.000000,0.000000,0.000000,-1515.782837,348.049377,758.090515,1310.599976
19.9204,True,0.000000,0.000000,0.000000,0.000000,0.000000,0.000000,-1.850035,1.189607,-1.981399,-1.885053,-1.850035,1.189607,-1.981986,-1.885053,0.000000,0.000000,0.000000,0.000000,0.000000,0.000000,0.000000,0.000000,-1515.782837,348.049377,758.090515,1310.599976
19.9404,True,0.000000,0.000000,0.000000,0.000000,0.000000,0.000000,-1.850035,1.189151,-1.981930,-1.885053,-1.850035,1.189413,-1.981930,-1.885053,0.000000,0.000000,0.000000,0.000000,0.000000,0.000000,0.000000,0.000000,-1515.782837,348.049377,758.090515,1310.599976
19.9604,True,0.000000,0.000000,0.000000,0.000000,0.000000,0.000000,-1.850035,1.189413,-1.981930,-1.885053,-1.850035,1.189413,-1.981930,-1.885053,0.000000,0.000000,0.000000,0.000000,0.000000,0.000000,0.000000,0.000000,-1515.782837,348.049377,758.090515,1310.599976
19.9804,True,0.000000,0.000000,0.000000,0.000000,0.000000,0.000000,-1.850035,1.189607,-1.981930,-1.884645,-1.850035,1.189607,-1.981930,-1.884645,0.000000,0.000000,0.000000,0.000000,0.000000,0.000000,0.000000,0.000000,-1515.782837,348.049377,758.090515,1310.599976
20.0004,True,0.000000,0.000000,0.000000,0.000000,0.000000,0.000000,-1.850035,1.189413,-1.981930,-1.884645,-1.850035,1.189413,-1.981930,-1.884645,0.000000,0.000000,0.000000,0.000000,0.000000,0.000000,0.000000,0.000000,-1515.782837,348.049377,758.090515,1310.599976
20.0204,True,0.000000,0.000000,0.000000,0.000000,0.000000,0.000000,-1.850035,1.189413,-1.981930,-1.884810,-1.850035,1.189413,-1.981986,-1.884810,0.000000,0.000000,0.000000,0.000000,0.000000,0.000000,0.000000,0.000000,-1515.782837,348.049377,758.090515,1310.599976
20.0404,True,0.000000,0.000000,0.000000,0.000000,0.000000,0.000000,-1.850035,1.189413,-1.981343,-1.885053,-1.850035,1.189607,-1.981874,-1.884810,0.000000,0.000000,0.000000,0.000000,0.000000,0.000000,0.000000,0.000000,-1515.782837,348.049377,758.090515,1310.599976
20.0604,True,0.000000,0.000000,0.000000,0.000000,0.000000,0.000000,-1.850035,1.189607,-1.981930,-1.884810,-1.850035,1.189800,-1.981930,-1.885462,0.000000,0.000000,0.000000,0.000000,0.000000,0.000000,0.000000,0.000000,-1515.782837,348.049377,758.090515,1310.599976
20.0804,True,0.000000,0.000000,0.000000,0.000000,0.000000,0.000000,-1.850035,1.189151,-1.981930,-1.884810,-1.850035,1.189151,-1.981930,-1.884810,0.000000,0.000000,0.000000,0.000000,0.000000,0.000000,0.000000,0.000000,-1515.782837,348.049377,758.090515,1310.599976
20.1004,True,0.000000,0.000000,0.000000,0.000000,0.000000,0.000000,-1.849655,1.189607,-1.981343,-1.884810,-1.850035,1.189607,-1.981343,-1.884810,0.000000,0.000000,0.000000,0.000000,0.000000,0.000000,0.000000,0.000000,-1515.782837,348.049377,758.090515,1310.599976
20.1204,True,0.000000,0.000000,0.000000,0.000000,0.000000,0.000000,-1.849655,1.189607,-1.981343,-1.884810,-1.849916,1.189607,-1.981343,-1.884810,0.000000,0.000000,0.000000,0.000000,0.000000,0.000000,0.000000,0.000000,-1515.782837,348.049377,758.090515,1310.599976
20.1404,True,0.000000,0.000000,0.000000,0.000000,0.000000,0.000000,-1.850035,1.189607,-1.981343,-1.884810,-1.850035,1.189607,-1.981343,-1.884810,0.000000,0.000000,0.000000,0.000000,0.000000,0.000000,0.000000,0.000000,-1515.782837,348.049377,758.090515,1310.599976
20.1603,True,0.000000,0.000000,0.000000,0.000000,0.000000,0.000000,-1.849655,1.189607,-1.981343,-1.884810,-1.849655,1.189607,-1.981343,-1.884810,0.000000,0.000000,0.000000,0.000000,0.000000,0.000000,0.000000,0.000000,-1515.782837,348.049377,758.090515,1310.599976
20.1804,True,0.000000,0.000000,0.000000,0.000000,0.000000,0.000000,-1.849655,1.189607,-1.981986,-1.884810,-1.849655,1.189607,-1.981930,-1.884810,0.000000,0.000000,0.000000,0.000000,0.000000,0.000000,0.000000,0.000000,-1515.782837,348.049377,758.090515,1310.599976
20.2004,True,0.000000,0.000000,0.000000,0.000000,0.000000,0.000000,-1.849916,1.189607,-1.981874,-1.884810,-1.849655,1.189607,-1.981986,-1.884810,0.000000,0.000000,0.000000,0.000000,0.000000,0.000000,0.000000,0.000000,-1515.782837,348.049377,758.090515,1310.599976
20.2204,True,0.000000,0.000000,0.000000,0.000000,0.000000,0.000000,-1.849916,1.189607,-1.981874,-1.884810,-1.849655,1.189607,-1.981874,-1.884810,0.000000,0.000000,0.000000,0.000000,0.000000,0.000000,0.000000,0.000000,-1515.782837,348.049377,758.090515,1310.599976
20.2404,True,0.000000,0.000000,0.000000,0.000000,0.000000,0.000000,-1.849655,1.189607,-1.981930,-1.884810,-1.849655,1.189607,-1.981930,-1.884810,0.000000,0.000000,0.000000,0.000000,0.000000,0.000000,0.000000,0.000000,-1515.782837,348.049377,758.090515,1310.599976
20.2604,True,0.000000,0.000000,0.000000,0.000000,0.000000,0.000000,-1.849916,1.189219,-1.981930,-1.884810,-1.849655,1.189413,-1.981930,-1.884810,0.000000,0.000000,0.000000,0.000000,0.000000,0.000000,0.000000,0.000000,-1515.782837,348.049377,758.090515,1310.599976
20.2804,True,0.000000,0.000000,0.000000,0.000000,0.000000,0.000000,-1.849655,1.189413,-1.981343,-1.884810,-1.849916,1.189413,-1.981343,-1.884810,0.000000,0.000000,0.000000,0.000000,0.000000,0.000000,0.000000,0.000000,-1515.782837,348.049377,758.090515,1310.599976
20.3004,True,0.000000,0.000000,0.000000,0.000000,0.000000,0.000000,-1.849916,1.189413,-1.981986,-1.884810,-1.849916,1.189607,-1.981930,-1.884810,0.000000,0.000000,0.000000,0.000000,0.000000,0.000000,0.000000,0.000000,-1515.782837,348.049377,758.090515,1310.599976
20.3204,True,0.000000,0.000000,0.000000,0.000000,0.000000,0.000000,-1.849655,1.189800,-1.981930,-1.884810,-1.849655,1.188958,-1.981930,-1.884810,0.000000,0.000000,0.000000,0.000000,0.000000,0.000000,0.000000,0.000000,-1515.782837,348.049377,758.090515,1310.599976
20.3404,True,0.000000,0.000000,0.000000,0.000000,0.000000,0.000000,-1.849655,1.189607,-1.981986,-1.884810,-1.849655,1.189607,-1.981986,-1.884810,0.000000,0.000000,0.000000,0.000000,0.000000,0.000000,0.000000,0.000000,-1515.782837,348.049377,758.090515,1310.599976
20.3604,True,0.000000,0.000000,0.000000,0.000000,0.000000,0.000000,-1.850297,1.189607,-1.981986,-1.884810,-1.850297,1.189413,-1.981986,-1.884810,0.000000,0.000000,0.000000,0.000000,0.000000,0.000000,0.000000,0.000000,-1515.782837,348.049377,758.090515,1310.599976
20.3804,True,0.000000,0.000000,0.000000,0.000000,0.000000,0.000000,-1.849655,1.189607,-1.981986,-1.884810,-1.849655,1.189607,-1.981986,-1.884810,0.000000,0.000000,0.000000,0.000000,0.000000,0.000000,0.000000,0.000000,-1515.782837,348.049377,758.090515,1310.599976
20.4005,True,0.000000,0.000000,0.000000,0.000000,0.000000,0.000000,-1.849655,1.189413,-1.981986,-1.884810,-1.849655,1.189413,-1.981986,-1.884810,0.000000,0.000000,0.000000,0.000000,0.000000,0.000000,0.000000,0.000000,-1515.782837,348.049377,758.090515,1310.599976
20.4204,True,0.000000,0.000000,0.000000,0.000000,0.000000,0.000000,-1.849655,1.189607,-1.981930,-1.884810,-1.850297,1.189151,-1.981930,-1.884810,0.000000,0.000000,0.000000,0.000000,0.000000,0.000000,0.000000,0.000000,-1515.782837,348.049377,758.090515,1310.599976
20.4404,True,0.000000,0.000000,0.000000,0.000000,0.000000,0.000000,-1.849655,1.188958,-1.981930,-1.884810,-1.849655,1.189413,-1.981930,-1.884810,0.000000,0.000000,0.000000,0.000000,0.000000,0.000000,0.000000,0.000000,-1515.782837,348.049377,758.090515,1310.599976
20.4604,True,0.000000,0.000000,0.000000,0.000000,0.000000,0.000000,-1.849394,1.189607,-1.981930,-1.884810,-1.849394,1.189607,-1.981930,-1.884810,0.000000,0.000000,0.000000,0.000000,0.000000,0.000000,0.000000,0.000000,-1515.782837,348.049377,758.090515,1310.599976
20.4805,True,0.000000,0.000000,0.000000,0.000000,0.000000,0.000000,-1.849655,1.189607,-1.981930,-1.884810,-1.849655,1.189413,-1.981930,-1.884810,0.000000,0.000000,0.000000,0.000000,0.000000,0.000000,0.000000,0.000000,-1515.782837,348.049377,758.090515,1310.599976
20.5004,True,0.000000,0.000000,0.000000,0.000000,0.000000,0.000000,-1.849655,1.189607,-1.981986,-1.884810,-1.849655,1.189607,-1.981986,-1.884810,0.000000,0.000000,0.000000,0.000000,0.000000,0.000000,0.000000,0.000000,-1515.782837,348.049377,758.090515,1310.599976
20.5204,True,0.000000,0.000000,0.000000,0.000000,0.000000,0.000000,-1.849394,1.189607,-1.981930,-1.884810,-1.849394,1.189413,-1.981930,-1.884810,0.000000,0.000000,0.000000,0.000000,0.000000,0.000000,0.000000,0.000000,-1515.782837,348.049377,758.090515,1310.599976
20.5403,True,0.000000,0.000000,0.000000,0.000000,0.000000,0.000000,-1.849655,1.189607,-1.981930,-1.884810,-1.850035,1.189607,-1.981930,-1.884810,0.000000,0.000000,0.000000,0.000000,0.000000,0.000000,0.000000,0.000000,-1515.782837,348.049377,758.090515,1310.599976
20.5604,True,0.000000,0.000000,0.000000,0.000000,0.000000,0.000000,-1.850035,1.189607,-1.981930,-1.884810,-1.849655,1.189607,-1.981930,-1.884810,0.000000,0.000000,0.000000,0.000000,0.000000,0.000000,0.000000,0.000000,-1515.782837,348.049377,758.090515,1310.599976
20.5804,True,0.000000,0.000000,0.000000,0.000000,0.000000,0.000000,-1.850035,1.189607,-1.981986,-1.884810,-1.850297,1.189413,-1.981986,-1.884810,0.000000,0.000000,0.000000,0.000000,0.000000,0.000000,0.000000,0.000000,-1515.782837,348.049377,758.090515,1310.599976
20.6004,True,0.000000,0.000000,0.000000,0.000000,0.000000,0.000000,-1.849655,1.189413,-1.981986,-1.884810,-1.850035,1.189413,-1.981986,-1.884810,0.000000,0.000000,0.000000,0.000000,0.000000,0.000000,0.000000,0.000000,-1515.782837,348.049377,758.090515,1310.599976
20.6204,True,0.000000,0.000000,0.000000,0.000000,0.000000,0.000000,-1.849655,1.189413,-1.981986,-1.885053,-1.849655,1.189413,-1.981986,-1.884810,0.000000,0.000000,0.000000,0.000000,0.000000,0.000000,0.000000,0.000000,-1515.782837,348.049377,758.090515,1310.599976
20.6403,True,0.000000,0.000000,0.000000,0.000000,0.000000,0.000000,-1.849655,1.189413,-1.981986,-1.885462,-1.849655,1.189413,-1.981986,-1.884810,0.000000,0.000000,0.000000,0.000000,0.000000,0.000000,0.000000,0.000000,-1515.782837,348.049377,758.090515,1310.599976
20.6604,True,0.000000,0.000000,0.000000,0.000000,0.000000,0.000000,-1.849655,1.189413,-1.981986,-1.884810,-1.849773,1.189413,-1.981986,-1.884810,0.000000,0.000000,0.000000,0.000000,0.000000,0.000000,0.000000,0.000000,-1515.782837,348.049377,758.090515,1310.599976
20.6803,True,0.000000,0.000000,0.000000,0.000000,0.000000,0.000000,-1.850035,1.189413,-1.981986,-1.884810,-1.850035,1.189413,-1.981986,-1.884810,0.000000,0.000000,0.000000,0.000000,0.000000,0.000000,0.000000,0.000000,-1515.782837,348.049377,758.090515,1310.599976
20.7003,True,0.000000,0.000000,0.000000,0.000000,0.000000,0.000000,-1.849773,1.189413,-1.981986,-1.884810,-1.849394,1.189607,-1.981986,-1.884974,0.000000,0.000000,0.000000,0.000000,0.000000,0.000000,0.000000,0.000000,-1515.782837,348.049377,758.090515,1310.599976
20.7204,True,0.000000,0.000000,0.000000,0.000000,0.000000,0.000000,-1.849655,1.189413,-1.981986,-1.884810,-1.850035,1.189607,-1.981986,-1.884565,0.000000,0.000000,0.000000,0.000000,0.000000,0.000000,0.000000,0.000000,-1515.782837,348.049377,758.090515,1310.599976
20.7404,True,0.000000,0.000000,0.000000,0.000000,0.000000,0.000000,-1.849655,1.189607,-1.981986,-1.885218,-1.850297,1.189607,-1.981986,-1.884810,0.000000,0.000000,0.000000,0.000000,0.000000,0.000000,0.000000,0.000000,-1515.782837,348.049377,758.090515,1310.599976
20.7604,True,0.000000,0.000000,0.000000,0.000000,0.000000,0.000000,-1.850035,1.189151,-1.981986,-1.885462,-1.850035,1.189413,-1.981986,-1.885462,0.000000,0.000000,0.000000,0.000000,0.000000,0.000000,0.000000,0.000000,-1515.782837,348.049377,758.090515,1310.599976
20.7804,True,0.000000,0.000000,0.000000,0.000000,0.000000,0.000000,-1.849655,1.189607,-1.981986,-1.884810,-1.849655,1.189607,-1.981986,-1.884810,0.000000,0.000000,0.000000,0.000000,0.000000,0.000000,0.000000,0.000000,-1515.782837,348.049377,758.090515,1310.599976
20.8004,True,0.000000,0.000000,0.000000,0.000000,0.000000,0.000000,-1.850035,1.189800,-1.981986,-1.885218,-1.850035,1.189413,-1.981986,-1.884565,0.000000,0.000000,0.000000,0.000000,0.000000,0.000000,0.000000,0.000000,-1515.782837,348.049377,758.090515,1310.599976
20.8204,True,0.000000,0.000000,0.000000,0.000000,0.000000,0.000000,-1.850035,1.189413,-1.981986,-1.884810,-1.849655,1.189413,-1.981986,-1.884810,0.000000,0.000000,0.000000,0.000000,0.000000,0.000000,0.000000,0.000000,-1515.782837,348.049377,758.090515,1310.599976
20.8404,True,0.000000,0.000000,0.000000,0.000000,0.000000,0.000000,-1.849655,1.189219,-1.981986,-1.884810,-1.850035,1.189607,-1.981986,-1.885462,0.000000,0.000000,0.000000,0.000000,0.000000,0.000000,0.000000,0.000000,-1515.782837,348.049377,758.090515,1310.599976
20.8604,True,0.000000,0.000000,0.000000,0.000000,0.000000,0.000000,-1.850035,1.189413,-1.981986,-1.884810,-1.850035,1.189413,-1.981986,-1.884810,0.000000,0.000000,0.000000,0.000000,0.000000,0.000000,0.000000,0.000000,-1515.782837,348.049377,758.090515,1310.599976
20.8804,True,0.000000,0.000000,0.000000,0.000000,0.000000,0.000000,-1.849655,1.189413,-1.981986,-1.884810,-1.849655,1.189607,-1.981986,-1.884565,0.000000,0.000000,0.000000,0.000000,0.000000,0.000000,0.000000,0.000000,-1515.782837,348.049377,758.090515,1310.599976
20.9004,True,0.000000,0.000000,0.000000,0.000000,0.000000,0.000000,-1.850035,1.189413,-1.981986,-1.884810,-1.850035,1.189607,-1.981986,-1.884810,0.000000,0.000000,0.000000,0.000000,0.000000,0.000000,0.000000,0.000000,-1515.782837,348.049377,758.090515,1310.599976
20.9204,True,0.000000,0.000000,0.000000,0.000000,0.000000,0.000000,-1.849394,1.189413,-1.981986,-1.884810,-1.849394,1.189413,-1.981986,-1.884810,0.000000,0.000000,0.000000,0.000000,0.000000,0.000000,0.000000,0.000000,-1515.782837,348.049377,758.090515,1310.599976
20.9404,True,0.000000,0.000000,0.000000,0.000000,0.000000,0.000000,-1.849655,1.189413,-1.981986,-1.884810,-1.850035,1.189219,-1.981986,-1.884565,0.000000,0.000000,0.000000,0.000000,0.000000,0.000000,0.000000,0.000000,-1515.782837,348.049377,758.090515,1310.599976
20.9605,True,0.000000,0.000000,0.000000,0.000000,0.000000,0.000000,-1.850035,1.189219,-1.981986,-1.884565,-1.849655,1.189219,-1.981986,-1.885218,0.000000,0.000000,0.000000,0.000000,0.000000,0.000000,0.000000,0.000000,-1515.782837,348.049377,758.090515,1310.599976
20.9804,True,0.000000,0.000000,0.000000,0.000000,0.000000,0.000000,-1.849394,1.189413,-1.981986,-1.885462,-1.849394,1.189413,-1.981986,-1.884810,0.000000,0.000000,0.000000,0.000000,0.000000,0.000000,0.000000,0.000000,-1515.782837,348.049377,758.090515,1310.599976
21.0004,True,0.000000,0.000000,0.000000,0.000000,0.000000,0.000000,-1.850035,1.189607,-1.981986,-1.884810,-1.849773,1.189413,-1.981986,-1.884810,0.000000,0.000000,0.000000,0.000000,0.000000,0.000000,0.000000,0.000000,-1515.782837,348.049377,758.090515,1310.599976
21.0204,True,0.000000,0.000000,0.000000,0.000000,0.000000,0.000000,-1.850297,1.189607,-1.981986,-1.884810,-1.850035,1.189607,-1.981986,-1.885053,0.000000,0.000000,0.000000,0.000000,0.000000,0.000000,0.000000,0.000000,-1515.782837,348.049377,758.090515,1310.599976
21.0404,True,0.000000,0.000000,0.000000,0.000000,0.000000,0.000000,-1.849655,1.189607,-1.981287,-1.885218,-1.849916,1.189607,-1.981930,-1.885218,0.000000,0.000000,0.000000,0.000000,0.000000,0.000000,0.000000,0.000000,-1515.782837,348.049377,758.090515,1310.599976
21.0604,True,0.000000,0.000000,0.000000,0.000000,0.000000,0.000000,-1.850035,1.189607,-1.981930,-1.884810,-1.849655,1.189607,-1.981986,-1.884810,0.000000,0.000000,0.000000,0.000000,0.000000,0.000000,0.000000,0.000000,-1515.782837,348.049377,758.090515,1310.599976
21.0804,True,0.000000,0.000000,0.000000,0.000000,0.000000,0.000000,-1.849655,1.189607,-1.981930,-1.885218,-1.849655,1.189607,-1.981930,-1.885218,0.000000,0.000000,0.000000,0.000000,0.000000,0.000000,0.000000,0.000000,-1515.782837,348.049377,758.090515,1310.599976
21.1004,True,0.000000,0.000000,0.000000,0.000000,0.000000,0.000000,-1.849655,1.189607,-1.981287,-1.884810,-1.849655,1.189607,-1.981343,-1.884810,0.000000,0.000000,0.000000,0.000000,0.000000,0.000000,0.000000,0.000000,-1515.782837,348.049377,758.090515,1310.599976
21.1204,True,0.000000,0.000000,0.000000,0.000000,0.000000,0.000000,-1.849916,1.189607,-1.981930,-1.884810,-1.849916,1.189607,-1.981930,-1.884810,0.000000,0.000000,0.000000,0.000000,0.000000,0.000000,0.000000,0.000000,-1515.782837,348.049377,758.090515,1310.599976
21.1404,True,0.000000,0.000000,0.000000,0.000000,0.000000,0.000000,-1.849655,1.189607,-1.981930,-1.884810,-1.849655,1.189607,-1.981930,-1.884810,0.000000,0.000000,0.000000,0.000000,0.000000,0.000000,0.000000,0.000000,-1515.782837,348.049377,758.090515,1310.599976
21.1604,True,0.000000,0.000000,0.000000,0.000000,0.000000,0.000000,-1.849655,1.189413,-1.981930,-1.884810,-1.849655,1.189607,-1.981930,-1.884810,0.000000,0.000000,0.000000,0.000000,0.000000,0.000000,0.000000,0.000000,-1515.782837,348.049377,758.090515,1310.599976
21.1804,True,0.000000,0.000000,0.000000,0.000000,0.000000,0.000000,-1.849655,1.189413,-1.981930,-1.884810,-1.849655,1.189607,-1.981930,-1.884810,0.000000,0.000000,0.000000,0.000000,0.000000,0.000000,0.000000,0.000000,-1515.782837,348.049377,758.090515,1310.599976
21.2004,True,0.000000,0.000000,0.000000,0.000000,0.000000,0.000000,-1.850035,1.189151,-1.981930,-1.884810,-1.850035,1.189413,-1.981930,-1.884810,0.000000,0.000000,0.000000,0.000000,0.000000,0.000000,0.000000,0.000000,-1515.782837,348.049377,758.090515,1310.599976
21.2204,True,0.000000,0.000000,0.000000,0.000000,0.000000,0.000000,-1.850035,1.189413,-1.981930,-1.884810,-1.850035,1.189413,-1.981930,-1.884810,0.000000,0.000000,0.000000,0.000000,0.000000,0.000000,0.000000,0.000000,-1515.782837,348.049377,758.090515,1310.599976
21.2405,True,0.000000,0.000000,0.000000,0.000000,0.000000,0.000000,-1.850035,1.189413,-1.981930,-1.884810,-1.850035,1.189413,-1.981930,-1.884810,0.000000,0.000000,0.000000,0.000000,0.000000,0.000000,0.000000,0.000000,-1515.782837,348.049377,758.090515,1310.599976
21.2604,True,0.000000,0.000000,0.000000,0.000000,0.000000,0.000000,-1.849916,1.189413,-1.981930,-1.884810,-1.849655,1.189413,-1.981930,-1.884810,0.000000,0.000000,0.000000,0.000000,0.000000,0.000000,0.000000,0.000000,-1515.782837,348.049377,758.090515,1310.599976
21.2804,True,0.000000,0.000000,0.000000,0.000000,0.000000,0.000000,-1.849916,1.189413,-1.981986,-1.884810,-1.850035,1.189413,-1.981930,-1.884810,0.000000,0.000000,0.000000,0.000000,0.000000,0.000000,0.000000,0.000000,-1515.782837,348.049377,758.090515,1310.599976
21.3005,True,0.000000,0.000000,0.000000,0.000000,0.000000,0.000000,-1.849655,1.189413,-1.981930,-1.884810,-1.849655,1.189413,-1.981874,-1.884810,0.000000,0.000000,0.000000,0.000000,0.000000,0.000000,0.000000,0.000000,-1515.782837,348.049377,758.090515,1310.599976
21.3204,True,0.000000,0.000000,0.000000,0.000000,0.000000,0.000000,-1.849655,1.189413,-1.981930,-1.884810,-1.849394,1.189607,-1.981930,-1.884810,0.000000,0.000000,0.000000,0.000000,0.000000,0.000000,0.000000,0.000000,-1515.782837,348.049377,758.090515,1310.599976
21.3404,True,0.000000,0.000000,0.000000,0.000000,0.000000,0.000000,-1.849916,1.189607,-1.981930,-1.884810,-1.849916,1.189607,-1.981930,-1.884810,0.000000,0.000000,0.000000,0.000000,0.000000,0.000000,0.000000,0.000000,-1515.782837,348.049377,758.090515,1310.599976
21.3605,True,0.000000,0.000000,0.000000,0.000000,0.000000,0.000000,-1.849916,1.189607,-1.981930,-1.884810,-1.849916,1.189607,-1.981930,-1.884810,0.000000,0.000000,0.000000,0.000000,0.000000,0.000000,0.000000,0.000000,-1515.782837,348.049377,758.090515,1310.599976
21.3804,True,0.000000,0.000000,0.000000,0.000000,0.000000,0.000000,-1.849916,1.189607,-1.981930,-1.884810,-1.849916,1.189607,-1.981930,-1.884810,0.000000,0.000000,0.000000,0.000000,0.000000,0.000000,0.000000,0.000000,-1515.782837,348.049377,758.090515,1310.599976
21.4005,True,0.000000,0.000000,0.000000,0.000000,0.000000,0.000000,-1.849655,1.189607,-1.981930,-1.884810,-1.849655,1.189607,-1.981874,-1.884810,0.000000,0.000000,0.000000,0.000000,0.000000,0.000000,0.000000,0.000000,-1515.782837,348.049377,758.090515,1310.599976
21.4204,True,0.000000,0.000000,0.000000,0.000000,0.000000,0.000000,-1.849655,1.189607,-1.981930,-1.884810,-1.849655,1.189607,-1.981930,-1.884810,0.000000,0.000000,0.000000,0.000000,0.000000,0.000000,0.000000,0.000000,-1515.782837,348.049377,758.090515,1310.599976
21.4404,True,0.000000,0.000000,0.000000,0.000000,0.000000,0.000000,-1.849916,1.189607,-1.981986,-1.884810,-1.850035,1.189607,-1.981986,-1.884810,0.000000,0.000000,0.000000,0.000000,0.000000,0.000000,0.000000,0.000000,-1515.782837,348.049377,758.090515,1310.599976
21.4604,True,0.000000,0.000000,0.000000,0.000000,0.000000,0.000000,-1.849655,1.189413,-1.981874,-1.884810,-1.849655,1.189413,-1.981930,-1.884810,0.000000,0.000000,0.000000,0.000000,0.000000,0.000000,0.000000,0.000000,-1515.782837,348.049377,758.090515,1310.599976
21.4805,True,0.000000,0.000000,0.000000,0.000000,0.000000,0.000000,-1.850297,1.189413,-1.981343,-1.884810,-1.850297,1.189607,-1.981986,-1.884810,0.000000,0.000000,0.000000,0.000000,0.000000,0.000000,0.000000,0.000000,-1515.782837,348.049377,758.090515,1310.599976
21.5004,True,0.000000,0.000000,0.000000,0.000000,0.000000,0.000000,-1.849916,1.189607,-1.981986,-1.884810,-1.849655,1.189607,-1.981986,-1.884810,0.000000,0.000000,0.000000,0.000000,0.000000,0.000000,0.000000,0.000000,-1515.782837,348.049377,758.090515,1310.599976
21.5207,True,0.000000,0.000000,0.000000,0.000000,0.000000,0.000000,-1.850035,1.189607,-1.981930,-1.884810,-1.850297,1.189607,-1.981930,-1.884810,0.000000,0.000000,0.000000,0.000000,0.000000,0.000000,0.000000,0.000000,-1515.782837,348.049377,758.090515,1310.599976
21.5406,True,0.000000,0.000000,0.000000,0.000000,0.000000,0.000000,-1.849916,1.189607,-1.981874,-1.884810,-1.849394,1.189413,-1.981874,-1.884810,0.000000,0.000000,0.000000,0.000000,0.000000,0.000000,0.000000,0.000000,-1515.782837,348.049377,758.090515,1310.599976
21.5606,True,0.000000,0.000000,0.000000,0.000000,0.000000,0.000000,-1.849655,1.189413,-1.981930,-1.884810,-1.849916,1.189413,-1.981930,-1.884810,0.000000,0.000000,0.000000,0.000000,0.000000,0.000000,0.000000,0.000000,-1515.782837,348.049377,758.090515,1310.599976
21.5804,True,0.000000,0.000000,0.000000,0.000000,0.000000,0.000000,-1.849655,1.189607,-1.981818,-1.884810,-1.849916,1.189413,-1.981874,-1.884810,0.000000,0.000000,0.000000,0.000000,0.000000,0.000000,0.000000,0.000000,-1515.782837,348.049377,758.090515,1310.599976
21.6004,True,0.000000,0.000000,0.000000,0.000000,0.000000,0.000000,-1.849916,1.189413,-1.981874,-1.884810,-1.849916,1.189413,-1.981874,-1.884810,0.000000,0.000000,0.000000,0.000000,0.000000,0.000000,0.000000,0.000000,-1515.782837,348.049377,758.090515,1310.599976
21.6204,True,0.000000,0.000000,0.000000,0.000000,0.000000,0.000000,-1.849655,1.189413,-1.981874,-1.884810,-1.849655,1.189413,-1.981930,-1.884810,0.000000,0.000000,0.000000,0.000000,0.000000,0.000000,0.000000,0.000000,-1515.782837,348.049377,758.090515,1310.599976
21.6408,True,0.000000,0.000000,0.000000,0.000000,0.000000,0.000000,-1.849916,1.189413,-1.981874,-1.884810,-1.849655,1.189219,-1.981874,-1.884810,0.000000,0.000000,0.000000,0.000000,0.000000,0.000000,0.000000,0.000000,-1515.782837,348.049377,758.090515,1310.599976
21.6604,True,0.000000,0.000000,0.000000,0.000000,0.000000,0.000000,-1.849655,1.189607,-1.981986,-1.884810,-1.849655,1.189607,-1.981986,-1.884810,0.000000,0.000000,0.000000,0.000000,0.000000,0.000000,0.000000,0.000000,-1515.782837,348.049377,758.090515,1310.599976
21.6804,True,0.000000,0.000000,0.000000,0.000000,0.000000,0.000000,-1.849655,1.189607,-1.981930,-1.884810,-1.849655,1.189607,-1.981930,-1.884810,0.000000,0.000000,0.000000,0.000000,0.000000,0.000000,0.000000,0.000000,-1515.782837,348.049377,758.090515,1310.599976
21.7006,True,0.000000,0.000000,0.000000,0.000000,0.000000,0.000000,-1.849655,1.189413,-1.981930,-1.884810,-1.849916,1.189413,-1.981874,-1.884810,0.000000,0.000000,0.000000,0.000000,0.000000,0.000000,0.000000,-0.000019,-1515.782837,348.049377,758.090515,1310.599976
21.7204,True,0.000000,0.000000,0.000000,0.000000,0.000000,0.000000,-1.849655,1.189413,-1.981930,-1.884810,-1.849655,1.189413,-1.981930,-1.884810,0.000000,0.000000,0.000000,0.000000,0.000000,0.000000,0.000000,-0.000054,-1515.782837,348.049377,758.090515,1310.599854
21.7404,True,0.000000,0.000000,0.000000,0.000000,0.000000,0.000000,-1.849655,1.189413,-1.981874,-1.884810,-1.850035,1.189413,-1.981874,-1.885053,0.000000,0.000000,0.000000,0.000000,0.000000,0.000000,0.000000,-0.000049,-1515.782837,348.049377,758.090515,1310.599854
21.7604,True,0.000000,0.000000,0.000000,0.000000,0.000000,0.000000,-1.849655,1.189413,-1.981874,-1.884810,-1.849655,1.189413,-1.981874,-1.884810,0.000000,0.000000,0.000000,0.000000,0.000000,0.000000,0.000000,-0.000052,-1515.782837,348.049377,758.090515,1310.599854
21.7804,True,0.000000,0.000000,0.000000,0.000000,0.000000,0.000000,-1.849655,1.189413,-1.981874,-1.884810,-1.849916,1.189413,-1.981874,-1.885462,0.000000,0.000000,0.000000,0.000000,0.000000,0.000000,0.000000,-0.000071,-1515.782837,348.049377,758.090515,1310.599854
21.8004,True,0.000000,0.000000,0.000000,0.000000,0.000000,0.000000,-1.849655,1.189413,-1.981874,-1.884810,-1.849655,1.189413,-1.981874,-1.884810,0.000000,0.000000,0.000000,0.000000,0.000000,0.000000,0.000000,-0.000052,-1515.782837,348.049377,758.090515,1310.599854
21.8204,True,0.000000,0.000000,0.000000,0.000000,0.000000,0.000000,-1.850035,1.189413,-1.981874,-1.885053,-1.850035,1.189413,-1.981874,-1.884810,0.000000,0.000000,0.000000,0.000000,0.000000,0.000000,0.000000,-0.000018,-1515.782837,348.049377,758.090515,1310.599854
21.8404,True,0.000000,0.000000,0.000000,0.000000,0.000000,0.000000,-1.849655,1.189413,-1.981874,-1.884810,-1.849655,1.189413,-1.981874,-1.884810,0.000000,0.000000,0.000000,0.000000,0.000000,0.000000,0.000000,-0.000022,-1515.782837,348.049377,758.090515,1310.599854
21.8604,True,0.000000,0.000000,0.000000,0.000000,0.000000,0.000000,-1.849916,1.189413,-1.981874,-1.885462,-1.849655,1.189413,-1.981930,-1.885462,0.000000,0.000000,0.000000,0.000000,0.000000,0.000000,0.000000,-0.000018,-1515.782837,348.049377,758.090515,1310.599854
21.8804,True,0.000000,0.000000,0.000000,0.000000,0.000000,0.000000,-1.849394,1.189413,-1.981930,-1.884810,-1.849394,1.189413,-1.981874,-1.884810,0.000000,0.000000,0.000000,0.000000,0.000000,0.000000,0.000000,0.000000,-1515.782837,348.049377,758.090515,1310.599854
21.9004,True,0.000000,0.000000,0.000000,0.000000,0.000000,0.000000,-1.849916,1.189413,-1.981874,-1.884810,-1.849916,1.189413,-1.981874,-1.884810,0.000000,0.000000,0.000000,0.000000,0.000000,0.000000,0.000000,0.000000,-1515.782837,348.049377,758.090515,1310.599854
21.9204,True,0.000000,0.000000,0.000000,0.000000,0.000000,0.000000,-1.849655,1.189413,-1.981818,-1.884810,-1.849655,1.189413,-1.981874,-1.884810,0.000000,0.000000,0.000000,0.000000,0.000000,0.000000,0.000000,0.000000,-1515.782837,348.049377,758.090515,1310.599854
21.9404,True,0.000000,0.000000,0.000000,0.000000,0.000000,0.000000,-1.850035,1.189413,-1.981874,-1.884810,-1.849655,1.189413,-1.981874,-1.884810,0.000000,0.000000,0.000000,0.000000,0.000000,0.000000,0.000000,0.000000,-1515.782837,348.049377,758.090515,1310.599854
21.9604,True,0.000000,0.000000,0.000000,0.000000,0.000000,0.000000,-1.849655,1.189413,-1.981874,-1.885218,-1.849655,1.189413,-1.981874,-1.885218,0.000000,0.000000,0.000000,0.000000,0.000000,0.000000,0.000000,0.000000,-1515.782837,348.049377,758.090515,1310.599854
21.9805,True,0.000000,0.000000,0.000000,0.000000,0.000000,0.000000,-1.849916,1.189413,-1.981930,-1.885218,-1.849655,1.189413,-1.981930,-1.884810,0.000000,0.000000,0.000000,0.000000,0.000000,0.000000,0.000000,0.000000,-1515.782837,348.049377,758.090515,1310.599854
22.0004,True,0.000000,0.000000,0.000000,0.000000,0.000000,0.000000,-1.849916,1.189413,-1.981930,-1.885218,-1.849655,1.189413,-1.981874,-1.885053,0.000000,0.000000,0.000000,0.000000,0.000000,0.000000,0.000000,0.000000,-1515.782837,348.049377,758.090515,1310.599854
22.0204,True,0.000000,0.000000,0.000000,0.000000,0.000000,0.000000,-1.849916,1.189413,-1.981930,-1.885053,-1.849916,1.189413,-1.981818,-1.885053,0.000000,0.000000,0.000000,0.000000,0.000000,0.000000,0.000000,0.000000,-1515.782837,348.049377,758.090515,1310.599854
22.0405,True,0.000000,0.000000,0.000000,0.000000,0.000000,0.000000,-1.849537,1.189413,-1.981874,-1.885218,-1.849537,1.189413,-1.981818,-1.885218,0.000000,0.000000,0.000000,0.000000,0.000000,0.000000,0.000000,0.000000,-1515.782837,348.049377,758.090515,1310.599854
22.0604,True,0.000000,0.000000,0.000000,0.000000,0.000000,0.000000,-1.849537,1.189413,-1.981874,-1.884810,-1.849537,1.189413,-1.981874,-1.884810,0.000000,0.000000,0.000000,0.000000,0.000000,0.000000,0.000000,0.000000,-1515.782837,348.049377,758.090515,1310.599854
22.0804,True,0.000000,0.000000,0.000000,0.000000,0.000000,0.000000,-1.849537,1.189413,-1.981874,-1.885053,-1.849916,1.189413,-1.981874,-1.885218,0.000000,0.000000,0.000000,0.000000,0.000000,0.000000,0.000000,0.000000,-1515.782837,348.049377,758.090515,1310.599854
22.1004,True,0.000000,0.000000,0.000000,0.000000,0.000000,0.000000,-1.849916,1.189413,-1.981986,-1.885218,-1.849916,1.189413,-1.981930,-1.885218,0.000000,0.000000,0.000000,0.000000,0.000000,0.000000,0.000000,0.000000,-1515.782837,348.049377,758.090515,1310.599854
22.1204,True,0.000000,0.000000,0.000000,0.000000,0.000000,0.000000,-1.849916,1.189413,-1.981399,-1.885053,-1.849916,1.189413,-1.981399,-1.885053,0.000000,0.000000,0.000000,0.000000,0.000000,0.000000,0.000000,0.000000,-1515.782837,348.049377,758.090515,1310.599854
22.1404,True,0.000000,0.000000,0.000000,0.000000,0.000000,0.000000,-1.850178,1.189413,-1.981930,-1.885053,-1.849916,1.189413,-1.981986,-1.884810,0.000000,0.000000,0.000000,0.000000,0.000000,0.000000,0.000000,0.000000,-1515.782837,348.049377,758.090515,1310.599854
22.1604,True,0.000000,0.000000,0.000000,0.000000,0.000000,0.000000,-1.849916,1.189413,-1.981399,-1.885218,-1.849916,1.189413,-1.981399,-1.885218,0.000000,0.000000,0.000000,0.000000,0.000000,0.000000,0.000000,0.000000,-1515.782837,348.049377,758.090515,1310.599854
22.1804,True,0.000000,0.000000,0.000000,0.000000,0.000000,0.000000,-1.849916,1.189413,-1.981399,-1.885218,-1.849916,1.189219,-1.981399,-1.885218,0.000000,0.000000,0.000000,0.000000,0.000000,0.000000,0.000000,0.000000,-1515.782837,348.049377,758.090515,1310.599854
22.2005,True,0.000000,0.000000,0.000000,0.000000,0.000000,0.000000,-1.849916,1.189219,-1.981399,-1.885218,-1.849916,1.189219,-1.981399,-1.884810,0.000000,0.000000,0.000000,0.000000,0.000000,0.000000,0.000000,0.000000,-1515.782837,348.049377,758.090515,1310.599854
22.2204,True,0.000000,0.000000,0.000000,0.000000,0.000000,0.000000,-1.849655,1.189413,-1.981399,-1.884810,-1.849655,1.189413,-1.981399,-1.885218,0.000000,0.000000,0.000000,0.000000,0.000000,0.000000,0.000000,0.000000,-1515.782837,348.049377,758.090515,1310.599854
22.2404,True,0.000000,0.000000,0.000000,0.000000,0.000000,0.000000,-1.849655,1.189413,-1.981399,-1.885218,-1.849916,1.189219,-1.981399,-1.885218,0.000000,0.000000,0.000000,0.000000,0.000000,0.000000,0.000000,0.000000,-1515.782837,348.049377,758.090515,1310.599854
22.2604,True,0.000000,0.000000,0.000000,0.000000,0.000000,0.000000,-1.849916,1.189219,-1.981399,-1.885218,-1.849916,1.189219,-1.981399,-1.885218,0.000000,0.000000,0.000000,0.000000,0.000000,0.000000,0.000000,0.000000,-1515.782837,348.049377,758.090515,1310.599854
22.2804,True,0.000000,0.000000,0.000000,0.000000,0.000000,0.000000,-1.849916,1.189607,-1.981399,-1.885218,-1.849916,1.189413,-1.981399,-1.885218,0.000000,0.000000,0.000000,0.000000,0.000000,0.000000,0.000000,0.000000,-1515.782837,348.049377,758.090515,1310.599854
22.3004,True,0.000000,0.000000,0.000000,0.000000,0.000000,0.000000,-1.849916,1.189413,-1.981930,-1.885218,-1.849916,1.189413,-1.981930,-1.885218,0.000000,0.000000,0.000000,0.000000,0.000000,0.000000,0.000000,0.000000,-1515.782837,348.049377,758.090515,1310.599854
22.3206,True,0.000000,0.000000,0.000000,0.000000,0.000000,0.000000,-1.849916,1.189413,-1.981986,-1.885462,-1.849916,1.189413,-1.981986,-1.885218,0.000000,0.000000,0.000000,0.000000,0.000000,0.000000,0.000000,0.000000,-1515.782837,348.049377,758.090515,1310.599854
22.3404,True,0.000000,0.000000,0.000000,0.000000,0.000000,0.000000,-1.850178,1.189413,-1.981930,-1.884810,-1.849916,1.189413,-1.981986,-1.884810,0.000000,0.000000,0.000000,0.000000,0.000000,0.000000,0.000000,0.000000,-1515.782837,348.049377,758.090515,1310.599854
22.3604,True,0.000000,0.000000,0.000000,0.000000,0.000000,0.000000,-1.849655,1.189413,-1.981986,-1.885218,-1.849655,1.189413,-1.981986,-1.884810,0.000000,0.000000,0.000000,0.000000,0.000000,0.000000,0.000000,0.000000,-1515.782837,348.049377,758.090515,1310.599854
22.3807,True,0.000000,0.000000,0.000000,0.000000,0.000000,0.000000,-1.850035,1.189413,-1.981930,-1.885218,-1.849916,1.189413,-1.981986,-1.885218,0.000000,0.000000,0.000000,0.000000,0.000000,0.000000,0.000000,0.000000,-1515.782837,348.049377,758.090515,1310.599854
22.4006,True,0.000000,0.000000,0.000000,0.000000,0.000000,0.000000,-1.849916,1.189413,-1.981930,-1.884810,-1.850178,1.189413,-1.981930,-1.884810,0.000000,0.000000,0.000000,0.000000,0.000000,0.000000,0.000000,0.000000,-1515.782837,348.049377,758.090515,1310.599854
22.4204,True,0.000000,0.000000,0.000000,0.000000,0.000000,0.000000,-1.849655,1.189413,-1.981930,-1.885053,-1.849655,1.189413,-1.981874,-1.885053,0.000000,0.000000,0.000000,0.000000,0.000000,0.000000,0.000000,0.000000,-1515.782837,348.049377,758.090515,1310.599854
22.4407,True,0.000000,0.000000,0.000000,0.000000,0.000000,0.000000,-1.849916,1.189413,-1.981874,-1.885218,-1.849916,1.189413,-1.981986,-1.885218,0.000000,0.000000,0.000000,0.000000,0.000000,0.000000,0.000000,0.000000,-1515.782837,348.049377,758.090515,1310.599854
22.4604,True,0.000000,0.000000,0.000000,0.000000,0.000000,0.000000,-1.849916,1.189413,-1.981930,-1.885218,-1.850297,1.189413,-1.981930,-1.885218,0.000000,0.000000,0.000000,0.000000,0.000000,0.000000,0.000000,0.000000,-1515.782837,348.049377,758.090515,1310.599854
22.4805,True,0.000000,0.000000,0.000000,0.000000,0.000000,0.000000,-1.849655,1.189413,-1.981930,-1.885218,-1.850035,1.189413,-1.981930,-1.885218,0.000000,0.000000,0.000000,0.000000,0.000000,0.000000,0.000000,0.000000,-1515.782837,348.049377,758.090515,1310.599976
22.5005,True,0.000000,0.000000,0.000000,0.000000,0.000000,0.000000,-1.850035,1.189413,-1.981986,-1.885218,-1.850035,1.189413,-1.981986,-1.885218,0.000000,0.000000,0.000000,0.000000,0.000000,0.000000,0.000000,0.000000,-1515.782837,348.049377,758.090515,1310.599854
22.5204,True,0.000000,0.000000,0.000000,0.000000,0.000000,0.000000,-1.849655,1.189413,-1.981930,-1.885218,-1.849394,1.189413,-1.981930,-1.885218,0.000000,0.000000,0.000000,0.000000,0.000000,0.000000,0.000000,0.000000,-1515.782837,348.049377,758.090515,1310.599854
22.5404,True,0.000000,0.000000,0.000000,0.000000,0.000000,0.000000,-1.849655,1.189413,-1.981930,-1.885053,-1.849655,1.189413,-1.981930,-1.884810,0.000000,0.000000,0.000000,0.000000,0.000000,0.000000,0.000000,0.000014,-1515.782837,348.049377,758.090515,1310.599976
22.5604,True,0.000000,0.000000,0.000000,0.000000,0.000000,0.000000,-1.849655,1.189413,-1.981930,-1.885053,-1.849655,1.189413,-1.981930,-1.884565,0.000000,0.000000,0.000000,0.000000,0.000000,0.000000,0.000000,0.000020,-1515.782837,348.049377,758.090515,1310.599854
22.5805,True,0.000000,0.000000,0.000000,0.000000,0.000000,0.000000,-1.849916,1.189413,-1.981930,-1.884810,-1.849655,1.189413,-1.981930,-1.884810,0.000000,0.000000,0.000000,0.000000,0.000000,0.000000,0.000000,0.000000,-1515.782837,348.049377,758.090515,1310.599854
22.6004,True,0.000000,0.000000,0.000000,0.000000,0.000000,0.000000,-1.849655,1.189413,-1.981930,-1.884810,-1.849916,1.189413,-1.981930,-1.884810,0.000000,0.000000,0.000000,0.000000,0.000000,0.000000,0.000000,0.000000,-1515.782837,348.049377,758.090515,1310.599854
22.6205,True,0.000000,0.000000,0.000000,0.000000,0.000000,0.000000,-1.850035,1.189413,-1.981986,-1.884810,-1.850035,1.189413,-1.981930,-1.884810,0.000000,0.000000,0.000000,0.000000,0.000000,0.000000,0.000000,0.000000,-1515.782837,348.049377,758.090515,1310.599854
22.6404,True,0.000000,0.000000,0.000000,0.000000,0.000000,0.000000,-1.849655,1.189413,-1.981930,-1.885218,-1.849655,1.189413,-1.981930,-1.885218,0.000000,0.000000,0.000000,0.000000,0.000000,0.000000,0.000000,-0.000013,-1515.782837,348.049377,758.090515,1310.599854
22.6604,True,0.000000,0.000000,0.000000,0.000000,0.000000,0.000000,-1.850035,1.189413,-1.981986,-1.884810,-1.850035,1.189413,-1.981986,-1.884810,0.000000,0.000000,0.000000,0.000000,0.000000,0.000000,0.000000,-0.000020,-1515.782837,348.049377,758.090515,1310.599854
22.6804,True,0.000000,0.000000,0.000000,0.000000,0.000000,0.000000,-1.849655,1.189413,-1.981986,-1.884810,-1.849655,1.189413,-1.981986,-1.884810,0.000000,0.000000,0.000000,0.000000,0.000000,0.000000,0.000000,0.000000,-1515.782837,348.049377,758.090515,1310.599854
22.7004,True,0.000000,0.000000,0.000000,0.000000,0.000000,0.000000,-1.850297,1.189413,-1.981986,-1.885053,-1.849916,1.189413,-1.981343,-1.885053,0.000000,0.000000,0.000000,0.000000,0.000000,0.000000,0.000000,0.000000,-1515.782837,348.049377,758.090515,1310.599854
22.7204,True,0.000000,0.000000,0.000000,0.000000,0.000000,0.000000,-1.849655,1.189413,-1.981986,-1.885053,-1.849655,1.189413,-1.981986,-1.885462,0.000000,0.000000,0.000000,0.000000,0.000000,0.000000,0.000000,0.000000,-1515.782837,348.049377,758.090515,1310.599854
22.7404,True,0.000000,0.000000,0.000000,0.000000,0.000000,0.000000,-1.849655,1.189413,-1.981986,-1.885218,-1.849655,1.189413,-1.981930,-1.885218,0.000000,0.000000,0.000000,0.000000,0.000000,0.000000,0.000000,0.000000,-1515.782837,348.049377,758.090515,1310.599854
22.7604,True,0.000000,0.000000,0.000000,0.000000,0.000000,0.000000,-1.849655,1.189413,-1.981930,-1.885218,-1.849655,1.189413,-1.981930,-1.884810,0.000000,0.000000,0.000000,0.000000,0.000000,0.000000,0.000000,0.000000,-1515.782837,348.049377,758.090515,1310.599854
22.7805,True,0.000000,0.000000,0.000000,0.000000,0.000000,0.000000,-1.849655,1.189413,-1.981930,-1.885218,-1.849916,1.189413,-1.981930,-1.884810,0.000000,0.000000,0.000000,0.000000,0.000000,0.000000,0.000000,0.000000,-1515.782837,348.049377,758.090515,1310.599854
22.8005,True,0.000000,0.000000,0.000000,0.000000,0.000000,0.000000,-1.849916,1.189025,-1.981930,-1.884810,-1.849916,1.189025,-1.981986,-1.885053,0.000000,0.000000,0.000000,0.000000,0.000000,0.000000,0.000000,0.000000,-1515.782837,348.049377,758.090515,1310.599854
22.8204,True,0.000000,0.000000,0.000000,0.000000,0.000000,0.000000,-1.849916,1.189025,-1.981986,-1.885053,-1.849655,1.189219,-1.981986,-1.885053,0.000000,0.000000,0.000000,0.000000,0.000000,0.000000,0.000000,0.000000,-1515.782837,348.049377,758.090515,1310.599854
22.8404,True,0.000000,0.000000,0.000000,0.000000,0.000000,0.000000,-1.849655,1.189607,-1.981930,-1.885053,-1.849655,1.189607,-1.981986,-1.885218,0.000000,0.000000,0.000000,0.000000,0.000000,0.000000,0.000000,0.000000,-1515.782837,348.049377,758.090515,1310.599854
22.8604,True,0.000000,0.000000,0.000000,0.000000,0.000000,0.000000,-1.849394,1.189413,-1.982041,-1.885053,-1.849394,1.189413,-1.982041,-1.885053,0.000000,0.000000,0.000000,0.000000,0.000000,0.000000,0.000000,0.000000,-1515.782837,348.049377,758.090515,1310.599854
22.8804,True,0.000000,0.000000,0.000000,0.000000,0.000000,0.000000,-1.849655,1.189607,-1.981986,-1.884810,-1.849655,1.189607,-1.981986,-1.884810,0.000000,0.000000,0.000000,0.000000,0.000000,0.000000,0.000000,0.000000,-1515.782837,348.049377,758.090515,1310.599854
22.9004,True,0.000000,0.000000,0.000000,0.000000,0.000000,0.000000,-1.849394,1.189413,-1.981930,-1.885218,-1.849394,1.189413,-1.981930,-1.885218,0.000000,0.000000,0.000000,0.000000,0.000000,0.000000,0.000000,0.000000,-1515.782837,348.049377,758.090515,1310.599854
22.9204,True,0.000000,0.000000,0.000000,0.000000,0.000000,0.000000,-1.849655,1.189413,-1.981930,-1.884810,-1.849655,1.189413,-1.981930,-1.884810,0.000000,0.000000,0.000000,0.000000,0.000000,0.000000,0.000000,0.000000,-1515.782837,348.049377,758.090515,1310.599854
22.9404,True,0.000000,0.000000,0.000000,0.000000,0.000000,0.000000,-1.849916,1.189413,-1.981818,-1.884810,-1.849916,1.189413,-1.981818,-1.884810,0.000000,0.000000,0.000000,0.000000,0.000000,0.000000,0.000000,0.000000,-1515.782837,348.049377,758.090515,1310.599854
22.9604,True,0.000000,0.000000,0.000000,0.000000,0.000000,0.000000,-1.849916,1.189219,-1.981930,-1.885053,-1.849916,1.189413,-1.981930,-1.885053,0.000000,0.000000,0.000000,0.000000,0.000000,0.000000,0.000000,0.000000,-1515.782837,348.049377,758.090515,1310.599854
22.9804,True,0.000000,0.000000,0.000000,0.000000,0.000000,0.000000,-1.849655,1.189151,-1.981986,-1.884810,-1.849655,1.189413,-1.981986,-1.884810,0.000000,0.000000,0.000000,0.000000,0.000000,0.000000,0.000000,0.000000,-1515.782837,348.049377,758.090515,1310.599854
23.0004,True,0.000000,0.000000,0.000000,0.000000,0.000000,0.000000,-1.849537,1.189413,-1.981930,-1.884810,-1.849537,1.189413,-1.981930,-1.884810,0.000000,0.000000,0.000000,0.000000,0.000000,0.000000,0.000000,0.000000,-1515.782837,348.049377,758.090515,1310.599854
23.0204,True,0.000000,0.000000,0.000000,0.000000,0.000000,0.000000,-1.849916,1.189607,-1.982041,-1.885218,-1.849916,1.189607,-1.982041,-1.885218,0.000000,0.000000,0.000000,0.000000,0.000000,0.000000,0.000000,0.000000,-1515.782837,348.049377,758.090515,1310.599854
23.0404,True,0.000000,0.000000,0.000000,0.000000,0.000000,0.000000,-1.849916,1.189413,-1.981399,-1.884810,-1.849916,1.189413,-1.981399,-1.884810,0.000000,0.000000,0.000000,0.000000,0.000000,0.000000,0.000000,0.000000,-1515.782837,348.049377,758.090515,1310.599854
23.0604,True,0.000000,0.000000,0.000000,0.000000,0.000000,0.000000,-1.849655,1.189607,-1.981986,-1.884810,-1.849655,1.189219,-1.981986,-1.884810,0.000000,0.000000,0.000000,0.000000,0.000000,0.000000,0.000000,0.000000,-1515.782837,348.049377,758.090515,1310.599854
23.0804,True,0.000000,0.000000,0.000000,0.000000,0.000000,0.000000,-1.849916,1.189413,-1.981399,-1.884810,-1.849655,1.189151,-1.981455,-1.885053,0.000000,0.000000,0.000000,0.000000,0.000000,0.000000,0.000000,0.000000,-1515.782837,348.049377,758.090515,1310.599854
23.1004,True,0.000000,0.000000,0.000000,0.000000,0.000000,0.000000,-1.849916,1.189607,-1.981986,-1.885218,-1.849916,1.189413,-1.981930,-1.885218,0.000000,0.000000,0.000000,0.000000,0.000000,0.000000,0.000000,0.000000,-1515.782837,348.049377,758.090515,1310.599854
23.1204,True,0.000000,0.000000,0.000000,0.000000,0.000000,0.000000,-1.849916,1.189607,-1.981343,-1.884810,-1.849916,1.189607,-1.981343,-1.885218,0.000000,0.000000,0.000000,0.000000,0.000000,0.000000,0.000000,0.000000,-1515.782837,348.049377,758.090515,1310.599854
23.1404,True,0.000000,0.000000,0.000000,0.000000,0.000000,0.000000,-1.849655,1.189413,-1.981930,-1.884810,-1.849655,1.189413,-1.981930,-1.884810,0.000000,0.000000,0.000000,0.000000,0.000000,0.000000,0.000000,0.000000,-1515.782837,348.049377,758.090515,1310.599854
23.1604,True,0.000000,0.000000,0.000000,0.000000,0.000000,0.000000,-1.849655,1.189607,-1.981986,-1.884810,-1.849655,1.189607,-1.981986,-1.884810,0.000000,0.000000,0.000000,0.000000,0.000000,0.000000,0.000000,0.000000,-1515.782837,348.049377,758.090515,1310.599854
23.1804,True,0.000000,0.000000,0.000000,0.000000,0.000000,0.000000,-1.849655,1.189413,-1.981930,-1.884974,-1.849655,1.189413,-1.981930,-1.884974,0.000000,0.000000,0.000000,0.000000,0.000000,0.000000,0.000000,0.000000,-1515.782837,348.049377,758.090515,1310.599854
23.2004,True,0.000000,0.000000,0.000000,0.000000,0.000000,0.000000,-1.849394,1.189607,-1.981343,-1.884974,-1.849655,1.189607,-1.981287,-1.884810,0.000000,0.000000,0.000000,0.000000,0.000000,0.000000,0.000000,0.000000,-1515.782837,348.049377,758.090515,1310.599854
23.2204,True,0.000000,0.000000,0.000000,0.000000,0.000000,0.000000,-1.849655,1.189607,-1.981399,-1.884810,-1.849655,1.189219,-1.981399,-1.884810,0.000000,0.000000,0.000000,0.000000,0.000000,0.000000,0.000000,0.000000,-1515.782837,348.049377,758.090515,1310.599854
23.2404,True,0.000000,0.000000,0.000000,0.000000,0.000000,0.000000,-1.849655,1.189413,-1.981986,-1.885053,-1.850035,1.189413,-1.981986,-1.885053,0.000000,0.000000,0.000000,0.000000,0.000000,0.000000,0.000000,0.000000,-1515.782837,348.049377,758.090515,1310.599854
23.2606,True,0.000000,0.000000,0.000000,0.000000,0.000000,0.000000,-1.849655,1.189413,-1.981986,-1.885053,-1.849916,1.189413,-1.981986,-1.885218,0.000000,0.000000,0.000000,0.000000,0.000000,0.000000,0.000000,0.000000,-1515.782837,348.049377,758.090515,1310.599854
23.2804,True,0.000000,0.000000,0.000000,0.000000,0.000000,0.000000,-1.849916,1.189413,-1.981930,-1.884810,-1.849916,1.189413,-1.981930,-1.884810,0.000000,0.000000,0.000000,0.000000,0.000000,0.000000,0.000000,0.000000,-1515.782837,348.049377,758.090515,1310.599854
23.3004,True,0.000000,0.000000,0.000000,0.000000,0.000000,0.000000,-1.849916,1.189607,-1.981986,-1.885462,-1.849916,1.189607,-1.981986,-1.885462,0.000000,0.000000,0.000000,0.000000,0.000000,0.000000,0.000000,0.000000,-1515.782837,348.049377,758.090515,1310.599854
23.3204,True,0.000000,0.000000,0.000000,0.000000,0.000000,0.000000,-1.849916,1.189607,-1.981986,-1.885462,-1.849916,1.189607,-1.981986,-1.885462,0.000000,0.000000,0.000000,0.000000,0.000000,0.000000,0.000000,0.000000,-1515.782837,348.049377,758.090515,1310.599854
23.3404,True,0.000000,0.000000,0.000000,0.000000,0.000000,0.000000,-1.849916,1.189607,-1.981986,-1.885462,-1.849916,1.189607,-1.981986,-1.885462,0.000000,0.000000,0.000000,0.000000,0.000000,0.000000,0.000000,0.000000,-1515.782837,348.049377,758.090515,1310.599854
23.3604,True,0.000000,0.000000,0.000000,0.000000,0.000000,0.000000,-1.849916,1.189607,-1.981986,-1.885462,-1.850178,1.189607,-1.981986,-1.885218,0.000000,0.000000,0.000000,0.000000,0.000000,0.000000,0.000000,0.000000,-1515.782837,348.049377,758.090515,1310.599854
23.3804,True,0.000000,0.000000,0.000000,0.000000,0.000000,0.000000,-1.850178,1.189607,-1.981986,-1.885218,-1.850178,1.189607,-1.981986,-1.885218,0.000000,0.000000,0.000000,0.000000,0.000000,0.000000,0.000000,0.000000,-1515.782837,348.049377,758.090515,1310.599854
23.4004,True,0.000000,0.000000,0.000000,0.000000,0.000000,0.000000,-1.850178,1.189607,-1.981930,-1.884810,-1.850178,1.189607,-1.981930,-1.884810,0.000000,0.000000,0.000000,0.000000,0.000000,0.000000,0.000000,0.000000,-1515.782837,348.049377,758.090515,1310.599854
23.4207,True,0.000000,0.000000,0.000000,0.000000,0.000000,0.000000,-1.850178,1.189607,-1.981343,-1.885462,-1.850178,1.189607,-1.981343,-1.884810,0.000000,0.000000,0.000000,0.000000,0.000000,0.000000,0.000000,0.000000,-1515.782837,348.049377,758.090515,1310.599854
23.4404,True,0.000000,0.000000,0.000000,0.000000,0.000000,0.000000,-1.850178,1.189413,-1.981343,-1.884974,-1.850178,1.189413,-1.981343,-1.884974,0.000000,0.000000,0.000000,0.000000,0.000000,0.000000,0.000000,0.000020,-1515.782837,348.049377,758.090515,1310.599854
23.4604,True,0.000000,0.000000,0.000000,0.000000,0.000000,0.000000,-1.850178,1.189607,-1.981343,-1.884810,-1.850178,1.189607,-1.981343,-1.884810,0.000000,0.000000,0.000000,0.000000,0.000000,0.000000,0.000000,0.000015,-1515.782837,348.049377,758.090515,1310.599854
23.4804,True,0.000000,0.000000,0.000000,0.000000,0.000000,0.000000,-1.850297,1.189607,-1.981343,-1.884810,-1.850035,1.189607,-1.981343,-1.884810,0.000000,0.000000,0.000000,0.000000,0.000000,0.000000,0.000000,0.000000,-1515.782837,348.049377,758.090515,1310.599854
23.5004,True,0.000000,0.000000,0.000000,0.000000,0.000000,0.000000,-1.849394,1.189607,-1.981343,-1.884810,-1.849394,1.189607,-1.981343,-1.884810,0.000000,0.000000,0.000000,0.000000,0.000000,0.000000,0.000000,0.000000,-1515.782837,348.049377,758.090515,1310.599854
23.5204,True,0.000000,0.000000,0.000000,0.000000,0.000000,0.000000,-1.850297,1.189607,-1.981343,-1.884810,-1.850297,1.189607,-1.981343,-1.884810,0.000000,0.000000,0.000000,0.000000,0.000000,0.000000,0.000000,0.000000,-1515.782837,348.049377,758.090515,1310.599854
23.5404,True,0.000000,0.000000,0.000000,0.000000,0.000000,0.000000,-1.849655,1.189607,-1.981343,-1.885218,-1.849655,1.189607,-1.981343,-1.884645,0.000000,0.000000,0.000000,0.000000,0.000000,0.000000,0.000000,-0.000020,-1515.782837,348.049377,758.090515,1310.599854
23.5604,True,0.000000,0.000000,0.000000,0.000000,0.000000,0.000000,-1.849655,1.189607,-1.981343,-1.885053,-1.850035,1.189607,-1.981399,-1.885053,0.000000,0.000000,0.000000,0.000000,0.000000,0.000000,0.000000,-0.000019,-1515.782837,348.049377,758.090515,1310.599854
23.5804,True,0.000000,0.000000,0.000000,0.000000,0.000000,0.000000,-1.849655,1.189607,-1.981343,-1.885053,-1.849655,1.189607,-1.981986,-1.885053,0.000000,0.000000,0.000000,0.000000,0.000000,0.000000,0.000000,0.000000,-1515.782837,348.049377,758.090515,1310.599854
23.6005,True,0.000000,0.000000,0.000000,0.000000,0.000000,0.000000,-1.849655,1.189607,-1.981343,-1.884810,-1.849655,1.189607,-1.981930,-1.884810,0.000000,0.000000,0.000000,0.000000,0.000000,0.000000,0.000000,0.000000,-1515.782837,348.049377,758.090515,1310.599854
23.6204,True,0.000000,0.000000,0.000000,0.000000,0.000000,0.000000,-1.849655,1.189607,-1.981930,-1.884810,-1.849655,1.189607,-1.981930,-1.884810,0.000000,0.000000,0.000000,0.000000,0.000000,0.000000,0.000000,0.000000,-1515.782837,348.049377,758.090515,1310.599854
23.6404,True,0.000000,0.000000,0.000000,0.000000,0.000000,0.000000,-1.849655,1.189607,-1.981343,-1.884810,-1.849916,1.189607,-1.981930,-1.884810,0.000000,0.000000,0.000000,0.000000,0.000000,0.000000,0.000000,0.000000,-1515.782837,348.049377,758.090515,1310.599854
23.6604,True,0.000000,0.000000,0.000000,0.000000,0.000000,0.000000,-1.849916,1.189607,-1.981343,-1.884810,-1.849916,1.189607,-1.981986,-1.884810,0.000000,0.000000,0.000000,0.000000,0.000000,0.000000,0.000000,0.000000,-1515.782837,348.049377,758.090515,1310.599854
23.6804,True,0.000000,0.000000,0.000000,0.000000,0.000000,0.000000,-1.849655,1.189607,-1.981343,-1.884810,-1.849655,1.189607,-1.981399,-1.884810,0.000000,0.000000,0.000000,0.000000,0.000000,0.000000,0.000000,0.000000,-1515.782837,348.049377,758.090515,1310.599854
23.7004,True,0.000000,0.000000,0.000000,0.000000,0.000000,0.000000,-1.849655,1.189607,-1.981930,-1.884810,-1.849655,1.189607,-1.981343,-1.884810,0.000000,0.000000,0.000000,0.000000,0.000000,0.000000,0.000000,0.000000,-1515.782837,348.049377,758.090515,1310.599854
23.7204,True,0.000000,0.000000,0.000000,0.000000,0.000000,0.000000,-1.849655,1.189607,-1.981986,-1.885218,-1.849655,1.189607,-1.981986,-1.884810,0.000000,0.000000,0.000000,0.000000,0.000000,0.000000,0.000000,0.000000,-1515.782837,348.049377,758.090515,1310.599854
23.7404,True,0.000000,0.000000,0.000000,0.000000,0.000000,0.000000,-1.849916,1.189607,-1.981986,-1.885218,-1.849916,1.189607,-1.981986,-1.885218,0.000000,0.000000,0.000000,0.000000,0.000000,0.000000,0.000000,0.000000,-1515.782837,348.049377,758.090515,1310.599854
23.7604,True,0.000000,0.000000,0.000000,0.000000,0.000000,0.000000,-1.850297,1.189607,-1.981986,-1.884810,-1.849655,1.189607,-1.981986,-1.884810,0.000000,0.000000,0.000000,0.000000,0.000000,0.000000,0.000000,0.000000,-1515.782837,348.049377,758.090515,1310.599854
23.7804,True,0.000000,0.000000,0.000000,0.000000,0.000000,0.000000,-1.850035,1.189607,-1.981986,-1.884565,-1.850035,1.189607,-1.981986,-1.885218,0.000000,0.000000,0.000000,0.000000,0.000000,0.000000,0.000000,0.000000,-1515.782837,348.049377,758.090515,1310.599854
23.8004,True,0.000000,0.000000,0.000000,0.000000,0.000000,0.000000,-1.849655,1.189607,-1.981986,-1.885218,-1.849655,1.189607,-1.981930,-1.885218,0.000000,0.000000,0.000000,0.000000,0.000000,0.000000,0.000000,0.000000,-1515.782837,348.049377,758.090515,1310.599854
23.8204,True,0.000000,0.000000,0.000000,0.000000,0.000000,0.000000,-1.849655,1.189607,-1.981343,-1.885462,-1.849655,1.189607,-1.981930,-1.885462,0.000000,0.000000,0.000000,0.000000,0.000000,0.000000,0.000000,0.000000,-1515.782837,348.049377,758.090515,1310.599854
23.8404,True,0.000000,0.000000,0.000000,0.000000,0.000000,0.000000,-1.849655,1.189607,-1.981930,-1.885462,-1.849655,1.189607,-1.981930,-1.885053,0.000000,0.000000,0.000000,0.000000,0.000000,0.000000,0.000000,0.000000,-1515.782837,348.049377,758.090515,1310.599854
23.8604,True,0.000000,0.000000,0.000000,0.000000,0.000000,0.000000,-1.849916,1.189607,-1.981874,-1.885053,-1.849916,1.189607,-1.981930,-1.885053,0.000000,0.000000,0.000000,0.000000,0.000000,0.000000,0.000000,0.000000,-1515.782837,348.049377,758.090515,1310.599854
23.8803,True,0.000000,0.000000,0.000000,0.000000,0.000000,0.000000,-1.849655,1.189607,-1.981343,-1.885053,-1.849655,1.189607,-1.981399,-1.885053,0.000000,0.000000,0.000000,0.000000,0.000000,0.000000,0.000000,0.000000,-1515.782837,348.049377,758.090515,1310.599854
23.9004,True,0.000000,0.000000,0.000000,0.000000,0.000000,0.000000,-1.850035,1.189607,-1.981343,-1.884810,-1.850035,1.189607,-1.981930,-1.884810,0.000000,0.000000,0.000000,0.000000,0.000000,0.000000,0.000000,0.000000,-1515.782837,348.049377,758.090515,1310.599854
23.9204,True,0.000000,0.000000,0.000000,0.000000,0.000000,0.000000,-1.849655,1.189607,-1.981930,-1.884810,-1.849655,1.189607,-1.981930,-1.884810,0.000000,0.000000,0.000000,0.000000,0.000000,0.000000,0.000000,0.000000,-1515.782837,348.049377,758.090515,1310.599854
23.9404,True,0.000000,0.000000,0.000000,0.000000,0.000000,0.000000,-1.849655,1.189607,-1.981986,-1.885053,-1.849655,1.189607,-1.981986,-1.885053,0.000000,0.000000,0.000000,0.000000,0.000000,0.000000,0.000000,0.000000,-1515.782837,348.049377,758.090515,1310.599854
23.9604,True,0.000000,0.000000,0.000000,0.000000,0.000000,0.000000,-1.849655,1.189607,-1.981399,-1.885053,-1.849655,1.189607,-1.981399,-1.885053,0.000000,0.000000,0.000000,0.000000,0.000000,0.000000,0.000000,0.000000,-1515.782837,348.049377,758.090515,1310.599854
23.9804,True,0.000000,0.000000,0.000000,0.000000,0.000000,0.000000,-1.849655,1.189607,-1.981930,-1.885053,-1.849655,1.189607,-1.981930,-1.885053,0.000000,0.000000,0.000000,0.000000,0.000000,0.000000,0.000000,0.000000,-1515.782837,348.049377,758.090515,1310.599854
24.0004,True,0.000000,0.000000,0.000000,0.000000,0.000000,0.000000,-1.849655,1.189607,-1.981986,-1.885053,-1.849916,1.189607,-1.982041,-1.885053,0.000000,0.000000,0.000000,0.000000,0.000000,0.000000,0.000000,0.000000,-1515.782837,348.049377,758.090515,1310.599854
24.0204,True,0.000000,0.000000,0.000000,0.000000,0.000000,0.000000,-1.849655,1.189607,-1.981930,-1.884810,-1.849655,1.189607,-1.981930,-1.884810,0.000000,0.000000,0.000000,0.000000,0.000000,0.000000,0.000000,0.000000,-1515.782837,348.049377,758.090515,1310.599854
24.0404,True,0.000000,0.000000,0.000000,0.000000,0.000000,0.000000,-1.849655,1.189413,-1.981986,-1.885462,-1.849655,1.189413,-1.981986,-1.885462,0.000000,0.000000,0.000000,0.000000,0.000000,0.000000,0.000000,0.000000,-1515.782837,348.049377,758.090515,1310.599854
24.0604,True,0.000000,0.000000,0.000000,0.000000,0.000000,0.000000,-1.849655,1.189413,-1.981343,-1.884401,-1.849916,1.189413,-1.981343,-1.885053,0.000000,0.000000,0.000000,0.000000,0.000000,0.000000,0.000000,0.000000,-1515.782837,348.049377,758.090515,1310.599854
24.0804,True,0.000000,0.000000,0.000000,0.000000,0.000000,0.000000,-1.849655,1.189413,-1.981343,-1.884810,-1.849655,1.189413,-1.981930,-1.884810,0.000000,0.000000,0.000000,0.000000,0.000000,0.000000,0.000000,0.000000,-1515.782837,348.049377,758.090515,1310.599854
24.1004,True,0.000000,0.000000,0.000000,0.000000,0.000000,0.000000,-1.850178,1.189219,-1.981930,-1.885462,-1.849916,1.189219,-1.981930,-1.884810,0.000000,0.000000,0.000000,0.000000,0.000000,0.000000,0.000000,0.000000,-1515.782837,348.049377,758.090515,1310.599854
24.1205,True,0.000000,0.000000,0.000000,0.000000,0.000000,0.000000,-1.849916,1.189219,-1.981986,-1.885462,-1.849916,1.189219,-1.981986,-1.884810,0.000000,0.000000,0.000000,0.000000,0.000000,0.000000,0.000000,0.000000,-1515.782837,348.049377,758.090515,1310.599854
24.1403,True,0.000000,0.000000,0.000000,0.000000,0.000000,0.000000,-1.849655,1.189219,-1.981343,-1.884810,-1.849655,1.189607,-1.981343,-1.884810,0.000000,0.000000,0.000000,0.000000,0.000000,0.000000,0.000000,0.000000,-1515.782837,348.049377,758.090515,1310.599854
24.1604,True,0.000000,0.000000,0.000000,0.000000,0.000000,0.000000,-1.849655,1.189413,-1.981930,-1.885053,-1.849916,1.189413,-1.981930,-1.885053,0.000000,0.000000,0.000000,0.000000,0.000000,0.000000,0.000000,0.000000,-1515.782837,348.049377,758.090515,1310.599854
24.1804,True,0.000000,0.000000,0.000000,0.000000,0.000000,0.000000,-1.849916,1.189413,-1.981930,-1.885053,-1.849916,1.189413,-1.981930,-1.885053,0.000000,0.000000,0.000000,0.000000,0.000000,0.000000,0.000000,0.000000,-1515.782837,348.049377,758.090515,1310.599854
24.2004,True,0.000000,0.000000,0.000000,0.000000,0.000000,0.000000,-1.849916,1.189413,-1.981930,-1.885462,-1.850297,1.189413,-1.981930,-1.885462,0.000000,0.000000,0.000000,0.000000,0.000000,0.000000,0.000000,0.000000,-1515.782837,348.049377,758.090515,1310.599854
24.2204,True,0.000000,0.000000,0.000000,0.000000,0.000000,0.000000,-1.850035,1.189413,-1.981930,-1.884810,-1.849655,1.189413,-1.981930,-1.884810,0.000000,0.000000,0.000000,0.000000,0.000000,0.000000,0.000000,0.000000,-1515.782837,348.049377,758.090515,1310.599854
24.2404,True,0.000000,0.000000,0.000000,0.000000,0.000000,0.000000,-1.849655,1.189413,-1.981930,-1.884810,-1.849655,1.189413,-1.981930,-1.884810,0.000000,0.000000,0.000000,0.000000,0.000000,0.000000,0.000000,0.000000,-1515.782837,348.049377,758.090515,1310.599854
24.2604,True,0.000000,0.000000,0.000000,0.000000,0.000000,0.000000,-1.849655,1.189607,-1.981930,-1.885462,-1.849655,1.189607,-1.981930,-1.885462,0.000000,0.000000,0.000000,0.000000,0.000000,0.000000,0.000000,0.000000,-1515.782837,348.049377,758.090515,1310.599854
24.2804,True,0.000000,0.000000,0.000000,0.000000,0.000000,0.000000,-1.849916,1.189413,-1.981930,-1.884810,-1.849655,1.189413,-1.981930,-1.884810,0.000000,0.000000,0.000000,0.000000,0.000000,0.000000,0.000000,0.000000,-1515.782837,348.049377,758.090515,1310.599854
24.3004,True,0.000000,0.000000,0.000000,0.000000,0.000000,0.000000,-1.849655,1.189413,-1.981930,-1.885053,-1.849655,1.189413,-1.981930,-1.884810,0.000000,0.000000,0.000000,0.000000,0.000000,0.000000,0.000000,0.000000,-1515.782837,348.049377,758.090515,1310.599854
24.3204,True,0.000000,0.000000,0.000000,0.000000,0.000000,0.000000,-1.849655,1.189413,-1.981930,-1.884810,-1.849773,1.189413,-1.981930,-1.884810,0.000000,0.000000,0.000000,0.000000,0.000000,0.000000,0.000000,0.000000,-1515.782837,348.049377,758.090515,1310.599854
24.3404,True,0.000000,0.000000,0.000000,0.000000,0.000000,0.000000,-1.849916,1.189413,-1.981986,-1.884810,-1.849655,1.189413,-1.981986,-1.885053,0.000000,0.000000,0.000000,0.000000,0.000000,0.000000,0.000000,0.000000,-1515.782837,348.049377,758.090515,1310.599854
24.3604,True,0.000000,0.000000,0.000000,0.000000,0.000000,0.000000,-1.849655,1.189413,-1.981930,-1.884810,-1.849655,1.189607,-1.981930,-1.884810,0.000000,0.000000,0.000000,0.000000,0.000000,0.000000,0.000000,0.000000,-1515.782837,348.049377,758.090515,1310.599854
24.3805,True,0.000000,0.000000,0.000000,0.000000,0.000000,0.000000,-1.849655,1.189607,-1.981930,-1.885053,-1.849655,1.189607,-1.981986,-1.885053,0.000000,0.000000,0.000000,0.000000,0.000000,0.000000,0.000000,0.000000,-1515.782837,348.049377,758.090515,1310.599854
24.4007,True,0.000000,0.000000,0.000000,0.000000,0.000000,0.000000,-1.849655,1.189607,-1.981874,-1.884810,-1.850035,1.189607,-1.981930,-1.885462,0.000000,0.000000,0.000000,0.000000,0.000000,0.000000,0.000000,0.000000,-1515.782837,348.049377,758.090515,1310.599854
24.4206,True,0.000000,0.000000,0.000000,0.000000,0.000000,0.000000,-1.849655,1.189607,-1.981930,-1.885218,-1.849655,1.189413,-1.981930,-1.885218,0.000000,0.000000,0.000000,0.000000,0.000000,0.000000,0.000000,0.000000,-1515.782837,348.049377,758.090515,1310.599854
24.4407,True,0.000000,0.000000,0.000000,0.000000,0.000000,0.000000,-1.850035,1.189607,-1.981930,-1.885218,-1.850035,1.189607,-1.981930,-1.885218,0.000000,0.000000,0.000000,0.000000,0.000000,0.000000,0.000000,0.000000,-1515.782837,348.049377,758.090515,1310.599854
24.4605,True,0.000000,0.000000,0.000000,0.000000,0.000000,0.000000,-1.850035,1.189413,-1.981930,-1.885218,-1.850035,1.189413,-1.981930,-1.885218,0.000000,0.000000,0.000000,0.000000,0.000000,0.000000,0.000000,0.000000,-1515.782837,348.049377,758.090515,1310.599854
24.4806,True,0.000000,0.000000,0.000000,0.000000,0.000000,0.000000,-1.849916,1.189413,-1.981986,-1.885218,-1.850035,1.189413,-1.981986,-1.885218,0.000000,0.000000,0.000000,0.000000,0.000000,0.000000,0.000000,0.000000,-1515.782837,348.049377,758.090515,1310.599976
24.5005,True,0.000000,0.000000,0.000000,0.000000,0.000000,0.000000,-1.850035,1.189413,-1.981986,-1.885218,-1.850035,1.189413,-1.981986,-1.885218,0.000000,0.000000,0.000000,0.000000,0.000000,0.000000,0.000000,0.000000,-1515.782837,348.049377,758.090515,1310.599854
24.5206,True,0.000000,0.000000,0.000000,0.000000,0.000000,0.000000,-1.849655,1.189413,-1.981986,-1.885218,-1.849655,1.189413,-1.981986,-1.884810,0.000000,0.000000,0.000000,0.000000,0.000000,0.000000,0.000000,0.000000,-1515.782837,348.049377,758.090515,1310.599854
24.5406,True,0.000000,0.000000,0.000000,0.000000,0.000000,0.000000,-1.849916,1.189413,-1.981930,-1.885218,-1.849916,1.189413,-1.981930,-1.885218,0.000000,0.000000,0.000000,0.000000,0.000000,0.000000,0.000000,0.000000,-1515.782837,348.049377,758.090515,1310.599854
24.5606,True,0.000000,0.000000,0.000000,0.000000,0.000000,0.000000,-1.849916,1.189413,-1.981986,-1.884565,-1.849916,1.189413,-1.981986,-1.884810,0.000000,0.000000,0.000000,0.000000,0.000000,0.000000,0.000000,0.000000,-1515.782837,348.049377,758.090515,1310.599854
24.5807,True,0.000000,0.000000,0.000000,0.000000,0.000000,0.000000,-1.849655,1.189413,-1.981930,-1.884810,-1.849916,1.189413,-1.981930,-1.884810,0.000000,0.000000,0.000000,0.000000,0.000000,0.000000,0.000000,0.000000,-1515.782837,348.049377,758.090515,1310.599854
24.6004,True,0.000000,0.000000,0.000000,0.000000,0.000000,0.000000,-1.849655,1.189219,-1.981986,-1.884810,-1.849655,1.189219,-1.981986,-1.885462,0.000000,0.000000,0.000000,0.000000,0.000000,0.000000,0.000000,0.000000,-1515.782837,348.049377,758.090515,1310.599854
24.6207,True,0.000000,0.000000,0.000000,0.000000,0.000000,0.000000,-1.849916,1.189607,-1.981930,-1.885462,-1.849655,1.189607,-1.981986,-1.885462,0.000000,0.000000,0.000000,0.000000,0.000000,0.000000,0.000000,0.000000,-1515.782837,348.049377,758.090515,1310.599854
24.6410,True,0.000000,0.000000,0.000000,0.000000,0.000000,0.000000,-1.849655,1.189607,-1.981986,-1.885462,-1.849655,1.189607,-1.981986,-1.884810,0.000000,0.000000,0.000000,0.000000,0.000000,0.000000,0.000000,0.000000,-1515.782837,348.049377,758.090515,1310.599854
24.6604,True,0.000000,0.000000,0.000000,0.000000,0.000000,0.000000,-1.849655,1.189607,-1.981930,-1.884810,-1.849655,1.189607,-1.981986,-1.884810,0.000000,0.000000,0.000000,0.000000,0.000000,0.000000,0.000000,0.000000,-1515.782837,348.049377,758.090515,1310.599854
24.6804,True,0.000000,0.000000,0.000000,0.000000,0.000000,0.000000,-1.849655,1.189413,-1.981986,-1.884810,-1.849394,1.189413,-1.981986,-1.884810,0.000000,0.000000,0.000000,0.000000,0.000000,0.000000,0.000000,0.000000,-1515.782837,348.049377,758.090515,1310.599854
24.7004,True,0.000000,0.000000,0.000000,0.000000,0.000000,0.000000,-1.849655,1.189607,-1.981986,-1.885462,-1.849655,1.189413,-1.981986,-1.884810,0.000000,0.000000,0.000000,0.000000,0.000000,0.000000,0.000000,0.000000,-1515.782837,348.049377,758.090515,1310.599854
24.7204,True,0.000000,0.000000,0.000000,0.000000,0.000000,0.000000,-1.849655,1.189607,-1.981986,-1.885218,-1.849655,1.189413,-1.981986,-1.885462,0.000000,0.000000,0.000000,0.000000,0.000000,0.000000,0.000000,0.000000,-1515.782837,348.049377,758.090515,1310.599854
24.7404,True,0.000000,0.000000,0.000000,0.000000,0.000000,0.000000,-1.849394,1.189413,-1.981986,-1.884810,-1.849394,1.189413,-1.981986,-1.884810,0.000000,0.000000,0.000000,0.000000,0.000000,0.000000,0.000000,0.000000,-1515.782837,348.049377,758.090515,1310.599854
24.7607,True,0.000000,0.000000,0.000000,0.000000,0.000000,0.000000,-1.849655,1.189413,-1.981930,-1.885053,-1.850035,1.189413,-1.981986,-1.885053,0.000000,0.000000,0.000000,0.000000,0.000000,0.000000,0.000000,0.000000,-1515.782837,348.049377,758.090515,1310.599854
24.7804,True,0.000000,0.000000,0.000000,0.000000,0.000000,0.000000,-1.850297,1.189413,-1.982041,-1.885053,-1.850297,1.189607,-1.982041,-1.885462,0.000000,0.000000,0.000000,0.000000,0.000000,0.000000,0.000000,0.000000,-1515.782837,348.049377,758.090515,1310.599854
24.8024,True,0.000000,0.000000,0.000000,0.000000,0.000000,0.000000,-1.849394,1.189413,-1.981343,-1.884810,-1.849394,1.189607,-1.981986,-1.884810,0.000000,0.000000,0.000000,0.000000,0.000000,0.000000,0.000000,0.000000,-1515.782837,348.049377,758.090515,1310.599854
24.8205,True,0.000000,0.000000,0.000000,0.000000,0.000000,0.000000,-1.850297,1.189413,-1.981930,-1.885053,-1.850297,1.189413,-1.981930,-1.885053,0.000000,0.000000,0.000000,0.000000,0.000000,0.000000,0.000000,0.000000,-1515.782837,348.049377,758.090515,1310.599854
24.8404,True,0.000000,0.000000,0.000000,0.000000,0.000000,0.000000,-1.849655,1.189413,-1.981986,-1.885218,-1.849655,1.189219,-1.981986,-1.884810,0.000000,0.000000,0.000000,0.000000,0.000000,0.000000,0.000000,0.000000,-1515.782837,348.049377,758.090515,1310.599854
24.8604,True,0.000000,0.000000,0.000000,0.000000,0.000000,0.000000,-1.849655,1.189413,-1.981930,-1.885053,-1.850035,1.189413,-1.981930,-1.885053,0.000000,0.000000,0.000000,0.000000,0.000000,0.000000,0.000000,0.000000,-1515.782837,348.049377,758.090515,1310.599854
24.8804,True,0.000000,0.000000,0.000000,0.000000,0.000000,0.000000,-1.850035,1.189413,-1.981930,-1.884810,-1.850035,1.189413,-1.981930,-1.884810,0.000000,0.000000,0.000000,0.000000,0.000000,0.000000,0.000000,0.000000,-1515.782837,348.049377,758.090515,1310.599854
24.9004,True,0.000000,0.000000,0.000000,0.000000,0.000000,0.000000,-1.849655,1.189413,-1.981986,-1.885053,-1.849655,1.189413,-1.981986,-1.885053,0.000000,0.000000,0.000000,0.000000,0.000000,0.000000,0.000000,0.000000,-1515.782837,348.049377,758.090515,1310.599854
24.9204,True,0.000000,0.000000,0.000000,0.000000,0.000000,0.000000,-1.849655,1.189413,-1.981986,-1.885053,-1.849655,1.189413,-1.981986,-1.885053,0.000000,0.000000,0.000000,0.000000,0.000000,0.000000,0.000000,0.000000,-1515.782837,348.049377,758.090515,1310.599854
24.9404,True,0.000000,0.000000,0.000000,0.000000,0.000000,0.000000,-1.849655,1.189413,-1.981986,-1.885053,-1.849655,1.189413,-1.981986,-1.885053,0.000000,0.000000,0.000000,0.000000,0.000000,0.000000,0.000000,0.000000,-1515.782837,348.049377,758.090515,1310.599854
24.9610,True,0.000000,0.000000,0.000000,0.000000,0.000000,0.000000,-1.849394,1.189413,-1.981986,-1.885053,-1.849394,1.189413,-1.981986,-1.885053,0.000000,0.000000,0.000000,0.000000,0.000000,0.000000,0.000000,0.000000,-1515.782837,348.049377,758.090515,1310.599854
24.9807,True,0.000000,0.000000,0.000000,0.000000,0.000000,0.000000,-1.849655,1.189413,-1.981986,-1.884810,-1.849655,1.189413,-1.981986,-1.885218,0.000000,0.000000,0.000000,0.000000,0.000000,0.000000,0.000000,0.000000,-1515.782837,348.049377,758.090515,1310.599854
25.0006,True,0.000000,0.000000,0.000000,0.000000,0.000000,0.000000,-1.849773,1.189413,-1.981986,-1.885462,-1.849773,1.189413,-1.981986,-1.884645,0.000000,0.000000,0.000000,0.000000,0.000000,0.000000,0.000000,0.000000,-1515.782837,348.049377,758.090515,1310.599854
25.0210,True,0.000000,0.000000,0.000000,0.000000,0.000000,0.000000,-1.849394,1.189413,-1.981930,-1.884401,-1.849655,1.189413,-1.981930,-1.885053,0.000000,0.000000,0.000000,0.000000,0.000000,0.000000,0.000000,0.000000,-1515.782837,348.049377,758.090515,1310.599854
25.0405,True,0.000000,0.000000,0.000000,0.000000,0.000000,0.000000,-1.850035,1.189413,-1.981399,-1.884645,-1.850035,1.189413,-1.981986,-1.884645,0.000000,0.000000,0.000000,0.000000,0.000000,0.000000,0.000000,0.000000,-1515.782837,348.049377,758.090515,1310.599854
25.0604,True,0.000000,0.000000,0.000000,0.000000,0.000000,0.000000,-1.849394,1.189413,-1.981986,-1.885053,-1.849394,1.189413,-1.981986,-1.885053,0.000000,0.000000,0.000000,0.000000,0.000000,0.000000,0.000000,0.000000,-1515.782837,348.049377,758.090515,1310.599854
25.0804,True,0.000000,0.000000,0.000000,0.000000,0.000000,0.000000,-1.850035,1.189413,-1.981986,-1.884401,-1.850035,1.189413,-1.981930,-1.885053,0.000000,0.000000,0.000000,0.000000,0.000000,0.000000,0.000000,0.000000,-1515.782837,348.049377,758.090515,1310.599854
25.1004,True,0.000000,0.000000,0.000000,0.000000,0.000000,0.000000,-1.849394,1.189413,-1.981343,-1.884810,-1.849394,1.189413,-1.981343,-1.884810,0.000000,0.000000,0.000000,0.000000,0.000000,0.000000,0.000000,0.000000,-1515.782837,348.049377,758.090515,1310.599854
25.1204,True,0.000000,0.000000,0.000000,0.000000,0.000000,0.000000,-1.850035,1.189413,-1.981986,-1.885053,-1.849773,1.189413,-1.981986,-1.885053,0.000000,0.000000,0.000000,0.000000,0.000000,0.000000,0.000000,0.000000,-1515.782837,348.049377,758.090515,1310.599854
25.1404,True,0.000000,0.000000,0.000000,0.000000,0.000000,0.000000,-1.850035,1.189413,-1.981343,-1.885462,-1.850035,1.189413,-1.981343,-1.885462,0.000000,0.000000,0.000000,0.000000,0.000000,0.000000,0.000000,0.000000,-1515.782837,348.049377,758.090515,1310.599854
25.1604,True,0.000000,0.000000,0.000000,0.000000,0.000000,0.000000,-1.849773,1.189413,-1.981986,-1.885462,-1.849773,1.189413,-1.981986,-1.885462,0.000000,0.000000,0.000000,0.000000,0.000000,0.000000,0.000000,0.000000,-1515.782837,348.049377,758.090515,1310.599854
25.1804,True,0.000000,0.000000,0.000000,0.000000,0.000000,0.000000,-1.850035,1.189413,-1.981930,-1.885462,-1.850035,1.189413,-1.981930,-1.885462,0.000000,0.000000,0.000000,0.000000,0.000000,0.000000,0.000000,0.000000,-1515.782837,348.049377,758.090515,1310.599854
25.2004,True,0.000000,0.000000,0.000000,0.000000,0.000000,0.000000,-1.850035,1.189413,-1.981986,-1.885462,-1.850035,1.189413,-1.981343,-1.885462,0.000000,0.000000,0.000000,0.000000,0.000000,0.000000,0.000000,0.000000,-1515.782837,348.049377,758.090515,1310.599854
25.2204,True,0.000000,0.000000,0.000000,0.000000,0.000000,0.000000,-1.849394,1.189413,-1.981930,-1.884810,-1.849655,1.189219,-1.981930,-1.884810,0.000000,0.000000,0.000000,0.000000,0.000000,0.000000,0.000000,0.000000,-1515.782837,348.049377,758.090515,1310.599854
25.2404,True,0.000000,0.000000,0.000000,0.000000,0.000000,0.000000,-1.849655,1.189219,-1.981930,-1.885053,-1.849655,1.189219,-1.981930,-1.884645,0.000000,0.000000,0.000000,0.000000,0.000000,0.000000,0.000000,0.000000,-1515.782837,348.049377,758.090515,1310.599854
25.2604,True,0.000000,0.000000,0.000000,0.000000,0.000000,0.000000,-1.850035,1.189219,-1.981930,-1.885053,-1.850035,1.189219,-1.981930,-1.885053,0.000000,0.000000,0.000000,0.000000,0.000000,0.000000,0.000000,0.000000,-1515.782837,348.049377,758.090515,1310.599854
25.2804,True,0.000000,0.000000,0.000000,0.000000,0.000000,0.000000,-1.849655,1.189607,-1.981930,-1.884810,-1.849655,1.189607,-1.981986,-1.884810,0.000000,0.000000,0.000000,0.000000,0.000000,0.000000,0.000000,0.000000,-1515.782837,348.049377,758.090515,1310.599854
25.3004,True,0.000000,0.000000,0.000000,0.000000,0.000000,0.000000,-1.849655,1.189413,-1.981874,-1.885053,-1.850035,1.189413,-1.981874,-1.885053,0.000000,0.000000,0.000000,0.000000,0.000000,0.000000,0.000000,0.000000,-1515.782837,348.049377,758.090515,1310.599854
25.3204,True,0.000000,0.000000,0.000000,0.000000,0.000000,0.000000,-1.849655,1.189413,-1.981930,-1.884810,-1.849655,1.189413,-1.981986,-1.885053,0.000000,0.000000,0.000000,0.000000,0.000000,0.000000,0.000000,0.000000,-1515.782837,348.049377,758.090515,1310.599854
25.3404,True,0.000000,0.000000,0.000000,0.000000,0.000000,0.000000,-1.849655,1.189413,-1.981930,-1.884810,-1.849655,1.189607,-1.981930,-1.885462,0.000000,0.000000,0.000000,0.000000,0.000000,0.000000,0.000000,0.000000,-1515.782837,348.049377,758.090515,1310.599854
25.3604,True,0.000000,0.000000,0.000000,0.000000,0.000000,0.000000,-1.849655,1.189607,-1.981930,-1.884401,-1.850035,1.189607,-1.981930,-1.885053,0.000000,0.000000,0.000000,0.000000,0.000000,0.000000,0.000000,0.000000,-1515.782837,348.049377,758.090515,1310.599854
25.3803,True,0.000000,0.000000,0.000000,0.000000,0.000000,0.000000,-1.850297,1.189607,-1.981874,-1.885053,-1.850297,1.189607,-1.981930,-1.885053,0.000000,0.000000,0.000000,0.000000,0.000000,0.000000,0.000000,0.000000,-1515.782837,348.049377,758.090515,1310.599854
25.4004,True,0.000000,0.000000,0.000000,0.000000,0.000000,0.000000,-1.849916,1.189607,-1.981986,-1.885053,-1.849916,1.189413,-1.981930,-1.885053,0.000000,0.000000,0.000000,0.000000,0.000000,0.000000,0.000000,0.000000,-1515.782837,348.049377,758.090515,1310.599854
25.4206,True,0.000000,0.000000,0.000000,0.000000,0.000000,0.000000,-1.849655,1.189413,-1.981930,-1.884810,-1.849655,1.189413,-1.981874,-1.884810,0.000000,0.000000,0.000000,0.000000,0.000000,0.000000,0.000000,0.000000,-1515.782837,348.049377,758.090515,1310.599854
25.4404,True,0.000000,0.000000,0.000000,0.000000,0.000000,0.000000,-1.849916,1.189413,-1.981930,-1.884810,-1.849916,1.189219,-1.981930,-1.885053,0.000000,0.000000,0.000000,0.000000,0.000000,0.000000,0.000000,0.000000,-1515.782837,348.049377,758.090515,1310.599854
25.4604,True,0.000000,0.000000,0.000000,0.000000,0.000000,0.000000,-1.849655,1.189219,-1.981930,-1.884810,-1.849916,1.189219,-1.981986,-1.885462,0.000000,0.000000,0.000000,0.000000,0.000000,0.000000,0.000000,0.000000,-1515.782837,348.049377,758.090515,1310.599854
25.4808,True,0.000000,0.000000,0.000000,0.000000,0.000000,0.000000,-1.849916,1.189219,-1.981986,-1.885053,-1.849655,1.189219,-1.981930,-1.885462,0.000000,0.000000,0.000000,0.000000,0.000000,0.000000,0.000000,0.000000,-1515.782837,348.049377,758.090515,1310.599854
25.5004,True,0.000000,0.000000,0.000000,0.000000,0.000000,0.000000,-1.849655,1.189219,-1.981874,-1.885053,-1.850035,1.189219,-1.981930,-1.885053,0.000000,0.000000,0.000000,0.000000,0.000000,0.000000,0.000000,0.000000,-1515.782837,348.049377,758.090515,1310.599854
25.5204,True,0.000000,0.000000,0.000000,0.000000,0.000000,0.000000,-1.849916,1.189219,-1.981930,-1.885218,-1.849916,1.189219,-1.981930,-1.885218,0.000000,0.000000,0.000000,0.000000,0.000000,0.000000,0.000000,0.000000,-1515.782837,348.049377,758.090515,1310.599854
25.5404,True,0.000000,0.000000,0.000000,0.000000,0.000000,0.000000,-1.849655,1.189219,-1.981930,-1.884810,-1.849655,1.189219,-1.981930,-1.884810,0.000000,0.000000,0.000000,0.000000,0.000000,0.000000,0.000000,0.000000,-1515.782837,348.049377,758.090515,1310.599854
25.5604,True,0.000000,0.000000,0.000000,0.000000,0.000000,0.000000,-1.849655,1.189413,-1.981930,-1.885053,-1.849655,1.189219,-1.981930,-1.885053,0.000000,0.000000,0.000000,0.000000,0.000000,0.000000,0.000000,0.000000,-1515.782837,348.049377,758.090515,1310.599854
25.5804,True,0.000000,0.000000,0.000000,0.000000,0.000000,0.000000,-1.849655,1.189219,-1.981930,-1.885297,-1.849655,1.189413,-1.981930,-1.885053,0.000000,0.000000,0.000000,0.000000,0.000000,0.000000,0.000000,0.000000,-1515.782837,348.049377,758.090515,1310.599854
25.6004,True,0.000000,0.000000,0.000000,0.000000,0.000000,0.000000,-1.849655,1.189413,-1.981930,-1.885053,-1.849655,1.189413,-1.981930,-1.885053,0.000000,0.000000,0.000000,0.000000,0.000000,0.000000,0.000000,0.000000,-1515.782837,348.049377,758.090515,1310.599854
25.6204,True,0.000000,0.000000,0.000000,0.000000,0.000000,0.000000,-1.849655,1.189413,-1.981930,-1.885053,-1.849655,1.189413,-1.981930,-1.885053,0.000000,0.000000,0.000000,0.000000,0.000000,0.000000,0.000000,0.000000,-1515.782837,348.049377,758.090515,1310.599854
25.6404,True,0.000000,0.000000,0.000000,0.000000,0.000000,0.000000,-1.849655,1.189413,-1.981930,-1.884645,-1.849655,1.189219,-1.981930,-1.885053,0.000000,0.000000,0.000000,0.000000,0.000000,0.000000,0.000000,0.000000,-1515.782837,348.049377,758.090515,1310.599854
25.6604,True,0.000000,0.000000,0.000000,0.000000,0.000000,0.000000,-1.850035,1.189607,-1.981930,-1.885053,-1.849655,1.189607,-1.981930,-1.885053,0.000000,0.000000,0.000000,0.000000,0.000000,0.000000,0.000000,0.000000,-1515.782837,348.049377,758.090515,1310.599854
25.6804,True,0.000000,0.000000,0.000000,0.000000,0.000000,0.000000,-1.849394,1.189607,-1.981930,-1.885053,-1.849655,1.189607,-1.981930,-1.885053,0.000000,0.000000,0.000000,0.000000,0.000000,0.000000,0.000000,0.000000,-1515.782837,348.049377,758.090515,1310.599854
25.7004,True,0.000000,0.000000,0.000000,0.000000,0.000000,0.000000,-1.850035,1.189607,-1.981930,-1.885053,-1.849655,1.189607,-1.981930,-1.885053,0.000000,0.000000,0.000000,0.000000,0.000000,0.000000,0.000000,0.000000,-1515.782837,348.049377,758.090515,1310.599854
25.7204,True,0.000000,0.000000,0.000000,0.000000,0.000000,0.000000,-1.849655,1.189413,-1.981930,-1.885053,-1.849655,1.189413,-1.981930,-1.885053,0.000000,0.000000,0.000000,0.000000,0.000000,0.000000,0.000000,0.000000,-1515.782837,348.049377,758.090515,1310.599854
25.7404,True,0.000000,0.000000,0.000000,0.000000,0.000000,0.000000,-1.849916,1.189413,-1.981930,-1.885053,-1.849655,1.189413,-1.981930,-1.885053,0.000000,0.000000,0.000000,0.000000,0.000000,0.000000,0.000000,0.000000,-1515.782837,348.049377,758.090515,1310.599854
25.7606,True,0.000000,0.000000,0.000000,0.000000,0.000000,0.000000,-1.850035,1.189219,-1.981930,-1.885053,-1.850035,1.189219,-1.981930,-1.885053,0.000000,0.000000,0.000000,0.000000,0.000000,0.000000,0.000000,0.000000,-1515.782837,348.049377,758.090515,1310.599854
25.7805,True,0.000000,0.000000,0.000000,0.000000,0.000000,0.000000,-1.850035,1.189219,-1.981930,-1.885053,-1.850035,1.189219,-1.981930,-1.885053,0.000000,0.000000,0.000000,0.000000,0.000000,0.000000,0.000000,0.000000,-1515.782837,348.049377,758.090515,1310.599854
25.8004,True,0.000000,0.000000,0.000000,0.000000,0.000000,0.000000,-1.849655,1.189219,-1.981930,-1.884810,-1.849655,1.189219,-1.981930,-1.885053,0.000000,0.000000,0.000000,0.000000,0.000000,0.000000,0.000000,0.000000,-1515.782837,348.049377,758.090515,1310.599854
25.8204,True,0.000000,0.000000,0.000000,0.000000,0.000000,0.000000,-1.849916,1.189219,-1.981930,-1.885462,-1.849916,1.189219,-1.981930,-1.884645,0.000000,0.000000,0.000000,0.000000,0.000000,0.000000,0.000000,0.000000,-1515.782837,348.049377,758.090515,1310.599854
25.8404,True,0.000000,0.000000,0.000000,0.000000,0.000000,0.000000,-1.849655,1.189219,-1.981930,-1.885053,-1.849655,1.189413,-1.981930,-1.885053,0.000000,0.000000,0.000000,0.000000,0.000000,0.000000,0.000000,0.000000,-1515.782837,348.049377,758.090515,1310.599854
25.8604,True,0.000000,0.000000,0.000000,0.000000,0.000000,0.000000,-1.849916,1.189607,-1.981930,-1.884645,-1.849655,1.189413,-1.981930,-1.884645,0.000000,0.000000,0.000000,0.000000,0.000000,0.000000,0.000000,0.000000,-1515.782837,348.049377,758.090515,1310.599854
25.8804,True,0.000000,0.000000,0.000000,0.000000,0.000000,0.000000,-1.849916,1.189607,-1.981930,-1.885053,-1.849916,1.189219,-1.981930,-1.885053,0.000000,0.000000,0.000000,0.000000,0.000000,0.000000,0.000000,0.000000,-1515.782837,348.049377,758.090515,1310.599854
25.9004,True,0.000000,0.000000,0.000000,0.000000,0.000000,0.000000,-1.849916,1.189413,-1.981930,-1.884401,-1.849655,1.189413,-1.981930,-1.884401,0.000000,0.000000,0.000000,0.000000,0.000000,0.000000,0.000000,0.000000,-1515.782837,348.049377,758.090515,1310.599854
25.9204,True,0.000000,0.000000,0.000000,0.000000,0.000000,0.000000,-1.849655,1.189219,-1.981930,-1.884401,-1.849394,1.189219,-1.981930,-1.885053,0.000000,0.000000,0.000000,0.000000,0.000000,0.000000,0.000000,0.000000,-1515.782837,348.049377,758.090515,1310.599854
25.9404,True,0.000000,0.000000,0.000000,0.000000,0.000000,0.000000,-1.849655,1.189413,-1.981930,-1.885053,-1.849655,1.189413,-1.981930,-1.885053,0.000000,0.000000,0.000000,0.000000,0.000000,0.000000,0.000000,0.000000,-1515.782837,348.049377,758.090515,1310.599854
25.9604,True,0.000000,0.000000,0.000000,0.000000,0.000000,0.000000,-1.849655,1.189413,-1.981930,-1.885053,-1.849655,1.189413,-1.981930,-1.885053,0.000000,0.000000,0.000000,0.000000,0.000000,0.000000,0.000000,0.000000,-1515.782837,348.049377,758.090515,1310.599854
25.9804,True,0.000000,0.000000,0.000000,0.000000,0.000000,0.000000,-1.849394,1.189413,-1.981930,-1.884645,-1.849655,1.189413,-1.981930,-1.885053,0.000000,0.000000,0.000000,0.000000,0.000000,0.000000,0.000000,0.000000,-1515.782837,348.049377,758.090515,1310.599854
26.0004,True,0.000000,0.000000,0.000000,0.000000,0.000000,0.000000,-1.850035,1.189219,-1.981930,-1.885462,-1.850035,1.189219,-1.981930,-1.885462,0.000000,0.000000,0.000000,0.000000,0.000000,0.000000,0.000000,0.000000,-1515.782837,348.049377,758.090515,1310.599854
26.0203,True,0.000000,0.000000,0.000000,0.000000,0.000000,0.000000,-1.849394,1.189413,-1.981930,-1.884810,-1.849394,1.189413,-1.981930,-1.884810,0.000000,0.000000,0.000000,0.000000,0.000000,0.000000,0.000000,0.000000,-1515.782837,348.049377,758.090515,1310.599854
26.0404,True,0.000000,0.000000,0.000000,0.000000,0.000000,0.000000,-1.850035,1.189413,-1.981930,-1.885053,-1.849655,1.189413,-1.981930,-1.885053,0.000000,0.000000,0.000000,0.000000,0.000000,0.000000,0.000000,0.000000,-1515.782837,348.049377,758.090515,1310.599854
26.0604,True,0.000000,0.000000,0.000000,0.000000,0.000000,0.000000,-1.850035,1.189413,-1.981986,-1.885053,-1.850035,1.189413,-1.981930,-1.885053,0.000000,0.000000,0.000000,0.000000,0.000000,0.000000,0.000000,0.000000,-1515.782837,348.049377,758.090515,1310.599854
26.0804,True,0.000000,0.000000,0.000000,0.000000,0.000000,0.000000,-1.849655,1.189413,-1.981986,-1.885053,-1.849655,1.189413,-1.981986,-1.885053,0.000000,0.000000,0.000000,0.000000,0.000000,0.000000,0.000000,0.000000,-1515.782837,348.049377,758.090515,1310.599854
26.1004,True,0.000000,0.000000,0.000000,0.000000,0.000000,0.000000,-1.849655,1.189413,-1.981399,-1.885053,-1.849655,1.189413,-1.981930,-1.885053,0.000000,0.000000,0.000000,0.000000,0.000000,0.000000,0.000000,0.000000,-1515.782837,348.049377,758.090515,1310.599854
26.1204,True,0.000000,0.000000,0.000000,0.000000,0.000000,0.000000,-1.850297,1.189413,-1.981930,-1.885053,-1.850297,1.189413,-1.981930,-1.885053,0.000000,0.000000,0.000000,0.000000,0.000000,0.000000,0.000000,0.000000,-1515.782837,348.049377,758.090515,1310.599854
26.1403,True,0.000000,0.000000,0.000000,0.000000,0.000000,0.000000,-1.849655,1.189413,-1.981986,-1.884645,-1.849655,1.189413,-1.981343,-1.885053,0.000000,0.000000,0.000000,0.000000,0.000000,0.000000,0.000000,0.000000,-1515.782837,348.049377,758.090515,1310.599854
26.1604,True,0.000000,0.000000,0.000000,0.000000,0.000000,0.000000,-1.849655,1.189413,-1.981930,-1.884645,-1.849655,1.189413,-1.981930,-1.885297,0.000000,0.000000,0.000000,0.000000,0.000000,0.000000,0.000000,0.000000,-1515.782837,348.049377,758.090515,1310.599854
26.1804,True,0.000000,0.000000,0.000000,0.000000,0.000000,0.000000,-1.849655,1.189413,-1.982041,-1.885053,-1.849655,1.189413,-1.982041,-1.885053,0.000000,0.000000,0.000000,0.000000,0.000000,0.000000,0.000000,0.000000,-1515.782837,348.049377,758.090515,1310.599854
26.2004,True,0.000000,0.000000,0.000000,0.000000,0.000000,0.000000,-1.849916,1.189413,-1.981986,-1.885053,-1.849655,1.189413,-1.981399,-1.885053,0.000000,0.000000,0.000000,0.000000,0.000000,0.000000,0.000000,0.000000,-1515.782837,348.049377,758.090515,1310.599854
26.2204,True,0.000000,0.000000,0.000000,0.000000,0.000000,0.000000,-1.849916,1.189607,-1.981930,-1.884645,-1.849916,1.189607,-1.981930,-1.884645,0.000000,0.000000,0.000000,0.000000,0.000000,0.000000,0.000000,0.000000,-1515.782837,348.049377,758.090515,1310.599854
26.2404,True,0.000000,0.000000,0.000000,0.000000,0.000000,0.000000,-1.849916,1.189607,-1.981930,-1.884645,-1.849916,1.189607,-1.981930,-1.884645,0.000000,0.000000,0.000000,0.000000,0.000000,0.000000,0.000000,0.000000,-1515.782837,348.049377,758.090515,1310.599854
26.2604,True,0.000000,0.000000,0.000000,0.000000,0.000000,0.000000,-1.849916,1.189607,-1.981930,-1.884645,-1.849916,1.189607,-1.981930,-1.884645,0.000000,0.000000,0.000000,0.000000,0.000000,0.000000,0.000000,0.000000,-1515.782837,348.049377,758.090515,1310.599854
26.2804,True,0.000000,0.000000,0.000000,0.000000,0.000000,0.000000,-1.849916,1.189607,-1.981930,-1.884645,-1.849916,1.189607,-1.981930,-1.885053,0.000000,0.000000,0.000000,0.000000,0.000000,0.000000,0.000000,0.000000,-1515.782837,348.049377,758.090515,1310.599854
26.3003,True,0.000000,0.000000,0.000000,0.000000,0.000000,0.000000,-1.849916,1.189607,-1.981399,-1.885053,-1.849916,1.189607,-1.981986,-1.885053,0.000000,0.000000,0.000000,0.000000,0.000000,0.000000,0.000000,0.000000,-1515.782837,348.049377,758.090515,1310.599854
26.3204,True,0.000000,0.000000,0.000000,0.000000,0.000000,0.000000,-1.849537,1.189607,-1.981930,-1.884810,-1.850035,1.189607,-1.981930,-1.885053,0.000000,0.000000,0.000000,0.000000,0.000000,0.000000,0.000000,0.000000,-1515.782837,348.049377,758.090515,1310.599854
26.3404,True,0.000000,0.000000,0.000000,0.000000,0.000000,0.000000,-1.849916,1.189607,-1.981930,-1.885462,-1.849916,1.189607,-1.981930,-1.885462,0.000000,0.000000,0.000000,0.000000,0.000000,0.000000,0.000000,0.000000,-1515.782837,348.049377,758.090515,1310.599854
26.3604,True,0.000000,0.000000,0.000000,0.000000,0.000000,0.000000,-1.849916,1.189607,-1.981930,-1.885462,-1.849916,1.189607,-1.981930,-1.885462,0.000000,0.000000,0.000000,0.000000,0.000000,0.000000,0.000000,0.000000,-1515.782837,348.049377,758.090515,1310.599854
26.3804,True,0.000000,0.000000,0.000000,0.000000,0.000000,0.000000,-1.849916,1.189607,-1.981930,-1.885462,-1.849655,1.189607,-1.981930,-1.885462,0.000000,0.000000,0.000000,0.000000,0.000000,0.000000,0.000000,0.000000,-1515.782837,348.049377,758.090515,1310.599854
26.4004,True,0.000000,0.000000,0.000000,0.000000,0.000000,0.000000,-1.849655,1.189607,-1.981930,-1.885053,-1.849655,1.189607,-1.981930,-1.884810,0.000000,0.000000,0.000000,0.000000,0.000000,0.000000,0.000000,0.000000,-1515.782837,348.049377,758.090515,1310.599854
26.4204,True,0.000000,0.000000,0.000000,0.000000,0.000000,0.000000,-1.849655,1.189607,-1.981930,-1.884810,-1.849655,1.189607,-1.981930,-1.885462,0.000000,0.000000,0.000000,0.000000,0.000000,0.000000,0.000000,0.000000,-1515.782837,348.049377,758.090515,1310.599854
26.4404,True,0.000000,0.000000,0.000000,0.000000,0.000000,0.000000,-1.849916,1.189607,-1.981986,-1.885053,-1.849916,1.189607,-1.981986,-1.885053,0.000000,0.000000,0.000000,0.000000,0.000000,0.000000,0.000000,0.000014,-1515.782837,348.049377,758.090515,1310.599976
26.4604,True,0.000000,0.000000,0.000000,0.000000,0.000000,0.000000,-1.849655,1.189607,-1.981399,-1.885053,-1.849655,1.189607,-1.981986,-1.885053,0.000000,0.000000,0.000000,0.000000,0.000000,0.000000,0.000000,0.000051,-1515.782837,348.049377,758.090515,1310.599854
26.4804,True,0.000000,0.000000,0.000000,0.000000,0.000000,0.000000,-1.849655,1.189607,-1.981343,-1.885053,-1.849655,1.189607,-1.981986,-1.885053,0.000000,0.000000,0.000000,0.000000,0.000000,0.000000,0.000000,0.000019,-1515.782837,348.049377,758.090515,1310.599854
26.5004,True,0.000000,0.000000,0.000000,0.000000,0.000000,0.000000,-1.849916,1.189607,-1.981986,-1.885053,-1.849916,1.189607,-1.981930,-1.885053,0.000000,0.000000,0.000000,0.000000,0.000000,0.000000,0.000000,0.000000,-1515.782837,348.049377,758.090515,1310.599854
26.5204,True,0.000000,0.000000,0.000000,0.000000,0.000000,0.000000,-1.849655,1.189607,-1.981986,-1.885053,-1.849655,1.189607,-1.981930,-1.885053,0.000000,0.000000,0.000000,0.000000,0.000000,0.000000,0.000000,0.000000,-1515.782837,348.049377,758.090515,1310.599854
26.5404,True,0.000000,0.000000,0.000000,0.000000,0.000000,0.000000,-1.849916,1.189607,-1.981930,-1.884810,-1.849655,1.189607,-1.981399,-1.885053,0.000000,0.000000,0.000000,0.000000,0.000000,0.000000,0.000000,0.000000,-1515.782837,348.049377,758.090515,1310.599854
26.5604,True,0.000000,0.000000,0.000000,0.000000,0.000000,0.000000,-1.849655,1.189607,-1.981399,-1.885053,-1.849916,1.189607,-1.981399,-1.885053,0.000000,0.000000,0.000000,0.000000,0.000000,0.000000,0.000000,0.000000,-1515.782837,348.049377,758.090515,1310.599854
26.5804,True,0.000000,0.000000,0.000000,0.000000,0.000000,0.000000,-1.849916,1.189607,-1.981399,-1.884810,-1.849916,1.189607,-1.981399,-1.885053,0.000000,0.000000,0.000000,0.000000,0.000000,0.000000,0.000000,-0.000014,-1515.782837,348.049377,758.090515,1310.599854
26.6006,True,0.000000,0.000000,0.000000,0.000000,0.000000,0.000000,-1.849655,1.189607,-1.981930,-1.885053,-1.849655,1.189607,-1.981399,-1.885297,0.000000,0.000000,0.000000,0.000000,0.000000,0.000000,0.000000,0.000000,-1515.782837,348.049377,758.090515,1310.599854
26.6204,True,0.000000,0.000000,0.000000,0.000000,0.000000,0.000000,-1.849916,1.189607,-1.981986,-1.884810,-1.849916,1.189607,-1.981986,-1.884810,0.000000,0.000000,0.000000,0.000000,0.000000,0.000000,0.000000,0.000000,-1515.782837,348.049377,758.090515,1310.599854
26.6404,True,0.000000,0.000000,0.000000,0.000000,0.000000,0.000000,-1.849916,1.189607,-1.981399,-1.884810,-1.849916,1.189607,-1.981343,-1.884810,0.000000,0.000000,0.000000,0.000000,0.000000,0.000000,0.000000,0.000000,-1515.782837,348.049377,758.090515,1310.599854
26.6604,True,0.000000,0.000000,0.000000,0.000000,0.000000,0.000000,-1.849655,1.189607,-1.981986,-1.884810,-1.849655,1.189607,-1.981930,-1.884810,0.000000,0.000000,0.000000,0.000000,0.000000,0.000000,0.000000,0.000000,-1515.782837,348.049377,758.090515,1310.599854
26.6804,True,0.000000,0.000000,0.000000,0.000000,0.000000,0.000000,-1.849916,1.189607,-1.981986,-1.884810,-1.849916,1.189607,-1.981986,-1.884810,0.000000,0.000000,0.000000,0.000000,0.000000,0.000000,0.000000,0.000000,-1515.782837,348.049377,758.090515,1310.599854
26.7004,True,0.000000,0.000000,0.000000,0.000000,0.000000,0.000000,-1.849655,1.189607,-1.982041,-1.885462,-1.849655,1.189607,-1.982041,-1.885053,0.000000,0.000000,0.000000,0.000000,0.000000,0.000000,0.000000,0.000000,-1515.782837,348.049377,758.090515,1310.599854
26.7204,True,0.000000,0.000000,0.000000,0.000000,0.000000,0.000000,-1.849655,1.189607,-1.981986,-1.885053,-1.849655,1.189607,-1.981986,-1.885053,0.000000,0.000000,0.000000,0.000000,0.000000,0.000000,0.000000,0.000000,-1515.782837,348.049377,758.090515,1310.599854
26.7404,True,0.000000,0.000000,0.000000,0.000000,0.000000,0.000000,-1.849655,1.189607,-1.981986,-1.885053,-1.849655,1.189607,-1.981986,-1.885053,0.000000,0.000000,0.000000,0.000000,0.000000,0.000000,0.000000,0.000000,-1515.782837,348.049377,758.090515,1310.599854
26.7604,True,0.000000,0.000000,0.000000,0.000000,0.000000,0.000000,-1.849916,1.189219,-1.981986,-1.885053,-1.849916,1.189219,-1.981986,-1.885053,0.000000,0.000000,0.000000,0.000000,0.000000,0.000000,0.000000,0.000000,-1515.782837,348.049377,758.090515,1310.599854
26.7804,True,0.000000,0.000000,0.000000,0.000000,0.000000,0.000000,-1.849655,1.189025,-1.981399,-1.885053,-1.849655,1.189025,-1.981399,-1.885053,0.000000,0.000000,0.000000,0.000000,0.000000,0.000000,0.000000,0.000000,-1515.782837,348.049377,758.090515,1310.599854
26.8004,True,0.000000,0.000000,0.000000,0.000000,0.000000,0.000000,-1.849916,1.189219,-1.981399,-1.885053,-1.849916,1.189219,-1.981343,-1.885053,0.000000,0.000000,0.000000,0.000000,0.000000,0.000000,0.000000,0.000000,-1515.782837,348.049377,758.090515,1310.599854
26.8204,True,0.000000,0.000000,0.000000,0.000000,0.000000,0.000000,-1.849916,1.189413,-1.981343,-1.885053,-1.849916,1.189219,-1.981930,-1.885053,0.000000,0.000000,0.000000,0.000000,0.000000,0.000000,0.000000,0.000000,-1515.782837,348.049377,758.090515,1310.599854
26.8404,True,0.000000,0.000000,0.000000,0.000000,0.000000,0.000000,-1.849916,1.189025,-1.981930,-1.885053,-1.849916,1.189481,-1.981930,-1.885053,0.000000,0.000000,0.000000,0.000000,0.000000,0.000000,0.000000,0.000000,-1515.782837,348.049377,758.090515,1310.599854
26.8604,True,0.000000,0.000000,0.000000,0.000000,0.000000,0.000000,-1.849916,1.189219,-1.981986,-1.885053,-1.849916,1.189219,-1.981930,-1.885053,0.000000,0.000000,0.000000,0.000000,0.000000,0.000000,0.000000,0.000000,-1515.782837,348.049377,758.090515,1310.599854
26.8806,True,0.000000,0.000000,0.000000,0.000000,0.000000,0.000000,-1.849916,1.189219,-1.981986,-1.885053,-1.849916,1.189219,-1.981399,-1.885053,0.000000,0.000000,0.000000,0.000000,0.000000,0.000000,0.000000,0.000000,-1515.782837,348.049377,758.090515,1310.599854
26.9004,True,0.000000,0.000000,0.000000,0.000000,0.000000,0.000000,-1.849916,1.189219,-1.981399,-1.885053,-1.849916,1.189607,-1.981399,-1.885053,0.000000,0.000000,0.000000,0.000000,0.000000,0.000000,0.000000,0.000000,-1515.782837,348.049377,758.090515,1310.599854
26.9204,True,0.000000,0.000000,0.000000,0.000000,0.000000,0.000000,-1.849655,1.189607,-1.981986,-1.885053,-1.850297,1.189607,-1.981986,-1.885053,0.000000,0.000000,0.000000,0.000000,0.000000,0.000000,0.000000,0.000000,-1515.782837,348.049377,758.090515,1310.599854
26.9405,True,0.000000,0.000000,0.000000,0.000000,0.000000,0.000000,-1.849655,1.189607,-1.981986,-1.885053,-1.849655,1.189607,-1.981986,-1.885053,0.000000,0.000000,0.000000,0.000000,0.000000,0.000000,0.000000,0.000000,-1515.782837,348.049377,758.090515,1310.599854
26.9604,True,0.000000,0.000000,0.000000,0.000000,0.000000,0.000000,-1.849916,1.189607,-1.981986,-1.885053,-1.849655,1.189607,-1.981986,-1.885053,0.000000,0.000000,0.000000,0.000000,0.000000,0.000000,0.000000,0.000000,-1515.782837,348.049377,758.090515,1310.599854
26.9804,True,0.000000,0.000000,0.000000,0.000000,0.000000,0.000000,-1.849655,1.189607,-1.981986,-1.885053,-1.849916,1.189607,-1.981343,-1.885053,0.000000,0.000000,0.000000,0.000000,0.000000,0.000000,0.000000,0.000000,-1515.782837,348.049377,758.090515,1310.599854
27.0004,True,0.000000,0.000000,0.000000,0.000000,0.000000,0.000000,-1.849655,1.189413,-1.981930,-1.885053,-1.849655,1.189413,-1.981930,-1.885053,0.000000,0.000000,0.000000,0.000000,0.000000,0.000000,0.000000,0.000000,-1515.782837,348.049377,758.090515,1310.599854
27.0204,True,0.000000,0.000000,0.000000,0.000000,0.000000,0.000000,-1.849655,1.189413,-1.981930,-1.885053,-1.849655,1.189413,-1.981930,-1.885053,0.000000,0.000000,0.000000,0.000000,0.000000,0.000000,0.000000,0.000000,-1515.782837,348.049377,758.090515,1310.599854
27.0403,True,0.000000,0.000000,0.000000,0.000000,0.000000,0.000000,-1.849916,1.189413,-1.981930,-1.885053,-1.849916,1.189413,-1.981930,-1.885053,0.000000,0.000000,0.000000,0.000000,0.000000,0.000000,0.000000,0.000000,-1515.782837,348.049377,758.090515,1310.599854
27.0604,True,0.000000,0.000000,0.000000,0.000000,0.000000,0.000000,-1.849655,1.189413,-1.981930,-1.885053,-1.849655,1.189413,-1.981930,-1.885053,0.000000,0.000000,0.000000,0.000000,0.000000,0.000000,0.000000,0.000000,-1515.782837,348.049377,758.090515,1310.599854
27.0804,True,0.000000,0.000000,0.000000,0.000000,0.000000,0.000000,-1.849655,1.189413,-1.981930,-1.885053,-1.849916,1.189413,-1.981930,-1.885053,0.000000,0.000000,0.000000,0.000000,0.000000,0.000000,0.000000,0.000000,-1515.782837,348.049377,758.090515,1310.599854
27.1004,True,0.000000,0.000000,0.000000,0.000000,0.000000,0.000000,-1.849655,1.189413,-1.981930,-1.885053,-1.849394,1.189413,-1.981930,-1.885053,0.000000,0.000000,0.000000,0.000000,0.000000,0.000000,0.000000,0.000000,-1515.782837,348.049377,758.090515,1310.599854
27.1204,True,0.000000,0.000000,0.000000,0.000000,0.000000,0.000000,-1.849655,1.189413,-1.981930,-1.885053,-1.849655,1.189413,-1.981930,-1.884810,0.000000,0.000000,0.000000,0.000000,0.000000,0.000000,0.000000,0.000000,-1515.782837,348.049377,758.090515,1310.599854
27.1404,True,0.000000,0.000000,0.000000,0.000000,0.000000,0.000000,-1.849394,1.189413,-1.981930,-1.884810,-1.850035,1.189413,-1.981930,-1.884810,0.000000,0.000000,0.000000,0.000000,0.000000,0.000000,0.000000,0.000000,-1515.782837,348.049377,758.090515,1310.599854
27.1604,True,0.000000,0.000000,0.000000,0.000000,0.000000,0.000000,-1.849655,1.189219,-1.981930,-1.884810,-1.849916,1.189219,-1.981930,-1.885053,0.000000,0.000000,0.000000,0.000000,0.000000,0.000000,0.000000,0.000000,-1515.782837,348.049377,758.090515,1310.599854
27.1804,True,0.000000,0.000000,0.000000,0.000000,0.000000,0.000000,-1.849655,1.189413,-1.981930,-1.884810,-1.849655,1.189413,-1.981930,-1.884810,0.000000,0.000000,0.000000,0.000000,0.000000,0.000000,0.000000,0.000000,-1515.782837,348.049377,758.090515,1310.599854
27.2004,True,0.000000,0.000000,0.000000,0.000000,0.000000,0.000000,-1.849655,1.189607,-1.981930,-1.884810,-1.849655,1.189607,-1.981930,-1.884810,0.000000,0.000000,0.000000,0.000000,0.000000,0.000000,0.000000,0.000000,-1515.782837,348.049377,758.090515,1310.599854
27.2205,True,0.000000,0.000000,0.000000,0.000000,0.000000,0.000000,-1.849655,1.189413,-1.981930,-1.884810,-1.849655,1.189413,-1.981930,-1.884810,0.000000,0.000000,0.000000,0.000000,0.000000,0.000000,0.000000,0.000000,-1515.782837,348.049377,758.090515,1310.599854
27.2404,True,0.000000,0.000000,0.000000,0.000000,0.000000,0.000000,-1.849655,1.189413,-1.981930,-1.884810,-1.849655,1.189413,-1.981930,-1.884810,0.000000,0.000000,0.000000,0.000000,0.000000,0.000000,0.000000,0.000000,-1515.782837,348.049377,758.090515,1310.599854
27.2604,True,0.000000,0.000000,0.000000,0.000000,0.000000,0.000000,-1.849655,1.189413,-1.981930,-1.885053,-1.849655,1.189413,-1.981930,-1.885053,0.000000,0.000000,0.000000,0.000000,0.000000,0.000000,0.000000,0.000000,-1515.782837,348.049377,758.090515,1310.599854
27.2804,True,0.000000,0.000000,0.000000,0.000000,0.000000,0.000000,-1.849655,1.189413,-1.981930,-1.884810,-1.849655,1.189413,-1.981930,-1.884810,0.000000,0.000000,0.000000,0.000000,0.000000,0.000000,0.000000,0.000000,-1515.782837,348.049377,758.090515,1310.599854
27.3004,True,0.000000,0.000000,0.000000,0.000000,0.000000,0.000000,-1.849394,1.189800,-1.981930,-1.885053,-1.849394,1.189607,-1.981930,-1.885053,0.000000,0.000000,0.000000,0.000000,0.000000,0.000000,0.000000,0.000000,-1515.782837,348.049377,758.090515,1310.599854
27.3204,True,0.000000,0.000000,0.000000,0.000000,0.000000,0.000000,-1.849655,1.189413,-1.981930,-1.885053,-1.850035,1.189219,-1.981930,-1.885053,0.000000,0.000000,0.000000,0.000000,0.000000,0.000000,0.000000,0.000000,-1515.782837,348.049377,758.090515,1310.599854
27.3404,True,0.000000,0.000000,0.000000,0.000000,0.000000,0.000000,-1.849394,1.189413,-1.981930,-1.885218,-1.849394,1.189413,-1.981930,-1.885218,0.000000,0.000000,0.000000,0.000000,0.000000,0.000000,0.000000,0.000000,-1515.782837,348.049377,758.090515,1310.599854
27.3604,True,0.000000,0.000000,0.000000,0.000000,0.000000,0.000000,-1.849655,1.189413,-1.981930,-1.884810,-1.849655,1.189413,-1.981930,-1.884810,0.000000,0.000000,0.000000,0.000000,0.000000,0.000000,0.000000,0.000000,-1515.782837,348.049377,758.090515,1310.599854
27.3805,True,0.000000,0.000000,0.000000,0.000000,0.000000,0.000000,-1.849655,1.189413,-1.981874,-1.884810,-1.849916,1.189413,-1.981874,-1.884810,0.000000,0.000000,0.000000,0.000000,0.000000,0.000000,0.000000,0.000000,-1515.782837,348.049377,758.090515,1310.599854
27.4004,True,0.000000,0.000000,0.000000,0.000000,0.000000,0.000000,-1.849916,1.189413,-1.981986,-1.884810,-1.849916,1.189413,-1.981930,-1.884810,0.000000,0.000000,0.000000,0.000000,0.000000,0.000000,0.000000,0.000000,-1515.782837,348.049377,758.090515,1310.599854
27.4204,True,0.000000,0.000000,0.000000,0.000000,0.000000,0.000000,-1.849916,1.189413,-1.981930,-1.884810,-1.849916,1.189413,-1.981343,-1.884810,0.000000,0.000000,0.000000,0.000000,0.000000,0.000000,0.000000,0.000000,-1515.782837,348.049377,758.090515,1310.599854
27.4406,True,0.000000,0.000000,0.000000,0.000000,0.000000,0.000000,-1.849916,1.189413,-1.981986,-1.884810,-1.849655,1.189413,-1.981399,-1.885053,0.000000,0.000000,0.000000,0.000000,0.000000,0.000000,0.000000,0.000000,-1515.782837,348.049377,758.090515,1310.599854
27.4604,True,0.000000,0.000000,0.000000,0.000000,0.000000,0.000000,-1.849916,1.189413,-1.981930,-1.885053,-1.849916,1.189413,-1.981343,-1.885053,0.000000,0.000000,0.000000,0.000000,0.000000,0.000000,0.000000,0.000000,-1515.782837,348.049377,758.090515,1310.599854
27.4804,True,0.000000,0.000000,0.000000,0.000000,0.000000,0.000000,-1.849916,1.189413,-1.981930,-1.884810,-1.849916,1.189413,-1.981343,-1.884810,0.000000,0.000000,0.000000,0.000000,0.000000,0.000000,0.000000,0.000000,-1515.782837,348.049377,758.090515,1310.599854
27.5004,True,0.000000,0.000000,0.000000,0.000000,0.000000,0.000000,-1.849916,1.189413,-1.981874,-1.884810,-1.849916,1.189413,-1.981874,-1.884810,0.000000,0.000000,0.000000,0.000000,0.000000,0.000000,0.000000,0.000000,-1515.782837,348.049377,758.090515,1310.599854
27.5204,True,0.000000,0.000000,0.000000,0.000000,0.000000,0.000000,-1.849916,1.189413,-1.981930,-1.885053,-1.849916,1.189413,-1.981986,-1.885218,0.000000,0.000000,0.000000,0.000000,0.000000,0.000000,0.000000,0.000000,-1515.782837,348.049377,758.090515,1310.599854
27.5404,True,0.000000,0.000000,0.000000,0.000000,0.000000,0.000000,-1.849655,1.189413,-1.981343,-1.885218,-1.849655,1.189413,-1.982041,-1.885218,0.000000,0.000000,0.000000,0.000000,0.000000,0.000000,0.000000,0.000000,-1515.782837,348.049377,758.090515,1310.599854
27.5604,True,0.000000,0.000000,0.000000,0.000000,0.000000,0.000000,-1.849655,1.189413,-1.981343,-1.884565,-1.849655,1.189413,-1.981930,-1.884565,0.000000,0.000000,0.000000,0.000000,0.000000,0.000000,0.000000,0.000000,-1515.782837,348.049377,758.090515,1310.599854
27.5804,True,0.000000,0.000000,0.000000,0.000000,0.000000,0.000000,-1.849655,1.189413,-1.981930,-1.885218,-1.849655,1.189413,-1.981343,-1.885218,0.000000,0.000000,0.000000,0.000000,0.000000,0.000000,0.000000,0.000000,-1515.782837,348.049377,758.090515,1310.599854
27.6004,True,0.000000,0.000000,0.000000,0.000000,0.000000,0.000000,-1.849394,1.189413,-1.981930,-1.884810,-1.849655,1.189413,-1.981930,-1.885218,0.000000,0.000000,0.000000,0.000000,0.000000,0.000000,0.000000,0.000000,-1515.782837,348.049377,758.090515,1310.599854
27.6204,True,0.000000,0.000000,0.000000,0.000000,0.000000,0.000000,-1.849655,1.189413,-1.981930,-1.885218,-1.849655,1.189413,-1.981930,-1.885218,0.000000,0.000000,0.000000,0.000000,0.000000,0.000000,0.000000,0.000000,-1515.782837,348.049377,758.090515,1310.599854
27.6404,True,0.000000,0.000000,0.000000,0.000000,0.000000,0.000000,-1.849655,1.189413,-1.981930,-1.885218,-1.849655,1.189413,-1.981930,-1.885218,0.000000,0.000000,0.000000,0.000000,0.000000,0.000000,0.000000,0.000000,-1515.782837,348.049377,758.090515,1310.599854
27.6605,True,0.000000,0.000000,0.000000,0.000000,0.000000,0.000000,-1.849655,1.189413,-1.981930,-1.885218,-1.850035,1.189413,-1.981930,-1.885218,0.000000,0.000000,0.000000,0.000000,0.000000,0.000000,0.000000,0.000000,-1515.782837,348.049377,758.090515,1310.599854
27.6804,True,0.000000,0.000000,0.000000,0.000000,0.000000,0.000000,-1.849916,1.189413,-1.981930,-1.885218,-1.849916,1.189413,-1.981930,-1.884810,0.000000,0.000000,0.000000,0.000000,0.000000,0.000000,0.000000,0.000000,-1515.782837,348.049377,758.090515,1310.599854
27.7004,True,0.000000,0.000000,0.000000,0.000000,0.000000,0.000000,-1.849537,1.189413,-1.981874,-1.885218,-1.849916,1.189413,-1.981930,-1.885218,0.000000,0.000000,0.000000,0.000000,0.000000,0.000000,0.000000,0.000000,-1515.782837,348.049377,758.090515,1310.599854
27.7206,True,0.000000,0.000000,0.000000,0.000000,0.000000,0.000000,-1.849655,1.189413,-1.981986,-1.885218,-1.849655,1.189413,-1.981930,-1.885218,0.000000,0.000000,0.000000,0.000000,0.000000,0.000000,0.000000,0.000000,-1515.782837,348.049377,758.090515,1310.599854
27.7404,True,0.000000,0.000000,0.000000,0.000000,0.000000,0.000000,-1.849655,1.189413,-1.981874,-1.885053,-1.849655,1.189413,-1.981930,-1.885053,0.000000,0.000000,0.000000,0.000000,0.000000,0.000000,0.000000,0.000000,-1515.782837,348.049377,758.090515,1310.599854
27.7604,True,0.000000,0.000000,0.000000,0.000000,0.000000,0.000000,-1.849655,1.189413,-1.981874,-1.884810,-1.849655,1.189413,-1.981874,-1.884810,0.000000,0.000000,0.000000,0.000000,0.000000,0.000000,0.000000,0.000000,-1515.782837,348.049377,758.090515,1310.599854
27.7804,True,0.000000,0.000000,0.000000,0.000000,0.000000,0.000000,-1.849655,1.189413,-1.981874,-1.885462,-1.849655,1.189413,-1.981874,-1.885462,0.000000,0.000000,0.000000,0.000000,0.000000,0.000000,0.000000,0.000000,-1515.782837,348.049377,758.090515,1310.599854
27.8004,True,0.000000,0.000000,0.000000,0.000000,0.000000,0.000000,-1.849655,1.189413,-1.981930,-1.885053,-1.849655,1.189413,-1.981874,-1.885053,0.000000,0.000000,0.000000,0.000000,0.000000,0.000000,0.000000,0.000000,-1515.782837,348.049377,758.090515,1310.599854
27.8204,True,0.000000,0.000000,0.000000,0.000000,0.000000,0.000000,-1.849655,1.189413,-1.981930,-1.885053,-1.850035,1.189413,-1.981930,-1.885053,0.000000,0.000000,0.000000,0.000000,0.000000,0.000000,0.000000,0.000000,-1515.782837,348.049377,758.090515,1310.599854
27.8404,True,0.000000,0.000000,0.000000,0.000000,0.000000,0.000000,-1.849655,1.189413,-1.981930,-1.884810,-1.849655,1.189413,-1.981930,-1.884810,0.000000,0.000000,0.000000,0.000000,0.000000,0.000000,0.000000,0.000000,-1515.782837,348.049377,758.090515,1310.599854
27.8606,True,0.000000,0.000000,0.000000,0.000000,0.000000,0.000000,-1.849655,1.189413,-1.981930,-1.884810,-1.849655,1.189413,-1.981930,-1.884810,0.000000,0.000000,0.000000,0.000000,0.000000,0.000000,0.000000,0.000000,-1515.782837,348.049377,758.090515,1310.599854
27.8804,True,0.000000,0.000000,0.000000,0.000000,0.000000,0.000000,-1.849655,1.189413,-1.981930,-1.884810,-1.849655,1.189413,-1.981930,-1.884810,0.000000,0.000000,0.000000,0.000000,0.000000,0.000000,0.000000,0.000000,-1515.782837,348.049377,758.090515,1310.599854
27.9004,True,0.000000,0.000000,0.000000,0.000000,0.000000,0.000000,-1.849916,1.189413,-1.981930,-1.885218,-1.849916,1.189219,-1.981930,-1.885218,0.000000,0.000000,0.000000,0.000000,0.000000,0.000000,0.000000,0.000000,-1515.782837,348.049377,758.090515,1310.599854
27.9204,True,0.000000,0.000000,0.000000,0.000000,0.000000,0.000000,-1.849916,1.189219,-1.981986,-1.884810,-1.849916,1.189413,-1.981986,-1.884810,0.000000,0.000000,0.000000,0.000000,0.000000,0.000000,0.000000,0.000000,-1515.782837,348.049377,758.090515,1310.599854
27.9404,True,0.000000,0.000000,0.000000,0.000000,0.000000,0.000000,-1.849916,1.189413,-1.981930,-1.885053,-1.849916,1.189413,-1.981930,-1.885053,0.000000,0.000000,0.000000,0.000000,0.000000,0.000000,0.000000,0.000000,-1515.782837,348.049377,758.090515,1310.599854
27.9604,True,0.000000,0.000000,0.000000,0.000000,0.000000,0.000000,-1.849916,1.189219,-1.981986,-1.885462,-1.849916,1.189413,-1.981986,-1.885462,0.000000,0.000000,0.000000,0.000000,0.000000,0.000000,0.000000,0.000000,-1515.782837,348.049377,758.090515,1310.599854
27.9804,True,0.000000,0.000000,0.000000,0.000000,0.000000,0.000000,-1.849655,1.189868,-1.981986,-1.884810,-1.850035,1.189413,-1.981986,-1.884810,0.000000,0.000000,0.000000,0.000000,0.000000,0.000000,0.000000,0.000000,-1515.782837,348.049377,758.090515,1310.599854
28.0006,True,0.000000,0.000000,0.000000,0.000000,0.000000,0.000000,-1.849655,1.189413,-1.981930,-1.884810,-1.849916,1.189413,-1.981930,-1.884810,0.000000,0.000000,0.000000,0.000000,0.000000,0.000000,0.000000,0.000000,-1515.782837,348.049377,758.090515,1310.599854
28.0204,True,0.000000,0.000000,0.000000,0.000000,0.000000,0.000000,-1.849655,1.189219,-1.981930,-1.885053,-1.849537,1.189219,-1.981930,-1.885053,0.000000,0.000000,0.000000,0.000000,0.000000,0.000000,0.000000,0.000000,-1515.782837,348.049377,758.090515,1310.599854
28.0403,True,0.000000,0.000000,0.000000,0.000000,0.000000,0.000000,-1.849655,1.189219,-1.981930,-1.885462,-1.850178,1.189413,-1.981930,-1.885462,0.000000,0.000000,0.000000,0.000000,0.000000,0.000000,0.000000,0.000000,-1515.782837,348.049377,758.090515,1310.599854
28.0605,True,0.000000,0.000000,0.000000,0.000000,0.000000,0.000000,-1.849916,1.189413,-1.981343,-1.884810,-1.849916,1.189413,-1.981343,-1.884810,0.000000,0.000000,0.000000,0.000000,0.000000,0.000000,0.000000,0.000000,-1515.782837,348.049377,758.090515,1310.599854
28.0804,True,0.000000,0.000000,0.000000,0.000000,0.000000,0.000000,-1.849916,1.189674,-1.981874,-1.884974,-1.849916,1.189674,-1.981874,-1.884974,0.000000,0.000000,0.000000,0.000000,0.000000,0.000000,0.000000,0.000000,-1515.782837,348.049377,758.090515,1310.599854
28.1004,True,0.000000,0.000000,0.000000,0.000000,0.000000,0.000000,-1.850178,1.189219,-1.981986,-1.885218,-1.849916,1.189868,-1.981986,-1.885053,0.000000,0.000000,0.000000,0.000000,0.000000,0.000000,0.000000,0.000000,-1515.782837,348.049377,758.090515,1310.599854
28.1204,True,0.000000,0.000000,0.000000,0.000000,0.000000,0.000000,-1.849916,1.189219,-1.981986,-1.885053,-1.849916,1.189219,-1.981986,-1.885053,0.000000,0.000000,0.000000,0.000000,0.000000,0.000000,0.000000,0.000000,-1515.782837,348.049377,758.090515,1310.599854
28.1403,True,0.000000,0.000000,0.000000,0.000000,0.000000,0.000000,-1.849916,1.189413,-1.981930,-1.885053,-1.849916,1.189674,-1.981930,-1.885053,0.000000,0.000000,0.000000,0.000000,0.000000,0.000000,0.000000,0.000000,-1515.782837,348.049377,758.090515,1310.599854
28.1604,True,0.000000,0.000000,0.000000,0.000000,0.000000,0.000000,-1.849655,1.189219,-1.981930,-1.885053,-1.849655,1.189219,-1.981930,-1.884810,0.000000,0.000000,0.000000,0.000000,0.000000,0.000000,0.000000,0.000000,-1515.782837,348.049377,758.090515,1310.599854
28.1804,True,0.000000,0.000000,0.000000,0.000000,0.000000,0.000000,-1.849655,1.189413,-1.981986,-1.885462,-1.849655,1.189413,-1.981930,-1.885462,0.000000,0.000000,0.000000,0.000000,0.000000,0.000000,0.000000,0.000000,-1515.782837,348.049377,758.090515,1310.599854
28.2004,True,0.000000,0.000000,0.000000,0.000000,0.000000,0.000000,-1.849655,1.189219,-1.981930,-1.885053,-1.849655,1.189219,-1.981930,-1.885053,0.000000,0.000000,0.000000,0.000000,0.000000,0.000000,0.000000,0.000000,-1515.782837,348.049377,758.090515,1310.599854
28.2204,True,0.000000,0.000000,0.000000,0.000000,0.000000,0.000000,-1.849655,1.189219,-1.981930,-1.885218,-1.849655,1.189219,-1.981930,-1.885218,0.000000,0.000000,0.000000,0.000000,0.000000,0.000000,0.000000,0.000000,-1515.782837,348.049377,758.090515,1310.599854
28.2404,True,0.000000,0.000000,0.000000,0.000000,0.000000,0.000000,-1.849655,1.189219,-1.981930,-1.885462,-1.849655,1.189219,-1.981930,-1.885462,0.000000,0.000000,0.000000,0.000000,0.000000,0.000000,0.000000,0.000000,-1515.782837,348.049377,758.090515,1310.599854
28.2604,True,0.000000,0.000000,0.000000,0.000000,0.000000,0.000000,-1.849655,1.189868,-1.981930,-1.885053,-1.849916,1.189674,-1.981930,-1.885053,0.000000,0.000000,0.000000,0.000000,0.000000,0.000000,0.000000,0.000000,-1515.782837,348.049377,758.090515,1310.599854
28.2805,True,0.000000,0.000000,0.000000,0.000000,0.000000,0.000000,-1.849916,1.189219,-1.981930,-1.885053,-1.849916,1.189219,-1.981930,-1.885218,0.000000,0.000000,0.000000,0.000000,0.000000,0.000000,0.000000,0.000000,-1515.782837,348.049377,758.090515,1310.599854
28.3004,True,0.000000,0.000000,0.000000,0.000000,0.000000,0.000000,-1.849916,1.189025,-1.981930,-1.884810,-1.849916,1.189868,-1.981930,-1.884810,0.000000,0.000000,0.000000,0.000000,0.000000,0.000000,0.000000,0.000000,-1515.782837,348.049377,758.090515,1310.599854
28.3204,True,0.000000,0.000000,0.000000,0.000000,0.000000,0.000000,-1.849916,1.189674,-1.981930,-1.884810,-1.849916,1.189674,-1.981343,-1.884401,0.000000,0.000000,0.000000,0.000000,0.000000,0.000000,0.000000,0.000000,-1515.782837,348.049377,758.090515,1310.599854
28.3405,True,0.000000,0.000000,0.000000,0.000000,0.000000,0.000000,-1.849916,1.189413,-1.981986,-1.884810,-1.849916,1.189413,-1.981986,-1.884810,0.000000,0.000000,0.000000,0.000000,0.000000,0.000000,0.000000,0.000000,-1515.782837,348.049377,758.090515,1310.599854
28.3604,True,0.000000,0.000000,0.000000,0.000000,0.000000,0.000000,-1.849916,1.189413,-1.981930,-1.884810,-1.849916,1.189413,-1.981930,-1.884810,0.000000,0.000000,0.000000,0.000000,0.000000,0.000000,0.000000,0.000000,-1515.782837,348.049377,758.090515,1310.599854
28.3804,True,0.000000,0.000000,0.000000,0.000000,0.000000,0.000000,-1.849916,1.189413,-1.981930,-1.884810,-1.849916,1.189413,-1.981930,-1.884810,0.000000,0.000000,0.000000,0.000000,0.000000,0.000000,0.000000,0.000000,-1515.782837,348.049377,758.090515,1310.599854
28.4004,True,0.000000,0.000000,0.000000,0.000000,0.000000,0.000000,-1.849916,1.189413,-1.981930,-1.884810,-1.849916,1.189413,-1.981930,-1.884810,0.000000,0.000000,0.000000,0.000000,0.000000,0.000000,0.000000,0.000000,-1515.782837,348.049377,758.090515,1310.599854
28.4206,True,0.000000,0.000000,0.000000,0.000000,0.000000,0.000000,-1.849655,1.189413,-1.981930,-1.884810,-1.849655,1.189413,-1.981930,-1.884810,0.000000,0.000000,0.000000,0.000000,0.000000,0.000000,0.000000,0.000000,-1515.782837,348.049377,758.090515,1310.599854
28.4404,True,0.000000,0.000000,0.000000,0.000000,0.000000,0.000000,-1.849655,1.189413,-1.981930,-1.884810,-1.849655,1.189413,-1.981930,-1.884810,0.000000,0.000000,0.000000,0.000000,0.000000,0.000000,0.000000,0.000000,-1515.782837,348.049377,758.090515,1310.599854
28.4604,True,0.000000,0.000000,0.000000,0.000000,0.000000,0.000000,-1.849655,1.189413,-1.981874,-1.884810,-1.849655,1.189413,-1.981874,-1.884810,0.000000,0.000000,0.000000,0.000000,0.000000,0.000000,0.000000,0.000000,-1515.782837,348.049377,758.090515,1310.599854
28.4804,True,0.000000,0.000000,0.000000,0.000000,0.000000,0.000000,-1.849916,1.189413,-1.981874,-1.884810,-1.849655,1.189413,-1.981874,-1.884810,0.000000,0.000000,0.000000,0.000000,0.000000,0.000000,0.000000,0.000000,-1515.782837,348.049377,758.090515,1310.599854
28.5005,True,0.000000,0.000000,0.000000,0.000000,0.000000,0.000000,-1.849655,1.189413,-1.981986,-1.884810,-1.850035,1.189413,-1.981930,-1.884810,0.000000,0.000000,0.000000,0.000000,0.000000,0.000000,0.000000,0.000000,-1515.782837,348.049377,758.090515,1310.599854
28.5204,True,0.000000,0.000000,0.000000,0.000000,0.000000,0.000000,-1.849655,1.189413,-1.981930,-1.884810,-1.849655,1.189413,-1.981874,-1.884810,0.000000,0.000000,0.000000,0.000000,0.000000,0.000000,0.000000,0.000000,-1515.782837,348.049377,758.090515,1310.599854
28.5404,True,0.000000,0.000000,0.000000,0.000000,0.000000,0.000000,-1.849655,1.189219,-1.981986,-1.884810,-1.849655,1.189219,-1.981930,-1.884810,0.000000,0.000000,0.000000,0.000000,0.000000,0.000000,0.000000,0.000000,-1515.782837,348.049377,758.090515,1310.599854
28.5606,True,0.000000,0.000000,0.000000,0.000000,0.000000,0.000000,-1.849655,1.189413,-1.981986,-1.884810,-1.849655,1.189219,-1.981986,-1.884810,0.000000,0.000000,0.000000,0.000000,0.000000,0.000000,0.000000,0.000000,-1515.782837,348.049377,758.090515,1310.599854
28.5804,True,0.000000,0.000000,0.000000,0.000000,0.000000,0.000000,-1.849655,1.189413,-1.981930,-1.884810,-1.850035,1.189413,-1.981930,-1.884810,0.000000,0.000000,0.000000,0.000000,0.000000,0.000000,0.000000,0.000000,-1515.782837,348.049377,758.090515,1310.599854
28.6004,True,0.000000,0.000000,0.000000,0.000000,0.000000,0.000000,-1.849655,1.189219,-1.981930,-1.884810,-1.849655,1.189219,-1.981930,-1.884810,0.000000,0.000000,0.000000,0.000000,0.000000,0.000000,0.000000,0.000000,-1515.782837,348.049377,758.090515,1310.599854
28.6206,True,0.000000,0.000000,0.000000,0.000000,0.000000,0.000000,-1.849655,1.189219,-1.981986,-1.884810,-1.849655,1.189219,-1.981343,-1.884810,0.000000,0.000000,0.000000,0.000000,0.000000,0.000000,0.000000,0.000000,-1515.782837,348.049377,758.090515,1310.599854
28.6404,True,0.000000,0.000000,0.000000,0.000000,0.000000,0.000000,-1.849916,1.189413,-1.981343,-1.884810,-1.849916,1.189413,-1.981343,-1.884810,0.000000,0.000000,0.000000,0.000000,0.000000,0.000000,0.000000,0.000000,-1515.782837,348.049377,758.090515,1310.599854
28.6604,True,0.000000,0.000000,0.000000,0.000000,0.000000,0.000000,-1.849916,1.189219,-1.981930,-1.884810,-1.849916,1.189219,-1.981930,-1.884810,0.000000,0.000000,0.000000,0.000000,0.000000,0.000000,0.000000,0.000000,-1515.782837,348.049377,758.090515,1310.599854
28.6804,True,0.000000,0.000000,0.000000,0.000000,0.000000,0.000000,-1.849916,1.189219,-1.981930,-1.884810,-1.849916,1.189219,-1.981930,-1.884810,0.000000,0.000000,0.000000,0.000000,0.000000,0.000000,0.000000,0.000000,-1515.782837,348.049377,758.090515,1310.599854
28.7004,True,0.000000,0.000000,0.000000,0.000000,0.000000,0.000000,-1.849916,1.189219,-1.981930,-1.884810,-1.849916,1.189219,-1.981930,-1.884810,0.000000,0.000000,0.000000,0.000000,0.000000,0.000000,0.000000,0.000000,-1515.782837,348.049377,758.090515,1310.599854
28.7204,True,0.000000,0.000000,0.000000,0.000000,0.000000,0.000000,-1.849916,1.189219,-1.981930,-1.884810,-1.849916,1.189219,-1.981986,-1.884810,0.000000,0.000000,0.000000,0.000000,0.000000,0.000000,0.000000,0.000000,-1515.782837,348.049377,758.090515,1310.599854
28.7404,True,0.000000,0.000000,0.000000,0.000000,0.000000,0.000000,-1.849916,1.189413,-1.981930,-1.884810,-1.849916,1.189413,-1.981986,-1.884810,0.000000,0.000000,0.000000,0.000000,0.000000,0.000000,0.000000,0.000000,-1515.782837,348.049377,758.090515,1310.599854
28.7604,True,0.000000,0.000000,0.000000,0.000000,0.000000,0.000000,-1.849916,1.189413,-1.981986,-1.884810,-1.849916,1.189413,-1.981986,-1.884810,0.000000,0.000000,0.000000,0.000000,0.000000,0.000000,0.000000,0.000000,-1515.782837,348.049377,758.090515,1310.599854
28.7804,True,0.000000,0.000000,0.000000,0.000000,0.000000,0.000000,-1.849655,1.189219,-1.981986,-1.884810,-1.849655,1.189219,-1.981986,-1.884810,0.000000,0.000000,0.000000,0.000000,0.000000,0.000000,0.000000,0.000000,-1515.782837,348.049377,758.090515,1310.599854
28.8004,True,0.000000,0.000000,0.000000,0.000000,0.000000,0.000000,-1.849655,1.189219,-1.981986,-1.884810,-1.849916,1.189219,-1.981986,-1.884810,0.000000,0.000000,0.000000,0.000000,0.000000,0.000000,0.000000,0.000000,-1515.782837,348.049377,758.090515,1310.599854
28.8204,True,0.000000,0.000000,0.000000,0.000000,0.000000,0.000000,-1.849655,1.189219,-1.981930,-1.884810,-1.849916,1.189219,-1.981930,-1.884810,0.000000,0.000000,0.000000,0.000000,0.000000,0.000000,0.000000,0.000000,-1515.782837,348.049377,758.090515,1310.599854
28.8404,True,0.000000,0.000000,0.000000,0.000000,0.000000,0.000000,-1.850035,1.189219,-1.981930,-1.884810,-1.849655,1.189413,-1.981930,-1.884810,0.000000,0.000000,0.000000,0.000000,0.000000,0.000000,0.000000,0.000000,-1515.782837,348.049377,758.090515,1310.599854
28.8604,True,0.000000,0.000000,0.000000,0.000000,0.000000,0.000000,-1.849916,1.189413,-1.981930,-1.884810,-1.849916,1.189413,-1.981986,-1.884810,0.000000,0.000000,0.000000,0.000000,0.000000,0.000000,0.000000,0.000000,-1515.782837,348.049377,758.090515,1310.599854
28.8804,True,0.000000,0.000000,0.000000,0.000000,0.000000,0.000000,-1.849655,1.189413,-1.981986,-1.884810,-1.849916,1.189413,-1.981986,-1.884810,0.000000,0.000000,0.000000,0.000000,0.000000,0.000000,0.000000,0.000000,-1515.782837,348.049377,758.090515,1310.599854
28.9004,True,0.000000,0.000000,0.000000,0.000000,0.000000,0.000000,-1.849916,1.189413,-1.981986,-1.885462,-1.849537,1.189413,-1.981986,-1.885462,0.000000,0.000000,0.000000,0.000000,0.000000,0.000000,0.000000,0.000000,-1515.782837,348.049377,758.090515,1310.599854
28.9204,True,0.000000,0.000000,0.000000,0.000000,0.000000,0.000000,-1.849916,1.189413,-1.981986,-1.885053,-1.849916,1.189413,-1.981986,-1.885053,0.000000,0.000000,0.000000,0.000000,0.000000,0.000000,0.000000,0.000000,-1515.782837,348.049377,758.090515,1310.599854
28.9404,True,0.000000,0.000000,0.000000,0.000000,0.000000,0.000000,-1.849916,1.189413,-1.981986,-1.884645,-1.849916,1.189413,-1.981986,-1.884645,0.000000,0.000000,0.000000,0.000000,0.000000,0.000000,0.000000,0.000000,-1515.782837,348.049377,758.090515,1310.599854
28.9604,True,0.000000,0.000000,0.000000,0.000000,0.000000,0.000000,-1.849916,1.189413,-1.981986,-1.884810,-1.849916,1.189413,-1.981986,-1.885462,0.000000,0.000000,0.000000,0.000000,0.000000,0.000000,0.000000,0.000000,-1515.782837,348.049377,758.090515,1310.599854
28.9805,True,0.000000,0.000000,0.000000,0.000000,0.000000,0.000000,-1.849655,1.189413,-1.981986,-1.885297,-1.849655,1.189413,-1.981986,-1.884401,0.000000,0.000000,0.000000,0.000000,0.000000,0.000000,0.000000,0.000000,-1515.782837,348.049377,758.090515,1310.599854
29.0004,True,0.000000,0.000000,0.000000,0.000000,0.000000,0.000000,-1.849916,1.189413,-1.981986,-1.885053,-1.849916,1.189413,-1.981986,-1.885053,0.000000,0.000000,0.000000,0.000000,0.000000,0.000000,0.000000,0.000000,-1515.782837,348.049377,758.090515,1310.599854
29.0204,True,0.000000,0.000000,0.000000,0.000000,0.000000,0.000000,-1.849916,1.189413,-1.981930,-1.885053,-1.849916,1.189413,-1.981930,-1.885053,0.000000,0.000000,0.000000,0.000000,0.000000,0.000000,0.000000,0.000000,-1515.782837,348.049377,758.090515,1310.599854
29.0404,True,0.000000,0.000000,0.000000,0.000000,0.000000,0.000000,-1.849916,1.189413,-1.981986,-1.885053,-1.849916,1.189413,-1.981986,-1.885053,0.000000,0.000000,0.000000,0.000000,0.000000,0.000000,0.000000,0.000000,-1515.782837,348.049377,758.090515,1310.599854
29.0604,True,0.000000,0.000000,0.000000,0.000000,0.000000,0.000000,-1.849916,1.189413,-1.981986,-1.885053,-1.849916,1.189413,-1.981986,-1.885053,0.000000,0.000000,0.000000,0.000000,0.000000,0.000000,0.000000,0.000000,-1515.782837,348.049377,758.090515,1310.599854
29.0806,True,0.000000,0.000000,0.000000,0.000000,0.000000,0.000000,-1.849916,1.189413,-1.981930,-1.885053,-1.849655,1.189413,-1.981930,-1.885053,0.000000,0.000000,0.000000,0.000000,0.000000,0.000000,0.000000,0.000000,-1515.782837,348.049377,758.090515,1310.599854
29.1004,True,0.000000,0.000000,0.000000,0.000000,0.000000,0.000000,-1.850178,1.189413,-1.981986,-1.885053,-1.850178,1.189413,-1.981986,-1.885053,0.000000,0.000000,0.000000,0.000000,0.000000,0.000000,0.000000,0.000000,-1515.782837,348.049377,758.090515,1310.599854
29.1204,True,0.000000,0.000000,0.000000,0.000000,0.000000,0.000000,-1.849916,1.189413,-1.981930,-1.885053,-1.849916,1.189413,-1.981930,-1.885053,0.000000,0.000000,0.000000,0.000000,0.000000,0.000000,0.000000,0.000000,-1515.782837,348.049377,758.090515,1310.599854
29.1407,True,0.000000,0.000000,0.000000,0.000000,0.000000,0.000000,-1.849916,1.189413,-1.981986,-1.885053,-1.849537,1.189413,-1.981986,-1.885053,0.000000,0.000000,0.000000,0.000000,0.000000,0.000000,0.000000,0.000000,-1515.782837,348.049377,758.090515,1310.599854
29.1604,True,0.000000,0.000000,0.000000,0.000000,0.000000,0.000000,-1.849655,1.189413,-1.981343,-1.885053,-1.849655,1.189413,-1.981986,-1.885053,0.000000,0.000000,0.000000,0.000000,0.000000,0.000000,0.000000,0.000000,-1515.782837,348.049377,758.090515,1310.599854
29.1804,True,0.000000,0.000000,0.000000,0.000000,0.000000,0.000000,-1.849655,1.189413,-1.981986,-1.884645,-1.849916,1.189413,-1.981986,-1.884810,0.000000,0.000000,0.000000,0.000000,0.000000,0.000000,0.000000,0.000000,-1515.782837,348.049377,758.090515,1310.599854
29.2005,True,0.000000,0.000000,0.000000,0.000000,0.000000,0.000000,-1.849655,1.189413,-1.981986,-1.885462,-1.849655,1.189413,-1.981986,-1.885462,0.000000,0.000000,0.000000,0.000000,0.000000,0.000000,0.000000,0.000000,-1515.782837,348.049377,758.090515,1310.599854
29.2204,True,0.000000,0.000000,0.000000,0.000000,0.000000,0.000000,-1.849916,1.189413,-1.981986,-1.885053,-1.849916,1.189413,-1.981986,-1.885053,0.000000,0.000000,0.000000,0.000000,0.000000,0.000000,0.000000,0.000000,-1515.782837,348.049377,758.090515,1310.599854
29.2404,True,0.000000,0.000000,0.000000,0.000000,0.000000,0.000000,-1.849916,1.189413,-1.981986,-1.885053,-1.849537,1.189413,-1.981986,-1.885053,0.000000,0.000000,0.000000,0.000000,0.000000,0.000000,0.000000,0.000000,-1515.782837,348.049377,758.090515,1310.599854
29.2605,True,0.000000,0.000000,0.000000,0.000000,0.000000,0.000000,-1.849916,1.189413,-1.981986,-1.885053,-1.849916,1.189413,-1.981986,-1.885053,0.000000,0.000000,0.000000,0.000000,0.000000,0.000000,0.000000,0.000000,-1515.782837,348.049377,758.090515,1310.599854
29.2804,True,0.000000,0.000000,0.000000,0.000000,0.000000,0.000000,-1.849655,1.189413,-1.981986,-1.884810,-1.849916,1.189413,-1.981986,-1.885053,0.000000,0.000000,0.000000,0.000000,0.000000,0.000000,0.000000,0.000000,-1515.782837,348.049377,758.090515,1310.599854
29.3004,True,0.000000,0.000000,0.000000,0.000000,0.000000,0.000000,-1.849916,1.189413,-1.981986,-1.885053,-1.849916,1.189413,-1.981874,-1.884645,0.000000,0.000000,0.000000,0.000000,0.000000,0.000000,0.000000,0.000000,-1515.782837,348.049377,758.090515,1310.599854
29.3204,True,0.000000,0.000000,0.000000,0.000000,0.000000,0.000000,-1.849916,1.189413,-1.981986,-1.885053,-1.849916,1.189413,-1.981986,-1.885053,0.000000,0.000000,0.000000,0.000000,0.000000,0.000000,0.000000,0.000000,-1515.782837,348.049377,758.090515,1310.599854
29.3404,True,0.000000,0.000000,0.000000,0.000000,0.000000,0.000000,-1.850178,1.189413,-1.981930,-1.885053,-1.849916,1.189413,-1.981930,-1.885053,0.000000,0.000000,0.000000,0.000000,0.000000,0.000000,0.000000,0.000000,-1515.782837,348.049377,758.090515,1310.599854
29.3604,True,0.000000,0.000000,0.000000,0.000000,0.000000,0.000000,-1.849655,1.189413,-1.981930,-1.885297,-1.849655,1.189413,-1.981930,-1.885297,0.000000,0.000000,0.000000,0.000000,0.000000,0.000000,0.000000,0.000000,-1515.782837,348.049377,758.090515,1310.599854
29.3804,True,0.000000,0.000000,0.000000,0.000000,0.000000,0.000000,-1.850178,1.189413,-1.981930,-1.885218,-1.850178,1.189413,-1.981930,-1.885218,0.000000,0.000000,0.000000,0.000000,0.000000,0.000000,0.000000,0.000000,-1515.782837,348.049377,758.090515,1310.599854
29.4004,True,0.000000,0.000000,0.000000,0.000000,0.000000,0.000000,-1.849655,1.189413,-1.981930,-1.885053,-1.849537,1.189607,-1.981930,-1.885053,0.000000,0.000000,0.000000,0.000000,0.000000,0.000000,0.000000,0.000000,-1515.782837,348.049377,758.090515,1310.599854
29.4205,True,0.000000,0.000000,0.000000,0.000000,0.000000,0.000000,-1.849916,1.189413,-1.981930,-1.885462,-1.849916,1.189413,-1.981986,-1.885218,0.000000,0.000000,0.000000,0.000000,0.000000,0.000000,0.000000,0.000000,-1515.782837,348.049377,758.090515,1310.599854
29.4404,True,0.000000,0.000000,0.000000,0.000000,0.000000,0.000000,-1.849655,1.189413,-1.981930,-1.885053,-1.849655,1.189219,-1.981930,-1.885053,0.000000,0.000000,0.000000,0.000000,0.000000,0.000000,0.000000,0.000000,-1515.782837,348.049377,758.090515,1310.599854
29.4604,True,0.000000,0.000000,0.000000,0.000000,0.000000,0.000000,-1.849916,1.189607,-1.981986,-1.885053,-1.849916,1.189219,-1.981986,-1.885053,0.000000,0.000000,0.000000,0.000000,0.000000,0.000000,0.000000,0.000000,-1515.782837,348.049377,758.090515,1310.599854
29.4806,True,0.000000,0.000000,0.000000,0.000000,0.000000,0.000000,-1.850178,1.189413,-1.981930,-1.885053,-1.849916,1.189413,-1.981986,-1.884810,0.000000,0.000000,0.000000,0.000000,0.000000,0.000000,0.000000,0.000000,-1515.782837,348.049377,758.090515,1310.599854
29.5004,True,0.000000,0.000000,0.000000,0.000000,0.000000,0.000000,-1.849916,1.189607,-1.981930,-1.885053,-1.849916,1.189219,-1.981930,-1.885053,0.000000,0.000000,0.000000,0.000000,0.000000,0.000000,0.000000,0.000000,-1515.782837,348.049377,758.090515,1310.599854
29.5204,True,0.000000,0.000000,0.000000,0.000000,0.000000,0.000000,-1.849655,1.189219,-1.981930,-1.885053,-1.849655,1.189413,-1.981930,-1.884810,0.000000,0.000000,0.000000,0.000000,0.000000,0.000000,0.000000,0.000000,-1515.782837,348.049377,758.090515,1310.599854
29.5406,True,0.000000,0.000000,0.000000,0.000000,0.000000,0.000000,-1.849916,1.189413,-1.981874,-1.885053,-1.849916,1.189413,-1.981874,-1.885053,0.000000,0.000000,0.000000,0.000000,0.000000,0.000000,0.000000,0.000000,-1515.782837,348.049377,758.090515,1310.599854
29.5604,True,0.000000,0.000000,0.000000,0.000000,0.000000,0.000000,-1.849537,1.189413,-1.981874,-1.885053,-1.849537,1.189219,-1.981930,-1.885053,0.000000,0.000000,0.000000,0.000000,0.000000,0.000000,0.000000,0.000000,-1515.782837,348.049377,758.090515,1310.599854
29.5804,True,0.000000,0.000000,0.000000,0.000000,0.000000,0.000000,-1.849916,1.189025,-1.981930,-1.885053,-1.849537,1.189025,-1.981930,-1.885053,0.000000,0.000000,0.000000,0.000000,0.000000,0.000000,0.000000,0.000000,-1515.782837,348.049377,758.090515,1310.599854
29.6004,True,0.000000,0.000000,0.000000,0.000000,0.000000,0.000000,-1.850178,1.189219,-1.981930,-1.884810,-1.850178,1.189219,-1.981930,-1.884810,0.000000,0.000000,0.000000,0.000000,0.000000,0.000000,0.000000,0.000000,-1515.782837,348.049377,758.090515,1310.599854
29.6204,True,0.000000,0.000000,0.000000,0.000000,0.000000,0.000000,-1.849916,1.189219,-1.981930,-1.885053,-1.849916,1.189219,-1.981930,-1.885053,0.000000,0.000000,0.000000,0.000000,0.000000,0.000000,0.000000,0.000000,-1515.782837,348.049377,758.090515,1310.599854
29.6404,True,0.000000,0.000000,0.000000,0.000000,0.000000,0.000000,-1.849916,1.189219,-1.981930,-1.885053,-1.849537,1.189219,-1.981930,-1.885462,0.000000,0.000000,0.000000,0.000000,0.000000,0.000000,0.000000,0.000000,-1515.782837,348.049377,758.090515,1310.599854
29.6605,True,0.000000,0.000000,0.000000,0.000000,0.000000,0.000000,-1.849655,1.189607,-1.981986,-1.884810,-1.849655,1.189219,-1.981930,-1.884810,0.000000,0.000000,0.000000,0.000000,0.000000,0.000000,0.000000,0.000000,-1515.782837,348.049377,758.090515,1310.599854
29.6805,True,0.000000,0.000000,0.000000,0.000000,0.000000,0.000000,-1.849916,1.189219,-1.981930,-1.884810,-1.849916,1.189868,-1.981930,-1.884810,0.000000,0.000000,0.000000,0.000000,0.000000,0.000000,0.000000,0.000000,-1515.782837,348.049377,758.090515,1310.599854
29.7005,True,0.000000,0.000000,0.000000,0.000000,0.000000,0.000000,-1.849394,1.189674,-1.981874,-1.885053,-1.849916,1.189219,-1.981874,-1.885053,0.000000,0.000000,0.000000,0.000000,0.000000,0.000000,0.000000,0.000000,-1515.782837,348.049377,758.090515,1310.599854
29.7205,True,0.000000,0.000000,0.000000,0.000000,0.000000,0.000000,-1.850178,1.189219,-1.981986,-1.884810,-1.850178,1.189219,-1.981930,-1.884810,0.000000,0.000000,0.000000,0.000000,0.000000,0.000000,0.000000,0.000000,-1515.782837,348.049377,758.090515,1310.599854
29.7404,True,0.000000,0.000000,0.000000,0.000000,0.000000,0.000000,-1.850178,1.189219,-1.981986,-1.885053,-1.850178,1.189219,-1.981986,-1.885053,0.000000,0.000000,0.000000,0.000000,0.000000,0.000000,0.000000,0.000000,-1515.782837,348.049377,758.090515,1310.599854
29.7604,True,0.000000,0.000000,0.000000,0.000000,0.000000,0.000000,-1.849537,1.189219,-1.981930,-1.885053,-1.849537,1.189413,-1.981930,-1.885053,0.000000,0.000000,0.000000,0.000000,0.000000,0.000000,0.000000,0.000000,-1515.782837,348.049377,758.090515,1310.599854
29.7804,True,0.000000,0.000000,0.000000,0.000000,0.000000,0.000000,-1.849537,1.189607,-1.981930,-1.885053,-1.849537,1.189413,-1.981986,-1.885053,0.000000,0.000000,0.000000,0.000000,0.000000,0.000000,0.000000,0.000000,-1515.782837,348.049377,758.090515,1310.599854
29.8004,True,0.000000,0.000000,0.000000,0.000000,0.000000,0.000000,-1.849537,1.189219,-1.981930,-1.885053,-1.849537,1.189219,-1.981930,-1.885053,0.000000,0.000000,0.000000,0.000000,0.000000,0.000000,0.000000,0.000000,-1515.782837,348.049377,758.090515,1310.599854
29.8204,True,0.000000,0.000000,0.000000,0.000000,0.000000,0.000000,-1.849537,1.189219,-1.981930,-1.885053,-1.849537,1.189219,-1.981930,-1.885053,0.000000,0.000000,0.000000,0.000000,0.000000,0.000000,0.000000,0.000000,-1515.782837,348.049377,758.090515,1310.599854
29.8404,True,0.000000,0.000000,0.000000,0.000000,0.000000,0.000000,-1.849537,1.189219,-1.981930,-1.885053,-1.849537,1.189219,-1.981930,-1.885053,0.000000,0.000000,0.000000,0.000000,0.000000,0.000000,0.000000,0.000000,-1515.782837,348.049377,758.090515,1310.599854
29.8604,True,0.000000,0.000000,0.000000,0.000000,0.000000,0.000000,-1.849537,1.189219,-1.981930,-1.885053,-1.849537,1.189219,-1.981930,-1.885053,0.000000,0.000000,0.000000,0.000000,0.000000,0.000000,0.000000,0.000000,-1515.782837,348.049377,758.090515,1310.599854
29.8804,True,0.000000,0.000000,0.000000,0.000000,0.000000,0.000000,-1.849537,1.189219,-1.981986,-1.885053,-1.849537,1.189219,-1.981930,-1.885053,0.000000,0.000000,0.000000,0.000000,0.000000,0.000000,0.000000,0.000000,-1515.782837,348.049377,758.090515,1310.599854
29.9005,True,0.000000,0.000000,0.000000,0.000000,0.000000,0.000000,-1.849537,1.189219,-1.981930,-1.885053,-1.849537,1.189219,-1.981930,-1.885053,0.000000,0.000000,0.000000,0.000000,0.000000,0.000000,0.000000,0.000000,-1515.782837,348.049377,758.090515,1310.599854
29.9204,True,0.000000,0.000000,0.000000,0.000000,0.000000,0.000000,-1.849537,1.189607,-1.981930,-1.885053,-1.849537,1.189607,-1.981930,-1.885053,0.000000,0.000000,0.000000,0.000000,0.000000,0.000000,0.000000,0.000000,-1515.782837,348.049377,758.090515,1310.599854
29.9404,True,0.000000,0.000000,0.000000,0.000000,0.000000,0.000000,-1.849537,1.189219,-1.981874,-1.885053,-1.849537,1.189413,-1.981986,-1.885053,0.000000,0.000000,0.000000,0.000000,0.000000,0.000000,0.000000,0.000000,-1515.782837,348.049377,758.090515,1310.599854
29.9605,True,0.000000,0.000000,0.000000,0.000000,0.000000,0.000000,-1.849537,1.189219,-1.981930,-1.885053,-1.849537,1.189413,-1.981930,-1.885053,0.000000,0.000000,0.000000,0.000000,0.000000,0.000000,0.000000,0.000000,-1515.782837,348.049377,758.090515,1310.599854
29.9805,True,0.000000,0.000000,0.000000,0.000000,0.000000,0.000000,-1.849655,1.189413,-1.981930,-1.885053,-1.849655,1.189413,-1.981930,-1.885053,0.000000,0.000000,0.000000,0.000000,0.000000,0.000000,0.000000,0.000000,-1515.782837,348.049377,758.090515,1310.599854
30.0004,True,0.000000,0.000000,0.000000,0.000000,0.000000,0.000000,-1.849655,1.189413,-1.981930,-1.885053,-1.849916,1.189413,-1.981930,-1.885053,0.000000,0.000000,0.000000,0.000000,0.000000,0.000000,0.000000,0.000000,-1515.782837,348.049377,758.090515,1310.599854
30.0207,True,0.000000,0.000000,0.000000,0.000000,0.000000,0.000000,-1.849655,1.189413,-1.981930,-1.885053,-1.849655,1.189413,-1.981930,-1.885053,0.000000,0.000000,0.000000,0.000000,0.000000,0.000000,0.000000,0.000000,-1515.782837,348.049377,758.090515,1310.599854
30.0404,True,0.000000,0.000000,0.000000,0.000000,0.000000,0.000000,-1.849916,1.189413,-1.981986,-1.885053,-1.849916,1.189413,-1.981930,-1.885053,0.000000,0.000000,0.000000,0.000000,0.000000,0.000000,0.000000,0.000000,-1515.782837,348.049377,758.090515,1310.599854
30.0605,True,0.000000,0.000000,0.000000,0.000000,0.000000,0.000000,-1.849916,1.189413,-1.981874,-1.885053,-1.849916,1.189413,-1.981986,-1.885053,0.000000,0.000000,0.000000,0.000000,0.000000,0.000000,0.000000,0.000000,-1515.782837,348.049377,758.090515,1310.599854
30.0805,True,0.000000,0.000000,0.000000,0.000000,0.000000,0.000000,-1.849916,1.189413,-1.981930,-1.885053,-1.849655,1.189413,-1.981930,-1.885053,0.000000,0.000000,0.000000,0.000000,0.000000,0.000000,0.000000,0.000000,-1515.782837,348.049377,758.090515,1310.599854
30.1004,True,0.000000,0.000000,0.000000,0.000000,0.000000,0.000000,-1.849916,1.189219,-1.981874,-1.885053,-1.849916,1.189219,-1.981874,-1.885053,0.000000,0.000000,0.000000,0.000000,0.000000,0.000000,0.000000,0.000000,-1515.782837,348.049377,758.090515,1310.599854
30.1204,True,0.000000,0.000000,0.000000,0.000000,0.000000,0.000000,-1.849655,1.189413,-1.981930,-1.885053,-1.849655,1.189413,-1.981930,-1.885053,0.000000,0.000000,0.000000,0.000000,0.000000,0.000000,0.000000,0.000000,-1515.782837,348.049377,758.090515,1310.599854
30.1406,True,0.000000,0.000000,0.000000,0.000000,0.000000,0.000000,-1.850035,1.189219,-1.981874,-1.885053,-1.849916,1.189219,-1.981930,-1.885053,0.000000,0.000000,0.000000,0.000000,0.000000,0.000000,0.000000,0.000000,-1515.782837,348.049377,758.090515,1310.599854
30.1604,True,0.000000,0.000000,0.000000,0.000000,0.000000,0.000000,-1.850035,1.189219,-1.981930,-1.885053,-1.849655,1.189219,-1.981930,-1.885462,0.000000,0.000000,0.000000,0.000000,0.000000,0.000000,0.000000,0.000000,-1515.782837,348.049377,758.090515,1310.599854
30.1804,True,0.000000,0.000000,0.000000,0.000000,0.000000,0.000000,-1.849655,1.189219,-1.981930,-1.884810,-1.849655,1.189219,-1.981930,-1.884810,0.000000,0.000000,0.000000,0.000000,0.000000,0.000000,0.000000,0.000000,-1515.782837,348.049377,758.090515,1310.599854
30.2004,True,0.000000,0.000000,0.000000,0.000000,0.000000,0.000000,-1.849655,1.189219,-1.981930,-1.884645,-1.849655,1.189219,-1.981930,-1.884645,0.000000,0.000000,0.000000,0.000000,0.000000,0.000000,0.000000,0.000000,-1515.782837,348.049377,758.090515,1310.599854
30.2204,True,0.000000,0.000000,0.000000,0.000000,0.000000,0.000000,-1.849655,1.189219,-1.981930,-1.885218,-1.849655,1.189219,-1.981930,-1.885218,0.000000,0.000000,0.000000,0.000000,0.000000,0.000000,0.000000,0.000000,-1515.782837,348.049377,758.090515,1310.599854
30.2404,True,0.000000,0.000000,0.000000,0.000000,0.000000,0.000000,-1.849916,1.189219,-1.981930,-1.885462,-1.849916,1.189219,-1.981930,-1.885053,0.000000,0.000000,0.000000,0.000000,0.000000,0.000000,0.000000,0.000000,-1515.782837,348.049377,758.090515,1310.599854
30.2604,True,0.000000,0.000000,0.000000,0.000000,0.000000,0.000000,-1.849655,1.189219,-1.981930,-1.884810,-1.849655,1.189219,-1.981930,-1.885053,0.000000,0.000000,0.000000,0.000000,0.000000,0.000000,0.000000,0.000000,-1515.782837,348.049377,758.090515,1310.599854
30.2804,True,0.000000,0.000000,0.000000,0.000000,0.000000,0.000000,-1.849916,1.189219,-1.981874,-1.885053,-1.849655,1.189219,-1.981874,-1.885053,0.000000,0.000000,0.000000,0.000000,0.000000,0.000000,0.000000,0.000000,-1515.782837,348.049377,758.090515,1310.599854
30.3004,True,0.000000,0.000000,0.000000,0.000000,0.000000,0.000000,-1.850297,1.189219,-1.981930,-1.885053,-1.849655,1.189219,-1.981930,-1.884401,0.000000,0.000000,0.000000,0.000000,0.000000,0.000000,0.000000,0.000000,-1515.782837,348.049377,758.090515,1310.599854
30.3204,True,0.000000,0.000000,0.000000,0.000000,0.000000,0.000000,-1.849916,1.189219,-1.981986,-1.885053,-1.849916,1.189219,-1.981874,-1.885053,0.000000,0.000000,0.000000,0.000000,0.000000,0.000000,0.000000,0.000000,-1515.782837,348.049377,758.090515,1310.599854
30.3404,True,0.000000,0.000000,0.000000,0.000000,0.000000,0.000000,-1.849655,1.189219,-1.981930,-1.884645,-1.849916,1.189219,-1.981930,-1.884401,0.000000,0.000000,0.000000,0.000000,0.000000,0.000000,0.000000,0.000000,-1515.782837,348.049377,758.090515,1310.599854
30.3604,True,0.000000,0.000000,0.000000,0.000000,0.000000,0.000000,-1.849655,1.189219,-1.981930,-1.884810,-1.849655,1.189219,-1.981930,-1.885053,0.000000,0.000000,0.000000,0.000000,0.000000,0.000000,0.000000,0.000000,-1515.782837,348.049377,758.090515,1310.599854
30.3804,True,0.000000,0.000000,0.000000,0.000000,0.000000,0.000000,-1.849916,1.189219,-1.981930,-1.885053,-1.849916,1.189219,-1.981930,-1.885053,0.000000,0.000000,0.000000,0.000000,0.000000,0.000000,0.000000,0.000000,-1515.782837,348.049377,758.090515,1310.599854
30.4004,True,0.000000,0.000000,0.000000,0.000000,0.000000,0.000000,-1.849916,1.189219,-1.981874,-1.884645,-1.849655,1.189219,-1.981930,-1.885053,0.000000,0.000000,0.000000,0.000000,0.000000,0.000000,0.000000,0.000000,-1515.782837,348.049377,758.090515,1310.599854
30.4206,True,0.000000,0.000000,0.000000,0.000000,0.000000,0.000000,-1.849655,1.189219,-1.981874,-1.885053,-1.849655,1.189219,-1.981874,-1.885053,0.000000,0.000000,0.000000,0.000000,0.000000,0.000000,0.000000,0.000000,-1515.782837,348.049377,758.090515,1310.599854
30.4404,True,0.000000,0.000000,0.000000,0.000000,0.000000,0.000000,-1.849655,1.189219,-1.981874,-1.885053,-1.849655,1.189219,-1.981874,-1.884645,0.000000,0.000000,0.000000,0.000000,0.000000,0.000000,0.000000,0.000000,-1515.782837,348.049377,758.090515,1310.599854
30.4604,True,0.000000,0.000000,0.000000,0.000000,0.000000,0.000000,-1.849916,1.189219,-1.981874,-1.885053,-1.849916,1.189219,-1.981874,-1.885053,0.000000,0.000000,0.000000,0.000000,0.000000,0.000000,0.000000,0.000000,-1515.782837,348.049377,758.090515,1310.599854
30.4804,True,0.000000,0.000000,0.000000,0.000000,0.000000,0.000000,-1.849655,1.189219,-1.981818,-1.885053,-1.849655,1.189219,-1.981818,-1.885053,0.000000,0.000000,0.000000,0.000000,0.000000,0.000000,0.000000,0.000000,-1515.782837,348.049377,758.090515,1310.599854
30.5004,True,0.000000,0.000000,0.000000,0.000000,0.000000,0.000000,-1.849655,1.189219,-1.981930,-1.885053,-1.849916,1.189219,-1.981930,-1.885053,0.000000,0.000000,0.000000,0.000000,0.000000,0.000000,0.000000,0.000000,-1515.782837,348.049377,758.090515,1310.599854
30.5204,True,0.000000,0.000000,0.000000,0.000000,0.000000,0.000000,-1.849655,1.189219,-1.981874,-1.885297,-1.849916,1.189219,-1.981874,-1.885053,0.000000,0.000000,0.000000,0.000000,0.000000,0.000000,0.000000,0.000000,-1515.782837,348.049377,758.090515,1310.599854
30.5404,True,0.000000,0.000000,0.000000,0.000000,0.000000,0.000000,-1.850178,1.189219,-1.981930,-1.884810,-1.850178,1.189219,-1.981874,-1.884810,0.000000,0.000000,0.000000,0.000000,0.000000,0.000000,0.000000,0.000000,-1515.782837,348.049377,758.090515,1310.599854
30.5604,True,0.000000,0.000000,0.000000,0.000000,0.000000,0.000000,-1.850178,1.189219,-1.981874,-1.885462,-1.850178,1.189219,-1.981874,-1.885462,0.000000,0.000000,0.000000,0.000000,0.000000,0.000000,0.000000,0.000000,-1515.782837,348.049377,758.090515,1310.599854
30.5804,True,0.000000,0.000000,0.000000,0.000000,0.000000,0.000000,-1.849655,1.189219,-1.981874,-1.885053,-1.849916,1.189219,-1.981874,-1.885053,0.000000,0.000000,0.000000,0.000000,0.000000,0.000000,0.000000,0.000000,-1515.782837,348.049377,758.090515,1310.599854
30.6003,True,0.000000,0.000000,0.000000,0.000000,0.000000,0.000000,-1.849655,1.189219,-1.981930,-1.885462,-1.849655,1.189219,-1.981930,-1.885462,0.000000,0.000000,0.000000,0.000000,0.000000,0.000000,0.000000,0.000000,-1515.782837,348.049377,758.090515,1310.599854
30.6203,True,0.000000,0.000000,0.000000,0.000000,0.000000,0.000000,-1.849916,1.189219,-1.981874,-1.885053,-1.849916,1.189219,-1.981986,-1.885053,0.000000,0.000000,0.000000,0.000000,0.000000,0.000000,0.000000,0.000000,-1515.782837,348.049377,758.090515,1310.599854
30.6405,True,0.000000,0.000000,0.000000,0.000000,0.000000,0.000000,-1.849655,1.189219,-1.981930,-1.885053,-1.849655,1.189219,-1.981930,-1.885053,0.000000,0.000000,0.000000,0.000000,0.000000,0.000000,0.000000,0.000000,-1515.782837,348.049377,758.090515,1310.599854
30.6604,True,0.000000,0.000000,0.000000,0.000000,0.000000,0.000000,-1.849655,1.189219,-1.981874,-1.885053,-1.849655,1.189219,-1.981986,-1.884645,0.000000,0.000000,0.000000,0.000000,0.000000,0.000000,0.000000,0.000000,-1515.782837,348.049377,758.090515,1310.599854
30.6804,True,0.000000,0.000000,0.000000,0.000000,0.000000,0.000000,-1.849655,1.189219,-1.981874,-1.885053,-1.849655,1.189219,-1.981874,-1.884810,0.000000,0.000000,0.000000,0.000000,0.000000,0.000000,0.000000,0.000000,-1515.782837,348.049377,758.090515,1310.599854
30.7006,True,0.000000,0.000000,0.000000,0.000000,0.000000,0.000000,-1.849655,1.189219,-1.981874,-1.885053,-1.849655,1.189219,-1.981930,-1.885053,0.000000,0.000000,0.000000,0.000000,0.000000,0.000000,0.000000,0.000000,-1515.782837,348.049377,758.090515,1310.599854
30.7204,True,0.000000,0.000000,0.000000,0.000000,0.000000,0.000000,-1.849655,1.189219,-1.981930,-1.885053,-1.849655,1.189219,-1.981930,-1.884810,0.000000,0.000000,0.000000,0.000000,0.000000,0.000000,0.000000,0.000000,-1515.782837,348.049377,758.090515,1310.599854
30.7404,True,0.000000,0.000000,0.000000,0.000000,0.000000,0.000000,-1.849655,1.189219,-1.981874,-1.884810,-1.849655,1.189219,-1.981874,-1.885462,0.000000,0.000000,0.000000,0.000000,0.000000,0.000000,0.000000,0.000000,-1515.782837,348.049377,758.090515,1310.599854
30.7604,True,0.000000,0.000000,0.000000,0.000000,0.000000,0.000000,-1.849655,1.189219,-1.981874,-1.885053,-1.849655,1.189219,-1.981874,-1.885053,0.000000,0.000000,0.000000,0.000000,0.000000,0.000000,0.000000,0.000000,-1515.782837,348.049377,758.090515,1310.599854
30.7804,True,0.000000,0.000000,0.000000,0.000000,0.000000,0.000000,-1.849655,1.189219,-1.981930,-1.885053,-1.849655,1.189219,-1.981930,-1.885053,0.000000,0.000000,0.000000,0.000000,0.000000,0.000000,0.000000,0.000000,-1515.782837,348.049377,758.090515,1310.599854
30.8004,True,0.000000,0.000000,0.000000,0.000000,0.000000,0.000000,-1.849655,1.189219,-1.981874,-1.885053,-1.849916,1.189219,-1.981874,-1.885053,0.000000,0.000000,0.000000,0.000000,0.000000,0.000000,0.000000,0.000000,-1515.782837,348.049377,758.090515,1310.599854
30.8204,True,0.000000,0.000000,0.000000,0.000000,0.000000,0.000000,-1.849655,1.189674,-1.981930,-1.885462,-1.849655,1.189674,-1.981930,-1.885462,0.000000,0.000000,0.000000,0.000000,0.000000,0.000000,0.000000,0.000000,-1515.782837,348.049377,758.090515,1310.599854
30.8404,True,0.000000,0.000000,0.000000,0.000000,0.000000,0.000000,-1.849394,1.189219,-1.981874,-1.885053,-1.849655,1.189219,-1.981874,-1.885053,0.000000,0.000000,0.000000,0.000000,0.000000,0.000000,0.000000,0.000000,-1515.782837,348.049377,758.090515,1310.599854
30.8604,True,0.000000,0.000000,0.000000,0.000000,0.000000,0.000000,-1.849655,1.189219,-1.981874,-1.885053,-1.849655,1.189219,-1.981874,-1.885053,0.000000,0.000000,0.000000,0.000000,0.000000,0.000000,0.000000,0.000000,-1515.782837,348.049377,758.090515,1310.599854
30.8803,True,0.000000,0.000000,0.000000,0.000000,0.000000,0.000000,-1.849916,1.189219,-1.981874,-1.885053,-1.849916,1.189219,-1.981874,-1.885053,0.000000,0.000000,0.000000,0.000000,0.000000,0.000000,0.000000,0.000000,-1515.782837,348.049377,758.090515,1310.599854
30.9004,True,0.000000,0.000000,0.000000,0.000000,0.000000,0.000000,-1.849655,1.189025,-1.981930,-1.884810,-1.849655,1.189219,-1.981930,-1.884810,0.000000,0.000000,0.000000,0.000000,0.000000,0.000000,0.000000,0.000000,-1515.782837,348.049377,758.090515,1310.599854
30.9206,True,0.000000,0.000000,0.000000,0.000000,0.000000,0.000000,-1.849655,1.189219,-1.981874,-1.884810,-1.849655,1.189219,-1.981874,-1.884810,0.000000,0.000000,0.000000,0.000000,0.000000,0.000000,0.000000,0.000000,-1515.782837,348.049377,758.090515,1310.599854
30.9404,True,0.000000,0.000000,0.000000,0.000000,0.000000,0.000000,-1.849655,1.189219,-1.981874,-1.884810,-1.849655,1.189219,-1.981874,-1.884810,0.000000,0.000000,0.000000,0.000000,0.000000,0.000000,0.000000,0.000000,-1515.782837,348.049377,758.090515,1310.599854
30.9604,True,0.000000,0.000000,0.000000,0.000000,0.000000,0.000000,-1.849916,1.189219,-1.981874,-1.884810,-1.850178,1.189219,-1.981874,-1.885053,0.000000,0.000000,0.000000,0.000000,0.000000,0.000000,0.000000,0.000000,-1515.782837,348.049377,758.090515,1310.599854
30.9804,True,0.000000,0.000000,0.000000,0.000000,0.000000,0.000000,-1.849916,1.189219,-1.981874,-1.885462,-1.849655,1.189219,-1.981874,-1.885053,0.000000,0.000000,0.000000,0.000000,0.000000,0.000000,0.000000,0.000000,-1515.782837,348.049377,758.090515,1310.599854
31.0004,True,0.000000,0.000000,0.000000,0.000000,0.000000,0.000000,-1.849916,1.189674,-1.981818,-1.885053,-1.849655,1.189481,-1.981818,-1.885053,0.000000,0.000000,0.000000,0.000000,0.000000,0.000000,0.000000,0.000000,-1515.782837,348.049377,758.090515,1310.599854
31.0204,True,0.000000,0.000000,0.000000,0.000000,0.000000,0.000000,-1.849916,1.189674,-1.981818,-1.885297,-1.849916,1.189674,-1.981818,-1.885297,0.000000,0.000000,0.000000,0.000000,0.000000,0.000000,0.000000,0.000000,-1515.782837,348.049377,758.090515,1310.599854
31.0404,True,0.000000,0.000000,0.000000,0.000000,0.000000,0.000000,-1.849655,1.189674,-1.981818,-1.885053,-1.849655,1.189481,-1.981818,-1.885053,0.000000,0.000000,0.000000,0.000000,0.000000,0.000000,0.000000,0.000019,-1515.782837,348.049377,758.090515,1310.599854
31.0604,True,0.000000,0.000000,0.000000,0.000000,0.000000,0.000000,-1.849655,1.189481,-1.981818,-1.885053,-1.849655,1.189481,-1.981818,-1.885053,0.000000,0.000000,0.000000,0.000000,0.000000,0.000000,0.000000,0.000038,-1515.782837,348.049377,758.090515,1310.599854
31.0804,True,0.000000,0.000000,0.000000,0.000000,0.000000,0.000000,-1.849655,1.189481,-1.981818,-1.885053,-1.849655,1.189481,-1.981818,-1.885053,0.000000,0.000000,0.000000,0.000000,0.000000,0.000000,0.000000,0.000013,-1515.782837,348.049377,758.090515,1310.599854
31.1005,True,0.000000,0.000000,0.000000,0.000000,0.000000,0.000000,-1.849916,1.189481,-1.981818,-1.885053,-1.849916,1.189481,-1.981818,-1.885053,0.000000,0.000000,0.000000,0.000000,0.000000,0.000000,0.000000,0.000000,-1515.782837,348.049377,758.090515,1310.599854
31.1204,True,0.000000,0.000000,0.000000,0.000000,0.000000,0.000000,-1.849916,1.189481,-1.981818,-1.885053,-1.849916,1.189481,-1.981818,-1.884401,0.000000,0.000000,0.000000,0.000000,0.000000,0.000000,0.000000,0.000000,-1515.782837,348.049377,758.090515,1310.599854
31.1404,True,0.000000,0.000000,0.000000,0.000000,0.000000,0.000000,-1.849537,1.189481,-1.981818,-1.885053,-1.850178,1.189481,-1.981818,-1.885053,0.000000,0.000000,0.000000,0.000000,0.000000,0.000000,0.000000,-0.000019,-1515.782837,348.049377,758.090515,1310.599854
31.1604,True,0.000000,0.000000,0.000000,0.000000,0.000000,0.000000,-1.849916,1.189481,-1.981818,-1.885462,-1.849916,1.189481,-1.981818,-1.884810,0.000000,0.000000,0.000000,0.000000,0.000000,0.000000,0.000000,-0.000038,-1515.782837,348.049377,758.090515,1310.599854
31.1804,True,0.000000,0.000000,0.000000,0.000000,0.000000,0.000000,-1.849655,1.189481,-1.981818,-1.884810,-1.849655,1.189481,-1.981818,-1.884810,0.000000,0.000000,0.000000,0.000000,0.000000,0.000000,0.000000,-0.000014,-1515.782837,348.049377,758.090515,1310.599854
31.2004,True,0.000000,0.000000,0.000000,0.000000,0.000000,0.000000,-1.849655,1.189674,-1.981818,-1.884810,-1.849655,1.189674,-1.981818,-1.884810,0.000000,0.000000,0.000000,0.000000,0.000000,0.000000,0.000000,0.000000,-1515.782837,348.049377,758.090515,1310.599854
31.2204,True,0.000000,0.000000,0.000000,0.000000,0.000000,0.000000,-1.849655,1.189674,-1.981818,-1.884810,-1.849655,1.189481,-1.981818,-1.884810,0.000000,0.000000,0.000000,0.000000,0.000000,0.000000,0.000000,0.000000,-1515.782837,348.049377,758.090515,1310.599854
31.2404,True,0.000000,0.000000,0.000000,0.000000,0.000000,0.000000,-1.849655,1.189674,-1.981818,-1.884810,-1.849655,1.189219,-1.981818,-1.884645,0.000000,0.000000,0.000000,0.000000,0.000000,0.000000,0.000000,0.000000,-1515.782837,348.049377,758.090515,1310.599854
31.2604,True,0.000000,0.000000,0.000000,0.000000,0.000000,0.000000,-1.849655,1.189674,-1.981818,-1.885053,-1.849655,1.189674,-1.981818,-1.885053,0.000000,0.000000,0.000000,0.000000,0.000000,0.000000,0.000000,0.000000,-1515.782837,348.049377,758.090515,1310.599854
31.2804,True,0.000000,0.000000,0.000000,0.000000,0.000000,0.000000,-1.849655,1.189674,-1.981818,-1.885053,-1.849655,1.189219,-1.981818,-1.885053,0.000000,0.000000,0.000000,0.000000,0.000000,0.000000,0.000000,0.000000,-1515.782837,348.049377,758.090515,1310.599854
31.3004,True,0.000000,0.000000,0.000000,0.000000,0.000000,0.000000,-1.849655,1.189219,-1.981818,-1.885053,-1.849655,1.189413,-1.981818,-1.885053,0.000000,0.000000,0.000000,0.000000,0.000000,0.000000,0.000000,0.000000,-1515.782837,348.049377,758.090515,1310.599854
31.3204,True,0.000000,0.000000,0.000000,0.000000,0.000000,0.000000,-1.849655,1.189219,-1.981818,-1.884810,-1.849655,1.189219,-1.981818,-1.884810,0.000000,0.000000,0.000000,0.000000,0.000000,0.000000,0.000000,0.000000,-1515.782837,348.049377,758.090515,1310.599854
31.3404,True,0.000000,0.000000,0.000000,0.000000,0.000000,0.000000,-1.849916,1.189413,-1.981818,-1.884810,-1.849916,1.189413,-1.981818,-1.884810,0.000000,0.000000,0.000000,0.000000,0.000000,0.000000,0.000000,0.000000,-1515.782837,348.049377,758.090515,1310.599854
31.3604,True,0.000000,0.000000,0.000000,0.000000,0.000000,0.000000,-1.849655,1.189674,-1.981818,-1.884810,-1.849916,1.189674,-1.981818,-1.884810,0.000000,0.000000,0.000000,0.000000,0.000000,0.000000,0.000000,0.000000,-1515.782837,348.049377,758.090515,1310.599854
31.3804,True,0.000000,0.000000,0.000000,0.000000,0.000000,0.000000,-1.849655,1.189219,-1.981818,-1.884810,-1.849655,1.189219,-1.981818,-1.885053,0.000000,0.000000,0.000000,0.000000,0.000000,0.000000,0.000000,0.000000,-1515.782837,348.049377,758.090515,1310.599854
31.4004,True,0.000000,0.000000,0.000000,0.000000,0.000000,0.000000,-1.849916,1.189219,-1.981818,-1.884645,-1.849916,1.189219,-1.981818,-1.884645,0.000000,0.000000,0.000000,0.000000,0.000000,0.000000,0.000000,0.000000,-1515.782837,348.049377,758.090515,1310.599854
31.4205,True,0.000000,0.000000,0.000000,0.000000,0.000000,0.000000,-1.849655,1.189674,-1.981818,-1.884645,-1.850035,1.189674,-1.981818,-1.885053,0.000000,0.000000,0.000000,0.000000,0.000000,0.000000,0.000000,0.000000,-1515.782837,348.049377,758.090515,1310.599854
31.4404,True,0.000000,0.000000,0.000000,0.000000,0.000000,0.000000,-1.849916,1.189025,-1.981818,-1.885297,-1.849916,1.189219,-1.981818,-1.885297,0.000000,0.000000,0.000000,0.000000,0.000000,0.000000,0.000000,0.000000,-1515.782837,348.049377,758.090515,1310.599854
31.4604,True,0.000000,0.000000,0.000000,0.000000,0.000000,0.000000,-1.849655,1.189219,-1.981818,-1.885053,-1.849655,1.189413,-1.981818,-1.885053,0.000000,0.000000,0.000000,0.000000,0.000000,0.000000,0.000000,0.000000,-1515.782837,348.049377,758.090515,1310.599854
31.4805,True,0.000000,0.000000,0.000000,0.000000,0.000000,0.000000,-1.849916,1.189413,-1.981818,-1.884810,-1.849655,1.189413,-1.981818,-1.885297,0.000000,0.000000,0.000000,0.000000,0.000000,0.000000,0.000000,0.000000,-1515.782837,348.049377,758.090515,1310.599854
31.5004,True,0.000000,0.000000,0.000000,0.000000,0.000000,0.000000,-1.849655,1.189413,-1.981818,-1.885297,-1.850035,1.189219,-1.981818,-1.884645,0.000000,0.000000,0.000000,0.000000,0.000000,0.000000,0.000000,0.000000,-1515.782837,348.049377,758.090515,1310.599854
31.5204,True,0.000000,0.000000,0.000000,0.000000,0.000000,0.000000,-1.849655,1.189219,-1.981818,-1.885053,-1.849655,1.189674,-1.981818,-1.885053,0.000000,0.000000,0.000000,0.000000,0.000000,0.000000,0.000000,0.000000,-1515.782837,348.049377,758.090515,1310.599854
31.5403,True,0.000000,0.000000,0.000000,0.000000,0.000000,0.000000,-1.849655,1.189674,-1.981818,-1.885053,-1.849655,1.189674,-1.981818,-1.885053,0.000000,0.000000,0.000000,0.000000,0.000000,0.000000,0.000000,0.000000,-1515.782837,348.049377,758.090515,1310.599854
31.5604,True,0.000000,0.000000,0.000000,0.000000,0.000000,0.000000,-1.849655,1.189674,-1.981818,-1.885053,-1.849655,1.189674,-1.981818,-1.885053,0.000000,0.000000,0.000000,0.000000,0.000000,0.000000,0.000000,0.000000,-1515.782837,348.049377,758.090515,1310.599854
31.5804,True,0.000000,0.000000,0.000000,0.000000,0.000000,0.000000,-1.849655,1.189674,-1.981818,-1.885053,-1.849655,1.189674,-1.981818,-1.885053,0.000000,0.000000,0.000000,0.000000,0.000000,0.000000,0.000000,0.000000,-1515.782837,348.049377,758.090515,1310.599854
31.6003,True,0.000000,0.000000,0.000000,0.000000,0.000000,0.000000,-1.849655,1.189868,-1.981818,-1.884810,-1.849655,1.189674,-1.981818,-1.885053,0.000000,0.000000,0.000000,0.000000,0.000000,0.000000,0.000000,0.000000,-1515.782837,348.049377,758.090515,1310.599854
31.6203,True,0.000000,0.000000,0.000000,0.000000,0.000000,0.000000,-1.849655,1.189219,-1.981818,-1.885053,-1.849655,1.189219,-1.981818,-1.885053,0.000000,0.000000,0.000000,0.000000,0.000000,0.000000,0.000000,0.000000,-1515.782837,348.049377,758.090515,1310.599854
31.6404,True,0.000000,0.000000,0.000000,0.000000,0.000000,0.000000,-1.850178,1.189219,-1.981930,-1.884645,-1.849916,1.189219,-1.981986,-1.884645,0.000000,0.000000,0.000000,0.000000,0.000000,0.000000,0.000000,0.000000,-1515.782837,348.049377,758.090515,1310.599854
31.6604,True,0.000000,0.000000,0.000000,0.000000,0.000000,0.000000,-1.850297,1.189219,-1.981986,-1.885297,-1.850297,1.189219,-1.981986,-1.885297,0.000000,0.000000,0.000000,0.000000,0.000000,0.000000,0.000000,0.000000,-1515.782837,348.049377,758.090515,1310.599854
31.6804,True,0.000000,0.000000,0.000000,0.000000,0.000000,0.000000,-1.849394,1.189219,-1.981343,-1.884645,-1.849394,1.189219,-1.981986,-1.884645,0.000000,0.000000,0.000000,0.000000,0.000000,0.000000,0.000000,0.000000,-1515.782837,348.049377,758.090515,1310.599854
31.7004,True,0.000000,0.000000,0.000000,0.000000,0.000000,0.000000,-1.849394,1.189219,-1.981930,-1.884645,-1.849394,1.189219,-1.981930,-1.884645,0.000000,0.000000,0.000000,0.000000,0.000000,0.000000,0.000000,0.000000,-1515.782837,348.049377,758.090515,1310.599854
31.7204,True,0.000000,0.000000,0.000000,0.000000,0.000000,0.000000,-1.850035,1.189219,-1.981930,-1.885297,-1.850035,1.189219,-1.981343,-1.885297,0.000000,0.000000,0.000000,0.000000,0.000000,0.000000,0.000000,0.000000,-1515.782837,348.049377,758.090515,1310.599854
31.7404,True,0.000000,0.000000,0.000000,0.000000,0.000000,0.000000,-1.849655,1.189219,-1.981930,-1.884889,-1.849655,1.189219,-1.981930,-1.884645,0.000000,0.000000,0.000000,0.000000,0.000000,0.000000,0.000000,0.000000,-1515.782837,348.049377,758.090515,1310.599854
31.7605,True,0.000000,0.000000,0.000000,0.000000,0.000000,0.000000,-1.850035,1.189219,-1.981930,-1.884645,-1.849655,1.189219,-1.981930,-1.884810,0.000000,0.000000,0.000000,0.000000,0.000000,0.000000,0.000000,0.000000,-1515.782837,348.049377,758.090515,1310.599854
31.7804,True,0.000000,0.000000,0.000000,0.000000,0.000000,0.000000,-1.849916,1.189219,-1.981930,-1.884810,-1.849916,1.189219,-1.981930,-1.884810,0.000000,0.000000,0.000000,0.000000,0.000000,0.000000,0.000000,0.000000,-1515.782837,348.049377,758.090515,1310.599854
31.8004,True,0.000000,0.000000,0.000000,0.000000,0.000000,0.000000,-1.849916,1.189219,-1.981930,-1.884810,-1.849655,1.189219,-1.981930,-1.884810,0.000000,0.000000,0.000000,0.000000,0.000000,0.000000,0.000000,0.000000,-1515.782837,348.049377,758.090515,1310.599854
31.8204,True,0.000000,0.000000,0.000000,0.000000,0.000000,0.000000,-1.849916,1.189219,-1.981986,-1.885297,-1.849916,1.189219,-1.981874,-1.885297,0.000000,0.000000,0.000000,0.000000,0.000000,0.000000,0.000000,0.000000,-1515.782837,348.049377,758.090515,1310.599854
31.8404,True,0.000000,0.000000,0.000000,0.000000,0.000000,0.000000,-1.849655,1.189219,-1.981930,-1.885053,-1.849655,1.189219,-1.981930,-1.885053,0.000000,0.000000,0.000000,0.000000,0.000000,0.000000,0.000000,0.000000,-1515.782837,348.049377,758.090515,1310.599854
31.8604,True,0.000000,0.000000,0.000000,0.000000,0.000000,0.000000,-1.849655,1.189219,-1.981930,-1.884810,-1.849916,1.189219,-1.981930,-1.885053,0.000000,0.000000,0.000000,0.000000,0.000000,0.000000,0.000000,0.000000,-1515.782837,348.049377,758.090515,1310.599854
31.8804,True,0.000000,0.000000,0.000000,0.000000,0.000000,0.000000,-1.849655,1.189219,-1.981874,-1.884810,-1.849655,1.189219,-1.981874,-1.884810,0.000000,0.000000,0.000000,0.000000,0.000000,0.000000,0.000000,0.000000,-1515.782837,348.049377,758.090515,1310.599854
31.9004,True,0.000000,0.000000,0.000000,0.000000,0.000000,0.000000,-1.849655,1.189219,-1.981874,-1.885297,-1.849655,1.189219,-1.981930,-1.885297,0.000000,0.000000,0.000000,0.000000,0.000000,0.000000,0.000000,0.000000,-1515.782837,348.049377,758.090515,1310.599854
31.9204,True,0.000000,0.000000,0.000000,0.000000,0.000000,0.000000,-1.849655,1.189219,-1.981930,-1.884645,-1.849916,1.189219,-1.981930,-1.884645,0.000000,0.000000,0.000000,0.000000,0.000000,0.000000,0.000000,0.000000,-1515.782837,348.049377,758.090515,1310.599854
31.9404,True,0.000000,0.000000,0.000000,0.000000,0.000000,0.000000,-1.849394,1.189219,-1.981930,-1.885297,-1.849394,1.189219,-1.981930,-1.885297,0.000000,0.000000,0.000000,0.000000,0.000000,0.000000,0.000000,0.000000,-1515.782837,348.049377,758.090515,1310.599854
31.9604,True,0.000000,0.000000,0.000000,0.000000,0.000000,0.000000,-1.849394,1.189219,-1.981986,-1.885053,-1.849394,1.189219,-1.981986,-1.885053,0.000000,0.000000,0.000000,0.000000,0.000000,0.000000,0.000000,0.000000,-1515.782837,348.049377,758.090515,1310.599854
31.9806,True,0.000000,0.000000,0.000000,0.000000,0.000000,0.000000,-1.849394,1.189219,-1.981874,-1.885053,-1.849394,1.189025,-1.981930,-1.885053,0.000000,0.000000,0.000000,0.000000,0.000000,0.000000,0.000000,0.000000,-1515.782837,348.049377,758.090515,1310.599854
32.0004,True,0.000000,0.000000,0.000000,0.000000,0.000000,0.000000,-1.849394,1.189413,-1.981930,-1.885297,-1.849394,1.189219,-1.981930,-1.885297,0.000000,0.000000,0.000000,0.000000,0.000000,0.000000,0.000000,0.000000,-1515.782837,348.049377,758.090515,1310.599854
32.0204,True,0.000000,0.000000,0.000000,0.000000,0.000000,0.000000,-1.849394,1.189025,-1.981930,-1.884889,-1.849394,1.189219,-1.981930,-1.884889,0.000000,0.000000,0.000000,0.000000,0.000000,0.000000,0.000000,0.000000,-1515.782837,348.049377,758.090515,1310.599854
32.0407,True,0.000000,0.000000,0.000000,0.000000,0.000000,0.000000,-1.849394,1.189219,-1.981930,-1.884889,-1.849394,1.189413,-1.981986,-1.884889,0.000000,0.000000,0.000000,0.000000,0.000000,0.000000,0.000000,0.000000,-1515.782837,348.049377,758.090515,1310.599854
32.0604,True,0.000000,0.000000,0.000000,0.000000,0.000000,0.000000,-1.849394,1.189219,-1.981986,-1.884889,-1.849394,1.189219,-1.981986,-1.884889,0.000000,0.000000,0.000000,0.000000,0.000000,0.000000,0.000000,0.000000,-1515.782837,348.049377,758.090515,1310.599854
32.0804,True,0.000000,0.000000,0.000000,0.000000,0.000000,0.000000,-1.849394,1.189413,-1.981399,-1.884889,-1.849394,1.189025,-1.981399,-1.884889,0.000000,0.000000,0.000000,0.000000,0.000000,0.000000,0.000000,0.000000,-1515.782837,348.049377,758.090515,1310.599854
32.1005,True,0.000000,0.000000,0.000000,0.000000,0.000000,0.000000,-1.849394,1.189219,-1.981343,-1.884645,-1.849394,1.189219,-1.981399,-1.885297,0.000000,0.000000,0.000000,0.000000,0.000000,0.000000,0.000000,0.000000,-1515.782837,348.049377,758.090515,1310.599854
32.1204,True,0.000000,0.000000,0.000000,0.000000,0.000000,0.000000,-1.849394,1.189219,-1.981399,-1.885297,-1.849394,1.189219,-1.981399,-1.885053,0.000000,0.000000,0.000000,0.000000,0.000000,0.000000,0.000000,0.000000,-1515.782837,348.049377,758.090515,1310.599854
32.1422,True,0.000000,0.000000,0.000000,0.000000,0.000000,0.000000,-1.849394,1.189219,-1.981986,-1.885297,-1.849394,1.189219,-1.981986,-1.885297,0.000000,0.000000,0.000000,0.000000,0.000000,0.000000,0.000000,0.000000,-1515.782837,348.049377,758.090515,1310.599854
32.1605,True,0.000000,0.000000,0.000000,0.000000,0.000000,0.000000,-1.850297,1.189219,-1.981343,-1.884889,-1.849655,1.189219,-1.981343,-1.884889,0.000000,0.000000,0.000000,0.000000,0.000000,0.000000,0.000000,0.000000,-1515.782837,348.049377,758.090515,1310.599854
32.1806,True,0.000000,0.000000,0.000000,0.000000,0.000000,0.000000,-1.849655,1.189219,-1.981399,-1.884889,-1.849655,1.189219,-1.981930,-1.884645,0.000000,0.000000,0.000000,0.000000,0.000000,0.000000,0.000000,0.000000,-1515.782837,348.049377,758.090515,1310.599854
32.2004,True,0.000000,0.000000,0.000000,0.000000,0.000000,0.000000,-1.849655,1.189413,-1.981399,-1.885297,-1.849655,1.189413,-1.981399,-1.885297,0.000000,0.000000,0.000000,0.000000,0.000000,0.000000,0.000000,0.000000,-1515.782837,348.049377,758.090515,1310.599854
32.2206,True,0.000000,0.000000,0.000000,0.000000,0.000000,0.000000,-1.849655,1.189219,-1.981399,-1.885297,-1.849655,1.189219,-1.981399,-1.885297,0.000000,0.000000,0.000000,0.000000,0.000000,0.000000,0.000000,0.000000,-1515.782837,348.049377,758.090515,1310.599854
32.2407,True,0.000000,0.000000,0.000000,0.000000,0.000000,0.000000,-1.850035,1.189219,-1.981399,-1.884889,-1.850035,1.189219,-1.981399,-1.885053,0.000000,0.000000,0.000000,0.000000,0.000000,0.000000,0.000000,0.000000,-1515.782837,348.049377,758.090515,1310.599854
32.2605,True,0.000000,0.000000,0.000000,0.000000,0.000000,0.000000,-1.850035,1.189219,-1.981930,-1.885053,-1.849655,1.189219,-1.981930,-1.885053,0.000000,0.000000,0.000000,0.000000,0.000000,0.000000,0.000000,0.000000,-1515.782837,348.049377,758.090515,1310.599854
32.2804,True,0.000000,0.000000,0.000000,0.000000,0.000000,0.000000,-1.850035,1.189219,-1.981986,-1.885053,-1.849655,1.189219,-1.981986,-1.885053,0.000000,0.000000,0.000000,0.000000,0.000000,0.000000,0.000000,0.000000,-1515.782837,348.049377,758.090515,1310.599854
32.3005,True,0.000000,0.000000,0.000000,0.000000,0.000000,0.000000,-1.849655,1.189219,-1.981986,-1.885053,-1.850297,1.189219,-1.981986,-1.885053,0.000000,0.000000,0.000000,0.000000,0.000000,0.000000,0.000000,0.000000,-1515.782837,348.049377,758.090515,1310.599854
32.3204,True,0.000000,0.000000,0.000000,0.000000,0.000000,0.000000,-1.850035,1.189025,-1.981343,-1.885297,-1.850035,1.189025,-1.981986,-1.885053,0.000000,0.000000,0.000000,0.000000,0.000000,0.000000,0.000000,0.000000,-1515.782837,348.049377,758.090515,1310.599854
32.3404,True,0.000000,0.000000,0.000000,0.000000,0.000000,0.000000,-1.849916,1.189413,-1.981399,-1.885053,-1.849916,1.189674,-1.981399,-1.885053,0.000000,0.000000,0.000000,0.000000,0.000000,0.000000,0.000000,0.000000,-1515.782837,348.049377,758.090515,1310.599854
32.3604,True,0.000000,0.000000,0.000000,0.000000,0.000000,0.000000,-1.849916,1.189674,-1.981343,-1.885053,-1.849916,1.189674,-1.981343,-1.885053,0.000000,0.000000,0.000000,0.000000,0.000000,0.000000,0.000000,0.000000,-1515.782837,348.049377,758.090515,1310.599854
32.3804,True,0.000000,0.000000,0.000000,0.000000,0.000000,0.000000,-1.849655,1.189674,-1.981986,-1.885297,-1.849655,1.189674,-1.981930,-1.885297,0.000000,0.000000,0.000000,0.000000,0.000000,0.000000,0.000000,0.000000,-1515.782837,348.049377,758.090515,1310.599854
32.4003,True,0.000000,0.000000,0.000000,0.000000,0.000000,0.000000,-1.849916,1.189674,-1.981399,-1.885053,-1.849916,1.189219,-1.981399,-1.885053,0.000000,0.000000,0.000000,0.000000,0.000000,0.000000,0.000000,0.000000,-1515.782837,348.049377,758.090515,1310.599854
32.4204,True,0.000000,0.000000,0.000000,0.000000,0.000000,0.000000,-1.849916,1.189219,-1.981399,-1.885053,-1.849916,1.189219,-1.982041,-1.885053,0.000000,0.000000,0.000000,0.000000,0.000000,0.000000,0.000000,0.000000,-1515.782837,348.049377,758.090515,1310.599854
32.4404,True,0.000000,0.000000,0.000000,0.000000,0.000000,0.000000,-1.849916,1.189219,-1.982041,-1.885053,-1.849916,1.189219,-1.981986,-1.885053,0.000000,0.000000,0.000000,0.000000,0.000000,0.000000,0.000000,0.000000,-1515.782837,348.049377,758.090515,1310.599854
32.4604,True,0.000000,0.000000,0.000000,0.000000,0.000000,0.000000,-1.850035,1.189413,-1.981986,-1.885053,-1.849916,1.189219,-1.981986,-1.885053,0.000000,0.000000,0.000000,0.000000,0.000000,0.000000,0.000000,0.000000,-1515.782837,348.049377,758.090515,1310.599854
32.4806,True,0.000000,0.000000,0.000000,0.000000,0.000000,0.000000,-1.849655,1.189219,-1.981930,-1.885053,-1.849655,1.189219,-1.981930,-1.885053,0.000000,0.000000,0.000000,0.000000,0.000000,0.000000,0.000000,0.000000,-1515.782837,348.049377,758.090515,1310.599854
32.5004,True,0.000000,0.000000,0.000000,0.000000,0.000000,0.000000,-1.849916,1.189219,-1.981343,-1.885053,-1.849655,1.189674,-1.981343,-1.885053,0.000000,0.000000,0.000000,0.000000,0.000000,0.000000,0.000000,0.000000,-1515.782837,348.049377,758.090515,1310.599854
32.5204,True,0.000000,0.000000,0.000000,0.000000,0.000000,0.000000,-1.849916,1.189674,-1.981343,-1.885053,-1.849916,1.189674,-1.981343,-1.885053,0.000000,0.000000,0.000000,0.000000,0.000000,0.000000,0.000000,0.000000,-1515.782837,348.049377,758.090515,1310.599854
32.5404,True,0.000000,0.000000,0.000000,0.000000,0.000000,0.000000,-1.849916,1.189674,-1.981986,-1.885053,-1.849916,1.189674,-1.981986,-1.885053,0.000000,0.000000,0.000000,0.000000,0.000000,0.000000,0.000000,0.000000,-1515.782837,348.049377,758.090515,1310.599854
32.5604,True,0.000000,0.000000,0.000000,0.000000,0.000000,0.000000,-1.850035,1.189219,-1.981986,-1.885053,-1.849916,1.189219,-1.981399,-1.885053,0.000000,0.000000,0.000000,0.000000,0.000000,0.000000,0.000000,0.000000,-1515.782837,348.049377,758.090515,1310.599854
32.5804,True,0.000000,0.000000,0.000000,0.000000,0.000000,0.000000,-1.849916,1.189219,-1.982041,-1.885053,-1.849916,1.189219,-1.982041,-1.885053,0.000000,0.000000,0.000000,0.000000,0.000000,0.000000,0.000000,0.000000,-1515.782837,348.049377,758.090515,1310.599854
32.6003,True,0.000000,0.000000,0.000000,0.000000,0.000000,0.000000,-1.849916,1.189219,-1.981343,-1.885053,-1.849916,1.189219,-1.981343,-1.885053,0.000000,0.000000,0.000000,0.000000,0.000000,0.000000,0.000000,0.000000,-1515.782837,348.049377,758.090515,1310.599854
32.6204,True,0.000000,0.000000,0.000000,0.000000,0.000000,0.000000,-1.849916,1.189413,-1.981343,-1.885053,-1.849655,1.189413,-1.981343,-1.885053,0.000000,0.000000,0.000000,0.000000,0.000000,0.000000,0.000000,0.000000,-1515.782837,348.049377,758.090515,1310.599854
32.6404,True,0.000000,0.000000,0.000000,0.000000,0.000000,0.000000,-1.849916,1.189413,-1.981986,-1.885053,-1.849655,1.189219,-1.981986,-1.885053,0.000000,0.000000,0.000000,0.000000,0.000000,0.000000,0.000000,0.000000,-1515.782837,348.049377,758.090515,1310.599854
32.6604,True,0.000000,0.000000,0.000000,0.000000,0.000000,0.000000,-1.849655,1.189219,-1.981930,-1.885053,-1.849655,1.189219,-1.981930,-1.885053,0.000000,0.000000,0.000000,0.000000,0.000000,0.000000,0.000000,0.000000,-1515.782837,348.049377,758.090515,1310.599854
32.6804,True,0.000000,0.000000,0.000000,0.000000,0.000000,0.000000,-1.849916,1.189413,-1.981986,-1.885053,-1.849916,1.189413,-1.981986,-1.885053,0.000000,0.000000,0.000000,0.000000,0.000000,0.000000,0.000000,0.000000,-1515.782837,348.049377,758.090515,1310.599854
32.7004,True,0.000000,0.000000,0.000000,0.000000,0.000000,0.000000,-1.849916,1.189219,-1.981986,-1.885053,-1.849655,1.189413,-1.981930,-1.885053,0.000000,0.000000,0.000000,0.000000,0.000000,0.000000,0.000000,0.000000,-1515.782837,348.049377,758.090515,1310.599854
32.7204,True,0.000000,0.000000,0.000000,0.000000,0.000000,0.000000,-1.849916,1.189219,-1.981930,-1.885053,-1.849916,1.189219,-1.981986,-1.885053,0.000000,0.000000,0.000000,0.000000,0.000000,0.000000,0.000000,0.000000,-1515.782837,348.049377,758.090515,1310.599854
32.7404,True,0.000000,0.000000,0.000000,0.000000,0.000000,0.000000,-1.849916,1.189219,-1.981986,-1.885053,-1.849916,1.189219,-1.981930,-1.885053,0.000000,0.000000,0.000000,0.000000,0.000000,0.000000,0.000000,0.000000,-1515.782837,348.049377,758.090515,1310.599854
32.7604,True,0.000000,0.000000,0.000000,0.000000,0.000000,0.000000,-1.849655,1.189219,-1.981874,-1.885053,-1.849655,1.189674,-1.981930,-1.885053,0.000000,0.000000,0.000000,0.000000,0.000000,0.000000,0.000000,0.000000,-1515.782837,348.049377,758.090515,1310.599854
32.7804,True,0.000000,0.000000,0.000000,0.000000,0.000000,0.000000,-1.849655,1.189219,-1.981874,-1.885053,-1.849655,1.189025,-1.981874,-1.885053,0.000000,0.000000,0.000000,0.000000,0.000000,0.000000,0.000000,0.000000,-1515.782837,348.049377,758.090515,1310.599854
32.8004,True,0.000000,0.000000,0.000000,0.000000,0.000000,0.000000,-1.849655,1.189219,-1.981930,-1.885053,-1.849655,1.189674,-1.981986,-1.885053,0.000000,0.000000,0.000000,0.000000,0.000000,0.000000,0.000000,0.000000,-1515.782837,348.049377,758.090515,1310.599854
32.8205,True,0.000000,0.000000,0.000000,0.000000,0.000000,0.000000,-1.849655,1.189413,-1.981343,-1.885053,-1.850035,1.189219,-1.981930,-1.885053,0.000000,0.000000,0.000000,0.000000,0.000000,0.000000,0.000000,0.000000,-1515.782837,348.049377,758.090515,1310.599854
32.8404,True,0.000000,0.000000,0.000000,0.000000,0.000000,0.000000,-1.849916,1.189413,-1.981986,-1.885053,-1.849916,1.189219,-1.981986,-1.885053,0.000000,0.000000,0.000000,0.000000,0.000000,0.000000,0.000000,0.000000,-1515.782837,348.049377,758.090515,1310.599854
32.8604,True,0.000000,0.000000,0.000000,0.000000,0.000000,0.000000,-1.849655,1.189219,-1.981930,-1.885053,-1.849655,1.189219,-1.981986,-1.885053,0.000000,0.000000,0.000000,0.000000,0.000000,0.000000,0.000000,0.000000,-1515.782837,348.049377,758.090515,1310.599854
32.8804,True,0.000000,0.000000,0.000000,0.000000,0.000000,0.000000,-1.849655,1.189674,-1.981930,-1.885053,-1.849655,1.189674,-1.981930,-1.885053,0.000000,0.000000,0.000000,0.000000,0.000000,0.000000,0.000000,0.000000,-1515.782837,348.049377,758.090515,1310.599854
32.9004,True,0.000000,0.000000,0.000000,0.000000,0.000000,0.000000,-1.849394,1.189481,-1.981986,-1.885053,-1.849394,1.189674,-1.981986,-1.885053,0.000000,0.000000,0.000000,0.000000,0.000000,0.000000,0.000000,0.000000,-1515.782837,348.049377,758.090515,1310.599854
32.9204,True,0.000000,0.000000,0.000000,0.000000,0.000000,0.000000,-1.849655,1.189481,-1.981986,-1.885053,-1.849655,1.189481,-1.981986,-1.885053,0.000000,0.000000,0.000000,0.000000,0.000000,0.000000,0.000000,0.000000,-1515.782837,348.049377,758.090515,1310.599854
32.9404,True,0.000000,0.000000,0.000000,0.000000,0.000000,0.000000,-1.849655,1.189481,-1.981986,-1.885053,-1.849655,1.189481,-1.981986,-1.885053,0.000000,0.000000,0.000000,0.000000,0.000000,0.000000,0.000000,0.000000,-1515.782837,348.049377,758.090515,1310.599854
32.9604,True,0.000000,0.000000,0.000000,0.000000,0.000000,0.000000,-1.849655,1.189481,-1.981986,-1.885053,-1.849655,1.189481,-1.981986,-1.884810,0.000000,0.000000,0.000000,0.000000,0.000000,0.000000,0.000000,0.000000,-1515.782837,348.049377,758.090515,1310.599854
32.9804,True,0.000000,0.000000,0.000000,0.000000,0.000000,0.000000,-1.849655,1.189481,-1.981986,-1.885053,-1.850035,1.189481,-1.981986,-1.885053,0.000000,0.000000,0.000000,0.000000,0.000000,0.000000,0.000000,0.000000,-1515.782837,348.049377,758.090515,1310.599854
33.0004,True,0.000000,0.000000,0.000000,0.000000,0.000000,0.000000,-1.849655,1.189481,-1.981986,-1.885053,-1.849655,1.189481,-1.981986,-1.885053,0.000000,0.000000,0.000000,0.000000,0.000000,0.000000,0.000000,0.000000,-1515.782837,348.049377,758.090515,1310.599854
33.0204,True,0.000000,0.000000,0.000000,0.000000,0.000000,0.000000,-1.850035,1.189481,-1.981986,-1.885297,-1.850035,1.189481,-1.981343,-1.885297,0.000000,0.000000,0.000000,0.000000,0.000000,0.000000,0.000000,0.000000,-1515.782837,348.049377,758.090515,1310.599854
33.0404,True,0.000000,0.000000,0.000000,0.000000,0.000000,0.000000,-1.849655,1.189481,-1.981986,-1.884889,-1.849916,1.189481,-1.981343,-1.884645,0.000000,0.000000,0.000000,0.000000,0.000000,0.000000,0.000000,0.000000,-1515.782837,348.049377,758.090515,1310.599854
33.0604,True,0.000000,0.000000,0.000000,0.000000,0.000000,0.000000,-1.849655,1.189481,-1.981930,-1.884889,-1.849655,1.189481,-1.981343,-1.884889,0.000000,0.000000,0.000000,0.000000,0.000000,0.000000,0.000000,0.000000,-1515.782837,348.049377,758.090515,1310.599854
33.0804,True,0.000000,0.000000,0.000000,0.000000,0.000000,0.000000,-1.849655,1.189481,-1.982041,-1.884645,-1.849655,1.189219,-1.982041,-1.884645,0.000000,0.000000,0.000000,0.000000,0.000000,0.000000,0.000000,0.000000,-1515.782837,348.049377,758.090515,1310.599854
33.1003,True,0.000000,0.000000,0.000000,0.000000,0.000000,0.000000,-1.849655,1.189674,-1.981986,-1.885297,-1.849655,1.189674,-1.981986,-1.885297,0.000000,0.000000,0.000000,0.000000,0.000000,0.000000,0.000000,0.000000,-1515.782837,348.049377,758.090515,1310.599854
33.1204,True,0.000000,0.000000,0.000000,0.000000,0.000000,0.000000,-1.849655,1.189219,-1.981930,-1.884645,-1.849655,1.189219,-1.981930,-1.884645,0.000000,0.000000,0.000000,0.000000,0.000000,0.000000,0.000000,0.000000,-1515.782837,348.049377,758.090515,1310.599854
33.1404,True,0.000000,0.000000,0.000000,0.000000,0.000000,0.000000,-1.849655,1.189413,-1.981986,-1.885297,-1.849655,1.189219,-1.981986,-1.885297,0.000000,0.000000,0.000000,0.000000,0.000000,0.000000,0.000000,0.000000,-1515.782837,348.049377,758.090515,1310.599854
33.1603,True,0.000000,0.000000,0.000000,0.000000,0.000000,0.000000,-1.849655,1.189219,-1.981874,-1.884480,-1.849655,1.189219,-1.981874,-1.884480,0.000000,0.000000,0.000000,0.000000,0.000000,0.000000,0.000000,0.000000,-1515.782837,348.049377,758.090515,1310.599854
33.1804,True,0.000000,0.000000,0.000000,0.000000,0.000000,0.000000,-1.849655,1.189674,-1.981930,-1.884889,-1.849655,1.189219,-1.981874,-1.884889,0.000000,0.000000,0.000000,0.000000,0.000000,0.000000,0.000000,0.000000,-1515.782837,348.049377,758.090515,1310.599854
33.2004,True,0.000000,0.000000,0.000000,0.000000,0.000000,0.000000,-1.849655,1.189219,-1.981874,-1.885297,-1.849655,1.189219,-1.981930,-1.885053,0.000000,0.000000,0.000000,0.000000,0.000000,0.000000,0.000000,0.000000,-1515.782837,348.049377,758.090515,1310.599854
33.2204,True,0.000000,0.000000,0.000000,0.000000,0.000000,0.000000,-1.849655,1.189219,-1.981930,-1.885053,-1.849655,1.189219,-1.981930,-1.885053,0.000000,0.000000,0.000000,0.000000,0.000000,0.000000,0.000000,0.000000,-1515.782837,348.049377,758.090515,1310.599854
33.2404,True,0.000000,0.000000,0.000000,0.000000,0.000000,0.000000,-1.849655,1.189219,-1.981930,-1.885053,-1.849655,1.189219,-1.981930,-1.885053,0.000000,0.000000,0.000000,0.000000,0.000000,0.000000,0.000000,0.000000,-1515.782837,348.049377,758.090515,1310.599854
33.2604,True,0.000000,0.000000,0.000000,0.000000,0.000000,0.000000,-1.849655,1.189219,-1.981930,-1.884645,-1.849655,1.189219,-1.981930,-1.885053,0.000000,0.000000,0.000000,0.000000,0.000000,0.000000,0.000000,0.000000,-1515.782837,348.049377,758.090515,1310.599854
33.2804,True,0.000000,0.000000,0.000000,0.000000,0.000000,0.000000,-1.849655,1.189219,-1.981930,-1.885053,-1.849655,1.189219,-1.981986,-1.885053,0.000000,0.000000,0.000000,0.000000,0.000000,0.000000,0.000000,0.000000,-1515.782837,348.049377,758.090515,1310.599854
33.3004,True,0.000000,0.000000,0.000000,0.000000,0.000000,0.000000,-1.849655,1.189219,-1.981930,-1.885053,-1.849655,1.189219,-1.981986,-1.885053,0.000000,0.000000,0.000000,0.000000,0.000000,0.000000,0.000000,0.000000,-1515.782837,348.049377,758.090515,1310.599854
33.3204,True,0.000000,0.000000,0.000000,0.000000,0.000000,0.000000,-1.849655,1.189219,-1.981930,-1.885053,-1.849655,1.189219,-1.981343,-1.885053,0.000000,0.000000,0.000000,0.000000,0.000000,0.000000,0.000000,0.000000,-1515.782837,348.049377,758.090515,1310.599854
33.3404,True,0.000000,0.000000,0.000000,0.000000,0.000000,0.000000,-1.849655,1.189219,-1.981874,-1.884645,-1.849655,1.189674,-1.981874,-1.884645,0.000000,0.000000,0.000000,0.000000,0.000000,0.000000,0.000000,0.000000,-1515.782837,348.049377,758.090515,1310.599854
33.3604,True,0.000000,0.000000,0.000000,0.000000,0.000000,0.000000,-1.849655,1.189219,-1.981930,-1.885053,-1.849655,1.189219,-1.981986,-1.885053,0.000000,0.000000,0.000000,0.000000,0.000000,0.000000,0.000000,0.000000,-1515.782837,348.049377,758.090515,1310.599854
33.3804,True,0.000000,0.000000,0.000000,0.000000,0.000000,0.000000,-1.849655,1.189025,-1.981986,-1.885053,-1.849655,1.189025,-1.981986,-1.885053,0.000000,0.000000,0.000000,0.000000,0.000000,0.000000,0.000000,0.000000,-1515.782837,348.049377,758.090515,1310.599854
33.4004,True,0.000000,0.000000,0.000000,0.000000,0.000000,0.000000,-1.849655,1.189674,-1.981986,-1.885053,-1.849655,1.189219,-1.981986,-1.885297,0.000000,0.000000,0.000000,0.000000,0.000000,0.000000,0.000000,0.000000,-1515.782837,348.049377,758.090515,1310.599854
33.4204,True,0.000000,0.000000,0.000000,0.000000,0.000000,0.000000,-1.849655,1.189413,-1.981986,-1.885297,-1.849655,1.189413,-1.981986,-1.884645,0.000000,0.000000,0.000000,0.000000,0.000000,0.000000,0.000000,0.000000,-1515.782837,348.049377,758.090515,1310.599854
33.4405,True,0.000000,0.000000,0.000000,0.000000,0.000000,0.000000,-1.849655,1.189025,-1.981343,-1.885053,-1.849655,1.189025,-1.981343,-1.885053,0.000000,0.000000,0.000000,0.000000,0.000000,0.000000,0.000000,0.000000,-1515.782837,348.049377,758.090515,1310.599854
33.4604,True,0.000000,0.000000,0.000000,0.000000,0.000000,0.000000,-1.849655,1.189219,-1.981399,-1.885053,-1.849655,1.189219,-1.981399,-1.885053,0.000000,0.000000,0.000000,0.000000,0.000000,0.000000,0.000000,0.000000,-1515.782837,348.049377,758.090515,1310.599854
33.4804,True,0.000000,0.000000,0.000000,0.000000,0.000000,0.000000,-1.849655,1.189219,-1.981399,-1.885053,-1.849655,1.189219,-1.981399,-1.885053,0.000000,0.000000,0.000000,0.000000,0.000000,0.000000,0.000000,0.000000,-1515.782837,348.049377,758.090515,1310.599854
33.5004,True,0.000000,0.000000,0.000000,0.000000,0.000000,0.000000,-1.849655,1.189219,-1.981399,-1.885053,-1.849655,1.189219,-1.981399,-1.884645,0.000000,0.000000,0.000000,0.000000,0.000000,0.000000,0.000000,0.000000,-1515.782837,348.049377,758.090515,1310.599854
33.5204,True,0.000000,0.000000,0.000000,0.000000,0.000000,0.000000,-1.849655,1.189219,-1.981986,-1.885053,-1.849655,1.189219,-1.981986,-1.885053,0.000000,0.000000,0.000000,0.000000,0.000000,0.000000,0.000000,0.000000,-1515.782837,348.049377,758.090515,1310.599854
33.5405,True,0.000000,0.000000,0.000000,0.000000,0.000000,0.000000,-1.849655,1.189219,-1.981986,-1.885053,-1.849655,1.189413,-1.981986,-1.885053,0.000000,0.000000,0.000000,0.000000,0.000000,0.000000,0.000000,0.000000,-1515.782837,348.049377,758.090515,1310.599854
33.5603,True,0.000000,0.000000,0.000000,0.000000,0.000000,0.000000,-1.849655,1.189219,-1.981986,-1.885462,-1.849655,1.189219,-1.981986,-1.885462,0.000000,0.000000,0.000000,0.000000,0.000000,0.000000,0.000000,0.000000,-1515.782837,348.049377,758.090515,1310.599854
33.5804,True,0.000000,0.000000,0.000000,0.000000,0.000000,0.000000,-1.849655,1.189413,-1.981986,-1.884645,-1.849655,1.189413,-1.981986,-1.885053,0.000000,0.000000,0.000000,0.000000,0.000000,0.000000,0.000000,0.000000,-1515.782837,348.049377,758.090515,1310.599854
33.6004,True,0.000000,0.000000,0.000000,0.000000,0.000000,0.000000,-1.850035,1.189413,-1.981986,-1.885053,-1.850035,1.189413,-1.981986,-1.885053,0.000000,0.000000,0.000000,0.000000,0.000000,0.000000,0.000000,0.000000,-1515.782837,348.049377,758.090515,1310.599854
33.6204,True,0.000000,0.000000,0.000000,0.000000,0.000000,0.000000,-1.849655,1.189413,-1.981986,-1.885053,-1.850035,1.189413,-1.981986,-1.885053,0.000000,0.000000,0.000000,0.000000,0.000000,0.000000,0.000000,0.000000,-1515.782837,348.049377,758.090515,1310.599854
33.6404,True,0.000000,0.000000,0.000000,0.000000,0.000000,0.000000,-1.850035,1.189413,-1.981986,-1.885053,-1.850035,1.189413,-1.981986,-1.885053,0.000000,0.000000,0.000000,0.000000,0.000000,0.000000,0.000000,0.000000,-1515.782837,348.049377,758.090515,1310.599854
33.6604,True,0.000000,0.000000,0.000000,0.000000,0.000000,0.000000,-1.849394,1.189413,-1.981986,-1.885053,-1.849394,1.189413,-1.981986,-1.885053,0.000000,0.000000,0.000000,0.000000,0.000000,0.000000,0.000000,0.000000,-1515.782837,348.049377,758.090515,1310.599854
33.6804,True,0.000000,0.000000,0.000000,0.000000,0.000000,0.000000,-1.849655,1.189413,-1.981986,-1.884810,-1.849655,1.189413,-1.981986,-1.885053,0.000000,0.000000,0.000000,0.000000,0.000000,0.000000,0.000000,0.000000,-1515.782837,348.049377,758.090515,1310.599854
33.7004,True,0.000000,0.000000,0.000000,0.000000,0.000000,0.000000,-1.849655,1.189413,-1.981986,-1.885297,-1.849655,1.189413,-1.981986,-1.885053,0.000000,0.000000,0.000000,0.000000,0.000000,0.000000,0.000000,0.000000,-1515.782837,348.049377,758.090515,1310.599854
33.7204,True,0.000000,0.000000,0.000000,0.000000,0.000000,0.000000,-1.849394,1.189219,-1.981986,-1.885053,-1.849394,1.189219,-1.981986,-1.885053,0.000000,0.000000,0.000000,0.000000,0.000000,0.000000,0.000000,0.000000,-1515.782837,348.049377,758.090515,1310.599854
33.7404,True,0.000000,0.000000,0.000000,0.000000,0.000000,0.000000,-1.849655,1.189219,-1.981986,-1.885462,-1.849655,1.189219,-1.981986,-1.884810,0.000000,0.000000,0.000000,0.000000,0.000000,0.000000,0.000000,0.000000,-1515.782837,348.049377,758.090515,1310.599854
33.7604,True,0.000000,0.000000,0.000000,0.000000,0.000000,0.000000,-1.849655,1.189413,-1.981986,-1.884810,-1.850297,1.189413,-1.981986,-1.885053,0.000000,0.000000,0.000000,0.000000,0.000000,0.000000,0.000000,0.000000,-1515.782837,348.049377,758.090515,1310.599854
33.7804,True,0.000000,0.000000,0.000000,0.000000,0.000000,0.000000,-1.849655,1.189219,-1.981986,-1.884810,-1.849655,1.189219,-1.981986,-1.884810,0.000000,0.000000,0.000000,0.000000,0.000000,0.000000,0.000000,0.000000,-1515.782837,348.049377,758.090515,1310.599854
33.8004,True,0.000000,0.000000,0.000000,0.000000,0.000000,0.000000,-1.850035,1.189413,-1.981986,-1.885053,-1.849655,1.189219,-1.981986,-1.885053,0.000000,0.000000,0.000000,0.000000,0.000000,0.000000,0.000000,0.000000,-1515.782837,348.049377,758.090515,1310.599854
33.8206,True,0.000000,0.000000,0.000000,0.000000,0.000000,0.000000,-1.850035,1.189219,-1.981986,-1.884645,-1.849655,1.189219,-1.981986,-1.884645,0.000000,0.000000,0.000000,0.000000,0.000000,0.000000,0.000000,0.000000,-1515.782837,348.049377,758.090515,1310.599854
33.8404,True,0.000000,0.000000,0.000000,0.000000,0.000000,0.000000,-1.849655,1.189413,-1.981986,-1.885053,-1.849655,1.189413,-1.981986,-1.885053,0.000000,0.000000,0.000000,0.000000,0.000000,0.000000,0.000000,0.000000,-1515.782837,348.049377,758.090515,1310.599854
33.8604,True,0.000000,0.000000,0.000000,0.000000,0.000000,0.000000,-1.849655,1.189413,-1.981986,-1.885053,-1.849394,1.189413,-1.981986,-1.885053,0.000000,0.000000,0.000000,0.000000,0.000000,0.000000,0.000000,0.000000,-1515.782837,348.049377,758.090515,1310.599854
33.8804,True,0.000000,0.000000,0.000000,0.000000,0.000000,0.000000,-1.850035,1.189413,-1.981986,-1.885053,-1.850035,1.189413,-1.981986,-1.885053,0.000000,0.000000,0.000000,0.000000,0.000000,0.000000,0.000000,0.000000,-1515.782837,348.049377,758.090515,1310.599854
33.9004,True,0.000000,0.000000,0.000000,0.000000,0.000000,0.000000,-1.849394,1.189413,-1.981874,-1.884645,-1.850035,1.189413,-1.981986,-1.885053,0.000000,0.000000,0.000000,0.000000,0.000000,0.000000,0.000000,0.000000,-1515.782837,348.049377,758.090515,1310.599854
33.9204,True,0.000000,0.000000,0.000000,0.000000,0.000000,0.000000,-1.849655,1.189413,-1.981930,-1.885053,-1.849394,1.189413,-1.981986,-1.885053,0.000000,0.000000,0.000000,0.000000,0.000000,0.000000,0.000000,0.000000,-1515.782837,348.049377,758.090515,1310.599854
33.9404,True,0.000000,0.000000,0.000000,0.000000,0.000000,0.000000,-1.850297,1.189413,-1.981930,-1.885053,-1.850297,1.189413,-1.981930,-1.885053,0.000000,0.000000,0.000000,0.000000,0.000000,0.000000,0.000000,0.000000,-1515.782837,348.049377,758.090515,1310.599854
33.9604,True,0.000000,0.000000,0.000000,0.000000,0.000000,0.000000,-1.849655,1.189413,-1.981930,-1.885053,-1.849655,1.189413,-1.981874,-1.885462,0.000000,0.000000,0.000000,0.000000,0.000000,0.000000,0.000000,0.000000,-1515.782837,348.049377,758.090515,1310.599854
33.9804,True,0.000000,0.000000,0.000000,0.000000,0.000000,0.000000,-1.850035,1.189413,-1.981874,-1.885462,-1.850297,1.189413,-1.981874,-1.884810,0.000000,0.000000,0.000000,0.000000,0.000000,0.000000,0.000000,0.000000,-1515.782837,348.049377,758.090515,1310.599854
34.0004,True,0.000000,0.000000,0.000000,0.000000,0.000000,0.000000,-1.849916,1.189413,-1.981874,-1.885053,-1.849916,1.189413,-1.981874,-1.885053,0.000000,0.000000,0.000000,0.000000,0.000000,0.000000,0.000000,0.000000,-1515.782837,348.049377,758.090515,1310.599854
34.0204,True,0.000000,0.000000,0.000000,0.000000,0.000000,0.000000,-1.849916,1.189413,-1.981930,-1.884810,-1.849655,1.189413,-1.981874,-1.884645,0.000000,0.000000,0.000000,0.000000,0.000000,0.000000,0.000000,0.000000,-1515.782837,348.049377,758.090515,1310.599854
34.0404,True,0.000000,0.000000,0.000000,0.000000,0.000000,0.000000,-1.850035,1.189413,-1.981930,-1.885053,-1.849655,1.189413,-1.981874,-1.884810,0.000000,0.000000,0.000000,0.000000,0.000000,0.000000,0.000000,0.000000,-1515.782837,348.049377,758.090515,1310.599854
34.0604,True,0.000000,0.000000,0.000000,0.000000,0.000000,0.000000,-1.850035,1.189413,-1.981818,-1.885053,-1.850035,1.189413,-1.981874,-1.885053,0.000000,0.000000,0.000000,0.000000,0.000000,0.000000,0.000000,0.000000,-1515.782837,348.049377,758.090515,1310.599854
34.0804,True,0.000000,0.000000,0.000000,0.000000,0.000000,0.000000,-1.849394,1.189413,-1.981930,-1.884810,-1.849394,1.189413,-1.981930,-1.884810,0.000000,0.000000,0.000000,0.000000,0.000000,0.000000,0.000000,0.000000,-1515.782837,348.049377,758.090515,1310.599854
34.1007,True,0.000000,0.000000,0.000000,0.000000,0.000000,0.000000,-1.849655,1.189413,-1.981930,-1.884810,-1.849655,1.189413,-1.981930,-1.885053,0.000000,0.000000,0.000000,0.000000,0.000000,0.000000,0.000000,0.000000,-1515.782837,348.049377,758.090515,1310.599854
34.1204,True,0.000000,0.000000,0.000000,0.000000,0.000000,0.000000,-1.849655,1.189413,-1.981930,-1.884810,-1.849655,1.189413,-1.981930,-1.884810,0.000000,0.000000,0.000000,0.000000,0.000000,0.000000,0.000000,0.000000,-1515.782837,348.049377,758.090515,1310.599854
34.1404,True,0.000000,0.000000,0.000000,0.000000,0.000000,0.000000,-1.849655,1.189413,-1.981930,-1.885053,-1.849655,1.189413,-1.981986,-1.885053,0.000000,0.000000,0.000000,0.000000,0.000000,0.000000,0.000000,0.000000,-1515.782837,348.049377,758.090515,1310.599854
34.1605,True,0.000000,0.000000,0.000000,0.000000,0.000000,0.000000,-1.849655,1.189413,-1.981986,-1.884810,-1.849655,1.189413,-1.981930,-1.884810,0.000000,0.000000,0.000000,0.000000,0.000000,0.000000,0.000000,0.000000,-1515.782837,348.049377,758.090515,1310.599854
34.1804,True,0.000000,0.000000,0.000000,0.000000,0.000000,0.000000,-1.849655,1.189413,-1.981930,-1.884645,-1.849655,1.189413,-1.981930,-1.884645,0.000000,0.000000,0.000000,0.000000,0.000000,0.000000,0.000000,0.000000,-1515.782837,348.049377,758.090515,1310.599854
34.2003,True,0.000000,0.000000,0.000000,0.000000,0.000000,0.000000,-1.849655,1.189413,-1.981930,-1.885053,-1.849655,1.189413,-1.981986,-1.885462,0.000000,0.000000,0.000000,0.000000,0.000000,0.000000,0.000000,0.000000,-1515.782837,348.049377,758.090515,1310.599854
34.2203,True,0.000000,0.000000,0.000000,0.000000,0.000000,0.000000,-1.850035,1.189413,-1.981343,-1.885053,-1.850035,1.189413,-1.981343,-1.885053,0.000000,0.000000,0.000000,0.000000,0.000000,0.000000,0.000000,0.000000,-1515.782837,348.049377,758.090515,1310.599854
34.2403,True,0.000000,0.000000,0.000000,0.000000,0.000000,0.000000,-1.849655,1.189413,-1.981930,-1.885053,-1.849655,1.189413,-1.981986,-1.885053,0.000000,0.000000,0.000000,0.000000,0.000000,0.000000,0.000000,0.000000,-1515.782837,348.049377,758.090515,1310.599854
34.2603,True,0.000000,0.000000,0.000000,0.000000,0.000000,0.000000,-1.849655,1.189413,-1.981986,-1.884810,-1.849655,1.189413,-1.981986,-1.884810,0.000000,0.000000,0.000000,0.000000,0.000000,0.000000,0.000000,0.000000,-1515.782837,348.049377,758.090515,1310.599854
34.2803,True,0.000000,0.000000,0.000000,0.000000,0.000000,0.000000,-1.849655,1.189413,-1.981930,-1.885462,-1.849655,1.189413,-1.981930,-1.885462,0.000000,0.000000,0.000000,0.000000,0.000000,0.000000,0.000000,0.000000,-1515.782837,348.049377,758.090515,1310.599854
34.3004,True,0.000000,0.000000,0.000000,0.000000,0.000000,0.000000,-1.849655,1.189413,-1.981930,-1.885053,-1.849394,1.189413,-1.981986,-1.885053,0.000000,0.000000,0.000000,0.000000,0.000000,0.000000,0.000000,0.000000,-1515.782837,348.049377,758.090515,1310.599854
34.3207,True,0.000000,0.000000,0.000000,0.000000,0.000000,0.000000,-1.849394,1.189413,-1.981930,-1.885053,-1.850035,1.189413,-1.981930,-1.885053,0.000000,0.000000,0.000000,0.000000,0.000000,0.000000,0.000000,0.000000,-1515.782837,348.049377,758.090515,1310.599854
34.3404,True,0.000000,0.000000,0.000000,0.000000,0.000000,0.000000,-1.849916,1.189413,-1.981930,-1.884810,-1.849916,1.189413,-1.981930,-1.884810,0.000000,0.000000,0.000000,0.000000,0.000000,0.000000,0.000000,0.000000,-1515.782837,348.049377,758.090515,1310.599854
34.3604,True,0.000000,0.000000,0.000000,0.000000,0.000000,0.000000,-1.849655,1.189868,-1.981343,-1.885462,-1.849655,1.189868,-1.981343,-1.885462,0.000000,0.000000,0.000000,0.000000,0.000000,0.000000,0.000000,0.000000,-1515.782837,348.049377,758.090515,1310.599854
34.3804,True,0.000000,0.000000,0.000000,0.000000,0.000000,0.000000,-1.849916,1.189868,-1.981343,-1.885462,-1.849655,1.189868,-1.981930,-1.885053,0.000000,0.000000,0.000000,0.000000,0.000000,0.000000,0.000000,0.000000,-1515.782837,348.049377,758.090515,1310.599854
34.4004,True,0.000000,0.000000,0.000000,0.000000,0.000000,0.000000,-1.849655,1.189868,-1.981930,-1.885053,-1.849655,1.189868,-1.981930,-1.885297,0.000000,0.000000,0.000000,0.000000,0.000000,0.000000,0.000000,0.000000,-1515.782837,348.049377,758.090515,1310.599854
34.4204,True,0.000000,0.000000,0.000000,0.000000,0.000000,0.000000,-1.850035,1.189413,-1.981986,-1.885053,-1.850035,1.189413,-1.981986,-1.885053,0.000000,0.000000,0.000000,0.000000,0.000000,0.000000,0.000000,0.000000,-1515.782837,348.049377,758.090515,1310.599854
34.4404,True,0.000000,0.000000,0.000000,0.000000,0.000000,0.000000,-1.849655,1.189413,-1.981986,-1.885053,-1.849655,1.189413,-1.981986,-1.885297,0.000000,0.000000,0.000000,0.000000,0.000000,0.000000,0.000000,0.000000,-1515.782837,348.049377,758.090515,1310.599854
34.4604,True,0.000000,0.000000,0.000000,0.000000,0.000000,0.000000,-1.849655,1.189413,-1.981930,-1.885297,-1.849394,1.189413,-1.981930,-1.884645,0.000000,0.000000,0.000000,0.000000,0.000000,0.000000,0.000000,0.000000,-1515.782837,348.049377,758.090515,1310.599854
34.4804,True,0.000000,0.000000,0.000000,0.000000,0.000000,0.000000,-1.849655,1.189413,-1.981930,-1.885053,-1.849655,1.189413,-1.981930,-1.885053,0.000000,0.000000,0.000000,0.000000,0.000000,0.000000,0.000000,0.000000,-1515.782837,348.049377,758.090515,1310.599854
34.5004,True,0.000000,0.000000,0.000000,0.000000,0.000000,0.000000,-1.849655,1.189413,-1.981986,-1.885053,-1.849655,1.189413,-1.981986,-1.885053,0.000000,0.000000,0.000000,0.000000,0.000000,0.000000,0.000000,0.000000,-1515.782837,348.049377,758.090515,1310.599854
34.5204,True,0.000000,0.000000,0.000000,0.000000,0.000000,0.000000,-1.849916,1.189413,-1.981986,-1.884810,-1.849655,1.189413,-1.981986,-1.885053,0.000000,0.000000,0.000000,0.000000,0.000000,0.000000,0.000000,0.000000,-1515.782837,348.049377,758.090515,1310.599854
34.5405,True,0.000000,0.000000,0.000000,0.000000,0.000000,0.000000,-1.849916,1.189607,-1.981930,-1.885053,-1.849916,1.189607,-1.981930,-1.884810,0.000000,0.000000,0.000000,0.000000,0.000000,0.000000,0.000000,0.000000,-1515.782837,348.049377,758.090515,1310.599854
34.5604,True,0.000000,0.000000,0.000000,0.000000,0.000000,0.000000,-1.850035,1.189607,-1.981930,-1.884810,-1.850035,1.189219,-1.981930,-1.885053,0.000000,0.000000,0.000000,0.000000,0.000000,0.000000,0.000000,0.000000,-1515.782837,348.049377,758.090515,1310.599854
34.5804,True,0.000000,0.000000,0.000000,0.000000,0.000000,0.000000,-1.849916,1.189219,-1.981399,-1.885053,-1.849916,1.189219,-1.981986,-1.885053,0.000000,0.000000,0.000000,0.000000,0.000000,0.000000,0.000000,0.000000,-1515.782837,348.049377,758.090515,1310.599854
34.6005,True,0.000000,0.000000,0.000000,0.000000,0.000000,0.000000,-1.849655,1.189219,-1.982041,-1.884810,-1.849655,1.189219,-1.982041,-1.885297,0.000000,0.000000,0.000000,0.000000,0.000000,0.000000,0.000000,0.000000,-1515.782837,348.049377,758.090515,1310.599854
34.6204,True,0.000000,0.000000,0.000000,0.000000,0.000000,0.000000,-1.849655,1.189219,-1.981930,-1.884810,-1.849655,1.189413,-1.981930,-1.884810,0.000000,0.000000,0.000000,0.000000,0.000000,0.000000,0.000000,0.000000,-1515.782837,348.049377,758.090515,1310.599854
34.6404,True,0.000000,0.000000,0.000000,0.000000,0.000000,0.000000,-1.849655,1.189413,-1.981930,-1.885053,-1.849655,1.189413,-1.981343,-1.885053,0.000000,0.000000,0.000000,0.000000,0.000000,0.000000,0.000000,0.000000,-1515.782837,348.049377,758.090515,1310.599854
34.6604,True,0.000000,0.000000,0.000000,0.000000,0.000000,0.000000,-1.849655,1.189413,-1.981930,-1.884810,-1.849655,1.189413,-1.981930,-1.884810,0.000000,0.000000,0.000000,0.000000,0.000000,0.000000,0.000000,0.000000,-1515.782837,348.049377,758.090515,1310.599854
34.6804,True,0.000000,0.000000,0.000000,0.000000,0.000000,0.000000,-1.849916,1.189413,-1.981986,-1.884645,-1.849916,1.189607,-1.981399,-1.884645,0.000000,0.000000,0.000000,0.000000,0.000000,0.000000,0.000000,0.000000,-1515.782837,348.049377,758.090515,1310.599854
34.7004,True,0.000000,0.000000,0.000000,0.000000,0.000000,0.000000,-1.849655,1.189413,-1.981343,-1.885053,-1.849655,1.189413,-1.981343,-1.885053,0.000000,0.000000,0.000000,0.000000,0.000000,0.000000,0.000000,0.000000,-1515.782837,348.049377,758.090515,1310.599854
34.7204,True,0.000000,0.000000,0.000000,0.000000,0.000000,0.000000,-1.849655,1.189413,-1.981343,-1.885053,-1.849655,1.189413,-1.981343,-1.885053,0.000000,0.000000,0.000000,0.000000,0.000000,0.000000,0.000000,0.000000,-1515.782837,348.049377,758.090515,1310.599854
34.7404,True,0.000000,0.000000,0.000000,0.000000,0.000000,0.000000,-1.849655,1.189413,-1.981930,-1.884401,-1.849655,1.189413,-1.981930,-1.884401,0.000000,0.000000,0.000000,0.000000,0.000000,0.000000,0.000000,0.000000,-1515.782837,348.049377,758.090515,1310.599854
34.7604,True,0.000000,0.000000,0.000000,0.000000,0.000000,0.000000,-1.849655,1.189413,-1.981986,-1.884810,-1.849916,1.189413,-1.981986,-1.885462,0.000000,0.000000,0.000000,0.000000,0.000000,0.000000,0.000000,0.000000,-1515.782837,348.049377,758.090515,1310.599854
34.7804,True,0.000000,0.000000,0.000000,0.000000,0.000000,0.000000,-1.849916,1.189413,-1.981930,-1.884810,-1.849916,1.189413,-1.981930,-1.884810,0.000000,0.000000,0.000000,0.000000,0.000000,0.000000,0.000000,0.000000,-1515.782837,348.049377,758.090515,1310.599854
34.8005,True,0.000000,0.000000,0.000000,0.000000,0.000000,0.000000,-1.849655,1.189413,-1.981930,-1.885053,-1.849655,1.189413,-1.981930,-1.885053,0.000000,0.000000,0.000000,0.000000,0.000000,0.000000,0.000000,0.000000,-1515.782837,348.049377,758.090515,1310.599854
34.8205,True,0.000000,0.000000,0.000000,0.000000,0.000000,0.000000,-1.849916,1.189219,-1.981930,-1.885297,-1.849655,1.189219,-1.981930,-1.884645,0.000000,0.000000,0.000000,0.000000,0.000000,0.000000,0.000000,0.000000,-1515.782837,348.049377,758.090515,1310.599854
34.8404,True,0.000000,0.000000,0.000000,0.000000,0.000000,0.000000,-1.850035,1.189413,-1.981930,-1.884645,-1.850035,1.189413,-1.981930,-1.884645,0.000000,0.000000,0.000000,0.000000,0.000000,0.000000,0.000000,0.000000,-1515.782837,348.049377,758.090515,1310.599854
34.8604,True,0.000000,0.000000,0.000000,0.000000,0.000000,0.000000,-1.849655,1.189413,-1.981930,-1.884889,-1.849655,1.189413,-1.981930,-1.884889,0.000000,0.000000,0.000000,0.000000,0.000000,0.000000,0.000000,0.000000,-1515.782837,348.049377,758.090515,1310.599854
34.8805,True,0.000000,0.000000,0.000000,0.000000,0.000000,0.000000,-1.849773,1.189413,-1.981930,-1.884889,-1.849773,1.189413,-1.981930,-1.885053,0.000000,0.000000,0.000000,0.000000,0.000000,0.000000,0.000000,0.000000,-1515.782837,348.049377,758.090515,1310.599854
34.9004,True,0.000000,0.000000,0.000000,0.000000,0.000000,0.000000,-1.849655,1.189413,-1.981930,-1.884645,-1.849655,1.189413,-1.981930,-1.884645,0.000000,0.000000,0.000000,0.000000,0.000000,0.000000,0.000000,0.000000,-1515.782837,348.049377,758.090515,1310.599854
34.9204,True,0.000000,0.000000,0.000000,0.000000,0.000000,0.000000,-1.849916,1.189413,-1.981930,-1.885053,-1.849655,1.189413,-1.981930,-1.884889,0.000000,0.000000,0.000000,0.000000,0.000000,0.000000,0.000000,0.000000,-1515.782837,348.049377,758.090515,1310.599854
34.9404,True,0.000000,0.000000,0.000000,0.000000,0.000000,0.000000,-1.849916,1.189025,-1.981287,-1.885297,-1.849916,1.189025,-1.981930,-1.885297,0.000000,0.000000,0.000000,0.000000,0.000000,0.000000,0.000000,0.000000,-1515.782837,348.049377,758.090515,1310.599854
34.9604,True,0.000000,0.000000,0.000000,0.000000,0.000000,0.000000,-1.849655,1.189219,-1.981930,-1.885297,-1.849655,1.189413,-1.981930,-1.885297,0.000000,0.000000,0.000000,0.000000,0.000000,0.000000,0.000000,0.000000,-1515.782837,348.049377,758.090515,1310.599854
34.9804,True,0.000000,0.000000,0.000000,0.000000,0.000000,0.000000,-1.849655,1.189219,-1.981930,-1.885053,-1.849655,1.189219,-1.981930,-1.885053,0.000000,0.000000,0.000000,0.000000,0.000000,0.000000,0.000000,0.000000,-1515.782837,348.049377,758.090515,1310.599854
35.0004,True,0.000000,0.000000,0.000000,0.000000,0.000000,0.000000,-1.849394,1.189219,-1.981930,-1.885053,-1.849394,1.189219,-1.981930,-1.885053,0.000000,0.000000,0.000000,0.000000,0.000000,0.000000,0.000000,0.000000,-1515.782837,348.049377,758.090515,1310.599854
35.0203,True,0.000000,0.000000,0.000000,0.000000,0.000000,0.000000,-1.849655,1.189219,-1.981930,-1.885053,-1.849655,1.189219,-1.981930,-1.885053,0.000000,0.000000,0.000000,0.000000,0.000000,0.000000,0.000000,0.000000,-1515.782837,348.049377,758.090515,1310.599854
35.0404,True,0.000000,0.000000,0.000000,0.000000,0.000000,0.000000,-1.849655,1.189219,-1.981930,-1.885053,-1.849655,1.189219,-1.981930,-1.885053,0.000000,0.000000,0.000000,0.000000,0.000000,0.000000,0.000000,0.000000,-1515.782837,348.049377,758.090515,1310.599854
35.0604,True,0.000000,0.000000,0.000000,0.000000,0.000000,0.000000,-1.849655,1.189219,-1.981930,-1.885053,-1.849655,1.189219,-1.981930,-1.885053,0.000000,0.000000,0.000000,0.000000,0.000000,0.000000,0.000000,0.000000,-1515.782837,348.049377,758.090515,1310.599854
35.0804,True,0.000000,0.000000,0.000000,0.000000,0.000000,0.000000,-1.849655,1.189219,-1.981930,-1.885053,-1.849655,1.189219,-1.981930,-1.885053,0.000000,0.000000,0.000000,0.000000,0.000000,0.000000,0.000000,0.000000,-1515.782837,348.049377,758.090515,1310.599854
35.1004,True,0.000000,0.000000,0.000000,0.000000,0.000000,0.000000,-1.849394,1.189219,-1.981930,-1.885053,-1.849916,1.189219,-1.981930,-1.885462,0.000000,0.000000,0.000000,0.000000,0.000000,0.000000,0.000000,0.000000,-1515.782837,348.049377,758.090515,1310.599854
35.1204,True,0.000000,0.000000,0.000000,0.000000,0.000000,0.000000,-1.849655,1.189219,-1.981930,-1.885297,-1.849655,1.189219,-1.981930,-1.885053,0.000000,0.000000,0.000000,0.000000,0.000000,0.000000,0.000000,0.000000,-1515.782837,348.049377,758.090515,1310.599854
35.1404,True,0.000000,0.000000,0.000000,0.000000,0.000000,0.000000,-1.849655,1.189219,-1.981930,-1.885053,-1.849655,1.189413,-1.981930,-1.885053,0.000000,0.000000,0.000000,0.000000,0.000000,0.000000,0.000000,0.000000,-1515.782837,348.049377,758.090515,1310.599854
35.1607,True,0.000000,0.000000,0.000000,0.000000,0.000000,0.000000,-1.849916,1.189219,-1.981930,-1.885053,-1.849916,1.189219,-1.981930,-1.885053,0.000000,0.000000,0.000000,0.000000,0.000000,0.000000,0.000000,0.000000,-1515.782837,348.049377,758.090515,1310.599854
35.1804,True,0.000000,0.000000,0.000000,0.000000,0.000000,0.000000,-1.849916,1.189219,-1.981930,-1.885053,-1.849916,1.189219,-1.981930,-1.885053,0.000000,0.000000,0.000000,0.000000,0.000000,0.000000,0.000000,0.000000,-1515.782837,348.049377,758.090515,1310.599854
35.2004,True,0.000000,0.000000,0.000000,0.000000,0.000000,0.000000,-1.849655,1.189219,-1.981930,-1.885053,-1.850035,1.189219,-1.981930,-1.885053,0.000000,0.000000,0.000000,0.000000,0.000000,0.000000,0.000000,0.000000,-1515.782837,348.049377,758.090515,1310.599854
35.2204,True,0.000000,0.000000,0.000000,0.000000,0.000000,0.000000,-1.849394,1.189219,-1.981930,-1.885053,-1.849655,1.189219,-1.981930,-1.885297,0.000000,0.000000,0.000000,0.000000,0.000000,0.000000,0.000000,0.000000,-1515.782837,348.049377,758.090515,1310.599854
35.2404,True,0.000000,0.000000,0.000000,0.000000,0.000000,0.000000,-1.849655,1.189219,-1.981874,-1.885053,-1.849655,1.189219,-1.981874,-1.885053,0.000000,0.000000,0.000000,0.000000,0.000000,0.000000,0.000000,0.000000,-1515.782837,348.049377,758.090515,1310.599854
35.2604,True,0.000000,0.000000,0.000000,0.000000,0.000000,0.000000,-1.849655,1.189219,-1.981874,-1.885218,-1.849655,1.189219,-1.981874,-1.885218,0.000000,0.000000,0.000000,0.000000,0.000000,0.000000,0.000000,0.000000,-1515.782837,348.049377,758.090515,1310.599854
35.2804,True,0.000000,0.000000,0.000000,0.000000,0.000000,0.000000,-1.849655,1.189219,-1.981874,-1.885218,-1.849655,1.189219,-1.981874,-1.885218,0.000000,0.000000,0.000000,0.000000,0.000000,0.000000,0.000000,0.000000,-1515.782837,348.049377,758.090515,1310.599854
35.3004,True,0.000000,0.000000,0.000000,0.000000,0.000000,0.000000,-1.849655,1.189219,-1.981930,-1.885218,-1.849655,1.189219,-1.981874,-1.885218,0.000000,0.000000,0.000000,0.000000,0.000000,0.000000,0.000000,0.000000,-1515.782837,348.049377,758.090515,1310.599854
35.3204,True,0.000000,0.000000,0.000000,0.000000,0.000000,0.000000,-1.849655,1.189219,-1.981930,-1.885218,-1.849916,1.189219,-1.981930,-1.885218,0.000000,0.000000,0.000000,0.000000,0.000000,0.000000,0.000000,0.000000,-1515.782837,348.049377,758.090515,1310.599854
35.3404,True,0.000000,0.000000,0.000000,0.000000,0.000000,0.000000,-1.849655,1.189219,-1.981930,-1.885218,-1.849655,1.189219,-1.981930,-1.885218,0.000000,0.000000,0.000000,0.000000,0.000000,0.000000,0.000000,0.000000,-1515.782837,348.049377,758.090515,1310.599854
35.3604,True,0.000000,0.000000,0.000000,0.000000,0.000000,0.000000,-1.850035,1.189219,-1.981874,-1.885218,-1.850035,1.189219,-1.981874,-1.885218,0.000000,0.000000,0.000000,0.000000,0.000000,0.000000,0.000000,0.000000,-1515.782837,348.049377,758.090515,1310.599854
35.3804,True,0.000000,0.000000,0.000000,0.000000,0.000000,0.000000,-1.849655,1.189219,-1.981930,-1.885218,-1.849655,1.189219,-1.981930,-1.885053,0.000000,0.000000,0.000000,0.000000,0.000000,0.000000,0.000000,0.000000,-1515.782837,348.049377,758.090515,1310.599854
35.4004,True,0.000000,0.000000,0.000000,0.000000,0.000000,0.000000,-1.849394,1.189219,-1.981930,-1.885053,-1.849394,1.189219,-1.981930,-1.885053,0.000000,0.000000,0.000000,0.000000,0.000000,0.000000,0.000000,0.000000,-1515.782837,348.049377,758.090515,1310.599854
35.4204,True,0.000000,0.000000,0.000000,0.000000,0.000000,0.000000,-1.849394,1.189219,-1.981930,-1.884645,-1.849655,1.189219,-1.981930,-1.884645,0.000000,0.000000,0.000000,0.000000,0.000000,0.000000,0.000000,0.000000,-1515.782837,348.049377,758.090515,1310.599854
35.4405,True,0.000000,0.000000,0.000000,0.000000,0.000000,0.000000,-1.850035,1.189219,-1.981930,-1.884645,-1.849655,1.189219,-1.981930,-1.885053,0.000000,0.000000,0.000000,0.000000,0.000000,0.000000,0.000000,0.000000,-1515.782837,348.049377,758.090515,1310.599854
35.4604,True,0.000000,0.000000,0.000000,0.000000,0.000000,0.000000,-1.849655,1.189219,-1.981874,-1.885053,-1.849655,1.189219,-1.981874,-1.885053,0.000000,0.000000,0.000000,0.000000,0.000000,0.000000,0.000000,0.000000,-1515.782837,348.049377,758.090515,1310.599854
35.4804,True,0.000000,0.000000,0.000000,0.000000,0.000000,0.000000,-1.850297,1.189219,-1.981930,-1.885053,-1.850297,1.189219,-1.981874,-1.885053,0.000000,0.000000,0.000000,0.000000,0.000000,0.000000,0.000000,0.000000,-1515.782837,348.049377,758.090515,1310.599854
35.5005,True,0.000000,0.000000,0.000000,0.000000,0.000000,0.000000,-1.850035,1.189219,-1.981874,-1.885053,-1.850035,1.189219,-1.981874,-1.885053,0.000000,0.000000,0.000000,0.000000,0.000000,0.000000,0.000000,0.000000,-1515.782837,348.049377,758.090515,1310.599854
35.5204,True,0.000000,0.000000,0.000000,0.000000,0.000000,0.000000,-1.849394,1.189219,-1.981874,-1.884401,-1.849394,1.189219,-1.981874,-1.884401,0.000000,0.000000,0.000000,0.000000,0.000000,0.000000,0.000000,0.000000,-1515.782837,348.049377,758.090515,1310.599854
35.5404,True,0.000000,0.000000,0.000000,0.000000,0.000000,0.000000,-1.849655,1.189219,-1.981874,-1.885053,-1.849655,1.189219,-1.981874,-1.885053,0.000000,0.000000,0.000000,0.000000,0.000000,0.000000,0.000000,0.000000,-1515.782837,348.049377,758.090515,1310.599854
35.5610,True,0.000000,0.000000,0.000000,0.000000,0.000000,0.000000,-1.850035,1.189219,-1.981930,-1.885053,-1.849655,1.189219,-1.981818,-1.884645,0.000000,0.000000,0.000000,0.000000,0.000000,0.000000,0.000000,0.000000,-1515.782837,348.049377,758.090515,1310.599854
35.5804,True,0.000000,0.000000,0.000000,0.000000,0.000000,0.000000,-1.849916,1.189219,-1.981874,-1.885053,-1.849916,1.189219,-1.981874,-1.885053,0.000000,0.000000,0.000000,0.000000,0.000000,0.000000,0.000000,0.000000,-1515.782837,348.049377,758.090515,1310.599854
35.6004,True,0.000000,0.000000,0.000000,0.000000,0.000000,0.000000,-1.849655,1.189219,-1.981930,-1.885053,-1.849655,1.189219,-1.981874,-1.885053,0.000000,0.000000,0.000000,0.000000,0.000000,0.000000,0.000000,0.000000,-1515.782837,348.049377,758.090515,1310.599854
35.6207,True,0.000000,0.000000,0.000000,0.000000,0.000000,0.000000,-1.849655,1.189219,-1.981874,-1.884810,-1.849655,1.189219,-1.981874,-1.885053,0.000000,0.000000,0.000000,0.000000,0.000000,0.000000,0.000000,0.000000,-1515.782837,348.049377,758.090515,1310.599854
35.6405,True,0.000000,0.000000,0.000000,0.000000,0.000000,0.000000,-1.850297,1.189219,-1.981986,-1.885053,-1.850297,1.189219,-1.981874,-1.885053,0.000000,0.000000,0.000000,0.000000,0.000000,0.000000,0.000000,0.000000,-1515.782837,348.049377,758.090515,1310.599854
35.6605,True,0.000000,0.000000,0.000000,0.000000,0.000000,0.000000,-1.849655,1.189219,-1.981874,-1.885053,-1.849916,1.189219,-1.981930,-1.885053,0.000000,0.000000,0.000000,0.000000,0.000000,0.000000,0.000000,0.000000,-1515.782837,348.049377,758.090515,1310.599854
35.6806,True,0.000000,0.000000,0.000000,0.000000,0.000000,0.000000,-1.849655,1.189219,-1.981930,-1.885053,-1.849655,1.189219,-1.981930,-1.885053,0.000000,0.000000,0.000000,0.000000,0.000000,0.000000,0.000000,0.000000,-1515.782837,348.049377,758.090515,1310.599854
35.7004,True,0.000000,0.000000,0.000000,0.000000,0.000000,0.000000,-1.849655,1.189219,-1.981930,-1.885053,-1.849655,1.189219,-1.981818,-1.885053,0.000000,0.000000,0.000000,0.000000,0.000000,0.000000,0.000000,0.000000,-1515.782837,348.049377,758.090515,1310.599854
35.7204,True,0.000000,0.000000,0.000000,0.000000,0.000000,0.000000,-1.849394,1.189219,-1.981986,-1.884810,-1.849655,1.189219,-1.981986,-1.885053,0.000000,0.000000,0.000000,0.000000,0.000000,0.000000,0.000000,0.000000,-1515.782837,348.049377,758.090515,1310.599854
35.7405,True,0.000000,0.000000,0.000000,0.000000,0.000000,0.000000,-1.850035,1.189219,-1.981930,-1.885053,-1.850035,1.189219,-1.981930,-1.884645,0.000000,0.000000,0.000000,0.000000,0.000000,0.000000,0.000000,0.000000,-1515.782837,348.049377,758.090515,1310.599854
35.7604,True,0.000000,0.000000,0.000000,0.000000,0.000000,0.000000,-1.850035,1.189674,-1.981930,-1.884889,-1.849394,1.189674,-1.981287,-1.885053,0.000000,0.000000,0.000000,0.000000,0.000000,0.000000,0.000000,0.000000,-1515.782837,348.049377,758.090515,1310.599854
35.7804,True,0.000000,0.000000,0.000000,0.000000,0.000000,0.000000,-1.849655,1.189674,-1.981874,-1.885297,-1.849916,1.189674,-1.981874,-1.884645,0.000000,0.000000,0.000000,0.000000,0.000000,0.000000,0.000000,0.000000,-1515.782837,348.049377,758.090515,1310.599854
35.8005,True,0.000000,0.000000,0.000000,0.000000,0.000000,0.000000,-1.849916,1.189219,-1.981874,-1.885053,-1.849916,1.189219,-1.981930,-1.884810,0.000000,0.000000,0.000000,0.000000,0.000000,0.000000,0.000000,0.000000,-1515.782837,348.049377,758.090515,1310.599854
35.8204,True,0.000000,0.000000,0.000000,0.000000,0.000000,0.000000,-1.849916,1.189219,-1.981874,-1.885053,-1.849916,1.189674,-1.981930,-1.885462,0.000000,0.000000,0.000000,0.000000,0.000000,0.000000,0.000000,0.000000,-1515.782837,348.049377,758.090515,1310.599854
35.8404,True,0.000000,0.000000,0.000000,0.000000,0.000000,0.000000,-1.849655,1.189674,-1.981986,-1.884645,-1.849655,1.189674,-1.981986,-1.884645,0.000000,0.000000,0.000000,0.000000,0.000000,0.000000,0.000000,0.000000,-1515.782837,348.049377,758.090515,1310.599854
35.8605,True,0.000000,0.000000,0.000000,0.000000,0.000000,0.000000,-1.849655,1.189674,-1.981986,-1.885297,-1.849655,1.189674,-1.981986,-1.885297,0.000000,0.000000,0.000000,0.000000,0.000000,0.000000,0.000000,0.000000,-1515.782837,348.049377,758.090515,1310.599854
35.8804,True,0.000000,0.000000,0.000000,0.000000,0.000000,0.000000,-1.849655,1.189674,-1.981930,-1.885297,-1.849655,1.189674,-1.981930,-1.885297,0.000000,0.000000,0.000000,0.000000,0.000000,0.000000,0.000000,0.000000,-1515.782837,348.049377,758.090515,1310.599854
35.9004,True,0.000000,0.000000,0.000000,0.000000,0.000000,0.000000,-1.850035,1.189674,-1.981930,-1.884645,-1.849916,1.189674,-1.981874,-1.885053,0.000000,0.000000,0.000000,0.000000,0.000000,0.000000,0.000000,0.000000,-1515.782837,348.049377,758.090515,1310.599854
35.9204,True,0.000000,0.000000,0.000000,0.000000,0.000000,0.000000,-1.849655,1.189674,-1.981930,-1.885053,-1.849655,1.189674,-1.981930,-1.885053,0.000000,0.000000,0.000000,0.000000,0.000000,0.000000,0.000000,0.000000,-1515.782837,348.049377,758.090515,1310.599854
35.9404,True,0.000000,0.000000,0.000000,0.000000,0.000000,0.000000,-1.849655,1.189219,-1.981874,-1.884645,-1.849655,1.189219,-1.981930,-1.884645,0.000000,0.000000,0.000000,0.000000,0.000000,0.000000,0.000000,0.000000,-1515.782837,348.049377,758.090515,1310.599854
35.9604,True,0.000000,0.000000,0.000000,0.000000,0.000000,0.000000,-1.849773,1.189219,-1.981930,-1.884889,-1.850035,1.189219,-1.981930,-1.885053,0.000000,0.000000,0.000000,0.000000,0.000000,0.000000,0.000000,0.000000,-1515.782837,348.049377,758.090515,1310.599854
35.9805,True,0.000000,0.000000,0.000000,0.000000,0.000000,0.000000,-1.849916,1.189219,-1.981874,-1.885053,-1.849655,1.189219,-1.981874,-1.885053,0.000000,0.000000,0.000000,0.000000,0.000000,0.000000,0.000000,0.000000,-1515.782837,348.049377,758.090515,1310.599854
36.0004,True,0.000000,0.000000,0.000000,0.000000,0.000000,0.000000,-1.850035,1.189219,-1.981874,-1.885297,-1.849655,1.189674,-1.981818,-1.885297,0.000000,0.000000,0.000000,0.000000,0.000000,0.000000,0.000000,0.000000,-1515.782837,348.049377,758.090515,1310.599854
36.0205,True,0.000000,0.000000,0.000000,0.000000,0.000000,0.000000,-1.849655,1.189674,-1.981818,-1.885053,-1.849655,1.189674,-1.981818,-1.885297,0.000000,0.000000,0.000000,0.000000,0.000000,0.000000,0.000000,0.000000,-1515.782837,348.049377,758.090515,1310.599854
36.0404,True,0.000000,0.000000,0.000000,0.000000,0.000000,0.000000,-1.849916,1.189674,-1.981874,-1.884645,-1.849916,1.189674,-1.981874,-1.884645,0.000000,0.000000,0.000000,0.000000,0.000000,0.000000,0.000000,0.000000,-1515.782837,348.049377,758.090515,1310.599854
36.0604,True,0.000000,0.000000,0.000000,0.000000,0.000000,0.000000,-1.849916,1.189674,-1.981818,-1.885053,-1.849916,1.189025,-1.981930,-1.885053,0.000000,0.000000,0.000000,0.000000,0.000000,0.000000,0.000000,0.000000,-1515.782837,348.049377,758.090515,1310.599854
36.0804,True,0.000000,0.000000,0.000000,0.000000,0.000000,0.000000,-1.849655,1.189025,-1.981930,-1.885462,-1.849916,1.189025,-1.981930,-1.885297,0.000000,0.000000,0.000000,0.000000,0.000000,0.000000,0.000000,0.000000,-1515.782837,348.049377,758.090515,1310.599854
36.1004,True,0.000000,0.000000,0.000000,0.000000,0.000000,0.000000,-1.849916,1.189025,-1.981874,-1.885053,-1.849916,1.189025,-1.981874,-1.885053,0.000000,0.000000,0.000000,0.000000,0.000000,0.000000,0.000000,0.000000,-1515.782837,348.049377,758.090515,1310.599854
36.1204,True,0.000000,0.000000,0.000000,0.000000,0.000000,0.000000,-1.849916,1.189674,-1.981930,-1.884645,-1.849916,1.189219,-1.981874,-1.884645,0.000000,0.000000,0.000000,0.000000,0.000000,0.000000,0.000000,0.000000,-1515.782837,348.049377,758.090515,1310.599854
36.1404,True,0.000000,0.000000,0.000000,0.000000,0.000000,0.000000,-1.849916,1.189219,-1.981874,-1.884645,-1.849655,1.189219,-1.981874,-1.885053,0.000000,0.000000,0.000000,0.000000,0.000000,0.000000,0.000000,0.000000,-1515.782837,348.049377,758.090515,1310.599854
36.1605,True,0.000000,0.000000,0.000000,0.000000,0.000000,0.000000,-1.849655,1.189219,-1.981874,-1.885053,-1.850035,1.189219,-1.981930,-1.884645,0.000000,0.000000,0.000000,0.000000,0.000000,0.000000,0.000000,0.000000,-1515.782837,348.049377,758.090515,1310.599854
36.1804,True,0.000000,0.000000,0.000000,0.000000,0.000000,0.000000,-1.849916,1.189219,-1.981930,-1.885053,-1.849916,1.189219,-1.981930,-1.885053,0.000000,0.000000,0.000000,0.000000,0.000000,0.000000,0.000000,0.000000,-1515.782837,348.049377,758.090515,1310.599854
36.2004,True,0.000000,0.000000,0.000000,0.000000,0.000000,0.000000,-1.849655,1.189219,-1.981874,-1.885053,-1.849655,1.189219,-1.981930,-1.885053,0.000000,0.000000,0.000000,0.000000,0.000000,0.000000,0.000000,0.000000,-1515.782837,348.049377,758.090515,1310.599854
36.2204,True,0.000000,0.000000,0.000000,0.000000,0.000000,0.000000,-1.849655,1.189025,-1.981874,-1.885462,-1.849655,1.189481,-1.981874,-1.885462,0.000000,0.000000,0.000000,0.000000,0.000000,0.000000,0.000000,0.000000,-1515.782837,348.049377,758.090515,1310.599854
36.2404,True,0.000000,0.000000,0.000000,0.000000,0.000000,0.000000,-1.849655,1.189674,-1.981930,-1.885053,-1.849655,1.189674,-1.981930,-1.885053,0.000000,0.000000,0.000000,0.000000,0.000000,0.000000,0.000000,0.000000,-1515.782837,348.049377,758.090515,1310.599854
36.2604,True,0.000000,0.000000,0.000000,0.000000,0.000000,0.000000,-1.849394,1.189674,-1.981930,-1.885053,-1.849394,1.189481,-1.981930,-1.884810,0.000000,0.000000,0.000000,0.000000,0.000000,0.000000,0.000000,0.000000,-1515.782837,348.049377,758.090515,1310.599854
36.2804,True,0.000000,0.000000,0.000000,0.000000,0.000000,0.000000,-1.849655,1.189674,-1.981874,-1.885053,-1.849655,1.189674,-1.981874,-1.885053,0.000000,0.000000,0.000000,0.000000,0.000000,0.000000,0.000000,0.000000,-1515.782837,348.049377,758.090515,1310.599854
36.3004,True,0.000000,0.000000,0.000000,0.000000,0.000000,0.000000,-1.849916,1.189219,-1.981930,-1.885053,-1.849916,1.189219,-1.981930,-1.885053,0.000000,0.000000,0.000000,0.000000,0.000000,0.000000,0.000000,0.000000,-1515.782837,348.049377,758.090515,1310.599854
36.3204,True,0.000000,0.000000,0.000000,0.000000,0.000000,0.000000,-1.849916,1.189868,-1.981874,-1.884401,-1.849655,1.189868,-1.981874,-1.884810,0.000000,0.000000,0.000000,0.000000,0.000000,0.000000,0.000000,0.000000,-1515.782837,348.049377,758.090515,1310.599854
36.3404,True,0.000000,0.000000,0.000000,0.000000,0.000000,0.000000,-1.849655,1.189025,-1.981930,-1.884810,-1.849655,1.189025,-1.981930,-1.884810,0.000000,0.000000,0.000000,0.000000,0.000000,0.000000,0.000000,0.000000,-1515.782837,348.049377,758.090515,1310.599854
36.3604,True,0.000000,0.000000,0.000000,0.000000,0.000000,0.000000,-1.849655,1.189674,-1.981930,-1.884810,-1.849916,1.189674,-1.981930,-1.885053,0.000000,0.000000,0.000000,0.000000,0.000000,0.000000,0.000000,0.000000,-1515.782837,348.049377,758.090515,1310.599854
36.3805,True,0.000000,0.000000,0.000000,0.000000,0.000000,0.000000,-1.849537,1.189219,-1.981930,-1.884401,-1.849655,1.189481,-1.981930,-1.885053,0.000000,0.000000,0.000000,0.000000,0.000000,0.000000,0.000000,0.000000,-1515.782837,348.049377,758.090515,1310.599854
36.4004,True,0.000000,0.000000,0.000000,0.000000,0.000000,0.000000,-1.849655,1.189481,-1.981874,-1.885053,-1.849655,1.189481,-1.981874,-1.885053,0.000000,0.000000,0.000000,0.000000,0.000000,0.000000,0.000000,0.000000,-1515.782837,348.049377,758.090515,1310.599854
36.4204,True,0.000000,0.000000,0.000000,0.000000,0.000000,0.000000,-1.849655,1.189481,-1.981874,-1.885053,-1.849655,1.189481,-1.981874,-1.885053,0.000000,0.000000,0.000000,0.000000,0.000000,0.000000,0.000000,0.000000,-1515.782837,348.049377,758.090515,1310.599854
36.4404,True,0.000000,0.000000,0.000000,0.000000,0.000000,0.000000,-1.849655,1.189481,-1.981874,-1.885053,-1.849916,1.189481,-1.981874,-1.885053,0.000000,0.000000,0.000000,0.000000,0.000000,0.000000,0.000000,0.000000,-1515.782837,348.049377,758.090515,1310.599854
36.4604,True,0.000000,0.000000,0.000000,0.000000,0.000000,0.000000,-1.849655,1.189481,-1.981874,-1.885053,-1.849655,1.189481,-1.981874,-1.885053,0.000000,0.000000,0.000000,0.000000,0.000000,0.000000,0.000000,0.000000,-1515.782837,348.049377,758.090515,1310.599854
36.4804,True,0.000000,0.000000,0.000000,0.000000,0.000000,0.000000,-1.849916,1.189481,-1.981874,-1.885053,-1.849916,1.189481,-1.981874,-1.885053,0.000000,0.000000,0.000000,0.000000,0.000000,0.000000,0.000000,0.000000,-1515.782837,348.049377,758.090515,1310.599854
36.5006,True,0.000000,0.000000,0.000000,0.000000,0.000000,0.000000,-1.849655,1.189481,-1.981874,-1.885053,-1.849655,1.189481,-1.981874,-1.885053,0.000000,0.000000,0.000000,0.000000,0.000000,0.000000,0.000000,0.000000,-1515.782837,348.049377,758.090515,1310.599854
36.5204,True,0.000000,0.000000,0.000000,0.000000,0.000000,0.000000,-1.849655,1.189481,-1.981874,-1.885462,-1.849655,1.189481,-1.981874,-1.885462,0.000000,0.000000,0.000000,0.000000,0.000000,0.000000,0.000000,0.000000,-1515.782837,348.049377,758.090515,1310.599854
36.5404,True,0.000000,0.000000,0.000000,0.000000,0.000000,0.000000,-1.849655,1.189481,-1.981930,-1.885053,-1.849655,1.189481,-1.981930,-1.885297,0.000000,0.000000,0.000000,0.000000,0.000000,0.000000,0.000000,0.000000,-1515.782837,348.049377,758.090515,1310.599854
36.5608,True,0.000000,0.000000,0.000000,0.000000,0.000000,0.000000,-1.849916,1.189481,-1.981930,-1.884645,-1.849916,1.189481,-1.981930,-1.884645,0.000000,0.000000,0.000000,0.000000,0.000000,0.000000,0.000000,0.000000,-1515.782837,348.049377,758.090515,1310.599854
36.5804,True,0.000000,0.000000,0.000000,0.000000,0.000000,0.000000,-1.849916,1.189481,-1.981930,-1.885053,-1.849916,1.189481,-1.981930,-1.885053,0.000000,0.000000,0.000000,0.000000,0.000000,0.000000,0.000000,0.000000,-1515.782837,348.049377,758.090515,1310.599854
36.6004,True,0.000000,0.000000,0.000000,0.000000,0.000000,0.000000,-1.849916,1.189481,-1.981930,-1.885297,-1.849655,1.189481,-1.981930,-1.885053,0.000000,0.000000,0.000000,0.000000,0.000000,0.000000,0.000000,0.000000,-1515.782837,348.049377,758.090515,1310.599854
36.6205,True,0.000000,0.000000,0.000000,0.000000,0.000000,0.000000,-1.849655,1.189481,-1.981930,-1.885053,-1.849655,1.189481,-1.981930,-1.885053,0.000000,0.000000,0.000000,0.000000,0.000000,0.000000,0.000000,0.000000,-1515.782837,348.049377,758.090515,1310.599854
36.6404,True,0.000000,0.000000,0.000000,0.000000,0.000000,0.000000,-1.849916,1.189481,-1.981986,-1.885218,-1.849916,1.189481,-1.981986,-1.885218,0.000000,0.000000,0.000000,0.000000,0.000000,0.000000,0.000000,0.000000,-1515.782837,348.049377,758.090515,1310.599854
36.6604,True,0.000000,0.000000,0.000000,0.000000,0.000000,0.000000,-1.849916,1.189481,-1.981986,-1.885218,-1.849916,1.189481,-1.981986,-1.885218,0.000000,0.000000,0.000000,0.000000,0.000000,0.000000,0.000000,0.000000,-1515.782837,348.049377,758.090515,1310.599854
36.6804,True,0.000000,0.000000,0.000000,0.000000,0.000000,0.000000,-1.849655,1.189481,-1.981986,-1.885218,-1.849655,1.189481,-1.981986,-1.884810,0.000000,0.000000,0.000000,0.000000,0.000000,0.000000,0.000000,0.000000,-1515.782837,348.049377,758.090515,1310.599854
36.7004,True,0.000000,0.000000,0.000000,0.000000,0.000000,0.000000,-1.849655,1.189481,-1.981874,-1.885053,-1.849655,1.189481,-1.981874,-1.885053,0.000000,0.000000,0.000000,0.000000,0.000000,0.000000,0.000000,0.000000,-1515.782837,348.049377,758.090515,1310.599854
36.7204,True,0.000000,0.000000,0.000000,0.000000,0.000000,0.000000,-1.849916,1.189481,-1.981874,-1.885053,-1.849916,1.189481,-1.981874,-1.885053,0.000000,0.000000,0.000000,0.000000,0.000000,0.000000,0.000000,0.000000,-1515.782837,348.049377,758.090515,1310.599854
36.7404,True,0.000000,0.000000,0.000000,0.000000,0.000000,0.000000,-1.849394,1.189481,-1.981874,-1.884645,-1.849394,1.189481,-1.981874,-1.884645,0.000000,0.000000,0.000000,0.000000,0.000000,0.000000,0.000000,0.000000,-1515.782837,348.049377,758.090515,1310.599854
36.7604,True,0.000000,0.000000,0.000000,0.000000,0.000000,0.000000,-1.849655,1.189481,-1.981930,-1.885053,-1.849655,1.189481,-1.981930,-1.884645,0.000000,0.000000,0.000000,0.000000,0.000000,0.000000,0.000000,0.000000,-1515.782837,348.049377,758.090515,1310.599854
36.7804,True,0.000000,0.000000,0.000000,0.000000,0.000000,0.000000,-1.849916,1.189481,-1.981930,-1.885053,-1.849916,1.189481,-1.981930,-1.884645,0.000000,0.000000,0.000000,0.000000,0.000000,0.000000,0.000000,0.000000,-1515.782837,348.049377,758.090515,1310.599854
36.8004,True,0.000000,0.000000,0.000000,0.000000,0.000000,0.000000,-1.849655,1.189481,-1.981343,-1.885053,-1.849655,1.189481,-1.981343,-1.885053,0.000000,0.000000,0.000000,0.000000,0.000000,0.000000,0.000000,0.000000,-1515.782837,348.049377,758.090515,1310.599854
36.8204,True,0.000000,0.000000,0.000000,0.000000,0.000000,0.000000,-1.849916,1.189481,-1.981343,-1.885053,-1.849916,1.189481,-1.981986,-1.885053,0.000000,0.000000,0.000000,0.000000,0.000000,0.000000,0.000000,0.000000,-1515.782837,348.049377,758.090515,1310.599854
36.8404,True,0.000000,0.000000,0.000000,0.000000,0.000000,0.000000,-1.849916,1.189481,-1.981986,-1.884645,-1.849655,1.189481,-1.981986,-1.884889,0.000000,0.000000,0.000000,0.000000,0.000000,0.000000,0.000000,0.000000,-1515.782837,348.049377,758.090515,1310.599854
36.8604,True,0.000000,0.000000,0.000000,0.000000,0.000000,0.000000,-1.849655,1.189481,-1.981930,-1.884645,-1.849655,1.189481,-1.981930,-1.884645,0.000000,0.000000,0.000000,0.000000,0.000000,0.000000,0.000000,0.000000,-1515.782837,348.049377,758.090515,1310.599854
36.8804,True,0.000000,0.000000,0.000000,0.000000,0.000000,0.000000,-1.849916,1.189219,-1.981930,-1.884889,-1.849655,1.189219,-1.981930,-1.884889,0.000000,0.000000,0.000000,0.000000,0.000000,0.000000,0.000000,0.000000,-1515.782837,348.049377,758.090515,1310.599854
36.9004,True,0.000000,0.000000,0.000000,0.000000,0.000000,0.000000,-1.849916,1.189219,-1.981874,-1.885053,-1.849916,1.189219,-1.981874,-1.885053,0.000000,0.000000,0.000000,0.000000,0.000000,0.000000,0.000000,0.000000,-1515.782837,348.049377,758.090515,1310.599854
36.9204,True,0.000000,0.000000,0.000000,0.000000,0.000000,0.000000,-1.849916,1.189219,-1.981930,-1.884401,-1.849916,1.189219,-1.981930,-1.884401,0.000000,0.000000,0.000000,0.000000,0.000000,0.000000,0.000000,0.000000,-1515.782837,348.049377,758.090515,1310.599854
36.9404,True,0.000000,0.000000,0.000000,0.000000,0.000000,0.000000,-1.850178,1.189219,-1.981930,-1.885297,-1.849916,1.189413,-1.981986,-1.885297,0.000000,0.000000,0.000000,0.000000,0.000000,0.000000,0.000000,0.000000,-1515.782837,348.049377,758.090515,1310.599854
36.9606,True,0.000000,0.000000,0.000000,0.000000,0.000000,0.000000,-1.849916,1.189413,-1.981986,-1.885053,-1.849655,1.189413,-1.981287,-1.885053,0.000000,0.000000,0.000000,0.000000,0.000000,0.000000,0.000000,0.000000,-1515.782837,348.049377,758.090515,1310.599854
36.9804,True,0.000000,0.000000,0.000000,0.000000,0.000000,0.000000,-1.849916,1.189413,-1.981986,-1.885053,-1.849916,1.189413,-1.981287,-1.885297,0.000000,0.000000,0.000000,0.000000,0.000000,0.000000,0.000000,0.000000,-1515.782837,348.049377,758.090515,1310.599854
37.0004,True,0.000000,0.000000,0.000000,0.000000,0.000000,0.000000,-1.849916,1.189219,-1.981986,-1.884645,-1.850178,1.189219,-1.981986,-1.884645,0.000000,0.000000,0.000000,0.000000,0.000000,0.000000,0.000000,0.000000,-1515.782837,348.049377,758.090515,1310.599854
37.0205,True,0.000000,0.000000,0.000000,0.000000,0.000000,0.000000,-1.850178,1.189219,-1.981930,-1.884645,-1.849537,1.189219,-1.981930,-1.885053,0.000000,0.000000,0.000000,0.000000,0.000000,0.000000,0.000000,0.000000,-1515.782837,348.049377,758.090515,1310.599854
37.0404,True,0.000000,0.000000,0.000000,0.000000,0.000000,0.000000,-1.849916,1.189219,-1.982041,-1.884645,-1.849916,1.189413,-1.982041,-1.884645,0.000000,0.000000,0.000000,0.000000,0.000000,0.000000,0.000000,0.000000,-1515.782837,348.049377,758.090515,1310.599854
37.0604,True,0.000000,0.000000,0.000000,0.000000,0.000000,0.000000,-1.849537,1.189219,-1.981986,-1.884810,-1.849916,1.189219,-1.981986,-1.885053,0.000000,0.000000,0.000000,0.000000,0.000000,0.000000,0.000000,0.000000,-1515.782837,348.049377,758.090515,1310.599854
37.0804,True,0.000000,0.000000,0.000000,0.000000,0.000000,0.000000,-1.849655,1.189219,-1.981930,-1.884810,-1.849655,1.189219,-1.981930,-1.884810,0.000000,0.000000,0.000000,0.000000,0.000000,0.000000,0.000000,0.000000,-1515.782837,348.049377,758.090515,1310.599854
37.1004,True,0.000000,0.000000,0.000000,0.000000,0.000000,0.000000,-1.849916,1.189219,-1.981930,-1.885053,-1.849916,1.189219,-1.981930,-1.885053,0.000000,0.000000,0.000000,0.000000,0.000000,0.000000,0.000000,0.000000,-1515.782837,348.049377,758.090515,1310.599854
37.1204,True,0.000000,0.000000,0.000000,0.000000,0.000000,0.000000,-1.849916,1.189413,-1.981930,-1.884645,-1.849655,1.189413,-1.981930,-1.885297,0.000000,0.000000,0.000000,0.000000,0.000000,0.000000,0.000000,0.000000,-1515.782837,348.049377,758.090515,1310.599854
37.1404,True,0.000000,0.000000,0.000000,0.000000,0.000000,0.000000,-1.850178,1.189413,-1.981930,-1.885053,-1.850178,1.189413,-1.981930,-1.885053,0.000000,0.000000,0.000000,0.000000,0.000000,0.000000,0.000000,0.000000,-1515.782837,348.049377,758.090515,1310.599854
37.1604,True,0.000000,0.000000,0.000000,0.000000,0.000000,0.000000,-1.849916,1.189413,-1.981930,-1.884810,-1.849916,1.189219,-1.981930,-1.885462,0.000000,0.000000,0.000000,0.000000,0.000000,0.000000,0.000000,0.000000,-1515.782837,348.049377,758.090515,1310.599854
37.1804,True,0.000000,0.000000,0.000000,0.000000,0.000000,0.000000,-1.850178,1.189219,-1.981930,-1.884810,-1.850178,1.189219,-1.981930,-1.884810,0.000000,0.000000,0.000000,0.000000,0.000000,0.000000,0.000000,0.000000,-1515.782837,348.049377,758.090515,1310.599854
37.2004,True,0.000000,0.000000,0.000000,0.000000,0.000000,0.000000,-1.849916,1.189219,-1.981986,-1.884401,-1.849916,1.189219,-1.981986,-1.884401,0.000000,0.000000,0.000000,0.000000,0.000000,0.000000,0.000000,0.000000,-1515.782837,348.049377,758.090515,1310.599854
37.2204,True,0.000000,0.000000,0.000000,0.000000,0.000000,0.000000,-1.850178,1.189607,-1.981874,-1.884810,-1.850178,1.189607,-1.981930,-1.884810,0.000000,0.000000,0.000000,0.000000,0.000000,0.000000,0.000000,0.000000,-1515.782837,348.049377,758.090515,1310.599854
37.2404,True,0.000000,0.000000,0.000000,0.000000,0.000000,0.000000,-1.849916,1.189219,-1.981930,-1.884810,-1.850178,1.189413,-1.981874,-1.884810,0.000000,0.000000,0.000000,0.000000,0.000000,0.000000,0.000000,0.000000,-1515.782837,348.049377,758.090515,1310.599854
37.2604,True,0.000000,0.000000,0.000000,0.000000,0.000000,0.000000,-1.849537,1.189219,-1.981930,-1.884810,-1.849537,1.189219,-1.981930,-1.884810,0.000000,0.000000,0.000000,0.000000,0.000000,0.000000,0.000000,0.000000,-1515.782837,348.049377,758.090515,1310.599854
37.2804,True,0.000000,0.000000,0.000000,0.000000,0.000000,0.000000,-1.850178,1.189219,-1.981930,-1.884810,-1.849916,1.189219,-1.981930,-1.884810,0.000000,0.000000,0.000000,0.000000,0.000000,0.000000,0.000000,0.000000,-1515.782837,348.049377,758.090515,1310.599854
37.3008,True,0.000000,0.000000,0.000000,0.000000,0.000000,0.000000,-1.849916,1.189219,-1.981930,-1.884810,-1.850178,1.189219,-1.981930,-1.884810,0.000000,0.000000,0.000000,0.000000,0.000000,0.000000,0.000000,0.000000,-1515.782837,348.049377,758.090515,1310.599854
37.3204,True,0.000000,0.000000,0.000000,0.000000,0.000000,0.000000,-1.849916,1.189219,-1.981874,-1.884810,-1.849916,1.189219,-1.981874,-1.884810,0.000000,0.000000,0.000000,0.000000,0.000000,0.000000,0.000000,0.000000,-1515.782837,348.049377,758.090515,1310.599854
37.3404,True,0.000000,0.000000,0.000000,0.000000,0.000000,0.000000,-1.849537,1.189413,-1.981986,-1.884810,-1.850178,1.189868,-1.981930,-1.884810,0.000000,0.000000,0.000000,0.000000,0.000000,0.000000,0.000000,0.000000,-1515.782837,348.049377,758.090515,1310.599854
37.3604,True,0.000000,0.000000,0.000000,0.000000,0.000000,0.000000,-1.849916,1.189413,-1.981930,-1.884810,-1.849916,1.189413,-1.981930,-1.884810,0.000000,0.000000,0.000000,0.000000,0.000000,0.000000,0.000000,0.000000,-1515.782837,348.049377,758.090515,1310.599854
37.3804,True,0.000000,0.000000,0.000000,0.000000,0.000000,0.000000,-1.849916,1.189413,-1.981930,-1.884810,-1.849916,1.189413,-1.981930,-1.884810,0.000000,0.000000,0.000000,0.000000,0.000000,0.000000,0.000000,0.000000,-1515.782837,348.049377,758.090515,1310.599854
37.4004,True,0.000000,0.000000,0.000000,0.000000,0.000000,0.000000,-1.849916,1.189025,-1.981986,-1.884810,-1.849655,1.189025,-1.981930,-1.884810,0.000000,0.000000,0.000000,0.000000,0.000000,0.000000,0.000000,0.000000,-1515.782837,348.049377,758.090515,1310.599854
37.4207,True,0.000000,0.000000,0.000000,0.000000,0.000000,0.000000,-1.849537,1.189219,-1.981930,-1.884810,-1.849537,1.189219,-1.981986,-1.884810,0.000000,0.000000,0.000000,0.000000,0.000000,0.000000,0.000000,0.000000,-1515.782837,348.049377,758.090515,1310.599854
37.4404,True,0.000000,0.000000,0.000000,0.000000,0.000000,0.000000,-1.849916,1.189413,-1.981986,-1.884810,-1.849916,1.189413,-1.981986,-1.884810,0.000000,0.000000,0.000000,0.000000,0.000000,0.000000,0.000000,0.000000,-1515.782837,348.049377,758.090515,1310.599854
37.4604,True,0.000000,0.000000,0.000000,0.000000,0.000000,0.000000,-1.849916,1.189413,-1.981986,-1.884810,-1.849655,1.189413,-1.981986,-1.884810,0.000000,0.000000,0.000000,0.000000,0.000000,0.000000,0.000000,0.000000,-1515.782837,348.049377,758.090515,1310.599854
37.4804,True,0.000000,0.000000,0.000000,0.000000,0.000000,0.000000,-1.849916,1.189413,-1.981930,-1.884810,-1.849916,1.189413,-1.981930,-1.884810,0.000000,0.000000,0.000000,0.000000,0.000000,0.000000,0.000000,0.000000,-1515.782837,348.049377,758.090515,1310.599854
37.5004,True,0.000000,0.000000,0.000000,0.000000,0.000000,0.000000,-1.849916,1.189413,-1.981930,-1.884810,-1.849916,1.189413,-1.981874,-1.884810,0.000000,0.000000,0.000000,0.000000,0.000000,0.000000,0.000000,0.000000,-1515.782837,348.049377,758.090515,1310.599854
37.5204,True,0.000000,0.000000,0.000000,0.000000,0.000000,0.000000,-1.850178,1.189025,-1.981930,-1.884810,-1.849537,1.189025,-1.981343,-1.884810,0.000000,0.000000,0.000000,0.000000,0.000000,0.000000,0.000000,0.000000,-1515.782837,348.049377,758.090515,1310.599854
37.5404,True,0.000000,0.000000,0.000000,0.000000,0.000000,0.000000,-1.849916,1.189219,-1.981930,-1.884810,-1.849916,1.189219,-1.981930,-1.884810,0.000000,0.000000,0.000000,0.000000,0.000000,0.000000,0.000000,0.000000,-1515.782837,348.049377,758.090515,1310.599854
37.5604,True,0.000000,0.000000,0.000000,0.000000,0.000000,0.000000,-1.849916,1.189413,-1.981930,-1.884810,-1.849916,1.189413,-1.981930,-1.884810,0.000000,0.000000,0.000000,0.000000,0.000000,0.000000,0.000000,0.000000,-1515.782837,348.049377,758.090515,1310.599854
37.5804,True,0.000000,0.000000,0.000000,0.000000,0.000000,0.000000,-1.849655,1.189219,-1.981930,-1.884810,-1.849916,1.189219,-1.981930,-1.884810,0.000000,0.000000,0.000000,0.000000,0.000000,0.000000,0.000000,0.000000,-1515.782837,348.049377,758.090515,1310.599854
37.6004,True,0.000000,0.000000,0.000000,0.000000,0.000000,0.000000,-1.849916,1.189219,-1.981986,-1.884810,-1.849916,1.189219,-1.981986,-1.884810,0.000000,0.000000,0.000000,0.000000,0.000000,0.000000,0.000000,0.000000,-1515.782837,348.049377,758.090515,1310.599854
37.6204,True,0.000000,0.000000,0.000000,0.000000,0.000000,0.000000,-1.849916,1.189219,-1.981930,-1.884810,-1.849655,1.189219,-1.981986,-1.884810,0.000000,0.000000,0.000000,0.000000,0.000000,0.000000,0.000000,0.000000,-1515.782837,348.049377,758.090515,1310.599854
37.6404,True,0.000000,0.000000,0.000000,0.000000,0.000000,0.000000,-1.849655,1.189219,-1.981930,-1.884810,-1.849655,1.189219,-1.981930,-1.884810,0.000000,0.000000,0.000000,0.000000,0.000000,0.000000,0.000000,0.000000,-1515.782837,348.049377,758.090515,1310.599854
37.6604,True,0.000000,0.000000,0.000000,0.000000,0.000000,0.000000,-1.849655,1.189219,-1.981986,-1.885053,-1.849916,1.189219,-1.981986,-1.885053,0.000000,0.000000,0.000000,0.000000,0.000000,0.000000,0.000000,0.000000,-1515.782837,348.049377,758.090515,1310.599854
37.6804,True,0.000000,0.000000,0.000000,0.000000,0.000000,0.000000,-1.849655,1.189219,-1.981986,-1.885297,-1.849655,1.189219,-1.981986,-1.884645,0.000000,0.000000,0.000000,0.000000,0.000000,0.000000,0.000000,0.000000,-1515.782837,348.049377,758.090515,1310.599854
37.7005,True,0.000000,0.000000,0.000000,0.000000,0.000000,0.000000,-1.849655,1.189219,-1.981986,-1.885053,-1.849655,1.189219,-1.981986,-1.884810,0.000000,0.000000,0.000000,0.000000,0.000000,0.000000,0.000000,0.000000,-1515.782837,348.049377,758.090515,1310.599854
37.7204,True,0.000000,0.000000,0.000000,0.000000,0.000000,0.000000,-1.849655,1.189219,-1.981986,-1.885053,-1.849655,1.189219,-1.981986,-1.885053,0.000000,0.000000,0.000000,0.000000,0.000000,0.000000,0.000000,0.000000,-1515.782837,348.049377,758.090515,1310.599854
37.7404,True,0.000000,0.000000,0.000000,0.000000,0.000000,0.000000,-1.849916,1.189219,-1.981986,-1.885462,-1.849916,1.189219,-1.981986,-1.885053,0.000000,0.000000,0.000000,0.000000,0.000000,0.000000,0.000000,0.000000,-1515.782837,348.049377,758.090515,1310.599854
37.7606,True,0.000000,0.000000,0.000000,0.000000,0.000000,0.000000,-1.849655,1.189219,-1.981986,-1.885462,-1.849655,1.189219,-1.981930,-1.885053,0.000000,0.000000,0.000000,0.000000,0.000000,0.000000,0.000000,0.000000,-1515.782837,348.049377,758.090515,1310.599854
37.7804,True,0.000000,0.000000,0.000000,0.000000,0.000000,0.000000,-1.849916,1.189219,-1.981930,-1.885053,-1.849916,1.189219,-1.981930,-1.885053,0.000000,0.000000,0.000000,0.000000,0.000000,0.000000,0.000000,0.000000,-1515.782837,348.049377,758.090515,1310.599854
37.8004,True,0.000000,0.000000,0.000000,0.000000,0.000000,0.000000,-1.849655,1.189219,-1.981930,-1.884810,-1.849655,1.189219,-1.981930,-1.884810,0.000000,0.000000,0.000000,0.000000,0.000000,0.000000,0.000000,0.000000,-1515.782837,348.049377,758.090515,1310.599854
37.8204,True,0.000000,0.000000,0.000000,0.000000,0.000000,0.000000,-1.849916,1.189219,-1.981930,-1.884810,-1.849916,1.189219,-1.981930,-1.884810,0.000000,0.000000,0.000000,0.000000,0.000000,0.000000,0.000000,0.000000,-1515.782837,348.049377,758.090515,1310.599854
37.8404,True,0.000000,0.000000,0.000000,0.000000,0.000000,0.000000,-1.849916,1.189219,-1.981930,-1.885053,-1.849916,1.189219,-1.981930,-1.885053,0.000000,0.000000,0.000000,0.000000,0.000000,0.000000,0.000000,0.000000,-1515.782837,348.049377,758.090515,1310.599854
37.8604,True,0.000000,0.000000,0.000000,0.000000,0.000000,0.000000,-1.849916,1.189219,-1.981930,-1.884645,-1.849916,1.189219,-1.981874,-1.884645,0.000000,0.000000,0.000000,0.000000,0.000000,0.000000,0.000000,0.000000,-1515.782837,348.049377,758.090515,1310.599854
37.8804,True,0.000000,0.000000,0.000000,0.000000,0.000000,0.000000,-1.849655,1.189219,-1.981930,-1.884645,-1.849655,1.189219,-1.981986,-1.884645,0.000000,0.000000,0.000000,0.000000,0.000000,0.000000,0.000000,0.000000,-1515.782837,348.049377,758.090515,1310.599854
37.9004,True,0.000000,0.000000,0.000000,0.000000,0.000000,0.000000,-1.850178,1.189219,-1.981930,-1.884810,-1.850178,1.189219,-1.981930,-1.884810,0.000000,0.000000,0.000000,0.000000,0.000000,0.000000,0.000000,0.000000,-1515.782837,348.049377,758.090515,1310.599854
37.9204,True,0.000000,0.000000,0.000000,0.000000,0.000000,0.000000,-1.849537,1.189219,-1.981343,-1.884810,-1.849916,1.189219,-1.981986,-1.885462,0.000000,0.000000,0.000000,0.000000,0.000000,0.000000,0.000000,0.000000,-1515.782837,348.049377,758.090515,1310.599854
37.9404,True,0.000000,0.000000,0.000000,0.000000,0.000000,0.000000,-1.850178,1.189219,-1.981930,-1.885053,-1.850178,1.189219,-1.981930,-1.885053,0.000000,0.000000,0.000000,0.000000,0.000000,0.000000,0.000000,0.000000,-1515.782837,348.049377,758.090515,1310.599854
37.9604,True,0.000000,0.000000,0.000000,0.000000,0.000000,0.000000,-1.849655,1.189219,-1.981986,-1.885053,-1.849655,1.189219,-1.981986,-1.885053,0.000000,0.000000,0.000000,0.000000,0.000000,0.000000,0.000000,0.000000,-1515.782837,348.049377,758.090515,1310.599854
37.9804,True,0.000000,0.000000,0.000000,0.000000,0.000000,0.000000,-1.849916,1.189219,-1.981930,-1.885462,-1.849916,1.189219,-1.981930,-1.885053,0.000000,0.000000,0.000000,0.000000,0.000000,0.000000,0.000000,0.000000,-1515.782837,348.049377,758.090515,1310.599854
38.0004,True,0.000000,0.000000,0.000000,0.000000,0.000000,0.000000,-1.849916,1.189219,-1.981986,-1.885053,-1.849916,1.189219,-1.981986,-1.885053,0.000000,0.000000,0.000000,0.000000,0.000000,0.000000,0.000000,0.000000,-1515.782837,348.049377,758.090515,1310.599854
38.0204,True,0.000000,0.000000,0.000000,0.000000,0.000000,0.000000,-1.849537,1.189219,-1.981986,-1.885462,-1.849537,1.189219,-1.981986,-1.885053,0.000000,0.000000,0.000000,0.000000,0.000000,0.000000,0.000000,0.000000,-1515.782837,348.049377,758.090515,1310.599854
38.0405,True,0.000000,0.000000,0.000000,0.000000,0.000000,0.000000,-1.849655,1.189219,-1.981930,-1.885053,-1.849916,1.189219,-1.981986,-1.885053,0.000000,0.000000,0.000000,0.000000,0.000000,0.000000,0.000000,0.000000,-1515.782837,348.049377,758.090515,1310.599854
38.0604,True,0.000000,0.000000,0.000000,0.000000,0.000000,0.000000,-1.849916,1.189219,-1.981986,-1.885053,-1.849916,1.189219,-1.981343,-1.885053,0.000000,0.000000,0.000000,0.000000,0.000000,0.000000,0.000000,0.000000,-1515.782837,348.049377,758.090515,1310.599854
38.0804,True,0.000000,0.000000,0.000000,0.000000,0.000000,0.000000,-1.849916,1.189219,-1.981986,-1.885462,-1.850178,1.189219,-1.981986,-1.885462,0.000000,0.000000,0.000000,0.000000,0.000000,0.000000,0.000000,0.000000,-1515.782837,348.049377,758.090515,1310.599854
38.1006,True,0.000000,0.000000,0.000000,0.000000,0.000000,0.000000,-1.849916,1.189219,-1.981986,-1.885462,-1.849655,1.189219,-1.981986,-1.885053,0.000000,0.000000,0.000000,0.000000,0.000000,0.000000,0.000000,0.000000,-1515.782837,348.049377,758.090515,1310.599854
38.1204,True,0.000000,0.000000,0.000000,0.000000,0.000000,0.000000,-1.849798,1.189219,-1.981986,-1.885053,-1.849798,1.189219,-1.981986,-1.885053,0.000000,0.000000,0.000000,0.000000,0.000000,0.000000,0.000000,0.000000,-1515.782837,348.049377,758.090515,1310.599854
38.1404,True,0.000000,0.000000,0.000000,0.000000,0.000000,0.000000,-1.849798,1.189219,-1.981986,-1.885053,-1.850178,1.189219,-1.981986,-1.885053,0.000000,0.000000,0.000000,0.000000,0.000000,0.000000,0.000000,0.000000,-1515.782837,348.049377,758.090515,1310.599854
38.1606,True,0.000000,0.000000,0.000000,0.000000,0.000000,0.000000,-1.849916,1.189219,-1.981986,-1.884810,-1.849916,1.189219,-1.982041,-1.885053,0.000000,0.000000,0.000000,0.000000,0.000000,0.000000,0.000000,0.000000,-1515.782837,348.049377,758.090515,1310.599854
38.1804,True,0.000000,0.000000,0.000000,0.000000,0.000000,0.000000,-1.849655,1.189219,-1.981930,-1.884810,-1.849655,1.189219,-1.981930,-1.884810,0.000000,0.000000,0.000000,0.000000,0.000000,0.000000,0.000000,0.000000,-1515.782837,348.049377,758.090515,1310.599854
38.2004,True,0.000000,0.000000,0.000000,0.000000,0.000000,0.000000,-1.849798,1.189674,-1.981986,-1.884810,-1.849916,1.189674,-1.981986,-1.884810,0.000000,0.000000,0.000000,0.000000,0.000000,0.000000,0.000000,0.000000,-1515.782837,348.049377,758.090515,1310.599854
38.2204,True,0.000000,0.000000,0.000000,0.000000,0.000000,0.000000,-1.849916,1.189674,-1.981399,-1.884810,-1.850178,1.189674,-1.981930,-1.884810,0.000000,0.000000,0.000000,0.000000,0.000000,0.000000,0.000000,0.000000,-1515.782837,348.049377,758.090515,1310.599854
38.2404,True,0.000000,0.000000,0.000000,0.000000,0.000000,0.000000,-1.849916,1.189674,-1.981986,-1.885297,-1.849916,1.189219,-1.981986,-1.885297,0.000000,0.000000,0.000000,0.000000,0.000000,0.000000,0.000000,0.000000,-1515.782837,348.049377,758.090515,1310.599854
38.2604,True,0.000000,0.000000,0.000000,0.000000,0.000000,0.000000,-1.849916,1.189219,-1.981343,-1.884810,-1.849916,1.189219,-1.981343,-1.884810,0.000000,0.000000,0.000000,0.000000,0.000000,0.000000,0.000000,0.000000,-1515.782837,348.049377,758.090515,1310.599854
38.2804,True,0.000000,0.000000,0.000000,0.000000,0.000000,0.000000,-1.849916,1.189219,-1.982041,-1.885053,-1.849916,1.189219,-1.982041,-1.885053,0.000000,0.000000,0.000000,0.000000,0.000000,0.000000,0.000000,0.000000,-1515.782837,348.049377,758.090515,1310.599854
38.3004,True,0.000000,0.000000,0.000000,0.000000,0.000000,0.000000,-1.849916,1.189219,-1.981930,-1.884810,-1.849916,1.189219,-1.981930,-1.885462,0.000000,0.000000,0.000000,0.000000,0.000000,0.000000,0.000000,0.000000,-1515.782837,348.049377,758.090515,1310.599854
38.3204,True,0.000000,0.000000,0.000000,0.000000,0.000000,0.000000,-1.849655,1.189219,-1.981986,-1.885218,-1.849916,1.189219,-1.981986,-1.885218,0.000000,0.000000,0.000000,0.000000,0.000000,0.000000,0.000000,0.000000,-1515.782837,348.049377,758.090515,1310.599854
38.3404,True,0.000000,0.000000,0.000000,0.000000,0.000000,0.000000,-1.849916,1.189219,-1.981343,-1.884810,-1.849916,1.189219,-1.981343,-1.884810,0.000000,0.000000,0.000000,0.000000,0.000000,0.000000,0.000000,0.000000,-1515.782837,348.049377,758.090515,1310.599854
38.3604,True,0.000000,0.000000,0.000000,0.000000,0.000000,0.000000,-1.849655,1.189219,-1.981986,-1.885053,-1.849655,1.189219,-1.982041,-1.885053,0.000000,0.000000,0.000000,0.000000,0.000000,0.000000,0.000000,0.000000,-1515.782837,348.049377,758.090515,1310.599854
38.3804,True,0.000000,0.000000,0.000000,0.000000,0.000000,0.000000,-1.849916,1.189219,-1.982041,-1.885053,-1.849655,1.189219,-1.981986,-1.884810,0.000000,0.000000,0.000000,0.000000,0.000000,0.000000,0.000000,0.000000,-1515.782837,348.049377,758.090515,1310.599854
38.4004,True,0.000000,0.000000,0.000000,0.000000,0.000000,0.000000,-1.850178,1.189219,-1.981930,-1.885462,-1.849655,1.189219,-1.981930,-1.885218,0.000000,0.000000,0.000000,0.000000,0.000000,0.000000,0.000000,0.000000,-1515.782837,348.049377,758.090515,1310.599854
38.4205,True,0.000000,0.000000,0.000000,0.000000,0.000000,0.000000,-1.849655,1.189219,-1.981930,-1.885218,-1.849916,1.189219,-1.981930,-1.884810,0.000000,0.000000,0.000000,0.000000,0.000000,0.000000,0.000000,0.000000,-1515.782837,348.049377,758.090515,1310.599854
38.4404,True,0.000000,0.000000,0.000000,0.000000,0.000000,0.000000,-1.849655,1.189219,-1.981986,-1.884810,-1.849655,1.189219,-1.981986,-1.885462,0.000000,0.000000,0.000000,0.000000,0.000000,0.000000,0.000000,0.000000,-1515.782837,348.049377,758.090515,1310.599854
38.4604,True,0.000000,0.000000,0.000000,0.000000,0.000000,0.000000,-1.849916,1.189219,-1.981986,-1.885462,-1.849916,1.189413,-1.981986,-1.885462,0.000000,0.000000,0.000000,0.000000,0.000000,0.000000,0.000000,0.000000,-1515.782837,348.049377,758.090515,1310.599854
38.4804,True,0.000000,0.000000,0.000000,0.000000,0.000000,0.000000,-1.849655,1.189413,-1.981986,-1.885053,-1.849655,1.189413,-1.981986,-1.885053,0.000000,0.000000,0.000000,0.000000,0.000000,0.000000,0.000000,0.000000,-1515.782837,348.049377,758.090515,1310.599854
38.5005,True,0.000000,0.000000,0.000000,0.000000,0.000000,0.000000,-1.849916,1.189219,-1.981986,-1.885053,-1.849916,1.189219,-1.981986,-1.885462,0.000000,0.000000,0.000000,0.000000,0.000000,0.000000,0.000000,0.000000,-1515.782837,348.049377,758.090515,1310.599854
38.5204,True,0.000000,0.000000,0.000000,0.000000,0.000000,0.000000,-1.849916,1.189219,-1.981930,-1.885053,-1.849537,1.189219,-1.981930,-1.884810,0.000000,0.000000,0.000000,0.000000,0.000000,0.000000,0.000000,0.000000,-1515.782837,348.049377,758.090515,1310.599854
38.5404,True,0.000000,0.000000,0.000000,0.000000,0.000000,0.000000,-1.849916,1.189219,-1.981986,-1.885053,-1.849916,1.189219,-1.981986,-1.885462,0.000000,0.000000,0.000000,0.000000,0.000000,0.000000,0.000000,0.000000,-1515.782837,348.049377,758.090515,1310.599854
38.5604,True,0.000000,0.000000,0.000000,0.000000,0.000000,0.000000,-1.849916,1.189219,-1.981930,-1.885053,-1.849916,1.189219,-1.981930,-1.885053,0.000000,0.000000,0.000000,0.000000,0.000000,0.000000,0.000000,0.000000,-1515.782837,348.049377,758.090515,1310.599854
38.5804,True,0.000000,0.000000,0.000000,0.000000,0.000000,0.000000,-1.850178,1.189219,-1.981930,-1.884810,-1.849916,1.189219,-1.981930,-1.884810,0.000000,0.000000,0.000000,0.000000,0.000000,0.000000,0.000000,0.000000,-1515.782837,348.049377,758.090515,1310.599854
38.6004,True,0.000000,0.000000,0.000000,0.000000,0.000000,0.000000,-1.850178,1.189219,-1.981874,-1.885053,-1.849916,1.189219,-1.981874,-1.885053,0.000000,0.000000,0.000000,0.000000,0.000000,0.000000,0.000000,0.000000,-1515.782837,348.049377,758.090515,1310.599854
38.6204,True,0.000000,0.000000,0.000000,0.000000,0.000000,0.000000,-1.849916,1.189219,-1.981930,-1.885053,-1.849916,1.189219,-1.981930,-1.885053,0.000000,0.000000,0.000000,0.000000,0.000000,0.000000,0.000000,0.000000,-1515.782837,348.049377,758.090515,1310.599854
38.6404,True,0.000000,0.000000,0.000000,0.000000,0.000000,0.000000,-1.849655,1.189219,-1.981986,-1.884810,-1.849655,1.189219,-1.981930,-1.884810,0.000000,0.000000,0.000000,0.000000,0.000000,0.000000,0.000000,0.000000,-1515.782837,348.049377,758.090515,1310.599854
38.6604,True,0.000000,0.000000,0.000000,0.000000,0.000000,0.000000,-1.849655,1.189219,-1.981930,-1.884645,-1.849655,1.189219,-1.981930,-1.884645,0.000000,0.000000,0.000000,0.000000,0.000000,0.000000,0.000000,0.000000,-1515.782837,348.049377,758.090515,1310.599854
38.6804,True,0.000000,0.000000,0.000000,0.000000,0.000000,0.000000,-1.849916,1.189219,-1.981986,-1.885053,-1.849916,1.189219,-1.981986,-1.885053,0.000000,0.000000,0.000000,0.000000,0.000000,0.000000,0.000000,0.000000,-1515.782837,348.049377,758.090515,1310.599854
38.7004,True,0.000000,0.000000,0.000000,0.000000,0.000000,0.000000,-1.849916,1.189219,-1.981930,-1.884810,-1.849916,1.189674,-1.981874,-1.884810,0.000000,0.000000,0.000000,0.000000,0.000000,0.000000,0.000000,0.000000,-1515.782837,348.049377,758.090515,1310.599854
38.7205,True,0.000000,0.000000,0.000000,0.000000,0.000000,0.000000,-1.849916,1.189868,-1.981930,-1.885462,-1.849916,1.189868,-1.981930,-1.885462,0.000000,0.000000,0.000000,0.000000,0.000000,0.000000,0.000000,0.000000,-1515.782837,348.049377,758.090515,1310.599854
38.7404,True,0.000000,0.000000,0.000000,0.000000,0.000000,0.000000,-1.849916,1.189868,-1.981930,-1.884645,-1.849916,1.189868,-1.981930,-1.884645,0.000000,0.000000,0.000000,0.000000,0.000000,0.000000,0.000000,0.000000,-1515.782837,348.049377,758.090515,1310.599854
38.7604,True,0.000000,0.000000,0.000000,0.000000,0.000000,0.000000,-1.849916,1.189868,-1.981986,-1.884810,-1.849655,1.189868,-1.982041,-1.884810,0.000000,0.000000,0.000000,0.000000,0.000000,0.000000,0.000000,0.000000,-1515.782837,348.049377,758.090515,1310.599854
38.7805,True,0.000000,0.000000,0.000000,0.000000,0.000000,0.000000,-1.849655,1.189868,-1.981874,-1.884810,-1.849916,1.189868,-1.981874,-1.884810,0.000000,0.000000,0.000000,0.000000,0.000000,0.000000,0.000000,0.000000,-1515.782837,348.049377,758.090515,1310.599854
38.8004,True,0.000000,0.000000,0.000000,0.000000,0.000000,0.000000,-1.849655,1.189868,-1.981930,-1.885053,-1.849655,1.189868,-1.981930,-1.885053,0.000000,0.000000,0.000000,0.000000,0.000000,0.000000,0.000000,0.000000,-1515.782837,348.049377,758.090515,1310.599854
38.8204,True,0.000000,0.000000,0.000000,0.000000,0.000000,0.000000,-1.849655,1.189025,-1.981986,-1.885053,-1.849916,1.189025,-1.981930,-1.884810,0.000000,0.000000,0.000000,0.000000,0.000000,0.000000,0.000000,0.000000,-1515.782837,348.049377,758.090515,1310.599854
38.8404,True,0.000000,0.000000,0.000000,0.000000,0.000000,0.000000,-1.850297,1.189219,-1.981874,-1.885053,-1.849655,1.189219,-1.981874,-1.885053,0.000000,0.000000,0.000000,0.000000,0.000000,0.000000,0.000000,0.000000,-1515.782837,348.049377,758.090515,1310.599854
38.8604,True,0.000000,0.000000,0.000000,0.000000,0.000000,0.000000,-1.849655,1.189674,-1.981930,-1.885053,-1.849655,1.189674,-1.981930,-1.885053,0.000000,0.000000,0.000000,0.000000,0.000000,0.000000,0.000000,0.000000,-1515.782837,348.049377,758.090515,1310.599854
38.8804,True,0.000000,0.000000,0.000000,0.000000,0.000000,0.000000,-1.849916,1.189674,-1.981930,-1.885462,-1.849916,1.189674,-1.981930,-1.885053,0.000000,0.000000,0.000000,0.000000,0.000000,0.000000,0.000000,0.000000,-1515.782837,348.049377,758.090515,1310.599854
38.9004,True,0.000000,0.000000,0.000000,0.000000,0.000000,0.000000,-1.849655,1.189025,-1.981930,-1.885053,-1.849655,1.189674,-1.981930,-1.885053,0.000000,0.000000,0.000000,0.000000,0.000000,0.000000,0.000000,0.000000,-1515.782837,348.049377,758.090515,1310.599854
38.9204,True,0.000000,0.000000,0.000000,0.000000,0.000000,0.000000,-1.849916,1.189025,-1.981930,-1.885053,-1.849916,1.189674,-1.981930,-1.884645,0.000000,0.000000,0.000000,0.000000,0.000000,0.000000,0.000000,0.000000,-1515.782837,348.049377,758.090515,1310.599854
38.9404,True,0.000000,0.000000,0.000000,0.000000,0.000000,0.000000,-1.849916,1.189674,-1.981930,-1.885053,-1.849916,1.189674,-1.981930,-1.885462,0.000000,0.000000,0.000000,0.000000,0.000000,0.000000,0.000000,0.000000,-1515.782837,348.049377,758.090515,1310.599854
38.9604,True,0.000000,0.000000,0.000000,0.000000,0.000000,0.000000,-1.849655,1.189219,-1.981930,-1.885218,-1.849655,1.189219,-1.981930,-1.885218,0.000000,0.000000,0.000000,0.000000,0.000000,0.000000,0.000000,0.000000,-1515.782837,348.049377,758.090515,1310.599854
38.9804,True,0.000000,0.000000,0.000000,0.000000,0.000000,0.000000,-1.849916,1.189219,-1.981930,-1.885053,-1.849916,1.189219,-1.981930,-1.885053,0.000000,0.000000,0.000000,0.000000,0.000000,0.000000,0.000000,0.000000,-1515.782837,348.049377,758.090515,1310.599854
39.0004,True,0.000000,0.000000,0.000000,0.000000,0.000000,0.000000,-1.849655,1.189219,-1.981930,-1.885053,-1.849916,1.189219,-1.981930,-1.884810,0.000000,0.000000,0.000000,0.000000,0.000000,0.000000,0.000000,0.000000,-1515.782837,348.049377,758.090515,1310.599854
39.0204,True,0.000000,0.000000,0.000000,0.000000,0.000000,0.000000,-1.849655,1.189219,-1.981930,-1.885053,-1.849655,1.189219,-1.981930,-1.885053,0.000000,0.000000,0.000000,0.000000,0.000000,0.000000,0.000000,0.000000,-1515.782837,348.049377,758.090515,1310.599854
39.0404,True,0.000000,0.000000,0.000000,0.000000,0.000000,0.000000,-1.849916,1.189219,-1.981930,-1.885053,-1.849655,1.189413,-1.981930,-1.884810,0.000000,0.000000,0.000000,0.000000,0.000000,0.000000,0.000000,0.000000,-1515.782837,348.049377,758.090515,1310.599854
39.0605,True,0.000000,0.000000,0.000000,0.000000,0.000000,0.000000,-1.850297,1.189607,-1.981930,-1.885053,-1.850297,1.189413,-1.981930,-1.885053,0.000000,0.000000,0.000000,0.000000,0.000000,0.000000,0.000000,0.000000,-1515.782837,348.049377,758.090515,1310.599854
39.0804,True,0.000000,0.000000,0.000000,0.000000,0.000000,0.000000,-1.850178,1.189413,-1.981930,-1.885053,-1.850178,1.189413,-1.981930,-1.885053,0.000000,0.000000,0.000000,0.000000,0.000000,0.000000,0.000000,0.000000,-1515.782837,348.049377,758.090515,1310.599854
39.1004,True,0.000000,0.000000,0.000000,0.000000,0.000000,0.000000,-1.849916,1.189674,-1.981930,-1.885053,-1.849916,1.189674,-1.981930,-1.885053,0.000000,0.000000,0.000000,0.000000,0.000000,0.000000,0.000000,0.000000,-1515.782837,348.049377,758.090515,1310.599854
39.1206,True,0.000000,0.000000,0.000000,0.000000,0.000000,0.000000,-1.849916,1.189868,-1.981930,-1.885053,-1.849655,1.189868,-1.981930,-1.885053,0.000000,0.000000,0.000000,0.000000,0.000000,0.000000,0.000000,0.000000,-1515.782837,348.049377,758.090515,1310.599854
39.1404,True,0.000000,0.000000,0.000000,0.000000,0.000000,0.000000,-1.849916,1.189219,-1.981930,-1.885053,-1.849916,1.189219,-1.981930,-1.885053,0.000000,0.000000,0.000000,0.000000,0.000000,0.000000,0.000000,0.000000,-1515.782837,348.049377,758.090515,1310.599854
39.1604,True,0.000000,0.000000,0.000000,0.000000,0.000000,0.000000,-1.849916,1.189413,-1.981930,-1.885053,-1.849655,1.189219,-1.981930,-1.885053,0.000000,0.000000,0.000000,0.000000,0.000000,0.000000,0.000000,0.000000,-1515.782837,348.049377,758.090515,1310.599854
39.1804,True,0.000000,0.000000,0.000000,0.000000,0.000000,0.000000,-1.849655,1.189219,-1.981930,-1.885053,-1.849916,1.189674,-1.981930,-1.885053,0.000000,0.000000,0.000000,0.000000,0.000000,0.000000,0.000000,0.000000,-1515.782837,348.049377,758.090515,1310.599854
39.2004,True,0.000000,0.000000,0.000000,0.000000,0.000000,0.000000,-1.849916,1.189868,-1.981930,-1.885053,-1.849916,1.189868,-1.981930,-1.885053,0.000000,0.000000,0.000000,0.000000,0.000000,0.000000,0.000000,0.000000,-1515.782837,348.049377,758.090515,1310.599854
39.2204,True,0.000000,0.000000,0.000000,0.000000,0.000000,0.000000,-1.849916,1.189025,-1.981930,-1.885053,-1.849916,1.189025,-1.981930,-1.885053,0.000000,0.000000,0.000000,0.000000,0.000000,0.000000,0.000000,0.000000,-1515.782837,348.049377,758.090515,1310.599854
39.2404,True,0.000000,0.000000,0.000000,0.000000,0.000000,0.000000,-1.849916,1.189868,-1.981930,-1.885053,-1.849916,1.189868,-1.981930,-1.885053,0.000000,0.000000,0.000000,0.000000,0.000000,0.000000,0.000000,0.000000,-1515.782837,348.049377,758.090515,1310.599854
39.2604,True,0.000000,0.000000,0.000000,0.000000,0.000000,0.000000,-1.849916,1.189868,-1.981930,-1.885053,-1.849916,1.189868,-1.981930,-1.885053,0.000000,0.000000,0.000000,0.000000,0.000000,0.000000,0.000000,0.000000,-1515.782837,348.049377,758.090515,1310.599854
39.2804,True,0.000000,0.000000,0.000000,0.000000,0.000000,0.000000,-1.849916,1.189219,-1.981930,-1.884810,-1.849916,1.189219,-1.981930,-1.884810,0.000000,0.000000,0.000000,0.000000,0.000000,0.000000,0.000000,0.000000,-1515.782837,348.049377,758.090515,1310.599854
39.3004,True,0.000000,0.000000,0.000000,0.000000,0.000000,0.000000,-1.849916,1.189219,-1.981930,-1.885053,-1.849916,1.189219,-1.981930,-1.885053,0.000000,0.000000,0.000000,0.000000,0.000000,0.000000,0.000000,0.000000,-1515.782837,348.049377,758.090515,1310.599854
39.3204,True,0.000000,0.000000,0.000000,0.000000,0.000000,0.000000,-1.849537,1.189868,-1.981930,-1.885053,-1.849537,1.189674,-1.981930,-1.885053,0.000000,0.000000,0.000000,0.000000,0.000000,0.000000,0.000000,0.000000,-1515.782837,348.049377,758.090515,1310.599854
39.3404,True,0.000000,0.000000,0.000000,0.000000,0.000000,0.000000,-1.849916,1.189219,-1.981930,-1.885297,-1.850178,1.189219,-1.981930,-1.885053,0.000000,0.000000,0.000000,0.000000,0.000000,0.000000,0.000000,0.000000,-1515.782837,348.049377,758.090515,1310.599854
39.3604,True,0.000000,0.000000,0.000000,0.000000,0.000000,0.000000,-1.849916,1.189219,-1.981930,-1.885462,-1.849916,1.189219,-1.981930,-1.885462,0.000000,0.000000,0.000000,0.000000,0.000000,0.000000,0.000000,0.000000,-1515.782837,348.049377,758.090515,1310.599854
39.3804,True,0.000000,0.000000,0.000000,0.000000,0.000000,0.000000,-1.849916,1.189219,-1.981930,-1.885053,-1.849916,1.189219,-1.981930,-1.885462,0.000000,0.000000,0.000000,0.000000,0.000000,0.000000,0.000000,0.000000,-1515.782837,348.049377,758.090515,1310.599854
39.4004,True,0.000000,0.000000,0.000000,0.000000,0.000000,0.000000,-1.849916,1.189219,-1.981986,-1.885462,-1.849916,1.189219,-1.981930,-1.885053,0.000000,0.000000,0.000000,0.000000,0.000000,0.000000,0.000000,0.000000,-1515.782837,348.049377,758.090515,1310.599854
39.4204,True,0.000000,0.000000,0.000000,0.000000,0.000000,0.000000,-1.849916,1.189219,-1.981287,-1.884810,-1.849916,1.189219,-1.981287,-1.884810,0.000000,0.000000,0.000000,0.000000,0.000000,0.000000,0.000000,0.000000,-1515.782837,348.049377,758.090515,1310.599854
39.4404,True,0.000000,0.000000,0.000000,0.000000,0.000000,0.000000,-1.849916,1.189219,-1.981930,-1.884810,-1.849916,1.189219,-1.981930,-1.884810,0.000000,0.000000,0.000000,0.000000,0.000000,0.000000,0.000000,0.000000,-1515.782837,348.049377,758.090515,1310.599854
39.4604,True,0.000000,0.000000,0.000000,0.000000,0.000000,0.000000,-1.849537,1.189219,-1.981930,-1.884810,-1.849537,1.189219,-1.981986,-1.884810,0.000000,0.000000,0.000000,0.000000,0.000000,0.000000,0.000000,0.000000,-1515.782837,348.049377,758.090515,1310.599854
39.4804,True,0.000000,0.000000,0.000000,0.000000,0.000000,0.000000,-1.849655,1.189219,-1.981930,-1.885462,-1.849655,1.189219,-1.981930,-1.885462,0.000000,0.000000,0.000000,0.000000,0.000000,0.000000,0.000000,0.000000,-1515.782837,348.049377,758.090515,1310.599854
39.5004,True,0.000000,0.000000,0.000000,0.000000,0.000000,0.000000,-1.849655,1.189219,-1.982041,-1.884810,-1.849655,1.189219,-1.981986,-1.885462,0.000000,0.000000,0.000000,0.000000,0.000000,0.000000,0.000000,0.000000,-1515.782837,348.049377,758.090515,1310.599854
39.5204,True,0.000000,0.000000,0.000000,0.000000,0.000000,0.000000,-1.849655,1.189219,-1.981930,-1.884810,-1.849916,1.189219,-1.981399,-1.885053,0.000000,0.000000,0.000000,0.000000,0.000000,0.000000,0.000000,0.000000,-1515.782837,348.049377,758.090515,1310.599854
39.5404,True,0.000000,0.000000,0.000000,0.000000,0.000000,0.000000,-1.849916,1.189219,-1.981930,-1.885462,-1.849916,1.189219,-1.981986,-1.885462,0.000000,0.000000,0.000000,0.000000,0.000000,0.000000,0.000000,0.000000,-1515.782837,348.049377,758.090515,1310.599854
39.5604,True,0.000000,0.000000,0.000000,0.000000,0.000000,0.000000,-1.849916,1.189219,-1.981930,-1.884810,-1.849916,1.189219,-1.981930,-1.884810,0.000000,0.000000,0.000000,0.000000,0.000000,0.000000,0.000000,0.000000,-1515.782837,348.049377,758.090515,1310.599854
39.5805,True,0.000000,0.000000,0.000000,0.000000,0.000000,0.000000,-1.849916,1.189219,-1.981986,-1.885462,-1.849916,1.189219,-1.981986,-1.885053,0.000000,0.000000,0.000000,0.000000,0.000000,0.000000,0.000000,0.000000,-1515.782837,348.049377,758.090515,1310.599854
39.6004,True,0.000000,0.000000,0.000000,0.000000,0.000000,0.000000,-1.849916,1.189219,-1.981343,-1.885053,-1.849916,1.189219,-1.981343,-1.885053,0.000000,0.000000,0.000000,0.000000,0.000000,0.000000,0.000000,0.000000,-1515.782837,348.049377,758.090515,1310.599854
39.6204,True,0.000000,0.000000,0.000000,0.000000,0.000000,0.000000,-1.849916,1.189219,-1.981986,-1.885053,-1.849916,1.189219,-1.981986,-1.885053,0.000000,0.000000,0.000000,0.000000,0.000000,0.000000,0.000000,0.000000,-1515.782837,348.049377,758.090515,1310.599854
39.6407,True,0.000000,0.000000,0.000000,0.000000,0.000000,0.000000,-1.849916,1.189219,-1.981986,-1.885462,-1.849916,1.189219,-1.981986,-1.885053,0.000000,0.000000,0.000000,0.000000,0.000000,0.000000,0.000000,0.000000,-1515.782837,348.049377,758.090515,1310.599854
39.6604,True,0.000000,0.000000,0.000000,0.000000,0.000000,0.000000,-1.849916,1.189219,-1.981930,-1.885053,-1.849916,1.189219,-1.981986,-1.885053,0.000000,0.000000,0.000000,0.000000,0.000000,0.000000,0.000000,0.000000,-1515.782837,348.049377,758.090515,1310.599854
39.6804,True,0.000000,0.000000,0.000000,0.000000,0.000000,0.000000,-1.849916,1.189219,-1.981343,-1.885053,-1.849916,1.189413,-1.981986,-1.885053,0.000000,0.000000,0.000000,0.000000,0.000000,0.000000,0.000000,0.000000,-1515.782837,348.049377,758.090515,1310.599854
39.7006,True,0.000000,0.000000,0.000000,0.000000,0.000000,0.000000,-1.849916,1.189025,-1.981399,-1.885053,-1.849916,1.189025,-1.981874,-1.885053,0.000000,0.000000,0.000000,0.000000,0.000000,0.000000,0.000000,0.000000,-1515.782837,348.049377,758.090515,1310.599854
39.7204,True,0.000000,0.000000,0.000000,0.000000,0.000000,0.000000,-1.849916,1.189413,-1.981874,-1.885297,-1.849916,1.189413,-1.981874,-1.885297,0.000000,0.000000,0.000000,0.000000,0.000000,0.000000,0.000000,0.000000,-1515.782837,348.049377,758.090515,1310.599854
39.7404,True,0.000000,0.000000,0.000000,0.000000,0.000000,0.000000,-1.849916,1.189413,-1.981930,-1.885297,-1.849916,1.189413,-1.981930,-1.885053,0.000000,0.000000,0.000000,0.000000,0.000000,0.000000,0.000000,0.000000,-1515.782837,348.049377,758.090515,1310.599854
39.7605,True,0.000000,0.000000,0.000000,0.000000,0.000000,0.000000,-1.849916,1.189607,-1.981986,-1.885053,-1.849916,1.189607,-1.981930,-1.884645,0.000000,0.000000,0.000000,0.000000,0.000000,0.000000,0.000000,0.000000,-1515.782837,348.049377,758.090515,1310.599854
39.7804,True,0.000000,0.000000,0.000000,0.000000,0.000000,0.000000,-1.849916,1.189674,-1.981930,-1.885053,-1.849916,1.189413,-1.981930,-1.885053,0.000000,0.000000,0.000000,0.000000,0.000000,0.000000,0.000000,0.000000,-1515.782837,348.049377,758.090515,1310.599854
39.8004,True,0.000000,0.000000,0.000000,0.000000,0.000000,0.000000,-1.849916,1.189413,-1.981930,-1.885053,-1.849916,1.189219,-1.981930,-1.885462,0.000000,0.000000,0.000000,0.000000,0.000000,0.000000,0.000000,0.000000,-1515.782837,348.049377,758.090515,1310.599854
39.8204,True,0.000000,0.000000,0.000000,0.000000,0.000000,0.000000,-1.849655,1.189219,-1.981930,-1.885053,-1.849655,1.189219,-1.981930,-1.885053,0.000000,0.000000,0.000000,0.000000,0.000000,0.000000,0.000000,0.000000,-1515.782837,348.049377,758.090515,1310.599854
39.8405,True,0.000000,0.000000,0.000000,0.000000,0.000000,0.000000,-1.849537,1.189219,-1.981874,-1.885053,-1.849537,1.189413,-1.981874,-1.885053,0.000000,0.000000,0.000000,0.000000,0.000000,0.000000,0.000000,0.000000,-1515.782837,348.049377,758.090515,1310.599854
39.8604,True,0.000000,0.000000,0.000000,0.000000,0.000000,0.000000,-1.850178,1.189413,-1.981874,-1.884810,-1.849537,1.189219,-1.981874,-1.884810,0.000000,0.000000,0.000000,0.000000,0.000000,0.000000,0.000000,0.000000,-1515.782837,348.049377,758.090515,1310.599854
39.8804,True,0.000000,0.000000,0.000000,0.000000,0.000000,0.000000,-1.849537,1.189413,-1.981874,-1.884810,-1.849537,1.189219,-1.981874,-1.884810,0.000000,0.000000,0.000000,0.000000,0.000000,0.000000,0.000000,0.000000,-1515.782837,348.049377,758.090515,1310.599854
39.9004,True,0.000000,0.000000,0.000000,0.000000,0.000000,0.000000,-1.849537,1.189219,-1.981874,-1.885218,-1.849537,1.189413,-1.981874,-1.885218,0.000000,0.000000,0.000000,0.000000,0.000000,0.000000,0.000000,0.000000,-1515.782837,348.049377,758.090515,1310.599854
39.9204,True,0.000000,0.000000,0.000000,0.000000,0.000000,0.000000,-1.849537,1.189219,-1.981930,-1.885218,-1.849537,1.189219,-1.981930,-1.885218,0.000000,0.000000,0.000000,0.000000,0.000000,0.000000,0.000000,0.000000,-1515.782837,348.049377,758.090515,1310.599854
39.9404,True,0.000000,0.000000,0.000000,0.000000,0.000000,0.000000,-1.849537,1.189219,-1.981930,-1.885218,-1.849537,1.189219,-1.981930,-1.885218,0.000000,0.000000,0.000000,0.000000,0.000000,0.000000,0.000000,0.000000,-1515.782837,348.049377,758.090515,1310.599854
39.9604,True,0.000000,0.000000,0.000000,0.000000,0.000000,0.000000,-1.849916,1.189219,-1.981930,-1.885218,-1.849916,1.189219,-1.981930,-1.885218,0.000000,0.000000,0.000000,0.000000,0.000000,0.000000,0.000000,0.000000,-1515.782837,348.049377,758.090515,1310.599854
39.9804,True,0.000000,0.000000,0.000000,0.000000,0.000000,0.000000,-1.850178,1.189219,-1.981930,-1.884810,-1.850178,1.189219,-1.981930,-1.884810,0.000000,0.000000,0.000000,0.000000,0.000000,0.000000,0.000000,0.000000,-1515.782837,348.049377,758.090515,1310.599854
40.0004,True,0.000000,0.000000,0.000000,0.000000,0.000000,0.000000,-1.849916,1.189413,-1.981874,-1.884810,-1.849916,1.189607,-1.981874,-1.885462,0.000000,0.000000,0.000000,0.000000,0.000000,0.000000,0.000000,0.000000,-1515.782837,348.049377,758.090515,1310.599854
40.0204,True,0.000000,0.000000,0.000000,0.000000,0.000000,0.000000,-1.849916,1.189219,-1.981874,-1.884810,-1.849916,1.189413,-1.981874,-1.885053,0.000000,0.000000,0.000000,0.000000,0.000000,0.000000,0.000000,0.000000,-1515.782837,348.049377,758.090515,1310.599854
40.0404,True,0.000000,0.000000,0.000000,0.000000,0.000000,0.000000,-1.850178,1.189219,-1.981874,-1.885053,-1.850178,1.189219,-1.981874,-1.885462,0.000000,0.000000,0.000000,0.000000,0.000000,0.000000,0.000000,0.000000,-1515.782837,348.049377,758.090515,1310.599854
40.0605,True,0.000000,0.000000,0.000000,0.000000,0.000000,0.000000,-1.850178,1.189219,-1.981874,-1.885462,-1.850178,1.189219,-1.981874,-1.885462,0.000000,0.000000,0.000000,0.000000,0.000000,0.000000,0.000000,0.000000,-1515.782837,348.049377,758.090515,1310.599854
40.0804,True,0.000000,0.000000,0.000000,0.000000,0.000000,0.000000,-1.850178,1.189219,-1.981874,-1.885462,-1.850178,1.189219,-1.981874,-1.885462,0.000000,0.000000,0.000000,0.000000,0.000000,0.000000,0.000000,0.000000,-1515.782837,348.049377,758.090515,1310.599854
40.1004,True,0.000000,0.000000,0.000000,0.000000,0.000000,0.000000,-1.849655,1.189219,-1.981874,-1.885462,-1.849916,1.189219,-1.981874,-1.885462,0.000000,0.000000,0.000000,0.000000,0.000000,0.000000,0.000000,0.000000,-1515.782837,348.049377,758.090515,1310.599854
40.1204,True,0.000000,0.000000,0.000000,0.000000,0.000000,0.000000,-1.849537,1.189219,-1.981874,-1.885053,-1.849537,1.189219,-1.981874,-1.885053,0.000000,0.000000,0.000000,0.000000,0.000000,0.000000,0.000000,0.000000,-1515.782837,348.049377,758.090515,1310.599854
40.1405,True,0.000000,0.000000,0.000000,0.000000,0.000000,0.000000,-1.849655,1.189219,-1.981874,-1.884810,-1.849655,1.189219,-1.981874,-1.885053,0.000000,0.000000,0.000000,0.000000,0.000000,0.000000,0.000000,0.000000,-1515.782837,348.049377,758.090515,1310.599854
40.1604,True,0.000000,0.000000,0.000000,0.000000,0.000000,0.000000,-1.849655,1.189219,-1.981874,-1.885462,-1.849655,1.189219,-1.981874,-1.885462,0.000000,0.000000,0.000000,0.000000,0.000000,0.000000,0.000000,0.000000,-1515.782837,348.049377,758.090515,1310.599854
40.1804,True,0.000000,0.000000,0.000000,0.000000,0.000000,0.000000,-1.849655,1.189219,-1.981874,-1.885053,-1.849655,1.189413,-1.981874,-1.885053,0.000000,0.000000,0.000000,0.000000,0.000000,0.000000,0.000000,0.000000,-1515.782837,348.049377,758.090515,1310.599854
40.2004,True,0.000000,0.000000,0.000000,0.000000,0.000000,0.000000,-1.849655,1.189219,-1.981874,-1.885053,-1.849916,1.189413,-1.981874,-1.885053,0.000000,0.000000,0.000000,0.000000,0.000000,0.000000,0.000000,0.000000,-1515.782837,348.049377,758.090515,1310.599854
40.2204,True,0.000000,0.000000,0.000000,0.000000,0.000000,0.000000,-1.849916,1.189219,-1.981874,-1.885053,-1.849655,1.189219,-1.981874,-1.885053,0.000000,0.000000,0.000000,0.000000,0.000000,0.000000,0.000000,0.000000,-1515.782837,348.049377,758.090515,1310.599854
40.2405,True,0.000000,0.000000,0.000000,0.000000,0.000000,0.000000,-1.849916,1.189413,-1.981874,-1.884810,-1.849916,1.189219,-1.981874,-1.885053,0.000000,0.000000,0.000000,0.000000,0.000000,0.000000,0.000000,0.000000,-1515.782837,348.049377,758.090515,1310.599854
40.2603,True,0.000000,0.000000,0.000000,0.000000,0.000000,0.000000,-1.850297,1.189674,-1.981874,-1.885462,-1.850297,1.189219,-1.981874,-1.885462,0.000000,0.000000,0.000000,0.000000,0.000000,0.000000,0.000000,0.000000,-1515.782837,348.049377,758.090515,1310.599854
40.2804,True,0.000000,0.000000,0.000000,0.000000,0.000000,0.000000,-1.849655,1.189219,-1.981874,-1.885218,-1.849655,1.189413,-1.981874,-1.884810,0.000000,0.000000,0.000000,0.000000,0.000000,0.000000,0.000000,0.000000,-1515.782837,348.049377,758.090515,1310.599854
40.3004,True,0.000000,0.000000,0.000000,0.000000,0.000000,0.000000,-1.849916,1.189219,-1.981874,-1.885053,-1.849916,1.189219,-1.981874,-1.885053,0.000000,0.000000,0.000000,0.000000,0.000000,0.000000,0.000000,0.000000,-1515.782837,348.049377,758.090515,1310.599854
40.3204,True,0.000000,0.000000,0.000000,0.000000,0.000000,0.000000,-1.849916,1.189413,-1.981874,-1.885053,-1.849916,1.189219,-1.981874,-1.885053,0.000000,0.000000,0.000000,0.000000,0.000000,0.000000,0.000000,0.000000,-1515.782837,348.049377,758.090515,1310.599854
40.3404,True,0.000000,0.000000,0.000000,0.000000,0.000000,0.000000,-1.849916,1.189219,-1.981874,-1.884810,-1.849916,1.189219,-1.981874,-1.885462,0.000000,0.000000,0.000000,0.000000,0.000000,0.000000,0.000000,0.000000,-1515.782837,348.049377,758.090515,1310.599854
40.3604,True,0.000000,0.000000,0.000000,0.000000,0.000000,0.000000,-1.849916,1.189219,-1.981874,-1.885053,-1.849916,1.189219,-1.981874,-1.885053,0.000000,0.000000,0.000000,0.000000,0.000000,0.000000,0.000000,0.000000,-1515.782837,348.049377,758.090515,1310.599854
40.3804,True,0.000000,0.000000,0.000000,0.000000,0.000000,0.000000,-1.849916,1.189219,-1.981874,-1.885462,-1.850178,1.189674,-1.981874,-1.884810,0.000000,0.000000,0.000000,0.000000,0.000000,0.000000,0.000000,0.000000,-1515.782837,348.049377,758.090515,1310.599854
40.4004,True,0.000000,0.000000,0.000000,0.000000,0.000000,0.000000,-1.849655,1.189219,-1.981874,-1.885462,-1.849916,1.189219,-1.981874,-1.884810,0.000000,0.000000,0.000000,0.000000,0.000000,0.000000,0.000000,0.000000,-1515.782837,348.049377,758.090515,1310.599854
40.4207,True,0.000000,0.000000,0.000000,0.000000,0.000000,0.000000,-1.849655,1.189219,-1.981874,-1.884810,-1.849655,1.189219,-1.981874,-1.884810,0.000000,0.000000,0.000000,0.000000,0.000000,0.000000,0.000000,0.000000,-1515.782837,348.049377,758.090515,1310.599854
40.4404,True,0.000000,0.000000,0.000000,0.000000,0.000000,0.000000,-1.849916,1.189219,-1.981874,-1.884810,-1.849916,1.189219,-1.981874,-1.885053,0.000000,0.000000,0.000000,0.000000,0.000000,0.000000,0.000000,0.000000,-1515.782837,348.049377,758.090515,1310.599854
40.4604,True,0.000000,0.000000,0.000000,0.000000,0.000000,0.000000,-1.849655,1.189219,-1.981874,-1.885053,-1.849655,1.189219,-1.981874,-1.885053,0.000000,0.000000,0.000000,0.000000,0.000000,0.000000,0.000000,0.000000,-1515.782837,348.049377,758.090515,1310.599854
40.4805,True,0.000000,0.000000,0.000000,0.000000,0.000000,0.000000,-1.849655,1.189219,-1.981930,-1.884810,-1.849916,1.189219,-1.981930,-1.884810,0.000000,0.000000,0.000000,0.000000,0.000000,0.000000,0.000000,0.000000,-1515.782837,348.049377,758.090515,1310.599854
40.5004,True,0.000000,0.000000,0.000000,0.000000,0.000000,0.000000,-1.849916,1.189219,-1.981874,-1.885053,-1.849916,1.189219,-1.981874,-1.885053,0.000000,0.000000,0.000000,0.000000,0.000000,0.000000,0.000000,0.000000,-1515.782837,348.049377,758.090515,1310.599854
40.5204,True,0.000000,0.000000,0.000000,0.000000,0.000000,0.000000,-1.849916,1.189219,-1.981874,-1.885053,-1.849655,1.189219,-1.981930,-1.885462,0.000000,0.000000,0.000000,0.000000,0.000000,0.000000,0.000000,0.000000,-1515.782837,348.049377,758.090515,1310.599854
40.5404,True,0.000000,0.000000,0.000000,0.000000,0.000000,0.000000,-1.849916,1.189219,-1.981818,-1.885462,-1.849916,1.189219,-1.981818,-1.885462,0.000000,0.000000,0.000000,0.000000,0.000000,0.000000,0.000000,0.000000,-1515.782837,348.049377,758.090515,1310.599854
40.5604,True,0.000000,0.000000,0.000000,0.000000,0.000000,0.000000,-1.849916,1.189219,-1.981874,-1.885053,-1.849916,1.189219,-1.981930,-1.885462,0.000000,0.000000,0.000000,0.000000,0.000000,0.000000,0.000000,0.000000,-1515.782837,348.049377,758.090515,1310.599854
40.5805,True,0.000000,0.000000,0.000000,0.000000,0.000000,0.000000,-1.849916,1.189219,-1.981930,-1.885053,-1.849655,1.189219,-1.981874,-1.885053,0.000000,0.000000,0.000000,0.000000,0.000000,0.000000,0.000000,0.000000,-1515.782837,348.049377,758.090515,1310.599854
40.6004,True,0.000000,0.000000,0.000000,0.000000,0.000000,0.000000,-1.849655,1.189219,-1.981874,-1.885053,-1.849916,1.189219,-1.981930,-1.885053,0.000000,0.000000,0.000000,0.000000,0.000000,0.000000,0.000000,0.000000,-1515.782837,348.049377,758.090515,1310.599854
40.6204,True,0.000000,0.000000,0.000000,0.000000,0.000000,0.000000,-1.850035,1.189219,-1.981930,-1.885053,-1.850035,1.189219,-1.981874,-1.885053,0.000000,0.000000,0.000000,0.000000,0.000000,0.000000,0.000000,0.000000,-1515.782837,348.049377,758.090515,1310.599854
40.6404,True,0.000000,0.000000,0.000000,0.000000,0.000000,0.000000,-1.849655,1.189219,-1.981930,-1.885053,-1.849655,1.189219,-1.981930,-1.885053,0.000000,0.000000,0.000000,0.000000,0.000000,0.000000,0.000000,0.000000,-1515.782837,348.049377,758.090515,1310.599854
40.6604,True,0.000000,0.000000,0.000000,0.000000,0.000000,0.000000,-1.849916,1.189219,-1.981874,-1.885053,-1.849916,1.189219,-1.981874,-1.885053,0.000000,0.000000,0.000000,0.000000,0.000000,0.000000,0.000000,0.000000,-1515.782837,348.049377,758.090515,1310.599854
40.6804,True,0.000000,0.000000,0.000000,0.000000,0.000000,0.000000,-1.850297,1.189674,-1.981930,-1.885053,-1.849655,1.189219,-1.981930,-1.885053,0.000000,0.000000,0.000000,0.000000,0.000000,0.000000,0.000000,0.000000,-1515.782837,348.049377,758.090515,1310.599854
40.7004,True,0.000000,0.000000,0.000000,0.000000,0.000000,0.000000,-1.849655,1.189219,-1.981930,-1.885053,-1.849655,1.189219,-1.981874,-1.885053,0.000000,0.000000,0.000000,0.000000,0.000000,0.000000,0.000000,0.000000,-1515.782837,348.049377,758.090515,1310.599854
40.7204,True,0.000000,0.000000,0.000000,0.000000,0.000000,0.000000,-1.849655,1.189219,-1.981930,-1.885053,-1.849655,1.189219,-1.981930,-1.885053,0.000000,0.000000,0.000000,0.000000,0.000000,0.000000,0.000000,0.000000,-1515.782837,348.049377,758.090515,1310.599854
40.7404,True,0.000000,0.000000,0.000000,0.000000,0.000000,0.000000,-1.849655,1.189674,-1.981930,-1.885053,-1.849655,1.189219,-1.981930,-1.885053,0.000000,0.000000,0.000000,0.000000,0.000000,0.000000,0.000000,0.000000,-1515.782837,348.049377,758.090515,1310.599854
40.7604,True,0.000000,0.000000,0.000000,0.000000,0.000000,0.000000,-1.849655,1.189025,-1.981930,-1.885053,-1.850297,1.189025,-1.981343,-1.885053,0.000000,0.000000,0.000000,0.000000,0.000000,0.000000,0.000000,0.000000,-1515.782837,348.049377,758.090515,1310.599854
40.7804,True,0.000000,0.000000,0.000000,0.000000,0.000000,0.000000,-1.849655,1.189674,-1.981930,-1.885053,-1.849655,1.189674,-1.981930,-1.885053,0.000000,0.000000,0.000000,0.000000,0.000000,0.000000,0.000000,0.000000,-1515.782837,348.049377,758.090515,1310.599854
40.8004,True,0.000000,0.000000,0.000000,0.000000,0.000000,0.000000,-1.849655,1.189481,-1.981930,-1.885053,-1.849916,1.189025,-1.981930,-1.885462,0.000000,0.000000,0.000000,0.000000,0.000000,0.000000,0.000000,0.000000,-1515.782837,348.049377,758.090515,1310.599854
40.8204,True,0.000000,0.000000,0.000000,0.000000,0.000000,0.000000,-1.849916,1.189025,-1.981930,-1.885053,-1.849916,1.189025,-1.981930,-1.885053,0.000000,0.000000,0.000000,0.000000,0.000000,0.000000,0.000000,0.000000,-1515.782837,348.049377,758.090515,1310.599854
40.8404,True,0.000000,0.000000,0.000000,0.000000,0.000000,0.000000,-1.849916,1.189025,-1.981930,-1.884645,-1.849916,1.189025,-1.981930,-1.885297,0.000000,0.000000,0.000000,0.000000,0.000000,0.000000,0.000000,0.000000,-1515.782837,348.049377,758.090515,1310.599854
40.8604,True,0.000000,0.000000,0.000000,0.000000,0.000000,0.000000,-1.849655,1.189025,-1.981930,-1.885053,-1.849655,1.189025,-1.981930,-1.885053,0.000000,0.000000,0.000000,0.000000,0.000000,0.000000,0.000000,0.000000,-1515.782837,348.049377,758.090515,1310.599854
40.8804,True,0.000000,0.000000,0.000000,0.000000,0.000000,0.000000,-1.849916,1.189025,-1.981930,-1.885053,-1.849655,1.189025,-1.981930,-1.885053,0.000000,0.000000,0.000000,0.000000,0.000000,0.000000,0.000000,0.000000,-1515.782837,348.049377,758.090515,1310.599854
40.9004,True,0.000000,0.000000,0.000000,0.000000,0.000000,0.000000,-1.849655,1.189025,-1.981930,-1.885053,-1.849655,1.189025,-1.981930,-1.885053,0.000000,0.000000,0.000000,0.000000,0.000000,0.000000,0.000000,0.000000,-1515.782837,348.049377,758.090515,1310.599854
40.9205,True,0.000000,0.000000,0.000000,0.000000,0.000000,0.000000,-1.849916,1.189025,-1.981930,-1.885053,-1.849916,1.189025,-1.981874,-1.885053,0.000000,0.000000,0.000000,0.000000,0.000000,0.000000,0.000000,0.000000,-1515.782837,348.049377,758.090515,1310.599854
40.9409,True,0.000000,0.000000,0.000000,0.000000,0.000000,0.000000,-1.849655,1.189025,-1.981874,-1.885053,-1.849916,1.189025,-1.981874,-1.885053,0.000000,0.000000,0.000000,0.000000,0.000000,0.000000,0.000000,0.000000,-1515.782837,348.049377,758.090515,1310.599854
40.9604,True,0.000000,0.000000,0.000000,0.000000,0.000000,0.000000,-1.849655,1.189025,-1.981818,-1.884810,-1.849655,1.189025,-1.981818,-1.884810,0.000000,0.000000,0.000000,0.000000,0.000000,0.000000,0.000000,0.000000,-1515.782837,348.049377,758.090515,1310.599854
40.9804,True,0.000000,0.000000,0.000000,0.000000,0.000000,0.000000,-1.849655,1.189025,-1.981930,-1.885462,-1.849655,1.189025,-1.981930,-1.885462,0.000000,0.000000,0.000000,0.000000,0.000000,0.000000,0.000000,0.000000,-1515.782837,348.049377,758.090515,1310.599854
41.0006,True,0.000000,0.000000,0.000000,0.000000,0.000000,0.000000,-1.849655,1.189025,-1.981930,-1.885462,-1.849655,1.189025,-1.981930,-1.885462,0.000000,0.000000,0.000000,0.000000,0.000000,0.000000,0.000000,0.000000,-1515.782837,348.049377,758.090515,1310.599854
41.0204,True,0.000000,0.000000,0.000000,0.000000,0.000000,0.000000,-1.849655,1.189025,-1.981930,-1.885218,-1.849655,1.189025,-1.981930,-1.885053,0.000000,0.000000,0.000000,0.000000,0.000000,0.000000,0.000000,0.000000,-1515.782837,348.049377,758.090515,1310.599854
41.0405,True,0.000000,0.000000,0.000000,0.000000,0.000000,0.000000,-1.849916,1.189025,-1.981930,-1.885053,-1.849916,1.189025,-1.981930,-1.885053,0.000000,0.000000,0.000000,0.000000,0.000000,0.000000,0.000000,0.000000,-1515.782837,348.049377,758.090515,1310.599854
41.0606,True,0.000000,0.000000,0.000000,0.000000,0.000000,0.000000,-1.849655,1.189025,-1.981874,-1.885053,-1.849655,1.189025,-1.981930,-1.885462,0.000000,0.000000,0.000000,0.000000,0.000000,0.000000,0.000000,0.000000,-1515.782837,348.049377,758.090515,1310.599854
41.0804,True,0.000000,0.000000,0.000000,0.000000,0.000000,0.000000,-1.849655,1.189025,-1.981874,-1.884810,-1.849655,1.189025,-1.981874,-1.884810,0.000000,0.000000,0.000000,0.000000,0.000000,0.000000,0.000000,0.000000,-1515.782837,348.049377,758.090515,1310.599854
41.1004,True,0.000000,0.000000,0.000000,0.000000,0.000000,0.000000,-1.849655,1.189025,-1.981874,-1.884810,-1.849655,1.189025,-1.981874,-1.884810,0.000000,0.000000,0.000000,0.000000,0.000000,0.000000,0.000000,0.000000,-1515.782837,348.049377,758.090515,1310.599854
41.1205,True,0.000000,0.000000,0.000000,0.000000,0.000000,0.000000,-1.849394,1.189025,-1.981874,-1.885053,-1.849394,1.189025,-1.981874,-1.885053,0.000000,0.000000,0.000000,0.000000,0.000000,0.000000,0.000000,0.000000,-1515.782837,348.049377,758.090515,1310.599854
41.1404,True,0.000000,0.000000,0.000000,0.000000,0.000000,0.000000,-1.849655,1.189025,-1.981930,-1.885297,-1.849655,1.189025,-1.981874,-1.885053,0.000000,0.000000,0.000000,0.000000,0.000000,0.000000,0.000000,0.000000,-1515.782837,348.049377,758.090515,1310.599854
41.1604,True,0.000000,0.000000,0.000000,0.000000,0.000000,0.000000,-1.850297,1.189025,-1.981930,-1.885053,-1.849916,1.189025,-1.981930,-1.885053,0.000000,0.000000,0.000000,0.000000,0.000000,0.000000,0.000000,0.000000,-1515.782837,348.049377,758.090515,1310.599854
41.1804,True,0.000000,0.000000,0.000000,0.000000,0.000000,0.000000,-1.849655,1.189025,-1.981930,-1.885462,-1.849655,1.189025,-1.981930,-1.885462,0.000000,0.000000,0.000000,0.000000,0.000000,0.000000,0.000000,0.000000,-1515.782837,348.049377,758.090515,1310.599854
41.2004,True,0.000000,0.000000,0.000000,0.000000,0.000000,0.000000,-1.849655,1.189025,-1.981930,-1.885462,-1.849655,1.189025,-1.981930,-1.885462,0.000000,0.000000,0.000000,0.000000,0.000000,0.000000,0.000000,0.000000,-1515.782837,348.049377,758.090515,1310.599854
41.2204,True,0.000000,0.000000,0.000000,0.000000,0.000000,0.000000,-1.849916,1.189025,-1.981930,-1.885053,-1.849916,1.189025,-1.981874,-1.884810,0.000000,0.000000,0.000000,0.000000,0.000000,0.000000,0.000000,0.000000,-1515.782837,348.049377,758.090515,1310.599854
41.2404,True,0.000000,0.000000,0.000000,0.000000,0.000000,0.000000,-1.849916,1.189025,-1.981874,-1.885053,-1.849916,1.189025,-1.981874,-1.885053,0.000000,0.000000,0.000000,0.000000,0.000000,0.000000,0.000000,0.000000,-1515.782837,348.049377,758.090515,1310.599854
41.2604,True,0.000000,0.000000,0.000000,0.000000,0.000000,0.000000,-1.849916,1.189219,-1.981930,-1.885053,-1.849916,1.189219,-1.981930,-1.885053,0.000000,0.000000,0.000000,0.000000,0.000000,0.000000,0.000000,0.000000,-1515.782837,348.049377,758.090515,1310.599854
41.2805,True,0.000000,0.000000,0.000000,0.000000,0.000000,0.000000,-1.849655,1.189219,-1.981930,-1.885053,-1.849655,1.189219,-1.981986,-1.885053,0.000000,0.000000,0.000000,0.000000,0.000000,0.000000,0.000000,0.000000,-1515.782837,348.049377,758.090515,1310.599854
41.3004,True,0.000000,0.000000,0.000000,0.000000,0.000000,0.000000,-1.849394,1.189219,-1.981930,-1.885462,-1.849394,1.189219,-1.981930,-1.885053,0.000000,0.000000,0.000000,0.000000,0.000000,0.000000,0.000000,0.000000,-1515.782837,348.049377,758.090515,1310.599854
41.3204,True,0.000000,0.000000,0.000000,0.000000,0.000000,0.000000,-1.849655,1.189674,-1.982041,-1.884810,-1.849655,1.189674,-1.982041,-1.885462,0.000000,0.000000,0.000000,0.000000,0.000000,0.000000,0.000000,0.000000,-1515.782837,348.049377,758.090515,1310.599854
41.3404,True,0.000000,0.000000,0.000000,0.000000,0.000000,0.000000,-1.850035,1.189674,-1.981986,-1.885053,-1.849655,1.189674,-1.981986,-1.885053,0.000000,0.000000,0.000000,0.000000,0.000000,0.000000,0.000000,0.000000,-1515.782837,348.049377,758.090515,1310.599854
41.3605,True,0.000000,0.000000,0.000000,0.000000,0.000000,0.000000,-1.849655,1.189674,-1.981874,-1.885053,-1.849655,1.189674,-1.981874,-1.885053,0.000000,0.000000,0.000000,0.000000,0.000000,0.000000,0.000000,0.000000,-1515.782837,348.049377,758.090515,1310.599854
41.3804,True,0.000000,0.000000,0.000000,0.000000,0.000000,0.000000,-1.849916,1.189868,-1.981287,-1.884810,-1.849655,1.189868,-1.981287,-1.885462,0.000000,0.000000,0.000000,0.000000,0.000000,0.000000,0.000000,0.000000,-1515.782837,348.049377,758.090515,1310.599854
41.4008,True,0.000000,0.000000,0.000000,0.000000,0.000000,0.000000,-1.849655,1.189868,-1.981930,-1.884401,-1.849655,1.189868,-1.981930,-1.885053,0.000000,0.000000,0.000000,0.000000,0.000000,0.000000,0.000000,0.000000,-1515.782837,348.049377,758.090515,1310.599854
41.4204,True,0.000000,0.000000,0.000000,0.000000,0.000000,0.000000,-1.850035,1.189868,-1.981930,-1.884401,-1.850035,1.189674,-1.981930,-1.884401,0.000000,0.000000,0.000000,0.000000,0.000000,0.000000,0.000000,0.000000,-1515.782837,348.049377,758.090515,1310.599854
41.4404,True,0.000000,0.000000,0.000000,0.000000,0.000000,0.000000,-1.849394,1.189674,-1.981930,-1.884401,-1.849655,1.189674,-1.981930,-1.884401,0.000000,0.000000,0.000000,0.000000,0.000000,0.000000,0.000000,0.000000,-1515.782837,348.049377,758.090515,1310.599854
41.4604,True,0.000000,0.000000,0.000000,0.000000,0.000000,0.000000,-1.849655,1.189674,-1.981930,-1.885218,-1.849655,1.189674,-1.981874,-1.884645,0.000000,0.000000,0.000000,0.000000,0.000000,0.000000,0.000000,0.000000,-1515.782837,348.049377,758.090515,1310.599854
41.4804,True,0.000000,0.000000,0.000000,0.000000,0.000000,0.000000,-1.849655,1.189674,-1.981930,-1.884645,-1.849655,1.189674,-1.981930,-1.885053,0.000000,0.000000,0.000000,0.000000,0.000000,0.000000,0.000000,0.000000,-1515.782837,348.049377,758.090515,1310.599854
41.5004,True,0.000000,0.000000,0.000000,0.000000,0.000000,0.000000,-1.849655,1.189868,-1.981986,-1.885053,-1.849655,1.189868,-1.981986,-1.885053,0.000000,0.000000,0.000000,0.000000,0.000000,0.000000,0.000000,0.000000,-1515.782837,348.049377,758.090515,1310.599854
41.5204,True,0.000000,0.000000,0.000000,0.000000,0.000000,0.000000,-1.849655,1.189868,-1.981874,-1.885053,-1.849655,1.189868,-1.981874,-1.885053,0.000000,0.000000,0.000000,0.000000,0.000000,0.000000,0.000000,0.000000,-1515.782837,348.049377,758.090515,1310.599854
41.5404,True,0.000000,0.000000,0.000000,0.000000,0.000000,0.000000,-1.849916,1.189868,-1.981930,-1.885053,-1.849916,1.189868,-1.981930,-1.885053,0.000000,0.000000,0.000000,0.000000,0.000000,0.000000,0.000000,0.000000,-1515.782837,348.049377,758.090515,1310.599854
41.5604,True,0.000000,0.000000,0.000000,0.000000,0.000000,0.000000,-1.849916,1.189413,-1.981930,-1.885053,-1.849655,1.189413,-1.981986,-1.885053,0.000000,0.000000,0.000000,0.000000,0.000000,0.000000,0.000000,0.000000,-1515.782837,348.049377,758.090515,1310.599854
41.5804,True,0.000000,0.000000,0.000000,0.000000,0.000000,0.000000,-1.849916,1.189413,-1.981986,-1.885053,-1.849916,1.189413,-1.981930,-1.885053,0.000000,0.000000,0.000000,0.000000,0.000000,0.000000,0.000000,0.000000,-1515.782837,348.049377,758.090515,1310.599854
41.6004,True,0.000000,0.000000,0.000000,0.000000,0.000000,0.000000,-1.849916,1.189219,-1.981930,-1.884645,-1.849916,1.189674,-1.981874,-1.884810,0.000000,0.000000,0.000000,0.000000,0.000000,0.000000,0.000000,0.000000,-1515.782837,348.049377,758.090515,1310.599854
41.6204,True,0.000000,0.000000,0.000000,0.000000,0.000000,0.000000,-1.849916,1.189674,-1.981874,-1.885053,-1.849916,1.189674,-1.981930,-1.885053,0.000000,0.000000,0.000000,0.000000,0.000000,0.000000,0.000000,0.000000,-1515.782837,348.049377,758.090515,1310.599854
41.6404,True,0.000000,0.000000,0.000000,0.000000,0.000000,0.000000,-1.849655,1.189674,-1.981986,-1.885053,-1.849655,1.189674,-1.981986,-1.885053,0.000000,0.000000,0.000000,0.000000,0.000000,0.000000,0.000000,0.000000,-1515.782837,348.049377,758.090515,1310.599854
41.6604,True,0.000000,0.000000,0.000000,0.000000,0.000000,0.000000,-1.849655,1.189219,-1.981986,-1.885053,-1.849655,1.189219,-1.981986,-1.885053,0.000000,0.000000,0.000000,0.000000,0.000000,0.000000,0.000000,0.000000,-1515.782837,348.049377,758.090515,1310.599854
41.6805,True,0.000000,0.000000,0.000000,0.000000,0.000000,0.000000,-1.849655,1.189674,-1.981986,-1.885053,-1.849655,1.189674,-1.981986,-1.885053,0.000000,0.000000,0.000000,0.000000,0.000000,0.000000,0.000000,0.000000,-1515.782837,348.049377,758.090515,1310.599854
41.7004,True,0.000000,0.000000,0.000000,0.000000,0.000000,0.000000,-1.849655,1.189219,-1.981986,-1.885053,-1.849655,1.189219,-1.981986,-1.885053,0.000000,0.000000,0.000000,0.000000,0.000000,0.000000,0.000000,0.000000,-1515.782837,348.049377,758.090515,1310.599854
41.7204,True,0.000000,0.000000,0.000000,0.000000,0.000000,0.000000,-1.849916,1.189868,-1.981986,-1.885053,-1.849916,1.189413,-1.981986,-1.885053,0.000000,0.000000,0.000000,0.000000,0.000000,0.000000,0.000000,0.000000,-1515.782837,348.049377,758.090515,1310.599854
41.7405,True,0.000000,0.000000,0.000000,0.000000,0.000000,0.000000,-1.849916,1.189219,-1.981986,-1.885053,-1.849655,1.189219,-1.981986,-1.884810,0.000000,0.000000,0.000000,0.000000,0.000000,0.000000,0.000000,0.000000,-1515.782837,348.049377,758.090515,1310.599854
41.7604,True,0.000000,0.000000,0.000000,0.000000,0.000000,0.000000,-1.849916,1.189674,-1.981986,-1.885053,-1.849916,1.189674,-1.981986,-1.885053,0.000000,0.000000,0.000000,0.000000,0.000000,0.000000,0.000000,0.000000,-1515.782837,348.049377,758.090515,1310.599854
41.7804,True,0.000000,0.000000,0.000000,0.000000,0.000000,0.000000,-1.849655,1.189219,-1.981986,-1.885053,-1.849655,1.189868,-1.981986,-1.885053,0.000000,0.000000,0.000000,0.000000,0.000000,0.000000,0.000000,0.000000,-1515.782837,348.049377,758.090515,1310.599854
41.8006,True,0.000000,0.000000,0.000000,0.000000,0.000000,0.000000,-1.850297,1.189219,-1.981986,-1.885053,-1.850297,1.189868,-1.981986,-1.885053,0.000000,0.000000,0.000000,0.000000,0.000000,0.000000,0.000000,0.000000,-1515.782837,348.049377,758.090515,1310.599854
41.8204,True,0.000000,0.000000,0.000000,0.000000,0.000000,0.000000,-1.850297,1.189219,-1.981986,-1.885053,-1.850297,1.189219,-1.981986,-1.885053,0.000000,0.000000,0.000000,0.000000,0.000000,0.000000,0.000000,0.000000,-1515.782837,348.049377,758.090515,1310.599854
41.8404,True,0.000000,0.000000,0.000000,0.000000,0.000000,0.000000,-1.850297,1.189219,-1.981986,-1.885053,-1.849655,1.189219,-1.981986,-1.885053,0.000000,0.000000,0.000000,0.000000,0.000000,0.000000,0.000000,0.000000,-1515.782837,348.049377,758.090515,1310.599854
41.8605,True,0.000000,0.000000,0.000000,0.000000,0.000000,0.000000,-1.849916,1.189219,-1.981986,-1.884810,-1.849916,1.189219,-1.981986,-1.884810,0.000000,0.000000,0.000000,0.000000,0.000000,0.000000,0.000000,0.000000,-1515.782837,348.049377,758.090515,1310.599854
41.8805,True,0.000000,0.000000,0.000000,0.000000,0.000000,0.000000,-1.850035,1.189219,-1.981986,-1.884645,-1.850035,1.189219,-1.981986,-1.885053,0.000000,0.000000,0.000000,0.000000,0.000000,0.000000,0.000000,0.000000,-1515.782837,348.049377,758.090515,1310.599854
41.9004,True,0.000000,0.000000,0.000000,0.000000,0.000000,0.000000,-1.850035,1.189674,-1.981986,-1.885053,-1.849916,1.189413,-1.981986,-1.885053,0.000000,0.000000,0.000000,0.000000,0.000000,0.000000,0.000000,0.000000,-1515.782837,348.049377,758.090515,1310.599854
41.9204,True,0.000000,0.000000,0.000000,0.000000,0.000000,0.000000,-1.849655,1.189674,-1.981986,-1.885053,-1.849655,1.189674,-1.981986,-1.885053,0.000000,0.000000,0.000000,0.000000,0.000000,0.000000,0.000000,0.000000,-1515.782837,348.049377,758.090515,1310.599854
41.9404,True,0.000000,0.000000,0.000000,0.000000,0.000000,0.000000,-1.849655,1.189219,-1.981986,-1.885053,-1.849655,1.189868,-1.981986,-1.885053,0.000000,0.000000,0.000000,0.000000,0.000000,0.000000,0.000000,0.000000,-1515.782837,348.049377,758.090515,1310.599854
41.9605,True,0.000000,0.000000,0.000000,0.000000,0.000000,0.000000,-1.849655,1.189025,-1.981986,-1.885053,-1.849916,1.189025,-1.981986,-1.885053,0.000000,0.000000,0.000000,0.000000,0.000000,0.000000,0.000000,0.000000,-1515.782837,348.049377,758.090515,1310.599854
41.9805,True,0.000000,0.000000,0.000000,0.000000,0.000000,0.000000,-1.849655,1.189025,-1.981986,-1.885053,-1.849655,1.189025,-1.981986,-1.884645,0.000000,0.000000,0.000000,0.000000,0.000000,0.000000,0.000000,0.000000,-1515.782837,348.049377,758.090515,1310.599854
42.0004,True,0.000000,0.000000,0.000000,0.000000,0.000000,0.000000,-1.850035,1.189219,-1.981986,-1.884810,-1.850035,1.189219,-1.981986,-1.884810,0.000000,0.000000,0.000000,0.000000,0.000000,0.000000,0.000000,0.000000,-1515.782837,348.049377,758.090515,1310.599854
42.0204,True,0.000000,0.000000,0.000000,0.000000,0.000000,0.000000,-1.849655,1.189413,-1.981986,-1.884810,-1.849655,1.189413,-1.981986,-1.885053,0.000000,0.000000,0.000000,0.000000,0.000000,0.000000,0.000000,0.000000,-1515.782837,348.049377,758.090515,1310.599854
42.0405,True,0.000000,0.000000,0.000000,0.000000,0.000000,0.000000,-1.849655,1.189413,-1.981986,-1.885462,-1.849655,1.189413,-1.981986,-1.885462,0.000000,0.000000,0.000000,0.000000,0.000000,0.000000,0.000000,0.000000,-1515.782837,348.049377,758.090515,1310.599854
42.0604,True,0.000000,0.000000,0.000000,0.000000,0.000000,0.000000,-1.849916,1.189413,-1.981986,-1.885462,-1.849655,1.189219,-1.981986,-1.885053,0.000000,0.000000,0.000000,0.000000,0.000000,0.000000,0.000000,0.000000,-1515.782837,348.049377,758.090515,1310.599854
42.0804,True,0.000000,0.000000,0.000000,0.000000,0.000000,0.000000,-1.849655,1.189219,-1.981986,-1.884810,-1.849655,1.189413,-1.981986,-1.885462,0.000000,0.000000,0.000000,0.000000,0.000000,0.000000,0.000000,0.000000,-1515.782837,348.049377,758.090515,1310.599854
42.1005,True,0.000000,0.000000,0.000000,0.000000,0.000000,0.000000,-1.849655,1.189219,-1.981986,-1.885462,-1.849655,1.189219,-1.981986,-1.884810,0.000000,0.000000,0.000000,0.000000,0.000000,0.000000,0.000000,0.000000,-1515.782837,348.049377,758.090515,1310.599854
42.1204,True,0.000000,0.000000,0.000000,0.000000,0.000000,0.000000,-1.849655,1.189219,-1.981986,-1.884645,-1.849655,1.189219,-1.981986,-1.885053,0.000000,0.000000,0.000000,0.000000,0.000000,0.000000,0.000000,0.000000,-1515.782837,348.049377,758.090515,1310.599854
42.1404,True,0.000000,0.000000,0.000000,0.000000,0.000000,0.000000,-1.850297,1.189219,-1.981343,-1.885053,-1.849916,1.189219,-1.981986,-1.885053,0.000000,0.000000,0.000000,0.000000,0.000000,0.000000,0.000000,0.000000,-1515.782837,348.049377,758.090515,1310.599854
42.1605,True,0.000000,0.000000,0.000000,0.000000,0.000000,0.000000,-1.849916,1.189219,-1.981986,-1.884645,-1.849916,1.189219,-1.981986,-1.884645,0.000000,0.000000,0.000000,0.000000,0.000000,0.000000,0.000000,0.000000,-1515.782837,348.049377,758.090515,1310.599854
42.1804,True,0.000000,0.000000,0.000000,0.000000,0.000000,0.000000,-1.849655,1.189219,-1.981930,-1.885053,-1.849655,1.189219,-1.981986,-1.885053,0.000000,0.000000,0.000000,0.000000,0.000000,0.000000,0.000000,0.000000,-1515.782837,348.049377,758.090515,1310.599854
42.2004,True,0.000000,0.000000,0.000000,0.000000,0.000000,0.000000,-1.849655,1.189219,-1.981986,-1.885053,-1.849655,1.189219,-1.981930,-1.885053,0.000000,0.000000,0.000000,0.000000,0.000000,0.000000,0.000000,0.000000,-1515.782837,348.049377,758.090515,1310.599854
42.2205,True,0.000000,0.000000,0.000000,0.000000,0.000000,0.000000,-1.849916,1.189219,-1.981986,-1.884810,-1.849916,1.189219,-1.981986,-1.884810,0.000000,0.000000,0.000000,0.000000,0.000000,0.000000,0.000000,0.000000,-1515.782837,348.049377,758.090515,1310.599854
42.2404,True,0.000000,0.000000,0.000000,0.000000,0.000000,0.000000,-1.849655,1.189219,-1.981874,-1.885053,-1.849655,1.189219,-1.981930,-1.885053,0.000000,0.000000,0.000000,0.000000,0.000000,0.000000,0.000000,0.000000,-1515.782837,348.049377,758.090515,1310.599854
42.2604,True,0.000000,0.000000,0.000000,0.000000,0.000000,0.000000,-1.849394,1.189219,-1.981874,-1.885218,-1.849655,1.189219,-1.981930,-1.885462,0.000000,0.000000,0.000000,0.000000,0.000000,0.000000,0.000000,0.000000,-1515.782837,348.049377,758.090515,1310.599854
42.2805,True,0.000000,0.000000,0.000000,0.000000,0.000000,0.000000,-1.849655,1.189219,-1.981986,-1.885218,-1.849655,1.189219,-1.981986,-1.885218,0.000000,0.000000,0.000000,0.000000,0.000000,0.000000,0.000000,0.000000,-1515.782837,348.049377,758.090515,1310.599854
42.3005,True,0.000000,0.000000,0.000000,0.000000,0.000000,0.000000,-1.850035,1.189219,-1.981343,-1.885053,-1.850035,1.189219,-1.982041,-1.885053,0.000000,0.000000,0.000000,0.000000,0.000000,0.000000,0.000000,0.000000,-1515.782837,348.049377,758.090515,1310.599854
42.3204,True,0.000000,0.000000,0.000000,0.000000,0.000000,0.000000,-1.849655,1.189219,-1.981399,-1.884810,-1.849655,1.189219,-1.981930,-1.885297,0.000000,0.000000,0.000000,0.000000,0.000000,0.000000,0.000000,0.000000,-1515.782837,348.049377,758.090515,1310.599854
42.3405,True,0.000000,0.000000,0.000000,0.000000,0.000000,0.000000,-1.849655,1.189219,-1.981874,-1.885297,-1.849655,1.189219,-1.981874,-1.885297,0.000000,0.000000,0.000000,0.000000,0.000000,0.000000,0.000000,0.000000,-1515.782837,348.049377,758.090515,1310.599854
42.3604,True,0.000000,0.000000,0.000000,0.000000,0.000000,0.000000,-1.849916,1.189219,-1.981930,-1.885053,-1.849916,1.189219,-1.981930,-1.884810,0.000000,0.000000,0.000000,0.000000,0.000000,0.000000,0.000000,0.000000,-1515.782837,348.049377,758.090515,1310.599854
42.3804,True,0.000000,0.000000,0.000000,0.000000,0.000000,0.000000,-1.849916,1.189219,-1.981930,-1.885053,-1.849655,1.189219,-1.981986,-1.885053,0.000000,0.000000,0.000000,0.000000,0.000000,0.000000,0.000000,0.000000,-1515.782837,348.049377,758.090515,1310.599854
42.4004,True,0.000000,0.000000,0.000000,0.000000,0.000000,0.000000,-1.849655,1.189219,-1.981986,-1.885053,-1.849655,1.189219,-1.981343,-1.885053,0.000000,0.000000,0.000000,0.000000,0.000000,0.000000,0.000000,0.000000,-1515.782837,348.049377,758.090515,1310.599854
42.4205,True,0.000000,0.000000,0.000000,0.000000,0.000000,0.000000,-1.849655,1.189219,-1.981399,-1.885053,-1.849655,1.189219,-1.981986,-1.885053,0.000000,0.000000,0.000000,0.000000,0.000000,0.000000,0.000000,0.000000,-1515.782837,348.049377,758.090515,1310.599854
42.4404,True,0.000000,0.000000,0.000000,0.000000,0.000000,0.000000,-1.849655,1.189219,-1.981399,-1.885053,-1.849916,1.189219,-1.982041,-1.885053,0.000000,0.000000,0.000000,0.000000,0.000000,0.000000,0.000000,0.000000,-1515.782837,348.049377,758.090515,1310.599854
42.4604,True,0.000000,0.000000,0.000000,0.000000,0.000000,0.000000,-1.850035,1.189219,-1.981343,-1.885053,-1.850035,1.189219,-1.981343,-1.885053,0.000000,0.000000,0.000000,0.000000,0.000000,0.000000,0.000000,0.000000,-1515.782837,348.049377,758.090515,1310.599854
42.4804,True,0.000000,0.000000,0.000000,0.000000,0.000000,0.000000,-1.849655,1.189481,-1.981343,-1.885053,-1.849655,1.189025,-1.981343,-1.885053,0.000000,0.000000,0.000000,0.000000,0.000000,0.000000,0.000000,0.000000,-1515.782837,348.049377,758.090515,1310.599854
42.5004,True,0.000000,0.000000,0.000000,0.000000,0.000000,0.000000,-1.849655,1.189868,-1.981930,-1.884645,-1.849655,1.189219,-1.981930,-1.884645,0.000000,0.000000,0.000000,0.000000,0.000000,0.000000,0.000000,0.000000,-1515.782837,348.049377,758.090515,1310.599854
42.5205,True,0.000000,0.000000,0.000000,0.000000,0.000000,0.000000,-1.849655,1.189025,-1.981343,-1.884645,-1.849655,1.189219,-1.981343,-1.884645,0.000000,0.000000,0.000000,0.000000,0.000000,0.000000,0.000000,0.000000,-1515.782837,348.049377,758.090515,1310.599854
42.5404,True,0.000000,0.000000,0.000000,0.000000,0.000000,0.000000,-1.849655,1.189219,-1.982041,-1.884645,-1.849655,1.189219,-1.982041,-1.884645,0.000000,0.000000,0.000000,0.000000,0.000000,0.000000,0.000000,0.000000,-1515.782837,348.049377,758.090515,1310.599854
42.5604,True,0.000000,0.000000,0.000000,0.000000,0.000000,0.000000,-1.849655,1.189219,-1.981986,-1.885462,-1.849655,1.189674,-1.981986,-1.885053,0.000000,0.000000,0.000000,0.000000,0.000000,0.000000,0.000000,0.000000,-1515.782837,348.049377,758.090515,1310.599854
42.5804,True,0.000000,0.000000,0.000000,0.000000,0.000000,0.000000,-1.849655,1.189674,-1.981399,-1.885053,-1.849655,1.189674,-1.981399,-1.885053,0.000000,0.000000,0.000000,0.000000,0.000000,0.000000,0.000000,0.000000,-1515.782837,348.049377,758.090515,1310.599854
42.6004,True,0.000000,0.000000,0.000000,0.000000,0.000000,0.000000,-1.849655,1.189674,-1.981399,-1.884810,-1.849655,1.189674,-1.981986,-1.884810,0.000000,0.000000,0.000000,0.000000,0.000000,0.000000,0.000000,0.000000,-1515.782837,348.049377,758.090515,1310.599854
42.6205,True,0.000000,0.000000,0.000000,0.000000,0.000000,0.000000,-1.849655,1.189674,-1.981930,-1.885053,-1.849655,1.189219,-1.981930,-1.885053,0.000000,0.000000,0.000000,0.000000,0.000000,0.000000,0.000000,0.000000,-1515.782837,348.049377,758.090515,1310.599854
42.6404,True,0.000000,0.000000,0.000000,0.000000,0.000000,0.000000,-1.849655,1.189674,-1.981986,-1.885462,-1.849655,1.189674,-1.981986,-1.885462,0.000000,0.000000,0.000000,0.000000,0.000000,0.000000,0.000000,0.000000,-1515.782837,348.049377,758.090515,1310.599854
42.6604,True,0.000000,0.000000,0.000000,0.000000,0.000000,0.000000,-1.849655,1.189674,-1.981986,-1.885462,-1.849655,1.189674,-1.981986,-1.885462,0.000000,0.000000,0.000000,0.000000,0.000000,0.000000,0.000000,0.000000,-1515.782837,348.049377,758.090515,1310.599854
42.6806,True,0.000000,0.000000,0.000000,0.000000,0.000000,0.000000,-1.849655,1.189674,-1.981986,-1.885462,-1.849655,1.189674,-1.981986,-1.885462,0.000000,0.000000,0.000000,0.000000,0.000000,0.000000,0.000000,0.000000,-1515.782837,348.049377,758.090515,1310.599854
42.7004,True,0.000000,0.000000,0.000000,0.000000,0.000000,0.000000,-1.849655,1.189674,-1.981986,-1.884810,-1.849655,1.189674,-1.981986,-1.885053,0.000000,0.000000,0.000000,0.000000,0.000000,0.000000,0.000000,0.000000,-1515.782837,348.049377,758.090515,1310.599854
42.7204,True,0.000000,0.000000,0.000000,0.000000,0.000000,0.000000,-1.849655,1.189674,-1.981930,-1.884810,-1.849655,1.189674,-1.981930,-1.884810,0.000000,0.000000,0.000000,0.000000,0.000000,0.000000,0.000000,0.000000,-1515.782837,348.049377,758.090515,1310.599854
42.7405,True,0.000000,0.000000,0.000000,0.000000,0.000000,0.000000,-1.849655,1.189674,-1.981930,-1.885053,-1.849655,1.189674,-1.981930,-1.884810,0.000000,0.000000,0.000000,0.000000,0.000000,0.000000,0.000000,0.000000,-1515.782837,348.049377,758.090515,1310.599854
42.7604,True,0.000000,0.000000,0.000000,0.000000,0.000000,0.000000,-1.849655,1.189219,-1.981930,-1.884810,-1.849655,1.189219,-1.981930,-1.884810,0.000000,0.000000,0.000000,0.000000,0.000000,0.000000,0.000000,0.000000,-1515.782837,348.049377,758.090515,1310.599854
42.7804,True,0.000000,0.000000,0.000000,0.000000,0.000000,0.000000,-1.849655,1.189219,-1.981930,-1.884810,-1.849916,1.189219,-1.981930,-1.884810,0.000000,0.000000,0.000000,0.000000,0.000000,0.000000,0.000000,0.000000,-1515.782837,348.049377,758.090515,1310.599854
42.8007,True,0.000000,0.000000,0.000000,0.000000,0.000000,0.000000,-1.850178,1.189219,-1.981930,-1.884810,-1.850035,1.189219,-1.981930,-1.884810,0.000000,0.000000,0.000000,0.000000,0.000000,0.000000,0.000000,0.000000,-1515.782837,348.049377,758.090515,1310.599854
42.8205,True,0.000000,0.000000,0.000000,0.000000,0.000000,0.000000,-1.849916,1.189219,-1.981930,-1.884810,-1.849916,1.189219,-1.981930,-1.884810,0.000000,0.000000,0.000000,0.000000,0.000000,0.000000,0.000000,0.000000,-1515.782837,348.049377,758.090515,1310.599854
42.8404,True,0.000000,0.000000,0.000000,0.000000,0.000000,0.000000,-1.849916,1.189219,-1.981930,-1.885053,-1.849916,1.189219,-1.981930,-1.885053,0.000000,0.000000,0.000000,0.000000,0.000000,0.000000,0.000000,0.000000,-1515.782837,348.049377,758.090515,1310.599854
42.8605,True,0.000000,0.000000,0.000000,0.000000,0.000000,0.000000,-1.849916,1.189219,-1.981930,-1.884810,-1.849916,1.189219,-1.981930,-1.884810,0.000000,0.000000,0.000000,0.000000,0.000000,0.000000,0.000000,0.000000,-1515.782837,348.049377,758.090515,1310.599854
42.8804,True,0.000000,0.000000,0.000000,0.000000,0.000000,0.000000,-1.849537,1.189219,-1.981930,-1.885053,-1.849537,1.189219,-1.981930,-1.885462,0.000000,0.000000,0.000000,0.000000,0.000000,0.000000,0.000000,0.000000,-1515.782837,348.049377,758.090515,1310.599854
42.9005,True,0.000000,0.000000,0.000000,0.000000,0.000000,0.000000,-1.849537,1.189025,-1.981930,-1.885462,-1.849537,1.189219,-1.981930,-1.885053,0.000000,0.000000,0.000000,0.000000,0.000000,0.000000,0.000000,0.000000,-1515.782837,348.049377,758.090515,1310.599854
42.9205,True,0.000000,0.000000,0.000000,0.000000,0.000000,0.000000,-1.849798,1.189674,-1.981930,-1.885053,-1.849798,1.189219,-1.981930,-1.885053,0.000000,0.000000,0.000000,0.000000,0.000000,0.000000,0.000000,0.000000,-1515.782837,348.049377,758.090515,1310.599854
42.9405,True,0.000000,0.000000,0.000000,0.000000,0.000000,0.000000,-1.850178,1.189481,-1.981930,-1.885053,-1.850178,1.189025,-1.981930,-1.885053,0.000000,0.000000,0.000000,0.000000,0.000000,0.000000,0.000000,0.000000,-1515.782837,348.049377,758.090515,1310.599854
42.9604,True,0.000000,0.000000,0.000000,0.000000,0.000000,0.000000,-1.850178,1.189219,-1.981930,-1.885053,-1.849916,1.189219,-1.981930,-1.885053,0.000000,0.000000,0.000000,0.000000,0.000000,0.000000,0.000000,0.000000,-1515.782837,348.049377,758.090515,1310.599854
42.9805,True,0.000000,0.000000,0.000000,0.000000,0.000000,0.000000,-1.849275,1.189219,-1.981930,-1.885053,-1.849275,1.189219,-1.981930,-1.885053,0.000000,0.000000,0.000000,0.000000,0.000000,0.000000,0.000000,0.000000,-1515.782837,348.049377,758.090515,1310.599854
43.0005,True,0.000000,0.000000,0.000000,0.000000,0.000000,0.000000,-1.850178,1.189219,-1.981930,-1.885053,-1.850178,1.189219,-1.981930,-1.885053,0.000000,0.000000,0.000000,0.000000,0.000000,0.000000,0.000000,0.000000,-1515.782837,348.049377,758.090515,1310.599854
43.0204,True,0.000000,0.000000,0.000000,0.000000,0.000000,0.000000,-1.850178,1.189219,-1.981930,-1.885297,-1.850178,1.189219,-1.981930,-1.885053,0.000000,0.000000,0.000000,0.000000,0.000000,0.000000,0.000000,0.000000,-1515.782837,348.049377,758.090515,1310.599854
43.0405,True,0.000000,0.000000,0.000000,0.000000,0.000000,0.000000,-1.850178,1.189413,-1.981930,-1.885053,-1.850178,1.189413,-1.981930,-1.885053,0.000000,0.000000,0.000000,0.000000,0.000000,0.000000,0.000000,0.000000,-1515.782837,348.049377,758.090515,1310.599854
43.0604,True,0.000000,0.000000,0.000000,0.000000,0.000000,0.000000,-1.849916,1.189219,-1.981930,-1.885053,-1.849916,1.189219,-1.981930,-1.885053,0.000000,0.000000,0.000000,0.000000,0.000000,0.000000,0.000000,0.000000,-1515.782837,348.049377,758.090515,1310.599854
43.0804,True,0.000000,0.000000,0.000000,0.000000,0.000000,0.000000,-1.849916,1.189674,-1.981930,-1.884810,-1.849537,1.189025,-1.981930,-1.885053,0.000000,0.000000,0.000000,0.000000,0.000000,0.000000,0.000000,0.000000,-1515.782837,348.049377,758.090515,1310.599854
43.1005,True,0.000000,0.000000,0.000000,0.000000,0.000000,0.000000,-1.849798,1.189674,-1.981930,-1.885462,-1.849798,1.189674,-1.981930,-1.885462,0.000000,0.000000,0.000000,0.000000,0.000000,0.000000,0.000000,0.000000,-1515.782837,348.049377,758.090515,1310.599854
43.1204,True,0.000000,0.000000,0.000000,0.000000,0.000000,0.000000,-1.849537,1.189219,-1.981930,-1.884810,-1.849916,1.189219,-1.981930,-1.885462,0.000000,0.000000,0.000000,0.000000,0.000000,0.000000,0.000000,0.000000,-1515.782837,348.049377,758.090515,1310.599854
43.1404,True,0.000000,0.000000,0.000000,0.000000,0.000000,0.000000,-1.849916,1.189219,-1.981930,-1.885053,-1.850178,1.189219,-1.981930,-1.885053,0.000000,0.000000,0.000000,0.000000,0.000000,0.000000,0.000000,0.000000,-1515.782837,348.049377,758.090515,1310.599854
43.1605,True,0.000000,0.000000,0.000000,0.000000,0.000000,0.000000,-1.849916,1.189219,-1.981930,-1.885053,-1.849916,1.189219,-1.981930,-1.885053,0.000000,0.000000,0.000000,0.000000,0.000000,0.000000,0.000000,0.000000,-1515.782837,348.049377,758.090515,1310.599854
43.1804,True,0.000000,0.000000,0.000000,0.000000,0.000000,0.000000,-1.850178,1.189219,-1.981930,-1.885462,-1.850178,1.189219,-1.981930,-1.885462,0.000000,0.000000,0.000000,0.000000,0.000000,0.000000,0.000000,0.000000,-1515.782837,348.049377,758.090515,1310.599854
43.2005,True,0.000000,0.000000,0.000000,0.000000,0.000000,0.000000,-1.849916,1.189219,-1.981399,-1.885053,-1.849916,1.189219,-1.981343,-1.884645,0.000000,0.000000,0.000000,0.000000,0.000000,0.000000,0.000000,0.000000,-1515.782837,348.049377,758.090515,1310.599854
43.2205,True,0.000000,0.000000,0.000000,0.000000,0.000000,0.000000,-1.849916,1.189219,-1.981399,-1.885462,-1.849916,1.189219,-1.981399,-1.885462,0.000000,0.000000,0.000000,0.000000,0.000000,0.000000,0.000000,0.000000,-1515.782837,348.049377,758.090515,1310.599854
43.2404,True,0.000000,0.000000,0.000000,0.000000,0.000000,0.000000,-1.849916,1.189219,-1.981343,-1.885053,-1.849916,1.189219,-1.981343,-1.885053,0.000000,0.000000,0.000000,0.000000,0.000000,0.000000,0.000000,0.000000,-1515.782837,348.049377,758.090515,1310.599854
43.2604,True,0.000000,0.000000,0.000000,0.000000,0.000000,0.000000,-1.849916,1.189219,-1.981930,-1.885053,-1.849916,1.189219,-1.981930,-1.885053,0.000000,0.000000,0.000000,0.000000,0.000000,0.000000,0.000000,0.000000,-1515.782837,348.049377,758.090515,1310.599854
43.2805,True,0.000000,0.000000,0.000000,0.000000,0.000000,0.000000,-1.849916,1.189219,-1.982041,-1.885053,-1.849916,1.189219,-1.982041,-1.885053,0.000000,0.000000,0.000000,0.000000,0.000000,0.000000,0.000000,0.000000,-1515.782837,348.049377,758.090515,1310.599854
43.3004,True,0.000000,0.000000,0.000000,0.000000,0.000000,0.000000,-1.849916,1.189219,-1.981343,-1.885053,-1.849916,1.189219,-1.981399,-1.885053,0.000000,0.000000,0.000000,0.000000,0.000000,0.000000,0.000000,0.000000,-1515.782837,348.049377,758.090515,1310.599854
43.3204,True,0.000000,0.000000,0.000000,0.000000,0.000000,0.000000,-1.849916,1.189219,-1.981986,-1.885053,-1.849537,1.189219,-1.981930,-1.885053,0.000000,0.000000,0.000000,0.000000,0.000000,0.000000,0.000000,0.000000,-1515.782837,348.049377,758.090515,1310.599854
43.3404,True,0.000000,0.000000,0.000000,0.000000,0.000000,0.000000,-1.849537,1.189219,-1.981930,-1.885053,-1.849537,1.189219,-1.981930,-1.885053,0.000000,0.000000,0.000000,0.000000,0.000000,0.000000,0.000000,0.000000,-1515.782837,348.049377,758.090515,1310.599854
43.3604,True,0.000000,0.000000,0.000000,0.000000,0.000000,0.000000,-1.849537,1.189674,-1.981343,-1.885053,-1.849537,1.189868,-1.981343,-1.885053,0.000000,0.000000,0.000000,0.000000,0.000000,0.000000,0.000000,0.000000,-1515.782837,348.049377,758.090515,1310.599854
43.3805,True,0.000000,0.000000,0.000000,0.000000,0.000000,0.000000,-1.849537,1.189219,-1.981986,-1.885053,-1.849798,1.189219,-1.981930,-1.885053,0.000000,0.000000,0.000000,0.000000,0.000000,0.000000,0.000000,0.000000,-1515.782837,348.049377,758.090515,1310.599854
43.4004,True,0.000000,0.000000,0.000000,0.000000,0.000000,0.000000,-1.849655,1.189868,-1.981930,-1.885053,-1.849655,1.189868,-1.981930,-1.885053,0.000000,0.000000,0.000000,0.000000,0.000000,0.000000,0.000000,0.000000,-1515.782837,348.049377,758.090515,1310.599854
43.4205,True,0.000000,0.000000,0.000000,0.000000,0.000000,0.000000,-1.849655,1.189868,-1.981930,-1.884645,-1.850178,1.189868,-1.981930,-1.884645,0.000000,0.000000,0.000000,0.000000,0.000000,0.000000,0.000000,0.000000,-1515.782837,348.049377,758.090515,1310.599854
43.4407,True,0.000000,0.000000,0.000000,0.000000,0.000000,0.000000,-1.849916,1.189868,-1.981930,-1.884810,-1.849916,1.189868,-1.981930,-1.885053,0.000000,0.000000,0.000000,0.000000,0.000000,0.000000,0.000000,0.000000,-1515.782837,348.049377,758.090515,1310.599854
43.4605,True,0.000000,0.000000,0.000000,0.000000,0.000000,0.000000,-1.849537,1.189868,-1.981930,-1.885462,-1.849537,1.189868,-1.981930,-1.885462,0.000000,0.000000,0.000000,0.000000,0.000000,0.000000,0.000000,0.000000,-1515.782837,348.049377,758.090515,1310.599854
43.4804,True,0.000000,0.000000,0.000000,0.000000,0.000000,0.000000,-1.849916,1.189868,-1.981930,-1.884810,-1.849916,1.189868,-1.981930,-1.885053,0.000000,0.000000,0.000000,0.000000,0.000000,0.000000,0.000000,0.000000,-1515.782837,348.049377,758.090515,1310.599854
43.5007,True,0.000000,0.000000,0.000000,0.000000,0.000000,0.000000,-1.850178,1.189868,-1.981930,-1.885053,-1.849916,1.189868,-1.981930,-1.885053,0.000000,0.000000,0.000000,0.000000,0.000000,0.000000,0.000000,0.000000,-1515.782837,348.049377,758.090515,1310.599854
43.5204,True,0.000000,0.000000,0.000000,0.000000,0.000000,0.000000,-1.849916,1.189868,-1.981930,-1.884810,-1.849916,1.189868,-1.981930,-1.885053,0.000000,0.000000,0.000000,0.000000,0.000000,0.000000,0.000000,0.000000,-1515.782837,348.049377,758.090515,1310.599854
43.5404,True,0.000000,0.000000,0.000000,0.000000,0.000000,0.000000,-1.849916,1.189868,-1.981986,-1.885053,-1.849916,1.189868,-1.981874,-1.884401,0.000000,0.000000,0.000000,0.000000,0.000000,0.000000,0.000000,0.000000,-1515.782837,348.049377,758.090515,1310.599854
43.5604,True,0.000000,0.000000,0.000000,0.000000,0.000000,0.000000,-1.849655,1.189868,-1.981930,-1.884810,-1.849655,1.189868,-1.981930,-1.884810,0.000000,0.000000,0.000000,0.000000,0.000000,0.000000,0.000000,0.000000,-1515.782837,348.049377,758.090515,1310.599854
43.5804,True,0.000000,0.000000,0.000000,0.000000,0.000000,0.000000,-1.849916,1.189868,-1.981930,-1.885462,-1.849916,1.189868,-1.981986,-1.885462,0.000000,0.000000,0.000000,0.000000,0.000000,0.000000,0.000000,0.000000,-1515.782837,348.049377,758.090515,1310.599854
43.6004,True,0.000000,0.000000,0.000000,0.000000,0.000000,0.000000,-1.849655,1.189868,-1.981874,-1.885462,-1.849655,1.189868,-1.981874,-1.885462,0.000000,0.000000,0.000000,0.000000,0.000000,0.000000,0.000000,0.000000,-1515.782837,348.049377,758.090515,1310.599854
43.6204,True,0.000000,0.000000,0.000000,0.000000,0.000000,0.000000,-1.849655,1.189868,-1.981986,-1.885053,-1.849655,1.189868,-1.981986,-1.885053,0.000000,0.000000,0.000000,0.000000,0.000000,0.000000,0.000000,0.000000,-1515.782837,348.049377,758.090515,1310.599854
43.6404,True,0.000000,0.000000,0.000000,0.000000,0.000000,0.000000,-1.849655,1.189868,-1.981986,-1.885053,-1.849394,1.189868,-1.981986,-1.885053,0.000000,0.000000,0.000000,0.000000,0.000000,0.000000,0.000000,0.000000,-1515.782837,348.049377,758.090515,1310.599854
43.6604,True,0.000000,0.000000,0.000000,0.000000,0.000000,0.000000,-1.850035,1.189868,-1.981930,-1.885462,-1.849916,1.189868,-1.981930,-1.885053,0.000000,0.000000,0.000000,0.000000,0.000000,0.000000,0.000000,0.000000,-1515.782837,348.049377,758.090515,1310.599854
43.6804,True,0.000000,0.000000,0.000000,0.000000,0.000000,0.000000,-1.849916,1.189868,-1.981930,-1.885053,-1.849916,1.189868,-1.981930,-1.885053,0.000000,0.000000,0.000000,0.000000,0.000000,0.000000,0.000000,0.000000,-1515.782837,348.049377,758.090515,1310.599854
43.7004,True,0.000000,0.000000,0.000000,0.000000,0.000000,0.000000,-1.850178,1.189868,-1.981930,-1.885053,-1.849916,1.189868,-1.981930,-1.885053,0.000000,0.000000,0.000000,0.000000,0.000000,0.000000,0.000000,0.000000,-1515.782837,348.049377,758.090515,1310.599854
43.7204,True,0.000000,0.000000,0.000000,0.000000,0.000000,0.000000,-1.849916,1.189868,-1.981930,-1.884810,-1.849916,1.189868,-1.981930,-1.885462,0.000000,0.000000,0.000000,0.000000,0.000000,0.000000,0.000000,0.000000,-1515.782837,348.049377,758.090515,1310.599854
43.7404,True,0.000000,0.000000,0.000000,0.000000,0.000000,0.000000,-1.849655,1.189868,-1.981986,-1.885053,-1.849655,1.189868,-1.981986,-1.885053,0.000000,0.000000,0.000000,0.000000,0.000000,0.000000,0.000000,0.000000,-1515.782837,348.049377,758.090515,1310.599854
43.7604,True,0.000000,0.000000,0.000000,0.000000,0.000000,0.000000,-1.849916,1.189868,-1.981874,-1.885462,-1.850178,1.189868,-1.981874,-1.885462,0.000000,0.000000,0.000000,0.000000,0.000000,0.000000,0.000000,0.000000,-1515.782837,348.049377,758.090515,1310.599854
43.7804,True,0.000000,0.000000,0.000000,0.000000,0.000000,0.000000,-1.849655,1.189868,-1.981874,-1.885053,-1.849655,1.189868,-1.981930,-1.885053,0.000000,0.000000,0.000000,0.000000,0.000000,0.000000,0.000000,0.000000,-1515.782837,348.049377,758.090515,1310.599854
43.8004,True,0.000000,0.000000,0.000000,0.000000,0.000000,0.000000,-1.849916,1.189868,-1.981986,-1.884645,-1.849916,1.189868,-1.981930,-1.884645,0.000000,0.000000,0.000000,0.000000,0.000000,0.000000,0.000000,0.000000,-1515.782837,348.049377,758.090515,1310.599854
43.8204,True,0.000000,0.000000,0.000000,0.000000,0.000000,0.000000,-1.849655,1.189868,-1.981986,-1.885053,-1.849655,1.189868,-1.981930,-1.885462,0.000000,0.000000,0.000000,0.000000,0.000000,0.000000,0.000000,0.000000,-1515.782837,348.049377,758.090515,1310.599854
43.8406,True,0.000000,0.000000,0.000000,0.000000,0.000000,0.000000,-1.849916,1.189868,-1.981930,-1.884645,-1.849916,1.189868,-1.981930,-1.884645,0.000000,0.000000,0.000000,0.000000,0.000000,0.000000,0.000000,0.000000,-1515.782837,348.049377,758.090515,1310.599854
43.8604,True,0.000000,0.000000,0.000000,0.000000,0.000000,0.000000,-1.849655,1.189868,-1.981930,-1.885053,-1.849655,1.189868,-1.981930,-1.885053,0.000000,0.000000,0.000000,0.000000,0.000000,0.000000,0.000000,0.000000,-1515.782837,348.049377,758.090515,1310.599854
43.8804,True,0.000000,0.000000,0.000000,0.000000,0.000000,0.000000,-1.849916,1.189868,-1.981874,-1.885053,-1.849916,1.189219,-1.981343,-1.884645,0.000000,0.000000,0.000000,0.000000,0.000000,0.000000,0.000000,0.000000,-1515.782837,348.049377,758.090515,1310.599854
43.9005,True,0.000000,0.000000,0.000000,0.000000,0.000000,0.000000,-1.849916,1.189219,-1.981930,-1.884810,-1.849916,1.189219,-1.981930,-1.885218,0.000000,0.000000,0.000000,0.000000,0.000000,0.000000,0.000000,0.000000,-1515.782837,348.049377,758.090515,1310.599854
43.9204,True,0.000000,0.000000,0.000000,0.000000,0.000000,0.000000,-1.849655,1.189219,-1.981930,-1.885218,-1.849655,1.189219,-1.981930,-1.885218,0.000000,0.000000,0.000000,0.000000,0.000000,0.000000,0.000000,0.000000,-1515.782837,348.049377,758.090515,1310.599854
43.9404,True,0.000000,0.000000,0.000000,0.000000,0.000000,0.000000,-1.850178,1.189413,-1.981930,-1.885053,-1.849537,1.189219,-1.981930,-1.884810,0.000000,0.000000,0.000000,0.000000,0.000000,0.000000,0.000000,0.000000,-1515.782837,348.049377,758.090515,1310.599854
43.9605,True,0.000000,0.000000,0.000000,0.000000,0.000000,0.000000,-1.849655,1.189413,-1.981986,-1.884810,-1.849655,1.189413,-1.981930,-1.885462,0.000000,0.000000,0.000000,0.000000,0.000000,0.000000,0.000000,0.000000,-1515.782837,348.049377,758.090515,1310.599854
43.9804,True,0.000000,0.000000,0.000000,0.000000,0.000000,0.000000,-1.849916,1.189607,-1.981986,-1.885053,-1.849916,1.189413,-1.981986,-1.885053,0.000000,0.000000,0.000000,0.000000,0.000000,0.000000,0.000000,0.000000,-1515.782837,348.049377,758.090515,1310.599854
44.0004,True,0.000000,0.000000,0.000000,0.000000,0.000000,0.000000,-1.849916,1.189219,-1.981930,-1.884810,-1.849537,1.189025,-1.981930,-1.884810,0.000000,0.000000,0.000000,0.000000,0.000000,0.000000,0.000000,0.000000,-1515.782837,348.049377,758.090515,1310.599854
44.0207,True,0.000000,0.000000,0.000000,0.000000,0.000000,0.000000,-1.849916,1.189219,-1.981287,-1.885462,-1.850178,1.189219,-1.981287,-1.884810,0.000000,0.000000,0.000000,0.000000,0.000000,0.000000,0.000000,0.000000,-1515.782837,348.049377,758.090515,1310.599854
44.0404,True,0.000000,0.000000,0.000000,0.000000,0.000000,0.000000,-1.849655,1.189674,-1.981930,-1.884810,-1.849655,1.189025,-1.981930,-1.884810,0.000000,0.000000,0.000000,0.000000,0.000000,0.000000,0.000000,0.000000,-1515.782837,348.049377,758.090515,1310.599854
44.0604,True,0.000000,0.000000,0.000000,0.000000,0.000000,0.000000,-1.849537,1.189219,-1.981930,-1.884810,-1.849916,1.189219,-1.981930,-1.884810,0.000000,0.000000,0.000000,0.000000,0.000000,0.000000,0.000000,0.000000,-1515.782837,348.049377,758.090515,1310.599854
44.0805,True,0.000000,0.000000,0.000000,0.000000,0.000000,0.000000,-1.849916,1.189413,-1.981930,-1.885218,-1.849916,1.189413,-1.981930,-1.885218,0.000000,0.000000,0.000000,0.000000,0.000000,0.000000,0.000000,0.000000,-1515.782837,348.049377,758.090515,1310.599854
44.1004,True,0.000000,0.000000,0.000000,0.000000,0.000000,0.000000,-1.849916,1.189413,-1.981930,-1.884810,-1.849916,1.189413,-1.981930,-1.884810,0.000000,0.000000,0.000000,0.000000,0.000000,0.000000,0.000000,0.000000,-1515.782837,348.049377,758.090515,1310.599854
44.1204,True,0.000000,0.000000,0.000000,0.000000,0.000000,0.000000,-1.849655,1.189413,-1.981930,-1.884810,-1.849537,1.189413,-1.981930,-1.884810,0.000000,0.000000,0.000000,0.000000,0.000000,0.000000,0.000000,0.000000,-1515.782837,348.049377,758.090515,1310.599854
44.1405,True,0.000000,0.000000,0.000000,0.000000,0.000000,0.000000,-1.849537,1.189219,-1.981343,-1.884810,-1.849537,1.189413,-1.981874,-1.884810,0.000000,0.000000,0.000000,0.000000,0.000000,0.000000,0.000000,0.000000,-1515.782837,348.049377,758.090515,1310.599854
44.1605,True,0.000000,0.000000,0.000000,0.000000,0.000000,0.000000,-1.850178,1.189607,-1.981874,-1.885462,-1.850178,1.189413,-1.981874,-1.885462,0.000000,0.000000,0.000000,0.000000,0.000000,0.000000,0.000000,0.000000,-1515.782837,348.049377,758.090515,1310.599854
44.1804,True,0.000000,0.000000,0.000000,0.000000,0.000000,0.000000,-1.849916,1.189413,-1.981930,-1.884810,-1.849655,1.189219,-1.981930,-1.884810,0.000000,0.000000,0.000000,0.000000,0.000000,0.000000,0.000000,0.000000,-1515.782837,348.049377,758.090515,1310.599854
44.2005,True,0.000000,0.000000,0.000000,0.000000,0.000000,0.000000,-1.849655,1.189219,-1.981930,-1.885053,-1.849655,1.189219,-1.981930,-1.885053,0.000000,0.000000,0.000000,0.000000,0.000000,0.000000,0.000000,0.000000,-1515.782837,348.049377,758.090515,1310.599854
44.2204,True,0.000000,0.000000,0.000000,0.000000,0.000000,0.000000,-1.849655,1.189219,-1.981930,-1.885053,-1.849655,1.189219,-1.981930,-1.885053,0.000000,0.000000,0.000000,0.000000,0.000000,0.000000,0.000000,0.000000,-1515.782837,348.049377,758.090515,1310.599854
44.2404,True,0.000000,0.000000,0.000000,0.000000,0.000000,0.000000,-1.849655,1.189219,-1.981930,-1.885053,-1.849655,1.189219,-1.981930,-1.885053,0.000000,0.000000,0.000000,0.000000,0.000000,0.000000,0.000000,0.000000,-1515.782837,348.049377,758.090515,1310.599854
44.2604,True,0.000000,0.000000,0.000000,0.000000,0.000000,0.000000,-1.849655,1.189219,-1.981930,-1.885053,-1.849655,1.189219,-1.981930,-1.885053,0.000000,0.000000,0.000000,0.000000,0.000000,0.000000,0.000000,0.000000,-1515.782837,348.049377,758.090515,1310.599854
44.2804,True,0.000000,0.000000,0.000000,0.000000,0.000000,0.000000,-1.849916,1.189219,-1.981930,-1.885053,-1.849916,1.189219,-1.981930,-1.885053,0.000000,0.000000,0.000000,0.000000,0.000000,0.000000,0.000000,0.000000,-1515.782837,348.049377,758.090515,1310.599854
44.3004,True,0.000000,0.000000,0.000000,0.000000,0.000000,0.000000,-1.849916,1.189219,-1.981930,-1.885053,-1.849916,1.189219,-1.981930,-1.885053,0.000000,0.000000,0.000000,0.000000,0.000000,0.000000,0.000000,0.000000,-1515.782837,348.049377,758.090515,1310.599854
44.3204,True,0.000000,0.000000,0.000000,0.000000,0.000000,0.000000,-1.849655,1.189219,-1.981930,-1.885053,-1.849655,1.189219,-1.981930,-1.885053,0.000000,0.000000,0.000000,0.000000,0.000000,0.000000,0.000000,0.000000,-1515.782837,348.049377,758.090515,1310.599854
44.3404,True,0.000000,0.000000,0.000000,0.000000,0.000000,0.000000,-1.850297,1.189674,-1.981930,-1.885053,-1.849916,1.189219,-1.981930,-1.885053,0.000000,0.000000,0.000000,0.000000,0.000000,0.000000,0.000000,0.000000,-1515.782837,348.049377,758.090515,1310.599854
44.3604,True,0.000000,0.000000,0.000000,0.000000,0.000000,0.000000,-1.849916,1.189219,-1.981930,-1.885053,-1.849916,1.189219,-1.981930,-1.885053,0.000000,0.000000,0.000000,0.000000,0.000000,0.000000,0.000000,0.000000,-1515.782837,348.049377,758.090515,1310.599854
44.3804,True,0.000000,0.000000,0.000000,0.000000,0.000000,0.000000,-1.849916,1.189219,-1.981930,-1.885053,-1.849916,1.189674,-1.981930,-1.885053,0.000000,0.000000,0.000000,0.000000,0.000000,0.000000,0.000000,0.000000,-1515.782837,348.049377,758.090515,1310.599854
44.4004,True,0.000000,0.000000,0.000000,0.000000,0.000000,0.000000,-1.849655,1.189219,-1.981930,-1.885462,-1.849655,1.189674,-1.981930,-1.884810,0.000000,0.000000,0.000000,0.000000,0.000000,0.000000,0.000000,0.000000,-1515.782837,348.049377,758.090515,1310.599854
44.4212,True,0.000000,0.000000,0.000000,0.000000,0.000000,0.000000,-1.849655,1.189674,-1.981930,-1.884810,-1.849655,1.189674,-1.981930,-1.884810,0.000000,0.000000,0.000000,0.000000,0.000000,0.000000,0.000000,0.000000,-1515.782837,348.049377,758.090515,1310.599854
44.4404,True,0.000000,0.000000,0.000000,0.000000,0.000000,0.000000,-1.849655,1.189674,-1.981930,-1.885053,-1.849655,1.189219,-1.981930,-1.885053,0.000000,0.000000,0.000000,0.000000,0.000000,0.000000,0.000000,0.000000,-1515.782837,348.049377,758.090515,1310.599854
44.4604,True,0.000000,0.000000,0.000000,0.000000,0.000000,0.000000,-1.849655,1.189025,-1.981930,-1.885053,-1.849655,1.189025,-1.981930,-1.885053,0.000000,0.000000,0.000000,0.000000,0.000000,0.000000,0.000000,0.000000,-1515.782837,348.049377,758.090515,1310.599854
44.4804,True,0.000000,0.000000,0.000000,0.000000,0.000000,0.000000,-1.849916,1.189025,-1.981930,-1.885053,-1.849916,1.189025,-1.981930,-1.885053,0.000000,0.000000,0.000000,0.000000,0.000000,0.000000,0.000000,0.000000,-1515.782837,348.049377,758.090515,1310.599854
44.5004,True,0.000000,0.000000,0.000000,0.000000,0.000000,0.000000,-1.849916,1.189219,-1.981930,-1.885053,-1.849916,1.189219,-1.981930,-1.885053,0.000000,0.000000,0.000000,0.000000,0.000000,0.000000,0.000000,0.000000,-1515.782837,348.049377,758.090515,1310.599854
44.5204,True,0.000000,0.000000,0.000000,0.000000,0.000000,0.000000,-1.849655,1.189219,-1.981930,-1.884810,-1.849655,1.189219,-1.981930,-1.884810,0.000000,0.000000,0.000000,0.000000,0.000000,0.000000,0.000000,0.000000,-1515.782837,348.049377,758.090515,1310.599854
44.5404,True,0.000000,0.000000,0.000000,0.000000,0.000000,0.000000,-1.849655,1.189674,-1.981930,-1.884810,-1.849916,1.189219,-1.981930,-1.885462,0.000000,0.000000,0.000000,0.000000,0.000000,0.000000,0.000000,0.000000,-1515.782837,348.049377,758.090515,1310.599854
44.5604,True,0.000000,0.000000,0.000000,0.000000,0.000000,0.000000,-1.849655,1.189219,-1.981930,-1.885053,-1.849916,1.189413,-1.981930,-1.884810,0.000000,0.000000,0.000000,0.000000,0.000000,0.000000,0.000000,0.000000,-1515.782837,348.049377,758.090515,1310.599854
44.5804,True,0.000000,0.000000,0.000000,0.000000,0.000000,0.000000,-1.849916,1.189025,-1.981930,-1.884810,-1.849916,1.189025,-1.981930,-1.884810,0.000000,0.000000,0.000000,0.000000,0.000000,0.000000,0.000000,0.000000,-1515.782837,348.049377,758.090515,1310.599854
44.6004,True,0.000000,0.000000,0.000000,0.000000,0.000000,0.000000,-1.849275,1.189219,-1.981930,-1.885053,-1.849916,1.189219,-1.981930,-1.884810,0.000000,0.000000,0.000000,0.000000,0.000000,0.000000,0.000000,0.000000,-1515.782837,348.049377,758.090515,1310.599854
44.6204,True,0.000000,0.000000,0.000000,0.000000,0.000000,0.000000,-1.850178,1.189219,-1.981930,-1.884810,-1.849916,1.189219,-1.981930,-1.885218,0.000000,0.000000,0.000000,0.000000,0.000000,0.000000,0.000000,0.000000,-1515.782837,348.049377,758.090515,1310.599854
44.6404,True,0.000000,0.000000,0.000000,0.000000,0.000000,0.000000,-1.849655,1.189219,-1.981986,-1.884810,-1.849655,1.189219,-1.981930,-1.884810,0.000000,0.000000,0.000000,0.000000,0.000000,0.000000,0.000000,0.000000,-1515.782837,348.049377,758.090515,1310.599854
44.6604,True,0.000000,0.000000,0.000000,0.000000,0.000000,0.000000,-1.849916,1.189219,-1.981874,-1.884810,-1.849916,1.189219,-1.981874,-1.884810,0.000000,0.000000,0.000000,0.000000,0.000000,0.000000,0.000000,0.000000,-1515.782837,348.049377,758.090515,1310.599854
44.6806,True,0.000000,0.000000,0.000000,0.000000,0.000000,0.000000,-1.849655,1.189219,-1.981930,-1.884810,-1.849655,1.189219,-1.981874,-1.884810,0.000000,0.000000,0.000000,0.000000,0.000000,0.000000,0.000000,0.000000,-1515.782837,348.049377,758.090515,1310.599854
44.7004,True,0.000000,0.000000,0.000000,0.000000,0.000000,0.000000,-1.849655,1.189219,-1.981930,-1.884810,-1.849655,1.189219,-1.981986,-1.884810,0.000000,0.000000,0.000000,0.000000,0.000000,0.000000,0.000000,0.000000,-1515.782837,348.049377,758.090515,1310.599854
44.7204,True,0.000000,0.000000,0.000000,0.000000,0.000000,0.000000,-1.849655,1.189219,-1.981930,-1.884810,-1.849655,1.189219,-1.981930,-1.884810,0.000000,0.000000,0.000000,0.000000,0.000000,0.000000,0.000000,0.000000,-1515.782837,348.049377,758.090515,1310.599854
44.7408,True,0.000000,0.000000,0.000000,0.000000,0.000000,0.000000,-1.850035,1.189219,-1.981930,-1.884810,-1.850035,1.189219,-1.981930,-1.884810,0.000000,0.000000,0.000000,0.000000,0.000000,0.000000,0.000000,0.000000,-1515.782837,348.049377,758.090515,1310.599854
44.7604,True,0.000000,0.000000,0.000000,0.000000,0.000000,0.000000,-1.849655,1.189219,-1.981930,-1.884810,-1.849655,1.189219,-1.981930,-1.884810,0.000000,0.000000,0.000000,0.000000,0.000000,0.000000,0.000000,0.000000,-1515.782837,348.049377,758.090515,1310.599854
44.7804,True,0.000000,0.000000,0.000000,0.000000,0.000000,0.000000,-1.849655,1.189219,-1.981874,-1.885218,-1.849655,1.189219,-1.981874,-1.884810,0.000000,0.000000,0.000000,0.000000,0.000000,0.000000,0.000000,0.000000,-1515.782837,348.049377,758.090515,1310.599854
44.8005,True,0.000000,0.000000,0.000000,0.000000,0.000000,0.000000,-1.849916,1.189219,-1.981874,-1.885218,-1.849916,1.189219,-1.981874,-1.885218,0.000000,0.000000,0.000000,0.000000,0.000000,0.000000,0.000000,0.000000,-1515.782837,348.049377,758.090515,1310.599854
44.8204,True,0.000000,0.000000,0.000000,0.000000,0.000000,0.000000,-1.849655,1.189219,-1.981874,-1.885053,-1.849655,1.189219,-1.981874,-1.885053,0.000000,0.000000,0.000000,0.000000,0.000000,0.000000,0.000000,0.000000,-1515.782837,348.049377,758.090515,1310.599854
44.8404,True,0.000000,0.000000,0.000000,0.000000,0.000000,0.000000,-1.849916,1.189219,-1.981874,-1.885053,-1.849916,1.189219,-1.981874,-1.885053,0.000000,0.000000,0.000000,0.000000,0.000000,0.000000,0.000000,0.000000,-1515.782837,348.049377,758.090515,1310.599854
44.8604,True,0.000000,0.000000,0.000000,0.000000,0.000000,0.000000,-1.849916,1.189219,-1.981930,-1.884810,-1.849916,1.189219,-1.981930,-1.884810,0.000000,0.000000,0.000000,0.000000,0.000000,0.000000,0.000000,0.000000,-1515.782837,348.049377,758.090515,1310.599854
44.8804,True,0.000000,0.000000,0.000000,0.000000,0.000000,0.000000,-1.849655,1.189219,-1.981930,-1.884810,-1.849655,1.189219,-1.981930,-1.884810,0.000000,0.000000,0.000000,0.000000,0.000000,0.000000,0.000000,0.000000,-1515.782837,348.049377,758.090515,1310.599854
44.9004,True,0.000000,0.000000,0.000000,0.000000,0.000000,0.000000,-1.849655,1.189219,-1.981930,-1.885462,-1.849655,1.189219,-1.981874,-1.885053,0.000000,0.000000,0.000000,0.000000,0.000000,0.000000,0.000000,0.000000,-1515.782837,348.049377,758.090515,1310.599854
44.9207,True,0.000000,0.000000,0.000000,0.000000,0.000000,0.000000,-1.849655,1.189219,-1.981930,-1.885462,-1.849655,1.189219,-1.981930,-1.885462,0.000000,0.000000,0.000000,0.000000,0.000000,0.000000,0.000000,0.000000,-1515.782837,348.049377,758.090515,1310.599854
44.9404,True,0.000000,0.000000,0.000000,0.000000,0.000000,0.000000,-1.850035,1.189219,-1.981930,-1.885462,-1.849655,1.189219,-1.981930,-1.885462,0.000000,0.000000,0.000000,0.000000,0.000000,0.000000,0.000000,0.000000,-1515.782837,348.049377,758.090515,1310.599854
44.9604,True,0.000000,0.000000,0.000000,0.000000,0.000000,0.000000,-1.849916,1.189219,-1.981930,-1.885218,-1.849916,1.189219,-1.981930,-1.884810,0.000000,0.000000,0.000000,0.000000,0.000000,0.000000,0.000000,0.000000,-1515.782837,348.049377,758.090515,1310.599854
44.9804,True,0.000000,0.000000,0.000000,0.000000,0.000000,0.000000,-1.849916,1.189219,-1.981930,-1.884810,-1.849916,1.189219,-1.981930,-1.885053,0.000000,0.000000,0.000000,0.000000,0.000000,0.000000,0.000000,0.000000,-1515.782837,348.049377,758.090515,1310.599854
45.0004,True,0.000000,0.000000,0.000000,0.000000,0.000000,0.000000,-1.849916,1.189219,-1.981930,-1.885053,-1.849916,1.189219,-1.981986,-1.885053,0.000000,0.000000,0.000000,0.000000,0.000000,0.000000,0.000000,0.000000,-1515.782837,348.049377,758.090515,1310.599854
45.0204,True,0.000000,0.000000,0.000000,0.000000,0.000000,0.000000,-1.849916,1.189219,-1.981930,-1.884645,-1.849655,1.189219,-1.981986,-1.884645,0.000000,0.000000,0.000000,0.000000,0.000000,0.000000,0.000000,0.000000,-1515.782837,348.049377,758.090515,1310.599854
45.0404,True,0.000000,0.000000,0.000000,0.000000,0.000000,0.000000,-1.849655,1.189219,-1.981287,-1.885053,-1.849916,1.189219,-1.981343,-1.884810,0.000000,0.000000,0.000000,0.000000,0.000000,0.000000,0.000000,0.000000,-1515.782837,348.049377,758.090515,1310.599854
45.0604,True,0.000000,0.000000,0.000000,0.000000,0.000000,0.000000,-1.849916,1.189219,-1.981986,-1.884810,-1.849916,1.189219,-1.981986,-1.884810,0.000000,0.000000,0.000000,0.000000,0.000000,0.000000,0.000000,0.000000,-1515.782837,348.049377,758.090515,1310.599854
45.0804,True,0.000000,0.000000,0.000000,0.000000,0.000000,0.000000,-1.849655,1.189219,-1.981930,-1.885053,-1.849655,1.189219,-1.981930,-1.885053,0.000000,0.000000,0.000000,0.000000,0.000000,0.000000,0.000000,0.000000,-1515.782837,348.049377,758.090515,1310.599854
45.1004,True,0.000000,0.000000,0.000000,0.000000,0.000000,0.000000,-1.849916,1.189219,-1.981986,-1.885053,-1.849916,1.189219,-1.981986,-1.885053,0.000000,0.000000,0.000000,0.000000,0.000000,0.000000,0.000000,0.000000,-1515.782837,348.049377,758.090515,1310.599854
45.1204,True,0.000000,0.000000,0.000000,0.000000,0.000000,0.000000,-1.849655,1.189219,-1.981874,-1.885462,-1.849655,1.189219,-1.981874,-1.885053,0.000000,0.000000,0.000000,0.000000,0.000000,0.000000,0.000000,0.000000,-1515.782837,348.049377,758.090515,1310.599854
45.1404,True,0.000000,0.000000,0.000000,0.000000,0.000000,0.000000,-1.849916,1.189674,-1.981930,-1.885218,-1.849916,1.189674,-1.981930,-1.885218,0.000000,0.000000,0.000000,0.000000,0.000000,0.000000,0.000000,0.000000,-1515.782837,348.049377,758.090515,1310.599854
45.1604,True,0.000000,0.000000,0.000000,0.000000,0.000000,0.000000,-1.849916,1.189674,-1.981930,-1.885053,-1.849916,1.189674,-1.981399,-1.885053,0.000000,0.000000,0.000000,0.000000,0.000000,0.000000,0.000000,0.000000,-1515.782837,348.049377,758.090515,1310.599854
45.1804,True,0.000000,0.000000,0.000000,0.000000,0.000000,0.000000,-1.849655,1.189868,-1.981986,-1.884810,-1.849655,1.189219,-1.981343,-1.884810,0.000000,0.000000,0.000000,0.000000,0.000000,0.000000,0.000000,0.000000,-1515.782837,348.049377,758.090515,1310.599854
45.2004,True,0.000000,0.000000,0.000000,0.000000,0.000000,0.000000,-1.849916,1.189219,-1.981986,-1.885218,-1.849916,1.189219,-1.981930,-1.884810,0.000000,0.000000,0.000000,0.000000,0.000000,0.000000,0.000000,0.000000,-1515.782837,348.049377,758.090515,1310.599854
45.2204,True,0.000000,0.000000,0.000000,0.000000,0.000000,0.000000,-1.849655,1.189219,-1.981930,-1.884810,-1.849655,1.189219,-1.981930,-1.884810,0.000000,0.000000,0.000000,0.000000,0.000000,0.000000,0.000000,0.000000,-1515.782837,348.049377,758.090515,1310.599854
45.2404,True,0.000000,0.000000,0.000000,0.000000,0.000000,0.000000,-1.849655,1.189481,-1.981986,-1.885218,-1.849655,1.189481,-1.981930,-1.884810,0.000000,0.000000,0.000000,0.000000,0.000000,0.000000,0.000000,0.000000,-1515.782837,348.049377,758.090515,1310.599854
45.2604,True,0.000000,0.000000,0.000000,0.000000,0.000000,0.000000,-1.849394,1.189481,-1.981930,-1.884810,-1.849655,1.189481,-1.981930,-1.884810,0.000000,0.000000,0.000000,0.000000,0.000000,0.000000,0.000000,0.000000,-1515.782837,348.049377,758.090515,1310.599854
45.2804,True,0.000000,0.000000,0.000000,0.000000,0.000000,0.000000,-1.849275,1.189481,-1.981874,-1.884810,-1.849275,1.189481,-1.981930,-1.885462,0.000000,0.000000,0.000000,0.000000,0.000000,0.000000,0.000000,0.000000,-1515.782837,348.049377,758.090515,1310.599854
45.3004,True,0.000000,0.000000,0.000000,0.000000,0.000000,0.000000,-1.849916,1.189868,-1.981986,-1.884810,-1.849655,1.189219,-1.981930,-1.885218,0.000000,0.000000,0.000000,0.000000,0.000000,0.000000,0.000000,0.000000,-1515.782837,348.049377,758.090515,1310.599854
45.3205,True,0.000000,0.000000,0.000000,0.000000,0.000000,0.000000,-1.849655,1.189219,-1.981874,-1.884810,-1.849655,1.189219,-1.981874,-1.884810,0.000000,0.000000,0.000000,0.000000,0.000000,0.000000,0.000000,0.000000,-1515.782837,348.049377,758.090515,1310.599854
45.3404,True,0.000000,0.000000,0.000000,0.000000,0.000000,0.000000,-1.849655,1.189219,-1.981930,-1.884810,-1.849655,1.189219,-1.981930,-1.884810,0.000000,0.000000,0.000000,0.000000,0.000000,0.000000,0.000000,0.000000,-1515.782837,348.049377,758.090515,1310.599854
45.3604,True,0.000000,0.000000,0.000000,0.000000,0.000000,0.000000,-1.850035,1.189025,-1.981874,-1.885218,-1.850035,1.189674,-1.981986,-1.885218,0.000000,0.000000,0.000000,0.000000,0.000000,0.000000,0.000000,0.000000,-1515.782837,348.049377,758.090515,1310.599854
45.3804,True,0.000000,0.000000,0.000000,0.000000,0.000000,0.000000,-1.849916,1.189674,-1.981930,-1.885053,-1.849916,1.189674,-1.981930,-1.885053,0.000000,0.000000,0.000000,0.000000,0.000000,0.000000,0.000000,0.000000,-1515.782837,348.049377,758.090515,1310.599854
45.4004,True,0.000000,0.000000,0.000000,0.000000,0.000000,0.000000,-1.849916,1.189674,-1.981986,-1.885218,-1.849916,1.189219,-1.981986,-1.885218,0.000000,0.000000,0.000000,0.000000,0.000000,0.000000,0.000000,0.000000,-1515.782837,348.049377,758.090515,1310.599854
45.4204,True,0.000000,0.000000,0.000000,0.000000,0.000000,0.000000,-1.849655,1.189481,-1.981874,-1.884810,-1.849655,1.189481,-1.981874,-1.885297,0.000000,0.000000,0.000000,0.000000,0.000000,0.000000,0.000000,0.000000,-1515.782837,348.049377,758.090515,1310.599854
45.4404,True,0.000000,0.000000,0.000000,0.000000,0.000000,0.000000,-1.849655,1.189481,-1.981986,-1.884401,-1.849655,1.189481,-1.981986,-1.884401,0.000000,0.000000,0.000000,0.000000,0.000000,0.000000,0.000000,0.000000,-1515.782837,348.049377,758.090515,1310.599854
45.4604,True,0.000000,0.000000,0.000000,0.000000,0.000000,0.000000,-1.849655,1.189674,-1.981930,-1.884810,-1.849655,1.189674,-1.981930,-1.884810,0.000000,0.000000,0.000000,0.000000,0.000000,0.000000,0.000000,0.000000,-1515.782837,348.049377,758.090515,1310.599854
45.4804,True,0.000000,0.000000,0.000000,0.000000,0.000000,0.000000,-1.849655,1.189025,-1.981930,-1.884810,-1.849655,1.189674,-1.981930,-1.884810,0.000000,0.000000,0.000000,0.000000,0.000000,0.000000,0.000000,0.000000,-1515.782837,348.049377,758.090515,1310.599854
45.5004,True,0.000000,0.000000,0.000000,0.000000,0.000000,0.000000,-1.850035,1.189674,-1.981930,-1.885053,-1.850035,1.189481,-1.981930,-1.885053,0.000000,0.000000,0.000000,0.000000,0.000000,0.000000,0.000000,0.000000,-1515.782837,348.049377,758.090515,1310.599854
45.5204,True,0.000000,0.000000,0.000000,0.000000,0.000000,0.000000,-1.849394,1.189481,-1.981930,-1.885053,-1.849394,1.189674,-1.981930,-1.885053,0.000000,0.000000,0.000000,0.000000,0.000000,0.000000,0.000000,0.000000,-1515.782837,348.049377,758.090515,1310.599854
45.5404,True,0.000000,0.000000,0.000000,0.000000,0.000000,0.000000,-1.849916,1.189674,-1.981930,-1.885462,-1.849394,1.189025,-1.981930,-1.885053,0.000000,0.000000,0.000000,0.000000,0.000000,0.000000,0.000000,0.000000,-1515.782837,348.049377,758.090515,1310.599854
45.5604,True,0.000000,0.000000,0.000000,0.000000,0.000000,0.000000,-1.850035,1.189219,-1.981930,-1.885053,-1.850035,1.189219,-1.981930,-1.885053,0.000000,0.000000,0.000000,0.000000,0.000000,0.000000,0.000000,0.000000,-1515.782837,348.049377,758.090515,1310.599854
45.5804,True,0.000000,0.000000,0.000000,0.000000,0.000000,0.000000,-1.850035,1.189219,-1.981930,-1.885053,-1.850035,1.189219,-1.981930,-1.885053,0.000000,0.000000,0.000000,0.000000,0.000000,0.000000,0.000000,0.000000,-1515.782837,348.049377,758.090515,1310.599854
45.6006,True,0.000000,0.000000,0.000000,0.000000,0.000000,0.000000,-1.850035,1.189219,-1.981930,-1.885053,-1.850035,1.189219,-1.981930,-1.885053,0.000000,0.000000,0.000000,0.000000,0.000000,0.000000,0.000000,0.000000,-1515.782837,348.049377,758.090515,1310.599854
45.6203,True,0.000000,0.000000,0.000000,0.000000,0.000000,0.000000,-1.849655,1.189219,-1.981930,-1.885053,-1.849655,1.189219,-1.981930,-1.885053,0.000000,0.000000,0.000000,0.000000,0.000000,0.000000,0.000000,0.000000,-1515.782837,348.049377,758.090515,1310.599854
45.6404,True,0.000000,0.000000,0.000000,0.000000,0.000000,0.000000,-1.849655,1.189219,-1.981930,-1.885053,-1.849655,1.189219,-1.981930,-1.885053,0.000000,0.000000,0.000000,0.000000,0.000000,0.000000,0.000000,0.000000,-1515.782837,348.049377,758.090515,1310.599854
45.6603,True,0.000000,0.000000,0.000000,0.000000,0.000000,0.000000,-1.849655,1.189219,-1.981930,-1.885053,-1.849655,1.189219,-1.981930,-1.885053,0.000000,0.000000,0.000000,0.000000,0.000000,0.000000,0.000000,0.000000,-1515.782837,348.049377,758.090515,1310.599854
45.6804,True,0.000000,0.000000,0.000000,0.000000,0.000000,0.000000,-1.849655,1.189219,-1.981930,-1.885053,-1.849655,1.189219,-1.981930,-1.885053,0.000000,0.000000,0.000000,0.000000,0.000000,0.000000,0.000000,0.000000,-1515.782837,348.049377,758.090515,1310.599854
45.7004,True,0.000000,0.000000,0.000000,0.000000,0.000000,0.000000,-1.850297,1.189674,-1.981930,-1.884810,-1.850297,1.189219,-1.981930,-1.885053,0.000000,0.000000,0.000000,0.000000,0.000000,0.000000,0.000000,0.000000,-1515.782837,348.049377,758.090515,1310.599854
45.7204,True,0.000000,0.000000,0.000000,0.000000,0.000000,0.000000,-1.849655,1.189868,-1.981930,-1.884810,-1.849655,1.189868,-1.981930,-1.884810,0.000000,0.000000,0.000000,0.000000,0.000000,0.000000,0.000000,0.000000,-1515.782837,348.049377,758.090515,1310.599854
45.7404,True,0.000000,0.000000,0.000000,0.000000,0.000000,0.000000,-1.849916,1.189868,-1.981930,-1.885462,-1.849916,1.189219,-1.981930,-1.885462,0.000000,0.000000,0.000000,0.000000,0.000000,0.000000,0.000000,0.000000,-1515.782837,348.049377,758.090515,1310.599854
45.7604,True,0.000000,0.000000,0.000000,0.000000,0.000000,0.000000,-1.849916,1.189219,-1.981930,-1.885053,-1.849916,1.189219,-1.981930,-1.885053,0.000000,0.000000,0.000000,0.000000,0.000000,0.000000,0.000000,0.000000,-1515.782837,348.049377,758.090515,1310.599854
45.7804,True,0.000000,0.000000,0.000000,0.000000,0.000000,0.000000,-1.849537,1.189287,-1.981930,-1.885053,-1.849537,1.189287,-1.981930,-1.885053,0.000000,0.000000,0.000000,0.000000,0.000000,0.000000,0.000000,0.000000,-1515.782837,348.049377,758.090515,1310.599854
45.8004,True,0.000000,0.000000,0.000000,0.000000,0.000000,0.000000,-1.849537,1.189219,-1.981930,-1.885462,-1.849537,1.189481,-1.981930,-1.885462,0.000000,0.000000,0.000000,0.000000,0.000000,0.000000,0.000000,0.000000,-1515.782837,348.049377,758.090515,1310.599854
45.8205,True,0.000000,0.000000,0.000000,0.000000,0.000000,0.000000,-1.849916,1.189481,-1.981930,-1.885462,-1.849916,1.189481,-1.981930,-1.884810,0.000000,0.000000,0.000000,0.000000,0.000000,0.000000,0.000000,0.000000,-1515.782837,348.049377,758.090515,1310.599854
45.8404,True,0.000000,0.000000,0.000000,0.000000,0.000000,0.000000,-1.849655,1.189481,-1.981930,-1.885053,-1.849655,1.189481,-1.981930,-1.885053,0.000000,0.000000,0.000000,0.000000,0.000000,0.000000,0.000000,0.000000,-1515.782837,348.049377,758.090515,1310.599854
45.8604,True,0.000000,0.000000,0.000000,0.000000,0.000000,0.000000,-1.849916,1.189219,-1.981930,-1.884645,-1.849916,1.189674,-1.981930,-1.884810,0.000000,0.000000,0.000000,0.000000,0.000000,0.000000,0.000000,0.000000,-1515.782837,348.049377,758.090515,1310.599854
45.8806,True,0.000000,0.000000,0.000000,0.000000,0.000000,0.000000,-1.849916,1.189481,-1.981930,-1.884810,-1.850178,1.189481,-1.981930,-1.884810,0.000000,0.000000,0.000000,0.000000,0.000000,0.000000,0.000000,0.000000,-1515.782837,348.049377,758.090515,1310.599854
45.9004,True,0.000000,0.000000,0.000000,0.000000,0.000000,0.000000,-1.849916,1.189674,-1.981930,-1.884810,-1.849916,1.189868,-1.981930,-1.884810,0.000000,0.000000,0.000000,0.000000,0.000000,0.000000,0.000000,0.000000,-1515.782837,348.049377,758.090515,1310.599854
45.9204,True,0.000000,0.000000,0.000000,0.000000,0.000000,0.000000,-1.850178,1.189674,-1.981930,-1.884810,-1.849537,1.189674,-1.981930,-1.884810,0.000000,0.000000,0.000000,0.000000,0.000000,0.000000,0.000000,0.000000,-1515.782837,348.049377,758.090515,1310.599854
45.9405,True,0.000000,0.000000,0.000000,0.000000,0.000000,0.000000,-1.849916,1.189674,-1.981930,-1.884810,-1.850178,1.189674,-1.981930,-1.885053,0.000000,0.000000,0.000000,0.000000,0.000000,0.000000,0.000000,0.000000,-1515.782837,348.049377,758.090515,1310.599854
45.9604,True,0.000000,0.000000,0.000000,0.000000,0.000000,0.000000,-1.849655,1.189674,-1.981930,-1.885053,-1.849655,1.189674,-1.981930,-1.885053,0.000000,0.000000,0.000000,0.000000,0.000000,0.000000,0.000000,0.000000,-1515.782837,348.049377,758.090515,1310.599854
45.9805,True,0.000000,0.000000,0.000000,0.000000,0.000000,0.000000,-1.849655,1.189674,-1.981930,-1.884810,-1.849655,1.189674,-1.981930,-1.884810,0.000000,0.000000,0.000000,0.000000,0.000000,0.000000,0.000000,0.000000,-1515.782837,348.049377,758.090515,1310.599854
46.0004,True,0.000000,0.000000,0.000000,0.000000,0.000000,0.000000,-1.849916,1.189674,-1.981930,-1.884810,-1.849916,1.189674,-1.981930,-1.884810,0.000000,0.000000,0.000000,0.000000,0.000000,0.000000,0.000000,0.000000,-1515.782837,348.049377,758.090515,1310.599854
46.0204,True,0.000000,0.000000,0.000000,0.000000,0.000000,0.000000,-1.849655,1.189674,-1.981930,-1.885462,-1.849655,1.189674,-1.981930,-1.885462,0.000000,0.000000,0.000000,0.000000,0.000000,0.000000,0.000000,0.000000,-1515.782837,348.049377,758.090515,1310.599854
46.0404,True,0.000000,0.000000,0.000000,0.000000,0.000000,0.000000,-1.849655,1.189674,-1.981930,-1.885053,-1.849916,1.189674,-1.981930,-1.884810,0.000000,0.000000,0.000000,0.000000,0.000000,0.000000,0.000000,0.000000,-1515.782837,348.049377,758.090515,1310.599854
46.0604,True,0.000000,0.000000,0.000000,0.000000,0.000000,0.000000,-1.849655,1.189674,-1.981930,-1.885218,-1.849655,1.189674,-1.981930,-1.885218,0.000000,0.000000,0.000000,0.000000,0.000000,0.000000,0.000000,0.000000,-1515.782837,348.049377,758.090515,1310.599854
46.0804,True,0.000000,0.000000,0.000000,0.000000,0.000000,0.000000,-1.849655,1.189481,-1.981930,-1.885053,-1.849655,1.189481,-1.981930,-1.885053,0.000000,0.000000,0.000000,0.000000,0.000000,0.000000,0.000000,0.000000,-1515.782837,348.049377,758.090515,1310.599854
46.1005,True,0.000000,0.000000,0.000000,0.000000,0.000000,0.000000,-1.849655,1.189481,-1.981930,-1.885053,-1.849916,1.189481,-1.981930,-1.885462,0.000000,0.000000,0.000000,0.000000,0.000000,0.000000,0.000000,0.000000,-1515.782837,348.049377,758.090515,1310.599854
46.1204,True,0.000000,0.000000,0.000000,0.000000,0.000000,0.000000,-1.849916,1.189481,-1.981930,-1.885053,-1.849916,1.189481,-1.981874,-1.885053,0.000000,0.000000,0.000000,0.000000,0.000000,0.000000,0.000000,0.000000,-1515.782837,348.049377,758.090515,1310.599854
46.1404,True,0.000000,0.000000,0.000000,0.000000,0.000000,0.000000,-1.849537,1.189481,-1.981930,-1.884645,-1.849916,1.189481,-1.981874,-1.884401,0.000000,0.000000,0.000000,0.000000,0.000000,0.000000,0.000000,0.000000,-1515.782837,348.049377,758.090515,1310.599854
46.1606,True,0.000000,0.000000,0.000000,0.000000,0.000000,0.000000,-1.849655,1.189481,-1.981930,-1.885462,-1.850035,1.189481,-1.981930,-1.885462,0.000000,0.000000,0.000000,0.000000,0.000000,0.000000,0.000000,0.000000,-1515.782837,348.049377,758.090515,1310.599854
46.1804,True,0.000000,0.000000,0.000000,0.000000,0.000000,0.000000,-1.849655,1.189481,-1.981874,-1.885053,-1.849655,1.189481,-1.981874,-1.885053,0.000000,0.000000,0.000000,0.000000,0.000000,0.000000,0.000000,0.000000,-1515.782837,348.049377,758.090515,1310.599854
46.2004,True,0.000000,0.000000,0.000000,0.000000,0.000000,0.000000,-1.849916,1.189481,-1.981986,-1.884645,-1.849916,1.189481,-1.981930,-1.885297,0.000000,0.000000,0.000000,0.000000,0.000000,0.000000,0.000000,0.000000,-1515.782837,348.049377,758.090515,1310.599854
46.2205,True,0.000000,0.000000,0.000000,0.000000,0.000000,0.000000,-1.849655,1.189481,-1.981986,-1.885053,-1.849655,1.189481,-1.981930,-1.885053,0.000000,0.000000,0.000000,0.000000,0.000000,0.000000,0.000000,0.000000,-1515.782837,348.049377,758.090515,1310.599854
46.2404,True,0.000000,0.000000,0.000000,0.000000,0.000000,0.000000,-1.849655,1.189481,-1.981930,-1.885053,-1.849655,1.189481,-1.981930,-1.885053,0.000000,0.000000,0.000000,0.000000,0.000000,0.000000,0.000000,0.000000,-1515.782837,348.049377,758.090515,1310.599854
46.2604,True,0.000000,0.000000,0.000000,0.000000,0.000000,0.000000,-1.849655,1.189481,-1.981874,-1.885297,-1.849655,1.189481,-1.981874,-1.885297,0.000000,0.000000,0.000000,0.000000,0.000000,0.000000,0.000000,0.000000,-1515.782837,348.049377,758.090515,1310.599854
46.2804,True,0.000000,0.000000,0.000000,0.000000,0.000000,0.000000,-1.849916,1.189481,-1.981930,-1.885297,-1.849916,1.189481,-1.981930,-1.885297,0.000000,0.000000,0.000000,0.000000,0.000000,0.000000,0.000000,0.000000,-1515.782837,348.049377,758.090515,1310.599854
46.3004,True,0.000000,0.000000,0.000000,0.000000,0.000000,0.000000,-1.849655,1.189481,-1.981874,-1.885297,-1.849655,1.189481,-1.981986,-1.885297,0.000000,0.000000,0.000000,0.000000,0.000000,0.000000,0.000000,0.000000,-1515.782837,348.049377,758.090515,1310.599854
46.3204,True,-0.002802,0.000000,0.000000,-0.002637,0.000000,0.000000,3.141593,0.000000,3.141593,3.141593,-1.849916,1.189481,-1.981930,-1.885297,0.000726,-0.000981,0.001054,0.000815,0.000000,0.000000,0.000000,0.000000,-1515.782837,348.049377,758.090515,1310.599854
46.3404,True,-0.003503,0.000000,0.000000,-0.003503,0.000000,0.000000,3.141593,0.000000,3.141593,3.141593,-1.855954,1.189481,-1.981930,-1.896802,0.000985,-0.001304,0.001400,0.001122,0.000000,0.000000,0.000000,0.000008,-1515.782837,348.049377,758.090515,1310.600220
46.3603,True,-0.003678,0.000000,0.000000,-0.003678,0.000000,0.000000,3.141593,0.000000,3.141593,3.141593,-1.855954,1.189481,-1.981930,-1.958159,0.001035,-0.001369,0.001468,0.001389,0.000037,0.000001,0.000000,0.000483,-1515.781982,348.049530,758.090515,1310.602783
46.3804,True,-0.003722,0.000000,0.000000,-0.003722,0.000000,0.000000,3.141593,0.000000,3.141593,3.141593,-1.855954,1.189481,-1.981986,-2.050847,0.001047,-0.001385,0.001488,0.001719,0.001483,0.000605,0.000360,0.002063,-1515.774536,348.056793,758.094177,1310.609009
46.4004,True,-0.003736,0.000000,0.000000,-0.003736,0.000000,0.000000,3.141593,0.000000,3.141593,3.141593,-1.855954,1.189219,-2.208795,-2.167033,0.001051,-0.001389,0.002225,0.002098,0.005266,0.009350,0.002788,0.006789,-1515.763916,348.081055,758.103943,1310.625732
46.4204,True,-0.003736,0.000000,0.000000,-0.003736,0.000000,0.000000,3.141593,0.000000,3.141593,3.141593,-1.855954,1.189481,-2.325000,-2.302148,0.001051,-0.001390,0.002558,0.002320,0.010948,0.013701,0.007870,0.014777,-1515.749146,348.091644,758.114380,1310.641724
46.4405,True,-0.010755,0.000000,0.000000,-0.007375,0.000000,0.000000,3.141593,0.000000,3.141593,3.141593,-1.855954,1.189674,-2.447708,-2.430084,0.002075,-0.002743,0.005368,0.004925,0.019277,0.024169,0.013428,0.022412,-1515.733765,348.112732,758.124695,1310.652710
46.4604,True,-0.024207,0.000000,0.000000,-0.017707,0.000000,0.000000,3.141593,0.000000,3.141593,3.141593,-1.855954,1.103346,-2.551785,-2.540395,0.004981,-0.007392,0.014715,0.014602,0.026008,0.037448,0.018235,0.027550,-1515.721802,348.132263,758.133484,1310.664795
46.4804,True,-0.032250,0.000000,0.000000,-0.032250,0.000000,0.000000,3.141593,0.000000,3.141593,3.141593,-1.855954,0.980668,-2.643779,-2.626722,0.009072,-0.017946,0.028335,0.028069,0.030282,0.039776,0.022022,0.030049,-1515.712769,348.135040,758.139099,1310.671509
46.5004,True,-0.037102,0.000000,0.000000,-0.034260,0.000000,0.000000,3.141593,0.000000,3.141593,3.141593,-1.855954,0.779037,-2.717538,-2.706347,0.009638,-0.022706,0.030778,0.030423,0.031430,0.038018,0.022895,0.033805,-1515.701538,348.136719,758.147888,1310.688232
46.5204,True,-0.037813,0.000000,0.000000,-0.037813,0.000000,0.000000,3.141593,0.000000,3.141593,3.141593,-1.855954,0.649881,-1.981930,-2.768198,0.010637,-0.028654,0.015112,0.035207,0.030824,0.025519,0.022352,0.030866,-1515.682251,348.135040,758.158875,1310.701294
46.5404,True,-0.037990,0.000000,0.000000,-0.037990,0.000000,0.000000,3.141593,0.000000,3.141593,3.141593,-1.855954,0.453877,-2.833965,-2.816647,0.010687,-0.033399,0.035915,0.035697,0.030485,0.019570,0.022124,0.029655,-1515.673462,348.134338,758.164734,1310.711182
46.5604,True,-0.038035,0.000000,0.000000,-0.038035,0.000000,0.000000,3.141593,0.000000,3.141593,3.141593,-1.855954,0.355875,-2.882796,-2.859580,0.010700,-0.035231,0.036518,0.036264,0.030909,0.009236,0.020976,0.029364,-1515.661133,348.133087,758.178833,1310.720947
46.5804,True,-0.038046,0.000000,0.000000,-0.038046,0.000000,0.000000,3.141593,0.000000,3.141593,3.141593,-1.855954,0.306264,-2.913486,-2.896786,0.010703,-0.035978,0.037060,0.036912,0.031506,-0.000908,0.024406,0.029392,-1515.643921,348.127655,758.198242,1310.739258
46.6004,True,-0.038049,0.000000,0.000000,-0.038049,0.000000,0.000000,3.141593,0.000000,3.141593,3.141593,-1.855954,0.245249,-2.944478,-2.921209,0.010703,-0.036733,0.037217,0.037020,0.032120,-0.003188,0.029343,0.032560,-1515.638550,348.125000,758.207031,1310.758057
46.6204,True,-0.038049,0.000000,0.000000,-0.038049,0.000000,0.000000,3.141593,0.000000,3.141593,3.141593,-1.855954,0.215037,-2.974676,-2.951615,0.010704,-0.037173,0.037482,0.037365,0.031923,-0.007215,0.029543,0.035524,-1515.619873,348.118439,758.216248,1310.771606
46.6404,True,-0.038050,0.000000,0.000000,-0.038050,0.000000,0.000000,3.141593,0.000000,3.141593,3.141593,-1.855954,0.171552,-2.987209,-2.970023,0.010704,-0.037450,0.037597,0.037491,0.031528,-0.008753,0.029355,0.035949,-1515.613892,348.114105,758.226257,1310.779541
46.6604,True,-0.038050,0.000000,0.000000,-0.038050,0.000000,0.000000,3.141593,0.000000,3.141593,3.141593,-1.855954,0.141048,-3.005357,-2.988821,0.010704,-0.037672,0.037630,0.037569,0.030503,-0.009559,0.030534,0.034278,-1515.600464,348.112305,758.233948,1310.785034
46.6804,True,-0.038050,0.000000,0.000000,-0.038050,0.000000,0.000000,3.141593,0.000000,3.141593,3.141593,-1.855954,0.331212,-3.017402,-3.006445,0.010704,-0.035982,0.037757,0.037703,0.029645,-0.010633,0.026360,0.031165,-1515.589478,348.107422,758.239380,1310.793335
46.7004,True,-0.038050,0.000000,0.000000,-0.038050,0.000000,0.000000,3.141593,0.000000,3.141593,3.141593,-1.855954,0.233209,-3.023825,-3.012845,0.010704,-0.037020,0.037786,0.037735,0.028471,-0.010457,0.021070,0.026704,-1515.585815,348.105469,758.245117,1310.805542
46.7205,True,-0.038050,0.000000,0.000000,-0.038050,0.000000,0.000000,3.141593,0.000000,3.141593,3.141593,-3.032765,0.233209,-3.023825,-3.012845,0.037800,-0.037020,0.037786,0.037735,0.026365,-0.010044,0.019575,0.023639,-1515.578247,348.100739,758.254028,1310.814575
46.7404,True,-0.038050,0.000000,0.000000,-0.038050,0.000000,0.000000,3.141593,0.000000,3.141593,3.141593,-2.959356,0.233209,-3.023825,-3.012845,0.037420,-0.037020,0.037786,0.037735,0.023991,-0.010374,0.019052,0.021922,-1515.558472,348.092773,758.262146,1310.823120
46.7604,True,-0.038050,0.000000,0.000000,-0.038050,0.000000,0.000000,3.141593,0.000000,3.141593,3.141593,-3.026990,0.233209,-3.023825,-3.012845,0.037741,-0.037020,0.037786,0.037735,0.024571,-0.010720,0.018550,0.022677,-1515.548096,348.089294,758.272156,1310.832642
46.7804,True,-0.038050,0.000000,0.000000,-0.038050,0.000000,0.000000,3.141593,0.000000,3.141593,3.141593,-3.063947,0.233209,-1.999918,-3.012845,0.037914,-0.037020,0.037814,0.037735,0.027653,-0.012293,0.020022,0.023967,-1515.531982,348.081329,758.281677,1310.842041
46.8004,True,-0.038050,0.000000,0.000000,-0.038050,0.000000,0.000000,3.141593,0.000000,3.141593,3.141593,-3.069978,0.233209,-3.042455,-3.012845,0.037952,-0.037020,0.037863,0.037735,0.031631,-0.015117,0.021743,0.024084,-1515.519531,348.072540,758.287659,1310.851318
46.8204,True,-0.038050,0.000000,0.000000,-0.038050,0.000000,0.000000,3.141593,0.000000,3.141593,3.141593,-3.075752,0.092064,-3.072981,-3.012845,0.037967,-0.037843,0.037960,0.037735,0.031865,-0.015509,0.020720,0.022860,-1515.515259,348.070587,758.293945,1310.857666
46.8406,True,-0.038050,0.000000,0.000000,-0.038050,0.000000,0.000000,3.141593,0.000000,3.141593,3.141593,-3.081914,0.085881,-3.072339,-3.012845,0.037968,-0.037909,0.037960,0.037735,0.030586,-0.015152,0.020964,0.021363,-1515.503906,348.062653,758.305359,1310.862183
46.8604,True,-0.038050,0.000000,0.000000,-0.038050,0.000000,0.000000,3.141593,0.000000,3.141593,3.141593,-3.081914,0.073859,-3.078764,-3.012845,0.037982,-0.037929,0.037975,0.037735,0.026416,-0.015228,0.021533,0.019653,-1515.496094,348.058441,758.312805,1310.870239
46.8804,True,-0.038050,0.000000,0.000000,-0.038050,0.000000,0.000000,3.141593,0.000000,3.141593,3.141593,-3.088330,0.073549,-3.079407,-3.012845,0.037996,-0.037947,0.037975,0.037735,0.023692,-0.015965,0.020319,0.019852,-1515.491577,348.048401,758.321716,1310.883789
46.9003,True,-0.038050,0.000000,0.000000,-0.038050,0.000000,0.000000,3.141593,0.000000,3.141593,3.141593,-3.087689,0.067709,-3.085189,-3.012845,0.037994,-0.037962,0.037989,0.037735,0.021197,-0.016922,0.020788,0.021163,-1515.478638,348.039764,758.332703,1310.895508
46.9204,True,-0.038050,0.000000,0.000000,-0.038050,0.000000,0.000000,3.141593,0.000000,3.141593,3.141593,-3.094358,0.061218,-3.085021,-3.012845,0.038007,-0.037978,0.037989,0.037735,0.023807,-0.018029,0.024147,0.023008,-1515.461182,348.031952,758.343872,1310.905396
46.9404,True,-0.038050,0.002811,0.000000,-0.038050,0.002811,0.000000,3.067838,-0.073755,3.067838,3.067838,-3.100522,0.079699,-3.091445,-3.012845,0.037873,-0.037805,0.037859,0.037374,0.024767,-0.020027,0.024657,0.024798,-1515.456177,348.023010,758.352539,1310.913940
46.9604,True,-0.038050,0.014803,0.000000,-0.038050,0.014803,0.000000,2.770570,-0.371022,2.770570,2.770570,-3.112323,0.079731,-3.097397,-3.012845,0.037600,-0.036750,0.037359,0.035834,0.026081,-0.021779,0.024123,0.026109,-1515.444458,348.014801,758.361633,1310.921631
46.9804,True,-0.038050,0.020549,0.000000,-0.038050,0.020549,0.000000,2.646407,-0.495185,2.646407,2.646407,3.127480,0.067369,-3.128065,-3.012845,0.037837,-0.036437,0.037380,0.035096,0.027170,-0.021248,0.025022,0.025387,-1515.428833,348.011017,758.372192,1310.929443
47.0004,True,-0.038050,0.021986,0.000000,-0.038050,0.021986,0.000000,2.617639,-0.523954,2.617639,2.617639,3.066120,0.067709,3.124925,-3.018846,0.038876,-0.036475,0.038411,0.034912,0.028151,-0.018102,0.025460,0.023273,-1515.421753,348.009918,758.383240,1310.941284
47.0204,True,-0.038050,0.022345,0.000000,-0.038050,0.022345,0.000000,2.610591,-0.531002,2.610591,2.610591,3.005156,0.067709,3.124925,-3.086612,0.040735,-0.036451,0.038417,0.036604,0.030751,-0.012944,0.025783,0.023870,-1515.395386,348.006989,758.397583,1310.959106
47.0404,True,-0.038050,0.025382,0.000000,-0.038050,0.025382,0.000000,2.553310,-0.588283,2.553310,2.553310,2.944192,0.067709,3.124925,3.141199,0.042289,-0.036245,0.038467,0.036932,0.032919,-0.011390,0.028046,0.028175,-1515.381226,348.005585,758.413757,1310.976196
47.0604,True,-0.038050,0.030213,0.000000,-0.038050,0.030171,0.000000,2.471179,-0.670413,2.471179,2.471179,2.888781,0.067709,3.124925,3.024989,0.044387,-0.035921,0.038547,0.040501,0.042139,-0.008396,0.031451,0.032754,-1515.355591,348.003082,758.427429,1310.991333
47.0804,True,-0.038050,0.031420,0.000000,-0.038050,0.031420,0.000000,2.451332,-0.690261,2.451332,2.451332,2.833814,0.067709,3.124925,2.890411,0.045780,-0.035837,0.038568,0.044665,0.043757,-0.005312,0.034291,0.035608,-1515.345459,348.000702,758.443359,1311.001343
47.1004,True,-0.038050,0.039401,0.000000,-0.038050,0.035461,0.000000,2.391399,-0.750194,2.391399,2.391399,2.778195,0.067709,3.069213,2.804816,0.047547,-0.035563,0.038635,0.036501,0.043058,-0.005014,0.035804,0.037271,-1515.336060,348.000427,758.452454,1311.018555
47.1205,True,-0.038050,0.047755,0.000000,-0.038050,0.042951,0.000000,2.323932,-0.817661,2.323932,2.323932,2.729006,0.067709,-3.060608,2.755282,0.050582,-0.035216,0.034382,0.049961,0.043142,-0.004767,0.034389,0.039383,-1515.317383,347.999725,758.460632,1311.037842
47.1404,True,-0.038050,0.054522,0.000000,-0.038050,0.051285,0.000000,2.209112,-0.932481,2.209112,2.209112,2.668248,0.067709,-3.067032,2.693919,0.057245,-0.034493,0.034124,0.056500,0.045301,-0.003678,0.032142,0.040983,-1515.283203,347.998474,758.473755,1311.063599
47.1604,True,-0.038050,0.060893,0.000000,-0.038050,0.058107,0.000000,2.150557,-0.991036,2.150557,2.150557,2.606642,0.067709,2.940541,2.638431,0.061378,-0.034031,0.047343,0.060526,0.045010,-0.003251,0.030391,0.043629,-1515.271851,347.997345,758.487427,1311.079712
47.1804,True,-0.042729,0.069505,0.000000,-0.042729,0.067378,0.000000,2.135961,-1.005632,2.135961,2.135961,2.539260,0.067709,2.860877,2.571791,0.073383,-0.038072,0.059723,0.072326,0.050800,-0.003020,0.031063,0.047787,-1515.232544,347.994293,758.512573,1311.109741
47.2004,True,-0.046238,0.073997,0.000000,-0.046238,0.073997,0.000000,2.129298,-1.012295,2.129298,2.129298,2.484071,-0.306477,2.860877,2.503908,0.081822,-0.066408,0.064929,0.081204,0.054756,-0.004073,0.036220,0.055577,-1515.217163,347.988007,758.535156,1311.138794
47.2204,True,-0.047115,0.075120,0.000000,-0.047115,0.075120,0.000000,2.130977,-1.010616,2.130977,2.130977,2.422640,-0.410621,2.860877,2.448467,0.084107,-0.071947,0.066083,0.083334,0.061939,-0.008246,0.045179,0.062530,-1515.185791,347.972809,758.566528,1311.173706
47.2404,True,-0.047390,0.075471,0.000000,-0.047390,0.075471,0.000000,2.131491,-1.010102,2.131491,2.131491,2.380111,-0.502502,2.860877,2.399471,0.085815,-0.077880,0.066443,0.085322,0.066823,-0.019057,0.055175,0.069530,-1515.154419,347.946838,758.594055,1311.208374
47.2603,True,-0.047403,0.075489,0.000000,-0.047403,0.075489,0.000000,2.131516,-1.010076,2.131516,2.131516,2.342890,-0.631289,2.860877,2.362950,0.087154,-0.080631,0.066461,0.086502,0.071792,-0.023729,0.062526,0.074269,-1515.124390,347.935272,758.620544,1311.236206
47.2803,True,-0.047407,0.075493,0.000000,-0.047407,0.075493,0.000000,2.131523,-1.010070,2.131523,2.131523,2.312729,-0.710859,2.860877,2.326393,0.087493,-0.084516,0.066466,0.087138,0.076571,-0.032674,0.068288,0.079573,-1515.090576,347.917694,758.648987,1311.269775
47.3004,True,-0.047408,0.075494,0.000000,-0.047408,0.075494,0.000000,2.131524,-1.010068,2.131524,2.131524,2.287701,-0.772379,2.860877,2.301587,0.088060,-0.086237,0.066467,0.087859,0.078929,-0.044805,0.069684,0.081124,-1515.046143,347.883087,758.671875,1311.297485
47.3204,True,-0.052087,0.080173,0.000000,-0.052087,0.080173,0.000000,2.146945,-0.994648,2.146945,2.146945,2.263474,-0.827294,2.860877,2.276757,0.094959,-0.094272,0.072259,0.094803,0.079583,-0.048183,0.069064,0.080162,-1515.027588,347.868866,758.702698,1311.327881
47.3405,True,-0.053257,0.088362,0.000000,-0.053257,0.088362,0.000000,2.113207,-1.028386,2.113207,2.113207,2.244705,-0.858203,2.860877,2.264378,0.102197,-0.101449,0.075652,0.101890,0.080778,-0.053223,0.069367,0.078853,-1514.993164,347.844299,758.735474,1311.358765
47.3604,True,-0.066490,0.100864,0.000000,-0.065847,0.100234,0.000000,2.152030,-0.989562,2.152030,2.152030,2.226737,-0.882460,2.860877,2.246099,0.119538,-0.119241,0.091039,0.119241,0.082042,-0.063230,0.072392,0.079329,-1514.953247,347.787537,758.772766,1311.402222
47.3804,True,-0.073234,0.107572,0.000000,-0.072273,0.106632,0.000000,2.166455,-0.975137,2.166455,2.166455,2.213902,-0.753954,2.860877,2.234349,0.128630,-0.125132,0.098986,0.128466,0.087685,-0.068073,0.075674,0.084015,-1514.907837,347.765472,758.798523,1311.444092
47.4005,True,-0.081939,0.116267,0.000000,-0.081535,0.115866,0.000000,2.180936,-0.960657,2.180936,2.180936,2.201862,-0.900633,2.860877,2.221928,0.139189,-0.138988,0.108274,0.139086,0.097640,-0.079535,0.088253,0.093093,-1514.849243,347.716949,758.868286,1311.499268
47.4204,True,-0.095772,0.121324,0.000000,-0.092192,0.119643,0.000000,2.227325,-0.914268,2.227325,2.227325,2.195444,-0.784709,2.860877,2.209542,0.150965,-0.149776,0.121729,0.151018,0.109714,-0.092734,0.101542,0.107822,-1514.791138,347.664886,758.922974,1311.566162
47.4404,True,-0.101610,0.126724,0.000000,-0.099345,0.124897,0.000000,2.242734,-0.898858,2.242734,2.242734,2.195934,-0.784709,2.229721,2.209526,0.159414,-0.158550,0.159585,0.159501,0.121982,-0.108404,0.114110,0.120368,-1514.733398,347.604767,758.980896,1311.621216
47.4604,True,-0.105410,0.132753,0.000000,-0.105410,0.132168,0.000000,2.248169,-0.893423,2.248169,2.248169,2.195782,-0.784709,2.223296,2.216053,0.166881,-0.166128,0.167063,0.166994,0.140646,-0.122862,0.129925,0.131067,-1514.641357,347.544647,759.056946,1311.657104
47.4804,True,-0.108699,0.138939,0.000000,-0.108699,0.138273,0.000000,2.237014,-0.904578,2.237014,2.237014,2.195782,-0.784709,2.217513,2.215383,0.175734,-0.174621,0.175867,0.175845,0.144728,-0.142270,0.145068,0.139087,-1514.609497,347.442810,759.123596,1311.755615
47.5004,True,-0.114200,0.140486,0.000000,-0.113877,0.140486,0.000000,2.251962,-0.889630,2.251962,2.251962,2.195782,-0.784709,2.265966,2.209526,0.180558,-0.179849,0.180736,0.180726,0.152211,-0.148866,0.158542,0.153343,-1514.541626,347.403320,759.198669,1311.821289
47.5204,True,-0.115920,0.148573,0.000000,-0.115920,0.144399,0.000000,2.247225,-0.894367,2.247225,2.247225,2.202047,-0.784709,2.241553,2.209542,0.184982,-0.184059,0.185168,0.185040,0.160464,-0.160675,0.171106,0.165287,-1514.459961,347.327423,759.279419,1311.903320
47.5404,True,-0.116006,0.149913,0.000000,-0.116006,0.149769,0.000000,2.229834,-0.911759,2.229834,2.229834,2.201710,-0.784709,2.223296,2.216070,0.189366,-0.187914,0.189437,0.189423,0.160464,-0.174007,0.184341,0.177362,-1514.459961,347.244843,759.365234,1311.994507
47.5604,True,-0.118367,0.150248,0.000000,-0.117206,0.150248,0.000000,2.233275,-0.908317,2.233275,2.233275,2.201557,-0.784709,2.217513,2.216088,0.190461,-0.189102,0.190533,0.190528,0.160464,-0.187290,0.195148,0.191760,-1514.459961,347.152893,759.448547,1312.071289
47.5804,True,-0.118957,0.152671,0.000000,-0.118957,0.152656,0.000000,2.232754,-0.908838,2.232754,2.232754,2.202199,-0.784709,2.217140,2.216070,0.193442,-0.192043,0.193508,0.193505,0.160464,-0.198238,0.203030,0.206419,-1514.459961,347.073395,759.538513,1312.149292
47.6004,True,-0.119104,0.157956,0.000000,-0.119104,0.157956,0.000000,2.216875,-0.924718,2.216875,2.216875,2.201710,-0.913202,2.217140,2.216053,0.197805,-0.197814,0.197828,0.197828,0.160464,-0.206946,0.208966,0.207739,-1514.459961,346.992340,759.614258,1312.239136
47.6204,True,-0.119141,0.159277,0.000000,-0.119141,0.159277,0.000000,2.213024,-0.928569,2.213024,2.213024,2.202199,-0.912964,2.217140,2.216053,0.198895,-0.198885,0.198905,0.198906,0.160464,-0.212496,0.212565,0.210009,-1514.459961,346.900665,759.699646,1312.318970
47.6404,True,-0.119151,0.161947,0.000000,-0.119151,0.161947,0.000000,2.205107,-0.936486,2.205107,2.205107,2.201862,-0.913202,2.217140,2.216053,0.201055,-0.201001,0.201042,0.201044,0.160464,-0.215669,0.214197,0.211859,-1514.459961,346.776520,759.793945,1312.404663
47.6604,True,-0.127342,0.168630,0.000000,-0.127342,0.168630,0.000000,2.217588,-0.924005,2.217588,2.217588,2.201710,-0.912964,2.217409,2.216070,0.211284,-0.211299,0.211310,0.211310,0.160464,-0.216457,0.215414,0.214222,-1514.459961,346.728363,759.875854,1312.501099
47.6805,True,-0.132898,0.171304,0.000000,-0.132589,0.171304,0.000000,2.229482,-0.912111,2.229482,2.229482,2.201710,-0.912964,2.217140,2.216036,0.216538,-0.216622,0.216605,0.216600,0.160464,-0.218344,0.217246,0.217692,-1514.459961,346.593750,759.965149,1312.588989
47.7004,True,-0.136627,0.171972,0.000000,-0.136627,0.171972,0.000000,2.242156,-0.899436,2.242156,2.242156,2.202351,-0.913375,2.217140,2.216036,0.219465,-0.219618,0.219571,0.219564,0.160464,-0.221529,0.221847,0.223028,-1514.459961,346.546875,760.069641,1312.682617
47.7204,True,-0.142238,0.176819,0.000000,-0.142238,0.176819,0.000000,2.248233,-0.893360,2.248233,2.248233,2.202199,-0.913613,2.216871,2.216036,0.226688,-0.226885,0.226817,0.226811,0.160464,-0.226020,0.228719,0.229442,-1514.459961,346.453125,760.163391,1312.783813
47.7406,True,-0.146916,0.181257,0.000000,-0.146916,0.181257,0.000000,2.251930,-0.889662,2.251930,2.251930,2.201710,-0.913613,2.217513,2.216036,0.233027,-0.233254,0.233183,0.233171,0.160464,-0.230273,0.235084,0.235190,-1514.459961,346.353363,760.254883,1312.877563
47.7604,True,-0.151829,0.186158,0.000000,-0.151759,0.186093,0.000000,2.254918,-0.886674,2.254918,2.254918,2.201710,-0.913613,2.217140,2.216036,0.239788,-0.240043,0.239956,0.239946,0.164808,-0.233844,0.240132,0.240261,-1514.425903,346.263519,760.356873,1312.975220
47.7804,True,-0.153057,0.187384,0.000000,-0.153057,0.187384,0.000000,2.255705,-0.885888,2.255705,2.255705,2.201710,-0.913613,2.217140,2.216036,0.241596,-0.241856,0.241769,0.241758,0.214877,-0.233844,0.240132,0.240261,-1513.824951,346.263519,760.356873,1312.975220
47.8008,True,-0.153364,0.187690,0.000000,-0.153364,0.187690,0.000000,2.255887,-0.885706,2.255887,2.255887,2.201710,-0.913613,2.217140,2.216036,0.242025,-0.242286,0.242198,0.242188,0.237797,-0.236083,0.000000,0.246495,-1513.166870,346.212616,758.090515,1313.176758
47.8204,True,-0.153460,0.197729,0.000000,-0.153460,0.191350,0.000000,2.246749,-0.894843,2.246749,2.246749,-3.057530,-0.913613,2.217140,2.216036,0.134360,-0.245242,0.245178,0.245169,0.241355,-0.248457,0.252459,0.251518,-1513.065552,345.951874,760.668945,1313.281860
47.8404,True,-0.153465,0.201974,0.000000,-0.153465,0.198920,0.000000,2.227912,-0.913681,2.227912,2.227912,2.213902,-0.913613,2.217140,2.216036,0.251213,-0.251238,0.251223,0.251220,0.243905,-0.256284,0.257238,0.254004,-1513.020752,345.844177,760.775940,1313.335815
47.8604,True,-0.153466,0.207714,0.000000,-0.153466,0.205516,0.000000,2.212205,-0.929387,2.212205,2.212205,2.226582,-0.913202,2.223564,2.216036,0.256467,-0.256460,0.256477,0.256491,0.240829,-0.264942,0.264144,0.254004,-1512.928101,345.722504,760.883118,1313.335815
47.8804,True,-0.153467,0.211489,0.000000,-0.153467,0.210866,0.000000,2.199933,-0.941660,2.199933,2.199933,2.214391,-0.912964,2.223564,2.216036,0.260772,-0.260692,0.260727,0.260766,0.255865,-0.270687,0.270108,0.254004,-1512.748413,345.621094,760.995972,1313.335815
47.9005,True,-0.153467,0.217112,0.000000,-0.153467,0.215043,0.000000,2.190629,-0.950964,2.190629,2.190629,2.214391,-0.913613,2.223564,2.216036,0.264114,-0.264004,0.264045,0.264103,0.261792,-0.273749,0.271784,0.000000,-1512.689209,345.557770,761.043274,1310.599854
47.9204,True,-0.153467,0.220857,0.000000,-0.153467,0.220857,0.000000,2.178071,-0.963522,2.178071,2.178071,2.213902,-0.913613,2.223564,2.216036,0.268769,-0.268607,0.268664,0.268748,0.272658,-0.283120,0.278481,0.278169,-1512.518433,345.331879,761.227417,1313.839966
47.9404,True,-0.153467,0.226472,0.000000,-0.153467,0.226472,0.000000,2.166358,-0.975235,2.166358,2.166358,2.213902,-0.912964,2.223296,2.216036,0.273263,-0.273053,0.273129,0.273235,0.276369,-0.285633,0.283244,0.284854,-1512.453125,345.272888,761.347656,1313.960327
47.9604,True,-0.153467,0.230216,0.000000,-0.153467,0.230216,0.000000,2.158768,-0.982825,2.158768,2.158768,2.207974,-0.912964,2.217140,2.216036,0.276344,-0.276012,0.276208,0.276226,0.292741,-0.291349,0.287553,0.291350,-1512.338501,345.147461,761.458557,1314.087158
47.9805,True,-0.153467,0.244838,0.000000,-0.153467,0.244838,0.000000,2.130696,-1.010897,2.130696,2.130696,2.208127,-0.913202,2.217140,2.216036,0.288094,-0.287582,0.287881,0.287908,0.297318,-0.301183,0.295025,0.298590,-1512.158936,344.964691,761.588196,1314.210083
48.0004,True,-0.153467,0.248844,0.000000,-0.153467,0.248844,0.000000,2.123418,-1.018175,2.123418,2.123418,2.202351,-0.912964,2.204663,2.216036,0.291455,-0.290745,0.291249,0.291109,0.298375,-0.304652,0.303871,0.306540,-1512.089111,344.898590,761.711365,1314.336670
48.0204,True,-0.153467,0.249846,0.000000,-0.153467,0.249846,0.000000,2.121625,-1.019968,2.121625,2.121625,2.190007,-0.937627,2.205203,2.216036,0.292409,-0.292222,0.292191,0.291909,0.304089,-0.309986,0.309852,0.313673,-1511.963501,344.776093,761.841797,1314.469604
48.0404,True,-0.153467,0.254775,0.000000,-0.153467,0.254775,0.000000,2.112950,-1.028642,2.112950,2.112950,2.183591,-0.937627,2.205203,2.209542,0.296685,-0.296195,0.296162,0.296041,0.313427,-0.313529,0.313657,0.317985,-1511.775635,344.589020,761.962036,1314.589600
48.0604,True,-0.153467,0.270938,0.000000,-0.153467,0.268388,0.000000,2.090229,-1.051363,2.090229,2.090229,2.177816,-0.937627,2.205203,2.191235,0.307982,-0.307169,0.307126,0.307380,0.316491,-0.314230,0.317156,0.320514,-1511.698120,344.522888,762.097534,1314.716553
48.0804,True,-0.153467,0.276425,0.000000,-0.153467,0.276119,0.000000,2.078082,-1.063511,2.078082,2.078082,2.165131,-0.937627,2.205203,2.172973,0.314705,-0.313402,0.313352,0.314299,0.321395,-0.316573,0.319636,0.322433,-1511.577393,344.395508,762.224915,1314.857178
48.1003,True,-0.155806,0.280136,0.000000,-0.155806,0.280136,0.000000,2.078372,-1.063221,2.078372,2.078372,2.158714,-0.937627,2.205203,2.209526,0.319516,-0.318025,0.317975,0.317797,0.326723,-0.319999,0.323250,0.325613,-1511.446045,344.263245,762.356995,1314.985229
48.1204,True,-0.156391,0.285743,0.000000,-0.156391,0.285743,0.000000,2.071575,-1.070018,2.071575,2.071575,2.140599,-0.937627,2.223564,2.148190,0.324672,-0.322891,0.323110,0.324616,0.330702,-0.326108,0.329741,0.330394,-1511.305420,344.118713,762.505981,1315.123901
48.1407,True,-0.156574,0.289835,0.000000,-0.156574,0.289720,0.000000,2.068242,-1.073351,2.068242,2.068242,2.134824,-0.937627,2.223564,2.135785,0.327264,-0.325105,0.324186,0.327222,0.335899,-0.335423,0.338229,0.337599,-1511.161987,343.966248,762.642151,1315.280396
48.1604,True,-0.156583,0.295187,0.000000,-0.156583,0.293412,0.000000,2.061010,-1.080583,2.061010,2.061010,2.134824,-0.937627,2.180247,2.129909,0.331674,-0.329187,0.330218,0.331790,0.347761,-0.350470,0.348560,0.346348,-1510.945557,343.755035,762.794495,1315.416992
48.1804,True,-0.156585,0.298864,0.000000,-0.156585,0.298286,0.000000,2.054205,-1.087388,2.054205,2.054205,2.134824,-0.937627,2.156107,2.124018,0.335794,-0.333117,0.334946,0.336067,0.353142,-0.354914,0.357547,0.356715,-1510.855469,343.686798,762.940857,1315.567505
48.2004,True,-0.156586,0.304463,0.000000,-0.156586,0.304116,0.000000,2.048517,-1.093075,2.048517,2.048517,2.134824,-0.974204,2.125355,2.118144,0.339317,-0.337957,0.339415,0.339759,0.361392,-0.362267,0.364328,0.364228,-1510.716675,343.543396,763.084534,1315.712646
48.2204,True,-0.156586,0.305862,0.000000,-0.156586,0.305862,0.000000,2.043958,-1.097634,2.043958,2.043958,2.134824,-0.993443,2.119208,2.111616,0.342197,-0.341258,0.342642,0.342828,0.369047,-0.365713,0.369514,0.369191,-1510.572632,343.399567,763.233521,1315.857300
48.2404,True,-0.156586,0.308552,0.000000,-0.156586,0.308552,0.000000,2.040416,-1.101176,2.040416,2.040416,2.134824,-1.005126,2.112783,2.105747,0.344470,-0.344216,0.344937,0.345287,0.373456,-0.367622,0.371530,0.373324,-1510.414673,343.236176,763.381836,1316.007812
48.2604,True,-0.156586,0.317580,0.000000,-0.156586,0.315090,0.000000,2.032007,-1.109586,2.032007,2.032007,2.134824,-1.017230,2.106638,2.093340,0.349995,-0.350354,0.350874,0.351192,0.374576,-0.369064,0.372501,0.375422,-1510.278564,343.097809,763.525391,1316.164429
48.2804,True,-0.156586,0.323179,0.000000,-0.156586,0.318771,0.000000,2.027394,-1.114198,2.027394,2.027394,2.134824,-1.029788,2.100575,2.087469,0.353106,-0.353889,0.354203,0.354513,0.375371,-0.371717,0.374512,0.377100,-1510.055542,342.945740,763.681213,1316.309204
48.3004,True,-0.156586,0.324578,0.000000,-0.156586,0.324578,0.000000,2.020289,-1.121304,2.020289,2.020289,2.134824,-1.042120,2.088649,2.080938,0.358014,-0.359073,0.359534,0.359713,0.376328,-0.377222,0.378997,0.380734,-1509.965210,342.781799,763.848755,1316.473999
48.3204,True,-0.156586,0.324928,0.000000,-0.156586,0.324928,0.000000,2.019867,-1.121725,2.019867,2.019867,2.134824,-1.047961,2.082867,2.074413,0.358310,-0.359710,0.359975,0.360154,0.379628,-0.383013,0.383780,0.387298,-1509.815063,342.633789,763.995239,1316.640991
48.3404,True,-0.156586,0.327355,0.000000,-0.156586,0.327355,0.000000,2.016964,-1.124629,2.016964,2.016964,2.134824,-1.066560,2.075800,2.068534,0.360361,-0.361985,0.362250,0.362384,0.386352,-0.388778,0.391097,0.392355,-1509.655029,342.477264,764.160034,1316.790161
48.3604,True,-0.156586,0.327962,0.000000,-0.156586,0.327962,0.000000,2.016243,-1.125349,2.016243,2.016243,2.134824,-1.023298,2.150049,2.062660,0.360874,-0.361535,0.362768,0.363034,0.393866,-0.394620,0.398935,0.397903,-1509.493408,342.304138,764.326172,1316.952881
48.3804,True,-0.156586,0.328152,0.000000,-0.156586,0.328152,0.000000,2.016019,-1.125574,2.016019,2.016019,2.134824,-1.035855,2.063952,2.056134,0.361034,-0.362135,0.363179,0.363304,0.399259,-0.399009,0.403699,0.402625,-1509.337646,342.154297,764.478394,1317.108032
48.4004,True,-0.156586,0.328161,0.000000,-0.156586,0.328161,0.000000,2.016008,-1.125585,2.016008,2.016008,2.134824,-1.047961,2.064520,2.056134,0.361042,-0.362327,0.363178,0.363313,0.402026,-0.402628,0.406402,0.404969,-1509.183472,341.995819,764.637695,1317.266846
48.4209,True,-0.156586,0.328164,0.000000,-0.156586,0.328164,0.000000,2.016005,-1.125588,2.016005,2.016005,2.134824,-1.047961,2.058097,2.044386,0.361044,-0.362513,0.363290,0.363461,0.403352,-0.406613,0.407432,0.404981,-1508.939575,341.753906,764.813049,1317.426514
48.4404,True,-0.156586,0.328164,0.000000,-0.156586,0.328164,0.000000,2.016004,-1.125589,2.016004,2.016004,2.048704,-1.084955,2.058097,2.044385,0.361308,-0.363308,0.363286,0.363462,0.403683,-0.407301,0.407371,0.406056,-1508.856689,341.670197,764.962036,1317.604248
48.4604,True,-0.156586,0.328164,0.000000,-0.156586,0.328164,0.000000,2.016004,-1.125589,2.016004,2.016004,2.060529,-1.084955,2.058097,2.044385,0.363013,-0.363308,0.363286,0.363462,0.406179,-0.408052,0.407599,0.407710,-1508.690186,341.512146,765.127502,1317.756226
48.4804,True,-0.156586,0.328164,0.000000,-0.156586,0.328164,0.000000,2.016004,-1.125589,2.016004,2.016004,2.055120,-1.084955,2.058097,2.044385,0.363337,-0.363308,0.363286,0.363462,0.411632,-0.408072,0.410910,0.265230,-1508.509521,341.334686,765.299683,1313.560547
48.5004,True,-0.156586,0.328164,0.000000,-0.156586,0.328164,0.000000,2.016004,-1.125589,2.016004,2.016004,2.042424,-1.084955,2.058097,2.044385,0.363481,-0.363308,0.363286,0.363462,0.415612,-0.410024,0.414354,0.414344,-1508.359375,341.099182,765.461792,1318.094360
48.5204,True,-0.156586,0.328164,0.000000,-0.156586,0.328164,0.000000,2.016004,-1.125589,2.016004,2.016004,2.042424,-1.084955,2.058097,2.178874,0.363481,-0.363308,0.363286,0.358405,0.417188,-0.411048,0.417481,0.416937,-1508.203003,341.020508,765.627258,1318.249634
48.5404,True,-0.156586,0.328164,0.000000,-0.156586,0.328164,0.000000,2.016004,-1.125589,2.016004,2.016004,2.042289,-1.084955,2.149682,2.038509,0.363481,-0.363308,0.363372,0.363516,0.415755,-0.413289,0.419212,0.416810,-1508.025024,340.847656,765.799255,1318.412476
48.5604,True,-0.163605,0.328164,0.000000,-0.157827,0.328164,0.000000,2.019080,-1.122513,2.019080,2.019080,2.042424,-1.084955,2.137476,2.038512,0.364045,-0.363888,0.361595,0.364076,0.412744,-0.414522,0.418102,0.414038,-1507.882080,340.614960,765.947937,1318.585083
48.5804,True,-0.167699,0.328164,0.000000,-0.166875,0.328164,0.000000,2.041228,-1.100365,2.041228,2.041228,2.042424,-1.097076,2.137476,2.038511,0.368156,-0.368154,0.366452,0.368155,0.410549,-0.413989,0.413969,0.411334,-1507.793579,340.539490,766.101868,1318.722656
48.6004,True,-0.168723,0.328164,0.000000,-0.168723,0.328164,0.000000,2.045692,-1.095901,2.045692,2.045692,2.042289,-1.096857,2.137476,2.038511,0.368995,-0.368997,0.367444,0.368988,0.406774,-0.411732,0.410898,0.407851,-1507.544556,340.364410,766.278442,1318.894775
48.6204,True,-0.168978,0.328164,0.000000,-0.168978,0.328164,0.000000,2.046309,-1.095284,2.046309,2.046309,2.042794,-1.097286,2.137476,2.038512,0.369112,-0.369114,0.367582,0.369103,0.407201,-0.410505,0.409076,0.407960,-1507.394653,340.125977,766.433044,1319.063721
48.6404,True,-0.169042,0.328164,0.000000,-0.169042,0.328164,0.000000,2.046463,-1.095130,2.046463,2.046463,2.042289,-1.097506,2.137476,2.038511,0.369141,-0.369143,0.367616,0.369132,0.408348,-0.410940,0.409438,0.409892,-1507.235718,340.042969,766.597229,1319.225342
48.6605,True,-0.169062,0.328164,0.000000,-0.169058,0.328164,0.000000,2.046501,-1.095091,2.046501,2.046501,2.042424,-1.097286,2.137476,2.038511,0.369148,-0.369151,0.367625,0.369139,0.410637,-0.412515,0.411450,0.413085,-1507.058838,339.876129,766.761841,1319.390015
48.6804,True,-0.173742,0.328164,0.000000,-0.170265,0.328164,0.000000,2.049403,-1.092189,2.049403,2.049403,2.042424,-1.096857,2.137476,2.038512,0.369696,-0.369701,0.368272,0.369683,0.413292,-0.415973,0.414274,0.416735,-1506.902222,339.637146,766.926636,1319.561279
48.7004,True,-0.174912,0.328164,0.000000,-0.174912,0.328164,0.000000,2.060496,-1.081096,2.060496,2.060496,2.042930,-1.097076,2.137476,2.038511,0.371811,-0.371822,0.370767,0.371779,0.415038,-0.416151,0.415971,0.418954,-1506.735718,339.558868,767.090698,1319.714478
48.7205,True,-0.175205,0.328164,0.000000,-0.175205,0.328164,0.000000,2.061190,-1.080403,2.061190,2.061190,2.042930,-1.097506,2.137476,2.038511,0.371944,-0.371952,0.370924,0.371954,0.415501,-0.413637,0.416764,0.416724,-1506.500610,339.393280,767.251099,1319.873413
48.7403,True,-0.175278,0.328164,0.000000,-0.175278,0.328164,0.000000,2.061363,-1.080229,2.061363,2.061363,2.042289,-1.097286,2.137476,2.038512,0.371973,-0.371987,0.370964,0.371943,0.413187,-0.409979,0.415638,0.413709,-1506.338989,339.238281,767.414612,1320.049805
48.7604,True,-0.175296,0.328164,0.000000,-0.175296,0.328164,0.000000,2.061407,-1.080186,2.061407,2.061407,2.042930,-1.097286,2.052030,2.038511,0.371986,-0.371995,0.372031,0.371952,0.411621,-0.408150,0.414296,0.410607,-1506.266602,339.077148,767.579102,1320.191284
48.7804,True,-0.175302,0.328164,0.000000,-0.175302,0.328164,0.000000,2.061420,-1.080172,2.061420,2.061420,2.042930,-1.097286,2.051387,2.038511,0.371988,-0.371997,0.372035,0.371954,0.407940,-0.408380,0.414306,0.408575,-1506.086914,338.894379,767.742493,1320.358765
48.8004,True,-0.175302,0.328164,0.000000,-0.175302,0.328164,0.000000,2.061421,-1.080172,2.061421,2.061421,2.043066,-1.097286,2.051743,2.038511,0.371989,-0.371998,0.372035,0.371954,0.407642,-0.411892,0.415739,0.410072,-1505.928467,338.735199,767.912537,1320.539795
48.8204,True,-0.175302,0.328164,0.000000,-0.175302,0.328164,0.000000,2.061421,-1.080171,2.061421,2.061421,2.042424,-1.097286,2.052030,2.038512,0.371989,-0.371998,0.372036,0.371954,0.411645,-0.418080,0.418828,0.415558,-1505.754883,338.570740,768.082581,1320.704346
48.8405,True,-0.175302,0.328164,0.000000,-0.175302,0.328164,0.000000,2.061421,-1.080171,2.061421,2.061421,2.042560,-1.097286,2.051743,2.038511,0.371985,-0.371998,0.372035,0.371954,0.420306,-0.424499,0.424429,0.421959,-1505.567261,338.384338,768.270081,1320.874756
48.8604,True,-0.175302,0.328164,-0.108265,-0.175302,0.328164,-0.059225,2.046288,-1.046979,2.075675,2.028522,2.042560,-1.097286,2.051743,2.038509,0.360948,-0.370132,0.383124,0.373891,0.427431,-0.428032,0.428482,0.428965,-1505.412964,338.225433,768.425110,1321.055542
48.8804,True,-0.175302,0.328164,-0.205121,-0.175302,0.328164,-0.130429,2.026820,-1.006782,2.091743,1.989451,2.042560,-1.097286,2.052030,2.038511,0.347677,-0.367889,0.396457,0.376219,0.431283,-0.430082,0.430660,0.432367,-1505.250732,338.065704,768.593323,1321.211914
48.9007,True,-0.175302,0.328164,-0.277463,-0.175302,0.328164,-0.246908,1.997244,-0.950727,2.112292,1.936312,2.042424,-1.097286,2.051743,2.038511,0.329270,-0.364778,0.414943,0.379449,0.428037,-0.428987,0.430619,0.431612,-1505.097412,337.883087,768.757812,1321.373291
48.9204,True,-0.175302,0.328164,-0.319612,-0.175302,0.328164,-0.310322,1.970429,-0.904652,2.127814,1.893746,2.048841,-1.097286,2.052030,2.038509,0.314000,-0.362223,0.430142,0.382102,0.416053,-0.426111,0.428169,0.427637,-1504.957275,337.731873,768.920776,1321.547119
48.9404,True,-0.175302,0.328164,-0.330149,-0.175302,0.328164,-0.330149,1.963493,-0.893410,2.131438,1.883505,2.042424,-1.096637,2.052030,2.038509,0.310454,-0.361598,0.433865,0.382750,0.401939,-0.421606,0.423177,0.423232,-1504.805908,337.574219,769.085388,1321.701294
48.9604,True,-0.175302,0.328164,-0.359511,-0.175302,0.328164,-0.344763,1.958279,-0.885132,2.134068,1.876000,2.036649,-1.097286,2.063952,2.038509,0.307878,-0.361138,0.436998,0.383228,0.387383,-0.416025,0.419671,0.417733,-1504.583374,337.407654,769.247620,1321.860352
48.9804,True,-0.175302,0.328164,-0.380230,-0.175302,0.328164,-0.363476,1.951473,-0.874545,2.137386,1.866444,2.024458,-1.091445,2.070018,2.038509,0.304696,-0.360513,0.440712,0.383840,0.383311,-0.411702,0.417839,0.414130,-1504.505615,337.254608,769.419067,1322.034302
49.0004,True,-0.175302,0.328164,-0.393431,-0.175302,0.328164,-0.384197,1.943763,-0.862841,2.140997,1.855934,2.018041,-1.078893,2.076159,2.038509,0.301020,-0.360446,0.444821,0.384518,0.377464,-0.408978,0.417300,0.413049,-1504.361450,337.091644,769.583984,1322.189209
49.0204,True,-0.175302,0.328164,-0.412774,-0.175302,0.328164,-0.405117,1.935788,-0.851048,2.144577,1.845402,2.011757,-1.054026,2.082585,2.038509,0.297319,-0.362805,0.448965,0.385202,0.375189,-0.407244,0.418914,0.412592,-1504.215088,336.926208,769.757385,1322.351929
49.0404,True,-0.175302,0.328164,-0.441674,-0.175302,0.328164,-0.441674,1.921371,-0.830505,2.150679,1.827192,2.005472,-1.011195,2.088649,2.038509,0.290777,-0.365174,0.456093,0.386397,0.371298,-0.406168,0.421698,0.412173,-1504.086182,336.778320,769.918518,1322.524048
49.0604,True,-0.175302,0.328164,-0.456920,-0.175302,0.328164,-0.456920,1.915171,-0.821966,2.153168,1.819671,1.993658,-0.980694,2.094792,2.038509,0.288128,-0.366554,0.459172,0.386896,0.363381,-0.404398,0.424428,0.412594,-1503.951172,336.624847,770.090942,1322.674561
49.0804,True,-0.175302,0.328164,-0.511817,-0.175302,0.328164,-0.507808,1.893638,-0.793601,2.161247,1.794893,1.980954,-0.950193,2.094511,2.038509,0.279378,-0.368509,0.468890,0.388560,0.355324,-0.400848,0.428656,0.412181,-1503.809570,336.464844,770.274841,1322.835938
49.1004,True,-0.175302,0.328164,-0.538626,-0.175302,0.328164,-0.515755,1.890154,-0.789193,2.162478,1.791069,1.975049,-0.919454,2.100575,2.038509,0.278091,-0.369225,0.470594,0.388820,0.348994,-0.396396,0.433320,0.411724,-1503.691162,336.319061,770.444885,1323.008057
49.1204,True,-0.175302,0.328164,-0.569392,-0.175302,0.328164,-0.569392,1.865735,-0.759608,2.170575,1.765588,1.962344,-1.041695,2.107000,2.038509,0.268629,-0.360423,0.481070,0.390574,0.342135,-0.280910,0.439481,0.411087,-1503.560791,345.384338,770.626648,1323.160889
49.1404,True,-0.175302,0.328164,-0.593126,-0.175302,0.328164,-0.593126,1.854404,-0.746618,2.174046,1.754497,1.950793,-1.011195,2.112783,2.038509,0.264903,-0.363118,0.485819,0.391350,0.331967,-0.388945,0.447679,0.410132,-1503.376831,336.004883,770.823242,1323.320435
49.1604,True,-0.175302,0.328164,-0.607080,-0.175302,0.328164,-0.607080,1.847585,-0.739012,2.176056,1.748030,1.944375,-0.968780,2.119208,2.038509,0.262604,-0.365849,0.488696,0.391806,0.328042,-0.387609,0.454121,0.409280,-1503.318359,335.860779,770.992615,1323.493774
49.1806,True,-0.177642,0.328164,-0.626612,-0.177642,0.328164,-0.626612,1.846476,-0.724303,2.182713,1.744656,1.932183,-0.944117,2.125355,2.038509,0.260165,-0.369774,0.493689,0.393499,0.319679,-0.387439,0.459022,0.409369,-1503.201904,335.709808,771.175903,1323.642456
49.2004,True,-0.178373,0.328164,-0.662795,-0.178373,0.328164,-0.662795,1.830789,-0.703658,2.188860,1.729930,1.920508,-0.925296,2.124991,2.038509,0.254533,-0.371312,0.501253,0.395012,0.308553,-0.388206,0.464287,0.409620,-1503.023071,335.476562,771.373901,1323.806519
49.2204,True,-0.178410,0.328164,-0.664604,-0.178410,0.328164,-0.664604,1.829986,-0.702632,2.189162,1.729200,1.913572,-0.814962,2.131416,1.890977,0.254247,-0.379425,0.501819,0.408909,0.305652,-0.388555,0.467737,0.412071,-1502.966553,335.399139,771.554810,1323.989502
49.2406,True,-0.178419,0.328164,-0.665056,-0.178419,0.328164,-0.665056,1.829785,-0.702376,2.189238,1.729018,1.901899,-0.814962,2.131416,1.866842,0.254422,-0.379444,0.501912,0.410540,0.300956,-0.390935,0.471644,0.416081,-1502.849365,335.237152,771.745972,1324.144531
49.2604,True,-0.178422,0.328164,-0.675224,-0.178422,0.328164,-0.675224,1.824465,-0.696964,2.190602,1.724447,1.895604,-0.814962,2.131416,1.823762,0.252922,-0.379725,0.503887,0.413729,0.299200,-0.394444,0.476990,0.420957,-1502.720825,335.071442,771.943054,1324.317993
49.2804,True,-0.178422,0.328164,-0.675733,-0.178422,0.328164,-0.675733,1.824197,-0.696694,2.190670,1.724219,1.882769,-0.814962,2.131416,1.793084,0.253047,-0.379739,0.503986,0.414646,0.299640,-0.397512,0.483758,0.426259,-1502.610962,334.921326,772.141724,1324.498291
49.3004,True,-0.178422,0.328164,-0.675860,-0.178422,0.328164,-0.675860,1.824130,-0.696626,2.190687,1.724162,1.876875,-0.814962,2.131416,1.860315,0.253109,-0.379742,0.504011,0.411990,0.298470,-0.401182,0.491133,0.430946,-1502.437500,334.685272,772.343628,1324.659424
49.3204,True,-0.178422,0.328164,-0.675892,-0.178422,0.328164,-0.675892,1.824113,-0.696609,2.190691,1.724148,1.871100,-0.814962,2.058169,1.781279,0.253177,-0.379743,0.500013,0.415163,0.297550,-0.401860,0.499556,0.430946,-1502.378784,334.599060,772.565552,1324.659424
49.3403,True,-0.178422,0.328164,-0.675900,-0.178422,0.328164,-0.675900,1.824109,-0.696605,2.190692,1.724144,1.871100,-0.814962,2.143624,1.774779,0.253175,-0.379743,0.504346,0.415309,0.295775,-0.401865,0.506830,0.430946,-1502.267456,334.447968,772.755981,1324.659424
49.3604,True,-0.184271,0.328164,-0.675902,-0.184271,0.328164,-0.675902,1.846316,-0.686905,2.200058,1.738013,1.865207,-0.814962,2.149682,1.768903,0.254938,-0.383755,0.507681,0.416577,0.292032,-0.401769,0.514829,0.430946,-1502.098389,334.286560,772.968445,1324.659424
49.3804,True,-0.184563,0.328164,-0.675902,-0.184563,0.328164,-0.675902,1.847419,-0.686426,2.200523,1.738704,1.864801,-0.747719,2.149682,1.768903,0.255024,-0.386271,0.507841,0.416634,0.292032,-0.403763,0.524518,0.430946,-1502.098389,334.107697,773.198914,1324.659424
49.4004,True,-0.184636,0.328164,-0.675902,-0.184636,0.328164,-0.675902,1.847695,-0.686306,2.200639,1.738877,1.864683,-0.729291,2.149773,1.768903,0.255044,-0.386740,0.507883,0.416649,0.292032,-0.407314,0.524518,0.430946,-1502.098389,333.952148,773.198914,1324.659424
49.4204,True,-0.184655,0.328164,-0.675902,-0.184655,0.328164,-0.675902,1.847763,-0.686276,2.200668,1.738921,1.864683,-0.747719,2.149406,1.768933,0.255051,-0.386490,0.507900,0.416652,0.292032,-0.415046,0.524518,0.430946,-1502.098389,333.706482,773.198914,1324.659424
49.4404,True,-0.184659,0.328164,-0.675902,-0.184659,0.328164,-0.675902,1.847781,-0.686269,2.200675,1.738931,1.864683,-0.716960,2.149682,1.768903,0.255053,-0.387037,0.507886,0.416653,0.290959,-0.417248,0.524518,0.430946,-1502.027100,333.606720,773.198914,1324.659424
49.4605,True,-0.184660,0.328164,-0.675902,-0.184660,0.328164,-0.675902,1.847785,-0.686267,2.200677,1.738934,1.864683,-0.716960,2.149682,1.768903,0.255053,-0.387042,0.507894,0.416653,0.298616,-0.417248,0.524518,0.440897,-1501.503540,333.606720,773.198914,1325.281006
49.4804,True,-0.184661,0.328164,-0.675902,-0.184661,0.328164,-0.675902,1.847786,-0.686266,2.200677,1.738935,1.864683,-0.716960,2.149406,1.829660,0.255053,-0.387043,0.507894,0.415126,0.298001,-0.418576,0.524518,0.457065,-1501.453247,333.539612,773.198914,1326.267822
49.5004,True,-0.184661,0.328164,-0.675902,-0.184661,0.328164,-0.675902,1.847786,-0.686266,2.200678,1.738935,1.864683,-0.735389,2.149406,1.762405,0.255053,-0.386758,0.507887,0.416726,0.295316,-0.418576,0.548432,0.458327,-1501.333862,333.539612,773.948364,1326.448364
49.5206,True,-0.184661,0.328164,-0.675902,-0.184661,0.328164,-0.675902,1.847786,-0.686266,2.200678,1.738935,1.864683,-0.735389,2.149406,1.762405,0.255053,-0.386758,0.507887,0.416726,0.292728,-0.418576,0.532866,0.459668,-1501.225708,333.539612,773.403870,1326.638550
49.5406,True,-0.184661,0.328164,-0.675902,-0.184661,0.328164,-0.675902,1.847786,-0.686266,2.200678,1.738935,1.864683,-0.729291,2.149406,1.768903,0.255053,-0.386867,0.507887,0.416653,0.290012,-0.418576,0.551524,0.461356,-1501.052490,333.539612,774.924683,1326.821655
49.5604,True,-0.184661,0.328164,-0.675902,-0.184661,0.328164,-0.675902,1.847786,-0.686266,2.200678,1.738935,1.864683,-0.729291,2.149406,1.768903,0.255053,-0.386867,0.507887,0.416653,0.290506,-0.422670,0.551220,0.463385,-1500.983643,332.858398,775.157104,1327.004883
49.5805,True,-0.184661,0.328164,-0.675902,-0.184661,0.328164,-0.675902,1.847786,-0.686266,2.200678,1.738935,1.864683,-0.729291,2.149406,1.811360,0.255053,-0.386867,0.507887,0.416654,0.294914,-0.431990,0.551859,0.466085,-1500.810791,332.344299,775.367615,1327.190186
49.6004,True,-0.184661,0.328164,-0.675902,-0.184661,0.328164,-0.675902,1.847786,-0.686266,2.200678,1.738935,1.864683,-0.710728,2.149406,1.768962,0.255053,-0.387105,0.507887,0.416653,0.296516,-0.433372,0.554924,0.469232,-1500.753052,332.263947,775.593079,1327.376953
49.6204,True,-0.184661,0.328164,-0.675902,-0.184661,0.328164,-0.675902,1.847786,-0.686266,2.200678,1.738935,1.864801,-0.710728,2.149406,1.768962,0.255053,-0.387109,0.507887,0.416653,0.299034,-0.437205,0.560375,0.472634,-1500.628296,332.071564,775.837036,1327.572144
49.6404,True,-0.184661,0.328164,-0.643817,-0.184661,0.328164,-0.653222,1.859180,-0.698163,2.197743,1.749221,1.864801,-0.710728,2.149406,1.768962,0.258829,-0.386000,0.503452,0.414688,0.300243,-0.439674,0.565714,0.475911,-1500.518555,331.826019,776.059570,1327.767700
49.6604,True,-0.184661,0.328164,-0.477376,-0.184661,0.328164,-0.619942,1.875310,-0.715750,2.193341,1.764499,1.864801,-0.710728,2.149406,1.768962,0.264370,-0.384371,0.496946,0.411805,0.299743,-0.439838,0.570269,0.477049,-1500.344727,331.745819,776.270630,1327.938354
49.6804,True,-0.184661,0.328164,-0.377611,-0.184661,0.328164,-0.492779,1.931084,-0.784216,2.175385,1.824852,1.865325,-0.710728,2.149406,1.793057,0.285554,-0.378150,0.472082,0.401212,0.299109,-0.438324,0.570565,0.475682,-1500.274292,331.569611,776.494263,1328.126953
49.7004,True,-0.184661,0.328164,-0.280479,-0.184661,0.328164,-0.354041,1.982842,-0.860678,2.153485,1.894069,1.858908,-0.711118,2.149406,1.768903,0.308424,-0.371384,0.444955,0.388766,0.301548,-0.433661,0.564375,0.471078,-1500.096069,331.425079,776.684021,1328.295776
49.7204,True,-0.187000,0.328164,-0.184004,-0.187000,0.328164,-0.255766,2.021160,-0.910572,2.140905,1.950635,1.870576,-0.710728,2.149406,1.780654,0.325978,-0.368328,0.427019,0.381115,0.301951,-0.424729,0.550098,0.461955,-1500.043579,331.269684,776.872620,1328.461060
49.7404,True,-0.194604,0.314127,-0.087694,-0.190546,0.324618,-0.159761,2.062525,-0.950950,2.134783,2.014000,1.889066,-0.729291,2.149406,1.799559,0.340117,-0.365110,0.407218,0.371242,0.299952,-0.412738,0.527949,0.449350,-1499.925659,331.107971,777.058899,1328.627930
49.7604,True,-0.203523,0.310618,-0.021924,-0.203523,0.310618,-0.027486,2.145196,-0.975257,2.156309,2.135351,1.907797,-0.753954,2.149406,1.823715,0.355720,-0.362093,0.376730,0.353754,0.296999,-0.397378,0.507332,0.435558,-1499.815430,330.894104,777.239258,1328.784790
49.7804,True,-0.205753,0.309740,-0.005481,-0.205753,0.309740,-0.005481,2.156050,-0.981364,2.158227,2.154056,1.938600,-0.711377,2.149406,1.860296,0.362045,-0.358340,0.372912,0.355965,0.295734,-0.393031,0.489210,0.421371,-1499.703979,330.818359,777.421204,1328.926514
49.8004,True,-0.206310,0.309521,-0.001370,-0.206310,0.309521,-0.001370,2.158445,-0.982105,2.158987,2.157945,1.969403,-0.711118,2.149406,1.903395,0.364160,-0.358393,0.372229,0.357631,0.293484,-0.386493,0.472981,0.406717,-1499.571167,330.649567,777.607117,1329.082031
49.8204,True,-0.208824,0.309453,-0.000086,-0.207639,0.309453,-0.000086,2.161769,-0.979759,2.161802,2.161737,1.999564,-0.716960,2.149406,1.940589,0.367751,-0.359864,0.372648,0.363584,0.296287,-0.384143,0.463620,0.399561,-1499.389038,330.511566,777.777893,1329.246460
49.8404,True,-0.214097,0.307110,-0.000021,-0.214097,0.307110,-0.000021,2.179593,-0.961984,2.179601,2.179585,2.023950,-0.870778,2.155832,1.971279,0.369842,-0.372815,0.374205,0.365290,0.299689,-0.384045,0.459283,0.396504,-1499.331665,330.359802,777.958984,1329.397217
49.8604,True,-0.215415,0.306524,-0.000005,-0.215415,0.306524,-0.000005,2.183376,-0.958212,2.183378,2.183374,2.042424,-0.870778,2.155740,2.001310,0.370261,-0.373216,0.374509,0.367632,0.308053,-0.385424,0.454194,0.393738,-1499.196899,330.192810,778.136047,1329.558472
49.8804,True,-0.218084,0.306377,-0.000001,-0.218084,0.306377,-0.000001,2.189408,-0.952184,2.189408,2.189407,2.061170,-0.870778,2.156107,2.026106,0.372981,-0.374824,0.375857,0.371066,0.317939,-0.385906,0.448732,0.394517,-1499.002197,329.981018,778.298523,1329.716431
49.9004,True,-0.218918,0.306332,-0.000000,-0.218918,0.306332,-0.000000,2.191283,-0.950309,2.191283,2.191283,2.079139,-0.870778,2.155832,2.044386,0.374151,-0.375326,0.376279,0.372461,0.320712,-0.385481,0.443487,0.396254,-1498.940430,329.911682,778.462585,1329.858032
49.9204,True,-0.218960,0.306329,-0.000000,-0.218960,0.306329,-0.000000,2.191377,-0.950216,2.191377,2.191377,2.091191,-0.870778,2.156107,2.074411,0.374650,-0.375351,0.376304,0.373966,0.326325,-0.382841,0.437675,0.393887,-1498.799072,329.750702,778.639954,1330.005493
49.9404,True,-0.218970,0.301650,-0.000000,-0.218970,0.301650,-0.000000,2.198700,-0.942892,2.198700,2.198700,2.097607,-0.870778,2.156107,2.080938,0.370844,-0.371779,0.372409,0.370166,0.335762,-0.377514,0.433858,0.388032,-1498.589478,329.540741,778.809265,1330.167358
49.9604,True,-0.218973,0.300480,-0.000000,-0.218973,0.300480,-0.000000,2.200554,-0.941038,2.200554,2.200554,2.116714,-0.870778,2.156107,2.105089,0.351042,-0.370885,0.371429,0.369668,0.339546,-0.376294,0.429885,0.384539,-1498.521606,329.470428,778.962341,1330.305664
49.9804,True,-0.218974,0.300114,-0.000000,-0.218974,0.300114,-0.000000,2.201136,-0.940457,2.201136,2.201136,2.128407,-0.870778,2.155832,2.111616,0.370359,-0.370606,0.371127,0.370020,0.347676,-0.375674,0.425041,0.382570,-1498.374756,329.305511,779.135864,1330.466064
50.0004,True,-0.218974,0.300096,-0.000000,-0.218974,0.300096,-0.000000,2.201165,-0.940428,2.201165,2.201165,2.134679,-0.870778,2.155832,2.124018,0.370510,-0.370592,0.371111,0.370194,0.360899,-0.382362,0.423560,0.383716,-1498.141724,329.069885,779.300232,1330.630737
50.0204,True,-0.223653,0.300091,-0.000000,-0.222526,0.300091,-0.000000,2.208854,-0.932739,2.208854,2.208854,2.140745,-0.870778,2.155832,2.129884,0.372728,-0.372878,0.373064,0.372430,0.365141,-0.385602,0.423562,0.387164,-1498.071899,328.994293,779.465393,1330.780518
50.0404,True,-0.224823,0.300090,-0.000000,-0.224823,0.300090,-0.000000,2.213775,-0.927818,2.213775,2.213775,2.147016,-0.870778,2.155556,2.136420,0.374127,-0.374356,0.374343,0.373845,0.375045,-0.395065,0.423804,0.393305,-1497.902954,328.811798,779.639954,1330.939575
50.0604,True,-0.225115,0.300090,-0.000000,-0.225115,0.300090,-0.000000,2.214399,-0.927194,2.214399,2.214399,2.152296,-0.870778,2.155740,2.142285,0.374418,-0.374544,0.374504,0.374166,0.383070,-0.405800,0.424779,0.400672,-1497.754761,328.586365,779.804016,1331.111572
50.0804,True,-0.225188,0.300090,-0.000000,-0.225188,0.300090,-0.000000,2.214555,-0.927038,2.214555,2.214555,2.159208,-0.907123,2.156107,2.154055,0.374610,-0.374696,0.374536,0.374358,0.390942,-0.407806,0.425759,0.405438,-1497.594727,328.505585,779.966125,1331.265503
50.1004,True,-0.225206,0.297750,-0.000000,-0.225206,0.297750,-0.000000,2.218355,-0.923237,2.218355,2.218355,2.164982,-0.907123,2.161614,2.160571,0.372663,-0.373279,0.372604,0.372571,0.396455,-0.410139,0.424701,0.408533,-1497.428833,328.329651,780.138672,1331.429077
50.1204,True,-0.227552,0.297019,-0.000000,-0.227552,0.297019,-0.000000,2.224533,-0.917059,2.224533,2.224533,2.171250,-0.907123,2.161982,2.167098,0.373635,-0.374148,0.373441,0.373549,0.398465,-0.410801,0.423841,0.410140,-1497.286743,328.183319,780.300903,1331.597656
50.1404,True,-0.228137,0.296983,-0.000000,-0.228137,0.296983,-0.000000,2.225833,-0.915760,2.225833,2.225833,2.171399,-0.907123,2.156107,2.167098,0.373939,-0.374479,0.373583,0.373847,0.398179,-0.410728,0.422513,0.410622,-1497.133911,328.018555,780.466919,1331.752197
50.1605,True,-0.228283,0.296974,-0.000000,-0.228283,0.296974,-0.000000,2.226158,-0.915435,2.226158,2.226158,2.177024,-0.907123,2.168039,2.172973,0.374000,-0.374562,0.373943,0.374045,0.397827,-0.412465,0.422776,0.411726,-1496.885864,327.766754,780.640930,1331.920532
50.1804,True,-0.228320,0.296971,-0.000000,-0.228320,0.296971,-0.000000,2.226239,-0.915354,2.226239,2.226239,2.183591,-0.907123,2.174191,2.178861,0.374255,-0.374583,0.374088,0.374175,0.401015,-0.413809,0.424840,0.414560,-1496.719116,327.687775,780.812073,1332.092407
50.2004,True,-0.228329,0.296971,-0.000000,-0.228329,0.296971,-0.000000,2.226259,-0.915334,2.226259,2.226259,2.183440,-0.907362,2.174191,2.185375,0.374260,-0.374588,0.374098,0.374191,0.403672,-0.416631,0.427824,0.416730,-1496.637451,327.520355,780.980164,1332.251099
50.2206,True,-0.228332,0.296971,-0.096233,-0.228332,0.296971,-0.029679,2.222091,-0.900995,2.230324,2.211918,2.183440,-0.907362,2.180617,2.185361,0.369182,-0.374800,0.379273,0.374335,0.409646,-0.419464,0.431049,0.418970,-1496.473633,327.344727,781.168640,1332.419678
50.2404,True,-0.228332,0.296971,-0.162007,-0.228332,0.296971,-0.126903,2.204423,-0.844651,2.245328,2.155278,2.190007,-0.907123,2.186672,2.191264,0.349176,-0.375628,0.399461,0.374478,0.416155,-0.422959,0.433677,0.422015,-1496.230347,327.180817,781.326721,1332.594604
50.2604,True,-0.228332,0.296971,-0.202514,-0.228332,0.296971,-0.199930,2.190355,-0.804392,2.255231,2.114564,2.189856,-0.907534,2.186944,2.185375,0.334685,-0.376218,0.413927,0.374718,0.416647,-0.426845,0.434702,0.423724,-1496.151001,327.006683,781.495544,1332.762329
50.2806,True,-0.228332,0.296971,-0.260768,-0.228332,0.296971,-0.252091,2.181785,-0.781663,2.260561,2.091489,2.189516,-0.907123,2.192455,2.178861,0.326435,-0.376576,0.422165,0.375009,0.407824,-0.431338,0.435389,0.424253,-1495.931763,326.751801,781.672974,1332.923706
50.3004,True,-0.228332,0.296971,-0.337127,-0.228332,0.296971,-0.325369,2.163123,-0.736373,2.270689,2.045322,2.196272,-0.907362,2.199151,2.172973,0.309737,-0.377293,0.439002,0.375264,0.402655,-0.432327,0.435517,0.425736,-1495.846069,326.667542,781.843628,1333.103516
50.3204,True,-0.228332,0.296971,-0.382655,-0.228332,0.296971,-0.349001,2.157499,-0.723757,2.273403,2.032417,2.195782,-0.907123,2.204933,2.160571,0.305044,-0.377444,0.443918,0.375731,0.397483,-0.433080,0.435629,0.426459,-1495.694458,326.501251,782.011597,1333.263428
50.3404,True,-0.228332,0.296971,-0.418101,-0.228332,0.296971,-0.411023,2.144421,-0.696088,2.279209,2.004049,2.196272,-0.906713,2.211358,2.148822,0.294641,-0.377924,0.454533,0.376706,0.394672,-0.432309,0.436316,0.426815,-1495.530518,326.416565,782.201477,1333.425903
50.3604,True,-0.228332,0.296971,-0.451027,-0.228332,0.296971,-0.441090,2.133856,-0.675310,2.283443,1.982686,2.195782,-0.858041,2.216871,2.129893,0.286736,-0.381694,0.462875,0.378896,0.390278,-0.432309,0.438937,0.426453,-1495.394531,326.416565,782.368835,1333.610596
50.3804,True,-0.228332,0.296971,-0.475300,-0.228332,0.296971,-0.470980,2.125534,-0.659850,2.286530,1.966759,2.189366,-0.827695,2.223296,2.117491,0.280803,-0.384447,0.469058,0.380050,0.384110,-0.432309,0.441371,0.424724,-1495.258545,326.416565,782.544617,1333.758179
50.4004,True,-0.228332,0.296971,-0.492913,-0.228332,0.296971,-0.492913,2.119207,-0.648594,2.288744,1.955147,2.184082,-0.901282,2.229346,2.117491,0.276662,-0.379222,0.473643,0.380407,0.373378,-0.432309,0.444610,0.421565,-1495.061401,326.416565,782.719299,1333.918701
50.4204,True,-0.228332,0.296971,-0.509836,-0.228332,0.296971,-0.496973,2.118014,-0.646519,2.289150,1.953004,2.177666,-0.864288,2.235504,2.117491,0.275970,-0.381052,0.474617,0.380473,0.366547,-0.432309,0.447151,0.417598,-1494.994873,326.416565,782.891296,1334.087891
50.4404,True,-0.228332,0.296971,-0.514067,-0.228332,0.296971,-0.514067,2.112918,-0.637811,2.290841,1.944008,2.177666,-0.796789,2.241929,2.117491,0.272592,-0.387658,0.478218,0.380751,0.352304,-0.432309,0.447972,0.412927,-1494.857788,326.416565,783.067932,1334.236084
50.4604,True,-0.228332,0.296971,-0.515124,-0.228332,0.296971,-0.515124,2.112599,-0.637274,2.290945,1.943453,2.177666,-0.796789,2.241929,2.117491,0.272383,-0.388061,0.478431,0.380769,0.337688,-0.419493,0.447673,0.408027,-1494.669678,325.761871,783.248169,1334.397461
50.4804,True,-0.228332,0.296971,-0.523410,-0.228332,0.296971,-0.523410,2.110080,-0.633072,2.291755,1.939109,2.177666,-0.796789,2.155832,2.117491,0.270746,-0.388319,0.480102,0.380903,0.334173,-0.411567,0.448236,0.404678,-1494.608032,325.280701,783.428284,1334.564697
50.5004,True,-0.228332,0.296971,-0.525481,-0.228332,0.296971,-0.525481,2.109446,-0.632023,2.291956,1.938024,2.177666,-0.772126,2.247977,2.117491,0.270337,-0.391354,0.480657,0.380937,0.328362,-0.410348,0.449120,0.402952,-1494.480347,325.032776,783.608276,1334.710083
50.5204,True,-0.228332,0.296971,-0.574256,-0.228332,0.296971,-0.562122,2.097911,-0.613591,2.295466,1.918944,2.177666,-0.723450,2.247977,2.117491,0.263098,-0.393770,0.488058,0.381533,0.321068,-0.410098,0.452565,0.401647,-1494.305664,324.861481,783.807739,1334.864868
50.5404,True,-0.228332,0.296971,-0.578299,-0.228332,0.296971,-0.578270,2.092630,-0.605542,2.296978,1.910600,2.177174,-0.686456,2.253759,2.117491,0.254102,-0.395976,0.491451,0.381796,0.318171,-0.410986,0.458750,0.403372,-1494.244507,324.712891,783.988159,1335.031006
50.5605,True,-0.228332,0.296971,-0.603374,-0.228332,0.296971,-0.603098,2.084263,-0.593254,2.299265,1.897849,2.159060,-0.686456,2.253759,2.117491,0.255277,-0.397313,0.496474,0.382200,0.312420,-0.411654,0.467058,0.406328,-1494.122681,324.544373,784.185425,1335.203857
50.5804,True,-0.228332,0.296971,-0.609643,-0.228332,0.296971,-0.609643,2.082006,-0.590034,2.299860,1.894504,2.141095,-0.679965,2.247712,2.117491,0.254429,-0.397666,0.497800,0.382306,0.308177,-0.413486,0.478476,0.409079,-1493.941650,324.296600,784.396057,1335.360229
50.6004,True,-0.228332,0.296971,-0.627252,-0.228332,0.296971,-0.627252,2.075822,-0.581406,2.301445,1.885539,2.141095,-0.674124,2.247712,2.117491,0.250997,-0.398065,0.501206,0.382593,0.307147,-0.415059,0.489169,0.412385,-1493.882568,324.213715,784.590820,1335.537964
50.6208,True,-0.228332,0.296971,-0.631655,-0.228332,0.296971,-0.631655,2.074250,-0.579258,2.301837,1.883306,2.134679,-0.643354,2.247712,2.007832,0.250242,-0.400330,0.502096,0.390357,0.305367,-0.418137,0.498974,0.416630,-1493.767944,324.043121,784.790039,1335.699585
50.6405,True,-0.228332,0.296971,-0.633030,-0.228332,0.296971,-0.633030,2.073757,-0.578587,2.301960,1.882609,2.128407,-0.643354,2.247712,1.983029,0.250065,-0.400416,0.502373,0.391243,0.302307,-0.421597,0.506305,0.420134,-1493.594360,323.794373,784.995422,1335.862427
50.6604,True,-0.228332,0.296971,-0.641120,-0.228332,0.296971,-0.641120,2.070835,-0.574651,2.302677,1.878515,2.122489,-0.643354,2.247712,1.946465,0.248577,-0.400922,0.504007,0.392552,0.300724,-0.422735,0.509403,0.421801,-1493.538940,323.714417,785.190552,1336.038330
50.6806,True,-0.228332,0.296971,-0.643143,-0.228332,0.296971,-0.643143,2.070099,-0.573669,2.302856,1.877493,2.116073,-0.643354,2.247712,1.934074,0.248262,-0.401048,0.504416,0.393518,0.296368,-0.423330,0.509908,0.421947,-1493.423950,323.547150,785.388794,1336.193359
50.7004,True,-0.228332,0.296971,-0.643775,-0.228332,0.296971,-0.643775,2.069868,-0.573362,2.302911,1.877174,2.116073,-0.643354,2.247712,1.977162,0.248142,-0.401088,0.504544,0.391983,0.289391,-0.421311,0.509484,0.421473,-1493.260986,323.299377,785.597229,1336.353638
50.7204,True,-0.228332,0.296971,-0.643807,-0.228332,0.296971,-0.643807,2.069856,-0.573347,2.302914,1.877158,2.109942,-0.649461,2.247712,1.921685,0.248201,-0.400489,0.504550,0.393801,0.289391,-0.421296,0.510102,0.420611,-1493.260986,323.215973,785.803162,1336.530640
50.7405,True,-0.228332,0.296971,-0.643815,-0.228332,0.296971,-0.643815,2.069854,-0.573343,2.302915,1.877154,2.109799,-0.619338,2.247712,1.915811,0.248201,-0.401392,0.504552,0.393897,0.289391,-0.423196,0.513902,0.420825,-1493.260986,322.958160,786.015503,1336.697021
50.7604,True,-0.233011,0.296971,-0.643816,-0.233011,0.296971,-0.643816,2.086243,-0.567091,2.309759,1.888429,2.109657,-0.607275,2.247712,1.915811,0.250603,-0.405584,0.507483,0.395480,0.289391,-0.426535,0.522131,0.422802,-1493.260986,322.784882,786.237183,1336.861328
50.7804,True,-0.234181,0.296971,-0.643817,-0.234181,0.296971,-0.643817,2.090294,-0.565547,2.311457,1.891235,2.109657,-0.607275,2.247712,1.915811,0.251204,-0.406647,0.508216,0.395876,0.287658,-0.426535,0.531036,0.424752,-1493.205444,322.784882,786.449890,1336.951050
50.8004,True,-0.234546,0.296971,-0.659860,-0.234546,0.296971,-0.647800,2.090181,-0.563165,2.312320,1.890101,2.109657,-0.607275,2.247712,1.964752,0.250625,-0.407225,0.509249,0.395257,0.288275,-0.434829,0.539638,0.432316,-1492.741455,322.515472,786.666687,1337.213989
50.8204,True,-0.236904,0.292291,-0.663870,-0.235752,0.295765,-0.663870,2.091194,-0.551471,2.316971,1.885843,2.109799,-0.607005,2.247712,1.915797,0.247117,-0.408668,0.512310,0.396432,0.292875,-0.440878,0.546512,0.435634,-1492.567383,322.257812,786.888550,1337.382446
50.8404,True,-0.242173,0.288782,-0.664873,-0.238098,0.291098,-0.664873,2.108682,-0.538271,2.326605,1.894689,2.109799,-0.594672,2.247712,1.915769,0.244123,-0.408164,0.510344,0.392891,0.293194,-0.442663,0.550852,0.437894,-1492.514404,322.167419,787.103088,1337.573242
50.8604,True,-0.245829,0.287905,-0.665124,-0.245285,0.287905,-0.665124,2.140454,-0.522615,2.341043,1.914519,2.109799,-0.594672,2.272127,1.915797,0.245023,-0.412486,0.513435,0.392331,0.289035,-0.446966,0.552682,0.439307,-1492.355469,321.895782,787.232849,1337.726685
50.8804,True,-0.251423,0.283006,-0.665186,-0.251423,0.283006,-0.665186,2.172393,-0.505039,2.356212,1.933546,2.110441,-0.594672,2.272127,1.915797,0.243967,-0.414830,0.513657,0.389801,0.286579,-0.449302,0.552682,0.439436,-1492.291626,321.721405,787.232849,1337.905518
50.9004,True,-0.255160,0.279442,-0.665202,-0.255160,0.279442,-0.665202,2.193316,-0.493245,2.366226,1.945808,2.116216,-0.594672,2.272127,1.915797,0.242814,-0.415931,0.513349,0.387711,0.283095,-0.450118,0.552682,0.439774,-1492.188477,321.629883,787.232849,1338.078491
50.9204,True,-0.258434,0.276212,-0.665206,-0.258434,0.276212,-0.665206,2.212014,-0.482764,2.375144,1.956761,2.122632,-0.594672,2.272390,1.915797,0.242019,-0.416833,0.513008,0.385779,0.278731,-0.451611,0.552682,0.440297,-1492.019165,321.449219,787.232849,1338.252319
50.9404,True,-0.263932,0.268385,-0.665207,-0.263932,0.268385,-0.665207,2.249857,-0.460223,2.393520,1.977862,2.128407,-0.594672,2.290761,1.921658,0.238409,-0.417002,0.511634,0.380405,0.278155,-0.452900,0.552682,0.441181,-1491.959839,321.257538,787.232849,1338.426514
50.9604,True,-0.267990,0.253072,-0.665207,-0.267990,0.253913,-0.665207,2.302718,-0.424907,2.419856,2.003459,2.146374,-0.594672,2.309010,1.928187,0.228961,-0.412256,0.503446,0.368209,0.279391,-0.454396,0.552682,0.441493,-1491.853638,321.086639,787.232849,1338.608643
50.9804,True,-0.273339,0.248563,-0.665207,-0.273339,0.248563,-0.665207,2.335358,-0.408090,2.434714,2.022812,2.165624,-0.594943,2.327384,1.934061,0.228180,-0.413669,0.504943,0.365455,0.278832,-0.455516,0.552682,0.439807,-1491.703125,320.825043,787.232849,1338.762817
51.0004,True,-0.277016,0.242757,-0.665207,-0.277016,0.242757,-0.665207,2.364380,-0.392007,2.448126,2.038897,2.183591,-0.575849,2.333424,1.946465,0.226211,-0.414499,0.503928,0.361575,0.276362,-0.455686,0.552682,0.434098,-1491.645752,320.724884,787.232849,1338.925049
51.0204,True,-0.302146,0.225151,-0.482723,-0.293949,0.228684,-0.605791,2.461436,-0.371136,2.489770,2.133316,2.207974,-0.563891,2.345886,1.952350,0.237015,-0.418044,0.494140,0.351834,0.270517,-0.455490,0.552682,0.426073,-1491.556519,320.555237,787.232849,1339.089600
51.0404,True,-0.305274,0.222867,-0.378948,-0.305274,0.222867,-0.442031,2.508965,-0.417440,2.512200,2.264004,2.238774,-0.551557,2.370686,1.970618,0.274998,-0.412417,0.465042,0.344746,0.262989,-0.454607,0.552682,0.417763,-1491.389282,320.285156,787.232849,1339.237549
51.0604,True,-0.306056,0.222296,-0.256749,-0.306056,0.222296,-0.331101,2.512572,-0.464893,2.514001,2.330671,2.281284,-0.515204,2.376215,2.001300,0.300664,-0.404852,0.443402,0.343107,0.264117,-0.454318,0.552682,0.408435,-1491.314575,320.190155,787.232849,1339.394165
51.0804,True,-0.306251,0.222153,-0.081817,-0.306251,0.222153,-0.208607,2.513614,-0.522082,2.514353,2.400680,2.312087,-0.490169,2.394848,2.038511,0.327062,-0.394099,0.419042,0.343188,0.277457,-0.453594,0.552682,0.400659,-1491.163452,320.017151,787.232849,1339.551636
51.1004,True,-0.308652,0.212165,-0.005114,-0.307492,0.218586,-0.041590,2.523761,-0.596284,2.523464,2.501583,2.342890,-0.459377,2.413481,2.093344,0.362541,-0.377521,0.383388,0.343768,0.325647,-0.449185,0.552682,0.396165,-1490.900513,319.769806,787.232849,1339.703125
51.1204,True,-0.313919,0.196225,-0.001278,-0.309837,0.210981,-0.001278,2.543792,-0.597149,2.543754,2.543101,2.342890,-0.459662,2.425689,2.093344,0.367047,-0.371402,0.372505,0.337489,0.346095,-0.449185,0.565510,0.393300,-1490.808472,319.769806,789.554810,1339.848633
51.1407,True,-0.324594,0.185221,-0.000320,-0.317485,0.189771,-0.000320,2.590420,-0.551018,2.590394,2.590240,2.342890,-0.459662,2.425689,2.093344,0.358547,-0.368369,0.364946,0.325131,0.388506,-0.449185,0.575534,0.385655,-1490.624146,319.769806,789.128906,1339.987061
51.1604,True,-0.331942,0.173112,-0.000080,-0.328155,0.181666,-0.000080,2.635997,-0.505560,2.635987,2.635952,2.146521,-0.459662,2.425689,2.093344,0.362239,-0.374696,0.366837,0.321203,0.428308,-0.428857,0.459546,0.374152,-1490.405640,319.463440,790.423157,1340.112915
51.1804,True,-0.336118,0.156048,-0.000020,-0.335304,0.168376,-0.000020,2.676222,-0.465363,2.676218,2.676210,2.453268,-0.459662,2.425689,1.946465,0.365915,-0.375202,0.363496,0.346614,0.428172,-0.407998,0.441926,0.363952,-1490.333130,319.214294,790.597961,1340.252808
51.2005,True,-0.345612,0.133753,-0.000001,-0.343031,0.137795,-0.000001,2.749014,-0.392577,2.749012,2.749010,2.483890,-0.459662,2.425689,1.928199,0.355870,-0.369156,0.350818,0.253780,0.394474,-0.401271,0.434370,0.356394,-1490.152954,318.972382,790.763367,1340.391846
51.2204,True,-0.348894,0.129831,-0.000000,-0.346823,0.132542,-0.000000,2.776559,-0.365033,2.776559,2.776559,2.520650,-0.459662,2.437897,2.417747,0.359195,-0.369625,0.349429,0.347641,0.371487,-0.403802,0.429420,0.343533,-1490.013672,318.810394,790.925110,1340.497192
51.2404,True,-0.349714,0.124172,-0.000000,-0.349714,0.128633,-0.000000,2.789129,-0.352464,2.789129,2.789129,2.557228,-0.459662,2.462313,2.473273,0.362647,-0.370482,0.350639,0.354188,0.361343,-0.406238,0.423316,0.330192,-1489.943359,318.730042,791.088745,1340.633789
51.2605,True,-0.349919,0.120417,-0.000000,-0.349919,0.121050,-0.000000,2.808543,-0.333049,2.808543,2.808543,2.594449,-0.459662,2.486970,2.522837,0.361812,-0.367302,0.351286,0.355256,0.332820,-0.409516,0.417966,0.334274,-1489.756714,318.502655,791.236877,1340.793823
51.2804,True,-0.349971,0.119479,-0.000000,-0.349971,0.119479,-0.000000,2.812603,-0.328989,2.812603,2.812603,2.624805,-0.459662,2.523352,2.565264,0.361988,-0.366651,0.354441,0.356835,0.327324,-0.404926,0.412410,0.341350,-1489.639038,318.358826,791.393982,1340.921997
51.3004,True,-0.349984,0.114565,-0.000000,-0.349984,0.114565,-0.000000,2.825243,-0.316350,2.825243,2.825243,2.649638,-0.459662,2.597471,2.601874,0.362594,-0.364482,0.356012,0.357553,0.329142,-0.400027,0.406654,0.338411,-1489.563721,318.276367,791.560852,1341.052368
51.3205,True,-0.349987,0.106318,-0.000000,-0.349987,0.106318,-0.000000,2.846675,-0.294918,2.846675,2.846675,2.674023,-0.459662,2.640099,2.633148,0.360341,-0.360826,0.358002,0.357472,0.324133,-0.386252,0.402333,0.339701,-1489.380859,318.064728,791.717896,1341.187866
51.3404,True,-0.349988,0.101917,-0.000000,-0.349988,0.101917,-0.000000,2.858228,-0.283364,2.858228,2.858228,2.698848,-0.472360,2.695344,2.663174,0.359905,-0.358495,0.359700,0.357612,0.319949,-0.382041,0.402442,0.343391,-1489.321899,317.989685,791.877502,1341.248779
51.3605,True,-0.349988,0.095862,-0.000000,-0.349988,0.095947,-0.000000,2.874022,-0.267571,2.874022,2.874022,2.717019,-0.404848,2.726179,2.688044,0.358438,-0.359210,0.358251,0.356643,0.319118,-0.378912,0.404700,0.343391,-1489.163086,317.817383,792.049255,1341.248779
51.3805,True,-0.349988,0.094624,-0.000000,-0.349988,0.094624,-0.000000,2.877543,-0.264049,2.877543,2.877543,2.741198,-0.386379,2.744378,2.712198,0.359189,-0.359844,0.359344,0.357609,0.334172,-0.386373,0.409219,0.343391,-1488.951782,317.581055,792.209106,1341.248779
51.4005,True,-0.349988,0.091974,-0.000000,-0.349988,0.091974,-0.000000,2.884610,-0.256982,2.884610,2.884610,2.759806,-0.355808,2.762795,2.730987,0.359057,-0.352590,0.359190,0.357610,0.342061,-0.393972,0.414001,0.343391,-1488.869995,317.425934,792.375305,1341.248779
51.4204,True,-0.349988,0.091312,-0.000000,-0.349988,0.091312,-0.000000,2.886381,-0.255211,2.886381,2.886381,2.772208,-0.440838,2.781424,2.748754,0.359077,-0.354613,0.359713,0.357986,0.361785,-0.398846,0.416528,0.343391,-1488.705688,317.326721,792.543396,1341.248779
51.4406,True,-0.349988,0.091105,-0.000000,-0.349988,0.091105,-0.000000,2.886935,-0.254658,2.886935,2.886935,2.790177,-0.416532,2.793630,2.761736,0.359524,-0.356182,0.359847,0.358204,0.389300,-0.408601,0.417787,0.343391,-1488.467163,317.089417,792.703979,1341.248779
51.4604,True,-0.349988,0.091095,-0.000000,-0.349988,0.091095,-0.000000,2.886963,-0.254630,2.886963,2.886963,2.802369,-0.386379,2.805626,2.779436,0.360355,-0.357920,0.360453,0.359560,0.395570,-0.410477,0.419089,0.343391,-1488.388916,317.017731,792.866882,1341.248779
51.4804,True,-0.349988,0.091092,-0.000000,-0.349988,0.091092,-0.000000,2.886970,-0.254623,2.886970,2.886970,2.814777,-0.367846,2.817833,2.791762,0.360706,-0.359088,0.360784,0.359802,0.401722,-0.410973,0.417367,0.343391,-1488.238403,316.862152,793.031921,1341.248779
51.5007,True,-0.349988,0.086412,-0.000000,-0.349988,0.089863,-0.000000,2.886971,-0.254621,2.886971,2.886971,2.827181,-0.349669,2.823822,2.804242,0.361002,-0.360015,0.360937,0.360229,0.400058,-0.406177,0.413985,0.343391,-1488.001709,316.632263,793.184143,1341.248779
51.5204,True,-0.349988,0.082903,-0.000000,-0.349988,0.085217,-0.000000,2.902756,-0.238837,2.902756,2.902756,2.833814,-0.330844,2.830245,2.810038,0.359357,-0.358689,0.359266,0.358666,0.398734,-0.402013,0.410827,0.343391,-1487.925903,316.475311,793.344727,1341.248779
51.5404,True,-0.349988,0.082026,-0.000000,-0.349988,0.082026,-0.000000,2.911381,-0.230212,2.911381,2.911381,2.839590,-0.312319,2.836669,2.822520,0.358391,-0.358071,0.358451,0.357876,0.397812,-0.399744,0.408430,0.343391,-1487.760376,316.385468,793.515198,1341.248779
51.5604,True,-0.349988,0.077127,-0.000000,-0.349988,0.078476,-0.000000,2.921017,-0.220576,2.921017,2.921017,2.845789,-0.306477,2.848670,2.834842,0.357664,-0.357355,0.357740,0.357347,0.403577,-0.397363,0.407476,0.343391,-1487.507690,316.234650,793.679688,1341.248779
51.5804,True,-0.349988,0.075903,-0.000000,-0.349988,0.075903,-0.000000,2.928028,-0.213565,2.928028,2.928028,2.857981,-0.294446,2.854656,2.840799,0.357246,-0.356767,0.357160,0.356762,0.403577,-0.400065,0.408594,0.343391,-1487.507690,315.995544,793.834106,1341.248779
51.6004,True,-0.349988,0.075596,-0.000000,-0.349988,0.075596,-0.000000,2.928863,-0.212729,2.928863,2.928863,2.863756,-0.275969,2.854452,2.847327,0.357300,-0.357343,0.357068,0.356870,0.413669,-0.400065,0.409827,0.382061,-1487.264038,315.995544,793.915894,1343.065063
51.6204,True,-0.349988,0.075520,-0.000000,-0.349988,0.075520,-0.000000,2.929072,-0.212520,2.929072,2.929072,2.863756,-0.275969,2.854452,2.847327,0.357279,-0.357322,0.357047,0.356847,0.417014,-0.400065,0.409827,0.377575,-1487.025391,315.995544,793.915894,1342.908569
51.6404,True,-0.349988,0.075501,-0.000000,-0.349988,0.075501,-0.000000,2.929125,-0.212468,2.929125,2.929125,2.863756,-0.275969,2.854452,2.847327,0.357274,-0.357317,0.357041,0.356842,0.415640,-0.403058,0.413364,0.391745,-1486.947510,315.680511,794.315552,1343.590088
51.6604,True,-0.349988,0.075496,-0.000000,-0.349988,0.075496,-0.000000,2.929138,-0.212455,2.929138,2.929138,2.870172,-0.275969,2.854452,2.853202,0.357416,-0.357316,0.357040,0.356840,0.411346,-0.397948,0.411069,0.385427,-1486.784180,315.445587,794.476257,1343.733521
51.6804,True,-0.338290,0.087192,-0.000000,-0.340166,0.085317,-0.000000,2.895853,-0.245740,2.895853,2.895853,2.888558,-0.275969,2.854452,2.227821,0.350693,-0.350542,0.350401,0.269985,0.401829,-0.389244,0.407101,0.378927,-1486.563843,315.229340,794.628235,1343.885986
51.7004,True,-0.321329,0.092456,-0.000000,-0.322048,0.092456,-0.000000,2.862023,-0.279569,2.862023,2.862023,2.888781,-0.275969,2.867064,2.883884,0.334936,-0.335054,0.335052,0.334976,0.398430,-0.386930,0.402871,0.363063,-1486.484741,315.076447,794.786255,1343.982422
51.7205,True,-0.303051,0.098451,-0.000000,-0.304841,0.098451,-0.000000,2.829208,-0.312384,2.829208,2.829208,2.888361,-0.275969,2.873084,2.883884,0.319785,-0.320133,0.320118,0.319866,0.394228,-0.385958,0.398600,0.346551,-1486.339600,314.993164,794.939331,1344.130005
51.7404,True,-0.282105,0.102289,-0.000000,-0.282571,0.102289,-0.000000,2.794272,-0.347321,2.794272,2.794272,2.888361,-0.275969,2.879508,2.883797,0.299186,-0.299751,0.299425,0.299312,0.381289,-0.383573,0.391092,0.349210,-1486.138672,314.860199,795.071594,1344.289795
51.7604,True,-0.266786,0.109338,-0.000000,-0.266786,0.109338,-0.000000,2.752638,-0.388954,2.752638,2.752638,2.882586,-0.275969,2.885291,2.877922,0.285891,-0.286483,0.285781,0.286062,0.374388,-0.381150,0.379570,0.355882,-1486.076416,314.787659,795.195190,1344.431641
51.7804,True,-0.266020,0.112030,-0.000000,-0.266020,0.112030,-0.000000,2.743002,-0.398590,2.743002,2.743002,2.864398,-0.275969,2.878865,2.865605,0.286084,-0.286480,0.285979,0.286271,0.357037,-0.381150,0.363338,0.352235,-1485.960205,314.787659,795.315735,1344.557373
51.8004,True,-0.265828,0.112703,-0.000000,-0.265828,0.112703,-0.000000,2.740597,-0.400996,2.740597,2.740597,2.851783,-0.257452,2.854452,2.847244,0.286950,-0.285763,0.286863,0.287092,0.330761,-0.381150,0.346328,0.351128,-1485.780884,314.787659,795.444031,1344.683228
51.8204,True,-0.265781,0.117550,-0.000000,-0.265781,0.117550,-0.000000,2.725175,-0.416417,2.725175,2.725175,2.833172,-0.294144,2.842246,2.834923,0.288922,-0.288221,0.288626,0.288867,0.323665,-0.381150,0.331660,0.350399,-1485.713623,314.787659,795.570984,1344.796265
51.8406,True,-0.265766,0.121404,-0.000000,-0.265766,0.119948,-0.000000,2.717634,-0.423959,2.717634,2.717634,2.815204,-0.245120,2.830040,2.822440,0.289832,-0.286912,0.289740,0.289777,0.319259,-0.381150,0.322684,0.333771,-1485.641479,314.787659,795.705383,1344.919189
51.8604,True,-0.261086,0.122065,-0.000000,-0.262237,0.122065,-0.000000,2.705944,-0.435648,2.705944,2.705944,2.802797,-0.263598,2.811408,2.810038,0.287899,-0.284658,0.287647,0.287486,0.319259,-0.381150,0.320704,0.316424,-1485.641479,314.787659,795.766296,1345.065308
51.8804,True,-0.259916,0.126909,-0.000000,-0.259916,0.125623,-0.000000,2.691378,-0.450215,2.691378,2.691378,2.790818,-0.312270,2.793630,2.798289,0.287256,-0.285690,0.287174,0.287034,0.319259,-0.381150,0.320704,0.314146,-1485.641479,314.787659,795.766296,1345.181763
51.9006,True,-0.254944,0.128120,-0.000000,-0.255027,0.128120,-0.000000,2.678111,-0.463482,2.678111,2.678111,2.790818,-0.342771,2.787206,2.798289,0.284762,-0.284495,0.284877,0.284514,0.343961,-0.381150,0.320704,0.317286,-1485.099243,314.787659,795.766296,1345.307007
51.9204,True,-0.249022,0.128423,-0.000000,-0.249022,0.128423,-0.000000,2.665457,-0.476136,2.665457,2.665457,2.766223,-0.331090,2.872882,2.773560,0.278611,-0.276963,0.274181,0.278160,0.343408,-0.381150,0.320704,0.320683,-1484.981689,314.787659,795.766296,1345.438843
51.9404,True,-0.245202,0.128499,-0.000000,-0.245202,0.128499,-0.000000,2.658889,-0.482703,2.658889,2.658889,2.766223,-0.367136,2.872882,2.773560,0.275239,-0.274986,0.270518,0.275014,0.339789,-0.381150,0.411706,0.322316,-1484.924561,314.787659,794.080078,1345.555298
51.9605,True,-0.239329,0.128522,-0.000000,-0.243049,0.128522,-0.000000,2.657222,-0.484370,2.657222,2.657222,2.741405,-0.379824,2.872882,2.749334,0.269420,-0.274316,0.269602,0.259283,0.327650,-0.381150,0.316694,0.319193,-1484.809448,314.787659,796.449341,1345.664062
51.9804,True,-0.235760,0.133203,-0.000000,-0.238094,0.129758,-0.000000,2.642608,-0.498984,2.642608,2.642608,2.734988,-0.398290,2.872882,2.742807,0.270000,-0.269783,0.263999,0.269796,0.314573,-0.315410,0.310629,0.309306,-1484.688843,314.180511,796.558899,1345.783325
52.0004,True,-0.234868,0.134373,-0.000000,-0.234868,0.134373,-0.000000,2.621926,-0.519667,2.621926,2.621926,2.734988,-0.398290,2.872882,2.742807,0.268863,-0.268599,0.262114,0.268616,0.305784,-0.312582,0.303660,0.301301,-1484.569214,313.637146,796.668518,1345.892212
52.0204,True,-0.229966,0.139344,-0.000000,-0.229966,0.139344,-0.000000,2.596821,-0.544771,2.596821,2.596821,2.729212,-0.398290,2.872882,2.742807,0.266536,-0.266009,0.258708,0.266029,0.300245,-0.288386,0.295799,0.295739,-1484.387329,313.179138,796.795044,1346.006714
52.0404,True,-0.228740,0.140587,-0.000000,-0.228740,0.140587,-0.000000,2.590497,-0.551096,2.590497,2.590497,2.691992,-0.398290,2.872882,2.700380,0.266542,-0.265362,0.257856,0.265617,0.300993,-0.286566,0.293351,0.293893,-1484.271118,313.069763,796.907654,1346.141357
52.0604,True,-0.226018,0.143315,-0.000000,-0.226046,0.143287,-0.000000,2.576629,-0.564963,2.576629,2.576629,2.680240,-0.398290,2.872882,2.865605,0.266028,-0.263925,0.255975,0.257029,0.302435,-0.289169,0.295291,0.296861,-1484.210327,312.945160,797.029602,1346.260742
52.0804,True,-0.220735,0.148598,-0.000000,-0.220735,0.148598,-0.000000,2.549081,-0.592511,2.549081,2.549081,2.680240,-0.392449,2.872882,2.675576,0.263807,-0.260785,0.252265,0.263967,0.304651,-0.294183,0.299317,0.301356,-1484.090454,312.819183,797.160706,1346.372070
52.1004,True,-0.200698,0.156938,-0.000000,-0.208883,0.156623,-0.000000,2.498213,-0.643379,2.498213,2.498213,2.680240,-0.459583,2.872882,2.675576,0.256767,-0.256683,0.242969,0.256984,0.303608,-0.296758,0.301329,0.304104,-1483.975830,312.718750,797.265930,1346.495850
52.1204,True,-0.181651,0.159023,-0.000000,-0.184878,0.159023,-0.000000,2.431235,-0.710358,2.431235,2.431235,2.668048,-0.484327,2.872882,2.675576,0.237055,-0.237658,0.220462,0.236617,0.299325,-0.294287,0.299545,0.301819,-1483.864258,312.618866,797.367310,1346.597046
52.1404,True,-0.148795,0.159674,-0.000000,-0.159276,0.159674,-0.000000,2.354946,-0.786647,2.354946,2.354946,2.612417,-0.502414,2.872882,2.871480,0.218098,-0.216483,0.195952,0.196045,0.287209,-0.280171,0.288559,0.294011,-1483.722412,312.477386,797.454407,1346.689819
52.1604,True,-0.124224,0.159707,-0.000000,-0.143490,0.159707,-0.000000,2.302760,-0.838833,2.302760,2.302760,2.582065,-0.514834,2.872882,2.718656,0.206379,-0.202664,0.180741,0.195878,0.280498,-0.273314,0.271910,0.276794,-1483.677734,312.434143,797.537659,1346.780640
52.1804,True,-0.111063,0.159715,-0.000000,-0.117558,0.159715,-0.000000,2.205307,-0.936286,2.205307,2.205307,2.539073,-0.478119,2.872882,2.552810,0.186129,-0.177314,0.155741,0.185191,0.263798,-0.255673,0.253695,0.259961,-1483.595825,312.358673,797.623474,1346.864502
52.2004,True,-0.086717,0.159717,-0.000000,-0.103967,0.159717,-0.000000,2.147835,-0.993758,2.147835,2.147835,2.495804,-0.545341,2.872882,2.534636,0.179153,-0.171733,0.142639,0.176495,0.246252,-0.233274,0.235231,0.245839,-1483.516846,312.289612,797.704956,1346.949463
52.2204,True,-0.080630,0.159718,-0.000000,-0.081210,0.159718,-0.000000,2.041190,-1.100402,2.041190,2.041190,2.446851,-0.655951,2.468338,2.467355,0.162815,-0.161770,0.133831,0.163152,0.229583,-0.212447,0.219111,0.231052,-1483.436401,312.227539,797.774292,1347.037354
52.2404,True,-0.065072,0.162057,-0.000000,-0.065072,0.162057,-0.000000,1.952625,-1.188967,1.952625,1.952625,2.392132,-0.655951,2.658728,2.405998,0.156164,-0.150408,0.132173,0.154571,0.213977,-0.193851,0.204793,0.218294,-1483.369385,312.164886,797.839844,1347.102905
52.2604,True,-0.022777,0.168637,-0.000000,-0.040348,0.168518,-0.000000,1.805799,-1.335794,1.805799,1.805799,2.324757,-0.655951,2.621885,2.350516,0.150466,-0.134755,0.117132,0.148202,0.191862,-0.171186,0.193363,0.206572,-1483.280273,312.079651,797.899292,1347.164185
52.2804,True,-0.005694,0.168966,-0.000000,-0.020262,0.168966,-0.000000,1.690144,-1.451449,1.690144,1.690144,2.257382,-0.655951,2.572416,2.283285,0.143525,-0.119112,0.105663,0.137535,0.185627,-0.162961,0.179259,0.192491,-1483.245239,312.062775,797.949219,1347.225464
52.3004,True,-0.001424,0.169048,-0.000000,-0.001424,0.169048,-0.000000,1.579217,-1.562376,1.579217,1.579217,2.171548,-0.655951,2.517403,2.203651,0.136084,-0.104233,0.099954,0.133447,0.168440,-0.138425,0.162276,0.178144,-1483.161987,312.015625,797.995972,1347.277466
52.3204,True,-0.000356,0.169069,-0.000000,-0.000356,0.169069,-0.000000,1.572901,-1.568691,1.572901,1.572901,2.085416,-0.655951,2.443925,2.117498,0.147346,-0.103399,0.108888,0.144611,0.156725,-0.121001,0.145888,0.162251,-1483.110596,311.992889,798.044800,1347.328369
52.3404,True,-0.000089,0.169074,-0.000000,-0.000089,0.169074,-0.000000,1.571323,-1.570270,1.571323,1.571323,1.999564,-0.655951,2.297064,2.031983,0.153806,-0.103191,0.118618,0.151450,0.152211,-0.111107,0.134432,0.148768,-1483.075562,311.976288,798.089722,1347.389038
52.3605,True,-0.000022,0.169075,-0.000000,-0.000022,0.169075,-0.000000,1.570928,-1.570665,1.570928,1.570928,1.926407,-0.655951,2.186574,1.977154,0.156247,-0.103139,0.134328,0.153657,0.150384,-0.093360,0.126352,0.144338,-1483.010010,311.942108,798.141724,1347.449585
52.3804,True,-0.000001,0.169076,-0.000000,-0.000001,0.169076,-0.000000,1.570805,-1.570788,1.570805,1.570805,1.870576,-0.655951,2.057811,1.915783,0.161536,-0.103123,0.149419,0.159114,0.149876,-0.081225,0.126212,0.143753,-1482.924805,311.879181,798.219604,1347.503052
52.4004,True,-0.000000,0.150360,-0.000000,-0.000000,0.157151,-0.000000,1.570799,-1.570794,1.570799,1.570799,1.815500,-0.655951,1.922897,1.866823,0.151484,-0.095849,0.145752,0.149164,0.149943,-0.083056,0.134809,0.143485,-1482.889526,311.856018,798.278198,1347.567993
52.4204,True,-0.000000,0.143341,-0.000000,-0.000000,0.143341,-0.000000,1.570797,-1.570796,1.570797,1.570797,1.779342,-0.655951,1.874070,1.842039,0.139693,-0.087426,0.136799,0.138100,0.153189,-0.090757,0.143506,0.147416,-1482.829346,311.808044,798.332886,1347.627930
52.4404,True,-0.000000,0.141586,-0.000000,-0.000000,0.141586,-0.000000,1.570796,-1.570796,1.570796,1.570796,1.742230,-0.679965,1.806613,2.712129,0.139511,-0.089025,0.137668,0.137706,0.155369,-0.105027,0.148518,0.150333,-1482.749878,311.746796,798.385437,1347.676514
52.4604,True,-0.000000,0.141038,-0.000000,-0.000000,0.141038,-0.000000,1.570796,-1.570796,1.570796,1.570796,1.717845,-1.311916,1.757786,1.756531,0.139516,-0.091427,0.138579,0.138612,0.151524,-0.107312,0.149575,0.144848,-1482.724854,311.728241,798.430664,1347.713867
52.4805,True,-0.000000,0.141011,-0.000000,-0.000000,0.141011,-0.000000,1.570796,-1.570796,1.570796,1.570796,1.692817,-1.311916,1.744945,1.744129,0.139730,-0.136312,0.138878,0.138898,0.143713,-0.107080,0.143210,0.130509,-1482.680420,311.700195,798.470032,1347.746704
52.5004,True,-0.000000,0.141004,-0.000000,-0.000000,0.141004,-0.000000,1.570796,-1.570796,1.570796,1.570796,1.674849,-1.311916,1.732736,1.713451,0.140241,-0.136305,0.139433,0.139571,0.132369,-0.104527,0.128957,0.123940,-1482.607666,311.623871,798.518860,1347.808350
52.5204,True,-0.000000,0.141002,-0.000000,-0.000000,0.141002,-0.000000,1.570796,-1.570796,1.570796,1.570796,1.662656,-1.434498,1.696111,1.701085,0.140332,-0.139694,0.139896,0.139685,0.129349,-0.105586,0.121694,0.122842,-1482.575317,311.596680,798.575195,1347.866089
52.5404,True,-0.000000,0.141002,-0.000000,-0.000000,0.141002,-0.000000,1.570796,-1.570796,1.570796,1.570796,1.649821,-1.434498,1.671698,1.682811,0.140488,-0.139694,0.140195,0.140023,0.127830,-0.109687,0.122796,0.123881,-1482.513916,311.537384,798.636169,1347.928711
52.5604,True,-0.000000,0.141001,-0.000000,-0.000000,0.141001,-0.000000,1.570796,-1.570796,1.570796,1.570796,1.638081,-1.452951,1.653067,1.670331,0.140682,-0.140023,0.140447,0.140304,0.137825,-0.124980,0.129204,0.131215,-1482.419922,311.443207,798.702454,1347.993896
52.5804,True,-0.000000,0.141001,-0.000000,-0.000000,0.141001,-0.000000,1.570796,-1.570796,1.570796,1.570796,1.631853,-1.367280,1.647284,1.658662,0.140739,-0.140381,0.140589,0.140457,0.142287,-0.132539,0.137607,0.148561,-1482.385864,311.415863,798.756714,1348.061401
52.6004,True,-0.000000,0.141001,-0.000000,-0.000000,0.141001,-0.000000,1.570796,-1.570796,1.570796,1.570796,1.626077,-1.367280,1.640860,1.652053,0.140786,-0.138091,0.140659,0.140536,0.150711,-0.143910,0.147053,0.154809,-1482.331665,311.359650,798.812378,1348.110107
52.6204,True,-0.000000,0.141001,-0.000000,-0.000000,0.141001,-0.000000,1.570796,-1.570796,1.570796,1.570796,1.619660,-1.378962,1.634749,1.646177,0.140833,-0.138415,0.140713,0.140601,0.153255,-0.146517,0.150902,0.152272,-1482.252930,311.302460,798.871399,1348.161255
52.6404,True,-0.000000,0.141001,-0.000000,-0.000000,0.141001,-0.000000,1.570796,-1.570796,1.570796,1.570796,1.613150,-1.416143,1.690006,1.633818,0.140875,-0.139319,0.140001,0.140721,0.148755,-0.145835,0.148138,0.148989,-1482.201538,311.256561,798.919922,1348.215942
52.6604,True,-0.000000,0.141001,-0.000000,-0.000000,0.141001,-0.000000,1.570796,-1.570796,1.570796,1.570796,1.613792,-1.446644,1.622542,1.627290,0.140874,-0.139916,0.140813,0.140721,0.145895,-0.142483,0.143565,0.143692,-1482.168823,311.200623,798.976257,1348.273560
52.6804,True,-0.000000,0.141001,-0.000000,-0.000000,0.141001,-0.000000,1.570796,-1.570796,1.570796,1.570796,1.607467,-1.446644,1.616446,1.621460,0.140907,-0.139916,0.140852,0.140820,0.140869,-0.139738,0.141070,0.140836,-1482.078491,311.110352,799.035034,1348.331665
52.7004,True,-0.000000,0.141001,-0.000000,-0.000000,0.141001,-0.000000,1.570796,-1.570796,1.570796,1.570796,1.607375,-1.489475,1.610334,1.615541,0.140907,-0.140023,0.140855,0.140820,0.141360,-0.140746,0.141615,0.141877,-1482.047485,311.076599,799.097107,1348.398682
52.7205,True,-0.000000,0.141001,-0.000000,-0.000000,0.141001,-0.000000,1.570796,-1.570796,1.570796,1.570796,1.607375,-1.489475,1.610334,1.615586,0.140907,-0.140535,0.140891,0.140860,0.145169,-0.144056,0.145226,0.145395,-1481.986694,311.017303,799.159851,1348.456787
52.7404,True,-0.000000,0.141001,-0.000000,-0.000000,0.141001,-0.000000,1.570796,-1.570796,1.570796,1.570796,1.606825,-1.501628,1.603908,1.609060,0.140910,-0.140664,0.140924,0.140898,0.149186,-0.147615,0.148865,0.148624,-1481.927856,310.961212,799.219849,1348.507080
52.7604,True,-0.000000,0.141001,-0.000000,-0.000000,0.141001,-0.000000,1.570796,-1.570796,1.570796,1.570796,1.601049,-1.513959,1.603908,1.609014,0.140937,-0.140774,0.140924,0.140898,0.151447,-0.149547,0.149583,0.149730,-1481.847656,310.905121,799.268433,1348.567261
52.7804,True,0.009948,0.135153,-0.000000,0.004015,0.135153,-0.000000,1.541099,-1.600494,1.541099,1.541099,1.601049,-1.520151,1.604551,1.603186,0.134969,-0.134776,0.134940,0.134900,0.150739,-0.147718,0.147081,0.147440,-1481.816284,310.856018,799.316284,1348.618164
52.8004,True,0.016996,0.132521,-0.000000,0.016996,0.132521,-0.000000,1.443240,-1.698353,1.443240,1.443240,1.595184,-1.520151,1.598126,1.597312,0.132067,-0.131490,0.131892,0.132023,0.144833,-0.141447,0.142286,0.143043,-1481.738037,310.778870,799.374146,1348.665283
52.8204,True,0.021098,0.131863,-0.000000,0.021098,0.131863,-0.000000,1.412143,-1.729449,1.412143,1.412143,1.582992,-1.526290,1.585918,1.584959,0.131595,-0.130781,0.131237,0.131415,0.142492,-0.138919,0.137364,0.137333,-1481.708862,310.749847,799.426331,1348.723389
52.8404,True,0.022123,0.131698,-0.000000,0.022123,0.131698,-0.000000,1.404367,-1.737226,1.404367,1.404367,1.558053,-1.532306,1.567285,1.566034,0.131698,-0.130749,0.131486,0.131660,0.140681,-0.134834,0.135260,0.135637,-1481.647461,310.701721,799.483093,1348.778564
52.8604,True,0.027123,0.129307,-0.000000,0.025943,0.129307,-0.000000,1.372792,-1.768800,1.372792,1.372792,1.540001,-1.532306,1.549294,1.541835,0.130045,-0.128213,0.129699,0.130004,0.143311,-0.131954,0.136257,0.135758,-1481.558228,310.620544,799.542542,1348.835571
52.8804,True,0.030648,0.128720,-0.000000,0.030144,0.128720,-0.000000,1.340759,-1.800833,1.340759,1.340759,1.515058,-1.538622,1.524576,1.523506,0.130199,-0.127683,0.129670,0.130001,0.145009,-0.132063,0.139360,0.138587,-1481.525269,310.592072,799.595398,1348.897339
52.9005,True,0.043227,0.123894,-0.000000,0.034187,0.125180,-0.000000,1.304195,-1.837398,1.304195,1.304195,1.497009,-1.557444,1.506246,1.505286,0.127048,-0.124237,0.127125,0.127150,0.147722,-0.132306,0.139360,0.140624,-1481.472900,310.541718,799.595398,1348.945068
52.9204,True,0.053390,0.120348,-0.000000,0.051105,0.120348,-0.000000,1.169226,-1.972367,1.169226,1.169226,1.471984,-1.599797,1.481876,1.480426,0.124802,-0.121183,0.124411,0.124469,0.148283,-0.131630,0.139360,0.141303,-1481.393921,310.493164,799.595398,1348.995361
52.9404,True,0.062950,0.119461,-0.000000,0.060230,0.119461,-0.000000,1.103809,-2.037784,1.103809,1.103809,1.435483,-1.654797,1.450694,1.449810,0.126494,-0.122832,0.125817,0.125857,0.146696,-0.131630,0.139360,0.138026,-1481.367920,310.493164,799.595398,1349.045898
52.9606,True,0.088748,0.097543,-0.000000,0.073530,0.105892,-0.000000,-2.163059,-2.163059,0.978534,0.978534,1.393129,-1.722604,1.408292,1.400860,-0.014526,-0.105172,0.117832,0.116876,0.141328,-0.131630,0.139360,0.134023,-1481.316528,310.493164,799.595398,1349.093018
52.9804,True,0.095184,0.092704,-0.000000,0.091326,0.096343,-0.000000,0.812125,-2.329467,0.812125,0.812125,1.380294,-1.587467,1.353041,1.351838,0.111892,-0.097852,0.113797,0.113880,0.125499,-0.131630,0.139360,0.129945,-1481.271362,310.493164,799.595398,1349.140991
53.0004,True,0.103812,0.086815,-0.000000,0.096377,0.091511,-0.000000,0.759505,-2.382087,0.759505,0.759505,1.337234,-1.654797,1.285219,1.284033,0.111333,-0.097081,0.112437,0.112480,0.119245,-0.131630,0.139360,0.126084,-1481.238647,310.493164,799.595398,1349.192627
53.0205,True,0.110648,0.071306,-0.000000,0.110648,0.071580,-0.000000,0.584386,-2.557206,0.584386,0.584386,1.337234,-1.881444,1.248321,1.284033,0.096811,-0.103508,0.104482,0.101497,0.116985,-0.131630,0.127290,0.122872,-1481.188477,310.493164,799.894531,1349.234253
53.0404,True,0.114697,0.065089,-0.000000,0.114697,0.065089,-0.000000,0.516171,-2.625422,0.516171,0.516171,1.258310,-1.881444,1.248321,1.284033,0.097198,-0.097034,0.098083,0.094873,0.117301,-0.131630,0.139832,0.120946,-1481.120239,310.493164,799.750977,1349.279053
53.0604,True,0.120388,0.056516,-0.000000,0.120388,0.056516,-0.000000,0.438911,-2.702681,0.438911,-2.702681,1.092118,-1.881444,1.211972,2.669701,0.105616,-0.090611,0.091756,-0.081540,0.115093,-0.131630,0.122146,0.116535,-1481.098511,310.493164,800.033875,1349.313843
53.0804,True,0.124150,0.052034,-0.000000,0.124150,0.052034,-0.000000,0.396877,-2.744715,0.396877,0.396877,1.079964,-1.881444,1.003547,1.032864,0.104410,-0.087493,0.107219,0.108295,0.110885,-0.131630,0.118192,0.106111,-1481.045166,310.493164,800.075317,1349.319214
53.1004,True,0.125326,0.037765,-0.000000,0.125326,0.038451,-0.000000,0.297692,-2.843900,0.297692,0.297692,1.031160,-1.685950,0.881075,1.039285,0.097383,-0.083259,0.109410,0.096667,0.112083,-0.131630,0.112864,0.088547,-1481.005981,310.493164,800.111877,1349.350464
53.1204,True,0.125385,0.033309,-0.000000,0.125385,0.033309,-0.000000,0.259654,-2.881939,0.259654,0.259654,0.950952,-1.747110,0.801174,0.996209,0.099949,-0.051887,0.108192,0.093924,0.107628,-0.131630,0.109597,0.081671,-1480.993774,310.493164,800.160034,1349.393677
53.1405,True,0.125400,0.025176,-0.000000,0.125400,0.025176,-0.000000,0.199925,-2.941668,0.199925,0.199925,0.853405,-1.839262,0.727514,0.916584,0.097674,-0.054254,0.110550,0.092765,0.096957,-0.131630,0.106662,0.079219,-1480.952271,310.493164,800.199219,1349.428467
53.1604,True,0.125403,0.023143,-0.000000,0.125403,0.023143,-0.000000,0.182492,-2.959100,0.182492,0.182492,0.761019,-2.127285,0.654266,0.824432,0.106769,-0.085890,0.113591,0.102136,0.099582,-0.131630,0.103111,0.078324,-1480.875977,310.493164,800.236633,1349.471802
53.1804,True,0.125404,0.016658,-0.000000,0.125404,0.016658,-0.000000,0.132064,-3.009528,0.132064,0.132064,0.700701,-2.212411,0.623426,0.775609,0.106598,-0.088399,0.111539,0.101201,0.104998,-0.089405,0.102160,0.080230,-1480.851196,310.262970,800.278198,1349.491211
53.2004,True,0.125404,0.016334,-0.000000,0.125404,0.016334,-0.000000,0.129523,-3.012070,0.129523,0.129523,0.700701,-2.212411,0.623426,0.775609,0.106390,-0.088139,0.111350,0.100975,0.108685,-0.047101,0.103958,0.080230,-1480.789062,310.140472,800.317078,1349.491211
53.2204,True,0.125404,0.013914,-0.000000,0.125404,0.013914,-0.000000,0.110498,-3.031095,0.110498,0.110498,0.620494,-2.212411,0.623426,0.732396,0.110118,-0.086200,0.109937,0.099280,0.108844,-0.063153,0.104098,0.080230,-1480.774048,310.050781,800.365540,1349.491211
53.2404,True,0.125404,0.013308,-0.000000,0.125404,0.013308,-0.000000,0.105729,-3.035864,0.105729,-3.035864,0.442726,-2.212411,0.917458,0.518460,0.117379,-0.085715,0.086794,-0.102109,0.111452,-0.067131,0.103119,0.080230,-1480.738403,310.038086,800.400940,1349.491211
53.2604,True,0.125404,0.013119,-0.000000,0.125404,0.013119,-0.000000,0.104237,-3.037356,0.104237,0.104237,0.393987,-2.212411,0.396162,0.524175,0.120833,-0.085564,0.120064,0.115134,0.104457,-0.073631,0.102088,0.080230,-1480.679077,310.002106,800.433594,1349.491211
53.2804,True,0.125404,0.013110,-0.000000,0.125404,0.013110,-0.000000,0.104163,-3.037430,0.104163,0.104163,0.344578,-2.807503,0.335397,0.487622,0.122461,-0.122770,0.122732,0.116931,0.101415,-0.068926,0.099501,0.080230,-1480.661987,309.978943,800.468628,1349.491211
53.3004,True,0.125404,0.013108,-0.000000,0.125404,0.013108,-0.000000,0.104144,-3.037449,0.104144,0.104144,0.308045,-2.371966,0.304558,0.438668,0.123476,-0.099183,0.123564,0.119098,0.097017,-0.066800,0.096677,0.080230,-1480.614380,309.964294,800.509094,1349.491211
53.3204,True,0.130084,0.013107,-0.000000,0.128940,0.013107,-0.000000,0.101303,-3.040289,0.101303,0.101303,0.271473,-2.488217,0.273721,0.389233,0.127733,-0.110351,0.127683,0.124269,0.100321,-0.069850,0.096576,0.080230,-1480.564697,309.901367,800.556519,1349.491211
53.3404,True,0.131253,0.013107,-0.000000,0.131253,0.013107,-0.000000,0.099529,-3.042064,0.099529,0.099529,0.246404,-2.684850,0.249480,0.352207,0.130486,-0.120845,0.130426,0.127718,0.108736,-0.074303,0.099425,0.080230,-1480.505737,309.873871,800.603516,1349.491211
53.3604,True,0.131546,0.013107,-0.000000,0.131546,0.013107,-0.000000,0.099309,-3.042284,0.099309,0.099309,0.222070,-2.764672,0.231319,0.322009,0.130996,-0.126204,0.131047,0.128561,0.119132,-0.083234,0.105436,0.080230,-1480.447388,309.830627,800.657227,1349.491211
53.3804,True,0.131619,0.013107,-0.000000,0.131619,0.013107,-0.000000,0.099254,-3.042339,0.099254,0.099254,0.204106,-2.838004,0.212857,0.291334,0.131543,-0.129008,0.131417,0.129837,0.127247,-0.102817,0.115236,0.080230,-1480.400513,309.754883,800.710510,1349.491211
53.4004,True,0.131637,0.013107,-0.000000,0.131637,0.013107,-0.000000,0.099240,-3.042353,0.099240,0.099240,0.185445,-2.862664,0.200481,0.266532,0.131797,-0.130158,0.131611,0.130441,0.133626,-0.110408,0.123536,0.134801,-1480.352173,309.727966,800.759216,1349.924561
53.4204,True,0.131643,0.013107,-0.000000,0.131643,0.013107,-0.000000,0.099236,-3.042357,0.099236,0.099236,0.185445,-2.862664,0.200481,0.266532,0.131802,-0.130164,0.131616,0.130447,0.134749,-0.110408,0.123536,0.089056,-1480.294678,309.727966,800.759216,1349.755127
53.4404,True,0.131643,0.013107,-0.000000,0.131643,0.013107,-0.000000,0.099236,-3.042357,0.099236,0.099236,0.185445,-2.862664,0.200481,0.266532,0.131803,-0.130164,0.131617,0.130447,0.133703,-0.119384,0.136257,0.139735,-1480.243042,309.659454,799.802063,1350.114624
53.4604,True,0.131643,0.013107,-0.000000,0.131643,0.013107,-0.000000,0.099236,-3.042357,0.099236,0.099236,0.166837,-2.862664,0.200481,0.266532,0.119598,-0.130164,0.131617,0.130447,0.132969,-0.123266,0.131188,0.138571,-1480.189697,309.577850,800.917847,1350.174194
53.4806,True,0.119946,0.013107,-0.000000,0.130446,0.013107,-0.000000,0.100141,-3.041452,0.100141,0.100141,0.148986,-2.862664,0.200481,1.787237,0.130908,-0.129013,0.130443,0.130458,0.133978,-0.125823,0.133058,0.139136,-1480.130737,309.528168,800.979919,1350.204712
53.5004,True,0.110003,0.013107,-0.000000,0.115589,0.013107,-0.000000,0.112909,-3.028684,0.112909,0.112909,0.148928,-2.862664,0.200481,0.647035,0.116254,-0.114730,0.115884,0.100127,0.138446,-0.130699,0.135736,0.142867,-1480.049438,309.445740,801.031250,1350.273804
53.5204,True,0.093480,0.013107,-0.000000,0.106418,0.013107,-0.000000,0.122545,-3.019047,0.122545,0.122545,0.142512,-2.862664,0.181373,0.186907,0.107201,-0.105914,0.107033,0.107000,0.139467,-0.132562,0.138589,0.133365,-1480.026001,309.423553,801.083862,1350.305542
53.5404,True,0.075312,0.013107,-0.000000,0.086792,0.013107,-0.000000,0.149881,-2.991712,0.149881,0.149881,0.142570,-2.862664,0.163698,0.181033,0.087774,-0.087046,0.087768,0.087734,0.139467,-0.133510,0.136663,0.124359,-1480.026001,309.382812,801.121521,1350.352905
53.5604,True,0.047374,0.008428,-0.000000,0.049643,0.008428,-0.000000,0.168163,-2.973430,0.168163,0.168163,0.142512,-2.862664,0.151175,0.180839,0.050337,-0.050045,0.050346,0.050349,0.139467,-0.117643,0.128286,0.117429,-1480.026001,309.357971,801.146362,1350.385620
53.5804,True,0.000000,0.000000,0.000000,0.024190,0.000900,-0.000000,0.037205,-3.104387,0.037205,0.037205,0.142512,-2.862664,0.151493,0.181228,0.024073,-0.023503,0.024049,0.023956,0.330012,-0.117643,0.120241,0.109730,-1485.292969,309.357971,801.152771,1350.396851
53.6004,True,0.000000,0.000000,0.000000,0.000046,0.000000,-0.000000,0.142512,-2.862664,0.151493,0.603809,0.142512,-2.862664,0.151493,0.603809,0.000000,0.000000,0.000000,0.000000,0.091885,-0.086548,0.088062,0.081625,-1479.929932,309.338318,801.164917,1350.410889
53.6204,True,0.000000,0.000000,0.000000,0.000000,0.000000,-0.000000,0.142512,-2.862664,0.144750,0.162498,0.142512,-2.862664,0.138645,0.162498,0.000000,0.000000,0.000000,0.000000,0.054491,-0.048160,0.060936,0.065916,-1479.937622,309.347809,801.159729,1350.399658
53.6404,True,0.000000,0.000000,0.000000,0.000000,0.000000,-0.000000,0.161062,-2.862664,0.138645,0.162498,0.130322,-2.862664,0.138645,0.162498,0.000000,0.000000,0.000000,0.000000,0.032182,-0.033067,0.033506,0.041731,-1479.945923,309.351715,801.153870,1350.390747
53.6605,True,0.000000,0.000000,0.000000,0.000000,0.000000,-0.000000,0.130262,-2.862664,0.139287,0.162759,0.130262,-2.862664,0.139287,0.162106,0.000000,0.000000,0.000000,0.000000,0.021229,-0.013995,0.014088,0.015881,-1479.947632,309.352539,801.153198,1350.391235
53.6804,True,0.000000,0.000000,0.000000,0.000000,0.000000,-0.000000,0.130322,-2.862664,0.132863,0.162563,0.130322,-2.862664,0.132863,0.162563,0.000000,0.000000,0.000000,0.000000,0.006516,-0.004428,0.002278,0.001545,-1479.947144,309.347107,801.152771,1350.392578
53.7004,True,0.000000,0.000000,0.000000,0.000000,0.000000,-0.000000,0.130262,-2.997647,0.133024,0.162563,0.130262,-2.997647,0.133024,0.162563,0.000000,0.000000,0.000000,0.000000,-0.004500,0.002540,-0.004325,-0.007227,-1479.947510,309.341370,801.151794,1350.392578
53.7213,True,0.000000,0.000000,0.000000,0.000000,0.000000,-0.000000,0.130322,-3.004114,0.133024,0.162759,0.130381,-3.004114,0.133024,0.162759,0.000000,0.000000,0.000000,0.000000,-0.007959,-0.000505,-0.006057,-0.007844,-1479.949097,309.344177,801.149841,1350.392578
53.7404,True,0.000000,0.000000,0.000000,0.000000,0.000000,-0.000000,0.130322,-3.004114,0.132381,0.162759,0.130322,-3.004114,0.132863,0.162759,0.000000,0.000000,0.000000,0.000000,-0.006434,-0.001187,-0.004873,-0.003202,-1479.959351,309.355896,801.144226,1350.386475
53.7604,True,0.000000,0.000000,0.000000,0.000000,0.000000,-0.000000,0.130322,-2.985293,0.133024,0.162759,0.130381,-2.985293,0.133024,0.162759,0.000000,0.000000,0.000000,0.000000,-0.006534,0.000778,-0.006272,-0.003197,-1479.962769,309.360626,801.134766,1350.378784
53.7805,True,0.000000,0.000000,0.000000,0.000000,0.000000,-0.000000,0.130322,-2.948947,0.133024,0.162759,0.130381,-2.948947,0.133024,0.162759,0.000000,0.000000,0.000000,0.000000,-0.008271,0.004598,-0.009316,-0.006711,-1479.965942,309.364258,801.132812,1350.377075
53.8004,True,0.000000,0.000000,0.000000,0.000000,0.000000,-0.000000,0.130322,-2.948947,0.133024,0.162759,0.130322,-2.948947,0.133024,0.162759,0.000000,0.000000,0.000000,0.000000,-0.008980,0.009504,-0.009839,-0.007589,-1479.963745,309.364258,801.133667,1350.378662
53.8204,True,0.000000,0.000000,0.000000,0.000000,0.000000,-0.000000,0.130322,-2.948947,0.132542,0.162563,0.130322,-2.948947,0.132542,0.162563,0.000000,0.000000,0.000000,0.000000,-0.008422,0.010971,-0.008955,-0.006887,-1479.962646,309.364105,801.134094,1350.380493
53.8407,True,0.000000,0.000000,0.000000,0.000000,0.000000,-0.000000,0.130262,-2.948947,0.133024,0.162759,0.130322,-2.948947,0.133024,0.162759,0.000000,0.000000,0.000000,0.000000,-0.006297,0.010735,-0.007547,-0.005251,-1479.959839,309.363831,801.134216,1350.382935
53.8604,True,0.000000,0.000000,0.000000,0.000000,0.000000,-0.000000,0.130322,-2.948947,0.132542,0.162106,0.130322,-2.960630,0.132542,0.162759,0.000000,0.000000,0.000000,0.000000,-0.001723,0.003356,-0.003724,-0.000717,-1479.958374,309.363556,801.134216,1350.384521
53.8804,True,0.000000,0.000000,0.000000,0.000000,0.000000,-0.000000,0.130262,-2.960630,0.132542,0.162759,0.130262,-2.960630,0.132863,0.162759,0.000000,0.000000,0.000000,0.000000,0.002544,0.001201,-0.000120,0.003177,-1479.957764,309.363556,801.134216,1350.385132
53.9004,True,0.000000,0.000000,0.000000,0.000000,0.000000,-0.000000,0.130322,-2.960630,0.132542,0.162563,0.130322,-2.960630,0.132542,0.162563,0.000000,0.000000,0.000000,0.000000,0.004011,-0.000530,0.000532,0.003997,-1479.956421,309.363281,801.134338,1350.386108
53.9204,True,0.000000,0.000000,0.000000,0.000000,0.000000,-0.000000,0.130262,-2.960630,0.133024,0.162106,0.130262,-2.960630,0.133024,0.162302,0.000000,0.000000,0.000000,0.000000,0.003797,-0.000466,0.000297,0.003769,-1479.956055,309.363129,801.134338,1350.387451
53.9404,True,0.000000,0.000000,0.000000,0.000000,0.000000,-0.000000,0.130322,-2.960656,0.133184,0.162302,0.130322,-2.960656,0.133184,0.162302,0.000000,0.000000,0.000000,0.000000,0.003078,-0.000428,0.000138,0.003382,-1479.955322,309.363129,801.134338,1350.388428
53.9604,True,0.000000,0.000000,0.000000,0.000000,0.000000,-0.000000,0.130262,-2.960656,0.132542,0.162302,0.130262,-2.960656,0.132542,0.162302,0.000000,0.000000,0.000000,0.000000,0.002093,-0.000351,0.000089,0.002520,-1479.955322,309.363129,801.134338,1350.388428
53.9804,True,0.000000,0.000000,0.000000,0.000000,0.000000,-0.000000,0.130322,-2.960683,0.133184,0.162302,0.130322,-2.960683,0.133184,0.162302,0.000000,0.000000,0.000000,0.000000,0.001460,-0.000271,0.000071,0.001839,-1479.955811,309.363007,801.134338,1350.387817
54.0004,True,0.000000,0.000000,0.033703,0.000000,0.000000,0.033703,-0.624410,-2.517182,-0.624410,0.624410,0.130322,-2.960630,0.133184,0.162302,-0.005144,-0.006379,0.005134,-0.006321,0.000850,-0.000248,0.000044,0.001160,-1479.956299,309.363007,801.134338,1350.387329
54.0204,True,0.000000,0.000000,0.218698,0.000000,0.000000,0.143992,-0.624410,-2.517182,-0.624410,0.624410,0.093687,-2.960656,0.120334,0.162302,-0.018120,-0.022214,0.017877,-0.022013,0.000249,-0.000230,0.000002,0.000097,-1479.954834,309.362152,801.134338,1350.384033
54.0404,True,0.000000,0.000000,0.304952,0.000000,0.000000,0.273530,-0.624410,-2.517182,-0.624410,0.624410,0.026312,-2.961305,0.120334,0.162302,-0.045603,-0.051771,0.042142,-0.051304,0.000165,-0.002705,0.000366,-0.003067,-1479.957275,309.340271,801.139221,1350.369995
54.0604,True,0.000000,0.000000,0.374643,0.000000,0.000000,0.360158,-0.624410,-2.517182,-0.624410,0.624410,-0.066087,-2.960656,0.120334,0.162302,-0.062226,-0.068166,0.055488,-0.067551,-0.001135,-0.008997,0.006619,-0.013611,-1479.958130,309.322540,801.167419,1350.335083
54.0804,True,0.000000,0.000000,0.424151,0.000000,0.000000,0.423461,-0.624410,-2.517182,-0.624410,0.624410,-0.151429,-2.917794,0.120334,0.162302,-0.078990,-0.081706,0.065241,-0.079425,-0.002394,-0.022022,0.019031,-0.029481,-1479.965576,309.299957,801.192261,1350.306885
54.1004,True,0.000000,0.000000,0.459675,0.000000,0.000000,0.459618,-0.624410,-2.517182,-0.624410,0.624410,-0.219350,-2.807460,0.120334,0.186907,-0.088514,-0.092278,0.070811,-0.086206,-0.005782,-0.038683,0.031588,-0.043874,-1479.976929,309.269806,801.214294,1350.280396
54.1204,True,0.000000,0.000000,0.469473,0.000000,0.000000,0.468732,-0.624410,-2.517182,-0.624410,0.624410,-0.280404,-2.807460,0.120334,0.321829,-0.091399,-0.094108,0.072215,-0.092001,-0.012811,-0.044664,0.043886,-0.057389,-1479.995728,309.258087,801.235779,1350.249634
54.1404,True,0.000000,0.000000,0.471922,0.000000,0.000000,0.471922,-0.624410,-2.517182,-0.624410,0.624410,-0.329812,-2.807460,0.120334,0.419908,-0.094626,-0.094749,0.072707,-0.096825,-0.027893,-0.054251,0.052494,-0.071513,-1480.028687,309.238556,801.254028,1350.213867
54.1604,True,0.000000,0.000000,0.472534,0.000000,0.000000,0.472534,-0.624410,-2.517182,-0.624410,0.624410,-0.372162,-2.807460,0.120334,0.211708,-0.095881,-0.094872,0.072801,-0.088915,-0.033131,-0.058013,0.056518,-0.077197,-1480.040405,309.217926,801.275269,1350.187378
54.1804,True,0.000000,0.000000,0.472687,0.000000,0.000000,0.472687,-0.624410,-2.517182,-0.624410,0.624410,-0.402962,-2.721790,0.120334,0.493820,-0.096355,-0.094902,0.072825,-0.093791,-0.042909,-0.054128,0.054587,-0.075467,-1480.060913,309.192932,801.298279,1350.162109
54.2004,True,0.000000,0.000000,0.472735,0.000000,0.000000,0.472735,-0.624410,-2.517182,-0.624410,0.624410,-0.433762,-2.690745,0.120334,0.512093,-0.097261,-0.097339,0.072832,-0.098363,-0.051802,-0.056271,0.053098,-0.074037,-1480.094360,309.152069,801.319885,1350.135010
54.2204,True,0.000000,0.000000,0.472738,0.000000,0.000000,0.472738,-0.624410,-2.517182,-0.624410,0.624410,-0.458145,-2.653759,0.120334,0.524334,-0.097691,-0.098134,0.072832,-0.098561,-0.053625,-0.058103,0.054832,-0.073480,-1480.105347,309.140472,801.350708,1350.105835
54.2405,True,0.000000,0.000000,0.472738,0.000000,0.000000,0.472738,-0.624410,-2.517182,-0.624410,0.624410,-0.476632,-2.623787,0.120334,0.536082,-0.097881,-0.098357,0.072833,-0.098616,-0.056793,-0.062331,0.061018,-0.072603,-1480.133911,309.107147,801.380188,1350.073853
54.2604,True,0.000000,0.000000,0.472738,0.000000,0.000000,0.472738,-0.624410,-2.517182,-0.624410,0.624410,-0.488822,-2.599124,0.120334,0.536577,-0.098148,-0.098724,0.072833,-0.098675,-0.060564,-0.069445,0.064725,-0.071818,-1480.177368,309.063049,801.409180,1350.042847
54.2805,True,0.000000,0.000000,0.472738,0.000000,0.000000,0.472738,-0.624410,-2.517182,-0.624410,0.624410,-0.513328,-2.574462,0.095918,0.548482,-0.098446,-0.098894,0.072833,-0.098776,-0.063037,-0.072424,0.069061,-0.073543,-1480.195190,309.044922,801.440735,1350.010376
54.3010,True,0.000000,0.000000,0.472738,0.000000,0.000000,0.472738,-0.624410,-2.517182,-0.624410,0.624410,-0.525908,-2.574462,-0.339179,0.555164,-0.098577,-0.098894,0.094346,-0.098819,-0.071426,-0.077530,0.072985,-0.076240,-1480.239136,309.008942,801.466919,1349.982178
54.3205,True,0.000000,0.000000,0.472738,0.000000,0.000000,0.472738,-0.624410,-2.517182,-0.624410,0.624410,-0.531809,-2.574462,-0.412956,0.560883,-0.098632,-0.098894,0.096592,-0.098856,-0.074548,-0.078922,0.074997,-0.077869,-1480.271606,308.981445,801.502625,1349.947632
54.3405,True,0.000000,0.000000,0.472738,0.000000,0.000000,0.472738,-0.624410,-2.517182,-0.624410,0.624410,-0.544000,-2.574462,-0.461887,0.566911,-0.098737,-0.098894,0.097327,-0.098896,-0.076028,-0.080593,0.077280,-0.079085,-1480.286865,308.945038,801.536682,1349.918335
54.3608,True,0.000000,0.000000,0.416589,0.000000,0.000000,0.434829,-0.624410,-2.517182,-0.624410,0.624410,-0.550416,-2.574462,-0.479876,0.573284,-0.093777,-0.093925,0.093099,-0.093927,-0.078720,-0.083239,0.081438,-0.080282,-1480.338501,308.891449,801.578003,1349.883789
54.3804,True,0.000000,0.000000,0.000000,0.000000,0.000000,0.353799,-0.624410,-2.517182,-0.624410,0.624410,-0.562736,-2.574462,-0.529159,0.573284,-0.073993,-0.074013,0.073798,-0.074037,-0.080557,-0.085295,0.081438,-0.083019,-1480.366821,308.874298,801.578003,1349.845825
54.4004,True,0.000000,0.000000,0.000000,0.000000,0.000000,0.148785,-0.624410,-2.517182,-0.624410,0.624410,-0.568380,-2.574462,-0.553758,0.579310,-0.031127,-0.031125,0.031098,-0.031144,-0.080376,-0.085449,0.081438,-0.083304,-1480.379761,308.850037,801.578003,1349.820557
54.4204,True,0.000000,0.000000,0.000000,0.000000,0.000000,0.005061,-0.624410,-2.517182,-0.624410,0.624410,-0.574928,-2.574462,-0.571658,0.579158,-0.001059,-0.001059,0.001059,-0.001059,-0.068998,-0.075396,0.081438,-0.078282,-1480.373779,308.847656,801.578003,1349.821899
54.4404,True,0.000000,0.000000,0.000000,0.000000,0.000000,0.000000,-0.580571,-2.555708,-0.578171,0.579158,-0.580571,-2.593283,-0.578171,0.579810,0.000000,0.000000,0.000000,0.000000,-0.047038,-0.066522,0.081438,-0.057555,-1480.358154,308.850739,801.578003,1349.839844
54.4604,True,0.000000,0.000000,0.000000,0.000000,0.000000,0.000000,-0.580703,-2.568688,-0.578726,0.579158,-0.580703,-2.562198,-0.578171,0.579158,0.000000,0.000000,0.000000,0.000000,-0.034724,-0.042578,0.081438,-0.034017,-1480.351318,308.864807,801.578003,1349.854858
54.4805,True,0.000000,0.000000,0.000000,0.000000,0.000000,0.000000,-0.580571,-2.562198,-0.578171,0.579158,-0.580703,-2.562198,-0.578171,0.579158,0.000000,0.000000,0.000000,0.000000,0.001306,-0.014662,0.081438,0.140267,-1480.336182,308.882812,801.578003,1350.000977
54.5005,True,0.000000,0.000000,0.000000,0.000000,0.000000,0.000000,-0.580835,-2.556289,-0.578171,0.579657,-0.580835,-2.556289,-0.578171,0.579657,0.000000,0.000000,0.000000,0.000000,0.018900,0.006874,0.081438,0.013562,-1480.325195,308.891449,801.578003,1349.873657
54.5205,True,0.000000,0.000000,0.000000,0.000000,0.000000,0.000000,-0.580835,-2.556289,-0.578083,0.579810,-0.580835,-2.555708,-0.578083,0.579158,0.000000,0.000000,0.000000,0.000000,0.025545,0.023486,0.081438,0.027146,-1480.320435,308.899414,801.578003,1349.883545
54.5404,True,0.000000,0.000000,0.000000,0.000000,0.000000,0.000000,-0.580703,-2.555708,-0.578171,0.579158,-0.580703,-2.555708,-0.578171,0.579158,0.000000,0.000000,0.000000,0.000000,0.025085,0.028351,0.081438,0.028660,-1480.323608,308.900543,801.578003,1349.883057
54.5604,True,0.000000,0.000000,0.000000,0.000000,0.000000,0.000000,-0.580703,-2.555708,-0.578638,0.579005,-0.580703,-2.556357,-0.578638,0.579657,0.000000,0.000000,0.000000,0.000000,0.015942,0.023055,0.081438,0.019490,-1480.323364,308.898163,801.578003,1349.880615
54.5805,True,0.000000,0.000000,0.000000,0.000000,0.000000,0.000000,-0.580703,-2.556289,-0.578083,0.579657,-0.580703,-2.550517,-0.578638,0.579005,0.000000,0.000000,0.000000,0.000000,0.011978,0.015282,0.081438,0.012582,-1480.321655,308.899841,801.578003,1349.884399
54.6005,True,0.000000,0.000000,0.000000,0.000000,0.000000,0.000000,-0.580703,-2.549868,-0.578083,0.579657,-0.580703,-2.549868,-0.578083,0.579657,0.000000,0.000000,0.000000,0.000000,0.008075,0.008115,0.081438,0.010013,-1480.320435,308.901794,801.578003,1349.887573
54.6205,True,0.000000,0.000000,0.000000,0.000000,0.000000,0.000000,-0.580703,-2.550448,-0.578083,0.579005,-0.580703,-2.550448,-0.578083,0.579005,0.000000,0.000000,0.000000,0.000000,0.004829,0.006263,-0.025522,0.006325,-1480.319214,308.902344,801.583008,1349.890015
54.6405,True,0.000000,0.000000,0.000000,0.000000,0.000000,0.000000,-0.580703,-2.550448,-0.578083,0.579005,-0.580703,-2.550448,-0.578083,0.579005,0.000000,0.000000,0.000000,0.000000,0.001329,0.006263,0.001597,0.003819,-1480.317139,308.902344,801.600464,1349.892456
54.6605,True,0.000000,0.000000,0.000000,0.000000,0.000000,0.000000,-0.580703,-2.550448,-0.578083,0.579005,-0.580703,-2.550448,-0.578083,0.346810,0.000000,0.000000,0.000000,0.000000,0.001881,0.006263,-0.001155,0.005208,-1480.315430,308.902344,801.580383,1349.893555
54.6805,True,0.000000,0.000000,0.000000,0.000000,0.000000,0.000000,-0.574928,-2.550448,-0.578083,0.579158,-0.574928,-2.550448,-0.578083,0.579158,0.000000,0.000000,0.000000,0.000000,0.001881,0.006263,-0.002421,0.005971,-1480.315430,308.902344,801.579224,1349.893799
54.7005,True,0.000000,0.000000,0.000000,0.000000,0.000000,0.000000,-0.574928,-2.550448,-0.578083,0.573284,-0.574928,-2.550448,-0.578083,0.573284,0.000000,0.000000,0.000000,0.000000,0.116949,0.006263,-0.002726,0.005375,-1479.952148,308.902344,801.578247,1349.893799
54.7205,True,0.000000,0.000000,0.000000,0.000000,0.000000,0.000000,-0.574928,-2.550448,-0.578638,0.573437,-0.574928,-2.550448,-0.578638,0.573437,0.000000,0.000000,0.000000,0.000000,0.004201,0.006263,-0.003635,0.003050,-1480.311157,308.902344,801.575317,1349.894165
54.7404,True,0.000000,0.000000,0.000000,0.000000,0.000000,0.000000,-0.574928,-2.550448,-0.578638,0.573437,-0.574928,-2.550448,-0.578638,0.573437,0.000000,0.000000,0.000000,0.000000,0.003847,0.002427,-0.004068,0.001789,-1480.310913,308.904144,801.573669,1349.894165
54.7604,True,0.000000,0.000000,0.000000,0.000000,0.000000,0.000000,-0.574928,-2.550448,-0.578638,0.573437,-0.574928,-2.550448,-0.578638,0.573437,0.000000,0.000000,0.000000,0.000000,0.002729,-0.121558,-0.004117,0.000811,-1480.310913,309.612457,801.572388,1349.894287
54.7804,True,0.000000,0.000000,0.000000,0.000000,0.000000,0.000000,-0.574796,-2.550448,-0.578638,0.419908,-0.574796,-2.550448,-0.578638,0.419908,0.000000,0.000000,0.000000,0.000000,0.001578,0.000412,-0.004090,0.000376,-1480.310913,308.905121,801.571411,1349.894287
54.8004,True,0.000000,0.000000,0.000000,0.000000,0.000000,0.000000,-0.575059,-2.550448,-0.578083,0.567410,-0.575059,-2.550448,-0.578083,0.567410,0.000000,0.000000,0.000000,0.000000,0.000794,0.000556,-0.003779,0.000376,-1480.310913,308.905701,801.571167,1349.894287
54.8204,True,0.000000,0.000000,0.000000,0.000000,0.000000,0.000000,-0.574928,-2.550448,-0.578638,0.560883,-0.574796,-2.550448,-0.578083,0.560883,0.000000,0.000000,0.000000,0.000000,0.000290,0.000796,-0.002916,0.000376,-1480.310913,308.906403,801.571167,1349.894287
54.8404,True,0.000000,0.000000,0.000000,0.000000,0.000000,0.000000,-0.574417,-2.550448,-0.578083,0.560728,-0.574417,-2.550448,-0.578083,0.560728,0.000000,0.000000,0.000000,0.000000,0.000048,0.001151,-0.001908,0.000376,-1480.310913,308.907379,801.571167,1349.894287
54.8604,True,0.000000,0.000000,0.000000,0.000000,0.000000,0.000000,-0.574417,-2.550448,-0.578083,0.560728,-0.574417,-2.550448,-0.578083,0.560728,0.000000,0.000000,0.000000,0.000000,0.000024,0.004486,-0.001136,0.000114,-1480.310913,308.902893,801.570984,1349.894531
54.8804,True,0.000000,0.000000,0.000000,0.000000,0.000000,0.000000,-0.574928,-2.550448,-0.578083,0.560728,-0.574796,-2.550448,-0.578083,0.579310,0.000000,0.000000,0.000000,0.000000,0.000032,0.001876,-0.000542,0.000125,-1480.310791,308.909027,801.570984,1349.894531
54.9004,True,0.000000,0.000000,0.000000,0.000000,0.000000,0.000000,-0.575059,-2.550448,-0.578083,0.560883,-0.575059,-2.550448,-0.578083,0.560883,0.000000,0.000000,0.000000,0.000000,0.000071,0.002004,-0.000164,0.000123,-1480.310791,308.909454,801.570984,1349.894531
54.9207,True,0.000000,0.000000,0.000000,0.000000,0.000000,0.000000,-0.574928,-2.550448,-0.578083,0.561226,-0.574928,-2.550448,-0.578083,0.561226,0.000000,0.000000,0.000000,0.000000,0.000071,0.001864,-0.000071,0.000074,-1480.310791,308.909454,801.570984,1349.894531
54.9404,True,0.000000,0.000000,0.000000,0.000000,0.000000,0.000000,-0.574417,-2.550448,-0.578171,0.561381,-0.575059,-2.550448,-0.578171,0.561381,0.000000,0.000000,0.000000,0.000000,0.000071,0.001462,-0.000071,0.000071,-1480.310791,308.909454,801.570984,1349.894531
54.9604,True,0.000000,0.000000,0.000000,0.000000,0.000000,0.000000,-0.575059,-2.550448,-0.578083,0.561226,-0.575059,-2.550448,-0.578083,0.561226,0.000000,0.000000,0.000000,0.000000,0.000062,0.000888,-0.000068,0.000062,-1480.310791,308.909454,801.570984,1349.894531
54.9804,True,0.000000,0.000000,0.000000,0.000000,0.000000,0.000000,-0.574928,-2.549799,-0.578083,0.560728,-0.574928,-2.549799,-0.578083,0.561226,0.000000,0.000000,0.000000,0.000000,0.000039,0.000344,-0.000025,0.000013,-1480.310791,308.909454,801.570984,1349.894531
55.0004,True,0.000000,0.000000,0.000000,0.000000,0.000000,0.000000,-0.574928,-2.556357,-0.578171,0.560728,-0.574928,-2.556357,-0.578171,0.560728,0.000000,0.000000,0.000000,0.000000,0.000000,0.000066,0.000000,0.000000,-1480.310791,308.909454,801.570984,1349.894531
55.0204,True,0.000000,0.000000,0.000000,0.000000,0.000000,0.000000,-0.575059,-2.550517,-0.578638,0.560728,-0.574928,-2.550517,-0.578638,0.560728,0.000000,0.000000,0.000000,0.000000,0.000000,0.000000,0.000000,0.000010,-1480.310791,308.909454,801.570984,1349.894653
55.0404,True,0.000000,0.000000,0.000000,0.000000,0.000000,0.000000,-0.575059,-2.550517,-0.578083,0.561381,-0.575059,-2.550517,-0.578171,0.561381,0.000000,0.000000,0.000000,0.000000,0.000000,0.000000,0.000000,0.000071,-1480.310791,308.909454,801.570984,1349.894653
55.0604,True,0.000000,0.000000,0.000000,0.000000,0.000000,0.000000,-0.575059,-2.556357,-0.578171,0.561381,-0.574417,-2.556357,-0.578171,0.560883,0.000000,0.000000,0.000000,0.000000,0.000000,0.000000,0.000000,0.000071,-1480.310791,308.909454,801.570984,1349.894653
55.0804,True,0.000000,0.000000,0.000000,0.000000,0.000000,0.000000,-0.574928,-2.555777,-0.578171,0.560728,-0.574928,-2.555777,-0.578171,0.560728,0.000000,0.000000,0.000000,0.000000,0.000000,0.000000,0.000000,0.000071,-1480.310791,308.909454,801.570984,1349.894653
55.1004,True,0.000000,0.000000,0.000000,0.000000,0.000000,0.000000,-0.574928,-2.555708,-0.578171,0.560883,-0.574928,-2.555708,-0.578171,0.560883,0.000000,0.000000,0.000000,0.000000,0.000000,0.000000,0.000000,0.000071,-1480.310791,308.909454,801.570984,1349.894653
55.1204,True,0.000000,0.000000,0.000000,0.000000,0.000000,0.000000,-0.574928,-2.555708,-0.578171,0.561381,-0.574928,-2.555708,-0.578171,0.560883,0.000000,0.000000,0.000000,0.000000,0.000000,0.000000,-0.000001,0.000041,-1480.310791,308.909454,801.570862,1349.894653
55.1404,True,0.000000,0.000000,0.000000,0.000000,0.000000,0.000000,-0.574928,-2.556426,-0.578083,0.560883,-0.574928,-2.556426,-0.578083,0.560883,0.000000,0.000000,0.000000,0.000000,0.000000,0.000000,-0.000048,0.000000,-1480.310791,308.909454,801.570862,1349.894653
55.1604,True,0.000000,0.000000,0.000000,0.000000,0.000000,0.000000,-0.574928,-2.556426,-0.578083,0.560883,-0.574928,-2.555777,-0.578083,0.560883,0.000000,0.000000,0.000000,0.000000,0.000000,0.000000,-0.000071,0.000000,-1480.310791,308.909454,801.570862,1349.894653
55.1804,True,0.000000,0.000000,0.000000,0.000000,0.000000,0.000000,-0.575059,-2.555777,-0.578083,0.561381,-0.575059,-2.555777,-0.578171,0.560728,0.000000,0.000000,0.000000,0.000000,0.000000,0.000000,-0.000071,0.000000,-1480.310791,308.909454,801.570862,1349.894653
55.2004,True,0.000000,0.000000,0.000000,0.000000,0.000000,0.000000,-0.574928,-2.556357,-0.578171,0.560728,-0.574928,-2.556357,-0.578171,0.560728,0.000000,0.000000,0.000000,0.000000,0.000000,0.000000,-0.000071,0.000000,-1480.310791,308.909454,801.570862,1349.894653
55.2204,True,0.000000,0.000000,0.000000,0.000000,0.000000,0.000000,-0.574928,-2.556357,-0.578083,0.560728,-0.574286,-2.555708,-0.578083,0.560728,0.000000,0.000000,0.000000,0.000000,0.000000,0.000000,-0.000070,0.000000,-1480.310791,308.909454,801.570862,1349.894653
55.2404,True,0.000472,0.000000,0.000000,0.000472,0.000000,0.000000,-0.574928,-2.556357,-0.578171,0.561071,-0.574928,-2.556357,-0.578171,0.561071,0.000000,0.000000,0.000000,0.000000,0.000000,0.000000,-0.000027,0.000000,-1480.310791,308.909454,801.570862,1349.894653
55.2604,True,0.003544,0.000000,0.000000,0.003544,0.000000,0.000000,0.000000,-3.141593,0.000000,0.000000,-0.574928,-2.556357,-0.571658,0.560728,0.002974,-0.002954,0.002968,0.003001,0.000000,0.000002,0.000000,0.000000,-1480.310791,308.909607,801.570862,1349.894653
55.2804,True,0.003697,0.000000,0.000000,0.003697,0.000000,0.000000,0.000000,-3.141593,0.000000,0.000000,-0.537839,-2.556426,-0.553577,0.524175,0.003128,-0.003081,0.003108,0.003155,0.000000,0.000082,0.000000,0.000594,-1480.310791,308.910858,801.570862,1349.899292
55.3004,True,0.003736,0.000000,0.000000,0.003736,0.000000,0.000000,0.000000,-3.141593,0.000000,0.000000,-0.470337,-2.556426,-0.492532,0.456623,0.003266,-0.003114,0.003236,0.003301,0.000000,0.002163,-0.000351,0.003265,-1480.310791,308.920471,801.567810,1349.908813
55.3204,True,0.003745,0.000000,0.000000,0.003745,0.000000,0.000000,0.000000,-3.141593,0.000000,0.000000,-0.397073,-2.556426,-0.418739,0.389233,0.003454,-0.003122,0.003422,0.003465,-0.000217,0.008481,-0.002124,0.008315,-1480.312500,308.931915,801.563049,1349.919189
55.3404,True,0.003748,0.000000,0.000000,0.003748,0.000000,0.000000,0.000000,-3.141593,0.000000,0.000000,-0.335480,-2.556357,-0.357700,0.340106,0.003539,-0.003125,0.003511,0.003534,-0.000592,0.010500,-0.004366,0.013655,-1480.313354,308.936096,801.558472,1349.928467
55.3605,True,0.003749,0.000000,0.000000,0.003749,0.000000,0.000000,0.000000,-3.141593,0.000000,0.000000,-0.286820,-2.556357,-0.302443,0.291334,0.003595,-0.003125,0.003550,0.003564,-0.001252,0.014560,-0.007312,0.018087,-1480.313477,308.945740,801.549805,1349.939331
55.3804,True,0.003749,0.000000,0.000000,0.003749,0.000000,0.000000,0.000000,-3.141593,0.000000,0.000000,-0.237315,-2.555777,-0.259274,0.254598,0.003644,-0.003124,0.003605,0.003628,-0.000843,0.022083,-0.011727,0.023823,-1480.311401,308.963165,801.540894,1349.954224
55.4004,True,0.000000,0.000000,0.000000,0.000000,0.000000,0.000000,-0.225029,-2.556426,-0.241404,0.242196,-0.206612,-2.617297,-0.222647,0.224109,0.000000,0.000000,0.000000,0.000000,-0.000477,0.023408,-0.015798,0.028336,-1480.310913,308.966949,801.532654,1349.966675
55.4207,True,0.000000,0.000000,0.000000,0.000000,0.000000,0.000000,-0.194969,-2.697181,-0.204138,0.217392,-0.194420,-2.697181,-0.204138,0.217392,0.000000,0.000000,0.000000,0.000000,-0.000042,0.023340,-0.017776,0.028463,-1480.310791,308.972504,801.527649,1349.971924
55.4404,True,0.000000,0.000000,0.000000,0.000000,0.000000,0.000000,-0.194328,-2.697181,-0.204012,0.217583,-0.194328,-2.727681,-0.204012,0.217583,0.000000,0.000000,0.000000,0.000000,0.000570,0.019556,-0.017735,0.025991,-1480.310791,308.972656,801.525391,1349.972778
55.4604,True,0.000000,0.000000,0.000000,0.000000,0.000000,0.000000,-0.194420,-2.850334,-0.204138,0.217392,-0.194420,-2.850334,-0.204138,0.217392,0.000000,0.000000,0.000000,0.000000,0.001260,0.017513,-0.017097,0.021061,-1480.310791,308.973633,801.524841,1349.971924
55.4806,True,0.000000,0.000000,0.000000,0.000000,0.000000,0.000000,-0.194328,-2.911985,-0.204138,0.217392,-0.194969,-2.911985,-0.204654,0.217392,0.000000,0.000000,0.000000,0.000000,0.000791,0.010304,-0.017097,0.000194,-1480.310791,308.975159,801.524841,1349.894409
55.5004,True,0.000000,0.000000,0.000000,0.000000,0.000000,0.000000,-0.194328,-2.941865,-0.204654,0.217854,-0.194328,-2.941865,-0.204654,0.217854,0.000000,0.000000,0.000000,0.000000,0.000247,0.005527,-0.017097,0.008301,-1480.310791,308.975311,801.524841,1349.973022
55.5203,True,0.000000,0.000000,0.000000,0.000000,0.000000,0.000000,-0.194420,-2.905495,-0.204654,0.218045,-0.194420,-2.880870,-0.204012,0.217392,0.000000,0.000000,0.000000,0.000000,0.000087,0.003507,-0.017097,0.002860,-1480.310791,308.975311,801.524841,1349.973022
55.5405,True,0.000000,0.000000,0.000000,0.000000,0.000000,0.000000,-0.194420,-2.856824,-0.204138,0.217583,-0.194328,-2.856824,-0.204138,0.217583,0.000000,0.000000,0.000000,0.000000,0.000002,0.001506,-0.017097,0.000508,-1480.310791,308.975433,801.524841,1349.973022
55.5604,True,0.000000,0.000000,0.000000,0.000000,0.000000,0.000000,-0.194513,-2.856824,-0.204138,0.217583,-0.194513,-2.856824,-0.204138,0.217583,0.000000,0.000000,0.000000,0.000000,0.000000,0.001149,-0.017097,0.000235,-1480.310791,308.975433,801.524841,1349.973022
55.5804,True,0.000000,0.000000,0.000000,0.000000,0.000000,0.000000,-0.194420,-2.862664,-0.204138,0.217583,-0.194877,-2.862701,-0.204138,0.217583,0.000000,0.000000,0.000000,0.000000,0.000000,0.000749,-0.017097,0.000414,-1480.310791,308.975433,801.524841,1349.973022
55.6004,True,0.000000,0.000000,0.000000,0.000000,0.000000,0.000000,-0.194420,-2.893232,-0.204138,0.217392,-0.194420,-2.880870,-0.204138,0.217583,0.000000,0.000000,0.000000,0.000000,0.000000,0.000133,-0.017097,0.000080,-1480.310791,308.975433,801.524841,1349.973022
55.6204,True,0.000000,0.000000,0.000000,0.000000,0.000000,0.000000,-0.194420,-2.856824,-0.204138,0.217392,-0.194420,-2.856824,-0.204138,0.217392,0.000000,0.000000,0.000000,0.000000,0.000000,0.000073,-0.017097,-0.000023,-1480.310791,308.975433,801.524841,1349.973022
55.6404,True,0.000000,0.000000,0.000000,0.000000,0.000000,0.000000,-0.194513,-2.862664,-0.204138,0.217583,-0.194513,-2.862664,-0.204138,0.217583,0.000000,0.000000,0.000000,0.000000,0.000000,0.000042,-0.017097,0.000000,-1480.310791,308.975433,801.524841,1349.973022
55.6606,True,0.000000,0.000000,0.000000,0.000000,0.000000,0.000000,-0.194513,-2.862664,-0.204138,0.217583,-0.194513,-2.862664,-0.204138,0.217583,0.000000,0.000000,0.000000,0.000000,0.000000,0.000042,-0.000220,0.000000,-1480.310791,308.975433,801.523010,1349.973022
55.6804,True,0.000000,0.000000,0.000000,0.000000,0.000000,0.000000,-0.194513,-2.862664,-0.204138,0.217583,-0.194513,-2.862664,-0.204138,0.217583,0.000000,0.000000,0.000000,0.000000,0.000000,0.000042,-0.000688,0.000000,-1480.310791,308.975433,801.522583,1349.973022
55.7004,True,0.000000,0.000000,0.000000,0.000000,0.000000,0.000000,-0.194420,-2.862664,-0.204138,0.217583,-0.574665,-2.862664,-0.204138,0.217583,0.000000,0.000000,0.000000,0.000000,0.000000,0.002420,0.000162,0.000000,-1480.310791,308.904022,801.522766,1349.973022
55.7209,True,0.000000,0.014627,0.000000,0.000000,0.013267,0.000000,-1.570796,-1.570796,-1.570796,1.570796,-0.200837,-2.862664,-0.204138,0.217583,-0.002063,-0.002941,-0.002165,0.002306,0.000004,0.000000,-0.000087,0.000000,-1480.310669,308.975433,801.522461,1349.973022
55.7404,True,0.000000,0.020505,0.000000,0.000000,0.018156,0.000000,-1.570796,-1.570796,-1.570796,1.570796,-0.225124,-2.862664,-0.204138,0.573437,-0.004053,-0.004999,-0.003681,0.009850,0.000025,-0.000012,-0.000175,0.000000,-1480.310669,308.975159,801.523132,1349.973022
55.7604,True,0.000000,0.021975,0.000000,0.000000,0.021975,0.000000,-1.570796,-1.570796,-1.570796,1.570796,-0.299012,-2.862701,-0.204138,0.334231,-0.005687,-0.006050,-0.004455,0.007209,0.000102,-0.000329,0.000094,-0.000045,-1480.310547,308.971252,801.523315,1349.972778
55.7804,True,0.000000,0.022342,0.000000,0.000000,0.022342,0.000000,-1.570796,-1.570796,-1.570796,1.570796,-0.299012,-2.715949,-0.204138,0.463148,-0.006582,-0.007967,-0.004529,0.009982,0.000457,-0.007506,0.000253,-0.001898,-1480.306274,308.947540,801.523560,1349.958862
55.8004,True,0.000000,0.022434,0.000000,0.000000,0.022434,0.000000,-1.570796,-1.570796,-1.570796,1.570796,-0.299012,-2.862664,-0.204138,0.622233,-0.006609,-0.006163,-0.004548,0.013076,0.004782,-0.015854,0.000366,-0.009884,-1480.288208,308.932770,801.523560,1349.935547
55.8204,True,0.000000,0.022457,0.000000,0.000000,0.022457,0.000000,-1.570796,-1.570796,-1.570796,1.570796,-0.299012,-2.863313,-0.204138,0.763209,-0.006615,-0.006181,-0.004553,0.014497,0.013954,-0.019963,0.000559,-0.020127,-1480.267700,308.927734,801.524963,1349.922974
55.8404,True,0.000000,0.022464,0.000000,0.000000,0.022464,0.000000,-1.570796,-1.570796,-1.570796,1.570796,-0.299012,-2.850983,-0.204138,0.830560,-0.006617,-0.006437,-0.004554,0.016586,0.028667,-0.024703,0.001823,-0.026145,-1480.240479,308.921173,801.529846,1349.916382
55.8604,True,0.000000,0.022465,0.000000,0.000000,0.022465,0.000000,-1.570796,-1.570796,-1.570796,1.570796,-0.715948,-2.850983,-0.204138,0.830560,-0.013342,-0.006437,-0.004554,0.016586,0.032887,-0.028722,0.003814,-0.029041,-1480.233643,308.909882,801.534058,1349.912109
55.8804,True,0.000000,0.022465,0.000000,0.000000,0.022465,0.000000,-1.570796,-1.570796,-1.570796,1.570796,-1.071117,-2.850983,-0.204138,0.217583,-0.019168,-0.006437,-0.004554,0.011959,0.040227,-0.028214,0.006068,-0.029973,-1480.222778,308.906952,801.539368,1349.905151
55.9005,True,0.000000,0.022465,0.000000,0.000000,0.022465,0.000000,-1.570796,-1.570796,-1.570796,1.570796,-1.144537,-2.777002,-0.204138,1.149491,-0.020455,-0.007104,-0.004554,0.020500,0.036394,-0.021602,0.008410,-0.025245,-1480.220703,308.894958,801.543518,1349.896851
55.9204,True,0.000000,0.022465,0.000000,0.000000,0.022465,0.000000,-1.570796,-1.570796,-1.570796,1.570796,-1.212350,-2.549868,-0.204138,1.204886,-0.021037,-0.010877,-0.004554,0.020978,0.032171,-0.020191,0.010697,-0.018936,-1480.221069,308.889099,801.549133,1349.892456
55.9404,True,0.000000,0.022465,0.000000,0.000000,0.022465,0.000000,-1.570796,-1.570796,-1.570796,1.570796,-1.267082,-2.323475,-0.204138,1.247484,-0.021437,-0.015129,-0.004554,0.021166,0.021683,-0.020365,0.011955,-0.015062,-1480.220703,308.878357,801.552734,1349.891235
55.9605,True,0.000000,0.022465,0.000000,0.000000,0.022465,0.000000,-1.570796,-1.570796,-1.570796,1.570796,-1.316486,-1.801622,-0.204138,1.290560,-0.021742,-0.021869,-0.004554,0.021589,0.012876,-0.021899,0.011283,-0.012413,-1480.219971,308.869843,801.553711,1349.890991
55.9804,True,0.000000,0.024804,0.000000,0.000000,0.024804,0.000000,-1.570796,-1.570796,-1.570796,1.570796,-1.334659,-1.771920,-0.204138,1.308758,-0.024116,-0.024304,-0.005028,0.023958,0.005727,-0.022135,0.009426,-0.009842,-1480.219482,308.859802,801.554016,1349.891235
56.0007,True,0.000000,0.025389,0.000000,0.000000,0.025389,0.000000,-1.570796,-1.570796,-1.570796,1.570796,-1.377651,-1.771920,-0.909623,1.345963,-0.024856,-0.024878,-0.019253,0.024678,0.001503,-0.022176,0.007016,-0.006183,-1480.220093,308.855896,801.554260,1349.891602
56.0204,True,0.000000,0.025536,0.000000,0.000000,0.025536,0.000000,-1.570796,-1.570796,-1.570796,1.570796,-1.402460,-1.771920,-1.160847,1.370114,-0.025119,-0.025021,-0.023095,0.024958,0.001503,-0.021596,0.004135,-0.002106,-1480.220093,308.840973,801.550354,1349.892334
56.0404,True,0.000000,0.025572,0.000000,0.000000,0.025572,0.000000,-1.570796,-1.570796,-1.570796,1.570796,-1.420643,-1.771920,-1.264310,1.388391,-0.025284,-0.025057,-0.024190,0.025120,0.001503,-0.021426,0.000007,0.000209,-1480.220093,308.832733,801.547180,1349.893677
56.0604,True,0.000000,0.025584,0.000000,0.000000,0.025584,0.000000,-1.570796,-1.570796,-1.570796,1.570796,-1.439031,-1.771920,-1.356815,1.406734,-0.025362,-0.025068,-0.024898,0.025215,0.001503,-0.020191,-0.003160,0.001400,-1480.220093,308.829254,801.544617,1349.895142
56.0804,True,0.000000,0.025584,0.000000,0.000000,0.025584,0.000000,-1.570796,-1.570796,-1.570796,1.570796,-1.451663,-1.771920,-1.411432,1.419135,-0.025403,-0.025068,-0.025260,0.025290,0.001503,-0.018557,-0.004787,0.002155,-1480.220093,308.825470,801.542847,1349.896240
56.1004,True,0.000000,0.025584,0.000000,0.000000,0.025584,0.000000,-1.570796,-1.570796,-1.570796,1.570796,-1.463634,-1.691633,-1.448053,1.425009,-0.025437,-0.025398,-0.025392,0.025313,0.001503,-0.017740,-0.005744,0.002441,-1480.220093,308.822968,801.541870,1349.896362
56.1206,True,0.000000,0.025584,0.000000,0.000000,0.025584,0.000000,-1.570796,-1.570796,-1.570796,1.570796,-1.475602,-1.667288,-1.454478,1.425009,-0.025454,-0.025449,-0.025411,0.025313,0.001503,-0.016297,-0.005750,0.002477,-1480.220093,308.818207,801.540588,1349.897095
56.1404,True,0.000000,0.030263,0.000000,0.000000,0.026771,0.000000,-1.570796,-1.570796,-1.570796,1.570796,-1.482243,-1.716115,-1.466686,1.425009,-0.026666,-0.026414,-0.026626,0.026487,0.001503,-0.012905,-0.004862,0.002476,-1480.220093,308.808441,801.538086,1349.898560
56.1605,True,0.000000,0.031433,0.000000,0.000000,0.031433,0.000000,-1.570796,-1.570796,-1.570796,1.570796,-1.488018,-1.691633,-1.473107,1.425009,-0.031325,-0.031154,-0.031283,0.031100,0.001503,-0.012511,-0.004597,0.002566,-1480.220093,308.803162,801.535278,1349.901001
56.1804,True,0.000000,0.031726,0.000000,0.000000,0.031726,0.000000,-1.570796,-1.570796,-1.570796,1.570796,-1.488018,-1.691633,-1.473107,1.425009,-0.031617,-0.031494,-0.031574,0.031389,-0.003270,-0.012511,-0.004597,0.002566,-1480.228149,308.803162,801.535278,1349.901001
56.2004,True,0.000000,0.031799,0.000000,0.000000,0.031799,0.000000,-1.570796,-1.570796,-1.570796,1.570796,-1.488018,-1.691633,-1.473107,1.425009,-0.031690,-0.031567,-0.031647,0.031461,-0.006319,-0.013336,-0.000340,0.004517,-1480.244995,308.797028,801.523010,1349.908813
56.2204,True,0.000000,0.034156,0.000000,0.000000,0.034156,0.000000,-1.570796,-1.570796,-1.570796,1.570796,-1.292310,-1.691633,-1.473107,1.425009,-0.028241,-0.033907,-0.033994,0.033794,-0.007110,-0.019738,-0.008337,0.006790,-1480.247681,308.778168,801.522034,1349.914307
56.2404,True,0.000000,0.034746,0.000000,0.000000,0.034746,0.000000,-1.570796,-1.570796,-1.570796,1.570796,-1.506399,-1.691633,-1.485319,1.425009,-0.034674,-0.034493,-0.034619,0.034377,-0.009172,-0.020417,-0.009760,0.009084,-1480.254150,308.770233,801.517273,1349.919067
56.2605,True,0.000000,0.034930,0.000000,0.000000,0.034930,0.000000,-1.570796,-1.570796,-1.570796,1.570796,-1.506626,-1.691633,-1.497527,1.425009,-0.034858,-0.034675,-0.034836,0.034560,-0.011341,-0.020938,-0.010867,0.010694,-1480.260986,308.759216,801.511841,1349.923706
56.2804,True,0.000000,0.034939,0.000000,0.000000,0.034939,0.000000,-1.570796,-1.570796,-1.570796,1.570796,-1.506399,-1.636302,-1.497533,1.425009,-0.034867,-0.034832,-0.034846,0.034569,-0.013485,-0.018696,-0.012230,0.011650,-1480.267822,308.752502,801.504456,1349.927856
56.3005,True,0.000000,0.034942,0.000000,0.000000,0.034942,0.000000,-1.570796,-1.570796,-1.570796,1.570796,-1.506626,-1.660799,-1.497527,1.425009,-0.034870,-0.034879,-0.034848,0.034571,-0.015335,-0.017986,-0.013954,0.012134,-1480.275513,308.748322,801.496399,1349.932861
56.3205,True,0.000000,0.034942,0.000000,0.000000,0.034942,0.000000,-1.570796,-1.570796,-1.570796,1.570796,-1.512628,-1.655120,-1.497514,1.425009,-0.034883,-0.034818,-0.034848,0.034572,-0.017047,-0.018925,-0.015234,0.012339,-1480.284058,308.736877,801.490234,1349.939575
56.3404,True,0.000000,0.034942,0.000000,0.000000,0.034942,0.000000,-1.570796,-1.570796,-1.570796,1.570796,-1.512401,-1.643114,-1.503303,1.425009,-0.034883,-0.034836,-0.034863,0.034572,-0.016969,-0.019057,-0.016345,0.013111,-1480.286743,308.728943,801.483826,1349.947388
56.3604,True,0.000000,0.034942,0.000000,0.000000,0.034942,0.000000,-1.570796,-1.570796,-1.570796,1.570796,-1.518817,-1.636787,-1.503303,1.425009,-0.034884,-0.034866,-0.034863,0.034572,-0.016224,-0.018937,-0.017366,0.014761,-1480.292236,308.725861,801.476257,1349.955322
56.3804,True,0.000000,0.034942,0.000000,0.000000,0.034942,0.000000,-1.570796,-1.570796,-1.570796,1.570796,-1.518817,-1.636787,-1.509727,1.425009,-0.034895,-0.034866,-0.034877,0.034572,-0.015756,-0.018621,-0.018065,0.016235,-1480.299194,308.720276,801.469055,1349.961548
56.4004,True,0.000000,0.034942,0.000000,0.000000,0.034942,0.000000,-1.570796,-1.570796,-1.570796,1.570796,-1.518589,-1.623973,-1.509727,1.425009,-0.034895,-0.034880,-0.034877,0.034572,-0.015882,-0.017251,-0.017893,0.017140,-1480.306274,308.712616,801.462036,1349.967163
56.4204,True,0.000000,0.034942,0.000000,0.000000,0.034942,0.000000,-1.570796,-1.570796,-1.570796,1.570796,-1.518589,-1.623973,-1.509735,1.498760,-0.034895,-0.034893,-0.034877,0.034852,-0.015649,-0.016599,-0.017515,0.017416,-1480.312256,308.709961,801.455200,1349.973022
56.4404,True,0.000000,0.034942,0.000000,0.000000,0.034942,0.000000,-1.570796,-1.570796,-1.570796,1.570796,-1.518589,-1.623973,-1.509735,1.505230,-0.034895,-0.034893,-0.034877,0.034867,-0.015387,-0.015082,-0.017323,0.017220,-1480.316772,308.700043,801.450623,1349.975952
56.4604,True,0.000000,0.034942,0.000000,0.000000,0.034942,0.000000,-1.570796,-1.570796,-1.570796,1.570796,-1.518589,-1.623973,-1.509735,1.498817,-0.034895,-0.034893,-0.034877,0.034880,-0.015529,-0.014778,-0.016488,0.017220,-1480.323364,308.693787,801.445862,1349.975952
56.4804,True,0.000000,0.034942,0.000000,0.000000,0.034942,0.000000,-1.570796,-1.570796,-1.570796,1.570796,-1.518817,-1.623973,-1.509735,1.511048,-0.034895,-0.034893,-0.034877,0.034868,-0.015907,-0.014783,-0.015058,0.017220,-1480.330811,308.690979,801.440979,1349.975952
56.5004,True,0.000000,0.034942,0.000000,0.000000,0.034942,0.000000,-1.570796,-1.570796,-1.570796,1.570796,-1.518589,-1.623973,-1.515517,1.511048,-0.034895,-0.034893,-0.034889,0.034880,-0.015895,-0.014926,-0.013953,0.017220,-1480.337524,308.685394,801.435242,1349.975952
56.5204,True,0.000000,0.034942,0.000000,0.000000,0.034942,0.000000,-1.570796,-1.570796,-1.570796,1.570796,-1.518817,-1.623973,-1.485319,1.511104,-0.034895,-0.034893,-0.034889,0.034880,-0.015838,-0.015285,-0.013813,0.017220,-1480.343140,308.676605,801.427734,1349.975952
56.5404,True,0.000000,0.034942,0.000000,0.000000,0.034942,0.000000,-1.570796,-1.570796,-1.570796,1.570796,-1.518817,-1.623973,-1.485319,1.511104,-0.034895,-0.034893,-0.034815,0.034880,-0.016129,-0.015285,-0.013813,0.015510,-1480.349609,308.676605,801.427734,1349.988281
56.5604,True,0.000000,0.034942,0.000000,0.000000,0.034942,0.000000,-1.570796,-1.570796,-1.570796,1.570796,-1.500209,-1.623973,-1.485319,1.511104,-0.034841,-0.034893,-0.034815,0.034880,-0.015753,-0.014743,-0.014297,0.012425,-1480.355835,308.664612,801.417847,1350.009155
56.5804,True,0.000000,0.034942,0.000000,0.000000,0.034942,0.000000,-1.570796,-1.570796,-1.570796,1.570796,-1.518589,-1.623973,-1.485319,1.505230,-0.034895,-0.034893,-0.034815,0.034867,-0.004453,-0.014850,-0.014239,0.012210,-1480.233032,308.658051,801.412781,1350.015503
56.6004,True,0.000000,0.034942,0.000000,0.000000,0.034942,0.000000,-1.570796,-1.570796,-1.570796,1.570796,-1.518817,-1.623973,-1.521951,1.517576,-0.034895,-0.034893,-0.034901,0.034867,-0.013994,-0.015146,-0.014671,0.013035,-1480.364258,308.654846,801.405151,1350.023193
56.6204,True,0.000000,0.025584,0.000000,0.000000,0.025584,0.000000,-1.570796,-1.570796,-1.570796,1.570796,-1.518589,-1.623973,-1.521951,1.517631,-0.025549,-0.025548,-0.025554,0.025548,-0.013754,-0.015828,-0.015130,0.014384,-1480.371338,308.645782,801.397766,1350.030518
56.6404,True,0.000000,0.023245,0.000000,0.000000,0.023245,0.000000,-1.570796,-1.570796,-1.570796,1.570796,-1.524364,-1.623973,-1.527725,1.517034,-0.023220,-0.023212,-0.023223,0.023211,-0.014023,-0.015828,-0.015218,0.015522,-1480.375610,308.645782,801.393127,1350.034912
56.6608,True,0.000000,0.017981,0.000000,0.000000,0.017981,0.000000,-1.570796,-1.570796,-1.570796,1.570796,-1.525005,-1.623973,-1.515525,1.517089,-0.017962,-0.017955,-0.017953,0.017955,-0.012890,-0.015828,-0.014461,0.015120,-1480.375244,308.643280,801.392151,1350.035156
56.6804,True,0.000000,0.016336,0.000000,0.000000,0.016336,0.000000,-1.570796,-1.570796,-1.570796,1.570796,-1.531421,-1.623973,-1.527734,1.517034,-0.016323,-0.016313,-0.016311,0.016312,-0.010652,-0.009783,-0.012076,0.012107,-1480.373901,308.645782,801.394958,1350.032471
56.7004,True,0.000000,0.013914,0.000000,0.000000,0.013914,0.000000,-1.570796,-1.570796,-1.570796,1.570796,-1.530780,-1.623973,-1.515509,1.517034,-0.013903,-0.013894,-0.013893,0.013894,-0.006929,-0.007359,-0.007925,0.007270,-1480.371216,308.646912,801.397888,1350.029419
56.7214,True,0.000000,0.013309,0.000000,0.000000,0.013309,0.000000,-1.570796,-1.570796,-1.570796,1.570796,-1.531009,-1.623973,-1.528368,1.517034,-0.013298,-0.013290,-0.013296,0.013289,-0.000538,-0.001076,-0.002831,0.002287,-1480.369263,308.648590,801.399719,1350.027954
56.7404,True,0.000000,0.006139,0.000000,0.000000,0.006139,0.000000,-1.570796,-1.570796,-1.570796,1.570796,-1.530780,-1.606287,-1.528368,1.517034,-0.006134,-0.006135,-0.006133,0.006130,0.001337,0.001635,0.001708,-0.001826,-1480.369019,308.649414,801.400513,1350.027222
56.7604,True,0.000000,0.003898,0.000000,0.000000,0.003898,0.000000,-1.570796,-1.570796,-1.570796,1.570796,-1.531421,-1.605638,-1.528358,1.517089,-0.003895,-0.003896,-0.003894,0.003892,0.003665,0.003293,0.004096,-0.004133,-1480.367065,308.651520,801.402466,1350.025269
56.7805,True,0.000000,0.003786,0.000000,0.000000,0.003786,0.000000,-1.570796,-1.570796,-1.570796,1.570796,-1.531009,-1.605638,-1.527725,1.517034,-0.003783,-0.003784,-0.003782,0.003780,0.004772,0.003811,0.005233,-0.005123,-1480.363647,308.653168,801.405945,1350.021362
56.8004,True,0.000472,0.003758,0.000000,0.000472,0.003758,0.000000,-1.695720,-1.695720,-1.695720,1.445873,-1.530780,-1.606120,-1.534150,1.517089,-0.003736,-0.003772,-0.003738,0.003778,0.005100,0.004993,0.005858,-0.005792,-1480.360718,308.658905,801.410583,1350.016846
56.8206,True,0.000590,0.003751,0.000000,0.000590,0.003751,0.000000,-1.726784,-1.726784,-1.726784,1.414809,-1.537196,-1.606287,-1.540565,1.511216,-0.003724,-0.003770,-0.003727,0.003777,0.005466,0.005541,0.006576,-0.006546,-1480.358032,308.660706,801.414490,1350.013916
56.8406,True,0.003551,0.003749,0.000000,0.003551,0.003749,0.000000,-2.238928,-2.238928,-2.238928,0.902664,-1.561577,-1.605804,-1.570774,1.505286,-0.003686,-0.003850,-0.003676,0.003919,0.006582,0.007111,0.007877,-0.007044,-1480.353882,308.664612,801.418396,1350.013550
56.8604,True,0.003699,0.000937,0.000000,0.003699,0.002572,0.000000,-2.534099,-2.534099,-2.534099,0.607494,-1.598148,-1.606287,-1.582982,1.486534,-0.002672,-0.002701,-0.002617,0.002831,0.006974,0.008198,0.009192,-0.006688,-1480.352295,308.671448,801.421997,1350.013672
56.8804,True,0.003736,0.000234,0.000000,0.003736,0.000234,0.000000,-3.078966,-3.078966,-3.078966,0.062627,-1.665759,-1.612127,-1.638218,1.419200,-0.000428,-0.000388,-0.000373,0.000659,0.007873,0.009621,0.010257,-0.005228,-1480.345947,308.677734,801.429382,1350.014648
56.9004,True,0.003746,0.000059,0.000000,0.003746,0.000059,0.000000,-3.125955,-3.125955,-3.125955,0.015637,-1.770097,-1.612293,-1.681287,1.314709,-0.000799,-0.000214,-0.000471,0.001005,0.011223,0.012856,0.012549,-0.001868,-1480.331421,308.688751,801.440430,1350.026733
56.9204,True,0.003748,0.000015,0.000000,0.003748,0.000015,0.000000,-3.137685,-3.137685,-3.137685,0.003907,-1.899058,-1.617968,-1.828424,1.254011,-0.001002,-0.000191,-0.000969,0.001181,0.013292,0.017108,0.016208,0.008436,-1480.322388,308.704254,801.452271,1350.052002
56.9404,True,0.003748,0.000004,0.000000,0.003748,0.000004,0.000000,-3.140616,-3.140616,-3.140616,0.000977,-2.046266,-1.820586,-1.969135,1.026990,-0.001447,-0.000180,-0.001221,0.000249,0.019715,0.023535,0.020629,0.021350,-1480.306030,308.720276,801.469849,1350.073242
56.9604,True,0.000000,0.000000,0.000000,0.000000,0.000000,0.000000,-2.199327,-1.820586,-2.042963,0.879504,-2.199327,-1.820586,-2.129051,0.879504,0.000000,0.000000,0.000000,0.000000,0.029015,0.032919,0.028143,0.033287,-1480.286865,308.740509,801.488403,1350.098755
56.9804,True,0.000000,0.000000,0.000000,0.000000,0.000000,0.000000,-2.241974,-1.888071,-2.208795,0.848832,-2.254807,-1.888071,-2.208795,0.843084,0.000000,0.000000,0.000000,0.000000,0.030687,0.034140,0.033424,0.043538,-1480.286133,308.740936,801.493591,1350.105469
57.0004,True,0.000000,0.000000,0.000000,0.000000,0.000000,0.000000,-2.248390,-1.888071,-2.214577,0.848832,-2.248390,-2.298168,-2.214577,0.848832,0.000000,0.000000,0.000000,0.000000,0.029077,0.030769,0.031137,0.044919,-1480.287109,308.736328,801.493042,1350.106079
57.0204,True,0.000000,0.000000,0.000000,0.000000,0.000000,0.000000,-2.248390,-2.353973,-2.208795,0.848832,-2.248390,-2.353973,-2.208795,0.848832,0.000000,0.000000,0.000000,0.000000,0.023514,0.021440,0.025457,0.037722,-1480.286987,308.729767,801.493713,1350.105835
57.0405,True,0.000000,0.000000,0.000000,0.000000,0.000000,0.000000,-2.248390,-2.366301,-2.208310,0.848707,-2.248089,-2.366301,-2.208310,0.848957,0.000000,0.000000,0.000000,0.000000,0.016382,0.006710,0.019013,0.030716,-1480.286133,308.730194,801.495667,1350.106079
57.0604,True,0.000000,0.000000,0.000000,0.000000,0.000000,0.000000,-2.248089,-2.366301,-2.208231,0.848957,-2.248089,-2.366301,-1.515509,0.848832,0.000000,0.000000,0.000000,0.000000,0.008373,0.003123,0.010950,0.013618,-1480.286011,308.730469,801.496094,1350.107056
57.0804,True,0.000000,0.000000,0.000000,0.000000,0.000000,0.000000,-2.248089,-2.274159,-2.208152,0.849485,-2.248089,-2.274159,-2.208795,0.848832,0.000000,0.000000,0.000000,0.000000,0.000680,-0.004460,0.003413,0.004070,-1480.286255,308.731293,801.495972,1350.107422
57.1004,True,0.000000,0.000000,0.000000,0.000000,0.000000,0.000000,-2.248089,-2.267670,-2.208795,0.848707,-2.248089,-2.274062,-2.208795,0.848707,0.000000,0.000000,0.000000,0.000000,0.000180,-0.004358,0.001342,0.000959,-1480.286255,308.731873,801.495972,1350.107422
57.1204,True,0.000000,0.000000,0.000000,0.000000,0.000000,0.000000,-2.248089,-2.298168,-2.208795,0.848832,-2.248051,-2.353973,-2.208795,0.848832,0.000000,0.000000,0.000000,0.000000,0.000500,-0.001357,0.001530,0.000703,-1480.285522,308.733124,801.496948,1350.107178
57.1404,True,0.000000,0.000000,0.000000,0.000000,0.000000,0.000000,-2.248390,-2.366301,-2.208795,0.849360,-2.248390,-2.366301,-2.208795,0.849360,0.000000,0.000000,0.000000,0.000000,0.000624,0.002140,0.001452,0.000617,-1480.284912,308.734528,801.497620,1350.107178
57.1604,True,0.000000,0.000000,0.000000,0.000000,0.000000,0.000000,-2.248390,-2.286488,-2.208795,0.848832,-2.248390,-2.274159,-2.208795,0.849485,0.000000,0.000000,0.000000,0.000000,0.000593,0.002255,0.001002,0.000341,-1480.284912,308.735352,801.497620,1350.107178
57.1804,True,0.000000,0.000000,0.000000,0.000000,0.000000,0.000000,-2.248390,-2.268319,-2.208795,0.849485,-2.248089,-2.268319,-2.208795,0.848707,0.000000,0.000000,0.000000,0.000000,0.000584,0.002292,0.000838,0.000022,-1480.285156,308.735352,801.497620,1350.107178
57.2004,True,0.000000,0.000000,0.000000,0.000000,0.000000,0.000000,-2.248089,-2.274062,-2.208795,0.849360,-2.248089,-2.280551,-2.208795,0.849360,0.000000,0.000000,0.000000,0.000000,0.000493,0.001855,0.000850,-0.000130,-1480.285400,308.734924,801.497620,1350.107178
57.2204,True,0.000000,0.000000,0.000000,0.000000,0.000000,0.000000,-2.248089,-2.280648,-2.208795,0.848832,-2.248089,-2.280648,-2.208795,0.848832,0.000000,0.000000,0.000000,0.000000,0.000376,0.001485,0.000728,-0.000100,-1480.285400,308.734924,801.497620,1350.107178
57.2410,True,0.000000,0.000000,0.000000,0.000000,0.000000,0.000000,-2.248089,-2.280551,-2.208795,0.848832,-2.248390,-2.280551,-2.208795,0.848957,0.000000,0.000000,0.000000,0.000000,-0.000141,0.000531,0.000304,-0.000017,-1480.285400,308.734802,801.497620,1350.107178
57.2604,True,0.000000,0.000000,0.000000,0.000000,0.000000,0.000000,-2.248089,-2.286488,-2.208795,0.848707,-2.248089,-2.292328,-2.208795,0.848707,0.000000,0.000000,0.000000,0.000000,-0.000277,0.000070,-0.000014,0.000024,-1480.285400,308.734802,801.497620,1350.107300
57.2805,True,0.000000,0.000000,0.000000,0.000000,0.000000,0.000000,-2.248693,-2.292328,-2.208795,0.848707,-2.248693,-2.292328,-2.208795,0.848707,0.000000,0.000000,0.000000,0.000000,-0.000260,-0.000121,-0.000024,0.000071,-1480.285400,308.734802,801.497620,1350.107300
57.3007,True,0.000000,0.000000,0.000000,0.000000,0.000000,0.000000,-2.248089,-2.286488,-2.208795,0.848832,-2.248390,-2.286488,-2.208795,0.848707,0.000000,0.000000,0.000000,0.000000,-0.000206,-0.000209,0.000000,0.000049,-1480.285400,308.734924,801.497620,1350.107178
57.3205,True,0.000000,0.000000,0.000000,0.000000,0.000000,0.000000,-2.247786,-2.286488,-2.208795,0.849485,-2.247786,-2.286392,-2.208795,0.849485,0.000000,0.000000,0.000000,0.000000,-0.000206,-0.000007,0.000000,0.000004,-1480.285400,308.735077,801.497620,1350.107178
57.3404,True,0.000000,0.000000,0.000000,0.000000,0.000000,0.000000,-2.248428,-2.286488,-2.208795,0.848832,-2.248428,-2.286488,-2.208795,0.848832,0.000000,0.000000,0.000000,0.000000,-0.004049,0.000056,0.000000,0.000000,-1480.236938,308.735077,801.497620,1350.107178
57.3605,True,0.000000,0.000000,0.000000,0.000000,0.000000,0.000000,-2.248089,-2.286488,-2.208795,0.848832,-2.248089,-2.286392,-2.208795,0.848832,0.000000,0.000000,0.000000,0.000000,0.000071,0.000151,0.000000,-0.000023,-1480.285278,308.735199,801.497620,1350.107178
57.3804,True,0.000000,0.000000,0.000000,0.000000,0.000000,0.000000,-2.248089,-2.286392,-2.208795,0.848832,-2.248089,-2.286392,-2.208795,0.848832,0.000000,0.000000,0.000000,0.000000,-0.000039,0.000151,0.000244,-0.000069,-1480.286011,308.735199,801.522766,1350.107178
57.4004,True,0.000000,0.000000,0.000000,0.000000,0.000000,0.000000,-2.242314,-2.286392,-2.208795,0.849360,-2.242314,-2.286392,-2.208795,1.505343,0.000000,0.000000,0.000000,0.000000,-0.000155,0.000204,0.000000,-0.000048,-1480.286011,308.735504,801.497620,1350.107178
57.4204,True,0.000000,0.000000,0.000000,0.000000,0.000000,0.000000,-2.235898,-2.286392,-2.208795,0.855234,-2.235898,-2.286392,-2.208795,0.855234,0.000000,0.000000,0.000000,0.000000,-0.000300,0.000263,0.000000,-0.000004,-1480.286255,308.735504,801.497620,1350.107178
57.4404,True,0.000000,0.000000,0.000000,0.000000,0.000000,0.000000,-2.235898,-2.287041,-2.208795,0.855234,-2.235597,-2.287041,-2.208795,0.855234,0.000000,0.000000,0.000000,0.000000,-0.000527,0.000234,0.000000,0.000000,-1480.286499,308.735352,801.497620,1350.107178
57.4604,True,0.000000,0.000000,0.000000,0.000000,0.000000,0.000000,-2.236199,-2.286488,-2.208795,0.867758,-2.230123,-2.286488,-2.208795,0.867512,0.000000,0.000000,0.000000,0.000000,-0.000580,0.000189,0.000000,-0.000023,-1480.286499,308.735352,801.497620,1350.107056
57.4809,True,0.000000,0.000000,0.000000,0.000000,0.000000,0.000000,-2.229482,-2.286488,-2.208795,0.867512,-2.230123,-2.286488,-2.208795,0.867635,0.000000,0.000000,0.000000,0.000000,-0.000621,0.000024,0.000000,0.014189,-1480.286865,308.735199,801.497620,1350.000000
57.5004,True,0.000000,0.000000,0.000000,0.000000,0.000000,0.000000,-2.230123,-2.286488,-2.208795,0.867758,-2.230123,-2.286488,-2.208795,0.867758,0.000000,0.000000,0.000000,0.000000,-0.000531,-0.000077,0.000000,-0.000071,-1480.286865,308.735199,801.497620,1350.107056
57.5204,True,0.000000,0.000000,0.000000,0.000000,0.000000,0.000000,-2.230123,-2.286392,-2.208795,0.867635,-2.230123,-2.286392,-2.208795,0.867512,0.000000,0.000000,0.000000,0.000000,-0.000412,-0.000122,0.000000,-0.000071,-1480.286865,308.735199,801.497620,1350.107056
57.5405,True,0.000000,0.000000,0.000000,0.000000,0.000000,0.000000,-2.229782,-2.286392,-2.208795,0.867635,-2.229782,-2.286392,-2.208795,0.867635,0.000000,0.000000,0.000000,0.000000,-0.000250,-0.000136,0.000000,-0.000071,-1480.286865,308.735199,801.497620,1350.107056
57.5604,True,0.000000,0.000000,0.000000,0.000000,0.000000,0.000000,-2.229782,-2.286392,-2.208795,0.867512,-2.229782,-2.286392,-2.208795,0.867512,0.000000,0.000000,0.000000,0.000000,-0.000199,-0.000082,0.000000,-0.000050,-1480.286865,308.735199,801.497620,1350.107056
57.5804,True,0.000000,0.000000,0.000000,0.000000,0.000000,0.000000,-2.229782,-2.286392,-2.208795,0.867512,-2.229782,-2.286392,-2.202291,0.867512,0.000000,0.000000,0.000000,0.000000,-0.000091,-0.000022,0.000000,-0.000004,-1480.286865,308.735352,801.497620,1350.107056
57.6005,True,0.000000,0.000000,0.000000,0.000000,0.000000,0.000000,-2.229782,-2.286392,-2.208795,0.867635,-2.229782,-2.286392,-2.208795,0.867635,0.000000,0.000000,0.000000,0.000000,0.000000,0.000074,0.000000,0.000000,-1480.286865,308.735504,801.497620,1350.107056
57.6205,True,0.000000,0.000000,0.000000,0.000000,0.000000,0.000000,-2.229782,-2.286392,-2.208795,0.867512,-2.229782,-2.286392,-2.208795,0.867512,0.000000,0.000000,0.000000,0.000000,0.000000,0.000120,0.000000,0.000000,-1480.286865,308.735504,801.497620,1350.107056
57.6406,True,0.000000,0.000000,0.000000,0.000000,0.000000,0.000000,-2.229782,-2.286392,-2.208795,0.867635,-2.229782,-2.286392,-2.208231,0.867635,0.000000,0.000000,0.000000,0.000000,0.000000,0.000142,0.000000,0.000000,-1480.286865,308.735504,801.497620,1350.107056
57.6604,True,0.000000,0.000000,0.000000,0.000000,0.000000,0.000000,-2.229782,-2.286392,-2.208795,0.867512,-2.229782,-2.286392,-2.208795,0.867512,0.000000,0.000000,0.000000,0.000000,0.000000,0.000142,0.000000,0.000000,-1480.286865,308.735504,801.497620,1350.107056
57.6804,True,0.000000,0.000000,0.000000,0.000000,0.000000,0.000000,-2.229782,-2.286392,-2.208795,0.867512,-2.229782,-2.286392,-2.208231,0.867512,0.000000,0.000000,0.000000,0.000000,0.000000,0.000094,0.000000,0.000000,-1480.286865,308.735352,801.497620,1350.107056
57.7004,True,0.000000,0.000000,0.000000,0.000000,0.000000,0.000000,-2.229782,-2.286392,-2.208152,0.867512,-2.229782,-2.286392,-2.208874,0.867512,0.000000,0.000000,0.000000,0.000000,0.000000,0.000048,0.000000,0.000000,-1480.286865,308.735352,801.497620,1350.107056
57.7204,True,0.000000,0.000000,0.000000,0.000000,0.000000,0.000000,-2.229782,-2.286945,-2.202369,0.867635,-2.229782,-2.286392,-2.202369,0.867635,0.000000,0.000000,0.000000,0.000000,0.000000,-0.000049,0.000000,0.000000,-1480.286865,308.735352,801.497620,1350.107056
57.7404,True,0.000000,0.000000,0.000000,0.000000,0.000000,0.000000,-2.229782,-2.286296,-2.208795,0.867635,-2.229782,-2.286296,-2.208152,0.867635,0.000000,0.000000,0.000000,0.000000,0.000000,-0.000071,0.000000,0.000000,-1480.286865,308.735352,801.497620,1350.107056
57.7605,True,0.000000,0.000000,0.000000,0.000000,0.000000,0.000000,-2.229782,-2.286296,-2.208152,0.867758,-2.229782,-2.286296,-2.208874,0.867758,0.000000,0.000000,0.000000,0.000000,0.000000,-0.000071,0.000000,0.000000,-1480.286865,308.735352,801.497620,1350.107056
57.7804,True,0.000000,0.000000,0.000000,0.000000,0.000000,0.000000,-2.229782,-2.286392,-2.208795,0.867635,-2.229782,-2.286392,-2.208795,0.867635,0.000000,0.000000,0.000000,0.000000,0.000000,-0.000071,0.000000,0.000000,-1480.286865,308.735352,801.497620,1350.107056
57.8004,True,0.000000,0.000000,0.000000,0.000000,0.000000,0.000000,-2.229782,-2.286488,-2.208231,0.867512,-2.229782,-2.286392,-2.208715,0.867635,0.000000,0.000000,0.000000,0.000000,0.000000,-0.000035,0.000000,0.000000,-1480.286865,308.735352,801.497620,1350.107056
57.8204,True,0.000000,0.000000,0.000000,0.000000,0.000000,0.000000,-2.229782,-2.286392,-2.202369,0.867635,-2.229782,-2.286392,-2.202369,0.867635,0.000000,0.000000,0.000000,0.000000,0.000000,0.000000,0.000000,0.000000,-1480.286865,308.735352,801.497620,1350.107056
57.8404,True,0.000000,0.000000,0.000000,0.000000,0.000000,0.000000,-2.229782,-2.286945,-2.208231,0.867512,-2.229782,-2.286945,-2.208310,0.867512,0.000000,0.000000,0.000000,0.000000,0.000000,0.000000,0.000000,0.000000,-1480.286865,308.735352,801.497620,1350.107056
57.8604,True,0.000000,0.000000,0.000000,0.000000,0.000000,0.000000,-2.229782,-2.286584,-2.208310,0.867512,-2.229782,-2.286584,-2.208310,0.867635,0.000000,0.000000,0.000000,0.000000,0.000000,0.000000,0.000000,0.000000,-1480.286865,308.735352,801.497620,1350.107056
57.8805,True,0.000000,0.000000,0.000000,0.000000,0.000000,0.000000,-2.229782,-2.286392,-2.208152,0.867512,-2.229782,-2.286392,-2.208152,0.867635,0.000000,0.000000,0.000000,0.000000,0.000000,0.000000,0.000000,0.000000,-1480.286865,308.735352,801.497620,1350.107056
57.9004,True,0.000000,0.000000,0.000000,0.000000,0.000000,0.000000,-2.229782,-2.286488,-2.208795,0.867635,-2.229782,-2.286488,-2.208795,0.867635,0.000000,0.000000,0.000000,0.000000,0.000000,0.000000,0.000000,0.000000,-1480.286865,308.735352,801.497620,1350.107056
57.9204,True,0.000000,0.000000,0.000000,0.000000,0.000000,0.000000,-2.229782,-2.286488,-2.208231,0.867512,-2.229782,-2.285935,-2.208874,0.867635,0.000000,0.000000,0.000000,0.000000,0.000000,0.000000,0.000000,0.000000,-1480.286865,308.735352,801.497620,1350.107056
57.9405,True,0.000000,0.000000,0.000000,0.000000,0.000000,0.000000,-2.229782,-2.286488,-2.208231,0.867635,-2.229782,-2.286392,-2.208715,0.867635,0.000000,0.000000,0.000000,0.000000,0.000000,0.000000,0.000000,0.000000,-1480.286865,308.735352,801.497620,1350.107056
57.9604,True,0.000000,0.000000,0.000000,0.000000,0.000000,0.000000,-2.229782,-2.286488,-2.208795,0.867635,-2.229782,-2.286488,-2.208795,0.867635,0.000000,0.000000,0.000000,0.000000,0.000000,0.000024,0.000000,0.000000,-1480.286865,308.735504,801.497620,1350.107056
57.9804,True,0.000000,0.000000,0.000000,0.000000,0.000000,0.000000,-2.229782,-2.286488,-2.208795,0.867635,-2.229782,-2.286488,-2.208795,0.867758,0.000000,0.000000,0.000000,0.000000,0.000000,0.000070,0.000000,0.000000,-1480.286865,308.735504,801.497620,1350.107056
58.0004,True,0.000000,0.000000,0.000000,0.000000,0.000000,0.000000,-2.229782,-2.286488,-2.208231,0.867512,-2.229782,-2.286488,-2.208231,0.867512,0.000000,0.000000,0.000000,0.000000,0.000000,0.000063,0.000000,0.000000,-1480.286865,308.735352,801.497620,1350.107056
58.0204,True,0.000000,0.000000,0.000000,0.000000,0.000000,0.000000,-2.229782,-2.286488,-2.208874,0.867512,-2.229782,-2.286488,-2.208874,0.867512,0.000000,0.000000,0.000000,0.000000,0.000000,0.000021,0.000000,0.000000,-1480.286865,308.735352,801.497620,1350.107056
58.0405,True,0.000000,0.000000,0.000000,0.000000,0.000000,0.000000,-2.229782,-2.286488,-2.208795,0.867389,-2.230123,-2.286488,-2.208795,0.867389,0.000000,0.000000,0.000000,0.000000,0.000000,0.000000,0.000000,0.000000,-1480.286865,308.735352,801.497620,1350.107056
58.0604,True,0.000000,0.000000,0.000000,0.000000,0.000000,0.000000,-2.229482,-2.286488,-2.208795,0.867389,-2.229482,-2.286488,-2.208795,0.867389,0.000000,0.000000,0.000000,0.000000,0.000000,-0.000025,0.000000,0.000000,-1480.286865,308.735352,801.497620,1350.107056
58.0804,True,0.000000,0.000000,0.000000,0.000000,0.000000,0.000000,-2.229782,-2.286488,-2.208795,0.867389,-2.229482,-2.286488,-2.208795,0.867389,0.000000,0.000000,0.000000,0.000000,0.000000,-0.000071,0.000000,0.000000,-1480.286865,308.735352,801.497620,1350.107056
58.1004,True,0.000000,0.000000,0.000000,0.000000,0.000000,0.000000,-2.229782,-2.286488,-2.208795,0.867389,-2.229482,-2.286488,-2.208795,0.867389,0.000000,0.000000,0.000000,0.000000,0.000000,-0.000071,0.000000,0.000000,-1480.286865,308.735352,801.497620,1350.107056
58.1204,True,0.000000,0.000000,0.000000,0.000000,0.000000,0.000000,-2.229782,-2.286488,-2.208795,1.511104,-2.229782,-2.286488,-2.208795,1.511160,0.000000,0.000000,0.000000,0.000000,0.000000,-0.000019,0.000000,0.000000,-1480.286865,308.735352,801.497620,1350.107056
58.1404,True,0.000000,0.000000,0.000000,0.000000,0.000000,0.000000,-2.230123,-2.286488,-2.208795,1.517034,-2.230123,-2.286488,-2.208795,0.849485,0.000000,0.000000,0.000000,0.000000,0.000000,0.000000,0.000000,0.000000,-1480.286865,308.735352,801.497620,1350.107056
58.1604,True,0.000000,0.000000,0.000000,0.000000,0.000000,0.000000,-2.229782,-2.286488,-2.208795,0.898190,-2.229782,-2.286488,-2.208231,0.922458,0.000000,0.000000,0.000000,0.000000,-0.000009,0.000000,0.000000,-0.000013,-1480.286987,308.735352,801.497620,1350.106812
58.1804,True,0.000000,0.000000,0.000000,0.000000,0.000000,0.000000,-2.229482,-2.286488,-2.208231,0.922458,-2.229482,-2.286488,-2.208795,0.922458,0.000000,0.000000,0.000000,0.000000,-0.000058,-0.000021,0.000000,-0.000059,-1480.287109,308.735199,801.497620,1350.106812
58.2004,True,0.000000,0.000000,0.000000,0.000000,0.000000,0.000000,-2.229482,-2.286488,-2.208795,0.922576,-2.229482,-2.286488,-2.208795,0.922576,0.000000,0.000000,0.000000,0.000000,-0.000124,-0.000063,0.000000,-0.000071,-1480.287109,308.735199,801.497620,1350.106812
58.2204,True,0.000000,0.000000,0.000000,0.000000,0.000000,0.000000,-2.230083,-2.286488,-2.208152,0.922458,-2.230083,-2.286488,-2.208152,0.922458,0.000000,0.000000,0.000000,0.000000,-0.000142,-0.000071,0.000000,-0.000071,-1480.287109,308.735199,801.497620,1350.106812
58.2405,True,0.000000,0.000000,0.000000,0.000000,0.000000,0.000000,-2.229482,-2.286488,-2.208231,0.922458,-2.229482,-2.286488,-2.208231,0.922458,0.000000,0.000000,0.000000,0.000000,-0.000142,-0.000071,0.000000,-0.000071,-1480.287109,308.735199,801.497620,1350.106812
58.2604,True,0.000000,0.000000,0.000000,0.000000,0.000000,0.000000,-2.229482,-2.286488,-2.208795,0.922458,-2.229482,-2.286488,-2.208874,0.922458,0.000000,0.000000,0.000000,0.000000,-0.000137,-0.000071,0.000000,-0.000058,-1480.287109,308.735199,801.497620,1350.106812
58.2804,True,0.000000,0.000000,0.000000,0.000000,0.000000,0.000000,-2.230123,-2.286488,-2.208231,0.922458,-2.229823,-2.286488,-2.208231,0.922458,0.000000,0.000000,0.000000,0.000000,-0.000080,-0.000071,0.000000,-0.000013,-1480.287109,308.735199,801.497620,1350.106812
58.3004,True,0.000000,0.000000,0.000000,0.000000,0.000000,0.000000,-2.229782,-2.286488,-2.208231,0.922458,-2.229782,-2.286488,-2.208231,0.922458,0.000000,0.000000,0.000000,0.000000,-0.000018,-0.000029,0.000000,0.000000,-1480.287109,308.735199,801.497620,1350.106812
58.3204,True,0.000000,0.000000,0.000000,0.000000,0.000000,0.000000,-2.230123,-2.286392,-2.208152,0.922458,-2.230123,-2.286488,-2.208152,0.922458,0.000000,0.000000,0.000000,0.000000,0.000000,0.000000,0.000000,0.000000,-1480.287109,308.735199,801.497620,1350.106812
58.3404,True,0.000000,0.000000,0.000000,0.000000,0.000000,0.000000,-2.229782,-2.286488,-2.208231,0.922458,-2.229782,-2.286488,-2.208715,0.922458,0.000000,0.000000,0.000000,0.000000,0.000000,0.000000,0.000000,0.000000,-1480.287109,308.735199,801.497620,1350.106812
58.3604,True,0.000000,0.000000,0.000000,0.000000,0.000000,0.000000,-2.229482,-2.286584,-2.208795,0.922458,-2.229482,-2.286584,-2.208795,0.922458,0.000000,0.000000,0.000000,0.000000,0.000000,0.000000,0.000000,0.000000,-1480.287109,308.735199,801.497620,1350.106812
58.3804,True,0.000000,0.000000,0.000000,0.000000,0.000000,0.000000,-2.229782,-2.286488,-2.208152,0.922458,-2.229782,-2.286488,-2.208231,0.922458,0.000000,0.000000,0.000000,0.000000,0.000000,0.000000,0.000000,0.000000,-1480.287109,308.735199,801.497620,1350.106812
58.4007,True,0.000000,0.000000,0.000000,0.000000,0.000000,0.000000,-2.229782,-2.286392,-2.208874,0.922458,-2.229782,-2.286392,-2.208874,0.922458,0.000000,0.000000,0.000000,0.000000,0.000000,0.000000,0.000000,0.000000,-1480.287109,308.735199,801.497620,1350.106812
58.4204,True,0.000000,0.000000,0.000000,0.000000,0.000000,0.000000,-2.229782,-2.286392,-2.208231,0.922458,-2.229782,-2.286392,-2.208152,0.922458,0.000000,0.000000,0.000000,0.000000,0.000000,0.000000,0.000000,0.000000,-1480.287109,308.735199,801.497620,1350.106812
58.4404,True,0.000000,0.000000,0.000000,0.000000,0.000000,0.000000,-2.230424,-2.286392,-2.208874,0.922458,-2.230424,-2.286488,-2.208874,0.922458,0.000000,0.000000,0.000000,0.000000,0.000000,0.000000,0.000000,0.000000,-1480.287109,308.735199,801.497620,1350.106812
58.4605,True,0.000000,0.000000,0.000000,0.000000,0.000000,0.000000,-2.229782,-2.286392,-2.208231,0.922458,-2.229782,-2.286488,-2.208231,0.922458,0.000000,0.000000,0.000000,0.000000,0.000000,0.000000,0.000000,0.000000,-1480.287109,308.735199,801.497620,1350.106812
58.4804,True,0.000000,0.000000,0.000000,0.000000,0.000000,0.000000,-2.229782,-2.286392,-2.208231,0.922458,-2.229782,-2.286392,-2.208231,0.922458,0.000000,0.000000,0.000000,0.000000,0.000000,0.000000,0.000000,0.000000,-1480.287109,308.735199,801.497620,1350.106812
58.5004,True,0.000000,0.000000,0.000000,0.000000,0.000000,0.000000,-2.229782,-2.286945,-2.208795,0.922458,-2.229782,-2.286945,-2.208795,0.922458,0.000000,0.000000,0.000000,0.000000,0.000071,0.000000,0.000000,0.000000,-1480.285278,308.735199,801.497620,1350.106812
58.5204,True,0.000000,0.000000,0.000000,0.000000,0.000000,0.000000,-2.229782,-2.286488,-2.208795,0.922458,-2.229782,-2.286488,-2.208795,0.922458,0.000000,0.000000,0.000000,0.000000,0.000000,0.000000,0.000000,0.000000,-1480.287109,308.735199,801.497620,1350.106812
58.5404,True,0.000000,0.000000,0.000000,0.000000,0.000000,0.000000,-2.229823,-2.286392,-2.208795,0.922458,-2.229823,-2.286392,-2.208795,0.922458,0.000000,0.000000,0.000000,0.000000,0.000000,0.000000,0.000000,0.000000,-1480.287109,308.735199,801.497620,1350.106812
58.5604,True,0.000000,0.000000,0.000000,0.000000,0.000000,0.000000,-2.229823,-2.286392,-2.208795,0.922458,-2.229782,-2.286392,-2.208795,0.922458,0.000000,0.000000,0.000000,0.000000,0.000000,0.000438,-0.014300,0.000000,-1480.287109,308.904572,801.420227,1350.106812
58.5804,True,0.000000,0.000000,0.000000,0.000000,0.000000,0.000000,-2.230123,-2.286392,-2.208795,0.922458,-2.230123,-2.286392,-2.208795,0.922458,0.000000,0.000000,0.000000,0.000000,0.000000,0.000000,0.000000,0.000000,-1480.287109,308.735199,801.497620,1350.106812
58.6004,True,0.000000,0.000000,0.000000,0.000000,0.000000,0.000000,-2.229782,-2.286392,-2.208795,0.922458,-2.229782,-2.286488,-2.208795,0.922458,0.000000,0.000000,0.000000,0.000000,0.000000,0.000000,0.000000,0.000000,-1480.287109,308.735199,801.497620,1350.106812
58.6204,True,0.000000,0.000000,0.000000,0.000000,0.000000,0.000000,-2.229782,-2.286296,-2.208795,0.922458,-2.229782,-2.286392,-2.208795,0.922458,0.000000,0.000000,0.000000,0.000000,0.000000,0.000000,0.000000,0.000000,-1480.287109,308.735199,801.497620,1350.106812
58.6404,True,0.000000,0.000000,0.000000,0.000000,0.000000,0.000000,-2.230123,-2.286945,-2.208874,0.922458,-2.230123,-2.286296,-2.208874,0.922458,0.000000,0.000000,0.000000,0.000000,-0.000066,-0.000024,0.000000,0.000000,-1480.287231,308.735077,801.497620,1350.106812
58.6604,True,0.000000,0.000000,0.000000,0.000000,0.000000,0.000000,-2.229823,-2.286392,-2.208874,0.922458,-2.229823,-2.286392,-2.208874,0.922458,0.000000,0.000000,0.000000,0.000000,-0.000071,-0.000024,0.000000,0.000000,-1480.287231,308.735077,801.497620,1350.106812
58.6805,True,0.000000,0.000000,0.000000,0.000000,0.000000,0.000000,-2.230123,-2.286488,-2.208874,0.922458,-2.229782,-2.286488,-2.208874,0.922576,0.000000,0.000000,0.000000,0.000000,-0.000071,-0.000071,0.000000,0.000000,-1480.287231,308.735077,801.497620,1350.106812
58.7004,True,0.000000,0.000000,0.000000,0.000000,0.000000,0.000000,-2.229782,-2.286488,-2.208874,0.922458,-2.229782,-2.286488,-2.208874,0.922458,0.000000,0.000000,0.000000,0.000000,-0.000071,-0.000071,0.000000,0.000000,-1480.287231,308.735077,801.497620,1350.106812
58.7204,True,0.000000,0.000000,0.000000,0.000000,0.000000,0.000000,-2.230083,-2.286488,-2.208874,0.923111,-2.230083,-2.286488,-2.208874,0.922458,0.000000,0.000000,0.000000,0.000000,-0.000071,-0.000071,0.000000,0.000000,-1480.287231,308.735077,801.497620,1350.106812
58.7406,True,0.000000,0.000000,0.000000,0.000000,0.000000,0.000000,-2.229782,-2.286488,-2.208874,0.922458,-2.229782,-2.286488,-2.208874,0.922576,0.000000,0.000000,0.000000,0.000000,-0.000027,-0.000069,0.000000,0.000000,-1480.287231,308.735077,801.497620,1350.106812
58.7604,True,0.000000,0.000000,0.000000,0.000000,0.000000,0.000000,-2.230123,-2.286488,-2.208874,0.922576,-2.230123,-2.286488,-2.208874,0.922458,0.000000,0.000000,0.000000,0.000000,0.000000,-0.000002,0.000000,0.000000,-1480.287231,308.735077,801.497620,1350.106812
58.7804,True,0.000000,0.000000,0.000000,0.000000,0.000000,0.000000,-2.230123,-2.286488,-2.208874,0.923111,-2.230123,-2.286488,-2.208874,0.922458,0.000000,0.000000,0.000000,0.000000,0.000000,0.000000,0.000000,0.000000,-1480.287231,308.735077,801.497620,1350.106812
58.8006,True,0.000000,0.000000,0.000000,0.000000,0.000000,0.000000,-2.230123,-2.286392,-2.208874,0.922458,-2.230123,-2.286945,-2.208874,0.922576,0.000000,0.000000,0.000000,0.000000,0.000000,0.000000,0.000000,0.000000,-1480.287231,308.735077,801.497620,1350.106812
58.8205,True,0.000000,0.000000,0.000000,0.000000,0.000000,0.000000,-2.230123,-2.286392,-2.208874,0.922458,-2.230123,-2.286392,-2.208874,0.922458,0.000000,0.000000,0.000000,0.000000,0.000000,0.000000,0.000000,0.000000,-1480.287231,308.735077,801.497620,1350.106812
58.8404,True,0.000000,0.000000,0.000000,0.000000,0.000000,0.000000,-2.229782,-2.286296,-2.208874,0.922458,-2.229782,-2.286392,-2.208874,0.922458,0.000000,0.000000,0.000000,0.000000,0.000000,0.000000,0.000000,0.000000,-1480.287231,308.735077,801.497620,1350.106812
58.8604,True,0.000000,0.000000,0.000000,0.000000,0.000000,0.000000,-2.230424,-2.286296,-2.208874,0.922458,-2.230424,-2.286296,-2.208874,0.922458,0.000000,0.000000,0.000000,0.000000,0.000000,0.000000,0.000000,0.000000,-1480.287231,308.735077,801.497620,1350.106812
58.8804,True,0.000000,0.000000,0.000000,0.000000,0.000000,0.000000,-2.229782,-2.286392,-2.208874,0.922458,-2.229782,-2.286392,-2.208874,0.922458,0.000000,0.000000,0.000000,0.000000,0.000000,0.000000,0.000000,0.000000,-1480.287231,308.735077,801.497620,1350.106812
58.9004,True,0.000000,0.000000,0.000000,0.000000,0.000000,0.000000,-2.229782,-2.286392,-2.208874,0.922458,-2.229782,-2.286392,-2.208874,0.922994,0.000000,0.000000,0.000000,0.000000,0.000000,0.000000,0.000000,0.000000,-1480.287231,308.735077,801.497620,1350.106812
58.9205,True,0.000000,0.000000,0.000000,0.000000,0.000000,0.000000,-2.230424,-2.286392,-2.208874,0.922341,-2.230424,-2.286392,-2.208874,0.922341,0.000000,0.000000,0.000000,0.000000,0.000000,0.000000,0.000000,0.000000,-1480.287231,308.735077,801.497620,1350.106812
58.9406,True,0.000000,0.000000,0.000000,0.000000,0.000000,0.000000,-2.229782,-2.286296,-2.208874,0.922341,-2.229782,-2.286296,-2.208874,0.922458,0.000000,0.000000,0.000000,0.000000,0.000000,0.000000,0.000000,0.000000,-1480.287231,308.735077,801.497620,1350.106812
58.9604,True,0.000000,0.000000,0.000000,0.000000,0.000000,0.000000,-2.230123,-2.286392,-2.208874,0.922576,-2.230123,-2.286392,-2.208874,0.922458,0.000000,0.000000,0.000000,0.000000,0.000000,0.000000,0.000000,0.000000,-1480.287231,308.735077,801.497620,1350.106812
58.9805,True,0.000000,0.000000,0.000000,0.000000,0.000000,0.000000,-2.230123,-2.286488,-2.208874,0.922341,-2.230123,-2.286488,-2.208874,0.922341,0.000000,0.000000,0.000000,0.000000,0.000000,0.000000,0.000000,0.000000,-1480.287231,308.735077,801.497620,1350.106812
59.0004,True,0.000000,0.000000,0.000000,0.000000,0.000000,0.000000,-2.230123,-2.286392,-2.208874,0.922341,-2.230123,-2.286392,-2.208874,0.922341,0.000000,0.000000,0.000000,0.000000,0.000000,0.000000,0.000000,0.000000,-1480.287231,308.735077,801.497620,1350.106812
59.0204,True,0.000000,0.000000,0.000000,0.000000,0.000000,0.000000,-2.230123,-2.286488,-2.208874,0.922458,-2.230123,-2.286488,-2.208874,0.922458,0.000000,0.000000,0.000000,0.000000,0.000000,0.000000,0.000000,0.000000,-1480.287231,308.735077,801.497620,1350.106812
59.0405,True,0.000000,0.000000,0.000000,0.000000,0.000000,0.000000,-2.229782,-2.286488,-2.208874,0.922458,-2.230424,-2.286488,-2.208874,0.922458,0.000000,0.000000,0.000000,0.000000,0.000000,0.000000,0.000000,0.000000,-1480.287231,308.735077,801.497620,1350.106812
59.0604,True,0.000000,0.000000,0.000000,0.000000,0.000000,0.000000,-2.230123,-2.286488,-2.208874,0.922576,-2.230123,-2.286488,-2.208874,0.922692,0.000000,0.000000,0.000000,0.000000,0.000000,0.000000,0.000000,0.000000,-1480.287231,308.735077,801.497620,1350.106812
59.0803,True,0.000000,0.000000,0.000000,0.000000,0.000000,0.000000,-2.230123,-2.286392,-2.208874,0.922458,-2.230424,-2.286488,-2.208874,0.922458,0.000000,0.000000,0.000000,0.000000,0.000000,0.000000,0.000000,0.000000,-1480.287231,308.735077,801.497620,1350.106812
59.1004,True,0.000000,0.000000,0.000000,0.000000,0.000000,0.000000,-2.229782,-2.285839,-2.208874,0.922458,-2.229782,-2.285839,-2.208874,0.922458,0.000000,0.000000,0.000000,0.000000,0.000000,0.000000,0.000000,0.000000,-1480.287231,308.735077,801.497620,1350.106812
59.1204,True,0.000000,0.000000,0.000000,0.000000,0.000000,0.000000,-2.229823,-2.286584,-2.208874,0.922458,-2.229823,-2.286584,-2.208874,0.922458,0.000000,0.000000,0.000000,0.000000,0.000000,0.000000,0.000000,0.000000,-1480.287231,308.735077,801.497620,1350.106812
59.1404,True,0.000000,0.000000,0.000000,0.000000,0.000000,0.000000,-2.229823,-2.286584,-2.208715,0.922458,-2.229823,-2.286584,-2.208231,0.922458,0.000000,0.000000,0.000000,0.000000,0.000000,0.000000,0.000000,0.000000,-1480.287231,308.735077,801.497620,1350.106812
59.1604,True,0.000000,0.000000,0.000000,0.000000,0.000000,0.000000,-2.230123,-2.286584,-2.208795,0.922458,-2.230123,-2.286584,-2.208795,0.922458,0.000000,0.000000,0.000000,0.000000,0.000000,0.000000,0.000000,0.000000,-1480.287231,308.735077,801.497620,1350.106812
59.1804,True,0.000000,0.000000,0.000000,0.000000,0.000000,0.000000,-2.229482,-2.286584,-2.208795,0.922458,-2.229482,-2.286584,-2.208310,0.922576,0.000000,0.000000,0.000000,0.000000,0.000000,0.000000,0.000000,0.000000,-1480.287231,308.735077,801.497620,1350.106812
59.2004,True,0.000000,0.000000,0.000000,0.000000,0.000000,0.000000,-2.229482,-2.286584,-2.208874,0.922458,-2.229823,-2.286584,-2.208231,0.922576,0.000000,0.000000,0.000000,0.000000,0.000000,0.000000,0.000000,0.000000,-1480.287231,308.735077,801.497620,1350.106812
59.2204,True,0.000000,0.000000,0.000000,0.000000,0.000000,0.000000,-2.229782,-2.286584,-2.208231,0.922458,-2.229782,-2.286584,-2.208231,0.922458,0.000000,0.000000,0.000000,0.000000,0.000000,0.000000,0.000000,0.000000,-1480.287231,308.735077,801.497620,1350.106812
59.2404,True,0.000000,0.000000,0.000000,0.000000,0.000000,0.000000,-2.230123,-2.286584,-2.208310,0.922576,-2.230123,-2.286584,-2.208310,0.922576,0.000000,0.000000,0.000000,0.000000,0.000000,0.000000,0.000000,0.000000,-1480.287231,308.735077,801.497620,1350.106812
59.2606,True,0.000000,0.000000,0.000000,0.000000,0.000000,0.000000,-2.230123,-2.286584,-2.208310,0.922458,-2.229782,-2.286584,-2.208231,0.922576,0.000000,0.000000,0.000000,0.000000,0.000000,0.000000,0.000000,0.000000,-1480.287231,308.735077,801.497620,1350.106812
59.2804,True,0.000000,0.000000,0.000000,0.000000,0.000000,0.000000,-2.229782,-2.286584,-2.208310,0.922458,-2.229782,-2.286584,-2.208152,0.922458,0.000000,0.000000,0.000000,0.000000,0.000000,0.000000,0.000000,0.000000,-1480.287231,308.735077,801.497620,1350.106812
59.3004,True,0.000000,0.000000,0.000000,0.000000,0.000000,0.000000,-2.229782,-2.286584,-2.208310,0.922576,-2.229782,-2.286584,-2.208231,0.922576,0.000000,0.000000,0.000000,0.000000,0.000000,0.000000,0.000000,0.000000,-1480.287231,308.735077,801.497620,1350.106812
59.3206,True,0.000000,0.000000,0.000000,0.000000,0.000000,0.000000,-2.229782,-2.286584,-2.208231,0.922576,-2.230123,-2.286584,-2.208152,0.922458,0.000000,0.000000,0.000000,0.000000,0.000000,0.000000,0.000000,0.000000,-1480.287231,308.735077,801.497620,1350.106812
59.3404,True,0.000000,0.000000,0.000000,0.000000,0.000000,0.000000,-2.230123,-2.286584,-2.208231,0.922458,-2.230123,-2.286584,-2.208231,0.922458,0.000000,0.000000,0.000000,0.000000,0.000000,0.000000,0.000000,0.000000,-1480.287231,308.735077,801.497620,1350.106812
59.3604,True,0.000000,0.000000,0.000000,0.000000,0.000000,0.000000,-2.230123,-2.286584,-2.208231,0.922458,-2.230123,-2.286584,-2.208874,0.922458,0.000000,0.000000,0.000000,0.000000,0.000000,0.000000,0.000000,0.000000,-1480.287231,308.735077,801.497620,1350.106812
59.3804,True,0.000000,0.000000,0.000000,0.000000,0.000000,0.000000,-2.229823,-2.286584,-2.208231,0.922458,-2.230123,-2.286584,-2.208231,0.922458,0.000000,0.000000,0.000000,0.000000,0.000000,0.000000,0.000000,0.000000,-1480.287231,308.735077,801.497620,1350.106812
59.4004,True,0.000000,0.000000,0.000000,0.000000,0.000000,0.000000,-2.230123,-2.286392,-2.208231,0.922458,-2.230123,-2.286392,-2.208231,0.922458,0.000000,0.000000,0.000000,0.000000,0.000000,0.000000,0.000000,0.000000,-1480.287231,308.735077,801.497620,1350.106812
59.4204,True,0.000000,0.000000,0.000000,0.000000,0.000000,0.000000,-2.230424,-2.286392,-2.208231,0.922458,-2.230424,-2.286392,-2.208231,0.922458,0.000000,0.000000,0.000000,0.000000,0.000000,0.000000,0.000000,0.000000,-1480.287231,308.735077,801.497620,1350.106812
59.4405,True,0.000000,0.000000,0.000000,0.000000,0.000000,0.000000,-2.230123,-2.286392,-2.208231,0.922458,-2.230123,-2.286392,-2.208231,0.922458,0.000000,0.000000,0.000000,0.000000,0.000000,0.000000,0.000000,0.000000,-1480.287231,308.735077,801.497620,1350.106812
59.4604,True,0.000000,0.000000,0.000000,0.000000,0.000000,0.000000,-2.229823,-2.287041,-2.208874,0.922458,-2.229823,-2.287041,-2.208874,0.922458,0.000000,0.000000,0.000000,0.000000,0.000000,0.000000,0.000000,0.000000,-1480.287231,308.735077,801.497620,1350.106812
59.4804,True,0.000000,0.000000,0.000000,0.000000,0.000000,0.000000,-2.229823,-2.286945,-2.208231,0.922458,-2.229782,-2.286392,-2.208310,0.922458,0.000000,0.000000,0.000000,0.000000,0.000000,0.000000,0.000000,0.000000,-1480.287231,308.735077,801.497620,1350.106812
59.5004,True,0.000000,0.000000,0.000000,0.000000,0.000000,0.000000,-2.230164,-2.286488,-2.208231,0.922458,-2.230164,-2.286488,-2.208231,0.922458,0.000000,0.000000,0.000000,0.000000,0.000000,0.000000,0.000000,0.000000,-1480.287231,308.735077,801.497620,1350.106812
59.5204,True,0.000000,0.000000,0.000000,0.000000,0.000000,0.000000,-2.230164,-2.286488,-2.208231,0.922458,-2.230164,-2.286488,-2.208231,0.922458,0.000000,0.000000,0.000000,0.000000,0.000000,0.000000,0.000000,0.000000,-1480.287231,308.735077,801.497620,1350.106812
59.5404,True,0.000000,0.000000,0.000000,0.000000,0.000000,0.000000,-2.230164,-2.286488,-2.208231,0.922458,-2.230164,-2.286488,-2.208231,0.922458,0.000000,0.000000,0.000000,0.000000,0.000000,0.000000,0.000000,0.000000,-1480.287231,308.735077,801.497620,1350.106812
59.5604,True,0.000000,0.000000,0.000000,0.000000,0.000000,0.000000,-2.230123,-2.286488,-2.208231,0.922458,-2.230123,-2.286488,-2.208231,0.922458,0.000000,0.000000,0.000000,0.000000,0.000000,0.000000,0.000000,0.000000,-1480.287231,308.735077,801.497620,1350.106812
59.5804,True,0.000000,0.000000,0.000000,0.000000,0.000000,0.000000,-2.230123,-2.286488,-2.208231,0.922458,-2.230123,-2.286488,-2.208231,0.922458,0.000000,0.000000,0.000000,0.000000,0.000000,0.000000,0.000000,0.000000,-1480.287231,308.735077,801.497620,1350.106812
59.6004,True,0.000000,0.000000,0.000000,0.000000,0.000000,0.000000,-2.230123,-2.286488,-2.208874,0.922458,-2.229823,-2.286488,-2.208874,0.922458,0.000000,0.000000,0.000000,0.000000,0.000000,0.000000,0.000000,0.000000,-1480.287231,308.735077,801.497620,1350.106812
59.6204,True,0.000000,0.000000,0.000000,0.000000,0.000000,0.000000,-2.230123,-2.286488,-2.208874,0.922458,-2.230123,-2.286488,-2.208231,0.922458,0.000000,0.000000,0.000000,0.000000,0.000000,0.000000,0.000000,0.000000,-1480.287231,308.735077,801.497620,1350.106812
59.6404,True,0.000000,0.000000,0.000000,0.000000,0.000000,0.000000,-2.229823,-2.286392,-2.208795,0.922458,-2.229823,-2.286392,-2.208795,0.922458,0.000000,0.000000,0.000000,0.000000,0.000000,0.000000,0.000000,0.000000,-1480.287231,308.735077,801.497620,1350.106812
59.6604,True,0.000000,0.000000,0.000000,0.000000,0.000000,0.000000,-2.229782,-2.286392,-2.208231,0.922458,-2.230123,-2.286488,-2.208310,0.922458,0.000000,0.000000,0.000000,0.000000,0.000000,0.000000,0.000000,0.000000,-1480.287231,308.735077,801.497620,1350.106812
59.6804,True,0.000000,0.000000,0.000000,0.000000,0.000000,0.000000,-2.229782,-2.286488,-2.208231,0.922458,-2.229782,-2.286488,-2.208231,0.922458,0.000000,0.000000,0.000000,0.000000,0.000000,0.000000,0.000000,0.000000,-1480.287231,308.735077,801.497620,1350.106812
59.7004,True,0.000000,0.000000,0.000000,0.000000,0.000000,0.000000,-2.230123,-2.286296,-2.208231,0.922458,-2.230123,-2.286296,-2.208231,0.922458,0.000000,0.000000,0.000000,0.000000,0.000000,0.000000,0.000000,0.000000,-1480.287231,308.735077,801.497620,1350.106812
59.7206,True,0.000000,0.000000,0.000000,0.000000,0.000000,0.000000,-2.229823,-2.287041,-2.208310,0.922458,-2.229823,-2.287041,-2.208310,0.922458,0.000000,0.000000,0.000000,0.000000,0.000000,0.000000,0.000000,0.000000,-1480.287231,308.735077,801.497620,1350.106812
59.7404,True,0.000000,0.000000,0.000000,0.000000,0.000000,0.000000,-2.230123,-2.286488,-2.208310,0.922458,-2.230123,-2.286488,-2.208310,0.922458,0.000000,0.000000,0.000000,0.000000,0.000000,0.000000,0.000000,0.000000,-1480.287231,308.735077,801.497620,1350.106812
59.7604,True,0.000000,0.000000,0.000000,0.000000,0.000000,0.000000,-2.229782,-2.286488,-2.208310,0.922458,-2.229782,-2.286488,-2.208310,0.922458,0.000000,0.000000,0.000000,0.000000,0.000000,0.000000,0.000000,0.000000,-1480.287231,308.735077,801.497620,1350.106812
59.7806,True,0.000000,0.000000,0.000000,0.000000,0.000000,0.000000,-2.230123,-2.286488,-2.208310,0.922458,-2.229782,-2.286488,-2.208310,0.922458,0.000000,0.000000,0.000000,0.000000,0.000000,0.000000,0.000000,0.000000,-1480.287231,308.735077,801.497620,1350.106812
59.8004,True,0.000000,0.000000,0.000000,0.000000,0.000000,0.000000,-2.229782,-2.286392,-2.208795,0.922458,-2.229782,-2.286392,-2.208795,0.922458,0.000000,0.000000,0.000000,0.000000,0.000000,0.000000,0.000000,0.000000,-1480.287231,308.735077,801.497620,1350.106812
59.8204,True,0.000000,0.000000,0.000000,0.000000,0.000000,0.000000,-2.229482,-2.286488,-2.208231,0.922458,-2.229482,-2.286392,-2.208231,0.922458,0.000000,0.000000,0.000000,0.000000,0.000000,0.000000,0.000000,0.000000,-1480.287231,308.735077,801.497620,1350.106812
59.8406,True,0.000000,0.000000,0.000000,0.000000,0.000000,0.000000,-2.229823,-2.286392,-2.208231,0.922458,-2.229482,-2.286488,-2.208310,0.922458,0.000000,0.000000,0.000000,0.000000,0.000000,0.000000,0.000000,0.000000,-1480.287231,308.735077,801.497620,1350.106812
59.8604,True,0.000000,0.000000,0.000000,0.000000,0.000000,0.000000,-2.230123,-2.287041,-2.208231,0.922458,-2.230123,-2.287041,-2.208231,0.922458,0.000000,0.000000,0.000000,0.000000,0.000000,0.000000,0.000000,0.000000,-1480.287231,308.735077,801.497620,1350.106812
59.8804,True,0.000000,0.000000,0.000000,0.000000,0.000000,0.000000,-2.229482,-2.286392,-2.208389,0.922458,-2.229482,-2.286488,-2.208389,0.922458,0.000000,0.000000,0.000000,0.000000,0.000000,0.000000,0.000000,0.000000,-1480.287231,308.735077,801.497620,1350.106812
59.9004,True,0.000000,0.000000,0.000000,0.000000,0.000000,0.000000,-2.229823,-2.286392,-2.208231,0.922458,-2.229823,-2.286392,-2.208231,0.922458,0.000000,0.000000,0.000000,0.000000,0.000000,0.000000,0.000000,0.000000,-1480.287231,308.735077,801.497620,1350.106812
59.9204,True,0.000000,0.000000,0.000000,0.000000,0.000000,0.000000,-2.230123,-2.286392,-2.208310,0.922458,-2.230123,-2.286392,-2.208310,0.922458,0.000000,0.000000,0.000000,0.000000,0.000000,0.000000,0.000000,0.000000,-1480.287231,308.735077,801.497620,1350.106812
59.9404,True,0.000000,0.000000,0.000000,0.000000,0.000000,0.000000,-2.230123,-2.286392,-2.208389,0.922458,-2.230123,-2.287041,-2.208310,0.922458,0.000000,0.000000,0.000000,0.000000,0.000000,0.000000,0.000000,0.000000,-1480.287231,308.735077,801.497620,1350.106812
59.9605,True,0.000000,0.000000,0.000000,0.000000,0.000000,0.000000,-2.230123,-2.286392,-2.208310,0.922458,-2.230123,-2.286392,-2.208310,0.922458,0.000000,0.000000,0.000000,0.000000,0.000000,0.000000,0.000000,0.000000,-1480.287231,308.735077,801.497620,1350.106812
59.9804,True,0.000000,0.000000,0.000000,0.000000,0.000000,0.000000,-2.230123,-2.286392,-2.208310,0.922458,-2.230123,-2.286392,-2.208310,0.922458,0.000000,0.000000,0.000000,0.000000,0.000000,0.000000,0.000000,0.000000,-1480.287231,308.735077,801.497620,1350.106812
60.0004,True,0.000000,0.000000,0.000000,0.000000,0.000000,0.000000,-2.229823,-2.286392,-2.208310,0.922576,-2.229823,-2.286392,-2.208310,0.922458,0.000000,0.000000,0.000000,0.000000,0.000000,0.000000,0.000000,0.000000,-1480.287231,308.735077,801.497620,1350.106812
60.0204,True,0.000000,0.000000,0.000000,0.000000,0.000000,0.000000,-2.229823,-2.286392,-2.208310,0.922576,-2.229823,-2.286392,-2.208310,0.922692,0.000000,0.000000,0.000000,0.000000,0.000000,0.000000,0.000000,0.000000,-1480.287231,308.735077,801.497620,1350.106812
60.0405,True,0.000000,0.000000,0.000000,0.000000,0.000000,0.000000,-2.229823,-2.286392,-2.208310,0.922576,-2.229823,-2.286392,-2.208310,0.922458,0.000000,0.000000,0.000000,0.000000,0.000000,0.000000,0.000000,0.000000,-1480.287231,308.735077,801.497620,1350.106812
60.0604,True,0.000000,0.000000,0.000000,0.000000,0.000000,0.000000,-2.229823,-2.286392,-2.208310,0.922458,-2.229823,-2.286392,-2.208310,0.922458,0.000000,0.000000,0.000000,0.000000,0.000000,0.000000,0.000000,0.000000,-1480.287231,308.735077,801.497620,1350.106812
60.0804,True,0.000000,0.000000,0.000000,0.000000,0.000000,0.000000,-2.229823,-2.286392,-2.208310,0.922576,-2.229823,-2.286392,-2.208310,0.922692,0.000000,0.000000,0.000000,0.000000,0.000000,0.000000,0.000000,0.000000,-1480.287231,308.735077,801.497620,1350.106812
60.1004,True,0.000000,0.000000,0.000000,0.000000,0.000000,0.000000,-2.229823,-2.286392,-2.208310,0.922458,-2.229823,-2.286392,-2.208310,0.922458,0.000000,0.000000,0.000000,0.000000,0.000000,0.000000,0.000000,0.000000,-1480.287231,308.735077,801.497620,1350.106812
60.1204,True,0.000000,0.000000,0.000000,0.000000,0.000000,0.000000,-2.229823,-2.286392,-2.208231,0.922458,-2.229823,-2.286392,-2.208231,0.922458,0.000000,0.000000,0.000000,0.000000,0.000000,0.000000,0.000000,0.000000,-1480.287231,308.735077,801.497620,1350.106812
60.1404,True,0.000000,0.000000,0.000000,0.000000,0.000000,0.000000,-2.230123,-2.286392,-2.208231,0.922458,-2.230123,-2.286392,-2.208231,0.922458,0.000000,0.000000,0.000000,0.000000,0.000000,0.000000,0.000000,0.000000,-1480.287231,308.735077,801.497620,1350.106812
60.1604,True,0.000000,0.000000,0.000000,0.000000,0.000000,0.000000,-2.230123,-2.286392,-2.208310,0.922341,-2.230123,-2.286392,-2.208231,0.922458,0.000000,0.000000,0.000000,0.000000,0.000000,0.000000,0.000000,0.000000,-1480.287231,308.735077,801.497620,1350.106812
60.1804,True,0.000000,0.000000,0.000000,0.000000,0.000000,0.000000,-2.230123,-2.286392,-2.208231,0.922341,-2.230123,-2.286392,-2.208874,0.922576,0.000000,0.000000,0.000000,0.000000,0.000000,0.000000,0.000000,0.000000,-1480.287231,308.735077,801.497620,1350.106812
60.2004,True,0.000000,0.000000,0.000000,0.000000,0.000000,0.000000,-2.230123,-2.286392,-2.208874,0.922458,-2.230123,-2.286392,-2.208231,0.922458,0.000000,0.000000,0.000000,0.000000,0.000000,0.000000,0.000000,0.000000,-1480.287231,308.735077,801.497620,1350.106812
60.2204,True,0.000000,0.000000,0.000000,0.000000,0.000000,0.000000,-2.230123,-2.287041,-2.208874,0.922576,-2.229823,-2.287041,-2.208874,0.922576,0.000000,0.000000,0.000000,0.000000,0.000000,0.000000,0.000000,0.000000,-1480.287231,308.735077,801.497620,1350.106812
60.2404,True,0.000000,0.000000,0.000000,0.000000,0.000000,0.000000,-2.230123,-2.287041,-2.208152,0.922458,-2.230123,-2.287041,-2.208152,0.922458,0.000000,0.000000,0.000000,0.000000,0.000000,0.000000,0.000000,0.000000,-1480.287231,308.735077,801.497620,1350.106812
60.2604,True,0.000000,0.000000,0.000000,0.000000,0.000000,0.000000,-2.230123,-2.287041,-2.208152,0.922458,-2.230123,-2.287041,-2.208152,0.922458,0.000000,0.000000,0.000000,0.000000,0.000000,0.000000,0.000000,0.000000,-1480.287231,308.735077,801.497620,1350.106812
60.2804,True,0.000000,0.000000,0.000000,0.000000,0.000000,0.000000,-2.229823,-2.287041,-2.208152,0.922458,-2.229823,-2.287041,-2.208152,0.922458,0.000000,0.000000,0.000000,0.000000,0.000000,0.000000,0.000000,0.000000,-1480.287231,308.735077,801.497620,1350.106812
60.3004,True,0.000000,0.000000,0.000000,0.000000,0.000000,0.000000,-2.229823,-2.287041,-2.208152,0.922458,-2.229823,-2.287041,-2.208152,0.922458,0.000000,0.000000,0.000000,0.000000,0.000000,0.000000,0.000000,0.000000,-1480.287231,308.735077,801.497620,1350.106812
60.3204,True,0.000000,0.000000,0.000000,0.000000,0.000000,0.000000,-2.229823,-2.287041,-2.208795,0.922341,-2.229823,-2.287041,-2.208795,0.922341,0.000000,0.000000,0.000000,0.000000,0.000000,0.000000,0.000000,0.000000,-1480.287231,308.735077,801.497620,1350.106812
60.3404,True,0.000000,0.000000,0.000000,0.000000,0.000000,0.000000,-2.229823,-2.287041,-2.208231,0.922458,-2.229823,-2.287041,-2.208231,0.922458,0.000000,0.000000,0.000000,0.000000,0.000000,0.000000,0.000000,0.000000,-1480.287231,308.735077,801.497620,1350.106812
60.3604,True,0.000000,0.000000,0.000000,0.000000,0.000000,0.000000,-2.230123,-2.287041,-2.208152,0.922576,-2.230123,-2.287041,-2.208152,0.922576,0.000000,0.000000,0.000000,0.000000,0.000000,0.000000,0.000000,0.000000,-1480.287109,308.735077,801.497620,1350.106812
60.3804,True,0.000000,0.000000,0.000000,0.000000,0.000000,0.000000,-2.230164,-2.287041,-2.208152,0.922994,-2.230164,-2.287041,-2.208152,0.922458,0.000000,0.000000,0.000000,0.000000,0.000000,0.000000,0.000000,0.000000,-1480.287231,308.735077,801.497620,1350.106812
60.4004,True,0.000000,0.000000,0.000000,0.000000,0.000000,0.000000,-2.230123,-2.287041,-2.208231,0.922994,-2.230123,-2.287041,-2.208231,0.922458,0.000000,0.000000,0.000000,0.000000,0.000000,0.000000,0.000000,0.000000,-1480.287231,308.735077,801.497620,1350.106812
60.4204,True,0.000000,0.000000,0.000000,0.000000,0.000000,0.000000,-2.229823,-2.287041,-2.208874,0.922458,-2.229823,-2.287041,-2.208152,0.922458,0.000000,0.000000,0.000000,0.000000,0.000000,0.000000,0.000000,0.000000,-1480.287231,308.735077,801.497620,1350.106812
60.4404,True,0.000000,0.000000,0.000000,0.000000,0.000000,0.000000,-2.229823,-2.287041,-2.208310,0.922576,-2.229823,-2.287041,-2.208310,0.922576,0.000000,0.000000,0.000000,0.000000,0.000000,0.000000,0.000000,0.000000,-1480.287231,308.735077,801.497620,1350.106812
60.4604,True,0.000000,0.000000,0.000000,0.000000,0.000000,0.000000,-2.229823,-2.287041,-2.208231,0.922458,-2.229823,-2.286392,-2.208231,0.922458,0.000000,0.000000,0.000000,0.000000,0.000000,0.000000,0.000000,0.000000,-1480.287231,308.735077,801.497620,1350.106812
60.4804,True,0.000000,0.000000,0.000000,0.000000,0.000000,0.000000,-2.229823,-2.286392,-2.208231,0.922458,-2.229823,-2.286392,-2.208231,0.922458,0.000000,0.000000,0.000000,0.000000,0.000000,0.000000,0.000000,0.000000,-1480.287231,308.735077,801.497620,1350.106812
60.5004,True,0.000000,0.000000,0.000000,0.000000,0.000000,0.000000,-2.229823,-2.286488,-2.208231,0.922458,-2.229823,-2.286488,-2.208231,0.922458,0.000000,0.000000,0.000000,0.000000,0.000000,0.000000,0.000000,0.000000,-1480.287231,308.735077,801.497620,1350.106812
60.5204,True,0.000000,0.000000,0.000000,0.000000,0.000000,0.000000,-2.229823,-2.286392,-2.208310,0.922458,-2.229823,-2.286392,-2.208310,0.922458,0.000000,0.000000,0.000000,0.000000,0.000000,0.000000,0.000000,0.000000,-1480.287231,308.735077,801.497620,1350.106812
60.5404,True,0.000000,0.000000,0.000000,0.000000,0.000000,0.000000,-2.229823,-2.286392,-2.208231,0.922458,-2.229823,-2.286488,-2.208231,0.922458,0.000000,0.000000,0.000000,0.000000,0.000000,0.000000,0.000000,0.000000,-1480.287231,308.735077,801.497620,1350.106812
60.5604,True,0.000000,0.000000,0.000000,0.000000,0.000000,0.000000,-2.229823,-2.286392,-2.208310,0.922458,-2.229823,-2.286392,-2.208310,0.922458,0.000000,0.000000,0.000000,0.000000,0.000000,0.000000,0.000000,0.000000,-1480.287231,308.735077,801.497620,1350.106812
60.5804,True,0.000000,0.000000,0.000000,0.000000,0.000000,0.000000,-2.229823,-2.286392,-2.208310,0.922458,-2.229823,-2.286392,-2.208310,0.922458,0.000000,0.000000,0.000000,0.000000,0.000000,0.000000,0.000000,0.000000,-1480.287109,308.735077,801.497620,1350.106812
60.6004,True,0.000000,0.000000,0.000000,0.000000,0.000000,0.000000,-2.229823,-2.286392,-2.208231,0.922458,-2.229823,-2.286488,-2.208231,0.922458,0.000000,0.000000,0.000000,0.000000,0.000000,0.000000,0.000000,0.000000,-1480.287231,308.735077,801.497620,1350.106812
60.6204,True,0.000000,0.000000,0.000000,0.000000,0.000000,0.000000,-2.229823,-2.286488,-2.208310,0.922458,-2.229823,-2.286488,-2.208310,0.922458,0.000000,0.000000,0.000000,0.000000,0.000000,0.000000,0.000000,0.000000,-1480.287231,308.735077,801.497620,1350.106812
60.6404,True,0.000000,0.000000,0.000000,0.000000,0.000000,0.000000,-2.229823,-2.286488,-2.208231,0.922458,-2.229823,-2.286488,-2.208231,0.922458,0.000000,0.000000,0.000000,0.000000,0.000000,0.000000,0.000000,0.000000,-1480.287231,308.735077,801.497620,1350.106812
60.6604,True,0.000000,0.000000,0.000000,0.000000,0.000000,0.000000,-2.230123,-2.286488,-2.208231,0.922458,-2.230123,-2.286488,-2.208231,0.922458,0.000000,0.000000,0.000000,0.000000,0.000000,0.000000,0.000000,0.000000,-1480.287231,308.735077,801.497620,1350.106812
60.6804,True,0.000000,0.000000,0.000000,0.000000,0.000000,0.000000,-2.229823,-2.286488,-2.208231,0.922458,-2.229823,-2.286488,-2.208231,0.922458,0.000000,0.000000,0.000000,0.000000,0.000000,0.000000,0.000000,0.000000,-1480.287231,308.735077,801.497620,1350.106812
60.7004,True,0.000000,0.000000,0.000000,0.000000,0.000000,0.000000,-2.229823,-2.286488,-2.208231,0.922458,-2.230164,-2.286488,-2.208231,0.922458,0.000000,0.000000,0.000000,0.000000,0.000000,0.000000,0.000000,0.000000,-1480.287231,308.735077,801.497620,1350.106812
60.7205,True,0.000000,0.000000,0.000000,0.000000,0.000000,0.000000,-2.230123,-2.286488,-2.208231,0.922458,-2.229823,-2.286488,-2.208231,0.922458,0.000000,0.000000,0.000000,0.000000,0.000000,0.000000,0.000000,0.000000,-1480.287231,308.735077,801.497620,1350.106812
60.7404,True,0.000000,0.000000,0.000000,0.000000,0.000000,0.000000,-2.230123,-2.286488,-2.208795,0.922458,-2.230123,-2.286488,-2.208231,0.922458,0.000000,0.000000,0.000000,0.000000,0.000000,0.000000,0.000000,0.000000,-1480.287231,308.735077,801.497620,1350.106812
60.7604,True,0.000000,0.000000,0.000000,0.000000,0.000000,0.000000,-2.229823,-2.286392,-2.208231,0.922458,-2.229823,-2.286488,-2.208231,0.922458,0.000000,0.000000,0.000000,0.000000,0.000000,0.000000,0.000000,0.000000,-1480.287231,308.735077,801.497620,1350.106812
60.7804,True,0.000000,0.000000,0.000000,0.000000,0.000000,0.000000,-2.230123,-2.286488,-2.208310,0.922458,-2.230123,-2.286392,-2.208310,0.922458,0.000000,0.000000,0.000000,0.000000,0.000000,0.000000,0.000000,0.000000,-1480.287231,308.735077,801.497620,1350.106812
60.8004,True,0.000000,0.000000,0.000000,0.000000,0.000000,0.000000,-2.230164,-2.286488,-2.208310,0.922458,-2.230164,-2.286488,-2.208310,0.922458,0.000000,0.000000,0.000000,0.000000,0.000000,0.000000,0.000000,0.000000,-1480.287231,308.735077,801.497620,1350.106812
60.8204,True,0.000000,0.000000,0.000000,0.000000,0.000000,0.000000,-2.229823,-2.286488,-2.208310,0.922458,-2.229823,-2.286584,-2.208310,0.922458,0.000000,0.000000,0.000000,0.000000,0.000000,0.000000,0.000000,0.000000,-1480.287231,308.735077,801.497620,1350.106812
60.8404,True,0.000000,0.000000,0.000000,0.000000,0.000000,0.000000,-2.229482,-2.286488,-2.208310,0.922458,-2.229482,-2.286488,-2.208310,0.922458,0.000000,0.000000,0.000000,0.000000,0.000000,0.000000,0.000000,0.000000,-1480.287231,308.735077,801.497620,1350.106812
60.8604,True,0.000000,0.000000,0.000000,0.000000,0.000000,0.000000,-2.230123,-2.286392,-2.208310,0.922458,-2.230123,-2.286488,-2.208310,0.922458,0.000000,0.000000,0.000000,0.000000,0.000000,0.000000,0.000000,0.000000,-1480.287231,308.735077,801.497620,1350.106812
60.8804,True,0.000000,0.000000,0.000000,0.000000,0.000000,0.000000,-2.229823,-2.286488,-2.208310,0.922458,-2.229823,-2.286488,-2.208310,0.922458,0.000000,0.000000,0.000000,0.000000,0.000000,0.000000,0.000000,0.000000,-1480.287231,308.735077,801.497620,1350.106812
60.9004,True,0.000000,0.000000,0.000000,0.000000,0.000000,0.000000,-2.229823,-2.286488,-2.208310,0.922458,-2.230123,-2.286488,-2.208310,0.922458,0.000000,0.000000,0.000000,0.000000,0.000000,0.000000,0.000000,0.000000,-1480.287231,308.735077,801.497620,1350.106812
60.9204,True,0.000000,0.000000,0.000000,0.000000,0.000000,0.000000,-2.230123,-2.286488,-2.208310,0.922994,-2.230123,-2.286488,-2.208310,0.922458,0.000000,0.000000,0.000000,0.000000,0.000000,0.000000,0.000000,0.000000,-1480.287231,308.735077,801.497620,1350.106812
60.9404,True,0.000000,0.000000,0.000000,0.000000,0.000000,0.000000,-2.230123,-2.286488,-2.208310,0.922458,-2.230123,-2.286488,-2.208310,0.922458,0.000000,0.000000,0.000000,0.000000,0.000000,0.000000,0.000000,0.000000,-1480.287231,308.735077,801.497620,1350.106812
60.9608,True,0.000000,0.000000,0.000000,0.000000,0.000000,0.000000,-2.229782,-2.286488,-2.208310,0.922458,-2.229782,-2.286488,-2.208310,0.922458,0.000000,0.000000,0.000000,0.000000,0.000000,0.000000,0.000000,0.000000,-1480.287231,308.735077,801.497620,1350.106812
60.9804,True,0.000000,0.000000,0.000000,0.000000,0.000000,0.000000,-2.230123,-2.286488,-2.208310,0.922576,-2.230123,-2.286488,-2.208310,0.922994,0.000000,0.000000,0.000000,0.000000,0.000000,0.000000,0.000000,0.000000,-1480.287231,308.735077,801.497620,1350.106812
61.0004,True,0.000000,0.000000,0.000000,0.000000,0.000000,0.000000,-2.229823,-2.286392,-2.208310,0.922576,-2.229823,-2.286488,-2.208310,0.922458,0.000000,0.000000,0.000000,0.000000,0.000000,0.000000,0.000000,0.000000,-1480.287231,308.735077,801.497620,1350.106812
61.0207,True,0.000000,0.000000,0.000000,0.000000,0.000000,0.000000,-2.229823,-2.286392,-2.208310,0.922458,-2.229482,-2.286488,-2.208310,0.922994,0.000000,0.000000,0.000000,0.000000,0.000000,0.000000,0.000000,0.000000,-1480.287231,308.735077,801.497620,1350.106812
61.0404,True,0.000000,0.000000,0.000000,0.000000,0.000000,0.000000,-2.229823,-2.286392,-2.208310,0.922994,-2.229823,-2.286488,-2.208310,0.922994,0.000000,0.000000,0.000000,0.000000,0.000000,0.000000,0.000000,0.000000,-1480.287231,308.735077,801.497620,1350.106812
61.0604,True,0.000000,0.000000,0.000000,0.000000,0.000000,0.000000,-2.229823,-2.286392,-2.208310,0.922458,-2.229782,-2.286392,-2.208310,0.922458,0.000000,0.000000,0.000000,0.000000,0.000000,0.000000,0.000000,0.000000,-1480.287231,308.735077,801.497620,1350.106812
61.0804,True,0.000000,0.000000,0.000000,0.000000,0.000000,0.000000,-2.230123,-2.286392,-2.208310,0.922458,-2.230123,-2.286392,-2.208310,0.922458,0.000000,0.000000,0.000000,0.000000,0.000000,0.000000,0.000000,0.000000,-1480.287231,308.735077,801.497620,1350.106812
61.1004,True,0.000000,0.000000,0.000000,0.000000,0.000000,0.000000,-2.230123,-2.286392,-2.208310,0.922994,-2.230123,-2.286392,-2.208310,0.922994,0.000000,0.000000,0.000000,0.000000,0.000000,0.000000,0.000000,0.000000,-1480.287231,308.735077,801.497620,1350.106812
61.1204,True,0.000000,0.000000,0.000000,0.000000,0.000000,0.000000,-2.230123,-2.286392,-2.208310,0.922994,-2.230123,-2.286392,-2.208310,0.922994,0.000000,0.000000,0.000000,0.000000,0.000000,0.000000,0.000000,0.000000,-1480.287231,308.735077,801.497620,1350.106812
61.1404,True,0.000000,0.000000,0.000000,0.000000,0.000000,0.000000,-2.230123,-2.286392,-2.208310,0.922994,-2.230123,-2.286392,-2.208310,0.922341,0.000000,0.000000,0.000000,0.000000,0.000000,0.000000,0.000000,0.000000,-1480.287231,308.735077,801.497620,1350.106812
61.1604,True,0.000000,0.000000,0.000000,0.000000,0.000000,0.000000,-2.229823,-2.286392,-2.208310,0.922576,-2.229823,-2.286392,-2.208310,0.923111,0.000000,0.000000,0.000000,0.000000,0.000000,0.000000,0.000000,0.000000,-1480.287231,308.735077,801.497620,1350.106812
61.1804,True,0.000000,0.000000,0.000000,0.000000,0.000000,0.000000,-2.230123,-2.286392,-2.208310,0.922458,-2.230123,-2.286392,-2.208310,0.922458,0.000000,0.000000,0.000000,0.000000,0.000000,0.000000,0.000000,0.000000,-1480.287231,308.735077,801.497620,1350.106812
61.2004,True,0.000000,0.000000,0.000000,0.000000,0.000000,0.000000,-2.230123,-2.286392,-2.208310,0.922994,-2.230123,-2.286392,-2.208310,0.922994,0.000000,0.000000,0.000000,0.000000,0.000000,0.000000,0.000000,0.000000,-1480.287231,308.735077,801.497620,1350.106812
61.2204,True,0.000000,0.000000,0.000000,0.000000,0.000000,0.000000,-2.229823,-2.286392,-2.208310,0.922458,-2.229823,-2.286488,-2.208310,0.922341,0.000000,0.000000,0.000000,0.000000,0.000000,0.000000,0.000000,0.000000,-1480.287231,308.735077,801.497620,1350.106812
61.2404,True,0.000000,0.000000,0.000000,0.000000,0.000000,0.000000,-2.229823,-2.286392,-2.208310,0.922458,-2.229823,-2.286392,-2.208310,0.922458,0.000000,0.000000,0.000000,0.000000,0.000000,0.000000,0.000000,0.000000,-1480.287231,308.735077,801.497620,1350.106812
61.2604,True,0.000000,0.000000,0.000000,0.000000,0.000000,0.000000,-2.229823,-2.286392,-2.208310,0.922576,-2.229823,-2.286392,-2.208310,0.922576,0.000000,0.000000,0.000000,0.000000,0.000000,0.000000,0.000000,0.000000,-1480.287231,308.735077,801.497620,1350.106812
61.2804,True,0.000000,0.000000,0.000000,0.000000,0.000000,0.000000,-2.229823,-2.286392,-2.208310,0.922576,-2.229823,-2.286392,-2.208310,0.922458,0.000000,0.000000,0.000000,0.000000,0.000000,0.000000,0.000000,0.000000,-1480.287231,308.735077,801.497620,1350.106812
61.3004,True,0.000000,0.000000,0.000000,0.000000,0.000000,0.000000,-2.229823,-2.286488,-2.208310,0.922576,-2.229823,-2.286488,-2.208310,0.922576,0.000000,0.000000,0.000000,0.000000,0.000000,0.000000,0.000000,0.000000,-1480.287231,308.735077,801.497620,1350.106812
61.3204,True,0.000000,0.000000,0.000000,0.000000,0.000000,0.000000,-2.229823,-2.286488,-2.208152,0.922994,-2.229823,-2.286488,-2.208152,0.922994,0.000000,0.000000,0.000000,0.000000,0.000000,0.000000,0.000000,0.000000,-1480.287231,308.735077,801.497620,1350.106812
61.3404,True,0.000000,0.000000,0.000000,0.000000,0.000000,0.000000,-2.229823,-2.286488,-2.208231,0.922458,-2.230123,-2.286488,-2.208231,0.922341,0.000000,0.000000,0.000000,0.000000,0.000000,0.000000,0.000000,0.000000,-1480.287231,308.735077,801.497620,1350.106812
61.3604,True,0.000000,0.000000,0.000000,0.000000,0.000000,0.000000,-2.229482,-2.286488,-2.208231,0.922994,-2.230123,-2.286488,-2.208231,0.922458,0.000000,0.000000,0.000000,0.000000,0.000000,0.000000,0.000000,0.000000,-1480.287231,308.735077,801.497620,1350.106812
61.3804,True,0.000000,0.000000,0.000000,0.000000,0.000000,0.000000,-2.230123,-2.286488,-2.208795,0.922994,-2.230123,-2.286488,-2.208795,0.922994,0.000000,0.000000,0.000000,0.000000,0.000000,0.000000,0.000000,0.000000,-1480.287231,308.735077,801.497620,1350.106812
61.4004,True,0.000000,0.000000,0.000000,0.000000,0.000000,0.000000,-2.229823,-2.286488,-2.208231,0.922458,-2.229823,-2.286488,-2.208795,0.922877,0.000000,0.000000,0.000000,0.000000,0.000000,0.000000,0.000000,0.000000,-1480.287231,308.735077,801.497620,1350.106812
61.4206,True,0.000000,0.000000,0.000000,0.000000,0.000000,0.000000,-2.229823,-2.286488,-2.208874,0.922458,-2.230123,-2.286488,-2.208231,0.922877,0.000000,0.000000,0.000000,0.000000,0.000000,0.000000,0.000000,0.000000,-1480.287231,308.735077,801.497620,1350.106812
61.4404,True,0.000000,0.000000,0.000000,0.000000,0.000000,0.000000,-2.230123,-2.286488,-2.208874,0.922458,-2.230123,-2.286488,-2.208310,0.922458,0.000000,0.000000,0.000000,0.000000,0.000000,0.000000,0.000000,0.000000,-1480.287231,308.735077,801.497620,1350.106812
61.4604,True,0.000000,0.000000,0.000000,0.000000,0.000000,0.000000,-2.229823,-2.286488,-2.208795,0.922458,-2.229823,-2.286488,-2.208231,0.922458,0.000000,0.000000,0.000000,0.000000,0.000000,0.000000,0.000000,0.000000,-1480.287231,308.735077,801.497620,1350.106812
61.4809,True,0.000000,0.000000,0.000000,0.000000,0.000000,0.000000,-2.230123,-2.286488,-2.208310,0.922341,-2.230123,-2.286488,-2.208231,0.922341,0.000000,0.000000,0.000000,0.000000,0.000000,0.000000,0.000000,0.000000,-1480.287231,308.735077,801.497620,1350.106812
61.5004,True,0.000000,0.000000,0.000000,0.000000,0.000000,0.000000,-2.229823,-2.286488,-2.208310,0.922994,-2.229823,-2.286488,-2.208231,0.922994,0.000000,0.000000,0.000000,0.000000,0.000000,0.000000,0.000000,0.000000,-1480.287231,308.735077,801.497620,1350.106812
61.5203,True,0.000000,0.000000,0.000000,0.000000,0.000000,0.000000,-2.229823,-2.286488,-2.208310,0.922458,-2.229823,-2.286488,-2.208310,0.922576,0.000000,0.000000,0.000000,0.000000,0.000000,0.000000,0.000000,0.000000,-1480.287231,308.735077,801.497620,1350.106812
61.5405,True,0.000000,0.000000,0.000000,0.000000,0.000000,0.000000,-2.229823,-2.286488,-2.208310,0.922341,-2.230123,-2.286488,-2.208231,0.922341,0.000000,0.000000,0.000000,0.000000,0.000000,0.000000,0.000000,0.000000,-1480.287231,308.735077,801.497620,1350.106812
61.5604,True,0.000000,0.000000,0.000000,0.000000,0.000000,0.000000,-2.230123,-2.286488,-2.208231,0.923111,-2.230123,-2.286488,-2.208231,0.923111,0.000000,0.000000,0.000000,0.000000,0.000000,0.000000,0.000000,0.000000,-1480.287231,308.735077,801.497620,1350.106812
61.5804,True,0.000000,0.000000,0.000000,0.000000,0.000000,0.000000,-2.229782,-2.286488,-2.208152,0.922341,-2.230424,-2.286488,-2.208231,0.922994,0.000000,0.000000,0.000000,0.000000,0.000000,0.000000,0.000000,0.000000,-1480.287231,308.735077,801.497620,1350.106812
61.6005,True,0.000000,0.000000,0.000000,0.000000,0.000000,0.000000,-2.229823,-2.286488,-2.208231,0.922994,-2.230424,-2.286488,-2.208152,0.922458,0.000000,0.000000,0.000000,0.000000,0.000000,0.000000,0.000000,0.000000,-1480.287231,308.735077,801.497620,1350.106812
61.6204,True,0.000000,0.000000,0.000000,0.000000,0.000000,0.000000,-2.229482,-2.286488,-2.208310,0.922576,-2.229482,-2.286488,-2.208310,0.922576,0.000000,0.000000,0.000000,0.000000,0.000000,0.000000,0.000000,0.000000,-1480.287231,308.735077,801.497620,1350.106812
61.6404,True,0.000000,0.000000,0.000000,0.000000,0.000000,0.000000,-2.229782,-2.286488,-2.208310,0.922994,-2.229782,-2.286488,-2.208231,0.922994,0.000000,0.000000,0.000000,0.000000,0.000000,0.000000,0.000000,0.000000,-1480.287231,308.735077,801.497620,1350.106812
61.6604,True,0.000000,0.000000,0.000000,0.000000,0.000000,0.000000,-2.230123,-2.286488,-2.208231,0.922458,-2.230123,-2.286488,-2.208231,0.922458,0.000000,0.000000,0.000000,0.000000,0.000000,0.000000,0.000000,0.000000,-1480.287231,308.735077,801.497620,1350.106812
61.6804,True,0.000000,0.000000,0.000000,0.000000,0.000000,0.000000,-2.229782,-2.286488,-2.208152,0.922576,-2.230123,-2.286488,-2.208152,0.922576,0.000000,0.000000,0.000000,0.000000,0.000000,0.000000,0.000000,0.000000,-1480.287231,308.735077,801.497620,1350.106812
61.7004,True,0.000000,0.000000,0.000000,0.000000,0.000000,0.000000,-2.229482,-2.286488,-2.208310,0.922576,-2.230123,-2.286488,-2.208231,0.922458,0.000000,0.000000,0.000000,0.000000,0.000000,0.000000,0.000000,0.000000,-1480.287231,308.735077,801.497620,1350.106812
61.7204,True,0.000000,0.000000,0.000000,0.000000,0.000000,0.000000,-2.229482,-2.286488,-2.208231,0.922458,-2.229482,-2.286488,-2.208231,0.922458,0.000000,0.000000,0.000000,0.000000,0.000000,0.000000,0.000000,0.000000,-1480.287231,308.735077,801.497620,1350.106812
61.7404,True,0.000000,0.000000,0.000000,0.000000,0.000000,0.000000,-2.229782,-2.286488,-2.208310,0.922458,-2.229482,-2.286488,-2.208231,0.922576,0.000000,0.000000,0.000000,0.000000,0.000000,0.000000,0.000000,0.000000,-1480.287231,308.735077,801.497620,1350.106812
61.7604,True,0.000000,0.000000,0.000000,0.000000,0.000000,0.000000,-2.229782,-2.286392,-2.208795,0.922576,-2.229782,-2.286392,-2.208795,0.922692,0.000000,0.000000,0.000000,0.000000,0.000000,0.000000,0.000000,0.000000,-1480.287231,308.735077,801.497620,1350.106812
61.7804,True,0.000000,0.000000,0.000000,0.000000,0.000000,0.000000,-2.230123,-2.286392,-2.208874,0.922576,-2.230123,-2.286392,-2.208795,0.922576,0.000000,0.000000,0.000000,0.000000,0.000000,0.000000,0.000000,0.000000,-1480.287231,308.735077,801.497620,1350.106812
61.8004,True,0.000000,0.000000,0.000000,0.000000,0.000000,0.000000,-2.229782,-2.286392,-2.208795,0.922576,-2.229782,-2.286488,-2.208795,0.922576,0.000000,0.000000,0.000000,0.000000,0.000000,0.000000,0.000000,0.000000,-1480.287231,308.735077,801.497620,1350.106812
61.8205,True,0.000000,0.000000,0.000000,0.000000,0.000000,0.000000,-2.229782,-2.286488,-2.208231,0.922576,-2.229482,-2.286488,-2.208231,0.922576,0.000000,0.000000,0.000000,0.000000,0.000000,0.000000,0.000000,0.000000,-1480.287231,308.735077,801.497620,1350.106812
61.8404,True,0.000000,0.000000,0.000000,0.000000,0.000000,0.000000,-2.229782,-2.286488,-2.208152,0.922458,-2.229782,-2.286488,-2.208152,0.922576,0.000000,0.000000,0.000000,0.000000,0.000000,0.000000,0.000000,0.000000,-1480.287231,308.735077,801.497620,1350.106812
61.8604,True,0.000000,0.000000,0.000000,0.000000,0.000000,0.000000,-2.229482,-2.286945,-2.208310,0.922576,-2.229482,-2.286945,-2.208310,0.922458,0.000000,0.000000,0.000000,0.000000,0.000000,0.000000,0.000000,0.000000,-1480.287231,308.735077,801.497620,1350.106812
61.8804,True,0.000000,0.000000,0.000000,0.000000,0.000000,0.000000,-2.229782,-2.286392,-2.208310,0.922458,-2.229782,-2.286392,-2.208310,0.922458,0.000000,0.000000,0.000000,0.000000,0.000000,0.000000,0.000000,0.000000,-1480.287231,308.735077,801.497620,1350.106812
61.9004,True,0.000000,0.000000,0.000000,0.000000,0.000000,0.000000,-2.230123,-2.286488,-2.208310,0.922458,-2.230123,-2.286488,-2.208310,0.922458,0.000000,0.000000,0.000000,0.000000,0.000000,0.000000,0.000000,0.000000,-1480.287231,308.735077,801.497620,1350.106812
61.9204,True,0.000000,0.000000,0.000000,0.000000,0.000000,0.000000,-2.230083,-2.286392,-2.208310,0.922341,-2.230083,-2.286488,-2.208310,0.922341,0.000000,0.000000,0.000000,0.000000,0.000000,0.000000,0.000000,0.000000,-1480.287231,308.735077,801.497620,1350.106812
61.9404,True,0.000000,0.000000,0.000000,0.000000,0.000000,0.000000,-2.229782,-2.286488,-2.208310,0.922576,-2.229782,-2.286488,-2.208310,0.922576,0.000000,0.000000,0.000000,0.000000,0.000000,-0.000065,0.000000,0.000000,-1480.287231,308.734924,801.497620,1350.106812
61.9604,True,0.000000,0.000000,0.000000,0.000000,0.000000,0.000000,-2.230123,-2.286392,-2.208310,0.922458,-2.230123,-2.286488,-2.208310,0.922458,0.000000,0.000000,0.000000,0.000000,0.000000,-0.000071,0.000000,0.000000,-1480.287231,308.734924,801.497620,1350.106812
61.9804,True,0.000000,0.000000,0.000000,0.000000,0.000000,0.000000,-2.230123,-2.286584,-2.208310,0.922576,-2.230123,-2.285935,-2.208310,0.922458,0.000000,0.000000,0.000000,0.000000,0.000000,-0.000071,0.000000,0.000000,-1480.287231,308.734924,801.497620,1350.106812
62.0004,True,0.000000,0.000000,0.000000,0.000000,0.000000,0.000000,-2.229823,-2.287041,-2.208310,0.922341,-2.229823,-2.287041,-2.208310,0.922341,0.000000,0.000000,0.000000,0.000000,0.000000,-0.000071,0.000000,0.000000,-1480.287231,308.734924,801.497620,1350.106812
62.0204,True,0.000000,0.000000,0.000000,0.000000,0.000000,0.000000,-2.229823,-2.286392,-2.208310,0.922458,-2.229823,-2.286392,-2.208310,0.922458,0.000000,0.000000,0.000000,0.000000,0.000000,-0.000071,0.000000,0.000000,-1480.287231,308.734924,801.497620,1350.106812
62.0404,True,0.000000,0.000000,0.000000,0.000000,0.000000,0.000000,-2.230123,-2.286488,-2.208310,0.922458,-2.230123,-2.286584,-2.208310,0.922458,0.000000,0.000000,0.000000,0.000000,0.000000,-0.000028,0.000000,0.000000,-1480.287231,308.734924,801.497620,1350.106812
62.0604,True,0.000000,0.000000,0.000000,0.000000,0.000000,0.000000,-2.229782,-2.287041,-2.208310,0.922458,-2.229782,-2.287041,-2.208310,0.922458,0.000000,0.000000,0.000000,0.000000,0.000000,0.000000,0.000000,0.000000,-1480.287231,308.734924,801.497620,1350.106812
62.0804,True,0.000000,0.000000,0.000000,0.000000,0.000000,0.000000,-2.229782,-2.286488,-2.208310,0.922458,-2.229782,-2.286488,-2.208310,0.922458,0.000000,0.000000,0.000000,0.000000,0.000000,0.000000,0.000000,0.000000,-1480.287231,308.734924,801.497620,1350.106812
62.1004,True,0.000000,0.000000,0.000000,0.000000,0.000000,0.000000,-2.229782,-2.286488,-2.208310,0.922458,-2.229823,-2.286488,-2.208310,0.922458,0.000000,0.000000,0.000000,0.000000,0.000000,0.000000,0.000000,0.000000,-1480.287231,308.735077,801.497620,1350.106812
