"# base_pid=base_pid_hybrid.json [drive p=0.35 ff=0.23, steer p=2 out=+/-1, scale=1.068]",sample_hz=50.0
t,motors_enabled,v_target_0,v_target_1,v_target_2,v_prof_0,v_prof_1,v_prof_2,steer_cmd_FL,steer_cmd_FR,steer_cmd_RR,steer_cmd_RL,steer_meas_FL,steer_meas_FR,steer_meas_RR,steer_meas_RL,drive_cmd_FL,drive_cmd_FR,drive_cmd_RR,drive_cmd_RL,drive_meas_FL,drive_meas_FR,drive_meas_RR,drive_meas_RL,drive_pos_FL,drive_pos_FR,drive_pos_RR,drive_pos_RL
0.0005,True,0.000000,0.000000,0.000000,0.000000,0.000000,0.000000,-1.420425,-1.783452,1.303490,1.652011,-1.420425,-1.783452,1.303490,1.652011,0.000000,0.000000,0.000000,0.000000,0.000000,0.000000,0.000000,0.000000,-1167.619141,166.847092,995.560974,1220.935669
0.0204,True,0.000000,0.000000,0.000000,0.000000,0.000000,0.000000,-1.420643,-1.783452,1.303490,1.652053,-1.420643,-1.783452,1.303408,1.652053,0.000000,0.000000,0.000000,0.000000,0.000000,0.000000,0.000000,0.000000,-1167.619141,166.847092,995.560974,1220.935669
0.0404,True,0.000000,0.000000,0.000000,0.000000,0.000000,0.000000,-1.420860,-1.784101,1.303770,1.652011,-1.420860,-1.784101,1.303770,1.652011,0.000000,0.000000,0.000000,0.000000,0.000000,0.000000,0.000000,0.000000,-1167.619141,166.847092,995.560974,1220.935669
0.0605,True,0.000000,0.000000,0.000000,0.000000,0.000000,0.000000,-1.420643,-1.783952,1.303770,1.652053,-1.420643,-1.783952,1.303770,1.652053,0.000000,0.000000,0.000000,0.000000,0.000000,0.000000,0.000000,0.000000,-1167.619141,166.847092,995.560974,1220.935669
0.0804,True,0.000000,0.000000,0.000000,0.000000,0.000000,0.000000,-1.420425,-1.783952,1.303408,1.652053,-1.420425,-1.783952,1.303408,1.652094,0.000000,0.000000,0.000000,0.000000,0.000000,0.000000,0.000000,0.000000,-1167.619141,166.847092,995.560974,1220.935669
0.1004,True,0.000000,0.000000,0.000000,0.000000,0.000000,0.000000,-1.420643,-1.783952,1.303770,1.652094,-1.420643,-1.783952,1.303770,1.652094,0.000000,0.000000,0.000000,0.000000,0.000000,0.000000,0.000000,0.000000,-1167.619141,166.847092,995.560974,1220.935669
0.1204,True,0.000000,0.000000,0.000000,0.000000,0.000000,0.000000,-1.420425,-1.783952,1.303770,1.652094,-1.420643,-1.783303,1.303770,1.652094,0.000000,0.000000,0.000000,0.000000,0.000000,0.000000,0.000000,0.000000,-1167.619141,166.847092,995.560974,1220.935669
0.1404,True,0.000000,0.000000,0.000000,0.000000,0.000000,0.000000,-1.420425,-1.783804,1.303770,1.652011,-1.420425,-1.783952,1.303770,1.652011,0.000000,0.000000,0.000000,0.000000,0.000000,0.000000,0.000000,0.000000,-1167.619141,166.847092,995.560974,1220.935669
0.1604,True,0.000000,0.000000,0.000000,0.000000,0.000000,0.000000,-1.420425,-1.783952,1.303770,1.652011,-1.420425,-1.783952,1.303770,1.652011,0.000000,0.000000,0.000000,0.000000,0.000000,0.000000,0.000000,0.000000,-1167.619141,166.847092,995.560974,1220.935669
0.1804,True,0.000000,0.000000,0.000000,0.000000,0.000000,0.000000,-1.421066,-1.783952,1.303770,1.652011,-1.420425,-1.783452,1.303770,1.652011,0.000000,0.000000,0.000000,0.000000,0.000000,0.000000,0.000000,0.000000,-1167.619141,166.847092,995.560974,1220.935669
0.2005,True,0.000000,0.000000,0.000000,0.000000,0.000000,0.000000,-1.420643,-1.783952,1.303770,1.652011,-1.420643,-1.783952,1.303770,1.652011,0.000000,0.000000,0.000000,0.000000,0.000000,0.000000,0.000000,0.000000,-1167.619141,166.847092,995.560974,1220.935669
0.2204,True,0.000000,0.000000,0.000000,0.000000,0.000000,0.000000,-1.420643,-1.783952,1.303770,1.651970,-1.420643,-1.783952,1.303770,1.652011,0.000000,0.000000,0.000000,0.000000,0.000000,0.000000,0.000000,0.000000,-1167.619141,166.847092,995.560974,1220.935669
0.2404,True,0.000000,0.000000,0.000000,0.000000,0.000000,0.000000,-1.420425,-1.783952,1.303770,1.652053,-1.420425,-1.783952,1.303770,1.652053,0.000000,0.000000,0.000000,0.000000,0.000000,0.000000,0.000000,0.000000,-1167.619141,166.847092,995.560974,1220.935669
0.2604,True,0.000000,0.000000,0.000000,0.000000,0.000000,0.000000,-1.420425,-1.783952,1.303770,1.651970,-1.420425,-1.783952,1.303770,1.651970,0.000000,0.000000,0.000000,0.000000,0.000000,0.000000,0.000000,0.000000,-1167.619141,166.847092,995.560974,1220.935669
0.2804,True,0.000000,0.000000,0.000000,0.000000,0.000000,0.000000,-1.420643,-1.783952,1.303770,1.652094,-1.420860,-1.783952,1.303770,1.652094,0.000000,0.000000,0.000000,0.000000,0.000000,0.000000,0.000000,0.000000,-1167.619141,166.847092,995.560974,1220.935669
0.3004,True,0.000000,0.000000,0.000000,0.000000,0.000000,0.000000,-1.420860,-1.783952,1.303770,1.652053,-1.420860,-1.783952,1.303770,1.652053,0.000000,0.000000,0.000000,0.000000,0.000000,0.000000,0.000000,0.000000,-1167.619141,166.847092,995.560974,1220.935669
0.3204,True,0.000000,0.000000,0.000000,0.000000,0.000000,0.000000,-1.420860,-1.783303,1.303770,1.652094,-1.420860,-1.783303,1.303770,1.652094,0.000000,0.000000,0.000000,0.000000,0.000000,0.000000,0.000000,0.000000,-1167.619141,166.847092,995.560974,1220.935669
0.3404,True,0.000000,0.000000,0.000000,0.000000,0.000000,0.000000,-1.420860,-1.783952,1.303770,1.652053,-1.420860,-1.783952,1.303770,1.652053,0.000000,0.000000,0.000000,0.000000,0.000000,0.000000,0.000000,0.000000,-1167.619141,166.847092,995.560974,1220.935669
0.3604,True,0.000000,0.000000,0.000000,0.000000,0.000000,0.000000,-1.420860,-1.783952,1.303770,1.652053,-1.420860,-1.783952,1.303770,1.652053,0.000000,0.000000,0.000000,0.000000,0.000000,0.000000,0.000000,0.000000,-1167.619141,166.847092,995.560974,1220.935669
0.3804,True,0.000000,0.000000,0.000000,0.000000,0.000000,0.000000,-1.420643,-1.783952,1.303770,1.652053,-1.420643,-1.783952,1.303770,1.652053,0.000000,0.000000,0.000000,0.000000,0.000000,0.000000,0.000000,0.000000,-1167.619141,166.847092,995.560974,1220.935669
0.4004,True,0.000000,0.000000,0.000000,0.000000,0.000000,0.000000,-1.420860,-1.783952,1.303770,1.652053,-1.420643,-1.783952,1.303770,1.652053,0.000000,0.000000,0.000000,0.000000,0.000000,0.000000,0.000000,0.000000,-1167.619141,166.847092,995.560974,1220.935669
0.4204,True,0.000000,0.000000,0.000000,0.000000,0.000000,0.000000,-1.420643,-1.783952,1.303770,1.652053,-1.420643,-1.783952,1.303770,1.652053,0.000000,0.000000,0.000000,0.000000,0.000000,0.000000,0.000000,0.000000,-1167.619141,166.847092,995.560974,1220.935669
0.4404,True,0.000000,0.000000,0.000000,0.000000,0.000000,0.000000,-1.420860,-1.783952,1.303770,1.652011,-1.420860,-1.783952,1.303770,1.652011,0.000000,0.000000,0.000000,0.000000,0.000000,0.000000,0.000000,0.000000,-1167.619141,166.847092,995.560974,1220.935669
0.4604,True,0.000000,0.000000,0.000000,0.000000,0.000000,0.000000,-1.420643,-1.783952,1.304133,1.652053,-1.420643,-1.783952,1.304133,1.652053,0.000000,0.000000,0.000000,0.000000,0.000000,0.000000,0.000000,0.000000,-1167.619141,166.847092,995.560974,1220.935669
0.4804,True,0.000000,0.000000,0.000000,0.000000,0.000000,0.000000,-1.420860,-1.783952,1.303770,1.652094,-1.420860,-1.783952,1.303770,1.652094,0.000000,0.000000,0.000000,0.000000,0.000000,0.000000,0.000000,0.000000,-1167.619141,166.847092,995.560974,1220.935669
0.5004,True,0.000000,0.000000,0.000000,0.000000,0.000000,0.000000,-1.420643,-1.783952,1.304133,1.652011,-1.420860,-1.783952,1.303490,1.652053,0.000000,0.000000,0.000000,0.000000,0.000000,0.000000,0.000000,0.000000,-1167.619141,166.847092,995.560974,1220.935669
0.5204,True,0.000000,0.000000,0.000000,0.000000,0.000000,0.000000,-1.420643,-1.783952,1.303490,1.652053,-1.420643,-1.783952,1.303770,1.652053,0.000000,0.000000,0.000000,0.000000,0.000000,0.000000,0.000000,0.000000,-1167.619141,166.847092,995.560974,1220.935669
0.5404,True,0.000000,0.000000,0.000000,0.000000,0.000000,0.000000,-1.420643,-1.783952,1.303770,1.652053,-1.420643,-1.783952,1.303770,1.652053,0.000000,0.000000,0.000000,0.000000,0.000000,0.000000,0.000000,0.000000,-1167.619141,166.847092,995.560974,1220.935669
0.5604,True,0.000000,0.000000,0.000000,0.000000,0.000000,0.000000,-1.420860,-1.783952,1.304133,1.652053,-1.420643,-1.783952,1.304133,1.652053,0.000000,0.000000,0.000000,0.000000,0.000000,0.000000,0.000000,0.000000,-1167.619141,166.847092,995.560974,1220.935669
0.5804,True,0.000000,0.000000,0.000000,0.000000,0.000000,0.000000,-1.420860,-1.783452,1.304133,1.652053,-1.420860,-1.783452,1.304133,1.652053,0.000000,0.000000,0.000000,0.000000,0.000000,0.000000,0.000000,0.000000,-1167.619141,166.847092,995.560974,1220.935669
0.6004,True,0.000000,0.000000,0.000000,0.000000,0.000000,0.000000,-1.420860,-1.783452,1.303770,1.652053,-1.420860,-1.783452,1.303770,1.652053,0.000000,0.000000,0.000000,0.000000,0.000000,0.000000,0.000000,0.000000,-1167.619141,166.847092,995.560974,1220.935669
0.6204,True,0.000000,0.000000,0.000000,0.000000,0.000000,0.000000,-1.420643,-1.783600,1.304133,1.652011,-1.420643,-1.783452,1.303770,1.652011,0.000000,0.000000,0.000000,0.000000,0.000000,0.000000,0.000000,0.000000,-1167.619141,166.847092,995.560974,1220.935669
0.6404,True,0.000000,0.000000,0.000000,0.000000,0.000000,0.000000,-1.420643,-1.783452,1.303770,1.652053,-1.420643,-1.783452,1.303770,1.652053,0.000000,0.000000,0.000000,0.000000,0.000000,0.000000,0.000000,0.000000,-1167.619141,166.847092,995.560974,1220.935669
0.6604,True,0.000000,0.000000,0.000000,0.000000,0.000000,0.000000,-1.420643,-1.784101,1.303770,1.652053,-1.420643,-1.784101,1.303408,1.652053,0.000000,0.000000,0.000000,0.000000,0.000000,0.000000,0.000000,0.000000,-1167.619141,166.847092,995.560974,1220.935669
0.6804,True,0.000000,0.000000,0.000000,0.000000,0.000000,0.000000,-1.420643,-1.783452,1.303770,1.652053,-1.420860,-1.783452,1.303408,1.652053,0.000000,0.000000,0.000000,0.000000,0.000000,0.000000,0.000000,0.000000,-1167.619141,166.847092,995.560974,1220.935669
0.7004,True,0.000000,0.000000,0.000000,0.000000,0.000000,0.000000,-1.421066,-1.783452,1.304051,1.652053,-1.421066,-1.783452,1.304051,1.652053,0.000000,0.000000,0.000000,0.000000,0.000000,0.000000,0.000000,0.000000,-1167.619141,166.847092,995.560974,1220.935669
0.7204,True,0.000000,0.000000,0.000000,0.000000,0.000000,0.000000,-1.420643,-1.784101,1.303770,1.652094,-1.420860,-1.784101,1.303770,1.652094,0.000000,0.000000,0.000000,0.000000,0.000000,0.000000,0.000000,0.000000,-1167.619141,166.847092,995.560974,1220.935669
0.7404,True,0.000000,0.000000,0.000000,0.000000,0.000000,0.000000,-1.420643,-1.784101,1.303770,1.652094,-1.420643,-1.783452,1.303408,1.652094,0.000000,0.000000,0.000000,0.000000,0.000000,0.000000,0.000000,0.000000,-1167.619141,166.847092,995.560974,1220.935669
0.7604,True,0.000000,0.000000,0.000000,0.000000,0.000000,0.000000,-1.420643,-1.784101,1.303408,1.652053,-1.420643,-1.784101,1.303408,1.652053,0.000000,0.000000,0.000000,0.000000,0.000000,0.000000,0.000000,0.000000,-1167.619141,166.847092,995.560974,1220.935669
0.7804,True,0.000000,0.000000,0.000000,0.000000,0.000000,0.000000,-1.420860,-1.784101,1.303770,1.652094,-1.420643,-1.783600,1.303770,1.652094,0.000000,0.000000,0.000000,0.000000,0.000000,0.000000,0.000000,0.000000,-1167.619141,166.847092,995.560974,1220.935669
0.8004,True,0.000000,0.000000,0.000000,0.000000,0.000000,0.000000,-1.420643,-1.783452,1.304133,1.652053,-1.420643,-1.783952,1.303770,1.652053,0.000000,0.000000,0.000000,0.000000,0.000000,0.000000,0.000000,0.000000,-1167.619141,166.847092,995.560974,1220.935669
0.8207,True,0.000000,0.000000,0.000000,0.000000,0.000000,0.000000,-1.420643,-1.784101,1.304051,1.652094,-1.420860,-1.784101,1.304051,1.652094,0.000000,0.000000,0.000000,0.000000,0.000000,0.000000,0.000000,0.000000,-1167.619141,166.847092,995.560974,1220.935669
0.8404,True,0.000000,0.000000,0.000000,0.000000,0.000000,0.000000,-1.420643,-1.784101,1.303490,1.652053,-1.420425,-1.784101,1.303770,1.652053,0.000000,0.000000,0.000000,0.000000,0.000000,0.000000,0.000000,0.000000,-1167.619141,166.847092,995.560974,1220.935669
0.8604,True,0.000000,0.000000,0.000000,0.000000,0.000000,0.000000,-1.420643,-1.784101,1.304133,1.652011,-1.420643,-1.784101,1.304133,1.652011,0.000000,0.000000,0.000000,0.000000,0.000000,0.000000,0.000000,0.000000,-1167.619141,166.847092,995.560974,1220.935669
0.8804,True,0.000000,0.000000,0.000000,0.000000,0.000000,0.000000,-1.420643,-1.784101,1.304133,1.652011,-1.420643,-1.784101,1.304133,1.652011,0.000000,0.000000,0.000000,0.000000,0.000000,0.000000,0.000000,0.000000,-1167.619141,166.847092,995.560974,1220.935669
0.9004,True,0.000000,0.000000,0.000000,0.000000,0.000000,0.000000,-1.420860,-1.784101,1.304133,1.652011,-1.420643,-1.784101,1.304133,1.652053,0.000000,0.000000,0.000000,0.000000,0.000000,0.000000,0.000000,0.000000,-1167.619141,166.847092,995.560974,1220.935669
0.9204,True,0.000000,0.000000,0.000000,0.000000,0.000000,0.000000,-1.420643,-1.784101,1.303490,1.652094,-1.420643,-1.784101,1.303853,1.652094,0.000000,0.000000,0.000000,0.000000,0.000000,0.000000,0.000000,0.000000,-1167.619141,166.847092,995.560974,1220.935669
0.9404,True,0.000000,0.000000,0.000000,0.000000,0.000000,0.000000,-1.420643,-1.783952,1.303770,1.652094,-1.420643,-1.784101,1.303770,1.652094,0.000000,0.000000,0.000000,0.000000,0.000000,0.000000,0.000000,0.000000,-1167.619141,166.847092,995.560974,1220.935669
0.9604,True,0.000000,0.000000,0.000000,0.000000,0.000000,0.000000,-1.420425,-1.783452,1.303770,1.652011,-1.420425,-1.783452,1.303770,1.652011,0.000000,0.000000,0.000000,0.000000,0.000000,0.000000,0.000000,0.000000,-1167.619141,166.847092,995.560974,1220.935669
0.9805,True,0.000000,0.000000,0.000000,0.000000,0.000000,0.000000,-1.420860,-1.783952,1.303770,1.652011,-1.420860,-1.783952,1.303770,1.652011,0.000000,0.000000,0.000000,0.000000,0.000000,0.000000,0.000000,0.000000,-1167.619141,166.847092,995.560974,1220.935669
1.0004,True,0.000000,0.000000,0.000000,0.000000,0.000000,0.000000,-1.420860,-1.783952,1.303770,1.652011,-1.420860,-1.783952,1.303770,1.652011,0.000000,0.000000,0.000000,0.000000,0.000000,0.000000,0.000000,0.000000,-1167.619141,166.847092,995.560974,1220.935669
1.0204,True,0.000000,0.000000,0.000000,0.000000,0.000000,0.000000,-1.420860,-1.783952,1.303770,1.652011,-1.420425,-1.783952,1.303770,1.652011,0.000000,0.000000,0.000000,0.000000,0.000000,0.000000,0.000000,0.000000,-1167.619141,166.847092,995.560974,1220.935669
1.0406,True,0.000000,0.000000,0.000000,0.000000,0.000000,0.000000,-1.420860,-1.783952,1.303770,1.652011,-1.420860,-1.783952,1.303770,1.652011,0.000000,0.000000,0.000000,0.000000,0.000000,0.000000,0.000000,0.000000,-1167.619141,166.847092,995.560974,1220.935669
1.0604,True,0.000000,0.000000,0.000000,0.000000,0.000000,0.000000,-1.420643,-1.783952,1.303770,1.652053,-1.420643,-1.783952,1.303770,1.652053,0.000000,0.000000,0.000000,0.000000,0.000000,0.000000,0.000000,0.000000,-1167.619141,166.847092,995.560974,1220.935669
1.0804,True,0.000000,0.000000,0.000000,0.000000,0.000000,0.000000,-1.420860,-1.783952,1.304133,1.652011,-1.420860,-1.783952,1.304133,1.652011,0.000000,0.000000,0.000000,0.000000,0.000000,0.000000,0.000000,0.000000,-1167.619141,166.847092,995.560974,1220.935669
1.1004,True,0.000000,0.000000,0.000000,0.000000,0.000000,0.000000,-1.420860,-1.783452,1.303853,1.652011,-1.420860,-1.783452,1.303853,1.652011,0.000000,0.000000,0.000000,0.000000,0.000000,0.000000,0.000000,0.000000,-1167.619141,166.847092,995.560974,1220.935669
1.1204,True,0.000000,0.000000,0.000000,0.000000,0.000000,0.000000,-1.420643,-1.783452,1.304133,1.652011,-1.420860,-1.783952,1.303490,1.652011,0.000000,0.000000,0.000000,0.000000,0.000000,0.000000,0.000000,0.000000,-1167.619141,166.847092,995.560974,1220.935669
1.1404,True,0.000000,0.000000,0.000000,0.000000,0.000000,0.000000,-1.420860,-1.783452,1.304133,1.652053,-1.420860,-1.783452,1.304133,1.652053,0.000000,0.000000,0.000000,0.000000,0.000000,0.000000,0.000000,0.000000,-1167.619141,166.847092,995.560974,1220.935669
1.1604,True,0.000000,0.000000,0.000000,0.000000,0.000000,0.000000,-1.420860,-1.783452,1.303408,1.651970,-1.420860,-1.783452,1.303408,1.651970,0.000000,0.000000,0.000000,0.000000,0.000000,0.000000,0.000000,0.000000,-1167.619141,166.847092,995.560974,1220.935669
1.1804,True,0.000000,0.000000,0.000000,0.000000,0.000000,0.000000,-1.420860,-1.783952,1.304133,1.652053,-1.420643,-1.783452,1.304133,1.652053,0.000000,0.000000,0.000000,0.000000,0.000000,0.000000,0.000000,0.000000,-1167.619141,166.847092,995.560974,1220.935669
1.2004,True,0.000000,0.000000,0.000000,0.000000,0.000000,0.000000,-1.420643,-1.783952,1.304133,1.652053,-1.420643,-1.783952,1.304133,1.652053,0.000000,0.000000,0.000000,0.000000,0.000000,0.000000,0.000000,0.000000,-1167.619141,166.847092,995.560974,1220.935669
1.2204,True,0.000000,0.000000,0.000000,0.000000,0.000000,0.000000,-1.420643,-1.784101,1.303770,1.652053,-1.420860,-1.784101,1.303770,1.652053,0.000000,0.000000,0.000000,0.000000,0.000000,0.000000,0.000000,0.000000,-1167.619141,166.847092,995.560974,1220.935669
1.2404,True,0.000000,0.000000,0.000000,0.000000,0.000000,0.000000,-1.420643,-1.783952,1.303408,1.652011,-1.420643,-1.783952,1.303408,1.652053,0.000000,0.000000,0.000000,0.000000,0.000000,0.000000,0.000000,0.000000,-1167.619141,166.847092,995.560974,1220.935669
1.2606,True,0.000000,0.000000,0.000000,0.000000,0.000000,0.000000,-1.420643,-1.783952,1.303770,1.652053,-1.420643,-1.783952,1.303770,1.652053,0.000000,0.000000,0.000000,0.000000,0.000000,0.000000,0.000000,0.000000,-1167.619141,166.847092,995.560974,1220.935669
1.2804,True,0.000000,0.000000,0.000000,0.000000,0.000000,0.000000,-1.420643,-1.783952,1.303770,1.652053,-1.420860,-1.783952,1.303770,1.652053,0.000000,0.000000,0.000000,0.000000,0.000000,0.000000,0.000000,0.000000,-1167.619141,166.847092,995.560974,1220.935669
1.3004,True,0.000000,0.000000,0.000000,0.000000,0.000000,0.000000,-1.420860,-1.783952,1.304133,1.652011,-1.420860,-1.783952,1.304133,1.651970,0.000000,0.000000,0.000000,0.000000,0.000000,0.000000,0.000000,0.000000,-1167.619141,166.847092,995.560974,1220.935669
1.3204,True,0.000000,0.000000,0.000000,0.000000,0.000000,0.000000,-1.420643,-1.783952,1.303490,1.652011,-1.420643,-1.783952,1.303490,1.652011,0.000000,0.000000,0.000000,0.000000,0.000000,0.000000,0.000000,0.000000,-1167.619141,166.847092,995.560974,1220.935669
1.3404,True,0.000000,0.000000,0.000000,0.000000,0.000000,0.000000,-1.420860,-1.783452,1.304133,1.652053,-1.420860,-1.783452,1.303770,1.652053,0.000000,0.000000,0.000000,0.000000,0.000000,0.000000,0.000000,0.000000,-1167.619141,166.847092,995.560974,1220.935669
1.3604,True,0.000000,0.000000,0.000000,0.000000,0.000000,0.000000,-1.420643,-1.783952,1.303770,1.652011,-1.420643,-1.783952,1.303770,1.652011,0.000000,0.000000,0.000000,0.000000,0.000000,0.000000,0.000000,0.000000,-1167.619141,166.847092,995.560974,1220.935669
1.3804,True,0.000000,0.000000,0.000000,0.000000,0.000000,0.000000,-1.420643,-1.783952,1.304133,1.651970,-1.420643,-1.783952,1.304133,1.651970,0.000000,0.000000,0.000000,0.000000,0.000000,0.000000,0.000000,0.000000,-1167.619141,166.847092,995.560974,1220.935669
1.4004,True,0.000000,0.000000,0.000000,0.000000,0.000000,0.000000,-1.420643,-1.783952,1.304133,1.651970,-1.420643,-1.783952,1.304133,1.651970,0.000000,0.000000,0.000000,0.000000,0.000000,0.000000,0.000000,0.000000,-1167.619141,166.847092,995.560974,1220.935669
1.4204,True,0.000000,0.000000,0.000000,0.000000,0.000000,0.000000,-1.420643,-1.783952,1.304133,1.651970,-1.420643,-1.783952,1.304133,1.651970,0.000000,0.000000,0.000000,0.000000,0.000000,0.000000,0.000000,0.000000,-1167.619141,166.847092,995.560974,1220.935669
1.4405,True,0.000000,0.000000,0.000000,0.000000,0.000000,0.000000,-1.420643,-1.783952,1.304133,1.651970,-1.420643,-1.783952,1.304133,1.651970,0.000000,0.000000,0.000000,0.000000,0.000000,0.000000,0.000000,0.000000,-1167.619141,166.847092,995.560974,1220.935669
1.4604,True,0.000000,0.000000,0.000000,0.000000,0.000000,0.000000,-1.420643,-1.783952,1.304133,1.652053,-1.420860,-1.783952,1.304133,1.652053,0.000000,0.000000,0.000000,0.000000,0.000000,0.000000,0.000000,0.000000,-1167.619141,166.847092,995.560974,1220.935669
1.4804,True,0.000000,0.000000,0.000000,0.000000,0.000000,0.000000,-1.420860,-1.783952,1.304133,1.652053,-1.420860,-1.783952,1.304133,1.652053,0.000000,0.000000,0.000000,0.000000,0.000000,0.000000,0.000000,0.000000,-1167.619141,166.847092,995.560974,1220.935669
1.5004,True,0.000000,0.000000,0.000000,0.000000,0.000000,0.000000,-1.420425,-1.783952,1.304133,1.652053,-1.420643,-1.783952,1.303853,1.652053,0.000000,0.000000,0.000000,0.000000,0.000000,0.000000,0.000000,0.000000,-1167.619141,166.847092,995.560974,1220.935669
1.5204,True,0.000000,0.000000,0.000000,0.000000,0.000000,0.000000,-1.420643,-1.783952,1.303853,1.651970,-1.420860,-1.783952,1.304133,1.652053,0.000000,0.000000,0.000000,0.000000,0.000000,0.000000,0.000000,0.000000,-1167.619141,166.847092,995.560974,1220.935669
1.5406,True,0.000000,0.000000,0.000000,0.000000,0.000000,0.000000,-1.420643,-1.783952,1.303490,1.651970,-1.420643,-1.783952,1.303490,1.651970,0.000000,0.000000,0.000000,0.000000,0.000000,0.000000,0.000000,0.000000,-1167.619141,166.847092,995.560974,1220.935669
1.5604,True,0.000000,0.000000,0.000000,0.000000,0.000000,0.000000,-1.420860,-1.783952,1.303490,1.651970,-1.420643,-1.783952,1.303853,1.651970,0.000000,0.000000,0.000000,0.000000,0.000000,0.000000,0.000000,0.000000,-1167.619141,166.847092,995.560974,1220.935669
1.5804,True,0.000000,0.000000,0.000000,0.000000,0.000000,0.000000,-1.420643,-1.783952,1.304133,1.652011,-1.420643,-1.783952,1.304133,1.652011,0.000000,0.000000,0.000000,0.000000,0.000000,0.000000,0.000000,0.000000,-1167.619141,166.847092,995.560974,1220.935669
1.6004,True,0.000000,0.000000,0.000000,0.000000,0.000000,0.000000,-1.420643,-1.783952,1.303490,1.651970,-1.420643,-1.783952,1.303490,1.651970,0.000000,0.000000,0.000000,0.000000,0.000000,0.000000,0.000000,0.000000,-1167.619141,166.847092,995.560974,1220.935669
1.6204,True,0.000000,0.000000,0.000000,0.000000,0.000000,0.000000,-1.420643,-1.783952,1.303490,1.651970,-1.420643,-1.783952,1.304215,1.651970,0.000000,0.000000,0.000000,0.000000,0.000000,0.000000,0.000000,0.000000,-1167.619141,166.847092,995.560974,1220.935669
1.6404,True,0.000000,0.000000,0.000000,0.000000,0.000000,0.000000,-1.420643,-1.783952,1.304133,1.651928,-1.420643,-1.783952,1.304133,1.651970,0.000000,0.000000,0.000000,0.000000,0.000000,0.000000,0.000000,0.000000,-1167.619141,166.847092,995.560974,1220.935669
1.6604,True,0.000000,0.000000,0.000000,0.000000,0.000000,0.000000,-1.420643,-1.783952,1.303408,1.651928,-1.420860,-1.783952,1.303408,1.651928,0.000000,0.000000,0.000000,0.000000,0.000000,0.000000,0.000000,0.000000,-1167.619141,166.847092,995.560974,1220.935669
1.6804,True,0.000000,0.000000,0.000000,0.000000,0.000000,0.000000,-1.420860,-1.783952,1.303853,1.651970,-1.420643,-1.783952,1.303490,1.651970,0.000000,0.000000,0.000000,0.000000,0.000000,0.000000,0.000000,0.000000,-1167.619141,166.847092,995.560974,1220.935669
1.7004,True,0.000000,0.000000,0.000000,0.000000,0.000000,0.000000,-1.420860,-1.783952,1.303490,1.651970,-1.420860,-1.783952,1.303490,1.651970,0.000000,0.000000,0.000000,0.000000,0.000000,0.000000,0.000000,0.000000,-1167.619141,166.847092,995.560974,1220.935669
1.7204,True,0.000000,0.000000,0.000000,0.000000,0.000000,0.000000,-1.420860,-1.783952,1.303490,1.651970,-1.420860,-1.783952,1.303490,1.651970,0.000000,0.000000,0.000000,0.000000,0.000000,0.000000,0.000000,0.000000,-1167.619141,166.847092,995.560974,1220.935669
1.7404,True,0.000000,0.000000,0.000000,0.000000,0.000000,0.000000,-1.420860,-1.783952,1.303853,1.651970,-1.420860,-1.783952,1.303853,1.651970,0.000000,0.000000,0.000000,0.000000,0.000000,0.000000,0.000000,0.000000,-1167.619141,166.847092,995.560974,1220.935669
1.7606,True,0.000000,0.000000,0.000000,0.000000,0.000000,0.000000,-1.420860,-1.783952,1.303490,1.652011,-1.420860,-1.783952,1.303490,1.652011,0.000000,0.000000,0.000000,0.000000,0.000000,0.000000,0.000000,0.000000,-1167.619141,166.847092,995.560974,1220.935669
1.7804,True,0.000000,0.000000,0.000000,0.000000,0.000000,0.000000,-1.420643,-1.783952,1.303490,1.652011,-1.420643,-1.783952,1.303490,1.651970,0.000000,0.000000,0.000000,0.000000,0.000000,0.000000,0.000000,0.000000,-1167.619141,166.847092,995.560974,1220.935669
1.8004,True,0.000000,0.000000,0.000000,0.000000,0.000000,0.000000,-1.420643,-1.783952,1.303490,1.651970,-1.420860,-1.783952,1.303770,1.651970,0.000000,0.000000,0.000000,0.000000,0.000000,0.000000,0.000000,0.000000,-1167.619141,166.847092,995.560974,1220.935669
1.8206,True,0.000000,0.000000,0.000000,0.000000,0.000000,0.000000,-1.420643,-1.783952,1.303490,1.652011,-1.420643,-1.783952,1.303490,1.652011,0.000000,0.000000,0.000000,0.000000,0.000000,0.000000,0.000000,0.000000,-1167.619141,166.847092,995.560974,1220.935669
1.8404,True,0.000000,0.000000,0.000000,0.000000,0.000000,0.000000,-1.420643,-1.783952,1.303770,1.652011,-1.420643,-1.783952,1.303770,1.651970,0.000000,0.000000,0.000000,0.000000,0.000000,0.000000,0.000000,0.000000,-1167.619141,166.847092,995.560974,1220.935669
1.8604,True,0.000000,0.000000,0.000000,0.000000,0.000000,0.000000,-1.420643,-1.783952,1.303770,1.651970,-1.420643,-1.783952,1.303853,1.651970,0.000000,0.000000,0.000000,0.000000,0.000000,0.000000,0.000000,0.000000,-1167.619141,166.847092,995.560974,1220.935669
1.8804,True,0.000000,0.000000,0.000000,0.000000,0.000000,0.000000,-1.420643,-1.783952,1.303490,1.652011,-1.420643,-1.783952,1.303490,1.652011,0.000000,0.000000,0.000000,0.000000,0.000000,0.000000,0.000000,0.000000,-1167.619141,166.847092,995.560974,1220.935669
1.9004,True,0.000000,0.000000,0.000000,0.000000,0.000000,0.000000,-1.420643,-1.783952,1.304133,1.652011,-1.420643,-1.783952,1.303770,1.651970,0.000000,0.000000,0.000000,0.000000,0.000000,0.000000,0.000000,0.000000,-1167.619141,166.847092,995.560974,1220.935669
1.9204,True,0.000000,0.000000,0.000000,0.000000,0.000000,0.000000,-1.420425,-1.783952,1.303770,1.652011,-1.420425,-1.783952,1.303770,1.652011,0.000000,0.000000,0.000000,0.000000,0.000000,0.000000,0.000000,0.000000,-1167.619141,166.847092,995.560974,1220.935669
1.9404,True,0.000000,0.000000,0.000000,0.000000,0.000000,0.000000,-1.420643,-1.783952,1.303770,1.652011,-1.420643,-1.783952,1.303490,1.652011,0.000000,0.000000,0.000000,0.000000,0.000000,0.000000,0.000000,0.000000,-1167.619141,166.847092,995.560974,1220.935669
1.9604,True,0.000000,0.000000,0.000000,0.000000,0.000000,0.000000,-1.420643,-1.783303,1.303853,1.652011,-1.420860,-1.783303,1.303770,1.651970,0.000000,0.000000,0.000000,0.000000,0.000000,0.000000,0.000000,0.000000,-1167.619141,166.847092,995.560974,1220.935669
1.9806,True,0.000000,0.000000,0.000000,0.000000,0.000000,0.000000,-1.420643,-1.783303,1.303490,1.652011,-1.420643,-1.783303,1.303490,1.652011,0.000000,0.000000,0.000000,0.000000,0.000000,0.000000,0.000000,0.000000,-1167.619141,166.847092,995.560974,1220.935669
2.0006,True,0.000000,0.000000,0.000000,0.000000,0.000000,0.000000,-1.420643,-1.783952,1.303853,1.652011,-1.420643,-1.783952,1.304133,1.652011,0.000000,0.000000,0.000000,0.000000,0.000000,0.000000,0.000000,0.000000,-1167.619141,166.847092,995.560974,1220.935669
2.0204,True,0.000000,0.000000,0.000000,0.000000,0.000000,0.000000,-1.420425,-1.783303,1.304133,1.651970,-1.420425,-1.783303,1.304133,1.651970,0.000000,0.000000,0.000000,0.000000,0.000000,0.000000,0.000000,0.000000,-1167.619141,166.847092,995.560974,1220.935669
2.0405,True,0.000000,0.000000,0.000000,0.000000,0.000000,0.000000,-1.420643,-1.783303,1.303770,1.651970,-1.420643,-1.783303,1.303770,1.651970,0.000000,0.000000,0.000000,0.000000,0.000000,0.000000,0.000000,0.000000,-1167.619141,166.847092,995.560974,1220.935669
2.0604,True,0.000000,0.000000,0.000000,0.000000,0.000000,0.000000,-1.420425,-1.783452,1.304133,1.651970,-1.420643,-1.783452,1.303853,1.651970,0.000000,0.000000,0.000000,0.000000,0.000000,0.000000,0.000000,0.000000,-1167.619141,166.847092,995.560974,1220.935669
2.0804,True,0.000000,0.000000,0.000000,0.000000,0.000000,0.000000,-1.420860,-1.783303,1.303770,1.652011,-1.420860,-1.783303,1.303770,1.652011,0.000000,0.000000,0.000000,0.000000,0.000000,0.000000,0.000000,0.000000,-1167.619141,166.847092,995.560974,1220.935669
2.1004,True,0.000000,0.000000,0.000000,0.000000,0.000000,0.000000,-1.420860,-1.783804,1.303490,1.652011,-1.420860,-1.783804,1.303490,1.652011,0.000000,0.000000,0.000000,0.000000,0.000000,0.000000,0.000000,0.000000,-1167.619141,166.847092,995.560974,1220.935669
2.1204,True,0.000000,0.000000,0.000000,0.000000,0.000000,0.000000,-1.420643,-1.783804,1.303853,1.652011,-1.420643,-1.783804,1.303853,1.652011,0.000000,0.000000,0.000000,0.000000,0.000000,0.000000,0.000000,0.000000,-1167.619141,166.847092,995.560974,1220.935669
2.1404,True,0.000000,0.000000,0.000000,0.000000,0.000000,0.000000,-1.420425,-1.783952,1.303490,1.652011,-1.420425,-1.783952,1.303490,1.652011,0.000000,0.000000,0.000000,0.000000,0.000000,0.000000,0.000000,0.000000,-1167.619141,166.847092,995.560974,1220.935669
2.1604,True,0.000000,0.000000,0.000000,0.000000,0.000000,0.000000,-1.420643,-1.783952,1.303490,1.651928,-1.420643,-1.783952,1.303490,1.651928,0.000000,0.000000,0.000000,0.000000,0.000000,0.000000,0.000000,0.000000,-1167.619141,166.847092,995.560974,1220.935669
2.1804,True,0.000000,0.000000,0.000000,0.000000,0.000000,0.000000,-1.420860,-1.783804,1.303770,1.651970,-1.420860,-1.783804,1.303770,1.651970,0.000000,0.000000,0.000000,0.000000,0.000000,0.000000,0.000000,0.000000,-1167.619141,166.847092,995.560974,1220.935669
2.2004,True,0.000000,0.000000,0.000000,0.000000,0.000000,0.000000,-1.420425,-1.783804,1.303770,1.651970,-1.420425,-1.783804,1.304133,1.651970,0.000000,0.000000,0.000000,0.000000,0.000000,0.000000,0.000000,0.000000,-1167.619141,166.847092,995.560974,1220.935669
2.2204,True,0.000000,0.000000,0.000000,0.000000,0.000000,0.000000,-1.420643,-1.783804,1.303770,1.651970,-1.420643,-1.783804,1.303770,1.651970,0.000000,0.000000,0.000000,0.000000,0.000000,0.000000,0.000000,0.000000,-1167.619141,166.847092,995.560974,1220.935669
2.2404,True,0.000000,0.000000,0.000000,0.000000,0.000000,0.000000,-1.420643,-1.783804,1.303770,1.651970,-1.420643,-1.783804,1.303770,1.651970,0.000000,0.000000,0.000000,0.000000,0.000000,0.000000,0.000000,0.000000,-1167.619141,166.847092,995.560974,1220.935669
2.2607,True,0.000000,0.000000,0.000000,0.000000,0.000000,0.000000,-1.420425,-1.783804,1.303770,1.651970,-1.420425,-1.783804,1.303770,1.651970,0.000000,0.000000,0.000000,0.000000,0.000000,0.000000,0.000000,0.000000,-1167.619141,166.847092,995.560974,1220.935669
2.2804,True,0.000000,0.000000,0.000000,0.000000,0.000000,0.000000,-1.420849,-1.783804,1.303770,1.651970,-1.420849,-1.783804,1.303770,1.651970,0.000000,0.000000,0.000000,0.000000,0.000000,0.000000,0.000000,0.000000,-1167.619141,166.847092,995.560974,1220.935669
2.3004,True,0.000000,0.000000,0.000000,0.000000,0.000000,0.000000,-1.420425,-1.784305,1.303770,1.651970,-1.420643,-1.784305,1.303770,1.651970,0.000000,0.000000,0.000000,0.000000,0.000000,0.000000,0.000000,0.000000,-1167.619141,166.847092,995.560974,1220.935669
2.3206,True,0.000000,0.000000,0.000000,0.000000,0.000000,0.000000,-1.421066,-1.783303,1.303770,1.651970,-1.421066,-1.783303,1.303770,1.651970,0.000000,0.000000,0.000000,0.000000,0.000000,0.000000,0.000000,0.000000,-1167.619141,166.847092,995.560974,1220.935669
2.3404,True,0.000000,0.000000,0.000000,0.000000,0.000000,0.000000,-1.420643,-1.783804,1.303408,1.651970,-1.420643,-1.783804,1.303408,1.651970,0.000000,0.000000,0.000000,0.000000,0.000000,0.000000,0.000000,0.000000,-1167.619141,166.847092,995.560974,1220.935669
2.3604,True,0.000000,0.000000,0.000000,0.000000,0.000000,0.000000,-1.420860,-1.783804,1.303770,1.651970,-1.420860,-1.783804,1.303770,1.651970,0.000000,0.000000,0.000000,0.000000,0.000000,0.000000,0.000000,0.000000,-1167.619141,166.847092,995.560974,1220.935669
2.3804,True,0.000000,0.000000,0.000000,0.000000,0.000000,0.000000,-1.420643,-1.783804,1.303770,1.651970,-1.420643,-1.783804,1.303770,1.651970,0.000000,0.000000,0.000000,0.000000,0.000000,0.000000,0.000000,0.000000,-1167.619141,166.847092,995.560974,1220.935669
2.4005,True,0.000000,0.000000,0.000000,0.000000,0.000000,0.000000,-1.420643,-1.783804,1.304133,1.651970,-1.420643,-1.783804,1.304133,1.651970,0.000000,0.000000,0.000000,0.000000,0.000000,0.000000,0.000000,0.000000,-1167.619141,166.847092,995.560974,1220.935669
2.4204,True,0.000000,0.000000,0.000000,0.000000,0.000000,0.000000,-1.420643,-1.783804,1.303770,1.651970,-1.420643,-1.783804,1.303770,1.651970,0.000000,0.000000,0.000000,0.000000,0.000000,0.000000,0.000000,0.000000,-1167.619141,166.847092,995.560974,1220.935669
2.4404,True,0.000000,0.000000,0.000000,0.000000,0.000000,0.000000,-1.420643,-1.783804,1.303770,1.651970,-1.420643,-1.783303,1.303770,1.651970,0.000000,0.000000,0.000000,0.000000,0.000000,0.000000,0.000000,0.000000,-1167.619141,166.847092,995.560974,1220.935669
2.4604,True,0.000000,0.000000,0.000000,0.000000,0.000000,0.000000,-1.420643,-1.783303,1.303770,1.651970,-1.420425,-1.783303,1.303490,1.651970,0.000000,0.000000,0.000000,0.000000,0.000000,0.000000,0.000000,0.000000,-1167.619141,166.847092,995.560974,1220.935669
2.4804,True,0.000000,0.000000,0.000000,0.000000,0.000000,0.000000,-1.420643,-1.783804,1.303770,1.651970,-1.420643,-1.783804,1.303853,1.651970,0.000000,0.000000,0.000000,0.000000,0.000000,0.000000,0.000000,0.000000,-1167.619141,166.847092,995.560974,1220.935669
2.5004,True,0.000000,0.000000,0.000000,0.000000,0.000000,0.000000,-1.420425,-1.783804,1.303490,1.651970,-1.420425,-1.783804,1.303770,1.651970,0.000000,0.000000,0.000000,0.000000,0.000000,0.000000,0.000000,0.000000,-1167.619141,166.847092,995.560974,1220.935669
2.5204,True,0.000000,0.000000,0.000000,0.000000,0.000000,0.000000,-1.420425,-1.783303,1.303770,1.651970,-1.420425,-1.783303,1.303770,1.651970,0.000000,0.000000,0.000000,0.000000,0.000000,0.000000,0.000000,0.000000,-1167.619141,166.847092,995.560974,1220.935669
2.5405,True,0.000000,0.000000,0.000000,0.000000,0.000000,0.000000,-1.420643,-1.783303,1.303770,1.651970,-1.420643,-1.783303,1.303770,1.651970,0.000000,0.000000,0.000000,0.000000,0.000000,0.000000,0.000000,0.000000,-1167.619141,166.847092,995.560974,1220.935669
2.5604,True,0.000000,0.000000,0.000000,0.000000,0.000000,0.000000,-1.420643,-1.783303,1.303490,1.651970,-1.420425,-1.783303,1.303770,1.651970,0.000000,0.000000,0.000000,0.000000,0.000000,0.000000,0.000000,0.000000,-1167.619141,166.847092,995.560974,1220.935669
2.5804,True,0.000000,0.000000,0.000000,0.000000,0.000000,0.000000,-1.420643,-1.783804,1.303770,1.651970,-1.420643,-1.783804,1.303770,1.651970,0.000000,0.000000,0.000000,0.000000,0.000000,0.000000,0.000000,0.000000,-1167.619141,166.847092,995.560974,1220.935669
2.6004,True,0.000000,0.000000,0.000000,0.000000,0.000000,0.000000,-1.420425,-1.783303,1.304051,1.651970,-1.420425,-1.783303,1.304051,1.651970,0.000000,0.000000,0.000000,0.000000,0.000000,0.000000,0.000000,0.000000,-1167.619141,166.847092,995.560974,1220.935669
2.6204,True,0.000000,0.000000,0.000000,0.000000,0.000000,0.000000,-1.420643,-1.783952,1.303770,1.651970,-1.420643,-1.783952,1.303770,1.651970,0.000000,0.000000,0.000000,0.000000,0.000000,0.000000,0.000000,0.000000,-1167.619141,166.847092,995.560974,1220.935669
2.6404,True,0.000000,0.000000,0.000000,0.000000,0.000000,0.000000,-1.420425,-1.783952,1.303408,1.651970,-1.420643,-1.783952,1.303408,1.651970,0.000000,0.000000,0.000000,0.000000,0.000000,0.000000,0.000000,0.000000,-1167.619141,166.847092,995.560974,1220.935669
2.6604,True,0.000000,0.000000,0.000000,0.000000,0.000000,0.000000,-1.420643,-1.783804,1.303408,1.651970,-1.420643,-1.783804,1.303408,1.651970,0.000000,0.000000,0.000000,0.000000,0.000000,0.000000,0.000000,0.000000,-1167.619141,166.847092,995.560974,1220.935669
2.6804,True,0.000000,0.000000,0.000000,0.000000,0.000000,0.000000,-1.420643,-1.783804,1.303770,1.651970,-1.420643,-1.783804,1.303770,1.651970,0.000000,0.000000,0.000000,0.000000,0.000000,0.000000,0.000000,0.000000,-1167.619141,166.847092,995.560974,1220.935669
2.7004,True,0.000000,0.000000,0.000000,0.000000,0.000000,0.000000,-1.420643,-1.783452,1.303408,1.651970,-1.420643,-1.783452,1.303408,1.651970,0.000000,0.000000,0.000000,0.000000,0.000000,0.000000,0.000000,0.000000,-1167.619141,166.847092,995.560974,1220.935669
2.7204,True,0.000000,0.000000,0.000000,0.000000,0.000000,0.000000,-1.420643,-1.783303,1.304133,1.651970,-1.420643,-1.783303,1.304133,1.651970,0.000000,0.000000,0.000000,0.000000,0.000000,0.000000,0.000000,0.000000,-1167.619141,166.847092,995.560974,1220.935669
2.7404,True,0.000000,0.000000,0.000000,0.000000,0.000000,0.000000,-1.420643,-1.783303,1.304133,1.652011,-1.420643,-1.783303,1.304133,1.651970,0.000000,0.000000,0.000000,0.000000,0.000000,0.000000,0.000000,0.000000,-1167.619141,166.847092,995.560974,1220.935669
2.7604,True,0.000000,0.000000,0.000000,0.000000,0.000000,0.000000,-1.420425,-1.783303,1.304133,1.651970,-1.420425,-1.783303,1.304133,1.651970,0.000000,0.000000,0.000000,0.000000,0.000000,0.000000,0.000000,0.000000,-1167.619141,166.847092,995.560974,1220.935669
2.7807,True,0.000000,0.000000,0.000000,0.000000,0.000000,0.000000,-1.420425,-1.783303,1.304133,1.651928,-1.420643,-1.783303,1.304133,1.651928,0.000000,0.000000,0.000000,0.000000,0.000000,0.000000,0.000000,0.000000,-1167.619141,166.847092,995.560974,1220.935669
2.8005,True,0.000000,0.000000,0.000000,0.000000,0.000000,0.000000,-1.420849,-1.783303,1.304133,1.651970,-1.420643,-1.783303,1.304133,1.652011,0.000000,0.000000,0.000000,0.000000,0.000000,0.000000,0.000000,0.000000,-1167.619141,166.847092,995.560974,1220.935669
2.8208,True,0.000000,0.000000,0.000000,0.000000,0.000000,0.000000,-1.420425,-1.783303,1.304133,1.652011,-1.421066,-1.783303,1.304133,1.651970,0.000000,0.000000,0.000000,0.000000,0.000000,0.000000,0.000000,0.000000,-1167.619141,166.847092,995.560974,1220.935669
2.8406,True,0.000000,0.000000,0.000000,0.000000,0.000000,0.000000,-1.420425,-1.783303,1.304133,1.651970,-1.420425,-1.783303,1.304133,1.651928,0.000000,0.000000,0.000000,0.000000,0.000000,0.000000,0.000000,0.000000,-1167.619141,166.847092,995.560974,1220.935669
2.8604,True,0.000000,0.000000,0.000000,0.000000,0.000000,0.000000,-1.420425,-1.783303,1.303853,1.651970,-1.420643,-1.783303,1.304133,1.651970,0.000000,0.000000,0.000000,0.000000,0.000000,0.000000,0.000000,0.000000,-1167.619141,166.847092,995.560974,1220.935669
2.8804,True,0.000000,0.000000,0.000000,0.000000,0.000000,0.000000,-1.420425,-1.783303,1.303853,1.652011,-1.420849,-1.783303,1.303853,1.652011,0.000000,0.000000,0.000000,0.000000,0.000000,0.000000,0.000000,0.000000,-1167.619141,166.847092,995.560974,1220.935669
2.9005,True,0.000000,0.000000,0.000000,0.000000,0.000000,0.000000,-1.420425,-1.783303,1.303770,1.652053,-1.420425,-1.783303,1.303770,1.652053,0.000000,0.000000,0.000000,0.000000,0.000000,0.000000,0.000000,0.000000,-1167.619141,166.847092,995.560974,1220.935669
2.9205,True,0.000000,0.000000,0.000000,0.000000,0.000000,0.000000,-1.420425,-1.783303,1.303770,1.652053,-1.420425,-1.783303,1.304133,1.652053,0.000000,0.000000,0.000000,0.000000,0.000000,0.000000,0.000000,0.000000,-1167.619141,166.847092,995.560974,1220.935669
2.9405,True,0.000000,0.000000,0.000000,0.000000,0.000000,0.000000,-1.420425,-1.783303,1.303770,1.652011,-1.420425,-1.783303,1.303770,1.652011,0.000000,0.000000,0.000000,0.000000,0.000000,0.000000,0.000000,0.000000,-1167.619141,166.847092,995.560974,1220.935669
2.9605,True,0.000000,0.000000,0.000000,0.000000,0.000000,0.000000,-1.420425,-1.783303,1.303490,1.652011,-1.420425,-1.783303,1.303490,1.652011,0.000000,0.000000,0.000000,0.000000,0.000000,0.000000,0.000000,0.000000,-1167.619141,166.847092,995.560974,1220.935669
2.9804,True,0.000000,0.000000,0.000000,0.000000,0.000000,0.000000,-1.421066,-1.783303,1.303853,1.652011,-1.420849,-1.783303,1.303770,1.652011,0.000000,0.000000,0.000000,0.000000,0.000000,0.000000,0.000000,0.000000,-1167.619141,166.847092,995.560974,1220.935669
3.0004,True,0.000000,0.000000,0.000000,0.000000,0.000000,0.000000,-1.420643,-1.783303,1.303770,1.651970,-1.420643,-1.783303,1.304133,1.651970,0.000000,0.000000,0.000000,0.000000,0.000000,0.000000,0.000000,0.000000,-1167.619141,166.847092,995.560974,1220.935669
3.0204,True,0.000000,0.000000,0.000000,0.000000,0.000000,0.000000,-1.420425,-1.783952,1.303490,1.651928,-1.420425,-1.783952,1.303490,1.651928,0.000000,0.000000,0.000000,0.000000,0.000000,0.000000,0.000000,0.000000,-1167.619141,166.847092,995.560974,1220.935669
3.0408,True,0.000000,0.000000,0.000000,0.000000,0.000000,0.000000,-1.420425,-1.783303,1.303770,1.652011,-1.420425,-1.783303,1.303770,1.652011,0.000000,0.000000,0.000000,0.000000,0.000000,0.000000,0.000000,0.000000,-1167.619141,166.847092,995.560974,1220.935669
3.0605,True,0.000000,0.000000,0.000000,0.000000,0.000000,0.000000,-1.420425,-1.783952,1.303490,1.652011,-1.420425,-1.783952,1.303490,1.652011,0.000000,0.000000,0.000000,0.000000,0.000000,0.000000,0.000000,0.000000,-1167.619141,166.847092,995.560974,1220.935669
3.0804,True,0.000000,0.000000,0.000000,0.000000,0.000000,0.000000,-1.420425,-1.783952,1.304133,1.651970,-1.420425,-1.783952,1.304133,1.651970,0.000000,0.000000,0.000000,0.000000,0.000000,0.000000,0.000000,0.000000,-1167.619141,166.847092,995.560974,1220.935669
3.1004,True,0.000000,0.000000,0.000000,0.000000,0.000000,0.000000,-1.420425,-1.783952,1.304133,1.651970,-1.420425,-1.783952,1.304133,1.651970,0.000000,0.000000,0.000000,0.000000,0.000000,0.000000,0.000000,0.000000,-1167.619141,166.847092,995.560974,1220.935669
3.1210,True,0.000000,0.000000,0.000000,0.000000,0.000000,0.000000,-1.420643,-1.783952,1.304133,1.651970,-1.420643,-1.783952,1.304133,1.651970,0.000000,0.000000,0.000000,0.000000,0.000000,0.000000,0.000000,0.000000,-1167.619141,166.847092,995.560974,1220.935669
3.1404,True,0.000000,0.000000,0.000000,0.000000,0.000000,0.000000,-1.420643,-1.783952,1.304133,1.651970,-1.420860,-1.783952,1.304133,1.651928,0.000000,0.000000,0.000000,0.000000,0.000000,0.000000,0.000000,0.000000,-1167.619141,166.847092,995.560974,1220.935669
3.1604,True,0.000000,0.000000,0.000000,0.000000,0.000000,0.000000,-1.420860,-1.783952,1.304133,1.651970,-1.420860,-1.783952,1.304133,1.651970,0.000000,0.000000,0.000000,0.000000,0.000000,0.000000,0.000000,0.000000,-1167.619141,166.847092,995.560974,1220.935669
3.1806,True,0.000000,0.000000,0.000000,0.000000,0.000000,0.000000,-1.420643,-1.783952,1.303490,1.652011,-1.420643,-1.783952,1.303490,1.652011,0.000000,0.000000,0.000000,0.000000,0.000000,0.000000,0.000000,0.000000,-1167.619141,166.847092,995.560974,1220.935669
3.2004,True,0.000000,0.000000,0.000000,0.000000,0.000000,0.000000,-1.420643,-1.783952,1.303770,1.651970,-1.420643,-1.783952,1.304051,1.651970,0.000000,0.000000,0.000000,0.000000,0.000000,0.000000,0.000000,0.000000,-1167.619141,166.847092,995.560974,1220.935669
3.2204,True,0.000000,0.000000,0.000000,0.000000,0.000000,0.000000,-1.420643,-1.783952,1.304133,1.652053,-1.420643,-1.783952,1.304133,1.652053,0.000000,0.000000,0.000000,0.000000,0.000000,0.000000,0.000000,0.000000,-1167.619141,166.847092,995.560974,1220.935669
3.2404,True,0.000000,0.000000,0.000000,0.000000,0.000000,0.000000,-1.420860,-1.783952,1.303770,1.651970,-1.420643,-1.783952,1.304133,1.651970,0.000000,0.000000,0.000000,0.000000,0.000000,0.000000,0.000000,0.000000,-1167.619141,166.847092,995.560974,1220.935669
3.2604,True,0.000000,0.000000,0.000000,0.000000,0.000000,0.000000,-1.420643,-1.783952,1.303770,1.651970,-1.420860,-1.783952,1.304133,1.651970,0.000000,0.000000,0.000000,0.000000,0.000000,0.000000,0.000000,0.000000,-1167.619141,166.847092,995.560974,1220.935669
3.2804,True,0.000000,0.000000,0.000000,0.000000,0.000000,0.000000,-1.420643,-1.783952,1.303490,1.651970,-1.420643,-1.783952,1.303490,1.651970,0.000000,0.000000,0.000000,0.000000,0.000000,0.000000,0.000000,0.000000,-1167.619141,166.847092,995.560974,1220.935669
3.3004,True,0.000000,0.000000,0.000000,0.000000,0.000000,0.000000,-1.420643,-1.783952,1.303490,1.652011,-1.420643,-1.783952,1.303490,1.651970,0.000000,0.000000,0.000000,0.000000,0.000000,0.000000,0.000000,0.000000,-1167.619141,166.847092,995.560974,1220.935669
3.3204,True,0.000000,0.000000,0.000000,0.000000,0.000000,0.000000,-1.420425,-1.783952,1.303490,1.651970,-1.420425,-1.783952,1.303770,1.652011,0.000000,0.000000,0.000000,0.000000,0.000000,0.000000,0.000000,0.000000,-1167.619141,166.847092,995.560974,1220.935669
3.3404,True,0.000000,0.000000,0.000000,0.000000,0.000000,0.000000,-1.420425,-1.783952,1.304051,1.652011,-1.420425,-1.783952,1.303770,1.652011,0.000000,0.000000,0.000000,0.000000,0.000000,0.000000,0.000000,0.000000,-1167.619141,166.847092,995.560974,1220.935669
3.3604,True,0.000000,0.000000,0.000000,0.000000,0.000000,0.000000,-1.420643,-1.783952,1.303770,1.652011,-1.420643,-1.783952,1.303770,1.652011,0.000000,0.000000,0.000000,0.000000,0.000000,0.000000,0.000000,0.000000,-1167.619141,166.847092,995.560974,1220.935669
3.3804,True,0.000000,0.000000,0.000000,0.000000,0.000000,0.000000,-1.420860,-1.783952,1.303408,1.652011,-1.420643,-1.783952,1.303770,1.652011,0.000000,0.000000,0.000000,0.000000,0.000000,0.000000,0.000000,0.000000,-1167.619141,166.847092,995.560974,1220.935669
3.4005,True,0.000000,0.000000,0.000000,0.000000,0.000000,0.000000,-1.420643,-1.783952,1.304051,1.651970,-1.420643,-1.783952,1.303770,1.651970,0.000000,0.000000,0.000000,0.000000,0.000000,0.000000,0.000000,0.000000,-1167.619141,166.847092,995.560974,1220.935669
3.4204,True,0.000000,0.000000,0.000000,0.000000,0.000000,0.000000,-1.420425,-1.783952,1.303770,1.652011,-1.420207,-1.783952,1.303770,1.652011,0.000000,0.000000,0.000000,0.000000,0.000000,0.000000,0.000000,0.000000,-1167.619141,166.847092,995.560974,1220.935669
3.4404,True,0.000000,0.000000,0.000000,0.000000,0.000000,0.000000,-1.420207,-1.783952,1.303490,1.651970,-1.421066,-1.783952,1.303770,1.652011,0.000000,0.000000,0.000000,0.000000,0.000000,0.000000,0.000000,0.000000,-1167.619141,166.847092,995.560974,1220.935669
3.4606,True,0.000000,0.000000,0.000000,0.000000,0.000000,0.000000,-1.420425,-1.783952,1.304133,1.652053,-1.420425,-1.783952,1.304133,1.652053,0.000000,0.000000,0.000000,0.000000,0.000000,0.000000,0.000000,0.000000,-1167.619141,166.847092,995.560974,1220.935669
3.4804,True,0.000000,0.000000,0.000000,0.000000,0.000000,0.000000,-1.420643,-1.783952,1.303770,1.652011,-1.420643,-1.783952,1.304133,1.652011,0.000000,0.000000,0.000000,0.000000,0.000000,0.000000,0.000000,0.000000,-1167.619141,166.847092,995.560974,1220.935669
3.5004,True,0.000000,0.000000,0.000000,0.000000,0.000000,0.000000,-1.420643,-1.783952,1.304133,1.651970,-1.420425,-1.783952,1.303490,1.651970,0.000000,0.000000,0.000000,0.000000,0.000000,0.000000,0.000000,0.000000,-1167.619141,166.847092,995.560974,1220.935669
3.5204,True,0.000000,0.000000,0.000000,0.000000,0.000000,0.000000,-1.420643,-1.783952,1.303770,1.651970,-1.420643,-1.783952,1.303770,1.651970,0.000000,0.000000,0.000000,0.000000,0.000000,0.000000,0.000000,0.000000,-1167.619141,166.847092,995.560974,1220.935669
3.5404,True,0.000000,0.000000,0.000000,0.000000,0.000000,0.000000,-1.420860,-1.783303,1.304133,1.652011,-1.420860,-1.783303,1.304133,1.652011,0.000000,0.000000,0.000000,0.000000,0.000000,0.000000,0.000000,0.000000,-1167.619141,166.847092,995.560974,1220.935669
3.5604,True,0.000000,0.000000,0.000000,0.000000,0.000000,0.000000,-1.420425,-1.783952,1.304133,1.652011,-1.420425,-1.783952,1.303490,1.652011,0.000000,0.000000,0.000000,0.000000,0.000000,0.000000,0.000000,0.000000,-1167.619141,166.847092,995.560974,1220.935669
3.5804,True,0.000000,0.000000,0.000000,0.000000,0.000000,0.000000,-1.420643,-1.783656,1.304133,1.652011,-1.420643,-1.783656,1.304133,1.652011,0.000000,0.000000,0.000000,0.000000,0.000000,0.000000,0.000000,0.000000,-1167.619141,166.847092,995.560974,1220.935669
3.6004,True,0.000000,0.000000,0.000000,0.000000,0.000000,0.000000,-1.420425,-1.783303,1.304133,1.652053,-1.420643,-1.783303,1.303853,1.652053,0.000000,0.000000,0.000000,0.000000,0.000000,0.000000,0.000000,0.000000,-1167.619141,166.847092,995.560974,1220.935669
3.6204,True,0.000000,0.000000,0.000000,0.000000,0.000000,0.000000,-1.420643,-1.783952,1.304133,1.652053,-1.420643,-1.783952,1.304133,1.652053,0.000000,0.000000,0.000000,0.000000,0.000000,0.000000,0.000000,0.000000,-1167.619141,166.847092,995.560974,1220.935669
3.6405,True,0.000000,0.000000,0.000000,0.000000,0.000000,0.000000,-1.420643,-1.783952,1.304133,1.652011,-1.420643,-1.783952,1.304133,1.652011,0.000000,0.000000,0.000000,0.000000,0.000000,0.000000,0.000000,0.000000,-1167.619141,166.847092,995.560974,1220.935669
3.6604,True,0.000000,0.000000,0.000000,0.000000,0.000000,0.000000,-1.420643,-1.783952,1.303490,1.652053,-1.420643,-1.783952,1.303490,1.652053,0.000000,0.000000,0.000000,0.000000,0.000000,0.000000,0.000000,0.000000,-1167.619141,166.847092,995.560974,1220.935669
3.6804,True,0.000000,0.000000,0.000000,0.000000,0.000000,0.000000,-1.420643,-1.783804,1.304133,1.652011,-1.420643,-1.783804,1.304133,1.652011,0.000000,0.000000,0.000000,0.000000,0.000000,0.000000,0.000000,0.000000,-1167.619141,166.847092,995.560974,1220.935669
3.7004,True,0.000000,0.000000,0.000000,0.000000,0.000000,0.000000,-1.420643,-1.783804,1.304133,1.652011,-1.420643,-1.783804,1.304133,1.652011,0.000000,0.000000,0.000000,0.000000,0.000000,0.000000,0.000000,0.000000,-1167.619141,166.847092,995.560974,1220.935669
3.7204,True,0.000000,0.000000,0.000000,0.000000,0.000000,0.000000,-1.420643,-1.783952,1.303490,1.652011,-1.420643,-1.783952,1.303770,1.652011,0.000000,0.000000,0.000000,0.000000,0.000000,0.000000,0.000000,0.000000,-1167.619141,166.847092,995.560974,1220.935669
3.7405,True,0.000000,0.000000,0.000000,0.000000,0.000000,0.000000,-1.420643,-1.783952,1.303490,1.652011,-1.420643,-1.783952,1.303490,1.652011,0.000000,0.000000,0.000000,0.000000,0.000000,0.000000,0.000000,0.000000,-1167.619141,166.847092,995.560974,1220.935669
3.7604,True,0.000000,0.000000,0.000000,0.000000,0.000000,0.000000,-1.420643,-1.783804,1.303853,1.652011,-1.420643,-1.783804,1.303853,1.652011,0.000000,0.000000,0.000000,0.000000,0.000000,0.000000,0.000000,0.000000,-1167.619141,166.847092,995.560974,1220.935669
3.7804,True,0.000000,0.000000,0.000000,0.000000,0.000000,0.000000,-1.420643,-1.783952,1.303853,1.651970,-1.420643,-1.783952,1.303853,1.651970,0.000000,0.000000,0.000000,0.000000,0.000000,0.000000,0.000000,0.000000,-1167.619141,166.847092,995.560974,1220.935669
3.8004,True,0.000000,0.000000,0.000000,0.000000,0.000000,0.000000,-1.420643,-1.783952,1.303853,1.651970,-1.420643,-1.783952,1.303853,1.651970,0.000000,0.000000,0.000000,0.000000,0.000000,0.000000,0.000000,0.000000,-1167.619141,166.847092,995.560974,1220.935669
3.8206,True,0.000000,0.000000,0.000000,0.000000,0.000000,0.000000,-1.420643,-1.783952,1.303853,1.651970,-1.420643,-1.783952,1.303853,1.651970,0.000000,0.000000,0.000000,0.000000,0.000000,0.000000,0.000000,0.000000,-1167.619141,166.847092,995.560974,1220.935669
3.8404,True,0.000000,0.000000,0.000000,0.000000,0.000000,0.000000,-1.420643,-1.783952,1.303770,1.652011,-1.420643,-1.783952,1.303770,1.652011,0.000000,0.000000,0.000000,0.000000,0.000000,0.000000,0.000000,0.000000,-1167.619141,166.847092,995.560974,1220.935669
3.8604,True,0.000000,0.000000,0.000000,0.000000,0.000000,0.000000,-1.420643,-1.783952,1.303490,1.652011,-1.420643,-1.783952,1.303490,1.652011,0.000000,0.000000,0.000000,0.000000,0.000000,0.000000,0.000000,0.000000,-1167.619141,166.847092,995.560974,1220.935669
3.8804,True,0.000000,0.000000,0.000000,0.000000,0.000000,0.000000,-1.420643,-1.783952,1.303490,1.652011,-1.420643,-1.783952,1.303770,1.652011,0.000000,0.000000,0.000000,0.000000,0.000000,0.000000,0.000000,0.000000,-1167.619141,166.847092,995.560974,1220.935669
3.9004,True,0.000000,0.000000,0.000000,0.000000,0.000000,0.000000,-1.420643,-1.783952,1.303770,1.651928,-1.420643,-1.783952,1.303770,1.651928,0.000000,0.000000,0.000000,0.000000,0.000000,0.000000,0.000000,0.000000,-1167.619141,166.847092,995.560974,1220.935669
3.9204,True,0.000000,0.000000,0.000000,0.000000,0.000000,0.000000,-1.420643,-1.783952,1.303770,1.651928,-1.420643,-1.783952,1.303770,1.651928,0.000000,0.000000,0.000000,0.000000,0.000000,0.000000,0.000000,0.000000,-1167.619141,166.847092,995.560974,1220.935669
3.9404,True,0.000000,0.000000,0.000000,0.000000,0.000000,0.000000,-1.420643,-1.783952,1.303770,1.651970,-1.420643,-1.783952,1.303770,1.651970,0.000000,0.000000,0.000000,0.000000,0.000000,0.000000,0.000000,0.000000,-1167.619141,166.847092,995.560974,1220.935669
3.9604,True,0.000000,0.000000,0.000000,0.000000,0.000000,0.000000,-1.420643,-1.783952,1.303770,1.652011,-1.420643,-1.783952,1.303770,1.652011,0.000000,0.000000,0.000000,0.000000,0.000000,0.000000,0.000000,0.000000,-1167.619141,166.847092,995.560974,1220.935669
3.9804,True,0.000000,0.000000,0.000000,0.000000,0.000000,0.000000,-1.420643,-1.783952,1.303490,1.652011,-1.420643,-1.783952,1.304133,1.652011,0.000000,0.000000,0.000000,0.000000,0.000000,0.000000,0.000000,0.000000,-1167.619141,166.847092,995.560974,1220.935669
4.0004,True,0.000000,0.000000,0.000000,0.000000,0.000000,0.000000,-1.420643,-1.783452,1.303490,1.652011,-1.420643,-1.783952,1.304133,1.652011,0.000000,0.000000,0.000000,0.000000,0.000000,0.000000,0.000000,0.000000,-1167.619141,166.847092,995.560974,1220.935669
4.0204,True,0.000000,0.000000,0.000000,0.000000,0.000000,0.000000,-1.420643,-1.783303,1.303770,1.651970,-1.420643,-1.783303,1.303770,1.651970,0.000000,0.000000,0.000000,0.000000,0.000000,0.000000,0.000000,0.000000,-1167.619141,166.847092,995.560974,1220.935669
4.0404,True,0.000000,0.000000,0.000000,0.000000,0.000000,0.000000,-1.420643,-1.783303,1.303853,1.651970,-1.420643,-1.783303,1.303853,1.651970,0.000000,0.000000,0.000000,0.000000,0.000000,0.000000,0.000000,0.000000,-1167.619141,166.847092,995.560974,1220.935669
4.0604,True,0.000000,0.000000,0.000000,0.000000,0.000000,0.000000,-1.420643,-1.783952,1.303490,1.652053,-1.420643,-1.783952,1.303490,1.652053,0.000000,0.000000,0.000000,0.000000,0.000000,0.000000,0.000000,0.000000,-1167.619141,166.847092,995.560974,1220.935669
4.0805,True,0.000000,0.000000,0.000000,0.000000,0.000000,0.000000,-1.420643,-1.783952,1.303770,1.652053,-1.420643,-1.783952,1.303770,1.652053,0.000000,0.000000,0.000000,0.000000,0.000000,0.000000,0.000000,0.000000,-1167.619141,166.847092,995.560974,1220.935669
4.1004,True,0.000000,0.000000,0.000000,0.000000,0.000000,0.000000,-1.420643,-1.783952,1.303770,1.652053,-1.420643,-1.783952,1.303770,1.652053,0.000000,0.000000,0.000000,0.000000,0.000000,0.000000,0.000000,0.000000,-1167.619141,166.847092,995.560974,1220.935669
4.1204,True,0.000000,0.000000,0.000000,0.000000,0.000000,0.000000,-1.420425,-1.783952,1.303770,1.652053,-1.420643,-1.783952,1.303770,1.652053,0.000000,0.000000,0.000000,0.000000,0.000000,0.000000,0.000000,0.000000,-1167.619141,166.847092,995.560974,1220.935669
4.1404,True,0.000000,0.000000,0.000000,0.000000,0.000000,0.000000,-1.421066,-1.783952,1.303770,1.652053,-1.421066,-1.783952,1.303770,1.652053,0.000000,0.000000,0.000000,0.000000,0.000000,0.000000,0.000000,0.000000,-1167.619141,166.847092,995.560974,1220.935669
4.1604,True,0.000000,0.000000,0.000000,0.000000,0.000000,0.000000,-1.420643,-1.783952,1.303770,1.652053,-1.420643,-1.783952,1.303770,1.652011,0.000000,0.000000,0.000000,0.000000,0.000000,0.000000,0.000000,0.000000,-1167.619141,166.847092,995.560974,1220.935669
4.1804,True,0.000000,0.000000,0.000000,0.000000,0.000000,0.000000,-1.420425,-1.783952,1.303770,1.652011,-1.420425,-1.783952,1.303770,1.651970,0.000000,0.000000,0.000000,0.000000,0.000000,0.000000,0.000000,0.000000,-1167.619141,166.847092,995.560974,1220.935669
4.2004,True,0.000000,0.000000,0.000000,0.000000,0.000000,0.000000,-1.421066,-1.783952,1.303770,1.652053,-1.420425,-1.783952,1.303770,1.652011,0.000000,0.000000,0.000000,0.000000,0.000000,0.000000,0.000000,0.000000,-1167.619141,166.847092,995.560974,1220.935669
4.2204,True,0.000000,0.000000,0.000000,0.000000,0.000000,0.000000,-1.420643,-1.783952,1.303770,1.652011,-1.420425,-1.783952,1.303770,1.652053,0.000000,0.000000,0.000000,0.000000,0.000000,0.000000,0.000000,0.000000,-1167.619141,166.847092,995.560974,1220.935669
4.2404,True,0.000000,0.000000,0.000000,0.000000,0.000000,0.000000,-1.420643,-1.783952,1.303770,1.652053,-1.420643,-1.783952,1.303770,1.652053,0.000000,0.000000,0.000000,0.000000,0.000000,0.000000,0.000000,0.000000,-1167.619141,166.847092,995.560974,1220.935669
4.2604,True,0.000000,0.000000,0.000000,0.000000,0.000000,0.000000,-1.420425,-1.783952,1.303770,1.652053,-1.421066,-1.783952,1.303490,1.652053,0.000000,0.000000,0.000000,0.000000,0.000000,0.000000,0.000000,0.000000,-1167.619141,166.847092,995.560974,1220.935669
4.2804,True,0.000000,0.000000,0.000000,0.000000,0.000000,0.000000,-1.420425,-1.783952,1.303490,1.652053,-1.420849,-1.783952,1.304133,1.652053,0.000000,0.000000,0.000000,0.000000,0.000000,0.000000,0.000000,0.000000,-1167.619141,166.847092,995.560974,1220.935669
4.3004,True,0.000000,0.000000,0.000000,0.000000,0.000000,0.000000,-1.420425,-1.783952,1.303770,1.652011,-1.420425,-1.783952,1.303770,1.652011,0.000000,0.000000,0.000000,0.000000,0.000000,0.000000,0.000000,0.000000,-1167.619141,166.847092,995.560974,1220.935669
4.3204,True,0.000000,0.000000,0.000000,0.000000,0.000000,0.000000,-1.420643,-1.783952,1.304051,1.652011,-1.420643,-1.783952,1.304051,1.652011,0.000000,0.000000,0.000000,0.000000,0.000000,0.000000,0.000000,0.000000,-1167.619141,166.847092,995.560974,1220.935669
4.3404,True,0.000000,0.000000,0.000000,0.000000,0.000000,0.000000,-1.420425,-1.783952,1.303408,1.652011,-1.420425,-1.783952,1.303770,1.652011,0.000000,0.000000,0.000000,0.000000,0.000000,0.000000,0.000000,0.000000,-1167.619141,166.847092,995.560974,1220.935669
4.3604,True,0.000000,0.000000,0.000000,0.000000,0.000000,0.000000,-1.420643,-1.783952,1.304133,1.652053,-1.420643,-1.783952,1.304133,1.652053,0.000000,0.000000,0.000000,0.000000,0.000000,0.000000,0.000000,0.000000,-1167.619141,166.847092,995.560974,1220.935669
4.3804,True,0.000000,0.000000,0.000000,0.000000,0.000000,0.000000,-1.420643,-1.783952,1.303490,1.651970,-1.420643,-1.783952,1.303770,1.651970,0.000000,0.000000,0.000000,0.000000,0.000000,0.000000,0.000000,0.000000,-1167.619141,166.847092,995.560974,1220.935669
4.4004,True,0.000000,0.000000,0.000000,0.000000,0.000000,0.000000,-1.420860,-1.783952,1.303490,1.651970,-1.420643,-1.783952,1.304133,1.651970,0.000000,0.000000,0.000000,0.000000,0.000000,0.000000,0.000000,0.000000,-1167.619141,166.847092,995.560974,1220.935669
4.4204,True,0.000000,0.000000,0.000000,0.000000,0.000000,0.000000,-1.420219,-1.783952,1.303770,1.652011,-1.420219,-1.783952,1.303770,1.652011,0.000000,0.000000,0.000000,0.000000,0.000000,0.000000,0.000000,0.000000,-1167.619141,166.847092,995.560974,1220.935669
4.4404,True,0.000000,0.000000,0.000000,0.000000,0.000000,0.000000,-1.420643,-1.783952,1.304051,1.652053,-1.420643,-1.783952,1.303770,1.652011,0.000000,0.000000,0.000000,0.000000,0.000000,0.000000,0.000000,0.000000,-1167.619141,166.847092,995.560974,1220.935669
4.4604,True,0.000000,0.000000,0.000000,0.000000,0.000000,0.000000,-1.420643,-1.783952,1.303408,1.652053,-1.420643,-1.783952,1.303770,1.652053,0.000000,0.000000,0.000000,0.000000,0.000000,0.000000,0.000000,0.000000,-1167.619141,166.847092,995.560974,1220.935669
4.4804,True,0.000000,0.000000,0.000000,0.000000,0.000000,0.000000,-1.420425,-1.783952,1.303770,1.652053,-1.420425,-1.783952,1.303770,1.652053,0.000000,0.000000,0.000000,0.000000,0.000000,0.000000,0.000000,0.000000,-1167.619141,166.847092,995.560974,1220.935669
4.5004,True,0.000000,0.000000,0.000000,0.000000,0.000000,0.000000,-1.420643,-1.783952,1.303770,1.652053,-1.420643,-1.783952,1.303770,1.652053,0.000000,0.000000,0.000000,0.000000,0.000000,0.000000,0.000000,0.000000,-1167.619141,166.847092,995.560974,1220.935669
4.5204,True,0.000000,0.000000,0.000000,0.000000,0.000000,0.000000,-1.420643,-1.783952,1.303770,1.652053,-1.420643,-1.783952,1.303770,1.652053,0.000000,0.000000,0.000000,0.000000,0.000000,0.000000,0.000000,0.000000,-1167.619141,166.847092,995.560974,1220.935669
4.5406,True,0.000000,0.000000,0.000000,0.000000,0.000000,0.000000,-1.420643,-1.783952,1.304051,1.652053,-1.420643,-1.783303,1.303770,1.652053,0.000000,0.000000,0.000000,0.000000,0.000000,0.000000,0.000000,0.000000,-1167.619141,166.847092,995.560974,1220.935669
4.5604,True,0.000000,0.000000,0.000000,0.000000,0.000000,0.000000,-1.420643,-1.783303,1.303408,1.651928,-1.420425,-1.783804,1.303770,1.651928,0.000000,0.000000,0.000000,0.000000,0.000000,0.000000,0.000000,0.000000,-1167.619141,166.847092,995.560974,1220.935669
4.5804,True,0.000000,0.000000,0.000000,0.000000,0.000000,0.000000,-1.421066,-1.783804,1.303770,1.651970,-1.421066,-1.783804,1.304051,1.651970,0.000000,0.000000,0.000000,0.000000,0.000000,0.000000,0.000000,0.000000,-1167.619141,166.847092,995.560974,1220.935669
4.6004,True,0.000000,0.000000,0.000000,0.000000,0.000000,0.000000,-1.420643,-1.783952,1.303770,1.652011,-1.420643,-1.783952,1.303770,1.652011,0.000000,0.000000,0.000000,0.000000,0.000000,0.000000,0.000000,0.000000,-1167.619141,166.847092,995.560974,1220.935669
4.6204,True,0.000000,0.000000,0.000000,0.000000,0.000000,0.000000,-1.420425,-1.783804,1.303770,1.652011,-1.420425,-1.783804,1.303770,1.652011,0.000000,0.000000,0.000000,0.000000,0.000000,0.000000,0.000000,0.000000,-1167.619141,166.847092,995.560974,1220.935669
4.6406,True,0.000000,0.000000,0.000000,0.000000,0.000000,0.000000,-1.420425,-1.783804,1.303490,1.652011,-1.420425,-1.783804,1.303770,1.652011,0.000000,0.000000,0.000000,0.000000,0.000000,0.000000,0.000000,0.000000,-1167.619141,166.847092,995.560974,1220.935669
4.6604,True,0.000000,0.000000,0.000000,0.000000,0.000000,0.000000,-1.420643,-1.783804,1.303770,1.651970,-1.420643,-1.783303,1.303770,1.651970,0.000000,0.000000,0.000000,0.000000,0.000000,0.000000,0.000000,0.000000,-1167.619141,166.847092,995.560974,1220.935669
4.6804,True,0.000000,0.000000,0.000000,0.000000,0.000000,0.000000,-1.420643,-1.783804,1.303770,1.652053,-1.420643,-1.783804,1.303770,1.652011,0.000000,0.000000,0.000000,0.000000,0.000000,0.000000,0.000000,0.000000,-1167.619141,166.847092,995.560974,1220.935669
4.7006,True,0.000000,0.000000,0.000000,0.000000,0.000000,0.000000,-1.420860,-1.783804,1.303770,1.652011,-1.420860,-1.783804,1.303770,1.652011,0.000000,0.000000,0.000000,0.000000,0.000000,0.000000,0.000000,0.000000,-1167.619141,166.847092,995.560974,1220.935669
4.7204,True,0.000000,0.000000,0.000000,0.000000,0.000000,0.000000,-1.420643,-1.783952,1.303770,1.652011,-1.420643,-1.783804,1.303770,1.652011,0.000000,0.000000,0.000000,0.000000,0.000000,0.000000,0.000000,0.000000,-1167.619141,166.847092,995.560974,1220.935669
4.7404,True,0.000000,0.000000,0.000000,0.000000,0.000000,0.000000,-1.420643,-1.783303,1.303490,1.651970,-1.420643,-1.783303,1.303490,1.651970,0.000000,0.000000,0.000000,0.000000,0.000000,0.000000,0.000000,0.000000,-1167.619141,166.847092,995.560974,1220.935669
4.7604,True,0.000000,0.000000,0.000000,0.000000,0.000000,0.000000,-1.420643,-1.783804,1.303853,1.652011,-1.420643,-1.783656,1.303853,1.652011,0.000000,0.000000,0.000000,0.000000,0.000000,0.000000,0.000000,0.000000,-1167.619141,166.847092,995.560974,1220.935669
4.7804,True,0.000000,0.000000,0.000000,0.000000,0.000000,0.000000,-1.420643,-1.783303,1.303853,1.651970,-1.420425,-1.783952,1.303853,1.651970,0.000000,0.000000,0.000000,0.000000,0.000000,0.000000,0.000000,0.000000,-1167.619141,166.847092,995.560974,1220.935669
4.8004,True,0.000000,0.000000,0.000000,0.000000,0.000000,0.000000,-1.420860,-1.783952,1.303490,1.652011,-1.420860,-1.783952,1.303490,1.652011,0.000000,0.000000,0.000000,0.000000,0.000000,0.000000,0.000000,0.000000,-1167.619141,166.847092,995.560974,1220.935669
4.8206,True,0.000000,0.000000,0.000000,0.000000,0.000000,0.000000,-1.420643,-1.783952,1.304133,1.651970,-1.420643,-1.783303,1.304133,1.651970,0.000000,0.000000,0.000000,0.000000,0.000000,0.000000,0.000000,0.000000,-1167.619141,166.847092,995.560974,1220.935669
4.8404,True,0.000000,0.000000,0.000000,0.000000,0.000000,0.000000,-1.420643,-1.783952,1.303770,1.652011,-1.420643,-1.783952,1.303770,1.652011,0.000000,0.000000,0.000000,0.000000,0.000000,0.000000,0.000000,0.000000,-1167.619141,166.847092,995.560974,1220.935669
4.8604,True,0.000000,0.000000,0.000000,0.000000,0.000000,0.000000,-1.420849,-1.783952,1.303490,1.652053,-1.420849,-1.783952,1.303490,1.652053,0.000000,0.000000,0.000000,0.000000,0.000000,0.000000,0.000000,0.000000,-1167.619141,166.847092,995.560974,1220.935669
4.8804,True,0.000000,0.000000,0.000000,0.000000,0.000000,0.000000,-1.420849,-1.783952,1.303490,1.652053,-1.420849,-1.783952,1.303490,1.652053,0.000000,0.000000,0.000000,0.000000,0.000000,0.000000,0.000000,0.000000,-1167.619141,166.847092,995.560974,1220.935669
4.9004,True,0.000000,0.000000,0.000000,0.000000,0.000000,0.000000,-1.420849,-1.783952,1.303490,1.652053,-1.420425,-1.783952,1.303490,1.652053,0.000000,0.000000,0.000000,0.000000,0.000000,0.000000,0.000000,0.000000,-1167.619141,166.847092,995.560974,1220.935669
4.9204,True,0.000000,0.000000,0.000000,0.000000,0.000000,0.000000,-1.420425,-1.783952,1.303770,1.652053,-1.420425,-1.783952,1.303770,1.652053,0.000000,0.000000,0.000000,0.000000,0.000000,0.000000,0.000000,0.000000,-1167.619141,166.847092,995.560974,1220.935669
4.9404,True,0.000000,0.000000,0.000000,0.000000,0.000000,0.000000,-1.420643,-1.783804,1.303770,1.652053,-1.420643,-1.783804,1.303770,1.652053,0.000000,0.000000,0.000000,0.000000,0.000000,0.000000,0.000000,0.000000,-1167.619141,166.847092,995.560974,1220.935669
4.9603,True,0.000000,0.000000,0.000000,0.000000,0.000000,0.000000,-1.420425,-1.783804,1.304133,1.652053,-1.420425,-1.783303,1.304133,1.652053,0.000000,0.000000,0.000000,0.000000,0.000000,0.000000,0.000000,0.000000,-1167.619141,166.847092,995.560974,1220.935669
4.9806,True,0.000000,0.000000,0.000000,0.000000,0.000000,0.000000,-1.420425,-1.783804,1.304133,1.652053,-1.420425,-1.783804,1.304133,1.652053,0.000000,0.000000,0.000000,0.000000,0.000000,0.000000,0.000000,0.000000,-1167.619141,166.847092,995.560974,1220.935669
5.0004,True,0.000000,0.000000,0.000000,0.000000,0.000000,0.000000,-1.420425,-1.783804,1.304133,1.652053,-1.420425,-1.783804,1.304133,1.652053,0.000000,0.000000,0.000000,0.000000,0.000000,0.000000,0.000000,0.000000,-1167.619141,166.847092,995.560974,1220.935669
5.0204,True,0.000000,0.000000,0.000000,0.000000,0.000000,0.000000,-1.420425,-1.783804,1.304133,1.652053,-1.420643,-1.783804,1.304133,1.652053,0.000000,0.000000,0.000000,0.000000,0.000000,0.000000,0.000000,0.000000,-1167.619141,166.847092,995.560974,1220.935669
5.0406,True,0.000000,0.000000,0.000000,0.000000,0.000000,0.000000,-1.420643,-1.783303,1.304133,1.652053,-1.420643,-1.783303,1.304133,1.652053,0.000000,0.000000,0.000000,0.000000,0.000000,0.000000,0.000000,0.000000,-1167.619141,166.847092,995.560974,1220.935669
5.0604,True,0.000000,0.000000,0.000000,0.000000,0.000000,0.000000,-1.420849,-1.783804,1.304133,1.652053,-1.420849,-1.783804,1.304133,1.652053,0.000000,0.000000,0.000000,0.000000,0.000000,0.000000,0.000000,0.000000,-1167.619141,166.847092,995.560974,1220.935669
5.0804,True,0.000000,0.000000,0.000000,0.000000,0.000000,0.000000,-1.420643,-1.783303,1.304133,1.652053,-1.420643,-1.783303,1.304133,1.652053,0.000000,0.000000,0.000000,0.000000,0.000000,0.000000,0.000000,0.000000,-1167.619141,166.847092,995.560974,1220.935669
5.1004,True,0.000000,0.000000,0.000000,0.000000,0.000000,0.000000,-1.420643,-1.783303,1.304133,1.652053,-1.420643,-1.783303,1.304133,1.652011,0.000000,0.000000,0.000000,0.000000,0.000000,0.000000,0.000000,0.000000,-1167.619141,166.847092,995.560974,1220.935669
5.1204,True,0.000000,0.000000,0.000000,0.000000,0.000000,0.000000,-1.420643,-1.783303,1.304133,1.652011,-1.420643,-1.783303,1.304133,1.652053,0.000000,0.000000,0.000000,0.000000,0.000000,0.000000,0.000000,0.000000,-1167.619141,166.847092,995.560974,1220.935669
5.1404,True,0.000000,0.000000,0.000000,0.000000,0.000000,0.000000,-1.420643,-1.783303,1.304133,1.651970,-1.420643,-1.783303,1.304133,1.651970,0.000000,0.000000,0.000000,0.000000,0.000000,0.000000,0.000000,0.000000,-1167.619141,166.847092,995.560974,1220.935669
5.1604,True,0.000000,0.000000,0.000000,0.000000,0.000000,0.000000,-1.420643,-1.783303,1.304133,1.652053,-1.420643,-1.783303,1.304133,1.652053,0.000000,0.000000,0.000000,0.000000,0.000000,0.000000,0.000000,0.000000,-1167.619141,166.847092,995.560974,1220.935669
5.1804,True,0.000000,0.000000,0.000000,0.000000,0.000000,0.000000,-1.420643,-1.783303,1.304133,1.652094,-1.420643,-1.783303,1.304133,1.652011,0.000000,0.000000,0.000000,0.000000,0.000000,0.000000,0.000000,0.000000,-1167.619141,166.847092,995.560974,1220.935669
5.2006,True,0.000000,0.000000,0.000000,0.000000,0.000000,0.000000,-1.420643,-1.783303,1.304133,1.652011,-1.420643,-1.783303,1.304133,1.651970,0.000000,0.000000,0.000000,0.000000,0.000000,0.000000,0.000000,0.000000,-1167.619141,166.847092,995.560974,1220.935669
5.2204,True,0.000000,0.000000,0.000000,0.000000,0.000000,0.000000,-1.420643,-1.783303,1.304133,1.652053,-1.420643,-1.783303,1.304133,1.652053,0.000000,0.000000,0.000000,0.000000,0.000000,0.000000,0.000000,0.000000,-1167.619141,166.847092,995.560974,1220.935669
5.2404,True,0.000000,0.000000,0.000000,0.000000,0.000000,0.000000,-1.420643,-1.783452,1.304133,1.652011,-1.420860,-1.783452,1.304133,1.652011,0.000000,0.000000,0.000000,0.000000,0.000000,0.000000,0.000000,0.000000,-1167.619141,166.847092,995.560974,1220.935669
5.2604,True,0.000000,0.000000,0.000000,0.000000,0.000000,0.000000,-1.420860,-1.783804,1.304133,1.652011,-1.420860,-1.783804,1.304133,1.652011,0.000000,0.000000,0.000000,0.000000,0.000000,0.000000,0.000000,0.000000,-1167.619141,166.847092,995.560974,1220.935669
5.2804,True,0.000000,0.000000,0.000000,0.000000,0.000000,0.000000,-1.420860,-1.783952,1.304133,1.652011,-1.420860,-1.783952,1.304133,1.652011,0.000000,0.000000,0.000000,0.000000,0.000000,0.000000,0.000000,0.000000,-1167.619141,166.847092,995.560974,1220.935669
5.3004,True,0.000000,0.000000,0.000000,0.000000,0.000000,0.000000,-1.420860,-1.783804,1.304133,1.652011,-1.420860,-1.783303,1.304133,1.652053,0.000000,0.000000,0.000000,0.000000,0.000000,0.000000,0.000000,0.000000,-1167.619141,166.847092,995.560974,1220.935669
5.3204,True,0.000000,0.000000,0.000000,0.000000,0.000000,0.000000,-1.420860,-1.783952,1.304133,1.652053,-1.420643,-1.783303,1.304133,1.652053,0.000000,0.000000,0.000000,0.000000,0.000000,0.000000,0.000000,0.000000,-1167.619141,166.847092,995.560974,1220.935669
5.3404,True,0.000000,0.000000,0.000000,0.000000,0.000000,0.000000,-1.420643,-1.783452,1.304133,1.652011,-1.420643,-1.783952,1.304133,1.652011,0.000000,0.000000,0.000000,0.000000,0.000000,0.000000,0.000000,0.000000,-1167.619141,166.847092,995.560974,1220.935669
5.3604,True,0.000000,0.000000,0.000000,0.000000,0.000000,0.000000,-1.420643,-1.783452,1.304133,1.652011,-1.420643,-1.783452,1.304133,1.652011,0.000000,0.000000,0.000000,0.000000,0.000000,0.000000,0.000000,0.000000,-1167.619141,166.847092,995.560974,1220.935669
5.3804,True,0.000000,0.000000,0.000000,0.000000,0.000000,0.000000,-1.420643,-1.783952,1.304133,1.651970,-1.420643,-1.783952,1.304133,1.651970,0.000000,0.000000,0.000000,0.000000,0.000000,0.000000,0.000000,0.000000,-1167.619141,166.847092,995.560974,1220.935669
5.4004,True,0.000000,0.000000,0.000000,0.000000,0.000000,0.000000,-1.420643,-1.783952,1.304133,1.652011,-1.420643,-1.784101,1.304133,1.652011,0.000000,0.000000,0.000000,0.000000,0.000000,0.000000,0.000000,0.000000,-1167.619141,166.847092,995.560974,1220.935669
5.4204,True,0.000000,0.000000,0.000000,0.000000,0.000000,0.000000,-1.420643,-1.783952,1.304133,1.651970,-1.420643,-1.783952,1.304133,1.651970,0.000000,0.000000,0.000000,0.000000,0.000000,0.000000,0.000000,0.000000,-1167.619141,166.847092,995.560974,1220.935669
5.4404,True,0.000000,0.000000,0.000000,0.000000,0.000000,0.000000,-1.420643,-1.783952,1.304133,1.652053,-1.420425,-1.783952,1.304133,1.652053,0.000000,0.000000,0.000000,0.000000,0.000000,0.000000,0.000000,0.000000,-1167.619141,166.847092,995.560974,1220.935669
5.4604,True,0.000000,0.000000,0.000000,0.000000,0.000000,0.000000,-1.420425,-1.783952,1.304133,1.652053,-1.420643,-1.783952,1.304133,1.652053,0.000000,0.000000,0.000000,0.000000,0.000000,0.000000,0.000000,0.000000,-1167.619141,166.847092,995.560974,1220.935669
5.4805,True,0.000000,0.000000,0.000000,0.000000,0.000000,0.000000,-1.420643,-1.783952,1.304133,1.652053,-1.420643,-1.783952,1.304133,1.652011,0.000000,0.000000,0.000000,0.000000,0.000000,0.000000,0.000000,0.000000,-1167.619141,166.847092,995.560974,1220.935669
5.5004,True,0.000000,0.000000,0.000000,0.000000,0.000000,0.000000,-1.420860,-1.783952,1.304133,1.652053,-1.420860,-1.783952,1.304133,1.652053,0.000000,0.000000,0.000000,0.000000,0.000000,0.000000,0.000000,0.000000,-1167.619141,166.847092,995.560974,1220.935669
5.5204,True,0.000000,0.000000,0.000000,0.000000,0.000000,0.000000,-1.420643,-1.783952,1.304133,1.652053,-1.420860,-1.783952,1.304133,1.652053,0.000000,0.000000,0.000000,0.000000,0.000000,0.000000,0.000000,0.000000,-1167.619141,166.847092,995.560974,1220.935669
5.5403,True,0.000000,0.000000,0.000000,0.000000,0.000000,0.000000,-1.420860,-1.783952,1.304133,1.652053,-1.420860,-1.783952,1.304133,1.652053,0.000000,0.000000,0.000000,0.000000,0.000000,0.000000,0.000000,0.000000,-1167.619141,166.847092,995.560974,1220.935669
5.5604,True,0.000000,0.000000,0.000000,0.000000,0.000000,0.000000,-1.420643,-1.783952,1.304133,1.652053,-1.420643,-1.783804,1.304133,1.652094,0.000000,0.000000,0.000000,0.000000,0.000000,0.000000,0.000000,0.000000,-1167.619141,166.847092,995.560974,1220.935669
5.5804,True,0.000000,0.000000,0.000000,0.000000,0.000000,0.000000,-1.420860,-1.783952,1.304133,1.652053,-1.420860,-1.783952,1.304133,1.652053,0.000000,0.000000,0.000000,0.000000,0.000000,0.000000,0.000000,0.000000,-1167.619141,166.847092,995.560974,1220.935669
5.6004,True,0.000000,0.000000,0.000000,0.000000,0.000000,0.000000,-1.420643,-1.783952,1.304133,1.652053,-1.420643,-1.783952,1.304133,1.652053,0.000000,0.000000,0.000000,0.000000,0.000000,0.000000,0.000000,0.000000,-1167.619141,166.847092,995.560974,1220.935669
5.6204,True,0.000000,0.000000,0.000000,0.000000,0.000000,0.000000,-1.420425,-1.783452,1.304133,1.652053,-1.420643,-1.783952,1.304133,1.652053,0.000000,0.000000,0.000000,0.000000,0.000000,0.000000,0.000000,0.000000,-1167.619141,166.847092,995.560974,1220.935669
5.6405,True,0.000000,0.000000,0.000000,0.000000,0.000000,0.000000,-1.420643,-1.783452,1.304133,1.652094,-1.420643,-1.783452,1.304133,1.652094,0.000000,0.000000,0.000000,0.000000,0.000000,0.000000,0.000000,0.000000,-1167.619141,166.847092,995.560974,1220.935669
5.6604,True,0.000000,0.000000,0.000000,0.000000,0.000000,0.000000,-1.420643,-1.783303,1.304133,1.652094,-1.420643,-1.783303,1.304133,1.652094,0.000000,0.000000,0.000000,0.000000,0.000000,0.000000,0.000000,0.000000,-1167.619141,166.847092,995.560974,1220.935669
5.6804,True,0.000000,0.000000,0.000000,0.000000,0.000000,0.000000,-1.420643,-1.783952,1.304133,1.652136,-1.420643,-1.783952,1.304133,1.652136,0.000000,0.000000,0.000000,0.000000,0.000000,0.000000,0.000000,0.000000,-1167.619141,166.847092,995.560974,1220.935669
5.7004,True,0.000000,0.000000,0.000000,0.000000,0.000000,0.000000,-1.420643,-1.784101,1.304133,1.652011,-1.420643,-1.784101,1.304133,1.652011,0.000000,0.000000,0.000000,0.000000,0.000000,0.000000,0.000000,0.000000,-1167.619141,166.847092,995.560974,1220.935669
5.7204,True,0.000000,0.000000,0.000000,0.000000,0.000000,0.000000,-1.420849,-1.784101,1.304051,1.652053,-1.420849,-1.784101,1.304051,1.652053,0.000000,0.000000,0.000000,0.000000,0.000000,0.000000,0.000000,0.000000,-1167.619141,166.847092,995.560974,1220.935669
5.7404,True,0.000000,0.000000,0.000000,0.000000,0.000000,0.000000,-1.420643,-1.784101,1.303770,1.652094,-1.420643,-1.784101,1.303770,1.652094,0.000000,0.000000,0.000000,0.000000,0.000000,0.000000,0.000000,0.000000,-1167.619141,166.847092,995.560974,1220.935669
5.7605,True,0.000000,0.000000,0.000000,0.000000,0.000000,0.000000,-1.420643,-1.784101,1.303490,1.652094,-1.420643,-1.784101,1.303490,1.652094,0.000000,0.000000,0.000000,0.000000,0.000000,0.000000,0.000000,0.000000,-1167.619141,166.847092,995.560974,1220.935669
5.7804,True,0.000000,0.000000,0.000000,0.000000,0.000000,0.000000,-1.420643,-1.784101,1.303490,1.652053,-1.420860,-1.784101,1.303770,1.652053,0.000000,0.000000,0.000000,0.000000,0.000000,0.000000,0.000000,0.000000,-1167.619141,166.847092,995.560974,1220.935669
5.8004,True,0.000000,0.000000,0.000000,0.000000,0.000000,0.000000,-1.420643,-1.784101,1.303770,1.652053,-1.420643,-1.784101,1.303770,1.652053,0.000000,0.000000,0.000000,0.000000,0.000000,0.000000,0.000000,0.000000,-1167.619141,166.847092,995.560974,1220.935669
5.8207,True,0.000000,0.000000,0.000000,0.000000,0.000000,0.000000,-1.420643,-1.783452,1.303490,1.652011,-1.420643,-1.783452,1.303490,1.652011,0.000000,0.000000,0.000000,0.000000,0.000000,0.000000,0.000000,0.000000,-1167.619141,166.847092,995.560974,1220.935669
5.8404,True,0.000000,0.000000,0.000000,0.000000,0.000000,0.000000,-1.420643,-1.783452,1.303770,1.652094,-1.420425,-1.783452,1.303408,1.652053,0.000000,0.000000,0.000000,0.000000,0.000000,0.000000,0.000000,0.000000,-1167.619141,166.847092,995.560974,1220.935669
5.8604,True,0.000000,0.000000,0.000000,0.000000,0.000000,0.000000,-1.420643,-1.783303,1.303770,1.652011,-1.420643,-1.783303,1.303770,1.652011,0.000000,0.000000,0.000000,0.000000,0.000000,0.000000,0.000000,0.000000,-1167.619141,166.847092,995.560974,1220.935669
5.8804,True,0.000000,0.000000,0.000000,0.000000,0.000000,0.000000,-1.420860,-1.783952,1.304051,1.652053,-1.420860,-1.783952,1.304051,1.652053,0.000000,0.000000,0.000000,0.000000,0.000000,0.000000,0.000000,0.000000,-1167.619141,166.847092,995.560974,1220.935669
5.9004,True,0.000000,0.000000,0.000000,0.000000,0.000000,0.000000,-1.420860,-1.783804,1.303408,1.652053,-1.420860,-1.783804,1.303770,1.652053,0.000000,0.000000,0.000000,0.000000,0.000000,0.000000,0.000000,0.000000,-1167.619141,166.847092,995.560974,1220.935669
5.9204,True,0.000000,0.000000,0.000000,0.000000,0.000000,0.000000,-1.420643,-1.783452,1.303408,1.652053,-1.420643,-1.783452,1.303408,1.652053,0.000000,0.000000,0.000000,0.000000,0.000000,0.000000,0.000000,0.000000,-1167.619141,166.847092,995.560974,1220.935669
5.9404,True,0.000000,0.000000,0.000000,0.000000,0.000000,0.000000,-1.421066,-1.784101,1.303770,1.652053,-1.421066,-1.784101,1.303770,1.652053,0.000000,0.000000,0.000000,0.000000,0.000000,0.000000,0.000000,0.000000,-1167.619141,166.847092,995.560974,1220.935669
5.9604,True,0.000000,0.000000,0.000000,0.000000,0.000000,0.000000,-1.420643,-1.783952,1.303408,1.652053,-1.420643,-1.783952,1.304051,1.652053,0.000000,0.000000,0.000000,0.000000,0.000000,0.000000,0.000000,0.000000,-1167.619141,166.847092,995.560974,1220.935669
5.9805,True,0.000000,0.000000,0.000000,0.000000,0.000000,0.000000,-1.420643,-1.783952,1.303770,1.652094,-1.420643,-1.783952,1.303770,1.652094,0.000000,0.000000,0.000000,0.000000,0.000000,0.000000,0.000000,0.000000,-1167.619141,166.847092,995.560974,1220.935669
6.0004,True,0.000000,0.000000,0.000000,0.000000,0.000000,0.000000,-1.420425,-1.783452,1.303770,1.652053,-1.420425,-1.783452,1.303770,1.652053,0.000000,0.000000,0.000000,0.000000,0.000000,0.000000,0.000000,0.000000,-1167.619141,166.847092,995.560974,1220.935669
6.0204,True,0.000000,0.000000,0.000000,0.000000,0.000000,0.000000,-1.420643,-1.783600,1.303770,1.652053,-1.420860,-1.783600,1.303770,1.652011,0.000000,0.000000,0.000000,0.000000,0.000000,0.000000,0.000000,0.000000,-1167.619141,166.847092,995.560974,1220.935669
6.0404,True,0.000000,0.000000,0.000000,0.000000,0.000000,0.000000,-1.420643,-1.783952,1.303770,1.652053,-1.420643,-1.783952,1.303770,1.652053,0.000000,0.000000,0.000000,0.000000,0.000000,0.000000,0.000000,0.000000,-1167.619141,166.847092,995.560974,1220.935669
6.0604,True,0.000000,0.000000,0.000000,0.000000,0.000000,0.000000,-1.420425,-1.783952,1.303408,1.652053,-1.420425,-1.783952,1.303770,1.652053,0.000000,0.000000,0.000000,0.000000,0.000000,0.000000,0.000000,0.000000,-1167.619141,166.847092,995.560974,1220.935669
6.0804,True,0.000000,0.000000,0.000000,0.000000,0.000000,0.000000,-1.420425,-1.783452,1.303408,1.652053,-1.420425,-1.783452,1.303408,1.652053,0.000000,0.000000,0.000000,0.000000,0.000000,0.000000,0.000000,0.000000,-1167.619141,166.847092,995.560974,1220.935669
6.1004,True,0.000000,0.000000,0.000000,0.000000,0.000000,0.000000,-1.420643,-1.784101,1.304133,1.652094,-1.420643,-1.784101,1.304133,1.652094,0.000000,0.000000,0.000000,0.000000,0.000000,0.000000,0.000000,0.000000,-1167.619141,166.847092,995.560974,1220.935669
6.1204,True,0.000000,0.000000,0.000000,0.000000,0.000000,0.000000,-1.420643,-1.783952,1.303408,1.652053,-1.420643,-1.783952,1.303408,1.652053,0.000000,0.000000,0.000000,0.000000,0.000000,0.000000,0.000000,0.000000,-1167.619141,166.847092,995.560974,1220.935669
6.1405,True,0.000000,0.000000,0.000000,0.000000,0.000000,0.000000,-1.420643,-1.783952,1.304051,1.652053,-1.420643,-1.783952,1.304051,1.652053,0.000000,0.000000,0.000000,0.000000,0.000000,0.000000,0.000000,0.000000,-1167.619141,166.847092,995.560974,1220.935669
6.1604,True,0.000000,0.000000,0.000000,0.000000,0.000000,0.000000,-1.420643,-1.783952,1.304051,1.652053,-1.420643,-1.783952,1.304051,1.652053,0.000000,0.000000,0.000000,0.000000,0.000000,0.000000,0.000000,0.000000,-1167.619141,166.847092,995.560974,1220.935669
6.1804,True,0.000000,0.000000,0.000000,0.000000,0.000000,0.000000,-1.420643,-1.783952,1.304051,1.652053,-1.420643,-1.783952,1.304051,1.652053,0.000000,0.000000,0.000000,0.000000,0.000000,0.000000,0.000000,0.000000,-1167.619141,166.847092,995.560974,1220.935669
6.2005,True,0.000000,0.000000,0.000000,0.000000,0.000000,0.000000,-1.420643,-1.783952,1.304051,1.652053,-1.420643,-1.783952,1.304051,1.652053,0.000000,0.000000,0.000000,0.000000,0.000000,0.000000,0.000000,0.000000,-1167.619141,166.847092,995.560974,1220.935669
6.2204,True,0.000000,0.000000,0.000000,0.000000,0.000000,0.000000,-1.420643,-1.783952,1.304051,1.652011,-1.420643,-1.783952,1.304051,1.651970,0.000000,0.000000,0.000000,0.000000,0.000000,0.000000,0.000000,0.000000,-1167.619141,166.847092,995.560974,1220.935669
6.2404,True,0.000000,0.000000,0.000000,0.000000,0.000000,0.000000,-1.420425,-1.783952,1.303770,1.652053,-1.420643,-1.783952,1.303770,1.652053,0.000000,0.000000,0.000000,0.000000,0.000000,0.000000,0.000000,0.000000,-1167.619141,166.847092,995.560974,1220.935669
6.2604,True,0.000000,0.000000,0.000000,0.000000,0.000000,0.000000,-1.420849,-1.783952,1.303770,1.652094,-1.420849,-1.783952,1.303770,1.652094,0.000000,0.000000,0.000000,0.000000,0.000000,0.000000,0.000000,0.000000,-1167.619141,166.847092,995.560974,1220.935669
6.2804,True,0.000000,0.000000,0.000000,0.000000,0.000000,0.000000,-1.420643,-1.783952,1.303770,1.652053,-1.420643,-1.783952,1.303770,1.652053,0.000000,0.000000,0.000000,0.000000,0.000000,0.000000,0.000000,0.000000,-1167.619141,166.847092,995.560974,1220.935669
6.3004,True,0.000000,0.000000,0.000000,0.000000,0.000000,0.000000,-1.420643,-1.783952,1.303770,1.652094,-1.420643,-1.783952,1.303770,1.652094,0.000000,0.000000,0.000000,0.000000,0.000000,0.000000,0.000000,0.000000,-1167.619141,166.847092,995.560974,1220.935669
6.3204,True,0.000000,0.000000,0.000000,0.000000,0.000000,0.000000,-1.421066,-1.783452,1.304051,1.652011,-1.421066,-1.783452,1.304051,1.652011,0.000000,0.000000,0.000000,0.000000,0.000000,0.000000,0.000000,0.000000,-1167.619141,166.847092,995.560974,1220.935669
6.3404,True,0.000000,0.000000,0.000000,0.000000,0.000000,0.000000,-1.420849,-1.783952,1.304051,1.652053,-1.420425,-1.783952,1.304051,1.652053,0.000000,0.000000,0.000000,0.000000,0.000000,0.000000,0.000000,0.000000,-1167.619141,166.847092,995.560974,1220.935669
6.3604,True,0.000000,0.000000,0.000000,0.000000,0.000000,0.000000,-1.420643,-1.784101,1.304051,1.652053,-1.420643,-1.783804,1.304051,1.652053,0.000000,0.000000,0.000000,0.000000,0.000000,0.000000,0.000000,0.000000,-1167.619141,166.847092,995.560974,1220.935669
6.3804,True,0.000000,0.000000,0.000000,0.000000,0.000000,0.000000,-1.420643,-1.783303,1.303688,1.652011,-1.420425,-1.783303,1.304051,1.652011,0.000000,0.000000,0.000000,0.000000,0.000000,0.000000,0.000000,0.000000,-1167.619141,166.847092,995.560974,1220.935669
6.4004,True,0.000000,0.000000,0.000000,0.000000,0.000000,0.000000,-1.420643,-1.783804,1.304051,1.652053,-1.420860,-1.783952,1.304413,1.652053,0.000000,0.000000,0.000000,0.000000,0.000000,0.000000,0.000000,0.000000,-1167.619141,166.847092,995.560974,1220.935669
6.4204,True,0.000000,0.000000,0.000000,0.000000,0.000000,0.000000,-1.420425,-1.784101,1.303688,1.652094,-1.420425,-1.783452,1.304051,1.652094,0.000000,0.000000,0.000000,0.000000,0.000000,0.000000,0.000000,0.000000,-1167.619141,166.847092,995.560974,1220.935669
6.4405,True,0.000000,0.000000,0.000000,0.000000,0.000000,0.000000,-1.420425,-1.783452,1.303770,1.652053,-1.420425,-1.784101,1.303770,1.652053,0.000000,0.000000,0.000000,0.000000,0.000000,0.000000,0.000000,0.000000,-1167.619141,166.847092,995.560974,1220.935669
6.4604,True,0.000000,0.000000,0.000000,0.000000,0.000000,0.000000,-1.420425,-1.784101,1.303770,1.652053,-1.420425,-1.784101,1.303770,1.652053,0.000000,0.000000,0.000000,0.000000,0.000000,0.000000,0.000000,0.000000,-1167.619141,166.847092,995.560974,1220.935669
6.4804,True,0.000000,0.000000,0.000000,0.000000,0.000000,0.000000,-1.420425,-1.784101,1.303770,1.652053,-1.420425,-1.784101,1.303770,1.652053,0.000000,0.000000,0.000000,0.000000,0.000000,0.000000,0.000000,0.000000,-1167.619141,166.847092,995.560974,1220.935669
6.5004,True,0.000000,0.000000,0.000000,0.000000,0.000000,0.000000,-1.420643,-1.784101,1.303770,1.652053,-1.420425,-1.784101,1.303408,1.652094,0.000000,0.000000,0.000000,0.000000,0.000000,0.000000,0.000000,0.000000,-1167.619141,166.847092,995.560974,1220.935669
6.5204,True,0.000000,0.000000,0.000000,0.000000,0.000000,0.000000,-1.420643,-1.784101,1.304051,1.652053,-1.420643,-1.784101,1.304051,1.652053,0.000000,0.000000,0.000000,0.000000,0.000000,0.000000,0.000000,0.000000,-1167.619141,166.847092,995.560974,1220.935669
6.5404,True,0.000000,0.000000,0.000000,0.000000,0.000000,0.000000,-1.420643,-1.784101,1.304051,1.652053,-1.420643,-1.784101,1.304051,1.652053,0.000000,0.000000,0.000000,0.000000,0.000000,0.000000,0.000000,0.000000,-1167.619141,166.847092,995.560974,1220.935669
6.5604,True,0.000000,0.000000,0.000000,0.000000,0.000000,0.000000,-1.420643,-1.783452,1.303770,1.652053,-1.420643,-1.783452,1.303770,1.652053,0.000000,0.000000,0.000000,0.000000,0.000000,0.000000,0.000000,0.000000,-1167.619141,166.847092,995.560974,1220.935669
6.5804,True,0.000000,0.000000,0.000000,0.000000,0.000000,0.000000,-1.420643,-1.783452,1.304051,1.652053,-1.420643,-1.783452,1.304051,1.652053,0.000000,0.000000,0.000000,0.000000,0.000000,0.000000,0.000000,0.000000,-1167.619141,166.847092,995.560974,1220.935669
6.6004,True,0.000000,0.000000,0.000000,0.000000,0.000000,0.000000,-1.420860,-1.784101,1.303688,1.652053,-1.420643,-1.783952,1.303408,1.652053,0.000000,0.000000,0.000000,0.000000,0.000000,0.000000,0.000000,0.000000,-1167.619141,166.847092,995.560974,1220.935669
6.6204,True,0.000000,0.000000,0.000000,0.000000,0.000000,0.000000,-1.420425,-1.783452,1.304051,1.652053,-1.420425,-1.783452,1.304051,1.652053,0.000000,0.000000,0.000000,0.000000,0.000000,0.000000,0.000000,0.000000,-1167.619141,166.847092,995.560974,1220.935669
6.6405,True,0.000000,0.000000,0.000000,0.000000,0.000000,0.000000,-1.420860,-1.783952,1.303770,1.652094,-1.420860,-1.783952,1.303770,1.652094,0.000000,0.000000,0.000000,0.000000,0.000000,0.000000,0.000000,0.000000,-1167.619141,166.847092,995.560974,1220.935669
6.6604,True,0.000000,0.000000,0.000000,0.000000,0.000000,0.000000,-1.420643,-1.783952,1.303770,1.652053,-1.420643,-1.783952,1.304133,1.652053,0.000000,0.000000,0.000000,0.000000,0.000000,0.000000,0.000000,0.000000,-1167.619141,166.847092,995.560974,1220.935669
6.6804,True,0.000000,0.000000,0.000000,0.000000,0.000000,0.000000,-1.420643,-1.784101,1.303770,1.652053,-1.420860,-1.784101,1.303770,1.652053,0.000000,0.000000,0.000000,0.000000,0.000000,0.000000,0.000000,0.000000,-1167.619141,166.847092,995.560974,1220.935669
6.7004,True,0.000000,0.000000,0.000000,0.000000,0.000000,0.000000,-1.420643,-1.783303,1.304133,1.652053,-1.420643,-1.783303,1.304133,1.652053,0.000000,0.000000,0.000000,0.000000,0.000000,0.000000,0.000000,0.000000,-1167.619141,166.847092,995.560974,1220.935669
6.7204,True,0.000000,0.000000,0.000000,0.000000,0.000000,0.000000,-1.420643,-1.783452,1.303490,1.652011,-1.420860,-1.783452,1.303490,1.651970,0.000000,0.000000,0.000000,0.000000,0.000000,0.000000,0.000000,0.000000,-1167.619141,166.847092,995.560974,1220.935669
6.7404,True,0.000000,0.000000,0.000000,0.000000,0.000000,0.000000,-1.420643,-1.783303,1.304133,1.652011,-1.420643,-1.783303,1.304133,1.652011,0.000000,0.000000,0.000000,0.000000,0.000000,0.000000,0.000000,0.000000,-1167.619141,166.847092,995.560974,1220.935669
6.7604,True,0.000000,0.000000,0.000000,0.000000,0.000000,0.000000,-1.420643,-1.783303,1.303770,1.652053,-1.420643,-1.783303,1.303770,1.652053,0.000000,0.000000,0.000000,0.000000,0.000000,0.000000,0.000000,0.000000,-1167.619141,166.847092,995.560974,1220.935669
6.7804,True,0.000000,0.000000,0.000000,0.000000,0.000000,0.000000,-1.420643,-1.783952,1.303408,1.652011,-1.420643,-1.783952,1.304133,1.652011,0.000000,0.000000,0.000000,0.000000,0.000000,0.000000,0.000000,0.000000,-1167.619141,166.847092,995.560974,1220.935669
6.8004,True,0.000000,0.000000,0.000000,0.000000,0.000000,0.000000,-1.420643,-1.783952,1.304051,1.652011,-1.420643,-1.783952,1.304051,1.652011,0.000000,0.000000,0.000000,0.000000,0.000000,0.000000,0.000000,0.000000,-1167.619141,166.847092,995.560974,1220.935669
6.8205,True,0.000000,0.000000,0.000000,0.000000,0.000000,0.000000,-1.420643,-1.783952,1.304051,1.652011,-1.420643,-1.783952,1.304051,1.652011,0.000000,0.000000,0.000000,0.000000,0.000000,0.000000,0.000000,0.000000,-1167.619141,166.847092,995.560974,1220.935669
6.8404,True,0.000000,0.000000,0.000000,0.000000,0.000000,0.000000,-1.420643,-1.783952,1.304051,1.652011,-1.420643,-1.783952,1.304051,1.652011,0.000000,0.000000,0.000000,0.000000,0.000000,0.000000,0.000000,0.000000,-1167.619141,166.847092,995.560974,1220.935669
6.8605,True,0.000000,0.000000,0.000000,0.000000,0.000000,0.000000,-1.420425,-1.783952,1.304051,1.652011,-1.420425,-1.783952,1.304051,1.652011,0.000000,0.000000,0.000000,0.000000,0.000000,0.000000,0.000000,0.000000,-1167.619141,166.847092,995.560974,1220.935669
6.8804,True,0.000000,0.000000,0.000000,0.000000,0.000000,0.000000,-1.420860,-1.783952,1.304051,1.652053,-1.420860,-1.783952,1.304051,1.652053,0.000000,0.000000,0.000000,0.000000,0.000000,0.000000,0.000000,0.000000,-1167.619141,166.847092,995.560974,1220.935669
6.9004,True,0.000000,0.000000,0.000000,0.000000,0.000000,0.000000,-1.420860,-1.783952,1.303408,1.652011,-1.420860,-1.783952,1.303408,1.652011,0.000000,0.000000,0.000000,0.000000,0.000000,0.000000,0.000000,0.000000,-1167.619141,166.847092,995.560974,1220.935669
6.9205,True,0.000000,0.000000,0.000000,0.000000,0.000000,0.000000,-1.420643,-1.783952,1.303408,1.652011,-1.420643,-1.783952,1.303408,1.652011,0.000000,0.000000,0.000000,0.000000,0.000000,0.000000,0.000000,0.000000,-1167.619141,166.847092,995.560974,1220.935669
6.9404,True,0.000000,0.000000,0.000000,0.000000,0.000000,0.000000,-1.420860,-1.783452,1.303770,1.652011,-1.420860,-1.783952,1.303770,1.652011,0.000000,0.000000,0.000000,0.000000,0.000000,0.000000,0.000000,0.000000,-1167.619141,166.847092,995.560974,1220.935669
6.9604,True,0.000000,0.000000,0.000000,0.000000,0.000000,0.000000,-1.420860,-1.783303,1.303770,1.652011,-1.420643,-1.783952,1.303770,1.652011,0.000000,0.000000,0.000000,0.000000,0.000000,0.000000,0.000000,0.000000,-1167.619141,166.847092,995.560974,1220.935669
6.9805,True,0.000000,0.000000,0.000000,0.000000,0.000000,0.000000,-1.420643,-1.784101,1.303770,1.652011,-1.420643,-1.784101,1.303770,1.652011,0.000000,0.000000,0.000000,0.000000,0.000000,0.000000,0.000000,0.000000,-1167.619141,166.847092,995.560974,1220.935669
7.0004,True,0.000000,0.000000,0.000000,0.000000,0.000000,0.000000,-1.420860,-1.783452,1.303770,1.652011,-1.420860,-1.783452,1.303770,1.652011,0.000000,0.000000,0.000000,0.000000,0.000000,0.000000,0.000000,0.000000,-1167.619141,166.847092,995.560974,1220.935669
7.0204,True,0.000000,0.000000,0.000000,0.000000,0.000000,0.000000,-1.420643,-1.783303,1.303770,1.652011,-1.420643,-1.783303,1.303770,1.652011,0.000000,0.000000,0.000000,0.000000,0.000000,0.000000,0.000000,0.000000,-1167.619141,166.847092,995.560974,1220.935669
7.0404,True,0.000000,0.000000,0.000000,0.000000,0.000000,0.000000,-1.420643,-1.783303,1.303770,1.652094,-1.420643,-1.783303,1.303770,1.652011,0.000000,0.000000,0.000000,0.000000,0.000000,0.000000,0.000000,0.000000,-1167.619141,166.847092,995.560974,1220.935669
7.0604,True,0.000000,0.000000,0.000000,0.000000,0.000000,0.000000,-1.420643,-1.783303,1.303770,1.651970,-1.420643,-1.783303,1.303770,1.652011,0.000000,0.000000,0.000000,0.000000,0.000000,0.000000,0.000000,0.000000,-1167.619141,166.847092,995.560974,1220.935669
7.0805,True,0.000000,0.000000,0.000000,0.000000,0.000000,0.000000,-1.420643,-1.783303,1.303770,1.652053,-1.420643,-1.783303,1.303770,1.652053,0.000000,0.000000,0.000000,0.000000,0.000000,0.000000,0.000000,0.000000,-1167.619141,166.847092,995.560974,1220.935669
7.1004,True,0.000000,0.000000,0.000000,0.000000,0.000000,0.000000,-1.420643,-1.783303,1.303770,1.652053,-1.420643,-1.783303,1.303770,1.652094,0.000000,0.000000,0.000000,0.000000,0.000000,0.000000,0.000000,0.000000,-1167.619141,166.847092,995.560974,1220.935669
7.1204,True,0.000000,0.000000,0.000000,0.000000,0.000000,0.000000,-1.420425,-1.783303,1.303770,1.652011,-1.420425,-1.783303,1.303770,1.652011,0.000000,0.000000,0.000000,0.000000,0.000000,0.000000,0.000000,0.000000,-1167.619141,166.847092,995.560974,1220.935669
7.1405,True,0.000000,0.000000,0.000000,0.000000,0.000000,0.000000,-1.420425,-1.783452,1.303770,1.652011,-1.420425,-1.783952,1.303770,1.651970,0.000000,0.000000,0.000000,0.000000,0.000000,0.000000,0.000000,0.000000,-1167.619141,166.847092,995.560974,1220.935669
7.1604,True,0.000000,0.000000,0.000000,0.000000,0.000000,0.000000,-1.420643,-1.783952,1.303770,1.652011,-1.420643,-1.783952,1.303770,1.652011,0.000000,0.000000,0.000000,0.000000,0.000000,0.000000,0.000000,0.000000,-1167.619141,166.847092,995.560974,1220.935669
7.1804,True,0.000000,0.000000,0.000000,0.000000,0.000000,0.000000,-1.420643,-1.783452,1.303770,1.652053,-1.420643,-1.783452,1.303770,1.652053,0.000000,0.000000,0.000000,0.000000,0.000000,0.000000,0.000000,0.000000,-1167.619141,166.847092,995.560974,1220.935669
7.2004,True,0.000000,0.000000,0.000000,0.000000,0.000000,0.000000,-1.420643,-1.784101,1.303770,1.652053,-1.420643,-1.784101,1.303770,1.652053,0.000000,0.000000,0.000000,0.000000,0.000000,0.000000,0.000000,0.000000,-1167.619141,166.847092,995.560974,1220.935669
7.2204,True,0.000000,0.000000,0.000000,0.000000,0.000000,0.000000,-1.420643,-1.784101,1.303770,1.652053,-1.420643,-1.784101,1.303770,1.652053,0.000000,0.000000,0.000000,0.000000,0.000000,0.000000,0.000000,0.000000,-1167.619141,166.847092,995.560974,1220.935669
7.2404,True,0.000000,0.000000,0.000000,0.000000,0.000000,0.000000,-1.420643,-1.784101,1.303770,1.652053,-1.420643,-1.784101,1.303770,1.652053,0.000000,0.000000,0.000000,0.000000,0.000000,0.000000,0.000000,0.000000,-1167.619141,166.847092,995.560974,1220.935669
7.2604,True,0.000000,0.000000,0.000000,0.000000,0.000000,0.000000,-1.421066,-1.784101,1.303770,1.652053,-1.421066,-1.784101,1.303770,1.652053,0.000000,0.000000,0.000000,0.000000,0.000000,0.000000,0.000000,0.000000,-1167.619141,166.847092,995.560974,1220.935669
7.2804,True,0.000000,0.000000,0.000000,0.000000,0.000000,0.000000,-1.420425,-1.784101,1.303770,1.652011,-1.421066,-1.784101,1.303770,1.652011,0.000000,0.000000,0.000000,0.000000,0.000000,0.000000,0.000000,0.000000,-1167.619141,166.847092,995.560974,1220.935669
7.3006,True,0.000000,0.000000,0.000000,0.000000,0.000000,0.000000,-1.421066,-1.783952,1.303770,1.652053,-1.421066,-1.783952,1.303770,1.652053,0.000000,0.000000,0.000000,0.000000,0.000000,0.000000,0.000000,0.000000,-1167.619141,166.847092,995.560974,1220.935669
7.3204,True,0.000000,0.000000,0.000000,0.000000,0.000000,0.000000,-1.420860,-1.783952,1.303770,1.652011,-1.420860,-1.783952,1.303770,1.652011,0.000000,0.000000,0.000000,0.000000,0.000000,0.000000,0.000000,0.000000,-1167.619141,166.847092,995.560974,1220.935669
7.3404,True,0.000000,0.000000,0.000000,0.000000,0.000000,0.000000,-1.420425,-1.783952,1.303770,1.652094,-1.420643,-1.783952,1.303490,1.652053,0.000000,0.000000,0.000000,0.000000,0.000000,0.000000,0.000000,0.000000,-1167.619141,166.847092,995.560974,1220.935669
7.3604,True,0.000000,0.000000,0.000000,0.000000,0.000000,0.000000,-1.420425,-1.783952,1.304133,1.652011,-1.420425,-1.783952,1.304133,1.652011,0.000000,0.000000,0.000000,0.000000,0.000000,0.000000,0.000000,0.000000,-1167.619141,166.847092,995.560974,1220.935669
7.3804,True,0.000000,0.000000,0.000000,0.000000,0.000000,0.000000,-1.420425,-1.783952,1.303770,1.652011,-1.420425,-1.783952,1.303770,1.652011,0.000000,0.000000,0.000000,0.000000,0.000000,0.000000,0.000000,0.000000,-1167.619141,166.847092,995.560974,1220.935669
7.4004,True,0.000000,0.000000,0.000000,0.000000,0.000000,0.000000,-1.420643,-1.783952,1.303770,1.652011,-1.420643,-1.783952,1.303490,1.651970,0.000000,0.000000,0.000000,0.000000,0.000000,0.000000,0.000000,0.000000,-1167.619141,166.847092,995.560974,1220.935669
7.4204,True,0.000000,0.000000,0.000000,0.000000,0.000000,0.000000,-1.420643,-1.783952,1.303770,1.652011,-1.420643,-1.783952,1.304133,1.652011,0.000000,0.000000,0.000000,0.000000,0.000000,0.000000,0.000000,0.000000,-1167.619141,166.847092,995.560974,1220.935669
7.4404,True,0.000000,0.000000,0.000000,0.000000,0.000000,0.000000,-1.420425,-1.783952,1.303490,1.652011,-1.420849,-1.783952,1.303490,1.652011,0.000000,0.000000,0.000000,0.000000,0.000000,0.000000,0.000000,0.000000,-1167.619141,166.847092,995.560974,1220.935669
7.4604,True,0.000000,0.000000,0.000000,0.000000,0.000000,0.000000,-1.420849,-1.783952,1.303853,1.652053,-1.420849,-1.783952,1.303770,1.652053,0.000000,0.000000,0.000000,0.000000,0.000000,0.000000,0.000000,0.000000,-1167.619141,166.847092,995.560974,1220.935669
7.4804,True,0.000000,0.000000,0.000000,0.000000,0.000000,0.000000,-1.420643,-1.783952,1.303853,1.652094,-1.420643,-1.783952,1.303853,1.652094,0.000000,0.000000,0.000000,0.000000,0.000000,0.000000,0.000000,0.000000,-1167.619141,166.847092,995.560974,1220.935669
7.5004,True,0.000000,0.000000,0.000000,0.000000,0.000000,0.000000,-1.420643,-1.783952,1.303770,1.652053,-1.420425,-1.783952,1.303770,1.652053,0.000000,0.000000,0.000000,0.000000,0.000000,0.000000,0.000000,0.000000,-1167.619141,166.847092,995.560974,1220.935669
7.5204,True,0.000000,0.000000,0.000000,0.000000,0.000000,0.000000,-1.420425,-1.783952,1.303490,1.652053,-1.420425,-1.783952,1.303770,1.652053,0.000000,0.000000,0.000000,0.000000,0.000000,0.000000,0.000000,0.000000,-1167.619141,166.847092,995.560974,1220.935669
7.5413,True,0.000000,0.000000,0.000000,0.000000,0.000000,0.000000,-1.420643,-1.783952,1.303490,1.652053,-1.420643,-1.783952,1.303490,1.652053,0.000000,0.000000,0.000000,0.000000,0.000000,0.000000,0.000000,0.000000,-1167.619141,166.847092,995.560974,1220.935669
7.5604,True,0.000000,0.000000,0.000000,0.000000,0.000000,0.000000,-1.420643,-1.783952,1.303490,1.652053,-1.420643,-1.783952,1.304133,1.652053,0.000000,0.000000,0.000000,0.000000,0.000000,0.000000,0.000000,0.000000,-1167.619141,166.847092,995.560974,1220.935669
7.5804,True,0.000000,0.000000,0.000000,0.000000,0.000000,0.000000,-1.420643,-1.783952,1.303770,1.652011,-1.420643,-1.783952,1.303490,1.652011,0.000000,0.000000,0.000000,0.000000,0.000000,0.000000,0.000000,0.000000,-1167.619141,166.847092,995.560974,1220.935669
7.6005,True,0.000000,0.000000,0.000000,0.000000,0.000000,0.000000,-1.420643,-1.783952,1.303490,1.652011,-1.420643,-1.783952,1.303490,1.652011,0.000000,0.000000,0.000000,0.000000,0.000000,0.000000,0.000000,0.000000,-1167.619141,166.847092,995.560974,1220.935669
7.6204,True,0.000000,0.000000,0.000000,0.000000,0.000000,0.000000,-1.420643,-1.783952,1.303853,1.652053,-1.420643,-1.783952,1.304133,1.652053,0.000000,0.000000,0.000000,0.000000,0.000000,0.000000,0.000000,0.000000,-1167.619141,166.847092,995.560974,1220.935669
7.6404,True,0.000000,0.000000,0.000000,0.000000,0.000000,0.000000,-1.421066,-1.783952,1.303770,1.652011,-1.420643,-1.783952,1.303770,1.652011,0.000000,0.000000,0.000000,0.000000,0.000000,0.000000,0.000000,0.000000,-1167.619141,166.847092,995.560974,1220.935669
7.6604,True,0.000000,0.000000,0.000000,0.000000,0.000000,0.000000,-1.421066,-1.783952,1.304133,1.652053,-1.421066,-1.783952,1.304133,1.652053,0.000000,0.000000,0.000000,0.000000,0.000000,0.000000,0.000000,0.000000,-1167.619141,166.847092,995.560974,1220.935669
7.6804,True,0.000000,0.000000,0.000000,0.000000,0.000000,0.000000,-1.420425,-1.783952,1.304133,1.652094,-1.420425,-1.783952,1.304133,1.652094,0.000000,0.000000,0.000000,0.000000,0.000000,0.000000,0.000000,0.000000,-1167.619141,166.847092,995.560974,1220.935669
7.7004,True,0.000000,0.000000,0.000000,0.000000,0.000000,0.000000,-1.420425,-1.783952,1.304133,1.652053,-1.420425,-1.783952,1.304133,1.652053,0.000000,0.000000,0.000000,0.000000,0.000000,0.000000,0.000000,0.000000,-1167.619141,166.847092,995.560974,1220.935669
7.7204,True,0.000000,0.000000,0.000000,0.000000,0.000000,0.000000,-1.421066,-1.783952,1.303770,1.652053,-1.420849,-1.783952,1.303490,1.652053,0.000000,0.000000,0.000000,0.000000,0.000000,0.000000,0.000000,0.000000,-1167.619141,166.847092,995.560974,1220.935669
7.7404,True,0.000000,0.000000,0.000000,0.000000,0.000000,0.000000,-1.420849,-1.783952,1.304133,1.652011,-1.420849,-1.783952,1.303770,1.652053,0.000000,0.000000,0.000000,0.000000,0.000000,0.000000,0.000000,0.000000,-1167.619141,166.847092,995.560974,1220.935669
7.7604,True,0.000000,0.000000,0.000000,0.000000,0.000000,0.000000,-1.420425,-1.783952,1.303770,1.652011,-1.420425,-1.783952,1.303770,1.652011,0.000000,0.000000,0.000000,0.000000,0.000000,0.000000,0.000000,0.000000,-1167.619141,166.847092,995.560974,1220.935669
7.7804,True,0.000000,0.000000,0.000000,0.000000,0.000000,0.000000,-1.420425,-1.783952,1.304133,1.652053,-1.420425,-1.783952,1.304133,1.652053,0.000000,0.000000,0.000000,0.000000,0.000000,0.000000,0.000000,0.000000,-1167.619141,166.847092,995.560974,1220.935669
7.8004,True,0.000000,0.000000,0.000000,0.000000,0.000000,0.000000,-1.420425,-1.783952,1.304133,1.652053,-1.421066,-1.783952,1.303770,1.652053,0.000000,0.000000,0.000000,0.000000,0.000000,0.000000,0.000000,0.000000,-1167.619141,166.847092,995.560974,1220.935669
7.8205,True,0.000000,0.000000,0.000000,0.000000,0.000000,0.000000,-1.420425,-1.783952,1.303770,1.652011,-1.420425,-1.783952,1.303770,1.652011,0.000000,0.000000,0.000000,0.000000,0.000000,0.000000,0.000000,0.000000,-1167.619141,166.847092,995.560974,1220.935669
7.8404,True,0.000000,0.000000,0.000000,0.000000,0.000000,0.000000,-1.420643,-1.783952,1.303490,1.652053,-1.420849,-1.783952,1.303770,1.652053,0.000000,0.000000,0.000000,0.000000,0.000000,0.000000,0.000000,0.000000,-1167.619141,166.847092,995.560974,1220.935669
7.8604,True,0.000000,0.000000,0.000000,0.000000,0.000000,0.000000,-1.420849,-1.783952,1.304133,1.651970,-1.420849,-1.783952,1.304133,1.651970,0.000000,0.000000,0.000000,0.000000,0.000000,0.000000,0.000000,0.000000,-1167.619141,166.847092,995.560974,1220.935669
7.8804,True,0.000000,0.000000,0.000000,0.000000,0.000000,0.000000,-1.421066,-1.783952,1.303688,1.651970,-1.421066,-1.783952,1.303688,1.651970,0.000000,0.000000,0.000000,0.000000,0.000000,0.000000,0.000000,0.000000,-1167.619141,166.847092,995.560974,1220.935669
7.9004,True,0.000000,0.000000,0.000000,0.000000,0.000000,0.000000,-1.421066,-1.783952,1.303770,1.651970,-1.421066,-1.783952,1.303770,1.651970,0.000000,0.000000,0.000000,0.000000,0.000000,0.000000,0.000000,0.000000,-1167.619141,166.847092,995.560974,1220.935669
7.9204,True,0.000000,0.000000,0.000000,0.000000,0.000000,0.000000,-1.420849,-1.783952,1.303770,1.652011,-1.420849,-1.783952,1.303770,1.652011,0.000000,0.000000,0.000000,0.000000,0.000000,0.000000,0.000000,0.000000,-1167.619141,166.847092,995.560974,1220.935669
7.9404,True,0.000000,0.000000,0.000000,0.000000,0.000000,0.000000,-1.420849,-1.783452,1.303770,1.652011,-1.420849,-1.783452,1.303770,1.652011,0.000000,0.000000,0.000000,0.000000,0.000000,0.000000,0.000000,0.000000,-1167.619141,166.847092,995.560974,1220.935669
7.9604,True,0.000000,0.000000,0.000000,0.000000,0.000000,0.000000,-1.420849,-1.783452,1.303770,1.652053,-1.420849,-1.783452,1.303770,1.652053,0.000000,0.000000,0.000000,0.000000,0.000000,0.000000,0.000000,0.000000,-1167.619141,166.847092,995.560974,1220.935669
7.9805,True,0.000000,0.000000,0.000000,0.000000,0.000000,0.000000,-1.420849,-1.783600,1.303408,1.652053,-1.420849,-1.783600,1.303408,1.652053,0.000000,0.000000,0.000000,0.000000,0.000000,0.000000,0.000000,0.000000,-1167.619141,166.847092,995.560974,1220.935669
8.0004,True,0.000000,0.000000,0.000000,0.000000,0.000000,0.000000,-1.420631,-1.784101,1.303408,1.652011,-1.420631,-1.784101,1.303490,1.652011,0.000000,0.000000,0.000000,0.000000,0.000000,0.000000,0.000000,0.000000,-1167.619141,166.847092,995.560974,1220.935669
8.0204,True,0.000000,0.000000,0.000000,0.000000,0.000000,0.000000,-1.420849,-1.783600,1.303770,1.652011,-1.420849,-1.783452,1.303770,1.652011,0.000000,0.000000,0.000000,0.000000,0.000000,0.000000,0.000000,0.000000,-1167.619141,166.847092,995.560974,1220.935669
8.0404,True,0.000000,0.000000,0.000000,0.000000,0.000000,0.000000,-1.420849,-1.783452,1.303770,1.652011,-1.420849,-1.783452,1.303770,1.652011,0.000000,0.000000,0.000000,0.000000,0.000000,0.000000,0.000000,0.000000,-1167.619141,166.847092,995.560974,1220.935669
8.0604,True,0.000000,0.000000,0.000000,0.000000,0.000000,0.000000,-1.420849,-1.783452,1.303770,1.652053,-1.420849,-1.783452,1.303770,1.652053,0.000000,0.000000,0.000000,0.000000,0.000000,0.000000,0.000000,0.000000,-1167.619141,166.847092,995.560974,1220.935669
8.0804,True,0.000000,0.000000,0.000000,0.000000,0.000000,0.000000,-1.420849,-1.783600,1.304133,1.651970,-1.420849,-1.783600,1.303770,1.651970,0.000000,0.000000,0.000000,0.000000,0.000000,0.000000,0.000000,0.000000,-1167.619141,166.847092,995.560974,1220.935669
8.1004,True,0.000000,0.000000,0.000000,0.000000,0.000000,0.000000,-1.420849,-1.783600,1.303770,1.652053,-1.420849,-1.783600,1.303770,1.652053,0.000000,0.000000,0.000000,0.000000,0.000000,0.000000,0.000000,0.000000,-1167.619141,166.847092,995.560974,1220.935669
8.1204,True,0.000000,0.000000,0.000000,0.000000,0.000000,0.000000,-1.420425,-1.783600,1.303408,1.652011,-1.420425,-1.784101,1.303408,1.652011,0.000000,0.000000,0.000000,0.000000,0.000000,0.000000,0.000000,0.000000,-1167.619141,166.847092,995.560974,1220.935669
8.1404,True,0.000000,0.000000,0.000000,0.000000,0.000000,0.000000,-1.421066,-1.784101,1.304051,1.652053,-1.421066,-1.784101,1.303770,1.652053,0.000000,0.000000,0.000000,0.000000,0.000000,0.000000,0.000000,0.000000,-1167.619141,166.847092,995.560974,1220.935669
8.1605,True,0.000000,0.000000,0.000000,0.000000,0.000000,0.000000,-1.420849,-1.783452,1.303770,1.652011,-1.420849,-1.783600,1.303770,1.652011,0.000000,0.000000,0.000000,0.000000,0.000000,0.000000,0.000000,0.000000,-1167.619141,166.847092,995.560974,1220.935669
8.1804,True,0.000000,0.000000,0.000000,0.000000,0.000000,0.000000,-1.421066,-1.783600,1.303770,1.652011,-1.421066,-1.784248,1.303770,1.652011,0.000000,0.000000,0.000000,0.000000,0.000000,0.000000,0.000000,0.000000,-1167.619141,166.847092,995.560974,1220.935669
8.2004,True,0.000000,0.000000,0.000000,0.000000,0.000000,0.000000,-1.420849,-1.784101,1.303770,1.652011,-1.420849,-1.783600,1.303770,1.652011,0.000000,0.000000,0.000000,0.000000,0.000000,0.000000,0.000000,0.000000,-1167.619141,166.847092,995.560974,1220.935669
8.2205,True,0.000000,0.000000,0.000000,0.000000,0.000000,0.000000,-1.420631,-1.784101,1.304051,1.652053,-1.420631,-1.784101,1.304051,1.652053,0.000000,0.000000,0.000000,0.000000,0.000000,0.000000,0.000000,0.000000,-1167.619141,166.847092,995.560974,1220.935669
8.2405,True,0.000000,0.000000,0.000000,0.000000,0.000000,0.000000,-1.420631,-1.784101,1.304051,1.652011,-1.420631,-1.784101,1.304051,1.652011,0.000000,0.000000,0.000000,0.000000,0.000000,0.000000,0.000000,0.000000,-1167.619141,166.847092,995.560974,1220.935669
8.2604,True,0.000000,0.000000,0.000000,0.000000,0.000000,0.000000,-1.420631,-1.784101,1.304051,1.652011,-1.420631,-1.784101,1.304051,1.652011,0.000000,0.000000,0.000000,0.000000,0.000000,0.000000,0.000000,0.000000,-1167.619141,166.847092,995.560974,1220.935669
8.2804,True,0.000000,0.000000,0.000000,0.000000,0.000000,0.000000,-1.420643,-1.784101,1.304051,1.652011,-1.420425,-1.784101,1.304051,1.652011,0.000000,0.000000,0.000000,0.000000,0.000000,0.000000,0.000000,0.000000,-1167.619141,166.847092,995.560974,1220.935669
8.3004,True,0.000000,0.000000,0.000000,0.000000,0.000000,0.000000,-1.421066,-1.784101,1.304051,1.652094,-1.420207,-1.784101,1.303770,1.652053,0.000000,0.000000,0.000000,0.000000,0.000000,0.000000,0.000000,0.000000,-1167.619141,166.847092,995.560974,1220.935669
8.3204,True,0.000000,0.000000,0.000000,0.000000,0.000000,0.000000,-1.420425,-1.784101,1.304051,1.652011,-1.420425,-1.784101,1.304051,1.652011,0.000000,0.000000,0.000000,0.000000,0.000000,0.000000,0.000000,0.000000,-1167.619141,166.847092,995.560974,1220.935669
8.3404,True,0.000000,0.000000,0.000000,0.000000,0.000000,0.000000,-1.420849,-1.784101,1.304133,1.652011,-1.420849,-1.784101,1.304133,1.652011,0.000000,0.000000,0.000000,0.000000,0.000000,0.000000,0.000000,0.000000,-1167.619141,166.847092,995.560974,1220.935669
8.3604,True,0.000000,0.000000,0.000000,0.000000,0.000000,0.000000,-1.420643,-1.784101,1.303490,1.652011,-1.420849,-1.784101,1.303490,1.652011,0.000000,0.000000,0.000000,0.000000,0.000000,0.000000,0.000000,0.000000,-1167.619141,166.847092,995.560974,1220.935669
8.3809,True,0.000000,0.000000,0.000000,0.000000,0.000000,0.000000,-1.420425,-1.784248,1.303490,1.652053,-1.420425,-1.783600,1.303408,1.652011,0.000000,0.000000,0.000000,0.000000,0.000000,0.000000,0.000000,0.000000,-1167.619141,166.847092,995.560974,1220.935669
8.4004,True,0.000000,0.000000,0.000000,0.000000,0.000000,0.000000,-1.420849,-1.783600,1.303408,1.652011,-1.420849,-1.784101,1.304133,1.652011,0.000000,0.000000,0.000000,0.000000,0.000000,0.000000,0.000000,0.000000,-1167.619141,166.847092,995.560974,1220.935669
8.4204,True,0.000000,0.000000,0.000000,0.000000,0.000000,0.000000,-1.421066,-1.784248,1.303770,1.652011,-1.420849,-1.783600,1.303770,1.652011,0.000000,0.000000,0.000000,0.000000,0.000000,0.000000,0.000000,0.000000,-1167.619141,166.847092,995.560974,1220.935669
8.4408,True,0.000000,0.000000,0.000000,0.000000,0.000000,0.000000,-1.420849,-1.783600,1.303770,1.652011,-1.420849,-1.783600,1.303770,1.652011,0.000000,0.000000,0.000000,0.000000,0.000000,0.000000,0.000000,0.000000,-1167.619141,166.847092,995.560974,1220.935669
8.4604,True,0.000000,0.000000,0.000000,0.000000,0.000000,0.000000,-1.420425,-1.783600,1.303770,1.652011,-1.421066,-1.783748,1.303490,1.652011,0.000000,0.000000,0.000000,0.000000,0.000000,0.000000,0.000000,0.000000,-1167.619141,166.847092,995.560974,1220.935669
8.4804,True,0.000000,0.000000,0.000000,0.000000,0.000000,0.000000,-1.421066,-1.783748,1.303490,1.652011,-1.421066,-1.783748,1.303490,1.652011,0.000000,0.000000,0.000000,0.000000,0.000000,0.000000,0.000000,0.000000,-1167.619141,166.847092,995.560974,1220.935669
8.5004,True,0.000000,0.000000,0.000000,0.000000,0.000000,0.000000,-1.421066,-1.783748,1.303490,1.652011,-1.421066,-1.783748,1.303490,1.652011,0.000000,0.000000,0.000000,0.000000,0.000000,0.000000,0.000000,0.000000,-1167.619141,166.847092,995.560974,1220.935669
8.5204,True,0.000000,0.000000,0.000000,0.000000,0.000000,0.000000,-1.421066,-1.783748,1.303490,1.652011,-1.421066,-1.783748,1.303490,1.652011,0.000000,0.000000,0.000000,0.000000,0.000000,0.000000,0.000000,0.000000,-1167.619141,166.847092,995.560974,1220.935669
8.5404,True,0.000000,0.000000,0.000000,0.000000,0.000000,0.000000,-1.421066,-1.783748,1.303490,1.652011,-1.420425,-1.783748,1.303490,1.652011,0.000000,0.000000,0.000000,0.000000,0.000000,0.000000,0.000000,0.000000,-1167.619141,166.847092,995.560974,1220.935669
8.5608,True,0.000000,0.000000,0.000000,0.000000,0.000000,0.000000,-1.420849,-1.784248,1.303490,1.652011,-1.420849,-1.783600,1.303490,1.652011,0.000000,0.000000,0.000000,0.000000,0.000000,0.000000,0.000000,0.000000,-1167.619141,166.847092,995.560974,1220.935669
8.5805,True,0.000000,0.000000,0.000000,0.000000,0.000000,0.000000,-1.420849,-1.784101,1.303490,1.652011,-1.420849,-1.783600,1.303490,1.652011,0.000000,0.000000,0.000000,0.000000,0.000000,0.000000,0.000000,0.000000,-1167.619141,166.847092,995.560974,1220.935669
8.6004,True,0.000000,0.000000,0.000000,0.000000,0.000000,0.000000,-1.420425,-1.784101,1.303490,1.652053,-1.420425,-1.784101,1.303490,1.652053,0.000000,0.000000,0.000000,0.000000,0.000000,0.000000,0.000000,0.000000,-1167.619141,166.847092,995.560974,1220.935669
8.6205,True,0.000000,0.000000,0.000000,0.000000,0.000000,0.000000,-1.420425,-1.784101,1.303490,1.652094,-1.420425,-1.784101,1.303490,1.652053,0.000000,0.000000,0.000000,0.000000,0.000000,0.000000,0.000000,0.000000,-1167.619141,166.847092,995.560974,1220.935669
8.6405,True,0.000000,0.000000,0.000000,0.000000,0.000000,0.000000,-1.420425,-1.784101,1.303490,1.652011,-1.421066,-1.784101,1.303490,1.652053,0.000000,0.000000,0.000000,0.000000,0.000000,0.000000,0.000000,0.000000,-1167.619141,166.847092,995.560974,1220.935669
8.6604,True,0.000000,0.000000,0.000000,0.000000,0.000000,0.000000,-1.420425,-1.784101,1.303490,1.652053,-1.420425,-1.784101,1.303490,1.652053,0.000000,0.000000,0.000000,0.000000,0.000000,0.000000,0.000000,0.000000,-1167.619141,166.847092,995.560974,1220.935669
8.6805,True,0.000000,0.000000,0.000000,0.000000,0.000000,0.000000,-1.420643,-1.784101,1.303490,1.652094,-1.420643,-1.784101,1.303490,1.652094,0.000000,0.000000,0.000000,0.000000,0.000000,0.000000,0.000000,0.000000,-1167.619141,166.847092,995.560974,1220.935669
8.7005,True,0.000000,0.000000,0.000000,0.000000,0.000000,0.000000,-1.420643,-1.784101,1.303490,1.652011,-1.420643,-1.784101,1.303490,1.652053,0.000000,0.000000,0.000000,0.000000,0.000000,0.000000,0.000000,0.000000,-1167.619141,166.847092,995.560974,1220.935669
8.7204,True,0.000000,0.000000,0.000000,0.000000,0.000000,0.000000,-1.421066,-1.784101,1.303490,1.652136,-1.421066,-1.784101,1.303490,1.652136,0.000000,0.000000,0.000000,0.000000,0.000000,0.000000,0.000000,0.000000,-1167.619141,166.847092,995.560974,1220.935669
8.7404,True,0.000000,0.000000,0.000000,0.000000,0.000000,0.000000,-1.420643,-1.784101,1.303490,1.652094,-1.420425,-1.784101,1.303490,1.652094,0.000000,0.000000,0.000000,0.000000,0.000000,0.000000,0.000000,0.000000,-1167.619141,166.847092,995.560974,1220.935669
8.7604,True,0.000000,0.000000,0.000000,0.000000,0.000000,0.000000,-1.420425,-1.784101,1.303490,1.652094,-1.420425,-1.783600,1.303490,1.652094,0.000000,0.000000,0.000000,0.000000,0.000000,0.000000,0.000000,0.000000,-1167.619141,166.847092,995.560974,1220.935669
8.7804,True,0.000000,0.000000,0.000000,0.000000,0.000000,0.000000,-1.420849,-1.784101,1.303490,1.652053,-1.420849,-1.783600,1.303490,1.652053,0.000000,0.000000,0.000000,0.000000,0.000000,0.000000,0.000000,0.000000,-1167.619141,166.847092,995.560974,1220.935669
8.8005,True,0.000000,0.000000,0.000000,0.000000,0.000000,0.000000,-1.421066,-1.784101,1.303490,1.652094,-1.421066,-1.784248,1.303490,1.652094,0.000000,0.000000,0.000000,0.000000,0.000000,0.000000,0.000000,0.000000,-1167.619141,166.847092,995.560974,1220.935669
8.8205,True,0.000000,0.000000,0.000000,0.000000,0.000000,0.000000,-1.420425,-1.783600,1.303490,1.652011,-1.420425,-1.783600,1.303490,1.652011,0.000000,0.000000,0.000000,0.000000,0.000000,0.000000,0.000000,0.000000,-1167.619141,166.847092,995.560974,1220.935669
8.8406,True,0.000000,0.000000,0.000000,0.000000,0.000000,0.000000,-1.420425,-1.783600,1.303490,1.652011,-1.420425,-1.783600,1.303490,1.652011,0.000000,0.000000,0.000000,0.000000,0.000000,0.000000,0.000000,0.000000,-1167.619141,166.847092,995.560974,1220.935669
8.8604,True,0.000000,0.000000,0.000000,0.000000,0.000000,0.000000,-1.420849,-1.783600,1.303490,1.652011,-1.420425,-1.783600,1.303490,1.652011,0.000000,0.000000,0.000000,0.000000,0.000000,0.000000,0.000000,0.000000,-1167.619141,166.847092,995.560974,1220.935669
8.8804,True,0.000000,0.000000,0.000000,0.000000,0.000000,0.000000,-1.420849,-1.783600,1.303490,1.652011,-1.421066,-1.783600,1.303490,1.652011,0.000000,0.000000,0.000000,0.000000,0.000000,0.000000,0.000000,0.000000,-1167.619141,166.847092,995.560974,1220.935669
8.9005,True,0.000000,0.000000,0.000000,0.000000,0.000000,0.000000,-1.420643,-1.784101,1.303490,1.652011,-1.420643,-1.783748,1.303490,1.652011,0.000000,0.000000,0.000000,0.000000,0.000000,0.000000,0.000000,0.000000,-1167.619141,166.847092,995.560974,1220.935669
8.9204,True,0.000000,0.000000,0.000000,0.000000,0.000000,0.000000,-1.420425,-1.784101,1.303490,1.652053,-1.420849,-1.784101,1.303490,1.652053,0.000000,0.000000,0.000000,0.000000,0.000000,0.000000,0.000000,0.000000,-1167.619141,166.847092,995.560974,1220.935669
8.9404,True,0.000000,0.000000,0.000000,0.000000,0.000000,0.000000,-1.420643,-1.784101,1.303490,1.652053,-1.420643,-1.783600,1.303490,1.652011,0.000000,0.000000,0.000000,0.000000,0.000000,0.000000,0.000000,0.000000,-1167.619141,166.847092,995.560974,1220.935669
8.9604,True,0.000000,0.000000,0.000000,0.000000,0.000000,0.000000,-1.420643,-1.783600,1.303490,1.652094,-1.420643,-1.784101,1.303490,1.652094,0.000000,0.000000,0.000000,0.000000,0.000000,0.000000,0.000000,0.000000,-1167.619141,166.847092,995.560974,1220.935669
8.9804,True,0.000000,0.000000,0.000000,0.000000,0.000000,0.000000,-1.420643,-1.783600,1.303490,1.652053,-1.420643,-1.783600,1.303490,1.652053,0.000000,0.000000,0.000000,0.000000,0.000000,0.000000,0.000000,0.000000,-1167.619141,166.847092,995.560974,1220.935669
9.0004,True,0.000000,0.000000,0.000000,0.000000,0.000000,0.000000,-1.420425,-1.783600,1.303490,1.652053,-1.420425,-1.783600,1.303490,1.652053,0.000000,0.000000,0.000000,0.000000,0.000000,0.000000,0.000000,0.000000,-1167.619141,166.847092,995.560974,1220.935669
9.0204,True,0.000000,0.000000,0.000000,0.000000,0.000000,0.000000,-1.421066,-1.784101,1.303490,1.652011,-1.421066,-1.784101,1.303490,1.652011,0.000000,0.000000,0.000000,0.000000,0.000000,0.000000,0.000000,0.000000,-1167.619141,166.847092,995.560974,1220.935669
9.0404,True,0.000000,0.000000,0.000000,0.000000,0.000000,0.000000,-1.420425,-1.783748,1.303490,1.652011,-1.420425,-1.783600,1.303490,1.652011,0.000000,0.000000,0.000000,0.000000,0.000000,0.000000,0.000000,0.000000,-1167.619141,166.847092,995.560974,1220.935669
9.0604,True,0.000000,0.000000,0.000000,0.000000,0.000000,0.000000,-1.420643,-1.783600,1.304133,1.652053,-1.420643,-1.783600,1.304133,1.652053,0.000000,0.000000,0.000000,0.000000,0.000000,0.000000,0.000000,0.000000,-1167.619141,166.847092,995.560974,1220.935669
9.0804,True,0.000000,0.000000,0.000000,0.000000,0.000000,0.000000,-1.420425,-1.783600,1.303770,1.652094,-1.420425,-1.783600,1.303770,1.652094,0.000000,0.000000,0.000000,0.000000,0.000000,0.000000,0.000000,0.000000,-1167.619141,166.847092,995.560974,1220.935669
9.1004,True,0.000000,0.000000,0.000000,0.000000,0.000000,0.000000,-1.421066,-1.783600,1.304133,1.652053,-1.421066,-1.783600,1.303770,1.652053,0.000000,0.000000,0.000000,0.000000,0.000000,0.000000,0.000000,0.000000,-1167.619141,166.847092,995.560974,1220.935669
9.1204,True,0.000000,0.000000,0.000000,0.000000,0.000000,0.000000,-1.420643,-1.783600,1.304133,1.652094,-1.420643,-1.783600,1.304133,1.652094,0.000000,0.000000,0.000000,0.000000,0.000000,0.000000,0.000000,0.000000,-1167.619141,166.847092,995.560974,1220.935669
9.1405,True,0.000000,0.000000,0.000000,0.000000,0.000000,0.000000,-1.420643,-1.783600,1.304133,1.652094,-1.420643,-1.783600,1.303770,1.652094,0.000000,0.000000,0.000000,0.000000,0.000000,0.000000,0.000000,0.000000,-1167.619141,166.847092,995.560974,1220.935669
9.1604,True,0.000000,0.000000,0.000000,0.000000,0.000000,0.000000,-1.420425,-1.783600,1.303770,1.652094,-1.420425,-1.783600,1.303770,1.652094,0.000000,0.000000,0.000000,0.000000,0.000000,0.000000,0.000000,0.000000,-1167.619141,166.847092,995.560974,1220.935669
9.1804,True,0.000000,0.000000,0.000000,0.000000,0.000000,0.000000,-1.420425,-1.783600,1.303490,1.652053,-1.420425,-1.783600,1.303490,1.652053,0.000000,0.000000,0.000000,0.000000,0.000000,0.000000,0.000000,0.000000,-1167.619141,166.847092,995.560974,1220.935669
9.2004,True,0.000000,0.000000,0.000000,0.000000,0.000000,0.000000,-1.420643,-1.783600,1.304133,1.652011,-1.420425,-1.783600,1.304133,1.652011,0.000000,0.000000,0.000000,0.000000,0.000000,0.000000,0.000000,0.000000,-1167.619141,166.847092,995.560974,1220.935669
9.2204,True,0.000000,0.000000,0.000000,0.000000,0.000000,0.000000,-1.420643,-1.783600,1.303770,1.652011,-1.420849,-1.783600,1.304133,1.652094,0.000000,0.000000,0.000000,0.000000,0.000000,0.000000,0.000000,0.000000,-1167.619141,166.847092,995.560974,1220.935669
9.2404,True,0.000000,0.000000,0.000000,0.000000,0.000000,0.000000,-1.420849,-1.783600,1.304133,1.652053,-1.420849,-1.783600,1.304133,1.652053,0.000000,0.000000,0.000000,0.000000,0.000000,0.000000,0.000000,0.000000,-1167.619141,166.847092,995.560974,1220.935669
9.2604,True,0.000000,0.000000,0.000000,0.000000,0.000000,0.000000,-1.421066,-1.783600,1.303770,1.652053,-1.420425,-1.783600,1.303490,1.652053,0.000000,0.000000,0.000000,0.000000,0.000000,0.000000,0.000000,0.000000,-1167.619141,166.847092,995.560974,1220.935669
9.2804,True,0.000000,0.000000,0.000000,0.000000,0.000000,0.000000,-1.420425,-1.783600,1.304133,1.652011,-1.420849,-1.783600,1.303490,1.652053,0.000000,0.000000,0.000000,0.000000,0.000000,0.000000,0.000000,0.000000,-1167.619141,166.847092,995.560974,1220.935669
9.3004,True,0.000000,0.000000,0.000000,0.000000,0.000000,0.000000,-1.420643,-1.783600,1.303770,1.652053,-1.420643,-1.783600,1.303770,1.652053,0.000000,0.000000,0.000000,0.000000,0.000000,0.000000,0.000000,0.000000,-1167.619141,166.847092,995.560974,1220.935669
9.3204,True,0.000000,0.000000,0.000000,0.000000,0.000000,0.000000,-1.420425,-1.783600,1.303770,1.652053,-1.420643,-1.783600,1.304133,1.652053,0.000000,0.000000,0.000000,0.000000,0.000000,0.000000,0.000000,0.000000,-1167.619141,166.847092,995.560974,1220.935669
9.3404,True,0.000000,0.000000,0.000000,0.000000,0.000000,0.000000,-1.420425,-1.783600,1.303770,1.652053,-1.420425,-1.783600,1.304133,1.652053,0.000000,0.000000,0.000000,0.000000,0.000000,0.000000,0.000000,0.000000,-1167.619141,166.847092,995.560974,1220.935669
9.3605,True,0.000000,0.000000,0.000000,0.000000,0.000000,0.000000,-1.420425,-1.783600,1.304133,1.652011,-1.420425,-1.783600,1.304133,1.652011,0.000000,0.000000,0.000000,0.000000,0.000000,0.000000,0.000000,0.000000,-1167.619141,166.847092,995.560974,1220.935669
9.3805,True,0.000000,0.000000,0.000000,0.000000,0.000000,0.000000,-1.420425,-1.783600,1.303490,1.652053,-1.420425,-1.783600,1.303490,1.652053,0.000000,0.000000,0.000000,0.000000,0.000000,0.000000,0.000000,0.000000,-1167.619141,166.847092,995.560974,1220.935669
9.4004,True,0.000000,0.000000,0.000000,0.000000,0.000000,0.000000,-1.420425,-1.783600,1.303490,1.652053,-1.420643,-1.783600,1.303490,1.652094,0.000000,0.000000,0.000000,0.000000,0.000000,0.000000,0.000000,0.000000,-1167.619141,166.847092,995.560974,1220.935669
9.4204,True,0.000000,0.000000,0.000000,0.000000,0.000000,0.000000,-1.420643,-1.783600,1.303408,1.652053,-1.420643,-1.783600,1.303408,1.652053,0.000000,0.000000,0.000000,0.000000,0.000000,0.000000,0.000000,0.000000,-1167.619141,166.847092,995.560974,1220.935669
9.4404,True,0.000000,0.000000,0.000000,0.000000,0.000000,0.000000,-1.420425,-1.783600,1.303770,1.652011,-1.420425,-1.783600,1.303770,1.652053,0.000000,0.000000,0.000000,0.000000,0.000000,0.000000,0.000000,0.000000,-1167.619141,166.847092,995.560974,1220.935669
9.4604,True,0.000000,0.000000,0.000000,0.000000,0.000000,0.000000,-1.420643,-1.783600,1.304051,1.652053,-1.420643,-1.783600,1.303770,1.652053,0.000000,0.000000,0.000000,0.000000,0.000000,0.000000,0.000000,0.000000,-1167.619141,166.847092,995.560974,1220.935669
9.4804,True,0.000000,0.000000,0.000000,0.000000,0.000000,0.000000,-1.420425,-1.783600,1.304051,1.652053,-1.420425,-1.783600,1.304051,1.652053,0.000000,0.000000,0.000000,0.000000,0.000000,0.000000,0.000000,0.000000,-1167.619141,166.847092,995.560974,1220.935669
9.5004,True,0.000000,0.000000,0.000000,0.000000,0.000000,0.000000,-1.420643,-1.783600,1.303770,1.652011,-1.420425,-1.783600,1.303770,1.652011,0.000000,0.000000,0.000000,0.000000,0.000000,0.000000,0.000000,0.000000,-1167.619141,166.847092,995.560974,1220.935669
9.5204,True,0.000000,0.000000,0.000000,0.000000,0.000000,0.000000,-1.420643,-1.783452,1.303770,1.652053,-1.420643,-1.783452,1.304133,1.652053,0.000000,0.000000,0.000000,0.000000,0.000000,0.000000,0.000000,0.000000,-1167.619141,166.847092,995.560974,1220.935669
9.5404,True,0.000000,0.000000,0.000000,0.000000,0.000000,0.000000,-1.420643,-1.783600,1.304133,1.652053,-1.420643,-1.783600,1.304133,1.652053,0.000000,0.000000,0.000000,0.000000,0.000000,0.000000,0.000000,0.000000,-1167.619141,166.847092,995.560974,1220.935669
9.5604,True,0.000000,0.000000,0.000000,0.000000,0.000000,0.000000,-1.420425,-1.783952,1.303770,1.652011,-1.420425,-1.783952,1.303770,1.652011,0.000000,0.000000,0.000000,0.000000,0.000000,0.000000,0.000000,0.000000,-1167.619141,166.847092,995.560974,1220.935669
9.5804,True,0.000000,0.000000,0.000000,0.000000,0.000000,0.000000,-1.420425,-1.783952,1.303770,1.652011,-1.420643,-1.783952,1.303770,1.652011,0.000000,0.000000,0.000000,0.000000,0.000000,0.000000,0.000000,0.000000,-1167.619141,166.847092,995.560974,1220.935669
9.6006,True,0.000000,0.000000,0.000000,0.000000,0.000000,0.000000,-1.420643,-1.783952,1.303490,1.651970,-1.420643,-1.783952,1.303770,1.651970,0.000000,0.000000,0.000000,0.000000,0.000000,0.000000,0.000000,0.000000,-1167.619141,166.847092,995.560974,1220.935669
9.6204,True,0.000000,0.000000,0.000000,0.000000,0.000000,0.000000,-1.420643,-1.783452,1.303490,1.652011,-1.420643,-1.783452,1.303490,1.652011,0.000000,0.000000,0.000000,0.000000,0.000000,0.000000,0.000000,0.000000,-1167.619141,166.847092,995.560974,1220.935669
9.6404,True,0.000000,0.000000,0.000000,0.000000,0.000000,0.000000,-1.420425,-1.783452,1.303408,1.652011,-1.420425,-1.783452,1.303408,1.652011,0.000000,0.000000,0.000000,0.000000,0.000000,0.000000,0.000000,0.000000,-1167.619141,166.847092,995.560974,1220.935669
9.6605,True,0.000000,0.000000,0.000000,0.000000,0.000000,0.000000,-1.420643,-1.783452,1.303408,1.652011,-1.420643,-1.783452,1.303770,1.652011,0.000000,0.000000,0.000000,0.000000,0.000000,0.000000,0.000000,0.000000,-1167.619141,166.847092,995.560974,1220.935669
9.6804,True,0.000000,0.000000,0.000000,0.000000,0.000000,0.000000,-1.420643,-1.783804,1.303490,1.652053,-1.420643,-1.783804,1.303490,1.652053,0.000000,0.000000,0.000000,0.000000,0.000000,0.000000,0.000000,0.000000,-1167.619141,166.847092,995.560974,1220.935669
9.7004,True,0.000000,0.000000,0.000000,0.000000,0.000000,0.000000,-1.420643,-1.783804,1.304133,1.652053,-1.420643,-1.783804,1.304133,1.652053,0.000000,0.000000,0.000000,0.000000,0.000000,0.000000,0.000000,0.000000,-1167.619141,166.847092,995.560974,1220.935669
9.7204,True,0.000000,0.000000,0.000000,0.000000,0.000000,0.000000,-1.420425,-1.783804,1.304133,1.652053,-1.420425,-1.783804,1.303770,1.652053,0.000000,0.000000,0.000000,0.000000,0.000000,0.000000,0.000000,0.000000,-1167.619141,166.847092,995.560974,1220.935669
9.7404,True,0.000000,0.000000,0.000000,0.000000,0.000000,0.000000,-1.420425,-1.783952,1.303770,1.652053,-1.420643,-1.783952,1.303770,1.652053,0.000000,0.000000,0.000000,0.000000,0.000000,0.000000,0.000000,0.000000,-1167.619141,166.847092,995.560974,1220.935669
9.7604,True,0.000000,0.000000,0.000000,0.000000,0.000000,0.000000,-1.421066,-1.783452,1.303770,1.652053,-1.421066,-1.783452,1.303770,1.652053,0.000000,0.000000,0.000000,0.000000,0.000000,0.000000,0.000000,0.000000,-1167.619141,166.847092,995.560974,1220.935669
9.7804,True,0.000000,0.000000,0.000000,0.000000,0.000000,0.000000,-1.420425,-1.783452,1.303770,1.652053,-1.420425,-1.783452,1.303770,1.652053,0.000000,0.000000,0.000000,0.000000,0.000000,0.000000,0.000000,0.000000,-1167.619141,166.847092,995.560974,1220.935669
9.8004,True,0.000000,0.000000,0.000000,0.000000,0.000000,0.000000,-1.420425,-1.783952,1.304133,1.652011,-1.420425,-1.783952,1.304133,1.652011,0.000000,0.000000,0.000000,0.000000,0.000000,0.000000,0.000000,0.000000,-1167.619141,166.847092,995.560974,1220.935669
9.8207,True,0.000000,0.000000,0.000000,0.000000,0.000000,0.000000,-1.420425,-1.783952,1.304133,1.652011,-1.420425,-1.783952,1.304133,1.652011,0.000000,0.000000,0.000000,0.000000,0.000000,0.000000,0.000000,0.000000,-1167.619141,166.847092,995.560974,1220.935669
9.8404,True,0.000000,0.000000,0.000000,0.000000,0.000000,0.000000,-1.420425,-1.784101,1.303490,1.652011,-1.420425,-1.783452,1.303490,1.652011,0.000000,0.000000,0.000000,0.000000,0.000000,0.000000,0.000000,0.000000,-1167.619141,166.847092,995.560974,1220.935669
9.8604,True,0.000000,0.000000,0.000000,0.000000,0.000000,0.000000,-1.420425,-1.783952,1.303490,1.651970,-1.421066,-1.783600,1.303770,1.651970,0.000000,0.000000,0.000000,0.000000,0.000000,0.000000,0.000000,0.000000,-1167.619141,166.847092,995.560974,1220.935669
9.8807,True,0.000000,0.000000,0.000000,0.000000,0.000000,0.000000,-1.420425,-1.783452,1.303770,1.652011,-1.420425,-1.783452,1.303490,1.652011,0.000000,0.000000,0.000000,0.000000,0.000000,0.000000,0.000000,0.000000,-1167.619141,166.847092,995.560974,1220.935669
9.9004,True,0.000000,0.000000,0.000000,0.000000,0.000000,0.000000,-1.420425,-1.783748,1.303770,1.652053,-1.420425,-1.783452,1.303770,1.652053,0.000000,0.000000,0.000000,0.000000,0.000000,0.000000,0.000000,0.000000,-1167.619141,166.847092,995.560974,1220.935669
9.9204,True,0.000000,0.000000,0.000000,0.000000,0.000000,0.000000,-1.420849,-1.784101,1.304133,1.652011,-1.420849,-1.783600,1.304133,1.652011,0.000000,0.000000,0.000000,0.000000,0.000000,0.000000,0.000000,0.000000,-1167.619141,166.847092,995.560974,1220.935669
9.9406,True,0.000000,0.000000,0.000000,0.000000,0.000000,0.000000,-1.420425,-1.783600,1.303770,1.652011,-1.420425,-1.783600,1.304133,1.652011,0.000000,0.000000,0.000000,0.000000,0.000000,0.000000,0.000000,0.000000,-1167.619141,166.847092,995.560974,1220.935669
9.9605,True,0.000000,0.000000,0.000000,0.000000,0.000000,0.000000,-1.421066,-1.783452,1.303770,1.652053,-1.420643,-1.783600,1.304133,1.652053,0.000000,0.000000,0.000000,0.000000,0.000000,0.000000,0.000000,0.000000,-1167.619141,166.847092,995.560974,1220.935669
9.9805,True,0.000000,0.000000,0.000000,0.000000,0.000000,0.000000,-1.420643,-1.783600,1.303770,1.652053,-1.420643,-1.783952,1.303408,1.652053,0.000000,0.000000,0.000000,0.000000,0.000000,0.000000,0.000000,0.000000,-1167.619141,166.847092,995.560974,1220.935669
10.0006,True,0.000000,0.000000,0.000000,0.000000,0.000000,0.000000,-1.420849,-1.783452,1.303408,1.652053,-1.420849,-1.783452,1.303408,1.652053,0.000000,0.000000,0.000000,0.000000,0.000000,0.000000,0.000000,0.000000,-1167.619141,166.847092,995.560974,1220.935669
10.0204,True,0.000000,0.000000,0.000000,0.000000,0.000000,0.000000,-1.420425,-1.783452,1.304051,1.652053,-1.420425,-1.783952,1.303770,1.652053,0.000000,0.000000,0.000000,0.000000,0.000000,0.000000,0.000000,0.000000,-1167.619141,166.847092,995.560974,1220.935669
10.0404,True,0.000000,0.000000,0.000000,0.000000,0.000000,0.000000,-1.421066,-1.784101,1.303770,1.652053,-1.421066,-1.783452,1.303490,1.652053,0.000000,0.000000,0.000000,0.000000,0.000000,0.000000,0.000000,0.000000,-1167.619141,166.847092,995.560974,1220.935669
10.0604,True,0.000000,0.000000,0.000000,0.000000,0.000000,0.000000,-1.420425,-1.783600,1.303770,1.652011,-1.420425,-1.783952,1.303770,1.652011,0.000000,0.000000,0.000000,0.000000,0.000000,0.000000,0.000000,0.000000,-1167.619141,166.847092,995.560974,1220.935669
10.0804,True,0.000000,0.000000,0.000000,0.000000,0.000000,0.000000,-1.421066,-1.783452,1.303490,1.652053,-1.421066,-1.783452,1.303490,1.652053,0.000000,0.000000,0.000000,0.000000,0.000000,0.000000,0.000000,0.000000,-1167.619141,166.847092,995.560974,1220.935669
10.1004,True,0.000000,0.000000,0.000000,0.000000,0.000000,0.000000,-1.421066,-1.783452,1.303490,1.652053,-1.421066,-1.783452,1.303490,1.652053,0.000000,0.000000,0.000000,0.000000,0.000000,0.000000,0.000000,0.000000,-1167.619141,166.847092,995.560974,1220.935669
10.1205,True,0.000000,0.000000,0.000000,0.000000,0.000000,0.000000,-1.421066,-1.783452,1.303490,1.652053,-1.420643,-1.783452,1.303490,1.652053,0.000000,0.000000,0.000000,0.000000,0.000000,0.000000,0.000000,0.000000,-1167.619141,166.847092,995.560974,1220.935669
10.1404,True,0.000000,0.000000,0.000000,0.000000,0.000000,0.000000,-1.420425,-1.783452,1.303490,1.652011,-1.421066,-1.783452,1.303490,1.652053,0.000000,0.000000,0.000000,0.000000,0.000000,0.000000,0.000000,0.000000,-1167.619141,166.847092,995.560974,1220.935669
10.1604,True,0.000000,0.000000,0.000000,0.000000,0.000000,0.000000,-1.420860,-1.783452,1.304133,1.652053,-1.420860,-1.783452,1.304133,1.652053,0.000000,0.000000,0.000000,0.000000,0.000000,0.000000,0.000000,0.000000,-1167.619141,166.847092,995.560974,1220.935669
10.1804,True,0.000000,0.000000,0.000000,0.000000,0.000000,0.000000,-1.420425,-1.783452,1.303770,1.651970,-1.420425,-1.783452,1.303770,1.651970,0.000000,0.000000,0.000000,0.000000,0.000000,0.000000,0.000000,0.000000,-1167.619141,166.847092,995.560974,1220.935669
10.2004,True,0.000000,0.000000,0.000000,0.000000,0.000000,0.000000,-1.420643,-1.783303,1.303490,1.652011,-1.420643,-1.784101,1.303853,1.652011,0.000000,0.000000,0.000000,0.000000,0.000000,0.000000,0.000000,0.000000,-1167.619141,166.847092,995.560974,1220.935669
10.2204,True,0.000000,0.000000,0.000000,0.000000,0.000000,0.000000,-1.420849,-1.783452,1.304133,1.652053,-1.420849,-1.783452,1.304133,1.652053,0.000000,0.000000,0.000000,0.000000,0.000000,0.000000,0.000000,0.000000,-1167.619141,166.847092,995.560974,1220.935669
10.2404,True,0.000000,0.000000,0.000000,0.000000,0.000000,0.000000,-1.420425,-1.783952,1.303853,1.652011,-1.420425,-1.783952,1.303853,1.652011,0.000000,0.000000,0.000000,0.000000,0.000000,0.000000,0.000000,0.000000,-1167.619141,166.847092,995.560974,1220.935669
10.2604,True,0.000000,0.000000,0.000000,0.000000,0.000000,0.000000,-1.421066,-1.783452,1.303853,1.652011,-1.421066,-1.783452,1.303853,1.652011,0.000000,0.000000,0.000000,0.000000,0.000000,0.000000,0.000000,0.000000,-1167.619141,166.847092,995.560974,1220.935669
10.2804,True,0.000000,0.000000,0.000000,0.000000,0.000000,0.000000,-1.420849,-1.783952,1.304133,1.652011,-1.420849,-1.783952,1.304133,1.652011,0.000000,0.000000,0.000000,0.000000,0.000000,0.000000,0.000000,0.000000,-1167.619141,166.847092,995.560974,1220.935669
10.3004,True,0.000000,0.000000,0.000000,0.000000,0.000000,0.000000,-1.421066,-1.783952,1.303490,1.652011,-1.420425,-1.783952,1.303490,1.652011,0.000000,0.000000,0.000000,0.000000,0.000000,0.000000,0.000000,0.000000,-1167.619141,166.847092,995.560974,1220.935669
10.3204,True,0.000000,0.000000,0.000000,0.000000,0.000000,0.000000,-1.420643,-1.783452,1.304133,1.652011,-1.420425,-1.783952,1.303853,1.652011,0.000000,0.000000,0.000000,0.000000,0.000000,0.000000,0.000000,0.000000,-1167.619141,166.847092,995.560974,1220.935669
10.3404,True,0.000000,0.000000,0.000000,0.000000,0.000000,0.000000,-1.420425,-1.783452,1.303490,1.651970,-1.420425,-1.783452,1.303490,1.651970,0.000000,0.000000,0.000000,0.000000,0.000000,0.000000,0.000000,0.000000,-1167.619141,166.847092,995.560974,1220.935669
10.3604,True,0.000000,0.000000,0.000000,0.000000,0.000000,0.000000,-1.420643,-1.783452,1.303490,1.652011,-1.420643,-1.783452,1.303490,1.652011,0.000000,0.000000,0.000000,0.000000,0.000000,0.000000,0.000000,0.000000,-1167.619141,166.847092,995.560974,1220.935669
10.3804,True,0.000000,0.000000,0.000000,0.000000,0.000000,0.000000,-1.420643,-1.783452,1.303853,1.652011,-1.420643,-1.783952,1.304133,1.652011,0.000000,0.000000,0.000000,0.000000,0.000000,0.000000,0.000000,0.000000,-1167.619141,166.847092,995.560974,1220.935669
10.4005,True,0.000000,0.000000,0.000000,0.000000,0.000000,0.000000,-1.420425,-1.783804,1.303770,1.651928,-1.420425,-1.783804,1.303770,1.651928,0.000000,0.000000,0.000000,0.000000,0.000000,0.000000,0.000000,0.000000,-1167.619141,166.847092,995.560974,1220.935669
10.4204,True,0.000000,0.000000,0.000000,0.000000,0.000000,0.000000,-1.420425,-1.783303,1.303770,1.652011,-1.420425,-1.783303,1.303770,1.652011,0.000000,0.000000,0.000000,0.000000,0.000000,0.000000,0.000000,0.000000,-1167.619141,166.847092,995.560974,1220.935669
10.4404,True,0.000000,0.000000,0.000000,0.000000,0.000000,0.000000,-1.420207,-1.783804,1.303853,1.652011,-1.421066,-1.783804,1.303853,1.652011,0.000000,0.000000,0.000000,0.000000,0.000000,0.000000,0.000000,0.000000,-1167.619141,166.847092,995.560974,1220.935669
10.4605,True,0.000000,0.000000,0.000000,0.000000,0.000000,0.000000,-1.421066,-1.784101,1.303770,1.652011,-1.421066,-1.784101,1.303770,1.652011,0.000000,0.000000,0.000000,0.000000,0.000000,0.000000,0.000000,0.000000,-1167.619141,166.847092,995.560974,1220.935669
10.4804,True,0.000000,0.000000,0.000000,0.000000,0.000000,0.000000,-1.421066,-1.784101,1.303770,1.652011,-1.421066,-1.784101,1.303770,1.652011,0.000000,0.000000,0.000000,0.000000,0.000000,0.000000,0.000000,0.000000,-1167.619141,166.847092,995.560974,1220.935669
10.5004,True,0.000000,0.000000,0.000000,0.000000,0.000000,0.000000,-1.421066,-1.784101,1.303770,1.652011,-1.420849,-1.784101,1.303770,1.652011,0.000000,0.000000,0.000000,0.000000,0.000000,0.000000,0.000000,0.000000,-1167.619141,166.847092,995.560974,1220.935669
10.5204,True,0.000000,0.000000,0.000000,0.000000,0.000000,0.000000,-1.421066,-1.784101,1.303770,1.652011,-1.420849,-1.784101,1.304133,1.652011,0.000000,0.000000,0.000000,0.000000,0.000000,0.000000,0.000000,0.000000,-1167.619141,166.847092,995.560974,1220.935669
10.5404,True,0.000000,0.000000,0.000000,0.000000,0.000000,0.000000,-1.420425,-1.784101,1.303490,1.652011,-1.420425,-1.784101,1.303853,1.652011,0.000000,0.000000,0.000000,0.000000,0.000000,0.000000,0.000000,0.000000,-1167.619141,166.847092,995.560974,1220.935669
10.5604,True,0.000000,0.000000,0.000000,0.000000,0.000000,0.000000,-1.421066,-1.783804,1.304133,1.652011,-1.421066,-1.783452,1.304133,1.652011,0.000000,0.000000,0.000000,0.000000,0.000000,0.000000,0.000000,0.000000,-1167.619141,166.847092,995.560974,1220.935669
10.5804,True,0.000000,0.000000,0.000000,0.000000,0.000000,0.000000,-1.420425,-1.783452,1.304133,1.652011,-1.420425,-1.783452,1.304133,1.652011,0.000000,0.000000,0.000000,0.000000,0.000000,0.000000,0.000000,0.000000,-1167.619141,166.847092,995.560974,1220.935669
10.6004,True,0.000000,0.000000,0.000000,0.000000,0.000000,0.000000,-1.420643,-1.783952,1.304133,1.652011,-1.420643,-1.783952,1.304133,1.652011,0.000000,0.000000,0.000000,0.000000,0.000000,0.000000,0.000000,0.000000,-1167.619141,166.847092,995.560974,1220.935669
10.6204,True,0.000000,0.000000,0.000000,0.000000,0.000000,0.000000,-1.420425,-1.783952,1.304133,1.652011,-1.420425,-1.783952,1.304133,1.652011,0.000000,0.000000,0.000000,0.000000,0.000000,0.000000,0.000000,0.000000,-1167.619141,166.847092,995.560974,1220.935669
10.6404,True,0.000000,0.000000,0.000000,0.000000,0.000000,0.000000,-1.420643,-1.784101,1.304133,1.652011,-1.420425,-1.784101,1.304133,1.651970,0.000000,0.000000,0.000000,0.000000,0.000000,0.000000,0.000000,0.000000,-1167.619141,166.847092,995.560974,1220.935669
10.6604,True,0.000000,0.000000,0.000000,0.000000,0.000000,0.000000,-1.420425,-1.784101,1.304133,1.651970,-1.420425,-1.784101,1.304133,1.652011,0.000000,0.000000,0.000000,0.000000,0.000000,0.000000,0.000000,0.000000,-1167.619141,166.847092,995.560974,1220.935669
10.6804,True,0.000000,0.000000,0.000000,0.000000,0.000000,0.000000,-1.420425,-1.784101,1.304133,1.651970,-1.420425,-1.784101,1.304133,1.651970,0.000000,0.000000,0.000000,0.000000,0.000000,0.000000,0.000000,0.000000,-1167.619141,166.847092,995.560974,1220.935669
10.7004,True,0.000000,0.000000,0.000000,0.000000,0.000000,0.000000,-1.420643,-1.784101,1.304133,1.652011,-1.420643,-1.784101,1.304133,1.652011,0.000000,0.000000,0.000000,0.000000,0.000000,0.000000,0.000000,0.000000,-1167.619141,166.847092,995.560974,1220.935669
10.7204,True,0.000000,0.000000,0.000000,0.000000,0.000000,0.000000,-1.420643,-1.784101,1.304133,1.651970,-1.420643,-1.784101,1.304133,1.651970,0.000000,0.000000,0.000000,0.000000,0.000000,0.000000,0.000000,0.000000,-1167.619141,166.847092,995.560974,1220.935669
10.7405,True,0.000000,0.000000,0.000000,0.000000,0.000000,0.000000,-1.421284,-1.784101,1.304133,1.651928,-1.421284,-1.784101,1.304133,1.651928,0.000000,0.000000,0.000000,0.000000,0.000000,0.000000,0.000000,0.000000,-1167.619141,166.847092,995.560974,1220.935669
10.7604,True,0.000000,0.000000,0.000000,0.000000,0.000000,0.000000,-1.420425,-1.783452,1.304133,1.652011,-1.420643,-1.783952,1.304133,1.651970,0.000000,0.000000,0.000000,0.000000,0.000000,0.000000,0.000000,0.000000,-1167.619141,166.847092,995.560974,1220.935669
10.7804,True,0.000000,0.000000,0.000000,0.000000,0.000000,0.000000,-1.420643,-1.783804,1.304133,1.651928,-1.420643,-1.783303,1.304133,1.651928,0.000000,0.000000,0.000000,0.000000,0.000000,0.000000,0.000000,0.000000,-1167.619141,166.847092,995.560974,1220.935669
10.8006,True,0.000000,0.000000,0.000000,0.000000,0.000000,0.000000,-1.420643,-1.783804,1.304133,1.651970,-1.420643,-1.783804,1.304133,1.651970,0.000000,0.000000,0.000000,0.000000,0.000000,0.000000,0.000000,0.000000,-1167.619141,166.847092,995.560974,1220.935669
10.8204,True,0.000000,0.000000,0.000000,0.000000,0.000000,0.000000,-1.421066,-1.783804,1.304133,1.652011,-1.421066,-1.783804,1.304133,1.652011,0.000000,0.000000,0.000000,0.000000,0.000000,0.000000,0.000000,0.000000,-1167.619141,166.847092,995.560974,1220.935669
10.8404,True,0.000000,0.000000,0.000000,0.000000,0.000000,0.000000,-1.420425,-1.783804,1.304133,1.651970,-1.420425,-1.783804,1.304133,1.651970,0.000000,0.000000,0.000000,0.000000,0.000000,0.000000,0.000000,0.000000,-1167.619141,166.847092,995.560974,1220.935669
10.8605,True,0.000000,0.000000,0.000000,0.000000,0.000000,0.000000,-1.420643,-1.783952,1.304133,1.651970,-1.420643,-1.783303,1.304133,1.651970,0.000000,0.000000,0.000000,0.000000,0.000000,0.000000,0.000000,0.000000,-1167.619141,166.847092,995.560974,1220.935669
10.8804,True,0.000000,0.000000,0.000000,0.000000,0.000000,0.000000,-1.420643,-1.783952,1.304133,1.651928,-1.420643,-1.783303,1.304133,1.651928,0.000000,0.000000,0.000000,0.000000,0.000000,0.000000,0.000000,0.000000,-1167.619141,166.847092,995.560974,1220.935669
10.9004,True,0.000000,0.000000,0.000000,0.000000,0.000000,0.000000,-1.420425,-1.783303,1.304133,1.651928,-1.420425,-1.783952,1.304133,1.651928,0.000000,0.000000,0.000000,0.000000,0.000000,0.000000,0.000000,0.000000,-1167.619141,166.847092,995.560974,1220.935669
10.9204,True,0.000000,0.000000,0.000000,0.000000,0.000000,0.000000,-1.420849,-1.783804,1.304133,1.651970,-1.420849,-1.783952,1.304133,1.651970,0.000000,0.000000,0.000000,0.000000,0.000000,0.000000,0.000000,0.000000,-1167.619141,166.847092,995.560974,1220.935669
10.9404,True,0.000000,0.000000,0.000000,0.000000,0.000000,0.000000,-1.420849,-1.783804,1.304133,1.652011,-1.420849,-1.783804,1.304133,1.652011,0.000000,0.000000,0.000000,0.000000,0.000000,0.000000,0.000000,0.000000,-1167.619141,166.847092,995.560974,1220.935669
10.9604,True,0.000000,0.000000,0.000000,0.000000,0.000000,0.000000,-1.420849,-1.783804,1.304133,1.651970,-1.420849,-1.783952,1.304133,1.651970,0.000000,0.000000,0.000000,0.000000,0.000000,0.000000,0.000000,0.000000,-1167.619141,166.847092,995.560974,1220.935669
10.9805,True,0.000000,0.000000,0.000000,0.000000,0.000000,0.000000,-1.420425,-1.783656,1.304133,1.652011,-1.420425,-1.783952,1.304133,1.652011,0.000000,0.000000,0.000000,0.000000,0.000000,0.000000,0.000000,0.000000,-1167.619141,166.847092,995.560974,1220.935669
11.0004,True,0.000000,0.000000,0.000000,0.000000,0.000000,0.000000,-1.420425,-1.783952,1.304133,1.652011,-1.420643,-1.783804,1.304133,1.651970,0.000000,0.000000,0.000000,0.000000,0.000000,0.000000,0.000000,0.000000,-1167.619141,166.847092,995.560974,1220.935669
11.0204,True,0.000000,0.000000,0.000000,0.000000,0.000000,0.000000,-1.420425,-1.783804,1.304133,1.651928,-1.420425,-1.783804,1.304133,1.651928,0.000000,0.000000,0.000000,0.000000,0.000000,0.000000,0.000000,0.000000,-1167.619141,166.847092,995.560974,1220.935669
11.0404,True,0.000000,0.000000,0.000000,0.000000,0.000000,0.000000,-1.420425,-1.783303,1.304133,1.651970,-1.420425,-1.783303,1.304133,1.651970,0.000000,0.000000,0.000000,0.000000,0.000000,0.000000,0.000000,0.000000,-1167.619141,166.847092,995.560974,1220.935669
11.0604,True,0.000000,0.000000,0.000000,0.000000,0.000000,0.000000,-1.420643,-1.783303,1.304133,1.652053,-1.420425,-1.783303,1.304133,1.652011,0.000000,0.000000,0.000000,0.000000,0.000000,0.000000,0.000000,0.000000,-1167.619141,166.847092,995.560974,1220.935669
11.0804,True,0.000000,0.000000,0.000000,0.000000,0.000000,0.000000,-1.420643,-1.783952,1.303490,1.652053,-1.420643,-1.783952,1.303490,1.652053,0.000000,0.000000,0.000000,0.000000,0.000000,0.000000,0.000000,0.000000,-1167.619141,166.847092,995.560974,1220.935669
11.1004,True,0.000000,0.000000,0.000000,0.000000,0.000000,0.000000,-1.420643,-1.783952,1.303770,1.652011,-1.420643,-1.783952,1.303770,1.652011,0.000000,0.000000,0.000000,0.000000,0.000000,0.000000,0.000000,0.000000,-1167.619141,166.847092,995.560974,1220.935669
11.1204,True,0.000000,0.000000,0.000000,0.000000,0.000000,0.000000,-1.421066,-1.783952,1.303490,1.652053,-1.420643,-1.783952,1.303490,1.652053,0.000000,0.000000,0.000000,0.000000,0.000000,0.000000,0.000000,0.000000,-1167.619141,166.847092,995.560974,1220.935669
11.1405,True,0.000000,0.000000,0.000000,0.000000,0.000000,0.000000,-1.420425,-1.783952,1.303770,1.652053,-1.420425,-1.783952,1.303770,1.652053,0.000000,0.000000,0.000000,0.000000,0.000000,0.000000,0.000000,0.000000,-1167.619141,166.847092,995.560974,1220.935669
11.1604,True,0.000000,0.000000,0.000000,0.000000,0.000000,0.000000,-1.420425,-1.783952,1.304051,1.652053,-1.420425,-1.783952,1.304051,1.652053,0.000000,0.000000,0.000000,0.000000,0.000000,0.000000,0.000000,0.000000,-1167.619141,166.847092,995.560974,1220.935669
11.1804,True,0.000000,0.000000,0.000000,0.000000,0.000000,0.000000,-1.420425,-1.783952,1.303770,1.652011,-1.420425,-1.783952,1.303770,1.652011,0.000000,0.000000,0.000000,0.000000,0.000000,0.000000,0.000000,0.000000,-1167.619141,166.847092,995.560974,1220.935669
11.2006,True,0.000000,0.000000,0.000000,0.000000,0.000000,0.000000,-1.420425,-1.783952,1.303770,1.652053,-1.420425,-1.783952,1.303770,1.652053,0.000000,0.000000,0.000000,0.000000,0.000000,0.000000,0.000000,0.000000,-1167.619141,166.847092,995.560974,1220.935669
11.2204,True,0.000000,0.000000,0.000000,0.000000,0.000000,0.000000,-1.420425,-1.783952,1.303490,1.652094,-1.420425,-1.783952,1.303770,1.652094,0.000000,0.000000,0.000000,0.000000,0.000000,0.000000,0.000000,0.000000,-1167.619141,166.847092,995.560974,1220.935669
11.2404,True,0.000000,0.000000,0.000000,0.000000,0.000000,0.000000,-1.420425,-1.783952,1.303770,1.652094,-1.420425,-1.783952,1.303770,1.652094,0.000000,0.000000,0.000000,0.000000,0.000000,0.000000,0.000000,0.000000,-1167.619141,166.847092,995.560974,1220.935669
11.2604,True,0.000000,0.000000,0.000000,0.000000,0.000000,0.000000,-1.420425,-1.783804,1.303408,1.652053,-1.420425,-1.783804,1.303408,1.652053,0.000000,0.000000,0.000000,0.000000,0.000000,0.000000,0.000000,0.000000,-1167.619141,166.847092,995.560974,1220.935669
11.2804,True,0.000000,0.000000,0.000000,0.000000,0.000000,0.000000,-1.420425,-1.783804,1.304133,1.652094,-1.420425,-1.783804,1.304133,1.652094,0.000000,0.000000,0.000000,0.000000,0.000000,0.000000,0.000000,0.000000,-1167.619141,166.847092,995.560974,1220.935669
11.3004,True,0.000000,0.000000,0.000000,0.000000,0.000000,0.000000,-1.420425,-1.783952,1.304051,1.652094,-1.420425,-1.783952,1.304051,1.652094,0.000000,0.000000,0.000000,0.000000,0.000000,0.000000,0.000000,0.000000,-1167.619141,166.847092,995.560974,1220.935669
11.3204,True,0.000000,0.000000,0.000000,0.000000,0.000000,0.000000,-1.420425,-1.783952,1.304051,1.652011,-1.420425,-1.783952,1.304051,1.652011,0.000000,0.000000,0.000000,0.000000,0.000000,0.000000,0.000000,0.000000,-1167.619141,166.847092,995.560974,1220.935669
11.3404,True,0.000000,0.000000,0.000000,0.000000,0.000000,0.000000,-1.420425,-1.784101,1.304051,1.652094,-1.420425,-1.783303,1.303408,1.652094,0.000000,0.000000,0.000000,0.000000,0.000000,0.000000,0.000000,0.000000,-1167.619141,166.847092,995.560974,1220.935669
11.3604,True,0.000000,0.000000,0.000000,0.000000,0.000000,0.000000,-1.420425,-1.783952,1.303408,1.652053,-1.420425,-1.783952,1.303408,1.652053,0.000000,0.000000,0.000000,0.000000,0.000000,0.000000,0.000000,0.000000,-1167.619141,166.847092,995.560974,1220.935669
11.3804,True,0.000000,0.000000,0.000000,0.000000,0.000000,0.000000,-1.420425,-1.783452,1.303770,1.652053,-1.420425,-1.783452,1.303770,1.652053,0.000000,0.000000,0.000000,0.000000,0.000000,0.000000,0.000000,0.000000,-1167.619141,166.847092,995.560974,1220.935669
11.4004,True,0.000000,0.000000,0.000000,0.000000,0.000000,0.000000,-1.420425,-1.783303,1.303408,1.652053,-1.420425,-1.783952,1.303770,1.652053,0.000000,0.000000,0.000000,0.000000,0.000000,0.000000,0.000000,0.000000,-1167.619141,166.847092,995.560974,1220.935669
11.4204,True,0.000000,0.000000,0.000000,0.000000,0.000000,0.000000,-1.420425,-1.783804,1.303770,1.652053,-1.420425,-1.783303,1.303408,1.652053,0.000000,0.000000,0.000000,0.000000,0.000000,0.000000,0.000000,0.000000,-1167.619141,166.847092,995.560974,1220.935669
11.4409,True,0.000000,0.000000,0.000000,0.000000,0.000000,0.000000,-1.420425,-1.783303,1.303408,1.652053,-1.420425,-1.783952,1.304051,1.652053,0.000000,0.000000,0.000000,0.000000,0.000000,0.000000,0.000000,0.000000,-1167.619141,166.847092,995.560974,1220.935669
11.4605,True,0.000000,0.000000,0.000000,0.000000,0.000000,0.000000,-1.420425,-1.783452,1.304051,1.652053,-1.420425,-1.783303,1.304051,1.652053,0.000000,0.000000,0.000000,0.000000,0.000000,0.000000,0.000000,0.000000,-1167.619141,166.847092,995.560974,1220.935669
11.4805,True,0.000000,0.000000,0.000000,0.000000,0.000000,0.000000,-1.420425,-1.783303,1.303408,1.652053,-1.420425,-1.783303,1.303408,1.652053,0.000000,0.000000,0.000000,0.000000,0.000000,0.000000,0.000000,0.000000,-1167.619141,166.847092,995.560974,1220.935669
11.5004,True,0.000000,0.000000,0.000000,0.000000,0.000000,0.000000,-1.420425,-1.783952,1.304051,1.652011,-1.420425,-1.783952,1.304051,1.652011,0.000000,0.000000,0.000000,0.000000,0.000000,0.000000,0.000000,0.000000,-1167.619141,166.847092,995.560974,1220.935669
11.5204,True,0.000000,0.000000,0.000000,0.000000,0.000000,0.000000,-1.420425,-1.783952,1.304051,1.652053,-1.420425,-1.783952,1.304051,1.651970,0.000000,0.000000,0.000000,0.000000,0.000000,0.000000,0.000000,0.000000,-1167.619141,166.847092,995.560974,1220.935669
11.5404,True,0.000000,0.000000,0.000000,0.000000,0.000000,0.000000,-1.420425,-1.783952,1.304051,1.652011,-1.420425,-1.783952,1.303770,1.652011,0.000000,0.000000,0.000000,0.000000,0.000000,0.000000,0.000000,0.000000,-1167.619141,166.847092,995.560974,1220.935669
11.5604,True,0.000000,0.000000,0.000000,0.000000,0.000000,0.000000,-1.420425,-1.783303,1.303770,1.652011,-1.420425,-1.783303,1.303770,1.652011,0.000000,0.000000,0.000000,0.000000,0.000000,0.000000,0.000000,0.000000,-1167.619141,166.847092,995.560974,1220.935669
11.5804,True,0.000000,0.000000,0.000000,0.000000,0.000000,0.000000,-1.420425,-1.783952,1.304051,1.652053,-1.420425,-1.783303,1.304051,1.652053,0.000000,0.000000,0.000000,0.000000,0.000000,0.000000,0.000000,0.000000,-1167.619141,166.847092,995.560974,1220.935669
11.6004,True,0.000000,0.000000,0.000000,0.000000,0.000000,0.000000,-1.420425,-1.783452,1.303770,1.652053,-1.420425,-1.783452,1.303770,1.652053,0.000000,0.000000,0.000000,0.000000,0.000000,0.000000,0.000000,0.000000,-1167.619141,166.847092,995.560974,1220.935669
11.6204,True,0.000000,0.000000,0.000000,0.000000,0.000000,0.000000,-1.420425,-1.783952,1.303770,1.652053,-1.420425,-1.783952,1.303408,1.652053,0.000000,0.000000,0.000000,0.000000,0.000000,0.000000,0.000000,0.000000,-1167.619141,166.847092,995.560974,1220.935669
11.6405,True,0.000000,0.000000,0.000000,0.000000,0.000000,0.000000,-1.420425,-1.783952,1.303770,1.652053,-1.420425,-1.783303,1.303408,1.652011,0.000000,0.000000,0.000000,0.000000,0.000000,0.000000,0.000000,0.000000,-1167.619141,166.847092,995.560974,1220.935669
11.6604,True,0.000000,0.000000,0.000000,0.000000,0.000000,0.000000,-1.420643,-1.783303,1.304051,1.652011,-1.420643,-1.783303,1.304051,1.652011,0.000000,0.000000,0.000000,0.000000,0.000000,0.000000,0.000000,0.000000,-1167.619141,166.847092,995.560974,1220.935669
11.6804,True,0.000000,0.000000,0.000000,0.000000,0.000000,0.000000,-1.420425,-1.783303,1.304051,1.652011,-1.420643,-1.783303,1.304051,1.652011,0.000000,0.000000,0.000000,0.000000,0.000000,0.000000,0.000000,0.000000,-1167.619141,166.847092,995.560974,1220.935669
11.7004,True,0.000000,0.000000,0.000000,0.000000,0.000000,0.000000,-1.421066,-1.783303,1.304051,1.652011,-1.420643,-1.783303,1.304051,1.652011,0.000000,0.000000,0.000000,0.000000,0.000000,0.000000,0.000000,0.000000,-1167.619141,166.847092,995.560974,1220.935669
11.7204,True,0.000000,0.000000,0.000000,0.000000,0.000000,0.000000,-1.420643,-1.783303,1.304051,1.652011,-1.420643,-1.783303,1.304051,1.652011,0.000000,0.000000,0.000000,0.000000,0.000000,0.000000,0.000000,0.000000,-1167.619141,166.847092,995.560974,1220.935669
11.7404,True,0.000000,0.000000,0.000000,0.000000,0.000000,0.000000,-1.420643,-1.783303,1.303770,1.652011,-1.420643,-1.783303,1.303770,1.652011,0.000000,0.000000,0.000000,0.000000,0.000000,0.000000,0.000000,0.000000,-1167.619141,166.847092,995.560974,1220.935669
11.7604,True,0.000000,0.000000,0.000000,0.000000,0.000000,0.000000,-1.420643,-1.783303,1.303770,1.652011,-1.420643,-1.783804,1.303770,1.652011,0.000000,0.000000,0.000000,0.000000,0.000000,0.000000,0.000000,0.000000,-1167.619141,166.847092,995.560974,1220.935669
11.7804,True,0.000000,0.000000,0.000000,0.000000,0.000000,0.000000,-1.420860,-1.783303,1.303770,1.652011,-1.420860,-1.783303,1.303770,1.652011,0.000000,0.000000,0.000000,0.000000,0.000000,0.000000,0.000000,0.000000,-1167.619141,166.847092,995.560974,1220.935669
11.8004,True,0.000000,0.000000,0.000000,0.000000,0.000000,0.000000,-1.420643,-1.783952,1.303408,1.652011,-1.420643,-1.783303,1.303408,1.652011,0.000000,0.000000,0.000000,0.000000,0.000000,0.000000,0.000000,0.000000,-1167.619141,166.847092,995.560974,1220.935669
11.8204,True,0.000000,0.000000,0.000000,0.000000,0.000000,0.000000,-1.420860,-1.783452,1.303408,1.652011,-1.420643,-1.783952,1.303770,1.652011,0.000000,0.000000,0.000000,0.000000,0.000000,0.000000,0.000000,0.000000,-1167.619141,166.847092,995.560974,1220.935669
11.8404,True,0.000000,0.000000,0.000000,0.000000,0.000000,0.000000,-1.420643,-1.783303,1.303770,1.652011,-1.420643,-1.783303,1.303770,1.652011,0.000000,0.000000,0.000000,0.000000,0.000000,0.000000,0.000000,0.000000,-1167.619141,166.847092,995.560974,1220.935669
11.8604,True,0.000000,0.000000,0.000000,0.000000,0.000000,0.000000,-1.420643,-1.783303,1.303770,1.652011,-1.420425,-1.783303,1.303770,1.652011,0.000000,0.000000,0.000000,0.000000,0.000000,0.000000,0.000000,0.000000,-1167.619141,166.847092,995.560974,1220.935669
11.8804,True,0.000000,0.000000,0.000000,0.000000,0.000000,0.000000,-1.420643,-1.783303,1.303490,1.652011,-1.420643,-1.783303,1.303770,1.652011,0.000000,0.000000,0.000000,0.000000,0.000000,0.000000,0.000000,0.000000,-1167.619141,166.847092,995.560974,1220.935669
11.9004,True,0.000000,0.000000,0.000000,0.000000,0.000000,0.000000,-1.420643,-1.783804,1.303770,1.652011,-1.420643,-1.783804,1.303770,1.652011,0.000000,0.000000,0.000000,0.000000,0.000000,0.000000,0.000000,0.000000,-1167.619141,166.847092,995.560974,1220.935669
11.9204,True,0.000000,0.000000,0.000000,0.000000,0.000000,0.000000,-1.420860,-1.783452,1.303408,1.652011,-1.420860,-1.783452,1.303408,1.652011,0.000000,0.000000,0.000000,0.000000,0.000000,0.000000,0.000000,0.000000,-1167.619141,166.847092,995.560974,1220.935669
11.9404,True,0.000000,0.000000,0.000000,0.000000,0.000000,0.000000,-1.420643,-1.783952,1.303408,1.652011,-1.420643,-1.783452,1.303408,1.652011,0.000000,0.000000,0.000000,0.000000,0.000000,0.000000,0.000000,0.000000,-1167.619141,166.847092,995.560974,1220.935669
11.9604,True,0.000000,0.000000,0.000000,0.000000,0.000000,0.000000,-1.420860,-1.783952,1.304051,1.652011,-1.420860,-1.783952,1.304051,1.652011,0.000000,0.000000,0.000000,0.000000,0.000000,0.000000,0.000000,0.000000,-1167.619141,166.847092,995.560974,1220.935669
11.9804,True,0.000000,0.000000,0.000000,0.000000,0.000000,0.000000,-1.420425,-1.783952,1.303408,1.652011,-1.420425,-1.783952,1.303408,1.652011,0.000000,0.000000,0.000000,0.000000,0.000000,0.000000,0.000000,0.000000,-1167.619141,166.847092,995.560974,1220.935669
12.0004,True,0.000000,0.000000,0.000000,0.000000,0.000000,0.000000,-1.420643,-1.783804,1.303770,1.652011,-1.420643,-1.783656,1.303408,1.652011,0.000000,0.000000,0.000000,0.000000,0.000000,0.000000,0.000000,0.000000,-1167.619141,166.847092,995.560974,1220.935669
12.0204,True,0.000000,0.000000,0.000000,0.000000,0.000000,0.000000,-1.420860,-1.784101,1.303770,1.652011,-1.420860,-1.784101,1.303770,1.652011,0.000000,0.000000,0.000000,0.000000,0.000000,0.000000,0.000000,0.000000,-1167.619141,166.847092,995.560974,1220.935669
12.0404,True,0.000000,0.000000,0.000000,0.000000,0.000000,0.000000,-1.420643,-1.783452,1.303770,1.652011,-1.420643,-1.783452,1.303770,1.652011,0.000000,0.000000,0.000000,0.000000,0.000000,0.000000,0.000000,0.000000,-1167.619141,166.847092,995.560974,1220.935669
12.0604,True,0.000000,0.000000,0.000000,0.000000,0.000000,0.000000,-1.420643,-1.783452,1.303770,1.652053,-1.420643,-1.783452,1.303770,1.652011,0.000000,0.000000,0.000000,0.000000,0.000000,0.000000,0.000000,0.000000,-1167.619141,166.847092,995.560974,1220.935669
12.0809,True,0.000000,0.000000,0.000000,0.000000,0.000000,0.000000,-1.420425,-1.783452,1.303770,1.651970,-1.420425,-1.783452,1.303770,1.651970,0.000000,0.000000,0.000000,0.000000,0.000000,0.000000,0.000000,0.000000,-1167.619141,166.847092,995.560974,1220.935669
12.1004,True,0.000000,0.000000,0.000000,0.000000,0.000000,0.000000,-1.420425,-1.783452,1.303770,1.652011,-1.420643,-1.783452,1.303770,1.652011,0.000000,0.000000,0.000000,0.000000,0.000000,0.000000,0.000000,0.000000,-1167.619141,166.847092,995.560974,1220.935669
12.1204,True,0.000000,0.000000,0.000000,0.000000,0.000000,0.000000,-1.421066,-1.783452,1.303770,1.652053,-1.421066,-1.783452,1.303770,1.652053,0.000000,0.000000,0.000000,0.000000,0.000000,0.000000,0.000000,0.000000,-1167.619141,166.847092,995.560974,1220.935669
12.1407,True,0.000000,0.000000,0.000000,0.000000,0.000000,0.000000,-1.420643,-1.783452,1.303770,1.651970,-1.420643,-1.783452,1.303770,1.651970,0.000000,0.000000,0.000000,0.000000,0.000000,0.000000,0.000000,0.000000,-1167.619141,166.847092,995.560974,1220.935669
12.1604,True,0.000000,0.000000,0.000000,0.000000,0.000000,0.000000,-1.420643,-1.783452,1.303770,1.652011,-1.420860,-1.783452,1.303408,1.652011,0.000000,0.000000,0.000000,0.000000,0.000000,0.000000,0.000000,0.000000,-1167.619141,166.847092,995.560974,1220.935669
12.1804,True,0.000000,0.000000,0.000000,0.000000,0.000000,0.000000,-1.420643,-1.783452,1.303770,1.652011,-1.420643,-1.783452,1.303770,1.652011,0.000000,0.000000,0.000000,0.000000,0.000000,0.000000,0.000000,0.000000,-1167.619141,166.847092,995.560974,1220.935669
12.2006,True,0.000000,0.000000,0.000000,0.000000,0.000000,0.000000,-1.420425,-1.783452,1.303770,1.652011,-1.420425,-1.783452,1.303770,1.652011,0.000000,0.000000,0.000000,0.000000,0.000000,0.000000,0.000000,0.000000,-1167.619141,166.847092,995.560974,1220.935669
12.2204,True,0.000000,0.000000,0.000000,0.000000,0.000000,0.000000,-1.420643,-1.783452,1.303770,1.651970,-1.420643,-1.783452,1.303408,1.651970,0.000000,0.000000,0.000000,0.000000,0.000000,0.000000,0.000000,0.000000,-1167.619141,166.847092,995.560974,1220.935669
12.2404,True,0.000000,0.000000,0.000000,0.000000,0.000000,0.000000,-1.420643,-1.783452,1.304133,1.652011,-1.420643,-1.783452,1.304133,1.652011,0.000000,0.000000,0.000000,0.000000,0.000000,0.000000,0.000000,0.000000,-1167.619141,166.847092,995.560974,1220.935669
12.2604,True,0.000000,0.000000,0.000000,0.000000,0.000000,0.000000,-1.420425,-1.783952,1.303770,1.652011,-1.420425,-1.783952,1.303770,1.652011,0.000000,0.000000,0.000000,0.000000,0.000000,0.000000,0.000000,0.000000,-1167.619141,166.847092,995.560974,1220.935669
12.2804,True,0.000000,0.000000,0.000000,0.000000,0.000000,0.000000,-1.420425,-1.783452,1.303770,1.652053,-1.421066,-1.783452,1.303770,1.652053,0.000000,0.000000,0.000000,0.000000,0.000000,0.000000,0.000000,0.000000,-1167.619141,166.847092,995.560974,1220.935669
12.3004,True,0.000000,0.000000,0.000000,0.000000,0.000000,0.000000,-1.420643,-1.783952,1.303408,1.652011,-1.420643,-1.783952,1.303408,1.652011,0.000000,0.000000,0.000000,0.000000,0.000000,0.000000,0.000000,0.000000,-1167.619141,166.847092,995.560974,1220.935669
12.3204,True,0.000000,0.000000,0.000000,0.000000,0.000000,0.000000,-1.420643,-1.783952,1.303770,1.652011,-1.420425,-1.783952,1.303770,1.652011,0.000000,0.000000,0.000000,0.000000,0.000000,0.000000,0.000000,0.000000,-1167.619141,166.847092,995.560974,1220.935669
12.3404,True,0.000000,0.000000,0.000000,0.000000,0.000000,0.000000,-1.420643,-1.784101,1.303770,1.652053,-1.420425,-1.783952,1.303770,1.652053,0.000000,0.000000,0.000000,0.000000,0.000000,0.000000,0.000000,0.000000,-1167.619141,166.847092,995.560974,1220.935669
12.3604,True,0.000000,0.000000,0.000000,0.000000,0.000000,0.000000,-1.420425,-1.783804,1.303770,1.652011,-1.420425,-1.783804,1.303770,1.652011,0.000000,0.000000,0.000000,0.000000,0.000000,0.000000,0.000000,0.000000,-1167.619141,166.847092,995.560974,1220.935669
12.3804,True,0.000000,0.000000,0.000000,0.000000,0.000000,0.000000,-1.420643,-1.783952,1.303408,1.652053,-1.420643,-1.783952,1.303408,1.652053,0.000000,0.000000,0.000000,0.000000,0.000000,0.000000,0.000000,0.000000,-1167.619141,166.847092,995.560974,1220.935669
12.4004,True,0.000000,0.000000,0.000000,0.000000,0.000000,0.000000,-1.421066,-1.783452,1.304051,1.652053,-1.421066,-1.784101,1.304051,1.652053,0.000000,0.000000,0.000000,0.000000,0.000000,0.000000,0.000000,0.000000,-1167.619141,166.847092,995.560974,1220.935669
12.4205,True,0.000000,0.000000,0.000000,0.000000,0.000000,0.000000,-1.421066,-1.783952,1.303770,1.652053,-1.421066,-1.783952,1.303770,1.652053,0.000000,0.000000,0.000000,0.000000,0.000000,0.000000,0.000000,0.000000,-1167.619141,166.847092,995.560974,1220.935669
12.4404,True,0.000000,0.000000,0.000000,0.000000,0.000000,0.000000,-1.420643,-1.783952,1.303408,1.652053,-1.420643,-1.783952,1.303408,1.652053,0.000000,0.000000,0.000000,0.000000,0.000000,0.000000,0.000000,0.000000,-1167.619141,166.847092,995.560974,1220.935669
12.4604,True,0.000000,0.000000,0.000000,0.000000,0.000000,0.000000,-1.420425,-1.783952,1.303770,1.652011,-1.420849,-1.783303,1.304133,1.652011,0.000000,0.000000,0.000000,0.000000,0.000000,0.000000,0.000000,0.000000,-1167.619141,166.847092,995.560974,1220.935669
12.4805,True,0.000000,0.000000,0.000000,0.000000,0.000000,0.000000,-1.420849,-1.783952,1.303770,1.652011,-1.420849,-1.783952,1.303770,1.652011,0.000000,0.000000,0.000000,0.000000,0.000000,0.000000,0.000000,0.000000,-1167.619141,166.847092,995.560974,1220.935669
12.5004,True,0.000000,0.000000,0.000000,0.000000,0.000000,0.000000,-1.420849,-1.783303,1.303408,1.652053,-1.420849,-1.783303,1.303408,1.652053,0.000000,0.000000,0.000000,0.000000,0.000000,0.000000,0.000000,0.000000,-1167.619141,166.847092,995.560974,1220.935669
12.5204,True,0.000000,0.000000,0.000000,0.000000,0.000000,0.000000,-1.420425,-1.783452,1.304051,1.652011,-1.420425,-1.783952,1.303408,1.652011,0.000000,0.000000,0.000000,0.000000,0.000000,0.000000,0.000000,0.000000,-1167.619141,166.847092,995.560974,1220.935669
12.5406,True,0.000000,0.000000,0.000000,0.000000,0.000000,0.000000,-1.421066,-1.783804,1.303408,1.652053,-1.421066,-1.783804,1.303408,1.652053,0.000000,0.000000,0.000000,0.000000,0.000000,0.000000,0.000000,0.000000,-1167.619141,166.847092,995.560974,1220.935669
12.5604,True,0.000000,0.000000,0.000000,0.000000,0.000000,0.000000,-1.420425,-1.783656,1.303770,1.652011,-1.420425,-1.783952,1.303408,1.652011,0.000000,0.000000,0.000000,0.000000,0.000000,0.000000,0.000000,0.000000,-1167.619141,166.847092,995.560974,1220.935669
12.5804,True,0.000000,0.000000,0.000000,0.000000,0.000000,0.000000,-1.420425,-1.783952,1.303408,1.652011,-1.420425,-1.783952,1.303408,1.652011,0.000000,0.000000,0.000000,0.000000,0.000000,0.000000,0.000000,0.000000,-1167.619141,166.847092,995.560974,1220.935669
12.6007,True,0.000000,0.000000,0.000000,0.000000,0.000000,0.000000,-1.421066,-1.783952,1.303770,1.652053,-1.421066,-1.783303,1.303853,1.652053,0.000000,0.000000,0.000000,0.000000,0.000000,0.000000,0.000000,0.000000,-1167.619141,166.847092,995.560974,1220.935669
12.6204,True,0.000000,0.000000,0.000000,0.000000,0.000000,0.000000,-1.421066,-1.783303,1.303770,1.652011,-1.420425,-1.783952,1.303688,1.652011,0.000000,0.000000,0.000000,0.000000,0.000000,0.000000,0.000000,0.000000,-1167.619141,166.847092,995.560974,1220.935669
12.6404,True,0.000000,0.000000,0.000000,0.000000,0.000000,0.000000,-1.421066,-1.783952,1.303688,1.652053,-1.420425,-1.783952,1.303688,1.652053,0.000000,0.000000,0.000000,0.000000,0.000000,0.000000,0.000000,0.000000,-1167.619141,166.847092,995.560974,1220.935669
12.6606,True,0.000000,0.000000,0.000000,0.000000,0.000000,0.000000,-1.421066,-1.783804,1.303770,1.652094,-1.421066,-1.783804,1.303770,1.652094,0.000000,0.000000,0.000000,0.000000,0.000000,0.000000,0.000000,0.000000,-1167.619141,166.847092,995.560974,1220.935669
12.6804,True,0.000000,0.000000,0.000000,0.000000,0.000000,0.000000,-1.420643,-1.783804,1.304051,1.652053,-1.420643,-1.783804,1.304133,1.652053,0.000000,0.000000,0.000000,0.000000,0.000000,0.000000,0.000000,0.000000,-1167.619141,166.847092,995.560974,1220.935669
12.7005,True,0.000000,0.000000,0.000000,0.000000,0.000000,0.000000,-1.420425,-1.783804,1.303770,1.652011,-1.420425,-1.783804,1.303770,1.652011,0.000000,0.000000,0.000000,0.000000,0.000000,0.000000,0.000000,0.000000,-1167.619141,166.847092,995.560974,1220.935669
12.7204,True,0.000000,0.000000,0.000000,0.000000,0.000000,0.000000,-1.420425,-1.783804,1.303770,1.652011,-1.420425,-1.783804,1.303770,1.652011,0.000000,0.000000,0.000000,0.000000,0.000000,0.000000,0.000000,0.000000,-1167.619141,166.847092,995.560974,1220.935669
12.7404,True,0.000000,0.000000,0.000000,0.000000,0.000000,0.000000,-1.420425,-1.783804,1.303770,1.652011,-1.420425,-1.783804,1.303770,1.652011,0.000000,0.000000,0.000000,0.000000,0.000000,0.000000,0.000000,0.000000,-1167.619141,166.847092,995.560974,1220.935669
12.7604,True,0.000000,0.000000,0.000000,0.000000,0.000000,0.000000,-1.420643,-1.783804,1.303770,1.652011,-1.420643,-1.783804,1.303770,1.652011,0.000000,0.000000,0.000000,0.000000,0.000000,0.000000,0.000000,0.000000,-1167.619141,166.847092,995.560974,1220.935669
12.7804,True,0.000000,0.000000,0.000000,0.000000,0.000000,0.000000,-1.420643,-1.783804,1.303770,1.652011,-1.420425,-1.783804,1.303770,1.652011,0.000000,0.000000,0.000000,0.000000,0.000000,0.000000,0.000000,0.000000,-1167.619141,166.847092,995.560974,1220.935669
12.8004,True,0.000000,0.000000,0.000000,0.000000,0.000000,0.000000,-1.420425,-1.783804,1.303770,1.652011,-1.420425,-1.783804,1.304051,1.652011,0.000000,0.000000,0.000000,0.000000,0.000000,0.000000,0.000000,0.000000,-1167.619141,166.847092,995.560974,1220.935669
12.8205,True,0.000000,0.000000,0.000000,0.000000,0.000000,0.000000,-1.420849,-1.783804,1.304051,1.652011,-1.421066,-1.783804,1.304051,1.652011,0.000000,0.000000,0.000000,0.000000,0.000000,0.000000,0.000000,0.000000,-1167.619141,166.847092,995.560974,1220.935669
12.8404,True,0.000000,0.000000,0.000000,0.000000,0.000000,0.000000,-1.420849,-1.783952,1.304051,1.652011,-1.420849,-1.783952,1.304051,1.652011,0.000000,0.000000,0.000000,0.000000,0.000000,0.000000,0.000000,0.000000,-1167.619141,166.847092,995.560974,1220.935669
12.8604,True,0.000000,0.000000,0.000000,0.000000,0.000000,0.000000,-1.420643,-1.783452,1.304051,1.652011,-1.421066,-1.783452,1.304051,1.652011,0.000000,0.000000,0.000000,0.000000,0.000000,0.000000,0.000000,0.000000,-1167.619141,166.847092,995.560974,1220.935669
12.8804,True,0.000000,0.000000,0.000000,0.000000,0.000000,0.000000,-1.420849,-1.783952,1.304051,1.652011,-1.420849,-1.783952,1.304051,1.652011,0.000000,0.000000,0.000000,0.000000,0.000000,0.000000,0.000000,0.000000,-1167.619141,166.847092,995.560974,1220.935669
12.9004,True,0.000000,0.000000,0.000000,0.000000,0.000000,0.000000,-1.420425,-1.783952,1.304051,1.652011,-1.420425,-1.783952,1.304051,1.652011,0.000000,0.000000,0.000000,0.000000,0.000000,0.000000,0.000000,0.000000,-1167.619141,166.847092,995.560974,1220.935669
12.9204,True,0.000000,0.000000,0.000000,0.000000,0.000000,0.000000,-1.420643,-1.783952,1.304051,1.652011,-1.420643,-1.783952,1.304051,1.652011,0.000000,0.000000,0.000000,0.000000,0.000000,0.000000,0.000000,0.000000,-1167.619141,166.847092,995.560974,1220.935669
12.9404,True,0.000000,0.000000,0.000000,0.000000,0.000000,0.000000,-1.421066,-1.783952,1.304051,1.652011,-1.421066,-1.783952,1.304051,1.652011,0.000000,0.000000,0.000000,0.000000,0.000000,0.000000,0.000000,0.000000,-1167.619141,166.847092,995.560974,1220.935669
12.9604,True,0.000000,0.000000,0.000000,0.000000,0.000000,0.000000,-1.420631,-1.783952,1.304051,1.652094,-1.420631,-1.783804,1.304051,1.652094,0.000000,0.000000,0.000000,0.000000,0.000000,0.000000,0.000000,0.000000,-1167.619141,166.847092,995.560974,1220.935669
12.9804,True,0.000000,0.000000,0.000000,0.000000,0.000000,0.000000,-1.420849,-1.783452,1.304051,1.652053,-1.420849,-1.783804,1.304051,1.652011,0.000000,0.000000,0.000000,0.000000,0.000000,0.000000,0.000000,0.000000,-1167.619141,166.847092,995.560974,1220.935669
13.0004,True,0.000000,0.000000,0.000000,0.000000,0.000000,0.000000,-1.420849,-1.783804,1.304051,1.652011,-1.420849,-1.783804,1.304051,1.652011,0.000000,0.000000,0.000000,0.000000,0.000000,0.000000,0.000000,0.000000,-1167.619141,166.847092,995.560974,1220.935669
13.0204,True,0.000000,0.000000,0.000000,0.000000,0.000000,0.000000,-1.421066,-1.783804,1.304051,1.652011,-1.421066,-1.783804,1.304051,1.651970,0.000000,0.000000,0.000000,0.000000,0.000000,0.000000,0.000000,0.000000,-1167.619141,166.847092,995.560974,1220.935669
13.0404,True,0.000000,0.000000,0.000000,0.000000,0.000000,0.000000,-1.420849,-1.783804,1.304051,1.652053,-1.420849,-1.783804,1.304051,1.652011,0.000000,0.000000,0.000000,0.000000,0.000000,0.000000,0.000000,0.000000,-1167.619141,166.847092,995.560974,1220.935669
13.0605,True,0.000000,0.000000,0.000000,0.000000,0.000000,0.000000,-1.421066,-1.783804,1.304051,1.652011,-1.421066,-1.783452,1.304051,1.652011,0.000000,0.000000,0.000000,0.000000,0.000000,0.000000,0.000000,0.000000,-1167.619141,166.847092,995.560974,1220.935669
13.0804,True,0.000000,0.000000,0.000000,0.000000,0.000000,0.000000,-1.420849,-1.783952,1.304051,1.651970,-1.420849,-1.783952,1.304051,1.651970,0.000000,0.000000,0.000000,0.000000,0.000000,0.000000,0.000000,0.000000,-1167.619141,166.847092,995.560974,1220.935669
13.1004,True,0.000000,0.000000,0.000000,0.000000,0.000000,0.000000,-1.420849,-1.783804,1.304051,1.652011,-1.420849,-1.783452,1.304051,1.652011,0.000000,0.000000,0.000000,0.000000,0.000000,0.000000,0.000000,0.000000,-1167.619141,166.847092,995.560974,1220.935669
13.1206,True,0.000000,0.000000,0.000000,0.000000,0.000000,0.000000,-1.420643,-1.783952,1.304051,1.652053,-1.420643,-1.783952,1.304051,1.652053,0.000000,0.000000,0.000000,0.000000,0.000000,0.000000,0.000000,0.000000,-1167.619141,166.847092,995.560974,1220.935669
13.1405,True,0.000000,0.000000,0.000000,0.000000,0.000000,0.000000,-1.420643,-1.783303,1.304051,1.652011,-1.420643,-1.783452,1.304051,1.652011,0.000000,0.000000,0.000000,0.000000,0.000000,0.000000,0.000000,0.000000,-1167.619141,166.847092,995.560974,1220.935669
13.1605,True,0.000000,0.000000,0.000000,0.000000,0.000000,0.000000,-1.420425,-1.783952,1.304051,1.652011,-1.420425,-1.783952,1.304051,1.652011,0.000000,0.000000,0.000000,0.000000,0.000000,0.000000,0.000000,0.000000,-1167.619141,166.847092,995.560974,1220.935669
13.1805,True,0.000000,0.000000,0.000000,0.000000,0.000000,0.000000,-1.421066,-1.784101,1.304051,1.652011,-1.420849,-1.784101,1.304051,1.652011,0.000000,0.000000,0.000000,0.000000,0.000000,0.000000,0.000000,0.000000,-1167.619141,166.847092,995.560974,1220.935669
13.2004,True,0.000000,0.000000,0.000000,0.000000,0.000000,0.000000,-1.420425,-1.783452,1.303408,1.652011,-1.420425,-1.783452,1.303853,1.652011,0.000000,0.000000,0.000000,0.000000,0.000000,0.000000,0.000000,0.000000,-1167.619141,166.847092,995.560974,1220.935669
13.2204,True,0.000000,0.000000,0.000000,0.000000,0.000000,0.000000,-1.420849,-1.783452,1.303490,1.652094,-1.420849,-1.783452,1.303853,1.652094,0.000000,0.000000,0.000000,0.000000,0.000000,0.000000,0.000000,0.000000,-1167.619141,166.847092,995.560974,1220.935669
13.2405,True,0.000000,0.000000,0.000000,0.000000,0.000000,0.000000,-1.421066,-1.783452,1.303490,1.652053,-1.421066,-1.783452,1.303490,1.652053,0.000000,0.000000,0.000000,0.000000,0.000000,0.000000,0.000000,0.000000,-1167.619141,166.847092,995.560974,1220.935669
13.2604,True,0.000000,0.000000,0.000000,0.000000,0.000000,0.000000,-1.421066,-1.783452,1.303853,1.652011,-1.420425,-1.783452,1.303490,1.652011,0.000000,0.000000,0.000000,0.000000,0.000000,0.000000,0.000000,0.000000,-1167.619141,166.847092,995.560974,1220.935669
13.2804,True,0.000000,0.000000,0.000000,0.000000,0.000000,0.000000,-1.420425,-1.783452,1.303490,1.651970,-1.420425,-1.783452,1.303490,1.651970,0.000000,0.000000,0.000000,0.000000,0.000000,0.000000,0.000000,0.000000,-1167.619141,166.847092,995.560974,1220.935669
13.3005,True,0.000000,0.000000,0.000000,0.000000,0.000000,0.000000,-1.420849,-1.783452,1.304133,1.652011,-1.420849,-1.783452,1.304133,1.652011,0.000000,0.000000,0.000000,0.000000,0.000000,0.000000,0.000000,0.000000,-1167.619141,166.847092,995.560974,1220.935669
13.3204,True,0.000000,0.000000,0.000000,0.000000,0.000000,0.000000,-1.420849,-1.783452,1.303770,1.652053,-1.420425,-1.783452,1.303853,1.652011,0.000000,0.000000,0.000000,0.000000,0.000000,0.000000,0.000000,0.000000,-1167.619141,166.847092,995.560974,1220.935669
13.3405,True,0.000000,0.000000,0.000000,0.000000,0.000000,0.000000,-1.420425,-1.783452,1.303490,1.652011,-1.420425,-1.783452,1.303490,1.652011,0.000000,0.000000,0.000000,0.000000,0.000000,0.000000,0.000000,0.000000,-1167.619141,166.847092,995.560974,1220.935669
13.3604,True,0.000000,0.000000,0.000000,0.000000,0.000000,0.000000,-1.420643,-1.783452,1.303490,1.651970,-1.420643,-1.783452,1.303490,1.651970,0.000000,0.000000,0.000000,0.000000,0.000000,0.000000,0.000000,0.000000,-1167.619141,166.847092,995.560974,1220.935669
13.3809,True,0.000000,0.000000,0.000000,0.000000,0.000000,0.000000,-1.420425,-1.783452,1.303490,1.652011,-1.421066,-1.783452,1.303490,1.652011,0.000000,0.000000,0.000000,0.000000,0.000000,0.000000,0.000000,0.000000,-1167.619141,166.847092,995.560974,1220.935669
13.4008,True,0.000000,0.000000,0.000000,0.000000,0.000000,0.000000,-1.421066,-1.783452,1.303490,1.652011,-1.421066,-1.783452,1.303490,1.652011,0.000000,0.000000,0.000000,0.000000,0.000000,0.000000,0.000000,0.000000,-1167.619141,166.847092,995.560974,1220.935669
13.4207,True,0.000000,0.000000,0.000000,0.000000,0.000000,0.000000,-1.420643,-1.783452,1.303490,1.652011,-1.420643,-1.783452,1.304133,1.652011,0.000000,0.000000,0.000000,0.000000,0.000000,0.000000,0.000000,0.000000,-1167.619141,166.847092,995.560974,1220.935669
13.4405,True,0.000000,0.000000,0.000000,0.000000,0.000000,0.000000,-1.420643,-1.783452,1.303490,1.651970,-1.420425,-1.783452,1.303853,1.651970,0.000000,0.000000,0.000000,0.000000,0.000000,0.000000,0.000000,0.000000,-1167.619141,166.847092,995.560974,1220.935669
13.4604,True,0.000000,0.000000,0.000000,0.000000,0.000000,0.000000,-1.420643,-1.783452,1.303853,1.652011,-1.420643,-1.783452,1.303490,1.651970,0.000000,0.000000,0.000000,0.000000,0.000000,0.000000,0.000000,0.000000,-1167.619141,166.847092,995.560974,1220.935669
13.4804,True,0.000000,0.000000,0.000000,0.000000,0.000000,0.000000,-1.420643,-1.783452,1.303770,1.652011,-1.420643,-1.783452,1.303770,1.652011,0.000000,0.000000,0.000000,0.000000,0.000000,0.000000,0.000000,0.000000,-1167.619141,166.847092,995.560974,1220.935669
13.5004,True,0.000000,0.000000,0.000000,0.000000,0.000000,0.000000,-1.420425,-1.783452,1.303490,1.651970,-1.420425,-1.783452,1.303853,1.651970,0.000000,0.000000,0.000000,0.000000,0.000000,0.000000,0.000000,0.000000,-1167.619141,166.847092,995.560974,1220.935669
13.5204,True,0.000000,0.000000,0.000000,0.000000,0.000000,0.000000,-1.421066,-1.783452,1.303490,1.651970,-1.421066,-1.783452,1.303490,1.651970,0.000000,0.000000,0.000000,0.000000,0.000000,0.000000,0.000000,0.000000,-1167.619141,166.847092,995.560974,1220.935669
13.5404,True,0.000000,0.000000,0.000000,0.000000,0.000000,0.000000,-1.421066,-1.783452,1.304133,1.652011,-1.421066,-1.783452,1.303490,1.652011,0.000000,0.000000,0.000000,0.000000,0.000000,0.000000,0.000000,0.000000,-1167.619141,166.847092,995.560974,1220.935669
13.5604,True,0.000000,0.000000,0.000000,0.000000,0.000000,0.000000,-1.420425,-1.783452,1.303853,1.651970,-1.420643,-1.783452,1.303490,1.651970,0.000000,0.000000,0.000000,0.000000,0.000000,0.000000,0.000000,0.000000,-1167.619141,166.847092,995.560974,1220.935669
13.5804,True,0.000000,0.000000,0.000000,0.000000,0.000000,0.000000,-1.420860,-1.783452,1.303853,1.652011,-1.420860,-1.783452,1.303853,1.652011,0.000000,0.000000,0.000000,0.000000,0.000000,0.000000,0.000000,0.000000,-1167.619141,166.847092,995.560974,1220.935669
13.6004,True,0.000000,0.000000,0.000000,0.000000,0.000000,0.000000,-1.420643,-1.783452,1.304133,1.652011,-1.420643,-1.783452,1.304133,1.652053,0.000000,0.000000,0.000000,0.000000,0.000000,0.000000,0.000000,0.000000,-1167.619141,166.847092,995.560974,1220.935669
13.6204,True,0.000000,0.000000,0.000000,0.000000,0.000000,0.000000,-1.420643,-1.783452,1.303853,1.652011,-1.420207,-1.783952,1.303490,1.652011,0.000000,0.000000,0.000000,0.000000,0.000000,0.000000,0.000000,0.000000,-1167.619141,166.847092,995.560974,1220.935669
13.6405,True,0.000000,0.000000,0.000000,0.000000,0.000000,0.000000,-1.420425,-1.783804,1.303490,1.652011,-1.420425,-1.783804,1.303490,1.652011,0.000000,0.000000,0.000000,0.000000,0.000000,0.000000,0.000000,0.000000,-1167.619141,166.847092,995.560974,1220.935669
13.6604,True,0.000000,0.000000,0.000000,0.000000,0.000000,0.000000,-1.420425,-1.783303,1.303853,1.652011,-1.420425,-1.783303,1.303853,1.652011,0.000000,0.000000,0.000000,0.000000,0.000000,0.000000,0.000000,0.000000,-1167.619141,166.847092,995.560974,1220.935669
13.6804,True,0.000000,0.000000,0.000000,0.000000,0.000000,0.000000,-1.420643,-1.783303,1.303770,1.652011,-1.420643,-1.783303,1.303490,1.652011,0.000000,0.000000,0.000000,0.000000,0.000000,0.000000,0.000000,0.000000,-1167.619141,166.847092,995.560974,1220.935669
13.7004,True,0.000000,0.000000,0.000000,0.000000,0.000000,0.000000,-1.420425,-1.783804,1.304133,1.652053,-1.421066,-1.783804,1.303770,1.652053,0.000000,0.000000,0.000000,0.000000,0.000000,0.000000,0.000000,0.000000,-1167.619141,166.847092,995.560974,1220.935669
13.7204,True,0.000000,0.000000,0.000000,0.000000,0.000000,0.000000,-1.421066,-1.783952,1.303770,1.652011,-1.421066,-1.783952,1.303490,1.652011,0.000000,0.000000,0.000000,0.000000,0.000000,0.000000,0.000000,0.000000,-1167.619141,166.847092,995.560974,1220.935669
13.7404,True,0.000000,0.000000,0.000000,0.000000,0.000000,0.000000,-1.421066,-1.783804,1.304215,1.651970,-1.421066,-1.783804,1.304215,1.651970,0.000000,0.000000,0.000000,0.000000,0.000000,0.000000,0.000000,0.000000,-1167.619141,166.847092,995.560974,1220.935669
13.7604,True,0.000000,0.000000,0.000000,0.000000,0.000000,0.000000,-1.420643,-1.783804,1.303490,1.652011,-1.420643,-1.783804,1.303490,1.651970,0.000000,0.000000,0.000000,0.000000,0.000000,0.000000,0.000000,0.000000,-1167.619141,166.847092,995.560974,1220.935669
13.7804,True,0.000000,0.000000,0.000000,0.000000,0.000000,0.000000,-1.420643,-1.783303,1.303490,1.652011,-1.420643,-1.783303,1.303490,1.652011,0.000000,0.000000,0.000000,0.000000,0.000000,0.000000,0.000000,0.000000,-1167.619141,166.847092,995.560974,1220.935669
13.8004,True,0.000000,0.000000,0.000000,0.000000,0.000000,0.000000,-1.420860,-1.783952,1.303770,1.652011,-1.420643,-1.783952,1.303770,1.652011,0.000000,0.000000,0.000000,0.000000,0.000000,0.000000,0.000000,0.000000,-1167.619141,166.847092,995.560974,1220.935669
13.8204,True,0.000000,0.000000,0.000000,0.000000,0.000000,0.000000,-1.420643,-1.783952,1.303490,1.652053,-1.420643,-1.783952,1.303853,1.652053,0.000000,0.000000,0.000000,0.000000,0.000000,0.000000,0.000000,0.000000,-1167.619141,166.847092,995.560974,1220.935669
13.8404,True,0.000000,0.000000,0.000000,0.000000,0.000000,0.000000,-1.420643,-1.783452,1.303853,1.652011,-1.420643,-1.783452,1.303490,1.652011,0.000000,0.000000,0.000000,0.000000,0.000000,0.000000,0.000000,0.000000,-1167.619141,166.847092,995.560974,1220.935669
13.8604,True,0.000000,0.000000,0.000000,0.000000,0.000000,0.000000,-1.420643,-1.783452,1.303490,1.652011,-1.420643,-1.783952,1.303853,1.652011,0.000000,0.000000,0.000000,0.000000,0.000000,0.000000,0.000000,0.000000,-1167.619141,166.847092,995.560974,1220.935669
13.8804,True,0.000000,0.000000,0.000000,0.000000,0.000000,0.000000,-1.420425,-1.783952,1.303853,1.651970,-1.420425,-1.783952,1.303853,1.652011,0.000000,0.000000,0.000000,0.000000,0.000000,0.000000,0.000000,0.000000,-1167.619141,166.847092,995.560974,1220.935669
13.9004,True,0.000000,0.000000,0.000000,0.000000,0.000000,0.000000,-1.421066,-1.783952,1.303490,1.651928,-1.421066,-1.783952,1.303490,1.651928,0.000000,0.000000,0.000000,0.000000,0.000000,0.000000,0.000000,0.000000,-1167.619141,166.847092,995.560974,1220.935669
13.9204,True,0.000000,0.000000,0.000000,0.000000,0.000000,0.000000,-1.420643,-1.783303,1.303770,1.651970,-1.420643,-1.783303,1.304133,1.651970,0.000000,0.000000,0.000000,0.000000,0.000000,0.000000,0.000000,0.000000,-1167.619141,166.847092,995.560974,1220.935669
13.9404,True,0.000000,0.000000,0.000000,0.000000,0.000000,0.000000,-1.420425,-1.783952,1.304133,1.652011,-1.420425,-1.783952,1.304133,1.652011,0.000000,0.000000,0.000000,0.000000,0.000000,0.000000,0.000000,0.000000,-1167.619141,166.847092,995.560974,1220.935669
13.9604,True,0.000000,0.000000,0.000000,0.000000,0.000000,0.000000,-1.421066,-1.783952,1.303490,1.651970,-1.421066,-1.783952,1.303490,1.651970,0.000000,0.000000,0.000000,0.000000,0.000000,0.000000,0.000000,0.000000,-1167.619141,166.847092,995.560974,1220.935669
13.9804,True,0.000000,0.000000,0.000000,0.000000,0.000000,0.000000,-1.420425,-1.783452,1.303490,1.652011,-1.420425,-1.783452,1.303490,1.652011,0.000000,0.000000,0.000000,0.000000,0.000000,0.000000,0.000000,0.000000,-1167.619141,166.847092,995.560974,1220.935669
14.0004,True,0.000000,0.000000,0.000000,0.000000,0.000000,0.000000,-1.420643,-1.783804,1.304133,1.651970,-1.420425,-1.783804,1.304133,1.651970,0.000000,0.000000,0.000000,0.000000,0.000000,0.000000,0.000000,0.000000,-1167.619141,166.847092,995.560974,1220.935669
14.0204,True,0.000000,0.000000,0.000000,0.000000,0.000000,0.000000,-1.420643,-1.783804,1.303770,1.652011,-1.421066,-1.783804,1.304133,1.652011,0.000000,0.000000,0.000000,0.000000,0.000000,0.000000,0.000000,0.000000,-1167.619141,166.847092,995.560974,1220.935669
14.0404,True,0.000000,0.000000,0.000000,0.000000,0.000000,0.000000,-1.420425,-1.783952,1.303770,1.652053,-1.421066,-1.783952,1.303770,1.652053,0.000000,0.000000,0.000000,0.000000,0.000000,0.000000,0.000000,0.000000,-1167.619141,166.847092,995.560974,1220.935669
14.0604,True,0.000000,0.000000,0.000000,0.000000,0.000000,0.000000,-1.421066,-1.783452,1.303770,1.652053,-1.421066,-1.783452,1.303770,1.652053,0.000000,0.000000,0.000000,0.000000,0.000000,0.000000,0.000000,0.000000,-1167.619141,166.847092,995.560974,1220.935669
14.0804,True,0.000000,0.000000,0.000000,0.000000,0.000000,0.000000,-1.420207,-1.783452,1.303770,1.652053,-1.420425,-1.783452,1.303770,1.652053,0.000000,0.000000,0.000000,0.000000,0.000000,0.000000,0.000000,0.000000,-1167.619141,166.847092,995.560974,1220.935669
14.1004,True,0.000000,0.000000,0.000000,0.000000,0.000000,0.000000,-1.420425,-1.783303,1.304133,1.652011,-1.420425,-1.783303,1.304133,1.652011,0.000000,0.000000,0.000000,0.000000,0.000000,0.000000,0.000000,0.000000,-1167.619141,166.847092,995.560974,1220.935669
14.1204,True,0.000000,0.000000,0.000000,0.000000,0.000000,0.000000,-1.420425,-1.783952,1.303770,1.652011,-1.420425,-1.783952,1.303770,1.652053,0.000000,0.000000,0.000000,0.000000,0.000000,0.000000,0.000000,0.000000,-1167.619141,166.847092,995.560974,1220.935669
14.1404,True,0.000000,0.000000,0.000000,0.000000,0.000000,0.000000,-1.421066,-1.783452,1.304133,1.652011,-1.420425,-1.783452,1.304133,1.652011,0.000000,0.000000,0.000000,0.000000,0.000000,0.000000,0.000000,0.000000,-1167.619141,166.847092,995.560974,1220.935669
14.1604,True,0.000000,0.000000,0.000000,0.000000,0.000000,0.000000,-1.420207,-1.783303,1.303770,1.652011,-1.420207,-1.783303,1.303770,1.652011,0.000000,0.000000,0.000000,0.000000,0.000000,0.000000,0.000000,0.000000,-1167.619141,166.847092,995.560974,1220.935669
14.1804,True,0.000000,0.000000,0.000000,0.000000,0.000000,0.000000,-1.420425,-1.783952,1.303490,1.652011,-1.420425,-1.783952,1.303490,1.652011,0.000000,0.000000,0.000000,0.000000,0.000000,0.000000,0.000000,0.000000,-1167.619141,166.847092,995.560974,1220.935669
14.2003,True,0.000000,0.000000,0.000000,0.000000,0.000000,0.000000,-1.420849,-1.783952,1.303490,1.651970,-1.420849,-1.783952,1.303490,1.651970,0.000000,0.000000,0.000000,0.000000,0.000000,0.000000,0.000000,0.000000,-1167.619141,166.847092,995.560974,1220.935669
14.2204,True,0.000000,0.000000,0.000000,0.000000,0.000000,0.000000,-1.420849,-1.783452,1.304133,1.652011,-1.420849,-1.783452,1.304133,1.652011,0.000000,0.000000,0.000000,0.000000,0.000000,0.000000,0.000000,0.000000,-1167.619141,166.847092,995.560974,1220.935669
14.2404,True,0.000000,0.000000,0.000000,0.000000,0.000000,0.000000,-1.420425,-1.783952,1.304133,1.651970,-1.420425,-1.783952,1.304133,1.651970,0.000000,0.000000,0.000000,0.000000,0.000000,0.000000,0.000000,0.000000,-1167.619141,166.847092,995.560974,1220.935669
14.2604,True,0.000000,0.000000,0.000000,0.000000,0.000000,0.000000,-1.420425,-1.783303,1.303490,1.651970,-1.420425,-1.783303,1.303490,1.651970,0.000000,0.000000,0.000000,0.000000,0.000000,0.000000,0.000000,0.000000,-1167.619141,166.847092,995.560974,1220.935669
14.2806,True,0.000000,0.000000,0.000000,0.000000,0.000000,0.000000,-1.420425,-1.784101,1.303770,1.652011,-1.420425,-1.784101,1.303770,1.652011,0.000000,0.000000,0.000000,0.000000,0.000000,0.000000,0.000000,0.000000,-1167.619141,166.847092,995.560974,1220.935669
14.3004,True,0.000000,0.000000,0.000000,0.000000,0.000000,0.000000,-1.421066,-1.783952,1.303490,1.652011,-1.421066,-1.783952,1.303490,1.652011,0.000000,0.000000,0.000000,0.000000,0.000000,0.000000,0.000000,0.000000,-1167.619141,166.847092,995.560974,1220.935669
14.3204,True,0.000000,0.000000,0.000000,0.000000,0.000000,0.000000,-1.421066,-1.783952,1.303770,1.652011,-1.421066,-1.783303,1.304133,1.652011,0.000000,0.000000,0.000000,0.000000,0.000000,0.000000,0.000000,0.000000,-1167.619141,166.847092,995.560974,1220.935669
14.3404,True,0.000000,0.000000,0.000000,0.000000,0.000000,0.000000,-1.421066,-1.783303,1.303770,1.652011,-1.421066,-1.783303,1.303770,1.652011,0.000000,0.000000,0.000000,0.000000,0.000000,0.000000,0.000000,0.000000,-1167.619141,166.847092,995.560974,1220.935669
14.3604,True,0.000000,0.000000,0.000000,0.000000,0.000000,0.000000,-1.421066,-1.783804,1.304133,1.652011,-1.421066,-1.783804,1.304133,1.652011,0.000000,0.000000,0.000000,0.000000,0.000000,0.000000,0.000000,0.000000,-1167.619141,166.847092,995.560974,1220.935669
14.3804,True,0.000000,0.000000,0.000000,0.000000,0.000000,0.000000,-1.421066,-1.783804,1.304133,1.652011,-1.421066,-1.783804,1.304133,1.652011,0.000000,0.000000,0.000000,0.000000,0.000000,0.000000,0.000000,0.000000,-1167.619141,166.847092,995.560974,1220.935669
14.4005,True,0.000000,0.000000,0.000000,0.000000,0.000000,0.000000,-1.421066,-1.783804,1.304133,1.652011,-1.421066,-1.783804,1.304133,1.652011,0.000000,0.000000,0.000000,0.000000,0.000000,0.000000,0.000000,0.000000,-1167.619141,166.847092,995.560974,1220.935669
14.4204,True,0.000000,0.000000,0.000000,0.000000,0.000000,0.000000,-1.421066,-1.783804,1.304133,1.652053,-1.421066,-1.783804,1.304133,1.652011,0.000000,0.000000,0.000000,0.000000,0.000012,0.000000,0.000000,0.000000,-1167.619019,166.847092,995.560974,1220.935669
14.4404,True,0.000000,0.000000,0.000000,0.000000,0.000000,0.000000,-1.421066,-1.783952,1.303853,1.652053,-1.421066,-1.783804,1.303853,1.652053,0.000000,0.000000,0.000000,0.000000,0.000025,0.000000,0.000000,0.000000,-1167.619019,166.847092,995.560974,1220.935669
14.4604,True,0.000000,0.000000,0.000000,0.000000,0.000000,0.000000,-1.421066,-1.783952,1.303853,1.652053,-1.421066,-1.783952,1.303853,1.652053,0.000000,0.000000,0.000000,0.000000,0.000019,0.000000,0.000000,0.000000,-1167.619141,166.847092,995.560974,1220.935669
14.4804,True,0.000000,0.000000,0.000000,0.000000,0.000000,0.000000,-1.421066,-1.783303,1.303853,1.651970,-1.421066,-1.783303,1.303853,1.651970,0.000000,0.000000,0.000000,0.000000,0.000000,0.000000,0.000000,0.000000,-1167.619141,166.847092,995.560974,1220.935669
14.5004,True,0.000000,0.000000,0.000000,0.000000,0.000000,0.000000,-1.420849,-1.783952,1.303853,1.652011,-1.420849,-1.783952,1.303853,1.652011,0.000000,0.000000,0.000000,0.000000,0.000000,0.000000,0.000000,0.000000,-1167.619141,166.847092,995.560974,1220.935669
14.5204,True,0.000000,0.000000,0.000000,0.000000,0.000000,0.000000,-1.420643,-1.783952,1.303853,1.652011,-1.420425,-1.783952,1.303853,1.652011,0.000000,0.000000,0.000000,0.000000,-0.000010,0.000000,0.000000,0.000000,-1167.619141,166.847092,995.560974,1220.935669
14.5404,True,0.000000,0.000000,0.000000,0.000000,0.000000,0.000000,-1.420425,-1.783952,1.303853,1.652011,-1.420425,-1.783952,1.303853,1.652011,0.000000,0.000000,0.000000,0.000000,-0.000024,0.000000,0.000000,0.000000,-1167.619141,166.847092,995.560974,1220.935669
14.5605,True,0.000000,0.000000,0.000000,0.000000,0.000000,0.000000,-1.420849,-1.783952,1.303853,1.652011,-1.420643,-1.783952,1.303853,1.652011,0.000000,0.000000,0.000000,0.000000,-0.000019,0.000000,0.000000,0.000000,-1167.619141,166.847092,995.560974,1220.935669
14.5804,True,0.000000,0.000000,0.000000,0.000000,0.000000,0.000000,-1.420425,-1.783952,1.303853,1.652053,-1.420849,-1.783952,1.303853,1.652011,0.000000,0.000000,0.000000,0.000000,0.000000,0.000000,0.000000,0.000000,-1167.619141,166.847092,995.560974,1220.935669
14.6004,True,0.000000,0.000000,0.000000,0.000000,0.000000,0.000000,-1.421066,-1.783952,1.303853,1.652053,-1.421066,-1.783952,1.303853,1.652011,0.000000,0.000000,0.000000,0.000000,0.000000,0.000000,0.000000,0.000000,-1167.619141,166.847092,995.560974,1220.935669
14.6204,True,0.000000,0.000000,0.000000,0.000000,0.000000,0.000000,-1.420425,-1.783952,1.303853,1.651970,-1.420425,-1.783952,1.303853,1.651970,0.000000,0.000000,0.000000,0.000000,0.000000,0.000000,0.000000,0.000000,-1167.619141,166.847092,995.560974,1220.935669
14.6404,True,0.000000,0.000000,0.000000,0.000000,0.000000,0.000000,-1.421066,-1.783952,1.303853,1.651970,-1.421066,-1.783804,1.303853,1.651970,0.000000,0.000000,0.000000,0.000000,0.000000,0.000000,0.000000,0.000000,-1167.619141,166.847092,995.560974,1220.935669
14.6604,True,0.000000,0.000000,0.000000,0.000000,0.000000,0.000000,-1.420631,-1.783656,1.303853,1.652011,-1.420631,-1.783303,1.303853,1.652011,0.000000,0.000000,0.000000,0.000000,0.000000,0.000000,0.000000,0.000000,-1167.619141,166.847092,995.560974,1220.935669
14.6804,True,0.000000,0.000000,0.000000,0.000000,0.000000,0.000000,-1.420849,-1.783952,1.303853,1.652011,-1.420849,-1.783952,1.303853,1.652011,0.000000,0.000000,0.000000,0.000000,0.000000,0.000000,0.000000,0.000000,-1167.619141,166.847092,995.560974,1220.935669
14.7004,True,0.000000,0.000000,0.000000,0.000000,0.000000,0.000000,-1.421066,-1.783952,1.303853,1.652011,-1.421066,-1.783952,1.303853,1.652011,0.000000,0.000000,0.000000,0.000000,0.000000,0.000000,0.000000,0.000000,-1167.619141,166.847092,995.560974,1220.935669
14.7204,True,0.000000,0.000000,0.000000,0.000000,0.000000,0.000000,-1.421066,-1.783952,1.303853,1.652011,-1.420425,-1.783952,1.303853,1.652011,0.000000,0.000000,0.000000,0.000000,0.000000,0.000000,0.000000,0.000000,-1167.619141,166.847092,995.560974,1220.935669
14.7404,True,0.000000,0.000000,0.000000,0.000000,0.000000,0.000000,-1.421066,-1.783952,1.303853,1.652011,-1.421066,-1.783952,1.303853,1.652011,0.000000,0.000000,0.000000,0.000000,0.000000,0.000000,0.000000,0.000000,-1167.619141,166.847092,995.560974,1220.935669
14.7604,True,0.000000,0.000000,0.000000,0.000000,0.000000,0.000000,-1.420849,-1.783952,1.303853,1.651970,-1.420849,-1.783952,1.303853,1.651970,0.000000,0.000000,0.000000,0.000000,0.000000,0.000000,0.000000,0.000000,-1167.619141,166.847092,995.560974,1220.935669
14.7805,True,0.000000,0.000000,0.000000,0.000000,0.000000,0.000000,-1.420425,-1.783952,1.303853,1.651970,-1.420425,-1.783952,1.303853,1.651970,0.000000,0.000000,0.000000,0.000000,0.000000,0.000000,0.000000,0.000000,-1167.619141,166.847092,995.560974,1220.935669
14.8004,True,0.000000,0.000000,0.000000,0.000000,0.000000,0.000000,-1.420425,-1.783952,1.303853,1.652011,-1.420425,-1.783952,1.303853,1.652011,0.000000,0.000000,0.000000,0.000000,0.000000,0.000000,0.000000,0.000000,-1167.619141,166.847092,995.560974,1220.935669
14.8204,True,0.000000,0.000000,0.000000,0.000000,0.000000,0.000000,-1.420643,-1.783952,1.303853,1.652053,-1.420643,-1.783452,1.303853,1.652053,0.000000,0.000000,0.000000,0.000000,0.000000,0.000000,0.000000,0.000000,-1167.619141,166.847092,995.560974,1220.935669
14.8404,True,0.000000,0.000000,0.000000,0.000000,0.000000,0.000000,-1.420425,-1.783452,1.303853,1.652011,-1.420425,-1.783452,1.303853,1.652011,0.000000,0.000000,0.000000,0.000000,0.000000,0.000000,0.000000,0.000000,-1167.619141,166.847092,995.560974,1220.935669
14.8604,True,0.000000,0.000000,0.000000,0.000000,0.000000,0.000000,-1.421066,-1.783452,1.303853,1.652053,-1.421066,-1.783952,1.303853,1.652053,0.000000,0.000000,0.000000,0.000000,0.000000,0.000000,0.000000,0.000000,-1167.619141,166.847092,995.560974,1220.935669
14.8804,True,0.000000,0.000000,0.000000,0.000000,0.000000,0.000000,-1.421066,-1.783952,1.303853,1.652053,-1.421066,-1.783303,1.303853,1.652053,0.000000,0.000000,0.000000,0.000000,0.000000,0.000000,0.000000,0.000000,-1167.619141,166.847092,995.560974,1220.935669
14.9004,True,0.000000,0.000000,0.000000,0.000000,0.000000,0.000000,-1.420849,-1.784101,1.303853,1.652053,-1.420849,-1.783952,1.303853,1.652053,0.000000,0.000000,0.000000,0.000000,0.000000,0.000000,0.000000,0.000000,-1167.619141,166.847092,995.560974,1220.935669
14.9204,True,0.000000,0.000000,0.000000,0.000000,0.000000,0.000000,-1.420425,-1.784101,1.303853,1.652053,-1.420425,-1.783952,1.303853,1.652053,0.000000,0.000000,0.000000,0.000000,0.000000,0.000000,0.000000,0.000000,-1167.619141,166.847092,995.560974,1220.935669
14.9404,True,0.000000,0.000000,0.000000,0.000000,0.000000,0.000000,-1.420425,-1.784248,1.303853,1.652011,-1.420425,-1.784248,1.303853,1.652011,0.000000,0.000000,0.000000,0.000000,0.000000,0.000000,0.000000,0.000000,-1167.619141,166.847092,995.560974,1220.935669
14.9604,True,0.000000,0.000000,0.000000,0.000000,0.000000,0.000000,-1.420425,-1.783452,1.303853,1.651970,-1.420425,-1.783952,1.303853,1.651970,0.000000,0.000000,0.000000,0.000000,0.000000,0.000000,0.000000,0.000000,-1167.619141,166.847092,995.560974,1220.935669
14.9804,True,0.000000,0.000000,0.000000,0.000000,0.000000,0.000000,-1.420643,-1.783952,1.303853,1.652011,-1.421066,-1.783952,1.303853,1.651970,0.000000,0.000000,0.000000,0.000000,0.000000,0.000000,0.000000,0.000000,-1167.619141,166.847092,995.560974,1220.935669
15.0006,True,0.000000,0.000000,0.000000,0.000000,0.000000,0.000000,-1.420643,-1.783804,1.303853,1.652011,-1.420643,-1.783804,1.303853,1.652011,0.000000,0.000000,0.000000,0.000000,0.000000,0.000000,0.000000,0.000000,-1167.619141,166.847092,995.560974,1220.935669
15.0204,True,0.000000,0.000000,0.000000,0.000000,0.000000,0.000000,-1.420643,-1.783804,1.303770,1.652011,-1.420643,-1.783804,1.303770,1.652011,0.000000,0.000000,0.000000,0.000000,0.000000,0.000000,0.000000,0.000000,-1167.619141,166.847092,995.560974,1220.935669
15.0403,True,0.000000,0.000000,0.000000,0.000000,0.000000,0.000000,-1.420849,-1.783804,1.303853,1.652011,-1.420849,-1.783804,1.303853,1.652011,0.000000,0.000000,0.000000,0.000000,0.000000,0.000000,0.000000,0.000000,-1167.619141,166.847092,995.560974,1220.935669
15.0604,True,0.000000,0.000000,0.000000,0.000000,0.000000,0.000000,-1.420849,-1.783804,1.303770,1.652011,-1.420849,-1.783804,1.304133,1.651970,0.000000,0.000000,0.000000,0.000000,0.000000,0.000000,0.000000,0.000000,-1167.619141,166.847092,995.560974,1220.935669
15.0804,True,0.000000,0.000000,0.000000,0.000000,0.000000,0.000000,-1.420849,-1.783804,1.303770,1.651970,-1.421066,-1.783804,1.304133,1.651970,0.000000,0.000000,0.000000,0.000000,0.000000,0.000000,0.000000,0.000000,-1167.619141,166.847092,995.560974,1220.935669
15.1004,True,0.000000,0.000000,0.000000,0.000000,0.000000,0.000000,-1.420425,-1.783804,1.303490,1.651970,-1.420425,-1.783804,1.303490,1.651970,0.000000,0.000000,0.000000,0.000000,0.000000,0.000000,0.000000,0.000000,-1167.619141,166.847092,995.560974,1220.935669
15.1204,True,0.000000,0.000000,0.000000,0.000000,0.000000,0.000000,-1.420849,-1.783804,1.303770,1.651970,-1.420849,-1.783804,1.303770,1.651970,0.000000,0.000000,0.000000,0.000000,0.000000,0.000000,0.000000,0.000000,-1167.619141,166.847092,995.560974,1220.935669
15.1404,True,0.000000,0.000000,0.000000,0.000000,0.000000,0.000000,-1.420849,-1.783804,1.303770,1.652011,-1.420849,-1.783804,1.303853,1.652011,0.000000,0.000000,0.000000,0.000000,0.000000,0.000000,0.000000,0.000000,-1167.619141,166.847092,995.560974,1220.935669
15.1604,True,0.000000,0.000000,0.000000,0.000000,0.000000,0.000000,-1.420643,-1.783804,1.303770,1.651970,-1.420643,-1.783804,1.303770,1.651970,0.000000,0.000000,0.000000,0.000000,0.000000,0.000000,0.000000,0.000000,-1167.619141,166.847092,995.560974,1220.935669
15.1804,True,0.000000,0.000000,0.000000,0.000000,0.000000,0.000000,-1.420849,-1.783804,1.303490,1.652011,-1.420849,-1.783804,1.303770,1.652011,0.000000,0.000000,0.000000,0.000000,0.000000,0.000000,0.000000,0.000000,-1167.619141,166.847092,995.560974,1220.935669
15.2004,True,0.000000,0.000000,0.000000,0.000000,0.000000,0.000000,-1.420643,-1.783804,1.304133,1.651970,-1.420643,-1.783804,1.303853,1.652053,0.000000,0.000000,0.000000,0.000000,0.000000,0.000000,0.000000,0.000000,-1167.619141,166.847092,995.560974,1220.935669
15.2205,True,0.000000,0.000000,0.000000,0.000000,0.000000,0.000000,-1.420643,-1.783804,1.303490,1.652011,-1.420643,-1.783804,1.303770,1.652011,0.000000,0.000000,0.000000,0.000000,0.000000,0.000000,0.000000,0.000000,-1167.619141,166.847092,995.560974,1220.935669
15.2404,True,0.000000,0.000000,0.000000,0.000000,0.000000,0.000000,-1.420425,-1.783804,1.303770,1.652011,-1.420425,-1.783804,1.304133,1.652011,0.000000,0.000000,0.000000,0.000000,0.000000,0.000000,0.000000,0.000000,-1167.619141,166.847092,995.560974,1220.935669
15.2604,True,0.000000,0.000000,0.000000,0.000000,0.000000,0.000000,-1.421066,-1.783804,1.303490,1.651970,-1.421066,-1.783804,1.303490,1.651970,0.000000,0.000000,0.000000,0.000000,0.000000,0.000000,0.000000,0.000000,-1167.619141,166.847092,995.560974,1220.935669
15.2804,True,0.000000,0.000000,0.000000,0.000000,0.000000,0.000000,-1.420425,-1.783804,1.304133,1.651970,-1.420425,-1.783804,1.304133,1.651970,0.000000,0.000000,0.000000,0.000000,0.000000,0.000000,0.000000,0.000000,-1167.619141,166.847092,995.560974,1220.935669
15.3004,True,0.000000,0.000000,0.000000,0.000000,0.000000,0.000000,-1.420425,-1.783804,1.304133,1.651970,-1.420849,-1.783804,1.303770,1.651928,0.000000,0.000000,0.000000,0.000000,0.000000,0.000000,0.000000,0.000000,-1167.619141,166.847092,995.560974,1220.935669
15.3204,True,0.000000,0.000000,0.000000,0.000000,0.000000,0.000000,-1.420849,-1.783804,1.303408,1.651970,-1.420849,-1.783804,1.303408,1.651970,0.000000,0.000000,0.000000,0.000000,0.000000,0.000000,0.000000,0.000000,-1167.619141,166.847092,995.560974,1220.935669
15.3404,True,0.000000,0.000000,0.000000,0.000000,0.000000,0.000000,-1.421066,-1.783804,1.304051,1.652011,-1.421066,-1.783804,1.303770,1.652011,0.000000,0.000000,0.000000,0.000000,0.000000,0.000000,0.000000,0.000000,-1167.619141,166.847092,995.560974,1220.935669
15.3604,True,0.000000,0.000000,0.000000,0.000000,0.000000,0.000000,-1.420643,-1.783804,1.303770,1.651970,-1.420425,-1.783804,1.303408,1.651970,0.000000,0.000000,0.000000,0.000000,0.000000,0.000000,0.000000,0.000000,-1167.619141,166.847092,995.560974,1220.935669
15.3804,True,0.000000,0.000000,0.000000,0.000000,0.000000,0.000000,-1.421066,-1.783952,1.304051,1.651928,-1.421066,-1.783952,1.304051,1.651928,0.000000,0.000000,0.000000,0.000000,0.000000,0.000000,0.000000,0.000000,-1167.619141,166.847092,995.560974,1220.935669
15.4004,True,0.000000,0.000000,0.000000,0.000000,0.000000,0.000000,-1.421066,-1.784305,1.304051,1.652011,-1.421066,-1.783804,1.304051,1.652011,0.000000,0.000000,0.000000,0.000000,0.000000,0.000000,0.000000,0.000000,-1167.619141,166.847092,995.560974,1220.935669
15.4204,True,0.000000,0.000000,0.000000,0.000000,0.000000,0.000000,-1.421066,-1.783804,1.303770,1.651928,-1.421066,-1.783804,1.303770,1.651928,0.000000,0.000000,0.000000,0.000000,0.000000,0.000000,0.000000,0.000000,-1167.619141,166.847092,995.560974,1220.935669
15.4405,True,0.000000,0.000000,0.000000,0.000000,0.000000,0.000000,-1.421066,-1.783804,1.303770,1.651970,-1.421066,-1.783804,1.303770,1.651970,0.000000,0.000000,0.000000,0.000000,0.000000,0.000000,0.000000,0.000000,-1167.619141,166.847092,995.560974,1220.935669
15.4604,True,0.000000,0.000000,0.000000,0.000000,0.000000,0.000000,-1.421066,-1.783804,1.303770,1.651970,-1.421066,-1.783804,1.303770,1.651970,0.000000,0.000000,0.000000,0.000000,0.000000,0.000000,0.000000,0.000000,-1167.619141,166.847092,995.560974,1220.935669
15.4804,True,0.000000,0.000000,0.000000,0.000000,0.000000,0.000000,-1.421066,-1.783804,1.303770,1.652011,-1.421066,-1.783804,1.303770,1.652011,0.000000,0.000000,0.000000,0.000000,0.000000,0.000000,0.000000,0.000000,-1167.619141,166.847092,995.560974,1220.935669
15.5004,True,0.000000,0.000000,0.000000,0.000000,0.000000,0.000000,-1.421066,-1.783804,1.303770,1.652011,-1.421066,-1.783804,1.303770,1.652011,0.000000,0.000000,0.000000,0.000000,0.000000,0.000000,0.000000,0.000000,-1167.619141,166.847092,995.560974,1220.935669
15.5204,True,0.000000,0.000000,0.000000,0.000000,0.000000,0.000000,-1.421066,-1.783804,1.304133,1.652053,-1.421066,-1.783804,1.303770,1.652053,0.000000,0.000000,0.000000,0.000000,0.000000,0.000000,0.000000,0.000000,-1167.619141,166.847092,995.560974,1220.935669
15.5404,True,0.000000,0.000000,0.000000,0.000000,0.000000,0.000000,-1.420849,-1.783804,1.303770,1.652053,-1.421066,-1.783804,1.303770,1.652053,0.000000,0.000000,0.000000,0.000000,0.000000,0.000000,0.000000,0.000000,-1167.619141,166.847092,995.560974,1220.935669
15.5604,True,0.000000,0.000000,0.000000,0.000000,0.000000,0.000000,-1.420849,-1.783804,1.303770,1.652053,-1.420849,-1.783804,1.303770,1.652053,0.000000,0.000000,0.000000,0.000000,0.000000,0.000000,0.000000,0.000000,-1167.619141,166.847092,995.560974,1220.935669
15.5804,True,0.000000,0.000000,0.000000,0.000000,0.000000,0.000000,-1.420425,-1.783804,1.303770,1.651970,-1.420425,-1.783804,1.303770,1.652011,0.000000,0.000000,0.000000,0.000000,0.000000,0.000000,0.000000,0.000000,-1167.619141,166.847092,995.560974,1220.935669
15.6004,True,0.000000,0.000000,0.000000,0.000000,0.000000,0.000000,-1.420643,-1.783804,1.303770,1.652011,-1.420643,-1.783804,1.303770,1.652011,0.000000,0.000000,0.000000,0.000000,0.000000,0.000000,0.000000,0.000000,-1167.619141,166.847092,995.560974,1220.935669
15.6204,True,0.000000,0.000000,0.000000,0.000000,0.000000,0.000000,-1.420643,-1.783804,1.303490,1.652011,-1.420643,-1.783804,1.303770,1.652011,0.000000,0.000000,0.000000,0.000000,0.000000,0.000000,0.000000,0.000000,-1167.619141,166.847092,995.560974,1220.935669
15.6405,True,0.000000,0.000000,0.000000,0.000000,0.000000,0.000000,-1.420643,-1.783804,1.303770,1.652011,-1.420643,-1.783804,1.303770,1.652011,0.000000,0.000000,0.000000,0.000000,0.000000,0.000000,0.000000,0.000000,-1167.619141,166.847092,995.560974,1220.935669
15.6604,True,0.000000,0.000000,0.000000,0.000000,0.000000,0.000000,-1.420643,-1.783804,1.303770,1.652011,-1.420643,-1.783804,1.303770,1.652011,0.000000,0.000000,0.000000,0.000000,0.000000,0.000000,0.000000,0.000000,-1167.619141,166.847092,995.560974,1220.935669
15.6804,True,0.000000,0.000000,0.000000,0.000000,0.000000,0.000000,-1.420849,-1.783804,1.303770,1.652011,-1.420849,-1.783804,1.303770,1.652011,0.000000,0.000000,0.000000,0.000000,0.000000,0.000000,0.000000,0.000000,-1167.619141,166.847092,995.560974,1220.935669
15.7004,True,0.000000,0.000000,0.000000,0.000000,0.000000,0.000000,-1.421066,-1.783804,1.303770,1.652011,-1.421066,-1.783804,1.303770,1.652011,0.000000,0.000000,0.000000,0.000000,0.000000,0.000000,0.000000,0.000000,-1167.619141,166.847092,995.560974,1220.935669
15.7205,True,0.000000,0.000000,0.000000,0.000000,0.000000,0.000000,-1.420425,-1.783804,1.303770,1.652011,-1.420425,-1.783804,1.303770,1.652011,0.000000,0.000000,0.000000,0.000000,0.000000,0.000000,0.000000,0.000000,-1167.619141,166.847092,995.560974,1220.935669
15.7404,True,0.000000,0.000000,0.000000,0.000000,0.000000,0.000000,-1.420643,-1.783804,1.303770,1.652011,-1.420425,-1.783804,1.304133,1.652011,0.000000,0.000000,0.000000,0.000000,0.000000,0.000000,0.000000,0.000000,-1167.619141,166.847092,995.560974,1220.935669
15.7604,True,0.000000,0.000000,0.000000,0.000000,0.000000,0.000000,-1.420643,-1.783804,1.304051,1.652011,-1.420643,-1.783804,1.304051,1.652011,0.000000,0.000000,0.000000,0.000000,0.000000,0.000000,0.000000,0.000000,-1167.619141,166.847092,995.560974,1220.935669
15.7805,True,0.000000,0.000000,0.000000,0.000000,0.000000,0.000000,-1.420643,-1.783804,1.303408,1.652011,-1.420643,-1.783804,1.303408,1.652011,0.000000,0.000000,0.000000,0.000000,0.000000,0.000000,0.000000,0.000000,-1167.619141,166.847092,995.560974,1220.935669
15.8004,True,0.000000,0.000000,0.000000,0.000000,0.000000,0.000000,-1.420425,-1.783804,1.303770,1.652053,-1.420425,-1.783804,1.303770,1.652011,0.000000,0.000000,0.000000,0.000000,0.000000,0.000000,0.000000,0.000000,-1167.619141,166.847092,995.560974,1220.935669
15.8205,True,0.000000,0.000000,0.000000,0.000000,0.000000,0.000000,-1.420643,-1.783804,1.303408,1.651970,-1.420643,-1.783804,1.303408,1.651970,0.000000,0.000000,0.000000,0.000000,0.000000,0.000000,0.000000,0.000000,-1167.619141,166.847092,995.560974,1220.935669
15.8405,True,0.000000,0.000000,0.000000,0.000000,0.000000,0.000000,-1.420643,-1.783804,1.303408,1.651970,-1.420643,-1.783804,1.303408,1.651970,0.000000,0.000000,0.000000,0.000000,0.000000,0.000000,0.000000,0.000000,-1167.619141,166.847092,995.560974,1220.935669
15.8604,True,0.000000,0.000000,0.000000,0.000000,0.000000,0.000000,-1.420425,-1.783804,1.303770,1.652011,-1.420425,-1.783804,1.303408,1.652011,0.000000,0.000000,0.000000,0.000000,0.000000,0.000000,0.000000,0.000000,-1167.619141,166.847092,995.560974,1220.935669
15.8804,True,0.000000,0.000000,0.000000,0.000000,0.000000,0.000000,-1.420425,-1.783804,1.304133,1.652011,-1.420425,-1.783804,1.304133,1.652011,0.000000,0.000000,0.000000,0.000000,0.000000,0.000000,0.000000,0.000000,-1167.619141,166.847092,995.560974,1220.935669
15.9004,True,0.000000,0.000000,0.000000,0.000000,0.000000,0.000000,-1.420425,-1.783804,1.303770,1.652011,-1.420425,-1.783804,1.303770,1.652011,0.000000,0.000000,0.000000,0.000000,0.000000,0.000000,0.000000,0.000000,-1167.619141,166.847092,995.560974,1220.935669
15.9204,True,0.000000,0.000000,0.000000,0.000000,0.000000,0.000000,-1.420643,-1.783804,1.303688,1.652011,-1.420643,-1.783804,1.303408,1.651970,0.000000,0.000000,0.000000,0.000000,0.000000,0.000000,0.000000,0.000000,-1167.619141,166.847092,995.560974,1220.935669
15.9404,True,0.000000,0.000000,0.000000,0.000000,0.000000,0.000000,-1.420643,-1.783804,1.303688,1.652011,-1.420643,-1.783804,1.303408,1.652011,0.000000,0.000000,0.000000,0.000000,0.000000,0.000000,0.000000,0.000000,-1167.619141,166.847092,995.560974,1220.935669
15.9604,True,0.000000,0.000000,0.000000,0.000000,0.000000,0.000000,-1.420860,-1.783804,1.303770,1.652011,-1.420860,-1.783804,1.304051,1.652011,0.000000,0.000000,0.000000,0.000000,0.000000,0.000000,0.000000,0.000000,-1167.619141,166.847092,995.560974,1220.935669
15.9805,True,0.000000,0.000000,0.000000,0.000000,0.000000,0.000000,-1.420860,-1.783804,1.304051,1.652011,-1.420860,-1.783804,1.304051,1.651970,0.000000,0.000000,0.000000,0.000000,0.000000,0.000000,0.000000,0.000000,-1167.619141,166.847092,995.560974,1220.935669
16.0005,True,0.000000,0.000000,0.000000,0.000000,0.000000,0.000000,-1.420860,-1.783804,1.304051,1.652011,-1.420860,-1.783804,1.304051,1.652011,0.000000,0.000000,0.000000,0.000000,0.000000,0.000000,0.000000,0.000000,-1167.619141,166.847092,995.560974,1220.935669
16.0204,True,0.000000,0.000000,0.000000,0.000000,0.000000,0.000000,-1.420643,-1.783804,1.304051,1.651970,-1.420643,-1.783804,1.303770,1.651970,0.000000,0.000000,0.000000,0.000000,0.000000,0.000000,0.000000,0.000000,-1167.619141,166.847092,995.560974,1220.935669
16.0404,True,0.000000,0.000000,0.000000,0.000000,0.000000,0.000000,-1.420860,-1.783656,1.303770,1.651970,-1.420860,-1.783656,1.303770,1.651970,0.000000,0.000000,0.000000,0.000000,0.000000,0.000000,0.000000,0.000000,-1167.619141,166.847092,995.560974,1220.935669
16.0604,True,0.000000,0.000000,0.000000,0.000000,0.000000,0.000000,-1.420643,-1.783303,1.303770,1.651970,-1.420643,-1.783303,1.303770,1.651970,0.000000,0.000000,0.000000,0.000000,0.000000,0.000000,0.000000,0.000000,-1167.619141,166.847092,995.560974,1220.935669
16.0804,True,0.000000,0.000000,0.000000,0.000000,0.000000,0.000000,-1.420643,-1.783952,1.304051,1.651970,-1.420643,-1.783952,1.304051,1.651970,0.000000,0.000000,0.000000,0.000000,0.000000,0.000000,0.000000,0.000000,-1167.619141,166.847092,995.560974,1220.935669
16.1004,True,0.000000,0.000000,0.000000,0.000000,0.000000,0.000000,-1.420643,-1.783952,1.303770,1.651970,-1.420643,-1.783952,1.303770,1.651970,0.000000,0.000000,0.000000,0.000000,0.000000,0.000000,0.000000,0.000000,-1167.619141,166.847092,995.560974,1220.935669
16.1204,True,0.000000,0.000000,0.000000,0.000000,0.000000,0.000000,-1.420643,-1.783804,1.303408,1.651970,-1.420643,-1.783804,1.303408,1.651970,0.000000,0.000000,0.000000,0.000000,0.000000,0.000000,0.000000,0.000000,-1167.619141,166.847092,995.560974,1220.935669
16.1404,True,0.000000,0.000000,0.000000,0.000000,0.000000,0.000000,-1.420643,-1.783952,1.303770,1.651970,-1.420643,-1.783952,1.303770,1.651970,0.000000,0.000000,0.000000,0.000000,0.000000,0.000000,0.000000,0.000000,-1167.619141,166.847092,995.560974,1220.935669
16.1604,True,0.000000,0.000000,0.000000,0.000000,0.000000,0.000000,-1.420643,-1.783952,1.303408,1.651970,-1.420643,-1.783952,1.303408,1.651970,0.000000,0.000000,0.000000,0.000000,0.000000,0.000000,0.000000,0.000000,-1167.619141,166.847092,995.560974,1220.935669
16.1804,True,0.000000,0.000000,0.000000,0.000000,0.000000,0.000000,-1.420425,-1.783804,1.303408,1.651970,-1.420425,-1.783804,1.304133,1.651970,0.000000,0.000000,0.000000,0.000000,0.000000,0.000000,0.000000,0.000000,-1167.619141,166.847092,995.560974,1220.935669
16.2004,True,0.000000,0.000000,0.000000,0.000000,0.000000,0.000000,-1.420207,-1.783952,1.303770,1.651970,-1.421066,-1.783952,1.303770,1.651970,0.000000,0.000000,0.000000,0.000000,0.000000,0.000000,0.000000,0.000000,-1167.619141,166.847092,995.560974,1220.935669
16.2204,True,0.000000,0.000000,0.000000,0.000000,0.000000,0.000000,-1.421066,-1.783952,1.303490,1.651970,-1.421066,-1.783952,1.303490,1.651970,0.000000,0.000000,0.000000,0.000000,0.000000,0.000000,0.000000,0.000000,-1167.619141,166.847092,995.560974,1220.935669
16.2404,True,0.000000,0.000000,0.000000,0.000000,0.000000,0.000000,-1.420849,-1.783303,1.303770,1.651970,-1.420849,-1.783952,1.303770,1.651970,0.000000,0.000000,0.000000,0.000000,0.000000,0.000000,0.000000,0.000000,-1167.619141,166.847092,995.560974,1220.935669
16.2604,True,0.000000,0.000000,0.000000,0.000000,0.000000,0.000000,-1.420425,-1.783952,1.303490,1.651970,-1.420643,-1.783952,1.303490,1.651970,0.000000,0.000000,0.000000,0.000000,0.000000,0.000000,0.000000,0.000000,-1167.619141,166.847092,995.560974,1220.935669
16.2805,True,0.000000,0.000000,0.000000,0.000000,0.000000,0.000000,-1.420643,-1.783804,1.303853,1.651970,-1.420643,-1.783804,1.303853,1.651970,0.000000,0.000000,0.000000,0.000000,0.000000,0.000000,0.000000,0.000000,-1167.619141,166.847092,995.560974,1220.935669
16.3004,True,0.000000,0.000000,0.000000,0.000000,0.000000,0.000000,-1.420425,-1.783804,1.303770,1.651970,-1.421066,-1.783804,1.303490,1.651970,0.000000,0.000000,0.000000,0.000000,0.000000,0.000000,0.000000,0.000000,-1167.619141,166.847092,995.560974,1220.935669
16.3204,True,0.000000,0.000000,0.000000,0.000000,0.000000,0.000000,-1.420425,-1.783952,1.303490,1.651970,-1.420425,-1.783952,1.303490,1.651970,0.000000,0.000000,0.000000,0.000000,0.000000,0.000000,0.000000,0.000000,-1167.619141,166.847092,995.560974,1220.935669
16.3404,True,0.000000,0.000000,0.000000,0.000000,0.000000,0.000000,-1.420207,-1.783952,1.303770,1.651970,-1.420207,-1.783952,1.303770,1.651970,0.000000,0.000000,0.000000,0.000000,0.000000,0.000000,0.000000,0.000000,-1167.619141,166.847092,995.560974,1220.935669
16.3604,True,0.000000,0.000000,0.000000,0.000000,0.000000,0.000000,-1.421066,-1.783804,1.304133,1.651970,-1.420425,-1.783804,1.303853,1.651970,0.000000,0.000000,0.000000,0.000000,0.000000,0.000000,0.000000,0.000000,-1167.619141,166.847092,995.560974,1220.935669
16.3804,True,0.000000,0.000000,0.000000,0.000000,0.000000,0.000000,-1.420425,-1.783952,1.303770,1.651970,-1.420425,-1.783952,1.303770,1.651970,0.000000,0.000000,0.000000,0.000000,0.000000,0.000000,0.000000,0.000000,-1167.619141,166.847092,995.560974,1220.935669
16.4004,True,0.000000,0.000000,0.000000,0.000000,0.000000,0.000000,-1.420425,-1.783952,1.303853,1.651970,-1.420425,-1.783804,1.303853,1.651970,0.000000,0.000000,0.000000,0.000000,0.000000,0.000000,0.000000,0.000000,-1167.619141,166.847092,995.560974,1220.935669
16.4204,True,0.000000,0.000000,0.000000,0.000000,0.000000,0.000000,-1.420425,-1.783804,1.303490,1.651970,-1.420425,-1.783952,1.303490,1.651970,0.000000,0.000000,0.000000,0.000000,0.000000,0.000000,0.000000,0.000000,-1167.619141,166.847092,995.560974,1220.935669
16.4405,True,0.000000,0.000000,0.000000,0.000000,0.000000,0.000000,-1.420643,-1.783952,1.303853,1.651970,-1.420643,-1.783952,1.303853,1.651970,0.000000,0.000000,0.000000,0.000000,0.000000,0.000000,0.000000,0.000000,-1167.619141,166.847092,995.560974,1220.935669
16.4604,True,0.000000,0.000000,0.000000,0.000000,0.000000,0.000000,-1.420643,-1.783952,1.304133,1.651970,-1.420643,-1.783952,1.304133,1.651970,0.000000,0.000000,0.000000,0.000000,0.000000,0.000000,0.000000,0.000000,-1167.619141,166.847092,995.560974,1220.935669
16.4804,True,0.000000,0.000000,0.000000,0.000000,0.000000,0.000000,-1.420425,-1.783952,1.304133,1.651970,-1.420425,-1.783952,1.303770,1.651970,0.000000,0.000000,0.000000,0.000000,0.000000,0.000000,0.000000,0.000000,-1167.619141,166.847092,995.560974,1220.935669
16.5004,True,0.000000,0.000000,0.000000,0.000000,0.000000,0.000000,-1.420425,-1.783452,1.303408,1.651970,-1.420425,-1.783452,1.303408,1.651970,0.000000,0.000000,0.000000,0.000000,0.000000,0.000000,0.000000,0.000000,-1167.619141,166.847092,995.560974,1220.935669
16.5204,True,0.000000,0.000000,0.000000,0.000000,0.000000,0.000000,-1.420425,-1.783804,1.303770,1.651970,-1.420849,-1.784305,1.303770,1.651970,0.000000,0.000000,0.000000,0.000000,0.000000,0.000000,0.000000,0.000000,-1167.619141,166.847092,995.560974,1220.935669
16.5404,True,0.000000,0.000000,0.000000,0.000000,0.000000,0.000000,-1.420425,-1.783952,1.303770,1.651970,-1.420425,-1.783952,1.303770,1.651970,0.000000,0.000000,0.000000,0.000000,0.000000,0.000000,0.000000,0.000000,-1167.619141,166.847092,995.560974,1220.935669
16.5604,True,0.000000,0.000000,0.000000,0.000000,0.000000,0.000000,-1.420425,-1.783952,1.304133,1.651970,-1.420425,-1.783952,1.304133,1.651970,0.000000,0.000000,0.000000,0.000000,0.000000,0.000000,0.000000,0.000000,-1167.619141,166.847092,995.560974,1220.935669
16.5804,True,0.000000,0.000000,0.000000,0.000000,0.000000,0.000000,-1.420425,-1.783452,1.304133,1.651970,-1.420425,-1.783452,1.304133,1.651970,0.000000,0.000000,0.000000,0.000000,0.000000,0.000000,0.000000,0.000000,-1167.619141,166.847092,995.560974,1220.935669
16.6004,True,0.000000,0.000000,0.000000,0.000000,0.000000,0.000000,-1.420425,-1.783452,1.304133,1.652011,-1.421066,-1.783452,1.304133,1.652011,0.000000,0.000000,0.000000,0.000000,0.000000,0.000000,0.000000,0.000000,-1167.619141,166.847092,995.560974,1220.935669
16.6204,True,0.000000,0.000000,0.000000,0.000000,0.000000,0.000000,-1.421066,-1.783452,1.304133,1.651970,-1.421066,-1.783452,1.304133,1.652011,0.000000,0.000000,0.000000,0.000000,0.000000,0.000000,0.000000,0.000000,-1167.619141,166.847092,995.560974,1220.935669
16.6405,True,0.000000,0.000000,0.000000,0.000000,0.000000,0.000000,-1.420425,-1.783452,1.304133,1.652011,-1.421066,-1.783452,1.304133,1.651970,0.000000,0.000000,0.000000,0.000000,0.000000,0.000000,0.000000,0.000000,-1167.619141,166.847092,995.560974,1220.935669
16.6604,True,0.000000,0.000000,0.000000,0.000000,0.000000,0.000000,-1.420425,-1.783452,1.304133,1.651970,-1.420425,-1.783452,1.304133,1.652011,0.000000,0.000000,0.000000,0.000000,0.000000,0.000000,0.000000,0.000000,-1167.619141,166.847092,995.560974,1220.935669
16.6804,True,0.000000,0.000000,0.000000,0.000000,0.000000,0.000000,-1.420425,-1.783452,1.304133,1.652011,-1.420425,-1.783452,1.304133,1.651970,0.000000,0.000000,0.000000,0.000000,0.000000,0.000000,0.000000,0.000000,-1167.619141,166.847092,995.560974,1220.935669
16.7004,True,0.000000,0.000000,0.000000,0.000000,0.000000,0.000000,-1.421066,-1.783452,1.304133,1.652011,-1.420849,-1.783452,1.303770,1.652011,0.000000,0.000000,0.000000,0.000000,0.000000,0.000000,0.000000,0.000000,-1167.619141,166.847092,995.560974,1220.935669
16.7204,True,0.000000,0.000000,0.000000,0.000000,0.000000,0.000000,-1.420425,-1.783452,1.303770,1.651970,-1.420425,-1.783452,1.304133,1.651970,0.000000,0.000000,0.000000,0.000000,0.000000,0.000000,0.000000,0.000000,-1167.619141,166.847092,995.560974,1220.935669
16.7404,True,0.000000,0.000000,0.000000,0.000000,0.000000,0.000000,-1.421066,-1.783452,1.303490,1.652011,-1.421066,-1.783452,1.304133,1.652011,0.000000,0.000000,0.000000,0.000000,0.000000,0.000000,0.000000,0.000000,-1167.619141,166.847092,995.560974,1220.935669
16.7604,True,0.000000,0.000000,0.000000,0.000000,0.000000,0.000000,-1.420849,-1.783452,1.303770,1.652011,-1.420849,-1.783452,1.303770,1.652011,0.000000,0.000000,0.000000,0.000000,0.000000,0.000000,0.000000,0.000000,-1167.619141,166.847092,995.560974,1220.935669
16.7805,True,0.000000,0.000000,0.000000,0.000000,0.000000,0.000000,-1.420849,-1.783452,1.303490,1.651970,-1.420849,-1.783452,1.303853,1.651970,0.000000,0.000000,0.000000,0.000000,0.000000,0.000000,0.000000,0.000000,-1167.619141,166.847092,995.560974,1220.935669
16.8004,True,0.000000,0.000000,0.000000,0.000000,0.000000,0.000000,-1.420207,-1.783452,1.303770,1.652011,-1.420207,-1.783452,1.303770,1.652011,0.000000,0.000000,0.000000,0.000000,0.000000,0.000000,0.000000,0.000000,-1167.619141,166.847092,995.560974,1220.935669
16.8204,True,0.000000,0.000000,0.000000,0.000000,0.000000,0.000000,-1.420643,-1.783452,1.303770,1.651970,-1.420643,-1.783452,1.304133,1.651970,0.000000,0.000000,0.000000,0.000000,0.000000,0.000000,0.000000,0.000000,-1167.619141,166.847092,995.560974,1220.935669
16.8404,True,0.000000,0.000000,0.000000,0.000000,0.000000,0.000000,-1.420425,-1.783452,1.303770,1.651970,-1.420425,-1.783452,1.303770,1.651970,0.000000,0.000000,0.000000,0.000000,0.000000,0.000000,0.000000,0.000000,-1167.619141,166.847092,995.560974,1220.935669
16.8604,True,0.000000,0.000000,0.000000,0.000000,0.000000,0.000000,-1.420425,-1.783452,1.303770,1.651970,-1.420425,-1.783452,1.303770,1.651970,0.000000,0.000000,0.000000,0.000000,0.000000,0.000000,0.000000,0.000000,-1167.619141,166.847092,995.560974,1220.935669
16.8804,True,0.000000,0.000000,0.000000,0.000000,0.000000,0.000000,-1.420643,-1.783952,1.304133,1.652011,-1.420643,-1.783952,1.303770,1.652011,0.000000,0.000000,0.000000,0.000000,0.000000,0.000000,0.000000,0.000000,-1167.619141,166.847092,995.560974,1220.935669
16.9004,True,0.000000,0.000000,0.000000,0.000000,0.000000,0.000000,-1.420425,-1.783804,1.303770,1.652011,-1.420425,-1.783804,1.303770,1.652011,0.000000,0.000000,0.000000,0.000000,0.000000,0.000000,0.000000,0.000000,-1167.619141,166.847092,995.560974,1220.935669
16.9204,True,0.000000,0.000000,0.000000,0.000000,0.000000,0.000000,-1.420425,-1.783804,1.303770,1.652011,-1.420425,-1.783804,1.303770,1.652011,0.000000,0.000000,0.000000,0.000000,0.000000,0.000000,0.000000,0.000000,-1167.619141,166.847092,995.560974,1220.935669
16.9404,True,0.000000,0.000000,0.000000,0.000000,0.000000,0.000000,-1.420425,-1.783804,1.303770,1.652011,-1.420425,-1.783804,1.303770,1.652011,0.000000,0.000000,0.000000,0.000000,0.000000,0.000000,0.000000,0.000000,-1167.619141,166.847092,995.560974,1220.935669
16.9604,True,0.000000,0.000000,0.000000,0.000000,0.000000,0.000000,-1.420643,-1.783804,1.303770,1.652011,-1.420849,-1.783804,1.303770,1.652011,0.000000,0.000000,0.000000,0.000000,0.000000,0.000000,0.000000,0.000000,-1167.619141,166.847092,995.560974,1220.935669
16.9805,True,0.000000,0.000000,0.000000,0.000000,0.000000,0.000000,-1.420425,-1.783804,1.303770,1.651970,-1.420643,-1.783804,1.303408,1.651970,0.000000,0.000000,0.000000,0.000000,0.000000,0.000000,0.000000,0.000000,-1167.619141,166.847092,995.560974,1220.935669
17.0004,True,0.000000,0.000000,0.000000,0.000000,0.000000,0.000000,-1.420425,-1.783804,1.303770,1.652011,-1.420425,-1.783804,1.303770,1.652011,0.000000,0.000000,0.000000,0.000000,0.000000,0.000000,0.000000,0.000000,-1167.619141,166.847092,995.560974,1220.935669
17.0204,True,0.000000,0.000000,0.000000,0.000000,0.000000,0.000000,-1.420849,-1.783804,1.304051,1.652053,-1.421066,-1.783804,1.303408,1.652053,0.000000,0.000000,0.000000,0.000000,0.000000,0.000000,0.000000,0.000000,-1167.619141,166.847092,995.560974,1220.935669
17.0404,True,0.000000,0.000000,0.000000,0.000000,0.000000,0.000000,-1.421066,-1.783804,1.303408,1.652053,-1.421066,-1.783804,1.303408,1.652053,0.000000,0.000000,0.000000,0.000000,0.000000,0.000000,0.000000,0.000000,-1167.619141,166.847092,995.560974,1220.935669
17.0604,True,0.000000,0.000000,0.000000,0.000000,0.000000,0.000000,-1.421066,-1.783804,1.303408,1.652053,-1.421066,-1.783804,1.303408,1.652053,0.000000,0.000000,0.000000,0.000000,0.000000,0.000000,0.000000,0.000000,-1167.619141,166.847092,995.560974,1220.935669
17.0804,True,0.000000,0.000000,0.000000,0.000000,0.000000,0.000000,-1.421066,-1.783804,1.303408,1.652053,-1.420849,-1.783804,1.303408,1.652053,0.000000,0.000000,0.000000,0.000000,0.000000,0.000000,0.000000,0.000000,-1167.619141,166.847092,995.560974,1220.935669
17.1004,True,0.000000,0.000000,0.000000,0.000000,0.000000,0.000000,-1.421066,-1.783804,1.303408,1.652053,-1.421066,-1.783804,1.303408,1.652053,0.000000,0.000000,0.000000,0.000000,0.000000,0.000000,0.000000,0.000000,-1167.619141,166.847092,995.560974,1220.935669
17.1204,True,0.000000,0.000000,0.000000,0.000000,0.000000,0.000000,-1.420425,-1.783804,1.303408,1.652053,-1.420425,-1.783804,1.303408,1.652053,0.000000,0.000000,0.000000,0.000000,0.000000,0.000000,0.000000,0.000000,-1167.619141,166.847092,995.560974,1220.935669
17.1404,True,0.000000,0.000000,0.000000,0.000000,0.000000,0.000000,-1.420425,-1.783804,1.303408,1.652011,-1.420425,-1.783804,1.303408,1.652011,0.000000,0.000000,0.000000,0.000000,0.000000,0.000000,0.000000,0.000000,-1167.619141,166.847092,995.560974,1220.935669
17.1604,True,0.000000,0.000000,0.000000,0.000000,0.000000,0.000000,-1.421066,-1.783804,1.303408,1.652011,-1.421066,-1.783804,1.303408,1.652011,0.000000,0.000000,0.000000,0.000000,0.000000,0.000000,0.000000,0.000000,-1167.619141,166.847092,995.560974,1220.935669
17.1804,True,0.000000,0.000000,0.000000,0.000000,0.000000,0.000000,-1.420849,-1.783804,1.303770,1.652053,-1.420849,-1.783804,1.303770,1.652053,0.000000,0.000000,0.000000,0.000000,0.000000,0.000000,0.000000,0.000000,-1167.619141,166.847092,995.560974,1220.935669
17.2004,True,0.000000,0.000000,0.000000,0.000000,0.000000,0.000000,-1.420849,-1.783804,1.303770,1.652011,-1.420849,-1.783804,1.303770,1.652011,0.000000,0.000000,0.000000,0.000000,0.000000,0.000000,0.000000,0.000000,-1167.619141,166.847092,995.560974,1220.935669
17.2204,True,0.000000,0.000000,0.000000,0.000000,0.000000,0.000000,-1.420849,-1.783804,1.303770,1.652053,-1.420849,-1.783804,1.303770,1.652053,0.000000,0.000000,0.000000,0.000000,0.000000,0.000000,0.000000,0.000000,-1167.619141,166.847092,995.560974,1220.935669
17.2404,True,0.000000,0.000000,0.000000,0.000000,0.000000,0.000000,-1.420849,-1.783804,1.304133,1.652053,-1.420849,-1.783804,1.303770,1.652053,0.000000,0.000000,0.000000,0.000000,0.000000,0.000000,0.000000,0.000000,-1167.619141,166.847092,995.560974,1220.935669
17.2604,True,0.000000,0.000000,0.000000,0.000000,0.000000,0.000000,-1.420849,-1.783804,1.304133,1.652011,-1.420849,-1.783804,1.304133,1.652011,0.000000,0.000000,0.000000,0.000000,0.000000,0.000000,0.000000,0.000000,-1167.619141,166.847092,995.560974,1220.935669
17.2804,True,0.000000,0.000000,0.000000,0.000000,0.000000,0.000000,-1.420849,-1.783804,1.303770,1.652094,-1.420849,-1.783804,1.303770,1.652094,0.000000,0.000000,0.000000,0.000000,0.000000,0.000000,0.000000,0.000000,-1167.619141,166.847092,995.560974,1220.935669
17.3004,True,0.000000,0.000000,0.000000,0.000000,0.000000,0.000000,-1.420425,-1.783804,1.303770,1.652094,-1.420425,-1.783804,1.303770,1.652094,0.000000,0.000000,0.000000,0.000000,0.000000,0.000000,0.000000,0.000000,-1167.619141,166.847092,995.560974,1220.935669
17.3204,True,0.000000,0.000000,0.000000,0.000000,0.000000,0.000000,-1.420425,-1.783804,1.303770,1.652094,-1.421066,-1.783804,1.303770,1.652094,0.000000,0.000000,0.000000,0.000000,0.000000,0.000000,0.000000,0.000000,-1167.619141,166.847092,995.560974,1220.935669
17.3404,True,0.000000,0.000000,0.000000,0.000000,0.000000,0.000000,-1.421066,-1.783804,1.303770,1.652011,-1.421066,-1.783804,1.303770,1.652011,0.000000,0.000000,0.000000,0.000000,0.000000,0.000000,0.000000,0.000000,-1167.619141,166.847092,995.560974,1220.935669
17.3604,True,0.000000,0.000000,0.000000,0.000000,0.000000,0.000000,-1.420849,-1.783804,1.303770,1.652011,-1.420631,-1.783804,1.303770,1.652053,0.000000,0.000000,0.000000,0.000000,0.000000,0.000000,0.000000,0.000000,-1167.619141,166.847092,995.560974,1220.935669
17.3803,True,0.000000,0.000000,0.000000,0.000000,0.000000,0.000000,-1.420849,-1.783804,1.303770,1.652011,-1.420849,-1.783804,1.304133,1.652011,0.000000,0.000000,0.000000,0.000000,0.000000,0.000000,0.000000,0.000000,-1167.619141,166.847092,995.560974,1220.935669
17.4004,True,0.000000,0.000000,0.000000,0.000000,0.000000,0.000000,-1.420849,-1.783804,1.303770,1.652011,-1.420849,-1.783804,1.304133,1.652011,0.000000,0.000000,0.000000,0.000000,0.000000,0.000000,0.000000,0.000000,-1167.619141,166.847092,995.560974,1220.935669
17.4204,True,0.000000,0.000000,0.000000,0.000000,0.000000,0.000000,-1.420631,-1.783804,1.303770,1.652053,-1.420849,-1.783804,1.303770,1.652053,0.000000,0.000000,0.000000,0.000000,0.000000,0.000000,0.000000,0.000000,-1167.619141,166.847092,995.560974,1220.935669
17.4405,True,0.000000,0.000000,0.000000,0.000000,0.000000,0.000000,-1.420849,-1.783804,1.303770,1.652011,-1.420849,-1.783804,1.304133,1.652011,0.000000,0.000000,0.000000,0.000000,0.000000,0.000000,0.000000,0.000000,-1167.619141,166.847092,995.560974,1220.935669
17.4604,True,0.000000,0.000000,0.000000,0.000000,0.000000,0.000000,-1.420849,-1.783804,1.304133,1.652053,-1.420849,-1.783804,1.304133,1.652053,0.000000,0.000000,0.000000,0.000000,0.000000,0.000000,0.000000,0.000000,-1167.619141,166.847092,995.560974,1220.935669
17.4804,True,0.000000,0.000000,0.000000,0.000000,0.000000,0.000000,-1.420849,-1.783804,1.303770,1.652011,-1.420849,-1.783804,1.303770,1.652011,0.000000,0.000000,0.000000,0.000000,0.000000,0.000000,0.000000,0.000000,-1167.619141,166.847092,995.560974,1220.935669
17.5004,True,0.000000,0.000000,0.000000,0.000000,0.000000,0.000000,-1.420849,-1.783804,1.304133,1.652011,-1.420849,-1.783804,1.304133,1.652011,0.000000,0.000000,0.000000,0.000000,0.000000,0.000000,0.000000,0.000000,-1167.619141,166.847092,995.560974,1220.935669
17.5204,True,0.000000,0.000000,0.000000,0.000000,0.000000,0.000000,-1.420849,-1.783804,1.304133,1.652011,-1.420849,-1.783804,1.303770,1.652011,0.000000,0.000000,0.000000,0.000000,0.000000,0.000000,0.000000,0.000000,-1167.619141,166.847092,995.560974,1220.935669
17.5404,True,0.000000,0.000000,0.000000,0.000000,0.000000,0.000000,-1.420849,-1.783804,1.303490,1.651970,-1.420849,-1.783804,1.304133,1.651970,0.000000,0.000000,0.000000,0.000000,0.000000,0.000000,0.000000,0.000000,-1167.619141,166.847092,995.560974,1220.935669
17.5605,True,0.000000,0.000000,0.000000,0.000000,0.000000,0.000000,-1.420849,-1.783804,1.304051,1.651970,-1.420849,-1.783804,1.304051,1.651970,0.000000,0.000000,0.000000,0.000000,0.000000,0.000000,0.000000,0.000000,-1167.619141,166.847092,995.560974,1220.935669
17.5804,True,0.000000,0.000000,0.000000,0.000000,0.000000,0.000000,-1.420631,-1.783804,1.303770,1.652011,-1.420631,-1.783804,1.303770,1.651970,0.000000,0.000000,0.000000,0.000000,0.000000,0.000000,0.000000,0.000000,-1167.619141,166.847092,995.560974,1220.935669
17.6004,True,0.000000,0.000000,0.000000,0.000000,0.000000,0.000000,-1.420631,-1.783804,1.303770,1.651970,-1.420631,-1.783804,1.303770,1.651928,0.000000,0.000000,0.000000,0.000000,0.000000,0.000000,0.000000,0.000000,-1167.619141,166.847092,995.560974,1220.935669
17.6204,True,0.000000,0.000000,0.000000,0.000000,0.000000,0.000000,-1.420631,-1.783804,1.304051,1.651970,-1.420631,-1.783804,1.303770,1.651970,0.000000,0.000000,0.000000,0.000000,0.000000,0.000000,0.000000,0.000000,-1167.619141,166.847092,995.560974,1220.935669
17.6404,True,0.000000,0.000000,0.000000,0.000000,0.000000,0.000000,-1.420631,-1.783952,1.303770,1.652053,-1.420631,-1.783952,1.303770,1.652053,0.000000,0.000000,0.000000,0.000000,0.000000,0.000000,0.000000,0.000000,-1167.619141,166.847092,995.560974,1220.935669
17.6604,True,0.000000,0.000000,0.000000,0.000000,0.000000,0.000000,-1.421066,-1.783952,1.303853,1.651970,-1.421066,-1.783952,1.303490,1.651970,0.000000,0.000000,0.000000,0.000000,0.000000,0.000000,0.000000,0.000000,-1167.619141,166.847092,995.560974,1220.935669
17.6804,True,0.000000,0.000000,0.000000,0.000000,0.000000,0.000000,-1.420425,-1.783952,1.304133,1.652011,-1.420425,-1.783952,1.304133,1.652011,0.000000,0.000000,0.000000,0.000000,0.000000,0.000000,0.000000,0.000000,-1167.619141,166.847092,995.560974,1220.935669
17.7004,True,0.000000,0.000000,0.000000,0.000000,0.000000,0.000000,-1.420425,-1.783952,1.303853,1.651970,-1.420425,-1.783952,1.304133,1.651970,0.000000,0.000000,0.000000,0.000000,0.000000,0.000000,0.000000,0.000000,-1167.619141,166.847092,995.560974,1220.935669
17.7206,True,0.000000,0.000000,0.000000,0.000000,0.000000,0.000000,-1.420425,-1.783804,1.303490,1.651928,-1.420425,-1.783804,1.303490,1.651928,0.000000,0.000000,0.000000,0.000000,0.000000,0.000000,0.000000,0.000000,-1167.619141,166.847092,995.560974,1220.935669
17.7404,True,0.000000,0.000000,0.000000,0.000000,0.000000,0.000000,-1.420849,-1.783804,1.303853,1.651970,-1.420849,-1.783804,1.303853,1.651970,0.000000,0.000000,0.000000,0.000000,0.000000,0.000000,0.000000,0.000000,-1167.619141,166.847092,995.560974,1220.935669
17.7604,True,0.000000,0.000000,0.000000,0.000000,0.000000,0.000000,-1.421066,-1.783303,1.303490,1.651970,-1.420849,-1.783303,1.303490,1.651970,0.000000,0.000000,0.000000,0.000000,0.000000,0.000000,0.000000,0.000000,-1167.619141,166.847092,995.560974,1220.935669
17.7804,True,0.000000,0.000000,0.000000,0.000000,0.000000,0.000000,-1.420849,-1.783804,1.303770,1.652011,-1.420849,-1.783804,1.303770,1.652011,0.000000,0.000000,0.000000,0.000000,0.000000,0.000000,0.000000,0.000000,-1167.619141,166.847092,995.560974,1220.935669
17.8004,True,0.000000,0.000000,0.000000,0.000000,0.000000,0.000000,-1.420631,-1.783804,1.303770,1.651970,-1.420631,-1.783804,1.303770,1.651970,0.000000,0.000000,0.000000,0.000000,0.000000,0.000000,0.000000,0.000000,-1167.619141,166.847092,995.560974,1220.935669
17.8204,True,0.000000,0.000000,0.000000,0.000000,0.000000,0.000000,-1.421066,-1.783804,1.303770,1.652011,-1.421066,-1.783804,1.304133,1.652011,0.000000,0.000000,0.000000,0.000000,0.000000,0.000000,0.000000,0.000000,-1167.619141,166.847092,995.560974,1220.935669
17.8404,True,0.000000,0.000000,0.000000,0.000000,0.000000,0.000000,-1.421066,-1.783804,1.303770,1.651970,-1.421066,-1.783804,1.303770,1.652011,0.000000,0.000000,0.000000,0.000000,0.000000,0.000000,0.000000,0.000000,-1167.619141,166.847092,995.560974,1220.935669
17.8604,True,0.000000,0.000000,0.000000,0.000000,0.000000,0.000000,-1.420425,-1.783804,1.303770,1.652011,-1.420425,-1.783804,1.303770,1.652011,0.000000,0.000000,0.000000,0.000000,0.000000,0.000000,0.000000,0.000000,-1167.619141,166.847092,995.560974,1220.935669
17.8804,True,0.000000,0.000000,0.000000,0.000000,0.000000,0.000000,-1.420425,-1.783303,1.303770,1.651970,-1.420425,-1.783303,1.304133,1.651970,0.000000,0.000000,0.000000,0.000000,0.000000,0.000000,0.000000,0.000000,-1167.619141,166.847092,995.560974,1220.935669
17.9005,True,0.000000,0.000000,0.000000,0.000000,0.000000,0.000000,-1.420643,-1.783452,1.303770,1.651970,-1.420643,-1.783452,1.304051,1.651970,0.000000,0.000000,0.000000,0.000000,0.000000,0.000000,0.000000,0.000000,-1167.619141,166.847092,995.560974,1220.935669
17.9204,True,0.000000,0.000000,0.000000,0.000000,0.000000,0.000000,-1.420643,-1.783952,1.303770,1.652011,-1.420643,-1.783452,1.303770,1.652011,0.000000,0.000000,0.000000,0.000000,0.000000,0.000000,0.000000,0.000000,-1167.619141,166.847092,995.560974,1220.935669
17.9404,True,0.000000,0.000000,0.000000,0.000000,0.000000,0.000000,-1.420643,-1.783452,1.304051,1.652011,-1.420643,-1.783303,1.303770,1.652011,0.000000,0.000000,0.000000,0.000000,0.000000,0.000000,0.000000,0.000000,-1167.619141,166.847092,995.560974,1220.935669
17.9604,True,0.000000,0.000000,0.000000,0.000000,0.000000,0.000000,-1.420425,-1.783303,1.303770,1.652053,-1.420425,-1.783303,1.304133,1.652011,0.000000,0.000000,0.000000,0.000000,0.000000,0.000000,0.000000,0.000000,-1167.619141,166.847092,995.560974,1220.935669
17.9804,True,0.000000,0.000000,0.000000,0.000000,0.000000,0.000000,-1.420425,-1.783952,1.303770,1.652011,-1.420425,-1.784101,1.303770,1.652011,0.000000,0.000000,0.000000,0.000000,0.000000,0.000000,0.000000,0.000000,-1167.619141,166.847092,995.560974,1220.935669
18.0004,True,0.000000,0.000000,0.000000,0.000000,0.000000,0.000000,-1.420425,-1.783452,1.303770,1.652011,-1.420425,-1.783952,1.303490,1.652011,0.000000,0.000000,0.000000,0.000000,0.000000,0.000000,0.000000,0.000000,-1167.619141,166.847092,995.560974,1220.935669
18.0204,True,0.000000,0.000000,0.000000,0.000000,0.000000,0.000000,-1.421066,-1.783804,1.304133,1.651970,-1.421066,-1.783804,1.304133,1.651970,0.000000,0.000000,0.000000,0.000000,0.000000,0.000000,0.000000,0.000000,-1167.619141,166.847092,995.560974,1220.935669
18.0404,True,0.000000,0.000000,0.000000,0.000000,0.000000,0.000000,-1.420425,-1.783452,1.303770,1.651970,-1.420425,-1.783452,1.303770,1.651970,0.000000,0.000000,0.000000,0.000000,0.000000,0.000000,0.000000,0.000000,-1167.619141,166.847092,995.560974,1220.935669
18.0604,True,0.000000,0.000000,0.000000,0.000000,0.000000,0.000000,-1.421066,-1.783804,1.303853,1.652011,-1.421066,-1.783804,1.304051,1.652011,0.000000,0.000000,0.000000,0.000000,0.000000,0.000000,0.000000,0.000000,-1167.619141,166.847092,995.560974,1220.935669
18.0804,True,0.000000,0.000000,0.000000,0.000000,0.000000,0.000000,-1.421066,-1.783804,1.304133,1.651970,-1.420425,-1.783804,1.303770,1.651970,0.000000,0.000000,0.000000,0.000000,0.000000,0.000000,0.000000,0.000000,-1167.619141,166.847092,995.560974,1220.935669
18.1004,True,0.000000,0.000000,0.000000,0.000000,0.000000,0.000000,-1.420425,-1.783952,1.303770,1.651970,-1.420425,-1.783952,1.303770,1.651970,0.000000,0.000000,0.000000,0.000000,0.000000,0.000000,0.000000,0.000000,-1167.619141,166.847092,995.560974,1220.935669
18.1206,True,0.000000,0.000000,0.000000,0.000000,0.000000,0.000000,-1.420643,-1.783303,1.304133,1.651970,-1.420643,-1.783303,1.304133,1.651970,0.000000,0.000000,0.000000,0.000000,0.000000,0.000000,0.000000,0.000000,-1167.619141,166.847092,995.560974,1220.935669
18.1404,True,0.000000,0.000000,0.000000,0.000000,0.000000,0.000000,-1.420425,-1.783952,1.304133,1.651970,-1.420425,-1.783952,1.304133,1.651970,0.000000,0.000000,0.000000,0.000000,0.000000,0.000000,0.000000,0.000000,-1167.619141,166.847092,995.560974,1220.935669
18.1604,True,0.000000,0.000000,0.000000,0.000000,0.000000,0.000000,-1.420425,-1.783952,1.304133,1.651970,-1.420425,-1.783952,1.304133,1.651970,0.000000,0.000000,0.000000,0.000000,0.000000,0.000000,0.000000,0.000000,-1167.619141,166.847092,995.560974,1220.935669
18.1804,True,0.000000,0.000000,0.000000,0.000000,0.000000,0.000000,-1.420425,-1.783952,1.304133,1.651970,-1.420425,-1.783952,1.304133,1.651970,0.000000,0.000000,0.000000,0.000000,0.000000,0.000000,0.000000,0.000000,-1167.619141,166.847092,995.560974,1220.935669
18.2004,True,0.000000,0.000000,0.000000,0.000000,0.000000,0.000000,-1.420425,-1.783952,1.304133,1.651970,-1.420425,-1.783952,1.304133,1.651970,0.000000,0.000000,0.000000,0.000000,0.000000,0.000000,0.000000,0.000000,-1167.619141,166.847092,995.560974,1220.935669
18.2204,True,0.000000,0.000000,0.000000,0.000000,0.000000,0.000000,-1.420849,-1.783952,1.303770,1.651970,-1.420849,-1.783952,1.303770,1.651970,0.000000,0.000000,0.000000,0.000000,0.000000,0.000000,0.000000,0.000000,-1167.619141,166.847092,995.560974,1220.935669
18.2404,True,0.000000,0.000000,0.000000,0.000000,0.000000,0.000000,-1.420425,-1.783952,1.304133,1.651970,-1.420425,-1.783952,1.304133,1.651970,0.000000,0.000000,0.000000,0.000000,0.000000,0.000000,0.000000,0.000000,-1167.619141,166.847092,995.560974,1220.935669
18.2604,True,0.000000,0.000000,0.000000,0.000000,0.000000,0.000000,-1.420425,-1.783952,1.303770,1.651970,-1.420425,-1.783952,1.303770,1.651970,0.000000,0.000000,0.000000,0.000000,0.000000,0.000000,0.000000,0.000000,-1167.619141,166.847092,995.560974,1220.935669
18.2804,True,0.000000,0.000000,0.000000,0.000000,0.000000,0.000000,-1.420425,-1.783952,1.303770,1.651970,-1.420425,-1.783952,1.303770,1.651970,0.000000,0.000000,0.000000,0.000000,0.000000,0.000000,0.000000,0.000000,-1167.619141,166.847092,995.560974,1220.935669
18.3004,True,0.000000,0.000000,0.000000,0.000000,0.000000,0.000000,-1.420425,-1.783952,1.303770,1.651970,-1.420425,-1.783952,1.303770,1.651970,0.000000,0.000000,0.000000,0.000000,0.000000,0.000000,0.000000,0.000000,-1167.619141,166.847092,995.560974,1220.935669
18.3204,True,0.000000,0.000000,0.000000,0.000000,0.000000,0.000000,-1.421066,-1.783952,1.303490,1.651970,-1.421066,-1.783952,1.303490,1.651970,0.000000,0.000000,0.000000,0.000000,0.000000,0.000000,0.000000,0.000000,-1167.619141,166.847092,995.560974,1220.935669
18.3405,True,0.000000,0.000000,0.000000,0.000000,0.000000,0.000000,-1.421066,-1.783952,1.303490,1.651970,-1.421066,-1.783952,1.303490,1.651970,0.000000,0.000000,0.000000,0.000000,0.000000,0.000000,0.000000,0.000000,-1167.619141,166.847092,995.560974,1220.935669
18.3604,True,0.000000,0.000000,0.000000,0.000000,0.000000,0.000000,-1.420425,-1.783952,1.303490,1.651970,-1.421066,-1.783952,1.303490,1.651970,0.000000,0.000000,0.000000,0.000000,0.000000,0.000000,0.000000,0.000000,-1167.619141,166.847092,995.560974,1220.935669
18.3804,True,0.000000,0.000000,0.000000,0.000000,0.000000,0.000000,-1.421066,-1.783952,1.303490,1.651970,-1.421066,-1.783952,1.303490,1.651970,0.000000,0.000000,0.000000,0.000000,0.000000,0.000000,0.000000,0.000000,-1167.619141,166.847092,995.560974,1220.935669
18.4004,True,0.000000,0.000000,0.000000,0.000000,0.000000,0.000000,-1.420643,-1.783952,1.303770,1.651970,-1.420643,-1.783952,1.303770,1.651970,0.000000,0.000000,0.000000,0.000000,0.000000,0.000000,0.000000,0.000000,-1167.619141,166.847092,995.560974,1220.935669
18.4204,True,0.000000,0.000000,0.000000,0.000000,0.000000,0.000000,-1.420643,-1.783952,1.303770,1.651970,-1.420425,-1.783952,1.303770,1.651970,0.000000,0.000000,0.000000,0.000000,0.000000,0.000000,0.000000,0.000000,-1167.619141,166.847092,995.560974,1220.935669
18.4404,True,0.000000,0.000000,0.000000,0.000000,0.000000,0.000000,-1.420849,-1.783952,1.303770,1.652011,-1.420849,-1.783952,1.303770,1.652011,0.000000,0.000000,0.000000,0.000000,0.000000,0.000000,0.000000,0.000000,-1167.619141,166.847092,995.560974,1220.935669
18.4604,True,0.000000,0.000000,0.000000,0.000000,0.000000,0.000000,-1.420849,-1.783952,1.303770,1.652011,-1.420849,-1.783952,1.303770,1.652053,0.000000,0.000000,0.000000,0.000000,0.000000,0.000000,0.000000,0.000000,-1167.619141,166.847092,995.560974,1220.935669
18.4804,True,0.000000,0.000000,0.000000,0.000000,0.000000,0.000000,-1.420425,-1.783952,1.303770,1.652053,-1.420849,-1.783952,1.303770,1.652011,0.000000,0.000000,0.000000,0.000000,0.000000,0.000000,0.000000,0.000000,-1167.619141,166.847092,995.560974,1220.935669
18.5004,True,0.000000,0.000000,0.000000,0.000000,0.000000,0.000000,-1.420425,-1.783952,1.303770,1.652053,-1.420425,-1.783952,1.303770,1.652053,0.000000,0.000000,0.000000,0.000000,0.000000,0.000000,0.000000,0.000000,-1167.619141,166.847092,995.560974,1220.935669
18.5204,True,0.000000,0.000000,0.000000,0.000000,0.000000,0.000000,-1.420849,-1.783952,1.303770,1.652053,-1.420849,-1.783952,1.303770,1.651970,0.000000,0.000000,0.000000,0.000000,0.000000,0.000000,0.000000,0.000000,-1167.619141,166.847092,995.560974,1220.935669
18.5404,True,0.000000,0.000000,0.000000,0.000000,0.000000,0.000000,-1.420849,-1.783952,1.303770,1.652011,-1.420849,-1.783952,1.303770,1.651970,0.000000,0.000000,0.000000,0.000000,0.000000,0.000000,0.000000,0.000000,-1167.619141,166.847092,995.560974,1220.935669
18.5607,True,0.000000,0.000000,0.000000,0.000000,0.000000,0.000000,-1.420631,-1.783952,1.303770,1.651970,-1.420631,-1.783952,1.303770,1.652053,0.000000,0.000000,0.000000,0.000000,0.000000,0.000000,0.000000,0.000000,-1167.619141,166.847092,995.560974,1220.935669
18.5804,True,0.000000,0.000000,0.000000,0.000000,0.000000,0.000000,-1.420849,-1.783952,1.303770,1.651970,-1.420849,-1.783952,1.303770,1.651970,0.000000,0.000000,0.000000,0.000000,0.000000,0.000000,0.000000,0.000000,-1167.619141,166.847092,995.560974,1220.935669
18.6004,True,0.000000,0.000000,0.000000,0.000000,0.000000,0.000000,-1.420425,-1.783952,1.303770,1.652011,-1.420425,-1.783952,1.303408,1.652011,0.000000,0.000000,0.000000,0.000000,0.000000,0.000000,0.000000,0.000000,-1167.619141,166.847092,995.560974,1220.935669
18.6206,True,0.000000,0.000000,0.000000,0.000000,0.000000,0.000000,-1.420631,-1.783952,1.303770,1.651928,-1.420631,-1.783952,1.303770,1.651928,0.000000,0.000000,0.000000,0.000000,0.000000,0.000000,0.000000,0.000000,-1167.619141,166.847092,995.560974,1220.935669
18.6405,True,0.000000,0.000000,0.000000,0.000000,0.000000,0.000000,-1.420643,-1.783952,1.303490,1.652011,-1.421066,-1.783952,1.303770,1.652011,0.000000,0.000000,0.000000,0.000000,0.000000,0.000000,0.000000,0.000000,-1167.619141,166.847092,995.560974,1220.935669
18.6604,True,0.000000,0.000000,0.000000,0.000000,0.000000,0.000000,-1.420849,-1.783952,1.303408,1.651970,-1.420849,-1.783952,1.303770,1.651970,0.000000,0.000000,0.000000,0.000000,0.000000,0.000000,0.000000,0.000000,-1167.619141,166.847092,995.560974,1220.935669
18.6805,True,0.000000,0.000000,0.000000,0.000000,0.000000,0.000000,-1.420425,-1.783952,1.303490,1.652011,-1.420425,-1.783952,1.303490,1.652011,0.000000,0.000000,0.000000,0.000000,0.000000,0.000000,0.000000,0.000000,-1167.619141,166.847092,995.560974,1220.935669
18.7004,True,0.000000,0.000000,0.000000,0.000000,0.000000,0.000000,-1.420849,-1.783952,1.303770,1.651928,-1.420849,-1.783952,1.303770,1.651928,0.000000,0.000000,0.000000,0.000000,0.000000,0.000000,0.000000,0.000000,-1167.619141,166.847092,995.560974,1220.935669
18.7204,True,0.000000,0.000000,0.000000,0.000000,0.000000,0.000000,-1.421066,-1.783952,1.303408,1.651970,-1.421066,-1.783952,1.303770,1.651970,0.000000,0.000000,0.000000,0.000000,0.000000,0.000000,0.000000,0.000000,-1167.619141,166.847092,995.560974,1220.935669
18.7404,True,0.000000,0.000000,0.000000,0.000000,0.000000,0.000000,-1.420207,-1.783952,1.303770,1.652011,-1.420207,-1.783952,1.303770,1.652011,0.000000,0.000000,0.000000,0.000000,0.000000,0.000000,0.000000,0.000000,-1167.619141,166.847092,995.560974,1220.935669
18.7604,True,0.000000,0.000000,0.000000,0.000000,0.000000,0.000000,-1.420425,-1.783952,1.303770,1.652011,-1.420425,-1.783952,1.304051,1.652011,0.000000,0.000000,0.000000,0.000000,0.000000,0.000000,0.000000,0.000000,-1167.619141,166.847092,995.560974,1220.935669
18.7804,True,0.000000,0.000000,0.000000,0.000000,0.000000,0.000000,-1.420849,-1.783952,1.303490,1.652011,-1.420849,-1.783952,1.303490,1.652011,0.000000,0.000000,0.000000,0.000000,0.000000,0.000000,0.000000,0.000000,-1167.619141,166.847092,995.560974,1220.935669
18.8005,True,0.000000,0.000000,0.000000,0.000000,0.000000,0.000000,-1.421066,-1.783952,1.303770,1.652011,-1.421066,-1.783952,1.303770,1.652011,0.000000,0.000000,0.000000,0.000000,0.000000,0.000000,0.000000,0.000000,-1167.619141,166.847092,995.560974,1220.935669
18.8205,True,0.000000,0.000000,0.000000,0.000000,0.000000,0.000000,-1.420849,-1.783952,1.303770,1.652011,-1.420849,-1.783952,1.303408,1.652011,0.000000,0.000000,0.000000,0.000000,0.000000,0.000000,0.000000,0.000000,-1167.619141,166.847092,995.560974,1220.935669
18.8404,True,0.000000,0.000000,0.000000,0.000000,0.000000,0.000000,-1.420849,-1.783952,1.303408,1.652053,-1.420849,-1.783952,1.304133,1.652053,0.000000,0.000000,0.000000,0.000000,0.000000,0.000000,0.000000,0.000000,-1167.619141,166.847092,995.560974,1220.935669
18.8604,True,0.000000,0.000000,0.000000,0.000000,0.000000,0.000000,-1.421066,-1.783952,1.303770,1.652011,-1.421066,-1.783952,1.303770,1.652011,0.000000,0.000000,0.000000,0.000000,0.000000,0.000000,0.000000,0.000000,-1167.619141,166.847092,995.560974,1220.935669
18.8804,True,0.000000,0.000000,0.000000,0.000000,0.000000,0.000000,-1.420207,-1.784101,1.303770,1.651970,-1.420207,-1.784101,1.303770,1.652011,0.000000,0.000000,0.000000,0.000000,0.000000,0.000000,0.000000,0.000000,-1167.619141,166.847092,995.560974,1220.935669
18.9005,True,0.000000,0.000000,0.000000,0.000000,0.000000,0.000000,-1.420849,-1.784101,1.303770,1.652011,-1.420849,-1.784101,1.303770,1.652011,0.000000,0.000000,0.000000,0.000000,0.000000,0.000000,0.000000,0.000000,-1167.619141,166.847092,995.560974,1220.935669
18.9204,True,0.000000,0.000000,0.000000,0.000000,0.000000,0.000000,-1.420425,-1.783656,1.303770,1.652011,-1.420425,-1.783656,1.303770,1.652011,0.000000,0.000000,0.000000,0.000000,0.000000,0.000000,0.000000,0.000000,-1167.619141,166.847092,995.560974,1220.935669
18.9404,True,0.000000,0.000000,0.000000,0.000000,0.000000,0.000000,-1.420425,-1.783804,1.303770,1.652011,-1.420425,-1.783804,1.303770,1.652011,0.000000,0.000000,0.000000,0.000000,0.000000,0.000000,0.000000,0.000000,-1167.619141,166.847092,995.560974,1220.935669
18.9608,True,0.000000,0.000000,0.000000,0.000000,0.000000,0.000000,-1.421066,-1.783804,1.303770,1.652011,-1.421066,-1.783804,1.303770,1.652011,0.000000,0.000000,0.000000,0.000000,0.000000,0.000000,0.000000,0.000000,-1167.619141,166.847092,995.560974,1220.935669
18.9804,True,0.000000,0.000000,0.000000,0.000000,0.000000,0.000000,-1.420425,-1.783804,1.303770,1.652053,-1.420849,-1.783804,1.303770,1.652011,0.000000,0.000000,0.000000,0.000000,0.000000,0.000000,0.000000,0.000000,-1167.619141,166.847092,995.560974,1220.935669
19.0004,True,0.000000,0.000000,0.000000,0.000000,0.000000,0.000000,-1.420849,-1.783804,1.303490,1.651970,-1.420849,-1.783804,1.303490,1.651970,0.000000,0.000000,0.000000,0.000000,0.000000,0.000000,0.000000,0.000000,-1167.619141,166.847092,995.560974,1220.935669
19.0204,True,0.000000,0.000000,0.000000,0.000000,0.000000,0.000000,-1.420849,-1.783804,1.303770,1.652011,-1.420849,-1.783804,1.303770,1.652011,0.000000,0.000000,0.000000,0.000000,0.000000,0.000000,0.000000,0.000000,-1167.619141,166.847092,995.560974,1220.935669
19.0404,True,0.000000,0.000000,0.000000,0.000000,0.000000,0.000000,-1.420631,-1.783303,1.304133,1.652053,-1.420849,-1.783303,1.304133,1.652053,0.000000,0.000000,0.000000,0.000000,0.000000,0.000000,0.000000,0.000000,-1167.619141,166.847092,995.560974,1220.935669
19.0604,True,0.000000,0.000000,0.000000,0.000000,0.000000,0.000000,-1.420849,-1.783303,1.304133,1.652053,-1.420849,-1.783303,1.304133,1.652053,0.000000,0.000000,0.000000,0.000000,0.000000,0.000000,0.000000,0.000000,-1167.619141,166.847092,995.560974,1220.935669
19.0804,True,0.000000,0.000000,0.000000,0.000000,0.000000,0.000000,-1.420849,-1.783303,1.304051,1.651970,-1.420849,-1.783804,1.303490,1.651970,0.000000,0.000000,0.000000,0.000000,0.000000,0.000000,0.000000,0.000000,-1167.619141,166.847092,995.560974,1220.935669
19.1004,True,0.000000,0.000000,0.000000,0.000000,0.000000,0.000000,-1.420631,-1.783804,1.304133,1.651970,-1.420425,-1.783804,1.304133,1.651970,0.000000,0.000000,0.000000,0.000000,0.000000,0.000000,0.000000,0.000000,-1167.619141,166.847092,995.560974,1220.935669
19.1204,True,0.000000,0.000000,0.000000,0.000000,0.000000,0.000000,-1.420207,-1.783804,1.303770,1.652011,-1.420207,-1.783804,1.303770,1.652011,0.000000,0.000000,0.000000,0.000000,0.000000,0.000000,0.000000,0.000000,-1167.619141,166.847092,995.560974,1220.935669
19.1404,True,0.000000,0.000000,0.000000,0.000000,0.000000,0.000000,-1.420849,-1.783804,1.304133,1.652011,-1.420849,-1.783804,1.303770,1.652011,0.000000,0.000000,0.000000,0.000000,0.000000,0.000000,0.000000,0.000000,-1167.619141,166.847092,995.560974,1220.935669
19.1604,True,0.000000,0.000000,0.000000,0.000000,0.000000,0.000000,-1.420425,-1.783804,1.303408,1.651970,-1.421066,-1.783804,1.303408,1.652053,0.000000,0.000000,0.000000,0.000000,0.000000,0.000000,0.000000,0.000000,-1167.619141,166.847092,995.560974,1220.935669
19.1805,True,0.000000,0.000000,0.000000,0.000000,0.000000,0.000000,-1.421066,-1.783656,1.304133,1.652053,-1.421066,-1.783656,1.304133,1.652053,0.000000,0.000000,0.000000,0.000000,0.000000,0.000000,0.000000,0.000000,-1167.619141,166.847092,995.560974,1220.935669
19.2004,True,0.000000,0.000000,0.000000,0.000000,0.000000,0.000000,-1.420849,-1.783656,1.303490,1.651970,-1.420849,-1.783656,1.304133,1.651970,0.000000,0.000000,0.000000,0.000000,0.000000,0.000000,0.000000,0.000000,-1167.619141,166.847092,995.560974,1220.935669
19.2204,True,0.000000,0.000000,0.000000,0.000000,0.000000,0.000000,-1.420643,-1.783804,1.303770,1.652011,-1.420643,-1.783804,1.303770,1.652011,0.000000,0.000000,0.000000,0.000000,0.000000,0.000000,0.000000,0.000000,-1167.619141,166.847092,995.560974,1220.935669
19.2406,True,0.000000,0.000000,0.000000,0.000000,0.000000,0.000000,-1.420425,-1.783804,1.303490,1.652011,-1.420425,-1.783804,1.303490,1.652011,0.000000,0.000000,0.000000,0.000000,0.000000,0.000000,0.000000,0.000000,-1167.619141,166.847092,995.560974,1220.935669
19.2604,True,0.000000,0.000000,0.000000,0.000000,0.000000,0.000000,-1.420425,-1.783804,1.303770,1.651970,-1.420425,-1.783804,1.303770,1.651970,0.000000,0.000000,0.000000,0.000000,0.000000,0.000000,0.000000,0.000000,-1167.619141,166.847092,995.560974,1220.935669
19.2805,True,0.000000,0.000000,0.000000,0.000000,0.000000,0.000000,-1.420425,-1.783804,1.303490,1.651970,-1.420425,-1.783804,1.303490,1.652011,0.000000,0.000000,0.000000,0.000000,0.000000,0.000000,0.000000,0.000000,-1167.619141,166.847092,995.560974,1220.935669
19.3008,True,0.000000,0.000000,0.000000,0.000000,0.000000,0.000000,-1.421066,-1.783952,1.304051,1.651970,-1.421066,-1.783804,1.303770,1.651970,0.000000,0.000000,0.000000,0.000000,0.000000,0.000000,0.000000,0.000000,-1167.619141,166.847092,995.560974,1220.935669
19.3204,True,0.000000,0.000000,0.000000,0.000000,0.000000,0.000000,-1.420425,-1.783952,1.304133,1.652053,-1.420425,-1.783952,1.303770,1.652053,0.000000,0.000000,0.000000,0.000000,0.000000,0.000000,0.000000,0.000000,-1167.619141,166.847092,995.560974,1220.935669
19.3404,True,0.000000,0.000000,0.000000,0.000000,0.000000,0.000000,-1.420849,-1.784101,1.303408,1.652011,-1.420849,-1.784101,1.303408,1.652011,0.000000,0.000000,0.000000,0.000000,0.000000,0.000000,0.000000,0.000000,-1167.619141,166.847092,995.560974,1220.935669
19.3605,True,0.000000,0.000000,0.000000,0.000000,0.000000,0.000000,-1.421066,-1.783303,1.303490,1.652011,-1.421066,-1.783952,1.303770,1.652011,0.000000,0.000000,0.000000,0.000000,0.000000,0.000000,0.000000,0.000000,-1167.619141,166.847092,995.560974,1220.935669
19.3804,True,0.000000,0.000000,0.000000,0.000000,0.000000,0.000000,-1.421066,-1.783804,1.303490,1.652011,-1.421066,-1.783804,1.304133,1.652011,0.000000,0.000000,0.000000,0.000000,0.000000,0.000000,0.000000,0.000000,-1167.619141,166.847092,995.560974,1220.935669
19.4004,True,0.000000,0.000000,0.000000,0.000000,0.000000,0.000000,-1.420643,-1.783452,1.303770,1.652053,-1.420643,-1.783452,1.303770,1.652053,0.000000,0.000000,0.000000,0.000000,0.000000,0.000000,0.000000,0.000000,-1167.619141,166.847092,995.560974,1220.935669
19.4204,True,0.000000,0.000000,0.000000,0.000000,0.000000,0.000000,-1.420849,-1.783952,1.303770,1.652011,-1.420849,-1.783952,1.303770,1.652011,0.000000,0.000000,0.000000,0.000000,0.000000,0.000000,0.000000,0.000000,-1167.619141,166.847092,995.560974,1220.935669
19.4404,True,0.000000,0.000000,0.000000,0.000000,0.000000,0.000000,-1.420849,-1.783952,1.303490,1.652053,-1.420849,-1.783952,1.303490,1.652053,0.000000,0.000000,0.000000,0.000000,0.000000,0.000000,0.000000,0.000000,-1167.619141,166.847092,995.560974,1220.935669
19.4604,True,0.000000,0.000000,0.000000,0.000000,0.000000,0.000000,-1.420849,-1.783804,1.303770,1.652053,-1.420849,-1.783804,1.303770,1.652053,0.000000,0.000000,0.000000,0.000000,0.000000,0.000000,0.000000,0.000000,-1167.619141,166.847092,995.560974,1220.935669
19.4804,True,0.000000,0.000000,0.000000,0.000000,0.000000,0.000000,-1.420849,-1.783452,1.303770,1.652011,-1.420849,-1.783952,1.303770,1.652011,0.000000,0.000000,0.000000,0.000000,0.000000,0.000000,0.000000,0.000000,-1167.619141,166.847092,995.560974,1220.935669
19.5004,True,0.000000,0.000000,0.000000,0.000000,0.000000,0.000000,-1.420849,-1.783952,1.303770,1.652011,-1.420849,-1.783952,1.303770,1.652011,0.000000,0.000000,0.000000,0.000000,0.000000,0.000000,0.000000,0.000000,-1167.619141,166.847092,995.560974,1220.935669
19.5204,True,0.000000,0.000000,0.000000,0.000000,0.000000,0.000000,-1.420849,-1.783952,1.304051,1.652053,-1.420849,-1.783952,1.304051,1.652053,0.000000,0.000000,0.000000,0.000000,0.000000,0.000000,0.000000,0.000000,-1167.619141,166.847092,995.560974,1220.935669
19.5404,True,0.000000,0.000000,0.000000,0.000000,0.000000,0.000000,-1.420849,-1.783952,1.304051,1.652053,-1.420849,-1.783952,1.304051,1.652053,0.000000,0.000000,0.000000,0.000000,0.000000,0.000000,0.000000,0.000000,-1167.619141,166.847092,995.560974,1220.935669
19.5604,True,0.000000,0.000000,0.000000,0.000000,0.000000,0.000000,-1.420849,-1.783952,1.304051,1.652053,-1.420849,-1.783952,1.304051,1.652053,0.000000,0.000000,0.000000,0.000000,0.000000,0.000000,0.000000,0.000000,-1167.619141,166.847092,995.560974,1220.935669
19.5804,True,0.000000,0.000000,0.000000,0.000000,0.000000,0.000000,-1.420849,-1.783952,1.304051,1.652011,-1.420849,-1.783952,1.304051,1.652011,0.000000,0.000000,0.000000,0.000000,0.000000,0.000000,0.000000,0.000000,-1167.619141,166.847092,995.560974,1220.935669
19.6005,True,0.000000,0.000000,0.000000,0.000000,0.000000,0.000000,-1.420849,-1.783952,1.303770,1.651970,-1.420849,-1.783952,1.303770,1.651970,0.000000,0.000000,0.000000,0.000000,0.000000,0.000000,0.000000,0.000000,-1167.619141,166.847092,995.560974,1220.935669
19.6204,True,0.000000,0.000000,0.000000,0.000000,0.000000,0.000000,-1.420849,-1.783952,1.303770,1.651970,-1.420849,-1.783952,1.303770,1.651970,0.000000,0.000000,0.000000,0.000000,0.000000,0.000000,0.000000,0.000000,-1167.619141,166.847092,995.560974,1220.935669
19.6404,True,0.000000,0.000000,0.000000,0.000000,0.000000,0.000000,-1.420849,-1.783303,1.303770,1.651970,-1.420849,-1.783303,1.303770,1.651970,0.000000,0.000000,0.000000,0.000000,0.000000,0.000000,0.000000,0.000000,-1167.619141,166.847092,995.560974,1220.935669
19.6604,True,0.000000,0.000000,0.000000,0.000000,0.000000,0.000000,-1.420849,-1.783303,1.303770,1.651970,-1.420849,-1.783303,1.303770,1.651970,0.000000,0.000000,0.000000,0.000000,0.000000,0.000000,0.000000,0.000000,-1167.619141,166.847092,995.560974,1220.935669
19.6805,True,0.000000,0.000000,0.000000,0.000000,0.000000,0.000000,-1.420849,-1.784101,1.303770,1.652011,-1.420849,-1.783952,1.303770,1.652011,0.000000,0.000000,0.000000,0.000000,0.000000,0.000000,0.000000,0.000000,-1167.619141,166.847092,995.560974,1220.935669
19.7004,True,0.000000,0.000000,0.000000,0.000000,0.000000,0.000000,-1.420849,-1.783804,1.303770,1.652011,-1.420849,-1.783804,1.303770,1.652011,0.000000,0.000000,0.000000,0.000000,0.000000,0.000000,0.000000,0.000000,-1167.619141,166.847092,995.560974,1220.935669
19.7204,True,0.000000,0.000000,0.000000,0.000000,0.000000,0.000000,-1.420849,-1.783303,1.304051,1.652053,-1.420849,-1.783303,1.304051,1.652053,0.000000,0.000000,0.000000,0.000000,0.000000,0.000000,0.000000,0.000000,-1167.619141,166.847092,995.560974,1220.935669
19.7405,True,0.000000,0.000000,0.000000,0.000000,0.000000,0.000000,-1.420849,-1.783303,1.304051,1.652053,-1.420849,-1.783303,1.304051,1.652053,0.000000,0.000000,0.000000,0.000000,0.000000,0.000000,0.000000,0.000000,-1167.619141,166.847092,995.560974,1220.935669
19.7606,True,0.000000,0.000000,0.000000,0.000000,0.000000,0.000000,-1.420849,-1.783303,1.303770,1.652011,-1.420849,-1.783303,1.303770,1.652011,0.000000,0.000000,0.000000,0.000000,0.000000,0.000000,0.000000,0.000000,-1167.619141,166.847092,995.560974,1220.935669
19.7804,True,0.000000,0.000000,0.000000,0.000000,0.000000,0.000000,-1.420849,-1.783804,1.304051,1.652053,-1.420849,-1.783804,1.304051,1.652053,0.000000,0.000000,0.000000,0.000000,0.000000,0.000000,0.000000,0.000000,-1167.619141,166.847092,995.560974,1220.935669
19.8004,True,0.000000,0.000000,0.000000,0.000000,0.000000,0.000000,-1.420849,-1.783952,1.304051,1.652053,-1.420849,-1.783303,1.304051,1.652053,0.000000,0.000000,0.000000,0.000000,0.000000,0.000000,0.000000,0.000000,-1167.619141,166.847092,995.560974,1220.935669
19.8222,True,0.000000,0.000000,0.000000,0.000000,0.000000,0.000000,-1.420849,-1.783804,1.303770,1.652053,-1.420849,-1.783804,1.303770,1.652053,0.000000,0.000000,0.000000,0.000000,0.000000,0.000000,0.000000,0.000000,-1167.619141,166.847092,995.560974,1220.935669
19.8405,True,0.000000,0.000000,0.000000,0.000000,0.000000,0.000000,-1.420849,-1.783804,1.304051,1.652011,-1.420849,-1.783303,1.304051,1.652011,0.000000,0.000000,0.000000,0.000000,0.000000,0.000000,0.000000,0.000000,-1167.619141,166.847092,995.560974,1220.935669
19.8604,True,0.000000,0.000000,0.000000,0.000000,0.000000,0.000000,-1.420849,-1.783804,1.303408,1.651970,-1.420849,-1.783804,1.303408,1.651970,0.000000,0.000000,0.000000,0.000000,0.000000,0.000000,0.000000,0.000000,-1167.619141,166.847092,995.560974,1220.935669
19.8806,True,0.000000,0.000000,0.000000,0.000000,0.000000,0.000000,-1.420425,-1.783804,1.303770,1.651970,-1.420425,-1.783804,1.303770,1.651970,0.000000,0.000000,0.000000,0.000000,0.000000,0.000000,0.000000,0.000000,-1167.619141,166.847092,995.560974,1220.935669
19.9004,True,0.000000,0.000000,0.000000,0.000000,0.000000,0.000000,-1.420849,-1.783804,1.303770,1.651970,-1.420425,-1.783804,1.303770,1.651970,0.000000,0.000000,0.000000,0.000000,0.000000,0.000000,0.000000,0.000000,-1167.619141,166.847092,995.560974,1220.935669
19.9204,True,0.000000,0.000000,0.000000,0.000000,0.000000,0.000000,-1.420849,-1.783804,1.303770,1.651970,-1.421066,-1.783804,1.303770,1.651970,0.000000,0.000000,0.000000,0.000000,0.000000,0.000000,0.000000,0.000000,-1167.619141,166.847092,995.560974,1220.935669
19.9405,True,0.000000,0.000000,0.000000,0.000000,0.000000,0.000000,-1.421078,-1.783804,1.303770,1.651970,-1.421078,-1.783804,1.303770,1.651970,0.000000,0.000000,0.000000,0.000000,0.000000,0.000000,0.000000,0.000000,-1167.619141,166.847092,995.560974,1220.935669
19.9604,True,0.000000,0.000000,0.000000,0.000000,0.000000,0.000000,-1.421066,-1.783804,1.304051,1.651970,-1.421066,-1.783804,1.304051,1.651970,0.000000,0.000000,0.000000,0.000000,0.000000,0.000000,0.000000,0.000000,-1167.619141,166.847092,995.560974,1220.935669
19.9804,True,0.000000,0.000000,0.000000,0.000000,0.000000,0.000000,-1.420425,-1.783804,1.304051,1.651970,-1.420425,-1.783804,1.304051,1.651970,0.000000,0.000000,0.000000,0.000000,0.000000,0.000000,0.000000,0.000000,-1167.619141,166.847092,995.560974,1220.935669
20.0004,True,0.000000,0.000000,0.000000,0.000000,0.000000,0.000000,-1.420425,-1.783303,1.303688,1.651970,-1.420425,-1.783804,1.303770,1.651970,0.000000,0.000000,0.000000,0.000000,0.000000,0.000000,0.000000,0.000000,-1167.619141,166.847092,995.560974,1220.935669
20.0204,True,0.000000,0.000000,0.000000,0.000000,0.000000,0.000000,-1.420849,-1.783804,1.303408,1.651970,-1.420849,-1.783804,1.303408,1.651970,0.000000,0.000000,0.000000,0.000000,0.000000,0.000000,0.000000,0.000000,-1167.619141,166.847092,995.560974,1220.935669
20.0404,True,0.000000,0.000000,0.000000,0.000000,0.000000,0.000000,-1.420643,-1.783804,1.303408,1.651970,-1.420643,-1.783804,1.303408,1.651970,0.000000,0.000000,0.000000,0.000000,0.000000,0.000000,0.000000,0.000000,-1167.619141,166.847092,995.560974,1220.935669
20.0604,True,0.000000,0.000000,0.000000,0.000000,0.000000,0.000000,-1.420425,-1.783952,1.303770,1.651970,-1.420425,-1.783952,1.303408,1.651970,0.000000,0.000000,0.000000,0.000000,0.000000,0.000000,0.000000,0.000000,-1167.619141,166.847092,995.560974,1220.935669
20.0804,True,0.000000,0.000000,0.000000,0.000000,0.000000,0.000000,-1.420849,-1.783804,1.303770,1.651970,-1.421066,-1.783804,1.303408,1.651970,0.000000,0.000000,0.000000,0.000000,0.000000,0.000000,0.000000,0.000000,-1167.619141,166.847092,995.560974,1220.935669
20.1006,True,0.000000,0.000000,0.000000,0.000000,0.000000,0.000000,-1.420849,-1.783952,1.303770,1.651970,-1.420643,-1.783952,1.303770,1.651970,0.000000,0.000000,0.000000,0.000000,0.000000,0.000000,0.000000,0.000000,-1167.619141,166.847092,995.560974,1220.935669
20.1204,True,0.000000,0.000000,0.000000,0.000000,0.000000,0.000000,-1.420425,-1.783804,1.303770,1.651970,-1.420643,-1.783804,1.303408,1.651970,0.000000,0.000000,0.000000,0.000000,0.000000,0.000000,0.000000,0.000000,-1167.619141,166.847092,995.560974,1220.935669
20.1404,True,0.000000,0.000000,0.000000,0.000000,0.000000,0.000000,-1.420425,-1.783804,1.304051,1.651970,-1.420425,-1.783804,1.303408,1.651970,0.000000,0.000000,0.000000,0.000000,0.000000,0.000000,0.000000,0.000000,-1167.619141,166.847092,995.560974,1220.935669
20.1604,True,0.000000,0.000000,0.000000,0.000000,0.000000,0.000000,-1.420643,-1.783155,1.304051,1.651970,-1.420643,-1.783155,1.304051,1.651970,0.000000,0.000000,0.000000,0.000000,0.000000,0.000000,0.000000,0.000000,-1167.619141,166.847092,995.560974,1220.935669
20.1804,True,0.000000,0.000000,0.000000,0.000000,0.000000,0.000000,-1.420425,-1.783952,1.303408,1.651970,-1.420425,-1.783804,1.304051,1.651970,0.000000,0.000000,0.000000,0.000000,0.000000,0.000000,0.000000,0.000000,-1167.619141,166.847092,995.560974,1220.935669
20.2004,True,0.000000,0.000000,0.000000,0.000000,0.000000,0.000000,-1.420643,-1.783303,1.304051,1.651970,-1.420643,-1.783303,1.304051,1.651970,0.000000,0.000000,0.000000,0.000000,0.000000,0.000000,0.000000,0.000000,-1167.619141,166.847092,995.560974,1220.935669
20.2204,True,0.000000,0.000000,0.000000,0.000000,0.000000,0.000000,-1.420643,-1.783952,1.303770,1.651970,-1.420643,-1.783952,1.303770,1.651970,0.000000,0.000000,0.000000,0.000000,0.000000,0.000000,0.000000,0.000000,-1167.619141,166.847092,995.560974,1220.935669
20.2404,True,0.000000,0.000000,0.000000,0.000000,0.000000,0.000000,-1.420643,-1.783804,1.304051,1.651970,-1.421284,-1.783952,1.303688,1.651970,0.000000,0.000000,0.000000,0.000000,0.000000,0.000000,0.000000,0.000000,-1167.619141,166.847092,995.560974,1220.935669
20.2604,True,0.000000,0.000000,0.000000,0.000000,0.000000,0.000000,-1.420643,-1.783155,1.304051,1.651970,-1.420643,-1.783155,1.304051,1.651970,0.000000,0.000000,0.000000,0.000000,0.000000,0.000000,0.000000,0.000000,-1167.619141,166.847092,995.560974,1220.935669
20.2804,True,0.000000,0.000000,0.000000,0.000000,0.000000,0.000000,-1.420643,-1.783804,1.303688,1.651970,-1.420643,-1.783804,1.303688,1.651970,0.000000,0.000000,0.000000,0.000000,0.000000,0.000000,0.000000,0.000000,-1167.619141,166.847092,995.560974,1220.935669
20.3004,True,0.000000,0.000000,0.000000,0.000000,0.000000,0.000000,-1.420643,-1.783656,1.304051,1.651970,-1.420643,-1.783656,1.304051,1.651970,0.000000,0.000000,0.000000,0.000000,0.000000,0.000000,0.000000,0.000000,-1167.619141,166.847092,995.560974,1220.935669
20.3205,True,0.000000,0.000000,0.000000,0.000000,0.000000,0.000000,-1.420425,-1.783656,1.304051,1.651970,-1.420425,-1.783656,1.304051,1.651970,0.000000,0.000000,0.000000,0.000000,0.000000,0.000000,0.000000,0.000000,-1167.619141,166.847092,995.560974,1220.935669
20.3404,True,0.000000,0.000000,0.000000,0.000000,0.000000,0.000000,-1.420643,-1.783804,1.303688,1.651970,-1.420643,-1.783804,1.304051,1.651970,0.000000,0.000000,0.000000,0.000000,0.000000,0.000000,0.000000,0.000000,-1167.619141,166.847092,995.560974,1220.935669
20.3604,True,0.000000,0.000000,0.000000,0.000000,0.000000,0.000000,-1.420643,-1.783452,1.304051,1.651970,-1.420643,-1.783452,1.304051,1.651970,0.000000,0.000000,0.000000,0.000000,0.000000,0.000000,0.000000,0.000000,-1167.619141,166.847092,995.560974,1220.935669
20.3804,True,0.000000,0.000000,0.000000,0.000000,0.000000,0.000000,-1.420425,-1.783303,1.303688,1.651970,-1.420425,-1.783303,1.303688,1.651970,0.000000,0.000000,0.000000,0.000000,0.000000,0.000000,0.000000,0.000000,-1167.619141,166.847092,995.560974,1220.935669
20.4004,True,0.000000,0.000000,0.000000,0.000000,0.000000,0.000000,-1.420425,-1.783804,1.304051,1.651970,-1.420425,-1.783804,1.304051,1.651970,0.000000,0.000000,0.000000,0.000000,0.000000,0.000000,0.000000,0.000000,-1167.619141,166.847092,995.560974,1220.935669
20.4204,True,0.000000,0.000000,0.000000,0.000000,0.000000,0.000000,-1.420643,-1.783804,1.304051,1.652011,-1.420643,-1.783804,1.304051,1.652011,0.000000,0.000000,0.000000,0.000000,0.000000,0.000000,0.000000,0.000000,-1167.619141,166.847092,995.560974,1220.935669
20.4405,True,0.000000,0.000000,0.000000,0.000000,0.000000,0.000000,-1.420849,-1.783804,1.304051,1.652011,-1.420849,-1.783804,1.304051,1.652011,0.000000,0.000000,0.000000,0.000000,0.000000,0.000000,0.000000,0.000000,-1167.619141,166.847092,995.560974,1220.935669
20.4604,True,0.000000,0.000000,0.000000,0.000000,0.000000,0.000000,-1.420643,-1.783804,1.304051,1.651970,-1.420643,-1.783804,1.304051,1.651970,0.000000,0.000000,0.000000,0.000000,0.000000,0.000000,0.000000,0.000000,-1167.619141,166.847092,995.560974,1220.935669
20.4804,True,0.000000,0.000000,0.000000,0.000000,0.000000,0.000000,-1.420643,-1.783804,1.304051,1.651970,-1.420643,-1.783804,1.304051,1.651970,0.000000,0.000000,0.000000,0.000000,0.000000,0.000000,0.000000,0.000000,-1167.619141,166.847092,995.560974,1220.935669
20.5004,True,0.000000,0.000000,0.000000,0.000000,0.000000,0.000000,-1.420425,-1.783804,1.304051,1.652011,-1.420425,-1.783804,1.304051,1.652011,0.000000,0.000000,0.000000,0.000000,0.000000,0.000000,0.000000,0.000000,-1167.619141,166.847092,995.560974,1220.935669
20.5204,True,0.000000,0.000000,0.000000,0.000000,0.000000,0.000000,-1.420425,-1.783804,1.304051,1.652053,-1.420643,-1.783804,1.304051,1.652011,0.000000,0.000000,0.000000,0.000000,0.000000,0.000000,0.000000,0.000000,-1167.619141,166.847092,995.560974,1220.935669
20.5404,True,0.000000,0.000000,0.000000,0.000000,0.000000,0.000000,-1.420643,-1.783804,1.304051,1.652011,-1.420643,-1.783804,1.303688,1.652011,0.000000,0.000000,0.000000,0.000000,0.000000,0.000000,0.000000,0.000000,-1167.619141,166.847092,995.560974,1220.935669
20.5604,True,0.000000,0.000000,0.000000,0.000000,0.000000,0.000000,-1.420425,-1.783804,1.303408,1.652053,-1.420849,-1.783804,1.303770,1.652053,0.000000,0.000000,0.000000,0.000000,0.000000,0.000000,0.000000,0.000000,-1167.619141,166.847092,995.560974,1220.935669
20.5804,True,0.000000,0.000000,0.000000,0.000000,0.000000,0.000000,-1.420425,-1.783804,1.303770,1.651970,-1.420643,-1.783804,1.303770,1.651970,0.000000,0.000000,0.000000,0.000000,0.000000,0.000000,0.000000,0.000000,-1167.619141,166.847092,995.560974,1220.935669
20.6004,True,0.000000,0.000000,0.000000,0.000000,0.000000,0.000000,-1.420425,-1.783804,1.303770,1.652011,-1.420425,-1.783804,1.303770,1.652011,0.000000,0.000000,0.000000,0.000000,0.000000,0.000000,0.000000,0.000000,-1167.619141,166.847092,995.560974,1220.935669
20.6205,True,0.000000,0.000000,0.000000,0.000000,0.000000,0.000000,-1.420425,-1.783804,1.303408,1.652011,-1.420425,-1.783804,1.303408,1.652011,0.000000,0.000000,0.000000,0.000000,0.000000,0.000000,0.000000,0.000000,-1167.619141,166.847092,995.560974,1220.935669
20.6407,True,0.000000,0.000000,0.000000,0.000000,0.000000,0.000000,-1.420425,-1.783804,1.303770,1.652011,-1.420425,-1.783804,1.303770,1.652011,0.000000,0.000000,0.000000,0.000000,0.000000,0.000000,0.000000,0.000000,-1167.619141,166.847092,995.560974,1220.935669
20.6604,True,0.000000,0.000000,0.000000,0.000000,0.000000,0.000000,-1.420643,-1.783804,1.303770,1.652011,-1.420643,-1.783804,1.303770,1.652011,0.000000,0.000000,0.000000,0.000000,0.000000,0.000000,0.000000,0.000000,-1167.619141,166.847092,995.560974,1220.935669
20.6804,True,0.000000,0.000000,0.000000,0.000000,0.000000,0.000000,-1.420643,-1.783804,1.304133,1.652053,-1.420643,-1.783804,1.303770,1.652053,0.000000,0.000000,0.000000,0.000000,0.000000,0.000000,0.000000,0.000000,-1167.619141,166.847092,995.560974,1220.935669
20.7004,True,0.000000,0.000000,0.000000,0.000000,0.000000,0.000000,-1.420643,-1.783804,1.303770,1.652011,-1.420643,-1.783804,1.303770,1.652011,0.000000,0.000000,0.000000,0.000000,0.000000,0.000000,0.000000,0.000000,-1167.619141,166.847092,995.560974,1220.935669
20.7204,True,0.000000,0.000000,0.000000,0.000000,0.000000,0.000000,-1.420643,-1.783804,1.303770,1.652011,-1.420643,-1.783804,1.303770,1.652011,0.000000,0.000000,0.000000,0.000000,0.000000,0.000000,0.000000,0.000000,-1167.619141,166.847092,995.560974,1220.935669
20.7404,True,0.000000,0.000000,0.000000,0.000000,0.000000,0.000000,-1.420425,-1.783804,1.303770,1.652011,-1.420425,-1.783804,1.303770,1.652011,0.000000,0.000000,0.000000,0.000000,0.000000,0.000000,0.000000,0.000000,-1167.619141,166.847092,995.560974,1220.935669
20.7604,True,0.000000,0.000000,0.000000,0.000000,0.000000,0.000000,-1.420425,-1.783804,1.303770,1.652011,-1.420425,-1.783804,1.303770,1.652011,0.000000,0.000000,0.000000,0.000000,0.000000,0.000000,0.000000,0.000000,-1167.619141,166.847092,995.560974,1220.935669
20.7804,True,0.000000,0.000000,0.000000,0.000000,0.000000,0.000000,-1.420425,-1.783804,1.303770,1.652011,-1.420425,-1.783804,1.303770,1.652011,0.000000,0.000000,0.000000,0.000000,0.000000,0.000000,0.000000,0.000000,-1167.619141,166.847092,995.560974,1220.935669
20.8004,True,0.000000,0.000000,0.000000,0.000000,0.000000,0.000000,-1.420643,-1.783804,1.303770,1.652053,-1.420643,-1.783804,1.303490,1.652053,0.000000,0.000000,0.000000,0.000000,0.000000,0.000000,0.000000,0.000000,-1167.619141,166.847092,995.560974,1220.935669
20.8205,True,0.000000,0.000000,0.000000,0.000000,0.000000,0.000000,-1.420643,-1.783804,1.304133,1.652053,-1.420643,-1.783804,1.303770,1.652053,0.000000,0.000000,0.000000,0.000000,0.000000,0.000000,0.000000,0.000000,-1167.619141,166.847092,995.560974,1220.935669
20.8404,True,0.000000,0.000000,0.000000,0.000000,0.000000,0.000000,-1.420425,-1.783804,1.303770,1.652011,-1.420425,-1.783804,1.303770,1.652011,0.000000,0.000000,0.000000,0.000000,0.000000,0.000000,0.000000,0.000000,-1167.619141,166.847092,995.560974,1220.935669
20.8604,True,0.000000,0.000000,0.000000,0.000000,0.000000,0.000000,-1.420643,-1.783804,1.303408,1.652011,-1.420643,-1.783804,1.303770,1.652011,0.000000,0.000000,0.000000,0.000000,0.000000,0.000000,0.000000,0.000000,-1167.619141,166.847092,995.560974,1220.935669
20.8804,True,0.000000,0.000000,0.000000,0.000000,0.000000,0.000000,-1.420643,-1.783804,1.303770,1.652011,-1.420643,-1.783804,1.303770,1.652011,0.000000,0.000000,0.000000,0.000000,0.000000,0.000000,0.000000,0.000000,-1167.619141,166.847092,995.560974,1220.935669
20.9004,True,0.000000,0.000000,0.000000,0.000000,0.000000,0.000000,-1.420860,-1.783804,1.303770,1.651970,-1.420860,-1.783804,1.303770,1.651970,0.000000,0.000000,0.000000,0.000000,0.000000,0.000000,0.000000,0.000000,-1167.619141,166.847092,995.560974,1220.935669
20.9204,True,0.000000,0.000000,0.000000,0.000000,0.000000,0.000000,-1.420643,-1.783804,1.304051,1.652011,-1.420643,-1.783804,1.304051,1.652011,0.000000,0.000000,0.000000,0.000000,0.000000,0.000000,0.000000,0.000000,-1167.619141,166.847092,995.560974,1220.935669
20.9404,True,0.000000,0.000000,0.000000,0.000000,0.000000,0.000000,-1.420643,-1.783804,1.303408,1.651970,-1.420643,-1.783804,1.303408,1.651970,0.000000,0.000000,0.000000,0.000000,0.000000,0.000000,0.000000,0.000000,-1167.619141,166.847092,995.560974,1220.935669
20.9604,True,0.000000,0.000000,0.000000,0.000000,0.000000,0.000000,-1.420425,-1.783804,1.303688,1.652053,-1.420425,-1.783804,1.304051,1.652053,0.000000,0.000000,0.000000,0.000000,0.000000,0.000000,0.000000,0.000000,-1167.619141,166.847092,995.560974,1220.935669
20.9804,True,0.000000,0.000000,0.000000,0.000000,0.000000,0.000000,-1.420425,-1.783952,1.304051,1.652011,-1.420425,-1.783952,1.304051,1.652011,0.000000,0.000000,0.000000,0.000000,0.000000,0.000000,0.000000,0.000000,-1167.619141,166.847092,995.560974,1220.935669
21.0004,True,0.000000,0.000000,0.000000,0.000000,0.000000,0.000000,-1.421066,-1.783952,1.304051,1.652011,-1.421066,-1.783952,1.303408,1.652011,0.000000,0.000000,0.000000,0.000000,0.000000,0.000000,0.000000,0.000000,-1167.619141,166.847092,995.560974,1220.935669
21.0204,True,0.000000,0.000000,0.000000,0.000000,0.000000,0.000000,-1.420849,-1.783952,1.303770,1.652011,-1.420425,-1.783952,1.303770,1.652011,0.000000,0.000000,0.000000,0.000000,0.000000,0.000000,0.000000,0.000000,-1167.619141,166.847092,995.560974,1220.935669
21.0404,True,0.000000,0.000000,0.000000,0.000000,0.000000,0.000000,-1.420425,-1.783952,1.304051,1.652011,-1.420425,-1.783952,1.304051,1.652011,0.000000,0.000000,0.000000,0.000000,0.000000,0.000000,0.000000,0.000000,-1167.619141,166.847092,995.560974,1220.935669
21.0604,True,0.000000,0.000000,0.000000,0.000000,0.000000,0.000000,-1.420425,-1.783804,1.304051,1.652011,-1.420425,-1.783952,1.303688,1.652011,0.000000,0.000000,0.000000,0.000000,0.000000,0.000000,0.000000,0.000000,-1167.619141,166.847092,995.560974,1220.935669
21.0804,True,0.000000,0.000000,0.000000,0.000000,0.000000,0.000000,-1.420643,-1.783952,1.304051,1.651970,-1.420643,-1.783952,1.303688,1.652011,0.000000,0.000000,0.000000,0.000000,0.000000,0.000000,0.000000,0.000000,-1167.619141,166.847092,995.560974,1220.935669
21.1004,True,0.000000,0.000000,0.000000,0.000000,0.000000,0.000000,-1.420860,-1.783804,1.304051,1.652011,-1.420860,-1.783804,1.304051,1.652011,0.000000,0.000000,0.000000,0.000000,0.000000,0.000000,0.000000,0.000000,-1167.619141,166.847092,995.560974,1220.935669
21.1204,True,0.000000,0.000000,0.000000,0.000000,0.000000,0.000000,-1.420643,-1.783804,1.303688,1.652053,-1.420643,-1.783804,1.303770,1.652053,0.000000,0.000000,0.000000,0.000000,0.000000,0.000000,0.000000,0.000000,-1167.619141,166.847092,995.560974,1220.935669
21.1404,True,0.000000,0.000000,0.000000,0.000000,0.000000,0.000000,-1.420643,-1.783303,1.304051,1.652011,-1.420643,-1.783952,1.304051,1.652011,0.000000,0.000000,0.000000,0.000000,0.000000,0.000000,0.000000,0.000000,-1167.619141,166.847092,995.560974,1220.935669
21.1606,True,0.000000,0.000000,0.000000,0.000000,0.000000,0.000000,-1.420643,-1.783804,1.303408,1.652011,-1.420643,-1.783804,1.303770,1.651928,0.000000,0.000000,0.000000,0.000000,0.000000,0.000000,0.000000,0.000000,-1167.619141,166.847092,995.560974,1220.935669
21.1804,True,0.000000,0.000000,0.000000,0.000000,0.000000,0.000000,-1.420643,-1.783804,1.303688,1.651928,-1.420643,-1.783804,1.303770,1.651928,0.000000,0.000000,0.000000,0.000000,0.000000,0.000000,0.000000,0.000000,-1167.619141,166.847092,995.560974,1220.935669
21.2004,True,0.000000,0.000000,0.000000,0.000000,0.000000,0.000000,-1.420425,-1.783303,1.303408,1.651970,-1.420425,-1.783303,1.303408,1.651970,0.000000,0.000000,0.000000,0.000000,0.000000,0.000000,0.000000,0.000000,-1167.619141,166.847092,995.560974,1220.935669
21.2204,True,0.000000,0.000000,0.000000,0.000000,0.000000,0.000000,-1.420425,-1.783804,1.304051,1.651928,-1.420425,-1.783804,1.304051,1.651928,0.000000,0.000000,0.000000,0.000000,0.000000,0.000000,0.000000,0.000000,-1167.619141,166.847092,995.560974,1220.935669
21.2404,True,0.000000,0.000000,0.000000,0.000000,0.000000,0.000000,-1.420643,-1.783952,1.303408,1.651970,-1.420425,-1.783804,1.303770,1.651970,0.000000,0.000000,0.000000,0.000000,0.000000,0.000000,0.000000,0.000000,-1167.619141,166.847092,995.560974,1220.935669
21.2604,True,0.000000,0.000000,0.000000,0.000000,0.000000,0.000000,-1.420207,-1.783952,1.303408,1.652011,-1.420207,-1.783952,1.303408,1.652011,0.000000,0.000000,0.000000,0.000000,0.000000,0.000000,0.000000,0.000000,-1167.619141,166.847092,995.560974,1220.935669
21.2804,True,0.000000,0.000000,0.000000,0.000000,0.000000,0.000000,-1.420643,-1.783952,1.304051,1.652011,-1.420643,-1.783952,1.304051,1.652011,0.000000,0.000000,0.000000,0.000000,0.000000,0.000000,0.000000,0.000000,-1167.619141,166.847092,995.560974,1220.935669
21.3004,True,0.000000,0.000000,0.000000,0.000000,0.000000,0.000000,-1.420643,-1.783952,1.303408,1.652011,-1.420643,-1.783952,1.303408,1.652011,0.000000,0.000000,0.000000,0.000000,0.000000,0.000000,0.000000,0.000000,-1167.619141,166.847092,995.560974,1220.935669
21.3204,True,0.000000,0.000000,0.000000,0.000000,0.000000,0.000000,-1.420643,-1.783952,1.303408,1.652011,-1.420643,-1.783952,1.303408,1.652011,0.000000,0.000000,0.000000,0.000000,0.000000,0.000000,0.000000,0.000000,-1167.619141,166.847092,995.560974,1220.935669
21.3404,True,0.000000,0.000000,0.000000,0.000000,0.000000,0.000000,-1.420425,-1.783952,1.303408,1.651970,-1.420425,-1.783952,1.303408,1.652053,0.000000,0.000000,0.000000,0.000000,0.000000,0.000000,0.000000,0.000000,-1167.619141,166.847092,995.560974,1220.935669
21.3604,True,0.000000,0.000000,0.000000,0.000000,0.000000,0.000000,-1.420425,-1.783952,1.303408,1.651970,-1.420425,-1.783952,1.304051,1.651970,0.000000,0.000000,0.000000,0.000000,0.000000,0.000000,0.000000,0.000000,-1167.619141,166.847092,995.560974,1220.935669
21.3804,True,0.000000,0.000000,0.000000,0.000000,0.000000,0.000000,-1.420643,-1.783952,1.304133,1.652011,-1.420643,-1.783952,1.304133,1.652011,0.000000,0.000000,0.000000,0.000000,0.000000,0.000000,0.000000,0.000000,-1167.619141,166.847092,995.560974,1220.935669
21.4004,True,0.000000,0.000000,0.000000,0.000000,0.000000,0.000000,-1.420643,-1.783804,1.303770,1.652053,-1.420643,-1.783952,1.303770,1.652053,0.000000,0.000000,0.000000,0.000000,0.000000,0.000000,0.000000,0.000000,-1167.619141,166.847092,995.560974,1220.935669
21.4204,True,0.000000,0.000000,0.000000,0.000000,0.000000,0.000000,-1.420643,-1.783952,1.303408,1.652011,-1.420643,-1.783452,1.303408,1.652011,0.000000,0.000000,0.000000,0.000000,0.000000,0.000000,0.000000,0.000000,-1167.619141,166.847092,995.560974,1220.935669
21.4404,True,0.000000,0.000000,0.000000,0.000000,0.000000,0.000000,-1.420425,-1.783303,1.304051,1.652053,-1.420425,-1.783452,1.303770,1.652053,0.000000,0.000000,0.000000,0.000000,0.000000,0.000000,0.000000,0.000000,-1167.619141,166.847092,995.560974,1220.935669
21.4604,True,0.000000,0.000000,0.000000,0.000000,0.000000,0.000000,-1.420643,-1.783952,1.303408,1.652011,-1.420643,-1.783952,1.303408,1.652011,0.000000,0.000000,0.000000,0.000000,0.000000,0.000000,0.000000,0.000000,-1167.619141,166.847092,995.560974,1220.935669
21.4804,True,0.000000,0.000000,0.000000,0.000000,0.000000,0.000000,-1.420643,-1.783952,1.303408,1.652011,-1.420643,-1.783952,1.303408,1.652011,0.000000,0.000000,0.000000,0.000000,0.000000,0.000000,0.000000,0.000000,-1167.619141,166.847092,995.560974,1220.935669
21.5004,True,0.000000,0.000000,0.000000,0.000000,0.000000,0.000000,-1.420425,-1.783952,1.303408,1.651970,-1.420425,-1.783952,1.303408,1.651970,0.000000,0.000000,0.000000,0.000000,0.000000,0.000000,0.000000,0.000000,-1167.619141,166.847092,995.560974,1220.935669
21.5204,True,0.000000,0.000000,0.000000,0.000000,0.000000,0.000000,-1.421066,-1.783952,1.303408,1.651970,-1.421066,-1.783952,1.303770,1.651970,0.000000,0.000000,0.000000,0.000000,0.000000,0.000000,0.000000,0.000000,-1167.619141,166.847092,995.560974,1220.935669
21.5404,True,0.000000,0.000000,0.000000,0.000000,0.000000,0.000000,-1.420425,-1.783952,1.303770,1.652011,-1.420425,-1.783952,1.303770,1.652011,0.000000,0.000000,0.000000,0.000000,0.000000,0.000000,0.000000,0.000000,-1167.619141,166.847092,995.560974,1220.935669
21.5604,True,0.000000,0.000000,0.000000,0.000000,0.000000,0.000000,-1.421066,-1.783952,1.303770,1.652011,-1.421066,-1.783952,1.303770,1.652011,0.000000,0.000000,0.000000,0.000000,0.000000,0.000000,0.000000,0.000000,-1167.619141,166.847092,995.560974,1220.935669
21.5804,True,0.000000,0.000000,0.000000,0.000000,0.000000,0.000000,-1.420425,-1.783452,1.303853,1.652011,-1.420643,-1.783952,1.303770,1.652011,0.000000,0.000000,0.000000,0.000000,0.000000,0.000000,0.000000,0.000000,-1167.619141,166.847092,995.560974,1220.935669
21.6004,True,0.000000,0.000000,0.000000,0.000000,0.000000,0.000000,-1.420425,-1.783952,1.303770,1.652011,-1.420425,-1.783952,1.303770,1.652011,0.000000,0.000000,0.000000,0.000000,0.000000,0.000000,0.000000,0.000000,-1167.619141,166.847092,995.560974,1220.935669
21.6205,True,0.000000,0.000000,0.000000,0.000000,0.000000,0.000000,-1.421066,-1.783952,1.303490,1.651970,-1.421066,-1.783452,1.303770,1.651970,0.000000,0.000000,0.000000,0.000000,0.000000,0.000000,0.000000,0.000000,-1167.619141,166.847092,995.560974,1220.935669
21.6404,True,0.000000,0.000000,0.000000,0.000000,0.000000,0.000000,-1.420425,-1.783952,1.303770,1.651970,-1.420849,-1.783452,1.304133,1.651970,0.000000,0.000000,0.000000,0.000000,0.000000,0.000000,0.000000,0.000000,-1167.619141,166.847092,995.560974,1220.935669
21.6604,True,0.000000,0.000000,0.000000,0.000000,0.000000,0.000000,-1.420425,-1.784101,1.303770,1.652053,-1.420425,-1.784101,1.303770,1.652011,0.000000,0.000000,0.000000,0.000000,0.000000,0.000000,0.000000,0.000000,-1167.619141,166.847092,995.560974,1220.935669
21.6804,True,0.000000,0.000000,0.000000,0.000000,0.000000,0.000000,-1.420425,-1.783952,1.304051,1.652011,-1.420425,-1.783952,1.304051,1.652011,0.000000,0.000000,0.000000,0.000000,0.000000,0.000000,0.000000,0.000000,-1167.619141,166.847092,995.560974,1220.935669
21.7004,True,0.000000,0.000000,0.000000,0.000000,0.000000,0.000000,-1.420643,-1.783952,1.303770,1.652011,-1.420643,-1.783952,1.303770,1.652011,0.000000,0.000000,0.000000,0.000000,0.000000,0.000000,0.000000,0.000000,-1167.619141,166.847092,995.560974,1220.935669
21.7204,True,0.000000,0.000000,0.000000,0.000000,0.000000,0.000000,-1.420643,-1.783303,1.304051,1.652011,-1.420643,-1.783303,1.304051,1.652011,0.000000,0.000000,0.000000,0.000000,0.000000,0.000000,0.000000,0.000000,-1167.619141,166.847092,995.560974,1220.935669
21.7404,True,0.000000,0.000000,0.000000,0.000000,0.000000,0.000000,-1.420643,-1.783952,1.303770,1.652011,-1.420643,-1.783952,1.303770,1.652011,0.000000,0.000000,0.000000,0.000000,0.000000,0.000000,0.000000,0.000000,-1167.619141,166.847092,995.560974,1220.935669
21.7604,True,0.000000,0.000000,0.000000,0.000000,0.000000,0.000000,-1.420643,-1.783952,1.303770,1.652011,-1.420643,-1.783952,1.303770,1.652011,0.000000,0.000000,0.000000,0.000000,0.000000,0.000000,0.000000,0.000000,-1167.619141,166.847092,995.560974,1220.935669
21.7805,True,0.000000,0.000000,0.000000,0.000000,0.000000,0.000000,-1.420643,-1.783952,1.303770,1.652011,-1.420643,-1.783952,1.303770,1.652011,0.000000,0.000000,0.000000,0.000000,0.000000,0.000000,0.000000,0.000000,-1167.619141,166.847092,995.560974,1220.935669
21.8004,True,0.000000,0.000000,0.000000,0.000000,0.000000,0.000000,-1.420643,-1.783952,1.303770,1.652053,-1.420643,-1.783952,1.303770,1.652053,0.000000,0.000000,0.000000,0.000000,0.000000,0.000000,0.000000,0.000000,-1167.619141,166.847092,995.560974,1220.935669
21.8205,True,0.000000,0.000000,0.000000,0.000000,0.000000,0.000000,-1.420643,-1.783952,1.303770,1.652011,-1.420643,-1.783952,1.304133,1.652011,0.000000,0.000000,0.000000,0.000000,0.000000,0.000000,0.000000,0.000000,-1167.619141,166.847092,995.560974,1220.935669
21.8407,True,0.000000,0.000000,0.000000,0.000000,0.000000,0.000000,-1.420643,-1.783952,1.303770,1.652011,-1.420643,-1.783952,1.303770,1.652011,0.000000,0.000000,0.000000,0.000000,0.000000,0.000000,0.000000,0.000000,-1167.619141,166.847092,995.560974,1220.935669
21.8604,True,0.000000,0.000000,0.000000,0.000000,0.000000,0.000000,-1.420643,-1.783804,1.304051,1.651970,-1.420643,-1.783952,1.304051,1.651970,0.000000,0.000000,0.000000,0.000000,0.000000,0.000000,0.000000,0.000000,-1167.619141,166.847092,995.560974,1220.935669
21.8805,True,0.000000,0.000000,0.000000,0.000000,0.000000,0.000000,-1.420643,-1.783303,1.303770,1.652011,-1.420643,-1.783303,1.303770,1.652011,0.000000,0.000000,0.000000,0.000000,0.000000,0.000000,0.000000,0.000000,-1167.619141,166.847092,995.560974,1220.935669
21.9004,True,0.000000,0.000000,0.000000,0.000000,0.000000,0.000000,-1.420643,-1.783303,1.303770,1.652011,-1.420643,-1.783303,1.303770,1.652011,0.000000,0.000000,0.000000,0.000000,0.000000,0.000000,0.000000,0.000000,-1167.619141,166.847092,995.560974,1220.935669
21.9203,True,0.000000,0.000000,0.000000,0.000000,0.000000,0.000000,-1.420643,-1.783303,1.303770,1.652053,-1.420643,-1.783303,1.303770,1.652053,0.000000,0.000000,0.000000,0.000000,0.000000,0.000000,0.000000,0.000000,-1167.619141,166.847092,995.560974,1220.935669
21.9404,True,0.000000,0.000000,0.000000,0.000000,0.000000,0.000000,-1.420643,-1.783303,1.303770,1.652011,-1.420643,-1.783303,1.303770,1.652011,0.000000,0.000000,0.000000,0.000000,0.000000,0.000000,0.000000,0.000000,-1167.619141,166.847092,995.560974,1220.935669
21.9604,True,0.000000,0.000000,0.000000,0.000000,0.000000,0.000000,-1.420643,-1.783303,1.303770,1.651970,-1.420643,-1.783303,1.303770,1.651970,0.000000,0.000000,0.000000,0.000000,0.000000,0.000000,0.000000,0.000000,-1167.619141,166.847092,995.560974,1220.935669
21.9804,True,0.000000,0.000000,0.000000,0.000000,0.000000,0.000000,-1.420643,-1.783452,1.303770,1.652011,-1.420643,-1.783452,1.303770,1.652011,0.000000,0.000000,0.000000,0.000000,0.000000,0.000000,0.000000,0.000000,-1167.619141,166.847092,995.560974,1220.935669
22.0004,True,0.000000,0.000000,0.000000,0.000000,0.000000,0.000000,-1.420643,-1.783952,1.303770,1.652011,-1.420643,-1.783952,1.303770,1.652011,0.000000,0.000000,0.000000,0.000000,0.000000,0.000000,0.000000,0.000000,-1167.619141,166.847092,995.560974,1220.935669
22.0204,True,0.000000,0.000000,0.000000,0.000000,0.000000,0.000000,-1.420643,-1.783303,1.304133,1.652011,-1.420643,-1.783303,1.303770,1.652011,0.000000,0.000000,0.000000,0.000000,0.000000,0.000000,0.000000,0.000000,-1167.619141,166.847092,995.560974,1220.935669
22.0404,True,0.000000,0.000000,0.000000,0.000000,0.000000,0.000000,-1.420643,-1.783452,1.303770,1.652011,-1.420643,-1.783952,1.303490,1.651970,0.000000,0.000000,0.000000,0.000000,0.000000,0.000000,0.000000,0.000000,-1167.619141,166.847092,995.560974,1220.935669
22.0604,True,0.000000,0.000000,0.000000,0.000000,0.000000,0.000000,-1.420643,-1.783452,1.303490,1.651970,-1.420643,-1.783452,1.303490,1.651970,0.000000,0.000000,0.000000,0.000000,0.000000,0.000000,0.000000,0.000000,-1167.619141,166.847092,995.560974,1220.935669
22.0804,True,0.000000,0.000000,0.000000,0.000000,0.000000,0.000000,-1.420643,-1.783303,1.303770,1.651970,-1.420643,-1.783952,1.303770,1.651970,0.000000,0.000000,0.000000,0.000000,0.000000,0.000000,0.000000,0.000000,-1167.619141,166.847092,995.560974,1220.935669
22.1004,True,0.000000,0.000000,0.000000,0.000000,0.000000,0.000000,-1.421066,-1.783804,1.303490,1.651970,-1.421066,-1.783804,1.303490,1.651970,0.000000,0.000000,0.000000,0.000000,0.000000,0.000000,0.000000,0.000000,-1167.619141,166.847092,995.560974,1220.935669
22.1206,True,0.000000,0.000000,0.000000,0.000000,0.000000,0.000000,-1.420643,-1.783804,1.303490,1.651970,-1.420643,-1.783804,1.303490,1.651970,0.000000,0.000000,0.000000,0.000000,0.000000,0.000000,0.000000,0.000000,-1167.619141,166.847092,995.560974,1220.935669
22.1404,True,0.000000,0.000000,0.000000,0.000000,0.000000,0.000000,-1.420643,-1.783804,1.303490,1.651970,-1.420643,-1.783804,1.303490,1.651970,0.000000,0.000000,0.000000,0.000000,0.000000,0.000000,0.000000,0.000000,-1167.619141,166.847092,995.560974,1220.935669
22.1604,True,0.000000,0.000000,0.000000,0.000000,0.000000,0.000000,-1.420425,-1.783804,1.303490,1.651970,-1.420849,-1.783804,1.303490,1.651970,0.000000,0.000000,0.000000,0.000000,0.000000,0.000000,0.000000,0.000000,-1167.619141,166.847092,995.560974,1220.935669
22.1804,True,0.000000,0.000000,0.000000,0.000000,0.000000,0.000000,-1.420849,-1.783804,1.304051,1.651970,-1.420849,-1.783804,1.304133,1.651970,0.000000,0.000000,0.000000,0.000000,0.000000,0.000000,0.000000,0.000000,-1167.619141,166.847092,995.560974,1220.935669
22.2004,True,0.000000,0.000000,0.000000,0.000000,0.000000,0.000000,-1.420849,-1.783804,1.303770,1.651970,-1.420849,-1.783804,1.304051,1.651970,0.000000,0.000000,0.000000,0.000000,0.000000,0.000000,0.000000,0.000000,-1167.619141,166.847092,995.560974,1220.935669
22.2204,True,0.000000,0.000000,0.000000,0.000000,0.000000,0.000000,-1.420425,-1.783804,1.303770,1.651970,-1.420425,-1.783804,1.303770,1.651970,0.000000,0.000000,0.000000,0.000000,0.000000,0.000000,0.000000,0.000000,-1167.619141,166.847092,995.560974,1220.935669
22.2404,True,0.000000,0.000000,0.000000,0.000000,0.000000,0.000000,-1.420849,-1.783804,1.304133,1.651970,-1.420849,-1.783804,1.304133,1.651970,0.000000,0.000000,0.000000,0.000000,0.000000,0.000000,0.000000,0.000000,-1167.619141,166.847092,995.560974,1220.935669
22.2604,True,0.000000,0.000000,0.000000,0.000000,0.000000,0.000000,-1.420849,-1.783804,1.303770,1.651970,-1.420849,-1.783804,1.303770,1.651970,0.000000,0.000000,0.000000,0.000000,0.000000,0.000000,0.000000,0.000000,-1167.619141,166.847092,995.560974,1220.935669
22.2804,True,0.000000,0.000000,0.000000,0.000000,0.000000,0.000000,-1.420849,-1.783804,1.304133,1.651970,-1.420849,-1.783804,1.304133,1.651970,0.000000,0.000000,0.000000,0.000000,0.000000,0.000000,0.000000,0.000000,-1167.619141,166.847092,995.560974,1220.935669
22.3004,True,0.000000,0.000000,0.000000,0.000000,0.000000,0.000000,-1.421066,-1.783804,1.303770,1.651970,-1.421066,-1.783804,1.304133,1.651970,0.000000,0.000000,0.000000,0.000000,0.000000,0.000000,0.000000,0.000000,-1167.619141,166.847092,995.560974,1220.935669
22.3204,True,0.000000,0.000000,0.000000,0.000000,0.000000,0.000000,-1.420425,-1.783804,1.303490,1.651970,-1.420425,-1.783804,1.304133,1.651970,0.000000,0.000000,0.000000,0.000000,0.000000,0.000000,0.000000,0.000000,-1167.619141,166.847092,995.560974,1220.935669
22.3405,True,0.000000,0.000000,0.000000,0.000000,0.000000,0.000000,-1.421066,-1.783804,1.303490,1.651970,-1.421066,-1.783804,1.303490,1.651970,0.000000,0.000000,0.000000,0.000000,0.000000,0.000000,0.000000,0.000000,-1167.619141,166.847092,995.560974,1220.935669
22.3604,True,0.000000,0.000000,0.000000,0.000000,0.000000,0.000000,-1.420425,-1.783804,1.303490,1.651970,-1.420425,-1.783804,1.304133,1.651970,0.000000,0.000000,0.000000,0.000000,0.000000,0.000000,0.000000,0.000000,-1167.619141,166.847092,995.560974,1220.935669
22.3804,True,0.000000,0.000000,0.000000,0.000000,0.000000,0.000000,-1.420425,-1.783952,1.303770,1.651970,-1.420425,-1.783952,1.303770,1.651970,0.000000,0.000000,0.000000,0.000000,0.000000,0.000000,0.000000,0.000000,-1167.619141,166.847092,995.560974,1220.935669
22.4004,True,0.000000,0.000000,0.000000,0.000000,0.000000,0.000000,-1.420425,-1.783952,1.303770,1.651970,-1.420425,-1.783952,1.303770,1.651970,0.000000,0.000000,0.000000,0.000000,0.000000,0.000000,0.000000,0.000000,-1167.619141,166.847092,995.560974,1220.935669
22.4204,True,0.000000,0.000000,0.000000,0.000000,0.000000,0.000000,-1.420849,-1.783952,1.303770,1.651970,-1.420849,-1.783952,1.303408,1.651970,0.000000,0.000000,0.000000,0.000000,0.000000,0.000000,0.000000,0.000000,-1167.619141,166.847092,995.560974,1220.935669
22.4404,True,0.000000,0.000000,0.000000,0.000000,0.000000,0.000000,-1.421066,-1.783952,1.303770,1.651970,-1.421066,-1.783952,1.303770,1.651970,0.000000,0.000000,0.000000,0.000000,0.000000,0.000000,0.000000,0.000000,-1167.619141,166.847092,995.560974,1220.935669
22.4604,True,0.000000,0.000000,0.000000,0.000000,0.000000,0.000000,-1.420849,-1.783303,1.304051,1.651970,-1.420849,-1.783303,1.303770,1.651970,0.000000,0.000000,0.000000,0.000000,0.000000,0.000000,0.000000,0.000000,-1167.619141,166.847092,995.560974,1220.935669
22.4803,True,0.000000,0.000000,0.000000,0.000000,0.000000,0.000000,-1.420425,-1.783452,1.304051,1.651970,-1.420425,-1.783656,1.303770,1.651970,0.000000,0.000000,0.000000,0.000000,0.000000,0.000000,0.000000,0.000000,-1167.619141,166.847092,995.560974,1220.935669
22.5004,True,0.000000,0.000000,0.000000,0.000000,0.000000,0.000000,-1.420849,-1.783804,1.303770,1.651970,-1.420849,-1.783804,1.303770,1.651970,0.000000,0.000000,0.000000,0.000000,0.000000,0.000000,0.000000,0.000000,-1167.619141,166.847092,995.560974,1220.935669
22.5204,True,0.000000,0.000000,0.000000,0.000000,0.000000,0.000000,-1.421066,-1.783303,1.303770,1.651970,-1.421066,-1.783303,1.303770,1.651970,0.000000,0.000000,0.000000,0.000000,0.000000,0.000000,0.000000,0.000000,-1167.619141,166.847092,995.560974,1220.935669
22.5404,True,0.000000,0.000000,0.000000,0.000000,0.000000,0.000000,-1.420849,-1.783804,1.303770,1.651970,-1.420849,-1.783804,1.303770,1.651970,0.000000,0.000000,0.000000,0.000000,0.000000,0.000000,0.000000,0.000000,-1167.619141,166.847092,995.560974,1220.935669
22.5605,True,0.000000,0.000000,0.000000,0.000000,0.000000,0.000000,-1.421066,-1.783952,1.303408,1.651970,-1.421066,-1.783952,1.303408,1.651970,0.000000,0.000000,0.000000,0.000000,0.000000,0.000000,0.000000,0.000000,-1167.619141,166.847092,995.560974,1220.935669
22.5804,True,0.000000,0.000000,0.000000,0.000000,0.000000,0.000000,-1.420425,-1.783303,1.303770,1.651970,-1.420425,-1.783952,1.303408,1.651970,0.000000,0.000000,0.000000,0.000000,0.000000,0.000000,0.000000,0.000000,-1167.619141,166.847092,995.560974,1220.935669
22.6004,True,0.000000,0.000000,0.000000,0.000000,0.000000,0.000000,-1.420425,-1.783952,1.304133,1.651970,-1.420425,-1.783952,1.303770,1.651970,0.000000,0.000000,0.000000,0.000000,0.000000,0.000000,0.000000,0.000000,-1167.619141,166.847092,995.560974,1220.935669
22.6204,True,0.000000,0.000000,0.000000,0.000000,0.000000,0.000000,-1.420643,-1.783303,1.303770,1.651970,-1.420643,-1.783303,1.303770,1.651970,0.000000,0.000000,0.000000,0.000000,0.000000,0.000000,0.000000,0.000000,-1167.619141,166.847092,995.560974,1220.935669
22.6404,True,0.000000,0.000000,0.000000,0.000000,0.000000,0.000000,-1.420643,-1.783303,1.303770,1.651970,-1.420643,-1.783804,1.303770,1.651970,0.000000,0.000000,0.000000,0.000000,0.000000,0.000000,0.000000,0.000000,-1167.619141,166.847092,995.560974,1220.935669
22.6604,True,0.000000,0.000000,0.000000,0.000000,0.000000,0.000000,-1.421066,-1.783804,1.303770,1.652053,-1.421066,-1.783804,1.303770,1.652053,0.000000,0.000000,0.000000,0.000000,0.000000,0.000000,0.000000,0.000000,-1167.619141,166.847092,995.560974,1220.935669
22.6804,True,0.000000,0.000000,0.000000,0.000000,0.000000,0.000000,-1.420425,-1.783804,1.303770,1.652011,-1.420425,-1.783804,1.303770,1.652011,0.000000,0.000000,0.000000,0.000000,0.000000,0.000000,0.000000,0.000000,-1167.619141,166.847092,995.560974,1220.935669
22.7004,True,0.000000,0.000000,0.000000,0.000000,0.000000,0.000000,-1.420643,-1.783804,1.303770,1.651928,-1.420643,-1.783804,1.303770,1.652011,0.000000,0.000000,0.000000,0.000000,0.000000,0.000000,0.000000,0.000000,-1167.619141,166.847092,995.560974,1220.935669
22.7204,True,0.000000,0.000000,0.000000,0.000000,0.000000,0.000000,-1.420643,-1.783804,1.303770,1.651970,-1.420643,-1.783804,1.303770,1.651970,0.000000,0.000000,0.000000,0.000000,0.000000,0.000000,0.000000,0.000000,-1167.619141,166.847092,995.560974,1220.935669
22.7404,True,0.000000,0.000000,0.000000,0.000000,0.000000,0.000000,-1.420860,-1.783804,1.303770,1.652011,-1.420860,-1.783804,1.303770,1.651970,0.000000,0.000000,0.000000,0.000000,0.000000,0.000000,0.000000,0.000000,-1167.619141,166.847092,995.560974,1220.935669
22.7604,True,0.000000,0.000000,0.000000,0.000000,0.000000,0.000000,-1.420643,-1.783804,1.303770,1.652011,-1.420643,-1.783804,1.303770,1.651970,0.000000,0.000000,0.000000,0.000000,0.000000,0.000000,0.000000,0.000000,-1167.619141,166.847092,995.560974,1220.935669
22.7806,True,0.000000,0.000000,0.000000,0.000000,0.000000,0.000000,-1.420643,-1.783804,1.303770,1.651970,-1.420643,-1.783804,1.303770,1.652011,0.000000,0.000000,0.000000,0.000000,0.000000,0.000000,0.000000,0.000000,-1167.619141,166.847092,995.560974,1220.935669
22.8004,True,0.000000,0.000000,0.000000,0.000000,0.000000,0.000000,-1.420849,-1.783656,1.303770,1.652011,-1.420643,-1.783952,1.303770,1.652011,0.000000,0.000000,0.000000,0.000000,0.000000,0.000000,0.000000,0.000000,-1167.619141,166.847092,995.560974,1220.935669
22.8204,True,0.000000,0.000000,0.000000,0.000000,0.000000,0.000000,-1.420425,-1.783952,1.303770,1.651970,-1.420425,-1.783952,1.303770,1.652011,0.000000,0.000000,0.000000,0.000000,0.000000,0.000000,0.000000,0.000000,-1167.619141,166.847092,995.560974,1220.935669
22.8405,True,0.000000,0.000000,0.000000,0.000000,0.000000,0.000000,-1.420425,-1.783804,1.303770,1.651970,-1.420425,-1.783804,1.303770,1.651970,0.000000,0.000000,0.000000,0.000000,0.000000,0.000000,0.000000,0.000000,-1167.619141,166.847092,995.560974,1220.935669
22.8605,True,0.000000,0.000000,0.000000,0.000000,0.000000,0.000000,-1.420643,-1.783952,1.303770,1.651970,-1.420425,-1.783804,1.303770,1.651970,0.000000,0.000000,0.000000,0.000000,0.000000,0.000000,0.000000,0.000000,-1167.619141,166.847092,995.560974,1220.935669
22.8804,True,0.000000,0.000000,0.000000,0.000000,0.000000,0.000000,-1.420643,-1.783656,1.303770,1.651970,-1.420643,-1.783656,1.303770,1.651970,0.000000,0.000000,0.000000,0.000000,0.000000,0.000000,0.000000,0.000000,-1167.619141,166.847092,995.560974,1220.935669
22.9004,True,0.000000,0.000000,0.000000,0.000000,0.000000,0.000000,-1.420860,-1.783303,1.303770,1.651970,-1.420860,-1.783303,1.303770,1.651970,0.000000,0.000000,0.000000,0.000000,0.000000,0.000000,0.000000,0.000000,-1167.619141,166.847092,995.560974,1220.935669
22.9204,True,0.000000,0.000000,0.000000,0.000000,0.000000,0.000000,-1.420643,-1.783952,1.303770,1.651970,-1.420643,-1.783952,1.303770,1.652011,0.000000,0.000000,0.000000,0.000000,0.000000,0.000000,0.000000,0.000000,-1167.619141,166.847092,995.560974,1220.935669
22.9404,True,0.000000,0.000000,0.000000,0.000000,0.000000,0.000000,-1.420425,-1.783452,1.303770,1.651970,-1.420425,-1.783804,1.303770,1.652011,0.000000,0.000000,0.000000,0.000000,0.000000,0.000000,0.000000,0.000000,-1167.619141,166.847092,995.560974,1220.935669
22.9604,True,0.000000,0.000000,0.000000,0.000000,0.000000,0.000000,-1.420425,-1.783804,1.303770,1.652011,-1.420425,-1.783952,1.303770,1.652011,0.000000,0.000000,0.000000,0.000000,0.000000,0.000000,0.000000,0.000000,-1167.619141,166.847092,995.560974,1220.935669
22.9804,True,0.000000,0.000000,0.000000,0.000000,0.000000,0.000000,-1.420425,-1.783952,1.303770,1.651970,-1.420425,-1.783952,1.303770,1.651970,0.000000,0.000000,0.000000,0.000000,0.000000,0.000000,0.000000,0.000000,-1167.619141,166.847092,995.560974,1220.935669
23.0005,True,0.000000,0.000000,0.000000,0.000000,0.000000,0.000000,-1.420849,-1.783952,1.303770,1.651970,-1.420849,-1.783952,1.303770,1.651970,0.000000,0.000000,0.000000,0.000000,0.000000,0.000000,0.000000,0.000000,-1167.619141,166.847092,995.560974,1220.935669
23.0204,True,0.000000,0.000000,0.000000,0.000000,0.000000,0.000000,-1.420425,-1.783952,1.303770,1.652011,-1.420425,-1.783952,1.303770,1.652011,0.000000,0.000000,0.000000,0.000000,0.000000,0.000000,0.000000,0.000000,-1167.619141,166.847092,995.560974,1220.935669
23.0404,True,0.000000,0.000000,0.000000,0.000000,0.000000,0.000000,-1.420425,-1.783952,1.303770,1.651970,-1.420643,-1.783952,1.303770,1.652053,0.000000,0.000000,0.000000,0.000000,0.000000,0.000000,0.000000,0.000000,-1167.619141,166.847092,995.560974,1220.935669
23.0605,True,0.000000,0.000000,0.000000,0.000000,0.000000,0.000000,-1.420425,-1.783452,1.303770,1.652011,-1.420425,-1.783952,1.303770,1.652011,0.000000,0.000000,0.000000,0.000000,0.000000,0.000000,0.000000,0.000000,-1167.619141,166.847092,995.560974,1220.935669
23.0804,True,0.000000,0.000000,0.000000,0.000000,0.000000,0.000000,-1.420425,-1.783804,1.303770,1.652011,-1.420425,-1.783952,1.303770,1.652011,0.000000,0.000000,0.000000,0.000000,0.000000,0.000000,0.000000,0.000000,-1167.619141,166.847092,995.560974,1220.935669
23.1004,True,0.000000,0.000000,0.000000,0.000000,0.000000,0.000000,-1.420849,-1.783656,1.303770,1.651970,-1.420849,-1.783656,1.303770,1.651970,0.000000,0.000000,0.000000,0.000000,0.000000,0.000000,0.000000,0.000000,-1167.619141,166.847092,995.560974,1220.935669
23.1204,True,0.000000,0.000000,0.000000,0.000000,0.000000,0.000000,-1.420425,-1.783452,1.303770,1.651970,-1.420425,-1.783452,1.303770,1.651970,0.000000,0.000000,0.000000,0.000000,0.000000,0.000000,0.000000,0.000000,-1167.619141,166.847092,995.560974,1220.935669
23.1404,True,0.000000,0.000000,0.000000,0.000000,0.000000,0.000000,-1.420643,-1.783952,1.303770,1.651970,-1.420643,-1.783452,1.303770,1.651970,0.000000,0.000000,0.000000,0.000000,0.000000,0.000000,0.000000,0.000000,-1167.619141,166.847092,995.560974,1220.935669
23.1604,True,0.000000,0.000000,0.000000,0.000000,0.000000,0.000000,-1.421284,-1.783452,1.303770,1.651970,-1.421284,-1.783452,1.303770,1.651970,0.000000,0.000000,0.000000,0.000000,0.000000,0.000000,0.000000,0.000000,-1167.619141,166.847092,995.560974,1220.935669
23.1804,True,0.000000,0.000000,0.000000,0.000000,0.000000,0.000000,-1.420860,-1.783452,1.303770,1.651970,-1.420860,-1.783452,1.304051,1.651970,0.000000,0.000000,0.000000,0.000000,0.000000,0.000000,0.000000,0.000000,-1167.619141,166.847092,995.560974,1220.935669
23.2004,True,0.000000,0.000000,0.000000,0.000000,0.000000,0.000000,-1.420643,-1.783452,1.304133,1.652011,-1.420643,-1.783452,1.303770,1.652011,0.000000,0.000000,0.000000,0.000000,0.000000,0.000000,0.000000,0.000000,-1167.619141,166.847092,995.560974,1220.935669
23.2204,True,0.000000,0.000000,0.000000,0.000000,0.000000,0.000000,-1.420425,-1.783452,1.303770,1.651970,-1.420425,-1.783452,1.303770,1.652011,0.000000,0.000000,0.000000,0.000000,0.000000,0.000000,0.000000,0.000000,-1167.619141,166.847092,995.560974,1220.935669
23.2404,True,0.000000,0.000000,0.000000,0.000000,0.000000,0.000000,-1.420860,-1.783452,1.304051,1.651928,-1.420860,-1.783452,1.304051,1.651928,0.000000,0.000000,0.000000,0.000000,0.000000,0.000000,0.000000,0.000000,-1167.619141,166.847092,995.560974,1220.935669
23.2604,True,0.000000,0.000000,0.000000,0.000000,0.000000,0.000000,-1.420860,-1.783452,1.303490,1.652011,-1.420860,-1.783452,1.303490,1.652011,0.000000,0.000000,0.000000,0.000000,0.000000,0.000000,0.000000,0.000000,-1167.619141,166.847092,995.560974,1220.935669
23.2806,True,0.000000,0.000000,0.000000,0.000000,0.000000,0.000000,-1.420643,-1.783452,1.303770,1.651970,-1.420643,-1.783452,1.303408,1.651970,0.000000,0.000000,0.000000,0.000000,0.000000,0.000000,0.000000,0.000000,-1167.619141,166.847092,995.560974,1220.935669
23.3004,True,0.000000,0.000000,0.000000,0.000000,0.000000,0.000000,-1.420643,-1.783452,1.303770,1.651970,-1.420643,-1.783452,1.303770,1.652011,0.000000,0.000000,0.000000,0.000000,0.000000,0.000000,0.000000,0.000000,-1167.619141,166.847092,995.560974,1220.935669
23.3204,True,0.000000,0.000000,0.000000,0.000000,0.000000,0.000000,-1.420643,-1.783452,1.303770,1.652011,-1.420643,-1.783452,1.303408,1.652011,0.000000,0.000000,0.000000,0.000000,0.000000,0.000000,0.000000,0.000000,-1167.619141,166.847092,995.560974,1220.935669
23.3405,True,0.000000,0.000000,0.000000,0.000000,0.000000,0.000000,-1.420860,-1.783452,1.304051,1.652011,-1.420860,-1.783452,1.304051,1.652011,0.000000,0.000000,0.000000,0.000000,0.000000,0.000000,0.000000,0.000000,-1167.619141,166.847092,995.560974,1220.935669
23.3604,True,0.000000,0.000000,0.000000,0.000000,0.000000,0.000000,-1.420643,-1.783452,1.303490,1.651970,-1.420643,-1.783452,1.303770,1.651970,0.000000,0.000000,0.000000,0.000000,0.000000,0.000000,0.000000,0.000000,-1167.619141,166.847092,995.560974,1220.935669
23.3804,True,0.000000,0.000000,0.000000,0.000000,0.000000,0.000000,-1.420643,-1.783452,1.303770,1.651970,-1.420643,-1.783452,1.303770,1.651970,0.000000,0.000000,0.000000,0.000000,0.000000,0.000000,0.000000,0.000000,-1167.619141,166.847092,995.560974,1220.935669
23.4004,True,0.000000,0.000000,0.000000,0.000000,0.000000,0.000000,-1.420860,-1.783952,1.303770,1.652011,-1.420860,-1.783952,1.303770,1.652011,0.000000,0.000000,0.000000,0.000000,0.000000,0.000000,0.000000,0.000000,-1167.619141,166.847092,995.560974,1220.935669
23.4204,True,0.000000,0.000000,0.000000,0.000000,0.000000,0.000000,-1.420860,-1.783952,1.303408,1.652053,-1.420860,-1.783452,1.303408,1.652053,0.000000,0.000000,0.000000,0.000000,0.000000,0.000000,0.000000,0.000000,-1167.619141,166.847092,995.560974,1220.935669
23.4407,True,0.000000,0.000000,0.000000,0.000000,0.000000,0.000000,-1.420643,-1.783952,1.303408,1.652011,-1.420643,-1.783952,1.303408,1.652011,0.000000,0.000000,0.000000,0.000000,0.000000,0.000000,0.000000,0.000000,-1167.619141,166.847092,995.560974,1220.935669
23.4604,True,0.000000,0.000000,0.000000,0.000000,0.000000,0.000000,-1.420860,-1.783452,1.303770,1.651970,-1.420860,-1.783952,1.303770,1.651970,0.000000,0.000000,0.000000,0.000000,0.000000,0.000000,0.000000,0.000000,-1167.619141,166.847092,995.560974,1220.935669
23.4804,True,0.000000,0.000000,0.000000,0.000000,0.000000,0.000000,-1.420860,-1.783452,1.303770,1.652011,-1.420860,-1.783452,1.303770,1.652011,0.000000,0.000000,0.000000,0.000000,0.000000,0.000000,0.000000,0.000000,-1167.619141,166.847092,995.560974,1220.935669
23.5004,True,0.000000,0.000000,0.000000,0.000000,0.000000,0.000000,-1.420860,-1.783452,1.303770,1.651970,-1.420860,-1.783452,1.303770,1.651970,0.000000,0.000000,0.000000,0.000000,0.000000,0.000000,0.000000,0.000000,-1167.619141,166.847092,995.560974,1220.935669
23.5204,True,0.000000,0.000000,0.000000,0.000000,0.000000,0.000000,-1.420860,-1.783452,1.303770,1.651970,-1.420860,-1.783452,1.303770,1.651970,0.000000,0.000000,0.000000,0.000000,0.000000,0.000000,0.000000,0.000000,-1167.619141,166.847092,995.560974,1220.935669
23.5404,True,0.000000,0.000000,0.000000,0.000000,0.000000,0.000000,-1.420860,-1.783452,1.303770,1.651970,-1.420860,-1.783452,1.303408,1.651970,0.000000,0.000000,0.000000,0.000000,0.000000,0.000000,0.000000,0.000000,-1167.619141,166.847092,995.560974,1220.935669
23.5606,True,0.000000,0.000000,0.000000,0.000000,0.000000,0.000000,-1.420860,-1.783804,1.303408,1.651970,-1.420860,-1.783804,1.303408,1.651970,0.000000,0.000000,0.000000,0.000000,0.000000,0.000000,0.000000,0.000000,-1167.619141,166.847092,995.560974,1220.935669
23.5804,True,0.000000,0.000000,0.000000,0.000000,0.000000,0.000000,-1.420860,-1.783952,1.303770,1.651970,-1.420860,-1.783952,1.303770,1.651970,0.000000,0.000000,0.000000,0.000000,0.000000,0.000000,0.000000,0.000000,-1167.619141,166.847092,995.560974,1220.935669
23.6004,True,0.000000,0.000000,0.000000,0.000000,0.000000,0.000000,-1.420860,-1.783804,1.303408,1.651970,-1.420860,-1.783804,1.303408,1.651970,0.000000,0.000000,0.000000,0.000000,0.000000,0.000000,0.000000,0.000000,-1167.619141,166.847092,995.560974,1220.935669
23.6204,True,0.000000,0.000000,0.000000,0.000000,0.000000,0.000000,-1.420860,-1.783804,1.303408,1.651970,-1.420860,-1.783804,1.303408,1.651970,0.000000,0.000000,0.000000,0.000000,0.000000,0.000000,0.000000,0.000000,-1167.619141,166.847092,995.560974,1220.935669
23.6404,True,0.000000,0.000000,0.000000,0.000000,0.000000,0.000000,-1.420860,-1.783804,1.303408,1.651970,-1.420860,-1.783804,1.303408,1.651970,0.000000,0.000000,0.000000,0.000000,0.000000,0.000000,0.000000,0.000000,-1167.619141,166.847092,995.560974,1220.935669
23.6604,True,0.000000,0.000000,0.000000,0.000000,0.000000,0.000000,-1.420860,-1.783804,1.303408,1.652053,-1.420860,-1.783804,1.303408,1.651970,0.000000,0.000000,0.000000,0.000000,0.000000,0.000000,0.000000,0.000000,-1167.619141,166.847092,995.560974,1220.935669
23.6804,True,0.000000,0.000000,0.000000,0.000000,0.000000,0.000000,-1.420860,-1.783804,1.303408,1.652011,-1.420860,-1.783804,1.303770,1.652011,0.000000,0.000000,0.000000,0.000000,0.000000,0.000000,0.000000,0.000000,-1167.619141,166.847092,995.560974,1220.935669
23.7004,True,0.000000,0.000000,0.000000,0.000000,0.000000,0.000000,-1.420860,-1.783804,1.304051,1.652011,-1.420860,-1.783804,1.304051,1.652011,0.000000,0.000000,0.000000,0.000000,0.000000,0.000000,0.000000,0.000000,-1167.619141,166.847092,995.560974,1220.935669
23.7204,True,0.000000,0.000000,0.000000,0.000000,0.000000,0.000000,-1.420860,-1.783804,1.303770,1.652011,-1.420860,-1.784101,1.303770,1.652011,0.000000,0.000000,0.000000,0.000000,0.000000,0.000000,0.000000,0.000000,-1167.619141,166.847092,995.560974,1220.935669
23.7404,True,0.000000,0.000000,0.000000,0.000000,0.000000,0.000000,-1.420860,-1.783600,1.303408,1.652011,-1.420860,-1.783600,1.303408,1.652011,0.000000,0.000000,0.000000,0.000000,0.000000,0.000000,0.000000,0.000000,-1167.619141,166.847092,995.560974,1220.935669
23.7604,True,0.000000,0.000000,0.000000,0.000000,0.000000,0.000000,-1.420860,-1.783952,1.303770,1.651970,-1.420860,-1.784101,1.303408,1.651970,0.000000,0.000000,0.000000,0.000000,0.000000,0.000000,0.000000,0.000000,-1167.619141,166.847092,995.560974,1220.935669
23.7804,True,0.000000,0.000000,0.000000,0.000000,0.000000,0.000000,-1.420860,-1.783952,1.303770,1.652053,-1.420860,-1.783952,1.303770,1.652053,0.000000,0.000000,0.000000,0.000000,0.000000,0.000000,0.000000,0.000000,-1167.619141,166.847092,995.560974,1220.935669
23.8004,True,0.000000,0.000000,0.000000,0.000000,0.000000,0.000000,-1.420860,-1.783952,1.304051,1.652011,-1.420860,-1.783952,1.304051,1.652011,0.000000,0.000000,0.000000,0.000000,0.000000,0.000000,0.000000,0.000000,-1167.619141,166.847092,995.560974,1220.935669
23.8204,True,0.000000,0.000000,0.000000,0.000000,0.000000,0.000000,-1.420860,-1.783452,1.303770,1.651970,-1.420860,-1.783952,1.303770,1.651970,0.000000,0.000000,0.000000,0.000000,0.000000,0.000000,0.000000,0.000000,-1167.619141,166.847092,995.560974,1220.935669
23.8404,True,0.000000,0.000000,0.000000,0.000000,0.000000,0.000000,-1.420860,-1.784101,1.303408,1.651970,-1.420860,-1.784101,1.303408,1.651970,0.000000,0.000000,0.000000,0.000000,0.000000,0.000000,0.000000,0.000000,-1167.619141,166.847092,995.560974,1220.935669
23.8604,True,0.000000,0.000000,0.000000,0.000000,0.000000,0.000000,-1.420860,-1.784101,1.303408,1.652011,-1.420860,-1.784101,1.303408,1.652011,0.000000,0.000000,0.000000,0.000000,0.000000,0.000000,0.000000,0.000000,-1167.619141,166.847092,995.560974,1220.935669
23.8804,True,0.000000,0.000000,0.000000,0.000000,0.000000,0.000000,-1.420860,-1.783952,1.303770,1.651928,-1.420860,-1.783452,1.304133,1.651928,0.000000,0.000000,0.000000,0.000000,0.000000,0.000000,0.000000,0.000000,-1167.619141,166.847092,995.560974,1220.935669
23.9005,True,0.000000,0.000000,0.000000,0.000000,0.000000,0.000000,-1.420860,-1.783452,1.304133,1.651970,-1.420860,-1.783452,1.304133,1.651970,0.000000,0.000000,0.000000,0.000000,0.000000,0.000000,0.000000,0.000000,-1167.619141,166.847092,995.560974,1220.935669
23.9204,True,0.000000,0.000000,0.000000,0.000000,0.000000,0.000000,-1.420860,-1.783452,1.303770,1.651970,-1.420860,-1.783452,1.303770,1.651970,0.000000,0.000000,0.000000,0.000000,0.000000,0.000000,0.000000,0.000000,-1167.619141,166.847092,995.560974,1220.935669
23.9404,True,0.000000,0.000000,0.000000,0.000000,0.000000,0.000000,-1.420860,-1.783804,1.304051,1.652011,-1.420860,-1.783452,1.304133,1.651970,0.000000,0.000000,0.000000,0.000000,0.000000,0.000000,0.000000,0.000000,-1167.619141,166.847092,995.560974,1220.935669
23.9604,True,0.000000,0.000000,0.000000,0.000000,0.000000,0.000000,-1.420860,-1.783952,1.303770,1.651970,-1.420860,-1.783952,1.303770,1.651970,0.000000,0.000000,0.000000,0.000000,0.000000,0.000000,0.000000,0.000000,-1167.619141,166.847092,995.560974,1220.935669
23.9804,True,0.000000,0.000000,0.000000,0.000000,0.000000,0.000000,-1.420860,-1.783952,1.304133,1.651970,-1.420860,-1.783952,1.303770,1.651970,0.000000,0.000000,0.000000,0.000000,0.000000,0.000000,0.000000,0.000000,-1167.619141,166.847092,995.560974,1220.935669
24.0004,True,0.000000,0.000000,0.000000,0.000000,0.000000,0.000000,-1.420860,-1.783452,1.304133,1.652053,-1.420860,-1.783952,1.304133,1.652011,0.000000,0.000000,0.000000,0.000000,0.000000,0.000000,0.000000,0.000000,-1167.619141,166.847092,995.560974,1220.935669
24.0204,True,0.000000,0.000000,0.000000,0.000000,0.000000,0.000000,-1.420860,-1.783952,1.303490,1.651970,-1.420860,-1.783952,1.303490,1.651970,0.000000,0.000000,0.000000,0.000000,0.000000,0.000000,0.000000,0.000000,-1167.619141,166.847092,995.560974,1220.935669
24.0404,True,0.000000,0.000000,0.000000,0.000000,0.000000,0.000000,-1.420860,-1.783952,1.303490,1.651970,-1.420860,-1.783952,1.303490,1.651970,0.000000,0.000000,0.000000,0.000000,0.000000,0.000000,0.000000,0.000000,-1167.619141,166.847092,995.560974,1220.935669
24.0604,True,0.000000,0.000000,0.000000,0.000000,0.000000,0.000000,-1.420425,-1.783952,1.303490,1.651970,-1.420643,-1.783952,1.303490,1.651970,0.000000,0.000000,0.000000,0.000000,0.000000,0.000000,0.000000,0.000000,-1167.619141,166.847092,995.560974,1220.935669
24.0804,True,0.000000,0.000000,0.000000,0.000000,0.000000,0.000000,-1.420643,-1.783952,1.303490,1.651970,-1.420643,-1.783952,1.303490,1.651970,0.000000,0.000000,0.000000,0.000000,0.000000,0.000000,0.000000,0.000000,-1167.619141,166.847092,995.560974,1220.935669
24.1004,True,0.000000,0.000000,0.000000,0.000000,0.000000,0.000000,-1.420860,-1.783952,1.303490,1.652011,-1.420860,-1.783952,1.303490,1.652011,0.000000,0.000000,0.000000,0.000000,0.000000,0.000000,0.000000,0.000000,-1167.619141,166.847092,995.560974,1220.935669
24.1204,True,0.000000,0.000000,0.000000,0.000000,0.000000,0.000000,-1.420860,-1.783952,1.303490,1.652011,-1.420643,-1.783952,1.303490,1.651970,0.000000,0.000000,0.000000,0.000000,0.000000,0.000000,0.000000,0.000000,-1167.619141,166.847092,995.560974,1220.935669
24.1404,True,0.000000,0.000000,0.000000,0.000000,0.000000,0.000000,-1.420860,-1.783952,1.303490,1.651970,-1.420860,-1.783952,1.303490,1.652011,0.000000,0.000000,0.000000,0.000000,0.000000,0.000000,0.000000,0.000000,-1167.619141,166.847092,995.560974,1220.935669
24.1604,True,0.000000,0.000000,0.000000,0.000000,0.000000,0.000000,-1.420643,-1.783952,1.303770,1.652011,-1.420643,-1.783952,1.304413,1.652011,0.000000,0.000000,0.000000,0.000000,0.000000,0.000000,0.000000,0.000000,-1167.619141,166.847092,995.560974,1220.935669
24.1804,True,0.000000,0.000000,0.000000,0.000000,0.000000,0.000000,-1.420860,-1.783952,1.303770,1.651970,-1.420860,-1.783952,1.303770,1.651970,0.000000,0.000000,0.000000,0.000000,0.000000,0.000000,0.000000,0.000000,-1167.619141,166.847092,995.560974,1220.935669
24.2004,True,0.000000,0.000000,0.000000,0.000000,0.000000,0.000000,-1.420643,-1.783452,1.303770,1.652011,-1.420643,-1.783452,1.303770,1.652011,0.000000,0.000000,0.000000,0.000000,0.000000,0.000000,0.000000,0.000000,-1167.619141,166.847092,995.560974,1220.935669
24.2204,True,0.000000,0.000000,0.000000,0.000000,0.000000,0.000000,-1.420643,-1.783952,1.303770,1.652011,-1.420643,-1.783804,1.303770,1.652011,0.000000,0.000000,0.000000,0.000000,0.000000,0.000000,0.000000,0.000000,-1167.619141,166.847092,995.560974,1220.935669
24.2404,True,0.000000,0.000000,0.000000,0.000000,0.000000,0.000000,-1.420643,-1.783804,1.303770,1.652011,-1.420860,-1.783804,1.303770,1.652011,0.000000,0.000000,0.000000,0.000000,0.000000,0.000000,0.000000,0.000000,-1167.619141,166.847092,995.560974,1220.935669
24.2604,True,0.000000,0.000000,0.000000,0.000000,0.000000,0.000000,-1.420860,-1.783804,1.303770,1.652011,-1.420860,-1.783952,1.303770,1.652011,0.000000,0.000000,0.000000,0.000000,0.000000,0.000000,0.000000,0.000000,-1167.619141,166.847092,995.560974,1220.935669
24.2804,True,0.000000,0.000000,0.000000,0.000000,0.000000,0.000000,-1.420860,-1.783952,1.303770,1.652011,-1.420860,-1.783303,1.303770,1.652011,0.000000,0.000000,0.000000,0.000000,0.000000,0.000000,0.000000,0.000000,-1167.619141,166.847092,995.560974,1220.935669
24.3004,True,0.000000,0.000000,0.000000,0.000000,0.000000,0.000000,-1.420643,-1.783952,1.303770,1.652011,-1.420643,-1.783804,1.303770,1.652011,0.000000,0.000000,0.000000,0.000000,0.000000,0.000000,0.000000,0.000000,-1167.619141,166.847092,995.560974,1220.935669
24.3203,True,0.000000,0.000000,0.000000,0.000000,0.000000,0.000000,-1.420860,-1.783804,1.303770,1.651970,-1.420860,-1.783804,1.303770,1.651970,0.000000,0.000000,0.000000,0.000000,0.000000,0.000000,0.000000,0.000000,-1167.619141,166.847092,995.560974,1220.935669
24.3404,True,0.000000,0.000000,0.000000,0.000000,0.000000,0.000000,-1.420643,-1.783804,1.303770,1.652011,-1.420643,-1.783804,1.303770,1.652011,0.000000,0.000000,0.000000,0.000000,0.000000,0.000000,0.000000,0.000000,-1167.619141,166.847092,995.560974,1220.935669
24.3605,True,0.000000,0.000000,0.000000,0.000000,0.000000,0.000000,-1.420643,-1.783952,1.303770,1.651970,-1.420643,-1.783952,1.303770,1.651970,0.000000,0.000000,0.000000,0.000000,0.000000,0.000000,0.000000,0.000000,-1167.619141,166.847092,995.560974,1220.935669
24.3804,True,0.000000,0.000000,0.000000,0.000000,0.000000,0.000000,-1.420643,-1.783952,1.303770,1.651970,-1.420643,-1.783952,1.303770,1.651970,0.000000,0.000000,0.000000,0.000000,0.000000,0.000000,0.000000,0.000000,-1167.619141,166.847092,995.560974,1220.935669
24.4004,True,0.000000,0.000000,0.000000,0.000000,0.000000,0.000000,-1.420643,-1.783952,1.303770,1.651970,-1.420860,-1.783952,1.303770,1.651970,0.000000,0.000000,0.000000,0.000000,0.000000,0.000000,0.000000,0.000000,-1167.619141,166.847092,995.560974,1220.935669
24.4204,True,0.000000,0.000000,0.000000,0.000000,0.000000,0.000000,-1.420860,-1.783452,1.303770,1.651970,-1.420860,-1.783452,1.303770,1.651970,0.000000,0.000000,0.000000,0.000000,0.000000,0.000000,0.000000,0.000000,-1167.619141,166.847092,995.560974,1220.935669
24.4405,True,0.000000,0.000000,0.000000,0.000000,0.000000,0.000000,-1.420860,-1.783952,1.303770,1.651970,-1.420643,-1.783952,1.303770,1.651970,0.000000,0.000000,0.000000,0.000000,0.000000,0.000000,0.000000,0.000000,-1167.619141,166.847092,995.560974,1220.935669
24.4604,True,0.000000,0.000000,0.000000,0.000000,0.000000,0.000000,-1.420643,-1.783952,1.303770,1.651928,-1.420643,-1.783952,1.303770,1.651928,0.000000,0.000000,0.000000,0.000000,0.000000,0.000000,0.000000,0.000000,-1167.619141,166.847092,995.560974,1220.935669
24.4804,True,0.000000,0.000000,0.000000,0.000000,0.000000,0.000000,-1.420425,-1.783952,1.303770,1.652011,-1.420425,-1.783952,1.303770,1.652011,0.000000,0.000000,0.000000,0.000000,0.000000,0.000000,0.000000,0.000000,-1167.619141,166.847092,995.560974,1220.935669
24.5004,True,0.000000,0.000000,0.000000,0.000000,0.000000,0.000000,-1.420643,-1.783952,1.303770,1.651928,-1.420643,-1.783952,1.303770,1.651928,0.000000,0.000000,0.000000,0.000000,0.000000,0.000000,0.000000,0.000000,-1167.619141,166.847092,995.560974,1220.935669
24.5204,True,0.000000,0.000000,0.000000,0.000000,0.000000,0.000000,-1.420860,-1.783952,1.303770,1.652011,-1.420860,-1.783952,1.303770,1.652011,0.000000,0.000000,0.000000,0.000000,0.000000,0.000000,0.000000,0.000000,-1167.619141,166.847092,995.560974,1220.935669
24.5404,True,0.000000,0.000000,0.000000,0.000000,0.000000,0.000000,-1.420860,-1.783952,1.303770,1.652011,-1.420860,-1.783804,1.303770,1.652011,0.000000,0.000000,0.000000,0.000000,0.000000,0.000000,0.000000,0.000000,-1167.619141,166.847092,995.560974,1220.935669
24.5604,True,0.000000,0.000000,0.000000,0.000000,0.000000,0.000000,-1.420643,-1.783952,1.303770,1.651970,-1.420860,-1.783952,1.303770,1.651970,0.000000,0.000000,0.000000,0.000000,0.000000,0.000000,0.000000,0.000000,-1167.619141,166.847092,995.560974,1220.935669
24.5806,True,0.000000,0.000000,0.000000,0.000000,0.000000,0.000000,-1.420860,-1.783952,1.303770,1.651970,-1.420860,-1.783952,1.303770,1.651970,0.000000,0.000000,0.000000,0.000000,0.000000,0.000000,0.000000,0.000000,-1167.619141,166.847092,995.560974,1220.935669
24.6004,True,0.000000,0.000000,0.000000,0.000000,0.000000,0.000000,-1.420436,-1.783452,1.303770,1.652053,-1.420436,-1.783952,1.303770,1.652053,0.000000,0.000000,0.000000,0.000000,0.000000,0.000000,0.000000,0.000000,-1167.619141,166.847092,995.560974,1220.935669
24.6204,True,0.000000,0.000000,0.000000,0.000000,0.000000,0.000000,-1.420425,-1.784101,1.303770,1.651970,-1.420425,-1.783952,1.303770,1.651970,0.000000,0.000000,0.000000,0.000000,0.000000,0.000000,0.000000,0.000000,-1167.619141,166.847092,995.560974,1220.935669
24.6409,True,0.000000,0.000000,0.000000,0.000000,0.000000,0.000000,-1.420643,-1.783303,1.303770,1.652011,-1.420643,-1.783303,1.303770,1.652011,0.000000,0.000000,0.000000,0.000000,0.000000,0.000000,0.000000,0.000000,-1167.619141,166.847092,995.560974,1220.935669
24.6604,True,0.000000,0.000000,0.000000,0.000000,0.000000,0.000000,-1.420643,-1.783303,1.303770,1.652011,-1.420643,-1.783952,1.303770,1.651970,0.000000,0.000000,0.000000,0.000000,0.000000,0.000000,0.000000,0.000000,-1167.619141,166.847092,995.560974,1220.935669
24.6804,True,0.000000,0.000000,0.000000,0.000000,0.000000,0.000000,-1.420425,-1.783804,1.303770,1.652053,-1.420425,-1.783804,1.303770,1.652053,0.000000,0.000000,0.000000,0.000000,0.000000,0.000000,0.000000,0.000000,-1167.619141,166.847092,995.560974,1220.935669
24.7004,True,0.000000,0.000000,0.000000,0.000000,0.000000,0.000000,-1.420643,-1.783804,1.303770,1.652011,-1.420643,-1.783952,1.303770,1.652011,0.000000,0.000000,0.000000,0.000000,0.000000,0.000000,0.000000,0.000000,-1167.619141,166.847092,995.560974,1220.935669
24.7204,True,0.000000,0.000000,0.000000,0.000000,0.000000,0.000000,-1.420643,-1.783952,1.303770,1.652053,-1.420643,-1.783804,1.303770,1.652053,0.000000,0.000000,0.000000,0.000000,0.000000,0.000000,0.000000,0.000000,-1167.619141,166.847092,995.560974,1220.935669
24.7404,True,0.000000,0.000000,0.000000,0.000000,0.000000,0.000000,-1.421066,-1.783952,1.303770,1.652011,-1.421066,-1.783952,1.303770,1.652011,0.000000,0.000000,0.000000,0.000000,0.000000,0.000000,0.000000,0.000000,-1167.619141,166.847092,995.560974,1220.935669
24.7604,True,0.000000,0.000000,0.000000,0.000000,0.000000,0.000000,-1.420425,-1.783952,1.303770,1.652011,-1.420425,-1.783952,1.303770,1.652011,0.000000,0.000000,0.000000,0.000000,0.000000,0.000000,0.000000,0.000000,-1167.619141,166.847092,995.560974,1220.935669
24.7804,True,0.000000,0.000000,0.000000,0.000000,0.000000,0.000000,-1.420425,-1.783952,1.303770,1.652011,-1.420425,-1.783952,1.303408,1.652011,0.000000,0.000000,0.000000,0.000000,0.000000,0.000000,0.000000,0.000000,-1167.619141,166.847092,995.560974,1220.935669
24.8004,True,0.000000,0.000000,0.000000,0.000000,0.000000,0.000000,-1.420849,-1.783952,1.304133,1.652011,-1.420849,-1.783952,1.304133,1.652011,0.000000,0.000000,0.000000,0.000000,0.000000,0.000000,0.000000,0.000000,-1167.619141,166.847092,995.560974,1220.935669
24.8205,True,0.000000,0.000000,0.000000,0.000000,0.000000,0.000000,-1.420425,-1.783952,1.303770,1.652053,-1.420425,-1.783952,1.303490,1.652053,0.000000,0.000000,0.000000,0.000000,0.000000,0.000000,0.000000,0.000000,-1167.619141,166.847092,995.560974,1220.935669
24.8405,True,0.000000,0.000000,0.000000,0.000000,0.000000,0.000000,-1.420849,-1.783952,1.303770,1.652053,-1.421066,-1.783952,1.304051,1.652053,0.000000,0.000000,0.000000,0.000000,0.000000,0.000000,0.000000,0.000000,-1167.619141,166.847092,995.560974,1220.935669
24.8606,True,0.000000,0.000000,0.000000,0.000000,0.000000,0.000000,-1.420425,-1.783952,1.303770,1.652011,-1.420425,-1.783952,1.303770,1.652011,0.000000,0.000000,0.000000,0.000000,0.000000,0.000000,0.000000,0.000000,-1167.619141,166.847092,995.560974,1220.935669
24.8804,True,0.000000,0.000000,0.000000,0.000000,0.000000,0.000000,-1.420425,-1.783952,1.303408,1.652053,-1.420425,-1.783952,1.304051,1.652053,0.000000,0.000000,0.000000,0.000000,0.000000,0.000000,0.000000,0.000000,-1167.619141,166.847092,995.560974,1220.935669
24.9004,True,0.000000,0.000000,0.000000,0.000000,0.000000,0.000000,-1.420425,-1.783952,1.303408,1.652053,-1.421066,-1.783952,1.303408,1.652053,0.000000,0.000000,0.000000,0.000000,0.000000,0.000000,0.000000,0.000000,-1167.619141,166.847092,995.560974,1220.935669
24.9206,True,0.000000,0.000000,0.000000,0.000000,0.000000,0.000000,-1.420425,-1.783952,1.304133,1.652053,-1.420425,-1.783952,1.304133,1.652053,0.000000,0.000000,0.000000,0.000000,0.000000,0.000000,0.000000,0.000000,-1167.619141,166.847092,995.560974,1220.935669
24.9404,True,0.000000,0.000000,0.000000,0.000000,0.000000,0.000000,-1.420425,-1.783952,1.303408,1.652053,-1.420425,-1.783952,1.303770,1.652053,0.000000,0.000000,0.000000,0.000000,0.000000,0.000000,0.000000,0.000000,-1167.619141,166.847092,995.560974,1220.935669
24.9604,True,0.000000,0.000000,0.000000,0.000000,0.000000,0.000000,-1.420643,-1.783952,1.303408,1.652053,-1.420643,-1.783952,1.303770,1.652011,0.000000,0.000000,0.000000,0.000000,0.000000,0.000000,0.000000,0.000000,-1167.619141,166.847092,995.560974,1220.935669
24.9807,True,0.000000,0.000000,0.000000,0.000000,0.000000,0.000000,-1.421066,-1.783952,1.303770,1.652053,-1.421066,-1.783952,1.303770,1.652053,0.000000,0.000000,0.000000,0.000000,0.000000,0.000000,0.000000,0.000000,-1167.619141,166.847092,995.560974,1220.935669
25.0005,True,0.000000,0.000000,0.000000,0.000000,0.000000,0.000000,-1.420643,-1.783952,1.304051,1.652053,-1.420643,-1.783952,1.303408,1.652053,0.000000,0.000000,0.000000,0.000000,0.000000,0.000000,0.000000,0.000000,-1167.619141,166.847092,995.560974,1220.935669
25.0204,True,0.000000,0.000000,0.000000,0.000000,0.000000,0.000000,-1.420643,-1.783952,1.303770,1.652053,-1.420643,-1.783952,1.303770,1.652053,0.000000,0.000000,0.000000,0.000000,0.000000,0.000000,0.000000,0.000000,-1167.619141,166.847092,995.560974,1220.935669
25.0406,True,0.000000,0.000000,0.000000,0.000000,0.000000,0.000000,-1.420425,-1.783952,1.303770,1.652053,-1.420425,-1.783952,1.303770,1.652053,0.000000,0.000000,0.000000,0.000000,0.000000,0.000000,0.000000,0.000000,-1167.619141,166.847092,995.560974,1220.935669
25.0604,True,0.000000,0.000000,0.000000,0.000000,0.000000,0.000000,-1.420425,-1.783952,1.303770,1.652053,-1.420425,-1.783952,1.303770,1.652053,0.000000,0.000000,0.000000,0.000000,0.000000,0.000000,0.000000,0.000000,-1167.619141,166.847092,995.560974,1220.935669
25.0805,True,0.000000,0.000000,0.000000,0.000000,0.000000,0.000000,-1.420643,-1.783952,1.303770,1.652053,-1.420643,-1.783952,1.303770,1.652053,0.000000,0.000000,0.000000,0.000000,0.000000,0.000000,0.000000,0.000000,-1167.619141,166.847092,995.560974,1220.935669
25.1005,True,0.000000,0.000000,0.000000,0.000000,0.000000,0.000000,-1.420643,-1.783952,1.303770,1.652053,-1.420643,-1.783952,1.304133,1.652053,0.000000,0.000000,0.000000,0.000000,0.000000,0.000000,0.000000,0.000000,-1167.619141,166.847092,995.560974,1220.935669
25.1204,True,0.000000,0.000000,0.000000,0.000000,0.000000,0.000000,-1.420425,-1.783952,1.303490,1.652053,-1.420425,-1.783952,1.303490,1.652053,0.000000,0.000000,0.000000,0.000000,0.000000,0.000000,0.000000,0.000000,-1167.619141,166.847092,995.560974,1220.935669
25.1404,True,0.000000,0.000000,0.000000,0.000000,0.000000,0.000000,-1.420643,-1.783952,1.303490,1.652053,-1.420643,-1.783952,1.303490,1.652053,0.000000,0.000000,0.000000,0.000000,0.000000,0.000000,0.000000,0.000000,-1167.619141,166.847092,995.560974,1220.935669
25.1604,True,0.000000,0.000000,0.000000,0.000000,0.000000,0.000000,-1.420643,-1.783952,1.304133,1.652011,-1.420643,-1.783952,1.304133,1.652011,0.000000,0.000000,0.000000,0.000000,0.000000,0.000000,0.000000,0.000000,-1167.619141,166.847092,995.560974,1220.935669
25.1804,True,0.000000,0.000000,0.000000,0.000000,0.000000,0.000000,-1.420643,-1.783952,1.303490,1.651970,-1.420643,-1.783952,1.303490,1.651970,0.000000,0.000000,0.000000,0.000000,0.000000,0.000000,0.000000,0.000000,-1167.619141,166.847092,995.560974,1220.935669
25.2004,True,0.000000,0.000000,0.000000,0.000000,0.000000,0.000000,-1.420643,-1.783452,1.303770,1.652011,-1.420643,-1.783452,1.303770,1.652011,0.000000,0.000000,0.000000,0.000000,0.000000,0.000000,0.000000,0.000000,-1167.619141,166.847092,995.560974,1220.935669
25.2204,True,0.000000,0.000000,0.000000,0.000000,0.000000,0.000000,-1.421066,-1.783952,1.303490,1.652011,-1.420425,-1.783952,1.304133,1.652011,0.000000,0.000000,0.000000,0.000000,0.000000,0.000000,0.000000,0.000000,-1167.619141,166.847092,995.560974,1220.935669
25.2404,True,0.000000,0.000000,0.000000,0.000000,0.000000,0.000000,-1.420643,-1.783952,1.303770,1.652053,-1.420643,-1.783952,1.303770,1.652053,0.000000,0.000000,0.000000,0.000000,0.000000,0.000000,0.000000,0.000000,-1167.619141,166.847092,995.560974,1220.935669
25.2606,True,0.000000,0.000000,0.000000,0.000000,0.000000,0.000000,-1.420425,-1.783452,1.304133,1.652094,-1.420425,-1.783452,1.304133,1.652094,0.000000,0.000000,0.000000,0.000000,0.000000,0.000000,0.000000,0.000000,-1167.619141,166.847092,995.560974,1220.935669
25.2804,True,0.000000,0.000000,0.000000,0.000000,0.000000,0.000000,-1.420425,-1.784101,1.304133,1.652094,-1.420643,-1.784101,1.304133,1.652053,0.000000,0.000000,0.000000,0.000000,0.000000,0.000000,0.000000,0.000000,-1167.619141,166.847092,995.560974,1220.935669
25.3004,True,0.000000,0.000000,0.000000,0.000000,0.000000,0.000000,-1.420425,-1.783952,1.304133,1.652094,-1.420425,-1.783952,1.304133,1.652094,0.000000,0.000000,0.000000,0.000000,0.000000,0.000000,0.000000,0.000000,-1167.619141,166.847092,995.560974,1220.935669
25.3204,True,0.000000,0.000000,0.000000,0.000000,0.000000,0.000000,-1.421066,-1.783804,1.303770,1.652011,-1.421066,-1.783952,1.303490,1.652011,0.000000,0.000000,0.000000,0.000000,0.000000,0.000000,0.000000,0.000000,-1167.619141,166.847092,995.560974,1220.935669
25.3404,True,0.000000,0.000000,0.000000,0.000000,0.000000,0.000000,-1.420849,-1.783452,1.303490,1.652053,-1.420425,-1.784101,1.304133,1.651970,0.000000,0.000000,0.000000,0.000000,0.000000,0.000000,0.000000,0.000000,-1167.619141,166.847092,995.560974,1220.935669
25.3604,True,0.000000,0.000000,0.000000,0.000000,0.000000,0.000000,-1.421066,-1.784101,1.303490,1.652011,-1.421066,-1.784101,1.303490,1.652011,0.000000,0.000000,0.000000,0.000000,0.000000,0.000000,0.000000,0.000000,-1167.619141,166.847092,995.560974,1220.935669
25.3804,True,0.000000,0.000000,0.000000,0.000000,0.000000,0.000000,-1.420643,-1.783452,1.303770,1.652053,-1.420643,-1.783452,1.303770,1.652053,0.000000,0.000000,0.000000,0.000000,0.000000,0.000000,0.000000,0.000000,-1167.619141,166.847092,995.560974,1220.935669
25.4004,True,0.000000,0.000000,0.000000,0.000000,0.000000,0.000000,-1.420643,-1.784101,1.303770,1.652053,-1.420860,-1.784101,1.303770,1.652053,0.000000,0.000000,0.000000,0.000000,0.000000,0.000000,0.000000,0.000000,-1167.619141,166.847092,995.560974,1220.935669
25.4204,True,0.000000,0.000000,0.000000,0.000000,0.000000,0.000000,-1.420425,-1.783952,1.303770,1.652011,-1.420425,-1.783952,1.303770,1.652011,0.000000,0.000000,0.000000,0.000000,0.000000,0.000000,0.000000,0.000000,-1167.619141,166.847092,995.560974,1220.935669
25.4404,True,0.000000,0.000000,0.000000,0.000000,0.000000,0.000000,-1.420849,-1.783804,1.303770,1.652011,-1.420849,-1.784101,1.303770,1.652011,0.000000,0.000000,0.000000,0.000000,0.000000,0.000000,0.000000,0.000000,-1167.619141,166.847092,995.560974,1220.935669
25.4604,True,0.000000,0.000000,0.000000,0.000000,0.000000,0.000000,-1.420643,-1.784101,1.303770,1.652011,-1.420643,-1.783452,1.303770,1.652011,0.000000,0.000000,0.000000,0.000000,0.000000,0.000000,0.000000,0.000000,-1167.619141,166.847092,995.560974,1220.935669
25.4804,True,0.000000,0.000000,0.000000,0.000000,0.000000,0.000000,-1.421066,-1.783600,1.303770,1.652011,-1.421066,-1.783600,1.303770,1.652011,0.000000,0.000000,0.000000,0.000000,0.000000,0.000000,0.000000,0.000000,-1167.619141,166.847092,995.560974,1220.935669
25.5004,True,0.000000,0.000000,0.000000,0.000000,0.000000,0.000000,-1.420643,-1.783452,1.303770,1.652011,-1.420643,-1.783452,1.303770,1.652011,0.000000,0.000000,0.000000,0.000000,0.000000,0.000000,0.000000,0.000000,-1167.619141,166.847092,995.560974,1220.935669
25.5204,True,0.000000,0.000000,0.000000,0.000000,0.000000,0.000000,-1.420849,-1.783452,1.303770,1.651970,-1.420425,-1.783804,1.303770,1.651970,0.000000,0.000000,0.000000,0.000000,0.000000,0.000000,0.000000,0.000000,-1167.619141,166.847092,995.560974,1220.935669
25.5404,True,0.000000,0.000000,0.000000,0.000000,0.000000,0.000000,-1.421066,-1.783452,1.303770,1.651928,-1.421066,-1.783452,1.303770,1.651928,0.000000,0.000000,0.000000,0.000000,0.000000,0.000000,0.000000,0.000000,-1167.619141,166.847092,995.560974,1220.935669
25.5604,True,0.000000,0.000000,0.000000,0.000000,0.000000,0.000000,-1.421066,-1.783452,1.303770,1.651970,-1.421066,-1.783452,1.303770,1.651970,0.000000,0.000000,0.000000,0.000000,0.000000,0.000000,0.000000,0.000000,-1167.619141,166.847092,995.560974,1220.935669
25.5804,True,0.000000,0.000000,0.000000,0.000000,0.000000,0.000000,-1.421066,-1.783452,1.303770,1.651970,-1.421066,-1.783452,1.303770,1.651970,0.000000,0.000000,0.000000,0.000000,0.000000,0.000000,0.000000,0.000000,-1167.619141,166.847092,995.560974,1220.935669
25.6004,True,0.000000,0.000000,0.000000,0.000000,0.000000,0.000000,-1.420425,-1.783452,1.303770,1.651970,-1.420425,-1.783452,1.303770,1.651970,0.000000,0.000000,0.000000,0.000000,0.000000,0.000000,0.000000,0.000000,-1167.619141,166.847092,995.560974,1220.935669
25.6204,True,0.000000,0.000000,0.000000,0.000000,0.000000,0.000000,-1.420207,-1.783452,1.303770,1.651970,-1.420425,-1.783452,1.303770,1.651970,0.000000,0.000000,0.000000,0.000000,0.000000,0.000000,0.000000,0.000000,-1167.619141,166.847092,995.560974,1220.935669
25.6405,True,0.000000,0.000000,0.000000,0.000000,0.000000,0.000000,-1.420425,-1.783952,1.303770,1.652011,-1.420425,-1.783452,1.303770,1.652011,0.000000,0.000000,0.000000,0.000000,0.000000,0.000000,0.000000,0.000000,-1167.619141,166.847092,995.560974,1220.935669
25.6604,True,0.000000,0.000000,0.000000,0.000000,0.000000,0.000000,-1.420643,-1.783452,1.303770,1.652011,-1.420643,-1.783452,1.303770,1.652011,0.000000,0.000000,0.000000,0.000000,0.000000,0.000000,0.000000,0.000000,-1167.619141,166.847092,995.560974,1220.935669
25.6804,True,0.000000,0.000000,0.000000,0.000000,0.000000,0.000000,-1.420207,-1.783952,1.303770,1.652011,-1.420207,-1.783952,1.303770,1.652011,0.000000,0.000000,0.000000,0.000000,0.000000,0.000000,0.000000,0.000000,-1167.619141,166.847092,995.560974,1220.935669
25.7004,True,0.000000,0.000000,0.000000,0.000000,0.000000,0.000000,-1.420425,-1.783952,1.303770,1.652011,-1.420425,-1.783952,1.303770,1.652011,0.000000,0.000000,0.000000,0.000000,0.000000,0.000000,0.000000,0.000000,-1167.619141,166.847092,995.560974,1220.935669
25.7205,True,0.000000,0.000000,0.000000,0.000000,0.000000,0.000000,-1.420425,-1.783952,1.303770,1.652053,-1.420425,-1.783952,1.303770,1.652053,0.000000,0.000000,0.000000,0.000000,0.000000,0.000000,0.000000,0.000000,-1167.619141,166.847092,995.560974,1220.935669
25.7404,True,0.000000,0.000000,0.000000,0.000000,0.000000,0.000000,-1.420643,-1.783952,1.303770,1.652011,-1.420643,-1.783952,1.303770,1.652011,0.000000,0.000000,0.000000,0.000000,0.000000,0.000000,0.000000,0.000000,-1167.619141,166.847092,995.560974,1220.935669
25.7604,True,0.000000,0.000000,0.000000,0.000000,0.000000,0.000000,-1.420643,-1.783952,1.303770,1.652011,-1.420643,-1.783952,1.303770,1.652053,0.000000,0.000000,0.000000,0.000000,0.000000,0.000000,0.000000,0.000000,-1167.619141,166.847092,995.560974,1220.935669
25.7806,True,0.000000,0.000000,0.000000,0.000000,0.000000,0.000000,-1.420643,-1.783452,1.303770,1.652053,-1.420643,-1.783452,1.303770,1.652011,0.000000,0.000000,0.000000,0.000000,0.000000,0.000000,0.000000,0.000000,-1167.619141,166.847092,995.560974,1220.935669
25.8004,True,0.000000,0.000000,0.000000,0.000000,0.000000,0.000000,-1.420860,-1.783952,1.303770,1.652011,-1.420860,-1.784101,1.303770,1.652011,0.000000,0.000000,0.000000,0.000000,0.000000,0.000000,0.000000,0.000000,-1167.619141,166.847092,995.560974,1220.935669
25.8205,True,0.000000,0.000000,0.000000,0.000000,0.000000,0.000000,-1.420860,-1.783952,1.303770,1.652011,-1.420860,-1.783952,1.303770,1.652011,0.000000,0.000000,0.000000,0.000000,0.000000,0.000000,0.000000,0.000000,-1167.619141,166.847092,995.560974,1220.935669
25.8408,True,0.000000,0.000000,0.000000,0.000000,0.000000,0.000000,-1.421066,-1.784101,1.303770,1.652053,-1.421066,-1.783452,1.303770,1.652053,0.000000,0.000000,0.000000,0.000000,0.000000,0.000000,0.000000,0.000000,-1167.619141,166.847092,995.560974,1220.935669
25.8604,True,0.000000,0.000000,0.000000,0.000000,0.000000,0.000000,-1.420643,-1.783952,1.303770,1.652011,-1.420643,-1.783952,1.303770,1.652011,0.000000,0.000000,0.000000,0.000000,0.000000,0.000000,0.000000,0.000000,-1167.619141,166.847092,995.560974,1220.935669
25.8804,True,0.000000,0.000000,0.000000,0.000000,0.000000,0.000000,-1.420425,-1.784101,1.304133,1.652053,-1.420425,-1.784101,1.303490,1.652053,0.000000,0.000000,0.000000,0.000000,0.000000,0.000000,0.000000,0.000000,-1167.619141,166.847092,995.560974,1220.935669
25.9004,True,0.000000,0.000000,0.000000,0.000000,0.000000,0.000000,-1.420860,-1.784101,1.303770,1.652053,-1.420860,-1.784101,1.303770,1.652053,0.000000,0.000000,0.000000,0.000000,0.000000,0.000000,0.000000,0.000000,-1167.619141,166.847092,995.560974,1220.935669
25.9204,True,0.000000,0.000000,0.000000,0.000000,0.000000,0.000000,-1.420643,-1.784101,1.304133,1.652053,-1.420643,-1.784101,1.303770,1.652053,0.000000,0.000000,0.000000,0.000000,0.000000,0.000000,0.000000,0.000000,-1167.619141,166.847092,995.560974,1220.935669
25.9404,True,0.000000,0.000000,0.000000,0.000000,0.000000,0.000000,-1.420860,-1.784101,1.303770,1.652053,-1.420860,-1.784101,1.303770,1.652053,0.000000,0.000000,0.000000,0.000000,0.000000,0.000000,0.000000,0.000000,-1167.619141,166.847092,995.560974,1220.935669
25.9604,True,0.000000,0.000000,0.000000,0.000000,0.000000,0.000000,-1.420860,-1.784101,1.304133,1.652053,-1.420860,-1.784101,1.303853,1.652053,0.000000,0.000000,0.000000,0.000000,0.000000,0.000000,0.000000,0.000000,-1167.619141,166.847092,995.560974,1220.935669
25.9804,True,0.000000,0.000000,0.000000,0.000000,0.000000,0.000000,-1.420860,-1.784101,1.303770,1.651970,-1.420860,-1.784101,1.303770,1.651970,0.000000,0.000000,0.000000,0.000000,0.000000,0.000000,0.000000,0.000000,-1167.619141,166.847092,995.560974,1220.935669
26.0004,True,0.000000,0.000000,0.000000,0.000000,0.000000,0.000000,-1.420860,-1.784101,1.303770,1.652053,-1.420860,-1.784101,1.303770,1.652053,0.000000,0.000000,0.000000,0.000000,0.000000,0.000000,0.000000,0.000000,-1167.619141,166.847092,995.560974,1220.935669
26.0204,True,0.000000,0.000000,0.000000,0.000000,0.000000,0.000000,-1.420860,-1.784101,1.303770,1.652053,-1.420860,-1.784101,1.303770,1.652053,0.000000,0.000000,0.000000,0.000000,0.000000,0.000000,0.000000,0.000000,-1167.619141,166.847092,995.560974,1220.935669
26.0404,True,0.000000,0.000000,0.000000,0.000000,0.000000,0.000000,-1.420860,-1.784101,1.303770,1.652053,-1.420860,-1.784101,1.303770,1.652053,0.000000,0.000000,0.000000,0.000000,0.000000,0.000000,0.000000,0.000000,-1167.619141,166.847092,995.560974,1220.935669
26.0604,True,0.000000,0.000000,0.000000,0.000000,0.000000,0.000000,-1.420860,-1.784101,1.303770,1.652011,-1.420860,-1.784101,1.303770,1.652053,0.000000,0.000000,0.000000,0.000000,0.000000,0.000000,0.000000,0.000000,-1167.619141,166.847092,995.560974,1220.935669
26.0804,True,0.000000,0.000000,0.000000,0.000000,0.000000,0.000000,-1.420643,-1.784101,1.304133,1.652011,-1.420643,-1.784101,1.304051,1.652011,0.000000,0.000000,0.000000,0.000000,0.000000,0.000000,0.000000,0.000000,-1167.619141,166.847092,995.560974,1220.935669
26.1004,True,0.000000,0.000000,0.000000,0.000000,0.000000,0.000000,-1.420860,-1.784101,1.303770,1.652053,-1.420860,-1.784101,1.303770,1.652053,0.000000,0.000000,0.000000,0.000000,0.000000,0.000000,0.000000,0.000000,-1167.619141,166.847092,995.560974,1220.935669
26.1204,True,0.000000,0.000000,0.000000,0.000000,0.000000,0.000000,-1.420643,-1.784101,1.303770,1.652011,-1.420643,-1.784101,1.303770,1.652011,0.000000,0.000000,0.000000,0.000000,0.000000,0.000000,0.000000,0.000000,-1167.619141,166.847092,995.560974,1220.935669
26.1404,True,0.000000,0.000000,0.000000,0.000000,0.000000,0.000000,-1.420643,-1.784101,1.303770,1.652011,-1.420643,-1.784101,1.303770,1.652011,0.000000,0.000000,0.000000,0.000000,0.000000,0.000000,0.000000,0.000000,-1167.619141,166.847092,995.560974,1220.935669
26.1604,True,0.000000,0.000000,0.000000,0.000000,0.000000,0.000000,-1.420860,-1.784101,1.303770,1.652011,-1.421078,-1.784101,1.303770,1.652011,0.000000,0.000000,0.000000,0.000000,0.000000,0.000000,0.000000,0.000000,-1167.619141,166.847092,995.560974,1220.935669
26.1805,True,0.000000,0.000000,0.000000,0.000000,0.000000,0.000000,-1.420425,-1.784101,1.303770,1.652053,-1.420425,-1.784101,1.303770,1.651970,0.000000,0.000000,0.000000,0.000000,0.000000,0.000000,0.000000,0.000000,-1167.619141,166.847092,995.560974,1220.935669
26.2004,True,0.000000,0.000000,0.000000,0.000000,0.000000,0.000000,-1.420643,-1.784101,1.303770,1.652011,-1.420643,-1.784101,1.303770,1.652011,0.000000,0.000000,0.000000,0.000000,0.000000,0.000000,0.000000,0.000000,-1167.619141,166.847092,995.560974,1220.935669
26.2204,True,0.000000,0.000000,0.000000,0.000000,0.000000,0.000000,-1.420860,-1.784101,1.303770,1.652011,-1.420860,-1.784101,1.303770,1.652011,0.000000,0.000000,0.000000,0.000000,0.000000,0.000000,0.000000,0.000000,-1167.619141,166.847092,995.560974,1220.935669
26.2404,True,0.000000,0.000000,0.000000,0.000000,0.000000,0.000000,-1.420643,-1.784101,1.303408,1.652011,-1.420643,-1.784101,1.303408,1.652011,0.000000,0.000000,0.000000,0.000000,0.000000,0.000000,0.000000,0.000000,-1167.619141,166.847092,995.560974,1220.935669
26.2604,True,0.000000,0.000000,0.000000,0.000000,0.000000,0.000000,-1.420643,-1.784101,1.303770,1.652094,-1.420643,-1.784101,1.303770,1.652053,0.000000,0.000000,0.000000,0.000000,0.000000,0.000000,0.000000,0.000000,-1167.619141,166.847092,995.560974,1220.935669
26.2804,True,0.000000,0.000000,0.000000,0.000000,0.000000,0.000000,-1.420860,-1.784101,1.303408,1.652053,-1.420860,-1.784101,1.303408,1.652053,0.000000,0.000000,0.000000,0.000000,0.000000,0.000000,0.000000,0.000000,-1167.619141,166.847092,995.560974,1220.935669
26.3004,True,0.000000,0.000000,0.000000,0.000000,0.000000,0.000000,-1.421078,-1.784101,1.304051,1.652011,-1.421078,-1.784101,1.304051,1.652011,0.000000,0.000000,0.000000,0.000000,0.000000,0.000000,0.000000,0.000000,-1167.619141,166.847092,995.560974,1220.935669
26.3204,True,0.000000,0.000000,0.000000,0.000000,0.000000,0.000000,-1.420860,-1.784101,1.303770,1.651970,-1.420860,-1.784101,1.303770,1.651970,0.000000,0.000000,0.000000,0.000000,0.000000,0.000000,0.000000,0.000000,-1167.619141,166.847092,995.560974,1220.935669
26.3404,True,0.000000,0.000000,0.000000,0.000000,0.000000,0.000000,-1.421078,-1.784101,1.303770,1.652011,-1.421078,-1.784101,1.303408,1.652011,0.000000,0.000000,0.000000,0.000000,0.000000,0.000000,0.000000,0.000000,-1167.619141,166.847092,995.560974,1220.935669
26.3604,True,0.000000,0.000000,0.000000,0.000000,0.000000,0.000000,-1.420436,-1.784101,1.304051,1.652011,-1.420436,-1.784101,1.303408,1.652011,0.000000,0.000000,0.000000,0.000000,0.000000,0.000000,0.000000,0.000000,-1167.619141,166.847092,995.560974,1220.935669
26.3804,True,0.000000,0.000000,0.000000,0.000000,0.000000,0.000000,-1.421078,-1.784101,1.304133,1.652053,-1.421078,-1.784101,1.304133,1.652011,0.000000,0.000000,0.000000,0.000000,0.000000,0.000000,0.000000,0.000000,-1167.619141,166.847092,995.560974,1220.935669
26.4004,True,0.000000,0.000000,0.000000,0.000000,0.000000,0.000000,-1.420436,-1.784101,1.304133,1.652094,-1.420436,-1.784101,1.304051,1.652094,0.000000,0.000000,0.000000,0.000000,0.000000,0.000000,0.000000,0.000000,-1167.619141,166.847092,995.560974,1220.935669
26.4204,True,0.000000,0.000000,0.000000,0.000000,0.000000,0.000000,-1.421078,-1.784101,1.304051,1.652011,-1.420860,-1.784101,1.303408,1.652053,0.000000,0.000000,0.000000,0.000000,0.000000,0.000000,0.000000,0.000000,-1167.619141,166.847092,995.560974,1220.935669
26.4405,True,0.000000,0.000000,0.000000,0.000000,0.000000,0.000000,-1.420436,-1.784101,1.303770,1.652011,-1.420436,-1.784101,1.303770,1.652011,0.000000,0.000000,0.000000,0.000000,0.000000,0.000000,0.000000,0.000000,-1167.619141,166.847092,995.560974,1220.935669
26.4605,True,0.000000,0.000000,0.000000,0.000000,0.000000,0.000000,-1.420643,-1.783952,1.303770,1.652053,-1.420643,-1.783952,1.303770,1.652053,0.000000,0.000000,0.000000,0.000000,0.000000,0.000000,0.000000,0.000000,-1167.619141,166.847092,995.560974,1220.935669
26.4804,True,0.000000,0.000000,0.000000,0.000000,0.000000,0.000000,-1.420860,-1.783952,1.304133,1.652011,-1.420643,-1.783952,1.304133,1.652011,0.000000,0.000000,0.000000,0.000000,0.000000,0.000000,0.000000,0.000000,-1167.619141,166.847092,995.560974,1220.935669
26.5004,True,0.000000,0.000000,0.000000,0.000000,0.000000,0.000000,-1.420860,-1.783952,1.304133,1.651970,-1.420860,-1.783952,1.304133,1.652011,0.000000,0.000000,0.000000,0.000000,0.000000,0.000000,0.000000,0.000000,-1167.619141,166.847092,995.560974,1220.935669
26.5204,True,0.000000,0.000000,0.000000,0.000000,0.000000,0.000000,-1.420860,-1.783600,1.303490,1.652011,-1.420860,-1.783600,1.303490,1.652011,0.000000,0.000000,0.000000,0.000000,0.000000,0.000000,0.000000,0.000000,-1167.619141,166.847092,995.560974,1220.935669
26.5404,True,0.000000,0.000000,0.000000,0.000000,0.000000,0.000000,-1.420643,-1.783452,1.303770,1.652011,-1.420860,-1.783952,1.303770,1.652011,0.000000,0.000000,0.000000,0.000000,0.000000,0.000000,0.000000,0.000000,-1167.619141,166.847092,995.560974,1220.935669
26.5604,True,0.000000,0.000000,0.000000,0.000000,0.000000,0.000000,-1.420860,-1.784101,1.304133,1.652011,-1.420860,-1.784101,1.304133,1.652011,0.000000,0.000000,0.000000,0.000000,0.000000,0.000000,0.000000,0.000000,-1167.619141,166.847092,995.560974,1220.935669
26.5804,True,0.000000,0.000000,0.000000,0.000000,0.000000,0.000000,-1.420643,-1.783952,1.303490,1.652011,-1.420643,-1.783952,1.303490,1.652011,0.000000,0.000000,0.000000,0.000000,0.000000,0.000000,0.000000,0.000000,-1167.619141,166.847092,995.560974,1220.935669
26.6004,True,0.000000,0.000000,0.000000,0.000000,0.000000,0.000000,-1.420643,-1.783600,1.303490,1.652011,-1.420643,-1.783600,1.303490,1.652011,0.000000,0.000000,0.000000,0.000000,0.000000,0.000000,0.000000,0.000000,-1167.619141,166.847092,995.560974,1220.935669
26.6204,True,0.000000,0.000000,0.000000,0.000000,0.000000,0.000000,-1.420860,-1.784101,1.303935,1.652011,-1.420860,-1.784101,1.303935,1.652011,0.000000,0.000000,0.000000,0.000000,0.000000,0.000000,0.000000,0.000000,-1167.619141,166.847092,995.560974,1220.935669
26.6404,True,0.000000,0.000000,0.000000,0.000000,0.000000,0.000000,-1.420643,-1.783600,1.304133,1.652011,-1.420643,-1.783952,1.304133,1.652011,0.000000,0.000000,0.000000,0.000000,0.000000,0.000000,0.000000,0.000000,-1167.619141,166.847092,995.560974,1220.935669
26.6604,True,0.000000,0.000000,0.000000,0.000000,0.000000,0.000000,-1.420425,-1.783952,1.303490,1.652011,-1.421066,-1.783952,1.304133,1.652011,0.000000,0.000000,0.000000,0.000000,0.000000,0.000000,0.000000,0.000000,-1167.619141,166.847092,995.560974,1220.935669
26.6804,True,0.000000,0.000000,0.000000,0.000000,0.000000,0.000000,-1.421066,-1.784101,1.303490,1.652011,-1.421066,-1.784101,1.303490,1.652011,0.000000,0.000000,0.000000,0.000000,0.000000,0.000000,0.000000,0.000000,-1167.619141,166.847092,995.560974,1220.935669
26.7004,True,0.000000,0.000000,0.000000,0.000000,0.000000,0.000000,-1.421066,-1.783952,1.304133,1.652011,-1.421066,-1.783952,1.304133,1.652011,0.000000,0.000000,0.000000,0.000000,0.000000,0.000000,0.000000,0.000000,-1167.619141,166.847092,995.560974,1220.935669
26.7204,True,0.000000,0.000000,0.000000,0.000000,0.000000,0.000000,-1.421066,-1.783452,1.304133,1.652011,-1.421066,-1.783452,1.303770,1.652011,0.000000,0.000000,0.000000,0.000000,0.000000,0.000000,0.000000,0.000000,-1167.619141,166.847092,995.560974,1220.935669
26.7405,True,0.000000,0.000000,0.000000,0.000000,0.000000,0.000000,-1.421066,-1.783952,1.303770,1.652011,-1.421066,-1.783952,1.303770,1.652011,0.000000,0.000000,0.000000,0.000000,0.000000,0.000000,0.000000,0.000000,-1167.619141,166.847092,995.560974,1220.935669
26.7604,True,0.000000,0.000000,0.000000,0.000000,0.000000,0.000000,-1.420643,-1.783952,1.303770,1.652011,-1.420643,-1.783952,1.303770,1.652011,0.000000,0.000000,0.000000,0.000000,0.000000,0.000000,0.000000,0.000000,-1167.619141,166.847092,995.560974,1220.935669
26.7804,True,0.000000,0.000000,0.000000,0.000000,0.000000,0.000000,-1.420860,-1.783952,1.303770,1.652011,-1.420860,-1.783952,1.303770,1.652011,0.000000,0.000000,0.000000,0.000000,0.000000,0.000000,0.000000,0.000000,-1167.619141,166.847092,995.560974,1220.935669
26.8006,True,0.000000,0.000000,0.000000,0.000000,0.000000,0.000000,-1.420860,-1.783452,1.303490,1.652011,-1.420860,-1.783452,1.303490,1.652011,0.000000,0.000000,0.000000,0.000000,0.000000,0.000000,0.000000,0.000000,-1167.619141,166.847092,995.560974,1220.935669
26.8205,True,0.000000,0.000000,0.000000,0.000000,0.000000,0.000000,-1.420643,-1.783452,1.303490,1.652011,-1.420643,-1.784101,1.303490,1.652011,0.000000,0.000000,0.000000,0.000000,0.000000,0.000000,0.000000,0.000000,-1167.619141,166.847092,995.560974,1220.935669
26.8404,True,0.000000,0.000000,0.000000,0.000000,0.000000,0.000000,-1.420643,-1.784101,1.303853,1.652011,-1.420643,-1.784101,1.303490,1.652011,0.000000,0.000000,0.000000,0.000000,0.000000,0.000000,0.000000,0.000000,-1167.619141,166.847092,995.560974,1220.935669
26.8606,True,0.000000,0.000000,0.000000,0.000000,0.000000,0.000000,-1.420643,-1.783452,1.304133,1.652011,-1.420643,-1.784101,1.303490,1.652011,0.000000,0.000000,0.000000,0.000000,0.000000,0.000000,0.000000,0.000000,-1167.619141,166.847092,995.560974,1220.935669
26.8805,True,0.000000,0.000000,0.000000,0.000000,0.000000,0.000000,-1.420860,-1.784101,1.303770,1.652011,-1.420860,-1.783600,1.303770,1.652011,0.000000,0.000000,0.000000,0.000000,0.000000,0.000000,0.000000,0.000000,-1167.619141,166.847092,995.560974,1220.935669
26.9004,True,0.000000,0.000000,0.000000,0.000000,0.000000,0.000000,-1.420436,-1.783952,1.304133,1.652011,-1.420436,-1.783952,1.304133,1.652011,0.000000,0.000000,0.000000,0.000000,0.000000,0.000000,0.000000,0.000000,-1167.619141,166.847092,995.560974,1220.935669
26.9205,True,0.000000,0.000000,0.000000,0.000000,0.000000,0.000000,-1.421078,-1.783952,1.304051,1.652011,-1.421078,-1.783952,1.304051,1.652011,0.000000,0.000000,0.000000,0.000000,0.000000,0.000000,0.000000,0.000000,-1167.619141,166.847092,995.560974,1220.935669
26.9404,True,0.000000,0.000000,0.000000,0.000000,0.000000,0.000000,-1.420860,-1.783952,1.304051,1.651970,-1.420860,-1.783952,1.304051,1.652011,0.000000,0.000000,0.000000,0.000000,0.000000,0.000000,0.000000,0.000000,-1167.619141,166.847092,995.560974,1220.935669
26.9604,True,0.000000,0.000000,0.000000,0.000000,0.000000,0.000000,-1.420643,-1.783952,1.304051,1.652011,-1.420643,-1.783952,1.304051,1.651970,0.000000,0.000000,0.000000,0.000000,0.000000,0.000000,0.000000,0.000000,-1167.619141,166.847092,995.560974,1220.935669
26.9805,True,0.000000,0.000000,0.000000,0.000000,0.000000,0.000000,-1.420643,-1.783952,1.304051,1.652053,-1.420643,-1.783952,1.304051,1.652011,0.000000,0.000000,0.000000,0.000000,0.000000,0.000000,0.000000,0.000000,-1167.619141,166.847092,995.560974,1220.935669
27.0004,True,0.000000,0.000000,0.000000,0.000000,0.000000,0.000000,-1.420643,-1.783952,1.304051,1.652011,-1.420643,-1.783952,1.304051,1.652011,0.000000,0.000000,0.000000,0.000000,0.000000,0.000000,0.000000,0.000000,-1167.619141,166.847092,995.560974,1220.935669
27.0204,True,0.000000,0.000000,0.000000,0.000000,0.000000,0.000000,-1.420643,-1.783952,1.304051,1.652011,-1.420643,-1.783952,1.304051,1.652011,0.000000,0.000000,0.000000,0.000000,0.000000,0.000000,0.000000,0.000000,-1167.619141,166.847092,995.560974,1220.935669
27.0404,True,0.000000,0.000000,0.000000,0.000000,0.000000,0.000000,-1.420643,-1.783952,1.304051,1.652053,-1.420643,-1.783952,1.304051,1.652053,0.000000,0.000000,0.000000,0.000000,0.000000,0.000000,0.000000,0.000000,-1167.619141,166.847092,995.560974,1220.935669
27.0604,True,0.000000,0.000000,0.000000,0.000000,0.000000,0.000000,-1.420643,-1.783452,1.304051,1.652053,-1.420643,-1.783452,1.304051,1.652053,0.000000,0.000000,0.000000,0.000000,0.000000,0.000000,0.000000,0.000000,-1167.619141,166.847092,995.560974,1220.935669
27.0805,True,0.000000,0.000000,0.000000,0.000000,0.000000,0.000000,-1.420643,-1.783804,1.304051,1.652011,-1.420643,-1.783804,1.304051,1.652011,0.000000,0.000000,0.000000,0.000000,0.000000,0.000000,0.000000,0.000000,-1167.619141,166.847092,995.560974,1220.935669
27.1004,True,0.000000,0.000000,0.000000,0.000000,0.000000,0.000000,-1.420425,-1.783804,1.304051,1.652053,-1.420425,-1.783952,1.304051,1.652053,0.000000,0.000000,0.000000,0.000000,0.000000,0.000000,0.000000,0.000000,-1167.619141,166.847092,995.560974,1220.935669
27.1204,True,0.000000,0.000000,0.000000,0.000000,0.000000,0.000000,-1.420643,-1.783952,1.304051,1.652053,-1.420643,-1.783952,1.304051,1.652053,0.000000,0.000000,0.000000,0.000000,0.000000,0.000000,0.000000,0.000000,-1167.619141,166.847092,995.560974,1220.935669
27.1406,True,0.000000,0.000000,0.000000,0.000000,0.000000,0.000000,-1.420643,-1.783952,1.304051,1.652053,-1.420643,-1.783952,1.304051,1.652053,0.000000,0.000000,0.000000,0.000000,0.000000,0.000000,0.000000,0.000000,-1167.619141,166.847092,995.560974,1220.935669
27.1604,True,0.000000,0.000000,0.000000,0.000000,0.000000,0.000000,-1.420425,-1.783804,1.304051,1.652053,-1.420425,-1.783452,1.304051,1.652053,0.000000,0.000000,0.000000,0.000000,0.000000,0.000000,0.000000,0.000000,-1167.619141,166.847092,995.560974,1220.935669
27.1804,True,0.000000,0.000000,0.000000,0.000000,0.000000,0.000000,-1.420643,-1.783303,1.304051,1.652053,-1.420643,-1.783952,1.304051,1.652094,0.000000,0.000000,0.000000,0.000000,0.000000,0.000000,0.000000,0.000000,-1167.619141,166.847092,995.560974,1220.935669
27.2004,True,0.000000,0.000000,0.000000,0.000000,0.000000,0.000000,-1.420860,-1.783452,1.304051,1.652011,-1.420860,-1.783452,1.304051,1.652011,0.000000,0.000000,0.000000,0.000000,0.000000,0.000000,0.000000,0.000000,-1167.619141,166.847092,995.560974,1220.935669
27.2204,True,0.000000,0.000000,0.000000,0.000000,0.000000,0.000000,-1.420860,-1.783452,1.303770,1.652053,-1.420860,-1.783452,1.303490,1.652053,0.000000,0.000000,0.000000,0.000000,0.000000,0.000000,0.000000,0.000000,-1167.619141,166.847092,995.560974,1220.935669
27.2404,True,0.000000,0.000000,0.000000,0.000000,0.000000,0.000000,-1.420436,-1.783452,1.303770,1.652053,-1.420436,-1.783452,1.303770,1.652053,0.000000,0.000000,0.000000,0.000000,0.000000,0.000000,0.000000,0.000000,-1167.619141,166.847092,995.560974,1220.935669
27.2604,True,0.000000,0.000000,0.000000,0.000000,0.000000,0.000000,-1.420436,-1.783452,1.303770,1.652011,-1.420436,-1.783452,1.303770,1.652011,0.000000,0.000000,0.000000,0.000000,0.000000,0.000000,0.000000,0.000000,-1167.619141,166.847092,995.560974,1220.935669
27.2804,True,0.000000,0.000000,0.000000,0.000000,0.000000,0.000000,-1.420860,-1.783452,1.303490,1.652011,-1.420860,-1.783452,1.304133,1.652011,0.000000,0.000000,0.000000,0.000000,0.000000,0.000000,0.000000,0.000000,-1167.619141,166.847092,995.560974,1220.935669
27.3004,True,0.000000,0.000000,0.000000,0.000000,0.000000,0.000000,-1.420860,-1.783452,1.303770,1.652053,-1.420860,-1.783452,1.303770,1.652053,0.000000,0.000000,0.000000,0.000000,0.000000,0.000000,0.000000,0.000000,-1167.619141,166.847092,995.560974,1220.935669
27.3204,True,0.000000,0.000000,0.000000,0.000000,0.000000,0.000000,-1.420643,-1.783452,1.303770,1.652011,-1.420643,-1.783452,1.303770,1.652011,0.000000,0.000000,0.000000,0.000000,0.000000,0.000000,0.000000,0.000000,-1167.619141,166.847092,995.560974,1220.935669
27.3404,True,0.000000,0.000000,0.000000,0.000000,0.000000,0.000000,-1.420860,-1.783452,1.303770,1.651970,-1.420860,-1.783452,1.303770,1.651970,0.000000,0.000000,0.000000,0.000000,0.000000,0.000000,0.000000,0.000000,-1167.619141,166.847092,995.560974,1220.935669
27.3604,True,0.000000,0.000000,0.000000,0.000000,0.000000,0.000000,-1.420860,-1.783452,1.304133,1.652011,-1.420860,-1.783452,1.304133,1.652011,0.000000,0.000000,0.000000,0.000000,0.000000,0.000000,0.000000,0.000000,-1167.619141,166.847092,995.560974,1220.935669
27.3804,True,0.000000,0.000000,0.000000,0.000000,0.000000,0.000000,-1.420860,-1.783452,1.304051,1.651970,-1.420860,-1.783452,1.304051,1.651970,0.000000,0.000000,0.000000,0.000000,0.000000,0.000000,0.000000,0.000000,-1167.619141,166.847092,995.560974,1220.935669
27.4004,True,0.000000,0.000000,0.000000,0.000000,0.000000,0.000000,-1.420643,-1.783452,1.303770,1.651970,-1.420643,-1.783452,1.304133,1.651970,0.000000,0.000000,0.000000,0.000000,0.000000,0.000000,0.000000,0.000000,-1167.619141,166.847092,995.560974,1220.935669
27.4205,True,0.000000,0.000000,0.000000,0.000000,0.000000,0.000000,-1.420436,-1.783452,1.303408,1.652053,-1.420436,-1.783452,1.303770,1.652053,0.000000,0.000000,0.000000,0.000000,0.000000,0.000000,0.000000,0.000000,-1167.619141,166.847092,995.560974,1220.935669
27.4404,True,0.000000,0.000000,0.000000,0.000000,0.000000,0.000000,-1.420860,-1.783452,1.304133,1.652053,-1.420860,-1.783452,1.303770,1.652011,0.000000,0.000000,0.000000,0.000000,0.000000,0.000000,0.000000,0.000000,-1167.619141,166.847092,995.560974,1220.935669
27.4604,True,0.000000,0.000000,0.000000,0.000000,0.000000,0.000000,-1.420860,-1.783452,1.304051,1.651970,-1.420860,-1.783452,1.303770,1.652011,0.000000,0.000000,0.000000,0.000000,0.000000,0.000000,0.000000,0.000000,-1167.619141,166.847092,995.560974,1220.935669
27.4804,True,0.000000,0.000000,0.000000,0.000000,0.000000,0.000000,-1.420860,-1.783452,1.303770,1.652011,-1.420860,-1.783452,1.303770,1.652011,0.000000,0.000000,0.000000,0.000000,0.000000,0.000000,0.000000,0.000000,-1167.619141,166.847092,995.560974,1220.935669
27.5004,True,0.000000,0.000000,0.000000,0.000000,0.000000,0.000000,-1.421078,-1.783452,1.303770,1.652011,-1.421078,-1.783452,1.303770,1.652011,0.000000,0.000000,0.000000,0.000000,0.000000,0.000000,0.000000,0.000000,-1167.619141,166.847092,995.560974,1220.935669
27.5204,True,0.000000,0.000000,0.000000,0.000000,0.000000,0.000000,-1.420860,-1.783452,1.303770,1.652011,-1.420860,-1.783452,1.303770,1.652011,0.000000,0.000000,0.000000,0.000000,0.000000,0.000000,0.000000,0.000000,-1167.619141,166.847092,995.560974,1220.935669
27.5404,True,0.000000,0.000000,0.000000,0.000000,0.000000,0.000000,-1.421078,-1.783452,1.303770,1.651928,-1.421078,-1.783452,1.303770,1.651928,0.000000,0.000000,0.000000,0.000000,0.000000,0.000000,0.000000,0.000000,-1167.619141,166.847092,995.560974,1220.935669
27.5604,True,0.000000,0.000000,0.000000,0.000000,0.000000,0.000000,-1.420654,-1.783452,1.303408,1.652094,-1.420860,-1.783452,1.303408,1.652094,0.000000,0.000000,0.000000,0.000000,0.000000,0.000000,0.000000,0.000000,-1167.619141,166.847092,995.560974,1220.935669
27.5804,True,0.000000,0.000000,0.000000,0.000000,0.000000,0.000000,-1.420860,-1.783452,1.304051,1.652053,-1.420860,-1.783452,1.304051,1.652053,0.000000,0.000000,0.000000,0.000000,0.000000,0.000000,0.000000,0.000000,-1167.619141,166.847092,995.560974,1220.935669
27.6004,True,0.000000,0.000000,0.000000,0.000000,0.000000,0.000000,-1.420860,-1.783452,1.304051,1.652011,-1.420860,-1.783452,1.304051,1.652011,0.000000,0.000000,0.000000,0.000000,0.000000,0.000000,0.000000,0.000000,-1167.619141,166.847092,995.560974,1220.935669
27.6204,True,0.000000,0.000000,0.000000,0.000000,0.000000,0.000000,-1.420436,-1.783452,1.303770,1.652011,-1.420436,-1.783452,1.303770,1.652011,0.000000,0.000000,0.000000,0.000000,0.000000,0.000000,0.000000,0.000000,-1167.619141,166.847092,995.560974,1220.935669
27.6405,True,0.000000,0.000000,0.000000,0.000000,0.000000,0.000000,-1.420436,-1.783452,1.303770,1.651970,-1.420860,-1.783452,1.303770,1.651970,0.000000,0.000000,0.000000,0.000000,0.000000,0.000000,0.000000,0.000000,-1167.619141,166.847092,995.560974,1220.935669
27.6604,True,0.000000,0.000000,0.000000,0.000000,0.000000,0.000000,-1.420860,-1.783452,1.303770,1.652011,-1.420860,-1.783452,1.303770,1.652011,0.000000,0.000000,0.000000,0.000000,0.000000,0.000000,0.000000,0.000000,-1167.619141,166.847092,995.560974,1220.935669
27.6804,True,0.000000,0.000000,0.000000,0.000000,0.000000,0.000000,-1.420860,-1.783452,1.303770,1.651970,-1.421078,-1.783452,1.303770,1.652011,0.000000,0.000000,0.000000,0.000000,0.000000,0.000000,0.000000,0.000000,-1167.619141,166.847092,995.560974,1220.935669
27.7008,True,0.000000,0.000000,0.000000,0.000000,0.000000,0.000000,-1.421078,-1.783452,1.303490,1.652011,-1.421078,-1.783452,1.303490,1.652011,0.000000,0.000000,0.000000,0.000000,0.000000,0.000000,0.000000,0.000000,-1167.619141,166.847092,995.560974,1220.935669
27.7204,True,0.000000,0.000000,0.000000,0.000000,0.000000,0.000000,-1.420436,-1.783452,1.304133,1.651970,-1.420436,-1.783452,1.304133,1.651970,0.000000,0.000000,0.000000,0.000000,0.000000,0.000000,0.000000,0.000000,-1167.619141,166.847092,995.560974,1220.935669
27.7404,True,0.000000,0.000000,0.000000,0.000000,0.000000,0.000000,-1.420436,-1.783952,1.303770,1.652011,-1.420436,-1.783952,1.303853,1.652011,0.000000,0.000000,0.000000,0.000000,0.000000,0.000000,0.000000,0.000000,-1167.619141,166.847092,995.560974,1220.935669
27.7606,True,0.000000,0.000000,0.000000,0.000000,0.000000,0.000000,-1.420436,-1.783303,1.303490,1.651970,-1.420436,-1.783804,1.303770,1.652011,0.000000,0.000000,0.000000,0.000000,0.000000,0.000000,0.000000,0.000000,-1167.619141,166.847092,995.560974,1220.935669
27.7804,True,0.000000,0.000000,0.000000,0.000000,0.000000,0.000000,-1.420436,-1.783452,1.304051,1.652011,-1.420436,-1.783452,1.304051,1.652011,0.000000,0.000000,0.000000,0.000000,0.000000,0.000000,0.000000,0.000000,-1167.619141,166.847092,995.560974,1220.935669
27.8004,True,0.000000,0.000000,0.000000,0.000000,0.000000,0.000000,-1.420436,-1.783804,1.303770,1.652011,-1.420436,-1.783804,1.303770,1.652011,0.000000,0.000000,0.000000,0.000000,0.000000,0.000000,0.000000,0.000000,-1167.619141,166.847092,995.560974,1220.935669
27.8208,True,0.000000,0.000000,0.000000,0.000000,0.000000,0.000000,-1.420436,-1.783804,1.303770,1.652011,-1.420436,-1.783804,1.303770,1.652011,0.000000,0.000000,0.000000,0.000000,0.000000,0.000000,0.000000,0.000000,-1167.619141,166.847092,995.560974,1220.935669
27.8405,True,0.000000,0.000000,0.000000,0.000000,0.000000,0.000000,-1.420436,-1.783452,1.303770,1.652011,-1.420436,-1.783452,1.303770,1.652011,0.000000,0.000000,0.000000,0.000000,0.000000,0.000000,0.000000,0.000000,-1167.619141,166.847092,995.560974,1220.935669
27.8604,True,0.000000,0.000000,0.000000,0.000000,0.000000,0.000000,-1.420436,-1.783452,1.303770,1.652011,-1.420436,-1.783452,1.303770,1.652011,0.000000,0.000000,0.000000,0.000000,0.000000,0.000000,0.000000,0.000000,-1167.619141,166.847092,995.560974,1220.935669
27.8805,True,0.000000,0.000000,0.000000,0.000000,0.000000,0.000000,-1.420436,-1.783452,1.303688,1.652053,-1.420436,-1.783952,1.304051,1.652053,0.000000,0.000000,0.000000,0.000000,0.000000,0.000000,0.000000,0.000000,-1167.619141,166.847092,995.560974,1220.935669
27.9005,True,0.000000,0.000000,0.000000,0.000000,0.000000,0.000000,-1.420436,-1.783452,1.303770,1.652011,-1.420436,-1.784101,1.303770,1.652011,0.000000,0.000000,0.000000,0.000000,0.000000,0.000000,0.000000,0.000000,-1167.619141,166.847092,995.560974,1220.935669
27.9204,True,0.000000,0.000000,0.000000,0.000000,0.000000,0.000000,-1.420436,-1.783303,1.304051,1.652053,-1.420436,-1.783303,1.304051,1.652053,0.000000,0.000000,0.000000,0.000000,0.000000,0.000000,0.000000,0.000000,-1167.619141,166.847092,995.560974,1220.935669
27.9404,True,0.000000,0.000000,0.000000,0.000000,0.000000,0.000000,-1.420436,-1.783303,1.304051,1.652053,-1.420436,-1.783303,1.304051,1.652053,0.000000,0.000000,0.000000,0.000000,0.000000,0.000000,0.000000,0.000000,-1167.619141,166.847092,995.560974,1220.935669
27.9604,True,0.000000,0.000000,0.000000,0.000000,0.000000,0.000000,-1.420436,-1.783303,1.304133,1.652053,-1.420436,-1.783303,1.303770,1.652053,0.000000,0.000000,0.000000,0.000000,0.000000,0.000000,0.000000,0.000000,-1167.619141,166.847092,995.560974,1220.935669
27.9804,True,0.000000,0.000000,0.000000,0.000000,0.000000,0.000000,-1.420436,-1.783952,1.304133,1.652011,-1.420436,-1.783952,1.304133,1.652011,0.000000,0.000000,0.000000,0.000000,0.000000,0.000000,0.000000,0.000000,-1167.619141,166.847092,995.560974,1220.935669
28.0006,True,0.000000,0.000000,0.000000,0.000000,0.000000,0.000000,-1.420436,-1.783804,1.303770,1.652053,-1.420436,-1.783952,1.303408,1.652053,0.000000,0.000000,0.000000,0.000000,0.000000,0.000000,0.000000,0.000000,-1167.619141,166.847092,995.560974,1220.935669
28.0204,True,0.000000,0.000000,0.000000,0.000000,0.000000,0.000000,-1.420436,-1.783452,1.303770,1.652094,-1.420436,-1.783452,1.303128,1.652053,0.000000,0.000000,0.000000,0.000000,0.000000,0.000000,0.000000,0.000000,-1167.619141,166.847092,995.560974,1220.935669
28.0407,True,0.000000,0.000000,0.000000,0.000000,0.000000,0.000000,-1.420436,-1.783952,1.303853,1.652011,-1.420436,-1.783952,1.303853,1.652011,0.000000,0.000000,0.000000,0.000000,0.000000,0.000000,0.000000,0.000000,-1167.619141,166.847092,995.560974,1220.935669
28.0604,True,0.000000,0.000000,0.000000,0.000000,0.000000,0.000000,-1.420436,-1.783952,1.303770,1.651970,-1.420436,-1.783952,1.303770,1.651970,0.000000,0.000000,0.000000,0.000000,0.000000,0.000000,0.000000,0.000000,-1167.619141,166.847092,995.560974,1220.935669
28.0804,True,0.000000,0.000000,0.000000,0.000000,0.000000,0.000000,-1.420436,-1.783952,1.304133,1.652011,-1.420436,-1.783952,1.304133,1.652011,0.000000,0.000000,0.000000,0.000000,0.000000,0.000000,0.000000,0.000000,-1167.619141,166.847092,995.560974,1220.935669
28.1007,True,0.000000,0.000000,0.000000,0.000000,0.000000,0.000000,-1.420436,-1.783452,1.303770,1.651970,-1.420436,-1.783452,1.303770,1.652011,0.000000,0.000000,0.000000,0.000000,0.000000,0.000000,0.000000,0.000000,-1167.619141,166.847092,995.560974,1220.935669
28.1205,True,0.000000,0.000000,0.000000,0.000000,0.000000,0.000000,-1.420436,-1.783952,1.304133,1.652011,-1.420436,-1.783452,1.303770,1.652011,0.000000,0.000000,0.000000,0.000000,0.000000,0.000000,0.000000,0.000000,-1167.619141,166.847092,995.560974,1220.935669
28.1406,True,0.000000,0.000000,0.000000,0.000000,0.000000,0.000000,-1.420436,-1.783804,1.303490,1.652053,-1.420436,-1.783804,1.303490,1.652053,0.000000,0.000000,0.000000,0.000000,0.000000,0.000000,0.000000,0.000000,-1167.619141,166.847092,995.560974,1220.935669
28.1608,True,0.000000,0.000000,0.000000,0.000000,0.000000,0.000000,-1.420860,-1.783804,1.303490,1.652053,-1.420643,-1.783804,1.303490,1.652053,0.000000,0.000000,0.000000,0.000000,0.000000,0.000000,0.000000,0.000000,-1167.619141,166.847092,995.560974,1220.935669
28.1804,True,0.000000,0.000000,0.000000,0.000000,0.000000,0.000000,-1.420860,-1.783804,1.303490,1.652053,-1.420643,-1.783804,1.303490,1.652053,0.000000,0.000000,0.000000,0.000000,0.000000,0.000000,0.000000,0.000000,-1167.619141,166.847092,995.560974,1220.935669
28.2004,True,0.000000,0.000000,0.000000,0.000000,0.000000,0.000000,-1.420643,-1.783804,1.303490,1.652053,-1.420643,-1.783804,1.303490,1.652053,0.000000,0.000000,0.000000,0.000000,0.000000,0.000000,0.000000,0.000000,-1167.619141,166.847092,995.560974,1220.935669
28.2204,True,0.000000,0.000000,0.000000,0.000000,0.000000,0.000000,-1.420643,-1.783804,1.303490,1.652011,-1.420643,-1.783804,1.303490,1.652053,0.000000,0.000000,0.000000,0.000000,0.000000,0.000000,0.000000,0.000000,-1167.619141,166.847092,995.560974,1220.935669
28.2404,True,0.000000,0.000000,0.000000,0.000000,0.000000,0.000000,-1.420860,-1.783804,1.303490,1.652053,-1.420860,-1.783804,1.303490,1.652053,0.000000,0.000000,0.000000,0.000000,0.000000,0.000000,0.000000,0.000000,-1167.619141,166.847092,995.560974,1220.935669
28.2604,True,0.000000,0.000000,0.000000,0.000000,0.000000,0.000000,-1.420860,-1.783804,1.304133,1.652011,-1.420860,-1.783804,1.304133,1.652011,0.000000,0.000000,0.000000,0.000000,0.000000,0.000000,0.000000,0.000000,-1167.619141,166.847092,995.560974,1220.935669
28.2804,True,0.000000,0.000000,0.000000,0.000000,0.000000,0.000000,-1.420860,-1.783804,1.304133,1.652011,-1.420860,-1.783804,1.304133,1.652011,0.000000,0.000000,0.000000,0.000000,0.000000,0.000000,0.000000,0.000000,-1167.619141,166.847092,995.560974,1220.935669
28.3004,True,0.000000,0.000000,0.000000,0.000000,0.000000,0.000000,-1.421078,-1.783804,1.303490,1.652011,-1.420436,-1.783804,1.303490,1.652011,0.000000,0.000000,0.000000,0.000000,0.000000,0.000000,0.000000,0.000000,-1167.619141,166.847092,995.560974,1220.935669
28.3205,True,0.000000,0.000000,0.000000,0.000000,0.000000,0.000000,-1.420860,-1.783804,1.303853,1.652011,-1.420860,-1.783804,1.303128,1.652011,0.000000,0.000000,0.000000,0.000000,0.000000,0.000000,0.000000,0.000000,-1167.619141,166.847092,995.560974,1220.935669
28.3404,True,0.000000,0.000000,0.000000,0.000000,0.000000,0.000000,-1.421078,-1.783804,1.303490,1.652011,-1.421078,-1.783804,1.303490,1.652011,0.000000,0.000000,0.000000,0.000000,0.000000,0.000000,0.000000,0.000000,-1167.619141,166.847092,995.560974,1220.935669
28.3604,True,0.000000,0.000000,0.000000,0.000000,0.000000,0.000000,-1.420860,-1.783952,1.304133,1.652011,-1.420860,-1.783952,1.304133,1.652011,0.000000,0.000000,0.000000,0.000000,0.000000,0.000000,0.000000,0.000000,-1167.619141,166.847092,995.560974,1220.935669
28.3804,True,0.000000,0.000000,0.000000,0.000000,0.000000,0.000000,-1.420643,-1.783952,1.303853,1.652011,-1.420643,-1.783952,1.303853,1.652011,0.000000,0.000000,0.000000,0.000000,0.000000,0.000000,0.000000,0.000000,-1167.619141,166.847092,995.560974,1220.935669
28.4004,True,0.000000,0.000000,0.000000,0.000000,0.000000,0.000000,-1.420219,-1.783452,1.303490,1.652011,-1.420219,-1.783952,1.303490,1.652011,0.000000,0.000000,0.000000,0.000000,0.000000,0.000000,0.000000,0.000000,-1167.619141,166.847092,995.560974,1220.935669
28.4204,True,0.000000,0.000000,0.000000,0.000000,0.000000,0.000000,-1.420860,-1.783952,1.303490,1.652011,-1.420860,-1.783952,1.303490,1.652011,0.000000,0.000000,0.000000,0.000000,0.000000,0.000000,0.000000,0.000000,-1167.619141,166.847092,995.560974,1220.935669
28.4411,True,0.000000,0.000000,0.000000,0.000000,0.000000,0.000000,-1.420425,-1.783452,1.303853,1.652011,-1.420425,-1.783452,1.303853,1.652011,0.000000,0.000000,0.000000,0.000000,0.000000,0.000000,0.000000,0.000000,-1167.619141,166.847092,995.560974,1220.935669
28.4604,True,0.000000,0.000000,0.000000,0.000000,0.000000,0.000000,-1.420860,-1.783952,1.304133,1.652011,-1.420860,-1.783952,1.303490,1.652011,0.000000,0.000000,0.000000,0.000000,0.000000,0.000000,0.000000,0.000000,-1167.619141,166.847092,995.560974,1220.935669
28.4804,True,0.000000,0.000000,0.000000,0.000000,0.000000,0.000000,-1.420643,-1.783600,1.304133,1.652011,-1.420643,-1.783600,1.303770,1.652011,0.000000,0.000000,0.000000,0.000000,0.000000,0.000000,0.000000,0.000000,-1167.619141,166.847092,995.560974,1220.935669
28.5004,True,0.000000,0.000000,0.000000,0.000000,0.000000,0.000000,-1.420643,-1.783952,1.303490,1.652011,-1.420643,-1.783952,1.303490,1.652011,0.000000,0.000000,0.000000,0.000000,0.000000,0.000000,0.000000,0.000000,-1167.619141,166.847092,995.560974,1220.935669
28.5204,True,0.000000,0.000000,0.000000,0.000000,0.000000,0.000000,-1.420643,-1.783952,1.303853,1.652011,-1.420643,-1.783452,1.303490,1.652011,0.000000,0.000000,0.000000,0.000000,0.000000,0.000000,0.000000,0.000000,-1167.619141,166.847092,995.560974,1220.935669
28.5404,True,0.000000,0.000000,0.000000,0.000000,0.000000,0.000000,-1.420425,-1.784101,1.303770,1.652011,-1.420425,-1.784101,1.303770,1.652011,0.000000,0.000000,0.000000,0.000000,0.000000,0.000000,0.000000,0.000000,-1167.619141,166.847092,995.560974,1220.935669
28.5604,True,0.000000,0.000000,0.000000,0.000000,0.000000,0.000000,-1.420860,-1.783804,1.303490,1.652011,-1.420860,-1.783804,1.303853,1.652011,0.000000,0.000000,0.000000,0.000000,0.000000,0.000000,0.000000,0.000000,-1167.619141,166.847092,995.560974,1220.935669
28.5804,True,0.000000,0.000000,0.000000,0.000000,0.000000,0.000000,-1.420643,-1.783804,1.304133,1.652011,-1.420219,-1.783804,1.303853,1.652011,0.000000,0.000000,0.000000,0.000000,0.000000,0.000000,0.000000,0.000000,-1167.619141,166.847092,995.560974,1220.935669
28.6004,True,0.000000,0.000000,0.000000,0.000000,0.000000,0.000000,-1.420425,-1.783952,1.303770,1.652011,-1.420425,-1.783952,1.303770,1.652011,0.000000,0.000000,0.000000,0.000000,0.000000,0.000000,0.000000,0.000000,-1167.619141,166.847092,995.560974,1220.935669
28.6204,True,0.000000,0.000000,0.000000,0.000000,0.000000,0.000000,-1.420643,-1.783600,1.303490,1.652011,-1.420643,-1.783600,1.303853,1.652011,0.000000,0.000000,0.000000,0.000000,0.000000,0.000000,0.000000,0.000000,-1167.619141,166.847092,995.560974,1220.935669
28.6404,True,0.000000,0.000000,0.000000,0.000000,0.000000,0.000000,-1.420643,-1.783952,1.303490,1.652011,-1.420643,-1.783952,1.303490,1.652011,0.000000,0.000000,0.000000,0.000000,0.000000,0.000000,0.000000,0.000000,-1167.619141,166.847092,995.560974,1220.935669
28.6604,True,0.000000,0.000000,0.000000,0.000000,0.000000,0.000000,-1.420643,-1.783952,1.303490,1.652011,-1.420643,-1.783952,1.303490,1.652011,0.000000,0.000000,0.000000,0.000000,0.000000,0.000000,0.000000,0.000000,-1167.619141,166.847092,995.560974,1220.935669
28.6804,True,0.000000,0.000000,0.000000,0.000000,0.000000,0.000000,-1.420643,-1.783952,1.303490,1.652011,-1.420643,-1.783952,1.304133,1.652011,0.000000,0.000000,0.000000,0.000000,0.000000,0.000000,0.000000,0.000000,-1167.619141,166.847092,995.560974,1220.935669
28.7004,True,0.000000,0.000000,0.000000,0.000000,0.000000,0.000000,-1.420643,-1.783452,1.303853,1.652011,-1.420643,-1.783303,1.303853,1.652011,0.000000,0.000000,0.000000,0.000000,0.000000,0.000000,0.000000,0.000000,-1167.619141,166.847092,995.560974,1220.935669
28.7205,True,0.000000,0.000000,0.000000,0.000000,0.000000,0.000000,-1.420425,-1.783952,1.303572,1.652011,-1.420425,-1.783952,1.303572,1.652011,0.000000,0.000000,0.000000,0.000000,0.000000,0.000000,0.000000,0.000000,-1167.619141,166.847092,995.560974,1220.935669
28.7404,True,0.000000,0.000000,0.000000,0.000000,0.000000,0.000000,-1.420425,-1.783952,1.303853,1.652011,-1.420425,-1.783952,1.303853,1.652011,0.000000,0.000000,0.000000,0.000000,0.000000,0.000000,0.000000,0.000000,-1167.619141,166.847092,995.560974,1220.935669
28.7604,True,0.000000,0.000000,0.000000,0.000000,0.000000,0.000000,-1.420643,-1.783952,1.303853,1.652053,-1.420643,-1.783952,1.303853,1.652011,0.000000,0.000000,0.000000,0.000000,0.000000,0.000000,0.000000,0.000000,-1167.619141,166.847092,995.560974,1220.935669
28.7805,True,0.000000,0.000000,0.000000,0.000000,0.000000,0.000000,-1.420643,-1.783952,1.303853,1.652094,-1.420860,-1.783952,1.303853,1.652053,0.000000,0.000000,0.000000,0.000000,0.000000,0.000000,0.000000,0.000000,-1167.619141,166.847092,995.560974,1220.935669
28.8004,True,0.000000,0.000000,0.000000,0.000000,0.000000,0.000000,-1.420425,-1.783952,1.303853,1.652094,-1.420425,-1.783952,1.303853,1.652011,0.000000,0.000000,0.000000,0.000000,0.000000,0.000000,0.000000,0.000000,-1167.619141,166.847092,995.560974,1220.935669
28.8204,True,0.000000,0.000000,0.000000,0.000000,0.000000,0.000000,-1.420425,-1.783952,1.303853,1.652011,-1.420425,-1.783952,1.303853,1.652053,0.000000,0.000000,0.000000,0.000000,0.000000,0.000000,0.000000,0.000000,-1167.619141,166.847092,995.560974,1220.935669
28.8406,True,0.000000,0.000000,0.000000,0.000000,0.000000,0.000000,-1.420425,-1.783952,1.304133,1.652011,-1.420425,-1.783952,1.304133,1.652011,0.000000,0.000000,0.000000,0.000000,0.000000,0.000000,0.000000,0.000000,-1167.619141,166.847092,995.560974,1220.935669
28.8604,True,0.000000,0.000000,0.000000,0.000000,0.000000,0.000000,-1.420860,-1.783952,1.303408,1.652011,-1.420860,-1.783952,1.303770,1.652011,0.000000,0.000000,0.000000,0.000000,0.000000,0.000000,0.000000,0.000000,-1167.619141,166.847092,995.560974,1220.935669
28.8804,True,0.000000,0.000000,0.000000,0.000000,0.000000,0.000000,-1.420643,-1.783952,1.303770,1.652011,-1.420643,-1.783952,1.303490,1.652011,0.000000,0.000000,0.000000,0.000000,0.000000,0.000000,0.000000,0.000000,-1167.619141,166.847092,995.560974,1220.935669
28.9004,True,0.000000,0.000000,0.000000,0.000000,0.000000,0.000000,-1.420643,-1.783952,1.303770,1.652094,-1.420643,-1.783952,1.303770,1.652094,0.000000,0.000000,0.000000,0.000000,0.000000,0.000000,0.000000,0.000000,-1167.619141,166.847092,995.560974,1220.935669
28.9204,True,0.000000,0.000000,0.000000,0.000000,0.000000,0.000000,-1.420643,-1.783952,1.303770,1.652094,-1.420643,-1.783952,1.303770,1.652094,0.000000,0.000000,0.000000,0.000000,0.000000,0.000000,0.000000,0.000000,-1167.619141,166.847092,995.560974,1220.935669
28.9404,True,0.000000,0.000000,0.000000,0.000000,0.000000,0.000000,-1.420425,-1.783952,1.303770,1.652094,-1.420425,-1.783952,1.303770,1.652094,0.000000,0.000000,0.000000,0.000000,0.000000,0.000000,0.000000,0.000000,-1167.619141,166.847092,995.560974,1220.935669
28.9604,True,0.000000,0.000000,0.000000,0.000000,0.000000,0.000000,-1.420425,-1.783952,1.303770,1.652094,-1.420425,-1.783952,1.303770,1.652094,0.000000,0.000000,0.000000,0.000000,0.000000,0.000000,0.000000,0.000000,-1167.619141,166.847092,995.560974,1220.935669
28.9804,True,0.000000,0.000000,0.000000,0.000000,0.000000,0.000000,-1.420425,-1.783952,1.303770,1.652053,-1.420425,-1.783952,1.303853,1.652053,0.000000,0.000000,0.000000,0.000000,0.000000,0.000000,0.000000,0.000000,-1167.619141,166.847092,995.560974,1220.935669
29.0004,True,0.000000,0.000000,0.000000,0.000000,0.000000,0.000000,-1.420643,-1.783952,1.303853,1.652094,-1.420643,-1.783952,1.303853,1.652094,0.000000,0.000000,0.000000,0.000000,0.000000,0.000000,0.000000,0.000000,-1167.619141,166.847092,995.560974,1220.935669
29.0204,True,0.000000,0.000000,0.000000,0.000000,0.000000,0.000000,-1.420860,-1.783952,1.303853,1.652053,-1.420860,-1.783952,1.303490,1.652053,0.000000,0.000000,0.000000,0.000000,0.000000,0.000000,0.000000,0.000000,-1167.619141,166.847092,995.560974,1220.935669
29.0404,True,0.000000,0.000000,0.000000,0.000000,0.000000,0.000000,-1.420643,-1.783952,1.303853,1.652011,-1.420643,-1.783952,1.303853,1.652011,0.000000,0.000000,0.000000,0.000000,0.000000,0.000000,0.000000,0.000000,-1167.619141,166.847092,995.560974,1220.935669
29.0606,True,0.000000,0.000000,0.000000,0.000000,0.000000,0.000000,-1.420425,-1.783952,1.303853,1.652011,-1.420425,-1.783952,1.303853,1.652053,0.000000,0.000000,0.000000,0.000000,0.000000,0.000000,0.000000,0.000000,-1167.619141,166.847092,995.560974,1220.935669
29.0804,True,0.000000,0.000000,0.000000,0.000000,0.000000,0.000000,-1.420425,-1.783952,1.303853,1.652011,-1.420425,-1.783952,1.303853,1.652011,0.000000,0.000000,0.000000,0.000000,0.000000,0.000000,0.000000,0.000000,-1167.619141,166.847092,995.560974,1220.935669
29.1004,True,0.000000,0.000000,0.000000,0.000000,0.000000,0.000000,-1.420643,-1.783952,1.303853,1.652011,-1.420643,-1.783952,1.303490,1.652011,0.000000,0.000000,0.000000,0.000000,0.000000,0.000000,0.000000,0.000000,-1167.619141,166.847092,995.560974,1220.935669
29.1204,True,0.000000,0.000000,0.000000,0.000000,0.000000,0.000000,-1.420643,-1.783952,1.303490,1.652053,-1.420643,-1.783952,1.303490,1.652053,0.000000,0.000000,0.000000,0.000000,0.000000,0.000000,0.000000,0.000000,-1167.619141,166.847092,995.560974,1220.935669
29.1404,True,0.000000,0.000000,0.000000,0.000000,0.000000,0.000000,-1.420643,-1.783952,1.303770,1.652011,-1.420643,-1.783952,1.303770,1.652011,0.000000,0.000000,0.000000,0.000000,0.000000,0.000000,0.000000,0.000000,-1167.619141,166.847092,995.560974,1220.935669
29.1604,True,0.000000,0.000000,0.000000,0.000000,0.000000,0.000000,-1.420425,-1.783952,1.303853,1.652011,-1.420425,-1.783952,1.303853,1.652011,0.000000,0.000000,0.000000,0.000000,0.000000,0.000000,0.000000,0.000000,-1167.619141,166.847092,995.560974,1220.935669
29.1804,True,0.000000,0.000000,0.000000,0.000000,0.000000,0.000000,-1.420849,-1.783952,1.303490,1.652011,-1.420849,-1.783952,1.303853,1.652011,0.000000,0.000000,0.000000,0.000000,0.000000,0.000000,0.000000,0.000000,-1167.619141,166.847092,995.560974,1220.935669
29.2004,True,0.000000,0.000000,0.000000,0.000000,0.000000,0.000000,-1.420425,-1.783952,1.303770,1.652053,-1.420425,-1.783952,1.303770,1.652053,0.000000,0.000000,0.000000,0.000000,0.000000,0.000000,0.000000,0.000000,-1167.619141,166.847092,995.560974,1220.935669
29.2204,True,0.000000,0.000000,0.000000,0.000000,0.000000,0.000000,-1.420849,-1.783952,1.303770,1.652053,-1.420849,-1.783952,1.303770,1.652053,0.000000,0.000000,0.000000,0.000000,0.000000,0.000000,0.000000,0.000000,-1167.619141,166.847092,995.560974,1220.935669
29.2404,True,0.000000,0.000000,0.000000,0.000000,0.000000,0.000000,-1.420643,-1.783952,1.303408,1.652011,-1.420643,-1.783952,1.303408,1.652011,0.000000,0.000000,0.000000,0.000000,0.000000,0.000000,0.000000,0.000000,-1167.619141,166.847092,995.560974,1220.935669
29.2604,True,0.000000,0.000000,0.000000,0.000000,0.000000,0.000000,-1.420425,-1.783952,1.303853,1.651970,-1.420425,-1.783952,1.303853,1.651970,0.000000,0.000000,0.000000,0.000000,0.000000,0.000000,0.000000,0.000000,-1167.619141,166.847092,995.560974,1220.935669
29.2804,True,0.000000,0.000000,0.000000,0.000000,0.000000,0.000000,-1.420643,-1.783952,1.303853,1.652011,-1.420643,-1.783952,1.303853,1.652011,0.000000,0.000000,0.000000,0.000000,0.000000,0.000000,0.000000,0.000000,-1167.619141,166.847092,995.560974,1220.935669
29.3004,True,0.000000,0.000000,0.000000,0.000000,0.000000,0.000000,-1.420643,-1.784248,1.303490,1.651970,-1.420425,-1.784248,1.303490,1.651970,0.000000,0.000000,0.000000,0.000000,0.000000,0.000000,0.000000,0.000000,-1167.619141,166.847092,995.560974,1220.935669
29.3204,True,0.000000,0.000000,0.000000,0.000000,0.000000,0.000000,-1.420425,-1.784248,1.303490,1.652011,-1.420425,-1.784248,1.303853,1.652011,0.000000,0.000000,0.000000,0.000000,0.000000,0.000000,0.000000,0.000000,-1167.619141,166.847092,995.560974,1220.935669
29.3405,True,0.000000,0.000000,0.000000,0.000000,0.000000,0.000000,-1.420425,-1.783952,1.304133,1.652053,-1.420425,-1.783952,1.304133,1.652053,0.000000,0.000000,0.000000,0.000000,0.000000,0.000000,0.000000,0.000000,-1167.619141,166.847092,995.560974,1220.935669
29.3604,True,0.000000,0.000000,0.000000,0.000000,0.000000,0.000000,-1.420425,-1.783952,1.304133,1.652094,-1.420425,-1.783452,1.304133,1.652094,0.000000,0.000000,0.000000,0.000000,0.000000,0.000000,0.000000,0.000000,-1167.619141,166.847092,995.560974,1220.935669
29.3804,True,0.000000,0.000000,0.000000,0.000000,0.000000,0.000000,-1.420425,-1.784101,1.303770,1.652053,-1.420425,-1.783600,1.303853,1.652053,0.000000,0.000000,0.000000,0.000000,0.000000,0.000000,0.000000,0.000000,-1167.619141,166.847092,995.560974,1220.935669
29.4005,True,0.000000,0.000000,0.000000,0.000000,0.000000,0.000000,-1.420425,-1.783452,1.303853,1.652011,-1.420425,-1.783452,1.303853,1.652011,0.000000,0.000000,0.000000,0.000000,0.000000,0.000000,0.000000,0.000000,-1167.619141,166.847092,995.560974,1220.935669
29.4204,True,0.000000,0.000000,0.000000,0.000000,0.000000,0.000000,-1.420425,-1.783303,1.303770,1.651970,-1.420425,-1.783952,1.304133,1.652011,0.000000,0.000000,0.000000,0.000000,0.000000,0.000000,0.000000,0.000000,-1167.619141,166.847092,995.560974,1220.935669
29.4405,True,0.000000,0.000000,0.000000,0.000000,0.000000,0.000000,-1.420425,-1.783952,1.303490,1.652053,-1.420425,-1.783952,1.303490,1.652053,0.000000,0.000000,0.000000,0.000000,0.000000,0.000000,0.000000,0.000000,-1167.619141,166.847092,995.560974,1220.935669
29.4605,True,0.000000,0.000000,0.000000,0.000000,0.000000,0.000000,-1.420425,-1.783952,1.303770,1.652053,-1.420425,-1.783952,1.303770,1.652053,0.000000,0.000000,0.000000,0.000000,0.000000,0.000000,0.000000,0.000000,-1167.619141,166.847092,995.560974,1220.935669
29.4804,True,0.000000,0.000000,0.000000,0.000000,0.000000,0.000000,-1.420425,-1.783952,1.303490,1.652053,-1.420425,-1.783952,1.303853,1.652011,0.000000,0.000000,0.000000,0.000000,0.000000,0.000000,0.000000,0.000000,-1167.619141,166.847092,995.560974,1220.935669
29.5004,True,0.000000,0.000000,0.000000,0.000000,0.000000,0.000000,-1.420425,-1.783952,1.303853,1.652053,-1.420425,-1.783952,1.303853,1.652053,0.000000,0.000000,0.000000,0.000000,0.000000,0.000000,0.000000,0.000000,-1167.619141,166.847092,995.560974,1220.935669
29.5205,True,0.000000,0.000000,0.000000,0.000000,0.000000,0.000000,-1.420425,-1.783952,1.304133,1.652011,-1.420425,-1.783952,1.304133,1.652011,0.000000,0.000000,0.000000,0.000000,0.000000,0.000000,0.000000,0.000000,-1167.619141,166.847092,995.560974,1220.935669
29.5404,True,0.000000,0.000000,0.000000,0.000000,0.000000,0.000000,-1.420425,-1.783452,1.303490,1.652053,-1.420425,-1.783452,1.303770,1.652053,0.000000,0.000000,0.000000,0.000000,0.000000,0.000000,0.000000,0.000000,-1167.619141,166.847092,995.560974,1220.935669
29.5604,True,0.000000,0.000000,0.000000,0.000000,0.000000,0.000000,-1.420425,-1.783452,1.304133,1.652053,-1.420425,-1.783452,1.304133,1.652053,0.000000,0.000000,0.000000,0.000000,0.000000,0.000000,0.000000,0.000000,-1167.619141,166.847092,995.560974,1220.935669
29.5807,True,0.000000,0.000000,0.000000,0.000000,0.000000,0.000000,-1.420425,-1.783952,1.303770,1.652094,-1.420425,-1.783452,1.303770,1.652094,0.000000,0.000000,0.000000,0.000000,0.000000,0.000000,0.000000,0.000000,-1167.619141,166.847092,995.560974,1220.935669
29.6004,True,0.000000,0.000000,0.000000,0.000000,0.000000,0.000000,-1.420425,-1.783452,1.303853,1.652011,-1.420425,-1.783452,1.303770,1.652053,0.000000,0.000000,0.000000,0.000000,0.000000,0.000000,0.000000,0.000000,-1167.619141,166.847092,995.560974,1220.935669
29.6204,True,0.000000,0.000000,0.000000,0.000000,0.000000,0.000000,-1.420425,-1.783804,1.303490,1.652053,-1.420425,-1.783804,1.303490,1.652053,0.000000,0.000000,0.000000,0.000000,0.000000,0.000000,0.000000,0.000000,-1167.619141,166.847092,995.560974,1220.935669
29.6404,True,0.000000,0.000000,0.000000,0.000000,0.000000,0.000000,-1.420425,-1.783452,1.303490,1.652053,-1.420425,-1.783452,1.303490,1.652053,0.000000,0.000000,0.000000,0.000000,0.000000,0.000000,0.000000,0.000000,-1167.619141,166.847092,995.560974,1220.935669
29.6604,True,0.000000,0.000000,0.000000,0.000000,0.000000,0.000000,-1.420425,-1.784101,1.303770,1.652053,-1.420425,-1.784101,1.303770,1.652053,0.000000,0.000000,0.000000,0.000000,0.000000,0.000000,0.000000,0.000000,-1167.619141,166.847092,995.560974,1220.935669
29.6804,True,0.000000,0.000000,0.000000,0.000000,0.000000,0.000000,-1.420425,-1.783952,1.303490,1.652094,-1.420425,-1.783952,1.303490,1.652094,0.000000,0.000000,0.000000,0.000000,0.000000,0.000000,0.000000,0.000000,-1167.619141,166.847092,995.560974,1220.935669
29.7004,True,0.000000,0.000000,0.000000,0.000000,0.000000,0.000000,-1.420425,-1.783952,1.303770,1.652094,-1.420425,-1.783452,1.303408,1.652094,0.000000,0.000000,0.000000,0.000000,0.000000,0.000000,0.000000,0.000000,-1167.619141,166.847092,995.560974,1220.935669
29.7204,True,0.000000,0.000000,0.000000,0.000000,0.000000,0.000000,-1.420425,-1.783452,1.303770,1.652053,-1.420425,-1.783804,1.303408,1.652053,0.000000,0.000000,0.000000,0.000000,0.000000,0.000000,0.000000,0.000000,-1167.619141,166.847092,995.560974,1220.935669
29.7404,True,0.000000,0.000000,0.000000,0.000000,0.000000,0.000000,-1.420425,-1.784101,1.304133,1.652094,-1.420425,-1.784101,1.304133,1.652094,0.000000,0.000000,0.000000,0.000000,0.000000,0.000000,0.000000,0.000000,-1167.619141,166.847092,995.560974,1220.935669
29.7604,True,0.000000,0.000000,0.000000,0.000000,0.000000,0.000000,-1.420425,-1.784101,1.304133,1.652053,-1.420425,-1.783952,1.304133,1.652053,0.000000,0.000000,0.000000,0.000000,0.000000,0.000000,0.000000,0.000000,-1167.619141,166.847092,995.560974,1220.935669
29.7804,True,0.000000,0.000000,0.000000,0.000000,0.000000,0.000000,-1.420425,-1.784101,1.304133,1.652094,-1.420425,-1.784101,1.304133,1.652094,0.000000,0.000000,0.000000,0.000000,0.000000,0.000000,0.000000,0.000000,-1167.619141,166.847092,995.560974,1220.935669
29.8007,True,0.000000,0.000000,0.000000,0.000000,0.000000,0.000000,-1.420643,-1.784101,1.304133,1.652094,-1.420860,-1.784101,1.304133,1.652094,0.000000,0.000000,0.000000,0.000000,0.000000,0.000000,0.000000,0.000000,-1167.619141,166.847092,995.560974,1220.935669
29.8204,True,0.000000,0.000000,0.000000,0.000000,0.000000,0.000000,-1.420425,-1.784101,1.304133,1.652094,-1.420643,-1.784101,1.304133,1.652094,0.000000,0.000000,0.000000,0.000000,0.000000,0.000000,0.000000,0.000000,-1167.619141,166.847092,995.560974,1220.935669
29.8404,True,0.000000,0.000000,0.000000,0.000000,0.000000,0.000000,-1.420643,-1.784101,1.304133,1.652094,-1.420425,-1.784101,1.304133,1.652094,0.000000,0.000000,0.000000,0.000000,0.000000,0.000000,0.000000,0.000000,-1167.619141,166.847092,995.560974,1220.935669
29.8605,True,0.000000,0.000000,0.000000,0.000000,0.000000,0.000000,-1.420643,-1.784101,1.304133,1.652011,-1.420643,-1.784101,1.304133,1.652053,0.000000,0.000000,0.000000,0.000000,0.000000,0.000000,0.000000,0.000000,-1167.619141,166.847092,995.560974,1220.935669
29.8804,True,0.000000,0.000000,0.000000,0.000000,0.000000,0.000000,-1.420643,-1.784101,1.304133,1.651970,-1.420643,-1.784101,1.304133,1.652053,0.000000,0.000000,0.000000,0.000000,0.000000,0.000000,0.000000,0.000000,-1167.619141,166.847092,995.560974,1220.935669
29.9004,True,0.000000,0.000000,0.000000,0.000000,0.000000,0.000000,-1.420425,-1.784101,1.304133,1.652011,-1.420425,-1.784101,1.304133,1.652011,0.000000,0.000000,0.000000,0.000000,0.000000,0.000000,0.000000,0.000000,-1167.619141,166.847092,995.560974,1220.935669
29.9204,True,0.000000,0.000000,0.000000,0.000000,0.000000,0.000000,-1.420425,-1.784101,1.303770,1.652011,-1.420425,-1.784101,1.303853,1.652011,0.000000,0.000000,0.000000,0.000000,0.000000,0.000000,0.000000,0.000000,-1167.619141,166.847092,995.560974,1220.935669
29.9404,True,0.000000,0.000000,0.000000,0.000000,0.000000,0.000000,-1.420643,-1.784101,1.303853,1.652011,-1.420643,-1.784101,1.303853,1.651970,0.000000,0.000000,0.000000,0.000000,0.000000,0.000000,0.000000,0.000000,-1167.619141,166.847092,995.560974,1220.935669
29.9604,True,0.000000,0.000000,0.000000,0.000000,0.000000,0.000000,-1.420643,-1.784101,1.304133,1.652011,-1.420643,-1.784101,1.304133,1.652011,0.000000,0.000000,0.000000,0.000000,0.000000,0.000000,0.000000,0.000000,-1167.619141,166.847092,995.560974,1220.935669
29.9804,True,0.000000,0.000000,0.000000,0.000000,0.000000,0.000000,-1.421078,-1.784101,1.303770,1.652011,-1.421078,-1.784101,1.303770,1.652011,0.000000,0.000000,0.000000,0.000000,0.000000,0.000000,0.000000,0.000000,-1167.619141,166.847092,995.560974,1220.935669
30.0004,True,0.000000,0.000000,0.000000,0.000000,0.000000,0.000000,-1.420860,-1.784101,1.303853,1.652011,-1.420860,-1.784101,1.303853,1.652011,0.000000,0.000000,0.000000,0.000000,0.000000,0.000000,0.000000,0.000000,-1167.619141,166.847092,995.560974,1220.935669
30.0204,True,0.000000,0.000000,0.000000,0.000000,0.000000,0.000000,-1.420860,-1.784101,1.303770,1.652011,-1.420860,-1.784101,1.303770,1.652011,0.000000,0.000000,0.000000,0.000000,0.000000,0.000000,0.000000,0.000000,-1167.619141,166.847092,995.560974,1220.935669
30.0404,True,0.000000,0.000000,0.000000,0.000000,0.000000,0.000000,-1.420860,-1.784101,1.303770,1.651970,-1.420860,-1.784101,1.303408,1.651970,0.000000,0.000000,0.000000,0.000000,0.000000,0.000000,0.000000,0.000000,-1167.619141,166.847092,995.560974,1220.935669
30.0604,True,0.000000,0.000000,0.000000,0.000000,0.000000,0.000000,-1.420860,-1.784101,1.303490,1.651970,-1.420860,-1.784101,1.303490,1.651970,0.000000,0.000000,0.000000,0.000000,0.000000,0.000000,0.000000,0.000000,-1167.619141,166.847092,995.560974,1220.935669
30.0806,True,0.000000,0.000000,0.000000,0.000000,0.000000,0.000000,-1.420860,-1.784101,1.304133,1.651970,-1.420860,-1.784101,1.303770,1.651970,0.000000,0.000000,0.000000,0.000000,0.000000,0.000000,0.000000,0.000000,-1167.619141,166.847092,995.560974,1220.935669
30.1004,True,0.000000,0.000000,0.000000,0.000000,0.000000,0.000000,-1.420219,-1.784101,1.303770,1.652011,-1.420219,-1.784101,1.303770,1.652011,0.000000,0.000000,0.000000,0.000000,0.000000,0.000000,0.000000,0.000000,-1167.619141,166.847092,995.560974,1220.935669
30.1204,True,0.000000,0.000000,0.000000,0.000000,0.000000,0.000000,-1.420860,-1.783600,1.303770,1.651970,-1.420860,-1.783600,1.303770,1.652011,0.000000,0.000000,0.000000,0.000000,0.000000,0.000000,0.000000,0.000000,-1167.619141,166.847092,995.560974,1220.935669
30.1404,True,0.000000,0.000000,0.000000,0.000000,0.000000,0.000000,-1.420860,-1.784101,1.303770,1.651970,-1.420860,-1.784101,1.303770,1.651970,0.000000,0.000000,0.000000,0.000000,0.000000,0.000000,0.000000,0.000000,-1167.619141,166.847092,995.560974,1220.935669
30.1604,True,0.000000,0.000000,0.000000,0.000000,0.000000,0.000000,-1.420219,-1.783952,1.303770,1.651970,-1.420643,-1.783952,1.303408,1.652011,0.000000,0.000000,0.000000,0.000000,0.000000,0.000000,0.000000,0.000000,-1167.619141,166.847092,995.560974,1220.935669
30.1804,True,0.000000,0.000000,0.000000,0.000000,0.000000,0.000000,-1.420643,-1.783952,1.303770,1.652011,-1.420643,-1.783952,1.304051,1.652011,0.000000,0.000000,0.000000,0.000000,0.000000,0.000000,0.000000,0.000000,-1167.619141,166.847092,995.560974,1220.935669
30.2004,True,0.000000,0.000000,0.000000,0.000000,0.000000,0.000000,-1.420860,-1.783452,1.303408,1.651970,-1.420860,-1.783452,1.303408,1.651970,0.000000,0.000000,0.000000,0.000000,0.000000,0.000000,0.000000,0.000000,-1167.619141,166.847092,995.560974,1220.935669
30.2204,True,0.000000,0.000000,0.000000,0.000000,0.000000,0.000000,-1.420860,-1.783952,1.303770,1.651970,-1.420860,-1.783303,1.303770,1.651970,0.000000,0.000000,0.000000,0.000000,0.000000,0.000000,0.000000,0.000000,-1167.619141,166.847092,995.560974,1220.935669
30.2404,True,0.000000,0.000000,0.000000,0.000000,0.000000,0.000000,-1.420860,-1.783952,1.303770,1.651970,-1.420860,-1.783952,1.303770,1.651970,0.000000,0.000000,0.000000,0.000000,0.000000,0.000000,0.000000,0.000000,-1167.619141,166.847092,995.560974,1220.935669
30.2604,True,0.000000,0.000000,0.000000,0.000000,0.000000,0.000000,-1.420860,-1.783452,1.303770,1.651970,-1.420860,-1.783452,1.304051,1.651970,0.000000,0.000000,0.000000,0.000000,0.000000,0.000000,0.000000,0.000000,-1167.619141,166.847092,995.560974,1220.935669
30.2804,True,0.000000,0.000000,0.000000,0.000000,0.000000,0.000000,-1.420436,-1.783952,1.303770,1.651970,-1.420436,-1.783452,1.303770,1.651970,0.000000,0.000000,0.000000,0.000000,0.000000,0.000000,0.000000,0.000000,-1167.619141,166.847092,995.560974,1220.935669
30.3004,True,0.000000,0.000000,0.000000,0.000000,0.000000,0.000000,-1.420860,-1.783952,1.303688,1.651970,-1.420860,-1.783952,1.303688,1.651970,0.000000,0.000000,0.000000,0.000000,0.000000,0.000000,0.000000,0.000000,-1167.619141,166.847092,995.560974,1220.935669
30.3204,True,0.000000,0.000000,0.000000,0.000000,0.000000,0.000000,-1.420860,-1.783952,1.303688,1.651970,-1.420860,-1.783952,1.303688,1.651970,0.000000,0.000000,0.000000,0.000000,0.000000,0.000000,0.000000,0.000000,-1167.619141,166.847092,995.560974,1220.935669
30.3404,True,0.000000,0.000000,0.000000,0.000000,0.000000,0.000000,-1.420860,-1.783952,1.303688,1.651970,-1.420860,-1.783952,1.303688,1.651970,0.000000,0.000000,0.000000,0.000000,0.000000,0.000000,0.000000,0.000000,-1167.619141,166.847092,995.560974,1220.935669
30.3604,True,0.000000,0.000000,0.000000,0.000000,0.000000,0.000000,-1.420860,-1.783952,1.303688,1.651970,-1.420860,-1.783952,1.303688,1.651970,0.000000,0.000000,0.000000,0.000000,0.000000,0.000000,0.000000,0.000000,-1167.619141,166.847092,995.560974,1220.935669
30.3804,True,0.000000,0.000000,0.000000,0.000000,0.000000,0.000000,-1.420860,-1.783452,1.304051,1.651970,-1.420860,-1.783452,1.304051,1.651970,0.000000,0.000000,0.000000,0.000000,0.000000,0.000000,0.000000,0.000000,-1167.619141,166.847092,995.560974,1220.935669
30.4004,True,0.000000,0.000000,0.000000,0.000000,0.000000,0.000000,-1.420425,-1.783952,1.304051,1.651970,-1.420425,-1.783952,1.304051,1.651970,0.000000,0.000000,0.000000,0.000000,0.000000,0.000000,0.000000,0.000000,-1167.619141,166.847092,995.560974,1220.935669
30.4206,True,0.000000,0.000000,0.000000,0.000000,0.000000,0.000000,-1.420860,-1.784101,1.304051,1.651970,-1.420860,-1.783452,1.304051,1.651970,0.000000,0.000000,0.000000,0.000000,0.000000,0.000000,0.000000,0.000000,-1167.619141,166.847092,995.560974,1220.935669
30.4405,True,0.000000,0.000000,0.000000,0.000000,0.000000,0.000000,-1.420643,-1.783952,1.304051,1.651970,-1.420643,-1.783952,1.304051,1.651970,0.000000,0.000000,0.000000,0.000000,0.000000,0.000000,0.000000,0.000000,-1167.619141,166.847092,995.560974,1220.935669
30.4604,True,0.000000,0.000000,0.000000,0.000000,0.000000,0.000000,-1.420643,-1.783952,1.304051,1.652053,-1.420643,-1.783952,1.304051,1.652053,0.000000,0.000000,0.000000,0.000000,0.000000,0.000000,0.000000,0.000000,-1167.619141,166.847092,995.560974,1220.935669
30.4805,True,0.000000,0.000000,0.000000,0.000000,0.000000,0.000000,-1.420643,-1.783952,1.304051,1.652011,-1.420643,-1.783952,1.304051,1.652011,0.000000,0.000000,0.000000,0.000000,0.000000,0.000000,0.000000,0.000000,-1167.619141,166.847092,995.560974,1220.935669
30.5004,True,0.000000,0.000000,0.000000,0.000000,0.000000,0.000000,-1.420643,-1.783952,1.304051,1.651970,-1.420643,-1.783952,1.304051,1.652011,0.000000,0.000000,0.000000,0.000000,0.000000,0.000000,0.000000,0.000000,-1167.619141,166.847092,995.560974,1220.935669
30.5204,True,0.000000,0.000000,0.000000,0.000000,0.000000,0.000000,-1.420643,-1.783952,1.304051,1.652011,-1.420643,-1.783952,1.304051,1.652011,0.000000,0.000000,0.000000,0.000000,0.000000,0.000000,0.000000,0.000000,-1167.619141,166.847092,995.560974,1220.935669
30.5405,True,0.000000,0.000000,0.000000,0.000000,0.000000,0.000000,-1.420860,-1.783952,1.304051,1.652011,-1.420860,-1.783952,1.304051,1.652053,0.000000,0.000000,0.000000,0.000000,0.000000,0.000000,0.000000,0.000000,-1167.619141,166.847092,995.560974,1220.935669
30.5604,True,0.000000,0.000000,0.000000,0.000000,0.000000,0.000000,-1.420643,-1.783952,1.304051,1.652011,-1.420643,-1.783952,1.304051,1.651970,0.000000,0.000000,0.000000,0.000000,0.000000,0.000000,0.000000,0.000000,-1167.619141,166.847092,995.560974,1220.935669
30.5804,True,0.000000,0.000000,0.000000,0.000000,0.000000,0.000000,-1.420643,-1.783452,1.304051,1.652011,-1.420643,-1.783600,1.304051,1.652011,0.000000,0.000000,0.000000,0.000000,0.000000,0.000000,0.000000,0.000000,-1167.619141,166.847092,995.560974,1220.935669
30.6005,True,0.000000,0.000000,0.000000,0.000000,0.000000,0.000000,-1.420643,-1.783452,1.304051,1.652053,-1.420643,-1.783452,1.304051,1.652053,0.000000,0.000000,0.000000,0.000000,0.000000,0.000000,0.000000,0.000000,-1167.619141,166.847092,995.560974,1220.935669
30.6204,True,0.000000,0.000000,0.000000,0.000000,0.000000,0.000000,-1.420643,-1.783952,1.304051,1.652053,-1.420643,-1.783952,1.304051,1.652053,0.000000,0.000000,0.000000,0.000000,0.000000,0.000000,0.000000,0.000000,-1167.619141,166.847092,995.560974,1220.935669
30.6404,True,0.000000,0.000000,0.000000,0.000000,0.000000,0.000000,-1.420643,-1.783303,1.304051,1.652011,-1.420643,-1.783952,1.304051,1.652011,0.000000,0.000000,0.000000,0.000000,0.000000,0.000000,0.000000,0.000000,-1167.619141,166.847092,995.560974,1220.935669
30.6604,True,0.000000,0.000000,0.000000,0.000000,0.000000,0.000000,-1.420643,-1.783452,1.304051,1.652011,-1.420643,-1.783452,1.304051,1.652011,0.000000,0.000000,0.000000,0.000000,0.000000,0.000000,0.000000,0.000000,-1167.619141,166.847092,995.560974,1220.935669
30.6804,True,0.000000,0.000000,0.000000,0.000000,0.000000,0.000000,-1.420425,-1.783452,1.304051,1.652011,-1.420425,-1.783952,1.304051,1.652011,0.000000,0.000000,0.000000,0.000000,0.000000,0.000000,0.000000,0.000000,-1167.619141,166.847092,995.560974,1220.935669
30.7004,True,0.000000,0.000000,0.000000,0.000000,0.000000,0.000000,-1.420643,-1.783452,1.304051,1.652053,-1.420643,-1.783804,1.304051,1.652053,0.000000,0.000000,0.000000,0.000000,0.000000,0.000000,0.000000,0.000000,-1167.619141,166.847092,995.560974,1220.935669
30.7204,True,0.000000,0.000000,0.000000,0.000000,0.000000,0.000000,-1.420643,-1.783804,1.304051,1.652053,-1.420643,-1.783804,1.304051,1.652053,0.000000,0.000000,0.000000,0.000000,0.000000,0.000000,0.000000,0.000000,-1167.619141,166.847092,995.560974,1220.935669
30.7404,True,0.000000,0.000000,0.000000,0.000000,0.000000,0.000000,-1.420643,-1.783804,1.304051,1.652053,-1.420425,-1.783804,1.304051,1.652011,0.000000,0.000000,0.000000,0.000000,0.000000,0.000000,0.000000,0.000000,-1167.619141,166.847092,995.560974,1220.935669
30.7605,True,0.000000,0.000000,0.000000,0.000000,0.000000,0.000000,-1.420643,-1.783952,1.304051,1.652011,-1.420643,-1.783952,1.304051,1.652011,0.000000,0.000000,0.000000,0.000000,0.000000,0.000000,0.000000,0.000000,-1167.619141,166.847092,995.560974,1220.935669
30.7804,True,0.000000,0.000000,0.000000,0.000000,0.000000,0.000000,-1.420425,-1.783303,1.304051,1.652011,-1.420425,-1.783452,1.304051,1.652011,0.000000,0.000000,0.000000,0.000000,0.000000,0.000000,0.000000,0.000000,-1167.619141,166.847092,995.560974,1220.935669
30.8004,True,0.000000,0.000000,0.000000,0.000000,0.000000,0.000000,-1.420643,-1.783952,1.304051,1.652053,-1.420643,-1.783452,1.304051,1.652053,0.000000,0.000000,0.000000,0.000000,0.000000,0.000000,0.000000,0.000000,-1167.619141,166.847092,995.560974,1220.935669
30.8206,True,0.000000,0.000000,0.000000,0.000000,0.000000,0.000000,-1.420425,-1.783303,1.304051,1.652053,-1.420425,-1.783303,1.304051,1.652053,0.000000,0.000000,0.000000,0.000000,0.000000,0.000000,0.000000,0.000000,-1167.619141,166.847092,995.560974,1220.935669
30.8404,True,0.000000,0.000000,0.000000,0.000000,0.000000,0.000000,-1.420643,-1.783303,1.304051,1.652011,-1.420643,-1.783952,1.304051,1.652011,0.000000,0.000000,0.000000,0.000000,0.000000,0.000000,0.000000,0.000000,-1167.619141,166.847092,995.560974,1220.935669
30.8604,True,0.000000,0.000000,0.000000,0.000000,0.000000,0.000000,-1.421066,-1.784101,1.304051,1.652011,-1.420425,-1.784101,1.304051,1.652011,0.000000,0.000000,0.000000,0.000000,0.000000,0.000000,0.000000,0.000000,-1167.619141,166.847092,995.560974,1220.935669
30.8811,True,0.000000,0.000000,0.000000,0.000000,0.000000,0.000000,-1.420425,-1.784101,1.304051,1.652011,-1.420425,-1.784101,1.304051,1.652011,0.000000,0.000000,0.000000,0.000000,0.000000,0.000000,0.000000,0.000000,-1167.619141,166.847092,995.560974,1220.935669
30.9004,True,0.000000,0.000000,0.000000,0.000000,0.000000,0.000000,-1.420643,-1.784101,1.304133,1.651970,-1.420643,-1.784101,1.304133,1.651970,0.000000,0.000000,0.000000,0.000000,0.000000,0.000000,0.000000,0.000000,-1167.619141,166.847092,995.560974,1220.935669
30.9204,True,0.000000,0.000000,0.000000,0.000000,0.000000,0.000000,-1.420643,-1.784101,1.304133,1.652053,-1.420643,-1.784101,1.303490,1.652053,0.000000,0.000000,0.000000,0.000000,0.000000,0.000000,0.000000,0.000000,-1167.619141,166.847092,995.560974,1220.935669
30.9407,True,0.000000,0.000000,0.000000,0.000000,0.000000,0.000000,-1.420860,-1.784101,1.303770,1.652094,-1.420860,-1.784101,1.303770,1.652094,0.000000,0.000000,0.000000,0.000000,0.000000,0.000000,0.000000,0.000000,-1167.619141,166.847092,995.560974,1220.935669
30.9604,True,0.000000,0.000000,0.000000,0.000000,0.000000,0.000000,-1.420425,-1.784101,1.303770,1.652053,-1.420425,-1.784101,1.303408,1.652053,0.000000,0.000000,0.000000,0.000000,0.000000,0.000000,0.000000,0.000000,-1167.619141,166.847092,995.560974,1220.935669
30.9804,True,0.000000,0.000000,0.000000,0.000000,0.000000,0.000000,-1.420643,-1.784101,1.304051,1.652011,-1.420643,-1.784101,1.304051,1.652011,0.000000,0.000000,0.000000,0.000000,0.000000,0.000000,0.000000,0.000000,-1167.619141,166.847092,995.560974,1220.935669
31.0006,True,0.000000,0.000000,0.000000,0.000000,0.000000,0.000000,-1.420643,-1.784101,1.304051,1.652011,-1.420643,-1.784101,1.303408,1.652053,0.000000,0.000000,0.000000,0.000000,0.000000,0.000000,0.000000,0.000000,-1167.619141,166.847092,995.560974,1220.935669
31.0204,True,0.000000,0.000000,0.000000,0.000000,0.000000,0.000000,-1.420425,-1.784101,1.304051,1.652053,-1.420425,-1.784101,1.303770,1.652011,0.000000,0.000000,0.000000,0.000000,0.000000,0.000000,0.000000,0.000000,-1167.619141,166.847092,995.560974,1220.935669
31.0404,True,0.000000,0.000000,0.000000,0.000000,0.000000,0.000000,-1.420643,-1.784101,1.304133,1.652011,-1.420643,-1.784101,1.304133,1.652011,0.000000,0.000000,0.000000,0.000000,0.000000,0.000000,0.000000,0.000000,-1167.619141,166.847092,995.560974,1220.935669
31.0606,True,0.000000,0.000000,0.000000,0.000000,0.000000,0.000000,-1.420425,-1.784101,1.304133,1.651970,-1.420425,-1.784101,1.304133,1.651970,0.000000,0.000000,0.000000,0.000000,0.000000,0.000000,0.000000,0.000000,-1167.619141,166.847092,995.560974,1220.935669
31.0804,True,0.000000,0.000000,0.000000,0.000000,0.000000,0.000000,-1.420425,-1.784101,1.303770,1.652011,-1.420425,-1.784101,1.303408,1.652011,0.000000,0.000000,0.000000,0.000000,0.000000,0.000000,0.000000,0.000000,-1167.619141,166.847092,995.560974,1220.935669
31.1004,True,0.000000,0.000000,0.000000,0.000000,0.000000,0.000000,-1.420643,-1.784101,1.303770,1.652011,-1.420643,-1.784101,1.303770,1.652011,0.000000,0.000000,0.000000,0.000000,0.000000,0.000000,0.000000,0.000000,-1167.619141,166.847092,995.560974,1220.935669
31.1204,True,0.000000,0.000000,0.000000,0.000000,0.000000,0.000000,-1.420643,-1.784101,1.303770,1.652011,-1.420643,-1.784101,1.304051,1.652011,0.000000,0.000000,0.000000,0.000000,0.000000,0.000000,0.000000,0.000000,-1167.619141,166.847092,995.560974,1220.935669
31.1404,True,0.000000,0.000000,0.000000,0.000000,0.000000,0.000000,-1.420425,-1.784101,1.303408,1.652053,-1.420643,-1.784101,1.303770,1.651970,0.000000,0.000000,0.000000,0.000000,0.000000,0.000000,0.000000,0.000000,-1167.619141,166.847092,995.560974,1220.935669
31.1604,True,0.000000,0.000000,0.000000,0.000000,0.000000,0.000000,-1.420643,-1.784101,1.304051,1.652011,-1.420643,-1.784101,1.304051,1.652011,0.000000,0.000000,0.000000,0.000000,0.000000,0.000000,0.000000,0.000000,-1167.619141,166.847092,995.560974,1220.935669
31.1804,True,0.000000,0.000000,0.000000,0.000000,0.000000,0.000000,-1.420643,-1.784101,1.304051,1.652011,-1.420643,-1.784101,1.303490,1.652011,0.000000,0.000000,0.000000,0.000000,0.000000,0.000000,0.000000,0.000000,-1167.619141,166.847092,995.560974,1220.935669
31.2004,True,0.000000,0.000000,0.000000,0.000000,0.000000,0.000000,-1.420643,-1.784101,1.304051,1.652011,-1.420643,-1.784101,1.303770,1.652011,0.000000,0.000000,0.000000,0.000000,0.000000,0.000000,0.000000,0.000000,-1167.619141,166.847092,995.560974,1220.935669
31.2204,True,0.000000,0.000000,0.000000,0.000000,0.000000,0.000000,-1.420643,-1.784101,1.303770,1.652011,-1.420643,-1.784101,1.303770,1.652053,0.000000,0.000000,0.000000,0.000000,0.000000,0.000000,0.000000,0.000000,-1167.619141,166.847092,995.560974,1220.935669
31.2404,True,0.000000,0.000000,0.000000,0.000000,0.000000,0.000000,-1.421066,-1.783952,1.303770,1.652053,-1.421066,-1.783952,1.304133,1.652053,0.000000,0.000000,0.000000,0.000000,0.000000,0.000000,0.000000,0.000000,-1167.619141,166.847092,995.560974,1220.935669
31.2604,True,0.000000,0.000000,0.000000,0.000000,0.000000,0.000000,-1.420425,-1.783452,1.303770,1.652011,-1.420425,-1.783452,1.304051,1.652053,0.000000,0.000000,0.000000,0.000000,0.000000,0.000000,0.000000,0.000000,-1167.619141,166.847092,995.560974,1220.935669
31.2804,True,0.000000,0.000000,0.000000,0.000000,0.000000,0.000000,-1.420425,-1.783952,1.303770,1.652011,-1.420425,-1.783952,1.303770,1.652011,0.000000,0.000000,0.000000,0.000000,0.000000,0.000000,0.000000,0.000000,-1167.619141,166.847092,995.560974,1220.935669
31.3004,True,0.000000,0.000000,0.000000,0.000000,0.000000,0.000000,-1.420425,-1.783303,1.303770,1.651970,-1.420425,-1.783303,1.304051,1.651970,0.000000,0.000000,0.000000,0.000000,0.000000,0.000000,0.000000,0.000000,-1167.619141,166.847092,995.560974,1220.935669
31.3204,True,0.000000,0.000000,0.000000,0.000000,0.000000,0.000000,-1.420425,-1.783952,1.303770,1.651970,-1.420425,-1.783452,1.303408,1.651970,0.000000,0.000000,0.000000,0.000000,0.000000,0.000000,0.000000,0.000000,-1167.619141,166.847092,995.560974,1220.935669
31.3404,True,0.000000,0.000000,0.000000,0.000000,0.000000,0.000000,-1.420425,-1.783303,1.303770,1.652011,-1.420425,-1.783303,1.304051,1.652011,0.000000,0.000000,0.000000,0.000000,0.000000,0.000000,0.000000,0.000000,-1167.619141,166.847092,995.560974,1220.935669
31.3604,True,0.000000,0.000000,0.000000,0.000000,0.000000,0.000000,-1.420425,-1.783804,1.303770,1.652011,-1.420425,-1.783303,1.303770,1.652011,0.000000,0.000000,0.000000,0.000000,0.000000,0.000000,0.000000,0.000000,-1167.619141,166.847092,995.560974,1220.935669
31.3804,True,0.000000,0.000000,0.000000,0.000000,0.000000,0.000000,-1.420425,-1.783952,1.304133,1.652053,-1.420425,-1.783952,1.303490,1.652053,0.000000,0.000000,0.000000,0.000000,0.000000,0.000000,0.000000,0.000000,-1167.619141,166.847092,995.560974,1220.935669
31.4007,True,0.000000,0.000000,0.000000,0.000000,0.000000,0.000000,-1.420425,-1.783952,1.303490,1.652053,-1.420425,-1.783952,1.303490,1.652053,0.000000,0.000000,0.000000,0.000000,0.000000,0.000000,0.000000,0.000000,-1167.619141,166.847092,995.560974,1220.935669
31.4204,True,0.000000,0.000000,0.000000,0.000000,0.000000,0.000000,-1.420425,-1.783952,1.303490,1.652053,-1.420425,-1.783952,1.303490,1.652053,0.000000,0.000000,0.000000,0.000000,0.000000,0.000000,0.000000,0.000000,-1167.619141,166.847092,995.560974,1220.935669
31.4404,True,0.000000,0.000000,0.000000,0.000000,0.000000,0.000000,-1.420425,-1.783952,1.303490,1.652053,-1.420425,-1.783952,1.303490,1.652011,0.000000,0.000000,0.000000,0.000000,0.000000,0.000000,0.000000,0.000000,-1167.619141,166.847092,995.560974,1220.935669
31.4606,True,0.000000,0.000000,0.000000,0.000000,0.000000,0.000000,-1.420425,-1.783952,1.303490,1.652011,-1.420425,-1.783952,1.304133,1.652053,0.000000,0.000000,0.000000,0.000000,0.000000,0.000000,0.000000,0.000000,-1167.619141,166.847092,995.560974,1220.935669
31.4804,True,0.000000,0.000000,0.000000,0.000000,0.000000,0.000000,-1.420425,-1.783952,1.304051,1.652011,-1.420425,-1.783952,1.304051,1.652011,0.000000,0.000000,0.000000,0.000000,0.000000,0.000000,0.000000,0.000000,-1167.619141,166.847092,995.560974,1220.935669
31.5004,True,0.000000,0.000000,0.000000,0.000000,0.000000,0.000000,-1.420425,-1.783804,1.303490,1.651970,-1.420425,-1.783804,1.303490,1.651970,0.000000,0.000000,0.000000,0.000000,0.000000,0.000000,0.000000,0.000000,-1167.619141,166.847092,995.560974,1220.935669
31.5204,True,0.000000,0.000000,0.000000,0.000000,0.000000,0.000000,-1.420425,-1.783804,1.304051,1.652011,-1.420425,-1.783804,1.304051,1.652011,0.000000,0.000000,0.000000,0.000000,0.000000,0.000000,0.000000,0.000000,-1167.619141,166.847092,995.560974,1220.935669
31.5404,True,0.000000,0.000000,0.000000,0.000000,0.000000,0.000000,-1.420425,-1.783952,1.303408,1.652011,-1.420425,-1.783303,1.303408,1.652011,0.000000,0.000000,0.000000,0.000000,0.000000,0.000000,0.000000,0.000000,-1167.619141,166.847092,995.560974,1220.935669
31.5604,True,0.000000,0.000000,0.000000,0.000000,0.000000,0.000000,-1.420425,-1.783952,1.303770,1.652053,-1.420425,-1.783952,1.303770,1.652053,0.000000,0.000000,0.000000,0.000000,0.000000,0.000000,0.000000,0.000000,-1167.619141,166.847092,995.560974,1220.935669
31.5804,True,0.000000,0.000000,0.000000,0.000000,0.000000,0.000000,-1.420425,-1.783952,1.303770,1.652053,-1.420425,-1.783952,1.303770,1.652053,0.000000,0.000000,0.000000,0.000000,0.000000,0.000000,0.000000,0.000000,-1167.619141,166.847092,995.560974,1220.935669
31.6004,True,0.000000,0.000000,0.000000,0.000000,0.000000,0.000000,-1.420425,-1.783952,1.303770,1.652011,-1.420425,-1.783952,1.303770,1.652053,0.000000,0.000000,0.000000,0.000000,0.000000,0.000000,0.000000,0.000000,-1167.619141,166.847092,995.560974,1220.935669
31.6204,True,0.000000,0.000000,0.000000,0.000000,0.000000,0.000000,-1.420425,-1.783952,1.303770,1.652011,-1.420425,-1.783952,1.303770,1.652011,0.000000,0.000000,0.000000,0.000000,0.000000,0.000000,0.000000,0.000000,-1167.619141,166.847092,995.560974,1220.935669
31.6404,True,0.000000,0.000000,0.000000,0.000000,0.000000,0.000000,-1.420425,-1.783303,1.304051,1.652011,-1.420425,-1.783804,1.304051,1.652011,0.000000,0.000000,0.000000,0.000000,0.000000,0.000000,0.000000,0.000000,-1167.619141,166.847092,995.560974,1220.935669
31.6604,True,0.000000,0.000000,0.000000,0.000000,0.000000,0.000000,-1.420425,-1.783804,1.304051,1.652011,-1.420425,-1.783804,1.304051,1.652011,0.000000,0.000000,0.000000,0.000000,0.000000,0.000000,0.000000,0.000000,-1167.619141,166.847092,995.560974,1220.935669
31.6804,True,0.000000,0.000000,0.000000,0.000000,0.000000,0.000000,-1.420643,-1.783804,1.304051,1.652011,-1.420643,-1.783804,1.304051,1.652011,0.000000,0.000000,0.000000,0.000000,0.000000,0.000000,0.000000,0.000000,-1167.619141,166.847092,995.560974,1220.935669
31.7004,True,0.000000,0.000000,0.000000,0.000000,0.000000,0.000000,-1.420643,-1.783804,1.304051,1.652011,-1.420643,-1.783804,1.304051,1.652011,0.000000,0.000000,0.000000,0.000000,0.000000,0.000000,0.000000,0.000000,-1167.619141,166.847092,995.560974,1220.935669
31.7204,True,0.000000,0.000000,0.000000,0.000000,0.000000,0.000000,-1.420849,-1.783804,1.304051,1.652011,-1.420425,-1.783804,1.304051,1.652011,0.000000,0.000000,0.000000,0.000000,0.000000,0.000000,0.000000,0.000000,-1167.619141,166.847092,995.560974,1220.935669
31.7404,True,0.000000,0.000000,0.000000,0.000000,0.000000,0.000000,-1.420425,-1.783804,1.304051,1.652011,-1.420425,-1.783804,1.304051,1.652011,0.000000,0.000000,0.000000,0.000000,0.000000,0.000000,0.000000,0.000000,-1167.619141,166.847092,995.560974,1220.935669
31.7604,True,0.000000,0.000000,0.000000,0.000000,0.000000,0.000000,-1.420425,-1.783804,1.304051,1.651970,-1.420425,-1.783804,1.304051,1.652011,0.000000,0.000000,0.000000,0.000000,0.000000,0.000000,0.000000,0.000000,-1167.619141,166.847092,995.560974,1220.935669
31.7804,True,0.000000,0.000000,0.000000,0.000000,0.000000,0.000000,-1.420425,-1.783804,1.304051,1.651970,-1.420425,-1.783804,1.304051,1.652011,0.000000,0.000000,0.000000,0.000000,0.000000,0.000000,0.000000,0.000000,-1167.619141,166.847092,995.560974,1220.935669
31.8005,True,0.000000,0.000000,0.000000,0.000000,0.000000,0.000000,-1.420425,-1.783804,1.304051,1.652011,-1.420425,-1.783804,1.304051,1.652011,0.000000,0.000000,0.000000,0.000000,0.000000,0.000000,0.000000,0.000000,-1167.619141,166.847092,995.560974,1220.935669
31.8204,True,0.000000,0.000000,0.000000,0.000000,0.000000,0.000000,-1.420425,-1.783952,1.304051,1.651970,-1.420425,-1.783952,1.304051,1.651970,0.000000,0.000000,0.000000,0.000000,0.000000,0.000000,0.000000,0.000000,-1167.619141,166.847092,995.560974,1220.935669
31.8404,True,0.000000,0.000000,0.000000,0.000000,0.000000,0.000000,-1.420425,-1.783804,1.304051,1.651970,-1.420425,-1.783804,1.304051,1.651928,0.000000,0.000000,0.000000,0.000000,0.000000,0.000000,0.000000,0.000000,-1167.619141,166.847092,995.560974,1220.935669
31.8606,True,0.000000,0.000000,0.000000,0.000000,0.000000,0.000000,-1.420643,-1.783303,1.304051,1.651970,-1.420643,-1.783952,1.304051,1.651970,0.000000,0.000000,0.000000,0.000000,0.000000,0.000000,0.000000,0.000000,-1167.619141,166.847092,995.560974,1220.935669
31.8804,True,0.000000,0.000000,0.000000,0.000000,0.000000,0.000000,-1.420643,-1.783804,1.304051,1.652011,-1.420643,-1.783804,1.304051,1.652011,0.000000,0.000000,0.000000,0.000000,0.000000,0.000000,0.000000,0.000000,-1167.619141,166.847092,995.560974,1220.935669
31.9004,True,0.000000,0.000000,0.000000,0.000000,0.000000,0.000000,-1.420425,-1.783804,1.304051,1.651970,-1.420425,-1.783952,1.304051,1.651970,0.000000,0.000000,0.000000,0.000000,0.000000,0.000000,0.000000,0.000000,-1167.619141,166.847092,995.560974,1220.935669
31.9204,True,0.000000,0.000000,0.000000,0.000000,0.000000,0.000000,-1.420207,-1.783804,1.304051,1.652011,-1.420207,-1.783804,1.304051,1.652011,0.000000,0.000000,0.000000,0.000000,0.000000,0.000000,0.000000,0.000000,-1167.619141,166.847092,995.560974,1220.935669
31.9404,True,0.000000,0.000000,0.000000,0.000000,0.000000,0.000000,-1.421066,-1.783804,1.303770,1.651928,-1.421066,-1.783804,1.303770,1.651970,0.000000,0.000000,0.000000,0.000000,0.000000,0.000000,0.000000,0.000000,-1167.619141,166.847092,995.560974,1220.935669
31.9604,True,0.000000,0.000000,0.000000,0.000000,0.000000,0.000000,-1.420425,-1.783804,1.303770,1.651970,-1.420425,-1.783804,1.303770,1.651970,0.000000,0.000000,0.000000,0.000000,0.000000,0.000000,0.000000,0.000000,-1167.619141,166.847092,995.560974,1220.935669
31.9804,True,0.000000,0.000000,0.000000,0.000000,0.000000,0.000000,-1.421066,-1.783804,1.303408,1.651970,-1.421066,-1.783804,1.303408,1.651970,0.000000,0.000000,0.000000,0.000000,0.000000,0.000000,0.000000,0.000000,-1167.619141,166.847092,995.560974,1220.935669
32.0004,True,0.000000,0.000000,0.000000,0.000000,0.000000,0.000000,-1.420643,-1.783804,1.303770,1.651970,-1.420643,-1.783804,1.303770,1.652011,0.000000,0.000000,0.000000,0.000000,0.000000,0.000000,0.000000,0.000000,-1167.619141,166.847092,995.560974,1220.935669
32.0204,True,0.000000,0.000000,0.000000,0.000000,0.000000,0.000000,-1.420425,-1.783804,1.304051,1.651970,-1.420425,-1.783804,1.303770,1.651970,0.000000,0.000000,0.000000,0.000000,0.000000,0.000000,0.000000,0.000000,-1167.619141,166.847092,995.560974,1220.935669
32.0404,True,0.000000,0.000000,0.000000,0.000000,0.000000,0.000000,-1.420849,-1.783804,1.303770,1.652011,-1.420849,-1.783804,1.303770,1.652011,0.000000,0.000000,0.000000,0.000000,0.000000,0.000000,0.000000,0.000000,-1167.619141,166.847092,995.560974,1220.935669
32.0604,True,0.000000,0.000000,0.000000,0.000000,0.000000,0.000000,-1.420643,-1.783804,1.303770,1.651970,-1.420643,-1.783804,1.304051,1.652011,0.000000,0.000000,0.000000,0.000000,0.000000,0.000000,0.000000,0.000000,-1167.619141,166.847092,995.560974,1220.935669
32.0804,True,0.000000,0.000000,0.000000,0.000000,0.000000,0.000000,-1.420425,-1.783804,1.303770,1.652011,-1.420425,-1.783804,1.303408,1.652011,0.000000,0.000000,0.000000,0.000000,0.000000,0.000000,0.000000,0.000000,-1167.619141,166.847092,995.560974,1220.935669
32.1004,True,0.000000,0.000000,0.000000,0.000000,0.000000,0.000000,-1.420425,-1.783804,1.304051,1.651970,-1.420425,-1.783804,1.303770,1.651970,0.000000,0.000000,0.000000,0.000000,0.000000,0.000000,0.000000,0.000000,-1167.619141,166.847092,995.560974,1220.935669
32.1204,True,0.000000,0.000000,0.000000,0.000000,0.000000,0.000000,-1.420425,-1.783804,1.303408,1.652053,-1.420425,-1.783804,1.303408,1.652011,0.000000,0.000000,0.000000,0.000000,0.000000,0.000000,0.000000,0.000000,-1167.619141,166.847092,995.560974,1220.935669
32.1404,True,0.000000,0.000000,0.000000,0.000000,0.000000,0.000000,-1.421066,-1.783804,1.304051,1.652011,-1.421066,-1.783804,1.304051,1.652011,0.000000,0.000000,0.000000,0.000000,0.000000,0.000000,0.000000,0.000000,-1167.619141,166.847092,995.560974,1220.935669
32.1604,True,0.000000,0.000000,0.000000,0.000000,0.000000,0.000000,-1.421066,-1.783804,1.303408,1.652011,-1.421066,-1.783804,1.303770,1.652011,0.000000,0.000000,0.000000,0.000000,0.000000,0.000000,0.000000,0.000000,-1167.619141,166.847092,995.560974,1220.935669
32.1804,True,0.000000,0.000000,0.000000,0.000000,0.000000,0.000000,-1.420425,-1.783804,1.303770,1.652011,-1.420425,-1.783804,1.303408,1.652011,0.000000,0.000000,0.000000,0.000000,0.000000,0.000000,0.000000,0.000000,-1167.619141,166.847092,995.560974,1220.935669
32.2004,True,0.000000,0.000000,0.000000,0.000000,0.000000,0.000000,-1.420425,-1.783804,1.303408,1.652011,-1.420425,-1.783804,1.303408,1.652011,0.000000,0.000000,0.000000,0.000000,0.000000,0.000000,0.000000,0.000000,-1167.619141,166.847092,995.560974,1220.935669
32.2204,True,0.000000,0.000000,0.000000,0.000000,0.000000,0.000000,-1.420425,-1.783804,1.303408,1.652011,-1.420425,-1.783804,1.304051,1.652011,0.000000,0.000000,0.000000,0.000000,0.000000,0.000000,0.000000,0.000000,-1167.619141,166.847092,995.560974,1220.935669
