# refresh_posture_target=True,arm_posture_cost=0.001,"arm_posture_cost_overrides={'left_arm_joint7': 0.003, 'right_arm_joint7': 0.003}",ee_position_cost=1.0,ee_orientation_cost=0.5,redundancy_resolution=dls_projector,dls_damping=0.05,nullspace_swivel_weight=1.0,elbow_swivel_gain=1.0,elbow_swivel_targets={},nullspace_continuity_weight=0.0,nullspace_posture_weight=1.0,enable_manipulability=False,manipulability_weight=0.5,base_motion_weight=100.0,base_motion_weight_min=10.0,base_motion_weight_yaw=1.0,base_weight_gate_on=0.065,base_weight_gate_full=0.05,base_recenter_gain=1.5,base_recenter_max_vel=0.15,nullspace_home_gain=0.3,nullspace_home_weight=1.0,constrained_primary=True,dls_task_weighting=True,dls_adaptive_damping_sigma=0.05,dls_damping_max=0.2,swivel_parallel_ref=True,swivel_relatch_err_rad=1.57
# control_hz=30.0,enable_base_motion=True,base_max_lin_vel=0.25,base_max_ang_vel=0.6,base_vel_deadband=0.0,base_vel_deadband_exit=0.0,base_vel_filter_tau=0.15,base_feedback_alpha=0.0,base_leash_m=0.2,base_leash_rad=0.0,enable_lift_motion=True,lift_kp=2.0,lift_kd=0.05,lift_derivative_tau=0.1,lift_velocity_deadband_m=0.005,lift_max_velocity_m_s=0.05,lift_feedback_max_age_s=0.5,use_measured_lift=True,use_measured_arm_state=False,"base_pid=base_pid_hybrid.json [drive p=0.35 ff=0.23, steer p=2 out=+/-1, scale=1.068]",base_heading_rate_limit=3.49,base_max_accel=1.5,base_yaw_deadband=0.0,base_yaw_deadband_exit=0.0,base_yaw_filter_tau=0.15,base_pose_kp_xy=1.5,base_pose_kd_xy=0.15,base_pose_kp_yaw=2.0,base_pose_kd_yaw=0.2,base_pose_deadband_m=0.01,base_pose_yaw_deadband_rad=0.02,base_pose_derivative_tau=0.1,base_pose_ff_gain=1.0,base_pose_ff_max_frac=0.8,base_pose_ff_tau=0.0,arm_joint_deadband_rad=0.005,target_leash_m=0.15,target_leash_rad=0.8,enable_slam_base_pose=True,slam_yaw_sign=1.0,slam_correction_max_lin_rate=1.0,slam_correction_max_yaw_rate=2.0,slam_pose_max_age_s=0.5
t,left_q0,left_q1,left_q2,left_q3,left_q4,left_q5,left_q6,right_q0,right_q1,right_q2,right_q3,right_q4,right_q5,right_q6,left_target_ee_0,left_target_ee_1,left_target_ee_2,left_target_ee_3,left_target_ee_4,left_target_ee_5,left_target_ee_6,right_target_ee_0,right_target_ee_1,right_target_ee_2,right_target_ee_3,right_target_ee_4,right_target_ee_5,right_target_ee_6,left_actual_ee_0,left_actual_ee_1,left_actual_ee_2,left_actual_ee_3,left_actual_ee_4,left_actual_ee_5,left_actual_ee_6,right_actual_ee_0,right_actual_ee_1,right_actual_ee_2,right_actual_ee_3,right_actual_ee_4,right_actual_ee_5,right_actual_ee_6,lift_q,base_x,base_y,base_yaw,iters,solved,base_active,base_err_fwd,base_err_lat,base_err_yaw,base_req_fwd,base_req_lat,base_req_yaw,base_body_fwd,base_body_lat,base_body_yaw,base_sent_0,base_sent_1,base_sent_2,base_leash,base_ff_fwd,base_ff_lat,base_ff_yaw,swerve_enabled,swerve_target_0,swerve_target_1,swerve_target_2,swerve_prof_0,swerve_prof_1,swerve_prof_2,steer_cmd_FL,steer_cmd_FR,steer_cmd_RR,steer_cmd_RL,steer_meas_FL,steer_meas_FR,steer_meas_RR,steer_meas_RL,drive_cmd_FL,drive_cmd_FR,drive_cmd_RR,drive_cmd_RL,drive_meas_FL,drive_meas_FR,drive_meas_RR,drive_meas_RL,drive_pos_FL,drive_pos_FR,drive_pos_RR,drive_pos_RL,lift_active,lift_mode,lift_goal,lift_meas,lift_cmd_vel,lift_vel_est,lift_age,lift_blocked,l_sigma_min,r_sigma_min,l_manip,r_manip,l_swivel,l_swivel_tgt,l_swivel_err,r_swivel,r_swivel_tgt,r_swivel_err,collision_rows
0.015754655993077904,-0.003964,1.325873,-1.706098,1.317919,0.006893,0.004894,-0.005904,-0.001068,1.323119,1.714901,1.303122,-0.008077,-0.001128,0.006962,-0.023442,0.776636,0.142918,-0.613075,0.369476,-0.256106,0.608233,0.146714,-0.611691,-0.023915,0.777005,-0.374907,-0.252886,0.603893,-0.023442,0.776636,0.142918,-0.613075,0.369476,-0.256106,0.608233,0.146714,-0.611691,-0.023915,0.777005,-0.374907,-0.252886,0.603893,0.449939,-0.000071,-0.000017,-0.000013,1,True,True,0.000017,-0.000071,-0.000013,0.000000,0.000000,0.000000,0.000000,0.000000,0.000000,0.000000,0.000000,0.000000,0.000000,0.000000,0.000000,0.000000,True,0.000000,0.000000,0.000000,0.000000,0.000000,0.000000,-2.468799,-1.697789,-2.349319,0.714536,-2.468799,-1.697789,-2.349319,0.714536,0.000000,0.000000,0.000000,0.000000,0.000000,-0.000039,0.000000,0.000000,-1449.171021,331.423004,874.563904,1322.614136,True,velocity,0.449939,0.449931,0.000000,0.000000,3.831238,False,0.142244,0.140875,0.050666,0.050690,-2.751444,-2.751444,0.000000,2.742009,2.742009,0.000000,167.000000
0.04240593998110853,-0.003929,1.325752,-1.706195,1.317842,0.006791,0.004791,-0.005813,-0.001132,1.323236,1.714808,1.303240,-0.008154,-0.001248,0.006924,-0.023442,0.776636,0.142918,-0.613075,0.369476,-0.256106,0.608233,0.146714,-0.611691,-0.023915,0.777005,-0.374907,-0.252886,0.603893,-0.023442,0.776636,0.142918,-0.613075,0.369476,-0.256106,0.608233,0.146714,-0.611691,-0.023915,0.777005,-0.374907,-0.252886,0.603893,0.449946,-0.000140,-0.000033,-0.000026,1,True,True,0.000033,-0.000140,-0.000026,0.000488,-0.002068,-0.000395,0.000089,-0.000376,-0.000072,0.000089,-0.000376,-0.000072,0.000000,0.000488,-0.002068,-0.000395,True,0.000000,0.000000,0.000000,0.000000,0.000000,0.000000,-2.468799,-1.697789,-2.349413,0.714398,-2.469115,-1.697789,-2.349413,0.714398,0.000000,0.000000,0.000000,0.000000,0.000000,-0.000071,0.000000,0.000000,-1449.171021,331.423004,874.563904,1322.614136,True,velocity,0.449946,0.449931,0.000000,0.000000,3.857973,False,0.142236,0.140887,0.050665,0.050692,-2.751433,-2.751444,0.000011,2.741985,2.742009,-0.000024,167.000000
0.07490534099633805,-0.003895,1.325636,-1.706290,1.317768,0.006694,0.004690,-0.005724,-0.001193,1.323351,1.714721,1.303354,-0.008232,-0.001362,0.006888,-0.023442,0.776636,0.142918,-0.613075,0.369476,-0.256106,0.608233,0.146714,-0.611691,-0.023915,0.777005,-0.374907,-0.252886,0.603893,-0.023442,0.776636,0.142918,-0.613075,0.369476,-0.256106,0.608233,0.146714,-0.611691,-0.023915,0.777005,-0.374907,-0.252886,0.603893,0.449954,-0.000207,-0.000049,-0.000039,1,True,True,-0.000042,-0.000237,0.000009,0.000470,-0.001997,-0.000392,0.000158,-0.000671,-0.000130,0.000158,-0.000671,-0.000130,0.000000,0.000470,-0.001997,-0.000392,True,0.000089,-0.000376,-0.000072,0.000089,-0.000376,-0.000072,-2.469440,-1.697789,-2.349413,0.714398,-2.469440,-1.697789,-2.349319,0.714398,0.000000,0.000000,0.000000,0.000000,0.000000,-0.000033,0.000000,0.000000,-1449.171021,331.423126,874.563904,1322.614136,True,velocity,0.449954,0.449931,0.000000,0.000000,3.890892,False,0.142228,0.140899,0.050663,0.050693,-2.751425,-2.751444,0.000020,2.741966,2.742009,-0.000043,167.000000
0.10881993800285272,-0.003862,1.325524,-1.706383,1.317697,0.006601,0.004591,-0.005639,-0.001252,1.323464,1.714638,1.303464,-0.008309,-0.001470,0.006853,-0.023442,0.776636,0.142918,-0.613075,0.369476,-0.256106,0.608233,0.146714,-0.611691,-0.023915,0.777005,-0.374907,-0.252886,0.603893,-0.023442,0.776636,0.142918,-0.613075,0.369476,-0.256106,0.608233,0.146714,-0.611691,-0.023915,0.777005,-0.374907,-0.252886,0.603893,0.449960,-0.000271,-0.000064,-0.000052,1,True,True,-0.000026,-0.000301,-0.000003,0.000454,-0.001928,-0.000386,0.000212,-0.000899,-0.000177,0.000212,-0.000899,-0.000177,0.000000,0.000454,-0.001928,-0.000386,True,0.000158,-0.000671,-0.000130,0.000158,-0.000671,-0.000130,-2.469115,-1.698282,-2.349506,0.714536,-2.468790,-1.698282,-2.349319,0.714398,0.000000,0.000000,0.000000,0.000000,0.000000,0.000055,0.000000,0.000000,-1449.171021,331.423126,874.563904,1322.614136,True,velocity,0.449960,0.449931,0.000000,0.000000,3.924472,False,0.142221,0.140910,0.050662,0.050694,-2.751418,-2.751444,0.000027,2.741951,2.742009,-0.000058,167.000000
0.14182198498747312,-0.003830,1.325417,-1.706474,1.317630,0.006512,0.004496,-0.005557,-0.001309,1.323574,1.714560,1.303571,-0.008385,-0.001573,0.006819,-0.023442,0.776636,0.142918,-0.613075,0.369476,-0.256106,0.608233,0.146714,-0.611691,-0.023915,0.777005,-0.374907,-0.252886,0.603893,-0.023442,0.776636,0.142918,-0.613075,0.369476,-0.256106,0.608233,0.146714,-0.611691,-0.023915,0.777005,-0.374907,-0.252886,0.603893,0.449967,-0.000333,-0.000078,-0.000065,1,True,True,-0.000052,-0.000327,0.000014,0.000438,-0.001861,-0.000380,0.000253,-0.001074,-0.000214,0.000253,-0.001074,-0.000214,0.000000,0.000438,-0.001861,-0.000380,True,0.000212,-0.000899,-0.000177,0.000212,-0.000899,-0.000177,-2.469432,-1.697946,-2.349319,0.714536,-2.468790,-1.697946,-2.349413,0.714398,0.000000,0.000000,0.000000,0.000000,0.000000,0.000071,0.000000,0.000000,-1449.171021,331.423126,874.563904,1322.614136,True,velocity,0.449967,0.449931,0.000000,0.000000,3.957415,False,0.142213,0.140920,0.050661,0.050696,-2.751412,-2.751444,0.000032,2.741940,2.742009,-0.000070,167.000000
0.1743401999992784,-0.003799,1.325314,-1.706563,1.317564,0.006427,0.004403,-0.005478,-0.001363,1.323681,1.714486,1.303674,-0.008459,-0.001671,0.006785,-0.023442,0.776636,0.142918,-0.613075,0.369476,-0.256106,0.608233,0.146714,-0.611691,-0.023915,0.777005,-0.374907,-0.252886,0.603893,-0.023442,0.776636,0.142918,-0.613075,0.369476,-0.256106,0.608233,0.146714,-0.611691,-0.023915,0.777005,-0.374907,-0.252886,0.603893,0.449973,-0.000393,-0.000093,-0.000077,1,True,True,0.000012,-0.000338,-0.000083,0.000423,-0.001797,-0.000372,0.000284,-0.001206,-0.000242,0.000284,-0.001206,-0.000242,0.000000,0.000423,-0.001797,-0.000372,True,0.000253,-0.001074,-0.000214,0.000253,-0.001074,-0.000214,-1.313771,-1.376426,-1.366983,1.840054,-2.462700,-1.697789,-2.343538,0.732807,0.000466,0.001064,0.000594,-0.000468,0.000000,-0.000238,-0.000001,-0.000014,-1449.171021,331.421173,874.563782,1322.613525,True,velocity,0.449973,0.449931,0.000000,0.000000,3.990326,False,0.142207,0.140931,0.050659,0.050697,-2.751408,-2.751444,0.000036,2.741930,2.742009,-0.000079,167.000000
0.20849738898687065,-0.003769,1.325215,-1.706649,1.317502,0.006345,0.004313,-0.005403,-0.001415,1.323785,1.714415,1.303773,-0.008532,-0.001766,0.006753,-0.023442,0.776636,0.142918,-0.613075,0.369476,-0.256106,0.608233,0.146714,-0.611691,-0.023915,0.777005,-0.374907,-0.252886,0.603893,-0.023442,0.776636,0.142918,-0.613075,0.369476,-0.256106,0.608233,0.146714,-0.611691,-0.023915,0.777005,-0.374907,-0.252886,0.603893,0.449979,-0.000451,-0.000106,-0.000090,1,True,True,0.000026,-0.000396,-0.000095,0.000408,-0.001735,-0.000364,0.000306,-0.001302,-0.000265,0.000306,-0.001302,-0.000265,0.000000,0.000408,-0.001735,-0.000364,True,0.000284,-0.001206,-0.000242,0.000284,-0.001206,-0.000242,-1.313550,-1.376900,-1.367370,1.840427,-2.327978,-1.673618,-2.208636,0.855358,0.000621,0.001199,0.000755,-0.000617,-0.000832,-0.001847,-0.001371,-0.004027,-1449.177002,331.417145,874.554382,1322.594727,True,velocity,0.449979,0.449931,0.000000,0.000000,4.024505,False,0.142200,0.140941,0.050658,0.050698,-2.751405,-2.751444,0.000039,2.741923,2.742009,-0.000086,167.000000
0.24029175599571317,-0.003740,1.325120,-1.706733,1.317442,0.006266,0.004225,-0.005330,-0.001465,1.323885,1.714347,1.303870,-0.008603,-0.001856,0.006721,-0.023442,0.776636,0.142918,-0.613075,0.369476,-0.256106,0.608233,0.146714,-0.611691,-0.023915,0.777005,-0.374907,-0.252886,0.603893,-0.023442,0.776636,0.142918,-0.613075,0.369476,-0.256106,0.608233,0.146714,-0.611691,-0.023915,0.777005,-0.374907,-0.252886,0.603893,0.449985,-0.000507,-0.000119,-0.000101,1,True,True,-0.000041,-0.000657,0.000817,0.000396,-0.001675,-0.000356,0.000323,-0.001370,-0.000281,0.000323,-0.001370,-0.000281,0.000000,0.000396,-0.001675,-0.000356,True,0.000306,-0.001302,-0.000265,0.000306,-0.001302,-0.000265,-1.313307,-1.377317,-1.367703,1.840815,-2.132019,-1.605804,-2.030695,1.045367,0.000880,0.001314,0.000970,-0.000850,-0.007651,-0.004439,-0.011698,-0.017218,-1449.196533,331.412811,874.524719,1322.566650,True,velocity,0.449985,0.449931,0.000000,0.000000,4.056290,False,0.142194,0.140950,0.050657,0.050699,-2.751403,-2.751444,0.000042,2.741918,2.742009,-0.000092,167.000000
0.27372244800790213,-0.003711,1.325028,-1.706815,1.317385,0.006191,0.004140,-0.005260,-0.001513,1.323983,1.714283,1.303963,-0.008673,-0.001942,0.006690,-0.023442,0.776636,0.142918,-0.613075,0.369476,-0.256106,0.608233,0.146714,-0.611691,-0.023915,0.777005,-0.374907,-0.252886,0.603893,-0.023442,0.776636,0.142918,-0.613075,0.369476,-0.256106,0.608233,0.146714,-0.611691,-0.023915,0.777005,-0.374907,-0.252886,0.603893,0.449990,-0.000561,-0.000132,-0.000113,1,True,True,-0.000265,-0.000868,0.002343,0.000385,-0.001616,-0.000347,0.000334,-0.001414,-0.000293,0.000334,-0.001414,-0.000293,0.000000,0.000385,-0.001616,-0.000347,True,0.000323,-0.001370,-0.000281,0.000323,-0.001370,-0.000281,-1.312845,-1.377480,-1.367775,1.841426,-1.941774,-1.605804,-1.877165,1.253441,0.001174,0.001394,0.001190,-0.001114,-0.016796,-0.005293,-0.028495,-0.030068,-1449.211548,331.412262,874.498352,1322.543091,True,velocity,0.449990,0.449931,0.000000,0.000000,4.089542,False,0.142188,0.140960,0.050656,0.050700,-2.751401,-2.751444,0.000044,2.741913,2.742009,-0.000096,167.000000
0.3078216739813797,-0.003684,1.324940,-1.706894,1.317330,0.006118,0.004058,-0.005192,-0.001560,1.324078,1.714220,1.304053,-0.008740,-0.002025,0.006660,-0.023442,0.776636,0.142918,-0.613075,0.369476,-0.256106,0.608233,0.146714,-0.611691,-0.023915,0.777005,-0.374907,-0.252886,0.603893,-0.023442,0.776636,0.142918,-0.613075,0.369476,-0.256106,0.608233,0.146714,-0.611691,-0.023915,0.777005,-0.374907,-0.252886,0.603893,0.449995,-0.000613,-0.000144,-0.000124,1,True,True,-0.000252,-0.000920,0.002331,0.000372,-0.001560,-0.000338,0.000341,-0.001441,-0.000301,0.000341,-0.001441,-0.000301,0.000000,0.000372,-0.001560,-0.000338,True,0.000334,-0.001414,-0.000293,0.000334,-0.001414,-0.000293,-1.312109,-1.377338,-1.367530,1.842321,-1.739300,-1.556966,-1.717911,1.376129,0.001333,0.001452,0.001283,-0.001254,-0.022338,-0.003778,-0.035755,-0.037365,-1449.219604,331.411560,874.485901,1322.524536,True,velocity,0.449995,0.449931,0.000000,0.000000,4.123834,False,0.142182,0.140969,0.050655,0.050701,-2.751399,-2.751444,0.000045,2.741910,2.742009,-0.000099,167.000000
0.3420117700006813,-0.003657,1.324854,-1.706971,1.317277,0.006048,0.003979,-0.005128,-0.001605,1.324169,1.714161,1.304140,-0.008805,-0.002105,0.006631,-0.023442,0.776636,0.142918,-0.613075,0.369476,-0.256106,0.608233,0.146714,-0.611691,-0.023915,0.777005,-0.374907,-0.252886,0.603893,-0.023442,0.776636,0.142918,-0.613075,0.369476,-0.256106,0.608233,0.146714,-0.611691,-0.023915,0.777005,-0.374907,-0.252886,0.603893,0.450000,-0.000663,-0.000156,-0.000135,1,True,True,-0.000408,-0.001580,0.003829,0.000362,-0.001505,-0.000330,0.000345,-0.001453,-0.000306,0.000345,-0.001453,-0.000306,0.000000,0.000362,-0.001505,-0.000330,True,0.000341,-0.001441,-0.000301,0.000341,-0.001441,-0.000301,-1.311466,-1.377269,-1.367365,1.843113,-1.635121,-1.544636,-1.662608,1.462272,0.001450,0.001485,0.001371,-0.001353,-0.020222,-0.001097,-0.025977,-0.032324,-1449.230835,331.411285,874.476990,1322.508057,True,velocity,0.450000,0.449931,0.000000,0.000000,4.157983,False,0.142176,0.140978,0.050654,0.050702,-2.751398,-2.751444,0.000046,2.741907,2.742009,-0.000102,167.000000
0.37627347599482164,-0.003631,1.324772,-1.707046,1.317226,0.005980,0.003902,-0.005065,-0.001648,1.324258,1.714103,1.304225,-0.008869,-0.002182,0.006603,-0.023442,0.776636,0.142918,-0.613075,0.369476,-0.256106,0.608233,0.146714,-0.611691,-0.023915,0.777005,-0.374907,-0.252886,0.603893,-0.023442,0.776636,0.142918,-0.613075,0.369476,-0.256106,0.608233,0.146714,-0.611691,-0.023915,0.777005,-0.374907,-0.252886,0.603893,0.450005,-0.000711,-0.000168,-0.000146,1,True,True,-0.000346,-0.001761,0.003524,0.000349,-0.001453,-0.000321,0.000345,-0.001453,-0.000309,0.000345,-0.001453,-0.000309,0.000000,0.000349,-0.001453,-0.000321,True,0.000345,-0.001453,-0.000306,0.000345,-0.001453,-0.000306,-1.310608,-1.376961,-1.366952,1.844129,-1.561577,-1.501805,-1.577185,1.486418,0.001494,0.001506,0.001413,-0.001377,-0.015311,-0.000484,-0.017749,-0.026660,-1449.237671,331.411407,874.467773,1322.497070,True,velocity,0.450005,0.449931,0.000000,0.000000,4.191545,False,0.142171,0.140986,0.050653,0.050703,-2.751398,-2.751444,0.000047,2.741905,2.742009,-0.000104,167.000000
0.41156828799284995,-0.003605,1.324693,-1.707118,1.317178,0.005915,0.003828,-0.005005,-0.001690,1.324344,1.714048,1.304307,-0.008930,-0.002255,0.006575,-0.023442,0.776636,0.142918,-0.613075,0.369476,-0.256106,0.608233,0.146714,-0.611691,-0.023915,0.777005,-0.374907,-0.252886,0.603893,-0.023442,0.776636,0.142918,-0.613075,0.369476,-0.256106,0.608233,0.146714,-0.611691,-0.023915,0.777005,-0.374907,-0.252886,0.603893,0.450009,-0.000758,-0.000179,-0.000156,1,True,True,-0.000335,-0.001808,0.003514,0.000337,-0.001403,-0.000312,0.000344,-0.001444,-0.000310,0.000344,-0.001444,-0.000310,0.000000,0.000337,-0.001403,-0.000312,True,0.000345,-0.001453,-0.000309,0.000345,-0.001453,-0.000309,-1.309899,-1.376789,-1.366684,1.844985,-1.488210,-1.482985,-1.515517,1.554287,0.001518,0.001510,0.001429,-0.001376,-0.011520,-0.000151,-0.013146,-0.021628,-1449.242310,331.411682,874.458130,1322.484985,True,velocity,0.450009,0.449931,0.000000,0.000000,4.227394,False,0.142166,0.140994,0.050652,0.050704,-2.751397,-2.751444,0.000047,2.741904,2.742009,-0.000106,167.000000
0.4438661900057923,-0.003581,1.324617,-1.707188,1.317132,0.005853,0.003756,-0.004948,-0.001730,1.324427,1.713995,1.304386,-0.008990,-0.002326,0.006548,-0.023442,0.776636,0.142918,-0.613075,0.369476,-0.256106,0.608233,0.146714,-0.611691,-0.023915,0.777005,-0.374907,-0.252886,0.603893,-0.023442,0.776636,0.142918,-0.613075,0.369476,-0.256106,0.608233,0.146714,-0.611691,-0.023915,0.777005,-0.374907,-0.252886,0.603893,0.450013,-0.000803,-0.000189,-0.000166,1,True,True,-0.000290,-0.001623,0.003645,0.000326,-0.001354,-0.000304,0.000341,-0.001427,-0.000309,0.000341,-0.001427,-0.000309,0.000000,0.000326,-0.001354,-0.000304,True,0.000344,-0.001444,-0.000310,0.000344,-0.001444,-0.000310,-1.309246,-1.376663,-1.366466,1.845780,-1.451421,-1.482985,-2.349319,1.639820,0.001518,0.001501,0.000796,-0.001430,-0.011520,0.000303,-0.012460,-0.018202,-1449.242310,331.411957,874.453796,1322.476685,True,velocity,0.450013,0.449931,0.000000,0.000000,4.259504,False,0.142161,0.141002,0.050651,0.050705,-2.751397,-2.751444,0.000048,2.741902,2.742009,-0.000107,167.000000
0.4771804939955473,-0.003557,1.324543,-1.707256,1.317087,0.005792,0.003687,-0.004893,-0.001769,1.324507,1.713944,1.304463,-0.009047,-0.002395,0.006522,-0.023442,0.776636,0.142918,-0.613075,0.369476,-0.256106,0.608233,0.146714,-0.611691,-0.023915,0.777005,-0.374907,-0.252886,0.603893,-0.023442,0.776636,0.142918,-0.613075,0.369476,-0.256106,0.608233,0.146714,-0.611691,-0.023915,0.777005,-0.374907,-0.252886,0.603893,0.450017,-0.000847,-0.000200,-0.000176,1,True,True,-0.000433,-0.001529,0.003803,0.000316,-0.001307,-0.000296,0.000336,-0.001405,-0.000306,0.000336,-0.001405,-0.000306,0.000000,0.000316,-0.001307,-0.000296,True,0.000341,-0.001427,-0.000309,0.000341,-0.001427,-0.000309,-1.308608,-1.376542,-1.366255,1.846559,-1.420849,-1.470836,-1.466680,1.670410,0.001507,0.001487,0.001412,-0.001422,0.000000,0.000341,-0.011206,-0.014136,-1449.171021,331.412109,874.451721,1322.472412,True,velocity,0.450017,0.449931,0.000000,0.000000,4.292975,False,0.142156,0.141010,0.050650,0.050706,-2.751397,-2.751444,0.000048,2.741902,2.742009,-0.000108,167.000000
0.5094561369915027,-0.003533,1.324472,-1.707321,1.317045,0.005734,0.003619,-0.004839,-0.001807,1.324584,1.713895,1.304537,-0.009103,-0.002461,0.006497,-0.023442,0.776636,0.142918,-0.613075,0.369476,-0.256106,0.608233,0.146714,-0.611691,-0.023915,0.777005,-0.374907,-0.252886,0.603893,-0.023442,0.776636,0.142918,-0.613075,0.369476,-0.256106,0.608233,0.146714,-0.611691,-0.023915,0.777005,-0.374907,-0.252886,0.603893,0.450021,-0.000889,-0.000210,-0.000186,1,True,True,-0.000423,-0.001571,0.003794,0.000305,-0.001262,-0.000288,0.000331,-0.001379,-0.000303,0.000331,-0.001379,-0.000303,0.000000,0.000305,-0.001262,-0.000288,True,0.000331,-0.001379,-0.000303,0.000336,-0.001405,-0.000306,-1.307973,-1.376418,-1.366041,1.847334,-1.396044,-1.470836,-2.349413,0.714398,0.000595,0.001464,0.001390,-0.001401,-0.003669,0.000498,-0.007185,-0.010425,-1449.249023,331.412537,874.448364,1322.467651,True,velocity,0.450021,0.449931,0.000000,0.000000,4.324947,False,0.142152,0.141018,0.050649,0.050707,-2.751397,-2.751444,0.000048,2.741901,2.742009,-0.000109,167.000000
0.5408220810058992,-0.003511,1.324403,-1.707385,1.317004,0.005678,0.003555,-0.004788,-0.001843,1.324659,1.713847,1.304609,-0.009157,-0.002524,0.006472,-0.023442,0.776636,0.142918,-0.613075,0.369476,-0.256106,0.608233,0.146714,-0.611691,-0.023915,0.777005,-0.374907,-0.252886,0.603893,-0.023442,0.776636,0.142918,-0.613075,0.369476,-0.256106,0.608233,0.146714,-0.611691,-0.023915,0.777005,-0.374907,-0.252886,0.603893,0.450025,-0.000930,-0.000219,-0.000195,1,True,True,-0.000198,-0.001550,0.003474,0.000295,-0.001218,-0.000280,0.000324,-0.001350,-0.000299,0.000324,-0.001350,-0.000299,0.000000,0.000295,-0.001218,-0.000280,True,0.000331,-0.001379,-0.000303,0.000331,-0.001379,-0.000303,-1.307362,-1.376315,-1.365850,1.848084,-1.377866,-1.470836,-2.349413,1.713451,0.001463,0.001437,0.000760,-0.001383,-0.003402,0.000443,-0.004953,-0.007389,-1449.251221,331.412537,874.446838,1322.464478,True,velocity,0.450025,0.449931,0.000000,0.000000,4.356885,False,0.142147,0.141025,0.050648,0.050707,-2.751397,-2.751444,0.000048,2.741900,2.742009,-0.000109,167.000000
0.5748981770011596,-0.003489,1.324337,-1.707447,1.316966,0.005624,0.003492,-0.004739,-0.001878,1.324731,1.713801,1.304679,-0.009209,-0.002586,0.006447,-0.023442,0.776636,0.142918,-0.613075,0.369476,-0.256106,0.608233,0.146714,-0.611691,-0.023915,0.777005,-0.374907,-0.252886,0.603893,-0.023442,0.776636,0.142918,-0.613075,0.369476,-0.256106,0.608233,0.146714,-0.611691,-0.023915,0.777005,-0.374907,-0.252886,0.603893,0.450028,-0.000969,-0.000229,-0.000204,1,True,True,-0.000117,-0.001603,0.003584,0.000285,-0.001175,-0.000273,0.000317,-0.001318,-0.000294,0.000317,-0.001318,-0.000294,0.000000,0.000285,-0.001175,-0.000273,True,0.000324,-0.001350,-0.000299,0.000324,-0.001350,-0.000299,-1.306815,-1.376277,-1.365727,1.848766,-1.371450,-1.464815,-1.424282,1.725886,0.001433,0.001407,0.001339,-0.001355,-0.003417,0.000198,-0.003301,-0.005399,-1449.253174,331.412109,874.445312,1322.461548,True,velocity,0.450028,0.449931,0.000000,0.000000,4.390800,False,0.142143,0.141032,0.050647,0.050708,-2.751397,-2.751444,0.000047,2.741900,2.742009,-0.000109,167.000000
0.6086660900036804,-0.003467,1.324273,-1.707506,1.316929,0.005571,0.003431,-0.004692,-0.001912,1.324801,1.713757,1.304746,-0.009259,-0.002645,0.006424,-0.023442,0.776636,0.142918,-0.613075,0.369476,-0.256106,0.608233,0.146714,-0.611691,-0.023915,0.777005,-0.374907,-0.252886,0.603893,-0.023442,0.776636,0.142918,-0.613075,0.369476,-0.256106,0.608233,0.146714,-0.611691,-0.023915,0.777005,-0.374907,-0.252886,0.603893,0.450031,-0.001007,-0.000238,-0.000213,1,True,True,-0.000107,-0.001641,0.003575,0.000275,-0.001135,-0.000265,0.000309,-0.001285,-0.000289,0.000309,-0.001285,-0.000289,0.000000,0.000275,-0.001135,-0.000265,True,0.000317,-0.001318,-0.000294,0.000317,-0.001318,-0.000294,-1.306250,-1.376221,-1.365585,1.849468,-1.359261,-1.464815,-1.418501,1.738287,0.001401,0.001375,0.001307,-0.001325,-0.003071,-0.000355,-0.002581,-0.004330,-1449.254761,331.411560,874.444031,1322.460083,True,velocity,0.450031,0.449931,0.000000,0.000000,4.424156,False,0.142139,0.141039,0.050646,0.050709,-2.751397,-2.751444,0.000047,2.741900,2.742009,-0.000110,167.000000
0.6410596210043877,-0.003446,1.324212,-1.707564,1.316893,0.005521,0.003373,-0.004647,-0.001944,1.324868,1.713714,1.304812,-0.009308,-0.002701,0.006401,-0.023442,0.776636,0.142918,-0.613075,0.369476,-0.256106,0.608233,0.146714,-0.611691,-0.023915,0.777005,-0.374907,-0.252886,0.603893,-0.023442,0.776636,0.142918,-0.613075,0.369476,-0.256106,0.608233,0.146714,-0.611691,-0.023915,0.777005,-0.374907,-0.252886,0.603893,0.450034,-0.001043,-0.000247,-0.000222,1,True,True,0.000310,-0.001639,0.003744,0.000267,-0.001095,-0.000258,0.000302,-0.001250,-0.000283,0.000302,-0.001250,-0.000283,0.000000,0.000267,-0.001095,-0.000258,True,0.000309,-0.001285,-0.000289,0.000309,-0.001285,-0.000289,-1.305684,-1.376168,-1.365445,1.850172,-1.353488,-1.465282,-1.417859,1.750066,0.001366,0.001340,0.001274,-0.001293,-0.002775,-0.000558,-0.001885,-0.003280,-1449.255249,331.411407,874.443237,1322.458862,True,velocity,0.450034,0.449931,0.000000,0.000000,4.457038,False,0.142135,0.141045,0.050645,0.050710,-2.751397,-2.751444,0.000047,2.741900,2.742009,-0.000110,167.000000
0.6751973089994863,-0.003426,1.324152,-1.707620,1.316859,0.005472,0.003316,-0.004603,-0.001976,1.324933,1.713673,1.304875,-0.009354,-0.002756,0.006379,-0.023442,0.776636,0.142918,-0.613075,0.369476,-0.256106,0.608233,0.146714,-0.611691,-0.023915,0.777005,-0.374907,-0.252886,0.603893,-0.023442,0.776636,0.142918,-0.613075,0.369476,-0.256106,0.608233,0.146714,-0.611691,-0.023915,0.777005,-0.374907,-0.252886,0.603893,0.450037,-0.001079,-0.000255,-0.000230,1,True,True,0.000288,-0.001659,0.003564,0.000258,-0.001057,-0.000251,0.000294,-0.001215,-0.000277,0.000294,-0.001215,-0.000277,0.000000,0.000258,-0.001057,-0.000251,True,0.000302,-0.001250,-0.000283,0.000302,-0.001250,-0.000283,-1.305088,-1.376089,-1.365277,1.850910,-1.347072,-1.458974,-1.411435,1.756531,0.001330,0.001305,0.001240,-0.001259,-0.001638,-0.000349,-0.001490,-0.002389,-1449.255615,331.411560,874.442810,1322.457275,True,velocity,0.450037,0.449931,0.000000,0.000000,4.491212,False,0.142132,0.141051,0.050645,0.050710,-2.751398,-2.751444,0.000047,2.741899,2.742009,-0.000110,167.000000
0.7084819840092678,-0.003406,1.324095,-1.707674,1.316827,0.005425,0.003262,-0.004561,-0.002006,1.324995,1.713633,1.304936,-0.009400,-0.002809,0.006357,-0.023442,0.776636,0.142918,-0.613075,0.369476,-0.256106,0.608233,0.146714,-0.611691,-0.023915,0.777005,-0.374907,-0.252886,0.603893,-0.023442,0.776636,0.142918,-0.613075,0.369476,-0.256106,0.608233,0.146714,-0.611691,-0.023915,0.777005,-0.374907,-0.252886,0.603893,0.450040,-0.001113,-0.000263,-0.000238,1,True,True,0.000297,-0.001693,0.003556,0.000249,-0.001020,-0.000244,0.000285,-0.001180,-0.000271,0.000285,-0.001180,-0.000271,0.000000,0.000249,-0.001020,-0.000244,True,0.000294,-0.001215,-0.000277,0.000294,-0.001215,-0.000277,-1.304516,-1.376041,-1.365141,1.851625,-1.347072,-1.458792,-1.411432,1.762465,0.001294,0.001269,0.001205,-0.001224,-0.000750,0.000031,-0.000926,-0.002074,-1449.255493,331.411957,874.442810,1322.456177,True,velocity,0.450040,0.449931,0.000000,0.000000,4.524375,False,0.142128,0.141058,0.050644,0.050711,-2.751398,-2.751444,0.000046,2.741899,2.742009,-0.000110,167.000000
0.7417319919914007,-0.003387,1.324040,-1.707726,1.316796,0.005380,0.003209,-0.004521,-0.002036,1.325056,1.713594,1.304996,-0.009443,-0.002860,0.006335,-0.023442,0.776636,0.142918,-0.613075,0.369476,-0.256106,0.608233,0.146714,-0.611691,-0.023915,0.777005,-0.374907,-0.252886,0.603893,-0.023442,0.776636,0.142918,-0.613075,0.369476,-0.256106,0.608233,0.146714,-0.611691,-0.023915,0.777005,-0.374907,-0.252886,0.603893,0.450043,-0.001145,-0.000271,-0.000246,1,True,True,0.000414,-0.001693,0.003790,0.000241,-0.000984,-0.000238,0.000277,-0.001144,-0.000265,0.000277,-0.001144,-0.000265,0.000000,0.000241,-0.000984,-0.000238,True,0.000285,-0.001180,-0.000271,0.000285,-0.001180,-0.000271,-1.303934,-1.375993,-1.365003,1.852352,-1.340866,-1.458974,-1.412074,1.762435,0.001257,0.001232,0.001170,-0.000501,-0.000190,0.000334,-0.000449,-0.001976,-1449.255615,331.412262,874.442810,1322.455200,True,velocity,0.450043,0.449931,0.000000,0.000000,4.557727,False,0.142125,0.141064,0.050643,0.050712,-2.751398,-2.751444,0.000046,2.741899,2.742009,-0.000110,167.000000
0.7777826149831526,-0.003369,1.323986,-1.707777,1.316767,0.005336,0.003158,-0.004483,-0.002064,1.325114,1.713557,1.305054,-0.009485,-0.002909,0.006315,-0.023442,0.776636,0.142918,-0.613075,0.369476,-0.256106,0.608233,0.146714,-0.611691,-0.023915,0.777005,-0.374907,-0.252886,0.603893,-0.023442,0.776636,0.142918,-0.613075,0.369476,-0.256106,0.608233,0.146714,-0.611691,-0.023915,0.777005,-0.374907,-0.252886,0.603893,0.450045,-0.001177,-0.000279,-0.000254,1,True,True,0.000444,-0.001681,0.003815,0.000233,-0.000950,-0.000232,0.000269,-0.001109,-0.000259,0.000269,-0.001109,-0.000259,0.000000,0.000233,-0.000950,-0.000232,True,0.000277,-0.001144,-0.000265,0.000277,-0.001144,-0.000265,-1.303306,-1.375907,-1.364822,1.853131,-1.340866,-1.458792,-1.412079,1.768962,0.001219,0.001195,0.001134,-0.000485,-0.000124,0.000392,-0.000075,-0.001474,-1449.255859,331.412262,874.442810,1322.454956,True,velocity,0.450045,0.449931,0.000000,0.000000,4.593753,False,0.142122,0.141069,0.050642,0.050712,-2.751399,-2.751444,0.000046,2.741899,2.742009,-0.000110,167.000000
0.8082082119944971,-0.003350,1.323935,-1.707826,1.316739,0.005294,0.003109,-0.004446,-0.002091,1.325170,1.713521,1.305110,-0.009526,-0.002957,0.006294,-0.023442,0.776636,0.142918,-0.613075,0.369476,-0.256106,0.608233,0.146714,-0.611691,-0.023915,0.777005,-0.374907,-0.252886,0.603893,-0.023442,0.776636,0.142918,-0.613075,0.369476,-0.256106,0.608233,0.146714,-0.611691,-0.023915,0.777005,-0.374907,-0.252886,0.603893,0.450047,-0.001208,-0.000286,-0.000261,1,True,True,0.000452,-0.001711,0.003808,0.000225,-0.000917,-0.000226,0.000261,-0.001074,-0.000253,0.000261,-0.001074,-0.000253,0.000000,0.000225,-0.000917,-0.000226,True,0.000269,-0.001109,-0.000259,0.000269,-0.001109,-0.000259,-1.302666,-1.375821,-1.364640,1.853925,-1.340657,-1.458974,-1.412077,1.768962,0.001182,0.001159,0.001099,-0.001118,-0.000191,0.000204,0.000000,-0.000900,-1449.255981,331.412109,874.442810,1322.454956,True,velocity,0.450047,0.449931,0.000000,0.000000,4.624212,False,0.142119,0.141075,0.050642,0.050713,-2.751399,-2.751444,0.000045,2.741899,2.742009,-0.000110,167.000000
0.8417850330006331,-0.003333,1.323885,-1.707873,1.316712,0.005253,0.003061,-0.004410,-0.002118,1.325225,1.713487,1.305164,-0.009565,-0.003003,0.006275,-0.023442,0.776636,0.142918,-0.613075,0.369476,-0.256106,0.608233,0.146714,-0.611691,-0.023915,0.777005,-0.374907,-0.252886,0.603893,-0.023442,0.776636,0.142918,-0.613075,0.369476,-0.256106,0.608233,0.146714,-0.611691,-0.023915,0.777005,-0.374907,-0.252886,0.603893,0.450049,-0.001237,-0.000293,-0.000269,1,True,True,0.000504,-0.002037,0.003569,0.000218,-0.000885,-0.000220,0.000253,-0.001040,-0.000247,0.000253,-0.001040,-0.000247,0.000000,0.000218,-0.000885,-0.000220,True,0.000261,-0.001074,-0.000253,0.000261,-0.001074,-0.000253,-1.302018,-1.375740,-1.364461,1.854731,-1.340866,-1.458974,-1.411435,1.768933,0.001145,0.001122,0.001064,-0.001082,-0.000268,-0.000032,0.000000,-0.000383,-1449.255981,331.412109,874.442810,1322.454834,True,velocity,0.450049,0.449931,0.000000,0.000000,4.657672,False,0.142116,0.141080,0.050641,0.050713,-2.751399,-2.751444,0.000045,2.741899,2.742009,-0.000110,167.000000
0.8753353169886395,-0.003315,1.323837,-1.707919,1.316687,0.005214,0.003015,-0.004376,-0.002144,1.325277,1.713453,1.305216,-0.009603,-0.003047,0.006256,-0.023442,0.776636,0.142918,-0.613075,0.369476,-0.256106,0.608233,0.146714,-0.611691,-0.023915,0.777005,-0.374907,-0.252886,0.603893,-0.023442,0.776636,0.142918,-0.613075,0.369476,-0.256106,0.608233,0.146714,-0.611691,-0.023915,0.777005,-0.374907,-0.252886,0.603893,0.450051,-0.001266,-0.000300,-0.000276,1,True,True,0.000506,-0.002076,0.003690,0.000211,-0.000854,-0.000214,0.000246,-0.001006,-0.000241,0.000246,-0.001006,-0.000241,0.000000,0.000211,-0.000854,-0.000214,True,0.000246,-0.001006,-0.000241,0.000253,-0.001040,-0.000247,-1.301395,-1.375698,-1.364321,1.855514,-1.340866,-1.458974,-1.412077,1.768933,0.001109,0.001087,0.001030,-0.001048,-0.000136,-0.000071,0.000000,-0.000143,-1449.255859,331.412109,874.442810,1322.454468,True,velocity,0.450051,0.449931,0.000000,0.000000,4.691244,False,0.142113,0.141086,0.050640,0.050714,-2.751400,-2.751444,0.000045,2.741899,2.742009,-0.000110,167.000000
0.9094835610012524,-0.003299,1.323790,-1.707963,1.316662,0.005176,0.002971,-0.004344,-0.002168,1.325328,1.713421,1.305267,-0.009640,-0.003089,0.006237,-0.023442,0.776636,0.142918,-0.613075,0.369476,-0.256106,0.608233,0.146714,-0.611691,-0.023915,0.777005,-0.374907,-0.252886,0.603893,-0.023442,0.776636,0.142918,-0.613075,0.369476,-0.256106,0.608233,0.146714,-0.611691,-0.023915,0.777005,-0.374907,-0.252886,0.603893,0.450053,-0.001293,-0.000307,-0.000283,1,True,True,0.000513,-0.002104,0.003683,0.000204,-0.000824,-0.000209,0.000238,-0.000973,-0.000235,0.000238,-0.000973,-0.000235,0.000000,0.000204,-0.000824,-0.000209,True,0.000246,-0.001006,-0.000241,0.000246,-0.001006,-0.000241,-1.300736,-1.375635,-1.411435,1.856339,-1.340866,-1.458325,-1.412074,1.774864,0.001073,0.001052,0.000000,-0.001014,0.000029,-0.000008,0.000000,-0.000488,-1449.255859,331.412262,874.442810,1322.453735,True,velocity,0.450053,0.449931,0.000000,0.000000,4.724978,False,0.142110,0.141091,0.050640,0.050714,-2.751400,-2.751444,0.000044,2.741900,2.742009,-0.000110,167.000000
0.9429871229804121,-0.003282,1.323746,-1.708006,1.316639,0.005139,0.002928,-0.004313,-0.002192,1.325376,1.713389,1.305317,-0.009675,-0.003130,0.006219,-0.023442,0.776636,0.142918,-0.613075,0.369476,-0.256106,0.608233,0.146714,-0.611691,-0.023915,0.777005,-0.374907,-0.252886,0.603893,-0.023442,0.776636,0.142918,-0.613075,0.369476,-0.256106,0.608233,0.146714,-0.611691,-0.023915,0.777005,-0.374907,-0.252886,0.603893,0.450055,-0.001320,-0.000313,-0.000290,1,True,True,0.000180,-0.002073,0.003749,0.000197,-0.000795,-0.000203,0.000231,-0.000941,-0.000229,0.000231,-0.000941,-0.000229,0.000000,0.000197,-0.000795,-0.000203,True,0.000238,-0.000973,-0.000235,0.000238,-0.000973,-0.000235,-1.300063,-1.375573,-1.412077,1.774864,-1.340657,-1.458974,-1.412077,1.774864,0.001039,0.001017,0.000000,0.000000,0.000071,0.000071,0.000000,-0.000717,-1449.255859,331.412262,874.442810,1322.453491,True,velocity,0.450055,0.449931,0.000000,0.000000,4.758679,False,0.142108,0.141096,0.050639,0.050715,-2.751400,-2.751444,0.000044,2.741900,2.742009,-0.000110,167.000000
0.9755279499804601,-0.003266,1.323702,-1.708048,1.316617,0.005103,0.002887,-0.004283,-0.002215,1.325423,1.713359,1.305364,-0.009709,-0.003170,0.006201,-0.023442,0.776636,0.142918,-0.613075,0.369476,-0.256106,0.608233,0.146714,-0.611691,-0.023915,0.777005,-0.374907,-0.252886,0.603893,-0.023442,0.776636,0.142918,-0.613075,0.369476,-0.256106,0.608233,0.146714,-0.611691,-0.023915,0.777005,-0.374907,-0.252886,0.603893,0.450057,-0.001345,-0.000320,-0.000296,1,True,True,0.000210,-0.002088,0.003602,0.000191,-0.000768,-0.000198,0.000223,-0.000909,-0.000224,0.000223,-0.000909,-0.000224,0.000000,0.000191,-0.000768,-0.000198,True,0.000231,-0.000941,-0.000229,0.000231,-0.000941,-0.000229,-1.299364,-1.458688,-1.412077,1.756592,-1.340657,-1.459155,-1.412077,1.756592,0.001005,0.000000,0.000000,0.000000,0.000064,0.000149,0.000000,0.000220,-1449.255859,331.412811,874.442810,1322.455322,True,velocity,0.450057,0.449931,0.000000,0.000000,4.791510,False,0.142106,0.141100,0.050639,0.050715,-2.751401,-2.751444,0.000044,2.741900,2.742009,-0.000110,167.000000
1.0093518990033772,-0.003251,1.323661,-1.708088,1.316596,0.005069,0.002847,-0.004254,-0.002237,1.325469,1.713330,1.305411,-0.009741,-0.003208,0.006183,-0.023442,0.776636,0.142918,-0.613075,0.369476,-0.256106,0.608233,0.146714,-0.611691,-0.023915,0.777005,-0.374907,-0.252886,0.603893,-0.023442,0.776636,0.142918,-0.613075,0.369476,-0.256106,0.608233,0.146714,-0.611691,-0.023915,0.777005,-0.374907,-0.252886,0.603893,0.450058,-0.001370,-0.000326,-0.000303,1,True,True,0.000217,-0.002113,0.003595,0.000184,-0.000741,-0.000193,0.000216,-0.000878,-0.000218,0.000216,-0.000878,-0.000218,0.000000,0.000184,-0.000741,-0.000193,True,0.000223,-0.000909,-0.000224,0.000223,-0.000909,-0.000224,-1.340657,-1.458507,-1.412077,1.756592,-1.340866,-1.458507,-1.412077,1.756592,0.000000,0.000000,0.000000,0.000000,0.000071,0.000380,0.000000,0.000696,-1449.255737,331.412933,874.442810,1322.455322,True,velocity,0.450058,0.449931,0.000000,0.000000,4.825341,False,0.142103,0.141105,0.050638,0.050716,-2.751401,-2.751444,0.000043,2.741900,2.742009,-0.000110,167.000000
1.042303167982027,-0.003236,1.323621,-1.708127,1.316577,0.005036,0.002808,-0.004226,-0.002259,1.325512,1.713302,1.305456,-0.009773,-0.003245,0.006166,-0.023442,0.776636,0.142918,-0.613075,0.369476,-0.256106,0.608233,0.146714,-0.611691,-0.023915,0.777005,-0.374907,-0.252886,0.603893,-0.023442,0.776636,0.142918,-0.613075,0.369476,-0.256106,0.608233,0.146714,-0.611691,-0.023915,0.777005,-0.374907,-0.252886,0.603893,0.450060,-0.001394,-0.000331,-0.000309,1,True,True,0.000301,-0.002204,0.003521,0.000178,-0.000715,-0.000188,0.000209,-0.000849,-0.000213,0.000209,-0.000849,-0.000213,0.000000,0.000178,-0.000715,-0.000188,True,0.000216,-0.000878,-0.000218,0.000216,-0.000878,-0.000218,-1.340866,-1.464995,-1.412077,0.714398,-1.340866,-1.464995,-1.412077,1.744129,0.000000,0.000000,0.000000,0.000000,0.000071,0.000414,0.000000,0.001184,-1449.255737,331.413239,874.442810,1322.457153,True,velocity,0.450060,0.449931,0.000000,0.000000,4.858219,False,0.142101,0.141110,0.050637,0.050716,-2.751401,-2.751444,0.000043,2.741900,2.742009,-0.000110,167.000000
1.0766097260056995,-0.003221,1.323582,-1.708165,1.316558,0.005004,0.002771,-0.004200,-0.002280,1.325555,1.713275,1.305499,-0.009804,-0.003280,0.006150,-0.023442,0.776636,0.142918,-0.613075,0.369476,-0.256106,0.608233,0.146714,-0.611691,-0.023915,0.777005,-0.374907,-0.252886,0.603893,-0.023442,0.776636,0.142918,-0.613075,0.369476,-0.256106,0.608233,0.146714,-0.611691,-0.023915,0.777005,-0.374907,-0.252886,0.603893,0.450061,-0.001417,-0.000337,-0.000315,1,True,True,0.000268,-0.002233,0.003542,0.000172,-0.000690,-0.000184,0.000203,-0.000820,-0.000207,0.000203,-0.000820,-0.000207,0.000000,0.000172,-0.000690,-0.000184,True,0.000209,-0.000849,-0.000213,0.000209,-0.000849,-0.000213,-1.340657,-1.465463,-1.412079,1.707612,-1.340657,-1.465463,-1.412077,1.707612,0.000000,0.000000,0.000000,0.000000,0.000040,0.000710,0.000000,0.002234,-1449.255737,331.414215,874.442810,1322.460815,True,velocity,0.450061,0.449931,0.000000,0.000000,4.892488,False,0.142099,0.141114,0.050637,0.050717,-2.751402,-2.751444,0.000043,2.741900,2.742009,-0.000109,167.000000
1.1105460269900504,-0.003206,1.323544,-1.708201,1.316540,0.004973,0.002735,-0.004175,-0.002300,1.325595,1.713248,1.305542,-0.009833,-0.003314,0.006134,-0.023442,0.776636,0.142918,-0.613075,0.369476,-0.256106,0.608233,0.146714,-0.611691,-0.023915,0.777005,-0.374907,-0.252886,0.603893,-0.023442,0.776636,0.142918,-0.613075,0.369476,-0.256106,0.608233,0.146714,-0.611691,-0.023915,0.777005,-0.374907,-0.252886,0.603893,0.450062,-0.001439,-0.000343,-0.000321,1,True,True,0.000274,-0.002256,0.003536,0.000167,-0.000666,-0.000179,0.000196,-0.000792,-0.000202,0.000196,-0.000792,-0.000202,0.000000,0.000167,-0.000666,-0.000179,True,0.000203,-0.000820,-0.000207,0.000203,-0.000820,-0.000207,-1.340866,-1.465463,-1.412077,1.707647,-1.340866,-1.465463,-1.412077,1.707647,0.000000,0.000000,0.000000,0.000000,0.000130,0.000711,0.000000,0.002234,-1449.255615,331.414337,874.442810,1322.460815,True,velocity,0.450062,0.449931,0.000000,0.000000,4.926495,False,0.142097,0.141118,0.050636,0.050717,-2.751402,-2.751444,0.000042,2.741900,2.742009,-0.000109,167.000000
1.1473996079876088,-0.003192,1.323508,-1.708236,1.316523,0.004944,0.002700,-0.004150,-0.002319,1.325634,1.713223,1.305583,-0.009861,-0.003347,0.006118,-0.023442,0.776636,0.142918,-0.613075,0.369476,-0.256106,0.608233,0.146714,-0.611691,-0.023915,0.777005,-0.374907,-0.252886,0.603893,-0.023442,0.776636,0.142918,-0.613075,0.369476,-0.256106,0.608233,0.146714,-0.611691,-0.023915,0.777005,-0.374907,-0.252886,0.603893,0.450063,-0.001461,-0.000348,-0.000327,1,True,True,0.000264,-0.002164,0.003233,0.000161,-0.000642,-0.000175,0.000190,-0.000765,-0.000197,0.000190,-0.000765,-0.000197,0.000000,0.000161,-0.000642,-0.000175,True,0.000196,-0.000792,-0.000202,0.000196,-0.000792,-0.000202,-1.340866,-1.464815,-1.442269,1.707612,-1.340866,-1.464995,-1.442269,1.707612,0.000000,0.000000,0.000000,0.000000,0.000071,0.000528,0.000000,0.002234,-1449.255615,331.414215,874.442810,1322.460815,True,velocity,0.450063,0.449931,0.000000,0.000000,4.963263,False,0.142095,0.141122,0.050636,0.050718,-2.751402,-2.751444,0.000042,2.741900,2.742009,-0.000109,167.000000
1.1764053060032893,-0.003179,1.323473,-1.708271,1.316507,0.004915,0.002667,-0.004127,-0.002338,1.325672,1.713198,1.305622,-0.009889,-0.003379,0.006102,-0.023442,0.776636,0.142918,-0.613075,0.369476,-0.256106,0.608233,0.146714,-0.611691,-0.023915,0.777005,-0.374907,-0.252886,0.603893,-0.023442,0.776636,0.142918,-0.613075,0.369476,-0.256106,0.608233,0.146714,-0.611691,-0.023915,0.777005,-0.374907,-0.252886,0.603893,0.450064,-0.001481,-0.000353,-0.000333,1,True,True,0.000235,-0.002133,0.003242,0.000156,-0.000620,-0.000170,0.000184,-0.000738,-0.000192,0.000184,-0.000738,-0.000192,0.000000,0.000156,-0.000620,-0.000170,True,0.000190,-0.000765,-0.000197,0.000190,-0.000765,-0.000197,-1.340866,-1.464995,-1.442269,1.707612,-2.469115,-1.464995,-1.442269,1.707612,0.000000,0.000000,0.000000,0.000000,0.000102,-0.000006,0.000000,0.000941,-1449.255615,331.423004,874.442810,1322.462769,True,velocity,0.450064,0.449931,0.000000,0.000000,4.992281,False,0.142093,0.141126,0.050635,0.050718,-2.751402,-2.751444,0.000042,2.741900,2.742009,-0.000109,167.000000
1.209684016997926,-0.003165,1.323439,-1.708304,1.316492,0.004887,0.002635,-0.004105,-0.002356,1.325709,1.713174,1.305661,-0.009915,-0.003409,0.006087,-0.023442,0.776636,0.142918,-0.613075,0.369476,-0.256106,0.608233,0.146714,-0.611691,-0.023915,0.777005,-0.374907,-0.252886,0.603893,-0.023442,0.776636,0.142918,-0.613075,0.369476,-0.256106,0.608233,0.146714,-0.611691,-0.023915,0.777005,-0.374907,-0.252886,0.603893,0.450065,-0.001501,-0.000358,-0.000338,1,True,True,0.000240,-0.002153,0.003236,0.000151,-0.000598,-0.000166,0.000178,-0.000713,-0.000188,0.000178,-0.000713,-0.000188,0.000000,0.000151,-0.000598,-0.000166,True,0.000184,-0.000738,-0.000192,0.000184,-0.000738,-0.000192,-1.359473,-1.464995,-1.412079,1.701085,-1.359473,-1.464995,-1.412079,1.701085,0.000000,0.000000,0.000000,0.000000,0.000010,-0.000056,0.000000,0.000260,-1449.255249,331.414215,874.442810,1322.463745,True,velocity,0.450065,0.449931,0.000000,0.000000,5.025489,False,0.142092,0.141130,0.050635,0.050718,-2.751403,-2.751444,0.000042,2.741900,2.742009,-0.000109,167.000000
1.2427456929872278,-0.003152,1.323407,-1.708336,1.316478,0.004860,0.002603,-0.004084,-0.002373,1.325744,1.713151,1.305699,-0.009940,-0.003439,0.006073,-0.023442,0.776636,0.142918,-0.613075,0.369476,-0.256106,0.608233,0.146714,-0.611691,-0.023915,0.777005,-0.374907,-0.252886,0.603893,-0.023442,0.776636,0.142918,-0.613075,0.369476,-0.256106,0.608233,0.146714,-0.611691,-0.023915,0.777005,-0.374907,-0.252886,0.603893,0.450066,-0.001520,-0.000363,-0.000344,1,True,True,0.000125,-0.002357,0.003455,0.000146,-0.000577,-0.000162,0.000172,-0.000688,-0.000183,0.000172,-0.000688,-0.000183,0.000000,0.000146,-0.000577,-0.000162,True,0.000178,-0.000713,-0.000188,0.000178,-0.000713,-0.000188,-1.365465,-1.464815,-1.412077,1.689300,-1.365677,-1.464815,-1.442270,1.689262,0.000000,0.000000,0.000000,0.000000,0.000142,-0.000023,0.000000,0.001138,-1449.255249,331.414337,874.442810,1322.465454,True,velocity,0.450066,0.449931,0.000000,0.000000,5.058465,False,0.142090,0.141134,0.050634,0.050719,-2.751403,-2.751444,0.000041,2.741900,2.742009,-0.000109,167.000000
1.2763291809824295,-0.003139,1.323376,-1.708367,1.316464,0.004835,0.002573,-0.004064,-0.002390,1.325778,1.713129,1.305735,-0.009965,-0.003467,0.006058,-0.023442,0.776636,0.142918,-0.613075,0.369476,-0.256106,0.608233,0.146714,-0.611691,-0.023915,0.777005,-0.374907,-0.252886,0.603893,-0.023442,0.776636,0.142918,-0.613075,0.369476,-0.256106,0.608233,0.146714,-0.611691,-0.023915,0.777005,-0.374907,-0.252886,0.603893,0.450067,-0.001539,-0.000367,-0.000349,1,True,True,0.000176,-0.002471,0.003228,0.000141,-0.000557,-0.000159,0.000166,-0.000664,-0.000179,0.000166,-0.000664,-0.000179,0.000000,0.000141,-0.000557,-0.000159,True,0.000172,-0.000688,-0.000183,0.000172,-0.000688,-0.000183,-1.365889,-1.464995,-1.442269,1.695174,-1.365677,-1.464995,-1.442269,1.695211,0.000000,0.000000,0.000000,0.000000,0.000142,-0.000007,0.000000,0.001436,-1449.255249,331.414062,874.442810,1322.465698,True,velocity,0.450067,0.449931,0.000000,0.000000,5.092334,False,0.142089,0.141137,0.050634,0.050719,-2.751403,-2.751444,0.000041,2.741900,2.742009,-0.000109,167.000000
1.3097977619909216,-0.003127,1.323345,-1.708397,1.316451,0.004810,0.002544,-0.004044,-0.002406,1.325811,1.713108,1.305770,-0.009989,-0.003495,0.006044,-0.023442,0.776636,0.142918,-0.613075,0.369476,-0.256106,0.608233,0.146714,-0.611691,-0.023915,0.777005,-0.374907,-0.252886,0.603893,-0.023442,0.776636,0.142918,-0.613075,0.369476,-0.256106,0.608233,0.146714,-0.611691,-0.023915,0.777005,-0.374907,-0.252886,0.603893,0.450068,-0.001557,-0.000372,-0.000354,1,True,True,0.000181,-0.002488,0.003223,0.000136,-0.000537,-0.000155,0.000161,-0.000641,-0.000174,0.000161,-0.000641,-0.000174,0.000000,0.000136,-0.000537,-0.000155,True,0.000166,-0.000664,-0.000179,0.000166,-0.000664,-0.000179,-1.365247,-1.464815,-1.442269,1.554287,-1.365247,-1.464995,-1.442270,1.554287,0.000000,0.000000,0.000000,0.000000,0.000075,-0.000071,0.000000,0.001390,-1449.255249,331.414062,874.442810,1322.465698,True,velocity,0.450068,0.449931,0.000000,0.000000,5.125682,False,0.142087,0.141141,0.050634,0.050719,-2.751403,-2.751444,0.000041,2.741901,2.742009,-0.000109,167.000000
1.3426190129830502,-0.003115,1.323316,-1.708426,1.316439,0.004786,0.002516,-0.004026,-0.002422,1.325842,1.713087,1.305804,-0.010011,-0.003521,0.006031,-0.023442,0.776636,0.142918,-0.613075,0.369476,-0.256106,0.608233,0.146714,-0.611691,-0.023915,0.777005,-0.374907,-0.252886,0.603893,-0.023442,0.776636,0.142918,-0.613075,0.369476,-0.256106,0.608233,0.146714,-0.611691,-0.023915,0.777005,-0.374907,-0.252886,0.603893,0.450068,-0.001574,-0.000376,-0.000359,1,True,True,0.000176,-0.002486,0.003303,0.000132,-0.000518,-0.000151,0.000156,-0.000619,-0.000170,0.000156,-0.000619,-0.000170,0.000000,0.000132,-0.000518,-0.000151,True,0.000161,-0.000641,-0.000174,0.000161,-0.000641,-0.000174,-1.365247,-1.464995,-1.442269,1.682772,-1.365247,-1.464815,-1.442270,1.682811,0.000000,0.000000,0.000000,0.000000,0.000000,-0.000071,0.000000,0.000561,-1449.255249,331.414062,874.442810,1322.467041,True,velocity,0.450068,0.449931,0.000000,0.000000,5.158640,False,0.142086,0.141144,0.050633,0.050720,-2.751404,-2.751444,0.000041,2.741901,2.742009,-0.000109,167.000000
1.3792583360045683,-0.003103,1.323288,-1.708454,1.316428,0.004762,0.002489,-0.004008,-0.002437,1.325873,1.713067,1.305837,-0.010033,-0.003547,0.006017,-0.023442,0.776636,0.142918,-0.613075,0.369476,-0.256106,0.608233,0.146714,-0.611691,-0.023915,0.777005,-0.374907,-0.252886,0.603893,-0.023442,0.776636,0.142918,-0.613075,0.369476,-0.256106,0.608233,0.146714,-0.611691,-0.023915,0.777005,-0.374907,-0.252886,0.603893,0.450069,-0.001591,-0.000380,-0.000364,1,True,True,0.000155,-0.002495,0.003458,0.000128,-0.000500,-0.000148,0.000151,-0.000597,-0.000166,0.000151,-0.000597,-0.000166,0.000000,0.000128,-0.000500,-0.000148,True,0.000156,-0.000619,-0.000170,0.000156,-0.000619,-0.000170,-1.365677,-1.464815,-1.442269,1.682811,-1.365677,-1.464815,-1.442270,1.682811,0.000000,0.000000,0.000000,0.000000,0.000000,-0.000071,0.000000,0.000917,-1449.255249,331.414062,874.442810,1322.467407,True,velocity,0.450069,0.449931,0.000000,0.000000,5.195194,False,0.142084,0.141147,0.050633,0.050720,-2.751404,-2.751444,0.000040,2.741901,2.742009,-0.000109,167.000000
1.4094352679967415,-0.003092,1.323261,-1.708482,1.316418,0.004740,0.002463,-0.003991,-0.002452,1.325902,1.713047,1.305870,-0.010054,-0.003571,0.006004,-0.023442,0.776636,0.142918,-0.613075,0.369476,-0.256106,0.608233,0.146714,-0.611691,-0.023915,0.777005,-0.374907,-0.252886,0.603893,-0.023442,0.776636,0.142918,-0.613075,0.369476,-0.256106,0.608233,0.146714,-0.611691,-0.023915,0.777005,-0.374907,-0.252886,0.603893,0.450070,-0.001607,-0.000384,-0.000369,1,True,True,0.000159,-0.002511,0.003454,0.000124,-0.000482,-0.000144,0.000146,-0.000576,-0.000162,0.000146,-0.000576,-0.000162,0.000000,0.000124,-0.000482,-0.000144,True,0.000151,-0.000597,-0.000166,0.000151,-0.000597,-0.000166,-1.365677,-1.464815,-1.412077,1.682772,-1.365465,-1.464995,-1.442270,1.682849,0.000000,0.000000,0.000000,0.000000,0.000000,-0.000071,0.000000,0.000850,-1449.255249,331.414062,874.442810,1322.467407,True,velocity,0.450070,0.449931,0.000000,0.000000,5.225432,False,0.142083,0.141151,0.050632,0.050720,-2.751404,-2.751444,0.000040,2.741901,2.742009,-0.000109,167.000000
1.4428699599811807,-0.003080,1.323235,-1.708508,1.316408,0.004718,0.002437,-0.003975,-0.002466,1.325930,1.713028,1.305901,-0.010075,-0.003595,0.005991,-0.023442,0.776636,0.142918,-0.613075,0.369476,-0.256106,0.608233,0.146714,-0.611691,-0.023915,0.777005,-0.374907,-0.252886,0.603893,-0.023442,0.776636,0.142918,-0.613075,0.369476,-0.256106,0.608233,0.146714,-0.611691,-0.023915,0.777005,-0.374907,-0.252886,0.603893,0.450070,-0.001623,-0.000388,-0.000373,1,True,True,0.000151,-0.002577,0.003093,0.000120,-0.000465,-0.000141,0.000141,-0.000556,-0.000158,0.000141,-0.000556,-0.000158,0.000000,0.000120,-0.000465,-0.000141,True,0.000146,-0.000576,-0.000162,0.000146,-0.000576,-0.000162,-1.365889,-1.464995,-1.442270,1.682772,-1.365247,-1.464995,-1.442269,1.682811,0.000000,0.000000,0.000000,0.000000,0.000000,-0.000071,0.000000,0.000686,-1449.255249,331.414062,874.442810,1322.467407,True,velocity,0.450070,0.449931,0.000000,0.000000,5.258740,False,0.142082,0.141154,0.050632,0.050721,-2.751404,-2.751444,0.000040,2.741901,2.742009,-0.000109,167.000000
1.4794777469942346,-0.003069,1.323209,-1.708534,1.316398,0.004697,0.002413,-0.003959,-0.002480,1.325957,1.713010,1.305931,-0.010095,-0.003618,0.005979,-0.023442,0.776636,0.142918,-0.613075,0.369476,-0.256106,0.608233,0.146714,-0.611691,-0.023915,0.777005,-0.374907,-0.252886,0.603893,-0.023442,0.776636,0.142918,-0.613075,0.369476,-0.256106,0.608233,0.146714,-0.611691,-0.023915,0.777005,-0.374907,-0.252886,0.603893,0.450070,-0.001637,-0.000392,-0.000378,1,True,True,0.000155,-0.002592,0.003188,0.000116,-0.000449,-0.000138,0.000136,-0.000536,-0.000155,0.000136,-0.000536,-0.000155,0.000000,0.000116,-0.000449,-0.000138,True,0.000141,-0.000556,-0.000158,0.000141,-0.000556,-0.000158,-1.365677,-1.464995,-1.442269,1.682772,-1.365677,-1.464995,-1.442269,1.682772,0.000000,0.000000,0.000000,0.000000,0.000000,-0.000071,0.000000,-0.000011,-1449.255249,331.414062,874.442810,1322.467407,True,velocity,0.450070,0.449931,0.000000,0.000000,5.295507,False,0.142081,0.141157,0.050632,0.050721,-2.751405,-2.751444,0.000040,2.741901,2.742009,-0.000109,167.000000
1.5149857609940227,-0.003058,1.323185,-1.708558,1.316390,0.004677,0.002389,-0.003945,-0.002493,1.325984,1.712993,1.305961,-0.010114,-0.003640,0.005967,-0.023442,0.776636,0.142918,-0.613075,0.369476,-0.256106,0.608233,0.146714,-0.611691,-0.023915,0.777005,-0.374907,-0.252886,0.603893,-0.023442,0.776636,0.142918,-0.613075,0.369476,-0.256106,0.608233,0.146714,-0.611691,-0.023915,0.777005,-0.374907,-0.252886,0.603893,0.450071,-0.001652,-0.000396,-0.000383,1,True,True,0.000159,-0.002606,0.003183,0.000112,-0.000433,-0.000135,0.000132,-0.000518,-0.000151,0.000132,-0.000518,-0.000151,0.000000,0.000112,-0.000433,-0.000135,True,0.000136,-0.000536,-0.000155,0.000136,-0.000536,-0.000155,-1.365677,-1.464815,-1.442270,1.682772,-1.365677,-1.464815,-1.442270,1.682772,0.000000,0.000000,0.000000,0.000000,0.000000,-0.000071,0.000000,0.000000,-1449.255249,331.414062,874.442810,1322.467407,True,velocity,0.450071,0.449931,0.000000,0.000000,5.330901,False,0.142080,0.141160,0.050631,0.050721,-2.751405,-2.751444,0.000040,2.741901,2.742009,-0.000108,167.000000
1.5471019230026286,-0.003048,1.323161,-1.708583,1.316382,0.004658,0.002366,-0.003931,-0.002505,1.326009,1.712976,1.305989,-0.010132,-0.003661,0.005955,-0.023442,0.776636,0.142918,-0.613075,0.369476,-0.256106,0.608233,0.146714,-0.611691,-0.023915,0.777005,-0.374907,-0.252886,0.603893,-0.023442,0.776636,0.142918,-0.613075,0.369476,-0.256106,0.608233,0.146714,-0.611691,-0.023915,0.777005,-0.374907,-0.252886,0.603893,0.450071,-0.001666,-0.000399,-0.000387,1,True,True,0.000046,-0.002464,0.003351,0.000108,-0.000417,-0.000132,0.000128,-0.000499,-0.000148,0.000128,-0.000499,-0.000148,0.000000,0.000108,-0.000417,-0.000132,True,0.000132,-0.000518,-0.000151,0.000132,-0.000518,-0.000151,-1.365677,-1.464815,-1.442270,1.682772,-1.365677,-1.464815,-1.442270,1.682772,0.000000,0.000000,0.000000,0.000000,0.000000,0.000000,0.000000,0.000000,-1449.255249,331.414062,874.442810,1322.467407,True,velocity,0.450071,0.449931,0.000000,0.000000,5.362874,False,0.142079,0.141162,0.050631,0.050721,-2.751405,-2.751444,0.000039,2.741901,2.742009,-0.000108,167.000000
1.5792167150066234,-0.003038,1.323139,-1.708606,1.316374,0.004639,0.002344,-0.003917,-0.002518,1.326033,1.712959,1.306017,-0.010149,-0.003681,0.005943,-0.023442,0.776636,0.142918,-0.613075,0.369476,-0.256106,0.608233,0.146714,-0.611691,-0.023915,0.777005,-0.374907,-0.252886,0.603893,-0.023442,0.776636,0.142918,-0.613075,0.369476,-0.256106,0.608233,0.146714,-0.611691,-0.023915,0.777005,-0.374907,-0.252886,0.603893,0.450071,-0.001679,-0.000403,-0.000391,1,True,True,0.000140,-0.002387,0.003025,0.000105,-0.000403,-0.000129,0.000123,-0.000482,-0.000144,0.000123,-0.000482,-0.000144,0.000000,0.000105,-0.000403,-0.000129,True,0.000128,-0.000499,-0.000148,0.000128,-0.000499,-0.000148,-1.365465,-1.464815,-1.442269,1.682811,-1.365465,-1.464815,-1.442269,1.682811,0.000000,0.000000,0.000000,0.000000,0.000000,-0.000024,0.000000,0.000000,-1449.255249,331.414062,874.442810,1322.467407,True,velocity,0.450071,0.449931,0.000000,0.000000,5.395231,False,0.142078,0.141165,0.050630,0.050721,-2.751405,-2.751444,0.000039,2.741901,2.742009,-0.000108,167.000000
1.6116574309999123,-0.003028,1.323117,-1.708628,1.316367,0.004621,0.002323,-0.003905,-0.002529,1.326057,1.712943,1.306044,-0.010166,-0.003701,0.005932,-0.023442,0.776636,0.142918,-0.613075,0.369476,-0.256106,0.608233,0.146714,-0.611691,-0.023915,0.777005,-0.374907,-0.252886,0.603893,-0.023442,0.776636,0.142918,-0.613075,0.369476,-0.256106,0.608233,0.146714,-0.611691,-0.023915,0.777005,-0.374907,-0.252886,0.603893,0.450071,-0.001692,-0.000406,-0.000396,1,True,True,0.000144,-0.002400,0.003021,0.000101,-0.000388,-0.000126,0.000119,-0.000465,-0.000141,0.000119,-0.000465,-0.000141,0.000000,0.000101,-0.000388,-0.000126,True,0.000123,-0.000482,-0.000144,0.000123,-0.000482,-0.000144,-1.365465,-1.464815,-1.442270,1.682811,-1.365465,-1.464995,-1.442269,1.682811,0.000000,0.000000,0.000000,0.000000,0.000000,0.000000,0.000000,0.000000,-1449.255249,331.414062,874.442810,1322.467407,True,velocity,0.450071,0.449931,0.000000,0.000000,5.427670,False,0.142077,0.141168,0.050630,0.050722,-2.751405,-2.751444,0.000039,2.741901,2.742009,-0.000108,167.000000
1.6464621720078867,-0.003018,1.323095,-1.708650,1.316361,0.004603,0.002303,-0.003893,-0.002541,1.326080,1.712928,1.306070,-0.010183,-0.003720,0.005920,-0.023442,0.776636,0.142918,-0.613075,0.369476,-0.256106,0.608233,0.146714,-0.611691,-0.023915,0.777005,-0.374907,-0.252886,0.603893,-0.023442,0.776636,0.142918,-0.613075,0.369476,-0.256106,0.608233,0.146714,-0.611691,-0.023915,0.777005,-0.374907,-0.252886,0.603893,0.450072,-0.001705,-0.000409,-0.000400,1,True,True,0.000086,-0.002440,0.003211,0.000098,-0.000374,-0.000124,0.000116,-0.000448,-0.000138,0.000116,-0.000448,-0.000138,0.000000,0.000098,-0.000374,-0.000124,True,0.000119,-0.000465,-0.000141,0.000119,-0.000465,-0.000141,-1.365465,-1.464995,-1.442270,1.682849,-1.365465,-1.464995,-1.442270,1.682849,0.000000,0.000000,0.000000,0.000000,0.000000,0.000000,0.000000,0.000000,-1449.171021,331.414062,874.442810,1322.467407,True,velocity,0.450072,0.449931,0.000000,0.000000,5.462350,False,0.142076,0.141170,0.050630,0.050722,-2.751406,-2.751444,0.000039,2.741901,2.742009,-0.000108,167.000000
1.680149714986328,-0.003008,1.323075,-1.708672,1.316355,0.004586,0.002283,-0.003881,-0.002552,1.326101,1.712913,1.306095,-0.010198,-0.003738,0.005910,-0.023442,0.776636,0.142918,-0.613075,0.369476,-0.256106,0.608233,0.146714,-0.611691,-0.023915,0.777005,-0.374907,-0.252886,0.603893,-0.023442,0.776636,0.142918,-0.613075,0.369476,-0.256106,0.608233,0.146714,-0.611691,-0.023915,0.777005,-0.374907,-0.252886,0.603893,0.450072,-0.001717,-0.000413,-0.000404,1,True,True,0.000031,-0.002431,0.003282,0.000095,-0.000361,-0.000121,0.000112,-0.000432,-0.000135,0.000112,-0.000432,-0.000135,0.000000,0.000095,-0.000361,-0.000121,True,0.000116,-0.000448,-0.000138,0.000116,-0.000448,-0.000138,-1.365465,-1.464815,-1.442269,1.682849,-1.365465,-1.464995,-1.442269,1.682849,0.000000,0.000000,0.000000,0.000000,0.000000,0.000000,0.000000,0.000000,-1449.255249,331.414062,874.442810,1322.467407,True,velocity,0.450072,0.449931,0.000000,0.000000,5.495390,False,0.142076,0.141173,0.050630,0.050722,-2.751406,-2.751444,0.000039,2.741901,2.742009,-0.000108,167.000000
1.7101686469977722,-0.002999,1.323055,-1.708692,1.316349,0.004570,0.002264,-0.003870,-0.002563,1.326122,1.712899,1.306120,-0.010214,-0.003756,0.005899,-0.023442,0.776636,0.142918,-0.613075,0.369476,-0.256106,0.608233,0.146714,-0.611691,-0.023915,0.777005,-0.374907,-0.252886,0.603893,-0.023442,0.776636,0.142918,-0.613075,0.369476,-0.256106,0.608233,0.146714,-0.611691,-0.023915,0.777005,-0.374907,-0.252886,0.603893,0.450072,-0.001728,-0.000416,-0.000408,1,True,True,0.000034,-0.002443,0.003278,0.000092,-0.000348,-0.000119,0.000108,-0.000417,-0.000132,0.000108,-0.000417,-0.000132,0.000000,0.000092,-0.000348,-0.000119,True,0.000112,-0.000432,-0.000135,0.000112,-0.000432,-0.000135,-1.365465,-1.465463,-1.442270,1.682811,-1.365465,-1.464995,-1.442270,1.682811,0.000000,0.000000,0.000000,0.000000,0.000000,0.000000,0.000000,0.000000,-1449.255249,331.414062,874.442810,1322.467407,True,velocity,0.450072,0.449931,0.000000,0.000000,5.526163,False,0.142075,0.141175,0.050629,0.050722,-2.751406,-2.751444,0.000039,2.741901,2.742009,-0.000108,167.000000
1.7441038179968018,-0.002990,1.323036,-1.708712,1.316344,0.004554,0.002245,-0.003860,-0.002573,1.326143,1.712885,1.306144,-0.010228,-0.003773,0.005888,-0.023442,0.776636,0.142918,-0.613075,0.369476,-0.256106,0.608233,0.146714,-0.611691,-0.023915,0.777005,-0.374907,-0.252886,0.603893,-0.023442,0.776636,0.142918,-0.613075,0.369476,-0.256106,0.608233,0.146714,-0.611691,-0.023915,0.777005,-0.374907,-0.252886,0.603893,0.450072,-0.001740,-0.000418,-0.000412,1,True,True,-0.000011,-0.002475,0.002990,0.000089,-0.000336,-0.000116,0.000105,-0.000402,-0.000129,0.000105,-0.000402,-0.000129,0.000000,0.000089,-0.000336,-0.000116,True,0.000108,-0.000417,-0.000132,0.000108,-0.000417,-0.000132,-1.365465,-1.464815,-1.442269,1.682811,-1.365465,-1.464815,-1.442269,1.682811,0.000000,0.000000,0.000000,0.000000,0.000000,0.000000,0.000000,0.000000,-1449.255249,331.414062,874.442810,1322.467407,True,velocity,0.450072,0.449931,0.000000,0.000000,5.560082,False,0.142074,0.141178,0.050629,0.050723,-2.751406,-2.751444,0.000038,2.741901,2.742009,-0.000108,167.000000
1.7769270880089607,-0.002981,1.323018,-1.708731,1.316339,0.004539,0.002228,-0.003850,-0.002583,1.326162,1.712871,1.306167,-0.010242,-0.003789,0.005878,-0.023442,0.776636,0.142918,-0.613075,0.369476,-0.256106,0.608233,0.146714,-0.611691,-0.023915,0.777005,-0.374907,-0.252886,0.603893,-0.023442,0.776636,0.142918,-0.613075,0.369476,-0.256106,0.608233,0.146714,-0.611691,-0.023915,0.777005,-0.374907,-0.252886,0.603893,0.450072,-0.001750,-0.000421,-0.000415,1,True,True,-0.000059,-0.002503,0.003169,0.000086,-0.000324,-0.000114,0.000101,-0.000388,-0.000126,0.000101,-0.000388,-0.000126,0.000000,0.000086,-0.000324,-0.000114,True,0.000105,-0.000402,-0.000129,0.000105,-0.000402,-0.000129,-1.365465,-1.464815,-1.442269,1.682811,-1.365465,-1.464995,-1.442270,1.682811,0.000000,0.000000,0.000000,0.000000,0.000000,0.000000,0.000000,0.000000,-1449.255249,331.414062,874.442810,1322.467407,True,velocity,0.450072,0.449931,0.000000,0.000000,5.592984,False,0.142074,0.141180,0.050629,0.050723,-2.751406,-2.751444,0.000038,2.741901,2.742009,-0.000108,167.000000
1.8113283859856892,-0.002972,1.323000,-1.708750,1.316335,0.004524,0.002210,-0.003840,-0.002592,1.326181,1.712858,1.306190,-0.010256,-0.003805,0.005868,-0.023442,0.776636,0.142918,-0.613075,0.369476,-0.256106,0.608233,0.146714,-0.611691,-0.023915,0.777005,-0.374907,-0.252886,0.603893,-0.023442,0.776636,0.142918,-0.613075,0.369476,-0.256106,0.608233,0.146714,-0.611691,-0.023915,0.777005,-0.374907,-0.252886,0.603893,0.450072,-0.001761,-0.000424,-0.000419,1,True,True,-0.000056,-0.002514,0.003165,0.000083,-0.000312,-0.000112,0.000098,-0.000374,-0.000124,0.000098,-0.000374,-0.000124,0.000000,0.000083,-0.000312,-0.000112,True,0.000101,-0.000388,-0.000126,0.000101,-0.000388,-0.000126,-1.365677,-1.464995,-1.442270,1.682772,-1.365889,-1.464995,-1.442270,1.682772,0.000000,0.000000,0.000000,0.000000,0.000000,0.000000,0.000000,0.000000,-1449.255249,331.414062,874.442810,1322.467407,True,velocity,0.450072,0.449931,0.000000,0.000000,5.626802,False,0.142073,0.141182,0.050628,0.050723,-2.751406,-2.751444,0.000038,2.741901,2.742009,-0.000108,167.000000
1.8442955809878185,-0.002963,1.322983,-1.708768,1.316331,0.004510,0.002194,-0.003832,-0.002601,1.326199,1.712846,1.306212,-0.010269,-0.003820,0.005858,-0.023442,0.776636,0.142918,-0.613075,0.369476,-0.256106,0.608233,0.146714,-0.611691,-0.023915,0.777005,-0.374907,-0.252886,0.603893,-0.023442,0.776636,0.142918,-0.613075,0.369476,-0.256106,0.608233,0.146714,-0.611691,-0.023915,0.777005,-0.374907,-0.252886,0.603893,0.450071,-0.001771,-0.000427,-0.000423,1,True,True,-0.000219,-0.002455,0.003246,0.000081,-0.000301,-0.000109,0.000095,-0.000361,-0.000121,0.000095,-0.000361,-0.000121,0.000000,0.000081,-0.000301,-0.000109,True,0.000098,-0.000374,-0.000124,0.000098,-0.000374,-0.000124,-1.365677,-1.464995,-1.442270,1.682772,-1.365677,-1.464995,-1.442270,1.682772,0.000000,0.000000,0.000000,0.000000,0.000000,0.000000,0.000000,0.000000,-1449.255249,331.414062,874.442810,1322.467407,True,velocity,0.450071,0.449931,0.000000,0.000000,5.659944,False,0.142073,0.141184,0.050628,0.050723,-2.751406,-2.751444,0.000038,2.741902,2.742009,-0.000108,167.000000
1.8801872039912269,-0.002955,1.322967,-1.708786,1.316328,0.004496,0.002178,-0.003823,-0.002610,1.326217,1.712834,1.306233,-0.010282,-0.003834,0.005849,-0.023442,0.776636,0.142918,-0.613075,0.369476,-0.256106,0.608233,0.146714,-0.611691,-0.023915,0.777005,-0.374907,-0.252886,0.603893,-0.023442,0.776636,0.142918,-0.613075,0.369476,-0.256106,0.608233,0.146714,-0.611691,-0.023915,0.777005,-0.374907,-0.252886,0.603893,0.450071,-0.001781,-0.000429,-0.000426,1,True,True,-0.000217,-0.002465,0.003243,0.000078,-0.000290,-0.000107,0.000092,-0.000348,-0.000119,0.000092,-0.000348,-0.000119,0.000000,0.000078,-0.000290,-0.000107,True,0.000095,-0.000361,-0.000121,0.000095,-0.000361,-0.000121,-1.365677,-1.464995,-1.442270,1.707612,-1.365677,-1.464995,-1.442270,1.707612,0.000000,0.000000,0.000000,0.000000,0.000000,0.000000,0.000000,0.000000,-1449.255249,331.414062,874.442810,1322.467407,True,velocity,0.450071,0.449931,0.000000,0.000000,5.695994,False,0.142072,0.141186,0.050628,0.050723,-2.751407,-2.751444,0.000038,2.741902,2.742009,-0.000108,167.000000
1.9184762229851913,-0.002946,1.322951,-1.708803,1.316325,0.004483,0.002162,-0.003815,-0.002619,1.326233,1.712822,1.306254,-0.010294,-0.003848,0.005839,-0.023442,0.776636,0.142918,-0.613075,0.369476,-0.256106,0.608233,0.146714,-0.611691,-0.023915,0.777005,-0.374907,-0.252886,0.603893,-0.023442,0.776636,0.142918,-0.613075,0.369476,-0.256106,0.608233,0.146714,-0.611691,-0.023915,0.777005,-0.374907,-0.252886,0.603893,0.450071,-0.001790,-0.000432,-0.000430,1,True,True,-0.000091,-0.002439,0.003009,0.000076,-0.000280,-0.000105,0.000089,-0.000336,-0.000116,0.000089,-0.000336,-0.000116,0.000000,0.000076,-0.000280,-0.000105,True,0.000092,-0.000348,-0.000119,0.000092,-0.000348,-0.000119,-1.365677,-1.464995,-1.442270,1.682811,-1.365677,-1.464995,-1.442270,1.682811,0.000000,0.000000,0.000000,0.000000,0.000000,0.000000,0.000000,0.000000,-1449.255249,331.414062,874.442810,1322.467407,True,velocity,0.450071,0.449931,0.000000,0.000000,5.733414,False,0.142072,0.141189,0.050628,0.050723,-2.751407,-2.751444,0.000038,2.741902,2.742009,-0.000108,167.000000
1.9476938449952286,-0.002938,1.322936,-1.708820,1.316322,0.004471,0.002147,-0.003808,-0.002627,1.326250,1.712811,1.306274,-0.010305,-0.003862,0.005830,-0.023442,0.776636,0.142918,-0.613075,0.369476,-0.256106,0.608233,0.146714,-0.611691,-0.023915,0.777005,-0.374907,-0.252886,0.603893,-0.023442,0.776636,0.142918,-0.613075,0.369476,-0.256106,0.608233,0.146714,-0.611691,-0.023915,0.777005,-0.374907,-0.252886,0.603893,0.450071,-0.001799,-0.000434,-0.000433,1,True,True,-0.000166,-0.002469,0.003214,0.000073,-0.000270,-0.000103,0.000086,-0.000324,-0.000114,0.000086,-0.000324,-0.000114,0.000000,0.000073,-0.000270,-0.000103,True,0.000089,-0.000336,-0.000116,0.000089,-0.000336,-0.000116,-1.365677,-1.464995,-1.442270,1.682811,-1.365889,-1.464995,-1.442270,1.688684,0.000000,0.000000,0.000000,0.000000,0.000000,0.000000,0.000000,0.000000,-1449.255249,331.414062,874.442810,1322.467407,True,velocity,0.450071,0.449931,0.000000,0.000000,5.763374,False,0.142071,0.141190,0.050627,0.050724,-2.751407,-2.751444,0.000038,2.741902,2.742009,-0.000108,167.000000
1.979631285998039,-0.002930,1.322921,-1.708836,1.316320,0.004458,0.002133,-0.003800,-0.002635,1.326265,1.712799,1.306293,-0.010317,-0.003875,0.005821,-0.023442,0.776636,0.142918,-0.613075,0.369476,-0.256106,0.608233,0.146714,-0.611691,-0.023915,0.777005,-0.374907,-0.252886,0.603893,-0.023442,0.776636,0.142918,-0.613075,0.369476,-0.256106,0.608233,0.146714,-0.611691,-0.023915,0.777005,-0.374907,-0.252886,0.603893,0.450071,-0.001808,-0.000437,-0.000437,1,True,True,-0.000163,-0.002478,0.003210,0.000071,-0.000260,-0.000101,0.000083,-0.000312,-0.000112,0.000083,-0.000312,-0.000112,0.000000,0.000071,-0.000260,-0.000101,True,0.000086,-0.000324,-0.000114,0.000086,-0.000324,-0.000114,-1.365465,-1.464995,-1.442270,1.682849,-1.365677,-1.464995,-1.442269,1.682849,0.000000,0.000000,0.000000,0.000000,0.000000,0.000000,0.000000,0.000000,-1449.255249,331.414062,874.442810,1322.467407,True,velocity,0.450071,0.449931,0.000000,0.000000,5.795259,False,0.142071,0.141192,0.050627,0.050724,-2.751407,-2.751444,0.000037,2.741902,2.742009,-0.000108,167.000000
2.0137180300080217,-0.002923,1.322907,-1.708851,1.316318,0.004446,0.002119,-0.003794,-0.002643,1.326280,1.712789,1.306312,-0.010327,-0.003887,0.005813,-0.023442,0.776636,0.142918,-0.613075,0.369476,-0.256106,0.608233,0.146714,-0.611691,-0.023915,0.777005,-0.374907,-0.252886,0.603893,-0.023442,0.776636,0.142918,-0.613075,0.369476,-0.256106,0.608233,0.146714,-0.611691,-0.023915,0.777005,-0.374907,-0.252886,0.603893,0.450070,-0.001816,-0.000439,-0.000440,1,True,True,-0.000243,-0.002548,0.003207,0.000069,-0.000251,-0.000099,0.000081,-0.000301,-0.000109,0.000081,-0.000301,-0.000109,0.000000,0.000069,-0.000251,-0.000099,True,0.000083,-0.000312,-0.000112,0.000083,-0.000312,-0.000112,-1.365677,-1.464995,-1.442270,1.682849,-1.365677,-1.464995,-1.442270,1.682811,0.000000,0.000000,0.000000,0.000000,0.000000,0.000000,0.000000,0.000000,-1449.255249,331.414062,874.442810,1322.467407,True,velocity,0.450070,0.449931,0.000000,0.000000,5.829520,False,0.142071,0.141194,0.050627,0.050724,-2.751407,-2.751444,0.000037,2.741902,2.742009,-0.000108,167.000000
2.0726379939878825,-0.002915,1.322893,-1.708867,1.316317,0.004435,0.002106,-0.003787,-0.002650,1.326295,1.712778,1.306331,-0.010338,-0.003899,0.005804,-0.023442,0.776636,0.142918,-0.613075,0.369476,-0.256106,0.608233,0.146714,-0.611691,-0.023915,0.777005,-0.374907,-0.252886,0.603893,-0.023442,0.776636,0.142918,-0.613075,0.369476,-0.256106,0.608233,0.146714,-0.611691,-0.023915,0.777005,-0.374907,-0.252886,0.603893,0.450070,-0.001824,-0.000441,-0.000443,1,True,True,-0.000281,-0.002572,0.002990,0.000066,-0.000242,-0.000098,0.000078,-0.000290,-0.000107,0.000078,-0.000290,-0.000107,0.000000,0.000066,-0.000242,-0.000098,True,0.000081,-0.000301,-0.000109,0.000081,-0.000301,-0.000109,-1.365465,-1.464995,-1.442270,1.682811,-1.365465,-1.464995,-1.442270,1.682849,0.000000,0.000000,0.000000,0.000000,0.000000,0.000000,0.000000,0.000000,-1449.255249,331.414062,874.442810,1322.467407,True,velocity,0.450070,0.449931,0.000000,0.000000,5.887838,False,0.142070,0.141196,0.050627,0.050724,-2.751407,-2.751444,0.000037,2.741902,2.742009,-0.000108,167.000000
2.087603895983193,-0.002908,1.322880,-1.708881,1.316315,0.004424,0.002093,-0.003781,-0.002657,1.326308,1.712768,1.306349,-0.010348,-0.003911,0.005795,-0.023442,0.776636,0.142918,-0.613075,0.369476,-0.256106,0.608233,0.146714,-0.611691,-0.023915,0.777005,-0.374907,-0.252886,0.603893,-0.023442,0.776636,0.142918,-0.613075,0.369476,-0.256106,0.608233,0.146714,-0.611691,-0.023915,0.777005,-0.374907,-0.252886,0.603893,0.450070,-0.001832,-0.000443,-0.000446,1,True,True,-0.000279,-0.002579,0.002987,0.000064,-0.000233,-0.000096,0.000076,-0.000280,-0.000105,0.000076,-0.000280,-0.000105,0.000000,0.000064,-0.000233,-0.000096,True,0.000078,-0.000290,-0.000107,0.000078,-0.000290,-0.000107,-1.365465,-1.464995,-1.442270,1.682925,-1.365677,-1.464528,-1.442270,1.682925,0.000000,0.000000,0.000000,0.000000,0.000000,0.000000,0.000000,0.000000,-1449.255249,331.414062,874.442810,1322.467407,True,velocity,0.450070,0.449931,0.000000,0.000000,5.903538,False,0.142070,0.141198,0.050626,0.050724,-2.751407,-2.751444,0.000037,2.741902,2.742009,-0.000108,167.000000
2.112745742982952,-0.002900,1.322867,-1.708896,1.316314,0.004413,0.002080,-0.003776,-0.002664,1.326322,1.712759,1.306366,-0.010357,-0.003922,0.005787,-0.023442,0.776636,0.142918,-0.613075,0.369476,-0.256106,0.608233,0.146714,-0.611691,-0.023915,0.777005,-0.374907,-0.252886,0.603893,-0.023442,0.776636,0.142918,-0.613075,0.369476,-0.256106,0.608233,0.146714,-0.611691,-0.023915,0.777005,-0.374907,-0.252886,0.603893,0.450069,-0.001839,-0.000445,-0.000449,1,True,True,-0.000310,-0.002584,0.003089,0.000062,-0.000224,-0.000094,0.000073,-0.000270,-0.000103,0.000073,-0.000270,-0.000103,0.000000,0.000062,-0.000224,-0.000094,True,0.000076,-0.000280,-0.000105,0.000076,-0.000280,-0.000105,-1.365035,-1.464528,-1.442270,1.682811,-1.365035,-1.464528,-1.442270,1.682811,0.000000,0.000000,0.000000,0.000000,0.000000,0.000000,0.000000,0.000000,-1449.255249,331.414062,874.442810,1322.467407,True,velocity,0.450069,0.449931,0.000000,0.000000,5.928742,False,0.142070,0.141200,0.050626,0.050724,-2.751407,-2.751444,0.000037,2.741902,2.742009,-0.000108,167.000000
2.1506637260026764,-0.002893,1.322855,-1.708909,1.316313,0.004403,0.002068,-0.003770,-0.002671,1.326335,1.712749,1.306383,-0.010367,-0.003933,0.005779,-0.023442,0.776636,0.142918,-0.613075,0.369476,-0.256106,0.608233,0.146714,-0.611691,-0.023915,0.777005,-0.374907,-0.252886,0.603893,-0.023442,0.776636,0.142918,-0.613075,0.369476,-0.256106,0.608233,0.146714,-0.611691,-0.023915,0.777005,-0.374907,-0.252886,0.603893,0.450069,-0.001846,-0.000447,-0.000453,1,True,True,-0.000404,-0.002606,0.003084,0.000060,-0.000216,-0.000092,0.000071,-0.000260,-0.000101,0.000071,-0.000260,-0.000101,0.000000,0.000060,-0.000216,-0.000092,True,0.000073,-0.000270,-0.000103,0.000073,-0.000270,-0.000103,-1.365465,-1.464995,-1.442269,1.682887,-1.365465,-1.464995,-1.442269,1.682887,0.000000,0.000000,0.000000,0.000000,0.000000,0.000013,0.000000,0.000000,-1449.255249,331.414215,874.442810,1322.467407,True,velocity,0.450069,0.449931,0.000000,0.000000,5.966434,False,0.142070,0.141201,0.050626,0.050724,-2.751408,-2.751444,0.000037,2.741902,2.742009,-0.000108,167.000000
2.1794639799918514,-0.002886,1.322843,-1.708923,1.316313,0.004393,0.002056,-0.003765,-0.002677,1.326347,1.712740,1.306399,-0.010376,-0.003943,0.005771,-0.023442,0.776636,0.142918,-0.613075,0.369476,-0.256106,0.608233,0.146714,-0.611691,-0.023915,0.777005,-0.374907,-0.252886,0.603893,-0.023442,0.776636,0.142918,-0.613075,0.369476,-0.256106,0.608233,0.146714,-0.611691,-0.023915,0.777005,-0.374907,-0.252886,0.603893,0.450069,-0.001853,-0.000449,-0.000456,1,True,True,-0.000403,-0.002613,0.003081,0.000058,-0.000208,-0.000091,0.000069,-0.000251,-0.000099,0.000069,-0.000251,-0.000099,0.000000,0.000058,-0.000208,-0.000091,True,0.000071,-0.000260,-0.000101,0.000071,-0.000260,-0.000101,-1.365677,-1.465177,-1.442270,1.682849,-1.365677,-1.465177,-1.442270,1.682849,0.000000,0.000000,0.000000,0.000000,0.000000,0.000071,0.000000,0.000000,-1449.255249,331.414215,874.442810,1322.467407,True,velocity,0.450069,0.449931,0.000000,0.000000,5.995257,False,0.142070,0.141203,0.050626,0.050724,-2.751408,-2.751444,0.000037,2.741902,2.742009,-0.000107,167.000000
2.2125619149883278,-0.002879,1.322832,-1.708936,1.316313,0.004383,0.002045,-0.003761,-0.002684,1.326359,1.712731,1.306415,-0.010384,-0.003953,0.005763,-0.023442,0.776636,0.142918,-0.613075,0.369476,-0.256106,0.608233,0.146714,-0.611691,-0.023915,0.777005,-0.374907,-0.252886,0.603893,-0.023442,0.776636,0.142918,-0.613075,0.369476,-0.256106,0.608233,0.146714,-0.611691,-0.023915,0.777005,-0.374907,-0.252886,0.603893,0.450068,-0.001860,-0.000451,-0.000459,1,True,True,-0.000134,-0.002489,0.002915,0.000057,-0.000201,-0.000089,0.000066,-0.000242,-0.000097,0.000066,-0.000242,-0.000097,0.000000,0.000057,-0.000201,-0.000089,True,0.000069,-0.000251,-0.000099,0.000069,-0.000251,-0.000099,-1.365465,-1.464528,-1.442270,1.682849,-1.365465,-1.465177,-1.442270,1.682849,0.000000,0.000000,0.000000,0.000000,0.000000,0.000071,0.000000,0.000000,-1449.255249,331.414215,874.442810,1322.467407,True,velocity,0.450068,0.449931,0.000000,0.000000,6.028558,False,0.142070,0.141204,0.050626,0.050724,-2.751408,-2.751444,0.000037,2.741902,2.742009,-0.000107,167.000000
2.247076212981483,-0.002872,1.322821,-1.708949,1.316312,0.004374,0.002034,-0.003756,-0.002689,1.326371,1.712723,1.306431,-0.010393,-0.003963,0.005756,-0.023442,0.776636,0.142918,-0.613075,0.369476,-0.256106,0.608233,0.146714,-0.611691,-0.023915,0.777005,-0.374907,-0.252886,0.603893,-0.023442,0.776636,0.142918,-0.613075,0.369476,-0.256106,0.608233,0.146714,-0.611691,-0.023915,0.777005,-0.374907,-0.252886,0.603893,0.450068,-0.001867,-0.000453,-0.000461,1,True,True,-0.000203,-0.002484,0.003079,0.000055,-0.000194,-0.000088,0.000064,-0.000233,-0.000096,0.000064,-0.000233,-0.000096,0.000000,0.000055,-0.000194,-0.000088,True,0.000066,-0.000242,-0.000097,0.000066,-0.000242,-0.000097,-1.365465,-1.464995,-1.442270,1.682849,-1.365677,-1.464528,-1.442269,1.682887,0.000000,0.000000,0.000000,0.000000,0.000000,0.000055,0.000000,0.000000,-1449.255249,331.414215,874.442810,1322.467407,True,velocity,0.450068,0.449931,0.000000,0.000000,6.063058,False,0.142069,0.141206,0.050625,0.050725,-2.751408,-2.751444,0.000037,2.741902,2.742009,-0.000107,167.000000
2.279254930006573,-0.002866,1.322810,-1.708961,1.316313,0.004365,0.002024,-0.003752,-0.002695,1.326382,1.712715,1.306446,-0.010401,-0.003972,0.005748,-0.023442,0.776636,0.142918,-0.613075,0.369476,-0.256106,0.608233,0.146714,-0.611691,-0.023915,0.777005,-0.374907,-0.252886,0.603893,-0.023442,0.776636,0.142918,-0.613075,0.369476,-0.256106,0.608233,0.146714,-0.611691,-0.023915,0.777005,-0.374907,-0.252886,0.603893,0.450067,-0.001873,-0.000454,-0.000464,1,True,True,-0.000201,-0.002490,0.003076,0.000053,-0.000186,-0.000086,0.000062,-0.000224,-0.000094,0.000062,-0.000224,-0.000094,0.000000,0.000053,-0.000186,-0.000086,True,0.000064,-0.000233,-0.000096,0.000064,-0.000233,-0.000096,-1.365677,-1.465463,-1.442269,1.682849,-1.365465,-1.465463,-1.442269,1.682772,0.000000,0.000000,0.000000,0.000000,0.000000,0.000000,0.000000,0.000000,-1449.255249,331.414215,874.442810,1322.467407,True,velocity,0.450067,0.449931,0.000000,0.000000,6.095231,False,0.142069,0.141207,0.050625,0.050725,-2.751408,-2.751444,0.000037,2.741902,2.742009,-0.000107,167.000000
2.312997731991345,-0.002859,1.322800,-1.708973,1.316313,0.004357,0.002014,-0.003749,-0.002701,1.326392,1.712707,1.306461,-0.010408,-0.003981,0.005741,-0.023442,0.776636,0.142918,-0.613075,0.369476,-0.256106,0.608233,0.146714,-0.611691,-0.023915,0.777005,-0.374907,-0.252886,0.603893,-0.023442,0.776636,0.142918,-0.613075,0.369476,-0.256106,0.608233,0.146714,-0.611691,-0.023915,0.777005,-0.374907,-0.252886,0.603893,0.450067,-0.001879,-0.000456,-0.000467,1,True,True,-0.000237,-0.002496,0.003056,0.000051,-0.000180,-0.000085,0.000060,-0.000216,-0.000092,0.000060,-0.000216,-0.000092,0.000000,0.000051,-0.000180,-0.000085,True,0.000062,-0.000224,-0.000094,0.000062,-0.000224,-0.000094,-1.365677,-1.465463,-1.442270,1.682849,-1.365035,-1.465463,-1.442270,1.682811,0.000000,0.000000,0.000000,0.000000,0.000000,0.000000,0.000000,0.000000,-1449.255249,331.414215,874.442810,1322.467407,True,velocity,0.450067,0.449931,0.000000,0.000000,6.128804,False,0.142069,0.141209,0.050625,0.050725,-2.751408,-2.751444,0.000036,2.741902,2.742009,-0.000107,167.000000
2.3475401409959886,-0.002853,1.322790,-1.708984,1.316314,0.004348,0.002004,-0.003745,-0.002706,1.326402,1.712699,1.306475,-0.010416,-0.003989,0.005734,-0.023442,0.776636,0.142918,-0.613075,0.369476,-0.256106,0.608233,0.146714,-0.611691,-0.023915,0.777005,-0.374907,-0.252886,0.603893,-0.023442,0.776636,0.142918,-0.613075,0.369476,-0.256106,0.608233,0.146714,-0.611691,-0.023915,0.777005,-0.374907,-0.252886,0.603893,0.450066,-0.001885,-0.000458,-0.000470,1,True,True,-0.000319,-0.002511,0.002988,0.000050,-0.000173,-0.000083,0.000058,-0.000208,-0.000091,0.000058,-0.000208,-0.000091,0.000000,0.000050,-0.000173,-0.000083,True,0.000060,-0.000216,-0.000092,0.000060,-0.000216,-0.000092,-1.365677,-1.464995,-1.442270,1.682811,-1.365677,-1.464995,-1.442270,1.682811,0.000000,0.000000,0.000000,0.000000,0.000000,0.000000,0.000000,0.000000,-1449.255249,331.414215,874.442810,1322.467407,True,velocity,0.450066,0.449931,0.000000,0.000000,6.163290,False,0.142069,0.141210,0.050625,0.050725,-2.751408,-2.751444,0.000036,2.741902,2.742009,-0.000107,167.000000
2.381644884997513,-0.002847,1.322781,-1.708996,1.316315,0.004340,0.001995,-0.003742,-0.002711,1.326412,1.712691,1.306489,-0.010423,-0.003997,0.005727,-0.023442,0.776636,0.142918,-0.613075,0.369476,-0.256106,0.608233,0.146714,-0.611691,-0.023915,0.777005,-0.374907,-0.252886,0.603893,-0.023442,0.776636,0.142918,-0.613075,0.369476,-0.256106,0.608233,0.146714,-0.611691,-0.023915,0.777005,-0.374907,-0.252886,0.603893,0.450066,-0.001890,-0.000459,-0.000473,1,True,True,-0.000318,-0.002517,0.002986,0.000048,-0.000167,-0.000082,0.000057,-0.000201,-0.000089,0.000057,-0.000201,-0.000089,0.000000,0.000048,-0.000167,-0.000082,True,0.000058,-0.000208,-0.000091,0.000058,-0.000208,-0.000091,-1.365889,-1.464995,-1.442270,1.682811,-1.365889,-1.464995,-1.442270,1.682811,0.000000,0.000000,0.000000,0.000000,0.000000,0.000000,0.000000,0.000000,-1449.255249,331.414215,874.442810,1322.467407,True,velocity,0.450066,0.449931,0.000000,0.000000,6.197652,False,0.142069,0.141212,0.050625,0.050725,-2.751408,-2.751444,0.000036,2.741902,2.742009,-0.000107,167.000000
2.413736621005228,-0.002840,1.322772,-1.709007,1.316316,0.004333,0.001986,-0.003739,-0.002716,1.326422,1.712684,1.306503,-0.010429,-0.004005,0.005720,-0.023442,0.776636,0.142918,-0.613075,0.369476,-0.256106,0.608233,0.146714,-0.611691,-0.023915,0.777005,-0.374907,-0.252886,0.603893,-0.023442,0.776636,0.142918,-0.613075,0.369476,-0.256106,0.608233,0.146714,-0.611691,-0.023915,0.777005,-0.374907,-0.252886,0.603893,0.450065,-0.001895,-0.000461,-0.000475,1,True,True,-0.000164,-0.002384,0.003091,0.000047,-0.000161,-0.000081,0.000055,-0.000193,-0.000088,0.000055,-0.000193,-0.000088,0.000000,0.000047,-0.000161,-0.000081,True,0.000057,-0.000201,-0.000089,0.000057,-0.000201,-0.000089,-1.365465,-1.464995,-1.442271,1.682811,-1.365465,-1.464995,-1.442271,1.682811,0.000000,0.000000,0.000000,0.000000,0.000000,0.000000,0.000000,0.000000,-1449.255249,331.414215,874.442810,1322.467407,True,velocity,0.450065,0.449931,0.000000,0.000000,6.229228,False,0.142069,0.141213,0.050624,0.050725,-2.751408,-2.751444,0.000036,2.741902,2.742009,-0.000107,167.000000
2.447087776992703,-0.002834,1.322763,-1.709017,1.316317,0.004325,0.001977,-0.003736,-0.002721,1.326431,1.712677,1.306516,-0.010436,-0.004013,0.005713,-0.023442,0.776636,0.142918,-0.613075,0.369476,-0.256106,0.608233,0.146714,-0.611691,-0.023915,0.777005,-0.374907,-0.252886,0.603893,-0.023442,0.776636,0.142918,-0.613075,0.369476,-0.256106,0.608233,0.146714,-0.611691,-0.023915,0.777005,-0.374907,-0.252886,0.603893,0.450065,-0.001901,-0.000462,-0.000478,1,True,True,-0.000226,-0.002381,0.002958,0.000045,-0.000155,-0.000079,0.000053,-0.000186,-0.000086,0.000053,-0.000186,-0.000086,0.000000,0.000045,-0.000155,-0.000079,True,0.000055,-0.000193,-0.000088,0.000055,-0.000193,-0.000088,-1.365465,-1.464815,-1.442270,1.682811,-1.365465,-1.465177,-1.442271,1.682772,0.000000,0.000000,0.000000,0.000000,0.000000,0.000000,0.000000,0.000000,-1449.255249,331.414215,874.442810,1322.467407,True,velocity,0.450065,0.449931,0.000000,0.000000,6.263039,False,0.142069,0.141214,0.050624,0.050725,-2.751408,-2.751444,0.000036,2.741902,2.742009,-0.000107,167.000000
2.4800936749961693,-0.002828,1.322754,-1.709028,1.316318,0.004318,0.001968,-0.003734,-0.002725,1.326440,1.712670,1.306529,-0.010442,-0.004020,0.005706,-0.023442,0.776636,0.142918,-0.613075,0.369476,-0.256106,0.608233,0.146714,-0.611691,-0.023915,0.777005,-0.374907,-0.252886,0.603893,-0.023442,0.776636,0.142918,-0.613075,0.369476,-0.256106,0.608233,0.146714,-0.611691,-0.023915,0.777005,-0.374907,-0.252886,0.603893,0.450064,-0.001906,-0.000464,-0.000481,1,True,True,-0.000225,-0.002386,0.002956,0.000044,-0.000149,-0.000078,0.000051,-0.000180,-0.000085,0.000051,-0.000180,-0.000085,0.000000,0.000044,-0.000149,-0.000078,True,0.000053,-0.000186,-0.000086,0.000053,-0.000186,-0.000086,-1.365465,-1.464995,-1.442270,1.682811,-1.365465,-1.464995,-1.442270,1.682811,0.000000,0.000000,0.000000,0.000000,0.000000,0.000000,0.000000,0.000000,-1449.255249,331.414215,874.442810,1322.467407,True,velocity,0.450064,0.449931,0.000000,0.000000,6.296020,False,0.142069,0.141215,0.050624,0.050725,-2.751408,-2.751444,0.000036,2.741902,2.742009,-0.000107,167.000000
2.5144780479895417,-0.002823,1.322746,-1.709038,1.316320,0.004311,0.001960,-0.003731,-0.002730,1.326448,1.712664,1.306541,-0.010448,-0.004027,0.005700,-0.023442,0.776636,0.142918,-0.613075,0.369476,-0.256106,0.608233,0.146714,-0.611691,-0.023915,0.777005,-0.374907,-0.252886,0.603893,-0.023442,0.776636,0.142918,-0.613075,0.369476,-0.256106,0.608233,0.146714,-0.611691,-0.023915,0.777005,-0.374907,-0.252886,0.603893,0.450064,-0.001910,-0.000465,-0.000483,1,True,True,-0.000108,-0.002430,0.002915,0.000043,-0.000143,-0.000077,0.000050,-0.000173,-0.000083,0.000050,-0.000173,-0.000083,0.000000,0.000043,-0.000143,-0.000077,True,0.000051,-0.000180,-0.000085,0.000051,-0.000180,-0.000085,-1.365465,-1.464995,-1.442270,1.682849,-1.365465,-1.464995,-1.442270,1.682849,0.000000,0.000000,0.000000,0.000000,0.000000,0.000000,0.000000,0.000000,-1449.255249,331.414215,874.442810,1322.467407,True,velocity,0.450064,0.449931,0.000000,0.000000,6.330291,False,0.142069,0.141217,0.050624,0.050725,-2.751408,-2.751444,0.000036,2.741902,2.742009,-0.000107,167.000000
2.5470520590024535,-0.002817,1.322738,-1.709048,1.316322,0.004304,0.001952,-0.003729,-0.002734,1.326456,1.712657,1.306553,-0.010454,-0.004033,0.005693,-0.023442,0.776636,0.142918,-0.613075,0.369476,-0.256106,0.608233,0.146714,-0.611691,-0.023915,0.777005,-0.374907,-0.252886,0.603893,-0.023442,0.776636,0.142918,-0.613075,0.369476,-0.256106,0.608233,0.146714,-0.611691,-0.023915,0.777005,-0.374907,-0.252886,0.603893,0.450063,-0.001915,-0.000467,-0.000486,1,True,True,-0.000180,-0.002415,0.003063,0.000041,-0.000138,-0.000076,0.000048,-0.000167,-0.000082,0.000048,-0.000167,-0.000082,0.000000,0.000041,-0.000138,-0.000076,True,0.000050,-0.000173,-0.000083,0.000050,-0.000173,-0.000083,-1.365677,-1.464995,-1.442270,1.682849,-1.365465,-1.464995,-1.442270,1.682772,0.000000,0.000000,0.000000,0.000000,0.000000,0.000000,0.000000,0.000000,-1449.255249,331.414215,874.442810,1322.467407,True,velocity,0.450063,0.449931,0.000000,0.000000,6.363071,False,0.142069,0.141218,0.050624,0.050725,-2.751409,-2.751444,0.000036,2.741902,2.742009,-0.000107,167.000000
2.5800764019950293,-0.002811,1.322731,-1.709057,1.316323,0.004298,0.001945,-0.003727,-0.002738,1.326464,1.712651,1.306565,-0.010460,-0.004040,0.005687,-0.023442,0.776636,0.142918,-0.613075,0.369476,-0.256106,0.608233,0.146714,-0.611691,-0.023915,0.777005,-0.374907,-0.252886,0.603893,-0.023442,0.776636,0.142918,-0.613075,0.369476,-0.256106,0.608233,0.146714,-0.611691,-0.023915,0.777005,-0.374907,-0.252886,0.603893,0.450062,-0.001919,-0.000468,-0.000488,1,True,True,-0.000179,-0.002420,0.003061,0.000040,-0.000133,-0.000075,0.000047,-0.000160,-0.000081,0.000047,-0.000160,-0.000081,0.000000,0.000040,-0.000133,-0.000075,True,0.000048,-0.000167,-0.000082,0.000048,-0.000167,-0.000082,-1.365465,-1.464995,-1.442270,1.682849,-1.365465,-1.464995,-1.442270,1.682849,0.000000,0.000000,0.000000,0.000000,0.000000,0.000000,0.000000,0.000000,-1449.255249,331.414215,874.442810,1322.467407,True,velocity,0.450062,0.449931,0.000000,0.000000,6.395855,False,0.142069,0.141219,0.050624,0.050725,-2.751409,-2.751444,0.000036,2.741902,2.742009,-0.000107,167.000000
2.6162979129876476,-0.002806,1.322723,-1.709066,1.316325,0.004292,0.001938,-0.003726,-0.002742,1.326471,1.712645,1.306576,-0.010465,-0.004046,0.005681,-0.023442,0.776636,0.142918,-0.613075,0.369476,-0.256106,0.608233,0.146714,-0.611691,-0.023915,0.777005,-0.374907,-0.252886,0.603893,-0.023442,0.776636,0.142918,-0.613075,0.369476,-0.256106,0.608233,0.146714,-0.611691,-0.023915,0.777005,-0.374907,-0.252886,0.603893,0.450062,-0.001924,-0.000469,-0.000491,1,True,True,-0.000144,-0.002484,0.003026,0.000039,-0.000128,-0.000074,0.000045,-0.000155,-0.000079,0.000045,-0.000155,-0.000079,0.000000,0.000039,-0.000128,-0.000074,True,0.000047,-0.000160,-0.000081,0.000047,-0.000160,-0.000081,-1.365677,-1.464995,-1.442271,1.682811,-1.365465,-1.464995,-1.442271,1.682811,0.000000,0.000000,0.000000,0.000000,0.000000,0.000000,0.000000,0.000000,-1449.255249,331.414215,874.442810,1322.467407,True,velocity,0.450062,0.449931,0.000000,0.000000,6.431862,False,0.142070,0.141220,0.050624,0.050725,-2.751409,-2.751444,0.000036,2.741902,2.742009,-0.000107,167.000000
2.6496782529866323,-0.002800,1.322716,-1.709075,1.316328,0.004286,0.001931,-0.003724,-0.002746,1.326478,1.712639,1.306588,-0.010470,-0.004052,0.005675,-0.023442,0.776636,0.142918,-0.613075,0.369476,-0.256106,0.608233,0.146714,-0.611691,-0.023915,0.777005,-0.374907,-0.252886,0.603893,-0.023442,0.776636,0.142918,-0.613075,0.369476,-0.256106,0.608233,0.146714,-0.611691,-0.023915,0.777005,-0.374907,-0.252886,0.603893,0.450061,-0.001928,-0.000470,-0.000493,1,True,True,-0.000191,-0.002483,0.003014,0.000038,-0.000123,-0.000072,0.000044,-0.000149,-0.000078,0.000044,-0.000149,-0.000078,0.000000,0.000038,-0.000123,-0.000072,True,0.000045,-0.000155,-0.000079,0.000045,-0.000155,-0.000079,-1.365465,-1.464995,-1.442270,1.682811,-1.365465,-1.465177,-1.442270,1.682734,0.000000,0.000000,0.000000,0.000000,0.000000,0.000000,0.000000,0.000000,-1449.255249,331.414215,874.442810,1322.467407,True,velocity,0.450061,0.449931,0.000000,0.000000,6.465622,False,0.142070,0.141221,0.050623,0.050725,-2.751409,-2.751444,0.000036,2.741902,2.742009,-0.000107,167.000000
2.681977932981681,-0.002795,1.322710,-1.709084,1.316330,0.004280,0.001924,-0.003723,-0.002749,1.326485,1.712633,1.306599,-0.010475,-0.004057,0.005669,-0.023442,0.776636,0.142918,-0.613075,0.369476,-0.256106,0.608233,0.146714,-0.611691,-0.023915,0.777005,-0.374907,-0.252886,0.603893,-0.023442,0.776636,0.142918,-0.613075,0.369476,-0.256106,0.608233,0.146714,-0.611691,-0.023915,0.777005,-0.374907,-0.252886,0.603893,0.450061,-0.001932,-0.000472,-0.000495,1,True,True,-0.000190,-0.002487,0.003011,0.000036,-0.000118,-0.000071,0.000043,-0.000143,-0.000077,0.000043,-0.000143,-0.000077,0.000000,0.000036,-0.000118,-0.000071,True,0.000044,-0.000149,-0.000078,0.000044,-0.000149,-0.000078,-1.365465,-1.465177,-1.442270,1.682887,-1.365677,-1.464995,-1.442270,1.682772,0.000000,0.000000,0.000000,0.000000,0.000000,0.000000,0.000000,0.000000,-1449.255249,331.414215,874.442810,1322.467407,True,velocity,0.450061,0.449931,0.000000,0.000000,6.497951,False,0.142070,0.141222,0.050623,0.050725,-2.751409,-2.751444,0.000036,2.741902,2.742009,-0.000107,167.000000
2.7140370959823485,-0.002790,1.322703,-1.709093,1.316332,0.004274,0.001917,-0.003722,-0.002753,1.326492,1.712628,1.306609,-0.010480,-0.004063,0.005663,-0.023442,0.776636,0.142918,-0.613075,0.369476,-0.256106,0.608233,0.146714,-0.611691,-0.023915,0.777005,-0.374907,-0.252886,0.603893,-0.023442,0.776636,0.142918,-0.613075,0.369476,-0.256106,0.608233,0.146714,-0.611691,-0.023915,0.777005,-0.374907,-0.252886,0.603893,0.450060,-0.001936,-0.000473,-0.000498,1,True,True,-0.000095,-0.002487,0.003107,0.000035,-0.000114,-0.000070,0.000041,-0.000138,-0.000076,0.000041,-0.000138,-0.000076,0.000000,0.000035,-0.000114,-0.000070,True,0.000043,-0.000143,-0.000077,0.000043,-0.000143,-0.000077,-1.365677,-1.464815,-1.442270,1.682849,-1.365677,-1.464815,-1.442270,1.682849,0.000000,0.000000,0.000000,0.000000,0.000000,0.000000,0.000000,0.000000,-1449.255249,331.414215,874.442810,1322.467407,True,velocity,0.450060,0.449931,0.000000,0.000000,6.529977,False,0.142070,0.141223,0.050623,0.050726,-2.751409,-2.751444,0.000036,2.741902,2.742009,-0.000107,167.000000
2.7482016919821035,-0.002785,1.322697,-1.709101,1.316335,0.004269,0.001911,-0.003721,-0.002756,1.326498,1.712623,1.306619,-0.010484,-0.004068,0.005657,-0.023442,0.776636,0.142918,-0.613075,0.369476,-0.256106,0.608233,0.146714,-0.611691,-0.023915,0.777005,-0.374907,-0.252886,0.603893,-0.023442,0.776636,0.142918,-0.613075,0.369476,-0.256106,0.608233,0.146714,-0.611691,-0.023915,0.777005,-0.374907,-0.252886,0.603893,0.450059,-0.001939,-0.000474,-0.000500,1,True,True,-0.000123,-0.002492,0.002976,0.000034,-0.000110,-0.000069,0.000040,-0.000133,-0.000075,0.000040,-0.000133,-0.000075,0.000000,0.000034,-0.000110,-0.000069,True,0.000041,-0.000138,-0.000076,0.000041,-0.000138,-0.000076,-1.365677,-1.464815,-1.442270,1.682849,-1.365677,-1.465177,-1.442270,1.682849,0.000000,0.000000,0.000000,0.000000,0.000000,0.000000,0.000000,0.000000,-1449.255249,331.414215,874.442810,1322.467407,True,velocity,0.450059,0.449931,0.000000,0.000000,6.563721,False,0.142070,0.141224,0.050623,0.050726,-2.751409,-2.751444,0.000036,2.741902,2.742009,-0.000107,167.000000
2.780469446006464,-0.002780,1.322691,-1.709109,1.316338,0.004264,0.001905,-0.003720,-0.002759,1.326504,1.712617,1.306629,-0.010489,-0.004073,0.005652,-0.023442,0.776636,0.142918,-0.613075,0.369476,-0.256106,0.608233,0.146714,-0.611691,-0.023915,0.777005,-0.374907,-0.252886,0.603893,-0.023442,0.776636,0.142918,-0.613075,0.369476,-0.256106,0.608233,0.146714,-0.611691,-0.023915,0.777005,-0.374907,-0.252886,0.603893,0.450059,-0.001943,-0.000475,-0.000502,1,True,True,-0.000122,-0.002496,0.002974,0.000033,-0.000105,-0.000068,0.000039,-0.000128,-0.000073,0.000039,-0.000128,-0.000073,0.000000,0.000033,-0.000105,-0.000068,True,0.000040,-0.000133,-0.000075,0.000040,-0.000133,-0.000075,-1.365677,-1.465177,-1.442270,1.682849,-1.365465,-1.464528,-1.442270,1.682811,0.000000,0.000000,0.000000,0.000000,0.000000,0.000000,0.000000,0.000000,-1449.255249,331.414215,874.442810,1322.467407,True,velocity,0.450059,0.449931,0.000000,0.000000,6.596490,False,0.142070,0.141225,0.050623,0.050726,-2.751409,-2.751444,0.000035,2.741902,2.742009,-0.000107,167.000000
2.814017488999525,-0.002775,1.322685,-1.709117,1.316340,0.004259,0.001899,-0.003719,-0.002762,1.326510,1.712612,1.306639,-0.010493,-0.004078,0.005646,-0.023442,0.776636,0.142918,-0.613075,0.369476,-0.256106,0.608233,0.146714,-0.611691,-0.023915,0.777005,-0.374907,-0.252886,0.603893,-0.023442,0.776636,0.142918,-0.613075,0.369476,-0.256106,0.608233,0.146714,-0.611691,-0.023915,0.777005,-0.374907,-0.252886,0.603893,0.450058,-0.001946,-0.000476,-0.000505,1,True,True,-0.000074,-0.002509,0.003024,0.000032,-0.000101,-0.000068,0.000038,-0.000123,-0.000072,0.000038,-0.000123,-0.000072,0.000000,0.000032,-0.000101,-0.000068,True,0.000039,-0.000128,-0.000073,0.000039,-0.000128,-0.000073,-1.365889,-1.464528,-1.442270,1.682811,-1.365889,-1.464528,-1.442270,1.682811,0.000000,0.000000,0.000000,0.000000,0.000000,0.000000,0.000000,0.000000,-1449.255249,331.414215,874.442810,1322.467407,True,velocity,0.450058,0.449931,0.000000,0.000000,6.629961,False,0.142071,0.141226,0.050623,0.050726,-2.751409,-2.751444,0.000035,2.741902,2.742009,-0.000107,167.000000
2.8493628559808712,-0.002770,1.322680,-1.709124,1.316343,0.004254,0.001893,-0.003718,-0.002765,1.326516,1.712608,1.306649,-0.010497,-0.004082,0.005641,-0.023442,0.776636,0.142918,-0.613075,0.369476,-0.256106,0.608233,0.146714,-0.611691,-0.023915,0.777005,-0.374907,-0.252886,0.603893,-0.023442,0.776636,0.142918,-0.613075,0.369476,-0.256106,0.608233,0.146714,-0.611691,-0.023915,0.777005,-0.374907,-0.252886,0.603893,0.450057,-0.001949,-0.000477,-0.000507,1,True,True,-0.000146,-0.002473,0.003050,0.000031,-0.000098,-0.000067,0.000036,-0.000118,-0.000071,0.000036,-0.000118,-0.000071,0.000000,0.000031,-0.000098,-0.000067,True,0.000038,-0.000123,-0.000072,0.000038,-0.000123,-0.000072,-1.365247,-1.464995,-1.442269,1.682772,-1.365247,-1.465463,-1.442269,1.682772,0.000000,0.000000,0.000000,0.000000,0.000000,0.000000,0.000000,0.000000,-1449.255249,331.414215,874.442810,1322.467407,True,velocity,0.450057,0.449931,0.000000,0.000000,6.665047,False,0.142071,0.141227,0.050623,0.050726,-2.751409,-2.751444,0.000035,2.741902,2.742009,-0.000107,167.000000
2.881059984007152,-0.002765,1.322674,-1.709132,1.316346,0.004249,0.001888,-0.003718,-0.002768,1.326521,1.712603,1.306658,-0.010501,-0.004087,0.005635,-0.023442,0.776636,0.142918,-0.613075,0.369476,-0.256106,0.608233,0.146714,-0.611691,-0.023915,0.777005,-0.374907,-0.252886,0.603893,-0.023442,0.776636,0.142918,-0.613075,0.369476,-0.256106,0.608233,0.146714,-0.611691,-0.023915,0.777005,-0.374907,-0.252886,0.603893,0.450057,-0.001952,-0.000478,-0.000509,1,True,True,-0.000145,-0.002476,0.003048,0.000030,-0.000094,-0.000066,0.000035,-0.000114,-0.000070,0.000035,-0.000114,-0.000070,0.000000,0.000030,-0.000094,-0.000066,True,0.000036,-0.000118,-0.000071,0.000036,-0.000118,-0.000071,-1.365247,-1.465463,-1.442270,1.682811,-1.365889,-1.464995,-1.442270,1.682811,0.000000,0.000000,0.000000,0.000000,0.000000,0.000000,0.000000,0.000000,-1449.255249,331.414215,874.442810,1322.467407,True,velocity,0.450057,0.449931,0.000000,0.000000,6.697029,False,0.142071,0.141228,0.050623,0.050726,-2.751409,-2.751444,0.000035,2.741902,2.742009,-0.000107,167.000000
2.918672912986949,-0.002760,1.322669,-1.709139,1.316349,0.004245,0.001882,-0.003718,-0.002771,1.326526,1.712598,1.306667,-0.010504,-0.004091,0.005630,-0.023442,0.776636,0.142918,-0.613075,0.369476,-0.256106,0.608233,0.146714,-0.611691,-0.023915,0.777005,-0.374907,-0.252886,0.603893,-0.023442,0.776636,0.142918,-0.613075,0.369476,-0.256106,0.608233,0.146714,-0.611691,-0.023915,0.777005,-0.374907,-0.252886,0.603893,0.450056,-0.001955,-0.000479,-0.000511,1,True,True,-0.000191,-0.002480,0.002945,0.000029,-0.000090,-0.000065,0.000034,-0.000110,-0.000069,0.000034,-0.000110,-0.000069,0.000000,0.000029,-0.000090,-0.000065,True,0.000035,-0.000114,-0.000070,0.000035,-0.000114,-0.000070,-1.365035,-1.465177,-1.442270,1.682811,-1.365035,-1.464995,-1.442270,1.682811,0.000000,0.000000,0.000000,0.000000,0.000000,0.000000,0.000000,0.000000,-1449.255249,331.414215,874.442810,1322.467407,True,velocity,0.450056,0.449931,0.000000,0.000000,6.734527,False,0.142071,0.141229,0.050622,0.050726,-2.751409,-2.751444,0.000035,2.741902,2.742009,-0.000107,167.000000
2.9486909009865485,-0.002755,1.322664,-1.709146,1.316352,0.004240,0.001877,-0.003717,-0.002773,1.326531,1.712594,1.306676,-0.010508,-0.004095,0.005625,-0.023442,0.776636,0.142918,-0.613075,0.369476,-0.256106,0.608233,0.146714,-0.611691,-0.023915,0.777005,-0.374907,-0.252886,0.603893,-0.023442,0.776636,0.142918,-0.613075,0.369476,-0.256106,0.608233,0.146714,-0.611691,-0.023915,0.777005,-0.374907,-0.252886,0.603893,0.450055,-0.001958,-0.000480,-0.000513,1,True,True,-0.000226,-0.002475,0.003007,0.000028,-0.000087,-0.000064,0.000033,-0.000105,-0.000068,0.000033,-0.000105,-0.000068,0.000000,0.000028,-0.000087,-0.000064,True,0.000034,-0.000110,-0.000069,0.000034,-0.000110,-0.000069,-1.365035,-1.465463,-1.442270,1.682811,-1.365035,-1.465463,-1.442270,1.682811,0.000000,0.000000,0.000000,0.000000,0.000000,0.000000,0.000000,0.000000,-1449.255249,331.414215,874.442810,1322.467407,True,velocity,0.450055,0.449931,0.000000,0.000000,6.764456,False,0.142071,0.141230,0.050622,0.050726,-2.751409,-2.751444,0.000035,2.741903,2.742009,-0.000107,167.000000
2.9814242639986333,-0.002751,1.322659,-1.709153,1.316356,0.004236,0.001872,-0.003717,-0.002776,1.326536,1.712589,1.306684,-0.010511,-0.004099,0.005620,-0.023442,0.776636,0.142918,-0.613075,0.369476,-0.256106,0.608233,0.146714,-0.611691,-0.023915,0.777005,-0.374907,-0.252886,0.603893,-0.023442,0.776636,0.142918,-0.613075,0.369476,-0.256106,0.608233,0.146714,-0.611691,-0.023915,0.777005,-0.374907,-0.252886,0.603893,0.450055,-0.001961,-0.000481,-0.000515,1,True,True,-0.000225,-0.002478,0.003005,0.000028,-0.000083,-0.000063,0.000032,-0.000101,-0.000067,0.000032,-0.000101,-0.000067,0.000000,0.000028,-0.000083,-0.000063,True,0.000033,-0.000105,-0.000068,0.000033,-0.000105,-0.000068,-1.365035,-1.465463,-1.442270,1.682849,-1.365035,-1.465463,-1.442270,1.682849,0.000000,0.000000,0.000000,0.000000,0.000000,0.000000,0.000000,0.000000,-1449.255249,331.414215,874.442810,1322.467407,True,velocity,0.450055,0.449931,0.000000,0.000000,6.797203,False,0.142072,0.141230,0.050622,0.050726,-2.751409,-2.751444,0.000035,2.741903,2.742009,-0.000107,167.000000
3.0150877329870127,-0.002746,1.322655,-1.709160,1.316359,0.004232,0.001868,-0.003717,-0.002778,1.326540,1.712585,1.306693,-0.010515,-0.004103,0.005615,-0.023442,0.776636,0.142918,-0.613075,0.369476,-0.256106,0.608233,0.146714,-0.611691,-0.023915,0.777005,-0.374907,-0.252886,0.603893,-0.023442,0.776636,0.142918,-0.613075,0.369476,-0.256106,0.608233,0.146714,-0.611691,-0.023915,0.777005,-0.374907,-0.252886,0.603893,0.450054,-0.001964,-0.000482,-0.000518,1,True,True,-0.000168,-0.002507,0.003032,0.000027,-0.000080,-0.000062,0.000031,-0.000098,-0.000067,0.000031,-0.000098,-0.000067,0.000000,0.000027,-0.000080,-0.000062,True,0.000032,-0.000101,-0.000067,0.000032,-0.000101,-0.000067,-1.365035,-1.465463,-1.442270,1.682811,-1.365035,-1.465463,-1.442270,1.682849,0.000000,0.000000,0.000000,0.000000,0.000000,0.000000,0.000000,0.000000,-1449.255249,331.414215,874.442810,1322.467407,True,velocity,0.450054,0.449931,0.000000,0.000000,6.831100,False,0.142072,0.141231,0.050622,0.050726,-2.751409,-2.751444,0.000035,2.741903,2.742009,-0.000107,167.000000
3.048045056988485,-0.002742,1.322650,-1.709166,1.316362,0.004228,0.001863,-0.003718,-0.002781,1.326545,1.712581,1.306701,-0.010518,-0.004106,0.005610,-0.023442,0.776636,0.142918,-0.613075,0.369476,-0.256106,0.608233,0.146714,-0.611691,-0.023915,0.777005,-0.374907,-0.252886,0.603893,-0.023442,0.776636,0.142918,-0.613075,0.369476,-0.256106,0.608233,0.146714,-0.611691,-0.023915,0.777005,-0.374907,-0.252886,0.603893,0.450053,-0.001966,-0.000483,-0.000520,1,True,True,-0.000201,-0.002504,0.002960,0.000026,-0.000077,-0.000062,0.000030,-0.000094,-0.000066,0.000030,-0.000094,-0.000066,0.000000,0.000026,-0.000077,-0.000062,True,0.000031,-0.000098,-0.000067,0.000031,-0.000098,-0.000067,-1.365035,-1.464995,-1.442270,1.682811,-1.365035,-1.465177,-1.442270,1.682849,0.000000,0.000000,0.000000,0.000000,0.000000,0.000000,0.000000,0.000000,-1449.255249,331.414215,874.442810,1322.467407,True,velocity,0.450053,0.449931,0.000000,0.000000,6.864051,False,0.142072,0.141232,0.050622,0.050726,-2.751409,-2.751444,0.000035,2.741903,2.742009,-0.000107,167.000000
3.082193356996868,-0.002737,1.322646,-1.709173,1.316366,0.004225,0.001859,-0.003718,-0.002783,1.326549,1.712577,1.306709,-0.010521,-0.004110,0.005605,-0.023442,0.776636,0.142918,-0.613075,0.369476,-0.256106,0.608233,0.146714,-0.611691,-0.023915,0.777005,-0.374907,-0.252886,0.603893,-0.023442,0.776636,0.142918,-0.613075,0.369476,-0.256106,0.608233,0.146714,-0.611691,-0.023915,0.777005,-0.374907,-0.252886,0.603893,0.450053,-0.001969,-0.000484,-0.000522,1,True,True,-0.000200,-0.002506,0.002958,0.000025,-0.000074,-0.000061,0.000029,-0.000090,-0.000065,0.000029,-0.000090,-0.000065,0.000000,0.000025,-0.000074,-0.000061,True,0.000030,-0.000094,-0.000066,0.000030,-0.000094,-0.000066,-1.365035,-1.464995,-1.442270,1.682849,-1.365035,-1.464995,-1.442270,1.682849,0.000000,0.000000,0.000000,0.000000,0.000000,0.000000,0.000000,0.000000,-1449.255249,331.414215,874.442810,1322.467407,True,velocity,0.450053,0.449931,0.000000,0.000000,6.898032,False,0.142072,0.141233,0.050622,0.050726,-2.751409,-2.751444,0.000035,2.741903,2.742009,-0.000107,167.000000
3.1154595499974675,-0.002733,1.322642,-1.709179,1.316369,0.004221,0.001855,-0.003718,-0.002785,1.326553,1.712573,1.306717,-0.010523,-0.004113,0.005601,-0.023442,0.776636,0.142918,-0.613075,0.369476,-0.256106,0.608233,0.146714,-0.611691,-0.023915,0.777005,-0.374907,-0.252886,0.603893,-0.023442,0.776636,0.142918,-0.613075,0.369476,-0.256106,0.608233,0.146714,-0.611691,-0.023915,0.777005,-0.374907,-0.252886,0.603893,0.450052,-0.001971,-0.000484,-0.000524,1,True,True,-0.000049,-0.002563,0.003063,0.000024,-0.000071,-0.000060,0.000028,-0.000087,-0.000064,0.000028,-0.000087,-0.000064,0.000000,0.000024,-0.000071,-0.000060,True,0.000029,-0.000090,-0.000065,0.000029,-0.000090,-0.000065,-1.365035,-1.464995,-1.442270,1.682811,-1.365035,-1.464995,-1.442270,1.682811,0.000000,0.000000,0.000000,0.000000,0.000000,0.000000,0.000000,0.000000,-1449.255249,331.414215,874.442810,1322.467407,True,velocity,0.450052,0.449931,0.000000,0.000000,6.931475,False,0.142073,0.141233,0.050622,0.050726,-2.751409,-2.751444,0.000035,2.741903,2.742009,-0.000107,167.000000
3.1518680230074096,-0.002729,1.322638,-1.709185,1.316373,0.004217,0.001851,-0.003719,-0.002787,1.326557,1.712569,1.306724,-0.010526,-0.004116,0.005596,-0.023442,0.776636,0.142918,-0.613075,0.369476,-0.256106,0.608233,0.146714,-0.611691,-0.023915,0.777005,-0.374907,-0.252886,0.603893,-0.023442,0.776636,0.142918,-0.613075,0.369476,-0.256106,0.608233,0.146714,-0.611691,-0.023915,0.777005,-0.374907,-0.252886,0.603893,0.450051,-0.001974,-0.000485,-0.000526,1,True,True,-0.000034,-0.002568,0.003051,0.000024,-0.000068,-0.000060,0.000028,-0.000083,-0.000063,0.000028,-0.000083,-0.000063,0.000000,0.000024,-0.000068,-0.000060,True,0.000028,-0.000087,-0.000064,0.000028,-0.000087,-0.000064,-1.365677,-1.464995,-1.442270,1.682811,-1.365677,-1.464995,-1.442270,1.682811,0.000000,0.000000,0.000000,0.000000,0.000000,0.000000,0.000000,0.000000,-1449.255249,331.414215,874.442810,1322.467407,True,velocity,0.450051,0.449931,0.000000,0.000000,6.967653,False,0.142073,0.141234,0.050622,0.050726,-2.751409,-2.751444,0.000035,2.741903,2.742009,-0.000107,167.000000
3.1842636840010528,-0.002724,1.322634,-1.709191,1.316376,0.004214,0.001847,-0.003719,-0.002789,1.326560,1.712566,1.306731,-0.010529,-0.004119,0.005592,-0.023442,0.776636,0.142918,-0.613075,0.369476,-0.256106,0.608233,0.146714,-0.611691,-0.023915,0.777005,-0.374907,-0.252886,0.603893,-0.023442,0.776636,0.142918,-0.613075,0.369476,-0.256106,0.608233,0.146714,-0.611691,-0.023915,0.777005,-0.374907,-0.252886,0.603893,0.450051,-0.001976,-0.000486,-0.000528,1,True,True,-0.000033,-0.002571,0.003049,0.000023,-0.000065,-0.000059,0.000027,-0.000080,-0.000062,0.000027,-0.000080,-0.000062,0.000000,0.000023,-0.000065,-0.000059,True,0.000028,-0.000083,-0.000063,0.000028,-0.000083,-0.000063,-1.365889,-1.464995,-1.442270,1.682811,-1.365889,-1.464995,-1.442270,1.682811,0.000000,0.000000,0.000000,0.000000,0.000000,0.000000,0.000000,0.000000,-1449.255249,331.414215,874.442810,1322.467407,True,velocity,0.450051,0.449931,0.000000,0.000000,6.999786,False,0.142073,0.141235,0.050622,0.050726,-2.751409,-2.751444,0.000035,2.741903,2.742009,-0.000107,167.000000
3.2151983710064087,-0.002720,1.322631,-1.709196,1.316380,0.004211,0.001843,-0.003720,-0.002791,1.326564,1.712562,1.306739,-0.010531,-0.004122,0.005587,-0.023442,0.776636,0.142918,-0.613075,0.369476,-0.256106,0.608233,0.146714,-0.611691,-0.023915,0.777005,-0.374907,-0.252886,0.603893,-0.023442,0.776636,0.142918,-0.613075,0.369476,-0.256106,0.608233,0.146714,-0.611691,-0.023915,0.777005,-0.374907,-0.252886,0.603893,0.450050,-0.001978,-0.000487,-0.000530,1,True,True,-0.000047,-0.002541,0.002994,0.000022,-0.000063,-0.000058,0.000026,-0.000077,-0.000062,0.000026,-0.000077,-0.000062,0.000000,0.000022,-0.000063,-0.000058,True,0.000027,-0.000080,-0.000062,0.000027,-0.000080,-0.000062,-1.365677,-1.464995,-1.442270,1.682811,-1.365247,-1.464995,-1.442270,1.682849,0.000000,0.000000,0.000000,0.000000,0.000000,0.000000,0.000000,0.000000,-1449.255249,331.414215,874.442810,1322.467407,True,velocity,0.450050,0.449931,0.000000,0.000000,7.031205,False,0.142074,0.141236,0.050621,0.050726,-2.751410,-2.751444,0.000035,2.741903,2.742009,-0.000107,167.000000
3.2548200669989455,-0.002716,1.322627,-1.709202,1.316384,0.004208,0.001839,-0.003721,-0.002792,1.326567,1.712559,1.306746,-0.010534,-0.004124,0.005583,-0.023442,0.776636,0.142918,-0.613075,0.369476,-0.256106,0.608233,0.146714,-0.611691,-0.023915,0.777005,-0.374907,-0.252886,0.603893,-0.023442,0.776636,0.142918,-0.613075,0.369476,-0.256106,0.608233,0.146714,-0.611691,-0.023915,0.777005,-0.374907,-0.252886,0.603893,0.450049,-0.001980,-0.000487,-0.000531,1,True,True,-0.000050,-0.002562,0.003041,0.000022,-0.000060,-0.000057,0.000025,-0.000074,-0.000061,0.000025,-0.000074,-0.000061,0.000000,0.000022,-0.000060,-0.000057,True,0.000026,-0.000077,-0.000062,0.000026,-0.000077,-0.000062,-1.365677,-1.464815,-1.442270,1.682811,-1.365677,-1.464995,-1.442270,1.682811,0.000000,0.000000,0.000000,0.000000,0.000000,0.000000,0.000000,0.000000,-1449.255249,331.414215,874.442810,1322.467407,True,velocity,0.450049,0.449931,0.000000,0.000000,7.070465,False,0.142074,0.141236,0.050621,0.050726,-2.751410,-2.751444,0.000035,2.741903,2.742009,-0.000107,167.000000
3.2835638950055,-0.002712,1.322624,-1.709207,1.316388,0.004205,0.001836,-0.003721,-0.002794,1.326570,1.712555,1.306752,-0.010536,-0.004127,0.005578,-0.023442,0.776636,0.142918,-0.613075,0.369476,-0.256106,0.608233,0.146714,-0.611691,-0.023915,0.777005,-0.374907,-0.252886,0.603893,-0.023442,0.776636,0.142918,-0.613075,0.369476,-0.256106,0.608233,0.146714,-0.611691,-0.023915,0.777005,-0.374907,-0.252886,0.603893,0.450049,-0.001982,-0.000488,-0.000533,1,True,True,-0.000049,-0.002564,0.003039,0.000021,-0.000058,-0.000057,0.000024,-0.000071,-0.000060,0.000024,-0.000071,-0.000060,0.000000,0.000021,-0.000058,-0.000057,True,0.000025,-0.000074,-0.000061,0.000025,-0.000074,-0.000061,-1.365465,-1.465177,-1.442270,1.682849,-1.365465,-1.465177,-1.442270,1.682849,0.000000,0.000000,0.000000,0.000000,0.000000,0.000000,0.000000,0.000000,-1449.255249,331.414215,874.442810,1322.467407,True,velocity,0.450049,0.449931,0.000000,0.000000,7.099180,False,0.142074,0.141237,0.050621,0.050726,-2.751410,-2.751444,0.000035,2.741903,2.742009,-0.000107,167.000000
3.316743792995112,-0.002708,1.322621,-1.709213,1.316391,0.004202,0.001832,-0.003722,-0.002796,1.326573,1.712552,1.306759,-0.010538,-0.004129,0.005574,-0.023442,0.776636,0.142918,-0.613075,0.369476,-0.256106,0.608233,0.146714,-0.611691,-0.023915,0.777005,-0.374907,-0.252886,0.603893,-0.023442,0.776636,0.142918,-0.613075,0.369476,-0.256106,0.608233,0.146714,-0.611691,-0.023915,0.777005,-0.374907,-0.252886,0.603893,0.450048,-0.001984,-0.000489,-0.000535,1,True,True,-0.000057,-0.002518,0.002988,0.000020,-0.000055,-0.000056,0.000024,-0.000068,-0.000059,0.000024,-0.000068,-0.000059,0.000000,0.000020,-0.000055,-0.000056,True,0.000024,-0.000071,-0.000060,0.000024,-0.000071,-0.000060,-1.365465,-1.465177,-1.442270,1.682811,-1.365465,-1.465177,-1.442270,1.682811,0.000000,0.000000,0.000000,0.000000,0.000000,0.000000,0.000000,0.000000,-1449.255249,331.414215,874.442810,1322.467407,True,velocity,0.450048,0.449931,0.000000,0.000000,7.132584,False,0.142075,0.141237,0.050621,0.050726,-2.751410,-2.751444,0.000035,2.741903,2.742009,-0.000107,167.000000
3.349947559996508,-0.002704,1.322618,-1.709218,1.316395,0.004199,0.001829,-0.003723,-0.002797,1.326576,1.712549,1.306765,-0.010540,-0.004132,0.005570,-0.023442,0.776636,0.142918,-0.613075,0.369476,-0.256106,0.608233,0.146714,-0.611691,-0.023915,0.777005,-0.374907,-0.252886,0.603893,-0.023442,0.776636,0.142918,-0.613075,0.369476,-0.256106,0.608233,0.146714,-0.611691,-0.023915,0.777005,-0.374907,-0.252886,0.603893,0.450047,-0.001985,-0.000489,-0.000537,1,True,True,0.000089,-0.002552,0.002929,0.000020,-0.000053,-0.000056,0.000023,-0.000065,-0.000059,0.000023,-0.000065,-0.000059,0.000000,0.000020,-0.000053,-0.000056,True,0.000024,-0.000068,-0.000059,0.000024,-0.000068,-0.000059,-1.365465,-1.465177,-1.442270,1.682811,-1.365465,-1.465177,-1.442270,1.682811,0.000000,0.000000,0.000000,0.000000,0.000000,0.000000,0.000000,0.000000,-1449.255249,331.414215,874.442810,1322.467407,True,velocity,0.450047,0.449931,0.000000,0.000000,7.165734,False,0.142075,0.141238,0.050621,0.050726,-2.751410,-2.751444,0.000035,2.741903,2.742009,-0.000107,167.000000
3.3820804450078867,-0.002700,1.322615,-1.709223,1.316399,0.004197,0.001826,-0.003724,-0.002799,1.326579,1.712546,1.306772,-0.010542,-0.004134,0.005566,-0.023442,0.776636,0.142918,-0.613075,0.369476,-0.256106,0.608233,0.146714,-0.611691,-0.023915,0.777005,-0.374907,-0.252886,0.603893,-0.023442,0.776636,0.142918,-0.613075,0.369476,-0.256106,0.608233,0.146714,-0.611691,-0.023915,0.777005,-0.374907,-0.252886,0.603893,0.450047,-0.001987,-0.000490,-0.000539,1,True,True,0.000089,-0.002554,0.002928,0.000019,-0.000051,-0.000055,0.000022,-0.000063,-0.000058,0.000022,-0.000063,-0.000058,0.000000,0.000019,-0.000051,-0.000055,True,0.000023,-0.000065,-0.000059,0.000023,-0.000065,-0.000059,-1.365465,-1.465177,-1.442270,1.682811,-1.365677,-1.465177,-1.442270,1.682811,0.000000,0.000000,0.000000,0.000000,0.000000,0.000000,0.000000,0.000000,-1449.255249,331.414215,874.442810,1322.467407,True,velocity,0.450047,0.449931,0.000000,0.000000,7.198077,False,0.142075,0.141239,0.050621,0.050726,-2.751410,-2.751444,0.000035,2.741903,2.742009,-0.000107,167.000000
3.415988041990204,-0.002697,1.322612,-1.709228,1.316403,0.004194,0.001823,-0.003725,-0.002800,1.326582,1.712543,1.306778,-0.010544,-0.004136,0.005562,-0.023442,0.776636,0.142918,-0.613075,0.369476,-0.256106,0.608233,0.146714,-0.611691,-0.023915,0.777005,-0.374907,-0.252886,0.603893,-0.023442,0.776636,0.142918,-0.613075,0.369476,-0.256106,0.608233,0.146714,-0.611691,-0.023915,0.777005,-0.374907,-0.252886,0.603893,0.450046,-0.001989,-0.000491,-0.000541,1,True,True,0.000071,-0.002528,0.003020,0.000019,-0.000049,-0.000054,0.000022,-0.000060,-0.000057,0.000022,-0.000060,-0.000057,0.000000,0.000019,-0.000049,-0.000054,True,0.000022,-0.000063,-0.000058,0.000022,-0.000063,-0.000058,-1.365677,-1.465177,-1.442270,1.682849,-1.365677,-1.465177,-1.442270,1.682849,0.000000,0.000000,0.000000,0.000000,0.000000,0.000000,0.000000,0.000000,-1449.255249,331.414215,874.442810,1322.467407,True,velocity,0.450046,0.449931,0.000000,0.000000,7.231965,False,0.142075,0.141239,0.050621,0.050726,-2.751410,-2.751444,0.000035,2.741903,2.742009,-0.000107,167.000000
3.4496612139919307,-0.002693,1.322609,-1.709233,1.316407,0.004192,0.001820,-0.003726,-0.002801,1.326584,1.712540,1.306784,-0.010546,-0.004138,0.005558,-0.023442,0.776636,0.142918,-0.613075,0.369476,-0.256106,0.608233,0.146714,-0.611691,-0.023915,0.777005,-0.374907,-0.252886,0.603893,-0.023442,0.776636,0.142918,-0.613075,0.369476,-0.256106,0.608233,0.146714,-0.611691,-0.023915,0.777005,-0.374907,-0.252886,0.603893,0.450045,-0.001990,-0.000491,-0.000543,1,True,True,0.000092,-0.002559,0.002985,0.000018,-0.000047,-0.000054,0.000021,-0.000058,-0.000057,0.000021,-0.000058,-0.000057,0.000000,0.000018,-0.000047,-0.000054,True,0.000022,-0.000060,-0.000057,0.000022,-0.000060,-0.000057,-1.365465,-1.465177,-1.442270,1.682811,-1.365465,-1.465177,-1.442270,1.682811,0.000000,0.000000,0.000000,0.000000,0.000000,0.000000,0.000000,0.000000,-1449.255249,331.414215,874.442810,1322.467407,True,velocity,0.450045,0.449931,0.000000,0.000000,7.265538,False,0.142076,0.141240,0.050621,0.050726,-2.751410,-2.751444,0.000035,2.741903,2.742009,-0.000107,167.000000
3.4826672979979776,-0.002689,1.322607,-1.709238,1.316411,0.004189,0.001817,-0.003728,-0.002803,1.326586,1.712537,1.306790,-0.010547,-0.004140,0.005554,-0.023442,0.776636,0.142918,-0.613075,0.369476,-0.256106,0.608233,0.146714,-0.611691,-0.023915,0.777005,-0.374907,-0.252886,0.603893,-0.023442,0.776636,0.142918,-0.613075,0.369476,-0.256106,0.608233,0.146714,-0.611691,-0.023915,0.777005,-0.374907,-0.252886,0.603893,0.450045,-0.001992,-0.000492,-0.000544,1,True,True,0.000092,-0.002561,0.002983,0.000018,-0.000045,-0.000053,0.000020,-0.000055,-0.000056,0.000020,-0.000055,-0.000056,0.000000,0.000018,-0.000045,-0.000053,True,0.000021,-0.000058,-0.000057,0.000021,-0.000058,-0.000057,-1.365465,-1.465177,-1.442270,1.682849,-1.365465,-1.465177,-1.442270,1.682849,0.000000,0.000000,0.000000,0.000000,0.000000,0.000000,0.000000,0.000000,-1449.255249,331.414215,874.442810,1322.467407,True,velocity,0.450045,0.449931,0.000000,0.000000,7.298692,False,0.142076,0.141240,0.050621,0.050726,-2.751410,-2.751444,0.000035,2.741903,2.742009,-0.000107,167.000000
3.5161367309920024,-0.002685,1.322604,-1.709242,1.316415,0.004187,0.001814,-0.003729,-0.002804,1.326589,1.712534,1.306795,-0.010549,-0.004142,0.005550,-0.023442,0.776636,0.142918,-0.613075,0.369476,-0.256106,0.608233,0.146714,-0.611691,-0.023915,0.777005,-0.374907,-0.252886,0.603893,-0.023442,0.776636,0.142918,-0.613075,0.369476,-0.256106,0.608233,0.146714,-0.611691,-0.023915,0.777005,-0.374907,-0.252886,0.603893,0.450044,-0.001993,-0.000492,-0.000546,1,True,True,0.000089,-0.002559,0.003000,0.000017,-0.000043,-0.000053,0.000020,-0.000053,-0.000056,0.000020,-0.000053,-0.000056,0.000000,0.000017,-0.000043,-0.000053,True,0.000020,-0.000055,-0.000056,0.000020,-0.000055,-0.000056,-1.365465,-1.465177,-1.442270,1.682811,-1.365465,-1.465177,-1.442270,1.682811,0.000000,0.000000,0.000000,0.000000,0.000000,0.000000,0.000000,0.000000,-1449.255249,331.414215,874.442810,1322.467407,True,velocity,0.450044,0.449931,0.000000,0.000000,7.332134,False,0.142076,0.141241,0.050621,0.050726,-2.751410,-2.751444,0.000035,2.741903,2.742009,-0.000107,167.000000
3.548954166995827,-0.002682,1.322602,-1.709247,1.316419,0.004185,0.001812,-0.003730,-0.002805,1.326591,1.712531,1.306801,-0.010551,-0.004144,0.005546,-0.023442,0.776636,0.142918,-0.613075,0.369476,-0.256106,0.608233,0.146714,-0.611691,-0.023915,0.777005,-0.374907,-0.252886,0.603893,-0.023442,0.776636,0.142918,-0.613075,0.369476,-0.256106,0.608233,0.146714,-0.611691,-0.023915,0.777005,-0.374907,-0.252886,0.603893,0.450043,-0.001995,-0.000493,-0.000548,1,True,True,0.000104,-0.002588,0.003066,0.000017,-0.000041,-0.000052,0.000019,-0.000051,-0.000055,0.000019,-0.000051,-0.000055,0.000000,0.000017,-0.000041,-0.000052,True,0.000020,-0.000053,-0.000056,0.000020,-0.000053,-0.000056,-1.365677,-1.465177,-1.442270,1.682772,-1.365677,-1.464995,-1.442270,1.682811,0.000000,0.000000,0.000000,0.000000,0.000000,0.000000,0.000000,0.000000,-1449.255249,331.414215,874.442810,1322.467407,True,velocity,0.450043,0.449931,0.000000,0.000000,7.364961,False,0.142077,0.141241,0.050621,0.050726,-2.751410,-2.751444,0.000035,2.741903,2.742009,-0.000107,167.000000
3.587370055000065,-0.002678,1.322600,-1.709251,1.316423,0.004183,0.001809,-0.003732,-0.002806,1.326593,1.712529,1.306806,-0.010552,-0.004145,0.005543,-0.023442,0.776636,0.142918,-0.613075,0.369476,-0.256106,0.608233,0.146714,-0.611691,-0.023915,0.777005,-0.374907,-0.252886,0.603893,-0.023442,0.776636,0.142918,-0.613075,0.369476,-0.256106,0.608233,0.146714,-0.611691,-0.023915,0.777005,-0.374907,-0.252886,0.603893,0.450043,-0.001996,-0.000493,-0.000550,1,True,True,0.000105,-0.002589,0.003064,0.000016,-0.000039,-0.000052,0.000019,-0.000049,-0.000054,0.000019,-0.000049,-0.000054,0.000000,0.000016,-0.000039,-0.000052,True,0.000019,-0.000051,-0.000055,0.000019,-0.000051,-0.000055,-1.365677,-1.464995,-1.442271,1.682811,-1.365677,-1.464995,-1.442271,1.682811,0.000000,0.000000,0.000000,0.000000,0.000000,0.000000,0.000000,-0.000014,-1449.255249,331.414215,874.442810,1322.467163,True,velocity,0.450043,0.449931,0.000000,0.000000,7.402569,False,0.142077,0.141242,0.050621,0.050726,-2.751410,-2.751444,0.000035,2.741903,2.742009,-0.000107,167.000000
3.6168815279961564,-0.002675,1.322597,-1.709256,1.316427,0.004181,0.001807,-0.003733,-0.002807,1.326595,1.712526,1.306812,-0.010553,-0.004147,0.005539,-0.023442,0.776636,0.142918,-0.613075,0.369476,-0.256106,0.608233,0.146714,-0.611691,-0.023915,0.777005,-0.374907,-0.252886,0.603893,-0.023442,0.776636,0.142918,-0.613075,0.369476,-0.256106,0.608233,0.146714,-0.611691,-0.023915,0.777005,-0.374907,-0.252886,0.603893,0.450042,-0.001997,-0.000494,-0.000551,1,True,True,0.000108,-0.002580,0.003006,0.000016,-0.000038,-0.000051,0.000018,-0.000047,-0.000054,0.000018,-0.000047,-0.000054,0.000000,0.000016,-0.000038,-0.000051,True,0.000019,-0.000049,-0.000054,0.000019,-0.000049,-0.000054,-1.365465,-1.464995,-1.442270,1.682849,-1.365677,-1.464995,-1.442270,1.682849,0.000000,0.000000,0.000000,0.000000,0.000000,0.000000,0.000000,-0.000071,-1449.255249,331.414215,874.442810,1322.467163,True,velocity,0.450042,0.449931,0.000000,0.000000,7.432924,False,0.142078,0.141242,0.050621,0.050726,-2.751410,-2.751444,0.000035,2.741903,2.742009,-0.000107,167.000000
3.6501261279918253,-0.002671,1.322595,-1.709260,1.316431,0.004179,0.001805,-0.003734,-0.002808,1.326597,1.712524,1.306817,-0.010555,-0.004148,0.005536,-0.023442,0.776636,0.142918,-0.613075,0.369476,-0.256106,0.608233,0.146714,-0.611691,-0.023915,0.777005,-0.374907,-0.252886,0.603893,-0.023442,0.776636,0.142918,-0.613075,0.369476,-0.256106,0.608233,0.146714,-0.611691,-0.023915,0.777005,-0.374907,-0.252886,0.603893,0.450041,-0.001998,-0.000494,-0.000553,1,True,True,0.000107,-0.002571,0.003019,0.000015,-0.000036,-0.000051,0.000018,-0.000045,-0.000053,0.000018,-0.000045,-0.000053,0.000000,0.000015,-0.000036,-0.000051,True,0.000018,-0.000047,-0.000054,0.000018,-0.000047,-0.000054,-1.365677,-1.464995,-1.442270,1.682811,-1.365465,-1.464995,-1.442270,1.682811,0.000000,0.000000,0.000000,0.000000,0.000000,0.000000,0.000000,-0.000071,-1449.255249,331.414215,874.442810,1322.467163,True,velocity,0.450041,0.449931,0.000000,0.000000,7.465880,False,0.142078,0.141243,0.050620,0.050726,-2.751410,-2.751444,0.000035,2.741903,2.742009,-0.000107,167.000000
3.68394985498162,-0.002668,1.322593,-1.709264,1.316435,0.004177,0.001802,-0.003736,-0.002809,1.326599,1.712521,1.306822,-0.010556,-0.004150,0.005532,-0.023442,0.776636,0.142918,-0.613075,0.369476,-0.256106,0.608233,0.146714,-0.611691,-0.023915,0.777005,-0.374907,-0.252886,0.603893,-0.023442,0.776636,0.142918,-0.613075,0.369476,-0.256106,0.608233,0.146714,-0.611691,-0.023915,0.777005,-0.374907,-0.252886,0.603893,0.450040,-0.001999,-0.000495,-0.000555,1,True,True,0.000108,-0.002572,0.003017,0.000015,-0.000034,-0.000050,0.000017,-0.000043,-0.000053,0.000017,-0.000043,-0.000053,0.000000,0.000015,-0.000034,-0.000050,True,0.000018,-0.000045,-0.000053,0.000018,-0.000045,-0.000053,-1.365465,-1.464995,-1.442271,1.682811,-1.365465,-1.464995,-1.442271,1.682811,0.000000,0.000000,0.000000,0.000000,0.000000,0.000000,0.000000,-0.000056,-1449.255249,331.414215,874.442810,1322.467163,True,velocity,0.450040,0.449931,0.000000,0.000000,7.499731,False,0.142078,0.141243,0.050620,0.050726,-2.751410,-2.751444,0.000035,2.741903,2.742009,-0.000107,167.000000
3.717757137987064,-0.002664,1.322591,-1.709268,1.316439,0.004175,0.001800,-0.003737,-0.002810,1.326600,1.712519,1.306827,-0.010557,-0.004151,0.005529,-0.023442,0.776636,0.142918,-0.613075,0.369476,-0.256106,0.608233,0.146714,-0.611691,-0.023915,0.777005,-0.374907,-0.252886,0.603893,-0.023442,0.776636,0.142918,-0.613075,0.369476,-0.256106,0.608233,0.146714,-0.611691,-0.023915,0.777005,-0.374907,-0.252886,0.603893,0.450040,-0.002001,-0.000495,-0.000556,1,True,True,0.000111,-0.002551,0.003062,0.000014,-0.000033,-0.000050,0.000017,-0.000041,-0.000052,0.000017,-0.000041,-0.000052,0.000000,0.000014,-0.000033,-0.000050,True,0.000017,-0.000043,-0.000053,0.000017,-0.000043,-0.000053,-1.365253,-1.464815,-1.442270,1.682849,-1.365253,-1.464995,-1.442270,1.682849,0.000000,0.000000,0.000000,0.000000,0.000000,0.000000,0.000000,0.000000,-1449.255249,331.414215,874.442810,1322.467163,True,velocity,0.450040,0.449931,0.000000,0.000000,7.533526,False,0.142079,0.141244,0.050620,0.050726,-2.751410,-2.751444,0.000034,2.741903,2.742009,-0.000107,167.000000
3.749830041982932,-0.002661,1.322590,-1.709272,1.316444,0.004173,0.001798,-0.003739,-0.002810,1.326602,1.712516,1.306831,-0.010558,-0.004152,0.005525,-0.023442,0.776636,0.142918,-0.613075,0.369476,-0.256106,0.608233,0.146714,-0.611691,-0.023915,0.777005,-0.374907,-0.252886,0.603893,-0.023442,0.776636,0.142918,-0.613075,0.369476,-0.256106,0.608233,0.146714,-0.611691,-0.023915,0.777005,-0.374907,-0.252886,0.603893,0.450039,-0.002002,-0.000496,-0.000558,1,True,True,0.000137,-0.002577,0.003009,0.000014,-0.000031,-0.000049,0.000016,-0.000039,-0.000052,0.000016,-0.000039,-0.000052,0.000000,0.000014,-0.000031,-0.000049,True,0.000017,-0.000041,-0.000052,0.000017,-0.000041,-0.000052,-1.365894,-1.464995,-1.442270,1.682811,-1.365465,-1.464995,-1.442270,1.682772,0.000000,0.000000,0.000000,0.000000,0.000000,0.000000,0.000000,0.000000,-1449.255249,331.414215,874.442810,1322.467163,True,velocity,0.450039,0.449931,0.000000,0.000000,7.565834,False,0.142079,0.141244,0.050620,0.050726,-2.751410,-2.751444,0.000034,2.741903,2.742009,-0.000107,167.000000
3.783443547989009,-0.002658,1.322588,-1.709276,1.316448,0.004172,0.001796,-0.003740,-0.002811,1.326603,1.712514,1.306836,-0.010559,-0.004153,0.005522,-0.023442,0.776636,0.142918,-0.613075,0.369476,-0.256106,0.608233,0.146714,-0.611691,-0.023915,0.777005,-0.374907,-0.252886,0.603893,-0.023442,0.776636,0.142918,-0.613075,0.369476,-0.256106,0.608233,0.146714,-0.611691,-0.023915,0.777005,-0.374907,-0.252886,0.603893,0.450038,-0.002003,-0.000496,-0.000560,1,True,True,0.000137,-0.002578,0.003007,0.000014,-0.000030,-0.000049,0.000016,-0.000038,-0.000051,0.000016,-0.000038,-0.000051,0.000000,0.000014,-0.000030,-0.000049,True,0.000016,-0.000039,-0.000052,0.000016,-0.000039,-0.000052,-1.365465,-1.464815,-1.442270,1.682811,-1.365465,-1.464815,-1.442270,1.682811,0.000000,0.000000,0.000000,0.000000,0.000000,0.000000,0.000000,0.000000,-1449.255249,331.414215,874.442810,1322.467163,True,velocity,0.450038,0.449931,0.000000,0.000000,7.599381,False,0.142079,0.141245,0.050620,0.050726,-2.751410,-2.751444,0.000034,2.741903,2.742009,-0.000107,167.000000
3.816588760004379,-0.002654,1.322586,-1.709280,1.316452,0.004170,0.001794,-0.003742,-0.002812,1.326605,1.712512,1.306841,-0.010560,-0.004154,0.005518,-0.023442,0.776636,0.142918,-0.613075,0.369476,-0.256106,0.608233,0.146714,-0.611691,-0.023915,0.777005,-0.374907,-0.252886,0.603893,-0.023442,0.776636,0.142918,-0.613075,0.369476,-0.256106,0.608233,0.146714,-0.611691,-0.023915,0.777005,-0.374907,-0.252886,0.603893,0.450038,-0.002004,-0.000497,-0.000561,1,True,True,0.000170,-0.002568,0.003022,0.000013,-0.000029,-0.000048,0.000015,-0.000036,-0.000051,0.000015,-0.000036,-0.000051,0.000000,0.000013,-0.000029,-0.000048,True,0.000016,-0.000038,-0.000051,0.000016,-0.000038,-0.000051,-1.365889,-1.464995,-1.442270,1.682772,-1.365677,-1.465463,-1.442270,1.682811,0.000000,0.000000,0.000000,0.000000,0.000000,0.000000,0.000000,0.000000,-1449.255249,331.414215,874.442810,1322.467163,True,velocity,0.450038,0.449931,0.000000,0.000000,7.632584,False,0.142080,0.141245,0.050620,0.050726,-2.751410,-2.751444,0.000034,2.741903,2.742009,-0.000107,167.000000
3.8503580990072805,-0.002651,1.322585,-1.709283,1.316456,0.004168,0.001793,-0.003744,-0.002813,1.326606,1.712510,1.306845,-0.010561,-0.004156,0.005515,-0.023442,0.776636,0.142918,-0.613075,0.369476,-0.256106,0.608233,0.146714,-0.611691,-0.023915,0.777005,-0.374907,-0.252886,0.603893,-0.023442,0.776636,0.142918,-0.613075,0.369476,-0.256106,0.608233,0.146714,-0.611691,-0.023915,0.777005,-0.374907,-0.252886,0.603893,0.450037,-0.002005,-0.000497,-0.000563,1,True,True,0.000313,-0.002553,0.003081,0.000013,-0.000027,-0.000048,0.000015,-0.000034,-0.000050,0.000015,-0.000034,-0.000050,0.000000,0.000013,-0.000027,-0.000048,True,0.000015,-0.000036,-0.000051,0.000015,-0.000036,-0.000051,-1.365465,-1.464528,-1.442270,1.682772,-1.365465,-1.464528,-1.442270,1.682772,0.000000,0.000000,0.000000,0.000000,0.000000,0.000000,0.000000,0.000000,-1449.255249,331.414215,874.442810,1322.467163,True,velocity,0.450037,0.449931,0.000000,0.000000,7.666129,False,0.142080,0.141246,0.050620,0.050726,-2.751410,-2.751444,0.000034,2.741903,2.742009,-0.000107,167.000000
3.8833279969985597,-0.002648,1.322583,-1.709287,1.316460,0.004167,0.001791,-0.003745,-0.002813,1.326607,1.712508,1.306849,-0.010562,-0.004156,0.005512,-0.023442,0.776636,0.142918,-0.613075,0.369476,-0.256106,0.608233,0.146714,-0.611691,-0.023915,0.777005,-0.374907,-0.252886,0.603893,-0.023442,0.776636,0.142918,-0.613075,0.369476,-0.256106,0.608233,0.146714,-0.611691,-0.023915,0.777005,-0.374907,-0.252886,0.603893,0.450037,-0.002005,-0.000498,-0.000564,1,True,True,0.000314,-0.002554,0.003079,0.000013,-0.000026,-0.000048,0.000014,-0.000033,-0.000050,0.000014,-0.000033,-0.000050,0.000000,0.000013,-0.000026,-0.000048,True,0.000015,-0.000034,-0.000050,0.000015,-0.000034,-0.000050,-1.365253,-1.464528,-1.442270,1.682887,-1.365253,-1.464528,-1.442270,1.682887,0.000000,0.000000,0.000000,0.000000,0.000000,0.000000,0.000000,0.000000,-1449.255249,331.414215,874.442810,1322.467163,True,velocity,0.450037,0.449931,0.000000,0.000000,7.699316,False,0.142080,0.141246,0.050620,0.050726,-2.751410,-2.751444,0.000034,2.741903,2.742009,-0.000107,167.000000
3.918093571002828,-0.002645,1.322582,-1.709290,1.316464,0.004166,0.001789,-0.003747,-0.002814,1.326608,1.712505,1.306854,-0.010563,-0.004157,0.005509,-0.023442,0.776636,0.142918,-0.613075,0.369476,-0.256106,0.608233,0.146714,-0.611691,-0.023915,0.777005,-0.374907,-0.252886,0.603893,-0.023442,0.776636,0.142918,-0.613075,0.369476,-0.256106,0.608233,0.146714,-0.611691,-0.023915,0.777005,-0.374907,-0.252886,0.603893,0.450036,-0.002006,-0.000498,-0.000566,1,True,True,0.000349,-0.002554,0.003007,0.000012,-0.000025,-0.000047,0.000014,-0.000031,-0.000049,0.000014,-0.000031,-0.000049,0.000000,0.000012,-0.000025,-0.000047,True,0.000014,-0.000033,-0.000050,0.000014,-0.000033,-0.000050,-1.365465,-1.464995,-1.442270,1.682887,-1.365677,-1.464995,-1.442270,1.682849,0.000000,0.000000,0.000000,0.000000,0.000000,0.000000,0.000000,0.000000,-1449.255249,331.414215,874.442810,1322.467163,True,velocity,0.450036,0.449931,0.000000,0.000000,7.734085,False,0.142081,0.141246,0.050620,0.050726,-2.751410,-2.751444,0.000034,2.741903,2.742009,-0.000107,167.000000
3.9534876419929788,-0.002642,1.322580,-1.709294,1.316468,0.004164,0.001788,-0.003749,-0.002814,1.326610,1.712503,1.306858,-0.010564,-0.004158,0.005506,-0.023442,0.776636,0.142918,-0.613075,0.369476,-0.256106,0.608233,0.146714,-0.611691,-0.023915,0.777005,-0.374907,-0.252886,0.603893,-0.023442,0.776636,0.142918,-0.613075,0.369476,-0.256106,0.608233,0.146714,-0.611691,-0.023915,0.777005,-0.374907,-0.252886,0.603893,0.450035,-0.002007,-0.000498,-0.000567,1,True,True,0.000337,-0.002665,0.002966,0.000012,-0.000024,-0.000047,0.000014,-0.000030,-0.000049,0.000014,-0.000030,-0.000049,0.000000,0.000012,-0.000024,-0.000047,True,0.000014,-0.000031,-0.000049,0.000014,-0.000031,-0.000049,-1.365677,-1.465177,-1.442270,1.682887,-1.365677,-1.465177,-1.442270,1.682887,0.000000,0.000000,0.000000,0.000000,0.000000,0.000000,0.000000,0.000000,-1449.255249,331.414215,874.442810,1322.467163,True,velocity,0.450035,0.449931,0.000000,0.000000,7.769359,False,0.142081,0.141247,0.050620,0.050726,-2.751410,-2.751444,0.000034,2.741903,2.742009,-0.000107,167.000000
3.987487867998425,-0.002639,1.322579,-1.709297,1.316473,0.004163,0.001786,-0.003751,-0.002815,1.326611,1.712501,1.306862,-0.010565,-0.004159,0.005503,-0.023442,0.776636,0.142918,-0.613075,0.369476,-0.256106,0.608233,0.146714,-0.611691,-0.023915,0.777005,-0.374907,-0.252886,0.603893,-0.023442,0.776636,0.142918,-0.613075,0.369476,-0.256106,0.608233,0.146714,-0.611691,-0.023915,0.777005,-0.374907,-0.252886,0.603893,0.450035,-0.002008,-0.000499,-0.000569,1,True,True,0.000338,-0.002665,0.002965,0.000012,-0.000022,-0.000046,0.000013,-0.000029,-0.000048,0.000013,-0.000029,-0.000048,0.000000,0.000012,-0.000022,-0.000046,True,0.000014,-0.000030,-0.000049,0.000014,-0.000030,-0.000049,-1.365677,-1.465177,-1.442270,1.682849,-1.365677,-1.465177,-1.442270,1.682849,0.000000,0.000000,0.000000,0.000000,0.000000,0.000000,0.000000,0.000000,-1449.255249,331.414215,874.442810,1322.467163,True,velocity,0.450035,0.449931,0.000000,0.000000,7.803466,False,0.142081,0.141247,0.050620,0.050726,-2.751410,-2.751444,0.000034,2.741903,2.742009,-0.000106,167.000000
4.02010724999127,-0.002636,1.322578,-1.709301,1.316477,0.004162,0.001785,-0.003752,-0.002815,1.326612,1.712499,1.306866,-0.010565,-0.004160,0.005500,-0.023442,0.776636,0.142918,-0.613075,0.369476,-0.256106,0.608233,0.146714,-0.611691,-0.023915,0.777005,-0.374907,-0.252886,0.603893,-0.023442,0.776636,0.142918,-0.613075,0.369476,-0.256106,0.608233,0.146714,-0.611691,-0.023915,0.777005,-0.374907,-0.252886,0.603893,0.450034,-0.002008,-0.000499,-0.000571,1,True,True,0.000251,-0.002630,0.002987,0.000011,-0.000021,-0.000046,0.000013,-0.000027,-0.000048,0.000013,-0.000027,-0.000048,0.000000,0.000011,-0.000021,-0.000046,True,0.000013,-0.000029,-0.000048,0.000013,-0.000029,-0.000048,-1.365677,-1.465177,-1.442270,1.682849,-1.365677,-1.465177,-1.442270,1.682811,0.000000,0.000000,0.000000,0.000000,0.000000,0.000000,0.000000,0.000000,-1449.255249,331.414215,874.442810,1322.467163,True,velocity,0.450034,0.449931,0.000000,0.000000,7.835985,False,0.142082,0.141247,0.050620,0.050726,-2.751410,-2.751444,0.000034,2.741903,2.742009,-0.000106,167.000000
4.053176482004346,-0.002633,1.322577,-1.709304,1.316481,0.004160,0.001783,-0.003754,-0.002816,1.326612,1.712498,1.306870,-0.010566,-0.004161,0.005497,-0.023442,0.776636,0.142918,-0.613075,0.369476,-0.256106,0.608233,0.146714,-0.611691,-0.023915,0.777005,-0.374907,-0.252886,0.603893,-0.023442,0.776636,0.142918,-0.613075,0.369476,-0.256106,0.608233,0.146714,-0.611691,-0.023915,0.777005,-0.374907,-0.252886,0.603893,0.450033,-0.002009,-0.000500,-0.000572,1,True,True,0.000243,-0.002625,0.002947,0.000011,-0.000020,-0.000046,0.000013,-0.000026,-0.000047,0.000013,-0.000026,-0.000047,0.000000,0.000011,-0.000020,-0.000046,True,0.000013,-0.000027,-0.000048,0.000013,-0.000027,-0.000048,-1.365465,-1.465177,-1.442270,1.682811,-1.365465,-1.465177,-1.442270,1.682811,0.000000,0.000000,0.000000,0.000000,0.000000,0.000000,0.000000,0.000000,-1449.255249,331.414215,874.442810,1322.467163,True,velocity,0.450033,0.449931,0.000000,0.000000,7.869072,False,0.142082,0.141248,0.050620,0.050726,-2.751410,-2.751444,0.000034,2.741903,2.742009,-0.000106,167.000000
4.085244828980649,-0.002630,1.322575,-1.709307,1.316485,0.004159,0.001782,-0.003756,-0.002816,1.326613,1.712496,1.306873,-0.010566,-0.004161,0.005494,-0.023442,0.776636,0.142918,-0.613075,0.369476,-0.256106,0.608233,0.146714,-0.611691,-0.023915,0.777005,-0.374907,-0.252886,0.603893,-0.023442,0.776636,0.142918,-0.613075,0.369476,-0.256106,0.608233,0.146714,-0.611691,-0.023915,0.777005,-0.374907,-0.252886,0.603893,0.450033,-0.002010,-0.000500,-0.000574,1,True,True,0.000244,-0.002626,0.002945,0.000011,-0.000019,-0.000045,0.000012,-0.000025,-0.000047,0.000012,-0.000025,-0.000047,0.000000,0.000011,-0.000019,-0.000045,True,0.000013,-0.000026,-0.000047,0.000013,-0.000026,-0.000047,-1.365677,-1.465177,-1.442270,1.682811,-1.365677,-1.465177,-1.442270,1.682811,0.000000,0.000000,0.000000,0.000000,0.000000,0.000000,0.000000,0.000000,-1449.255249,331.414215,874.442810,1322.467163,True,velocity,0.450033,0.449931,0.000000,0.000000,7.900928,False,0.142083,0.141248,0.050620,0.050726,-2.751410,-2.751444,0.000034,2.741903,2.742009,-0.000106,167.000000
4.118284616008168,-0.002627,1.322574,-1.709310,1.316489,0.004158,0.001780,-0.003758,-0.002816,1.326614,1.712494,1.306877,-0.010567,-0.004162,0.005491,-0.023442,0.776636,0.142918,-0.613075,0.369476,-0.256106,0.608233,0.146714,-0.611691,-0.023915,0.777005,-0.374907,-0.252886,0.603893,-0.023442,0.776636,0.142918,-0.613075,0.369476,-0.256106,0.608233,0.146714,-0.611691,-0.023915,0.777005,-0.374907,-0.252886,0.603893,0.450032,-0.002010,-0.000500,-0.000575,1,True,True,0.000211,-0.002612,0.003007,0.000010,-0.000018,-0.000045,0.000012,-0.000024,-0.000047,0.000012,-0.000024,-0.000047,0.000000,0.000010,-0.000018,-0.000045,True,0.000012,-0.000025,-0.000047,0.000012,-0.000025,-0.000047,-1.365035,-1.465177,-1.442270,1.682811,-1.365677,-1.465177,-1.442271,1.682811,0.000000,0.000000,0.000000,0.000000,0.000000,0.000000,0.000000,0.000000,-1449.255249,331.414215,874.442810,1322.467163,True,velocity,0.450032,0.449931,0.000000,0.000000,7.934302,False,0.142083,0.141249,0.050620,0.050726,-2.751410,-2.751444,0.000034,2.741903,2.742009,-0.000106,167.000000
4.1511334409879055,-0.002624,1.322573,-1.709313,1.316493,0.004157,0.001779,-0.003760,-0.002817,1.326615,1.712492,1.306881,-0.010568,-0.004162,0.005488,-0.023442,0.776636,0.142918,-0.613075,0.369476,-0.256106,0.608233,0.146714,-0.611691,-0.023915,0.777005,-0.374907,-0.252886,0.603893,-0.023442,0.776636,0.142918,-0.613075,0.369476,-0.256106,0.608233,0.146714,-0.611691,-0.023915,0.777005,-0.374907,-0.252886,0.603893,0.450031,-0.002011,-0.000501,-0.000577,1,True,True,0.000198,-0.002623,0.003018,0.000010,-0.000017,-0.000044,0.000012,-0.000022,-0.000046,0.000012,-0.000022,-0.000046,0.000000,0.000010,-0.000017,-0.000044,True,0.000012,-0.000024,-0.000047,0.000012,-0.000024,-0.000047,-1.365465,-1.465177,-1.442270,1.682811,-1.365465,-1.465177,-1.442270,1.682811,0.000000,0.000000,0.000000,0.000000,0.000000,0.000000,0.000000,0.000000,-1449.255249,331.414215,874.442810,1322.467163,True,velocity,0.450031,0.449931,0.000000,0.000000,7.967106,False,0.142083,0.141249,0.050620,0.050726,-2.751410,-2.751444,0.000034,2.741903,2.742009,-0.000106,167.000000
4.184376246004831,-0.002621,1.322572,-1.709316,1.316497,0.004156,0.001778,-0.003761,-0.002817,1.326615,1.712490,1.306884,-0.010568,-0.004163,0.005485,-0.023442,0.776636,0.142918,-0.613075,0.369476,-0.256106,0.608233,0.146714,-0.611691,-0.023915,0.777005,-0.374907,-0.252886,0.603893,-0.023442,0.776636,0.142918,-0.613075,0.369476,-0.256106,0.608233,0.146714,-0.611691,-0.023915,0.777005,-0.374907,-0.252886,0.603893,0.450031,-0.002011,-0.000501,-0.000578,1,True,True,0.000199,-0.002623,0.003016,0.000010,-0.000016,-0.000044,0.000011,-0.000021,-0.000046,0.000011,-0.000021,-0.000046,0.000000,0.000010,-0.000016,-0.000044,True,0.000012,-0.000022,-0.000046,0.000012,-0.000022,-0.000046,-1.365465,-1.464815,-1.442270,1.682849,-1.365677,-1.464815,-1.442270,1.682849,0.000000,0.000000,0.000000,0.000000,0.000000,0.000000,0.000000,0.000000,-1449.255249,331.414215,874.442810,1322.467163,True,velocity,0.450031,0.449931,0.000000,0.000000,8.000353,False,0.142084,0.141249,0.050620,0.050726,-2.751410,-2.751444,0.000034,2.741903,2.742009,-0.000106,167.000000
4.218543285998749,-0.002618,1.322571,-1.709319,1.316502,0.004155,0.001777,-0.003763,-0.002817,1.326616,1.712489,1.306887,-0.010568,-0.004163,0.005483,-0.023442,0.776636,0.142918,-0.613075,0.369476,-0.256106,0.608233,0.146714,-0.611691,-0.023915,0.777005,-0.374907,-0.252886,0.603893,-0.023442,0.776636,0.142918,-0.613075,0.369476,-0.256106,0.608233,0.146714,-0.611691,-0.023915,0.777005,-0.374907,-0.252886,0.603893,0.450030,-0.002012,-0.000501,-0.000579,1,True,True,0.000165,-0.002604,0.002971,0.000010,-0.000015,-0.000044,0.000011,-0.000020,-0.000045,0.000011,-0.000020,-0.000045,0.000000,0.000010,-0.000015,-0.000044,True,0.000011,-0.000021,-0.000046,0.000011,-0.000021,-0.000046,-1.365677,-1.465463,-1.442270,1.682849,-1.365677,-1.465463,-1.442270,1.682849,0.000000,0.000000,0.000000,0.000000,0.000000,0.000000,0.000000,0.000000,-1449.255249,331.414215,874.442810,1322.467163,True,velocity,0.450030,0.449931,0.000000,0.000000,8.033812,False,0.142084,0.141250,0.050620,0.050726,-2.751410,-2.751444,0.000034,2.741903,2.742009,-0.000106,167.000000
4.251235870993696,-0.002615,1.322571,-1.709322,1.316506,0.004154,0.001776,-0.003765,-0.002817,1.326617,1.712487,1.306891,-0.010569,-0.004164,0.005480,-0.023442,0.776636,0.142918,-0.613075,0.369476,-0.256106,0.608233,0.146714,-0.611691,-0.023915,0.777005,-0.374907,-0.252886,0.603893,-0.023442,0.776636,0.142918,-0.613075,0.369476,-0.256106,0.608233,0.146714,-0.611691,-0.023915,0.777005,-0.374907,-0.252886,0.603893,0.450030,-0.002012,-0.000502,-0.000581,1,True,True,0.000145,-0.002602,0.002996,0.000009,-0.000015,-0.000043,0.000011,-0.000019,-0.000045,0.000011,-0.000019,-0.000045,0.000000,0.000009,-0.000015,-0.000043,True,0.000011,-0.000020,-0.000045,0.000011,-0.000020,-0.000045,-1.365677,-1.465463,-1.442269,1.682849,-1.365677,-1.464528,-1.442269,1.682849,0.000000,0.000000,0.000000,0.000000,0.000000,0.000000,0.000000,0.000000,-1449.255249,331.414215,874.442810,1322.467163,True,velocity,0.450030,0.449931,0.000000,0.000000,8.067243,False,0.142084,0.141250,0.050619,0.050726,-2.751410,-2.751444,0.000034,2.741903,2.742009,-0.000106,167.000000
4.284556878992589,-0.002612,1.322570,-1.709325,1.316510,0.004153,0.001775,-0.003767,-0.002817,1.326617,1.712485,1.306894,-0.010569,-0.004164,0.005477,-0.023442,0.776636,0.142918,-0.613075,0.369476,-0.256106,0.608233,0.146714,-0.611691,-0.023915,0.777005,-0.374907,-0.252886,0.603893,-0.023442,0.776636,0.142918,-0.613075,0.369476,-0.256106,0.608233,0.146714,-0.611691,-0.023915,0.777005,-0.374907,-0.252886,0.603893,0.450029,-0.002013,-0.000502,-0.000582,1,True,True,0.000145,-0.002602,0.002995,0.000009,-0.000014,-0.000043,0.000010,-0.000018,-0.000045,0.000010,-0.000018,-0.000045,0.000000,0.000009,-0.000014,-0.000043,True,0.000011,-0.000019,-0.000045,0.000011,-0.000019,-0.000045,-1.365465,-1.464815,-1.442270,1.682849,-1.365465,-1.464815,-1.442269,1.682811,0.000000,0.000000,0.000000,0.000000,0.000000,0.000000,0.000000,0.000000,-1449.255249,331.414215,874.442810,1322.467163,True,velocity,0.450029,0.449931,0.000000,0.000000,8.100556,False,0.142085,0.141250,0.050619,0.050726,-2.751410,-2.751444,0.000034,2.741903,2.742009,-0.000106,167.000000
4.319017083995277,-0.002610,1.322569,-1.709328,1.316514,0.004153,0.001774,-0.003769,-0.002818,1.326618,1.712484,1.306897,-0.010570,-0.004164,0.005475,-0.023442,0.776636,0.142918,-0.613075,0.369476,-0.256106,0.608233,0.146714,-0.611691,-0.023915,0.777005,-0.374907,-0.252886,0.603893,-0.023442,0.776636,0.142918,-0.613075,0.369476,-0.256106,0.608233,0.146714,-0.611691,-0.023915,0.777005,-0.374907,-0.252886,0.603893,0.450028,-0.002013,-0.000502,-0.000584,1,True,True,0.000103,-0.002618,0.002961,0.000009,-0.000013,-0.000043,0.000010,-0.000017,-0.000044,0.000010,-0.000017,-0.000044,0.000000,0.000009,-0.000013,-0.000043,True,0.000010,-0.000018,-0.000045,0.000010,-0.000018,-0.000045,-1.365465,-1.465177,-1.442269,1.682887,-1.365253,-1.464995,-1.442269,1.682887,0.000000,0.000000,0.000000,0.000000,0.000000,0.000000,0.000000,0.000000,-1449.255249,331.414215,874.442810,1322.467163,True,velocity,0.450028,0.449931,0.000000,0.000000,8.134370,False,0.142085,0.141250,0.050619,0.050726,-2.751410,-2.751444,0.000034,2.741903,2.742009,-0.000106,167.000000
4.351743446983164,-0.002607,1.322568,-1.709331,1.316518,0.004152,0.001773,-0.003771,-0.002818,1.326618,1.712482,1.306900,-0.010570,-0.004165,0.005472,-0.023442,0.776636,0.142918,-0.613075,0.369476,-0.256106,0.608233,0.146714,-0.611691,-0.023915,0.777005,-0.374907,-0.252886,0.603893,-0.023442,0.776636,0.142918,-0.613075,0.369476,-0.256106,0.608233,0.146714,-0.611691,-0.023915,0.777005,-0.374907,-0.252886,0.603893,0.450028,-0.002014,-0.000502,-0.000585,1,True,True,0.000089,-0.002624,0.002927,0.000009,-0.000012,-0.000042,0.000010,-0.000016,-0.000044,0.000010,-0.000016,-0.000044,0.000000,0.000009,-0.000012,-0.000042,True,0.000010,-0.000017,-0.000044,0.000010,-0.000017,-0.000044,-1.365677,-1.464995,-1.442270,1.682849,-1.365465,-1.465177,-1.442270,1.682849,0.000000,0.000000,0.000000,0.000000,0.000000,0.000000,0.000000,0.000000,-1449.255249,331.414215,874.442810,1322.467163,True,velocity,0.450028,0.449931,0.000000,0.000000,8.167734,False,0.142085,0.141251,0.050619,0.050726,-2.751410,-2.751444,0.000034,2.741903,2.742009,-0.000106,167.000000
4.385647599992808,-0.002604,1.322568,-1.709334,1.316522,0.004151,0.001772,-0.003773,-0.002818,1.326619,1.712480,1.306903,-0.010570,-0.004165,0.005469,-0.023442,0.776636,0.142918,-0.613075,0.369476,-0.256106,0.608233,0.146714,-0.611691,-0.023915,0.777005,-0.374907,-0.252886,0.603893,-0.023442,0.776636,0.142918,-0.613075,0.369476,-0.256106,0.608233,0.146714,-0.611691,-0.023915,0.777005,-0.374907,-0.252886,0.603893,0.450027,-0.002014,-0.000503,-0.000587,1,True,True,0.000089,-0.002624,0.002925,0.000008,-0.000011,-0.000042,0.000010,-0.000015,-0.000044,0.000010,-0.000015,-0.000044,0.000000,0.000008,-0.000011,-0.000042,True,0.000010,-0.000016,-0.000044,0.000010,-0.000016,-0.000044,-1.365889,-1.465177,-1.442270,1.682849,-1.365889,-1.465177,-1.442270,1.682849,0.000000,0.000000,0.000000,0.000000,0.000000,0.000000,0.000000,0.000000,-1449.255249,331.414215,874.442810,1322.467163,True,velocity,0.450027,0.449931,0.000000,0.000000,8.201599,False,0.142086,0.141251,0.050619,0.050726,-2.751410,-2.751444,0.000034,2.741903,2.742009,-0.000106,167.000000
4.417819205991691,-0.002602,1.322567,-1.709336,1.316526,0.004150,0.001771,-0.003775,-0.002818,1.326619,1.712479,1.306906,-0.010570,-0.004165,0.005467,-0.023442,0.776636,0.142918,-0.613075,0.369476,-0.256106,0.608233,0.146714,-0.611691,-0.023915,0.777005,-0.374907,-0.252886,0.603893,-0.023442,0.776636,0.142918,-0.613075,0.369476,-0.256106,0.608233,0.146714,-0.611691,-0.023915,0.777005,-0.374907,-0.252886,0.603893,0.450027,-0.002015,-0.000503,-0.000588,1,True,True,0.000107,-0.002557,0.002989,0.000008,-0.000011,-0.000042,0.000009,-0.000015,-0.000043,0.000009,-0.000015,-0.000043,0.000000,0.000008,-0.000011,-0.000042,True,0.000010,-0.000015,-0.000044,0.000010,-0.000015,-0.000044,-1.365677,-1.465177,-1.442270,1.682811,-1.365465,-1.465177,-1.442270,1.682849,0.000000,0.000000,0.000000,0.000000,0.000000,0.000000,0.000000,0.000000,-1449.255249,331.414215,874.442810,1322.467163,True,velocity,0.450027,0.449931,0.000000,0.000000,8.233783,False,0.142086,0.141251,0.050619,0.050726,-2.751410,-2.751444,0.000034,2.741903,2.742009,-0.000106,167.000000
4.451997875992674,-0.002599,1.322566,-1.709339,1.316530,0.004150,0.001770,-0.003777,-0.002818,1.326619,1.712477,1.306909,-0.010571,-0.004165,0.005465,-0.023442,0.776636,0.142918,-0.613075,0.369476,-0.256106,0.608233,0.146714,-0.611691,-0.023915,0.777005,-0.374907,-0.252886,0.603893,-0.023442,0.776636,0.142918,-0.613075,0.369476,-0.256106,0.608233,0.146714,-0.611691,-0.023915,0.777005,-0.374907,-0.252886,0.603893,0.450026,-0.002015,-0.000503,-0.000589,1,True,True,0.000087,-0.002549,0.002965,0.000008,-0.000010,-0.000041,0.000009,-0.000014,-0.000043,0.000009,-0.000014,-0.000043,0.000000,0.000008,-0.000010,-0.000041,True,0.000009,-0.000015,-0.000043,0.000009,-0.000015,-0.000043,-1.365677,-1.464995,-1.442270,1.682849,-1.365677,-1.464995,-1.442270,1.682849,0.000000,0.000000,0.000000,0.000000,0.000000,0.000000,0.000000,0.000000,-1449.255249,331.414215,874.442810,1322.467407,True,velocity,0.450026,0.449931,0.000000,0.000000,8.267582,False,0.142086,0.141251,0.050619,0.050726,-2.751410,-2.751444,0.000034,2.741903,2.742009,-0.000106,167.000000
4.485413438989781,-0.002596,1.322566,-1.709341,1.316534,0.004149,0.001769,-0.003779,-0.002818,1.326619,1.712476,1.306912,-0.010571,-0.004166,0.005462,-0.023442,0.776636,0.142918,-0.613075,0.369476,-0.256106,0.608233,0.146714,-0.611691,-0.023915,0.777005,-0.374907,-0.252886,0.603893,-0.023442,0.776636,0.142918,-0.613075,0.369476,-0.256106,0.608233,0.146714,-0.611691,-0.023915,0.777005,-0.374907,-0.252886,0.603893,0.450025,-0.002015,-0.000503,-0.000591,1,True,True,0.000087,-0.002549,0.002964,0.000008,-0.000009,-0.000041,0.000009,-0.000013,-0.000043,0.000009,-0.000013,-0.000043,0.000000,0.000008,-0.000009,-0.000041,True,0.000009,-0.000014,-0.000043,0.000009,-0.000014,-0.000043,-1.365677,-1.464528,-1.442270,1.682849,-1.365465,-1.464995,-1.442270,1.682849,0.000000,0.000000,0.000000,0.000000,0.000000,0.000000,0.000000,0.000000,-1449.255249,331.414215,874.442810,1322.467163,True,velocity,0.450025,0.449931,0.000000,0.000000,8.301394,False,0.142087,0.141252,0.050619,0.050726,-2.751410,-2.751444,0.000034,2.741903,2.742009,-0.000106,167.000000
4.518152320000809,-0.002594,1.322565,-1.709344,1.316538,0.004148,0.001769,-0.003780,-0.002818,1.326620,1.712474,1.306915,-0.010571,-0.004166,0.005460,-0.023442,0.776636,0.142918,-0.613075,0.369476,-0.256106,0.608233,0.146714,-0.611691,-0.023915,0.777005,-0.374907,-0.252886,0.603893,-0.023442,0.776636,0.142918,-0.613075,0.369476,-0.256106,0.608233,0.146714,-0.611691,-0.023915,0.777005,-0.374907,-0.252886,0.603893,0.450025,-0.002015,-0.000504,-0.000592,1,True,True,0.000055,-0.002543,0.002922,0.000008,-0.000009,-0.000041,0.000009,-0.000012,-0.000042,0.000009,-0.000012,-0.000042,0.000000,0.000008,-0.000009,-0.000041,True,0.000009,-0.000013,-0.000043,0.000009,-0.000013,-0.000043,-1.365465,-1.464995,-1.442270,1.682849,-1.365465,-1.464995,-1.442270,1.682849,0.000000,0.000000,0.000000,0.000000,0.000000,0.000000,0.000000,0.000000,-1449.255249,331.414215,874.442810,1322.467163,True,velocity,0.450025,0.449931,0.000000,0.000000,8.334163,False,0.142087,0.141252,0.050619,0.050726,-2.751410,-2.751444,0.000034,2.741903,2.742009,-0.000106,167.000000
4.552785968990065,-0.002591,1.322565,-1.709346,1.316542,0.004148,0.001768,-0.003782,-0.002818,1.326620,1.712473,1.306917,-0.010571,-0.004166,0.005457,-0.023442,0.776636,0.142918,-0.613075,0.369476,-0.256106,0.608233,0.146714,-0.611691,-0.023915,0.777005,-0.374907,-0.252886,0.603893,-0.023442,0.776636,0.142918,-0.613075,0.369476,-0.256106,0.608233,0.146714,-0.611691,-0.023915,0.777005,-0.374907,-0.252886,0.603893,0.450024,-0.002016,-0.000504,-0.000593,1,True,True,0.000033,-0.002536,0.002953,0.000007,-0.000008,-0.000041,0.000008,-0.000011,-0.000042,0.000008,-0.000011,-0.000042,0.000000,0.000007,-0.000008,-0.000041,True,0.000009,-0.000012,-0.000042,0.000009,-0.000012,-0.000042,-1.365677,-1.464995,-1.442270,1.682849,-1.365677,-1.464995,-1.442270,1.682849,0.000000,0.000000,0.000000,0.000000,0.000000,0.000000,0.000000,0.000000,-1449.255249,331.414215,874.442810,1322.467163,True,velocity,0.450024,0.449931,0.000000,0.000000,8.368631,False,0.142088,0.141252,0.050619,0.050726,-2.751410,-2.751444,0.000034,2.741903,2.742009,-0.000106,167.000000
4.586477122997167,-0.002589,1.322564,-1.709349,1.316546,0.004147,0.001767,-0.003784,-0.002818,1.326620,1.712472,1.306920,-0.010571,-0.004166,0.005455,-0.023442,0.776636,0.142918,-0.613075,0.369476,-0.256106,0.608233,0.146714,-0.611691,-0.023915,0.777005,-0.374907,-0.252886,0.603893,-0.023442,0.776636,0.142918,-0.613075,0.369476,-0.256106,0.608233,0.146714,-0.611691,-0.023915,0.777005,-0.374907,-0.252886,0.603893,0.450024,-0.002016,-0.000504,-0.000595,1,True,True,0.000033,-0.002537,0.002952,0.000007,-0.000008,-0.000040,0.000008,-0.000011,-0.000042,0.000008,-0.000011,-0.000042,0.000000,0.000007,-0.000008,-0.000040,True,0.000008,-0.000011,-0.000042,0.000008,-0.000011,-0.000042,-1.365465,-1.464995,-1.442270,1.682849,-1.365465,-1.464995,-1.442270,1.682849,0.000000,0.000000,0.000000,0.000000,0.000000,0.000000,0.000000,0.000000,-1449.255249,331.414215,874.442810,1322.467163,True,velocity,0.450024,0.449931,0.000000,0.000000,8.402460,False,0.142088,0.141252,0.050619,0.050726,-2.751410,-2.751444,0.000034,2.741903,2.742009,-0.000106,167.000000
4.6182945639884565,-0.002586,1.322564,-1.709351,1.316550,0.004147,0.001767,-0.003786,-0.002818,1.326620,1.712470,1.306923,-0.010571,-0.004166,0.005453,-0.023442,0.776636,0.142918,-0.613075,0.369476,-0.256106,0.608233,0.146714,-0.611691,-0.023915,0.777005,-0.374907,-0.252886,0.603893,-0.023442,0.776636,0.142918,-0.613075,0.369476,-0.256106,0.608233,0.146714,-0.611691,-0.023915,0.777005,-0.374907,-0.252886,0.603893,0.450023,-0.002016,-0.000504,-0.000596,1,True,True,0.000095,-0.002701,0.002907,0.000007,-0.000007,-0.000040,0.000008,-0.000010,-0.000041,0.000008,-0.000010,-0.000041,0.000000,0.000007,-0.000007,-0.000040,True,0.000008,-0.000011,-0.000042,0.000008,-0.000011,-0.000042,-1.365465,-1.464995,-1.442271,1.682811,-1.365677,-1.464995,-1.442270,1.682849,0.000000,0.000000,0.000000,0.000000,0.000000,0.000000,0.000000,0.000000,-1449.255249,331.414215,874.442810,1322.467163,True,velocity,0.450023,0.449931,0.000000,0.000000,8.434042,False,0.142088,0.141253,0.050619,0.050726,-2.751410,-2.751444,0.000034,2.741903,2.742009,-0.000106,167.000000
4.651870033994783,-0.002584,1.322564,-1.709354,1.316554,0.004146,0.001766,-0.003788,-0.002818,1.326620,1.712469,1.306925,-0.010571,-0.004166,0.005450,-0.023442,0.776636,0.142918,-0.613075,0.369476,-0.256106,0.608233,0.146714,-0.611691,-0.023915,0.777005,-0.374907,-0.252886,0.603893,-0.023442,0.776636,0.142918,-0.613075,0.369476,-0.256106,0.608233,0.146714,-0.611691,-0.023915,0.777005,-0.374907,-0.252886,0.603893,0.450022,-0.002016,-0.000505,-0.000597,1,True,True,0.000074,-0.002708,0.002894,0.000007,-0.000006,-0.000040,0.000008,-0.000009,-0.000041,0.000008,-0.000009,-0.000041,0.000000,0.000007,-0.000006,-0.000040,True,0.000008,-0.000010,-0.000041,0.000008,-0.000010,-0.000041,-1.365677,-1.464995,-1.442270,1.682811,-1.365677,-1.464995,-1.442269,1.682811,0.000000,0.000000,0.000000,0.000000,0.000000,0.000000,0.000000,0.000000,-1449.255249,331.414215,874.442810,1322.467163,True,velocity,0.450022,0.449931,0.000000,0.000000,8.467847,False,0.142089,0.141253,0.050619,0.050726,-2.751410,-2.751444,0.000034,2.741903,2.742009,-0.000106,167.000000
4.685582539008465,-0.002581,1.322563,-1.709356,1.316558,0.004146,0.001765,-0.003790,-0.002818,1.326620,1.712468,1.306927,-0.010571,-0.004166,0.005448,-0.023442,0.776636,0.142918,-0.613075,0.369476,-0.256106,0.608233,0.146714,-0.611691,-0.023915,0.777005,-0.374907,-0.252886,0.603893,-0.023442,0.776636,0.142918,-0.613075,0.369476,-0.256106,0.608233,0.146714,-0.611691,-0.023915,0.777005,-0.374907,-0.252886,0.603893,0.450022,-0.002017,-0.000505,-0.000599,1,True,True,0.000074,-0.002708,0.002893,0.000007,-0.000006,-0.000039,0.000008,-0.000009,-0.000041,0.000008,-0.000009,-0.000041,0.000000,0.000007,-0.000006,-0.000039,True,0.000008,-0.000009,-0.000041,0.000008,-0.000009,-0.000041,-1.365465,-1.464995,-1.442269,1.682887,-1.365465,-1.464995,-1.442269,1.682887,0.000000,0.000000,0.000000,0.000000,0.000000,0.000000,0.000000,0.000000,-1449.255249,331.414215,874.442810,1322.467163,True,velocity,0.450022,0.449931,0.000000,0.000000,8.501423,False,0.142089,0.141253,0.050619,0.050726,-2.751410,-2.751444,0.000034,2.741903,2.742009,-0.000106,167.000000
4.718436308990931,-0.002579,1.322563,-1.709358,1.316562,0.004145,0.001765,-0.003792,-0.002818,1.326620,1.712466,1.306930,-0.010571,-0.004166,0.005446,-0.023442,0.776636,0.142918,-0.613075,0.369476,-0.256106,0.608233,0.146714,-0.611691,-0.023915,0.777005,-0.374907,-0.252886,0.603893,-0.023442,0.776636,0.142918,-0.613075,0.369476,-0.256106,0.608233,0.146714,-0.611691,-0.023915,0.777005,-0.374907,-0.252886,0.603893,0.450021,-0.002017,-0.000505,-0.000600,1,True,True,0.000036,-0.002718,0.002945,0.000006,-0.000005,-0.000039,0.000007,-0.000008,-0.000041,0.000007,-0.000008,-0.000041,0.000000,0.000006,-0.000005,-0.000039,True,0.000008,-0.000009,-0.000041,0.000008,-0.000009,-0.000041,-1.365465,-1.464995,-1.442270,1.682887,-1.365465,-1.464995,-1.442270,1.682887,0.000000,0.000000,0.000000,0.000000,0.000000,0.000000,0.000000,0.000000,-1449.255249,331.414215,874.442810,1322.467163,True,velocity,0.450021,0.449931,0.000000,0.000000,8.534414,False,0.142089,0.141253,0.050619,0.050726,-2.751410,-2.751444,0.000034,2.741903,2.742009,-0.000106,167.000000
4.752163444005419,-0.002576,1.322563,-1.709360,1.316566,0.004145,0.001764,-0.003794,-0.002817,1.326620,1.712465,1.306932,-0.010571,-0.004166,0.005444,-0.023442,0.776636,0.142918,-0.613075,0.369476,-0.256106,0.608233,0.146714,-0.611691,-0.023915,0.777005,-0.374907,-0.252886,0.603893,-0.023442,0.776636,0.142918,-0.613075,0.369476,-0.256106,0.608233,0.146714,-0.611691,-0.023915,0.777005,-0.374907,-0.252886,0.603893,0.450021,-0.002017,-0.000505,-0.000601,1,True,True,0.000019,-0.002732,0.002933,0.000006,-0.000005,-0.000039,0.000007,-0.000008,-0.000040,0.000007,-0.000008,-0.000040,0.000000,0.000006,-0.000005,-0.000039,True,0.000007,-0.000008,-0.000041,0.000007,-0.000008,-0.000041,-1.365682,-1.464995,-1.442270,1.682849,-1.365682,-1.464815,-1.442271,1.682887,0.000000,0.000000,0.000000,0.000000,0.000000,0.000000,0.000000,0.000000,-1449.255249,331.414215,874.442810,1322.467163,True,velocity,0.450021,0.449931,0.000000,0.000000,8.568157,False,0.142090,0.141254,0.050619,0.050726,-2.751410,-2.751444,0.000034,2.741903,2.742009,-0.000106,167.000000
4.785897837980883,-0.002574,1.322562,-1.709363,1.316570,0.004144,0.001764,-0.003796,-0.002817,1.326620,1.712464,1.306934,-0.010571,-0.004166,0.005442,-0.023442,0.776636,0.142918,-0.613075,0.369476,-0.256106,0.608233,0.146714,-0.611691,-0.023915,0.777005,-0.374907,-0.252886,0.603893,-0.023442,0.776636,0.142918,-0.613075,0.369476,-0.256106,0.608233,0.146714,-0.611691,-0.023915,0.777005,-0.374907,-0.252886,0.603893,0.450020,-0.002017,-0.000506,-0.000603,1,True,True,0.000019,-0.002732,0.002932,0.000006,-0.000004,-0.000039,0.000007,-0.000007,-0.000040,0.000007,-0.000007,-0.000040,0.000000,0.000006,-0.000004,-0.000039,True,0.000007,-0.000008,-0.000040,0.000007,-0.000008,-0.000040,-1.365465,-1.464815,-1.442270,1.682811,-1.365465,-1.464995,-1.442270,1.682849,0.000000,0.000000,0.000000,0.000000,0.000000,0.000000,0.000000,0.000000,-1449.255249,331.414215,874.442810,1322.467163,True,velocity,0.450020,0.449931,0.000000,0.000000,8.601707,False,0.142090,0.141254,0.050619,0.050726,-2.751410,-2.751444,0.000034,2.741903,2.742009,-0.000106,167.000000
4.819016143999761,-0.002571,1.322562,-1.709365,1.316574,0.004144,0.001763,-0.003798,-0.002817,1.326620,1.712463,1.306937,-0.010571,-0.004166,0.005440,-0.023442,0.776636,0.142918,-0.613075,0.369476,-0.256106,0.608233,0.146714,-0.611691,-0.023915,0.777005,-0.374907,-0.252886,0.603893,-0.023442,0.776636,0.142918,-0.613075,0.369476,-0.256106,0.608233,0.146714,-0.611691,-0.023915,0.777005,-0.374907,-0.252886,0.603893,0.450020,-0.002017,-0.000506,-0.000604,1,True,True,0.000161,-0.002805,0.002920,0.000006,-0.000004,-0.000038,0.000007,-0.000006,-0.000040,0.000007,-0.000006,-0.000040,0.000000,0.000006,-0.000004,-0.000038,True,0.000007,-0.000007,-0.000040,0.000007,-0.000007,-0.000040,-1.365465,-1.464995,-1.442270,1.682887,-1.365253,-1.464995,-1.442270,1.682887,0.000000,0.000000,0.000000,0.000000,0.000000,0.000000,0.000000,0.000000,-1449.255249,331.414215,874.442810,1322.467163,True,velocity,0.450020,0.449931,0.000000,0.000000,8.635031,False,0.142090,0.141254,0.050619,0.050726,-2.751410,-2.751444,0.000034,2.741903,2.742009,-0.000106,167.000000
4.852536057995167,-0.002569,1.322562,-1.709367,1.316577,0.004143,0.001763,-0.003800,-0.002817,1.326620,1.712461,1.306939,-0.010571,-0.004166,0.005438,-0.023442,0.776636,0.142918,-0.613075,0.369476,-0.256106,0.608233,0.146714,-0.611691,-0.023915,0.777005,-0.374907,-0.252886,0.603893,-0.023442,0.776636,0.142918,-0.613075,0.369476,-0.256106,0.608233,0.146714,-0.611691,-0.023915,0.777005,-0.374907,-0.252886,0.603893,0.450019,-0.002017,-0.000506,-0.000605,1,True,True,0.000152,-0.002822,0.002924,0.000006,-0.000004,-0.000038,0.000007,-0.000006,-0.000039,0.000007,-0.000006,-0.000039,0.000000,0.000006,-0.000004,-0.000038,True,0.000007,-0.000006,-0.000040,0.000007,-0.000006,-0.000040,-1.365465,-1.464815,-1.442270,1.682887,-1.365465,-1.464815,-1.442270,1.682887,0.000000,0.000000,0.000000,0.000000,0.000000,0.000000,0.000000,0.000000,-1449.255249,331.414215,874.442810,1322.467163,True,velocity,0.450019,0.449931,0.000000,0.000000,8.668511,False,0.142091,0.141254,0.050619,0.050726,-2.751410,-2.751444,0.000034,2.741903,2.742009,-0.000106,167.000000
4.886653691006359,-0.002567,1.322562,-1.709369,1.316581,0.004143,0.001762,-0.003802,-0.002817,1.326620,1.712460,1.306941,-0.010571,-0.004166,0.005436,-0.023442,0.776636,0.142918,-0.613075,0.369476,-0.256106,0.608233,0.146714,-0.611691,-0.023915,0.777005,-0.374907,-0.252886,0.603893,-0.023442,0.776636,0.142918,-0.613075,0.369476,-0.256106,0.608233,0.146714,-0.611691,-0.023915,0.777005,-0.374907,-0.252886,0.603893,0.450019,-0.002017,-0.000506,-0.000606,1,True,True,0.000152,-0.002822,0.002923,0.000006,-0.000003,-0.000038,0.000006,-0.000005,-0.000039,0.000006,-0.000005,-0.000039,0.000000,0.000006,-0.000003,-0.000038,True,0.000007,-0.000006,-0.000039,0.000007,-0.000006,-0.000039,-1.365465,-1.464995,-1.442270,1.682887,-1.365465,-1.464815,-1.442270,1.682811,0.000000,0.000000,0.000000,0.000000,0.000000,0.000000,0.000000,0.000000,-1449.255249,331.414215,874.442810,1322.467163,True,velocity,0.450019,0.449931,0.000000,0.000000,8.702490,False,0.142091,0.141254,0.050619,0.050726,-2.751410,-2.751444,0.000034,2.741903,2.742009,-0.000106,167.000000
4.9198456989834085,-0.002564,1.322562,-1.709371,1.316585,0.004143,0.001762,-0.003804,-0.002816,1.326620,1.712459,1.306943,-0.010571,-0.004166,0.005434,-0.023442,0.776636,0.142918,-0.613075,0.369476,-0.256106,0.608233,0.146714,-0.611691,-0.023915,0.777005,-0.374907,-0.252886,0.603893,-0.023442,0.776636,0.142918,-0.613075,0.369476,-0.256106,0.608233,0.146714,-0.611691,-0.023915,0.777005,-0.374907,-0.252886,0.603893,0.450018,-0.002018,-0.000506,-0.000608,1,True,True,0.000137,-0.002669,0.002877,0.000006,-0.000003,-0.000038,0.000006,-0.000005,-0.000039,0.000006,-0.000005,-0.000039,0.000000,0.000006,-0.000003,-0.000038,True,0.000006,-0.000005,-0.000039,0.000006,-0.000005,-0.000039,-1.365465,-1.464815,-1.442270,1.682849,-1.365465,-1.464815,-1.442270,1.682849,0.000000,0.000000,0.000000,0.000000,0.000000,0.000000,0.000000,0.000000,-1449.255249,331.414215,874.442810,1322.467163,True,velocity,0.450018,0.449931,0.000000,0.000000,8.735768,False,0.142091,0.141255,0.050619,0.050726,-2.751410,-2.751444,0.000034,2.741903,2.742009,-0.000106,167.000000
4.9528282639803365,-0.002562,1.322562,-1.709373,1.316589,0.004142,0.001762,-0.003806,-0.002816,1.326620,1.712458,1.306945,-0.010571,-0.004165,0.005432,-0.023442,0.776636,0.142918,-0.613075,0.369476,-0.256106,0.608233,0.146714,-0.611691,-0.023915,0.777005,-0.374907,-0.252886,0.603893,-0.023442,0.776636,0.142918,-0.613075,0.369476,-0.256106,0.608233,0.146714,-0.611691,-0.023915,0.777005,-0.374907,-0.252886,0.603893,0.450018,-0.002018,-0.000506,-0.000609,1,True,True,0.000127,-0.002678,0.002900,0.000005,-0.000002,-0.000037,0.000006,-0.000004,-0.000039,0.000006,-0.000004,-0.000039,0.000000,0.000005,-0.000002,-0.000037,True,0.000006,-0.000005,-0.000039,0.000006,-0.000005,-0.000039,-1.365465,-1.464995,-1.442270,1.682849,-1.365465,-1.464995,-1.442270,1.682849,0.000000,0.000000,0.000000,0.000000,0.000000,0.000000,0.000000,0.000000,-1449.255249,331.414215,874.442810,1322.467163,True,velocity,0.450018,0.449931,0.000000,0.000000,8.768533,False,0.142092,0.141255,0.050619,0.050726,-2.751410,-2.751444,0.000034,2.741903,2.742009,-0.000106,167.000000
4.9891371080011595,-0.002560,1.322561,-1.709375,1.316593,0.004142,0.001761,-0.003807,-0.002816,1.326620,1.712457,1.306947,-0.010571,-0.004165,0.005430,-0.023442,0.776636,0.142918,-0.613075,0.369476,-0.256106,0.608233,0.146714,-0.611691,-0.023915,0.777005,-0.374907,-0.252886,0.603893,-0.023442,0.776636,0.142918,-0.613075,0.369476,-0.256106,0.608233,0.146714,-0.611691,-0.023915,0.777005,-0.374907,-0.252886,0.603893,0.450017,-0.002018,-0.000507,-0.000610,1,True,True,0.000127,-0.002678,0.002899,0.000005,-0.000002,-0.000037,0.000006,-0.000004,-0.000038,0.000006,-0.000004,-0.000038,0.000000,0.000005,-0.000002,-0.000037,True,0.000006,-0.000004,-0.000039,0.000006,-0.000004,-0.000039,-1.365465,-1.464995,-1.442270,1.682849,-1.365465,-1.464815,-1.442270,1.682849,0.000000,0.000000,0.000000,0.000000,0.000000,0.000000,0.000000,0.000000,-1449.255249,331.414215,874.442810,1322.467163,True,velocity,0.450017,0.449931,0.000000,0.000000,8.803906,False,0.142092,0.141255,0.050619,0.050726,-2.751410,-2.751444,0.000034,2.741903,2.742009,-0.000106,167.000000
5.0220624509966,-0.002558,1.322561,-1.709377,1.316596,0.004142,0.001761,-0.003809,-0.002816,1.326620,1.712455,1.306949,-0.010571,-0.004165,0.005428,-0.023442,0.776636,0.142918,-0.613075,0.369476,-0.256106,0.608233,0.146714,-0.611691,-0.023915,0.777005,-0.374907,-0.252886,0.603893,-0.023442,0.776636,0.142918,-0.613075,0.369476,-0.256106,0.608233,0.146714,-0.611691,-0.023915,0.777005,-0.374907,-0.252886,0.603893,0.450017,-0.002018,-0.000507,-0.000611,1,True,True,0.000104,-0.002685,0.002933,0.000005,-0.000002,-0.000037,0.000006,-0.000004,-0.000038,0.000006,-0.000004,-0.000038,0.000000,0.000005,-0.000002,-0.000037,True,0.000006,-0.000004,-0.000038,0.000006,-0.000004,-0.000038,-1.365465,-1.464815,-1.442270,1.682925,-1.365465,-1.464815,-1.442270,1.682925,0.000000,0.000000,0.000000,0.000000,0.000000,0.000000,0.000000,0.000000,-1449.255249,331.414215,874.442810,1322.467163,True,velocity,0.450017,0.449931,0.000000,0.000000,8.837942,False,0.142092,0.141255,0.050619,0.050726,-2.751410,-2.751444,0.000034,2.741903,2.742009,-0.000106,167.000000
5.057751243002713,-0.002555,1.322561,-1.709379,1.316600,0.004142,0.001761,-0.003811,-0.002815,1.326619,1.712454,1.306951,-0.010571,-0.004165,0.005426,-0.023442,0.776636,0.142918,-0.613075,0.369476,-0.256106,0.608233,0.146714,-0.611691,-0.023915,0.777005,-0.374907,-0.252886,0.603893,-0.023442,0.776636,0.142918,-0.613075,0.369476,-0.256106,0.608233,0.146714,-0.611691,-0.023915,0.777005,-0.374907,-0.252886,0.603893,0.450016,-0.002018,-0.000507,-0.000613,1,True,True,0.000064,-0.002570,0.002895,0.000005,-0.000001,-0.000037,0.000006,-0.000003,-0.000038,0.000006,-0.000003,-0.000038,0.000000,0.000005,-0.000001,-0.000037,True,0.000006,-0.000004,-0.000038,0.000006,-0.000004,-0.000038,-1.365465,-1.464815,-1.442270,1.682925,-1.365465,-1.464815,-1.442270,1.682925,0.000000,0.000000,0.000000,0.000000,0.000000,0.000000,0.000000,0.000000,-1449.255249,331.414215,874.442810,1322.467163,True,velocity,0.450016,0.449931,0.000000,0.000000,8.873089,False,0.142093,0.141255,0.050619,0.050726,-2.751410,-2.751444,0.000034,2.741903,2.742009,-0.000106,167.000000
5.089569203002611,-0.002553,1.322561,-1.709381,1.316604,0.004141,0.001760,-0.003813,-0.002815,1.326619,1.712453,1.306953,-0.010571,-0.004165,0.005424,-0.023442,0.776636,0.142918,-0.613075,0.369476,-0.256106,0.608233,0.146714,-0.611691,-0.023915,0.777005,-0.374907,-0.252886,0.603893,-0.023442,0.776636,0.142918,-0.613075,0.369476,-0.256106,0.608233,0.146714,-0.611691,-0.023915,0.777005,-0.374907,-0.252886,0.603893,0.450016,-0.002018,-0.000507,-0.000614,1,True,True,0.000064,-0.002570,0.002893,0.000005,-0.000001,-0.000037,0.000006,-0.000003,-0.000038,0.000006,-0.000003,-0.000038,0.000000,0.000005,-0.000001,-0.000037,True,0.000006,-0.000003,-0.000038,0.000006,-0.000003,-0.000038,-1.365677,-1.464815,-1.442270,1.682925,-1.365889,-1.464815,-1.442270,1.682925,0.000000,0.000000,0.000000,0.000000,0.000000,0.000000,0.000000,0.000000,-1449.255249,331.414215,874.442810,1322.467163,True,velocity,0.450016,0.449931,0.000000,0.000000,8.905285,False,0.142093,0.141255,0.050619,0.050726,-2.751410,-2.751444,0.000034,2.741903,2.742009,-0.000106,167.000000
5.1222273809835315,-0.002551,1.322561,-1.709383,1.316607,0.004141,0.001760,-0.003815,-0.002815,1.326619,1.712452,1.306954,-0.010570,-0.004164,0.005422,-0.023442,0.776636,0.142918,-0.613075,0.369476,-0.256106,0.608233,0.146714,-0.611691,-0.023915,0.777005,-0.374907,-0.252886,0.603893,-0.023442,0.776636,0.142918,-0.613075,0.369476,-0.256106,0.608233,0.146714,-0.611691,-0.023915,0.777005,-0.374907,-0.252886,0.603893,0.450015,-0.002018,-0.000507,-0.000615,1,True,True,0.000077,-0.002651,0.002899,0.000005,-0.000001,-0.000036,0.000005,-0.000002,-0.000037,0.000005,-0.000002,-0.000037,0.000000,0.000005,-0.000001,-0.000036,True,0.000006,-0.000003,-0.000038,0.000006,-0.000003,-0.000038,-1.365465,-1.464815,-1.442270,1.682811,-1.365465,-1.464815,-1.442272,1.682849,0.000000,0.000000,0.000000,0.000000,0.000000,0.000000,0.000000,0.000000,-1449.255249,331.414215,874.442810,1322.467163,True,velocity,0.450015,0.449931,0.000000,0.000000,8.938205,False,0.142093,0.141256,0.050619,0.050726,-2.751410,-2.751444,0.000034,2.741903,2.742009,-0.000106,167.000000
5.153311122994637,-0.002549,1.322561,-1.709385,1.316611,0.004141,0.001760,-0.003817,-0.002814,1.326619,1.712451,1.306956,-0.010570,-0.004164,0.005420,-0.023442,0.776636,0.142918,-0.613075,0.369476,-0.256106,0.608233,0.146714,-0.611691,-0.023915,0.777005,-0.374907,-0.252886,0.603893,-0.023442,0.776636,0.142918,-0.613075,0.369476,-0.256106,0.608233,0.146714,-0.611691,-0.023915,0.777005,-0.374907,-0.252886,0.603893,0.450015,-0.002018,-0.000508,-0.000616,1,True,True,0.000060,-0.002651,0.002929,0.000005,-0.000000,-0.000036,0.000005,-0.000002,-0.000037,0.000005,-0.000002,-0.000037,0.000000,0.000005,-0.000000,-0.000036,True,0.000005,-0.000002,-0.000037,0.000005,-0.000002,-0.000037,-1.365465,-1.464815,-1.442270,1.682811,-1.365465,-1.465282,-1.442270,1.682849,0.000000,0.000000,0.000000,0.000000,0.000000,0.000000,0.000000,0.000000,-1449.255249,331.414215,874.442810,1322.467163,True,velocity,0.450015,0.449931,0.000000,0.000000,8.969277,False,0.142094,0.141256,0.050618,0.050726,-2.751410,-2.751444,0.000034,2.741903,2.742009,-0.000106,167.000000
5.18744686699938,-0.002547,1.322561,-1.709387,1.316615,0.004141,0.001759,-0.003819,-0.002814,1.326619,1.712450,1.306958,-0.010570,-0.004164,0.005419,-0.023442,0.776636,0.142918,-0.613075,0.369476,-0.256106,0.608233,0.146714,-0.611691,-0.023915,0.777005,-0.374907,-0.252886,0.603893,-0.023442,0.776636,0.142918,-0.613075,0.369476,-0.256106,0.608233,0.146714,-0.611691,-0.023915,0.777005,-0.374907,-0.252886,0.603893,0.450014,-0.002018,-0.000508,-0.000617,1,True,True,0.000060,-0.002651,0.002928,0.000005,0.000000,-0.000036,0.000005,-0.000002,-0.000037,0.000005,-0.000002,-0.000037,0.000000,0.000005,0.000000,-0.000036,True,0.000005,-0.000002,-0.000037,0.000005,-0.000002,-0.000037,-1.365465,-1.465282,-1.442270,1.682849,-1.365465,-1.465282,-1.442270,1.682849,0.000000,0.000000,0.000000,0.000000,0.000000,0.000000,0.000000,0.000000,-1449.255249,331.414215,874.442810,1322.467163,True,velocity,0.450014,0.449931,0.000000,0.000000,9.003436,False,0.142094,0.141256,0.050618,0.050726,-2.751410,-2.751444,0.000034,2.741903,2.742009,-0.000106,167.000000
5.220812874002149,-0.002545,1.322561,-1.709389,1.316618,0.004141,0.001759,-0.003821,-0.002814,1.326618,1.712449,1.306960,-0.010570,-0.004164,0.005417,-0.023442,0.776636,0.142918,-0.613075,0.369476,-0.256106,0.608233,0.146714,-0.611691,-0.023915,0.777005,-0.374907,-0.252886,0.603893,-0.023442,0.776636,0.142918,-0.613075,0.369476,-0.256106,0.608233,0.146714,-0.611691,-0.023915,0.777005,-0.374907,-0.252886,0.603893,0.450014,-0.002018,-0.000508,-0.000619,1,True,True,0.000097,-0.002601,0.002897,0.000005,0.000000,-0.000036,0.000005,-0.000001,-0.000037,0.000005,-0.000001,-0.000037,0.000000,0.000005,0.000000,-0.000036,True,0.000005,-0.000002,-0.000037,0.000005,-0.000002,-0.000037,-1.365465,-1.465282,-1.442270,1.682811,-1.365465,-1.465282,-1.442272,1.682811,0.000000,0.000000,0.000000,0.000000,0.000000,0.000000,0.000000,0.000000,-1449.255249,331.414215,874.442810,1322.467163,True,velocity,0.450014,0.449931,0.000000,0.000000,9.036106,False,0.142094,0.141256,0.050618,0.050726,-2.751410,-2.751444,0.000034,2.741903,2.742009,-0.000106,167.000000
5.254641342005925,-0.002543,1.322561,-1.709391,1.316622,0.004140,0.001759,-0.003822,-0.002813,1.326618,1.712448,1.306961,-0.010570,-0.004163,0.005415,-0.023442,0.776636,0.142918,-0.613075,0.369476,-0.256106,0.608233,0.146714,-0.611691,-0.023915,0.777005,-0.374907,-0.252886,0.603893,-0.023442,0.776636,0.142918,-0.613075,0.369476,-0.256106,0.608233,0.146714,-0.611691,-0.023915,0.777005,-0.374907,-0.252886,0.603893,0.450013,-0.002018,-0.000508,-0.000620,1,True,True,0.000084,-0.002593,0.002916,0.000004,0.000001,-0.000035,0.000005,-0.000001,-0.000036,0.000005,-0.000001,-0.000036,0.000000,0.000004,0.000001,-0.000035,True,0.000005,-0.000001,-0.000037,0.000005,-0.000001,-0.000037,-1.365677,-1.465282,-1.442271,1.682811,-1.365465,-1.464815,-1.442270,1.682887,0.000000,0.000000,0.000000,0.000000,0.000000,0.000000,0.000000,0.000000,-1449.255249,331.414215,874.442810,1322.467163,True,velocity,0.450013,0.449931,0.000000,0.000000,9.070615,False,0.142095,0.141256,0.050618,0.050726,-2.751410,-2.751444,0.000034,2.741903,2.742009,-0.000106,167.000000
5.286967410997022,-0.002540,1.322561,-1.709392,1.316626,0.004140,0.001759,-0.003824,-0.002813,1.326618,1.712447,1.306963,-0.010569,-0.004163,0.005413,-0.023442,0.776636,0.142918,-0.613075,0.369476,-0.256106,0.608233,0.146714,-0.611691,-0.023915,0.777005,-0.374907,-0.252886,0.603893,-0.023442,0.776636,0.142918,-0.613075,0.369476,-0.256106,0.608233,0.146714,-0.611691,-0.023915,0.777005,-0.374907,-0.252886,0.603893,0.450013,-0.002018,-0.000508,-0.000621,1,True,True,0.000084,-0.002593,0.002915,0.000004,0.000001,-0.000035,0.000005,-0.000001,-0.000036,0.000005,-0.000001,-0.000036,0.000000,0.000004,0.000001,-0.000035,True,0.000005,-0.000001,-0.000036,0.000005,-0.000001,-0.000036,-1.365465,-1.464995,-1.442270,1.682849,-1.365677,-1.464995,-1.442270,1.682811,0.000000,0.000000,0.000000,0.000000,0.000000,0.000000,0.000000,0.000000,-1449.255249,331.414215,874.442810,1322.467163,True,velocity,0.450013,0.449931,0.000000,0.000000,9.102949,False,0.142095,0.141256,0.050618,0.050726,-2.751410,-2.751444,0.000034,2.741903,2.742009,-0.000106,167.000000
5.321302634984022,-0.002538,1.322561,-1.709394,1.316629,0.004140,0.001759,-0.003826,-0.002813,1.326617,1.712446,1.306964,-0.010569,-0.004163,0.005412,-0.023442,0.776636,0.142918,-0.613075,0.369476,-0.256106,0.608233,0.146714,-0.611691,-0.023915,0.777005,-0.374907,-0.252886,0.603893,-0.023442,0.776636,0.142918,-0.613075,0.369476,-0.256106,0.608233,0.146714,-0.611691,-0.023915,0.777005,-0.374907,-0.252886,0.603893,0.450012,-0.002018,-0.000508,-0.000622,1,True,True,0.000133,-0.002632,0.002921,0.000004,0.000001,-0.000035,0.000005,-0.000000,-0.000036,0.000005,-0.000000,-0.000036,0.000000,0.000004,0.000001,-0.000035,True,0.000005,-0.000001,-0.000036,0.000005,-0.000001,-0.000036,-1.365677,-1.464995,-1.442270,1.682849,-1.365465,-1.464815,-1.442270,1.682849,0.000000,0.000000,0.000000,0.000000,0.000000,0.000000,0.000000,0.000000,-1449.255249,331.414215,874.442810,1322.467163,True,velocity,0.450012,0.449931,0.000000,0.000000,9.136845,False,0.142095,0.141256,0.050618,0.050726,-2.751410,-2.751444,0.000034,2.741903,2.742009,-0.000106,167.000000
5.362639914994361,-0.002536,1.322561,-1.709396,1.316633,0.004140,0.001759,-0.003828,-0.002812,1.326617,1.712445,1.306966,-0.010569,-0.004162,0.005410,-0.023442,0.776636,0.142918,-0.613075,0.369476,-0.256106,0.608233,0.146714,-0.611691,-0.023915,0.777005,-0.374907,-0.252886,0.603893,-0.023442,0.776636,0.142918,-0.613075,0.369476,-0.256106,0.608233,0.146714,-0.611691,-0.023915,0.777005,-0.374907,-0.252886,0.603893,0.450012,-0.002018,-0.000508,-0.000623,1,True,True,0.000121,-0.002647,0.002885,0.000004,0.000001,-0.000035,0.000005,0.000000,-0.000036,0.000005,0.000000,-0.000036,0.000000,0.000004,0.000001,-0.000035,True,0.000005,-0.000000,-0.000036,0.000005,-0.000000,-0.000036,-1.365677,-1.465282,-1.442270,1.682811,-1.365677,-1.465282,-1.442270,1.682811,0.000000,0.000000,0.000000,0.000000,0.000000,0.000000,0.000000,0.000000,-1449.255249,331.414215,874.442810,1322.467163,True,velocity,0.450012,0.449931,0.000000,0.000000,9.178238,False,0.142096,0.141257,0.050618,0.050726,-2.751410,-2.751444,0.000034,2.741903,2.742009,-0.000106,167.000000
5.390061916987179,-0.002534,1.322561,-1.709398,1.316636,0.004140,0.001758,-0.003830,-0.002812,1.326617,1.712444,1.306967,-0.010569,-0.004162,0.005408,-0.023442,0.776636,0.142918,-0.613075,0.369476,-0.256106,0.608233,0.146714,-0.611691,-0.023915,0.777005,-0.374907,-0.252886,0.603893,-0.023442,0.776636,0.142918,-0.613075,0.369476,-0.256106,0.608233,0.146714,-0.611691,-0.023915,0.777005,-0.374907,-0.252886,0.603893,0.450011,-0.002018,-0.000509,-0.000625,1,True,True,0.000121,-0.002647,0.002884,0.000004,0.000002,-0.000035,0.000005,0.000000,-0.000036,0.000005,0.000000,-0.000036,0.000000,0.000004,0.000002,-0.000035,True,0.000005,0.000000,-0.000036,0.000005,0.000000,-0.000036,-1.365465,-1.465282,-1.442270,1.682734,-1.365465,-1.464995,-1.442270,1.682772,0.000000,0.000000,0.000000,0.000000,0.000000,0.000000,0.000000,0.000000,-1449.255249,331.414215,874.442810,1322.467163,True,velocity,0.450011,0.449931,0.000000,0.000000,9.205912,False,0.142096,0.141257,0.050618,0.050726,-2.751410,-2.751444,0.000034,2.741903,2.742009,-0.000106,167.000000
5.42402623599628,-0.002532,1.322562,-1.709399,1.316640,0.004140,0.001758,-0.003831,-0.002811,1.326616,1.712443,1.306969,-0.010568,-0.004162,0.005407,-0.023442,0.776636,0.142918,-0.613075,0.369476,-0.256106,0.608233,0.146714,-0.611691,-0.023915,0.777005,-0.374907,-0.252886,0.603893,-0.023442,0.776636,0.142918,-0.613075,0.369476,-0.256106,0.608233,0.146714,-0.611691,-0.023915,0.777005,-0.374907,-0.252886,0.603893,0.450011,-0.002018,-0.000509,-0.000626,1,True,True,0.000133,-0.002677,0.002885,0.000004,0.000002,-0.000034,0.000004,0.000001,-0.000035,0.000004,0.000001,-0.000035,0.000000,0.000004,0.000002,-0.000034,True,0.000005,0.000000,-0.000036,0.000005,0.000000,-0.000036,-1.365465,-1.465463,-1.442271,1.682811,-1.365465,-1.465463,-1.442271,1.682811,0.000000,0.000000,0.000000,0.000000,0.000000,0.000000,0.000000,0.000000,-1449.255249,331.414215,874.442810,1322.467163,True,velocity,0.450011,0.449931,0.000000,0.000000,9.237973,False,0.142096,0.141257,0.050618,0.050726,-2.751410,-2.751444,0.000034,2.741903,2.742009,-0.000106,167.000000
5.45454133299063,-0.002530,1.322562,-1.709401,1.316643,0.004140,0.001758,-0.003833,-0.002811,1.326616,1.712442,1.306970,-0.010568,-0.004161,0.005405,-0.023442,0.776636,0.142918,-0.613075,0.369476,-0.256106,0.608233,0.146714,-0.611691,-0.023915,0.777005,-0.374907,-0.252886,0.603893,-0.023442,0.776636,0.142918,-0.613075,0.369476,-0.256106,0.608233,0.146714,-0.611691,-0.023915,0.777005,-0.374907,-0.252886,0.603893,0.450010,-0.002018,-0.000509,-0.000627,1,True,True,0.000133,-0.002677,0.002884,0.000004,0.000002,-0.000034,0.000004,0.000001,-0.000035,0.000004,0.000001,-0.000035,0.000000,0.000004,0.000002,-0.000034,True,0.000004,0.000001,-0.000035,0.000004,0.000001,-0.000035,-1.365465,-1.465463,-1.442270,1.682811,-1.365465,-1.464815,-1.442270,1.682772,0.000000,0.000000,0.000000,0.000000,0.000000,0.000000,0.000000,0.000000,-1449.255249,331.414215,874.442810,1322.467163,True,velocity,0.450010,0.449931,0.000000,0.000000,9.270539,False,0.142097,0.141257,0.050618,0.050726,-2.751410,-2.751444,0.000034,2.741903,2.742009,-0.000106,167.000000
5.487889156007441,-0.002528,1.322562,-1.709403,1.316646,0.004140,0.001758,-0.003835,-0.002810,1.326616,1.712441,1.306971,-0.010568,-0.004161,0.005404,-0.023442,0.776636,0.142918,-0.613075,0.369476,-0.256106,0.608233,0.146714,-0.611691,-0.023915,0.777005,-0.374907,-0.252886,0.603893,-0.023442,0.776636,0.142918,-0.613075,0.369476,-0.256106,0.608233,0.146714,-0.611691,-0.023915,0.777005,-0.374907,-0.252886,0.603893,0.450010,-0.002017,-0.000509,-0.000628,1,True,True,0.000123,-0.002683,0.002901,0.000004,0.000002,-0.000034,0.000004,0.000001,-0.000035,0.000004,0.000001,-0.000035,0.000000,0.000004,0.000002,-0.000034,True,0.000004,0.000001,-0.000035,0.000004,0.000001,-0.000035,-1.365677,-1.464815,-1.442270,1.682811,-1.365677,-1.465282,-1.442270,1.682811,0.000000,0.000000,0.000000,0.000000,0.000000,0.000000,0.000000,0.000000,-1449.255249,331.414215,874.442810,1322.467163,True,velocity,0.450010,0.449931,0.000000,0.000000,9.303897,False,0.142097,0.141257,0.050618,0.050726,-2.751410,-2.751444,0.000034,2.741903,2.742009,-0.000106,167.000000
5.5208951469976455,-0.002526,1.322562,-1.709404,1.316650,0.004140,0.001758,-0.003837,-0.002810,1.326615,1.712440,1.306973,-0.010568,-0.004161,0.005402,-0.023442,0.776636,0.142918,-0.613075,0.369476,-0.256106,0.608233,0.146714,-0.611691,-0.023915,0.777005,-0.374907,-0.252886,0.603893,-0.023442,0.776636,0.142918,-0.613075,0.369476,-0.256106,0.608233,0.146714,-0.611691,-0.023915,0.777005,-0.374907,-0.252886,0.603893,0.450009,-0.002017,-0.000509,-0.000629,1,True,True,0.000204,-0.002692,0.002912,0.000004,0.000002,-0.000034,0.000004,0.000001,-0.000035,0.000004,0.000001,-0.000035,0.000000,0.000004,0.000002,-0.000034,True,0.000004,0.000001,-0.000035,0.000004,0.000001,-0.000035,-1.365465,-1.464815,-1.442270,1.682811,-1.365677,-1.464815,-1.442271,1.682811,0.000000,0.000000,0.000000,0.000000,0.000000,0.000000,0.000000,0.000000,-1449.255249,331.414215,874.442810,1322.467163,True,velocity,0.450009,0.449931,0.000000,0.000000,9.336598,False,0.142097,0.141257,0.050618,0.050726,-2.751410,-2.751444,0.000034,2.741903,2.742009,-0.000106,167.000000
5.5548021139984485,-0.002524,1.322562,-1.709406,1.316653,0.004140,0.001758,-0.003839,-0.002810,1.326615,1.712439,1.306974,-0.010567,-0.004160,0.005401,-0.023442,0.776636,0.142918,-0.613075,0.369476,-0.256106,0.608233,0.146714,-0.611691,-0.023915,0.777005,-0.374907,-0.252886,0.603893,-0.023442,0.776636,0.142918,-0.613075,0.369476,-0.256106,0.608233,0.146714,-0.611691,-0.023915,0.777005,-0.374907,-0.252886,0.603893,0.450009,-0.002017,-0.000509,-0.000630,1,True,True,0.000204,-0.002692,0.002910,0.000004,0.000003,-0.000034,0.000004,0.000002,-0.000035,0.000004,0.000002,-0.000035,0.000000,0.000004,0.000003,-0.000034,True,0.000004,0.000001,-0.000035,0.000004,0.000001,-0.000035,-1.365677,-1.464995,-1.442270,1.682811,-1.365677,-1.464995,-1.442270,1.682811,0.000000,0.000000,0.000000,0.000000,0.000000,0.000000,0.000000,0.000000,-1449.255249,331.414215,874.442810,1322.467163,True,velocity,0.450009,0.449931,0.000000,0.000000,9.370373,False,0.142098,0.141257,0.050618,0.050726,-2.751410,-2.751444,0.000034,2.741903,2.742009,-0.000106,167.000000
5.591168179991655,-0.002522,1.322562,-1.709407,1.316657,0.004140,0.001758,-0.003840,-0.002809,1.326614,1.712438,1.306975,-0.010567,-0.004160,0.005399,-0.023442,0.776636,0.142918,-0.613075,0.369476,-0.256106,0.608233,0.146714,-0.611691,-0.023915,0.777005,-0.374907,-0.252886,0.603893,-0.023442,0.776636,0.142918,-0.613075,0.369476,-0.256106,0.608233,0.146714,-0.611691,-0.023915,0.777005,-0.374907,-0.252886,0.603893,0.450009,-0.002017,-0.000509,-0.000631,1,True,True,0.000196,-0.002693,0.002932,0.000004,0.000003,-0.000033,0.000004,0.000002,-0.000034,0.000004,0.000002,-0.000034,0.000000,0.000004,0.000003,-0.000033,True,0.000004,0.000002,-0.000035,0.000004,0.000002,-0.000035,-1.365465,-1.464995,-1.442270,1.682811,-1.365035,-1.464995,-1.442270,1.682811,0.000000,0.000000,0.000000,0.000000,0.000000,0.000000,0.000000,0.000000,-1449.255249,331.414215,874.442810,1322.467163,True,velocity,0.450009,0.449931,0.000000,0.000000,9.407169,False,0.142098,0.141257,0.050618,0.050726,-2.751410,-2.751444,0.000034,2.741903,2.742009,-0.000106,167.000000
5.6206389860017225,-0.002520,1.322562,-1.709409,1.316660,0.004139,0.001758,-0.003842,-0.002809,1.326614,1.712437,1.306977,-0.010567,-0.004160,0.005398,-0.023442,0.776636,0.142918,-0.613075,0.369476,-0.256106,0.608233,0.146714,-0.611691,-0.023915,0.777005,-0.374907,-0.252886,0.603893,-0.023442,0.776636,0.142918,-0.613075,0.369476,-0.256106,0.608233,0.146714,-0.611691,-0.023915,0.777005,-0.374907,-0.252886,0.603893,0.450008,-0.002017,-0.000509,-0.000632,1,True,True,0.000171,-0.002728,0.002920,0.000003,0.000003,-0.000033,0.000004,0.000002,-0.000034,0.000004,0.000002,-0.000034,0.000000,0.000003,0.000003,-0.000033,True,0.000004,0.000002,-0.000034,0.000004,0.000002,-0.000034,-1.365677,-1.464815,-1.442270,1.682811,-1.365465,-1.464815,-1.442270,1.682811,0.000000,0.000000,0.000000,0.000000,0.000000,0.000000,0.000000,0.000000,-1449.255249,331.414215,874.442810,1322.467163,True,velocity,0.450008,0.449931,0.000000,0.000000,9.436638,False,0.142098,0.141258,0.050618,0.050726,-2.751410,-2.751444,0.000034,2.741903,2.742009,-0.000106,167.000000
5.655096042988589,-0.002519,1.322563,-1.709411,1.316663,0.004139,0.001758,-0.003844,-0.002808,1.326613,1.712436,1.306978,-0.010566,-0.004159,0.005396,-0.023442,0.776636,0.142918,-0.613075,0.369476,-0.256106,0.608233,0.146714,-0.611691,-0.023915,0.777005,-0.374907,-0.252886,0.603893,-0.023442,0.776636,0.142918,-0.613075,0.369476,-0.256106,0.608233,0.146714,-0.611691,-0.023915,0.777005,-0.374907,-0.252886,0.603893,0.450008,-0.002017,-0.000510,-0.000634,1,True,True,0.000172,-0.002728,0.002918,0.000003,0.000003,-0.000033,0.000004,0.000002,-0.000034,0.000004,0.000002,-0.000034,0.000000,0.000003,0.000003,-0.000033,True,0.000004,0.000002,-0.000034,0.000004,0.000002,-0.000034,-1.365677,-1.464995,-1.442270,1.682811,-1.365677,-1.464995,-1.442270,1.682811,0.000000,0.000000,0.000000,0.000000,0.000000,0.000000,0.000000,0.000000,-1449.255249,331.414215,874.442810,1322.467163,True,velocity,0.450008,0.449931,0.000000,0.000000,9.470967,False,0.142098,0.141258,0.050618,0.050726,-2.751410,-2.751444,0.000034,2.741903,2.742009,-0.000106,167.000000
5.6877425169805065,-0.002517,1.322563,-1.709412,1.316667,0.004139,0.001758,-0.003845,-0.002808,1.326613,1.712435,1.306979,-0.010566,-0.004159,0.005395,-0.023442,0.776636,0.142918,-0.613075,0.369476,-0.256106,0.608233,0.146714,-0.611691,-0.023915,0.777005,-0.374907,-0.252886,0.603893,-0.023442,0.776636,0.142918,-0.613075,0.369476,-0.256106,0.608233,0.146714,-0.611691,-0.023915,0.777005,-0.374907,-0.252886,0.603893,0.450007,-0.002017,-0.000510,-0.000635,1,True,True,0.000153,-0.002741,0.002923,0.000003,0.000003,-0.000033,0.000004,0.000002,-0.000034,0.000004,0.000002,-0.000034,0.000000,0.000003,0.000003,-0.000033,True,0.000004,0.000002,-0.000034,0.000004,0.000002,-0.000034,-1.365677,-1.464815,-1.442271,1.682849,-1.365465,-1.464815,-1.442271,1.682811,0.000000,0.000000,0.000000,0.000000,0.000000,0.000000,0.000000,0.000000,-1449.255249,331.414215,874.442810,1322.467163,True,velocity,0.450007,0.449931,0.000000,0.000000,9.503740,False,0.142099,0.141258,0.050618,0.050726,-2.751410,-2.751444,0.000034,2.741903,2.742009,-0.000106,167.000000
5.721777725004358,-0.002515,1.322563,-1.709414,1.316670,0.004139,0.001758,-0.003847,-0.002807,1.326613,1.712434,1.306980,-0.010566,-0.004159,0.005393,-0.023442,0.776636,0.142918,-0.613075,0.369476,-0.256106,0.608233,0.146714,-0.611691,-0.023915,0.777005,-0.374907,-0.252886,0.603893,-0.023442,0.776636,0.142918,-0.613075,0.369476,-0.256106,0.608233,0.146714,-0.611691,-0.023915,0.777005,-0.374907,-0.252886,0.603893,0.450007,-0.002017,-0.000510,-0.000636,1,True,True,0.000105,-0.002694,0.002954,0.000003,0.000003,-0.000033,0.000004,0.000003,-0.000034,0.000004,0.000003,-0.000034,0.000000,0.000003,0.000003,-0.000033,True,0.000004,0.000002,-0.000034,0.000004,0.000002,-0.000034,-1.365677,-1.464815,-1.442271,1.682811,-1.365677,-1.464815,-1.442271,1.682849,0.000000,0.000000,0.000000,0.000000,0.000000,0.000000,0.000000,0.000000,-1449.255249,331.414215,874.442810,1322.467163,True,velocity,0.450007,0.449931,0.000000,0.000000,9.537725,False,0.142099,0.141258,0.050618,0.050726,-2.751410,-2.751444,0.000034,2.741903,2.742009,-0.000106,167.000000
5.758870713005308,-0.002513,1.322563,-1.709415,1.316673,0.004139,0.001758,-0.003849,-0.002807,1.326612,1.712434,1.306981,-0.010566,-0.004158,0.005392,-0.023442,0.776636,0.142918,-0.613075,0.369476,-0.256106,0.608233,0.146714,-0.611691,-0.023915,0.777005,-0.374907,-0.252886,0.603893,-0.023442,0.776636,0.142918,-0.613075,0.369476,-0.256106,0.608233,0.146714,-0.611691,-0.023915,0.777005,-0.374907,-0.252886,0.603893,0.450006,-0.002017,-0.000510,-0.000637,1,True,True,0.000105,-0.002694,0.002953,0.000003,0.000004,-0.000032,0.000004,0.000003,-0.000033,0.000004,0.000003,-0.000033,0.000000,0.000003,0.000004,-0.000032,True,0.000004,0.000003,-0.000034,0.000004,0.000003,-0.000034,-1.365247,-1.464815,-1.442271,1.682849,-1.365247,-1.464815,-1.442271,1.682811,0.000000,0.000000,0.000000,0.000000,0.000000,0.000000,0.000000,0.000000,-1449.255249,331.414215,874.442810,1322.467163,True,velocity,0.450006,0.449931,0.000000,0.000000,9.574055,False,0.142099,0.141258,0.050618,0.050726,-2.751410,-2.751444,0.000034,2.741903,2.742009,-0.000106,167.000000
5.7912924849952105,-0.002511,1.322563,-1.709417,1.316676,0.004139,0.001758,-0.003851,-0.002806,1.326612,1.712433,1.306982,-0.010565,-0.004158,0.005391,-0.023442,0.776636,0.142918,-0.613075,0.369476,-0.256106,0.608233,0.146714,-0.611691,-0.023915,0.777005,-0.374907,-0.252886,0.603893,-0.023442,0.776636,0.142918,-0.613075,0.369476,-0.256106,0.608233,0.146714,-0.611691,-0.023915,0.777005,-0.374907,-0.252886,0.603893,0.450006,-0.002017,-0.000510,-0.000638,1,True,True,0.000078,-0.002700,0.002928,0.000003,0.000004,-0.000032,0.000003,0.000003,-0.000033,0.000003,0.000003,-0.000033,0.000000,0.000003,0.000004,-0.000032,True,0.000004,0.000003,-0.000033,0.000004,0.000003,-0.000033,-1.365465,-1.464815,-1.442270,1.682849,-1.365465,-1.464815,-1.442271,1.682849,0.000000,0.000000,0.000000,0.000000,0.000000,0.000000,0.000000,0.000000,-1449.255249,331.414215,874.442810,1322.467163,True,velocity,0.450006,0.449931,0.000000,0.000000,9.606891,False,0.142100,0.141258,0.050618,0.050726,-2.751411,-2.751444,0.000034,2.741903,2.742009,-0.000106,167.000000
5.824996879004175,-0.002509,1.322564,-1.709418,1.316679,0.004140,0.001758,-0.003852,-0.002806,1.326611,1.712432,1.306983,-0.010565,-0.004157,0.005389,-0.023442,0.776636,0.142918,-0.613075,0.369476,-0.256106,0.608233,0.146714,-0.611691,-0.023915,0.777005,-0.374907,-0.252886,0.603893,-0.023442,0.776636,0.142918,-0.613075,0.369476,-0.256106,0.608233,0.146714,-0.611691,-0.023915,0.777005,-0.374907,-0.252886,0.603893,0.450006,-0.002016,-0.000510,-0.000639,1,True,True,0.000046,-0.002727,0.002910,0.000003,0.000004,-0.000032,0.000003,0.000003,-0.000033,0.000003,0.000003,-0.000033,0.000000,0.000003,0.000004,-0.000032,True,0.000003,0.000003,-0.000033,0.000003,0.000003,-0.000033,-1.365465,-1.464815,-1.442270,1.682811,-1.365465,-1.464815,-1.442270,1.682849,0.000000,0.000000,0.000000,0.000000,0.000000,0.000000,0.000000,0.000000,-1449.255249,331.414215,874.442810,1322.467163,True,velocity,0.450006,0.449931,0.000000,0.000000,9.640894,False,0.142100,0.141258,0.050618,0.050726,-2.751411,-2.751444,0.000034,2.741903,2.742009,-0.000106,167.000000
5.857404743990628,-0.002507,1.322564,-1.709420,1.316683,0.004140,0.001758,-0.003854,-0.002805,1.326611,1.712431,1.306985,-0.010565,-0.004157,0.005388,-0.023442,0.776636,0.142918,-0.613075,0.369476,-0.256106,0.608233,0.146714,-0.611691,-0.023915,0.777005,-0.374907,-0.252886,0.603893,-0.023442,0.776636,0.142918,-0.613075,0.369476,-0.256106,0.608233,0.146714,-0.611691,-0.023915,0.777005,-0.374907,-0.252886,0.603893,0.450005,-0.002016,-0.000510,-0.000640,1,True,True,0.000046,-0.002727,0.002909,0.000003,0.000004,-0.000032,0.000003,0.000003,-0.000033,0.000003,0.000003,-0.000033,0.000000,0.000003,0.000004,-0.000032,True,0.000003,0.000003,-0.000033,0.000003,0.000003,-0.000033,-1.365677,-1.464815,-1.442270,1.682811,-1.365465,-1.465282,-1.442270,1.682849,0.000000,0.000000,0.000000,0.000000,0.000000,0.000000,0.000000,0.000000,-1449.255249,331.414215,874.442810,1322.467163,True,velocity,0.450005,0.449931,0.000000,0.000000,9.673287,False,0.142100,0.141258,0.050618,0.050726,-2.751411,-2.751444,0.000034,2.741903,2.742009,-0.000106,167.000000
5.889225777995307,-0.002506,1.322564,-1.709421,1.316686,0.004140,0.001758,-0.003856,-0.002805,1.326610,1.712430,1.306986,-0.010564,-0.004156,0.005387,-0.023442,0.776636,0.142918,-0.613075,0.369476,-0.256106,0.608233,0.146714,-0.611691,-0.023915,0.777005,-0.374907,-0.252886,0.603893,-0.023442,0.776636,0.142918,-0.613075,0.369476,-0.256106,0.608233,0.146714,-0.611691,-0.023915,0.777005,-0.374907,-0.252886,0.603893,0.450005,-0.002016,-0.000510,-0.000641,1,True,True,0.000017,-0.002740,0.002915,0.000003,0.000004,-0.000032,0.000003,0.000003,-0.000033,0.000003,0.000003,-0.000033,0.000000,0.000003,0.000004,-0.000032,True,0.000003,0.000003,-0.000033,0.000003,0.000003,-0.000033,-1.365677,-1.464815,-1.442270,1.682849,-1.365677,-1.464815,-1.442270,1.682849,0.000000,0.000000,0.000000,0.000000,0.000000,0.000000,0.000000,0.000000,-1449.255249,331.414215,874.442810,1322.467163,True,velocity,0.450005,0.449931,0.000000,0.000000,9.705030,False,0.142100,0.141258,0.050618,0.050726,-2.751411,-2.751444,0.000034,2.741903,2.742009,-0.000106,167.000000
5.921607475989731,-0.002504,1.322564,-1.709422,1.316689,0.004140,0.001758,-0.003857,-0.002804,1.326610,1.712429,1.306987,-0.010564,-0.004156,0.005385,-0.023442,0.776636,0.142918,-0.613075,0.369476,-0.256106,0.608233,0.146714,-0.611691,-0.023915,0.777005,-0.374907,-0.252886,0.603893,-0.023442,0.776636,0.142918,-0.613075,0.369476,-0.256106,0.608233,0.146714,-0.611691,-0.023915,0.777005,-0.374907,-0.252886,0.603893,0.450004,-0.002016,-0.000510,-0.000642,1,True,True,-0.000002,-0.002779,0.002872,0.000003,0.000004,-0.000032,0.000003,0.000004,-0.000032,0.000003,0.000004,-0.000032,0.000000,0.000003,0.000004,-0.000032,True,0.000003,0.000003,-0.000033,0.000003,0.000003,-0.000033,-1.365465,-1.464815,-1.442270,1.682849,-1.365465,-1.464815,-1.442270,1.682849,0.000000,0.000000,0.000000,0.000000,0.000000,0.000000,0.000000,0.000000,-1449.255249,331.414215,874.442810,1322.467163,True,velocity,0.450004,0.449931,0.000000,0.000000,9.737625,False,0.142101,0.141258,0.050618,0.050726,-2.751411,-2.751444,0.000034,2.741903,2.742009,-0.000106,167.000000
5.954892835987266,-0.002502,1.322565,-1.709424,1.316692,0.004140,0.001758,-0.003859,-0.002804,1.326609,1.712428,1.306987,-0.010564,-0.004156,0.005384,-0.023442,0.776636,0.142918,-0.613075,0.369476,-0.256106,0.608233,0.146714,-0.611691,-0.023915,0.777005,-0.374907,-0.252886,0.603893,-0.023442,0.776636,0.142918,-0.613075,0.369476,-0.256106,0.608233,0.146714,-0.611691,-0.023915,0.777005,-0.374907,-0.252886,0.603893,0.450004,-0.002016,-0.000510,-0.000643,1,True,True,-0.000002,-0.002779,0.002871,0.000003,0.000004,-0.000031,0.000003,0.000004,-0.000032,0.000003,0.000004,-0.000032,0.000000,0.000003,0.000004,-0.000031,True,0.000003,0.000004,-0.000032,0.000003,0.000004,-0.000032,-1.365677,-1.465101,-1.442270,1.682849,-1.365677,-1.465101,-1.442270,1.682849,0.000000,0.000000,0.000000,0.000000,0.000000,0.000000,0.000000,0.000000,-1449.255249,331.414215,874.442810,1322.467163,True,velocity,0.450004,0.449931,0.000000,0.000000,9.770767,False,0.142101,0.141259,0.050618,0.050726,-2.751411,-2.751444,0.000034,2.741903,2.742009,-0.000106,167.000000
5.989390540984459,-0.002500,1.322565,-1.709425,1.316695,0.004140,0.001758,-0.003860,-0.002803,1.326609,1.712428,1.306988,-0.010563,-0.004155,0.005383,-0.023442,0.776636,0.142918,-0.613075,0.369476,-0.256106,0.608233,0.146714,-0.611691,-0.023915,0.777005,-0.374907,-0.252886,0.603893,-0.023442,0.776636,0.142918,-0.613075,0.369476,-0.256106,0.608233,0.146714,-0.611691,-0.023915,0.777005,-0.374907,-0.252886,0.603893,0.450004,-0.002016,-0.000511,-0.000644,1,True,True,-0.000014,-0.002791,0.002855,0.000003,0.000004,-0.000031,0.000003,0.000004,-0.000032,0.000003,0.000004,-0.000032,0.000000,0.000003,0.000004,-0.000031,True,0.000003,0.000004,-0.000032,0.000003,0.000004,-0.000032,-1.365247,-1.465101,-1.442270,1.682849,-1.365247,-1.465282,-1.442270,1.682849,0.000000,0.000000,0.000000,0.000000,0.000000,0.000000,0.000000,0.000000,-1449.255249,331.414215,874.442810,1322.467163,True,velocity,0.450004,0.449931,0.000000,0.000000,9.805150,False,0.142101,0.141259,0.050618,0.050726,-2.751411,-2.751444,0.000034,2.741903,2.742009,-0.000106,167.000000
6.021825923991855,-0.002499,1.322565,-1.709427,1.316698,0.004140,0.001758,-0.003862,-0.002803,1.326608,1.712427,1.306989,-0.010563,-0.004155,0.005382,-0.023442,0.776636,0.142918,-0.613075,0.369476,-0.256106,0.608233,0.146714,-0.611691,-0.023915,0.777005,-0.374907,-0.252886,0.603893,-0.023442,0.776636,0.142918,-0.613075,0.369476,-0.256106,0.608233,0.146714,-0.611691,-0.023915,0.777005,-0.374907,-0.252886,0.603893,0.450003,-0.002016,-0.000511,-0.000645,1,True,True,0.000079,-0.002714,0.002934,0.000003,0.000005,-0.000031,0.000003,0.000004,-0.000032,0.000003,0.000004,-0.000032,0.000000,0.000003,0.000005,-0.000031,True,0.000003,0.000004,-0.000032,0.000003,0.000004,-0.000032,-1.365677,-1.464633,-1.442270,1.682849,-1.365459,-1.464633,-1.442270,1.682811,0.000000,0.000000,0.000000,0.000000,0.000000,0.000000,0.000000,0.000000,-1449.255249,331.414215,874.442810,1322.467163,True,velocity,0.450003,0.449931,0.000000,0.000000,9.837791,False,0.142102,0.141259,0.050618,0.050726,-2.751411,-2.751444,0.000034,2.741903,2.742009,-0.000106,167.000000
6.059019595995778,-0.002497,1.322566,-1.709428,1.316701,0.004140,0.001758,-0.003864,-0.002802,1.326608,1.712426,1.306990,-0.010562,-0.004154,0.005380,-0.023442,0.776636,0.142918,-0.613075,0.369476,-0.256106,0.608233,0.146714,-0.611691,-0.023915,0.777005,-0.374907,-0.252886,0.603893,-0.023442,0.776636,0.142918,-0.613075,0.369476,-0.256106,0.608233,0.146714,-0.611691,-0.023915,0.777005,-0.374907,-0.252886,0.603893,0.450003,-0.002015,-0.000511,-0.000646,1,True,True,0.000079,-0.002714,0.002933,0.000003,0.000005,-0.000031,0.000003,0.000004,-0.000032,0.000003,0.000004,-0.000032,0.000000,0.000003,0.000005,-0.000031,True,0.000003,0.000004,-0.000032,0.000003,0.000004,-0.000032,-1.365677,-1.464633,-1.442270,1.682849,-1.365247,-1.464633,-1.442270,1.682849,0.000000,0.000000,0.000000,0.000000,0.000000,0.000071,0.000000,0.000000,-1449.255249,331.414337,874.442810,1322.467163,True,velocity,0.450003,0.449931,0.000000,0.000000,9.874967,False,0.142102,0.141259,0.050618,0.050726,-2.751411,-2.751444,0.000034,2.741903,2.742009,-0.000106,167.000000
6.088649882993195,-0.002495,1.322566,-1.709429,1.316704,0.004140,0.001758,-0.003865,-0.002801,1.326607,1.712425,1.306991,-0.010562,-0.004154,0.005379,-0.023442,0.776636,0.142918,-0.613075,0.369476,-0.256106,0.608233,0.146714,-0.611691,-0.023915,0.777005,-0.374907,-0.252886,0.603893,-0.023442,0.776636,0.142918,-0.613075,0.369476,-0.256106,0.608233,0.146714,-0.611691,-0.023915,0.777005,-0.374907,-0.252886,0.603893,0.450003,-0.002015,-0.000511,-0.000647,1,True,True,0.000078,-0.002715,0.002910,0.000003,0.000005,-0.000031,0.000003,0.000004,-0.000032,0.000003,0.000004,-0.000032,0.000000,0.000003,0.000005,-0.000031,True,0.000003,0.000004,-0.000032,0.000003,0.000004,-0.000032,-1.365677,-1.464633,-1.442270,1.682811,-1.365677,-1.464633,-1.442270,1.682849,0.000000,0.000000,0.000000,0.000000,0.000000,0.000071,0.000000,0.000000,-1449.255249,331.414337,874.442810,1322.467163,True,velocity,0.450003,0.449931,0.000000,0.000000,9.904636,False,0.142102,0.141259,0.050618,0.050726,-2.751411,-2.751444,0.000034,2.741903,2.742009,-0.000106,167.000000
6.122099964006338,-0.002493,1.322566,-1.709431,1.316707,0.004140,0.001758,-0.003867,-0.002801,1.326607,1.712424,1.306992,-0.010562,-0.004153,0.005378,-0.023442,0.776636,0.142918,-0.613075,0.369476,-0.256106,0.608233,0.146714,-0.611691,-0.023915,0.777005,-0.374907,-0.252886,0.603893,-0.023442,0.776636,0.142918,-0.613075,0.369476,-0.256106,0.608233,0.146714,-0.611691,-0.023915,0.777005,-0.374907,-0.252886,0.603893,0.450002,-0.002015,-0.000511,-0.000648,1,True,True,0.000178,-0.002693,0.002901,0.000003,0.000005,-0.000031,0.000003,0.000004,-0.000031,0.000003,0.000004,-0.000031,0.000000,0.000003,0.000005,-0.000031,True,0.000003,0.000004,-0.000032,0.000003,0.000004,-0.000032,-1.365677,-1.464633,-1.442270,1.682887,-1.365677,-1.464633,-1.442270,1.682811,0.000000,0.000000,0.000000,0.000000,0.000000,0.000064,0.000000,0.000000,-1449.255249,331.414337,874.442810,1322.467163,True,velocity,0.450002,0.449931,0.000000,0.000000,9.937868,False,0.142102,0.141259,0.050618,0.050726,-2.751411,-2.751444,0.000034,2.741903,2.742009,-0.000106,167.000000
6.154947140981676,-0.002492,1.322566,-1.709432,1.316710,0.004140,0.001758,-0.003868,-0.002800,1.326606,1.712424,1.306993,-0.010561,-0.004153,0.005377,-0.023442,0.776636,0.142918,-0.613075,0.369476,-0.256106,0.608233,0.146714,-0.611691,-0.023915,0.777005,-0.374907,-0.252886,0.603893,-0.023442,0.776636,0.142918,-0.613075,0.369476,-0.256106,0.608233,0.146714,-0.611691,-0.023915,0.777005,-0.374907,-0.252886,0.603893,0.450002,-0.002015,-0.000511,-0.000649,1,True,True,0.000178,-0.002693,0.002900,0.000003,0.000005,-0.000030,0.000003,0.000004,-0.000031,0.000003,0.000004,-0.000031,0.000000,0.000003,0.000005,-0.000030,True,0.000003,0.000004,-0.000031,0.000003,0.000004,-0.000031,-1.365889,-1.464633,-1.442270,1.682811,-1.365889,-1.464633,-1.442270,1.682811,0.000000,0.000000,0.000000,0.000000,0.000000,0.000019,0.000000,0.000000,-1449.255249,331.414337,874.442810,1322.467163,True,velocity,0.450002,0.449931,0.000000,0.000000,9.971006,False,0.142103,0.141259,0.050618,0.050726,-2.751411,-2.751444,0.000034,2.741903,2.742009,-0.000106,167.000000
6.189428549987497,-0.002490,1.322567,-1.709433,1.316713,0.004140,0.001758,-0.003870,-0.002800,1.326606,1.712423,1.306994,-0.010561,-0.004153,0.005376,-0.023442,0.776636,0.142918,-0.613075,0.369476,-0.256106,0.608233,0.146714,-0.611691,-0.023915,0.777005,-0.374907,-0.252886,0.603893,-0.023442,0.776636,0.142918,-0.613075,0.369476,-0.256106,0.608233,0.146714,-0.611691,-0.023915,0.777005,-0.374907,-0.252886,0.603893,0.450001,-0.002015,-0.000511,-0.000650,1,True,True,0.000185,-0.002685,0.002887,0.000002,0.000005,-0.000030,0.000003,0.000005,-0.000031,0.000003,0.000005,-0.000031,0.000000,0.000002,0.000005,-0.000030,True,0.000003,0.000004,-0.000031,0.000003,0.000004,-0.000031,-1.365889,-1.464815,-1.442270,1.682811,-1.365465,-1.464995,-1.442270,1.682811,0.000000,0.000000,0.000000,0.000000,0.000000,0.000000,0.000000,0.000000,-1449.255249,331.414337,874.442810,1322.467163,True,velocity,0.450001,0.449931,0.000000,0.000000,10.005442,False,0.142103,0.141259,0.050618,0.050726,-2.751411,-2.751444,0.000034,2.741903,2.742009,-0.000106,167.000000
6.223621181998169,-0.002488,1.322567,-1.709435,1.316716,0.004140,0.001758,-0.003871,-0.002799,1.326605,1.712422,1.306994,-0.010561,-0.004152,0.005374,-0.023442,0.776636,0.142918,-0.613075,0.369476,-0.256106,0.608233,0.146714,-0.611691,-0.023915,0.777005,-0.374907,-0.252886,0.603893,-0.023442,0.776636,0.142918,-0.613075,0.369476,-0.256106,0.608233,0.146714,-0.611691,-0.023915,0.777005,-0.374907,-0.252886,0.603893,0.450001,-0.002015,-0.000511,-0.000651,1,True,True,0.000195,-0.002708,0.002867,0.000002,0.000005,-0.000030,0.000003,0.000005,-0.000031,0.000003,0.000005,-0.000031,0.000000,0.000002,0.000005,-0.000030,True,0.000003,0.000005,-0.000031,0.000003,0.000005,-0.000031,-1.365677,-1.465282,-1.442270,1.682849,-1.365889,-1.465282,-1.442270,1.682811,0.000000,0.000000,0.000000,0.000000,0.000000,0.000000,0.000000,0.000000,-1449.255249,331.414337,874.442810,1322.467163,True,velocity,0.450001,0.449931,0.000000,0.000000,10.038825,False,0.142103,0.141259,0.050618,0.050726,-2.751411,-2.751444,0.000034,2.741903,2.742009,-0.000106,167.000000
6.256063268985599,-0.002487,1.322567,-1.709436,1.316719,0.004140,0.001759,-0.003873,-0.002799,1.326605,1.712421,1.306995,-0.010560,-0.004152,0.005373,-0.023442,0.776636,0.142918,-0.613075,0.369476,-0.256106,0.608233,0.146714,-0.611691,-0.023915,0.777005,-0.374907,-0.252886,0.603893,-0.023442,0.776636,0.142918,-0.613075,0.369476,-0.256106,0.608233,0.146714,-0.611691,-0.023915,0.777005,-0.374907,-0.252886,0.603893,0.450001,-0.002014,-0.000511,-0.000652,1,True,True,0.000195,-0.002708,0.002866,0.000002,0.000005,-0.000030,0.000003,0.000005,-0.000031,0.000003,0.000005,-0.000031,0.000000,0.000002,0.000005,-0.000030,True,0.000003,0.000005,-0.000031,0.000003,0.000005,-0.000031,-1.365247,-1.464995,-1.442271,1.682849,-1.365247,-1.464995,-1.442270,1.682811,0.000000,0.000000,0.000000,0.000000,0.000000,0.000000,0.000000,0.000000,-1449.255249,331.414337,874.442810,1322.467163,True,velocity,0.450001,0.449931,0.000000,0.000000,10.072065,False,0.142104,0.141259,0.050618,0.050726,-2.751411,-2.751444,0.000034,2.741903,2.742009,-0.000106,167.000000
6.289796441007638,-0.002485,1.322568,-1.709437,1.316722,0.004141,0.001759,-0.003874,-0.002798,1.326604,1.712420,1.306996,-0.010560,-0.004151,0.005372,-0.023442,0.776636,0.142918,-0.613075,0.369476,-0.256106,0.608233,0.146714,-0.611691,-0.023915,0.777005,-0.374907,-0.252886,0.603893,-0.023442,0.776636,0.142918,-0.613075,0.369476,-0.256106,0.608233,0.146714,-0.611691,-0.023915,0.777005,-0.374907,-0.252886,0.603893,0.450000,-0.002014,-0.000511,-0.000653,1,True,True,0.000242,-0.002741,0.002883,0.000002,0.000005,-0.000030,0.000003,0.000005,-0.000031,0.000003,0.000005,-0.000031,0.000000,0.000002,0.000005,-0.000030,True,0.000003,0.000005,-0.000031,0.000003,0.000005,-0.000031,-1.365677,-1.465463,-1.442270,1.682811,-1.365677,-1.464815,-1.442270,1.682811,0.000000,0.000000,0.000000,0.000000,0.000000,0.000000,0.000000,0.000000,-1449.255249,331.414337,874.442810,1322.467163,True,velocity,0.450000,0.449931,0.000000,0.000000,10.105534,False,0.142104,0.141259,0.050618,0.050725,-2.751411,-2.751444,0.000034,2.741903,2.742009,-0.000106,167.000000
6.322518359986134,-0.002483,1.322568,-1.709438,1.316725,0.004141,0.001759,-0.003876,-0.002798,1.326604,1.712420,1.306996,-0.010560,-0.004151,0.005371,-0.023442,0.776636,0.142918,-0.613075,0.369476,-0.256106,0.608233,0.146714,-0.611691,-0.023915,0.777005,-0.374907,-0.252886,0.603893,-0.023442,0.776636,0.142918,-0.613075,0.369476,-0.256106,0.608233,0.146714,-0.611691,-0.023915,0.777005,-0.374907,-0.252886,0.603893,0.450000,-0.002014,-0.000511,-0.000654,1,True,True,0.000283,-0.002770,0.002886,0.000002,0.000005,-0.000030,0.000003,0.000005,-0.000030,0.000003,0.000005,-0.000030,0.000000,0.000002,0.000005,-0.000030,True,0.000003,0.000005,-0.000031,0.000003,0.000005,-0.000031,-1.365677,-1.464815,-1.442270,1.682811,-1.365677,-1.464815,-1.442270,1.682811,0.000000,0.000000,0.000000,0.000000,0.000000,0.000000,0.000000,0.000000,-1449.255249,331.414337,874.442810,1322.467163,True,velocity,0.450000,0.449931,0.000000,0.000000,10.138502,False,0.142104,0.141259,0.050618,0.050725,-2.751411,-2.751444,0.000034,2.741903,2.742009,-0.000106,167.000000
6.356082013982814,-0.002482,1.322568,-1.709440,1.316728,0.004141,0.001759,-0.003877,-0.002797,1.326603,1.712419,1.306997,-0.010559,-0.004150,0.005370,-0.023442,0.776636,0.142918,-0.613075,0.369476,-0.256106,0.608233,0.146714,-0.611691,-0.023915,0.777005,-0.374907,-0.252886,0.603893,-0.023442,0.776636,0.142918,-0.613075,0.369476,-0.256106,0.608233,0.146714,-0.611691,-0.023915,0.777005,-0.374907,-0.252886,0.603893,0.450000,-0.002014,-0.000511,-0.000655,1,True,True,0.000283,-0.002770,0.002885,0.000002,0.000005,-0.000030,0.000002,0.000005,-0.000030,0.000002,0.000005,-0.000030,0.000000,0.000002,0.000005,-0.000030,True,0.000003,0.000005,-0.000030,0.000003,0.000005,-0.000030,-1.365677,-1.464815,-1.442270,1.682772,-1.365677,-1.464815,-1.442270,1.682811,0.000000,0.000000,0.000000,0.000000,0.000000,0.000000,0.000000,0.000000,-1449.255249,331.414337,874.442810,1322.467163,True,velocity,0.450000,0.449931,0.000000,0.000000,10.171539,False,0.142104,0.141259,0.050618,0.050725,-2.751411,-2.751444,0.000034,2.741903,2.742009,-0.000106,167.000000
6.388902042992413,-0.002480,1.322569,-1.709441,1.316730,0.004141,0.001759,-0.003879,-0.002796,1.326603,1.712418,1.306998,-0.010559,-0.004150,0.005369,-0.023442,0.776636,0.142918,-0.613075,0.369476,-0.256106,0.608233,0.146714,-0.611691,-0.023915,0.777005,-0.374907,-0.252886,0.603893,-0.023442,0.776636,0.142918,-0.613075,0.369476,-0.256106,0.608233,0.146714,-0.611691,-0.023915,0.777005,-0.374907,-0.252886,0.603893,0.449999,-0.002014,-0.000512,-0.000656,1,True,True,0.000297,-0.002778,0.002872,0.000002,0.000005,-0.000029,0.000002,0.000005,-0.000030,0.000002,0.000005,-0.000030,0.000000,0.000002,0.000005,-0.000029,True,0.000002,0.000005,-0.000030,0.000002,0.000005,-0.000030,-1.365677,-1.465282,-1.442269,1.682849,-1.365247,-1.464815,-1.442270,1.682849,0.000000,0.000000,0.000000,0.000000,0.000000,0.000000,0.000000,0.000000,-1449.255249,331.414337,874.442810,1322.467163,True,velocity,0.449999,0.449931,0.000000,0.000000,10.204915,False,0.142105,0.141259,0.050618,0.050725,-2.751411,-2.751444,0.000034,2.741903,2.742009,-0.000106,167.000000
6.423673320998205,-0.002479,1.322569,-1.709442,1.316733,0.004141,0.001759,-0.003880,-0.002796,1.326602,1.712417,1.306999,-0.010559,-0.004149,0.005368,-0.023442,0.776636,0.142918,-0.613075,0.369476,-0.256106,0.608233,0.146714,-0.611691,-0.023915,0.777005,-0.374907,-0.252886,0.603893,-0.023442,0.776636,0.142918,-0.613075,0.369476,-0.256106,0.608233,0.146714,-0.611691,-0.023915,0.777005,-0.374907,-0.252886,0.603893,0.449999,-0.002014,-0.000512,-0.000657,1,True,True,0.000340,-0.002804,0.002850,0.000002,0.000005,-0.000029,0.000002,0.000005,-0.000030,0.000002,0.000005,-0.000030,0.000000,0.000002,0.000005,-0.000029,True,0.000002,0.000005,-0.000030,0.000002,0.000005,-0.000030,-1.365677,-1.464815,-1.442270,1.682849,-1.365677,-1.464815,-1.442270,1.682849,0.000000,0.000000,0.000000,0.000000,0.000000,0.000000,0.000000,0.000000,-1449.255249,331.414337,874.442810,1322.467163,True,velocity,0.449999,0.449931,0.000000,0.000000,10.239423,False,0.142105,0.141259,0.050618,0.050725,-2.751411,-2.751444,0.000034,2.741903,2.742009,-0.000106,167.000000
6.456207851006184,-0.002477,1.322569,-1.709443,1.316736,0.004141,0.001759,-0.003882,-0.002795,1.326602,1.712417,1.306999,-0.010558,-0.004149,0.005367,-0.023442,0.776636,0.142918,-0.613075,0.369476,-0.256106,0.608233,0.146714,-0.611691,-0.023915,0.777005,-0.374907,-0.252886,0.603893,-0.023442,0.776636,0.142918,-0.613075,0.369476,-0.256106,0.608233,0.146714,-0.611691,-0.023915,0.777005,-0.374907,-0.252886,0.603893,0.449999,-0.002013,-0.000512,-0.000658,1,True,True,0.000340,-0.002804,0.002849,0.000002,0.000006,-0.000029,0.000002,0.000005,-0.000030,0.000002,0.000005,-0.000030,0.000000,0.000002,0.000006,-0.000029,True,0.000002,0.000005,-0.000030,0.000002,0.000005,-0.000030,-1.365247,-1.465101,-1.442270,1.682811,-1.365247,-1.465101,-1.442270,1.682811,0.000000,0.000000,0.000000,0.000000,0.000000,0.000000,0.000000,0.000000,-1449.255249,331.414337,874.442810,1322.467163,True,velocity,0.449999,0.449931,0.000000,0.000000,10.271759,False,0.142105,0.141259,0.050618,0.050725,-2.751411,-2.751444,0.000034,2.741903,2.742009,-0.000106,167.000000
6.489113583986182,-0.002475,1.322570,-1.709445,1.316739,0.004141,0.001759,-0.003883,-0.002795,1.326601,1.712416,1.307000,-0.010558,-0.004149,0.005366,-0.023442,0.776636,0.142918,-0.613075,0.369476,-0.256106,0.608233,0.146714,-0.611691,-0.023915,0.777005,-0.374907,-0.252886,0.603893,-0.023442,0.776636,0.142918,-0.613075,0.369476,-0.256106,0.608233,0.146714,-0.611691,-0.023915,0.777005,-0.374907,-0.252886,0.603893,0.449998,-0.002013,-0.000512,-0.000659,1,True,True,0.000349,-0.002749,0.002824,0.000002,0.000006,-0.000029,0.000002,0.000005,-0.000030,0.000002,0.000005,-0.000030,0.000000,0.000002,0.000006,-0.000029,True,0.000002,0.000005,-0.000030,0.000002,0.000005,-0.000030,-1.365247,-1.465101,-1.442270,1.682811,-1.365247,-1.465101,-1.442270,1.682811,0.000000,0.000000,0.000000,0.000000,0.000000,0.000000,0.000000,0.000000,-1449.255249,331.414337,874.442810,1322.467163,True,velocity,0.449998,0.449931,0.000000,0.000000,10.305091,False,0.142105,0.141260,0.050618,0.050725,-2.751411,-2.751444,0.000034,2.741903,2.742009,-0.000106,167.000000
6.5222814999870025,-0.002474,1.322570,-1.709446,1.316742,0.004141,0.001760,-0.003885,-0.002794,1.326601,1.712415,1.307000,-0.010557,-0.004148,0.005365,-0.023442,0.776636,0.142918,-0.613075,0.369476,-0.256106,0.608233,0.146714,-0.611691,-0.023915,0.777005,-0.374907,-0.252886,0.603893,-0.023442,0.776636,0.142918,-0.613075,0.369476,-0.256106,0.608233,0.146714,-0.611691,-0.023915,0.777005,-0.374907,-0.252886,0.603893,0.449998,-0.002013,-0.000512,-0.000660,1,True,True,0.000368,-0.002772,0.002818,0.000002,0.000006,-0.000029,0.000002,0.000005,-0.000029,0.000002,0.000005,-0.000029,0.000000,0.000002,0.000006,-0.000029,True,0.000002,0.000005,-0.000030,0.000002,0.000005,-0.000030,-1.365677,-1.465101,-1.442270,1.682811,-1.365465,-1.465101,-1.442270,1.682811,0.000000,0.000000,0.000000,0.000000,0.000000,0.000000,0.000000,0.000000,-1449.255249,331.414337,874.442810,1322.467163,True,velocity,0.449998,0.449931,0.000000,0.000000,10.338269,False,0.142106,0.141260,0.050618,0.050725,-2.751411,-2.751444,0.000034,2.741903,2.742009,-0.000106,167.000000
6.556577038980322,-0.002472,1.322570,-1.709447,1.316744,0.004142,0.001760,-0.003886,-0.002793,1.326600,1.712414,1.307001,-0.010557,-0.004148,0.005364,-0.023442,0.776636,0.142918,-0.613075,0.369476,-0.256106,0.608233,0.146714,-0.611691,-0.023915,0.777005,-0.374907,-0.252886,0.603893,-0.023442,0.776636,0.142918,-0.613075,0.369476,-0.256106,0.608233,0.146714,-0.611691,-0.023915,0.777005,-0.374907,-0.252886,0.603893,0.449998,-0.002013,-0.000512,-0.000661,1,True,True,0.000368,-0.002771,0.002817,0.000002,0.000006,-0.000029,0.000002,0.000005,-0.000029,0.000002,0.000005,-0.000029,0.000000,0.000002,0.000006,-0.000029,True,0.000002,0.000005,-0.000029,0.000002,0.000005,-0.000029,-1.365677,-1.465101,-1.442270,1.682887,-1.365677,-1.465101,-1.442270,1.682849,0.000000,0.000000,0.000000,0.000000,0.000000,0.000000,0.000000,0.000000,-1449.255249,331.414337,874.442810,1322.467163,True,velocity,0.449998,0.449931,0.000000,0.000000,10.371928,False,0.142106,0.141260,0.050618,0.050725,-2.751411,-2.751444,0.000034,2.741903,2.742009,-0.000106,167.000000
6.589498900983017,-0.002471,1.322571,-1.709448,1.316747,0.004142,0.001760,-0.003887,-0.002793,1.326599,1.712414,1.307002,-0.010557,-0.004147,0.005363,-0.023442,0.776636,0.142918,-0.613075,0.369476,-0.256106,0.608233,0.146714,-0.611691,-0.023915,0.777005,-0.374907,-0.252886,0.603893,-0.023442,0.776636,0.142918,-0.613075,0.369476,-0.256106,0.608233,0.146714,-0.611691,-0.023915,0.777005,-0.374907,-0.252886,0.603893,0.449997,-0.002013,-0.000512,-0.000662,1,True,True,0.000357,-0.002737,0.002843,0.000002,0.000006,-0.000028,0.000002,0.000005,-0.000029,0.000002,0.000005,-0.000029,0.000000,0.000002,0.000006,-0.000028,True,0.000002,0.000005,-0.000029,0.000002,0.000005,-0.000029,-1.365035,-1.465101,-1.442270,1.682849,-1.365889,-1.465101,-1.442270,1.682811,0.000000,0.000000,0.000000,0.000000,0.000000,0.000000,0.000000,0.000000,-1449.255249,331.414337,874.442810,1322.467163,True,velocity,0.449997,0.449931,0.000000,0.000000,10.405177,False,0.142106,0.141260,0.050618,0.050725,-2.751411,-2.751444,0.000034,2.741903,2.742009,-0.000106,167.000000
6.622853389999364,-0.002469,1.322571,-1.709449,1.316750,0.004142,0.001760,-0.003889,-0.002792,1.326599,1.712413,1.307002,-0.010556,-0.004147,0.005362,-0.023442,0.776636,0.142918,-0.613075,0.369476,-0.256106,0.608233,0.146714,-0.611691,-0.023915,0.777005,-0.374907,-0.252886,0.603893,-0.023442,0.776636,0.142918,-0.613075,0.369476,-0.256106,0.608233,0.146714,-0.611691,-0.023915,0.777005,-0.374907,-0.252886,0.603893,0.449997,-0.002012,-0.000512,-0.000663,1,True,True,0.000370,-0.002755,0.002831,0.000002,0.000006,-0.000028,0.000002,0.000006,-0.000029,0.000002,0.000006,-0.000029,0.000000,0.000002,0.000006,-0.000028,True,0.000002,0.000005,-0.000029,0.000002,0.000005,-0.000029,-1.365677,-1.465101,-1.442270,1.682849,-1.365677,-1.465101,-1.442270,1.682849,0.000000,0.000000,0.000000,0.000000,0.000000,0.000000,0.000000,0.000000,-1449.255249,331.414337,874.442810,1322.467163,True,velocity,0.449997,0.449931,0.000000,0.000000,10.438831,False,0.142106,0.141260,0.050618,0.050725,-2.751411,-2.751444,0.000034,2.741903,2.742009,-0.000106,167.000000
6.656474599993089,-0.002468,1.322571,-1.709451,1.316752,0.004142,0.001760,-0.003890,-0.002792,1.326598,1.712412,1.307003,-0.010556,-0.004146,0.005361,-0.023442,0.776636,0.142918,-0.613075,0.369476,-0.256106,0.608233,0.146714,-0.611691,-0.023915,0.777005,-0.374907,-0.252886,0.603893,-0.023442,0.776636,0.142918,-0.613075,0.369476,-0.256106,0.608233,0.146714,-0.611691,-0.023915,0.777005,-0.374907,-0.252886,0.603893,0.449997,-0.002012,-0.000512,-0.000664,1,True,True,0.000370,-0.002755,0.002830,0.000002,0.000006,-0.000028,0.000002,0.000006,-0.000029,0.000002,0.000006,-0.000029,0.000000,0.000002,0.000006,-0.000028,True,0.000002,0.000006,-0.000029,0.000002,0.000006,-0.000029,-1.365677,-1.465101,-1.442270,1.682887,-1.365465,-1.465101,-1.442270,1.682849,0.000000,0.000000,0.000000,0.000000,0.000000,0.000000,0.000000,0.000000,-1449.255249,331.414337,874.442810,1322.467163,True,velocity,0.449997,0.449931,0.000000,0.000000,10.472312,False,0.142107,0.141260,0.050618,0.050725,-2.751411,-2.751444,0.000034,2.741903,2.742009,-0.000106,167.000000
6.689605163992383,-0.002466,1.322572,-1.709452,1.316755,0.004142,0.001760,-0.003891,-0.002791,1.326598,1.712411,1.307003,-0.010556,-0.004146,0.005360,-0.023442,0.776636,0.142918,-0.613075,0.369476,-0.256106,0.608233,0.146714,-0.611691,-0.023915,0.777005,-0.374907,-0.252886,0.603893,-0.023442,0.776636,0.142918,-0.613075,0.369476,-0.256106,0.608233,0.146714,-0.611691,-0.023915,0.777005,-0.374907,-0.252886,0.603893,0.449996,-0.002012,-0.000512,-0.000665,1,True,True,0.000267,-0.002821,0.002857,0.000002,0.000006,-0.000028,0.000002,0.000006,-0.000029,0.000002,0.000006,-0.000029,0.000000,0.000002,0.000006,-0.000028,True,0.000002,0.000006,-0.000029,0.000002,0.000006,-0.000029,-1.365677,-1.465101,-1.442270,1.682849,-1.365677,-1.465101,-1.442270,1.682849,0.000000,0.000000,0.000000,0.000000,0.000000,0.000000,0.000000,0.000000,-1449.255249,331.414337,874.442810,1322.467163,True,velocity,0.449996,0.449931,0.000000,0.000000,10.505596,False,0.142107,0.141260,0.050618,0.050725,-2.751411,-2.751444,0.000034,2.741903,2.742009,-0.000106,167.000000
6.723034616006771,-0.002465,1.322572,-1.709453,1.316757,0.004142,0.001761,-0.003893,-0.002790,1.326597,1.712411,1.307004,-0.010555,-0.004145,0.005359,-0.023442,0.776636,0.142918,-0.613075,0.369476,-0.256106,0.608233,0.146714,-0.611691,-0.023915,0.777005,-0.374907,-0.252886,0.603893,-0.023442,0.776636,0.142918,-0.613075,0.369476,-0.256106,0.608233,0.146714,-0.611691,-0.023915,0.777005,-0.374907,-0.252886,0.603893,0.449996,-0.002012,-0.000512,-0.000666,1,True,True,0.000274,-0.002842,0.002856,0.000002,0.000006,-0.000028,0.000002,0.000006,-0.000029,0.000002,0.000006,-0.000029,0.000000,0.000002,0.000006,-0.000028,True,0.000002,0.000006,-0.000029,0.000002,0.000006,-0.000029,-1.365035,-1.465101,-1.442270,1.682811,-1.365035,-1.465101,-1.442270,1.682811,0.000000,0.000000,0.000000,0.000000,0.000000,0.000000,0.000000,0.000000,-1449.255249,331.414337,874.442810,1322.467163,True,velocity,0.449996,0.449931,0.000000,0.000000,10.539044,False,0.142107,0.141260,0.050617,0.050725,-2.751411,-2.751444,0.000034,2.741903,2.742009,-0.000106,167.000000
6.756951713003218,-0.002463,1.322573,-1.709454,1.316760,0.004142,0.001761,-0.003894,-0.002790,1.326597,1.712410,1.307004,-0.010555,-0.004145,0.005358,-0.023442,0.776636,0.142918,-0.613075,0.369476,-0.256106,0.608233,0.146714,-0.611691,-0.023915,0.777005,-0.374907,-0.252886,0.603893,-0.023442,0.776636,0.142918,-0.613075,0.369476,-0.256106,0.608233,0.146714,-0.611691,-0.023915,0.777005,-0.374907,-0.252886,0.603893,0.449996,-0.002012,-0.000512,-0.000667,1,True,True,0.000274,-0.002842,0.002856,0.000002,0.000006,-0.000028,0.000002,0.000006,-0.000028,0.000002,0.000006,-0.000028,0.000000,0.000002,0.000006,-0.000028,True,0.000002,0.000006,-0.000029,0.000002,0.000006,-0.000029,-1.365889,-1.465101,-1.442269,1.682849,-1.365677,-1.465101,-1.442269,1.682849,0.000000,0.000000,0.000000,0.000000,0.000000,0.000000,0.000000,0.000000,-1449.255249,331.414337,874.442810,1322.467163,True,velocity,0.449996,0.449931,0.000000,0.000000,10.572707,False,0.142107,0.141260,0.050617,0.050725,-2.751411,-2.751444,0.000034,2.741903,2.742009,-0.000106,167.000000
6.790888661984354,-0.002462,1.322573,-1.709455,1.316763,0.004143,0.001761,-0.003895,-0.002789,1.326596,1.712409,1.307005,-0.010554,-0.004144,0.005357,-0.023442,0.776636,0.142918,-0.613075,0.369476,-0.256106,0.608233,0.146714,-0.611691,-0.023915,0.777005,-0.374907,-0.252886,0.603893,-0.023442,0.776636,0.142918,-0.613075,0.369476,-0.256106,0.608233,0.146714,-0.611691,-0.023915,0.777005,-0.374907,-0.252886,0.603893,0.449996,-0.002011,-0.000512,-0.000668,1,True,True,0.000276,-0.002729,0.002840,0.000002,0.000006,-0.000028,0.000002,0.000006,-0.000028,0.000002,0.000006,-0.000028,0.000000,0.000002,0.000006,-0.000028,True,0.000002,0.000006,-0.000028,0.000002,0.000006,-0.000028,-1.365889,-1.464815,-1.442269,1.682772,-1.365677,-1.464815,-1.442269,1.682849,0.000000,0.000000,0.000000,0.000000,0.000000,0.000000,0.000000,0.000000,-1449.255249,331.414337,874.442810,1322.467163,True,velocity,0.449996,0.449931,0.000000,0.000000,10.606495,False,0.142108,0.141260,0.050617,0.050725,-2.751411,-2.751444,0.000034,2.741903,2.742009,-0.000106,167.000000
6.823562857985962,-0.002460,1.322573,-1.709456,1.316765,0.004143,0.001761,-0.003897,-0.002789,1.326596,1.712409,1.307005,-0.010554,-0.004144,0.005356,-0.023442,0.776636,0.142918,-0.613075,0.369476,-0.256106,0.608233,0.146714,-0.611691,-0.023915,0.777005,-0.374907,-0.252886,0.603893,-0.023442,0.776636,0.142918,-0.613075,0.369476,-0.256106,0.608233,0.146714,-0.611691,-0.023915,0.777005,-0.374907,-0.252886,0.603893,0.449995,-0.002011,-0.000512,-0.000669,1,True,True,0.000288,-0.002757,0.002851,0.000002,0.000006,-0.000027,0.000002,0.000006,-0.000028,0.000002,0.000006,-0.000028,0.000000,0.000002,0.000006,-0.000027,True,0.000002,0.000006,-0.000028,0.000002,0.000006,-0.000028,-1.365035,-1.464815,-1.442269,1.682811,-1.365035,-1.464815,-1.442269,1.682849,0.000000,0.000000,0.000000,0.000000,0.000000,0.000000,0.000000,0.000000,-1449.255249,331.414337,874.442810,1322.467163,True,velocity,0.449995,0.449931,0.000000,0.000000,10.639185,False,0.142108,0.141260,0.050617,0.050725,-2.751411,-2.751444,0.000034,2.741903,2.742009,-0.000106,167.000000
6.8568216809944715,-0.002459,1.322574,-1.709457,1.316768,0.004143,0.001761,-0.003898,-0.002788,1.326595,1.712408,1.307005,-0.010554,-0.004144,0.005356,-0.023442,0.776636,0.142918,-0.613075,0.369476,-0.256106,0.608233,0.146714,-0.611691,-0.023915,0.777005,-0.374907,-0.252886,0.603893,-0.023442,0.776636,0.142918,-0.613075,0.369476,-0.256106,0.608233,0.146714,-0.611691,-0.023915,0.777005,-0.374907,-0.252886,0.603893,0.449995,-0.002011,-0.000512,-0.000669,1,True,True,0.000288,-0.002757,0.002851,0.000002,0.000006,-0.000027,0.000002,0.000006,-0.000028,0.000002,0.000006,-0.000028,0.000000,0.000002,0.000006,-0.000027,True,0.000002,0.000006,-0.000028,0.000002,0.000006,-0.000028,-1.365465,-1.465101,-1.442269,1.682811,-1.365465,-1.465101,-1.442269,1.682811,0.000000,0.000000,0.000000,0.000000,0.000000,0.000000,0.000000,0.000000,-1449.255249,331.414337,874.442810,1322.467163,True,velocity,0.449995,0.449931,0.000000,0.000000,10.672619,False,0.142108,0.141260,0.050617,0.050725,-2.751411,-2.751444,0.000034,2.741903,2.742009,-0.000106,167.000000
6.89059776099748,-0.002457,1.322574,-1.709458,1.316770,0.004143,0.001761,-0.003899,-0.002787,1.326595,1.712407,1.307006,-0.010553,-0.004143,0.005355,-0.023442,0.776636,0.142918,-0.613075,0.369476,-0.256106,0.608233,0.146714,-0.611691,-0.023915,0.777005,-0.374907,-0.252886,0.603893,-0.023442,0.776636,0.142918,-0.613075,0.369476,-0.256106,0.608233,0.146714,-0.611691,-0.023915,0.777005,-0.374907,-0.252886,0.603893,0.449995,-0.002011,-0.000512,-0.000670,1,True,True,0.000198,-0.002741,0.002840,0.000002,0.000006,-0.000027,0.000002,0.000006,-0.000028,0.000002,0.000006,-0.000028,0.000000,0.000002,0.000006,-0.000027,True,0.000002,0.000006,-0.000028,0.000002,0.000006,-0.000028,-1.365677,-1.465463,-1.442269,1.682811,-1.365677,-1.464815,-1.442269,1.682811,0.000000,0.000000,0.000000,0.000000,0.000000,0.000000,0.000000,0.000000,-1449.255249,331.414337,874.442810,1322.467163,True,velocity,0.449995,0.449931,0.000000,0.000000,10.706288,False,0.142108,0.141260,0.050617,0.050725,-2.751411,-2.751444,0.000034,2.741903,2.742009,-0.000106,167.000000
6.924977763002971,-0.002456,1.322574,-1.709459,1.316773,0.004143,0.001762,-0.003901,-0.002787,1.326594,1.712407,1.307006,-0.010553,-0.004143,0.005354,-0.023442,0.776636,0.142918,-0.613075,0.369476,-0.256106,0.608233,0.146714,-0.611691,-0.023915,0.777005,-0.374907,-0.252886,0.603893,-0.023442,0.776636,0.142918,-0.613075,0.369476,-0.256106,0.608233,0.146714,-0.611691,-0.023915,0.777005,-0.374907,-0.252886,0.603893,0.449994,-0.002011,-0.000513,-0.000671,1,True,True,0.000202,-0.002761,0.002822,0.000002,0.000006,-0.000027,0.000002,0.000006,-0.000028,0.000002,0.000006,-0.000028,0.000000,0.000002,0.000006,-0.000027,True,0.000002,0.000006,-0.000028,0.000002,0.000006,-0.000028,-1.365247,-1.464815,-1.442269,1.682849,-1.365247,-1.465463,-1.442269,1.682849,0.000000,0.000000,0.000000,0.000000,0.000000,0.000000,0.000000,0.000000,-1449.255249,331.414337,874.442810,1322.467163,True,velocity,0.449994,0.449931,0.000000,0.000000,10.740770,False,0.142108,0.141260,0.050617,0.050725,-2.751411,-2.751444,0.000034,2.741903,2.742009,-0.000106,167.000000
6.956762408983195,-0.002454,1.322575,-1.709461,1.316775,0.004143,0.001762,-0.003902,-0.002786,1.326594,1.712406,1.307007,-0.010553,-0.004142,0.005353,-0.023442,0.776636,0.142918,-0.613075,0.369476,-0.256106,0.608233,0.146714,-0.611691,-0.023915,0.777005,-0.374907,-0.252886,0.603893,-0.023442,0.776636,0.142918,-0.613075,0.369476,-0.256106,0.608233,0.146714,-0.611691,-0.023915,0.777005,-0.374907,-0.252886,0.603893,0.449994,-0.002010,-0.000513,-0.000672,1,True,True,0.000202,-0.002761,0.002821,0.000002,0.000006,-0.000027,0.000002,0.000006,-0.000028,0.000002,0.000006,-0.000028,0.000000,0.000002,0.000006,-0.000027,True,0.000002,0.000006,-0.000028,0.000002,0.000006,-0.000028,-1.365247,-1.465282,-1.442270,1.682849,-1.365889,-1.465282,-1.442270,1.682849,0.000000,0.000000,0.000000,0.000000,0.000000,0.000000,0.000000,0.000000,-1449.255249,331.414337,874.442810,1322.467163,True,velocity,0.449994,0.449931,0.000000,0.000000,10.772795,False,0.142109,0.141260,0.050617,0.050725,-2.751411,-2.751444,0.000034,2.741903,2.742009,-0.000106,167.000000
6.991631148994202,-0.002453,1.322575,-1.709462,1.316778,0.004144,0.001762,-0.003903,-0.002786,1.326593,1.712405,1.307007,-0.010552,-0.004142,0.005352,-0.023442,0.776636,0.142918,-0.613075,0.369476,-0.256106,0.608233,0.146714,-0.611691,-0.023915,0.777005,-0.374907,-0.252886,0.603893,-0.023442,0.776636,0.142918,-0.613075,0.369476,-0.256106,0.608233,0.146714,-0.611691,-0.023915,0.777005,-0.374907,-0.252886,0.603893,0.449994,-0.002010,-0.000513,-0.000673,1,True,True,0.000120,-0.002757,0.002830,0.000002,0.000006,-0.000027,0.000002,0.000006,-0.000027,0.000002,0.000006,-0.000027,0.000000,0.000002,0.000006,-0.000027,True,0.000002,0.000006,-0.000028,0.000002,0.000006,-0.000028,-1.365247,-1.465282,-1.442270,1.682849,-1.365247,-1.465463,-1.442269,1.682849,0.000000,0.000000,0.000000,0.000000,0.000000,0.000000,0.000000,0.000000,-1449.255249,331.414337,874.442810,1322.467163,True,velocity,0.449994,0.449931,0.000000,0.000000,10.807391,False,0.142109,0.141260,0.050617,0.050725,-2.751411,-2.751444,0.000034,2.741903,2.742009,-0.000106,167.000000
7.0242056229908485,-0.002452,1.322575,-1.709463,1.316780,0.004144,0.001762,-0.003904,-0.002785,1.326592,1.712404,1.307007,-0.010552,-0.004141,0.005351,-0.023442,0.776636,0.142918,-0.613075,0.369476,-0.256106,0.608233,0.146714,-0.611691,-0.023915,0.777005,-0.374907,-0.252886,0.603893,-0.023442,0.776636,0.142918,-0.613075,0.369476,-0.256106,0.608233,0.146714,-0.611691,-0.023915,0.777005,-0.374907,-0.252886,0.603893,0.449994,-0.002010,-0.000513,-0.000674,1,True,True,0.000111,-0.002774,0.002815,0.000002,0.000006,-0.000027,0.000002,0.000006,-0.000027,0.000002,0.000006,-0.000027,0.000000,0.000002,0.000006,-0.000027,True,0.000002,0.000006,-0.000027,0.000002,0.000006,-0.000027,-1.365035,-1.464815,-1.442269,1.682849,-1.365889,-1.464815,-1.442270,1.682849,0.000000,0.000000,0.000000,0.000000,0.000000,0.000000,0.000000,0.000000,-1449.255249,331.414337,874.442810,1322.467163,True,velocity,0.449994,0.449931,0.000000,0.000000,10.839989,False,0.142109,0.141260,0.050617,0.050725,-2.751411,-2.751444,0.000034,2.741903,2.742009,-0.000106,167.000000
7.059673063980881,-0.002450,1.322576,-1.709464,1.316783,0.004144,0.001762,-0.003906,-0.002784,1.326592,1.712404,1.307008,-0.010551,-0.004141,0.005351,-0.023442,0.776636,0.142918,-0.613075,0.369476,-0.256106,0.608233,0.146714,-0.611691,-0.023915,0.777005,-0.374907,-0.252886,0.603893,-0.023442,0.776636,0.142918,-0.613075,0.369476,-0.256106,0.608233,0.146714,-0.611691,-0.023915,0.777005,-0.374907,-0.252886,0.603893,0.449993,-0.002010,-0.000513,-0.000675,1,True,True,0.000111,-0.002773,0.002814,0.000002,0.000006,-0.000027,0.000002,0.000006,-0.000027,0.000002,0.000006,-0.000027,0.000000,0.000002,0.000006,-0.000027,True,0.000002,0.000006,-0.000027,0.000002,0.000006,-0.000027,-1.365677,-1.465463,-1.442270,1.682887,-1.365677,-1.464815,-1.442270,1.682849,0.000000,0.000000,0.000000,0.000000,0.000000,0.000000,0.000000,0.000000,-1449.255249,331.414337,874.442810,1322.467163,True,velocity,0.449993,0.449931,0.000000,0.000000,10.875217,False,0.142109,0.141260,0.050617,0.050725,-2.751411,-2.751444,0.000034,2.741903,2.742009,-0.000106,167.000000
7.0903393820044585,-0.002449,1.322576,-1.709465,1.316785,0.004144,0.001763,-0.003907,-0.002784,1.326591,1.712403,1.307008,-0.010551,-0.004140,0.005350,-0.023442,0.776636,0.142918,-0.613075,0.369476,-0.256106,0.608233,0.146714,-0.611691,-0.023915,0.777005,-0.374907,-0.252886,0.603893,-0.023442,0.776636,0.142918,-0.613075,0.369476,-0.256106,0.608233,0.146714,-0.611691,-0.023915,0.777005,-0.374907,-0.252886,0.603893,0.449993,-0.002010,-0.000513,-0.000676,1,True,True,0.000049,-0.002756,0.002804,0.000002,0.000006,-0.000026,0.000002,0.000006,-0.000027,0.000002,0.000006,-0.000027,0.000000,0.000002,0.000006,-0.000026,True,0.000002,0.000006,-0.000027,0.000002,0.000006,-0.000027,-1.365889,-1.465282,-1.442270,1.682811,-1.365677,-1.465463,-1.442270,1.682849,0.000000,0.000000,0.000000,0.000000,0.000000,0.000000,0.000000,0.000000,-1449.255249,331.414337,874.442810,1322.467163,True,velocity,0.449993,0.449931,0.000000,0.000000,10.906338,False,0.142110,0.141260,0.050617,0.050725,-2.751411,-2.751444,0.000034,2.741903,2.742009,-0.000106,167.000000
7.125463065982331,-0.002447,1.322577,-1.709466,1.316787,0.004144,0.001763,-0.003908,-0.002783,1.326591,1.712402,1.307008,-0.010551,-0.004140,0.005349,-0.023442,0.776636,0.142918,-0.613075,0.369476,-0.256106,0.608233,0.146714,-0.611691,-0.023915,0.777005,-0.374907,-0.252886,0.603893,-0.023442,0.776636,0.142918,-0.613075,0.369476,-0.256106,0.608233,0.146714,-0.611691,-0.023915,0.777005,-0.374907,-0.252886,0.603893,0.449993,-0.002009,-0.000513,-0.000677,1,True,True,0.000028,-0.002766,0.002804,0.000002,0.000006,-0.000026,0.000002,0.000006,-0.000027,0.000002,0.000006,-0.000027,0.000000,0.000002,0.000006,-0.000026,True,0.000002,0.000006,-0.000027,0.000002,0.000006,-0.000027,-1.365677,-1.464995,-1.442270,1.682811,-1.365035,-1.464815,-1.442270,1.682849,0.000000,0.000000,0.000000,0.000000,0.000000,0.000000,0.000000,0.000000,-1449.255249,331.414337,874.442810,1322.467163,True,velocity,0.449993,0.449931,0.000000,0.000000,10.941265,False,0.142110,0.141260,0.050617,0.050725,-2.751411,-2.751444,0.000034,2.741903,2.742009,-0.000106,167.000000
7.158479537989479,-0.002446,1.322577,-1.709467,1.316790,0.004144,0.001763,-0.003909,-0.002783,1.326590,1.712402,1.307009,-0.010550,-0.004139,0.005348,-0.023442,0.776636,0.142918,-0.613075,0.369476,-0.256106,0.608233,0.146714,-0.611691,-0.023915,0.777005,-0.374907,-0.252886,0.603893,-0.023442,0.776636,0.142918,-0.613075,0.369476,-0.256106,0.608233,0.146714,-0.611691,-0.023915,0.777005,-0.374907,-0.252886,0.603893,0.449993,-0.002009,-0.000513,-0.000677,1,True,True,0.000028,-0.002766,0.002803,0.000001,0.000006,-0.000026,0.000002,0.000006,-0.000027,0.000002,0.000006,-0.000027,0.000000,0.000001,0.000006,-0.000026,True,0.000002,0.000006,-0.000027,0.000002,0.000006,-0.000027,-1.365889,-1.464815,-1.442270,1.682811,-1.365247,-1.464995,-1.442270,1.682772,0.000000,0.000000,0.000000,0.000000,0.000000,0.000000,0.000000,0.000000,-1449.255249,331.414337,874.442810,1322.467163,True,velocity,0.449993,0.449931,0.000000,0.000000,10.974438,False,0.142110,0.141260,0.050617,0.050725,-2.751411,-2.751444,0.000034,2.741903,2.742009,-0.000106,167.000000
7.193331649003085,-0.002445,1.322577,-1.709468,1.316792,0.004145,0.001763,-0.003911,-0.002782,1.326590,1.712401,1.307009,-0.010550,-0.004139,0.005347,-0.023442,0.776636,0.142918,-0.613075,0.369476,-0.256106,0.608233,0.146714,-0.611691,-0.023915,0.777005,-0.374907,-0.252886,0.603893,-0.023442,0.776636,0.142918,-0.613075,0.369476,-0.256106,0.608233,0.146714,-0.611691,-0.023915,0.777005,-0.374907,-0.252886,0.603893,0.449992,-0.002009,-0.000513,-0.000678,1,True,True,-0.000010,-0.002719,0.002802,0.000001,0.000006,-0.000026,0.000002,0.000006,-0.000027,0.000002,0.000006,-0.000027,0.000000,0.000001,0.000006,-0.000026,True,0.000002,0.000006,-0.000027,0.000002,0.000006,-0.000027,-1.365889,-1.465463,-1.442270,1.682811,-1.365889,-1.464815,-1.442270,1.682849,0.000000,0.000000,0.000000,0.000000,0.000000,0.000000,0.000000,0.000000,-1449.255249,331.414337,874.442810,1322.467163,True,velocity,0.449992,0.449931,0.000000,0.000000,11.009286,False,0.142110,0.141260,0.050617,0.050725,-2.751411,-2.751444,0.000034,2.741903,2.742009,-0.000106,167.000000
7.226279121998232,-0.002443,1.322578,-1.709469,1.316794,0.004145,0.001763,-0.003912,-0.002781,1.326589,1.712400,1.307009,-0.010550,-0.004139,0.005347,-0.023442,0.776636,0.142918,-0.613075,0.369476,-0.256106,0.608233,0.146714,-0.611691,-0.023915,0.777005,-0.374907,-0.252886,0.603893,-0.023442,0.776636,0.142918,-0.613075,0.369476,-0.256106,0.608233,0.146714,-0.611691,-0.023915,0.777005,-0.374907,-0.252886,0.603893,0.449992,-0.002009,-0.000513,-0.000679,1,True,True,-0.000035,-0.002726,0.002788,0.000001,0.000006,-0.000026,0.000002,0.000006,-0.000026,0.000002,0.000006,-0.000026,0.000000,0.000001,0.000006,-0.000026,True,0.000002,0.000006,-0.000027,0.000002,0.000006,-0.000027,-1.365459,-1.465282,-1.442270,1.682811,-1.365247,-1.464995,-1.442270,1.682772,0.000000,0.000000,0.000000,0.000000,0.000000,0.000000,0.000000,0.000000,-1449.255249,331.414337,874.442810,1322.467163,True,velocity,0.449992,0.449931,0.000000,0.000000,11.042056,False,0.142110,0.141260,0.050617,0.050725,-2.751411,-2.751444,0.000034,2.741903,2.742009,-0.000106,167.000000
7.260145070991712,-0.002442,1.322578,-1.709470,1.316797,0.004145,0.001764,-0.003913,-0.002781,1.326589,1.712400,1.307010,-0.010549,-0.004138,0.005346,-0.023442,0.776636,0.142918,-0.613075,0.369476,-0.256106,0.608233,0.146714,-0.611691,-0.023915,0.777005,-0.374907,-0.252886,0.603893,-0.023442,0.776636,0.142918,-0.613075,0.369476,-0.256106,0.608233,0.146714,-0.611691,-0.023915,0.777005,-0.374907,-0.252886,0.603893,0.449992,-0.002009,-0.000513,-0.000680,1,True,True,-0.000035,-0.002726,0.002787,0.000001,0.000006,-0.000026,0.000002,0.000006,-0.000026,0.000002,0.000006,-0.000026,0.000000,0.000001,0.000006,-0.000026,True,0.000002,0.000006,-0.000026,0.000002,0.000006,-0.000026,-1.365459,-1.464995,-1.442270,1.682772,-1.365247,-1.464995,-1.442270,1.682772,0.000000,0.000000,0.000000,0.000000,0.000000,0.000000,0.000000,0.000000,-1449.255249,331.414337,874.442810,1322.467163,True,velocity,0.449992,0.449931,0.000000,0.000000,11.076084,False,0.142111,0.141260,0.050617,0.050725,-2.751411,-2.751444,0.000034,2.741903,2.742009,-0.000106,167.000000
7.301450609986205,-0.002441,1.322579,-1.709471,1.316799,0.004145,0.001764,-0.003914,-0.002780,1.326588,1.712399,1.307010,-0.010549,-0.004138,0.005345,-0.023442,0.776636,0.142918,-0.613075,0.369476,-0.256106,0.608233,0.146714,-0.611691,-0.023915,0.777005,-0.374907,-0.252886,0.603893,-0.023442,0.776636,0.142918,-0.613075,0.369476,-0.256106,0.608233,0.146714,-0.611691,-0.023915,0.777005,-0.374907,-0.252886,0.603893,0.449991,-0.002008,-0.000513,-0.000681,1,True,True,-0.000123,-0.002636,0.002790,0.000001,0.000006,-0.000026,0.000002,0.000006,-0.000026,0.000002,0.000006,-0.000026,0.000000,0.000001,0.000006,-0.000026,True,0.000002,0.000006,-0.000026,0.000002,0.000006,-0.000026,-1.365465,-1.464815,-1.442270,1.682734,-1.365465,-1.464815,-1.442270,1.682734,0.000000,0.000000,0.000000,0.000000,0.000000,0.000000,0.000000,0.000000,-1449.255249,331.414337,874.442810,1322.467163,True,velocity,0.449991,0.449931,0.000000,0.000000,11.117335,False,0.142111,0.141260,0.050617,0.050725,-2.751411,-2.751444,0.000034,2.741903,2.742009,-0.000106,167.000000
7.330230772000505,-0.002439,1.322579,-1.709472,1.316801,0.004145,0.001764,-0.003915,-0.002779,1.326588,1.712399,1.307010,-0.010548,-0.004137,0.005345,-0.023442,0.776636,0.142918,-0.613075,0.369476,-0.256106,0.608233,0.146714,-0.611691,-0.023915,0.777005,-0.374907,-0.252886,0.603893,-0.023442,0.776636,0.142918,-0.613075,0.369476,-0.256106,0.608233,0.146714,-0.611691,-0.023915,0.777005,-0.374907,-0.252886,0.603893,0.449991,-0.002008,-0.000513,-0.000682,1,True,True,-0.000150,-0.002634,0.002779,0.000001,0.000006,-0.000026,0.000001,0.000006,-0.000026,0.000001,0.000006,-0.000026,0.000000,0.000001,0.000006,-0.000026,True,0.000002,0.000006,-0.000026,0.000002,0.000006,-0.000026,-1.365465,-1.464815,-1.442270,1.682811,-1.365465,-1.464815,-1.442270,1.682811,0.000000,0.000000,0.000000,0.000000,0.000000,0.000000,0.000000,0.000000,-1449.255249,331.414337,874.442810,1322.467163,True,velocity,0.449991,0.449931,0.000000,0.000000,11.145759,False,0.142111,0.141260,0.050617,0.050725,-2.751411,-2.751444,0.000034,2.741903,2.742009,-0.000106,167.000000
7.362909079005476,-0.002438,1.322579,-1.709473,1.316803,0.004146,0.001764,-0.003916,-0.002779,1.326587,1.712398,1.307010,-0.010548,-0.004137,0.005344,-0.023442,0.776636,0.142918,-0.613075,0.369476,-0.256106,0.608233,0.146714,-0.611691,-0.023915,0.777005,-0.374907,-0.252886,0.603893,-0.023442,0.776636,0.142918,-0.613075,0.369476,-0.256106,0.608233,0.146714,-0.611691,-0.023915,0.777005,-0.374907,-0.252886,0.603893,0.449991,-0.002008,-0.000513,-0.000683,1,True,True,-0.000150,-0.002633,0.002778,0.000001,0.000006,-0.000025,0.000001,0.000006,-0.000026,0.000001,0.000006,-0.000026,0.000000,0.000001,0.000006,-0.000025,True,0.000001,0.000006,-0.000026,0.000001,0.000006,-0.000026,-1.365465,-1.464815,-1.442270,1.682772,-1.365465,-1.464815,-1.442270,1.682772,0.000000,0.000000,0.000000,0.000000,0.000000,0.000000,0.000000,0.000000,-1449.255249,331.414337,874.442810,1322.467163,True,velocity,0.449991,0.449931,0.000000,0.000000,11.178853,False,0.142111,0.141260,0.050617,0.050725,-2.751411,-2.751444,0.000034,2.741903,2.742009,-0.000106,167.000000
7.393271287990501,-0.002437,1.322580,-1.709474,1.316806,0.004146,0.001764,-0.003917,-0.002778,1.326587,1.712397,1.307011,-0.010548,-0.004136,0.005343,-0.023442,0.776636,0.142918,-0.613075,0.369476,-0.256106,0.608233,0.146714,-0.611691,-0.023915,0.777005,-0.374907,-0.252886,0.603893,-0.023442,0.776636,0.142918,-0.613075,0.369476,-0.256106,0.608233,0.146714,-0.611691,-0.023915,0.777005,-0.374907,-0.252886,0.603893,0.449991,-0.002008,-0.000513,-0.000683,1,True,True,-0.000115,-0.002586,0.002824,0.000001,0.000006,-0.000025,0.000001,0.000006,-0.000026,0.000001,0.000006,-0.000026,0.000000,0.000001,0.000006,-0.000025,True,0.000001,0.000006,-0.000026,0.000001,0.000006,-0.000026,-1.365889,-1.464815,-1.442270,1.682811,-1.365889,-1.464815,-1.442270,1.682811,0.000000,0.000000,0.000000,0.000000,0.000000,0.000000,0.000000,0.000000,-1449.255249,331.414337,874.442810,1322.467163,True,velocity,0.449991,0.449931,0.000000,0.000000,11.209253,False,0.142111,0.141260,0.050617,0.050725,-2.751411,-2.751444,0.000034,2.741903,2.742009,-0.000106,167.000000
7.427792956004851,-0.002435,1.322580,-1.709475,1.316808,0.004146,0.001765,-0.003919,-0.002778,1.326586,1.712397,1.307011,-0.010547,-0.004136,0.005342,-0.023442,0.776636,0.142918,-0.613075,0.369476,-0.256106,0.608233,0.146714,-0.611691,-0.023915,0.777005,-0.374907,-0.252886,0.603893,-0.023442,0.776636,0.142918,-0.613075,0.369476,-0.256106,0.608233,0.146714,-0.611691,-0.023915,0.777005,-0.374907,-0.252886,0.603893,0.449991,-0.002008,-0.000513,-0.000684,1,True,True,-0.000142,-0.002588,0.002838,0.000001,0.000006,-0.000025,0.000001,0.000006,-0.000026,0.000001,0.000006,-0.000026,0.000000,0.000001,0.000006,-0.000025,True,0.000001,0.000006,-0.000026,0.000001,0.000006,-0.000026,-1.365465,-1.464815,-1.442270,1.682772,-1.365677,-1.465282,-1.442270,1.682772,0.000000,0.000000,0.000000,0.000000,0.000000,0.000000,0.000000,0.000000,-1449.255249,331.414337,874.442810,1322.467163,True,velocity,0.449991,0.449931,0.000000,0.000000,11.243750,False,0.142112,0.141260,0.050617,0.050725,-2.751411,-2.751444,0.000034,2.741903,2.742009,-0.000106,167.000000
7.460323134990176,-0.002434,1.322580,-1.709476,1.316810,0.004146,0.001765,-0.003920,-0.002777,1.326586,1.712396,1.307011,-0.010547,-0.004136,0.005342,-0.023442,0.776636,0.142918,-0.613075,0.369476,-0.256106,0.608233,0.146714,-0.611691,-0.023915,0.777005,-0.374907,-0.252886,0.603893,-0.023442,0.776636,0.142918,-0.613075,0.369476,-0.256106,0.608233,0.146714,-0.611691,-0.023915,0.777005,-0.374907,-0.252886,0.603893,0.449990,-0.002007,-0.000513,-0.000685,1,True,True,-0.000142,-0.002588,0.002837,0.000001,0.000006,-0.000025,0.000001,0.000006,-0.000026,0.000001,0.000006,-0.000026,0.000000,0.000001,0.000006,-0.000025,True,0.000001,0.000006,-0.000026,0.000001,0.000006,-0.000026,-1.365889,-1.465282,-1.442270,1.682811,-1.365677,-1.464815,-1.442271,1.682811,0.000000,0.000000,0.000000,0.000000,0.000000,0.000000,0.000000,0.000000,-1449.255249,331.414337,874.442810,1322.467163,True,velocity,0.449990,0.449931,0.000000,0.000000,11.275827,False,0.142112,0.141260,0.050617,0.050725,-2.751411,-2.751444,0.000034,2.741903,2.742009,-0.000106,167.000000
7.497191809001379,-0.002433,1.322581,-1.709477,1.316812,0.004146,0.001765,-0.003921,-0.002776,1.326585,1.712395,1.307011,-0.010547,-0.004135,0.005341,-0.023442,0.776636,0.142918,-0.613075,0.369476,-0.256106,0.608233,0.146714,-0.611691,-0.023915,0.777005,-0.374907,-0.252886,0.603893,-0.023442,0.776636,0.142918,-0.613075,0.369476,-0.256106,0.608233,0.146714,-0.611691,-0.023915,0.777005,-0.374907,-0.252886,0.603893,0.449990,-0.002007,-0.000513,-0.000686,1,True,True,-0.000179,-0.002597,0.002847,0.000001,0.000006,-0.000025,0.000001,0.000006,-0.000025,0.000001,0.000006,-0.000025,0.000000,0.000001,0.000006,-0.000025,True,0.000001,0.000006,-0.000026,0.000001,0.000006,-0.000026,-1.365677,-1.464995,-1.442270,1.682887,-1.365677,-1.464815,-1.442270,1.682772,0.000000,0.000000,0.000000,0.000000,0.000000,0.000000,0.000000,0.000000,-1449.255249,331.414337,874.442810,1322.467163,True,velocity,0.449990,0.449931,0.000000,0.000000,11.313103,False,0.142112,0.141260,0.050617,0.050725,-2.751411,-2.751444,0.000034,2.741903,2.742009,-0.000106,167.000000
7.529391674994258,-0.002432,1.322581,-1.709478,1.316814,0.004147,0.001765,-0.003922,-0.002776,1.326584,1.712395,1.307011,-0.010546,-0.004135,0.005341,-0.023442,0.776636,0.142918,-0.613075,0.369476,-0.256106,0.608233,0.146714,-0.611691,-0.023915,0.777005,-0.374907,-0.252886,0.603893,-0.023442,0.776636,0.142918,-0.613075,0.369476,-0.256106,0.608233,0.146714,-0.611691,-0.023915,0.777005,-0.374907,-0.252886,0.603893,0.449990,-0.002007,-0.000513,-0.000687,1,True,True,-0.000195,-0.002606,0.002829,0.000001,0.000006,-0.000025,0.000001,0.000006,-0.000025,0.000001,0.000006,-0.000025,0.000000,0.000001,0.000006,-0.000025,True,0.000001,0.000006,-0.000025,0.000001,0.000006,-0.000025,-1.365677,-1.464815,-1.442271,1.682772,-1.365677,-1.465282,-1.442270,1.682772,0.000000,0.000000,0.000000,0.000000,0.000000,0.000000,0.000000,0.000000,-1449.255249,331.414337,874.442810,1322.467163,True,velocity,0.449990,0.449931,0.000000,0.000000,11.345184,False,0.142112,0.141260,0.050617,0.050725,-2.751411,-2.751444,0.000034,2.741903,2.742009,-0.000106,167.000000
7.565290316997562,-0.002430,1.322582,-1.709479,1.316817,0.004147,0.001765,-0.003923,-0.002775,1.326584,1.712394,1.307012,-0.010546,-0.004134,0.005340,-0.023442,0.776636,0.142918,-0.613075,0.369476,-0.256106,0.608233,0.146714,-0.611691,-0.023915,0.777005,-0.374907,-0.252886,0.603893,-0.023442,0.776636,0.142918,-0.613075,0.369476,-0.256106,0.608233,0.146714,-0.611691,-0.023915,0.777005,-0.374907,-0.252886,0.603893,0.449990,-0.002007,-0.000513,-0.000688,1,True,True,-0.000195,-0.002606,0.002829,0.000001,0.000006,-0.000025,0.000001,0.000006,-0.000025,0.000001,0.000006,-0.000025,0.000000,0.000001,0.000006,-0.000025,True,0.000001,0.000006,-0.000025,0.000001,0.000006,-0.000025,-1.365677,-1.464815,-1.442270,1.682772,-1.365677,-1.464815,-1.442270,1.682811,0.000000,0.000000,0.000000,0.000000,0.000000,0.000000,0.000000,0.000000,-1449.255249,331.414337,874.442810,1322.467163,True,velocity,0.449990,0.449931,0.000000,0.000000,11.380777,False,0.142112,0.141260,0.050617,0.050725,-2.751411,-2.751444,0.000034,2.741903,2.742009,-0.000106,167.000000
7.594193458993686,-0.002429,1.322582,-1.709480,1.316819,0.004147,0.001766,-0.003924,-0.002774,1.326583,1.712393,1.307012,-0.010546,-0.004134,0.005339,-0.023442,0.776636,0.142918,-0.613075,0.369476,-0.256106,0.608233,0.146714,-0.611691,-0.023915,0.777005,-0.374907,-0.252886,0.603893,-0.023442,0.776636,0.142918,-0.613075,0.369476,-0.256106,0.608233,0.146714,-0.611691,-0.023915,0.777005,-0.374907,-0.252886,0.603893,0.449989,-0.002007,-0.000514,-0.000688,1,True,True,0.000015,-0.002689,0.002824,0.000001,0.000006,-0.000025,0.000001,0.000006,-0.000025,0.000001,0.000006,-0.000025,0.000000,0.000001,0.000006,-0.000025,True,0.000001,0.000006,-0.000025,0.000001,0.000006,-0.000025,-1.365465,-1.464815,-1.442270,1.682811,-1.365677,-1.464815,-1.442270,1.682811,0.000000,0.000000,0.000000,0.000000,0.000000,0.000000,0.000000,0.000000,-1449.255249,331.414337,874.442810,1322.467163,True,velocity,0.449989,0.449931,0.000000,0.000000,11.410032,False,0.142113,0.141260,0.050617,0.050725,-2.751411,-2.751444,0.000034,2.741903,2.742009,-0.000106,167.000000
7.6267604529857635,-0.002428,1.322582,-1.709480,1.316821,0.004147,0.001766,-0.003925,-0.002774,1.326583,1.712393,1.307012,-0.010545,-0.004133,0.005339,-0.023442,0.776636,0.142918,-0.613075,0.369476,-0.256106,0.608233,0.146714,-0.611691,-0.023915,0.777005,-0.374907,-0.252886,0.603893,-0.023442,0.776636,0.142918,-0.613075,0.369476,-0.256106,0.608233,0.146714,-0.611691,-0.023915,0.777005,-0.374907,-0.252886,0.603893,0.449989,-0.002006,-0.000514,-0.000689,1,True,True,0.000015,-0.002709,0.002814,0.000001,0.000006,-0.000024,0.000001,0.000006,-0.000025,0.000001,0.000006,-0.000025,0.000000,0.000001,0.000006,-0.000024,True,0.000001,0.000006,-0.000025,0.000001,0.000006,-0.000025,-1.365465,-1.464815,-1.442270,1.682811,-1.365465,-1.464815,-1.442270,1.682772,0.000000,0.000000,0.000000,0.000000,0.000000,0.000000,0.000000,0.000000,-1449.255249,331.414337,874.442810,1322.467163,True,velocity,0.449989,0.449931,0.000000,0.000000,11.442550,False,0.142113,0.141260,0.050617,0.050725,-2.751411,-2.751444,0.000034,2.741903,2.742009,-0.000106,167.000000
7.659587556001497,-0.002427,1.322583,-1.709481,1.316823,0.004147,0.001766,-0.003926,-0.002773,1.326582,1.712392,1.307012,-0.010545,-0.004133,0.005338,-0.023442,0.776636,0.142918,-0.613075,0.369476,-0.256106,0.608233,0.146714,-0.611691,-0.023915,0.777005,-0.374907,-0.252886,0.603893,-0.023442,0.776636,0.142918,-0.613075,0.369476,-0.256106,0.608233,0.146714,-0.611691,-0.023915,0.777005,-0.374907,-0.252886,0.603893,0.449989,-0.002006,-0.000514,-0.000690,1,True,True,0.000015,-0.002709,0.002813,0.000001,0.000006,-0.000024,0.000001,0.000006,-0.000025,0.000001,0.000006,-0.000025,0.000000,0.000001,0.000006,-0.000024,True,0.000001,0.000006,-0.000025,0.000001,0.000006,-0.000025,-1.365465,-1.464815,-1.442270,1.682772,-1.365465,-1.464815,-1.442270,1.682849,0.000000,0.000000,0.000000,0.000000,0.000000,0.000000,0.000000,0.000000,-1449.255249,331.414337,874.442810,1322.467163,True,velocity,0.449989,0.449931,0.000000,0.000000,11.475602,False,0.142113,0.141260,0.050617,0.050725,-2.751411,-2.751444,0.000034,2.741903,2.742009,-0.000106,167.000000
7.692926693009213,-0.002425,1.322583,-1.709482,1.316825,0.004148,0.001766,-0.003927,-0.002773,1.326582,1.712392,1.307012,-0.010545,-0.004132,0.005337,-0.023442,0.776636,0.142918,-0.613075,0.369476,-0.256106,0.608233,0.146714,-0.611691,-0.023915,0.777005,-0.374907,-0.252886,0.603893,-0.023442,0.776636,0.142918,-0.613075,0.369476,-0.256106,0.608233,0.146714,-0.611691,-0.023915,0.777005,-0.374907,-0.252886,0.603893,0.449989,-0.002006,-0.000514,-0.000691,1,True,True,0.000021,-0.002736,0.002836,0.000001,0.000006,-0.000024,0.000001,0.000006,-0.000025,0.000001,0.000006,-0.000025,0.000000,0.000001,0.000006,-0.000024,True,0.000001,0.000006,-0.000025,0.000001,0.000006,-0.000025,-1.365677,-1.464815,-1.442270,1.682811,-1.365677,-1.464815,-1.442270,1.682772,0.000000,0.000000,0.000000,0.000000,0.000000,0.000000,0.000000,0.000000,-1449.255249,331.414337,874.442810,1322.467163,True,velocity,0.449989,0.449931,0.000000,0.000000,11.508794,False,0.142113,0.141260,0.050617,0.050725,-2.751411,-2.751444,0.000034,2.741903,2.742009,-0.000106,167.000000
7.7268935309839435,-0.002424,1.322584,-1.709483,1.316827,0.004148,0.001767,-0.003928,-0.002772,1.326581,1.712391,1.307012,-0.010544,-0.004132,0.005337,-0.023442,0.776636,0.142918,-0.613075,0.369476,-0.256106,0.608233,0.146714,-0.611691,-0.023915,0.777005,-0.374907,-0.252886,0.603893,-0.023442,0.776636,0.142918,-0.613075,0.369476,-0.256106,0.608233,0.146714,-0.611691,-0.023915,0.777005,-0.374907,-0.252886,0.603893,0.449988,-0.002006,-0.000514,-0.000692,1,True,True,0.000027,-0.002749,0.002826,0.000001,0.000006,-0.000024,0.000001,0.000006,-0.000025,0.000001,0.000006,-0.000025,0.000000,0.000001,0.000006,-0.000024,True,0.000001,0.000006,-0.000025,0.000001,0.000006,-0.000025,-1.365465,-1.465282,-1.442270,1.682772,-1.365677,-1.464815,-1.442269,1.682772,0.000000,0.000000,0.000000,0.000000,0.000000,0.000000,0.000000,0.000000,-1449.255249,331.414337,874.442810,1322.467163,True,velocity,0.449988,0.449931,0.000000,0.000000,11.542895,False,0.142113,0.141260,0.050617,0.050725,-2.751411,-2.751444,0.000034,2.741903,2.742009,-0.000106,167.000000
7.7596269299974665,-0.002423,1.322584,-1.709484,1.316829,0.004148,0.001767,-0.003929,-0.002771,1.326581,1.712390,1.307012,-0.010544,-0.004132,0.005336,-0.023442,0.776636,0.142918,-0.613075,0.369476,-0.256106,0.608233,0.146714,-0.611691,-0.023915,0.777005,-0.374907,-0.252886,0.603893,-0.023442,0.776636,0.142918,-0.613075,0.369476,-0.256106,0.608233,0.146714,-0.611691,-0.023915,0.777005,-0.374907,-0.252886,0.603893,0.449988,-0.002006,-0.000514,-0.000692,1,True,True,0.000027,-0.002749,0.002825,0.000001,0.000006,-0.000024,0.000001,0.000006,-0.000024,0.000001,0.000006,-0.000024,0.000000,0.000001,0.000006,-0.000024,True,0.000001,0.000006,-0.000025,0.000001,0.000006,-0.000025,-1.365677,-1.464995,-1.442270,1.682811,-1.365677,-1.464995,-1.442270,1.682811,0.000000,0.000000,0.000000,0.000000,0.000000,0.000000,0.000000,0.000000,-1449.255249,331.414337,874.442810,1322.467163,True,velocity,0.449988,0.449931,0.000000,0.000000,11.575653,False,0.142114,0.141260,0.050617,0.050725,-2.751411,-2.751444,0.000034,2.741903,2.742009,-0.000106,167.000000
7.794474263006123,-0.002422,1.322584,-1.709485,1.316831,0.004148,0.001767,-0.003930,-0.002771,1.326580,1.712390,1.307012,-0.010543,-0.004131,0.005336,-0.023442,0.776636,0.142918,-0.613075,0.369476,-0.256106,0.608233,0.146714,-0.611691,-0.023915,0.777005,-0.374907,-0.252886,0.603893,-0.023442,0.776636,0.142918,-0.613075,0.369476,-0.256106,0.608233,0.146714,-0.611691,-0.023915,0.777005,-0.374907,-0.252886,0.603893,0.449988,-0.002005,-0.000514,-0.000693,1,True,True,0.000242,-0.002603,0.002834,0.000001,0.000006,-0.000024,0.000001,0.000006,-0.000024,0.000001,0.000006,-0.000024,0.000000,0.000001,0.000006,-0.000024,True,0.000001,0.000006,-0.000024,0.000001,0.000006,-0.000024,-1.365677,-1.464995,-1.442270,1.682811,-1.365677,-1.464995,-1.442270,1.682811,0.000000,0.000000,0.000000,0.000000,0.000000,0.000000,0.000000,0.000000,-1449.255249,331.414337,874.442810,1322.467163,True,velocity,0.449988,0.449931,0.000000,0.000000,11.610282,False,0.142114,0.141261,0.050617,0.050725,-2.751411,-2.751444,0.000034,2.741903,2.742009,-0.000106,167.000000
7.827128311997512,-0.002421,1.322585,-1.709486,1.316833,0.004148,0.001767,-0.003931,-0.002770,1.326580,1.712389,1.307013,-0.010543,-0.004131,0.005335,-0.023442,0.776636,0.142918,-0.613075,0.369476,-0.256106,0.608233,0.146714,-0.611691,-0.023915,0.777005,-0.374907,-0.252886,0.603893,-0.023442,0.776636,0.142918,-0.613075,0.369476,-0.256106,0.608233,0.146714,-0.611691,-0.023915,0.777005,-0.374907,-0.252886,0.603893,0.449988,-0.002005,-0.000514,-0.000694,1,True,True,0.000271,-0.002598,0.002829,0.000001,0.000006,-0.000024,0.000001,0.000006,-0.000024,0.000001,0.000006,-0.000024,0.000000,0.000001,0.000006,-0.000024,True,0.000001,0.000006,-0.000024,0.000001,0.000006,-0.000024,-1.365247,-1.464995,-1.442270,1.682849,-1.365247,-1.464995,-1.442270,1.682772,0.000000,0.000000,0.000000,0.000000,0.000000,0.000000,0.000000,0.000000,-1449.255249,331.414337,874.442810,1322.467163,True,velocity,0.449988,0.449931,0.000000,0.000000,11.643145,False,0.142114,0.141261,0.050617,0.050725,-2.751411,-2.751444,0.000034,2.741903,2.742009,-0.000106,167.000000
7.859971767000388,-0.002419,1.322585,-1.709487,1.316835,0.004148,0.001767,-0.003932,-0.002770,1.326579,1.712388,1.307013,-0.010543,-0.004130,0.005334,-0.023442,0.776636,0.142918,-0.613075,0.369476,-0.256106,0.608233,0.146714,-0.611691,-0.023915,0.777005,-0.374907,-0.252886,0.603893,-0.023442,0.776636,0.142918,-0.613075,0.369476,-0.256106,0.608233,0.146714,-0.611691,-0.023915,0.777005,-0.374907,-0.252886,0.603893,0.449988,-0.002005,-0.000514,-0.000695,1,True,True,0.000271,-0.002598,0.002828,0.000001,0.000006,-0.000024,0.000001,0.000006,-0.000024,0.000001,0.000006,-0.000024,0.000000,0.000001,0.000006,-0.000024,True,0.000001,0.000006,-0.000024,0.000001,0.000006,-0.000024,-1.365247,-1.464995,-1.442270,1.682772,-1.365247,-1.464995,-1.442270,1.682772,0.000000,0.000000,0.000000,0.000000,0.000000,0.000000,0.000000,0.000000,-1449.255249,331.414337,874.442810,1322.467163,True,velocity,0.449988,0.449931,0.000000,0.000000,11.675817,False,0.142114,0.141261,0.050617,0.050725,-2.751411,-2.751444,0.000034,2.741903,2.742009,-0.000106,167.000000
7.893291310989298,-0.002418,1.322585,-1.709488,1.316837,0.004149,0.001768,-0.003933,-0.002769,1.326579,1.712388,1.307013,-0.010542,-0.004130,0.005334,-0.023442,0.776636,0.142918,-0.613075,0.369476,-0.256106,0.608233,0.146714,-0.611691,-0.023915,0.777005,-0.374907,-0.252886,0.603893,-0.023442,0.776636,0.142918,-0.613075,0.369476,-0.256106,0.608233,0.146714,-0.611691,-0.023915,0.777005,-0.374907,-0.252886,0.603893,0.449987,-0.002005,-0.000514,-0.000696,1,True,True,0.000446,-0.002550,0.002817,0.000001,0.000006,-0.000023,0.000001,0.000006,-0.000024,0.000001,0.000006,-0.000024,0.000000,0.000001,0.000006,-0.000023,True,0.000001,0.000006,-0.000024,0.000001,0.000006,-0.000024,-1.365247,-1.464995,-1.442269,1.682849,-1.365247,-1.464995,-1.442269,1.682849,0.000000,0.000000,0.000000,0.000000,0.000000,0.000000,0.000000,0.000000,-1449.255249,331.414337,874.442810,1322.467163,True,velocity,0.449987,0.449931,0.000000,0.000000,11.709183,False,0.142114,0.141261,0.050617,0.050725,-2.751411,-2.751444,0.000034,2.741903,2.742009,-0.000106,167.000000
7.929705357993953,-0.002417,1.322586,-1.709489,1.316839,0.004149,0.001768,-0.003934,-0.002768,1.326578,1.712387,1.307013,-0.010542,-0.004130,0.005333,-0.023442,0.776636,0.142918,-0.613075,0.369476,-0.256106,0.608233,0.146714,-0.611691,-0.023915,0.777005,-0.374907,-0.252886,0.603893,-0.023442,0.776636,0.142918,-0.613075,0.369476,-0.256106,0.608233,0.146714,-0.611691,-0.023915,0.777005,-0.374907,-0.252886,0.603893,0.449987,-0.002005,-0.000514,-0.000696,1,True,True,0.000416,-0.002595,0.002799,0.000001,0.000006,-0.000023,0.000001,0.000006,-0.000024,0.000001,0.000006,-0.000024,0.000000,0.000001,0.000006,-0.000023,True,0.000001,0.000006,-0.000024,0.000001,0.000006,-0.000024,-1.365247,-1.464815,-1.442270,1.682811,-1.365247,-1.464995,-1.442270,1.682811,0.000000,0.000000,0.000000,0.000000,0.000000,0.000000,0.000000,0.000000,-1449.255249,331.414337,874.442810,1322.467163,True,velocity,0.449987,0.449931,0.000000,0.000000,11.744655,False,0.142115,0.141261,0.050617,0.050725,-2.751411,-2.751444,0.000034,2.741903,2.742009,-0.000106,167.000000
7.964044841995928,-0.002416,1.322586,-1.709489,1.316841,0.004149,0.001768,-0.003935,-0.002768,1.326578,1.712387,1.307013,-0.010542,-0.004129,0.005333,-0.023442,0.776636,0.142918,-0.613075,0.369476,-0.256106,0.608233,0.146714,-0.611691,-0.023915,0.777005,-0.374907,-0.252886,0.603893,-0.023442,0.776636,0.142918,-0.613075,0.369476,-0.256106,0.608233,0.146714,-0.611691,-0.023915,0.777005,-0.374907,-0.252886,0.603893,0.449987,-0.002004,-0.000514,-0.000697,1,True,True,0.000416,-0.002595,0.002798,0.000001,0.000006,-0.000023,0.000001,0.000006,-0.000024,0.000001,0.000006,-0.000024,0.000000,0.000001,0.000006,-0.000023,True,0.000001,0.000006,-0.000024,0.000001,0.000006,-0.000024,-1.365247,-1.464995,-1.442270,1.682772,-1.365247,-1.464995,-1.442270,1.682772,0.000000,0.000000,0.000000,0.000000,0.000000,0.000000,0.000000,0.000000,-1449.255249,331.414337,874.442810,1322.467163,True,velocity,0.449987,0.449931,0.000000,0.000000,11.779766,False,0.142115,0.141261,0.050617,0.050725,-2.751411,-2.751444,0.000034,2.741903,2.742009,-0.000106,167.000000
7.993652017990826,-0.002415,1.322587,-1.709490,1.316843,0.004149,0.001768,-0.003936,-0.002767,1.326577,1.712386,1.307013,-0.010541,-0.004129,0.005332,-0.023442,0.776636,0.142918,-0.613075,0.369476,-0.256106,0.608233,0.146714,-0.611691,-0.023915,0.777005,-0.374907,-0.252886,0.603893,-0.023442,0.776636,0.142918,-0.613075,0.369476,-0.256106,0.608233,0.146714,-0.611691,-0.023915,0.777005,-0.374907,-0.252886,0.603893,0.449987,-0.002004,-0.000514,-0.000698,1,True,True,0.000481,-0.002596,0.002802,0.000001,0.000006,-0.000023,0.000001,0.000006,-0.000024,0.000001,0.000006,-0.000024,0.000000,0.000001,0.000006,-0.000023,True,0.000001,0.000006,-0.000024,0.000001,0.000006,-0.000024,-1.365247,-1.464995,-1.442270,1.682811,-1.365677,-1.464995,-1.442270,1.682811,0.000000,0.000000,0.000000,0.000000,0.000000,0.000000,0.000000,0.000000,-1449.255249,331.414337,874.442810,1322.467163,True,velocity,0.449987,0.449931,0.000000,0.000000,11.809651,False,0.142115,0.141261,0.050617,0.050725,-2.751411,-2.751444,0.000034,2.741903,2.742009,-0.000106,167.000000
8.029845213983208,-0.002414,1.322587,-1.709491,1.316845,0.004149,0.001769,-0.003937,-0.002766,1.326577,1.712385,1.307013,-0.010541,-0.004128,0.005332,-0.023442,0.776636,0.142918,-0.613075,0.369476,-0.256106,0.608233,0.146714,-0.611691,-0.023915,0.777005,-0.374907,-0.252886,0.603893,-0.023442,0.776636,0.142918,-0.613075,0.369476,-0.256106,0.608233,0.146714,-0.611691,-0.023915,0.777005,-0.374907,-0.252886,0.603893,0.449987,-0.002004,-0.000514,-0.000699,1,True,True,0.000513,-0.002598,0.002806,0.000001,0.000006,-0.000023,0.000001,0.000006,-0.000024,0.000001,0.000006,-0.000024,0.000000,0.000001,0.000006,-0.000023,True,0.000001,0.000006,-0.000024,0.000001,0.000006,-0.000024,-1.365677,-1.464995,-1.442270,1.682811,-1.365677,-1.464995,-1.442270,1.682811,0.000000,0.000000,0.000000,0.000000,0.000000,0.000000,0.000000,0.000000,-1449.255249,331.414337,874.442810,1322.467163,True,velocity,0.449987,0.449931,0.000000,0.000000,11.845508,False,0.142115,0.141261,0.050617,0.050725,-2.751411,-2.751444,0.000034,2.741903,2.742009,-0.000106,167.000000
8.061669914983213,-0.002412,1.322587,-1.709492,1.316847,0.004150,0.001769,-0.003938,-0.002766,1.326576,1.712385,1.307013,-0.010541,-0.004128,0.005331,-0.023442,0.776636,0.142918,-0.613075,0.369476,-0.256106,0.608233,0.146714,-0.611691,-0.023915,0.777005,-0.374907,-0.252886,0.603893,-0.023442,0.776636,0.142918,-0.613075,0.369476,-0.256106,0.608233,0.146714,-0.611691,-0.023915,0.777005,-0.374907,-0.252886,0.603893,0.449986,-0.002004,-0.000514,-0.000699,1,True,True,0.000513,-0.002598,0.002805,0.000001,0.000006,-0.000023,0.000001,0.000006,-0.000023,0.000001,0.000006,-0.000023,0.000000,0.000001,0.000006,-0.000023,True,0.000001,0.000006,-0.000024,0.000001,0.000006,-0.000024,-1.365677,-1.464995,-1.442270,1.682811,-1.365677,-1.464995,-1.442270,1.682849,0.000000,0.000000,0.000000,0.000000,0.000000,0.000000,0.000000,0.000000,-1449.255249,331.414337,874.442810,1322.467163,True,velocity,0.449986,0.449931,0.000000,0.000000,11.877579,False,0.142115,0.141261,0.050617,0.050725,-2.751411,-2.751444,0.000034,2.741903,2.742009,-0.000106,167.000000
8.094530147005571,-0.002411,1.322588,-1.709493,1.316849,0.004150,0.001769,-0.003939,-0.002765,1.326576,1.712384,1.307013,-0.010540,-0.004127,0.005331,-0.023442,0.776636,0.142918,-0.613075,0.369476,-0.256106,0.608233,0.146714,-0.611691,-0.023915,0.777005,-0.374907,-0.252886,0.603893,-0.023442,0.776636,0.142918,-0.613075,0.369476,-0.256106,0.608233,0.146714,-0.611691,-0.023915,0.777005,-0.374907,-0.252886,0.603893,0.449986,-0.002004,-0.000514,-0.000700,1,True,True,0.000575,-0.002598,0.002789,0.000001,0.000006,-0.000023,0.000001,0.000006,-0.000023,0.000001,0.000006,-0.000023,0.000000,0.000001,0.000006,-0.000023,True,0.000001,0.000006,-0.000023,0.000001,0.000006,-0.000023,-1.365465,-1.464995,-1.442270,1.682849,-1.365465,-1.464995,-1.442270,1.682849,0.000000,0.000000,0.000000,0.000000,0.000000,0.000000,0.000000,0.000000,-1449.255249,331.414337,874.442810,1322.467163,True,velocity,0.449986,0.449931,0.000000,0.000000,11.910451,False,0.142115,0.141261,0.050617,0.050725,-2.751411,-2.751444,0.000034,2.741903,2.742009,-0.000106,167.000000
8.127579157007858,-0.002410,1.322588,-1.709494,1.316851,0.004150,0.001769,-0.003940,-0.002765,1.326575,1.712384,1.307013,-0.010540,-0.004127,0.005330,-0.023442,0.776636,0.142918,-0.613075,0.369476,-0.256106,0.608233,0.146714,-0.611691,-0.023915,0.777005,-0.374907,-0.252886,0.603893,-0.023442,0.776636,0.142918,-0.613075,0.369476,-0.256106,0.608233,0.146714,-0.611691,-0.023915,0.777005,-0.374907,-0.252886,0.603893,0.449986,-0.002003,-0.000514,-0.000701,1,True,True,0.000603,-0.002591,0.002804,0.000001,0.000006,-0.000023,0.000001,0.000006,-0.000023,0.000001,0.000006,-0.000023,0.000000,0.000001,0.000006,-0.000023,True,0.000001,0.000006,-0.000023,0.000001,0.000006,-0.000023,-1.365465,-1.464995,-1.442270,1.682772,-1.365465,-1.464995,-1.442270,1.682772,0.000000,0.000000,0.000000,0.000000,0.000000,0.000000,0.000000,0.000000,-1449.255249,331.414337,874.442810,1322.467163,True,velocity,0.449986,0.449931,0.000000,0.000000,11.943586,False,0.142116,0.141261,0.050617,0.050725,-2.751411,-2.751444,0.000034,2.741903,2.742009,-0.000106,167.000000
8.161047348985448,-0.002409,1.322588,-1.709494,1.316852,0.004150,0.001770,-0.003941,-0.002764,1.326575,1.712383,1.307013,-0.010540,-0.004127,0.005330,-0.023442,0.776636,0.142918,-0.613075,0.369476,-0.256106,0.608233,0.146714,-0.611691,-0.023915,0.777005,-0.374907,-0.252886,0.603893,-0.023442,0.776636,0.142918,-0.613075,0.369476,-0.256106,0.608233,0.146714,-0.611691,-0.023915,0.777005,-0.374907,-0.252886,0.603893,0.449986,-0.002003,-0.000514,-0.000702,1,True,True,0.000603,-0.002591,0.002803,0.000001,0.000006,-0.000023,0.000001,0.000006,-0.000023,0.000001,0.000006,-0.000023,0.000000,0.000001,0.000006,-0.000023,True,0.000001,0.000006,-0.000023,0.000001,0.000006,-0.000023,-1.365677,-1.464995,-1.442270,1.682811,-1.365677,-1.464995,-1.442270,1.682811,0.000000,0.000000,0.000000,0.000000,0.000000,0.000000,0.000000,0.000000,-1449.255249,331.414337,874.442810,1322.467163,True,velocity,0.449986,0.449931,0.000000,0.000000,11.976933,False,0.142116,0.141261,0.050617,0.050725,-2.751411,-2.751444,0.000034,2.741903,2.742009,-0.000106,167.000000
8.194176560995402,-0.002408,1.322589,-1.709495,1.316854,0.004151,0.001770,-0.003942,-0.002763,1.326574,1.712383,1.307013,-0.010539,-0.004126,0.005329,-0.023442,0.776636,0.142918,-0.613075,0.369476,-0.256106,0.608233,0.146714,-0.611691,-0.023915,0.777005,-0.374907,-0.252886,0.603893,-0.023442,0.776636,0.142918,-0.613075,0.369476,-0.256106,0.608233,0.146714,-0.611691,-0.023915,0.777005,-0.374907,-0.252886,0.603893,0.449986,-0.002003,-0.000514,-0.000702,1,True,True,0.000451,-0.002647,0.002825,0.000001,0.000006,-0.000022,0.000001,0.000006,-0.000023,0.000001,0.000006,-0.000023,0.000000,0.000001,0.000006,-0.000022,True,0.000001,0.000006,-0.000023,0.000001,0.000006,-0.000023,-1.365465,-1.464995,-1.442270,1.682811,-1.365465,-1.464995,-1.442270,1.682811,0.000000,0.000000,0.000000,0.000000,0.000000,0.000000,0.000000,0.000000,-1449.255249,331.414337,874.442810,1322.467163,True,velocity,0.449986,0.449931,0.000000,0.000000,12.010119,False,0.142116,0.141261,0.050617,0.050725,-2.751411,-2.751444,0.000034,2.741903,2.742009,-0.000106,167.000000
8.228320342983352,-0.002407,1.322589,-1.709496,1.316856,0.004151,0.001770,-0.003943,-0.002763,1.326574,1.712382,1.307013,-0.010539,-0.004126,0.005329,-0.023442,0.776636,0.142918,-0.613075,0.369476,-0.256106,0.608233,0.146714,-0.611691,-0.023915,0.777005,-0.374907,-0.252886,0.603893,-0.023442,0.776636,0.142918,-0.613075,0.369476,-0.256106,0.608233,0.146714,-0.611691,-0.023915,0.777005,-0.374907,-0.252886,0.603893,0.449985,-0.002003,-0.000514,-0.000703,1,True,True,0.000376,-0.002662,0.002828,0.000001,0.000006,-0.000022,0.000001,0.000006,-0.000023,0.000001,0.000006,-0.000023,0.000000,0.000001,0.000006,-0.000022,True,0.000001,0.000006,-0.000023,0.000001,0.000006,-0.000023,-1.365677,-1.464995,-1.442270,1.682772,-1.365677,-1.464815,-1.442270,1.682811,0.000000,0.000000,0.000000,0.000000,0.000000,0.000000,0.000000,0.000000,-1449.255249,331.414337,874.442810,1322.467163,True,velocity,0.449985,0.449931,0.000000,0.000000,12.044333,False,0.142116,0.141260,0.050617,0.050725,-2.751411,-2.751444,0.000034,2.741903,2.742009,-0.000106,167.000000
8.260609930002829,-0.002406,1.322590,-1.709497,1.316858,0.004151,0.001770,-0.003943,-0.002762,1.326573,1.712381,1.307013,-0.010539,-0.004125,0.005328,-0.023442,0.776636,0.142918,-0.613075,0.369476,-0.256106,0.608233,0.146714,-0.611691,-0.023915,0.777005,-0.374907,-0.252886,0.603893,-0.023442,0.776636,0.142918,-0.613075,0.369476,-0.256106,0.608233,0.146714,-0.611691,-0.023915,0.777005,-0.374907,-0.252886,0.603893,0.449985,-0.002003,-0.000514,-0.000704,1,True,True,0.000376,-0.002662,0.002827,0.000001,0.000006,-0.000022,0.000001,0.000006,-0.000023,0.000001,0.000006,-0.000023,0.000000,0.000001,0.000006,-0.000022,True,0.000001,0.000006,-0.000023,0.000001,0.000006,-0.000023,-1.365677,-1.464815,-1.442270,1.682811,-1.365465,-1.464815,-1.442270,1.682811,0.000000,0.000000,0.000000,0.000000,0.000000,0.000000,0.000000,0.000000,-1449.255249,331.414337,874.442810,1322.467163,True,velocity,0.449985,0.449931,0.000000,0.000000,12.076559,False,0.142116,0.141260,0.050617,0.050725,-2.751411,-2.751444,0.000034,2.741903,2.742009,-0.000106,167.000000
8.294370286981575,-0.002405,1.322590,-1.709498,1.316860,0.004151,0.001770,-0.003944,-0.002762,1.326573,1.712381,1.307013,-0.010538,-0.004125,0.005328,-0.023442,0.776636,0.142918,-0.613075,0.369476,-0.256106,0.608233,0.146714,-0.611691,-0.023915,0.777005,-0.374907,-0.252886,0.603893,-0.023442,0.776636,0.142918,-0.613075,0.369476,-0.256106,0.608233,0.146714,-0.611691,-0.023915,0.777005,-0.374907,-0.252886,0.603893,0.449985,-0.002002,-0.000514,-0.000705,1,True,True,0.000445,-0.002690,0.002840,0.000001,0.000006,-0.000022,0.000001,0.000006,-0.000023,0.000001,0.000006,-0.000023,0.000000,0.000001,0.000006,-0.000022,True,0.000001,0.000006,-0.000023,0.000001,0.000006,-0.000023,-1.365465,-1.464815,-1.442270,1.682811,-1.365465,-1.464815,-1.442270,1.682811,0.000000,0.000000,0.000000,0.000000,0.000000,0.000000,0.000000,0.000000,-1449.255249,331.414337,874.442810,1322.467163,True,velocity,0.449985,0.449931,0.000000,0.000000,12.110251,False,0.142116,0.141260,0.050617,0.050725,-2.751411,-2.751444,0.000034,2.741903,2.742009,-0.000106,167.000000
8.327948738005944,-0.002403,1.322590,-1.709499,1.316861,0.004151,0.001771,-0.003945,-0.002761,1.326572,1.712380,1.307013,-0.010538,-0.004125,0.005327,-0.023442,0.776636,0.142918,-0.613075,0.369476,-0.256106,0.608233,0.146714,-0.611691,-0.023915,0.777005,-0.374907,-0.252886,0.603893,-0.023442,0.776636,0.142918,-0.613075,0.369476,-0.256106,0.608233,0.146714,-0.611691,-0.023915,0.777005,-0.374907,-0.252886,0.603893,0.449985,-0.002002,-0.000514,-0.000705,1,True,True,0.000412,-0.002682,0.002847,0.000001,0.000006,-0.000022,0.000001,0.000006,-0.000023,0.000001,0.000006,-0.000023,0.000000,0.000001,0.000006,-0.000022,True,0.000001,0.000006,-0.000023,0.000001,0.000006,-0.000023,-1.365677,-1.464995,-1.442270,1.682772,-1.365465,-1.464995,-1.442270,1.682772,0.000000,0.000000,0.000000,0.000000,0.000000,0.000000,0.000000,0.000000,-1449.255249,331.414337,874.442810,1322.467163,True,velocity,0.449985,0.449931,0.000000,0.000000,12.143935,False,0.142117,0.141260,0.050617,0.050725,-2.751411,-2.751444,0.000034,2.741903,2.742009,-0.000106,167.000000
8.361521874001483,-0.002402,1.322591,-1.709499,1.316863,0.004152,0.001771,-0.003946,-0.002760,1.326572,1.712380,1.307013,-0.010538,-0.004124,0.005327,-0.023442,0.776636,0.142918,-0.613075,0.369476,-0.256106,0.608233,0.146714,-0.611691,-0.023915,0.777005,-0.374907,-0.252886,0.603893,-0.023442,0.776636,0.142918,-0.613075,0.369476,-0.256106,0.608233,0.146714,-0.611691,-0.023915,0.777005,-0.374907,-0.252886,0.603893,0.449985,-0.002002,-0.000514,-0.000706,1,True,True,0.000412,-0.002682,0.002846,0.000001,0.000006,-0.000022,0.000001,0.000006,-0.000022,0.000001,0.000006,-0.000022,0.000000,0.000001,0.000006,-0.000022,True,0.000001,0.000006,-0.000023,0.000001,0.000006,-0.000023,-1.365677,-1.465463,-1.442270,1.682811,-1.365677,-1.464995,-1.442270,1.682811,0.000000,0.000000,0.000000,0.000000,0.000000,0.000000,0.000000,0.000000,-1449.255249,331.414337,874.442810,1322.467163,True,velocity,0.449985,0.449931,0.000000,0.000000,12.177260,False,0.142117,0.141260,0.050617,0.050725,-2.751411,-2.751444,0.000034,2.741903,2.742009,-0.000106,167.000000
8.395069307007361,-0.002401,1.322591,-1.709500,1.316865,0.004152,0.001771,-0.003947,-0.002760,1.326571,1.712379,1.307013,-0.010537,-0.004124,0.005327,-0.023442,0.776636,0.142918,-0.613075,0.369476,-0.256106,0.608233,0.146714,-0.611691,-0.023915,0.777005,-0.374907,-0.252886,0.603893,-0.023442,0.776636,0.142918,-0.613075,0.369476,-0.256106,0.608233,0.146714,-0.611691,-0.023915,0.777005,-0.374907,-0.252886,0.603893,0.449985,-0.002002,-0.000514,-0.000707,1,True,True,0.000480,-0.002729,0.002846,0.000001,0.000006,-0.000022,0.000001,0.000006,-0.000022,0.000001,0.000006,-0.000022,0.000000,0.000001,0.000006,-0.000022,True,0.000001,0.000006,-0.000022,0.000001,0.000006,-0.000022,-1.365677,-1.464995,-1.442270,1.682772,-1.365677,-1.464995,-1.442270,1.682772,0.000000,0.000000,0.000000,0.000000,0.000000,0.000000,0.000000,0.000000,-1449.255249,331.414337,874.442810,1322.467163,True,velocity,0.449985,0.449931,0.000000,0.000000,12.210799,False,0.142117,0.141260,0.050617,0.050725,-2.751411,-2.751444,0.000034,2.741903,2.742009,-0.000106,167.000000
8.428857015998801,-0.002400,1.322591,-1.709501,1.316867,0.004152,0.001771,-0.003948,-0.002759,1.326571,1.712379,1.307013,-0.010537,-0.004124,0.005326,-0.023442,0.776636,0.142918,-0.613075,0.369476,-0.256106,0.608233,0.146714,-0.611691,-0.023915,0.777005,-0.374907,-0.252886,0.603893,-0.023442,0.776636,0.142918,-0.613075,0.369476,-0.256106,0.608233,0.146714,-0.611691,-0.023915,0.777005,-0.374907,-0.252886,0.603893,0.449984,-0.002002,-0.000514,-0.000708,1,True,True,0.000504,-0.002756,0.002867,0.000001,0.000006,-0.000022,0.000001,0.000006,-0.000022,0.000001,0.000006,-0.000022,0.000000,0.000001,0.000006,-0.000022,True,0.000001,0.000006,-0.000022,0.000001,0.000006,-0.000022,-1.365677,-1.464995,-1.442270,1.682811,-1.365677,-1.464995,-1.442271,1.682772,0.000000,0.000000,0.000000,0.000000,0.000000,0.000000,0.000000,0.000000,-1449.255249,331.414337,874.442810,1322.467163,True,velocity,0.449984,0.449931,0.000000,0.000000,12.244874,False,0.142117,0.141260,0.050617,0.050725,-2.751411,-2.751444,0.000034,2.741903,2.742009,-0.000106,167.000000
8.461250102991471,-0.002399,1.322592,-1.709502,1.316869,0.004152,0.001772,-0.003949,-0.002759,1.326570,1.712378,1.307013,-0.010537,-0.004123,0.005326,-0.023442,0.776636,0.142918,-0.613075,0.369476,-0.256106,0.608233,0.146714,-0.611691,-0.023915,0.777005,-0.374907,-0.252886,0.603893,-0.023442,0.776636,0.142918,-0.613075,0.369476,-0.256106,0.608233,0.146714,-0.611691,-0.023915,0.777005,-0.374907,-0.252886,0.603893,0.449984,-0.002001,-0.000514,-0.000708,1,True,True,0.000504,-0.002755,0.002866,0.000001,0.000006,-0.000022,0.000001,0.000006,-0.000022,0.000001,0.000006,-0.000022,0.000000,0.000001,0.000006,-0.000022,True,0.000001,0.000006,-0.000022,0.000001,0.000006,-0.000022,-1.365677,-1.464995,-1.442270,1.682811,-1.365677,-1.464995,-1.442270,1.682849,0.000000,0.000000,0.000000,0.000000,0.000000,0.000000,0.000000,0.000000,-1449.255249,331.414337,874.442810,1322.467163,True,velocity,0.449984,0.449931,0.000000,0.000000,12.277231,False,0.142117,0.141260,0.050617,0.050725,-2.751411,-2.751444,0.000034,2.741903,2.742009,-0.000106,167.000000
8.495197791984538,-0.002398,1.322592,-1.709503,1.316870,0.004152,0.001772,-0.003949,-0.002758,1.326570,1.712377,1.307013,-0.010536,-0.004123,0.005325,-0.023442,0.776636,0.142918,-0.613075,0.369476,-0.256106,0.608233,0.146714,-0.611691,-0.023915,0.777005,-0.374907,-0.252886,0.603893,-0.023442,0.776636,0.142918,-0.613075,0.369476,-0.256106,0.608233,0.146714,-0.611691,-0.023915,0.777005,-0.374907,-0.252886,0.603893,0.449984,-0.002001,-0.000514,-0.000709,1,True,True,0.000560,-0.002819,0.002889,0.000001,0.000006,-0.000022,0.000001,0.000006,-0.000022,0.000001,0.000006,-0.000022,0.000000,0.000001,0.000006,-0.000022,True,0.000001,0.000006,-0.000022,0.000001,0.000006,-0.000022,-1.365677,-1.464995,-1.442270,1.682811,-1.365677,-1.464995,-1.442270,1.682811,0.000000,0.000000,0.000000,0.000000,0.000000,0.000000,0.000000,0.000000,-1449.255249,331.414337,874.442810,1322.467163,True,velocity,0.449984,0.449931,0.000000,0.000000,12.311006,False,0.142117,0.141260,0.050617,0.050725,-2.751411,-2.751444,0.000034,2.741903,2.742009,-0.000106,167.000000
8.52827168998192,-0.002397,1.322593,-1.709503,1.316872,0.004153,0.001772,-0.003950,-0.002757,1.326569,1.712377,1.307013,-0.010536,-0.004122,0.005325,-0.023442,0.776636,0.142918,-0.613075,0.369476,-0.256106,0.608233,0.146714,-0.611691,-0.023915,0.777005,-0.374907,-0.252886,0.603893,-0.023442,0.776636,0.142918,-0.613075,0.369476,-0.256106,0.608233,0.146714,-0.611691,-0.023915,0.777005,-0.374907,-0.252886,0.603893,0.449984,-0.002001,-0.000514,-0.000710,1,True,True,0.000450,-0.002785,0.002860,0.000001,0.000006,-0.000021,0.000001,0.000006,-0.000022,0.000001,0.000006,-0.000022,0.000000,0.000001,0.000006,-0.000021,True,0.000001,0.000006,-0.000022,0.000001,0.000006,-0.000022,-1.365465,-1.464995,-1.442270,1.682849,-1.365465,-1.464995,-1.442270,1.682849,0.000000,0.000000,0.000000,0.000000,0.000000,0.000000,0.000000,0.000000,-1449.255249,331.414337,874.442810,1322.467163,True,velocity,0.449984,0.449931,0.000000,0.000000,12.344263,False,0.142118,0.141260,0.050617,0.050725,-2.751411,-2.751444,0.000034,2.741903,2.742009,-0.000106,167.000000
8.561991733004106,-0.002396,1.322593,-1.709504,1.316874,0.004153,0.001772,-0.003951,-0.002757,1.326569,1.712376,1.307013,-0.010536,-0.004122,0.005324,-0.023442,0.776636,0.142918,-0.613075,0.369476,-0.256106,0.608233,0.146714,-0.611691,-0.023915,0.777005,-0.374907,-0.252886,0.603893,-0.023442,0.776636,0.142918,-0.613075,0.369476,-0.256106,0.608233,0.146714,-0.611691,-0.023915,0.777005,-0.374907,-0.252886,0.603893,0.449984,-0.002001,-0.000514,-0.000710,1,True,True,0.000450,-0.002784,0.002859,0.000001,0.000006,-0.000021,0.000001,0.000006,-0.000022,0.000001,0.000006,-0.000022,0.000000,0.000001,0.000006,-0.000021,True,0.000001,0.000006,-0.000022,0.000001,0.000006,-0.000022,-1.365035,-1.464995,-1.442269,1.682734,-1.365035,-1.464995,-1.442270,1.682849,0.000000,0.000000,0.000000,0.000000,0.000000,0.000000,0.000000,0.000000,-1449.255249,331.414337,874.442810,1322.467163,True,velocity,0.449984,0.449931,0.000000,0.000000,12.377976,False,0.142118,0.141260,0.050617,0.050725,-2.751411,-2.751444,0.000034,2.741903,2.742009,-0.000106,167.000000
8.595275573985418,-0.002395,1.322593,-1.709505,1.316875,0.004153,0.001772,-0.003952,-0.002756,1.326569,1.712376,1.307013,-0.010535,-0.004122,0.005324,-0.023442,0.776636,0.142918,-0.613075,0.369476,-0.256106,0.608233,0.146714,-0.611691,-0.023915,0.777005,-0.374907,-0.252886,0.603893,-0.023442,0.776636,0.142918,-0.613075,0.369476,-0.256106,0.608233,0.146714,-0.611691,-0.023915,0.777005,-0.374907,-0.252886,0.603893,0.449984,-0.002001,-0.000514,-0.000711,1,True,True,0.000479,-0.002860,0.002846,0.000001,0.000006,-0.000021,0.000001,0.000006,-0.000022,0.000001,0.000006,-0.000022,0.000000,0.000001,0.000006,-0.000021,True,0.000001,0.000006,-0.000022,0.000001,0.000006,-0.000022,-1.365247,-1.464815,-1.442270,1.682849,-1.365247,-1.464815,-1.442270,1.682849,0.000000,0.000000,0.000000,0.000000,0.000000,0.000000,0.000000,0.000000,-1449.255249,331.414337,874.442810,1322.467163,True,velocity,0.449984,0.449931,0.000000,0.000000,12.411120,False,0.142118,0.141260,0.050617,0.050725,-2.751411,-2.751444,0.000034,2.741903,2.742009,-0.000106,167.000000
8.628625785990153,-0.002394,1.322594,-1.709506,1.316877,0.004153,0.001773,-0.003953,-0.002756,1.326568,1.712375,1.307013,-0.010535,-0.004121,0.005324,-0.023442,0.776636,0.142918,-0.613075,0.369476,-0.256106,0.608233,0.146714,-0.611691,-0.023915,0.777005,-0.374907,-0.252886,0.603893,-0.023442,0.776636,0.142918,-0.613075,0.369476,-0.256106,0.608233,0.146714,-0.611691,-0.023915,0.777005,-0.374907,-0.252886,0.603893,0.449983,-0.002000,-0.000515,-0.000712,1,True,True,0.000497,-0.002900,0.002828,0.000001,0.000006,-0.000021,0.000001,0.000006,-0.000022,0.000001,0.000006,-0.000022,0.000000,0.000001,0.000006,-0.000021,True,0.000001,0.000006,-0.000022,0.000001,0.000006,-0.000022,-1.365035,-1.464995,-1.442270,1.682849,-1.365247,-1.464995,-1.442270,1.682811,0.000000,0.000000,0.000000,0.000000,0.000000,0.000000,0.000000,0.000000,-1449.255249,331.414337,874.442810,1322.467163,True,velocity,0.449983,0.449931,0.000000,0.000000,12.444647,False,0.142118,0.141260,0.050617,0.050725,-2.751411,-2.751444,0.000034,2.741903,2.742009,-0.000106,167.000000
8.661697090981761,-0.002393,1.322594,-1.709506,1.316879,0.004153,0.001773,-0.003954,-0.002755,1.326568,1.712375,1.307013,-0.010535,-0.004121,0.005323,-0.023442,0.776636,0.142918,-0.613075,0.369476,-0.256106,0.608233,0.146714,-0.611691,-0.023915,0.777005,-0.374907,-0.252886,0.603893,-0.023442,0.776636,0.142918,-0.613075,0.369476,-0.256106,0.608233,0.146714,-0.611691,-0.023915,0.777005,-0.374907,-0.252886,0.603893,0.449983,-0.002000,-0.000515,-0.000713,1,True,True,0.000497,-0.002900,0.002827,0.000001,0.000006,-0.000021,0.000001,0.000006,-0.000022,0.000001,0.000006,-0.000022,0.000000,0.000001,0.000006,-0.000021,True,0.000001,0.000006,-0.000022,0.000001,0.000006,-0.000022,-1.365677,-1.464995,-1.442270,1.682811,-1.365677,-1.464995,-1.442270,1.682811,0.000000,0.000000,0.000000,0.000000,0.000000,0.000000,0.000000,0.000000,-1449.255249,331.414337,874.442810,1322.467163,True,velocity,0.449983,0.449931,0.000000,0.000000,12.477715,False,0.142118,0.141260,0.050617,0.050725,-2.751411,-2.751444,0.000034,2.741903,2.742009,-0.000106,167.000000
8.695310968003469,-0.002392,1.322594,-1.709507,1.316880,0.004154,0.001773,-0.003954,-0.002754,1.326567,1.712374,1.307012,-0.010535,-0.004121,0.005323,-0.023442,0.776636,0.142918,-0.613075,0.369476,-0.256106,0.608233,0.146714,-0.611691,-0.023915,0.777005,-0.374907,-0.252886,0.603893,-0.023442,0.776636,0.142918,-0.613075,0.369476,-0.256106,0.608233,0.146714,-0.611691,-0.023915,0.777005,-0.374907,-0.252886,0.603893,0.449983,-0.002000,-0.000515,-0.000713,1,True,True,0.000558,-0.002998,0.002829,0.000001,0.000006,-0.000021,0.000001,0.000006,-0.000021,0.000001,0.000006,-0.000021,0.000000,0.000001,0.000006,-0.000021,True,0.000001,0.000006,-0.000022,0.000001,0.000006,-0.000022,-1.365889,-1.464995,-1.442269,1.682811,-1.365889,-1.464995,-1.442269,1.682849,0.000000,0.000000,0.000000,0.000000,0.000000,0.000000,0.000000,0.000000,-1449.255249,331.414337,874.442810,1322.467163,True,velocity,0.449983,0.449931,0.000000,0.000000,12.511125,False,0.142118,0.141260,0.050617,0.050725,-2.751411,-2.751444,0.000034,2.741903,2.742009,-0.000106,167.000000
8.729333100985968,-0.002391,1.322595,-1.709508,1.316882,0.004154,0.001773,-0.003955,-0.002754,1.326567,1.712374,1.307012,-0.010534,-0.004120,0.005322,-0.023442,0.776636,0.142918,-0.613075,0.369476,-0.256106,0.608233,0.146714,-0.611691,-0.023915,0.777005,-0.374907,-0.252886,0.603893,-0.023442,0.776636,0.142918,-0.613075,0.369476,-0.256106,0.608233,0.146714,-0.611691,-0.023915,0.777005,-0.374907,-0.252886,0.603893,0.449983,-0.002000,-0.000515,-0.000714,1,True,True,0.000593,-0.003042,0.002841,0.000001,0.000006,-0.000021,0.000001,0.000006,-0.000021,0.000001,0.000006,-0.000021,0.000000,0.000001,0.000006,-0.000021,True,0.000001,0.000006,-0.000021,0.000001,0.000006,-0.000021,-1.365459,-1.464995,-1.442270,1.682849,-1.365459,-1.465463,-1.442270,1.682811,0.000000,0.000000,0.000000,0.000000,0.000000,0.000000,0.000000,0.000000,-1449.255249,331.414337,874.442810,1322.467163,True,velocity,0.449983,0.449931,0.000000,0.000000,12.545076,False,0.142118,0.141260,0.050617,0.050725,-2.751411,-2.751444,0.000034,2.741903,2.742009,-0.000106,167.000000
8.762198185984744,-0.002390,1.322595,-1.709509,1.316884,0.004154,0.001774,-0.003956,-0.002753,1.326566,1.712373,1.307012,-0.010534,-0.004120,0.005322,-0.023442,0.776636,0.142918,-0.613075,0.369476,-0.256106,0.608233,0.146714,-0.611691,-0.023915,0.777005,-0.374907,-0.252886,0.603893,-0.023442,0.776636,0.142918,-0.613075,0.369476,-0.256106,0.608233,0.146714,-0.611691,-0.023915,0.777005,-0.374907,-0.252886,0.603893,0.449983,-0.002000,-0.000515,-0.000715,1,True,True,0.000593,-0.003041,0.002841,0.000001,0.000006,-0.000021,0.000001,0.000006,-0.000021,0.000001,0.000006,-0.000021,0.000000,0.000001,0.000006,-0.000021,True,0.000001,0.000006,-0.000021,0.000001,0.000006,-0.000021,-1.365889,-1.465463,-1.442269,1.682811,-1.365889,-1.465463,-1.442269,1.682811,0.000000,0.000000,0.000000,0.000000,0.000000,0.000000,0.000000,-0.000058,-1449.255249,331.414337,874.442810,1322.467041,True,velocity,0.449983,0.449931,0.000000,0.000000,12.578098,False,0.142119,0.141260,0.050617,0.050725,-2.751411,-2.751444,0.000034,2.741903,2.742009,-0.000106,167.000000
8.797096851980314,-0.002389,1.322596,-1.709509,1.316885,0.004154,0.001774,-0.003957,-0.002753,1.326566,1.712372,1.307012,-0.010534,-0.004119,0.005322,-0.023442,0.776636,0.142918,-0.613075,0.369476,-0.256106,0.608233,0.146714,-0.611691,-0.023915,0.777005,-0.374907,-0.252886,0.603893,-0.023442,0.776636,0.142918,-0.613075,0.369476,-0.256106,0.608233,0.146714,-0.611691,-0.023915,0.777005,-0.374907,-0.252886,0.603893,0.449983,-0.002000,-0.000515,-0.000715,1,True,True,0.000569,-0.002889,0.002817,0.000001,0.000006,-0.000021,0.000001,0.000006,-0.000021,0.000001,0.000006,-0.000021,0.000000,0.000001,0.000006,-0.000021,True,0.000001,0.000006,-0.000021,0.000001,0.000006,-0.000021,-1.365677,-1.464995,-1.442269,1.682811,-1.365677,-1.464815,-1.442269,1.682811,0.000000,0.000000,0.000000,0.000000,0.000000,0.000000,0.000000,-0.000071,-1449.255249,331.414337,874.442810,1322.467041,True,velocity,0.449983,0.449931,0.000000,0.000000,12.612884,False,0.142119,0.141260,0.050617,0.050725,-2.751411,-2.751444,0.000034,2.741903,2.742009,-0.000106,167.000000
8.83114802199998,-0.002388,1.322596,-1.709510,1.316887,0.004154,0.001774,-0.003957,-0.002752,1.326565,1.712372,1.307012,-0.010533,-0.004119,0.005321,-0.023442,0.776636,0.142918,-0.613075,0.369476,-0.256106,0.608233,0.146714,-0.611691,-0.023915,0.777005,-0.374907,-0.252886,0.603893,-0.023442,0.776636,0.142918,-0.613075,0.369476,-0.256106,0.608233,0.146714,-0.611691,-0.023915,0.777005,-0.374907,-0.252886,0.603893,0.449982,-0.001999,-0.000515,-0.000716,1,True,True,0.000524,-0.002847,0.002802,0.000001,0.000006,-0.000021,0.000001,0.000006,-0.000021,0.000001,0.000006,-0.000021,0.000000,0.000001,0.000006,-0.000021,True,0.000001,0.000006,-0.000021,0.000001,0.000006,-0.000021,-1.365889,-1.464995,-1.442269,1.682811,-1.365247,-1.464995,-1.442269,1.682811,0.000000,0.000000,0.000000,0.000000,0.000000,0.000000,0.000000,-0.000071,-1449.255249,331.414337,874.442810,1322.467041,True,velocity,0.449982,0.449931,0.000000,0.000000,12.646962,False,0.142119,0.141260,0.050617,0.050725,-2.751411,-2.751444,0.000034,2.741903,2.742009,-0.000106,167.000000
8.863001630990766,-0.002387,1.322596,-1.709511,1.316888,0.004155,0.001774,-0.003958,-0.002751,1.326565,1.712371,1.307012,-0.010533,-0.004119,0.005321,-0.023442,0.776636,0.142918,-0.613075,0.369476,-0.256106,0.608233,0.146714,-0.611691,-0.023915,0.777005,-0.374907,-0.252886,0.603893,-0.023442,0.776636,0.142918,-0.613075,0.369476,-0.256106,0.608233,0.146714,-0.611691,-0.023915,0.777005,-0.374907,-0.252886,0.603893,0.449982,-0.001999,-0.000515,-0.000717,1,True,True,0.000524,-0.002847,0.002802,0.000001,0.000006,-0.000020,0.000001,0.000006,-0.000021,0.000001,0.000006,-0.000021,0.000000,0.000001,0.000006,-0.000020,True,0.000001,0.000006,-0.000021,0.000001,0.000006,-0.000021,-1.365677,-1.465463,-1.442269,1.682811,-1.365677,-1.464815,-1.442270,1.682849,0.000000,0.000000,0.000000,0.000000,0.000000,0.000000,0.000000,-0.000011,-1449.255249,331.414337,874.442810,1322.467041,True,velocity,0.449982,0.449931,0.000000,0.000000,12.678938,False,0.142119,0.141260,0.050617,0.050725,-2.751411,-2.751444,0.000034,2.741903,2.742009,-0.000106,167.000000
8.895608104998246,-0.002386,1.322597,-1.709512,1.316890,0.004155,0.001775,-0.003959,-0.002751,1.326564,1.712371,1.307012,-0.010533,-0.004118,0.005321,-0.023442,0.776636,0.142918,-0.613075,0.369476,-0.256106,0.608233,0.146714,-0.611691,-0.023915,0.777005,-0.374907,-0.252886,0.603893,-0.023442,0.776636,0.142918,-0.613075,0.369476,-0.256106,0.608233,0.146714,-0.611691,-0.023915,0.777005,-0.374907,-0.252886,0.603893,0.449982,-0.001999,-0.000515,-0.000717,1,True,True,0.000594,-0.002900,0.002799,0.000001,0.000006,-0.000020,0.000001,0.000006,-0.000021,0.000001,0.000006,-0.000021,0.000000,0.000001,0.000006,-0.000020,True,0.000001,0.000006,-0.000021,0.000001,0.000006,-0.000021,-1.365889,-1.464995,-1.442270,1.682811,-1.365889,-1.464995,-1.442270,1.682811,0.000000,0.000000,0.000000,0.000000,0.000000,0.000000,0.000000,0.000000,-1449.255249,331.414337,874.442810,1322.467041,True,velocity,0.449982,0.449931,0.000000,0.000000,12.711597,False,0.142119,0.141260,0.050617,0.050725,-2.751411,-2.751444,0.000034,2.741903,2.742009,-0.000106,167.000000
8.92963312799111,-0.002385,1.322597,-1.709512,1.316891,0.004155,0.001775,-0.003960,-0.002750,1.326564,1.712370,1.307012,-0.010532,-0.004118,0.005320,-0.023442,0.776636,0.142918,-0.613075,0.369476,-0.256106,0.608233,0.146714,-0.611691,-0.023915,0.777005,-0.374907,-0.252886,0.603893,-0.023442,0.776636,0.142918,-0.613075,0.369476,-0.256106,0.608233,0.146714,-0.611691,-0.023915,0.777005,-0.374907,-0.252886,0.603893,0.449982,-0.001999,-0.000515,-0.000718,1,True,True,0.000594,-0.002900,0.002799,0.000001,0.000006,-0.000020,0.000001,0.000006,-0.000021,0.000001,0.000006,-0.000021,0.000000,0.000001,0.000006,-0.000020,True,0.000001,0.000006,-0.000021,0.000001,0.000006,-0.000021,-1.365677,-1.464815,-1.442270,1.682849,-1.365677,-1.464815,-1.442270,1.682849,0.000000,0.000000,0.000000,0.000000,0.000000,0.000000,0.000000,0.000000,-1449.255249,331.414337,874.442810,1322.467041,True,velocity,0.449982,0.449931,0.000000,0.000000,12.745411,False,0.142119,0.141260,0.050617,0.050725,-2.751411,-2.751444,0.000034,2.741903,2.742009,-0.000106,167.000000
8.963089227996534,-0.002384,1.322597,-1.709513,1.316893,0.004155,0.001775,-0.003960,-0.002750,1.326564,1.712370,1.307012,-0.010532,-0.004118,0.005320,-0.023442,0.776636,0.142918,-0.613075,0.369476,-0.256106,0.608233,0.146714,-0.611691,-0.023915,0.777005,-0.374907,-0.252886,0.603893,-0.023442,0.776636,0.142918,-0.613075,0.369476,-0.256106,0.608233,0.146714,-0.611691,-0.023915,0.777005,-0.374907,-0.252886,0.603893,0.449982,-0.001999,-0.000515,-0.000719,1,True,True,0.000441,-0.002906,0.002795,0.000001,0.000005,-0.000020,0.000001,0.000006,-0.000021,0.000001,0.000006,-0.000021,0.000000,0.000001,0.000005,-0.000020,True,0.000001,0.000006,-0.000021,0.000001,0.000006,-0.000021,-1.365677,-1.464815,-1.442270,1.682811,-1.365677,-1.465282,-1.442270,1.682811,0.000000,0.000000,0.000000,0.000000,0.000000,0.000000,0.000000,0.000000,-1449.255249,331.414337,874.442810,1322.467041,True,velocity,0.449982,0.449931,0.000000,0.000000,12.779083,False,0.142119,0.141260,0.050617,0.050725,-2.751411,-2.751444,0.000034,2.741903,2.742009,-0.000106,167.000000
8.995897404995048,-0.002383,1.322598,-1.709514,1.316895,0.004155,0.001775,-0.003961,-0.002749,1.326563,1.712369,1.307012,-0.010532,-0.004117,0.005320,-0.023442,0.776636,0.142918,-0.613075,0.369476,-0.256106,0.608233,0.146714,-0.611691,-0.023915,0.777005,-0.374907,-0.252886,0.603893,-0.023442,0.776636,0.142918,-0.613075,0.369476,-0.256106,0.608233,0.146714,-0.611691,-0.023915,0.777005,-0.374907,-0.252886,0.603893,0.449982,-0.001998,-0.000515,-0.000719,1,True,True,0.000486,-0.002963,0.002808,0.000001,0.000005,-0.000020,0.000001,0.000006,-0.000021,0.000001,0.000006,-0.000021,0.000000,0.000001,0.000005,-0.000020,True,0.000001,0.000006,-0.000021,0.000001,0.000006,-0.000021,-1.365465,-1.464815,-1.442270,1.682811,-1.365677,-1.464815,-1.442269,1.682772,0.000000,0.000000,0.000000,0.000000,0.000000,0.000000,0.000000,0.000000,-1449.255249,331.414337,874.442810,1322.467041,True,velocity,0.449982,0.449931,0.000000,0.000000,12.811898,False,0.142120,0.141260,0.050617,0.050725,-2.751411,-2.751444,0.000034,2.741903,2.742009,-0.000106,167.000000
9.029896482999902,-0.002382,1.322598,-1.709514,1.316896,0.004156,0.001775,-0.003962,-0.002748,1.326563,1.712369,1.307011,-0.010532,-0.004117,0.005319,-0.023442,0.776636,0.142918,-0.613075,0.369476,-0.256106,0.608233,0.146714,-0.611691,-0.023915,0.777005,-0.374907,-0.252886,0.603893,-0.023442,0.776636,0.142918,-0.613075,0.369476,-0.256106,0.608233,0.146714,-0.611691,-0.023915,0.777005,-0.374907,-0.252886,0.603893,0.449982,-0.001998,-0.000515,-0.000720,1,True,True,0.000486,-0.002963,0.002808,0.000001,0.000005,-0.000020,0.000001,0.000006,-0.000020,0.000001,0.000006,-0.000020,0.000000,0.000001,0.000005,-0.000020,True,0.000001,0.000006,-0.000021,0.000001,0.000006,-0.000021,-1.365677,-1.464815,-1.442269,1.682772,-1.365677,-1.464815,-1.442269,1.682772,0.000000,0.000000,0.000000,0.000000,0.000000,0.000000,0.000000,0.000000,-1449.255249,331.414337,874.442810,1322.467041,True,velocity,0.449982,0.449931,0.000000,0.000000,12.845635,False,0.142120,0.141260,0.050617,0.050725,-2.751411,-2.751444,0.000034,2.741903,2.742009,-0.000106,167.000000
9.063657747989055,-0.002381,1.322598,-1.709515,1.316898,0.004156,0.001776,-0.003962,-0.002748,1.326562,1.712368,1.307011,-0.010531,-0.004117,0.005319,-0.023442,0.776636,0.142918,-0.613075,0.369476,-0.256106,0.608233,0.146714,-0.611691,-0.023915,0.777005,-0.374907,-0.252886,0.603893,-0.023442,0.776636,0.142918,-0.613075,0.369476,-0.256106,0.608233,0.146714,-0.611691,-0.023915,0.777005,-0.374907,-0.252886,0.603893,0.449981,-0.001998,-0.000515,-0.000721,1,True,True,0.000421,-0.002888,0.002777,0.000001,0.000005,-0.000020,0.000001,0.000006,-0.000020,0.000001,0.000006,-0.000020,0.000000,0.000001,0.000005,-0.000020,True,0.000001,0.000006,-0.000020,0.000001,0.000006,-0.000020,-1.365677,-1.464815,-1.442270,1.682772,-1.365677,-1.464815,-1.442270,1.682772,0.000000,0.000000,0.000000,0.000000,0.000000,0.000000,0.000000,0.000000,-1449.255249,331.414337,874.442810,1322.467041,True,velocity,0.449981,0.449931,0.000000,0.000000,12.879375,False,0.142120,0.141260,0.050617,0.050725,-2.751411,-2.751444,0.000034,2.741903,2.742009,-0.000106,167.000000
9.09673892398132,-0.002380,1.322599,-1.709516,1.316899,0.004156,0.001776,-0.003963,-0.002747,1.326562,1.712368,1.307011,-0.010531,-0.004116,0.005319,-0.023442,0.776636,0.142918,-0.613075,0.369476,-0.256106,0.608233,0.146714,-0.611691,-0.023915,0.777005,-0.374907,-0.252886,0.603893,-0.023442,0.776636,0.142918,-0.613075,0.369476,-0.256106,0.608233,0.146714,-0.611691,-0.023915,0.777005,-0.374907,-0.252886,0.603893,0.449981,-0.001998,-0.000515,-0.000721,1,True,True,0.000355,-0.002847,0.002773,0.000001,0.000005,-0.000020,0.000001,0.000006,-0.000020,0.000001,0.000006,-0.000020,0.000000,0.000001,0.000005,-0.000020,True,0.000001,0.000006,-0.000020,0.000001,0.000006,-0.000020,-1.365035,-1.464815,-1.442269,1.682772,-1.365247,-1.464815,-1.442269,1.682811,0.000000,0.000000,0.000000,0.000000,0.000000,0.000000,0.000000,0.000000,-1449.255249,331.414337,874.442810,1322.467041,True,velocity,0.449981,0.449931,0.000000,0.000000,12.912750,False,0.142120,0.141260,0.050617,0.050725,-2.751411,-2.751444,0.000034,2.741903,2.742009,-0.000106,167.000000
9.130165245995158,-0.002379,1.322599,-1.709516,1.316901,0.004156,0.001776,-0.003964,-0.002747,1.326561,1.712367,1.307011,-0.010531,-0.004116,0.005318,-0.023442,0.776636,0.142918,-0.613075,0.369476,-0.256106,0.608233,0.146714,-0.611691,-0.023915,0.777005,-0.374907,-0.252886,0.603893,-0.023442,0.776636,0.142918,-0.613075,0.369476,-0.256106,0.608233,0.146714,-0.611691,-0.023915,0.777005,-0.374907,-0.252886,0.603893,0.449981,-0.001998,-0.000515,-0.000722,1,True,True,0.000355,-0.002847,0.002772,0.000001,0.000005,-0.000020,0.000001,0.000005,-0.000020,0.000001,0.000005,-0.000020,0.000000,0.000001,0.000005,-0.000020,True,0.000001,0.000006,-0.000020,0.000001,0.000006,-0.000020,-1.365459,-1.464815,-1.442270,1.682811,-1.365459,-1.464995,-1.442269,1.682811,0.000000,0.000000,0.000000,0.000000,0.000000,0.000000,0.000000,0.000000,-1449.255249,331.414337,874.442810,1322.467041,True,velocity,0.449981,0.449931,0.000000,0.000000,12.945811,False,0.142120,0.141260,0.050617,0.050725,-2.751411,-2.751444,0.000034,2.741903,2.742009,-0.000106,167.000000
9.16296784899896,-0.002378,1.322599,-1.709517,1.316902,0.004156,0.001776,-0.003965,-0.002746,1.326561,1.712367,1.307011,-0.010530,-0.004115,0.005318,-0.023442,0.776636,0.142918,-0.613075,0.369476,-0.256106,0.608233,0.146714,-0.611691,-0.023915,0.777005,-0.374907,-0.252886,0.603893,-0.023442,0.776636,0.142918,-0.613075,0.369476,-0.256106,0.608233,0.146714,-0.611691,-0.023915,0.777005,-0.374907,-0.252886,0.603893,0.449981,-0.001998,-0.000515,-0.000723,1,True,True,0.000375,-0.002872,0.002778,0.000001,0.000005,-0.000020,0.000001,0.000005,-0.000020,0.000001,0.000005,-0.000020,0.000000,0.000001,0.000005,-0.000020,True,0.000001,0.000005,-0.000020,0.000001,0.000005,-0.000020,-1.365459,-1.464995,-1.442269,1.682811,-1.365459,-1.464995,-1.442269,1.682811,0.000000,0.000000,0.000000,0.000000,0.000000,0.000000,0.000000,0.000000,-1449.255249,331.414337,874.442810,1322.467041,True,velocity,0.449981,0.449931,0.000000,0.000000,12.978966,False,0.142120,0.141260,0.050617,0.050725,-2.751411,-2.751444,0.000034,2.741903,2.742009,-0.000106,167.000000
9.196569502993952,-0.002377,1.322600,-1.709518,1.316903,0.004157,0.001777,-0.003965,-0.002746,1.326560,1.712366,1.307011,-0.010530,-0.004115,0.005318,-0.023442,0.776636,0.142918,-0.613075,0.369476,-0.256106,0.608233,0.146714,-0.611691,-0.023915,0.777005,-0.374907,-0.252886,0.603893,-0.023442,0.776636,0.142918,-0.613075,0.369476,-0.256106,0.608233,0.146714,-0.611691,-0.023915,0.777005,-0.374907,-0.252886,0.603893,0.449981,-0.001997,-0.000515,-0.000723,1,True,True,0.000414,-0.002916,0.002772,0.000001,0.000005,-0.000020,0.000001,0.000005,-0.000020,0.000001,0.000005,-0.000020,0.000000,0.000001,0.000005,-0.000020,True,0.000001,0.000005,-0.000020,0.000001,0.000005,-0.000020,-1.365465,-1.464995,-1.442269,1.682887,-1.365677,-1.464995,-1.442269,1.682811,0.000000,0.000000,0.000000,0.000000,0.000000,0.000000,0.000000,0.000000,-1449.255249,331.414337,874.442810,1322.467041,True,velocity,0.449981,0.449931,0.000000,0.000000,13.012597,False,0.142120,0.141260,0.050617,0.050725,-2.751411,-2.751444,0.000034,2.741903,2.742009,-0.000106,167.000000
9.230419842002448,-0.002376,1.322600,-1.709519,1.316905,0.004157,0.001777,-0.003966,-0.002745,1.326560,1.712366,1.307010,-0.010530,-0.004115,0.005317,-0.023442,0.776636,0.142918,-0.613075,0.369476,-0.256106,0.608233,0.146714,-0.611691,-0.023915,0.777005,-0.374907,-0.252886,0.603893,-0.023442,0.776636,0.142918,-0.613075,0.369476,-0.256106,0.608233,0.146714,-0.611691,-0.023915,0.777005,-0.374907,-0.252886,0.603893,0.449981,-0.001997,-0.000515,-0.000724,1,True,True,0.000414,-0.002915,0.002771,0.000001,0.000005,-0.000019,0.000001,0.000005,-0.000020,0.000001,0.000005,-0.000020,0.000000,0.000001,0.000005,-0.000019,True,0.000001,0.000005,-0.000020,0.000001,0.000005,-0.000020,-1.365677,-1.464995,-1.442269,1.682811,-1.365677,-1.464995,-1.442269,1.682811,0.000000,0.000000,0.000000,0.000000,0.000000,0.000000,0.000000,0.000000,-1449.255249,331.414337,874.442810,1322.467041,True,velocity,0.449981,0.449931,0.000000,0.000000,13.046315,False,0.142121,0.141260,0.050617,0.050725,-2.751411,-2.751444,0.000034,2.741903,2.742009,-0.000106,167.000000
9.262950612988789,-0.002376,1.322600,-1.709519,1.316906,0.004157,0.001777,-0.003967,-0.002744,1.326560,1.712365,1.307010,-0.010529,-0.004114,0.005317,-0.023442,0.776636,0.142918,-0.613075,0.369476,-0.256106,0.608233,0.146714,-0.611691,-0.023915,0.777005,-0.374907,-0.252886,0.603893,-0.023442,0.776636,0.142918,-0.613075,0.369476,-0.256106,0.608233,0.146714,-0.611691,-0.023915,0.777005,-0.374907,-0.252886,0.603893,0.449981,-0.001997,-0.000515,-0.000725,1,True,True,0.000438,-0.002936,0.002761,0.000001,0.000005,-0.000019,0.000001,0.000005,-0.000020,0.000001,0.000005,-0.000020,0.000000,0.000001,0.000005,-0.000019,True,0.000001,0.000005,-0.000020,0.000001,0.000005,-0.000020,-1.365465,-1.465463,-1.442269,1.682849,-1.365465,-1.464815,-1.442269,1.682849,0.000000,0.000000,0.000000,0.000000,0.000000,0.000000,0.000000,0.000000,-1449.255249,331.414337,874.442810,1322.467041,True,velocity,0.449981,0.449931,0.000000,0.000000,13.079011,False,0.142121,0.141260,0.050617,0.050725,-2.751411,-2.751444,0.000034,2.741903,2.742009,-0.000106,167.000000
9.297487835981883,-0.002375,1.322601,-1.709520,1.316908,0.004157,0.001777,-0.003967,-0.002744,1.326559,1.712365,1.307010,-0.010529,-0.004114,0.005317,-0.023442,0.776636,0.142918,-0.613075,0.369476,-0.256106,0.608233,0.146714,-0.611691,-0.023915,0.777005,-0.374907,-0.252886,0.603893,-0.023442,0.776636,0.142918,-0.613075,0.369476,-0.256106,0.608233,0.146714,-0.611691,-0.023915,0.777005,-0.374907,-0.252886,0.603893,0.449981,-0.001997,-0.000515,-0.000725,1,True,True,0.000391,-0.002823,0.002754,0.000001,0.000005,-0.000019,0.000001,0.000005,-0.000020,0.000001,0.000005,-0.000020,0.000000,0.000001,0.000005,-0.000019,True,0.000001,0.000005,-0.000020,0.000001,0.000005,-0.000020,-1.365035,-1.464815,-1.442269,1.682772,-1.365247,-1.464815,-1.442269,1.682811,0.000000,0.000000,0.000000,0.000000,0.000000,0.000000,0.000000,0.000000,-1449.255249,331.414337,874.442810,1322.467041,True,velocity,0.449981,0.449931,0.000000,0.000000,13.113504,False,0.142121,0.141260,0.050617,0.050725,-2.751411,-2.751444,0.000034,2.741903,2.742009,-0.000106,167.000000
9.32982216399978,-0.002374,1.322601,-1.709521,1.316909,0.004157,0.001777,-0.003968,-0.002743,1.326559,1.712364,1.307010,-0.010529,-0.004114,0.005317,-0.023442,0.776636,0.142918,-0.613075,0.369476,-0.256106,0.608233,0.146714,-0.611691,-0.023915,0.777005,-0.374907,-0.252886,0.603893,-0.023442,0.776636,0.142918,-0.613075,0.369476,-0.256106,0.608233,0.146714,-0.611691,-0.023915,0.777005,-0.374907,-0.252886,0.603893,0.449980,-0.001997,-0.000515,-0.000726,1,True,True,0.000391,-0.002823,0.002753,0.000001,0.000005,-0.000019,0.000001,0.000005,-0.000020,0.000001,0.000005,-0.000020,0.000000,0.000001,0.000005,-0.000019,True,0.000001,0.000005,-0.000020,0.000001,0.000005,-0.000020,-1.365677,-1.464995,-1.442269,1.682772,-1.365459,-1.464995,-1.442269,1.682772,0.000000,0.000000,0.000000,0.000000,0.000000,0.000000,0.000000,0.000000,-1449.255249,331.414337,874.442810,1322.467041,True,velocity,0.449980,0.449931,0.000000,0.000000,13.145808,False,0.142121,0.141260,0.050617,0.050725,-2.751411,-2.751444,0.000034,2.741903,2.742009,-0.000106,167.000000
9.363625576981576,-0.002373,1.322602,-1.709521,1.316911,0.004157,0.001778,-0.003969,-0.002743,1.326558,1.712364,1.307010,-0.010529,-0.004113,0.005316,-0.023442,0.776636,0.142918,-0.613075,0.369476,-0.256106,0.608233,0.146714,-0.611691,-0.023915,0.777005,-0.374907,-0.252886,0.603893,-0.023442,0.776636,0.142918,-0.613075,0.369476,-0.256106,0.608233,0.146714,-0.611691,-0.023915,0.777005,-0.374907,-0.252886,0.603893,0.449980,-0.001996,-0.000515,-0.000727,1,True,True,0.000391,-0.002655,0.002794,0.000001,0.000005,-0.000019,0.000001,0.000005,-0.000019,0.000001,0.000005,-0.000019,0.000000,0.000001,0.000005,-0.000019,True,0.000001,0.000005,-0.000020,0.000001,0.000005,-0.000020,-1.365459,-1.464995,-1.442269,1.682772,-1.365459,-1.464995,-1.442269,1.682772,0.000000,0.000000,0.000000,0.000000,0.000000,0.000000,0.000000,0.000000,-1449.255249,331.414337,874.442810,1322.467041,True,velocity,0.449980,0.449931,0.000000,0.000000,13.179065,False,0.142121,0.141260,0.050617,0.050725,-2.751411,-2.751444,0.000034,2.741903,2.742009,-0.000106,167.000000
9.397127879987238,-0.002372,1.322602,-1.709522,1.316912,0.004158,0.001778,-0.003969,-0.002742,1.326558,1.712363,1.307010,-0.010528,-0.004113,0.005316,-0.023442,0.776636,0.142918,-0.613075,0.369476,-0.256106,0.608233,0.146714,-0.611691,-0.023915,0.777005,-0.374907,-0.252886,0.603893,-0.023442,0.776636,0.142918,-0.613075,0.369476,-0.256106,0.608233,0.146714,-0.611691,-0.023915,0.777005,-0.374907,-0.252886,0.603893,0.449980,-0.001996,-0.000515,-0.000727,1,True,True,0.000379,-0.002594,0.002768,0.000001,0.000005,-0.000019,0.000001,0.000005,-0.000019,0.000001,0.000005,-0.000019,0.000000,0.000001,0.000005,-0.000019,True,0.000001,0.000005,-0.000019,0.000001,0.000005,-0.000019,-1.365465,-1.464995,-1.442269,1.682772,-1.365677,-1.464995,-1.442269,1.682849,0.000000,0.000000,0.000000,0.000000,0.000000,0.000000,0.000000,0.000000,-1449.255249,331.414337,874.442810,1322.467041,True,velocity,0.449980,0.449931,0.000000,0.000000,13.213154,False,0.142121,0.141260,0.050617,0.050725,-2.751411,-2.751444,0.000034,2.741903,2.742009,-0.000106,167.000000
9.430009537987644,-0.002371,1.322602,-1.709523,1.316913,0.004158,0.001778,-0.003970,-0.002742,1.326557,1.712363,1.307009,-0.010528,-0.004113,0.005316,-0.023442,0.776636,0.142918,-0.613075,0.369476,-0.256106,0.608233,0.146714,-0.611691,-0.023915,0.777005,-0.374907,-0.252886,0.603893,-0.023442,0.776636,0.142918,-0.613075,0.369476,-0.256106,0.608233,0.146714,-0.611691,-0.023915,0.777005,-0.374907,-0.252886,0.603893,0.449980,-0.001996,-0.000515,-0.000728,1,True,True,0.000379,-0.002594,0.002768,0.000001,0.000005,-0.000019,0.000001,0.000005,-0.000019,0.000001,0.000005,-0.000019,0.000000,0.000001,0.000005,-0.000019,True,0.000001,0.000005,-0.000019,0.000001,0.000005,-0.000019,-1.365889,-1.464995,-1.442269,1.682849,-1.365247,-1.464995,-1.442270,1.682772,0.000000,0.000000,0.000000,0.000000,0.000000,0.000000,0.000000,0.000000,-1449.255249,331.414337,874.442810,1322.467041,True,velocity,0.449980,0.449931,0.000000,0.000000,13.246008,False,0.142121,0.141260,0.050617,0.050725,-2.751411,-2.751444,0.000034,2.741903,2.742009,-0.000106,167.000000
9.464694391004741,-0.002370,1.322603,-1.709523,1.316915,0.004158,0.001778,-0.003970,-0.002741,1.326557,1.712362,1.307009,-0.010528,-0.004112,0.005315,-0.023442,0.776636,0.142918,-0.613075,0.369476,-0.256106,0.608233,0.146714,-0.611691,-0.023915,0.777005,-0.374907,-0.252886,0.603893,-0.023442,0.776636,0.142918,-0.613075,0.369476,-0.256106,0.608233,0.146714,-0.611691,-0.023915,0.777005,-0.374907,-0.252886,0.603893,0.449980,-0.001996,-0.000515,-0.000728,1,True,True,0.000405,-0.002602,0.002790,0.000001,0.000005,-0.000019,0.000001,0.000005,-0.000019,0.000001,0.000005,-0.000019,0.000000,0.000001,0.000005,-0.000019,True,0.000001,0.000005,-0.000019,0.000001,0.000005,-0.000019,-1.365889,-1.464995,-1.442270,1.682772,-1.365889,-1.464995,-1.442270,1.682772,0.000000,0.000000,0.000000,0.000000,0.000000,0.000000,0.000000,0.000000,-1449.255249,331.414337,874.442810,1322.467041,True,velocity,0.449980,0.449931,0.000000,0.000000,13.280376,False,0.142122,0.141260,0.050617,0.050725,-2.751411,-2.751444,0.000034,2.741903,2.742009,-0.000106,167.000000
9.497068330005277,-0.002369,1.322603,-1.709524,1.316916,0.004158,0.001779,-0.003971,-0.002740,1.326557,1.712362,1.307009,-0.010528,-0.004112,0.005315,-0.023442,0.776636,0.142918,-0.613075,0.369476,-0.256106,0.608233,0.146714,-0.611691,-0.023915,0.777005,-0.374907,-0.252886,0.603893,-0.023442,0.776636,0.142918,-0.613075,0.369476,-0.256106,0.608233,0.146714,-0.611691,-0.023915,0.777005,-0.374907,-0.252886,0.603893,0.449980,-0.001996,-0.000515,-0.000729,1,True,True,0.000425,-0.002598,0.002773,0.000001,0.000005,-0.000019,0.000001,0.000005,-0.000019,0.000001,0.000005,-0.000019,0.000000,0.000001,0.000005,-0.000019,True,0.000001,0.000005,-0.000019,0.000001,0.000005,-0.000019,-1.365459,-1.464995,-1.442270,1.682811,-1.365247,-1.464995,-1.442269,1.682811,0.000000,0.000000,0.000000,0.000000,0.000000,0.000000,0.000000,0.000000,-1449.255249,331.414337,874.442810,1322.467041,True,velocity,0.449980,0.449931,0.000000,0.000000,13.313076,False,0.142122,0.141260,0.050617,0.050725,-2.751411,-2.751444,0.000034,2.741903,2.742009,-0.000106,167.000000
9.530576632998418,-0.002368,1.322603,-1.709525,1.316918,0.004158,0.001779,-0.003972,-0.002740,1.326556,1.712361,1.307009,-0.010527,-0.004112,0.005315,-0.023442,0.776636,0.142918,-0.613075,0.369476,-0.256106,0.608233,0.146714,-0.611691,-0.023915,0.777005,-0.374907,-0.252886,0.603893,-0.023442,0.776636,0.142918,-0.613075,0.369476,-0.256106,0.608233,0.146714,-0.611691,-0.023915,0.777005,-0.374907,-0.252886,0.603893,0.449980,-0.001996,-0.000515,-0.000730,1,True,True,0.000425,-0.002597,0.002773,0.000001,0.000005,-0.000019,0.000001,0.000005,-0.000019,0.000001,0.000005,-0.000019,0.000000,0.000001,0.000005,-0.000019,True,0.000001,0.000005,-0.000019,0.000001,0.000005,-0.000019,-1.365677,-1.464995,-1.442269,1.682811,-1.365677,-1.464995,-1.442269,1.682811,0.000000,0.000000,0.000000,0.000000,0.000000,0.000000,0.000000,0.000000,-1449.255249,331.414337,874.442810,1322.467041,True,velocity,0.449980,0.449931,0.000000,0.000000,13.346539,False,0.142122,0.141260,0.050617,0.050725,-2.751411,-2.751444,0.000034,2.741903,2.742009,-0.000106,167.000000
9.563823418982793,-0.002368,1.322604,-1.709525,1.316919,0.004159,0.001779,-0.003972,-0.002739,1.326556,1.712361,1.307009,-0.010527,-0.004111,0.005315,-0.023442,0.776636,0.142918,-0.613075,0.369476,-0.256106,0.608233,0.146714,-0.611691,-0.023915,0.777005,-0.374907,-0.252886,0.603893,-0.023442,0.776636,0.142918,-0.613075,0.369476,-0.256106,0.608233,0.146714,-0.611691,-0.023915,0.777005,-0.374907,-0.252886,0.603893,0.449980,-0.001995,-0.000515,-0.000730,1,True,True,0.000442,-0.002614,0.002761,0.000001,0.000005,-0.000019,0.000001,0.000005,-0.000019,0.000001,0.000005,-0.000019,0.000000,0.000001,0.000005,-0.000019,True,0.000001,0.000005,-0.000019,0.000001,0.000005,-0.000019,-1.365247,-1.464995,-1.442270,1.682811,-1.365459,-1.464995,-1.442270,1.682811,0.000000,0.000000,0.000000,0.000000,0.000000,0.000000,0.000000,0.000000,-1449.255249,331.414337,874.442810,1322.467041,True,velocity,0.449980,0.449931,0.000000,0.000000,13.379655,False,0.142122,0.141260,0.050617,0.050725,-2.751411,-2.751444,0.000034,2.741903,2.742009,-0.000106,167.000000
9.597615979990223,-0.002367,1.322604,-1.709526,1.316920,0.004159,0.001779,-0.003973,-0.002739,1.326555,1.712360,1.307009,-0.010527,-0.004111,0.005314,-0.023442,0.776636,0.142918,-0.613075,0.369476,-0.256106,0.608233,0.146714,-0.611691,-0.023915,0.777005,-0.374907,-0.252886,0.603893,-0.023442,0.776636,0.142918,-0.613075,0.369476,-0.256106,0.608233,0.146714,-0.611691,-0.023915,0.777005,-0.374907,-0.252886,0.603893,0.449979,-0.001995,-0.000515,-0.000731,1,True,True,0.000324,-0.002739,0.002748,0.000001,0.000005,-0.000018,0.000001,0.000005,-0.000019,0.000001,0.000005,-0.000019,0.000000,0.000001,0.000005,-0.000018,True,0.000001,0.000005,-0.000019,0.000001,0.000005,-0.000019,-1.365889,-1.464995,-1.442269,1.682849,-1.365459,-1.464995,-1.442269,1.682849,0.000000,0.000000,0.000000,0.000000,0.000000,0.000000,0.000000,0.000000,-1449.255249,331.414337,874.442810,1322.467041,True,velocity,0.449979,0.449931,0.000000,0.000000,13.413433,False,0.142122,0.141260,0.050617,0.050725,-2.751411,-2.751444,0.000034,2.741903,2.742009,-0.000106,167.000000
9.631001042987918,-0.002366,1.322604,-1.709526,1.316922,0.004159,0.001779,-0.003974,-0.002738,1.326555,1.712360,1.307008,-0.010526,-0.004111,0.005314,-0.023442,0.776636,0.142918,-0.613075,0.369476,-0.256106,0.608233,0.146714,-0.611691,-0.023915,0.777005,-0.374907,-0.252886,0.603893,-0.023442,0.776636,0.142918,-0.613075,0.369476,-0.256106,0.608233,0.146714,-0.611691,-0.023915,0.777005,-0.374907,-0.252886,0.603893,0.449979,-0.001995,-0.000515,-0.000732,1,True,True,0.000324,-0.002739,0.002747,0.000001,0.000005,-0.000018,0.000001,0.000005,-0.000019,0.000001,0.000005,-0.000019,0.000000,0.000001,0.000005,-0.000018,True,0.000001,0.000005,-0.000019,0.000001,0.000005,-0.000019,-1.365247,-1.464995,-1.442270,1.682849,-1.365247,-1.464995,-1.442270,1.682849,0.000000,0.000000,0.000000,0.000000,0.000000,0.000000,0.000000,0.000000,-1449.255249,331.414337,874.442810,1322.467041,True,velocity,0.449979,0.449931,0.000000,0.000000,13.446968,False,0.142122,0.141260,0.050617,0.050725,-2.751411,-2.751444,0.000034,2.741903,2.742009,-0.000106,167.000000
9.673741259990493,-0.002365,1.322605,-1.709527,1.316923,0.004159,0.001780,-0.003974,-0.002738,1.326555,1.712359,1.307008,-0.010526,-0.004111,0.005314,-0.023442,0.776636,0.142918,-0.613075,0.369476,-0.256106,0.608233,0.146714,-0.611691,-0.023915,0.777005,-0.374907,-0.252886,0.603893,-0.023442,0.776636,0.142918,-0.613075,0.369476,-0.256106,0.608233,0.146714,-0.611691,-0.023915,0.777005,-0.374907,-0.252886,0.603893,0.449979,-0.001995,-0.000515,-0.000732,1,True,True,0.000325,-0.002750,0.002767,0.000001,0.000005,-0.000018,0.000001,0.000005,-0.000019,0.000001,0.000005,-0.000019,0.000000,0.000001,0.000005,-0.000018,True,0.000001,0.000005,-0.000019,0.000001,0.000005,-0.000019,-1.365247,-1.464815,-1.442269,1.682849,-1.365247,-1.464815,-1.442269,1.682849,0.000000,0.000000,0.000000,0.000000,0.000000,0.000000,0.000000,0.000000,-1449.255249,331.414337,874.442810,1322.467041,True,velocity,0.449979,0.449931,0.000000,0.000000,13.489631,False,0.142122,0.141260,0.050617,0.050725,-2.751411,-2.751444,0.000034,2.741903,2.742009,-0.000106,167.000000
9.702073257009033,-0.002364,1.322605,-1.709528,1.316924,0.004159,0.001780,-0.003975,-0.002737,1.326554,1.712359,1.307008,-0.010526,-0.004110,0.005314,-0.023442,0.776636,0.142918,-0.613075,0.369476,-0.256106,0.608233,0.146714,-0.611691,-0.023915,0.777005,-0.374907,-0.252886,0.603893,-0.023442,0.776636,0.142918,-0.613075,0.369476,-0.256106,0.608233,0.146714,-0.611691,-0.023915,0.777005,-0.374907,-0.252886,0.603893,0.449979,-0.001995,-0.000515,-0.000733,1,True,True,0.000233,-0.002769,0.002766,0.000001,0.000005,-0.000018,0.000001,0.000005,-0.000019,0.000001,0.000005,-0.000019,0.000000,0.000001,0.000005,-0.000018,True,0.000001,0.000005,-0.000019,0.000001,0.000005,-0.000019,-1.365035,-1.465282,-1.442269,1.682849,-1.365035,-1.464995,-1.442269,1.682849,0.000000,0.000000,0.000000,0.000000,0.000000,0.000000,0.000000,0.000000,-1449.255249,331.414337,874.442810,1322.467041,True,velocity,0.449979,0.449931,0.000000,0.000000,13.517297,False,0.142122,0.141260,0.050617,0.050725,-2.751411,-2.751444,0.000034,2.741903,2.742009,-0.000106,167.000000
9.73380221799016,-0.002363,1.322605,-1.709528,1.316925,0.004160,0.001780,-0.003975,-0.002736,1.326554,1.712358,1.307008,-0.010526,-0.004110,0.005314,-0.023442,0.776636,0.142918,-0.613075,0.369476,-0.256106,0.608233,0.146714,-0.611691,-0.023915,0.777005,-0.374907,-0.252886,0.603893,-0.023442,0.776636,0.142918,-0.613075,0.369476,-0.256106,0.608233,0.146714,-0.611691,-0.023915,0.777005,-0.374907,-0.252886,0.603893,0.449979,-0.001995,-0.000515,-0.000733,1,True,True,0.000233,-0.002769,0.002766,0.000001,0.000005,-0.000018,0.000001,0.000005,-0.000018,0.000001,0.000005,-0.000018,0.000000,0.000001,0.000005,-0.000018,True,0.000001,0.000005,-0.000019,0.000001,0.000005,-0.000019,-1.365677,-1.464995,-1.442269,1.682849,-1.365677,-1.465463,-1.442269,1.682849,0.000000,0.000000,0.000000,0.000000,0.000000,0.000000,0.000000,0.000000,-1449.255249,331.414337,874.442810,1322.467041,True,velocity,0.449979,0.449931,0.000000,0.000000,13.549428,False,0.142123,0.141260,0.050617,0.050725,-2.751411,-2.751444,0.000034,2.741903,2.742009,-0.000106,167.000000
9.765274384000804,-0.002362,1.322606,-1.709529,1.316927,0.004160,0.001780,-0.003976,-0.002736,1.326553,1.712358,1.307007,-0.010525,-0.004110,0.005313,-0.023442,0.776636,0.142918,-0.613075,0.369476,-0.256106,0.608233,0.146714,-0.611691,-0.023915,0.777005,-0.374907,-0.252886,0.603893,-0.023442,0.776636,0.142918,-0.613075,0.369476,-0.256106,0.608233,0.146714,-0.611691,-0.023915,0.777005,-0.374907,-0.252886,0.603893,0.449979,-0.001994,-0.000515,-0.000734,1,True,True,0.000197,-0.002785,0.002778,0.000000,0.000005,-0.000018,0.000001,0.000005,-0.000018,0.000001,0.000005,-0.000018,0.000000,0.000000,0.000005,-0.000018,True,0.000001,0.000005,-0.000018,0.000001,0.000005,-0.000018,-1.365247,-1.464815,-1.442270,1.682849,-1.365889,-1.464995,-1.442270,1.682849,0.000000,0.000000,0.000000,0.000000,0.000000,0.000000,0.000000,0.000000,-1449.255249,331.414337,874.442810,1322.467041,True,velocity,0.449979,0.449931,0.000000,0.000000,13.581253,False,0.142123,0.141260,0.050617,0.050725,-2.751411,-2.751444,0.000034,2.741903,2.742009,-0.000106,167.000000
9.798228116007522,-0.002362,1.322606,-1.709530,1.316928,0.004160,0.001780,-0.003977,-0.002735,1.326553,1.712357,1.307007,-0.010525,-0.004109,0.005313,-0.023442,0.776636,0.142918,-0.613075,0.369476,-0.256106,0.608233,0.146714,-0.611691,-0.023915,0.777005,-0.374907,-0.252886,0.603893,-0.023442,0.776636,0.142918,-0.613075,0.369476,-0.256106,0.608233,0.146714,-0.611691,-0.023915,0.777005,-0.374907,-0.252886,0.603893,0.449979,-0.001994,-0.000515,-0.000735,1,True,True,0.000115,-0.002733,0.002824,0.000000,0.000005,-0.000018,0.000001,0.000005,-0.000018,0.000001,0.000005,-0.000018,0.000000,0.000000,0.000005,-0.000018,True,0.000001,0.000005,-0.000018,0.000001,0.000005,-0.000018,-1.365889,-1.464995,-1.442270,1.682849,-1.365247,-1.464995,-1.442270,1.682887,0.000000,0.000000,0.000000,0.000000,0.000000,0.000000,0.000000,0.000000,-1449.255249,331.414337,874.442810,1322.467041,True,velocity,0.449979,0.449931,0.000000,0.000000,13.614063,False,0.142123,0.141260,0.050617,0.050725,-2.751411,-2.751444,0.000034,2.741903,2.742009,-0.000106,167.000000
9.830874570994638,-0.002361,1.322606,-1.709530,1.316929,0.004160,0.001781,-0.003977,-0.002735,1.326553,1.712357,1.307007,-0.010525,-0.004109,0.005313,-0.023442,0.776636,0.142918,-0.613075,0.369476,-0.256106,0.608233,0.146714,-0.611691,-0.023915,0.777005,-0.374907,-0.252886,0.603893,-0.023442,0.776636,0.142918,-0.613075,0.369476,-0.256106,0.608233,0.146714,-0.611691,-0.023915,0.777005,-0.374907,-0.252886,0.603893,0.449979,-0.001994,-0.000515,-0.000735,1,True,True,0.000115,-0.002732,0.002824,0.000000,0.000005,-0.000018,0.000001,0.000005,-0.000018,0.000001,0.000005,-0.000018,0.000000,0.000000,0.000005,-0.000018,True,0.000001,0.000005,-0.000018,0.000001,0.000005,-0.000018,-1.365247,-1.464995,-1.442270,1.682811,-1.365247,-1.464995,-1.442269,1.682849,0.000000,0.000000,0.000000,0.000000,0.000000,0.000000,0.000000,0.000000,-1449.255249,331.414337,874.442810,1322.467041,True,velocity,0.449979,0.449931,0.000000,0.000000,13.646685,False,0.142123,0.141260,0.050617,0.050725,-2.751411,-2.751444,0.000034,2.741903,2.742009,-0.000106,167.000000
9.865058908006176,-0.002360,1.322607,-1.709531,1.316931,0.004160,0.001781,-0.003978,-0.002734,1.326552,1.712356,1.307007,-0.010525,-0.004109,0.005313,-0.023442,0.776636,0.142918,-0.613075,0.369476,-0.256106,0.608233,0.146714,-0.611691,-0.023915,0.777005,-0.374907,-0.252886,0.603893,-0.023442,0.776636,0.142918,-0.613075,0.369476,-0.256106,0.608233,0.146714,-0.611691,-0.023915,0.777005,-0.374907,-0.252886,0.603893,0.449979,-0.001994,-0.000515,-0.000736,1,True,True,0.000119,-0.002742,0.002844,0.000000,0.000005,-0.000018,0.000001,0.000005,-0.000018,0.000001,0.000005,-0.000018,0.000000,0.000000,0.000005,-0.000018,True,0.000001,0.000005,-0.000018,0.000001,0.000005,-0.000018,-1.365247,-1.464995,-1.442270,1.682849,-1.365247,-1.464815,-1.442270,1.682849,0.000000,0.000000,0.000000,0.000000,0.000000,0.000000,0.000000,0.000000,-1449.255249,331.414337,874.442810,1322.467041,True,velocity,0.449979,0.449931,0.000000,0.000000,13.680923,False,0.142123,0.141260,0.050617,0.050725,-2.751411,-2.751444,0.000034,2.741903,2.742009,-0.000106,167.000000
9.897462569002528,-0.002359,1.322607,-1.709531,1.316932,0.004161,0.001781,-0.003978,-0.002734,1.326552,1.712356,1.307007,-0.010524,-0.004108,0.005312,-0.023442,0.776636,0.142918,-0.613075,0.369476,-0.256106,0.608233,0.146714,-0.611691,-0.023915,0.777005,-0.374907,-0.252886,0.603893,-0.023442,0.776636,0.142918,-0.613075,0.369476,-0.256106,0.608233,0.146714,-0.611691,-0.023915,0.777005,-0.374907,-0.252886,0.603893,0.449978,-0.001994,-0.000515,-0.000736,1,True,True,0.000094,-0.002751,0.002854,0.000000,0.000005,-0.000018,0.000001,0.000005,-0.000018,0.000001,0.000005,-0.000018,0.000000,0.000000,0.000005,-0.000018,True,0.000001,0.000005,-0.000018,0.000001,0.000005,-0.000018,-1.365889,-1.464995,-1.442269,1.682887,-1.365889,-1.464995,-1.442269,1.682887,0.000000,0.000000,0.000000,0.000000,0.000000,0.000000,0.000000,0.000000,-1449.255249,331.414337,874.442810,1322.467041,True,velocity,0.449978,0.449931,0.000000,0.000000,13.713433,False,0.142123,0.141260,0.050617,0.050725,-2.751411,-2.751444,0.000034,2.741903,2.742009,-0.000106,167.000000
9.93343048900715,-0.002358,1.322607,-1.709532,1.316933,0.004161,0.001781,-0.003979,-0.002733,1.326551,1.712355,1.307006,-0.010524,-0.004108,0.005312,-0.023442,0.776636,0.142918,-0.613075,0.369476,-0.256106,0.608233,0.146714,-0.611691,-0.023915,0.777005,-0.374907,-0.252886,0.603893,-0.023442,0.776636,0.142918,-0.613075,0.369476,-0.256106,0.608233,0.146714,-0.611691,-0.023915,0.777005,-0.374907,-0.252886,0.603893,0.449978,-0.001994,-0.000515,-0.000737,1,True,True,0.000094,-0.002750,0.002853,0.000000,0.000005,-0.000018,0.000000,0.000005,-0.000018,0.000000,0.000005,-0.000018,0.000000,0.000000,0.000005,-0.000018,True,0.000001,0.000005,-0.000018,0.000001,0.000005,-0.000018,-1.365247,-1.464995,-1.442270,1.682849,-1.365247,-1.464995,-1.442270,1.682849,0.000000,0.000000,0.000000,0.000000,0.000000,0.000000,0.000000,0.000000,-1449.255249,331.414337,874.442810,1322.467041,True,velocity,0.449978,0.449931,0.000000,0.000000,13.748900,False,0.142123,0.141260,0.050617,0.050725,-2.751411,-2.751444,0.000034,2.741903,2.742009,-0.000106,167.000000
9.96516531999805,-0.002357,1.322608,-1.709533,1.316934,0.004161,0.001782,-0.003979,-0.002733,1.326551,1.712355,1.307006,-0.010524,-0.004108,0.005312,-0.023442,0.776636,0.142918,-0.613075,0.369476,-0.256106,0.608233,0.146714,-0.611691,-0.023915,0.777005,-0.374907,-0.252886,0.603893,-0.023442,0.776636,0.142918,-0.613075,0.369476,-0.256106,0.608233,0.146714,-0.611691,-0.023915,0.777005,-0.374907,-0.252886,0.603893,0.449978,-0.001993,-0.000515,-0.000738,1,True,True,0.000053,-0.002788,0.002848,0.000000,0.000005,-0.000018,0.000000,0.000005,-0.000018,0.000000,0.000005,-0.000018,0.000000,0.000000,0.000005,-0.000018,True,0.000000,0.000005,-0.000018,0.000000,0.000005,-0.000018,-1.365889,-1.464995,-1.442269,1.682811,-1.365247,-1.464995,-1.442269,1.682811,0.000000,0.000000,0.000000,0.000000,0.000000,0.000000,0.000000,0.000000,-1449.255249,331.414337,874.442810,1322.467041,True,velocity,0.449978,0.449931,0.000000,0.000000,13.781028,False,0.142123,0.141260,0.050617,0.050725,-2.751411,-2.751444,0.000034,2.741903,2.742009,-0.000106,167.000000
9.997957977990154,-0.002357,1.322608,-1.709533,1.316935,0.004161,0.001782,-0.003980,-0.002732,1.326551,1.712354,1.307006,-0.010524,-0.004107,0.005312,-0.023442,0.776636,0.142918,-0.613075,0.369476,-0.256106,0.608233,0.146714,-0.611691,-0.023915,0.777005,-0.374907,-0.252886,0.603893,-0.023442,0.776636,0.142918,-0.613075,0.369476,-0.256106,0.608233,0.146714,-0.611691,-0.023915,0.777005,-0.374907,-0.252886,0.603893,0.449978,-0.001993,-0.000515,-0.000738,1,True,True,0.000092,-0.002812,0.002851,0.000000,0.000005,-0.000017,0.000000,0.000005,-0.000018,0.000000,0.000005,-0.000018,0.000000,0.000000,0.000005,-0.000017,True,0.000000,0.000005,-0.000018,0.000000,0.000005,-0.000018,-1.365247,-1.464995,-1.442269,1.682849,-1.365247,-1.464995,-1.442269,1.682811,0.000000,0.000000,0.000000,0.000000,0.000000,0.000000,0.000000,0.000000,-1449.255249,331.414337,874.442810,1322.467041,True,velocity,0.449978,0.449931,0.000000,0.000000,13.813888,False,0.142123,0.141260,0.050617,0.050725,-2.751411,-2.751444,0.000034,2.741903,2.742009,-0.000106,167.000000
10.031394671008456,-0.002356,1.322608,-1.709534,1.316937,0.004161,0.001782,-0.003980,-0.002732,1.326550,1.712354,1.307006,-0.010523,-0.004107,0.005312,-0.023442,0.776636,0.142918,-0.613075,0.369476,-0.256106,0.608233,0.146714,-0.611691,-0.023915,0.777005,-0.374907,-0.252886,0.603893,-0.023442,0.776636,0.142918,-0.613075,0.369476,-0.256106,0.608233,0.146714,-0.611691,-0.023915,0.777005,-0.374907,-0.252886,0.603893,0.449978,-0.001993,-0.000515,-0.000739,1,True,True,0.000092,-0.002812,0.002850,0.000000,0.000005,-0.000017,0.000000,0.000005,-0.000018,0.000000,0.000005,-0.000018,0.000000,0.000000,0.000005,-0.000017,True,0.000000,0.000005,-0.000018,0.000000,0.000005,-0.000018,-1.365247,-1.465463,-1.442269,1.682849,-1.365247,-1.464995,-1.442269,1.682849,0.000000,0.000000,0.000000,0.000000,0.000000,0.000000,0.000000,0.000000,-1449.255249,331.414337,874.442810,1322.467041,True,velocity,0.449978,0.449931,0.000000,0.000000,13.847140,False,0.142124,0.141260,0.050617,0.050725,-2.751411,-2.751444,0.000034,2.741903,2.742009,-0.000106,167.000000
10.065930320008192,-0.002355,1.322608,-1.709534,1.316938,0.004161,0.001782,-0.003981,-0.002731,1.326550,1.712353,1.307005,-0.010523,-0.004107,0.005311,-0.023442,0.776636,0.142918,-0.613075,0.369476,-0.256106,0.608233,0.146714,-0.611691,-0.023915,0.777005,-0.374907,-0.252886,0.603893,-0.023442,0.776636,0.142918,-0.613075,0.369476,-0.256106,0.608233,0.146714,-0.611691,-0.023915,0.777005,-0.374907,-0.252886,0.603893,0.449978,-0.001993,-0.000515,-0.000739,1,True,True,0.000062,-0.002846,0.002843,0.000000,0.000005,-0.000017,0.000000,0.000005,-0.000018,0.000000,0.000005,-0.000018,0.000000,0.000000,0.000005,-0.000017,True,0.000000,0.000005,-0.000018,0.000000,0.000005,-0.000018,-1.365247,-1.464995,-1.442269,1.682849,-1.365247,-1.464528,-1.442269,1.682887,0.000000,0.000000,0.000000,0.000000,0.000000,0.000000,0.000000,0.000000,-1449.255249,331.414337,874.442810,1322.467041,True,velocity,0.449978,0.449931,0.000000,0.000000,13.881246,False,0.142124,0.141260,0.050617,0.050725,-2.751411,-2.751444,0.000034,2.741903,2.742009,-0.000106,167.000000
10.098090574989328,-0.002354,1.322609,-1.709535,1.316939,0.004162,0.001782,-0.003981,-0.002730,1.326550,1.712353,1.307005,-0.010523,-0.004107,0.005311,-0.023442,0.776636,0.142918,-0.613075,0.369476,-0.256106,0.608233,0.146714,-0.611691,-0.023915,0.777005,-0.374907,-0.252886,0.603893,-0.023442,0.776636,0.142918,-0.613075,0.369476,-0.256106,0.608233,0.146714,-0.611691,-0.023915,0.777005,-0.374907,-0.252886,0.603893,0.449978,-0.001993,-0.000515,-0.000740,1,True,True,0.000040,-0.002862,0.002840,0.000000,0.000005,-0.000017,0.000000,0.000005,-0.000018,0.000000,0.000005,-0.000018,0.000000,0.000000,0.000005,-0.000017,True,0.000000,0.000005,-0.000018,0.000000,0.000005,-0.000018,-1.365459,-1.464528,-1.442269,1.682887,-1.365247,-1.464528,-1.442269,1.682887,0.000000,0.000000,0.000000,0.000000,0.000000,0.000000,0.000000,0.000000,-1449.255249,331.414337,874.442810,1322.467041,True,velocity,0.449978,0.449931,0.000000,0.000000,13.914045,False,0.142124,0.141260,0.050617,0.050725,-2.751411,-2.751444,0.000034,2.741903,2.742009,-0.000106,167.000000
10.131867210002383,-0.002354,1.322609,-1.709536,1.316940,0.004162,0.001783,-0.003982,-0.002730,1.326549,1.712352,1.307005,-0.010523,-0.004106,0.005311,-0.023442,0.776636,0.142918,-0.613075,0.369476,-0.256106,0.608233,0.146714,-0.611691,-0.023915,0.777005,-0.374907,-0.252886,0.603893,-0.023442,0.776636,0.142918,-0.613075,0.369476,-0.256106,0.608233,0.146714,-0.611691,-0.023915,0.777005,-0.374907,-0.252886,0.603893,0.449978,-0.001993,-0.000515,-0.000740,1,True,True,0.000040,-0.002862,0.002840,0.000000,0.000005,-0.000017,0.000000,0.000005,-0.000017,0.000000,0.000005,-0.000017,0.000000,0.000000,0.000005,-0.000017,True,0.000000,0.000005,-0.000018,0.000000,0.000005,-0.000018,-1.365247,-1.464528,-1.442269,1.682811,-1.365247,-1.464995,-1.442269,1.682811,0.000000,0.000000,0.000000,0.000000,0.000000,0.000000,0.000000,0.000000,-1449.255249,331.414337,874.442810,1322.467041,True,velocity,0.449978,0.449931,0.000000,0.000000,13.947863,False,0.142124,0.141260,0.050617,0.050725,-2.751411,-2.751444,0.000034,2.741903,2.742009,-0.000106,167.000000
10.16566147498088,-0.002353,1.322609,-1.709536,1.316941,0.004162,0.001783,-0.003983,-0.002729,1.326549,1.712352,1.307005,-0.010522,-0.004106,0.005311,-0.023442,0.776636,0.142918,-0.613075,0.369476,-0.256106,0.608233,0.146714,-0.611691,-0.023915,0.777005,-0.374907,-0.252886,0.603893,-0.023442,0.776636,0.142918,-0.613075,0.369476,-0.256106,0.608233,0.146714,-0.611691,-0.023915,0.777005,-0.374907,-0.252886,0.603893,0.449978,-0.001992,-0.000515,-0.000741,1,True,True,0.000157,-0.002807,0.002805,0.000000,0.000005,-0.000017,0.000000,0.000005,-0.000017,0.000000,0.000005,-0.000017,0.000000,0.000000,0.000005,-0.000017,True,0.000000,0.000005,-0.000017,0.000000,0.000005,-0.000017,-1.365459,-1.464995,-1.442269,1.682887,-1.365459,-1.464995,-1.442269,1.682887,0.000000,0.000000,0.000000,0.000000,0.000000,0.000000,0.000000,0.000000,-1449.255249,331.414337,874.442810,1322.467041,True,velocity,0.449978,0.449931,0.000000,0.000000,13.981308,False,0.142124,0.141260,0.050617,0.050725,-2.751411,-2.751444,0.000034,2.741903,2.742009,-0.000106,167.000000
10.199295998987509,-0.002352,1.322610,-1.709537,1.316943,0.004162,0.001783,-0.003983,-0.002729,1.326548,1.712352,1.307004,-0.010522,-0.004106,0.005311,-0.023442,0.776636,0.142918,-0.613075,0.369476,-0.256106,0.608233,0.146714,-0.611691,-0.023915,0.777005,-0.374907,-0.252886,0.603893,-0.023442,0.776636,0.142918,-0.613075,0.369476,-0.256106,0.608233,0.146714,-0.611691,-0.023915,0.777005,-0.374907,-0.252886,0.603893,0.449978,-0.001992,-0.000515,-0.000742,1,True,True,0.000134,-0.002826,0.002807,0.000000,0.000005,-0.000017,0.000000,0.000005,-0.000017,0.000000,0.000005,-0.000017,0.000000,0.000000,0.000005,-0.000017,True,0.000000,0.000005,-0.000017,0.000000,0.000005,-0.000017,-1.365459,-1.464995,-1.442269,1.682849,-1.365459,-1.464995,-1.442270,1.682849,0.000000,0.000000,0.000000,0.000000,0.000000,0.000000,0.000000,0.000000,-1449.255249,331.414337,874.442810,1322.467041,True,velocity,0.449978,0.449931,0.000000,0.000000,14.015350,False,0.142124,0.141259,0.050617,0.050725,-2.751411,-2.751444,0.000034,2.741903,2.742009,-0.000106,167.000000
10.23193167799036,-0.002351,1.322610,-1.709537,1.316944,0.004162,0.001783,-0.003984,-0.002728,1.326548,1.712351,1.307004,-0.010522,-0.004105,0.005310,-0.023442,0.776636,0.142918,-0.613075,0.369476,-0.256106,0.608233,0.146714,-0.611691,-0.023915,0.777005,-0.374907,-0.252886,0.603893,-0.023442,0.776636,0.142918,-0.613075,0.369476,-0.256106,0.608233,0.146714,-0.611691,-0.023915,0.777005,-0.374907,-0.252886,0.603893,0.449978,-0.001992,-0.000515,-0.000742,1,True,True,0.000134,-0.002825,0.002807,0.000000,0.000005,-0.000017,0.000000,0.000005,-0.000017,0.000000,0.000005,-0.000017,0.000000,0.000000,0.000005,-0.000017,True,0.000000,0.000005,-0.000017,0.000000,0.000005,-0.000017,-1.365459,-1.464995,-1.442270,1.682849,-1.365459,-1.464995,-1.442270,1.682849,0.000000,0.000000,0.000000,0.000000,0.000000,0.000000,0.000000,0.000000,-1449.255249,331.414337,874.442810,1322.467041,True,velocity,0.449978,0.449931,0.000000,0.000000,14.047888,False,0.142124,0.141259,0.050617,0.050725,-2.751411,-2.751444,0.000034,2.741903,2.742009,-0.000106,167.000000
10.266021663002903,-0.002350,1.322610,-1.709538,1.316945,0.004163,0.001783,-0.003984,-0.002728,1.326548,1.712351,1.307004,-0.010522,-0.004105,0.005310,-0.023442,0.776636,0.142918,-0.613075,0.369476,-0.256106,0.608233,0.146714,-0.611691,-0.023915,0.777005,-0.374907,-0.252886,0.603893,-0.023442,0.776636,0.142918,-0.613075,0.369476,-0.256106,0.608233,0.146714,-0.611691,-0.023915,0.777005,-0.374907,-0.252886,0.603893,0.449977,-0.001992,-0.000515,-0.000743,1,True,True,0.000129,-0.002781,0.002779,0.000000,0.000005,-0.000017,0.000000,0.000005,-0.000017,0.000000,0.000005,-0.000017,0.000000,0.000000,0.000005,-0.000017,True,0.000000,0.000005,-0.000017,0.000000,0.000005,-0.000017,-1.365671,-1.464995,-1.442270,1.682887,-1.365671,-1.464995,-1.442270,1.682887,0.000000,0.000000,0.000000,0.000000,0.000000,0.000000,0.000000,0.000000,-1449.255249,331.414337,874.442810,1322.467041,True,velocity,0.449977,0.449931,0.000000,0.000000,14.081545,False,0.142124,0.141259,0.050617,0.050725,-2.751411,-2.751444,0.000034,2.741903,2.742009,-0.000106,167.000000
10.298498230986297,-0.002350,1.322611,-1.709539,1.316946,0.004163,0.001784,-0.003985,-0.002727,1.326547,1.712350,1.307004,-0.010521,-0.004105,0.005310,-0.023442,0.776636,0.142918,-0.613075,0.369476,-0.256106,0.608233,0.146714,-0.611691,-0.023915,0.777005,-0.374907,-0.252886,0.603893,-0.023442,0.776636,0.142918,-0.613075,0.369476,-0.256106,0.608233,0.146714,-0.611691,-0.023915,0.777005,-0.374907,-0.252886,0.603893,0.449977,-0.001992,-0.000516,-0.000743,1,True,True,0.000106,-0.002793,0.002789,0.000000,0.000005,-0.000017,0.000000,0.000005,-0.000017,0.000000,0.000005,-0.000017,0.000000,0.000000,0.000005,-0.000017,True,0.000000,0.000005,-0.000017,0.000000,0.000005,-0.000017,-1.365247,-1.464995,-1.442270,1.682887,-1.365247,-1.464995,-1.442270,1.682887,0.000000,0.000000,0.000000,0.000000,0.000000,0.000000,0.000000,0.000000,-1449.255249,331.414337,874.442810,1322.467041,True,velocity,0.449977,0.449931,0.000000,0.000000,14.114479,False,0.142124,0.141259,0.050617,0.050725,-2.751411,-2.751444,0.000034,2.741903,2.742009,-0.000106,167.000000
10.331745090981713,-0.002349,1.322611,-1.709539,1.316947,0.004163,0.001784,-0.003985,-0.002727,1.326547,1.712350,1.307003,-0.010521,-0.004104,0.005310,-0.023442,0.776636,0.142918,-0.613075,0.369476,-0.256106,0.608233,0.146714,-0.611691,-0.023915,0.777005,-0.374907,-0.252886,0.603893,-0.023442,0.776636,0.142918,-0.613075,0.369476,-0.256106,0.608233,0.146714,-0.611691,-0.023915,0.777005,-0.374907,-0.252886,0.603893,0.449977,-0.001992,-0.000516,-0.000744,1,True,True,0.000106,-0.002793,0.002788,0.000000,0.000005,-0.000017,0.000000,0.000005,-0.000017,0.000000,0.000005,-0.000017,0.000000,0.000000,0.000005,-0.000017,True,0.000000,0.000005,-0.000017,0.000000,0.000005,-0.000017,-1.365459,-1.464995,-1.442270,1.682887,-1.365459,-1.464995,-1.442270,1.682849,0.000000,0.000000,0.000000,0.000000,0.000000,0.000000,0.000000,0.000000,-1449.255249,331.414337,874.442810,1322.467041,True,velocity,0.449977,0.449931,0.000000,0.000000,14.147716,False,0.142125,0.141259,0.050617,0.050725,-2.751411,-2.751444,0.000034,2.741903,2.742009,-0.000106,167.000000
10.367635492002591,-0.002348,1.322611,-1.709540,1.316948,0.004163,0.001784,-0.003986,-0.002726,1.326547,1.712349,1.307003,-0.010521,-0.004104,0.005310,-0.023442,0.776636,0.142918,-0.613075,0.369476,-0.256106,0.608233,0.146714,-0.611691,-0.023915,0.777005,-0.374907,-0.252886,0.603893,-0.023442,0.776636,0.142918,-0.613075,0.369476,-0.256106,0.608233,0.146714,-0.611691,-0.023915,0.777005,-0.374907,-0.252886,0.603893,0.449977,-0.001992,-0.000516,-0.000744,1,True,True,0.000175,-0.002712,0.002837,0.000000,0.000005,-0.000017,0.000000,0.000005,-0.000017,0.000000,0.000005,-0.000017,0.000000,0.000000,0.000005,-0.000017,True,0.000000,0.000005,-0.000017,0.000000,0.000005,-0.000017,-1.365671,-1.464995,-1.442270,1.682849,-1.365459,-1.464995,-1.442270,1.682849,0.000000,0.000000,0.000000,0.000000,0.000000,0.000000,0.000000,0.000000,-1449.255249,331.414337,874.442810,1322.467041,True,velocity,0.449977,0.449931,0.000000,0.000000,14.183302,False,0.142125,0.141259,0.050617,0.050725,-2.751411,-2.751444,0.000034,2.741903,2.742009,-0.000106,167.000000
10.398766381986206,-0.002347,1.322612,-1.709540,1.316949,0.004163,0.001784,-0.003986,-0.002726,1.326546,1.712349,1.307003,-0.010521,-0.004104,0.005310,-0.023442,0.776636,0.142918,-0.613075,0.369476,-0.256106,0.608233,0.146714,-0.611691,-0.023915,0.777005,-0.374907,-0.252886,0.603893,-0.023442,0.776636,0.142918,-0.613075,0.369476,-0.256106,0.608233,0.146714,-0.611691,-0.023915,0.777005,-0.374907,-0.252886,0.603893,0.449977,-0.001991,-0.000516,-0.000745,1,True,True,0.000151,-0.002709,0.002819,0.000000,0.000005,-0.000016,0.000000,0.000005,-0.000017,0.000000,0.000005,-0.000017,0.000000,0.000000,0.000005,-0.000016,True,0.000000,0.000005,-0.000017,0.000000,0.000005,-0.000017,-1.365459,-1.464995,-1.442269,1.682887,-1.365459,-1.464995,-1.442270,1.682887,0.000000,0.000000,0.000000,0.000000,0.000000,0.000000,0.000000,0.000000,-1449.255249,331.414337,874.442810,1322.467041,True,velocity,0.449977,0.449931,0.000000,0.000000,14.214749,False,0.142125,0.141259,0.050617,0.050725,-2.751411,-2.751444,0.000034,2.741903,2.742009,-0.000106,167.000000
10.431910446990514,-0.002347,1.322612,-1.709541,1.316951,0.004163,0.001784,-0.003987,-0.002725,1.326546,1.712348,1.307003,-0.010520,-0.004104,0.005309,-0.023442,0.776636,0.142918,-0.613075,0.369476,-0.256106,0.608233,0.146714,-0.611691,-0.023915,0.777005,-0.374907,-0.252886,0.603893,-0.023442,0.776636,0.142918,-0.613075,0.369476,-0.256106,0.608233,0.146714,-0.611691,-0.023915,0.777005,-0.374907,-0.252886,0.603893,0.449977,-0.001991,-0.000516,-0.000745,1,True,True,0.000151,-0.002709,0.002818,0.000000,0.000005,-0.000016,0.000000,0.000005,-0.000017,0.000000,0.000005,-0.000017,0.000000,0.000000,0.000005,-0.000016,True,0.000000,0.000005,-0.000017,0.000000,0.000005,-0.000017,-1.365247,-1.464995,-1.442270,1.682811,-1.365247,-1.464995,-1.442270,1.682849,0.000000,0.000000,0.000000,0.000000,0.000000,0.000000,0.000000,0.000000,-1449.255249,331.414337,874.442810,1322.467041,True,velocity,0.449977,0.449931,0.000000,0.000000,14.247903,False,0.142125,0.141259,0.050617,0.050725,-2.751411,-2.751444,0.000034,2.741903,2.742009,-0.000106,167.000000
10.467700701003196,-0.002346,1.322612,-1.709541,1.316952,0.004164,0.001785,-0.003987,-0.002725,1.326545,1.712348,1.307002,-0.010520,-0.004103,0.005309,-0.023442,0.776636,0.142918,-0.613075,0.369476,-0.256106,0.608233,0.146714,-0.611691,-0.023915,0.777005,-0.374907,-0.252886,0.603893,-0.023442,0.776636,0.142918,-0.613075,0.369476,-0.256106,0.608233,0.146714,-0.611691,-0.023915,0.777005,-0.374907,-0.252886,0.603893,0.449977,-0.001991,-0.000516,-0.000746,1,True,True,0.000097,-0.002697,0.002826,0.000000,0.000005,-0.000016,0.000000,0.000005,-0.000017,0.000000,0.000005,-0.000017,0.000000,0.000000,0.000005,-0.000016,True,0.000000,0.000005,-0.000017,0.000000,0.000005,-0.000017,-1.365247,-1.464995,-1.442270,1.682849,-1.365247,-1.464995,-1.442270,1.682849,0.000000,0.000000,0.000000,0.000000,0.000000,0.000000,0.000000,0.000000,-1449.255249,331.414337,874.442810,1322.467041,True,velocity,0.449977,0.449931,0.000000,0.000000,14.283415,False,0.142125,0.141259,0.050617,0.050725,-2.751411,-2.751444,0.000034,2.741903,2.742009,-0.000106,167.000000
10.498532517987769,-0.002345,1.322613,-1.709542,1.316953,0.004164,0.001785,-0.003987,-0.002724,1.326545,1.712347,1.307002,-0.010520,-0.004103,0.005309,-0.023442,0.776636,0.142918,-0.613075,0.369476,-0.256106,0.608233,0.146714,-0.611691,-0.023915,0.777005,-0.374907,-0.252886,0.603893,-0.023442,0.776636,0.142918,-0.613075,0.369476,-0.256106,0.608233,0.146714,-0.611691,-0.023915,0.777005,-0.374907,-0.252886,0.603893,0.449977,-0.001991,-0.000516,-0.000747,1,True,True,0.000057,-0.002687,0.002814,0.000000,0.000005,-0.000016,0.000000,0.000005,-0.000017,0.000000,0.000005,-0.000017,0.000000,0.000000,0.000005,-0.000016,True,0.000000,0.000005,-0.000017,0.000000,0.000005,-0.000017,-1.365247,-1.465463,-1.442269,1.682849,-1.365889,-1.464815,-1.442270,1.682849,0.000000,0.000000,0.000000,0.000000,0.000000,0.000000,0.000000,0.000000,-1449.255249,331.414337,874.442810,1322.467041,True,velocity,0.449977,0.449931,0.000000,0.000000,14.314453,False,0.142125,0.141259,0.050617,0.050725,-2.751411,-2.751444,0.000034,2.741903,2.742009,-0.000106,167.000000
10.533110093005234,-0.002344,1.322613,-1.709542,1.316954,0.004164,0.001785,-0.003988,-0.002724,1.326545,1.712347,1.307002,-0.010520,-0.004103,0.005309,-0.023442,0.776636,0.142918,-0.613075,0.369476,-0.256106,0.608233,0.146714,-0.611691,-0.023915,0.777005,-0.374907,-0.252886,0.603893,-0.023442,0.776636,0.142918,-0.613075,0.369476,-0.256106,0.608233,0.146714,-0.611691,-0.023915,0.777005,-0.374907,-0.252886,0.603893,0.449977,-0.001991,-0.000516,-0.000747,1,True,True,0.000057,-0.002687,0.002814,0.000000,0.000005,-0.000016,0.000000,0.000005,-0.000017,0.000000,0.000005,-0.000017,0.000000,0.000000,0.000005,-0.000016,True,0.000000,0.000005,-0.000017,0.000000,0.000005,-0.000017,-1.365247,-1.464815,-1.442269,1.682887,-1.365247,-1.464815,-1.442269,1.682887,0.000000,0.000000,0.000000,0.000000,0.000000,0.000000,0.000000,0.000000,-1449.255249,331.414337,874.442810,1322.467041,True,velocity,0.449977,0.449931,0.000000,0.000000,14.349111,False,0.142125,0.141259,0.050617,0.050725,-2.751411,-2.751444,0.000034,2.741903,2.742009,-0.000106,167.000000
10.565984065993689,-0.002344,1.322613,-1.709543,1.316955,0.004164,0.001785,-0.003988,-0.002723,1.326544,1.712347,1.307002,-0.010519,-0.004103,0.005309,-0.023442,0.776636,0.142918,-0.613075,0.369476,-0.256106,0.608233,0.146714,-0.611691,-0.023915,0.777005,-0.374907,-0.252886,0.603893,-0.023442,0.776636,0.142918,-0.613075,0.369476,-0.256106,0.608233,0.146714,-0.611691,-0.023915,0.777005,-0.374907,-0.252886,0.603893,0.449977,-0.001991,-0.000516,-0.000748,1,True,True,-0.000002,-0.002738,0.002803,0.000000,0.000004,-0.000016,0.000000,0.000005,-0.000016,0.000000,0.000005,-0.000016,0.000000,0.000000,0.000004,-0.000016,True,0.000000,0.000005,-0.000017,0.000000,0.000005,-0.000017,-1.365459,-1.464815,-1.442269,1.682887,-1.365459,-1.464815,-1.442269,1.682849,0.000000,0.000000,0.000000,0.000000,0.000000,0.000000,0.000000,0.000000,-1449.255249,331.414337,874.442810,1322.467041,True,velocity,0.449977,0.449931,0.000000,0.000000,14.381981,False,0.142125,0.141259,0.050617,0.050725,-2.751411,-2.751444,0.000034,2.741903,2.742009,-0.000106,167.000000
10.599609627999598,-0.002343,1.322613,-1.709544,1.316956,0.004164,0.001785,-0.003989,-0.002723,1.326544,1.712346,1.307001,-0.010519,-0.004102,0.005309,-0.023442,0.776636,0.142918,-0.613075,0.369476,-0.256106,0.608233,0.146714,-0.611691,-0.023915,0.777005,-0.374907,-0.252886,0.603893,-0.023442,0.776636,0.142918,-0.613075,0.369476,-0.256106,0.608233,0.146714,-0.611691,-0.023915,0.777005,-0.374907,-0.252886,0.603893,0.449977,-0.001990,-0.000516,-0.000748,1,True,True,-0.000037,-0.002730,0.002797,0.000000,0.000004,-0.000016,0.000000,0.000005,-0.000016,0.000000,0.000005,-0.000016,0.000000,0.000000,0.000004,-0.000016,True,0.000000,0.000005,-0.000016,0.000000,0.000005,-0.000016,-1.365889,-1.464815,-1.442269,1.682849,-1.365889,-1.464815,-1.442269,1.682849,0.000000,0.000000,0.000000,0.000000,0.000000,0.000000,0.000000,0.000000,-1449.255249,331.414337,874.442810,1322.467041,True,velocity,0.449977,0.449931,0.000000,0.000000,14.415141,False,0.142125,0.141259,0.050617,0.050725,-2.751411,-2.751444,0.000034,2.741903,2.742009,-0.000106,167.000000
10.632481841981644,-0.002342,1.322614,-1.709544,1.316957,0.004164,0.001786,-0.003989,-0.002722,1.326544,1.712346,1.307001,-0.010519,-0.004102,0.005309,-0.023442,0.776636,0.142918,-0.613075,0.369476,-0.256106,0.608233,0.146714,-0.611691,-0.023915,0.777005,-0.374907,-0.252886,0.603893,-0.023442,0.776636,0.142918,-0.613075,0.369476,-0.256106,0.608233,0.146714,-0.611691,-0.023915,0.777005,-0.374907,-0.252886,0.603893,0.449976,-0.001990,-0.000516,-0.000749,1,True,True,-0.000037,-0.002730,0.002797,0.000000,0.000004,-0.000016,0.000000,0.000005,-0.000016,0.000000,0.000005,-0.000016,0.000000,0.000000,0.000004,-0.000016,True,0.000000,0.000005,-0.000016,0.000000,0.000005,-0.000016,-1.365677,-1.464815,-1.442270,1.682811,-1.365677,-1.464815,-1.442269,1.682849,0.000000,0.000000,0.000000,0.000000,0.000000,0.000000,0.000000,0.000000,-1449.255249,331.414337,874.442810,1322.467041,True,velocity,0.449976,0.449931,0.000000,0.000000,14.448473,False,0.142125,0.141259,0.050617,0.050725,-2.751411,-2.751444,0.000034,2.741903,2.742009,-0.000106,167.000000
10.666168736992404,-0.002341,1.322614,-1.709545,1.316958,0.004165,0.001786,-0.003990,-0.002722,1.326543,1.712345,1.307001,-0.010519,-0.004102,0.005308,-0.023442,0.776636,0.142918,-0.613075,0.369476,-0.256106,0.608233,0.146714,-0.611691,-0.023915,0.777005,-0.374907,-0.252886,0.603893,-0.023442,0.776636,0.142918,-0.613075,0.369476,-0.256106,0.608233,0.146714,-0.611691,-0.023915,0.777005,-0.374907,-0.252886,0.603893,0.449976,-0.001990,-0.000516,-0.000749,1,True,True,-0.000048,-0.002733,0.002790,0.000000,0.000004,-0.000016,0.000000,0.000005,-0.000016,0.000000,0.000005,-0.000016,0.000000,0.000000,0.000004,-0.000016,True,0.000000,0.000005,-0.000016,0.000000,0.000005,-0.000016,-1.365247,-1.464815,-1.442270,1.682849,-1.365247,-1.464815,-1.442270,1.682849,0.000000,0.000000,0.000000,0.000000,0.000000,0.000000,0.000000,0.000000,-1449.255249,331.414337,874.442810,1322.467041,True,velocity,0.449976,0.449931,0.000000,0.000000,14.482164,False,0.142126,0.141259,0.050617,0.050725,-2.751411,-2.751444,0.000034,2.741903,2.742009,-0.000106,167.000000
10.699628781003412,-0.002341,1.322614,-1.709545,1.316959,0.004165,0.001786,-0.003990,-0.002721,1.326543,1.712345,1.307001,-0.010518,-0.004101,0.005308,-0.023442,0.776636,0.142918,-0.613075,0.369476,-0.256106,0.608233,0.146714,-0.611691,-0.023915,0.777005,-0.374907,-0.252886,0.603893,-0.023442,0.776636,0.142918,-0.613075,0.369476,-0.256106,0.608233,0.146714,-0.611691,-0.023915,0.777005,-0.374907,-0.252886,0.603893,0.449976,-0.001990,-0.000516,-0.000750,1,True,True,-0.000080,-0.002734,0.002791,0.000000,0.000004,-0.000016,0.000000,0.000005,-0.000016,0.000000,0.000005,-0.000016,0.000000,0.000000,0.000004,-0.000016,True,0.000000,0.000005,-0.000016,0.000000,0.000005,-0.000016,-1.365459,-1.464815,-1.442269,1.682849,-1.365459,-1.464815,-1.442269,1.682849,0.000000,0.000000,0.000000,0.000000,0.000000,0.000000,0.000000,0.000000,-1449.255249,331.414337,874.442810,1322.467041,True,velocity,0.449976,0.449931,0.000000,0.000000,14.515290,False,0.142126,0.141259,0.050617,0.050725,-2.751411,-2.751444,0.000034,2.741903,2.742009,-0.000106,167.000000
10.732688568008598,-0.002340,1.322615,-1.709546,1.316960,0.004165,0.001786,-0.003991,-0.002721,1.326543,1.712344,1.307000,-0.010518,-0.004101,0.005308,-0.023442,0.776636,0.142918,-0.613075,0.369476,-0.256106,0.608233,0.146714,-0.611691,-0.023915,0.777005,-0.374907,-0.252886,0.603893,-0.023442,0.776636,0.142918,-0.613075,0.369476,-0.256106,0.608233,0.146714,-0.611691,-0.023915,0.777005,-0.374907,-0.252886,0.603893,0.449976,-0.001990,-0.000516,-0.000750,1,True,True,-0.000080,-0.002734,0.002791,0.000000,0.000004,-0.000016,0.000000,0.000004,-0.000016,0.000000,0.000004,-0.000016,0.000000,0.000000,0.000004,-0.000016,True,0.000000,0.000005,-0.000016,0.000000,0.000005,-0.000016,-1.365459,-1.464995,-1.442269,1.682849,-1.365459,-1.464815,-1.442269,1.682849,0.000000,0.000000,0.000000,0.000000,0.000000,0.000000,0.000000,0.000000,-1449.255249,331.414337,874.442810,1322.467041,True,velocity,0.449976,0.449931,0.000000,0.000000,14.548462,False,0.142126,0.141259,0.050617,0.050725,-2.751411,-2.751444,0.000034,2.741903,2.742009,-0.000106,167.000000
10.76758401200641,-0.002339,1.322615,-1.709546,1.316961,0.004165,0.001786,-0.003991,-0.002720,1.326542,1.712344,1.307000,-0.010518,-0.004101,0.005308,-0.023442,0.776636,0.142918,-0.613075,0.369476,-0.256106,0.608233,0.146714,-0.611691,-0.023915,0.777005,-0.374907,-0.252886,0.603893,-0.023442,0.776636,0.142918,-0.613075,0.369476,-0.256106,0.608233,0.146714,-0.611691,-0.023915,0.777005,-0.374907,-0.252886,0.603893,0.449976,-0.001990,-0.000516,-0.000751,1,True,True,0.000047,-0.002729,0.002832,0.000000,0.000004,-0.000016,0.000000,0.000004,-0.000016,0.000000,0.000004,-0.000016,0.000000,0.000000,0.000004,-0.000016,True,0.000000,0.000004,-0.000016,0.000000,0.000004,-0.000016,-1.365459,-1.464815,-1.442269,1.682849,-1.365671,-1.465463,-1.442269,1.682849,0.000000,0.000000,0.000000,0.000000,0.000000,0.000000,0.000000,0.000000,-1449.255249,331.414337,874.442810,1322.467041,True,velocity,0.449976,0.449931,0.000000,0.000000,14.583440,False,0.142126,0.141259,0.050617,0.050725,-2.751411,-2.751444,0.000034,2.741903,2.742009,-0.000106,167.000000
10.800450281996746,-0.002339,1.322615,-1.709547,1.316962,0.004165,0.001787,-0.003992,-0.002720,1.326542,1.712344,1.307000,-0.010518,-0.004101,0.005308,-0.023442,0.776636,0.142918,-0.613075,0.369476,-0.256106,0.608233,0.146714,-0.611691,-0.023915,0.777005,-0.374907,-0.252886,0.603893,-0.023442,0.776636,0.142918,-0.613075,0.369476,-0.256106,0.608233,0.146714,-0.611691,-0.023915,0.777005,-0.374907,-0.252886,0.603893,0.449976,-0.001990,-0.000516,-0.000751,1,True,True,0.000018,-0.002730,0.002837,0.000000,0.000004,-0.000016,0.000000,0.000004,-0.000016,0.000000,0.000004,-0.000016,0.000000,0.000000,0.000004,-0.000016,True,0.000000,0.000004,-0.000016,0.000000,0.000004,-0.000016,-1.365459,-1.465463,-1.442270,1.682849,-1.365459,-1.464815,-1.442270,1.682849,0.000000,0.000000,0.000000,0.000000,0.000000,0.000000,0.000000,0.000000,-1449.255249,331.414337,874.442810,1322.467041,True,velocity,0.449976,0.449931,0.000000,0.000000,14.615916,False,0.142126,0.141259,0.050617,0.050725,-2.751411,-2.751444,0.000034,2.741903,2.742009,-0.000106,167.000000
10.834803061996354,-0.002338,1.322615,-1.709547,1.316963,0.004166,0.001787,-0.003992,-0.002719,1.326542,1.712343,1.306999,-0.010518,-0.004100,0.005308,-0.023442,0.776636,0.142918,-0.613075,0.369476,-0.256106,0.608233,0.146714,-0.611691,-0.023915,0.777005,-0.374907,-0.252886,0.603893,-0.023442,0.776636,0.142918,-0.613075,0.369476,-0.256106,0.608233,0.146714,-0.611691,-0.023915,0.777005,-0.374907,-0.252886,0.603893,0.449976,-0.001989,-0.000516,-0.000752,1,True,True,0.000018,-0.002730,0.002837,0.000000,0.000004,-0.000015,0.000000,0.000004,-0.000016,0.000000,0.000004,-0.000016,0.000000,0.000000,0.000004,-0.000015,True,0.000000,0.000004,-0.000016,0.000000,0.000004,-0.000016,-1.365459,-1.464815,-1.442270,1.682811,-1.365459,-1.464995,-1.442269,1.682849,0.000000,0.000000,0.000000,0.000000,0.000000,0.000000,0.000000,0.000000,-1449.255249,331.414337,874.442810,1322.467041,True,velocity,0.449976,0.449931,0.000000,0.000000,14.650772,False,0.142126,0.141259,0.050617,0.050725,-2.751411,-2.751444,0.000034,2.741903,2.742009,-0.000106,167.000000
10.868153494986473,-0.002337,1.322616,-1.709548,1.316964,0.004166,0.001787,-0.003992,-0.002719,1.326541,1.712343,1.306999,-0.010517,-0.004100,0.005308,-0.023442,0.776636,0.142918,-0.613075,0.369476,-0.256106,0.608233,0.146714,-0.611691,-0.023915,0.777005,-0.374907,-0.252886,0.603893,-0.023442,0.776636,0.142918,-0.613075,0.369476,-0.256106,0.608233,0.146714,-0.611691,-0.023915,0.777005,-0.374907,-0.252886,0.603893,0.449976,-0.001989,-0.000516,-0.000752,1,True,True,0.000019,-0.002786,0.002839,0.000000,0.000004,-0.000015,0.000000,0.000004,-0.000016,0.000000,0.000004,-0.000016,0.000000,0.000000,0.000004,-0.000015,True,0.000000,0.000004,-0.000016,0.000000,0.000004,-0.000016,-1.365247,-1.464995,-1.442269,1.682887,-1.365671,-1.465177,-1.442270,1.682887,0.000000,0.000000,0.000000,0.000000,0.000000,0.000000,0.000000,0.000000,-1449.255249,331.414337,874.442810,1322.467041,True,velocity,0.449976,0.449931,0.000000,0.000000,14.684143,False,0.142126,0.141259,0.050617,0.050725,-2.751411,-2.751444,0.000034,2.741903,2.742009,-0.000106,167.000000
10.899334810994333,-0.002337,1.322616,-1.709548,1.316965,0.004166,0.001787,-0.003993,-0.002718,1.326541,1.712342,1.306999,-0.010517,-0.004100,0.005308,-0.023442,0.776636,0.142918,-0.613075,0.369476,-0.256106,0.608233,0.146714,-0.611691,-0.023915,0.777005,-0.374907,-0.252886,0.603893,-0.023442,0.776636,0.142918,-0.613075,0.369476,-0.256106,0.608233,0.146714,-0.611691,-0.023915,0.777005,-0.374907,-0.252886,0.603893,0.449976,-0.001989,-0.000516,-0.000753,1,True,True,-0.000003,-0.002797,0.002849,0.000000,0.000004,-0.000015,0.000000,0.000004,-0.000016,0.000000,0.000004,-0.000016,0.000000,0.000000,0.000004,-0.000015,True,0.000000,0.000004,-0.000016,0.000000,0.000004,-0.000016,-1.365247,-1.465177,-1.442270,1.682887,-1.365459,-1.465177,-1.442269,1.682849,0.000000,0.000000,0.000000,0.000000,0.000000,0.000000,0.000000,0.000000,-1449.255249,331.414337,874.442810,1322.467041,True,velocity,0.449976,0.449931,0.000000,0.000000,14.715354,False,0.142126,0.141259,0.050617,0.050725,-2.751411,-2.751444,0.000034,2.741903,2.742009,-0.000106,167.000000
10.933088778983802,-0.002336,1.322616,-1.709549,1.316966,0.004166,0.001787,-0.003993,-0.002718,1.326541,1.712342,1.306999,-0.010517,-0.004100,0.005307,-0.023442,0.776636,0.142918,-0.613075,0.369476,-0.256106,0.608233,0.146714,-0.611691,-0.023915,0.777005,-0.374907,-0.252886,0.603893,-0.023442,0.776636,0.142918,-0.613075,0.369476,-0.256106,0.608233,0.146714,-0.611691,-0.023915,0.777005,-0.374907,-0.252886,0.603893,0.449976,-0.001989,-0.000516,-0.000753,1,True,True,-0.000003,-0.002797,0.002849,0.000000,0.000004,-0.000015,0.000000,0.000004,-0.000016,0.000000,0.000004,-0.000016,0.000000,0.000000,0.000004,-0.000015,True,0.000000,0.000004,-0.000016,0.000000,0.000004,-0.000016,-1.365459,-1.465177,-1.442269,1.682811,-1.365459,-1.465177,-1.442269,1.682811,0.000000,0.000000,0.000000,0.000000,0.000000,0.000000,0.000000,0.000000,-1449.255249,331.414337,874.442810,1322.467041,True,velocity,0.449976,0.449931,0.000000,0.000000,14.748797,False,0.142126,0.141259,0.050617,0.050725,-2.751411,-2.751444,0.000034,2.741903,2.742009,-0.000106,167.000000
10.966572693985654,-0.002335,1.322617,-1.709549,1.316967,0.004166,0.001788,-0.003994,-0.002717,1.326540,1.712341,1.306998,-0.010517,-0.004099,0.005307,-0.023442,0.776636,0.142918,-0.613075,0.369476,-0.256106,0.608233,0.146714,-0.611691,-0.023915,0.777005,-0.374907,-0.252886,0.603893,-0.023442,0.776636,0.142918,-0.613075,0.369476,-0.256106,0.608233,0.146714,-0.611691,-0.023915,0.777005,-0.374907,-0.252886,0.603893,0.449976,-0.001989,-0.000516,-0.000754,1,True,True,0.000088,-0.002812,0.002849,0.000000,0.000004,-0.000015,0.000000,0.000004,-0.000016,0.000000,0.000004,-0.000016,0.000000,0.000000,0.000004,-0.000015,True,0.000000,0.000004,-0.000016,0.000000,0.000004,-0.000016,-1.365459,-1.464995,-1.442269,1.682887,-1.365459,-1.464995,-1.442269,1.682887,0.000000,0.000000,0.000000,0.000000,0.000000,0.000000,0.000000,0.000000,-1449.255249,331.414337,874.442810,1322.467041,True,velocity,0.449976,0.449931,0.000000,0.000000,14.782583,False,0.142126,0.141259,0.050617,0.050725,-2.751411,-2.751444,0.000034,2.741903,2.742009,-0.000106,167.000000
10.999686720984755,-0.002335,1.322617,-1.709550,1.316968,0.004166,0.001788,-0.003994,-0.002717,1.326540,1.712341,1.306998,-0.010516,-0.004099,0.005307,-0.023442,0.776636,0.142918,-0.613075,0.369476,-0.256106,0.608233,0.146714,-0.611691,-0.023915,0.777005,-0.374907,-0.252886,0.603893,-0.023442,0.776636,0.142918,-0.613075,0.369476,-0.256106,0.608233,0.146714,-0.611691,-0.023915,0.777005,-0.374907,-0.252886,0.603893,0.449976,-0.001989,-0.000516,-0.000754,1,True,True,0.000068,-0.002832,0.002840,0.000000,0.000004,-0.000015,0.000000,0.000004,-0.000015,0.000000,0.000004,-0.000015,0.000000,0.000000,0.000004,-0.000015,True,0.000000,0.000004,-0.000016,0.000000,0.000004,-0.000016,-1.365459,-1.464995,-1.442270,1.682887,-1.365459,-1.464815,-1.442270,1.682887,0.000000,0.000000,0.000000,0.000000,0.000000,0.000000,0.000000,0.000000,-1449.255249,331.414337,874.442810,1322.467041,True,velocity,0.449976,0.449931,0.000000,0.000000,14.815696,False,0.142126,0.141259,0.050617,0.050725,-2.751411,-2.751444,0.000034,2.741903,2.742009,-0.000106,167.000000
11.035638251982164,-0.002334,1.322617,-1.709550,1.316969,0.004167,0.001788,-0.003995,-0.002716,1.326540,1.712341,1.306998,-0.010516,-0.004099,0.005307,-0.023442,0.776636,0.142918,-0.613075,0.369476,-0.256106,0.608233,0.146714,-0.611691,-0.023915,0.777005,-0.374907,-0.252886,0.603893,-0.023442,0.776636,0.142918,-0.613075,0.369476,-0.256106,0.608233,0.146714,-0.611691,-0.023915,0.777005,-0.374907,-0.252886,0.603893,0.449976,-0.001989,-0.000516,-0.000755,1,True,True,0.000068,-0.002832,0.002839,0.000000,0.000004,-0.000015,0.000000,0.000004,-0.000015,0.000000,0.000004,-0.000015,0.000000,0.000000,0.000004,-0.000015,True,0.000000,0.000004,-0.000015,0.000000,0.000004,-0.000015,-1.365247,-1.464815,-1.442270,1.682887,-1.365247,-1.464815,-1.442270,1.682887,0.000000,0.000000,0.000000,0.000000,0.000000,0.000000,0.000000,0.000000,-1449.255249,331.414337,874.442810,1322.467041,True,velocity,0.449976,0.449931,0.000000,0.000000,14.851370,False,0.142127,0.141259,0.050617,0.050725,-2.751411,-2.751444,0.000034,2.741903,2.742009,-0.000106,167.000000
11.069143517990597,-0.002333,1.322618,-1.709551,1.316970,0.004167,0.001788,-0.003995,-0.002716,1.326539,1.712340,1.306997,-0.010516,-0.004099,0.005307,-0.023442,0.776636,0.142918,-0.613075,0.369476,-0.256106,0.608233,0.146714,-0.611691,-0.023915,0.777005,-0.374907,-0.252886,0.603893,-0.023442,0.776636,0.142918,-0.613075,0.369476,-0.256106,0.608233,0.146714,-0.611691,-0.023915,0.777005,-0.374907,-0.252886,0.603893,0.449976,-0.001988,-0.000516,-0.000755,1,True,True,0.000157,-0.002845,0.002827,0.000000,0.000004,-0.000015,0.000000,0.000004,-0.000015,0.000000,0.000004,-0.000015,0.000000,0.000000,0.000004,-0.000015,True,0.000000,0.000004,-0.000015,0.000000,0.000004,-0.000015,-1.365671,-1.465177,-1.442270,1.682887,-1.365671,-1.464995,-1.442270,1.682887,0.000000,0.000000,0.000000,0.000000,0.000000,0.000000,0.000000,0.000000,-1449.255249,331.414337,874.442810,1322.467041,True,velocity,0.449976,0.449931,0.000000,0.000000,14.885152,False,0.142127,0.141259,0.050617,0.050725,-2.751411,-2.751444,0.000034,2.741903,2.742009,-0.000106,167.000000
11.100215185986599,-0.002333,1.322618,-1.709551,1.316971,0.004167,0.001788,-0.003995,-0.002715,1.326539,1.712340,1.306997,-0.010516,-0.004098,0.005307,-0.023442,0.776636,0.142918,-0.613075,0.369476,-0.256106,0.608233,0.146714,-0.611691,-0.023915,0.777005,-0.374907,-0.252886,0.603893,-0.023442,0.776636,0.142918,-0.613075,0.369476,-0.256106,0.608233,0.146714,-0.611691,-0.023915,0.777005,-0.374907,-0.252886,0.603893,0.449975,-0.001988,-0.000516,-0.000756,1,True,True,0.000147,-0.002861,0.002820,0.000000,0.000004,-0.000015,0.000000,0.000004,-0.000015,0.000000,0.000004,-0.000015,0.000000,0.000000,0.000004,-0.000015,True,0.000000,0.000004,-0.000015,0.000000,0.000004,-0.000015,-1.365459,-1.464995,-1.442270,1.682887,-1.365247,-1.464995,-1.442270,1.682887,0.000000,0.000000,0.000000,0.000000,0.000000,0.000000,0.000000,0.000000,-1449.255249,331.414337,874.442810,1322.467041,True,velocity,0.449975,0.449931,0.000000,0.000000,14.916179,False,0.142127,0.141259,0.050617,0.050725,-2.751411,-2.751444,0.000034,2.741903,2.742009,-0.000106,167.000000
11.133211973996367,-0.002332,1.322618,-1.709552,1.316972,0.004167,0.001789,-0.003996,-0.002715,1.326539,1.712339,1.306997,-0.010516,-0.004098,0.005307,-0.023442,0.776636,0.142918,-0.613075,0.369476,-0.256106,0.608233,0.146714,-0.611691,-0.023915,0.777005,-0.374907,-0.252886,0.603893,-0.023442,0.776636,0.142918,-0.613075,0.369476,-0.256106,0.608233,0.146714,-0.611691,-0.023915,0.777005,-0.374907,-0.252886,0.603893,0.449975,-0.001988,-0.000516,-0.000756,1,True,True,0.000147,-0.002861,0.002820,0.000000,0.000004,-0.000015,0.000000,0.000004,-0.000015,0.000000,0.000004,-0.000015,0.000000,0.000000,0.000004,-0.000015,True,0.000000,0.000004,-0.000015,0.000000,0.000004,-0.000015,-1.365247,-1.464995,-1.442269,1.682887,-1.365247,-1.464995,-1.442269,1.682887,0.000000,0.000000,0.000000,0.000000,0.000000,0.000000,0.000000,0.000000,-1449.255249,331.414337,874.442810,1322.467041,True,velocity,0.449975,0.449931,0.000000,0.000000,14.949191,False,0.142127,0.141259,0.050616,0.050725,-2.751411,-2.751444,0.000034,2.741903,2.742009,-0.000106,167.000000
11.168992227991112,-0.002331,1.322618,-1.709552,1.316973,0.004167,0.001789,-0.003996,-0.002714,1.326538,1.712339,1.306997,-0.010515,-0.004098,0.005307,-0.023442,0.776636,0.142918,-0.613075,0.369476,-0.256106,0.608233,0.146714,-0.611691,-0.023915,0.777005,-0.374907,-0.252886,0.603893,-0.023442,0.776636,0.142918,-0.613075,0.369476,-0.256106,0.608233,0.146714,-0.611691,-0.023915,0.777005,-0.374907,-0.252886,0.603893,0.449975,-0.001988,-0.000516,-0.000757,1,True,True,0.000161,-0.002929,0.002827,0.000000,0.000004,-0.000015,0.000000,0.000004,-0.000015,0.000000,0.000004,-0.000015,0.000000,0.000000,0.000004,-0.000015,True,0.000000,0.000004,-0.000015,0.000000,0.000004,-0.000015,-1.365247,-1.464995,-1.442269,1.682849,-1.365247,-1.464995,-1.442269,1.682849,0.000000,0.000000,0.000000,0.000000,0.000000,0.000000,0.000000,0.000000,-1449.255249,331.414337,874.442810,1322.467041,True,velocity,0.449975,0.449931,0.000000,0.000000,14.984864,False,0.142127,0.141259,0.050616,0.050725,-2.751411,-2.751444,0.000034,2.741903,2.742009,-0.000106,167.000000
11.20162184999208,-0.002331,1.322619,-1.709553,1.316974,0.004167,0.001789,-0.003997,-0.002714,1.326538,1.712339,1.306996,-0.010515,-0.004098,0.005307,-0.023442,0.776636,0.142918,-0.613075,0.369476,-0.256106,0.608233,0.146714,-0.611691,-0.023915,0.777005,-0.374907,-0.252886,0.603893,-0.023442,0.776636,0.142918,-0.613075,0.369476,-0.256106,0.608233,0.146714,-0.611691,-0.023915,0.777005,-0.374907,-0.252886,0.603893,0.449975,-0.001988,-0.000516,-0.000757,1,True,True,0.000157,-0.002956,0.002825,0.000000,0.000004,-0.000015,0.000000,0.000004,-0.000015,0.000000,0.000004,-0.000015,0.000000,0.000000,0.000004,-0.000015,True,0.000000,0.000004,-0.000015,0.000000,0.000004,-0.000015,-1.365247,-1.464995,-1.442269,1.682811,-1.365247,-1.464995,-1.442269,1.682811,0.000000,0.000000,0.000000,0.000000,0.000000,0.000000,0.000000,0.000000,-1449.255249,331.414337,874.442810,1322.467041,True,velocity,0.449975,0.449931,0.000000,0.000000,15.017616,False,0.142127,0.141259,0.050616,0.050725,-2.751411,-2.751444,0.000034,2.741903,2.742009,-0.000106,167.000000
11.233440551004605,-0.002330,1.322619,-1.709553,1.316975,0.004168,0.001789,-0.003997,-0.002713,1.326538,1.712338,1.306996,-0.010515,-0.004097,0.005306,-0.023442,0.776636,0.142918,-0.613075,0.369476,-0.256106,0.608233,0.146714,-0.611691,-0.023915,0.777005,-0.374907,-0.252886,0.603893,-0.023442,0.776636,0.142918,-0.613075,0.369476,-0.256106,0.608233,0.146714,-0.611691,-0.023915,0.777005,-0.374907,-0.252886,0.603893,0.449975,-0.001988,-0.000516,-0.000758,1,True,True,0.000157,-0.002956,0.002825,0.000000,0.000004,-0.000015,0.000000,0.000004,-0.000015,0.000000,0.000004,-0.000015,0.000000,0.000000,0.000004,-0.000015,True,0.000000,0.000004,-0.000015,0.000000,0.000004,-0.000015,-1.365465,-1.464995,-1.442270,1.682811,-1.365465,-1.464995,-1.442270,1.682811,0.000000,0.000000,0.000000,0.000000,0.000000,0.000000,0.000000,0.000000,-1449.255249,331.414337,874.442810,1322.467041,True,velocity,0.449975,0.449931,0.000000,0.000000,15.049383,False,0.142127,0.141259,0.050616,0.050725,-2.751411,-2.751444,0.000034,2.741903,2.742009,-0.000106,167.000000
11.267105167993577,-0.002329,1.322619,-1.709554,1.316976,0.004168,0.001789,-0.003997,-0.002713,1.326537,1.712338,1.306996,-0.010515,-0.004097,0.005306,-0.023442,0.776636,0.142918,-0.613075,0.369476,-0.256106,0.608233,0.146714,-0.611691,-0.023915,0.777005,-0.374907,-0.252886,0.603893,-0.023442,0.776636,0.142918,-0.613075,0.369476,-0.256106,0.608233,0.146714,-0.611691,-0.023915,0.777005,-0.374907,-0.252886,0.603893,0.449975,-0.001988,-0.000516,-0.000758,1,True,True,0.000261,-0.002942,0.002825,0.000000,0.000004,-0.000015,0.000000,0.000004,-0.000015,0.000000,0.000004,-0.000015,0.000000,0.000000,0.000004,-0.000015,True,0.000000,0.000004,-0.000015,0.000000,0.000004,-0.000015,-1.365677,-1.464995,-1.442269,1.682887,-1.365677,-1.464995,-1.442269,1.682849,0.000000,0.000000,0.000000,0.000000,0.000000,0.000000,0.000000,0.000000,-1449.255249,331.414337,874.442810,1322.467041,True,velocity,0.449975,0.449931,0.000000,0.000000,15.083094,False,0.142127,0.141259,0.050616,0.050725,-2.751411,-2.751444,0.000034,2.741903,2.742009,-0.000106,167.000000
11.3007670819934,-0.002329,1.322619,-1.709554,1.316977,0.004168,0.001790,-0.003998,-0.002712,1.326537,1.712337,1.306995,-0.010515,-0.004097,0.005306,-0.023442,0.776636,0.142918,-0.613075,0.369476,-0.256106,0.608233,0.146714,-0.611691,-0.023915,0.777005,-0.374907,-0.252886,0.603893,-0.023442,0.776636,0.142918,-0.613075,0.369476,-0.256106,0.608233,0.146714,-0.611691,-0.023915,0.777005,-0.374907,-0.252886,0.603893,0.449975,-0.001988,-0.000516,-0.000759,1,True,True,0.000256,-0.002969,0.002824,0.000000,0.000004,-0.000015,0.000000,0.000004,-0.000015,0.000000,0.000004,-0.000015,0.000000,0.000000,0.000004,-0.000015,True,0.000000,0.000004,-0.000015,0.000000,0.000004,-0.000015,-1.365677,-1.464995,-1.442270,1.682849,-1.365677,-1.464995,-1.442270,1.682849,0.000000,0.000000,0.000000,0.000000,0.000000,0.000000,0.000000,0.000000,-1449.255249,331.414337,874.442810,1322.467041,True,velocity,0.449975,0.449931,0.000000,0.000000,15.116558,False,0.142127,0.141259,0.050616,0.050725,-2.751411,-2.751444,0.000034,2.741903,2.742009,-0.000106,167.000000
11.333990868006367,-0.002328,1.322620,-1.709555,1.316978,0.004168,0.001790,-0.003998,-0.002712,1.326537,1.712337,1.306995,-0.010514,-0.004097,0.005306,-0.023442,0.776636,0.142918,-0.613075,0.369476,-0.256106,0.608233,0.146714,-0.611691,-0.023915,0.777005,-0.374907,-0.252886,0.603893,-0.023442,0.776636,0.142918,-0.613075,0.369476,-0.256106,0.608233,0.146714,-0.611691,-0.023915,0.777005,-0.374907,-0.252886,0.603893,0.449975,-0.001987,-0.000516,-0.000759,1,True,True,0.000256,-0.002969,0.002824,0.000000,0.000004,-0.000014,0.000000,0.000004,-0.000015,0.000000,0.000004,-0.000015,0.000000,0.000000,0.000004,-0.000014,True,0.000000,0.000004,-0.000015,0.000000,0.000004,-0.000015,-1.365677,-1.464995,-1.442270,1.682849,-1.365677,-1.464995,-1.442270,1.682849,0.000000,0.000000,0.000000,0.000000,0.000000,0.000000,0.000000,0.000000,-1449.255249,331.414337,874.442810,1322.467041,True,velocity,0.449975,0.449931,0.000000,0.000000,15.149956,False,0.142127,0.141259,0.050616,0.050725,-2.751411,-2.751444,0.000034,2.741903,2.742009,-0.000106,167.000000
11.369636622985126,-0.002327,1.322620,-1.709555,1.316979,0.004168,0.001790,-0.003998,-0.002711,1.326536,1.712337,1.306995,-0.010514,-0.004096,0.005306,-0.023442,0.776636,0.142918,-0.613075,0.369476,-0.256106,0.608233,0.146714,-0.611691,-0.023915,0.777005,-0.374907,-0.252886,0.603893,-0.023442,0.776636,0.142918,-0.613075,0.369476,-0.256106,0.608233,0.146714,-0.611691,-0.023915,0.777005,-0.374907,-0.252886,0.603893,0.449975,-0.001987,-0.000516,-0.000760,1,True,True,0.000264,-0.003022,0.002847,0.000000,0.000004,-0.000014,0.000000,0.000004,-0.000015,0.000000,0.000004,-0.000015,0.000000,0.000000,0.000004,-0.000014,True,0.000000,0.000004,-0.000015,0.000000,0.000004,-0.000015,-1.365677,-1.464528,-1.442270,1.682849,-1.365677,-1.464995,-1.442270,1.682849,0.000000,0.000000,0.000000,0.000000,0.000000,0.000000,0.000000,0.000000,-1449.255249,331.414337,874.442810,1322.467041,True,velocity,0.449975,0.449931,0.000000,0.000000,15.185640,False,0.142127,0.141259,0.050616,0.050725,-2.751411,-2.751444,0.000034,2.741903,2.742009,-0.000106,167.000000
11.401849007001147,-0.002327,1.322620,-1.709556,1.316980,0.004168,0.001790,-0.003999,-0.002711,1.326536,1.712336,1.306995,-0.010514,-0.004096,0.005306,-0.023442,0.776636,0.142918,-0.613075,0.369476,-0.256106,0.608233,0.146714,-0.611691,-0.023915,0.777005,-0.374907,-0.252886,0.603893,-0.023442,0.776636,0.142918,-0.613075,0.369476,-0.256106,0.608233,0.146714,-0.611691,-0.023915,0.777005,-0.374907,-0.252886,0.603893,0.449975,-0.001987,-0.000516,-0.000760,1,True,True,0.000251,-0.003054,0.002865,0.000000,0.000004,-0.000014,0.000000,0.000004,-0.000015,0.000000,0.000004,-0.000015,0.000000,0.000000,0.000004,-0.000014,True,0.000000,0.000004,-0.000015,0.000000,0.000004,-0.000015,-1.365677,-1.464995,-1.442269,1.682849,-1.365677,-1.464995,-1.442269,1.682849,0.000000,0.000000,0.000000,0.000000,0.000000,0.000000,0.000000,0.000000,-1449.255249,331.414337,874.442810,1322.467041,True,velocity,0.449975,0.449931,0.000000,0.000000,15.217561,False,0.142128,0.141258,0.050616,0.050725,-2.751411,-2.751444,0.000034,2.741903,2.742009,-0.000106,167.000000
11.43681045100675,-0.002326,1.322621,-1.709556,1.316980,0.004169,0.001790,-0.003999,-0.002710,1.326536,1.712336,1.306994,-0.010514,-0.004096,0.005306,-0.023442,0.776636,0.142918,-0.613075,0.369476,-0.256106,0.608233,0.146714,-0.611691,-0.023915,0.777005,-0.374907,-0.252886,0.603893,-0.023442,0.776636,0.142918,-0.613075,0.369476,-0.256106,0.608233,0.146714,-0.611691,-0.023915,0.777005,-0.374907,-0.252886,0.603893,0.449975,-0.001987,-0.000516,-0.000761,1,True,True,0.000251,-0.003054,0.002864,0.000000,0.000004,-0.000014,0.000000,0.000004,-0.000015,0.000000,0.000004,-0.000015,0.000000,0.000000,0.000004,-0.000014,True,0.000000,0.000004,-0.000015,0.000000,0.000004,-0.000015,-1.365677,-1.464995,-1.442269,1.682811,-1.365465,-1.464995,-1.442269,1.682811,0.000000,0.000000,0.000000,0.000000,0.000000,0.000000,0.000000,0.000000,-1449.255249,331.414337,874.442810,1322.467041,True,velocity,0.449975,0.449931,0.000000,0.000000,15.252833,False,0.142128,0.141258,0.050616,0.050725,-2.751411,-2.751444,0.000034,2.741903,2.742009,-0.000106,167.000000
11.468819242989412,-0.002325,1.322621,-1.709557,1.316981,0.004169,0.001790,-0.004000,-0.002710,1.326535,1.712335,1.306994,-0.010514,-0.004096,0.005306,-0.023442,0.776636,0.142918,-0.613075,0.369476,-0.256106,0.608233,0.146714,-0.611691,-0.023915,0.777005,-0.374907,-0.252886,0.603893,-0.023442,0.776636,0.142918,-0.613075,0.369476,-0.256106,0.608233,0.146714,-0.611691,-0.023915,0.777005,-0.374907,-0.252886,0.603893,0.449975,-0.001987,-0.000516,-0.000761,1,True,True,0.000208,-0.003082,0.002865,0.000000,0.000004,-0.000014,0.000000,0.000004,-0.000014,0.000000,0.000004,-0.000014,0.000000,0.000000,0.000004,-0.000014,True,0.000000,0.000004,-0.000015,0.000000,0.000004,-0.000015,-1.365677,-1.465463,-1.442269,1.682849,-1.365677,-1.464995,-1.442269,1.682849,0.000000,0.000000,0.000000,0.000000,0.000000,0.000000,0.000000,0.000000,-1449.255249,331.414337,874.442810,1322.467041,True,velocity,0.449975,0.449931,0.000000,0.000000,15.284788,False,0.142128,0.141258,0.050616,0.050725,-2.751411,-2.751444,0.000034,2.741903,2.742009,-0.000106,167.000000
11.501217737008119,-0.002325,1.322621,-1.709557,1.316982,0.004169,0.001791,-0.004000,-0.002709,1.326535,1.712335,1.306994,-0.010513,-0.004095,0.005306,-0.023442,0.776636,0.142918,-0.613075,0.369476,-0.256106,0.608233,0.146714,-0.611691,-0.023915,0.777005,-0.374907,-0.252886,0.603893,-0.023442,0.776636,0.142918,-0.613075,0.369476,-0.256106,0.608233,0.146714,-0.611691,-0.023915,0.777005,-0.374907,-0.252886,0.603893,0.449975,-0.001987,-0.000516,-0.000762,1,True,True,0.000190,-0.003121,0.002863,0.000000,0.000004,-0.000014,0.000000,0.000004,-0.000014,0.000000,0.000004,-0.000014,0.000000,0.000000,0.000004,-0.000014,True,0.000000,0.000004,-0.000014,0.000000,0.000004,-0.000014,-1.365677,-1.464815,-1.442269,1.682887,-1.365677,-1.464815,-1.442270,1.682811,0.000000,0.000000,0.000000,0.000000,0.000000,0.000000,0.000000,0.000000,-1449.255249,331.414337,874.442810,1322.467041,True,velocity,0.449975,0.449931,0.000000,0.000000,15.317190,False,0.142128,0.141258,0.050616,0.050725,-2.751411,-2.751444,0.000034,2.741903,2.742009,-0.000106,167.000000
11.534423282981152,-0.002324,1.322621,-1.709558,1.316983,0.004169,0.001791,-0.004000,-0.002709,1.326535,1.712335,1.306993,-0.010513,-0.004095,0.005306,-0.023442,0.776636,0.142918,-0.613075,0.369476,-0.256106,0.608233,0.146714,-0.611691,-0.023915,0.777005,-0.374907,-0.252886,0.603893,-0.023442,0.776636,0.142918,-0.613075,0.369476,-0.256106,0.608233,0.146714,-0.611691,-0.023915,0.777005,-0.374907,-0.252886,0.603893,0.449975,-0.001987,-0.000516,-0.000762,1,True,True,0.000190,-0.003121,0.002862,0.000000,0.000004,-0.000014,0.000000,0.000004,-0.000014,0.000000,0.000004,-0.000014,0.000000,0.000000,0.000004,-0.000014,True,0.000000,0.000004,-0.000014,0.000000,0.000004,-0.000014,-1.365253,-1.464995,-1.442270,1.682849,-1.365253,-1.464995,-1.442270,1.682849,0.000000,0.000000,0.000000,0.000000,0.000000,0.000000,0.000000,0.000000,-1449.255249,331.414337,874.442810,1322.467041,True,velocity,0.449975,0.449931,0.000000,0.000000,15.350218,False,0.142128,0.141258,0.050616,0.050725,-2.751411,-2.751444,0.000034,2.741903,2.742009,-0.000106,167.000000
11.568264250992797,-0.002324,1.322622,-1.709558,1.316984,0.004169,0.001791,-0.004001,-0.002708,1.326535,1.712334,1.306993,-0.010513,-0.004095,0.005306,-0.023442,0.776636,0.142918,-0.613075,0.369476,-0.256106,0.608233,0.146714,-0.611691,-0.023915,0.777005,-0.374907,-0.252886,0.603893,-0.023442,0.776636,0.142918,-0.613075,0.369476,-0.256106,0.608233,0.146714,-0.611691,-0.023915,0.777005,-0.374907,-0.252886,0.603893,0.449975,-0.001986,-0.000516,-0.000763,1,True,True,0.000142,-0.003095,0.002837,0.000000,0.000004,-0.000014,0.000000,0.000004,-0.000014,0.000000,0.000004,-0.000014,0.000000,0.000000,0.000004,-0.000014,True,0.000000,0.000004,-0.000014,0.000000,0.000004,-0.000014,-1.365465,-1.464995,-1.442270,1.682811,-1.365677,-1.464995,-1.442270,1.682849,0.000000,0.000000,0.000000,0.000000,0.000000,0.000000,0.000000,0.000000,-1449.255249,331.414337,874.442810,1322.467041,True,velocity,0.449975,0.449931,0.000000,0.000000,15.384234,False,0.142128,0.141258,0.050616,0.050725,-2.751411,-2.751444,0.000034,2.741903,2.742009,-0.000106,167.000000
11.603853006003192,-0.002323,1.322622,-1.709559,1.316985,0.004169,0.001791,-0.004001,-0.002708,1.326534,1.712334,1.306993,-0.010513,-0.004095,0.005306,-0.023442,0.776636,0.142918,-0.613075,0.369476,-0.256106,0.608233,0.146714,-0.611691,-0.023915,0.777005,-0.374907,-0.252886,0.603893,-0.023442,0.776636,0.142918,-0.613075,0.369476,-0.256106,0.608233,0.146714,-0.611691,-0.023915,0.777005,-0.374907,-0.252886,0.603893,0.449975,-0.001986,-0.000516,-0.000763,1,True,True,0.000124,-0.003133,0.002829,0.000000,0.000004,-0.000014,0.000000,0.000004,-0.000014,0.000000,0.000004,-0.000014,0.000000,0.000000,0.000004,-0.000014,True,0.000000,0.000004,-0.000014,0.000000,0.000004,-0.000014,-1.365677,-1.464995,-1.442270,1.682887,-1.365677,-1.464995,-1.442270,1.682887,0.000000,0.000000,0.000000,0.000000,0.000000,0.000000,0.000000,0.000000,-1449.255249,331.414337,874.442810,1322.467041,True,velocity,0.449975,0.449931,0.000000,0.000000,15.419722,False,0.142128,0.141258,0.050616,0.050725,-2.751411,-2.751444,0.000034,2.741903,2.742009,-0.000106,167.000000
11.635667928989278,-0.002322,1.322622,-1.709559,1.316986,0.004169,0.001791,-0.004001,-0.002707,1.326534,1.712333,1.306992,-0.010513,-0.004094,0.005305,-0.023442,0.776636,0.142918,-0.613075,0.369476,-0.256106,0.608233,0.146714,-0.611691,-0.023915,0.777005,-0.374907,-0.252886,0.603893,-0.023442,0.776636,0.142918,-0.613075,0.369476,-0.256106,0.608233,0.146714,-0.611691,-0.023915,0.777005,-0.374907,-0.252886,0.603893,0.449974,-0.001986,-0.000516,-0.000763,1,True,True,0.000124,-0.003133,0.002829,0.000000,0.000004,-0.000014,0.000000,0.000004,-0.000014,0.000000,0.000004,-0.000014,0.000000,0.000000,0.000004,-0.000014,True,0.000000,0.000004,-0.000014,0.000000,0.000004,-0.000014,-1.365465,-1.464995,-1.442270,1.682887,-1.365465,-1.464995,-1.442270,1.682849,0.000000,0.000000,0.000000,0.000000,0.000000,0.000000,0.000000,0.000000,-1449.255249,331.414337,874.442810,1322.467041,True,velocity,0.449974,0.449931,0.000000,0.000000,15.451162,False,0.142128,0.141258,0.050616,0.050725,-2.751411,-2.751444,0.000034,2.741903,2.742009,-0.000106,167.000000
11.669653525983449,-0.002322,1.322622,-1.709559,1.316987,0.004170,0.001792,-0.004002,-0.002707,1.326534,1.712333,1.306992,-0.010512,-0.004094,0.005305,-0.023442,0.776636,0.142918,-0.613075,0.369476,-0.256106,0.608233,0.146714,-0.611691,-0.023915,0.777005,-0.374907,-0.252886,0.603893,-0.023442,0.776636,0.142918,-0.613075,0.369476,-0.256106,0.608233,0.146714,-0.611691,-0.023915,0.777005,-0.374907,-0.252886,0.603893,0.449974,-0.001986,-0.000516,-0.000764,1,True,True,0.000211,-0.003105,0.002818,0.000000,0.000004,-0.000014,0.000000,0.000004,-0.000014,0.000000,0.000004,-0.000014,0.000000,0.000000,0.000004,-0.000014,True,0.000000,0.000004,-0.000014,0.000000,0.000004,-0.000014,-1.365677,-1.464815,-1.442269,1.682887,-1.365677,-1.464815,-1.442269,1.682887,0.000000,0.000000,0.000000,0.000000,0.000000,0.000000,0.000000,0.000000,-1449.255249,331.414337,874.442810,1322.467041,True,velocity,0.449974,0.449931,0.000000,0.000000,15.485566,False,0.142128,0.141258,0.050616,0.050725,-2.751411,-2.751444,0.000034,2.741903,2.742009,-0.000106,167.000000
11.70278170198435,-0.002321,1.322623,-1.709560,1.316987,0.004170,0.001792,-0.004002,-0.002707,1.326533,1.712333,1.306992,-0.010512,-0.004094,0.005305,-0.023442,0.776636,0.142918,-0.613075,0.369476,-0.256106,0.608233,0.146714,-0.611691,-0.023915,0.777005,-0.374907,-0.252886,0.603893,-0.023442,0.776636,0.142918,-0.613075,0.369476,-0.256106,0.608233,0.146714,-0.611691,-0.023915,0.777005,-0.374907,-0.252886,0.603893,0.449974,-0.001986,-0.000516,-0.000764,1,True,True,0.000211,-0.003105,0.002817,0.000000,0.000004,-0.000014,0.000000,0.000004,-0.000014,0.000000,0.000004,-0.000014,0.000000,0.000000,0.000004,-0.000014,True,0.000000,0.000004,-0.000014,0.000000,0.000004,-0.000014,-1.365677,-1.464815,-1.442269,1.682887,-1.365677,-1.464815,-1.442269,1.682887,0.000000,0.000000,0.000000,0.000000,0.000000,0.000000,0.000000,0.000000,-1449.255249,331.414337,874.442810,1322.467041,True,velocity,0.449974,0.449931,0.000000,0.000000,15.518748,False,0.142128,0.141258,0.050616,0.050725,-2.751411,-2.751444,0.000034,2.741903,2.742009,-0.000106,167.000000
11.73772542300867,-0.002321,1.322623,-1.709560,1.316988,0.004170,0.001792,-0.004002,-0.002706,1.326533,1.712332,1.306992,-0.010512,-0.004094,0.005305,-0.023442,0.776636,0.142918,-0.613075,0.369476,-0.256106,0.608233,0.146714,-0.611691,-0.023915,0.777005,-0.374907,-0.252886,0.603893,-0.023442,0.776636,0.142918,-0.613075,0.369476,-0.256106,0.608233,0.146714,-0.611691,-0.023915,0.777005,-0.374907,-0.252886,0.603893,0.449974,-0.001986,-0.000516,-0.000765,1,True,True,0.000291,-0.003016,0.002820,0.000000,0.000004,-0.000014,0.000000,0.000004,-0.000014,0.000000,0.000004,-0.000014,0.000000,0.000000,0.000004,-0.000014,True,0.000000,0.000004,-0.000014,0.000000,0.000004,-0.000014,-1.365459,-1.464815,-1.442269,1.682811,-1.365247,-1.464815,-1.442269,1.682811,0.000000,0.000000,0.000000,0.000000,0.000000,0.000000,0.000000,0.000000,-1449.255249,331.414337,874.442810,1322.467041,True,velocity,0.449974,0.449931,0.000000,0.000000,15.553436,False,0.142128,0.141258,0.050616,0.050725,-2.751411,-2.751444,0.000034,2.741903,2.742009,-0.000106,167.000000
11.771259225992253,-0.002320,1.322623,-1.709561,1.316989,0.004170,0.001792,-0.004003,-0.002706,1.326533,1.712332,1.306991,-0.010512,-0.004094,0.005305,-0.023442,0.776636,0.142918,-0.613075,0.369476,-0.256106,0.608233,0.146714,-0.611691,-0.023915,0.777005,-0.374907,-0.252886,0.603893,-0.023442,0.776636,0.142918,-0.613075,0.369476,-0.256106,0.608233,0.146714,-0.611691,-0.023915,0.777005,-0.374907,-0.252886,0.603893,0.449974,-0.001986,-0.000516,-0.000765,1,True,True,0.000261,-0.003072,0.002817,0.000000,0.000004,-0.000014,0.000000,0.000004,-0.000014,0.000000,0.000004,-0.000014,0.000000,0.000000,0.000004,-0.000014,True,0.000000,0.000004,-0.000014,0.000000,0.000004,-0.000014,-1.365247,-1.464815,-1.442269,1.682811,-1.365247,-1.464815,-1.442269,1.682811,0.000000,0.000000,0.000000,0.000000,0.000000,0.000000,0.000000,0.000000,-1449.255249,331.414337,874.442810,1322.467041,True,velocity,0.449974,0.449931,0.000000,0.000000,15.587237,False,0.142128,0.141258,0.050616,0.050725,-2.751411,-2.751444,0.000034,2.741903,2.742009,-0.000106,167.000000
11.812024954007939,-0.002319,1.322623,-1.709561,1.316990,0.004170,0.001792,-0.004003,-0.002705,1.326532,1.712331,1.306991,-0.010512,-0.004093,0.005305,-0.023442,0.776636,0.142918,-0.613075,0.369476,-0.256106,0.608233,0.146714,-0.611691,-0.023915,0.777005,-0.374907,-0.252886,0.603893,-0.023442,0.776636,0.142918,-0.613075,0.369476,-0.256106,0.608233,0.146714,-0.611691,-0.023915,0.777005,-0.374907,-0.252886,0.603893,0.449974,-0.001986,-0.000516,-0.000766,1,True,True,0.000261,-0.003072,0.002816,0.000000,0.000004,-0.000014,0.000000,0.000004,-0.000014,0.000000,0.000004,-0.000014,0.000000,0.000000,0.000004,-0.000014,True,0.000000,0.000004,-0.000014,0.000000,0.000004,-0.000014,-1.365247,-1.464995,-1.442269,1.682849,-1.365247,-1.464995,-1.442269,1.682849,0.000000,0.000000,0.000000,0.000000,0.000000,0.000000,0.000000,0.000000,-1449.255249,331.414337,874.442810,1322.467041,True,velocity,0.449974,0.449931,0.000000,0.000000,15.627897,False,0.142128,0.141258,0.050616,0.050725,-2.751411,-2.751444,0.000034,2.741903,2.742009,-0.000106,167.000000
11.835433236992685,-0.002319,1.322624,-1.709562,1.316991,0.004170,0.001792,-0.004003,-0.002705,1.326532,1.712331,1.306991,-0.010511,-0.004093,0.005305,-0.023442,0.776636,0.142918,-0.613075,0.369476,-0.256106,0.608233,0.146714,-0.611691,-0.023915,0.777005,-0.374907,-0.252886,0.603893,-0.023442,0.776636,0.142918,-0.613075,0.369476,-0.256106,0.608233,0.146714,-0.611691,-0.023915,0.777005,-0.374907,-0.252886,0.603893,0.449974,-0.001985,-0.000516,-0.000766,1,True,True,0.000246,-0.003100,0.002821,0.000000,0.000004,-0.000013,0.000000,0.000004,-0.000014,0.000000,0.000004,-0.000014,0.000000,0.000000,0.000004,-0.000013,True,0.000000,0.000004,-0.000014,0.000000,0.000004,-0.000014,-1.365247,-1.464995,-1.442270,1.682811,-1.365247,-1.464995,-1.442270,1.682811,0.000000,0.000000,0.000000,0.000000,0.000000,0.000000,0.000000,0.000000,-1449.255249,331.414337,874.442810,1322.467041,True,velocity,0.449974,0.449931,0.000000,0.000000,15.651445,False,0.142129,0.141258,0.050616,0.050725,-2.751411,-2.751444,0.000034,2.741903,2.742009,-0.000106,167.000000
11.870119255996542,-0.002318,1.322624,-1.709562,1.316992,0.004171,0.001793,-0.004004,-0.002704,1.326532,1.712331,1.306990,-0.010511,-0.004093,0.005305,-0.023442,0.776636,0.142918,-0.613075,0.369476,-0.256106,0.608233,0.146714,-0.611691,-0.023915,0.777005,-0.374907,-0.252886,0.603893,-0.023442,0.776636,0.142918,-0.613075,0.369476,-0.256106,0.608233,0.146714,-0.611691,-0.023915,0.777005,-0.374907,-0.252886,0.603893,0.449974,-0.001985,-0.000516,-0.000767,1,True,True,0.000269,-0.003079,0.002783,0.000000,0.000004,-0.000013,0.000000,0.000004,-0.000014,0.000000,0.000004,-0.000014,0.000000,0.000000,0.000004,-0.000013,True,0.000000,0.000004,-0.000014,0.000000,0.000004,-0.000014,-1.365247,-1.464995,-1.442269,1.682849,-1.365247,-1.465463,-1.442270,1.682849,0.000000,0.000000,0.000000,0.000000,0.000000,0.000000,0.000000,0.000000,-1449.255249,331.414337,874.442810,1322.467041,True,velocity,0.449974,0.449931,0.000000,0.000000,15.685434,False,0.142129,0.141258,0.050616,0.050725,-2.751411,-2.751444,0.000034,2.741903,2.742009,-0.000106,167.000000
11.906589135993272,-0.002318,1.322624,-1.709563,1.316992,0.004171,0.001793,-0.004004,-0.002704,1.326532,1.712330,1.306990,-0.010511,-0.004093,0.005305,-0.023442,0.776636,0.142918,-0.613075,0.369476,-0.256106,0.608233,0.146714,-0.611691,-0.023915,0.777005,-0.374907,-0.252886,0.603893,-0.023442,0.776636,0.142918,-0.613075,0.369476,-0.256106,0.608233,0.146714,-0.611691,-0.023915,0.777005,-0.374907,-0.252886,0.603893,0.449974,-0.001985,-0.000516,-0.000767,1,True,True,0.000269,-0.003079,0.002783,0.000000,0.000004,-0.000013,0.000000,0.000004,-0.000014,0.000000,0.000004,-0.000014,0.000000,0.000000,0.000004,-0.000013,True,0.000000,0.000004,-0.000014,0.000000,0.000004,-0.000014,-1.365247,-1.465463,-1.442270,1.682811,-1.365247,-1.464995,-1.442270,1.682849,0.000000,0.000000,0.000000,0.000000,0.000000,0.000000,0.000000,0.000000,-1449.255249,331.414337,874.442810,1322.467041,True,velocity,0.449974,0.449931,0.000000,0.000000,15.722429,False,0.142129,0.141258,0.050616,0.050725,-2.751411,-2.751444,0.000034,2.741903,2.742009,-0.000106,167.000000
11.936964510998223,-0.002317,1.322624,-1.709563,1.316993,0.004171,0.001793,-0.004004,-0.002703,1.326531,1.712330,1.306990,-0.010511,-0.004092,0.005305,-0.023442,0.776636,0.142918,-0.613075,0.369476,-0.256106,0.608233,0.146714,-0.611691,-0.023915,0.777005,-0.374907,-0.252886,0.603893,-0.023442,0.776636,0.142918,-0.613075,0.369476,-0.256106,0.608233,0.146714,-0.611691,-0.023915,0.777005,-0.374907,-0.252886,0.603893,0.449974,-0.001985,-0.000516,-0.000768,1,True,True,0.000348,-0.003000,0.002793,0.000000,0.000004,-0.000013,0.000000,0.000004,-0.000014,0.000000,0.000004,-0.000014,0.000000,0.000000,0.000004,-0.000013,True,0.000000,0.000004,-0.000014,0.000000,0.000004,-0.000014,-1.365247,-1.464995,-1.442270,1.682849,-1.365247,-1.464995,-1.442270,1.682811,0.000000,0.000000,0.000000,0.000000,0.000000,0.000000,0.000000,0.000000,-1449.255249,331.414337,874.442810,1322.467041,True,velocity,0.449974,0.449931,0.000000,0.000000,15.752812,False,0.142129,0.141258,0.050616,0.050725,-2.751411,-2.751444,0.000034,2.741903,2.742009,-0.000106,167.000000
11.971243254985893,-0.002316,1.322625,-1.709563,1.316994,0.004171,0.001793,-0.004005,-0.002703,1.326531,1.712330,1.306989,-0.010511,-0.004092,0.005305,-0.023442,0.776636,0.142918,-0.613075,0.369476,-0.256106,0.608233,0.146714,-0.611691,-0.023915,0.777005,-0.374907,-0.252886,0.603893,-0.023442,0.776636,0.142918,-0.613075,0.369476,-0.256106,0.608233,0.146714,-0.611691,-0.023915,0.777005,-0.374907,-0.252886,0.603893,0.449974,-0.001985,-0.000516,-0.000768,1,True,True,0.000344,-0.003043,0.002797,0.000000,0.000004,-0.000013,0.000000,0.000004,-0.000013,0.000000,0.000004,-0.000013,0.000000,0.000000,0.000004,-0.000013,True,0.000000,0.000004,-0.000014,0.000000,0.000004,-0.000014,-1.365035,-1.464815,-1.442269,1.682811,-1.365247,-1.465282,-1.442269,1.682811,0.000000,0.000000,0.000000,0.000000,0.000000,0.000000,0.000000,0.000000,-1449.255249,331.414337,874.442810,1322.467041,True,velocity,0.449974,0.449931,0.000000,0.000000,15.786088,False,0.142129,0.141258,0.050616,0.050725,-2.751411,-2.751444,0.000034,2.741903,2.742009,-0.000106,167.000000
12.003153344005113,-0.002316,1.322625,-1.709564,1.316995,0.004171,0.001793,-0.004005,-0.002702,1.326531,1.712329,1.306989,-0.010510,-0.004092,0.005305,-0.023442,0.776636,0.142918,-0.613075,0.369476,-0.256106,0.608233,0.146714,-0.611691,-0.023915,0.777005,-0.374907,-0.252886,0.603893,-0.023442,0.776636,0.142918,-0.613075,0.369476,-0.256106,0.608233,0.146714,-0.611691,-0.023915,0.777005,-0.374907,-0.252886,0.603893,0.449974,-0.001985,-0.000516,-0.000768,1,True,True,0.000344,-0.003043,0.002796,0.000000,0.000004,-0.000013,0.000000,0.000004,-0.000013,0.000000,0.000004,-0.000013,0.000000,0.000000,0.000004,-0.000013,True,0.000000,0.000004,-0.000013,0.000000,0.000004,-0.000013,-1.365465,-1.464815,-1.442269,1.682811,-1.365465,-1.464815,-1.442269,1.682811,0.000000,0.000000,0.000000,0.000000,0.000000,0.000000,0.000000,0.000000,-1449.255249,331.414337,874.442810,1322.467041,True,velocity,0.449974,0.449931,0.000000,0.000000,15.819133,False,0.142129,0.141258,0.050616,0.050725,-2.751411,-2.751444,0.000034,2.741903,2.742009,-0.000106,167.000000
12.036364926985698,-0.002315,1.322625,-1.709564,1.316996,0.004171,0.001793,-0.004005,-0.002702,1.326530,1.712329,1.306989,-0.010510,-0.004092,0.005305,-0.023442,0.776636,0.142918,-0.613075,0.369476,-0.256106,0.608233,0.146714,-0.611691,-0.023915,0.777005,-0.374907,-0.252886,0.603893,-0.023442,0.776636,0.142918,-0.613075,0.369476,-0.256106,0.608233,0.146714,-0.611691,-0.023915,0.777005,-0.374907,-0.252886,0.603893,0.449974,-0.001985,-0.000516,-0.000769,1,True,True,0.000345,-0.003057,0.002802,0.000000,0.000004,-0.000013,0.000000,0.000004,-0.000013,0.000000,0.000004,-0.000013,0.000000,0.000000,0.000004,-0.000013,True,0.000000,0.000004,-0.000013,0.000000,0.000004,-0.000013,-1.365247,-1.465463,-1.442270,1.682887,-1.365247,-1.465463,-1.442270,1.682887,0.000000,0.000000,0.000000,0.000000,0.000000,0.000000,0.000000,0.000000,-1449.255249,331.414337,874.442810,1322.467041,True,velocity,0.449974,0.449931,0.000000,0.000000,15.852360,False,0.142129,0.141258,0.050616,0.050725,-2.751411,-2.751444,0.000034,2.741903,2.742009,-0.000106,167.000000
12.073659301997395,-0.002315,1.322626,-1.709565,1.316996,0.004171,0.001794,-0.004006,-0.002702,1.326530,1.712328,1.306989,-0.010510,-0.004092,0.005305,-0.023442,0.776636,0.142918,-0.613075,0.369476,-0.256106,0.608233,0.146714,-0.611691,-0.023915,0.777005,-0.374907,-0.252886,0.603893,-0.023442,0.776636,0.142918,-0.613075,0.369476,-0.256106,0.608233,0.146714,-0.611691,-0.023915,0.777005,-0.374907,-0.252886,0.603893,0.449974,-0.001985,-0.000516,-0.000769,1,True,True,0.000446,-0.002984,0.002818,0.000000,0.000004,-0.000013,0.000000,0.000004,-0.000013,0.000000,0.000004,-0.000013,0.000000,0.000000,0.000004,-0.000013,True,0.000000,0.000004,-0.000013,0.000000,0.000004,-0.000013,-1.365465,-1.465463,-1.442270,1.682811,-1.365465,-1.464815,-1.442270,1.682811,0.000000,0.000000,0.000000,0.000000,0.000000,0.000000,0.000000,0.000000,-1449.255249,331.414337,874.442810,1322.467041,True,velocity,0.449974,0.449931,0.000000,0.000000,15.888828,False,0.142129,0.141258,0.050616,0.050725,-2.751411,-2.751444,0.000034,2.741903,2.742009,-0.000106,167.000000
12.10547039200901,-0.002314,1.322626,-1.709565,1.316997,0.004172,0.001794,-0.004006,-0.002701,1.326530,1.712328,1.306988,-0.010510,-0.004091,0.005305,-0.023442,0.776636,0.142918,-0.613075,0.369476,-0.256106,0.608233,0.146714,-0.611691,-0.023915,0.777005,-0.374907,-0.252886,0.603893,-0.023442,0.776636,0.142918,-0.613075,0.369476,-0.256106,0.608233,0.146714,-0.611691,-0.023915,0.777005,-0.374907,-0.252886,0.603893,0.449974,-0.001984,-0.000516,-0.000770,1,True,True,0.000446,-0.002984,0.002818,0.000000,0.000004,-0.000013,0.000000,0.000004,-0.000013,0.000000,0.000004,-0.000013,0.000000,0.000000,0.000004,-0.000013,True,0.000000,0.000004,-0.000013,0.000000,0.000004,-0.000013,-1.365889,-1.465282,-1.442270,1.682811,-1.365677,-1.465282,-1.442270,1.682811,0.000000,0.000000,0.000000,0.000000,0.000000,0.000000,0.000000,0.000000,-1449.255249,331.414337,874.442810,1322.467041,True,velocity,0.449974,0.449931,0.000000,0.000000,15.921231,False,0.142129,0.141258,0.050616,0.050725,-2.751411,-2.751444,0.000034,2.741903,2.742009,-0.000106,167.000000
12.135808341990924,-0.002314,1.322626,-1.709566,1.316998,0.004172,0.001794,-0.004006,-0.002701,1.326530,1.712328,1.306988,-0.010510,-0.004091,0.005305,-0.023442,0.776636,0.142918,-0.613075,0.369476,-0.256106,0.608233,0.146714,-0.611691,-0.023915,0.777005,-0.374907,-0.252886,0.603893,-0.023442,0.776636,0.142918,-0.613075,0.369476,-0.256106,0.608233,0.146714,-0.611691,-0.023915,0.777005,-0.374907,-0.252886,0.603893,0.449974,-0.001984,-0.000516,-0.000770,1,True,True,0.000444,-0.003007,0.002819,0.000000,0.000004,-0.000013,0.000000,0.000004,-0.000013,0.000000,0.000004,-0.000013,0.000000,0.000000,0.000004,-0.000013,True,0.000000,0.000004,-0.000013,0.000000,0.000004,-0.000013,-1.365677,-1.464815,-1.442270,1.682811,-1.365677,-1.464815,-1.442270,1.682811,0.000000,0.000000,0.000000,0.000000,0.000000,0.000000,0.000000,0.000000,-1449.255249,331.414337,874.442810,1322.467041,True,velocity,0.449974,0.449931,0.000000,0.000000,15.951819,False,0.142129,0.141258,0.050616,0.050725,-2.751411,-2.751444,0.000034,2.741903,2.742009,-0.000106,167.000000
12.169279071007622,-0.002313,1.322626,-1.709566,1.316999,0.004172,0.001794,-0.004007,-0.002700,1.326529,1.712327,1.306988,-0.010510,-0.004091,0.005304,-0.023442,0.776636,0.142918,-0.613075,0.369476,-0.256106,0.608233,0.146714,-0.611691,-0.023915,0.777005,-0.374907,-0.252886,0.603893,-0.023442,0.776636,0.142918,-0.613075,0.369476,-0.256106,0.608233,0.146714,-0.611691,-0.023915,0.777005,-0.374907,-0.252886,0.603893,0.449974,-0.001984,-0.000516,-0.000771,1,True,True,0.000371,-0.002969,0.002832,0.000000,0.000004,-0.000013,0.000000,0.000004,-0.000013,0.000000,0.000004,-0.000013,0.000000,0.000000,0.000004,-0.000013,True,0.000000,0.000004,-0.000013,0.000000,0.000004,-0.000013,-1.365677,-1.464815,-1.442269,1.682811,-1.365677,-1.464815,-1.442269,1.682811,0.000000,0.000000,0.000000,0.000000,0.000000,0.000000,0.000000,0.000000,-1449.255249,331.414337,874.442810,1322.467041,True,velocity,0.449974,0.449931,0.000000,0.000000,15.985256,False,0.142129,0.141258,0.050616,0.050725,-2.751411,-2.751444,0.000034,2.741903,2.742009,-0.000106,167.000000
12.204387976991711,-0.002312,1.322627,-1.709566,1.316999,0.004172,0.001794,-0.004007,-0.002700,1.326529,1.712327,1.306987,-0.010509,-0.004091,0.005304,-0.023442,0.776636,0.142918,-0.613075,0.369476,-0.256106,0.608233,0.146714,-0.611691,-0.023915,0.777005,-0.374907,-0.252886,0.603893,-0.023442,0.776636,0.142918,-0.613075,0.369476,-0.256106,0.608233,0.146714,-0.611691,-0.023915,0.777005,-0.374907,-0.252886,0.603893,0.449974,-0.001984,-0.000516,-0.000771,1,True,True,0.000371,-0.002969,0.002831,0.000000,0.000004,-0.000013,0.000000,0.000004,-0.000013,0.000000,0.000004,-0.000013,0.000000,0.000000,0.000004,-0.000013,True,0.000000,0.000004,-0.000013,0.000000,0.000004,-0.000013,-1.365677,-1.465282,-1.442270,1.682849,-1.365459,-1.465463,-1.442270,1.682849,0.000000,0.000000,0.000000,0.000000,0.000000,0.000000,0.000000,0.000000,-1449.255249,331.414337,874.442810,1322.467041,True,velocity,0.449974,0.449931,0.000000,0.000000,16.019913,False,0.142129,0.141258,0.050616,0.050725,-2.751411,-2.751444,0.000034,2.741903,2.742009,-0.000106,167.000000
12.236272492998978,-0.002312,1.322627,-1.709567,1.317000,0.004172,0.001794,-0.004007,-0.002699,1.326529,1.712327,1.306987,-0.010509,-0.004090,0.005304,-0.023442,0.776636,0.142918,-0.613075,0.369476,-0.256106,0.608233,0.146714,-0.611691,-0.023915,0.777005,-0.374907,-0.252886,0.603893,-0.023442,0.776636,0.142918,-0.613075,0.369476,-0.256106,0.608233,0.146714,-0.611691,-0.023915,0.777005,-0.374907,-0.252886,0.603893,0.449974,-0.001984,-0.000516,-0.000771,1,True,True,0.000367,-0.002952,0.002838,0.000000,0.000004,-0.000013,0.000000,0.000004,-0.000013,0.000000,0.000004,-0.000013,0.000000,0.000000,0.000004,-0.000013,True,0.000000,0.000004,-0.000013,0.000000,0.000004,-0.000013,-1.365465,-1.465463,-1.442270,1.682849,-1.365035,-1.465282,-1.442270,1.682849,0.000000,0.000000,0.000000,0.000000,0.000000,0.000000,0.000000,0.000000,-1449.255249,331.414337,874.442810,1322.467041,True,velocity,0.449974,0.449931,0.000000,0.000000,16.052298,False,0.142129,0.141258,0.050616,0.050725,-2.751411,-2.751444,0.000034,2.741903,2.742009,-0.000106,167.000000
12.269574314996134,-0.002311,1.322627,-1.709567,1.317001,0.004172,0.001795,-0.004007,-0.002699,1.326529,1.712326,1.306987,-0.010509,-0.004090,0.005304,-0.023442,0.776636,0.142918,-0.613075,0.369476,-0.256106,0.608233,0.146714,-0.611691,-0.023915,0.777005,-0.374907,-0.252886,0.603893,-0.023442,0.776636,0.142918,-0.613075,0.369476,-0.256106,0.608233,0.146714,-0.611691,-0.023915,0.777005,-0.374907,-0.252886,0.603893,0.449973,-0.001984,-0.000516,-0.000772,1,True,True,0.000381,-0.002955,0.002853,0.000000,0.000004,-0.000013,0.000000,0.000004,-0.000013,0.000000,0.000004,-0.000013,0.000000,0.000000,0.000004,-0.000013,True,0.000000,0.000004,-0.000013,0.000000,0.000004,-0.000013,-1.365247,-1.464815,-1.442269,1.682849,-1.365247,-1.465282,-1.442270,1.682849,0.000000,0.000000,0.000000,0.000000,0.000000,0.000000,0.000000,0.000000,-1449.255249,331.414337,874.442810,1322.467041,True,velocity,0.449973,0.449931,0.000000,0.000000,16.085549,False,0.142130,0.141258,0.050616,0.050725,-2.751411,-2.751444,0.000034,2.741903,2.742009,-0.000106,167.000000
12.305437679984607,-0.002311,1.322627,-1.709568,1.317002,0.004172,0.001795,-0.004008,-0.002699,1.326528,1.712326,1.306986,-0.010509,-0.004090,0.005304,-0.023442,0.776636,0.142918,-0.613075,0.369476,-0.256106,0.608233,0.146714,-0.611691,-0.023915,0.777005,-0.374907,-0.252886,0.603893,-0.023442,0.776636,0.142918,-0.613075,0.369476,-0.256106,0.608233,0.146714,-0.611691,-0.023915,0.777005,-0.374907,-0.252886,0.603893,0.449973,-0.001984,-0.000516,-0.000772,1,True,True,0.000381,-0.002955,0.002853,0.000000,0.000004,-0.000013,0.000000,0.000004,-0.000013,0.000000,0.000004,-0.000013,0.000000,0.000000,0.000004,-0.000013,True,0.000000,0.000004,-0.000013,0.000000,0.000004,-0.000013,-1.365247,-1.465282,-1.442270,1.682811,-1.365247,-1.465282,-1.442270,1.682811,0.000000,0.000000,0.000000,0.000000,0.000000,0.000000,0.000000,0.000000,-1449.255249,331.414337,874.442810,1322.467041,True,velocity,0.449973,0.449931,0.000000,0.000000,16.120305,False,0.142130,0.141258,0.050616,0.050725,-2.751411,-2.751444,0.000034,2.741903,2.742009,-0.000106,167.000000
12.339984830003232,-0.002310,1.322627,-1.709568,1.317002,0.004173,0.001795,-0.004008,-0.002698,1.326528,1.712326,1.306986,-0.010509,-0.004090,0.005304,-0.023442,0.776636,0.142918,-0.613075,0.369476,-0.256106,0.608233,0.146714,-0.611691,-0.023915,0.777005,-0.374907,-0.252886,0.603893,-0.023442,0.776636,0.142918,-0.613075,0.369476,-0.256106,0.608233,0.146714,-0.611691,-0.023915,0.777005,-0.374907,-0.252886,0.603893,0.449973,-0.001984,-0.000516,-0.000773,1,True,True,0.000471,-0.002828,0.002885,0.000000,0.000004,-0.000013,0.000000,0.000004,-0.000013,0.000000,0.000004,-0.000013,0.000000,0.000000,0.000004,-0.000013,True,0.000000,0.000004,-0.000013,0.000000,0.000004,-0.000013,-1.365677,-1.465463,-1.442270,1.682811,-1.365677,-1.465282,-1.442270,1.682811,0.000000,0.000000,0.000000,0.000000,0.000000,0.000000,0.000000,0.000000,-1449.255249,331.414337,874.442810,1322.467041,True,velocity,0.449973,0.449931,0.000000,0.000000,16.155912,False,0.142130,0.141258,0.050616,0.050725,-2.751411,-2.751444,0.000034,2.741903,2.742009,-0.000106,167.000000
12.374173480988247,-0.002310,1.322628,-1.709569,1.317003,0.004173,0.001795,-0.004008,-0.002698,1.326528,1.712325,1.306986,-0.010509,-0.004090,0.005304,-0.023442,0.776636,0.142918,-0.613075,0.369476,-0.256106,0.608233,0.146714,-0.611691,-0.023915,0.777005,-0.374907,-0.252886,0.603893,-0.023442,0.776636,0.142918,-0.613075,0.369476,-0.256106,0.608233,0.146714,-0.611691,-0.023915,0.777005,-0.374907,-0.252886,0.603893,0.449973,-0.001983,-0.000516,-0.000773,1,True,True,0.000498,-0.002839,0.002886,0.000000,0.000004,-0.000012,0.000000,0.000004,-0.000013,0.000000,0.000004,-0.000013,0.000000,0.000000,0.000004,-0.000012,True,0.000000,0.000004,-0.000013,0.000000,0.000004,-0.000013,-1.365889,-1.465282,-1.442269,1.682811,-1.365889,-1.465282,-1.442269,1.682811,0.000000,0.000000,0.000000,0.000000,0.000000,0.000000,0.000000,0.000000,-1449.255249,331.414337,874.442810,1322.467041,True,velocity,0.449973,0.449931,0.000000,0.000000,16.190132,False,0.142130,0.141258,0.050616,0.050725,-2.751411,-2.751444,0.000034,2.741903,2.742009,-0.000106,167.000000
12.40610901499167,-0.002309,1.322628,-1.709569,1.317004,0.004173,0.001795,-0.004009,-0.002697,1.326527,1.712325,1.306985,-0.010508,-0.004089,0.005304,-0.023442,0.776636,0.142918,-0.613075,0.369476,-0.256106,0.608233,0.146714,-0.611691,-0.023915,0.777005,-0.374907,-0.252886,0.603893,-0.023442,0.776636,0.142918,-0.613075,0.369476,-0.256106,0.608233,0.146714,-0.611691,-0.023915,0.777005,-0.374907,-0.252886,0.603893,0.449973,-0.001983,-0.000516,-0.000774,1,True,True,0.000498,-0.002839,0.002886,0.000000,0.000003,-0.000012,0.000000,0.000004,-0.000013,0.000000,0.000004,-0.000013,0.000000,0.000000,0.000003,-0.000012,True,0.000000,0.000004,-0.000013,0.000000,0.000004,-0.000013,-1.365247,-1.464633,-1.442269,1.682811,-1.365459,-1.465282,-1.442270,1.682811,0.000000,0.000000,0.000000,0.000000,0.000000,0.000000,0.000000,0.000000,-1449.255249,331.414337,874.442810,1322.467041,True,velocity,0.449973,0.449931,0.000000,0.000000,16.221913,False,0.142130,0.141258,0.050616,0.050725,-2.751411,-2.751444,0.000034,2.741903,2.742009,-0.000106,167.000000
12.43680994398892,-0.002309,1.322628,-1.709569,1.317005,0.004173,0.001795,-0.004009,-0.002697,1.326527,1.712325,1.306985,-0.010508,-0.004089,0.005304,-0.023442,0.776636,0.142918,-0.613075,0.369476,-0.256106,0.608233,0.146714,-0.611691,-0.023915,0.777005,-0.374907,-0.252886,0.603893,-0.023442,0.776636,0.142918,-0.613075,0.369476,-0.256106,0.608233,0.146714,-0.611691,-0.023915,0.777005,-0.374907,-0.252886,0.603893,0.449973,-0.001983,-0.000516,-0.000774,1,True,True,0.000540,-0.002863,0.002852,0.000000,0.000003,-0.000012,0.000000,0.000004,-0.000013,0.000000,0.000004,-0.000013,0.000000,0.000000,0.000003,-0.000012,True,0.000000,0.000004,-0.000013,0.000000,0.000004,-0.000013,-1.365247,-1.465282,-1.442270,1.682811,-1.365889,-1.464815,-1.442270,1.682811,0.000000,0.000000,0.000000,0.000000,0.000000,0.000000,0.000000,0.000000,-1449.255249,331.414337,874.442810,1322.467041,True,velocity,0.449973,0.449931,0.000000,0.000000,16.252764,False,0.142130,0.141258,0.050616,0.050725,-2.751411,-2.751444,0.000034,2.741903,2.742009,-0.000106,167.000000
12.470482320000883,-0.002308,1.322628,-1.709570,1.317005,0.004173,0.001796,-0.004009,-0.002696,1.326527,1.712324,1.306985,-0.010508,-0.004089,0.005304,-0.023442,0.776636,0.142918,-0.613075,0.369476,-0.256106,0.608233,0.146714,-0.611691,-0.023915,0.777005,-0.374907,-0.252886,0.603893,-0.023442,0.776636,0.142918,-0.613075,0.369476,-0.256106,0.608233,0.146714,-0.611691,-0.023915,0.777005,-0.374907,-0.252886,0.603893,0.449973,-0.001983,-0.000516,-0.000774,1,True,True,0.000567,-0.002863,0.002841,0.000000,0.000003,-0.000012,0.000000,0.000004,-0.000013,0.000000,0.000004,-0.000013,0.000000,0.000000,0.000003,-0.000012,True,0.000000,0.000004,-0.000013,0.000000,0.000004,-0.000013,-1.365677,-1.465282,-1.442270,1.682811,-1.365677,-1.465282,-1.442270,1.682849,0.000000,0.000000,0.000000,0.000000,0.000000,0.000000,0.000000,0.000000,-1449.255249,331.414337,874.442810,1322.467041,True,velocity,0.449973,0.449931,0.000000,0.000000,16.286391,False,0.142130,0.141258,0.050616,0.050725,-2.751411,-2.751444,0.000034,2.741903,2.742009,-0.000106,167.000000
12.503935902001103,-0.002308,1.322629,-1.709570,1.317006,0.004173,0.001796,-0.004009,-0.002696,1.326527,1.712324,1.306985,-0.010508,-0.004089,0.005304,-0.023442,0.776636,0.142918,-0.613075,0.369476,-0.256106,0.608233,0.146714,-0.611691,-0.023915,0.777005,-0.374907,-0.252886,0.603893,-0.023442,0.776636,0.142918,-0.613075,0.369476,-0.256106,0.608233,0.146714,-0.611691,-0.023915,0.777005,-0.374907,-0.252886,0.603893,0.449973,-0.001983,-0.000516,-0.000775,1,True,True,0.000567,-0.002863,0.002840,0.000000,0.000003,-0.000012,0.000000,0.000004,-0.000013,0.000000,0.000004,-0.000013,0.000000,0.000000,0.000003,-0.000012,True,0.000000,0.000004,-0.000013,0.000000,0.000004,-0.000013,-1.365247,-1.465282,-1.442270,1.682849,-1.365247,-1.465282,-1.442270,1.682849,0.000000,0.000000,0.000000,0.000000,0.000000,0.000000,0.000000,0.000000,-1449.255249,331.414337,874.442810,1322.467041,True,velocity,0.449973,0.449931,0.000000,0.000000,16.319512,False,0.142130,0.141257,0.050616,0.050725,-2.751411,-2.751444,0.000034,2.741903,2.742009,-0.000106,167.000000
12.53764768500696,-0.002307,1.322629,-1.709571,1.317007,0.004173,0.001796,-0.004010,-0.002696,1.326526,1.712323,1.306984,-0.010508,-0.004089,0.005304,-0.023442,0.776636,0.142918,-0.613075,0.369476,-0.256106,0.608233,0.146714,-0.611691,-0.023915,0.777005,-0.374907,-0.252886,0.603893,-0.023442,0.776636,0.142918,-0.613075,0.369476,-0.256106,0.608233,0.146714,-0.611691,-0.023915,0.777005,-0.374907,-0.252886,0.603893,0.449973,-0.001983,-0.000516,-0.000775,1,True,True,0.000573,-0.002857,0.002823,0.000000,0.000003,-0.000012,0.000000,0.000004,-0.000012,0.000000,0.000004,-0.000012,0.000000,0.000000,0.000003,-0.000012,True,0.000000,0.000004,-0.000013,0.000000,0.000004,-0.000013,-1.365247,-1.465282,-1.442270,1.682811,-1.365889,-1.465282,-1.442270,1.682849,0.000000,0.000000,0.000000,0.000000,0.000000,0.000000,0.000000,0.000000,-1449.255249,331.414337,874.442810,1322.467163,True,velocity,0.449973,0.449931,0.000000,0.000000,16.353052,False,0.142130,0.141257,0.050616,0.050725,-2.751411,-2.751444,0.000034,2.741903,2.742009,-0.000106,167.000000
12.571441560983658,-0.002307,1.322629,-1.709571,1.317008,0.004174,0.001796,-0.004010,-0.002695,1.326526,1.712323,1.306984,-0.010507,-0.004088,0.005304,-0.023442,0.776636,0.142918,-0.613075,0.369476,-0.256106,0.608233,0.146714,-0.611691,-0.023915,0.777005,-0.374907,-0.252886,0.603893,-0.023442,0.776636,0.142918,-0.613075,0.369476,-0.256106,0.608233,0.146714,-0.611691,-0.023915,0.777005,-0.374907,-0.252886,0.603893,0.449973,-0.001983,-0.000516,-0.000776,1,True,True,0.000600,-0.002837,0.002820,0.000000,0.000003,-0.000012,0.000000,0.000003,-0.000012,0.000000,0.000003,-0.000012,0.000000,0.000000,0.000003,-0.000012,True,0.000000,0.000004,-0.000012,0.000000,0.000004,-0.000012,-1.365459,-1.465282,-1.442270,1.682849,-1.365459,-1.465282,-1.442270,1.682811,0.000000,0.000000,0.000000,0.000000,0.000000,0.000000,0.000000,0.000000,-1449.255249,331.414337,874.442810,1322.467041,True,velocity,0.449973,0.449931,0.000000,0.000000,16.387414,False,0.142130,0.141257,0.050616,0.050725,-2.751411,-2.751444,0.000034,2.741903,2.742009,-0.000106,167.000000
12.607821682002395,-0.002306,1.322629,-1.709571,1.317008,0.004174,0.001796,-0.004010,-0.002695,1.326526,1.712323,1.306984,-0.010507,-0.004088,0.005304,-0.023442,0.776636,0.142918,-0.613075,0.369476,-0.256106,0.608233,0.146714,-0.611691,-0.023915,0.777005,-0.374907,-0.252886,0.603893,-0.023442,0.776636,0.142918,-0.613075,0.369476,-0.256106,0.608233,0.146714,-0.611691,-0.023915,0.777005,-0.374907,-0.252886,0.603893,0.449973,-0.001983,-0.000516,-0.000776,1,True,True,0.000600,-0.002837,0.002820,0.000000,0.000003,-0.000012,0.000000,0.000003,-0.000012,0.000000,0.000003,-0.000012,0.000000,0.000000,0.000003,-0.000012,True,0.000000,0.000003,-0.000012,0.000000,0.000003,-0.000012,-1.365459,-1.465282,-1.442270,1.682849,-1.365247,-1.464633,-1.442269,1.682849,0.000000,0.000000,0.000000,0.000000,0.000000,0.000000,0.000000,0.000000,-1449.255249,331.414337,874.442810,1322.467041,True,velocity,0.449973,0.449931,0.000000,0.000000,16.423214,False,0.142130,0.141257,0.050616,0.050725,-2.751411,-2.751444,0.000034,2.741903,2.742009,-0.000106,167.000000
12.642894124990562,-0.002305,1.322630,-1.709572,1.317009,0.004174,0.001796,-0.004010,-0.002694,1.326526,1.712322,1.306983,-0.010507,-0.004088,0.005304,-0.023442,0.776636,0.142918,-0.613075,0.369476,-0.256106,0.608233,0.146714,-0.611691,-0.023915,0.777005,-0.374907,-0.252886,0.603893,-0.023442,0.776636,0.142918,-0.613075,0.369476,-0.256106,0.608233,0.146714,-0.611691,-0.023915,0.777005,-0.374907,-0.252886,0.603893,0.449973,-0.001983,-0.000516,-0.000776,1,True,True,0.000563,-0.002754,0.002830,0.000000,0.000003,-0.000012,0.000000,0.000003,-0.000012,0.000000,0.000003,-0.000012,0.000000,0.000000,0.000003,-0.000012,True,0.000000,0.000003,-0.000012,0.000000,0.000003,-0.000012,-1.365247,-1.464815,-1.442270,1.682811,-1.365247,-1.464815,-1.442270,1.682811,0.000000,0.000000,0.000000,0.000000,0.000000,0.000000,0.000000,0.000000,-1449.255249,331.414337,874.442810,1322.467041,True,velocity,0.449973,0.449931,0.000000,0.000000,16.458200,False,0.142130,0.141257,0.050616,0.050725,-2.751411,-2.751444,0.000034,2.741903,2.742009,-0.000106,167.000000
12.673319944995455,-0.002305,1.322630,-1.709572,1.317010,0.004174,0.001797,-0.004011,-0.002694,1.326525,1.712322,1.306983,-0.010507,-0.004088,0.005304,-0.023442,0.776636,0.142918,-0.613075,0.369476,-0.256106,0.608233,0.146714,-0.611691,-0.023915,0.777005,-0.374907,-0.252886,0.603893,-0.023442,0.776636,0.142918,-0.613075,0.369476,-0.256106,0.608233,0.146714,-0.611691,-0.023915,0.777005,-0.374907,-0.252886,0.603893,0.449973,-0.001982,-0.000516,-0.000777,1,True,True,0.000511,-0.002756,0.002841,0.000000,0.000003,-0.000012,0.000000,0.000003,-0.000012,0.000000,0.000003,-0.000012,0.000000,0.000000,0.000003,-0.000012,True,0.000000,0.000003,-0.000012,0.000000,0.000003,-0.000012,-1.365247,-1.464815,-1.442270,1.682811,-1.365247,-1.464815,-1.442270,1.682811,0.000000,0.000000,0.000000,0.000000,0.000000,0.000000,0.000000,0.000000,-1449.255249,331.414337,874.442810,1322.467041,True,velocity,0.449973,0.449931,0.000000,0.000000,16.488966,False,0.142130,0.141257,0.050616,0.050725,-2.751411,-2.751444,0.000034,2.741903,2.742009,-0.000106,167.000000
12.70547760699992,-0.002304,1.322630,-1.709573,1.317010,0.004174,0.001797,-0.004011,-0.002694,1.326525,1.712322,1.306983,-0.010507,-0.004088,0.005304,-0.023442,0.776636,0.142918,-0.613075,0.369476,-0.256106,0.608233,0.146714,-0.611691,-0.023915,0.777005,-0.374907,-0.252886,0.603893,-0.023442,0.776636,0.142918,-0.613075,0.369476,-0.256106,0.608233,0.146714,-0.611691,-0.023915,0.777005,-0.374907,-0.252886,0.603893,0.449973,-0.001982,-0.000516,-0.000777,1,True,True,0.000511,-0.002756,0.002841,0.000000,0.000003,-0.000012,0.000000,0.000003,-0.000012,0.000000,0.000003,-0.000012,0.000000,0.000000,0.000003,-0.000012,True,0.000000,0.000003,-0.000012,0.000000,0.000003,-0.000012,-1.365459,-1.464815,-1.442270,1.682849,-1.365889,-1.465463,-1.442270,1.682811,0.000000,0.000000,0.000000,0.000000,0.000000,0.000000,0.000000,0.000000,-1449.255249,331.414337,874.442810,1322.467041,True,velocity,0.449973,0.449931,0.000000,0.000000,16.521331,False,0.142130,0.141257,0.050616,0.050725,-2.751411,-2.751444,0.000034,2.741903,2.742009,-0.000106,167.000000
12.739463148987852,-0.002304,1.322630,-1.709573,1.317011,0.004174,0.001797,-0.004011,-0.002693,1.326525,1.712321,1.306982,-0.010507,-0.004087,0.005304,-0.023442,0.776636,0.142918,-0.613075,0.369476,-0.256106,0.608233,0.146714,-0.611691,-0.023915,0.777005,-0.374907,-0.252886,0.603893,-0.023442,0.776636,0.142918,-0.613075,0.369476,-0.256106,0.608233,0.146714,-0.611691,-0.023915,0.777005,-0.374907,-0.252886,0.603893,0.449973,-0.001982,-0.000516,-0.000778,1,True,True,0.000543,-0.002716,0.002816,0.000000,0.000003,-0.000012,0.000000,0.000003,-0.000012,0.000000,0.000003,-0.000012,0.000000,0.000000,0.000003,-0.000012,True,0.000000,0.000003,-0.000012,0.000000,0.000003,-0.000012,-1.365247,-1.464995,-1.442269,1.682887,-1.365247,-1.464995,-1.442269,1.682811,0.000000,0.000000,0.000000,0.000000,0.000000,0.000000,0.000000,0.000000,-1449.255249,331.414337,874.442810,1322.467041,True,velocity,0.449973,0.449931,0.000000,0.000000,16.555185,False,0.142130,0.141257,0.050616,0.050725,-2.751411,-2.751444,0.000034,2.741903,2.742009,-0.000106,167.000000
12.773436152987415,-0.002303,1.322631,-1.709573,1.317012,0.004174,0.001797,-0.004012,-0.002693,1.326525,1.712321,1.306982,-0.010506,-0.004087,0.005304,-0.023442,0.776636,0.142918,-0.613075,0.369476,-0.256106,0.608233,0.146714,-0.611691,-0.023915,0.777005,-0.374907,-0.252886,0.603893,-0.023442,0.776636,0.142918,-0.613075,0.369476,-0.256106,0.608233,0.146714,-0.611691,-0.023915,0.777005,-0.374907,-0.252886,0.603893,0.449973,-0.001982,-0.000516,-0.000778,1,True,True,0.000563,-0.002691,0.002832,0.000000,0.000003,-0.000012,0.000000,0.000003,-0.000012,0.000000,0.000003,-0.000012,0.000000,0.000000,0.000003,-0.000012,True,0.000000,0.000003,-0.000012,0.000000,0.000003,-0.000012,-1.365889,-1.464995,-1.442270,1.682849,-1.365889,-1.465282,-1.442270,1.682849,0.000000,0.000000,0.000000,0.000000,0.000000,0.000000,0.000000,0.000000,-1449.255249,331.414337,874.442810,1322.467041,True,velocity,0.449973,0.449931,0.000000,0.000000,16.589122,False,0.142131,0.141257,0.050616,0.050725,-2.751411,-2.751444,0.000034,2.741903,2.742009,-0.000106,167.000000
12.81088150900905,-0.002303,1.322631,-1.709574,1.317012,0.004175,0.001797,-0.004012,-0.002692,1.326524,1.712321,1.306982,-0.010506,-0.004087,0.005304,-0.023442,0.776636,0.142918,-0.613075,0.369476,-0.256106,0.608233,0.146714,-0.611691,-0.023915,0.777005,-0.374907,-0.252886,0.603893,-0.023442,0.776636,0.142918,-0.613075,0.369476,-0.256106,0.608233,0.146714,-0.611691,-0.023915,0.777005,-0.374907,-0.252886,0.603893,0.449973,-0.001982,-0.000516,-0.000778,1,True,True,0.000563,-0.002691,0.002832,0.000000,0.000003,-0.000012,0.000000,0.000003,-0.000012,0.000000,0.000003,-0.000012,0.000000,0.000000,0.000003,-0.000012,True,0.000000,0.000003,-0.000012,0.000000,0.000003,-0.000012,-1.365889,-1.465463,-1.442269,1.682811,-1.365889,-1.465282,-1.442269,1.682811,0.000000,0.000000,0.000000,0.000000,0.000000,0.000000,0.000000,0.000000,-1449.255249,331.414337,874.442810,1322.467041,True,velocity,0.449973,0.449931,0.000000,0.000000,16.626531,False,0.142131,0.141257,0.050616,0.050725,-2.751411,-2.751444,0.000034,2.741903,2.742009,-0.000106,167.000000
12.842986134986859,-0.002302,1.322631,-1.709574,1.317013,0.004175,0.001797,-0.004012,-0.002692,1.326524,1.712320,1.306981,-0.010506,-0.004087,0.005304,-0.023442,0.776636,0.142918,-0.613075,0.369476,-0.256106,0.608233,0.146714,-0.611691,-0.023915,0.777005,-0.374907,-0.252886,0.603893,-0.023442,0.776636,0.142918,-0.613075,0.369476,-0.256106,0.608233,0.146714,-0.611691,-0.023915,0.777005,-0.374907,-0.252886,0.603893,0.449973,-0.001982,-0.000516,-0.000779,1,True,True,0.000600,-0.002638,0.002837,0.000000,0.000003,-0.000012,0.000000,0.000003,-0.000012,0.000000,0.000003,-0.000012,0.000000,0.000000,0.000003,-0.000012,True,0.000000,0.000003,-0.000012,0.000000,0.000003,-0.000012,-1.365889,-1.464815,-1.442269,1.682811,-1.365889,-1.464995,-1.442269,1.682811,0.000000,0.000000,0.000000,0.000000,0.000000,0.000000,0.000000,0.000000,-1449.255249,331.414337,874.442810,1322.467041,True,velocity,0.449973,0.449931,0.000000,0.000000,16.658788,False,0.142131,0.141257,0.050616,0.050725,-2.751411,-2.751444,0.000034,2.741903,2.742009,-0.000106,167.000000
12.872413662989857,-0.002302,1.322631,-1.709574,1.317014,0.004175,0.001798,-0.004012,-0.002691,1.326524,1.712320,1.306981,-0.010506,-0.004087,0.005304,-0.023442,0.776636,0.142918,-0.613075,0.369476,-0.256106,0.608233,0.146714,-0.611691,-0.023915,0.777005,-0.374907,-0.252886,0.603893,-0.023442,0.776636,0.142918,-0.613075,0.369476,-0.256106,0.608233,0.146714,-0.611691,-0.023915,0.777005,-0.374907,-0.252886,0.603893,0.449973,-0.001982,-0.000516,-0.000779,1,True,True,0.000623,-0.002605,0.002854,0.000000,0.000003,-0.000012,0.000000,0.000003,-0.000012,0.000000,0.000003,-0.000012,0.000000,0.000000,0.000003,-0.000012,True,0.000000,0.000003,-0.000012,0.000000,0.000003,-0.000012,-1.365247,-1.464815,-1.442269,1.682849,-1.365247,-1.464995,-1.442269,1.682811,0.000000,0.000000,0.000000,0.000000,0.000000,0.000000,0.000000,0.000000,-1449.255249,331.414337,874.442810,1322.467041,True,velocity,0.449973,0.449931,0.000000,0.000000,16.688328,False,0.142131,0.141257,0.050616,0.050725,-2.751411,-2.751444,0.000034,2.741903,2.742009,-0.000106,167.000000
12.910121980996337,-0.002301,1.322631,-1.709575,1.317014,0.004175,0.001798,-0.004013,-0.002691,1.326524,1.712320,1.306981,-0.010506,-0.004086,0.005304,-0.023442,0.776636,0.142918,-0.613075,0.369476,-0.256106,0.608233,0.146714,-0.611691,-0.023915,0.777005,-0.374907,-0.252886,0.603893,-0.023442,0.776636,0.142918,-0.613075,0.369476,-0.256106,0.608233,0.146714,-0.611691,-0.023915,0.777005,-0.374907,-0.252886,0.603893,0.449973,-0.001982,-0.000516,-0.000780,1,True,True,0.000623,-0.002605,0.002854,0.000000,0.000003,-0.000012,0.000000,0.000003,-0.000012,0.000000,0.000003,-0.000012,0.000000,0.000000,0.000003,-0.000012,True,0.000000,0.000003,-0.000012,0.000000,0.000003,-0.000012,-1.365247,-1.464815,-1.442270,1.682811,-1.365247,-1.464815,-1.442269,1.682811,0.000000,0.000000,0.000000,0.000000,0.000000,0.000000,0.000000,0.000000,-1449.255249,331.414337,874.442810,1322.467041,True,velocity,0.449973,0.449931,0.000000,0.000000,16.725588,False,0.142131,0.141257,0.050616,0.050725,-2.751411,-2.751444,0.000034,2.741903,2.742009,-0.000106,167.000000
12.939869822992478,-0.002301,1.322632,-1.709575,1.317015,0.004175,0.001798,-0.004013,-0.002691,1.326523,1.712319,1.306981,-0.010506,-0.004086,0.005304,-0.023442,0.776636,0.142918,-0.613075,0.369476,-0.256106,0.608233,0.146714,-0.611691,-0.023915,0.777005,-0.374907,-0.252886,0.603893,-0.023442,0.776636,0.142918,-0.613075,0.369476,-0.256106,0.608233,0.146714,-0.611691,-0.023915,0.777005,-0.374907,-0.252886,0.603893,0.449973,-0.001982,-0.000516,-0.000780,1,True,True,0.000544,-0.002690,0.002868,0.000000,0.000003,-0.000012,0.000000,0.000003,-0.000012,0.000000,0.000003,-0.000012,0.000000,0.000000,0.000003,-0.000012,True,0.000000,0.000003,-0.000012,0.000000,0.000003,-0.000012,-1.365889,-1.464815,-1.442270,1.682811,-1.365459,-1.464815,-1.442270,1.682811,0.000000,0.000000,0.000000,0.000000,0.000000,0.000000,0.000000,0.000000,-1449.255249,331.414337,874.442810,1322.467041,True,velocity,0.449973,0.449931,0.000000,0.000000,16.755826,False,0.142131,0.141257,0.050616,0.050725,-2.751411,-2.751444,0.000034,2.741903,2.742009,-0.000106,167.000000
12.97250809398247,-0.002300,1.322632,-1.709576,1.317016,0.004175,0.001798,-0.004013,-0.002690,1.326523,1.712319,1.306980,-0.010506,-0.004086,0.005304,-0.023442,0.776636,0.142918,-0.613075,0.369476,-0.256106,0.608233,0.146714,-0.611691,-0.023915,0.777005,-0.374907,-0.252886,0.603893,-0.023442,0.776636,0.142918,-0.613075,0.369476,-0.256106,0.608233,0.146714,-0.611691,-0.023915,0.777005,-0.374907,-0.252886,0.603893,0.449973,-0.001981,-0.000516,-0.000780,1,True,True,0.000548,-0.002664,0.002850,0.000000,0.000003,-0.000011,0.000000,0.000003,-0.000012,0.000000,0.000003,-0.000012,0.000000,0.000000,0.000003,-0.000011,True,0.000000,0.000003,-0.000012,0.000000,0.000003,-0.000012,-1.365459,-1.464815,-1.442270,1.682772,-1.365459,-1.464815,-1.442270,1.682849,0.000000,0.000000,0.000000,0.000000,0.000000,0.000000,0.000000,0.000000,-1449.255249,331.414337,874.442810,1322.467041,True,velocity,0.449973,0.449931,0.000000,0.000000,16.788467,False,0.142131,0.141257,0.050616,0.050725,-2.751411,-2.751444,0.000034,2.741903,2.742009,-0.000106,167.000000
13.007196797989309,-0.002300,1.322632,-1.709576,1.317016,0.004175,0.001798,-0.004013,-0.002690,1.326523,1.712319,1.306980,-0.010505,-0.004086,0.005304,-0.023442,0.776636,0.142918,-0.613075,0.369476,-0.256106,0.608233,0.146714,-0.611691,-0.023915,0.777005,-0.374907,-0.252886,0.603893,-0.023442,0.776636,0.142918,-0.613075,0.369476,-0.256106,0.608233,0.146714,-0.611691,-0.023915,0.777005,-0.374907,-0.252886,0.603893,0.449973,-0.001981,-0.000516,-0.000781,1,True,True,0.000548,-0.002664,0.002850,0.000000,0.000003,-0.000011,0.000000,0.000003,-0.000012,0.000000,0.000003,-0.000012,0.000000,0.000000,0.000003,-0.000011,True,0.000000,0.000003,-0.000012,0.000000,0.000003,-0.000012,-1.365459,-1.464815,-1.442270,1.682811,-1.365247,-1.464815,-1.442270,1.682811,0.000000,0.000000,0.000000,0.000000,0.000000,0.000000,0.000000,0.000000,-1449.255249,331.414337,874.442810,1322.467041,True,velocity,0.449973,0.449931,0.000000,0.000000,16.822480,False,0.142131,0.141257,0.050616,0.050725,-2.751411,-2.751444,0.000034,2.741903,2.742009,-0.000106,167.000000
13.040179881994845,-0.002299,1.322632,-1.709576,1.317017,0.004176,0.001798,-0.004014,-0.002689,1.326523,1.712318,1.306980,-0.010505,-0.004086,0.005304,-0.023442,0.776636,0.142918,-0.613075,0.369476,-0.256106,0.608233,0.146714,-0.611691,-0.023915,0.777005,-0.374907,-0.252886,0.603893,-0.023442,0.776636,0.142918,-0.613075,0.369476,-0.256106,0.608233,0.146714,-0.611691,-0.023915,0.777005,-0.374907,-0.252886,0.603893,0.449973,-0.001981,-0.000516,-0.000781,1,True,True,0.000533,-0.002649,0.002858,0.000000,0.000003,-0.000011,0.000000,0.000003,-0.000012,0.000000,0.000003,-0.000012,0.000000,0.000000,0.000003,-0.000011,True,0.000000,0.000003,-0.000012,0.000000,0.000003,-0.000012,-1.365247,-1.464815,-1.442270,1.682811,-1.365247,-1.464815,-1.442269,1.682849,0.000000,0.000000,0.000000,0.000000,0.000000,0.000000,0.000000,0.000000,-1449.255249,331.414337,874.442810,1322.467041,True,velocity,0.449973,0.449931,0.000000,0.000000,16.855925,False,0.142131,0.141257,0.050616,0.050725,-2.751411,-2.751444,0.000034,2.741903,2.742009,-0.000106,167.000000
13.077089944999898,-0.002299,1.322633,-1.709577,1.317018,0.004176,0.001798,-0.004014,-0.002689,1.326522,1.712318,1.306979,-0.010505,-0.004086,0.005304,-0.023442,0.776636,0.142918,-0.613075,0.369476,-0.256106,0.608233,0.146714,-0.611691,-0.023915,0.777005,-0.374907,-0.252886,0.603893,-0.023442,0.776636,0.142918,-0.613075,0.369476,-0.256106,0.608233,0.146714,-0.611691,-0.023915,0.777005,-0.374907,-0.252886,0.603893,0.449973,-0.001981,-0.000516,-0.000781,1,True,True,0.000545,-0.002617,0.002854,0.000000,0.000003,-0.000011,0.000000,0.000003,-0.000012,0.000000,0.000003,-0.000012,0.000000,0.000000,0.000003,-0.000011,True,0.000000,0.000003,-0.000012,0.000000,0.000003,-0.000012,-1.365677,-1.464815,-1.442270,1.682849,-1.365889,-1.464815,-1.442269,1.682849,0.000000,0.000000,0.000000,0.000000,0.000000,0.000000,0.000000,0.000000,-1449.255249,331.414337,874.442810,1322.467041,True,velocity,0.449973,0.449931,0.000000,0.000000,16.892985,False,0.142131,0.141257,0.050616,0.050725,-2.751411,-2.751444,0.000034,2.741903,2.742009,-0.000106,167.000000
13.107248839980457,-0.002298,1.322633,-1.709577,1.317018,0.004176,0.001799,-0.004014,-0.002689,1.326522,1.712318,1.306979,-0.010505,-0.004085,0.005304,-0.023442,0.776636,0.142918,-0.613075,0.369476,-0.256106,0.608233,0.146714,-0.611691,-0.023915,0.777005,-0.374907,-0.252886,0.603893,-0.023442,0.776636,0.142918,-0.613075,0.369476,-0.256106,0.608233,0.146714,-0.611691,-0.023915,0.777005,-0.374907,-0.252886,0.603893,0.449973,-0.001981,-0.000516,-0.000782,1,True,True,0.000545,-0.002617,0.002853,0.000000,0.000003,-0.000011,0.000000,0.000003,-0.000012,0.000000,0.000003,-0.000012,0.000000,0.000000,0.000003,-0.000011,True,0.000000,0.000003,-0.000012,0.000000,0.000003,-0.000012,-1.365247,-1.465177,-1.442269,1.682811,-1.365247,-1.465177,-1.442270,1.682811,0.000000,0.000000,0.000000,0.000000,0.000000,0.000000,0.000000,0.000000,-1449.255249,331.414337,874.442810,1322.467041,True,velocity,0.449973,0.449931,0.000000,0.000000,16.923195,False,0.142131,0.141257,0.050616,0.050725,-2.751411,-2.751444,0.000034,2.741903,2.742009,-0.000106,167.000000
