# refresh_posture_target=True,arm_posture_cost=0.001,"arm_posture_cost_overrides={'left_arm_joint7': 0.003, 'right_arm_joint7': 0.003}",ee_position_cost=1.0,ee_orientation_cost=0.5,redundancy_resolution=dls_projector,dls_damping=0.05,nullspace_swivel_weight=1.0,elbow_swivel_gain=1.0,elbow_swivel_targets={},nullspace_continuity_weight=0.0,nullspace_posture_weight=1.0,enable_manipulability=False,manipulability_weight=0.5
# control_hz=30.0,enable_base_motion=True,base_max_lin_vel=0.25,base_max_ang_vel=0.6,base_vel_deadband=0.04,enable_lift_motion=True,lift_kp=2.0,lift_kd=0.05,lift_derivative_tau=0.1,lift_velocity_deadband_m=0.005,lift_max_velocity_m_s=0.05,lift_feedback_max_age_s=0.5,use_measured_lift=True,use_measured_arm_state=False,"base_pid=base_pid_hybrid.json [drive p=0.35 ff=0.23, steer p=2 out=+/-1, scale=1.068]",base_heading_rate_limit=3.49,base_yaw_deadband=0.02
t,left_q0,left_q1,left_q2,left_q3,left_q4,left_q5,left_q6,right_q0,right_q1,right_q2,right_q3,right_q4,right_q5,right_q6,left_target_ee_0,left_target_ee_1,left_target_ee_2,left_target_ee_3,left_target_ee_4,left_target_ee_5,left_target_ee_6,right_target_ee_0,right_target_ee_1,right_target_ee_2,right_target_ee_3,right_target_ee_4,right_target_ee_5,right_target_ee_6,left_actual_ee_0,left_actual_ee_1,left_actual_ee_2,left_actual_ee_3,left_actual_ee_4,left_actual_ee_5,left_actual_ee_6,right_actual_ee_0,right_actual_ee_1,right_actual_ee_2,right_actual_ee_3,right_actual_ee_4,right_actual_ee_5,right_actual_ee_6,lift_q,base_x,base_y,base_yaw,iters,solved,base_active,base_req_vx,base_req_vy,base_req_wz,base_body_fwd,base_body_lat,base_body_yaw,base_sent_0,base_sent_1,base_sent_2,swerve_enabled,swerve_target_0,swerve_target_1,swerve_target_2,swerve_prof_0,swerve_prof_1,swerve_prof_2,steer_cmd_FL,steer_cmd_FR,steer_cmd_RR,steer_cmd_RL,steer_meas_FL,steer_meas_FR,steer_meas_RR,steer_meas_RL,drive_cmd_FL,drive_cmd_FR,drive_cmd_RR,drive_cmd_RL,drive_meas_FL,drive_meas_FR,drive_meas_RR,drive_meas_RL,drive_pos_FL,drive_pos_FR,drive_pos_RR,drive_pos_RL,lift_active,lift_mode,lift_goal,lift_meas,lift_cmd_vel,lift_vel_est,lift_age,lift_blocked
0.013601922983070835,-0.004000,1.324000,-1.706000,1.306000,-0.007000,0.005000,-0.006000,-0.048000,1.319000,1.654000,1.353000,0.008000,0.003000,0.007000,-0.026027,0.772084,0.147766,-0.617555,0.370940,-0.255194,0.605010,0.122373,-0.612830,-0.051139,0.779005,-0.355730,-0.241423,0.600827,-0.026027,0.772084,0.147766,-0.617555,0.370940,-0.255194,0.605010,0.122373,-0.612830,-0.051139,0.779005,-0.355730,-0.241423,0.600827,0.449888,0.000000,0.000000,0.000000,1,True,True,0.000000,0.000000,0.000000,0.000000,0.000000,0.000000,0.000000,0.000000,0.000000,True,0.000000,0.000000,0.000000,0.000000,0.000000,0.000000,-0.427345,2.427685,-1.111507,2.889933,-0.427345,2.427685,-1.111507,2.889933,0.000000,0.000000,0.000000,0.000000,0.000000,0.000000,0.000000,0.000000,-510.337463,503.000427,2047.567505,-494.033752,True,velocity,0.449888,0.449888,0.000000,0.000000,3.451640,False
0.03908077598316595,-0.004000,1.324000,-1.706000,1.306000,-0.007000,0.005000,-0.006000,-0.048000,1.319000,1.654000,1.353000,0.008000,0.003000,0.007000,-0.026027,0.772084,0.147766,-0.617555,0.370940,-0.255194,0.605010,0.122373,-0.612830,-0.051139,0.779005,-0.355730,-0.241423,0.600827,-0.026027,0.772084,0.147766,-0.617555,0.370940,-0.255194,0.605010,0.122373,-0.612830,-0.051139,0.779005,-0.355730,-0.241423,0.600827,0.449888,0.000000,0.000000,0.000000,1,True,True,0.000000,0.000000,0.000000,0.000000,0.000000,0.000000,0.000000,0.000000,0.000000,True,0.000000,0.000000,0.000000,0.000000,0.000000,0.000000,-0.427461,2.427685,-1.111507,2.890499,-0.427461,2.427685,-1.111507,2.890499,0.000000,0.000000,0.000000,0.000000,0.000000,0.000000,0.000000,0.000000,-510.337463,503.000427,2047.567505,-494.033752,True,velocity,0.449888,0.449888,0.000000,0.000000,3.477350,False
0.07129395299125463,-0.004000,1.324000,-1.706000,1.306000,-0.007000,0.005000,-0.006000,-0.048000,1.319000,1.654000,1.353000,0.008000,0.003000,0.007000,-0.026027,0.772084,0.147766,-0.617555,0.370940,-0.255194,0.605010,0.122373,-0.612830,-0.051139,0.779005,-0.355730,-0.241423,0.600827,-0.026027,0.772084,0.147766,-0.617555,0.370940,-0.255194,0.605010,0.122373,-0.612830,-0.051139,0.779005,-0.355730,-0.241423,0.600827,0.449888,0.000000,0.000000,0.000000,1,True,True,0.000000,0.000000,0.000000,0.000000,0.000000,0.000000,0.000000,0.000000,0.000000,True,0.000000,0.000000,0.000000,0.000000,0.000000,0.000000,-0.427461,2.427685,-1.112082,2.890411,-0.427461,2.427685,-1.112082,2.890411,0.000000,0.000000,0.000000,0.000000,0.000000,0.000000,0.000000,0.000000,-510.337463,503.000427,2047.567505,-494.033752,True,velocity,0.449888,0.449888,0.000000,0.000000,3.509564,False
0.10622034000698477,-0.004000,1.324000,-1.706000,1.306000,-0.007000,0.005000,-0.006000,-0.048000,1.319000,1.654000,1.353000,0.008000,0.003000,0.007000,-0.026027,0.772084,0.147766,-0.617555,0.370940,-0.255194,0.605010,0.122373,-0.612830,-0.051139,0.779005,-0.355730,-0.241423,0.600827,-0.026027,0.772084,0.147766,-0.617555,0.370940,-0.255194,0.605010,0.122373,-0.612830,-0.051139,0.779005,-0.355730,-0.241423,0.600827,0.449888,0.000000,0.000000,0.000000,1,True,True,0.000000,0.000000,0.000000,0.000000,0.000000,0.000000,0.000000,0.000000,0.000000,True,0.000000,0.000000,0.000000,0.000000,0.000000,0.000000,-0.427578,2.427751,-1.111539,2.890499,-0.427578,2.427685,-1.111539,2.890499,0.000000,0.000000,0.000000,0.000000,0.000000,0.000000,0.000000,0.000000,-510.337463,503.000427,2047.567505,-494.033752,True,velocity,0.449888,0.449888,0.000000,0.000000,3.544480,False
0.1387155530101154,-0.004000,1.324000,-1.706000,1.306000,-0.007000,0.005000,-0.006000,-0.048000,1.319000,1.654000,1.353000,0.008000,0.003000,0.007000,-0.026027,0.772084,0.147766,-0.617555,0.370940,-0.255194,0.605010,0.122373,-0.612830,-0.051139,0.779005,-0.355730,-0.241423,0.600827,-0.026027,0.772084,0.147766,-0.617555,0.370940,-0.255194,0.605010,0.122373,-0.612830,-0.051139,0.779005,-0.355730,-0.241423,0.600827,0.449888,0.000000,0.000000,0.000000,1,True,True,0.000000,0.000000,0.000000,0.000000,0.000000,0.000000,0.000000,0.000000,0.000000,True,0.000000,0.000000,0.000000,0.000000,0.000000,0.000000,-0.427578,2.427751,-1.111507,2.889846,-0.427578,2.427751,-1.111507,2.889846,0.000000,0.000000,0.000000,0.000000,0.000000,0.000000,0.000000,0.000000,-510.337463,503.000427,2047.567505,-494.033752,True,velocity,0.449888,0.449888,0.000000,0.000000,3.576818,False
0.17182766998303123,-0.004000,1.324000,-1.706000,1.306000,-0.007000,0.005000,-0.006000,-0.048000,1.319000,1.654000,1.353000,0.008000,0.003000,0.007000,-0.026027,0.772084,0.147766,-0.617555,0.370940,-0.255194,0.605010,0.122373,-0.612830,-0.051139,0.779005,-0.355730,-0.241423,0.600827,-0.026027,0.772084,0.147766,-0.617555,0.370940,-0.255194,0.605010,0.122373,-0.612830,-0.051139,0.779005,-0.355730,-0.241423,0.600827,0.449888,0.000000,0.000000,0.000000,1,True,True,0.000000,0.000000,0.000000,0.000000,0.000000,0.000000,0.000000,0.000000,0.000000,True,0.000000,0.000000,0.000000,0.000000,0.000000,0.000000,-0.427578,2.427685,-1.112115,2.889846,-0.427578,2.427685,-1.111473,2.890411,0.000000,0.000000,0.000000,0.000000,0.000000,0.000000,0.000000,0.000000,-510.337463,503.000427,2047.567505,-494.033752,True,velocity,0.449888,0.449888,0.000000,0.000000,3.610017,False
0.2052280450006947,-0.004000,1.324000,-1.706000,1.306000,-0.007000,0.005000,-0.006000,-0.048000,1.319000,1.654000,1.353000,0.008000,0.003000,0.007000,-0.026027,0.772084,0.147766,-0.617555,0.370940,-0.255194,0.605010,0.122373,-0.612830,-0.051139,0.779005,-0.355730,-0.241423,0.600827,-0.026027,0.772084,0.147766,-0.617555,0.370940,-0.255194,0.605010,0.122373,-0.612830,-0.051139,0.779005,-0.355730,-0.241423,0.600827,0.449888,0.000000,0.000000,0.000000,1,True,True,0.000000,0.000000,0.000000,0.000000,0.000000,0.000000,0.000000,0.000000,0.000000,True,0.000000,0.000000,0.000000,0.000000,0.000000,0.000000,-0.427578,2.427751,-1.111507,2.889846,-0.427578,2.427685,-1.111539,2.889846,0.000000,0.000000,0.000000,0.000000,0.000000,0.000000,0.000000,0.000000,-510.337463,503.000427,2047.567505,-494.033752,True,velocity,0.449888,0.449888,0.000000,0.000000,3.643435,False
0.23993137798970565,-0.004000,1.324000,-1.706000,1.306000,-0.007000,0.005000,-0.006000,-0.048000,1.319000,1.654000,1.353000,0.008000,0.003000,0.007000,-0.026027,0.772084,0.147766,-0.617555,0.370940,-0.255194,0.605010,0.122373,-0.612830,-0.051139,0.779005,-0.355730,-0.241423,0.600827,-0.026027,0.772084,0.147766,-0.617555,0.370940,-0.255194,0.605010,0.122373,-0.612830,-0.051139,0.779005,-0.355730,-0.241423,0.600827,0.449888,0.000000,0.000000,0.000000,1,True,True,0.000000,0.000000,0.000000,0.000000,0.000000,0.000000,0.000000,0.000000,0.000000,True,0.000000,0.000000,0.000000,0.000000,0.000000,0.000000,-0.427578,2.427751,-1.111473,2.890499,-0.427578,2.427751,-1.111473,2.890499,0.000000,0.000000,0.000000,0.000000,0.000000,0.000000,0.000000,0.000000,-510.337463,503.000427,2047.567505,-494.033752,True,velocity,0.449888,0.449888,0.000000,0.000000,3.678027,False
0.27197944399085827,-0.004000,1.324000,-1.706000,1.306000,-0.007000,0.005000,-0.006000,-0.048000,1.319000,1.654000,1.353000,0.008000,0.003000,0.007000,-0.026027,0.772084,0.147766,-0.617555,0.370940,-0.255194,0.605010,0.122373,-0.612830,-0.051139,0.779005,-0.355730,-0.241423,0.600827,-0.026027,0.772084,0.147766,-0.617555,0.370940,-0.255194,0.605010,0.122373,-0.612830,-0.051139,0.779005,-0.355730,-0.241423,0.600827,0.449888,0.000000,0.000000,0.000000,1,True,True,0.000000,0.000000,0.000000,0.000000,0.000000,0.000000,0.000000,0.000000,0.000000,True,0.000000,0.000000,0.000000,0.000000,0.000000,0.000000,-0.427345,2.427685,-1.111473,2.890499,-0.427345,2.427685,-1.111473,2.890499,0.000000,0.000000,0.000000,0.000000,0.000000,0.000000,0.000000,0.000000,-510.337463,503.000427,2047.567505,-494.033752,True,velocity,0.449888,0.449888,0.000000,0.000000,3.710247,False
0.30602057598298416,-0.004000,1.324000,-1.706000,1.306000,-0.007000,0.005000,-0.006000,-0.048000,1.319000,1.654000,1.353000,0.008000,0.003000,0.007000,-0.026027,0.772084,0.147766,-0.617555,0.370940,-0.255194,0.605010,0.122373,-0.612830,-0.051139,0.779005,-0.355730,-0.241423,0.600827,-0.026027,0.772084,0.147766,-0.617555,0.370940,-0.255194,0.605010,0.122373,-0.612830,-0.051139,0.779005,-0.355730,-0.241423,0.600827,0.449888,0.000000,0.000000,0.000000,1,True,True,0.000000,0.000000,0.000000,0.000000,0.000000,0.000000,0.000000,0.000000,0.000000,True,0.000000,0.000000,0.000000,0.000000,0.000000,0.000000,-0.427461,2.427685,-1.111473,2.890499,-0.427461,2.427685,-1.111473,2.890499,0.000000,0.000000,0.000000,0.000000,0.000000,0.000000,0.000000,0.000000,-510.337463,503.000427,2047.567505,-494.033752,True,velocity,0.449888,0.449888,0.000000,0.000000,3.744298,False
0.3393878029892221,-0.004000,1.324000,-1.706000,1.306000,-0.007000,0.005000,-0.006000,-0.048000,1.319000,1.654000,1.353000,0.008000,0.003000,0.007000,-0.026027,0.772084,0.147766,-0.617555,0.370940,-0.255194,0.605010,0.122373,-0.612830,-0.051139,0.779005,-0.355730,-0.241423,0.600827,-0.026027,0.772084,0.147766,-0.617555,0.370940,-0.255194,0.605010,0.122373,-0.612830,-0.051139,0.779005,-0.355730,-0.241423,0.600827,0.449888,0.000000,0.000000,0.000000,1,True,True,0.000000,0.000000,0.000000,0.000000,0.000000,0.000000,0.000000,0.000000,0.000000,True,0.000000,0.000000,0.000000,0.000000,0.000000,0.000000,-0.427345,2.427685,-1.111473,2.890586,-0.427345,2.427685,-1.111473,2.890499,0.000000,0.000000,0.000000,0.000000,0.000000,0.000000,0.000000,0.000000,-510.337463,503.000427,2047.567505,-494.033752,True,velocity,0.449888,0.449888,0.000000,0.000000,3.777610,False
0.37268269699416123,-0.004000,1.324000,-1.706000,1.306000,-0.007000,0.005000,-0.006000,-0.048000,1.319000,1.654000,1.353000,0.008000,0.003000,0.007000,-0.026027,0.772084,0.147766,-0.617555,0.370940,-0.255194,0.605010,0.122373,-0.612830,-0.051139,0.779005,-0.355730,-0.241423,0.600827,-0.026027,0.772084,0.147766,-0.617555,0.370940,-0.255194,0.605010,0.122373,-0.612830,-0.051139,0.779005,-0.355730,-0.241423,0.600827,0.449888,0.000000,0.000000,0.000000,1,True,True,0.000000,0.000000,0.000000,0.000000,0.000000,0.000000,0.000000,0.000000,0.000000,True,0.000000,0.000000,0.000000,0.000000,0.000000,0.000000,-0.427987,2.427685,-1.111507,2.890411,-0.427345,2.427685,-1.111507,2.890411,0.000000,0.000000,0.000000,0.000000,0.000000,0.000000,0.000000,0.000000,-510.337463,503.000427,2047.567505,-494.033752,True,velocity,0.449888,0.449888,0.000000,0.000000,3.810797,False
0.4057341289881151,-0.004000,1.324000,-1.706000,1.306000,-0.007000,0.005000,-0.006000,-0.048000,1.319000,1.654000,1.353000,0.008000,0.003000,0.007000,-0.026027,0.772084,0.147766,-0.617555,0.370940,-0.255194,0.605010,0.122373,-0.612830,-0.051139,0.779005,-0.355730,-0.241423,0.600827,-0.026027,0.772084,0.147766,-0.617555,0.370940,-0.255194,0.605010,0.122373,-0.612830,-0.051139,0.779005,-0.355730,-0.241423,0.600827,0.449888,0.000000,0.000000,0.000000,1,True,True,0.000000,0.000000,0.000000,0.000000,0.000000,0.000000,0.000000,0.000000,0.000000,True,0.000000,0.000000,0.000000,0.000000,0.000000,0.000000,-0.427345,2.427685,-1.111507,2.889846,-0.427345,2.427685,-1.111507,2.889846,0.000000,0.000000,0.000000,0.000000,0.000000,0.000000,0.000000,0.000000,-510.337463,503.000427,2047.567505,-494.033752,True,velocity,0.449888,0.449888,0.000000,0.000000,3.843952,False
0.4400778519921005,-0.004000,1.324000,-1.706000,1.306000,-0.007000,0.005000,-0.006000,-0.048000,1.319000,1.654000,1.353000,0.008000,0.003000,0.007000,-0.026027,0.772084,0.147766,-0.617555,0.370940,-0.255194,0.605010,0.122373,-0.612830,-0.051139,0.779005,-0.355730,-0.241423,0.600827,-0.026027,0.772084,0.147766,-0.617555,0.370940,-0.255194,0.605010,0.122373,-0.612830,-0.051139,0.779005,-0.355730,-0.241423,0.600827,0.449888,0.000000,0.000000,0.000000,1,True,True,0.000000,0.000000,0.000000,0.000000,0.000000,0.000000,0.000000,0.000000,0.000000,True,0.000000,0.000000,0.000000,0.000000,0.000000,0.000000,-0.427461,2.427685,-1.112115,2.883970,-0.427461,2.427685,-1.111473,2.883970,0.000000,0.000000,0.000000,0.000000,0.000000,0.000000,0.000000,-0.000071,-510.337463,503.000427,2047.567505,-494.033905,True,velocity,0.449888,0.449888,0.000000,0.000000,3.878330,False
0.48858564399415627,-0.004000,1.324000,-1.706000,1.306000,-0.007000,0.005000,-0.006000,-0.048000,1.319000,1.654000,1.353000,0.008000,0.003000,0.007000,-0.026027,0.772084,0.147766,-0.617555,0.370940,-0.255194,0.605010,0.122373,-0.612830,-0.051139,0.779005,-0.355730,-0.241423,0.600827,-0.026027,0.772084,0.147766,-0.617555,0.370940,-0.255194,0.605010,0.122373,-0.612830,-0.051139,0.779005,-0.355730,-0.241423,0.600827,0.449888,0.000000,0.000000,0.000000,1,True,True,0.000000,0.000000,0.000000,0.000000,0.000000,0.000000,0.000000,0.000000,0.000000,True,0.000000,0.000000,0.000000,0.000000,0.000000,0.000000,-0.427461,2.427685,-1.111507,2.889846,-0.427461,2.427751,-1.111507,2.889846,0.000000,0.000000,0.000000,0.000000,0.000000,0.000000,0.000000,-0.000071,-510.337463,503.000427,2047.567505,-494.033905,True,velocity,0.449888,0.449888,0.000000,0.000000,3.915831,False
0.5662909589882474,-0.004000,1.324000,-1.706000,1.306000,-0.007000,0.005000,-0.006000,-0.048000,1.319000,1.654000,1.353000,0.008000,0.003000,0.007000,-0.026027,0.772084,0.147766,-0.617555,0.370940,-0.255194,0.605010,0.122373,-0.612830,-0.051139,0.779005,-0.355730,-0.241423,0.600827,-0.026027,0.772084,0.147766,-0.617555,0.370940,-0.255194,0.605010,0.122373,-0.612830,-0.051139,0.779005,-0.355730,-0.241423,0.600827,0.449888,0.000000,0.000000,0.000000,1,True,True,0.000000,0.000000,0.000000,0.000000,0.000000,0.000000,0.000000,0.000000,0.000000,True,0.000000,0.000000,0.000000,0.000000,0.000000,0.000000,-0.427345,2.427751,-1.111473,2.883970,-0.427345,2.427751,-1.111473,2.883970,0.000000,0.000000,0.000000,0.000000,0.000000,0.000000,0.000000,0.000000,-510.337463,503.000427,2047.567505,-494.033905,True,velocity,0.449888,0.449888,0.000000,0.000000,4.004521,False
0.5844618070113938,-0.004000,1.324000,-1.706000,1.306000,-0.007000,0.005000,-0.006000,-0.048000,1.319000,1.654000,1.353000,0.008000,0.003000,0.007000,-0.026027,0.772084,0.147766,-0.617555,0.370940,-0.255194,0.605010,0.122373,-0.612830,-0.051139,0.779005,-0.355730,-0.241423,0.600827,-0.026027,0.772084,0.147766,-0.617555,0.370940,-0.255194,0.605010,0.122373,-0.612830,-0.051139,0.779005,-0.355730,-0.241423,0.600827,0.449888,0.000000,0.000000,0.000000,1,True,True,0.000000,0.000000,0.000000,0.000000,0.000000,0.000000,0.000000,0.000000,0.000000,True,0.000000,0.000000,0.000000,0.000000,0.000000,0.000000,-0.427345,2.427751,-1.111473,2.889758,-0.427345,2.427685,-1.111473,2.889758,0.000000,0.000000,0.000000,0.000000,0.000000,0.000000,0.000000,0.000000,-510.337463,503.000427,2047.567505,-494.033905,True,velocity,0.449888,0.449888,0.000000,0.000000,4.019831,False
0.6152322299894877,-0.004000,1.324000,-1.706000,1.306000,-0.007000,0.005000,-0.006000,-0.048000,1.319000,1.654000,1.353000,0.008000,0.003000,0.007000,-0.026027,0.772084,0.147766,-0.617555,0.370940,-0.255194,0.605010,0.122373,-0.612830,-0.051139,0.779005,-0.355730,-0.241423,0.600827,-0.026027,0.772084,0.147766,-0.617555,0.370940,-0.255194,0.605010,0.122373,-0.612830,-0.051139,0.779005,-0.355730,-0.241423,0.600827,0.449888,0.000000,0.000000,0.000000,1,True,True,0.000000,0.000000,0.000000,0.000000,0.000000,0.000000,0.000000,0.000000,0.000000,True,0.000000,0.000000,0.000000,0.000000,0.000000,0.000000,-0.427987,2.427751,-1.111507,2.884536,-0.427987,2.427751,-1.111507,2.884536,0.000000,0.000000,0.000000,0.000000,0.000000,0.000000,0.000000,0.000000,-510.337463,503.000427,2047.567505,-494.033905,True,velocity,0.449888,0.449888,0.000000,0.000000,4.053260,False
0.6406171210110188,-0.004000,1.324000,-1.706000,1.306000,-0.007000,0.005000,-0.006000,-0.048000,1.319000,1.654000,1.353000,0.008000,0.003000,0.007000,-0.026027,0.772084,0.147766,-0.617555,0.370940,-0.255194,0.605010,0.122373,-0.612830,-0.051139,0.779005,-0.355730,-0.241423,0.600827,-0.026027,0.772084,0.147766,-0.617555,0.370940,-0.255194,0.605010,0.122373,-0.612830,-0.051139,0.779005,-0.355730,-0.241423,0.600827,0.449888,0.000000,0.000000,0.000000,1,True,True,0.000000,0.000000,0.000000,0.000000,0.000000,0.000000,0.000000,0.000000,0.000000,True,0.000000,0.000000,0.000000,0.000000,0.000000,0.000000,-0.427229,2.427751,-1.111473,2.889758,-0.427229,2.427619,-1.111507,2.889846,0.000000,0.000000,0.000000,0.000000,0.000000,0.000000,0.000000,0.000000,-510.337463,503.000427,2047.567505,-494.033905,True,velocity,0.449888,0.449888,0.000000,0.000000,4.078637,False
0.6715353589970618,-0.004000,1.324000,-1.706000,1.306000,-0.007000,0.005000,-0.006000,-0.048000,1.319000,1.654000,1.353000,0.008000,0.003000,0.007000,-0.026027,0.772084,0.147766,-0.617555,0.370940,-0.255194,0.605010,0.122373,-0.612830,-0.051139,0.779005,-0.355730,-0.241423,0.600827,-0.026027,0.772084,0.147766,-0.617555,0.370940,-0.255194,0.605010,0.122373,-0.612830,-0.051139,0.779005,-0.355730,-0.241423,0.600827,0.449888,0.000000,0.000000,0.000000,1,True,True,0.000000,0.000000,0.000000,0.000000,0.000000,0.000000,0.000000,0.000000,0.000000,True,0.000000,0.000000,0.000000,0.000000,0.000000,0.000000,-0.427870,2.427619,-1.111507,2.889846,-0.427870,2.427619,-1.111507,2.890499,0.000000,0.000000,0.000000,0.000000,0.000000,0.000000,0.000000,0.000000,-510.337463,503.000427,2047.567505,-494.033905,True,velocity,0.449888,0.449888,0.000000,0.000000,4.109809,False
0.7060202670108993,-0.004000,1.324000,-1.706000,1.306000,-0.007000,0.005000,-0.006000,-0.048000,1.319000,1.654000,1.353000,0.008000,0.003000,0.007000,-0.026027,0.772084,0.147766,-0.617555,0.370940,-0.255194,0.605010,0.122373,-0.612830,-0.051139,0.779005,-0.355730,-0.241423,0.600827,-0.026027,0.772084,0.147766,-0.617555,0.370940,-0.255194,0.605010,0.122373,-0.612830,-0.051139,0.779005,-0.355730,-0.241423,0.600827,0.449888,0.000000,0.000000,0.000000,1,True,True,0.000000,0.000000,0.000000,0.000000,0.000000,0.000000,0.000000,0.000000,0.000000,True,0.000000,0.000000,0.000000,0.000000,0.000000,0.000000,-0.427345,2.427619,-1.112115,2.889846,-0.427345,2.427619,-1.111539,2.883884,0.000000,0.000000,0.000000,0.000000,0.000000,0.000000,0.000000,0.000000,-510.337463,503.000427,2047.567505,-494.033905,True,velocity,0.449888,0.449888,0.000000,0.000000,4.142971,False
0.7409137839858886,-0.004000,1.324000,-1.706000,1.306000,-0.007000,0.005000,-0.006000,-0.048000,1.319000,1.654000,1.353000,0.008000,0.003000,0.007000,-0.026027,0.772084,0.147766,-0.617555,0.370940,-0.255194,0.605010,0.122373,-0.612830,-0.051139,0.779005,-0.355730,-0.241423,0.600827,-0.026027,0.772084,0.147766,-0.617555,0.370940,-0.255194,0.605010,0.122373,-0.612830,-0.051139,0.779005,-0.355730,-0.241423,0.600827,0.449888,0.000000,0.000000,0.000000,1,True,True,0.000000,0.000000,0.000000,0.000000,0.000000,0.000000,0.000000,0.000000,0.000000,True,0.000000,0.000000,0.000000,0.000000,0.000000,0.000000,-0.427870,2.427685,-1.111539,2.889846,-0.427987,2.427685,-1.111539,2.889758,0.000000,0.000000,0.000000,0.000000,0.000000,0.000000,0.000000,0.000000,-510.337463,503.000427,2047.567505,-494.033905,True,velocity,0.449888,0.449888,0.000000,0.000000,4.179035,False
0.7727263690030668,-0.004000,1.324000,-1.706000,1.306000,-0.007000,0.005000,-0.006000,-0.048000,1.319000,1.654000,1.353000,0.008000,0.003000,0.007000,-0.026027,0.772084,0.147766,-0.617555,0.370940,-0.255194,0.605010,0.122373,-0.612830,-0.051139,0.779005,-0.355730,-0.241423,0.600827,-0.026027,0.772084,0.147766,-0.617555,0.370940,-0.255194,0.605010,0.122373,-0.612830,-0.051139,0.779005,-0.355730,-0.241423,0.600827,0.449888,0.000000,0.000000,0.000000,1,True,True,0.000000,0.000000,0.000000,0.000000,0.000000,0.000000,0.000000,0.000000,0.000000,True,0.000000,0.000000,0.000000,0.000000,0.000000,0.000000,-0.427870,2.427685,-1.111507,2.890499,-0.427870,2.427685,-1.111507,2.890499,0.000000,0.000000,0.000000,0.000000,0.000000,0.000000,0.000000,0.000000,-510.337463,503.000427,2047.567505,-494.033905,True,velocity,0.449888,0.449888,0.000000,0.000000,4.210851,False
0.80575828300789,-0.004000,1.324000,-1.706000,1.306000,-0.007000,0.005000,-0.006000,-0.048000,1.319000,1.654000,1.353000,0.008000,0.003000,0.007000,-0.026027,0.772084,0.147766,-0.617555,0.370940,-0.255194,0.605010,0.122373,-0.612830,-0.051139,0.779005,-0.355730,-0.241423,0.600827,-0.026027,0.772084,0.147766,-0.617555,0.370940,-0.255194,0.605010,0.122373,-0.612830,-0.051139,0.779005,-0.355730,-0.241423,0.600827,0.449888,0.000000,0.000000,0.000000,1,True,True,0.000000,0.000000,0.000000,0.000000,0.000000,0.000000,0.000000,0.000000,0.000000,True,0.000000,0.000000,0.000000,0.000000,0.000000,0.000000,-0.427870,2.427685,-1.111473,2.889846,-0.427870,2.427685,-1.111473,2.889846,0.000000,0.000000,0.000000,0.000000,0.000000,0.000000,0.000000,0.000000,-510.337463,503.000427,2047.567505,-494.033905,True,velocity,0.449888,0.449888,0.000000,0.000000,4.243751,False
0.839163472992368,-0.004000,1.324000,-1.706000,1.306000,-0.007000,0.005000,-0.006000,-0.048000,1.319000,1.654000,1.353000,0.008000,0.003000,0.007000,-0.026027,0.772084,0.147766,-0.617555,0.370940,-0.255194,0.605010,0.122373,-0.612830,-0.051139,0.779005,-0.355730,-0.241423,0.600827,-0.026027,0.772084,0.147766,-0.617555,0.370940,-0.255194,0.605010,0.122373,-0.612830,-0.051139,0.779005,-0.355730,-0.241423,0.600827,0.449888,0.000000,0.000000,0.000000,1,True,True,0.000000,0.000000,0.000000,0.000000,0.000000,0.000000,0.000000,0.000000,0.000000,True,0.000000,0.000000,0.000000,0.000000,0.000000,0.000000,-0.427870,2.427685,-1.111507,2.884057,-0.427870,2.427685,-1.111507,2.883970,0.000000,0.000000,0.000000,0.000000,0.000000,0.000000,0.000000,0.000000,-510.337463,503.000427,2047.567505,-494.033905,True,velocity,0.449888,0.449888,0.000000,0.000000,4.277434,False
0.8714384640043136,-0.004000,1.324000,-1.706000,1.306000,-0.007000,0.005000,-0.006000,-0.048000,1.319000,1.654000,1.353000,0.008000,0.003000,0.007000,-0.026027,0.772084,0.147766,-0.617555,0.370940,-0.255194,0.605010,0.122373,-0.612830,-0.051139,0.779005,-0.355730,-0.241423,0.600827,-0.026027,0.772084,0.147766,-0.617555,0.370940,-0.255194,0.605010,0.122373,-0.612830,-0.051139,0.779005,-0.355730,-0.241423,0.600827,0.449888,0.000000,0.000000,0.000000,1,True,True,0.000000,0.000000,0.000000,0.000000,0.000000,0.000000,0.000000,0.000000,0.000000,True,0.000000,0.000000,0.000000,0.000000,0.000000,0.000000,-0.427870,2.427685,-1.111507,2.890411,-0.427870,2.427685,-1.111507,2.890411,0.000000,0.000000,0.000000,0.000000,0.000000,0.000000,0.000000,0.000000,-510.337463,503.000427,2047.567505,-494.033905,True,velocity,0.449888,0.449888,0.000000,0.000000,4.309702,False
0.9053601339983288,-0.004000,1.324000,-1.706000,1.306000,-0.007000,0.005000,-0.006000,-0.048000,1.319000,1.654000,1.353000,0.008000,0.003000,0.007000,-0.026027,0.772084,0.147766,-0.617555,0.370940,-0.255194,0.605010,0.122373,-0.612830,-0.051139,0.779005,-0.355730,-0.241423,0.600827,-0.026027,0.772084,0.147766,-0.617555,0.370940,-0.255194,0.605010,0.122373,-0.612830,-0.051139,0.779005,-0.355730,-0.241423,0.600827,0.449888,0.000000,0.000000,0.000000,1,True,True,0.000000,0.000000,0.000000,0.000000,0.000000,0.000000,0.000000,0.000000,0.000000,True,0.000000,0.000000,0.000000,0.000000,0.000000,0.000000,-0.427229,2.427685,-1.111507,2.890411,-0.427229,2.427685,-1.111507,2.890411,0.000000,0.000000,0.000000,0.000000,0.000000,0.000000,0.000000,0.000000,-510.337463,503.000427,2047.567505,-494.033905,True,velocity,0.449888,0.449888,0.000000,0.000000,4.343630,False
0.9387075460108463,-0.004000,1.324000,-1.706000,1.306000,-0.007000,0.005000,-0.006000,-0.048000,1.319000,1.654000,1.353000,0.008000,0.003000,0.007000,-0.026027,0.772084,0.147766,-0.617555,0.370940,-0.255194,0.605010,0.122373,-0.612830,-0.051139,0.779005,-0.355730,-0.241423,0.600827,-0.026027,0.772084,0.147766,-0.617555,0.370940,-0.255194,0.605010,0.122373,-0.612830,-0.051139,0.779005,-0.355730,-0.241423,0.600827,0.449888,0.000000,0.000000,0.000000,1,True,True,0.000000,0.000000,0.000000,0.000000,0.000000,0.000000,0.000000,0.000000,0.000000,True,0.000000,0.000000,0.000000,0.000000,0.000000,0.000000,-0.427345,2.427751,-1.111539,2.890411,-0.427345,2.427751,-1.111539,2.890411,0.000000,0.000000,0.000000,0.000000,0.000000,0.000000,0.000000,0.000000,-510.337463,503.000427,2047.567505,-494.033905,True,velocity,0.449888,0.449888,0.000000,0.000000,4.376586,False
0.9727784369897563,-0.004000,1.324000,-1.706000,1.306000,-0.007000,0.005000,-0.006000,-0.048000,1.319000,1.654000,1.353000,0.008000,0.003000,0.007000,-0.026027,0.772084,0.147766,-0.617555,0.370940,-0.255194,0.605010,0.122373,-0.612830,-0.051139,0.779005,-0.355730,-0.241423,0.600827,-0.026027,0.772084,0.147766,-0.617555,0.370940,-0.255194,0.605010,0.122373,-0.612830,-0.051139,0.779005,-0.355730,-0.241423,0.600827,0.449888,0.000000,0.000000,0.000000,1,True,True,0.000000,0.000000,0.000000,0.000000,0.000000,0.000000,0.000000,0.000000,0.000000,True,0.000000,0.000000,0.000000,0.000000,0.000000,0.000000,-0.427345,2.427685,-1.111507,2.890411,-0.427345,2.427685,-1.111507,2.890411,0.000000,0.000000,0.000000,0.000000,0.000000,0.000000,0.000000,0.000000,-510.337463,503.000427,2047.567505,-494.033905,True,velocity,0.449888,0.449888,0.000000,0.000000,4.411049,False
1.0051449459861033,-0.004000,1.324000,-1.706000,1.306000,-0.007000,0.005000,-0.006000,-0.048000,1.319000,1.654000,1.353000,0.008000,0.003000,0.007000,-0.026027,0.772084,0.147766,-0.617555,0.370940,-0.255194,0.605010,0.122373,-0.612830,-0.051139,0.779005,-0.355730,-0.241423,0.600827,-0.026027,0.772084,0.147766,-0.617555,0.370940,-0.255194,0.605010,0.122373,-0.612830,-0.051139,0.779005,-0.355730,-0.241423,0.600827,0.449888,0.000000,0.000000,0.000000,1,True,True,0.000000,0.000000,0.000000,0.000000,0.000000,0.000000,0.000000,0.000000,0.000000,True,0.000000,0.000000,0.000000,0.000000,0.000000,0.000000,-0.427345,2.427685,-1.111539,2.890411,-0.427461,2.427685,-1.111473,2.890411,0.000000,0.000000,0.000000,0.000000,0.000000,0.000000,0.000000,0.000000,-510.337463,503.000427,2047.567505,-494.033905,True,velocity,0.449888,0.449888,0.000000,0.000000,4.443322,False
1.040970403002575,-0.004000,1.324000,-1.706000,1.306000,-0.007000,0.005000,-0.006000,-0.048000,1.319000,1.654000,1.353000,0.008000,0.003000,0.007000,-0.026027,0.772084,0.147766,-0.617555,0.370940,-0.255194,0.605010,0.122373,-0.612830,-0.051139,0.779005,-0.355730,-0.241423,0.600827,-0.026027,0.772084,0.147766,-0.617555,0.370940,-0.255194,0.605010,0.122373,-0.612830,-0.051139,0.779005,-0.355730,-0.241423,0.600827,0.449888,0.000000,0.000000,0.000000,1,True,True,0.000000,0.000000,0.000000,0.000000,0.000000,0.000000,0.000000,0.000000,0.000000,True,0.000000,0.000000,0.000000,0.000000,0.000000,0.000000,-0.427870,2.427685,-1.111473,2.890411,-0.427870,2.427685,-1.111473,2.890411,0.000000,0.000000,0.000000,0.000000,0.000000,0.000000,0.000000,0.000000,-510.337463,503.000427,2047.567505,-494.033905,True,velocity,0.449888,0.449888,0.000000,0.000000,4.478726,False
1.0723211389849894,-0.004000,1.324000,-1.706000,1.306000,-0.007000,0.005000,-0.006000,-0.048000,1.319000,1.654000,1.353000,0.008000,0.003000,0.007000,-0.026027,0.772084,0.147766,-0.617555,0.370940,-0.255194,0.605010,0.122373,-0.612830,-0.051139,0.779005,-0.355730,-0.241423,0.600827,-0.026027,0.772084,0.147766,-0.617555,0.370940,-0.255194,0.605010,0.122373,-0.612830,-0.051139,0.779005,-0.355730,-0.241423,0.600827,0.449888,0.000000,0.000000,0.000000,1,True,True,0.000000,0.000000,0.000000,0.000000,0.000000,0.000000,0.000000,0.000000,0.000000,True,0.000000,0.000000,0.000000,0.000000,0.000000,0.000000,-0.427345,2.427751,-1.111507,2.890411,-0.427345,2.427751,-1.111507,2.890411,0.000000,0.000000,0.000000,0.000000,0.000000,0.000000,0.000000,0.000000,-510.337463,503.000427,2047.567505,-494.033905,True,velocity,0.449888,0.449888,0.000000,0.000000,4.510588,False
1.106298049009638,-0.004000,1.324000,-1.706000,1.306000,-0.007000,0.005000,-0.006000,-0.048000,1.319000,1.654000,1.353000,0.008000,0.003000,0.007000,-0.026027,0.772084,0.147766,-0.617555,0.370940,-0.255194,0.605010,0.122373,-0.612830,-0.051139,0.779005,-0.355730,-0.241423,0.600827,-0.026027,0.772084,0.147766,-0.617555,0.370940,-0.255194,0.605010,0.122373,-0.612830,-0.051139,0.779005,-0.355730,-0.241423,0.600827,0.449888,0.000000,0.000000,0.000000,1,True,True,0.000000,0.000000,0.000000,0.000000,0.000000,0.000000,0.000000,0.000000,0.000000,True,0.000000,0.000000,0.000000,0.000000,0.000000,0.000000,-0.427345,2.427685,-1.112115,2.890411,-0.427345,2.427751,-1.112115,2.890411,0.000000,0.000000,0.000000,0.000000,0.000000,0.000000,0.000000,0.000000,-510.337463,503.000427,2047.567505,-494.033905,True,velocity,0.449888,0.449888,0.000000,0.000000,4.544555,False
1.139379795989953,-0.004000,1.324000,-1.706000,1.306000,-0.007000,0.005000,-0.006000,-0.048000,1.319000,1.654000,1.353000,0.008000,0.003000,0.007000,-0.026027,0.772084,0.147766,-0.617555,0.370940,-0.255194,0.605010,0.122373,-0.612830,-0.051139,0.779005,-0.355730,-0.241423,0.600827,-0.026027,0.772084,0.147766,-0.617555,0.370940,-0.255194,0.605010,0.122373,-0.612830,-0.051139,0.779005,-0.355730,-0.241423,0.600827,0.449888,0.000000,0.000000,0.000000,1,True,True,0.000000,0.000000,0.000000,0.000000,0.000000,0.000000,0.000000,0.000000,0.000000,True,0.000000,0.000000,0.000000,0.000000,0.000000,0.000000,-0.427345,2.427751,-1.111539,2.890411,-0.427345,2.427751,-1.111539,2.890411,0.000000,0.000000,0.000000,0.000000,0.000000,0.000000,0.000000,0.000000,-510.337463,503.000427,2047.567505,-494.033905,True,velocity,0.449888,0.449888,0.000000,0.000000,4.577578,False
1.1729059669887647,-0.004000,1.324000,-1.706000,1.306000,-0.007000,0.005000,-0.006000,-0.048000,1.319000,1.654000,1.353000,0.008000,0.003000,0.007000,-0.026027,0.772084,0.147766,-0.617555,0.370940,-0.255194,0.605010,0.122373,-0.612830,-0.051139,0.779005,-0.355730,-0.241423,0.600827,-0.026027,0.772084,0.147766,-0.617555,0.370940,-0.255194,0.605010,0.122373,-0.612830,-0.051139,0.779005,-0.355730,-0.241423,0.600827,0.449888,0.000000,0.000000,0.000000,1,True,True,0.000000,0.000000,0.000000,0.000000,0.000000,0.000000,0.000000,0.000000,0.000000,True,0.000000,0.000000,0.000000,0.000000,0.000000,0.000000,-0.427345,2.427751,-1.111473,2.889758,-0.427345,2.427751,-1.111473,2.890324,0.000000,0.000000,0.000000,0.000000,0.000000,0.000000,0.000000,0.000000,-510.337463,503.000427,2047.567505,-494.033905,True,velocity,0.449888,0.449888,0.000000,0.000000,4.611010,False
1.205776677990798,-0.004000,1.324000,-1.706000,1.306000,-0.007000,0.005000,-0.006000,-0.048000,1.319000,1.654000,1.353000,0.008000,0.003000,0.007000,-0.026027,0.772084,0.147766,-0.617555,0.370940,-0.255194,0.605010,0.122373,-0.612830,-0.051139,0.779005,-0.355730,-0.241423,0.600827,-0.026027,0.772084,0.147766,-0.617555,0.370940,-0.255194,0.605010,0.122373,-0.612830,-0.051139,0.779005,-0.355730,-0.241423,0.600827,0.449888,0.000000,0.000000,0.000000,1,True,True,0.000000,0.000000,0.000000,0.000000,0.000000,0.000000,0.000000,0.000000,0.000000,True,0.000000,0.000000,0.000000,0.000000,0.000000,0.000000,-0.427345,2.427751,-1.111473,2.889758,-0.427345,2.427751,-1.111473,2.889758,0.000000,0.000000,0.000000,0.000000,0.000000,0.000000,0.000000,0.000000,-510.337463,503.000427,2047.567505,-494.033905,True,velocity,0.449888,0.449888,0.000000,0.000000,4.644040,False
1.2399221420055255,-0.004000,1.324000,-1.706000,1.306000,-0.007000,0.005000,-0.006000,-0.048000,1.319000,1.654000,1.353000,0.008000,0.003000,0.007000,-0.026027,0.772084,0.147766,-0.617555,0.370940,-0.255194,0.605010,0.122373,-0.612830,-0.051139,0.779005,-0.355730,-0.241423,0.600827,-0.026027,0.772084,0.147766,-0.617555,0.370940,-0.255194,0.605010,0.122373,-0.612830,-0.051139,0.779005,-0.355730,-0.241423,0.600827,0.449888,0.000000,0.000000,0.000000,1,True,True,0.000000,0.000000,0.000000,0.000000,0.000000,0.000000,0.000000,0.000000,0.000000,True,0.000000,0.000000,0.000000,0.000000,0.000000,0.000000,-0.427870,2.427751,-1.111473,2.890324,-0.427870,2.427751,-1.111473,2.890411,0.000000,0.000000,0.000000,0.000000,0.000000,0.000000,0.000000,0.000000,-510.337463,503.000427,2047.567505,-494.033905,True,velocity,0.449888,0.449888,0.000000,0.000000,4.678198,False
1.2724963540094905,-0.004000,1.324000,-1.706000,1.306000,-0.007000,0.005000,-0.006000,-0.048000,1.319000,1.654000,1.353000,0.008000,0.003000,0.007000,-0.026027,0.772084,0.147766,-0.617555,0.370940,-0.255194,0.605010,0.122373,-0.612830,-0.051139,0.779005,-0.355730,-0.241423,0.600827,-0.026027,0.772084,0.147766,-0.617555,0.370940,-0.255194,0.605010,0.122373,-0.612830,-0.051139,0.779005,-0.355730,-0.241423,0.600827,0.449888,0.000000,0.000000,0.000000,1,True,True,0.000000,0.000000,0.000000,0.000000,0.000000,0.000000,0.000000,0.000000,0.000000,True,0.000000,0.000000,0.000000,0.000000,0.000000,0.000000,-0.427345,2.427751,-1.112148,2.890324,-0.427345,2.427751,-1.112148,2.890324,0.000000,0.000000,0.000000,0.000000,0.000000,0.000000,0.000000,0.000000,-510.337463,503.000427,2047.567505,-494.033905,True,velocity,0.449888,0.449888,0.000000,0.000000,4.710764,False
1.3067151889845263,-0.004000,1.324000,-1.706000,1.306000,-0.007000,0.005000,-0.006000,-0.048000,1.319000,1.654000,1.353000,0.008000,0.003000,0.007000,-0.026027,0.772084,0.147766,-0.617555,0.370940,-0.255194,0.605010,0.122373,-0.612830,-0.051139,0.779005,-0.355730,-0.241423,0.600827,-0.026027,0.772084,0.147766,-0.617555,0.370940,-0.255194,0.605010,0.122373,-0.612830,-0.051139,0.779005,-0.355730,-0.241423,0.600827,0.449888,0.000000,0.000000,0.000000,1,True,True,0.000000,0.000000,0.000000,0.000000,0.000000,0.000000,0.000000,0.000000,0.000000,True,0.000000,0.000000,0.000000,0.000000,0.000000,0.000000,-0.427461,2.427751,-1.111539,2.889758,-0.427461,2.427751,-1.111539,2.889758,0.000000,0.000000,0.000000,0.000000,0.000000,0.000000,0.000000,0.000000,-510.337463,503.000427,2047.567505,-494.033905,True,velocity,0.449888,0.449888,0.000000,0.000000,4.744719,False
1.3395976590109058,-0.004000,1.324000,-1.706000,1.306000,-0.007000,0.005000,-0.006000,-0.048000,1.319000,1.654000,1.353000,0.008000,0.003000,0.007000,-0.026027,0.772084,0.147766,-0.617555,0.370940,-0.255194,0.605010,0.122373,-0.612830,-0.051139,0.779005,-0.355730,-0.241423,0.600827,-0.026027,0.772084,0.147766,-0.617555,0.370940,-0.255194,0.605010,0.122373,-0.612830,-0.051139,0.779005,-0.355730,-0.241423,0.600827,0.449888,0.000000,0.000000,0.000000,1,True,True,0.000000,0.000000,0.000000,0.000000,0.000000,0.000000,0.000000,0.000000,0.000000,True,0.000000,0.000000,0.000000,0.000000,0.000000,0.000000,-0.427461,2.427751,-1.111473,2.890411,-0.427461,2.427751,-1.111473,2.890411,0.000000,0.000000,0.000000,0.000000,0.000000,0.000000,0.000000,0.000000,-510.337463,503.000427,2047.567505,-494.033905,True,velocity,0.449888,0.449888,0.000000,0.000000,4.777809,False
1.37315840399242,-0.004000,1.324000,-1.706000,1.306000,-0.007000,0.005000,-0.006000,-0.048000,1.319000,1.654000,1.353000,0.008000,0.003000,0.007000,-0.026027,0.772084,0.147766,-0.617555,0.370940,-0.255194,0.605010,0.122373,-0.612830,-0.051139,0.779005,-0.355730,-0.241423,0.600827,-0.026027,0.772084,0.147766,-0.617555,0.370940,-0.255194,0.605010,0.122373,-0.612830,-0.051139,0.779005,-0.355730,-0.241423,0.600827,0.449888,0.000000,0.000000,0.000000,1,True,True,0.000000,0.000000,0.000000,0.000000,0.000000,0.000000,0.000000,0.000000,0.000000,True,0.000000,0.000000,0.000000,0.000000,0.000000,0.000000,-0.427461,2.427751,-1.111473,2.890411,-0.427461,2.427751,-1.111507,2.890411,0.000000,0.000000,0.000000,0.000000,0.000000,0.000000,0.000000,0.000000,-510.337463,503.000427,2047.567505,-494.033905,True,velocity,0.449888,0.449888,0.000000,0.000000,4.811414,False
1.4060262629936915,-0.004000,1.324000,-1.706000,1.306000,-0.007000,0.005000,-0.006000,-0.048000,1.319000,1.654000,1.353000,0.008000,0.003000,0.007000,-0.026027,0.772084,0.147766,-0.617555,0.370940,-0.255194,0.605010,0.122373,-0.612830,-0.051139,0.779005,-0.355730,-0.241423,0.600827,-0.026027,0.772084,0.147766,-0.617555,0.370940,-0.255194,0.605010,0.122373,-0.612830,-0.051139,0.779005,-0.355730,-0.241423,0.600827,0.449888,0.000000,0.000000,0.000000,1,True,True,0.000000,0.000000,0.000000,0.000000,0.000000,0.000000,0.000000,0.000000,0.000000,True,0.000000,0.000000,0.000000,0.000000,0.000000,0.000000,-0.427461,2.427751,-1.111507,2.889758,-0.427461,2.427751,-1.111507,2.889758,0.000000,0.000000,0.000000,0.000000,0.000000,0.000000,0.000000,0.000000,-510.337463,503.000427,2047.567505,-494.033905,True,velocity,0.449888,0.449888,0.000000,0.000000,4.844297,False
1.4421772559871897,-0.004000,1.324000,-1.706000,1.306000,-0.007000,0.005000,-0.006000,-0.048000,1.319000,1.654000,1.353000,0.008000,0.003000,0.007000,-0.026027,0.772084,0.147766,-0.617555,0.370940,-0.255194,0.605010,0.122373,-0.612830,-0.051139,0.779005,-0.355730,-0.241423,0.600827,-0.026027,0.772084,0.147766,-0.617555,0.370940,-0.255194,0.605010,0.122373,-0.612830,-0.051139,0.779005,-0.355730,-0.241423,0.600827,0.449888,0.000000,0.000000,0.000000,1,True,True,0.000000,0.000000,0.000000,0.000000,0.000000,0.000000,0.000000,0.000000,0.000000,True,0.000000,0.000000,0.000000,0.000000,0.000000,0.000000,-0.427461,2.427817,-1.111539,2.890324,-0.427461,2.427817,-1.111539,2.890324,0.000000,0.000000,0.000000,0.000000,0.000000,0.000000,0.000000,0.000000,-510.337463,503.000427,2047.567505,-494.033905,True,velocity,0.449888,0.449888,0.000000,0.000000,4.879254,False
1.474330914003076,-0.004000,1.324000,-1.706000,1.306000,-0.007000,0.005000,-0.006000,-0.048000,1.319000,1.654000,1.353000,0.008000,0.003000,0.007000,-0.026027,0.772084,0.147766,-0.617555,0.370940,-0.255194,0.605010,0.122373,-0.612830,-0.051139,0.779005,-0.355730,-0.241423,0.600827,-0.026027,0.772084,0.147766,-0.617555,0.370940,-0.255194,0.605010,0.122373,-0.612830,-0.051139,0.779005,-0.355730,-0.241423,0.600827,0.449888,0.000000,0.000000,0.000000,1,True,True,0.000000,0.000000,0.000000,0.000000,0.000000,0.000000,0.000000,0.000000,0.000000,True,0.000000,0.000000,0.000000,0.000000,0.000000,0.000000,-0.427461,2.427751,-1.111473,2.890499,-0.427461,2.427751,-1.111473,2.889846,0.000000,0.000000,0.000000,0.000000,0.000000,0.000000,0.000000,0.000000,-510.337463,503.000427,2047.567505,-494.033905,True,velocity,0.449888,0.449888,0.000000,0.000000,4.912539,False
1.5069572739885189,-0.004000,1.324000,-1.706000,1.306000,-0.007000,0.005000,-0.006000,-0.048000,1.319000,1.654000,1.353000,0.008000,0.003000,0.007000,-0.026027,0.772084,0.147766,-0.617555,0.370940,-0.255194,0.605010,0.122373,-0.612830,-0.051139,0.779005,-0.355730,-0.241423,0.600827,-0.026027,0.772084,0.147766,-0.617555,0.370940,-0.255194,0.605010,0.122373,-0.612830,-0.051139,0.779005,-0.355730,-0.241423,0.600827,0.449888,0.000000,0.000000,0.000000,1,True,True,0.000000,0.000000,0.000000,0.000000,0.000000,0.000000,0.000000,0.000000,0.000000,True,0.000000,0.000000,0.000000,0.000000,0.000000,0.000000,-0.427461,2.427751,-1.111473,2.889933,-0.427461,2.427751,-1.111473,2.889933,0.000000,0.000000,0.000000,0.000000,0.000000,0.000000,0.000000,0.000000,-510.337463,503.000427,2047.567505,-494.033905,True,velocity,0.449888,0.449888,0.000000,0.000000,4.945224,False
1.5408597959904,-0.004000,1.324000,-1.706000,1.306000,-0.007000,0.005000,-0.006000,-0.048000,1.319000,1.654000,1.353000,0.008000,0.003000,0.007000,-0.026027,0.772084,0.147766,-0.617555,0.370940,-0.255194,0.605010,0.122373,-0.612830,-0.051139,0.779005,-0.355730,-0.241423,0.600827,-0.026027,0.772084,0.147766,-0.617555,0.370940,-0.255194,0.605010,0.122373,-0.612830,-0.051139,0.779005,-0.355730,-0.241423,0.600827,0.449888,0.000000,0.000000,0.000000,1,True,True,0.000000,0.000000,0.000000,0.000000,0.000000,0.000000,0.000000,0.000000,0.000000,True,0.000000,0.000000,0.000000,0.000000,0.000000,0.000000,-0.427461,2.427751,-1.111507,2.890411,-0.427461,2.427751,-1.111507,2.890411,0.000000,0.000000,0.000000,0.000000,0.000000,0.000000,0.000000,0.000000,-510.337463,503.000427,2047.567505,-494.033905,True,velocity,0.449888,0.449888,0.000000,0.000000,4.979061,False
1.5735828219912946,-0.004000,1.324000,-1.706000,1.306000,-0.007000,0.005000,-0.006000,-0.048000,1.319000,1.654000,1.353000,0.008000,0.003000,0.007000,-0.026027,0.772084,0.147766,-0.617555,0.370940,-0.255194,0.605010,0.122373,-0.612830,-0.051139,0.779005,-0.355730,-0.241423,0.600827,-0.026027,0.772084,0.147766,-0.617555,0.370940,-0.255194,0.605010,0.122373,-0.612830,-0.051139,0.779005,-0.355730,-0.241423,0.600827,0.449888,0.000000,0.000000,0.000000,1,True,True,0.000000,0.000000,0.000000,0.000000,0.000000,0.000000,0.000000,0.000000,0.000000,True,0.000000,0.000000,0.000000,0.000000,0.000000,0.000000,-0.427461,2.427619,-1.111507,2.889846,-0.427461,2.427685,-1.111507,2.889846,0.000000,0.000000,0.000000,0.000000,0.000000,0.000000,0.000000,0.000000,-510.337463,503.000427,2047.567505,-494.033905,True,velocity,0.449888,0.449888,0.000000,0.000000,5.011686,False
1.607241863006493,-0.004000,1.324000,-1.706000,1.306000,-0.007000,0.005000,-0.006000,-0.048000,1.319000,1.654000,1.353000,0.008000,0.003000,0.007000,-0.026027,0.772084,0.147766,-0.617555,0.370940,-0.255194,0.605010,0.122373,-0.612830,-0.051139,0.779005,-0.355730,-0.241423,0.600827,-0.026027,0.772084,0.147766,-0.617555,0.370940,-0.255194,0.605010,0.122373,-0.612830,-0.051139,0.779005,-0.355730,-0.241423,0.600827,0.449888,0.000000,0.000000,0.000000,1,True,True,0.000000,0.000000,0.000000,0.000000,0.000000,0.000000,0.000000,0.000000,0.000000,True,0.000000,0.000000,0.000000,0.000000,0.000000,0.000000,-0.427461,2.427619,-1.111507,2.890499,-0.427461,2.427685,-1.111507,2.890499,0.000000,0.000000,0.000000,0.000000,0.000000,0.000000,0.000000,0.000000,-510.337463,503.000427,2047.567505,-494.033905,True,velocity,0.449888,0.449888,0.000000,0.000000,5.045478,False
1.640481868002098,-0.004000,1.324000,-1.706000,1.306000,-0.007000,0.005000,-0.006000,-0.048000,1.319000,1.654000,1.353000,0.008000,0.003000,0.007000,-0.026027,0.772084,0.147766,-0.617555,0.370940,-0.255194,0.605010,0.122373,-0.612830,-0.051139,0.779005,-0.355730,-0.241423,0.600827,-0.026027,0.772084,0.147766,-0.617555,0.370940,-0.255194,0.605010,0.122373,-0.612830,-0.051139,0.779005,-0.355730,-0.241423,0.600827,0.449888,0.000000,0.000000,0.000000,1,True,True,0.000000,0.000000,0.000000,0.000000,0.000000,0.000000,0.000000,0.000000,0.000000,True,0.000000,0.000000,0.000000,0.000000,0.000000,0.000000,-0.427461,2.427685,-1.112115,2.889758,-0.427461,2.427685,-1.112115,2.889758,0.000000,0.000000,0.000000,0.000000,0.000000,0.000000,0.000000,0.000000,-510.337463,503.000427,2047.567505,-494.033905,True,velocity,0.449888,0.449888,0.000000,0.000000,5.078756,False
1.673229393985821,-0.004000,1.324000,-1.706000,1.306000,-0.007000,0.005000,-0.006000,-0.048000,1.319000,1.654000,1.353000,0.008000,0.003000,0.007000,-0.026027,0.772084,0.147766,-0.617555,0.370940,-0.255194,0.605010,0.122373,-0.612830,-0.051139,0.779005,-0.355730,-0.241423,0.600827,-0.026027,0.772084,0.147766,-0.617555,0.370940,-0.255194,0.605010,0.122373,-0.612830,-0.051139,0.779005,-0.355730,-0.241423,0.600827,0.449888,0.000000,0.000000,0.000000,1,True,True,0.000000,0.000000,0.000000,0.000000,0.000000,0.000000,0.000000,0.000000,0.000000,True,0.000000,0.000000,0.000000,0.000000,0.000000,0.000000,-0.427461,2.427685,-1.112115,2.889758,-0.427345,2.427685,-1.112115,2.889758,0.000000,0.000000,0.000000,0.000000,0.000000,0.000000,0.000000,0.000000,-510.337463,503.000427,2047.567505,-494.033905,True,velocity,0.449888,0.449888,0.000000,0.000000,5.111493,False
1.7077123940107413,-0.004000,1.324000,-1.706000,1.306000,-0.007000,0.005000,-0.006000,-0.048000,1.319000,1.654000,1.353000,0.008000,0.003000,0.007000,-0.026027,0.772084,0.147766,-0.617555,0.370940,-0.255194,0.605010,0.122373,-0.612830,-0.051139,0.779005,-0.355730,-0.241423,0.600827,-0.026027,0.772084,0.147766,-0.617555,0.370940,-0.255194,0.605010,0.122373,-0.612830,-0.051139,0.779005,-0.355730,-0.241423,0.600827,0.449888,0.000000,0.000000,0.000000,1,True,True,0.000000,0.000000,0.000000,0.000000,0.000000,0.000000,0.000000,0.000000,0.000000,True,0.000000,0.000000,0.000000,0.000000,0.000000,0.000000,-0.427345,2.427685,-1.112115,2.889933,-0.427345,2.427685,-1.112115,2.889846,0.000000,0.000000,0.000000,0.000000,0.000000,0.000000,0.000000,0.000000,-510.337463,503.000427,2047.567505,-494.033905,True,velocity,0.449888,0.449888,0.000000,0.000000,5.145765,False
1.7403601619880646,-0.004000,1.324000,-1.706000,1.306000,-0.007000,0.005000,-0.006000,-0.048000,1.319000,1.654000,1.353000,0.008000,0.003000,0.007000,-0.026027,0.772084,0.147766,-0.617555,0.370940,-0.255194,0.605010,0.122373,-0.612830,-0.051139,0.779005,-0.355730,-0.241423,0.600827,-0.026027,0.772084,0.147766,-0.617555,0.370940,-0.255194,0.605010,0.122373,-0.612830,-0.051139,0.779005,-0.355730,-0.241423,0.600827,0.449888,0.000000,0.000000,0.000000,1,True,True,0.000000,0.000000,0.000000,0.000000,0.000000,0.000000,0.000000,0.000000,0.000000,True,0.000000,0.000000,0.000000,0.000000,0.000000,0.000000,-0.427870,2.427685,-1.112115,2.890237,-0.427870,2.427685,-1.112115,2.889671,0.000000,0.000000,0.000000,0.000000,0.000000,0.000000,0.000000,0.000000,-510.337463,503.000427,2047.567505,-494.033905,True,velocity,0.449888,0.449888,0.000000,0.000000,5.178626,False
1.7737304809852503,-0.004000,1.324000,-1.706000,1.306000,-0.007000,0.005000,-0.006000,-0.048000,1.319000,1.654000,1.353000,0.008000,0.003000,0.007000,-0.026027,0.772084,0.147766,-0.617555,0.370940,-0.255194,0.605010,0.122373,-0.612830,-0.051139,0.779005,-0.355730,-0.241423,0.600827,-0.026027,0.772084,0.147766,-0.617555,0.370940,-0.255194,0.605010,0.122373,-0.612830,-0.051139,0.779005,-0.355730,-0.241423,0.600827,0.449888,0.000000,0.000000,0.000000,1,True,True,0.000000,0.000000,0.000000,0.000000,0.000000,0.000000,0.000000,0.000000,0.000000,True,0.000000,0.000000,0.000000,0.000000,0.000000,0.000000,-0.427345,2.427685,-1.111507,2.889758,-0.427345,2.427685,-1.111507,2.889758,0.000000,0.000000,0.000000,0.000000,0.000000,0.000000,0.000000,0.000000,-510.337463,503.000427,2047.567505,-494.033905,True,velocity,0.449888,0.449888,0.000000,0.000000,5.212007,False
1.8067899319867138,-0.004000,1.324000,-1.706000,1.306000,-0.007000,0.005000,-0.006000,-0.048000,1.319000,1.654000,1.353000,0.008000,0.003000,0.007000,-0.026027,0.772084,0.147766,-0.617555,0.370940,-0.255194,0.605010,0.122373,-0.612830,-0.051139,0.779005,-0.355730,-0.241423,0.600827,-0.026027,0.772084,0.147766,-0.617555,0.370940,-0.255194,0.605010,0.122373,-0.612830,-0.051139,0.779005,-0.355730,-0.241423,0.600827,0.449888,0.000000,0.000000,0.000000,1,True,True,0.000000,0.000000,0.000000,0.000000,0.000000,0.000000,0.000000,0.000000,0.000000,True,0.000000,0.000000,0.000000,0.000000,0.000000,0.000000,-0.427345,2.427685,-1.112148,2.889846,-0.427870,2.427685,-1.111507,2.889846,0.000000,0.000000,0.000000,0.000000,0.000000,0.000000,0.000000,0.000000,-510.337463,503.000427,2047.567505,-494.033905,True,velocity,0.449888,0.449888,0.000000,0.000000,5.245054,False
1.8410627109988127,-0.004000,1.324000,-1.706000,1.306000,-0.007000,0.005000,-0.006000,-0.048000,1.319000,1.654000,1.353000,0.008000,0.003000,0.007000,-0.026027,0.772084,0.147766,-0.617555,0.370940,-0.255194,0.605010,0.122373,-0.612830,-0.051139,0.779005,-0.355730,-0.241423,0.600827,-0.026027,0.772084,0.147766,-0.617555,0.370940,-0.255194,0.605010,0.122373,-0.612830,-0.051139,0.779005,-0.355730,-0.241423,0.600827,0.449888,0.000000,0.000000,0.000000,1,True,True,0.000000,0.000000,0.000000,0.000000,0.000000,0.000000,0.000000,0.000000,0.000000,True,0.000000,0.000000,0.000000,0.000000,0.000000,0.000000,-0.427345,2.427685,-1.111539,2.890324,-0.427345,2.427685,-1.111507,2.890324,0.000000,0.000000,0.000000,0.000000,0.000000,0.000000,0.000000,0.000000,-510.337463,503.000427,2047.567505,-494.033905,True,velocity,0.449888,0.449888,0.000000,0.000000,5.279107,False
1.873832199984463,-0.004000,1.324000,-1.706000,1.306000,-0.007000,0.005000,-0.006000,-0.048000,1.319000,1.654000,1.353000,0.008000,0.003000,0.007000,-0.026027,0.772084,0.147766,-0.617555,0.370940,-0.255194,0.605010,0.122373,-0.612830,-0.051139,0.779005,-0.355730,-0.241423,0.600827,-0.026027,0.772084,0.147766,-0.617555,0.370940,-0.255194,0.605010,0.122373,-0.612830,-0.051139,0.779005,-0.355730,-0.241423,0.600827,0.449888,0.000000,0.000000,0.000000,1,True,True,0.000000,0.000000,0.000000,0.000000,0.000000,0.000000,0.000000,0.000000,0.000000,True,0.000000,0.000000,0.000000,0.000000,0.000000,0.000000,-0.427870,2.427751,-1.111507,2.890411,-0.427754,2.427751,-1.111507,2.890411,0.000000,0.000000,0.000000,0.000000,0.000000,0.000000,0.000000,0.000000,-510.337463,503.000427,2047.567505,-494.033905,True,velocity,0.449888,0.449888,0.000000,0.000000,5.312002,False
1.9073275190021377,-0.004000,1.324000,-1.706000,1.306000,-0.007000,0.005000,-0.006000,-0.048000,1.319000,1.654000,1.353000,0.008000,0.003000,0.007000,-0.026027,0.772084,0.147766,-0.617555,0.370940,-0.255194,0.605010,0.122373,-0.612830,-0.051139,0.779005,-0.355730,-0.241423,0.600827,-0.026027,0.772084,0.147766,-0.617555,0.370940,-0.255194,0.605010,0.122373,-0.612830,-0.051139,0.779005,-0.355730,-0.241423,0.600827,0.449888,0.000000,0.000000,0.000000,1,True,True,0.000000,0.000000,0.000000,0.000000,0.000000,0.000000,0.000000,0.000000,0.000000,True,0.000000,0.000000,0.000000,0.000000,0.000000,0.000000,-0.427229,2.427751,-1.111473,2.883884,-0.427229,2.427751,-1.111473,2.883884,0.000000,0.000000,0.000000,0.000000,0.000000,0.000000,0.000000,0.000000,-510.337463,503.000427,2047.567505,-494.033905,True,velocity,0.449888,0.449888,0.000000,0.000000,5.345592,False
1.9410895410110243,-0.004000,1.324000,-1.706000,1.306000,-0.007000,0.005000,-0.006000,-0.048000,1.319000,1.654000,1.353000,0.008000,0.003000,0.007000,-0.026027,0.772084,0.147766,-0.617555,0.370940,-0.255194,0.605010,0.122373,-0.612830,-0.051139,0.779005,-0.355730,-0.241423,0.600827,-0.026027,0.772084,0.147766,-0.617555,0.370940,-0.255194,0.605010,0.122373,-0.612830,-0.051139,0.779005,-0.355730,-0.241423,0.600827,0.449888,0.000000,0.000000,0.000000,1,True,True,0.000000,0.000000,0.000000,0.000000,0.000000,0.000000,0.000000,0.000000,0.000000,True,0.000000,0.000000,0.000000,0.000000,0.000000,0.000000,-0.427345,2.427685,-1.111507,2.890411,-0.427345,2.427685,-1.111507,2.890411,0.000000,0.000000,0.000000,0.000000,0.000000,0.000000,0.000000,0.000000,-510.337463,503.000427,2047.567505,-494.033905,True,velocity,0.449888,0.449888,0.000000,0.000000,5.379224,False
1.9739030849887058,-0.004000,1.324000,-1.706000,1.306000,-0.007000,0.005000,-0.006000,-0.048000,1.319000,1.654000,1.353000,0.008000,0.003000,0.007000,-0.026027,0.772084,0.147766,-0.617555,0.370940,-0.255194,0.605010,0.122373,-0.612830,-0.051139,0.779005,-0.355730,-0.241423,0.600827,-0.026027,0.772084,0.147766,-0.617555,0.370940,-0.255194,0.605010,0.122373,-0.612830,-0.051139,0.779005,-0.355730,-0.241423,0.600827,0.449888,0.000000,0.000000,0.000000,1,True,True,0.000000,0.000000,0.000000,0.000000,0.000000,0.000000,0.000000,0.000000,0.000000,True,0.000000,0.000000,0.000000,0.000000,0.000000,0.000000,-0.427345,2.427685,-1.111507,2.890411,-0.427345,2.427685,-1.111507,2.890411,0.000000,0.000000,0.000000,0.000000,0.000000,0.000000,0.000000,0.000000,-510.337463,503.000427,2047.567505,-494.033905,True,velocity,0.449888,0.449888,0.000000,0.000000,5.412170,False
2.007727458985755,-0.004000,1.324000,-1.706000,1.306000,-0.007000,0.005000,-0.006000,-0.048000,1.319000,1.654000,1.353000,0.008000,0.003000,0.007000,-0.026027,0.772084,0.147766,-0.617555,0.370940,-0.255194,0.605010,0.122373,-0.612830,-0.051139,0.779005,-0.355730,-0.241423,0.600827,-0.026027,0.772084,0.147766,-0.617555,0.370940,-0.255194,0.605010,0.122373,-0.612830,-0.051139,0.779005,-0.355730,-0.241423,0.600827,0.449888,0.000000,0.000000,0.000000,1,True,True,0.000000,0.000000,0.000000,0.000000,0.000000,0.000000,0.000000,0.000000,0.000000,True,0.000000,0.000000,0.000000,0.000000,0.000000,0.000000,-0.427345,2.427685,-1.111539,2.889933,-0.427345,2.427685,-1.111539,2.889933,0.000000,0.000000,0.000000,0.000000,0.000000,0.000000,0.000000,0.000000,-510.337463,503.000427,2047.567505,-494.033905,True,velocity,0.449888,0.449888,0.000000,0.000000,5.446005,False
2.0408823539910372,-0.004000,1.324000,-1.706000,1.306000,-0.007000,0.005000,-0.006000,-0.048000,1.319000,1.654000,1.353000,0.008000,0.003000,0.007000,-0.026027,0.772084,0.147766,-0.617555,0.370940,-0.255194,0.605010,0.122373,-0.612830,-0.051139,0.779005,-0.355730,-0.241423,0.600827,-0.026027,0.772084,0.147766,-0.617555,0.370940,-0.255194,0.605010,0.122373,-0.612830,-0.051139,0.779005,-0.355730,-0.241423,0.600827,0.449888,0.000000,0.000000,0.000000,1,True,True,0.000000,0.000000,0.000000,0.000000,0.000000,0.000000,0.000000,0.000000,0.000000,True,0.000000,0.000000,0.000000,0.000000,0.000000,0.000000,-0.427870,2.427685,-1.111473,2.890411,-0.427870,2.427685,-1.111473,2.890411,0.000000,0.000000,0.000000,0.000000,0.000000,0.000000,0.000000,0.000000,-510.337463,503.000427,2047.567505,-494.033905,True,velocity,0.449888,0.449888,0.000000,0.000000,5.479119,False
2.074490061000688,-0.004000,1.324000,-1.706000,1.306000,-0.007000,0.005000,-0.006000,-0.048000,1.319000,1.654000,1.353000,0.008000,0.003000,0.007000,-0.026027,0.772084,0.147766,-0.617555,0.370940,-0.255194,0.605010,0.122373,-0.612830,-0.051139,0.779005,-0.355730,-0.241423,0.600827,-0.026027,0.772084,0.147766,-0.617555,0.370940,-0.255194,0.605010,0.122373,-0.612830,-0.051139,0.779005,-0.355730,-0.241423,0.600827,0.449888,0.000000,0.000000,0.000000,1,True,True,0.000000,0.000000,0.000000,0.000000,0.000000,0.000000,0.000000,0.000000,0.000000,True,0.000000,0.000000,0.000000,0.000000,0.000000,0.000000,-0.427229,2.427685,-1.111507,2.890411,-0.427754,2.427685,-1.111507,2.890411,0.000000,0.000000,0.000000,0.000000,0.000000,0.000000,0.000000,0.000000,-510.337463,503.000427,2047.567505,-494.033905,True,velocity,0.449888,0.449888,0.000000,0.000000,5.512566,False
2.1078107329958584,-0.004000,1.324000,-1.706000,1.306000,-0.007000,0.005000,-0.006000,-0.048000,1.319000,1.654000,1.353000,0.008000,0.003000,0.007000,-0.026027,0.772084,0.147766,-0.617555,0.370940,-0.255194,0.605010,0.122373,-0.612830,-0.051139,0.779005,-0.355730,-0.241423,0.600827,-0.026027,0.772084,0.147766,-0.617555,0.370940,-0.255194,0.605010,0.122373,-0.612830,-0.051139,0.779005,-0.355730,-0.241423,0.600827,0.449888,0.000000,0.000000,0.000000,1,True,True,0.000000,0.000000,0.000000,0.000000,0.000000,0.000000,0.000000,0.000000,0.000000,True,0.000000,0.000000,0.000000,0.000000,0.000000,0.000000,-0.427870,2.427685,-1.111507,2.889846,-0.427870,2.427685,-1.111507,2.889846,0.000000,0.000000,0.000000,0.000000,0.000000,0.000000,0.000000,0.000000,-510.337463,503.000427,2047.567505,-494.033905,True,velocity,0.449888,0.449888,0.000000,0.000000,5.546085,False
2.140834850986721,-0.004000,1.324000,-1.706000,1.306000,-0.007000,0.005000,-0.006000,-0.048000,1.319000,1.654000,1.353000,0.008000,0.003000,0.007000,-0.026027,0.772084,0.147766,-0.617555,0.370940,-0.255194,0.605010,0.122373,-0.612830,-0.051139,0.779005,-0.355730,-0.241423,0.600827,-0.026027,0.772084,0.147766,-0.617555,0.370940,-0.255194,0.605010,0.122373,-0.612830,-0.051139,0.779005,-0.355730,-0.241423,0.600827,0.449888,0.000000,0.000000,0.000000,1,True,True,0.000000,0.000000,0.000000,0.000000,0.000000,0.000000,0.000000,0.000000,0.000000,True,0.000000,0.000000,0.000000,0.000000,0.000000,0.000000,-0.427461,2.427685,-1.111507,2.890411,-0.427461,2.427685,-1.111507,2.890411,0.000000,0.000000,0.000000,0.000000,0.000000,0.000000,0.000000,0.000000,-510.337463,503.000427,2047.567505,-494.033905,True,velocity,0.449888,0.449888,0.000000,0.000000,5.579099,False
2.174865723005496,-0.004000,1.324000,-1.706000,1.306000,-0.007000,0.005000,-0.006000,-0.048000,1.319000,1.654000,1.353000,0.008000,0.003000,0.007000,-0.026027,0.772084,0.147766,-0.617555,0.370940,-0.255194,0.605010,0.122373,-0.612830,-0.051139,0.779005,-0.355730,-0.241423,0.600827,-0.026027,0.772084,0.147766,-0.617555,0.370940,-0.255194,0.605010,0.122373,-0.612830,-0.051139,0.779005,-0.355730,-0.241423,0.600827,0.449888,0.000000,0.000000,0.000000,1,True,True,0.000000,0.000000,0.000000,0.000000,0.000000,0.000000,0.000000,0.000000,0.000000,True,0.000000,0.000000,0.000000,0.000000,0.000000,0.000000,-0.427345,2.427685,-1.111473,2.890499,-0.427345,2.427685,-1.111473,2.890499,0.000000,0.000000,0.000000,0.000000,0.000000,0.000000,0.000000,0.000000,-510.337463,503.000427,2047.567505,-494.033905,True,velocity,0.449888,0.449888,0.000000,0.000000,5.612987,False
2.2077620449999813,-0.004000,1.324000,-1.706000,1.306000,-0.007000,0.005000,-0.006000,-0.048000,1.319000,1.654000,1.353000,0.008000,0.003000,0.007000,-0.026027,0.772084,0.147766,-0.617555,0.370940,-0.255194,0.605010,0.122373,-0.612830,-0.051139,0.779005,-0.355730,-0.241423,0.600827,-0.026027,0.772084,0.147766,-0.617555,0.370940,-0.255194,0.605010,0.122373,-0.612830,-0.051139,0.779005,-0.355730,-0.241423,0.600827,0.449888,0.000000,0.000000,0.000000,1,True,True,0.000000,0.000000,0.000000,0.000000,0.000000,0.000000,0.000000,0.000000,0.000000,True,0.000000,0.000000,0.000000,0.000000,0.000000,0.000000,-0.427345,2.427685,-1.111507,2.889846,-0.427345,2.427685,-1.111507,2.889846,0.000000,0.000000,0.000000,0.000000,0.000000,0.000000,0.000000,0.000000,-510.337463,503.000427,2047.567505,-494.033905,True,velocity,0.449888,0.449888,0.000000,0.000000,5.646030,False
2.2413948820030782,-0.004000,1.324000,-1.706000,1.306000,-0.007000,0.005000,-0.006000,-0.048000,1.319000,1.654000,1.353000,0.008000,0.003000,0.007000,-0.026027,0.772084,0.147766,-0.617555,0.370940,-0.255194,0.605010,0.122373,-0.612830,-0.051139,0.779005,-0.355730,-0.241423,0.600827,-0.026027,0.772084,0.147766,-0.617555,0.370940,-0.255194,0.605010,0.122373,-0.612830,-0.051139,0.779005,-0.355730,-0.241423,0.600827,0.449888,0.000000,0.000000,0.000000,1,True,True,0.000000,0.000000,0.000000,0.000000,0.000000,0.000000,0.000000,0.000000,0.000000,True,0.000000,0.000000,0.000000,0.000000,0.000000,0.000000,-0.427345,2.427685,-1.111507,2.889933,-0.427345,2.427685,-1.111507,2.889933,0.000000,0.000000,0.000000,0.000000,0.000000,0.000000,0.000000,0.000000,-510.337463,503.000427,2047.567505,-494.033905,True,velocity,0.449888,0.449888,0.000000,0.000000,5.679670,False
2.2743259810085874,-0.004000,1.324000,-1.706000,1.306000,-0.007000,0.005000,-0.006000,-0.048000,1.319000,1.654000,1.353000,0.008000,0.003000,0.007000,-0.026027,0.772084,0.147766,-0.617555,0.370940,-0.255194,0.605010,0.122373,-0.612830,-0.051139,0.779005,-0.355730,-0.241423,0.600827,-0.026027,0.772084,0.147766,-0.617555,0.370940,-0.255194,0.605010,0.122373,-0.612830,-0.051139,0.779005,-0.355730,-0.241423,0.600827,0.449888,0.000000,0.000000,0.000000,1,True,True,0.000000,0.000000,0.000000,0.000000,0.000000,0.000000,0.000000,0.000000,0.000000,True,0.000000,0.000000,0.000000,0.000000,0.000000,0.000000,-0.427229,2.427685,-1.111507,2.890499,-0.427229,2.427685,-1.111507,2.890499,0.000000,0.000000,0.000000,0.000000,0.000000,0.000000,0.000000,0.000000,-510.337463,503.000427,2047.567505,-494.033905,True,velocity,0.449888,0.449888,0.000000,0.000000,5.712601,False
2.30837490898557,-0.004000,1.324000,-1.706000,1.306000,-0.007000,0.005000,-0.006000,-0.048000,1.319000,1.654000,1.353000,0.008000,0.003000,0.007000,-0.026027,0.772084,0.147766,-0.617555,0.370940,-0.255194,0.605010,0.122373,-0.612830,-0.051139,0.779005,-0.355730,-0.241423,0.600827,-0.026027,0.772084,0.147766,-0.617555,0.370940,-0.255194,0.605010,0.122373,-0.612830,-0.051139,0.779005,-0.355730,-0.241423,0.600827,0.449888,0.000000,0.000000,0.000000,1,True,True,0.000000,0.000000,0.000000,0.000000,0.000000,0.000000,0.000000,0.000000,0.000000,True,0.000000,0.000000,0.000000,0.000000,0.000000,0.000000,-0.427345,2.427817,-1.111507,2.889846,-0.427345,2.427817,-1.111507,2.889846,0.000000,0.000000,0.000000,0.000000,0.000000,0.000000,0.000000,0.000000,-510.337463,503.000427,2047.567505,-494.033905,True,velocity,0.449888,0.449888,0.000000,0.000000,5.746500,False
2.341278639010852,-0.004000,1.324000,-1.706000,1.306000,-0.007000,0.005000,-0.006000,-0.048000,1.319000,1.654000,1.353000,0.008000,0.003000,0.007000,-0.026027,0.772084,0.147766,-0.617555,0.370940,-0.255194,0.605010,0.122373,-0.612830,-0.051139,0.779005,-0.355730,-0.241423,0.600827,-0.026027,0.772084,0.147766,-0.617555,0.370940,-0.255194,0.605010,0.122373,-0.612830,-0.051139,0.779005,-0.355730,-0.241423,0.600827,0.449888,0.000000,0.000000,0.000000,1,True,True,0.000000,0.000000,0.000000,0.000000,0.000000,0.000000,0.000000,0.000000,0.000000,True,0.000000,0.000000,0.000000,0.000000,0.000000,0.000000,-0.427345,2.427751,-1.111507,2.889933,-0.427345,2.427751,-1.111507,2.890586,0.000000,0.000000,0.000000,0.000000,0.000000,0.000000,0.000000,0.000000,-510.337463,503.000427,2047.567505,-494.033905,True,velocity,0.449888,0.449888,0.000000,0.000000,5.779531,False
2.3751479930069763,-0.004000,1.324000,-1.706000,1.306000,-0.007000,0.005000,-0.006000,-0.048000,1.319000,1.654000,1.353000,0.008000,0.003000,0.007000,-0.026027,0.772084,0.147766,-0.617555,0.370940,-0.255194,0.605010,0.122373,-0.612830,-0.051139,0.779005,-0.355730,-0.241423,0.600827,-0.026027,0.772084,0.147766,-0.617555,0.370940,-0.255194,0.605010,0.122373,-0.612830,-0.051139,0.779005,-0.355730,-0.241423,0.600827,0.449888,0.000000,0.000000,0.000000,1,True,True,0.000000,0.000000,0.000000,0.000000,0.000000,0.000000,0.000000,0.000000,0.000000,True,0.000000,0.000000,0.000000,0.000000,0.000000,0.000000,-0.427987,2.427751,-1.111539,2.890499,-0.427229,2.427751,-1.111539,2.890499,0.000000,0.000000,0.000000,0.000000,0.000000,0.000000,0.000000,0.000000,-510.337463,503.000427,2047.567505,-494.033905,True,velocity,0.449888,0.449888,0.000000,0.000000,5.813425,False
2.4085970529995393,-0.004000,1.324000,-1.706000,1.306000,-0.007000,0.005000,-0.006000,-0.048000,1.319000,1.654000,1.353000,0.008000,0.003000,0.007000,-0.026027,0.772084,0.147766,-0.617555,0.370940,-0.255194,0.605010,0.122373,-0.612830,-0.051139,0.779005,-0.355730,-0.241423,0.600827,-0.026027,0.772084,0.147766,-0.617555,0.370940,-0.255194,0.605010,0.122373,-0.612830,-0.051139,0.779005,-0.355730,-0.241423,0.600827,0.449888,0.000000,0.000000,0.000000,1,True,True,0.000000,0.000000,0.000000,0.000000,0.000000,0.000000,0.000000,0.000000,0.000000,True,0.000000,0.000000,0.000000,0.000000,0.000000,0.000000,-0.427870,2.427685,-1.111507,2.889846,-0.427870,2.427685,-1.111507,2.889846,0.000000,0.000000,0.000000,0.000000,0.000000,0.000000,0.000000,0.000000,-510.337463,503.000427,2047.567505,-494.033905,True,velocity,0.449888,0.449888,0.000000,0.000000,5.846655,False
2.442167075991165,-0.004000,1.324000,-1.706000,1.306000,-0.007000,0.005000,-0.006000,-0.048000,1.319000,1.654000,1.353000,0.008000,0.003000,0.007000,-0.026027,0.772084,0.147766,-0.617555,0.370940,-0.255194,0.605010,0.122373,-0.612830,-0.051139,0.779005,-0.355730,-0.241423,0.600827,-0.026027,0.772084,0.147766,-0.617555,0.370940,-0.255194,0.605010,0.122373,-0.612830,-0.051139,0.779005,-0.355730,-0.241423,0.600827,0.449888,0.000000,0.000000,0.000000,1,True,True,0.000000,0.000000,0.000000,0.000000,0.000000,0.000000,0.000000,0.000000,0.000000,True,0.000000,0.000000,0.000000,0.000000,0.000000,0.000000,-0.427229,2.427751,-1.111507,2.889758,-0.427345,2.427751,-1.111507,2.883884,0.000000,0.000000,0.000000,0.000000,0.000000,0.000000,0.000000,0.000000,-510.337463,503.000427,2047.567505,-494.033905,True,velocity,0.449888,0.449888,0.000000,0.000000,5.880418,False
2.474870047008153,-0.004000,1.324000,-1.706000,1.306000,-0.007000,0.005000,-0.006000,-0.048000,1.319000,1.654000,1.353000,0.008000,0.003000,0.007000,-0.026027,0.772084,0.147766,-0.617555,0.370940,-0.255194,0.605010,0.122373,-0.612830,-0.051139,0.779005,-0.355730,-0.241423,0.600827,-0.026027,0.772084,0.147766,-0.617555,0.370940,-0.255194,0.605010,0.122373,-0.612830,-0.051139,0.779005,-0.355730,-0.241423,0.600827,0.449888,0.000000,0.000000,0.000000,1,True,True,0.000000,0.000000,0.000000,0.000000,0.000000,0.000000,0.000000,0.000000,0.000000,True,0.000000,0.000000,0.000000,0.000000,0.000000,0.000000,-0.427870,2.427817,-1.111539,2.889846,-0.427345,2.427817,-1.111539,2.889846,0.000000,0.000000,0.000000,0.000000,0.000000,0.000000,0.000000,0.000000,-510.337463,503.000427,2047.567505,-494.033905,True,velocity,0.449888,0.449888,0.000000,0.000000,5.913147,False
2.508881252986612,-0.004000,1.324000,-1.706000,1.306000,-0.007000,0.005000,-0.006000,-0.048000,1.319000,1.654000,1.353000,0.008000,0.003000,0.007000,-0.026027,0.772084,0.147766,-0.617555,0.370940,-0.255194,0.605010,0.122373,-0.612830,-0.051139,0.779005,-0.355730,-0.241423,0.600827,-0.026027,0.772084,0.147766,-0.617555,0.370940,-0.255194,0.605010,0.122373,-0.612830,-0.051139,0.779005,-0.355730,-0.241423,0.600827,0.449888,0.000000,0.000000,0.000000,1,True,True,0.000000,0.000000,0.000000,0.000000,0.000000,0.000000,0.000000,0.000000,0.000000,True,0.000000,0.000000,0.000000,0.000000,0.000000,0.000000,-0.427987,2.427751,-1.111539,2.890411,-0.427987,2.427751,-1.111539,2.890411,0.000000,0.000000,0.000000,0.000000,0.000000,0.000000,0.000000,0.000000,-510.337463,503.000427,2047.567505,-494.033905,True,velocity,0.449888,0.449888,0.000000,0.000000,5.947001,False
2.5418664629978593,-0.004000,1.324000,-1.706000,1.306000,-0.007000,0.005000,-0.006000,-0.048000,1.319000,1.654000,1.353000,0.008000,0.003000,0.007000,-0.026027,0.772084,0.147766,-0.617555,0.370940,-0.255194,0.605010,0.122373,-0.612830,-0.051139,0.779005,-0.355730,-0.241423,0.600827,-0.026027,0.772084,0.147766,-0.617555,0.370940,-0.255194,0.605010,0.122373,-0.612830,-0.051139,0.779005,-0.355730,-0.241423,0.600827,0.449888,0.000000,0.000000,0.000000,1,True,True,0.000000,0.000000,0.000000,0.000000,0.000000,0.000000,0.000000,0.000000,0.000000,True,0.000000,0.000000,0.000000,0.000000,0.000000,0.000000,-0.427870,2.427685,-1.111507,2.889846,-0.427870,2.427685,-1.111507,2.890499,0.000000,0.000000,0.000000,0.000000,0.000000,0.000000,0.000000,0.000000,-510.337463,503.000427,2047.567505,-494.033905,True,velocity,0.449888,0.449888,0.000000,0.000000,5.980074,False
2.5757182810048107,-0.004000,1.324000,-1.706000,1.306000,-0.007000,0.005000,-0.006000,-0.048000,1.319000,1.654000,1.353000,0.008000,0.003000,0.007000,-0.026027,0.772084,0.147766,-0.617555,0.370940,-0.255194,0.605010,0.122373,-0.612830,-0.051139,0.779005,-0.355730,-0.241423,0.600827,-0.026027,0.772084,0.147766,-0.617555,0.370940,-0.255194,0.605010,0.122373,-0.612830,-0.051139,0.779005,-0.355730,-0.241423,0.600827,0.449888,0.000000,0.000000,0.000000,1,True,True,0.000000,0.000000,0.000000,0.000000,0.000000,0.000000,0.000000,0.000000,0.000000,True,0.000000,0.000000,0.000000,0.000000,0.000000,0.000000,-0.427229,2.427685,-1.111507,2.889846,-0.427229,2.427685,-1.111507,2.889846,0.000000,0.000000,0.000000,0.000000,0.000000,0.000000,0.000000,0.000000,-510.337463,503.000427,2047.567505,-494.033905,True,velocity,0.449888,0.449888,0.000000,0.000000,6.013933,False
2.6109289070009254,-0.004000,1.324000,-1.706000,1.306000,-0.007000,0.005000,-0.006000,-0.048000,1.319000,1.654000,1.353000,0.008000,0.003000,0.007000,-0.026027,0.772084,0.147766,-0.617555,0.370940,-0.255194,0.605010,0.122373,-0.612830,-0.051139,0.779005,-0.355730,-0.241423,0.600827,-0.026027,0.772084,0.147766,-0.617555,0.370940,-0.255194,0.605010,0.122373,-0.612830,-0.051139,0.779005,-0.355730,-0.241423,0.600827,0.449888,0.000000,0.000000,0.000000,1,True,True,0.000000,0.000000,0.000000,0.000000,0.000000,0.000000,0.000000,0.000000,0.000000,True,0.000000,0.000000,0.000000,0.000000,0.000000,0.000000,-0.427345,2.427751,-1.111539,2.890411,-0.427345,2.427751,-1.111539,2.890411,0.000000,0.000000,0.000000,0.000000,0.000000,0.000000,0.000000,0.000000,-510.337463,503.000427,2047.567505,-494.033905,True,velocity,0.449888,0.449888,0.000000,0.000000,6.048922,False
2.643332398001803,-0.004000,1.324000,-1.706000,1.306000,-0.007000,0.005000,-0.006000,-0.048000,1.319000,1.654000,1.353000,0.008000,0.003000,0.007000,-0.026027,0.772084,0.147766,-0.617555,0.370940,-0.255194,0.605010,0.122373,-0.612830,-0.051139,0.779005,-0.355730,-0.241423,0.600827,-0.026027,0.772084,0.147766,-0.617555,0.370940,-0.255194,0.605010,0.122373,-0.612830,-0.051139,0.779005,-0.355730,-0.241423,0.600827,0.449888,0.000000,0.000000,0.000000,1,True,True,0.000000,0.000000,0.000000,0.000000,0.000000,0.000000,0.000000,0.000000,0.000000,True,0.000000,0.000000,0.000000,0.000000,0.000000,0.000000,-0.427870,2.427751,-1.111507,2.889846,-0.427870,2.427751,-1.111507,2.889846,0.000000,0.000000,0.000000,0.000000,0.000000,0.000000,0.000000,0.000000,-510.337463,503.000427,2047.567505,-494.033905,True,velocity,0.449888,0.449888,0.000000,0.000000,6.081515,False
2.676733587984927,-0.004000,1.324000,-1.706000,1.306000,-0.007000,0.005000,-0.006000,-0.048000,1.319000,1.654000,1.353000,0.008000,0.003000,0.007000,-0.026027,0.772084,0.147766,-0.617555,0.370940,-0.255194,0.605010,0.122373,-0.612830,-0.051139,0.779005,-0.355730,-0.241423,0.600827,-0.026027,0.772084,0.147766,-0.617555,0.370940,-0.255194,0.605010,0.122373,-0.612830,-0.051139,0.779005,-0.355730,-0.241423,0.600827,0.449888,0.000000,0.000000,0.000000,1,True,True,0.000000,0.000000,0.000000,0.000000,0.000000,0.000000,0.000000,0.000000,0.000000,True,0.000000,0.000000,0.000000,0.000000,0.000000,0.000000,-0.427754,2.427751,-1.111507,2.890411,-0.427754,2.427751,-1.111507,2.890411,0.000000,0.000000,0.000000,0.000000,0.000000,0.000000,0.000000,0.000000,-510.337463,503.000427,2047.567505,-494.033905,True,velocity,0.449888,0.449888,0.000000,0.000000,6.114892,False
2.7092339110095054,-0.004000,1.324000,-1.706000,1.306000,-0.007000,0.005000,-0.006000,-0.048000,1.319000,1.654000,1.353000,0.008000,0.003000,0.007000,-0.026027,0.772084,0.147766,-0.617555,0.370940,-0.255194,0.605010,0.122373,-0.612830,-0.051139,0.779005,-0.355730,-0.241423,0.600827,-0.026027,0.772084,0.147766,-0.617555,0.370940,-0.255194,0.605010,0.122373,-0.612830,-0.051139,0.779005,-0.355730,-0.241423,0.600827,0.449888,0.000000,0.000000,0.000000,1,True,True,0.000000,0.000000,0.000000,0.000000,0.000000,0.000000,0.000000,0.000000,0.000000,True,0.000000,0.000000,0.000000,0.000000,0.000000,0.000000,-0.427870,2.427751,-1.111507,2.889846,-0.427870,2.427751,-1.111507,2.889846,0.000000,0.000000,0.000000,0.000000,0.000000,0.000000,0.000000,0.000000,-510.337463,503.000427,2047.567505,-494.033905,True,velocity,0.449888,0.449888,0.000000,0.000000,6.147454,False
2.742540768987965,-0.004000,1.324000,-1.706000,1.306000,-0.007000,0.005000,-0.006000,-0.048000,1.319000,1.654000,1.353000,0.008000,0.003000,0.007000,-0.026027,0.772084,0.147766,-0.617555,0.370940,-0.255194,0.605010,0.122373,-0.612830,-0.051139,0.779005,-0.355730,-0.241423,0.600827,-0.026027,0.772084,0.147766,-0.617555,0.370940,-0.255194,0.605010,0.122373,-0.612830,-0.051139,0.779005,-0.355730,-0.241423,0.600827,0.449888,0.000000,0.000000,0.000000,1,True,True,0.000000,0.000000,0.000000,0.000000,0.000000,0.000000,0.000000,0.000000,0.000000,True,0.000000,0.000000,0.000000,0.000000,0.000000,0.000000,-0.427345,2.427751,-1.111507,2.889846,-0.427345,2.427751,-1.111507,2.889846,0.000000,0.000000,0.000000,0.000000,0.000000,0.000000,0.000000,0.000000,-510.337463,503.000427,2047.567505,-494.033905,True,velocity,0.449888,0.449888,0.000000,0.000000,6.180651,False
2.775449774984736,-0.004000,1.324000,-1.706000,1.306000,-0.007000,0.005000,-0.006000,-0.048000,1.319000,1.654000,1.353000,0.008000,0.003000,0.007000,-0.026027,0.772084,0.147766,-0.617555,0.370940,-0.255194,0.605010,0.122373,-0.612830,-0.051139,0.779005,-0.355730,-0.241423,0.600827,-0.026027,0.772084,0.147766,-0.617555,0.370940,-0.255194,0.605010,0.122373,-0.612830,-0.051139,0.779005,-0.355730,-0.241423,0.600827,0.449888,0.000000,0.000000,0.000000,1,True,True,0.000000,0.000000,0.000000,0.000000,0.000000,0.000000,0.000000,0.000000,0.000000,True,0.000000,0.000000,0.000000,0.000000,0.000000,0.000000,-0.427345,2.427751,-1.111539,2.889933,-0.427345,2.427751,-1.111539,2.889846,0.000000,0.000000,0.000000,0.000000,0.000000,0.000000,0.000000,0.000000,-510.337463,503.000427,2047.567505,-494.033905,True,velocity,0.449888,0.449888,0.000000,0.000000,6.213726,False
2.8092861300101504,-0.004000,1.324000,-1.706000,1.306000,-0.007000,0.005000,-0.006000,-0.048000,1.319000,1.654000,1.353000,0.008000,0.003000,0.007000,-0.026027,0.772084,0.147766,-0.617555,0.370940,-0.255194,0.605010,0.122373,-0.612830,-0.051139,0.779005,-0.355730,-0.241423,0.600827,-0.026027,0.772084,0.147766,-0.617555,0.370940,-0.255194,0.605010,0.122373,-0.612830,-0.051139,0.779005,-0.355730,-0.241423,0.600827,0.449888,0.000000,0.000000,0.000000,1,True,True,0.000000,0.000000,0.000000,0.000000,0.000000,0.000000,0.000000,0.000000,0.000000,True,0.000000,0.000000,0.000000,0.000000,0.000000,0.000000,-0.427345,2.427751,-1.111573,2.889846,-0.427345,2.427751,-1.111573,2.889846,0.000000,0.000000,0.000000,0.000000,0.000000,0.000000,0.000000,0.000000,-510.337463,503.000427,2047.567505,-494.033905,True,velocity,0.449888,0.449888,0.000000,0.000000,6.247507,False
2.8422280070080888,-0.004000,1.324000,-1.706000,1.306000,-0.007000,0.005000,-0.006000,-0.048000,1.319000,1.654000,1.353000,0.008000,0.003000,0.007000,-0.026027,0.772084,0.147766,-0.617555,0.370940,-0.255194,0.605010,0.122373,-0.612830,-0.051139,0.779005,-0.355730,-0.241423,0.600827,-0.026027,0.772084,0.147766,-0.617555,0.370940,-0.255194,0.605010,0.122373,-0.612830,-0.051139,0.779005,-0.355730,-0.241423,0.600827,0.449888,0.000000,0.000000,0.000000,1,True,True,0.000000,0.000000,0.000000,0.000000,0.000000,0.000000,0.000000,0.000000,0.000000,True,0.000000,0.000000,0.000000,0.000000,0.000000,0.000000,-0.427345,2.427751,-1.111573,2.889846,-0.427754,2.427751,-1.111573,2.889846,0.000000,0.000000,0.000000,0.000000,0.000000,0.000000,0.000000,0.000000,-510.337463,503.000427,2047.567505,-494.033905,True,velocity,0.449888,0.449888,0.000000,0.000000,6.280493,False
2.8763515090104192,-0.004000,1.324000,-1.706000,1.306000,-0.007000,0.005000,-0.006000,-0.048000,1.319000,1.654000,1.353000,0.008000,0.003000,0.007000,-0.026027,0.772084,0.147766,-0.617555,0.370940,-0.255194,0.605010,0.122373,-0.612830,-0.051139,0.779005,-0.355730,-0.241423,0.600827,-0.026027,0.772084,0.147766,-0.617555,0.370940,-0.255194,0.605010,0.122373,-0.612830,-0.051139,0.779005,-0.355730,-0.241423,0.600827,0.449888,0.000000,0.000000,0.000000,1,True,True,0.000000,0.000000,0.000000,0.000000,0.000000,0.000000,0.000000,0.000000,0.000000,True,0.000000,0.000000,0.000000,0.000000,0.000000,0.000000,-0.427754,2.427751,-1.111573,2.890411,-0.427754,2.427751,-1.111573,2.890324,0.000000,0.000000,0.000000,0.000000,0.000000,0.000000,0.000000,0.000000,-510.337463,503.000427,2047.567505,-494.033905,True,velocity,0.449888,0.449888,0.000000,0.000000,6.314468,False
2.908961887995247,-0.004000,1.324000,-1.706000,1.306000,-0.007000,0.005000,-0.006000,-0.048000,1.319000,1.654000,1.353000,0.008000,0.003000,0.007000,-0.026027,0.772084,0.147766,-0.617555,0.370940,-0.255194,0.605010,0.122373,-0.612830,-0.051139,0.779005,-0.355730,-0.241423,0.600827,-0.026027,0.772084,0.147766,-0.617555,0.370940,-0.255194,0.605010,0.122373,-0.612830,-0.051139,0.779005,-0.355730,-0.241423,0.600827,0.449888,0.000000,0.000000,0.000000,1,True,True,0.000000,0.000000,0.000000,0.000000,0.000000,0.000000,0.000000,0.000000,0.000000,True,0.000000,0.000000,0.000000,0.000000,0.000000,0.000000,-0.427870,2.427751,-1.111573,2.890499,-0.427870,2.427751,-1.111573,2.890499,0.000000,0.000000,0.000000,0.000000,0.000000,0.000000,0.000000,0.000000,-510.337463,503.000427,2047.567505,-494.033905,True,velocity,0.449888,0.449888,0.000000,0.000000,6.347227,False
2.9427586130041163,-0.004000,1.324000,-1.706000,1.306000,-0.007000,0.005000,-0.006000,-0.048000,1.319000,1.654000,1.353000,0.008000,0.003000,0.007000,-0.026027,0.772084,0.147766,-0.617555,0.370940,-0.255194,0.605010,0.122373,-0.612830,-0.051139,0.779005,-0.355730,-0.241423,0.600827,-0.026027,0.772084,0.147766,-0.617555,0.370940,-0.255194,0.605010,0.122373,-0.612830,-0.051139,0.779005,-0.355730,-0.241423,0.600827,0.449888,0.000000,0.000000,0.000000,1,True,True,0.000000,0.000000,0.000000,0.000000,0.000000,0.000000,0.000000,0.000000,0.000000,True,0.000000,0.000000,0.000000,0.000000,0.000000,0.000000,-0.427754,2.427751,-1.111573,2.889933,-0.427754,2.427751,-1.111539,2.889933,0.000000,0.000000,0.000000,0.000000,0.000000,0.000000,0.000000,0.000000,-510.337463,503.000427,2047.567505,-494.033905,True,velocity,0.449888,0.449888,0.000000,0.000000,6.381035,False
2.9757564709871076,-0.004000,1.324000,-1.706000,1.306000,-0.007000,0.005000,-0.006000,-0.048000,1.319000,1.654000,1.353000,0.008000,0.003000,0.007000,-0.026027,0.772084,0.147766,-0.617555,0.370940,-0.255194,0.605010,0.122373,-0.612830,-0.051139,0.779005,-0.355730,-0.241423,0.600827,-0.026027,0.772084,0.147766,-0.617555,0.370940,-0.255194,0.605010,0.122373,-0.612830,-0.051139,0.779005,-0.355730,-0.241423,0.600827,0.449888,0.000000,0.000000,0.000000,1,True,True,0.000000,0.000000,0.000000,0.000000,0.000000,0.000000,0.000000,0.000000,0.000000,True,0.000000,0.000000,0.000000,0.000000,0.000000,0.000000,-0.427754,2.427751,-1.111507,2.889846,-0.427754,2.427751,-1.111507,2.889846,0.000000,0.000000,0.000000,0.000000,0.000000,0.000000,0.000000,0.000000,-510.337463,503.000427,2047.567505,-494.033905,True,velocity,0.449888,0.449888,0.000000,0.000000,6.414026,False
3.0098256960045546,-0.004000,1.324000,-1.706000,1.306000,-0.007000,0.005000,-0.006000,-0.048000,1.319000,1.654000,1.353000,0.008000,0.003000,0.007000,-0.026027,0.772084,0.147766,-0.617555,0.370940,-0.255194,0.605010,0.122373,-0.612830,-0.051139,0.779005,-0.355730,-0.241423,0.600827,-0.026027,0.772084,0.147766,-0.617555,0.370940,-0.255194,0.605010,0.122373,-0.612830,-0.051139,0.779005,-0.355730,-0.241423,0.600827,0.449888,0.000000,0.000000,0.000000,1,True,True,0.000000,0.000000,0.000000,0.000000,0.000000,0.000000,0.000000,0.000000,0.000000,True,0.000000,0.000000,0.000000,0.000000,0.000000,0.000000,-0.427345,2.427751,-1.111507,2.889846,-0.427345,2.427751,-1.111507,2.890411,0.000000,0.000000,0.000000,0.000000,0.000000,0.000000,0.000000,0.000000,-510.337463,503.000427,2047.567505,-494.033905,True,velocity,0.449888,0.449888,0.000000,0.000000,6.447945,False
3.04318203398725,-0.004000,1.324000,-1.706000,1.306000,-0.007000,0.005000,-0.006000,-0.048000,1.319000,1.654000,1.353000,0.008000,0.003000,0.007000,-0.026027,0.772084,0.147766,-0.617555,0.370940,-0.255194,0.605010,0.122373,-0.612830,-0.051139,0.779005,-0.355730,-0.241423,0.600827,-0.026027,0.772084,0.147766,-0.617555,0.370940,-0.255194,0.605010,0.122373,-0.612830,-0.051139,0.779005,-0.355730,-0.241423,0.600827,0.449888,0.000000,0.000000,0.000000,1,True,True,0.000000,0.000000,0.000000,0.000000,0.000000,0.000000,0.000000,0.000000,0.000000,True,0.000000,0.000000,0.000000,0.000000,0.000000,0.000000,-0.427754,2.427751,-1.111573,2.889846,-0.427345,2.427751,-1.111539,2.884057,0.000000,0.000000,0.000000,0.000000,0.000000,0.000000,0.000000,0.000000,-510.337463,503.000427,2047.567505,-494.033905,True,velocity,0.449888,0.449888,0.000000,0.000000,6.481401,False
3.076432817004388,-0.004000,1.324000,-1.706000,1.306000,-0.007000,0.005000,-0.006000,-0.048000,1.319000,1.654000,1.353000,0.008000,0.003000,0.007000,-0.026027,0.772084,0.147766,-0.617555,0.370940,-0.255194,0.605010,0.122373,-0.612830,-0.051139,0.779005,-0.355730,-0.241423,0.600827,-0.026027,0.772084,0.147766,-0.617555,0.370940,-0.255194,0.605010,0.122373,-0.612830,-0.051139,0.779005,-0.355730,-0.241423,0.600827,0.449888,0.000000,0.000000,0.000000,1,True,True,0.000000,0.000000,0.000000,0.000000,0.000000,0.000000,0.000000,0.000000,0.000000,True,0.000000,0.000000,0.000000,0.000000,0.000000,0.000000,-0.427345,2.427751,-1.111539,2.890499,-0.427345,2.427751,-1.111539,2.890499,0.000000,0.000000,0.000000,0.000000,0.000000,0.000000,0.000000,0.000000,-510.337463,503.000427,2047.567505,-494.033905,True,velocity,0.449888,0.449888,0.000000,0.000000,6.514706,False
3.1110423720092513,-0.004000,1.324000,-1.706000,1.306000,-0.007000,0.005000,-0.006000,-0.048000,1.319000,1.654000,1.353000,0.008000,0.003000,0.007000,-0.026027,0.772084,0.147766,-0.617555,0.370940,-0.255194,0.605010,0.122373,-0.612830,-0.051139,0.779005,-0.355730,-0.241423,0.600827,-0.026027,0.772084,0.147766,-0.617555,0.370940,-0.255194,0.605010,0.122373,-0.612830,-0.051139,0.779005,-0.355730,-0.241423,0.600827,0.449888,0.000000,0.000000,0.000000,1,True,True,0.000000,0.000000,0.000000,0.000000,0.000000,0.000000,0.000000,0.000000,0.000000,True,0.000000,0.000000,0.000000,0.000000,0.000000,0.000000,-0.427870,2.427751,-1.111539,2.890499,-0.427870,2.427751,-1.111539,2.890499,0.000000,0.000000,0.000000,0.000000,0.000000,0.000000,0.000000,0.000000,-510.337463,503.000427,2047.567505,-494.033905,True,velocity,0.449888,0.449888,0.000000,0.000000,6.549011,False
3.143917990993941,-0.004000,1.324000,-1.706000,1.306000,-0.007000,0.005000,-0.006000,-0.048000,1.319000,1.654000,1.353000,0.008000,0.003000,0.007000,-0.026027,0.772084,0.147766,-0.617555,0.370940,-0.255194,0.605010,0.122373,-0.612830,-0.051139,0.779005,-0.355730,-0.241423,0.600827,-0.026027,0.772084,0.147766,-0.617555,0.370940,-0.255194,0.605010,0.122373,-0.612830,-0.051139,0.779005,-0.355730,-0.241423,0.600827,0.449888,0.000000,0.000000,0.000000,1,True,True,0.000000,0.000000,0.000000,0.000000,0.000000,0.000000,0.000000,0.000000,0.000000,True,0.000000,0.000000,0.000000,0.000000,0.000000,0.000000,-0.427345,2.427751,-1.111539,2.889846,-0.427870,2.427685,-1.111539,2.883970,0.000000,0.000000,0.000000,0.000000,0.000000,0.000000,0.000000,0.000000,-510.337463,503.000427,2047.567505,-494.033905,True,velocity,0.449888,0.449888,0.000000,0.000000,6.582151,False
3.1780793619982433,-0.004000,1.324000,-1.706000,1.306000,-0.007000,0.005000,-0.006000,-0.048000,1.319000,1.654000,1.353000,0.008000,0.003000,0.007000,-0.026027,0.772084,0.147766,-0.617555,0.370940,-0.255194,0.605010,0.122373,-0.612830,-0.051139,0.779005,-0.355730,-0.241423,0.600827,-0.026027,0.772084,0.147766,-0.617555,0.370940,-0.255194,0.605010,0.122373,-0.612830,-0.051139,0.779005,-0.355730,-0.241423,0.600827,0.449888,0.000000,0.000000,0.000000,1,True,True,0.000000,0.000000,0.000000,0.000000,0.000000,0.000000,0.000000,0.000000,0.000000,True,0.000000,0.000000,0.000000,0.000000,0.000000,0.000000,-0.427229,2.427685,-1.111539,2.890411,-0.427870,2.427817,-1.111507,2.890499,0.000000,0.000000,0.000000,0.000000,0.000000,0.000000,0.000000,0.000000,-510.337463,503.000427,2047.567505,-494.033905,True,velocity,0.449888,0.449888,0.000000,0.000000,6.616014,False
3.210303002008004,-0.004000,1.324000,-1.706000,1.306000,-0.007000,0.005000,-0.006000,-0.048000,1.319000,1.654000,1.353000,0.008000,0.003000,0.007000,-0.026027,0.772084,0.147766,-0.617555,0.370940,-0.255194,0.605010,0.122373,-0.612830,-0.051139,0.779005,-0.355730,-0.241423,0.600827,-0.026027,0.772084,0.147766,-0.617555,0.370940,-0.255194,0.605010,0.122373,-0.612830,-0.051139,0.779005,-0.355730,-0.241423,0.600827,0.449888,0.000000,0.000000,0.000000,1,True,True,0.000000,0.000000,0.000000,0.000000,0.000000,0.000000,0.000000,0.000000,0.000000,True,0.000000,0.000000,0.000000,0.000000,0.000000,0.000000,-0.427345,2.427685,-1.111507,2.884057,-0.427345,2.427685,-1.111507,2.884057,0.000000,0.000000,0.000000,0.000000,0.000000,0.000000,0.000000,0.000000,-510.337463,503.000427,2047.567505,-494.033905,True,velocity,0.449888,0.449888,0.000000,0.000000,6.648524,False
3.243437377997907,-0.004000,1.324000,-1.706000,1.306000,-0.007000,0.005000,-0.006000,-0.048000,1.319000,1.654000,1.353000,0.008000,0.003000,0.007000,-0.026027,0.772084,0.147766,-0.617555,0.370940,-0.255194,0.605010,0.122373,-0.612830,-0.051139,0.779005,-0.355730,-0.241423,0.600827,-0.026027,0.772084,0.147766,-0.617555,0.370940,-0.255194,0.605010,0.122373,-0.612830,-0.051139,0.779005,-0.355730,-0.241423,0.600827,0.449888,0.000000,0.000000,0.000000,1,True,True,0.000000,0.000000,0.000000,0.000000,0.000000,0.000000,0.000000,0.000000,0.000000,True,0.000000,0.000000,0.000000,0.000000,0.000000,0.000000,-0.427987,2.427817,-1.111473,2.889846,-0.427870,2.427685,-1.111473,2.889846,0.000000,0.000000,0.000000,0.000000,0.000000,0.000000,0.000000,0.000000,-510.337463,503.000427,2047.567505,-494.033905,True,velocity,0.449888,0.449888,0.000000,0.000000,6.681563,False
3.2764291439962108,-0.004000,1.324000,-1.706000,1.306000,-0.007000,0.005000,-0.006000,-0.048000,1.319000,1.654000,1.353000,0.008000,0.003000,0.007000,-0.026027,0.772084,0.147766,-0.617555,0.370940,-0.255194,0.605010,0.122373,-0.612830,-0.051139,0.779005,-0.355730,-0.241423,0.600827,-0.026027,0.772084,0.147766,-0.617555,0.370940,-0.255194,0.605010,0.122373,-0.612830,-0.051139,0.779005,-0.355730,-0.241423,0.600827,0.449888,0.000000,0.000000,0.000000,1,True,True,0.000000,0.000000,0.000000,0.000000,0.000000,0.000000,0.000000,0.000000,0.000000,True,0.000000,0.000000,0.000000,0.000000,0.000000,0.000000,-0.427345,2.427685,-1.111507,2.889933,-0.427345,2.427685,-1.111507,2.889933,0.000000,0.000000,0.000000,0.000000,0.000000,0.000000,0.000000,0.000000,-510.337463,503.000427,2047.567505,-494.033905,True,velocity,0.449888,0.449888,0.000000,0.000000,6.714700,False
3.310923680983251,-0.004000,1.324000,-1.706000,1.306000,-0.007000,0.005000,-0.006000,-0.048000,1.319000,1.654000,1.353000,0.008000,0.003000,0.007000,-0.026027,0.772084,0.147766,-0.617555,0.370940,-0.255194,0.605010,0.122373,-0.612830,-0.051139,0.779005,-0.355730,-0.241423,0.600827,-0.026027,0.772084,0.147766,-0.617555,0.370940,-0.255194,0.605010,0.122373,-0.612830,-0.051139,0.779005,-0.355730,-0.241423,0.600827,0.449888,0.000000,0.000000,0.000000,1,True,True,0.000000,0.000000,0.000000,0.000000,0.000000,0.000000,0.000000,0.000000,0.000000,True,0.000000,0.000000,0.000000,0.000000,0.000000,0.000000,-0.427987,2.427685,-1.111507,2.889933,-0.427987,2.427685,-1.111507,2.889933,0.000000,0.000000,0.000000,0.000000,0.000000,0.000000,0.000000,0.000000,-510.337463,503.000427,2047.567505,-494.033905,True,velocity,0.449888,0.449888,0.000000,0.000000,6.749176,False
3.3440899460110813,-0.004000,1.324000,-1.706000,1.306000,-0.007000,0.005000,-0.006000,-0.048000,1.319000,1.654000,1.353000,0.008000,0.003000,0.007000,-0.026027,0.772084,0.147766,-0.617555,0.370940,-0.255194,0.605010,0.122373,-0.612830,-0.051139,0.779005,-0.355730,-0.241423,0.600827,-0.026027,0.772084,0.147766,-0.617555,0.370940,-0.255194,0.605010,0.122373,-0.612830,-0.051139,0.779005,-0.355730,-0.241423,0.600827,0.449888,0.000000,0.000000,0.000000,1,True,True,0.000000,0.000000,0.000000,0.000000,0.000000,0.000000,0.000000,0.000000,0.000000,True,0.000000,0.000000,0.000000,0.000000,0.000000,0.000000,-0.427345,2.427685,-1.111507,2.889933,-0.427345,2.427685,-1.111507,2.890586,0.000000,0.000000,0.000000,0.000000,0.000000,0.000000,0.000000,0.000000,-510.337463,503.000427,2047.567505,-494.033905,True,velocity,0.449888,0.449888,0.000000,0.000000,6.781956,False
3.3772703779977746,-0.004000,1.324000,-1.706000,1.306000,-0.007000,0.005000,-0.006000,-0.048000,1.319000,1.654000,1.353000,0.008000,0.003000,0.007000,-0.026027,0.772084,0.147766,-0.617555,0.370940,-0.255194,0.605010,0.122373,-0.612830,-0.051139,0.779005,-0.355730,-0.241423,0.600827,-0.026027,0.772084,0.147766,-0.617555,0.370940,-0.255194,0.605010,0.122373,-0.612830,-0.051139,0.779005,-0.355730,-0.241423,0.600827,0.449888,0.000000,0.000000,0.000000,1,True,True,0.000000,0.000000,0.000000,0.000000,0.000000,0.000000,0.000000,0.000000,0.000000,True,0.000000,0.000000,0.000000,0.000000,0.000000,0.000000,-0.427345,2.427685,-1.112148,2.890499,-0.427754,2.427685,-1.111507,2.889933,0.000000,0.000000,0.000000,0.000000,0.000000,0.000000,0.000000,0.000000,-510.337463,503.000427,2047.567505,-494.033905,True,velocity,0.449888,0.449888,0.000000,0.000000,6.815516,False
3.4099697379861027,-0.004000,1.324000,-1.706000,1.306000,-0.007000,0.005000,-0.006000,-0.048000,1.319000,1.654000,1.353000,0.008000,0.003000,0.007000,-0.026027,0.772084,0.147766,-0.617555,0.370940,-0.255194,0.605010,0.122373,-0.612830,-0.051139,0.779005,-0.355730,-0.241423,0.600827,-0.026027,0.772084,0.147766,-0.617555,0.370940,-0.255194,0.605010,0.122373,-0.612830,-0.051139,0.779005,-0.355730,-0.241423,0.600827,0.449888,0.000000,0.000000,0.000000,1,True,True,0.000000,0.000000,0.000000,0.000000,0.000000,0.000000,0.000000,0.000000,0.000000,True,0.000000,0.000000,0.000000,0.000000,0.000000,0.000000,-0.427345,2.427817,-1.111507,2.889846,-0.427345,2.427817,-1.111507,2.889846,0.000000,0.000000,0.000000,0.000000,0.000000,0.000000,0.000000,0.000000,-510.337463,503.000427,2047.567505,-494.033905,True,velocity,0.449888,0.449888,0.000000,0.000000,6.848243,False
3.44413494298351,-0.004000,1.324000,-1.706000,1.306000,-0.007000,0.005000,-0.006000,-0.048000,1.319000,1.654000,1.353000,0.008000,0.003000,0.007000,-0.026027,0.772084,0.147766,-0.617555,0.370940,-0.255194,0.605010,0.122373,-0.612830,-0.051139,0.779005,-0.355730,-0.241423,0.600827,-0.026027,0.772084,0.147766,-0.617555,0.370940,-0.255194,0.605010,0.122373,-0.612830,-0.051139,0.779005,-0.355730,-0.241423,0.600827,0.449888,0.000000,0.000000,0.000000,1,True,True,0.000000,0.000000,0.000000,0.000000,0.000000,0.000000,0.000000,0.000000,0.000000,True,0.000000,0.000000,0.000000,0.000000,0.000000,0.000000,-0.427229,2.427751,-1.111507,2.890411,-0.427229,2.427751,-1.111507,2.890411,0.000000,0.000000,0.000000,0.000000,0.000000,0.000000,0.000000,0.000000,-510.337463,503.000427,2047.567505,-494.033905,True,velocity,0.449888,0.449888,0.000000,0.000000,6.882263,False
3.4768276359827723,-0.004000,1.324000,-1.706000,1.306000,-0.007000,0.005000,-0.006000,-0.048000,1.319000,1.654000,1.353000,0.008000,0.003000,0.007000,-0.026027,0.772084,0.147766,-0.617555,0.370940,-0.255194,0.605010,0.122373,-0.612830,-0.051139,0.779005,-0.355730,-0.241423,0.600827,-0.026027,0.772084,0.147766,-0.617555,0.370940,-0.255194,0.605010,0.122373,-0.612830,-0.051139,0.779005,-0.355730,-0.241423,0.600827,0.449888,0.000000,0.000000,0.000000,1,True,True,0.000000,0.000000,0.000000,0.000000,0.000000,0.000000,0.000000,0.000000,0.000000,True,0.000000,0.000000,0.000000,0.000000,0.000000,0.000000,-0.427229,2.427751,-1.111507,2.889846,-0.427229,2.427751,-1.111507,2.889846,0.000000,0.000000,0.000000,0.000000,0.000000,0.000000,0.000000,0.000000,-510.337463,503.000427,2047.567505,-494.033905,True,velocity,0.449888,0.449888,0.000000,0.000000,6.915094,False
3.510729508998338,-0.004000,1.324000,-1.706000,1.306000,-0.007000,0.005000,-0.006000,-0.048000,1.319000,1.654000,1.353000,0.008000,0.003000,0.007000,-0.026027,0.772084,0.147766,-0.617555,0.370940,-0.255194,0.605010,0.122373,-0.612830,-0.051139,0.779005,-0.355730,-0.241423,0.600827,-0.026027,0.772084,0.147766,-0.617555,0.370940,-0.255194,0.605010,0.122373,-0.612830,-0.051139,0.779005,-0.355730,-0.241423,0.600827,0.449888,0.000000,0.000000,0.000000,1,True,True,0.000000,0.000000,0.000000,0.000000,0.000000,0.000000,0.000000,0.000000,0.000000,True,0.000000,0.000000,0.000000,0.000000,0.000000,0.000000,-0.427229,2.427751,-1.111507,2.889846,-0.427229,2.427751,-1.111507,2.889846,0.000000,0.000000,0.000000,0.000000,0.000000,0.000000,0.000000,0.000000,-510.337463,503.000427,2047.567505,-494.033905,True,velocity,0.449888,0.449888,0.000000,0.000000,6.949003,False
3.545468897005776,-0.004000,1.324000,-1.706000,1.306000,-0.007000,0.005000,-0.006000,-0.048000,1.319000,1.654000,1.353000,0.008000,0.003000,0.007000,-0.026027,0.772084,0.147766,-0.617555,0.370940,-0.255194,0.605010,0.122373,-0.612830,-0.051139,0.779005,-0.355730,-0.241423,0.600827,-0.026027,0.772084,0.147766,-0.617555,0.370940,-0.255194,0.605010,0.122373,-0.612830,-0.051139,0.779005,-0.355730,-0.241423,0.600827,0.449888,0.000000,0.000000,0.000000,1,True,True,0.000000,0.000000,0.000000,0.000000,0.000000,0.000000,0.000000,0.000000,0.000000,True,0.000000,0.000000,0.000000,0.000000,0.000000,0.000000,-0.427870,2.427751,-1.111507,2.884536,-0.427345,2.427751,-1.111507,2.884536,0.000000,0.000000,0.000000,0.000000,0.000000,0.000000,0.000000,0.000000,-510.337463,503.000427,2047.567505,-494.033905,True,velocity,0.449888,0.449888,0.000000,0.000000,6.983329,False
3.57921738200821,-0.004000,1.324000,-1.706000,1.306000,-0.007000,0.005000,-0.006000,-0.048000,1.319000,1.654000,1.353000,0.008000,0.003000,0.007000,-0.026027,0.772084,0.147766,-0.617555,0.370940,-0.255194,0.605010,0.122373,-0.612830,-0.051139,0.779005,-0.355730,-0.241423,0.600827,-0.026027,0.772084,0.147766,-0.617555,0.370940,-0.255194,0.605010,0.122373,-0.612830,-0.051139,0.779005,-0.355730,-0.241423,0.600827,0.449888,0.000000,0.000000,0.000000,1,True,True,0.000000,0.000000,0.000000,0.000000,0.000000,0.000000,0.000000,0.000000,0.000000,True,0.000000,0.000000,0.000000,0.000000,0.000000,0.000000,-0.427345,2.427751,-1.111507,2.884536,-0.427345,2.427751,-1.111507,2.884536,0.000000,0.000000,0.000000,0.000000,0.000000,0.000000,0.000000,0.000000,-510.337463,503.000427,2047.567505,-494.033905,True,velocity,0.449888,0.449888,0.000000,0.000000,7.017427,False
3.6110884489899036,-0.004000,1.324000,-1.706000,1.306000,-0.007000,0.005000,-0.006000,-0.048000,1.319000,1.654000,1.353000,0.008000,0.003000,0.007000,-0.026027,0.772084,0.147766,-0.617555,0.370940,-0.255194,0.605010,0.122373,-0.612830,-0.051139,0.779005,-0.355730,-0.241423,0.600827,-0.026027,0.772084,0.147766,-0.617555,0.370940,-0.255194,0.605010,0.122373,-0.612830,-0.051139,0.779005,-0.355730,-0.241423,0.600827,0.449888,0.000000,0.000000,0.000000,1,True,True,0.000000,0.000000,0.000000,0.000000,0.000000,0.000000,0.000000,0.000000,0.000000,True,0.000000,0.000000,0.000000,0.000000,0.000000,0.000000,-0.427345,2.427751,-1.111507,2.889846,-0.427345,2.427751,-1.111507,2.884536,0.000000,0.000000,0.000000,0.000000,0.000000,0.000000,0.000000,0.000000,-510.337463,503.000427,2047.567505,-494.033905,True,velocity,0.449888,0.449888,0.000000,0.000000,7.049362,False
3.6441379919997416,-0.004000,1.324000,-1.706000,1.306000,-0.007000,0.005000,-0.006000,-0.048000,1.319000,1.654000,1.353000,0.008000,0.003000,0.007000,-0.026027,0.772084,0.147766,-0.617555,0.370940,-0.255194,0.605010,0.122373,-0.612830,-0.051139,0.779005,-0.355730,-0.241423,0.600827,-0.026027,0.772084,0.147766,-0.617555,0.370940,-0.255194,0.605010,0.122373,-0.612830,-0.051139,0.779005,-0.355730,-0.241423,0.600827,0.449888,0.000000,0.000000,0.000000,1,True,True,0.000000,0.000000,0.000000,0.000000,0.000000,0.000000,0.000000,0.000000,0.000000,True,0.000000,0.000000,0.000000,0.000000,0.000000,0.000000,-0.427345,2.427751,-1.111507,2.889846,-0.427345,2.427751,-1.111507,2.889846,0.000000,0.000000,0.000000,0.000000,0.000000,0.000000,0.000000,0.000000,-510.337463,503.000427,2047.567505,-494.033905,True,velocity,0.449888,0.449888,0.000000,0.000000,7.082411,False
3.6801574860000983,-0.004000,1.324000,-1.706000,1.306000,-0.007000,0.005000,-0.006000,-0.048000,1.319000,1.654000,1.353000,0.008000,0.003000,0.007000,-0.026027,0.772084,0.147766,-0.617555,0.370940,-0.255194,0.605010,0.122373,-0.612830,-0.051139,0.779005,-0.355730,-0.241423,0.600827,-0.026027,0.772084,0.147766,-0.617555,0.370940,-0.255194,0.605010,0.122373,-0.612830,-0.051139,0.779005,-0.355730,-0.241423,0.600827,0.449888,0.000000,0.000000,0.000000,1,True,True,0.000000,0.000000,0.000000,0.000000,0.000000,0.000000,0.000000,0.000000,0.000000,True,0.000000,0.000000,0.000000,0.000000,0.000000,0.000000,-0.427229,2.427751,-1.111507,2.890499,-0.427229,2.427751,-1.111507,2.883970,0.000000,0.000000,0.000000,0.000000,0.000000,0.000000,0.000000,0.000000,-510.337463,503.000427,2047.567505,-494.033905,True,velocity,0.449888,0.449888,0.000000,0.000000,7.117804,False
3.71367139701033,-0.004000,1.324000,-1.706000,1.306000,-0.007000,0.005000,-0.006000,-0.048000,1.319000,1.654000,1.353000,0.008000,0.003000,0.007000,-0.026027,0.772084,0.147766,-0.617555,0.370940,-0.255194,0.605010,0.122373,-0.612830,-0.051139,0.779005,-0.355730,-0.241423,0.600827,-0.026027,0.772084,0.147766,-0.617555,0.370940,-0.255194,0.605010,0.122373,-0.612830,-0.051139,0.779005,-0.355730,-0.241423,0.600827,0.449888,0.000000,0.000000,0.000000,1,True,True,0.000000,0.000000,0.000000,0.000000,0.000000,0.000000,0.000000,0.000000,0.000000,True,0.000000,0.000000,0.000000,0.000000,0.000000,0.000000,-0.427870,2.427751,-1.111539,2.884057,-0.427870,2.427751,-1.111539,2.884057,0.000000,0.000000,0.000000,0.000000,0.000000,0.000000,0.000000,0.000000,-510.337463,503.000427,2047.567505,-494.033905,True,velocity,0.449888,0.449888,0.000000,0.000000,7.151839,False
3.746749791986076,-0.004000,1.324000,-1.706000,1.306000,-0.007000,0.005000,-0.006000,-0.048000,1.319000,1.654000,1.353000,0.008000,0.003000,0.007000,-0.026027,0.772084,0.147766,-0.617555,0.370940,-0.255194,0.605010,0.122373,-0.612830,-0.051139,0.779005,-0.355730,-0.241423,0.600827,-0.026027,0.772084,0.147766,-0.617555,0.370940,-0.255194,0.605010,0.122373,-0.612830,-0.051139,0.779005,-0.355730,-0.241423,0.600827,0.449888,0.000000,0.000000,0.000000,1,True,True,0.000000,0.000000,0.000000,0.000000,0.000000,0.000000,0.000000,0.000000,0.000000,True,0.000000,0.000000,0.000000,0.000000,0.000000,0.000000,-0.427345,2.427751,-1.111473,2.889846,-0.427345,2.427751,-1.111539,2.889846,0.000000,0.000000,0.000000,0.000000,0.000000,0.000000,0.000000,0.000000,-510.337463,503.000427,2047.567505,-494.033905,True,velocity,0.449888,0.449888,0.000000,0.000000,7.184787,False
3.777722344995709,-0.004000,1.324000,-1.706000,1.306000,-0.007000,0.005000,-0.006000,-0.048000,1.319000,1.654000,1.353000,0.008000,0.003000,0.007000,-0.026027,0.772084,0.147766,-0.617555,0.370940,-0.255194,0.605010,0.122373,-0.612830,-0.051139,0.779005,-0.355730,-0.241423,0.600827,-0.026027,0.772084,0.147766,-0.617555,0.370940,-0.255194,0.605010,0.122373,-0.612830,-0.051139,0.779005,-0.355730,-0.241423,0.600827,0.449888,0.000000,0.000000,0.000000,1,True,True,0.000000,0.000000,0.000000,0.000000,0.000000,0.000000,0.000000,0.000000,0.000000,True,0.000000,0.000000,0.000000,0.000000,0.000000,0.000000,-0.427345,2.427751,-1.111507,2.889846,-0.427345,2.427751,-1.111507,2.889846,0.000000,0.000000,0.000000,0.000000,0.000000,0.000000,0.000000,0.000000,-510.337463,503.000427,2047.567505,-494.033905,True,velocity,0.449888,0.449888,0.000000,0.000000,7.215989,False
3.811824197997339,-0.004000,1.324000,-1.706000,1.306000,-0.007000,0.005000,-0.006000,-0.048000,1.319000,1.654000,1.353000,0.008000,0.003000,0.007000,-0.026027,0.772084,0.147766,-0.617555,0.370940,-0.255194,0.605010,0.122373,-0.612830,-0.051139,0.779005,-0.355730,-0.241423,0.600827,-0.026027,0.772084,0.147766,-0.617555,0.370940,-0.255194,0.605010,0.122373,-0.612830,-0.051139,0.779005,-0.355730,-0.241423,0.600827,0.449888,0.000000,0.000000,0.000000,1,True,True,0.000000,0.000000,0.000000,0.000000,0.000000,0.000000,0.000000,0.000000,0.000000,True,0.000000,0.000000,0.000000,0.000000,0.000000,0.000000,-0.427754,2.427751,-1.111507,2.883884,-0.427754,2.427751,-1.111507,2.889846,0.000000,0.000000,0.000000,0.000000,0.000000,0.000000,0.000000,0.000000,-510.337463,503.000427,2047.567505,-494.033905,True,velocity,0.449888,0.449888,0.000000,0.000000,7.249846,False
3.8446034470107406,-0.004000,1.324000,-1.706000,1.306000,-0.007000,0.005000,-0.006000,-0.048000,1.319000,1.654000,1.353000,0.008000,0.003000,0.007000,-0.026027,0.772084,0.147766,-0.617555,0.370940,-0.255194,0.605010,0.122373,-0.612830,-0.051139,0.779005,-0.355730,-0.241423,0.600827,-0.026027,0.772084,0.147766,-0.617555,0.370940,-0.255194,0.605010,0.122373,-0.612830,-0.051139,0.779005,-0.355730,-0.241423,0.600827,0.449888,0.000000,0.000000,0.000000,1,True,True,0.000000,0.000000,0.000000,0.000000,0.000000,0.000000,0.000000,0.000000,0.000000,True,0.000000,0.000000,0.000000,0.000000,0.000000,0.000000,-0.427870,2.427817,-1.112115,2.884449,-0.427870,2.427817,-1.111507,2.889846,0.000000,0.000000,0.000000,0.000000,0.000000,0.000000,0.000000,0.000000,-510.337463,503.000427,2047.567505,-494.033905,True,velocity,0.449888,0.449888,0.000000,0.000000,7.282859,False
3.878669762983918,-0.004000,1.324000,-1.706000,1.306000,-0.007000,0.005000,-0.006000,-0.048000,1.319000,1.654000,1.353000,0.008000,0.003000,0.007000,-0.026027,0.772084,0.147766,-0.617555,0.370940,-0.255194,0.605010,0.122373,-0.612830,-0.051139,0.779005,-0.355730,-0.241423,0.600827,-0.026027,0.772084,0.147766,-0.617555,0.370940,-0.255194,0.605010,0.122373,-0.612830,-0.051139,0.779005,-0.355730,-0.241423,0.600827,0.449888,0.000000,0.000000,0.000000,1,True,True,0.000000,0.000000,0.000000,0.000000,0.000000,0.000000,0.000000,0.000000,0.000000,True,0.000000,0.000000,0.000000,0.000000,0.000000,0.000000,-0.427345,2.427685,-1.112115,2.889846,-0.427345,2.427751,-1.111473,2.889671,0.000000,0.000000,0.000000,0.000000,0.000000,0.000000,0.000000,0.000000,-510.337463,503.000427,2047.567505,-494.033905,True,velocity,0.449888,0.449888,0.000000,0.000000,7.316721,False
3.9113015490002,-0.004000,1.324000,-1.706000,1.306000,-0.007000,0.005000,-0.006000,-0.048000,1.319000,1.654000,1.353000,0.008000,0.003000,0.007000,-0.026027,0.772084,0.147766,-0.617555,0.370940,-0.255194,0.605010,0.122373,-0.612830,-0.051139,0.779005,-0.355730,-0.241423,0.600827,-0.026027,0.772084,0.147766,-0.617555,0.370940,-0.255194,0.605010,0.122373,-0.612830,-0.051139,0.779005,-0.355730,-0.241423,0.600827,0.449888,0.000000,0.000000,0.000000,1,True,True,0.000000,0.000000,0.000000,0.000000,0.000000,0.000000,0.000000,0.000000,0.000000,True,0.000000,0.000000,0.000000,0.000000,0.000000,0.000000,-0.427229,2.427817,-1.111507,2.889758,-0.427229,2.427817,-1.111507,2.889758,0.000000,0.000000,0.000000,0.000000,0.000000,0.000000,0.000000,0.000000,-510.337463,503.000427,2047.567505,-494.033905,True,velocity,0.449888,0.449888,0.000000,0.000000,7.349572,False
3.9451054229866713,-0.004000,1.324000,-1.706000,1.306000,-0.007000,0.005000,-0.006000,-0.048000,1.319000,1.654000,1.353000,0.008000,0.003000,0.007000,-0.026027,0.772084,0.147766,-0.617555,0.370940,-0.255194,0.605010,0.122373,-0.612830,-0.051139,0.779005,-0.355730,-0.241423,0.600827,-0.026027,0.772084,0.147766,-0.617555,0.370940,-0.255194,0.605010,0.122373,-0.612830,-0.051139,0.779005,-0.355730,-0.241423,0.600827,0.449888,0.000000,0.000000,0.000000,1,True,True,0.000000,0.000000,0.000000,0.000000,0.000000,0.000000,0.000000,0.000000,0.000000,True,0.000000,0.000000,0.000000,0.000000,0.000000,0.000000,-0.427229,2.427817,-1.111473,2.890411,-0.427229,2.427751,-1.112148,2.890411,0.000000,0.000000,0.000000,0.000000,0.000000,0.000000,0.000000,0.000000,-510.337463,503.000427,2047.567505,-494.033905,True,velocity,0.449888,0.449888,0.000000,0.000000,7.383243,False
3.9782520580047276,-0.004000,1.324000,-1.706000,1.306000,-0.007000,0.005000,-0.006000,-0.048000,1.319000,1.654000,1.353000,0.008000,0.003000,0.007000,-0.026027,0.772084,0.147766,-0.617555,0.370940,-0.255194,0.605010,0.122373,-0.612830,-0.051139,0.779005,-0.355730,-0.241423,0.600827,-0.026027,0.772084,0.147766,-0.617555,0.370940,-0.255194,0.605010,0.122373,-0.612830,-0.051139,0.779005,-0.355730,-0.241423,0.600827,0.449888,0.000000,0.000000,0.000000,1,True,True,0.000000,0.000000,0.000000,0.000000,0.000000,0.000000,0.000000,0.000000,0.000000,True,0.000000,0.000000,0.000000,0.000000,0.000000,0.000000,-0.427345,2.427817,-1.111507,2.890324,-0.427345,2.427817,-1.111473,2.890324,0.000000,0.000000,0.000000,0.000000,0.000000,0.000000,0.000000,0.000000,-510.337463,503.000427,2047.567505,-494.033905,True,velocity,0.449888,0.449888,0.000000,0.000000,7.416364,False
4.011788711010013,-0.004000,1.324000,-1.706000,1.306000,-0.007000,0.005000,-0.006000,-0.048000,1.319000,1.654000,1.353000,0.008000,0.003000,0.007000,-0.026027,0.772084,0.147766,-0.617555,0.370940,-0.255194,0.605010,0.122373,-0.612830,-0.051139,0.779005,-0.355730,-0.241423,0.600827,-0.026027,0.772084,0.147766,-0.617555,0.370940,-0.255194,0.605010,0.122373,-0.612830,-0.051139,0.779005,-0.355730,-0.241423,0.600827,0.449888,0.000000,0.000000,0.000000,1,True,True,0.000000,0.000000,0.000000,0.000000,0.000000,0.000000,0.000000,0.000000,0.000000,True,0.000000,0.000000,0.000000,0.000000,0.000000,0.000000,-0.427345,2.427751,-1.111539,2.890324,-0.427345,2.427751,-1.111539,2.889758,0.000000,0.000000,0.000000,0.000000,0.000000,0.000000,0.000000,0.000000,-510.337463,503.000427,2047.567505,-494.033905,True,velocity,0.449888,0.449888,0.000000,0.000000,7.450068,False
4.045588676992338,-0.004000,1.324000,-1.706000,1.306000,-0.007000,0.005000,-0.006000,-0.048000,1.319000,1.654000,1.353000,0.008000,0.003000,0.007000,-0.026027,0.772084,0.147766,-0.617555,0.370940,-0.255194,0.605010,0.122373,-0.612830,-0.051139,0.779005,-0.355730,-0.241423,0.600827,-0.026027,0.772084,0.147766,-0.617555,0.370940,-0.255194,0.605010,0.122373,-0.612830,-0.051139,0.779005,-0.355730,-0.241423,0.600827,0.449888,0.000000,0.000000,0.000000,1,True,True,0.000000,0.000000,0.000000,0.000000,0.000000,0.000000,0.000000,0.000000,0.000000,True,0.000000,0.000000,0.000000,0.000000,0.000000,0.000000,-0.427754,2.427685,-1.111539,2.889758,-0.427754,2.427751,-1.111539,2.889758,0.000000,0.000000,0.000000,0.000000,0.000000,0.000000,0.000000,0.000000,-510.337463,503.000427,2047.567505,-494.033905,True,velocity,0.449888,0.449888,0.000000,0.000000,7.483260,False
4.078820644994266,-0.004000,1.324000,-1.706000,1.306000,-0.007000,0.005000,-0.006000,-0.048000,1.319000,1.654000,1.353000,0.008000,0.003000,0.007000,-0.026027,0.772084,0.147766,-0.617555,0.370940,-0.255194,0.605010,0.122373,-0.612830,-0.051139,0.779005,-0.355730,-0.241423,0.600827,-0.026027,0.772084,0.147766,-0.617555,0.370940,-0.255194,0.605010,0.122373,-0.612830,-0.051139,0.779005,-0.355730,-0.241423,0.600827,0.449888,0.000000,0.000000,0.000000,1,True,True,0.000000,0.000000,0.000000,0.000000,0.000000,0.000000,0.000000,0.000000,0.000000,True,0.000000,0.000000,0.000000,0.000000,0.000000,0.000000,-0.427870,2.427751,-1.111539,2.890324,-0.427870,2.427751,-1.111539,2.890324,0.000000,0.000000,0.000000,0.000000,0.000000,0.000000,0.000000,0.000000,-510.337463,503.000427,2047.567505,-494.033905,True,velocity,0.449888,0.449888,0.000000,0.000000,7.517031,False
4.112327760987682,-0.004000,1.324000,-1.706000,1.306000,-0.007000,0.005000,-0.006000,-0.048000,1.319000,1.654000,1.353000,0.008000,0.003000,0.007000,-0.026027,0.772084,0.147766,-0.617555,0.370940,-0.255194,0.605010,0.122373,-0.612830,-0.051139,0.779005,-0.355730,-0.241423,0.600827,-0.026027,0.772084,0.147766,-0.617555,0.370940,-0.255194,0.605010,0.122373,-0.612830,-0.051139,0.779005,-0.355730,-0.241423,0.600827,0.449888,0.000000,0.000000,0.000000,1,True,True,0.000000,0.000000,0.000000,0.000000,0.000000,0.000000,0.000000,0.000000,0.000000,True,0.000000,0.000000,0.000000,0.000000,0.000000,0.000000,-0.427870,2.427751,-1.111539,2.889846,-0.427870,2.427751,-1.111539,2.889846,0.000000,0.000000,0.000000,0.000000,0.000000,0.000000,0.000000,0.000000,-510.337463,503.000427,2047.567505,-494.033905,True,velocity,0.449888,0.449888,0.000000,0.000000,7.550599,False
4.1459632639889605,-0.004000,1.324000,-1.706000,1.306000,-0.007000,0.005000,-0.006000,-0.048000,1.319000,1.654000,1.353000,0.008000,0.003000,0.007000,-0.026027,0.772084,0.147766,-0.617555,0.370940,-0.255194,0.605010,0.122373,-0.612830,-0.051139,0.779005,-0.355730,-0.241423,0.600827,-0.026027,0.772084,0.147766,-0.617555,0.370940,-0.255194,0.605010,0.122373,-0.612830,-0.051139,0.779005,-0.355730,-0.241423,0.600827,0.449888,0.000000,0.000000,0.000000,1,True,True,0.000000,0.000000,0.000000,0.000000,0.000000,0.000000,0.000000,0.000000,0.000000,True,0.000000,0.000000,0.000000,0.000000,0.000000,0.000000,-0.427345,2.427685,-1.111539,2.883884,-0.427345,2.427685,-1.111539,2.883970,0.000000,0.000000,0.000000,0.000000,0.000000,0.000000,0.000000,0.000000,-510.337463,503.000427,2047.567505,-494.033905,True,velocity,0.449888,0.449888,0.000000,0.000000,7.583827,False
4.179444175999379,-0.004000,1.324000,-1.706000,1.306000,-0.007000,0.005000,-0.006000,-0.048000,1.319000,1.654000,1.353000,0.008000,0.003000,0.007000,-0.026027,0.772084,0.147766,-0.617555,0.370940,-0.255194,0.605010,0.122373,-0.612830,-0.051139,0.779005,-0.355730,-0.241423,0.600827,-0.026027,0.772084,0.147766,-0.617555,0.370940,-0.255194,0.605010,0.122373,-0.612830,-0.051139,0.779005,-0.355730,-0.241423,0.600827,0.449888,0.000000,0.000000,0.000000,1,True,True,0.000000,0.000000,0.000000,0.000000,0.000000,0.000000,0.000000,0.000000,0.000000,True,0.000000,0.000000,0.000000,0.000000,0.000000,0.000000,-0.427229,2.427685,-1.111539,2.890411,-0.427229,2.427751,-1.111539,2.889846,0.000000,0.000000,0.000000,0.000000,0.000000,0.000000,0.000000,0.000000,-510.337463,503.000427,2047.567505,-494.033905,True,velocity,0.449888,0.449888,0.000000,0.000000,7.617699,False
4.214897060999647,-0.004000,1.324000,-1.706000,1.306000,-0.007000,0.005000,-0.006000,-0.048000,1.319000,1.654000,1.353000,0.008000,0.003000,0.007000,-0.026027,0.772084,0.147766,-0.617555,0.370940,-0.255194,0.605010,0.122373,-0.612830,-0.051139,0.779005,-0.355730,-0.241423,0.600827,-0.026027,0.772084,0.147766,-0.617555,0.370940,-0.255194,0.605010,0.122373,-0.612830,-0.051139,0.779005,-0.355730,-0.241423,0.600827,0.449888,0.000000,0.000000,0.000000,1,True,True,0.000000,0.000000,0.000000,0.000000,0.000000,0.000000,0.000000,0.000000,0.000000,True,0.000000,0.000000,0.000000,0.000000,0.000000,0.000000,-0.427870,2.427751,-1.111539,2.890324,-0.427461,2.427751,-1.111539,2.890324,0.000000,0.000000,0.000000,0.000000,0.000000,0.000000,0.000000,0.000000,-510.337463,503.000427,2047.567505,-494.033905,True,velocity,0.449888,0.449888,0.000000,0.000000,7.653115,False
4.248098659008974,-0.004000,1.324000,-1.706000,1.306000,-0.007000,0.005000,-0.006000,-0.048000,1.319000,1.654000,1.353000,0.008000,0.003000,0.007000,-0.026027,0.772084,0.147766,-0.617555,0.370940,-0.255194,0.605010,0.122373,-0.612830,-0.051139,0.779005,-0.355730,-0.241423,0.600827,-0.026027,0.772084,0.147766,-0.617555,0.370940,-0.255194,0.605010,0.122373,-0.612830,-0.051139,0.779005,-0.355730,-0.241423,0.600827,0.449888,0.000000,0.000000,0.000000,1,True,True,0.000000,0.000000,0.000000,0.000000,0.000000,0.000000,0.000000,0.000000,0.000000,True,0.000000,0.000000,0.000000,0.000000,0.000000,0.000000,-0.427345,2.427685,-1.111539,2.890411,-0.427345,2.427685,-1.111539,2.890411,0.000000,0.000000,0.000000,0.000000,0.000000,0.000000,0.000000,0.000000,-510.337463,503.000427,2047.567505,-494.033905,True,velocity,0.449888,0.449888,0.000000,0.000000,7.686057,False
4.281378941988805,-0.004000,1.324000,-1.706000,1.306000,-0.007000,0.005000,-0.006000,-0.048000,1.319000,1.654000,1.353000,0.008000,0.003000,0.007000,-0.026027,0.772084,0.147766,-0.617555,0.370940,-0.255194,0.605010,0.122373,-0.612830,-0.051139,0.779005,-0.355730,-0.241423,0.600827,-0.026027,0.772084,0.147766,-0.617555,0.370940,-0.255194,0.605010,0.122373,-0.612830,-0.051139,0.779005,-0.355730,-0.241423,0.600827,0.449888,0.000000,0.000000,0.000000,1,True,True,0.000000,0.000000,0.000000,0.000000,0.000000,0.000000,0.000000,0.000000,0.000000,True,0.000000,0.000000,0.000000,0.000000,0.000000,0.000000,-0.427345,2.427619,-1.111539,2.890411,-0.427345,2.427751,-1.111539,2.890411,0.000000,0.000000,0.000000,0.000000,0.000000,0.000000,0.000000,0.000000,-510.337463,503.000427,2047.567505,-494.033905,True,velocity,0.449888,0.449888,0.000000,0.000000,7.719337,False
4.313624489004724,-0.004000,1.324000,-1.706000,1.306000,-0.007000,0.005000,-0.006000,-0.048000,1.319000,1.654000,1.353000,0.008000,0.003000,0.007000,-0.026027,0.772084,0.147766,-0.617555,0.370940,-0.255194,0.605010,0.122373,-0.612830,-0.051139,0.779005,-0.355730,-0.241423,0.600827,-0.026027,0.772084,0.147766,-0.617555,0.370940,-0.255194,0.605010,0.122373,-0.612830,-0.051139,0.779005,-0.355730,-0.241423,0.600827,0.449888,0.000000,0.000000,0.000000,1,True,True,0.000000,0.000000,0.000000,0.000000,0.000000,0.000000,0.000000,0.000000,0.000000,True,0.000000,0.000000,0.000000,0.000000,0.000000,0.000000,-0.427229,2.427751,-1.111539,2.889846,-0.427229,2.427751,-1.111539,2.889846,0.000000,0.000000,0.000000,0.000000,0.000000,0.000000,0.000000,0.000000,-510.337463,503.000427,2047.567505,-494.033905,True,velocity,0.449888,0.449888,0.000000,0.000000,7.751818,False
4.346903253986966,-0.004000,1.324000,-1.706000,1.306000,-0.007000,0.005000,-0.006000,-0.048000,1.319000,1.654000,1.353000,0.008000,0.003000,0.007000,-0.026027,0.772084,0.147766,-0.617555,0.370940,-0.255194,0.605010,0.122373,-0.612830,-0.051139,0.779005,-0.355730,-0.241423,0.600827,-0.026027,0.772084,0.147766,-0.617555,0.370940,-0.255194,0.605010,0.122373,-0.612830,-0.051139,0.779005,-0.355730,-0.241423,0.600827,0.449888,0.000000,0.000000,0.000000,1,True,True,0.000000,0.000000,0.000000,0.000000,0.000000,0.000000,0.000000,0.000000,0.000000,True,0.000000,0.000000,0.000000,0.000000,0.000000,0.000000,-0.427345,2.427685,-1.111539,2.889846,-0.427345,2.427685,-1.111539,2.889846,0.000000,0.000000,0.000000,0.000000,0.000000,0.000000,0.000000,0.000000,-510.337463,503.000427,2047.567505,-494.033905,True,velocity,0.449888,0.449888,0.000000,0.000000,7.785097,False
4.380399109999416,-0.004000,1.324000,-1.706000,1.306000,-0.007000,0.005000,-0.006000,-0.048000,1.319000,1.654000,1.353000,0.008000,0.003000,0.007000,-0.026027,0.772084,0.147766,-0.617555,0.370940,-0.255194,0.605010,0.122373,-0.612830,-0.051139,0.779005,-0.355730,-0.241423,0.600827,-0.026027,0.772084,0.147766,-0.617555,0.370940,-0.255194,0.605010,0.122373,-0.612830,-0.051139,0.779005,-0.355730,-0.241423,0.600827,0.449888,0.000000,0.000000,0.000000,1,True,True,0.000000,0.000000,0.000000,0.000000,0.000000,0.000000,0.000000,0.000000,0.000000,True,0.000000,0.000000,0.000000,0.000000,0.000000,0.000000,-0.427870,2.427685,-1.111473,2.889846,-0.427870,2.427685,-1.111473,2.889846,0.000000,0.000000,0.000000,0.000000,0.000000,0.000000,0.000000,0.000000,-510.337463,503.000427,2047.567505,-494.033905,True,velocity,0.449888,0.449888,0.000000,0.000000,7.818510,False
4.41300108100404,-0.004000,1.324000,-1.706000,1.306000,-0.007000,0.005000,-0.006000,-0.048000,1.319000,1.654000,1.353000,0.008000,0.003000,0.007000,-0.026027,0.772084,0.147766,-0.617555,0.370940,-0.255194,0.605010,0.122373,-0.612830,-0.051139,0.779005,-0.355730,-0.241423,0.600827,-0.026027,0.772084,0.147766,-0.617555,0.370940,-0.255194,0.605010,0.122373,-0.612830,-0.051139,0.779005,-0.355730,-0.241423,0.600827,0.449888,0.000000,0.000000,0.000000,1,True,True,0.000000,0.000000,0.000000,0.000000,0.000000,0.000000,0.000000,0.000000,0.000000,True,0.000000,0.000000,0.000000,0.000000,0.000000,0.000000,-0.427345,2.427685,-1.111473,2.890411,-0.427345,2.427685,-1.111473,2.890324,0.000000,0.000000,0.000000,0.000000,0.000000,0.000000,0.000000,0.000000,-510.337463,503.000427,2047.567505,-494.033905,True,velocity,0.449888,0.449888,0.000000,0.000000,7.851246,False
4.4472217859874945,-0.004000,1.324000,-1.706000,1.306000,-0.007000,0.005000,-0.006000,-0.048000,1.319000,1.654000,1.353000,0.008000,0.003000,0.007000,-0.026027,0.772084,0.147766,-0.617555,0.370940,-0.255194,0.605010,0.122373,-0.612830,-0.051139,0.779005,-0.355730,-0.241423,0.600827,-0.026027,0.772084,0.147766,-0.617555,0.370940,-0.255194,0.605010,0.122373,-0.612830,-0.051139,0.779005,-0.355730,-0.241423,0.600827,0.449888,0.000000,0.000000,0.000000,1,True,True,0.000000,0.000000,0.000000,0.000000,0.000000,0.000000,0.000000,0.000000,0.000000,True,0.000000,0.000000,0.000000,0.000000,0.000000,0.000000,-0.427870,2.427685,-1.111507,2.889846,-0.427870,2.427685,-1.111507,2.889846,0.000000,0.000000,0.000000,0.000000,0.000000,0.000000,0.000000,0.000000,-510.337463,503.000427,2047.567505,-494.033905,True,velocity,0.449888,0.449888,0.000000,0.000000,7.885457,False
4.48145200998988,-0.004000,1.324000,-1.706000,1.306000,-0.007000,0.005000,-0.006000,-0.048000,1.319000,1.654000,1.353000,0.008000,0.003000,0.007000,-0.026027,0.772084,0.147766,-0.617555,0.370940,-0.255194,0.605010,0.122373,-0.612830,-0.051139,0.779005,-0.355730,-0.241423,0.600827,-0.026027,0.772084,0.147766,-0.617555,0.370940,-0.255194,0.605010,0.122373,-0.612830,-0.051139,0.779005,-0.355730,-0.241423,0.600827,0.449888,0.000000,0.000000,0.000000,1,True,True,0.000000,0.000000,0.000000,0.000000,0.000000,0.000000,0.000000,0.000000,0.000000,True,0.000000,0.000000,0.000000,0.000000,0.000000,0.000000,-0.427461,2.427685,-1.112115,2.889758,-0.427461,2.427685,-1.112115,2.889758,0.000000,0.000000,0.000000,0.000000,0.000000,0.000000,0.000000,0.000000,-510.337463,503.000427,2047.567505,-494.033905,True,velocity,0.449888,0.449888,0.000000,0.000000,7.918657,False
4.513818629988236,-0.004000,1.324000,-1.706000,1.306000,-0.007000,0.005000,-0.006000,-0.048000,1.319000,1.654000,1.353000,0.008000,0.003000,0.007000,-0.026027,0.772084,0.147766,-0.617555,0.370940,-0.255194,0.605010,0.122373,-0.612830,-0.051139,0.779005,-0.355730,-0.241423,0.600827,-0.026027,0.772084,0.147766,-0.617555,0.370940,-0.255194,0.605010,0.122373,-0.612830,-0.051139,0.779005,-0.355730,-0.241423,0.600827,0.449888,0.000000,0.000000,0.000000,1,True,True,0.000000,0.000000,0.000000,0.000000,0.000000,0.000000,0.000000,0.000000,0.000000,True,0.000000,0.000000,0.000000,0.000000,0.000000,0.000000,-0.427345,2.427685,-1.111473,2.883884,-0.427345,2.427685,-1.111473,2.883884,0.000000,0.000000,0.000000,0.000000,0.000000,0.000000,0.000000,0.000000,-510.337463,503.000427,2047.567505,-494.033905,True,velocity,0.449888,0.449888,0.000000,0.000000,7.952064,False
4.547369207983138,-0.004000,1.324000,-1.706000,1.306000,-0.007000,0.005000,-0.006000,-0.048000,1.319000,1.654000,1.353000,0.008000,0.003000,0.007000,-0.026027,0.772084,0.147766,-0.617555,0.370940,-0.255194,0.605010,0.122373,-0.612830,-0.051139,0.779005,-0.355730,-0.241423,0.600827,-0.026027,0.772084,0.147766,-0.617555,0.370940,-0.255194,0.605010,0.122373,-0.612830,-0.051139,0.779005,-0.355730,-0.241423,0.600827,0.449888,0.000000,0.000000,0.000000,1,True,True,0.000000,0.000000,0.000000,0.000000,0.000000,0.000000,0.000000,0.000000,0.000000,True,0.000000,0.000000,0.000000,0.000000,0.000000,0.000000,-0.427345,2.427685,-1.111473,2.883884,-0.427345,2.427685,-1.111473,2.883884,0.000000,0.000000,0.000000,0.000000,0.000000,0.000000,0.000000,0.000000,-510.337463,503.000427,2047.567505,-494.033905,True,velocity,0.449888,0.449888,0.000000,0.000000,7.985480,False
4.581569636007771,-0.004000,1.324000,-1.706000,1.306000,-0.007000,0.005000,-0.006000,-0.048000,1.319000,1.654000,1.353000,0.008000,0.003000,0.007000,-0.026027,0.772084,0.147766,-0.617555,0.370940,-0.255194,0.605010,0.122373,-0.612830,-0.051139,0.779005,-0.355730,-0.241423,0.600827,-0.026027,0.772084,0.147766,-0.617555,0.370940,-0.255194,0.605010,0.122373,-0.612830,-0.051139,0.779005,-0.355730,-0.241423,0.600827,0.449888,0.000000,0.000000,0.000000,1,True,True,0.000000,0.000000,0.000000,0.000000,0.000000,0.000000,0.000000,0.000000,0.000000,True,0.000000,0.000000,0.000000,0.000000,0.000000,0.000000,-0.427461,2.427619,-1.111507,2.883797,-0.427461,2.427619,-1.111507,2.883884,0.000000,0.000000,0.000000,0.000000,0.000000,0.000000,0.000000,0.000000,-510.337463,503.000427,2047.567505,-494.033905,True,velocity,0.449888,0.449888,0.000000,0.000000,8.019619,False
4.614194866007892,-0.004000,1.324000,-1.706000,1.306000,-0.007000,0.005000,-0.006000,-0.048000,1.319000,1.654000,1.353000,0.008000,0.003000,0.007000,-0.026027,0.772084,0.147766,-0.617555,0.370940,-0.255194,0.605010,0.122373,-0.612830,-0.051139,0.779005,-0.355730,-0.241423,0.600827,-0.026027,0.772084,0.147766,-0.617555,0.370940,-0.255194,0.605010,0.122373,-0.612830,-0.051139,0.779005,-0.355730,-0.241423,0.600827,0.449888,0.000000,0.000000,0.000000,1,True,True,0.000000,0.000000,0.000000,0.000000,0.000000,0.000000,0.000000,0.000000,0.000000,True,0.000000,0.000000,0.000000,0.000000,0.000000,0.000000,-0.427345,2.427685,-1.112115,2.889846,-0.427345,2.427751,-1.111473,2.890411,0.000000,0.000000,0.000000,0.000000,0.000000,0.000000,0.000000,0.000000,-510.337463,503.000427,2047.567505,-494.033905,True,velocity,0.449888,0.449888,0.000000,0.000000,8.052429,False
4.65190827799961,-0.004000,1.324000,-1.706000,1.306000,-0.007000,0.005000,-0.006000,-0.048000,1.319000,1.654000,1.353000,0.008000,0.003000,0.007000,-0.026027,0.772084,0.147766,-0.617555,0.370940,-0.255194,0.605010,0.122373,-0.612830,-0.051139,0.779005,-0.355730,-0.241423,0.600827,-0.026027,0.772084,0.147766,-0.617555,0.370940,-0.255194,0.605010,0.122373,-0.612830,-0.051139,0.779005,-0.355730,-0.241423,0.600827,0.449888,0.000000,0.000000,0.000000,1,True,True,0.000000,0.000000,0.000000,0.000000,0.000000,0.000000,0.000000,0.000000,0.000000,True,0.000000,0.000000,0.000000,0.000000,0.000000,0.000000,-0.427870,2.427751,-1.111507,2.884536,-0.427870,2.427685,-1.111507,2.884536,0.000000,0.000000,0.000000,0.000000,0.000000,0.000000,0.000000,0.000000,-510.337463,503.000427,2047.567505,-494.033905,True,velocity,0.449888,0.449888,0.000000,0.000000,8.090121,False
4.68088115399587,-0.004000,1.324000,-1.706000,1.306000,-0.007000,0.005000,-0.006000,-0.048000,1.319000,1.654000,1.353000,0.008000,0.003000,0.007000,-0.026027,0.772084,0.147766,-0.617555,0.370940,-0.255194,0.605010,0.122373,-0.612830,-0.051139,0.779005,-0.355730,-0.241423,0.600827,-0.026027,0.772084,0.147766,-0.617555,0.370940,-0.255194,0.605010,0.122373,-0.612830,-0.051139,0.779005,-0.355730,-0.241423,0.600827,0.449888,0.000000,0.000000,0.000000,1,True,True,0.000000,0.000000,0.000000,0.000000,0.000000,0.000000,0.000000,0.000000,0.000000,True,0.000000,0.000000,0.000000,0.000000,0.000000,0.000000,-0.427229,2.427751,-1.111473,2.890411,-0.427229,2.427685,-1.111507,2.890499,0.000000,0.000000,0.000000,0.000000,0.000000,0.000000,0.000000,0.000000,-510.337463,503.000427,2047.567505,-494.033905,True,velocity,0.449888,0.449888,0.000000,0.000000,8.119101,False
4.715065191994654,-0.004000,1.324000,-1.706000,1.306000,-0.007000,0.005000,-0.006000,-0.048000,1.319000,1.654000,1.353000,0.008000,0.003000,0.007000,-0.026027,0.772084,0.147766,-0.617555,0.370940,-0.255194,0.605010,0.122373,-0.612830,-0.051139,0.779005,-0.355730,-0.241423,0.600827,-0.026027,0.772084,0.147766,-0.617555,0.370940,-0.255194,0.605010,0.122373,-0.612830,-0.051139,0.779005,-0.355730,-0.241423,0.600827,0.449888,0.000000,0.000000,0.000000,1,True,True,0.000000,0.000000,0.000000,0.000000,0.000000,0.000000,0.000000,0.000000,0.000000,True,0.000000,0.000000,0.000000,0.000000,0.000000,0.000000,-0.427987,2.427685,-1.111507,2.890411,-0.427870,2.427685,-1.111507,2.883884,0.000000,0.000000,0.000000,0.000000,0.000000,0.000000,0.000000,0.000000,-510.337463,503.000427,2047.567505,-494.033905,True,velocity,0.449888,0.449888,0.000000,0.000000,8.152947,False
4.753663490002509,-0.004000,1.324000,-1.706000,1.306000,-0.007000,0.005000,-0.006000,-0.048000,1.319000,1.654000,1.353000,0.008000,0.003000,0.007000,-0.026027,0.772084,0.147766,-0.617555,0.370940,-0.255194,0.605010,0.122373,-0.612830,-0.051139,0.779005,-0.355730,-0.241423,0.600827,-0.026027,0.772084,0.147766,-0.617555,0.370940,-0.255194,0.605010,0.122373,-0.612830,-0.051139,0.779005,-0.355730,-0.241423,0.600827,0.449888,0.000000,0.000000,0.000000,1,True,True,0.000000,0.000000,0.000000,0.000000,0.000000,0.000000,0.000000,0.000000,0.000000,True,0.000000,0.000000,0.000000,0.000000,0.000000,0.000000,-0.427345,2.427685,-1.112115,2.890411,-0.427870,2.427751,-1.112115,2.890411,0.000000,0.000000,0.000000,0.000000,0.000000,0.000000,0.000000,0.000000,-510.337463,503.000427,2047.567505,-494.033905,True,velocity,0.449888,0.449888,0.000000,0.000000,8.191632,False
4.780669095984194,-0.004000,1.324000,-1.706000,1.306000,-0.007000,0.005000,-0.006000,-0.048000,1.319000,1.654000,1.353000,0.008000,0.003000,0.007000,-0.026027,0.772084,0.147766,-0.617555,0.370940,-0.255194,0.605010,0.122373,-0.612830,-0.051139,0.779005,-0.355730,-0.241423,0.600827,-0.026027,0.772084,0.147766,-0.617555,0.370940,-0.255194,0.605010,0.122373,-0.612830,-0.051139,0.779005,-0.355730,-0.241423,0.600827,0.449888,0.000000,0.000000,0.000000,1,True,True,0.000000,0.000000,0.000000,0.000000,0.000000,0.000000,0.000000,0.000000,0.000000,True,0.000000,0.000000,0.000000,0.000000,0.000000,0.000000,-0.427229,2.427685,-1.111473,2.889846,-0.427229,2.427685,-1.111473,2.889846,0.000000,0.000000,0.000000,0.000000,0.000000,0.000000,0.000000,0.000000,-510.337463,503.000427,2047.567505,-494.033905,True,velocity,0.449888,0.449888,0.000000,0.000000,8.218945,False
4.8132959000067785,-0.004000,1.324000,-1.706000,1.306000,-0.007000,0.005000,-0.006000,-0.048000,1.319000,1.654000,1.353000,0.008000,0.003000,0.007000,-0.026027,0.772084,0.147766,-0.617555,0.370940,-0.255194,0.605010,0.122373,-0.612830,-0.051139,0.779005,-0.355730,-0.241423,0.600827,-0.026027,0.772084,0.147766,-0.617555,0.370940,-0.255194,0.605010,0.122373,-0.612830,-0.051139,0.779005,-0.355730,-0.241423,0.600827,0.449888,0.000000,0.000000,0.000000,1,True,True,0.000000,0.000000,0.000000,0.000000,0.000000,0.000000,0.000000,0.000000,0.000000,True,0.000000,0.000000,0.000000,0.000000,0.000000,0.000000,-0.427229,2.427619,-1.111473,2.889846,-0.427229,2.427619,-1.111473,2.889846,0.000000,0.000000,0.000000,0.000000,0.000000,0.000000,0.000000,0.000000,-510.337463,503.000427,2047.567505,-494.033905,True,velocity,0.449888,0.449888,0.000000,0.000000,8.251572,False
4.847283198992955,-0.004000,1.324000,-1.706000,1.306000,-0.007000,0.005000,-0.006000,-0.048000,1.319000,1.654000,1.353000,0.008000,0.003000,0.007000,-0.026027,0.772084,0.147766,-0.617555,0.370940,-0.255194,0.605010,0.122373,-0.612830,-0.051139,0.779005,-0.355730,-0.241423,0.600827,-0.026027,0.772084,0.147766,-0.617555,0.370940,-0.255194,0.605010,0.122373,-0.612830,-0.051139,0.779005,-0.355730,-0.241423,0.600827,0.449888,0.000000,0.000000,0.000000,1,True,True,0.000000,0.000000,0.000000,0.000000,0.000000,0.000000,0.000000,0.000000,0.000000,True,0.000000,0.000000,0.000000,0.000000,0.000000,0.000000,-0.427345,2.427685,-1.111507,2.890411,-0.427345,2.427685,-1.111507,2.890411,0.000000,0.000000,0.000000,0.000000,0.000000,0.000000,0.000000,0.000000,-510.337463,503.000427,2047.567505,-494.033905,True,velocity,0.449888,0.449888,0.000000,0.000000,8.285401,False
4.880344871984562,-0.004000,1.324000,-1.706000,1.306000,-0.007000,0.005000,-0.006000,-0.048000,1.319000,1.654000,1.353000,0.008000,0.003000,0.007000,-0.026027,0.772084,0.147766,-0.617555,0.370940,-0.255194,0.605010,0.122373,-0.612830,-0.051139,0.779005,-0.355730,-0.241423,0.600827,-0.026027,0.772084,0.147766,-0.617555,0.370940,-0.255194,0.605010,0.122373,-0.612830,-0.051139,0.779005,-0.355730,-0.241423,0.600827,0.449888,0.000000,0.000000,0.000000,1,True,True,0.000000,0.000000,0.000000,0.000000,0.000000,0.000000,0.000000,0.000000,0.000000,True,0.000000,0.000000,0.000000,0.000000,0.000000,0.000000,-0.427345,2.427751,-1.111473,2.890411,-0.427345,2.427751,-1.111473,2.884449,0.000000,0.000000,0.000000,0.000000,0.000000,0.000000,0.000000,0.000000,-510.337463,503.000427,2047.567505,-494.033905,True,velocity,0.449888,0.449888,0.000000,0.000000,8.318560,False
4.914078448986402,-0.004000,1.324000,-1.706000,1.306000,-0.007000,0.005000,-0.006000,-0.048000,1.319000,1.654000,1.353000,0.008000,0.003000,0.007000,-0.026027,0.772084,0.147766,-0.617555,0.370940,-0.255194,0.605010,0.122373,-0.612830,-0.051139,0.779005,-0.355730,-0.241423,0.600827,-0.026027,0.772084,0.147766,-0.617555,0.370940,-0.255194,0.605010,0.122373,-0.612830,-0.051139,0.779005,-0.355730,-0.241423,0.600827,0.449888,0.000000,0.000000,0.000000,1,True,True,0.000000,0.000000,0.000000,0.000000,0.000000,0.000000,0.000000,0.000000,0.000000,True,0.000000,0.000000,0.000000,0.000000,0.000000,0.000000,-0.427345,2.427685,-1.111507,2.890411,-0.427754,2.427685,-1.111473,2.889758,0.000000,0.000000,0.000000,0.000000,0.000000,0.000000,0.000000,0.000000,-510.337463,503.000427,2047.567505,-494.033905,True,velocity,0.449888,0.449888,0.000000,0.000000,8.352354,False
4.9471499740029685,-0.004000,1.324000,-1.706000,1.306000,-0.007000,0.005000,-0.006000,-0.048000,1.319000,1.654000,1.353000,0.008000,0.003000,0.007000,-0.026027,0.772084,0.147766,-0.617555,0.370940,-0.255194,0.605010,0.122373,-0.612830,-0.051139,0.779005,-0.355730,-0.241423,0.600827,-0.026027,0.772084,0.147766,-0.617555,0.370940,-0.255194,0.605010,0.122373,-0.612830,-0.051139,0.779005,-0.355730,-0.241423,0.600827,0.449888,0.000000,0.000000,0.000000,1,True,True,0.000000,0.000000,0.000000,0.000000,0.000000,0.000000,0.000000,0.000000,0.000000,True,0.000000,0.000000,0.000000,0.000000,0.000000,0.000000,-0.427870,2.427751,-1.111507,2.889758,-0.427870,2.427685,-1.111507,2.889758,0.000000,0.000000,0.000000,0.000000,0.000000,0.000000,0.000000,0.000000,-510.337463,503.000427,2047.567505,-494.033905,True,velocity,0.449888,0.449888,0.000000,0.000000,8.385381,False
4.980830440996215,-0.004000,1.324000,-1.706000,1.306000,-0.007000,0.005000,-0.006000,-0.048000,1.319000,1.654000,1.353000,0.008000,0.003000,0.007000,-0.026027,0.772084,0.147766,-0.617555,0.370940,-0.255194,0.605010,0.122373,-0.612830,-0.051139,0.779005,-0.355730,-0.241423,0.600827,-0.026027,0.772084,0.147766,-0.617555,0.370940,-0.255194,0.605010,0.122373,-0.612830,-0.051139,0.779005,-0.355730,-0.241423,0.600827,0.449888,0.000000,0.000000,0.000000,1,True,True,0.000000,0.000000,0.000000,0.000000,0.000000,0.000000,0.000000,0.000000,0.000000,True,0.000000,0.000000,0.000000,0.000000,0.000000,0.000000,-0.427229,2.427685,-1.111507,2.890411,-0.427754,2.427685,-1.111507,2.890411,0.000000,0.000000,0.000000,0.000000,0.000000,0.000000,0.000000,0.000000,-510.337463,503.000427,2047.567505,-494.033905,True,velocity,0.449888,0.449888,0.000000,0.000000,8.418948,False
5.014750979986275,-0.004000,1.324000,-1.706000,1.306000,-0.007000,0.005000,-0.006000,-0.048000,1.319000,1.654000,1.353000,0.008000,0.003000,0.007000,-0.026027,0.772084,0.147766,-0.617555,0.370940,-0.255194,0.605010,0.122373,-0.612830,-0.051139,0.779005,-0.355730,-0.241423,0.600827,-0.026027,0.772084,0.147766,-0.617555,0.370940,-0.255194,0.605010,0.122373,-0.612830,-0.051139,0.779005,-0.355730,-0.241423,0.600827,0.449888,0.000000,0.000000,0.000000,1,True,True,0.000000,0.000000,0.000000,0.000000,0.000000,0.000000,0.000000,0.000000,0.000000,True,0.000000,0.000000,0.000000,0.000000,0.000000,0.000000,-0.427345,2.427751,-1.111507,2.889758,-0.427870,2.427751,-1.111507,2.890411,0.000000,0.000000,0.000000,0.000000,0.000000,0.000000,0.000000,0.000000,-510.337463,503.000427,2047.567505,-494.033905,True,velocity,0.449888,0.449888,0.000000,0.000000,8.452987,False
5.047458081011428,-0.004000,1.324000,-1.706000,1.306000,-0.007000,0.005000,-0.006000,-0.048000,1.319000,1.654000,1.353000,0.008000,0.003000,0.007000,-0.026027,0.772084,0.147766,-0.617555,0.370940,-0.255194,0.605010,0.122373,-0.612830,-0.051139,0.779005,-0.355730,-0.241423,0.600827,-0.026027,0.772084,0.147766,-0.617555,0.370940,-0.255194,0.605010,0.122373,-0.612830,-0.051139,0.779005,-0.355730,-0.241423,0.600827,0.449888,0.000000,0.000000,0.000000,1,True,True,0.000000,0.000000,0.000000,0.000000,0.000000,0.000000,0.000000,0.000000,0.000000,True,0.000000,0.000000,0.000000,0.000000,0.000000,0.000000,-0.427870,2.427619,-1.111473,2.890411,-0.427870,2.427619,-1.111473,2.890411,0.000000,0.000000,0.000000,0.000000,0.000000,0.000000,0.000000,0.000000,-510.337463,503.000427,2047.567505,-494.033905,True,velocity,0.449888,0.449888,0.000000,0.000000,8.485728,False
5.081507157010492,-0.004000,1.324000,-1.706000,1.306000,-0.007000,0.005000,-0.006000,-0.048000,1.319000,1.654000,1.353000,0.008000,0.003000,0.007000,-0.026027,0.772084,0.147766,-0.617555,0.370940,-0.255194,0.605010,0.122373,-0.612830,-0.051139,0.779005,-0.355730,-0.241423,0.600827,-0.026027,0.772084,0.147766,-0.617555,0.370940,-0.255194,0.605010,0.122373,-0.612830,-0.051139,0.779005,-0.355730,-0.241423,0.600827,0.449888,0.000000,0.000000,0.000000,1,True,True,0.000000,0.000000,0.000000,0.000000,0.000000,0.000000,0.000000,0.000000,0.000000,True,0.000000,0.000000,0.000000,0.000000,0.000000,0.000000,-0.427229,2.427751,-1.111473,2.890411,-0.427229,2.427751,-1.111507,2.890411,0.000000,0.000000,0.000000,0.000000,0.000000,0.000000,0.000000,0.000000,-510.337463,503.000427,2047.567505,-494.033905,True,velocity,0.449888,0.449888,0.000000,0.000000,8.519593,False
5.11606498999754,-0.004000,1.324000,-1.706000,1.306000,-0.007000,0.005000,-0.006000,-0.048000,1.319000,1.654000,1.353000,0.008000,0.003000,0.007000,-0.026027,0.772084,0.147766,-0.617555,0.370940,-0.255194,0.605010,0.122373,-0.612830,-0.051139,0.779005,-0.355730,-0.241423,0.600827,-0.026027,0.772084,0.147766,-0.617555,0.370940,-0.255194,0.605010,0.122373,-0.612830,-0.051139,0.779005,-0.355730,-0.241423,0.600827,0.449888,0.000000,0.000000,0.000000,1,True,True,0.000000,0.000000,0.000000,0.000000,0.000000,0.000000,0.000000,0.000000,0.000000,True,0.000000,0.000000,0.000000,0.000000,0.000000,0.000000,-0.427987,2.427751,-1.111473,2.890411,-0.427987,2.427685,-1.111473,2.890411,0.000000,0.000000,0.000000,0.000000,0.000000,0.000000,0.000000,0.000000,-510.337463,503.000427,2047.567505,-494.033905,True,velocity,0.449888,0.449888,0.000000,0.000000,8.554301,False
5.148170889005996,-0.004000,1.324000,-1.706000,1.306000,-0.007000,0.005000,-0.006000,-0.048000,1.319000,1.654000,1.353000,0.008000,0.003000,0.007000,-0.026027,0.772084,0.147766,-0.617555,0.370940,-0.255194,0.605010,0.122373,-0.612830,-0.051139,0.779005,-0.355730,-0.241423,0.600827,-0.026027,0.772084,0.147766,-0.617555,0.370940,-0.255194,0.605010,0.122373,-0.612830,-0.051139,0.779005,-0.355730,-0.241423,0.600827,0.449888,0.000000,0.000000,0.000000,1,True,True,0.000000,0.000000,0.000000,0.000000,0.000000,0.000000,0.000000,0.000000,0.000000,True,0.000000,0.000000,0.000000,0.000000,0.000000,0.000000,-0.427229,2.427751,-1.111473,2.890411,-0.427229,2.427751,-1.111473,2.890411,0.000000,0.000000,0.000000,0.000000,0.000000,0.000000,0.000000,0.000000,-510.337463,503.000427,2047.567505,-494.033905,True,velocity,0.449888,0.449888,0.000000,0.000000,8.586446,False
5.182269223994808,-0.004000,1.324000,-1.706000,1.306000,-0.007000,0.005000,-0.006000,-0.048000,1.319000,1.654000,1.353000,0.008000,0.003000,0.007000,-0.026027,0.772084,0.147766,-0.617555,0.370940,-0.255194,0.605010,0.122373,-0.612830,-0.051139,0.779005,-0.355730,-0.241423,0.600827,-0.026027,0.772084,0.147766,-0.617555,0.370940,-0.255194,0.605010,0.122373,-0.612830,-0.051139,0.779005,-0.355730,-0.241423,0.600827,0.449888,0.000000,0.000000,0.000000,1,True,True,0.000000,0.000000,0.000000,0.000000,0.000000,0.000000,0.000000,0.000000,0.000000,True,0.000000,0.000000,0.000000,0.000000,0.000000,0.000000,-0.427229,2.427685,-1.111473,2.890411,-0.427229,2.427685,-1.111473,2.890411,0.000000,0.000000,0.000000,0.000000,0.000000,0.000000,0.000000,0.000000,-510.337463,503.000427,2047.567505,-494.033905,True,velocity,0.449888,0.449888,0.000000,0.000000,8.620377,False
5.218092255992815,-0.004000,1.324000,-1.706000,1.306000,-0.007000,0.005000,-0.006000,-0.048000,1.319000,1.654000,1.353000,0.008000,0.003000,0.007000,-0.026027,0.772084,0.147766,-0.617555,0.370940,-0.255194,0.605010,0.122373,-0.612830,-0.051139,0.779005,-0.355730,-0.241423,0.600827,-0.026027,0.772084,0.147766,-0.617555,0.370940,-0.255194,0.605010,0.122373,-0.612830,-0.051139,0.779005,-0.355730,-0.241423,0.600827,0.449888,0.000000,0.000000,0.000000,1,True,True,0.000000,0.000000,0.000000,0.000000,0.000000,0.000000,0.000000,0.000000,0.000000,True,0.000000,0.000000,0.000000,0.000000,0.000000,0.000000,-0.427345,2.427685,-1.111473,2.890411,-0.427229,2.427685,-1.111473,2.890411,0.000000,0.000000,0.000000,0.000000,0.000000,0.000000,0.000000,0.000000,-510.337463,503.000427,2047.567505,-494.033905,True,velocity,0.449888,0.449888,0.000000,0.000000,8.656249,False
5.248288292990765,-0.004000,1.324000,-1.706000,1.306000,-0.007000,0.005000,-0.006000,-0.048000,1.319000,1.654000,1.353000,0.008000,0.003000,0.007000,-0.026027,0.772084,0.147766,-0.617555,0.370940,-0.255194,0.605010,0.122373,-0.612830,-0.051139,0.779005,-0.355730,-0.241423,0.600827,-0.026027,0.772084,0.147766,-0.617555,0.370940,-0.255194,0.605010,0.122373,-0.612830,-0.051139,0.779005,-0.355730,-0.241423,0.600827,0.449888,0.000000,0.000000,0.000000,1,True,True,0.000000,0.000000,0.000000,0.000000,0.000000,0.000000,0.000000,0.000000,0.000000,True,0.000000,0.000000,0.000000,0.000000,0.000000,0.000000,-0.427870,2.427685,-1.112115,2.890411,-0.427870,2.427685,-1.112115,2.890411,0.000000,0.000000,0.000000,0.000000,0.000000,0.000000,0.000000,0.000000,-510.337463,503.000427,2047.567505,-494.033905,True,velocity,0.449888,0.449888,0.000000,0.000000,8.686567,False
5.28132883599028,-0.004000,1.324000,-1.706000,1.306000,-0.007000,0.005000,-0.006000,-0.048000,1.319000,1.654000,1.353000,0.008000,0.003000,0.007000,-0.026027,0.772084,0.147766,-0.617555,0.370940,-0.255194,0.605010,0.122373,-0.612830,-0.051139,0.779005,-0.355730,-0.241423,0.600827,-0.026027,0.772084,0.147766,-0.617555,0.370940,-0.255194,0.605010,0.122373,-0.612830,-0.051139,0.779005,-0.355730,-0.241423,0.600827,0.449888,0.000000,0.000000,0.000000,1,True,True,0.000000,0.000000,0.000000,0.000000,0.000000,0.000000,0.000000,0.000000,0.000000,True,0.000000,0.000000,0.000000,0.000000,0.000000,0.000000,-0.427229,2.427685,-1.111473,2.890411,-0.427870,2.427685,-1.111473,2.890411,0.000000,0.000000,0.000000,0.000000,0.000000,0.000000,0.000000,0.000000,-510.337463,503.000427,2047.567505,-494.033905,True,velocity,0.449888,0.449888,0.000000,0.000000,8.719603,False
5.315361134998966,-0.004000,1.324000,-1.706000,1.306000,-0.007000,0.005000,-0.006000,-0.048000,1.319000,1.654000,1.353000,0.008000,0.003000,0.007000,-0.026027,0.772084,0.147766,-0.617555,0.370940,-0.255194,0.605010,0.122373,-0.612830,-0.051139,0.779005,-0.355730,-0.241423,0.600827,-0.026027,0.772084,0.147766,-0.617555,0.370940,-0.255194,0.605010,0.122373,-0.612830,-0.051139,0.779005,-0.355730,-0.241423,0.600827,0.449888,0.000000,0.000000,0.000000,1,True,True,0.000000,0.000000,0.000000,0.000000,0.000000,0.000000,0.000000,0.000000,0.000000,True,0.000000,0.000000,0.000000,0.000000,0.000000,0.000000,-0.427345,2.427685,-1.111440,2.890411,-0.427345,2.427751,-1.111440,2.890411,0.000000,0.000000,0.000000,0.000000,0.000000,0.000000,0.000000,0.000000,-510.337463,503.000427,2047.567505,-494.033905,True,velocity,0.449888,0.449888,0.000000,0.000000,8.753480,False
5.349941189982928,-0.004000,1.324000,-1.706000,1.306000,-0.007000,0.005000,-0.006000,-0.048000,1.319000,1.654000,1.353000,0.008000,0.003000,0.007000,-0.026027,0.772084,0.147766,-0.617555,0.370940,-0.255194,0.605010,0.122373,-0.612830,-0.051139,0.779005,-0.355730,-0.241423,0.600827,-0.026027,0.772084,0.147766,-0.617555,0.370940,-0.255194,0.605010,0.122373,-0.612830,-0.051139,0.779005,-0.355730,-0.241423,0.600827,0.449888,0.000000,0.000000,0.000000,1,True,True,0.000000,0.000000,0.000000,0.000000,0.000000,0.000000,0.000000,0.000000,0.000000,True,0.000000,0.000000,0.000000,0.000000,0.000000,0.000000,-0.427987,2.427685,-1.111473,2.890411,-0.427987,2.427685,-1.111473,2.890411,0.000000,0.000000,0.000000,0.000000,0.000000,0.000000,0.000000,0.000000,-510.337463,503.000427,2047.567505,-494.033905,True,velocity,0.449888,0.449888,0.000000,0.000000,8.788176,False
5.382049810985336,-0.004000,1.324000,-1.706000,1.306000,-0.007000,0.005000,-0.006000,-0.048000,1.319000,1.654000,1.353000,0.008000,0.003000,0.007000,-0.026027,0.772084,0.147766,-0.617555,0.370940,-0.255194,0.605010,0.122373,-0.612830,-0.051139,0.779005,-0.355730,-0.241423,0.600827,-0.026027,0.772084,0.147766,-0.617555,0.370940,-0.255194,0.605010,0.122373,-0.612830,-0.051139,0.779005,-0.355730,-0.241423,0.600827,0.449888,0.000000,0.000000,0.000000,1,True,True,0.000000,0.000000,0.000000,0.000000,0.000000,0.000000,0.000000,0.000000,0.000000,True,0.000000,0.000000,0.000000,0.000000,0.000000,0.000000,-0.427870,2.427751,-1.111473,2.890411,-0.427870,2.427751,-1.111473,2.890411,0.000000,0.000000,0.000000,0.000000,0.000000,0.000000,0.000000,0.000000,-510.337463,503.000427,2047.567505,-494.033905,True,velocity,0.449888,0.449888,0.000000,0.000000,8.820324,False
5.415662462997716,-0.004000,1.324000,-1.706000,1.306000,-0.007000,0.005000,-0.006000,-0.048000,1.319000,1.654000,1.353000,0.008000,0.003000,0.007000,-0.026027,0.772084,0.147766,-0.617555,0.370940,-0.255194,0.605010,0.122373,-0.612830,-0.051139,0.779005,-0.355730,-0.241423,0.600827,-0.026027,0.772084,0.147766,-0.617555,0.370940,-0.255194,0.605010,0.122373,-0.612830,-0.051139,0.779005,-0.355730,-0.241423,0.600827,0.449888,0.000000,0.000000,0.000000,1,True,True,0.000000,0.000000,0.000000,0.000000,0.000000,0.000000,0.000000,0.000000,0.000000,True,0.000000,0.000000,0.000000,0.000000,0.000000,0.000000,-0.427229,2.427685,-1.111473,2.890411,-0.427345,2.427685,-1.111473,2.890411,0.000000,0.000000,0.000000,0.000000,0.000000,0.000000,0.000000,0.000000,-510.337463,503.000427,2047.567505,-494.033905,True,velocity,0.449888,0.449888,0.000000,0.000000,8.853742,False
5.448424692993285,-0.004000,1.324000,-1.706000,1.306000,-0.007000,0.005000,-0.006000,-0.048000,1.319000,1.654000,1.353000,0.008000,0.003000,0.007000,-0.026027,0.772084,0.147766,-0.617555,0.370940,-0.255194,0.605010,0.122373,-0.612830,-0.051139,0.779005,-0.355730,-0.241423,0.600827,-0.026027,0.772084,0.147766,-0.617555,0.370940,-0.255194,0.605010,0.122373,-0.612830,-0.051139,0.779005,-0.355730,-0.241423,0.600827,0.449888,0.000000,0.000000,0.000000,1,True,True,0.000000,0.000000,0.000000,0.000000,0.000000,0.000000,0.000000,0.000000,0.000000,True,0.000000,0.000000,0.000000,0.000000,0.000000,0.000000,-0.427345,2.427817,-1.111440,2.890586,-0.427345,2.427817,-1.111440,2.890586,0.000000,0.000000,0.000000,0.000000,0.000000,0.000000,0.000000,0.000000,-510.337463,503.000427,2047.567505,-494.033905,True,velocity,0.449888,0.449888,0.000000,0.000000,8.886697,False
5.482128603995079,-0.004000,1.324000,-1.706000,1.306000,-0.007000,0.005000,-0.006000,-0.048000,1.319000,1.654000,1.353000,0.008000,0.003000,0.007000,-0.026027,0.772084,0.147766,-0.617555,0.370940,-0.255194,0.605010,0.122373,-0.612830,-0.051139,0.779005,-0.355730,-0.241423,0.600827,-0.026027,0.772084,0.147766,-0.617555,0.370940,-0.255194,0.605010,0.122373,-0.612830,-0.051139,0.779005,-0.355730,-0.241423,0.600827,0.449888,0.000000,0.000000,0.000000,1,True,True,0.000000,0.000000,0.000000,0.000000,0.000000,0.000000,0.000000,0.000000,0.000000,True,0.000000,0.000000,0.000000,0.000000,0.000000,0.000000,-0.427754,2.427817,-1.111440,2.890411,-0.427345,2.427817,-1.111440,2.889846,0.000000,0.000000,0.000000,0.000000,0.000000,0.000000,0.000000,0.000000,-510.337463,503.000427,2047.567505,-494.033905,True,velocity,0.449888,0.449888,0.000000,0.000000,8.920404,False
5.515495108993491,-0.004000,1.324000,-1.706000,1.306000,-0.007000,0.005000,-0.006000,-0.048000,1.319000,1.654000,1.353000,0.008000,0.003000,0.007000,-0.026027,0.772084,0.147766,-0.617555,0.370940,-0.255194,0.605010,0.122373,-0.612830,-0.051139,0.779005,-0.355730,-0.241423,0.600827,-0.026027,0.772084,0.147766,-0.617555,0.370940,-0.255194,0.605010,0.122373,-0.612830,-0.051139,0.779005,-0.355730,-0.241423,0.600827,0.449888,0.000000,0.000000,0.000000,1,True,True,0.000000,0.000000,0.000000,0.000000,0.000000,0.000000,0.000000,0.000000,0.000000,True,0.000000,0.000000,0.000000,0.000000,0.000000,0.000000,-0.427870,2.427817,-1.111440,2.890586,-0.427870,2.427817,-1.111440,2.889846,0.000000,0.000000,0.000000,0.000000,0.000000,0.000000,0.000000,0.000000,-510.337463,503.000427,2047.567505,-494.033905,True,velocity,0.449888,0.449888,0.000000,0.000000,8.953581,False
5.550288403988816,-0.004000,1.324000,-1.706000,1.306000,-0.007000,0.005000,-0.006000,-0.048000,1.319000,1.654000,1.353000,0.008000,0.003000,0.007000,-0.026027,0.772084,0.147766,-0.617555,0.370940,-0.255194,0.605010,0.122373,-0.612830,-0.051139,0.779005,-0.355730,-0.241423,0.600827,-0.026027,0.772084,0.147766,-0.617555,0.370940,-0.255194,0.605010,0.122373,-0.612830,-0.051139,0.779005,-0.355730,-0.241423,0.600827,0.449888,0.000000,0.000000,0.000000,1,True,True,0.000000,0.000000,0.000000,0.000000,0.000000,0.000000,0.000000,0.000000,0.000000,True,0.000000,0.000000,0.000000,0.000000,0.000000,0.000000,-0.427870,2.427817,-1.111473,2.890411,-0.427870,2.427817,-1.111473,2.890411,0.000000,0.000000,0.000000,0.000000,0.000000,0.000000,0.000000,0.000000,-510.337463,503.000427,2047.567505,-494.033905,True,velocity,0.449888,0.449888,0.000000,0.000000,8.988327,False
5.583494261984015,-0.004000,1.324000,-1.706000,1.306000,-0.007000,0.005000,-0.006000,-0.048000,1.319000,1.654000,1.353000,0.008000,0.003000,0.007000,-0.026027,0.772084,0.147766,-0.617555,0.370940,-0.255194,0.605010,0.122373,-0.612830,-0.051139,0.779005,-0.355730,-0.241423,0.600827,-0.026027,0.772084,0.147766,-0.617555,0.370940,-0.255194,0.605010,0.122373,-0.612830,-0.051139,0.779005,-0.355730,-0.241423,0.600827,0.449888,0.000000,0.000000,0.000000,1,True,True,0.000000,0.000000,0.000000,0.000000,0.000000,0.000000,0.000000,0.000000,0.000000,True,0.000000,0.000000,0.000000,0.000000,0.000000,0.000000,-0.427870,2.427817,-1.111473,2.889933,-0.427345,2.427817,-1.111440,2.890586,0.000000,0.000000,0.000000,0.000000,0.000000,0.000000,0.000000,0.000000,-510.337463,503.000427,2047.567505,-494.033905,True,velocity,0.449888,0.449888,0.000000,0.000000,9.021683,False
5.616697822988499,-0.004000,1.324000,-1.706000,1.306000,-0.007000,0.005000,-0.006000,-0.048000,1.319000,1.654000,1.353000,0.008000,0.003000,0.007000,-0.026027,0.772084,0.147766,-0.617555,0.370940,-0.255194,0.605010,0.122373,-0.612830,-0.051139,0.779005,-0.355730,-0.241423,0.600827,-0.026027,0.772084,0.147766,-0.617555,0.370940,-0.255194,0.605010,0.122373,-0.612830,-0.051139,0.779005,-0.355730,-0.241423,0.600827,0.449888,0.000000,0.000000,0.000000,1,True,True,0.000000,0.000000,0.000000,0.000000,0.000000,0.000000,0.000000,0.000000,0.000000,True,0.000000,0.000000,0.000000,0.000000,0.000000,0.000000,-0.427870,2.427817,-1.111473,2.890499,-0.427461,2.427817,-1.111440,2.890499,0.000000,0.000000,0.000000,0.000000,0.000000,0.000000,0.000000,0.000000,-510.337463,503.000427,2047.567505,-494.033905,True,velocity,0.449888,0.449888,0.000000,0.000000,9.054874,False
5.648588815995026,-0.004000,1.324000,-1.706000,1.306000,-0.007000,0.005000,-0.006000,-0.048000,1.319000,1.654000,1.353000,0.008000,0.003000,0.007000,-0.026027,0.772084,0.147766,-0.617555,0.370940,-0.255194,0.605010,0.122373,-0.612830,-0.051139,0.779005,-0.355730,-0.241423,0.600827,-0.026027,0.772084,0.147766,-0.617555,0.370940,-0.255194,0.605010,0.122373,-0.612830,-0.051139,0.779005,-0.355730,-0.241423,0.600827,0.449888,0.000000,0.000000,0.000000,1,True,True,0.000000,0.000000,0.000000,0.000000,0.000000,0.000000,0.000000,0.000000,0.000000,True,0.000000,0.000000,0.000000,0.000000,0.000000,0.000000,-0.427345,2.427817,-1.111507,2.890411,-0.427345,2.427817,-1.111507,2.890411,0.000000,0.000000,0.000000,0.000000,0.000000,0.000000,0.000000,0.000000,-510.337463,503.000427,2047.567505,-494.033905,True,velocity,0.449888,0.449888,0.000000,0.000000,9.086862,False
5.683433091995539,-0.004000,1.324000,-1.706000,1.306000,-0.007000,0.005000,-0.006000,-0.048000,1.319000,1.654000,1.353000,0.008000,0.003000,0.007000,-0.026027,0.772084,0.147766,-0.617555,0.370940,-0.255194,0.605010,0.122373,-0.612830,-0.051139,0.779005,-0.355730,-0.241423,0.600827,-0.026027,0.772084,0.147766,-0.617555,0.370940,-0.255194,0.605010,0.122373,-0.612830,-0.051139,0.779005,-0.355730,-0.241423,0.600827,0.449888,0.000000,0.000000,0.000000,1,True,True,0.000000,0.000000,0.000000,0.000000,0.000000,0.000000,0.000000,0.000000,0.000000,True,0.000000,0.000000,0.000000,0.000000,0.000000,0.000000,-0.427345,2.427817,-1.111473,2.890499,-0.427345,2.427817,-1.112115,2.890499,0.000000,0.000000,0.000000,0.000000,0.000000,0.000000,0.000000,0.000000,-510.337463,503.000427,2047.567505,-494.033905,True,velocity,0.449888,0.449888,0.000000,0.000000,9.121454,False
5.715372120990651,-0.004000,1.324000,-1.706000,1.306000,-0.007000,0.005000,-0.006000,-0.048000,1.319000,1.654000,1.353000,0.008000,0.003000,0.007000,-0.026027,0.772084,0.147766,-0.617555,0.370940,-0.255194,0.605010,0.122373,-0.612830,-0.051139,0.779005,-0.355730,-0.241423,0.600827,-0.026027,0.772084,0.147766,-0.617555,0.370940,-0.255194,0.605010,0.122373,-0.612830,-0.051139,0.779005,-0.355730,-0.241423,0.600827,0.449888,0.000000,0.000000,0.000000,1,True,True,0.000000,0.000000,0.000000,0.000000,0.000000,0.000000,0.000000,0.000000,0.000000,True,0.000000,0.000000,0.000000,0.000000,0.000000,0.000000,-0.427461,2.427817,-1.111440,2.889846,-0.427461,2.427817,-1.111440,2.889846,0.000000,0.000000,0.000000,0.000000,0.000000,0.000000,0.000000,0.000000,-510.337463,503.000427,2047.567505,-494.033905,True,velocity,0.449888,0.449888,0.000000,0.000000,9.153644,False
5.749209550005617,-0.004000,1.324000,-1.706000,1.306000,-0.007000,0.005000,-0.006000,-0.048000,1.319000,1.654000,1.353000,0.008000,0.003000,0.007000,-0.026027,0.772084,0.147766,-0.617555,0.370940,-0.255194,0.605010,0.122373,-0.612830,-0.051139,0.779005,-0.355730,-0.241423,0.600827,-0.026027,0.772084,0.147766,-0.617555,0.370940,-0.255194,0.605010,0.122373,-0.612830,-0.051139,0.779005,-0.355730,-0.241423,0.600827,0.449888,0.000000,0.000000,0.000000,1,True,True,0.000000,0.000000,0.000000,0.000000,0.000000,0.000000,0.000000,0.000000,0.000000,True,0.000000,0.000000,0.000000,0.000000,0.000000,0.000000,-0.427461,2.427751,-1.112115,2.890411,-0.427461,2.427751,-1.112115,2.890411,0.000000,0.000000,0.000000,0.000000,0.000000,0.000000,0.000000,0.000000,-510.337463,503.000427,2047.567505,-494.033905,True,velocity,0.449888,0.449888,0.000000,0.000000,9.187486,False
5.782251983007882,-0.004000,1.324000,-1.706000,1.306000,-0.007000,0.005000,-0.006000,-0.048000,1.319000,1.654000,1.353000,0.008000,0.003000,0.007000,-0.026027,0.772084,0.147766,-0.617555,0.370940,-0.255194,0.605010,0.122373,-0.612830,-0.051139,0.779005,-0.355730,-0.241423,0.600827,-0.026027,0.772084,0.147766,-0.617555,0.370940,-0.255194,0.605010,0.122373,-0.612830,-0.051139,0.779005,-0.355730,-0.241423,0.600827,0.449888,0.000000,0.000000,0.000000,1,True,True,0.000000,0.000000,0.000000,0.000000,0.000000,0.000000,0.000000,0.000000,0.000000,True,0.000000,0.000000,0.000000,0.000000,0.000000,0.000000,-0.427345,2.427685,-1.111507,2.889846,-0.427345,2.427685,-1.111507,2.889846,0.000000,0.000000,0.000000,0.000000,0.000000,0.000000,0.000000,0.000000,-510.337463,503.000427,2047.567505,-494.033905,True,velocity,0.449888,0.449888,0.000000,0.000000,9.220486,False
5.815889727004105,-0.004000,1.324000,-1.706000,1.306000,-0.007000,0.005000,-0.006000,-0.048000,1.319000,1.654000,1.353000,0.008000,0.003000,0.007000,-0.026027,0.772084,0.147766,-0.617555,0.370940,-0.255194,0.605010,0.122373,-0.612830,-0.051139,0.779005,-0.355730,-0.241423,0.600827,-0.026027,0.772084,0.147766,-0.617555,0.370940,-0.255194,0.605010,0.122373,-0.612830,-0.051139,0.779005,-0.355730,-0.241423,0.600827,0.449888,0.000000,0.000000,0.000000,1,True,True,0.000000,0.000000,0.000000,0.000000,0.000000,0.000000,0.000000,0.000000,0.000000,True,0.000000,0.000000,0.000000,0.000000,0.000000,0.000000,-0.427345,2.427751,-1.112082,2.890411,-0.427345,2.427751,-1.111473,2.890411,0.000000,0.000000,0.000000,0.000000,0.000000,0.000000,0.000000,0.000000,-510.337463,503.000427,2047.567505,-494.033905,True,velocity,0.449888,0.449888,0.000000,0.000000,9.253923,False
5.849404417007463,-0.004000,1.324000,-1.706000,1.306000,-0.007000,0.005000,-0.006000,-0.048000,1.319000,1.654000,1.353000,0.008000,0.003000,0.007000,-0.026027,0.772084,0.147766,-0.617555,0.370940,-0.255194,0.605010,0.122373,-0.612830,-0.051139,0.779005,-0.355730,-0.241423,0.600827,-0.026027,0.772084,0.147766,-0.617555,0.370940,-0.255194,0.605010,0.122373,-0.612830,-0.051139,0.779005,-0.355730,-0.241423,0.600827,0.449888,0.000000,0.000000,0.000000,1,True,True,0.000000,0.000000,0.000000,0.000000,0.000000,0.000000,0.000000,0.000000,0.000000,True,0.000000,0.000000,0.000000,0.000000,0.000000,0.000000,-0.427345,2.427751,-1.111507,2.890499,-0.427345,2.427751,-1.111507,2.890411,0.000000,0.000000,0.000000,0.000000,0.000000,0.000000,0.000000,0.000000,-510.337463,503.000427,2047.567505,-494.033905,True,velocity,0.449888,0.449888,0.000000,0.000000,9.287650,False
5.882753921992844,-0.004000,1.324000,-1.706000,1.306000,-0.007000,0.005000,-0.006000,-0.048000,1.319000,1.654000,1.353000,0.008000,0.003000,0.007000,-0.026027,0.772084,0.147766,-0.617555,0.370940,-0.255194,0.605010,0.122373,-0.612830,-0.051139,0.779005,-0.355730,-0.241423,0.600827,-0.026027,0.772084,0.147766,-0.617555,0.370940,-0.255194,0.605010,0.122373,-0.612830,-0.051139,0.779005,-0.355730,-0.241423,0.600827,0.449888,0.000000,0.000000,0.000000,1,True,True,0.000000,0.000000,0.000000,0.000000,0.000000,0.000000,0.000000,0.000000,0.000000,True,0.000000,0.000000,0.000000,0.000000,0.000000,0.000000,-0.427345,2.427751,-1.111539,2.889846,-0.427345,2.427685,-1.111539,2.889846,0.000000,0.000000,0.000000,0.000000,0.000000,0.000000,0.000000,0.000000,-510.337463,503.000427,2047.567505,-494.033905,True,velocity,0.449888,0.449888,0.000000,0.000000,9.321029,False
5.916357370006153,-0.004000,1.324000,-1.706000,1.306000,-0.007000,0.005000,-0.006000,-0.048000,1.319000,1.654000,1.353000,0.008000,0.003000,0.007000,-0.026027,0.772084,0.147766,-0.617555,0.370940,-0.255194,0.605010,0.122373,-0.612830,-0.051139,0.779005,-0.355730,-0.241423,0.600827,-0.026027,0.772084,0.147766,-0.617555,0.370940,-0.255194,0.605010,0.122373,-0.612830,-0.051139,0.779005,-0.355730,-0.241423,0.600827,0.449888,0.000000,0.000000,0.000000,1,True,True,0.000000,0.000000,0.000000,0.000000,0.000000,0.000000,0.000000,0.000000,0.000000,True,0.000000,0.000000,0.000000,0.000000,0.000000,0.000000,-0.427870,2.427685,-1.111539,2.890411,-0.427870,2.427685,-1.111539,2.890411,0.000000,0.000000,0.000000,0.000000,0.000000,0.000000,0.000000,0.000000,-510.337463,503.000427,2047.567505,-494.033905,True,velocity,0.449888,0.449888,0.000000,0.000000,9.354479,False
5.949960003985325,-0.004000,1.324000,-1.706000,1.306000,-0.007000,0.005000,-0.006000,-0.048000,1.319000,1.654000,1.353000,0.008000,0.003000,0.007000,-0.026027,0.772084,0.147766,-0.617555,0.370940,-0.255194,0.605010,0.122373,-0.612830,-0.051139,0.779005,-0.355730,-0.241423,0.600827,-0.026027,0.772084,0.147766,-0.617555,0.370940,-0.255194,0.605010,0.122373,-0.612830,-0.051139,0.779005,-0.355730,-0.241423,0.600827,0.449888,0.000000,0.000000,0.000000,1,True,True,0.000000,0.000000,0.000000,0.000000,0.000000,0.000000,0.000000,0.000000,0.000000,True,0.000000,0.000000,0.000000,0.000000,0.000000,0.000000,-0.427345,2.427817,-1.111539,2.890499,-0.427345,2.427817,-1.111539,2.890499,0.000000,0.000000,0.000000,0.000000,0.000000,0.000000,0.000000,0.000000,-510.337463,503.000427,2047.567505,-494.033905,True,velocity,0.449888,0.449888,0.000000,0.000000,9.388034,False
5.9840639870089944,-0.004000,1.324000,-1.706000,1.306000,-0.007000,0.005000,-0.006000,-0.048000,1.319000,1.654000,1.353000,0.008000,0.003000,0.007000,-0.026027,0.772084,0.147766,-0.617555,0.370940,-0.255194,0.605010,0.122373,-0.612830,-0.051139,0.779005,-0.355730,-0.241423,0.600827,-0.026027,0.772084,0.147766,-0.617555,0.370940,-0.255194,0.605010,0.122373,-0.612830,-0.051139,0.779005,-0.355730,-0.241423,0.600827,0.449888,0.000000,0.000000,0.000000,1,True,True,0.000000,0.000000,0.000000,0.000000,0.000000,0.000000,0.000000,0.000000,0.000000,True,0.000000,0.000000,0.000000,0.000000,0.000000,0.000000,-0.427345,2.427685,-1.111507,2.889758,-0.427345,2.427685,-1.111539,2.889846,0.000000,0.000000,0.000000,0.000000,0.000000,0.000000,0.000000,0.000000,-510.337463,503.000427,2047.567505,-494.033905,True,velocity,0.449888,0.449888,0.000000,0.000000,9.422275,False
6.022613339999225,-0.004000,1.324000,-1.706000,1.306000,-0.007000,0.005000,-0.006000,-0.048000,1.319000,1.654000,1.353000,0.008000,0.003000,0.007000,-0.026027,0.772084,0.147766,-0.617555,0.370940,-0.255194,0.605010,0.122373,-0.612830,-0.051139,0.779005,-0.355730,-0.241423,0.600827,-0.026027,0.772084,0.147766,-0.617555,0.370940,-0.255194,0.605010,0.122373,-0.612830,-0.051139,0.779005,-0.355730,-0.241423,0.600827,0.449888,0.000000,0.000000,0.000000,1,True,True,0.000000,0.000000,0.000000,0.000000,0.000000,0.000000,0.000000,0.000000,0.000000,True,0.000000,0.000000,0.000000,0.000000,0.000000,0.000000,-0.427229,2.427619,-1.111507,2.890411,-0.427229,2.427619,-1.111507,2.890411,0.000000,0.000000,0.000000,0.000000,0.000000,0.000000,0.000000,0.000000,-510.337463,503.000427,2047.567505,-494.033905,True,velocity,0.449888,0.449888,0.000000,0.000000,9.460205,False
6.050402071996359,-0.004000,1.324000,-1.706000,1.306000,-0.007000,0.005000,-0.006000,-0.048000,1.319000,1.654000,1.353000,0.008000,0.003000,0.007000,-0.026027,0.772084,0.147766,-0.617555,0.370940,-0.255194,0.605010,0.122373,-0.612830,-0.051139,0.779005,-0.355730,-0.241423,0.600827,-0.026027,0.772084,0.147766,-0.617555,0.370940,-0.255194,0.605010,0.122373,-0.612830,-0.051139,0.779005,-0.355730,-0.241423,0.600827,0.449888,0.000000,0.000000,0.000000,1,True,True,0.000000,0.000000,0.000000,0.000000,0.000000,0.000000,0.000000,0.000000,0.000000,True,0.000000,0.000000,0.000000,0.000000,0.000000,0.000000,-0.427870,2.427685,-1.111507,2.889758,-0.427870,2.427685,-1.111507,2.889758,0.000000,0.000000,0.000000,0.000000,0.000000,0.000000,0.000000,0.000000,-510.337463,503.000427,2047.567505,-494.033905,True,velocity,0.449888,0.449888,0.000000,0.000000,9.488617,False
6.088335668988293,-0.004000,1.324000,-1.706000,1.306000,-0.007000,0.005000,-0.006000,-0.048000,1.319000,1.654000,1.353000,0.008000,0.003000,0.007000,-0.026027,0.772084,0.147766,-0.617555,0.370940,-0.255194,0.605010,0.122373,-0.612830,-0.051139,0.779005,-0.355730,-0.241423,0.600827,-0.026027,0.772084,0.147766,-0.617555,0.370940,-0.255194,0.605010,0.122373,-0.612830,-0.051139,0.779005,-0.355730,-0.241423,0.600827,0.449888,0.000000,0.000000,0.000000,1,True,True,0.000000,0.000000,0.000000,0.000000,0.000000,0.000000,0.000000,0.000000,0.000000,True,0.000000,0.000000,0.000000,0.000000,0.000000,0.000000,-0.427229,2.427685,-1.111507,2.890411,-0.427229,2.427619,-1.111473,2.889933,0.000000,0.000000,0.000000,0.000000,0.000000,0.000000,0.000000,0.000000,-510.337463,503.000427,2047.567505,-494.033905,True,velocity,0.449888,0.449888,0.000000,0.000000,9.526478,False
6.122229078988312,-0.004000,1.324000,-1.706000,1.306000,-0.007000,0.005000,-0.006000,-0.048000,1.319000,1.654000,1.353000,0.008000,0.003000,0.007000,-0.026027,0.772084,0.147766,-0.617555,0.370940,-0.255194,0.605010,0.122373,-0.612830,-0.051139,0.779005,-0.355730,-0.241423,0.600827,-0.026027,0.772084,0.147766,-0.617555,0.370940,-0.255194,0.605010,0.122373,-0.612830,-0.051139,0.779005,-0.355730,-0.241423,0.600827,0.449888,0.000000,0.000000,0.000000,1,True,True,0.000000,0.000000,0.000000,0.000000,0.000000,0.000000,0.000000,0.000000,0.000000,True,0.000000,0.000000,0.000000,0.000000,0.000000,0.000000,-0.427870,2.427685,-1.111473,2.889846,-0.427870,2.427685,-1.111440,2.890411,0.000000,0.000000,0.000000,0.000000,0.000000,0.000000,0.000000,0.000000,-510.337463,503.000427,2047.567505,-494.033905,True,velocity,0.449888,0.449888,0.000000,0.000000,9.560229,False
6.152207506005652,-0.004000,1.324000,-1.706000,1.306000,-0.007000,0.005000,-0.006000,-0.048000,1.319000,1.654000,1.353000,0.008000,0.003000,0.007000,-0.026027,0.772084,0.147766,-0.617555,0.370940,-0.255194,0.605010,0.122373,-0.612830,-0.051139,0.779005,-0.355730,-0.241423,0.600827,-0.026027,0.772084,0.147766,-0.617555,0.370940,-0.255194,0.605010,0.122373,-0.612830,-0.051139,0.779005,-0.355730,-0.241423,0.600827,0.449888,0.000000,0.000000,0.000000,1,True,True,0.000000,0.000000,0.000000,0.000000,0.000000,0.000000,0.000000,0.000000,0.000000,True,0.000000,0.000000,0.000000,0.000000,0.000000,0.000000,-0.427229,2.427554,-1.111473,2.890411,-0.427229,2.427554,-1.111473,2.890411,0.000000,0.000000,0.000000,0.000000,0.000000,0.000000,0.000000,0.000000,-510.337463,503.000427,2047.567505,-494.033905,True,velocity,0.449888,0.449888,0.000000,0.000000,9.590437,False
6.186121731007006,-0.004000,1.324000,-1.706000,1.306000,-0.007000,0.005000,-0.006000,-0.048000,1.319000,1.654000,1.353000,0.008000,0.003000,0.007000,-0.026027,0.772084,0.147766,-0.617555,0.370940,-0.255194,0.605010,0.122373,-0.612830,-0.051139,0.779005,-0.355730,-0.241423,0.600827,-0.026027,0.772084,0.147766,-0.617555,0.370940,-0.255194,0.605010,0.122373,-0.612830,-0.051139,0.779005,-0.355730,-0.241423,0.600827,0.449888,0.000000,0.000000,0.000000,1,True,True,0.000000,0.000000,0.000000,0.000000,0.000000,0.000000,0.000000,0.000000,0.000000,True,0.000000,0.000000,0.000000,0.000000,0.000000,0.000000,-0.427345,2.427685,-1.111473,2.889933,-0.427345,2.427685,-1.111473,2.889933,0.000000,0.000000,0.000000,0.000000,0.000000,0.000000,0.000000,0.000000,-510.337463,503.000427,2047.567505,-494.033905,True,velocity,0.449888,0.449888,0.000000,0.000000,9.624373,False
6.2200463069893885,-0.004000,1.324000,-1.706000,1.306000,-0.007000,0.005000,-0.006000,-0.048000,1.319000,1.654000,1.353000,0.008000,0.003000,0.007000,-0.026027,0.772084,0.147766,-0.617555,0.370940,-0.255194,0.605010,0.122373,-0.612830,-0.051139,0.779005,-0.355730,-0.241423,0.600827,-0.026027,0.772084,0.147766,-0.617555,0.370940,-0.255194,0.605010,0.122373,-0.612830,-0.051139,0.779005,-0.355730,-0.241423,0.600827,0.449888,0.000000,0.000000,0.000000,1,True,True,0.000000,0.000000,0.000000,0.000000,0.000000,0.000000,0.000000,0.000000,0.000000,True,0.000000,0.000000,0.000000,0.000000,0.000000,0.000000,-0.427229,2.427619,-1.111507,2.889933,-0.427754,2.427619,-1.111507,2.883970,0.000000,0.000000,0.000000,0.000000,0.000000,0.000000,0.000000,0.000000,-510.337463,503.000427,2047.567505,-494.033905,True,velocity,0.449888,0.449888,0.000000,0.000000,9.658216,False
6.252300057996763,-0.004000,1.324000,-1.706000,1.306000,-0.007000,0.005000,-0.006000,-0.048000,1.319000,1.654000,1.353000,0.008000,0.003000,0.007000,-0.026027,0.772084,0.147766,-0.617555,0.370940,-0.255194,0.605010,0.122373,-0.612830,-0.051139,0.779005,-0.355730,-0.241423,0.600827,-0.026027,0.772084,0.147766,-0.617555,0.370940,-0.255194,0.605010,0.122373,-0.612830,-0.051139,0.779005,-0.355730,-0.241423,0.600827,0.449888,0.000000,0.000000,0.000000,1,True,True,0.000000,0.000000,0.000000,0.000000,0.000000,0.000000,0.000000,0.000000,0.000000,True,0.000000,0.000000,0.000000,0.000000,0.000000,0.000000,-0.427870,2.427685,-1.111507,2.889846,-0.427345,2.427685,-1.111507,2.890411,0.000000,0.000000,0.000000,0.000000,0.000000,0.000000,0.000000,0.000000,-510.337463,503.000427,2047.567505,-494.033905,True,velocity,0.449888,0.449888,0.000000,0.000000,9.690393,False
6.284994954010472,-0.004000,1.324000,-1.706000,1.306000,-0.007000,0.005000,-0.006000,-0.048000,1.319000,1.654000,1.353000,0.008000,0.003000,0.007000,-0.026027,0.772084,0.147766,-0.617555,0.370940,-0.255194,0.605010,0.122373,-0.612830,-0.051139,0.779005,-0.355730,-0.241423,0.600827,-0.026027,0.772084,0.147766,-0.617555,0.370940,-0.255194,0.605010,0.122373,-0.612830,-0.051139,0.779005,-0.355730,-0.241423,0.600827,0.449888,0.000000,0.000000,0.000000,1,True,True,0.000000,0.000000,0.000000,0.000000,0.000000,0.000000,0.000000,0.000000,0.000000,True,0.000000,0.000000,0.000000,0.000000,0.000000,0.000000,-0.427229,2.427619,-1.111473,2.889933,-0.427870,2.427619,-1.111473,2.889933,0.000000,0.000000,0.000000,0.000000,0.000000,0.000000,0.000000,0.000000,-510.337463,503.000427,2047.567505,-494.033905,True,velocity,0.449888,0.449888,0.000000,0.000000,9.723269,False
6.319460472994251,-0.004000,1.324000,-1.706000,1.306000,-0.007000,0.005000,-0.006000,-0.048000,1.319000,1.654000,1.353000,0.008000,0.003000,0.007000,-0.026027,0.772084,0.147766,-0.617555,0.370940,-0.255194,0.605010,0.122373,-0.612830,-0.051139,0.779005,-0.355730,-0.241423,0.600827,-0.026027,0.772084,0.147766,-0.617555,0.370940,-0.255194,0.605010,0.122373,-0.612830,-0.051139,0.779005,-0.355730,-0.241423,0.600827,0.449888,0.000000,0.000000,0.000000,1,True,True,0.000000,0.000000,0.000000,0.000000,0.000000,0.000000,0.000000,0.000000,0.000000,True,0.000000,0.000000,0.000000,0.000000,0.000000,0.000000,-0.427870,2.427685,-1.111507,2.889846,-0.427870,2.427685,-1.111507,2.889846,0.000000,0.000000,0.000000,0.000000,0.000000,0.000000,0.000000,0.000000,-510.337463,503.000427,2047.567505,-494.033905,True,velocity,0.449888,0.449888,0.000000,0.000000,9.757714,False
6.353563974989811,-0.004000,1.324000,-1.706000,1.306000,-0.007000,0.005000,-0.006000,-0.048000,1.319000,1.654000,1.353000,0.008000,0.003000,0.007000,-0.026027,0.772084,0.147766,-0.617555,0.370940,-0.255194,0.605010,0.122373,-0.612830,-0.051139,0.779005,-0.355730,-0.241423,0.600827,-0.026027,0.772084,0.147766,-0.617555,0.370940,-0.255194,0.605010,0.122373,-0.612830,-0.051139,0.779005,-0.355730,-0.241423,0.600827,0.449888,0.000000,0.000000,0.000000,1,True,True,0.000000,0.000000,0.000000,0.000000,0.000000,0.000000,0.000000,0.000000,0.000000,True,0.000000,0.000000,0.000000,0.000000,0.000000,0.000000,-0.427870,2.427685,-1.112115,2.890499,-0.427870,2.427685,-1.112115,2.890499,0.000000,0.000000,0.000000,0.000000,0.000000,0.000000,0.000000,0.000000,-510.337463,503.000427,2047.567505,-494.033905,True,velocity,0.449888,0.449888,0.000000,0.000000,9.791178,False
6.385498226998607,-0.004000,1.324000,-1.706000,1.306000,-0.007000,0.005000,-0.006000,-0.048000,1.319000,1.654000,1.353000,0.008000,0.003000,0.007000,-0.026027,0.772084,0.147766,-0.617555,0.370940,-0.255194,0.605010,0.122373,-0.612830,-0.051139,0.779005,-0.355730,-0.241423,0.600827,-0.026027,0.772084,0.147766,-0.617555,0.370940,-0.255194,0.605010,0.122373,-0.612830,-0.051139,0.779005,-0.355730,-0.241423,0.600827,0.449888,0.000000,0.000000,0.000000,1,True,True,0.000000,0.000000,0.000000,0.000000,0.000000,0.000000,0.000000,0.000000,0.000000,True,0.000000,0.000000,0.000000,0.000000,0.000000,0.000000,-0.427870,2.427685,-1.112115,2.890499,-0.427870,2.427685,-1.112115,2.890499,0.000000,0.000000,0.000000,0.000000,0.000000,0.000000,0.000000,0.000000,-510.337463,503.000427,2047.567505,-494.033905,True,velocity,0.449888,0.449888,0.000000,0.000000,9.823775,False
6.420756131003145,-0.004000,1.324000,-1.706000,1.306000,-0.007000,0.005000,-0.006000,-0.048000,1.319000,1.654000,1.353000,0.008000,0.003000,0.007000,-0.026027,0.772084,0.147766,-0.617555,0.370940,-0.255194,0.605010,0.122373,-0.612830,-0.051139,0.779005,-0.355730,-0.241423,0.600827,-0.026027,0.772084,0.147766,-0.617555,0.370940,-0.255194,0.605010,0.122373,-0.612830,-0.051139,0.779005,-0.355730,-0.241423,0.600827,0.449888,0.000000,0.000000,0.000000,1,True,True,0.000000,0.000000,0.000000,0.000000,0.000000,0.000000,0.000000,0.000000,0.000000,True,0.000000,0.000000,0.000000,0.000000,0.000000,0.000000,-0.427870,2.427685,-1.111473,2.890499,-0.427870,2.427685,-1.111507,2.890499,0.000000,0.000000,0.000000,0.000000,0.000000,0.000000,0.000000,0.000000,-510.337463,503.000427,2047.567505,-494.033905,True,velocity,0.449888,0.449888,0.000000,0.000000,9.858939,False
6.454121376998955,-0.004000,1.324000,-1.706000,1.306000,-0.007000,0.005000,-0.006000,-0.048000,1.319000,1.654000,1.353000,0.008000,0.003000,0.007000,-0.026027,0.772084,0.147766,-0.617555,0.370940,-0.255194,0.605010,0.122373,-0.612830,-0.051139,0.779005,-0.355730,-0.241423,0.600827,-0.026027,0.772084,0.147766,-0.617555,0.370940,-0.255194,0.605010,0.122373,-0.612830,-0.051139,0.779005,-0.355730,-0.241423,0.600827,0.449888,0.000000,0.000000,0.000000,1,True,True,0.000000,0.000000,0.000000,0.000000,0.000000,0.000000,0.000000,0.000000,0.000000,True,0.000000,0.000000,0.000000,0.000000,0.000000,0.000000,-0.427870,2.427685,-1.111473,2.889933,-0.427870,2.427685,-1.111473,2.889933,0.000000,0.000000,0.000000,0.000000,0.000000,0.000000,0.000000,0.000000,-510.337463,503.000427,2047.567505,-494.033905,True,velocity,0.449888,0.449888,0.000000,0.000000,9.891860,False
6.485605149006005,-0.004000,1.324000,-1.706000,1.306000,-0.007000,0.005000,-0.006000,-0.048000,1.319000,1.654000,1.353000,0.008000,0.003000,0.007000,-0.026027,0.772084,0.147766,-0.617555,0.370940,-0.255194,0.605010,0.122373,-0.612830,-0.051139,0.779005,-0.355730,-0.241423,0.600827,-0.026027,0.772084,0.147766,-0.617555,0.370940,-0.255194,0.605010,0.122373,-0.612830,-0.051139,0.779005,-0.355730,-0.241423,0.600827,0.449888,0.000000,0.000000,0.000000,1,True,True,0.000000,0.000000,0.000000,0.000000,0.000000,0.000000,0.000000,0.000000,0.000000,True,0.000000,0.000000,0.000000,0.000000,0.000000,0.000000,-0.427870,2.427685,-1.112115,2.889933,-0.427870,2.427685,-1.111473,2.889933,0.000000,0.000000,0.000000,0.000000,0.000000,0.000000,0.000000,0.000000,-510.337463,503.000427,2047.567505,-494.033905,True,velocity,0.449888,0.449888,0.000000,0.000000,9.923695,False
6.5203996659838594,-0.004000,1.324000,-1.706000,1.306000,-0.007000,0.005000,-0.006000,-0.048000,1.319000,1.654000,1.353000,0.008000,0.003000,0.007000,-0.026027,0.772084,0.147766,-0.617555,0.370940,-0.255194,0.605010,0.122373,-0.612830,-0.051139,0.779005,-0.355730,-0.241423,0.600827,-0.026027,0.772084,0.147766,-0.617555,0.370940,-0.255194,0.605010,0.122373,-0.612830,-0.051139,0.779005,-0.355730,-0.241423,0.600827,0.449888,0.000000,0.000000,0.000000,1,True,True,0.000000,0.000000,0.000000,0.000000,0.000000,0.000000,0.000000,0.000000,0.000000,True,0.000000,0.000000,0.000000,0.000000,0.000000,0.000000,-0.427870,2.427685,-1.112115,2.890411,-0.427870,2.427685,-1.112115,2.890411,0.000000,0.000000,0.000000,0.000000,0.000000,0.000000,0.000000,0.000000,-510.337463,503.000427,2047.567505,-494.033905,True,velocity,0.449888,0.449888,0.000000,0.000000,9.958606,False
6.552675676008221,-0.004000,1.324000,-1.706000,1.306000,-0.007000,0.005000,-0.006000,-0.048000,1.319000,1.654000,1.353000,0.008000,0.003000,0.007000,-0.026027,0.772084,0.147766,-0.617555,0.370940,-0.255194,0.605010,0.122373,-0.612830,-0.051139,0.779005,-0.355730,-0.241423,0.600827,-0.026027,0.772084,0.147766,-0.617555,0.370940,-0.255194,0.605010,0.122373,-0.612830,-0.051139,0.779005,-0.355730,-0.241423,0.600827,0.449888,0.000000,0.000000,0.000000,1,True,True,0.000000,0.000000,0.000000,0.000000,0.000000,0.000000,0.000000,0.000000,0.000000,True,0.000000,0.000000,0.000000,0.000000,0.000000,0.000000,-0.427870,2.427685,-1.112115,2.889758,-0.427870,2.427685,-1.112115,2.889758,0.000000,0.000000,0.000000,0.000000,0.000000,0.000000,0.000000,0.000000,-510.337463,503.000427,2047.567505,-494.033905,True,velocity,0.449888,0.449888,0.000000,0.000000,9.990832,False
6.586210290988674,-0.004000,1.324000,-1.706000,1.306000,-0.007000,0.005000,-0.006000,-0.048000,1.319000,1.654000,1.353000,0.008000,0.003000,0.007000,-0.026027,0.772084,0.147766,-0.617555,0.370940,-0.255194,0.605010,0.122373,-0.612830,-0.051139,0.779005,-0.355730,-0.241423,0.600827,-0.026027,0.772084,0.147766,-0.617555,0.370940,-0.255194,0.605010,0.122373,-0.612830,-0.051139,0.779005,-0.355730,-0.241423,0.600827,0.449888,0.000000,0.000000,0.000000,1,True,True,0.000000,0.000000,0.000000,0.000000,0.000000,0.000000,0.000000,0.000000,0.000000,True,0.000000,0.000000,0.000000,0.000000,0.000000,0.000000,-0.427229,2.427619,-1.112115,2.889846,-0.427754,2.427619,-1.112115,2.889846,0.000000,0.000000,0.000000,0.000000,0.000000,0.000000,0.000000,0.000000,-510.337463,503.000427,2047.567505,-494.033905,True,velocity,0.449888,0.449888,0.000000,0.000000,10.024343,False
6.6200906459998805,-0.004000,1.324000,-1.706000,1.306000,-0.007000,0.005000,-0.006000,-0.048000,1.319000,1.654000,1.353000,0.008000,0.003000,0.007000,-0.026027,0.772084,0.147766,-0.617555,0.370940,-0.255194,0.605010,0.122373,-0.612830,-0.051139,0.779005,-0.355730,-0.241423,0.600827,-0.026027,0.772084,0.147766,-0.617555,0.370940,-0.255194,0.605010,0.122373,-0.612830,-0.051139,0.779005,-0.355730,-0.241423,0.600827,0.449888,0.000000,0.000000,0.000000,1,True,True,0.000000,0.000000,0.000000,0.000000,0.000000,0.000000,0.000000,0.000000,0.000000,True,0.000000,0.000000,0.000000,0.000000,0.000000,0.000000,-0.427870,2.427619,-1.112115,2.889846,-0.427754,2.427619,-1.112115,2.889846,0.000000,0.000000,0.000000,0.000000,0.000000,0.000000,0.000000,0.000000,-510.337463,503.000427,2047.567505,-494.033905,True,velocity,0.449888,0.449888,0.000000,0.000000,10.058357,False
6.6522440259868745,-0.004000,1.324000,-1.706000,1.306000,-0.007000,0.005000,-0.006000,-0.048000,1.319000,1.654000,1.353000,0.008000,0.003000,0.007000,-0.026027,0.772084,0.147766,-0.617555,0.370940,-0.255194,0.605010,0.122373,-0.612830,-0.051139,0.779005,-0.355730,-0.241423,0.600827,-0.026027,0.772084,0.147766,-0.617555,0.370940,-0.255194,0.605010,0.122373,-0.612830,-0.051139,0.779005,-0.355730,-0.241423,0.600827,0.449888,0.000000,0.000000,0.000000,1,True,True,0.000000,0.000000,0.000000,0.000000,0.000000,0.000000,0.000000,0.000000,0.000000,True,0.000000,0.000000,0.000000,0.000000,0.000000,0.000000,-0.427229,2.427619,-1.112115,2.890499,-0.427229,2.427619,-1.112115,2.890499,0.000000,0.000000,0.000000,0.000000,0.000000,0.000000,0.000000,0.000000,-510.337463,503.000427,2047.567505,-494.033905,True,velocity,0.449888,0.449888,0.000000,0.000000,10.090516,False
6.686886766983662,-0.004000,1.324000,-1.706000,1.306000,-0.007000,0.005000,-0.006000,-0.048000,1.319000,1.654000,1.353000,0.008000,0.003000,0.007000,-0.026027,0.772084,0.147766,-0.617555,0.370940,-0.255194,0.605010,0.122373,-0.612830,-0.051139,0.779005,-0.355730,-0.241423,0.600827,-0.026027,0.772084,0.147766,-0.617555,0.370940,-0.255194,0.605010,0.122373,-0.612830,-0.051139,0.779005,-0.355730,-0.241423,0.600827,0.449888,0.000000,0.000000,0.000000,1,True,True,0.000000,0.000000,0.000000,0.000000,0.000000,0.000000,0.000000,0.000000,0.000000,True,0.000000,0.000000,0.000000,0.000000,0.000000,0.000000,-0.427637,2.427619,-1.112115,2.883970,-0.427637,2.427685,-1.112115,2.883970,0.000000,0.000000,0.000000,0.000000,0.000000,0.000000,0.000000,0.000000,-510.337463,503.000427,2047.567505,-494.033905,True,velocity,0.449888,0.449888,0.000000,0.000000,10.124871,False
6.719561625999631,-0.004000,1.324000,-1.706000,1.306000,-0.007000,0.005000,-0.006000,-0.048000,1.319000,1.654000,1.353000,0.008000,0.003000,0.007000,-0.026027,0.772084,0.147766,-0.617555,0.370940,-0.255194,0.605010,0.122373,-0.612830,-0.051139,0.779005,-0.355730,-0.241423,0.600827,-0.026027,0.772084,0.147766,-0.617555,0.370940,-0.255194,0.605010,0.122373,-0.612830,-0.051139,0.779005,-0.355730,-0.241423,0.600827,0.449888,0.000000,0.000000,0.000000,1,True,True,0.000000,0.000000,0.000000,0.000000,0.000000,0.000000,0.000000,0.000000,0.000000,True,0.000000,0.000000,0.000000,0.000000,0.000000,0.000000,-0.427754,2.427685,-1.112115,2.883884,-0.427754,2.427685,-1.112115,2.883884,0.000000,0.000000,0.000000,0.000000,0.000000,0.000000,0.000000,0.000000,-510.337463,503.000427,2047.567505,-494.033905,True,velocity,0.449888,0.449888,0.000000,0.000000,10.157767,False
6.752948445995571,-0.004000,1.324000,-1.706000,1.306000,-0.007000,0.005000,-0.006000,-0.048000,1.319000,1.654000,1.353000,0.008000,0.003000,0.007000,-0.026027,0.772084,0.147766,-0.617555,0.370940,-0.255194,0.605010,0.122373,-0.612830,-0.051139,0.779005,-0.355730,-0.241423,0.600827,-0.026027,0.772084,0.147766,-0.617555,0.370940,-0.255194,0.605010,0.122373,-0.612830,-0.051139,0.779005,-0.355730,-0.241423,0.600827,0.449888,0.000000,0.000000,0.000000,1,True,True,0.000000,0.000000,0.000000,0.000000,0.000000,0.000000,0.000000,0.000000,0.000000,True,0.000000,0.000000,0.000000,0.000000,0.000000,0.000000,-0.427870,2.427751,-1.112115,2.889933,-0.427229,2.427685,-1.112115,2.889933,0.000000,0.000000,0.000000,0.000000,0.000000,0.000000,0.000000,0.000000,-510.337463,503.000427,2047.567505,-494.033905,True,velocity,0.449888,0.449888,0.000000,0.000000,10.191189,False
6.785860119998688,-0.004000,1.324000,-1.706000,1.306000,-0.007000,0.005000,-0.006000,-0.048000,1.319000,1.654000,1.353000,0.008000,0.003000,0.007000,-0.026027,0.772084,0.147766,-0.617555,0.370940,-0.255194,0.605010,0.122373,-0.612830,-0.051139,0.779005,-0.355730,-0.241423,0.600827,-0.026027,0.772084,0.147766,-0.617555,0.370940,-0.255194,0.605010,0.122373,-0.612830,-0.051139,0.779005,-0.355730,-0.241423,0.600827,0.449888,0.000000,0.000000,0.000000,1,True,True,0.000000,0.000000,0.000000,0.000000,0.000000,0.000000,0.000000,0.000000,0.000000,True,0.000000,0.000000,0.000000,0.000000,0.000000,0.000000,-0.427345,2.427751,-1.112115,2.890499,-0.427345,2.427685,-1.112115,2.890499,0.000000,0.000000,0.000000,0.000000,0.000000,0.000000,0.000000,0.000000,-510.337463,503.000427,2047.567505,-494.033905,True,velocity,0.449888,0.449888,0.000000,0.000000,10.224133,False
6.820231582998531,-0.004000,1.324000,-1.706000,1.306000,-0.007000,0.005000,-0.006000,-0.048000,1.319000,1.654000,1.353000,0.008000,0.003000,0.007000,-0.026027,0.772084,0.147766,-0.617555,0.370940,-0.255194,0.605010,0.122373,-0.612830,-0.051139,0.779005,-0.355730,-0.241423,0.600827,-0.026027,0.772084,0.147766,-0.617555,0.370940,-0.255194,0.605010,0.122373,-0.612830,-0.051139,0.779005,-0.355730,-0.241423,0.600827,0.449888,0.000000,0.000000,0.000000,1,True,True,0.000000,0.000000,0.000000,0.000000,0.000000,0.000000,0.000000,0.000000,0.000000,True,0.000000,0.000000,0.000000,0.000000,0.000000,0.000000,-0.427754,2.427685,-1.112115,2.889846,-0.427754,2.427751,-1.112115,2.889846,0.000000,0.000000,0.000000,0.000000,0.000000,0.000000,0.000000,0.000000,-510.337463,503.000427,2047.567505,-494.033905,True,velocity,0.449888,0.449888,0.000000,0.000000,10.258365,False
6.852643350983271,-0.004000,1.324000,-1.706000,1.306000,-0.007000,0.005000,-0.006000,-0.048000,1.319000,1.654000,1.353000,0.008000,0.003000,0.007000,-0.026027,0.772084,0.147766,-0.617555,0.370940,-0.255194,0.605010,0.122373,-0.612830,-0.051139,0.779005,-0.355730,-0.241423,0.600827,-0.026027,0.772084,0.147766,-0.617555,0.370940,-0.255194,0.605010,0.122373,-0.612830,-0.051139,0.779005,-0.355730,-0.241423,0.600827,0.449888,0.000000,0.000000,0.000000,1,True,True,0.000000,0.000000,0.000000,0.000000,0.000000,0.000000,0.000000,0.000000,0.000000,True,0.000000,0.000000,0.000000,0.000000,0.000000,0.000000,-0.427754,2.427751,-1.112082,2.890499,-0.427754,2.427751,-1.112082,2.890499,0.000000,0.000000,0.000000,0.000000,0.000000,0.000000,0.000000,0.000000,-510.337463,503.000427,2047.567505,-494.033905,True,velocity,0.449888,0.449888,0.000000,0.000000,10.290912,False
6.88635887298733,-0.004000,1.324000,-1.706000,1.306000,-0.007000,0.005000,-0.006000,-0.048000,1.319000,1.654000,1.353000,0.008000,0.003000,0.007000,-0.026027,0.772084,0.147766,-0.617555,0.370940,-0.255194,0.605010,0.122373,-0.612830,-0.051139,0.779005,-0.355730,-0.241423,0.600827,-0.026027,0.772084,0.147766,-0.617555,0.370940,-0.255194,0.605010,0.122373,-0.612830,-0.051139,0.779005,-0.355730,-0.241423,0.600827,0.449888,0.000000,0.000000,0.000000,1,True,True,0.000000,0.000000,0.000000,0.000000,0.000000,0.000000,0.000000,0.000000,0.000000,True,0.000000,0.000000,0.000000,0.000000,0.000000,0.000000,-0.427754,2.427751,-1.111440,2.890499,-0.427754,2.427751,-1.111473,2.890499,0.000000,0.000000,0.000000,0.000000,0.000000,0.000000,0.000000,0.000000,-510.337463,503.000427,2047.567505,-494.033905,True,velocity,0.449888,0.449888,0.000000,0.000000,10.324635,False
6.919943599990802,-0.004000,1.324000,-1.706000,1.306000,-0.007000,0.005000,-0.006000,-0.048000,1.319000,1.654000,1.353000,0.008000,0.003000,0.007000,-0.026027,0.772084,0.147766,-0.617555,0.370940,-0.255194,0.605010,0.122373,-0.612830,-0.051139,0.779005,-0.355730,-0.241423,0.600827,-0.026027,0.772084,0.147766,-0.617555,0.370940,-0.255194,0.605010,0.122373,-0.612830,-0.051139,0.779005,-0.355730,-0.241423,0.600827,0.449888,0.000000,0.000000,0.000000,1,True,True,0.000000,0.000000,0.000000,0.000000,0.000000,0.000000,0.000000,0.000000,0.000000,True,0.000000,0.000000,0.000000,0.000000,0.000000,0.000000,-0.427754,2.427751,-1.111440,2.890499,-0.427754,2.427751,-1.111440,2.890499,0.000000,0.000000,0.000000,0.000000,0.000000,0.000000,0.000000,0.000000,-510.337463,503.000427,2047.567505,-494.033905,True,velocity,0.449888,0.449888,0.000000,0.000000,10.358192,False
6.953651196003193,-0.004000,1.324000,-1.706000,1.306000,-0.007000,0.005000,-0.006000,-0.048000,1.319000,1.654000,1.353000,0.008000,0.003000,0.007000,-0.026027,0.772084,0.147766,-0.617555,0.370940,-0.255194,0.605010,0.122373,-0.612830,-0.051139,0.779005,-0.355730,-0.241423,0.600827,-0.026027,0.772084,0.147766,-0.617555,0.370940,-0.255194,0.605010,0.122373,-0.612830,-0.051139,0.779005,-0.355730,-0.241423,0.600827,0.449888,0.000000,0.000000,0.000000,1,True,True,0.000000,0.000000,0.000000,0.000000,0.000000,0.000000,0.000000,0.000000,0.000000,True,0.000000,0.000000,0.000000,0.000000,0.000000,0.000000,-0.427345,2.427751,-1.111473,2.889933,-0.427345,2.427751,-1.111473,2.889933,0.000000,0.000000,0.000000,0.000000,0.000000,0.000000,0.000000,0.000000,-510.337463,503.000427,2047.567505,-494.033905,True,velocity,0.449888,0.449888,0.000000,0.000000,10.391652,False
6.986585536011262,-0.004000,1.324000,-1.706000,1.306000,-0.007000,0.005000,-0.006000,-0.048000,1.319000,1.654000,1.353000,0.008000,0.003000,0.007000,-0.026027,0.772084,0.147766,-0.617555,0.370940,-0.255194,0.605010,0.122373,-0.612830,-0.051139,0.779005,-0.355730,-0.241423,0.600827,-0.026027,0.772084,0.147766,-0.617555,0.370940,-0.255194,0.605010,0.122373,-0.612830,-0.051139,0.779005,-0.355730,-0.241423,0.600827,0.449888,0.000000,0.000000,0.000000,1,True,True,0.000000,0.000000,0.000000,0.000000,0.000000,0.000000,0.000000,0.000000,0.000000,True,0.000000,0.000000,0.000000,0.000000,0.000000,0.000000,-0.427870,2.427751,-1.111473,2.890499,-0.427870,2.427751,-1.111473,2.890499,0.000000,0.000000,0.000000,0.000000,0.000000,0.000000,0.000000,0.000000,-510.337463,503.000427,2047.567505,-494.033905,True,velocity,0.449888,0.449888,0.000000,0.000000,10.424760,False
7.020479427010287,-0.004000,1.324000,-1.706000,1.306000,-0.007000,0.005000,-0.006000,-0.048000,1.319000,1.654000,1.353000,0.008000,0.003000,0.007000,-0.026027,0.772084,0.147766,-0.617555,0.370940,-0.255194,0.605010,0.122373,-0.612830,-0.051139,0.779005,-0.355730,-0.241423,0.600827,-0.026027,0.772084,0.147766,-0.617555,0.370940,-0.255194,0.605010,0.122373,-0.612830,-0.051139,0.779005,-0.355730,-0.241423,0.600827,0.449888,0.000000,0.000000,0.000000,1,True,True,0.000000,0.000000,0.000000,0.000000,0.000000,0.000000,0.000000,0.000000,0.000000,True,0.000000,0.000000,0.000000,0.000000,0.000000,0.000000,-0.427345,2.427751,-1.111440,2.889846,-0.427345,2.427751,-1.111440,2.889846,0.000000,0.000000,0.000000,0.000000,0.000000,0.000000,0.000000,0.000000,-510.337463,503.000427,2047.567505,-494.033905,True,velocity,0.449888,0.449888,0.000000,0.000000,10.458757,False
7.053457119007362,-0.004000,1.324000,-1.706000,1.306000,-0.007000,0.005000,-0.006000,-0.048000,1.319000,1.654000,1.353000,0.008000,0.003000,0.007000,-0.026027,0.772084,0.147766,-0.617555,0.370940,-0.255194,0.605010,0.122373,-0.612830,-0.051139,0.779005,-0.355730,-0.241423,0.600827,-0.026027,0.772084,0.147766,-0.617555,0.370940,-0.255194,0.605010,0.122373,-0.612830,-0.051139,0.779005,-0.355730,-0.241423,0.600827,0.449888,0.000000,0.000000,0.000000,1,True,True,0.000000,0.000000,0.000000,0.000000,0.000000,0.000000,0.000000,0.000000,0.000000,True,0.000000,0.000000,0.000000,0.000000,0.000000,0.000000,-0.427345,2.427751,-1.111473,2.890499,-0.427345,2.427751,-1.111473,2.890499,0.000000,0.000000,0.000000,0.000000,0.000000,0.000000,0.000000,0.000000,-510.337463,503.000427,2047.567505,-494.033905,True,velocity,0.449888,0.449888,0.000000,0.000000,10.491618,False
7.087103011988802,-0.004000,1.324000,-1.706000,1.306000,-0.007000,0.005000,-0.006000,-0.048000,1.319000,1.654000,1.353000,0.008000,0.003000,0.007000,-0.026027,0.772084,0.147766,-0.617555,0.370940,-0.255194,0.605010,0.122373,-0.612830,-0.051139,0.779005,-0.355730,-0.241423,0.600827,-0.026027,0.772084,0.147766,-0.617555,0.370940,-0.255194,0.605010,0.122373,-0.612830,-0.051139,0.779005,-0.355730,-0.241423,0.600827,0.449888,0.000000,0.000000,0.000000,1,True,True,0.000000,0.000000,0.000000,0.000000,0.000000,0.000000,0.000000,0.000000,0.000000,True,0.000000,0.000000,0.000000,0.000000,0.000000,0.000000,-0.427345,2.427751,-1.111473,2.889933,-0.427345,2.427751,-1.111473,2.889933,0.000000,0.000000,0.000000,0.000000,0.000000,0.000000,0.000000,0.000000,-510.337463,503.000427,2047.567505,-494.033905,True,velocity,0.449888,0.449888,0.000000,0.000000,10.525164,False
7.12048538698582,-0.004000,1.324000,-1.706000,1.306000,-0.007000,0.005000,-0.006000,-0.048000,1.319000,1.654000,1.353000,0.008000,0.003000,0.007000,-0.026027,0.772084,0.147766,-0.617555,0.370940,-0.255194,0.605010,0.122373,-0.612830,-0.051139,0.779005,-0.355730,-0.241423,0.600827,-0.026027,0.772084,0.147766,-0.617555,0.370940,-0.255194,0.605010,0.122373,-0.612830,-0.051139,0.779005,-0.355730,-0.241423,0.600827,0.449888,0.000000,0.000000,0.000000,1,True,True,0.000000,0.000000,0.000000,0.000000,0.000000,0.000000,0.000000,0.000000,0.000000,True,0.000000,0.000000,0.000000,0.000000,0.000000,0.000000,-0.427345,2.427751,-1.111473,2.890499,-0.427345,2.427751,-1.111473,2.889846,0.000000,0.000000,0.000000,0.000000,0.000000,0.000000,0.000000,0.000000,-510.337463,503.000427,2047.567505,-494.033905,True,velocity,0.449888,0.449888,0.000000,0.000000,10.558697,False
7.153616411000257,-0.004000,1.324000,-1.706000,1.306000,-0.007000,0.005000,-0.006000,-0.048000,1.319000,1.654000,1.353000,0.008000,0.003000,0.007000,-0.026027,0.772084,0.147766,-0.617555,0.370940,-0.255194,0.605010,0.122373,-0.612830,-0.051139,0.779005,-0.355730,-0.241423,0.600827,-0.026027,0.772084,0.147766,-0.617555,0.370940,-0.255194,0.605010,0.122373,-0.612830,-0.051139,0.779005,-0.355730,-0.241423,0.600827,0.449888,0.000000,0.000000,0.000000,1,True,True,0.000000,0.000000,0.000000,0.000000,0.000000,0.000000,0.000000,0.000000,0.000000,True,0.000000,0.000000,0.000000,0.000000,0.000000,0.000000,-0.427229,2.427751,-1.111440,2.889846,-0.427229,2.427751,-1.111440,2.890499,0.000000,0.000000,0.000000,0.000000,0.000000,0.000000,0.000000,0.000000,-510.337463,503.000427,2047.567505,-494.033905,True,velocity,0.449888,0.449888,0.000000,0.000000,10.591895,False
7.186650418007048,-0.004000,1.324000,-1.706000,1.306000,-0.007000,0.005000,-0.006000,-0.048000,1.319000,1.654000,1.353000,0.008000,0.003000,0.007000,-0.026027,0.772084,0.147766,-0.617555,0.370940,-0.255194,0.605010,0.122373,-0.612830,-0.051139,0.779005,-0.355730,-0.241423,0.600827,-0.026027,0.772084,0.147766,-0.617555,0.370940,-0.255194,0.605010,0.122373,-0.612830,-0.051139,0.779005,-0.355730,-0.241423,0.600827,0.449888,0.000000,0.000000,0.000000,1,True,True,0.000000,0.000000,0.000000,0.000000,0.000000,0.000000,0.000000,0.000000,0.000000,True,0.000000,0.000000,0.000000,0.000000,0.000000,0.000000,-0.427345,2.427751,-1.112082,2.890499,-0.427345,2.427619,-1.112082,2.890499,0.000000,0.000000,0.000000,0.000000,0.000000,0.000000,0.000000,0.000000,-510.337463,503.000427,2047.567505,-494.033905,True,velocity,0.449888,0.449888,0.000000,0.000000,10.624925,False
7.221033362991875,-0.004000,1.324000,-1.706000,1.306000,-0.007000,0.005000,-0.006000,-0.048000,1.319000,1.654000,1.353000,0.008000,0.003000,0.007000,-0.026027,0.772084,0.147766,-0.617555,0.370940,-0.255194,0.605010,0.122373,-0.612830,-0.051139,0.779005,-0.355730,-0.241423,0.600827,-0.026027,0.772084,0.147766,-0.617555,0.370940,-0.255194,0.605010,0.122373,-0.612830,-0.051139,0.779005,-0.355730,-0.241423,0.600827,0.449888,0.000000,0.000000,0.000000,1,True,True,0.000000,0.000000,0.000000,0.000000,0.000000,0.000000,0.000000,0.000000,0.000000,True,0.000000,0.000000,0.000000,0.000000,0.000000,0.000000,-0.427345,2.427619,-1.112082,2.889933,-0.427345,2.427685,-1.112082,2.889933,0.000000,0.000000,0.000000,0.000000,0.000000,0.000000,0.000000,0.000000,-510.337463,503.000427,2047.567505,-494.033905,True,velocity,0.449888,0.449888,0.000000,0.000000,10.659123,False
7.253774445009185,-0.004000,1.324000,-1.706000,1.306000,-0.007000,0.005000,-0.006000,-0.048000,1.319000,1.654000,1.353000,0.008000,0.003000,0.007000,-0.026027,0.772084,0.147766,-0.617555,0.370940,-0.255194,0.605010,0.122373,-0.612830,-0.051139,0.779005,-0.355730,-0.241423,0.600827,-0.026027,0.772084,0.147766,-0.617555,0.370940,-0.255194,0.605010,0.122373,-0.612830,-0.051139,0.779005,-0.355730,-0.241423,0.600827,0.449888,0.000000,0.000000,0.000000,1,True,True,0.000000,0.000000,0.000000,0.000000,0.000000,0.000000,0.000000,0.000000,0.000000,True,0.000000,0.000000,0.000000,0.000000,0.000000,0.000000,-0.427345,2.427685,-1.112082,2.889846,-0.427345,2.427685,-1.112082,2.889846,0.000000,0.000000,0.000000,0.000000,0.000000,0.000000,0.000000,0.000000,-510.337463,503.000427,2047.567505,-494.033905,True,velocity,0.449888,0.449888,0.000000,0.000000,10.692011,False
7.286994764988776,-0.004000,1.324000,-1.706000,1.306000,-0.007000,0.005000,-0.006000,-0.048000,1.319000,1.654000,1.353000,0.008000,0.003000,0.007000,-0.026027,0.772084,0.147766,-0.617555,0.370940,-0.255194,0.605010,0.122373,-0.612830,-0.051139,0.779005,-0.355730,-0.241423,0.600827,-0.026027,0.772084,0.147766,-0.617555,0.370940,-0.255194,0.605010,0.122373,-0.612830,-0.051139,0.779005,-0.355730,-0.241423,0.600827,0.449888,0.000000,0.000000,0.000000,1,True,True,0.000000,0.000000,0.000000,0.000000,0.000000,0.000000,0.000000,0.000000,0.000000,True,0.000000,0.000000,0.000000,0.000000,0.000000,0.000000,-0.427345,2.427685,-1.112082,2.889933,-0.427345,2.427685,-1.112082,2.889933,0.000000,0.000000,0.000000,0.000000,0.000000,0.000000,0.000000,0.000000,-510.337463,503.000427,2047.567505,-494.033905,True,velocity,0.449888,0.449888,0.000000,0.000000,10.725271,False
7.321412210003473,-0.004000,1.324000,-1.706000,1.306000,-0.007000,0.005000,-0.006000,-0.048000,1.319000,1.654000,1.353000,0.008000,0.003000,0.007000,-0.026027,0.772084,0.147766,-0.617555,0.370940,-0.255194,0.605010,0.122373,-0.612830,-0.051139,0.779005,-0.355730,-0.241423,0.600827,-0.026027,0.772084,0.147766,-0.617555,0.370940,-0.255194,0.605010,0.122373,-0.612830,-0.051139,0.779005,-0.355730,-0.241423,0.600827,0.449888,0.000000,0.000000,0.000000,1,True,True,0.000000,0.000000,0.000000,0.000000,0.000000,0.000000,0.000000,0.000000,0.000000,True,0.000000,0.000000,0.000000,0.000000,0.000000,0.000000,-0.427229,2.427685,-1.112082,2.889846,-0.427229,2.427685,-1.112082,2.889758,0.000000,0.000000,0.000000,0.000000,0.000000,0.000000,0.000000,0.000000,-510.337463,503.000427,2047.567505,-494.033905,True,velocity,0.449888,0.449888,0.000000,0.000000,10.759510,False
7.353804348007543,-0.004000,1.324000,-1.706000,1.306000,-0.007000,0.005000,-0.006000,-0.048000,1.319000,1.654000,1.353000,0.008000,0.003000,0.007000,-0.026027,0.772084,0.147766,-0.617555,0.370940,-0.255194,0.605010,0.122373,-0.612830,-0.051139,0.779005,-0.355730,-0.241423,0.600827,-0.026027,0.772084,0.147766,-0.617555,0.370940,-0.255194,0.605010,0.122373,-0.612830,-0.051139,0.779005,-0.355730,-0.241423,0.600827,0.449888,0.000000,0.000000,0.000000,1,True,True,0.000000,0.000000,0.000000,0.000000,0.000000,0.000000,0.000000,0.000000,0.000000,True,0.000000,0.000000,0.000000,0.000000,0.000000,0.000000,-0.427345,2.427685,-1.112082,2.890499,-0.427229,2.427685,-1.112082,2.889933,0.000000,0.000000,0.000000,0.000000,0.000000,0.000000,0.000000,0.000000,-510.337463,503.000427,2047.567505,-494.033905,True,velocity,0.449888,0.449888,0.000000,0.000000,10.792079,False
7.387779368989868,-0.004000,1.324000,-1.706000,1.306000,-0.007000,0.005000,-0.006000,-0.048000,1.319000,1.654000,1.353000,0.008000,0.003000,0.007000,-0.026027,0.772084,0.147766,-0.617555,0.370940,-0.255194,0.605010,0.122373,-0.612830,-0.051139,0.779005,-0.355730,-0.241423,0.600827,-0.026027,0.772084,0.147766,-0.617555,0.370940,-0.255194,0.605010,0.122373,-0.612830,-0.051139,0.779005,-0.355730,-0.241423,0.600827,0.449888,0.000000,0.000000,0.000000,1,True,True,0.000000,0.000000,0.000000,0.000000,0.000000,0.000000,0.000000,0.000000,0.000000,True,0.000000,0.000000,0.000000,0.000000,0.000000,0.000000,-0.427345,2.427619,-1.112082,2.889933,-0.427345,2.427619,-1.112082,2.889933,0.000000,0.000000,0.000000,0.000000,0.000000,0.000000,0.000000,0.000000,-510.337463,503.000427,2047.567505,-494.033905,True,velocity,0.449888,0.449888,0.000000,0.000000,10.826057,False
7.420655969006475,-0.004000,1.324000,-1.706000,1.306000,-0.007000,0.005000,-0.006000,-0.048000,1.319000,1.654000,1.353000,0.008000,0.003000,0.007000,-0.026027,0.772084,0.147766,-0.617555,0.370940,-0.255194,0.605010,0.122373,-0.612830,-0.051139,0.779005,-0.355730,-0.241423,0.600827,-0.026027,0.772084,0.147766,-0.617555,0.370940,-0.255194,0.605010,0.122373,-0.612830,-0.051139,0.779005,-0.355730,-0.241423,0.600827,0.449888,0.000000,0.000000,0.000000,1,True,True,0.000000,0.000000,0.000000,0.000000,0.000000,0.000000,0.000000,0.000000,0.000000,True,0.000000,0.000000,0.000000,0.000000,0.000000,0.000000,-0.427345,2.427685,-1.112082,2.890499,-0.427345,2.427685,-1.112082,2.890499,0.000000,0.000000,0.000000,0.000000,0.000000,0.000000,0.000000,0.000000,-510.337463,503.000427,2047.567505,-494.033905,True,velocity,0.449888,0.449888,0.000000,0.000000,10.858907,False
7.45461449000868,-0.004000,1.324000,-1.706000,1.306000,-0.007000,0.005000,-0.006000,-0.048000,1.319000,1.654000,1.353000,0.008000,0.003000,0.007000,-0.026027,0.772084,0.147766,-0.617555,0.370940,-0.255194,0.605010,0.122373,-0.612830,-0.051139,0.779005,-0.355730,-0.241423,0.600827,-0.026027,0.772084,0.147766,-0.617555,0.370940,-0.255194,0.605010,0.122373,-0.612830,-0.051139,0.779005,-0.355730,-0.241423,0.600827,0.449888,0.000000,0.000000,0.000000,1,True,True,0.000000,0.000000,0.000000,0.000000,0.000000,0.000000,0.000000,0.000000,0.000000,True,0.000000,0.000000,0.000000,0.000000,0.000000,0.000000,-0.427345,2.427685,-1.112082,2.889933,-0.427345,2.427685,-1.112082,2.889933,0.000000,0.000000,0.000000,0.000000,0.000000,0.000000,0.000000,0.000000,-510.337463,503.000427,2047.567505,-494.033905,True,velocity,0.449888,0.449888,0.000000,0.000000,10.892715,False
7.487805014010519,-0.004000,1.324000,-1.706000,1.306000,-0.007000,0.005000,-0.006000,-0.048000,1.319000,1.654000,1.353000,0.008000,0.003000,0.007000,-0.026027,0.772084,0.147766,-0.617555,0.370940,-0.255194,0.605010,0.122373,-0.612830,-0.051139,0.779005,-0.355730,-0.241423,0.600827,-0.026027,0.772084,0.147766,-0.617555,0.370940,-0.255194,0.605010,0.122373,-0.612830,-0.051139,0.779005,-0.355730,-0.241423,0.600827,0.449888,0.000000,0.000000,0.000000,1,True,True,0.000000,0.000000,0.000000,0.000000,0.000000,0.000000,0.000000,0.000000,0.000000,True,0.000000,0.000000,0.000000,0.000000,0.000000,0.000000,-0.427345,2.427751,-1.112082,2.883970,-0.427345,2.427751,-1.112082,2.883970,0.000000,0.000000,0.000000,0.000000,0.000000,0.000000,0.000000,0.000000,-510.337463,503.000427,2047.567505,-494.033905,True,velocity,0.449888,0.449888,0.000000,0.000000,10.926032,False
7.521192833984969,-0.004000,1.324000,-1.706000,1.306000,-0.007000,0.005000,-0.006000,-0.048000,1.319000,1.654000,1.353000,0.008000,0.003000,0.007000,-0.026027,0.772084,0.147766,-0.617555,0.370940,-0.255194,0.605010,0.122373,-0.612830,-0.051139,0.779005,-0.355730,-0.241423,0.600827,-0.026027,0.772084,0.147766,-0.617555,0.370940,-0.255194,0.605010,0.122373,-0.612830,-0.051139,0.779005,-0.355730,-0.241423,0.600827,0.449888,0.000000,0.000000,0.000000,1,True,True,0.000000,0.000000,0.000000,0.000000,0.000000,0.000000,0.000000,0.000000,0.000000,True,0.000000,0.000000,0.000000,0.000000,0.000000,0.000000,-0.427345,2.427685,-1.112082,2.890411,-0.427345,2.427685,-1.112082,2.889846,0.000000,0.000000,0.000000,0.000000,0.000000,0.000000,0.000000,0.000000,-510.337463,503.000427,2047.567505,-494.033905,True,velocity,0.449888,0.449888,0.000000,0.000000,10.959466,False
7.555250946985325,-0.004000,1.324000,-1.706000,1.306000,-0.007000,0.005000,-0.006000,-0.048000,1.319000,1.654000,1.353000,0.008000,0.003000,0.007000,-0.026027,0.772084,0.147766,-0.617555,0.370940,-0.255194,0.605010,0.122373,-0.612830,-0.051139,0.779005,-0.355730,-0.241423,0.600827,-0.026027,0.772084,0.147766,-0.617555,0.370940,-0.255194,0.605010,0.122373,-0.612830,-0.051139,0.779005,-0.355730,-0.241423,0.600827,0.449888,0.000000,0.000000,0.000000,1,True,True,0.000000,0.000000,0.000000,0.000000,0.000000,0.000000,0.000000,0.000000,0.000000,True,0.000000,0.000000,0.000000,0.000000,0.000000,0.000000,-0.427345,2.427685,-1.112082,2.890020,-0.427345,2.427685,-1.112082,2.890020,0.000000,0.000000,0.000000,0.000000,0.000000,0.000000,0.000000,0.000000,-510.337463,503.000427,2047.567505,-494.033905,True,velocity,0.449888,0.449888,0.000000,0.000000,10.993299,False
7.587918214005185,-0.004000,1.324000,-1.706000,1.306000,-0.007000,0.005000,-0.006000,-0.048000,1.319000,1.654000,1.353000,0.008000,0.003000,0.007000,-0.026027,0.772084,0.147766,-0.617555,0.370940,-0.255194,0.605010,0.122373,-0.612830,-0.051139,0.779005,-0.355730,-0.241423,0.600827,-0.026027,0.772084,0.147766,-0.617555,0.370940,-0.255194,0.605010,0.122373,-0.612830,-0.051139,0.779005,-0.355730,-0.241423,0.600827,0.449888,0.000000,0.000000,0.000000,1,True,True,0.000000,0.000000,0.000000,0.000000,0.000000,0.000000,0.000000,0.000000,0.000000,True,0.000000,0.000000,0.000000,0.000000,0.000000,0.000000,-0.427870,2.427751,-1.111473,2.890499,-0.427870,2.427751,-1.111473,2.890499,0.000000,0.000000,0.000000,0.000000,0.000000,0.000000,0.000000,0.000000,-510.337463,503.000427,2047.567505,-494.033905,True,velocity,0.449888,0.449888,0.000000,0.000000,11.026194,False
7.621838902006857,-0.004000,1.324000,-1.706000,1.306000,-0.007000,0.005000,-0.006000,-0.048000,1.319000,1.654000,1.353000,0.008000,0.003000,0.007000,-0.026027,0.772084,0.147766,-0.617555,0.370940,-0.255194,0.605010,0.122373,-0.612830,-0.051139,0.779005,-0.355730,-0.241423,0.600827,-0.026027,0.772084,0.147766,-0.617555,0.370940,-0.255194,0.605010,0.122373,-0.612830,-0.051139,0.779005,-0.355730,-0.241423,0.600827,0.449888,0.000000,0.000000,0.000000,1,True,True,0.000000,0.000000,0.000000,0.000000,0.000000,0.000000,0.000000,0.000000,0.000000,True,0.000000,0.000000,0.000000,0.000000,0.000000,0.000000,-0.427870,2.427751,-1.111507,2.890499,-0.427870,2.427751,-1.111473,2.890499,0.000000,0.000000,0.000000,0.000000,0.000000,0.000000,0.000000,0.000000,-510.337463,503.000427,2047.567505,-494.033905,True,velocity,0.449888,0.449888,0.000000,0.000000,11.060107,False
7.654734056995949,-0.004000,1.324000,-1.706000,1.306000,-0.007000,0.005000,-0.006000,-0.048000,1.319000,1.654000,1.353000,0.008000,0.003000,0.007000,-0.026027,0.772084,0.147766,-0.617555,0.370940,-0.255194,0.605010,0.122373,-0.612830,-0.051139,0.779005,-0.355730,-0.241423,0.600827,-0.026027,0.772084,0.147766,-0.617555,0.370940,-0.255194,0.605010,0.122373,-0.612830,-0.051139,0.779005,-0.355730,-0.241423,0.600827,0.449888,0.000000,0.000000,0.000000,1,True,True,0.000000,0.000000,0.000000,0.000000,0.000000,0.000000,0.000000,0.000000,0.000000,True,0.000000,0.000000,0.000000,0.000000,0.000000,0.000000,-0.427229,2.427751,-1.111473,2.890499,-0.427229,2.427751,-1.111473,2.890499,0.000000,0.000000,0.000000,0.000000,0.000000,0.000000,0.000000,0.000000,-510.337463,503.000427,2047.567505,-494.033905,True,velocity,0.449888,0.449888,0.000000,0.000000,11.092978,False
7.689805536007043,-0.004000,1.324000,-1.706000,1.306000,-0.007000,0.005000,-0.006000,-0.048000,1.319000,1.654000,1.353000,0.008000,0.003000,0.007000,-0.026027,0.772084,0.147766,-0.617555,0.370940,-0.255194,0.605010,0.122373,-0.612830,-0.051139,0.779005,-0.355730,-0.241423,0.600827,-0.026027,0.772084,0.147766,-0.617555,0.370940,-0.255194,0.605010,0.122373,-0.612830,-0.051139,0.779005,-0.355730,-0.241423,0.600827,0.449888,0.000000,0.000000,0.000000,1,True,True,0.000000,0.000000,0.000000,0.000000,0.000000,0.000000,0.000000,0.000000,0.000000,True,0.000000,0.000000,0.000000,0.000000,0.000000,0.000000,-0.427229,2.427751,-1.111507,2.889846,-0.427229,2.427751,-1.111507,2.889846,0.000000,0.000000,0.000000,0.000000,0.000000,0.000000,0.000000,0.000000,-510.337463,503.000427,2047.567505,-494.033905,True,velocity,0.449888,0.449888,0.000000,0.000000,11.127813,False
7.721896620001644,-0.004000,1.324000,-1.706000,1.306000,-0.007000,0.005000,-0.006000,-0.048000,1.319000,1.654000,1.353000,0.008000,0.003000,0.007000,-0.026027,0.772084,0.147766,-0.617555,0.370940,-0.255194,0.605010,0.122373,-0.612830,-0.051139,0.779005,-0.355730,-0.241423,0.600827,-0.026027,0.772084,0.147766,-0.617555,0.370940,-0.255194,0.605010,0.122373,-0.612830,-0.051139,0.779005,-0.355730,-0.241423,0.600827,0.449888,0.000000,0.000000,0.000000,1,True,True,0.000000,0.000000,0.000000,0.000000,0.000000,0.000000,0.000000,0.000000,0.000000,True,0.000000,0.000000,0.000000,0.000000,0.000000,0.000000,-0.427229,2.427685,-1.111507,2.890499,-0.427229,2.427685,-1.111507,2.890499,0.000000,0.000000,0.000000,0.000000,0.000000,0.000000,0.000000,0.000000,-510.337463,503.000427,2047.567505,-494.033905,True,velocity,0.449888,0.449888,0.000000,0.000000,11.160078,False
7.755289533000905,-0.004000,1.324000,-1.706000,1.306000,-0.007000,0.005000,-0.006000,-0.048000,1.319000,1.654000,1.353000,0.008000,0.003000,0.007000,-0.026027,0.772084,0.147766,-0.617555,0.370940,-0.255194,0.605010,0.122373,-0.612830,-0.051139,0.779005,-0.355730,-0.241423,0.600827,-0.026027,0.772084,0.147766,-0.617555,0.370940,-0.255194,0.605010,0.122373,-0.612830,-0.051139,0.779005,-0.355730,-0.241423,0.600827,0.449888,0.000000,0.000000,0.000000,1,True,True,0.000000,0.000000,0.000000,0.000000,0.000000,0.000000,0.000000,0.000000,0.000000,True,0.000000,0.000000,0.000000,0.000000,0.000000,0.000000,-0.427229,2.427751,-1.111473,2.889933,-0.427229,2.427751,-1.111473,2.889933,0.000000,0.000000,0.000000,0.000000,0.000000,0.000000,0.000000,0.000000,-510.337463,503.000427,2047.567505,-494.033905,True,velocity,0.449888,0.449888,0.000000,0.000000,11.193567,False
7.788278835010715,-0.004000,1.324000,-1.706000,1.306000,-0.007000,0.005000,-0.006000,-0.048000,1.319000,1.654000,1.353000,0.008000,0.003000,0.007000,-0.026027,0.772084,0.147766,-0.617555,0.370940,-0.255194,0.605010,0.122373,-0.612830,-0.051139,0.779005,-0.355730,-0.241423,0.600827,-0.026027,0.772084,0.147766,-0.617555,0.370940,-0.255194,0.605010,0.122373,-0.612830,-0.051139,0.779005,-0.355730,-0.241423,0.600827,0.449888,0.000000,0.000000,0.000000,1,True,True,0.000000,0.000000,0.000000,0.000000,0.000000,0.000000,0.000000,0.000000,0.000000,True,0.000000,0.000000,0.000000,0.000000,0.000000,0.000000,-0.427229,2.427685,-1.111473,2.889846,-0.427229,2.427685,-1.111473,2.889846,0.000000,0.000000,0.000000,0.000000,0.000000,0.000000,0.000000,0.000000,-510.337463,503.000427,2047.567505,-494.033905,True,velocity,0.449888,0.449888,0.000000,0.000000,11.226531,False
7.822918705001939,-0.004000,1.324000,-1.706000,1.306000,-0.007000,0.005000,-0.006000,-0.048000,1.319000,1.654000,1.353000,0.008000,0.003000,0.007000,-0.026027,0.772084,0.147766,-0.617555,0.370940,-0.255194,0.605010,0.122373,-0.612830,-0.051139,0.779005,-0.355730,-0.241423,0.600827,-0.026027,0.772084,0.147766,-0.617555,0.370940,-0.255194,0.605010,0.122373,-0.612830,-0.051139,0.779005,-0.355730,-0.241423,0.600827,0.449888,0.000000,0.000000,0.000000,1,True,True,0.000000,0.000000,0.000000,0.000000,0.000000,0.000000,0.000000,0.000000,0.000000,True,0.000000,0.000000,0.000000,0.000000,0.000000,0.000000,-0.427229,2.427751,-1.111473,2.889933,-0.427229,2.427751,-1.111473,2.889933,0.000000,0.000000,0.000000,0.000000,0.000000,0.000000,0.000000,0.000000,-510.337463,503.000427,2047.567505,-494.033905,True,velocity,0.449888,0.449888,0.000000,0.000000,11.260750,False
7.855056956002954,-0.004000,1.324000,-1.706000,1.306000,-0.007000,0.005000,-0.006000,-0.048000,1.319000,1.654000,1.353000,0.008000,0.003000,0.007000,-0.026027,0.772084,0.147766,-0.617555,0.370940,-0.255194,0.605010,0.122373,-0.612830,-0.051139,0.779005,-0.355730,-0.241423,0.600827,-0.026027,0.772084,0.147766,-0.617555,0.370940,-0.255194,0.605010,0.122373,-0.612830,-0.051139,0.779005,-0.355730,-0.241423,0.600827,0.449888,0.000000,0.000000,0.000000,1,True,True,0.000000,0.000000,0.000000,0.000000,0.000000,0.000000,0.000000,0.000000,0.000000,True,0.000000,0.000000,0.000000,0.000000,0.000000,0.000000,-0.427229,2.427751,-1.111473,2.889846,-0.427229,2.427751,-1.111473,2.889846,0.000000,0.000000,0.000000,0.000000,0.000000,0.000000,0.000000,0.000000,-510.337463,503.000427,2047.567505,-494.033905,True,velocity,0.449888,0.449888,0.000000,0.000000,11.293324,False
7.89019536098931,-0.004000,1.324000,-1.706000,1.306000,-0.007000,0.005000,-0.006000,-0.048000,1.319000,1.654000,1.353000,0.008000,0.003000,0.007000,-0.026027,0.772084,0.147766,-0.617555,0.370940,-0.255194,0.605010,0.122373,-0.612830,-0.051139,0.779005,-0.355730,-0.241423,0.600827,-0.026027,0.772084,0.147766,-0.617555,0.370940,-0.255194,0.605010,0.122373,-0.612830,-0.051139,0.779005,-0.355730,-0.241423,0.600827,0.449888,0.000000,0.000000,0.000000,1,True,True,0.000000,0.000000,0.000000,0.000000,0.000000,0.000000,0.000000,0.000000,0.000000,True,0.000000,0.000000,0.000000,0.000000,0.000000,0.000000,-0.427229,2.427685,-1.111473,2.889933,-0.427229,2.427685,-1.111473,2.889933,0.000000,0.000000,0.000000,0.000000,0.000000,0.000000,0.000000,0.000000,-510.337463,503.000427,2047.567505,-494.033905,True,velocity,0.449888,0.449888,0.000000,0.000000,11.328383,False
7.923546662001172,-0.004000,1.324000,-1.706000,1.306000,-0.007000,0.005000,-0.006000,-0.048000,1.319000,1.654000,1.353000,0.008000,0.003000,0.007000,-0.026027,0.772084,0.147766,-0.617555,0.370940,-0.255194,0.605010,0.122373,-0.612830,-0.051139,0.779005,-0.355730,-0.241423,0.600827,-0.026027,0.772084,0.147766,-0.617555,0.370940,-0.255194,0.605010,0.122373,-0.612830,-0.051139,0.779005,-0.355730,-0.241423,0.600827,0.449888,0.000000,0.000000,0.000000,1,True,True,0.000000,0.000000,0.000000,0.000000,0.000000,0.000000,0.000000,0.000000,0.000000,True,0.000000,0.000000,0.000000,0.000000,0.000000,0.000000,-0.427229,2.427685,-1.111507,2.890499,-0.427229,2.427685,-1.111507,2.890499,0.000000,0.000000,0.000000,0.000000,0.000000,0.000000,0.000000,0.000000,-510.337463,503.000427,2047.567505,-494.033905,True,velocity,0.449888,0.449888,0.000000,0.000000,11.361588,False
7.955723635008326,-0.004000,1.324000,-1.706000,1.306000,-0.007000,0.005000,-0.006000,-0.048000,1.319000,1.654000,1.353000,0.008000,0.003000,0.007000,-0.026027,0.772084,0.147766,-0.617555,0.370940,-0.255194,0.605010,0.122373,-0.612830,-0.051139,0.779005,-0.355730,-0.241423,0.600827,-0.026027,0.772084,0.147766,-0.617555,0.370940,-0.255194,0.605010,0.122373,-0.612830,-0.051139,0.779005,-0.355730,-0.241423,0.600827,0.449888,0.000000,0.000000,0.000000,1,True,True,0.000000,0.000000,0.000000,0.000000,0.000000,0.000000,0.000000,0.000000,0.000000,True,0.000000,0.000000,0.000000,0.000000,0.000000,0.000000,-0.427229,2.427685,-1.111473,2.889846,-0.427229,2.427685,-1.111473,2.890411,0.000000,0.000000,0.000000,0.000000,0.000000,0.000000,0.000000,0.000000,-510.337463,503.000427,2047.567505,-494.033905,True,velocity,0.449888,0.449888,0.000000,0.000000,11.393998,False
7.9890176779881585,-0.004000,1.324000,-1.706000,1.306000,-0.007000,0.005000,-0.006000,-0.048000,1.319000,1.654000,1.353000,0.008000,0.003000,0.007000,-0.026027,0.772084,0.147766,-0.617555,0.370940,-0.255194,0.605010,0.122373,-0.612830,-0.051139,0.779005,-0.355730,-0.241423,0.600827,-0.026027,0.772084,0.147766,-0.617555,0.370940,-0.255194,0.605010,0.122373,-0.612830,-0.051139,0.779005,-0.355730,-0.241423,0.600827,0.449888,0.000000,0.000000,0.000000,1,True,True,0.000000,0.000000,0.000000,0.000000,0.000000,0.000000,0.000000,0.000000,0.000000,True,0.000000,0.000000,0.000000,0.000000,0.000000,0.000000,-0.427229,2.427685,-1.112115,2.890411,-0.427229,2.427685,-1.112115,2.890411,0.000000,0.000000,0.000000,0.000000,0.000000,0.000000,0.000000,0.000000,-510.337463,503.000427,2047.567505,-494.033905,True,velocity,0.449888,0.449888,0.000000,0.000000,11.427238,False
8.02217699799803,-0.004000,1.324000,-1.706000,1.306000,-0.007000,0.005000,-0.006000,-0.048000,1.319000,1.654000,1.353000,0.008000,0.003000,0.007000,-0.026027,0.772084,0.147766,-0.617555,0.370940,-0.255194,0.605010,0.122373,-0.612830,-0.051139,0.779005,-0.355730,-0.241423,0.600827,-0.026027,0.772084,0.147766,-0.617555,0.370940,-0.255194,0.605010,0.122373,-0.612830,-0.051139,0.779005,-0.355730,-0.241423,0.600827,0.449888,0.000000,0.000000,0.000000,1,True,True,0.000000,0.000000,0.000000,0.000000,0.000000,0.000000,0.000000,0.000000,0.000000,True,0.000000,0.000000,0.000000,0.000000,0.000000,0.000000,-0.427229,2.427751,-1.111473,2.890324,-0.427229,2.427751,-1.111473,2.890324,0.000000,0.000000,0.000000,0.000000,0.000000,0.000000,0.000000,0.000000,-510.337463,503.000427,2047.567505,-494.033905,True,velocity,0.449888,0.449888,0.000000,0.000000,11.460442,False
8.056201833998784,-0.004000,1.324000,-1.706000,1.306000,-0.007000,0.005000,-0.006000,-0.048000,1.319000,1.654000,1.353000,0.008000,0.003000,0.007000,-0.026027,0.772084,0.147766,-0.617555,0.370940,-0.255194,0.605010,0.122373,-0.612830,-0.051139,0.779005,-0.355730,-0.241423,0.600827,-0.026027,0.772084,0.147766,-0.617555,0.370940,-0.255194,0.605010,0.122373,-0.612830,-0.051139,0.779005,-0.355730,-0.241423,0.600827,0.449888,0.000000,0.000000,0.000000,1,True,True,0.000000,0.000000,0.000000,0.000000,0.000000,0.000000,0.000000,0.000000,0.000000,True,0.000000,0.000000,0.000000,0.000000,0.000000,0.000000,-0.427229,2.427685,-1.112115,2.883404,-0.427229,2.427685,-1.112115,2.883404,0.000000,0.000000,0.000000,0.000000,0.000000,0.000000,0.000000,0.000000,-510.337463,503.000427,2047.567505,-494.033905,True,velocity,0.449888,0.449888,0.000000,0.000000,11.494324,False
8.08897528599482,-0.004000,1.324000,-1.706000,1.306000,-0.007000,0.005000,-0.006000,-0.048000,1.319000,1.654000,1.353000,0.008000,0.003000,0.007000,-0.026027,0.772084,0.147766,-0.617555,0.370940,-0.255194,0.605010,0.122373,-0.612830,-0.051139,0.779005,-0.355730,-0.241423,0.600827,-0.026027,0.772084,0.147766,-0.617555,0.370940,-0.255194,0.605010,0.122373,-0.612830,-0.051139,0.779005,-0.355730,-0.241423,0.600827,0.449888,0.000000,0.000000,0.000000,1,True,True,0.000000,0.000000,0.000000,0.000000,0.000000,0.000000,0.000000,0.000000,0.000000,True,0.000000,0.000000,0.000000,0.000000,0.000000,0.000000,-0.427345,2.427685,-1.112115,2.883404,-0.427345,2.427685,-1.112115,2.883404,0.000000,0.000000,0.000000,0.000000,0.000000,0.000000,0.000000,0.000000,-510.337463,503.000427,2047.567505,-494.033905,True,velocity,0.449888,0.449888,0.000000,0.000000,11.527223,False
8.12290047298302,-0.004000,1.324000,-1.706000,1.306000,-0.007000,0.005000,-0.006000,-0.048000,1.319000,1.654000,1.353000,0.008000,0.003000,0.007000,-0.026027,0.772084,0.147766,-0.617555,0.370940,-0.255194,0.605010,0.122373,-0.612830,-0.051139,0.779005,-0.355730,-0.241423,0.600827,-0.026027,0.772084,0.147766,-0.617555,0.370940,-0.255194,0.605010,0.122373,-0.612830,-0.051139,0.779005,-0.355730,-0.241423,0.600827,0.449888,0.000000,0.000000,0.000000,1,True,True,0.000000,0.000000,0.000000,0.000000,0.000000,0.000000,0.000000,0.000000,0.000000,True,0.000000,0.000000,0.000000,0.000000,0.000000,0.000000,-0.427345,2.427685,-1.112115,2.883404,-0.427870,2.427685,-1.112115,2.883970,0.000000,0.000000,0.000000,0.000000,0.000000,0.000000,0.000000,0.000000,-510.337463,503.000427,2047.567505,-494.033905,True,velocity,0.449888,0.449888,0.000000,0.000000,11.561174,False
8.155669314000988,-0.004000,1.324000,-1.706000,1.306000,-0.007000,0.005000,-0.006000,-0.048000,1.319000,1.654000,1.353000,0.008000,0.003000,0.007000,-0.026027,0.772084,0.147766,-0.617555,0.370940,-0.255194,0.605010,0.122373,-0.612830,-0.051139,0.779005,-0.355730,-0.241423,0.600827,-0.026027,0.772084,0.147766,-0.617555,0.370940,-0.255194,0.605010,0.122373,-0.612830,-0.051139,0.779005,-0.355730,-0.241423,0.600827,0.449888,0.000000,0.000000,0.000000,1,True,True,0.000000,0.000000,0.000000,0.000000,0.000000,0.000000,0.000000,0.000000,0.000000,True,0.000000,0.000000,0.000000,0.000000,0.000000,0.000000,-0.427345,2.427685,-1.111507,2.890499,-0.427345,2.427685,-1.111507,2.890499,0.000000,0.000000,0.000000,0.000000,0.000000,0.000000,0.000000,0.000000,-510.337463,503.000427,2047.567505,-494.033905,True,velocity,0.449888,0.449888,0.000000,0.000000,11.593831,False
8.189785371010657,-0.004000,1.324000,-1.706000,1.306000,-0.007000,0.005000,-0.006000,-0.048000,1.319000,1.654000,1.353000,0.008000,0.003000,0.007000,-0.026027,0.772084,0.147766,-0.617555,0.370940,-0.255194,0.605010,0.122373,-0.612830,-0.051139,0.779005,-0.355730,-0.241423,0.600827,-0.026027,0.772084,0.147766,-0.617555,0.370940,-0.255194,0.605010,0.122373,-0.612830,-0.051139,0.779005,-0.355730,-0.241423,0.600827,0.449888,0.000000,0.000000,0.000000,1,True,True,0.000000,0.000000,0.000000,0.000000,0.000000,0.000000,0.000000,0.000000,0.000000,True,0.000000,0.000000,0.000000,0.000000,0.000000,0.000000,-0.427987,2.427685,-1.111473,2.890499,-0.427987,2.427685,-1.112115,2.890499,0.000000,0.000000,0.000000,0.000000,0.000000,0.000000,0.000000,0.000000,-510.337463,503.000427,2047.567505,-494.033905,True,velocity,0.449888,0.449888,0.000000,0.000000,11.627843,False
8.22270187799586,-0.004000,1.324000,-1.706000,1.306000,-0.007000,0.005000,-0.006000,-0.048000,1.319000,1.654000,1.353000,0.008000,0.003000,0.007000,-0.026027,0.772084,0.147766,-0.617555,0.370940,-0.255194,0.605010,0.122373,-0.612830,-0.051139,0.779005,-0.355730,-0.241423,0.600827,-0.026027,0.772084,0.147766,-0.617555,0.370940,-0.255194,0.605010,0.122373,-0.612830,-0.051139,0.779005,-0.355730,-0.241423,0.600827,0.449888,0.000000,0.000000,0.000000,1,True,True,0.000000,0.000000,0.000000,0.000000,0.000000,0.000000,0.000000,0.000000,0.000000,True,0.000000,0.000000,0.000000,0.000000,0.000000,0.000000,-0.427345,2.427685,-1.111507,2.890499,-0.427345,2.427685,-1.111507,2.890499,0.000000,0.000000,0.000000,0.000000,0.000000,0.000000,0.000000,0.000000,-510.337463,503.000427,2047.567505,-494.033905,True,velocity,0.449888,0.449888,0.000000,0.000000,11.660957,False
8.25731169298524,-0.004000,1.324000,-1.706000,1.306000,-0.007000,0.005000,-0.006000,-0.048000,1.319000,1.654000,1.353000,0.008000,0.003000,0.007000,-0.026027,0.772084,0.147766,-0.617555,0.370940,-0.255194,0.605010,0.122373,-0.612830,-0.051139,0.779005,-0.355730,-0.241423,0.600827,-0.026027,0.772084,0.147766,-0.617555,0.370940,-0.255194,0.605010,0.122373,-0.612830,-0.051139,0.779005,-0.355730,-0.241423,0.600827,0.449888,0.000000,0.000000,0.000000,1,True,True,0.000000,0.000000,0.000000,0.000000,0.000000,0.000000,0.000000,0.000000,0.000000,True,0.000000,0.000000,0.000000,0.000000,0.000000,0.000000,-0.427461,2.427685,-1.111507,2.883970,-0.427461,2.427685,-1.111507,2.889933,0.000000,0.000000,0.000000,0.000000,0.000000,0.000000,0.000000,0.000000,-510.337463,503.000427,2047.567505,-494.033905,True,velocity,0.449888,0.449888,0.000000,0.000000,11.695466,False
8.28954599899589,-0.004000,1.324000,-1.706000,1.306000,-0.007000,0.005000,-0.006000,-0.048000,1.319000,1.654000,1.353000,0.008000,0.003000,0.007000,-0.026027,0.772084,0.147766,-0.617555,0.370940,-0.255194,0.605010,0.122373,-0.612830,-0.051139,0.779005,-0.355730,-0.241423,0.600827,-0.026027,0.772084,0.147766,-0.617555,0.370940,-0.255194,0.605010,0.122373,-0.612830,-0.051139,0.779005,-0.355730,-0.241423,0.600827,0.449888,0.000000,0.000000,0.000000,1,True,True,0.000000,0.000000,0.000000,0.000000,0.000000,0.000000,0.000000,0.000000,0.000000,True,0.000000,0.000000,0.000000,0.000000,0.000000,0.000000,-0.427345,2.427685,-1.111507,2.890411,-0.427345,2.427685,-1.111507,2.890411,0.000000,0.000000,0.000000,0.000000,0.000000,0.000000,0.000000,0.000000,-510.337463,503.000427,2047.567505,-494.033905,True,velocity,0.449888,0.449888,0.000000,0.000000,11.727714,False
8.323404816008406,-0.004000,1.324000,-1.706000,1.306000,-0.007000,0.005000,-0.006000,-0.048000,1.319000,1.654000,1.353000,0.008000,0.003000,0.007000,-0.026027,0.772084,0.147766,-0.617555,0.370940,-0.255194,0.605010,0.122373,-0.612830,-0.051139,0.779005,-0.355730,-0.241423,0.600827,-0.026027,0.772084,0.147766,-0.617555,0.370940,-0.255194,0.605010,0.122373,-0.612830,-0.051139,0.779005,-0.355730,-0.241423,0.600827,0.449888,0.000000,0.000000,0.000000,1,True,True,0.000000,0.000000,0.000000,0.000000,0.000000,0.000000,0.000000,0.000000,0.000000,True,0.000000,0.000000,0.000000,0.000000,0.000000,0.000000,-0.427461,2.427685,-1.111473,2.889846,-0.427461,2.427685,-1.111473,2.889846,0.000000,0.000000,0.000000,0.000000,0.000000,0.000000,0.000000,0.000000,-510.337463,503.000427,2047.567505,-494.033905,True,velocity,0.449888,0.449888,0.000000,0.000000,11.761439,False
8.356704339996213,-0.004000,1.324000,-1.706000,1.306000,-0.007000,0.005000,-0.006000,-0.048000,1.319000,1.654000,1.353000,0.008000,0.003000,0.007000,-0.026027,0.772084,0.147766,-0.617555,0.370940,-0.255194,0.605010,0.122373,-0.612830,-0.051139,0.779005,-0.355730,-0.241423,0.600827,-0.026027,0.772084,0.147766,-0.617555,0.370940,-0.255194,0.605010,0.122373,-0.612830,-0.051139,0.779005,-0.355730,-0.241423,0.600827,0.449888,0.000000,0.000000,0.000000,1,True,True,0.000000,0.000000,0.000000,0.000000,0.000000,0.000000,0.000000,0.000000,0.000000,True,0.000000,0.000000,0.000000,0.000000,0.000000,0.000000,-0.427345,2.427685,-1.111473,2.890499,-0.427345,2.427685,-1.111473,2.890499,0.000000,0.000000,0.000000,0.000000,0.000000,0.000000,0.000000,0.000000,-510.337463,503.000427,2047.567505,-494.033905,True,velocity,0.449888,0.449888,0.000000,0.000000,11.794777,False
8.389786087005632,-0.004000,1.324000,-1.706000,1.306000,-0.007000,0.005000,-0.006000,-0.048000,1.319000,1.654000,1.353000,0.008000,0.003000,0.007000,-0.026027,0.772084,0.147766,-0.617555,0.370940,-0.255194,0.605010,0.122373,-0.612830,-0.051139,0.779005,-0.355730,-0.241423,0.600827,-0.026027,0.772084,0.147766,-0.617555,0.370940,-0.255194,0.605010,0.122373,-0.612830,-0.051139,0.779005,-0.355730,-0.241423,0.600827,0.449888,0.000000,0.000000,0.000000,1,True,True,0.000000,0.000000,0.000000,0.000000,0.000000,0.000000,0.000000,0.000000,0.000000,True,0.000000,0.000000,0.000000,0.000000,0.000000,0.000000,-0.427345,2.427685,-1.111473,2.889846,-0.427345,2.427685,-1.111473,2.889846,0.000000,0.000000,0.000000,0.000000,0.000000,0.000000,0.000000,0.000000,-510.337463,503.000427,2047.567505,-494.033905,True,velocity,0.449888,0.449888,0.000000,0.000000,11.828059,False
8.422819130006246,-0.004000,1.324000,-1.706000,1.306000,-0.007000,0.005000,-0.006000,-0.048000,1.319000,1.654000,1.353000,0.008000,0.003000,0.007000,-0.026027,0.772084,0.147766,-0.617555,0.370940,-0.255194,0.605010,0.122373,-0.612830,-0.051139,0.779005,-0.355730,-0.241423,0.600827,-0.026027,0.772084,0.147766,-0.617555,0.370940,-0.255194,0.605010,0.122373,-0.612830,-0.051139,0.779005,-0.355730,-0.241423,0.600827,0.449888,0.000000,0.000000,0.000000,1,True,True,0.000000,0.000000,0.000000,0.000000,0.000000,0.000000,0.000000,0.000000,0.000000,True,0.000000,0.000000,0.000000,0.000000,0.000000,0.000000,-0.427345,2.427685,-1.111507,2.889846,-0.427345,2.427685,-1.111507,2.889846,0.000000,0.000000,0.000000,0.000000,0.000000,0.000000,0.000000,0.000000,-510.337463,503.000427,2047.567505,-494.033905,True,velocity,0.449888,0.449888,0.000000,0.000000,11.861091,False
8.456839557999047,-0.004000,1.324000,-1.706000,1.306000,-0.007000,0.005000,-0.006000,-0.048000,1.319000,1.654000,1.353000,0.008000,0.003000,0.007000,-0.026027,0.772084,0.147766,-0.617555,0.370940,-0.255194,0.605010,0.122373,-0.612830,-0.051139,0.779005,-0.355730,-0.241423,0.600827,-0.026027,0.772084,0.147766,-0.617555,0.370940,-0.255194,0.605010,0.122373,-0.612830,-0.051139,0.779005,-0.355730,-0.241423,0.600827,0.449888,0.000000,0.000000,0.000000,1,True,True,0.000000,0.000000,0.000000,0.000000,0.000000,0.000000,0.000000,0.000000,0.000000,True,0.000000,0.000000,0.000000,0.000000,0.000000,0.000000,-0.427461,2.427685,-1.111473,2.890586,-0.427461,2.427685,-1.111507,2.890586,0.000000,0.000000,0.000000,0.000000,0.000000,0.000000,0.000000,0.000000,-510.337463,503.000427,2047.567505,-494.033905,True,velocity,0.449888,0.449888,0.000000,0.000000,11.894951,False
8.489772212982643,-0.004000,1.324000,-1.706000,1.306000,-0.007000,0.005000,-0.006000,-0.048000,1.319000,1.654000,1.353000,0.008000,0.003000,0.007000,-0.026027,0.772084,0.147766,-0.617555,0.370940,-0.255194,0.605010,0.122373,-0.612830,-0.051139,0.779005,-0.355730,-0.241423,0.600827,-0.026027,0.772084,0.147766,-0.617555,0.370940,-0.255194,0.605010,0.122373,-0.612830,-0.051139,0.779005,-0.355730,-0.241423,0.600827,0.449888,0.000000,0.000000,0.000000,1,True,True,0.000000,0.000000,0.000000,0.000000,0.000000,0.000000,0.000000,0.000000,0.000000,True,0.000000,0.000000,0.000000,0.000000,0.000000,0.000000,-0.427345,2.427685,-1.111473,2.889933,-0.427345,2.427685,-1.111473,2.889933,0.000000,0.000000,0.000000,0.000000,0.000000,0.000000,0.000000,0.000000,-510.337463,503.000427,2047.567505,-494.033905,True,velocity,0.449888,0.449888,0.000000,0.000000,11.928006,False
8.523606419999851,-0.004000,1.324000,-1.706000,1.306000,-0.007000,0.005000,-0.006000,-0.048000,1.319000,1.654000,1.353000,0.008000,0.003000,0.007000,-0.026027,0.772084,0.147766,-0.617555,0.370940,-0.255194,0.605010,0.122373,-0.612830,-0.051139,0.779005,-0.355730,-0.241423,0.600827,-0.026027,0.772084,0.147766,-0.617555,0.370940,-0.255194,0.605010,0.122373,-0.612830,-0.051139,0.779005,-0.355730,-0.241423,0.600827,0.449888,0.000000,0.000000,0.000000,1,True,True,0.000000,0.000000,0.000000,0.000000,0.000000,0.000000,0.000000,0.000000,0.000000,True,0.000000,0.000000,0.000000,0.000000,0.000000,0.000000,-0.427345,2.427685,-1.111507,2.890499,-0.427345,2.427685,-1.111507,2.890499,0.000000,0.000000,0.000000,0.000000,0.000000,0.000000,0.000000,0.000000,-510.337463,503.000427,2047.567505,-494.033905,True,velocity,0.449888,0.449888,0.000000,0.000000,11.961860,False
8.55722809000872,-0.004000,1.324000,-1.706000,1.306000,-0.007000,0.005000,-0.006000,-0.048000,1.319000,1.654000,1.353000,0.008000,0.003000,0.007000,-0.026027,0.772084,0.147766,-0.617555,0.370940,-0.255194,0.605010,0.122373,-0.612830,-0.051139,0.779005,-0.355730,-0.241423,0.600827,-0.026027,0.772084,0.147766,-0.617555,0.370940,-0.255194,0.605010,0.122373,-0.612830,-0.051139,0.779005,-0.355730,-0.241423,0.600827,0.449888,0.000000,0.000000,0.000000,1,True,True,0.000000,0.000000,0.000000,0.000000,0.000000,0.000000,0.000000,0.000000,0.000000,True,0.000000,0.000000,0.000000,0.000000,0.000000,0.000000,-0.427345,2.427685,-1.111507,2.889933,-0.427345,2.427685,-1.111507,2.889933,0.000000,0.000000,0.000000,0.000000,0.000000,0.000000,0.000000,0.000000,-510.337463,503.000427,2047.567505,-494.033905,True,velocity,0.449888,0.449888,0.000000,0.000000,11.995280,False
8.58979515399551,-0.004000,1.324000,-1.706000,1.306000,-0.007000,0.005000,-0.006000,-0.048000,1.319000,1.654000,1.353000,0.008000,0.003000,0.007000,-0.026027,0.772084,0.147766,-0.617555,0.370940,-0.255194,0.605010,0.122373,-0.612830,-0.051139,0.779005,-0.355730,-0.241423,0.600827,-0.026027,0.772084,0.147766,-0.617555,0.370940,-0.255194,0.605010,0.122373,-0.612830,-0.051139,0.779005,-0.355730,-0.241423,0.600827,0.449888,0.000000,0.000000,0.000000,1,True,True,0.000000,0.000000,0.000000,0.000000,0.000000,0.000000,0.000000,0.000000,0.000000,True,0.000000,0.000000,0.000000,0.000000,0.000000,0.000000,-0.427461,2.427685,-1.111507,2.889933,-0.427461,2.427685,-1.111507,2.889933,0.000000,0.000000,0.000000,0.000000,0.000000,0.000000,0.000000,0.000000,-510.337463,503.000427,2047.567505,-494.033905,True,velocity,0.449888,0.449888,0.000000,0.000000,12.028064,False
8.624400264990982,-0.004000,1.324000,-1.706000,1.306000,-0.007000,0.005000,-0.006000,-0.048000,1.319000,1.654000,1.353000,0.008000,0.003000,0.007000,-0.026027,0.772084,0.147766,-0.617555,0.370940,-0.255194,0.605010,0.122373,-0.612830,-0.051139,0.779005,-0.355730,-0.241423,0.600827,-0.026027,0.772084,0.147766,-0.617555,0.370940,-0.255194,0.605010,0.122373,-0.612830,-0.051139,0.779005,-0.355730,-0.241423,0.600827,0.449888,0.000000,0.000000,0.000000,1,True,True,0.000000,0.000000,0.000000,0.000000,0.000000,0.000000,0.000000,0.000000,0.000000,True,0.000000,0.000000,0.000000,0.000000,0.000000,0.000000,-0.427870,2.427685,-1.111473,2.890499,-0.427870,2.427619,-1.111473,2.890499,0.000000,0.000000,0.000000,0.000000,0.000000,0.000000,0.000000,0.000000,-510.337463,503.000427,2047.567505,-494.033905,True,velocity,0.449888,0.449888,0.000000,0.000000,12.062657,False
8.656655052007409,-0.004000,1.324000,-1.706000,1.306000,-0.007000,0.005000,-0.006000,-0.048000,1.319000,1.654000,1.353000,0.008000,0.003000,0.007000,-0.026027,0.772084,0.147766,-0.617555,0.370940,-0.255194,0.605010,0.122373,-0.612830,-0.051139,0.779005,-0.355730,-0.241423,0.600827,-0.026027,0.772084,0.147766,-0.617555,0.370940,-0.255194,0.605010,0.122373,-0.612830,-0.051139,0.779005,-0.355730,-0.241423,0.600827,0.449888,0.000000,0.000000,0.000000,1,True,True,0.000000,0.000000,0.000000,0.000000,0.000000,0.000000,0.000000,0.000000,0.000000,True,0.000000,0.000000,0.000000,0.000000,0.000000,0.000000,-0.427345,2.427685,-1.111473,2.890499,-0.427345,2.427685,-1.111473,2.890499,0.000000,0.000000,0.000000,0.000000,0.000000,0.000000,0.000000,0.000000,-510.337463,503.000427,2047.567505,-494.033905,True,velocity,0.449888,0.449888,0.000000,0.000000,12.094917,False
8.690847832011059,-0.004000,1.324000,-1.706000,1.306000,-0.007000,0.005000,-0.006000,-0.048000,1.319000,1.654000,1.353000,0.008000,0.003000,0.007000,-0.026027,0.772084,0.147766,-0.617555,0.370940,-0.255194,0.605010,0.122373,-0.612830,-0.051139,0.779005,-0.355730,-0.241423,0.600827,-0.026027,0.772084,0.147766,-0.617555,0.370940,-0.255194,0.605010,0.122373,-0.612830,-0.051139,0.779005,-0.355730,-0.241423,0.600827,0.449888,0.000000,0.000000,0.000000,1,True,True,0.000000,0.000000,0.000000,0.000000,0.000000,0.000000,0.000000,0.000000,0.000000,True,0.000000,0.000000,0.000000,0.000000,0.000000,0.000000,-0.427345,2.427619,-1.111473,2.889933,-0.427345,2.427619,-1.111507,2.889933,0.000000,0.000000,0.000000,0.000000,0.000000,0.000000,0.000000,0.000000,-510.337463,503.000427,2047.567505,-494.033905,True,velocity,0.449888,0.449888,0.000000,0.000000,12.128957,False
8.723347302991897,-0.004000,1.324000,-1.706000,1.306000,-0.007000,0.005000,-0.006000,-0.048000,1.319000,1.654000,1.353000,0.008000,0.003000,0.007000,-0.026027,0.772084,0.147766,-0.617555,0.370940,-0.255194,0.605010,0.122373,-0.612830,-0.051139,0.779005,-0.355730,-0.241423,0.600827,-0.026027,0.772084,0.147766,-0.617555,0.370940,-0.255194,0.605010,0.122373,-0.612830,-0.051139,0.779005,-0.355730,-0.241423,0.600827,0.449888,0.000000,0.000000,0.000000,1,True,True,0.000000,0.000000,0.000000,0.000000,0.000000,0.000000,0.000000,0.000000,0.000000,True,0.000000,0.000000,0.000000,0.000000,0.000000,0.000000,-0.427345,2.427751,-1.111473,2.890499,-0.427345,2.427751,-1.112082,2.889846,0.000000,0.000000,0.000000,0.000000,0.000000,0.000000,0.000000,0.000000,-510.337463,503.000427,2047.567505,-494.033905,True,velocity,0.449888,0.449888,0.000000,0.000000,12.161625,False
8.757126046984922,-0.004000,1.324000,-1.706000,1.306000,-0.007000,0.005000,-0.006000,-0.048000,1.319000,1.654000,1.353000,0.008000,0.003000,0.007000,-0.026027,0.772084,0.147766,-0.617555,0.370940,-0.255194,0.605010,0.122373,-0.612830,-0.051139,0.779005,-0.355730,-0.241423,0.600827,-0.026027,0.772084,0.147766,-0.617555,0.370940,-0.255194,0.605010,0.122373,-0.612830,-0.051139,0.779005,-0.355730,-0.241423,0.600827,0.449888,0.000000,0.000000,0.000000,1,True,True,0.000000,0.000000,0.000000,0.000000,0.000000,0.000000,0.000000,0.000000,0.000000,True,0.000000,0.000000,0.000000,0.000000,0.000000,0.000000,-0.427461,2.427685,-1.111473,2.889933,-0.427461,2.427685,-1.111473,2.890499,0.000000,0.000000,0.000000,0.000000,0.000000,0.000000,0.000000,0.000000,-510.337463,503.000427,2047.567505,-494.033905,True,velocity,0.449888,0.449888,0.000000,0.000000,12.195389,False
8.791465529007837,-0.004000,1.324000,-1.706000,1.306000,-0.007000,0.005000,-0.006000,-0.048000,1.319000,1.654000,1.353000,0.008000,0.003000,0.007000,-0.026027,0.772084,0.147766,-0.617555,0.370940,-0.255194,0.605010,0.122373,-0.612830,-0.051139,0.779005,-0.355730,-0.241423,0.600827,-0.026027,0.772084,0.147766,-0.617555,0.370940,-0.255194,0.605010,0.122373,-0.612830,-0.051139,0.779005,-0.355730,-0.241423,0.600827,0.449888,0.000000,0.000000,0.000000,1,True,True,0.000000,0.000000,0.000000,0.000000,0.000000,0.000000,0.000000,0.000000,0.000000,True,0.000000,0.000000,0.000000,0.000000,0.000000,0.000000,-0.427345,2.427751,-1.111473,2.889846,-0.427345,2.427751,-1.111473,2.889846,0.000000,0.000000,0.000000,0.000000,0.000000,0.000000,0.000000,0.000000,-510.337463,503.000427,2047.567505,-494.033905,True,velocity,0.449888,0.449888,0.000000,0.000000,12.228962,False
8.825102995993802,-0.004000,1.324000,-1.706000,1.306000,-0.007000,0.005000,-0.006000,-0.048000,1.319000,1.654000,1.353000,0.008000,0.003000,0.007000,-0.026027,0.772084,0.147766,-0.617555,0.370940,-0.255194,0.605010,0.122373,-0.612830,-0.051139,0.779005,-0.355730,-0.241423,0.600827,-0.026027,0.772084,0.147766,-0.617555,0.370940,-0.255194,0.605010,0.122373,-0.612830,-0.051139,0.779005,-0.355730,-0.241423,0.600827,0.449888,0.000000,0.000000,0.000000,1,True,True,0.000000,0.000000,0.000000,0.000000,0.000000,0.000000,0.000000,0.000000,0.000000,True,0.000000,0.000000,0.000000,0.000000,0.000000,0.000000,-0.427461,2.427751,-1.111507,2.890499,-0.427345,2.427685,-1.111473,2.890499,0.000000,0.000000,0.000000,0.000000,0.000000,0.000000,0.000000,0.000000,-510.337463,503.000427,2047.567505,-494.033905,True,velocity,0.449888,0.449888,0.000000,0.000000,12.263335,False
8.860231475002365,-0.004000,1.324000,-1.706000,1.306000,-0.007000,0.005000,-0.006000,-0.048000,1.319000,1.654000,1.353000,0.008000,0.003000,0.007000,-0.026027,0.772084,0.147766,-0.617555,0.370940,-0.255194,0.605010,0.122373,-0.612830,-0.051139,0.779005,-0.355730,-0.241423,0.600827,-0.026027,0.772084,0.147766,-0.617555,0.370940,-0.255194,0.605010,0.122373,-0.612830,-0.051139,0.779005,-0.355730,-0.241423,0.600827,0.449888,0.000000,0.000000,0.000000,1,True,True,0.000000,0.000000,0.000000,0.000000,0.000000,0.000000,0.000000,0.000000,0.000000,True,0.000000,0.000000,0.000000,0.000000,0.000000,0.000000,-0.427870,2.427685,-1.111507,2.890020,-0.427870,2.427751,-1.111507,2.890020,0.000000,0.000000,0.000000,0.000000,0.000000,0.000000,0.000000,0.000000,-510.337463,503.000427,2047.567505,-494.033905,True,velocity,0.449888,0.449888,0.000000,0.000000,12.298381,False
8.892290133982897,-0.004000,1.324000,-1.706000,1.306000,-0.007000,0.005000,-0.006000,-0.048000,1.319000,1.654000,1.353000,0.008000,0.003000,0.007000,-0.026027,0.772084,0.147766,-0.617555,0.370940,-0.255194,0.605010,0.122373,-0.612830,-0.051139,0.779005,-0.355730,-0.241423,0.600827,-0.026027,0.772084,0.147766,-0.617555,0.370940,-0.255194,0.605010,0.122373,-0.612830,-0.051139,0.779005,-0.355730,-0.241423,0.600827,0.449888,0.000000,0.000000,0.000000,1,True,True,0.000000,0.000000,0.000000,0.000000,0.000000,0.000000,0.000000,0.000000,0.000000,True,0.000000,0.000000,0.000000,0.000000,0.000000,0.000000,-0.427345,2.427685,-1.111507,2.890586,-0.427229,2.427685,-1.111507,2.890586,0.000000,0.000000,0.000000,0.000000,0.000000,0.000000,0.000000,0.000000,-510.337463,503.000427,2047.567505,-494.033905,True,velocity,0.449888,0.449888,0.000000,0.000000,12.330188,False
8.924524347006809,-0.004000,1.324000,-1.706000,1.306000,-0.007000,0.005000,-0.006000,-0.048000,1.319000,1.654000,1.353000,0.008000,0.003000,0.007000,-0.026027,0.772084,0.147766,-0.617555,0.370940,-0.255194,0.605010,0.122373,-0.612830,-0.051139,0.779005,-0.355730,-0.241423,0.600827,-0.026027,0.772084,0.147766,-0.617555,0.370940,-0.255194,0.605010,0.122373,-0.612830,-0.051139,0.779005,-0.355730,-0.241423,0.600827,0.449888,0.000000,0.000000,0.000000,1,True,True,0.000000,0.000000,0.000000,0.000000,0.000000,0.000000,0.000000,0.000000,0.000000,True,0.000000,0.000000,0.000000,0.000000,0.000000,0.000000,-0.427870,2.427685,-1.112115,2.890499,-0.427870,2.427685,-1.112115,2.890499,0.000000,0.000000,0.000000,0.000000,0.000000,0.000000,0.000000,0.000000,-510.337463,503.000427,2047.567505,-494.033905,True,velocity,0.449888,0.449888,0.000000,0.000000,12.362796,False
8.957247318001464,-0.004000,1.324000,-1.706000,1.306000,-0.007000,0.005000,-0.006000,-0.048000,1.319000,1.654000,1.353000,0.008000,0.003000,0.007000,-0.026027,0.772084,0.147766,-0.617555,0.370940,-0.255194,0.605010,0.122373,-0.612830,-0.051139,0.779005,-0.355730,-0.241423,0.600827,-0.026027,0.772084,0.147766,-0.617555,0.370940,-0.255194,0.605010,0.122373,-0.612830,-0.051139,0.779005,-0.355730,-0.241423,0.600827,0.449888,0.000000,0.000000,0.000000,1,True,True,0.000000,0.000000,0.000000,0.000000,0.000000,0.000000,0.000000,0.000000,0.000000,True,0.000000,0.000000,0.000000,0.000000,0.000000,0.000000,-0.427345,2.427685,-1.111507,2.889846,-0.427345,2.427751,-1.111507,2.889846,0.000000,0.000000,0.000000,0.000000,0.000000,0.000000,0.000000,0.000000,-510.337463,503.000427,2047.567505,-494.033905,True,velocity,0.449888,0.449888,0.000000,0.000000,12.395491,False
8.990745599992806,-0.004000,1.324000,-1.706000,1.306000,-0.007000,0.005000,-0.006000,-0.048000,1.319000,1.654000,1.353000,0.008000,0.003000,0.007000,-0.026027,0.772084,0.147766,-0.617555,0.370940,-0.255194,0.605010,0.122373,-0.612830,-0.051139,0.779005,-0.355730,-0.241423,0.600827,-0.026027,0.772084,0.147766,-0.617555,0.370940,-0.255194,0.605010,0.122373,-0.612830,-0.051139,0.779005,-0.355730,-0.241423,0.600827,0.449888,0.000000,0.000000,0.000000,1,True,True,0.000000,0.000000,0.000000,0.000000,0.000000,0.000000,0.000000,0.000000,0.000000,True,0.000000,0.000000,0.000000,0.000000,0.000000,0.000000,-0.427987,2.427751,-1.111473,2.890499,-0.427987,2.427751,-1.111473,2.890499,0.000000,0.000000,0.000000,0.000000,0.000000,0.000000,0.000000,0.000000,-510.337463,503.000427,2047.567505,-494.033905,True,velocity,0.449888,0.449888,0.000000,0.000000,12.429020,False
9.024671232007677,-0.004000,1.324000,-1.706000,1.306000,-0.007000,0.005000,-0.006000,-0.048000,1.319000,1.654000,1.353000,0.008000,0.003000,0.007000,-0.026027,0.772084,0.147766,-0.617555,0.370940,-0.255194,0.605010,0.122373,-0.612830,-0.051139,0.779005,-0.355730,-0.241423,0.600827,-0.026027,0.772084,0.147766,-0.617555,0.370940,-0.255194,0.605010,0.122373,-0.612830,-0.051139,0.779005,-0.355730,-0.241423,0.600827,0.449888,0.000000,0.000000,0.000000,1,True,True,0.000000,0.000000,0.000000,0.000000,0.000000,0.000000,0.000000,0.000000,0.000000,True,0.000000,0.000000,0.000000,0.000000,0.000000,0.000000,-0.427461,2.427751,-1.111507,2.890499,-0.427461,2.427685,-1.112115,2.890499,0.000000,0.000000,0.000000,0.000000,0.000000,0.000000,0.000000,0.000000,-510.337463,503.000427,2047.567505,-494.033905,True,velocity,0.449888,0.449888,0.000000,0.000000,12.462806,False
9.057586460985476,-0.004000,1.324000,-1.706000,1.306000,-0.007000,0.005000,-0.006000,-0.048000,1.319000,1.654000,1.353000,0.008000,0.003000,0.007000,-0.026027,0.772084,0.147766,-0.617555,0.370940,-0.255194,0.605010,0.122373,-0.612830,-0.051139,0.779005,-0.355730,-0.241423,0.600827,-0.026027,0.772084,0.147766,-0.617555,0.370940,-0.255194,0.605010,0.122373,-0.612830,-0.051139,0.779005,-0.355730,-0.241423,0.600827,0.449888,0.000000,0.000000,0.000000,1,True,True,0.000000,0.000000,0.000000,0.000000,0.000000,0.000000,0.000000,0.000000,0.000000,True,0.000000,0.000000,0.000000,0.000000,0.000000,0.000000,-0.427461,2.427685,-1.111473,2.883490,-0.427345,2.427817,-1.111473,2.884057,0.000000,0.000000,0.000000,0.000000,0.000000,0.000000,0.000000,0.000000,-510.337463,503.000427,2047.567505,-494.033905,True,velocity,0.449888,0.449888,0.000000,0.000000,12.495852,False
9.091182557982393,-0.004000,1.324000,-1.706000,1.306000,-0.007000,0.005000,-0.006000,-0.048000,1.319000,1.654000,1.353000,0.008000,0.003000,0.007000,-0.026027,0.772084,0.147766,-0.617555,0.370940,-0.255194,0.605010,0.122373,-0.612830,-0.051139,0.779005,-0.355730,-0.241423,0.600827,-0.026027,0.772084,0.147766,-0.617555,0.370940,-0.255194,0.605010,0.122373,-0.612830,-0.051139,0.779005,-0.355730,-0.241423,0.600827,0.449888,0.000000,0.000000,0.000000,1,True,True,0.000000,0.000000,0.000000,0.000000,0.000000,0.000000,0.000000,0.000000,0.000000,True,0.000000,0.000000,0.000000,0.000000,0.000000,0.000000,-0.427345,2.427685,-1.111473,2.890499,-0.427345,2.427685,-1.111473,2.890499,0.000000,0.000000,0.000000,0.000000,0.000000,0.000000,0.000000,0.000000,-510.337463,503.000427,2047.567505,-494.033905,True,velocity,0.449888,0.449888,0.000000,0.000000,12.529462,False
9.12439360001008,-0.004000,1.324000,-1.706000,1.306000,-0.007000,0.005000,-0.006000,-0.048000,1.319000,1.654000,1.353000,0.008000,0.003000,0.007000,-0.026027,0.772084,0.147766,-0.617555,0.370940,-0.255194,0.605010,0.122373,-0.612830,-0.051139,0.779005,-0.355730,-0.241423,0.600827,-0.026027,0.772084,0.147766,-0.617555,0.370940,-0.255194,0.605010,0.122373,-0.612830,-0.051139,0.779005,-0.355730,-0.241423,0.600827,0.449888,0.000000,0.000000,0.000000,1,True,True,0.000000,0.000000,0.000000,0.000000,0.000000,0.000000,0.000000,0.000000,0.000000,True,0.000000,0.000000,0.000000,0.000000,0.000000,0.000000,-0.427461,2.427685,-1.111473,2.890499,-0.427345,2.427685,-1.111473,2.890499,0.000000,0.000000,0.000000,0.000000,0.000000,0.000000,0.000000,0.000000,-510.337463,503.000427,2047.567505,-494.033905,True,velocity,0.449888,0.449888,0.000000,0.000000,12.562586,False
9.158747081994079,-0.004000,1.324000,-1.706000,1.306000,-0.007000,0.005000,-0.006000,-0.048000,1.319000,1.654000,1.353000,0.008000,0.003000,0.007000,-0.026027,0.772084,0.147766,-0.617555,0.370940,-0.255194,0.605010,0.122373,-0.612830,-0.051139,0.779005,-0.355730,-0.241423,0.600827,-0.026027,0.772084,0.147766,-0.617555,0.370940,-0.255194,0.605010,0.122373,-0.612830,-0.051139,0.779005,-0.355730,-0.241423,0.600827,0.449888,0.000000,0.000000,0.000000,1,True,True,0.000000,0.000000,0.000000,0.000000,0.000000,0.000000,0.000000,0.000000,0.000000,True,0.000000,0.000000,0.000000,0.000000,0.000000,0.000000,-0.427578,2.427685,-1.111507,2.889933,-0.427578,2.427685,-1.112115,2.889933,0.000000,0.000000,0.000000,0.000000,0.000000,0.000000,0.000000,0.000000,-510.337463,503.000427,2047.567505,-494.033905,True,velocity,0.449888,0.449888,0.000000,0.000000,12.596588,False
9.191136553999968,-0.004000,1.324000,-1.706000,1.306000,-0.007000,0.005000,-0.006000,-0.048000,1.319000,1.654000,1.353000,0.008000,0.003000,0.007000,-0.026027,0.772084,0.147766,-0.617555,0.370940,-0.255194,0.605010,0.122373,-0.612830,-0.051139,0.779005,-0.355730,-0.241423,0.600827,-0.026027,0.772084,0.147766,-0.617555,0.370940,-0.255194,0.605010,0.122373,-0.612830,-0.051139,0.779005,-0.355730,-0.241423,0.600827,0.449888,0.000000,0.000000,0.000000,1,True,True,0.000000,0.000000,0.000000,0.000000,0.000000,0.000000,0.000000,0.000000,0.000000,True,0.000000,0.000000,0.000000,0.000000,0.000000,0.000000,-0.427345,2.427751,-1.111507,2.889933,-0.427345,2.427751,-1.111507,2.889933,0.000000,0.000000,0.000000,0.000000,0.000000,0.000000,0.000000,0.000000,-510.337463,503.000427,2047.567505,-494.033905,True,velocity,0.449888,0.449888,0.000000,0.000000,12.629397,False
9.224954169010743,-0.004000,1.324000,-1.706000,1.306000,-0.007000,0.005000,-0.006000,-0.048000,1.319000,1.654000,1.353000,0.008000,0.003000,0.007000,-0.026027,0.772084,0.147766,-0.617555,0.370940,-0.255194,0.605010,0.122373,-0.612830,-0.051139,0.779005,-0.355730,-0.241423,0.600827,-0.026027,0.772084,0.147766,-0.617555,0.370940,-0.255194,0.605010,0.122373,-0.612830,-0.051139,0.779005,-0.355730,-0.241423,0.600827,0.449888,0.000000,0.000000,0.000000,1,True,True,0.000000,0.000000,0.000000,0.000000,0.000000,0.000000,0.000000,0.000000,0.000000,True,0.000000,0.000000,0.000000,0.000000,0.000000,0.000000,-0.427345,2.427619,-1.111507,2.890499,-0.427345,2.427619,-1.111507,2.890499,0.000000,0.000000,0.000000,0.000000,0.000000,0.000000,0.000000,0.000000,-510.337463,503.000427,2047.567505,-494.033905,True,velocity,0.449888,0.449888,0.000000,0.000000,12.663154,False
9.257847637985833,-0.004000,1.324000,-1.706000,1.306000,-0.007000,0.005000,-0.006000,-0.048000,1.319000,1.654000,1.353000,0.008000,0.003000,0.007000,-0.026027,0.772084,0.147766,-0.617555,0.370940,-0.255194,0.605010,0.122373,-0.612830,-0.051139,0.779005,-0.355730,-0.241423,0.600827,-0.026027,0.772084,0.147766,-0.617555,0.370940,-0.255194,0.605010,0.122373,-0.612830,-0.051139,0.779005,-0.355730,-0.241423,0.600827,0.449888,0.000000,0.000000,0.000000,1,True,True,0.000000,0.000000,0.000000,0.000000,0.000000,0.000000,0.000000,0.000000,0.000000,True,0.000000,0.000000,0.000000,0.000000,0.000000,0.000000,-0.427229,2.427619,-1.111473,2.890586,-0.427229,2.427685,-1.111473,2.890586,0.000000,0.000000,0.000000,0.000000,0.000000,0.000000,0.000000,0.000000,-510.337463,503.000427,2047.567505,-494.033905,True,velocity,0.449888,0.449888,0.000000,0.000000,12.696020,False
9.291836307005724,-0.004000,1.324000,-1.706000,1.306000,-0.007000,0.005000,-0.006000,-0.048000,1.319000,1.654000,1.353000,0.008000,0.003000,0.007000,-0.026027,0.772084,0.147766,-0.617555,0.370940,-0.255194,0.605010,0.122373,-0.612830,-0.051139,0.779005,-0.355730,-0.241423,0.600827,-0.026027,0.772084,0.147766,-0.617555,0.370940,-0.255194,0.605010,0.122373,-0.612830,-0.051139,0.779005,-0.355730,-0.241423,0.600827,0.449888,0.000000,0.000000,0.000000,1,True,True,0.000000,0.000000,0.000000,0.000000,0.000000,0.000000,0.000000,0.000000,0.000000,True,0.000000,0.000000,0.000000,0.000000,0.000000,0.000000,-0.427345,2.427619,-1.111473,2.890499,-0.427345,2.427619,-1.111473,2.890499,0.000000,0.000000,0.000000,0.000000,0.000000,0.000000,0.000000,0.000000,-510.337463,503.000427,2047.567505,-494.033905,True,velocity,0.449888,0.449888,0.000000,0.000000,12.729915,False
9.324598203995265,-0.004000,1.324000,-1.706000,1.306000,-0.007000,0.005000,-0.006000,-0.048000,1.319000,1.654000,1.353000,0.008000,0.003000,0.007000,-0.026027,0.772084,0.147766,-0.617555,0.370940,-0.255194,0.605010,0.122373,-0.612830,-0.051139,0.779005,-0.355730,-0.241423,0.600827,-0.026027,0.772084,0.147766,-0.617555,0.370940,-0.255194,0.605010,0.122373,-0.612830,-0.051139,0.779005,-0.355730,-0.241423,0.600827,0.449888,0.000000,0.000000,0.000000,1,True,True,0.000000,0.000000,0.000000,0.000000,0.000000,0.000000,0.000000,0.000000,0.000000,True,0.000000,0.000000,0.000000,0.000000,0.000000,0.000000,-0.427345,2.427751,-1.111507,2.884057,-0.427345,2.427751,-1.111507,2.884057,0.000000,0.000000,0.000000,0.000000,0.000000,0.000000,0.000000,0.000000,-510.337463,503.000427,2047.567505,-494.033905,True,velocity,0.449888,0.449888,0.000000,0.000000,12.762870,False
9.359409777011024,-0.004000,1.324000,-1.706000,1.306000,-0.007000,0.005000,-0.006000,-0.048000,1.319000,1.654000,1.353000,0.008000,0.003000,0.007000,-0.026027,0.772084,0.147766,-0.617555,0.370940,-0.255194,0.605010,0.122373,-0.612830,-0.051139,0.779005,-0.355730,-0.241423,0.600827,-0.026027,0.772084,0.147766,-0.617555,0.370940,-0.255194,0.605010,0.122373,-0.612830,-0.051139,0.779005,-0.355730,-0.241423,0.600827,0.449888,0.000000,0.000000,0.000000,1,True,True,0.000000,0.000000,0.000000,0.000000,0.000000,0.000000,0.000000,0.000000,0.000000,True,0.000000,0.000000,0.000000,0.000000,0.000000,0.000000,-0.427345,2.427619,-1.111507,2.889933,-0.427461,2.427685,-1.111507,2.889933,0.000000,0.000000,0.000000,0.000000,0.000000,0.000000,0.000000,0.000000,-510.337463,503.000427,2047.567505,-494.033905,True,velocity,0.449888,0.449888,0.000000,0.000000,12.797665,False
9.391333695006324,-0.004000,1.324000,-1.706000,1.306000,-0.007000,0.005000,-0.006000,-0.048000,1.319000,1.654000,1.353000,0.008000,0.003000,0.007000,-0.026027,0.772084,0.147766,-0.617555,0.370940,-0.255194,0.605010,0.122373,-0.612830,-0.051139,0.779005,-0.355730,-0.241423,0.600827,-0.026027,0.772084,0.147766,-0.617555,0.370940,-0.255194,0.605010,0.122373,-0.612830,-0.051139,0.779005,-0.355730,-0.241423,0.600827,0.449888,0.000000,0.000000,0.000000,1,True,True,0.000000,0.000000,0.000000,0.000000,0.000000,0.000000,0.000000,0.000000,0.000000,True,0.000000,0.000000,0.000000,0.000000,0.000000,0.000000,-0.427461,2.427751,-1.111507,2.889933,-0.427461,2.427751,-1.111507,2.889933,0.000000,0.000000,0.000000,0.000000,0.000000,0.000000,0.000000,0.000000,-510.337463,503.000427,2047.567505,-494.033905,True,velocity,0.449888,0.449888,0.000000,0.000000,12.829605,False
9.425215789990034,-0.004000,1.324000,-1.706000,1.306000,-0.007000,0.005000,-0.006000,-0.048000,1.319000,1.654000,1.353000,0.008000,0.003000,0.007000,-0.026027,0.772084,0.147766,-0.617555,0.370940,-0.255194,0.605010,0.122373,-0.612830,-0.051139,0.779005,-0.355730,-0.241423,0.600827,-0.026027,0.772084,0.147766,-0.617555,0.370940,-0.255194,0.605010,0.122373,-0.612830,-0.051139,0.779005,-0.355730,-0.241423,0.600827,0.449888,0.000000,0.000000,0.000000,1,True,True,0.000000,0.000000,0.000000,0.000000,0.000000,0.000000,0.000000,0.000000,0.000000,True,0.000000,0.000000,0.000000,0.000000,0.000000,0.000000,-0.427461,2.427619,-1.111473,2.889933,-0.427461,2.427619,-1.111473,2.889933,0.000000,0.000000,0.000000,0.000000,0.000000,0.000000,0.000000,0.000000,-510.337463,503.000427,2047.567505,-494.033905,True,velocity,0.449888,0.449888,0.000000,0.000000,12.863344,False
9.458237482002005,-0.004000,1.324000,-1.706000,1.306000,-0.007000,0.005000,-0.006000,-0.048000,1.319000,1.654000,1.353000,0.008000,0.003000,0.007000,-0.026027,0.772084,0.147766,-0.617555,0.370940,-0.255194,0.605010,0.122373,-0.612830,-0.051139,0.779005,-0.355730,-0.241423,0.600827,-0.026027,0.772084,0.147766,-0.617555,0.370940,-0.255194,0.605010,0.122373,-0.612830,-0.051139,0.779005,-0.355730,-0.241423,0.600827,0.449888,0.000000,0.000000,0.000000,1,True,True,0.000000,0.000000,0.000000,0.000000,0.000000,0.000000,0.000000,0.000000,0.000000,True,0.000000,0.000000,0.000000,0.000000,0.000000,0.000000,-0.427461,2.427619,-1.111473,2.889933,-0.427461,2.427619,-1.111473,2.889933,0.000000,0.000000,0.000000,0.000000,0.000000,0.000000,0.000000,0.000000,-510.337463,503.000427,2047.567505,-494.033905,True,velocity,0.449888,0.449888,0.000000,0.000000,12.896341,False
9.49363236699719,-0.004000,1.324000,-1.706000,1.306000,-0.007000,0.005000,-0.006000,-0.048000,1.319000,1.654000,1.353000,0.008000,0.003000,0.007000,-0.026027,0.772084,0.147766,-0.617555,0.370940,-0.255194,0.605010,0.122373,-0.612830,-0.051139,0.779005,-0.355730,-0.241423,0.600827,-0.026027,0.772084,0.147766,-0.617555,0.370940,-0.255194,0.605010,0.122373,-0.612830,-0.051139,0.779005,-0.355730,-0.241423,0.600827,0.449888,0.000000,0.000000,0.000000,1,True,True,0.000000,0.000000,0.000000,0.000000,0.000000,0.000000,0.000000,0.000000,0.000000,True,0.000000,0.000000,0.000000,0.000000,0.000000,0.000000,-0.427461,2.427619,-1.111473,2.889758,-0.427229,2.427619,-1.111473,2.889933,0.000000,0.000000,0.000000,0.000000,0.000000,0.000000,0.000000,0.000000,-510.337463,503.000427,2047.567505,-494.033905,True,velocity,0.449888,0.449888,0.000000,0.000000,12.931526,False
9.526536226010649,-0.004000,1.324000,-1.706000,1.306000,-0.007000,0.005000,-0.006000,-0.048000,1.319000,1.654000,1.353000,0.008000,0.003000,0.007000,-0.026027,0.772084,0.147766,-0.617555,0.370940,-0.255194,0.605010,0.122373,-0.612830,-0.051139,0.779005,-0.355730,-0.241423,0.600827,-0.026027,0.772084,0.147766,-0.617555,0.370940,-0.255194,0.605010,0.122373,-0.612830,-0.051139,0.779005,-0.355730,-0.241423,0.600827,0.449888,0.000000,0.000000,0.000000,1,True,True,0.000000,0.000000,0.000000,0.000000,0.000000,0.000000,0.000000,0.000000,0.000000,True,0.000000,0.000000,0.000000,0.000000,0.000000,0.000000,-0.427461,2.427619,-1.111507,2.890499,-0.427461,2.427619,-1.111507,2.890499,0.000000,0.000000,0.000000,0.000000,0.000000,0.000000,0.000000,0.000000,-510.337463,503.000427,2047.567505,-494.033905,True,velocity,0.449888,0.449888,0.000000,0.000000,12.964531,False
9.560548746987479,-0.004000,1.324000,-1.706000,1.306000,-0.007000,0.005000,-0.006000,-0.048000,1.319000,1.654000,1.353000,0.008000,0.003000,0.007000,-0.026027,0.772084,0.147766,-0.617555,0.370940,-0.255194,0.605010,0.122373,-0.612830,-0.051139,0.779005,-0.355730,-0.241423,0.600827,-0.026027,0.772084,0.147766,-0.617555,0.370940,-0.255194,0.605010,0.122373,-0.612830,-0.051139,0.779005,-0.355730,-0.241423,0.600827,0.449888,0.000000,0.000000,0.000000,1,True,True,0.000000,0.000000,0.000000,0.000000,0.000000,0.000000,0.000000,0.000000,0.000000,True,0.000000,0.000000,0.000000,0.000000,0.000000,0.000000,-0.427870,2.427619,-1.111473,2.890586,-0.427870,2.427619,-1.111473,2.890020,0.000000,0.000000,0.000000,0.000000,0.000000,0.000000,0.000000,0.000000,-510.337463,503.000427,2047.567505,-494.033905,True,velocity,0.449888,0.449888,0.000000,0.000000,12.998548,False
9.593175329006044,-0.004000,1.324000,-1.706000,1.306000,-0.007000,0.005000,-0.006000,-0.048000,1.319000,1.654000,1.353000,0.008000,0.003000,0.007000,-0.026027,0.772084,0.147766,-0.617555,0.370940,-0.255194,0.605010,0.122373,-0.612830,-0.051139,0.779005,-0.355730,-0.241423,0.600827,-0.026027,0.772084,0.147766,-0.617555,0.370940,-0.255194,0.605010,0.122373,-0.612830,-0.051139,0.779005,-0.355730,-0.241423,0.600827,0.449888,0.000000,0.000000,0.000000,1,True,True,0.000000,0.000000,0.000000,0.000000,0.000000,0.000000,0.000000,0.000000,0.000000,True,0.000000,0.000000,0.000000,0.000000,0.000000,0.000000,-0.427345,2.427619,-1.111573,2.890411,-0.427345,2.427619,-1.111573,2.890411,0.000000,0.000000,0.000000,0.000000,0.000000,0.000000,0.000000,0.000000,-510.337463,503.000427,2047.567505,-494.033905,True,velocity,0.449888,0.449888,0.000000,0.000000,13.031346,False
9.62540256101056,-0.004000,1.324000,-1.706000,1.306000,-0.007000,0.005000,-0.006000,-0.048000,1.319000,1.654000,1.353000,0.008000,0.003000,0.007000,-0.026027,0.772084,0.147766,-0.617555,0.370940,-0.255194,0.605010,0.122373,-0.612830,-0.051139,0.779005,-0.355730,-0.241423,0.600827,-0.026027,0.772084,0.147766,-0.617555,0.370940,-0.255194,0.605010,0.122373,-0.612830,-0.051139,0.779005,-0.355730,-0.241423,0.600827,0.449888,0.000000,0.000000,0.000000,1,True,True,0.000000,0.000000,0.000000,0.000000,0.000000,0.000000,0.000000,0.000000,0.000000,True,0.000000,0.000000,0.000000,0.000000,0.000000,0.000000,-0.427870,2.427619,-1.111473,2.889933,-0.427345,2.427619,-1.111473,2.889933,0.000000,0.000000,0.000000,0.000000,0.000000,0.000000,0.000000,0.000000,-510.337463,503.000427,2047.567505,-494.033905,True,velocity,0.449888,0.449888,0.000000,0.000000,13.063652,False
9.659834097983548,-0.004000,1.324000,-1.706000,1.306000,-0.007000,0.005000,-0.006000,-0.048000,1.319000,1.654000,1.353000,0.008000,0.003000,0.007000,-0.026027,0.772084,0.147766,-0.617555,0.370940,-0.255194,0.605010,0.122373,-0.612830,-0.051139,0.779005,-0.355730,-0.241423,0.600827,-0.026027,0.772084,0.147766,-0.617555,0.370940,-0.255194,0.605010,0.122373,-0.612830,-0.051139,0.779005,-0.355730,-0.241423,0.600827,0.449888,0.000000,0.000000,0.000000,1,True,True,0.000000,0.000000,0.000000,0.000000,0.000000,0.000000,0.000000,0.000000,0.000000,True,0.000000,0.000000,0.000000,0.000000,0.000000,0.000000,-0.427345,2.427619,-1.111507,2.889933,-0.427345,2.427619,-1.111507,2.890020,0.000000,0.000000,0.000000,0.000000,0.000000,0.000000,0.000000,0.000000,-510.337463,503.000427,2047.567505,-494.033905,True,velocity,0.449888,0.449888,0.000000,0.000000,13.097929,False
9.69262697600061,-0.004000,1.324000,-1.706000,1.306000,-0.007000,0.005000,-0.006000,-0.048000,1.319000,1.654000,1.353000,0.008000,0.003000,0.007000,-0.026027,0.772084,0.147766,-0.617555,0.370940,-0.255194,0.605010,0.122373,-0.612830,-0.051139,0.779005,-0.355730,-0.241423,0.600827,-0.026027,0.772084,0.147766,-0.617555,0.370940,-0.255194,0.605010,0.122373,-0.612830,-0.051139,0.779005,-0.355730,-0.241423,0.600827,0.449888,0.000000,0.000000,0.000000,1,True,True,0.000000,0.000000,0.000000,0.000000,0.000000,0.000000,0.000000,0.000000,0.000000,True,0.000000,0.000000,0.000000,0.000000,0.000000,0.000000,-0.427345,2.427619,-1.111539,2.890586,-0.427345,2.427619,-1.111539,2.890586,0.000000,0.000000,0.000000,0.000000,0.000000,0.000000,0.000000,0.000000,-510.337463,503.000427,2047.567505,-494.033905,True,velocity,0.449888,0.449888,0.000000,0.000000,13.130842,False
9.726213886984624,-0.004000,1.324000,-1.706000,1.306000,-0.007000,0.005000,-0.006000,-0.048000,1.319000,1.654000,1.353000,0.008000,0.003000,0.007000,-0.026027,0.772084,0.147766,-0.617555,0.370940,-0.255194,0.605010,0.122373,-0.612830,-0.051139,0.779005,-0.355730,-0.241423,0.600827,-0.026027,0.772084,0.147766,-0.617555,0.370940,-0.255194,0.605010,0.122373,-0.612830,-0.051139,0.779005,-0.355730,-0.241423,0.600827,0.449888,0.000000,0.000000,0.000000,1,True,True,0.000000,0.000000,0.000000,0.000000,0.000000,0.000000,0.000000,0.000000,0.000000,True,0.000000,0.000000,0.000000,0.000000,0.000000,0.000000,-0.427229,2.427619,-1.111507,2.890586,-0.427229,2.427619,-1.111473,2.890586,0.000000,0.000000,0.000000,0.000000,0.000000,0.000000,0.000000,0.000000,-510.337463,503.000427,2047.567505,-494.033905,True,velocity,0.449888,0.449888,0.000000,0.000000,13.164466,False
9.761409644008381,-0.004000,1.324000,-1.706000,1.306000,-0.007000,0.005000,-0.006000,-0.048000,1.319000,1.654000,1.353000,0.008000,0.003000,0.007000,-0.026027,0.772084,0.147766,-0.617555,0.370940,-0.255194,0.605010,0.122373,-0.612830,-0.051139,0.779005,-0.355730,-0.241423,0.600827,-0.026027,0.772084,0.147766,-0.617555,0.370940,-0.255194,0.605010,0.122373,-0.612830,-0.051139,0.779005,-0.355730,-0.241423,0.600827,0.449888,0.000000,0.000000,0.000000,1,True,True,0.000000,0.000000,0.000000,0.000000,0.000000,0.000000,0.000000,0.000000,0.000000,True,0.000000,0.000000,0.000000,0.000000,0.000000,0.000000,-0.427345,2.427817,-1.111507,2.884057,-0.427345,2.427817,-1.111507,2.890020,0.000000,0.000000,0.000000,0.000000,0.000000,0.000000,0.000000,0.000000,-510.337463,503.000427,2047.567505,-494.033905,True,velocity,0.449888,0.449888,0.000000,0.000000,13.199336,False
9.793331488006515,-0.004000,1.324000,-1.706000,1.306000,-0.007000,0.005000,-0.006000,-0.048000,1.319000,1.654000,1.353000,0.008000,0.003000,0.007000,-0.026027,0.772084,0.147766,-0.617555,0.370940,-0.255194,0.605010,0.122373,-0.612830,-0.051139,0.779005,-0.355730,-0.241423,0.600827,-0.026027,0.772084,0.147766,-0.617555,0.370940,-0.255194,0.605010,0.122373,-0.612830,-0.051139,0.779005,-0.355730,-0.241423,0.600827,0.449888,0.000000,0.000000,0.000000,1,True,True,0.000000,0.000000,0.000000,0.000000,0.000000,0.000000,0.000000,0.000000,0.000000,True,0.000000,0.000000,0.000000,0.000000,0.000000,0.000000,-0.427345,2.427817,-1.111507,2.889846,-0.427345,2.427751,-1.111507,2.889846,0.000000,0.000000,0.000000,0.000000,0.000000,0.000000,0.000000,0.000000,-510.337463,503.000427,2047.567505,-494.033905,True,velocity,0.449888,0.449888,0.000000,0.000000,13.231579,False
9.826859102991875,-0.004000,1.324000,-1.706000,1.306000,-0.007000,0.005000,-0.006000,-0.048000,1.319000,1.654000,1.353000,0.008000,0.003000,0.007000,-0.026027,0.772084,0.147766,-0.617555,0.370940,-0.255194,0.605010,0.122373,-0.612830,-0.051139,0.779005,-0.355730,-0.241423,0.600827,-0.026027,0.772084,0.147766,-0.617555,0.370940,-0.255194,0.605010,0.122373,-0.612830,-0.051139,0.779005,-0.355730,-0.241423,0.600827,0.449888,0.000000,0.000000,0.000000,1,True,True,0.000000,0.000000,0.000000,0.000000,0.000000,0.000000,0.000000,0.000000,0.000000,True,0.000000,0.000000,0.000000,0.000000,0.000000,0.000000,-0.427345,2.427751,-1.111507,2.890499,-0.427345,2.427751,-1.111507,2.890499,0.000000,0.000000,0.000000,0.000000,0.000000,0.000000,0.000000,0.000000,-510.337463,503.000427,2047.567505,-494.033905,True,velocity,0.449888,0.449888,0.000000,0.000000,13.265011,False
9.861024474987062,-0.004000,1.324000,-1.706000,1.306000,-0.007000,0.005000,-0.006000,-0.048000,1.319000,1.654000,1.353000,0.008000,0.003000,0.007000,-0.026027,0.772084,0.147766,-0.617555,0.370940,-0.255194,0.605010,0.122373,-0.612830,-0.051139,0.779005,-0.355730,-0.241423,0.600827,-0.026027,0.772084,0.147766,-0.617555,0.370940,-0.255194,0.605010,0.122373,-0.612830,-0.051139,0.779005,-0.355730,-0.241423,0.600827,0.449888,0.000000,0.000000,0.000000,1,True,True,0.000000,0.000000,0.000000,0.000000,0.000000,0.000000,0.000000,0.000000,0.000000,True,0.000000,0.000000,0.000000,0.000000,0.000000,0.000000,-0.427345,2.427751,-1.111507,2.890499,-0.427229,2.427751,-1.111507,2.890499,0.000000,0.000000,0.000000,0.000000,0.000000,0.000000,0.000000,0.000000,-510.337463,503.000427,2047.567505,-494.033905,True,velocity,0.449888,0.449888,0.000000,0.000000,13.299267,False
9.893632835010067,-0.004000,1.324000,-1.706000,1.306000,-0.007000,0.005000,-0.006000,-0.048000,1.319000,1.654000,1.353000,0.008000,0.003000,0.007000,-0.026027,0.772084,0.147766,-0.617555,0.370940,-0.255194,0.605010,0.122373,-0.612830,-0.051139,0.779005,-0.355730,-0.241423,0.600827,-0.026027,0.772084,0.147766,-0.617555,0.370940,-0.255194,0.605010,0.122373,-0.612830,-0.051139,0.779005,-0.355730,-0.241423,0.600827,0.449888,0.000000,0.000000,0.000000,1,True,True,0.000000,0.000000,0.000000,0.000000,0.000000,0.000000,0.000000,0.000000,0.000000,True,0.000000,0.000000,0.000000,0.000000,0.000000,0.000000,-0.427870,2.427751,-1.111507,2.890499,-0.427870,2.427751,-1.111507,2.890499,0.000000,0.000000,0.000000,0.000000,0.000000,0.000000,0.000000,0.000000,-510.337463,503.000427,2047.567505,-494.033905,True,velocity,0.449888,0.449888,0.000000,0.000000,13.331690,False
9.92707765501109,-0.004000,1.324000,-1.706000,1.306000,-0.007000,0.005000,-0.006000,-0.048000,1.319000,1.654000,1.353000,0.008000,0.003000,0.007000,-0.026027,0.772084,0.147766,-0.617555,0.370940,-0.255194,0.605010,0.122373,-0.612830,-0.051139,0.779005,-0.355730,-0.241423,0.600827,-0.026027,0.772084,0.147766,-0.617555,0.370940,-0.255194,0.605010,0.122373,-0.612830,-0.051139,0.779005,-0.355730,-0.241423,0.600827,0.449888,0.000000,0.000000,0.000000,1,True,True,0.000000,0.000000,0.000000,0.000000,0.000000,0.000000,0.000000,0.000000,0.000000,True,0.000000,0.000000,0.000000,0.000000,0.000000,0.000000,-0.427870,2.427817,-1.111507,2.890499,-0.427870,2.427817,-1.111507,2.890499,0.000000,0.000000,0.000000,0.000000,0.000000,0.000000,0.000000,0.000000,-510.337463,503.000427,2047.567505,-494.033905,True,velocity,0.449888,0.449888,0.000000,0.000000,13.365325,False
9.960991064988775,-0.004000,1.324000,-1.706000,1.306000,-0.007000,0.005000,-0.006000,-0.048000,1.319000,1.654000,1.353000,0.008000,0.003000,0.007000,-0.026027,0.772084,0.147766,-0.617555,0.370940,-0.255194,0.605010,0.122373,-0.612830,-0.051139,0.779005,-0.355730,-0.241423,0.600827,-0.026027,0.772084,0.147766,-0.617555,0.370940,-0.255194,0.605010,0.122373,-0.612830,-0.051139,0.779005,-0.355730,-0.241423,0.600827,0.449888,0.000000,0.000000,0.000000,1,True,True,0.000000,0.000000,0.000000,0.000000,0.000000,0.000000,0.000000,0.000000,0.000000,True,0.000000,0.000000,0.000000,0.000000,0.000000,0.000000,-0.427754,2.427817,-1.111507,2.889933,-0.427345,2.427817,-1.111507,2.889933,0.000000,0.000000,0.000000,0.000000,0.000000,0.000000,0.000000,0.000000,-510.337463,503.000427,2047.567505,-494.033905,True,velocity,0.449888,0.449888,0.000000,0.000000,13.399199,False
9.995178713987116,-0.004000,1.324000,-1.706000,1.306000,-0.007000,0.005000,-0.006000,-0.048000,1.319000,1.654000,1.353000,0.008000,0.003000,0.007000,-0.026027,0.772084,0.147766,-0.617555,0.370940,-0.255194,0.605010,0.122373,-0.612830,-0.051139,0.779005,-0.355730,-0.241423,0.600827,-0.026027,0.772084,0.147766,-0.617555,0.370940,-0.255194,0.605010,0.122373,-0.612830,-0.051139,0.779005,-0.355730,-0.241423,0.600827,0.449888,0.000000,0.000000,0.000000,1,True,True,0.000000,0.000000,0.000000,0.000000,0.000000,0.000000,0.000000,0.000000,0.000000,True,0.000000,0.000000,0.000000,0.000000,0.000000,0.000000,-0.427345,2.427685,-1.111507,2.890499,-0.427345,2.427685,-1.111507,2.890499,0.000000,0.000000,0.000000,0.000000,0.000000,0.000000,0.000000,0.000000,-510.337463,503.000427,2047.567505,-494.033905,True,velocity,0.449888,0.449888,0.000000,0.000000,13.433129,False
10.028195997991133,-0.004000,1.324000,-1.706000,1.306000,-0.007000,0.005000,-0.006000,-0.048000,1.319000,1.654000,1.353000,0.008000,0.003000,0.007000,-0.026027,0.772084,0.147766,-0.617555,0.370940,-0.255194,0.605010,0.122373,-0.612830,-0.051139,0.779005,-0.355730,-0.241423,0.600827,-0.026027,0.772084,0.147766,-0.617555,0.370940,-0.255194,0.605010,0.122373,-0.612830,-0.051139,0.779005,-0.355730,-0.241423,0.600827,0.449888,0.000000,0.000000,0.000000,1,True,True,0.000000,0.000000,0.000000,0.000000,0.000000,0.000000,0.000000,0.000000,0.000000,True,0.000000,0.000000,0.000000,0.000000,0.000000,0.000000,-0.427345,2.427685,-1.111507,2.890020,-0.427345,2.427685,-1.111507,2.890020,0.000000,0.000000,0.000000,0.000000,0.000000,0.000000,0.000000,0.000000,-510.337463,503.000427,2047.567505,-494.033905,True,velocity,0.449888,0.449888,0.000000,0.000000,13.466339,False
10.061699243000476,-0.004000,1.324000,-1.706000,1.306000,-0.007000,0.005000,-0.006000,-0.048000,1.319000,1.654000,1.353000,0.008000,0.003000,0.007000,-0.026027,0.772084,0.147766,-0.617555,0.370940,-0.255194,0.605010,0.122373,-0.612830,-0.051139,0.779005,-0.355730,-0.241423,0.600827,-0.026027,0.772084,0.147766,-0.617555,0.370940,-0.255194,0.605010,0.122373,-0.612830,-0.051139,0.779005,-0.355730,-0.241423,0.600827,0.449888,0.000000,0.000000,0.000000,1,True,True,0.000000,0.000000,0.000000,0.000000,0.000000,0.000000,0.000000,0.000000,0.000000,True,0.000000,0.000000,0.000000,0.000000,0.000000,0.000000,-0.427870,2.427751,-1.111473,2.883490,-0.427870,2.427751,-1.111473,2.883490,0.000000,0.000000,0.000000,0.000000,0.000000,0.000000,0.000000,0.000000,-510.337463,503.000427,2047.567505,-494.033905,True,velocity,0.449888,0.449888,0.000000,0.000000,13.499945,False
10.094208808004623,-0.004000,1.324000,-1.706000,1.306000,-0.007000,0.005000,-0.006000,-0.048000,1.319000,1.654000,1.353000,0.008000,0.003000,0.007000,-0.026027,0.772084,0.147766,-0.617555,0.370940,-0.255194,0.605010,0.122373,-0.612830,-0.051139,0.779005,-0.355730,-0.241423,0.600827,-0.026027,0.772084,0.147766,-0.617555,0.370940,-0.255194,0.605010,0.122373,-0.612830,-0.051139,0.779005,-0.355730,-0.241423,0.600827,0.449888,0.000000,0.000000,0.000000,1,True,True,0.000000,0.000000,0.000000,0.000000,0.000000,0.000000,0.000000,0.000000,0.000000,True,0.000000,0.000000,0.000000,0.000000,0.000000,0.000000,-0.427229,2.427751,-1.110897,2.889933,-0.427229,2.427751,-1.111539,2.890020,0.000000,0.000000,0.000000,0.000000,0.000000,0.000000,0.000000,0.000000,-510.337463,503.000427,2047.567505,-494.033905,True,velocity,0.449888,0.449888,0.000000,0.000000,13.532378,False
10.128565104008885,-0.004000,1.324000,-1.706000,1.306000,-0.007000,0.005000,-0.006000,-0.048000,1.319000,1.654000,1.353000,0.008000,0.003000,0.007000,-0.026027,0.772084,0.147766,-0.617555,0.370940,-0.255194,0.605010,0.122373,-0.612830,-0.051139,0.779005,-0.355730,-0.241423,0.600827,-0.026027,0.772084,0.147766,-0.617555,0.370940,-0.255194,0.605010,0.122373,-0.612830,-0.051139,0.779005,-0.355730,-0.241423,0.600827,0.449888,0.000000,0.000000,0.000000,1,True,True,0.000000,0.000000,0.000000,0.000000,0.000000,0.000000,0.000000,0.000000,0.000000,True,0.000000,0.000000,0.000000,0.000000,0.000000,0.000000,-0.427870,2.427751,-1.111507,2.890020,-0.427870,2.427751,-1.111507,2.890020,0.000000,0.000000,0.000000,0.000000,0.000000,0.000000,0.000000,0.000000,-510.337463,503.000427,2047.567505,-494.033905,True,velocity,0.449888,0.449888,0.000000,0.000000,13.565824,False
10.16167455498362,-0.004000,1.324000,-1.706000,1.306000,-0.007000,0.005000,-0.006000,-0.048000,1.319000,1.654000,1.353000,0.008000,0.003000,0.007000,-0.026027,0.772084,0.147766,-0.617555,0.370940,-0.255194,0.605010,0.122373,-0.612830,-0.051139,0.779005,-0.355730,-0.241423,0.600827,-0.026027,0.772084,0.147766,-0.617555,0.370940,-0.255194,0.605010,0.122373,-0.612830,-0.051139,0.779005,-0.355730,-0.241423,0.600827,0.449888,0.000000,0.000000,0.000000,1,True,True,0.000000,0.000000,0.000000,0.000000,0.000000,0.000000,0.000000,0.000000,0.000000,True,0.000000,0.000000,0.000000,0.000000,0.000000,0.000000,-0.427229,2.427751,-1.111473,2.889933,-0.427229,2.427751,-1.111473,2.890586,0.000000,0.000000,0.000000,0.000000,0.000000,0.000000,0.000000,0.000000,-510.337463,503.000427,2047.567505,-494.033905,True,velocity,0.449888,0.449888,0.000000,0.000000,13.599835,False
10.194581561983796,-0.004000,1.324000,-1.706000,1.306000,-0.007000,0.005000,-0.006000,-0.048000,1.319000,1.654000,1.353000,0.008000,0.003000,0.007000,-0.026027,0.772084,0.147766,-0.617555,0.370940,-0.255194,0.605010,0.122373,-0.612830,-0.051139,0.779005,-0.355730,-0.241423,0.600827,-0.026027,0.772084,0.147766,-0.617555,0.370940,-0.255194,0.605010,0.122373,-0.612830,-0.051139,0.779005,-0.355730,-0.241423,0.600827,0.449888,0.000000,0.000000,0.000000,1,True,True,0.000000,0.000000,0.000000,0.000000,0.000000,0.000000,0.000000,0.000000,0.000000,True,0.000000,0.000000,0.000000,0.000000,0.000000,0.000000,-0.427870,2.427751,-1.111507,2.889933,-0.427870,2.427751,-1.111473,2.884057,0.000000,0.000000,0.000000,0.000000,0.000000,0.000000,0.000000,0.000000,-510.337463,503.000427,2047.567505,-494.033905,True,velocity,0.449888,0.449888,0.000000,0.000000,13.632717,False
10.228588174999459,-0.004000,1.324000,-1.706000,1.306000,-0.007000,0.005000,-0.006000,-0.048000,1.319000,1.654000,1.353000,0.008000,0.003000,0.007000,-0.026027,0.772084,0.147766,-0.617555,0.370940,-0.255194,0.605010,0.122373,-0.612830,-0.051139,0.779005,-0.355730,-0.241423,0.600827,-0.026027,0.772084,0.147766,-0.617555,0.370940,-0.255194,0.605010,0.122373,-0.612830,-0.051139,0.779005,-0.355730,-0.241423,0.600827,0.449888,0.000000,0.000000,0.000000,1,True,True,0.000000,0.000000,0.000000,0.000000,0.000000,0.000000,0.000000,0.000000,0.000000,True,0.000000,0.000000,0.000000,0.000000,0.000000,0.000000,-0.427345,2.427751,-1.111507,2.890586,-0.427345,2.427751,-1.111473,2.890586,0.000000,0.000000,0.000000,0.000000,0.000000,0.000000,0.000000,0.000000,-510.337463,503.000427,2047.567505,-494.033905,True,velocity,0.449888,0.449888,0.000000,0.000000,13.666188,False
10.263572561991168,-0.004000,1.324000,-1.706000,1.306000,-0.007000,0.005000,-0.006000,-0.048000,1.319000,1.654000,1.353000,0.008000,0.003000,0.007000,-0.026027,0.772084,0.147766,-0.617555,0.370940,-0.255194,0.605010,0.122373,-0.612830,-0.051139,0.779005,-0.355730,-0.241423,0.600827,-0.026027,0.772084,0.147766,-0.617555,0.370940,-0.255194,0.605010,0.122373,-0.612830,-0.051139,0.779005,-0.355730,-0.241423,0.600827,0.449888,0.000000,0.000000,0.000000,1,True,True,0.000000,0.000000,0.000000,0.000000,0.000000,0.000000,0.000000,0.000000,0.000000,True,0.000000,0.000000,0.000000,0.000000,0.000000,0.000000,-0.427345,2.427751,-1.111473,2.889933,-0.427987,2.427751,-1.111473,2.889933,0.000000,0.000000,0.000000,0.000000,0.000000,0.000000,0.000000,0.000000,-510.337463,503.000427,2047.567505,-494.033905,True,velocity,0.449888,0.449888,0.000000,0.000000,13.701596,False
10.296806141996058,-0.004000,1.324000,-1.706000,1.306000,-0.007000,0.005000,-0.006000,-0.048000,1.319000,1.654000,1.353000,0.008000,0.003000,0.007000,-0.026027,0.772084,0.147766,-0.617555,0.370940,-0.255194,0.605010,0.122373,-0.612830,-0.051139,0.779005,-0.355730,-0.241423,0.600827,-0.026027,0.772084,0.147766,-0.617555,0.370940,-0.255194,0.605010,0.122373,-0.612830,-0.051139,0.779005,-0.355730,-0.241423,0.600827,0.449888,0.000000,0.000000,0.000000,1,True,True,0.000000,0.000000,0.000000,0.000000,0.000000,0.000000,0.000000,0.000000,0.000000,True,0.000000,0.000000,0.000000,0.000000,0.000000,0.000000,-0.427870,2.427751,-1.111473,2.890499,-0.427870,2.427751,-1.111473,2.890586,0.000000,0.000000,0.000000,0.000000,0.000000,0.000000,0.000000,0.000000,-510.337463,503.000427,2047.567505,-494.033905,True,velocity,0.449888,0.449888,0.000000,0.000000,13.734860,False
10.329724871000508,-0.004000,1.324000,-1.706000,1.306000,-0.007000,0.005000,-0.006000,-0.048000,1.319000,1.654000,1.353000,0.008000,0.003000,0.007000,-0.026027,0.772084,0.147766,-0.617555,0.370940,-0.255194,0.605010,0.122373,-0.612830,-0.051139,0.779005,-0.355730,-0.241423,0.600827,-0.026027,0.772084,0.147766,-0.617555,0.370940,-0.255194,0.605010,0.122373,-0.612830,-0.051139,0.779005,-0.355730,-0.241423,0.600827,0.449888,0.000000,0.000000,0.000000,1,True,True,0.000000,0.000000,0.000000,0.000000,0.000000,0.000000,0.000000,0.000000,0.000000,True,0.000000,0.000000,0.000000,0.000000,0.000000,0.000000,-0.427754,2.427751,-1.111473,2.890499,-0.427754,2.427751,-1.111473,2.890499,0.000000,0.000000,0.000000,0.000000,0.000000,0.000000,0.000000,0.000000,-510.337463,503.000427,2047.567505,-494.033905,True,velocity,0.449888,0.449888,0.000000,0.000000,13.767744,False
10.363501576997805,-0.004000,1.324000,-1.706000,1.306000,-0.007000,0.005000,-0.006000,-0.048000,1.319000,1.654000,1.353000,0.008000,0.003000,0.007000,-0.026027,0.772084,0.147766,-0.617555,0.370940,-0.255194,0.605010,0.122373,-0.612830,-0.051139,0.779005,-0.355730,-0.241423,0.600827,-0.026027,0.772084,0.147766,-0.617555,0.370940,-0.255194,0.605010,0.122373,-0.612830,-0.051139,0.779005,-0.355730,-0.241423,0.600827,0.449888,0.000000,0.000000,0.000000,1,True,True,0.000000,0.000000,0.000000,0.000000,0.000000,0.000000,0.000000,0.000000,0.000000,True,0.000000,0.000000,0.000000,0.000000,0.000000,0.000000,-0.427870,2.427751,-1.111473,2.884057,-0.427870,2.427751,-1.111473,2.884057,0.000000,0.000000,0.000000,0.000000,0.000000,0.000000,0.000000,0.000000,-510.337463,503.000427,2047.567505,-494.033905,True,velocity,0.449888,0.449888,0.000000,0.000000,13.801716,False
10.39567873600754,-0.004000,1.324000,-1.706000,1.306000,-0.007000,0.005000,-0.006000,-0.048000,1.319000,1.654000,1.353000,0.008000,0.003000,0.007000,-0.026027,0.772084,0.147766,-0.617555,0.370940,-0.255194,0.605010,0.122373,-0.612830,-0.051139,0.779005,-0.355730,-0.241423,0.600827,-0.026027,0.772084,0.147766,-0.617555,0.370940,-0.255194,0.605010,0.122373,-0.612830,-0.051139,0.779005,-0.355730,-0.241423,0.600827,0.449888,0.000000,0.000000,0.000000,1,True,True,0.000000,0.000000,0.000000,0.000000,0.000000,0.000000,0.000000,0.000000,0.000000,True,0.000000,0.000000,0.000000,0.000000,0.000000,0.000000,-0.427870,2.427817,-1.111507,2.890411,-0.427870,2.427817,-1.111507,2.890411,0.000000,0.000000,0.000000,0.000000,0.000000,0.000000,0.000000,0.000000,-510.337463,503.000427,2047.567505,-494.033905,True,velocity,0.449888,0.449888,0.000000,0.000000,13.833930,False
10.428527723997831,-0.004000,1.324000,-1.706000,1.306000,-0.007000,0.005000,-0.006000,-0.048000,1.319000,1.654000,1.353000,0.008000,0.003000,0.007000,-0.026027,0.772084,0.147766,-0.617555,0.370940,-0.255194,0.605010,0.122373,-0.612830,-0.051139,0.779005,-0.355730,-0.241423,0.600827,-0.026027,0.772084,0.147766,-0.617555,0.370940,-0.255194,0.605010,0.122373,-0.612830,-0.051139,0.779005,-0.355730,-0.241423,0.600827,0.449888,0.000000,0.000000,0.000000,1,True,True,0.000000,0.000000,0.000000,0.000000,0.000000,0.000000,0.000000,0.000000,0.000000,True,0.000000,0.000000,0.000000,0.000000,0.000000,0.000000,-0.427870,2.427817,-1.112148,2.889846,-0.427870,2.427817,-1.112148,2.889846,0.000000,0.000000,0.000000,0.000000,0.000000,0.000000,0.000000,0.000000,-510.337463,503.000427,2047.567505,-494.033905,True,velocity,0.449888,0.449888,0.000000,0.000000,13.866779,False
10.464132478984538,-0.004000,1.324000,-1.706000,1.306000,-0.007000,0.005000,-0.006000,-0.048000,1.319000,1.654000,1.353000,0.008000,0.003000,0.007000,-0.026027,0.772084,0.147766,-0.617555,0.370940,-0.255194,0.605010,0.122373,-0.612830,-0.051139,0.779005,-0.355730,-0.241423,0.600827,-0.026027,0.772084,0.147766,-0.617555,0.370940,-0.255194,0.605010,0.122373,-0.612830,-0.051139,0.779005,-0.355730,-0.241423,0.600827,0.449888,0.000000,0.000000,0.000000,1,True,True,0.000000,0.000000,0.000000,0.000000,0.000000,0.000000,0.000000,0.000000,0.000000,True,0.000000,0.000000,0.000000,0.000000,0.000000,0.000000,-0.427754,2.427817,-1.111473,2.889846,-0.427754,2.427817,-1.111473,2.889846,0.000000,0.000000,0.000000,0.000000,0.000000,0.000000,0.000000,0.000000,-510.337463,503.000427,2047.567505,-494.033905,True,velocity,0.449888,0.449888,0.000000,0.000000,13.901912,False
10.496620875986991,-0.004000,1.324000,-1.706000,1.306000,-0.007000,0.005000,-0.006000,-0.048000,1.319000,1.654000,1.353000,0.008000,0.003000,0.007000,-0.026027,0.772084,0.147766,-0.617555,0.370940,-0.255194,0.605010,0.122373,-0.612830,-0.051139,0.779005,-0.355730,-0.241423,0.600827,-0.026027,0.772084,0.147766,-0.617555,0.370940,-0.255194,0.605010,0.122373,-0.612830,-0.051139,0.779005,-0.355730,-0.241423,0.600827,0.449888,0.000000,0.000000,0.000000,1,True,True,0.000000,0.000000,0.000000,0.000000,0.000000,0.000000,0.000000,0.000000,0.000000,True,0.000000,0.000000,0.000000,0.000000,0.000000,0.000000,-0.427229,2.427817,-1.111507,2.889846,-0.427229,2.427751,-1.111507,2.889846,0.000000,0.000000,0.000000,0.000000,0.000000,0.000000,0.000000,0.000000,-510.337463,503.000427,2047.567505,-494.033905,True,velocity,0.449888,0.449888,0.000000,0.000000,13.934834,False
10.530018140008906,-0.004000,1.324000,-1.706000,1.306000,-0.007000,0.005000,-0.006000,-0.048000,1.319000,1.654000,1.353000,0.008000,0.003000,0.007000,-0.026027,0.772084,0.147766,-0.617555,0.370940,-0.255194,0.605010,0.122373,-0.612830,-0.051139,0.779005,-0.355730,-0.241423,0.600827,-0.026027,0.772084,0.147766,-0.617555,0.370940,-0.255194,0.605010,0.122373,-0.612830,-0.051139,0.779005,-0.355730,-0.241423,0.600827,0.449888,0.000000,0.000000,0.000000,1,True,True,0.000000,0.000000,0.000000,0.000000,0.000000,0.000000,0.000000,0.000000,0.000000,True,0.000000,0.000000,0.000000,0.000000,0.000000,0.000000,-0.427870,2.427817,-1.111507,2.890411,-0.427870,2.427817,-1.111507,2.890411,0.000000,0.000000,0.000000,0.000000,0.000000,0.000000,0.000000,0.000000,-510.337463,503.000427,2047.567505,-494.033905,True,velocity,0.449888,0.449888,0.000000,0.000000,13.968242,False
10.564228753006319,-0.004000,1.324000,-1.706000,1.306000,-0.007000,0.005000,-0.006000,-0.048000,1.319000,1.654000,1.353000,0.008000,0.003000,0.007000,-0.026027,0.772084,0.147766,-0.617555,0.370940,-0.255194,0.605010,0.122373,-0.612830,-0.051139,0.779005,-0.355730,-0.241423,0.600827,-0.026027,0.772084,0.147766,-0.617555,0.370940,-0.255194,0.605010,0.122373,-0.612830,-0.051139,0.779005,-0.355730,-0.241423,0.600827,0.449888,0.000000,0.000000,0.000000,1,True,True,0.000000,0.000000,0.000000,0.000000,0.000000,0.000000,0.000000,0.000000,0.000000,True,0.000000,0.000000,0.000000,0.000000,0.000000,0.000000,-0.427229,2.427751,-1.111507,2.889846,-0.427229,2.427751,-1.111507,2.889846,0.000000,0.000000,0.000000,0.000000,0.000000,0.000000,0.000000,0.000000,-510.337463,503.000427,2047.567505,-494.033905,True,velocity,0.449888,0.449888,0.000000,0.000000,14.002237,False
10.59734355501132,-0.004000,1.324000,-1.706000,1.306000,-0.007000,0.005000,-0.006000,-0.048000,1.319000,1.654000,1.353000,0.008000,0.003000,0.007000,-0.026027,0.772084,0.147766,-0.617555,0.370940,-0.255194,0.605010,0.122373,-0.612830,-0.051139,0.779005,-0.355730,-0.241423,0.600827,-0.026027,0.772084,0.147766,-0.617555,0.370940,-0.255194,0.605010,0.122373,-0.612830,-0.051139,0.779005,-0.355730,-0.241423,0.600827,0.449888,0.000000,0.000000,0.000000,1,True,True,0.000000,0.000000,0.000000,0.000000,0.000000,0.000000,0.000000,0.000000,0.000000,True,0.000000,0.000000,0.000000,0.000000,0.000000,0.000000,-0.427870,2.427817,-1.111473,2.890020,-0.427870,2.427817,-1.111473,2.890020,0.000000,0.000000,0.000000,0.000000,0.000000,0.000000,0.000000,0.000000,-510.337463,503.000427,2047.567505,-494.033905,True,velocity,0.449888,0.449888,0.000000,0.000000,14.035556,False
10.631625815003645,-0.004000,1.324000,-1.706000,1.306000,-0.007000,0.005000,-0.006000,-0.048000,1.319000,1.654000,1.353000,0.008000,0.003000,0.007000,-0.026027,0.772084,0.147766,-0.617555,0.370940,-0.255194,0.605010,0.122373,-0.612830,-0.051139,0.779005,-0.355730,-0.241423,0.600827,-0.026027,0.772084,0.147766,-0.617555,0.370940,-0.255194,0.605010,0.122373,-0.612830,-0.051139,0.779005,-0.355730,-0.241423,0.600827,0.449888,0.000000,0.000000,0.000000,1,True,True,0.000000,0.000000,0.000000,0.000000,0.000000,0.000000,0.000000,0.000000,0.000000,True,0.000000,0.000000,0.000000,0.000000,0.000000,0.000000,-0.427870,2.427817,-1.112115,2.890020,-0.427870,2.427817,-1.112115,2.890020,0.000000,0.000000,0.000000,0.000000,0.000000,0.000000,0.000000,0.000000,-510.337463,503.000427,2047.567505,-494.033905,True,velocity,0.449888,0.449888,0.000000,0.000000,14.069849,False
10.663113957998576,-0.004000,1.324000,-1.706000,1.306000,-0.007000,0.005000,-0.006000,-0.048000,1.319000,1.654000,1.353000,0.008000,0.003000,0.007000,-0.026027,0.772084,0.147766,-0.617555,0.370940,-0.255194,0.605010,0.122373,-0.612830,-0.051139,0.779005,-0.355730,-0.241423,0.600827,-0.026027,0.772084,0.147766,-0.617555,0.370940,-0.255194,0.605010,0.122373,-0.612830,-0.051139,0.779005,-0.355730,-0.241423,0.600827,0.449888,0.000000,0.000000,0.000000,1,True,True,0.000000,0.000000,0.000000,0.000000,0.000000,0.000000,0.000000,0.000000,0.000000,True,0.000000,0.000000,0.000000,0.000000,0.000000,0.000000,-0.427870,2.427817,-1.112115,2.890499,-0.427870,2.427817,-1.112115,2.890020,0.000000,0.000000,0.000000,0.000000,0.000000,0.000000,0.000000,0.000000,-510.337463,503.000427,2047.567505,-494.033905,True,velocity,0.449888,0.449888,0.000000,0.000000,14.101337,False
10.697266884992132,-0.004000,1.324000,-1.706000,1.306000,-0.007000,0.005000,-0.006000,-0.048000,1.319000,1.654000,1.353000,0.008000,0.003000,0.007000,-0.026027,0.772084,0.147766,-0.617555,0.370940,-0.255194,0.605010,0.122373,-0.612830,-0.051139,0.779005,-0.355730,-0.241423,0.600827,-0.026027,0.772084,0.147766,-0.617555,0.370940,-0.255194,0.605010,0.122373,-0.612830,-0.051139,0.779005,-0.355730,-0.241423,0.600827,0.449888,0.000000,0.000000,0.000000,1,True,True,0.000000,0.000000,0.000000,0.000000,0.000000,0.000000,0.000000,0.000000,0.000000,True,0.000000,0.000000,0.000000,0.000000,0.000000,0.000000,-0.427229,2.427751,-1.111473,2.890020,-0.427229,2.427751,-1.111473,2.890020,0.000000,0.000000,0.000000,0.000000,0.000000,0.000000,0.000000,0.000000,-510.337463,503.000427,2047.567505,-494.033905,True,velocity,0.449888,0.449888,0.000000,0.000000,14.134746,False
10.732056698994711,-0.004000,1.324000,-1.706000,1.306000,-0.007000,0.005000,-0.006000,-0.048000,1.319000,1.654000,1.353000,0.008000,0.003000,0.007000,-0.026027,0.772084,0.147766,-0.617555,0.370940,-0.255194,0.605010,0.122373,-0.612830,-0.051139,0.779005,-0.355730,-0.241423,0.600827,-0.026027,0.772084,0.147766,-0.617555,0.370940,-0.255194,0.605010,0.122373,-0.612830,-0.051139,0.779005,-0.355730,-0.241423,0.600827,0.449888,0.000000,0.000000,0.000000,1,True,True,0.000000,0.000000,0.000000,0.000000,0.000000,0.000000,0.000000,0.000000,0.000000,True,0.000000,0.000000,0.000000,0.000000,0.000000,0.000000,-0.427345,2.427751,-1.111507,2.890586,-0.427870,2.427751,-1.111507,2.890586,0.000000,0.000000,0.000000,0.000000,0.000000,0.000000,0.000000,0.000000,-510.337463,503.000427,2047.567505,-494.033905,True,velocity,0.449888,0.449888,0.000000,0.000000,14.170258,False
10.76445224499912,-0.004000,1.324000,-1.706000,1.306000,-0.007000,0.005000,-0.006000,-0.048000,1.319000,1.654000,1.353000,0.008000,0.003000,0.007000,-0.026027,0.772084,0.147766,-0.617555,0.370940,-0.255194,0.605010,0.122373,-0.612830,-0.051139,0.779005,-0.355730,-0.241423,0.600827,-0.026027,0.772084,0.147766,-0.617555,0.370940,-0.255194,0.605010,0.122373,-0.612830,-0.051139,0.779005,-0.355730,-0.241423,0.600827,0.449888,0.000000,0.000000,0.000000,1,True,True,0.000000,0.000000,0.000000,0.000000,0.000000,0.000000,0.000000,0.000000,0.000000,True,0.000000,0.000000,0.000000,0.000000,0.000000,0.000000,-0.427345,2.427751,-1.111473,2.889933,-0.427345,2.427751,-1.111473,2.889933,0.000000,0.000000,0.000000,0.000000,0.000000,0.000000,0.000000,0.000000,-510.337463,503.000427,2047.567505,-494.033905,True,velocity,0.449888,0.449888,0.000000,0.000000,14.202719,False
10.797687916987343,-0.004000,1.324000,-1.706000,1.306000,-0.007000,0.005000,-0.006000,-0.048000,1.319000,1.654000,1.353000,0.008000,0.003000,0.007000,-0.026027,0.772084,0.147766,-0.617555,0.370940,-0.255194,0.605010,0.122373,-0.612830,-0.051139,0.779005,-0.355730,-0.241423,0.600827,-0.026027,0.772084,0.147766,-0.617555,0.370940,-0.255194,0.605010,0.122373,-0.612830,-0.051139,0.779005,-0.355730,-0.241423,0.600827,0.449888,0.000000,0.000000,0.000000,1,True,True,0.000000,0.000000,0.000000,0.000000,0.000000,0.000000,0.000000,0.000000,0.000000,True,0.000000,0.000000,0.000000,0.000000,0.000000,0.000000,-0.427345,2.427751,-1.111473,2.890499,-0.427345,2.427751,-1.111473,2.890499,0.000000,0.000000,0.000000,0.000000,0.000000,0.000000,0.000000,0.000000,-510.337463,503.000427,2047.567505,-494.033905,True,velocity,0.449888,0.449888,0.000000,0.000000,14.235354,False
10.831763381982455,-0.004000,1.324000,-1.706000,1.306000,-0.007000,0.005000,-0.006000,-0.048000,1.319000,1.654000,1.353000,0.008000,0.003000,0.007000,-0.026027,0.772084,0.147766,-0.617555,0.370940,-0.255194,0.605010,0.122373,-0.612830,-0.051139,0.779005,-0.355730,-0.241423,0.600827,-0.026027,0.772084,0.147766,-0.617555,0.370940,-0.255194,0.605010,0.122373,-0.612830,-0.051139,0.779005,-0.355730,-0.241423,0.600827,0.449888,0.000000,0.000000,0.000000,1,True,True,0.000000,0.000000,0.000000,0.000000,0.000000,0.000000,0.000000,0.000000,0.000000,True,0.000000,0.000000,0.000000,0.000000,0.000000,0.000000,-0.427870,2.427751,-1.111473,2.889933,-0.427870,2.427751,-1.111473,2.889933,0.000000,0.000000,0.000000,0.000000,0.000000,0.000000,0.000000,0.000000,-510.337463,503.000427,2047.567505,-494.033905,True,velocity,0.449888,0.449888,0.000000,0.000000,14.270032,False
10.864535038010217,-0.004000,1.324000,-1.706000,1.306000,-0.007000,0.005000,-0.006000,-0.048000,1.319000,1.654000,1.353000,0.008000,0.003000,0.007000,-0.026027,0.772084,0.147766,-0.617555,0.370940,-0.255194,0.605010,0.122373,-0.612830,-0.051139,0.779005,-0.355730,-0.241423,0.600827,-0.026027,0.772084,0.147766,-0.617555,0.370940,-0.255194,0.605010,0.122373,-0.612830,-0.051139,0.779005,-0.355730,-0.241423,0.600827,0.449888,0.000000,0.000000,0.000000,1,True,True,0.000000,0.000000,0.000000,0.000000,0.000000,0.000000,0.000000,0.000000,0.000000,True,0.000000,0.000000,0.000000,0.000000,0.000000,0.000000,-0.427345,2.427685,-1.111473,2.889933,-0.427987,2.427751,-1.111507,2.890499,0.000000,0.000000,0.000000,0.000000,0.000000,0.000000,0.000000,0.000000,-510.337463,503.000427,2047.567505,-494.033905,True,velocity,0.449888,0.449888,0.000000,0.000000,14.302783,False
10.897676302993204,-0.004000,1.324000,-1.706000,1.306000,-0.007000,0.005000,-0.006000,-0.048000,1.319000,1.654000,1.353000,0.008000,0.003000,0.007000,-0.026027,0.772084,0.147766,-0.617555,0.370940,-0.255194,0.605010,0.122373,-0.612830,-0.051139,0.779005,-0.355730,-0.241423,0.600827,-0.026027,0.772084,0.147766,-0.617555,0.370940,-0.255194,0.605010,0.122373,-0.612830,-0.051139,0.779005,-0.355730,-0.241423,0.600827,0.449888,0.000000,0.000000,0.000000,1,True,True,0.000000,0.000000,0.000000,0.000000,0.000000,0.000000,0.000000,0.000000,0.000000,True,0.000000,0.000000,0.000000,0.000000,0.000000,0.000000,-0.427987,2.427751,-1.111473,2.890499,-0.427987,2.427751,-1.111473,2.890499,0.000000,0.000000,0.000000,0.000000,0.000000,0.000000,0.000000,0.000000,-510.337463,503.000427,2047.567505,-494.033905,True,velocity,0.449888,0.449888,0.000000,0.000000,14.335732,False
10.932324653986143,-0.004000,1.324000,-1.706000,1.306000,-0.007000,0.005000,-0.006000,-0.048000,1.319000,1.654000,1.353000,0.008000,0.003000,0.007000,-0.026027,0.772084,0.147766,-0.617555,0.370940,-0.255194,0.605010,0.122373,-0.612830,-0.051139,0.779005,-0.355730,-0.241423,0.600827,-0.026027,0.772084,0.147766,-0.617555,0.370940,-0.255194,0.605010,0.122373,-0.612830,-0.051139,0.779005,-0.355730,-0.241423,0.600827,0.449888,0.000000,0.000000,0.000000,1,True,True,0.000000,0.000000,0.000000,0.000000,0.000000,0.000000,0.000000,0.000000,0.000000,True,0.000000,0.000000,0.000000,0.000000,0.000000,0.000000,-0.427345,2.427685,-1.111507,2.889846,-0.427345,2.427685,-1.111507,2.889846,0.000000,0.000000,0.000000,0.000000,0.000000,0.000000,0.000000,0.000000,-510.337463,503.000427,2047.567505,-494.033905,True,velocity,0.449888,0.449888,0.000000,0.000000,14.370576,False
10.965844917984214,-0.004000,1.324000,-1.706000,1.306000,-0.007000,0.005000,-0.006000,-0.048000,1.319000,1.654000,1.353000,0.008000,0.003000,0.007000,-0.026027,0.772084,0.147766,-0.617555,0.370940,-0.255194,0.605010,0.122373,-0.612830,-0.051139,0.779005,-0.355730,-0.241423,0.600827,-0.026027,0.772084,0.147766,-0.617555,0.370940,-0.255194,0.605010,0.122373,-0.612830,-0.051139,0.779005,-0.355730,-0.241423,0.600827,0.449888,0.000000,0.000000,0.000000,1,True,True,0.000000,0.000000,0.000000,0.000000,0.000000,0.000000,0.000000,0.000000,0.000000,True,0.000000,0.000000,0.000000,0.000000,0.000000,0.000000,-0.427345,2.427685,-1.111507,2.890499,-0.427345,2.427751,-1.111507,2.890499,0.000000,0.000000,0.000000,0.000000,0.000000,0.000000,0.000000,0.000000,-510.337463,503.000427,2047.567505,-494.033905,True,velocity,0.449888,0.449888,0.000000,0.000000,14.404003,False
10.999857474991586,-0.004000,1.324000,-1.706000,1.306000,-0.007000,0.005000,-0.006000,-0.048000,1.319000,1.654000,1.353000,0.008000,0.003000,0.007000,-0.026027,0.772084,0.147766,-0.617555,0.370940,-0.255194,0.605010,0.122373,-0.612830,-0.051139,0.779005,-0.355730,-0.241423,0.600827,-0.026027,0.772084,0.147766,-0.617555,0.370940,-0.255194,0.605010,0.122373,-0.612830,-0.051139,0.779005,-0.355730,-0.241423,0.600827,0.449888,0.000000,0.000000,0.000000,1,True,True,0.000000,0.000000,0.000000,0.000000,0.000000,0.000000,0.000000,0.000000,0.000000,True,0.000000,0.000000,0.000000,0.000000,0.000000,0.000000,-0.427345,2.427751,-1.111473,2.890499,-0.427345,2.427751,-1.111473,2.890499,0.000000,0.000000,0.000000,0.000000,0.000000,0.000000,0.000000,0.000000,-510.337463,503.000427,2047.567505,-494.033905,True,velocity,0.449888,0.449888,0.000000,0.000000,14.437933,False
11.032675185997505,-0.004000,1.324000,-1.706000,1.306000,-0.007000,0.005000,-0.006000,-0.048000,1.319000,1.654000,1.353000,0.008000,0.003000,0.007000,-0.026027,0.772084,0.147766,-0.617555,0.370940,-0.255194,0.605010,0.122373,-0.612830,-0.051139,0.779005,-0.355730,-0.241423,0.600827,-0.026027,0.772084,0.147766,-0.617555,0.370940,-0.255194,0.605010,0.122373,-0.612830,-0.051139,0.779005,-0.355730,-0.241423,0.600827,0.449888,0.000000,0.000000,0.000000,1,True,True,0.000000,0.000000,0.000000,0.000000,0.000000,0.000000,0.000000,0.000000,0.000000,True,0.000000,0.000000,0.000000,0.000000,0.000000,0.000000,-0.427345,2.427751,-1.111507,2.890499,-0.427345,2.427751,-1.111473,2.890499,0.000000,0.000000,0.000000,0.000000,0.000000,0.000000,0.000000,0.000000,-510.337463,503.000427,2047.567505,-494.033905,True,velocity,0.449888,0.449888,0.000000,0.000000,14.470800,False
11.06507593599963,-0.004000,1.324000,-1.706000,1.306000,-0.007000,0.005000,-0.006000,-0.048000,1.319000,1.654000,1.353000,0.008000,0.003000,0.007000,-0.026027,0.772084,0.147766,-0.617555,0.370940,-0.255194,0.605010,0.122373,-0.612830,-0.051139,0.779005,-0.355730,-0.241423,0.600827,-0.026027,0.772084,0.147766,-0.617555,0.370940,-0.255194,0.605010,0.122373,-0.612830,-0.051139,0.779005,-0.355730,-0.241423,0.600827,0.449888,0.000000,0.000000,0.000000,1,True,True,0.000000,0.000000,0.000000,0.000000,0.000000,0.000000,0.000000,0.000000,0.000000,True,0.000000,0.000000,0.000000,0.000000,0.000000,0.000000,-0.427229,2.427685,-1.111507,2.890499,-0.427345,2.427751,-1.111507,2.890499,0.000000,0.000000,0.000000,0.000000,0.000000,0.000000,0.000000,0.000000,-510.337463,503.000427,2047.567505,-494.033905,True,velocity,0.449888,0.449888,0.000000,0.000000,14.503345,False
11.098383829987142,-0.004000,1.324000,-1.706000,1.306000,-0.007000,0.005000,-0.006000,-0.048000,1.319000,1.654000,1.353000,0.008000,0.003000,0.007000,-0.026027,0.772084,0.147766,-0.617555,0.370940,-0.255194,0.605010,0.122373,-0.612830,-0.051139,0.779005,-0.355730,-0.241423,0.600827,-0.026027,0.772084,0.147766,-0.617555,0.370940,-0.255194,0.605010,0.122373,-0.612830,-0.051139,0.779005,-0.355730,-0.241423,0.600827,0.449888,0.000000,0.000000,0.000000,1,True,True,0.000000,0.000000,0.000000,0.000000,0.000000,0.000000,0.000000,0.000000,0.000000,True,0.000000,0.000000,0.000000,0.000000,0.000000,0.000000,-0.427229,2.427817,-1.111473,2.890499,-0.427345,2.427817,-1.111473,2.890499,0.000000,0.000000,0.000000,0.000000,0.000000,0.000000,0.000000,0.000000,-510.337463,503.000427,2047.567505,-494.033905,True,velocity,0.449888,0.449888,0.000000,0.000000,14.536407,False
11.13258925700211,-0.004000,1.324000,-1.706000,1.306000,-0.007000,0.005000,-0.006000,-0.048000,1.319000,1.654000,1.353000,0.008000,0.003000,0.007000,-0.026027,0.772084,0.147766,-0.617555,0.370940,-0.255194,0.605010,0.122373,-0.612830,-0.051139,0.779005,-0.355730,-0.241423,0.600827,-0.026027,0.772084,0.147766,-0.617555,0.370940,-0.255194,0.605010,0.122373,-0.612830,-0.051139,0.779005,-0.355730,-0.241423,0.600827,0.449888,0.000000,0.000000,0.000000,1,True,True,0.000000,0.000000,0.000000,0.000000,0.000000,0.000000,0.000000,0.000000,0.000000,True,0.000000,0.000000,0.000000,0.000000,0.000000,0.000000,-0.427870,2.427751,-1.111473,2.890499,-0.427229,2.427751,-1.111473,2.890499,0.000000,0.000000,0.000000,0.000000,0.000000,0.000000,0.000000,0.000000,-510.337463,503.000427,2047.567505,-494.033905,True,velocity,0.449888,0.449888,0.000000,0.000000,14.570381,False
11.166218890983146,-0.004000,1.324000,-1.706000,1.306000,-0.007000,0.005000,-0.006000,-0.048000,1.319000,1.654000,1.353000,0.008000,0.003000,0.007000,-0.026027,0.772084,0.147766,-0.617555,0.370940,-0.255194,0.605010,0.122373,-0.612830,-0.051139,0.779005,-0.355730,-0.241423,0.600827,-0.026027,0.772084,0.147766,-0.617555,0.370940,-0.255194,0.605010,0.122373,-0.612830,-0.051139,0.779005,-0.355730,-0.241423,0.600827,0.449888,0.000000,0.000000,0.000000,1,True,True,0.000000,0.000000,0.000000,0.000000,0.000000,0.000000,0.000000,0.000000,0.000000,True,0.000000,0.000000,0.000000,0.000000,0.000000,0.000000,-0.427870,2.427751,-1.111507,2.890499,-0.427870,2.427751,-1.111507,2.890499,0.000000,0.000000,0.000000,0.000000,0.000000,0.000000,0.000000,0.000000,-510.337463,503.000427,2047.567505,-494.033905,True,velocity,0.449888,0.449888,0.000000,0.000000,14.604488,False
11.198761417996138,-0.004000,1.324000,-1.706000,1.306000,-0.007000,0.005000,-0.006000,-0.048000,1.319000,1.654000,1.353000,0.008000,0.003000,0.007000,-0.026027,0.772084,0.147766,-0.617555,0.370940,-0.255194,0.605010,0.122373,-0.612830,-0.051139,0.779005,-0.355730,-0.241423,0.600827,-0.026027,0.772084,0.147766,-0.617555,0.370940,-0.255194,0.605010,0.122373,-0.612830,-0.051139,0.779005,-0.355730,-0.241423,0.600827,0.449888,0.000000,0.000000,0.000000,1,True,True,0.000000,0.000000,0.000000,0.000000,0.000000,0.000000,0.000000,0.000000,0.000000,True,0.000000,0.000000,0.000000,0.000000,0.000000,0.000000,-0.427870,2.427817,-1.111473,2.890499,-0.427870,2.427817,-1.111473,2.890499,0.000000,0.000000,0.000000,0.000000,0.000000,0.000000,0.000000,0.000000,-510.337463,503.000427,2047.567505,-494.033905,True,velocity,0.449888,0.449888,0.000000,0.000000,14.636914,False
11.231833961006487,-0.004000,1.324000,-1.706000,1.306000,-0.007000,0.005000,-0.006000,-0.048000,1.319000,1.654000,1.353000,0.008000,0.003000,0.007000,-0.026027,0.772084,0.147766,-0.617555,0.370940,-0.255194,0.605010,0.122373,-0.612830,-0.051139,0.779005,-0.355730,-0.241423,0.600827,-0.026027,0.772084,0.147766,-0.617555,0.370940,-0.255194,0.605010,0.122373,-0.612830,-0.051139,0.779005,-0.355730,-0.241423,0.600827,0.449888,0.000000,0.000000,0.000000,1,True,True,0.000000,0.000000,0.000000,0.000000,0.000000,0.000000,0.000000,0.000000,0.000000,True,0.000000,0.000000,0.000000,0.000000,0.000000,0.000000,-0.427345,2.427751,-1.111440,2.890499,-0.427345,2.427751,-1.111440,2.890499,0.000000,0.000000,0.000000,0.000000,0.000000,0.000000,0.000000,0.000000,-510.337463,503.000427,2047.567505,-494.033905,True,velocity,0.449888,0.449888,0.000000,0.000000,14.670106,False
11.265074688999448,-0.004000,1.324000,-1.706000,1.306000,-0.007000,0.005000,-0.006000,-0.048000,1.319000,1.654000,1.353000,0.008000,0.003000,0.007000,-0.026027,0.772084,0.147766,-0.617555,0.370940,-0.255194,0.605010,0.122373,-0.612830,-0.051139,0.779005,-0.355730,-0.241423,0.600827,-0.026027,0.772084,0.147766,-0.617555,0.370940,-0.255194,0.605010,0.122373,-0.612830,-0.051139,0.779005,-0.355730,-0.241423,0.600827,0.449888,0.000000,0.000000,0.000000,1,True,True,0.000000,0.000000,0.000000,0.000000,0.000000,0.000000,0.000000,0.000000,0.000000,True,0.000000,0.000000,0.000000,0.000000,0.000000,0.000000,-0.427870,2.427817,-1.111440,2.889933,-0.427229,2.427817,-1.111440,2.883970,0.000000,0.000000,0.000000,0.000000,0.000000,0.000000,0.000000,0.000000,-510.337463,503.000427,2047.567505,-494.033905,True,velocity,0.449888,0.449888,0.000000,0.000000,14.703060,False
11.299120115989354,-0.004000,1.324000,-1.706000,1.306000,-0.007000,0.005000,-0.006000,-0.048000,1.319000,1.654000,1.353000,0.008000,0.003000,0.007000,-0.026027,0.772084,0.147766,-0.617555,0.370940,-0.255194,0.605010,0.122373,-0.612830,-0.051139,0.779005,-0.355730,-0.241423,0.600827,-0.026027,0.772084,0.147766,-0.617555,0.370940,-0.255194,0.605010,0.122373,-0.612830,-0.051139,0.779005,-0.355730,-0.241423,0.600827,0.449888,0.000000,0.000000,0.000000,1,True,True,0.000000,0.000000,0.000000,0.000000,0.000000,0.000000,0.000000,0.000000,0.000000,True,0.000000,0.000000,0.000000,0.000000,0.000000,0.000000,-0.427345,2.427817,-1.111440,2.889846,-0.427345,2.427817,-1.111440,2.890499,0.000000,0.000000,0.000000,0.000000,0.000000,0.000000,0.000000,0.000000,-510.337463,503.000427,2047.567505,-494.033905,True,velocity,0.449888,0.449888,0.000000,0.000000,14.737397,False
11.33164690301055,-0.004000,1.324000,-1.706000,1.306000,-0.007000,0.005000,-0.006000,-0.048000,1.319000,1.654000,1.353000,0.008000,0.003000,0.007000,-0.026027,0.772084,0.147766,-0.617555,0.370940,-0.255194,0.605010,0.122373,-0.612830,-0.051139,0.779005,-0.355730,-0.241423,0.600827,-0.026027,0.772084,0.147766,-0.617555,0.370940,-0.255194,0.605010,0.122373,-0.612830,-0.051139,0.779005,-0.355730,-0.241423,0.600827,0.449888,0.000000,0.000000,0.000000,1,True,True,0.000000,0.000000,0.000000,0.000000,0.000000,0.000000,0.000000,0.000000,0.000000,True,0.000000,0.000000,0.000000,0.000000,0.000000,0.000000,-0.427229,2.427817,-1.111440,2.889846,-0.427229,2.427817,-1.111440,2.889846,0.000000,0.000000,0.000000,0.000000,0.000000,0.000000,0.000000,0.000000,-510.337463,503.000427,2047.567505,-494.033905,True,velocity,0.449888,0.449888,0.000000,0.000000,14.769922,False
11.365655959991273,-0.004000,1.324000,-1.706000,1.306000,-0.007000,0.005000,-0.006000,-0.048000,1.319000,1.654000,1.353000,0.008000,0.003000,0.007000,-0.026027,0.772084,0.147766,-0.617555,0.370940,-0.255194,0.605010,0.122373,-0.612830,-0.051139,0.779005,-0.355730,-0.241423,0.600827,-0.026027,0.772084,0.147766,-0.617555,0.370940,-0.255194,0.605010,0.122373,-0.612830,-0.051139,0.779005,-0.355730,-0.241423,0.600827,0.449888,0.000000,0.000000,0.000000,1,True,True,0.000000,0.000000,0.000000,0.000000,0.000000,0.000000,0.000000,0.000000,0.000000,True,0.000000,0.000000,0.000000,0.000000,0.000000,0.000000,-0.427461,2.427685,-1.111440,2.890020,-0.427461,2.427685,-1.111440,2.890020,0.000000,0.000000,0.000000,0.000000,0.000000,0.000000,0.000000,0.000000,-510.337463,503.000427,2047.567505,-494.033905,True,velocity,0.449888,0.449888,0.000000,0.000000,14.803782,False
11.39866304100724,-0.004000,1.324000,-1.706000,1.306000,-0.007000,0.005000,-0.006000,-0.048000,1.319000,1.654000,1.353000,0.008000,0.003000,0.007000,-0.026027,0.772084,0.147766,-0.617555,0.370940,-0.255194,0.605010,0.122373,-0.612830,-0.051139,0.779005,-0.355730,-0.241423,0.600827,-0.026027,0.772084,0.147766,-0.617555,0.370940,-0.255194,0.605010,0.122373,-0.612830,-0.051139,0.779005,-0.355730,-0.241423,0.600827,0.449888,0.000000,0.000000,0.000000,1,True,True,0.000000,0.000000,0.000000,0.000000,0.000000,0.000000,0.000000,0.000000,0.000000,True,0.000000,0.000000,0.000000,0.000000,0.000000,0.000000,-0.427345,2.427751,-1.111440,2.883970,-0.427345,2.427685,-1.111440,2.883970,0.000000,0.000000,0.000000,0.000000,0.000000,0.000000,0.000000,0.000000,-510.337463,503.000427,2047.567505,-494.033905,True,velocity,0.449888,0.449888,0.000000,0.000000,14.836823,False
11.432170822983608,-0.004000,1.324000,-1.706000,1.306000,-0.007000,0.005000,-0.006000,-0.048000,1.319000,1.654000,1.353000,0.008000,0.003000,0.007000,-0.026027,0.772084,0.147766,-0.617555,0.370940,-0.255194,0.605010,0.122373,-0.612830,-0.051139,0.779005,-0.355730,-0.241423,0.600827,-0.026027,0.772084,0.147766,-0.617555,0.370940,-0.255194,0.605010,0.122373,-0.612830,-0.051139,0.779005,-0.355730,-0.241423,0.600827,0.449888,0.000000,0.000000,0.000000,1,True,True,0.000000,0.000000,0.000000,0.000000,0.000000,0.000000,0.000000,0.000000,0.000000,True,0.000000,0.000000,0.000000,0.000000,0.000000,0.000000,-0.427345,2.427685,-1.111440,2.890411,-0.427345,2.427685,-1.111440,2.890411,0.000000,0.000000,0.000000,0.000000,0.000000,0.000000,0.000000,0.000000,-510.337463,503.000427,2047.567505,-494.033905,True,velocity,0.449888,0.449888,0.000000,0.000000,14.870448,False
11.465672883001389,-0.004000,1.324000,-1.706000,1.306000,-0.007000,0.005000,-0.006000,-0.048000,1.319000,1.654000,1.353000,0.008000,0.003000,0.007000,-0.026027,0.772084,0.147766,-0.617555,0.370940,-0.255194,0.605010,0.122373,-0.612830,-0.051139,0.779005,-0.355730,-0.241423,0.600827,-0.026027,0.772084,0.147766,-0.617555,0.370940,-0.255194,0.605010,0.122373,-0.612830,-0.051139,0.779005,-0.355730,-0.241423,0.600827,0.449888,0.000000,0.000000,0.000000,1,True,True,0.000000,0.000000,0.000000,0.000000,0.000000,0.000000,0.000000,0.000000,0.000000,True,0.000000,0.000000,0.000000,0.000000,0.000000,0.000000,-0.427461,2.427751,-1.111440,2.890411,-0.427461,2.427685,-1.111440,2.890411,0.000000,0.000000,0.000000,0.000000,0.000000,0.000000,0.000000,0.000000,-510.337463,503.000427,2047.567505,-494.033905,True,velocity,0.449888,0.449888,0.000000,0.000000,14.903508,False
11.501104638009565,-0.004000,1.324000,-1.706000,1.306000,-0.007000,0.005000,-0.006000,-0.048000,1.319000,1.654000,1.353000,0.008000,0.003000,0.007000,-0.026027,0.772084,0.147766,-0.617555,0.370940,-0.255194,0.605010,0.122373,-0.612830,-0.051139,0.779005,-0.355730,-0.241423,0.600827,-0.026027,0.772084,0.147766,-0.617555,0.370940,-0.255194,0.605010,0.122373,-0.612830,-0.051139,0.779005,-0.355730,-0.241423,0.600827,0.449888,0.000000,0.000000,0.000000,1,True,True,0.000000,0.000000,0.000000,0.000000,0.000000,0.000000,0.000000,0.000000,0.000000,True,0.000000,0.000000,0.000000,0.000000,0.000000,0.000000,-0.427461,2.427751,-1.111440,2.889846,-0.427461,2.427751,-1.111440,2.889846,0.000000,0.000000,0.000000,0.000000,0.000000,0.000000,0.000000,0.000000,-510.337463,503.000427,2047.567505,-494.033905,True,velocity,0.449888,0.449888,0.000000,0.000000,14.938825,False
11.532275375007885,-0.004000,1.324000,-1.706000,1.306000,-0.007000,0.005000,-0.006000,-0.048000,1.319000,1.654000,1.353000,0.008000,0.003000,0.007000,-0.026027,0.772084,0.147766,-0.617555,0.370940,-0.255194,0.605010,0.122373,-0.612830,-0.051139,0.779005,-0.355730,-0.241423,0.600827,-0.026027,0.772084,0.147766,-0.617555,0.370940,-0.255194,0.605010,0.122373,-0.612830,-0.051139,0.779005,-0.355730,-0.241423,0.600827,0.449888,0.000000,0.000000,0.000000,1,True,True,0.000000,0.000000,0.000000,0.000000,0.000000,0.000000,0.000000,0.000000,0.000000,True,0.000000,0.000000,0.000000,0.000000,0.000000,0.000000,-0.427345,2.427751,-1.111473,2.890411,-0.427345,2.427751,-1.111473,2.890411,0.000000,0.000000,0.000000,0.000000,0.000000,0.000000,0.000000,0.000000,-510.337463,503.000427,2047.567505,-494.033905,True,velocity,0.449888,0.449888,0.000000,0.000000,14.970480,False
11.568090443004621,-0.004000,1.324000,-1.706000,1.306000,-0.007000,0.005000,-0.006000,-0.048000,1.319000,1.654000,1.353000,0.008000,0.003000,0.007000,-0.026027,0.772084,0.147766,-0.617555,0.370940,-0.255194,0.605010,0.122373,-0.612830,-0.051139,0.779005,-0.355730,-0.241423,0.600827,-0.026027,0.772084,0.147766,-0.617555,0.370940,-0.255194,0.605010,0.122373,-0.612830,-0.051139,0.779005,-0.355730,-0.241423,0.600827,0.449888,0.000000,0.000000,0.000000,1,True,True,0.000000,0.000000,0.000000,0.000000,0.000000,0.000000,0.000000,0.000000,0.000000,True,0.000000,0.000000,0.000000,0.000000,0.000000,0.000000,-0.427345,2.427751,-1.111507,2.889846,-0.427345,2.427751,-1.111507,2.889846,0.000000,0.000000,0.000000,0.000000,0.000000,0.000000,0.000000,0.000000,-510.337463,503.000427,2047.567505,-494.033905,True,velocity,0.449888,0.449888,0.000000,0.000000,15.006202,False
11.60223420400871,-0.004000,1.324000,-1.706000,1.306000,-0.007000,0.005000,-0.006000,-0.048000,1.319000,1.654000,1.353000,0.008000,0.003000,0.007000,-0.026027,0.772084,0.147766,-0.617555,0.370940,-0.255194,0.605010,0.122373,-0.612830,-0.051139,0.779005,-0.355730,-0.241423,0.600827,-0.026027,0.772084,0.147766,-0.617555,0.370940,-0.255194,0.605010,0.122373,-0.612830,-0.051139,0.779005,-0.355730,-0.241423,0.600827,0.449888,0.000000,0.000000,0.000000,1,True,True,0.000000,0.000000,0.000000,0.000000,0.000000,0.000000,0.000000,0.000000,0.000000,True,0.000000,0.000000,0.000000,0.000000,0.000000,0.000000,-0.427229,2.427751,-1.112115,2.889758,-0.427229,2.427751,-1.112115,2.889758,0.000000,0.000000,0.000000,0.000000,0.000000,0.000000,0.000000,0.000000,-510.337463,503.000427,2047.567505,-494.033905,True,velocity,0.449888,0.449888,0.000000,0.000000,15.039500,False
11.632703257986577,-0.004000,1.324000,-1.706000,1.306000,-0.007000,0.005000,-0.006000,-0.048000,1.319000,1.654000,1.353000,0.008000,0.003000,0.007000,-0.026027,0.772084,0.147766,-0.617555,0.370940,-0.255194,0.605010,0.122373,-0.612830,-0.051139,0.779005,-0.355730,-0.241423,0.600827,-0.026027,0.772084,0.147766,-0.617555,0.370940,-0.255194,0.605010,0.122373,-0.612830,-0.051139,0.779005,-0.355730,-0.241423,0.600827,0.449888,0.000000,0.000000,0.000000,1,True,True,0.000000,0.000000,0.000000,0.000000,0.000000,0.000000,0.000000,0.000000,0.000000,True,0.000000,0.000000,0.000000,0.000000,0.000000,0.000000,-0.427345,2.427751,-1.111507,2.890411,-0.427345,2.427751,-1.111507,2.890411,0.000000,0.000000,0.000000,0.000000,0.000000,0.000000,0.000000,0.000000,-510.337463,503.000427,2047.567505,-494.033905,True,velocity,0.449888,0.449888,0.000000,0.000000,15.070978,False
11.665871393983252,-0.004000,1.324000,-1.706000,1.306000,-0.007000,0.005000,-0.006000,-0.048000,1.319000,1.654000,1.353000,0.008000,0.003000,0.007000,-0.026027,0.772084,0.147766,-0.617555,0.370940,-0.255194,0.605010,0.122373,-0.612830,-0.051139,0.779005,-0.355730,-0.241423,0.600827,-0.026027,0.772084,0.147766,-0.617555,0.370940,-0.255194,0.605010,0.122373,-0.612830,-0.051139,0.779005,-0.355730,-0.241423,0.600827,0.449888,0.000000,0.000000,0.000000,1,True,True,0.000000,0.000000,0.000000,0.000000,0.000000,0.000000,0.000000,0.000000,0.000000,True,0.000000,0.000000,0.000000,0.000000,0.000000,0.000000,-0.427461,2.427751,-1.111539,2.890411,-0.427461,2.427751,-1.111539,2.890411,0.000000,0.000000,0.000000,0.000000,0.000000,0.000000,0.000000,0.000000,-510.337463,503.000427,2047.567505,-494.033905,True,velocity,0.449888,0.449888,0.000000,0.000000,15.104073,False
11.69983135900111,-0.004000,1.324000,-1.706000,1.306000,-0.007000,0.005000,-0.006000,-0.048000,1.319000,1.654000,1.353000,0.008000,0.003000,0.007000,-0.026027,0.772084,0.147766,-0.617555,0.370940,-0.255194,0.605010,0.122373,-0.612830,-0.051139,0.779005,-0.355730,-0.241423,0.600827,-0.026027,0.772084,0.147766,-0.617555,0.370940,-0.255194,0.605010,0.122373,-0.612830,-0.051139,0.779005,-0.355730,-0.241423,0.600827,0.449888,0.000000,0.000000,0.000000,1,True,True,0.000000,0.000000,0.000000,0.000000,0.000000,0.000000,0.000000,0.000000,0.000000,True,0.000000,0.000000,0.000000,0.000000,0.000000,0.000000,-0.427987,2.427751,-1.111539,2.883970,-0.427987,2.427751,-1.111539,2.890499,0.000000,0.000000,0.000000,0.000000,0.000000,0.000000,0.000000,0.000000,-510.337463,503.000427,2047.567505,-494.033905,True,velocity,0.449888,0.449888,0.000000,0.000000,15.138109,False
11.732972031983081,-0.004000,1.324000,-1.706000,1.306000,-0.007000,0.005000,-0.006000,-0.048000,1.319000,1.654000,1.353000,0.008000,0.003000,0.007000,-0.026027,0.772084,0.147766,-0.617555,0.370940,-0.255194,0.605010,0.122373,-0.612830,-0.051139,0.779005,-0.355730,-0.241423,0.600827,-0.026027,0.772084,0.147766,-0.617555,0.370940,-0.255194,0.605010,0.122373,-0.612830,-0.051139,0.779005,-0.355730,-0.241423,0.600827,0.449888,0.000000,0.000000,0.000000,1,True,True,0.000000,0.000000,0.000000,0.000000,0.000000,0.000000,0.000000,0.000000,0.000000,True,0.000000,0.000000,0.000000,0.000000,0.000000,0.000000,-0.427461,2.427751,-1.112115,2.889846,-0.427461,2.427751,-1.112115,2.889846,0.000000,0.000000,0.000000,0.000000,0.000000,0.000000,0.000000,0.000000,-510.337463,503.000427,2047.567505,-494.033905,True,velocity,0.449888,0.449888,0.000000,0.000000,15.170714,False
11.767038182006218,-0.004000,1.324000,-1.706000,1.306000,-0.007000,0.005000,-0.006000,-0.048000,1.319000,1.654000,1.353000,0.008000,0.003000,0.007000,-0.026027,0.772084,0.147766,-0.617555,0.370940,-0.255194,0.605010,0.122373,-0.612830,-0.051139,0.779005,-0.355730,-0.241423,0.600827,-0.026027,0.772084,0.147766,-0.617555,0.370940,-0.255194,0.605010,0.122373,-0.612830,-0.051139,0.779005,-0.355730,-0.241423,0.600827,0.449888,0.000000,0.000000,0.000000,1,True,True,0.000000,0.000000,0.000000,0.000000,0.000000,0.000000,0.000000,0.000000,0.000000,True,0.000000,0.000000,0.000000,0.000000,0.000000,0.000000,-0.427345,2.427751,-1.111539,2.889933,-0.427345,2.427751,-1.111539,2.889933,0.000000,0.000000,0.000000,0.000000,0.000000,0.000000,0.000000,0.000000,-510.337463,503.000427,2047.567505,-494.033905,True,velocity,0.449888,0.449888,0.000000,0.000000,15.205310,False
11.800447852991056,-0.004000,1.324000,-1.706000,1.306000,-0.007000,0.005000,-0.006000,-0.048000,1.319000,1.654000,1.353000,0.008000,0.003000,0.007000,-0.026027,0.772084,0.147766,-0.617555,0.370940,-0.255194,0.605010,0.122373,-0.612830,-0.051139,0.779005,-0.355730,-0.241423,0.600827,-0.026027,0.772084,0.147766,-0.617555,0.370940,-0.255194,0.605010,0.122373,-0.612830,-0.051139,0.779005,-0.355730,-0.241423,0.600827,0.449888,0.000000,0.000000,0.000000,1,True,True,0.000000,0.000000,0.000000,0.000000,0.000000,0.000000,0.000000,0.000000,0.000000,True,0.000000,0.000000,0.000000,0.000000,0.000000,0.000000,-0.427461,2.427751,-1.111473,2.883490,-0.427461,2.427751,-1.111473,2.889933,0.000000,0.000000,0.000000,0.000000,0.000000,0.000000,0.000000,0.000000,-510.337463,503.000427,2047.567505,-494.033905,True,velocity,0.449888,0.449888,0.000000,0.000000,15.238655,False
11.834282819007058,-0.004000,1.324000,-1.706000,1.306000,-0.007000,0.005000,-0.006000,-0.048000,1.319000,1.654000,1.353000,0.008000,0.003000,0.007000,-0.026027,0.772084,0.147766,-0.617555,0.370940,-0.255194,0.605010,0.122373,-0.612830,-0.051139,0.779005,-0.355730,-0.241423,0.600827,-0.026027,0.772084,0.147766,-0.617555,0.370940,-0.255194,0.605010,0.122373,-0.612830,-0.051139,0.779005,-0.355730,-0.241423,0.600827,0.449888,0.000000,0.000000,0.000000,1,True,True,0.000000,0.000000,0.000000,0.000000,0.000000,0.000000,0.000000,0.000000,0.000000,True,0.000000,0.000000,0.000000,0.000000,0.000000,0.000000,-0.427345,2.427817,-1.111539,2.890020,-0.427461,2.427817,-1.111473,2.890586,0.000000,0.000000,0.000000,0.000000,0.000000,0.000000,0.000000,0.000000,-510.337463,503.000427,2047.567505,-494.033905,True,velocity,0.449888,0.449888,0.000000,0.000000,15.271597,False
11.871249568008352,-0.004000,1.324000,-1.706000,1.306000,-0.007000,0.005000,-0.006000,-0.048000,1.319000,1.654000,1.353000,0.008000,0.003000,0.007000,-0.026027,0.772084,0.147766,-0.617555,0.370940,-0.255194,0.605010,0.122373,-0.612830,-0.051139,0.779005,-0.355730,-0.241423,0.600827,-0.026027,0.772084,0.147766,-0.617555,0.370940,-0.255194,0.605010,0.122373,-0.612830,-0.051139,0.779005,-0.355730,-0.241423,0.600827,0.449888,0.000000,0.000000,0.000000,1,True,True,0.000000,0.000000,0.000000,0.000000,0.000000,0.000000,0.000000,0.000000,0.000000,True,0.000000,0.000000,0.000000,0.000000,0.000000,0.000000,-0.427461,2.427685,-1.111539,2.889933,-0.427461,2.427685,-1.111539,2.889933,0.000000,0.000000,0.000000,0.000000,0.000000,0.000000,0.000000,0.000000,-510.337463,503.000427,2047.567505,-494.033905,True,velocity,0.449888,0.449888,0.000000,0.000000,15.309436,False
11.903365392994601,-0.004000,1.324000,-1.706000,1.306000,-0.007000,0.005000,-0.006000,-0.048000,1.319000,1.654000,1.353000,0.008000,0.003000,0.007000,-0.026027,0.772084,0.147766,-0.617555,0.370940,-0.255194,0.605010,0.122373,-0.612830,-0.051139,0.779005,-0.355730,-0.241423,0.600827,-0.026027,0.772084,0.147766,-0.617555,0.370940,-0.255194,0.605010,0.122373,-0.612830,-0.051139,0.779005,-0.355730,-0.241423,0.600827,0.449888,0.000000,0.000000,0.000000,1,True,True,0.000000,0.000000,0.000000,0.000000,0.000000,0.000000,0.000000,0.000000,0.000000,True,0.000000,0.000000,0.000000,0.000000,0.000000,0.000000,-0.427461,2.427817,-1.111539,2.890499,-0.427461,2.427751,-1.111539,2.890499,0.000000,0.000000,0.000000,0.000000,0.000000,0.000000,0.000000,0.000000,-510.337463,503.000427,2047.567505,-494.033905,True,velocity,0.449888,0.449888,0.000000,0.000000,15.341494,False
11.937888966989703,-0.004000,1.324000,-1.706000,1.306000,-0.007000,0.005000,-0.006000,-0.048000,1.319000,1.654000,1.353000,0.008000,0.003000,0.007000,-0.026027,0.772084,0.147766,-0.617555,0.370940,-0.255194,0.605010,0.122373,-0.612830,-0.051139,0.779005,-0.355730,-0.241423,0.600827,-0.026027,0.772084,0.147766,-0.617555,0.370940,-0.255194,0.605010,0.122373,-0.612830,-0.051139,0.779005,-0.355730,-0.241423,0.600827,0.449888,0.000000,0.000000,0.000000,1,True,True,0.000000,0.000000,0.000000,0.000000,0.000000,0.000000,0.000000,0.000000,0.000000,True,0.000000,0.000000,0.000000,0.000000,0.000000,0.000000,-0.427345,2.427751,-1.111507,2.890499,-0.427345,2.427751,-1.111507,2.890499,0.000000,0.000000,0.000000,0.000000,0.000000,0.000000,0.000000,0.000000,-510.337463,503.000427,2047.567505,-494.033905,True,velocity,0.449888,0.449888,0.000000,0.000000,15.375829,False
11.970671547984239,-0.004000,1.324000,-1.706000,1.306000,-0.007000,0.005000,-0.006000,-0.048000,1.319000,1.654000,1.353000,0.008000,0.003000,0.007000,-0.026027,0.772084,0.147766,-0.617555,0.370940,-0.255194,0.605010,0.122373,-0.612830,-0.051139,0.779005,-0.355730,-0.241423,0.600827,-0.026027,0.772084,0.147766,-0.617555,0.370940,-0.255194,0.605010,0.122373,-0.612830,-0.051139,0.779005,-0.355730,-0.241423,0.600827,0.449888,0.000000,0.000000,0.000000,1,True,True,0.000000,0.000000,0.000000,0.000000,0.000000,0.000000,0.000000,0.000000,0.000000,True,0.000000,0.000000,0.000000,0.000000,0.000000,0.000000,-0.427987,2.427751,-1.112082,2.890411,-0.427987,2.427883,-1.112082,2.890411,0.000000,0.000000,0.000000,0.000000,0.000000,0.000000,0.000000,0.000000,-510.337463,503.000427,2047.567505,-494.033905,True,velocity,0.449888,0.449888,0.000000,0.000000,15.408807,False
12.002172301989049,-0.004000,1.324000,-1.706000,1.306000,-0.007000,0.005000,-0.006000,-0.048000,1.319000,1.654000,1.353000,0.008000,0.003000,0.007000,-0.026027,0.772084,0.147766,-0.617555,0.370940,-0.255194,0.605010,0.122373,-0.612830,-0.051139,0.779005,-0.355730,-0.241423,0.600827,-0.026027,0.772084,0.147766,-0.617555,0.370940,-0.255194,0.605010,0.122373,-0.612830,-0.051139,0.779005,-0.355730,-0.241423,0.600827,0.449888,0.000000,0.000000,0.000000,1,True,True,0.000000,0.000000,0.000000,0.000000,0.000000,0.000000,0.000000,0.000000,0.000000,True,0.000000,0.000000,0.000000,0.000000,0.000000,0.000000,-0.427345,2.427751,-1.111473,2.889933,-0.427345,2.427751,-1.111473,2.889933,0.000000,0.000000,0.000000,0.000000,0.000000,0.000000,0.000000,0.000000,-510.337463,503.000427,2047.567505,-494.033905,True,velocity,0.449888,0.449888,0.000000,0.000000,15.440397,False
12.041023208992556,-0.004000,1.324000,-1.706000,1.306000,-0.007000,0.005000,-0.006000,-0.048000,1.319000,1.654000,1.353000,0.008000,0.003000,0.007000,-0.026027,0.772084,0.147766,-0.617555,0.370940,-0.255194,0.605010,0.122373,-0.612830,-0.051139,0.779005,-0.355730,-0.241423,0.600827,-0.026027,0.772084,0.147766,-0.617555,0.370940,-0.255194,0.605010,0.122373,-0.612830,-0.051139,0.779005,-0.355730,-0.241423,0.600827,0.449888,0.000000,0.000000,0.000000,1,True,True,0.000000,0.000000,0.000000,0.000000,0.000000,0.000000,0.000000,0.000000,0.000000,True,0.000000,0.000000,0.000000,0.000000,0.000000,0.000000,-0.427987,2.427817,-1.111539,2.890499,-0.427987,2.427817,-1.111539,2.889933,0.000000,0.000000,0.000000,0.000000,0.000000,0.000000,0.000000,0.000000,-510.337463,503.000427,2047.567505,-494.033905,True,velocity,0.449888,0.449888,0.000000,0.000000,15.478440,False
12.06731591100106,-0.004000,1.324000,-1.706000,1.306000,-0.007000,0.005000,-0.006000,-0.048000,1.319000,1.654000,1.353000,0.008000,0.003000,0.007000,-0.026027,0.772084,0.147766,-0.617555,0.370940,-0.255194,0.605010,0.122373,-0.612830,-0.051139,0.779005,-0.355730,-0.241423,0.600827,-0.026027,0.772084,0.147766,-0.617555,0.370940,-0.255194,0.605010,0.122373,-0.612830,-0.051139,0.779005,-0.355730,-0.241423,0.600827,0.449888,0.000000,0.000000,0.000000,1,True,True,0.000000,0.000000,0.000000,0.000000,0.000000,0.000000,0.000000,0.000000,0.000000,True,0.000000,0.000000,0.000000,0.000000,0.000000,0.000000,-0.427461,2.427817,-1.111539,2.890499,-0.427461,2.427817,-1.111539,2.890499,0.000000,0.000000,0.000000,0.000000,0.000000,0.000000,0.000000,0.000000,-510.337463,503.000427,2047.567505,-494.033905,True,velocity,0.449888,0.449888,0.000000,0.000000,15.505473,False
12.100936859002104,-0.004000,1.324000,-1.706000,1.306000,-0.007000,0.005000,-0.006000,-0.048000,1.319000,1.654000,1.353000,0.008000,0.003000,0.007000,-0.026027,0.772084,0.147766,-0.617555,0.370940,-0.255194,0.605010,0.122373,-0.612830,-0.051139,0.779005,-0.355730,-0.241423,0.600827,-0.026027,0.772084,0.147766,-0.617555,0.370940,-0.255194,0.605010,0.122373,-0.612830,-0.051139,0.779005,-0.355730,-0.241423,0.600827,0.449888,0.000000,0.000000,0.000000,1,True,True,0.000000,0.000000,0.000000,0.000000,0.000000,0.000000,0.000000,0.000000,0.000000,True,0.000000,0.000000,0.000000,0.000000,0.000000,0.000000,-0.427345,2.427817,-1.111539,2.889933,-0.427870,2.427817,-1.111539,2.890499,0.000000,0.000000,0.000000,0.000000,0.000000,0.000000,0.000000,0.000000,-510.337463,503.000427,2047.567505,-494.033905,True,velocity,0.449888,0.449888,0.000000,0.000000,15.539200,False
12.13363849700545,-0.004000,1.324000,-1.706000,1.306000,-0.007000,0.005000,-0.006000,-0.048000,1.319000,1.654000,1.353000,0.008000,0.003000,0.007000,-0.026027,0.772084,0.147766,-0.617555,0.370940,-0.255194,0.605010,0.122373,-0.612830,-0.051139,0.779005,-0.355730,-0.241423,0.600827,-0.026027,0.772084,0.147766,-0.617555,0.370940,-0.255194,0.605010,0.122373,-0.612830,-0.051139,0.779005,-0.355730,-0.241423,0.600827,0.449888,0.000000,0.000000,0.000000,1,True,True,0.000000,0.000000,0.000000,0.000000,0.000000,0.000000,0.000000,0.000000,0.000000,True,0.000000,0.000000,0.000000,0.000000,0.000000,0.000000,-0.427870,2.427817,-1.111507,2.889933,-0.427870,2.427817,-1.111507,2.889933,0.000000,0.000000,0.000000,0.000000,0.000000,0.000000,0.000000,0.000000,-510.337463,503.000427,2047.567505,-494.033905,True,velocity,0.449888,0.449888,0.000000,0.000000,15.571840,False
12.16775727600907,-0.004000,1.324000,-1.706000,1.306000,-0.007000,0.005000,-0.006000,-0.048000,1.319000,1.654000,1.353000,0.008000,0.003000,0.007000,-0.026027,0.772084,0.147766,-0.617555,0.370940,-0.255194,0.605010,0.122373,-0.612830,-0.051139,0.779005,-0.355730,-0.241423,0.600827,-0.026027,0.772084,0.147766,-0.617555,0.370940,-0.255194,0.605010,0.122373,-0.612830,-0.051139,0.779005,-0.355730,-0.241423,0.600827,0.449888,0.000000,0.000000,0.000000,1,True,True,0.000000,0.000000,0.000000,0.000000,0.000000,0.000000,0.000000,0.000000,0.000000,True,0.000000,0.000000,0.000000,0.000000,0.000000,0.000000,-0.427987,2.427817,-1.111539,2.889846,-0.427987,2.427817,-1.111539,2.889846,0.000000,0.000000,0.000000,0.000000,0.000000,0.000000,0.000000,0.000000,-510.337463,503.000427,2047.567505,-494.033905,True,velocity,0.449888,0.449888,0.000000,0.000000,15.605883,False
12.202293923997786,-0.004000,1.324000,-1.706000,1.306000,-0.007000,0.005000,-0.006000,-0.048000,1.319000,1.654000,1.353000,0.008000,0.003000,0.007000,-0.026027,0.772084,0.147766,-0.617555,0.370940,-0.255194,0.605010,0.122373,-0.612830,-0.051139,0.779005,-0.355730,-0.241423,0.600827,-0.026027,0.772084,0.147766,-0.617555,0.370940,-0.255194,0.605010,0.122373,-0.612830,-0.051139,0.779005,-0.355730,-0.241423,0.600827,0.449888,0.000000,0.000000,0.000000,1,True,True,0.000000,0.000000,0.000000,0.000000,0.000000,0.000000,0.000000,0.000000,0.000000,True,0.000000,0.000000,0.000000,0.000000,0.000000,0.000000,-0.427461,2.427817,-1.111539,2.883970,-0.427345,2.427817,-1.111539,2.883970,0.000000,0.000000,0.000000,0.000000,0.000000,0.000000,0.000000,0.000000,-510.337463,503.000427,2047.567505,-494.033905,True,velocity,0.449888,0.449888,0.000000,0.000000,15.640528,False
12.235562910995213,-0.004000,1.324000,-1.706000,1.306000,-0.007000,0.005000,-0.006000,-0.048000,1.319000,1.654000,1.353000,0.008000,0.003000,0.007000,-0.026027,0.772084,0.147766,-0.617555,0.370940,-0.255194,0.605010,0.122373,-0.612830,-0.051139,0.779005,-0.355730,-0.241423,0.600827,-0.026027,0.772084,0.147766,-0.617555,0.370940,-0.255194,0.605010,0.122373,-0.612830,-0.051139,0.779005,-0.355730,-0.241423,0.600827,0.449888,0.000000,0.000000,0.000000,1,True,True,0.000000,0.000000,0.000000,0.000000,0.000000,0.000000,0.000000,0.000000,0.000000,True,0.000000,0.000000,0.000000,0.000000,0.000000,0.000000,-0.427345,2.427751,-1.111473,2.883970,-0.427461,2.427751,-1.111473,2.889933,0.000000,0.000000,0.000000,0.000000,0.000000,0.000000,0.000000,0.000000,-510.337463,503.000427,2047.567505,-494.033905,True,velocity,0.449888,0.449888,0.000000,0.000000,15.673704,False
12.26922652599751,-0.004000,1.324000,-1.706000,1.306000,-0.007000,0.005000,-0.006000,-0.048000,1.319000,1.654000,1.353000,0.008000,0.003000,0.007000,-0.026027,0.772084,0.147766,-0.617555,0.370940,-0.255194,0.605010,0.122373,-0.612830,-0.051139,0.779005,-0.355730,-0.241423,0.600827,-0.026027,0.772084,0.147766,-0.617555,0.370940,-0.255194,0.605010,0.122373,-0.612830,-0.051139,0.779005,-0.355730,-0.241423,0.600827,0.449888,0.000000,0.000000,0.000000,1,True,True,0.000000,0.000000,0.000000,0.000000,0.000000,0.000000,0.000000,0.000000,0.000000,True,0.000000,0.000000,0.000000,0.000000,0.000000,0.000000,-0.427345,2.427817,-1.111539,2.890499,-0.427345,2.427817,-1.111539,2.890499,0.000000,0.000000,0.000000,0.000000,0.000000,0.000000,0.000000,0.000000,-510.337463,503.000427,2047.567505,-494.033905,True,velocity,0.449888,0.449888,0.000000,0.000000,15.707143,False
12.302752307994524,-0.004000,1.324000,-1.706000,1.306000,-0.007000,0.005000,-0.006000,-0.048000,1.319000,1.654000,1.353000,0.008000,0.003000,0.007000,-0.026027,0.772084,0.147766,-0.617555,0.370940,-0.255194,0.605010,0.122373,-0.612830,-0.051139,0.779005,-0.355730,-0.241423,0.600827,-0.026027,0.772084,0.147766,-0.617555,0.370940,-0.255194,0.605010,0.122373,-0.612830,-0.051139,0.779005,-0.355730,-0.241423,0.600827,0.449888,0.000000,0.000000,0.000000,1,True,True,0.000000,0.000000,0.000000,0.000000,0.000000,0.000000,0.000000,0.000000,0.000000,True,0.000000,0.000000,0.000000,0.000000,0.000000,0.000000,-0.427229,2.427883,-1.111539,2.890020,-0.427345,2.427883,-1.111507,2.889933,0.000000,0.000000,0.000000,0.000000,0.000000,0.000000,0.000000,0.000000,-510.337463,503.000427,2047.567505,-494.033905,True,velocity,0.449888,0.449888,0.000000,0.000000,15.740694,False
12.33571957401,-0.004000,1.324000,-1.706000,1.306000,-0.007000,0.005000,-0.006000,-0.048000,1.319000,1.654000,1.353000,0.008000,0.003000,0.007000,-0.026027,0.772084,0.147766,-0.617555,0.370940,-0.255194,0.605010,0.122373,-0.612830,-0.051139,0.779005,-0.355730,-0.241423,0.600827,-0.026027,0.772084,0.147766,-0.617555,0.370940,-0.255194,0.605010,0.122373,-0.612830,-0.051139,0.779005,-0.355730,-0.241423,0.600827,0.449888,0.000000,0.000000,0.000000,1,True,True,0.000000,0.000000,0.000000,0.000000,0.000000,0.000000,0.000000,0.000000,0.000000,True,0.000000,0.000000,0.000000,0.000000,0.000000,0.000000,-0.427345,2.427817,-1.112148,2.889846,-0.427345,2.427817,-1.112148,2.889846,0.000000,0.000000,0.000000,0.000000,0.000000,0.000000,0.000000,0.000000,-510.337463,503.000427,2047.567505,-494.033905,True,velocity,0.449888,0.449888,0.000000,0.000000,15.773955,False
12.369733150000684,-0.004000,1.324000,-1.706000,1.306000,-0.007000,0.005000,-0.006000,-0.048000,1.319000,1.654000,1.353000,0.008000,0.003000,0.007000,-0.026027,0.772084,0.147766,-0.617555,0.370940,-0.255194,0.605010,0.122373,-0.612830,-0.051139,0.779005,-0.355730,-0.241423,0.600827,-0.026027,0.772084,0.147766,-0.617555,0.370940,-0.255194,0.605010,0.122373,-0.612830,-0.051139,0.779005,-0.355730,-0.241423,0.600827,0.449888,0.000000,0.000000,0.000000,1,True,True,0.000000,0.000000,0.000000,0.000000,0.000000,0.000000,0.000000,0.000000,0.000000,True,0.000000,0.000000,0.000000,0.000000,0.000000,0.000000,-0.427345,2.427883,-1.111573,2.890499,-0.427345,2.427883,-1.111573,2.890499,0.000000,0.000000,0.000000,0.000000,0.000000,0.000000,0.000000,0.000000,-510.337463,503.000427,2047.567505,-494.033905,True,velocity,0.449888,0.449888,0.000000,0.000000,15.807507,False
12.401705530995969,-0.004000,1.324000,-1.706000,1.306000,-0.007000,0.005000,-0.006000,-0.048000,1.319000,1.654000,1.353000,0.008000,0.003000,0.007000,-0.026027,0.772084,0.147766,-0.617555,0.370940,-0.255194,0.605010,0.122373,-0.612830,-0.051139,0.779005,-0.355730,-0.241423,0.600827,-0.026027,0.772084,0.147766,-0.617555,0.370940,-0.255194,0.605010,0.122373,-0.612830,-0.051139,0.779005,-0.355730,-0.241423,0.600827,0.449888,0.000000,0.000000,0.000000,1,True,True,0.000000,0.000000,0.000000,0.000000,0.000000,0.000000,0.000000,0.000000,0.000000,True,0.000000,0.000000,0.000000,0.000000,0.000000,0.000000,-0.427345,2.427751,-1.111507,2.883884,-0.427345,2.427751,-1.111473,2.890499,0.000000,0.000000,0.000000,0.000000,0.000000,0.000000,0.000000,0.000000,-510.337463,503.000427,2047.567505,-494.033905,True,velocity,0.449888,0.449888,0.000000,0.000000,15.839981,False
12.4344340020034,-0.004000,1.324000,-1.706000,1.306000,-0.007000,0.005000,-0.006000,-0.048000,1.319000,1.654000,1.353000,0.008000,0.003000,0.007000,-0.026027,0.772084,0.147766,-0.617555,0.370940,-0.255194,0.605010,0.122373,-0.612830,-0.051139,0.779005,-0.355730,-0.241423,0.600827,-0.026027,0.772084,0.147766,-0.617555,0.370940,-0.255194,0.605010,0.122373,-0.612830,-0.051139,0.779005,-0.355730,-0.241423,0.600827,0.449888,0.000000,0.000000,0.000000,1,True,True,0.000000,0.000000,0.000000,0.000000,0.000000,0.000000,0.000000,0.000000,0.000000,True,0.000000,0.000000,0.000000,0.000000,0.000000,0.000000,-0.427345,2.427817,-1.111539,2.890499,-0.427345,2.427817,-1.111539,2.889933,0.000000,0.000000,0.000000,0.000000,0.000000,0.000000,0.000000,0.000000,-510.337463,503.000427,2047.567505,-494.033905,True,velocity,0.449888,0.449888,0.000000,0.000000,15.872708,False
12.47018279301119,-0.004000,1.324000,-1.706000,1.306000,-0.007000,0.005000,-0.006000,-0.048000,1.319000,1.654000,1.353000,0.008000,0.003000,0.007000,-0.026027,0.772084,0.147766,-0.617555,0.370940,-0.255194,0.605010,0.122373,-0.612830,-0.051139,0.779005,-0.355730,-0.241423,0.600827,-0.026027,0.772084,0.147766,-0.617555,0.370940,-0.255194,0.605010,0.122373,-0.612830,-0.051139,0.779005,-0.355730,-0.241423,0.600827,0.449888,0.000000,0.000000,0.000000,1,True,True,0.000000,0.000000,0.000000,0.000000,0.000000,0.000000,0.000000,0.000000,0.000000,True,0.000000,0.000000,0.000000,0.000000,0.000000,0.000000,-0.427345,2.427751,-1.111539,2.890020,-0.427345,2.427751,-1.111539,2.890020,0.000000,0.000000,0.000000,0.000000,0.000000,0.000000,0.000000,0.000000,-510.337463,503.000427,2047.567505,-494.033905,True,velocity,0.449888,0.449888,0.000000,0.000000,15.907873,False
12.501328084996203,-0.004000,1.324000,-1.706000,1.306000,-0.007000,0.005000,-0.006000,-0.048000,1.319000,1.654000,1.353000,0.008000,0.003000,0.007000,-0.026027,0.772084,0.147766,-0.617555,0.370940,-0.255194,0.605010,0.122373,-0.612830,-0.051139,0.779005,-0.355730,-0.241423,0.600827,-0.026027,0.772084,0.147766,-0.617555,0.370940,-0.255194,0.605010,0.122373,-0.612830,-0.051139,0.779005,-0.355730,-0.241423,0.600827,0.449888,0.000000,0.000000,0.000000,1,True,True,0.000000,0.000000,0.000000,0.000000,0.000000,0.000000,0.000000,0.000000,0.000000,True,0.000000,0.000000,0.000000,0.000000,0.000000,0.000000,-0.427345,2.427817,-1.111539,2.889933,-0.427345,2.427817,-1.111539,2.890499,0.000000,0.000000,0.000000,0.000000,0.000000,0.000000,0.000000,0.000000,-510.337463,503.000427,2047.567505,-494.033905,True,velocity,0.449888,0.449888,0.000000,0.000000,15.939578,False
12.53506553301122,-0.004000,1.324000,-1.706000,1.306000,-0.007000,0.005000,-0.006000,-0.048000,1.319000,1.654000,1.353000,0.008000,0.003000,0.007000,-0.026027,0.772084,0.147766,-0.617555,0.370940,-0.255194,0.605010,0.122373,-0.612830,-0.051139,0.779005,-0.355730,-0.241423,0.600827,-0.026027,0.772084,0.147766,-0.617555,0.370940,-0.255194,0.605010,0.122373,-0.612830,-0.051139,0.779005,-0.355730,-0.241423,0.600827,0.449888,0.000000,0.000000,0.000000,1,True,True,0.000000,0.000000,0.000000,0.000000,0.000000,0.000000,0.000000,0.000000,0.000000,True,0.000000,0.000000,0.000000,0.000000,0.000000,0.000000,-0.427461,2.427817,-1.111539,2.890499,-0.427461,2.427817,-1.111539,2.890499,0.000000,0.000000,0.000000,0.000000,0.000000,0.000000,0.000000,0.000000,-510.337463,503.000427,2047.567505,-494.033905,True,velocity,0.449888,0.449888,0.000000,0.000000,15.973341,False
12.5681987979915,-0.004000,1.324000,-1.706000,1.306000,-0.007000,0.005000,-0.006000,-0.048000,1.319000,1.654000,1.353000,0.008000,0.003000,0.007000,-0.026027,0.772084,0.147766,-0.617555,0.370940,-0.255194,0.605010,0.122373,-0.612830,-0.051139,0.779005,-0.355730,-0.241423,0.600827,-0.026027,0.772084,0.147766,-0.617555,0.370940,-0.255194,0.605010,0.122373,-0.612830,-0.051139,0.779005,-0.355730,-0.241423,0.600827,0.449888,0.000000,0.000000,0.000000,1,True,True,0.000000,0.000000,0.000000,0.000000,0.000000,0.000000,0.000000,0.000000,0.000000,True,0.000000,0.000000,0.000000,0.000000,0.000000,0.000000,-0.427345,2.427817,-1.111539,2.890499,-0.427345,2.427817,-1.111539,2.890499,0.000000,0.000000,0.000000,0.000000,0.000000,0.000000,0.000000,0.000000,-510.337463,503.000427,2047.567505,-494.033905,True,velocity,0.449888,0.449888,0.000000,0.000000,16.006399,False
12.602185430005193,-0.004000,1.324000,-1.706000,1.306000,-0.007000,0.005000,-0.006000,-0.048000,1.319000,1.654000,1.353000,0.008000,0.003000,0.007000,-0.026027,0.772084,0.147766,-0.617555,0.370940,-0.255194,0.605010,0.122373,-0.612830,-0.051139,0.779005,-0.355730,-0.241423,0.600827,-0.026027,0.772084,0.147766,-0.617555,0.370940,-0.255194,0.605010,0.122373,-0.612830,-0.051139,0.779005,-0.355730,-0.241423,0.600827,0.449888,0.000000,0.000000,0.000000,1,True,True,0.000000,0.000000,0.000000,0.000000,0.000000,0.000000,0.000000,0.000000,0.000000,True,0.000000,0.000000,0.000000,0.000000,0.000000,0.000000,-0.427345,2.427817,-1.111539,2.890411,-0.427345,2.427817,-1.111539,2.890411,0.000000,0.000000,0.000000,0.000000,0.000000,0.000000,0.000000,0.000000,-510.337463,503.000427,2047.567505,-494.033905,True,velocity,0.449888,0.449888,0.000000,0.000000,16.040309,False
12.636204320995603,-0.004000,1.324000,-1.706000,1.306000,-0.007000,0.005000,-0.006000,-0.048000,1.319000,1.654000,1.353000,0.008000,0.003000,0.007000,-0.026027,0.772084,0.147766,-0.617555,0.370940,-0.255194,0.605010,0.122373,-0.612830,-0.051139,0.779005,-0.355730,-0.241423,0.600827,-0.026027,0.772084,0.147766,-0.617555,0.370940,-0.255194,0.605010,0.122373,-0.612830,-0.051139,0.779005,-0.355730,-0.241423,0.600827,0.449888,0.000000,0.000000,0.000000,1,True,True,0.000000,0.000000,0.000000,0.000000,0.000000,0.000000,0.000000,0.000000,0.000000,True,0.000000,0.000000,0.000000,0.000000,0.000000,0.000000,-0.427345,2.427751,-1.111539,2.883970,-0.427345,2.427751,-1.111539,2.883970,0.000000,0.000000,0.000000,0.000000,0.000000,0.000000,0.000000,0.000000,-510.337463,503.000427,2047.567505,-494.033905,True,velocity,0.449888,0.449888,0.000000,0.000000,16.074352,False
12.669967027002713,-0.004000,1.324000,-1.706000,1.306000,-0.007000,0.005000,-0.006000,-0.048000,1.319000,1.654000,1.353000,0.008000,0.003000,0.007000,-0.026027,0.772084,0.147766,-0.617555,0.370940,-0.255194,0.605010,0.122373,-0.612830,-0.051139,0.779005,-0.355730,-0.241423,0.600827,-0.026027,0.772084,0.147766,-0.617555,0.370940,-0.255194,0.605010,0.122373,-0.612830,-0.051139,0.779005,-0.355730,-0.241423,0.600827,0.449888,0.000000,0.000000,0.000000,1,True,True,0.000000,0.000000,0.000000,0.000000,0.000000,0.000000,0.000000,0.000000,0.000000,True,0.000000,0.000000,0.000000,0.000000,0.000000,0.000000,-0.427345,2.427751,-1.111539,2.889933,-0.427345,2.427751,-1.111539,2.889933,0.000000,0.000000,0.000000,0.000000,0.000000,0.000000,0.000000,0.000000,-510.337463,503.000427,2047.567505,-494.033905,True,velocity,0.449888,0.449888,0.000000,0.000000,16.108174,False
12.703516309004044,-0.004000,1.324000,-1.706000,1.306000,-0.007000,0.005000,-0.006000,-0.048000,1.319000,1.654000,1.353000,0.008000,0.003000,0.007000,-0.026027,0.772084,0.147766,-0.617555,0.370940,-0.255194,0.605010,0.122373,-0.612830,-0.051139,0.779005,-0.355730,-0.241423,0.600827,-0.026027,0.772084,0.147766,-0.617555,0.370940,-0.255194,0.605010,0.122373,-0.612830,-0.051139,0.779005,-0.355730,-0.241423,0.600827,0.449888,0.000000,0.000000,0.000000,1,True,True,0.000000,0.000000,0.000000,0.000000,0.000000,0.000000,0.000000,0.000000,0.000000,True,0.000000,0.000000,0.000000,0.000000,0.000000,0.000000,-0.427345,2.427751,-1.111539,2.889933,-0.427345,2.427817,-1.111539,2.889933,0.000000,0.000000,0.000000,0.000000,0.000000,0.000000,0.000000,0.000000,-510.337463,503.000427,2047.567505,-494.033905,True,velocity,0.449888,0.449888,0.000000,0.000000,16.141555,False
12.736469094001222,-0.004000,1.324000,-1.706000,1.306000,-0.007000,0.005000,-0.006000,-0.048000,1.319000,1.654000,1.353000,0.008000,0.003000,0.007000,-0.026027,0.772084,0.147766,-0.617555,0.370940,-0.255194,0.605010,0.122373,-0.612830,-0.051139,0.779005,-0.355730,-0.241423,0.600827,-0.026027,0.772084,0.147766,-0.617555,0.370940,-0.255194,0.605010,0.122373,-0.612830,-0.051139,0.779005,-0.355730,-0.241423,0.600827,0.449888,0.000000,0.000000,0.000000,1,True,True,0.000000,0.000000,0.000000,0.000000,0.000000,0.000000,0.000000,0.000000,0.000000,True,0.000000,0.000000,0.000000,0.000000,0.000000,0.000000,-0.427345,2.427751,-1.111539,2.890499,-0.427345,2.427751,-1.111539,2.889846,0.000000,0.000000,0.000000,0.000000,0.000000,0.000000,0.000000,0.000000,-510.337463,503.000427,2047.567505,-494.033905,True,velocity,0.449888,0.449888,0.000000,0.000000,16.174597,False
12.768447937996825,-0.004000,1.324000,-1.706000,1.306000,-0.007000,0.005000,-0.006000,-0.048000,1.319000,1.654000,1.353000,0.008000,0.003000,0.007000,-0.026027,0.772084,0.147766,-0.617555,0.370940,-0.255194,0.605010,0.122373,-0.612830,-0.051139,0.779005,-0.355730,-0.241423,0.600827,-0.026027,0.772084,0.147766,-0.617555,0.370940,-0.255194,0.605010,0.122373,-0.612830,-0.051139,0.779005,-0.355730,-0.241423,0.600827,0.449888,0.000000,0.000000,0.000000,1,True,True,0.000000,0.000000,0.000000,0.000000,0.000000,0.000000,0.000000,0.000000,0.000000,True,0.000000,0.000000,0.000000,0.000000,0.000000,0.000000,-0.427461,2.427751,-1.111473,2.889846,-0.427461,2.427751,-1.111507,2.889846,0.000000,0.000000,0.000000,0.000000,0.000000,0.000000,0.000000,0.000000,-510.337463,503.000427,2047.567505,-494.033905,True,velocity,0.449888,0.449888,0.000000,0.000000,16.206642,False
12.80232203300693,-0.004000,1.324000,-1.706000,1.306000,-0.007000,0.005000,-0.006000,-0.048000,1.319000,1.654000,1.353000,0.008000,0.003000,0.007000,-0.026027,0.772084,0.147766,-0.617555,0.370940,-0.255194,0.605010,0.122373,-0.612830,-0.051139,0.779005,-0.355730,-0.241423,0.600827,-0.026027,0.772084,0.147766,-0.617555,0.370940,-0.255194,0.605010,0.122373,-0.612830,-0.051139,0.779005,-0.355730,-0.241423,0.600827,0.449888,0.000000,0.000000,0.000000,1,True,True,0.000000,0.000000,0.000000,0.000000,0.000000,0.000000,0.000000,0.000000,0.000000,True,0.000000,0.000000,0.000000,0.000000,0.000000,0.000000,-0.427229,2.427751,-1.111573,2.890411,-0.427870,2.427751,-1.111507,2.890411,0.000000,0.000000,0.000000,0.000000,0.000000,0.000000,0.000000,0.000000,-510.337463,503.000427,2047.567505,-494.033905,True,velocity,0.449888,0.449888,0.000000,0.000000,16.240599,False
12.837325364002027,-0.004000,1.324000,-1.706000,1.306000,-0.007000,0.005000,-0.006000,-0.048000,1.319000,1.654000,1.353000,0.008000,0.003000,0.007000,-0.026027,0.772084,0.147766,-0.617555,0.370940,-0.255194,0.605010,0.122373,-0.612830,-0.051139,0.779005,-0.355730,-0.241423,0.600827,-0.026027,0.772084,0.147766,-0.617555,0.370940,-0.255194,0.605010,0.122373,-0.612830,-0.051139,0.779005,-0.355730,-0.241423,0.600827,0.449888,0.000000,0.000000,0.000000,1,True,True,0.000000,0.000000,0.000000,0.000000,0.000000,0.000000,0.000000,0.000000,0.000000,True,0.000000,0.000000,0.000000,0.000000,0.000000,0.000000,-0.427345,2.427751,-1.111507,2.890499,-0.427345,2.427751,-1.111507,2.890499,0.000000,0.000000,0.000000,0.000000,0.000000,0.000000,0.000000,0.000000,-510.337463,503.000427,2047.567505,-494.033905,True,velocity,0.449888,0.449888,0.000000,0.000000,16.275336,False
12.872973563004052,-0.004000,1.324000,-1.706000,1.306000,-0.007000,0.005000,-0.006000,-0.048000,1.319000,1.654000,1.353000,0.008000,0.003000,0.007000,-0.026027,0.772084,0.147766,-0.617555,0.370940,-0.255194,0.605010,0.122373,-0.612830,-0.051139,0.779005,-0.355730,-0.241423,0.600827,-0.026027,0.772084,0.147766,-0.617555,0.370940,-0.255194,0.605010,0.122373,-0.612830,-0.051139,0.779005,-0.355730,-0.241423,0.600827,0.449888,0.000000,0.000000,0.000000,1,True,True,0.000000,0.000000,0.000000,0.000000,0.000000,0.000000,0.000000,0.000000,0.000000,True,0.000000,0.000000,0.000000,0.000000,0.000000,0.000000,-0.427229,2.427751,-1.111507,2.890499,-0.427229,2.427751,-1.111507,2.890499,0.000000,0.000000,0.000000,0.000000,0.000000,0.000000,0.000000,0.000000,-510.337463,503.000427,2047.567505,-494.033905,True,velocity,0.449888,0.449888,0.000000,0.000000,16.311168,False
12.903138952009613,-0.004000,1.324000,-1.706000,1.306000,-0.007000,0.005000,-0.006000,-0.048000,1.319000,1.654000,1.353000,0.008000,0.003000,0.007000,-0.026027,0.772084,0.147766,-0.617555,0.370940,-0.255194,0.605010,0.122373,-0.612830,-0.051139,0.779005,-0.355730,-0.241423,0.600827,-0.026027,0.772084,0.147766,-0.617555,0.370940,-0.255194,0.605010,0.122373,-0.612830,-0.051139,0.779005,-0.355730,-0.241423,0.600827,0.449888,0.000000,0.000000,0.000000,1,True,True,0.000000,0.000000,0.000000,0.000000,0.000000,0.000000,0.000000,0.000000,0.000000,True,0.000000,0.000000,0.000000,0.000000,0.000000,0.000000,-0.427345,2.427751,-1.111473,2.883970,-0.427229,2.427751,-1.111507,2.890020,0.000000,0.000000,0.000000,0.000000,0.000000,0.000000,0.000000,0.000000,-510.337463,503.000427,2047.567505,-494.033905,True,velocity,0.449888,0.449888,0.000000,0.000000,16.341325,False
12.939661313983379,-0.004000,1.324000,-1.706000,1.306000,-0.007000,0.005000,-0.006000,-0.048000,1.319000,1.654000,1.353000,0.008000,0.003000,0.007000,-0.026027,0.772084,0.147766,-0.617555,0.370940,-0.255194,0.605010,0.122373,-0.612830,-0.051139,0.779005,-0.355730,-0.241423,0.600827,-0.026027,0.772084,0.147766,-0.617555,0.370940,-0.255194,0.605010,0.122373,-0.612830,-0.051139,0.779005,-0.355730,-0.241423,0.600827,0.449888,0.000000,0.000000,0.000000,1,True,True,0.000000,0.000000,0.000000,0.000000,0.000000,0.000000,0.000000,0.000000,0.000000,True,0.000000,0.000000,0.000000,0.000000,0.000000,0.000000,-0.427229,2.427751,-1.111539,2.890586,-0.427229,2.427751,-1.111507,2.889933,0.000000,0.000000,0.000000,0.000000,0.000000,0.000000,0.000000,0.000000,-510.337463,503.000427,2047.567505,-494.033905,True,velocity,0.449888,0.449888,0.000000,0.000000,16.376979,False
12.969525296997745,-0.004000,1.324000,-1.706000,1.306000,-0.007000,0.005000,-0.006000,-0.048000,1.319000,1.654000,1.353000,0.008000,0.003000,0.007000,-0.026027,0.772084,0.147766,-0.617555,0.370940,-0.255194,0.605010,0.122373,-0.612830,-0.051139,0.779005,-0.355730,-0.241423,0.600827,-0.026027,0.772084,0.147766,-0.617555,0.370940,-0.255194,0.605010,0.122373,-0.612830,-0.051139,0.779005,-0.355730,-0.241423,0.600827,0.449888,0.000000,0.000000,0.000000,1,True,True,0.000000,0.000000,0.000000,0.000000,0.000000,0.000000,0.000000,0.000000,0.000000,True,0.000000,0.000000,0.000000,0.000000,0.000000,0.000000,-0.427345,2.427751,-1.111473,2.889933,-0.427345,2.427751,-1.111473,2.889933,0.000000,0.000000,0.000000,0.000000,0.000000,0.000000,0.000000,0.000000,-510.337463,503.000427,2047.567505,-494.033905,True,velocity,0.449888,0.449888,0.000000,0.000000,16.407783,False
13.004037629987579,-0.004000,1.324000,-1.706000,1.306000,-0.007000,0.005000,-0.006000,-0.048000,1.319000,1.654000,1.353000,0.008000,0.003000,0.007000,-0.026027,0.772084,0.147766,-0.617555,0.370940,-0.255194,0.605010,0.122373,-0.612830,-0.051139,0.779005,-0.355730,-0.241423,0.600827,-0.026027,0.772084,0.147766,-0.617555,0.370940,-0.255194,0.605010,0.122373,-0.612830,-0.051139,0.779005,-0.355730,-0.241423,0.600827,0.449888,0.000000,0.000000,0.000000,1,True,True,0.000000,0.000000,0.000000,0.000000,0.000000,0.000000,0.000000,0.000000,0.000000,True,0.000000,0.000000,0.000000,0.000000,0.000000,0.000000,-0.427345,2.427817,-1.111507,2.889933,-0.427345,2.427685,-1.111507,2.889933,0.000000,0.000000,0.000000,0.000000,0.000000,0.000000,0.000000,0.000000,-510.337463,503.000427,2047.567505,-494.033905,True,velocity,0.449888,0.449888,0.000000,0.000000,16.441957,False
13.037431856995681,-0.004000,1.324000,-1.706000,1.306000,-0.007000,0.005000,-0.006000,-0.048000,1.319000,1.654000,1.353000,0.008000,0.003000,0.007000,-0.026027,0.772084,0.147766,-0.617555,0.370940,-0.255194,0.605010,0.122373,-0.612830,-0.051139,0.779005,-0.355730,-0.241423,0.600827,-0.026027,0.772084,0.147766,-0.617555,0.370940,-0.255194,0.605010,0.122373,-0.612830,-0.051139,0.779005,-0.355730,-0.241423,0.600827,0.449888,0.000000,0.000000,0.000000,1,True,True,0.000000,0.000000,0.000000,0.000000,0.000000,0.000000,0.000000,0.000000,0.000000,True,0.000000,0.000000,0.000000,0.000000,0.000000,0.000000,-0.427345,2.427685,-1.111473,2.889933,-0.427345,2.427685,-1.111473,2.889933,0.000000,0.000000,0.000000,0.000000,0.000000,0.000000,0.000000,0.000000,-510.337463,503.000427,2047.567505,-494.033905,True,velocity,0.449888,0.449888,0.000000,0.000000,16.475550,False
13.07292779700947,-0.004000,1.324000,-1.706000,1.306000,-0.007000,0.005000,-0.006000,-0.048000,1.319000,1.654000,1.353000,0.008000,0.003000,0.007000,-0.026027,0.772084,0.147766,-0.617555,0.370940,-0.255194,0.605010,0.122373,-0.612830,-0.051139,0.779005,-0.355730,-0.241423,0.600827,-0.026027,0.772084,0.147766,-0.617555,0.370940,-0.255194,0.605010,0.122373,-0.612830,-0.051139,0.779005,-0.355730,-0.241423,0.600827,0.449888,0.000000,0.000000,0.000000,1,True,True,0.000000,0.000000,0.000000,0.000000,0.000000,0.000000,0.000000,0.000000,0.000000,True,0.000000,0.000000,0.000000,0.000000,0.000000,0.000000,-0.427870,2.427817,-1.112115,2.889933,-0.427870,2.427817,-1.112115,2.889933,0.000000,0.000000,0.000000,0.000000,0.000000,0.000000,0.000000,0.000000,-510.337463,503.000427,2047.567505,-494.033905,True,velocity,0.449888,0.449888,0.000000,0.000000,16.510745,False
13.104089255997678,-0.004000,1.324000,-1.706000,1.306000,-0.007000,0.005000,-0.006000,-0.048000,1.319000,1.654000,1.353000,0.008000,0.003000,0.007000,-0.026027,0.772084,0.147766,-0.617555,0.370940,-0.255194,0.605010,0.122373,-0.612830,-0.051139,0.779005,-0.355730,-0.241423,0.600827,-0.026027,0.772084,0.147766,-0.617555,0.370940,-0.255194,0.605010,0.122373,-0.612830,-0.051139,0.779005,-0.355730,-0.241423,0.600827,0.449888,0.000000,0.000000,0.000000,1,True,True,0.000000,0.000000,0.000000,0.000000,0.000000,0.000000,0.000000,0.000000,0.000000,True,0.000000,0.000000,0.000000,0.000000,0.000000,0.000000,-0.427754,2.427817,-1.111473,2.889933,-0.427870,2.427817,-1.111473,2.889933,0.000000,0.000000,0.000000,0.000000,0.000000,0.000000,0.000000,0.000000,-510.337463,503.000427,2047.567505,-494.033905,True,velocity,0.449888,0.449888,0.000000,0.000000,16.542305,False
13.137667648989009,-0.004000,1.324000,-1.706000,1.306000,-0.007000,0.005000,-0.006000,-0.048000,1.319000,1.654000,1.353000,0.008000,0.003000,0.007000,-0.026027,0.772084,0.147766,-0.617555,0.370940,-0.255194,0.605010,0.122373,-0.612830,-0.051139,0.779005,-0.355730,-0.241423,0.600827,-0.026027,0.772084,0.147766,-0.617555,0.370940,-0.255194,0.605010,0.122373,-0.612830,-0.051139,0.779005,-0.355730,-0.241423,0.600827,0.449888,0.000000,0.000000,0.000000,1,True,True,0.000000,0.000000,0.000000,0.000000,0.000000,0.000000,0.000000,0.000000,0.000000,True,0.000000,0.000000,0.000000,0.000000,0.000000,0.000000,-0.427229,2.427685,-1.111473,2.889933,-0.427754,2.427751,-1.111539,2.889933,0.000000,0.000000,0.000000,0.000000,0.000000,0.000000,0.000000,0.000000,-510.337463,503.000427,2047.567505,-494.033905,True,velocity,0.449888,0.449888,0.000000,0.000000,16.575841,False
13.171544521988835,-0.004000,1.324000,-1.706000,1.306000,-0.007000,0.005000,-0.006000,-0.048000,1.319000,1.654000,1.353000,0.008000,0.003000,0.007000,-0.026027,0.772084,0.147766,-0.617555,0.370940,-0.255194,0.605010,0.122373,-0.612830,-0.051139,0.779005,-0.355730,-0.241423,0.600827,-0.026027,0.772084,0.147766,-0.617555,0.370940,-0.255194,0.605010,0.122373,-0.612830,-0.051139,0.779005,-0.355730,-0.241423,0.600827,0.449888,0.000000,0.000000,0.000000,1,True,True,0.000000,0.000000,0.000000,0.000000,0.000000,0.000000,0.000000,0.000000,0.000000,True,0.000000,0.000000,0.000000,0.000000,0.000000,0.000000,-0.427870,2.427685,-1.112115,2.889933,-0.427870,2.427685,-1.112115,2.889933,0.000000,0.000000,0.000000,0.000000,0.000000,0.000000,0.000000,0.000000,-510.337463,503.000427,2047.567505,-494.033905,True,velocity,0.449888,0.449888,0.000000,0.000000,16.609810,False
13.203116460994352,-0.004000,1.324000,-1.706000,1.306000,-0.007000,0.005000,-0.006000,-0.048000,1.319000,1.654000,1.353000,0.008000,0.003000,0.007000,-0.026027,0.772084,0.147766,-0.617555,0.370940,-0.255194,0.605010,0.122373,-0.612830,-0.051139,0.779005,-0.355730,-0.241423,0.600827,-0.026027,0.772084,0.147766,-0.617555,0.370940,-0.255194,0.605010,0.122373,-0.612830,-0.051139,0.779005,-0.355730,-0.241423,0.600827,0.449888,0.000000,0.000000,0.000000,1,True,True,0.000000,0.000000,0.000000,0.000000,0.000000,0.000000,0.000000,0.000000,0.000000,True,0.000000,0.000000,0.000000,0.000000,0.000000,0.000000,-0.427345,2.427751,-1.112115,2.889933,-0.427345,2.427751,-1.112115,2.889933,0.000000,0.000000,0.000000,0.000000,0.000000,0.000000,0.000000,0.000000,-510.337463,503.000427,2047.567505,-494.033905,True,velocity,0.449888,0.449888,0.000000,0.000000,16.641160,False
13.236539687990444,-0.004000,1.324000,-1.706000,1.306000,-0.007000,0.005000,-0.006000,-0.048000,1.319000,1.654000,1.353000,0.008000,0.003000,0.007000,-0.026027,0.772084,0.147766,-0.617555,0.370940,-0.255194,0.605010,0.122373,-0.612830,-0.051139,0.779005,-0.355730,-0.241423,0.600827,-0.026027,0.772084,0.147766,-0.617555,0.370940,-0.255194,0.605010,0.122373,-0.612830,-0.051139,0.779005,-0.355730,-0.241423,0.600827,0.449888,0.000000,0.000000,0.000000,1,True,True,0.000000,0.000000,0.000000,0.000000,0.000000,0.000000,0.000000,0.000000,0.000000,True,0.000000,0.000000,0.000000,0.000000,0.000000,0.000000,-0.427345,2.427685,-1.112115,2.889846,-0.427345,2.427685,-1.112115,2.884057,0.000000,0.000000,0.000000,0.000000,0.000000,0.000000,0.000000,0.000000,-510.337463,503.000427,2047.567505,-494.033905,True,velocity,0.449888,0.449888,0.000000,0.000000,16.674808,False
13.269634544994915,-0.004000,1.324000,-1.706000,1.306000,-0.007000,0.005000,-0.006000,-0.048000,1.319000,1.654000,1.353000,0.008000,0.003000,0.007000,-0.026027,0.772084,0.147766,-0.617555,0.370940,-0.255194,0.605010,0.122373,-0.612830,-0.051139,0.779005,-0.355730,-0.241423,0.600827,-0.026027,0.772084,0.147766,-0.617555,0.370940,-0.255194,0.605010,0.122373,-0.612830,-0.051139,0.779005,-0.355730,-0.241423,0.600827,0.449888,0.000000,0.000000,0.000000,1,True,True,0.000000,0.000000,0.000000,0.000000,0.000000,0.000000,0.000000,0.000000,0.000000,True,0.000000,0.000000,0.000000,0.000000,0.000000,0.000000,-0.427461,2.427685,-1.112115,2.884057,-0.427461,2.427685,-1.112115,2.884057,0.000000,0.000000,0.000000,0.000000,0.000000,0.000000,0.000000,0.000000,-510.337463,503.000427,2047.567505,-494.033905,True,velocity,0.449888,0.449888,0.000000,0.000000,16.707788,False
13.303673362010159,-0.004000,1.324000,-1.706000,1.306000,-0.007000,0.005000,-0.006000,-0.048000,1.319000,1.654000,1.353000,0.008000,0.003000,0.007000,-0.026027,0.772084,0.147766,-0.617555,0.370940,-0.255194,0.605010,0.122373,-0.612830,-0.051139,0.779005,-0.355730,-0.241423,0.600827,-0.026027,0.772084,0.147766,-0.617555,0.370940,-0.255194,0.605010,0.122373,-0.612830,-0.051139,0.779005,-0.355730,-0.241423,0.600827,0.449888,0.000000,0.000000,0.000000,1,True,True,0.000000,0.000000,0.000000,0.000000,0.000000,0.000000,0.000000,0.000000,0.000000,True,0.000000,0.000000,0.000000,0.000000,0.000000,0.000000,-0.427754,2.427685,-1.112115,2.883970,-0.427754,2.427685,-1.112115,2.889846,0.000000,0.000000,0.000000,0.000000,0.000000,0.000000,0.000000,0.000000,-510.337463,503.000427,2047.567505,-494.033905,True,velocity,0.449888,0.449888,0.000000,0.000000,16.741637,False
13.336209851986496,-0.004000,1.324000,-1.706000,1.306000,-0.007000,0.005000,-0.006000,-0.048000,1.319000,1.654000,1.353000,0.008000,0.003000,0.007000,-0.026027,0.772084,0.147766,-0.617555,0.370940,-0.255194,0.605010,0.122373,-0.612830,-0.051139,0.779005,-0.355730,-0.241423,0.600827,-0.026027,0.772084,0.147766,-0.617555,0.370940,-0.255194,0.605010,0.122373,-0.612830,-0.051139,0.779005,-0.355730,-0.241423,0.600827,0.449888,0.000000,0.000000,0.000000,1,True,True,0.000000,0.000000,0.000000,0.000000,0.000000,0.000000,0.000000,0.000000,0.000000,True,0.000000,0.000000,0.000000,0.000000,0.000000,0.000000,-0.427345,2.427685,-1.112148,2.890411,-0.427870,2.427685,-1.111539,2.890411,0.000000,0.000000,0.000000,0.000000,0.000000,0.000000,0.000000,0.000000,-510.337463,503.000427,2047.567505,-494.033905,True,velocity,0.449888,0.449888,0.000000,0.000000,16.774479,False
13.370274891000008,-0.004000,1.324000,-1.706000,1.306000,-0.007000,0.005000,-0.006000,-0.048000,1.319000,1.654000,1.353000,0.008000,0.003000,0.007000,-0.026027,0.772084,0.147766,-0.617555,0.370940,-0.255194,0.605010,0.122373,-0.612830,-0.051139,0.779005,-0.355730,-0.241423,0.600827,-0.026027,0.772084,0.147766,-0.617555,0.370940,-0.255194,0.605010,0.122373,-0.612830,-0.051139,0.779005,-0.355730,-0.241423,0.600827,0.449888,0.000000,0.000000,0.000000,1,True,True,0.000000,0.000000,0.000000,0.000000,0.000000,0.000000,0.000000,0.000000,0.000000,True,0.000000,0.000000,0.000000,0.000000,0.000000,0.000000,-0.427229,2.427685,-1.111473,2.890411,-0.427229,2.427685,-1.111507,2.883970,0.000000,0.000000,0.000000,0.000000,0.000000,0.000000,0.000000,0.000000,-510.337463,503.000427,2047.567505,-494.033905,True,velocity,0.449888,0.449888,0.000000,0.000000,16.808513,False
13.403047879983205,-0.004000,1.324000,-1.706000,1.306000,-0.007000,0.005000,-0.006000,-0.048000,1.319000,1.654000,1.353000,0.008000,0.003000,0.007000,-0.026027,0.772084,0.147766,-0.617555,0.370940,-0.255194,0.605010,0.122373,-0.612830,-0.051139,0.779005,-0.355730,-0.241423,0.600827,-0.026027,0.772084,0.147766,-0.617555,0.370940,-0.255194,0.605010,0.122373,-0.612830,-0.051139,0.779005,-0.355730,-0.241423,0.600827,0.449888,0.000000,0.000000,0.000000,1,True,True,0.000000,0.000000,0.000000,0.000000,0.000000,0.000000,0.000000,0.000000,0.000000,True,0.000000,0.000000,0.000000,0.000000,0.000000,0.000000,-0.427870,2.427685,-1.111507,2.883970,-0.427345,2.427685,-1.112115,2.883970,0.000000,0.000000,0.000000,0.000000,0.000000,0.000000,0.000000,0.000000,-510.337463,503.000427,2047.567505,-494.033905,True,velocity,0.449888,0.449888,0.000000,0.000000,16.841317,False
13.43707391899079,-0.004000,1.324000,-1.706000,1.306000,-0.007000,0.005000,-0.006000,-0.048000,1.319000,1.654000,1.353000,0.008000,0.003000,0.007000,-0.026027,0.772084,0.147766,-0.617555,0.370940,-0.255194,0.605010,0.122373,-0.612830,-0.051139,0.779005,-0.355730,-0.241423,0.600827,-0.026027,0.772084,0.147766,-0.617555,0.370940,-0.255194,0.605010,0.122373,-0.612830,-0.051139,0.779005,-0.355730,-0.241423,0.600827,0.449888,0.000000,0.000000,0.000000,1,True,True,0.000000,0.000000,0.000000,0.000000,0.000000,0.000000,0.000000,0.000000,0.000000,True,0.000000,0.000000,0.000000,0.000000,0.000000,0.000000,-0.427870,2.427685,-1.111539,2.884536,-0.427870,2.427685,-1.111539,2.884536,0.000000,0.000000,0.000000,0.000000,0.000000,0.000000,0.000000,0.000000,-510.337463,503.000427,2047.567505,-494.033905,True,velocity,0.449888,0.449888,0.000000,0.000000,16.875188,False
13.469777130987495,-0.004000,1.324000,-1.706000,1.306000,-0.007000,0.005000,-0.006000,-0.048000,1.319000,1.654000,1.353000,0.008000,0.003000,0.007000,-0.026027,0.772084,0.147766,-0.617555,0.370940,-0.255194,0.605010,0.122373,-0.612830,-0.051139,0.779005,-0.355730,-0.241423,0.600827,-0.026027,0.772084,0.147766,-0.617555,0.370940,-0.255194,0.605010,0.122373,-0.612830,-0.051139,0.779005,-0.355730,-0.241423,0.600827,0.449888,0.000000,0.000000,0.000000,1,True,True,0.000000,0.000000,0.000000,0.000000,0.000000,0.000000,0.000000,0.000000,0.000000,True,0.000000,0.000000,0.000000,0.000000,0.000000,0.000000,-0.427345,2.427685,-1.111473,2.889846,-0.427345,2.427685,-1.111473,2.889846,0.000000,0.000000,0.000000,0.000000,0.000000,0.000000,0.000000,0.000000,-510.337463,503.000427,2047.567505,-494.033905,True,velocity,0.449888,0.449888,0.000000,0.000000,16.908049,False
13.503579003998311,-0.004000,1.324000,-1.706000,1.306000,-0.007000,0.005000,-0.006000,-0.048000,1.319000,1.654000,1.353000,0.008000,0.003000,0.007000,-0.026027,0.772084,0.147766,-0.617555,0.370940,-0.255194,0.605010,0.122373,-0.612830,-0.051139,0.779005,-0.355730,-0.241423,0.600827,-0.026027,0.772084,0.147766,-0.617555,0.370940,-0.255194,0.605010,0.122373,-0.612830,-0.051139,0.779005,-0.355730,-0.241423,0.600827,0.449888,0.000000,0.000000,0.000000,1,True,True,0.000000,0.000000,0.000000,0.000000,0.000000,0.000000,0.000000,0.000000,0.000000,True,0.000000,0.000000,0.000000,0.000000,0.000000,0.000000,-0.427870,2.427685,-1.111539,2.889933,-0.427870,2.427751,-1.111539,2.889933,0.000000,0.000000,0.000000,0.000000,0.000000,0.000000,0.000000,0.000000,-510.337463,503.000427,2047.567505,-494.033905,True,velocity,0.449888,0.449888,0.000000,0.000000,16.941855,False
13.53722819298855,-0.004000,1.324000,-1.706000,1.306000,-0.007000,0.005000,-0.006000,-0.048000,1.319000,1.654000,1.353000,0.008000,0.003000,0.007000,-0.026027,0.772084,0.147766,-0.617555,0.370940,-0.255194,0.605010,0.122373,-0.612830,-0.051139,0.779005,-0.355730,-0.241423,0.600827,-0.026027,0.772084,0.147766,-0.617555,0.370940,-0.255194,0.605010,0.122373,-0.612830,-0.051139,0.779005,-0.355730,-0.241423,0.600827,0.449888,0.000000,0.000000,0.000000,1,True,True,0.000000,0.000000,0.000000,0.000000,0.000000,0.000000,0.000000,0.000000,0.000000,True,0.000000,0.000000,0.000000,0.000000,0.000000,0.000000,-0.427345,2.427751,-1.111507,2.890499,-0.427345,2.427685,-1.111507,2.890499,0.000000,0.000000,0.000000,0.000000,0.000000,0.000000,0.000000,0.000000,-510.337463,503.000427,2047.567505,-494.033905,True,velocity,0.449888,0.449888,0.000000,0.000000,16.975240,False
13.570657383010257,-0.004000,1.324000,-1.706000,1.306000,-0.007000,0.005000,-0.006000,-0.048000,1.319000,1.654000,1.353000,0.008000,0.003000,0.007000,-0.026027,0.772084,0.147766,-0.617555,0.370940,-0.255194,0.605010,0.122373,-0.612830,-0.051139,0.779005,-0.355730,-0.241423,0.600827,-0.026027,0.772084,0.147766,-0.617555,0.370940,-0.255194,0.605010,0.122373,-0.612830,-0.051139,0.779005,-0.355730,-0.241423,0.600827,0.449888,0.000000,0.000000,0.000000,1,True,True,0.000000,0.000000,0.000000,0.000000,0.000000,0.000000,0.000000,0.000000,0.000000,True,0.000000,0.000000,0.000000,0.000000,0.000000,0.000000,-0.427229,2.427751,-1.111507,2.889933,-0.427229,2.427751,-1.111507,2.889933,0.000000,0.000000,0.000000,0.000000,0.000000,0.000000,0.000000,0.000000,-510.337463,503.000427,2047.567505,-494.033905,True,velocity,0.449888,0.449888,0.000000,0.000000,17.008903,False
13.603450038004667,-0.004000,1.324000,-1.706000,1.306000,-0.007000,0.005000,-0.006000,-0.048000,1.319000,1.654000,1.353000,0.008000,0.003000,0.007000,-0.026027,0.772084,0.147766,-0.617555,0.370940,-0.255194,0.605010,0.122373,-0.612830,-0.051139,0.779005,-0.355730,-0.241423,0.600827,-0.026027,0.772084,0.147766,-0.617555,0.370940,-0.255194,0.605010,0.122373,-0.612830,-0.051139,0.779005,-0.355730,-0.241423,0.600827,0.449888,0.000000,0.000000,0.000000,1,True,True,0.000000,0.000000,0.000000,0.000000,0.000000,0.000000,0.000000,0.000000,0.000000,True,0.000000,0.000000,0.000000,0.000000,0.000000,0.000000,-0.427870,2.427751,-1.111539,2.889933,-0.427870,2.427751,-1.111507,2.889933,0.000000,0.000000,0.000000,0.000000,0.000000,0.000000,0.000000,0.000000,-510.337463,503.000427,2047.567505,-494.033905,True,velocity,0.449888,0.449888,0.000000,0.000000,17.041652,False
13.637280708004255,-0.004000,1.324000,-1.706000,1.306000,-0.007000,0.005000,-0.006000,-0.048000,1.319000,1.654000,1.353000,0.008000,0.003000,0.007000,-0.026027,0.772084,0.147766,-0.617555,0.370940,-0.255194,0.605010,0.122373,-0.612830,-0.051139,0.779005,-0.355730,-0.241423,0.600827,-0.026027,0.772084,0.147766,-0.617555,0.370940,-0.255194,0.605010,0.122373,-0.612830,-0.051139,0.779005,-0.355730,-0.241423,0.600827,0.449888,0.000000,0.000000,0.000000,1,True,True,0.000000,0.000000,0.000000,0.000000,0.000000,0.000000,0.000000,0.000000,0.000000,True,0.000000,0.000000,0.000000,0.000000,0.000000,0.000000,-0.427754,2.427751,-1.111507,2.884623,-0.427754,2.427751,-1.111507,2.884623,0.000000,0.000000,0.000000,0.000000,0.000000,0.000000,0.000000,0.000000,-510.337463,503.000427,2047.567505,-494.033905,True,velocity,0.449888,0.449888,0.000000,0.000000,17.075400,False
13.670378398994217,-0.004000,1.324000,-1.706000,1.306000,-0.007000,0.005000,-0.006000,-0.048000,1.319000,1.654000,1.353000,0.008000,0.003000,0.007000,-0.026027,0.772084,0.147766,-0.617555,0.370940,-0.255194,0.605010,0.122373,-0.612830,-0.051139,0.779005,-0.355730,-0.241423,0.600827,-0.026027,0.772084,0.147766,-0.617555,0.370940,-0.255194,0.605010,0.122373,-0.612830,-0.051139,0.779005,-0.355730,-0.241423,0.600827,0.449888,0.000000,0.000000,0.000000,1,True,True,0.000000,0.000000,0.000000,0.000000,0.000000,0.000000,0.000000,0.000000,0.000000,True,0.000000,0.000000,0.000000,0.000000,0.000000,0.000000,-0.427345,2.427751,-1.111507,2.884057,-0.427345,2.427751,-1.111507,2.884057,0.000000,0.000000,0.000000,0.000000,0.000000,0.000000,0.000000,0.000000,-510.337463,503.000427,2047.567505,-494.033905,True,velocity,0.449888,0.449888,0.000000,0.000000,17.108649,False
13.703968143992824,-0.004000,1.324000,-1.706000,1.306000,-0.007000,0.005000,-0.006000,-0.048000,1.319000,1.654000,1.353000,0.008000,0.003000,0.007000,-0.026027,0.772084,0.147766,-0.617555,0.370940,-0.255194,0.605010,0.122373,-0.612830,-0.051139,0.779005,-0.355730,-0.241423,0.600827,-0.026027,0.772084,0.147766,-0.617555,0.370940,-0.255194,0.605010,0.122373,-0.612830,-0.051139,0.779005,-0.355730,-0.241423,0.600827,0.449888,0.000000,0.000000,0.000000,1,True,True,0.000000,0.000000,0.000000,0.000000,0.000000,0.000000,0.000000,0.000000,0.000000,True,0.000000,0.000000,0.000000,0.000000,0.000000,0.000000,-0.427345,2.427751,-1.111539,2.890499,-0.427345,2.427751,-1.111539,2.890499,0.000000,0.000000,0.000000,0.000000,0.000000,0.000000,0.000000,0.000000,-510.337463,503.000427,2047.567505,-494.033905,True,velocity,0.449888,0.449888,0.000000,0.000000,17.142246,False
13.739544749987544,-0.004000,1.324000,-1.706000,1.306000,-0.007000,0.005000,-0.006000,-0.048000,1.319000,1.654000,1.353000,0.008000,0.003000,0.007000,-0.026027,0.772084,0.147766,-0.617555,0.370940,-0.255194,0.605010,0.122373,-0.612830,-0.051139,0.779005,-0.355730,-0.241423,0.600827,-0.026027,0.772084,0.147766,-0.617555,0.370940,-0.255194,0.605010,0.122373,-0.612830,-0.051139,0.779005,-0.355730,-0.241423,0.600827,0.449888,0.000000,0.000000,0.000000,1,True,True,0.000000,0.000000,0.000000,0.000000,0.000000,0.000000,0.000000,0.000000,0.000000,True,0.000000,0.000000,0.000000,0.000000,0.000000,0.000000,-0.427345,2.427751,-1.111507,2.889933,-0.427345,2.427751,-1.111507,2.889846,0.000000,0.000000,0.000000,0.000000,0.000000,0.000000,0.000000,0.000000,-510.337463,503.000427,2047.567505,-494.033905,True,velocity,0.449888,0.449888,0.000000,0.000000,17.176932,False
13.770788838010048,-0.004000,1.324000,-1.706000,1.306000,-0.007000,0.005000,-0.006000,-0.048000,1.319000,1.654000,1.353000,0.008000,0.003000,0.007000,-0.026027,0.772084,0.147766,-0.617555,0.370940,-0.255194,0.605010,0.122373,-0.612830,-0.051139,0.779005,-0.355730,-0.241423,0.600827,-0.026027,0.772084,0.147766,-0.617555,0.370940,-0.255194,0.605010,0.122373,-0.612830,-0.051139,0.779005,-0.355730,-0.241423,0.600827,0.449888,0.000000,0.000000,0.000000,1,True,True,0.000000,0.000000,0.000000,0.000000,0.000000,0.000000,0.000000,0.000000,0.000000,True,0.000000,0.000000,0.000000,0.000000,0.000000,0.000000,-0.427345,2.427751,-1.111539,2.889933,-0.427345,2.427751,-1.111539,2.889933,0.000000,0.000000,0.000000,0.000000,0.000000,0.000000,0.000000,0.000000,-510.337463,503.000427,2047.567505,-494.033905,True,velocity,0.449888,0.449888,0.000000,0.000000,17.209065,False
13.804361860995414,-0.004000,1.324000,-1.706000,1.306000,-0.007000,0.005000,-0.006000,-0.048000,1.319000,1.654000,1.353000,0.008000,0.003000,0.007000,-0.026027,0.772084,0.147766,-0.617555,0.370940,-0.255194,0.605010,0.122373,-0.612830,-0.051139,0.779005,-0.355730,-0.241423,0.600827,-0.026027,0.772084,0.147766,-0.617555,0.370940,-0.255194,0.605010,0.122373,-0.612830,-0.051139,0.779005,-0.355730,-0.241423,0.600827,0.449888,0.000000,0.000000,0.000000,1,True,True,0.000000,0.000000,0.000000,0.000000,0.000000,0.000000,0.000000,0.000000,0.000000,True,0.000000,0.000000,0.000000,0.000000,0.000000,0.000000,-0.427345,2.427751,-1.111507,2.889933,-0.427345,2.427751,-1.111507,2.889933,0.000000,0.000000,0.000000,0.000000,0.000000,0.000000,0.000000,0.000000,-510.337463,503.000427,2047.567505,-494.033905,True,velocity,0.449888,0.449888,0.000000,0.000000,17.242520,False
13.837930456997128,-0.004000,1.324000,-1.706000,1.306000,-0.007000,0.005000,-0.006000,-0.048000,1.319000,1.654000,1.353000,0.008000,0.003000,0.007000,-0.026027,0.772084,0.147766,-0.617555,0.370940,-0.255194,0.605010,0.122373,-0.612830,-0.051139,0.779005,-0.355730,-0.241423,0.600827,-0.026027,0.772084,0.147766,-0.617555,0.370940,-0.255194,0.605010,0.122373,-0.612830,-0.051139,0.779005,-0.355730,-0.241423,0.600827,0.449888,0.000000,0.000000,0.000000,1,True,True,0.000000,0.000000,0.000000,0.000000,0.000000,0.000000,0.000000,0.000000,0.000000,True,0.000000,0.000000,0.000000,0.000000,0.000000,0.000000,-0.427345,2.427751,-1.111507,2.889846,-0.427345,2.427751,-1.111539,2.889933,0.000000,0.000000,0.000000,0.000000,0.000000,0.000000,0.000000,0.000000,-510.337463,503.000427,2047.567505,-494.033905,True,velocity,0.449888,0.449888,0.000000,0.000000,17.276047,False
13.870677019993309,-0.004000,1.324000,-1.706000,1.306000,-0.007000,0.005000,-0.006000,-0.048000,1.319000,1.654000,1.353000,0.008000,0.003000,0.007000,-0.026027,0.772084,0.147766,-0.617555,0.370940,-0.255194,0.605010,0.122373,-0.612830,-0.051139,0.779005,-0.355730,-0.241423,0.600827,-0.026027,0.772084,0.147766,-0.617555,0.370940,-0.255194,0.605010,0.122373,-0.612830,-0.051139,0.779005,-0.355730,-0.241423,0.600827,0.449888,0.000000,0.000000,0.000000,1,True,True,0.000000,0.000000,0.000000,0.000000,0.000000,0.000000,0.000000,0.000000,0.000000,True,0.000000,0.000000,0.000000,0.000000,0.000000,0.000000,-0.427345,2.427685,-1.111539,2.889846,-0.427345,2.427685,-1.111539,2.890411,0.000000,0.000000,0.000000,0.000000,0.000000,0.000000,0.000000,0.000000,-510.337463,503.000427,2047.567505,-494.033905,True,velocity,0.449888,0.449888,0.000000,0.000000,17.308769,False
13.90721454899176,-0.004000,1.324000,-1.706000,1.306000,-0.007000,0.005000,-0.006000,-0.048000,1.319000,1.654000,1.353000,0.008000,0.003000,0.007000,-0.026027,0.772084,0.147766,-0.617555,0.370940,-0.255194,0.605010,0.122373,-0.612830,-0.051139,0.779005,-0.355730,-0.241423,0.600827,-0.026027,0.772084,0.147766,-0.617555,0.370940,-0.255194,0.605010,0.122373,-0.612830,-0.051139,0.779005,-0.355730,-0.241423,0.600827,0.449888,0.000000,0.000000,0.000000,1,True,True,0.000000,0.000000,0.000000,0.000000,0.000000,0.000000,0.000000,0.000000,0.000000,True,0.000000,0.000000,0.000000,0.000000,0.000000,0.000000,-0.427345,2.427685,-1.111507,2.890411,-0.427345,2.427685,-1.111507,2.890411,0.000000,0.000000,0.000000,0.000000,0.000000,0.000000,0.000000,0.000000,-510.337463,503.000427,2047.567505,-494.033905,True,velocity,0.449888,0.449888,0.000000,0.000000,17.345094,False
13.937411771010375,-0.004000,1.324000,-1.706000,1.306000,-0.007000,0.005000,-0.006000,-0.048000,1.319000,1.654000,1.353000,0.008000,0.003000,0.007000,-0.026027,0.772084,0.147766,-0.617555,0.370940,-0.255194,0.605010,0.122373,-0.612830,-0.051139,0.779005,-0.355730,-0.241423,0.600827,-0.026027,0.772084,0.147766,-0.617555,0.370940,-0.255194,0.605010,0.122373,-0.612830,-0.051139,0.779005,-0.355730,-0.241423,0.600827,0.449888,0.000000,0.000000,0.000000,1,True,True,0.000000,0.000000,0.000000,0.000000,0.000000,0.000000,0.000000,0.000000,0.000000,True,0.000000,0.000000,0.000000,0.000000,0.000000,0.000000,-0.427345,2.427817,-1.111473,2.889846,-0.427345,2.427817,-1.111473,2.889846,0.000000,0.000000,0.000000,0.000000,0.000000,0.000000,0.000000,0.000000,-510.337463,503.000427,2047.567505,-494.033905,True,velocity,0.449888,0.449888,0.000000,0.000000,17.375616,False
13.971387847006554,-0.004000,1.324000,-1.706000,1.306000,-0.007000,0.005000,-0.006000,-0.048000,1.319000,1.654000,1.353000,0.008000,0.003000,0.007000,-0.026027,0.772084,0.147766,-0.617555,0.370940,-0.255194,0.605010,0.122373,-0.612830,-0.051139,0.779005,-0.355730,-0.241423,0.600827,-0.026027,0.772084,0.147766,-0.617555,0.370940,-0.255194,0.605010,0.122373,-0.612830,-0.051139,0.779005,-0.355730,-0.241423,0.600827,0.449888,0.000000,0.000000,0.000000,1,True,True,0.000000,0.000000,0.000000,0.000000,0.000000,0.000000,0.000000,0.000000,0.000000,True,0.000000,0.000000,0.000000,0.000000,0.000000,0.000000,-0.427461,2.427685,-1.111507,2.890411,-0.427461,2.427685,-1.111507,2.890411,0.000000,0.000000,0.000000,0.000000,0.000000,0.000000,0.000000,0.000000,-510.337463,503.000427,2047.567505,-494.033905,True,velocity,0.449888,0.449888,0.000000,0.000000,17.409505,False
14.004326094989665,-0.004000,1.324000,-1.706000,1.306000,-0.007000,0.005000,-0.006000,-0.048000,1.319000,1.654000,1.353000,0.008000,0.003000,0.007000,-0.026027,0.772084,0.147766,-0.617555,0.370940,-0.255194,0.605010,0.122373,-0.612830,-0.051139,0.779005,-0.355730,-0.241423,0.600827,-0.026027,0.772084,0.147766,-0.617555,0.370940,-0.255194,0.605010,0.122373,-0.612830,-0.051139,0.779005,-0.355730,-0.241423,0.600827,0.449888,0.000000,0.000000,0.000000,1,True,True,0.000000,0.000000,0.000000,0.000000,0.000000,0.000000,0.000000,0.000000,0.000000,True,0.000000,0.000000,0.000000,0.000000,0.000000,0.000000,-0.427345,2.427685,-1.111507,2.890411,-0.427987,2.427685,-1.111507,2.890411,0.000000,0.000000,0.000000,0.000000,0.000000,0.000000,0.000000,0.000000,-510.337463,503.000427,2047.567505,-494.033905,True,velocity,0.449888,0.449888,0.000000,0.000000,17.442554,False
14.037513618997764,-0.004000,1.324000,-1.706000,1.306000,-0.007000,0.005000,-0.006000,-0.048000,1.319000,1.654000,1.353000,0.008000,0.003000,0.007000,-0.026027,0.772084,0.147766,-0.617555,0.370940,-0.255194,0.605010,0.122373,-0.612830,-0.051139,0.779005,-0.355730,-0.241423,0.600827,-0.026027,0.772084,0.147766,-0.617555,0.370940,-0.255194,0.605010,0.122373,-0.612830,-0.051139,0.779005,-0.355730,-0.241423,0.600827,0.449888,0.000000,0.000000,0.000000,1,True,True,0.000000,0.000000,0.000000,0.000000,0.000000,0.000000,0.000000,0.000000,0.000000,True,0.000000,0.000000,0.000000,0.000000,0.000000,0.000000,-0.427345,2.427685,-1.111507,2.890411,-0.427345,2.427685,-1.111507,2.883970,0.000000,0.000000,0.000000,0.000000,0.000000,0.000000,0.000000,0.000000,-510.337463,503.000427,2047.567505,-494.033905,True,velocity,0.449888,0.449888,0.000000,0.000000,17.475789,False
14.072871115000453,-0.004000,1.324000,-1.706000,1.306000,-0.007000,0.005000,-0.006000,-0.048000,1.319000,1.654000,1.353000,0.008000,0.003000,0.007000,-0.026027,0.772084,0.147766,-0.617555,0.370940,-0.255194,0.605010,0.122373,-0.612830,-0.051139,0.779005,-0.355730,-0.241423,0.600827,-0.026027,0.772084,0.147766,-0.617555,0.370940,-0.255194,0.605010,0.122373,-0.612830,-0.051139,0.779005,-0.355730,-0.241423,0.600827,0.449888,0.000000,0.000000,0.000000,1,True,True,0.000000,0.000000,0.000000,0.000000,0.000000,0.000000,0.000000,0.000000,0.000000,True,0.000000,0.000000,0.000000,0.000000,0.000000,0.000000,-0.427345,2.427685,-1.111507,2.889846,-0.427461,2.427685,-1.111507,2.890586,0.000000,0.000000,0.000000,0.000000,0.000000,0.000000,0.000000,0.000000,-510.337463,503.000427,2047.567505,-494.033905,True,velocity,0.449888,0.449888,0.000000,0.000000,17.510795,False
14.106184417003533,-0.004000,1.324000,-1.706000,1.306000,-0.007000,0.005000,-0.006000,-0.048000,1.319000,1.654000,1.353000,0.008000,0.003000,0.007000,-0.026027,0.772084,0.147766,-0.617555,0.370940,-0.255194,0.605010,0.122373,-0.612830,-0.051139,0.779005,-0.355730,-0.241423,0.600827,-0.026027,0.772084,0.147766,-0.617555,0.370940,-0.255194,0.605010,0.122373,-0.612830,-0.051139,0.779005,-0.355730,-0.241423,0.600827,0.449888,0.000000,0.000000,0.000000,1,True,True,0.000000,0.000000,0.000000,0.000000,0.000000,0.000000,0.000000,0.000000,0.000000,True,0.000000,0.000000,0.000000,0.000000,0.000000,0.000000,-0.427345,2.427685,-1.111507,2.883884,-0.427461,2.427685,-1.111473,2.883884,0.000000,0.000000,0.000000,0.000000,0.000000,0.000000,0.000000,0.000000,-510.337463,503.000427,2047.567505,-494.033905,True,velocity,0.449888,0.449888,0.000000,0.000000,17.544354,False
14.139630680001574,-0.004000,1.324000,-1.706000,1.306000,-0.007000,0.005000,-0.006000,-0.048000,1.319000,1.654000,1.353000,0.008000,0.003000,0.007000,-0.026027,0.772084,0.147766,-0.617555,0.370940,-0.255194,0.605010,0.122373,-0.612830,-0.051139,0.779005,-0.355730,-0.241423,0.600827,-0.026027,0.772084,0.147766,-0.617555,0.370940,-0.255194,0.605010,0.122373,-0.612830,-0.051139,0.779005,-0.355730,-0.241423,0.600827,0.449888,0.000000,0.000000,0.000000,1,True,True,0.000000,0.000000,0.000000,0.000000,0.000000,0.000000,0.000000,0.000000,0.000000,True,0.000000,0.000000,0.000000,0.000000,0.000000,0.000000,-0.427345,2.427685,-1.111539,2.890237,-0.427345,2.427685,-1.111507,2.890411,0.000000,0.000000,0.000000,0.000000,0.000000,0.000000,0.000000,0.000000,-510.337463,503.000427,2047.567505,-494.033905,True,velocity,0.449888,0.449888,0.000000,0.000000,17.577858,False
14.171591858001193,-0.004000,1.324000,-1.706000,1.306000,-0.007000,0.005000,-0.006000,-0.048000,1.319000,1.654000,1.353000,0.008000,0.003000,0.007000,-0.026027,0.772084,0.147766,-0.617555,0.370940,-0.255194,0.605010,0.122373,-0.612830,-0.051139,0.779005,-0.355730,-0.241423,0.600827,-0.026027,0.772084,0.147766,-0.617555,0.370940,-0.255194,0.605010,0.122373,-0.612830,-0.051139,0.779005,-0.355730,-0.241423,0.600827,0.449888,0.000000,0.000000,0.000000,1,True,True,0.000000,0.000000,0.000000,0.000000,0.000000,0.000000,0.000000,0.000000,0.000000,True,0.000000,0.000000,0.000000,0.000000,0.000000,0.000000,-0.427461,2.427751,-1.111507,2.890411,-0.427461,2.427751,-1.111507,2.890411,0.000000,0.000000,0.000000,0.000000,0.000000,0.000000,0.000000,0.000000,-510.337463,503.000427,2047.567505,-494.033905,True,velocity,0.449888,0.449888,0.000000,0.000000,17.609868,False
14.20720127900131,-0.004000,1.324000,-1.706000,1.306000,-0.007000,0.005000,-0.006000,-0.048000,1.319000,1.654000,1.353000,0.008000,0.003000,0.007000,-0.026027,0.772084,0.147766,-0.617555,0.370940,-0.255194,0.605010,0.122373,-0.612830,-0.051139,0.779005,-0.355730,-0.241423,0.600827,-0.026027,0.772084,0.147766,-0.617555,0.370940,-0.255194,0.605010,0.122373,-0.612830,-0.051139,0.779005,-0.355730,-0.241423,0.600827,0.449888,0.000000,0.000000,0.000000,1,True,True,0.000000,0.000000,0.000000,0.000000,0.000000,0.000000,0.000000,0.000000,0.000000,True,0.000000,0.000000,0.000000,0.000000,0.000000,0.000000,-0.427345,2.427685,-1.111473,2.889758,-0.427345,2.427619,-1.111473,2.889758,0.000000,0.000000,0.000000,0.000000,0.000000,0.000000,0.000000,0.000000,-510.337463,503.000427,2047.567505,-494.033905,True,velocity,0.449888,0.449888,0.000000,0.000000,17.645188,False
14.240415581007255,-0.004000,1.324000,-1.706000,1.306000,-0.007000,0.005000,-0.006000,-0.048000,1.319000,1.654000,1.353000,0.008000,0.003000,0.007000,-0.026027,0.772084,0.147766,-0.617555,0.370940,-0.255194,0.605010,0.122373,-0.612830,-0.051139,0.779005,-0.355730,-0.241423,0.600827,-0.026027,0.772084,0.147766,-0.617555,0.370940,-0.255194,0.605010,0.122373,-0.612830,-0.051139,0.779005,-0.355730,-0.241423,0.600827,0.449888,0.000000,0.000000,0.000000,1,True,True,0.000000,0.000000,0.000000,0.000000,0.000000,0.000000,0.000000,0.000000,0.000000,True,0.000000,0.000000,0.000000,0.000000,0.000000,0.000000,-0.427461,2.427751,-1.111507,2.890411,-0.427461,2.427751,-1.111507,2.890411,0.000000,0.000000,0.000000,0.000000,0.000000,0.000000,0.000000,0.000000,-510.337463,503.000427,2047.567505,-494.033905,True,velocity,0.449888,0.449888,0.000000,0.000000,17.678617,False
14.272771349991672,-0.004000,1.324000,-1.706000,1.306000,-0.007000,0.005000,-0.006000,-0.048000,1.319000,1.654000,1.353000,0.008000,0.003000,0.007000,-0.026027,0.772084,0.147766,-0.617555,0.370940,-0.255194,0.605010,0.122373,-0.612830,-0.051139,0.779005,-0.355730,-0.241423,0.600827,-0.026027,0.772084,0.147766,-0.617555,0.370940,-0.255194,0.605010,0.122373,-0.612830,-0.051139,0.779005,-0.355730,-0.241423,0.600827,0.449888,0.000000,0.000000,0.000000,1,True,True,0.000000,0.000000,0.000000,0.000000,0.000000,0.000000,0.000000,0.000000,0.000000,True,0.000000,0.000000,0.000000,0.000000,0.000000,0.000000,-0.427461,2.427751,-1.111507,2.890411,-0.427461,2.427751,-1.111507,2.890411,0.000000,0.000000,0.000000,0.000000,0.000000,0.000000,0.000000,0.000000,-510.337463,503.000427,2047.567505,-494.033905,True,velocity,0.449888,0.449888,0.000000,0.000000,17.711006,False
14.305127506988356,-0.004000,1.324000,-1.706000,1.306000,-0.007000,0.005000,-0.006000,-0.048000,1.319000,1.654000,1.353000,0.008000,0.003000,0.007000,-0.026027,0.772084,0.147766,-0.617555,0.370940,-0.255194,0.605010,0.122373,-0.612830,-0.051139,0.779005,-0.355730,-0.241423,0.600827,-0.026027,0.772084,0.147766,-0.617555,0.370940,-0.255194,0.605010,0.122373,-0.612830,-0.051139,0.779005,-0.355730,-0.241423,0.600827,0.449888,0.000000,0.000000,0.000000,1,True,True,0.000000,0.000000,0.000000,0.000000,0.000000,0.000000,0.000000,0.000000,0.000000,True,0.000000,0.000000,0.000000,0.000000,0.000000,0.000000,-0.427345,2.427751,-1.111473,2.889933,-0.427345,2.427685,-1.111507,2.884057,0.000000,0.000000,0.000000,0.000000,0.000000,0.000000,0.000000,0.000000,-510.337463,503.000427,2047.567505,-494.033905,True,velocity,0.449888,0.449888,0.000000,0.000000,17.743393,False
14.33943117398303,-0.004000,1.324000,-1.706000,1.306000,-0.007000,0.005000,-0.006000,-0.048000,1.319000,1.654000,1.353000,0.008000,0.003000,0.007000,-0.026027,0.772084,0.147766,-0.617555,0.370940,-0.255194,0.605010,0.122373,-0.612830,-0.051139,0.779005,-0.355730,-0.241423,0.600827,-0.026027,0.772084,0.147766,-0.617555,0.370940,-0.255194,0.605010,0.122373,-0.612830,-0.051139,0.779005,-0.355730,-0.241423,0.600827,0.449888,0.000000,0.000000,0.000000,1,True,True,0.000000,0.000000,0.000000,0.000000,0.000000,0.000000,0.000000,0.000000,0.000000,True,0.000000,0.000000,0.000000,0.000000,0.000000,0.000000,-0.427461,2.427751,-1.111507,2.890411,-0.427461,2.427751,-1.111507,2.890411,0.000000,0.000000,0.000000,0.000000,0.000000,0.000000,0.000000,0.000000,-510.337463,503.000427,2047.567505,-494.033905,True,velocity,0.449888,0.449888,0.000000,0.000000,17.777530,False
14.371671647008043,-0.004000,1.324000,-1.706000,1.306000,-0.007000,0.005000,-0.006000,-0.048000,1.319000,1.654000,1.353000,0.008000,0.003000,0.007000,-0.026027,0.772084,0.147766,-0.617555,0.370940,-0.255194,0.605010,0.122373,-0.612830,-0.051139,0.779005,-0.355730,-0.241423,0.600827,-0.026027,0.772084,0.147766,-0.617555,0.370940,-0.255194,0.605010,0.122373,-0.612830,-0.051139,0.779005,-0.355730,-0.241423,0.600827,0.449888,0.000000,0.000000,0.000000,1,True,True,0.000000,0.000000,0.000000,0.000000,0.000000,0.000000,0.000000,0.000000,0.000000,True,0.000000,0.000000,0.000000,0.000000,0.000000,0.000000,-0.427578,2.427751,-1.111507,2.890411,-0.427578,2.427751,-1.111507,2.889758,0.000000,0.000000,0.000000,0.000000,0.000000,0.000000,0.000000,0.000000,-510.337463,503.000427,2047.567505,-494.033905,True,velocity,0.449888,0.449888,0.000000,0.000000,17.809947,False
14.405929889006075,-0.004000,1.324000,-1.706000,1.306000,-0.007000,0.005000,-0.006000,-0.048000,1.319000,1.654000,1.353000,0.008000,0.003000,0.007000,-0.026027,0.772084,0.147766,-0.617555,0.370940,-0.255194,0.605010,0.122373,-0.612830,-0.051139,0.779005,-0.355730,-0.241423,0.600827,-0.026027,0.772084,0.147766,-0.617555,0.370940,-0.255194,0.605010,0.122373,-0.612830,-0.051139,0.779005,-0.355730,-0.241423,0.600827,0.449888,0.000000,0.000000,0.000000,1,True,True,0.000000,0.000000,0.000000,0.000000,0.000000,0.000000,0.000000,0.000000,0.000000,True,0.000000,0.000000,0.000000,0.000000,0.000000,0.000000,-0.427345,2.427685,-1.111507,2.889758,-0.427345,2.427685,-1.111507,2.889758,0.000000,0.000000,0.000000,0.000000,0.000000,0.000000,0.000000,0.000000,-510.337463,503.000427,2047.567505,-494.033905,True,velocity,0.449888,0.449888,0.000000,0.000000,17.844161,False
14.440954071993474,-0.004000,1.324000,-1.706000,1.306000,-0.007000,0.005000,-0.006000,-0.048000,1.319000,1.654000,1.353000,0.008000,0.003000,0.007000,-0.026027,0.772084,0.147766,-0.617555,0.370940,-0.255194,0.605010,0.122373,-0.612830,-0.051139,0.779005,-0.355730,-0.241423,0.600827,-0.026027,0.772084,0.147766,-0.617555,0.370940,-0.255194,0.605010,0.122373,-0.612830,-0.051139,0.779005,-0.355730,-0.241423,0.600827,0.449888,0.000000,0.000000,0.000000,1,True,True,0.000000,0.000000,0.000000,0.000000,0.000000,0.000000,0.000000,0.000000,0.000000,True,0.000000,0.000000,0.000000,0.000000,0.000000,0.000000,-0.427229,2.427751,-1.111473,2.889758,-0.427229,2.427751,-1.111507,2.890411,0.000000,0.000000,0.000000,0.000000,0.000000,0.000000,0.000000,0.000000,-510.337463,503.000427,2047.567505,-494.033905,True,velocity,0.449888,0.449888,0.000000,0.000000,17.878659,False
14.473490153992316,-0.004000,1.324000,-1.706000,1.306000,-0.007000,0.005000,-0.006000,-0.048000,1.319000,1.654000,1.353000,0.008000,0.003000,0.007000,-0.026027,0.772084,0.147766,-0.617555,0.370940,-0.255194,0.605010,0.122373,-0.612830,-0.051139,0.779005,-0.355730,-0.241423,0.600827,-0.026027,0.772084,0.147766,-0.617555,0.370940,-0.255194,0.605010,0.122373,-0.612830,-0.051139,0.779005,-0.355730,-0.241423,0.600827,0.449888,0.000000,0.000000,0.000000,1,True,True,0.000000,0.000000,0.000000,0.000000,0.000000,0.000000,0.000000,0.000000,0.000000,True,0.000000,0.000000,0.000000,0.000000,0.000000,0.000000,-0.427870,2.427751,-1.111507,2.890411,-0.427870,2.427751,-1.111507,2.890411,0.000000,0.000000,0.000000,0.000000,0.000000,0.000000,0.000000,0.000000,-510.337463,503.000427,2047.567505,-494.033905,True,velocity,0.449888,0.449888,0.000000,0.000000,17.911639,False
14.506976454984397,-0.004000,1.324000,-1.706000,1.306000,-0.007000,0.005000,-0.006000,-0.048000,1.319000,1.654000,1.353000,0.008000,0.003000,0.007000,-0.026027,0.772084,0.147766,-0.617555,0.370940,-0.255194,0.605010,0.122373,-0.612830,-0.051139,0.779005,-0.355730,-0.241423,0.600827,-0.026027,0.772084,0.147766,-0.617555,0.370940,-0.255194,0.605010,0.122373,-0.612830,-0.051139,0.779005,-0.355730,-0.241423,0.600827,0.449888,0.000000,0.000000,0.000000,1,True,True,0.000000,0.000000,0.000000,0.000000,0.000000,0.000000,0.000000,0.000000,0.000000,True,0.000000,0.000000,0.000000,0.000000,0.000000,0.000000,-0.427870,2.427751,-1.111507,2.889846,-0.427870,2.427751,-1.111507,2.890411,0.000000,0.000000,0.000000,0.000000,0.000000,0.000000,0.000000,0.000000,-510.337463,503.000427,2047.567505,-494.033905,True,velocity,0.449888,0.449888,0.000000,0.000000,17.945215,False
14.541711064986885,-0.004000,1.324000,-1.706000,1.306000,-0.007000,0.005000,-0.006000,-0.048000,1.319000,1.654000,1.353000,0.008000,0.003000,0.007000,-0.026027,0.772084,0.147766,-0.617555,0.370940,-0.255194,0.605010,0.122373,-0.612830,-0.051139,0.779005,-0.355730,-0.241423,0.600827,-0.026027,0.772084,0.147766,-0.617555,0.370940,-0.255194,0.605010,0.122373,-0.612830,-0.051139,0.779005,-0.355730,-0.241423,0.600827,0.449888,0.000000,0.000000,0.000000,1,True,True,0.000000,0.000000,0.000000,0.000000,0.000000,0.000000,0.000000,0.000000,0.000000,True,0.000000,0.000000,0.000000,0.000000,0.000000,0.000000,-0.427229,2.427751,-1.111539,2.890411,-0.427229,2.427751,-1.111473,2.890411,0.000000,0.000000,0.000000,0.000000,0.000000,0.000000,0.000000,0.000000,-510.337463,503.000427,2047.567505,-494.033905,True,velocity,0.449888,0.449888,0.000000,0.000000,17.979208,False
14.57373570598429,-0.004000,1.324000,-1.706000,1.306000,-0.007000,0.005000,-0.006000,-0.048000,1.319000,1.654000,1.353000,0.008000,0.003000,0.007000,-0.026027,0.772084,0.147766,-0.617555,0.370940,-0.255194,0.605010,0.122373,-0.612830,-0.051139,0.779005,-0.355730,-0.241423,0.600827,-0.026027,0.772084,0.147766,-0.617555,0.370940,-0.255194,0.605010,0.122373,-0.612830,-0.051139,0.779005,-0.355730,-0.241423,0.600827,0.449888,0.000000,0.000000,0.000000,1,True,True,0.000000,0.000000,0.000000,0.000000,0.000000,0.000000,0.000000,0.000000,0.000000,True,0.000000,0.000000,0.000000,0.000000,0.000000,0.000000,-0.427345,2.427751,-1.111507,2.890499,-0.427345,2.427685,-1.111507,2.890499,0.000000,0.000000,0.000000,0.000000,0.000000,0.000000,0.000000,0.000000,-510.337463,503.000427,2047.567505,-494.033905,True,velocity,0.449888,0.449888,0.000000,0.000000,18.011983,False
14.606629174988484,-0.004000,1.324000,-1.706000,1.306000,-0.007000,0.005000,-0.006000,-0.048000,1.319000,1.654000,1.353000,0.008000,0.003000,0.007000,-0.026027,0.772084,0.147766,-0.617555,0.370940,-0.255194,0.605010,0.122373,-0.612830,-0.051139,0.779005,-0.355730,-0.241423,0.600827,-0.026027,0.772084,0.147766,-0.617555,0.370940,-0.255194,0.605010,0.122373,-0.612830,-0.051139,0.779005,-0.355730,-0.241423,0.600827,0.449888,0.000000,0.000000,0.000000,1,True,True,0.000000,0.000000,0.000000,0.000000,0.000000,0.000000,0.000000,0.000000,0.000000,True,0.000000,0.000000,0.000000,0.000000,0.000000,0.000000,-0.427229,2.427685,-1.111507,2.890411,-0.427229,2.427751,-1.111507,2.890411,0.000000,0.000000,0.000000,0.000000,0.000000,0.000000,0.000000,0.000000,-510.337463,503.000427,2047.567505,-494.033905,True,velocity,0.449888,0.449888,0.000000,0.000000,18.044797,False
14.639741810999112,-0.004000,1.324000,-1.706000,1.306000,-0.007000,0.005000,-0.006000,-0.048000,1.319000,1.654000,1.353000,0.008000,0.003000,0.007000,-0.026027,0.772084,0.147766,-0.617555,0.370940,-0.255194,0.605010,0.122373,-0.612830,-0.051139,0.779005,-0.355730,-0.241423,0.600827,-0.026027,0.772084,0.147766,-0.617555,0.370940,-0.255194,0.605010,0.122373,-0.612830,-0.051139,0.779005,-0.355730,-0.241423,0.600827,0.449888,0.000000,0.000000,0.000000,1,True,True,0.000000,0.000000,0.000000,0.000000,0.000000,0.000000,0.000000,0.000000,0.000000,True,0.000000,0.000000,0.000000,0.000000,0.000000,0.000000,-0.427461,2.427685,-1.111507,2.889846,-0.427461,2.427685,-1.111507,2.889846,0.000000,0.000000,0.000000,0.000000,0.000000,0.000000,0.000000,0.000000,-510.337463,503.000427,2047.567505,-494.033905,True,velocity,0.449888,0.449888,0.000000,0.000000,18.078019,False
14.672656854992965,-0.004000,1.324000,-1.706000,1.306000,-0.007000,0.005000,-0.006000,-0.048000,1.319000,1.654000,1.353000,0.008000,0.003000,0.007000,-0.026027,0.772084,0.147766,-0.617555,0.370940,-0.255194,0.605010,0.122373,-0.612830,-0.051139,0.779005,-0.355730,-0.241423,0.600827,-0.026027,0.772084,0.147766,-0.617555,0.370940,-0.255194,0.605010,0.122373,-0.612830,-0.051139,0.779005,-0.355730,-0.241423,0.600827,0.449888,0.000000,0.000000,0.000000,1,True,True,0.000000,0.000000,0.000000,0.000000,0.000000,0.000000,0.000000,0.000000,0.000000,True,0.000000,0.000000,0.000000,0.000000,0.000000,0.000000,-0.427461,2.427685,-1.111507,2.889846,-0.427461,2.427685,-1.111507,2.889846,0.000000,0.000000,0.000000,0.000000,0.000000,0.000000,0.000000,0.000000,-510.337463,503.000427,2047.567505,-494.033905,True,velocity,0.449888,0.449888,0.000000,0.000000,18.110430,False
14.706005377986003,-0.004000,1.324000,-1.706000,1.306000,-0.007000,0.005000,-0.006000,-0.048000,1.319000,1.654000,1.353000,0.008000,0.003000,0.007000,-0.026027,0.772084,0.147766,-0.617555,0.370940,-0.255194,0.605010,0.122373,-0.612830,-0.051139,0.779005,-0.355730,-0.241423,0.600827,-0.026027,0.772084,0.147766,-0.617555,0.370940,-0.255194,0.605010,0.122373,-0.612830,-0.051139,0.779005,-0.355730,-0.241423,0.600827,0.449888,0.000000,0.000000,0.000000,1,True,True,0.000000,0.000000,0.000000,0.000000,0.000000,0.000000,0.000000,0.000000,0.000000,True,0.000000,0.000000,0.000000,0.000000,0.000000,0.000000,-0.427345,2.427685,-1.111507,2.889846,-0.427345,2.427685,-1.111507,2.889846,0.000000,0.000000,0.000000,0.000000,0.000000,0.000000,0.000000,0.000000,-510.337463,503.000427,2047.567505,-494.033905,True,velocity,0.449888,0.449888,0.000000,0.000000,18.144283,False
14.740910413995152,-0.004000,1.324000,-1.706000,1.306000,-0.007000,0.005000,-0.006000,-0.048000,1.319000,1.654000,1.353000,0.008000,0.003000,0.007000,-0.026027,0.772084,0.147766,-0.617555,0.370940,-0.255194,0.605010,0.122373,-0.612830,-0.051139,0.779005,-0.355730,-0.241423,0.600827,-0.026027,0.772084,0.147766,-0.617555,0.370940,-0.255194,0.605010,0.122373,-0.612830,-0.051139,0.779005,-0.355730,-0.241423,0.600827,0.449888,0.000000,0.000000,0.000000,1,True,True,0.000000,0.000000,0.000000,0.000000,0.000000,0.000000,0.000000,0.000000,0.000000,True,0.000000,0.000000,0.000000,0.000000,0.000000,0.000000,-0.427345,2.427685,-1.111507,2.890411,-0.427345,2.427685,-1.111507,2.890499,0.000000,0.000000,0.000000,0.000000,0.000000,0.000000,0.000000,0.000000,-510.337463,503.000427,2047.567505,-494.033905,True,velocity,0.449888,0.449888,0.000000,0.000000,18.179180,False
14.773229885991896,-0.004000,1.324000,-1.706000,1.306000,-0.007000,0.005000,-0.006000,-0.048000,1.319000,1.654000,1.353000,0.008000,0.003000,0.007000,-0.026027,0.772084,0.147766,-0.617555,0.370940,-0.255194,0.605010,0.122373,-0.612830,-0.051139,0.779005,-0.355730,-0.241423,0.600827,-0.026027,0.772084,0.147766,-0.617555,0.370940,-0.255194,0.605010,0.122373,-0.612830,-0.051139,0.779005,-0.355730,-0.241423,0.600827,0.449888,0.000000,0.000000,0.000000,1,True,True,0.000000,0.000000,0.000000,0.000000,0.000000,0.000000,0.000000,0.000000,0.000000,True,0.000000,0.000000,0.000000,0.000000,0.000000,0.000000,-0.427870,2.427685,-1.111507,2.883970,-0.427870,2.427685,-1.111507,2.883970,0.000000,0.000000,0.000000,0.000000,0.000000,0.000000,0.000000,0.000000,-510.337463,503.000427,2047.567505,-494.033905,True,velocity,0.449888,0.449888,0.000000,0.000000,18.211334,False
14.80593020899687,-0.004000,1.324000,-1.706000,1.306000,-0.007000,0.005000,-0.006000,-0.048000,1.319000,1.654000,1.353000,0.008000,0.003000,0.007000,-0.026027,0.772084,0.147766,-0.617555,0.370940,-0.255194,0.605010,0.122373,-0.612830,-0.051139,0.779005,-0.355730,-0.241423,0.600827,-0.026027,0.772084,0.147766,-0.617555,0.370940,-0.255194,0.605010,0.122373,-0.612830,-0.051139,0.779005,-0.355730,-0.241423,0.600827,0.449888,0.000000,0.000000,0.000000,1,True,True,0.000000,0.000000,0.000000,0.000000,0.000000,0.000000,0.000000,0.000000,0.000000,True,0.000000,0.000000,0.000000,0.000000,0.000000,0.000000,-0.427345,2.427619,-1.111507,2.889846,-0.427345,2.427685,-1.111507,2.889846,0.000000,0.000000,0.000000,0.000000,0.000000,0.000000,0.000000,0.000000,-510.337463,503.000427,2047.567505,-494.033905,True,velocity,0.449888,0.449888,0.000000,0.000000,18.244170,False
14.840240302000893,-0.004000,1.324000,-1.706000,1.306000,-0.007000,0.005000,-0.006000,-0.048000,1.319000,1.654000,1.353000,0.008000,0.003000,0.007000,-0.026027,0.772084,0.147766,-0.617555,0.370940,-0.255194,0.605010,0.122373,-0.612830,-0.051139,0.779005,-0.355730,-0.241423,0.600827,-0.026027,0.772084,0.147766,-0.617555,0.370940,-0.255194,0.605010,0.122373,-0.612830,-0.051139,0.779005,-0.355730,-0.241423,0.600827,0.449888,0.000000,0.000000,0.000000,1,True,True,0.000000,0.000000,0.000000,0.000000,0.000000,0.000000,0.000000,0.000000,0.000000,True,0.000000,0.000000,0.000000,0.000000,0.000000,0.000000,-0.427461,2.427751,-1.111507,2.890411,-0.427461,2.427751,-1.111507,2.890411,0.000000,0.000000,0.000000,0.000000,0.000000,0.000000,0.000000,0.000000,-510.337463,503.000427,2047.567505,-494.033905,True,velocity,0.449888,0.449888,0.000000,0.000000,18.278498,False
14.873357974982355,-0.004000,1.324000,-1.706000,1.306000,-0.007000,0.005000,-0.006000,-0.048000,1.319000,1.654000,1.353000,0.008000,0.003000,0.007000,-0.026027,0.772084,0.147766,-0.617555,0.370940,-0.255194,0.605010,0.122373,-0.612830,-0.051139,0.779005,-0.355730,-0.241423,0.600827,-0.026027,0.772084,0.147766,-0.617555,0.370940,-0.255194,0.605010,0.122373,-0.612830,-0.051139,0.779005,-0.355730,-0.241423,0.600827,0.449888,0.000000,0.000000,0.000000,1,True,True,0.000000,0.000000,0.000000,0.000000,0.000000,0.000000,0.000000,0.000000,0.000000,True,0.000000,0.000000,0.000000,0.000000,0.000000,0.000000,-0.427870,2.427751,-1.111507,2.889846,-0.427229,2.427751,-1.111507,2.889846,0.000000,0.000000,0.000000,0.000000,0.000000,0.000000,0.000000,0.000000,-510.337463,503.000427,2047.567505,-494.033905,True,velocity,0.449888,0.449888,0.000000,0.000000,18.311465,False
14.906917718995828,-0.004000,1.324000,-1.706000,1.306000,-0.007000,0.005000,-0.006000,-0.048000,1.319000,1.654000,1.353000,0.008000,0.003000,0.007000,-0.026027,0.772084,0.147766,-0.617555,0.370940,-0.255194,0.605010,0.122373,-0.612830,-0.051139,0.779005,-0.355730,-0.241423,0.600827,-0.026027,0.772084,0.147766,-0.617555,0.370940,-0.255194,0.605010,0.122373,-0.612830,-0.051139,0.779005,-0.355730,-0.241423,0.600827,0.449888,0.000000,0.000000,0.000000,1,True,True,0.000000,0.000000,0.000000,0.000000,0.000000,0.000000,0.000000,0.000000,0.000000,True,0.000000,0.000000,0.000000,0.000000,0.000000,0.000000,-0.427461,2.427685,-1.111507,2.889846,-0.427461,2.427685,-1.111507,2.889846,0.000000,0.000000,0.000000,0.000000,0.000000,0.000000,0.000000,0.000000,-510.337463,503.000427,2047.567505,-494.033905,True,velocity,0.449888,0.449888,0.000000,0.000000,18.345097,False
14.940540631010663,-0.004000,1.324000,-1.706000,1.306000,-0.007000,0.005000,-0.006000,-0.048000,1.319000,1.654000,1.353000,0.008000,0.003000,0.007000,-0.026027,0.772084,0.147766,-0.617555,0.370940,-0.255194,0.605010,0.122373,-0.612830,-0.051139,0.779005,-0.355730,-0.241423,0.600827,-0.026027,0.772084,0.147766,-0.617555,0.370940,-0.255194,0.605010,0.122373,-0.612830,-0.051139,0.779005,-0.355730,-0.241423,0.600827,0.449888,0.000000,0.000000,0.000000,1,True,True,0.000000,0.000000,0.000000,0.000000,0.000000,0.000000,0.000000,0.000000,0.000000,True,0.000000,0.000000,0.000000,0.000000,0.000000,0.000000,-0.427229,2.427751,-1.111507,2.883884,-0.427229,2.427685,-1.111507,2.883884,0.000000,0.000000,0.000000,0.000000,0.000000,0.000000,0.000000,0.000000,-510.337463,503.000427,2047.567505,-494.033905,True,velocity,0.449888,0.449888,0.000000,0.000000,18.378812,False
14.973118934984086,-0.004000,1.324000,-1.706000,1.306000,-0.007000,0.005000,-0.006000,-0.048000,1.319000,1.654000,1.353000,0.008000,0.003000,0.007000,-0.026027,0.772084,0.147766,-0.617555,0.370940,-0.255194,0.605010,0.122373,-0.612830,-0.051139,0.779005,-0.355730,-0.241423,0.600827,-0.026027,0.772084,0.147766,-0.617555,0.370940,-0.255194,0.605010,0.122373,-0.612830,-0.051139,0.779005,-0.355730,-0.241423,0.600827,0.449888,0.000000,0.000000,0.000000,1,True,True,0.000000,0.000000,0.000000,0.000000,0.000000,0.000000,0.000000,0.000000,0.000000,True,0.000000,0.000000,0.000000,0.000000,0.000000,0.000000,-0.427345,2.427685,-1.111507,2.890324,-0.427345,2.427685,-1.111507,2.890324,0.000000,0.000000,0.000000,0.000000,0.000000,0.000000,0.000000,0.000000,-510.337463,503.000427,2047.567505,-494.033905,True,velocity,0.449888,0.449888,0.000000,0.000000,18.411390,False
15.016734376986278,-0.004000,1.324000,-1.706000,1.306000,-0.007000,0.005000,-0.006000,-0.048000,1.319000,1.654000,1.353000,0.008000,0.003000,0.007000,-0.026027,0.772084,0.147766,-0.617555,0.370940,-0.255194,0.605010,0.122373,-0.612830,-0.051139,0.779005,-0.355730,-0.241423,0.600827,-0.026027,0.772084,0.147766,-0.617555,0.370940,-0.255194,0.605010,0.122373,-0.612830,-0.051139,0.779005,-0.355730,-0.241423,0.600827,0.449888,0.000000,0.000000,0.000000,1,True,True,0.000000,0.000000,0.000000,0.000000,0.000000,0.000000,0.000000,0.000000,0.000000,True,0.000000,0.000000,0.000000,0.000000,0.000000,0.000000,-0.427345,2.427685,-1.111473,2.890324,-0.427345,2.427685,-1.111473,2.890324,0.000000,0.000000,0.000000,0.000000,0.000000,0.000000,0.000000,0.000000,-510.337463,503.000427,2047.567505,-494.033905,True,velocity,0.449888,0.449888,0.000000,0.000000,18.453927,False
15.043304541002726,-0.004000,1.324000,-1.706000,1.306000,-0.007000,0.005000,-0.006000,-0.048000,1.319000,1.654000,1.353000,0.008000,0.003000,0.007000,-0.026027,0.772084,0.147766,-0.617555,0.370940,-0.255194,0.605010,0.122373,-0.612830,-0.051139,0.779005,-0.355730,-0.241423,0.600827,-0.026027,0.772084,0.147766,-0.617555,0.370940,-0.255194,0.605010,0.122373,-0.612830,-0.051139,0.779005,-0.355730,-0.241423,0.600827,0.449888,0.000000,0.000000,0.000000,1,True,True,0.000000,0.000000,0.000000,0.000000,0.000000,0.000000,0.000000,0.000000,0.000000,True,0.000000,0.000000,0.000000,0.000000,0.000000,0.000000,-0.427870,2.427751,-1.111440,2.890324,-0.427870,2.427751,-1.111440,2.890324,0.000000,0.000000,0.000000,0.000000,0.000000,0.000000,0.000000,0.000000,-510.337463,503.000427,2047.567505,-494.033905,True,velocity,0.449888,0.449888,0.000000,0.000000,18.481526,False
15.074849331984296,-0.004000,1.324000,-1.706000,1.306000,-0.007000,0.005000,-0.006000,-0.048000,1.319000,1.654000,1.353000,0.008000,0.003000,0.007000,-0.026027,0.772084,0.147766,-0.617555,0.370940,-0.255194,0.605010,0.122373,-0.612830,-0.051139,0.779005,-0.355730,-0.241423,0.600827,-0.026027,0.772084,0.147766,-0.617555,0.370940,-0.255194,0.605010,0.122373,-0.612830,-0.051139,0.779005,-0.355730,-0.241423,0.600827,0.449888,0.000000,0.000000,0.000000,1,True,True,0.000000,0.000000,0.000000,0.000000,0.000000,0.000000,0.000000,0.000000,0.000000,True,0.000000,0.000000,0.000000,0.000000,0.000000,0.000000,-0.427345,2.427685,-1.111473,2.890411,-0.427345,2.427685,-1.111473,2.890411,0.000000,0.000000,0.000000,0.000000,0.000000,0.000000,0.000000,0.000000,-510.337463,503.000427,2047.567505,-494.033905,True,velocity,0.449888,0.449888,0.000000,0.000000,18.513080,False
15.11043790099211,-0.004000,1.324000,-1.706000,1.306000,-0.007000,0.005000,-0.006000,-0.048000,1.319000,1.654000,1.353000,0.008000,0.003000,0.007000,-0.026027,0.772084,0.147766,-0.617555,0.370940,-0.255194,0.605010,0.122373,-0.612830,-0.051139,0.779005,-0.355730,-0.241423,0.600827,-0.026027,0.772084,0.147766,-0.617555,0.370940,-0.255194,0.605010,0.122373,-0.612830,-0.051139,0.779005,-0.355730,-0.241423,0.600827,0.449888,0.000000,0.000000,0.000000,1,True,True,0.000000,0.000000,0.000000,0.000000,0.000000,0.000000,0.000000,0.000000,0.000000,True,0.000000,0.000000,0.000000,0.000000,0.000000,0.000000,-0.427461,2.427685,-1.111473,2.890586,-0.427461,2.427685,-1.111473,2.884536,0.000000,0.000000,0.000000,0.000000,0.000000,0.000000,0.000000,0.000000,-510.337463,503.000427,2047.567505,-494.033905,True,velocity,0.449888,0.449888,0.000000,0.000000,18.548588,False
15.142142005992355,-0.004000,1.324000,-1.706000,1.306000,-0.007000,0.005000,-0.006000,-0.048000,1.319000,1.654000,1.353000,0.008000,0.003000,0.007000,-0.026027,0.772084,0.147766,-0.617555,0.370940,-0.255194,0.605010,0.122373,-0.612830,-0.051139,0.779005,-0.355730,-0.241423,0.600827,-0.026027,0.772084,0.147766,-0.617555,0.370940,-0.255194,0.605010,0.122373,-0.612830,-0.051139,0.779005,-0.355730,-0.241423,0.600827,0.449888,0.000000,0.000000,0.000000,1,True,True,0.000000,0.000000,0.000000,0.000000,0.000000,0.000000,0.000000,0.000000,0.000000,True,0.000000,0.000000,0.000000,0.000000,0.000000,0.000000,-0.427345,2.427685,-1.111473,2.889758,-0.427345,2.427685,-1.111473,2.890499,0.000000,0.000000,0.000000,0.000000,0.000000,0.000000,0.000000,0.000000,-510.337463,503.000427,2047.567505,-494.033905,True,velocity,0.449888,0.449888,0.000000,0.000000,18.579951,False
15.17633076600032,-0.004000,1.324000,-1.706000,1.306000,-0.007000,0.005000,-0.006000,-0.048000,1.319000,1.654000,1.353000,0.008000,0.003000,0.007000,-0.026027,0.772084,0.147766,-0.617555,0.370940,-0.255194,0.605010,0.122373,-0.612830,-0.051139,0.779005,-0.355730,-0.241423,0.600827,-0.026027,0.772084,0.147766,-0.617555,0.370940,-0.255194,0.605010,0.122373,-0.612830,-0.051139,0.779005,-0.355730,-0.241423,0.600827,0.449888,0.000000,0.000000,0.000000,1,True,True,0.000000,0.000000,0.000000,0.000000,0.000000,0.000000,0.000000,0.000000,0.000000,True,0.000000,0.000000,0.000000,0.000000,0.000000,0.000000,-0.427345,2.427685,-1.111507,2.890499,-0.427229,2.427685,-1.111473,2.889933,0.000000,0.000000,0.000000,0.000000,0.000000,0.000000,0.000000,0.000000,-510.337463,503.000427,2047.567505,-494.033905,True,velocity,0.449888,0.449888,0.000000,0.000000,18.614528,False
15.20758700199076,-0.004000,1.324000,-1.706000,1.306000,-0.007000,0.005000,-0.006000,-0.048000,1.319000,1.654000,1.353000,0.008000,0.003000,0.007000,-0.026027,0.772084,0.147766,-0.617555,0.370940,-0.255194,0.605010,0.122373,-0.612830,-0.051139,0.779005,-0.355730,-0.241423,0.600827,-0.026027,0.772084,0.147766,-0.617555,0.370940,-0.255194,0.605010,0.122373,-0.612830,-0.051139,0.779005,-0.355730,-0.241423,0.600827,0.449888,0.000000,0.000000,0.000000,1,True,True,0.000000,0.000000,0.000000,0.000000,0.000000,0.000000,0.000000,0.000000,0.000000,True,0.000000,0.000000,0.000000,0.000000,0.000000,0.000000,-0.427345,2.427685,-1.111507,2.890499,-0.427345,2.427685,-1.111507,2.890499,0.000000,0.000000,0.000000,0.000000,0.000000,0.000000,0.000000,0.000000,-510.337463,503.000427,2047.567505,-494.033905,True,velocity,0.449888,0.449888,0.000000,0.000000,18.645848,False
15.240543378982693,-0.004000,1.324000,-1.706000,1.306000,-0.007000,0.005000,-0.006000,-0.048000,1.319000,1.654000,1.353000,0.008000,0.003000,0.007000,-0.026027,0.772084,0.147766,-0.617555,0.370940,-0.255194,0.605010,0.122373,-0.612830,-0.051139,0.779005,-0.355730,-0.241423,0.600827,-0.026027,0.772084,0.147766,-0.617555,0.370940,-0.255194,0.605010,0.122373,-0.612830,-0.051139,0.779005,-0.355730,-0.241423,0.600827,0.449888,0.000000,0.000000,0.000000,1,True,True,0.000000,0.000000,0.000000,0.000000,0.000000,0.000000,0.000000,0.000000,0.000000,True,0.000000,0.000000,0.000000,0.000000,0.000000,0.000000,-0.427461,2.427685,-1.111440,2.889933,-0.427461,2.427685,-1.111440,2.884057,0.000000,0.000000,0.000000,0.000000,0.000000,0.000000,0.000000,0.000000,-510.337463,503.000427,2047.567505,-494.033905,True,velocity,0.449888,0.449888,0.000000,0.000000,18.678815,False
15.274782435997622,-0.004000,1.324000,-1.706000,1.306000,-0.007000,0.005000,-0.006000,-0.048000,1.319000,1.654000,1.353000,0.008000,0.003000,0.007000,-0.026027,0.772084,0.147766,-0.617555,0.370940,-0.255194,0.605010,0.122373,-0.612830,-0.051139,0.779005,-0.355730,-0.241423,0.600827,-0.026027,0.772084,0.147766,-0.617555,0.370940,-0.255194,0.605010,0.122373,-0.612830,-0.051139,0.779005,-0.355730,-0.241423,0.600827,0.449888,0.000000,0.000000,0.000000,1,True,True,0.000000,0.000000,0.000000,0.000000,0.000000,0.000000,0.000000,0.000000,0.000000,True,0.000000,0.000000,0.000000,0.000000,0.000000,0.000000,-0.427461,2.427685,-1.111473,2.890499,-0.427461,2.427685,-1.111507,2.884057,0.000000,0.000000,0.000000,0.000000,0.000000,0.000000,0.000000,0.000000,-510.337463,503.000427,2047.567505,-494.033905,True,velocity,0.449888,0.449888,0.000000,0.000000,18.712868,False
15.307280389009975,-0.004000,1.324000,-1.706000,1.306000,-0.007000,0.005000,-0.006000,-0.048000,1.319000,1.654000,1.353000,0.008000,0.003000,0.007000,-0.026027,0.772084,0.147766,-0.617555,0.370940,-0.255194,0.605010,0.122373,-0.612830,-0.051139,0.779005,-0.355730,-0.241423,0.600827,-0.026027,0.772084,0.147766,-0.617555,0.370940,-0.255194,0.605010,0.122373,-0.612830,-0.051139,0.779005,-0.355730,-0.241423,0.600827,0.449888,0.000000,0.000000,0.000000,1,True,True,0.000000,0.000000,0.000000,0.000000,0.000000,0.000000,0.000000,0.000000,0.000000,True,0.000000,0.000000,0.000000,0.000000,0.000000,0.000000,-0.427461,2.427685,-1.111507,2.890499,-0.427461,2.427817,-1.111473,2.890499,0.000000,0.000000,0.000000,0.000000,0.000000,0.000000,0.000000,0.000000,-510.337463,503.000427,2047.567505,-494.033905,True,velocity,0.449888,0.449888,0.000000,0.000000,18.745501,False
15.34118766899337,-0.004000,1.324000,-1.706000,1.306000,-0.007000,0.005000,-0.006000,-0.048000,1.319000,1.654000,1.353000,0.008000,0.003000,0.007000,-0.026027,0.772084,0.147766,-0.617555,0.370940,-0.255194,0.605010,0.122373,-0.612830,-0.051139,0.779005,-0.355730,-0.241423,0.600827,-0.026027,0.772084,0.147766,-0.617555,0.370940,-0.255194,0.605010,0.122373,-0.612830,-0.051139,0.779005,-0.355730,-0.241423,0.600827,0.449888,0.000000,0.000000,0.000000,1,True,True,0.000000,0.000000,0.000000,0.000000,0.000000,0.000000,0.000000,0.000000,0.000000,True,0.000000,0.000000,0.000000,0.000000,0.000000,0.000000,-0.427345,2.427751,-1.111473,2.889846,-0.427345,2.427817,-1.111507,2.889846,0.000000,0.000000,0.000000,0.000000,0.000000,0.000000,0.000000,0.000000,-510.337463,503.000427,2047.567505,-494.033905,True,velocity,0.449888,0.449888,0.000000,0.000000,18.779406,False
15.375833224010421,-0.004000,1.324000,-1.706000,1.306000,-0.007000,0.005000,-0.006000,-0.048000,1.319000,1.654000,1.353000,0.008000,0.003000,0.007000,-0.026027,0.772084,0.147766,-0.617555,0.370940,-0.255194,0.605010,0.122373,-0.612830,-0.051139,0.779005,-0.355730,-0.241423,0.600827,-0.026027,0.772084,0.147766,-0.617555,0.370940,-0.255194,0.605010,0.122373,-0.612830,-0.051139,0.779005,-0.355730,-0.241423,0.600827,0.449888,0.000000,0.000000,0.000000,1,True,True,0.000000,0.000000,0.000000,0.000000,0.000000,0.000000,0.000000,0.000000,0.000000,True,0.000000,0.000000,0.000000,0.000000,0.000000,0.000000,-0.427345,2.427817,-1.111507,2.889933,-0.427345,2.427817,-1.111507,2.889846,0.000000,0.000000,0.000000,0.000000,0.000000,0.000000,0.000000,0.000000,-510.337463,503.000427,2047.567505,-494.033905,True,velocity,0.449888,0.449888,0.000000,0.000000,18.813617,False
15.409250413998961,-0.004000,1.324000,-1.706000,1.306000,-0.007000,0.005000,-0.006000,-0.048000,1.319000,1.654000,1.353000,0.008000,0.003000,0.007000,-0.026027,0.772084,0.147766,-0.617555,0.370940,-0.255194,0.605010,0.122373,-0.612830,-0.051139,0.779005,-0.355730,-0.241423,0.600827,-0.026027,0.772084,0.147766,-0.617555,0.370940,-0.255194,0.605010,0.122373,-0.612830,-0.051139,0.779005,-0.355730,-0.241423,0.600827,0.449888,0.000000,0.000000,0.000000,1,True,True,0.000000,0.000000,0.000000,0.000000,0.000000,0.000000,0.000000,0.000000,0.000000,True,0.000000,0.000000,0.000000,0.000000,0.000000,0.000000,-0.427345,2.427751,-1.111473,2.889758,-0.427345,2.427751,-1.111473,2.889933,0.000000,0.000000,0.000000,0.000000,0.000000,0.000000,0.000000,0.000000,-510.337463,503.000427,2047.567505,-494.033905,True,velocity,0.449888,0.449888,0.000000,0.000000,18.847463,False
15.442194272996858,-0.004000,1.324000,-1.706000,1.306000,-0.007000,0.005000,-0.006000,-0.048000,1.319000,1.654000,1.353000,0.008000,0.003000,0.007000,-0.026027,0.772084,0.147766,-0.617555,0.370940,-0.255194,0.605010,0.122373,-0.612830,-0.051139,0.779005,-0.355730,-0.241423,0.600827,-0.026027,0.772084,0.147766,-0.617555,0.370940,-0.255194,0.605010,0.122373,-0.612830,-0.051139,0.779005,-0.355730,-0.241423,0.600827,0.449888,0.000000,0.000000,0.000000,1,True,True,0.000000,0.000000,0.000000,0.000000,0.000000,0.000000,0.000000,0.000000,0.000000,True,0.000000,0.000000,0.000000,0.000000,0.000000,0.000000,-0.427345,2.427751,-1.111473,2.883970,-0.427345,2.427751,-1.111473,2.890499,0.000000,0.000000,0.000000,0.000000,0.000000,0.000000,0.000000,0.000000,-510.337463,503.000427,2047.567505,-494.033905,True,velocity,0.449888,0.449888,0.000000,0.000000,18.880415,False
15.474627393006813,-0.004000,1.324000,-1.706000,1.306000,-0.007000,0.005000,-0.006000,-0.048000,1.319000,1.654000,1.353000,0.008000,0.003000,0.007000,-0.026027,0.772084,0.147766,-0.617555,0.370940,-0.255194,0.605010,0.122373,-0.612830,-0.051139,0.779005,-0.355730,-0.241423,0.600827,-0.026027,0.772084,0.147766,-0.617555,0.370940,-0.255194,0.605010,0.122373,-0.612830,-0.051139,0.779005,-0.355730,-0.241423,0.600827,0.449888,0.000000,0.000000,0.000000,1,True,True,0.000000,0.000000,0.000000,0.000000,0.000000,0.000000,0.000000,0.000000,0.000000,True,0.000000,0.000000,0.000000,0.000000,0.000000,0.000000,-0.427461,2.427685,-1.111507,2.889846,-0.427461,2.427751,-1.111507,2.889846,0.000000,0.000000,0.000000,0.000000,0.000000,0.000000,0.000000,0.000000,-510.337463,503.000427,2047.567505,-494.033905,True,velocity,0.449888,0.449888,0.000000,0.000000,18.912902,False
15.508069767995039,-0.004000,1.324000,-1.706000,1.306000,-0.007000,0.005000,-0.006000,-0.048000,1.319000,1.654000,1.353000,0.008000,0.003000,0.007000,-0.026027,0.772084,0.147766,-0.617555,0.370940,-0.255194,0.605010,0.122373,-0.612830,-0.051139,0.779005,-0.355730,-0.241423,0.600827,-0.026027,0.772084,0.147766,-0.617555,0.370940,-0.255194,0.605010,0.122373,-0.612830,-0.051139,0.779005,-0.355730,-0.241423,0.600827,0.449888,0.000000,0.000000,0.000000,1,True,True,0.000000,0.000000,0.000000,0.000000,0.000000,0.000000,0.000000,0.000000,0.000000,True,0.000000,0.000000,0.000000,0.000000,0.000000,0.000000,-0.427461,2.427751,-1.111539,2.890411,-0.427461,2.427751,-1.111539,2.889846,0.000000,0.000000,0.000000,0.000000,0.000000,0.000000,0.000000,0.000000,-510.337463,503.000427,2047.567505,-494.033905,True,velocity,0.449888,0.449888,0.000000,0.000000,18.945925,False
15.542041732987855,-0.004000,1.324000,-1.706000,1.306000,-0.007000,0.005000,-0.006000,-0.048000,1.319000,1.654000,1.353000,0.008000,0.003000,0.007000,-0.026027,0.772084,0.147766,-0.617555,0.370940,-0.255194,0.605010,0.122373,-0.612830,-0.051139,0.779005,-0.355730,-0.241423,0.600827,-0.026027,0.772084,0.147766,-0.617555,0.370940,-0.255194,0.605010,0.122373,-0.612830,-0.051139,0.779005,-0.355730,-0.241423,0.600827,0.449888,0.000000,0.000000,0.000000,1,True,True,0.000000,0.000000,0.000000,0.000000,0.000000,0.000000,0.000000,0.000000,0.000000,True,0.000000,0.000000,0.000000,0.000000,0.000000,0.000000,-0.427461,2.427685,-1.111507,2.889846,-0.427461,2.427751,-1.111507,2.889846,0.000000,0.000000,0.000000,0.000000,0.000000,0.000000,0.000000,0.000000,-510.337463,503.000427,2047.567505,-494.033905,True,velocity,0.449888,0.449888,0.000000,0.000000,18.980313,False
15.575415255996631,-0.004000,1.324000,-1.706000,1.306000,-0.007000,0.005000,-0.006000,-0.048000,1.319000,1.654000,1.353000,0.008000,0.003000,0.007000,-0.026027,0.772084,0.147766,-0.617555,0.370940,-0.255194,0.605010,0.122373,-0.612830,-0.051139,0.779005,-0.355730,-0.241423,0.600827,-0.026027,0.772084,0.147766,-0.617555,0.370940,-0.255194,0.605010,0.122373,-0.612830,-0.051139,0.779005,-0.355730,-0.241423,0.600827,0.449888,0.000000,0.000000,0.000000,1,True,True,0.000000,0.000000,0.000000,0.000000,0.000000,0.000000,0.000000,0.000000,0.000000,True,0.000000,0.000000,0.000000,0.000000,0.000000,0.000000,-0.427461,2.427817,-1.112148,2.890499,-0.427461,2.427817,-1.112148,2.890499,0.000000,0.000000,0.000000,0.000000,0.000000,0.000000,0.000000,0.000000,-510.337463,503.000427,2047.567505,-494.033905,True,velocity,0.449888,0.449888,0.000000,0.000000,19.013664,False
15.608521966001717,-0.004000,1.324000,-1.706000,1.306000,-0.007000,0.005000,-0.006000,-0.048000,1.319000,1.654000,1.353000,0.008000,0.003000,0.007000,-0.026027,0.772084,0.147766,-0.617555,0.370940,-0.255194,0.605010,0.122373,-0.612830,-0.051139,0.779005,-0.355730,-0.241423,0.600827,-0.026027,0.772084,0.147766,-0.617555,0.370940,-0.255194,0.605010,0.122373,-0.612830,-0.051139,0.779005,-0.355730,-0.241423,0.600827,0.449888,0.000000,0.000000,0.000000,1,True,True,0.000000,0.000000,0.000000,0.000000,0.000000,0.000000,0.000000,0.000000,0.000000,True,0.000000,0.000000,0.000000,0.000000,0.000000,0.000000,-0.427461,2.427817,-1.112148,2.890586,-0.427461,2.427817,-1.112148,2.890586,0.000000,0.000000,0.000000,0.000000,0.000000,0.000000,0.000000,0.000000,-510.337463,503.000427,2047.567505,-494.033905,True,velocity,0.449888,0.449888,0.000000,0.000000,19.046417,False
15.642198950983584,-0.004000,1.324000,-1.706000,1.306000,-0.007000,0.005000,-0.006000,-0.048000,1.319000,1.654000,1.353000,0.008000,0.003000,0.007000,-0.026027,0.772084,0.147766,-0.617555,0.370940,-0.255194,0.605010,0.122373,-0.612830,-0.051139,0.779005,-0.355730,-0.241423,0.600827,-0.026027,0.772084,0.147766,-0.617555,0.370940,-0.255194,0.605010,0.122373,-0.612830,-0.051139,0.779005,-0.355730,-0.241423,0.600827,0.449888,0.000000,0.000000,0.000000,1,True,True,0.000000,0.000000,0.000000,0.000000,0.000000,0.000000,0.000000,0.000000,0.000000,True,0.000000,0.000000,0.000000,0.000000,0.000000,0.000000,-0.427461,2.427817,-1.111507,2.889933,-0.427461,2.427751,-1.111539,2.889846,0.000000,0.000000,0.000000,0.000000,0.000000,0.000000,0.000000,0.000000,-510.337463,503.000427,2047.567505,-494.033905,True,velocity,0.449888,0.449888,0.000000,0.000000,19.080364,False
15.675202938989969,-0.004000,1.324000,-1.706000,1.306000,-0.007000,0.005000,-0.006000,-0.048000,1.319000,1.654000,1.353000,0.008000,0.003000,0.007000,-0.026027,0.772084,0.147766,-0.617555,0.370940,-0.255194,0.605010,0.122373,-0.612830,-0.051139,0.779005,-0.355730,-0.241423,0.600827,-0.026027,0.772084,0.147766,-0.617555,0.370940,-0.255194,0.605010,0.122373,-0.612830,-0.051139,0.779005,-0.355730,-0.241423,0.600827,0.449888,0.000000,0.000000,0.000000,1,True,True,0.000000,0.000000,0.000000,0.000000,0.000000,0.000000,0.000000,0.000000,0.000000,True,0.000000,0.000000,0.000000,0.000000,0.000000,0.000000,-0.427461,2.427751,-1.112082,2.883970,-0.427461,2.427751,-1.112082,2.883970,0.000000,0.000000,0.000000,0.000000,0.000000,0.000000,0.000000,0.000000,-510.337463,503.000427,2047.567505,-494.033905,True,velocity,0.449888,0.449888,0.000000,0.000000,19.113369,False
15.710616213007597,-0.004000,1.324000,-1.706000,1.306000,-0.007000,0.005000,-0.006000,-0.048000,1.319000,1.654000,1.353000,0.008000,0.003000,0.007000,-0.026027,0.772084,0.147766,-0.617555,0.370940,-0.255194,0.605010,0.122373,-0.612830,-0.051139,0.779005,-0.355730,-0.241423,0.600827,-0.026027,0.772084,0.147766,-0.617555,0.370940,-0.255194,0.605010,0.122373,-0.612830,-0.051139,0.779005,-0.355730,-0.241423,0.600827,0.449888,0.000000,0.000000,0.000000,1,True,True,0.000000,0.000000,0.000000,0.000000,0.000000,0.000000,0.000000,0.000000,0.000000,True,0.000000,0.000000,0.000000,0.000000,0.000000,0.000000,-0.427461,2.427751,-1.112082,2.883970,-0.427461,2.427751,-1.112082,2.883970,0.000000,0.000000,0.000000,0.000000,0.000000,0.000000,0.000000,0.000000,-510.337463,503.000427,2047.567505,-494.033905,True,velocity,0.449888,0.449888,0.000000,0.000000,19.148498,False
15.74413112399634,-0.004000,1.324000,-1.706000,1.306000,-0.007000,0.005000,-0.006000,-0.048000,1.319000,1.654000,1.353000,0.008000,0.003000,0.007000,-0.026027,0.772084,0.147766,-0.617555,0.370940,-0.255194,0.605010,0.122373,-0.612830,-0.051139,0.779005,-0.355730,-0.241423,0.600827,-0.026027,0.772084,0.147766,-0.617555,0.370940,-0.255194,0.605010,0.122373,-0.612830,-0.051139,0.779005,-0.355730,-0.241423,0.600827,0.449888,0.000000,0.000000,0.000000,1,True,True,0.000000,0.000000,0.000000,0.000000,0.000000,0.000000,0.000000,0.000000,0.000000,True,0.000000,0.000000,0.000000,0.000000,0.000000,0.000000,-0.427461,2.427751,-1.111539,2.883970,-0.427461,2.427751,-1.111507,2.883970,0.000000,0.000000,0.000000,0.000000,0.000000,0.000000,0.000000,0.000000,-510.337463,503.000427,2047.567505,-494.033905,True,velocity,0.449888,0.449888,0.000000,0.000000,19.182377,False
15.775706804008223,-0.004000,1.324000,-1.706000,1.306000,-0.007000,0.005000,-0.006000,-0.048000,1.319000,1.654000,1.353000,0.008000,0.003000,0.007000,-0.026027,0.772084,0.147766,-0.617555,0.370940,-0.255194,0.605010,0.122373,-0.612830,-0.051139,0.779005,-0.355730,-0.241423,0.600827,-0.026027,0.772084,0.147766,-0.617555,0.370940,-0.255194,0.605010,0.122373,-0.612830,-0.051139,0.779005,-0.355730,-0.241423,0.600827,0.449888,0.000000,0.000000,0.000000,1,True,True,0.000000,0.000000,0.000000,0.000000,0.000000,0.000000,0.000000,0.000000,0.000000,True,0.000000,0.000000,0.000000,0.000000,0.000000,0.000000,-0.427461,2.427751,-1.111507,2.890499,-0.427461,2.427751,-1.111507,2.890499,0.000000,0.000000,0.000000,0.000000,0.000000,0.000000,0.000000,0.000000,-510.337463,503.000427,2047.567505,-494.033905,True,velocity,0.449888,0.449888,0.000000,0.000000,19.213958,False
15.808653235988459,-0.004000,1.324000,-1.706000,1.306000,-0.007000,0.005000,-0.006000,-0.048000,1.319000,1.654000,1.353000,0.008000,0.003000,0.007000,-0.026027,0.772084,0.147766,-0.617555,0.370940,-0.255194,0.605010,0.122373,-0.612830,-0.051139,0.779005,-0.355730,-0.241423,0.600827,-0.026027,0.772084,0.147766,-0.617555,0.370940,-0.255194,0.605010,0.122373,-0.612830,-0.051139,0.779005,-0.355730,-0.241423,0.600827,0.449888,0.000000,0.000000,0.000000,1,True,True,0.000000,0.000000,0.000000,0.000000,0.000000,0.000000,0.000000,0.000000,0.000000,True,0.000000,0.000000,0.000000,0.000000,0.000000,0.000000,-0.427461,2.427685,-1.111473,2.890411,-0.427461,2.427685,-1.111473,2.890411,0.000000,0.000000,0.000000,0.000000,0.000000,0.000000,0.000000,0.000000,-510.337463,503.000427,2047.567505,-494.033905,True,velocity,0.449888,0.449888,0.000000,0.000000,19.246885,False
15.842755663994467,-0.004000,1.324000,-1.706000,1.306000,-0.007000,0.005000,-0.006000,-0.048000,1.319000,1.654000,1.353000,0.008000,0.003000,0.007000,-0.026027,0.772084,0.147766,-0.617555,0.370940,-0.255194,0.605010,0.122373,-0.612830,-0.051139,0.779005,-0.355730,-0.241423,0.600827,-0.026027,0.772084,0.147766,-0.617555,0.370940,-0.255194,0.605010,0.122373,-0.612830,-0.051139,0.779005,-0.355730,-0.241423,0.600827,0.449888,0.000000,0.000000,0.000000,1,True,True,0.000000,0.000000,0.000000,0.000000,0.000000,0.000000,0.000000,0.000000,0.000000,True,0.000000,0.000000,0.000000,0.000000,0.000000,0.000000,-0.427461,2.427751,-1.111507,2.889846,-0.427461,2.427751,-1.111507,2.889846,0.000000,0.000000,0.000000,0.000000,0.000000,0.000000,0.000000,0.000000,-510.337463,503.000427,2047.567505,-494.033905,True,velocity,0.449888,0.449888,0.000000,0.000000,19.280808,False
15.875824447983177,-0.004000,1.324000,-1.706000,1.306000,-0.007000,0.005000,-0.006000,-0.048000,1.319000,1.654000,1.353000,0.008000,0.003000,0.007000,-0.026027,0.772084,0.147766,-0.617555,0.370940,-0.255194,0.605010,0.122373,-0.612830,-0.051139,0.779005,-0.355730,-0.241423,0.600827,-0.026027,0.772084,0.147766,-0.617555,0.370940,-0.255194,0.605010,0.122373,-0.612830,-0.051139,0.779005,-0.355730,-0.241423,0.600827,0.449888,0.000000,0.000000,0.000000,1,True,True,0.000000,0.000000,0.000000,0.000000,0.000000,0.000000,0.000000,0.000000,0.000000,True,0.000000,0.000000,0.000000,0.000000,0.000000,0.000000,-0.427461,2.427685,-1.111539,2.883970,-0.427461,2.427685,-1.111539,2.883970,0.000000,0.000000,0.000000,0.000000,0.000000,0.000000,0.000000,0.000000,-510.337463,503.000427,2047.567505,-494.033905,True,velocity,0.449888,0.449888,0.000000,0.000000,19.313941,False
15.909536285005743,-0.004000,1.324000,-1.706000,1.306000,-0.007000,0.005000,-0.006000,-0.048000,1.319000,1.654000,1.353000,0.008000,0.003000,0.007000,-0.026027,0.772084,0.147766,-0.617555,0.370940,-0.255194,0.605010,0.122373,-0.612830,-0.051139,0.779005,-0.355730,-0.241423,0.600827,-0.026027,0.772084,0.147766,-0.617555,0.370940,-0.255194,0.605010,0.122373,-0.612830,-0.051139,0.779005,-0.355730,-0.241423,0.600827,0.449888,0.000000,0.000000,0.000000,1,True,True,0.000000,0.000000,0.000000,0.000000,0.000000,0.000000,0.000000,0.000000,0.000000,True,0.000000,0.000000,0.000000,0.000000,0.000000,0.000000,-0.427461,2.427685,-1.111507,2.883884,-0.427461,2.427685,-1.111539,2.890499,0.000000,0.000000,0.000000,0.000000,0.000000,0.000000,0.000000,0.000000,-510.337463,503.000427,2047.567505,-494.033905,True,velocity,0.449888,0.449888,0.000000,0.000000,19.347779,False
15.943222066009184,-0.004000,1.324000,-1.706000,1.306000,-0.007000,0.005000,-0.006000,-0.048000,1.319000,1.654000,1.353000,0.008000,0.003000,0.007000,-0.026027,0.772084,0.147766,-0.617555,0.370940,-0.255194,0.605010,0.122373,-0.612830,-0.051139,0.779005,-0.355730,-0.241423,0.600827,-0.026027,0.772084,0.147766,-0.617555,0.370940,-0.255194,0.605010,0.122373,-0.612830,-0.051139,0.779005,-0.355730,-0.241423,0.600827,0.449888,0.000000,0.000000,0.000000,1,True,True,0.000000,0.000000,0.000000,0.000000,0.000000,0.000000,0.000000,0.000000,0.000000,True,0.000000,0.000000,0.000000,0.000000,0.000000,0.000000,-0.427461,2.427685,-1.111539,2.889846,-0.427461,2.427685,-1.111539,2.889846,0.000000,0.000000,0.000000,0.000000,0.000000,0.000000,0.000000,0.000000,-510.337463,503.000427,2047.567505,-494.033905,True,velocity,0.449888,0.449888,0.000000,0.000000,19.380832,False
15.976382849010406,-0.004000,1.324000,-1.706000,1.306000,-0.007000,0.005000,-0.006000,-0.048000,1.319000,1.654000,1.353000,0.008000,0.003000,0.007000,-0.026027,0.772084,0.147766,-0.617555,0.370940,-0.255194,0.605010,0.122373,-0.612830,-0.051139,0.779005,-0.355730,-0.241423,0.600827,-0.026027,0.772084,0.147766,-0.617555,0.370940,-0.255194,0.605010,0.122373,-0.612830,-0.051139,0.779005,-0.355730,-0.241423,0.600827,0.449888,0.000000,0.000000,0.000000,1,True,True,0.000000,0.000000,0.000000,0.000000,0.000000,0.000000,0.000000,0.000000,0.000000,True,0.000000,0.000000,0.000000,0.000000,0.000000,0.000000,-0.427345,2.427751,-1.111539,2.890499,-0.427345,2.427751,-1.111539,2.890499,0.000000,0.000000,0.000000,0.000000,0.000000,0.000000,0.000000,0.000000,-510.337463,503.000427,2047.567505,-494.033905,True,velocity,0.449888,0.449888,0.000000,0.000000,19.414562,False
16.00924254200072,-0.004000,1.324000,-1.706000,1.306000,-0.007000,0.005000,-0.006000,-0.048000,1.319000,1.654000,1.353000,0.008000,0.003000,0.007000,-0.026027,0.772084,0.147766,-0.617555,0.370940,-0.255194,0.605010,0.122373,-0.612830,-0.051139,0.779005,-0.355730,-0.241423,0.600827,-0.026027,0.772084,0.147766,-0.617555,0.370940,-0.255194,0.605010,0.122373,-0.612830,-0.051139,0.779005,-0.355730,-0.241423,0.600827,0.449888,0.000000,0.000000,0.000000,1,True,True,0.000000,0.000000,0.000000,0.000000,0.000000,0.000000,0.000000,0.000000,0.000000,True,0.000000,0.000000,0.000000,0.000000,0.000000,0.000000,-0.427345,2.427751,-1.111539,2.890499,-0.427345,2.427751,-1.111539,2.890499,0.000000,0.000000,0.000000,0.000000,0.000000,0.000000,0.000000,0.000000,-510.337463,503.000427,2047.567505,-494.033905,True,velocity,0.449888,0.449888,0.000000,0.000000,19.447493,False
16.043795300996862,-0.004000,1.324000,-1.706000,1.306000,-0.007000,0.005000,-0.006000,-0.048000,1.319000,1.654000,1.353000,0.008000,0.003000,0.007000,-0.026027,0.772084,0.147766,-0.617555,0.370940,-0.255194,0.605010,0.122373,-0.612830,-0.051139,0.779005,-0.355730,-0.241423,0.600827,-0.026027,0.772084,0.147766,-0.617555,0.370940,-0.255194,0.605010,0.122373,-0.612830,-0.051139,0.779005,-0.355730,-0.241423,0.600827,0.449888,0.000000,0.000000,0.000000,1,True,True,0.000000,0.000000,0.000000,0.000000,0.000000,0.000000,0.000000,0.000000,0.000000,True,0.000000,0.000000,0.000000,0.000000,0.000000,0.000000,-0.427461,2.427751,-1.111539,2.890411,-0.427461,2.427751,-1.111539,2.890411,0.000000,0.000000,0.000000,0.000000,0.000000,0.000000,0.000000,0.000000,-510.337463,503.000427,2047.567505,-494.033905,True,velocity,0.449888,0.449888,0.000000,0.000000,19.481877,False
16.076186902006157,-0.004000,1.324000,-1.706000,1.306000,-0.007000,0.005000,-0.006000,-0.048000,1.319000,1.654000,1.353000,0.008000,0.003000,0.007000,-0.026027,0.772084,0.147766,-0.617555,0.370940,-0.255194,0.605010,0.122373,-0.612830,-0.051139,0.779005,-0.355730,-0.241423,0.600827,-0.026027,0.772084,0.147766,-0.617555,0.370940,-0.255194,0.605010,0.122373,-0.612830,-0.051139,0.779005,-0.355730,-0.241423,0.600827,0.449888,0.000000,0.000000,0.000000,1,True,True,0.000000,0.000000,0.000000,0.000000,0.000000,0.000000,0.000000,0.000000,0.000000,True,0.000000,0.000000,0.000000,0.000000,0.000000,0.000000,-0.427461,2.427751,-1.111507,2.890499,-0.427987,2.427751,-1.111507,2.890499,0.000000,0.000000,0.000000,0.000000,0.000000,0.000000,0.000000,0.000000,-510.337463,503.000427,2047.567505,-494.033905,True,velocity,0.449888,0.449888,0.000000,0.000000,19.514435,False
16.10995936798281,-0.004000,1.324000,-1.706000,1.306000,-0.007000,0.005000,-0.006000,-0.048000,1.319000,1.654000,1.353000,0.008000,0.003000,0.007000,-0.026027,0.772084,0.147766,-0.617555,0.370940,-0.255194,0.605010,0.122373,-0.612830,-0.051139,0.779005,-0.355730,-0.241423,0.600827,-0.026027,0.772084,0.147766,-0.617555,0.370940,-0.255194,0.605010,0.122373,-0.612830,-0.051139,0.779005,-0.355730,-0.241423,0.600827,0.449888,0.000000,0.000000,0.000000,1,True,True,0.000000,0.000000,0.000000,0.000000,0.000000,0.000000,0.000000,0.000000,0.000000,True,0.000000,0.000000,0.000000,0.000000,0.000000,0.000000,-0.427345,2.427751,-1.111573,2.889933,-0.427345,2.427751,-1.111573,2.889933,0.000000,0.000000,0.000000,0.000000,0.000000,0.000000,0.000000,0.000000,-510.337463,503.000427,2047.567505,-494.033905,True,velocity,0.449888,0.449888,0.000000,0.000000,19.548215,False
16.14293028198881,-0.004000,1.324000,-1.706000,1.306000,-0.007000,0.005000,-0.006000,-0.048000,1.319000,1.654000,1.353000,0.008000,0.003000,0.007000,-0.026027,0.772084,0.147766,-0.617555,0.370940,-0.255194,0.605010,0.122373,-0.612830,-0.051139,0.779005,-0.355730,-0.241423,0.600827,-0.026027,0.772084,0.147766,-0.617555,0.370940,-0.255194,0.605010,0.122373,-0.612830,-0.051139,0.779005,-0.355730,-0.241423,0.600827,0.449888,0.000000,0.000000,0.000000,1,True,True,0.000000,0.000000,0.000000,0.000000,0.000000,0.000000,0.000000,0.000000,0.000000,True,0.000000,0.000000,0.000000,0.000000,0.000000,0.000000,-0.427345,2.427751,-1.111507,2.889933,-0.427461,2.427751,-1.111507,2.890586,0.000000,0.000000,0.000000,0.000000,0.000000,0.000000,0.000000,0.000000,-510.337463,503.000427,2047.567505,-494.033905,True,velocity,0.449888,0.449888,0.000000,0.000000,19.581095,False
16.177026561985258,-0.004000,1.324000,-1.706000,1.306000,-0.007000,0.005000,-0.006000,-0.048000,1.319000,1.654000,1.353000,0.008000,0.003000,0.007000,-0.026027,0.772084,0.147766,-0.617555,0.370940,-0.255194,0.605010,0.122373,-0.612830,-0.051139,0.779005,-0.355730,-0.241423,0.600827,-0.026027,0.772084,0.147766,-0.617555,0.370940,-0.255194,0.605010,0.122373,-0.612830,-0.051139,0.779005,-0.355730,-0.241423,0.600827,0.449888,0.000000,0.000000,0.000000,1,True,True,0.000000,0.000000,0.000000,0.000000,0.000000,0.000000,0.000000,0.000000,0.000000,True,0.000000,0.000000,0.000000,0.000000,0.000000,0.000000,-0.427461,2.427751,-1.111507,2.890499,-0.427461,2.427751,-1.111573,2.890499,0.000000,0.000000,0.000000,0.000000,0.000000,0.000000,0.000000,0.000000,-510.337463,503.000427,2047.567505,-494.033905,True,velocity,0.449888,0.449888,0.000000,0.000000,19.615094,False
16.210053846007213,-0.004000,1.324000,-1.706000,1.306000,-0.007000,0.005000,-0.006000,-0.048000,1.319000,1.654000,1.353000,0.008000,0.003000,0.007000,-0.026027,0.772084,0.147766,-0.617555,0.370940,-0.255194,0.605010,0.122373,-0.612830,-0.051139,0.779005,-0.355730,-0.241423,0.600827,-0.026027,0.772084,0.147766,-0.617555,0.370940,-0.255194,0.605010,0.122373,-0.612830,-0.051139,0.779005,-0.355730,-0.241423,0.600827,0.449888,0.000000,0.000000,0.000000,1,True,True,0.000000,0.000000,0.000000,0.000000,0.000000,0.000000,0.000000,0.000000,0.000000,True,0.000000,0.000000,0.000000,0.000000,0.000000,0.000000,-0.427345,2.427751,-1.111539,2.890499,-0.427345,2.427751,-1.111539,2.890499,0.000000,0.000000,0.000000,0.000000,0.000000,0.000000,0.000000,0.000000,-510.337463,503.000427,2047.567505,-494.033905,True,velocity,0.449888,0.449888,0.000000,0.000000,19.648169,False
16.243856107990723,-0.004000,1.324000,-1.706000,1.306000,-0.007000,0.005000,-0.006000,-0.048000,1.319000,1.654000,1.353000,0.008000,0.003000,0.007000,-0.026027,0.772084,0.147766,-0.617555,0.370940,-0.255194,0.605010,0.122373,-0.612830,-0.051139,0.779005,-0.355730,-0.241423,0.600827,-0.026027,0.772084,0.147766,-0.617555,0.370940,-0.255194,0.605010,0.122373,-0.612830,-0.051139,0.779005,-0.355730,-0.241423,0.600827,0.449888,0.000000,0.000000,0.000000,1,True,True,0.000000,0.000000,0.000000,0.000000,0.000000,0.000000,0.000000,0.000000,0.000000,True,0.000000,0.000000,0.000000,0.000000,0.000000,0.000000,-0.427345,2.427685,-1.111539,2.890499,-0.427461,2.427817,-1.111507,2.890499,0.000000,0.000000,0.000000,0.000000,0.000000,0.000000,0.000000,0.000000,-510.337463,503.000427,2047.567505,-494.033905,True,velocity,0.449888,0.449888,0.000000,0.000000,19.682075,False
16.27740027901018,-0.004000,1.324000,-1.706000,1.306000,-0.007000,0.005000,-0.006000,-0.048000,1.319000,1.654000,1.353000,0.008000,0.003000,0.007000,-0.026027,0.772084,0.147766,-0.617555,0.370940,-0.255194,0.605010,0.122373,-0.612830,-0.051139,0.779005,-0.355730,-0.241423,0.600827,-0.026027,0.772084,0.147766,-0.617555,0.370940,-0.255194,0.605010,0.122373,-0.612830,-0.051139,0.779005,-0.355730,-0.241423,0.600827,0.449888,0.000000,0.000000,0.000000,1,True,True,0.000000,0.000000,0.000000,0.000000,0.000000,0.000000,0.000000,0.000000,0.000000,True,0.000000,0.000000,0.000000,0.000000,0.000000,0.000000,-0.427461,2.427817,-1.111539,2.890499,-0.427345,2.427817,-1.111507,2.890499,0.000000,0.000000,0.000000,0.000000,0.000000,0.000000,0.000000,0.000000,-510.337463,503.000427,2047.567505,-494.033905,True,velocity,0.449888,0.449888,0.000000,0.000000,19.715322,False
16.310809357994003,-0.004000,1.324000,-1.706000,1.306000,-0.007000,0.005000,-0.006000,-0.048000,1.319000,1.654000,1.353000,0.008000,0.003000,0.007000,-0.026027,0.772084,0.147766,-0.617555,0.370940,-0.255194,0.605010,0.122373,-0.612830,-0.051139,0.779005,-0.355730,-0.241423,0.600827,-0.026027,0.772084,0.147766,-0.617555,0.370940,-0.255194,0.605010,0.122373,-0.612830,-0.051139,0.779005,-0.355730,-0.241423,0.600827,0.449888,0.000000,0.000000,0.000000,1,True,True,0.000000,0.000000,0.000000,0.000000,0.000000,0.000000,0.000000,0.000000,0.000000,True,0.000000,0.000000,0.000000,0.000000,0.000000,0.000000,-0.427461,2.427817,-1.111507,2.890499,-0.427461,2.427751,-1.111507,2.890499,0.000000,0.000000,0.000000,0.000000,0.000000,0.000000,0.000000,0.000000,-510.337463,503.000427,2047.567505,-494.033905,True,velocity,0.449888,0.449888,0.000000,0.000000,19.749013,False
16.343621587002417,-0.004000,1.324000,-1.706000,1.306000,-0.007000,0.005000,-0.006000,-0.048000,1.319000,1.654000,1.353000,0.008000,0.003000,0.007000,-0.026027,0.772084,0.147766,-0.617555,0.370940,-0.255194,0.605010,0.122373,-0.612830,-0.051139,0.779005,-0.355730,-0.241423,0.600827,-0.026027,0.772084,0.147766,-0.617555,0.370940,-0.255194,0.605010,0.122373,-0.612830,-0.051139,0.779005,-0.355730,-0.241423,0.600827,0.449888,0.000000,0.000000,0.000000,1,True,True,0.000000,0.000000,0.000000,0.000000,0.000000,0.000000,0.000000,0.000000,0.000000,True,0.000000,0.000000,0.000000,0.000000,0.000000,0.000000,-0.427461,2.427685,-1.111507,2.890499,-0.427461,2.427685,-1.111507,2.890499,0.000000,0.000000,0.000000,0.000000,0.000000,0.000000,0.000000,0.000000,-510.337463,503.000427,2047.567505,-494.033905,True,velocity,0.449888,0.449888,0.000000,0.000000,19.781866,False
16.37748058998841,-0.004000,1.324000,-1.706000,1.306000,-0.007000,0.005000,-0.006000,-0.048000,1.319000,1.654000,1.353000,0.008000,0.003000,0.007000,-0.026027,0.772084,0.147766,-0.617555,0.370940,-0.255194,0.605010,0.122373,-0.612830,-0.051139,0.779005,-0.355730,-0.241423,0.600827,-0.026027,0.772084,0.147766,-0.617555,0.370940,-0.255194,0.605010,0.122373,-0.612830,-0.051139,0.779005,-0.355730,-0.241423,0.600827,0.449888,0.000000,0.000000,0.000000,1,True,True,0.000000,0.000000,0.000000,0.000000,0.000000,0.000000,0.000000,0.000000,0.000000,True,0.000000,0.000000,0.000000,0.000000,0.000000,0.000000,-0.427345,2.427619,-1.111507,2.890499,-0.427345,2.427619,-1.111507,2.890499,0.000000,0.000000,0.000000,0.000000,0.000000,0.000000,0.000000,0.000000,-510.337463,503.000427,2047.567505,-494.033905,True,velocity,0.449888,0.449888,0.000000,0.000000,19.815572,False
16.41019070899347,-0.004000,1.324000,-1.706000,1.306000,-0.007000,0.005000,-0.006000,-0.048000,1.319000,1.654000,1.353000,0.008000,0.003000,0.007000,-0.026027,0.772084,0.147766,-0.617555,0.370940,-0.255194,0.605010,0.122373,-0.612830,-0.051139,0.779005,-0.355730,-0.241423,0.600827,-0.026027,0.772084,0.147766,-0.617555,0.370940,-0.255194,0.605010,0.122373,-0.612830,-0.051139,0.779005,-0.355730,-0.241423,0.600827,0.449888,0.000000,0.000000,0.000000,1,True,True,0.000000,0.000000,0.000000,0.000000,0.000000,0.000000,0.000000,0.000000,0.000000,True,0.000000,0.000000,0.000000,0.000000,0.000000,0.000000,-0.427345,2.427817,-1.111507,2.890499,-0.427345,2.427817,-1.111539,2.890499,0.000000,0.000000,0.000000,0.000000,0.000000,0.000000,0.000000,0.000000,-510.337463,503.000427,2047.567505,-494.033905,True,velocity,0.449888,0.449888,0.000000,0.000000,19.848435,False
16.444340562011348,-0.004000,1.324000,-1.706000,1.306000,-0.007000,0.005000,-0.006000,-0.048000,1.319000,1.654000,1.353000,0.008000,0.003000,0.007000,-0.026027,0.772084,0.147766,-0.617555,0.370940,-0.255194,0.605010,0.122373,-0.612830,-0.051139,0.779005,-0.355730,-0.241423,0.600827,-0.026027,0.772084,0.147766,-0.617555,0.370940,-0.255194,0.605010,0.122373,-0.612830,-0.051139,0.779005,-0.355730,-0.241423,0.600827,0.449888,0.000000,0.000000,0.000000,1,True,True,0.000000,0.000000,0.000000,0.000000,0.000000,0.000000,0.000000,0.000000,0.000000,True,0.000000,0.000000,0.000000,0.000000,0.000000,0.000000,-0.427345,2.427685,-1.112148,2.890499,-0.427345,2.427685,-1.112148,2.890499,0.000000,0.000000,0.000000,0.000000,0.000000,0.000000,0.000000,0.000000,-510.337463,503.000427,2047.567505,-494.033905,True,velocity,0.449888,0.449888,0.000000,0.000000,19.882516,False
16.477695178007707,-0.004000,1.324000,-1.706000,1.306000,-0.007000,0.005000,-0.006000,-0.048000,1.319000,1.654000,1.353000,0.008000,0.003000,0.007000,-0.026027,0.772084,0.147766,-0.617555,0.370940,-0.255194,0.605010,0.122373,-0.612830,-0.051139,0.779005,-0.355730,-0.241423,0.600827,-0.026027,0.772084,0.147766,-0.617555,0.370940,-0.255194,0.605010,0.122373,-0.612830,-0.051139,0.779005,-0.355730,-0.241423,0.600827,0.449888,0.000000,0.000000,0.000000,1,True,True,0.000000,0.000000,0.000000,0.000000,0.000000,0.000000,0.000000,0.000000,0.000000,True,0.000000,0.000000,0.000000,0.000000,0.000000,0.000000,-0.427461,2.427751,-1.111539,2.890499,-0.427461,2.427751,-1.111539,2.889933,0.000000,0.000000,0.000000,0.000000,0.000000,0.000000,0.000000,0.000000,-510.337463,503.000427,2047.567505,-494.033905,True,velocity,0.449888,0.449888,0.000000,0.000000,19.915615,False
16.511293941002805,-0.004000,1.324000,-1.706000,1.306000,-0.007000,0.005000,-0.006000,-0.048000,1.319000,1.654000,1.353000,0.008000,0.003000,0.007000,-0.026027,0.772084,0.147766,-0.617555,0.370940,-0.255194,0.605010,0.122373,-0.612830,-0.051139,0.779005,-0.355730,-0.241423,0.600827,-0.026027,0.772084,0.147766,-0.617555,0.370940,-0.255194,0.605010,0.122373,-0.612830,-0.051139,0.779005,-0.355730,-0.241423,0.600827,0.449888,0.000000,0.000000,0.000000,1,True,True,0.000000,0.000000,0.000000,0.000000,0.000000,0.000000,0.000000,0.000000,0.000000,True,0.000000,0.000000,0.000000,0.000000,0.000000,0.000000,-0.427461,2.427751,-1.111539,2.889846,-0.427461,2.427751,-1.111539,2.890499,0.000000,0.000000,0.000000,0.000000,0.000000,0.000000,0.000000,0.000000,-510.337463,503.000427,2047.567505,-494.033905,True,velocity,0.449888,0.449888,0.000000,0.000000,19.949539,False
16.54452150198631,-0.004000,1.324000,-1.706000,1.306000,-0.007000,0.005000,-0.006000,-0.048000,1.319000,1.654000,1.353000,0.008000,0.003000,0.007000,-0.026027,0.772084,0.147766,-0.617555,0.370940,-0.255194,0.605010,0.122373,-0.612830,-0.051139,0.779005,-0.355730,-0.241423,0.600827,-0.026027,0.772084,0.147766,-0.617555,0.370940,-0.255194,0.605010,0.122373,-0.612830,-0.051139,0.779005,-0.355730,-0.241423,0.600827,0.449888,0.000000,0.000000,0.000000,1,True,True,0.000000,0.000000,0.000000,0.000000,0.000000,0.000000,0.000000,0.000000,0.000000,True,0.000000,0.000000,0.000000,0.000000,0.000000,0.000000,-0.427461,2.427751,-1.111539,2.889846,-0.427461,2.427751,-1.111539,2.889846,0.000000,0.000000,0.000000,0.000000,0.000000,0.000000,0.000000,0.000000,-510.337463,503.000427,2047.567505,-494.033905,True,velocity,0.449888,0.449888,0.000000,0.000000,19.982660,False
16.57875874399906,-0.004000,1.324000,-1.706000,1.306000,-0.007000,0.005000,-0.006000,-0.048000,1.319000,1.654000,1.353000,0.008000,0.003000,0.007000,-0.026027,0.772084,0.147766,-0.617555,0.370940,-0.255194,0.605010,0.122373,-0.612830,-0.051139,0.779005,-0.355730,-0.241423,0.600827,-0.026027,0.772084,0.147766,-0.617555,0.370940,-0.255194,0.605010,0.122373,-0.612830,-0.051139,0.779005,-0.355730,-0.241423,0.600827,0.449888,0.000000,0.000000,0.000000,1,True,True,0.000000,0.000000,0.000000,0.000000,0.000000,0.000000,0.000000,0.000000,0.000000,True,0.000000,0.000000,0.000000,0.000000,0.000000,0.000000,-0.427345,2.427751,-1.111473,2.889846,-0.427345,2.427751,-1.111473,2.889846,0.000000,0.000000,0.000000,0.000000,0.000000,0.000000,0.000000,0.000000,-510.337463,503.000427,2047.567505,-494.033905,True,velocity,0.449888,0.449888,0.000000,0.000000,20.016290,False
16.611397697008215,-0.004000,1.324000,-1.706000,1.306000,-0.007000,0.005000,-0.006000,-0.048000,1.319000,1.654000,1.353000,0.008000,0.003000,0.007000,-0.026027,0.772084,0.147766,-0.617555,0.370940,-0.255194,0.605010,0.122373,-0.612830,-0.051139,0.779005,-0.355730,-0.241423,0.600827,-0.026027,0.772084,0.147766,-0.617555,0.370940,-0.255194,0.605010,0.122373,-0.612830,-0.051139,0.779005,-0.355730,-0.241423,0.600827,0.449888,0.000000,0.000000,0.000000,1,True,True,0.000000,0.000000,0.000000,0.000000,0.000000,0.000000,0.000000,0.000000,0.000000,True,0.000000,0.000000,0.000000,0.000000,0.000000,0.000000,-0.427461,2.427751,-1.111539,2.890499,-0.427461,2.427751,-1.111539,2.890499,0.000000,0.000000,0.000000,0.000000,0.000000,0.000000,0.000000,0.000000,-510.337463,503.000427,2047.567505,-494.033905,True,velocity,0.449888,0.449888,0.000000,0.000000,20.049558,False
16.64472642398323,-0.004000,1.324000,-1.706000,1.306000,-0.007000,0.005000,-0.006000,-0.048000,1.319000,1.654000,1.353000,0.008000,0.003000,0.007000,-0.026027,0.772084,0.147766,-0.617555,0.370940,-0.255194,0.605010,0.122373,-0.612830,-0.051139,0.779005,-0.355730,-0.241423,0.600827,-0.026027,0.772084,0.147766,-0.617555,0.370940,-0.255194,0.605010,0.122373,-0.612830,-0.051139,0.779005,-0.355730,-0.241423,0.600827,0.449888,0.000000,0.000000,0.000000,1,True,True,0.000000,0.000000,0.000000,0.000000,0.000000,0.000000,0.000000,0.000000,0.000000,True,0.000000,0.000000,0.000000,0.000000,0.000000,0.000000,-0.427345,2.427751,-1.111473,2.890499,-0.427345,2.427751,-1.111507,2.890499,0.000000,0.000000,0.000000,0.000000,0.000000,0.000000,0.000000,0.000000,-510.337463,503.000427,2047.567505,-494.033905,True,velocity,0.449888,0.449888,0.000000,0.000000,20.082982,False
16.678073910006788,-0.004000,1.324000,-1.706000,1.306000,-0.007000,0.005000,-0.006000,-0.048000,1.319000,1.654000,1.353000,0.008000,0.003000,0.007000,-0.026027,0.772084,0.147766,-0.617555,0.370940,-0.255194,0.605010,0.122373,-0.612830,-0.051139,0.779005,-0.355730,-0.241423,0.600827,-0.026027,0.772084,0.147766,-0.617555,0.370940,-0.255194,0.605010,0.122373,-0.612830,-0.051139,0.779005,-0.355730,-0.241423,0.600827,0.449888,0.000000,0.000000,0.000000,1,True,True,0.000000,0.000000,0.000000,0.000000,0.000000,0.000000,0.000000,0.000000,0.000000,True,0.000000,0.000000,0.000000,0.000000,0.000000,0.000000,-0.427870,2.427751,-1.111473,2.889846,-0.427870,2.427751,-1.111473,2.889846,0.000000,0.000000,0.000000,0.000000,0.000000,0.000000,0.000000,0.000000,-510.337463,503.000427,2047.567505,-494.033905,True,velocity,0.449888,0.449888,0.000000,0.000000,20.116054,False
16.712203653005417,-0.004000,1.324000,-1.706000,1.306000,-0.007000,0.005000,-0.006000,-0.048000,1.319000,1.654000,1.353000,0.008000,0.003000,0.007000,-0.026027,0.772084,0.147766,-0.617555,0.370940,-0.255194,0.605010,0.122373,-0.612830,-0.051139,0.779005,-0.355730,-0.241423,0.600827,-0.026027,0.772084,0.147766,-0.617555,0.370940,-0.255194,0.605010,0.122373,-0.612830,-0.051139,0.779005,-0.355730,-0.241423,0.600827,0.449888,0.000000,0.000000,0.000000,1,True,True,0.000000,0.000000,0.000000,0.000000,0.000000,0.000000,0.000000,0.000000,0.000000,True,0.000000,0.000000,0.000000,0.000000,0.000000,0.000000,-0.427229,2.427685,-1.111507,2.890411,-0.427870,2.427751,-1.111507,2.883884,0.000000,0.000000,0.000000,0.000000,0.000000,0.000000,0.000000,0.000000,-510.337463,503.000427,2047.567505,-494.033905,True,velocity,0.449888,0.449888,0.000000,0.000000,20.150251,False
16.745092197001213,-0.004000,1.324000,-1.706000,1.306000,-0.007000,0.005000,-0.006000,-0.048000,1.319000,1.654000,1.353000,0.008000,0.003000,0.007000,-0.026027,0.772084,0.147766,-0.617555,0.370940,-0.255194,0.605010,0.122373,-0.612830,-0.051139,0.779005,-0.355730,-0.241423,0.600827,-0.026027,0.772084,0.147766,-0.617555,0.370940,-0.255194,0.605010,0.122373,-0.612830,-0.051139,0.779005,-0.355730,-0.241423,0.600827,0.449888,0.000000,0.000000,0.000000,1,True,True,0.000000,0.000000,0.000000,0.000000,0.000000,0.000000,0.000000,0.000000,0.000000,True,0.000000,0.000000,0.000000,0.000000,0.000000,0.000000,-0.427229,2.427751,-1.111507,2.889846,-0.427229,2.427751,-1.111507,2.889846,0.000000,0.000000,0.000000,0.000000,0.000000,0.000000,0.000000,0.000000,-510.337463,503.000427,2047.567505,-494.033905,True,velocity,0.449888,0.449888,0.000000,0.000000,20.183240,False
16.779192346992204,-0.004000,1.324000,-1.706000,1.306000,-0.007000,0.005000,-0.006000,-0.048000,1.319000,1.654000,1.353000,0.008000,0.003000,0.007000,-0.026027,0.772084,0.147766,-0.617555,0.370940,-0.255194,0.605010,0.122373,-0.612830,-0.051139,0.779005,-0.355730,-0.241423,0.600827,-0.026027,0.772084,0.147766,-0.617555,0.370940,-0.255194,0.605010,0.122373,-0.612830,-0.051139,0.779005,-0.355730,-0.241423,0.600827,0.449888,0.000000,0.000000,0.000000,1,True,True,0.000000,0.000000,0.000000,0.000000,0.000000,0.000000,0.000000,0.000000,0.000000,True,0.000000,0.000000,0.000000,0.000000,0.000000,0.000000,-0.427345,2.427817,-1.111507,2.889846,-0.427345,2.427817,-1.111507,2.889846,0.000000,0.000000,0.000000,0.000000,0.000000,0.000000,0.000000,0.000000,-510.337463,503.000427,2047.567505,-494.033905,True,velocity,0.449888,0.449888,0.000000,0.000000,20.217440,False
16.811917668994283,-0.004000,1.324000,-1.706000,1.306000,-0.007000,0.005000,-0.006000,-0.048000,1.319000,1.654000,1.353000,0.008000,0.003000,0.007000,-0.026027,0.772084,0.147766,-0.617555,0.370940,-0.255194,0.605010,0.122373,-0.612830,-0.051139,0.779005,-0.355730,-0.241423,0.600827,-0.026027,0.772084,0.147766,-0.617555,0.370940,-0.255194,0.605010,0.122373,-0.612830,-0.051139,0.779005,-0.355730,-0.241423,0.600827,0.449888,0.000000,0.000000,0.000000,1,True,True,0.000000,0.000000,0.000000,0.000000,0.000000,0.000000,0.000000,0.000000,0.000000,True,0.000000,0.000000,0.000000,0.000000,0.000000,0.000000,-0.427345,2.427751,-1.111507,2.889846,-0.427345,2.427751,-1.111507,2.889846,0.000000,0.000000,0.000000,0.000000,0.000000,0.000000,0.000000,0.000000,-510.337463,503.000427,2047.567505,-494.033905,True,velocity,0.449888,0.449888,0.000000,0.000000,20.250079,False
16.846950906998245,-0.004000,1.324000,-1.706000,1.306000,-0.007000,0.005000,-0.006000,-0.048000,1.319000,1.654000,1.353000,0.008000,0.003000,0.007000,-0.026027,0.772084,0.147766,-0.617555,0.370940,-0.255194,0.605010,0.122373,-0.612830,-0.051139,0.779005,-0.355730,-0.241423,0.600827,-0.026027,0.772084,0.147766,-0.617555,0.370940,-0.255194,0.605010,0.122373,-0.612830,-0.051139,0.779005,-0.355730,-0.241423,0.600827,0.449888,0.000000,0.000000,0.000000,1,True,True,0.000000,0.000000,0.000000,0.000000,0.000000,0.000000,0.000000,0.000000,0.000000,True,0.000000,0.000000,0.000000,0.000000,0.000000,0.000000,-0.427345,2.427817,-1.111507,2.890586,-0.427345,2.427685,-1.111507,2.883970,0.000000,0.000000,0.000000,0.000000,0.000000,0.000000,0.000000,0.000000,-510.337463,503.000427,2047.567505,-494.033905,True,velocity,0.449888,0.449888,0.000000,0.000000,20.284482,False
16.87808543999563,-0.004000,1.324000,-1.706000,1.306000,-0.007000,0.005000,-0.006000,-0.048000,1.319000,1.654000,1.353000,0.008000,0.003000,0.007000,-0.026027,0.772084,0.147766,-0.617555,0.370940,-0.255194,0.605010,0.122373,-0.612830,-0.051139,0.779005,-0.355730,-0.241423,0.600827,-0.026027,0.772084,0.147766,-0.617555,0.370940,-0.255194,0.605010,0.122373,-0.612830,-0.051139,0.779005,-0.355730,-0.241423,0.600827,0.449888,0.000000,0.000000,0.000000,1,True,True,0.000000,0.000000,0.000000,0.000000,0.000000,0.000000,0.000000,0.000000,0.000000,True,0.000000,0.000000,0.000000,0.000000,0.000000,0.000000,-0.427870,2.427751,-1.111507,2.890499,-0.427345,2.427751,-1.111507,2.890499,0.000000,0.000000,0.000000,0.000000,0.000000,0.000000,0.000000,0.000000,-510.337463,503.000427,2047.567505,-494.033905,True,velocity,0.449888,0.449888,0.000000,0.000000,20.316213,False
16.91167905498878,-0.004000,1.324000,-1.706000,1.306000,-0.007000,0.005000,-0.006000,-0.048000,1.319000,1.654000,1.353000,0.008000,0.003000,0.007000,-0.026027,0.772084,0.147766,-0.617555,0.370940,-0.255194,0.605010,0.122373,-0.612830,-0.051139,0.779005,-0.355730,-0.241423,0.600827,-0.026027,0.772084,0.147766,-0.617555,0.370940,-0.255194,0.605010,0.122373,-0.612830,-0.051139,0.779005,-0.355730,-0.241423,0.600827,0.449888,0.000000,0.000000,0.000000,1,True,True,0.000000,0.000000,0.000000,0.000000,0.000000,0.000000,0.000000,0.000000,0.000000,True,0.000000,0.000000,0.000000,0.000000,0.000000,0.000000,-0.427461,2.427751,-1.111539,2.884057,-0.427461,2.427751,-1.111539,2.884057,0.000000,0.000000,0.000000,0.000000,0.000000,0.000000,0.000000,0.000000,-510.337463,503.000427,2047.567505,-494.033905,True,velocity,0.449888,0.449888,0.000000,0.000000,20.349948,False
16.94523491099244,-0.004000,1.324000,-1.706000,1.306000,-0.007000,0.005000,-0.006000,-0.048000,1.319000,1.654000,1.353000,0.008000,0.003000,0.007000,-0.026027,0.772084,0.147766,-0.617555,0.370940,-0.255194,0.605010,0.122373,-0.612830,-0.051139,0.779005,-0.355730,-0.241423,0.600827,-0.026027,0.772084,0.147766,-0.617555,0.370940,-0.255194,0.605010,0.122373,-0.612830,-0.051139,0.779005,-0.355730,-0.241423,0.600827,0.449888,0.000000,0.000000,0.000000,1,True,True,0.000000,0.000000,0.000000,0.000000,0.000000,0.000000,0.000000,0.000000,0.000000,True,0.000000,0.000000,0.000000,0.000000,0.000000,0.000000,-0.427345,2.427751,-1.112115,2.883970,-0.427345,2.427751,-1.112115,2.883970,0.000000,0.000000,0.000000,0.000000,0.000000,0.000000,0.000000,0.000000,-510.337463,503.000427,2047.567505,-494.033905,True,velocity,0.449888,0.449888,0.000000,0.000000,20.383460,False
16.980377759988187,-0.004000,1.324000,-1.706000,1.306000,-0.007000,0.005000,-0.006000,-0.048000,1.319000,1.654000,1.353000,0.008000,0.003000,0.007000,-0.026027,0.772084,0.147766,-0.617555,0.370940,-0.255194,0.605010,0.122373,-0.612830,-0.051139,0.779005,-0.355730,-0.241423,0.600827,-0.026027,0.772084,0.147766,-0.617555,0.370940,-0.255194,0.605010,0.122373,-0.612830,-0.051139,0.779005,-0.355730,-0.241423,0.600827,0.449888,0.000000,0.000000,0.000000,1,True,True,0.000000,0.000000,0.000000,0.000000,0.000000,0.000000,0.000000,0.000000,0.000000,True,0.000000,0.000000,0.000000,0.000000,0.000000,0.000000,-0.427345,2.427751,-1.112082,2.883970,-0.427345,2.427751,-1.112082,2.889846,0.000000,0.000000,0.000000,0.000000,0.000000,0.000000,0.000000,0.000000,-510.337463,503.000427,2047.567505,-494.033905,True,velocity,0.449888,0.449888,0.000000,0.000000,20.417925,False
17.012821490992792,-0.004000,1.324000,-1.706000,1.306000,-0.007000,0.005000,-0.006000,-0.048000,1.319000,1.654000,1.353000,0.008000,0.003000,0.007000,-0.026027,0.772084,0.147766,-0.617555,0.370940,-0.255194,0.605010,0.122373,-0.612830,-0.051139,0.779005,-0.355730,-0.241423,0.600827,-0.026027,0.772084,0.147766,-0.617555,0.370940,-0.255194,0.605010,0.122373,-0.612830,-0.051139,0.779005,-0.355730,-0.241423,0.600827,0.449888,0.000000,0.000000,0.000000,1,True,True,0.000000,0.000000,0.000000,0.000000,0.000000,0.000000,0.000000,0.000000,0.000000,True,0.000000,0.000000,0.000000,0.000000,0.000000,0.000000,-0.427345,2.427751,-1.112115,2.889846,-0.427345,2.427751,-1.112115,2.889933,0.000000,0.000000,0.000000,0.000000,0.000000,0.000000,0.000000,0.000000,-510.337463,503.000427,2047.567505,-494.033905,True,velocity,0.449888,0.449888,0.000000,0.000000,20.451011,False
17.04676430899417,-0.004000,1.324000,-1.706000,1.306000,-0.007000,0.005000,-0.006000,-0.048000,1.319000,1.654000,1.353000,0.008000,0.003000,0.007000,-0.026027,0.772084,0.147766,-0.617555,0.370940,-0.255194,0.605010,0.122373,-0.612830,-0.051139,0.779005,-0.355730,-0.241423,0.600827,-0.026027,0.772084,0.147766,-0.617555,0.370940,-0.255194,0.605010,0.122373,-0.612830,-0.051139,0.779005,-0.355730,-0.241423,0.600827,0.449888,0.000000,0.000000,0.000000,1,True,True,0.000000,0.000000,0.000000,0.000000,0.000000,0.000000,0.000000,0.000000,0.000000,True,0.000000,0.000000,0.000000,0.000000,0.000000,0.000000,-0.427345,2.427685,-1.112082,2.890499,-0.427345,2.427751,-1.111473,2.889846,0.000000,0.000000,0.000000,0.000000,0.000000,0.000000,0.000000,0.000000,-510.337463,503.000427,2047.567505,-494.033905,True,velocity,0.449888,0.449888,0.000000,0.000000,20.484724,False
17.081677751004463,-0.004000,1.324000,-1.706000,1.306000,-0.007000,0.005000,-0.006000,-0.048000,1.319000,1.654000,1.353000,0.008000,0.003000,0.007000,-0.026027,0.772084,0.147766,-0.617555,0.370940,-0.255194,0.605010,0.122373,-0.612830,-0.051139,0.779005,-0.355730,-0.241423,0.600827,-0.026027,0.772084,0.147766,-0.617555,0.370940,-0.255194,0.605010,0.122373,-0.612830,-0.051139,0.779005,-0.355730,-0.241423,0.600827,0.449888,0.000000,0.000000,0.000000,1,True,True,0.000000,0.000000,0.000000,0.000000,0.000000,0.000000,0.000000,0.000000,0.000000,True,0.000000,0.000000,0.000000,0.000000,0.000000,0.000000,-0.427345,2.427685,-1.111473,2.884057,-0.427345,2.427685,-1.111473,2.884057,0.000000,0.000000,0.000000,0.000000,0.000000,0.000000,0.000000,0.000000,-510.337463,503.000427,2047.567505,-494.033905,True,velocity,0.449888,0.449888,0.000000,0.000000,20.519185,False
17.1212525809824,-0.004000,1.324000,-1.706000,1.306000,-0.007000,0.005000,-0.006000,-0.048000,1.319000,1.654000,1.353000,0.008000,0.003000,0.007000,-0.026027,0.772084,0.147766,-0.617555,0.370940,-0.255194,0.605010,0.122373,-0.612830,-0.051139,0.779005,-0.355730,-0.241423,0.600827,-0.026027,0.772084,0.147766,-0.617555,0.370940,-0.255194,0.605010,0.122373,-0.612830,-0.051139,0.779005,-0.355730,-0.241423,0.600827,0.449888,0.000000,0.000000,0.000000,1,True,True,0.000000,0.000000,0.000000,0.000000,0.000000,0.000000,0.000000,0.000000,0.000000,True,0.000000,0.000000,0.000000,0.000000,0.000000,0.000000,-0.427345,2.427685,-1.111473,2.883884,-0.427987,2.427685,-1.111473,2.883884,0.000000,0.000000,0.000000,0.000000,0.000000,0.000000,0.000000,0.000000,-510.337463,503.000427,2047.567505,-494.033905,True,velocity,0.449888,0.449888,0.000000,0.000000,20.559404,False
17.14549275499303,-0.004000,1.324000,-1.706000,1.306000,-0.007000,0.005000,-0.006000,-0.048000,1.319000,1.654000,1.353000,0.008000,0.003000,0.007000,-0.026027,0.772084,0.147766,-0.617555,0.370940,-0.255194,0.605010,0.122373,-0.612830,-0.051139,0.779005,-0.355730,-0.241423,0.600827,-0.026027,0.772084,0.147766,-0.617555,0.370940,-0.255194,0.605010,0.122373,-0.612830,-0.051139,0.779005,-0.355730,-0.241423,0.600827,0.449888,0.000000,0.000000,0.000000,1,True,True,0.000000,0.000000,0.000000,0.000000,0.000000,0.000000,0.000000,0.000000,0.000000,True,0.000000,0.000000,0.000000,0.000000,0.000000,0.000000,-0.427461,2.427685,-1.111473,2.883884,-0.427229,2.427685,-1.111473,2.883884,0.000000,0.000000,0.000000,0.000000,0.000000,0.000000,0.000000,0.000000,-510.337463,503.000427,2047.567505,-494.033905,True,velocity,0.449888,0.449888,0.000000,0.000000,20.583733,False
17.179076536995126,-0.004000,1.324000,-1.706000,1.306000,-0.007000,0.005000,-0.006000,-0.048000,1.319000,1.654000,1.353000,0.008000,0.003000,0.007000,-0.026027,0.772084,0.147766,-0.617555,0.370940,-0.255194,0.605010,0.122373,-0.612830,-0.051139,0.779005,-0.355730,-0.241423,0.600827,-0.026027,0.772084,0.147766,-0.617555,0.370940,-0.255194,0.605010,0.122373,-0.612830,-0.051139,0.779005,-0.355730,-0.241423,0.600827,0.449888,0.000000,0.000000,0.000000,1,True,True,0.000000,0.000000,0.000000,0.000000,0.000000,0.000000,0.000000,0.000000,0.000000,True,0.000000,0.000000,0.000000,0.000000,0.000000,0.000000,-0.427345,2.427685,-1.111473,2.889846,-0.427345,2.427685,-1.111473,2.889846,0.000000,0.000000,0.000000,0.000000,0.000000,0.000000,0.000000,0.000000,-510.337463,503.000427,2047.567505,-494.033905,True,velocity,0.449888,0.449888,0.000000,0.000000,20.617224,False
17.212683263001963,-0.004000,1.324000,-1.706000,1.306000,-0.007000,0.005000,-0.006000,-0.048000,1.319000,1.654000,1.353000,0.008000,0.003000,0.007000,-0.026027,0.772084,0.147766,-0.617555,0.370940,-0.255194,0.605010,0.122373,-0.612830,-0.051139,0.779005,-0.355730,-0.241423,0.600827,-0.026027,0.772084,0.147766,-0.617555,0.370940,-0.255194,0.605010,0.122373,-0.612830,-0.051139,0.779005,-0.355730,-0.241423,0.600827,0.449888,0.000000,0.000000,0.000000,1,True,True,0.000000,0.000000,0.000000,0.000000,0.000000,0.000000,0.000000,0.000000,0.000000,True,0.000000,0.000000,0.000000,0.000000,0.000000,0.000000,-0.427345,2.427685,-1.111440,2.890499,-0.427345,2.427685,-1.111440,2.890499,0.000000,0.000000,0.000000,0.000000,0.000000,0.000000,0.000000,0.000000,-510.337463,503.000427,2047.567505,-494.033905,True,velocity,0.449888,0.449888,0.000000,0.000000,20.650798,False
17.24528473400278,-0.004000,1.324000,-1.706000,1.306000,-0.007000,0.005000,-0.006000,-0.048000,1.319000,1.654000,1.353000,0.008000,0.003000,0.007000,-0.026027,0.772084,0.147766,-0.617555,0.370940,-0.255194,0.605010,0.122373,-0.612830,-0.051139,0.779005,-0.355730,-0.241423,0.600827,-0.026027,0.772084,0.147766,-0.617555,0.370940,-0.255194,0.605010,0.122373,-0.612830,-0.051139,0.779005,-0.355730,-0.241423,0.600827,0.449888,0.000000,0.000000,0.000000,1,True,True,0.000000,0.000000,0.000000,0.000000,0.000000,0.000000,0.000000,0.000000,0.000000,True,0.000000,0.000000,0.000000,0.000000,0.000000,0.000000,-0.427461,2.427685,-1.111473,2.883970,-0.427345,2.427685,-1.111440,2.883970,0.000000,0.000000,0.000000,0.000000,0.000000,0.000000,0.000000,0.000000,-510.337463,503.000427,2047.567505,-494.033905,True,velocity,0.449888,0.449888,0.000000,0.000000,20.683550,False
17.28068939698278,-0.004000,1.324000,-1.706000,1.306000,-0.007000,0.005000,-0.006000,-0.048000,1.319000,1.654000,1.353000,0.008000,0.003000,0.007000,-0.026027,0.772084,0.147766,-0.617555,0.370940,-0.255194,0.605010,0.122373,-0.612830,-0.051139,0.779005,-0.355730,-0.241423,0.600827,-0.026027,0.772084,0.147766,-0.617555,0.370940,-0.255194,0.605010,0.122373,-0.612830,-0.051139,0.779005,-0.355730,-0.241423,0.600827,0.449888,0.000000,0.000000,0.000000,1,True,True,0.000000,0.000000,0.000000,0.000000,0.000000,0.000000,0.000000,0.000000,0.000000,True,0.000000,0.000000,0.000000,0.000000,0.000000,0.000000,-0.427461,2.427619,-1.111507,2.883884,-0.427461,2.427685,-1.111473,2.883884,0.000000,0.000000,0.000000,0.000000,0.000000,0.000000,0.000000,0.000000,-510.337463,503.000427,2047.567505,-494.033905,True,velocity,0.449888,0.449888,0.000000,0.000000,20.718882,False
17.312160409986973,-0.004000,1.324000,-1.706000,1.306000,-0.007000,0.005000,-0.006000,-0.048000,1.319000,1.654000,1.353000,0.008000,0.003000,0.007000,-0.026027,0.772084,0.147766,-0.617555,0.370940,-0.255194,0.605010,0.122373,-0.612830,-0.051139,0.779005,-0.355730,-0.241423,0.600827,-0.026027,0.772084,0.147766,-0.617555,0.370940,-0.255194,0.605010,0.122373,-0.612830,-0.051139,0.779005,-0.355730,-0.241423,0.600827,0.449888,0.000000,0.000000,0.000000,1,True,True,0.000000,0.000000,0.000000,0.000000,0.000000,0.000000,0.000000,0.000000,0.000000,True,0.000000,0.000000,0.000000,0.000000,0.000000,0.000000,-0.427345,2.427685,-1.111473,2.889758,-0.427345,2.427685,-1.111473,2.889758,0.000000,0.000000,0.000000,0.000000,0.000000,0.000000,0.000000,0.000000,-510.337463,503.000427,2047.567505,-494.033905,True,velocity,0.449888,0.449888,0.000000,0.000000,20.750435,False
17.34641816999647,-0.004000,1.324000,-1.706000,1.306000,-0.007000,0.005000,-0.006000,-0.048000,1.319000,1.654000,1.353000,0.008000,0.003000,0.007000,-0.026027,0.772084,0.147766,-0.617555,0.370940,-0.255194,0.605010,0.122373,-0.612830,-0.051139,0.779005,-0.355730,-0.241423,0.600827,-0.026027,0.772084,0.147766,-0.617555,0.370940,-0.255194,0.605010,0.122373,-0.612830,-0.051139,0.779005,-0.355730,-0.241423,0.600827,0.449888,0.000000,0.000000,0.000000,1,True,True,0.000000,0.000000,0.000000,0.000000,0.000000,0.000000,0.000000,0.000000,0.000000,True,0.000000,0.000000,0.000000,0.000000,0.000000,0.000000,-0.427461,2.427685,-1.111507,2.890324,-0.427461,2.427685,-1.111507,2.890324,0.000000,0.000000,0.000000,0.000000,0.000000,0.000000,0.000000,0.000000,-510.337463,503.000427,2047.567505,-494.033905,True,velocity,0.449888,0.449888,0.000000,0.000000,20.784461,False
17.380049117986346,-0.004000,1.324000,-1.706000,1.306000,-0.007000,0.005000,-0.006000,-0.048000,1.319000,1.654000,1.353000,0.008000,0.003000,0.007000,-0.026027,0.772084,0.147766,-0.617555,0.370940,-0.255194,0.605010,0.122373,-0.612830,-0.051139,0.779005,-0.355730,-0.241423,0.600827,-0.026027,0.772084,0.147766,-0.617555,0.370940,-0.255194,0.605010,0.122373,-0.612830,-0.051139,0.779005,-0.355730,-0.241423,0.600827,0.449888,0.000000,0.000000,0.000000,1,True,True,0.000000,0.000000,0.000000,0.000000,0.000000,0.000000,0.000000,0.000000,0.000000,True,0.000000,0.000000,0.000000,0.000000,0.000000,0.000000,-0.427345,2.427685,-1.111473,2.889671,-0.427345,2.427685,-1.111473,2.890324,0.000000,0.000000,0.000000,0.000000,0.000000,0.000000,0.000000,0.000000,-510.337463,503.000427,2047.567505,-494.033905,True,velocity,0.449888,0.449888,0.000000,0.000000,20.818271,False
17.41738869898836,-0.004000,1.324000,-1.706000,1.306000,-0.007000,0.005000,-0.006000,-0.048000,1.319000,1.654000,1.353000,0.008000,0.003000,0.007000,-0.026027,0.772084,0.147766,-0.617555,0.370940,-0.255194,0.605010,0.122373,-0.612830,-0.051139,0.779005,-0.355730,-0.241423,0.600827,-0.026027,0.772084,0.147766,-0.617555,0.370940,-0.255194,0.605010,0.122373,-0.612830,-0.051139,0.779005,-0.355730,-0.241423,0.600827,0.449888,0.000000,0.000000,0.000000,1,True,True,0.000000,0.000000,0.000000,0.000000,0.000000,0.000000,0.000000,0.000000,0.000000,True,0.000000,0.000000,0.000000,0.000000,0.000000,0.000000,-0.427345,2.427685,-1.111440,2.889758,-0.427345,2.427685,-1.111440,2.889758,0.000000,0.000000,0.000000,0.000000,0.000000,0.000000,0.000000,0.000000,-510.337463,503.000427,2047.567505,-494.033905,True,velocity,0.449888,0.449888,0.000000,0.000000,20.855497,False
17.44993783699465,-0.004000,1.324000,-1.706000,1.306000,-0.007000,0.005000,-0.006000,-0.048000,1.319000,1.654000,1.353000,0.008000,0.003000,0.007000,-0.026027,0.772084,0.147766,-0.617555,0.370940,-0.255194,0.605010,0.122373,-0.612830,-0.051139,0.779005,-0.355730,-0.241423,0.600827,-0.026027,0.772084,0.147766,-0.617555,0.370940,-0.255194,0.605010,0.122373,-0.612830,-0.051139,0.779005,-0.355730,-0.241423,0.600827,0.449888,0.000000,0.000000,0.000000,1,True,True,0.000000,0.000000,0.000000,0.000000,0.000000,0.000000,0.000000,0.000000,0.000000,True,0.000000,0.000000,0.000000,0.000000,0.000000,0.000000,-0.427870,2.427685,-1.111507,2.889758,-0.427870,2.427751,-1.111507,2.889758,0.000000,0.000000,0.000000,0.000000,0.000000,0.000000,0.000000,0.000000,-510.337463,503.000427,2047.567505,-494.033905,True,velocity,0.449888,0.449888,0.000000,0.000000,20.887067,False
17.48216747600236,-0.004000,1.324000,-1.706000,1.306000,-0.007000,0.005000,-0.006000,-0.048000,1.319000,1.654000,1.353000,0.008000,0.003000,0.007000,-0.026027,0.772084,0.147766,-0.617555,0.370940,-0.255194,0.605010,0.122373,-0.612830,-0.051139,0.779005,-0.355730,-0.241423,0.600827,-0.026027,0.772084,0.147766,-0.617555,0.370940,-0.255194,0.605010,0.122373,-0.612830,-0.051139,0.779005,-0.355730,-0.241423,0.600827,0.449888,0.000000,0.000000,0.000000,1,True,True,0.000000,0.000000,0.000000,0.000000,0.000000,0.000000,0.000000,0.000000,0.000000,True,0.000000,0.000000,0.000000,0.000000,0.000000,0.000000,-0.427870,2.427685,-1.111507,2.889758,-0.427870,2.427685,-1.111507,2.889758,0.000000,0.000000,0.000000,0.000000,0.000000,0.000000,0.000000,0.000000,-510.337463,503.000427,2047.567505,-494.033905,True,velocity,0.449888,0.449888,0.000000,0.000000,20.920379,False
17.515080445999047,-0.004000,1.324000,-1.706000,1.306000,-0.007000,0.005000,-0.006000,-0.048000,1.319000,1.654000,1.353000,0.008000,0.003000,0.007000,-0.026027,0.772084,0.147766,-0.617555,0.370940,-0.255194,0.605010,0.122373,-0.612830,-0.051139,0.779005,-0.355730,-0.241423,0.600827,-0.026027,0.772084,0.147766,-0.617555,0.370940,-0.255194,0.605010,0.122373,-0.612830,-0.051139,0.779005,-0.355730,-0.241423,0.600827,0.449888,0.000000,0.000000,0.000000,1,True,True,0.000000,0.000000,0.000000,0.000000,0.000000,0.000000,0.000000,0.000000,0.000000,True,0.000000,0.000000,0.000000,0.000000,0.000000,0.000000,-0.427345,2.427685,-1.111507,2.889846,-0.427345,2.427685,-1.111507,2.889846,0.000000,0.000000,0.000000,0.000000,0.000000,0.000000,0.000000,0.000000,-510.337463,503.000427,2047.567505,-494.033905,True,velocity,0.449888,0.449888,0.000000,0.000000,20.952744,False
17.547597880009562,-0.004000,1.324000,-1.706000,1.306000,-0.007000,0.005000,-0.006000,-0.048000,1.319000,1.654000,1.353000,0.008000,0.003000,0.007000,-0.026027,0.772084,0.147766,-0.617555,0.370940,-0.255194,0.605010,0.122373,-0.612830,-0.051139,0.779005,-0.355730,-0.241423,0.600827,-0.026027,0.772084,0.147766,-0.617555,0.370940,-0.255194,0.605010,0.122373,-0.612830,-0.051139,0.779005,-0.355730,-0.241423,0.600827,0.449888,0.000000,0.000000,0.000000,1,True,True,0.000000,0.000000,0.000000,0.000000,0.000000,0.000000,0.000000,0.000000,0.000000,True,0.000000,0.000000,0.000000,0.000000,0.000000,0.000000,-0.427987,2.427685,-1.111507,2.889758,-0.427987,2.427751,-1.111507,2.889758,0.000000,0.000000,0.000000,0.000000,0.000000,0.000000,0.000000,0.000000,-510.337463,503.000427,2047.567505,-494.033905,True,velocity,0.449888,0.449888,0.000000,0.000000,20.985840,False
17.58137136499863,-0.004000,1.324000,-1.706000,1.306000,-0.007000,0.005000,-0.006000,-0.048000,1.319000,1.654000,1.353000,0.008000,0.003000,0.007000,-0.026027,0.772084,0.147766,-0.617555,0.370940,-0.255194,0.605010,0.122373,-0.612830,-0.051139,0.779005,-0.355730,-0.241423,0.600827,-0.026027,0.772084,0.147766,-0.617555,0.370940,-0.255194,0.605010,0.122373,-0.612830,-0.051139,0.779005,-0.355730,-0.241423,0.600827,0.449888,0.000000,0.000000,0.000000,1,True,True,0.000000,0.000000,0.000000,0.000000,0.000000,0.000000,0.000000,0.000000,0.000000,True,0.000000,0.000000,0.000000,0.000000,0.000000,0.000000,-0.427345,2.427751,-1.111473,2.889846,-0.427345,2.427751,-1.111473,2.890411,0.000000,0.000000,0.000000,0.000000,0.000000,0.000000,0.000000,0.000000,-510.337463,503.000427,2047.567505,-494.033905,True,velocity,0.449888,0.449888,0.000000,0.000000,21.019499,False
