# refresh_posture_target=True,arm_posture_cost=0.001,"arm_posture_cost_overrides={'left_arm_joint7': 0.003, 'right_arm_joint7': 0.003}",ee_position_cost=1.0,ee_orientation_cost=0.5,redundancy_resolution=dls_projector,dls_damping=0.05,nullspace_swivel_weight=1.0,elbow_swivel_gain=1.0,elbow_swivel_targets={},nullspace_continuity_weight=0.0,nullspace_posture_weight=1.0,enable_manipulability=False,manipulability_weight=0.5
# control_hz=30.0,enable_base_motion=True,base_max_lin_vel=0.25,base_max_ang_vel=0.6,base_vel_deadband=0.04,enable_lift_motion=True,lift_kp=2.0,lift_kd=0.05,lift_derivative_tau=0.1,lift_velocity_deadband_m=0.005,lift_max_velocity_m_s=0.05,lift_feedback_max_age_s=0.5,use_measured_lift=True,use_measured_arm_state=False,"base_pid=base_pid_hybrid.json [drive p=0.35 ff=0.23, steer p=2 out=+/-1, scale=1.068]",base_heading_rate_limit=3.49,base_max_accel=1.5,base_yaw_deadband=0.05,base_yaw_deadband_exit=0.025,base_yaw_filter_tau=0.08
t,left_q0,left_q1,left_q2,left_q3,left_q4,left_q5,left_q6,right_q0,right_q1,right_q2,right_q3,right_q4,right_q5,right_q6,left_target_ee_0,left_target_ee_1,left_target_ee_2,left_target_ee_3,left_target_ee_4,left_target_ee_5,left_target_ee_6,right_target_ee_0,right_target_ee_1,right_target_ee_2,right_target_ee_3,right_target_ee_4,right_target_ee_5,right_target_ee_6,left_actual_ee_0,left_actual_ee_1,left_actual_ee_2,left_actual_ee_3,left_actual_ee_4,left_actual_ee_5,left_actual_ee_6,right_actual_ee_0,right_actual_ee_1,right_actual_ee_2,right_actual_ee_3,right_actual_ee_4,right_actual_ee_5,right_actual_ee_6,lift_q,base_x,base_y,base_yaw,iters,solved,base_active,base_req_vx,base_req_vy,base_req_wz,base_body_fwd,base_body_lat,base_body_yaw,base_sent_0,base_sent_1,base_sent_2,swerve_enabled,swerve_target_0,swerve_target_1,swerve_target_2,swerve_prof_0,swerve_prof_1,swerve_prof_2,steer_cmd_FL,steer_cmd_FR,steer_cmd_RR,steer_cmd_RL,steer_meas_FL,steer_meas_FR,steer_meas_RR,steer_meas_RL,drive_cmd_FL,drive_cmd_FR,drive_cmd_RR,drive_cmd_RL,drive_meas_FL,drive_meas_FR,drive_meas_RR,drive_meas_RL,drive_pos_FL,drive_pos_FR,drive_pos_RR,drive_pos_RL,lift_active,lift_mode,lift_goal,lift_meas,lift_cmd_vel,lift_vel_est,lift_age,lift_blocked
0.010303773000487126,-0.004000,1.318000,-1.714000,1.318000,-0.007000,-0.006000,-0.006000,0.004000,1.325000,1.707000,1.315000,-0.007000,-0.007000,0.000000,-0.023019,0.774143,0.142176,-0.616408,0.374290,-0.255825,0.609178,0.142680,-0.612611,-0.021280,0.777108,-0.371433,-0.255885,0.607169,-0.023019,0.774143,0.142176,-0.616408,0.374290,-0.255825,0.609178,0.142680,-0.612611,-0.021280,0.777108,-0.371433,-0.255885,0.607169,0.449319,0.000000,0.000000,0.000000,1,True,True,0.000000,0.000000,0.000000,0.000000,0.000000,0.000000,0.000000,0.000000,0.000000,True,0.000000,0.000000,0.000000,0.000000,0.000000,0.000000,-2.542559,0.600670,-2.514724,-2.639123,-2.542583,0.600670,-2.514724,-2.639123,0.000000,0.000000,0.000000,0.000000,0.000000,0.000000,0.000000,0.000000,-381.713593,-148.348633,-277.146912,-78.989815,True,velocity,0.449319,0.449319,0.000000,0.000000,3.565165,False
0.0382143980004912,-0.004000,1.318000,-1.714000,1.318000,-0.007000,-0.006000,-0.006000,0.004000,1.325000,1.707000,1.315000,-0.007000,-0.007000,0.000000,-0.023019,0.774143,0.142176,-0.616408,0.374290,-0.255825,0.609178,0.142680,-0.612611,-0.021280,0.777108,-0.371433,-0.255885,0.607169,-0.023019,0.774143,0.142176,-0.616408,0.374290,-0.255825,0.609178,0.142680,-0.612611,-0.021280,0.777108,-0.371433,-0.255885,0.607169,0.449319,0.000000,0.000000,0.000000,1,True,True,0.000000,0.000000,0.000000,0.000000,0.000000,0.000000,0.000000,0.000000,0.000000,True,0.000000,0.000000,0.000000,0.000000,0.000000,0.000000,-2.542892,0.600670,-2.514724,-2.638957,-2.542892,0.600670,-2.514724,-2.638957,0.000000,0.000000,0.000000,0.000000,0.000000,0.000000,0.000000,0.000000,-381.713593,-148.348633,-277.146912,-78.989815,True,velocity,0.449319,0.449319,0.000000,0.000000,3.593180,False
0.07204542399995262,-0.004000,1.318000,-1.714000,1.318000,-0.007000,-0.006000,-0.006000,0.004000,1.325000,1.707000,1.315000,-0.007000,-0.007000,0.000000,-0.023019,0.774143,0.142176,-0.616408,0.374290,-0.255825,0.609178,0.142680,-0.612611,-0.021280,0.777108,-0.371433,-0.255885,0.607169,-0.023019,0.774143,0.142176,-0.616408,0.374290,-0.255825,0.609178,0.142680,-0.612611,-0.021280,0.777108,-0.371433,-0.255885,0.607169,0.449319,0.000000,0.000000,0.000000,1,True,True,0.000000,0.000000,0.000000,0.000000,0.000000,0.000000,0.000000,0.000000,0.000000,True,0.000000,0.000000,0.000000,0.000000,0.000000,0.000000,-2.542250,0.600670,-2.514835,-2.639445,-2.542250,0.600670,-2.514835,-2.639445,0.000000,0.000000,0.000000,0.000000,0.000000,0.000000,0.000000,0.000000,-381.713593,-148.348633,-277.146912,-78.989815,True,velocity,0.449319,0.449319,0.000000,0.000000,3.627070,False
0.10542539699963527,-0.004000,1.318000,-1.714000,1.318000,-0.007000,-0.006000,-0.006000,0.004000,1.325000,1.707000,1.315000,-0.007000,-0.007000,0.000000,-0.023019,0.774143,0.142176,-0.616408,0.374290,-0.255825,0.609178,0.142680,-0.612611,-0.021280,0.777108,-0.371433,-0.255885,0.607169,-0.023019,0.774143,0.142176,-0.616408,0.374290,-0.255825,0.609178,0.142680,-0.612611,-0.021280,0.777108,-0.371433,-0.255885,0.607169,0.449319,0.000000,0.000000,0.000000,1,True,True,0.000000,0.000000,0.000000,0.000000,0.000000,0.000000,0.000000,0.000000,0.000000,True,0.000000,0.000000,0.000000,0.000000,0.000000,0.000000,-2.542892,0.600670,-2.514835,-2.638957,-2.542250,0.600670,-2.514835,-2.638470,0.000000,0.000000,0.000000,0.000000,0.000000,0.000000,0.000000,0.000000,-381.713593,-148.348633,-277.146912,-78.989815,True,velocity,0.449319,0.449319,0.000000,0.000000,3.660420,False
0.1393136830001822,-0.004000,1.318000,-1.714000,1.318000,-0.007000,-0.006000,-0.006000,0.004000,1.325000,1.707000,1.315000,-0.007000,-0.007000,0.000000,-0.023019,0.774143,0.142176,-0.616408,0.374290,-0.255825,0.609178,0.142680,-0.612611,-0.021280,0.777108,-0.371433,-0.255885,0.607169,-0.023019,0.774143,0.142176,-0.616408,0.374290,-0.255825,0.609178,0.142680,-0.612611,-0.021280,0.777108,-0.371433,-0.255885,0.607169,0.449319,0.000000,0.000000,0.000000,1,True,True,0.000000,0.000000,0.000000,0.000000,0.000000,0.000000,0.000000,0.000000,0.000000,True,0.000000,0.000000,0.000000,0.000000,0.000000,0.000000,-2.542583,0.601065,-2.514835,-2.639123,-2.542583,0.600810,-2.514835,-2.639123,0.000000,0.000000,0.000000,0.000000,0.000000,0.000000,0.000000,0.000000,-381.713593,-148.348633,-277.146912,-78.989815,True,velocity,0.449319,0.449319,0.000000,0.000000,3.693953,False
0.17194190000009257,-0.004000,1.318000,-1.714000,1.318000,-0.007000,-0.006000,-0.006000,0.004000,1.325000,1.707000,1.315000,-0.007000,-0.007000,0.000000,-0.023019,0.774143,0.142176,-0.616408,0.374290,-0.255825,0.609178,0.142680,-0.612611,-0.021280,0.777108,-0.371433,-0.255885,0.607169,-0.023019,0.774143,0.142176,-0.616408,0.374290,-0.255825,0.609178,0.142680,-0.612611,-0.021280,0.777108,-0.371433,-0.255885,0.607169,0.449319,0.000000,0.000000,0.000000,1,True,True,0.000000,0.000000,0.000000,0.000000,0.000000,0.000000,0.000000,0.000000,0.000000,True,0.000000,0.000000,0.000000,0.000000,0.000000,0.000000,-2.542915,0.600670,-2.514724,-2.639610,-2.542915,0.600670,-2.514724,-2.639610,0.000000,0.000000,0.000000,0.000000,0.000000,0.000000,0.000000,0.000000,-381.713593,-148.348633,-277.146912,-78.989815,True,velocity,0.449319,0.449319,0.000000,0.000000,3.726966,False
0.205635565999728,-0.004000,1.318000,-1.714000,1.318000,-0.007000,-0.006000,-0.006000,0.004000,1.325000,1.707000,1.315000,-0.007000,-0.007000,0.000000,-0.023019,0.774143,0.142176,-0.616408,0.374290,-0.255825,0.609178,0.142680,-0.612611,-0.021280,0.777108,-0.371433,-0.255885,0.607169,-0.023019,0.774143,0.142176,-0.616408,0.374290,-0.255825,0.609178,0.142680,-0.612611,-0.021280,0.777108,-0.371433,-0.255885,0.607169,0.449319,0.000000,0.000000,0.000000,1,True,True,0.000000,0.000000,0.000000,0.000000,0.000000,0.000000,0.000000,0.000000,0.000000,True,0.000000,0.000000,0.000000,0.000000,0.000000,0.000000,-2.542583,0.601065,-2.514945,-2.638957,-2.542583,0.601065,-2.514945,-2.638957,0.000000,0.000000,0.000000,0.000000,0.000000,0.000000,0.000000,0.000000,-381.713593,-148.348633,-277.146912,-78.989815,True,velocity,0.449319,0.449319,0.000000,0.000000,3.760491,False
0.2402423510002336,-0.004000,1.318000,-1.714000,1.318000,-0.007000,-0.006000,-0.006000,0.004000,1.325000,1.707000,1.315000,-0.007000,-0.007000,0.000000,-0.023019,0.774143,0.142176,-0.616408,0.374290,-0.255825,0.609178,0.142680,-0.612611,-0.021280,0.777108,-0.371433,-0.255885,0.607169,-0.023019,0.774143,0.142176,-0.616408,0.374290,-0.255825,0.609178,0.142680,-0.612611,-0.021280,0.777108,-0.371433,-0.255885,0.607169,0.449319,0.000000,0.000000,0.000000,1,True,True,0.000000,0.000000,0.000000,0.000000,0.000000,0.000000,0.000000,0.000000,0.000000,True,0.000000,0.000000,0.000000,0.000000,0.000000,0.000000,-2.542583,0.600925,-2.514945,-2.638957,-2.542583,0.600670,-2.514945,-2.638957,0.000000,0.000000,0.000000,0.000000,0.000000,0.000000,0.000000,0.000000,-381.713593,-148.348633,-277.146912,-78.989815,True,velocity,0.449319,0.449319,0.000000,0.000000,3.795123,False
0.27253113000006124,-0.004000,1.318000,-1.714000,1.318000,-0.007000,-0.006000,-0.006000,0.004000,1.325000,1.707000,1.315000,-0.007000,-0.007000,0.000000,-0.023019,0.774143,0.142176,-0.616408,0.374290,-0.255825,0.609178,0.142680,-0.612611,-0.021280,0.777108,-0.371433,-0.255885,0.607169,-0.023019,0.774143,0.142176,-0.616408,0.374290,-0.255825,0.609178,0.142680,-0.612611,-0.021280,0.777108,-0.371433,-0.255885,0.607169,0.449319,0.000000,0.000000,0.000000,1,True,True,0.000000,0.000000,0.000000,0.000000,0.000000,0.000000,0.000000,0.000000,0.000000,True,0.000000,0.000000,0.000000,0.000000,0.000000,0.000000,-2.542273,0.600925,-2.514835,-2.639123,-2.542273,0.600925,-2.514835,-2.639123,0.000000,0.000000,0.000000,0.000000,0.000000,0.000000,0.000000,0.000000,-381.713593,-148.348633,-277.146912,-78.989815,True,velocity,0.449319,0.449319,0.000000,0.000000,3.827491,False
0.30597740200028056,-0.004000,1.318000,-1.714000,1.318000,-0.007000,-0.006000,-0.006000,0.004000,1.325000,1.707000,1.315000,-0.007000,-0.007000,0.000000,-0.023019,0.774143,0.142176,-0.616408,0.374290,-0.255825,0.609178,0.142680,-0.612611,-0.021280,0.777108,-0.371433,-0.255885,0.607169,-0.023019,0.774143,0.142176,-0.616408,0.374290,-0.255825,0.609178,0.142680,-0.612611,-0.021280,0.777108,-0.371433,-0.255885,0.607169,0.449319,0.000000,0.000000,0.000000,1,True,True,0.000000,0.000000,0.000000,0.000000,0.000000,0.000000,0.000000,0.000000,0.000000,True,0.000000,0.000000,0.000000,0.000000,0.000000,0.000000,-2.542273,0.600925,-2.514835,-2.639123,-2.542273,0.600925,-2.514835,-2.639123,0.000000,0.000000,0.000000,0.000000,0.000000,0.000000,0.000000,0.000000,-381.713593,-148.348633,-277.146912,-78.989815,True,velocity,0.449319,0.449319,0.000000,0.000000,3.860999,False
0.3396180629997616,-0.004000,1.318000,-1.714000,1.318000,-0.007000,-0.006000,-0.006000,0.004000,1.325000,1.707000,1.315000,-0.007000,-0.007000,0.000000,-0.023019,0.774143,0.142176,-0.616408,0.374290,-0.255825,0.609178,0.142680,-0.612611,-0.021280,0.777108,-0.371433,-0.255885,0.607169,-0.023019,0.774143,0.142176,-0.616408,0.374290,-0.255825,0.609178,0.142680,-0.612611,-0.021280,0.777108,-0.371433,-0.255885,0.607169,0.449319,0.000000,0.000000,0.000000,1,True,True,0.000000,0.000000,0.000000,0.000000,0.000000,0.000000,0.000000,0.000000,0.000000,True,0.000000,0.000000,0.000000,0.000000,0.000000,0.000000,-2.542583,0.600925,-2.514835,-2.639123,-2.542915,0.600925,-2.514835,-2.638957,0.000000,0.000000,0.000000,0.000000,0.000000,0.000000,0.000000,0.000000,-381.713593,-148.348633,-277.146912,-78.989815,True,velocity,0.449319,0.449319,0.000000,0.000000,3.894573,False
0.37237028399977135,-0.004000,1.318000,-1.714000,1.318000,-0.007000,-0.006000,-0.006000,0.004000,1.325000,1.707000,1.315000,-0.007000,-0.007000,0.000000,-0.023019,0.774143,0.142176,-0.616408,0.374290,-0.255825,0.609178,0.142680,-0.612611,-0.021280,0.777108,-0.371433,-0.255885,0.607169,-0.023019,0.774143,0.142176,-0.616408,0.374290,-0.255825,0.609178,0.142680,-0.612611,-0.021280,0.777108,-0.371433,-0.255885,0.607169,0.449319,0.000000,0.000000,0.000000,1,True,True,0.000000,0.000000,0.000000,0.000000,0.000000,0.000000,0.000000,0.000000,0.000000,True,0.000000,0.000000,0.000000,0.000000,0.000000,0.000000,-2.542583,0.600925,-2.514945,-2.638957,-2.542583,0.600925,-2.514945,-2.638957,0.000000,0.000000,0.000000,0.000000,0.000000,0.000000,0.000000,0.000000,-381.713593,-148.348633,-277.146912,-78.989815,True,velocity,0.449319,0.449319,0.000000,0.000000,3.927231,False
0.40547522500037303,-0.004000,1.318000,-1.714000,1.318000,-0.007000,-0.006000,-0.006000,0.004000,1.325000,1.707000,1.315000,-0.007000,-0.007000,0.000000,-0.023019,0.774143,0.142176,-0.616408,0.374290,-0.255825,0.609178,0.142680,-0.612611,-0.021280,0.777108,-0.371433,-0.255885,0.607169,-0.023019,0.774143,0.142176,-0.616408,0.374290,-0.255825,0.609178,0.142680,-0.612611,-0.021280,0.777108,-0.371433,-0.255885,0.607169,0.449319,0.000000,0.000000,0.000000,1,True,True,0.000000,0.000000,0.000000,0.000000,0.000000,0.000000,0.000000,0.000000,0.000000,True,0.000000,0.000000,0.000000,0.000000,0.000000,0.000000,-2.542273,0.600925,-2.515055,-2.639123,-2.542273,0.600925,-2.515055,-2.639123,0.000000,0.000000,0.000000,0.000000,0.000000,0.000000,0.000000,0.000000,-381.713593,-148.348633,-277.146912,-78.989815,True,velocity,0.449319,0.449319,0.000000,0.000000,3.960426,False
0.4391196440001295,-0.004000,1.318000,-1.714000,1.318000,-0.007000,-0.006000,-0.006000,0.004000,1.325000,1.707000,1.315000,-0.007000,-0.007000,0.000000,-0.023019,0.774143,0.142176,-0.616408,0.374290,-0.255825,0.609178,0.142680,-0.612611,-0.021280,0.777108,-0.371433,-0.255885,0.607169,-0.023019,0.774143,0.142176,-0.616408,0.374290,-0.255825,0.609178,0.142680,-0.612611,-0.021280,0.777108,-0.371433,-0.255885,0.607169,0.449319,0.000000,0.000000,0.000000,1,True,True,0.000000,0.000000,0.000000,0.000000,0.000000,0.000000,0.000000,0.000000,0.000000,True,0.000000,0.000000,0.000000,0.000000,0.000000,0.000000,-2.542273,0.600925,-2.515367,-2.639123,-2.542915,0.600925,-2.514835,-2.638957,0.000000,0.000000,0.000000,0.000000,0.000000,0.000000,0.000000,0.000000,-381.713593,-148.348633,-277.146912,-78.989815,True,velocity,0.449319,0.449319,0.000000,0.000000,3.994081,False
0.4721434559996851,-0.004000,1.318000,-1.714000,1.318000,-0.007000,-0.006000,-0.006000,0.004000,1.325000,1.707000,1.315000,-0.007000,-0.007000,0.000000,-0.023019,0.774143,0.142176,-0.616408,0.374290,-0.255825,0.609178,0.142680,-0.612611,-0.021280,0.777108,-0.371433,-0.255885,0.607169,-0.023019,0.774143,0.142176,-0.616408,0.374290,-0.255825,0.609178,0.142680,-0.612611,-0.021280,0.777108,-0.371433,-0.255885,0.607169,0.449319,0.000000,0.000000,0.000000,1,True,True,0.000000,0.000000,0.000000,0.000000,0.000000,0.000000,0.000000,0.000000,0.000000,True,0.000000,0.000000,0.000000,0.000000,0.000000,0.000000,-2.542915,0.600925,-2.514945,-2.638957,-2.542915,0.600925,-2.514945,-2.638957,0.000000,0.000000,0.000000,0.000000,0.000000,0.000000,0.000000,0.000000,-381.713593,-148.348633,-277.146912,-78.989815,True,velocity,0.449319,0.449319,0.000000,0.000000,4.027114,False
0.5064853539997785,-0.004000,1.318000,-1.714000,1.318000,-0.007000,-0.006000,-0.006000,0.004000,1.325000,1.707000,1.315000,-0.007000,-0.007000,0.000000,-0.023019,0.774143,0.142176,-0.616408,0.374290,-0.255825,0.609178,0.142680,-0.612611,-0.021280,0.777108,-0.371433,-0.255885,0.607169,-0.023019,0.774143,0.142176,-0.616408,0.374290,-0.255825,0.609178,0.142680,-0.612611,-0.021280,0.777108,-0.371433,-0.255885,0.607169,0.449319,0.000000,0.000000,0.000000,1,True,True,0.000000,0.000000,0.000000,0.000000,0.000000,0.000000,0.000000,0.000000,0.000000,True,0.000000,0.000000,0.000000,0.000000,0.000000,0.000000,-2.542606,0.601065,-2.515055,-2.638957,-2.542606,0.601065,-2.515055,-2.638957,0.000000,0.000000,0.000000,0.000000,0.000000,0.000000,0.000000,0.000000,-381.713593,-148.348633,-277.146912,-78.989815,True,velocity,0.449319,0.449319,0.000000,0.000000,4.061352,False
0.5385742999997092,-0.004000,1.318000,-1.714000,1.318000,-0.007000,-0.006000,-0.006000,0.004000,1.325000,1.707000,1.315000,-0.007000,-0.007000,0.000000,-0.023019,0.774143,0.142176,-0.616408,0.374290,-0.255825,0.609178,0.142680,-0.612611,-0.021280,0.777108,-0.371433,-0.255885,0.607169,-0.023019,0.774143,0.142176,-0.616408,0.374290,-0.255825,0.609178,0.142680,-0.612611,-0.021280,0.777108,-0.371433,-0.255885,0.607169,0.449319,0.000000,0.000000,0.000000,1,True,True,0.000000,0.000000,0.000000,0.000000,0.000000,0.000000,0.000000,0.000000,0.000000,True,0.000000,0.000000,0.000000,0.000000,0.000000,0.000000,-2.542583,0.601319,-2.515055,-2.639123,-2.542583,0.601319,-2.515055,-2.639123,0.000000,0.000000,0.000000,0.000000,0.000000,0.000000,0.000000,0.000000,-381.713593,-148.348633,-277.146912,-78.989815,True,velocity,0.449319,0.449319,0.000000,0.000000,4.093504,False
0.5725638109997817,-0.004000,1.318000,-1.714000,1.318000,-0.007000,-0.006000,-0.006000,0.004000,1.325000,1.707000,1.315000,-0.007000,-0.007000,0.000000,-0.023019,0.774143,0.142176,-0.616408,0.374290,-0.255825,0.609178,0.142680,-0.612611,-0.021280,0.777108,-0.371433,-0.255885,0.607169,-0.023019,0.774143,0.142176,-0.616408,0.374290,-0.255825,0.609178,0.142680,-0.612611,-0.021280,0.777108,-0.371433,-0.255885,0.607169,0.449319,0.000000,0.000000,0.000000,1,True,True,0.000000,0.000000,0.000000,0.000000,0.000000,0.000000,0.000000,0.000000,0.000000,True,0.000000,0.000000,0.000000,0.000000,0.000000,0.000000,-2.542250,0.601065,-2.514835,-2.639123,-2.542250,0.601065,-2.514835,-2.639123,0.000000,0.000000,0.000000,0.000000,0.000000,0.000000,0.000000,0.000000,-381.713593,-148.348633,-277.146912,-78.989815,True,velocity,0.449319,0.449319,0.000000,0.000000,4.127586,False
0.6055366050004523,-0.004000,1.318000,-1.714000,1.318000,-0.007000,-0.006000,-0.006000,0.004000,1.325000,1.707000,1.315000,-0.007000,-0.007000,0.000000,-0.023019,0.774143,0.142176,-0.616408,0.374290,-0.255825,0.609178,0.142680,-0.612611,-0.021280,0.777108,-0.371433,-0.255885,0.607169,-0.023019,0.774143,0.142176,-0.616408,0.374290,-0.255825,0.609178,0.142680,-0.612611,-0.021280,0.777108,-0.371433,-0.255885,0.607169,0.449319,0.000000,0.000000,0.000000,1,True,True,0.000000,0.000000,0.000000,0.000000,0.000000,0.000000,0.000000,0.000000,0.000000,True,0.000000,0.000000,0.000000,0.000000,0.000000,0.000000,-2.542583,0.600670,-2.514835,-2.639123,-2.542583,0.601319,-2.514835,-2.639123,0.000000,0.000000,0.000000,0.000000,0.000000,0.000000,0.000000,0.000000,-381.713593,-148.348633,-277.146912,-78.989815,True,velocity,0.449319,0.449319,0.000000,0.000000,4.160470,False
0.6404004249998252,-0.004381,1.318826,-1.713013,1.314516,-0.006362,-0.004942,-0.002767,0.002936,1.328710,1.698353,1.321459,-0.004881,-0.003715,-0.001091,-0.023019,0.774143,0.142176,-0.616408,0.374290,-0.255825,0.609178,0.137293,-0.614839,-0.024817,0.776214,-0.366766,-0.256274,0.608689,-0.023024,0.774143,0.142179,-0.616407,0.374270,-0.255785,0.609259,0.137289,-0.614848,-0.024808,0.776208,-0.366820,-0.256338,0.608606,0.450363,0.000327,-0.000018,-0.000000,1,True,True,0.009805,-0.000527,-0.000010,0.000000,0.000000,0.000000,0.000000,0.000000,0.000000,True,0.000000,0.000000,0.000000,0.000000,0.000000,0.000000,-2.542915,0.601065,-2.514835,-2.639123,-2.542915,0.601065,-2.514835,-2.639123,0.000000,0.000000,0.000000,0.000000,0.000000,0.000000,0.000000,0.000000,-381.713593,-148.348633,-277.146912,-78.989815,True,velocity,0.450363,0.449319,0.000000,0.000000,4.194556,False
0.6729278319999139,-0.005470,1.319299,-1.711938,1.310174,-0.005964,-0.003988,0.000592,-0.001433,1.329565,1.685764,1.332709,-0.012967,-0.002417,0.001286,-0.023019,0.774143,0.142176,-0.616408,0.374290,-0.255825,0.609178,0.129033,-0.611597,-0.028308,0.780063,-0.361894,-0.255739,0.610681,-0.023024,0.774143,0.142180,-0.616407,0.374265,-0.255778,0.609269,0.129016,-0.611652,-0.028287,0.780023,-0.361998,-0.255864,0.610611,0.451330,0.000529,0.000142,-0.000043,1,True,True,0.015863,0.004260,-0.001278,0.000000,0.000000,0.000000,0.000000,0.000000,0.000000,True,0.000000,0.000000,0.000000,0.000000,0.000000,0.000000,-2.542915,0.601065,-2.514835,-2.639123,-2.542915,0.601065,-2.514835,-2.639123,0.000000,0.000000,0.000000,0.000000,0.000000,0.000000,0.000000,0.000000,-381.713593,-148.348633,-277.146912,-78.989815,True,velocity,0.451330,0.449319,0.000000,0.000000,4.227922,False
0.7068816950004475,-0.006433,1.319467,-1.711447,1.303724,-0.005738,-0.003639,0.006122,-0.006232,1.332604,1.678915,1.341855,-0.005588,0.004337,-0.001169,-0.023019,0.774143,0.142176,-0.616408,0.374290,-0.255825,0.609178,0.123841,-0.615729,-0.033081,0.777462,-0.358376,-0.254889,0.612497,-0.023026,0.774142,0.142182,-0.616408,0.374255,-0.255759,0.609305,0.123837,-0.615733,-0.033076,0.777460,-0.358368,-0.255009,0.612352,0.452816,0.000360,0.000108,-0.000107,1,True,True,0.010798,0.003241,-0.003198,0.000000,0.000000,0.000000,0.000000,0.000000,0.000000,True,0.000000,0.000000,0.000000,0.000000,0.000000,0.000000,-2.542250,0.601065,-2.514945,-2.639123,-2.542250,0.600810,-2.514945,-2.639123,0.000000,0.000000,0.000000,0.000000,0.000000,0.000000,0.000000,0.000000,-381.713593,-148.348633,-277.146912,-78.989815,True,velocity,0.452816,0.449319,0.000000,0.000000,4.261903,False
0.7425513449998107,0.001532,1.320534,-1.729927,1.301697,-0.007848,0.012536,0.009928,-0.010976,1.335217,1.670463,1.344564,0.006219,0.004838,-0.003347,-0.011801,0.772072,0.154639,-0.616322,0.379853,-0.251333,0.611685,0.122332,-0.620821,-0.037821,0.773425,-0.354634,-0.253567,0.614642,-0.011801,0.772072,0.154639,-0.616322,0.379854,-0.251338,0.611684,0.122333,-0.620821,-0.037822,0.773425,-0.354635,-0.253570,0.614637,0.456662,0.000450,0.000414,0.000354,2,True,True,0.013497,0.012425,0.010611,0.000000,0.000000,0.000000,0.000000,0.000000,0.000000,True,0.000000,0.000000,0.000000,0.000000,0.000000,0.000000,-2.542915,0.600670,-2.515055,-2.639123,-2.542583,0.600670,-2.515055,-2.639123,0.000000,0.000000,0.000000,0.000000,0.000000,0.000000,0.000000,0.000000,-381.713593,-148.348633,-277.146912,-78.989815,True,velocity,0.456662,0.449319,0.014687,0.000000,4.297050,False
0.7826659359998303,0.011579,1.322657,-1.748304,1.303085,-0.006806,0.020172,0.006420,-0.011668,1.336906,1.660688,1.337449,0.033571,0.009316,-0.006097,-0.006327,0.770178,0.166442,-0.615697,0.384413,-0.246929,0.614263,0.122375,-0.631726,-0.045184,0.764137,-0.351510,-0.253381,0.615506,-0.006327,0.770178,0.166442,-0.615697,0.384414,-0.246931,0.614260,0.122376,-0.631726,-0.045184,0.764137,-0.351510,-0.253381,0.615505,0.460755,0.000423,0.000171,0.000582,3,True,True,0.012679,0.005125,0.017475,0.000000,0.000000,0.000000,0.000000,0.000000,0.000000,True,0.000000,0.000000,0.000000,0.000000,0.000000,0.000000,-2.542583,0.600925,-2.514945,-2.639123,-2.542583,0.600925,-2.514945,-2.639123,0.000000,0.000000,0.000000,0.000000,0.000000,0.000000,0.000000,0.000000,-381.713593,-148.348633,-277.146912,-78.989815,True,velocity,0.460755,0.449319,0.022872,0.000000,4.337432,False
0.8163395029996536,0.023893,1.325572,-1.765012,1.308509,-0.001081,0.019224,0.000847,-0.014635,1.338716,1.647219,1.333639,0.044635,0.013031,-0.001988,-0.005586,0.769674,0.174927,-0.613980,0.387898,-0.241349,0.616544,0.118219,-0.636250,-0.052352,0.760572,-0.346890,-0.251840,0.616156,-0.005586,0.769674,0.174928,-0.613980,0.387901,-0.241353,0.616495,0.118219,-0.636250,-0.052352,0.760572,-0.346891,-0.251842,0.616109,0.464319,0.000618,0.000696,0.000616,3,True,True,0.018531,0.020866,0.018494,0.000000,0.000000,0.000000,0.000000,0.000000,0.000000,True,0.000000,0.000000,0.000000,0.000000,0.000000,0.000000,-2.542583,0.600925,-2.514945,-2.639123,-2.542583,0.600925,-2.514945,-2.639610,0.000000,0.000000,0.000000,0.000000,0.000000,0.000000,0.000000,0.000000,-381.713593,-148.348633,-277.146912,-78.989815,True,velocity,0.464319,0.449319,0.030000,0.000000,4.371125,False
0.8525399840000318,0.035330,1.329037,-1.779770,1.321154,0.011386,0.010938,0.004029,-0.017285,1.339881,1.633699,1.333950,0.054755,0.016164,0.005497,-0.003818,0.772594,0.174169,-0.610532,0.389988,-0.236980,0.618510,0.111284,-0.640320,-0.056884,0.757872,-0.342222,-0.250781,0.615617,-0.003818,0.772594,0.174169,-0.610532,0.389988,-0.236980,0.618508,0.111284,-0.640320,-0.056885,0.757872,-0.342223,-0.250781,0.615616,0.465317,0.000828,0.001122,0.000633,4,True,True,0.024828,0.033665,0.018983,-0.033665,0.024828,0.000000,-0.033665,0.024828,0.000000,True,0.000000,0.000000,0.000000,0.000000,0.000000,0.000000,-2.542915,0.600925,-2.514835,-2.638957,-2.542915,0.600925,-2.514835,-2.638957,0.000000,0.000000,0.000000,0.000000,0.000000,0.000000,0.000000,0.000000,-381.713593,-148.348633,-277.146912,-78.989815,True,velocity,0.465317,0.449319,0.031996,0.000000,4.407351,False
0.8828309950004041,0.046132,1.331571,-1.792147,1.334514,0.015384,0.002577,0.011379,-0.018165,1.341227,1.620425,1.334614,0.058521,0.020665,0.009659,-0.000530,0.773872,0.170700,-0.609904,0.392165,-0.232468,0.619913,0.104440,-0.642144,-0.062503,0.756860,-0.337042,-0.249695,0.614501,-0.000530,0.773872,0.170701,-0.609904,0.392167,-0.232472,0.619042,0.104440,-0.642144,-0.062503,0.756860,-0.337044,-0.249698,0.613631,0.464319,0.001515,0.002142,0.000580,3,True,True,0.020616,0.030596,0.017398,0.000000,0.000000,0.000000,0.000000,0.000000,0.000000,True,-0.033665,0.024828,0.000000,-0.031233,0.024828,0.000000,2.469948,-0.671645,2.469948,2.469948,-2.554773,0.600925,-2.515477,-2.639123,0.012260,-0.011723,0.010743,0.015415,0.000018,0.000012,0.000000,0.000006,-381.713165,-148.348495,-277.146912,-78.989677,True,velocity,0.464319,0.449319,0.030000,0.000000,4.437647,False
0.9141522050003914,0.059175,1.335469,-1.807265,1.349692,0.025008,0.001504,0.019789,-0.021919,1.343421,1.605452,1.338044,0.059077,0.019606,0.017470,0.006072,0.776589,0.169960,-0.606618,0.394188,-0.227705,0.621237,0.097174,-0.642752,-0.066053,0.757010,-0.331624,-0.248482,0.613193,0.006072,0.776589,0.169960,-0.606618,0.394191,-0.227709,0.620616,0.097174,-0.642752,-0.066053,0.757010,-0.331625,-0.248485,0.612573,0.464319,0.001597,0.002436,0.000623,3,True,True,0.023071,0.039429,0.018699,-0.039429,0.023071,0.000000,-0.039429,0.023071,0.000000,True,0.000000,0.000000,0.000000,-0.006077,0.000000,0.000000,3.141593,0.000000,3.141593,3.141593,-2.658712,0.601319,-2.600897,-2.718748,0.005383,-0.005012,0.005210,0.005542,0.000000,0.001240,0.000531,0.001886,-381.713593,-148.338455,-277.142731,-78.979774,True,velocity,0.464319,0.449319,0.030000,0.000000,4.468922,False
0.954321684000206,0.069606,1.340398,-1.821542,1.361068,0.022704,-0.010496,0.024331,-0.021822,1.344243,1.593696,1.335633,0.069375,0.015517,0.019135,0.007799,0.774814,0.167907,-0.609434,0.396571,-0.223124,0.622468,0.095626,-0.646292,-0.068762,0.753946,-0.327120,-0.247608,0.612195,0.007799,0.774814,0.167907,-0.609434,0.396572,-0.223125,0.622467,0.095626,-0.646292,-0.068762,0.753946,-0.327121,-0.247608,0.612194,0.465378,0.002708,0.003249,0.000620,4,True,True,0.033337,0.024375,0.018603,-0.032983,0.024853,0.000000,-0.032983,0.024853,0.000000,True,-0.039429,0.023071,0.000000,-0.034818,0.023071,0.000000,2.556405,-0.585188,2.556405,2.556405,-2.757518,0.601065,-2.710983,-2.792499,0.023627,-0.015659,0.022009,0.024826,0.008311,0.009542,0.007192,0.012747,-381.696442,-148.329102,-277.129730,-78.959824,True,velocity,0.465378,0.449319,0.032119,0.000000,4.508987,False
0.9839647720000357,0.077573,1.343497,-1.832221,1.369417,0.020141,-0.026107,0.029341,-0.022095,1.345070,1.583927,1.335574,0.084436,0.010332,0.019566,0.007036,0.773562,0.163768,-0.612154,0.398472,-0.219344,0.623399,0.094955,-0.651619,-0.069818,0.749334,-0.323256,-0.246515,0.611742,0.007036,0.773562,0.163769,-0.612154,0.398473,-0.219345,0.623397,0.094955,-0.651619,-0.069819,0.749334,-0.323257,-0.246516,0.611740,0.465694,0.003674,0.004221,0.000481,4,True,True,0.037479,0.020561,0.014439,-0.030924,0.029514,0.000000,-0.030924,0.029514,0.000000,True,-0.032983,0.024853,0.000000,-0.032983,0.024853,0.000000,2.495852,-0.645740,2.495852,2.495852,-2.794089,0.601065,-2.711495,-2.804395,0.022548,-0.013147,0.019616,0.022903,0.010544,0.008715,0.011355,0.017285,-381.682770,-148.331467,-277.115234,-78.946983,True,velocity,0.465694,0.449319,0.032750,0.000000,4.538753,False
1.0139540070003932,0.081827,1.343689,-1.836796,1.375855,0.027886,-0.040513,0.037144,-0.023202,1.345664,1.574464,1.340091,0.091605,0.005970,0.018096,0.005152,0.776728,0.156578,-0.610042,0.399677,-0.217203,0.623938,0.093036,-0.654006,-0.071131,0.747369,-0.319344,-0.245354,0.611400,0.005152,0.776728,0.156579,-0.610041,0.399679,-0.217205,0.623178,0.093036,-0.654006,-0.071131,0.747369,-0.319345,-0.245358,0.610640,0.464319,0.004552,0.005234,0.000289,3,True,True,0.034292,0.020024,0.008664,0.000000,0.000000,0.000000,0.000000,0.000000,0.000000,True,-0.030924,0.029514,0.000000,-0.030924,0.029514,0.000000,2.379519,-0.762074,2.379519,2.379519,-2.984381,0.539420,-2.839959,-2.932956,0.025922,-0.009842,0.020760,0.024141,0.016473,0.009134,0.019337,0.023806,-381.673676,-148.323807,-277.099335,-78.929405,True,velocity,0.464319,0.449319,0.030000,0.000000,4.568814,False
1.0451660500002617,0.083644,1.343900,-1.842154,1.377334,0.036213,-0.056876,0.041473,-0.026522,1.345975,1.565710,1.346043,0.093701,-0.000570,0.015944,0.001071,0.779200,0.151605,-0.608162,0.400665,-0.216457,0.624084,0.092220,-0.654250,-0.072304,0.747144,-0.316359,-0.244498,0.611375,0.001071,0.779201,0.151606,-0.608162,0.400667,-0.216460,0.623462,0.092220,-0.654250,-0.072304,0.747144,-0.316360,-0.244502,0.610752,0.464319,0.004758,0.005223,0.000196,3,True,True,0.040479,0.019682,0.005892,-0.028734,0.034646,0.000000,-0.028734,0.034646,0.000000,True,0.000000,0.000000,0.000000,-0.000770,0.000364,0.000000,-2.984381,0.386655,-3.023663,-3.086197,-2.984381,0.386655,-3.023663,-3.086197,0.000000,0.000000,0.000000,0.000000,0.016629,0.008718,0.022922,0.025661,-381.656677,-148.302170,-277.082306,-78.910439,True,velocity,0.464319,0.449319,0.030000,0.000000,4.600122,False
1.0784160650000558,0.082518,1.344770,-1.846181,1.376021,0.035263,-0.066571,0.036601,-0.027197,1.346175,1.559982,1.348965,0.101261,-0.006100,0.015665,-0.002523,0.777843,0.151938,-0.609810,0.401979,-0.216111,0.624172,0.091853,-0.656732,-0.071649,0.745072,-0.313945,-0.244007,0.611901,-0.002523,0.777844,0.151938,-0.609810,0.401981,-0.216113,0.623288,0.091853,-0.656732,-0.071649,0.745072,-0.313946,-0.244010,0.611017,0.464319,0.005460,0.005623,0.000114,3,True,True,0.026896,0.002954,0.003429,0.000000,0.000000,0.000000,0.000000,0.000000,0.000000,True,-0.028734,0.034646,0.000000,-0.028734,0.034642,0.000000,2.263243,-0.878350,2.263243,2.263243,-2.984381,0.196159,3.112431,3.080162,0.022956,-0.021431,0.029732,0.030806,0.019985,0.019328,0.025802,0.027363,-381.653320,-148.286407,-277.073792,-78.900391,True,velocity,0.464319,0.449319,0.030000,0.000000,4.633429,False
1.1147873959998833,0.080805,1.344794,-1.850548,1.373549,0.031574,-0.070904,0.029791,-0.028528,1.345901,1.552896,1.353066,0.109075,-0.015752,0.016568,-0.004279,0.775704,0.154955,-0.611763,0.403273,-0.216348,0.624253,0.091776,-0.658938,-0.069550,0.743331,-0.312005,-0.243912,0.612604,-0.004279,0.775704,0.154955,-0.611763,0.403273,-0.216349,0.624252,0.091776,-0.658937,-0.069550,0.743331,-0.312005,-0.243913,0.612603,0.465489,0.005509,0.005475,0.000085,4,True,True,0.028344,-0.001483,0.002548,0.000000,0.000000,0.000000,0.000000,0.000000,0.000000,True,0.000000,0.000000,0.000000,0.000000,0.000000,0.000000,2.857762,0.067679,3.087380,-2.638957,2.857762,0.067679,3.087380,-2.638957,0.000000,0.000000,0.000000,0.000000,0.014807,0.023282,0.023159,0.023060,-381.639496,-148.282501,-277.055664,-78.885460,True,velocity,0.465489,0.449319,0.032339,0.000000,4.669645,False
1.1510907470001257,0.078717,1.343978,-1.853752,1.370133,0.026547,-0.073355,0.022197,-0.028482,1.345387,1.546934,1.356125,0.115467,-0.021516,0.015031,-0.005962,0.773329,0.158660,-0.613803,0.404313,-0.216716,0.624269,0.091591,-0.660705,-0.069123,0.741823,-0.310746,-0.244227,0.613460,-0.005961,0.773329,0.158660,-0.613803,0.404313,-0.216717,0.624267,0.091591,-0.660705,-0.069123,0.741823,-0.310746,-0.244228,0.613458,0.465838,0.005236,0.005331,0.000052,4,True,True,0.020176,-0.005812,0.001574,0.000000,0.000000,0.000000,0.000000,0.000000,0.000000,True,0.000000,0.000000,0.000000,0.000000,0.000000,0.000000,2.839580,-0.030633,-2.514835,2.933129,2.839580,-0.030633,-2.514835,2.933129,0.000000,0.000000,0.000000,0.000000,0.015317,0.020897,0.020170,0.020529,-381.628357,-148.274002,-277.049957,-78.871513,True,velocity,0.465838,0.449319,0.033037,0.000000,4.705890,False
1.1869164330000785,0.076470,1.342814,-1.854556,1.367946,0.025042,-0.073637,0.018258,-0.027703,1.344669,1.542115,1.360491,0.123060,-0.026209,0.011783,-0.006555,0.772667,0.160403,-0.614177,0.404892,-0.217287,0.624321,0.091322,-0.662978,-0.068522,0.739882,-0.309662,-0.244737,0.614556,-0.006555,0.772667,0.160403,-0.614177,0.404893,-0.217288,0.624320,0.091322,-0.662978,-0.068522,0.739882,-0.309662,-0.244738,0.614555,0.465816,0.005075,0.005341,0.000011,4,True,True,0.015344,-0.005503,0.000326,0.000000,0.000000,0.000000,0.000000,0.000000,0.000000,True,0.000000,0.000000,0.000000,0.000000,0.000000,0.000000,2.839155,-0.103955,2.922304,2.939187,2.839155,-0.140615,2.958916,2.939187,0.000000,0.000000,0.000000,0.000000,0.013109,0.005250,0.012568,0.015553,-381.627930,-148.277481,-277.050781,-78.868584,True,velocity,0.465816,0.449319,0.032993,0.000000,4.741822,False
1.2207577600001969,0.074298,1.341635,-1.854063,1.366520,0.024962,-0.073276,0.015384,-0.026393,1.343653,1.538118,1.365032,0.128052,-0.031293,0.008109,-0.007025,0.772673,0.161306,-0.613929,0.405166,-0.217981,0.624400,0.091208,-0.664219,-0.067475,0.738879,-0.308843,-0.245454,0.615799,-0.007025,0.772673,0.161305,-0.613929,0.405167,-0.217981,0.624398,0.091208,-0.664219,-0.067475,0.738879,-0.308843,-0.245454,0.615797,0.465672,0.004985,0.005356,-0.000010,4,True,True,0.012641,-0.005058,-0.000304,0.000000,0.000000,0.000000,0.000000,0.000000,0.000000,True,0.000000,0.000000,0.000000,0.000000,0.000000,0.000000,2.839797,-0.269743,2.971312,2.939187,2.839797,-0.269743,2.971312,2.939187,0.000000,0.000000,0.000000,0.000000,0.007678,0.002738,0.005832,0.010476,-381.627930,-148.277481,-277.051208,-78.866768,True,velocity,0.465672,0.449319,0.032707,0.000000,4.775679,False
1.2508334390004165,0.071681,1.340287,-1.852592,1.365039,0.024484,-0.073264,0.010435,-0.025133,1.342644,1.534505,1.369523,0.130271,-0.036202,0.006260,-0.008441,0.772491,0.162474,-0.613831,0.405239,-0.218924,0.624503,0.090380,-0.664533,-0.065884,0.738841,-0.308113,-0.246181,0.617128,-0.008441,0.772491,0.162474,-0.613831,0.405240,-0.218925,0.624502,0.090380,-0.664533,-0.065884,0.738841,-0.308113,-0.246181,0.617127,0.465561,0.004903,0.005340,-0.000039,4,True,True,0.010192,-0.005523,-0.001180,0.000000,0.000000,0.000000,0.000000,0.000000,0.000000,True,0.000000,0.000000,0.000000,0.000000,0.000000,0.000000,2.839155,-0.189930,2.971312,2.939187,2.839155,-0.189930,2.971312,2.939187,0.000000,0.000000,0.000000,0.000000,0.001438,-0.001861,0.000444,0.003429,-381.627930,-148.277206,-277.051208,-78.866631,True,velocity,0.465561,0.449319,0.032483,0.000000,4.805659,False
1.2818846870004563,0.071241,1.339586,-1.852817,1.366497,0.023867,-0.073791,0.008389,-0.024852,1.342042,1.533324,1.371682,0.131020,-0.037528,0.003992,-0.008441,0.772491,0.162474,-0.613831,0.405239,-0.218924,0.624503,0.090380,-0.664533,-0.065884,0.738841,-0.308113,-0.246181,0.617128,-0.008441,0.772491,0.162474,-0.613831,0.405241,-0.218927,0.623858,0.090380,-0.664533,-0.065884,0.738841,-0.308114,-0.246184,0.616483,0.464319,0.004669,0.005572,0.000008,3,True,True,0.003162,0.001428,0.000254,0.000000,0.000000,0.000000,0.000000,0.000000,0.000000,True,0.000000,0.000000,0.000000,0.000000,0.000000,0.000000,2.839155,-0.171761,2.971312,2.945060,2.839155,-0.171761,2.971312,2.945060,0.000000,0.000000,0.000000,0.000000,0.000048,-0.000102,-0.000629,0.002042,-381.627930,-148.277069,-277.051208,-78.866631,True,velocity,0.464319,0.449319,0.030000,0.000000,0.003701,False
1.3144053719997828,0.067005,1.337774,-1.848032,1.364879,0.022764,-0.077251,0.004882,-0.022370,1.341139,1.530589,1.376961,0.131005,-0.042553,0.001853,-0.011403,0.772551,0.160512,-0.614224,0.404743,-0.221045,0.624930,0.089143,-0.664196,-0.063375,0.739514,-0.307241,-0.247657,0.619161,-0.011403,0.772551,0.160512,-0.614224,0.404745,-0.221048,0.624319,0.089143,-0.664196,-0.063375,0.739514,-0.307242,-0.247661,0.618548,0.464319,0.004910,0.005273,-0.000106,3,True,True,0.010386,-0.007550,-0.003184,0.000000,0.000000,0.000000,0.000000,0.000000,0.000000,True,0.000000,0.000000,0.000000,0.000000,0.000000,0.000000,2.839373,-0.177266,-2.514835,2.945620,2.839373,-0.177266,-2.514835,2.945620,0.000000,0.000000,0.000000,0.000000,0.000000,0.000252,-0.000288,0.000848,-381.627930,-148.277069,-277.051758,-78.866631,True,velocity,0.464319,0.449319,0.030000,0.000000,0.009109,False
1.3455496010001298,0.064468,1.336201,-1.845661,1.365039,0.022321,-0.077939,0.002941,-0.020551,1.340156,1.528619,1.380002,0.131920,-0.046023,-0.001535,-0.012006,0.772909,0.159474,-0.614032,0.404478,-0.222039,0.625095,0.089185,-0.664083,-0.062447,0.739690,-0.307064,-0.248400,0.619834,-0.012006,0.772909,0.159473,-0.614032,0.404480,-0.222042,0.625052,0.089185,-0.664083,-0.062446,0.739690,-0.307065,-0.248404,0.619791,0.464319,0.004767,0.005363,-0.000043,3,True,True,0.006111,-0.004834,-0.001293,0.000000,0.000000,0.000000,0.000000,0.000000,0.000000,True,0.000000,0.000000,0.000000,0.000000,0.000000,0.000000,2.839155,-0.177601,-2.514945,2.951494,2.839155,-0.177601,-2.514945,2.951494,0.000000,0.000000,0.000000,0.000000,0.000000,0.000151,-0.000480,0.000068,-381.627930,-148.277069,-277.053162,-78.866631,True,velocity,0.464319,0.449319,0.030000,0.000000,0.025771,False
1.3793685379996532,0.064168,1.335549,-1.845575,1.366456,0.021645,-0.078119,0.001076,-0.020298,1.339520,1.527687,1.381851,0.132638,-0.047072,-0.003495,-0.012006,0.772909,0.159474,-0.614032,0.404478,-0.222039,0.625095,0.089185,-0.664083,-0.062447,0.739690,-0.307064,-0.248400,0.619834,-0.012006,0.772909,0.159473,-0.614032,0.404480,-0.222042,0.625089,0.089185,-0.664083,-0.062446,0.739690,-0.307065,-0.248403,0.619828,0.463828,0.004626,0.005562,0.000003,3,True,True,0.001861,0.001134,0.000103,0.000000,0.000000,0.000000,0.000000,0.000000,0.000000,True,0.000000,0.000000,0.000000,0.000000,0.000000,0.000000,2.839373,-0.177915,3.044987,2.951587,2.839373,-0.177915,3.044987,2.951587,0.000000,0.000000,0.000000,0.000000,0.000000,0.000028,-0.002245,0.000018,-381.627930,-148.277069,-277.058044,-78.866493,True,velocity,0.463828,0.449353,0.028937,0.000254,0.027368,False
1.4144989870001154,0.059612,1.333500,-1.840519,1.365965,0.021745,-0.079272,-0.000051,-0.017850,1.338590,1.526973,1.385657,0.134635,-0.049784,-0.007215,-0.013100,0.773755,0.156726,-0.613652,0.403805,-0.224390,0.625469,0.089051,-0.664538,-0.060865,0.739429,-0.306993,-0.249767,0.620934,-0.013100,0.773755,0.156726,-0.613652,0.403807,-0.224392,0.625465,0.089051,-0.664538,-0.060865,0.739429,-0.306994,-0.249770,0.620929,0.463214,0.004688,0.005251,-0.000120,3,True,True,0.003736,-0.008212,-0.003588,0.000000,0.000000,0.000000,0.000000,0.000000,0.000000,True,0.000000,0.000000,0.000000,0.000000,0.000000,0.000000,2.839580,-0.177580,-2.514945,2.951587,2.839580,-0.177580,-2.514945,2.951587,0.000000,0.000000,0.000000,0.000000,0.000000,0.000000,-0.003979,0.000071,-381.627930,-148.277069,-277.059845,-78.866493,True,velocity,0.463214,0.449453,0.027476,0.000931,0.030249,False
1.446344990000398,0.055677,1.331636,-1.837158,1.364645,0.019515,-0.079243,-0.003600,-0.016067,1.337838,1.526314,1.387800,0.136542,-0.052747,-0.010013,-0.014038,0.773470,0.156307,-0.614097,0.403586,-0.225959,0.625634,0.089512,-0.664927,-0.059639,0.739123,-0.307044,-0.250557,0.621541,-0.014038,0.773470,0.156307,-0.614097,0.403586,-0.225961,0.625630,0.089512,-0.664927,-0.059639,0.739123,-0.307045,-0.250559,0.621537,0.462758,0.004665,0.005216,-0.000097,3,True,True,0.003034,-0.009243,-0.002898,0.000000,0.000000,0.000000,0.000000,0.000000,0.000000,True,0.000000,0.000000,0.000000,0.000000,0.000000,0.000000,2.839155,-0.177601,3.057191,2.945620,2.839155,-0.177266,-2.515055,2.945620,0.000000,0.000000,0.000000,0.000000,0.000000,0.000000,-0.004185,0.000071,-381.627930,-148.277069,-277.061798,-78.866493,True,velocity,0.462758,0.449856,0.025617,0.003752,0.014415,False
1.479663764000179,0.051841,1.329726,-1.833625,1.363312,0.018118,-0.078398,-0.006303,-0.014364,1.337059,1.525813,1.390009,0.138501,-0.055554,-0.013185,-0.014602,0.773535,0.155809,-0.614128,0.403345,-0.227476,0.625717,0.090115,-0.665332,-0.058535,0.738774,-0.307153,-0.251272,0.622064,-0.014602,0.773535,0.155809,-0.614128,0.403345,-0.227477,0.625714,0.090115,-0.665332,-0.058534,0.738774,-0.307153,-0.251273,0.622061,0.462219,0.004636,0.005220,-0.000102,3,True,True,0.002175,-0.009148,-0.003055,0.000000,0.000000,0.000000,0.000000,0.000000,0.000000,True,0.000000,0.000000,0.000000,0.000000,0.000000,0.000000,2.839580,-0.177266,3.081779,2.958019,2.839580,-0.177266,3.081779,2.958019,0.000000,0.000000,0.000000,0.000000,0.000000,0.000000,-0.003368,0.000034,-381.627930,-148.277069,-277.062653,-78.866493,True,velocity,0.462219,0.450059,0.024104,0.004334,0.015832,False
1.515379729000415,0.047707,1.327828,-1.829511,1.361640,0.016695,-0.077443,-0.008738,-0.012923,1.336312,1.525890,1.392402,0.141304,-0.058009,-0.016162,-0.015266,0.773618,0.155102,-0.614187,0.402947,-0.229133,0.625731,0.090745,-0.666102,-0.057288,0.738100,-0.307404,-0.251916,0.622584,-0.015266,0.773618,0.155102,-0.614187,0.402947,-0.229134,0.625730,0.090745,-0.666102,-0.057287,0.738100,-0.307404,-0.251917,0.622582,0.461661,0.004599,0.005207,-0.000126,3,True,True,0.001064,-0.009537,-0.003778,0.000000,0.000000,0.000000,0.000000,0.000000,0.000000,True,0.000000,0.000000,0.000000,0.000000,0.000000,0.000000,2.839580,-0.177915,3.081599,2.957461,2.839580,-0.177915,3.081599,2.957461,0.000000,0.000000,0.000000,0.000000,0.000000,0.000000,-0.001865,0.000000,-381.627930,-148.277069,-277.063324,-78.866493,True,velocity,0.461661,0.450519,0.021954,0.006587,0.001275,False
1.5444605610000508,0.042984,1.326187,-1.824748,1.359626,0.016456,-0.076794,-0.011164,-0.011484,1.335719,1.526975,1.394588,0.143864,-0.060337,-0.019246,-0.016309,0.773990,0.154090,-0.613946,0.402289,-0.231017,0.625664,0.091725,-0.666868,-0.055787,0.737401,-0.307903,-0.252553,0.623050,-0.016309,0.773990,0.154090,-0.613946,0.402290,-0.231016,0.625137,0.091725,-0.666869,-0.055786,0.737401,-0.307904,-0.252558,0.622516,0.460519,0.004561,0.005191,-0.000151,2,True,True,-0.000096,-0.009992,-0.004543,0.000000,0.000000,0.000000,0.000000,0.000000,0.000000,True,0.000000,0.000000,0.000000,0.000000,0.000000,0.000000,2.839797,-0.177580,3.081599,2.957367,2.839580,-0.177266,3.081599,2.957367,0.000000,0.000000,0.000000,0.000000,0.000000,0.000000,-0.001549,0.000000,-381.627930,-148.277069,-277.063477,-78.866493,True,velocity,0.460519,0.450519,0.019744,0.005128,0.029731,False
1.5781399059997057,0.038539,1.324420,-1.819604,1.357675,0.015402,-0.076849,-0.013730,-0.010234,1.334749,1.528249,1.396187,0.145164,-0.061846,-0.022053,-0.017813,0.774176,0.152858,-0.613977,0.401543,-0.232799,0.625538,0.092628,-0.667041,-0.054670,0.737216,-0.308608,-0.253082,0.623343,-0.017813,0.774176,0.152858,-0.613977,0.401543,-0.232798,0.625535,0.092628,-0.667041,-0.054669,0.737216,-0.308609,-0.253086,0.623335,0.460435,0.004513,0.005196,-0.000155,2,True,True,-0.001508,-0.009854,-0.004639,0.000000,0.000000,0.000000,0.000000,0.000000,0.000000,True,0.000000,0.000000,0.000000,0.000000,0.000000,0.000000,2.839797,-0.171427,-2.514945,2.957367,2.839797,-0.171427,-2.514945,2.957367,0.000000,0.000000,0.000000,0.000000,0.000000,0.000000,-0.000651,0.000000,-381.627930,-148.277069,-277.063202,-78.866493,True,velocity,0.460435,0.451028,0.018434,0.007602,0.000875,False
1.612154935000035,0.037979,1.323471,-1.818291,1.358164,0.014314,-0.076008,-0.014963,-0.009700,1.334385,1.528044,1.396860,0.145510,-0.062156,-0.023230,-0.017813,0.774176,0.152858,-0.613977,0.401543,-0.232799,0.625538,0.092628,-0.667041,-0.054670,0.737216,-0.308608,-0.253082,0.623343,-0.017813,0.774176,0.152857,-0.613977,0.401544,-0.232801,0.625532,0.092628,-0.667041,-0.054670,0.737216,-0.308609,-0.253085,0.623338,0.460112,0.004516,0.005457,-0.000024,2,True,True,-0.001445,-0.002022,-0.000729,0.000000,0.000000,0.000000,0.000000,0.000000,0.000000,True,0.000000,0.000000,0.000000,0.000000,0.000000,0.000000,2.839580,-0.171427,-2.521368,2.957461,2.845995,-0.171427,-2.564288,2.957461,0.000000,0.000000,0.000000,0.000000,0.000000,0.000000,-0.000351,0.000000,-381.627930,-148.277069,-277.065002,-78.866493,True,velocity,0.460112,0.451281,0.017281,0.007606,0.003040,False
1.6448983410000437,0.029123,1.321343,-1.808199,1.354261,0.013171,-0.076763,-0.019608,-0.006525,1.332148,1.534933,1.396355,0.146811,-0.062650,-0.028350,-0.021131,0.774473,0.150020,-0.614198,0.399312,-0.237049,0.625240,0.095972,-0.666904,-0.052114,0.737098,-0.311857,-0.254748,0.623560,-0.021131,0.774473,0.150020,-0.614198,0.399312,-0.237043,0.625241,0.095972,-0.666903,-0.052113,0.737098,-0.311857,-0.254750,0.623554,0.459049,0.004201,0.004844,-0.000316,2,True,True,-0.010871,-0.020403,-0.009483,0.000000,0.000000,0.000000,0.000000,0.000000,0.000000,True,0.000000,0.000000,0.000000,0.000000,0.000000,0.000000,2.845789,-0.177601,-3.060441,2.957555,2.845789,-0.171741,-3.060441,2.957555,0.000000,0.000000,0.000000,0.000000,0.000000,0.000000,-0.005514,0.000000,-381.627930,-148.277069,-277.082031,-78.866493,True,velocity,0.459049,0.451566,0.014575,0.007831,0.020828,False
1.677549025999724,0.023185,1.319345,-1.800295,1.352565,0.010519,-0.075276,-0.023547,-0.003243,1.330919,1.541042,1.394427,0.148377,-0.061649,-0.032014,-0.022708,0.774386,0.148434,-0.614637,0.397877,-0.239355,0.625147,0.098447,-0.667235,-0.050464,0.736586,-0.314270,-0.255753,0.623480,-0.022709,0.774385,0.148434,-0.614637,0.397877,-0.239353,0.625145,0.098447,-0.667235,-0.050464,0.736586,-0.314270,-0.255753,0.623478,0.458155,0.004087,0.004962,-0.000223,2,True,True,-0.014293,-0.016887,-0.006688,0.000000,0.000000,0.000000,0.000000,0.000000,0.000000,True,0.000000,0.000000,0.000000,0.000000,0.000000,0.000000,2.845571,-0.171741,-3.023663,2.957555,2.845571,-0.171741,-3.023663,2.957555,0.000000,0.000000,0.000000,0.000000,0.000000,0.000000,-0.011460,0.000000,-381.627930,-148.277069,-277.087616,-78.866493,True,velocity,0.458155,0.451859,0.012186,0.008120,0.021280,False
1.7112056120004127,0.017091,1.318794,-1.793070,1.351332,0.009883,-0.074159,-0.027222,0.000070,1.328774,1.547530,1.391626,0.150708,-0.060584,-0.035902,-0.024182,0.774491,0.146639,-0.614879,0.396169,-0.241884,0.625093,0.101511,-0.667483,-0.048909,0.736050,-0.317131,-0.256817,0.623294,-0.024179,0.774499,0.146638,-0.614869,0.396192,-0.241804,0.624962,0.101502,-0.667493,-0.048900,0.736043,-0.317077,-0.256771,0.623159,0.457159,0.004091,0.004990,-0.000199,1,True,True,-0.014176,-0.016020,-0.005956,0.000000,0.000000,0.000000,0.000000,0.000000,0.000000,True,0.000000,0.000000,0.000000,0.000000,0.000000,0.000000,2.845571,-0.171427,-3.011459,2.957555,2.845571,-0.171427,-3.023663,2.957555,0.000000,0.000000,0.000000,0.000000,0.000000,0.000000,-0.012197,0.000000,-381.627930,-148.277069,-277.087616,-78.866493,True,velocity,0.457159,0.452159,0.009584,0.008318,0.023270,False
1.7445020519999161,0.009916,1.318108,-1.784472,1.349365,0.006583,-0.073411,-0.032503,0.003692,1.326112,1.555531,1.387720,0.151805,-0.058778,-0.039606,-0.026426,0.773769,0.144801,-0.616130,0.394041,-0.244913,0.625087,0.105007,-0.667160,-0.047084,0.735971,-0.320777,-0.258006,0.623091,-0.026428,0.773784,0.144799,-0.616111,0.394056,-0.244813,0.625081,0.105001,-0.667175,-0.047074,0.735960,-0.320713,-0.257947,0.623104,0.456481,0.003963,0.004878,-0.000246,1,True,True,-0.018031,-0.019405,-0.007386,0.000000,0.000000,0.000000,0.000000,0.000000,0.000000,True,0.000000,0.000000,0.000000,0.000000,0.000000,0.000000,2.845571,-0.171427,-3.035867,2.957555,2.845571,-0.171427,-3.035867,2.957555,0.000000,0.000000,0.000000,0.000000,0.000000,0.000000,-0.006670,0.000000,-381.627930,-148.277069,-277.086914,-78.866493,True,velocity,0.456481,0.452794,0.000000,0.011044,0.008251,False
1.775513466999655,0.001824,1.317143,-1.774030,1.347314,0.002081,-0.072426,-0.038621,0.007781,1.323421,1.565108,1.383222,0.152450,-0.056493,-0.042979,-0.029142,0.772857,0.142536,-0.617678,0.391480,-0.248302,0.625160,0.108724,-0.666767,-0.044657,0.735939,-0.324931,-0.259268,0.622944,-0.029148,0.772877,0.142537,-0.617652,0.391502,-0.248190,0.625148,0.108718,-0.666786,-0.044646,0.735924,-0.324855,-0.259205,0.622967,0.455604,0.003819,0.004793,-0.000296,1,True,True,-0.022334,-0.021956,-0.008876,0.000000,0.000000,0.000000,0.000000,0.000000,0.000000,True,0.000000,0.000000,0.000000,0.000000,0.000000,0.000000,2.845571,-0.177580,-3.035867,2.957555,2.845571,-0.177580,-3.035867,2.957555,0.000000,0.000000,0.000000,0.000000,0.000000,0.000000,-0.000532,0.000000,-381.627930,-148.277069,-277.086914,-78.866493,True,velocity,0.455604,0.453122,0.000000,0.010876,0.007567,False
1.808796295999855,-0.008341,1.315758,-1.760153,1.344782,-0.001746,-0.070900,-0.044714,0.012286,1.320054,1.577402,1.378872,0.152979,-0.053995,-0.046885,-0.032418,0.772522,0.138966,-0.618746,0.388075,-0.252614,0.625206,0.113138,-0.666243,-0.041101,0.735955,-0.330152,-0.260642,0.622940,-0.032421,0.772552,0.138973,-0.618707,0.388122,-0.252470,0.625212,0.113129,-0.666269,-0.041088,0.735935,-0.330058,-0.260583,0.622956,0.454417,0.003635,0.004674,-0.000402,1,True,True,-0.027858,-0.025504,-0.012051,0.000000,0.000000,0.000000,0.000000,0.000000,0.000000,True,0.000000,0.000000,0.000000,0.000000,0.000000,0.000000,2.845147,-0.171427,-3.035867,2.957555,2.845147,-0.171427,-3.036346,2.957555,0.000000,0.000000,0.000000,0.000000,0.000000,0.000000,0.000432,0.000000,-381.627930,-148.277069,-277.086914,-78.866493,True,velocity,0.454417,0.453422,0.000000,0.010412,0.009240,False
1.8419038669999281,-0.017791,1.314238,-1.746531,1.342453,-0.006032,-0.067648,-0.050271,0.016128,1.317303,1.589126,1.375837,0.152165,-0.051171,-0.049145,-0.034911,0.772168,0.136000,-0.619711,0.385024,-0.256325,0.625240,0.116251,-0.665543,-0.037311,0.736306,-0.334669,-0.261631,0.623114,-0.034916,0.772191,0.136009,-0.619680,0.385071,-0.256194,0.625244,0.116248,-0.665558,-0.037305,0.736293,-0.334588,-0.261591,0.623123,0.453247,0.003597,0.004765,-0.000405,1,True,True,-0.029010,-0.022792,-0.012160,0.000000,0.000000,0.000000,0.000000,0.000000,0.000000,True,0.000000,0.000000,0.000000,0.000000,0.000000,0.000000,2.845571,-0.171427,-3.035867,2.957555,2.845571,-0.171427,-3.035867,2.957555,0.000000,0.000000,0.000000,0.000000,0.000000,0.000000,0.000114,0.000000,-381.627930,-148.277069,-277.086914,-78.866493,True,velocity,0.453247,0.453681,0.000000,0.009767,0.010418,False
1.875675248999869,-0.029951,1.312923,-1.729371,1.339298,-0.011002,-0.065035,-0.056729,0.020127,1.313376,1.604146,1.372583,0.151872,-0.047783,-0.051369,-0.038570,0.771717,0.131581,-0.621009,0.380732,-0.261363,0.625321,0.120182,-0.664760,-0.032228,0.736622,-0.340773,-0.262777,0.623430,-0.038578,0.771758,0.131593,-0.620954,0.380802,-0.261189,0.625337,0.120174,-0.664780,-0.032217,0.736605,-0.340660,-0.262735,0.623442,0.451851,0.003405,0.004632,-0.000526,1,True,True,-0.034775,-0.026775,-0.015780,0.026775,-0.034775,0.000000,0.026775,-0.034775,0.000000,True,0.000000,0.000000,0.000000,0.000000,0.000000,0.000000,2.845995,-0.171761,-3.035867,2.957555,2.845995,-0.171761,-3.035867,2.957555,0.000000,0.000000,0.000000,0.000000,0.000000,0.000000,0.000000,0.000000,-381.627930,-148.277069,-277.086914,-78.866493,True,velocity,0.451851,0.453866,0.000000,0.008688,0.028125,False
1.9091400590004923,-0.040735,1.310548,-1.713272,1.335214,-0.016931,-0.064124,-0.061694,0.021611,1.310947,1.618292,1.370896,0.150612,-0.044772,-0.053072,-0.042678,0.771282,0.127238,-0.622184,0.376397,-0.266226,0.625435,0.123881,-0.664068,-0.027826,0.736812,-0.346680,-0.263646,0.623703,-0.042685,0.771319,0.127263,-0.622132,0.376439,-0.266069,0.625463,0.123878,-0.664076,-0.027823,0.736806,-0.346602,-0.263646,0.623691,0.450872,0.002416,0.003924,-0.000538,1,True,True,-0.029663,-0.021226,-0.016134,0.000000,0.000000,0.000000,0.000000,0.000000,0.000000,True,0.026775,-0.034775,0.000000,0.026322,-0.031663,0.000000,2.264341,-0.877252,2.264341,2.264341,2.839155,-0.171427,-3.036031,2.957555,-0.034558,0.031337,-0.022839,-0.031671,-0.000082,0.000006,0.000000,0.000000,-381.629730,-148.276779,-277.086914,-78.866493,True,velocity,0.450872,0.453966,0.000000,0.007262,0.029507,False
1.9423491659999854,-0.054967,1.309728,-1.693461,1.330916,-0.023089,-0.062113,-0.069721,0.025100,1.306479,1.635848,1.366695,0.149799,-0.040397,-0.055210,-0.047680,0.770454,0.122321,-0.623830,0.371070,-0.271975,0.625674,0.128656,-0.662987,-0.022439,0.737151,-0.353891,-0.264554,0.623933,-0.047692,0.770516,0.122336,-0.623750,0.371166,-0.271772,0.625694,0.128647,-0.663013,-0.022427,0.737130,-0.353750,-0.264508,0.623955,0.449526,0.002069,0.003656,-0.000625,1,True,True,-0.040065,-0.029275,-0.018744,0.029275,-0.040065,0.000000,0.029275,-0.040065,0.000000,True,0.000000,0.000000,0.000000,0.000000,-0.002370,0.000000,1.570796,-1.570796,-1.570796,1.570796,2.735423,-0.177601,-3.134316,2.957555,-0.000936,0.000419,0.000017,-0.000434,-0.003709,0.010397,-0.003741,-0.003542,-381.638245,-148.245956,-277.094452,-78.874161,True,velocity,0.449526,0.454000,0.000000,0.005698,0.030939,False
1.9757168839996666,-0.069162,1.308304,-1.673896,1.325839,-0.031446,-0.061582,-0.076422,0.027037,1.302692,1.654120,1.363250,0.147807,-0.036726,-0.057397,-0.052862,0.769233,0.116836,-0.625968,0.365212,-0.278112,0.625976,0.134007,-0.661680,-0.016942,0.737519,-0.361818,-0.265394,0.624108,-0.052881,0.769296,0.116864,-0.625884,0.365288,-0.277914,0.626704,0.134001,-0.661701,-0.016938,0.737502,-0.361699,-0.265385,0.624806,0.449000,0.000822,0.002772,-0.000666,1,True,True,-0.037411,-0.026530,-0.019972,0.026530,-0.037411,0.000000,0.026530,-0.037411,0.000000,True,0.029275,-0.040065,0.000000,0.028160,-0.030906,0.000000,2.309743,-0.831850,2.309743,2.309743,2.655658,-0.300241,3.068935,2.957555,-0.039335,0.036041,-0.030330,-0.033340,-0.001782,0.000000,-0.003438,-0.001897,-381.631836,-148.348633,-277.094177,-78.870255,True,velocity,0.449000,0.454000,-0.010214,0.004282,0.016022,False
2.0126689899998382,-0.083980,1.302340,-1.648257,1.319429,-0.045648,-0.056075,-0.081654,0.029090,1.302677,1.677280,1.360694,0.141065,-0.029520,-0.060440,-0.057735,0.768189,0.111144,-0.627853,0.359043,-0.284341,0.626217,0.139393,-0.660385,-0.011139,0.737792,-0.370077,-0.266098,0.624283,-0.057740,0.768189,0.111156,-0.627851,0.359045,-0.284327,0.626220,0.139400,-0.660383,-0.011142,0.737792,-0.370075,-0.266096,0.624280,0.446917,-0.000942,0.001843,-0.000871,2,True,True,-0.052912,-0.027867,-0.026125,0.028697,-0.052467,0.000000,0.028697,-0.052467,0.000000,True,0.026530,-0.037411,0.000000,0.026530,-0.037411,0.000000,2.187630,-0.953963,2.187630,2.187630,2.588098,-0.471831,2.983324,2.958019,-0.042234,0.040635,-0.032095,-0.032913,-0.007171,0.024547,-0.003704,-0.002735,-381.651642,-148.206757,-277.093475,-78.873466,True,velocity,0.446917,0.454000,-0.014324,0.003134,0.004461,False
2.0477727730003608,-0.098790,1.299394,-1.625716,1.312987,-0.056590,-0.052778,-0.086610,0.030974,1.300497,1.698725,1.357697,0.136960,-0.023619,-0.063510,-0.062526,0.767018,0.105682,-0.629767,0.352881,-0.290427,0.626338,0.144965,-0.659113,-0.005620,0.737918,-0.378439,-0.266710,0.624474,-0.062530,0.767018,0.105690,-0.629765,0.352881,-0.290412,0.626345,0.144970,-0.659112,-0.005623,0.737918,-0.378437,-0.266708,0.624472,0.445579,-0.002446,0.000931,-0.000790,2,True,True,-0.045573,-0.026531,-0.023697,0.026531,-0.045573,0.000000,0.026531,-0.045573,0.000000,True,0.028697,-0.052467,0.000000,0.028697,-0.052467,0.000000,2.071296,-1.070296,2.071296,2.071296,2.471519,-0.471831,2.983324,2.798134,-0.055076,0.049408,-0.036607,-0.044689,-0.016788,0.037246,-0.002223,-0.003837,-381.684845,-148.169220,-277.106598,-78.890205,True,velocity,0.445579,0.454000,-0.016958,0.002312,0.024002,False
2.078900817000431,-0.115947,1.298637,-1.602563,1.304999,-0.068756,-0.050342,-0.092481,0.032975,1.296212,1.721579,1.354353,0.132970,-0.017244,-0.066790,-0.067988,0.764851,0.099887,-0.632774,0.345745,-0.297266,0.626251,0.151021,-0.657195,0.000401,0.738436,-0.388019,-0.267158,0.624763,-0.067991,0.764851,0.099895,-0.632772,0.345746,-0.297249,0.626275,0.151025,-0.657194,0.000398,0.738436,-0.388015,-0.267156,0.624777,0.444000,-0.004012,-0.000060,-0.000850,2,True,True,-0.046975,-0.029723,-0.025494,0.029723,-0.046975,0.000000,0.029723,-0.046975,0.000000,True,0.026531,-0.045573,0.000000,0.026531,-0.045573,0.000000,2.097996,-1.043597,2.097996,2.097996,2.379600,-0.471831,2.940288,2.522037,-0.050178,0.044346,-0.033382,-0.045382,-0.033746,0.048392,-0.009845,-0.015048,-381.708710,-148.126816,-277.119415,-78.909317,True,velocity,0.444000,0.454000,-0.020088,0.001769,0.006999,False
2.1155912579997675,-0.133298,1.295965,-1.576436,1.296588,-0.082307,-0.045920,-0.096898,0.035324,1.293540,1.746135,1.351647,0.125138,-0.009102,-0.069951,-0.073344,0.763234,0.093713,-0.635069,0.338409,-0.303998,0.625987,0.156610,-0.654626,0.006482,0.739524,-0.397580,-0.267494,0.625030,-0.073345,0.763233,0.093716,-0.635069,0.338409,-0.303994,0.625989,0.156612,-0.654626,0.006481,0.739524,-0.397579,-0.267493,0.625031,0.442153,-0.005778,-0.001022,-0.000935,3,True,True,-0.053000,-0.028879,-0.028062,0.028879,-0.053000,0.000000,0.028879,-0.053000,0.000000,True,0.029723,-0.046975,0.000000,0.029723,-0.046975,0.000000,2.134935,-1.006657,2.134935,2.134935,2.300212,-0.471831,2.468582,2.411722,-0.054831,0.047826,-0.052523,-0.053473,-0.037923,0.051747,-0.018740,-0.023911,-381.725739,-148.108261,-277.142731,-78.928154,True,velocity,0.442153,0.454000,-0.023759,0.001290,0.011778,False
2.149979173999782,-0.152611,1.296151,-1.550849,1.286961,-0.095832,-0.043888,-0.101736,0.038017,1.288294,1.771096,1.348114,0.118335,-0.002115,-0.073076,-0.079441,0.760789,0.086875,-0.638233,0.330318,-0.311318,0.625484,0.162909,-0.651478,0.013298,0.740851,-0.408088,-0.267825,0.625296,-0.079442,0.760789,0.086877,-0.638233,0.330317,-0.311312,0.625490,0.162910,-0.651478,0.013297,0.740851,-0.408087,-0.267822,0.625300,0.439988,-0.007452,-0.002108,-0.000950,3,True,True,-0.050192,-0.032555,-0.028490,0.032555,-0.050192,0.000000,0.032555,-0.050192,0.000000,True,0.028879,-0.053000,0.000000,0.028879,-0.053000,0.000000,2.069704,-1.071889,2.069704,2.069704,2.263482,-0.471831,-3.036031,2.344580,-0.059227,0.049813,-0.021431,-0.057771,-0.036166,0.045641,-0.028051,-0.028992,-381.751678,-148.073517,-277.161133,-78.950615,True,velocity,0.439988,0.453997,-0.028065,0.000938,0.013721,False
2.1871940390001328,-0.170721,1.295616,-1.526362,1.277227,-0.110330,-0.042525,-0.103887,0.040778,1.284130,1.795292,1.344589,0.110537,0.004432,-0.076546,-0.084953,0.758351,0.079729,-0.641350,0.322959,-0.318006,0.624957,0.169288,-0.648338,0.019685,0.742032,-0.417834,-0.268003,0.625473,-0.084953,0.758351,0.079730,-0.641350,0.322959,-0.318005,0.624958,0.169288,-0.648338,0.019685,0.742032,-0.417833,-0.268002,0.625474,0.437904,-0.009002,-0.003135,-0.000921,4,True,True,-0.046511,-0.030835,-0.027628,0.030835,-0.046511,0.000000,0.030835,-0.046511,0.000000,True,0.032555,-0.050192,0.000000,0.032555,-0.050192,0.000000,2.146191,-0.995401,2.146191,2.146191,2.263482,-0.747974,2.309529,2.289085,-0.059414,0.058003,-0.059029,-0.059105,-0.034916,0.045033,-0.027082,-0.031584,-381.760468,-148.030136,-277.193634,-78.980888,True,velocity,0.437904,0.453953,-0.032116,0.000363,0.003267,False
2.2213670119999733,-0.188655,1.296496,-1.505759,1.266467,-0.124076,-0.043674,-0.105802,0.042646,1.279004,1.817822,1.340542,0.103491,0.010149,-0.079636,-0.090323,0.755438,0.073172,-0.644826,0.316439,-0.324490,0.624695,0.175847,-0.644976,0.025444,0.743261,-0.427197,-0.267807,0.625687,-0.090323,0.755438,0.073173,-0.644826,0.316438,-0.324487,0.624699,0.175848,-0.644976,0.025444,0.743261,-0.427196,-0.267806,0.625690,0.436193,-0.010300,-0.004160,-0.000860,4,True,True,-0.038936,-0.030746,-0.025812,0.030746,-0.038936,0.000000,0.030746,-0.038936,0.000000,True,0.030835,-0.046511,0.000000,0.030835,-0.046511,0.000000,2.156230,-0.985362,2.156230,2.156230,2.263482,-0.894863,2.272538,2.277339,-0.055483,0.055575,-0.055427,-0.055395,-0.036169,0.054399,-0.039788,-0.035816,-381.803558,-147.979767,-277.225433,-79.002510,True,velocity,0.436193,0.453916,-0.035445,-0.000005,0.004557,False
2.2557100579997496,-0.206972,1.297681,-1.487869,1.254185,-0.138362,-0.044422,-0.108373,0.043168,1.274022,1.839874,1.337346,0.094664,0.016153,-0.081077,-0.095013,0.752060,0.068227,-0.648632,0.310804,-0.330945,0.624840,0.181792,-0.640858,0.031036,0.745178,-0.436175,-0.267046,0.626216,-0.095013,0.752060,0.068228,-0.648632,0.310804,-0.330941,0.624845,0.181792,-0.640858,0.031035,0.745178,-0.436173,-0.267044,0.626221,0.434919,-0.011498,-0.005138,-0.000865,4,True,True,-0.035960,-0.029329,-0.025939,0.029329,-0.035960,0.000000,0.029329,-0.035960,0.000000,True,0.030746,-0.038936,0.000000,0.030746,-0.038936,0.000000,2.239197,-0.902395,2.239197,2.239197,2.900749,-0.907190,2.241443,2.258438,-0.039145,0.049611,-0.049611,-0.049602,-0.041413,0.061925,-0.042290,-0.038787,-381.834961,-147.947403,-277.255707,-79.034599,True,velocity,0.434919,0.453872,-0.037889,-0.000331,0.007737,False
2.28388935699968,-0.228208,1.299563,-1.469074,1.239597,-0.156332,-0.047318,-0.111145,0.042848,1.268354,1.864814,1.334894,0.084695,0.022219,-0.082264,-0.100581,0.747448,0.062354,-0.653695,0.304754,-0.338334,0.625457,0.188492,-0.636023,0.037760,0.747341,-0.446083,-0.265693,0.627231,-0.100581,0.747448,0.062355,-0.653694,0.304753,-0.338329,0.625535,0.188493,-0.636023,0.037759,0.747341,-0.446081,-0.265690,0.627309,0.433819,-0.012692,-0.006208,-0.000999,4,True,True,-0.035795,-0.032099,-0.029959,0.032099,-0.035795,0.000000,0.032099,-0.035795,0.000000,True,0.029329,-0.035960,0.000000,0.029329,-0.035960,0.000000,2.254975,-0.886617,2.254975,2.254975,2.201895,-0.907190,2.241819,2.258438,-0.046339,0.046394,-0.046400,-0.046404,-0.039400,0.055312,-0.047840,-0.039241,-381.847229,-147.928711,-277.271210,-79.047989,True,velocity,0.433819,0.453819,-0.039966,-0.000672,0.019260,False
2.318603290000283,-0.244751,1.300720,-1.454142,1.227375,-0.166603,-0.050627,-0.109250,0.041426,1.264943,1.884421,1.334894,0.076513,0.026646,-0.082806,-0.104234,0.745343,0.056416,-0.656062,0.300385,-0.343882,0.626045,0.193279,-0.632274,0.043147,0.749007,-0.453127,-0.264306,0.628237,-0.104234,0.745343,0.056417,-0.656062,0.300383,-0.343876,0.626833,0.193280,-0.632274,0.043147,0.749007,-0.453125,-0.264302,0.629024,0.433753,-0.013481,-0.006990,-0.000835,4,True,True,-0.023674,-0.023464,-0.025051,0.000000,0.000000,0.000000,0.000000,0.000000,0.000000,True,0.032099,-0.035795,0.000000,0.032099,-0.035795,0.000000,2.301812,-0.839781,2.301812,2.301812,2.208310,-0.906952,2.241443,2.259068,-0.047870,0.047971,-0.047992,-0.048036,-0.034833,0.041779,-0.034790,0.000000,-381.874847,-147.915741,-277.284882,-78.989815,True,velocity,0.433753,0.453753,-0.039951,-0.000988,0.023144,False
2.3537200549999397,-0.268834,1.303397,-1.433590,1.210452,-0.181137,-0.057581,-0.109275,0.042041,1.258451,1.910651,1.333489,0.067592,0.029756,-0.085792,-0.110807,0.742052,0.047777,-0.659392,0.294646,-0.351454,0.626686,0.201254,-0.627393,0.051733,0.750465,-0.462568,-0.262230,0.629669,-0.110807,0.742052,0.047777,-0.659392,0.294646,-0.351451,0.626689,0.201254,-0.627393,0.051733,0.750465,-0.462567,-0.262229,0.629672,0.431296,-0.013670,-0.007519,-0.001105,5,True,True,-0.029357,-0.039328,-0.033138,0.036785,-0.032488,0.000000,0.036785,-0.032488,0.000000,True,0.000000,0.000000,0.000000,0.000000,-0.000156,0.000000,2.232843,-0.888374,2.254290,2.264963,2.232843,-0.888374,2.254290,2.264963,0.000000,0.000000,0.000000,0.000000,-0.030693,0.027525,-0.028170,-0.027031,-381.889801,-147.902618,-277.301758,-79.075195,True,velocity,0.431296,0.453691,-0.044731,-0.001190,0.026299,False
2.386559942000531,-0.289628,1.306365,-1.416454,1.193574,-0.192838,-0.068008,-0.105889,0.039855,1.253751,1.934310,1.334397,0.060712,0.028535,-0.088185,-0.117279,0.739220,0.038758,-0.662041,0.289344,-0.358382,0.627110,0.209407,-0.623189,0.060555,0.751078,-0.470934,-0.260123,0.630989,-0.117279,0.739220,0.038758,-0.662040,0.289344,-0.358378,0.627115,0.209407,-0.623189,0.060555,0.751078,-0.470932,-0.260121,0.630994,0.430129,-0.014265,-0.008578,-0.001047,5,True,True,-0.014717,-0.034315,-0.031415,0.000000,0.000000,0.000000,0.000000,0.000000,0.000000,True,0.036785,-0.032488,0.000000,0.030175,-0.028419,0.000000,2.386162,-0.755430,2.386162,2.386162,2.232357,-0.907190,2.247866,2.264941,-0.040961,0.041046,-0.041055,-0.041146,-0.024365,0.015477,-0.018282,-0.019939,-381.886444,-147.914474,-277.297424,-79.076729,True,velocity,0.430129,0.453500,-0.046626,-0.002335,0.010241,False
2.4212399859998186,-0.315073,1.310918,-1.396368,1.173689,-0.204825,-0.081141,-0.103125,0.039178,1.246989,1.959068,1.335239,0.053501,0.024506,-0.091611,-0.125340,0.736241,0.027826,-0.664428,0.283387,-0.366008,0.627327,0.218676,-0.617996,0.071398,0.751774,-0.479691,-0.257455,0.632373,-0.125340,0.736241,0.027826,-0.664428,0.283386,-0.366002,0.627818,0.218676,-0.617996,0.071397,0.751774,-0.479688,-0.257452,0.632863,0.428500,-0.014229,-0.009014,-0.001168,5,True,True,-0.013643,-0.047410,-0.035036,0.040518,-0.028145,0.000000,0.040518,-0.028145,0.000000,True,0.000000,0.000000,0.000000,0.006112,-0.001669,0.000000,2.874992,-0.266601,2.874992,2.874992,2.269415,-0.864125,2.285121,2.283236,-0.005209,0.005238,-0.005266,-0.005259,-0.016265,0.008905,-0.013407,-0.012276,-381.909027,-147.898300,-277.310974,-79.083290,True,velocity,0.428500,0.453378,-0.049624,-0.002638,0.011846,False
2.4610988920003365,-0.338548,1.315528,-1.378017,1.152550,-0.216430,-0.099680,-0.097118,0.035011,1.242742,1.984254,1.338701,0.046813,0.018211,-0.094458,-0.134554,0.732976,0.015539,-0.666633,0.277290,-0.373649,0.627321,0.228525,-0.613154,0.082625,0.751659,-0.488075,-0.254406,0.633573,-0.134554,0.732976,0.015539,-0.666633,0.277290,-0.373646,0.627323,0.228525,-0.613154,0.082625,0.751659,-0.488074,-0.254404,0.633575,0.426375,-0.014768,-0.010225,-0.001233,6,True,True,-0.001669,-0.043208,-0.036976,0.038137,-0.020380,0.000000,0.038137,-0.020380,0.000000,True,0.040518,-0.028145,0.000000,0.036500,-0.028145,0.000000,2.484731,-0.656862,2.484731,2.484731,2.312239,-0.815458,2.327514,2.326279,-0.045407,0.045513,-0.045523,-0.045514,-0.009770,0.002432,-0.007323,-0.006323,-381.907776,-147.902344,-277.313202,-79.085243,True,velocity,0.426375,0.453138,-0.050000,-0.003600,0.004738,False
2.4919778450002923,-0.363667,1.321501,-1.359463,1.128870,-0.228438,-0.122621,-0.089023,0.028670,1.238827,2.011363,1.344390,0.039379,0.010093,-0.097454,-0.144835,0.729017,0.001261,-0.668996,0.270746,-0.381844,0.627110,0.239319,-0.607481,0.095026,0.751441,-0.496578,-0.250505,0.634661,-0.144835,0.729017,0.001261,-0.668996,0.270745,-0.381839,0.627115,0.239319,-0.607481,0.095026,0.751440,-0.496576,-0.250503,0.634665,0.424426,-0.015220,-0.011609,-0.001380,6,True,True,0.005155,-0.046598,-0.041400,0.043634,-0.017148,0.000000,0.043634,-0.017148,0.000000,True,0.038137,-0.020380,0.000000,0.038137,-0.020380,0.000000,2.650812,-0.490781,2.650812,2.650812,2.336783,-0.821298,2.333938,2.338677,-0.040877,0.040900,-0.041088,-0.040984,-0.016211,0.005438,-0.013360,-0.009502,-381.930817,-147.893555,-277.337463,-79.104355,True,velocity,0.424426,0.452991,-0.050000,-0.003874,0.003271,False
2.5243273460000637,-0.385852,1.327597,-1.343498,1.105171,-0.239227,-0.143747,-0.080424,0.020217,1.237406,2.036647,1.350984,0.032292,0.002917,-0.098163,-0.154156,0.724965,-0.010929,-0.671225,0.264961,-0.388966,0.626785,0.248738,-0.602310,0.106114,0.751060,-0.503617,-0.246125,0.635462,-0.154156,0.724965,-0.010929,-0.671225,0.264960,-0.388960,0.626792,0.248739,-0.602311,0.106114,0.751060,-0.503615,-0.246122,0.635467,0.423125,-0.015709,-0.012910,-0.001337,6,True,True,0.007645,-0.041974,-0.040104,0.041252,-0.010891,0.000000,0.041252,-0.010891,0.000000,True,0.043634,-0.017148,0.000000,0.043634,-0.017148,0.000000,2.767145,-0.374447,2.767145,2.767145,2.410567,-0.741741,2.401131,2.399398,-0.043934,0.043325,-0.043777,-0.043748,-0.022862,0.008448,-0.022568,-0.018726,-381.957855,-147.876541,-277.367737,-79.130440,True,velocity,0.423125,0.452822,-0.050000,-0.004207,0.003177,False
2.558805317000406,-0.410220,1.335141,-1.325806,1.078691,-0.252651,-0.169517,-0.070756,0.008967,1.237074,2.066673,1.360248,0.022283,-0.005162,-0.098164,-0.165410,0.719476,-0.025348,-0.674056,0.258390,-0.396730,0.626338,0.259574,-0.595466,0.119039,0.750914,-0.511051,-0.240195,0.636247,-0.165410,0.719476,-0.025348,-0.674056,0.258390,-0.396728,0.626340,0.259574,-0.595466,0.119039,0.750914,-0.511051,-0.240194,0.636248,0.421542,-0.015941,-0.014339,-0.001575,7,True,True,0.011567,-0.043609,-0.047238,0.044664,-0.006375,0.000000,0.044664,-0.006375,0.000000,True,0.041252,-0.010891,0.000000,0.041252,-0.010891,0.000000,2.883479,-0.258114,2.883479,2.883479,2.489944,-0.717085,2.505437,2.497287,-0.039404,0.037772,-0.039252,-0.039122,-0.038669,0.015776,-0.033464,-0.033642,-381.995819,-147.863007,-277.389374,-79.163223,True,velocity,0.421542,0.452587,-0.050000,-0.004870,0.006990,False
2.5915933149999546,-0.430906,1.342556,-1.310581,1.053545,-0.261660,-0.194040,-0.060835,-0.003267,1.238742,2.094857,1.369136,0.014423,-0.012442,-0.097100,-0.175953,0.714947,-0.038050,-0.675606,0.252673,-0.403189,0.625796,0.269543,-0.589758,0.130517,0.749998,-0.517156,-0.234115,0.636776,-0.175954,0.714947,-0.038049,-0.675606,0.252673,-0.403186,0.625799,0.269543,-0.589758,0.130516,0.749998,-0.517155,-0.234114,0.636778,0.420622,-0.016097,-0.015679,-0.001484,7,True,True,0.013273,-0.039147,-0.044519,0.041322,-0.001052,0.000000,0.041322,-0.001052,0.000000,True,0.044664,-0.006375,0.000000,0.044664,-0.006375,0.000000,2.999812,-0.141781,2.999812,2.999812,2.576360,-0.551734,2.590866,2.584027,-0.041132,0.041378,-0.041396,-0.041273,-0.042212,0.018998,-0.038427,-0.039109,-382.009491,-147.856445,-277.408752,-79.183594,True,velocity,0.420622,0.452341,-0.050000,-0.005523,0.008029,False
2.6252743459999692,-0.452729,1.351354,-1.294171,1.026911,-0.272233,-0.223478,-0.050878,-0.018755,1.242238,2.128434,1.380061,0.005323,-0.022168,-0.095761,-0.188688,0.709108,-0.052796,-0.677330,0.246230,-0.409866,0.625334,0.282048,-0.582840,0.144198,0.748300,-0.523611,-0.225952,0.637138,-0.188688,0.709108,-0.052796,-0.677330,0.246230,-0.409862,0.625337,0.282048,-0.582840,0.144198,0.748300,-0.523609,-0.225951,0.637141,0.419660,-0.015963,-0.017032,-0.001693,7,True,True,0.018323,-0.038412,-0.050800,0.042383,0.003863,0.000000,0.042383,0.003863,0.000000,True,0.041322,-0.001052,0.000000,0.041322,-0.001052,0.000000,3.116145,-0.025447,3.116145,3.116145,2.698881,-0.465708,2.713549,2.663699,-0.037789,0.037394,-0.037517,-0.037176,-0.039593,0.016037,-0.036185,-0.038773,-382.033752,-147.850723,-277.434570,-79.205360,True,velocity,0.419660,0.452075,-0.050000,-0.006125,0.025939,False
2.658928414000002,-0.467967,1.358481,-1.281972,1.005988,-0.277866,-0.247092,-0.040723,-0.032737,1.247806,2.155429,1.388126,-0.001839,-0.028617,-0.092404,-0.198291,0.704852,-0.064413,-0.678024,0.241367,-0.414343,0.625215,0.291632,-0.577781,0.153961,0.746603,-0.527871,-0.218956,0.637091,-0.198291,0.704852,-0.064412,-0.678024,0.241367,-0.414340,0.625218,0.291632,-0.577781,0.153961,0.746603,-0.527870,-0.218955,0.637093,0.419714,-0.015944,-0.018106,-0.001363,7,True,True,0.015056,-0.028238,-0.040883,0.000000,0.000000,0.000000,0.000000,0.000000,0.000000,True,0.042383,0.003863,0.000000,0.042383,0.003863,0.000000,-3.050707,0.090886,-3.050707,-3.050707,2.796813,-0.410552,2.781635,2.749189,-0.038583,0.037319,-0.038306,-0.037684,-0.037809,0.010703,-0.032650,-0.037109,-382.060699,-147.845703,-277.451019,-79.227959,True,velocity,0.419714,0.451766,-0.050000,-0.006890,0.027631,False
2.6926424260000204,-0.487266,1.367003,-1.267954,0.982899,-0.284475,-0.277509,-0.030250,-0.048584,1.254632,2.186285,1.398646,-0.009502,-0.037445,-0.090847,-0.210135,0.699517,-0.079725,-0.678353,0.235447,-0.419100,0.625441,0.303603,-0.571778,0.165515,0.743976,-0.532390,-0.209505,0.636587,-0.210135,0.699517,-0.079724,-0.678353,0.235447,-0.419096,0.625444,0.303603,-0.571778,0.165515,0.743976,-0.532389,-0.209504,0.636589,0.418992,-0.015706,-0.018342,-0.001585,7,True,True,0.022193,-0.035314,-0.047561,0.040817,0.008581,0.000000,0.040817,0.008581,0.000000,True,0.000000,0.000000,0.000000,0.004578,0.000000,0.000000,-3.141593,0.000000,-3.141593,-3.141593,2.919546,-0.263903,2.903676,2.859478,-0.004466,0.004420,-0.004449,-0.004397,-0.041962,0.005787,-0.033752,-0.035332,-382.097656,-147.848633,-277.482422,-79.254463,True,velocity,0.418992,0.450853,-0.050000,-0.011980,0.012974,False
2.734558895999726,-0.502271,1.375245,-1.254935,0.964566,-0.291408,-0.307955,-0.019343,-0.067036,1.265121,2.219580,1.409122,-0.020823,-0.043966,-0.084500,-0.221592,0.693441,-0.095435,-0.678918,0.229574,-0.423038,0.626061,0.315283,-0.564495,0.176412,0.742173,-0.536167,-0.199247,0.635610,-0.221592,0.693441,-0.095435,-0.678918,0.229574,-0.423035,0.626064,0.315283,-0.564495,0.176412,0.742173,-0.536166,-0.199247,0.635612,0.418942,-0.015459,-0.019090,-0.001564,7,True,True,0.021010,-0.016959,-0.046923,0.000000,0.000000,0.000000,0.000000,0.000000,0.000000,True,0.040817,0.008581,0.000000,0.040651,0.008581,0.000000,-2.933554,0.208039,-2.933554,-2.933554,2.992673,-0.201921,2.977352,2.920822,-0.038928,0.038104,-0.038701,-0.037785,-0.035732,-0.001842,-0.024292,-0.029442,-382.100586,-147.859787,-277.479645,-79.258926,True,velocity,0.418942,0.450209,-0.050000,-0.012997,0.022633,False
2.7604857630003607,-0.516022,1.382627,-1.243877,0.947988,-0.296758,-0.337143,-0.008301,-0.083337,1.275914,2.249515,1.418552,-0.029512,-0.050304,-0.078987,-0.231656,0.687722,-0.110406,-0.679106,0.224294,-0.425951,0.626755,0.326005,-0.558461,0.186221,0.739705,-0.539270,-0.189277,0.634399,-0.231656,0.687722,-0.110406,-0.679106,0.224294,-0.425948,0.626757,0.326005,-0.558461,0.186221,0.739705,-0.539269,-0.189276,0.634400,0.418754,-0.015444,-0.019155,-0.001420,7,True,True,0.021449,-0.018886,-0.042595,0.000000,0.000000,0.000000,0.000000,0.000000,0.000000,True,0.000000,0.000000,0.000000,0.012659,0.000000,0.000000,-3.141593,0.000000,-3.141593,-3.141593,3.066041,-0.122117,3.063154,2.994663,-0.019401,0.019286,-0.019394,-0.019208,-0.026003,-0.006446,-0.020810,-0.021020,-382.120667,-147.865097,-277.496918,-79.275253,True,velocity,0.418754,0.449416,-0.050000,-0.016605,0.016521,False
2.790430312999888,-0.527917,1.389404,-1.234073,0.933395,-0.300433,-0.364602,0.002483,-0.099231,1.287458,2.278366,1.428028,-0.036756,-0.056637,-0.072482,-0.240870,0.682408,-0.124497,-0.678824,0.219446,-0.428183,0.627305,0.336055,-0.552752,0.195977,0.736970,-0.541843,-0.179157,0.633093,-0.240870,0.682408,-0.124497,-0.678824,0.219446,-0.428173,0.628202,0.336055,-0.552753,0.195976,0.736970,-0.541840,-0.179156,0.633986,0.419416,-0.015442,-0.019022,-0.001335,6,True,True,0.021509,-0.014923,-0.040050,0.000000,0.000000,0.000000,0.000000,0.000000,0.000000,True,0.000000,0.000000,0.000000,0.000000,0.000000,0.000000,3.084803,-0.098110,3.094162,3.024584,3.084803,-0.098110,3.094162,3.024584,0.000000,0.000000,0.000000,0.000000,-0.020733,-0.011068,-0.020770,-0.021218,-382.125824,-147.868576,-277.506683,-79.288643,True,velocity,0.419416,0.448491,-0.050000,-0.019875,0.014562,False
2.825575726000352,-0.538750,1.396127,-1.224669,0.920544,-0.303671,-0.391687,0.012578,-0.115372,1.300469,2.309624,1.437642,-0.043995,-0.061802,-0.065448,-0.249982,0.676954,-0.138505,-0.678276,0.214507,-0.429991,0.627782,0.346636,-0.546849,0.205958,0.733745,-0.544427,-0.168081,0.631519,0.249983,-0.676954,0.138505,0.678276,0.214507,-0.429984,0.627789,0.346636,-0.546849,0.205957,0.733745,-0.544425,-0.168079,0.631523,0.418126,-0.015477,-0.018775,-0.001349,6,True,True,0.020467,-0.007502,-0.040464,0.000000,0.000000,0.000000,0.000000,0.000000,0.000000,True,0.000000,0.000000,0.000000,0.000000,0.000000,0.000000,3.085045,-0.287912,2.780993,3.018711,3.085045,-0.287912,2.780993,3.018711,0.000000,0.000000,0.000000,0.000000,-0.013399,-0.007583,-0.012263,-0.015503,-382.125427,-147.868301,-277.503204,-79.289200,True,velocity,0.418126,0.446166,-0.050000,-0.031943,0.001490,False
2.8605185830001574,-0.539389,1.396909,-1.224608,0.914036,-0.300749,-0.394230,0.018536,-0.116625,1.303576,2.311189,1.435820,-0.045306,-0.062079,-0.060951,-0.249982,0.676954,-0.138505,-0.678276,0.214507,-0.429991,0.627782,0.346636,-0.546849,0.205958,0.733745,-0.544427,-0.168081,0.631519,0.249982,-0.676954,0.138505,0.678276,0.214507,-0.429988,0.627785,0.346636,-0.546849,0.205958,0.733745,-0.544427,-0.168080,0.631520,0.419506,-0.016127,-0.019053,-0.000205,6,True,True,0.000967,-0.015851,-0.006158,0.000000,0.000000,0.000000,0.000000,0.000000,0.000000,True,0.000000,0.000000,0.000000,0.000000,0.000000,0.000000,3.084645,-0.098110,3.069395,3.012838,3.085045,-0.103950,3.069395,3.012838,0.000000,0.000000,0.000000,0.000000,-0.008337,-0.004848,-0.010015,-0.012488,-382.123199,-147.871231,-277.502930,-79.287109,True,velocity,0.419506,0.444856,-0.049029,-0.033407,0.003681,False
2.8929448609997053,-0.553496,1.407654,-1.208700,0.903924,-0.308224,-0.434273,0.030134,-0.141339,1.323366,2.366900,1.450474,-0.054480,-0.068531,-0.048765,-0.264380,0.667408,-0.162408,-0.676974,0.205597,-0.431671,0.628477,0.364867,-0.536248,0.224327,0.727315,-0.549156,-0.147246,0.628552,0.264380,-0.667408,0.162408,0.676974,0.205597,-0.431666,0.628482,0.364867,-0.536249,0.224327,0.727315,-0.549155,-0.147245,0.628554,0.417364,-0.015365,-0.017896,-0.002042,6,True,True,0.023829,0.018866,-0.061249,0.000000,0.000000,0.000000,0.000000,0.000000,0.000000,True,0.000000,0.000000,0.000000,0.000000,0.000000,0.000000,3.084645,-0.122446,3.062972,3.012838,3.084645,-0.122446,3.062972,3.012838,0.000000,0.000000,0.000000,0.000000,0.001721,-0.002001,0.002217,-0.004297,-382.122345,-147.871231,-277.502930,-79.285713,True,velocity,0.417364,0.443537,-0.050000,-0.035302,0.005318,False
2.922222989000147,-0.557552,1.413615,-1.199790,0.899622,-0.311829,-0.456071,0.039810,-0.157121,1.339804,2.404073,1.458160,-0.060165,-0.068119,-0.036336,-0.271489,0.661487,-0.175242,-0.676771,0.200429,-0.431351,0.629025,0.374772,-0.530364,0.234365,0.723418,-0.551761,-0.134519,0.627004,0.271489,-0.661487,0.175242,0.676771,0.200429,-0.431343,0.629032,0.374773,-0.530364,0.234365,0.723417,-0.551759,-0.134518,0.627007,0.417520,-0.015788,-0.017592,-0.001300,5,True,True,0.011150,0.027977,-0.038992,0.000000,0.000000,0.000000,0.000000,0.000000,0.000000,True,0.000000,0.000000,0.000000,0.000000,0.000000,0.000000,3.084803,-0.128605,3.057191,3.006311,3.084803,-0.128605,3.057191,3.006311,0.000000,0.000000,0.000000,0.000000,0.001741,-0.001705,0.000276,0.001783,-382.122223,-147.869705,-277.502930,-79.284737,True,velocity,0.417520,0.442197,-0.047478,-0.037516,0.019130,False
2.95500554299997,-0.558332,1.418923,-1.191576,0.898840,-0.317151,-0.474869,0.048229,-0.170430,1.355458,2.440381,1.463051,-0.065517,-0.064399,-0.021312,-0.277995,0.655054,-0.186981,-0.677245,0.195424,-0.430135,0.629757,0.383239,-0.524747,0.243679,0.719992,-0.554108,-0.121871,0.625974,0.277996,-0.655054,0.186981,0.677245,0.195425,-0.430130,0.629762,0.383239,-0.524748,0.243679,0.719992,-0.554107,-0.121871,0.625976,0.418286,-0.016018,-0.017131,-0.001167,5,True,True,0.004235,0.041825,-0.035014,-0.041866,-0.003816,0.000000,-0.041866,-0.003816,0.000000,True,0.000000,0.000000,0.000000,0.000000,0.000000,0.000000,3.084645,-0.128605,3.057191,3.006212,3.084645,-0.128605,3.057191,3.006212,0.000000,0.000000,0.000000,0.000000,0.001215,0.000199,0.000083,0.002568,-382.122223,-147.870819,-277.502930,-79.283623,True,velocity,0.418286,0.440731,-0.042924,-0.039299,0.019921,False
2.986340585999642,-0.559205,1.423850,-1.184028,0.898892,-0.322040,-0.488432,0.055177,-0.181498,1.368543,2.471671,1.467048,-0.071090,-0.060050,-0.006923,-0.282727,0.649648,-0.196630,-0.677761,0.190814,-0.428205,0.630596,0.389860,-0.519100,0.251410,0.717870,-0.556064,-0.109974,0.625266,0.282728,-0.649648,0.196630,0.677761,0.190814,-0.428196,0.631063,0.389860,-0.519100,0.251409,0.717870,-0.556062,-0.109973,0.625727,0.419344,-0.016265,-0.015793,-0.001013,4,True,True,0.000644,0.040105,-0.030388,-0.040105,0.000644,0.000000,-0.040105,0.000644,0.000000,True,-0.041866,-0.003816,0.000000,-0.039423,-0.003816,0.000000,-3.045110,0.096483,-3.045110,-3.045110,3.097233,-0.128286,2.670514,3.018610,0.039215,-0.038611,0.033398,0.038658,0.000515,-0.000679,0.000004,0.001978,-382.121918,-147.877655,-277.501251,-79.282784,True,velocity,0.419344,0.439344,-0.037975,-0.040491,0.019195,False
3.0199184869998135,-0.558673,1.428558,-1.176471,0.900368,-0.329025,-0.499840,0.059766,-0.190181,1.380120,2.502960,1.467880,-0.077943,-0.052974,0.008817,-0.287476,0.643877,-0.204909,-0.678817,0.186220,-0.425590,0.631408,0.395779,-0.513320,0.258210,0.716372,-0.558291,-0.098200,0.624714,0.287476,-0.643877,0.204909,0.678817,0.186220,-0.425585,0.631413,0.395780,-0.513321,0.258210,0.716372,-0.558289,-0.098200,0.624716,0.419717,-0.016497,-0.014156,-0.000940,4,True,True,-0.006942,0.049109,-0.028201,-0.049348,-0.004965,0.000000,-0.049348,-0.004965,0.000000,True,-0.040105,0.000644,0.000000,-0.040105,0.000644,0.000000,3.125534,-0.016059,3.125534,3.125534,3.127382,-0.128605,3.106472,3.050035,0.040110,-0.039856,0.040103,0.039996,0.007661,-0.012515,0.009551,0.008717,-382.100433,-147.914902,-277.469177,-79.257118,True,velocity,0.419717,0.436681,-0.031416,-0.050240,0.003693,False
3.050930976000018,-0.556387,1.433494,-1.168958,0.903221,-0.338016,-0.510337,0.061860,-0.198453,1.389840,2.534290,1.466023,-0.082992,-0.048669,0.025161,-0.292807,0.637411,-0.212150,-0.680414,0.181392,-0.422284,0.632038,0.402552,-0.507081,0.265896,0.714227,-0.561002,-0.086043,0.624323,0.292807,-0.637411,0.212149,0.680414,0.181392,-0.422278,0.632939,0.402553,-0.507082,0.265894,0.714226,-0.560997,-0.086042,0.625224,0.421681,-0.016768,-0.012365,-0.000840,3,True,True,-0.010110,0.053485,-0.025197,-0.053485,-0.010110,0.000000,-0.053485,-0.010110,0.000000,True,-0.049348,-0.004965,0.000000,-0.049348,-0.004965,0.000000,-3.041318,0.100275,-3.041318,-3.041318,3.133797,-0.085785,3.112608,3.061782,0.049308,-0.048741,0.049184,0.048742,0.016339,-0.028843,0.022720,0.020852,-382.075348,-147.940430,-277.446136,-79.229492,True,velocity,0.421681,0.435388,-0.025001,-0.048270,0.001739,False
3.0915263420001793,-0.553743,1.437250,-1.161823,0.906245,-0.345348,-0.518607,0.063613,-0.203731,1.397762,2.562653,1.463890,-0.088340,-0.043796,0.039133,-0.297463,0.632159,-0.218063,-0.681425,0.177185,-0.419022,0.632291,0.408281,-0.501469,0.272739,0.712355,-0.563613,-0.075541,0.624214,0.297463,-0.632159,0.218063,0.681425,0.177185,-0.419017,0.632296,0.408282,-0.501470,0.272737,0.712354,-0.563609,-0.075540,0.624218,0.421615,-0.017133,-0.010667,-0.000737,3,True,True,-0.010948,0.050935,-0.022123,-0.050935,-0.010948,0.000000,-0.050935,-0.010948,0.000000,True,-0.053485,-0.010110,0.000000,-0.053485,-0.010110,0.000000,-2.954779,0.186813,-2.954779,-2.954779,-3.131178,-0.054961,3.111965,3.098327,0.053588,-0.052849,0.053162,0.052998,0.032998,-0.045664,0.038928,0.035517,-382.044495,-147.974747,-277.412811,-79.203682,True,velocity,0.421615,0.433978,-0.022493,-0.044640,0.010721,False
3.122840959000314,-0.549027,1.441467,-1.154172,0.912176,-0.351261,-0.528693,0.065747,-0.211096,1.404589,2.591156,1.462464,-0.091262,-0.041026,0.053126,-0.302963,0.626525,-0.225490,-0.681788,0.172409,-0.414839,0.632265,0.414421,-0.495128,0.280336,0.710292,-0.566268,-0.064029,0.624316,0.302963,-0.626525,0.225490,0.681788,0.172409,-0.414850,0.632748,0.414424,-0.495131,0.280331,0.710290,-0.566256,-0.064032,0.624822,0.422756,-0.017376,-0.008773,-0.000687,2,True,True,-0.007288,0.056826,-0.020609,-0.056826,-0.007288,0.000000,-0.056826,-0.007288,0.000000,True,-0.050935,-0.010948,0.000000,-0.050935,-0.010948,0.000000,-2.929863,0.211730,-2.929863,-2.929863,-3.088584,-0.011804,-3.103311,3.135638,0.051443,-0.050802,0.051316,0.050869,0.037070,-0.047781,0.040410,0.036032,-382.025116,-148.019257,-277.396759,-79.187920,True,velocity,0.422756,0.432756,-0.017848,-0.043040,0.027178,False
3.149682524999662,-0.543149,1.444855,-1.146117,0.919528,-0.356572,-0.539284,0.068735,-0.216585,1.411725,2.619744,1.461369,-0.095476,-0.036982,0.066801,-0.308507,0.620926,-0.233392,-0.681764,0.167856,-0.410088,0.632064,0.420048,-0.488858,0.287720,0.708375,-0.568547,-0.052799,0.624608,0.308507,-0.620926,0.233392,0.681764,0.167854,-0.410104,0.632055,0.420051,-0.488862,0.287715,0.708372,-0.568536,-0.052803,0.624623,0.422882,-0.017564,-0.006698,-0.000672,2,True,True,-0.005640,0.062248,-0.020160,-0.062248,-0.005640,0.000000,-0.062248,-0.005640,0.000000,True,-0.056826,-0.007288,0.000000,-0.056826,-0.007288,0.000000,-3.014039,0.127554,-3.014039,-3.014039,-3.063432,-0.011804,2.505198,-3.123399,0.057202,-0.056736,0.041371,0.056949,0.039431,-0.049304,0.033223,0.035429,-381.996643,-148.040039,-277.377930,-79.159462,True,velocity,0.422882,0.431372,-0.014729,-0.045024,0.021616,False
3.1825027639997643,-0.544250,1.444779,-1.144755,0.918034,-0.357217,-0.539338,0.069560,-0.213508,1.413859,2.624090,1.461467,-0.099624,-0.033095,0.067312,-0.308507,0.620926,-0.233392,-0.681764,0.167856,-0.410088,0.632064,0.420048,-0.488858,0.287720,0.708375,-0.568547,-0.052799,0.624608,0.308507,-0.620926,0.233392,0.681764,0.167857,-0.410070,0.632077,0.420048,-0.488858,0.287720,0.708375,-0.568551,-0.052799,0.624601,0.422914,-0.017661,-0.006543,-0.000179,2,True,True,-0.002925,0.004656,-0.005363,0.000000,0.000000,0.000000,0.000000,0.000000,0.000000,True,-0.062248,-0.005640,0.000000,-0.062248,-0.005640,0.000000,-3.051231,0.090362,-3.051231,-3.051231,-3.057017,-0.037113,-3.054329,-3.110998,0.062502,-0.061996,0.062503,0.062391,0.042433,-0.056842,0.042919,0.038061,-381.961212,-148.100586,-277.316956,-79.127930,True,velocity,0.422914,0.430100,-0.012203,-0.043362,0.022449,False
3.21246309199978,-0.528323,1.449804,-1.133284,0.935990,-0.363402,-0.560211,0.074856,-0.230104,1.423267,2.663914,1.460421,-0.095721,-0.035073,0.090628,-0.318931,0.610751,-0.247844,-0.681058,0.160886,-0.399908,0.631759,0.429257,-0.478680,0.300819,0.704352,-0.571063,-0.032850,0.625346,0.318891,-0.610642,0.247837,0.681177,0.160666,-0.400548,0.631519,0.429335,-0.478351,0.300715,0.704573,-0.571100,-0.033162,0.625791,0.424615,-0.017431,-0.003212,-0.000753,1,True,True,0.003978,0.104566,-0.022581,-0.049983,0.001298,0.000000,-0.049983,0.001298,0.000000,True,0.000000,0.000000,0.000000,-0.028193,0.000000,0.000000,3.141593,0.000000,3.141593,3.141593,-3.057530,0.043046,-3.054494,-3.111115,0.028093,-0.028167,0.028086,0.028180,0.050535,-0.063418,0.053087,0.048022,-381.918793,-148.126389,-277.279724,-79.083702,True,velocity,0.424615,0.427569,0.000000,-0.052713,0.005410,False
3.2457399770000848,-0.511838,1.449035,-1.125579,0.954964,-0.366493,-0.574027,0.080140,-0.237272,1.434880,2.693042,1.456799,-0.094599,-0.030819,0.110911,-0.325045,0.604337,-0.257673,-0.680240,0.157614,-0.392488,0.631922,0.434246,-0.473760,0.308654,0.701223,-0.571290,-0.020862,0.625829,0.325045,-0.604258,0.257666,0.680314,0.157409,-0.392907,0.631773,0.434324,-0.473625,0.308590,0.701295,-0.571268,-0.021023,0.626089,0.427036,-0.017339,-0.001552,-0.000441,1,True,True,0.005422,0.104407,-0.013236,-0.099840,0.005076,0.000000,-0.099840,0.005076,0.000000,True,-0.049983,0.001298,0.000000,-0.009918,0.001298,0.000000,3.011412,-0.130181,3.011412,3.011412,-3.069978,0.049198,2.468582,-3.117525,0.009799,-0.009842,0.008564,0.009884,0.056034,-0.057861,0.058556,0.055283,-381.911682,-148.135468,-277.282074,-79.077286,True,velocity,0.427036,0.426212,0.000000,-0.049674,0.006861,False
3.2795392110001558,-0.497911,1.448142,-1.118762,0.970995,-0.369432,-0.588470,0.084807,-0.242019,1.446411,2.717848,1.455319,-0.097396,-0.025317,0.127906,-0.331159,0.598095,-0.266965,-0.679225,0.155045,-0.384583,0.632201,0.438247,-0.469211,0.314371,0.699251,-0.570344,-0.009374,0.626281,0.331156,-0.598037,0.266954,0.679282,0.154844,-0.384888,0.632097,0.438314,-0.469139,0.314289,0.699294,-0.570370,-0.009506,0.626438,0.429127,-0.016969,0.001296,-0.000436,1,True,True,0.011450,0.090006,-0.013085,-0.090006,0.011450,0.000000,-0.090006,0.011450,0.000000,True,-0.099840,0.005076,0.000000,-0.089824,0.005076,0.000000,3.085140,-0.056452,3.085140,3.085140,-3.106159,0.048887,-3.097530,-3.129387,0.089485,-0.089469,0.089397,0.089718,0.035668,-0.038647,0.039151,0.036500,-381.897614,-148.136581,-277.275543,-79.066689,True,velocity,0.429127,0.424984,0.000000,-0.046288,0.008431,False
3.314737548999801,-0.485949,1.446352,-1.113716,0.985254,-0.370562,-0.601372,0.088704,-0.239751,1.459829,2.745020,1.455085,-0.107514,-0.012338,0.142517,-0.336285,0.593244,-0.274877,-0.677803,0.153344,-0.377267,0.632573,0.441281,-0.465898,0.318275,0.697790,-0.568786,0.000722,0.626612,0.336284,-0.593244,0.274878,0.677803,0.153338,-0.377297,0.632552,0.441291,-0.465906,0.318264,0.697783,-0.568776,0.000720,0.626622,0.430929,-0.016503,0.004511,-0.000583,2,True,True,0.013977,0.096443,-0.017492,-0.096443,0.013977,0.000000,-0.096443,0.013977,0.000000,True,-0.090006,0.011450,0.000000,-0.090006,0.011450,0.000000,3.015063,-0.126530,3.015063,3.015063,3.139817,0.037181,-3.128361,3.135413,0.090026,-0.089518,0.089847,0.090075,0.040870,-0.028920,0.032873,0.035028,-381.820587,-148.202423,-277.206757,-78.990929,True,velocity,0.430929,0.423712,0.016620,-0.043718,0.011741,False
3.3692208060001576,-0.480159,1.445056,-1.114290,0.988913,-0.370784,-0.616724,0.091641,-0.235917,1.471777,2.750000,1.456252,-0.116212,-0.010544,0.151900,-0.341444,0.588842,-0.280606,-0.676714,0.152419,-0.369550,0.633153,0.444873,-0.463006,0.322248,0.695608,-0.566720,0.011201,0.626683,0.341445,-0.588842,0.280605,0.676714,0.152420,-0.369545,0.633159,0.442348,-0.464964,0.319414,0.697217,-0.565680,0.008713,0.625981,0.432781,-0.016618,0.010559,-0.002906,10,False,True,-0.003437,0.181422,-0.087174,-0.146167,0.008725,0.000000,-0.146167,0.008725,0.000000,True,-0.096443,0.013977,0.000000,-0.096443,0.013977,0.000000,2.997673,-0.143920,2.997673,2.997673,3.103250,-0.024134,3.106007,3.092346,0.096908,-0.096752,0.096879,0.096958,0.095544,-0.060106,0.087247,0.084254,-381.692383,-148.288651,-277.066132,-78.871513,True,velocity,0.432781,0.421375,0.024988,-0.043507,0.017550,False
3.4024020799997743,-0.477569,1.444575,-1.114906,0.986856,-0.372806,-0.632159,0.092769,-0.238742,1.481795,2.750000,1.456950,-0.115748,-0.020785,0.159806,-0.346966,0.584401,-0.284300,-0.676212,0.151903,-0.361938,0.633964,0.448961,-0.460299,0.326362,0.692854,-0.564307,0.021440,0.626691,0.346966,-0.584401,0.284300,0.676213,0.151904,-0.361931,0.633973,0.445450,-0.463077,0.322474,0.695086,-0.562878,0.017979,0.625721,0.435070,-0.016869,0.017247,-0.004332,10,False,True,-0.019688,0.235915,-0.129974,-0.193835,-0.006366,-0.064704,-0.193835,-0.006366,-0.064704,True,-0.146167,0.008725,0.000000,-0.131243,0.008725,0.000000,3.075211,-0.066382,3.075211,3.075211,3.078472,-0.048794,3.075357,3.074181,0.131532,-0.131512,0.131530,0.131531,0.108371,-0.092868,0.116121,0.105063,-381.651520,-148.367325,-276.999725,-78.832314,True,velocity,0.435070,0.420328,0.031504,-0.040410,0.018088,False
3.4345999520000987,-0.475704,1.443466,-1.116524,0.987254,-0.370819,-0.647023,0.098030,-0.240343,1.491941,2.750000,1.461895,-0.116984,-0.030156,0.164835,-0.350559,0.580978,-0.290312,-0.674754,0.151433,-0.354347,0.634958,0.451937,-0.457740,0.329851,0.690959,-0.561297,0.031208,0.626715,0.350559,-0.580978,0.290311,0.674754,0.151434,-0.354340,0.634966,0.448321,-0.460649,0.325915,0.693246,-0.559842,0.027648,0.625728,0.436447,-0.016946,0.024493,-0.006859,10,False,True,-0.015643,0.259459,-0.141077,-0.243163,-0.014533,-0.087166,-0.243163,-0.014533,-0.087166,True,-0.193835,-0.006366,-0.064704,-0.193499,-0.006366,-0.064704,-3.062620,0.070428,3.133893,3.132956,3.072698,-0.048794,3.069577,3.067655,0.179191,-0.201657,0.202188,0.180225,0.094801,-0.090125,0.118018,0.099799,-381.599457,-148.419220,-276.913239,-78.779434,True,velocity,0.436447,0.418647,0.037767,-0.043331,0.002681,False
3.4690553310001633,-0.476088,1.442180,-1.119206,0.987393,-0.369176,-0.664633,0.103451,-0.241554,1.502016,2.750000,1.469911,-0.119543,-0.040752,0.167254,-0.353949,0.577181,-0.297732,-0.673006,0.151118,-0.347174,0.636104,0.454887,-0.454596,0.333331,0.689428,-0.558198,0.040768,0.626712,0.353949,-0.577181,0.297731,0.673007,0.151119,-0.347167,0.636112,0.451572,-0.457303,0.329793,0.691515,-0.556879,0.037512,0.625820,0.437014,-0.017056,0.032130,-0.009663,10,False,True,-0.004938,0.245360,-0.138009,-0.245331,-0.006180,-0.102120,-0.245331,-0.006180,-0.102120,True,-0.243163,-0.014533,-0.087166,-0.229802,-0.014533,-0.087166,-3.024859,0.102697,-3.125836,-3.123664,3.096835,-0.042953,3.081599,3.074075,0.213640,-0.243312,0.243949,0.214234,0.096955,-0.090349,0.124821,0.096271,-381.480743,-148.501678,-276.805511,-78.664757,True,velocity,0.437014,0.418016,0.039848,-0.037058,0.003522,False
3.5001701900000626,-0.478043,1.441005,-1.122521,0.985827,-0.370415,-0.681295,0.105716,-0.242267,1.511462,2.750000,1.477421,-0.120541,-0.051939,0.169441,-0.357486,0.573214,-0.303720,-0.671850,0.151069,-0.340939,0.637312,0.457632,-0.451942,0.337302,0.687421,-0.555136,0.049731,0.626613,0.357486,-0.573214,0.303720,0.671851,0.151069,-0.340934,0.637318,0.454849,-0.454252,0.334382,0.689170,-0.554039,0.046998,0.625874,0.437456,-0.017091,0.039431,-0.012677,10,False,True,-0.001046,0.219025,-0.126326,-0.219009,-0.002900,-0.109240,-0.219009,-0.002900,-0.109240,True,-0.245331,-0.006180,-0.102120,-0.245331,-0.006180,-0.102120,-3.059795,0.071026,3.117500,3.113832,3.121855,-0.018293,3.088022,3.086473,0.227558,-0.262306,0.262650,0.227973,0.119962,-0.114524,0.150787,0.118044,-381.377777,-148.615509,-276.664490,-78.559288,True,velocity,0.437456,0.417541,0.041416,-0.031739,0.005136,False
3.5424453060004453,-0.480192,1.439666,-1.126053,0.984837,-0.373868,-0.695723,0.106583,-0.242752,1.519707,2.750000,1.484063,-0.121444,-0.062547,0.171811,-0.360285,0.569231,-0.308896,-0.671382,0.151223,-0.335755,0.638529,0.460074,-0.449303,0.341173,0.685609,-0.552307,0.057688,0.626402,0.360285,-0.569231,0.308895,0.671382,0.151224,-0.335751,0.638534,0.457859,-0.451168,0.338887,0.686999,-0.551442,0.055512,0.625822,0.437664,-0.017011,0.045849,-0.015750,10,False,True,0.002406,0.192546,-0.109270,-0.192561,0.000075,-0.109248,-0.192561,0.000075,-0.109248,True,-0.219009,-0.002900,-0.109240,-0.219009,-0.002900,-0.109240,-3.060538,0.068426,3.097503,3.089347,-3.137345,0.006051,3.087380,3.086473,0.200505,-0.237673,0.237798,0.200711,0.168453,-0.163832,0.219069,0.166286,-381.209961,-148.776230,-276.439453,-78.397743,True,velocity,0.437664,0.417216,0.042126,-0.024590,0.015462,False
3.568173100000422,-0.481397,1.437969,-1.129421,0.986015,-0.378818,-0.712428,0.107639,-0.243829,1.528409,2.750000,1.490515,-0.122592,-0.074661,0.175320,-0.363509,0.564089,-0.315558,-0.670886,0.151374,-0.330313,0.639904,0.463293,-0.445626,0.345753,0.683544,-0.549180,0.066422,0.626072,0.363509,-0.564089,0.315558,0.670886,0.151374,-0.330309,0.639908,0.461332,-0.447306,0.343764,0.684775,-0.548423,0.064495,0.625564,0.437799,-0.016666,0.052254,-0.019241,10,False,True,0.010342,0.192152,-0.104754,-0.192291,0.007315,-0.107927,-0.192291,0.007315,-0.107927,True,-0.192561,0.000075,-0.109248,-0.199846,0.000075,-0.109248,-3.068309,0.060855,3.080057,3.067490,-3.130929,0.018698,3.093982,3.086473,0.181405,-0.218629,0.218827,0.181742,0.195091,-0.193639,0.255091,0.192778,-381.088043,-148.904861,-276.270233,-78.276085,True,velocity,0.437799,0.417019,0.042615,-0.021112,0.023132,False
3.6007691370004977,-0.484502,1.436985,-1.132303,0.985122,-0.383715,-0.725990,0.107947,-0.244402,1.534288,2.750000,1.497006,-0.123324,-0.085934,0.175442,-0.365998,0.559850,-0.320923,-0.670539,0.151388,-0.326648,0.640865,0.466300,-0.442357,0.349821,0.681550,-0.546948,0.073216,0.625843,0.365998,-0.559849,0.320923,0.670539,0.151389,-0.326646,0.640868,0.464776,-0.443683,0.348292,0.682511,-0.546363,0.071714,0.625451,0.437342,-0.016378,0.057416,-0.022415,10,False,True,0.008640,0.154875,-0.092052,-0.155013,0.005643,-0.103258,-0.155013,0.005643,-0.103258,True,-0.192291,0.007315,-0.107927,-0.192291,0.007315,-0.107927,-3.107650,0.028033,3.044407,3.024077,-3.118739,0.024873,3.088022,3.085928,0.174033,-0.210720,0.211436,0.174817,0.204224,-0.213669,0.269784,0.201716,-380.976013,-149.048691,-276.141327,-78.161690,True,velocity,0.437342,0.416909,0.041704,-0.016741,0.025813,False
3.6360040669997034,-0.487674,1.436273,-1.129639,0.988247,-0.395168,-0.730000,0.104014,-0.245345,1.535715,2.750000,1.501216,-0.121994,-0.099219,0.174789,-0.369626,0.554598,-0.326847,-0.670051,0.151315,-0.323032,0.641809,0.470473,-0.437580,0.355644,0.678746,-0.544470,0.080901,0.625677,0.367961,-0.555840,0.325062,0.670807,0.151386,-0.323173,0.641783,0.468762,-0.439097,0.353935,0.679842,-0.543822,0.079202,0.625231,0.436193,-0.014212,0.062283,-0.026473,10,False,True,0.064982,0.146002,-0.110538,-0.157950,0.024311,-0.105399,-0.157950,0.024311,-0.105399,True,-0.155013,0.005643,-0.103258,-0.155148,0.005643,-0.103258,-3.091554,0.040013,3.037455,3.011587,-3.112965,0.024538,3.087740,3.080600,0.140050,-0.175132,0.175743,0.140760,0.201355,-0.227476,0.248168,0.201456,-380.865387,-149.226425,-275.980896,-78.051338,True,velocity,0.436193,0.416856,0.039317,-0.012846,0.011219,False
3.6813066129998333,-0.491791,1.436701,-1.123247,0.995903,-0.411141,-0.730000,0.096392,-0.246450,1.532366,2.750000,1.506474,-0.118827,-0.113026,0.169388,-0.373280,0.548849,-0.333835,-0.669314,0.151069,-0.319785,0.642718,0.475040,-0.432143,0.362419,0.675457,-0.541860,0.088477,0.625703,0.369977,-0.551329,0.330241,0.670891,0.151205,-0.320072,0.642663,0.472919,-0.434064,0.360288,0.676852,-0.541064,0.086345,0.625137,0.433658,-0.010315,0.066814,-0.030977,10,False,True,0.154002,0.124569,-0.140257,-0.190950,0.052652,-0.115651,-0.190950,0.052652,-0.115651,True,-0.157950,0.024311,-0.105399,-0.157950,0.024311,-0.105399,3.060364,-0.064729,2.933021,2.881787,-3.112574,0.018698,3.075357,3.068202,0.139547,-0.175530,0.177795,0.142384,0.169558,-0.219543,0.215421,0.184263,-380.723480,-149.378342,-275.817230,-77.878906,True,velocity,0.433658,0.416856,0.034044,-0.008807,0.026007,False
3.717963664999843,-0.498989,1.438539,-1.115925,1.003647,-0.430148,-0.730000,0.085090,-0.247393,1.526049,2.750000,1.515296,-0.115553,-0.125530,0.157717,-0.376887,0.542957,-0.340974,-0.668499,0.150659,-0.317654,0.643471,0.479059,-0.427093,0.368758,0.672392,-0.539436,0.094796,0.625949,0.372408,-0.546336,0.336003,0.670769,0.150838,-0.318052,0.643394,0.476780,-0.429199,0.366440,0.673937,-0.538585,0.092471,0.625322,0.429715,-0.005774,0.070926,-0.035250,10,False,True,0.232560,0.058430,-0.152779,-0.222200,0.090140,-0.126571,-0.222200,0.090140,-0.126571,True,-0.190950,0.052652,-0.115651,-0.189901,0.052604,-0.115651,2.919539,-0.181397,2.833141,2.767815,-3.136704,0.018363,3.050768,3.018711,0.170051,-0.208821,0.214754,0.177141,0.159589,-0.202090,0.204797,0.174880,-380.591949,-149.532639,-275.654999,-77.749306,True,velocity,0.429715,0.416856,0.026040,-0.006450,0.028790,False
3.7494991889998346,-0.516856,1.443985,-1.098433,1.013907,-0.467266,-0.730000,0.068479,-0.251771,1.515672,2.750000,1.535693,-0.109572,-0.148400,0.135956,-0.384266,0.529724,-0.357257,-0.666408,0.149268,-0.316050,0.644826,0.486857,-0.416059,0.381570,0.666535,-0.533883,0.106342,0.626661,0.376699,-0.535534,0.348556,0.670679,0.149553,-0.316751,0.644690,0.483186,-0.419602,0.377754,0.669154,-0.532529,0.102488,0.625589,0.421598,0.003436,0.076645,-0.043045,10,False,True,0.412057,0.010636,-0.260077,-0.219189,0.120233,-0.165838,-0.219189,0.120233,-0.165838,True,-0.222200,0.090140,-0.126571,-0.222200,0.090140,-0.126571,2.785539,-0.297168,2.732568,2.657029,3.109269,-0.006295,3.014155,2.988039,0.202991,-0.244182,0.255168,0.214481,0.166377,-0.199162,0.210533,0.173858,-380.442108,-149.661133,-275.512421,-77.654991,True,velocity,0.421598,0.416894,0.000000,-0.004624,0.013913,False
3.7786508350000076,-0.534805,1.449309,-1.089594,1.023083,-0.501032,-0.730000,0.042397,-0.253423,1.504256,2.750000,1.558232,-0.109736,-0.161555,0.106643,-0.388553,0.521945,-0.365839,-0.665404,0.147907,-0.316537,0.645679,0.491131,-0.409573,0.387963,0.663721,-0.530966,0.111602,0.626991,0.380660,-0.527997,0.356358,0.670318,0.148195,-0.317296,0.645532,0.487662,-0.412993,0.384279,0.666298,-0.529688,0.107889,0.625933,0.412839,0.009503,0.080623,-0.047941,10,False,True,0.466381,-0.084964,-0.241110,-0.203752,0.144862,-0.187977,-0.203752,0.144862,-0.187977,True,-0.219189,0.120233,-0.165838,-0.219189,0.117984,-0.165838,2.668895,-0.376025,2.631826,2.514880,3.035889,-0.061450,2.940484,2.901985,0.200236,-0.252913,0.268389,0.216096,0.211887,-0.207367,0.221748,0.195884,-380.271912,-149.790878,-275.361328,-77.480469,True,velocity,0.412839,0.416922,0.000000,-0.003348,0.008877,False
3.8102185070001724,-0.554537,1.455475,-1.081123,1.033862,-0.542174,-0.730000,0.010720,-0.255151,1.491492,2.750000,1.583833,-0.112516,-0.175852,0.073358,-0.393460,0.512386,-0.374777,-0.664976,0.145938,-0.317743,0.646773,0.495968,-0.401846,0.394691,0.660874,-0.527799,0.116626,0.627423,0.385607,-0.518405,0.364790,0.670441,0.146214,-0.318534,0.646618,0.492713,-0.405125,0.391156,0.663404,-0.526606,0.113069,0.626380,0.402961,0.015804,0.084095,-0.053713,10,False,True,0.502549,-0.178618,-0.226307,-0.185561,0.167533,-0.199250,-0.185561,0.167533,-0.199250,True,-0.203752,0.144862,-0.187977,-0.203752,0.144862,-0.187977,2.524731,-0.477066,2.522676,2.367697,2.968117,-0.110117,2.897696,2.853521,0.190247,-0.247670,0.269275,0.212415,0.238014,-0.217818,0.253903,0.216312,-380.145355,-149.930939,-275.124451,-77.336494,True,velocity,0.402961,0.416953,-0.027868,-0.002319,0.010364,False
3.8441351849996863,-0.573508,1.461301,-1.076460,1.043693,-0.580154,-0.730000,-0.022769,-0.255952,1.478491,2.750000,1.609724,-0.116220,-0.187055,0.038170,-0.397588,0.504907,-0.381055,-0.664672,0.144122,-0.319045,0.647460,0.499761,-0.395838,0.400038,0.658423,-0.525284,0.120412,0.627755,0.390617,-0.510221,0.371650,0.670052,0.144359,-0.319779,0.647315,0.497079,-0.398587,0.397053,0.660598,-0.524303,0.117425,0.626857,0.392985,0.021010,0.087333,-0.059013,10,False,True,0.482815,-0.259101,-0.186053,-0.164861,0.187938,-0.195369,-0.164861,0.187938,-0.195369,True,-0.185561,0.167533,-0.199250,-0.185561,0.167533,-0.199250,2.385235,-0.577952,2.422927,2.239587,2.845353,-0.177936,2.793839,2.730264,0.186863,-0.241302,0.271709,0.215779,0.241799,-0.228821,0.283482,0.233509,-380.037537,-150.114670,-274.931213,-77.200615,True,velocity,0.392985,0.416953,-0.047849,-0.001726,0.012544,False
3.877398976999757,-0.593928,1.468698,-1.070797,1.050269,-0.616035,-0.730000,-0.054883,-0.257078,1.466281,2.750000,1.635529,-0.118466,-0.202225,0.002708,-0.402878,0.497311,-0.387690,-0.663376,0.141685,-0.320703,0.648161,0.504742,-0.389455,0.407242,0.653999,-0.521929,0.124702,0.628091,0.396627,-0.502072,0.378749,0.668700,0.141889,-0.321391,0.648024,0.502409,-0.391906,0.404576,0.655982,-0.521080,0.122045,0.627273,0.383177,0.026526,0.090159,-0.064941,10,False,True,0.451900,-0.329034,-0.168517,-0.141932,0.205804,-0.187471,-0.141932,0.205804,-0.187471,True,-0.164861,0.187938,-0.195369,-0.164861,0.187938,-0.195369,2.247185,-0.691585,2.322550,2.126774,2.741425,-0.275928,2.707549,2.638962,0.185140,-0.235263,0.268808,0.217431,0.219335,-0.231596,0.305201,0.233924,-379.916290,-150.248611,-274.752380,-77.061943,True,velocity,0.383177,0.416953,-0.050000,-0.001295,0.030719,False
3.9115051170001607,-0.614477,1.477526,-1.063518,1.054924,-0.650695,-0.730000,-0.083399,-0.257997,1.453095,2.750000,1.658737,-0.124476,-0.216164,-0.030281,-0.408732,0.488710,-0.395393,-0.661639,0.138999,-0.322158,0.648934,0.509632,-0.381824,0.413707,0.650640,-0.518018,0.128856,0.628511,0.402931,-0.493161,0.386600,0.667068,0.139178,-0.322827,0.648801,0.507472,-0.384141,0.411179,0.652564,-0.517238,0.126344,0.627719,0.373766,0.032639,0.092590,-0.070924,10,False,True,0.421424,-0.385577,-0.160535,-0.117085,0.220887,-0.179549,-0.117085,0.220887,-0.179549,True,-0.141932,0.205804,-0.187471,-0.141932,0.205804,-0.187471,2.112659,-0.810729,2.220495,2.019216,2.600095,-0.331090,2.603483,2.497940,0.184686,-0.223799,0.266488,0.225329,0.203115,-0.228954,0.309096,0.230684,-379.784180,-150.382111,-274.586212,-76.887558,True,velocity,0.373766,0.416953,-0.050000,-0.000965,0.000557,False
3.9435994149998805,-0.634245,1.487176,-1.054604,1.059888,-0.680694,-0.730000,-0.105231,-0.258691,1.437398,2.750000,1.679101,-0.128933,-0.229961,-0.062541,-0.414324,0.479725,-0.405486,-0.658620,0.136034,-0.323260,0.649565,0.514332,-0.374396,0.420872,0.646651,-0.514048,0.132976,0.628985,0.408571,-0.484211,0.396304,0.664494,0.136215,-0.323916,0.652024,0.512128,-0.376815,0.418211,0.648718,-0.513247,0.130351,0.630727,0.366953,0.039328,0.094534,-0.077230,10,False,True,0.394018,-0.429621,-0.170172,-0.090655,0.232984,-0.176791,-0.090655,0.232984,-0.176791,True,-0.117085,0.220887,-0.179549,-0.117085,0.220887,-0.179549,1.981292,-0.932336,2.116886,1.913157,2.490125,-0.423241,2.517403,2.393560,0.186110,-0.216273,0.261725,0.228660,0.213652,-0.225393,0.296203,0.234536,-379.601562,-150.561386,-274.358673,-76.713867,True,velocity,0.366953,0.416953,-0.050000,-0.000730,0.000513,False
3.975952044999758,-0.651982,1.496806,-1.046551,1.063153,-0.703297,-0.730000,-0.121359,-0.258432,1.420215,2.750000,1.694673,-0.131484,-0.242417,-0.091179,-0.419005,0.472243,-0.414954,-0.655159,0.133421,-0.324068,0.649906,0.517999,-0.368140,0.427970,0.642643,-0.510542,0.136547,0.629558,0.413353,-0.476731,0.405550,0.661359,0.133608,-0.324687,0.660868,0.515804,-0.370604,0.425223,0.644813,-0.509734,0.133866,0.639762,0.366953,0.045885,0.096154,-0.083323,10,False,True,0.351872,-0.454794,-0.176162,-0.063000,0.241932,-0.176606,-0.063000,0.241932,-0.176606,True,-0.090655,0.232984,-0.176791,-0.090655,0.232984,-0.176791,1.850065,-1.051824,2.013460,1.804435,2.373656,-0.576291,2.431570,2.258481,0.190392,-0.216370,0.257528,0.235232,0.225249,-0.223491,0.286793,0.248151,-379.432617,-150.685959,-274.196991,-76.568779,True,velocity,0.366953,0.416934,-0.050000,-0.000695,0.016762,False
4.010764773999654,-0.669316,1.508003,-1.036381,1.064451,-0.723868,-0.730000,-0.132198,-0.258693,1.402230,2.750000,1.708301,-0.133881,-0.256669,-0.116260,-0.424228,0.463385,-0.425911,-0.651080,0.130232,-0.324877,0.649963,0.521768,-0.360314,0.436590,0.638217,-0.506349,0.140745,0.630412,0.418332,-0.468207,0.415723,0.657993,0.130433,-0.325495,0.669092,0.519230,-0.363243,0.433293,0.640868,-0.505405,0.137555,0.648599,0.366934,0.053227,0.097115,-0.090450,10,False,True,0.326044,-0.470042,-0.213357,-0.034493,0.247609,-0.187415,-0.034493,0.247609,-0.187415,True,-0.063000,0.241932,-0.176606,-0.063000,0.241932,-0.176606,1.719385,-1.171249,1.910087,1.695267,2.214237,-0.710987,2.321475,2.160560,0.191977,-0.214247,0.256180,0.237383,0.222363,-0.219731,0.279514,0.255794,-379.299377,-150.810272,-274.040863,-76.369560,True,velocity,0.366934,0.416872,-0.050000,-0.000977,0.019414,False
4.051203621999775,-0.683467,1.518219,-1.028293,1.063861,-0.736482,-0.730000,-0.138251,-0.257588,1.384073,2.750000,1.715550,-0.134300,-0.266618,-0.135768,-0.428222,0.456805,-0.434711,-0.647288,0.127663,-0.325352,0.649671,0.524130,-0.354728,0.443551,0.634600,-0.503003,0.144306,0.631068,0.422329,-0.461754,0.424266,0.654538,0.127869,-0.325940,0.675485,0.521478,-0.357852,0.439978,0.637512,-0.502008,0.140884,0.655840,0.366872,0.059953,0.097957,-0.097279,10,False,True,0.278201,-0.458569,-0.230814,-0.005519,0.249939,-0.200180,-0.005519,0.249939,-0.200180,True,-0.034493,0.247609,-0.187415,-0.034493,0.247609,-0.187415,1.582512,-1.283600,1.811287,1.580524,2.054983,-0.814809,2.204831,2.026111,0.200053,-0.208973,0.257289,0.244160,0.219601,-0.209898,0.268981,0.248965,-379.123871,-150.967361,-273.829102,-76.183037,True,velocity,0.366872,0.416519,-0.050000,-0.003206,0.011519,False
4.07736987699991,-0.696285,1.529463,-1.018384,1.061842,-0.746479,-0.730000,-0.140714,-0.257124,1.366674,2.750000,1.719993,-0.132565,-0.278245,-0.150731,-0.433259,0.449417,-0.444238,-0.642623,0.124443,-0.325845,0.649121,0.526853,-0.348535,0.451838,0.629914,-0.498947,0.148742,0.631695,0.427096,-0.454779,0.433080,0.650543,0.124660,-0.326436,0.680616,0.523805,-0.352226,0.447571,0.633439,-0.497802,0.144688,0.661916,0.366519,0.067284,0.098056,-0.105534,10,False,True,0.248714,-0.438720,-0.278289,0.023529,0.248890,-0.223153,0.023529,0.248890,-0.223153,True,-0.005519,0.249939,-0.200180,-0.010738,0.249939,-0.200180,1.467830,-1.374745,1.732486,1.486132,1.969018,-0.919692,2.149682,1.958896,0.198746,-0.206433,0.254236,0.245235,0.221717,-0.206271,0.264540,0.246527,-379.024261,-151.092911,-273.667419,-76.070312,True,velocity,0.366519,0.416178,-0.050000,-0.005247,0.005666,False
4.116716638000071,-0.705977,1.540249,-1.009195,1.058526,-0.754216,-0.730000,-0.141487,-0.256128,1.351678,2.750000,1.718725,-0.132455,-0.289056,-0.158542,-0.438452,0.442299,-0.451889,-0.638692,0.121306,-0.326085,0.648587,0.529874,-0.341973,0.458967,0.625809,-0.494975,0.153254,0.631916,0.432214,-0.447929,0.440386,0.647001,0.121526,-0.326667,0.684075,0.526541,-0.346104,0.454157,0.629847,-0.493732,0.148700,0.665943,0.366178,0.074304,0.097811,-0.114156,10,False,True,0.213819,-0.398727,-0.313797,0.052259,0.244477,-0.249813,0.052259,0.244477,-0.249813,True,0.023529,0.248890,-0.223153,0.023529,0.248890,-0.223153,1.300177,-1.505860,1.622906,1.351848,1.815804,-1.047760,2.045891,1.836209,0.200028,-0.199130,0.252224,0.250432,0.232821,-0.209298,0.269283,0.253844,-378.844025,-151.265213,-273.450470,-75.865791,True,velocity,0.366178,0.415653,-0.050000,-0.007543,0.013665,False
4.146376077999776,-0.710938,1.549466,-1.000893,1.056969,-0.757180,-0.730000,-0.137356,-0.254141,1.338565,2.750000,1.711203,-0.132607,-0.297939,-0.160805,-0.442485,0.435810,-0.458633,-0.635557,0.118504,-0.325795,0.648206,0.533252,-0.336292,0.464384,0.622011,-0.491500,0.157452,0.631752,0.436396,-0.441503,0.447306,0.643856,0.118716,-0.326359,0.685700,0.529838,-0.340597,0.459330,0.626323,-0.490243,0.152670,0.667694,0.365653,0.080838,0.097152,-0.122998,10,False,True,0.172088,-0.341216,-0.329255,0.080282,0.236759,-0.273178,0.080282,0.236759,-0.273178,True,0.052259,0.244477,-0.249813,0.046334,0.244477,-0.249813,1.177250,-1.588869,1.556744,-1.883059,1.693158,-0.484243,1.959811,3.012838,0.201437,-0.190971,0.253060,-0.052747,0.231596,-0.213321,0.277482,0.264877,-378.715820,-151.389236,-273.285980,-75.701729,True,velocity,0.365653,0.414994,-0.050000,-0.010885,0.011060,False
4.177925676000086,-0.711471,1.557052,-0.993093,1.057418,-0.756497,-0.730000,-0.129935,-0.251463,1.327388,2.750000,1.698204,-0.132669,-0.303359,-0.156671,-0.445931,0.429827,-0.464526,-0.632938,0.116132,-0.325096,0.647901,0.536444,-0.331445,0.467932,0.619202,-0.488299,0.161365,0.631217,0.440152,-0.435416,0.453757,0.640924,0.116323,-0.325642,0.684933,0.533067,-0.335749,0.462839,0.623613,-0.487083,0.156536,0.666673,0.364266,0.087073,0.095994,-0.132134,10,False,True,0.132827,-0.269720,-0.330143,0.107220,0.225840,-0.289933,0.107220,0.225840,-0.289933,True,0.080282,0.236759,-0.273178,0.079893,0.236759,-0.273178,1.014768,-1.733887,1.447627,1.133473,1.582814,-1.238089,1.880156,1.688722,0.201762,-0.181220,0.247211,0.253483,0.230845,-0.207089,0.282520,0.255193,-378.573792,-151.476700,-273.118866,-75.526505,True,velocity,0.364266,0.414266,-0.050000,-0.013801,0.027020,False
4.21156639200035,-0.707762,1.563381,-0.984627,1.059392,-0.754738,-0.730000,-0.121411,-0.249010,1.318837,2.750000,1.680635,-0.131832,-0.308681,-0.146864,-0.450235,0.423439,-0.469659,-0.630403,0.113783,-0.323819,0.647620,0.540428,-0.326659,0.470968,0.615971,-0.485005,0.165897,0.630464,0.444743,-0.428948,0.459425,0.638072,0.113953,-0.324358,0.682946,0.537002,-0.331069,0.465727,0.620581,-0.483812,0.160903,0.664156,0.363328,0.093145,0.094375,-0.142028,10,False,True,0.103776,-0.184554,-0.337049,0.112394,0.179436,-0.303791,0.112394,0.179436,-0.303791,True,0.107220,0.225840,-0.289933,0.107220,0.225840,-0.289933,0.882586,-1.866273,1.352665,1.031236,1.460358,-1.146177,1.794076,1.609105,0.206413,-0.149555,0.242041,0.255171,0.228808,-0.196353,0.279315,0.253544,-378.389221,-151.602676,-272.961487,-75.418388,True,velocity,0.363328,0.413328,-0.050000,-0.017354,0.029100,False
4.243690023999989,-0.699742,1.566966,-0.976995,1.064919,-0.750657,-0.730000,-0.111677,-0.246437,1.312926,2.750000,1.661860,-0.130585,-0.313852,-0.133248,-0.454081,0.417762,-0.474106,-0.628099,0.111803,-0.322016,0.647451,0.544186,-0.322187,0.473671,0.612938,-0.482076,0.170241,0.629861,0.448933,-0.423098,0.464559,0.635320,0.111945,-0.322548,0.679645,0.540804,-0.326579,0.468455,0.617598,-0.480947,0.165230,0.660422,0.362253,0.098251,0.092506,-0.151893,10,False,True,0.093715,-0.105795,-0.329198,0.096022,0.132193,-0.311263,0.096022,0.132193,-0.311263,True,0.112394,0.179436,-0.303791,0.112394,0.190102,-0.303791,0.750227,-1.949017,1.309651,0.945699,1.294825,-1.477504,1.671704,1.455807,0.191800,-0.143686,0.220040,0.244636,0.236185,-0.176158,0.274048,0.253563,-378.241638,-151.736740,-272.741058,-75.199081,True,velocity,0.362253,0.412253,-0.050000,-0.021285,0.029142,False
4.287260873999912,-0.688853,1.567696,-0.970450,1.074862,-0.744980,-0.730000,-0.099726,-0.244040,1.308830,2.750000,1.644984,-0.128295,-0.317209,-0.118572,-0.456646,0.412336,-0.479140,-0.626001,0.110159,-0.319809,0.647420,0.547039,-0.318508,0.476076,0.610453,-0.479475,0.174383,0.629505,0.451795,-0.417509,0.470235,0.632808,0.110274,-0.320336,0.675998,0.543753,-0.322812,0.470984,0.615060,-0.478429,0.169450,0.656484,0.361062,0.102345,0.090564,-0.161728,10,False,True,0.099130,-0.050399,-0.312972,0.061122,0.096388,-0.311766,0.061122,0.096388,-0.311766,True,0.096022,0.132193,-0.311263,0.096022,0.132193,-0.311263,0.563305,-2.000513,1.322911,0.852284,1.135665,-1.575307,1.542936,1.284113,0.148079,-0.094256,0.169650,0.198599,0.228601,-0.176280,0.259964,0.276459,-378.052460,-151.853516,-272.578552,-74.953682,True,velocity,0.361062,0.409772,-0.050000,-0.032077,0.017557,False
4.325421290000122,-0.676849,1.566846,-0.964498,1.086979,-0.740540,-0.730000,-0.088573,-0.242090,1.306739,2.750000,1.631056,-0.126656,-0.319384,-0.104379,-0.459055,0.406653,-0.484201,-0.624061,0.108599,-0.317236,0.647440,0.549556,-0.314990,0.478089,0.608442,-0.476799,0.178611,0.629269,0.454438,-0.411710,0.475798,0.630553,0.108688,-0.317763,0.672268,0.546376,-0.319187,0.473164,0.612951,-0.475839,0.173793,0.652545,0.359772,0.105719,0.088799,-0.171500,10,False,True,0.114269,-0.028419,-0.294384,0.050501,0.106371,-0.306654,0.050501,0.106371,-0.306654,True,0.061122,0.096388,-0.311766,0.063301,0.098914,-0.311766,0.492808,-1.780722,1.473739,0.865745,0.969560,-1.716115,1.494081,1.198623,0.120712,-0.065458,0.141295,0.174556,0.207977,-0.149815,0.226822,0.245762,-377.956207,-151.932343,-272.447113,-74.798134,True,velocity,0.359772,0.408419,-0.050000,-0.033033,0.026926,False
4.372186198000236,-0.664873,1.565585,-0.960086,1.097138,-0.734692,-0.730000,-0.078072,-0.239712,1.305618,2.750000,1.617249,-0.126616,-0.320252,-0.089281,-0.461009,0.402340,-0.487522,-0.622829,0.107273,-0.314816,0.647492,0.551668,-0.311624,0.479173,0.607409,-0.474470,0.182477,0.629148,0.456864,-0.406979,0.480052,0.628644,0.107335,-0.315312,0.668062,0.548732,-0.315510,0.474651,0.611599,-0.473632,0.178006,0.648291,0.358419,0.108449,0.087328,-0.180699,10,False,True,0.099331,-0.005571,-0.263695,0.031948,0.094218,-0.294019,0.031948,0.094218,-0.294019,True,0.050501,0.106371,-0.306654,0.050501,0.106371,-0.306654,0.590591,-1.547107,1.582122,0.951372,0.816823,-1.734933,1.487657,1.106509,0.119702,-0.067614,0.143213,0.174301,0.151048,-0.110895,0.167544,0.195365,-377.841949,-151.987579,-272.360779,-74.691544,True,velocity,0.358419,0.405628,-0.050000,-0.041601,0.012268,False
4.413096080999821,-0.653490,1.564112,-0.956751,1.105984,-0.729687,-0.730000,-0.068527,-0.236814,1.304184,2.750000,1.603273,-0.126137,-0.321028,-0.074896,-0.462580,0.398463,-0.489804,-0.622365,0.106226,-0.312437,0.647638,0.553466,-0.308988,0.480077,0.606406,-0.472603,0.186044,0.629099,0.459027,-0.402513,0.483457,0.627333,0.106262,-0.312885,0.662435,0.550886,-0.312406,0.476122,0.610111,-0.471910,0.182096,0.642649,0.355628,0.110780,0.086227,-0.189218,10,False,True,0.081891,0.008986,-0.225254,0.017221,0.080562,-0.273794,0.017221,0.080562,-0.273794,True,0.031948,0.094218,-0.294019,0.031948,0.094218,-0.294019,0.617645,-1.270306,1.708401,1.009252,0.748820,-1.667449,1.512068,1.075834,0.099468,-0.056189,0.128952,0.153523,0.125846,-0.080964,0.135773,0.156948,-377.756989,-152.069611,-272.225037,-74.583984,True,velocity,0.355628,0.402919,-0.050000,-0.048628,0.005373,False
4.447434738000084,-0.643404,1.561475,-0.957055,1.112385,-0.720459,-0.730000,-0.060697,-0.231451,1.300157,2.750000,1.587553,-0.124285,-0.319526,-0.061875,-0.462580,0.398463,-0.489804,-0.622365,0.106226,-0.312437,0.647638,0.553466,-0.308988,0.480077,0.606406,-0.472603,0.186044,0.629099,0.459892,-0.401539,0.485076,0.626073,0.106243,-0.312789,0.656894,0.551728,-0.311275,0.477413,0.608918,-0.472157,0.183373,0.637528,0.352919,0.112123,0.084082,-0.195680,10,False,True,0.046054,-0.023872,-0.145313,0.014703,0.049746,-0.236005,0.014703,0.049746,-0.236005,True,0.017221,0.080562,-0.273794,0.017221,0.080562,-0.273794,0.635407,-1.013192,1.822352,1.061186,0.724442,-1.587635,1.548684,1.063536,0.078915,-0.046522,0.113426,0.130711,0.108807,-0.078678,0.124940,0.134024,-377.679413,-152.116074,-272.162262,-74.486465,True,velocity,0.352919,0.401484,-0.050000,-0.046863,0.008906,False
4.477311528999962,-0.632165,1.560292,-0.953016,1.118422,-0.719904,-0.730000,-0.053088,-0.229995,1.301681,2.750000,1.573874,-0.125719,-0.322627,-0.047160,-0.465310,0.393425,-0.490731,-0.622805,0.104962,-0.308634,0.648057,0.556713,-0.305313,0.480691,0.604806,-0.470553,0.191437,0.629119,0.463029,-0.396094,0.486722,0.625952,0.104965,-0.308948,0.651990,0.555060,-0.307493,0.478180,0.607206,-0.470156,0.188891,0.632271,0.351484,0.113876,0.084424,-0.203307,10,False,True,0.052584,0.010271,-0.138113,0.009120,0.052796,-0.207213,0.009120,0.052796,-0.207213,True,0.014703,0.049746,-0.236005,0.014703,0.049746,-0.236005,0.363185,-0.686654,1.883351,0.962084,0.700063,-1.483164,1.622558,1.063639,0.055353,-0.022980,0.079456,0.095384,0.099066,-0.079838,0.118239,0.126933,-377.645233,-152.159042,-272.116486,-74.425224,True,velocity,0.351484,0.400162,-0.050000,-0.046318,0.022187,False
4.507926872000098,-0.621394,1.558134,-0.951660,1.121445,-0.716958,-0.730000,-0.049560,-0.227170,1.302033,2.750000,1.559426,-0.125925,-0.325113,-0.032755,-0.467993,0.391861,-0.488643,-0.623423,0.104589,-0.306483,0.648125,0.558611,-0.303241,0.481017,0.603839,-0.469812,0.194320,0.629495,0.466303,-0.393861,0.485680,0.625739,0.104581,-0.306726,0.648086,0.557326,-0.304933,0.479080,0.605711,-0.469521,0.192338,0.628857,0.351675,0.114772,0.084117,-0.209040,10,False,True,0.029521,0.020433,-0.102890,0.000000,0.000000,-0.176530,0.000000,0.000000,-0.176530,True,0.009120,0.052796,-0.207213,0.009120,0.052796,-0.207213,0.553649,-0.809786,1.893085,1.054817,0.657716,-1.354492,1.659174,1.057663,0.051852,-0.032376,0.080178,0.089880,0.080843,-0.074857,0.091416,0.109698,-377.616760,-152.192383,-272.098785,-74.394531,True,velocity,0.351675,0.398728,-0.050000,-0.046383,0.020921,False
4.566370313000334,-0.611377,1.554930,-0.950817,1.126481,-0.712441,-0.730000,-0.045841,-0.225269,1.302554,2.750000,1.550525,-0.126083,-0.326590,-0.021533,-0.469956,0.391075,-0.487826,-0.623079,0.104274,-0.304531,0.647942,0.559528,-0.301219,0.481696,0.603460,-0.469308,0.196733,0.630236,0.468584,-0.392711,0.485436,0.624947,0.104262,-0.304735,0.647905,0.558515,-0.302552,0.480181,0.604937,-0.469090,0.195171,0.629734,0.354807,0.115078,0.083810,-0.214098,10,False,True,0.038679,0.011207,-0.078091,0.002202,0.040210,-0.147577,0.002202,0.040210,-0.147577,True,0.000000,0.000000,-0.176530,0.000000,0.000000,-0.176530,-0.624410,-2.517182,2.517182,0.624410,0.596123,-1.403351,1.775446,1.039495,0.012693,0.009111,0.027272,0.033849,0.050640,-0.057918,0.048041,0.066414,-377.579926,-152.247070,-272.059296,-74.356163,True,velocity,0.354807,0.395922,-0.050000,-0.047128,0.015314,False
4.637370096999803,-0.602738,1.554034,-0.944791,1.135450,-0.707362,-0.730000,-0.041507,-0.226027,1.297426,2.750000,1.548327,-0.122120,-0.332229,-0.016474,-0.473475,0.388249,-0.491289,-0.619450,0.102918,-0.299588,0.647071,0.560108,-0.296553,0.486597,0.601297,-0.468204,0.202485,0.632707,0.471938,-0.390113,0.488628,0.621554,0.102902,-0.299817,0.647031,0.558682,-0.298468,0.484440,0.603414,-0.467909,0.200253,0.631991,0.355767,0.116829,0.084962,-0.220246,10,False,True,0.052355,0.056375,-0.114950,-0.004738,0.076790,-0.137981,-0.004738,0.076790,-0.137981,True,0.002202,0.040210,-0.147577,0.002202,0.040210,-0.147577,0.681386,-0.768641,1.944937,1.132909,0.363222,-1.146391,2.002209,0.971520,0.033373,-0.029592,0.062517,0.063524,0.037622,-0.021962,0.015936,0.043731,-377.524261,-152.258652,-272.043243,-74.287666,True,velocity,0.355767,0.391741,-0.050000,-0.052491,0.004107,False
4.6685492149999845,-0.598546,1.555555,-0.938910,1.142500,-0.698496,-0.730000,-0.032670,-0.226949,1.291596,2.750000,1.547274,-0.114853,-0.340438,-0.012472,-0.474641,0.385940,-0.496732,-0.615649,0.100798,-0.294587,0.647032,0.560302,-0.292220,0.493140,0.597898,-0.467056,0.208969,0.634817,0.473106,-0.387819,0.494120,0.617747,0.100781,-0.294815,0.646994,0.558466,-0.294756,0.490310,0.600691,-0.466691,0.206034,0.633872,0.355819,0.118703,0.086925,-0.226142,10,False,True,0.032573,0.127111,-0.153865,-0.021387,0.123937,-0.142653,-0.021387,0.123937,-0.142653,True,-0.004738,0.076790,-0.137981,-0.004738,0.071855,-0.137981,1.217747,-1.064117,1.892468,1.353051,0.418430,-1.066578,1.996719,0.989793,0.037746,-0.058099,0.088695,0.080997,0.032357,-0.016383,0.014309,0.042129,-377.515778,-152.284454,-272.021332,-74.277206,True,velocity,0.355819,0.390362,-0.050000,-0.049808,0.003495,False
4.69578079799976,-0.597060,1.559000,-0.935988,1.138867,-0.692912,-0.730000,-0.025419,-0.224322,1.286270,2.750000,1.535342,-0.111262,-0.345124,-0.002732,-0.475400,0.384723,-0.497144,-0.615493,0.099661,-0.292583,0.647577,0.560836,-0.289973,0.495745,0.596335,-0.466503,0.212242,0.635520,0.474424,-0.385926,0.495501,0.616816,0.099650,-0.292727,0.647554,0.559203,-0.292245,0.493203,0.598863,-0.466186,0.209603,0.634677,0.357693,0.120739,0.087762,-0.230355,10,False,True,-0.031961,0.158520,-0.137614,-0.015928,0.074236,-0.141171,-0.015928,0.074236,-0.141171,True,-0.021387,0.123937,-0.142653,-0.021387,0.111690,-0.142653,1.540412,-1.119699,1.910440,1.548631,0.553168,-1.048409,1.984222,1.045263,0.051935,-0.104370,0.136618,0.113171,0.027621,-0.027304,0.026498,0.044482,-377.502380,-152.316818,-271.984100,-74.237305,True,velocity,0.357693,0.389044,-0.050000,-0.049477,0.017203,False
4.734191155999724,-0.595152,1.562182,-0.932948,1.134349,-0.687631,-0.730000,-0.016914,-0.221430,1.281764,2.750000,1.521473,-0.106996,-0.349151,0.009620,-0.476121,0.383171,-0.497319,-0.615762,0.098504,-0.290595,0.648245,0.561218,-0.288130,0.498043,0.594952,-0.466061,0.215482,0.635987,0.475641,-0.383768,0.496519,0.616407,0.098501,-0.290666,0.648235,0.559815,-0.290092,0.495843,0.597155,-0.465796,0.213195,0.635264,0.360102,0.122558,0.088567,-0.234508,10,False,True,-0.053305,0.183776,-0.121005,-0.014898,0.024246,-0.135240,-0.014898,0.024246,-0.135240,True,-0.015928,0.074236,-0.141171,-0.015928,0.088755,-0.141171,1.458327,-1.061285,1.930878,1.494833,0.755239,-1.060738,1.959464,1.162078,0.054861,-0.081859,0.113269,0.100521,0.034151,-0.042837,0.061407,0.052753,-377.445160,-152.355881,-271.892151,-74.161690,True,velocity,0.360102,0.387609,-0.050000,-0.046091,0.022495,False
4.767199523999807,-0.592197,1.564225,-0.929265,1.132830,-0.681649,-0.730000,-0.006053,-0.219863,1.279271,2.750000,1.510945,-0.102827,-0.353485,0.021757,-0.476328,0.380925,-0.499061,-0.615586,0.096971,-0.287982,0.648964,0.561642,-0.285634,0.500739,0.593491,-0.465397,0.219419,0.636523,0.476141,-0.381159,0.498754,0.615834,0.096971,-0.288009,0.648962,0.560291,-0.287540,0.498613,0.595634,-0.465149,0.217203,0.635827,0.362320,0.123816,0.089529,-0.238912,10,False,True,-0.042564,0.203657,-0.117910,-0.019355,-0.025555,-0.130143,-0.019355,-0.025555,-0.130143,True,-0.014898,0.024246,-0.135240,-0.014898,0.026769,-0.135240,0.900219,-0.263029,2.289235,1.386186,0.975923,-1.073067,1.947556,1.235168,0.012985,-0.027054,0.054236,0.043583,0.049213,-0.053969,0.088360,0.081513,-377.413239,-152.395233,-271.820160,-74.087753,True,velocity,0.362320,0.386181,-0.045447,-0.045510,0.023511,False
4.803584838000461,-0.587823,1.563934,-0.926339,1.133324,-0.676487,-0.730000,0.003053,-0.219207,1.280063,2.750000,1.504083,-0.098896,-0.357707,0.033156,-0.477122,0.378786,-0.500878,-0.614815,0.095475,-0.285557,0.649454,0.562092,-0.283402,0.503334,0.591938,-0.464744,0.223103,0.636960,0.476784,-0.379212,0.500333,0.615258,0.095472,-0.285606,0.649448,0.560759,-0.285301,0.501241,0.594063,-0.464510,0.220908,0.636271,0.364614,0.124015,0.090300,-0.243139,10,False,True,-0.016265,0.202021,-0.114577,-0.030361,-0.074329,-0.125565,-0.030361,-0.074329,-0.125565,True,-0.019355,-0.025555,-0.130143,-0.019355,-0.025555,-0.130143,1.637434,-2.355975,-2.913873,1.851305,1.037510,-0.931609,2.015057,1.284113,-0.034327,0.008561,0.009148,-0.008437,0.046343,-0.050593,0.096356,0.091078,-377.416718,-152.425079,-271.805511,-74.055801,True,velocity,0.364614,0.383391,-0.034868,-0.053743,0.011682,False
4.830680975999712,-0.582584,1.561743,-0.923647,1.138505,-0.673976,-0.730000,0.010497,-0.220207,1.283744,2.750000,1.503254,-0.094759,-0.363576,0.041926,-0.477934,0.375662,-0.503912,-0.613620,0.093669,-0.282385,0.650110,0.562804,-0.280614,0.506838,0.589595,-0.463779,0.227700,0.637478,0.477194,-0.376602,0.502731,0.614588,0.093659,-0.282493,0.650093,0.561332,-0.282743,0.504542,0.591946,-0.463534,0.225270,0.636714,0.366366,0.123379,0.091553,-0.247616,10,False,True,0.029667,0.192486,-0.123306,-0.050515,-0.120087,-0.124900,-0.050515,-0.120087,-0.124900,True,-0.030361,-0.074329,-0.125565,-0.030361,-0.059440,-0.125565,1.450891,-2.175500,0.705704,1.368973,1.135665,-0.962340,2.192627,1.321387,-0.071650,0.031838,-0.005691,-0.044921,0.024388,-0.049227,0.073729,0.073615,-377.432190,-152.422150,-271.830353,-74.056358,True,velocity,0.366366,0.382037,-0.028696,-0.052939,0.007891,False
4.876622704000511,-0.576646,1.557133,-0.923155,1.148076,-0.674547,-0.730000,0.013942,-0.221941,1.289793,2.750000,1.508450,-0.093588,-0.367784,0.046643,-0.478414,0.372681,-0.506921,-0.612585,0.092123,-0.279686,0.650721,0.563449,-0.277911,0.509445,0.588011,-0.462834,0.231659,0.637918,0.477253,-0.374166,0.505072,0.614111,0.092105,-0.279855,0.650693,0.561875,-0.280216,0.507023,0.590511,-0.462585,0.229067,0.637101,0.367327,0.121820,0.092652,-0.251934,10,False,True,0.087278,0.147490,-0.127954,-0.085162,-0.148722,-0.125798,-0.085162,-0.148722,-0.125798,True,-0.050515,-0.120087,-0.124900,-0.050515,-0.120087,-0.124900,1.357792,-2.058116,0.970406,1.298301,1.221579,-1.189218,2.321091,1.321311,-0.137234,0.098932,-0.027728,-0.108772,-0.013958,0.001627,-0.018267,0.021921,-377.450623,-152.357285,-271.880157,-74.065147,True,velocity,0.367327,0.380700,-0.024472,-0.045470,0.021945,False
4.905250890000389,-0.572042,1.551676,-0.923942,1.160380,-0.680346,-0.730000,0.012398,-0.224882,1.297997,2.750000,1.521104,-0.093112,-0.372358,0.046509,-0.479193,0.368907,-0.510265,-0.611482,0.090214,-0.276571,0.651468,0.564008,-0.275105,0.512574,0.586072,-0.461493,0.236429,0.638438,0.477523,-0.371065,0.507578,0.613715,0.090184,-0.276816,0.651427,0.562291,-0.277662,0.509970,0.588781,-0.461236,0.233605,0.637545,0.367161,0.119663,0.094599,-0.256503,10,False,True,0.145873,0.086890,-0.139230,-0.062868,-0.103967,-0.129749,-0.062868,-0.103967,-0.129749,True,-0.085162,-0.148722,-0.125798,-0.075992,-0.143569,-0.125798,1.265090,-2.105829,0.933358,1.195180,1.246009,-1.336061,2.272275,1.314862,-0.161807,0.128844,-0.035326,-0.131736,-0.024175,0.039904,-0.039758,-0.007207,-377.478668,-152.307480,-271.885895,-74.097099,True,velocity,0.367161,0.378028,-0.018922,-0.056238,0.001999,False
4.937196077999943,-0.568746,1.547075,-0.924721,1.174356,-0.689298,-0.730000,0.007732,-0.228534,1.305819,2.750000,1.536648,-0.094416,-0.377546,0.043511,-0.480210,0.364355,-0.514052,-0.610241,0.087917,-0.273000,0.652316,0.564962,-0.271218,0.515853,0.584084,-0.459767,0.241959,0.638918,0.478205,-0.366980,0.510765,0.612996,0.087876,-0.273300,0.652266,0.562994,-0.274203,0.512913,0.587172,-0.459490,0.238723,0.637892,0.366015,0.117738,0.096964,-0.261456,10,False,True,0.173153,0.071035,-0.158054,-0.043942,-0.057687,-0.138074,-0.043942,-0.057687,-0.138074,True,-0.062868,-0.103967,-0.129749,-0.067890,-0.121262,-0.129749,1.248297,-2.151241,0.864184,1.160503,1.246009,-1.557309,1.984515,1.296591,-0.144611,0.135930,-0.060317,-0.113842,-0.031570,0.074912,-0.035700,-0.043931,-377.525818,-152.249588,-271.906097,-74.174110,True,velocity,0.366015,0.376725,-0.018805,-0.052323,0.001353,False
4.967304535000039,-0.566120,1.542835,-0.926735,1.187705,-0.697832,-0.730000,0.001005,-0.231129,1.311592,2.750000,1.551228,-0.095853,-0.380429,0.038405,-0.481051,0.360947,-0.517008,-0.609106,0.086128,-0.270428,0.652838,0.565529,-0.268581,0.518350,0.582541,-0.458296,0.246208,0.639206,0.478979,-0.363693,0.513534,0.612038,0.086082,-0.270743,0.652786,0.563478,-0.271738,0.515316,0.585747,-0.458024,0.242833,0.638134,0.364346,0.116191,0.098723,-0.266187,10,False,True,0.171397,0.066677,-0.161935,-0.028922,-0.009997,-0.145092,-0.028922,-0.009997,-0.145092,True,-0.043942,-0.057687,-0.138074,-0.043942,-0.061720,-0.138074,1.316135,-2.279524,0.586596,1.142264,1.245367,-1.685618,1.824577,1.278320,-0.081052,0.085840,-0.026446,-0.048805,-0.045471,0.092669,-0.033390,-0.063861,-377.556915,-152.178711,-271.951599,-74.218887,True,velocity,0.364346,0.375384,-0.019548,-0.050571,0.000688,False
5.00248166900019,-0.565081,1.540718,-0.927507,1.199185,-0.705078,-0.730000,-0.003892,-0.233650,1.315489,2.750000,1.564153,-0.096640,-0.383868,0.033504,-0.481825,0.357130,-0.520576,-0.607703,0.083935,-0.267462,0.653345,0.566306,-0.265434,0.521265,0.580625,-0.456473,0.251253,0.639390,0.479815,-0.359828,0.517142,0.610627,0.083887,-0.267773,0.653296,0.564099,-0.268890,0.518016,0.584080,-0.456199,0.247604,0.638229,0.362340,0.115435,0.100736,-0.271476,10,False,True,0.150925,0.096557,-0.175488,-0.018882,0.038985,-0.154032,-0.018882,0.038985,-0.154032,True,-0.028922,-0.009997,-0.145092,-0.028922,-0.010502,-0.145092,1.421393,-2.656064,3.006720,2.100350,1.263972,-1.802417,1.457118,1.247651,-0.028241,0.039822,0.001146,0.005544,-0.072415,0.102298,-0.040513,-0.087864,-377.618164,-152.116486,-271.966797,-74.268837,True,velocity,0.362340,0.374013,-0.020969,-0.047536,0.004131,False
5.042893220999758,-0.565467,1.541246,-0.925876,1.207230,-0.711932,-0.730000,-0.006840,-0.235734,1.316887,2.750000,1.572232,-0.097617,-0.388292,0.030837,-0.483336,0.352301,-0.524329,-0.606094,0.081335,-0.264111,0.653837,0.567746,-0.261218,0.524210,0.578475,-0.454329,0.257026,0.639386,0.481424,-0.354913,0.521001,0.608955,0.081286,-0.264411,0.653791,0.565299,-0.265114,0.520611,0.582336,-0.454049,0.252950,0.638087,0.360512,0.115765,0.102758,-0.277326,10,False,True,0.118240,0.149210,-0.196962,-0.016514,0.088929,-0.166658,-0.016514,0.088929,-0.166658,True,-0.018882,0.038985,-0.154032,-0.018882,0.038639,-0.154032,1.216912,2.728188,2.235497,1.444467,1.331396,-1.986053,1.346616,1.260131,0.020991,0.000091,0.045726,0.056851,-0.060602,0.082113,-0.034170,-0.069516,-377.608948,-152.089981,-271.968201,-74.277061,True,velocity,0.360512,0.372772,-0.022383,-0.042726,0.027239,False
5.069785435000085,-0.566904,1.544380,-0.922108,1.211252,-0.717010,-0.730000,-0.006137,-0.236512,1.314867,2.750000,1.573467,-0.098362,-0.392587,0.030691,-0.485031,0.346782,-0.528043,-0.604697,0.078643,-0.260581,0.654325,0.569620,-0.256846,0.526696,0.576329,-0.452192,0.262919,0.639178,0.483312,-0.349178,0.525012,0.607327,0.078595,-0.260855,0.654284,0.566986,-0.261099,0.522804,0.580543,-0.451919,0.258487,0.637763,0.359139,0.117281,0.104623,-0.283475,10,False,True,0.073615,0.213039,-0.214782,-0.025178,0.138172,-0.180812,-0.025178,0.138172,-0.180812,True,-0.016514,0.088929,-0.166658,-0.016514,0.081195,-0.166658,1.378759,-0.935110,1.986439,1.455015,1.319144,-1.507999,1.433054,1.290718,0.061829,-0.028805,0.089905,0.100702,-0.020699,0.065450,-0.020117,-0.034010,-377.558044,-152.090408,-271.967346,-74.268135,True,velocity,0.359139,0.371494,-0.022527,-0.043651,0.023162,False
5.103155949000211,-0.570056,1.550586,-0.915733,1.210404,-0.719029,-0.730000,-0.001507,-0.235987,1.308411,2.750000,1.567461,-0.097894,-0.397760,0.032761,-0.487143,0.340864,-0.532010,-0.602883,0.075807,-0.256802,0.654613,0.571988,-0.252098,0.529320,0.573670,-0.450011,0.269261,0.638780,0.485630,-0.343018,0.529332,0.605235,0.075762,-0.257045,0.654578,0.569190,-0.256683,0.525123,0.578258,-0.449756,0.264475,0.637249,0.357975,0.120263,0.106388,-0.290136,10,False,True,0.023272,0.279476,-0.233788,-0.019974,0.088444,-0.196393,-0.019974,0.088444,-0.196393,True,-0.025178,0.138172,-0.180812,-0.025178,0.138172,-0.180812,1.522913,-1.121699,1.906380,1.536131,1.324980,-2.231333,1.530358,1.314862,0.113753,-0.057312,0.157930,0.156083,0.039803,0.013335,-0.000700,-0.003978,-377.472504,-152.120682,-271.961365,-74.247910,True,velocity,0.357975,0.369006,-0.019489,-0.051444,0.007776,False
5.142871578999802,-0.571992,1.556153,-0.909086,1.208482,-0.718924,-0.730000,0.004652,-0.235359,1.302961,2.750000,1.560088,-0.095722,-0.403859,0.037877,-0.489654,0.335344,-0.535616,-0.600749,0.072975,-0.253033,0.654580,0.574212,-0.247310,0.532476,0.570603,-0.447726,0.275726,0.638294,0.488213,-0.337435,0.533068,0.603012,0.072929,-0.253266,0.654547,0.571277,-0.252197,0.528018,0.575531,-0.447498,0.270627,0.636659,0.357369,0.123051,0.107949,-0.297219,10,False,True,0.016427,0.331758,-0.249887,-0.019042,0.038453,-0.212127,-0.019042,0.038453,-0.212127,True,-0.019974,0.088444,-0.196393,-0.019974,0.095102,-0.196393,1.384198,-0.926592,1.991826,1.458708,1.362193,-2.194346,1.659174,1.364382,0.072281,-0.026516,0.123405,0.119380,0.097570,-0.034599,0.014165,0.024931,-377.385193,-152.194473,-271.915192,-74.208702,True,velocity,0.357369,0.367844,-0.018694,-0.045139,0.015607,False
5.1732690710005045,-0.571828,1.560204,-0.901902,1.208297,-0.718787,-0.730000,0.011446,-0.235783,1.300250,2.750000,1.554280,-0.093769,-0.411853,0.045095,-0.492811,0.329169,-0.539470,-0.598128,0.069783,-0.248634,0.654245,0.576892,-0.241160,0.536192,0.567042,-0.445060,0.283125,0.637716,0.491228,-0.331516,0.536680,0.600638,0.069727,-0.248890,0.654209,0.573701,-0.246581,0.531311,0.572515,-0.444864,0.277499,0.635908,0.357063,0.125179,0.109565,-0.305152,10,False,True,0.037977,0.372936,-0.275755,-0.023156,-0.011378,-0.230841,-0.023156,-0.011378,-0.230841,True,-0.019042,0.038453,-0.212127,-0.019042,0.056283,-0.212127,1.058980,-0.502704,2.160970,1.366799,1.380731,-1.882093,1.696111,1.370185,0.032967,-0.011963,0.088510,0.084010,0.113321,-0.055308,0.030256,0.046289,-377.358826,-152.220001,-271.880432,-74.148155,True,velocity,0.357063,0.366578,-0.016813,-0.044321,0.013188,False
5.204508095999699,-0.568869,1.561097,-0.896448,1.212450,-0.717350,-0.730000,0.018348,-0.236398,1.300037,2.750000,1.551609,-0.091966,-0.420203,0.051288,-0.495290,0.323641,-0.543540,-0.595406,0.066931,-0.244440,0.653744,0.579524,-0.235324,0.539994,0.563188,-0.442580,0.289999,0.637137,0.493509,-0.326328,0.540420,0.598251,0.066863,-0.244729,0.653703,0.576172,-0.241135,0.534860,0.569038,-0.442430,0.284018,0.635211,0.356826,0.126234,0.110874,-0.313330,10,False,True,0.073759,0.386738,-0.290243,-0.033380,-0.060321,-0.248312,-0.033380,-0.060321,-0.248312,True,-0.023156,-0.011378,-0.230841,-0.023156,-0.006416,-0.230841,2.004970,-2.634154,2.804597,0.936422,1.337748,-1.507822,1.843232,1.376129,-0.030041,0.030698,0.035817,0.024561,0.088415,-0.086081,0.066462,0.068816,-377.336212,-152.306229,-271.820740,-74.098633,True,velocity,0.356826,0.365484,-0.015207,-0.042162,0.012600,False
5.235588233000271,-0.564094,1.559726,-0.891349,1.221040,-0.717940,-0.730000,0.023146,-0.238452,1.303427,2.750000,1.554729,-0.091148,-0.429329,0.055956,-0.498298,0.317310,-0.548182,-0.592039,0.063785,-0.239592,0.653028,0.582396,-0.228646,0.544168,0.558943,-0.439492,0.297642,0.636518,0.496157,-0.320609,0.544429,0.595512,0.063695,-0.239942,0.652978,0.578787,-0.235054,0.538672,0.565322,-0.439397,0.291139,0.634417,0.356199,0.126398,0.112414,-0.322402,10,False,True,0.126242,0.383041,-0.314089,-0.051234,-0.107025,-0.267658,-0.051234,-0.107025,-0.267658,True,-0.033380,-0.060321,-0.248312,-0.033380,-0.057263,-0.248312,1.676677,-2.308846,-2.855012,1.948296,1.380158,-1.507822,1.972017,1.296512,-0.079934,0.078191,0.009015,-0.019406,0.051533,-0.084688,0.063446,0.072630,-377.322968,-152.307892,-271.834259,-74.097374,True,velocity,0.356199,0.364234,-0.013987,-0.041660,0.029254,False
5.276747392999823,-0.557676,1.555395,-0.888359,1.234689,-0.721273,-0.730000,0.024523,-0.241261,1.310177,2.750000,1.563931,-0.093085,-0.437715,0.058489,-0.501172,0.310861,-0.552897,-0.588640,0.060790,-0.234580,0.652295,0.585100,-0.221534,0.547911,0.555314,-0.436186,0.305311,0.635881,0.498641,-0.314850,0.548423,0.592840,0.060673,-0.234999,0.652234,0.581269,-0.228485,0.542172,0.562112,-0.436158,0.298380,0.633637,0.355094,0.125472,0.114254,-0.331878,10,False,True,0.184617,0.356629,-0.330718,-0.078894,-0.148677,-0.286205,-0.078894,-0.148677,-0.286205,True,-0.051234,-0.107025,-0.267658,-0.051234,-0.107025,-0.267658,1.529818,-2.176064,-2.487040,1.493729,1.459640,-1.685618,2.235395,1.327109,-0.139586,0.149975,0.001225,-0.073354,0.008025,-0.029894,0.011114,0.021639,-377.356018,-152.253067,-271.884064,-74.135460,True,velocity,0.355094,0.361931,-0.011383,-0.045818,0.005596,False
5.304652675999932,-0.550531,1.548521,-0.887465,1.253825,-0.728113,-0.730000,0.021993,-0.244875,1.319395,2.750000,1.580106,-0.096657,-0.447167,0.055869,-0.503804,0.303958,-0.558183,-0.584998,0.057830,-0.229210,0.651357,0.588040,-0.214191,0.552034,0.550989,-0.432660,0.313337,0.635002,0.500859,-0.308720,0.552873,0.590054,0.057680,-0.229707,0.651286,0.584022,-0.221663,0.546139,0.558136,-0.432709,0.306039,0.632634,0.352782,0.123601,0.116640,-0.341861,10,False,True,0.244681,0.306457,-0.344002,-0.118859,-0.178724,-0.303204,-0.118859,-0.178724,-0.303204,True,-0.078894,-0.148677,-0.286205,-0.074781,-0.134514,-0.286205,1.417927,-2.200015,-2.463378,1.313901,1.472548,-1.808403,2.284741,1.351983,-0.171319,0.190815,0.005663,-0.102754,-0.006833,0.020731,-0.028288,-0.009827,-377.373047,-152.213593,-271.894958,-74.162804,True,velocity,0.352782,0.360722,-0.013614,-0.045314,0.001230,False
5.34292981300041,-0.543244,1.539028,-0.890821,1.276973,-0.739058,-0.730000,0.012233,-0.247874,1.329849,2.750000,1.601366,-0.103248,-0.455037,0.047667,-0.506118,0.298374,-0.562554,-0.581679,0.055517,-0.224540,0.650385,0.590720,-0.208006,0.555324,0.547174,-0.429577,0.320340,0.633894,0.502940,-0.303652,0.556613,0.587392,0.055339,-0.225092,0.650308,0.586779,-0.215479,0.549688,0.554167,-0.429693,0.313184,0.631571,0.349483,0.120828,0.119356,-0.351523,10,False,True,0.291977,0.217517,-0.330670,-0.168731,-0.182303,-0.311282,-0.168731,-0.182303,-0.311282,True,-0.118859,-0.178724,-0.303204,-0.115670,-0.178724,-0.303204,1.282040,-2.229869,-2.439015,1.145516,1.472470,-1.918568,2.505677,1.357784,-0.221119,0.258368,0.034517,-0.151938,-0.037043,0.065334,-0.033897,-0.046617,-377.415863,-152.154999,-271.900543,-74.201591,True,velocity,0.349483,0.359587,-0.018160,-0.040954,0.023565,False
5.37134594500003,-0.538135,1.529450,-0.896213,1.302591,-0.754813,-0.730000,-0.003457,-0.251100,1.340457,2.750000,1.628428,-0.111681,-0.464518,0.031591,-0.508439,0.292613,-0.567230,-0.578028,0.053298,-0.219334,0.649351,0.593882,-0.202010,0.559113,0.542115,-0.426045,0.327971,0.632447,0.505156,-0.298253,0.560750,0.584313,0.053095,-0.219928,0.649271,0.590124,-0.209317,0.553852,0.548806,-0.426222,0.321118,0.630218,0.344485,0.118049,0.123194,-0.361323,10,False,True,0.324122,0.112735,-0.313396,-0.136851,-0.143785,-0.311904,-0.136851,-0.143785,-0.311904,True,-0.168731,-0.182303,-0.311282,-0.146124,-0.182303,-0.311282,1.170767,-2.305240,-2.514729,0.996887,1.453866,-1.961395,2.682939,1.333710,-0.229803,0.279616,0.114641,-0.162029,-0.052424,0.072633,-0.022430,-0.054889,-377.471130,-152.113144,-271.899963,-74.235352,True,velocity,0.344485,0.358534,-0.026094,-0.040074,0.020899,False
5.40713268699983,-0.533304,1.519952,-0.903781,1.328658,-0.772428,-0.730000,-0.022829,-0.254284,1.351465,2.750000,1.657194,-0.121217,-0.473078,0.013458,-0.510615,0.287727,-0.570944,-0.574899,0.051468,-0.214290,0.648603,0.596911,-0.196512,0.562582,0.537198,-0.422242,0.335423,0.631160,0.507524,-0.293242,0.564420,0.581256,0.051256,-0.214879,0.648528,0.593407,-0.203489,0.557782,0.543452,-0.422467,0.329013,0.629074,0.339370,0.115315,0.127326,-0.370961,10,False,True,0.330062,0.058763,-0.290614,-0.107535,-0.103280,-0.305642,-0.107535,-0.103280,-0.305642,True,-0.136851,-0.143785,-0.311904,-0.155250,-0.148210,-0.311904,1.069203,-2.411513,-2.655674,0.822016,1.386574,-2.016675,2.946712,1.278240,-0.201990,0.258011,0.183030,-0.134810,-0.084310,0.092619,-0.004661,-0.055360,-377.576172,-152.004745,-271.893127,-74.279160,True,velocity,0.339370,0.356272,-0.031495,-0.046179,0.007713,False
5.438890821000314,-0.527992,1.510831,-0.912401,1.354203,-0.790405,-0.730000,-0.042360,-0.257140,1.362502,2.750000,1.684394,-0.130537,-0.480426,-0.002884,-0.512424,0.283151,-0.573859,-0.572654,0.050128,-0.209329,0.648304,0.599560,-0.191490,0.565671,0.532799,-0.418284,0.342583,0.630068,0.509721,-0.288174,0.567725,0.578644,0.049924,-0.209874,0.648238,0.596359,-0.197999,0.561388,0.538513,-0.418540,0.336720,0.628162,0.334849,0.112832,0.131499,-0.380286,10,False,True,0.314186,0.046870,-0.264721,-0.081265,-0.060738,-0.293607,-0.081265,-0.060738,-0.293607,True,-0.107535,-0.103280,-0.305642,-0.107535,-0.103280,-0.305642,1.194661,-2.418646,-2.750103,0.869723,1.301181,-2.114647,-3.103311,1.167860,-0.150128,0.202947,0.161898,-0.081721,-0.110548,0.118105,0.008391,-0.054013,-377.657074,-151.912811,-271.859528,-74.308174,True,velocity,0.334849,0.355094,-0.038286,-0.044091,0.007874,False
5.471861615000307,-0.521771,1.502435,-0.920957,1.377480,-0.805412,-0.730000,-0.058350,-0.259527,1.373362,2.750000,1.707134,-0.139532,-0.486132,-0.015254,-0.513653,0.279102,-0.576150,-0.571238,0.049251,-0.204523,0.648383,0.602185,-0.186869,0.567854,0.529145,-0.414287,0.349436,0.629104,0.511409,-0.283434,0.570714,0.576552,0.049066,-0.204998,0.648328,0.599295,-0.192840,0.564087,0.534289,-0.414560,0.344152,0.627391,0.331500,0.110770,0.135470,-0.389227,10,False,True,0.279421,0.068232,-0.239336,-0.058681,-0.016129,-0.277645,-0.058681,-0.016129,-0.277645,True,-0.081265,-0.060738,-0.293607,-0.081265,-0.066343,-0.293607,1.273443,-2.479208,-2.914036,0.769601,1.282576,-2.182124,-3.011459,1.130944,-0.107002,0.159071,0.134011,-0.040835,-0.128107,0.143452,0.052281,-0.054362,-377.730194,-151.802460,-271.749847,-74.341660,True,velocity,0.331500,0.354022,-0.042988,-0.041130,0.009242,False
5.503200879999895,-0.515030,1.495342,-0.928991,1.395837,-0.815673,-0.730000,-0.070233,-0.260721,1.382369,2.750000,1.723118,-0.145723,-0.489397,-0.021563,-0.514585,0.276442,-0.577188,-0.570645,0.048715,-0.200686,0.648574,0.603928,-0.183479,0.569405,0.526673,-0.410890,0.355134,0.628449,0.512833,-0.279925,0.572724,0.575005,0.048561,-0.201072,0.648531,0.601425,-0.188698,0.566225,0.531102,-0.411157,0.350577,0.626981,0.329604,0.109207,0.138642,-0.397467,10,False,True,0.225664,0.102918,-0.208894,-0.040624,0.030497,-0.257424,-0.040624,0.030497,-0.257424,True,-0.058681,-0.016129,-0.277645,-0.058681,-0.016669,-0.277645,1.348014,-2.695167,2.979239,2.155574,1.269802,-2.255540,-2.956220,1.051240,-0.051806,0.106223,0.100870,0.009354,-0.126526,0.170386,0.097052,-0.049268,-377.780426,-151.681503,-271.666840,-74.356865,True,velocity,0.329604,0.352884,-0.044561,-0.039989,0.007406,False
5.536858299999949,-0.508671,1.490729,-0.933767,1.409136,-0.821547,-0.730000,-0.076259,-0.261772,1.389831,2.750000,1.732121,-0.147762,-0.494002,-0.021177,-0.515832,0.273388,-0.578157,-0.570009,0.048233,-0.196100,0.648850,0.605643,-0.179685,0.571563,0.523665,-0.406902,0.361912,0.627818,0.514487,-0.276135,0.574607,0.573480,0.048109,-0.196406,0.648817,0.603366,-0.184497,0.568727,0.527693,-0.407177,0.357760,0.626490,0.328900,0.108948,0.142004,-0.405817,10,False,True,0.174247,0.177828,-0.201984,-0.028557,0.079019,-0.241118,-0.028557,0.079019,-0.241118,True,-0.040624,0.030497,-0.257424,-0.040624,0.018476,-0.257424,1.806642,-2.988063,2.606603,1.508128,1.276161,-2.335337,-2.999255,1.039390,-0.011584,0.066567,0.075310,0.044280,-0.103330,0.154181,0.116179,-0.035489,-377.803436,-151.631699,-271.636719,-74.353935,True,velocity,0.328900,0.351822,-0.043950,-0.037875,0.026616,False
5.570115628999702,-0.502666,1.488438,-0.935297,1.417030,-0.821489,-0.730000,-0.075782,-0.261965,1.394651,2.750000,1.733184,-0.145241,-0.499157,-0.014826,-0.517094,0.270637,-0.578999,-0.569323,0.047891,-0.191500,0.649231,0.607089,-0.176392,0.574090,0.520336,-0.402907,0.368674,0.627361,0.516084,-0.272736,0.576299,0.571972,0.047796,-0.191733,0.649207,0.604977,-0.180917,0.571492,0.524089,-0.403192,0.364802,0.626133,0.329549,0.109901,0.144925,-0.413863,10,False,True,0.118913,0.269841,-0.202230,-0.030706,0.029065,-0.229680,-0.030706,0.029065,-0.229680,True,-0.028557,0.079019,-0.241118,-0.028557,0.078509,-0.241118,1.322162,2.528083,2.142715,1.456226,1.325496,-2.452034,-3.109563,1.124880,0.050525,0.022502,0.066051,0.102843,-0.067856,0.120190,0.095622,-0.018441,-377.786407,-151.616211,-271.634918,-74.345566,True,velocity,0.329549,0.350722,-0.040512,-0.036658,0.028082,False
5.604997153999648,-0.494476,1.485415,-0.935674,1.423413,-0.819676,-0.730000,-0.073220,-0.262112,1.401292,2.750000,1.730538,-0.140553,-0.504202,-0.003624,-0.518930,0.268219,-0.578964,-0.568833,0.047814,-0.187168,0.649817,0.608673,-0.173744,0.576245,0.516983,-0.399028,0.374807,0.627039,0.518134,-0.269893,0.576832,0.570929,0.047738,-0.187353,0.649797,0.606693,-0.178035,0.573849,0.520505,-0.399322,0.371164,0.625895,0.331792,0.110650,0.147270,-0.421294,10,False,True,0.102557,0.323499,-0.195508,-0.038093,-0.020386,-0.219629,-0.038093,-0.020386,-0.219629,True,-0.030706,0.029065,-0.229680,-0.030706,0.036249,-0.229680,1.043843,2.938915,2.350109,1.453221,1.319144,-2.716052,2.934703,1.216896,0.015959,0.054660,0.078877,0.069120,0.012599,0.053986,0.045170,0.004726,-377.694061,-151.601151,-271.590393,-74.341934,True,velocity,0.331792,0.349641,-0.033934,-0.035291,0.030238,False
5.637324377999903,-0.483740,1.480868,-0.935552,1.430691,-0.818199,-0.730000,-0.070022,-0.263171,1.411333,2.750000,1.727667,-0.138905,-0.507334,0.010301,-0.521383,0.265441,-0.578471,-0.568394,0.047931,-0.182366,0.650661,0.611119,-0.170306,0.576697,0.514732,-0.394767,0.381195,0.626928,0.520675,-0.266952,0.576571,0.570264,0.047862,-0.182531,0.650643,0.609121,-0.174651,0.574357,0.518250,-0.395088,0.377540,0.625791,0.335196,0.110900,0.149685,-0.428593,10,False,True,0.113345,0.352886,-0.194848,-0.051883,-0.068447,-0.212341,-0.051883,-0.068447,-0.212341,True,-0.038093,-0.020386,-0.219629,-0.038093,-0.019736,-0.219629,1.554594,-2.587802,3.046842,1.675836,1.300479,-2.825755,2.793407,1.284686,-0.045149,0.086186,0.073349,0.006611,0.050593,0.041438,0.042641,0.005075,-377.729218,-151.540878,-271.535583,-74.345566,True,velocity,0.335196,0.347366,-0.022153,-0.043730,0.015252,False
5.673491655000362,-0.471047,1.474076,-0.936819,1.440158,-0.817927,-0.730000,-0.068824,-0.264565,1.423005,2.750000,1.726381,-0.137348,-0.509574,0.023468,-0.524093,0.263161,-0.577569,-0.567879,0.048295,-0.177831,0.651535,0.613588,-0.167529,0.576831,0.512552,-0.390996,0.387102,0.627061,0.523366,-0.264733,0.575607,0.569808,0.048222,-0.178001,0.651516,0.611558,-0.171948,0.574541,0.516075,-0.391343,0.383422,0.625925,0.338912,0.110196,0.151976,-0.435501,10,False,True,0.133411,0.346229,-0.189728,-0.073782,-0.113396,-0.205690,-0.073782,-0.113396,-0.205690,True,-0.051883,-0.068447,-0.212341,-0.051883,-0.061253,-0.212341,1.391844,-2.360284,-2.760612,1.149674,1.356287,-2.813427,2.799830,1.345384,-0.088577,0.111412,0.071082,-0.037877,0.011570,0.065933,0.070379,-0.001008,-377.801331,-151.463165,-271.469025,-74.353798,True,velocity,0.338912,0.346278,-0.012726,-0.040120,0.017099,False
5.70563697200032,-0.458062,1.465722,-0.938656,1.454186,-0.819908,-0.730000,-0.068149,-0.267039,1.435285,2.750000,1.731689,-0.138816,-0.510472,0.032601,-0.526260,0.259642,-0.578238,-0.566813,0.048829,-0.172640,0.652471,0.615572,-0.163844,0.576903,0.511283,-0.387004,0.393265,0.627835,0.525369,-0.261604,0.575809,0.569205,0.048736,-0.172851,0.652445,0.613406,-0.168561,0.574565,0.514972,-0.387397,0.389388,0.626640,0.341638,0.109039,0.154728,-0.442512,10,False,True,0.171106,0.314523,-0.194386,-0.106233,-0.151434,-0.202365,-0.106233,-0.151434,-0.202365,True,-0.073782,-0.113396,-0.205690,-0.073782,-0.113396,-0.205690,1.297733,-2.236114,-2.460158,1.156227,1.362127,-2.728381,2.934507,1.321235,-0.143628,0.155249,0.088291,-0.095053,-0.041976,0.087071,0.083030,-0.014122,-377.826996,-151.414474,-271.439026,-74.372627,True,velocity,0.341638,0.345162,0.000000,-0.038816,0.019132,False
5.739854204000039,-0.447529,1.456743,-0.942075,1.472137,-0.827189,-0.730000,-0.070487,-0.270374,1.446251,2.750000,1.744952,-0.144173,-0.511644,0.035006,-0.527725,0.254493,-0.580656,-0.565313,0.049251,-0.167271,0.653162,0.616967,-0.158497,0.577553,0.510551,-0.382996,0.399825,0.628822,0.526590,-0.257064,0.577475,0.568458,0.049125,-0.167545,0.653129,0.614602,-0.163665,0.575114,0.514511,-0.383453,0.395644,0.627528,0.342037,0.107602,0.158109,-0.449808,10,False,True,0.220401,0.255685,-0.210876,-0.151314,-0.173060,-0.204868,-0.151314,-0.173060,-0.204868,True,-0.106233,-0.151434,-0.202365,-0.106233,-0.150350,-0.202365,1.181582,-2.247358,-2.412767,1.051155,1.356287,-2.593477,-3.097360,1.278160,-0.186221,0.208922,0.146050,-0.140944,-0.075242,0.090577,0.078220,-0.015069,-377.860626,-151.375137,-271.379456,-74.369423,True,velocity,0.342037,0.342959,0.000000,-0.045264,0.005448,False
5.771382560999882,-0.440337,1.448215,-0.947739,1.491019,-0.840116,-0.730000,-0.079026,-0.273964,1.456250,2.750000,1.765491,-0.152493,-0.515047,0.028824,-0.529237,0.249136,-0.583313,-0.563547,0.049445,-0.162002,0.653446,0.618259,-0.152485,0.579150,0.509009,-0.378937,0.406530,0.629825,0.527924,-0.252235,0.579434,0.567388,0.049286,-0.162333,0.653406,0.615806,-0.157893,0.576724,0.513071,-0.379441,0.402231,0.628485,0.340337,0.106031,0.162320,-0.457034,10,False,True,0.264821,0.171165,-0.222805,-0.190929,-0.161388,-0.210144,-0.190929,-0.161388,-0.210144,True,-0.151314,-0.173060,-0.204868,-0.150134,-0.173060,-0.204868,1.043794,-2.321768,-2.466870,0.908812,1.325496,-2.513096,-2.931658,1.241611,-0.220227,0.266120,0.211736,-0.177295,-0.054449,0.079615,0.094819,-0.007799,-377.895081,-151.325195,-271.262268,-74.360909,True,velocity,0.340337,0.341928,0.000000,-0.042248,0.001343,False
5.804857815000105,-0.437530,1.441586,-0.955641,1.507910,-0.857937,-0.730000,-0.094070,-0.276585,1.463704,2.750000,1.789107,-0.163374,-0.519798,0.014646,-0.530900,0.244371,-0.585332,-0.561974,0.049340,-0.157622,0.653371,0.619643,-0.147050,0.581091,0.506707,-0.375200,0.412567,0.630378,0.529611,-0.247585,0.581210,0.566047,0.049169,-0.157966,0.653331,0.617401,-0.152055,0.578943,0.510412,-0.375685,0.408652,0.629150,0.336867,0.104749,0.166852,-0.463962,10,False,True,0.288708,0.065025,-0.220498,-0.154684,-0.126945,-0.213189,-0.154684,-0.126945,-0.213189,True,-0.190929,-0.161388,-0.210144,-0.189228,-0.161388,-0.210144,0.883800,-2.447719,-2.598972,0.723717,1.270387,-2.470278,-2.815410,1.186134,-0.224174,0.292434,0.256556,-0.183335,-0.054427,0.092907,0.147545,0.001463,-377.956604,-151.199783,-271.103668,-74.363701,True,velocity,0.336867,0.340872,0.000000,-0.039561,0.006810,False
5.84417055799986,-0.436161,1.436708,-0.963145,1.522604,-0.879283,-0.730000,-0.112747,-0.279287,1.470831,2.750000,1.813442,-0.175231,-0.526359,-0.001430,-0.533871,0.239031,-0.586308,-0.560436,0.048897,-0.153007,0.652900,0.621495,-0.140856,0.583439,0.503491,-0.370764,0.419075,0.630743,0.532737,-0.242076,0.582284,0.564390,0.048728,-0.153336,0.652862,0.619467,-0.145457,0.581553,0.506853,-0.371230,0.415536,0.629626,0.332933,0.103975,0.171655,-0.471337,10,False,True,0.311244,0.014299,-0.228549,-0.120741,-0.090232,-0.217707,-0.120741,-0.090232,-0.217707,True,-0.154684,-0.126945,-0.213189,-0.154684,-0.126945,-0.213189,0.912222,-2.465831,-2.655713,0.705248,1.178006,-2.457952,-2.741551,1.088235,-0.185762,0.244697,0.215120,-0.144279,-0.090060,0.143762,0.185937,-0.001625,-378.071564,-151.030975,-270.965668,-74.384628,True,velocity,0.332933,0.339878,-0.012105,-0.035712,0.028550,False
5.886860227999932,-0.435326,1.433166,-0.969608,1.535389,-0.898472,-0.730000,-0.130562,-0.281670,1.476998,2.750000,1.836693,-0.187753,-0.532876,-0.018857,-0.537100,0.234115,-0.587109,-0.558584,0.048011,-0.148605,0.651948,0.623731,-0.134814,0.585582,0.499879,-0.366328,0.425217,0.630845,0.536169,-0.236826,0.583429,0.562180,0.047854,-0.148900,0.651915,0.621952,-0.138921,0.583969,0.502849,-0.366762,0.422106,0.629859,0.328800,0.103403,0.176040,-0.478907,10,False,True,0.320777,-0.002512,-0.237959,-0.089566,-0.051141,-0.223663,-0.089566,-0.051141,-0.223663,True,-0.120741,-0.090232,-0.217707,-0.120741,-0.090232,-0.217707,0.949244,-2.503847,-2.758563,0.649319,1.098456,-2.464361,-2.723188,0.990335,-0.142196,0.196187,0.169972,-0.098197,-0.132292,0.205321,0.190428,-0.024446,-378.202423,-150.829376,-270.841522,-74.431923,True,velocity,0.328800,0.338144,-0.016834,-0.037068,0.008489,False
5.917751810000482,-0.438191,1.434532,-0.964081,1.544559,-0.918959,-0.730000,-0.144679,-0.286833,1.483380,2.750000,1.865183,-0.206653,-0.546439,-0.041102,-0.544868,0.222643,-0.590605,-0.552028,0.044927,-0.138675,0.648981,0.628862,-0.121338,0.589094,0.492725,-0.357015,0.437363,0.630794,0.543907,-0.225847,0.586242,0.556307,0.044732,-0.139016,0.648943,0.626692,-0.126530,0.587193,0.496439,-0.357611,0.433521,0.629561,0.322828,0.105384,0.182830,-0.491300,10,False,True,0.385134,0.098188,-0.386089,-0.061789,-0.009566,-0.271436,-0.061789,-0.009566,-0.271436,True,-0.089566,-0.051141,-0.223663,-0.091703,-0.057025,-0.223663,1.004442,-2.564661,-2.917063,0.504311,1.068304,-2.458522,-2.723699,0.934859,-0.099841,0.153907,0.130586,-0.055717,-0.149448,0.230994,0.183290,-0.046711,-378.266052,-150.700058,-270.710785,-74.481583,True,velocity,0.322828,0.337375,-0.027386,-0.034174,0.006280,False
5.948962168999969,-0.438695,1.434218,-0.965351,1.557022,-0.930620,-0.730000,-0.156328,-0.286877,1.481230,2.750000,1.883293,-0.221673,-0.550853,-0.061806,-0.547962,0.216888,-0.593518,-0.548118,0.043250,-0.134066,0.647657,0.630975,-0.114999,0.590742,0.489560,-0.353038,0.442413,0.631026,0.547248,-0.219514,0.589905,0.551675,0.043084,-0.134344,0.647628,0.629286,-0.119109,0.589272,0.492515,-0.353533,0.439399,0.630051,0.318084,0.106173,0.185661,-0.500656,10,False,True,0.388862,0.123849,-0.395332,-0.038303,0.034575,-0.307876,-0.038303,0.034575,-0.307876,True,-0.061789,-0.009566,-0.271436,-0.061789,-0.009787,-0.271436,1.222135,-2.762166,2.927532,2.158870,1.049092,-2.470201,-2.754023,0.824686,-0.045110,0.111280,0.089912,0.007782,-0.143435,0.223627,0.177357,-0.062332,-378.354645,-150.620529,-270.645660,-74.508652,True,velocity,0.318084,0.336572,-0.035364,-0.032227,0.005902,False
5.979885935999846,-0.438725,1.435036,-0.962284,1.569787,-0.938538,-0.730000,-0.163019,-0.287102,1.476801,2.750000,1.898809,-0.235051,-0.558608,-0.079721,-0.551770,0.209140,-0.597952,-0.542461,0.040890,-0.128188,0.646167,0.633277,-0.106006,0.593805,0.484891,-0.348128,0.448933,0.631538,0.551207,-0.211451,0.594786,0.545609,0.040739,-0.128429,0.646144,0.631840,-0.109598,0.592555,0.487489,-0.348589,0.446326,0.630687,0.313519,0.107682,0.188169,-0.512313,10,False,True,0.385626,0.181446,-0.437142,-0.020469,0.081286,-0.345895,-0.020469,0.081286,-0.345895,True,-0.038303,0.034575,-0.307876,-0.038303,0.034307,-0.307876,-0.238162,-3.104018,2.470167,1.378329,1.067662,-2.513672,-2.821332,0.799758,0.003782,0.075354,0.063360,0.061435,-0.120232,0.185637,0.148541,-0.043333,-378.356995,-150.562225,-270.590820,-74.491348,True,velocity,0.313519,0.335872,-0.043211,-0.029926,0.021139,False
6.018179444000452,-0.437662,1.436321,-0.958291,1.581551,-0.942107,-0.730000,-0.165734,-0.286344,1.471619,2.750000,1.909112,-0.243421,-0.569501,-0.092697,-0.555058,0.201820,-0.602229,-0.537122,0.038632,-0.122715,0.645237,0.635066,-0.097555,0.598185,0.478904,-0.343382,0.454923,0.632104,0.554651,-0.203664,0.599731,0.539635,0.038507,-0.122903,0.645221,0.633970,-0.100386,0.597226,0.480964,-0.343768,0.452886,0.631434,0.310171,0.109449,0.189862,-0.524297,10,False,True,0.357439,0.253052,-0.450769,-0.010531,0.130288,-0.376741,-0.010531,0.130288,-0.376741,True,-0.020469,0.081286,-0.345895,-0.020469,0.077974,-0.345895,0.748474,2.719471,2.153256,1.262431,1.092079,-2.654466,-3.030086,0.898430,0.049258,0.053385,0.065387,0.118029,-0.038705,0.117685,0.105521,-0.016688,-378.299530,-150.512283,-270.538361,-74.487305,True,velocity,0.310171,0.335081,-0.048453,-0.027329,0.027250,False
6.050574277999658,-0.435734,1.438214,-0.952581,1.592019,-0.942016,-0.730000,-0.163278,-0.285170,1.467036,2.750000,1.914579,-0.249825,-0.579151,-0.099208,-0.557725,0.194165,-0.606514,-0.532338,0.036475,-0.117400,0.644845,0.636652,-0.089397,0.601803,0.473831,-0.338645,0.460409,0.632541,0.557452,-0.195513,0.604724,0.534164,0.036382,-0.117535,0.644835,0.635874,-0.091462,0.601122,0.475344,-0.338943,0.458933,0.632054,0.308020,0.111469,0.190872,-0.536190,10,False,True,0.299156,0.337688,-0.430816,-0.012569,0.180247,-0.392645,-0.012569,0.180247,-0.392645,True,-0.010531,0.130288,-0.376741,-0.010531,0.125088,-0.376741,0.975026,2.327795,1.981537,1.267895,0.988140,-2.881588,2.995981,0.996319,0.095320,0.045799,0.087795,0.171923,0.042921,0.084116,0.079214,0.005953,-378.231720,-150.472382,-270.495941,-74.494003,True,velocity,0.308020,0.333522,-0.049383,-0.032420,0.010802,False
6.084536121999918,-0.433395,1.440406,-0.946241,1.600233,-0.938150,-0.730000,-0.157036,-0.283769,1.463741,2.750000,1.915142,-0.252790,-0.587899,-0.099935,-0.559582,0.187425,-0.610413,-0.528332,0.034602,-0.112769,0.644811,0.638147,-0.082587,0.604778,0.469246,-0.334321,0.465112,0.632495,0.559418,-0.188279,0.609306,0.529479,0.034543,-0.112852,0.644806,0.637644,-0.083953,0.604338,0.470252,-0.334528,0.464140,0.632174,0.306933,0.113503,0.191272,-0.546949,10,False,True,0.197661,0.428626,-0.360942,-0.012697,0.130247,-0.383321,-0.012697,0.130247,-0.383321,True,-0.012569,0.180247,-0.392645,-0.012569,0.179512,-0.392645,1.179733,2.113845,1.906118,1.337102,0.969508,-3.113842,2.780782,1.051137,0.139014,0.063940,0.154565,0.224469,0.072851,0.069539,0.079288,0.000175,-378.195740,-150.407928,-270.408478,-74.484932,True,velocity,0.306933,0.332697,-0.050000,-0.030381,0.012482,False
6.119570665000538,-0.430401,1.442511,-0.938354,1.608378,-0.933830,-0.730000,-0.148952,-0.282776,1.462819,2.750000,1.912963,-0.252111,-0.599141,-0.096191,-0.561535,0.179952,-0.614361,-0.524267,0.032808,-0.108049,0.645079,0.639856,-0.075987,0.608231,0.463535,-0.329781,0.469689,0.631848,0.561439,-0.180479,0.613698,0.524966,0.032771,-0.108099,0.645077,0.639527,-0.076904,0.607946,0.464212,-0.329926,0.469040,0.631634,0.306501,0.115440,0.191280,-0.557321,10,False,True,0.137252,0.484356,-0.288805,-0.016649,0.080403,-0.355522,-0.016649,0.080403,-0.355522,True,-0.012697,0.130247,-0.383321,-0.012697,0.135090,-0.383321,1.033826,2.294390,1.974951,1.290192,1.000943,2.936427,2.585265,1.119103,0.102514,0.094184,0.162254,0.186067,0.063885,0.077833,0.092665,0.012351,-378.171326,-150.338867,-270.332581,-74.434990,True,velocity,0.306501,0.331928,-0.049444,-0.028201,0.016433,False
6.162092984000083,-0.424851,1.442681,-0.932768,1.615822,-0.927740,-0.730000,-0.140985,-0.281758,1.463989,2.750000,1.907646,-0.250587,-0.605389,-0.088891,-0.562826,0.175067,-0.616767,-0.521706,0.031840,-0.105090,0.645431,0.641708,-0.071948,0.609461,0.459990,-0.326733,0.472316,0.630983,0.562795,-0.175240,0.616554,0.521933,0.031828,-0.105106,0.645430,0.641551,-0.072391,0.609327,0.460318,-0.326806,0.472003,0.630882,0.307230,0.116488,0.190383,-0.565245,10,False,True,0.091373,0.485091,-0.171006,-0.024996,0.031105,-0.301252,-0.024996,0.031105,-0.301252,True,-0.016649,0.080403,-0.355522,-0.016649,0.082507,-0.355522,0.777032,2.632146,2.105477,1.246273,1.012490,2.691134,2.352310,1.162170,0.059722,0.088147,0.146695,0.136849,0.047341,0.099295,0.129903,0.054375,-378.132263,-150.255722,-270.189606,-74.348495,True,velocity,0.307230,0.330256,-0.044474,-0.031587,0.011438,False
6.191953145000298,-0.419726,1.443214,-0.924631,1.624964,-0.923844,-0.729478,-0.132980,-0.281597,1.467302,2.750000,1.902384,-0.248355,-0.614489,-0.081469,-0.564850,0.167992,-0.619821,-0.518213,0.030635,-0.101325,0.645989,0.644568,-0.067052,0.611089,0.454539,-0.322586,0.475536,0.629391,0.564850,-0.167992,0.619821,0.518213,0.030635,-0.101324,0.645990,0.644447,-0.067403,0.610987,0.454798,-0.322645,0.475289,0.629314,0.307737,0.117712,0.189329,-0.574001,9,True,True,0.088471,0.448797,-0.132431,-0.038500,-0.017037,-0.251599,-0.038500,-0.017037,-0.251599,True,-0.024996,0.031105,-0.301252,-0.024996,0.035338,-0.301252,-0.059649,-3.121051,2.382918,1.222674,0.975923,2.672965,2.291022,1.180350,0.013395,0.067286,0.104565,0.076782,0.039687,0.104749,0.156499,0.090641,-378.113831,-150.200470,-270.075470,-74.274834,True,velocity,0.307737,0.329447,-0.041896,-0.030452,0.009896,False
6.213358109999717,-0.414214,1.442395,-0.918785,1.633735,-0.918957,-0.727587,-0.126557,-0.281750,1.470488,2.750000,1.898962,-0.244621,-0.619731,-0.074843,-0.566090,0.163576,-0.622019,-0.515633,0.029889,-0.099031,0.646182,0.646326,-0.064240,0.612341,0.450748,-0.319693,0.477250,0.628127,0.566090,-0.163576,0.622019,0.515633,0.029890,-0.099030,0.646183,0.646199,-0.064611,0.612235,0.451021,-0.319758,0.476989,0.628045,0.308107,0.118176,0.187841,-0.580616,7,True,True,0.095968,0.362554,-0.079284,-0.058207,-0.062990,-0.200918,-0.058207,-0.062990,-0.200918,True,-0.038500,-0.017037,-0.251599,-0.038500,-0.002105,-0.251599,1.699806,-2.756672,2.801953,1.423130,0.902166,2.709988,2.284479,1.192097,-0.024188,0.060045,0.074911,0.028261,0.037320,0.097205,0.155566,0.104657,-378.113434,-150.181641,-270.047150,-74.252235,True,velocity,0.308107,0.329447,-0.041427,-0.025083,0.031300,False
6.258777599000496,-0.412333,1.441489,-0.915820,1.638382,-0.914790,-0.727219,-0.121505,-0.281396,1.473482,2.749900,1.897547,-0.243769,-0.622987,-0.070553,-0.566657,0.160910,-0.623777,-0.513722,0.029309,-0.097602,0.646199,0.647504,-0.062321,0.612883,0.448585,-0.317600,0.478250,0.627132,0.566288,-0.161173,0.624124,0.513625,0.029220,-0.097947,0.647135,0.647504,-0.062321,0.612883,0.448586,-0.317600,0.478252,0.627711,0.308841,0.118436,0.187102,-0.585312,10,False,True,0.124720,0.257225,-0.019234,-0.085588,-0.104826,-0.147482,-0.085588,-0.104826,-0.147482,True,-0.058207,-0.062990,-0.200918,-0.058207,-0.062990,-0.200918,1.302853,-2.382642,-2.747792,1.010981,0.920730,2.868929,2.388926,1.210935,-0.084292,0.065360,0.041179,-0.044388,0.015794,0.055020,0.108205,0.065902,-378.124451,-150.170197,-270.037384,-74.251259,True,velocity,0.308841,0.327722,-0.036305,-0.029125,0.012455,False
6.287220176000119,-0.412607,1.442185,-0.912647,1.640720,-0.913134,-0.730000,-0.118800,-0.282348,1.479902,2.748804,1.899888,-0.244477,-0.630174,-0.068231,-0.567600,0.157416,-0.626207,-0.510798,0.028357,-0.095754,0.646084,0.649087,-0.059527,0.613967,0.445182,-0.314464,0.479489,0.625542,0.567055,-0.157841,0.626669,0.510706,0.028223,-0.096261,0.647448,0.649087,-0.059527,0.613967,0.445182,-0.314463,0.479491,0.626388,0.308632,0.118778,0.187165,-0.589140,10,False,True,0.175172,0.129867,0.013406,-0.123578,-0.137334,-0.100162,-0.123578,-0.137334,-0.100162,True,-0.085588,-0.104826,-0.147482,-0.085588,-0.100336,-0.147482,1.098304,-2.322407,-2.502302,0.936585,1.006045,3.022720,3.087740,1.167860,-0.132405,0.095837,0.004323,-0.099410,-0.006877,0.035291,0.051355,0.031241,-378.153473,-150.146210,-270.041443,-74.243301,True,velocity,0.308632,0.326822,-0.034897,-0.029667,0.025158,False
6.333174311000221,-0.414746,1.442670,-0.910606,1.643666,-0.913910,-0.730000,-0.119268,-0.283358,1.484281,2.747027,1.903970,-0.246430,-0.636606,-0.070254,-0.568278,0.154911,-0.628318,-0.508213,0.027659,-0.094487,0.645958,0.650302,-0.057483,0.615042,0.442184,-0.311873,0.480187,0.624048,0.567509,-0.155728,0.628658,0.508401,0.027459,-0.095187,0.647787,0.650301,-0.057483,0.615043,0.442185,-0.311872,0.480191,0.625182,0.307666,0.119166,0.187278,-0.592130,10,False,True,0.232245,-0.045817,0.023883,-0.092192,-0.098411,-0.063678,-0.092192,-0.098411,-0.063678,True,-0.123578,-0.137334,-0.100162,-0.123578,-0.137334,-0.100162,0.951917,-2.325199,-2.414627,0.865161,1.043250,-2.832203,3.001574,1.112481,-0.182903,0.179480,0.121775,-0.159299,-0.032984,0.039293,0.008220,0.007147,-378.191254,-150.083282,-270.016327,-74.237862,True,velocity,0.307666,0.325000,-0.033025,-0.032865,0.006798,False
6.360463762999643,-0.417862,1.443518,-0.910252,1.645613,-0.916377,-0.730000,-0.121613,-0.284253,1.487819,2.744386,1.908805,-0.249277,-0.643431,-0.074586,-0.568569,0.153170,-0.629943,-0.506399,0.027180,-0.093706,0.645934,0.651277,-0.055953,0.616185,0.439344,-0.309625,0.480557,0.622637,0.567689,-0.154161,0.630258,0.506693,0.026949,-0.094506,0.648017,0.651276,-0.055953,0.616186,0.439344,-0.309623,0.480561,0.623930,0.306329,0.119648,0.187690,-0.594244,10,False,True,0.276788,-0.164884,0.024129,-0.063900,-0.057186,-0.037852,-0.063900,-0.057186,-0.037852,True,-0.092192,-0.098411,-0.063678,-0.094864,-0.105060,-0.063678,0.930740,-2.323397,-2.397711,0.858187,1.036869,-2.751789,-3.084852,1.063434,-0.139921,0.140649,0.111035,-0.125840,-0.045486,0.051114,0.013656,0.004419,-378.223206,-150.046173,-269.979065,-74.253487,True,velocity,0.306329,0.324000,-0.033659,-0.033659,0.002204,False
6.402728398999898,-0.418834,1.443824,-0.910469,1.649474,-0.919748,-0.730000,-0.125029,-0.285277,1.491557,2.742392,1.913504,-0.250825,-0.650090,-0.077412,-0.568800,0.151472,-0.631317,-0.504937,0.026791,-0.093244,0.646076,0.651913,-0.054391,0.617587,0.436621,-0.307775,0.480654,0.621343,0.568101,-0.152325,0.631484,0.505260,0.026603,-0.093880,0.647720,0.651912,-0.054391,0.617588,0.436621,-0.307773,0.480659,0.622364,0.304698,0.119711,0.187755,-0.596128,10,False,True,0.290233,-0.247900,0.005451,-0.039315,-0.013647,-0.025116,-0.039315,-0.013647,-0.025116,True,-0.063900,-0.057186,-0.037852,-0.063900,-0.057186,-0.037852,0.821909,-2.420517,-2.499937,0.740738,1.018906,-2.635650,-2.913335,1.020572,-0.082773,0.091485,0.080402,-0.074840,-0.056136,0.083258,0.059370,-0.012815,-378.276794,-149.949493,-269.887421,-74.304550,True,velocity,0.304698,0.323066,-0.035221,-0.030289,0.026152,False
6.4396059689997855,-0.421626,1.444675,-0.910740,1.651898,-0.922524,-0.730000,-0.127124,-0.286173,1.494578,2.741201,1.918368,-0.252972,-0.655819,-0.081190,-0.568460,0.149925,-0.632891,-0.503811,0.026342,-0.092996,0.646301,0.652457,-0.052900,0.618851,0.434195,-0.306179,0.480672,0.620267,0.567754,-0.150796,0.633048,0.504149,0.026153,-0.093638,0.647967,0.652456,-0.052899,0.618851,0.434195,-0.306176,0.480677,0.621304,0.303285,0.119846,0.187860,-0.597298,10,False,True,0.283499,-0.284948,-0.004509,-0.019378,0.032206,0.000000,-0.019378,0.032206,0.000000,True,-0.039315,-0.013647,-0.025116,-0.039315,-0.013647,-0.025116,0.445248,-2.775207,-2.903657,0.292948,0.957960,-2.562333,-2.760312,0.934975,-0.033491,0.045630,0.044389,-0.029317,-0.061665,0.103231,0.086330,-0.054759,-378.318512,-149.879883,-269.841797,-74.344170,True,velocity,0.303285,0.322112,-0.036197,-0.029130,0.032596,False
6.4812878849998015,-0.423248,1.446101,-0.910086,1.653817,-0.924124,-0.730000,-0.129174,-0.287398,1.498578,2.741588,1.923872,-0.253226,-0.661208,-0.082552,-0.568436,0.148718,-0.634182,-0.502570,0.025519,-0.092781,0.646437,0.652582,-0.050959,0.620596,0.431741,-0.304355,0.480757,0.619475,0.567979,-0.149335,0.634214,0.502863,0.025395,-0.093197,0.647504,0.652581,-0.050959,0.620597,0.431741,-0.304353,0.480760,0.620139,0.301704,0.119812,0.187679,-0.598519,10,False,True,0.244926,-0.288317,-0.041167,-0.000348,0.078443,0.000000,-0.000348,0.078443,0.000000,True,-0.019378,0.032206,0.000000,-0.019378,0.032169,0.000000,2.112971,2.112971,2.112971,2.112971,0.822596,-2.617483,-2.772652,0.788141,0.010394,0.000678,0.006473,0.009144,-0.046679,0.084368,0.070872,-0.040059,-378.317657,-149.864670,-269.823242,-74.331612,True,velocity,0.301704,0.320203,-0.035301,-0.033949,0.026197,False
6.516488334000314,-0.424025,1.448065,-0.907220,1.656540,-0.924756,-0.730000,-0.129559,-0.288611,1.501713,2.744517,1.929581,-0.253298,-0.663912,-0.082619,-0.568728,0.146455,-0.635796,-0.500863,0.024420,-0.092151,0.646394,0.652482,-0.048121,0.622178,0.429938,-0.302437,0.481130,0.619157,0.568567,-0.146772,0.635672,0.501110,0.024370,-0.092295,0.646737,0.652482,-0.048121,0.622178,0.429938,-0.302436,0.481131,0.619370,0.300010,0.119782,0.187009,-0.600193,10,True,True,0.178987,-0.264590,-0.091365,0.025484,0.121253,0.000000,0.025484,0.121253,0.000000,True,-0.000348,0.078443,0.000000,-0.000348,0.068197,0.000000,1.575902,-1.565691,-1.565691,1.575902,0.829012,-2.777002,-2.876424,0.806414,0.050044,-0.023991,-0.017536,0.048984,-0.011329,0.032357,0.040342,0.008873,-378.299377,-149.876114,-269.792145,-74.318222,True,velocity,0.300010,0.319228,-0.036823,-0.032254,0.027338,False
6.543827972000145,-0.427651,1.451906,-0.900766,1.658906,-0.923507,-0.730000,-0.126761,-0.289732,1.502866,2.750000,1.936515,-0.253815,-0.667623,-0.084763,-0.569065,0.142247,-0.638923,-0.497703,0.022791,-0.090810,0.646106,0.652402,-0.043256,0.624745,0.426843,-0.299704,0.482126,0.619159,0.568889,-0.142629,0.638748,0.498020,0.022735,-0.090968,0.646475,0.652342,-0.043448,0.624702,0.426977,-0.299738,0.482000,0.619347,0.298045,0.120363,0.185811,-0.602796,10,False,True,0.110450,-0.211273,-0.169468,0.060485,0.156959,-0.081547,0.060485,0.156959,-0.081547,True,0.025484,0.121253,0.000000,0.024765,0.118252,0.000000,1.364355,-1.777237,-1.777237,1.364355,0.951545,-2.764719,-2.888924,0.929101,0.110669,-0.066546,-0.053540,0.109553,0.006938,0.003337,0.027515,0.013751,-378.274261,-149.891464,-269.800232,-74.322823,True,velocity,0.298045,0.318272,-0.038811,-0.032860,0.023535,False
6.583548323999821,-0.431990,1.455592,-0.895618,1.658030,-0.920814,-0.730000,-0.122772,-0.289852,1.500629,2.750000,1.940831,-0.256927,-0.674708,-0.089009,-0.569658,0.138677,-0.641395,-0.494844,0.021244,-0.089313,0.645741,0.652373,-0.038521,0.627133,0.423829,-0.297114,0.483327,0.619464,0.569307,-0.139251,0.641312,0.495195,0.021141,-0.089636,0.646547,0.652301,-0.038755,0.627082,0.423993,-0.297155,0.483175,0.619919,0.296886,0.121592,0.185333,-0.607062,10,False,True,0.051548,-0.087324,-0.215881,0.047502,0.108674,-0.121057,0.047502,0.108674,-0.121057,True,0.060485,0.156959,-0.081547,0.060485,0.156959,-0.081547,1.102463,-1.877975,-1.843116,1.151831,1.061283,-2.544166,-2.717407,1.057663,0.164565,-0.121219,-0.111202,0.181945,0.035808,-0.038871,-0.005240,0.011492,-378.241364,-149.986893,-269.874298,-74.307060,True,velocity,0.296886,0.316287,-0.036917,-0.037709,0.017653,False
6.611627160999888,-0.435950,1.460539,-0.888058,1.657562,-0.917100,-0.730000,-0.117556,-0.290006,1.497706,2.750000,1.946243,-0.260235,-0.684303,-0.093614,-0.570964,0.133478,-0.644429,-0.490810,0.019210,-0.086858,0.645363,0.652260,-0.031978,0.630474,0.419568,-0.293263,0.485286,0.620144,0.570601,-0.134077,0.644351,0.491172,0.019102,-0.087195,0.646202,0.652180,-0.032249,0.630417,0.419758,-0.293311,0.485112,0.620614,0.295372,0.123347,0.184686,-0.613646,10,False,True,0.041302,-0.006176,-0.292365,0.025252,0.063898,-0.171442,0.025252,0.063898,-0.171442,True,0.047502,0.108674,-0.121057,0.047502,0.114547,-0.121057,0.971744,-1.834496,-1.775962,1.086385,1.074115,-2.378630,-2.533572,1.075834,0.120110,-0.088371,-0.096003,0.146188,0.045313,-0.063880,-0.037371,0.012091,-378.191254,-150.046036,-269.934723,-74.276787,True,velocity,0.295372,0.315325,-0.038059,-0.036937,0.013964,False
6.642961352999919,-0.440255,1.466437,-0.878214,1.658794,-0.912389,-0.730000,-0.109322,-0.290321,1.494405,2.750000,1.953943,-0.265191,-0.694831,-0.098535,-0.572223,0.125758,-0.648700,-0.485731,0.016983,-0.083136,0.645158,0.651873,-0.023399,0.634262,0.415001,-0.287955,0.487976,0.621226,0.571821,-0.126428,0.648627,0.486127,0.016860,-0.083512,0.646094,0.651784,-0.023712,0.634199,0.415220,-0.288012,0.487778,0.621750,0.293578,0.125668,0.184030,-0.622509,10,False,True,0.072684,0.031205,-0.386807,0.016102,0.077443,-0.234785,0.016102,0.077443,-0.234785,True,0.025252,0.063898,-0.171442,0.025252,0.064585,-0.171442,0.675480,-1.481704,-1.525338,1.004628,1.055473,-2.237274,-2.374276,1.081808,0.064411,-0.030519,-0.056613,0.101109,0.066535,-0.116877,-0.109538,0.033957,-378.129181,-150.138535,-270.046722,-74.218887,True,velocity,0.293578,0.314234,-0.039489,-0.036468,0.012523,False
6.685520097000335,-0.442625,1.470398,-0.871863,1.659272,-0.908514,-0.730000,-0.102916,-0.290170,1.491590,2.750000,1.957267,-0.268806,-0.701126,-0.101831,-0.572849,0.120729,-0.651332,-0.482738,0.015843,-0.080650,0.645107,0.651988,-0.018042,0.636254,0.412028,-0.284409,0.489891,0.621866,0.572469,-0.121332,0.651313,0.483062,0.015727,-0.081009,0.646006,0.651915,-0.018300,0.636204,0.412209,-0.284456,0.489730,0.622380,0.292566,0.127503,0.183619,-0.628506,10,False,True,0.073465,0.076424,-0.331935,0.002687,0.029277,-0.263358,0.002687,0.029277,-0.263358,True,0.016102,0.077443,-0.234785,0.016102,0.077443,-0.234785,0.715472,2.025700,-1.350241,1.085447,0.975923,-2.991204,-2.146968,1.070062,0.071711,0.016249,-0.076085,0.120057,0.077918,-0.123733,-0.132594,0.073250,-378.078949,-150.214706,-270.122223,-74.145088,True,velocity,0.292566,0.312197,-0.037268,-0.039851,0.007708,False
6.722559556000306,-0.449744,1.477608,-0.861508,1.657451,-0.904704,-0.730000,-0.093629,-0.290213,1.488092,2.750000,1.963638,-0.276320,-0.713428,-0.109339,-0.574188,0.112172,-0.655354,-0.477742,0.014086,-0.076197,0.645065,0.652517,-0.008997,0.639598,0.406270,-0.278136,0.493326,0.622703,0.573486,-0.113186,0.655475,0.478179,0.013872,-0.076868,0.646768,0.652438,-0.009287,0.639545,0.406473,-0.278188,0.493149,0.623726,0.291306,0.130832,0.183636,-0.637359,10,False,True,0.151030,0.096072,-0.334156,0.013950,0.077991,-0.284181,0.013950,0.077991,-0.284181,True,0.002687,0.029277,-0.263358,0.002687,0.030294,-0.263358,-0.041439,-3.094869,-0.978593,0.921778,0.896373,-1.888071,-1.907952,1.070062,0.027156,0.015940,-0.045112,0.077658,0.078200,-0.100855,-0.105473,0.080827,-378.035980,-150.278885,-270.176910,-74.106445,True,velocity,0.291306,0.311175,-0.037908,-0.036593,0.010961,False
6.7534266200000275,-0.456298,1.489027,-0.842680,1.659843,-0.899951,-0.730000,-0.078688,-0.290298,1.487808,2.750000,1.975171,-0.290702,-0.730000,-0.118780,-0.577731,0.094938,-0.661539,-0.468593,0.011469,-0.067024,0.644931,0.655005,0.008200,0.644043,0.395108,-0.264956,0.500401,0.623197,0.576935,-0.095930,0.661925,0.468827,0.011217,-0.067805,0.646935,0.654855,0.006295,0.643208,0.396748,-0.265248,0.499717,0.624260,0.288635,0.136486,0.183473,-0.656112,10,False,True,0.265628,0.148197,-0.612561,0.016341,0.127934,-0.377069,0.016341,0.127934,-0.377069,True,0.013950,0.077991,-0.284181,0.013950,0.065789,-0.284181,0.461676,-0.733667,-1.241671,1.016604,0.786036,-1.924408,-1.712044,1.057560,0.065915,-0.017162,-0.094763,0.118210,0.061168,-0.077279,-0.086079,0.070597,-378.001801,-150.279709,-270.235352,-74.077988,True,velocity,0.288635,0.310056,-0.041020,-0.036441,0.011540,False
6.785047754000516,-0.462369,1.496036,-0.834799,1.658980,-0.899443,-0.728742,-0.074739,-0.287844,1.484964,2.750000,1.978468,-0.299379,-0.730000,-0.126553,-0.579434,0.087961,-0.663643,-0.464862,0.010801,-0.062840,0.644769,0.656486,0.015241,0.645620,0.389831,-0.259064,0.503824,0.623073,0.578364,-0.088894,0.664625,0.464613,0.010477,-0.063903,0.647567,0.656336,0.010614,0.643342,0.393981,-0.259745,0.502398,0.624424,0.287168,0.140013,0.183568,-0.663906,10,False,True,0.278197,0.240148,-0.469328,0.006976,0.177049,-0.404204,0.006976,0.177049,-0.404204,True,0.016341,0.127934,-0.377069,0.016341,0.125950,-0.377069,0.781128,-1.031251,-1.300153,1.133642,0.700063,-1.955685,-1.570733,1.039180,0.112909,-0.055992,-0.172144,0.189162,0.064526,-0.050617,-0.090268,0.056492,-377.919647,-150.298264,-270.315857,-74.045204,True,velocity,0.287168,0.308969,-0.041801,-0.036002,0.010181,False
6.810485142000289,-0.468348,1.502884,-0.824545,1.664711,-0.898153,-0.719017,-0.071625,-0.284619,1.477600,2.750000,1.982458,-0.309189,-0.730000,-0.139565,-0.581524,0.079964,-0.666082,-0.460186,0.010453,-0.057621,0.644353,0.658093,0.023825,0.648081,0.382539,-0.251791,0.508117,0.622855,0.580000,-0.081322,0.667477,0.459849,0.009968,-0.059150,0.648344,0.658019,0.016232,0.644267,0.389445,-0.252936,0.505843,0.624732,0.284578,0.144294,0.182653,-0.675950,10,False,True,0.269700,0.325167,-0.426439,-0.019031,0.219753,-0.410744,-0.019031,0.219753,-0.410744,True,0.006976,0.177049,-0.404204,0.006976,0.149883,-0.404204,0.924659,-1.019333,-1.270533,1.208003,0.700705,-1.838755,-1.503296,1.045159,0.122570,-0.080440,-0.203109,0.210459,0.073796,-0.043094,-0.099209,0.057974,-377.888123,-150.340408,-270.357269,-73.993584,True,velocity,0.284578,0.307953,-0.044914,-0.036737,0.020940,False
6.8435499170000185,-0.473720,1.509492,-0.814502,1.671080,-0.897247,-0.705437,-0.071084,-0.281891,1.465762,2.750000,1.983945,-0.318970,-0.730000,-0.154811,-0.583691,0.074092,-0.667434,-0.456450,0.010731,-0.053410,0.643964,0.659448,0.030175,0.649391,0.377503,-0.245815,0.511229,0.622885,0.581902,-0.075719,0.669064,0.456081,0.010142,-0.055215,0.648654,0.659549,0.021624,0.644986,0.385382,-0.247134,0.508705,0.625162,0.281647,0.148756,0.180981,-0.687020,10,False,True,0.218493,0.395013,-0.347782,-0.016273,0.169829,-0.392225,-0.016273,0.169829,-0.392225,True,-0.019031,0.219753,-0.410744,-0.019031,0.219753,-0.410744,1.279534,-1.087798,-1.252935,1.384886,0.755235,-1.661121,-1.460898,1.069511,0.153127,-0.160731,-0.278186,0.261251,0.088355,-0.064488,-0.109116,0.068420,-377.816833,-150.454376,-270.432190,-73.934990,True,velocity,0.281647,0.306903,-0.048737,-0.035504,0.021580,False
6.877608576000057,-0.479075,1.516768,-0.803741,1.677871,-0.895028,-0.691201,-0.069256,-0.279352,1.452162,2.750000,1.985825,-0.330427,-0.730000,-0.172258,-0.585490,0.067819,-0.669168,-0.452567,0.011617,-0.048768,0.643507,0.660821,0.036636,0.650306,0.372927,-0.239187,0.514464,0.623101,0.583545,-0.069626,0.670931,0.452194,0.010952,-0.050742,0.648610,0.661135,0.027759,0.645604,0.381215,-0.240590,0.511873,0.625655,0.278219,0.153892,0.179290,-0.698723,10,False,True,0.229867,0.437772,-0.306664,-0.016973,0.119834,-0.367060,-0.016973,0.119834,-0.367060,True,-0.016273,0.169829,-0.392225,-0.016273,0.177032,-0.392225,1.198258,-0.999278,-1.217699,1.350487,0.853390,-1.526340,-1.418503,1.124976,0.130329,-0.132543,-0.235058,0.224814,0.109098,-0.105084,-0.110656,0.085015,-377.744690,-150.529297,-270.507538,-73.867050,True,velocity,0.278219,0.304803,-0.050000,-0.042173,0.007190,False
6.915786102999846,-0.485061,1.524328,-0.793668,1.683830,-0.893853,-0.676941,-0.068997,-0.276603,1.437251,2.750000,1.986669,-0.340853,-0.730000,-0.189911,-0.587298,0.062200,-0.670576,-0.448932,0.012927,-0.044437,0.643055,0.661816,0.042230,0.651354,0.368720,-0.233000,0.517402,0.623310,0.585201,-0.064194,0.672467,0.448562,0.012186,-0.046580,0.648569,0.662349,0.033279,0.646459,0.377195,-0.234445,0.514817,0.626167,0.274708,0.159197,0.177624,-0.709423,10,False,True,0.285679,0.450838,-0.260612,-0.021605,0.070049,-0.335752,-0.021605,0.070049,-0.335752,True,-0.016973,0.119834,-0.367060,-0.016973,0.119834,-0.367060,1.025427,-0.756207,-1.121947,1.301824,0.957319,-1.568988,-1.369030,1.186224,0.087370,-0.075013,-0.177363,0.169805,0.110200,-0.118323,-0.121224,0.113383,-377.371094,-150.594162,-270.616058,-73.742050,True,velocity,0.274708,0.303634,-0.050000,-0.038929,0.013297,False
6.944400586000484,-0.495517,1.534687,-0.783857,1.684716,-0.894154,-0.666214,-0.067701,-0.273204,1.420367,2.750000,1.987759,-0.355227,-0.730000,-0.211867,-0.588623,0.055496,-0.672582,-0.445058,0.014928,-0.039473,0.642612,0.662815,0.048135,0.652326,0.364459,-0.226220,0.520674,0.623612,0.586180,-0.057892,0.674770,0.444664,0.014044,-0.042002,0.649078,0.663629,0.038964,0.647095,0.373292,-0.227724,0.518059,0.627135,0.271033,0.165902,0.176926,-0.718419,10,False,True,0.419371,0.458527,-0.194729,-0.030779,0.020898,-0.294275,-0.030779,0.020898,-0.294275,True,-0.021605,0.070049,-0.335752,-0.021605,0.076387,-0.335752,0.782340,-0.421267,-0.980804,1.277635,0.981724,-1.281560,-1.351042,1.211022,0.049023,-0.056234,-0.131842,0.122481,0.099467,-0.108935,-0.129149,0.138068,-377.636993,-150.660294,-270.728790,-73.645645,True,velocity,0.271033,0.302522,-0.050000,-0.038909,0.010772,False
6.976904029999787,-0.501717,1.542344,-0.776549,1.688783,-0.894543,-0.653803,-0.068295,-0.270618,1.404791,2.750000,1.987687,-0.365323,-0.730000,-0.229257,-0.589593,0.050880,-0.673694,-0.442637,0.016588,-0.035895,0.642355,0.663389,0.052443,0.653018,0.361569,-0.221243,0.523189,0.623890,0.587193,-0.053285,0.675832,0.442285,0.015699,-0.038398,0.648731,0.664371,0.043790,0.647903,0.370021,-0.222686,0.520744,0.627437,0.267282,0.170895,0.175827,-0.726673,10,False,True,0.533215,0.415914,-0.148068,-0.045320,-0.026941,-0.251273,-0.045320,-0.026941,-0.251273,True,-0.030779,0.020898,-0.294275,-0.030779,0.020898,-0.294275,2.474744,0.185339,-0.613898,1.244862,0.963734,-1.329768,-1.283600,1.229380,-0.001464,-0.004576,-0.077504,0.060105,0.082715,-0.103728,-0.152332,0.150679,-377.568787,-150.727676,-270.795074,-73.571571,True,velocity,0.267282,0.301459,-0.050000,-0.037420,0.010615,False
7.010777170999972,-0.508013,1.549641,-0.770146,1.691638,-0.896068,-0.641318,-0.069797,-0.268239,1.391002,2.750000,1.987785,-0.375664,-0.730000,-0.245571,-0.590799,0.047048,-0.674079,-0.440864,0.018472,-0.032249,0.642217,0.664107,0.056644,0.653457,0.358813,-0.216179,0.525847,0.624203,0.588384,-0.049517,0.676220,0.440545,0.017559,-0.034786,0.648657,0.665239,0.048388,0.648417,0.366976,-0.217577,0.523535,0.627865,0.264039,0.175873,0.175306,-0.733973,10,False,True,0.672857,0.348469,-0.115808,-0.066376,-0.072291,-0.211430,-0.066376,-0.072291,-0.211430,True,-0.045320,-0.026941,-0.251273,-0.045320,-0.022014,-0.251273,1.516583,0.498979,-0.153092,1.760167,0.927166,-0.784166,-1.123709,1.241611,-0.039941,-0.020077,-0.047057,0.012013,0.075012,-0.103523,-0.118191,0.117504,-377.546448,-150.789200,-270.830627,-73.551758,True,velocity,0.264039,0.300225,-0.050000,-0.037268,0.029093,False
7.054810261000057,-0.514346,1.556333,-0.765272,1.692943,-0.899883,-0.630408,-0.072592,-0.266188,1.379068,2.750000,1.987387,-0.384801,-0.730000,-0.260334,-0.592210,0.043847,-0.673764,-0.439780,0.020509,-0.028991,0.642318,0.664880,0.059690,0.653654,0.356522,-0.211703,0.528290,0.624471,0.589752,-0.046408,0.675934,0.439490,0.019566,-0.031594,0.648904,0.666116,0.051911,0.648754,0.364298,-0.213031,0.526135,0.628311,0.261414,0.180595,0.175313,-0.739435,10,False,True,0.824110,0.251020,-0.068219,-0.095577,-0.112878,-0.169309,-0.095577,-0.112878,-0.169309,True,-0.066376,-0.072291,-0.211430,-0.066376,-0.072291,-0.211430,1.270252,0.764815,0.425674,0.990211,1.061283,-0.398514,-0.848061,1.284033,-0.100563,-0.044030,-0.032884,-0.053104,0.046139,-0.081443,-0.068009,0.055786,-377.559998,-150.814453,-270.826721,-73.557617,True,velocity,0.261414,0.297459,-0.050000,-0.044941,0.008030,False
7.084678737000104,-0.519963,1.562112,-0.762055,1.692282,-0.904881,-0.621765,-0.076157,-0.264854,1.369709,2.750000,1.986776,-0.393623,-0.730000,-0.273345,-0.593671,0.041801,-0.672822,-0.439451,0.022428,-0.026427,0.642471,0.665943,0.061617,0.653137,0.355156,-0.208126,0.530240,0.624650,0.591233,-0.044381,0.674969,0.439194,0.021486,-0.029031,0.649038,0.667199,0.054572,0.648562,0.362263,-0.209331,0.528312,0.628570,0.259337,0.184747,0.175780,-0.742711,10,False,True,0.967980,0.118383,0.002811,-0.066966,-0.071873,-0.118686,-0.066966,-0.071873,-0.118686,True,-0.095577,-0.112878,-0.169309,-0.095326,-0.107885,-0.169309,1.093372,0.803270,0.612179,0.918652,1.092682,-0.208437,-0.571924,1.235168,-0.144819,-0.094806,-0.057191,-0.104200,0.012953,-0.061907,-0.027996,0.012946,-377.580505,-150.867188,-270.857574,-73.567101,True,velocity,0.259337,0.296081,-0.050000,-0.045226,0.006719,False
7.112884258999657,-0.524822,1.567117,-0.759617,1.690735,-0.910405,-0.614899,-0.080637,-0.263718,1.362101,2.750000,1.986136,-0.401959,-0.730000,-0.285429,-0.595389,0.040479,-0.671548,-0.439200,0.024734,-0.024103,0.642549,0.667109,0.062993,0.652544,0.353813,-0.204652,0.532016,0.624805,0.592966,-0.043076,0.673676,0.438971,0.023796,-0.026710,0.649103,0.668379,0.056500,0.648213,0.360414,-0.205764,0.530257,0.628787,0.257696,0.188915,0.176573,-0.744703,10,False,True,1.100680,0.044238,0.061709,-0.041891,-0.028615,-0.065628,-0.041891,-0.028615,-0.065628,True,-0.066966,-0.071873,-0.118686,-0.068209,-0.088251,-0.118686,1.136462,0.875347,0.720649,1.006515,1.110645,0.067339,-0.302149,1.173824,-0.119971,-0.097974,-0.062995,-0.093110,-0.019907,-0.062371,-0.033351,-0.008835,-377.608673,-150.878204,-270.909729,-73.591240,True,velocity,0.257696,0.294753,-0.050000,-0.045695,0.017852,False
7.144566670999666,-0.528650,1.571240,-0.757803,1.688345,-0.915245,-0.610888,-0.085508,-0.262970,1.355800,2.750000,1.985530,-0.409765,-0.730000,-0.296964,-0.597100,0.039953,-0.670415,-0.438657,0.027105,-0.022268,0.642425,0.668350,0.063520,0.651741,0.352856,-0.201799,0.533284,0.624985,0.594722,-0.042532,0.672499,0.438454,0.026185,-0.024844,0.648881,0.669586,0.057663,0.647731,0.358851,-0.202801,0.531711,0.628970,0.256382,0.192723,0.177443,-0.745298,10,False,True,1.207451,0.020160,0.109515,-0.021198,0.016902,0.000000,-0.021198,0.016902,0.000000,True,-0.021198,0.016902,0.000000,-0.041891,-0.028615,-0.065628,0.873029,0.604642,0.370005,0.589942,1.117060,0.110161,-0.069628,1.137184,-0.046417,-0.056005,-0.049578,-0.031584,-0.037519,-0.053178,-0.046288,-0.026239,-377.636169,-150.927872,-270.938629,-73.621513,True,velocity,0.256382,0.293278,-0.050000,-0.045896,0.017534,False
7.178816550999727,-0.530605,1.574317,-0.755935,1.685642,-0.918609,-0.610514,-0.089867,-0.262655,1.350644,2.750000,1.984538,-0.419141,-0.730000,-0.307584,-0.598762,0.039776,-0.669685,-0.437520,0.030324,-0.020359,0.642151,0.669985,0.064198,0.650105,0.352649,-0.198881,0.534460,0.625410,0.596504,-0.042248,0.671664,0.437339,0.029452,-0.022821,0.648299,0.671128,0.059105,0.646537,0.357888,-0.199752,0.533098,0.629253,0.255542,0.196838,0.178694,-0.744708,10,False,True,1.304094,0.053661,0.127188,-0.006116,0.064573,0.000000,-0.006116,0.064573,0.000000,True,-0.021198,0.016902,0.000000,-0.021198,0.016902,0.000000,2.468468,-0.673124,-0.673124,2.468468,1.067662,0.202294,0.065413,1.008610,0.004586,-0.017369,-0.020153,0.004156,-0.032697,-0.059281,-0.058784,-0.024074,-377.623199,-150.944611,-270.953278,-73.591797,True,velocity,0.255542,0.291950,-0.050000,-0.044006,0.021435,False
7.210935756999788,-0.533019,1.576926,-0.755432,1.684567,-0.922656,-0.611115,-0.094299,-0.261788,1.344372,2.750000,1.983811,-0.426102,-0.730000,-0.317765,-0.599535,0.039194,-0.669684,-0.436514,0.033562,-0.019061,0.641891,0.670582,0.064430,0.649645,0.352321,-0.196717,0.535280,0.625656,0.597398,-0.041562,0.671555,0.436351,0.032740,-0.021406,0.647737,0.671688,0.059771,0.646303,0.357148,-0.197515,0.534037,0.629334,0.254123,0.200558,0.179781,-0.743521,10,False,True,1.364241,0.125747,0.162806,0.001455,0.113997,0.067257,0.001455,0.113997,0.067257,True,-0.006116,0.064573,0.000000,-0.006116,0.059751,0.000000,1.672796,1.672796,-1.468797,1.672796,1.079851,0.134817,0.003891,1.026778,0.049810,0.001971,-0.005883,0.047960,-0.007725,-0.031829,-0.045383,0.000455,-377.598083,-150.934433,-270.951721,-73.566124,True,velocity,0.254123,0.289194,-0.050000,-0.054162,0.004613,False
7.244884787000046,-0.535411,1.578494,-0.756285,1.683192,-0.925948,-0.613485,-0.097953,-0.261003,1.338538,2.750000,1.982102,-0.432779,-0.730000,-0.327059,-0.599524,0.039288,-0.670067,-0.435934,0.037403,-0.018284,0.641605,0.671261,0.064098,0.648899,0.352462,-0.194910,0.535923,0.625701,0.597443,-0.041615,0.671884,0.435777,0.036611,-0.020580,0.647325,0.672302,0.059913,0.645829,0.356827,-0.195625,0.534807,0.629337,0.252965,0.204444,0.181147,-0.740964,10,False,True,1.398312,0.245432,0.172279,-0.001619,0.163902,0.098146,-0.001619,0.163902,0.098146,True,0.001455,0.113997,0.067257,0.001455,0.113997,0.067257,1.652251,1.465745,-1.692066,1.664873,1.196561,0.141607,-0.124868,1.149679,0.110127,0.030011,-0.000383,0.092439,0.017264,-0.007298,-0.006811,0.023187,-377.577850,-150.910995,-270.927887,-73.553574,True,velocity,0.252965,0.287769,-0.050000,-0.051132,0.006201,False
7.285244597999736,-0.535927,1.578203,-0.758592,1.685273,-0.930394,-0.613077,-0.104488,-0.260172,1.333623,2.750000,1.979198,-0.432917,-0.730000,-0.332042,-0.599681,0.040538,-0.669848,-0.435938,0.041018,-0.018617,0.641411,0.671254,0.062382,0.649151,0.352318,-0.193822,0.536262,0.625209,0.597796,-0.042656,0.671490,0.435800,0.040305,-0.020699,0.646611,0.672249,0.058412,0.646214,0.356477,-0.194506,0.535186,0.628497,0.251513,0.207435,0.181845,-0.738883,10,False,True,1.366655,0.376493,0.136553,-0.020595,0.210161,0.109442,-0.020595,0.210161,0.109442,True,-0.001619,0.163902,0.098146,-0.001619,0.163902,0.098146,1.674466,1.485367,-1.669669,1.690733,1.325559,0.392123,-0.167261,1.284113,0.166217,0.067486,-0.010430,0.140505,0.036485,0.009475,0.014663,0.038278,-377.552582,-150.931778,-270.913239,-73.525810,True,velocity,0.251513,0.286241,-0.050000,-0.047303,0.013932,False
7.338973453000108,-0.537312,1.578475,-0.760728,1.686621,-0.934093,-0.611196,-0.109370,-0.259413,1.328855,2.750000,1.977094,-0.433185,-0.730000,-0.337157,-0.599508,0.041702,-0.669565,-0.436502,0.043003,-0.019413,0.641312,0.671147,0.060977,0.649533,0.352066,-0.193694,0.536137,0.624799,0.597776,-0.043656,0.671067,0.436379,0.042354,-0.021328,0.646105,0.672099,0.057189,0.646716,0.356048,-0.194354,0.535090,0.627812,0.250065,0.209156,0.181960,-0.737321,10,False,True,1.249642,0.507039,0.073960,-0.061211,0.239322,0.099006,-0.061211,0.239322,0.099006,True,-0.020595,0.210161,0.109442,-0.020595,0.210161,0.109442,1.744371,1.579697,-1.560683,1.767455,1.472393,0.858673,-0.400424,1.437537,0.217046,0.167935,-0.078529,0.189802,0.027660,-0.001691,0.026985,0.020656,-377.528168,-150.929550,-270.883240,-73.515343,True,velocity,0.250065,0.283594,-0.050000,-0.048663,0.009783,False
7.372369947999687,-0.535079,1.575077,-0.765063,1.690071,-0.937604,-0.609558,-0.115972,-0.258834,1.324372,2.750000,1.970786,-0.429998,-0.730000,-0.338176,-0.599152,0.045390,-0.668484,-0.438276,0.047078,-0.022021,0.640959,0.671320,0.057643,0.649111,0.353075,-0.194151,0.535168,0.624043,0.597693,-0.047025,0.669745,0.438170,0.046540,-0.023625,0.644996,0.672117,0.054448,0.646714,0.356447,-0.194709,0.534275,0.626572,0.249109,0.211525,0.181698,-0.733705,10,False,True,1.102685,0.615300,0.083455,-0.091956,0.232474,0.094432,-0.091956,0.232474,0.094432,True,-0.061211,0.239322,0.099006,-0.058556,0.239322,0.099006,1.862078,1.735235,-1.389167,1.891183,1.502703,1.029980,-0.535403,1.505343,0.245738,0.194084,-0.151797,0.221776,0.022008,-0.005388,0.026558,0.014997,-377.514374,-150.926895,-270.866760,-73.505859,True,velocity,0.249109,0.282275,-0.050000,-0.045689,0.020949,False
7.4081772279996585,-0.533767,1.572241,-0.768904,1.691043,-0.939238,-0.610167,-0.120516,-0.258472,1.320530,2.750000,1.965767,-0.425876,-0.730000,-0.337543,-0.598677,0.048757,-0.667896,-0.439459,0.049986,-0.024453,0.640458,0.670936,0.054536,0.648937,0.354615,-0.195003,0.534097,0.623605,0.597355,-0.050228,0.669034,0.439360,0.049508,-0.025898,0.644113,0.671566,0.051998,0.647015,0.357304,-0.195444,0.533389,0.625924,0.248599,0.213164,0.181449,-0.730356,10,False,True,0.917866,0.695835,0.089476,-0.118318,0.220229,0.092975,-0.118318,0.220229,0.092975,True,-0.091956,0.232474,0.094432,-0.091956,0.232474,0.094432,1.987467,1.872334,-1.239838,2.025556,1.589140,1.183118,-0.700463,1.603186,0.245982,0.197237,-0.200420,0.221096,0.026345,0.003377,0.025251,0.013406,-377.483673,-150.919647,-270.856995,-73.491905,True,velocity,0.248599,0.279466,-0.050000,-0.054270,0.009552,False
7.436621359999663,-0.532056,1.569303,-0.773203,1.690545,-0.938054,-0.613175,-0.123189,-0.258157,1.316261,2.750000,1.961144,-0.421617,-0.730000,-0.336504,-0.597440,0.052745,-0.667992,-0.440533,0.052732,-0.027453,0.639670,0.670127,0.051434,0.648864,0.356735,-0.196225,0.532566,0.623453,0.596339,-0.053961,0.668936,0.440446,0.052342,-0.028651,0.642713,0.670575,0.049633,0.647483,0.358654,-0.196535,0.532067,0.625409,0.247990,0.214644,0.181029,-0.726482,10,False,True,0.719447,0.742762,0.112714,-0.143080,0.205007,0.098780,-0.143080,0.205007,0.098780,True,-0.118318,0.220229,0.092975,-0.117468,0.220229,0.092975,2.092932,1.984399,-1.117768,2.138804,1.668138,1.323927,-0.823713,1.682849,0.243475,0.199753,-0.222300,0.222432,0.032157,0.006795,0.015397,0.017395,-377.459534,-150.913223,-270.863831,-73.474472,True,velocity,0.247990,0.278037,-0.050000,-0.053326,0.007383,False
7.463708850999865,-0.528535,1.565562,-0.777578,1.690719,-0.933424,-0.616903,-0.123175,-0.258285,1.313499,2.750000,1.957591,-0.415942,-0.730000,-0.332759,-0.595443,0.057022,-0.668638,-0.441723,0.054954,-0.030703,0.638784,0.668952,0.048636,0.648889,0.359278,-0.197591,0.530873,0.623453,0.594686,-0.057847,0.669285,0.441656,0.054692,-0.031519,0.640871,0.669211,0.047574,0.648071,0.360411,-0.197772,0.530579,0.624806,0.247448,0.215379,0.180364,-0.723229,10,False,True,0.493312,0.752974,0.111526,-0.165909,0.187014,0.102529,-0.165909,0.187014,0.102529,True,-0.143080,0.205007,0.098780,-0.143080,0.205007,0.098780,2.205521,2.097638,-0.991154,2.262828,1.748330,1.459544,-0.896938,1.744193,0.241929,0.201745,-0.229545,0.217597,0.036404,0.011259,0.001447,0.024104,-377.439880,-150.898849,-270.891754,-73.445595,True,velocity,0.247448,0.276719,-0.050000,-0.052354,0.001374,False
7.497154401999978,-0.526494,1.562019,-0.782390,1.688716,-0.927736,-0.620362,-0.122320,-0.258120,1.311574,2.750000,1.954128,-0.410097,-0.730000,-0.328445,-0.593287,0.062045,-0.669129,-0.443201,0.056660,-0.034305,0.637985,0.667695,0.045987,0.649203,0.361391,-0.199035,0.529023,0.623518,0.592670,-0.062706,0.669652,0.443143,0.056452,-0.034964,0.639677,0.667854,0.045341,0.648699,0.362083,-0.199142,0.528850,0.624634,0.247531,0.215922,0.179600,-0.719836,10,False,True,0.259600,0.730354,0.110797,-0.186494,0.166493,0.104961,-0.186494,0.166493,0.104961,True,-0.165909,0.187014,0.102529,-0.165909,0.187014,0.102529,2.313820,2.210433,-0.865662,2.381020,1.840070,1.593712,-0.921399,1.842103,0.241156,0.202924,-0.228730,0.217206,0.047404,0.019779,-0.025260,0.038392,-377.391876,-150.867188,-270.944183,-73.410156,True,velocity,0.247531,0.275284,-0.050000,-0.050043,0.003374,False
7.531167690000075,-0.523701,1.558905,-0.786691,1.688901,-0.923240,-0.620964,-0.122169,-0.257671,1.309790,2.750000,1.950234,-0.402484,-0.730000,-0.322817,-0.591384,0.066409,-0.669242,-0.444938,0.057965,-0.037909,0.637662,0.666310,0.043672,0.650066,0.362682,-0.200352,0.527313,0.623510,0.591096,-0.066714,0.669485,0.444910,0.057868,-0.038215,0.638449,0.666443,0.043066,0.649609,0.363329,-0.200458,0.527134,0.623994,0.247276,0.216134,0.178309,-0.717730,10,False,True,0.017711,0.662069,0.069025,-0.204559,0.143721,0.094391,-0.204559,0.143721,0.094391,True,-0.186494,0.166493,0.104961,-0.186494,0.166493,0.104961,2.420384,2.324524,-0.739846,2.496010,1.938866,1.686006,-0.909142,1.977169,0.240948,0.197685,-0.224632,0.217190,0.057346,0.035065,-0.058892,0.062607,-377.334686,-150.823242,-271.007385,-73.342079,True,velocity,0.247276,0.273888,-0.050000,-0.047690,0.021914,False
7.563431839999794,-0.522299,1.556304,-0.790903,1.688514,-0.920828,-0.619754,-0.122439,-0.257255,1.308125,2.750000,1.945408,-0.395334,-0.730000,-0.316991,-0.589827,0.070370,-0.668710,-0.447190,0.058977,-0.041634,0.637792,0.665360,0.041379,0.650471,0.363967,-0.201718,0.525539,0.623407,0.589742,-0.070458,0.668782,0.447181,0.058949,-0.041723,0.638021,0.665444,0.040951,0.650157,0.364421,-0.201795,0.525404,0.623519,0.247432,0.216332,0.176818,-0.715815,10,False,True,-0.219265,0.558332,0.032078,-0.165387,0.112647,0.076064,-0.165387,0.112647,0.076064,True,-0.204559,0.143721,0.094391,-0.204559,0.143721,0.094391,2.528255,2.452547,-0.611436,2.601857,2.060895,1.851347,-0.884734,2.080935,0.240847,0.201409,-0.221678,0.223052,0.078652,0.069285,-0.094501,0.078310,-377.258942,-150.735077,-271.097931,-73.277626,True,velocity,0.247432,0.272566,-0.047962,-0.046098,0.022308,False
7.596001636000437,-0.522542,1.554161,-0.795628,1.687253,-0.920921,-0.618004,-0.123420,-0.256531,1.306293,2.750000,1.939280,-0.388105,-0.730000,-0.310777,-0.588449,0.073852,-0.667765,-0.449849,0.059990,-0.045571,0.638381,0.664614,0.038985,0.650761,0.365074,-0.203146,0.523797,0.623170,0.588448,-0.073852,0.667765,0.449849,0.059989,-0.045572,0.638380,0.664675,0.038668,0.650528,0.365411,-0.203203,0.523697,0.623134,0.247920,0.216732,0.175321,-0.713679,10,False,True,-0.400874,0.462750,0.020098,-0.128306,0.079106,0.059603,-0.128306,0.079106,0.059603,True,-0.165387,0.112647,0.076064,-0.172852,0.115459,0.076064,2.550163,2.479016,-0.585954,2.622528,2.159060,1.974000,-0.835275,2.191220,0.206896,0.177518,-0.186004,0.194370,0.104532,0.097193,-0.113882,0.094787,-377.170197,-150.654297,-271.184723,-73.201866,True,velocity,0.247920,0.271131,-0.044141,-0.045596,0.022889,False
7.621781837000526,-0.523479,1.552307,-0.800244,1.684954,-0.921744,-0.616314,-0.123950,-0.255620,1.305726,2.749853,1.933415,-0.382740,-0.730000,-0.305172,-0.587178,0.077036,-0.666562,-0.452750,0.060662,-0.049254,0.639178,0.664301,0.036784,0.650731,0.365924,-0.204652,0.522076,0.622854,0.587177,-0.077036,0.666563,0.452750,0.060660,-0.049254,0.639175,0.664405,0.036548,0.650484,0.366198,-0.204676,0.522065,0.622853,0.248810,0.216929,0.174116,-0.711347,6,True,True,-0.538776,0.381493,0.030460,-0.093770,0.042951,0.051032,-0.093770,0.042951,0.051032,True,-0.128306,0.079106,0.059603,-0.131951,0.081576,0.059603,2.582612,2.511282,-0.547534,2.659907,2.244878,2.078685,-0.780544,2.283236,0.156340,0.136903,-0.138821,0.149087,0.132327,0.112912,-0.126177,0.114631,-377.070587,-150.599045,-271.253082,-73.111885,True,velocity,0.248810,0.269678,-0.039343,-0.047877,0.016438,False
7.651914998000393,-0.524715,1.550542,-0.804874,1.682245,-0.923509,-0.615197,-0.124260,-0.254888,1.305343,2.747986,1.927487,-0.378155,-0.730000,-0.300030,-0.586003,0.079666,-0.665315,-0.455643,0.061174,-0.052736,0.640131,0.664228,0.034232,0.650241,0.367173,-0.206304,0.520329,0.622460,0.586003,-0.079666,0.665315,0.455643,0.061173,-0.052736,0.640132,0.664329,0.033998,0.649997,0.367444,-0.206328,0.520317,0.622463,0.249822,0.217037,0.173152,-0.709112,4,True,True,-0.629330,0.309689,0.046453,-0.062396,0.004019,0.049685,-0.062396,0.004019,0.049685,True,-0.093770,0.042951,0.051032,-0.097599,0.049114,0.051032,2.661313,2.584709,-0.449157,2.758228,2.318654,1.551037,-0.737642,2.362853,0.111829,0.053598,-0.094286,0.104656,0.154026,0.138047,-0.148130,0.135450,-376.967224,-150.475311,-271.374847,-73.017860,True,velocity,0.249822,0.268331,-0.034665,-0.047066,0.030132,False
7.685132642000099,-0.525910,1.549182,-0.809164,1.679490,-0.925640,-0.613641,-0.124645,-0.254006,1.304827,2.746159,1.921242,-0.374343,-0.730000,-0.296139,-0.584961,0.082074,-0.663868,-0.458655,0.061398,-0.056188,0.641170,0.664523,0.031500,0.649538,0.368128,-0.208285,0.518450,0.622083,0.584961,-0.082074,0.663868,0.458655,0.061397,-0.056188,0.641169,0.664593,0.031332,0.649364,0.368322,-0.208302,0.518442,0.622084,0.250895,0.216898,0.172047,-0.706817,4,True,True,-0.677261,0.231863,0.065636,-0.034977,-0.037793,0.054376,-0.034977,-0.037793,0.054376,True,-0.062396,0.004019,0.049685,-0.062396,0.004019,0.049685,2.999905,2.956430,-3.103285,-3.112414,2.391789,1.937126,-3.133969,2.442469,0.058731,0.028759,0.053964,0.052892,0.159255,0.128484,-0.144559,0.142212,-376.908752,-150.456192,-271.418671,-72.964706,True,velocity,0.250895,0.266991,-0.029921,-0.045438,0.031937,False
7.716396482000164,-0.526895,1.548232,-0.812264,1.676506,-0.927776,-0.612082,-0.125351,-0.253251,1.304053,2.743911,1.916200,-0.371617,-0.730000,-0.293202,-0.584521,0.084163,-0.662287,-0.461116,0.061399,-0.058954,0.642037,0.664685,0.029134,0.648824,0.369286,-0.210085,0.516715,0.622039,0.584521,-0.084163,0.662287,0.461116,0.061399,-0.058953,0.642039,0.664712,0.029069,0.648756,0.369361,-0.210092,0.516711,0.622042,0.251986,0.216727,0.171143,-0.704931,3,True,True,-0.676466,0.153605,0.067823,-0.003171,-0.076372,0.058331,-0.003171,-0.076372,0.058331,True,-0.034977,-0.037793,0.054376,-0.036729,-0.028266,0.054376,-2.702269,-2.475400,0.904087,-2.491887,2.514322,2.305124,-0.639367,2.607576,0.024540,0.002380,-0.001215,0.019859,0.120621,0.095485,-0.120262,0.111602,-376.881287,-150.458710,-271.447266,-72.929688,True,velocity,0.251986,0.264347,-0.021986,-0.054710,0.015332,False
7.7475113230002535,-0.527610,1.547673,-0.814532,1.673778,-0.928868,-0.611071,-0.125202,-0.252781,1.303125,2.742007,1.912809,-0.370716,-0.728910,-0.290973,-0.584040,0.085776,-0.661102,-0.463125,0.061205,-0.061045,0.642718,0.664763,0.027607,0.647852,0.370967,-0.211694,0.515249,0.622316,0.584040,-0.085777,0.661101,0.463125,0.061205,-0.061043,0.642722,0.664763,0.027606,0.647851,0.370967,-0.211694,0.515247,0.622325,0.252926,0.216437,0.170481,-0.703350,2,True,True,-0.629167,0.081713,0.056927,0.032964,-0.110930,0.057918,0.032964,-0.110930,0.057918,True,-0.003171,-0.076372,0.058331,-0.005245,-0.074524,0.058331,1.349465,1.640015,-1.513661,1.387243,2.679837,2.513453,-0.657994,2.633027,-0.016445,-0.043374,0.052520,-0.026524,0.066790,0.040817,-0.080508,0.072666,-376.908356,-150.489120,-271.464142,-72.919785,True,velocity,0.252926,0.262925,-0.017371,-0.052564,0.014480,False
7.781395038000483,-0.528174,1.546988,-0.816683,1.671061,-0.929574,-0.610478,-0.124999,-0.252218,1.301918,2.740326,1.910481,-0.370242,-0.726985,-0.289195,-0.583574,0.087439,-0.660035,-0.464918,0.060776,-0.063042,0.643345,0.664563,0.026268,0.646998,0.372906,-0.213493,0.513769,0.622988,0.583574,-0.087439,0.660035,0.464918,0.060776,-0.063040,0.643347,0.664564,0.026268,0.646998,0.372906,-0.213493,0.513768,0.622993,0.253891,0.215876,0.169882,-0.701799,2,True,True,-0.540171,0.016920,0.045531,0.074107,-0.139342,0.054275,0.074107,-0.139342,0.054275,True,0.032964,-0.110930,0.057918,0.032964,-0.110930,0.057918,1.789865,1.961853,-1.222834,1.764221,2.723026,2.513395,-0.713086,2.595773,-0.061743,-0.095660,0.109588,-0.078254,0.006924,-0.012916,-0.033640,0.035054,-376.929688,-150.513947,-271.451599,-72.917412,True,velocity,0.253891,0.261478,-0.012671,-0.050070,0.015935,False
7.813103968000178,-0.528376,1.546409,-0.817966,1.669140,-0.929709,-0.610476,-0.124687,-0.251980,1.300527,2.739355,1.909472,-0.370205,-0.725519,-0.288199,-0.583225,0.088688,-0.659374,-0.466057,0.060366,-0.064375,0.643825,0.664120,0.025589,0.646510,0.374587,-0.215028,0.512698,0.623933,0.583225,-0.088688,0.659374,0.466058,0.060362,-0.064341,0.644473,0.664121,0.025591,0.646510,0.374585,-0.215033,0.512703,0.624581,0.255362,0.215275,0.169540,-0.700449,1,True,True,-0.403995,-0.026947,0.031758,0.120430,-0.158164,0.047652,0.120430,-0.158164,0.047652,True,0.074107,-0.139342,0.054275,0.068212,-0.138642,0.054275,1.991053,2.101370,-1.081105,1.956448,2.612865,2.427817,-0.830075,2.443163,-0.113228,-0.144950,0.159479,-0.133894,-0.025756,-0.039864,0.002717,0.012010,-376.961639,-150.549393,-271.397034,-72.940430,True,velocity,0.255362,0.260362,-0.007673,-0.046550,0.015858,False
7.846434631000193,-0.528348,1.545684,-0.819005,1.667757,-0.930280,-0.611026,-0.124569,-0.251530,1.299100,2.738610,1.909308,-0.369638,-0.724124,-0.287338,-0.583111,0.089406,-0.658864,-0.466783,0.059977,-0.065287,0.644322,0.663380,0.025002,0.646467,0.376009,-0.216317,0.511950,0.625126,0.583110,-0.089407,0.658864,0.466784,0.059971,-0.065267,0.644330,0.663381,0.025004,0.646466,0.376007,-0.216322,0.511944,0.625130,0.255558,0.214686,0.169373,-0.699553,1,True,True,-0.223132,-0.042021,0.010999,0.168838,-0.145648,0.036872,0.168838,-0.145648,0.036872,True,0.120430,-0.158164,0.047652,0.119473,-0.158164,0.047652,2.202119,2.267992,-0.909686,2.167354,2.471980,2.353859,-0.909142,2.319810,-0.181869,-0.197960,0.207777,-0.195943,-0.053594,-0.055315,0.041639,-0.019590,-377.026215,-150.617325,-271.360626,-72.995399,True,velocity,0.255558,0.257687,0.000000,-0.054940,0.000646,False
7.880161551000128,-0.528247,1.545335,-0.819670,1.667205,-0.930418,-0.611389,-0.124487,-0.251232,1.298245,2.738524,1.910012,-0.369401,-0.723459,-0.286537,-0.582961,0.089770,-0.658675,-0.467167,0.059617,-0.065666,0.644779,0.662613,0.025094,0.646717,0.376923,-0.217089,0.511605,0.626179,0.582961,-0.089771,0.658675,0.467167,0.059612,-0.065660,0.644782,0.662615,0.025095,0.646716,0.376922,-0.217096,0.511596,0.626180,0.256155,0.214188,0.169374,-0.699068,1,True,True,-0.017902,-0.006675,-0.011314,0.000000,0.000000,0.000000,0.000000,0.000000,0.000000,True,0.168838,-0.145648,0.036872,0.159792,-0.145648,0.036872,2.398229,2.437170,-0.735173,2.367256,2.385544,2.280550,-0.915565,1.321311,-0.208520,-0.215264,0.220254,-0.107610,-0.088838,-0.079045,0.083915,-0.072202,-377.133942,-150.707870,-271.243591,-73.105606,True,velocity,0.256155,0.256325,0.000000,-0.051176,0.001483,False
7.912959938000313,-0.528223,1.545486,-0.819894,1.667241,-0.930577,-0.611735,-0.124248,-0.250983,1.297375,2.738684,1.910442,-0.369699,-0.722982,-0.286208,-0.582777,0.089566,-0.658754,-0.467323,0.059285,-0.065741,0.645453,0.662131,0.025431,0.646854,0.377514,-0.217697,0.511417,0.627203,0.582777,-0.089566,0.658754,0.467323,0.059284,-0.065739,0.645455,0.662131,0.025431,0.646854,0.377513,-0.217696,0.511417,0.627197,0.256765,0.213788,0.169348,-0.698790,1,True,True,-0.029887,-0.007445,-0.002975,0.000000,0.000000,0.000000,0.000000,0.000000,0.000000,True,0.000000,0.000000,0.000000,0.152086,-0.092756,0.000000,2.593931,2.593931,2.593931,2.593931,2.386186,2.280550,-3.072480,2.283236,-0.174070,-0.169464,-0.149037,-0.056417,-0.118627,-0.128362,0.136903,-0.115486,-377.233551,-150.839569,-271.102966,-73.198242,True,velocity,0.256765,0.255119,0.000000,-0.047635,0.004095,False
7.946580396000172,-0.528112,1.545884,-0.819709,1.667406,-0.930943,-0.612034,-0.123861,-0.250928,1.296664,2.738583,1.910593,-0.370245,-0.721989,-0.286227,-0.582712,0.089011,-0.658820,-0.467418,0.059001,-0.065582,0.646246,0.661977,0.025497,0.646610,0.378196,-0.218206,0.511284,0.628177,0.582712,-0.089011,0.658820,0.467418,0.058999,-0.065582,0.646246,0.661977,0.025497,0.646610,0.378195,-0.218204,0.511288,0.628167,0.257484,0.213477,0.169353,-0.698593,1,True,True,-0.039218,-0.007292,0.002931,0.000000,0.000000,0.000000,0.000000,0.000000,0.000000,True,0.000000,0.000000,0.000000,0.028598,-0.000678,0.000000,3.117903,3.117903,3.117903,3.117903,2.428532,2.268224,-0.848121,2.368792,-0.022074,-0.018886,-0.028467,-0.020354,-0.146696,-0.153036,0.140056,-0.137073,-377.324219,-150.906525,-271.069763,-73.296875,True,velocity,0.257484,0.253825,0.000000,-0.045375,0.021477,False
7.980207409000286,-0.528221,1.546361,-0.819551,1.667367,-0.931849,-0.611495,-0.123829,-0.250889,1.296392,2.738207,1.910364,-0.370893,-0.720938,-0.286077,-0.582759,0.088638,-0.658560,-0.467797,0.058723,-0.065437,0.647152,0.662043,0.025348,0.646136,0.378900,-0.218685,0.511137,0.628966,0.582758,-0.088638,0.658561,0.467797,0.058721,-0.065434,0.646434,0.662042,0.025348,0.646137,0.378899,-0.218681,0.511142,0.628255,0.257566,0.213227,0.169416,-0.698308,1,True,True,-0.046728,-0.005423,0.011472,0.034208,-0.032291,0.000000,0.034208,-0.032291,0.000000,True,0.000000,0.000000,0.000000,0.000000,0.000000,0.000000,2.538887,2.268141,-0.823713,2.473185,2.569683,2.268141,-0.810931,2.509735,0.000000,0.000000,0.000000,0.000000,-0.122406,-0.131394,0.120392,-0.124411,-377.338593,-150.930527,-271.055389,-73.298134,True,velocity,0.257566,0.252566,0.012169,-0.043375,0.022823,False
8.016082668999843,-0.528415,1.546632,-0.819176,1.667053,-0.932958,-0.610054,-0.124291,-0.250723,1.296477,2.737662,1.909974,-0.372514,-0.718840,-0.285630,-0.583074,0.088733,-0.657923,-0.468283,0.058383,-0.065376,0.647958,0.662392,0.025237,0.645107,0.380050,-0.219175,0.510885,0.629660,0.583074,-0.088733,0.657923,0.468283,0.058383,-0.065377,0.647955,0.662391,0.025237,0.645107,0.380050,-0.219174,0.510886,0.629656,0.259095,0.212965,0.169435,-0.698039,2,True,True,-0.007868,0.000588,0.019533,0.000000,0.000000,0.000000,0.000000,0.000000,0.000000,True,0.034208,-0.032291,0.000000,0.034208,-0.032291,0.000000,2.385014,2.385014,-0.756578,2.385014,2.557493,2.286957,-0.780678,2.516261,-0.046344,-0.046816,0.047028,-0.046637,-0.080039,-0.071546,0.046936,-0.064903,-377.322540,-150.922714,-271.079102,-73.248741,True,velocity,0.259095,0.251363,0.017502,-0.040772,0.026693,False
8.049876385000061,-0.529142,1.546953,-0.819086,1.667035,-0.934520,-0.608507,-0.125501,-0.250352,1.295920,2.737278,1.909555,-0.373483,-0.717070,-0.285365,-0.583372,0.088827,-0.657442,-0.468569,0.057984,-0.065387,0.648713,0.662492,0.025126,0.644471,0.380960,-0.219736,0.510729,0.630225,0.583372,-0.088827,0.657442,0.468569,0.057983,-0.065388,0.648496,0.662491,0.025126,0.644471,0.380960,-0.219735,0.510730,0.630007,0.259378,0.212686,0.169440,-0.697924,2,True,True,-0.016223,0.000738,0.023007,0.000000,0.000000,0.000000,0.000000,0.000000,0.000000,True,0.000000,0.000000,0.000000,0.000118,0.000000,0.000000,2.548368,2.548368,-0.593224,2.548368,2.520737,2.323367,-0.787101,2.485586,-0.002541,-0.002462,0.002493,-0.002537,-0.017828,-0.023068,0.014288,-0.003385,-377.348358,-150.935410,-271.041016,-73.285294,True,velocity,0.259378,0.249378,0.022272,-0.045448,0.012554,False
8.089272719999826,-0.530225,1.547344,-0.819376,1.667495,-0.935997,-0.607257,-0.126538,-0.249717,1.294746,2.737260,1.909298,-0.373794,-0.715621,-0.285787,-0.583303,0.088712,-0.657361,-0.468791,0.057614,-0.065482,0.649408,0.662356,0.024893,0.644326,0.381456,-0.220364,0.510633,0.630687,0.583303,-0.088712,0.657361,0.468791,0.057614,-0.065483,0.649407,0.662356,0.024893,0.644326,0.381456,-0.220363,0.510634,0.630686,0.259746,0.212398,0.169416,-0.697829,3,True,True,-0.024861,0.000022,0.025832,0.000000,0.000000,0.000000,0.000000,0.000000,0.000000,True,0.000000,0.000000,0.000000,0.000000,0.000000,0.000000,2.514506,2.519884,-0.780611,2.479059,2.514506,2.519827,-0.780678,2.485586,0.000000,0.000000,0.000000,0.000000,-0.008771,-0.008843,0.011921,0.001004,-377.355743,-150.943497,-271.037262,-73.296738,True,velocity,0.259746,0.248619,0.024161,-0.038147,0.019387,False
8.123270119999688,-0.531617,1.547587,-0.820219,1.667944,-0.938057,-0.605775,-0.128371,-0.249193,1.293142,2.736990,1.908709,-0.373351,-0.714367,-0.286044,-0.583199,0.088919,-0.657161,-0.469161,0.057145,-0.065923,0.650142,0.662036,0.024351,0.644294,0.382099,-0.221373,0.510340,0.631084,0.583199,-0.088919,0.657161,0.469161,0.057144,-0.065923,0.650140,0.662036,0.024352,0.644295,0.382100,-0.221372,0.510341,0.631082,0.259819,0.211937,0.169305,-0.697463,3,True,True,-0.038685,-0.003318,0.036815,0.000000,0.000000,0.000000,0.000000,0.000000,0.000000,True,0.000000,0.000000,0.000000,0.000000,0.000000,0.000000,2.514506,2.489389,-0.780611,2.485586,2.514506,2.489389,-0.780611,2.485586,0.000000,0.000000,0.000000,0.000000,-0.011558,-0.006825,0.013912,-0.016034,-377.337189,-150.923828,-271.066559,-73.274696,True,velocity,0.259819,0.247988,0.025313,-0.033030,0.022150,False
8.15654756100048,-0.532791,1.547712,-0.821168,1.668303,-0.940296,-0.604201,-0.130480,-0.248683,1.291660,2.736395,1.907520,-0.372779,-0.712575,-0.286668,-0.583199,0.089294,-0.656764,-0.469646,0.056809,-0.066620,0.650692,0.662030,0.023211,0.643934,0.382786,-0.222457,0.509783,0.631174,0.583198,-0.089294,0.656764,0.469646,0.056808,-0.066621,0.650689,0.662030,0.023211,0.643935,0.382787,-0.222457,0.509784,0.631171,0.259813,0.211547,0.169007,-0.696942,3,True,True,-0.050385,-0.012267,0.052447,0.040097,-0.029870,0.000000,0.040097,-0.029870,0.000000,True,0.000000,0.000000,0.000000,0.000000,0.000000,0.000000,2.514322,2.458308,-0.780678,2.485586,2.514322,2.458308,-0.780678,2.485586,0.000000,0.000000,0.000000,0.000000,0.009224,0.012045,-0.013852,0.013256,-377.305511,-150.897049,-271.090393,-73.238564,True,velocity,0.259813,0.247172,0.026827,-0.030897,0.005742,False
8.189764982999804,-0.534100,1.547392,-0.822908,1.668869,-0.942714,-0.602564,-0.132894,-0.248093,1.290257,2.735323,1.905738,-0.371946,-0.709953,-0.287217,-0.582910,0.090072,-0.656370,-0.470406,0.056411,-0.067934,0.651389,0.662185,0.021362,0.643209,0.383844,-0.224055,0.508751,0.631101,0.582910,-0.090071,0.656370,0.470406,0.056411,-0.067934,0.651386,0.662185,0.021362,0.643209,0.383844,-0.224055,0.508751,0.631097,0.259858,0.210898,0.168461,-0.696057,3,True,True,-0.021197,-0.017163,0.079004,0.000000,0.000000,0.000000,0.000000,0.000000,0.000000,True,0.040097,-0.029870,0.000000,0.035638,-0.029521,0.000000,2.449806,2.449806,-0.691787,2.449806,2.502316,2.440079,-0.780678,2.479104,-0.046197,-0.046275,0.046095,-0.046257,0.027546,0.024135,-0.030075,0.030613,-377.303162,-150.893417,-271.092346,-73.239815,True,velocity,0.259858,0.246947,0.027065,-0.024848,0.008448,False
8.218548540000484,-0.535475,1.546785,-0.825244,1.669310,-0.945228,-0.600412,-0.135876,-0.247308,1.288745,2.733954,1.903526,-0.371193,-0.707389,-0.287415,-0.582590,0.091387,-0.655750,-0.471412,0.056070,-0.069660,0.652023,0.662321,0.019483,0.642416,0.385037,-0.225782,0.507491,0.630896,0.582590,-0.091386,0.655750,0.471412,0.056069,-0.069660,0.652019,0.662320,0.019484,0.642416,0.385037,-0.225782,0.507492,0.630892,0.259849,0.210253,0.167773,-0.695089,3,True,True,-0.040559,-0.037791,0.108037,0.043293,-0.025014,0.064462,0.043293,-0.025014,0.064462,True,0.000000,0.000000,0.000000,0.017370,-0.002183,0.000000,3.016598,3.016598,-0.124994,3.016598,2.496359,2.452406,-0.768405,2.473229,-0.015191,-0.014794,0.013876,-0.014985,0.016387,0.017347,-0.020033,0.029622,-377.338715,-150.928986,-271.063477,-73.247208,True,velocity,0.259849,0.246822,0.027066,-0.020268,0.005436,False
8.252609957999994,-0.537076,1.545924,-0.828124,1.669311,-0.948174,-0.598017,-0.140034,-0.246494,1.287344,2.732619,1.901265,-0.369641,-0.705263,-0.287186,-0.582366,0.093454,-0.654819,-0.472576,0.055694,-0.071887,0.652568,0.662183,0.017321,0.641891,0.386250,-0.227814,0.505866,0.630604,0.582366,-0.093454,0.654819,0.472576,0.055693,-0.071888,0.652565,0.662183,0.017321,0.641892,0.386250,-0.227813,0.505866,0.630600,0.259793,0.209467,0.166945,-0.693579,3,True,True,-0.017121,-0.045560,0.088880,0.044684,-0.019293,0.071644,0.044684,-0.019293,0.071644,True,0.043293,-0.025014,0.064462,0.021111,-0.025014,0.064462,2.106140,2.651315,-0.798335,1.870021,2.538887,2.470573,-0.701030,2.522135,-0.018167,-0.035760,0.045734,-0.027373,-0.013814,-0.019483,0.013194,0.029622,-377.351562,-150.948654,-271.050934,-73.247208,True,velocity,0.259793,0.246759,0.026847,-0.015583,0.005812,False
8.286711227000524,-0.538501,1.545182,-0.831020,1.669352,-0.950333,-0.596156,-0.143339,-0.245925,1.286004,2.731776,1.899488,-0.368523,-0.702712,-0.287537,-0.581817,0.095387,-0.654166,-0.473769,0.055427,-0.074169,0.652983,0.662139,0.015261,0.641248,0.387479,-0.229720,0.504178,0.630311,0.581817,-0.095386,0.654166,0.473769,0.055427,-0.074169,0.652980,0.662139,0.015262,0.641248,0.387479,-0.229719,0.504178,0.630307,0.259616,0.208732,0.166030,-0.691927,3,True,True,0.004280,-0.051110,0.066803,0.049129,-0.014727,0.070220,0.049129,-0.014727,0.070220,True,0.044684,-0.019293,0.071644,0.044684,-0.019293,0.071644,2.828691,2.958720,-0.458530,2.429294,2.532926,2.580873,-0.700388,2.516309,-0.032743,-0.053749,0.061568,-0.042784,-0.026515,-0.033851,0.023214,-0.012941,-377.357147,-150.977402,-271.042267,-73.292969,True,velocity,0.259616,0.246747,0.026324,-0.011725,0.024755,False
8.325885156000368,-0.540107,1.543984,-0.834736,1.669022,-0.952754,-0.594075,-0.146851,-0.245273,1.284859,2.730638,1.897644,-0.366470,-0.699899,-0.287895,-0.581000,0.097950,-0.653264,-0.475490,0.055215,-0.077083,0.653423,0.661934,0.012353,0.640671,0.388884,-0.232024,0.501989,0.629942,0.580999,-0.097950,0.653265,0.475490,0.055214,-0.077083,0.653420,0.661934,0.012354,0.640672,0.388884,-0.232024,0.501990,0.629939,0.259480,0.207845,0.164984,-0.689619,3,True,True,0.020433,-0.054172,0.065832,0.057014,-0.010075,0.068929,0.057014,-0.010075,0.068929,True,0.049129,-0.014727,0.070220,0.049129,-0.014727,0.070220,2.978358,3.041619,2.776672,2.581361,2.612671,2.654881,2.590816,2.479059,-0.035201,-0.055477,-0.064245,-0.043674,-0.026682,-0.042107,0.021643,-0.029813,-377.361755,-151.025528,-271.017151,-73.327988,True,velocity,0.259480,0.246747,0.025889,-0.008447,0.031485,False
8.352055411000038,-0.541490,1.542556,-0.838648,1.668635,-0.954655,-0.592081,-0.150279,-0.244648,1.283715,2.729286,1.895892,-0.364609,-0.696436,-0.288315,-0.580048,0.100872,-0.652343,-0.477302,0.055056,-0.080271,0.653799,0.661730,0.009210,0.639851,0.390665,-0.234495,0.499474,0.629616,0.580048,-0.100872,0.652343,0.477302,0.055056,-0.080271,0.653796,0.661730,0.009210,0.639851,0.390665,-0.234494,0.499474,0.629612,0.259387,0.206890,0.163789,-0.687080,3,True,True,0.035893,-0.052541,0.073063,0.063522,-0.003725,0.070145,0.063522,-0.003725,0.070145,True,0.057014,-0.010075,0.068929,0.057014,-0.010075,0.068929,3.105589,3.117860,-0.263191,2.753481,2.692027,2.721667,-0.651571,2.491460,-0.041504,-0.062771,0.065882,-0.047265,-0.026682,-0.044528,0.010089,-0.028424,-377.361755,-151.046463,-271.029846,-73.352539,True,velocity,0.259387,0.246753,0.025598,-0.006623,0.011089,False
8.385177834000388,-0.542572,1.540938,-0.842648,1.668461,-0.955660,-0.590399,-0.153028,-0.244016,1.282419,2.727858,1.894345,-0.363317,-0.692141,-0.289010,-0.578782,0.103918,-0.651628,-0.479159,0.054905,-0.083593,0.654090,0.661561,0.006008,0.638733,0.392836,-0.237165,0.496733,0.629353,0.578781,-0.103918,0.651629,0.479159,0.054904,-0.083594,0.654087,0.661561,0.006008,0.638734,0.392836,-0.237164,0.496733,0.629350,0.259267,0.205802,0.162488,-0.684406,3,True,True,0.046533,-0.044911,0.083139,0.064563,0.003733,0.073967,0.064563,0.003733,0.073967,True,0.063522,-0.003725,0.070145,0.063522,-0.003725,0.070145,-3.047533,-3.077165,-0.161841,2.907243,2.214084,2.746322,-0.670120,2.485541,-0.027055,-0.067755,0.067460,-0.049044,-0.046126,-0.052708,0.021560,-0.032719,-377.454529,-151.077713,-270.991760,-73.366768,True,velocity,0.259267,0.246803,0.025158,-0.004596,0.012497,False
8.418882179999855,-0.543414,1.538951,-0.846928,1.668308,-0.956207,-0.588709,-0.155598,-0.243272,1.281028,2.726250,1.892660,-0.362138,-0.687283,-0.289829,-0.577355,0.107312,-0.650869,-0.481160,0.054754,-0.087140,0.654325,0.661433,0.002560,0.637412,0.395228,-0.240080,0.493814,0.629118,0.577355,-0.107312,0.650869,0.481160,0.054754,-0.087141,0.654322,0.661433,0.002560,0.637413,0.395228,-0.240080,0.493814,0.629115,0.259195,0.204577,0.161121,-0.681603,3,True,True,0.047854,-0.033650,0.093259,0.014563,0.003608,0.079641,0.014563,0.003608,0.079641,True,0.064563,0.003733,0.073967,0.064563,0.003733,0.073967,-2.900295,-2.977229,-0.068962,3.039465,2.882562,2.746322,-0.682326,2.639023,-0.046977,-0.066263,0.063227,-0.048126,-0.048498,-0.050610,0.023753,-0.037428,-377.469452,-151.107010,-270.990662,-73.404160,True,velocity,0.259195,0.246872,0.024791,-0.002924,0.014150,False
8.45218051000029,-0.544349,1.536511,-0.851830,1.667872,-0.957057,-0.587256,-0.158788,-0.242269,1.279239,2.724173,1.890517,-0.360757,-0.682059,-0.290231,-0.575958,0.111095,-0.649969,-0.483188,0.054583,-0.091027,0.654523,0.661169,-0.001106,0.635976,0.397981,-0.243319,0.490735,0.628884,0.575957,-0.111095,0.649969,0.483188,0.054583,-0.091027,0.654520,0.661169,-0.001106,0.635976,0.397981,-0.243319,0.490736,0.628881,0.259135,0.203231,0.159732,-0.678728,3,True,True,0.013912,-0.061760,0.099881,0.063202,0.003654,0.085594,0.063202,0.003654,0.085594,True,0.014563,0.003608,0.079641,0.024674,0.003608,0.079641,-2.265454,-2.805167,-0.159531,2.637076,3.017284,2.813826,-0.523014,2.712129,-0.009392,-0.031876,0.036005,-0.012699,-0.041896,-0.042742,0.017264,-0.036194,-377.500427,-151.120392,-270.983948,-73.420479,True,velocity,0.259135,0.246969,0.024405,-0.001464,0.015227,False
8.48629583500042,-0.545259,1.534289,-0.856567,1.667735,-0.958274,-0.585865,-0.162087,-0.241088,1.277204,2.722411,1.888571,-0.358654,-0.678103,-0.290658,-0.574717,0.114389,-0.649137,-0.485012,0.054527,-0.094483,0.654720,0.660636,-0.004424,0.635217,0.400049,-0.246179,0.488131,0.628718,0.574717,-0.114389,0.649137,0.485012,0.054526,-0.094483,0.654718,0.660636,-0.004424,0.635218,0.400050,-0.246179,0.488131,0.628716,0.258986,0.202090,0.158561,-0.676294,3,True,True,0.016679,-0.045523,0.087281,0.047749,0.008398,0.086090,0.047749,0.008398,0.086090,True,0.063202,0.003654,0.085594,0.041187,0.003654,0.085594,-2.653584,-2.893157,-0.121947,2.890550,3.115439,2.998065,-0.455663,2.724460,-0.026258,-0.053143,0.053057,-0.027120,-0.026318,-0.042742,0.010402,-0.031443,-377.505707,-151.120392,-270.983826,-73.420204,True,velocity,0.258986,0.247256,0.023408,0.001049,0.001279,False
8.520310513000368,-0.546159,1.532119,-0.861231,1.667576,-0.959437,-0.584349,-0.165434,-0.240022,1.274956,2.720998,1.886680,-0.356653,-0.674894,-0.290933,-0.573465,0.117762,-0.648247,-0.486873,0.054527,-0.097902,0.654939,0.659946,-0.007295,0.634688,0.401982,-0.249026,0.485587,0.628697,0.573465,-0.117762,0.648247,0.486873,0.054526,-0.097902,0.654937,0.659946,-0.007295,0.634688,0.401982,-0.249026,0.485587,0.628695,0.258866,0.200967,0.157413,-0.673719,3,True,True,0.006447,-0.037528,0.078457,0.000000,0.000000,0.083845,0.000000,0.000000,0.083845,True,0.047749,0.008398,0.086090,0.047749,0.008398,0.086090,-2.621959,-2.846782,-0.034426,3.076802,-3.106159,3.138867,-0.424832,2.693852,-0.033197,-0.062333,0.057725,-0.030780,-0.026198,-0.039635,0.003596,-0.017606,-377.524414,-151.126251,-270.977692,-73.425224,True,velocity,0.258866,0.247453,0.022713,0.002256,0.002715,False
8.56129859900011,-0.547132,1.529833,-0.866176,1.667291,-0.960175,-0.583298,-0.168209,-0.238880,1.272377,2.719466,1.884820,-0.354797,-0.671719,-0.291710,-0.571845,0.121240,-0.647534,-0.488870,0.054651,-0.101491,0.655237,0.659162,-0.010315,0.634183,0.403993,-0.252060,0.482846,0.628827,0.571845,-0.121240,0.647534,0.488870,0.054651,-0.101491,0.655235,0.659162,-0.010315,0.634183,0.403993,-0.252060,0.482846,0.628825,0.258802,0.199832,0.156263,-0.670790,3,True,True,-0.027617,-0.072039,0.082469,0.047906,0.014318,0.083440,0.047906,0.014318,0.083440,True,0.000000,0.000000,0.083845,0.000000,0.000000,0.083845,2.517182,-2.517182,-0.624410,-2.517182,-3.008384,-3.052825,-0.302149,2.761083,0.012763,-0.015108,0.016664,0.009420,-0.026106,-0.033220,0.014043,-0.014581,-377.557068,-151.194473,-270.956329,-73.456474,True,velocity,0.258802,0.247666,0.022115,0.003132,0.008953,False
8.58977337899978,-0.548002,1.527524,-0.871009,1.666799,-0.961721,-0.582124,-0.171411,-0.237544,1.269524,2.717461,1.882813,-0.352253,-0.668711,-0.291996,-0.570584,0.124524,-0.646511,-0.490868,0.054864,-0.105086,0.655594,0.658116,-0.013494,0.633853,0.406118,-0.255009,0.480012,0.629131,0.570584,-0.124524,0.646511,0.490868,0.054864,-0.105087,0.655592,0.658116,-0.013494,0.633853,0.406118,-0.255009,0.480012,0.629130,0.258890,0.198829,0.155066,-0.668043,3,True,True,-0.038992,-0.061564,0.081440,0.071772,0.012622,0.082852,0.071772,0.012622,0.082852,True,0.047906,0.014318,0.083440,0.025481,0.014318,0.083440,-2.002214,-2.587575,0.102907,-2.793712,-2.984003,-3.015838,-0.327085,2.761083,-0.015559,-0.042431,0.036642,-0.008967,-0.028226,-0.033912,0.013375,-0.015093,-377.551483,-151.198242,-270.959961,-73.441124,True,velocity,0.258890,0.247878,0.021822,0.004049,0.024728,False
8.616952925000078,-0.548484,1.525815,-0.874221,1.666404,-0.962631,-0.580854,-0.173502,-0.236725,1.267073,2.715770,1.881591,-0.350953,-0.665538,-0.292419,-0.569666,0.127073,-0.645602,-0.492474,0.055060,-0.107944,0.655847,0.657319,-0.015872,0.633223,0.408300,-0.257288,0.477486,0.629584,0.569666,-0.127073,0.645603,0.492474,0.055058,-0.107944,0.654899,0.657318,-0.015872,0.633223,0.408300,-0.257286,0.477487,0.628636,0.258094,0.198087,0.153910,-0.665837,2,True,True,-0.026538,-0.032185,0.064772,0.041645,0.002408,0.077534,0.041645,0.002408,0.077534,True,0.071772,0.012622,0.082852,0.071772,0.012622,0.082852,-2.765623,-2.882332,0.028796,-3.098749,-2.977852,-2.960683,-0.327085,2.774063,-0.060627,-0.088553,0.080510,-0.052642,-0.019270,-0.031539,0.009483,-0.010272,-377.560822,-151.216660,-270.961090,-73.451729,True,velocity,0.258094,0.248094,0.019756,0.004886,0.020282,False
8.651386989999992,-0.548803,1.524120,-0.877545,1.665663,-0.962386,-0.579708,-0.175027,-0.235805,1.264794,2.713598,1.881016,-0.349684,-0.661333,-0.293338,-0.568423,0.130096,-0.644742,-0.494245,0.055287,-0.111043,0.656068,0.656386,-0.018897,0.632376,0.410976,-0.259719,0.474418,0.630178,0.568422,-0.130096,0.644743,0.494245,0.055286,-0.111043,0.655415,0.656385,-0.018897,0.632376,0.410976,-0.259718,0.474420,0.629523,0.258628,0.197289,0.152620,-0.663239,2,True,True,-0.026567,-0.036694,0.065174,0.045268,0.001755,0.073899,0.045268,0.001755,0.073899,True,0.041645,0.002408,0.077534,0.041645,0.002408,0.077534,-2.752511,-2.929911,-0.127284,2.902128,-2.922680,-2.924315,-0.234705,2.914475,-0.030865,-0.056640,0.047808,-0.029893,-0.023278,-0.028798,0.010510,-0.021224,-377.600311,-151.253494,-270.932465,-73.500694,True,velocity,0.258628,0.248628,0.019620,0.007603,0.006800,False
8.683832063999944,-0.548690,1.522590,-0.880296,1.664731,-0.962366,-0.578339,-0.176740,-0.234885,1.262905,2.711147,1.880237,-0.349096,-0.656723,-0.294105,-0.567631,0.132954,-0.643560,-0.495932,0.055460,-0.113892,0.656232,0.655729,-0.021845,0.631121,0.413798,-0.262017,0.471381,0.630759,0.567631,-0.132954,0.643561,0.495932,0.055459,-0.113893,0.655469,0.655728,-0.021845,0.631122,0.413798,-0.262016,0.471382,0.629995,0.258928,0.196540,0.151342,-0.660850,2,True,True,-0.022489,-0.038345,0.062952,0.044063,0.005874,0.070679,0.044063,0.005874,0.070679,True,0.045268,0.001755,0.073899,0.045268,0.001755,0.073899,-2.822426,-2.956836,-0.125521,2.922063,-2.898029,-2.887393,-0.228924,2.920822,-0.034329,-0.058690,0.057978,-0.033509,-0.026093,-0.042770,0.027675,-0.029194,-377.617035,-151.294220,-270.889923,-73.519249,True,velocity,0.258928,0.248928,0.019600,0.008002,0.007309,False
8.717897131000427,-0.548208,1.521053,-0.882788,1.663756,-0.962045,-0.576827,-0.178219,-0.233793,1.261220,2.708196,1.879353,-0.348691,-0.651527,-0.295274,-0.566884,0.135904,-0.642227,-0.497711,0.055644,-0.116655,0.656325,0.655204,-0.025288,0.629569,0.416787,-0.264449,0.468136,0.631296,0.566884,-0.135904,0.642228,0.497711,0.055643,-0.116656,0.655443,0.655203,-0.025288,0.629569,0.416788,-0.264448,0.468138,0.630412,0.259309,0.195747,0.150077,-0.658314,2,True,True,-0.023779,-0.037947,0.068348,0.044554,0.004507,0.069994,0.044554,0.004507,0.069994,True,0.044063,0.005874,0.070679,0.044063,0.005874,0.070679,-2.715869,-2.888032,-0.049611,3.054927,-2.886113,-2.905560,-0.228924,2.914475,-0.034680,-0.057922,0.055247,-0.031851,-0.035895,-0.047063,0.038974,-0.040169,-377.624176,-151.300644,-270.882538,-73.521202,True,velocity,0.259309,0.249309,0.019559,0.008823,0.008902,False
8.750893831999747,-0.547636,1.520033,-0.884296,1.663285,-0.961863,-0.575705,-0.179684,-0.232714,1.259682,2.705924,1.878453,-0.348897,-0.647191,-0.296536,-0.566541,0.138008,-0.641218,-0.498823,0.055786,-0.118627,0.656332,0.654935,-0.027873,0.628217,0.419078,-0.266341,0.465604,0.631709,0.566540,-0.138008,0.641219,0.498823,0.055785,-0.118628,0.655516,0.654934,-0.027873,0.628218,0.419078,-0.266340,0.465606,0.630891,0.259725,0.195167,0.149031,-0.656459,2,True,True,-0.017407,-0.031397,0.054008,0.000000,0.000000,0.065292,0.000000,0.000000,0.065292,True,0.044554,0.004507,0.069994,0.044554,0.004507,0.069994,-2.760594,-2.913901,-0.071929,3.017668,-2.855042,-2.905560,-0.210297,2.939187,-0.035021,-0.057947,0.056059,-0.032806,-0.022010,-0.036716,0.035881,-0.028752,-377.631409,-151.315842,-270.872620,-73.520088,True,velocity,0.259725,0.249725,0.019512,0.009751,0.010388,False
8.789727096000206,-0.546330,1.519008,-0.885511,1.662182,-0.961551,-0.574964,-0.180929,-0.231208,1.258357,2.702660,1.877335,-0.349741,-0.641498,-0.298722,-0.566406,0.140265,-0.639821,-0.500139,0.056068,-0.120883,0.656228,0.654889,-0.031455,0.626223,0.421872,-0.268521,0.462237,0.632228,0.566405,-0.140265,0.639822,0.500139,0.056068,-0.120883,0.656227,0.654889,-0.031455,0.626223,0.421872,-0.268521,0.462238,0.632226,0.261201,0.194605,0.147704,-0.654057,3,True,True,-0.034247,-0.071194,0.060790,0.048925,0.010312,0.063968,0.048925,0.010312,0.063968,True,0.000000,0.000000,0.065292,0.000683,0.000000,0.065292,2.486796,-2.545206,-0.596387,-2.486796,-2.842851,-2.905560,-0.314766,2.933404,0.007602,-0.013326,0.013679,0.008539,-0.018567,-0.027132,0.026165,-0.014529,-377.657776,-151.347519,-270.838318,-73.555664,True,velocity,0.261201,0.250697,0.020305,0.014041,0.000869,False
8.824867248999908,-0.544654,1.517631,-0.886593,1.661380,-0.960419,-0.574265,-0.181547,-0.229757,1.256661,2.698842,1.876225,-0.351136,-0.635124,-0.301405,-0.566074,0.142728,-0.638531,-0.501465,0.056352,-0.123201,0.655954,0.654899,-0.035196,0.623825,0.425101,-0.270949,0.458616,0.632753,0.566074,-0.142728,0.638532,0.501464,0.056352,-0.123201,0.655953,0.654899,-0.035196,0.623825,0.425101,-0.270949,0.458617,0.632751,0.261810,0.193910,0.146297,-0.651594,3,True,True,-0.033443,-0.068337,0.070702,0.074582,0.015028,0.065948,0.074582,0.015028,0.065948,True,0.048925,0.010312,0.063968,0.044131,0.010312,0.063968,-2.642069,-2.822915,0.044974,-3.067294,-2.873648,-2.905592,-0.253733,2.945154,-0.036874,-0.057724,0.052623,-0.032134,-0.015345,-0.024851,0.024795,-0.016070,-377.649963,-151.350021,-270.833832,-73.544785,True,velocity,0.261810,0.251253,0.020389,0.014489,0.003721,False
8.857666026000516,-0.542878,1.516414,-0.887197,1.661032,-0.958956,-0.573273,-0.182176,-0.228376,1.254930,2.695708,1.875373,-0.352540,-0.629726,-0.304048,-0.565919,0.144977,-0.637379,-0.502460,0.056531,-0.125157,0.655532,0.654911,-0.038191,0.621854,0.427703,-0.273024,0.455477,0.633232,0.565919,-0.144977,0.637379,0.502460,0.056530,-0.125157,0.655531,0.654911,-0.038191,0.621855,0.427704,-0.273024,0.455478,0.633231,0.262233,0.193269,0.144939,-0.649706,3,True,True,-0.019212,-0.040743,0.061386,0.044045,0.009440,0.064606,0.044045,0.009440,0.064606,True,0.074582,0.015028,0.065948,0.074582,0.015028,0.065948,-2.791946,-2.878504,0.080827,-3.032364,-2.837077,-2.850448,-0.155057,3.012385,-0.067384,-0.088816,0.082296,-0.061671,-0.015547,-0.027099,0.021848,-0.016231,-377.668671,-151.378906,-270.827301,-73.573105,True,velocity,0.262233,0.251800,0.020116,0.015021,0.004545,False
8.883982057999674,-0.540681,1.514576,-0.887906,1.660358,-0.957597,-0.572688,-0.182952,-0.227033,1.252819,2.691724,1.874262,-0.353132,-0.624004,-0.306877,-0.565877,0.147635,-0.635947,-0.503547,0.056706,-0.127601,0.654909,0.654709,-0.041995,0.619731,0.430727,-0.275637,0.451678,0.633771,0.565876,-0.147635,0.635947,0.503547,0.056705,-0.127602,0.654530,0.654709,-0.041994,0.619732,0.430727,-0.275635,0.451682,0.633388,0.262381,0.192383,0.143318,-0.647368,2,True,True,-0.026595,-0.048639,0.066920,0.054818,0.008242,0.065287,0.054818,0.008242,0.065287,True,0.044045,0.009440,0.064606,0.044977,0.009440,0.064606,-2.669573,-2.840880,0.027257,-3.096742,-2.824525,-2.819349,-0.124734,3.025338,-0.037710,-0.058576,0.055336,-0.033588,-0.015627,-0.031445,0.019822,-0.020731,-377.690582,-151.420197,-270.806488,-73.594307,True,velocity,0.262381,0.252381,0.019174,0.016510,0.015423,False
8.918124642000294,-0.538110,1.512133,-0.889364,1.659090,-0.956323,-0.571853,-0.184280,-0.225343,1.250375,2.686913,1.872796,-0.353651,-0.617117,-0.309255,-0.565973,0.150965,-0.633959,-0.504956,0.056857,-0.130544,0.654103,0.654363,-0.046225,0.617184,0.434461,-0.278595,0.447515,0.634387,0.565972,-0.150965,0.633959,0.504956,0.056855,-0.130545,0.653650,0.654362,-0.046225,0.617185,0.434461,-0.278593,0.447519,0.633931,0.262944,0.191347,0.141582,-0.645018,2,True,True,-0.031075,-0.052065,0.072134,0.060272,0.006615,0.067301,0.060272,0.006615,0.067301,True,0.054818,0.008242,0.065287,0.054818,0.008242,0.065287,-2.785943,-2.900042,0.003704,-3.136008,-2.806280,-2.819349,-0.094036,3.061887,-0.046629,-0.067667,0.065603,-0.043561,-0.027709,-0.046128,0.030629,-0.031548,-377.719177,-151.459122,-270.758087,-73.623329,True,velocity,0.262944,0.252944,0.019176,0.016487,0.017617,False
8.951897488000213,-0.535987,1.509844,-0.891236,1.657942,-0.955567,-0.570365,-0.186412,-0.223294,1.248155,2.682761,1.870952,-0.353867,-0.612023,-0.311141,-0.566129,0.154332,-0.631868,-0.506381,0.056914,-0.133384,0.653397,0.653983,-0.049821,0.615348,0.437231,-0.281372,0.443853,0.634818,0.566128,-0.154332,0.631869,0.506381,0.056912,-0.133386,0.652992,0.653982,-0.049821,0.615349,0.437231,-0.281370,0.443856,0.634410,0.263497,0.190329,0.140007,-0.643006,2,True,True,-0.030532,-0.047271,0.065203,0.056129,0.004031,0.066684,0.056129,0.004031,0.066684,True,0.060272,0.006615,0.067301,0.060272,0.006615,0.067301,-2.846192,-2.937278,-0.022717,3.108237,-2.805921,-2.825795,-0.081694,3.067761,-0.050987,-0.072733,0.071607,-0.048818,-0.034711,-0.056347,0.044125,-0.040871,-377.730469,-151.475723,-270.735352,-73.633507,True,velocity,0.263497,0.253497,0.019176,0.016475,0.019333,False
8.9889347240005,-0.533205,1.506798,-0.893757,1.656001,-0.954805,-0.568137,-0.189420,-0.221044,1.245957,2.677006,1.868042,-0.354105,-0.605926,-0.313151,-0.566467,0.158917,-0.628804,-0.508396,0.056907,-0.137216,0.652526,0.653741,-0.054583,0.612672,0.440768,-0.284999,0.439014,0.635161,0.566466,-0.158917,0.628804,0.508396,0.056905,-0.137217,0.651819,0.653740,-0.054583,0.612673,0.440768,-0.284996,0.439018,0.634453,0.264022,0.188924,0.137925,-0.640325,2,True,True,-0.042153,-0.062458,0.078952,0.075260,0.003712,0.070292,0.075260,0.003712,0.070292,True,0.056129,0.004031,0.066684,0.056129,0.004031,0.066684,-2.875688,-2.962699,-0.061258,3.049474,-2.806280,-2.831674,-0.075409,3.068308,-0.046313,-0.067972,0.067586,-0.044976,-0.033001,-0.052121,0.050829,-0.032542,-377.746643,-151.517014,-270.691833,-73.653183,True,velocity,0.264022,0.254563,0.017926,0.019838,0.007237,False
9.0202091379997,-0.529721,1.503453,-0.897500,1.653481,-0.953517,-0.565646,-0.192792,-0.218113,1.243678,2.669320,1.864269,-0.355405,-0.596511,-0.314978,-0.566714,0.164213,-0.625168,-0.510915,0.056864,-0.141736,0.651610,0.653750,-0.060405,0.608432,0.445839,-0.289148,0.433306,0.635454,0.566714,-0.164213,0.625168,0.510915,0.056863,-0.141737,0.651608,0.653750,-0.060405,0.608432,0.445839,-0.289148,0.433307,0.635452,0.265815,0.187332,0.135540,-0.637667,3,True,True,-0.047773,-0.071559,0.088405,0.085924,0.004469,0.075619,0.085924,0.004469,0.075619,True,0.075260,0.003712,0.070292,0.075260,0.003712,0.070292,-2.949361,-3.001225,-0.056118,3.064363,-2.818110,-2.832243,-0.210297,3.037086,-0.063944,-0.086813,0.086311,-0.063476,-0.029614,-0.048090,0.051201,-0.029580,-377.782379,-151.554123,-270.652496,-73.690567,True,velocity,0.265815,0.255097,0.020479,0.019143,0.006885,False
9.055247459000384,-0.526845,1.499956,-0.901690,1.651216,-0.952169,-0.563020,-0.195770,-0.214762,1.241174,2.661038,1.860680,-0.355805,-0.587858,-0.317096,-0.566557,0.169434,-0.621814,-0.513472,0.056775,-0.146393,0.650819,0.653411,-0.066529,0.604653,0.450580,-0.293309,0.427510,0.635656,0.566557,-0.169434,0.621814,0.513472,0.056774,-0.146393,0.650818,0.653411,-0.066529,0.604653,0.450580,-0.293309,0.427510,0.635654,0.266729,0.185694,0.133164,-0.635278,3,True,True,-0.049128,-0.071275,0.084428,0.086514,0.002994,0.078210,0.086514,0.002994,0.078210,True,0.085924,0.004469,0.075619,0.085924,0.004469,0.075619,-2.955822,-3.003457,-0.048499,3.076071,-2.843130,-2.856287,-0.081832,3.067867,-0.073876,-0.098651,0.098840,-0.073223,-0.038330,-0.060741,0.065395,-0.041512,-377.817535,-151.621094,-270.582306,-73.731583,True,velocity,0.266729,0.255600,0.021362,0.017901,0.010750,False
9.087004128999979,-0.524148,1.496255,-0.906226,1.648411,-0.952004,-0.560082,-0.199834,-0.211273,1.238416,2.652313,1.856710,-0.356119,-0.579696,-0.318522,-0.566773,0.174811,-0.617901,-0.516146,0.056672,-0.151486,0.650026,0.652821,-0.072449,0.600905,0.455509,-0.297585,0.421383,0.635917,0.566773,-0.174811,0.617902,0.516146,0.056672,-0.151487,0.650024,0.652821,-0.072449,0.600905,0.455509,-0.297585,0.421384,0.635915,0.267717,0.184019,0.130573,-0.632883,3,True,True,-0.050254,-0.077710,0.078091,0.092369,0.005682,0.078175,0.092369,0.005682,0.078175,True,0.086514,0.002994,0.078210,0.086514,0.002994,0.078210,-2.971502,-3.016261,-0.065893,3.051880,-2.867232,-2.881518,-0.075548,3.068414,-0.073887,-0.099687,0.100022,-0.073504,-0.050425,-0.077713,0.082173,-0.049468,-377.858826,-151.684433,-270.518280,-73.760880,True,velocity,0.267717,0.256141,0.022267,0.017693,0.010570,False
9.120914899999661,-0.521449,1.492084,-0.911868,1.645297,-0.951051,-0.557061,-0.203353,-0.207253,1.234983,2.642511,1.852595,-0.356211,-0.570859,-0.320898,-0.566348,0.180839,-0.613875,-0.519331,0.056608,-0.157338,0.649224,0.651995,-0.079160,0.596905,0.460804,-0.302397,0.414484,0.636286,0.566348,-0.180839,0.613875,0.519331,0.056607,-0.157338,0.649222,0.651995,-0.079160,0.596905,0.460804,-0.302397,0.414485,0.636283,0.268719,0.182106,0.127705,-0.630170,3,True,True,-0.057403,-0.086044,0.081294,0.103331,0.004607,0.079092,0.103331,0.004607,0.079092,True,0.092369,0.005682,0.078175,0.092369,0.005682,0.078175,-2.950981,-2.998170,-0.036840,3.092388,-2.885745,-2.893232,-0.075409,3.067972,-0.080333,-0.106101,0.105652,-0.079151,-0.061669,-0.096034,0.098962,-0.058096,-377.909607,-151.765350,-270.435974,-73.808174,True,velocity,0.268719,0.256678,0.023219,0.017238,0.027943,False
9.154543802000262,-0.519030,1.487586,-0.918523,1.642156,-0.950042,-0.553765,-0.206701,-0.202758,1.230900,2.632413,1.848273,-0.356092,-0.562818,-0.323670,-0.565466,0.187109,-0.609791,-0.522870,0.056599,-0.163701,0.648532,0.650940,-0.085767,0.593245,0.465813,-0.307386,0.407380,0.636779,0.565466,-0.187109,0.609792,0.522870,0.056598,-0.163701,0.648529,0.650939,-0.085767,0.593246,0.465813,-0.307386,0.407381,0.636776,0.269673,0.180106,0.124687,-0.627558,3,True,True,-0.059981,-0.090541,0.080570,0.108496,0.004901,0.079527,0.108496,0.004901,0.079527,True,0.103331,0.004607,0.079092,0.103331,0.004607,0.079092,-2.983869,-3.019779,-0.043490,3.085116,-2.904075,-2.923727,-0.075270,3.067761,-0.090726,-0.117039,0.116829,-0.090016,-0.065431,-0.103340,0.104928,-0.063901,-377.951172,-151.829941,-270.371643,-73.849472,True,velocity,0.269673,0.257256,0.023973,0.017213,0.029926,False
9.187324448999789,-0.517189,1.482782,-0.926273,1.638271,-0.950271,-0.549776,-0.211266,-0.197929,1.226221,2.622027,1.843376,-0.355730,-0.555669,-0.325360,-0.564678,0.193768,-0.605046,-0.526795,0.056468,-0.170714,0.647909,0.649480,-0.091875,0.589873,0.470940,-0.312664,0.400107,0.637364,0.564677,-0.193768,0.605046,0.526795,0.056467,-0.170714,0.647906,0.649479,-0.091875,0.589874,0.470941,-0.312664,0.400108,0.637360,0.270621,0.177926,0.121530,-0.625027,3,True,True,-0.065399,-0.094719,0.076977,0.115072,0.002681,0.078777,0.115072,0.002681,0.078777,True,0.108496,0.004901,0.079527,0.108496,0.004901,0.079527,-2.988618,-3.022151,-0.039652,3.090669,-2.916635,-2.930215,-0.075409,3.067761,-0.095805,-0.122372,0.122033,-0.095075,-0.071636,-0.108304,0.109558,-0.070787,-378.023865,-151.903885,-270.295349,-73.919785,True,velocity,0.270621,0.257809,0.024767,0.017141,0.030296,False
9.220793888999651,-0.515913,1.478610,-0.933873,1.634500,-0.951172,-0.546078,-0.215367,-0.193384,1.221720,2.612755,1.838575,-0.355627,-0.549775,-0.326916,-0.563773,0.199498,-0.600646,-0.530647,0.056280,-0.177344,0.647496,0.648183,-0.097049,0.586929,0.475347,-0.317541,0.393490,0.637909,0.563772,-0.199498,0.600646,0.530647,0.056279,-0.177345,0.647493,0.648182,-0.097049,0.586929,0.475347,-0.317542,0.393492,0.637906,0.271453,0.175876,0.118564,-0.622792,3,True,True,-0.061512,-0.088982,0.065251,0.108152,0.002175,0.074799,0.108152,0.002175,0.074799,True,0.115072,0.002681,0.078777,0.115072,0.002681,0.078777,-3.020902,-3.045893,-0.054193,3.073164,-2.934869,-2.942543,-0.076052,3.074181,-0.101993,-0.128366,0.128622,-0.101918,-0.082863,-0.116820,0.117920,-0.081228,-378.085114,-151.987579,-270.211212,-73.980751,True,velocity,0.271453,0.259000,0.023819,0.021751,0.016230,False
9.255185230999814,-0.515370,1.474005,-0.942825,1.629398,-0.952374,-0.541906,-0.219811,-0.188428,1.216788,2.602344,1.833248,-0.355740,-0.542935,-0.328048,-0.562497,0.206007,-0.595646,-0.535130,0.055885,-0.185077,0.647202,0.646627,-0.102559,0.583417,0.480604,-0.323055,0.386053,0.638523,0.562497,-0.206007,0.595646,0.535130,0.055884,-0.185077,0.647198,0.646627,-0.102559,0.583417,0.480604,-0.323056,0.386055,0.638519,0.272390,0.173450,0.115251,-0.620291,3,True,True,-0.072784,-0.099386,0.065470,0.123181,-0.001186,0.072055,0.123181,-0.001186,0.072055,True,0.108152,0.002175,0.074799,0.108152,0.002175,0.074799,-3.023341,-3.048058,-0.057746,3.068508,-2.947164,-2.954870,-0.075409,3.073741,-0.095828,-0.120715,0.121050,-0.095690,-0.093028,-0.129454,0.133839,-0.089589,-378.142853,-152.094315,-270.096832,-74.035294,True,velocity,0.272390,0.259647,0.024429,0.021129,0.017941,False
9.292512003000411,-0.515333,1.469408,-0.952554,1.624031,-0.953863,-0.537486,-0.223659,-0.183129,1.211565,2.592078,1.827642,-0.356126,-0.536667,-0.329559,-0.560744,0.212299,-0.590627,-0.540051,0.055454,-0.193161,0.647042,0.645151,-0.107740,0.580086,0.485461,-0.328633,0.378658,0.639131,0.560743,-0.212299,0.590628,0.540051,0.055452,-0.193162,0.647039,0.645151,-0.107740,0.580086,0.485462,-0.328634,0.378660,0.639127,0.273234,0.170951,0.111861,-0.617978,3,True,True,-0.074946,-0.101703,0.062820,0.126320,-0.001895,0.069339,0.126320,-0.001895,0.069339,True,0.123181,-0.001186,0.072055,0.123181,-0.001186,0.072055,-3.072827,-3.085237,-0.073801,3.051573,-2.971813,-2.960710,-0.075409,3.074288,-0.110483,-0.134596,0.135800,-0.111354,-0.097401,-0.130229,0.135745,-0.094728,-378.212341,-152.184433,-270.001953,-74.108818,True,velocity,0.273234,0.260909,0.023427,0.024450,0.007774,False
9.327352065000014,-0.516070,1.464891,-0.962778,1.618538,-0.955692,-0.532998,-0.227161,-0.177488,1.206040,2.581633,1.822237,-0.355909,-0.531134,-0.331125,-0.558561,0.218337,-0.585780,-0.545161,0.055019,-0.201443,0.647111,0.643340,-0.112883,0.577217,0.490093,-0.334202,0.371209,0.639816,0.558561,-0.218337,0.585780,0.545161,0.055018,-0.201444,0.647107,0.643340,-0.112883,0.577218,0.490093,-0.334202,0.371211,0.639812,0.273972,0.168437,0.108472,-0.615764,3,True,True,-0.075429,-0.101670,0.059896,0.126568,-0.002600,0.066562,0.126568,-0.002600,0.066562,True,0.126320,-0.001895,0.069339,0.126320,-0.001895,0.069339,-3.084043,-3.093850,-0.075085,3.051129,-2.990041,-2.973063,-0.075548,3.074181,-0.114216,-0.137258,0.138498,-0.114972,-0.097708,-0.127043,0.134292,-0.093666,-378.276642,-152.262970,-269.914215,-74.163368,True,velocity,0.273972,0.261544,0.023715,0.022820,0.010379,False
9.360139286000049,-0.517559,1.460133,-0.974163,1.612541,-0.958102,-0.527848,-0.229945,-0.171494,1.200224,2.569869,1.816745,-0.356501,-0.524649,-0.331900,-0.555648,0.224350,-0.580704,-0.551094,0.054667,-0.210432,0.647510,0.641163,-0.117920,0.573732,0.495819,-0.339970,0.363115,0.640584,0.555648,-0.224350,0.580704,0.551094,0.054665,-0.210432,0.647507,0.641162,-0.117920,0.573733,0.495819,-0.339971,0.363117,0.640580,0.274758,0.165826,0.104911,-0.613487,3,True,True,-0.078347,-0.106841,0.061633,0.132469,-0.002277,0.065112,0.132469,-0.002277,0.065112,True,0.126568,-0.002600,0.066562,0.126568,-0.002600,0.066562,-3.093444,-3.101337,-0.077836,3.048554,-3.008384,-2.991853,-0.075409,3.074394,-0.114970,-0.137068,0.138302,-0.115715,-0.104333,-0.129284,0.136094,-0.098973,-378.376953,-152.351151,-269.824646,-74.257950,True,velocity,0.274758,0.262197,0.024017,0.022103,0.010205,False
9.39122464600041,-0.519357,1.455613,-0.985130,1.606765,-0.961248,-0.522725,-0.232932,-0.165460,1.194744,2.558702,1.811226,-0.356955,-0.519152,-0.332548,-0.552915,0.229753,-0.575747,-0.556789,0.054427,-0.219007,0.648032,0.639089,-0.122534,0.570661,0.500896,-0.345320,0.355522,0.641278,0.552914,-0.229753,0.575747,0.556789,0.054426,-0.219008,0.648027,0.639089,-0.122534,0.570661,0.500896,-0.345321,0.355524,0.641274,0.275489,0.163427,0.101553,-0.611499,3,True,True,-0.071944,-0.100732,0.056165,0.123783,-0.000846,0.062481,0.123783,-0.000846,0.062481,True,0.132469,-0.002277,0.065112,0.132469,-0.002277,0.065112,-3.094680,-3.101907,-0.071310,3.057336,-3.026731,-2.997692,-0.075548,3.073741,-0.121254,-0.142872,0.143903,-0.121816,-0.115647,-0.138126,0.143609,-0.107279,-378.450745,-152.463867,-269.736481,-74.325478,True,velocity,0.275489,0.262894,0.024083,0.022151,0.009170,False
9.420656717000384,-0.520945,1.450795,-0.996157,1.600464,-0.965077,-0.516589,-0.237488,-0.159152,1.189706,2.547314,1.805237,-0.356784,-0.515857,-0.332749,-0.550697,0.235688,-0.569805,-0.562589,0.054435,-0.227731,0.648532,0.636883,-0.127062,0.568287,0.505258,-0.350533,0.347832,0.642011,0.550697,-0.235688,0.569805,0.562589,0.054434,-0.227732,0.648528,0.636883,-0.127062,0.568287,0.505258,-0.350534,0.347834,0.642007,0.276460,0.161129,0.098184,-0.609420,3,True,True,-0.068937,-0.101058,0.056054,0.122322,0.001546,0.060590,0.122322,0.001546,0.060590,True,0.123783,-0.000846,0.062481,0.123783,-0.000846,0.062481,-3.081503,-3.090983,-0.063156,3.066622,-3.039181,-3.015901,-0.075548,3.074394,-0.113264,-0.134198,0.134663,-0.113476,-0.121773,-0.141619,0.149202,-0.113355,-378.517303,-152.520233,-269.653046,-74.388535,True,velocity,0.276460,0.263547,0.024716,0.022182,0.023995,False
9.454904838000402,-0.522136,1.445306,-1.008011,1.593498,-0.968545,-0.510200,-0.242818,-0.151994,1.184044,2.533920,1.799032,-0.356498,-0.512201,-0.333338,-0.548458,0.242458,-0.563132,-0.568587,0.054760,-0.237205,0.648952,0.634209,-0.132247,0.565606,0.510274,-0.356027,0.339084,0.643045,0.548457,-0.242458,0.563132,0.568587,0.054758,-0.237205,0.648948,0.634209,-0.132247,0.565606,0.510274,-0.356028,0.339086,0.643040,0.277656,0.158780,0.094470,-0.607194,3,True,True,-0.070498,-0.111417,0.062252,0.131713,0.005948,0.061079,0.131713,0.005948,0.061079,True,0.122322,0.001546,0.060590,0.122322,0.001546,0.060590,-3.061703,-3.074071,-0.044278,3.089185,-3.045339,-3.028187,-0.075409,3.074288,-0.112365,-0.132786,0.132688,-0.112163,-0.118415,-0.139708,0.146057,-0.113025,-378.578278,-152.622345,-269.543396,-74.449356,True,velocity,0.277656,0.264191,0.025864,0.021321,0.025777,False
9.48766754100052,-0.523258,1.439851,-1.019791,1.587721,-0.970064,-0.505389,-0.246847,-0.143996,1.177426,2.519530,1.794007,-0.355004,-0.507757,-0.335242,-0.545475,0.248973,-0.557777,-0.573894,0.055381,-0.246280,0.649111,0.630809,-0.138211,0.563205,0.515536,-0.361373,0.330058,0.644094,0.545475,-0.248973,0.557777,0.573894,0.055379,-0.246281,0.649107,0.630809,-0.138211,0.563206,0.515536,-0.361374,0.330059,0.644090,0.278282,0.156581,0.090873,-0.605105,3,True,True,-0.065958,-0.107911,0.063825,0.126255,0.007407,0.061887,0.126255,0.007407,0.061887,True,0.131713,0.005948,0.061079,0.131713,0.005948,0.061079,-3.031353,-3.047361,-0.010799,3.128945,-3.044955,-3.039884,-0.075409,3.080055,-0.122059,-0.142725,0.141808,-0.121158,-0.110566,-0.138428,0.141437,-0.107975,-378.669647,-152.650803,-269.457031,-74.537949,True,velocity,0.278282,0.264875,0.025754,0.021191,0.027415,False
9.521390091000285,-0.524272,1.433813,-1.032075,1.582462,-0.969421,-0.501666,-0.250808,-0.135102,1.170058,2.503701,1.789110,-0.352887,-0.502292,-0.337161,-0.541913,0.256331,-0.553049,-0.578586,0.056347,-0.255443,0.648942,0.626713,-0.144764,0.560562,0.521579,-0.366896,0.320481,0.645007,0.541912,-0.256331,0.553050,0.578586,0.056346,-0.255443,0.648939,0.626713,-0.144764,0.560563,0.521579,-0.366897,0.320483,0.645004,0.278495,0.154357,0.087310,-0.602908,3,True,True,-0.066726,-0.106903,0.067860,0.125878,0.005942,0.063644,0.125878,0.005942,0.063644,True,0.126255,0.007407,0.061887,0.126255,0.007407,0.061887,-3.012803,-3.032445,-0.001272,3.140090,-3.045339,-3.047003,-0.063707,3.080162,-0.116641,-0.137581,0.136461,-0.115528,-0.111521,-0.138428,0.141401,-0.108466,-378.743439,-152.650803,-269.372070,-74.584404,True,velocity,0.278495,0.266222,0.023250,0.025946,0.013060,False
9.554608086999906,-0.524580,1.428488,-1.042720,1.579447,-0.967539,-0.498769,-0.254633,-0.126615,1.163507,2.489285,1.784232,-0.350092,-0.498280,-0.339687,-0.538597,0.262991,-0.549476,-0.582087,0.057564,-0.262890,0.648582,0.623134,-0.151147,0.558482,0.526266,-0.371682,0.312118,0.645370,0.538596,-0.262991,0.549476,0.582087,0.057563,-0.262891,0.648581,0.623134,-0.151147,0.558483,0.526266,-0.371683,0.312119,0.645369,0.278310,0.152550,0.084400,-0.600932,3,True,True,-0.054216,-0.087311,0.063487,0.102659,0.004866,0.063598,0.102659,0.004866,0.063598,True,0.125878,0.005942,0.063644,0.125878,0.005942,0.063644,-3.022754,-3.041428,-0.013566,3.125476,-3.045597,-3.046354,-0.057424,3.086688,-0.115846,-0.137385,0.136579,-0.114987,-0.117027,-0.138428,0.143962,-0.021988,-378.813324,-152.650803,-269.285583,-73.604912,True,velocity,0.278310,0.266962,0.021443,0.025034,0.014265,False
9.586051166999823,-0.524136,1.420493,-1.055036,1.576259,-0.964139,-0.494308,-0.258710,-0.115919,1.157113,2.470660,1.777028,-0.346003,-0.492889,-0.342685,-0.534394,0.272160,-0.544586,-0.586326,0.059651,-0.271609,0.648047,0.619143,-0.160268,0.555092,0.531836,-0.377431,0.301824,0.645270,0.534393,-0.272160,0.544586,0.586326,0.059648,-0.271609,0.647368,0.619142,-0.160268,0.555092,0.531837,-0.377422,0.301835,0.644593,0.277697,0.150403,0.081242,-0.598232,2,True,True,-0.064405,-0.094732,0.080899,0.114551,0.000441,0.068686,0.114551,0.000441,0.068686,True,0.102659,0.004866,0.063598,0.102659,0.004866,0.063598,-3.004653,-3.030510,-0.025769,3.109761,-3.044955,-3.046372,-0.051284,3.092562,-0.092640,-0.114160,0.113472,-0.091881,-0.120148,-0.144918,0.144608,-0.117173,-378.880859,-152.935684,-269.175934,-74.743027,True,velocity,0.277697,0.267697,0.018768,0.024636,0.013807,False
9.623063922000256,-0.521882,1.412820,-1.067502,1.574462,-0.960737,-0.488434,-0.264421,-0.105719,1.151826,2.451906,1.768203,-0.342265,-0.488465,-0.345060,-0.530806,0.281343,-0.538818,-0.590565,0.062266,-0.279271,0.647617,0.615966,-0.169176,0.551133,0.536859,-0.382573,0.292348,0.644822,0.530805,-0.281343,0.538818,0.590565,0.062260,-0.279276,0.647151,0.615966,-0.169177,0.551133,0.536859,-0.382564,0.292356,0.644364,0.278391,0.148658,0.078598,-0.595895,2,True,True,-0.052346,-0.079302,0.082308,0.095010,0.001445,0.072693,0.095010,0.001445,0.072693,True,0.114551,0.000441,0.068686,0.114551,0.000441,0.068686,-3.055730,-3.071558,-0.063082,3.064243,-3.045339,-3.046372,-0.051284,3.092562,-0.103249,-0.126498,0.126471,-0.103142,-0.109880,-0.133316,0.131358,-0.108874,-378.946991,-153.075760,-269.091095,-74.814171,True,velocity,0.278391,0.269047,0.017295,0.027856,0.001608,False
9.656090178999875,-0.518311,1.403691,-1.082117,1.572660,-0.955964,-0.480877,-0.271109,-0.094104,1.146565,2.429962,1.756973,-0.337627,-0.482276,-0.347772,-0.526559,0.292432,-0.531496,-0.595592,0.065760,-0.287578,0.647146,0.612722,-0.180095,0.545518,0.542722,-0.388259,0.281734,0.644079,0.526558,-0.292433,0.531496,0.595593,0.065754,-0.287582,0.646473,0.612722,-0.180095,0.545518,0.542722,-0.388245,0.281744,0.643416,0.279047,0.146796,0.075998,-0.593135,2,True,True,-0.055869,-0.077998,0.092421,0.095912,-0.002433,0.078495,0.095912,-0.002433,0.078495,True,0.095010,0.001445,0.072693,0.095010,0.001445,0.072693,-3.017025,-3.045497,-0.069372,3.051576,-3.100385,-3.046372,-0.051001,3.092018,-0.083008,-0.107865,0.107609,-0.082920,-0.099576,-0.122347,0.124168,-0.096829,-378.992462,-153.140350,-269.021057,-74.883232,True,velocity,0.279047,0.269737,0.017316,0.026083,0.003387,False
9.689356693999798,-0.514088,1.394504,-1.097402,1.571996,-0.949960,-0.472789,-0.277761,-0.081967,1.141058,2.407700,1.745170,-0.332786,-0.475312,-0.350119,-0.521815,0.303797,-0.524157,-0.600563,0.069664,-0.295260,0.646576,0.609329,-0.190942,0.539479,0.548837,-0.393754,0.271525,0.643162,0.521814,-0.303797,0.524158,0.600563,0.069656,-0.295268,0.645959,0.609328,-0.190942,0.539479,0.548837,-0.393740,0.271534,0.642556,0.279737,0.145079,0.073852,-0.590593,2,True,True,-0.051511,-0.064386,0.090202,0.082184,-0.006685,0.081938,0.082184,-0.006685,0.081938,True,0.095912,-0.002433,0.078495,0.095912,-0.002433,0.078495,-3.054816,-3.075943,-0.109832,2.996695,-3.100385,-3.046354,-0.050500,3.086036,-0.082794,-0.109446,0.109725,-0.083109,-0.082675,-0.113652,0.114993,-0.088367,-379.057190,-153.205917,-268.956329,-74.927734,True,velocity,0.279737,0.270384,0.017485,0.024425,0.004982,False
9.723038262000046,-0.508765,1.383909,-1.114380,1.571386,-0.943044,-0.463888,-0.286128,-0.067799,1.134939,2.382593,1.731098,-0.326068,-0.466152,-0.351571,-0.516822,0.316793,-0.515463,-0.605669,0.074329,-0.303259,0.645747,0.605074,-0.203513,0.532180,0.556105,-0.399880,0.260328,0.642083,0.516820,-0.316794,0.515464,0.605670,0.074322,-0.303267,0.645644,0.605073,-0.203513,0.532180,0.556106,-0.399862,0.260339,0.641994,0.280981,0.143179,0.071879,-0.587697,2,True,True,-0.056982,-0.059209,0.095147,0.080914,-0.014337,0.085823,0.080914,-0.014337,0.085823,True,0.082184,-0.006685,0.081938,0.082184,-0.006685,0.081938,-3.092510,-3.106723,-0.172257,2.901331,-3.100385,-3.046372,-0.063345,3.074181,-0.068335,-0.096001,0.096980,-0.069226,-0.083964,-0.108035,0.111964,-0.086282,-379.111755,-153.281113,-268.879059,-74.982841,True,velocity,0.280981,0.270981,0.018857,0.022859,0.021741,False
9.755442558999675,-0.503589,1.374543,-1.130622,1.572835,-0.934796,-0.456440,-0.293122,-0.053648,1.128164,2.359927,1.717643,-0.320069,-0.457672,-0.353312,-0.511310,0.328616,-0.508588,-0.609845,0.078879,-0.309911,0.644950,0.601019,-0.214374,0.525686,0.562560,-0.405547,0.250477,0.641060,0.511309,-0.328617,0.508588,0.609846,0.078870,-0.309921,0.644937,0.601018,-0.214374,0.525686,0.562561,-0.405530,0.250486,0.641061,0.281156,0.141519,0.070361,-0.585210,2,True,True,-0.049798,-0.045529,0.083927,0.065505,-0.016179,0.085265,0.065505,-0.016179,0.085265,True,0.080914,-0.014337,0.085823,0.080914,-0.014337,0.085823,3.084003,3.101576,-0.254559,2.783099,-3.050987,-3.052228,-0.063345,3.061782,-0.065649,-0.094781,0.096885,-0.068094,-0.080896,-0.100883,0.101984,-0.076503,-379.148438,-153.329514,-268.826172,-75.023994,True,velocity,0.281156,0.271531,0.018184,0.021324,0.022734,False
9.786345696999888,-0.497340,1.362524,-1.150368,1.575207,-0.925451,-0.446583,-0.302149,-0.035630,1.120360,2.333458,1.701071,-0.309505,-0.448762,-0.353758,-0.504461,0.343074,-0.499745,-0.614878,0.084867,-0.317467,0.644065,0.595166,-0.228003,0.519090,0.569506,-0.412282,0.239006,0.639902,0.504459,-0.343076,0.499745,0.614878,0.084857,-0.317479,0.644050,0.595167,-0.228003,0.519090,0.569506,-0.412258,0.239017,0.639906,0.281151,0.139554,0.068982,-0.581989,2,True,True,-0.058970,-0.041382,0.095290,0.067462,-0.025276,0.088214,0.067462,-0.025276,0.088214,True,0.065505,-0.016179,0.085265,0.065505,-0.016179,0.085265,3.029651,3.070039,-0.321272,2.660547,-3.081914,-3.052228,-0.063345,3.092018,-0.050577,-0.079169,0.081525,-0.053372,-0.074935,-0.091384,0.097544,-0.067737,-379.173828,-153.372635,-268.772614,-75.052315,True,velocity,0.281151,0.272041,0.017209,0.020215,0.021397,False
9.819943340000464,-0.490651,1.352432,-1.168529,1.578963,-0.916901,-0.437650,-0.310841,-0.019509,1.113631,2.310449,1.685631,-0.299768,-0.442819,-0.354160,-0.498372,0.355456,-0.491878,-0.619139,0.090532,-0.323457,0.643496,0.590329,-0.239517,0.513769,0.574617,-0.417818,0.229401,0.638925,0.498370,-0.355457,0.491878,0.619140,0.090522,-0.323470,0.643482,0.590330,-0.239517,0.513768,0.574617,-0.417797,0.229409,0.638931,0.281240,0.138071,0.067935,-0.579515,2,True,True,-0.045102,-0.030509,0.081299,0.050284,-0.020895,0.086180,0.050284,-0.020895,0.086180,True,0.067462,-0.025276,0.088214,0.067462,-0.025276,0.088214,2.872492,2.967885,-0.412476,2.539152,-3.136704,-3.052228,-0.075409,2.915038,-0.052394,-0.080838,0.086895,-0.059229,-0.053101,-0.079024,0.088612,-0.052402,-379.198395,-153.407928,-268.729492,-75.069054,True,velocity,0.281240,0.273072,0.015194,0.022815,0.007771,False
9.853540909000003,-0.481341,1.339701,-1.189904,1.583144,-0.907278,-0.425342,-0.322374,-0.001448,1.107890,2.283772,1.667161,-0.288015,-0.436817,-0.354109,-0.491680,0.370706,-0.480621,-0.624365,0.098072,-0.330132,0.643178,0.585041,-0.253286,0.507145,0.579980,-0.423560,0.218275,0.637989,0.491678,-0.370708,0.480621,0.624365,0.098060,-0.330149,0.643160,0.585042,-0.253286,0.507144,0.579980,-0.423533,0.218285,0.637996,0.282318,0.136607,0.066972,-0.576327,2,True,True,-0.043929,-0.028877,0.090741,0.048215,-0.020951,0.087522,0.048215,-0.020951,0.087522,True,0.050284,-0.020895,0.086180,0.050284,-0.020895,0.086180,2.859226,2.983714,-0.451062,2.418439,3.091304,-3.052211,-0.216720,2.841287,-0.036007,-0.063752,0.066457,-0.042845,-0.039915,-0.066406,0.083543,-0.040742,-379.225739,-153.455215,-268.668945,-75.086914,True,velocity,0.282318,0.273544,0.016514,0.020654,0.009107,False
9.886941607999688,-0.469352,1.327075,-1.212217,1.588518,-0.898548,-0.411440,-0.335790,0.016071,1.103638,2.256026,1.648039,-0.277353,-0.430977,-0.353180,-0.485696,0.385674,-0.467564,-0.629872,0.106437,-0.336034,0.643282,0.580067,-0.266638,0.499507,0.585593,-0.428383,0.207186,0.637380,0.485694,-0.385676,0.467564,0.629873,0.106424,-0.336054,0.642896,0.580068,-0.266638,0.499506,0.585593,-0.428356,0.207196,0.637022,0.284037,0.135534,0.066226,-0.573453,2,True,True,-0.032182,-0.022398,0.089446,0.000000,0.000000,0.088088,0.000000,0.000000,0.088088,True,0.048215,-0.020951,0.087522,0.048215,-0.020951,0.087522,2.843851,2.980857,-0.465240,2.381780,3.035722,-3.046372,-0.265536,3.000537,-0.034230,-0.061835,0.069194,-0.037458,-0.034797,-0.058756,0.076476,-0.028527,-379.245117,-153.480331,-268.654846,-75.100166,True,velocity,0.284037,0.274037,0.019043,0.019138,0.010832,False
9.922077447000447,-0.458345,1.317469,-1.236528,1.594380,-0.887374,-0.400314,-0.347932,0.035627,1.097109,2.226063,1.628640,-0.266043,-0.423550,-0.355125,-0.478196,0.399539,-0.456439,-0.635107,0.115347,-0.341182,0.643619,0.574672,-0.280442,0.490946,0.591672,-0.432478,0.195846,0.636971,0.478196,-0.399540,0.456438,0.635107,0.115346,-0.341184,0.643616,0.574672,-0.280443,0.490946,0.591672,-0.432477,0.195847,0.636970,0.285777,0.135364,0.065892,-0.570601,3,True,True,-0.037291,-0.032398,0.086911,0.047285,-0.014295,0.087741,0.047285,-0.014295,0.087741,True,0.000000,0.000000,0.088088,0.001987,0.000000,0.088088,2.448315,-2.575011,-0.566582,-2.448315,3.004688,-3.102153,-0.314995,2.669637,0.014339,-0.017562,0.019438,0.007036,-0.033813,-0.049623,0.066120,-0.021895,-379.248871,-153.507538,-268.598358,-75.102402,True,velocity,0.285777,0.274519,0.021630,0.017730,0.013892,False
9.955563424000502,-0.444730,1.305879,-1.260702,1.601788,-0.877914,-0.389920,-0.358917,0.054006,1.093525,2.196658,1.612189,-0.254726,-0.413839,-0.357107,-0.470985,0.412775,-0.444953,-0.640161,0.124750,-0.346164,0.643966,0.568799,-0.294778,0.481518,0.598092,-0.435832,0.183988,0.636846,0.470985,-0.412776,0.444953,0.640162,0.124748,-0.346167,0.643961,0.568798,-0.294778,0.481518,0.598092,-0.435832,0.183989,0.636844,0.287686,0.134820,0.065211,-0.567880,3,True,True,-0.015940,-0.020888,0.080821,0.000000,0.000000,0.085706,0.000000,0.000000,0.085706,True,0.047285,-0.014295,0.087741,0.034426,-0.014295,0.087741,2.961748,3.069829,-0.469674,2.232616,2.974122,3.120044,-0.350965,2.663174,-0.019828,-0.049390,0.054944,-0.028849,-0.033813,-0.036971,0.045704,-0.010465,-379.248871,-153.513397,-268.598480,-75.092491,True,velocity,0.287686,0.274978,0.024579,0.016727,0.031035,False
9.989304640000228,-0.433139,1.295787,-1.283192,1.606765,-0.867856,-0.379734,-0.368358,0.072442,1.090548,2.167164,1.598071,-0.246464,-0.402744,-0.360183,-0.463732,0.425366,-0.433700,-0.644919,0.133801,-0.350538,0.644348,0.562697,-0.307711,0.471487,0.605299,-0.438020,0.172443,0.637183,0.463731,-0.425367,0.433700,0.644920,0.133799,-0.350541,0.644341,0.562696,-0.307711,0.471488,0.605299,-0.438021,0.172445,0.637180,0.289482,0.134776,0.064986,-0.565345,3,True,True,-0.017281,-0.027629,0.071145,0.000000,0.000000,0.081423,0.000000,0.000000,0.081423,True,0.000000,0.000000,0.085706,0.025636,0.000000,0.085706,-2.382480,-2.886167,-0.255426,2.382480,2.973891,3.138218,-0.406847,2.632495,-0.009158,-0.039678,0.041082,-0.014755,-0.033813,-0.029582,0.038469,-0.004242,-379.248871,-153.539627,-268.555237,-75.114395,True,velocity,0.289482,0.275953,0.026069,0.019783,0.000924,False
10.02255008100019,-0.421987,1.285786,-1.305919,1.611335,-0.858215,-0.369924,-0.377063,0.091704,1.088341,2.136872,1.585061,-0.238313,-0.391249,-0.363599,-0.456056,0.437490,-0.422509,-0.649694,0.143110,-0.354719,0.644861,0.555852,-0.320615,0.461292,0.612735,-0.439597,0.160525,0.637769,0.456055,-0.437490,0.422509,0.649694,0.143107,-0.354723,0.644854,0.555851,-0.320615,0.461292,0.612735,-0.439598,0.160527,0.637764,0.291198,0.134849,0.064906,-0.562752,3,True,True,-0.015093,-0.030020,0.067528,0.000000,0.000000,0.077336,0.000000,0.000000,0.077336,True,0.000000,0.000000,0.081423,0.000000,0.000000,0.081423,2.517182,-2.517182,-0.624410,-2.517182,2.986723,-3.114480,-0.406847,2.632495,0.015215,-0.014107,0.016659,0.007225,-0.015293,-0.144918,0.036011,-0.112510,-379.275391,-152.935684,-268.548126,-74.659317,True,velocity,0.291198,0.276437,0.028597,0.018504,0.018264,False
10.058699598999738,-0.410140,1.276588,-1.330660,1.615838,-0.848989,-0.359926,-0.386665,0.111648,1.086663,2.104566,1.572233,-0.230599,-0.379021,-0.367200,-0.448080,0.449202,-0.410485,-0.654938,0.152858,-0.358839,0.645545,0.548388,-0.333436,0.450106,0.620883,-0.440612,0.147930,0.638554,0.448080,-0.449202,0.410485,0.654938,0.152857,-0.358840,0.645543,0.548388,-0.333436,0.450106,0.620883,-0.440612,0.147930,0.638552,0.293086,0.134986,0.064841,-0.560183,4,True,True,-0.010966,-0.031977,0.067245,0.000000,0.000000,0.074368,0.000000,0.000000,0.074368,True,0.000000,0.000000,0.077336,0.000000,0.000000,0.077336,2.517182,-2.517182,-0.624410,-2.517182,2.943322,-3.114480,-0.442918,2.792338,0.014541,-0.013399,0.015845,0.009112,-0.009802,-0.023203,0.026524,-0.014197,-379.261993,-153.559708,-268.548279,-75.132812,True,velocity,0.293086,0.276984,0.031324,0.017606,0.022210,False
10.090976823000346,-0.399365,1.267279,-1.354136,1.620499,-0.841284,-0.350315,-0.395090,0.131840,1.085663,2.072961,1.560510,-0.224627,-0.367487,-0.370943,-0.440093,0.459798,-0.399334,-0.659876,0.162231,-0.362605,0.646257,0.540860,-0.344884,0.439417,0.628838,-0.441219,0.135608,0.639340,0.440093,-0.459798,0.399334,0.659876,0.162230,-0.362606,0.646254,0.540860,-0.344884,0.439418,0.628838,-0.441220,0.135609,0.639338,0.294536,0.135056,0.064824,-0.557877,4,True,True,-0.008856,-0.032481,0.062056,0.000000,0.000000,0.070747,0.000000,0.000000,0.070747,True,0.000000,0.000000,0.074368,0.000000,0.000000,0.074368,2.517182,-2.517182,-0.624410,-2.517182,2.869952,-3.114480,-0.124225,2.994108,0.014623,-0.012885,0.013674,0.010411,0.005046,-0.013026,0.017571,-0.020064,-379.247345,-153.559845,-268.549377,-75.157227,True,velocity,0.294536,0.277516,0.033174,0.017317,0.022920,False
10.124964464000186,-0.389536,1.258250,-1.377155,1.624434,-0.834537,-0.342232,-0.402825,0.152507,1.085167,2.041380,1.550071,-0.219008,-0.357504,-0.375837,-0.432180,0.469528,-0.388936,-0.664449,0.171451,-0.366383,0.646798,0.533184,-0.355756,0.429431,0.636193,-0.441322,0.123118,0.640202,0.432180,-0.469528,0.388936,0.664449,0.171450,-0.366384,0.646795,0.533184,-0.355756,0.429431,0.636193,-0.441324,0.123118,0.640199,0.295559,0.135159,0.064676,-0.555655,4,True,True,-0.005786,-0.036919,0.057974,0.000000,0.000000,0.066990,0.000000,0.000000,0.066990,True,0.000000,0.000000,0.070747,0.000000,0.000000,0.070747,2.517182,-2.517182,-0.624410,-2.517182,2.772429,-3.028168,-0.510903,-3.117525,0.014344,-0.012931,0.014729,0.012232,0.017577,-0.005988,0.017571,-0.025474,-379.242188,-153.559845,-268.549377,-75.182335,True,velocity,0.295559,0.278612,0.032840,0.021092,0.007255,False
10.158953641999688,-0.380206,1.248852,-1.401196,1.627256,-0.827992,-0.336084,-0.411409,0.174884,1.085106,2.007926,1.539569,-0.213803,-0.348692,-0.381543,-0.424340,0.479378,-0.378546,-0.668457,0.181001,-0.370503,0.647055,0.525064,-0.366372,0.419522,0.643491,-0.441080,0.109805,0.641049,0.424340,-0.479378,0.378546,0.668457,0.181001,-0.370505,0.647051,0.525064,-0.366372,0.419522,0.643491,-0.441082,0.109805,0.641045,0.296195,0.135220,0.064399,-0.553426,4,True,True,-0.003960,-0.045244,0.057846,0.044705,-0.008008,0.064301,0.044705,-0.008008,0.064301,True,0.000000,0.000000,0.066990,0.000000,0.000000,0.066990,2.517182,-2.517182,-0.624410,-2.517182,2.716814,-2.838692,-0.535219,-2.964017,0.013758,-0.013207,0.013973,0.012471,0.017621,-0.002589,0.017571,-0.037955,-379.229492,-153.559982,-268.549377,-75.203682,True,velocity,0.296195,0.279181,0.033030,0.019978,0.010751,False
10.192155194000406,-0.370205,1.240326,-1.424156,1.630730,-0.821869,-0.333791,-0.419457,0.193336,1.086527,1.978799,1.533169,-0.208885,-0.344758,-0.388617,-0.417597,0.488091,-0.369983,-0.671188,0.189516,-0.374461,0.646960,0.518206,-0.375638,0.412103,0.648483,-0.440458,0.097598,0.641775,0.417596,-0.488091,0.369983,0.671188,0.189516,-0.374463,0.646957,0.518206,-0.375638,0.412103,0.648483,-0.440460,0.097598,0.641773,0.296572,0.134763,0.063494,-0.551570,4,True,True,0.012714,-0.038620,0.049226,0.040583,-0.002475,0.059867,0.040583,-0.002475,0.059867,True,0.044705,-0.008008,0.064301,0.042086,-0.008008,0.064301,3.137378,3.139116,-0.291108,2.670079,2.674264,-2.715403,-0.547515,-2.871471,-0.027873,-0.048220,0.053627,-0.025786,0.015678,-0.002139,0.017571,-0.032318,-379.216370,-153.572678,-268.549377,-75.211914,True,velocity,0.296572,0.279803,0.032553,0.019690,0.011695,False
10.225300709000294,-0.359674,1.230932,-1.449824,1.633544,-0.815239,-0.332946,-0.428366,0.213638,1.089179,1.946532,1.526636,-0.202836,-0.343776,-0.396841,-0.410237,0.497604,-0.360771,-0.673751,0.198933,-0.379226,0.646712,0.510719,-0.385847,0.404992,0.652893,-0.439376,0.083665,0.642386,0.410237,-0.497604,0.360771,0.673751,0.198932,-0.379227,0.646710,0.510719,-0.385847,0.404992,0.652893,-0.439377,0.083665,0.642385,0.296766,0.134131,0.062114,-0.549463,4,True,True,0.017194,-0.046796,0.052588,0.049778,0.002761,0.057726,0.049778,0.002761,0.057726,True,0.040583,-0.002475,0.059867,0.040583,-0.002475,0.059867,-2.983147,-3.046172,-0.190890,2.829527,2.680039,-2.703075,-0.547515,-2.866249,-0.025060,-0.048020,0.048447,-0.026593,0.011112,-0.009001,0.102356,-0.025001,-379.235504,-153.585098,-271.205780,-75.221542,True,velocity,0.296766,0.280531,0.031457,0.020281,0.013009,False
10.256966103000195,-0.351259,1.221634,-1.472994,1.635037,-0.809670,-0.333945,-0.434716,0.232725,1.093027,1.916434,1.521747,-0.198700,-0.343793,-0.405870,-0.403133,0.505968,-0.353424,-0.675700,0.207398,-0.383984,0.646575,0.503994,-0.394955,0.398591,0.656602,-0.437873,0.070434,0.642886,0.403133,-0.505969,0.353424,0.675701,0.207396,-0.383988,0.646180,0.503994,-0.394955,0.398591,0.656602,-0.437876,0.070434,0.642493,0.296287,0.133403,0.060614,-0.547760,3,True,True,0.019076,-0.047939,0.045937,0.050836,0.008818,0.054259,0.050836,0.008818,0.054259,True,0.049778,0.002761,0.057726,0.049778,0.002761,0.057726,-2.900350,-2.978065,-0.072204,3.034157,2.857762,-2.801662,-0.455121,-2.958143,-0.035612,-0.059460,0.055420,-0.038508,-0.010197,-0.018856,0.102356,-0.017428,-379.272308,-153.608536,-271.205780,-75.231026,True,velocity,0.296287,0.281287,0.028944,0.021120,0.028862,False
10.290273562000039,-0.343642,1.212126,-1.499112,1.635040,-0.804679,-0.335132,-0.440823,0.253759,1.097688,1.882536,1.516242,-0.193494,-0.344795,-0.414910,-0.394711,0.514273,-0.345467,-0.678513,0.216852,-0.389703,0.646748,0.496093,-0.404822,0.391619,0.660791,-0.435598,0.055466,0.643432,0.394710,-0.514273,0.345466,0.678513,0.216851,-0.389706,0.646742,0.496093,-0.404823,0.391619,0.660791,-0.435600,0.055466,0.643427,0.296527,0.132777,0.058732,-0.545849,3,True,True,0.019315,-0.056435,0.049010,0.057191,0.016947,0.052715,0.057191,0.016947,0.052715,True,0.050836,0.008818,0.054259,0.050836,0.008818,0.054259,-2.785774,-2.889582,0.036133,-3.089466,2.907165,-2.825714,-0.431358,-2.958143,-0.036881,-0.061892,0.053650,-0.041310,-0.032689,-0.028456,-0.005727,-0.014101,-379.302734,-153.630295,-268.560974,-75.239258,True,velocity,0.296527,0.282019,0.027944,0.021421,0.029710,False
10.3239656679998,-0.338093,1.204133,-1.523214,1.632291,-0.803398,-0.335546,-0.446826,0.272040,1.102476,1.850957,1.512018,-0.189545,-0.345549,-0.421340,-0.387522,0.520267,-0.337342,-0.682165,0.225355,-0.395405,0.647008,0.488171,-0.412886,0.385032,0.665556,-0.432829,0.041749,0.644096,0.387521,-0.520267,0.337342,0.682165,0.225354,-0.395408,0.647002,0.488171,-0.412886,0.385031,0.665556,-0.432831,0.041750,0.644092,0.296577,0.132240,0.056888,-0.544323,3,True,True,0.018501,-0.054102,0.042069,0.052566,0.022498,0.049584,0.052566,0.022498,0.049584,True,0.057191,0.016947,0.052715,0.057191,0.016947,0.052715,-2.689792,-2.801538,0.157255,-2.927437,3.139817,-2.856249,-0.388220,-2.958143,-0.048188,-0.070107,0.057259,-0.049333,-0.044497,-0.038050,0.028474,-0.015542,-379.323090,-153.669785,-268.485077,-75.258507,True,velocity,0.296577,0.282850,0.026343,0.022206,0.031609,False
10.363754668000183,-0.333920,1.195186,-1.548284,1.627219,-0.801872,-0.334582,-0.451829,0.292522,1.108443,1.816900,1.506887,-0.184640,-0.345041,-0.426679,-0.379059,0.526629,-0.328179,-0.686495,0.234601,-0.401980,0.647268,0.478690,-0.421684,0.377663,0.671125,-0.429399,0.026627,0.644776,0.379058,-0.526629,0.328179,0.686495,0.234601,-0.401981,0.647264,0.478691,-0.421685,0.377663,0.671125,-0.429399,0.026628,0.644774,0.296430,0.131790,0.054783,-0.542625,3,True,True,0.013059,-0.060637,0.043425,0.053805,0.030860,0.047772,0.053805,0.030860,0.047772,True,0.052566,0.022498,0.049584,0.052566,0.022498,0.049584,-2.567071,-2.703511,0.263036,-2.785342,-3.002230,-2.862664,-0.143495,-2.896786,-0.047678,-0.066504,0.058019,-0.046392,-0.049272,-0.044078,0.028853,-0.023658,-379.366913,-153.700470,-268.458435,-75.288643,True,velocity,0.296430,0.284431,0.022637,0.027224,0.023333,False
10.389087927000219,-0.331005,1.185158,-1.570917,1.620922,-0.799303,-0.332422,-0.454971,0.314042,1.116104,1.784855,1.500999,-0.180894,-0.343986,-0.431915,-0.370292,0.533371,-0.319089,-0.690348,0.243761,-0.408609,0.647318,0.469432,-0.430254,0.370775,0.676048,-0.425641,0.011670,0.645385,0.370291,-0.533372,0.319088,0.690349,0.243757,-0.408612,0.646559,0.469433,-0.430254,0.370774,0.676048,-0.425632,0.011686,0.644632,0.295203,0.131558,0.052645,-0.541104,2,True,True,0.007529,-0.062790,0.041281,0.050835,0.037619,0.045863,0.050835,0.037619,0.045863,True,0.053805,0.030860,0.047772,0.053805,0.030860,0.047772,-2.464650,-2.606457,0.383808,-2.640736,-2.929095,-2.862664,-0.143495,-3.068454,-0.052399,-0.069641,0.057714,-0.047401,-0.049236,-0.049516,0.030473,-0.036492,-379.408478,-153.732697,-268.447266,-75.326866,True,velocity,0.295203,0.285203,0.018608,0.027843,0.016752,False
10.420930579000014,-0.328129,1.176014,-1.593250,1.614129,-0.794475,-0.329065,-0.459823,0.335500,1.123366,1.752793,1.493288,-0.175364,-0.344171,-0.437083,-0.361795,0.540787,-0.308756,-0.693775,0.253080,-0.414990,0.647111,0.460621,-0.438975,0.363741,0.680310,-0.421612,-0.003027,0.645785,0.361794,-0.540788,0.308756,0.693775,0.253077,-0.414994,0.647101,0.460623,-0.438975,0.363740,0.680309,-0.421600,-0.003009,0.645782,0.295439,0.131625,0.050521,-0.539553,2,True,True,0.003558,-0.063530,0.041955,0.052627,0.035765,0.044714,0.052627,0.035765,0.044714,True,0.050835,0.037619,0.045863,0.050835,0.037619,0.045863,-2.353890,-2.506183,0.499602,-2.502242,-2.929095,-2.862664,-0.424832,-2.921073,-0.051189,-0.068270,0.058965,-0.048306,-0.058142,-0.053951,0.032131,-0.048219,-379.445465,-153.766464,-268.427307,-75.357841,True,velocity,0.295439,0.285925,0.017701,0.026552,0.016771,False
10.454881757000294,-0.323085,1.167613,-1.615508,1.607846,-0.788341,-0.325459,-0.465959,0.355933,1.131183,1.721242,1.484625,-0.169475,-0.345752,-0.443057,-0.354165,0.548442,-0.297278,-0.696709,0.262594,-0.420568,0.646753,0.452797,-0.447706,0.356404,0.683748,-0.417186,-0.017254,0.646309,0.354164,-0.548444,0.297277,0.696709,0.262591,-0.420574,0.646743,0.452800,-0.447706,0.356402,0.683747,-0.417174,-0.017236,0.646307,0.295506,0.131834,0.048528,-0.538037,2,True,True,0.006285,-0.059799,0.042741,0.048078,0.036110,0.044134,0.048078,0.036110,0.044134,True,0.052627,0.035765,0.044714,0.052627,0.035765,0.044714,-2.400028,-2.541169,0.465942,-2.549451,-2.929095,-2.782933,0.133185,-2.847322,-0.052711,-0.070873,0.063717,-0.051875,-0.061348,-0.058689,0.031633,-0.054101,-379.482574,-153.819199,-268.405701,-75.389648,True,velocity,0.295506,0.287400,0.014671,0.030811,0.001468,False
10.48843867800042,-0.316243,1.159780,-1.637566,1.604629,-0.780646,-0.323713,-0.471772,0.375476,1.139290,1.690709,1.477462,-0.161830,-0.347236,-0.448888,-0.346714,0.556273,-0.287189,-0.698479,0.272121,-0.424826,0.646491,0.444432,-0.456789,0.349312,0.686881,-0.412162,-0.030760,0.647128,0.346713,-0.556274,0.287187,0.698479,0.272117,-0.424835,0.646482,0.444436,-0.456789,0.349309,0.686880,-0.412152,-0.030745,0.647127,0.295546,0.132210,0.046858,-0.536561,2,True,True,0.011273,-0.050090,0.042879,0.037238,0.035347,0.043765,0.037238,0.035347,0.043765,True,0.048078,0.036110,0.044134,0.048078,0.036110,0.044134,-2.344741,-2.500050,0.504688,-2.493823,-2.929095,-2.703128,0.230808,-2.774224,-0.048419,-0.067771,0.060804,-0.048717,-0.063276,-0.059635,0.031600,-0.052720,-379.523865,-153.849884,-268.382263,-75.421738,True,velocity,0.295546,0.288141,0.013372,0.028763,0.002921,False
10.524901362000492,-0.307507,1.152208,-1.660436,1.604891,-0.770377,-0.322831,-0.476494,0.394724,1.147811,1.660000,1.471075,-0.152584,-0.346115,-0.454170,-0.338350,0.564833,-0.278205,-0.699346,0.281918,-0.427864,0.646430,0.434917,-0.466338,0.341077,0.690682,-0.406515,-0.044009,0.647991,0.338349,-0.564835,0.278202,0.699346,0.281914,-0.427877,0.646422,0.434921,-0.466338,0.341075,0.690681,-0.406506,-0.043994,0.647990,0.295435,0.132654,0.045524,-0.535026,2,True,True,0.013324,-0.040031,0.045149,0.027596,0.031914,0.044172,0.027596,0.031914,0.044172,True,0.037238,0.035347,0.043765,0.037238,0.035347,0.043765,-2.202673,-2.402655,0.591101,-2.353055,3.060267,-2.684906,0.230808,-2.774224,-0.026393,-0.058050,0.050353,-0.038579,-0.056067,-0.058436,0.031102,-0.047572,-379.550781,-153.881424,-268.363281,-75.450195,True,velocity,0.295435,0.288816,0.011942,0.025918,0.007979,False
10.556354923000072,-0.296841,1.145306,-1.684225,1.607258,-0.760071,-0.321034,-0.482452,0.412942,1.157087,1.630487,1.463494,-0.141065,-0.344085,-0.457559,-0.330146,0.573277,-0.268570,-0.700162,0.291853,-0.429891,0.646522,0.425096,-0.476511,0.332244,0.694150,-0.400732,-0.056672,0.648612,0.330145,-0.573279,0.268567,0.700162,0.291849,-0.429906,0.646514,0.425100,-0.476510,0.332242,0.694149,-0.400720,-0.056656,0.648615,0.295577,0.133066,0.044476,-0.533464,2,True,True,0.012347,-0.031451,0.047838,0.000000,0.000000,0.045250,0.000000,0.000000,0.045250,True,0.027596,0.031914,0.044172,0.027596,0.031914,0.044172,-2.064500,-2.325556,0.646666,-2.219337,-2.474889,-2.684906,0.230808,-2.699980,-0.038867,-0.047967,0.040237,-0.029193,-0.047720,-0.051395,0.028668,-0.040322,-379.579529,-153.912949,-268.350586,-75.476280,True,velocity,0.295577,0.289541,0.010811,0.025208,0.008584,False
10.591872871000305,-0.287533,1.136433,-1.703650,1.608252,-0.752365,-0.318695,-0.485761,0.429340,1.169205,1.606026,1.455873,-0.134789,-0.341119,-0.461050,-0.322683,0.580914,-0.259981,-0.700589,0.300671,-0.430825,0.646854,0.416929,-0.485418,0.323961,0.696842,-0.395418,-0.067611,0.648896,0.322696,-0.580926,0.260001,0.700565,0.300560,-0.430962,0.646247,0.416878,-0.485284,0.323960,0.696967,-0.395328,-0.067360,0.648353,0.295222,0.133024,0.044458,-0.532165,1,True,True,0.011112,-0.031964,0.041575,0.000000,0.000000,0.044169,0.000000,0.000000,0.044169,True,0.000000,0.000000,0.045250,0.000000,0.000000,0.045250,2.517182,-2.517182,-0.624410,-2.517182,-2.388923,-2.684906,-0.296368,-2.547098,0.001825,-0.009349,0.008976,0.009477,-0.041678,-0.045259,0.023148,-0.038600,-379.600037,-153.927032,-268.348206,-75.495537,True,velocity,0.295222,0.290222,0.008817,0.023655,0.027732,False
10.621250793999934,-0.276831,1.129095,-1.724541,1.611017,-0.743402,-0.315128,-0.490641,0.445264,1.181120,1.581103,1.446159,-0.126215,-0.338446,-0.464403,-0.314944,0.588660,-0.250433,-0.701123,0.309537,-0.431014,0.647391,0.409010,-0.494779,0.314599,0.699237,-0.389985,-0.078239,0.648907,0.314958,-0.588675,0.250442,0.701101,0.309432,-0.431213,0.646974,0.408977,-0.494633,0.314590,0.699363,-0.389867,-0.077976,0.648589,0.295922,0.132964,0.044607,-0.530558,1,True,True,0.009302,-0.027523,0.045595,0.000000,0.000000,0.044589,0.000000,0.000000,0.044589,True,0.000000,0.000000,0.044169,0.000000,0.000000,0.044169,2.517182,-2.517182,-0.624410,-2.517182,-2.377050,-2.660248,0.010514,-2.540747,0.001451,-0.009125,0.007926,0.009253,-0.033043,-0.025071,0.010987,-0.030919,-379.598785,-153.923691,-268.348633,-75.496651,True,velocity,0.295922,0.290922,0.008818,0.023649,0.025387,False
10.653678665999905,-0.263940,1.122259,-1.748107,1.616052,-0.732011,-0.309249,-0.496289,0.461979,1.193671,1.554624,1.434872,-0.114265,-0.333727,-0.466831,-0.305832,0.597254,-0.239338,-0.701764,0.319057,-0.430557,0.648082,0.399849,-0.505347,0.303523,0.701868,-0.384088,-0.089416,0.648860,0.305845,-0.597277,0.239343,0.701737,0.318961,-0.430837,0.648041,0.399824,-0.505175,0.303516,0.702009,-0.383949,-0.089144,0.648952,0.296885,0.132836,0.044808,-0.528850,1,True,True,0.005465,-0.021478,0.052262,0.000000,0.000000,0.046845,0.000000,0.000000,0.046845,True,0.000000,0.000000,0.044589,0.000000,0.000000,0.044589,2.517182,-2.517182,-0.624410,-2.517182,-2.511786,-2.605156,0.304489,-2.540571,0.002415,-0.009307,0.005594,0.009340,-0.015530,-0.011644,0.004040,-0.018649,-379.583832,-153.921875,-268.348206,-75.494698,True,velocity,0.296885,0.292206,0.000000,0.027618,0.009608,False
10.687833230999786,-0.250053,1.116778,-1.772315,1.623372,-0.718365,-0.301054,-0.502844,0.478963,1.205794,1.528853,1.422411,-0.099262,-0.327794,-0.468045,-0.296035,0.606225,-0.227380,-0.702249,0.328240,-0.429455,0.648681,0.390099,-0.516398,0.292014,0.704190,-0.378438,-0.100314,0.648717,0.296041,-0.606247,0.227374,0.702228,0.328184,-0.429791,0.648619,0.390088,-0.516224,0.292008,0.704326,-0.378269,-0.100039,0.648817,0.297214,0.132595,0.045042,-0.527175,1,True,True,-0.001765,-0.014444,0.055666,0.000000,0.000000,0.049439,0.000000,0.000000,0.049439,True,0.000000,0.000000,0.046845,0.000000,0.000000,0.046845,2.517182,-2.517182,-0.624410,-2.517182,-2.732786,-2.538257,0.010366,-2.541223,0.005026,-0.009803,0.007904,0.009813,0.010838,0.001326,0.003115,-0.004959,-379.558167,-153.915741,-268.333160,-75.497208,True,velocity,0.297214,0.292831,0.000000,0.025191,0.012100,False
10.721417077999831,-0.234672,1.113034,-1.796628,1.633446,-0.703466,-0.290881,-0.510071,0.496425,1.217089,1.503464,1.408514,-0.082717,-0.319697,-0.467551,-0.285946,0.615032,-0.214882,-0.702706,0.337023,-0.427466,0.649139,0.379626,-0.527062,0.279813,0.706961,-0.373021,-0.111064,0.648635,0.285943,-0.615059,0.214868,0.702688,0.337002,-0.427857,0.649062,0.379626,-0.526886,0.279822,0.707089,-0.372828,-0.110768,0.648755,0.297432,0.132319,0.045285,-0.525398,1,True,True,-0.010041,-0.007154,0.059548,0.000000,0.000000,0.052413,0.000000,0.000000,0.052413,True,0.000000,0.000000,0.049439,0.000000,0.000000,0.049439,2.517182,-2.517182,-0.624410,-2.517182,-3.045339,-2.525928,-0.100091,-2.534397,0.007784,-0.010359,0.008968,0.010358,0.027667,0.006268,0.012981,-0.000195,-379.533630,-153.910294,-268.314301,-75.497910,True,velocity,0.297432,0.293425,0.000000,0.023293,0.013655,False
10.754731945000458,-0.217459,1.110421,-1.821594,1.647025,-0.685677,-0.277949,-0.517528,0.514950,1.228431,1.479225,1.393668,-0.063332,-0.309927,-0.465517,-0.274624,0.624505,-0.201560,-0.702814,0.345678,-0.424488,0.649484,0.368021,-0.538292,0.267571,0.709372,-0.367787,-0.121737,0.648754,0.274603,-0.624538,0.201541,0.702799,0.345705,-0.424955,0.649397,0.368023,-0.538118,0.267588,0.709496,-0.367563,-0.121431,0.648887,0.297331,0.131994,0.045590,-0.523494,1,True,True,-0.019795,0.001997,0.064236,0.000000,0.000000,0.055890,0.000000,0.000000,0.055890,True,0.000000,0.000000,0.052413,0.000000,0.000000,0.052413,2.517182,-2.517182,-0.624410,-2.517182,3.059865,-2.531768,-0.253574,-2.541048,0.009405,-0.010981,0.010236,0.010979,0.034744,0.008359,0.020946,-0.001334,-379.509918,-153.904999,-268.303162,-75.498329,True,velocity,0.297331,0.293981,0.000000,0.021683,0.014867,False
10.78860421599984,-0.201244,1.110954,-1.842857,1.661544,-0.669654,-0.265648,-0.525199,0.530572,1.237148,1.459432,1.380366,-0.045048,-0.302536,-0.462563,-0.265241,0.632008,-0.189852,-0.702972,0.352585,-0.421091,0.649671,0.358140,-0.547646,0.257803,0.710885,-0.363417,-0.130326,0.649142,0.265215,-0.632032,0.189821,0.702968,0.352641,-0.421521,0.649587,0.358163,-0.547529,0.257819,0.710958,-0.363210,-0.130061,0.649249,0.297378,0.131920,0.045852,-0.521840,1,True,True,-0.022026,0.009833,0.057959,0.000000,0.000000,0.056499,0.000000,0.000000,0.056499,True,0.000000,0.000000,0.055890,0.000000,0.000000,0.055890,2.517182,-2.517182,-0.624410,-2.517182,2.931546,-2.531768,-0.338985,-2.534997,0.010720,-0.011710,0.011237,0.011709,0.039953,0.007415,0.022046,-0.000911,-379.485077,-153.904297,-268.292969,-75.497070,True,velocity,0.297378,0.294850,0.000000,0.022649,0.000543,False
10.821304826000414,-0.180337,1.112439,-1.866468,1.679309,-0.649957,-0.249450,-0.532639,0.546014,1.247035,1.439199,1.367162,-0.024730,-0.292207,-0.459328,-0.254081,0.640580,-0.175371,-0.703097,0.360292,-0.416072,0.649932,0.346807,-0.557994,0.246233,0.712556,-0.358374,-0.139209,0.650060,0.254034,-0.640625,0.175344,0.703080,0.360406,-0.416630,0.649854,0.346820,-0.557871,0.246260,0.712637,-0.358154,-0.138957,0.650174,0.298075,0.131761,0.046366,-0.519726,1,True,True,-0.026781,0.025277,0.064901,0.000000,0.000000,0.058970,0.000000,0.000000,0.058970,True,0.000000,0.000000,0.056499,0.000000,0.000000,0.056499,2.517182,-2.517182,-0.624410,-2.517182,2.833381,-2.531839,-0.419259,-2.534521,0.011252,-0.011837,0.011590,0.011837,0.033606,0.003377,0.017487,0.000260,-379.477112,-153.904160,-268.283478,-75.497353,True,velocity,0.298075,0.295097,0.000000,0.018935,0.001026,False
10.855008634999649,-0.155990,1.116749,-1.890085,1.699903,-0.628815,-0.231447,-0.540239,0.558577,1.256215,1.420624,1.356009,-0.003766,-0.280602,-0.455667,-0.243132,0.648732,-0.159829,-0.703199,0.367595,-0.409762,0.650262,0.335364,-0.568036,0.234321,0.714114,-0.353082,-0.146858,0.651514,0.243065,-0.648793,0.159789,0.703174,0.367783,-0.410383,0.650198,0.335377,-0.567942,0.234356,0.714172,-0.352872,-0.146676,0.651608,0.299646,0.131732,0.047048,-0.517730,1,True,True,-0.027675,0.045708,0.065795,-0.028093,-0.041362,0.060977,-0.028093,-0.041362,0.060977,True,0.000000,0.000000,0.058970,0.000000,0.000000,0.058970,2.517182,-2.517182,-0.624410,-2.517182,2.747406,-2.531839,-0.455121,-2.535173,0.012030,-0.012355,0.009723,0.012355,0.025968,0.001945,0.015478,0.000023,-379.467621,-153.905136,-268.273163,-75.498741,True,velocity,0.299646,0.295234,0.000000,0.015200,0.001853,False
10.89079534099983,-0.132173,1.126177,-1.916864,1.722753,-0.605665,-0.218019,-0.550018,0.571182,1.262149,1.397188,1.346846,0.020734,-0.270410,-0.452087,-0.232056,0.656288,-0.145207,-0.703101,0.374444,-0.402292,0.650756,0.322692,-0.577371,0.221736,0.716482,-0.347428,-0.153299,0.653449,0.232054,-0.656291,0.145202,0.703100,0.374449,-0.402330,0.650743,0.322701,-0.577369,0.221734,0.716480,-0.347413,-0.153279,0.653456,0.301233,0.131330,0.048763,-0.515519,2,True,True,-0.017770,0.052232,0.071150,-0.036087,-0.041734,0.063969,-0.036087,-0.041734,0.063969,True,-0.028093,-0.041362,0.060977,-0.028093,-0.041123,0.060977,-2.422746,-2.055618,-1.920601,-2.240311,2.710835,-2.531768,-0.523200,-2.534521,0.020894,0.033805,0.008924,0.059308,0.015426,0.001945,-0.005790,-0.000351,-379.460510,-153.905136,-268.559570,-75.494835,True,velocity,0.301233,0.295291,0.011303,0.011625,0.022926,False
10.926330936999875,-0.109084,1.134162,-1.940674,1.742992,-0.586298,-0.204792,-0.556825,0.580722,1.269434,1.378535,1.340824,0.040704,-0.258845,-0.449980,-0.221849,0.662493,-0.131564,-0.703262,0.380558,-0.394418,0.651187,0.311023,-0.585801,0.209804,0.718390,-0.342014,-0.158484,0.655319,0.221847,-0.662494,0.131562,0.703261,0.380563,-0.394452,0.651174,0.311028,-0.585800,0.209803,0.718389,-0.342003,-0.158472,0.655323,0.302933,0.130869,0.050653,-0.513671,2,True,True,-0.013216,0.056937,0.062626,-0.043012,-0.039578,0.063574,-0.043012,-0.039578,0.063574,True,-0.036087,-0.041734,0.063969,-0.036087,-0.041734,0.063969,-2.516379,-2.210304,-2.041315,-2.329183,2.839155,-2.531839,-0.658074,-2.498148,0.034734,0.040081,0.009667,0.067311,0.011464,0.001945,0.012924,0.004195,-379.455078,-153.905136,-268.262543,-75.485634,True,velocity,0.302933,0.295297,0.014842,0.008622,0.026457,False
10.957589333000215,-0.085521,1.142123,-1.963292,1.762843,-0.566300,-0.190703,-0.562397,0.588468,1.277490,1.361569,1.337633,0.058897,-0.243736,-0.448363,-0.211358,0.668774,-0.117446,-0.703048,0.386571,-0.385953,0.651529,0.298252,-0.593738,0.196965,0.720919,-0.336045,-0.162935,0.657413,0.211357,-0.668775,0.117445,0.703047,0.386578,-0.385987,0.651515,0.298255,-0.593738,0.196965,0.720919,-0.336037,-0.162928,0.657415,0.304732,0.130389,0.052900,-0.511651,2,True,True,-0.014413,0.067413,0.059638,-0.051632,-0.045677,0.062417,-0.051632,-0.045677,0.062417,True,-0.043012,-0.039578,0.063574,-0.043012,-0.039578,0.063574,-2.608055,-2.362669,-2.167912,-2.419891,3.035485,-2.433218,-0.700538,-2.473164,0.050150,0.045140,0.005913,0.071593,0.010439,0.001945,0.007807,0.007588,-379.452850,-153.905136,-268.258362,-75.473770,True,velocity,0.304732,0.295297,0.018543,0.006558,0.025939,False
10.991931100999864,-0.063602,1.151485,-1.985563,1.782673,-0.546332,-0.177977,-0.568736,0.595192,1.284266,1.345250,1.336121,0.075249,-0.227561,-0.446082,-0.201090,0.674543,-0.103868,-0.702684,0.392159,-0.377297,0.651895,0.285110,-0.600163,0.184471,0.724215,-0.330187,-0.166521,0.659478,0.201090,-0.674544,0.103868,0.702684,0.392159,-0.377300,0.651892,0.285110,-0.600163,0.184471,0.724215,-0.330187,-0.166521,0.659478,0.306289,0.129942,0.055331,-0.509630,3,True,True,-0.013399,0.072918,0.057880,-0.057024,-0.047380,0.061082,-0.057024,-0.047380,0.061082,True,-0.051632,-0.045677,0.062417,-0.051632,-0.045677,0.062417,-2.593124,-2.394011,-2.226540,-2.433232,3.139817,-2.402723,-0.774964,-2.473347,0.062176,0.055936,0.008002,0.081895,0.010831,-0.000830,0.010951,0.026500,-379.426056,-153.905838,-268.236603,-75.426620,True,velocity,0.306289,0.295334,0.021652,0.005168,0.011920,False
11.02563026200005,-0.041572,1.160230,-2.006997,1.802885,-0.529271,-0.164648,-0.573288,0.601363,1.292168,1.331593,1.335096,0.090094,-0.212314,-0.444538,-0.190551,0.679358,-0.091234,-0.702737,0.397617,-0.368309,0.652377,0.272601,-0.606554,0.172999,0.726535,-0.324421,-0.169626,0.661476,0.190551,-0.679359,0.091234,0.702736,0.397617,-0.368312,0.652373,0.272601,-0.606554,0.172999,0.726535,-0.324422,-0.169627,0.661475,0.307634,0.129512,0.057895,-0.507630,3,True,True,-0.012892,0.076931,0.056779,-0.060871,-0.048778,0.059817,-0.060871,-0.048778,0.059817,True,-0.057024,-0.047380,0.061082,-0.057024,-0.047380,0.061082,-2.607170,-2.433958,-2.275366,-2.458444,-2.947058,-2.402723,-0.774964,-2.534697,0.073849,0.061346,0.005065,0.086659,0.022607,0.014805,0.025504,0.041919,-379.401917,-153.854080,-268.191406,-75.386024,True,velocity,0.307634,0.295369,0.024324,0.004121,0.013924,False
11.058285780000006,-0.021086,1.168571,-2.027169,1.821989,-0.514546,-0.151885,-0.577927,0.606640,1.299800,1.319453,1.334278,0.102739,-0.199664,-0.443202,-0.180644,0.683350,-0.079292,-0.702932,0.402796,-0.359637,0.652836,0.261463,-0.612067,0.162995,0.728316,-0.318937,-0.172199,0.663107,0.180644,-0.683350,0.079292,0.702932,0.402796,-0.359640,0.652830,0.261462,-0.612067,0.162995,0.728316,-0.318938,-0.172201,0.663104,0.308715,0.129174,0.060403,-0.505717,3,True,True,-0.010137,0.075242,0.054361,-0.060831,-0.045428,0.058212,-0.060831,-0.045428,0.058212,True,-0.060871,-0.048778,0.059817,-0.060871,-0.048778,0.059817,-2.613408,-2.456255,-2.305647,-2.473117,-2.867232,-2.402723,0.366139,-2.473347,0.079613,0.065395,0.033321,0.090523,0.036833,0.013425,0.044360,0.064406,-379.359528,-153.841934,-268.156525,-75.325195,True,velocity,0.308715,0.295412,0.026435,0.003430,0.014577,False
11.0917520160001,0.000033,1.177601,-2.047778,1.841334,-0.499055,-0.139139,-0.582880,0.611655,1.307976,1.307169,1.333489,0.114587,-0.188366,-0.442978,-0.170564,0.687439,-0.066657,-0.702775,0.408182,-0.350459,0.653175,0.250901,-0.617401,0.152973,0.729701,-0.313063,-0.174614,0.664599,0.170563,-0.687439,0.066658,0.702775,0.408183,-0.350463,0.653168,0.250901,-0.617401,0.152974,0.729701,-0.313065,-0.174616,0.664595,0.309769,0.128924,0.063084,-0.503684,3,True,True,-0.007517,0.080431,0.057135,-0.066727,-0.045531,0.057895,-0.066727,-0.045531,0.057895,True,-0.060831,-0.045428,0.058212,-0.060831,-0.045428,0.058212,-2.645312,-2.496883,-2.340499,-2.502502,-2.805921,-2.402723,-1.582907,-2.473817,0.079227,0.063445,0.053172,0.088082,0.051103,0.015002,0.056982,0.074966,-379.321442,-153.834549,-268.118866,-75.272743,True,velocity,0.309769,0.295466,0.028456,0.002975,0.016155,False
11.125361399999747,0.021323,1.187471,-2.068513,1.860980,-0.483927,-0.128033,-0.587785,0.616533,1.316762,1.294805,1.332895,0.126306,-0.180517,-0.444146,-0.160855,0.691340,-0.054450,-0.702289,0.413697,-0.340858,0.653353,0.241406,-0.622945,0.143719,0.730074,-0.306665,-0.176812,0.665916,0.160854,-0.691340,0.054451,0.702289,0.413698,-0.340862,0.653220,0.241406,-0.622945,0.143719,0.730074,-0.306667,-0.176816,0.665786,0.310522,0.128954,0.065918,-0.501667,3,True,True,0.000915,0.085002,0.059756,-0.074888,-0.040223,0.058442,-0.074888,-0.040223,0.058442,True,-0.066727,-0.045531,0.057895,-0.066727,-0.045531,0.057895,-2.676332,-2.547338,-2.395089,-2.539464,-2.775483,-2.408646,-1.625953,-2.479691,0.085255,0.068001,0.055679,0.092743,0.054825,0.017582,0.068584,0.081105,-379.286285,-153.820038,-268.049103,-75.221260,True,velocity,0.310522,0.295594,0.029696,0.003191,0.000946,False
11.158576210999854,0.039356,1.196474,-2.086957,1.877455,-0.472141,-0.120679,-0.592950,0.620553,1.324593,1.283414,1.333470,0.136663,-0.175511,-0.445904,-0.153305,0.694364,-0.044140,-0.701718,0.418881,-0.332319,0.653332,0.233244,-0.627797,0.135991,0.730051,-0.300311,-0.178481,0.667031,0.153305,-0.694364,0.044141,0.701718,0.418881,-0.332322,0.652693,0.233244,-0.627797,0.135991,0.730051,-0.300314,-0.178485,0.666396,0.310594,0.129374,0.068550,-0.499903,3,True,True,0.012590,0.078951,0.054230,-0.074347,-0.029399,0.057203,-0.074347,-0.029399,0.057203,True,-0.074888,-0.040223,0.058442,-0.074888,-0.040223,0.058442,-2.769908,-2.670730,-2.511344,-2.632166,-2.756877,-2.415051,-1.798040,-2.491912,0.091032,0.070515,0.060798,0.096206,0.064168,0.019078,0.077005,0.087012,-379.231598,-153.797577,-267.997223,-75.148720,True,velocity,0.310594,0.295666,0.029710,0.002926,0.001966,False
11.196142333999887,0.057398,1.205467,-2.106494,1.893339,-0.458227,-0.115141,-0.597926,0.624280,1.333453,1.270912,1.335488,0.148044,-0.171047,-0.449056,-0.145285,0.698314,-0.033400,-0.700096,0.424771,-0.323396,0.653231,0.224459,-0.633231,0.127481,0.729647,-0.292742,-0.180102,0.668136,0.145285,-0.698314,0.033400,0.700096,0.424772,-0.323399,0.652312,0.224458,-0.633231,0.127481,0.729647,-0.292745,-0.180106,0.667221,0.310756,0.130056,0.071456,-0.497890,3,True,True,0.023076,0.086811,0.057428,-0.086802,-0.023113,0.057269,-0.086802,-0.023113,0.057269,True,-0.074347,-0.029399,0.057203,-0.074347,-0.029399,0.057203,-2.881292,-2.808036,-2.628536,-2.732927,-2.757164,-2.427297,-1.957304,-2.516422,0.086333,0.063494,0.058081,0.089477,0.067149,0.029334,0.080325,0.086701,-379.184143,-153.765762,-267.956207,-75.083565,True,velocity,0.310756,0.295756,0.029861,0.002781,0.024680,False
11.232593462000295,0.073022,1.214429,-2.126636,1.907504,-0.444029,-0.111910,-0.603244,0.627824,1.342073,1.257272,1.338708,0.160792,-0.168603,-0.452701,-0.137263,0.702309,-0.023035,-0.698133,0.431159,-0.314950,0.653171,0.215611,-0.638916,0.119188,0.728761,-0.284336,-0.181537,0.669161,-0.137263,0.702309,-0.023035,-0.698133,0.431160,-0.314951,0.653169,0.215611,-0.638916,0.119188,0.728761,-0.284337,-0.181538,0.669160,0.311869,0.131203,0.074365,-0.495955,4,True,True,0.036163,0.086830,0.058198,-0.093088,-0.013488,0.057543,-0.093088,-0.013488,0.057543,True,-0.086802,-0.023113,0.057269,-0.086802,-0.023113,0.057269,-2.976368,-2.935679,-2.768922,-2.839084,-2.806280,-2.470201,-2.024794,-2.577601,0.096458,0.070122,0.060874,0.097692,0.071573,0.036748,0.070478,0.086743,-379.127655,-153.736053,-267.914215,-75.033485,True,velocity,0.311869,0.295875,0.031842,0.002913,0.029035,False
11.258361664000404,0.087225,1.220554,-2.147146,1.920114,-0.430691,-0.109519,-0.606893,0.631040,1.352193,1.243633,1.343182,0.172141,-0.164132,-0.455929,-0.128346,0.706800,-0.013596,-0.695540,0.438178,-0.307075,0.653240,0.205334,-0.644257,0.110338,0.728420,-0.274936,-0.183068,0.669865,-0.128345,0.706800,-0.013596,-0.695540,0.438179,-0.307078,0.652811,0.205334,-0.644257,0.110338,0.728420,-0.274939,-0.183072,0.669439,0.311069,0.132524,0.077243,-0.494017,3,True,True,0.043185,0.084929,0.058789,-0.095242,-0.002626,0.057909,-0.095242,-0.002626,0.057909,True,-0.093088,-0.013488,0.057543,-0.093088,-0.013488,0.057543,-3.079077,-3.064448,0.241710,-2.944540,-2.830661,-2.519511,0.408712,-2.633083,0.099907,0.070628,-0.084606,0.099853,0.074408,0.040419,0.067807,0.088735,-379.079376,-153.714279,-267.865234,-74.976143,True,velocity,0.311069,0.296069,0.029807,0.003858,0.022841,False
11.292822506000448,0.097565,1.225329,-2.165835,1.929857,-0.419560,-0.108455,-0.610638,0.634042,1.360614,1.231297,1.346261,0.181548,-0.160999,-0.458624,-0.120285,0.710551,-0.005478,-0.693267,0.444850,-0.300831,0.653393,0.196858,-0.648413,0.102674,0.728193,-0.266495,-0.184580,0.670085,-0.120284,0.710551,-0.005478,-0.693267,0.444851,-0.300833,0.653386,0.196858,-0.648413,0.102675,0.728193,-0.266497,-0.184583,0.670081,0.310883,0.134019,0.079505,-0.492240,3,True,True,0.045029,0.067794,0.054190,-0.081065,0.007215,0.056815,-0.081065,0.007215,0.056815,True,-0.095242,-0.002626,0.057909,-0.095242,-0.002626,0.057909,3.099102,3.089321,-3.028262,-3.049362,-2.898029,-2.562401,-2.239389,-2.694440,0.100338,0.066796,0.059412,0.088522,0.080177,0.045193,0.064223,0.094466,-379.020355,-153.676193,-267.833160,-74.908623,True,velocity,0.310883,0.296650,0.028106,0.007191,0.009295,False
11.324927953000042,0.109102,1.230455,-2.188089,1.939379,-0.406749,-0.106217,-0.615565,0.636765,1.371241,1.217303,1.348205,0.192427,-0.159907,-0.460567,-0.110697,0.714594,0.005368,-0.690704,0.453135,-0.294004,0.653566,0.187882,-0.653597,0.094322,0.727059,-0.256441,-0.186682,0.669888,-0.110696,0.714594,0.005368,-0.690704,0.453135,-0.294006,0.653560,0.187882,-0.653597,0.094322,0.727059,-0.256442,-0.186684,0.669884,0.310360,0.135869,0.081811,-0.489933,3,True,True,0.055742,0.069025,0.066577,-0.087173,0.016510,0.059686,-0.087173,0.016510,0.059686,True,-0.081065,0.007215,0.056815,-0.081065,0.007215,0.056815,2.986603,2.945631,3.138019,3.138780,-2.965772,-2.764719,-2.269578,-2.767698,0.086846,0.061179,0.045740,0.084363,0.087646,0.048532,0.065186,0.094466,-378.964996,-153.643280,-267.785004,-74.908623,True,velocity,0.310360,0.296969,0.026389,0.007858,0.009387,False
11.358469669999977,0.120174,1.235778,-2.211069,1.948433,-0.393935,-0.103528,-0.620955,0.639380,1.382174,1.202822,1.349362,0.203168,-0.161447,-0.461688,-0.100834,0.718317,0.016850,-0.688164,0.461746,-0.287275,0.653843,0.179581,-0.658767,0.086759,0.725431,-0.246043,-0.188771,0.669560,-0.100834,0.718317,0.016850,-0.688164,0.461747,-0.287277,0.653839,0.179581,-0.658767,0.086759,0.725431,-0.246044,-0.188773,0.669558,0.309903,0.137960,0.084009,-0.487780,3,True,True,0.062713,0.065929,0.071492,-0.087690,0.024291,0.063159,-0.087690,0.024291,0.063159,True,-0.087173,0.016510,0.059686,-0.087173,0.016510,0.059686,2.901531,2.841651,3.022730,3.047350,-3.039181,-2.795216,-2.392164,-2.841812,0.094374,0.064364,0.047180,0.090262,0.087415,0.051296,0.062231,0.098211,-378.909027,-153.623611,-267.744965,-74.783623,True,velocity,0.309903,0.297266,0.024868,0.008108,0.010987,False
11.393695583000408,0.130314,1.241061,-2.233157,1.956204,-0.381569,-0.101237,-0.625811,0.641500,1.392951,1.188375,1.350628,0.214161,-0.164827,-0.463366,-0.091384,0.721659,0.028093,-0.685615,0.470340,-0.280786,0.654036,0.172148,-0.664062,0.079482,0.723235,-0.235415,-0.190590,0.669156,-0.091384,0.721659,0.028093,-0.685615,0.470341,-0.280787,0.654033,0.172149,-0.664062,0.079482,0.723235,-0.235416,-0.190591,0.669154,0.309508,0.140298,0.086164,-0.485706,3,True,True,0.070163,0.064662,0.070542,-0.090013,0.031650,0.065330,-0.090013,0.031650,0.065330,True,-0.087690,0.024291,0.063159,-0.087690,0.024291,0.063159,2.826996,2.747192,2.929696,2.974961,-3.118739,-2.880870,-2.588694,-2.933339,0.097669,0.066096,0.056794,0.092877,0.082531,0.049199,0.057906,0.090061,-378.865387,-153.583008,-267.714417,-74.738144,True,velocity,0.309508,0.297603,0.023385,0.008490,0.014224,False
11.426362545000302,0.138680,1.245763,-2.251832,1.962617,-0.370406,-0.100850,-0.629814,0.642813,1.402274,1.175259,1.352317,0.224583,-0.169122,-0.465937,-0.083678,0.724758,0.037425,-0.682878,0.477984,-0.274897,0.654171,0.166186,-0.668976,0.072800,0.720801,-0.225526,-0.191751,0.668684,-0.083677,0.724758,0.037425,-0.682878,0.477984,-0.274898,0.654169,0.166187,-0.668976,0.072800,0.720801,-0.225527,-0.191752,0.668683,0.309169,0.142701,0.088264,-0.483835,3,True,True,0.072091,0.062977,0.061339,-0.089354,0.034338,0.064156,-0.089354,0.034338,0.064156,True,-0.090013,0.031650,0.065330,-0.090013,0.031650,0.065330,2.767877,2.675922,2.850424,2.911865,3.066282,-2.948354,-2.692739,-3.006572,0.103816,0.069823,0.060829,0.097016,0.078583,0.055249,0.067610,0.082193,-378.796173,-153.533768,-267.651917,-74.691544,True,velocity,0.309169,0.297937,0.022017,0.008924,0.030765,False
11.45684433400038,0.149680,1.250107,-2.272647,1.969342,-0.356511,-0.099432,-0.633462,0.641793,1.415253,1.160486,1.355150,0.234544,-0.172364,-0.469595,-0.074673,0.728843,0.048924,-0.678836,0.487048,-0.267512,0.654622,0.158994,-0.674636,0.063525,0.718019,-0.212902,-0.192563,0.667893,-0.074673,0.728844,0.048925,-0.678835,0.487051,-0.267529,0.653651,0.158995,-0.674636,0.063525,0.718019,-0.212907,-0.192573,0.666922,0.308294,0.145513,0.091053,-0.481425,2,True,True,0.084352,0.083684,0.069491,-0.113314,0.035752,0.065725,-0.113314,0.035752,0.065725,True,-0.089354,0.034338,0.064156,-0.089354,0.034338,0.064156,2.743220,2.648082,2.816063,2.883387,2.998914,-3.077483,-2.845740,-3.068454,0.105242,0.075583,0.067319,0.098057,0.082473,0.060138,0.073956,0.084105,-378.754883,-153.487442,-267.592072,-74.632256,True,velocity,0.308294,0.298294,0.019522,0.009566,0.029142,False
11.490387828999701,0.156260,1.254409,-2.288006,1.975947,-0.347116,-0.100178,-0.636432,0.641068,1.423923,1.147482,1.357474,0.243050,-0.174599,-0.471895,-0.068140,0.731490,0.055879,-0.676134,0.493433,-0.261655,0.655396,0.153215,-0.678462,0.055935,0.716300,-0.203055,-0.192693,0.667156,-0.068140,0.731490,0.055880,-0.676134,0.493436,-0.261665,0.655114,0.153216,-0.678462,0.055935,0.716300,-0.203057,-0.192697,0.666877,0.309009,0.147833,0.093430,-0.479684,2,True,True,0.069587,0.071295,0.055999,-0.095416,0.028653,0.062865,-0.095416,0.028653,0.062865,True,-0.113314,0.035752,0.065725,-0.113314,0.035752,0.065725,2.803251,2.736460,2.876759,2.922640,2.943736,3.089549,-2.993315,-3.135799,0.130669,0.104281,0.096928,0.124325,0.090242,0.068410,0.084074,0.089193,-378.676331,-153.441544,-267.531952,-74.571426,True,velocity,0.309009,0.299009,0.019375,0.012509,0.015031,False
11.522958514000493,0.164379,1.258965,-2.306480,1.984853,-0.336422,-0.100637,-0.638540,0.639218,1.435498,1.130698,1.361114,0.252264,-0.174452,-0.473940,-0.059348,0.734733,0.063553,-0.672760,0.501240,-0.253914,0.656737,0.144480,-0.682547,0.045251,0.714988,-0.190021,-0.192549,0.666094,-0.059348,0.734734,0.063554,-0.672759,0.501240,-0.253931,0.656731,0.144481,-0.682547,0.045251,0.714988,-0.190026,-0.192561,0.666086,0.309308,0.150639,0.096639,-0.477064,2,True,True,0.084195,0.096288,0.071730,-0.124270,0.030284,0.065472,-0.124270,0.030284,0.065472,True,-0.095416,0.028653,0.062865,-0.095416,0.028653,0.062865,2.811503,2.736291,2.899176,2.946635,2.894556,3.003898,-3.097360,-2.473634,0.111772,0.088289,0.083720,0.070323,0.099206,0.078367,0.098473,0.099759,-378.606720,-153.369003,-267.455231,-74.484093,True,velocity,0.309308,0.299416,0.019159,0.012506,0.015604,False
11.55691483999999,0.171753,1.263814,-2.324260,1.994060,-0.325989,-0.100293,-0.640753,0.638179,1.446669,1.114039,1.364311,0.260933,-0.173566,-0.474967,-0.050542,0.737583,0.070978,-0.669611,0.508363,-0.246330,0.658016,0.135385,-0.686002,0.035100,0.714031,-0.177538,-0.192237,0.665220,-0.050541,0.737583,0.070978,-0.669611,0.508366,-0.246344,0.658009,0.135387,-0.686002,0.035100,0.714031,-0.177540,-0.192244,0.665216,0.309166,0.153217,0.099805,-0.474735,2,True,True,0.077338,0.094962,0.076129,-0.119876,0.025074,0.068607,-0.119876,0.025074,0.068607,True,-0.124270,0.030284,0.065472,-0.124270,0.030284,0.065472,2.865898,2.815145,2.947293,2.978621,-2.652594,2.911740,3.093982,3.067867,0.101539,0.118891,0.114071,0.136673,0.106034,0.086403,0.107692,0.104327,-378.542694,-153.314041,-267.381134,-74.434853,True,velocity,0.309166,0.299844,0.018017,0.012538,0.017136,False
11.590505150000354,0.178931,1.268812,-2.340880,2.003426,-0.313973,-0.099511,-0.642514,0.638132,1.458500,1.098068,1.367443,0.270535,-0.175070,-0.476086,-0.041636,0.740730,0.078448,-0.665907,0.515090,-0.238726,0.658999,0.126512,-0.690092,0.026070,0.712101,-0.165121,-0.191928,0.664708,-0.041636,0.740730,0.078449,-0.665906,0.515093,-0.238739,0.658994,0.126514,-0.690092,0.026070,0.712101,-0.165123,-0.191934,0.664704,0.308765,0.155747,0.102963,-0.472372,2,True,True,0.075888,0.094742,0.078406,-0.118959,0.024159,0.071489,-0.118959,0.024159,0.071489,True,-0.119876,0.025074,0.068607,-0.119876,0.025074,0.068607,2.892369,2.841555,2.988746,3.015534,2.869952,2.881239,3.044803,3.049041,0.135698,0.113120,0.109317,0.132516,0.111855,0.093404,0.111505,0.108705,-378.447693,-153.253204,-267.305115,-74.329796,True,velocity,0.308765,0.300828,0.015037,0.016756,0.000901,False
11.624321643999792,0.184346,1.273788,-2.353125,2.010407,-0.303410,-0.098937,-0.643956,0.638863,1.468020,1.084841,1.370602,0.279459,-0.179441,-0.477597,-0.035027,0.743092,0.084762,-0.662875,0.520430,-0.232446,0.659300,0.119837,-0.693895,0.019713,0.709760,-0.154768,-0.191375,0.664712,-0.035027,0.743092,0.084763,-0.662874,0.520434,-0.232454,0.659297,0.119839,-0.693895,0.019713,0.709760,-0.154771,-0.191379,0.664708,0.308346,0.158082,0.105711,-0.470496,2,True,True,0.070057,0.082440,0.063223,-0.105293,0.024851,0.069058,-0.105293,0.024851,0.069058,True,-0.118959,0.024159,0.071489,-0.118959,0.024159,0.071489,2.895619,2.842638,-0.143217,3.024657,2.870172,2.868909,0.378341,3.043716,0.135137,0.111725,-0.093564,0.131990,0.120269,0.101481,0.112576,0.116848,-378.356293,-153.159882,-267.209808,-74.242882,True,velocity,0.308346,0.301347,0.013178,0.016396,0.003488,False
11.657072197999696,0.189659,1.278608,-2.363656,2.016296,-0.291997,-0.098682,-0.645150,0.639434,1.477524,1.071972,1.374634,0.289176,-0.185069,-0.479547,-0.029202,0.745645,0.091226,-0.659423,0.525606,-0.226164,0.659174,0.113275,-0.698116,0.013615,0.706836,-0.144281,-0.190517,0.664883,-0.029203,0.745645,0.091226,-0.659423,0.525610,-0.226172,0.659174,0.113277,-0.698116,0.013614,0.706836,-0.144285,-0.190523,0.664878,0.307861,0.160478,0.108583,-0.468378,2,True,True,0.071868,0.086175,0.057702,-0.109386,0.025014,0.065718,-0.109386,0.025014,0.065718,True,-0.105293,0.024851,0.069058,-0.105293,0.024851,0.069058,2.864302,2.799533,2.968146,3.002442,2.864178,2.863089,3.063432,3.043613,0.121681,0.099106,0.094602,0.118075,0.136406,0.108918,0.097518,0.135915,-378.245544,-153.093613,-267.222809,-74.133369,True,velocity,0.307861,0.301850,0.011215,0.016141,0.005466,False
11.688202483999703,0.196538,1.281745,-2.374195,2.020428,-0.279912,-0.097134,-0.645180,0.638254,1.489916,1.060258,1.380409,0.297942,-0.187440,-0.482480,-0.023132,0.748635,0.098650,-0.655194,0.531194,-0.219451,0.658760,0.105159,-0.702806,0.006042,0.703541,-0.132594,-0.188988,0.665188,-0.023154,0.748646,0.098663,-0.655178,0.531272,-0.219621,0.658732,0.105156,-0.702797,0.006023,0.703549,-0.132641,-0.189116,0.665071,0.307306,0.162832,0.111791,-0.466256,1,True,True,0.070631,0.096245,0.055647,-0.117760,0.019607,0.062756,-0.117760,0.019607,0.062756,True,-0.109386,0.025014,0.065718,-0.109386,0.025014,0.065718,2.873910,2.816850,2.970555,3.001798,2.863958,2.850761,3.050951,3.043613,0.125004,0.103571,0.099347,0.121639,0.141367,0.111426,0.082266,0.135950,-378.176483,-153.033768,-267.129181,-74.067940,True,velocity,0.307306,0.302306,0.009210,0.015792,0.004663,False
11.721671868000158,0.198376,1.284519,-2.379293,2.022789,-0.273663,-0.096936,-0.645767,0.638200,1.494374,1.051943,1.383931,0.303300,-0.189401,-0.483677,-0.020116,0.749713,0.102150,-0.653522,0.533919,-0.216111,0.658613,0.100824,-0.704523,0.001954,0.702480,-0.126552,-0.187988,0.665291,-0.020126,0.749712,0.102152,-0.653522,0.534001,-0.216115,0.658607,-0.100828,0.704521,-0.001946,-0.702482,-0.126556,-0.187978,0.665272,0.307098,0.164210,0.113671,-0.465082,1,True,True,0.041357,0.056385,0.028101,-0.068955,0.011612,0.052563,-0.068955,0.011612,0.052563,True,-0.117760,0.019607,0.062756,-0.117760,0.019607,0.062756,2.932182,2.892036,3.030750,3.049050,2.863958,2.850761,3.050951,3.037188,0.130933,0.110420,0.107730,0.128971,0.133203,0.109711,0.090011,0.127083,-378.106720,-152.971542,-267.054688,-74.000977,True,velocity,0.307098,0.302784,0.000000,0.015417,0.022091,False
11.754551717999675,0.202851,1.288220,-2.389657,2.025426,-0.263310,-0.093491,-0.646783,0.636368,1.504080,1.037728,1.390670,0.310622,-0.187364,-0.485034,-0.013673,0.751051,0.110263,-0.650829,0.539221,-0.209635,0.658464,0.091002,-0.706910,-0.007162,0.701389,-0.115239,-0.185855,0.665604,-0.013689,0.751057,0.110276,-0.650819,0.539259,-0.209826,0.658480,-0.090992,0.706913,0.007160,-0.701386,-0.115297,-0.186053,0.665558,0.306983,0.166122,0.116841,-0.462499,1,True,True,0.057336,0.095100,0.053034,-0.110707,0.008684,0.052702,-0.110707,0.008684,0.052702,True,-0.068955,0.011612,0.052563,-0.079464,0.011612,0.052563,2.940167,2.891034,3.068380,3.083143,2.876147,2.850761,3.032326,3.037188,0.090004,0.072758,0.070672,0.088457,0.124910,0.104206,0.106362,0.118893,-378.028473,-152.888535,-266.974060,-73.923271,True,velocity,0.306983,0.303256,0.000000,0.015128,0.022992,False
11.787813030000507,0.205694,1.291699,-2.397946,2.027978,-0.255494,-0.090499,-0.647972,0.635978,1.509573,1.027189,1.394755,0.315871,-0.186264,-0.485494,-0.008604,0.751730,0.116351,-0.649069,0.542636,-0.205225,0.658563,0.084493,-0.708022,-0.013044,0.700996,-0.108158,-0.184461,0.665902,-0.008616,0.751732,0.116354,-0.649066,0.542722,-0.205281,0.658552,-0.084495,0.708022,0.013044,-0.700996,-0.108165,-0.184480,0.665895,0.306962,0.167304,0.119118,-0.461089,1,True,True,0.035458,0.068325,0.042637,-0.076967,0.001246,0.049741,-0.076967,0.001246,0.049741,True,-0.110707,0.008684,0.052702,-0.087019,0.008684,0.052702,2.985140,2.950020,3.113059,3.118384,2.888978,2.850761,3.032326,3.037188,0.096716,0.079123,0.077838,0.095688,0.116521,0.103213,0.113310,0.115436,-377.967926,-152.855881,-266.952698,-73.854210,True,velocity,0.306962,0.303666,0.000000,0.014438,0.024473,False
11.821825189000265,0.209731,1.296444,-2.408963,2.030589,-0.245656,-0.084308,-0.649669,0.635277,1.517260,1.015500,1.398981,0.321582,-0.184960,-0.485976,-0.001474,0.751870,0.125434,-0.647268,0.546950,-0.199513,0.658679,0.076758,-0.709579,-0.020088,0.700145,-0.099702,-0.182855,0.666560,-0.001486,0.751877,0.125438,-0.647259,0.547034,-0.199650,0.658678,-0.076755,0.709579,0.020086,-0.700145,-0.099735,-0.182930,0.666544,0.307218,0.168389,0.121636,-0.459028,1,True,True,0.032561,0.075540,0.054714,-0.082139,-0.004430,0.051204,-0.082139,-0.004430,0.051204,True,-0.076967,0.001246,0.049741,-0.096181,0.001246,0.049741,3.071565,3.058122,-3.086394,-3.095302,2.913356,2.863089,3.044529,3.056013,0.103584,0.086362,0.086673,0.103839,0.103851,0.087592,0.075787,0.107058,-377.897461,-152.780411,-266.884491,-73.785439,True,velocity,0.307218,0.304450,0.000000,0.016632,0.010525,False
11.854813687000387,0.212912,1.300419,-2.416947,2.033413,-0.238797,-0.080672,-0.650445,0.635921,1.522826,1.006584,1.401828,0.326145,-0.185123,-0.486324,0.003529,0.752062,0.131332,-0.645865,0.550071,-0.195206,0.658730,0.071164,-0.710705,-0.024690,0.699445,-0.093441,-0.181730,0.667314,0.003519,0.752068,0.131335,-0.645858,0.550127,-0.195278,0.658730,-0.071166,0.710703,0.024692,-0.699448,-0.093468,-0.181742,0.667301,0.307282,0.169387,0.123600,-0.457674,1,True,True,0.029934,0.058918,0.044128,-0.066083,0.000722,0.049123,-0.066083,0.000722,0.049123,True,-0.082139,-0.004430,0.051204,-0.082139,-0.004430,0.051204,3.121310,3.116503,-2.996875,-3.024325,2.949923,2.863089,3.044987,3.074288,0.089329,0.071112,0.072060,0.089918,0.103050,0.079021,0.074956,0.098882,-377.839417,-152.751541,-266.834961,-73.714424,True,velocity,0.307282,0.304722,0.000000,0.014539,0.011617,False
11.888328533999811,0.216171,1.303766,-2.424340,2.036602,-0.231888,-0.078142,-0.649895,0.637492,1.528637,0.998577,1.404626,0.330508,-0.186183,-0.487351,0.008573,0.752797,0.136144,-0.643963,0.553261,-0.190809,0.658762,0.065833,-0.711961,-0.028692,0.698537,-0.087175,-0.180701,0.668362,0.008562,0.752803,0.136150,-0.643954,0.553295,-0.190906,0.658779,-0.065832,0.711956,0.028697,-0.698542,-0.087214,-0.180734,0.668332,0.307124,0.170554,0.125539,-0.456084,1,True,True,0.035014,0.058158,0.042718,-0.067643,0.005724,0.047239,-0.067643,0.005724,0.047239,True,-0.066083,0.000722,0.049123,-0.066083,0.000722,0.049123,3.051291,3.025375,-3.050126,-3.070571,2.986491,2.863089,3.032326,3.104963,0.074581,0.057360,0.056810,0.074190,0.092753,0.068946,0.072674,0.093597,-377.770782,-152.700760,-266.805115,-73.659462,True,velocity,0.307124,0.304884,0.000000,0.012106,0.013106,False
11.921593955999924,0.219065,1.307106,-2.431120,2.038915,-0.226099,-0.076006,-0.649732,0.638967,1.533769,0.991509,1.407248,0.334670,-0.187580,-0.488096,0.012771,0.753157,0.140813,-0.642466,0.556357,-0.186797,0.658700,0.061070,-0.713185,-0.032057,0.697574,-0.081437,-0.179672,0.669456,0.012762,0.753162,0.140818,-0.642459,0.556383,-0.186877,0.658714,-0.061070,0.713181,0.032063,-0.697578,-0.081470,-0.179699,0.669429,0.307080,0.171787,0.127357,-0.454621,1,True,True,0.036990,0.054543,0.039342,-0.065258,0.009196,0.044916,-0.065258,0.009196,0.044916,True,-0.067643,0.005724,0.047239,-0.067643,0.005724,0.047239,2.990636,2.950843,-3.140542,-3.140765,3.005095,2.863089,3.032326,3.122585,0.076536,0.060480,0.059250,0.075658,0.094849,0.071086,0.077748,0.094789,-377.738007,-152.654160,-266.757965,-73.625420,True,velocity,0.307080,0.304962,0.000000,0.009664,0.014474,False
11.955750021999847,0.221532,1.309954,-2.437793,2.040949,-0.220362,-0.073694,-0.649765,0.640180,1.538472,0.984620,1.410212,0.338617,-0.188329,-0.488369,0.017028,0.753490,0.145432,-0.640946,0.559315,-0.182979,0.658779,0.056074,-0.714199,-0.035319,0.696798,-0.075991,-0.178514,0.670562,0.017019,0.753494,0.145435,-0.640941,0.559348,-0.183052,0.658789,-0.056075,0.714197,0.035323,-0.696800,-0.076016,-0.178548,0.670541,0.307075,0.172893,0.129124,-0.453211,1,True,True,0.033170,0.053016,0.036735,-0.062196,0.006532,0.042510,-0.062196,0.006532,0.042510,True,-0.065258,0.009196,0.044916,-0.065258,0.009196,0.044916,2.942621,2.891838,3.077576,3.090962,3.005095,2.868950,-3.140566,3.123237,0.074216,0.059452,0.057619,0.072950,0.073292,0.063980,0.057502,0.080177,-377.681366,-152.621231,-266.730194,-73.569893,True,velocity,0.307075,0.304975,0.000000,0.007340,0.031927,False
11.990983304999645,0.223338,1.312673,-2.444000,2.042830,-0.215615,-0.070930,-0.649770,0.640883,1.542662,0.978160,1.413015,0.342270,-0.189000,-0.488527,0.021243,0.753422,0.149616,-0.639937,0.561969,-0.179464,0.659030,0.051563,-0.715108,-0.038453,0.696048,-0.071001,-0.177288,0.671529,0.021236,0.753425,0.149617,-0.639933,0.562000,-0.179527,0.659038,-0.051564,0.715107,0.038456,-0.696050,-0.071024,-0.177321,0.671512,0.307191,0.173870,0.130796,-0.451924,1,True,True,0.029331,0.050169,0.032851,-0.057946,0.004414,0.039669,-0.057946,0.004414,0.039669,True,-0.062196,0.006532,0.042510,-0.062196,0.006532,0.042510,2.974079,2.931193,3.117506,3.122519,2.992265,2.942890,3.136839,3.123237,0.070397,0.056198,0.054975,0.069435,0.068377,0.059694,0.054506,0.068046,-377.648712,-152.601151,-266.720551,-73.537804,True,velocity,0.307191,0.304975,0.000000,0.005405,0.002505,False
12.024013506999836,0.225161,1.314981,-2.449972,2.044875,-0.210838,-0.068114,-0.649623,0.641206,1.547055,0.971134,1.416397,0.345601,-0.188882,-0.488627,0.025524,0.753500,0.153548,-0.638756,0.564531,-0.175820,0.659392,0.046494,-0.715779,-0.042000,0.695510,-0.065724,-0.175747,0.672465,0.025517,0.753503,0.153550,-0.638752,0.564560,-0.175892,0.659402,-0.046493,0.715780,0.042001,-0.695510,-0.065750,-0.175804,0.672447,0.307300,0.174802,0.132616,-0.450639,1,True,True,0.027952,0.054603,0.031727,-0.061328,0.001315,0.037333,-0.061328,0.001315,0.037333,True,-0.057946,0.004414,0.039669,-0.057946,0.004414,0.039669,2.999207,2.962417,-3.132898,-3.134711,2.992906,2.966921,3.130240,3.123349,0.065350,0.052035,0.051194,0.064671,0.062454,0.049079,0.054506,0.061225,-377.612152,-152.559433,-266.720551,-73.500977,True,velocity,0.307300,0.304975,0.000000,0.004058,0.020888,False
12.057529038999746,0.227212,1.317275,-2.455918,2.047052,-0.206347,-0.065474,-0.649456,0.640987,1.551874,0.964363,1.419547,0.349595,-0.189203,-0.488905,0.029658,0.753586,0.157367,-0.637546,0.567156,-0.172022,0.659796,0.041743,-0.716911,-0.045784,0.694406,-0.060268,-0.174063,0.673231,0.029652,0.753590,0.157368,-0.637541,0.567177,-0.172098,0.659805,-0.041743,0.716911,0.045786,-0.694406,-0.060295,-0.174117,0.673212,0.307445,0.175817,0.134543,-0.449358,1,True,True,0.030451,0.057809,0.032830,-0.065300,0.002245,0.036009,-0.065300,0.002245,0.036009,True,-0.061328,0.001315,0.037333,-0.061328,0.001315,0.037333,3.054806,3.034908,-3.082395,-3.093479,2.992906,2.955243,3.136839,3.122808,0.067800,0.055145,0.054965,0.067601,0.059516,0.048038,0.054506,0.056183,-377.576019,-152.530411,-266.720551,-73.465538,True,velocity,0.307445,0.304975,0.000000,0.003057,0.021665,False
12.09069912799987,0.229117,1.319451,-2.461078,2.049423,-0.202795,-0.063514,-0.649357,0.640599,1.556187,0.957778,1.422195,0.353308,-0.189584,-0.489121,0.033130,0.753658,0.160440,-0.636522,0.569487,-0.168423,0.660160,0.037545,-0.717866,-0.049459,0.693406,-0.055138,-0.172352,0.673692,0.033125,0.753662,0.160441,-0.636518,0.569505,-0.168490,0.660165,-0.037546,0.717866,0.049460,-0.693406,-0.055162,-0.172393,0.673678,0.307525,0.176838,0.136428,-0.448202,1,True,True,0.030614,0.056530,0.031476,-0.064216,0.003026,0.034676,-0.064216,0.003026,0.034676,True,-0.065300,0.002245,0.036009,-0.065300,0.002245,0.036009,3.048661,3.029582,-3.105014,-3.111280,2.998680,2.948754,-3.140271,3.129111,0.071642,0.059357,0.059182,0.071389,0.053588,0.048789,0.054506,0.053301,-377.542816,-152.501816,-266.720551,-73.433037,True,velocity,0.307525,0.304975,0.000000,0.002283,0.023334,False
12.123259332000089,0.231495,1.321950,-2.467001,2.052288,-0.198982,-0.061192,-0.649864,0.639678,1.561048,0.950194,1.424624,0.356925,-0.189298,-0.488977,0.036904,0.753643,0.164184,-0.635377,0.572042,-0.164245,0.660551,0.032836,-0.718659,-0.053930,0.692491,-0.049389,-0.170401,0.673857,0.036900,0.753647,0.164185,-0.635372,0.572063,-0.164337,0.660549,-0.032836,0.718660,0.053928,-0.692490,-0.049415,-0.170451,0.673851,0.307595,0.177888,0.138517,-0.446806,1,True,True,0.031527,0.062692,0.038707,-0.070162,0.001253,0.035861,-0.070162,0.001253,0.035861,True,-0.064216,0.003026,0.034676,-0.064216,0.003026,0.034676,3.038217,3.017516,-3.120644,-3.124166,3.005095,2.966921,-3.134316,3.129111,0.070448,0.058679,0.058328,0.070090,0.052688,0.049699,0.051686,0.051255,-377.507965,-152.464279,-266.707184,-73.398438,True,velocity,0.307595,0.304975,0.000000,0.001723,0.008147,False
12.156478533000154,0.234560,1.324905,-2.473906,2.056116,-0.194587,-0.058805,-0.650341,0.638498,1.566982,0.942086,1.426659,0.361592,-0.188982,-0.488920,0.041219,0.753778,0.168281,-0.633878,0.574824,-0.159345,0.660925,0.027809,-0.719897,-0.059183,0.690994,-0.042979,-0.168194,0.673780,0.041214,0.753784,0.168285,-0.633870,0.574850,-0.159462,0.660923,-0.027810,0.719896,0.059181,-0.690995,-0.043004,-0.168244,0.673772,0.307524,0.179017,0.140920,-0.445262,1,True,True,0.033842,0.072079,0.049137,-0.079626,-0.000632,0.039766,-0.079626,-0.000632,0.039766,True,-0.070162,0.001253,0.035861,-0.070162,0.001253,0.035861,3.067684,3.053684,-3.092626,-3.100445,3.005095,2.966921,-3.134316,3.129111,0.076317,0.064072,0.064086,0.076213,0.057979,0.049699,0.051447,0.060416,-377.461761,-152.464279,-266.647461,-73.342491,True,velocity,0.307524,0.304975,0.000000,0.001293,0.009405,False
12.18922321700029,0.237513,1.327619,-2.480493,2.060084,-0.190712,-0.057475,-0.650655,0.637728,1.572353,0.934215,1.428091,0.366037,-0.188636,-0.488852,0.045067,0.754114,0.171678,-0.632303,0.577620,-0.154638,0.661133,0.023216,-0.720870,-0.064184,0.689701,-0.036808,-0.166055,0.673425,0.045062,0.754120,0.171683,-0.632295,0.577635,-0.154739,0.661128,-0.023217,0.720869,0.064183,-0.689703,-0.036833,-0.166081,0.673420,0.307200,0.180312,0.143285,-0.443847,1,True,True,0.038858,0.070942,0.051824,-0.080762,0.004490,0.043313,-0.080762,0.004490,0.043313,True,-0.079626,-0.000632,0.039766,-0.079626,-0.000632,0.039766,3.092558,3.083478,-3.066209,-3.077973,-2.585570,2.966921,-3.134316,3.037738,0.071136,0.072494,0.072904,0.086312,0.067209,0.053027,0.056506,0.065890,-377.402618,-152.394806,-266.486053,-73.295761,True,velocity,0.307200,0.304975,0.000000,0.000975,0.010090,False
12.222251178000079,0.241332,1.330951,-2.488811,2.064508,-0.185280,-0.055751,-0.651398,0.636401,1.579029,0.924833,1.429525,0.370856,-0.187988,-0.488879,0.049791,0.754555,0.176535,-0.630082,0.581242,-0.148629,0.661175,0.017805,-0.721902,-0.070453,0.688169,-0.029197,-0.163291,0.672732,0.049784,0.754563,0.176544,-0.630071,0.581261,-0.148779,0.661169,-0.017805,0.721900,0.070450,-0.688171,-0.029229,-0.163352,0.672725,0.306711,0.181926,0.146230,-0.441911,1,True,True,0.048423,0.088343,0.066607,-0.100578,0.005767,0.050164,-0.100578,0.005767,0.050164,True,-0.080762,0.004490,0.043313,-0.080762,0.004490,0.043313,3.030889,3.008916,-3.130479,-3.132336,3.023700,2.966921,-3.134142,3.141512,0.088666,0.073984,0.073403,0.088125,0.073072,0.057126,0.064180,0.072860,-377.353516,-152.353241,-266.431488,-73.252235,True,velocity,0.306711,0.304975,0.000000,0.000732,0.011236,False
12.255738265999753,0.244895,1.334174,-2.497263,2.068675,-0.179611,-0.054576,-0.652156,0.635586,1.585088,0.915963,1.430569,0.375582,-0.187289,-0.488820,0.054381,0.755105,0.181328,-0.627677,0.584936,-0.142842,0.661068,0.012721,-0.722739,-0.076288,0.686780,-0.021998,-0.160636,0.671963,0.054372,0.755112,0.181337,-0.627667,0.584964,-0.142962,0.661057,-0.012722,0.722736,0.076285,-0.686783,-0.022023,-0.160662,0.671961,0.306055,0.183632,0.149127,-0.440114,1,True,True,0.051194,0.086926,0.070359,-0.100474,0.009045,0.056104,-0.100474,0.009045,0.056104,True,-0.100578,0.005767,0.050164,-0.100578,0.005767,0.050164,3.032846,3.012902,-3.137483,-3.138126,3.023059,2.966921,-3.121939,3.141399,0.109750,0.092720,0.092040,0.109106,0.081246,0.065084,0.067314,0.079257,-377.275818,-152.288651,-266.383087,-73.174667,True,velocity,0.306055,0.304975,0.000000,0.000548,0.028719,False
12.291107640000519,0.249328,1.338393,-2.507997,2.073233,-0.172880,-0.052815,-0.653459,0.634138,1.592591,0.905894,1.431503,0.381559,-0.186094,-0.488584,0.060037,0.755390,0.187926,-0.624873,0.589699,-0.135372,0.660762,0.006580,-0.723933,-0.083577,0.684757,-0.013232,-0.157252,0.670898,0.060026,0.755400,0.187941,-0.624857,0.589724,-0.135556,0.660748,-0.006581,0.723930,0.083572,-0.684761,-0.013261,-0.157313,0.670892,0.305256,0.185717,0.152727,-0.437520,1,True,True,0.062554,0.107994,0.092062,-0.124358,0.010523,0.066679,-0.124358,0.010523,0.066679,True,-0.100474,0.009045,0.056104,-0.100474,0.009045,0.056104,2.997897,2.968305,3.117706,3.121847,3.017284,2.966921,-3.134142,3.141086,0.111137,0.092319,0.090918,0.110013,0.094282,0.074028,0.076849,0.091430,-377.202148,-152.235764,-266.321991,-73.102119,True,velocity,0.305256,0.304975,0.000000,0.000406,0.031728,False
12.322834051999962,0.253277,1.342695,-2.517957,2.078284,-0.166470,-0.051828,-0.654709,0.633584,1.599171,0.896883,1.431769,0.387231,-0.185274,-0.487631,0.065212,0.755784,0.193664,-0.622119,0.593812,-0.128408,0.660386,0.000976,-0.724950,-0.089675,0.682939,-0.005536,-0.154206,0.669846,0.065199,0.755793,0.193679,-0.622105,0.593861,-0.128546,0.660364,-0.000982,0.724946,0.089673,-0.682943,-0.005554,-0.154212,0.669852,0.304280,0.187611,0.156135,-0.435211,1,True,True,0.056793,0.102234,0.094657,-0.116674,0.008029,0.074908,-0.116674,0.008029,0.074908,True,-0.124358,0.010523,0.066679,-0.123451,0.010523,0.066679,3.000962,2.972318,3.120061,3.123757,3.017284,2.973410,-3.134490,3.141512,0.133335,0.110949,0.109345,0.132036,0.108850,0.089783,0.090673,0.104917,-377.129883,-152.150391,-266.241058,-73.029854,True,velocity,0.304280,0.304975,0.000000,0.000308,0.031191,False
12.356642138999632,0.257871,1.347331,-2.529133,2.084519,-0.159026,-0.051173,-0.655598,0.633297,1.606969,0.887454,1.431903,0.394064,-0.184188,-0.486223,0.071353,0.756487,0.199894,-0.618611,0.598527,-0.120018,0.659747,-0.005783,-0.726304,-0.096491,0.680542,0.003239,-0.150715,0.668554,0.071336,0.756500,0.199917,-0.618589,0.598562,-0.120211,0.659729,0.005773,0.726299,0.096490,-0.680548,0.003213,-0.150740,0.668553,0.302785,0.189717,0.160095,-0.431985,1,True,True,0.063196,0.118798,0.116517,-0.134372,0.007131,0.087146,-0.134372,0.007131,0.087146,True,-0.116674,0.008029,0.074908,-0.116674,0.008029,0.074908,3.009416,2.977551,-3.130553,-3.132726,3.017691,2.985737,-3.134142,-3.141560,0.130542,0.105350,0.103945,0.129408,0.121544,0.101817,0.103293,0.117876,-377.045746,-152.084259,-266.170074,-72.949356,True,velocity,0.302785,0.304975,0.000000,0.000230,0.017619,False
12.390184318999673,0.261644,1.352041,-2.538502,2.090417,-0.151505,-0.051234,-0.656231,0.633974,1.613492,0.879593,1.431158,0.400038,-0.184644,-0.484942,0.076535,0.757321,0.205217,-0.615218,0.602391,-0.112730,0.658894,-0.010906,-0.727520,-0.101688,0.678421,0.010554,-0.147841,0.667317,0.076517,0.757330,0.205237,-0.615203,0.602442,-0.112856,0.658878,0.010895,0.727512,0.101691,-0.678429,0.010525,-0.147813,0.667319,0.301223,0.191617,0.163599,-0.429236,1,True,True,0.056996,0.105143,0.111842,-0.119355,0.007622,0.094410,-0.119355,0.007622,0.094410,True,-0.134372,0.007131,0.087146,-0.134372,0.007131,0.087146,3.022797,2.993742,-3.111956,-3.117840,3.017691,3.003904,-3.134142,3.141512,0.150244,0.120870,0.119580,0.149187,0.133760,0.109160,0.110851,0.130566,-376.935822,-152.015060,-266.102814,-72.843468,True,velocity,0.301223,0.304975,0.000000,0.000172,0.019284,False
12.42262415300047,0.265394,1.356881,-2.547818,2.096733,-0.143020,-0.051210,-0.656922,0.634732,1.620919,0.870849,1.431270,0.406502,-0.184012,-0.482822,0.082167,0.758234,0.211012,-0.611395,0.606169,-0.104553,0.657579,-0.017895,-0.728637,-0.107562,0.676165,0.018580,-0.144501,0.665905,0.082147,0.758242,0.211036,-0.611380,0.606222,-0.104708,0.658422,0.017883,0.728632,0.107564,-0.676169,0.018550,-0.144496,0.666765,0.299975,0.193285,0.167471,-0.425621,1,True,True,0.050034,0.116153,0.125898,-0.126437,-0.002918,0.103671,-0.126437,-0.002918,0.103671,True,-0.119355,0.007622,0.094410,-0.119355,0.007622,0.094410,3.000825,2.957950,-3.103444,-3.112482,3.017691,2.998065,-3.127719,3.141512,0.136738,0.104961,0.103350,0.135404,0.140999,0.116185,0.117093,0.136327,-376.843903,-151.916428,-266.008942,-72.753769,True,velocity,0.299975,0.304975,-0.010007,0.000130,0.019524,False
12.459545224000067,0.267006,1.362864,-2.555921,2.104541,-0.130957,-0.054304,-0.657692,0.637888,1.627197,0.860872,1.431120,0.416188,-0.185027,-0.478916,0.087481,0.760132,0.216053,-0.606521,0.608866,-0.096759,0.655969,-0.025580,-0.730038,-0.112824,0.673544,0.025953,-0.141546,0.664599,0.087481,0.760132,0.216054,-0.606521,0.608868,-0.096765,0.655973,0.025577,0.730038,0.112824,-0.673544,0.025951,-0.141540,0.664603,0.296513,0.194511,0.171209,-0.421685,2,True,True,0.036780,0.112134,0.140304,-0.117306,-0.012887,0.114445,-0.117306,-0.012887,0.114445,True,-0.126437,-0.002918,0.103671,-0.126437,-0.002918,0.103671,3.073797,3.051939,-2.999038,-3.033604,3.017691,2.998065,-3.128188,-3.141560,0.144166,0.109093,0.109013,0.144062,0.145856,0.119918,0.117555,0.142922,-376.730194,-151.844452,-265.940582,-72.666992,True,velocity,0.296513,0.304975,-0.016928,0.000095,0.008266,False
12.495577243000298,0.269805,1.369204,-2.562322,2.112335,-0.118676,-0.056184,-0.657299,0.640532,1.634741,0.852724,1.430537,0.425608,-0.187918,-0.475486,0.092459,0.762085,0.220958,-0.601544,0.610419,-0.088928,0.654174,-0.032174,-0.732331,-0.117356,0.669988,0.032521,-0.138748,0.663502,0.092458,0.762085,0.220959,-0.601544,0.610421,-0.088934,0.655128,0.032171,0.732331,0.117356,-0.669988,0.032518,-0.138741,0.664451,0.294975,0.194986,0.174821,-0.417773,2,True,True,0.014271,0.108354,0.143201,-0.106516,-0.024463,0.122903,-0.106516,-0.024463,0.122903,True,-0.117306,-0.012887,0.114445,-0.117306,-0.012887,0.114445,3.133312,3.130020,-2.873247,-2.947333,3.017691,3.003898,-3.103141,-3.123399,0.135853,0.096921,0.098812,0.137229,0.145867,0.121327,0.118719,0.142922,-376.646484,-151.752090,-265.845856,-72.666992,True,velocity,0.294975,0.304975,-0.020004,0.000070,0.012091,False
12.528197780000482,0.272208,1.377578,-2.567147,2.119578,-0.104211,-0.056571,-0.657370,0.643082,1.641589,0.843607,1.429706,0.436745,-0.194341,-0.471882,0.097071,0.763450,0.227159,-0.596758,0.610553,-0.081046,0.652337,-0.037364,-0.735253,-0.121598,0.665748,0.037994,-0.135732,0.662736,0.097071,0.763450,0.227160,-0.596758,0.610553,-0.081046,0.652342,0.037363,0.735253,0.121598,-0.665749,0.037994,-0.135730,0.662738,0.292199,0.194464,0.178508,-0.413855,3,True,True,-0.022762,0.111801,0.137847,-0.107483,-0.038273,0.127298,-0.107483,-0.038273,0.127298,True,-0.106516,-0.024463,0.122903,-0.106516,-0.024463,0.122903,-3.067888,-3.032157,-2.709177,-2.840829,3.017691,2.998058,-3.079209,-3.105124,0.125270,0.083397,0.087920,0.128766,0.141462,0.112893,0.113034,0.143743,-376.540741,-151.705078,-265.793243,-72.527626,True,velocity,0.292199,0.304975,-0.025555,0.000053,0.012738,False
12.561168815000201,0.275717,1.386051,-2.571380,2.126349,-0.088685,-0.054122,-0.657627,0.644161,1.649340,0.834365,1.430055,0.447556,-0.200025,-0.467952,0.102118,0.764420,0.234716,-0.591728,0.609245,-0.072637,0.650763,-0.043333,-0.738301,-0.126350,0.661113,0.042543,-0.131998,0.662424,0.102118,0.764420,0.234717,-0.591729,0.609245,-0.072637,0.650770,0.043332,0.738301,0.126351,-0.661113,0.042543,-0.131997,0.662427,0.290907,0.192393,0.182513,-0.409724,3,True,True,-0.093616,0.118164,0.134499,-0.135189,-0.066713,0.129416,-0.135189,-0.066713,0.129416,True,-0.107483,-0.038273,0.127298,-0.107483,-0.038273,0.127298,-2.967726,-2.883298,-2.581188,-2.746368,3.041901,2.998065,-3.079209,-3.068454,0.126226,0.081716,0.089034,0.132715,0.136824,0.103152,0.102832,0.133883,-376.467499,-151.646347,-265.745819,-72.380440,True,velocity,0.290907,0.304975,-0.028138,0.000040,0.030134,False
12.594260646000293,0.279246,1.394331,-2.575143,2.133433,-0.072583,-0.049572,-0.657744,0.644478,1.657368,0.824770,1.430895,0.459961,-0.204203,-0.463607,0.108057,0.765077,0.242630,-0.586610,0.606610,-0.063934,0.649512,-0.050219,-0.741535,-0.132229,0.655835,0.046220,-0.127836,0.662192,0.108056,0.765077,0.242631,-0.586610,0.606610,-0.063935,0.649687,0.050217,0.741535,0.132229,-0.655835,0.046220,-0.127834,0.662363,0.289975,0.189014,0.186683,-0.405243,3,True,True,-0.188313,0.092687,0.139509,-0.167893,-0.104535,0.132385,-0.167893,-0.104535,0.132385,True,-0.135189,-0.066713,0.129416,-0.135189,-0.066713,0.129416,-2.828666,-2.719288,-2.511364,-2.657935,3.023700,2.998065,-3.079209,-3.068454,0.150072,0.104750,0.118115,0.162803,0.131279,0.092830,0.091101,0.127034,-376.392151,-151.573807,-265.663513,-72.306778,True,velocity,0.289975,0.304975,-0.030001,0.000030,0.031248,False
12.628386915999727,0.282472,1.402176,-2.578705,2.139999,-0.056635,-0.042652,-0.658773,0.643833,1.665415,0.813755,1.431858,0.471985,-0.205135,-0.458500,0.114671,0.764963,0.251369,-0.581805,0.602936,-0.055001,0.648652,-0.058542,-0.743856,-0.139594,0.650972,0.049337,-0.123154,0.661909,0.114639,0.764945,0.251413,-0.581814,0.602953,-0.055010,0.649540,0.058541,0.743856,0.139594,-0.650972,0.049337,-0.123152,0.662820,0.289975,0.184449,0.191028,-0.400378,3,True,True,-0.296283,0.027390,0.153071,-0.188467,-0.150105,0.138469,-0.188467,-0.150105,0.138469,True,-0.167893,-0.104535,0.132385,-0.167893,-0.103607,0.132385,-2.711290,-2.600374,-2.452283,-2.579880,-3.082034,2.998065,-3.079209,-2.939348,0.195262,0.131392,0.152575,0.210586,0.133560,0.099382,0.098872,0.129892,-376.271057,-151.495682,-265.588043,-72.187218,True,velocity,0.289975,0.304975,-0.030001,0.000022,0.001257,False
12.685925935999876,0.283870,1.406525,-2.581229,2.140000,-0.040850,-0.034136,-0.655007,0.643348,1.675217,0.797050,1.428114,0.485786,-0.205992,-0.448039,0.123105,0.764536,0.260037,-0.576810,0.598031,-0.045358,0.648443,-0.068812,-0.745463,-0.149312,0.645953,0.052400,-0.117949,0.661389,0.122842,0.764398,0.260401,-0.576886,0.598174,-0.045427,0.648204,0.068811,0.745463,0.149313,-0.645953,0.052398,-0.117945,0.661392,0.289323,0.177239,0.196243,-0.393000,8,True,True,-0.449012,-0.048568,0.235942,-0.172841,-0.180626,0.167138,-0.172841,-0.180626,0.167138,True,-0.188467,-0.150105,0.138469,-0.188467,-0.150105,0.138469,-2.580830,-2.462428,-2.349748,-2.474193,-2.941016,-2.912048,-2.986892,-2.798224,0.234283,0.190896,0.188701,0.255877,0.159740,0.130070,0.152678,0.162611,-376.085938,-151.315704,-265.360199,-71.987862,True,velocity,0.289323,0.304931,-0.031202,-0.000265,0.010593,False
12.727616223000041,0.285108,1.409697,-2.583306,2.140000,-0.025847,-0.025588,-0.648962,0.641832,1.687003,0.781764,1.419924,0.495033,-0.201097,-0.437363,0.131902,0.764413,0.267398,-0.571640,0.592788,-0.036088,0.648737,-0.079107,-0.745523,-0.160051,0.642122,0.055284,-0.113070,0.660351,0.131625,0.764270,0.267777,-0.571719,0.592938,-0.036158,0.648487,0.079107,0.745523,0.160051,-0.642122,0.055282,-0.113067,0.660354,0.289961,0.169655,0.201379,-0.385676,9,True,True,-0.577673,-0.124121,0.288507,-0.150707,-0.199467,0.202835,-0.150707,-0.199467,0.202835,True,-0.172841,-0.180626,0.167138,-0.172841,-0.180626,0.167138,-2.469437,-2.304614,-2.193624,-2.356577,-2.836714,-2.764766,-2.557980,-2.694440,0.240047,0.193226,0.231337,0.268424,0.191566,0.156471,0.187506,0.201559,-375.877777,-151.176346,-265.186676,-71.772041,True,velocity,0.289961,0.304825,-0.029681,-0.000935,0.016004,False
12.777366375999918,0.287153,1.415178,-2.586088,2.140000,-0.009382,-0.013113,-0.644121,0.639518,1.700620,0.764341,1.408072,0.502979,-0.193613,-0.427068,0.141885,0.762780,0.277598,-0.566547,0.586533,-0.025339,0.649138,-0.089548,-0.744325,-0.173326,0.638686,0.058299,-0.107646,0.658938,0.141590,0.762629,0.277997,-0.566628,0.586692,-0.025410,0.648873,0.089547,0.744325,0.173327,-0.638686,0.058297,-0.107642,0.658940,0.291248,0.160800,0.206986,-0.377380,10,False,True,-0.717265,-0.171792,0.334567,-0.126536,-0.215612,0.241580,-0.126536,-0.215612,0.241580,True,-0.150707,-0.199467,0.202835,-0.150707,-0.199467,0.202835,-2.385560,-2.158053,-2.048847,-2.260940,-2.714181,-2.635710,-2.453924,-2.577601,0.240913,0.186285,0.232192,0.274088,0.212760,0.183782,0.215012,0.227403,-375.642853,-150.973633,-264.969574,-71.526367,True,velocity,0.291248,0.304519,-0.026408,-0.002673,0.020795,False
12.810227392999877,0.291019,1.425254,-2.593250,2.140000,0.019144,0.006748,-0.636686,0.635880,1.727179,0.732114,1.387765,0.512893,-0.183311,-0.408663,0.159848,0.759362,0.296826,-0.556518,0.573963,-0.004975,0.649707,-0.109382,-0.740967,-0.196097,0.632889,0.063387,-0.097575,0.657032,0.159297,0.759085,0.297557,-0.556663,0.574257,-0.005097,0.649216,0.109382,0.740967,0.196098,-0.632889,0.063382,-0.097567,0.657037,0.293137,0.142944,0.216539,-0.359964,10,False,True,-1.101340,-0.083998,0.615460,-0.100655,-0.228842,0.346997,-0.100655,-0.228842,0.346997,True,-0.126536,-0.215612,0.241580,-0.126536,-0.215612,0.241580,-2.304170,-2.001488,-1.906184,-2.170382,-2.647163,-2.531839,-2.374181,-2.509896,0.235804,0.176592,0.231752,0.278155,0.231151,0.192939,0.226240,0.245101,-375.482422,-150.850174,-264.777069,-71.355469,True,velocity,0.293137,0.304350,-0.022262,-0.003281,0.021490,False
12.838444304999939,0.295186,1.438205,-2.593026,2.140000,0.040814,0.021174,-0.626768,0.635105,1.740000,0.716152,1.370609,0.521021,-0.173115,-0.392403,0.168929,0.757641,0.307574,-0.550311,0.566669,0.006772,0.649469,-0.120236,-0.739503,-0.207059,0.629130,0.066025,-0.091535,0.656733,0.168313,0.757340,0.308376,-0.550464,0.566993,0.006644,0.648925,0.119808,0.739317,0.206959,-0.629463,0.065577,-0.091572,0.656473,0.295676,0.134688,0.222716,-0.352770,10,False,True,-1.173927,-0.077119,0.484274,-0.073412,-0.238978,0.387373,-0.073412,-0.238978,0.387373,True,-0.100655,-0.228842,0.346997,-0.104175,-0.228842,0.324283,-2.270834,-1.824553,-1.751431,-2.106173,-2.579459,-2.396235,-2.288118,-2.461414,0.235588,0.164308,0.234625,0.292762,0.254415,0.205142,0.233365,0.265727,-375.314606,-150.725311,-264.672852,-71.172157,True,velocity,0.295676,0.304153,-0.016750,-0.004088,0.019011,False
12.873833882999861,0.300144,1.454541,-2.581336,2.140000,0.065030,0.037407,-0.612928,0.629101,1.740000,0.705510,1.366039,0.528611,-0.166826,-0.377149,0.175520,0.756696,0.316284,-0.544580,0.560698,0.016419,0.648878,-0.128993,-0.739116,-0.214660,0.625292,0.067979,-0.086237,0.656957,0.174746,0.756336,0.317269,-0.544756,0.561093,0.016269,0.648202,0.127766,0.738588,0.214381,-0.626263,0.066697,-0.086369,0.656189,0.299356,0.129903,0.226856,-0.343095,10,False,True,-1.121046,-0.107564,0.387156,-0.045178,-0.245884,0.387309,-0.045178,-0.245884,0.387309,True,-0.073412,-0.238978,0.387373,-0.073412,-0.238978,0.387373,-2.203587,-1.616489,-1.601361,-2.026729,-2.493494,-2.274257,-2.159667,-2.369380,0.227601,0.151723,0.243051,0.300474,0.274454,0.202629,0.244205,0.290129,-375.144257,-150.589706,-264.519684,-70.989258,True,velocity,0.299356,0.303750,0.000000,-0.006009,0.003806,False
12.906507345000136,0.305370,1.470195,-2.567029,2.140000,0.089606,0.054106,-0.598572,0.622035,1.740000,0.697288,1.365213,0.535517,-0.161989,-0.364046,0.181457,0.756200,0.324323,-0.538563,0.555138,0.025751,0.648069,-0.136899,-0.739194,-0.221412,0.621150,0.069695,-0.080738,0.657451,0.180707,0.755869,0.325255,-0.538717,0.555505,0.025616,0.647419,0.135615,0.738644,0.221129,-0.622186,0.068349,-0.080890,0.656633,0.302939,0.125869,0.230856,-0.332803,10,False,True,-1.027350,-0.115616,0.308627,-0.016332,-0.249466,0.364167,-0.016332,-0.249466,0.364167,True,-0.045178,-0.245884,0.387309,-0.045178,-0.245884,0.387309,-2.080881,1.674559,-1.500464,-1.932618,-2.432227,3.089549,-2.085808,-2.307770,0.213493,-0.030960,0.245102,0.291823,0.281048,0.191210,0.256420,0.306596,-374.996918,-150.487442,-264.317108,-70.800224,True,velocity,0.302939,0.303528,0.000000,-0.006186,0.007065,False
12.942587808999633,0.310586,1.484555,-2.553989,2.140000,0.112064,0.071425,-0.586838,0.614945,1.740000,0.690149,1.366169,0.542296,-0.158739,-0.353455,0.187055,0.755173,0.332526,-0.533058,0.550297,0.034674,0.647226,-0.143411,-0.739608,-0.227567,0.616949,0.071218,-0.075076,0.657947,0.186417,0.754905,0.333303,-0.533176,0.550597,0.034566,0.646676,0.142329,0.739145,0.227334,-0.617840,0.070081,-0.075213,0.657247,0.306172,0.122457,0.234808,-0.323474,10,False,True,-0.900280,-0.096350,0.224319,0.012734,-0.249675,0.323035,0.012734,-0.249675,0.323035,True,-0.016332,-0.249466,0.364167,-0.016332,-0.249466,0.364167,-1.935630,-1.351883,-1.417039,-1.830829,-2.327978,-2.022638,-1.889874,-2.203797,0.200521,0.162777,0.259799,0.279851,0.263894,0.156441,0.252689,0.313303,-374.813904,-150.379608,-264.122498,-70.562218,True,velocity,0.306172,0.303316,0.000000,-0.006102,0.011469,False
12.971601049999663,0.315463,1.497229,-2.543550,2.140000,0.131891,0.089332,-0.577711,0.607414,1.740000,0.682079,1.368998,0.549016,-0.156637,-0.344475,0.193213,0.753343,0.341138,-0.527984,0.545869,0.043561,0.646681,-0.149708,-0.739958,-0.234020,0.612605,0.072840,-0.068924,0.658376,0.192673,0.753126,0.341783,-0.528074,0.546114,0.043476,0.646219,0.148809,0.739574,0.233833,-0.613358,0.071895,-0.069045,0.657786,0.309108,0.118969,0.238710,-0.314489,10,False,True,-0.764654,-0.048374,0.170823,0.041628,-0.246510,0.278267,0.041628,-0.246510,0.278267,True,0.012734,-0.249675,0.323035,0.007164,-0.249675,0.323035,-1.794277,-1.283496,-1.359377,-1.734410,-2.248428,-1.912349,-1.791655,-2.130046,0.190619,0.171495,0.264674,0.270516,0.243825,0.158341,0.248112,0.304556,-374.671326,-150.284180,-264.038788,-70.401367,True,velocity,0.309108,0.303138,0.012246,-0.006121,0.007483,False
13.005189063000216,0.318987,1.505788,-2.535472,2.140000,0.146195,0.103665,-0.570194,0.600689,1.740000,0.675080,1.372197,0.553503,-0.155003,-0.336588,0.198591,0.751917,0.347238,-0.524030,0.542595,0.050651,0.646660,-0.155226,-0.740038,-0.239031,0.609191,0.074355,-0.063583,0.658674,0.198171,0.751754,0.347735,-0.524094,0.542781,0.050588,0.646301,0.154567,0.739756,0.238898,-0.609752,0.073662,-0.063676,0.658235,0.311470,0.116246,0.241904,-0.306993,10,False,True,-0.599252,0.009372,0.117438,0.069959,-0.240012,0.230964,0.069959,-0.240012,0.230964,True,0.041628,-0.246510,0.278267,0.039764,-0.246510,0.278267,-1.606284,-1.181795,-1.269917,-1.597666,-2.156047,-1.772069,-1.699813,-2.056721,0.181236,0.190727,0.267063,0.251639,0.230625,0.178371,0.243022,0.294444,-374.541016,-150.124725,-263.838318,-70.228516,True,velocity,0.311470,0.303041,0.017123,-0.005303,0.025423,False
13.04577042999972,0.322056,1.513242,-2.529971,2.140000,0.158563,0.117179,-0.563052,0.593015,1.740000,0.665089,1.377820,0.557502,-0.153865,-0.328144,0.204922,0.750109,0.353401,-0.520048,0.539298,0.058409,0.646942,-0.162528,-0.739603,-0.244871,0.605483,0.076507,-0.057116,0.658954,0.204519,0.749957,0.353873,-0.520106,0.539474,0.058351,0.646599,0.161857,0.739317,0.244743,-0.606063,0.075804,-0.057217,0.658500,0.313581,0.112873,0.245257,-0.298697,10,False,True,-0.450543,0.103122,0.135374,0.041628,-0.246510,0.202850,0.041628,-0.246510,0.202850,True,0.069959,-0.240012,0.230964,0.069959,-0.240012,0.230964,-1.426819,-1.094520,-1.184197,-1.456888,-2.003085,-1.636629,-1.595767,-1.940121,0.174219,0.204075,0.264063,0.235172,0.223998,0.207263,0.240847,0.284405,-374.380310,-149.975021,-263.683167,-70.012978,True,velocity,0.313581,0.303006,0.021351,-0.004025,0.001147,False
13.080080884000381,0.324501,1.519094,-2.525985,2.140000,0.167754,0.127098,-0.555913,0.586101,1.740000,0.655958,1.383753,0.560536,-0.153908,-0.320943,0.210107,0.748922,0.357685,-0.516751,0.536873,0.064723,0.647301,-0.168753,-0.739273,-0.249566,0.602258,0.078679,-0.051411,0.659264,0.209752,0.748791,0.358097,-0.516800,0.537026,0.064674,0.647000,0.168110,0.738999,0.249448,-0.602823,0.078006,-0.051514,0.658821,0.315332,0.110311,0.247938,-0.291819,10,False,True,-0.279690,0.149692,0.138838,0.012734,-0.249675,0.184023,0.012734,-0.249675,0.184023,True,0.041628,-0.246510,0.202850,0.042672,-0.246510,0.202850,-1.520197,1.917934,-1.283447,-1.529453,-1.837846,3.125876,-1.521916,-1.805673,0.208166,-0.083668,0.272763,0.258955,0.209354,0.195767,0.239764,0.269953,-374.230316,-149.871506,-263.511169,-69.814873,True,velocity,0.315332,0.303006,0.024802,-0.003010,0.019639,False
13.117542007000338,0.326689,1.524434,-2.523094,2.140000,0.175936,0.135351,-0.549048,0.579198,1.740000,0.645917,1.390813,0.564383,-0.156244,-0.313489,0.214999,0.747883,0.361622,-0.513495,0.534779,0.071054,0.647666,-0.174839,-0.739425,-0.253908,0.598509,0.081247,-0.045338,0.659665,0.214655,0.747757,0.362019,-0.513541,0.534926,0.071009,0.647375,0.174119,0.739118,0.253782,-0.599151,0.080496,-0.045459,0.659161,0.316867,0.107923,0.250641,-0.285020,10,False,True,-0.108821,0.170020,0.158787,-0.010932,-0.205631,0.176600,-0.010932,-0.205631,0.176600,True,0.012734,-0.249675,0.184023,0.012734,-0.249675,0.184023,-1.652286,-1.379372,-1.410484,-1.638835,-1.757654,-1.440056,-1.473100,-1.744064,0.226625,0.230933,0.275214,0.271340,0.209605,0.164688,0.246107,0.267807,-374.084259,-149.761719,-263.298126,-69.641045,True,velocity,0.316867,0.303006,0.027831,-0.002180,0.025329,False
13.148517923000327,0.328759,1.529520,-2.520725,2.140000,0.182428,0.141825,-0.542932,0.572843,1.740000,0.636467,1.398202,0.567254,-0.160414,-0.306744,0.218865,0.746920,0.365016,-0.510854,0.533228,0.076689,0.647845,-0.179962,-0.739754,-0.257148,0.595192,0.083914,-0.039706,0.660140,0.218547,0.746806,0.365381,-0.510896,0.533364,0.076648,0.647576,0.179198,0.739427,0.257019,-0.595883,0.083120,-0.039841,0.659597,0.318174,0.106157,0.252984,-0.278975,10,False,True,0.032079,0.170981,0.163539,-0.031437,-0.171101,0.172759,-0.031437,-0.171101,0.172759,True,-0.010932,-0.205631,0.176600,-0.010932,-0.214049,0.176600,-1.780508,-1.471906,-1.489973,-1.742846,-1.733275,-1.440521,-1.454473,-1.713647,0.196506,0.193265,0.236305,0.239112,0.218098,0.185319,0.261224,0.272425,-373.893982,-149.579376,-263.120392,-69.416992,True,velocity,0.318174,0.303006,0.030419,-0.001667,0.024202,False
13.180862238999907,0.330722,1.534286,-2.518380,2.140000,0.188154,0.146349,-0.537799,0.567074,1.740000,0.627773,1.405736,0.570164,-0.166692,-0.301503,0.221533,0.746247,0.367996,-0.508544,0.532081,0.081782,0.647843,-0.183673,-0.740455,-0.259766,0.592040,0.086601,-0.034432,0.660662,0.221252,0.746147,0.368317,-0.508582,0.532200,0.081748,0.647607,0.182900,0.740123,0.259640,-0.592750,0.085799,-0.034574,0.660104,0.319283,0.104916,0.255130,-0.273527,10,False,True,0.150247,0.157173,0.154221,-0.025597,-0.121443,0.167307,-0.025597,-0.121443,0.167307,True,-0.031437,-0.171101,0.172759,-0.031437,-0.171101,0.172759,-1.956073,-1.584590,-1.581554,-1.877108,-1.739300,-1.440987,-1.460896,-1.713647,0.158012,0.148384,0.190877,0.198962,0.229909,0.206680,0.277424,0.281182,-373.777771,-149.464279,-262.968597,-69.273018,True,velocity,0.319283,0.303006,0.032618,-0.001258,0.009509,False
13.217613495000478,0.332322,1.538069,-2.516299,2.140000,0.193539,0.148676,-0.533800,0.561791,1.740000,0.619848,1.413722,0.573147,-0.174443,-0.298045,0.223171,0.746076,0.370464,-0.506282,0.531207,0.086348,0.647782,-0.186213,-0.741414,-0.262008,0.589051,0.089061,-0.029357,0.661197,0.222937,0.745994,0.370729,-0.506313,0.531306,0.086321,0.647586,0.185486,0.741100,0.261892,-0.589727,0.088310,-0.029495,0.660665,0.320139,0.103947,0.257191,-0.268711,10,False,True,0.230911,0.160990,0.131410,-0.023865,-0.071473,0.156749,-0.023865,-0.071473,0.156749,True,-0.025597,-0.121443,0.167307,-0.025597,-0.129594,0.167307,-2.030694,-1.544723,-1.551842,-1.916393,-1.775871,-1.446361,-1.466677,-1.731529,0.117818,0.108609,0.149572,0.156803,0.204767,0.219658,0.252575,0.248814,-373.660858,-149.345291,-262.819489,-69.125557,True,velocity,0.320139,0.303006,0.034313,-0.000919,0.012705,False
13.252298039999914,0.333508,1.540818,-2.514741,2.140000,0.198012,0.149036,-0.531107,0.556778,1.740000,0.612496,1.421650,0.576012,-0.182860,-0.296994,0.223938,0.746172,0.372515,-0.504294,0.530509,0.090643,0.647825,-0.187500,-0.742303,-0.264508,0.586401,0.091218,-0.024289,0.661639,0.223756,0.746108,0.372719,-0.504318,0.530586,0.090622,0.647672,0.186875,0.742032,0.264410,-0.586988,0.090575,-0.024411,0.661176,0.320882,0.103076,0.259354,-0.264424,10,False,True,0.267157,0.183608,0.103275,-0.026654,-0.021551,0.141021,-0.026654,-0.021551,0.141021,True,-0.023865,-0.071473,0.156749,-0.023865,-0.071473,0.156749,-2.339085,-1.517617,-1.540121,-2.079053,-1.843619,-1.477324,-1.491085,-1.774997,0.063096,0.052303,0.090581,0.098628,0.173423,0.158946,0.206007,0.212626,-373.602539,-149.262131,-262.713867,-69.054268,True,velocity,0.320882,0.303006,0.035785,-0.000684,0.016742,False
13.299447133000285,0.334072,1.542314,-2.514878,2.140000,0.201589,0.148642,-0.530529,0.551512,1.740000,0.604710,1.430393,0.577403,-0.189559,-0.297113,0.224680,0.745983,0.374916,-0.502460,0.529876,0.095081,0.648217,-0.189415,-0.742414,-0.267496,0.584285,0.093041,-0.018620,0.662137,0.224545,0.745935,0.375068,-0.502478,0.529933,0.095066,0.648105,0.188921,0.742199,0.267421,-0.584752,0.092536,-0.018719,0.661768,0.321610,0.101896,0.261827,-0.260552,10,False,True,0.245488,0.226397,0.078406,-0.034821,0.027778,0.122605,-0.034821,0.027778,0.122605,True,-0.026654,-0.021551,0.141021,-0.026654,-0.021551,0.141021,-3.057342,-2.130717,-1.639715,-2.487367,-1.990531,-1.489832,-1.503282,-1.891171,0.024536,0.004045,0.038556,0.052794,0.102531,0.109041,0.144229,0.128878,-373.548676,-149.218338,-262.657654,-68.990517,True,velocity,0.321610,0.303006,0.037232,-0.000465,0.013306,False
13.351866291000078,0.333511,1.540996,-2.514665,2.140000,0.203868,0.148336,-0.531241,0.548247,1.740000,0.597962,1.436603,0.578240,-0.192234,-0.295843,0.225832,0.745922,0.376317,-0.500986,0.529112,0.099070,0.649168,-0.192712,-0.741829,-0.270663,0.582489,0.094505,-0.013247,0.662544,0.225665,0.745863,0.376503,-0.501008,0.529183,0.099054,0.649468,0.192261,0.741556,0.270236,-0.583183,0.093799,-0.013614,0.662819,0.322667,0.100398,0.264468,-0.256805,10,False,True,0.164671,0.279245,0.068209,-0.049572,0.075552,0.106606,-0.049572,0.075552,0.106606,True,-0.034821,0.027778,0.122605,-0.034821,0.027778,0.122605,2.486136,-1.255110,-0.739833,2.916273,-2.297184,-1.587804,-1.558529,-2.062822,0.004976,-0.042553,-0.012929,0.015051,0.055836,0.056049,0.064906,0.061051,-373.510590,-149.212753,-262.658630,-68.956474,True,velocity,0.322667,0.303034,0.039273,-0.000121,0.004284,False
13.383465869999782,0.332622,1.538153,-2.511422,2.140000,0.208292,0.152405,-0.527261,0.543344,1.740000,0.586786,1.440389,0.580575,-0.190829,-0.287259,0.230324,0.746442,0.376328,-0.498148,0.527627,0.107468,0.652025,-0.199950,-0.740594,-0.275799,0.579203,0.097352,-0.003033,0.663322,0.229902,0.746295,0.376801,-0.498207,0.527804,0.107426,0.652504,0.199136,0.740095,0.275003,-0.580498,0.096057,-0.003734,0.663859,0.325062,0.098200,0.271049,-0.250525,10,False,True,0.013006,0.448112,0.150011,-0.072658,0.119904,0.119372,-0.072658,0.119904,0.119372,True,-0.049572,0.075552,0.106606,-0.049572,0.061392,0.106606,2.308701,-1.171120,-0.993945,2.521547,-2.677319,-1.532480,-1.534110,-2.277301,0.016387,-0.075601,-0.049454,0.007183,0.044659,0.002859,-0.000857,0.040039,-373.493713,-149.257401,-262.712067,-68.951591,True,velocity,0.325062,0.303069,0.043977,0.000174,0.003545,False
13.412872793999668,0.333597,1.539891,-2.509876,2.140000,0.209413,0.155491,-0.521368,0.537954,1.740000,0.581552,1.444157,0.580440,-0.192813,-0.282463,0.232886,0.746244,0.376481,-0.497137,0.527101,0.111559,0.653139,-0.202260,-0.740557,-0.277214,0.577770,0.098531,0.001353,0.663735,0.232507,0.746114,0.376904,-0.497190,0.527256,0.111520,0.653263,0.201736,0.740250,0.276781,-0.578555,0.097749,0.000959,0.663944,0.326156,0.097517,0.273425,-0.246841,10,False,True,-0.141855,0.479374,0.141144,-0.050821,0.074924,0.125776,-0.050821,0.074924,0.125776,True,-0.072658,0.119904,0.119372,-0.071577,0.114298,0.119372,2.192439,-1.197427,-1.098091,2.322701,-2.959247,-1.452382,-1.375461,-2.632763,0.065406,-0.129928,-0.103456,0.031560,0.033164,-0.032857,-0.043092,0.022523,-373.484924,-149.307480,-262.783356,-68.950615,True,velocity,0.326156,0.303112,0.046064,0.000467,0.016209,False
13.444411168999977,0.334430,1.541836,-2.509514,2.140000,0.210703,0.157956,-0.517113,0.534041,1.740000,0.577186,1.448058,0.580776,-0.196446,-0.279745,0.234944,0.745873,0.377202,-0.496179,0.526707,0.115325,0.653774,-0.203432,-0.740829,-0.278253,0.576509,0.099450,0.005399,0.664120,0.234620,0.745762,0.377565,-0.496224,0.526839,0.115293,0.653793,0.203139,0.740648,0.277974,-0.576980,0.098986,0.005148,0.664299,0.327017,0.096930,0.275697,-0.244112,10,False,True,-0.244683,0.516985,0.097256,-0.032917,0.028240,0.117388,-0.032917,0.028240,0.117388,True,-0.050821,0.074924,0.125776,-0.050821,0.094725,0.125776,2.151101,-1.309594,-1.215396,2.309278,3.053852,-1.372853,-1.313804,-2.921073,0.081576,-0.113771,-0.084195,0.053105,0.029822,-0.061595,-0.080065,0.013872,-373.440704,-149.350723,-262.834534,-68.932060,True,velocity,0.327017,0.303166,0.047664,0.000765,0.017427,False
13.475156827000319,0.334765,1.542689,-2.510097,2.140000,0.211519,0.159187,-0.514845,0.530696,1.740000,0.573140,1.453484,0.581508,-0.200198,-0.279871,0.236544,0.745514,0.378024,-0.495332,0.526447,0.118913,0.654010,-0.204410,-0.740982,-0.279779,0.575227,0.100166,0.009613,0.664380,0.236237,0.745409,0.378366,-0.495375,0.526570,0.118882,0.653897,0.204300,0.740907,0.279645,-0.575427,0.099970,0.009497,0.664497,0.327190,0.096281,0.278065,-0.241868,9,True,True,-0.299599,0.563010,0.047187,-0.019825,-0.020016,0.096740,-0.019825,-0.020016,0.096740,True,-0.032917,0.028240,0.117388,-0.032917,0.030286,0.117388,2.440143,1.853227,-0.887041,2.849376,2.845571,-3.101516,-1.289411,3.129111,0.063603,0.011161,-0.018879,0.053068,0.058386,-0.068957,-0.082386,0.034999,-373.351715,-149.372208,-262.832184,-68.849472,True,velocity,0.327190,0.303219,0.047893,0.000991,0.015413,False
13.51276748700002,0.334660,1.542522,-2.511135,2.140000,0.211414,0.158917,-0.513806,0.527305,1.739146,0.569053,1.460425,0.580678,-0.202482,-0.281003,0.237707,0.745200,0.378707,-0.494726,0.526334,0.121942,0.654003,-0.206320,-0.740372,-0.281583,0.574449,0.100756,0.013566,0.664342,0.237389,0.745091,0.379062,-0.494771,0.526460,0.121909,0.653803,0.206323,0.740362,0.281527,-0.574489,0.100719,0.013526,0.664442,0.326949,0.095580,0.279928,-0.239420,8,True,True,-0.305970,0.594825,0.023884,-0.012806,-0.069521,0.075312,-0.012806,-0.069521,0.075312,True,-0.019825,-0.020016,0.096740,-0.019825,-0.015679,0.096740,-3.036433,-2.293907,-1.692919,-2.492350,2.716610,-1.378883,-1.276566,3.012938,0.031466,0.003114,0.025367,0.032439,0.080396,-0.028651,-0.029651,0.062024,-373.319336,-149.343613,-262.788788,-68.813759,True,velocity,0.326949,0.303344,0.047129,0.001631,0.004611,False
13.551024717000473,0.334375,1.542324,-2.513308,2.140000,0.209923,0.158318,-0.513129,0.524000,1.737545,0.564838,1.467605,0.577942,-0.203486,-0.282490,0.239058,0.744394,0.379714,-0.494515,0.526409,0.124609,0.653899,-0.208933,-0.738944,-0.283546,0.574378,0.101305,0.016956,0.664112,0.238770,0.744294,0.380037,-0.494558,0.526525,0.124580,0.653729,0.208937,0.738932,0.283484,-0.574422,0.101265,0.016911,0.664222,0.326651,0.094799,0.281135,-0.236584,8,True,True,-0.264923,0.602083,0.033648,-0.013786,-0.119511,0.063058,-0.013786,-0.119511,0.063058,True,-0.012806,-0.069521,0.075312,-0.012806,-0.064619,0.075312,-2.003852,-1.570857,-1.570842,-1.904621,2.753614,-1.385102,-1.308023,3.037636,0.002750,0.054440,0.071309,0.017808,0.072240,-0.006344,0.016624,0.066978,-373.332306,-149.334549,-262.773590,-68.815010,True,velocity,0.326651,0.303434,0.046342,0.001827,0.011896,False
13.576161791999766,0.333939,1.542143,-2.517132,2.140000,0.207324,0.157952,-0.512895,0.520969,1.736928,0.559873,1.473959,0.574459,-0.203661,-0.284432,0.240944,0.743016,0.381201,-0.494529,0.526445,0.127494,0.653750,-0.212021,-0.736984,-0.286049,0.574524,0.101976,0.020386,0.663771,0.240683,0.742924,0.381494,-0.494569,0.526550,0.127468,0.653606,0.212025,0.736972,0.285985,-0.574570,0.101935,0.020339,0.663883,0.326194,0.093678,0.282296,-0.233700,8,True,True,-0.185668,0.595355,0.057089,-0.025840,-0.168036,0.061303,-0.025840,-0.168036,0.061303,True,-0.013786,-0.119511,0.063058,-0.013786,-0.100665,0.063058,-1.828602,-1.603775,-1.599077,-1.793149,2.901167,-1.434217,-1.393452,-3.105124,0.001670,0.009013,0.106149,0.028442,0.032167,0.020813,0.036649,0.042799,-373.357269,-149.310547,-262.752655,-68.832870,True,velocity,0.326194,0.303534,0.045207,0.002260,0.005077,False
13.604702702000395,0.333520,1.542141,-2.521991,2.140000,0.204617,0.156298,-0.512544,0.519029,1.737671,0.555261,1.478741,0.571290,-0.205556,-0.286626,0.242628,0.741835,0.382607,-0.494394,0.526418,0.130109,0.653516,-0.214314,-0.735421,-0.288030,0.574686,0.102677,0.023073,0.663546,0.242329,0.741728,0.382943,-0.494441,0.526540,0.130080,0.653307,0.214316,0.735414,0.287994,-0.574712,0.102652,0.023047,0.663612,0.325535,0.092418,0.283116,-0.231063,7,True,True,-0.066101,0.555613,0.074921,-0.053688,-0.209564,0.065308,-0.053688,-0.209564,0.065308,True,-0.025840,-0.168036,0.061303,-0.025840,-0.165249,0.061303,-1.796753,-1.668234,-1.659810,-1.777690,3.029879,-1.458870,-1.430064,-2.871982,0.018450,0.155030,0.168888,0.080967,-0.008393,0.022363,0.037397,0.001416,-373.358673,-149.285568,-262.729767,-68.847237,True,velocity,0.325535,0.303631,0.043682,0.002512,0.017514,False
13.63471854799991,0.332960,1.541808,-2.527225,2.140000,0.201418,0.153160,-0.512793,0.518570,1.739586,0.551760,1.481854,0.568987,-0.210188,-0.289080,0.243574,0.740887,0.383751,-0.494462,0.526378,0.132061,0.653154,-0.215152,-0.734718,-0.288953,0.574808,0.103216,0.024708,0.663530,0.243282,0.740781,0.384080,-0.494510,0.526497,0.132032,0.652918,0.215153,0.734716,0.288942,-0.574817,0.103206,0.024702,0.663553,0.324717,0.091131,0.283526,-0.228951,6,True,True,0.086744,0.467186,0.072955,-0.099943,-0.228550,0.067557,-0.099943,-0.228550,0.067557,True,-0.053688,-0.209564,0.065308,-0.053646,-0.208667,0.065308,-1.882916,-1.779714,-1.764684,-1.861186,3.133797,-3.021699,-1.478877,-2.639123,0.063182,0.197929,0.211847,0.161090,-0.012069,0.037579,0.037045,-0.015460,-373.329803,-149.264786,-262.692657,-68.841934,True,velocity,0.324717,0.303741,0.041813,0.002778,0.016186,False
13.680011575999742,0.332229,1.541342,-2.530746,2.140000,0.199082,0.149374,-0.512235,0.518757,1.740000,0.548582,1.485320,0.567313,-0.216513,-0.290967,0.243883,0.740477,0.384399,-0.494422,0.526339,0.133570,0.652733,-0.215531,-0.734423,-0.289353,0.574842,0.103742,0.026071,0.663692,0.243795,0.740444,0.384498,-0.494437,0.526377,0.133563,0.652879,0.215311,0.734288,0.289150,-0.575200,0.103409,0.025873,0.663814,0.324307,0.090047,0.283725,-0.226552,10,True,True,0.253750,0.323462,0.077364,-0.082560,-0.181669,0.070442,-0.082560,-0.181669,0.070442,True,-0.099943,-0.228550,0.067557,-0.099943,-0.228550,0.067557,-2.039120,-1.952666,-1.928265,-2.010570,-2.806203,-1.605971,-1.577156,-2.369114,0.165785,0.221192,0.237383,0.245086,0.029240,0.031722,0.056336,0.020059,-373.267731,-149.257950,-262.620819,-68.749023,True,velocity,0.324307,0.303850,0.040781,0.002664,0.029408,False
13.72671254099987,0.332292,1.542301,-2.532494,2.140000,0.198257,0.146764,-0.511401,0.519310,1.740000,0.546130,1.491380,0.565076,-0.223395,-0.294513,0.243935,0.740126,0.385324,-0.494200,0.526480,0.135795,0.651913,-0.216290,-0.734105,-0.289408,0.574936,0.104692,0.028133,0.664481,0.243892,0.740110,0.385373,-0.494208,0.526502,0.135793,0.652303,0.215858,0.733840,0.289014,-0.575634,0.104048,0.027745,0.664708,0.323820,0.089649,0.284513,-0.224007,10,False,True,0.399979,0.225429,0.083278,-0.068247,-0.133761,0.074217,-0.068247,-0.133761,0.074217,True,-0.082560,-0.181669,0.070442,-0.082560,-0.181669,0.070442,-2.070809,-1.958103,-1.925982,-2.031859,-2.579123,-1.679936,-1.675407,-2.264699,0.172249,0.179698,0.196628,0.206751,0.072650,0.025221,0.102923,0.089379,-373.173279,-149.204941,-262.469574,-68.616905,True,velocity,0.323820,0.304091,0.039285,0.003457,0.025074,False
13.75452428799963,0.331325,1.540137,-2.534408,2.139887,0.196038,0.143028,-0.512085,0.518604,1.740000,0.544355,1.494941,0.563516,-0.228814,-0.295979,0.243935,0.740126,0.385324,-0.494200,0.526480,0.135795,0.651913,-0.216290,-0.734105,-0.289408,0.574936,0.104692,0.028133,0.664481,0.243935,0.740126,0.385324,-0.494201,0.526484,0.135796,0.652321,0.215833,0.733831,0.289026,-0.575649,0.104035,0.027749,0.664660,0.323277,0.088726,0.283648,-0.221593,10,False,True,0.487277,0.102892,0.081484,-0.057471,-0.084936,0.076354,-0.057471,-0.084936,0.076354,True,-0.068247,-0.133761,0.074217,-0.068247,-0.145456,0.074217,-2.106049,-1.958136,-1.916309,-2.052852,-2.469115,-1.722759,-1.730641,-2.216197,0.148203,0.143214,0.160839,0.172103,0.094952,0.045237,0.135372,0.143291,-373.097809,-149.136154,-262.360626,-72.502792,True,velocity,0.323277,0.304219,0.037930,0.003709,0.021397,False
13.795616874000189,0.330687,1.539114,-2.535410,2.138750,0.194098,0.142114,-0.511507,0.519332,1.740000,0.543327,1.499776,0.561545,-0.235067,-0.297653,0.244643,0.739461,0.385934,-0.494370,0.526862,0.137304,0.651619,-0.217051,-0.734227,-0.288628,0.574885,0.105234,0.029307,0.665545,0.244643,0.739461,0.385933,-0.494371,0.526868,0.137306,0.652146,0.216452,0.733870,0.288132,-0.575815,0.104382,0.028807,0.665768,0.323078,0.088292,0.284070,-0.218807,10,False,True,0.544297,0.040629,0.088722,-0.050845,-0.035377,0.079992,-0.050845,-0.035377,0.079992,True,-0.057471,-0.084936,0.076354,-0.057471,-0.084936,0.076354,-2.321069,-2.102817,-2.011672,-2.212489,-2.377376,-1.783748,-1.785803,-2.172897,0.103161,0.083278,0.100845,0.117610,0.129620,0.088170,0.168673,0.189831,-372.973480,-149.047150,-262.236176,-68.317665,True,velocity,0.323078,0.304513,0.036894,0.004708,0.001095,False
13.823322788000041,0.329691,1.536604,-2.535753,2.137871,0.192527,0.139754,-0.512108,0.518700,1.740000,0.542082,1.502367,0.560147,-0.239567,-0.298542,0.244643,0.739461,0.385934,-0.494370,0.526862,0.137304,0.651619,-0.217051,-0.734227,-0.288628,0.574885,0.105234,0.029307,0.665545,0.244643,0.739461,0.385933,-0.494371,0.526867,0.137306,0.652113,0.216459,0.733878,0.288159,-0.575789,0.104407,0.028829,0.665727,0.322704,0.087495,0.283441,-0.216299,10,False,True,0.543716,-0.035605,0.083957,-0.048622,0.014574,0.081158,-0.048622,0.014574,0.081158,True,-0.050845,-0.035377,0.079992,-0.050845,-0.042897,0.079992,-2.667129,-2.415100,-2.186083,-2.456149,-2.358771,-1.869532,-1.822444,-2.166595,0.069029,0.042594,0.060310,0.079780,0.135916,0.105735,0.162716,0.183913,-372.916565,-148.998611,-262.165863,-68.272324,True,velocity,0.322704,0.304678,0.035803,0.004979,0.011426,False
13.855886121999902,0.328877,1.534469,-2.535229,2.137088,0.191039,0.139316,-0.512275,0.518879,1.740000,0.541670,1.505269,0.558724,-0.244127,-0.299495,0.245134,0.739203,0.385884,-0.494551,0.527023,0.137816,0.651669,-0.217231,-0.734392,-0.288068,0.574888,0.105417,0.029704,0.666092,0.245134,0.739203,0.385884,-0.494551,0.527028,0.137818,0.652184,0.216618,0.734028,0.287580,-0.575827,0.104561,0.029204,0.666282,0.322530,0.087071,0.283431,-0.213964,10,False,True,0.506205,-0.080196,0.072851,-0.041501,0.064064,0.078715,-0.041501,0.064064,0.078715,True,-0.048622,0.014574,0.081158,-0.048622,0.014574,0.081158,2.767345,-0.613380,3.009369,3.067524,-2.389565,-1.967364,-1.883452,-2.203797,0.028838,-0.009162,0.006305,0.033190,0.121795,0.092384,0.142980,0.158139,-372.888397,-148.995117,-262.115662,-68.220421,True,velocity,0.322530,0.304850,0.035107,0.005055,0.013167,False
13.89974358299969,0.328204,1.532236,-2.533741,2.137052,0.189283,0.139693,-0.512678,0.518892,1.740000,0.541591,1.507911,0.557070,-0.247268,-0.300646,0.245728,0.738966,0.385381,-0.495004,0.527099,0.138041,0.651899,-0.217581,-0.734320,-0.287700,0.575032,0.105620,0.029927,0.666574,0.245728,0.738966,0.385381,-0.495004,0.527104,0.138043,0.652388,0.217004,0.733976,0.287236,-0.575920,0.104813,0.029453,0.666756,0.322353,0.086835,0.283339,-0.211844,10,False,True,0.427639,-0.109738,0.057747,-0.028298,0.112289,0.072548,-0.028298,0.112289,0.072548,True,-0.041501,0.064064,0.078715,-0.041501,0.064064,0.078715,2.210835,-1.206338,-1.093883,2.360411,-2.671495,-2.017324,-2.030574,-2.461130,0.061945,-0.054337,-0.036292,0.002772,0.055642,0.042682,0.094194,0.082482,-372.876801,-149.004181,-262.087616,-68.191406,True,velocity,0.322353,0.305016,0.034440,0.004669,0.024291,False
13.926920128999882,0.327682,1.530218,-2.532056,2.137218,0.189151,0.139669,-0.514352,0.518475,1.740000,0.541861,1.509930,0.556228,-0.249284,-0.301875,0.245728,0.738966,0.385381,-0.495004,0.527099,0.138041,0.651899,-0.217581,-0.734320,-0.287700,0.575032,0.105620,0.029927,0.666574,0.245728,0.738966,0.385381,-0.495004,0.527103,0.138043,0.652281,0.217129,0.734050,0.287337,-0.575729,0.104989,0.029555,0.666714,0.321909,0.086652,0.283156,-0.210134,10,False,True,0.306404,-0.119058,0.036491,-0.006149,0.157116,0.061943,-0.006149,0.157116,0.061943,True,-0.028298,0.112289,0.072548,-0.028298,0.103432,0.072548,1.917899,-1.429602,-1.403512,-1.164904,-2.848903,-1.943358,-2.012591,-2.565199,0.006496,-0.098803,-0.078641,-0.018699,0.034137,0.001306,0.055091,0.048949,-372.848358,-149.037811,-262.103088,-68.191406,True,velocity,0.321909,0.305394,0.032698,0.006641,0.004228,False
13.96522885900049,0.327370,1.528515,-2.530069,2.138230,0.188753,0.140484,-0.515719,0.518651,1.740000,0.543062,1.512396,0.555390,-0.250400,-0.303679,0.246054,0.738979,0.384900,-0.495195,0.527166,0.138062,0.652064,-0.217811,-0.734331,-0.287404,0.575079,0.105629,0.029915,0.666957,0.246054,0.738979,0.384900,-0.495196,0.527169,0.138063,0.652351,0.217497,0.734140,0.287133,-0.575576,0.105181,0.029642,0.667085,0.321507,0.086802,0.283170,-0.208951,10,False,True,0.155993,-0.091683,0.010044,0.041510,0.172234,0.046678,0.041510,0.172234,0.046678,True,-0.006149,0.157116,0.061943,-0.006149,0.157116,0.061943,1.671721,-1.597390,-1.600088,-1.459709,-3.100637,-1.698103,-1.932951,-2.504495,0.009922,-0.163927,-0.141381,-0.075542,0.023548,-0.039378,-0.006532,0.010530,-372.846680,-149.098770,-262.166718,-68.239815,True,velocity,0.321507,0.305603,0.031492,0.006312,0.010453,False
13.98160396000003,0.327028,1.526948,-2.529504,2.139692,0.188490,0.140748,-0.517603,0.518916,1.740000,0.544087,1.515090,0.555190,-0.251084,-0.305775,0.246516,0.738977,0.384652,-0.495161,0.527204,0.138048,0.652273,-0.218198,-0.734394,-0.287261,0.574923,0.105480,0.029831,0.667381,0.246516,0.738977,0.384652,-0.495161,0.527207,0.138048,0.652364,0.217920,0.734251,0.287156,-0.575263,0.105166,0.029698,0.667274,0.320866,0.086814,0.283095,-0.208228,5,True,True,-0.003498,-0.017555,-0.014961,0.000000,0.000000,0.028549,0.000000,0.000000,0.028549,True,0.041510,0.172234,0.046678,0.009383,0.169907,0.046678,1.562555,-1.669087,-1.675884,-1.579612,3.109421,-1.685776,-1.883543,-2.393722,0.004203,-0.176452,-0.161553,-0.112723,0.017915,-0.052502,-0.023203,-0.022776,-372.865509,-149.115799,-262.190704,-68.302040,True,velocity,0.320866,0.305603,0.030254,0.005424,0.026836,False
14.0105534610002,0.326268,1.524777,-2.529364,2.140000,0.187533,0.140833,-0.519605,0.519563,1.740000,0.545050,1.517279,0.555361,-0.251434,-0.307361,0.247077,0.738828,0.384376,-0.495319,0.527160,0.137905,0.652612,-0.218840,-0.734464,-0.287232,0.574604,0.105186,0.029650,0.667886,0.246874,0.738750,0.384609,-0.495357,0.527248,0.137886,0.652433,0.218527,0.734319,0.287196,-0.574927,0.104883,0.029564,0.667628,0.320407,0.086534,0.282943,-0.207421,3,True,True,-0.011887,-0.022128,-0.019282,0.000000,0.000000,0.000000,0.000000,0.000000,0.000000,True,0.000000,0.000000,0.028549,0.039007,0.142890,0.028549,-1.800003,-1.861901,-1.875639,-1.811077,3.029879,-1.661121,-1.828304,-2.210113,-0.017560,-0.143653,-0.146008,-0.128986,-0.004183,-0.060133,-0.067662,-0.082790,-372.912109,-149.135742,-262.256561,-68.418106,True,velocity,0.320407,0.306031,0.028376,0.007524,0.006545,False
14.047043941000084,0.325420,1.522207,-2.529320,2.140000,0.186323,0.141052,-0.520373,0.520391,1.740000,0.546052,1.518708,0.555404,-0.249972,-0.308221,0.247873,0.738851,0.383739,-0.495382,0.526996,0.137378,0.653161,-0.220072,-0.734206,-0.287455,0.574352,0.104668,0.029146,0.668466,0.247591,0.738741,0.384063,-0.495436,0.527120,0.137349,0.652964,0.219764,0.734056,0.287384,-0.574696,0.104345,0.029037,0.668278,0.320357,0.085998,0.282509,-0.206691,4,True,True,-0.027958,-0.035139,0.002613,-0.006877,-0.044374,0.000000,-0.006877,-0.044374,0.000000,True,0.000000,0.000000,0.000000,0.000000,0.018036,0.000000,1.570796,-1.570796,-1.570796,-1.570796,3.090662,-1.679936,-1.816138,-2.111551,0.001580,-0.017928,-0.017495,-0.015462,-0.043887,-0.055727,-0.097220,-0.146092,-372.964020,-149.161133,-262.315155,-68.494980,True,velocity,0.320357,0.306263,0.027827,0.007215,0.008357,False
14.085728947000462,0.324776,1.520382,-2.528788,2.140000,0.185601,0.141795,-0.520799,0.520942,1.740000,0.546812,1.519199,0.555597,-0.248330,-0.308339,0.248408,0.738728,0.383483,-0.495495,0.526867,0.136907,0.653456,-0.221070,-0.733965,-0.287785,0.574111,0.104299,0.028700,0.668801,0.248263,0.738671,0.383650,-0.495523,0.526932,0.136893,0.653468,0.220798,0.733818,0.287644,-0.574474,0.103968,0.028539,0.668763,0.320469,0.085583,0.282139,-0.206022,7,True,True,0.001594,-0.062071,0.022676,0.004097,0.004407,0.000000,0.004097,0.004407,0.000000,True,-0.006877,-0.044374,0.000000,-0.006877,-0.044374,0.000000,-1.724555,-1.724555,-1.724555,-1.724555,3.097233,-1.483344,-1.797472,-2.007767,0.004903,0.044871,0.044785,0.043115,-0.063720,-0.020762,-0.055936,-0.119061,-372.973480,-149.113281,-262.268829,-68.479630,True,velocity,0.320469,0.306503,0.027586,0.006929,0.019366,False
14.125659391000227,0.324652,1.519842,-2.527738,2.140000,0.186010,0.142568,-0.521362,0.521192,1.740000,0.547317,1.518910,0.555723,-0.247964,-0.308378,0.248408,0.738728,0.383483,-0.495495,0.526867,0.136907,0.653456,-0.221070,-0.733965,-0.287785,0.574111,0.104299,0.028700,0.668801,0.248283,0.738679,0.383627,-0.495519,0.526924,0.136896,0.653503,0.220818,0.733825,0.287632,-0.574463,0.103979,0.028533,0.668802,0.320462,0.085657,0.282304,-0.205875,8,True,True,0.000354,-0.052208,0.027103,0.019676,0.048359,0.000000,0.019676,0.048359,0.000000,True,0.004097,0.004407,0.000000,0.004097,0.004277,0.000000,-2.334657,-2.334657,-2.334657,-2.334657,-3.075620,-1.703943,-1.779487,-1.940121,-0.004370,-0.004783,-0.005033,-0.005468,-0.017847,0.026568,0.012819,0.002876,-372.949768,-149.089706,-262.233551,-68.419922,True,velocity,0.320462,0.307013,0.026468,0.008602,0.011032,False
14.147878888000378,0.324075,1.518372,-2.527993,2.140000,0.184758,0.144395,-0.522334,0.521814,1.740000,0.547967,1.520623,0.556267,-0.244729,-0.308981,0.249396,0.738250,0.383219,-0.495916,0.526261,0.135539,0.653916,-0.222903,-0.733605,-0.288149,0.573679,0.103394,0.027672,0.669583,0.249182,0.738167,0.383465,-0.495956,0.526356,0.135517,0.653820,0.222608,0.733456,0.288046,-0.574036,0.103065,0.027538,0.669460,0.320419,0.084889,0.281236,-0.206179,5,True,True,-0.065994,-0.055064,0.017975,0.004231,0.000805,0.000000,0.004231,0.000805,0.000000,True,0.019676,0.048359,0.000000,0.019676,0.035067,0.000000,-2.142576,-2.142576,-2.142576,-2.142576,-3.075620,-1.679446,-1.742843,-1.890762,-0.020223,-0.030483,-0.031288,-0.032894,0.002400,0.030006,0.034551,0.032461,-372.949921,-149.107986,-262.241760,-68.431923,True,velocity,0.320419,0.307353,0.025640,0.009825,0.000943,False
14.184517589999814,0.324040,1.517967,-2.526899,2.140000,0.185231,0.145314,-0.522833,0.522004,1.740000,0.548571,1.520254,0.556388,-0.244111,-0.309000,0.249396,0.738250,0.383219,-0.495916,0.526261,0.135539,0.653916,-0.222903,-0.733605,-0.288149,0.573679,0.103394,0.027672,0.669583,0.249189,0.738170,0.383457,-0.495954,0.526352,0.135518,0.653839,0.222629,0.733464,0.288038,-0.574022,0.103078,0.027535,0.669495,0.320432,0.085005,0.281421,-0.206138,6,True,True,-0.062432,-0.045202,0.019186,-0.005966,-0.048144,0.000000,-0.005966,-0.048144,0.000000,True,0.004231,0.000805,0.000000,0.004231,0.022111,0.000000,-1.759885,-1.759885,-1.759885,-1.759885,-2.928993,-1.703943,-1.773098,-1.921434,-0.007787,-0.022477,-0.022510,-0.022219,0.008586,0.010157,0.016619,0.016605,-372.974060,-149.126251,-262.266602,-68.476143,True,velocity,0.320432,0.307691,0.025000,0.009659,0.005447,False
14.223058171000048,0.323704,1.516915,-2.525715,2.140000,0.185237,0.146844,-0.523264,0.522417,1.740000,0.548888,1.520956,0.556941,-0.242302,-0.309256,0.249741,0.738162,0.382969,-0.496066,0.525700,0.134588,0.654086,-0.223859,-0.733402,-0.288533,0.573373,0.102850,0.027109,0.669964,0.249600,0.738107,0.383133,-0.496092,0.525764,0.134574,0.654105,0.223586,0.733256,0.288390,-0.573738,0.102518,0.026945,0.669932,0.320530,0.084484,0.280824,-0.206176,7,True,True,-0.032147,-0.078853,0.018052,-0.003186,-0.085095,0.000000,-0.003186,-0.085095,0.000000,True,-0.005966,-0.048144,0.000000,-0.005966,-0.048144,0.000000,-1.694094,-1.694094,-1.694094,-1.694094,-2.683388,-1.422354,-1.797472,-1.903161,0.026647,0.046733,0.048254,0.047390,-0.014592,-0.016753,-0.012402,-0.020505,-372.988556,-149.099747,-262.243713,-68.461914,True,velocity,0.320530,0.308062,0.024454,0.009660,0.011736,False
14.272033160999854,0.323303,1.515494,-2.523565,2.140000,0.185069,0.149062,-0.523997,0.522825,1.740000,0.549219,1.522399,0.557425,-0.239586,-0.309462,0.250008,0.738049,0.382482,-0.496475,0.524556,0.132855,0.654233,-0.225447,-0.733073,-0.288960,0.572958,0.101819,0.026135,0.670497,0.249940,0.738023,0.382560,-0.496488,0.524587,0.132849,0.654376,0.225209,0.732934,0.288773,-0.573323,0.101493,0.025941,0.670573,0.320627,0.083512,0.279693,-0.206331,10,True,True,0.021294,-0.133362,0.013414,0.002242,-0.035390,0.000000,0.002242,-0.035390,0.000000,True,-0.003186,-0.085095,0.000000,-0.003186,-0.085095,0.000000,-1.608221,-1.608221,-1.608221,-1.608221,-2.376734,-1.746613,-1.773064,-1.841817,0.057078,0.084340,0.083908,0.082459,-0.015962,0.032753,0.026518,0.014540,-372.980042,-149.041718,-262.180664,-68.394814,True,velocity,0.320627,0.308828,0.023016,0.011637,0.012000,False
14.304570199000409,0.323037,1.514367,-2.521368,2.140000,0.185412,0.150960,-0.525176,0.523232,1.740000,0.549911,1.522783,0.557768,-0.238009,-0.309796,0.250019,0.737984,0.382240,-0.496752,0.523877,0.131866,0.654238,-0.226065,-0.732945,-0.289096,0.572808,0.101219,0.025547,0.670713,0.249963,0.737963,0.382305,-0.496762,0.523903,0.131861,0.654377,0.225835,0.732812,0.288921,-0.573158,0.100907,0.025364,0.670778,0.320543,0.083068,0.279233,-0.206451,10,True,True,0.043080,-0.152247,0.009822,0.012648,0.013515,0.000000,0.012648,0.013515,0.000000,True,0.002242,-0.035390,0.000000,0.002242,-0.045736,0.000000,-1.521805,-1.521805,-1.521805,-1.521805,-2.223408,-1.716764,-1.742843,-1.805673,0.034975,0.044923,0.044676,0.043958,0.000549,0.046224,0.052101,0.050919,-372.972229,-149.027618,-262.151520,-68.358536,True,velocity,0.320543,0.309222,0.022056,0.011736,0.013224,False
14.324413059999642,0.322614,1.512977,-2.519679,2.140000,0.185640,0.152165,-0.526626,0.523926,1.740000,0.550933,1.523058,0.558720,-0.236825,-0.310321,0.249891,0.738074,0.381826,-0.497001,0.522922,0.130455,0.654241,-0.226362,-0.733093,-0.289032,0.572534,0.100168,0.024513,0.670942,0.249802,0.738040,0.381928,-0.497017,0.522964,0.130446,0.654282,0.226078,0.732947,0.288907,-0.572897,0.099837,0.024361,0.670869,0.320272,0.082309,0.278483,-0.206925,6,True,True,0.009697,-0.159589,-0.004398,0.029323,0.060652,0.000000,0.029323,0.060652,0.000000,True,0.012648,0.013515,0.000000,0.012318,-0.006953,0.000000,2.627696,-0.513896,-0.513896,-0.513896,-2.162462,-1.698103,-1.712044,-1.768470,-0.001099,0.005257,0.004989,0.004399,0.008290,0.046248,0.056399,0.061040,-372.970428,-149.027618,-262.150543,-68.351006,True,velocity,0.320272,0.309678,0.020508,0.013598,0.001664,False
14.348637232999863,0.322062,1.511855,-2.518733,2.140000,0.186236,0.152754,-0.528331,0.524504,1.740000,0.552253,1.523141,0.560317,-0.235881,-0.310966,0.249842,0.738170,0.381627,-0.497036,0.522335,0.129679,0.654283,-0.226277,-0.733456,-0.289068,0.572084,0.099335,0.023852,0.671034,0.249607,0.738081,0.381899,-0.497078,0.522440,0.129654,0.654076,0.225973,0.733319,0.289034,-0.572397,0.099044,0.023768,0.670786,0.319889,0.081867,0.278206,-0.207331,2,True,True,-0.056922,-0.126741,-0.016579,0.055542,0.103227,0.000000,0.055542,0.103227,0.000000,True,0.029323,0.060652,0.000000,0.029323,0.050584,0.000000,-2.096154,-2.096154,-2.096154,-2.096154,-2.052118,-1.470728,-1.675407,-1.725655,-0.058412,-0.047401,-0.053369,-0.054501,0.006540,0.030875,0.044265,0.036033,-372.986877,-149.035568,-262.163086,-68.374023,True,velocity,0.319889,0.310109,0.018838,0.014438,0.010045,False
14.386667575000502,0.322263,1.511573,-2.517093,2.140000,0.186839,0.154117,-0.528714,0.524474,1.740000,0.553016,1.523148,0.560337,-0.235214,-0.311004,0.249842,0.738170,0.381627,-0.497036,0.522335,0.129679,0.654283,-0.226277,-0.733456,-0.289068,0.572084,0.099335,0.023852,0.671034,0.249588,0.738074,0.381921,-0.497080,0.522447,0.129651,0.654111,0.226121,0.733379,0.289015,-0.572272,0.099161,0.023784,0.670971,0.319997,0.082075,0.278348,-0.207150,4,True,True,-0.140312,-0.046912,-0.011165,0.034526,0.057858,0.000000,0.034526,0.057858,0.000000,True,0.055542,0.103227,0.000000,0.055542,0.103227,0.000000,-2.064426,-2.064426,-2.064426,-2.064426,-2.051836,-1.728598,-1.724218,-1.774345,-0.117211,-0.110673,-0.110502,-0.112323,-0.012182,-0.006806,0.009123,0.009774,-373.027344,-149.066818,-262.177887,-68.398575,True,velocity,0.319997,0.310566,0.018175,0.013742,0.016376,False
14.422783465000066,0.322352,1.511420,-2.515619,2.140000,0.187495,0.155438,-0.528801,0.524059,1.739428,0.553987,1.523754,0.561270,-0.233965,-0.311015,0.249913,0.738218,0.381489,-0.497035,0.521768,0.129022,0.654393,-0.226261,-0.733623,-0.289233,0.571793,0.098510,0.023317,0.671071,0.249639,0.738115,0.381807,-0.497082,0.521888,0.128992,0.654186,0.226262,0.733619,0.289211,-0.571809,0.098494,0.023302,0.671114,0.320142,0.081746,0.277923,-0.207208,4,True,True,-0.199716,-0.014000,-0.012896,0.017981,0.010675,0.000000,0.017981,0.010675,0.000000,True,0.034526,0.057858,0.000000,0.034526,0.060819,0.000000,-2.087112,-2.087112,-2.087112,-2.087112,-2.046063,-1.795929,-1.785232,-1.835944,-0.069876,-0.066991,-0.066773,-0.067741,-0.056439,-0.029080,-0.026174,-0.042306,-373.121796,-149.100998,-262.224884,-68.469032,True,velocity,0.320142,0.311475,0.016494,0.016780,0.004184,False
14.456018703000154,0.322180,1.510751,-2.514525,2.140000,0.188006,0.156708,-0.529080,0.523162,1.737597,0.554769,1.524886,0.562816,-0.231325,-0.310736,0.250225,0.738239,0.381339,-0.496962,0.520930,0.128239,0.654811,-0.226697,-0.733613,-0.289926,0.571282,0.097144,0.022814,0.671059,0.249938,0.738132,0.381672,-0.497011,0.521055,0.128207,0.654592,0.226698,0.733609,0.289905,-0.571298,0.097129,0.022800,0.671099,0.320462,0.081001,0.277366,-0.207167,4,True,True,-0.228814,-0.010931,-0.011673,0.007058,-0.038118,0.000000,0.007058,-0.038118,0.000000,True,0.017981,0.010675,0.000000,0.017981,0.021843,0.000000,-2.259514,-2.259514,-2.259514,-2.259514,-2.052118,-1.863553,-1.852669,-1.897698,-0.027686,-0.026103,-0.025983,-0.026460,-0.079293,-0.039818,-0.042144,-0.063093,-373.141052,-149.125000,-262.259613,-68.500977,True,velocity,0.320462,0.311987,0.016128,0.016427,0.005037,False
14.49241694200009,0.322000,1.509941,-2.513136,2.140000,0.188431,0.157855,-0.528998,0.522462,1.736560,0.555058,1.524783,0.563256,-0.229015,-0.309830,0.250498,0.738344,0.381060,-0.496882,0.520416,0.127884,0.655290,-0.227234,-0.733376,-0.290423,0.571120,0.096465,0.022659,0.671051,0.250259,0.738255,0.381337,-0.496922,0.520520,0.127857,0.655112,0.227235,0.733372,0.290401,-0.571136,0.096450,0.022644,0.671091,0.320880,0.080559,0.277206,-0.206877,5,True,True,-0.203332,-0.016654,-0.002973,0.002644,-0.087922,0.000000,0.002644,-0.087922,0.000000,True,0.007058,-0.038118,0.000000,0.007058,-0.038118,0.000000,-1.387696,-1.387696,-1.387696,-1.387696,-2.082626,-1.562671,-1.914326,-1.952522,0.029919,0.038174,0.033513,0.032745,-0.069254,-0.032712,-0.044715,-0.054805,-373.164886,-149.114395,-262.257263,-68.493446,True,velocity,0.320880,0.312459,0.016067,0.015495,0.009086,False
14.515359195999736,0.321943,1.509725,-2.512331,2.140000,0.188920,0.158553,-0.529578,0.522690,1.736480,0.555540,1.524563,0.563499,-0.228451,-0.309954,0.250498,0.738344,0.381060,-0.496882,0.520416,0.127884,0.655290,-0.227234,-0.733376,-0.290423,0.571120,0.096465,0.022659,0.671051,0.250196,0.738232,0.381410,-0.496932,0.520547,0.127850,0.655042,0.227234,0.733375,0.290415,-0.571126,0.096457,0.022656,0.671070,0.320824,0.080702,0.277375,-0.206961,3,True,True,-0.112435,-0.027035,-0.005499,0.009116,-0.115280,0.000000,0.009116,-0.115280,0.000000,True,0.002644,-0.087922,0.000000,0.002644,-0.066515,0.000000,-1.531069,-1.531069,-1.531069,-1.531069,-2.039929,-1.888208,-1.883543,-1.921846,0.058134,0.062368,0.062476,0.061550,-0.054781,-0.018309,-0.032653,-0.036147,-373.173401,-149.102264,-262.246643,-68.496513,True,velocity,0.320824,0.312903,0.015031,0.016230,0.000907,False
14.554071757000202,0.321032,1.507043,-2.512044,2.140000,0.188824,0.157825,-0.529237,0.522516,1.736471,0.556053,1.522175,0.564614,-0.227938,-0.307412,0.251026,0.738993,0.380118,-0.496373,0.519576,0.127354,0.656627,-0.227050,-0.733790,-0.290354,0.570697,0.095313,0.021938,0.671271,0.250799,0.738909,0.380381,-0.496411,0.519675,0.127328,0.656433,0.227050,0.733790,0.290354,-0.570697,0.095311,0.021940,0.671274,0.321583,0.079476,0.277050,-0.206266,5,True,True,-0.034505,-0.051545,0.015353,0.011792,-0.065352,0.000000,0.011792,-0.065352,0.000000,True,0.009116,-0.115280,0.000000,0.009116,-0.115280,0.000000,-1.491888,-1.491888,-1.491888,-1.491888,-1.917396,-1.771271,-1.773029,-1.817420,0.105328,0.110336,0.111100,0.109567,-0.022935,0.024697,0.024169,-0.009286,-373.173676,-149.037949,-262.153473,-68.497765,True,velocity,0.321583,0.313359,0.015698,0.014988,0.023900,False
14.579255405999902,0.320657,1.506095,-2.512435,2.140000,0.188634,0.157639,-0.530213,0.523320,1.737315,0.556153,1.521274,0.564873,-0.227859,-0.307647,0.251026,0.738993,0.380118,-0.496373,0.519576,0.127354,0.656627,-0.227050,-0.733790,-0.290354,0.570697,0.095313,0.021938,0.671271,0.250822,0.738917,0.380354,-0.496407,0.519664,0.127331,0.656449,0.227050,0.733790,0.290354,-0.570697,0.095311,0.021939,0.671271,0.321366,0.079317,0.277252,-0.206507,2,True,True,0.027099,-0.047337,0.008125,0.005132,-0.015797,0.000000,0.005132,-0.015797,0.000000,True,0.011792,-0.065352,0.000000,0.011792,-0.096622,0.000000,-1.449351,-1.449351,-1.449351,-1.449351,-1.855809,-1.752756,-1.730058,-1.774345,0.089409,0.092893,0.093529,0.092244,-0.007866,0.050164,0.053438,0.004542,-373.148712,-148.999298,-262.140350,-68.482979,True,velocity,0.321366,0.313803,0.014351,0.015517,0.017105,False
14.619006759000513,0.319955,1.504114,-2.512223,2.140000,0.189088,0.155826,-0.528710,0.524748,1.737745,0.559110,1.516477,0.566772,-0.230991,-0.304565,0.251372,0.740119,0.378758,-0.495559,0.519130,0.126923,0.658174,-0.224630,-0.735485,-0.288477,0.570424,0.094210,0.020132,0.671882,0.251113,0.740023,0.379059,-0.495603,0.519244,0.126893,0.657952,0.224630,0.735485,0.288478,-0.570424,0.094207,0.020135,0.671885,0.322368,0.078650,0.276957,-0.205900,5,True,True,0.023591,-0.054425,0.026338,0.003194,0.034165,0.000000,0.003194,0.034165,0.000000,True,0.005132,-0.015797,0.000000,0.005132,-0.015797,0.000000,-1.256690,-1.256690,-1.256690,-1.256690,-1.757654,-1.943358,-1.638177,-1.682707,0.014569,0.012846,0.015298,0.014996,0.029686,0.067561,0.073335,0.027823,-373.097931,-148.975174,-262.102539,-68.420479,True,velocity,0.322368,0.314266,0.015482,0.014433,0.024698,False
14.651576000000205,0.319589,1.503036,-2.511839,2.140000,0.189058,0.154411,-0.528119,0.526038,1.737760,0.561464,1.512922,0.567662,-0.232446,-0.302848,0.251110,0.740873,0.377717,-0.495360,0.519048,0.126522,0.658958,-0.222834,-0.736433,-0.287003,0.570649,0.093541,0.018862,0.672095,0.250804,0.740759,0.378073,-0.495413,0.519183,0.126487,0.658696,0.222833,0.736433,0.287003,-0.570649,0.093537,0.018866,0.672099,0.322875,0.078582,0.276894,-0.206057,4,True,True,-0.011211,-0.046175,0.021643,0.007277,0.046956,0.000000,0.007277,0.046956,0.000000,True,0.003194,0.034165,0.000000,0.003194,0.020665,0.000000,-1.724129,-1.724129,-1.724129,-1.724129,-1.635361,-1.563149,-1.570733,-1.609221,-0.020828,-0.020861,-0.020665,-0.020772,0.041362,0.053695,0.054137,0.041613,-373.088715,-148.968887,-262.075195,-68.412247,True,velocity,0.322875,0.315084,0.014729,0.017046,0.008476,False
14.688381126000422,0.319259,1.502157,-2.510742,2.140000,0.188511,0.152718,-0.527049,0.527231,1.737065,0.564548,1.508937,0.567813,-0.233653,-0.301044,0.250441,0.741670,0.376392,-0.495513,0.519078,0.125870,0.659639,-0.220658,-0.737267,-0.285181,0.571331,0.092733,0.017177,0.672152,0.250200,0.741581,0.376673,-0.495556,0.519184,0.125841,0.659432,0.220657,0.737267,0.285181,-0.571331,0.092730,0.017180,0.672155,0.323469,0.078734,0.276661,-0.206125,5,True,True,-0.051135,-0.036410,0.019597,0.002906,-0.002852,0.000000,0.002906,-0.002852,0.000000,True,0.007277,0.046956,0.000000,0.007277,0.046956,0.000000,-1.724555,-1.724555,-1.724555,-1.724555,-1.623170,-1.556966,-1.564952,-1.590294,-0.047273,-0.046851,-0.046913,-0.047089,0.028588,0.021999,0.037200,0.040187,-373.107422,-148.974335,-262.067383,-68.420059,True,velocity,0.323469,0.315519,0.015118,0.015632,0.012029,False
14.715701394000462,0.319076,1.501822,-2.510702,2.140000,0.188693,0.152950,-0.527587,0.527765,1.737466,0.564791,1.508148,0.568138,-0.233126,-0.301048,0.250441,0.741670,0.376392,-0.495513,0.519078,0.125870,0.659639,-0.220658,-0.737267,-0.285181,0.571331,0.092733,0.017177,0.672152,0.250198,0.741580,0.376676,-0.495556,0.519185,0.125841,0.659431,0.220657,0.737267,0.285180,-0.571332,0.092729,0.017179,0.672158,0.323395,0.078745,0.276862,-0.206444,3,True,True,-0.047410,-0.028116,0.010007,0.004286,-0.052833,0.000000,0.004286,-0.052833,0.000000,True,0.002906,-0.002852,0.000000,0.002906,0.020273,0.000000,-1.713177,-1.713177,-1.713177,-1.713177,-1.641777,-1.685285,-1.589345,-1.615367,-0.020428,-0.020472,-0.020323,-0.020382,0.007340,-0.002938,0.019790,0.006407,-373.122894,-148.993576,-262.083282,-68.466660,True,velocity,0.323395,0.315931,0.014150,0.015538,0.008903,False
14.747395176999817,0.319160,1.500223,-2.508341,2.140000,0.185944,0.148151,-0.526043,0.530260,1.733377,0.573584,1.503096,0.567342,-0.237671,-0.301680,0.247811,0.743596,0.372922,-0.496572,0.519612,0.123300,0.660508,-0.213916,-0.739158,-0.280329,0.573848,0.090140,0.012605,0.672014,0.247511,0.743485,0.373273,-0.496625,0.519744,0.123263,0.660246,0.213916,0.739158,0.280329,-0.573848,0.090138,0.012610,0.672016,0.324093,0.079854,0.275587,-0.207860,2,True,True,0.038446,-0.073010,-0.032471,0.003843,-0.002835,0.000000,0.003843,-0.002835,0.000000,True,0.004286,-0.052833,0.000000,0.004286,-0.049268,0.000000,-1.484012,-1.484012,-1.484012,-1.484012,-1.653326,-1.599797,-1.613750,-1.639896,0.048747,0.049123,0.049039,0.048855,-0.014203,0.019209,0.001886,-0.025384,-373.123474,-153.866623,-262.087616,-68.466934,True,velocity,0.324093,0.316334,0.014775,0.014841,0.009060,False
14.782816384999933,0.317844,1.497551,-2.506331,2.138931,0.183179,0.144454,-0.525625,0.531998,1.730155,0.580073,1.500882,0.566344,-0.240039,-0.302714,0.245605,0.744645,0.370615,-0.497822,0.520167,0.121067,0.660672,-0.209883,-0.740210,-0.277025,0.575583,0.087993,0.009505,0.671948,0.245606,0.744645,0.370615,-0.497822,0.520166,0.121068,0.660668,0.209883,0.740210,0.277025,-0.575583,0.087994,0.009505,0.671945,0.324316,0.080396,0.274658,-0.208510,2,True,True,0.058264,-0.097698,-0.051955,0.009694,0.046821,0.000000,0.009694,0.046821,0.000000,True,0.003843,-0.002835,0.000000,0.003843,-0.014343,0.000000,-1.308993,-1.308993,-1.308993,-1.308993,-1.622932,-1.728598,-1.595767,-1.615367,0.014124,0.013561,0.014243,0.014158,-0.006676,0.002579,0.003902,-0.006951,-373.101990,-148.947540,-262.050507,-68.416435,True,velocity,0.324316,0.316737,0.014462,0.013923,0.028724,False
14.816367417000038,0.316144,1.494359,-2.503437,2.135754,0.179527,0.140899,-0.525269,0.533586,1.725740,0.587454,1.499718,0.564666,-0.242284,-0.304609,0.242839,0.745599,0.367993,-0.499692,0.520858,0.118200,0.660676,-0.205451,-0.741168,-0.273252,0.577749,0.085337,0.006159,0.671958,0.242839,0.745599,0.367993,-0.499692,0.520856,0.118202,0.660673,0.205451,0.741168,0.273251,-0.577749,0.085339,0.006158,0.671955,0.324609,0.081106,0.273568,-0.209542,2,True,True,0.035737,-0.111303,-0.082928,0.025213,0.094352,0.000000,0.025213,0.094352,0.000000,True,0.009694,0.046821,0.000000,0.009694,0.042731,0.000000,-1.793877,-1.793877,-1.793877,-1.793877,-1.598553,-1.753102,-2.760312,-1.590946,-0.042984,-0.042654,-0.024898,-0.043024,0.007021,0.017244,0.011693,0.019728,-373.115387,-148.960236,-262.059998,-68.430801,True,velocity,0.324609,0.317150,0.014240,0.013539,0.030114,False
14.84766099799981,0.315233,1.492995,-2.501641,2.135381,0.180030,0.141177,-0.526253,0.533199,1.725553,0.588500,1.500451,0.563803,-0.242688,-0.305310,0.242839,0.745599,0.367993,-0.499692,0.520858,0.118200,0.660676,-0.205451,-0.741168,-0.273252,0.577749,0.085337,0.006159,0.671958,0.242839,0.745599,0.367993,-0.499693,0.520859,0.118201,0.660674,0.205451,0.741168,0.273251,-0.577748,0.085338,0.006157,0.671956,0.324489,0.081050,0.273618,-0.208327,2,True,True,-0.053117,-0.065741,-0.046478,0.014726,0.045464,0.000000,0.014726,0.045464,0.000000,True,0.025213,0.094352,0.000000,0.025213,0.094352,0.000000,-1.838073,-1.838073,-1.838073,-1.838073,-1.629347,-1.661121,-1.577156,-1.615095,-0.093393,-0.093975,-0.092234,-0.093102,-0.000507,0.001995,-0.001197,0.012358,-373.160583,-149.034317,-262.121796,-68.485489,True,velocity,0.324489,0.317956,0.012241,0.016480,0.013240,False
14.879638334000447,0.312145,1.486834,-2.495011,2.126658,0.170179,0.134699,-0.523749,0.535685,1.712727,0.603616,1.501470,0.560166,-0.244205,-0.310071,0.236082,0.747447,0.361608,-0.504805,0.522499,0.110533,0.660402,-0.196701,-0.742382,-0.265188,0.582969,0.078604,-0.000946,0.672183,0.236082,0.747447,0.361608,-0.504805,0.522495,0.110538,0.660402,0.196701,0.742382,0.265188,-0.582969,0.078609,-0.000952,0.672177,0.325516,0.083004,0.270695,-0.212716,2,True,True,-0.035962,-0.129696,-0.178144,0.026920,0.093955,-0.079565,0.026920,0.093955,-0.079565,True,0.014726,0.045464,0.000000,0.014726,0.056462,0.000000,-1.825918,-1.825918,-1.825918,-1.825918,-1.678104,-1.612293,-1.638156,-1.633639,-0.057714,-0.057024,-0.057325,-0.057275,-0.051907,0.019353,-0.037022,-0.057586,-373.242340,-153.864960,-262.170349,-68.577286,True,velocity,0.325516,0.318369,0.013516,0.015573,0.013609,False
14.913188106999769,0.308601,1.480777,-2.487945,2.119500,0.163309,0.131411,-0.522840,0.535940,1.703988,0.614547,1.504096,0.555812,-0.243563,-0.313955,0.231567,0.748413,0.357086,-0.508670,0.523526,0.105116,0.660198,-0.192007,-0.742704,-0.260182,0.586370,0.074142,-0.005197,0.672495,0.231567,0.748413,0.357086,-0.508670,0.523524,0.105119,0.660197,0.192006,0.742704,0.260182,-0.586371,0.074147,-0.005202,0.672490,0.326176,0.084188,0.268791,-0.214377,2,True,True,-0.086867,-0.141199,-0.148401,0.016976,0.044953,-0.099811,0.016976,0.044953,-0.099811,True,0.026920,0.093955,-0.079565,0.026920,0.067875,-0.079565,-2.242368,-1.828162,-1.758851,-2.092385,-1.708503,-1.642628,-1.656781,-1.688846,-0.055957,-0.051717,-0.071270,-0.074654,-0.015807,-0.082478,-0.073445,-0.087860,-379.281525,-149.118027,-262.197540,-68.588173,True,velocity,0.326176,0.318763,0.014094,0.014646,0.014843,False
14.947091304000423,0.304784,1.473768,-2.480341,2.111947,0.155407,0.128419,-0.522050,0.536846,1.694842,0.626661,1.506394,0.551100,-0.241074,-0.318194,0.226679,0.749514,0.351703,-0.512982,0.524559,0.098889,0.659993,-0.187310,-0.742789,-0.254623,0.590209,0.069103,-0.009765,0.672896,0.226679,0.749514,0.351703,-0.512982,0.524556,0.098893,0.659991,0.187309,0.742789,0.254622,-0.590210,0.069107,-0.009769,0.672891,0.326745,0.085546,0.266843,-0.217228,2,True,True,-0.086580,-0.173680,-0.134120,0.011929,-0.004791,-0.109902,0.011929,-0.004791,-0.109902,True,0.016976,0.044953,-0.099811,0.016976,0.086156,-0.099811,-2.001227,-1.570908,-1.570880,-1.903027,-1.818858,-1.691458,-1.699813,-1.786999,-0.080000,-0.073392,-0.097566,-0.103374,-0.064060,-0.064326,-0.058642,-0.072652,-373.253754,-149.126389,-262.220001,-68.592216,True,velocity,0.326745,0.319497,0.013678,0.016362,0.001079,False
14.979861804000393,0.300239,1.465584,-2.472501,2.103603,0.146550,0.125981,-0.522240,0.538430,1.686630,0.639691,1.506705,0.545807,-0.238634,-0.322033,0.221675,0.750304,0.346231,-0.517714,0.525572,0.092154,0.659792,-0.182091,-0.742956,-0.248404,0.594268,0.063838,-0.014772,0.673272,0.221675,0.750304,0.346231,-0.517714,0.525569,0.092159,0.659788,0.182090,0.742956,0.248404,-0.594268,0.063840,-0.014772,0.673269,0.327230,0.086796,0.264841,-0.220431,2,True,True,-0.041858,-0.223088,-0.120306,0.016888,0.044962,-0.112962,0.016888,0.044962,-0.112962,True,0.011929,-0.004791,-0.109902,0.011929,0.008876,-0.109902,2.992847,-2.544989,-1.277173,-2.511192,-1.880451,-1.710275,-1.681162,-1.823697,-0.004390,0.005482,-0.021284,-0.028993,-0.036186,-0.042189,-0.050026,-0.040679,-373.300934,-149.174103,-262.269684,-68.651787,True,velocity,0.327230,0.319903,0.013885,0.015390,0.000821,False
15.016861300000528,0.294787,1.455928,-2.462467,2.094155,0.136942,0.123112,-0.522594,0.540955,1.677842,0.654863,1.505037,0.539869,-0.236502,-0.326518,0.215596,0.751475,0.339579,-0.522963,0.526621,0.084167,0.659495,-0.175209,-0.743162,-0.241123,0.599060,0.057906,-0.020754,0.673479,0.215596,0.751475,0.339579,-0.522963,0.526620,0.084174,0.659491,0.175207,0.743162,0.241122,-0.599060,0.057909,-0.020754,0.673476,0.327659,0.088401,0.262572,-0.224273,2,True,True,-0.033988,-0.265010,-0.122608,0.029206,0.093421,-0.115799,0.029206,0.093421,-0.115799,True,0.016888,0.044962,-0.112962,0.016888,0.026519,-0.112962,-2.803705,-1.390179,-1.513479,-2.300457,-1.898791,-1.722604,-1.638156,-1.915972,-0.023632,-0.012185,-0.040109,-0.050188,-0.032526,-0.034263,-0.052463,-0.038074,-373.338867,-149.188614,-262.316956,-68.669365,True,velocity,0.327659,0.320300,0.014010,0.014144,0.005786,False
15.050159518000328,0.294273,1.453714,-2.458387,2.094789,0.138785,0.127234,-0.526092,0.541835,1.679404,0.659346,1.502188,0.539197,-0.231586,-0.327970,0.215596,0.751475,0.339579,-0.522963,0.526621,0.084167,0.659495,-0.175209,-0.743162,-0.241123,0.599060,0.057906,-0.020754,0.673479,0.215596,0.751475,0.339579,-0.522963,0.526626,0.084166,0.659492,0.175208,0.743162,0.241122,-0.599060,0.057908,-0.020754,0.673478,0.327317,0.089046,0.263644,-0.224937,2,True,True,-0.099429,-0.183942,-0.026729,0.019209,0.044431,-0.089602,0.019209,0.044431,-0.089602,True,0.029206,0.093421,-0.115799,0.029206,0.092434,-0.115799,-2.129274,-1.691870,-1.659853,-2.000752,-1.923170,-1.673448,-1.601547,-2.044547,-0.090314,-0.078801,-0.106861,-0.117182,-0.045705,-0.040371,-0.062472,-0.048633,-373.356598,-149.211639,-262.347931,-68.702431,True,velocity,0.327317,0.320694,0.012567,0.013559,0.005368,False
15.07996777399967,0.289186,1.445247,-2.447359,2.086172,0.128625,0.124024,-0.526618,0.545344,1.668552,0.675655,1.499539,0.534468,-0.228486,-0.332343,0.208283,0.752825,0.331984,-0.528828,0.527632,0.074700,0.659134,-0.167041,-0.743346,-0.232975,0.604365,0.051160,-0.027830,0.673535,0.208283,0.752825,0.331984,-0.528828,0.527631,0.074709,0.659131,0.167040,0.743346,0.232974,-0.604365,0.051162,-0.027828,0.673534,0.327827,0.091494,0.260635,-0.230642,2,True,True,-0.065052,-0.245600,-0.108282,0.030956,0.093031,-0.095096,0.030956,0.093031,-0.095096,True,0.019209,0.044431,-0.089602,0.019209,0.065903,-0.089602,-2.130857,-1.643068,-1.622476,-1.991977,-1.960651,-1.661448,-1.601547,-2.044320,-0.063895,-0.055062,-0.076966,-0.084126,-0.050524,-0.044260,-0.064053,-0.049809,-373.391602,-149.263397,-262.392151,-68.722656,True,velocity,0.327827,0.321072,0.012843,0.013354,0.022072,False
15.113921619000394,0.283941,1.436583,-2.435382,2.079212,0.122537,0.123245,-0.528445,0.547999,1.660995,0.690226,1.496784,0.530346,-0.224113,-0.335636,0.202876,0.754027,0.326149,-0.532834,0.528190,0.067390,0.658888,-0.161564,-0.743409,-0.227050,0.608020,0.046119,-0.033342,0.673600,0.202876,0.754027,0.326149,-0.532834,0.528194,0.067398,0.658885,0.161562,0.743409,0.227049,-0.608020,0.046121,-0.033341,0.673600,0.327979,0.093334,0.258513,-0.233459,2,True,True,-0.093532,-0.258176,-0.097696,0.051726,0.138513,-0.095861,0.051726,0.138513,-0.095861,True,0.030956,0.093031,-0.095096,0.030956,0.057238,-0.095096,-2.372737,-1.884499,-1.782279,-2.170738,-2.015188,-1.655120,-1.607987,-2.038445,-0.060841,-0.046672,-0.069389,-0.082733,-0.055344,-0.052030,-0.065729,-0.049809,-373.434143,-149.286972,-262.446838,-68.722656,True,velocity,0.327979,0.321450,0.012419,0.012791,0.024023,False
15.147547798999767,0.276374,1.424946,-2.417172,2.069754,0.112941,0.119872,-0.529466,0.551754,1.648249,0.711191,1.493692,0.524966,-0.219091,-0.339713,0.194046,0.756312,0.316267,-0.538807,0.528801,0.055697,0.658368,-0.153014,-0.743580,-0.217718,0.613413,0.038407,-0.042056,0.673488,0.194045,0.756312,0.316266,-0.538808,0.528808,0.055709,0.658365,0.153011,0.743580,0.217717,-0.613414,0.038411,-0.042055,0.673487,0.328086,0.096390,0.254449,-0.237766,2,True,True,-0.124899,-0.298128,-0.131034,0.084181,0.176548,-0.106206,0.084181,0.176548,-0.106206,True,0.051726,0.138513,-0.095861,0.051726,0.137047,-0.095861,-2.078058,-1.852568,-1.809053,-2.007116,-2.082912,-1.697946,-1.620154,-2.056295,-0.140023,-0.125898,-0.147449,-0.160847,-0.054035,-0.049536,-0.066257,-0.053071,-373.459534,-149.323105,-262.477264,-68.794365,True,velocity,0.328086,0.321806,0.011947,0.012268,0.025333,False
15.177890421000484,0.259882,1.406515,-2.387335,2.051847,0.101305,0.108945,-0.530725,0.560730,1.624239,0.742964,1.487342,0.521575,-0.216676,-0.343876,0.178557,0.760572,0.300200,-0.547291,0.529224,0.033956,0.656719,-0.137461,-0.744256,-0.201865,0.621642,0.024506,-0.058487,0.672595,0.178528,0.760768,0.300280,-0.546984,0.529661,0.034515,0.656629,0.137529,0.744312,0.201751,-0.621597,0.024935,-0.058271,0.672592,0.327516,0.101273,0.245860,-0.243438,1,True,True,-0.130712,-0.433052,-0.194995,0.129875,0.196849,-0.132320,0.129875,0.196849,-0.132320,True,0.084181,0.176548,-0.106206,0.079010,0.170155,-0.106206,-2.124113,-1.940819,-1.892054,-2.058100,-2.088972,-1.697946,-1.478877,-2.050847,-0.184591,-0.163606,-0.134380,-0.207294,-0.058529,-0.061895,-0.067600,-0.078441,-373.531799,-149.389511,-262.537659,-68.911690,True,velocity,0.327516,0.322516,0.009257,0.014858,0.007717,False
15.213534702000288,0.245559,1.393721,-2.359647,2.039517,0.098853,0.109863,-0.536890,0.567091,1.610584,0.768906,1.476927,0.519948,-0.211617,-0.348080,0.168969,0.762382,0.291639,-0.552422,0.529028,0.020457,0.655547,-0.125696,-0.745125,-0.192328,0.626099,0.015814,-0.069069,0.671787,0.168934,0.762521,0.291683,-0.552217,0.529385,0.020779,0.655563,0.125718,0.745188,0.192289,-0.626031,0.016151,-0.068950,0.671862,0.327307,0.105081,0.241328,-0.245833,1,True,True,-0.177340,-0.396576,-0.134536,0.167726,0.185386,-0.132972,0.167726,0.185386,-0.132972,True,0.129875,0.196849,-0.132320,0.129875,0.196849,-0.132320,-2.269807,-2.104975,-2.035672,-2.189991,-2.088686,-1.728444,-1.712015,-2.050194,-0.232122,-0.194221,-0.225037,-0.259078,-0.078173,-0.078890,-0.093796,-0.100433,-373.625702,-149.479492,-262.663635,-69.023575,True,velocity,0.327307,0.322859,0.000000,0.013498,0.011244,False
15.246906180000224,0.234080,1.383186,-2.332931,2.029551,0.096719,0.113990,-0.543760,0.572814,1.597030,0.794147,1.466419,0.518893,-0.203624,-0.352604,0.159833,0.763672,0.284196,-0.557218,0.528393,0.007090,0.654495,-0.114436,-0.745633,-0.183830,0.630193,0.006962,-0.079369,0.671043,0.159793,0.763779,0.284238,-0.557060,0.528684,0.007358,0.654492,0.114456,0.745692,0.183795,-0.630129,0.007249,-0.079281,0.671101,0.327189,0.109080,0.236430,-0.249466,1,True,True,-0.197273,-0.336334,-0.110553,0.188110,0.164665,-0.126378,0.188110,0.164665,-0.126378,True,0.167726,0.185386,-0.132972,0.163914,0.185386,-0.132972,-2.405147,-2.266911,-2.181976,-2.317173,-2.119479,-1.734933,-1.785232,-2.074998,-0.241558,-0.189915,-0.243438,-0.266312,-0.115584,-0.114645,-0.127959,-0.153688,-373.726990,-149.565704,-262.767578,-69.188339,True,velocity,0.327189,0.323191,0.000000,0.012554,0.013209,False
15.278125593999903,0.223501,1.373318,-2.307474,2.021176,0.093150,0.120114,-0.550353,0.577798,1.583081,0.819105,1.456869,0.517466,-0.193841,-0.356716,0.151820,0.764329,0.276938,-0.562189,0.527358,-0.006657,0.653955,-0.104097,-0.745774,-0.175590,0.634156,-0.002388,-0.089955,0.670548,0.151772,0.764416,0.276987,-0.562060,0.527600,-0.006402,0.653916,0.104112,0.745820,0.175560,-0.634107,-0.002132,-0.089855,0.670598,0.327248,0.112820,0.230605,-0.253246,1,True,True,-0.199039,-0.288556,-0.097555,0.205951,0.141718,-0.117901,0.205951,0.141718,-0.117901,True,0.188110,0.164665,-0.126378,0.188110,0.164665,-0.126378,-2.523007,-2.411367,-2.317223,-2.431608,-2.168877,-1.777760,-1.840508,-2.105897,-0.241302,-0.180240,-0.218032,-0.261843,-0.161785,-0.126387,-0.161173,-0.179453,-373.873199,-149.652069,-262.875977,-69.270226,True,velocity,0.327248,0.323497,0.000000,0.011899,0.012442,False
15.313783096999941,0.214461,1.364473,-2.285559,2.013935,0.088272,0.128162,-0.556510,0.581716,1.569927,0.841916,1.448417,0.515289,-0.182211,-0.361148,0.145554,0.764033,0.271123,-0.567062,0.526531,-0.019542,0.653538,-0.095299,-0.745162,-0.168936,0.638054,-0.011231,-0.099986,0.669991,0.145502,0.764094,0.271172,-0.566970,0.526693,-0.019330,0.653482,0.095300,0.745195,0.168918,-0.638020,-0.011022,-0.099885,0.670017,0.327269,0.116116,0.224418,-0.256622,1,True,True,-0.186500,-0.239566,-0.080957,0.221009,0.116855,-0.107035,0.221009,0.116855,-0.107035,True,0.205951,0.141718,-0.117901,0.205951,0.141718,-0.117901,-2.628688,-2.541268,-2.442939,-2.536936,-2.260617,-1.814242,-1.932900,-2.184870,-0.239651,-0.168335,-0.211891,-0.255487,-0.178566,-0.149665,-0.180778,-0.205686,-373.992615,-149.797989,-263.038788,-69.436943,True,velocity,0.327269,0.323778,0.000000,0.010872,0.031758,False
15.34713920500053,0.205869,1.356476,-2.266853,2.006356,0.081746,0.138068,-0.564237,0.584340,1.557300,0.863117,1.439625,0.511369,-0.170360,-0.365026,0.140147,0.762235,0.267522,-0.572529,0.525559,-0.032869,0.653498,-0.086660,-0.743929,-0.162888,0.642282,-0.020371,-0.110486,0.669366,0.140088,0.762287,0.267569,-0.572452,0.525661,-0.032631,0.653415,0.086644,0.743955,0.162891,-0.642254,-0.020193,-0.110348,0.669392,0.327767,0.118603,0.217154,-0.259836,1,True,True,-0.169482,-0.214220,-0.070321,0.233078,0.090413,-0.096237,0.233078,0.090413,-0.096237,True,0.221009,0.116855,-0.107035,0.221009,0.116855,-0.107035,-2.732374,-2.668769,-2.571696,-2.643885,-2.340167,-1.918568,-2.061402,-2.252747,-0.240935,-0.166652,-0.210194,-0.251672,-0.191884,-0.166433,-0.198802,-0.215602,-374.128082,-149.907501,-263.182068,-69.589424,True,velocity,0.327767,0.324109,0.000000,0.010611,0.001256,False
15.381736639000337,0.196392,1.347537,-2.249270,1.998094,0.072901,0.147877,-0.571335,0.586726,1.545385,0.882779,1.431904,0.505380,-0.158407,-0.368921,0.135150,0.760002,0.263589,-0.578491,0.524134,-0.046575,0.653781,-0.078957,-0.741928,-0.157065,0.647024,-0.029661,-0.120706,0.669078,0.135087,0.760055,0.263648,-0.578410,0.524190,-0.046332,0.653698,0.078926,0.741944,0.157082,-0.647005,-0.029512,-0.120577,0.669081,0.328324,0.120298,0.209544,-0.262920,1,True,True,-0.146720,-0.194077,-0.066615,0.235507,0.061065,-0.087524,0.235507,0.061065,-0.087524,True,0.233078,0.090413,-0.096237,0.233078,0.090413,-0.096237,-2.836247,-2.793567,-2.700932,-2.752729,-2.450834,-2.016675,-2.202056,-2.357367,-0.242351,-0.159392,-0.210405,-0.248769,-0.221167,-0.185521,-0.223044,-0.244350,-374.332306,-150.062225,-263.371918,-69.816406,True,velocity,0.328324,0.324156,0.000000,0.008240,0.002967,False
15.41373549400032,0.185294,1.335452,-2.231771,1.989584,0.062227,0.154687,-0.576207,0.590458,1.534674,0.901582,1.425155,0.497244,-0.146364,-0.372179,0.130308,0.758921,0.257155,-0.583892,0.522260,-0.060957,0.654470,-0.072925,-0.739215,-0.150613,0.652349,-0.039033,-0.131004,0.669231,0.130257,0.758979,0.257232,-0.583795,0.522294,-0.060695,0.654397,0.072879,0.739225,0.150641,-0.652336,-0.038912,-0.130858,0.669216,0.328323,0.121262,0.201733,-0.265751,1,True,True,-0.116087,-0.185125,-0.064019,0.216453,0.029923,-0.080611,0.216453,0.029923,-0.080611,True,0.235507,0.061065,-0.087524,0.235507,0.063146,-0.087524,-2.935202,-2.908306,-2.818517,-2.854716,-2.530061,-2.274257,-2.306833,-2.436797,-0.235106,-0.172283,-0.202865,-0.238587,-0.243724,-0.191662,-0.229171,-0.263132,-374.485077,-150.174805,-263.414612,-69.983116,True,velocity,0.328323,0.324159,0.000000,0.006266,0.019878,False
15.44528635200004,0.172866,1.321821,-2.216048,1.980235,0.049405,0.159385,-0.580304,0.595438,1.526696,0.919276,1.418055,0.488285,-0.135445,-0.374441,0.125713,0.757885,0.250113,-0.589280,0.520364,-0.074712,0.655319,-0.068134,-0.736587,-0.143898,0.657336,-0.047842,-0.140696,0.669765,0.125674,0.757944,0.250198,-0.589176,0.520354,-0.074434,0.655255,0.068087,0.736600,0.143933,-0.657318,-0.047750,-0.140515,0.669755,0.327941,0.121527,0.194598,-0.268180,1,True,True,-0.080645,-0.182398,-0.056288,0.199387,0.004195,-0.073457,0.199387,0.004195,-0.073457,True,0.199387,0.004195,-0.073457,0.216453,0.030158,-0.080611,-3.053691,-3.041882,-2.946648,-2.969377,-2.616027,-2.427297,-2.410889,-2.516422,-0.209271,-0.157348,-0.177706,-0.210055,-0.254567,-0.195079,-0.229171,-0.272740,-374.625824,-150.297287,-263.414612,-70.128212,True,velocity,0.327941,0.324159,0.000000,0.004760,0.019557,False
15.478560997000386,0.157785,1.306417,-2.200797,1.969502,0.033896,0.161799,-0.583746,0.602612,1.520674,0.936601,1.408250,0.477578,-0.127918,-0.376258,0.120921,0.756789,0.241737,-0.595156,0.518048,-0.088909,0.656706,-0.062303,-0.733947,-0.135910,0.662547,-0.056970,-0.150761,0.670666,0.120893,0.756860,0.241833,-0.595033,0.518022,-0.088567,0.656644,0.062260,0.733979,0.135955,-0.662507,-0.056892,-0.150508,0.670669,0.327473,0.121103,0.187671,-0.270487,1,True,True,-0.044930,-0.196762,-0.052037,0.201629,0.008929,-0.067157,0.201629,0.008929,-0.067157,True,0.199387,0.004195,-0.073457,0.199387,0.004195,-0.073457,3.118927,3.115899,-3.071116,-3.079401,-2.707766,-2.090640,-2.478439,-2.608616,-0.190228,-0.162911,-0.155409,-0.189191,-0.240589,-0.193499,-0.229171,-0.253788,-374.782501,-150.392441,-263.414612,-70.279716,True,velocity,0.327473,0.324159,0.000000,0.003569,0.004913,False
15.512336972000412,0.161136,1.301440,-2.199520,1.969455,0.029313,0.166682,-0.584237,0.600662,1.525410,0.941408,1.407418,0.471712,-0.124053,-0.378345,0.120921,0.756789,0.241737,-0.595156,0.518048,-0.088909,0.656706,-0.062303,-0.733947,-0.135910,0.662547,-0.056970,-0.150761,0.670666,0.120914,0.756789,0.241757,-0.595150,0.517941,-0.089190,0.656764,0.062301,0.733949,0.135917,-0.662544,-0.056991,-0.151078,0.670593,0.327319,0.120565,0.187137,-0.271098,1,True,True,-0.016152,-0.016024,-0.003202,0.000000,0.000000,-0.048347,0.000000,0.000000,-0.048347,True,0.201629,0.008929,-0.067157,0.201629,0.008929,-0.067157,-3.138297,-3.137901,-3.051644,-3.061240,-2.781614,-2.690800,-2.478439,-2.645327,-0.196784,-0.171517,-0.160459,-0.195514,-0.216887,-0.176618,-0.236871,-0.230163,-374.891754,-150.467209,-263.504456,-70.407364,True,velocity,0.327319,0.324159,0.000000,0.002669,0.006257,False
15.551241051000034,0.130707,1.274889,-2.172531,1.947974,-0.000244,0.167975,-0.587852,0.616398,1.514939,0.972756,1.387542,0.453665,-0.120498,-0.381275,0.111716,0.754525,0.225492,-0.606106,0.513505,-0.113931,0.660058,-0.047932,-0.730765,-0.118277,0.670593,-0.074206,-0.168020,0.673556,0.111711,0.754525,0.225495,-0.606106,0.513519,-0.113879,0.660038,0.047921,0.730765,0.118280,-0.670594,-0.074202,-0.167948,0.673573,0.327092,0.119849,0.176014,-0.275656,2,True,True,-0.037613,-0.349712,-0.091585,0.049357,0.007995,-0.061064,0.049357,0.007995,-0.061064,True,0.000000,0.000000,-0.048347,0.130750,0.000000,-0.048347,3.103208,3.098634,-3.098634,-3.103208,-2.929095,-2.801748,-2.478439,-2.761823,-0.148762,-0.127927,-0.112225,-0.145426,-0.203085,-0.165111,-0.183547,-0.210197,-375.067108,-150.648438,-263.962463,-70.565292,True,velocity,0.327092,0.324159,0.000000,0.001927,0.013134,False
15.580410698999913,0.098028,1.253692,-2.148813,1.926648,-0.013712,0.168409,-0.595164,0.636102,1.511544,0.991128,1.363810,0.446304,-0.119217,-0.381280,0.105877,0.753208,0.215543,-0.612379,0.510895,-0.127684,0.662149,-0.039187,-0.729010,-0.107468,0.674877,-0.083935,-0.176581,0.675598,0.105923,0.753406,0.215707,-0.612070,0.511096,-0.126999,0.662165,0.039198,0.729142,0.107507,-0.674727,-0.083708,-0.176010,0.675713,0.325651,0.119987,0.174391,-0.276663,1,True,True,-0.027883,-0.348690,-0.060745,0.098326,0.018095,-0.060970,0.098326,0.018095,-0.060970,True,0.049357,0.007995,-0.061064,0.049357,0.007995,-0.061064,-3.132978,-3.128390,-2.763633,-2.888110,-2.984267,-2.930185,-2.478439,-2.884524,-0.059080,-0.038015,-0.040242,-0.061702,-0.191837,-0.159460,-0.171284,-0.196968,-375.135590,-150.685547,-264.043518,-70.652901,True,velocity,0.325651,0.324159,0.000000,0.001487,0.010831,False
15.614514543000041,0.088633,1.242984,-2.140809,1.919401,-0.015474,0.174956,-0.601132,0.645925,1.518619,0.995409,1.349175,0.444458,-0.113668,-0.381034,0.105877,0.753208,0.215543,-0.612379,0.510895,-0.127684,0.662149,-0.039187,-0.729010,-0.107468,0.674877,-0.083935,-0.176581,0.675598,0.105891,0.753220,0.215575,-0.612352,0.510888,-0.127718,0.662161,0.039196,0.729017,0.107501,-0.674864,-0.083921,-0.176562,0.675611,0.323987,0.119752,0.177272,-0.276866,1,True,True,-0.025679,-0.162723,-0.005856,0.148310,0.019360,-0.044760,0.148310,0.019360,-0.044760,True,0.098326,0.018095,-0.060970,0.071038,0.018095,-0.060970,-3.001160,-2.948825,-2.702580,-2.813783,-3.008646,-2.464284,-2.637628,-2.902799,-0.075916,-0.049083,-0.058640,-0.079088,-0.163620,-0.120252,-0.128389,-0.162989,-375.172302,-150.691544,-264.063324,-70.663925,True,velocity,0.323987,0.324159,0.000000,0.001110,0.028788,False
15.651038449000225,0.053587,1.217487,-2.110718,1.890300,-0.048195,0.171442,-0.601125,0.660041,1.505100,1.021104,1.334154,0.427045,-0.116413,-0.385029,0.093352,0.750931,0.198883,-0.622763,0.506811,-0.150934,0.665447,-0.023818,-0.725198,-0.090167,0.682195,-0.099982,-0.188892,0.679192,0.093348,0.750931,0.198890,-0.622761,0.506817,-0.150885,0.665443,0.023812,0.725198,0.090167,-0.682196,-0.099978,-0.188862,0.679194,0.324240,0.119841,0.168579,-0.281144,2,True,True,-0.001119,-0.275569,-0.089434,0.194509,0.038483,-0.057899,0.194509,0.038483,-0.057899,True,0.148310,0.019360,-0.044760,0.148302,0.019360,-0.044760,-3.052819,-3.043275,-2.966814,-2.983577,-3.014419,-2.464284,-2.833536,-2.884524,-0.156412,-0.118333,-0.141602,-0.157104,-0.096447,-0.068462,-0.080392,-0.088804,-375.224457,-150.720291,-264.099609,-70.727257,True,velocity,0.324240,0.324159,0.000000,0.000813,0.000945,False
15.679070639000201,0.027665,1.201657,-2.091996,1.869049,-0.066334,0.164607,-0.601697,0.670142,1.497675,1.033359,1.324667,0.416784,-0.117641,-0.386587,0.085218,0.749968,0.189030,-0.628135,0.504799,-0.163382,0.666977,-0.016718,-0.722002,-0.081144,0.686913,-0.108240,-0.194483,0.681098,0.085294,0.750084,0.189163,-0.627946,0.504829,-0.162995,0.667101,0.016717,0.722053,0.081151,-0.686858,-0.108156,-0.194491,0.681062,0.323621,0.119695,0.165510,-0.281755,1,True,True,0.010901,-0.170021,-0.049877,0.160381,0.057478,-0.055540,0.160381,0.057478,-0.055540,True,0.194509,0.038483,-0.057899,0.187965,0.038483,-0.057899,-2.979384,-2.961200,-2.882692,-2.908274,-3.014680,-2.464284,-2.827755,-2.890537,-0.194123,-0.153699,-0.177926,-0.197002,-0.079080,-0.050342,-0.076557,-0.089862,-375.308746,-150.801620,-264.222504,-70.854630,True,velocity,0.323621,0.324159,0.000000,0.000634,0.029070,False
15.712628338000286,0.028640,1.198361,-2.090101,1.867984,-0.069306,0.167927,-0.601254,0.669473,1.499888,1.036084,1.324395,0.413773,-0.115553,-0.387705,0.085218,0.749968,0.189030,-0.628135,0.504799,-0.163382,0.666977,-0.016718,-0.722002,-0.081144,0.686913,-0.108240,-0.194483,0.681098,0.085213,0.749968,0.189043,-0.628131,0.504777,-0.163631,0.667028,0.016719,0.722002,0.081146,-0.686912,-0.108246,-0.194811,0.681042,0.323498,0.119497,0.165219,-0.282048,1,True,True,-0.005963,-0.008747,-0.003133,0.000000,0.000000,-0.040126,0.000000,0.000000,-0.040126,True,0.160381,0.057478,-0.055540,0.171438,0.057478,-0.055540,-2.868442,-2.838425,-2.763842,-2.800132,-3.008646,-2.464284,-2.839959,-2.890912,-0.186001,-0.157995,-0.173780,-0.191190,-0.108319,-0.100350,-0.119299,-0.128787,-375.452850,-150.954666,-264.355316,-70.983955,True,velocity,0.323498,0.324159,0.000000,0.000475,0.015044,False
15.74745562299995,-0.015149,1.173019,-2.058128,1.829060,-0.106564,0.149116,-0.597884,0.684059,1.483159,1.062061,1.311579,0.393593,-0.121746,-0.393028,0.067230,0.748621,0.169007,-0.637560,0.501833,-0.187946,0.669157,0.000463,-0.716801,-0.061603,0.694551,-0.124474,-0.205110,0.684140,0.067230,0.748622,0.169012,-0.637558,0.501842,-0.187870,0.669155,-0.000468,0.716801,0.061603,-0.694551,-0.124468,-0.205065,0.684140,0.322321,0.120900,0.157433,-0.286201,2,True,True,0.036151,-0.242326,-0.087578,0.045420,0.020906,-0.054082,0.045420,0.020906,-0.054082,True,0.000000,0.000000,-0.040126,0.077871,0.011023,-0.040126,-3.069601,-3.055840,-2.920915,-2.955574,-2.983626,-2.464284,-2.870644,-2.877857,-0.084598,-0.059193,-0.072723,-0.085919,-0.184070,-0.163736,-0.164823,-0.183751,-375.633240,-151.086502,-264.437347,-71.090538,True,velocity,0.322321,0.324159,0.000000,0.000352,0.017871,False
15.779793272999996,-0.052522,1.153052,-2.036856,1.796548,-0.127898,0.134094,-0.598287,0.701394,1.478615,1.075870,1.291751,0.382001,-0.130382,-0.395702,0.056710,0.748038,0.157578,-0.642177,0.500790,-0.201358,0.670007,0.012244,-0.714182,-0.049835,0.698076,-0.133329,-0.210621,0.685089,0.056912,0.748193,0.157767,-0.641933,0.500960,-0.200544,0.670237,-0.012209,0.714303,0.049847,-0.697952,-0.133141,-0.210240,0.685142,0.319669,0.121088,0.156650,-0.286609,1,True,True,0.034400,-0.216343,-0.045739,0.090526,0.042480,-0.051628,0.090526,0.042480,-0.051628,True,0.045420,0.020906,-0.054082,0.000672,0.016591,-0.054082,-2.351190,2.278244,1.922589,-1.972655,-3.014680,-2.997067,-2.845740,-2.889885,-0.011306,0.006997,0.001094,-0.015448,-0.199851,-0.142235,-0.145640,-0.164421,-375.601990,-151.012833,-264.439453,-71.097099,True,velocity,0.319669,0.324159,0.000000,0.000267,0.018069,False
15.815390886999921,-0.085512,1.134176,-2.015784,1.764747,-0.151315,0.123524,-0.596353,0.714335,1.474695,1.090324,1.275520,0.367396,-0.136960,-0.399302,0.047029,0.746888,0.147467,-0.646683,0.499890,-0.213837,0.670867,0.023894,-0.711347,-0.038795,0.701363,-0.141579,-0.215175,0.685586,0.047029,0.746889,0.147471,-0.646682,0.499890,-0.213793,0.670872,-0.023896,0.711347,0.038795,-0.701363,-0.141576,-0.215160,0.685584,0.317301,0.121320,0.154649,-0.288245,2,True,True,0.026048,-0.177580,-0.043198,0.136088,0.063074,-0.049149,0.136088,0.063074,-0.049149,True,0.090526,0.042480,-0.051628,0.063170,0.042480,-0.051628,-2.675917,-2.554942,-2.410291,-2.545547,-2.996719,-2.997692,-2.846383,-2.829555,-0.076413,-0.059016,-0.066239,-0.083455,-0.090491,-0.046389,-0.054712,-0.084397,-375.533630,-150.956055,-264.382538,-71.052040,True,velocity,0.317301,0.324159,-0.013725,0.000196,0.004689,False
15.848648995000076,-0.115057,1.119617,-1.996155,1.736252,-0.175541,0.109483,-0.591342,0.721825,1.466118,1.104201,1.265848,0.351483,-0.145552,-0.402595,0.036450,0.745435,0.135589,-0.651624,0.498775,-0.227048,0.671905,0.036445,-0.707473,-0.026766,0.705292,-0.150401,-0.219444,0.685941,0.036450,0.745435,0.135593,-0.651623,0.498772,-0.227007,0.671916,-0.036446,0.707473,0.026765,-0.705293,-0.150400,-0.219447,0.685938,0.315905,0.122157,0.151396,-0.289884,2,True,True,0.029159,-0.126793,-0.043222,0.113261,0.064022,-0.047406,0.113261,0.064022,-0.047406,True,0.136088,0.063074,-0.049149,0.133014,0.063074,-0.049149,-2.758005,-2.712372,-2.635474,-2.686981,-2.922950,-2.991204,-2.827755,-2.718590,-0.150379,-0.131799,-0.139900,-0.157272,0.033745,0.029342,-0.002555,-0.007396,-375.554962,-150.981445,-264.451996,-71.150948,True,velocity,0.315905,0.324159,-0.016515,0.000148,0.006560,False
15.88201784299963,-0.143376,1.107600,-1.976738,1.708373,-0.199310,0.093632,-0.584105,0.726368,1.455775,1.118093,1.260172,0.334764,-0.156036,-0.406426,0.025644,0.743905,0.122983,-0.656371,0.497423,-0.239908,0.672974,0.049555,-0.703290,-0.014054,0.709035,-0.159314,-0.222795,0.686407,0.025644,0.743906,0.122986,-0.656370,0.497420,-0.239864,0.672987,0.049557,-0.703290,-0.014053,0.709035,-0.159314,-0.222802,0.686403,0.314966,0.123178,0.147979,-0.291495,2,True,True,0.030646,-0.102496,-0.044151,0.089452,0.058677,-0.046448,0.089452,0.058677,-0.046448,True,0.113261,0.064022,-0.047406,0.113261,0.064022,-0.047406,-2.694200,-2.636173,-2.555604,-2.619325,-2.879972,-2.978852,-2.717407,-2.699980,-0.132249,-0.113244,-0.124618,-0.139526,0.027020,0.033991,-0.054119,-0.063758,-375.651093,-151.065292,-264.668121,-71.329102,True,velocity,0.314966,0.324159,-0.018392,0.000111,0.008477,False
15.915364616999796,-0.172488,1.097122,-1.956853,1.678706,-0.224292,0.076891,-0.576495,0.729168,1.444417,1.132243,1.256982,0.317004,-0.168347,-0.409756,0.014059,0.741492,0.110443,-0.661660,0.495868,-0.252598,0.674055,0.062922,-0.698767,-0.000165,0.712577,-0.168397,-0.225116,0.687180,0.014060,0.741493,0.110447,-0.661659,0.495864,-0.252549,0.674071,0.062924,-0.698767,-0.000165,0.712577,-0.168398,-0.225125,0.687176,0.314405,0.124250,0.144847,-0.293103,2,True,True,0.032144,-0.093972,-0.045933,0.080766,0.057801,-0.046297,0.080766,0.057801,-0.046297,True,0.089452,0.058677,-0.046448,0.089452,0.058677,-0.046448,-2.643129,-2.565421,-2.473444,-2.557378,-2.842767,-3.076849,-2.692996,-2.699980,-0.108633,-0.084813,-0.101402,-0.115519,-0.035366,-0.098093,-0.190365,-0.157332,-375.731293,-151.222656,-264.810822,-71.441826,True,velocity,0.314405,0.324159,-0.019512,0.000083,0.025727,False
15.949112667000009,-0.202703,1.087609,-1.935217,1.647363,-0.249636,0.057703,-0.567268,0.730014,1.431976,1.147205,1.256720,0.299497,-0.182782,-0.413809,0.001478,0.739074,0.096732,-0.666641,0.493792,-0.265287,0.675147,0.076938,-0.694427,0.014621,0.715289,-0.177743,-0.226320,0.688116,0.001478,0.739074,0.096737,-0.666640,0.493788,-0.265233,0.675281,0.076940,-0.694426,0.014621,0.715289,-0.177745,-0.226335,0.688226,0.314159,0.125383,0.141970,-0.294758,2,True,True,0.033990,-0.086301,-0.049277,0.072799,0.057475,-0.047173,0.072799,0.057475,-0.047173,True,0.080766,0.057801,-0.046297,0.080766,0.057801,-0.046297,-2.609950,-2.520787,-2.425187,-2.520146,-2.799788,-2.905560,-2.643656,-2.699980,-0.100982,-0.081526,-0.093955,-0.107261,-0.035366,-0.143187,-0.221314,-0.212633,-375.731293,-151.260605,-264.863281,-71.526367,True,velocity,0.314159,0.324159,-0.020003,0.000062,0.027683,False
15.981674075000228,-0.232499,1.079276,-1.913415,1.616233,-0.274016,0.037395,-0.557309,0.728680,1.419413,1.161948,1.258627,0.282954,-0.197977,-0.418200,-0.011087,0.736678,0.082740,-0.671071,0.491463,-0.277337,0.676350,0.090862,-0.690349,0.029055,0.717160,-0.186699,-0.226525,0.688835,-0.011086,0.736679,0.082745,-0.671070,0.491458,-0.277281,0.676659,0.090863,-0.690348,0.029056,0.717160,-0.186703,-0.226545,0.689119,0.314159,0.126510,0.139408,-0.296327,2,True,True,0.033806,-0.076870,-0.049182,0.063737,0.054675,-0.047764,0.063737,0.054675,-0.047764,True,0.072799,0.057475,-0.047173,0.072799,0.057475,-0.047173,-2.572519,-2.468049,-2.368109,-2.477510,-2.738560,-3.077498,-2.606916,-2.699980,-0.094619,-0.066801,-0.087970,-0.100100,-0.035366,-0.111158,-0.154854,-0.144569,-375.731293,-151.263397,-264.856598,-71.527061,True,velocity,0.314159,0.324159,-0.020002,0.000047,0.028308,False
16.01597238100021,-0.263078,1.071901,-1.891069,1.584625,-0.298747,0.015473,-0.546568,0.725700,1.406206,1.176224,1.261643,0.265190,-0.213100,-0.423246,-0.023899,0.733942,0.067854,-0.675392,0.488780,-0.289278,0.677739,0.105176,-0.685428,0.043139,0.719212,-0.195564,-0.226019,0.689128,-0.023898,0.733942,0.067859,-0.675391,0.488775,-0.289217,0.678097,0.105178,-0.685427,0.043140,0.719212,-0.195569,-0.226041,0.689459,0.314078,0.127661,0.136960,-0.297945,2,True,True,0.034553,-0.073424,-0.049949,0.060137,0.054485,-0.048407,0.060137,0.054485,-0.048407,True,0.063737,0.054675,-0.047764,0.063737,0.054675,-0.047764,-2.544787,-2.421150,-2.313956,-2.441580,-2.726370,-2.721892,-2.594711,-2.699980,-0.085447,-0.070686,-0.078981,-0.090832,-0.068121,-0.092236,-0.059997,-0.058426,-375.892731,-151.262283,-264.871521,-68.803574,True,velocity,0.314078,0.324078,-0.019972,-0.000569,0.014154,False
16.049521247000484,-0.293584,1.065362,-1.868744,1.553633,-0.322621,-0.007305,-0.535125,0.721439,1.393188,1.190170,1.264946,0.246782,-0.227647,-0.429023,-0.036268,0.731165,0.052411,-0.679217,0.485859,-0.300824,0.679285,0.119698,-0.680021,0.056391,0.721154,-0.204123,-0.225046,0.688861,-0.036267,0.731165,0.052416,-0.679216,0.485853,-0.300761,0.679691,0.119699,-0.680021,0.056392,0.721154,-0.204129,-0.225070,0.689240,0.313916,0.128791,0.134614,-0.299535,2,True,True,0.033882,-0.070389,-0.049262,0.057344,0.053050,-0.048658,0.057344,0.053050,-0.048658,True,0.060137,0.054485,-0.048407,0.060137,0.054485,-0.048407,-2.524041,-2.389556,-2.280603,-2.417861,-2.670853,-2.684961,-2.496426,-2.699980,-0.082952,-0.067599,-0.068023,-0.087628,-0.026697,-0.025751,-0.033387,-0.032769,-375.953125,-151.325760,-264.935822,-71.602539,True,velocity,0.313916,0.323916,-0.019918,-0.001638,0.015954,False
16.08225720900009,-0.322351,1.060575,-1.847542,1.524265,-0.345747,-0.028133,-0.523774,0.715759,1.380748,1.203346,1.268789,0.227821,-0.240459,-0.434795,-0.047674,0.727620,0.037778,-0.683278,0.482716,-0.311462,0.680903,0.133561,-0.674075,0.068391,0.723261,-0.212099,-0.223541,0.688365,-0.047673,0.727621,0.037784,-0.683277,0.482711,-0.311400,0.681059,0.133563,-0.674075,0.068392,0.723261,-0.212106,-0.223566,0.688494,0.313725,0.129818,0.132489,-0.301082,2,True,True,0.030822,-0.063754,-0.046997,0.051822,0.048261,-0.048170,0.051822,0.048261,-0.048170,True,0.057344,0.053050,-0.048658,0.057344,0.053050,-0.048658,-2.519123,-2.376816,-2.264505,-2.409150,-2.634290,-2.862664,-2.447708,-2.699980,-0.080229,-0.059551,-0.075464,-0.084542,-0.048171,-0.048478,-0.064213,-0.056206,-376.028595,-151.392715,-265.020233,-71.678017,True,velocity,0.313725,0.323725,-0.019866,-0.002672,0.016892,False
16.11699751299966,-0.351026,1.057097,-1.825973,1.494868,-0.368847,-0.048227,-0.512257,0.708763,1.367980,1.217056,1.274301,0.208813,-0.251934,-0.440283,-0.058936,0.723399,0.023265,-0.687517,0.479065,-0.321843,0.682423,0.146742,-0.667819,0.080217,0.725293,-0.220096,-0.221370,0.687871,-0.058934,0.723399,0.023271,-0.687516,0.479060,-0.321778,0.682443,0.146744,-0.667818,0.080218,0.725293,-0.220104,-0.221396,0.687862,0.313673,0.130769,0.130475,-0.302720,2,True,True,0.028531,-0.060424,-0.047962,0.049243,0.045169,-0.048109,0.049243,0.045169,-0.048109,True,0.051822,0.048261,-0.048170,0.051822,0.048261,-0.048170,-2.526929,-2.370990,-2.248942,-2.407375,-2.609914,-2.862664,-2.447708,-2.614490,-0.073202,-0.053609,-0.068181,-0.078901,-0.095768,-0.076561,-0.089167,-0.090655,-376.091522,-151.435547,-265.061371,-71.734375,True,velocity,0.313673,0.323212,-0.018788,-0.005796,0.003168,False
16.150141676999738,-0.376540,1.054996,-1.805161,1.468490,-0.388345,-0.066352,-0.500775,0.701393,1.356078,1.230763,1.280955,0.190818,-0.262621,-0.445614,-0.069109,0.719741,0.009830,-0.690725,0.475096,-0.330936,0.683514,0.158795,-0.661901,0.091582,0.726832,-0.227564,-0.218764,0.687539,-0.069108,0.719741,0.009836,-0.690724,0.475091,-0.330876,0.683533,0.158798,-0.661900,0.091583,0.726832,-0.227573,-0.218791,0.687530,0.313696,0.131591,0.128760,-0.304235,2,True,True,0.024647,-0.051449,-0.045317,0.041762,0.038864,-0.047287,0.041762,0.038864,-0.047287,True,0.049243,0.045169,-0.048109,0.049243,0.045169,-0.048109,-2.541700,-2.378466,-2.248104,-2.414753,-2.591615,-2.862664,-2.435297,-2.498148,-0.069482,-0.050291,-0.064225,-0.076534,-0.090910,-0.076561,-0.085086,-0.095879,-376.104065,-151.435547,-265.078827,-71.765907,True,velocity,0.313696,0.322831,-0.017909,-0.007211,0.003323,False
16.183083787000214,-0.401982,1.054354,-1.783567,1.441821,-0.407232,-0.085346,-0.489537,0.693058,1.343326,1.246019,1.288742,0.173426,-0.274669,-0.451260,-0.080051,0.715847,-0.003746,-0.693643,0.470457,-0.339894,0.684256,0.171548,-0.656152,0.103905,0.727488,-0.235588,-0.215475,0.687269,-0.080050,0.715848,-0.003741,-0.693643,0.470452,-0.339831,0.684275,0.171550,-0.656152,0.103906,0.727488,-0.235599,-0.215505,0.687259,0.313688,0.132408,0.127110,-0.305873,2,True,True,0.024504,-0.049495,-0.047171,0.039879,0.038208,-0.047253,0.039879,0.038208,-0.047253,True,0.041762,0.038864,-0.047287,0.041762,0.038864,-0.047287,-2.555378,-2.365939,-2.217583,-2.410591,-2.585538,-2.562401,-2.839816,-2.485747,-0.059754,-0.041525,-0.045472,-0.066702,-0.061081,-0.076561,-0.052347,-0.068736,-376.122772,-151.435547,-265.108398,-71.782089,True,velocity,0.313688,0.322428,-0.017056,-0.008462,0.002880,False
16.215762564000215,-0.426016,1.054966,-1.762357,1.417649,-0.424768,-0.103510,-0.478654,0.684200,1.330314,1.261992,1.297844,0.157981,-0.285292,-0.455867,-0.090458,0.711932,-0.017309,-0.696183,0.465285,-0.347996,0.684714,0.183004,-0.650768,0.116130,0.727685,-0.243647,-0.211631,0.686937,-0.090457,0.711932,-0.017304,-0.696183,0.465281,-0.347937,0.684732,0.183006,-0.650767,0.116131,0.727685,-0.243658,-0.211661,0.686928,0.313321,0.133096,0.125675,-0.307410,2,True,True,0.020660,-0.043034,-0.046038,0.034815,0.032660,-0.046896,0.034815,0.032660,-0.046896,True,0.039879,0.038208,-0.047253,0.039879,0.038208,-0.047253,-2.546718,-2.347278,-2.197344,-2.398776,-2.585538,-2.482452,-2.331241,-2.473529,-0.057806,-0.044989,-0.053827,-0.064867,-0.039116,-0.076561,-0.039251,-0.044836,-376.152893,-151.435547,-265.137848,-71.813759,True,velocity,0.313321,0.322041,-0.016976,-0.009283,0.006359,False
16.250042871000005,-0.448737,1.056662,-1.741465,1.395016,-0.440805,-0.121096,-0.467993,0.674763,1.316901,1.278318,1.306649,0.142465,-0.294859,-0.460626,-0.100574,0.708077,-0.030622,-0.698265,0.459697,-0.355507,0.684955,0.194616,-0.644921,0.127872,0.727908,-0.251907,-0.207380,0.686319,-0.100573,0.708078,-0.030617,-0.698265,0.459693,-0.355449,0.684972,0.194618,-0.644920,0.127873,0.727908,-0.251919,-0.207409,0.686310,0.312863,0.133702,0.124353,-0.308942,2,True,True,0.018158,-0.039673,-0.045084,0.032317,0.029313,-0.046363,0.032317,0.029313,-0.046363,True,0.034815,0.032660,-0.046896,0.034815,0.032660,-0.046896,-2.580097,-2.354859,-2.180824,-2.410129,-2.585874,-2.445625,-2.306833,-2.461599,-0.050548,-0.037856,-0.046484,-0.057419,-0.042211,-0.076561,-0.043975,-0.046016,-376.198517,-151.435547,-265.178284,-71.867744,True,velocity,0.312863,0.321625,-0.017023,-0.010011,0.024707,False
16.28354262599987,-0.469541,1.059261,-1.721759,1.374552,-0.455071,-0.136056,-0.458700,0.664761,1.303784,1.294679,1.314370,0.127361,-0.302051,-0.464509,-0.109841,0.704207,-0.042482,-0.700159,0.453936,-0.362225,0.685152,0.205715,-0.638781,0.138431,0.728339,-0.260132,-0.202910,0.685368,-0.109840,0.704207,-0.042477,-0.700159,0.453933,-0.362172,0.685168,0.205717,-0.638780,0.138432,0.728339,-0.260142,-0.202936,0.685359,0.312485,0.134135,0.123177,-0.310393,2,True,True,0.012994,-0.035287,-0.042258,0.000000,0.000000,-0.045156,0.000000,0.000000,-0.045156,True,0.032317,0.029313,-0.046363,0.032317,0.029313,-0.046363,-2.610117,-2.372889,-2.180395,-2.425335,-2.585233,-2.501344,-2.276087,-2.455072,-0.046617,-0.033714,-0.042484,-0.053272,-0.049434,-0.076561,-0.052811,-0.053385,-376.217621,-151.435547,-265.198944,-71.888535,True,velocity,0.312485,0.321178,-0.016843,-0.010856,0.026099,False
16.31599249700048,-0.491938,1.061719,-1.702446,1.353078,-0.469748,-0.150269,-0.450412,0.656697,1.291849,1.310460,1.318894,0.111996,-0.308071,-0.468170,-0.118562,0.699881,-0.053803,-0.702293,0.447846,-0.368325,0.685489,0.216745,-0.632341,0.148219,0.728833,-0.268631,-0.198162,0.684074,0.118560,-0.699882,0.053797,0.702293,0.447844,-0.368265,0.685505,0.216748,-0.632340,0.148220,0.728833,-0.268639,-0.198181,0.684066,0.311676,0.134049,0.122826,-0.311843,2,True,True,0.010415,-0.045819,-0.040593,0.038233,0.027315,-0.043814,0.038233,0.027315,-0.043814,True,0.000000,0.000000,-0.045156,0.001933,0.000926,-0.045156,2.694647,-2.465625,-0.843868,-2.549957,-2.585233,-2.501344,-2.276087,-2.455072,-0.005728,0.007357,-0.001194,-0.011526,-0.044267,-0.037855,-0.040288,-0.048407,-376.224457,-151.488007,-265.198242,-71.897881,True,velocity,0.311676,0.320225,-0.016329,-0.015391,0.010501,False
16.350428802999886,-0.507508,1.065270,-1.686394,1.339291,-0.482407,-0.158945,-0.443873,0.647165,1.280638,1.326194,1.323198,0.099860,-0.310287,-0.469128,-0.125510,0.695713,-0.062981,-0.704460,0.442292,-0.372950,0.686081,0.225789,-0.626698,0.156051,0.729327,-0.276229,-0.193782,0.682933,0.125510,-0.695713,0.062977,0.704460,0.442292,-0.372916,0.686092,0.225792,-0.626697,0.156051,0.729326,-0.276236,-0.193801,0.682929,0.311658,0.134227,0.122057,-0.313041,2,True,True,0.001431,-0.024125,-0.032723,0.000000,0.000000,-0.040552,0.000000,0.000000,-0.040552,True,0.038233,0.027315,-0.043814,0.036290,0.027315,-0.043814,-2.676516,-2.491115,-2.293862,-2.499880,-2.658665,-2.501344,-2.276087,-2.455355,-0.048929,-0.036241,-0.043582,-0.054545,-0.018005,-0.018143,-0.019013,-0.025223,-376.208984,-151.565018,-265.194885,-71.896202,True,velocity,0.311658,0.319741,-0.015413,-0.015047,0.013024,False
16.38268504500047,-0.525041,1.069233,-1.669743,1.325396,-0.496237,-0.168118,-0.437185,0.639206,1.269125,1.343211,1.325433,0.087730,-0.314472,-0.469979,-0.132346,0.690978,-0.073348,-0.706862,0.436006,-0.377325,0.687047,0.235958,-0.620953,0.165280,0.728988,-0.284831,-0.188823,0.681851,0.132345,-0.690979,0.073343,0.706862,0.436006,-0.377281,0.687058,0.235961,-0.620953,0.165280,0.728988,-0.284836,-0.188837,0.681847,0.311259,0.134183,0.121819,-0.314407,2,True,True,0.000105,-0.031272,-0.033160,0.000000,0.000000,-0.038378,0.000000,0.000000,-0.038378,True,0.000000,0.000000,-0.040552,0.007816,0.000000,-0.040552,2.815905,-1.387310,-1.754283,-2.815905,-2.677614,-2.501344,-2.269663,-2.455256,-0.010796,0.002228,-0.004380,-0.014527,-0.003121,-0.008436,-0.012704,-0.012928,-376.223480,-151.591934,-265.233673,-71.912109,True,velocity,0.311259,0.319303,-0.015354,-0.014682,0.013265,False
16.41635522500019,-0.540943,1.072943,-1.654217,1.312688,-0.509164,-0.175792,-0.431440,0.632636,1.259039,1.358610,1.326322,0.076379,-0.317666,-0.470193,-0.138610,0.686488,-0.082417,-0.709034,0.430177,-0.380966,0.687996,0.244965,-0.615417,0.173479,0.728807,-0.292576,-0.184225,0.681022,0.138609,-0.686488,0.082413,0.709034,0.430177,-0.380927,0.688006,0.244967,-0.615416,0.173479,0.728807,-0.292580,-0.184236,0.681018,0.310968,0.134115,0.121823,-0.315563,2,True,True,-0.001922,-0.031152,-0.029470,0.000000,0.000000,-0.035758,0.000000,0.000000,-0.035758,True,0.000000,0.000000,-0.038378,0.000000,0.000000,-0.038378,2.517182,-2.517182,2.517182,-2.517182,-2.763224,-2.501344,-2.196431,-2.510075,-0.004326,0.008041,0.000010,-0.008041,-0.001352,-0.010912,-0.017350,-0.009608,-376.224335,-151.590546,-265.233246,-71.914757,True,velocity,0.310968,0.318828,-0.014994,-0.014531,0.015089,False
16.449820775999797,-0.557134,1.077234,-1.638628,1.300658,-0.522110,-0.182502,-0.426105,0.626576,1.248428,1.374599,1.326381,0.066359,-0.320037,-0.469537,-0.144602,0.681743,-0.091474,-0.711301,0.423984,-0.384536,0.689066,0.253698,-0.609969,0.181692,0.728398,-0.300739,-0.179511,0.680225,0.144601,-0.681744,0.091469,0.711301,0.423985,-0.384498,0.689074,0.253700,-0.609968,0.181692,0.728397,-0.300742,-0.179520,0.680223,0.310515,0.133987,0.121804,-0.316738,2,True,True,-0.005755,-0.031715,-0.028947,0.000000,0.000000,-0.033755,0.000000,0.000000,-0.033755,True,0.000000,0.000000,-0.035758,0.000000,0.000000,-0.035758,2.517182,-2.517182,2.517182,-2.517182,-2.995815,-2.501344,-2.331241,-2.510548,-0.005018,0.007492,0.000744,-0.007492,0.001004,-0.011323,-0.019002,-0.009204,-376.201019,-151.587479,-265.228790,-71.914757,True,velocity,0.310515,0.318409,-0.015086,-0.014031,0.032532,False
16.48372978899988,-0.571748,1.081582,-1.624127,1.289233,-0.534103,-0.187060,-0.421173,0.621475,1.238827,1.389241,1.325170,0.057451,-0.320492,-0.468963,-0.149884,0.677092,-0.099004,-0.713638,0.418228,-0.387699,0.690001,0.261588,-0.604866,0.188290,0.728187,-0.308211,-0.175233,0.679575,0.149883,-0.677092,0.099000,0.713639,0.418229,-0.387665,0.690009,0.261590,-0.604865,0.188289,0.728187,-0.308212,-0.175239,0.679573,0.310258,0.133888,0.121825,-0.317765,2,True,True,-0.008724,-0.031090,-0.026004,0.000000,0.000000,-0.031475,0.000000,0.000000,-0.031475,True,0.000000,0.000000,-0.033755,0.000000,0.000000,-0.033755,2.517182,-2.517182,2.517182,-2.517182,3.115194,-2.427379,-2.502632,-2.510369,-0.005845,0.007044,0.002140,-0.007073,0.014384,-0.006473,-0.003425,-0.005641,-376.173676,-151.585526,-265.201599,-71.914757,True,velocity,0.310258,0.317572,-0.013791,-0.016736,0.001269,False
16.51673773099992,-0.585909,1.087410,-1.609246,1.275877,-0.546590,-0.189402,-0.418034,0.615243,1.228400,1.404347,1.323386,0.047645,-0.319730,-0.468378,-0.156208,0.671671,-0.104394,-0.716631,0.412060,-0.390949,0.690746,0.270118,-0.598949,0.194247,0.728399,-0.316026,-0.170505,0.679207,0.156207,-0.671671,0.104390,0.716631,0.412062,-0.390915,0.690752,0.270120,-0.598949,0.194246,0.728398,-0.316028,-0.170513,0.679204,0.310761,0.133798,0.121831,-0.318851,2,True,True,-0.011426,-0.030902,-0.027105,0.000000,0.000000,-0.030190,0.000000,0.000000,-0.030190,True,0.000000,0.000000,-0.031475,0.000000,0.000000,-0.031475,2.517182,-2.517182,2.517182,-2.517182,2.974712,-2.470201,-2.815551,-2.510548,-0.005917,0.006575,0.003834,-0.006595,0.029416,0.001359,0.024442,-0.000226,-376.164764,-151.592499,-265.172577,-71.914757,True,velocity,0.310761,0.317144,-0.011974,-0.015822,0.003008,False
16.547998885999732,-0.598871,1.095547,-1.597161,1.264493,-0.555764,-0.192382,-0.417499,0.610472,1.216236,1.416883,1.322032,0.040970,-0.319066,-0.467148,-0.162690,0.666562,-0.109143,-0.719246,0.405676,-0.393805,0.691170,0.277304,-0.593153,0.199998,0.728884,-0.323697,-0.165672,0.679325,0.162678,-0.666614,0.109152,0.719200,0.405741,-0.393529,0.691887,0.277287,-0.593137,0.199989,0.728907,-0.323620,-0.165787,0.680020,0.311716,0.133762,0.121988,-0.319746,1,True,True,-0.012502,-0.026186,-0.023757,0.000000,0.000000,-0.028298,0.000000,0.000000,-0.028298,True,0.000000,0.000000,-0.030190,0.000000,0.000000,-0.030190,2.517182,-2.517182,2.517182,-2.517182,2.876147,-2.494856,-2.980628,-2.510727,-0.005923,0.006324,0.004473,-0.006314,0.025936,-0.002765,0.034655,-0.000529,-376.162933,-151.597519,-265.155701,-71.918106,True,velocity,0.311716,0.316716,-0.009235,-0.015297,0.018346,False
16.580731144999845,-0.612314,1.104658,-1.582592,1.253409,-0.566049,-0.196537,-0.415439,0.605289,1.203010,1.432381,1.321927,0.033034,-0.318845,-0.466224,-0.170105,0.661180,-0.115763,-0.721460,0.398112,-0.396475,0.691306,0.285124,-0.586785,0.207394,0.728955,-0.332136,-0.160165,0.679770,0.170085,-0.661237,0.115766,0.721411,0.398190,-0.396174,0.691700,0.285102,-0.586760,0.207387,0.728986,-0.332072,-0.160317,0.680124,0.311300,0.133749,0.122048,-0.320808,1,True,True,-0.012892,-0.024399,-0.027329,0.000000,0.000000,-0.028013,0.000000,0.000000,-0.028013,True,0.000000,0.000000,-0.028298,0.000000,0.000000,-0.028298,2.517182,-2.517182,2.517182,-2.517182,2.796384,-2.494856,3.057191,-2.510075,-0.005700,0.005928,0.005086,-0.005929,0.014951,-0.006679,0.033154,-0.002184,-376.151917,-151.599609,-265.144684,-71.919785,True,velocity,0.311300,0.316300,-0.009268,-0.014647,0.019540,False
16.614492935999806,-0.614787,1.102740,-1.577896,1.250098,-0.568587,-0.194566,-0.412980,0.606273,1.205350,1.435719,1.320151,0.030259,-0.315721,-0.465741,-0.170105,0.661180,-0.115763,-0.721460,0.398112,-0.396475,0.691306,0.285124,-0.586785,0.207394,0.728955,-0.332136,-0.160165,0.679770,0.170101,-0.661183,0.115756,0.721459,0.398114,-0.396447,0.691398,0.285126,-0.586787,0.207390,0.728954,-0.332122,-0.160139,0.679860,0.310916,0.133980,0.122451,-0.320956,1,True,True,-0.005971,-0.012312,-0.003770,0.000000,0.000000,0.000000,0.000000,0.000000,0.000000,True,0.000000,0.000000,-0.028013,0.000000,0.000000,-0.028013,2.517182,-2.517182,2.517182,-2.517182,2.717279,-2.494856,2.897452,-2.510548,-0.005753,0.005868,0.000112,-0.005870,0.012320,-0.005753,0.025222,-0.002852,-376.135590,-151.600586,-265.128204,-71.921036,True,velocity,0.310916,0.315916,-0.009309,-0.013817,0.021163,False
16.647799858000326,-0.634655,1.120403,-1.554943,1.236992,-0.583022,-0.206955,-0.409693,0.597207,1.180568,1.460759,1.322100,0.019386,-0.317166,-0.465574,-0.183482,0.652802,-0.129981,-0.723387,0.384008,-0.400581,0.690942,0.298221,-0.576001,0.220095,0.728591,-0.346740,-0.150582,0.680381,0.183425,-0.652926,0.130047,0.723278,0.384145,-0.400140,0.691485,0.298126,-0.575920,0.220112,0.728689,-0.346649,-0.150918,0.680844,0.310259,0.133613,0.121955,-0.322307,1,True,True,-0.016993,-0.027198,-0.044279,0.000000,0.000000,0.000000,0.000000,0.000000,0.000000,True,0.000000,0.000000,0.000000,0.000000,0.000000,0.000000,2.679637,-2.489016,2.805610,-2.510075,2.679637,-2.489016,2.805610,-2.510075,0.000000,0.000000,0.000000,0.000000,0.017070,-0.002899,0.021926,-0.003189,-376.127502,-151.600723,-265.122070,-71.921455,True,velocity,0.310259,0.315259,-0.009235,-0.015293,0.006621,False
16.68373439700008,-0.649268,1.127510,-1.533555,1.224956,-0.595598,-0.208579,-0.402962,0.590501,1.171899,1.483301,1.322748,0.009097,-0.312283,-0.465899,-0.189950,0.648108,-0.137309,-0.724584,0.376318,-0.402301,0.690945,0.305423,-0.571005,0.226346,0.727624,-0.354342,-0.145501,0.680322,0.189949,-0.648109,0.137301,0.724584,0.376323,-0.402266,0.690950,0.305429,-0.571004,0.226344,0.727623,-0.354347,-0.145511,0.680314,0.309197,0.133569,0.122069,-0.321964,2,True,True,-0.018300,-0.023783,-0.034001,0.000000,0.000000,0.000000,0.000000,0.000000,0.000000,True,0.000000,0.000000,0.000000,0.000000,0.000000,0.000000,2.680077,-2.489016,2.793197,-2.510369,2.680077,-2.489016,2.793197,-2.510369,0.000000,0.000000,0.000000,0.000000,0.016553,-0.000767,0.021926,-0.001329,-376.125275,-151.600586,-265.122070,-71.921593,True,velocity,0.309197,0.314997,-0.010941,-0.013191,0.010501,False
16.715081588999965,-0.658812,1.136087,-1.521606,1.218204,-0.602934,-0.209402,-0.400767,0.586179,1.163142,1.495895,1.320928,0.003678,-0.310526,-0.465397,-0.194747,0.643818,-0.142053,-0.726219,0.370231,-0.403326,0.691168,0.311141,-0.566745,0.230193,0.727326,-0.360024,-0.141470,0.680178,0.194742,-0.643855,0.142052,0.726187,0.370311,-0.403157,0.691834,0.311132,-0.566737,0.230188,0.727337,-0.359969,-0.141570,0.680833,0.309725,0.133669,0.122336,-0.321503,1,True,True,-0.015315,-0.015758,-0.020162,0.000000,0.000000,0.000000,0.000000,0.000000,0.000000,True,0.000000,0.000000,0.000000,0.000000,0.000000,0.000000,2.680278,-2.488368,2.793407,-2.510548,2.680278,-2.488368,2.793407,-2.509896,0.000000,0.000000,0.000000,0.000000,0.009563,-0.000100,0.021926,-0.000641,-376.125427,-151.600586,-265.122070,-71.921593,True,velocity,0.309725,0.314725,-0.009394,-0.012118,0.009638,False
16.74790040300013,-0.666459,1.144030,-1.510365,1.212430,-0.609873,-0.207989,-0.398464,0.581378,1.155404,1.507218,1.319832,-0.001419,-0.306226,-0.464006,-0.199008,0.639769,-0.145650,-0.727927,0.364339,-0.404026,0.691324,0.315520,-0.562588,0.232699,0.727869,-0.365041,-0.137686,0.680149,0.199007,-0.639800,0.145645,0.727901,0.364425,-0.403882,0.691544,0.315519,-0.562580,0.232689,0.727879,-0.364977,-0.137787,0.680362,0.309475,0.133633,0.122532,-0.321436,1,True,True,-0.016392,-0.009884,-0.018160,0.000000,0.000000,0.000000,0.000000,0.000000,0.000000,True,0.000000,0.000000,0.000000,0.000000,0.000000,0.000000,2.679837,-2.489016,2.793407,-2.509896,2.679837,-2.489016,2.793407,-2.509896,0.000000,0.000000,0.000000,0.000000,0.001783,-0.000041,0.021926,-0.000094,-376.125000,-151.600586,-265.122070,-71.921593,True,velocity,0.309475,0.314475,-0.009450,-0.010997,0.010909,False
16.781518083000265,-0.668253,1.142974,-1.505475,1.210305,-0.612130,-0.205866,-0.396049,0.581232,1.156965,1.511328,1.318929,-0.003828,-0.303119,-0.463193,-0.199008,0.639769,-0.145650,-0.727927,0.364339,-0.404026,0.691324,0.315520,-0.562588,0.232699,0.727869,-0.365041,-0.137686,0.680149,0.199006,-0.639771,0.145645,0.727926,0.364348,-0.403994,0.691331,0.315523,-0.562588,0.232696,0.727868,-0.365034,-0.137684,0.680150,0.309316,0.133966,0.122667,-0.320975,1,True,True,-0.006397,-0.005816,-0.004320,0.000000,0.000000,0.000000,0.000000,0.000000,0.000000,True,0.000000,0.000000,0.000000,0.000000,0.000000,0.000000,2.679837,-2.488368,2.793197,-2.510548,2.680077,-2.488941,2.793407,-2.509896,0.000000,0.000000,0.000000,0.000000,0.000234,0.000159,0.021926,-0.000003,-376.125000,-151.600861,-265.122070,-71.921593,True,velocity,0.309316,0.314206,0.000000,-0.010248,0.028360,False
16.814975670999956,-0.676113,1.156351,-1.491699,1.205268,-0.621302,-0.207418,-0.394447,0.575061,1.144330,1.525754,1.318868,-0.008858,-0.298959,-0.461220,-0.206924,0.633583,-0.152184,-0.729791,0.354552,-0.404701,0.690798,0.321347,-0.556685,0.237301,0.728372,-0.372712,-0.131894,0.680650,0.206920,-0.633624,0.152195,0.729754,0.354663,-0.404546,0.690818,0.321333,-0.556663,0.237294,0.728398,-0.372620,-0.132049,0.680666,0.309348,0.133547,0.122690,-0.321596,1,True,True,-0.018964,-0.005142,-0.022974,0.000000,0.000000,0.000000,0.000000,0.000000,0.000000,True,0.000000,0.000000,0.000000,0.000000,0.000000,0.000000,2.679837,-2.488368,2.793407,-2.509896,2.679837,-2.488368,2.793407,-2.509896,0.000000,0.000000,0.000000,0.000000,0.000485,-0.000360,0.021926,0.000000,-376.123596,-151.601425,-265.122070,-71.921593,True,velocity,0.309348,0.313934,0.000000,-0.009713,0.029904,False
16.850803062000523,-0.680818,1.161700,-1.481519,1.202443,-0.625272,-0.207852,-0.391660,0.572944,1.139759,1.535841,1.319150,-0.011689,-0.296252,-0.460514,-0.210460,0.631649,-0.155889,-0.729674,0.350256,-0.404809,0.690263,0.323752,-0.554714,0.240291,0.727830,-0.375896,-0.129523,0.681068,0.210455,-0.631660,0.155885,0.729667,0.350310,-0.404709,0.690285,0.323752,-0.554708,0.240291,0.727835,-0.375868,-0.129588,0.681064,0.308913,0.133782,0.122705,-0.321291,1,True,True,-0.011917,-0.004693,-0.013805,0.000000,0.000000,0.000000,0.000000,0.000000,0.000000,True,0.000000,0.000000,0.000000,0.000000,0.000000,0.000000,2.680278,-2.488368,2.793407,-2.510369,2.680278,-2.488368,2.793197,-2.509896,0.000000,0.000000,0.000000,0.000000,0.000938,-0.000381,0.021926,0.000000,-376.123199,-151.601425,-265.122070,-71.921593,True,velocity,0.308913,0.313431,0.000000,-0.010863,0.017650,False
16.883939893000388,-0.683864,1.165420,-1.473725,1.200438,-0.628893,-0.208380,-0.389465,0.571301,1.136937,1.543198,1.319366,-0.014036,-0.293678,-0.459669,-0.213350,0.630064,-0.158691,-0.729601,0.346965,-0.404776,0.689884,0.325276,-0.553296,0.242249,0.727582,-0.378152,-0.127736,0.681425,0.213347,-0.630069,0.158686,0.729599,0.347003,-0.404709,0.689898,0.325278,-0.553292,0.242247,0.727584,-0.378130,-0.127783,0.681423,0.308758,0.133890,0.122760,-0.321162,1,True,True,-0.008665,-0.003030,-0.009952,0.000000,0.000000,0.000000,0.000000,0.000000,0.000000,True,0.000000,0.000000,0.000000,0.000000,0.000000,0.000000,2.680278,-2.488368,2.793197,-2.509896,2.680278,-2.488368,2.793197,-2.509896,0.000000,0.000000,0.000000,0.000000,0.001115,-0.000434,0.001296,0.000000,-376.122498,-151.601562,-265.118988,-71.921593,True,velocity,0.308758,0.313237,0.000000,-0.009628,0.018354,False
16.921095425999738,-0.685534,1.168095,-1.467941,1.199541,-0.631235,-0.207561,-0.387325,0.569751,1.135538,1.548369,1.319627,-0.015793,-0.291291,-0.458837,-0.215014,0.628982,-0.160462,-0.729659,0.344544,-0.404550,0.689752,0.326129,-0.552429,0.243229,0.727531,-0.379515,-0.126489,0.681695,0.215014,-0.628984,0.160459,0.729658,0.344576,-0.404521,0.689761,0.326132,-0.552427,0.243228,0.727532,-0.379502,-0.126527,0.681695,0.308888,0.133947,0.122859,-0.321057,1,True,True,-0.006967,-0.000070,-0.006782,0.000000,0.000000,0.000000,0.000000,0.000000,0.000000,True,0.000000,0.000000,0.000000,0.000000,0.000000,0.000000,-2.702341,-2.488368,2.793197,-2.510075,-2.702341,-2.488368,2.793197,-2.510369,0.000000,0.000000,0.000000,0.000000,0.000812,-0.000610,-0.000279,-0.000013,-376.122498,-151.602402,-265.119843,-71.921738,True,velocity,0.308888,0.313119,0.000000,-0.007874,0.023371,False
16.949210929999936,-0.685930,1.169478,-1.464160,1.199334,-0.632734,-0.205976,-0.385488,0.568180,1.135246,1.552002,1.320157,-0.016358,-0.288868,-0.457941,-0.215730,0.628357,-0.161191,-0.729826,0.343179,-0.404260,0.689721,0.326271,-0.552307,0.243413,0.727499,-0.380137,-0.125670,0.681890,0.215731,-0.628357,0.161190,0.729826,0.343200,-0.404261,0.689726,0.326274,-0.552304,0.243413,0.727499,-0.380131,-0.125705,0.681894,0.309207,0.134009,0.122956,-0.320970,1,True,True,-0.005098,0.002845,-0.004180,0.000000,0.000000,0.000000,0.000000,0.000000,0.000000,True,0.000000,0.000000,0.000000,0.000000,0.000000,0.000000,-2.702341,-2.488368,-2.238747,-2.509896,-2.702341,-2.488368,-2.238747,-2.509896,0.000000,0.000000,0.000000,0.000000,0.000391,-0.000397,-0.000162,-0.000060,-376.122498,-151.601837,-265.119293,-71.921738,True,velocity,0.309207,0.313069,0.000000,-0.006523,0.004296,False
16.981691263999892,-0.684939,1.170406,-1.461522,1.200372,-0.633233,-0.204324,-0.383246,0.566061,1.136128,1.553769,1.322030,-0.015780,-0.285588,-0.457246,-0.215879,0.628087,-0.161802,-0.729879,0.342255,-0.403671,0.689880,0.325300,-0.552891,0.242360,0.727841,-0.379715,-0.125173,0.682171,0.215882,-0.628085,0.161802,0.729879,0.342269,-0.403707,0.689888,0.325303,-0.552888,0.242364,0.727841,-0.379727,-0.125228,0.682171,0.309870,0.134095,0.123116,-0.320914,1,True,True,-0.002513,0.007648,-0.002500,0.000000,0.000000,0.000000,0.000000,0.000000,0.000000,True,0.000000,0.000000,0.000000,0.000000,0.000000,0.000000,-2.702341,-2.488941,2.806043,-2.510075,-2.702341,-2.488941,2.806043,-2.510369,0.000000,0.000000,0.000000,0.000000,-0.000435,0.000262,0.000520,-0.000071,-376.128754,-151.601151,-265.119293,-71.921738,True,velocity,0.309870,0.313069,0.000000,-0.004928,0.004410,False
17.015797683000528,-0.682356,1.170459,-1.460398,1.202915,-0.632949,-0.202279,-0.381158,0.563995,1.138224,1.554083,1.323877,-0.014822,-0.283044,-0.456852,-0.215366,0.628214,-0.161931,-0.729892,0.342036,-0.402860,0.690204,0.324068,-0.554000,0.240749,0.728083,-0.378613,-0.125207,0.682405,0.215370,-0.628213,0.161933,0.729892,0.342041,-0.402937,0.690209,0.324070,-0.553998,0.240753,0.728081,-0.378634,-0.125253,0.682406,0.310802,0.134175,0.123238,-0.320822,1,True,True,-0.000110,0.011302,0.000267,0.000000,0.000000,0.000000,0.000000,0.000000,0.000000,True,0.000000,0.000000,0.000000,0.000000,0.000000,0.000000,-2.702341,-2.488368,2.848437,-2.510727,-2.702341,-2.488368,2.848437,-2.510727,0.000000,0.000000,0.000000,0.000000,-0.007727,0.000799,0.000153,-0.000071,-376.148865,-151.600723,-265.119843,-71.921738,True,velocity,0.310802,0.313069,0.000000,-0.003676,0.006721,False
17.049126623999655,-0.678321,1.169607,-1.460847,1.206774,-0.631929,-0.199604,-0.379472,0.561877,1.141263,1.552882,1.325855,-0.013443,-0.280619,-0.456319,-0.214192,0.628726,-0.161387,-0.729917,0.342528,-0.401840,0.690711,0.322302,-0.555464,0.238488,0.728494,-0.376877,-0.125624,0.682639,0.214197,-0.628726,0.161391,0.729915,0.342526,-0.401960,0.690712,0.322305,-0.555465,0.238493,0.728491,-0.376902,-0.125665,0.682644,0.312005,0.134237,0.123365,-0.320733,1,True,True,0.001733,0.015106,0.002934,0.000000,0.000000,0.000000,0.000000,0.000000,0.000000,True,0.000000,0.000000,0.000000,0.000000,0.000000,0.000000,-2.702341,-2.489016,2.848437,-2.510075,-2.702341,-2.489016,2.848641,-2.510075,0.000000,0.000000,0.000000,0.000000,-0.020911,0.000791,-0.000064,0.000048,-376.171326,-151.600586,-265.119965,-71.921455,True,velocity,0.312005,0.313069,0.000000,-0.002764,0.007787,False
17.08412522300023,-0.672175,1.167947,-1.462841,1.211965,-0.629446,-0.196081,-0.377246,0.559505,1.145548,1.549565,1.327882,-0.010630,-0.276097,-0.456912,-0.212112,0.629807,-0.160089,-0.729879,0.343720,-0.400489,0.691423,0.319839,-0.557863,0.233870,0.729244,-0.374232,-0.126550,0.682930,0.212118,-0.629810,0.160096,0.729873,0.343717,-0.400656,0.691429,0.319839,-0.557863,0.233879,0.729241,-0.374257,-0.126598,0.682927,0.313801,0.134273,0.123525,-0.320640,1,True,True,0.002821,0.019912,0.005719,0.000000,0.000000,0.000000,0.000000,0.000000,0.000000,True,0.000000,0.000000,0.000000,0.000000,0.000000,0.000000,-2.702341,-2.488368,2.848437,-2.510548,-2.702341,-2.489016,2.848437,-2.510548,0.000000,0.000000,0.000000,0.000000,-0.026323,0.000351,-0.000680,0.000200,-376.180664,-151.600586,-265.119965,-71.921318,True,velocity,0.313801,0.313069,0.000000,-0.002041,0.027073,False
17.116556113000115,-0.663746,1.165969,-1.466109,1.217624,-0.625738,-0.192182,-0.374500,0.556788,1.150634,1.545021,1.328260,-0.008083,-0.271717,-0.460910,-0.209712,0.631252,-0.157897,-0.729802,0.345471,-0.398985,0.692220,0.319102,-0.560700,0.227225,0.729492,-0.371231,-0.127860,0.683159,0.209719,-0.631260,0.157905,0.729791,0.345470,-0.399171,0.692239,0.319099,-0.560693,0.227233,0.729496,-0.371259,-0.127887,0.683136,0.316437,0.134350,0.123590,-0.320572,1,True,True,0.005123,0.021858,0.007753,0.000000,0.000000,0.000000,0.000000,0.000000,0.000000,True,0.000000,0.000000,0.000000,0.000000,0.000000,0.000000,-2.702341,-2.488368,2.848641,-2.509896,-2.702341,-2.488368,2.848641,-2.509896,0.000000,0.000000,0.000000,0.000000,-0.022527,0.000153,-0.000157,0.000144,-376.193909,-151.600586,-265.119965,-71.921593,True,velocity,0.316437,0.313069,0.000000,-0.001543,0.027295,False
17.14926955700048,-0.661318,1.166048,-1.467483,1.220329,-0.625359,-0.191901,-0.375029,0.555438,1.150671,1.545385,1.329429,-0.007988,-0.271727,-0.460785,-0.209712,0.631252,-0.157897,-0.729802,0.345471,-0.398985,0.692220,0.319102,-0.560700,0.227225,0.729492,-0.371231,-0.127860,0.683159,0.209711,-0.631253,0.157897,0.729801,0.345469,-0.399022,0.692214,0.319102,-0.560700,0.227225,0.729492,-0.371238,-0.127872,0.683158,0.316699,0.134272,0.123230,-0.320780,1,True,True,0.002773,0.011056,0.001517,0.000000,0.000000,0.000000,0.000000,0.000000,0.000000,True,0.000000,0.000000,0.000000,0.000000,0.000000,0.000000,-2.702341,-2.488866,2.848641,-2.510548,-2.702341,-2.488866,2.848641,-2.510548,0.000000,0.000000,0.000000,0.000000,-0.018726,0.000091,-0.000061,0.000056,-376.199646,-151.600449,-265.119965,-71.921593,True,velocity,0.316699,0.313069,0.000000,-0.001164,0.027976,False
17.18432274800034,-0.642666,1.162328,-1.476531,1.229380,-0.613222,-0.186106,-0.366185,0.550374,1.162488,1.532878,1.330645,0.002316,-0.255280,-0.477676,-0.203593,0.635371,-0.152888,-0.729026,0.350185,-0.395061,0.694117,0.317293,-0.569413,0.206468,0.729702,-0.363389,-0.130562,0.684243,0.203593,-0.635371,0.152888,0.729026,0.350184,-0.395099,0.693912,0.317292,-0.569413,0.206469,0.729702,-0.363394,-0.130572,0.684039,0.323069,0.134615,0.124280,-0.320311,2,True,True,0.013087,0.042554,0.015594,-0.038985,-0.021501,0.000000,-0.038985,-0.021501,0.000000,True,0.000000,0.000000,0.000000,0.000000,0.000000,0.000000,-2.867508,-2.488866,2.848641,-2.510548,-2.854955,-2.488866,2.848641,-2.510548,0.000000,0.000000,0.000000,0.000000,-0.013940,0.000120,0.000000,-0.000130,-376.203827,-151.600449,-265.119965,-71.921593,True,velocity,0.323069,0.313069,0.020043,-0.000861,0.015028,False
17.22096357999999,-0.627474,1.160017,-1.486744,1.235734,-0.599475,-0.184636,-0.363989,0.547161,1.170724,1.521125,1.330116,-0.004210,-0.247391,-0.496393,-0.200286,0.640009,-0.147622,-0.726967,0.354058,-0.391834,0.695510,0.320991,-0.569968,0.191519,0.731725,-0.357838,-0.132040,0.685244,0.200286,-0.640010,0.147623,0.726967,0.354058,-0.391843,0.694968,0.320990,-0.569968,0.191519,0.731726,-0.357842,-0.132043,0.684703,0.328069,0.134687,0.125384,-0.320378,3,True,True,0.023332,0.031901,0.013569,0.000000,0.000000,0.000000,0.000000,0.000000,0.000000,True,-0.038985,-0.021501,0.000000,-0.038985,-0.021501,0.000000,-2.637578,-2.637578,-2.637578,-2.637578,-2.842404,-2.488866,2.848641,-2.510548,0.042877,0.044029,0.031115,0.044161,-0.007209,0.000097,0.000000,-0.000128,-376.201447,-151.599472,-265.119965,-71.921738,True,velocity,0.328069,0.313069,0.030031,-0.000630,0.019981,False
17.258674460999828,-0.608086,1.157617,-1.500744,1.250404,-0.582755,-0.181472,-0.367405,0.540937,1.178952,1.513719,1.336822,-0.000090,-0.240406,-0.511662,-0.196621,0.645862,-0.141456,-0.724011,0.358570,-0.387109,0.697624,0.320885,-0.574855,0.179091,0.731096,-0.351980,-0.132249,0.687452,0.196621,-0.645862,0.141456,0.724011,0.358570,-0.387111,0.697622,0.320885,-0.574855,0.179091,0.731096,-0.351981,-0.132250,0.687451,0.334063,0.134801,0.126618,-0.320286,5,True,True,0.026773,0.068911,0.016353,-0.046289,-0.018902,0.000000,-0.046289,-0.018902,0.000000,True,0.000000,0.000000,0.000000,0.000000,0.000000,0.000000,-2.806485,-2.488866,2.897452,-2.509896,-2.806485,-2.488866,2.940484,-2.534697,0.000000,0.000000,0.000000,0.000000,0.002653,0.008776,0.006943,-0.000128,-376.191406,-151.573807,-265.104767,-71.921738,True,velocity,0.334063,0.313069,0.042011,-0.000457,0.007823,False
17.29289058300037,-0.593677,1.153820,-1.512103,1.268033,-0.571928,-0.182097,-0.371056,0.537862,1.183682,1.507434,1.348399,0.006618,-0.231330,-0.521062,-0.193295,0.650527,-0.140453,-0.720919,0.361878,-0.382254,0.699819,0.315822,-0.578978,0.170844,0.732020,-0.347312,-0.131572,0.690077,0.193294,-0.650527,0.140454,0.720919,0.361878,-0.382258,0.699814,0.315822,-0.578978,0.170845,0.732020,-0.347315,-0.131575,0.690072,0.336545,0.134591,0.128281,-0.320361,5,True,True,0.023803,0.068935,0.014084,-0.070260,-0.019547,0.000000,-0.070260,-0.019547,0.000000,True,-0.046289,-0.018902,0.000000,-0.045036,-0.018902,0.000000,-2.719344,-2.719344,-2.719344,-2.719344,-2.811616,-2.488292,3.062972,-2.559498,0.045869,0.044898,0.040458,0.045536,0.006184,0.014990,0.004259,-0.000128,-376.189728,-151.567947,-265.115082,-71.921738,True,velocity,0.336545,0.313075,0.046954,-0.000297,0.009459,False
17.32756159099972,-0.577290,1.149826,-1.524180,1.290388,-0.553966,-0.186201,-0.375081,0.536578,1.187558,1.500265,1.361937,0.006477,-0.216409,-0.532741,-0.189622,0.658232,-0.141112,-0.714745,0.365572,-0.375444,0.702603,0.309848,-0.579729,0.161385,0.736114,-0.342046,-0.129981,0.694077,0.189622,-0.658232,0.141112,0.714745,0.365572,-0.375445,0.702602,0.309848,-0.579729,0.161385,0.736114,-0.342047,-0.129982,0.694076,0.339121,0.134799,0.131080,-0.320296,6,True,True,0.026440,0.080050,0.016041,-0.083292,-0.013016,0.000000,-0.083292,-0.013016,0.000000,True,-0.070260,-0.019547,0.000000,-0.070260,-0.019547,0.000000,-2.870245,-2.870245,-2.870245,-2.870245,-2.787600,-2.549937,-3.127719,-2.590173,0.072680,0.069219,0.070525,0.069693,0.011170,0.021134,0.004529,-0.000128,-376.169922,-151.544220,-265.102112,-71.921738,True,velocity,0.339121,0.313097,0.050000,-0.000057,0.013579,False
17.361351474000003,-0.561546,1.147090,-1.534847,1.313448,-0.542118,-0.187941,-0.381133,0.536964,1.189556,1.496342,1.373800,0.012124,-0.206576,-0.545474,-0.187155,0.663512,-0.141694,-0.710386,0.368393,-0.368551,0.705258,0.305692,-0.582747,0.154700,0.736903,-0.338413,-0.127856,0.698489,0.187155,-0.663512,0.141694,0.710386,0.368393,-0.368555,0.705254,0.305692,-0.582747,0.154700,0.736903,-0.338415,-0.127858,0.698485,0.341350,0.135114,0.133827,-0.320312,6,True,True,0.021970,0.079313,0.015556,-0.082195,-0.004163,0.000000,-0.082195,-0.004163,0.000000,True,-0.083292,-0.013016,0.000000,-0.083292,-0.013016,0.000000,-2.986578,-2.986578,-2.986578,-2.986578,-2.812618,-2.488866,-3.066699,-2.627041,0.082837,0.074075,0.084033,0.078913,0.022902,0.034284,0.010586,-0.000128,-376.125549,-151.480331,-265.059021,-71.921738,True,velocity,0.341350,0.313119,0.050000,0.000122,0.016460,False
17.39597029700053,-0.543652,1.144988,-1.545241,1.342969,-0.532980,-0.190773,-0.388223,0.537735,1.189841,1.494584,1.389495,0.027938,-0.200175,-0.555569,-0.185344,0.667999,-0.144815,-0.706013,0.370800,-0.360083,0.708169,0.298832,-0.589378,0.151079,0.735193,-0.334876,-0.124684,0.704015,0.185343,-0.667999,0.144815,0.706013,0.370800,-0.360088,0.708162,0.298831,-0.589378,0.151079,0.735193,-0.334879,-0.124688,0.704009,0.343112,0.135832,0.137006,-0.320264,6,True,True,0.021551,0.095375,0.016985,-0.097304,-0.009626,0.000000,-0.097304,-0.009626,0.000000,True,-0.082195,-0.004163,0.000000,-0.082195,-0.004163,0.000000,-3.090993,-3.090993,-3.090993,-3.090993,-2.842851,-2.721295,-3.042604,-2.669798,0.079779,0.076739,0.082204,0.075107,-0.091656,0.050395,0.038849,-0.000128,-375.886017,-151.446426,-265.003906,-71.921738,True,velocity,0.343112,0.313178,0.050000,0.000529,0.001553,False
17.427673099000458,-0.527429,1.143511,-1.554236,1.371137,-0.524311,-0.193756,-0.395610,0.538157,1.189122,1.493062,1.405802,0.033637,-0.191916,-0.567369,-0.184054,0.672295,-0.148152,-0.701566,0.372654,-0.351969,0.710502,0.293728,-0.591472,0.147708,0.736252,-0.331652,-0.121122,0.708938,0.184053,-0.672295,0.148153,0.701565,0.372655,-0.351975,0.709564,0.293727,-0.591472,0.147709,0.736253,-0.331656,-0.121127,0.708001,0.343178,0.136616,0.140092,-0.320368,6,True,True,0.023518,0.092580,0.013866,-0.095272,-0.006878,0.000000,-0.095272,-0.006878,0.000000,True,-0.097304,-0.009626,0.000000,-0.097304,-0.009626,0.000000,-3.042988,-3.042988,-3.042988,-3.042988,-2.861093,-2.745950,-3.042291,-2.669798,0.096166,0.093497,0.097779,0.091049,0.075180,0.064277,0.058646,0.038932,-376.010895,-151.415451,-264.969879,-71.780411,True,velocity,0.343178,0.313241,0.050000,0.000880,0.002383,False
17.463555989999804,-0.508786,1.142810,-1.564245,1.400129,-0.520543,-0.192088,-0.405275,0.536843,1.188495,1.492686,1.420948,0.034267,-0.180483,-0.580154,-0.183156,0.674494,-0.148980,-0.699512,0.374666,-0.343071,0.712690,0.290199,-0.591417,0.142816,0.738657,-0.328732,-0.116964,0.713529,0.183156,-0.674494,0.148980,0.699512,0.374666,-0.343074,0.712686,0.290199,-0.591417,0.142817,0.738657,-0.328734,-0.116966,0.713526,0.345750,0.137353,0.143448,-0.320333,7,True,True,0.022104,0.100681,0.014941,-0.102514,-0.010774,0.000000,-0.102514,-0.010774,0.000000,True,-0.095272,-0.006878,0.000000,-0.095272,-0.006878,0.000000,-3.069526,-3.069526,-3.069526,-3.069526,-2.940643,-2.745950,-3.048713,-2.669798,0.094728,0.090563,0.095499,0.087990,0.081562,0.083401,0.079236,0.094359,-375.967224,-151.322678,-264.892303,-71.627647,True,velocity,0.345750,0.313356,0.050000,0.001493,0.005510,False
17.496605469000315,-0.490701,1.142928,-1.572849,1.427666,-0.520513,-0.187209,-0.415628,0.535429,1.187563,1.493798,1.433117,0.037006,-0.175881,-0.596240,-0.182878,0.675079,-0.148687,-0.699082,0.376138,-0.334498,0.714132,0.290602,-0.592970,0.139120,0.737959,-0.326824,-0.112699,0.716975,0.182878,-0.675079,0.148687,0.699082,0.376138,-0.334502,0.714128,0.290601,-0.592970,0.139120,0.737959,-0.326827,-0.112702,0.716971,0.346972,0.138066,0.146599,-0.320374,7,True,True,0.021377,0.094525,0.013691,-0.096443,-0.009523,0.000000,-0.096443,-0.009523,0.000000,True,-0.102514,-0.010774,0.000000,-0.102514,-0.010774,0.000000,-3.036876,-3.036876,-3.036876,-3.036876,-2.972078,-2.549937,-3.048713,-2.669798,0.102862,0.091098,0.103071,0.096212,0.078463,0.083170,0.073985,0.086079,-375.916016,-151.261581,-264.842072,-71.573242,True,velocity,0.346972,0.313553,0.050000,0.002604,0.023803,False
17.52955000499969,-0.473096,1.143838,-1.580028,1.453875,-0.518753,-0.182220,-0.426027,0.531958,1.186234,1.496121,1.447522,0.041804,-0.173609,-0.614703,-0.183168,0.676141,-0.147998,-0.698126,0.377140,-0.325972,0.714667,0.292047,-0.595596,0.135613,0.735924,-0.324906,-0.107659,0.719640,0.183167,-0.676141,0.147998,0.698126,0.377140,-0.325976,0.714662,0.292046,-0.595596,0.135614,0.735924,-0.324908,-0.107662,0.719635,0.347637,0.138843,0.149804,-0.320501,7,True,True,0.023338,0.096166,0.009878,-0.098619,-0.008179,0.000000,-0.098619,-0.008179,0.000000,True,-0.096443,-0.009523,0.000000,-0.096443,-0.009523,0.000000,-3.043172,-3.043172,-3.043172,-3.043172,-2.990041,-2.697288,-3.048549,-2.669798,0.096740,0.090334,0.096910,0.090235,0.082032,0.092944,0.076970,0.085105,-375.838165,-151.179123,-264.780548,-71.492607,True,velocity,0.347637,0.313853,0.050000,0.004235,0.024092,False
17.565592265000305,-0.461586,1.144036,-1.585060,1.475648,-0.519714,-0.175881,-0.437817,0.528015,1.184793,1.498405,1.463575,0.046355,-0.166680,-0.625098,-0.183435,0.676463,-0.147038,-0.697947,0.377647,-0.319171,0.714540,0.289074,-0.597002,0.132962,0.736441,-0.322896,-0.102977,0.720875,0.183434,-0.676463,0.147038,0.697947,0.377647,-0.319173,0.714537,0.289074,-0.597002,0.132962,0.736441,-0.322898,-0.102978,0.720872,0.346422,0.139344,0.152598,-0.320632,7,True,True,0.015006,0.083809,0.005966,-0.084265,-0.012190,0.000000,-0.084265,-0.012190,0.000000,True,-0.098619,-0.008179,0.000000,-0.098619,-0.008179,0.000000,-3.058845,-3.058845,-3.058845,-3.058845,-2.996456,-2.850372,-3.048713,-2.878369,0.098765,0.096815,0.098952,0.097350,0.089724,0.100761,0.093906,0.092698,-375.780426,-151.111191,-264.696442,-71.434013,True,velocity,0.346422,0.314284,0.050000,0.006250,0.028831,False
17.595650926000417,-0.448676,1.145161,-1.589796,1.494956,-0.521069,-0.168641,-0.449105,0.519210,1.183955,1.501730,1.481709,0.051082,-0.155446,-0.634819,-0.184589,0.676208,-0.144496,-0.698420,0.378090,-0.312188,0.713399,0.285603,-0.598153,0.127727,0.737787,-0.320342,-0.097336,0.720921,0.184588,-0.676208,0.144497,0.698420,0.378091,-0.312193,0.712766,0.285602,-0.598153,0.127728,0.737787,-0.320345,-0.097339,0.720288,0.344875,0.139822,0.155576,-0.320738,6,True,True,0.014350,0.089334,0.002779,-0.089301,-0.014554,0.000000,-0.089301,-0.014554,0.000000,True,-0.084265,-0.012190,0.000000,-0.084265,-0.012190,0.000000,-2.997931,-2.997931,-2.997931,-2.997931,-3.002230,-2.850372,-3.048713,-2.963496,0.085141,0.084217,0.085032,0.085024,0.094755,0.106120,0.098726,0.098283,-375.731171,-151.053986,-264.653046,-71.380302,True,velocity,0.344875,0.315609,0.050000,0.014999,0.010275,False
17.628875811999933,-0.436335,1.147250,-1.592970,1.510617,-0.520724,-0.160371,-0.460604,0.508230,1.183838,1.505494,1.498727,0.054837,-0.144333,-0.645394,-0.186611,0.676185,-0.140171,-0.698787,0.378105,-0.305806,0.711348,0.283665,-0.599164,0.121326,0.738794,-0.317812,-0.091655,0.719818,0.186610,-0.676185,0.140172,0.698787,0.378105,-0.305809,0.711342,0.283665,-0.599164,0.121327,0.738794,-0.317814,-0.091657,0.719814,0.344665,0.140228,0.158370,-0.320829,6,True,True,0.012183,0.083828,0.000062,-0.083392,-0.014874,0.000000,-0.083392,-0.014874,0.000000,True,-0.089301,-0.014554,0.000000,-0.089301,-0.014554,0.000000,-2.980036,-2.980036,-2.980036,-2.980036,-3.002230,-2.850372,3.038564,-2.970023,0.090457,0.089720,0.087331,0.090475,0.088699,0.099438,0.091794,0.090673,-375.674377,-151.015762,-264.606445,-71.322266,True,velocity,0.344665,0.316497,0.050000,0.017929,0.010267,False
17.661710885000502,-0.423264,1.150547,-1.594885,1.524997,-0.521584,-0.150530,-0.472200,0.494644,1.183759,1.510747,1.516075,0.060138,-0.134504,-0.653440,-0.189661,0.675235,-0.134860,-0.699928,0.377521,-0.299310,0.708311,0.281671,-0.600810,0.115561,0.739145,-0.315544,-0.085377,0.717861,0.189661,-0.675235,0.134861,0.699928,0.377521,-0.299312,0.708308,0.281670,-0.600810,0.115562,0.739145,-0.315545,-0.085378,0.717859,0.343714,0.140540,0.161199,-0.320892,6,True,True,0.009366,0.084857,-0.001837,-0.083480,-0.017872,0.000000,-0.083480,-0.017872,0.000000,True,-0.083392,-0.014874,0.000000,-0.083392,-0.014874,0.000000,-2.965082,-2.965082,-2.965082,-2.965082,-3.002230,-2.906144,-3.042291,-2.970413,0.084650,0.084490,0.084456,0.084707,0.080995,0.086499,0.079055,0.082926,-375.628479,-150.955078,-264.550781,-71.277763,True,velocity,0.343714,0.317531,0.050000,0.021337,0.012092,False
17.692870208000386,-0.413750,1.153736,-1.594973,1.535690,-0.523688,-0.141607,-0.483179,0.483783,1.183519,1.515723,1.528867,0.066137,-0.130598,-0.659318,-0.193174,0.673837,-0.130058,-0.701222,0.376503,-0.294357,0.705153,0.280952,-0.603199,0.112393,0.737960,-0.314218,-0.080379,0.715536,0.193174,-0.673837,0.130059,0.701222,0.376503,-0.294361,0.705147,0.280951,-0.603199,0.112393,0.737960,-0.314221,-0.080382,0.715531,0.342303,0.140733,0.163334,-0.320909,5,True,True,0.005794,0.064075,-0.002337,-0.062633,-0.014708,0.000000,-0.062633,-0.014708,0.000000,True,-0.083480,-0.017872,0.000000,-0.083480,-0.017872,0.000000,-2.930696,-2.930696,-2.930696,-2.930696,-3.002230,-2.948354,-3.042291,-2.970023,0.085154,0.085359,0.084841,0.085306,0.077367,0.078972,0.075019,0.077710,-375.580902,-150.903046,-264.502777,-71.226280,True,velocity,0.342303,0.318691,0.045970,0.025070,0.011104,False
17.725294912999743,-0.400941,1.158687,-1.593844,1.546190,-0.524816,-0.132704,-0.491915,0.469133,1.184011,1.521382,1.540653,0.072057,-0.128402,-0.666273,-0.197749,0.672116,-0.124984,-0.702520,0.374854,-0.288659,0.700767,0.282520,-0.606076,0.107965,0.735662,-0.312829,-0.074744,0.711783,0.197749,-0.672116,0.124984,0.702520,0.374854,-0.288660,0.700765,0.282520,-0.606075,0.107965,0.735662,-0.312830,-0.074745,0.711782,0.341267,0.140952,0.165593,-0.320946,5,True,True,0.006547,0.067770,-0.003446,-0.066376,-0.015159,0.000000,-0.066376,-0.015159,0.000000,True,-0.062633,-0.014708,0.000000,-0.062633,-0.014708,0.000000,-2.910938,-2.910938,-2.910938,-2.910938,-2.996078,-2.973037,-3.042291,-2.970544,0.064104,0.064213,0.063782,0.064222,0.077709,0.079395,0.077331,0.077750,-375.536682,-150.855469,-264.457458,-71.173271,True,velocity,0.341267,0.319909,0.041308,0.028143,0.028147,False
17.757079695000357,-0.388781,1.163887,-1.591965,1.554031,-0.525599,-0.125686,-0.499562,0.453850,1.184536,1.527020,1.550817,0.075233,-0.126230,-0.673603,-0.203031,0.670427,-0.120043,-0.703488,0.373118,-0.283514,0.695810,0.285580,-0.607895,0.103186,0.733662,-0.311640,-0.069291,0.707311,0.203031,-0.670427,0.120043,0.703488,0.373118,-0.283517,0.695805,0.285579,-0.607895,0.103187,0.733662,-0.311642,-0.069293,0.707306,0.340113,0.141187,0.167606,-0.320993,4,True,True,0.007070,0.060375,-0.004875,-0.059524,-0.012330,0.000000,-0.059524,-0.012330,0.000000,True,-0.066376,-0.015159,0.000000,-0.066376,-0.015159,0.000000,-2.917068,-2.917068,-2.917068,-2.917068,-2.983890,-2.973037,-3.005036,-2.964017,0.067933,0.067979,0.067822,0.068010,0.070459,0.077029,0.073359,0.071745,-375.498871,-150.828262,-264.431091,-71.145370,True,velocity,0.340113,0.321275,0.036093,0.031685,0.027647,False
17.788735070000257,-0.377373,1.169030,-1.589512,1.559990,-0.523568,-0.118352,-0.505839,0.437958,1.185637,1.533518,1.559581,0.080294,-0.128082,-0.679835,-0.207593,0.669602,-0.114578,-0.703854,0.371384,-0.278871,0.690537,0.289511,-0.611115,0.099622,0.729929,-0.310760,-0.063949,0.702229,0.207593,-0.669602,0.114578,0.703854,0.371384,-0.278875,0.690508,0.289511,-0.611115,0.099623,0.729929,-0.310763,-0.063952,0.702200,0.338803,0.141365,0.169412,-0.321030,3,True,True,0.005317,0.054181,-0.005966,-0.053093,-0.012040,0.000000,-0.053093,-0.012040,0.000000,True,-0.059524,-0.012330,0.000000,-0.059524,-0.012330,0.000000,-2.937339,-2.937339,-2.937339,-2.937339,-2.971437,-2.973037,-3.035867,-2.964017,0.060753,0.060749,0.060493,0.060767,0.060751,0.066098,0.063883,0.061426,-375.472809,-150.797989,-264.404297,-71.123466,True,velocity,0.338803,0.323803,0.027832,0.043359,0.010785,False
17.82317396899998,-0.365414,1.174708,-1.586683,1.562860,-0.522693,-0.111703,-0.513281,0.419786,1.187792,1.539911,1.566239,0.086677,-0.130992,-0.687261,-0.213948,0.668179,-0.107586,-0.704406,0.369694,-0.274515,0.684890,0.295198,-0.615294,0.094264,0.724835,-0.309690,-0.058611,0.696330,0.213947,-0.668179,0.107586,0.704406,0.369694,-0.274518,0.684885,0.295198,-0.615294,0.094265,0.724835,-0.309692,-0.058613,0.696326,0.338281,0.141570,0.171079,-0.321061,3,True,True,0.006168,0.050003,-0.006903,-0.049397,-0.009915,0.000000,-0.049397,-0.009915,0.000000,True,-0.053093,-0.012040,0.000000,-0.053093,-0.012040,0.000000,-2.918588,-2.918588,-2.918588,-2.918588,-2.971967,-2.973037,-2.974689,-2.964017,0.054364,0.054360,0.054355,0.054385,0.050511,0.054015,0.049713,0.050817,-375.442932,-150.760880,-264.369965,-71.089149,True,velocity,0.338281,0.325037,0.024409,0.041590,0.013433,False
17.859771651999836,-0.354973,1.179566,-1.583598,1.566056,-0.520369,-0.108059,-0.518187,0.402685,1.188795,1.544650,1.572813,0.087374,-0.126426,-0.693977,-0.219316,0.667645,-0.102988,-0.703949,0.367989,-0.270436,0.679749,0.299752,-0.615754,0.087128,0.723467,-0.308572,-0.053593,0.690535,0.219316,-0.667645,0.102988,0.703949,0.367990,-0.270438,0.679748,0.299752,-0.615754,0.087128,0.723467,-0.308573,-0.053595,0.690533,0.337388,0.141714,0.172626,-0.321060,3,True,True,0.004327,0.046418,-0.006867,-0.045414,-0.010532,0.000000,-0.045414,-0.010532,0.000000,True,-0.049397,-0.009915,0.000000,-0.049397,-0.009915,0.000000,-2.943496,-2.943496,-2.943496,-2.943496,-2.965663,-2.978876,-2.968909,-2.957490,0.050370,0.050351,0.050366,0.050378,0.048954,0.047222,0.045700,0.048149,-375.413635,-150.747345,-264.349762,-71.062080,True,velocity,0.337388,0.326362,0.020054,0.039953,0.018940,False
17.887541639999654,-0.344626,1.183414,-1.581265,1.569817,-0.517778,-0.105945,-0.522975,0.386108,1.189140,1.550403,1.577727,0.087824,-0.121701,-0.699079,-0.224344,0.667608,-0.099010,-0.702970,0.366701,-0.266388,0.674690,0.304534,-0.615865,0.080744,0.722114,-0.308140,-0.048539,0.684470,0.224344,-0.667608,0.099010,0.702970,0.366702,-0.266396,0.674685,0.304535,-0.615865,0.080745,0.722114,-0.308145,-0.048550,0.684465,0.336152,0.141824,0.174113,-0.321030,2,True,True,0.003283,0.044602,-0.005967,-0.043361,-0.010950,0.000000,-0.043361,-0.010950,0.000000,True,-0.045414,-0.010532,0.000000,-0.045414,-0.010532,0.000000,-2.913708,-2.913708,-2.913708,-2.913708,-2.965663,-2.973037,-2.968424,-2.958143,0.046556,0.046537,0.046550,0.046573,0.046239,0.047568,-0.000210,0.045030,-375.394379,-150.711212,-265.119415,-71.043251,True,velocity,0.336152,0.327528,0.015231,0.040359,0.014783,False
17.91945097700045,-0.334928,1.186756,-1.580361,1.573058,-0.514625,-0.103958,-0.526552,0.370948,1.191432,1.557769,1.579798,0.091728,-0.120615,-0.705301,-0.228072,0.667754,-0.095144,-0.702165,0.365974,-0.262790,0.670523,0.310476,-0.618645,0.075052,0.717810,-0.308032,-0.044030,0.678685,0.228072,-0.667754,0.095144,0.702165,0.365974,-0.262797,0.670522,0.310476,-0.618645,0.075052,0.717810,-0.308035,-0.044039,0.678682,0.335429,0.141924,0.175412,-0.320995,2,True,True,0.003018,0.038967,-0.004944,0.000000,0.000000,0.000000,0.000000,0.000000,0.000000,True,-0.043361,-0.010950,0.000000,-0.043361,-0.010950,0.000000,-2.894241,-2.894241,-2.894241,-2.894241,-2.959247,-2.973037,-3.030086,-2.958143,0.044628,0.044584,0.044311,0.044631,0.037979,0.040716,0.039716,0.039641,-375.375977,-150.695038,-264.306213,-71.021622,True,velocity,0.335429,0.328825,0.011187,0.040429,0.030508,False
17.95072426200022,-0.322383,1.189015,-1.580227,1.579719,-0.510235,-0.102223,-0.527139,0.353144,1.189578,1.562432,1.584306,0.094759,-0.111723,-0.710195,-0.230369,0.668661,-0.092505,-0.700904,0.365546,-0.259115,0.666787,0.314559,-0.618126,0.066090,0.717359,-0.307899,-0.039442,0.673085,0.230371,-0.668653,0.092512,0.700909,0.365562,-0.259314,0.666795,0.314560,-0.618121,0.066103,0.717362,-0.307901,-0.039668,0.673055,0.334997,0.141884,0.175811,-0.320953,1,True,True,0.001812,0.050952,-0.003662,-0.047979,-0.014071,0.000000,-0.047979,-0.014071,0.000000,True,0.000000,0.000000,0.000000,-0.003806,0.000000,0.000000,3.141593,3.141593,3.141593,3.141593,-2.953474,-2.948354,-2.956220,-2.951615,0.003739,0.003735,0.003741,0.003738,0.029226,0.035428,0.035280,0.030079,-375.363281,-150.682617,-264.297028,-71.009766,True,velocity,0.334997,0.330022,0.000000,0.039910,0.030033,False
17.983635538999806,-0.312936,1.190496,-1.579905,1.585522,-0.504746,-0.102937,-0.527401,0.340486,1.188069,1.568265,1.585902,0.095749,-0.101964,-0.714731,-0.232097,0.670383,-0.091453,-0.698824,0.365135,-0.255492,0.663426,0.318431,-0.617118,0.058915,0.717144,-0.308685,-0.035148,0.668149,0.232102,-0.670374,0.091458,0.698830,0.365148,-0.255612,0.663443,0.318433,-0.617114,0.058926,0.717146,-0.308658,-0.035280,0.668119,0.333888,0.141820,0.177077,-0.320928,1,True,True,-0.001891,0.038964,-0.002913,0.000000,0.000000,0.000000,0.000000,0.000000,0.000000,True,-0.047979,-0.014071,0.000000,-0.033779,-0.014071,0.000000,-2.746877,-2.746877,-2.746877,-2.746877,-2.959247,-2.960683,-2.962643,-2.951615,0.035770,0.035759,0.035744,0.035828,0.021315,0.018981,0.035280,0.022130,-375.359924,-150.688614,-264.297028,-71.011436,True,velocity,0.333888,0.331212,0.000000,0.038940,0.031134,False
18.017158460000246,-0.300855,1.192789,-1.580248,1.593674,-0.500354,-0.104723,-0.527898,0.327488,1.188178,1.578060,1.586250,0.097467,-0.096876,-0.718806,-0.234662,0.671507,-0.090923,-0.696954,0.364786,-0.252003,0.660596,0.323989,-0.617902,0.054451,0.714327,-0.309991,-0.031419,0.663901,0.234663,-0.671497,0.090924,0.696963,0.364766,-0.252203,0.660611,0.323996,-0.617887,0.054466,0.714336,-0.310010,-0.031597,0.663889,0.333645,0.141906,0.177265,-0.320905,1,True,True,0.000701,0.044608,-0.002232,-0.042553,-0.013402,0.000000,-0.042553,-0.013402,0.000000,True,0.000000,0.000000,0.000000,-0.031945,0.000000,0.000000,3.141593,3.141593,3.141593,3.141593,-2.916906,-2.960683,-2.907061,-2.896133,0.031142,0.031423,0.031070,0.030987,0.016071,0.009808,0.035280,0.013536,-375.344727,-150.675919,-264.297028,-71.001816,True,velocity,0.333645,0.333691,0.000000,0.047754,0.016593,False
18.053060350999658,-0.291214,1.195269,-1.581108,1.599434,-0.498542,-0.107730,-0.529126,0.317312,1.188197,1.584745,1.584758,0.096718,-0.089509,-0.722279,-0.237701,0.671629,-0.090591,-0.695849,0.364425,-0.248427,0.658054,0.328630,-0.617165,0.049060,0.713234,-0.311078,-0.027814,0.659932,0.237697,-0.671625,0.090588,0.695855,0.364398,-0.248553,0.658059,0.328633,-0.617164,0.049064,0.713233,-0.311064,-0.027919,0.659921,0.333348,0.141922,0.178361,-0.320859,1,True,True,0.000481,0.032856,-0.000849,0.000000,0.000000,0.000000,0.000000,0.000000,0.000000,True,-0.042553,-0.013402,0.000000,-0.040233,-0.013402,0.000000,-2.820034,-2.820034,-2.820034,-2.820034,-2.934869,-2.948354,-2.931811,-2.920937,0.042127,0.042058,0.042141,0.042188,0.016291,0.013898,0.035280,0.013242,-375.330353,-150.649002,-264.297028,-70.984238,True,velocity,0.333348,0.334888,0.000000,0.044008,0.020290,False
18.08801852400029,-0.279896,1.197385,-1.582389,1.608811,-0.495601,-0.111699,-0.527944,0.306768,1.187339,1.592491,1.585140,0.096542,-0.080004,-0.724496,-0.239573,0.672324,-0.092232,-0.694319,0.364083,-0.244848,0.655908,0.331966,-0.616125,0.044055,0.712915,-0.312338,-0.024481,0.656474,0.239573,-0.672316,0.092226,0.694327,0.364040,-0.245048,0.655932,0.331971,-0.616121,0.044060,0.712916,-0.312317,-0.024652,0.656464,0.332943,0.141920,0.178666,-0.320841,1,True,True,0.000403,0.042020,-0.000309,-0.040003,-0.012869,0.000000,-0.040003,-0.012869,0.000000,True,0.000000,0.000000,0.000000,-0.004777,0.000000,0.000000,3.141593,3.141593,3.141593,3.141593,-2.934869,-2.899688,-2.925540,-2.902661,0.004676,0.004638,0.004666,0.004655,0.017891,0.020695,0.015283,0.015206,-375.321991,-150.637970,-264.291443,-70.976143,True,velocity,0.332943,0.335947,0.000000,0.040417,0.023366,False
18.11773255800017,-0.270802,1.199109,-1.584047,1.615338,-0.493255,-0.116267,-0.527119,0.299397,1.188328,1.600631,1.582702,0.096788,-0.074243,-0.727952,-0.241429,0.672890,-0.093438,-0.692965,0.364049,-0.241496,0.653701,0.336364,-0.616555,0.040436,0.710693,-0.313743,-0.021388,0.653019,0.241429,-0.672887,0.093431,0.692969,0.364004,-0.241610,0.654414,0.336365,-0.616554,0.040441,0.710693,-0.313738,-0.021481,0.653697,0.332987,0.141950,0.179651,-0.320828,1,True,True,0.000901,0.029544,0.000067,0.000000,0.000000,0.000000,0.000000,0.000000,0.000000,True,-0.040003,-0.012869,0.000000,-0.017577,-0.012869,0.000000,-2.509619,-2.509619,-2.509619,-2.509619,-2.934869,-2.960683,-2.931964,-2.927464,0.019844,0.019605,0.019870,0.019910,0.016775,0.024586,0.021640,0.016232,-375.323395,-150.636154,-264.247894,-70.973495,True,velocity,0.332987,0.337987,-0.012345,0.046895,0.005080,False
18.157490317999873,-0.260731,1.202587,-1.588168,1.621035,-0.489899,-0.120846,-0.528325,0.290149,1.191204,1.610309,1.582115,0.093384,-0.064079,-0.729857,-0.243552,0.673127,-0.092860,-0.692069,0.364300,-0.238838,0.651654,0.339748,-0.615854,0.036246,0.709917,-0.314624,-0.018675,0.650005,0.243552,-0.673127,0.092859,0.692069,0.364298,-0.238846,0.651655,0.339751,-0.615853,0.036244,0.709916,-0.314625,-0.018681,0.650005,0.332335,0.141997,0.179899,-0.320848,2,True,True,0.002328,0.036998,-0.000523,0.000000,0.000000,0.000000,0.000000,0.000000,0.000000,True,0.000000,0.000000,0.000000,-0.016534,0.000000,0.000000,3.141593,3.141593,3.141593,3.141593,-2.922579,-2.906176,-2.925388,-2.920801,0.016139,0.016078,0.016149,0.016133,0.009077,0.014509,0.010191,0.012824,-375.308167,-150.620117,-264.230621,-70.948380,True,velocity,0.332335,0.338822,-0.014951,0.039539,0.012880,False
18.187901625999984,-0.250499,1.204960,-1.591539,1.627004,-0.484496,-0.124290,-0.527617,0.280665,1.192620,1.618940,1.582247,0.091433,-0.054895,-0.732058,-0.244502,0.674393,-0.092365,-0.690567,0.364695,-0.236304,0.649359,0.343032,-0.615117,0.031988,0.709181,-0.315604,-0.015953,0.646834,0.244502,-0.674393,0.092364,0.690566,0.364694,-0.236310,0.649362,0.343035,-0.615116,0.031987,0.709180,-0.315605,-0.015960,0.646835,0.332027,0.141970,0.179909,-0.320855,2,True,True,0.001516,0.037293,-0.000720,0.000000,0.000000,0.000000,0.000000,0.000000,0.000000,True,0.000000,0.000000,0.000000,0.000000,0.000000,0.000000,-2.910121,-2.906176,-2.925388,-2.920801,-2.910121,-2.906176,-2.925388,-2.920801,0.000000,0.000000,0.000000,0.000000,0.014388,0.012830,0.010754,0.017914,-375.296051,-150.618729,-264.231873,-70.944473,True,velocity,0.332027,0.339453,-0.016611,0.035196,0.011138,False
18.220697216999724,-0.241250,1.206989,-1.593829,1.631992,-0.477443,-0.128592,-0.524896,0.271948,1.194281,1.627442,1.582318,0.091356,-0.050161,-0.736527,-0.244998,0.676366,-0.092745,-0.688407,0.365011,-0.234200,0.646936,0.347461,-0.615704,0.028685,0.706652,-0.316492,-0.013495,0.643619,0.244999,-0.676366,0.092743,0.688407,0.365009,-0.234202,0.646942,0.347462,-0.615703,0.028684,0.706652,-0.316495,-0.013503,0.643620,0.331497,0.142045,0.179740,-0.320889,2,True,True,0.003766,0.032220,-0.001744,0.000000,0.000000,0.000000,0.000000,0.000000,0.000000,True,0.000000,0.000000,0.000000,0.000000,0.000000,0.000000,-2.965287,-2.906176,-2.962643,-2.957622,-2.965663,-2.906176,-2.962643,-2.957622,0.000000,0.000000,0.000000,0.000000,0.013659,0.007744,0.006583,0.014520,-375.296051,-150.620392,-264.232422,-70.945732,True,velocity,0.331497,0.339962,-0.018445,0.030303,0.028124,False
18.25339879100011,-0.233473,1.208788,-1.596333,1.634439,-0.472326,-0.132812,-0.523956,0.263811,1.195099,1.633556,1.582512,0.089505,-0.043881,-0.739125,-0.246300,0.677719,-0.092008,-0.686708,0.365480,-0.232660,0.644463,0.350711,-0.614860,0.024981,0.705921,-0.317107,-0.011404,0.640676,0.246301,-0.677719,0.092007,0.686708,0.365478,-0.232661,0.644470,0.350713,-0.614860,0.024980,0.705921,-0.317108,-0.011409,0.640679,0.331056,0.142048,0.179535,-0.320883,2,True,True,0.003859,0.026068,-0.001571,0.000000,0.000000,0.000000,0.000000,0.000000,0.000000,True,0.000000,0.000000,0.000000,0.000000,0.000000,0.000000,-2.965287,-2.906176,-2.962799,-2.951748,-2.965287,-2.906176,-2.962799,-2.951615,0.000000,0.000000,0.000000,0.000000,0.011425,0.004019,0.005622,0.011319,-375.297424,-150.620682,-264.232971,-70.946007,True,velocity,0.331056,0.340337,-0.019844,0.025654,0.028821,False
18.287399173000267,-0.226180,1.210430,-1.598627,1.636367,-0.465897,-0.135199,-0.524677,0.255951,1.195482,1.638387,1.581541,0.083576,-0.036089,-0.740650,-0.247476,0.679552,-0.089858,-0.684756,0.365925,-0.231140,0.641672,0.354258,-0.611997,0.020838,0.706772,-0.317818,-0.009347,0.637218,0.247477,-0.679552,0.089857,0.684755,0.365924,-0.231142,0.641932,0.354260,-0.611997,0.020836,0.706771,-0.317816,-0.009350,0.637476,0.330575,0.141951,0.179458,-0.320858,2,True,True,0.000939,0.023757,-0.000824,0.000000,0.000000,0.000000,0.000000,0.000000,0.000000,True,0.000000,0.000000,0.000000,0.000000,0.000000,0.000000,-2.965287,-2.923696,-2.913184,-2.951748,-2.965287,-2.923696,-2.913184,-2.951748,0.000000,0.000000,0.000000,0.000000,0.000046,-0.001244,-0.001386,0.000060,-375.299103,-150.620956,-264.232971,-70.947403,True,velocity,0.330575,0.340575,-0.021046,0.020923,0.030882,False
18.322607216000506,-0.219409,1.212743,-1.600604,1.639171,-0.455708,-0.139789,-0.523266,0.249935,1.197360,1.645379,1.578819,0.076982,-0.028824,-0.744902,-0.247811,0.682576,-0.089512,-0.681665,0.366048,-0.229563,0.638551,0.359303,-0.609854,0.017038,0.706179,-0.318934,-0.007489,0.633184,-0.247811,0.682576,-0.089511,-0.681665,0.366048,-0.229562,0.638553,0.359304,-0.609854,0.017038,0.706179,-0.318933,-0.007489,0.633186,0.328869,0.141916,0.179399,-0.320863,3,True,True,-0.000106,0.021999,-0.000963,0.000000,0.000000,0.000000,0.000000,0.000000,0.000000,True,0.000000,0.000000,0.000000,0.000000,0.000000,0.000000,-2.965663,-2.942514,-2.926030,-2.951615,-2.965663,-2.942543,-2.926030,-2.951615,0.000000,0.000000,0.000000,0.000000,-0.001585,-0.000404,-0.000380,-0.000913,-375.300232,-150.621231,-264.233398,-70.948105,True,velocity,0.328869,0.340766,-0.024639,0.016887,0.018107,False
18.35618350799996,-0.212118,1.215186,-1.602544,1.639481,-0.451438,-0.143388,-0.525040,0.243241,1.199425,1.651750,1.572683,0.074297,-0.025328,-0.747501,-0.250637,0.683404,-0.087057,-0.680118,0.366350,-0.228207,0.635294,0.365100,-0.609556,0.013216,0.703540,-0.320146,-0.005801,0.628740,-0.250637,0.683404,-0.087056,-0.680118,0.366350,-0.228205,0.635297,0.365101,-0.609556,0.013216,0.703540,-0.320145,-0.005800,0.628743,0.328224,0.141911,0.179174,-0.320831,3,True,True,-0.000252,0.015250,-0.000026,0.000000,0.000000,0.000000,0.000000,0.000000,0.000000,True,0.000000,0.000000,0.000000,0.000000,0.000000,0.000000,-2.965287,-2.936703,-2.956530,-2.951748,-2.965287,-2.936703,-2.956375,-2.951748,0.000000,0.000000,0.000000,0.000000,-0.002885,-0.001254,-0.000596,-0.001843,-375.303436,-150.625137,-264.234650,-70.950752,True,velocity,0.328224,0.340781,-0.025753,0.012761,0.019614,False
18.3932321150005,-0.206073,1.217257,-1.603674,1.639210,-0.446171,-0.145497,-0.526042,0.236981,1.201153,1.656007,1.566558,0.070585,-0.021403,-0.750107,-0.252637,0.684604,-0.084537,-0.678487,0.366483,-0.227054,0.632202,0.370524,-0.608471,0.008694,0.701711,-0.321012,-0.004275,0.624199,-0.252637,0.684604,-0.084537,-0.678487,0.366483,-0.227052,0.632206,0.370525,-0.608472,0.008694,0.701711,-0.321011,-0.004273,0.624203,0.327483,0.141849,0.179047,-0.320829,3,True,True,-0.002115,0.011425,0.000044,0.000000,0.000000,0.000000,0.000000,0.000000,0.000000,True,0.000000,0.000000,0.000000,0.000000,0.000000,0.000000,-2.965287,-2.936703,-2.956375,-2.951615,-2.965287,-2.936055,-2.956375,-2.951615,0.000000,0.000000,0.000000,0.000000,-0.002271,-0.003682,-0.000700,-0.001715,-375.302734,-150.629044,-264.234100,-70.950333,True,velocity,0.327483,0.340781,-0.027063,0.009338,0.024285,False
18.425423302000127,-0.201194,1.218706,-1.604279,1.639070,-0.440210,-0.149071,-0.526025,0.230819,1.201741,1.659816,1.561362,0.063332,-0.011880,-0.751300,-0.254317,0.686347,-0.083351,-0.676242,0.366492,-0.225968,0.628461,0.374666,-0.604947,0.003080,0.702606,-0.321955,-0.002519,0.618950,-0.254318,0.686347,-0.083350,-0.676242,0.366492,-0.225964,0.628645,0.374667,-0.604947,0.003079,0.702606,-0.321952,-0.002516,0.619134,0.325781,0.141760,0.179076,-0.320856,3,True,True,-0.004786,0.012288,-0.000774,0.000000,0.000000,0.000000,0.000000,0.000000,0.000000,True,0.000000,0.000000,0.000000,0.000000,0.000000,0.000000,-2.965553,-2.936055,-2.956375,-2.951615,-2.965553,-2.936083,-2.956706,-2.951615,0.000000,0.000000,0.000000,0.000000,-0.001295,-0.004076,-0.000507,-0.001182,-375.300781,-150.629044,-264.234100,-70.949219,True,velocity,0.325781,0.340781,-0.030352,0.007045,0.007297,False
18.461726450999777,-0.196149,1.220694,-1.605480,1.637468,-0.435348,-0.153795,-0.527229,0.226006,1.203643,1.666612,1.552402,0.059067,-0.006778,-0.752549,-0.257093,0.687537,-0.081473,-0.674210,0.366686,-0.225150,0.624247,0.380502,-0.603940,-0.000722,0.700339,-0.323705,-0.001011,0.613264,-0.257093,0.687536,-0.081473,-0.674210,0.366686,-0.225148,0.624250,0.380502,-0.603940,-0.000723,0.700339,-0.323704,-0.001010,0.613266,0.323724,0.141740,0.178884,-0.320843,4,True,True,-0.005386,0.006546,-0.000367,0.000000,0.000000,0.000000,0.000000,0.000000,0.000000,True,0.000000,0.000000,0.000000,0.000000,0.000000,0.000000,-2.965021,-2.936674,-2.956220,-2.951748,-2.965021,-2.936703,-2.956220,-2.951748,0.000000,0.000000,0.000000,0.000000,0.001218,-0.002402,-0.000069,0.000608,-375.300629,-150.629044,-264.234100,-70.948936,True,velocity,0.323724,0.340781,-0.034372,0.005167,0.009639,False
18.49482005899972,-0.191621,1.222403,-1.606226,1.635472,-0.428377,-0.156312,-0.526382,0.222473,1.204743,1.671818,1.542661,0.054916,-0.005861,-0.754647,-0.258313,0.689360,-0.079351,-0.672132,0.366921,-0.224513,0.620352,0.387241,-0.602994,-0.003466,0.697446,-0.325519,0.000201,0.607978,-0.258314,0.689360,-0.079351,-0.672132,0.366921,-0.224510,0.620357,0.387241,-0.602994,-0.003466,0.697445,-0.325517,0.000203,0.607983,0.322061,0.141723,0.178687,-0.320815,4,True,True,-0.005898,0.000618,0.000467,0.000000,0.000000,0.000000,0.000000,0.000000,0.000000,True,0.000000,0.000000,0.000000,0.000000,0.000000,0.000000,-2.965287,-2.936703,-2.956375,-2.951615,-2.965287,-2.936703,-2.956375,-2.951615,0.000000,0.000000,0.000000,0.000000,0.001131,-0.000443,0.000122,0.000746,-375.301910,-150.629181,-264.234100,-70.949638,True,velocity,0.322061,0.340781,-0.037635,0.003884,0.013961,False
18.531195632999697,-0.187528,1.223979,-1.607766,1.632408,-0.422813,-0.159131,-0.525823,0.219392,1.205374,1.677121,1.531578,0.047948,-0.002673,-0.754749,-0.259691,0.690694,-0.076913,-0.670513,0.367383,-0.223988,0.615808,0.393779,-0.600585,-0.006341,0.695842,-0.327694,0.001529,0.602010,-0.259691,0.690694,-0.076913,-0.670513,0.367383,-0.223987,0.615809,0.393779,-0.600585,-0.006341,0.695842,-0.327694,0.001530,0.602011,0.319792,0.141657,0.178599,-0.320801,5,True,True,-0.007889,-0.001994,0.000903,0.000000,0.000000,0.000000,0.000000,0.000000,0.000000,True,0.000000,0.000000,0.000000,0.000000,0.000000,0.000000,-2.965397,-2.936025,-2.956220,-2.957622,-2.965397,-2.936025,-2.956220,-2.957622,0.000000,0.000000,0.000000,0.000000,-0.001053,-0.000071,-0.000087,-0.000659,-375.303986,-150.629181,-264.234650,-70.951172,True,velocity,0.319792,0.340781,-0.042121,0.002854,0.001989,False
18.56569401300021,-0.184260,1.225233,-1.608678,1.628401,-0.416314,-0.162115,-0.524647,0.216509,1.205683,1.682144,1.520972,0.037479,0.001545,-0.752498,-0.260943,0.692439,-0.074630,-0.668481,0.367788,-0.223684,0.610992,0.399725,-0.596571,-0.008498,0.695882,-0.329871,0.002882,0.596052,-0.260943,0.692439,-0.074630,-0.668481,0.367788,-0.223682,0.610997,0.399725,-0.596571,-0.008498,0.695882,-0.329869,0.002884,0.596056,0.317248,0.141606,0.178532,-0.320825,5,True,True,-0.009417,-0.004019,0.000175,0.000000,0.000000,0.000000,0.000000,0.000000,0.000000,True,0.000000,0.000000,0.000000,0.000000,0.000000,0.000000,-2.928352,-2.936674,-2.956220,-2.951748,-2.928352,-2.936674,-2.956220,-2.951748,0.000000,0.000000,0.000000,0.000000,-0.001969,-0.000071,-0.000474,-0.001185,-375.304535,-150.629181,-264.235077,-70.951454,True,velocity,0.317248,0.340781,-0.047171,0.002116,0.004003,False
18.60109298000043,-0.181827,1.226507,-1.609235,1.623387,-0.407975,-0.167863,-0.522437,0.213333,1.206470,1.687832,1.511235,0.031044,0.005902,-0.747743,-0.262478,0.694906,-0.073413,-0.665449,0.368110,-0.223555,0.606111,0.403749,-0.594360,-0.010082,0.695429,-0.331803,0.004323,0.590191,-0.262478,0.694906,-0.073413,-0.665449,0.368110,-0.223554,0.606113,0.403750,-0.594360,-0.010082,0.695429,-0.331802,0.004324,0.590192,0.314636,0.141607,0.178497,-0.320866,6,True,True,-0.009401,-0.005055,-0.001069,0.000000,0.000000,0.000000,0.000000,0.000000,0.000000,True,0.000000,0.000000,0.000000,0.000000,0.000000,0.000000,-2.965287,-2.936055,-2.956375,-2.951615,-2.965287,-2.936055,-2.956375,-2.951615,0.000000,0.000000,0.000000,0.000000,-0.001327,-0.000056,-0.000359,-0.001074,-375.303284,-150.629181,-264.234375,-70.951172,True,velocity,0.314636,0.340781,-0.050000,0.001563,0.007630,False
18.633602017999692,-0.178812,1.227908,-1.610681,1.615018,-0.401167,-0.175181,-0.520536,0.209587,1.207321,1.693182,1.497845,0.019524,0.014603,-0.743638,-0.265407,0.696675,-0.070930,-0.662700,0.368855,-0.223685,0.600035,0.409361,-0.589715,-0.014659,0.696021,-0.333975,0.005812,0.582912,-0.265407,0.696675,-0.070929,-0.662700,0.368855,-0.223682,0.600040,0.409361,-0.589715,-0.014660,0.696020,-0.333972,0.005814,0.582917,0.311894,0.141554,0.178337,-0.320854,6,True,True,-0.010967,-0.009859,-0.000687,0.000000,0.000000,0.000000,0.000000,0.000000,0.000000,True,0.000000,0.000000,0.000000,0.000000,0.000000,0.000000,-2.965663,-2.936055,-2.956375,-2.951615,-2.965663,-2.936055,-2.956375,-2.951615,0.000000,0.000000,0.000000,0.000000,0.000392,0.000000,0.000107,0.000175,-375.301331,-150.629181,-264.234222,-70.949638,True,velocity,0.311894,0.340781,-0.050000,0.001178,0.009381,False
18.671226733000367,-0.176117,1.229414,-1.612582,1.604965,-0.390779,-0.183255,-0.517919,0.205878,1.208053,1.699673,1.485907,0.001738,0.025081,-0.735034,-0.267989,0.699557,-0.067880,-0.658934,0.369833,-0.223847,0.592688,0.413932,-0.582578,-0.017403,0.699257,-0.336346,0.007676,0.575364,-0.267989,0.699557,-0.067880,-0.658934,0.369833,-0.223845,0.592691,0.413932,-0.582578,-0.017403,0.699257,-0.336344,0.007678,0.575368,0.308206,0.141515,0.178357,-0.320894,7,True,True,-0.012149,-0.009263,-0.001904,0.000000,0.000000,0.000000,0.000000,0.000000,0.000000,True,0.000000,0.000000,0.000000,0.000000,0.000000,0.000000,-2.965663,-2.936645,-2.956862,-2.951615,-2.965663,-2.936645,-2.956862,-2.951615,0.000000,0.000000,0.000000,0.000000,0.002108,0.000000,0.000405,0.001114,-375.300354,-150.629181,-264.234222,-70.949081,True,velocity,0.308206,0.340781,-0.050000,0.000856,0.030719,False
18.703196403999755,-0.172827,1.231094,-1.614356,1.593963,-0.376851,-0.194495,-0.513777,0.203151,1.208873,1.705885,1.471592,-0.005947,0.030733,-0.726529,-0.271075,0.703591,-0.065484,-0.653598,0.370932,-0.224078,0.586088,0.417993,-0.579962,-0.019638,0.698956,-0.338704,0.009042,0.568645,-0.271076,0.703591,-0.065484,-0.653598,0.370932,-0.224075,0.586115,0.417993,-0.579962,-0.019638,0.698956,-0.338701,0.009045,0.568671,0.305778,0.141555,0.178143,-0.320852,7,True,True,-0.010936,-0.015679,-0.000634,0.000000,0.000000,0.000000,0.000000,0.000000,0.000000,True,0.000000,0.000000,0.000000,0.000000,0.000000,0.000000,-2.966038,-2.936025,-2.956220,-2.952135,-2.966038,-2.936674,-2.956220,-2.952135,0.000000,0.000000,0.000000,0.000000,0.001660,0.000000,0.000288,0.001106,-375.301483,-150.629181,-264.234222,-70.949356,True,velocity,0.305778,0.340778,-0.050000,0.000627,0.030752,False
18.740006494000227,-0.167224,1.233668,-1.618338,1.579206,-0.362249,-0.205861,-0.512519,0.200822,1.210113,1.712554,1.449393,-0.016025,0.033478,-0.721203,-0.276083,0.707238,-0.059185,-0.648143,0.372847,-0.224091,0.577878,0.426786,-0.576850,-0.023671,0.696087,-0.341886,0.010631,0.559995,-0.276083,0.707238,-0.059185,-0.648143,0.372847,-0.224089,0.577880,0.426787,-0.576850,-0.023672,0.696087,-0.341884,0.010633,0.559998,0.303531,0.141534,0.177840,-0.320752,8,True,True,-0.011584,-0.024774,0.002352,0.000000,0.000000,0.000000,0.000000,0.000000,0.000000,True,0.000000,0.000000,0.000000,0.000000,0.000000,0.000000,-2.965397,-2.936055,-2.956220,-2.951615,-2.965772,-2.936055,-2.956220,-2.951615,0.000000,0.000000,0.000000,0.000000,-0.000249,0.000000,0.000000,0.000643,-375.302734,-150.629181,-264.234222,-70.949638,True,velocity,0.303531,0.340650,-0.050000,-0.000477,0.017283,False
18.775452034999944,-0.162297,1.236012,-1.621563,1.565653,-0.345875,-0.217706,-0.507452,0.199056,1.211146,1.717909,1.430466,-0.025618,0.034152,-0.713654,-0.279770,0.711439,-0.055176,-0.642292,0.374543,-0.223782,0.570879,0.433620,-0.573894,-0.025654,0.694234,-0.344425,0.012286,0.553026,-0.279771,0.711439,-0.055176,-0.642292,0.374543,-0.223779,0.570884,0.433620,-0.573894,-0.025654,0.694234,-0.344423,0.012289,0.553030,0.301916,0.141623,0.177855,-0.320765,8,True,True,-0.008895,-0.024338,0.001983,0.000000,0.000000,0.000000,0.000000,0.000000,0.000000,True,0.000000,0.000000,0.000000,0.000000,0.000000,0.000000,-2.965287,-2.936055,-2.956220,-2.958143,-2.965287,-2.936055,-2.956220,-2.958143,0.000000,0.000000,0.000000,0.000000,-0.001262,0.000000,0.000000,0.000643,-375.302887,-150.629181,-264.234222,-70.949638,True,velocity,0.301916,0.340481,-0.050000,-0.001601,0.022959,False
18.810147525000502,-0.156363,1.238501,-1.625872,1.552012,-0.331268,-0.230364,-0.503293,0.196667,1.212799,1.722926,1.409946,-0.034294,0.036125,-0.704152,-0.284359,0.714833,-0.050720,-0.636853,0.376476,-0.223132,0.564022,0.439726,-0.571372,-0.028747,0.692350,-0.346737,0.014058,0.545734,-0.284359,0.714833,-0.050719,-0.636853,0.376476,-0.223128,0.564028,0.439726,-0.571372,-0.028748,0.692350,-0.346734,0.014062,0.545740,0.300764,0.141617,0.177884,-0.320720,8,True,True,-0.009093,-0.023453,0.003316,0.000000,0.000000,0.000000,0.000000,0.000000,0.000000,True,0.000000,0.000000,0.000000,0.000000,0.000000,0.000000,-2.965397,-2.936083,-2.956220,-2.952002,-2.965397,-2.936055,-2.956220,-2.952002,0.000000,0.000000,0.000000,0.000000,-0.000766,0.000000,0.000000,0.000643,-375.302460,-150.629181,-264.234222,-70.949638,True,velocity,0.300764,0.340200,-0.050000,-0.003282,0.023897,False
18.853567246999773,-0.150173,1.241070,-1.629852,1.540616,-0.316463,-0.240954,-0.497263,0.194864,1.214824,1.726410,1.388830,-0.046505,0.038647,-0.696733,-0.287598,0.718162,-0.047185,-0.631905,0.378150,-0.222189,0.558779,0.446638,-0.567351,-0.033244,0.691030,-0.348652,0.015638,0.539288,-0.287599,0.718162,-0.047184,-0.631905,0.378150,-0.222186,0.558785,0.446638,-0.567351,-0.033244,0.691030,-0.348649,0.015641,0.539294,0.300678,0.141579,0.177930,-0.320674,8,True,True,-0.010240,-0.022092,0.004694,0.000000,0.000000,0.000000,0.000000,0.000000,0.000000,True,0.000000,0.000000,0.000000,0.000000,0.000000,0.000000,-2.941285,-2.936025,-2.956220,-2.951482,-2.941285,-2.936025,-2.956220,-2.951482,0.000000,0.000000,0.000000,0.000000,0.000208,0.000000,0.000000,0.000043,-375.302185,-150.629181,-264.234222,-70.950058,True,velocity,0.300678,0.339228,-0.050000,-0.009047,0.018915,False
18.890874667999924,-0.143748,1.243547,-1.634111,1.530947,-0.304455,-0.250899,-0.492296,0.192780,1.216908,1.730403,1.368058,-0.056454,0.040165,-0.688112,-0.291002,0.720570,-0.043983,-0.627823,0.379821,-0.220969,0.554112,0.452897,-0.564363,-0.037053,0.689206,-0.350455,0.017500,0.533040,-0.291003,0.720570,-0.043983,-0.627823,0.379822,-0.220966,0.554116,0.452898,-0.564363,-0.037054,0.689206,-0.350453,0.017502,0.533044,0.300747,0.141582,0.178039,-0.320659,8,True,True,-0.010134,-0.018810,0.005163,0.000000,0.000000,0.000000,0.000000,0.000000,0.000000,True,0.000000,0.000000,0.000000,0.000000,0.000000,0.000000,-2.965663,-2.936674,-2.956375,-2.951482,-2.965663,-2.936674,-2.956375,-2.951482,0.000000,0.000000,0.000000,0.000000,0.000226,0.000000,0.013074,0.000117,-375.302734,-150.629181,-264.284332,-70.950333,True,velocity,0.300747,0.338522,-0.050000,-0.011726,0.026121,False
18.9129566849997,-0.137787,1.245868,-1.638285,1.522022,-0.295760,-0.259797,-0.488440,0.190963,1.219164,1.733599,1.347340,-0.066691,0.042254,-0.679611,-0.294566,0.721897,-0.040879,-0.624839,0.381375,-0.219848,0.550238,0.458724,-0.561210,-0.041475,0.687674,-0.351959,0.019162,0.527208,-0.294566,0.721897,-0.040879,-0.624839,0.381375,-0.219846,0.550241,0.458724,-0.561210,-0.041475,0.687674,-0.351957,0.019163,0.527210,0.301247,0.141554,0.178053,-0.320643,8,True,True,-0.010978,-0.018390,0.005625,0.000000,0.000000,0.000000,0.000000,0.000000,0.000000,True,0.000000,0.000000,0.000000,0.000000,0.000000,0.000000,-2.965663,-2.936674,-2.962799,-2.957357,-2.966038,-2.936674,-2.956220,-2.957357,0.000000,0.000000,0.000000,0.000000,-0.000175,0.000000,0.000000,-0.000072,-375.303284,-150.629181,-264.234222,-70.950752,True,velocity,0.301247,0.337662,-0.050000,-0.016657,0.014660,False
18.949842570999863,-0.132999,1.247994,-1.640655,1.513876,-0.285806,-0.266983,-0.481565,0.189722,1.220877,1.736405,1.330532,-0.070609,0.041453,-0.673958,-0.296726,0.723688,-0.039307,-0.621840,0.382449,-0.218919,0.547087,0.463650,-0.560519,-0.044366,0.684747,-0.353098,0.020612,0.522815,-0.296726,0.723687,-0.039306,-0.621840,0.382449,-0.218915,0.547833,0.463651,-0.560520,-0.044367,0.684746,-0.353094,0.020616,0.523561,0.302662,0.141634,0.178060,-0.320703,7,True,True,-0.008564,-0.018169,0.003835,0.000000,0.000000,0.000000,0.000000,0.000000,0.000000,True,0.000000,0.000000,0.000000,0.000000,0.000000,0.000000,-2.965397,-2.936055,-2.956064,-2.952135,-2.965397,-2.936055,-2.956064,-2.952135,0.000000,0.000000,0.000000,0.000000,-0.000634,0.000000,0.000000,-0.000411,-375.303162,-150.629181,-264.234222,-70.950752,True,velocity,0.302662,0.335566,-0.050000,-0.027490,0.005395,False
18.98514320600043,-0.128192,1.250155,-1.644040,1.504354,-0.276128,-0.275097,-0.477840,0.187752,1.222755,1.739683,1.313975,-0.074101,0.042329,-0.670335,-0.300213,0.725272,-0.036124,-0.618504,0.383921,-0.217940,0.542843,0.468921,-0.559930,-0.048643,0.681341,-0.354081,0.022421,0.517497,-0.300213,0.725272,-0.036124,-0.618504,0.383921,-0.217937,0.542848,0.468921,-0.559930,-0.048644,0.681341,-0.354079,0.022423,0.517501,0.301906,0.141711,0.178112,-0.320719,7,True,True,-0.006262,-0.016609,0.003344,0.000000,0.000000,0.000000,0.000000,0.000000,0.000000,True,0.000000,0.000000,0.000000,0.000000,0.000000,0.000000,-2.965397,-2.936703,-2.956220,-2.951748,-2.965397,-2.936703,-2.956220,-2.951748,0.000000,0.000000,0.000000,0.000000,0.000041,0.000000,0.000000,0.000065,-375.301910,-150.629181,-264.234222,-70.949776,True,velocity,0.301906,0.334325,-0.050000,-0.029477,0.006359,False
19.02005626800019,-0.124306,1.252091,-1.647341,1.494826,-0.267050,-0.280713,-0.474968,0.185956,1.224508,1.742127,1.300002,-0.081120,0.044880,-0.665851,-0.303001,0.726702,-0.032168,-0.615679,0.385308,-0.217161,0.538926,0.473036,-0.557735,-0.052785,0.679987,-0.354845,0.023999,0.512967,-0.303001,0.726702,-0.032168,-0.615679,0.385308,-0.217159,0.538928,0.473036,-0.557735,-0.052785,0.679987,-0.354843,0.024001,0.512970,0.301913,0.141677,0.178188,-0.320744,7,True,True,-0.007292,-0.014335,0.002589,0.000000,0.000000,0.000000,0.000000,0.000000,0.000000,True,0.000000,0.000000,0.000000,0.000000,0.000000,0.000000,-2.965397,-2.936025,-2.956706,-2.951748,-2.965397,-2.936025,-2.956706,-2.951748,0.000000,0.000000,0.000000,0.000000,0.000788,0.000000,0.000000,0.000566,-375.301910,-150.629181,-264.234222,-70.949638,True,velocity,0.301913,0.333006,-0.050000,-0.031629,0.009041,False
19.04439260700019,-0.120475,1.254172,-1.650190,1.484762,-0.256558,-0.286236,-0.470811,0.184400,1.225921,1.745090,1.287893,-0.084775,0.045010,-0.664930,-0.305633,0.728441,-0.028430,-0.612498,0.386744,-0.216421,0.534841,0.477849,-0.556874,-0.056076,0.677058,-0.355525,0.025547,0.509067,-0.305633,0.728441,-0.028430,-0.612498,0.386744,-0.216420,0.534843,0.477849,-0.556874,-0.056077,0.677058,-0.355524,0.025548,0.509069,0.301922,0.141809,0.178178,-0.320782,7,True,True,-0.003327,-0.014654,0.001465,0.000000,0.000000,0.000000,0.000000,0.000000,0.000000,True,0.000000,0.000000,0.000000,0.000000,0.000000,0.000000,-2.965663,-2.936674,-2.956220,-2.951229,-2.965663,-2.936674,-2.956220,-2.951229,0.000000,0.000000,0.000000,0.000000,0.000684,0.000000,0.000000,0.000497,-375.302734,-150.629181,-264.234222,-70.950333,True,velocity,0.301922,0.331587,-0.050000,-0.036838,0.002957,False
19.073602421000032,-0.117317,1.255935,-1.652519,1.475122,-0.246977,-0.291516,-0.466159,0.182980,1.226939,1.747307,1.279416,-0.087345,0.045605,-0.665082,-0.308009,0.729994,-0.025410,-0.609585,0.388005,-0.215712,0.531022,0.481459,-0.556214,-0.058907,0.674798,-0.355941,0.026873,0.506124,-0.308009,0.729994,-0.025409,-0.609585,0.388005,-0.215710,0.531026,0.481459,-0.556214,-0.058908,0.674798,-0.355939,0.026875,0.506129,0.301848,0.141916,0.178255,-0.320819,6,True,True,-0.000102,-0.012328,0.000335,0.000000,0.000000,0.000000,0.000000,0.000000,0.000000,True,0.000000,0.000000,0.000000,0.000000,0.000000,0.000000,-2.965663,-2.936055,-2.956375,-2.951748,-2.965397,-2.936055,-2.956375,-2.951615,0.000000,0.000000,0.000000,0.000000,-0.000259,0.000000,0.000000,-0.000208,-375.303436,-150.629181,-264.234222,-70.950890,True,velocity,0.301848,0.330191,-0.050000,-0.039309,0.017447,False
19.11597781599994,-0.114420,1.257704,-1.654864,1.466034,-0.236812,-0.295808,-0.462543,0.181753,1.227848,1.749135,1.272626,-0.090107,0.046138,-0.664775,-0.310162,0.731763,-0.021941,-0.606499,0.389164,-0.215025,0.527621,0.484300,-0.555431,-0.061125,0.673212,-0.356302,0.027957,0.503934,-0.310163,0.731763,-0.021941,-0.606499,0.389164,-0.215024,0.527623,0.484300,-0.555431,-0.061126,0.673212,-0.356300,0.027958,0.503936,0.301979,0.141935,0.178317,-0.320823,6,True,True,0.000460,-0.010467,0.000224,0.000000,0.000000,0.000000,0.000000,0.000000,0.000000,True,0.000000,0.000000,0.000000,0.000000,0.000000,0.000000,-2.965287,-2.936674,-2.956375,-2.951615,-2.965287,-2.936674,-2.956375,-2.951615,0.000000,0.000000,0.000000,0.000000,-0.000756,0.000000,0.000000,-0.000527,-375.303162,-150.629181,-264.234222,-70.950615,True,velocity,0.301979,0.328906,-0.050000,-0.036618,0.027922,False
19.14364263800053,-0.111295,1.259308,-1.656532,1.458807,-0.227955,-0.300262,-0.458777,0.180714,1.228486,1.751035,1.266877,-0.091385,0.045606,-0.664098,-0.312324,0.733267,-0.019587,-0.603647,0.390038,-0.214156,0.524586,0.486709,-0.555230,-0.062342,0.671527,-0.356714,0.028962,0.502103,-0.312324,0.733267,-0.019587,-0.603647,0.390038,-0.214152,0.525015,0.486709,-0.555230,-0.062342,0.671526,-0.356710,0.028966,0.502533,0.302478,0.141963,0.178392,-0.320819,5,True,True,0.001291,-0.008219,0.000348,0.000000,0.000000,0.000000,0.000000,0.000000,0.000000,True,0.000000,0.000000,0.000000,0.000000,0.000000,0.000000,-2.965663,-2.936055,-2.956375,-2.951748,-2.965663,-2.936055,-2.956375,-2.951748,0.000000,0.000000,0.000000,0.000000,-0.000445,0.000000,0.000000,-0.000315,-375.302734,-150.629181,-264.234222,-70.950333,True,velocity,0.302478,0.327478,-0.048001,-0.039970,0.022738,False
19.17540916100006,-0.108799,1.260859,-1.657886,1.453603,-0.221748,-0.303805,-0.454833,0.180079,1.229088,1.752051,1.262121,-0.093220,0.045821,-0.662308,-0.313746,0.734109,-0.018401,-0.601920,0.390528,-0.213407,0.522761,0.488065,-0.554746,-0.063413,0.670842,-0.356981,0.029611,0.501065,-0.313746,0.734109,-0.018401,-0.601921,0.390528,-0.213404,0.522765,0.488065,-0.554746,-0.063413,0.670842,-0.356978,0.029613,0.501069,0.302545,0.141924,0.178453,-0.320805,5,True,True,0.000125,-0.006380,0.000765,0.000000,0.000000,0.000000,0.000000,0.000000,0.000000,True,0.000000,0.000000,0.000000,0.000000,0.000000,0.000000,-2.965663,-2.936055,-2.956530,-2.951748,-2.965663,-2.936055,-2.956530,-2.951748,0.000000,0.000000,0.000000,0.000000,0.000310,0.000000,0.000000,0.000174,-375.302582,-150.629181,-264.234222,-70.950333,True,velocity,0.302545,0.324716,-0.041780,-0.051254,0.006456,False
19.204535771000337,-0.106321,1.262300,-1.658822,1.449780,-0.217328,-0.306586,-0.451650,0.179645,1.229585,1.753133,1.257415,-0.094827,0.045803,-0.660383,-0.315083,0.734531,-0.017543,-0.600732,0.390811,-0.212625,0.521421,0.489356,-0.554359,-0.064217,0.670144,-0.357316,0.030209,0.500252,-0.315083,0.734531,-0.017543,-0.600732,0.390811,-0.212624,0.521423,0.489356,-0.554359,-0.064217,0.670144,-0.357315,0.030210,0.500254,0.303149,0.141881,0.178500,-0.320797,5,True,True,-0.001156,-0.004980,0.001022,0.000000,0.000000,0.000000,0.000000,0.000000,0.000000,True,0.000000,0.000000,0.000000,0.000000,0.000000,0.000000,-2.966038,-2.936055,-2.956375,-2.951229,-2.966038,-2.936025,-2.956375,-2.951229,0.000000,0.000000,0.000000,0.000000,0.000390,0.000000,0.000000,0.000080,-375.302734,-150.629181,-264.234222,-70.950752,True,velocity,0.303149,0.323263,-0.037679,-0.050967,0.003271,False
19.2364164239998,-0.104156,1.263394,-1.659039,1.447486,-0.214055,-0.309042,-0.448285,0.179371,1.229915,1.753904,1.253833,-0.096206,0.045162,-0.658422,-0.316075,0.734847,-0.017652,-0.599821,0.390885,-0.211902,0.520608,0.490333,-0.554003,-0.064420,0.669705,-0.357557,0.030663,0.499810,-0.316076,0.734847,-0.017651,-0.599821,0.390885,-0.211899,0.520614,0.490333,-0.554003,-0.064421,0.669705,-0.357553,0.030666,0.499816,0.303752,0.141892,0.178548,-0.320801,4,True,True,-0.000823,-0.003548,0.000897,0.000000,0.000000,0.000000,0.000000,0.000000,0.000000,True,0.000000,0.000000,0.000000,0.000000,0.000000,0.000000,-2.965663,-2.936083,-2.956220,-2.952268,-2.965663,-2.936083,-2.956220,-2.952268,0.000000,0.000000,0.000000,0.000000,0.000348,0.000000,0.000000,-0.000105,-375.303009,-150.629181,-264.234222,-70.950752,True,velocity,0.303752,0.321922,-0.033903,-0.048768,0.002939,False
19.26997167799982,-0.102553,1.264420,-1.659209,1.445443,-0.211916,-0.311070,-0.445486,0.179069,1.230279,1.754326,1.250998,-0.097493,0.045839,-0.657859,-0.316931,0.734874,-0.017824,-0.599330,0.390885,-0.211348,0.520132,0.491150,-0.553598,-0.065468,0.669340,-0.357633,0.031021,0.499574,-0.316931,0.734874,-0.017823,-0.599330,0.390885,-0.211347,0.520133,0.491150,-0.553598,-0.065468,0.669339,-0.357632,0.031022,0.499576,0.304429,0.141899,0.178579,-0.320813,4,True,True,-0.000617,-0.002623,0.000542,0.000000,0.000000,0.000000,0.000000,0.000000,0.000000,True,0.000000,0.000000,0.000000,0.000000,0.000000,0.000000,-2.965397,-2.936083,-2.962799,-2.951748,-2.965397,-2.936083,-2.962799,-2.951748,0.000000,0.000000,0.000000,0.000000,-0.000281,0.000000,-0.000083,-0.000194,-375.303284,-150.629181,-264.234528,-70.950615,True,velocity,0.304429,0.320606,-0.030035,-0.046380,0.021823,False
19.301401499999884,-0.101526,1.265086,-1.659246,1.443617,-0.210599,-0.312147,-0.443341,0.178928,1.230585,1.754385,1.248800,-0.098277,0.046655,-0.657317,-0.317468,0.734823,-0.017796,-0.599109,0.390886,-0.211022,0.519884,0.491558,-0.553356,-0.066440,0.669144,-0.357652,0.031188,0.499504,-0.317469,0.734823,-0.017796,-0.599109,0.390886,-0.211019,0.519889,0.491558,-0.553357,-0.066440,0.669144,-0.357649,0.031191,0.499509,0.305070,0.141880,0.178575,-0.320818,3,True,True,-0.001202,-0.002715,0.000381,0.000000,0.000000,0.000000,0.000000,0.000000,0.000000,True,0.000000,0.000000,0.000000,0.000000,0.000000,0.000000,-2.965663,-2.936083,-2.962643,-2.951615,-2.965663,-2.936083,-2.962643,-2.951615,0.000000,0.000000,0.000000,0.000000,0.000004,0.000000,-0.000035,0.000068,-375.302185,-150.629181,-264.234222,-70.950058,True,velocity,0.305070,0.319128,-0.025785,-0.046626,0.020874,False
19.334319702000357,-0.101099,1.265613,-1.659083,1.442044,-0.209655,-0.312998,-0.441319,0.178949,1.230799,1.754501,1.247612,-0.098622,0.047065,-0.656727,-0.317778,0.734758,-0.018030,-0.599018,0.390832,-0.210857,0.519864,0.491662,-0.553312,-0.066807,0.669067,-0.357644,0.031262,0.499755,-0.317778,0.734758,-0.018029,-0.599018,0.390832,-0.210855,0.519867,0.491663,-0.553312,-0.066807,0.669067,-0.357642,0.031264,0.499758,0.305665,0.141897,0.178582,-0.320833,3,True,True,-0.000674,-0.002513,-0.000082,0.000000,0.000000,0.000000,0.000000,0.000000,0.000000,True,0.000000,0.000000,0.000000,0.000000,0.000000,0.000000,-2.965397,-2.936083,-2.956375,-2.951615,-2.965397,-2.936025,-2.956375,-2.951615,0.000000,0.000000,0.000000,0.000000,0.000558,0.000000,0.000000,0.000432,-375.302185,-150.629181,-264.234222,-70.950058,True,velocity,0.305665,0.317888,-0.022229,-0.044328,0.022187,False
19.36462899199978,-0.101168,1.265936,-1.658816,1.440508,-0.209489,-0.313656,-0.439363,0.178804,1.230950,1.754504,1.247088,-0.098710,0.047483,-0.656596,-0.317923,0.734543,-0.018438,-0.599192,0.390762,-0.210855,0.520051,0.491706,-0.553308,-0.067188,0.669000,-0.357578,0.031330,0.500144,-0.317923,0.734543,-0.018437,-0.599192,0.390762,-0.210850,0.520369,0.491706,-0.553308,-0.067188,0.669000,-0.357575,0.031333,0.500460,0.306591,0.141918,0.178586,-0.320848,2,True,True,-0.000056,-0.002412,-0.000527,0.000000,0.000000,0.000000,0.000000,0.000000,0.000000,True,0.000000,0.000000,0.000000,0.000000,0.000000,0.000000,-2.965397,-2.936055,-2.956375,-2.952268,-2.965397,-2.936083,-2.956375,-2.952268,0.000000,0.000000,0.000000,0.000000,0.000472,0.000000,0.000083,0.000303,-375.302460,-150.629181,-264.234222,-70.950195,True,velocity,0.306591,0.315297,-0.014716,-0.053914,0.003100,False
19.3982396170004,-0.101750,1.266111,-1.658570,1.439340,-0.209817,-0.313881,-0.437512,0.178671,1.231048,1.754393,1.247262,-0.099106,0.047761,-0.656867,-0.317682,0.734286,-0.019012,-0.599617,0.390667,-0.211003,0.520459,0.491736,-0.553140,-0.067433,0.669092,-0.357480,0.031355,0.500653,-0.317683,0.734286,-0.019012,-0.599617,0.390667,-0.211000,0.520463,0.491736,-0.553140,-0.067433,0.669092,-0.357479,0.031355,0.500654,0.306814,0.141934,0.178600,-0.320857,2,True,True,0.000414,-0.001993,-0.000785,0.000000,0.000000,0.000000,0.000000,0.000000,0.000000,True,0.000000,0.000000,0.000000,0.000000,0.000000,0.000000,-2.965021,-2.936055,-2.956375,-2.952268,-2.965021,-2.936055,-2.956220,-2.952268,0.000000,0.000000,0.000000,0.000000,0.000241,0.000000,0.000029,0.000090,-375.302582,-150.629181,-264.234222,-70.950195,True,velocity,0.306814,0.313912,-0.011662,-0.050693,0.006138,False
19.429371031999835,-0.102690,1.266272,-1.658459,1.438350,-0.210721,-0.314116,-0.435680,0.178476,1.231131,1.754246,1.247793,-0.099093,0.048268,-0.657262,-0.317259,0.733880,-0.019799,-0.600312,0.390552,-0.211289,0.521033,0.491591,-0.553121,-0.067729,0.669185,-0.357341,0.031361,0.501245,-0.317260,0.733880,-0.019797,-0.600311,0.390552,-0.211265,0.521336,0.491591,-0.553121,-0.067728,0.669185,-0.357348,0.031354,0.501514,0.307631,0.141946,0.178609,-0.320862,1,True,True,0.000775,-0.001720,-0.000932,0.000000,0.000000,0.000000,0.000000,0.000000,0.000000,True,0.000000,0.000000,0.000000,0.000000,0.000000,0.000000,-2.965663,-2.936055,-2.956375,-2.952268,-2.965663,-2.936055,-2.956375,-2.952268,0.000000,0.000000,0.000000,0.000000,-0.000346,0.000000,0.000000,-0.000234,-375.302887,-150.629181,-264.234222,-70.950478,True,velocity,0.307631,0.312631,-0.007569,-0.048626,0.004695,False
19.462710935999894,-0.103818,1.266197,-1.658303,1.437149,-0.211369,-0.313929,-0.433976,0.178334,1.231170,1.754043,1.248882,-0.099175,0.048713,-0.657713,-0.316694,0.733637,-0.020334,-0.600889,0.390510,-0.211649,0.521597,0.491309,-0.553052,-0.067830,0.669439,-0.357197,0.031293,0.501959,-0.316695,0.733637,-0.020332,-0.600889,0.390510,-0.211623,0.521622,0.491309,-0.553052,-0.067829,0.669439,-0.357208,0.031284,0.501943,0.307838,0.141951,0.178608,-0.320871,1,True,True,0.000935,-0.001745,-0.001201,0.000000,0.000000,0.000000,0.000000,0.000000,0.000000,True,0.000000,0.000000,0.000000,0.000000,0.000000,0.000000,-2.965663,-2.936703,-2.956530,-2.952268,-2.965663,-2.936703,-2.956530,-2.951615,0.000000,0.000000,0.000000,0.000000,-0.000268,0.000000,0.000000,-0.000175,-375.302734,-150.629181,-264.234222,-70.950478,True,velocity,0.307838,0.311359,0.000000,-0.045807,0.006784,False
19.495244474000174,-0.104897,1.265938,-1.658098,1.436421,-0.211939,-0.313759,-0.432363,0.178593,1.231217,1.754137,1.250637,-0.099000,0.048131,-0.657561,-0.316041,0.733520,-0.021006,-0.601352,0.390500,-0.211977,0.522110,0.490785,-0.553225,-0.066861,0.669777,-0.357129,0.031095,0.502841,-0.316042,0.733520,-0.021004,-0.601352,0.390498,-0.211957,0.522130,0.490785,-0.553225,-0.066861,0.669777,-0.357144,0.031085,0.502825,0.308134,0.141970,0.178624,-0.320870,1,True,True,0.001512,-0.001252,-0.001176,0.000000,0.000000,0.000000,0.000000,0.000000,0.000000,True,0.000000,0.000000,0.000000,0.000000,0.000000,0.000000,-2.965397,-2.936703,-2.956530,-2.951615,-2.965397,-2.936703,-2.956530,-2.951748,0.000000,0.000000,0.000000,0.000000,-0.000064,0.000000,0.000000,-0.000031,-375.302307,-150.629181,-264.234222,-70.950058,True,velocity,0.308134,0.310006,0.000000,-0.044755,0.023294,False
19.530546423000487,-0.105798,1.265598,-1.657970,1.435862,-0.212619,-0.313772,-0.430857,0.179091,1.231146,1.754093,1.252636,-0.098789,0.047001,-0.657393,-0.315464,0.733397,-0.021693,-0.601781,0.390543,-0.212278,0.522582,0.490236,-0.553388,-0.065520,0.670177,-0.357090,0.030785,0.503848,-0.315465,0.733397,-0.021691,-0.601781,0.390538,-0.212261,0.522600,0.490235,-0.553389,-0.065521,0.670177,-0.357109,0.030775,0.503831,0.308388,0.141994,0.178623,-0.320862,1,True,True,0.002215,-0.001282,-0.000935,0.000000,0.000000,0.000000,0.000000,0.000000,0.000000,True,0.000000,0.000000,0.000000,0.000000,0.000000,0.000000,-2.966038,-2.936703,-2.956530,-2.951882,-2.966038,-2.936703,-2.956530,-2.951882,0.000000,0.000000,0.000000,0.000000,0.000296,0.000000,0.000000,0.000191,-375.302032,-150.629181,-264.234222,-70.949913,True,velocity,0.308388,0.308697,0.000000,-0.042750,0.026633,False
19.56205255900022,-0.106507,1.265218,-1.658063,1.435472,-0.213294,-0.313649,-0.429922,0.179702,1.230774,1.753652,1.255570,-0.099466,0.045044,-0.656148,-0.314947,0.733299,-0.022072,-0.602157,0.390679,-0.212511,0.522979,0.489321,-0.553081,-0.063292,0.671312,-0.357052,0.030377,0.505140,-0.314947,0.733300,-0.022071,-0.602157,0.390673,-0.212501,0.522989,0.489320,-0.553083,-0.063295,0.671311,-0.357081,0.030361,0.505127,0.308568,0.142026,0.178644,-0.320854,1,True,True,0.003170,-0.000665,-0.000699,0.000000,0.000000,0.000000,0.000000,0.000000,0.000000,True,0.000000,0.000000,0.000000,0.000000,0.000000,0.000000,-2.947326,-2.936703,-2.956375,-2.951748,-2.965397,-2.936703,-2.956530,-2.951615,0.000000,0.000000,0.000000,0.000000,0.000197,0.000000,0.000000,0.000172,-375.302887,-150.629181,-264.234222,-70.950478,True,velocity,0.308568,0.307497,0.000000,-0.041620,0.026199,False
19.596169163000013,-0.106820,1.264766,-1.658342,1.435280,-0.214048,-0.313968,-0.429079,0.180547,1.230587,1.753277,1.257870,-0.099525,0.042871,-0.655996,-0.314612,0.733188,-0.022472,-0.602453,0.390893,-0.212668,0.523293,0.488835,-0.553100,-0.061395,0.671827,-0.357031,0.029912,0.506257,-0.314612,0.733188,-0.022470,-0.602453,0.390883,-0.212662,0.523300,0.488833,-0.553102,-0.061397,0.671826,-0.357059,0.029900,0.506241,0.308722,0.142045,0.178636,-0.320838,1,True,True,0.003749,-0.000911,-0.000218,0.000000,0.000000,0.000000,0.000000,0.000000,0.000000,True,0.000000,0.000000,0.000000,0.000000,0.000000,0.000000,-2.965397,-2.936703,-2.956375,-2.951615,-2.965397,-2.936703,-2.956375,-2.951615,0.000000,0.000000,0.000000,0.000000,-0.000253,0.000000,0.000000,-0.000168,-375.303162,-150.629181,-264.234222,-70.950478,True,velocity,0.308722,0.305028,0.000000,-0.049495,0.011703,False
19.629299457000343,-0.106921,1.264317,-1.658647,1.435199,-0.214509,-0.314611,-0.428234,0.181388,1.230227,1.752469,1.260089,-0.099685,0.041121,-0.656268,-0.314402,0.733163,-0.022926,-0.602576,0.391106,-0.212750,0.523463,0.488372,-0.552932,-0.059947,0.672433,-0.356974,0.029445,0.507232,-0.314402,0.733163,-0.022924,-0.602575,0.391095,-0.212748,0.523470,0.488370,-0.552935,-0.059948,0.672432,-0.357003,0.029434,0.507213,0.308774,0.142057,0.178640,-0.320828,1,True,True,0.004116,-0.000785,0.000072,0.000000,0.000000,0.000000,0.000000,0.000000,0.000000,True,0.000000,0.000000,0.000000,0.000000,0.000000,0.000000,-2.965397,-2.936703,-2.956375,-2.951482,-2.965397,-2.936055,-2.956220,-2.951748,0.000000,0.000000,0.000000,0.000000,-0.000297,0.000000,0.000000,-0.000195,-375.302734,-150.629181,-264.234222,-70.950333,True,velocity,0.308774,0.303884,0.000000,-0.045726,0.013057,False
19.663142450999658,-0.106862,1.263885,-1.659199,1.434730,-0.214822,-0.315485,-0.427576,0.182252,1.230054,1.751568,1.262671,-0.099312,0.039431,-0.656640,-0.314384,0.733134,-0.023105,-0.602614,0.391445,-0.212810,0.523483,0.487675,-0.553052,-0.058488,0.672968,-0.356783,0.028909,0.508276,-0.314383,0.733134,-0.023103,-0.602614,0.391433,-0.212804,0.522560,0.487673,-0.553054,-0.058489,0.672968,-0.356815,0.028891,0.507319,0.307897,0.142089,0.178641,-0.320828,1,True,True,0.005070,-0.000755,0.000078,0.000000,0.000000,0.000000,0.000000,0.000000,0.000000,True,0.000000,0.000000,0.000000,0.000000,0.000000,0.000000,-2.965397,-2.936083,-2.956220,-2.951748,-2.965397,-2.936083,-2.956375,-2.951748,0.000000,0.000000,0.000000,0.000000,-0.000125,0.000000,0.000000,-0.000101,-375.302582,-150.629181,-264.234222,-70.950333,True,velocity,0.307897,0.302897,0.012081,-0.041610,0.015047,False
19.69925852600045,-0.106981,1.263733,-1.659996,1.433914,-0.214659,-0.316444,-0.427277,0.182764,1.229273,1.749915,1.265615,-0.098348,0.038143,-0.657349,-0.314443,0.733146,-0.023015,-0.602572,0.391763,-0.212908,0.523323,0.486826,-0.553030,-0.057491,0.673686,-0.356595,0.028406,0.509190,-0.314443,0.733146,-0.023015,-0.602572,0.391762,-0.212908,0.523323,0.486825,-0.553030,-0.057491,0.673686,-0.356599,0.028403,0.509186,0.308761,0.142116,0.178633,-0.320826,2,True,True,0.005889,-0.000984,0.000127,0.000000,0.000000,0.000000,0.000000,0.000000,0.000000,True,0.000000,0.000000,0.000000,0.000000,0.000000,0.000000,-2.965397,-2.936083,-2.956375,-2.951748,-2.965397,-2.936703,-2.956530,-2.951615,0.000000,0.000000,0.000000,0.000000,0.000324,0.000000,0.000000,0.000193,-375.302460,-150.629181,-264.234222,-70.950195,True,velocity,0.308761,0.301378,0.016851,-0.041708,0.001554,False
19.73260041100002,-0.107142,1.263538,-1.660927,1.432635,-0.214194,-0.317372,-0.426790,0.183331,1.228790,1.748389,1.268856,-0.097448,0.037801,-0.658679,-0.314471,0.733229,-0.022744,-0.602467,0.392158,-0.213030,0.523042,0.485844,-0.553094,-0.056945,0.674388,-0.356291,0.027882,0.510147,-0.314471,0.733229,-0.022744,-0.602467,0.392158,-0.213029,0.523042,0.485844,-0.553094,-0.056944,0.674388,-0.356295,0.027878,0.510141,0.308679,0.142124,0.178643,-0.320836,2,True,True,0.006115,-0.000701,-0.000173,0.000000,0.000000,0.000000,0.000000,0.000000,0.000000,True,0.000000,0.000000,0.000000,0.000000,0.000000,0.000000,-2.965397,-2.936055,-2.956375,-2.951615,-2.965397,-2.936083,-2.956375,-2.951615,0.000000,0.000000,0.000000,0.000000,0.000060,0.000000,0.000000,0.000031,-375.302887,-150.629181,-264.234222,-70.950478,True,velocity,0.308679,0.300812,0.017511,-0.035529,0.003538,False
19.76511052299975,-0.107276,1.263387,-1.661963,1.431493,-0.213835,-0.318130,-0.426769,0.183769,1.228528,1.747281,1.271650,-0.096307,0.037344,-0.660028,-0.314525,0.733280,-0.022278,-0.602394,0.392545,-0.213136,0.522774,0.485071,-0.553379,-0.056440,0.674753,-0.356033,0.027455,0.510915,-0.314525,0.733280,-0.022278,-0.602394,0.392545,-0.213136,0.522773,0.485071,-0.553379,-0.056440,0.674753,-0.356037,0.027451,0.510909,0.308588,0.142106,0.178653,-0.320836,2,True,True,0.005590,-0.000375,-0.000150,0.000000,0.000000,0.000000,0.000000,0.000000,0.000000,True,0.000000,0.000000,0.000000,0.000000,0.000000,0.000000,-2.965397,-2.936732,-2.956375,-2.951615,-2.965397,-2.936732,-2.956375,-2.951615,0.000000,0.000000,0.000000,0.000000,-0.000079,0.000000,0.000000,-0.000071,-375.302887,-150.629181,-264.234222,-70.950478,True,velocity,0.308588,0.300403,0.017863,-0.029870,0.004290,False
19.79855803800001,-0.107452,1.263210,-1.662959,1.430468,-0.213327,-0.318795,-0.426824,0.184087,1.228236,1.746200,1.274608,-0.095578,0.036991,-0.661393,-0.314532,0.733404,-0.021810,-0.602257,0.392937,-0.213251,0.522473,0.484335,-0.553472,-0.055962,0.675245,-0.355754,0.027074,0.511622,-0.314532,0.733404,-0.021810,-0.602257,0.392937,-0.213251,0.522471,0.484335,-0.553472,-0.055962,0.675246,-0.355759,0.027070,0.511616,0.308420,0.142107,0.178670,-0.320840,2,True,True,0.005604,0.000113,-0.000266,0.000000,0.000000,0.000000,0.000000,0.000000,0.000000,True,0.000000,0.000000,0.000000,0.000000,0.000000,0.000000,-2.965397,-2.936083,-2.956220,-2.951615,-2.965397,-2.936083,-2.956220,-2.951615,0.000000,0.000000,0.000000,0.000000,-0.000190,0.000000,0.000000,-0.000130,-375.302734,-150.629181,-264.234222,-70.950333,True,velocity,0.308420,0.300131,0.017798,-0.024404,0.022372,False
19.831963255999653,-0.107536,1.263056,-1.664116,1.429640,-0.212958,-0.319076,-0.427275,0.184372,1.227949,1.745213,1.277041,-0.095099,0.037006,-0.662515,-0.314459,0.733496,-0.021090,-0.602208,0.393336,-0.213348,0.522181,0.483653,-0.553464,-0.055718,0.675761,-0.355552,0.026736,0.512161,-0.314459,0.733496,-0.021091,-0.602208,0.393336,-0.213349,0.522179,0.483653,-0.553464,-0.055718,0.675761,-0.355556,0.026733,0.512155,0.308234,0.142069,0.178680,-0.320831,2,True,True,0.004485,0.000432,-0.000004,0.000000,0.000000,0.000000,0.000000,0.000000,0.000000,True,0.000000,0.000000,0.000000,0.000000,0.000000,0.000000,-2.965397,-2.936703,-2.956220,-2.951748,-2.965397,-2.936703,-2.956220,-2.951748,0.000000,0.000000,0.000000,0.000000,0.000043,0.000000,0.000000,0.000018,-375.302460,-150.629181,-264.234222,-70.950195,True,velocity,0.308234,0.299972,0.017499,-0.019499,0.024132,False
19.86540253000021,-0.107479,1.262922,-1.665335,1.429220,-0.212983,-0.319248,-0.428001,0.185066,1.227687,1.744578,1.278757,-0.094575,0.036054,-0.663613,-0.314378,0.733486,-0.020380,-0.602287,0.393743,-0.213428,0.521901,0.483367,-0.553591,-0.055007,0.675920,-0.355502,0.026355,0.512611,-0.314378,0.733486,-0.020380,-0.602287,0.393743,-0.213429,0.521898,0.483367,-0.553591,-0.055007,0.675920,-0.355505,0.026352,0.512607,0.307991,0.142049,0.178662,-0.320816,2,True,True,0.003883,-0.000107,0.000440,0.000000,0.000000,0.000000,0.000000,0.000000,0.000000,True,0.000000,0.000000,0.000000,0.000000,0.000000,0.000000,-2.965663,-2.936083,-2.956375,-2.951615,-2.965397,-2.936083,-2.956375,-2.951615,0.000000,0.000000,0.000000,0.000000,0.000189,0.000000,0.000000,0.000121,-375.302582,-150.629181,-264.234222,-70.950333,True,velocity,0.307991,0.299891,0.016961,-0.015224,0.025553,False
19.900987515000452,-0.107464,1.262729,-1.666374,1.429152,-0.213152,-0.319565,-0.429064,0.185786,1.227234,1.743970,1.279852,-0.094497,0.035276,-0.664449,-0.314411,0.733485,-0.019810,-0.602290,0.394066,-0.213492,0.521649,0.483249,-0.553461,-0.054433,0.676157,-0.355578,0.026060,0.512872,-0.314411,0.733485,-0.019810,-0.602290,0.394066,-0.213494,0.521646,0.483248,-0.553461,-0.054433,0.676158,-0.355581,0.026058,0.512868,0.307680,0.142015,0.178659,-0.320809,2,True,True,0.002861,-0.000203,0.000646,0.000000,0.000000,0.000000,0.000000,0.000000,0.000000,True,0.000000,0.000000,0.000000,0.000000,0.000000,0.000000,-2.965287,-2.936083,-2.956375,-2.951615,-2.965663,-2.936083,-2.956375,-2.951615,0.000000,0.000000,0.000000,0.000000,0.000062,0.000000,0.000000,0.000063,-375.302734,-150.629181,-264.234222,-70.950333,True,velocity,0.307680,0.299859,0.016215,-0.011473,0.013090,False
19.935392655000214,-0.107374,1.262416,-1.667666,1.428869,-0.212741,-0.319504,-0.430241,0.186822,1.226685,1.743212,1.280645,-0.094644,0.035147,-0.665584,-0.314288,0.733694,-0.018826,-0.602131,0.394553,-0.213579,0.521279,0.483113,-0.553195,-0.054218,0.676489,-0.355681,0.025677,0.513087,-0.314287,0.733694,-0.018826,-0.602131,0.394553,-0.213580,0.521276,0.483112,-0.553195,-0.054218,0.676489,-0.355683,0.025675,0.513084,0.307307,0.141991,0.178647,-0.320799,2,True,True,0.002138,-0.000581,0.000942,0.000000,0.000000,0.000000,0.000000,0.000000,0.000000,True,0.000000,0.000000,0.000000,0.000000,0.000000,0.000000,-2.965663,-2.936083,-2.956375,-2.952135,-2.965663,-2.936083,-2.956375,-2.951615,0.000000,0.000000,0.000000,0.000000,-0.000141,0.000000,0.000000,-0.000097,-375.302887,-150.629181,-264.234222,-70.950478,True,velocity,0.307307,0.299859,0.015323,-0.008533,0.015546,False
19.968392282999957,-0.107178,1.262128,-1.669156,1.428796,-0.212438,-0.319416,-0.431545,0.188134,1.226149,1.742576,1.281017,-0.094812,0.034742,-0.666571,-0.314110,0.733872,-0.017802,-0.602038,0.395092,-0.213635,0.520900,0.483078,-0.552979,-0.053829,0.676722,-0.355853,0.025262,0.513245,-0.314110,0.733872,-0.017802,-0.602038,0.395092,-0.213636,0.520897,0.483078,-0.552979,-0.053829,0.676722,-0.355854,0.025261,0.513242,0.306889,0.141979,0.178639,-0.320787,2,True,True,0.001763,-0.000813,0.001315,0.000000,0.000000,0.000000,0.000000,0.000000,0.000000,True,0.000000,0.000000,0.000000,0.000000,0.000000,0.000000,-2.965663,-2.936083,-2.956530,-2.951748,-2.965663,-2.936083,-2.956530,-2.951748,0.000000,0.000000,0.000000,0.000000,-0.000072,0.000000,0.000000,-0.000059,-375.302582,-150.629181,-264.234222,-70.950195,True,velocity,0.306889,0.299859,0.014381,-0.006422,0.016398,False
20.002424590000373,-0.106917,1.261701,-1.670756,1.429075,-0.211810,-0.319624,-0.432723,0.189821,1.225472,1.741946,1.281136,-0.095345,0.033767,-0.667621,-0.313843,0.734222,-0.016977,-0.601775,0.395699,-0.213693,0.520502,0.483264,-0.552610,-0.053120,0.676946,-0.356120,0.024782,0.513366,-0.313843,0.734222,-0.016977,-0.601775,0.395699,-0.213695,0.520499,0.483264,-0.552610,-0.053120,0.676946,-0.356121,0.024782,0.513365,0.306345,0.141988,0.178626,-0.320774,2,True,True,0.002032,-0.001199,0.001703,0.000000,0.000000,0.000000,0.000000,0.000000,0.000000,True,0.000000,0.000000,0.000000,0.000000,0.000000,0.000000,-2.965287,-2.936083,-2.956375,-2.951748,-2.965663,-2.936703,-2.956375,-2.951748,0.000000,0.000000,0.000000,0.000000,0.000061,0.000000,0.000000,0.000071,-375.302582,-150.629181,-264.234222,-70.950195,True,velocity,0.306345,0.299859,0.013212,-0.004798,0.001244,False
20.033582709000257,-0.106694,1.261278,-1.672613,1.429032,-0.211244,-0.319960,-0.433998,0.191203,1.224899,1.741386,1.281186,-0.095539,0.033078,-0.668536,-0.313628,0.734517,-0.015989,-0.601553,0.396389,-0.213766,0.520155,0.483386,-0.552392,-0.052625,0.677076,-0.356335,0.024408,0.513461,-0.313628,0.734517,-0.015989,-0.601553,0.396389,-0.213767,0.520153,0.483386,-0.552392,-0.052625,0.677076,-0.356335,0.024408,0.513460,0.305912,0.141995,0.178628,-0.320777,2,True,True,0.002259,-0.001146,0.001598,0.000000,0.000000,0.000000,0.000000,0.000000,0.000000,True,0.000000,0.000000,0.000000,0.000000,0.000000,0.000000,-2.965663,-2.936055,-2.956530,-2.951615,-2.965287,-2.936055,-2.956530,-2.951748,0.000000,0.000000,0.000000,0.000000,0.000102,0.000000,0.000000,0.000073,-375.302734,-150.629181,-264.234222,-70.950333,True,velocity,0.305912,0.299859,0.012288,-0.003650,0.000675,False
20.063648981999904,-0.106507,1.260511,-1.674311,1.428781,-0.210961,-0.320270,-0.434709,0.192621,1.224529,1.740801,1.281329,-0.095392,0.033178,-0.669396,-0.313307,0.734814,-0.015160,-0.601379,0.397137,-0.213886,0.519894,0.483172,-0.552382,-0.052448,0.677251,-0.356473,0.023953,0.513634,-0.313307,0.734815,-0.015161,-0.601379,0.397131,-0.213885,0.519188,0.483171,-0.552382,-0.052447,0.677252,-0.356471,0.023964,0.512927,0.304859,0.141981,0.178624,-0.320784,1,True,True,0.001838,-0.001264,0.001399,0.000000,0.000000,0.000000,0.000000,0.000000,0.000000,True,0.000000,0.000000,0.000000,0.000000,0.000000,0.000000,-2.965663,-2.936113,-2.956530,-2.951748,-2.965663,-2.936732,-2.956530,-2.951748,0.000000,0.000000,0.000000,0.000000,0.000019,0.000000,0.000000,0.000040,-375.302734,-150.629181,-264.234222,-70.950333,True,velocity,0.304859,0.299859,0.010140,-0.002808,0.030646,False
20.096791683000447,-0.106559,1.259792,-1.676045,1.428805,-0.210683,-0.321041,-0.435141,0.194093,1.224106,1.740100,1.281589,-0.094977,0.033479,-0.670012,-0.312889,0.735123,-0.014779,-0.601229,0.397841,-0.214056,0.519789,0.482717,-0.552456,-0.052266,0.677528,-0.356569,0.023471,0.513853,-0.312889,0.735123,-0.014779,-0.601229,0.397832,-0.214057,0.519438,0.482717,-0.552456,-0.052265,0.677528,-0.356566,0.023479,0.513501,0.304859,0.141990,0.178626,-0.320782,1,True,True,0.002109,-0.001214,0.001452,0.000000,0.000000,0.000000,0.000000,0.000000,0.000000,True,0.000000,0.000000,0.000000,0.000000,0.000000,0.000000,-2.965663,-2.936113,-2.956220,-2.952135,-2.965663,-2.936113,-2.956375,-2.951748,0.000000,0.000000,0.000000,0.000000,-0.000071,0.000000,0.000000,-0.000051,-375.302734,-150.629181,-264.234222,-70.950333,True,velocity,0.304859,0.299859,0.010105,-0.002105,0.001079,False
20.130506622000212,-0.106819,1.259134,-1.677952,1.428879,-0.210627,-0.321890,-0.435572,0.195539,1.223646,1.739216,1.281981,-0.094755,0.033679,-0.670311,-0.312366,0.735351,-0.014500,-0.601229,0.398543,-0.214299,0.519828,0.482144,-0.552420,-0.051982,0.677988,-0.356628,0.022953,0.514150,-0.312365,0.735352,-0.014500,-0.601228,0.398532,-0.214299,0.519784,0.482145,-0.552420,-0.051981,0.677988,-0.356627,0.022961,0.514108,0.304862,0.142000,0.178621,-0.320780,1,True,True,0.002400,-0.001362,0.001518,0.000000,0.000000,0.000000,0.000000,0.000000,0.000000,True,0.000000,0.000000,0.000000,0.000000,0.000000,0.000000,-2.965287,-2.936083,-2.956375,-2.951748,-2.965287,-2.936083,-2.956375,-2.951748,0.000000,0.000000,0.000000,0.000000,-0.000006,0.000000,0.000000,-0.000011,-375.302582,-150.629181,-264.234222,-70.950333,True,velocity,0.304862,0.299862,0.010078,-0.001552,0.018392,False
20.164942002000316,-0.107200,1.258355,-1.680178,1.428751,-0.211003,-0.323065,-0.435952,0.196974,1.223212,1.738084,1.282246,-0.094758,0.033968,-0.670734,-0.311830,0.735458,-0.014263,-0.601381,0.399378,-0.214618,0.519985,0.481616,-0.552255,-0.051907,0.678502,-0.356620,0.022394,0.514472,-0.311829,0.735460,-0.014263,-0.601381,0.399361,-0.214614,0.519978,0.481616,-0.552255,-0.051906,0.678502,-0.356620,0.022406,0.514467,0.304684,0.142020,0.178601,-0.320775,1,True,True,0.003017,-0.001951,0.001679,0.000000,0.000000,0.000000,0.000000,0.000000,0.000000,True,0.000000,0.000000,0.000000,0.000000,0.000000,0.000000,-2.965553,-2.936113,-2.956530,-2.951748,-2.965287,-2.936113,-2.956220,-2.951615,0.000000,0.000000,0.000000,0.000000,0.000071,0.000000,0.000000,0.000000,-375.302582,-150.629181,-264.234222,-70.950333,True,velocity,0.304684,0.299916,0.000000,-0.000754,0.020715,False
20.19707909800036,-0.107811,1.257490,-1.682585,1.428462,-0.212016,-0.324785,-0.436309,0.198500,1.222860,1.737037,1.282439,-0.094701,0.033926,-0.671111,-0.311386,0.735375,-0.014246,-0.601713,0.400261,-0.215019,0.520226,0.481144,-0.552177,-0.051650,0.678920,-0.356621,0.021818,0.514821,-0.311383,0.735377,-0.014247,-0.601713,0.400237,-0.215010,0.520219,0.481144,-0.552177,-0.051649,0.678920,-0.356621,0.021830,0.514818,0.304489,0.142043,0.178577,-0.320775,1,True,True,0.003708,-0.002657,0.001669,0.000000,0.000000,0.000000,0.000000,0.000000,0.000000,True,0.000000,0.000000,0.000000,0.000000,0.000000,0.000000,-2.965663,-2.936113,-2.956375,-2.951615,-2.965663,-2.936083,-2.956375,-2.951615,0.000000,0.000000,0.000000,0.000000,0.000000,0.000000,0.000000,0.000000,-375.302734,-150.629181,-264.234222,-70.950333,True,velocity,0.304489,0.300037,0.000000,0.000345,0.021111,False
20.230543612000474,-0.108637,1.256249,-1.685508,1.428161,-0.214056,-0.327639,-0.436327,0.200031,1.222597,1.735898,1.282832,-0.094603,0.033591,-0.671055,-0.310947,0.735071,-0.014757,-0.602299,0.401386,-0.215519,0.520597,0.480487,-0.552158,-0.051137,0.679441,-0.356525,0.021203,0.515169,-0.310942,0.735074,-0.014757,-0.602298,0.401348,-0.215507,0.520591,0.480487,-0.552158,-0.051137,0.679440,-0.356528,0.021213,0.515168,0.304246,0.142102,0.178563,-0.320770,1,True,True,0.005475,-0.003082,0.001819,0.000000,0.000000,0.000000,0.000000,0.000000,0.000000,True,0.000000,0.000000,0.000000,0.000000,0.000000,0.000000,-2.965663,-2.936113,-2.956220,-2.951748,-2.965663,-2.936113,-2.956220,-2.951748,0.000000,0.000000,0.000000,0.000000,-0.000044,0.000000,0.000000,0.000000,-375.302734,-150.629181,-264.234222,-70.950333,True,velocity,0.304246,0.300394,0.000000,0.002933,0.006965,False
20.26464690099965,-0.109646,1.254802,-1.689530,1.427075,-0.218800,-0.332196,-0.436655,0.201377,1.222333,1.734564,1.282898,-0.094717,0.033263,-0.670447,-0.311003,0.733861,-0.015472,-0.603727,0.402879,-0.216160,0.521067,0.479781,-0.552009,-0.050722,0.680091,-0.356382,0.020589,0.515477,-0.310990,0.733868,-0.015477,-0.603725,0.402814,-0.216133,0.521057,0.479781,-0.552009,-0.050722,0.680091,-0.356383,0.020604,0.515483,0.304126,0.142175,0.178519,-0.320758,1,True,True,0.007669,-0.004399,0.002166,0.000000,0.000000,0.000000,0.000000,0.000000,0.000000,True,0.000000,0.000000,0.000000,0.000000,0.000000,0.000000,-2.965663,-2.936732,-2.956375,-2.951748,-2.965663,-2.936732,-2.956375,-2.951748,0.000000,0.000000,0.000000,0.000000,-0.000071,0.000000,0.000000,0.000000,-375.302734,-150.629181,-264.234222,-70.950333,True,velocity,0.304126,0.300509,0.000000,0.003052,0.008783,False
20.30046162600047,-0.110768,1.253474,-1.693637,1.425104,-0.225367,-0.338118,-0.437932,0.202617,1.222299,1.733203,1.282171,-0.094716,0.032857,-0.669800,-0.312050,0.731929,-0.016185,-0.605511,0.404302,-0.216808,0.521498,0.479292,-0.551971,-0.050604,0.680475,-0.356249,0.020009,0.515675,-0.312030,0.731938,-0.016196,-0.605509,0.404225,-0.216767,0.521483,0.479292,-0.551972,-0.050605,0.680475,-0.356241,0.020031,0.515690,0.304198,0.142198,0.178461,-0.320757,1,True,True,0.008358,-0.006147,0.002211,0.000000,0.000000,0.000000,0.000000,0.000000,0.000000,True,0.000000,0.000000,0.000000,0.000000,0.000000,0.000000,-2.965929,-2.936732,-2.956375,-2.951748,-2.965929,-2.936732,-2.956375,-2.951748,0.000000,0.000000,0.000000,0.000000,0.000000,0.000000,0.000000,0.000000,-375.302734,-150.629181,-264.234222,-70.950333,True,velocity,0.304198,0.300562,0.000000,0.002641,0.012491,False
20.330857378000474,-0.111918,1.252722,-1.698496,1.422231,-0.238000,-0.347081,-0.440494,0.203824,1.222442,1.731819,1.280169,-0.094611,0.032250,-0.667480,-0.314785,0.727696,-0.017663,-0.609144,0.405731,-0.217393,0.522087,0.478625,-0.552066,-0.050400,0.680882,-0.356107,0.019429,0.515879,-0.314741,0.727717,-0.017696,-0.609141,0.405609,-0.217335,0.522053,0.478627,-0.552066,-0.050402,0.680881,-0.356084,0.019463,0.515919,0.304658,0.142247,0.178386,-0.320735,1,True,True,0.009828,-0.008397,0.002858,0.000000,0.000000,0.000000,0.000000,0.000000,0.000000,True,0.000000,0.000000,0.000000,0.000000,0.000000,0.000000,-2.965287,-2.936732,-2.956375,-2.951615,-2.965663,-2.936732,-2.956375,-2.951482,0.000000,0.000000,0.000000,0.000000,0.000000,0.000000,0.000000,0.000000,-375.302734,-150.629181,-264.234222,-70.950333,True,velocity,0.304658,0.300566,0.000000,0.002049,0.027319,False
20.36405283899967,-0.113181,1.252279,-1.703739,1.418330,-0.258788,-0.361091,-0.444235,0.204933,1.222677,1.730419,1.277082,-0.094769,0.031193,-0.662882,-0.319954,0.720511,-0.021008,-0.614859,0.407082,-0.217925,0.522797,0.477677,-0.552123,-0.049775,0.681547,-0.355945,0.018883,0.516121,-0.319862,0.720554,-0.021085,-0.614855,0.406890,-0.217839,0.522748,0.477680,-0.552123,-0.049779,0.681545,-0.355911,0.018924,0.516191,0.305458,0.142353,0.178294,-0.320722,1,True,True,0.012980,-0.011156,0.003270,0.000000,0.000000,0.000000,0.000000,0.000000,0.000000,True,0.000000,0.000000,0.000000,0.000000,0.000000,0.000000,-2.965287,-2.936732,-2.956375,-2.952268,-2.965663,-2.936083,-2.956375,-2.952268,0.000000,0.000000,0.000000,0.000000,0.000000,0.000000,0.000000,0.000000,-375.302734,-150.629181,-264.234222,-70.950333,True,velocity,0.305458,0.300566,0.000000,0.001539,0.028511,False
20.402318680999997,-0.114950,1.250186,-1.707859,1.414615,-0.280366,-0.379226,-0.448934,0.206044,1.222584,1.729089,1.275901,-0.095053,0.030136,-0.655179,-0.326560,0.713615,-0.026108,-0.619217,0.408427,-0.218498,0.523473,0.475177,-0.552109,-0.047595,0.683459,-0.355786,0.018367,0.516690,-0.326451,0.713672,-0.026195,-0.619206,0.408214,-0.218397,0.523099,0.475183,-0.552109,-0.047602,0.683455,-0.355765,0.018378,0.516448,0.305566,0.142460,0.178315,-0.320751,1,True,True,0.016204,-0.010526,0.002378,0.000000,0.000000,0.000000,0.000000,0.000000,0.000000,True,0.000000,0.000000,0.000000,0.000000,0.000000,0.000000,-2.965663,-2.936083,-2.956220,-2.951615,-2.965663,-2.936083,-2.956220,-2.951615,0.000000,0.000000,0.000000,0.000000,0.000000,0.000000,0.000000,0.000000,-375.302734,-150.629181,-264.234222,-70.950333,True,velocity,0.305566,0.300566,0.009944,0.001120,0.001846,False
20.43246256400016,-0.116827,1.247382,-1.711595,1.409947,-0.295545,-0.393987,-0.455721,0.206597,1.222449,1.727848,1.275915,-0.096318,0.028478,-0.648062,-0.332534,0.709062,-0.028367,-0.621167,0.409950,-0.219160,0.523810,0.472965,-0.551621,-0.045125,0.685553,-0.355696,0.017975,0.517373,-0.332462,0.709101,-0.028422,-0.621158,0.409797,-0.219053,0.523072,0.472968,-0.551621,-0.045134,0.685550,-0.355692,0.017976,0.516758,0.305566,0.142428,0.178347,-0.320784,1,True,True,0.015246,-0.009560,0.001393,0.000000,0.000000,0.000000,0.000000,0.000000,0.000000,True,0.000000,0.000000,0.000000,0.000000,0.000000,0.000000,-2.965663,-2.936083,-2.956220,-2.951615,-2.965663,-2.936083,-2.956220,-2.951615,0.000000,0.000000,0.000000,0.000000,0.000000,0.000000,0.000000,0.000000,-375.302734,-150.629181,-264.234222,-70.950333,True,velocity,0.305566,0.300566,0.009957,0.000855,0.016909,False
20.467343033999896,-0.119672,1.245350,-1.717958,1.402766,-0.308093,-0.406122,-0.467522,0.206855,1.222602,1.727083,1.275413,-0.096107,0.026251,-0.639801,-0.338371,0.704979,-0.026520,-0.622741,0.412149,-0.220112,0.523948,0.470522,-0.551907,-0.042296,0.687182,-0.355603,0.017575,0.518155,-0.338370,0.704980,-0.026520,-0.622740,0.412146,-0.220108,0.523942,0.470522,-0.551907,-0.042296,0.687182,-0.355601,0.017576,0.518157,0.306892,0.142406,0.178291,-0.320772,2,True,True,0.014596,-0.011259,0.001770,0.000000,0.000000,0.000000,0.000000,0.000000,0.000000,True,0.000000,0.000000,0.000000,0.000000,0.000000,0.000000,-2.965397,-2.936083,-2.956220,-2.951615,-2.965397,-2.936083,-2.956220,-2.952268,0.000000,0.000000,0.000000,0.000000,0.000000,0.000000,0.000000,0.000000,-375.302734,-150.629181,-264.234222,-70.950333,True,velocity,0.306892,0.300566,0.012620,0.000635,0.019482,False
20.50279772399972,-0.122405,1.243259,-1.723664,1.396002,-0.312434,-0.412246,-0.475770,0.207285,1.222596,1.725841,1.275850,-0.095031,0.027194,-0.636917,-0.341187,0.703626,-0.023052,-0.622872,0.414424,-0.221112,0.523797,0.468645,-0.552284,-0.042041,0.688176,-0.355450,0.017250,0.518635,-0.341187,0.703627,-0.023052,-0.622872,0.414423,-0.221108,0.523795,0.468645,-0.552284,-0.042041,0.688177,-0.355450,0.017249,0.518633,0.307146,0.142268,0.178368,-0.320800,2,True,True,0.010448,-0.008936,0.000917,0.000000,0.000000,0.000000,0.000000,0.000000,0.000000,True,0.000000,0.000000,0.000000,0.000000,0.000000,0.000000,-2.965287,-2.936083,-2.956375,-2.951615,-2.965287,-2.936083,-2.956375,-2.951615,0.000000,0.000000,0.000000,0.000000,0.000000,0.000000,0.000000,0.000000,-375.302734,-150.629181,-264.234222,-70.950333,True,velocity,0.307146,0.300603,0.013048,0.000741,0.023082,False
20.533997880000243,-0.124967,1.240882,-1.729260,1.391129,-0.311546,-0.415709,-0.479379,0.207776,1.222325,1.725058,1.278328,-0.091278,0.031190,-0.636083,-0.341164,0.704260,-0.020324,-0.622264,0.416804,-0.222076,0.523696,0.465812,-0.553668,-0.042766,0.688943,-0.355185,0.016953,0.519151,-0.341164,0.704260,-0.020324,-0.622264,0.416803,-0.222072,0.523697,0.465812,-0.553668,-0.042765,0.688943,-0.355187,0.016949,0.519147,0.306853,0.142206,0.178543,-0.320826,2,True,True,0.008590,-0.003696,0.000135,0.000000,0.000000,0.000000,0.000000,0.000000,0.000000,True,0.000000,0.000000,0.000000,0.000000,0.000000,0.000000,-2.965663,-2.936083,-2.956064,-2.951615,-2.965663,-2.936083,-2.956530,-2.951615,0.000000,0.000000,0.000000,0.000000,0.000000,0.000000,0.000000,0.000000,-375.302734,-150.629181,-264.234222,-70.950333,True,velocity,0.306853,0.300784,0.012041,0.001945,0.006372,False
20.564572964000035,-0.126801,1.236818,-1.732089,1.388050,-0.305154,-0.418051,-0.480086,0.208165,1.221793,1.724848,1.282234,-0.089109,0.033952,-0.637960,-0.340375,0.707457,-0.018385,-0.619121,0.419031,-0.223056,0.523278,0.464195,-0.554332,-0.043048,0.689482,-0.355013,0.016766,0.519561,-0.340380,0.707448,-0.018375,-0.619130,0.419042,-0.223000,0.523281,0.464195,-0.554327,-0.043045,0.689487,-0.355033,0.016719,0.519464,0.305941,0.142204,0.178626,-0.320879,1,True,True,0.008512,-0.001192,-0.001452,0.000000,0.000000,0.000000,0.000000,0.000000,0.000000,True,0.000000,0.000000,0.000000,0.000000,0.000000,0.000000,-2.965287,-2.936083,-2.956375,-2.951615,-2.965929,-2.936083,-2.956220,-2.951615,0.000000,0.000000,0.000000,0.000000,0.000000,0.000000,0.000000,0.000000,-375.302734,-150.629181,-264.234222,-70.950333,True,velocity,0.305941,0.300941,0.009865,0.002692,0.005024,False
20.59755557399967,-0.128623,1.234337,-1.735910,1.383627,-0.302485,-0.422384,-0.482836,0.208700,1.221449,1.725457,1.284302,-0.087660,0.033857,-0.639709,-0.341109,0.708675,-0.016278,-0.617381,0.421188,-0.224004,0.522878,0.463978,-0.554921,-0.042366,0.689197,-0.355094,0.016493,0.519993,-0.341107,0.708669,-0.016273,-0.617389,0.421164,-0.223924,0.522901,0.463976,-0.554920,-0.042366,0.689199,-0.355111,0.016474,0.519957,0.305603,0.142278,0.178522,-0.320858,1,True,True,0.010734,-0.004318,-0.000813,0.000000,0.000000,0.000000,0.000000,0.000000,0.000000,True,0.000000,0.000000,0.000000,0.000000,0.000000,0.000000,-2.965021,-2.936083,-2.956220,-2.951615,-2.965021,-2.936083,-2.956375,-2.951615,0.000000,0.000000,0.000000,0.000000,0.000000,0.000000,0.000000,0.000000,-375.302734,-150.629181,-264.234222,-70.950333,True,velocity,0.305603,0.301112,0.000000,0.003311,0.005699,False
20.631167161999656,-0.130344,1.232772,-1.741354,1.378562,-0.301316,-0.424061,-0.487882,0.209124,1.221562,1.725532,1.284728,-0.086365,0.033024,-0.640219,-0.341450,0.708996,-0.012068,-0.616920,0.423430,-0.224805,0.522849,0.463874,-0.555568,-0.041876,0.688775,-0.355177,0.016252,0.520437,-0.341448,0.708987,-0.012074,-0.616931,0.423410,-0.224734,0.522842,0.463874,-0.555567,-0.041877,0.688776,-0.355175,0.016253,0.520433,0.305838,0.142194,0.178476,-0.320807,1,True,True,0.008234,-0.005696,0.000714,0.000000,0.000000,0.000000,0.000000,0.000000,0.000000,True,0.000000,0.000000,0.000000,0.000000,0.000000,0.000000,-2.965287,-2.936083,-2.956220,-2.951748,-2.965287,-2.936083,-2.956375,-2.951748,0.000000,0.000000,0.000000,0.000000,0.000000,0.000000,0.000000,0.000000,-375.302734,-150.629181,-264.234222,-70.950333,True,velocity,0.305838,0.301300,0.000000,0.003879,0.007799,False
20.66391647599994,-0.131789,1.231943,-1.746890,1.375881,-0.300238,-0.423735,-0.490152,0.209784,1.221363,1.725240,1.285508,-0.085301,0.032362,-0.640703,-0.339904,0.709288,-0.009131,-0.617488,0.425292,-0.225352,0.523167,0.463574,-0.555976,-0.041322,0.688682,-0.355250,0.016094,0.520942,-0.339906,0.709283,-0.009135,-0.617494,0.425278,-0.225325,0.523162,0.463573,-0.555976,-0.041323,0.688682,-0.355253,0.016088,0.520934,0.305890,0.142126,0.178571,-0.320781,1,True,True,0.006177,-0.002855,0.001476,0.000000,0.000000,0.000000,0.000000,0.000000,0.000000,True,0.000000,0.000000,0.000000,0.000000,0.000000,0.000000,-2.965287,-2.936083,-2.956064,-2.951748,-2.965663,-2.936083,-2.956530,-2.951615,0.000000,0.000000,0.000000,0.000000,0.000029,0.000000,0.000000,0.000000,-375.302734,-150.629181,-264.234222,-70.950333,True,velocity,0.305890,0.301484,0.000000,0.004310,0.024302,False
20.69923707399994,-0.132602,1.231685,-1.752235,1.374704,-0.300987,-0.422757,-0.490391,0.210171,1.221050,1.725019,1.286559,-0.084278,0.031753,-0.640498,-0.337595,0.708932,-0.007458,-0.619185,0.426852,-0.225711,0.523705,0.463053,-0.556318,-0.040573,0.688800,-0.355306,0.016014,0.521493,-0.337596,0.708931,-0.007461,-0.619185,0.426829,-0.225710,0.523700,0.463053,-0.556318,-0.040573,0.688800,-0.355312,0.016002,0.521486,0.305970,0.142091,0.178661,-0.320772,1,True,True,0.005126,-0.000139,0.001746,0.000000,0.000000,0.000000,0.000000,0.000000,0.000000,True,0.000000,0.000000,0.000000,0.000000,0.000000,0.000000,-2.965663,-2.936083,-2.956530,-2.951615,-2.965663,-2.936083,-2.956530,-2.952268,0.000000,0.000000,0.000000,0.000000,0.000017,0.000000,0.000000,0.000000,-375.302582,-150.629181,-264.234222,-70.950333,True,velocity,0.305970,0.301634,0.000000,0.004301,0.027483,False
20.732319517000178,-0.132987,1.231824,-1.757698,1.372770,-0.303650,-0.419872,-0.491307,0.209891,1.220960,1.724806,1.287295,-0.083013,0.031636,-0.639216,-0.335297,0.707686,-0.004706,-0.621880,0.428391,-0.226026,0.524295,0.462244,-0.556784,-0.040127,0.688993,-0.355285,0.016009,0.522142,-0.335299,0.707686,-0.004712,-0.621879,0.428367,-0.226023,0.524281,0.462246,-0.556783,-0.040127,0.688993,-0.355282,0.015996,0.522147,0.306498,0.142014,0.178677,-0.320776,1,True,True,0.002830,0.000325,0.001648,0.000000,0.000000,0.000000,0.000000,0.000000,0.000000,True,0.000000,0.000000,0.000000,0.000000,0.000000,0.000000,-2.965663,-2.936083,-2.956530,-2.951615,-2.965663,-2.936083,-2.956220,-2.951615,0.000000,0.000000,0.000000,0.000000,0.000061,0.000000,0.000000,0.000000,-375.302582,-150.629181,-264.234222,-70.950333,True,velocity,0.306498,0.301753,0.000000,0.004121,0.012734,False
20.767105357999753,-0.133252,1.231542,-1.761194,1.371897,-0.304384,-0.416558,-0.491501,0.209594,1.220809,1.724722,1.288504,-0.081713,0.031836,-0.638391,-0.333076,0.707369,-0.002559,-0.623444,0.429472,-0.226258,0.524817,0.461414,-0.557244,-0.039735,0.689200,-0.355249,0.016054,0.522748,-0.333079,0.707369,-0.002563,-0.623443,0.429468,-0.226264,0.524736,0.461416,-0.557243,-0.039735,0.689200,-0.355251,0.016033,0.522670,0.306753,0.141954,0.178715,-0.320805,1,True,True,0.001014,0.001476,0.000776,0.000000,0.000000,0.000000,0.000000,0.000000,0.000000,True,0.000000,0.000000,0.000000,0.000000,0.000000,0.000000,-2.965287,-2.936055,-2.956220,-2.951615,-2.965287,-2.936055,-2.956220,-2.951615,0.000000,0.000000,0.000000,0.000000,0.000061,0.000000,0.000000,0.000000,-375.302582,-150.629181,-264.234222,-70.950333,True,velocity,0.306753,0.301753,0.009847,0.003060,0.015341,False
20.797963459999664,-0.133318,1.231388,-1.763828,1.371519,-0.305289,-0.413501,-0.490828,0.209525,1.220495,1.724789,1.289668,-0.080901,0.031741,-0.638298,-0.330962,0.707017,-0.001155,-0.624971,0.430316,-0.226431,0.525221,0.460993,-0.557473,-0.039264,0.689324,-0.355286,0.016047,0.523325,-0.330965,0.707018,-0.001157,-0.624969,0.430311,-0.226441,0.524941,0.460993,-0.557473,-0.039264,0.689324,-0.355293,0.016031,0.523035,0.306753,0.141944,0.178717,-0.320813,1,True,True,0.000710,0.001527,0.000532,0.000000,0.000000,0.000000,0.000000,0.000000,0.000000,True,0.000000,0.000000,0.000000,0.000000,0.000000,0.000000,-2.965287,-2.936055,-2.956220,-2.951482,-2.965287,-2.936055,-2.956220,-2.951615,0.000000,0.000000,0.000000,0.000000,0.000061,0.000000,0.000000,0.000000,-375.302582,-150.629181,-264.234222,-70.950333,True,velocity,0.306753,0.301753,0.009883,0.002335,0.014639,False
20.831773824000265,-0.133206,1.231248,-1.764965,1.372131,-0.305588,-0.411385,-0.489710,0.209863,1.220054,1.724985,1.290822,-0.080621,0.031006,-0.638562,-0.329388,0.707014,-0.000814,-0.625806,0.430649,-0.226489,0.525404,0.460878,-0.557501,-0.038394,0.689428,-0.355460,0.015984,0.523751,-0.329390,0.707014,-0.000815,-0.625805,0.430649,-0.226505,0.525238,0.460877,-0.557501,-0.038394,0.689428,-0.355471,0.015972,0.523572,0.306753,0.141931,0.178721,-0.320821,1,True,True,0.000327,0.001640,0.000284,0.000000,0.000000,0.000000,0.000000,0.000000,0.000000,True,0.000000,0.000000,0.000000,0.000000,0.000000,0.000000,-2.965663,-2.936055,-2.956375,-2.951615,-2.965663,-2.936055,-2.956375,-2.951615,0.000000,0.000000,0.000000,0.000000,0.000061,0.000000,0.000000,0.000000,-375.302582,-150.629181,-264.234222,-70.950333,True,velocity,0.306753,0.301753,0.009913,0.001746,0.016457,False
20.865334523000456,-0.133210,1.230899,-1.765103,1.373192,-0.305042,-0.409999,-0.488795,0.210734,1.219443,1.725343,1.292392,-0.080659,0.029414,-0.638510,-0.328291,0.707450,-0.000950,-0.625890,0.430737,-0.226578,0.525386,0.460698,-0.557437,-0.036643,0.689695,-0.355759,0.015786,0.524243,-0.328293,0.707449,-0.000951,-0.625890,0.430745,-0.226593,0.525386,0.460696,-0.557438,-0.036645,0.689695,-0.355776,0.015774,0.524231,0.306509,0.141933,0.178708,-0.320831,1,True,True,0.000400,0.001257,-0.000015,0.000000,0.000000,0.000000,0.000000,0.000000,0.000000,True,0.000000,0.000000,0.000000,0.000000,0.000000,0.000000,-2.965663,-2.936674,-2.956220,-2.951482,-2.965663,-2.936703,-2.956220,-2.951482,0.000000,0.000000,0.000000,0.000000,0.000061,0.000000,0.000000,0.000000,-375.302582,-150.629181,-264.234222,-70.950333,True,velocity,0.306509,0.301872,0.000000,0.002199,0.001265,False
20.90066193599978,-0.133220,1.230851,-1.765170,1.373863,-0.305560,-0.409063,-0.488813,0.211868,1.219009,1.725847,1.292937,-0.080521,0.026921,-0.638492,-0.327818,0.707384,-0.000946,-0.626212,0.430728,-0.226663,0.525335,0.460962,-0.557573,-0.034727,0.689507,-0.356161,0.015512,0.524652,-0.327818,0.707384,-0.000947,-0.626212,0.430730,-0.226671,0.525325,0.460960,-0.557574,-0.034729,0.689507,-0.356169,0.015513,0.524650,0.306236,0.141924,0.178649,-0.320820,1,True,True,0.000127,-0.000512,0.000318,0.000000,0.000000,0.000000,0.000000,0.000000,0.000000,True,0.000000,0.000000,0.000000,0.000000,0.000000,0.000000,-2.965287,-2.936674,-2.956220,-2.951615,-2.965287,-2.936674,-2.956220,-2.951615,0.000000,0.000000,0.000000,0.000000,0.000061,0.000000,0.000000,0.000000,-375.302582,-150.629181,-264.234222,-70.950333,True,velocity,0.306236,0.302041,0.000000,0.002870,0.003002,False
20.931611056000293,-0.133552,1.230675,-1.764914,1.374236,-0.305536,-0.407902,-0.489289,0.213251,1.218376,1.725932,1.293610,-0.080559,0.024477,-0.638278,-0.327476,0.707526,-0.000669,-0.626232,0.430663,-0.226822,0.525190,0.461020,-0.557534,-0.032754,0.689596,-0.356552,0.015165,0.525121,-0.327476,0.707526,-0.000671,-0.626232,0.430671,-0.226823,0.525181,0.461019,-0.557535,-0.032756,0.689596,-0.356560,0.015170,0.525121,0.305885,0.141908,0.178610,-0.320823,1,True,True,-0.000348,-0.001688,0.000234,0.000000,0.000000,0.000000,0.000000,0.000000,0.000000,True,0.000000,0.000000,0.000000,0.000000,0.000000,0.000000,-2.965663,-2.936083,-2.956706,-2.951096,-2.965663,-2.936055,-2.956706,-2.951096,0.000000,0.000000,0.000000,0.000000,0.000061,0.000000,0.000000,0.000000,-375.302582,-150.629181,-264.234222,-70.950333,True,velocity,0.305885,0.302200,0.000000,0.003407,0.004319,False
20.96499179300008,-0.133917,1.230559,-1.764425,1.374205,-0.305922,-0.407444,-0.489890,0.214379,1.217966,1.725923,1.293791,-0.079764,0.022651,-0.638446,-0.327593,0.707468,-0.000556,-0.626237,0.430550,-0.226946,0.525057,0.461096,-0.557865,-0.031482,0.689338,-0.356817,0.014891,0.525443,-0.327592,0.707468,-0.000557,-0.626236,0.430554,-0.226941,0.525050,0.461095,-0.557865,-0.031484,0.689338,-0.356817,0.014895,0.525442,0.305680,0.141910,0.178588,-0.320827,1,True,True,-0.000304,-0.002330,0.000102,0.000000,0.000000,0.000000,0.000000,0.000000,0.000000,True,0.000000,0.000000,0.000000,0.000000,0.000000,0.000000,-2.965663,-2.936055,-2.956706,-2.951096,-2.965663,-2.936055,-2.956706,-2.951096,0.000000,0.000000,0.000000,0.000000,-0.000054,0.000000,0.000000,0.000000,-375.302734,-150.629181,-264.234222,-70.950333,True,velocity,0.305680,0.302319,0.000000,0.003446,0.021681,False
20.99842897400049,-0.134440,1.230643,-1.764029,1.373853,-0.307396,-0.407198,-0.491058,0.215571,1.217536,1.725737,1.293861,-0.079360,0.020293,-0.638015,-0.328002,0.706951,-0.000392,-0.626606,0.430403,-0.227092,0.524971,0.461135,-0.558026,-0.029891,0.689252,-0.357064,0.014564,0.525864,-0.328000,0.706953,-0.000393,-0.626605,0.430400,-0.227084,0.524957,0.461134,-0.558027,-0.029893,0.689252,-0.357065,0.014573,0.525870,0.305580,0.141918,0.178558,-0.320823,1,True,True,-0.000068,-0.003235,0.000235,0.000000,0.000000,0.000000,0.000000,0.000000,0.000000,True,0.000000,0.000000,0.000000,0.000000,0.000000,0.000000,-2.965663,-2.936055,-2.956375,-2.951615,-2.965663,-2.936055,-2.956375,-2.951615,0.000000,0.000000,0.000000,0.000000,-0.000059,0.000000,0.000000,0.000000,-375.302734,-150.629181,-264.234222,-70.950333,True,velocity,0.305580,0.302375,0.000000,0.003006,0.022539,False
21.03323511200051,-0.135073,1.230461,-1.763474,1.373556,-0.308384,-0.407149,-0.491597,0.216664,1.217013,1.725323,1.294105,-0.079052,0.018365,-0.638220,-0.328235,0.706703,-0.000521,-0.626763,0.430280,-0.227266,0.524927,0.461250,-0.558055,-0.028707,0.689202,-0.357253,0.014287,0.526257,-0.328234,0.706704,-0.000522,-0.626763,0.430278,-0.227257,0.524921,0.461249,-0.558056,-0.028708,0.689202,-0.357258,0.014294,0.526255,0.305444,0.141933,0.178557,-0.320829,1,True,True,0.000388,-0.003278,0.000044,0.000000,0.000000,0.000000,0.000000,0.000000,0.000000,True,0.000000,0.000000,0.000000,0.000000,0.000000,0.000000,-2.965663,-2.936055,-2.956375,-2.951748,-2.965663,-2.936055,-2.956375,-2.951748,0.000000,0.000000,0.000000,0.000000,0.000052,0.000000,0.000000,-0.000041,-375.302582,-150.629181,-264.234222,-70.950478,True,velocity,0.305444,0.302381,0.000000,0.002273,0.008716,False
21.065912203999687,-0.135694,1.230119,-1.763040,1.373425,-0.309155,-0.407398,-0.491391,0.217497,1.216403,1.724729,1.294640,-0.078960,0.017107,-0.638763,-0.328212,0.706601,-0.001011,-0.626890,0.430232,-0.227431,0.524993,0.461311,-0.557893,-0.027958,0.689323,-0.357367,0.014082,0.526637,-0.328211,0.706601,-0.001010,-0.626890,0.430227,-0.227424,0.524994,0.461309,-0.557894,-0.027958,0.689324,-0.357376,0.014085,0.526628,0.305317,0.141955,0.178581,-0.320833,1,True,True,0.001052,-0.002537,-0.000058,0.000000,0.000000,0.000000,0.000000,0.000000,0.000000,True,0.000000,0.000000,0.000000,0.000000,0.000000,0.000000,-2.965663,-2.936055,-2.956375,-2.951615,-2.965663,-2.936055,-2.956375,-2.951615,0.000000,0.000000,0.000000,0.000000,0.000071,0.000000,0.000000,0.000002,-375.302582,-150.629181,-264.234222,-70.950333,True,velocity,0.305317,0.302381,0.000000,0.001712,0.010657,False
21.09937086700029,-0.136335,1.229747,-1.762978,1.373061,-0.310638,-0.408099,-0.491111,0.218085,1.215698,1.724285,1.295362,-0.078484,0.017004,-0.638678,-0.328228,0.706238,-0.001619,-0.627289,0.430273,-0.227612,0.525069,0.460873,-0.557833,-0.027485,0.689683,-0.357515,0.013946,0.527020,-0.328226,0.706239,-0.001618,-0.627288,0.430261,-0.227604,0.525069,0.460874,-0.557833,-0.027485,0.689683,-0.357517,0.013942,0.527013,0.305203,0.141955,0.178609,-0.320836,1,True,True,0.001049,-0.001707,-0.000174,0.000000,0.000000,0.000000,0.000000,0.000000,0.000000,True,0.000000,0.000000,0.000000,0.000000,0.000000,0.000000,-2.965663,-2.936703,-2.956375,-2.951615,-2.965663,-2.936703,-2.956375,-2.951748,0.000000,0.000000,0.000000,0.000000,0.000000,0.000000,0.000000,-0.000046,-375.302734,-150.629181,-264.234222,-70.950478,True,velocity,0.305203,0.302381,0.000000,0.001285,0.011802,False
21.131768201999876,-0.137011,1.229105,-1.763011,1.372665,-0.312222,-0.409568,-0.490761,0.218620,1.214782,1.723892,1.296235,-0.078494,0.017588,-0.638414,-0.328381,0.705934,-0.002489,-0.627549,0.430422,-0.227835,0.525182,0.460306,-0.557479,-0.027161,0.690360,-0.357700,0.013828,0.527453,-0.328378,0.705935,-0.002487,-0.627548,0.430405,-0.227824,0.525184,0.460307,-0.557479,-0.027160,0.690360,-0.357702,0.013823,0.527445,0.305070,0.141970,0.178623,-0.320839,1,True,True,0.001512,-0.001292,-0.000262,0.000000,0.000000,0.000000,0.000000,0.000000,0.000000,True,0.000000,0.000000,0.000000,0.000000,0.000000,0.000000,-2.965663,-2.936055,-2.956375,-2.951482,-2.965553,-2.936055,-2.956375,-2.951482,0.000000,0.000000,0.000000,0.000000,-0.000054,0.000000,0.000000,-0.000030,-375.302734,-150.629181,-264.234222,-70.950333,True,velocity,0.305070,0.302381,0.000000,0.000969,0.011871,False
21.165779713999655,-0.137591,1.228223,-1.763255,1.372331,-0.313219,-0.411310,-0.490478,0.219236,1.213949,1.723680,1.297059,-0.079031,0.018083,-0.638427,-0.328517,0.705902,-0.003269,-0.627509,0.430715,-0.228056,0.525334,0.459956,-0.556969,-0.026798,0.691020,-0.357912,0.013703,0.527903,-0.328515,0.705903,-0.003267,-0.627509,0.430698,-0.228045,0.525337,0.459956,-0.556969,-0.026798,0.691019,-0.357916,0.013700,0.527894,0.304940,0.141989,0.178631,-0.320836,1,True,True,0.002071,-0.001061,-0.000169,0.000000,0.000000,0.000000,0.000000,0.000000,0.000000,True,0.000000,0.000000,0.000000,0.000000,0.000000,0.000000,-2.965929,-2.936055,-2.956375,-2.951482,-2.965663,-2.936055,-2.956375,-2.951482,0.000000,0.000000,0.000000,0.000000,-0.000071,0.000000,0.000000,0.000000,-375.302734,-150.629181,-264.234222,-70.950333,True,velocity,0.304940,0.302381,0.000000,0.000723,0.030204,False
21.198325010999724,-0.138038,1.227143,-1.764196,1.371908,-0.314326,-0.413549,-0.490164,0.220066,1.213268,1.723753,1.297905,-0.079143,0.018742,-0.638337,-0.328562,0.705868,-0.004004,-0.627520,0.431288,-0.228268,0.525604,0.459430,-0.556752,-0.026311,0.691563,-0.358140,0.013529,0.528516,-0.328559,0.705869,-0.004002,-0.627520,0.431265,-0.228257,0.525607,0.459431,-0.556751,-0.026311,0.691563,-0.358142,0.013525,0.528507,0.304898,0.142016,0.178642,-0.320826,1,True,True,0.002879,-0.000730,0.000133,0.000000,0.000000,0.000000,0.000000,0.000000,0.000000,True,0.000000,0.000000,0.000000,0.000000,0.000000,0.000000,-2.965553,-2.936055,-2.956375,-2.951482,-2.965553,-2.936055,-2.956375,-2.952135,0.000000,0.000000,0.000000,0.000000,0.000054,0.000000,0.000000,0.000049,-375.302582,-150.629181,-264.234222,-70.950333,True,velocity,0.304898,0.302381,0.000000,0.000546,0.031058,False
21.232515485000476,-0.138330,1.225756,-1.766291,1.371216,-0.315749,-0.415951,-0.490365,0.221132,1.212644,1.723754,1.298346,-0.079783,0.018776,-0.638294,-0.328441,0.705765,-0.004221,-0.627697,0.432333,-0.228520,0.526107,0.459191,-0.556362,-0.025641,0.692061,-0.358384,0.013259,0.529296,-0.328437,0.705768,-0.004220,-0.627697,0.432302,-0.228508,0.526105,0.459191,-0.556363,-0.025641,0.692060,-0.358386,0.013264,0.529292,0.305068,0.142057,0.178621,-0.320799,1,True,True,0.004114,-0.001340,0.000937,0.000000,0.000000,0.000000,0.000000,0.000000,0.000000,True,0.000000,0.000000,0.000000,0.000000,0.000000,0.000000,-2.965287,-2.936083,-2.956375,-2.951748,-2.965663,-2.936083,-2.956375,-2.951615,0.000000,0.000000,0.000000,0.000000,0.000071,0.000000,0.000000,0.000027,-375.302582,-150.629181,-264.234222,-70.950333,True,velocity,0.305068,0.302381,0.000000,0.000407,0.000812,False
21.266445737999675,-0.138736,1.223494,-1.769640,1.371005,-0.316507,-0.418736,-0.490261,0.222887,1.211906,1.723603,1.298862,-0.080259,0.018847,-0.638284,-0.327541,0.706225,-0.004481,-0.627649,0.433954,-0.228892,0.527275,0.458711,-0.556050,-0.024738,0.692662,-0.358689,0.012807,0.530584,-0.327538,0.706227,-0.004480,-0.627648,0.433917,-0.228887,0.527273,0.458711,-0.556051,-0.024738,0.692661,-0.358689,0.012816,0.530580,0.305471,0.142097,0.178620,-0.320768,1,True,True,0.005325,-0.001381,0.001891,0.000000,0.000000,0.000000,0.000000,0.000000,0.000000,True,0.000000,0.000000,0.000000,0.000000,0.000000,0.000000,-2.965553,-2.936055,-2.956375,-2.951748,-2.965553,-2.936055,-2.956375,-2.951748,0.000000,0.000000,0.000000,0.000000,0.000000,0.000000,0.000000,-0.000009,-375.302734,-150.629181,-264.234222,-70.950478,True,velocity,0.305471,0.302381,0.000000,0.000304,0.019273,False
21.299398383999687,-0.139279,1.220967,-1.774600,1.371271,-0.317368,-0.420755,-0.490435,0.225471,1.210805,1.723201,1.299080,-0.081046,0.018745,-0.637624,-0.325653,0.706774,-0.004275,-0.628015,0.436015,-0.229375,0.529173,0.457984,-0.555533,-0.023372,0.693605,-0.359221,0.012134,0.532484,-0.325650,0.706777,-0.004276,-0.628013,0.435976,-0.229382,0.529160,0.457984,-0.555534,-0.023373,0.693604,-0.359214,0.012153,0.532490,0.306224,0.142085,0.178613,-0.320721,1,True,True,0.004953,-0.001595,0.003297,0.000000,0.000000,0.000000,0.000000,0.000000,0.000000,True,0.000000,0.000000,0.000000,0.000000,0.000000,0.000000,-2.965929,-2.936083,-2.956375,-2.951615,-2.965929,-2.936083,-2.956375,-2.951615,0.000000,0.000000,0.000000,0.000000,-0.000055,0.000000,0.000000,-0.000030,-375.302734,-150.629181,-264.234222,-70.950333,True,velocity,0.306224,0.302381,0.000000,0.000228,0.020166,False
21.332460919999903,-0.140127,1.217723,-1.781770,1.372885,-0.318764,-0.421485,-0.490687,0.229428,1.209351,1.722937,1.298976,-0.082162,0.017151,-0.635586,-0.321984,0.707536,-0.003810,-0.629050,0.438794,-0.230049,0.532348,0.457003,-0.554952,-0.020440,0.694808,-0.360088,0.011162,0.535352,-0.321981,0.707541,-0.003817,-0.629046,0.438748,-0.230085,0.532268,0.457005,-0.554953,-0.020442,0.694806,-0.360077,0.011190,0.535326,0.307381,0.142066,0.178610,-0.320654,1,True,True,0.004384,-0.001681,0.005304,0.000000,0.000000,0.000000,0.000000,0.000000,0.000000,True,0.000000,0.000000,0.000000,0.000000,0.000000,0.000000,-2.965287,-2.936055,-2.956375,-2.951748,-2.965287,-2.936703,-2.956375,-2.951748,0.000000,0.000000,0.000000,0.000000,-0.000070,0.000000,0.000000,0.000000,-375.302734,-150.629181,-264.234222,-70.950333,True,velocity,0.307381,0.302381,0.009991,0.000172,0.021118,False
21.368058496999765,-0.141557,1.213884,-1.791367,1.376769,-0.318700,-0.423173,-0.490343,0.235083,1.206874,1.722107,1.299105,-0.082543,0.015044,-0.633177,-0.316579,0.709264,-0.004289,-0.629845,0.442189,-0.230995,0.536952,0.455429,-0.554394,-0.016495,0.696390,-0.361217,0.009841,0.539378,-0.316579,0.709264,-0.004289,-0.629844,0.442188,-0.231001,0.536946,0.455430,-0.554395,-0.016495,0.696390,-0.361216,0.009843,0.539380,0.308935,0.142120,0.178637,-0.320571,2,True,True,0.006005,-0.000857,0.007788,0.000000,0.000000,0.000000,0.000000,0.000000,0.000000,True,0.000000,0.000000,0.000000,0.000000,0.000000,0.000000,-2.965287,-2.936083,-2.956375,-2.951748,-2.965287,-2.936083,-2.956375,-2.951615,0.000000,0.000000,0.000000,0.000000,0.000071,0.000000,0.000000,0.000030,-375.302582,-150.629181,-264.234222,-70.950333,True,velocity,0.308935,0.302381,0.013102,0.000127,0.008769,False
21.401219977000437,-0.143362,1.209075,-1.800549,1.381001,-0.317187,-0.424867,-0.489348,0.240997,1.204113,1.720983,1.300311,-0.081703,0.014608,-0.631225,-0.310758,0.711854,-0.005071,-0.629815,0.445676,-0.232073,0.542112,0.453033,-0.554172,-0.012984,0.698202,-0.362344,0.008408,0.543936,-0.310758,0.711855,-0.005071,-0.629815,0.445676,-0.232081,0.542105,0.453033,-0.554172,-0.012984,0.698202,-0.362345,0.008408,0.543935,0.310596,0.142112,0.178664,-0.320586,2,True,True,0.005779,-0.000045,0.007342,0.000000,0.000000,0.000000,0.000000,0.000000,0.000000,True,0.000000,0.000000,0.000000,0.000000,0.000000,0.000000,-2.965929,-2.936703,-2.956375,-2.951229,-2.965929,-2.936732,-2.956375,-2.951229,0.000000,0.000000,0.000000,0.000000,0.000058,0.000000,0.000000,0.000030,-375.302734,-150.629181,-264.234222,-70.950333,True,velocity,0.310596,0.302391,0.016401,0.000170,0.009566,False
21.43548180200014,-0.146223,1.202781,-1.811900,1.385671,-0.316774,-0.425425,-0.488771,0.248111,1.200685,1.719732,1.302508,-0.080531,0.014450,-0.627072,-0.303149,0.714623,-0.005438,-0.630385,0.450124,-0.233565,0.548726,0.449177,-0.553923,-0.008144,0.700958,-0.363674,0.006595,0.549856,-0.303148,0.714623,-0.005438,-0.630385,0.450124,-0.233576,0.548389,0.449177,-0.553923,-0.008143,0.700958,-0.363676,0.006593,0.549527,0.312412,0.142100,0.178662,-0.320547,2,True,True,0.005408,-0.000108,0.008504,0.000000,0.000000,0.000000,0.000000,0.000000,0.000000,True,0.000000,0.000000,0.000000,0.000000,0.000000,0.000000,-2.965287,-2.936083,-2.956375,-2.951748,-2.965287,-2.936083,-2.956375,-2.951748,0.000000,0.000000,0.000000,0.000000,0.000000,0.000000,0.000000,0.000000,-375.302734,-150.629181,-264.234222,-70.950333,True,velocity,0.312412,0.302412,0.019986,0.000283,0.012275,False
21.470503456999722,-0.149815,1.196796,-1.823086,1.390307,-0.316135,-0.425203,-0.489917,0.255051,1.197119,1.717841,1.305218,-0.079093,0.013941,-0.622630,-0.295686,0.717347,-0.005212,-0.630837,0.454370,-0.235158,0.555441,0.445028,-0.553603,-0.003199,0.703892,-0.364844,0.004776,0.555822,-0.295685,0.717347,-0.005212,-0.630837,0.454370,-0.235161,0.555438,0.445028,-0.553603,-0.003199,0.703892,-0.364846,0.004775,0.555820,0.314851,0.142087,0.178658,-0.320549,3,True,True,0.005016,-0.000239,0.008452,0.000000,0.000000,0.000000,0.000000,0.000000,0.000000,True,0.000000,0.000000,0.000000,0.000000,0.000000,0.000000,-2.965663,-2.936083,-2.956375,-2.951748,-2.965663,-2.936083,-2.956375,-2.951748,0.000000,0.000000,0.000000,0.000000,-0.000071,0.000000,0.000000,0.000000,-375.302734,-150.629181,-264.234222,-70.950333,True,velocity,0.314851,0.302447,0.024784,0.000469,0.014697,False
21.50491437399978,-0.153445,1.190920,-1.832107,1.395070,-0.317375,-0.425333,-0.489775,0.261430,1.194033,1.715882,1.308611,-0.078032,0.014051,-0.619535,-0.288803,0.719490,-0.006418,-0.631574,0.457912,-0.236632,0.561671,0.441102,-0.553198,0.001013,0.706682,-0.365698,0.003093,0.561251,-0.288803,0.719490,-0.006418,-0.631574,0.457912,-0.236637,0.561665,0.441102,-0.553198,0.001013,0.706683,-0.365700,0.003090,0.561247,0.316553,0.142093,0.178676,-0.320601,3,True,True,0.005204,0.000302,0.006886,0.000000,0.000000,0.000000,0.000000,0.000000,0.000000,True,0.000000,0.000000,0.000000,0.000000,0.000000,0.000000,-2.965663,-2.936083,-2.956375,-2.957490,-2.965663,-2.936083,-2.956375,-2.957490,0.000000,0.000000,0.000000,0.000000,-0.000003,0.000000,0.000000,0.000000,-375.302582,-150.629181,-264.234222,-70.950333,True,velocity,0.316553,0.302537,0.027981,0.001018,0.000692,False
21.537433170999975,-0.157415,1.184936,-1.840222,1.399442,-0.320507,-0.425110,-0.490158,0.267391,1.191340,1.713644,1.312578,-0.077025,0.014665,-0.616094,-0.282321,0.721023,-0.007772,-0.632740,0.461210,-0.238133,0.567939,0.436723,-0.552798,0.004941,0.709692,-0.366260,0.001376,0.566676,-0.282321,0.721023,-0.007773,-0.632740,0.461211,-0.238138,0.567146,0.436723,-0.552798,0.004942,0.709692,-0.366264,0.001372,0.565885,0.317537,0.142082,0.178677,-0.320627,3,True,True,0.004873,0.000333,0.006106,0.000000,0.000000,0.000000,0.000000,0.000000,0.000000,True,0.000000,0.000000,0.000000,0.000000,0.000000,0.000000,-2.965929,-2.936083,-2.956375,-2.952135,-2.965929,-2.936083,-2.956375,-2.951615,0.000000,0.000000,0.000000,0.000000,-0.000039,0.000000,0.000000,-0.000039,-375.302887,-150.629181,-264.234222,-70.950478,True,velocity,0.317537,0.302603,0.029805,0.001267,0.001111,False
21.573374118000174,-0.161773,1.178745,-1.848030,1.403814,-0.325772,-0.422045,-0.491505,0.273147,1.189018,1.710610,1.317639,-0.074719,0.015051,-0.611598,-0.275241,0.721872,-0.008369,-0.634880,0.464454,-0.239682,0.574805,0.431243,-0.552920,0.009109,0.712900,-0.366425,-0.000513,0.572659,-0.275241,0.721872,-0.008369,-0.634880,0.464455,-0.239685,0.574801,0.431243,-0.552920,0.009109,0.712900,-0.366427,-0.000515,0.572656,0.320530,0.142025,0.178691,-0.320633,4,True,True,0.003154,0.000752,0.005938,0.000000,0.000000,0.000000,0.000000,0.000000,0.000000,True,0.000000,0.000000,0.000000,0.000000,0.000000,0.000000,-2.965287,-2.936083,-2.956530,-2.951748,-2.965663,-2.936083,-2.956375,-2.951748,0.000000,0.000000,0.000000,0.000000,-0.000008,0.000000,0.000000,-0.000008,-375.302734,-150.629181,-264.234222,-70.950333,True,velocity,0.320530,0.302672,0.035644,0.001439,0.006023,False
21.60601545100053,-0.165323,1.174137,-1.852615,1.408217,-0.331471,-0.418540,-0.492457,0.277513,1.187487,1.707642,1.323681,-0.071689,0.014864,-0.608882,-0.269756,0.722085,-0.009594,-0.636972,0.466406,-0.240805,0.580155,0.426319,-0.553516,0.012645,0.715340,-0.366078,-0.002038,0.577561,-0.269756,0.722085,-0.009594,-0.636972,0.466407,-0.240809,0.580149,0.426319,-0.553516,0.012645,0.715340,-0.366081,-0.002041,0.577556,0.322062,0.142026,0.178766,-0.320710,4,True,True,0.003199,0.002998,0.003623,0.000000,0.000000,0.000000,0.000000,0.000000,0.000000,True,0.000000,0.000000,0.000000,0.000000,0.000000,0.000000,-2.965663,-2.936083,-2.956375,-2.951615,-2.965663,-2.936083,-2.956375,-2.951615,0.000000,0.000000,0.000000,0.000000,-0.000017,0.000000,0.000000,0.000014,-375.302460,-150.629181,-264.234222,-70.950195,True,velocity,0.322062,0.302753,0.038532,0.001699,0.021858,False
21.63983627900052,-0.168338,1.170458,-1.855395,1.413223,-0.335866,-0.413389,-0.492212,0.281068,1.186678,1.703965,1.331320,-0.067095,0.014554,-0.607856,-0.264247,0.722437,-0.010957,-0.638857,0.467630,-0.241688,0.584865,0.421133,-0.554856,0.015473,0.717317,-0.365082,-0.003605,0.582066,-0.264246,0.722438,-0.010958,-0.638857,0.467631,-0.241693,0.584400,0.421132,-0.554856,0.015473,0.717317,-0.365085,-0.003609,0.581603,0.322834,0.142033,0.178848,-0.320754,4,True,True,0.003397,0.005449,0.002287,0.000000,0.000000,0.000000,0.000000,0.000000,0.000000,True,0.000000,0.000000,0.000000,0.000000,0.000000,0.000000,-2.965929,-2.936083,-2.956530,-2.951748,-2.965929,-2.936083,-2.956530,-2.951748,0.000000,0.000000,0.000000,0.000000,0.000389,0.000000,0.000000,0.000190,-375.301910,-150.629181,-264.234222,-70.949913,True,velocity,0.322834,0.302834,0.039906,0.001873,0.024576,False
21.675574171000335,-0.170609,1.168033,-1.855767,1.417699,-0.340915,-0.407200,-0.493079,0.283355,1.186454,1.699429,1.339196,-0.062735,0.014373,-0.607349,-0.260364,0.722093,-0.011782,-0.640822,0.467888,-0.242345,0.588294,0.416100,-0.556087,0.017224,0.719258,-0.363610,-0.005106,0.585600,-0.260364,0.722093,-0.011782,-0.640822,0.467888,-0.242347,0.588292,0.416100,-0.556087,0.017224,0.719258,-0.363611,-0.005106,0.585599,0.324154,0.141988,0.178872,-0.320796,5,True,True,0.002045,0.006170,0.001040,0.000000,0.000000,0.000000,0.000000,0.000000,0.000000,True,0.000000,0.000000,0.000000,0.000000,0.000000,0.000000,-2.965287,-2.936083,-2.956375,-2.951615,-2.965287,-2.936083,-2.956375,-2.951615,0.000000,0.000000,0.000000,0.000000,0.000467,0.000000,0.000000,0.000255,-375.301758,-150.629181,-264.234222,-70.949776,True,velocity,0.324154,0.303022,0.042126,0.002764,0.012194,False
21.709303757999805,-0.172613,1.166702,-1.854539,1.421368,-0.346828,-0.403260,-0.495333,0.285307,1.186862,1.694761,1.346097,-0.058155,0.014634,-0.607687,-0.258793,0.721117,-0.012998,-0.642532,0.467469,-0.242878,0.590476,0.411489,-0.557607,0.017938,0.720714,-0.361871,-0.006646,0.588062,-0.258793,0.721117,-0.012998,-0.642532,0.467470,-0.242879,0.590474,0.411489,-0.557607,0.017938,0.720714,-0.361872,-0.006647,0.588061,0.324492,0.141999,0.178833,-0.320813,5,True,True,0.002387,0.004998,0.000517,0.000000,0.000000,0.000000,0.000000,0.000000,0.000000,True,0.000000,0.000000,0.000000,0.000000,0.000000,0.000000,-2.965287,-2.936055,-2.956064,-2.951615,-2.965287,-2.936732,-2.956220,-2.958143,0.000000,0.000000,0.000000,0.000000,0.000120,0.000000,0.000000,0.000145,-375.302887,-150.629181,-264.234222,-70.950333,True,velocity,0.324492,0.303128,0.042584,0.002856,0.014156,False
21.745930922999833,-0.174094,1.165883,-1.852934,1.424767,-0.351957,-0.400268,-0.498867,0.287339,1.187663,1.689472,1.351686,-0.054930,0.014409,-0.608860,-0.258390,0.720216,-0.013749,-0.643688,0.466869,-0.243223,0.591680,0.407726,-0.558684,0.017973,0.722017,-0.360002,-0.008292,0.589516,-0.258389,0.720216,-0.013749,-0.643688,0.466870,-0.243224,0.591678,0.407726,-0.558684,0.017973,0.722017,-0.360003,-0.008293,0.589515,0.324293,0.142009,0.178781,-0.320786,5,True,True,0.002669,0.003456,0.001335,0.000000,0.000000,0.000000,0.000000,0.000000,0.000000,True,0.000000,0.000000,0.000000,0.000000,0.000000,0.000000,-2.965287,-2.936703,-2.956706,-2.951615,-2.965287,-2.936083,-2.956706,-2.951615,0.000000,0.000000,0.000000,0.000000,-0.000619,0.000000,-0.000139,-0.000315,-375.303436,-150.629181,-264.234528,-70.950890,True,velocity,0.324293,0.303241,0.041959,0.002917,0.018972,False
21.780543173000297,-0.175049,1.165592,-1.851737,1.427323,-0.356808,-0.397670,-0.503916,0.289755,1.188997,1.683849,1.354626,-0.052111,0.014257,-0.610921,-0.258896,0.719101,-0.013473,-0.644736,0.466299,-0.243445,0.592072,0.404970,-0.559822,0.016870,0.722713,-0.358206,-0.010099,0.589941,-0.258896,0.719101,-0.013473,-0.644736,0.466300,-0.243450,0.591638,0.404970,-0.559822,0.016870,0.722713,-0.358210,-0.010102,0.589507,0.323378,0.141962,0.178679,-0.320736,4,True,True,0.001255,0.000398,0.002853,0.000000,0.000000,0.000000,0.000000,0.000000,0.000000,True,0.000000,0.000000,0.000000,0.000000,0.000000,0.000000,-2.965553,-2.936732,-2.956220,-2.951482,-2.965553,-2.936113,-2.956706,-2.951482,0.000000,0.000000,0.000000,0.000000,-0.000793,0.000000,-0.000052,-0.000483,-375.303162,-150.629181,-264.234222,-70.950752,True,velocity,0.323378,0.303566,0.039395,0.004588,0.001829,False
21.815003589999833,-0.175517,1.165137,-1.851036,1.430083,-0.360585,-0.395347,-0.508447,0.293002,1.189696,1.678583,1.355656,-0.050785,0.012833,-0.614426,-0.259185,0.718385,-0.013106,-0.645425,0.465971,-0.243540,0.591858,0.403904,-0.560288,0.015938,0.722969,-0.356953,-0.011800,0.589683,-0.259185,0.718385,-0.013106,-0.645425,0.465971,-0.243544,0.591852,0.403904,-0.560288,0.015938,0.722969,-0.356956,-0.011803,0.589678,0.322739,0.141950,0.178601,-0.320697,4,True,True,0.000906,-0.001934,0.004009,0.000000,0.000000,0.000000,0.000000,0.000000,0.000000,True,0.000000,0.000000,0.000000,0.000000,0.000000,0.000000,-2.965287,-2.936113,-2.956375,-2.951748,-2.965287,-2.936083,-2.956375,-2.951748,0.000000,0.000000,0.000000,0.000000,-0.000332,0.000000,0.000018,-0.000287,-375.302734,-150.629181,-264.234222,-70.950478,True,velocity,0.322739,0.303809,0.037599,0.005235,0.005558,False
21.842725448000238,-0.175268,1.164818,-1.851361,1.432729,-0.364755,-0.393348,-0.510763,0.297525,1.190437,1.672506,1.355507,-0.050267,0.009828,-0.619493,-0.258754,0.717418,-0.013238,-0.646670,0.466012,-0.243508,0.591034,0.403788,-0.560516,0.015093,0.722876,-0.355673,-0.013876,0.588989,-0.258754,0.717418,-0.013238,-0.646670,0.466012,-0.243511,0.591030,0.403788,-0.560516,0.015093,0.722876,-0.355675,-0.013878,0.588986,0.321189,0.142017,0.178486,-0.320636,4,True,True,0.002922,-0.005389,0.005849,0.000000,0.000000,0.000000,0.000000,0.000000,0.000000,True,0.000000,0.000000,0.000000,0.000000,0.000000,0.000000,-2.965663,-2.936732,-2.956064,-2.951615,-2.965929,-2.936732,-2.956064,-2.951615,0.000000,0.000000,0.000000,0.000000,0.000374,0.000000,0.000139,0.000182,-375.302307,-150.629181,-264.234222,-70.950058,True,velocity,0.321189,0.304087,0.033892,0.006250,0.003325,False
21.872746609999922,-0.175377,1.164021,-1.852590,1.432877,-0.367428,-0.392048,-0.514980,0.302493,1.191468,1.666332,1.354309,-0.050635,0.006774,-0.624134,-0.259124,0.716770,-0.011560,-0.647273,0.466617,-0.243702,0.589760,0.403874,-0.560513,0.014224,0.722848,-0.354464,-0.016094,0.588154,-0.259124,0.716770,-0.011561,-0.647273,0.466618,-0.243707,0.589189,0.403873,-0.560513,0.014225,0.722848,-0.354467,-0.016098,0.587585,0.319087,0.142048,0.178327,-0.320625,3,True,True,0.003838,-0.010175,0.006178,0.000000,0.000000,0.000000,0.000000,0.000000,0.000000,True,0.000000,0.000000,0.000000,0.000000,0.000000,0.000000,-2.965663,-2.936083,-2.956862,-2.951615,-2.965287,-2.936703,-2.956862,-2.951615,0.000000,0.000000,0.000000,0.000000,0.000422,0.000000,0.000052,0.000273,-375.302887,-150.629181,-264.234222,-70.950478,True,velocity,0.319087,0.304372,0.029080,0.007001,0.000880,False
21.908163115000207,-0.175560,1.162828,-1.854943,1.431234,-0.371133,-0.391938,-0.520222,0.308675,1.192671,1.658913,1.351591,-0.051077,0.001997,-0.628547,-0.260090,0.715692,-0.009143,-0.648117,0.467847,-0.244015,0.588298,0.404182,-0.560549,0.013664,0.722659,-0.353128,-0.018819,0.587360,-0.260089,0.715692,-0.009143,-0.648116,0.467847,-0.244018,0.588292,0.404182,-0.560549,0.013664,0.722659,-0.353130,-0.018821,0.587356,0.318232,0.142125,0.178108,-0.320563,3,True,True,0.006169,-0.016734,0.008039,0.000000,0.000000,0.000000,0.000000,0.000000,0.000000,True,0.000000,0.000000,0.000000,0.000000,0.000000,0.000000,-2.965287,-2.936703,-2.956220,-2.951615,-2.965287,-2.936703,-2.956220,-2.951615,0.000000,0.000000,0.000000,0.000000,0.000080,0.000000,0.000000,0.000084,-375.302887,-150.629181,-264.234222,-70.950478,True,velocity,0.318232,0.304644,0.026815,0.007204,0.020676,False
21.93841314600013,-0.176790,1.160858,-1.857270,1.429334,-0.372969,-0.393275,-0.524197,0.315417,1.193323,1.651472,1.349658,-0.051518,-0.003017,-0.633067,-0.260621,0.715525,-0.007577,-0.648108,0.469184,-0.244516,0.587078,0.404290,-0.560403,0.013748,0.722710,-0.351960,-0.021409,0.586892,-0.260621,0.715525,-0.007577,-0.648108,0.469185,-0.244518,0.587076,0.404290,-0.560403,0.013747,0.722710,-0.351961,-0.021410,0.586890,0.316605,0.142195,0.178034,-0.320587,3,True,True,0.008243,-0.018958,0.007295,0.000000,0.000000,0.000000,0.000000,0.000000,0.000000,True,0.000000,0.000000,0.000000,0.000000,0.000000,0.000000,-2.965663,-2.936732,-2.956551,-2.951615,-2.965663,-2.936732,-2.956551,-2.951615,0.000000,0.000000,0.000000,0.000000,-0.000218,0.000000,0.000000,-0.000085,-375.302887,-150.629181,-264.234222,-70.950333,True,velocity,0.316605,0.304966,0.022880,0.007971,0.019462,False
21.971688290999737,-0.178999,1.157881,-1.860199,1.425984,-0.376210,-0.396947,-0.527350,0.323913,1.194918,1.643549,1.347681,-0.053079,-0.009426,-0.637687,-0.261238,0.715155,-0.006907,-0.648275,0.471070,-0.245459,0.585780,0.404188,-0.560293,0.014802,0.722831,-0.350465,-0.024754,0.586612,-0.261237,0.715156,-0.006907,-0.648275,0.471069,-0.245459,0.585774,0.404188,-0.560293,0.014802,0.722831,-0.350466,-0.024750,0.586608,0.314660,0.142346,0.177820,-0.320570,2,True,True,0.012793,-0.025367,0.007828,0.000000,0.000000,0.000000,0.000000,0.000000,0.000000,True,0.000000,0.000000,0.000000,0.000000,0.000000,0.000000,-2.965553,-2.936055,-2.956220,-2.951615,-2.965553,-2.936083,-2.956220,-2.951615,0.000000,0.000000,0.000000,0.000000,-0.000013,0.000000,0.000000,-0.000028,-375.302460,-150.629181,-264.234222,-70.950195,True,velocity,0.314660,0.305241,0.018434,0.008084,0.020109,False
22.005767173000095,-0.182865,1.154147,-1.863182,1.420118,-0.379555,-0.401910,-0.530957,0.333361,1.196587,1.634180,1.345256,-0.053987,-0.017861,-0.643242,-0.262266,0.714754,-0.006018,-0.648311,0.473259,-0.246992,0.584594,0.404367,-0.560451,0.016113,0.722580,-0.348773,-0.028538,0.586553,-0.262265,0.714754,-0.006018,-0.648311,0.473257,-0.246986,0.584591,0.404367,-0.560451,0.016113,0.722580,-0.348773,-0.028532,0.586550,0.312824,0.142481,0.177515,-0.320575,2,True,True,0.016823,-0.034516,0.007676,0.000000,0.000000,0.000000,0.000000,0.000000,0.000000,True,0.000000,0.000000,0.000000,0.000000,0.000000,0.000000,-2.965553,-2.936055,-2.956375,-2.951615,-2.965553,-2.936732,-2.956375,-2.951615,0.000000,0.000000,0.000000,0.000000,0.000248,0.000000,0.000000,0.000141,-375.302460,-150.629181,-264.234222,-70.950195,True,velocity,0.312824,0.305888,0.013331,0.010804,0.004255,False
22.03665621900018,-0.188756,1.148892,-1.865630,1.412292,-0.383768,-0.407898,-0.533723,0.344244,1.200175,1.624806,1.343347,-0.058242,-0.027166,-0.649466,-0.263116,0.714429,-0.005827,-0.648326,0.475829,-0.249273,0.583661,0.404627,-0.560127,0.018234,0.722635,-0.346537,-0.033022,0.586784,-0.263091,0.714429,-0.005827,-0.648337,0.475742,-0.249095,0.583686,0.404598,-0.560134,0.018249,0.722646,-0.346577,-0.032838,0.586786,0.310818,0.142618,0.177255,-0.320619,1,True,True,0.020931,-0.042331,0.006337,0.042972,0.019582,0.000000,0.042972,0.019582,0.000000,True,0.000000,0.000000,0.000000,0.000000,0.000000,0.000000,-2.965663,-2.936732,-2.956220,-2.951748,-2.965663,-2.936055,-2.956064,-2.951748,0.000000,0.000000,0.000000,0.000000,0.000270,0.000000,0.000000,0.000113,-375.302185,-150.629181,-264.234222,-70.950195,True,velocity,0.310818,0.306206,0.000000,0.010721,0.005001,False
22.0670478789998,-0.193358,1.144256,-1.868384,1.405983,-0.386767,-0.414241,-0.534327,0.351878,1.202397,1.616206,1.344111,-0.060569,-0.035771,-0.654411,-0.263344,0.714454,-0.006501,-0.648200,0.478269,-0.251898,0.583113,0.404244,-0.559894,0.020358,0.722974,-0.344262,-0.037185,0.587261,-0.263327,0.714452,-0.006498,-0.648209,0.478187,-0.251781,0.583147,0.404222,-0.559906,0.020366,0.722976,-0.344328,-0.037090,0.587238,0.309215,0.142866,0.176039,-0.320677,1,True,True,0.023351,-0.031851,0.004598,0.000000,0.000000,0.000000,0.000000,0.000000,0.000000,True,0.042972,0.019582,0.000000,0.031193,0.019548,0.000000,-2.581790,-2.581790,-2.581790,-2.581790,-2.965663,-2.936055,-2.956220,-2.951615,-0.034133,-0.034526,-0.034261,-0.034321,0.000477,0.000000,-0.000001,0.000113,-375.302734,-150.629181,-264.234375,-70.950195,True,velocity,0.309215,0.306569,0.000000,0.010962,0.004220,False
22.100918705999902,-0.202943,1.137609,-1.870629,1.394521,-0.390635,-0.421693,-0.535939,0.362466,1.205595,1.604812,1.344660,-0.063529,-0.045563,-0.661133,-0.263613,0.714327,-0.006877,-0.648227,0.481260,-0.255612,0.582605,0.403399,-0.559688,0.022472,0.723543,-0.341362,-0.042116,0.587861,-0.263580,0.714320,-0.006872,-0.648248,0.481154,-0.255321,0.582675,0.403368,-0.559700,0.022489,0.723550,-0.341424,-0.041928,0.587833,0.307050,0.143054,0.175357,-0.320727,1,True,True,0.028992,-0.052325,0.003114,0.042785,0.025874,0.000000,0.042785,0.025874,0.000000,True,0.000000,0.000000,0.000000,0.016444,0.000000,0.000000,-3.141593,-3.141593,-3.141593,-3.141593,-2.910491,-2.936055,-2.919607,-2.902799,-0.016007,-0.016098,-0.016041,-0.015978,-0.009063,0.000000,-0.006587,-0.009956,-375.339294,-150.629181,-264.263123,-70.988976,True,velocity,0.307050,0.306912,0.000000,0.010752,0.021968,False
22.13398566700016,-0.213344,1.130526,-1.872990,1.382283,-0.394937,-0.429263,-0.536982,0.371855,1.208438,1.593016,1.346581,-0.066088,-0.055270,-0.666694,-0.263467,0.714083,-0.007489,-0.648548,0.484698,-0.260299,0.582272,0.401837,-0.559356,0.024735,0.724594,-0.337929,-0.047587,0.588367,-0.263433,0.714073,-0.007485,-0.648573,0.484589,-0.260020,0.582349,0.401808,-0.559372,0.024749,0.724597,-0.338006,-0.047443,0.588334,0.304795,0.143516,0.173716,-0.320775,1,True,True,0.031787,-0.052780,0.001659,0.048665,0.037787,0.000000,0.048665,0.037787,0.000000,True,0.042785,0.025874,0.000000,0.010082,0.025561,0.000000,-1.946485,-1.946485,-1.946485,-1.946485,-2.928724,-2.936055,-2.931811,-2.920937,-0.015254,-0.015086,-0.015330,-0.015432,-0.019824,0.000000,-0.016973,-0.021097,-375.341370,-150.629181,-264.267731,-70.993446,True,velocity,0.304795,0.307219,0.000000,0.010385,0.023149,False
22.16793008700006,-0.223260,1.124147,-1.874512,1.371528,-0.398680,-0.436423,-0.536764,0.379768,1.210704,1.581993,1.347968,-0.068366,-0.064690,-0.672476,-0.263011,0.713974,-0.008951,-0.648835,0.487771,-0.264957,0.582195,0.401069,-0.558916,0.026441,0.725298,-0.334634,-0.052710,0.588461,-0.262983,0.713968,-0.008943,-0.648853,0.487679,-0.264700,0.582266,0.401044,-0.558930,0.026453,0.725301,-0.334701,-0.052581,0.588429,0.302701,0.144144,0.171882,-0.320806,1,True,True,0.030123,-0.049707,0.000745,0.041459,0.040734,0.000000,0.041459,0.040734,0.000000,True,0.048665,0.037787,0.000000,0.048665,0.037787,0.000000,-2.481354,-2.481354,-2.481354,-2.481354,-2.928724,-2.936055,-2.931811,-2.920937,-0.055549,-0.055352,-0.055467,-0.055755,-0.024010,-0.002274,-0.019335,-0.025812,-375.371521,-150.647873,-264.289337,-71.020927,True,velocity,0.302701,0.307450,0.000000,0.009482,0.025055,False
22.203568331000497,-0.235695,1.117067,-1.875112,1.359020,-0.403021,-0.444789,-0.535622,0.388352,1.210585,1.566801,1.349308,-0.066942,-0.073409,-0.677813,-0.262363,0.713791,-0.011494,-0.649258,0.491002,-0.270330,0.582086,0.398874,-0.558427,0.026860,0.726868,-0.330866,-0.058302,0.588106,-0.262363,0.713791,-0.011494,-0.649258,0.490996,-0.270302,0.582097,0.398876,-0.558428,0.026858,0.726867,-0.330868,-0.058297,0.588100,0.300000,0.145052,0.169747,-0.320818,2,True,True,0.031779,-0.061557,0.000369,0.048394,0.049570,0.000000,0.048394,0.049570,0.000000,True,0.041459,0.040734,0.000000,0.041459,0.040734,0.000000,-2.365020,-2.365020,-2.365020,-2.365020,-2.732434,-2.936055,-2.931811,-2.816794,-0.054243,-0.048900,-0.049033,-0.052291,-0.036140,-0.033988,-0.031925,-0.038715,-375.411560,-150.738419,-264.335663,-71.064453,True,velocity,0.300000,0.307662,-0.015752,0.008555,0.012707,False
22.23685729099998,-0.248355,1.109469,-1.875037,1.346393,-0.408794,-0.453231,-0.534718,0.397825,1.211738,1.553415,1.347808,-0.067709,-0.078614,-0.681631,-0.261958,0.713348,-0.014340,-0.649851,0.494266,-0.276028,0.581821,0.396637,-0.557506,0.026406,0.728814,-0.327392,-0.064261,0.587126,-0.261958,0.713348,-0.014340,-0.649851,0.494260,-0.275999,0.582457,0.396638,-0.557506,0.026405,0.728813,-0.327389,-0.064251,0.587749,0.297669,0.145907,0.167541,-0.320807,2,True,True,0.025639,-0.066197,0.000714,0.054734,0.045206,0.000000,0.054734,0.045206,0.000000,True,0.048394,0.049570,0.000000,0.048394,0.049570,0.000000,-2.344194,-2.344194,-2.344194,-2.344194,-2.652892,-2.936055,-2.698649,-2.712716,-0.066001,-0.057492,-0.063701,-0.065779,-0.053334,-0.045483,-0.043029,-0.055762,-375.465271,-150.774002,-264.370117,-71.124718,True,velocity,0.297669,0.307669,-0.020324,0.006475,0.013954,False
22.274843967999914,-0.259460,1.102603,-1.873975,1.334305,-0.412324,-0.460936,-0.534454,0.406461,1.212228,1.541769,1.344368,-0.069618,-0.084377,-0.684794,-0.262380,0.713418,-0.016145,-0.649562,0.497040,-0.281278,0.581228,0.395875,-0.556031,0.026331,0.730356,-0.324852,-0.069631,0.585889,-0.262380,0.713417,-0.016145,-0.649563,0.497039,-0.281273,0.581233,0.395875,-0.556031,0.026330,0.730356,-0.324850,-0.069628,0.585892,0.294409,0.146624,0.165337,-0.320815,3,True,True,0.021512,-0.066123,0.000461,0.055966,0.041266,0.000000,0.055966,0.041266,0.000000,True,0.054734,0.045206,0.000000,0.054734,0.045206,0.000000,-2.451240,-2.451240,-2.451240,-2.451240,-2.579428,-2.936055,-2.864222,-2.590003,-0.070406,-0.062808,-0.065020,-0.070306,-0.066673,-0.059026,-0.054507,-0.069611,-375.497498,-150.811386,-264.404144,-71.153877,True,velocity,0.294409,0.307669,-0.026754,0.004688,0.019811,False
22.31054147099985,-0.271635,1.095571,-1.871934,1.321078,-0.412849,-0.470061,-0.533212,0.416604,1.213408,1.531138,1.339976,-0.072399,-0.089117,-0.689373,-0.263077,0.714440,-0.018190,-0.648101,0.499681,-0.287113,0.580441,0.395568,-0.554612,0.026156,0.731606,-0.322527,-0.075553,0.584780,-0.263077,0.714440,-0.018190,-0.648101,0.499681,-0.287111,0.580443,0.395568,-0.554612,0.026156,0.731606,-0.322526,-0.075552,0.584781,0.291553,0.147348,0.162833,-0.320868,4,True,True,0.021742,-0.075113,-0.001112,0.064424,0.044319,0.000000,0.064424,0.044319,0.000000,True,0.055966,0.041266,0.000000,0.055966,0.041266,0.000000,-2.506234,-2.506234,-2.506234,-2.506234,-2.554747,-2.568889,-2.576491,-2.565199,-0.069453,-0.069398,-0.069363,-0.069414,-0.058385,-0.049670,-0.049282,-0.058247,-375.530823,-150.843750,-264.432465,-71.191689,True,velocity,0.291553,0.307656,-0.032375,0.003361,0.006385,False
22.342443845999696,-0.283454,1.089181,-1.869805,1.306539,-0.414907,-0.479661,-0.532739,0.426143,1.215040,1.522589,1.334152,-0.074939,-0.093484,-0.691930,-0.264722,0.714566,-0.019828,-0.647244,0.502202,-0.292937,0.579917,0.395387,-0.553634,0.026374,0.732437,-0.320704,-0.081324,0.584111,-0.264722,0.714566,-0.019827,-0.647244,0.502201,-0.292933,0.579922,0.395387,-0.553634,0.026374,0.732437,-0.320702,-0.081322,0.584114,0.289564,0.148000,0.160212,-0.320891,4,True,True,0.019533,-0.078630,-0.001808,0.068458,0.043332,0.000000,0.068458,0.043332,0.000000,True,0.064424,0.044319,0.000000,0.064424,0.044319,0.000000,-2.539007,-2.539007,-2.539007,-2.539007,-2.548333,-2.550075,-2.570069,-2.559498,-0.078193,-0.078191,-0.078158,-0.078180,-0.050708,-0.047257,-0.047434,-0.050041,-375.562927,-150.868866,-264.465393,-71.220009,True,velocity,0.289564,0.307634,-0.036259,0.002381,0.007020,False
22.37626967400047,-0.295716,1.082888,-1.866980,1.291822,-0.416094,-0.488429,-0.531933,0.436660,1.216485,1.514845,1.326684,-0.077113,-0.098717,-0.694034,-0.266138,0.714892,-0.021269,-0.646257,0.504462,-0.299118,0.579476,0.395693,-0.552920,0.027283,0.732777,-0.319497,-0.087445,0.583567,-0.266139,0.714892,-0.021268,-0.646257,0.504461,-0.299112,0.579515,0.395693,-0.552920,0.027283,0.732777,-0.319494,-0.087441,0.583604,0.287634,0.148538,0.157309,-0.320898,4,True,True,0.016161,-0.087074,-0.002025,0.077534,0.042795,0.000000,0.077534,0.042795,0.000000,True,0.068458,0.043332,0.000000,0.068458,0.043332,0.000000,-2.577278,-2.577278,-2.577278,-2.577278,-2.548974,-2.544166,-2.563761,-2.559498,-0.080987,-0.080975,-0.081012,-0.081007,-0.053005,-0.055215,-0.055672,-0.050575,-375.606720,-150.930099,-264.523590,-71.260460,True,velocity,0.287634,0.307603,-0.040015,0.001547,0.008305,False
22.41213956499996,-0.306573,1.077575,-1.863948,1.279241,-0.414358,-0.496637,-0.529477,0.446597,1.217434,1.507971,1.318513,-0.078561,-0.103966,-0.696341,-0.267057,0.716049,-0.022981,-0.644535,0.506210,-0.304810,0.579302,0.396655,-0.552373,0.028027,0.732642,-0.318788,-0.093175,0.583128,-0.267057,0.716049,-0.022981,-0.644535,0.506210,-0.304808,0.579305,0.396655,-0.552373,0.028027,0.732642,-0.318787,-0.093174,0.583129,0.286018,0.148970,0.154477,-0.320886,5,True,True,0.012961,-0.084970,-0.001666,0.076547,0.039095,0.000000,0.076547,0.039095,0.000000,True,0.077534,0.042795,0.000000,0.077534,0.042795,0.000000,-2.637250,-2.637250,-2.637250,-2.637250,-2.542227,-2.550144,-2.564519,-2.559498,-0.088161,-0.088178,-0.088327,-0.088293,-0.064967,-0.072357,-0.070467,-0.060447,-375.672852,-150.997208,-264.589996,-71.319473,True,velocity,0.286018,0.307566,-0.043140,0.000866,0.010891,False
22.44496304600034,-0.319134,1.071554,-1.860478,1.263761,-0.413702,-0.503398,-0.528749,0.458078,1.218924,1.500324,1.308095,-0.080226,-0.107710,-0.696569,-0.268183,0.716649,-0.023148,-0.643395,0.508160,-0.311528,0.579183,0.396735,-0.551643,0.028375,0.733134,-0.318192,-0.100026,0.582779,-0.268183,0.716648,-0.023148,-0.643395,0.508159,-0.311524,0.579187,0.396736,-0.551643,0.028375,0.733134,-0.318190,-0.100024,0.582782,0.284556,0.149232,0.151062,-0.320874,5,True,True,0.007861,-0.102447,-0.001301,0.094741,0.039767,0.000000,0.094741,0.039767,0.000000,True,0.076547,0.039095,0.000000,0.076547,0.039095,0.000000,-2.669393,-2.669393,-2.669393,-2.669393,-2.542227,-2.550655,-2.569953,-2.565372,-0.085259,-0.085342,-0.085529,-0.085489,-0.076035,-0.080531,-0.079212,-0.072581,-375.721832,-151.042831,-264.640900,-71.373184,True,velocity,0.284556,0.307525,-0.045955,0.000344,0.030067,False
22.477655712999876,-0.331920,1.065377,-1.857113,1.247610,-0.413672,-0.507541,-0.527476,0.471398,1.220736,1.492038,1.294687,-0.081170,-0.111036,-0.696443,-0.268290,0.716851,-0.022450,-0.643149,0.510146,-0.318748,0.579117,0.396900,-0.551140,0.028162,0.733432,-0.317964,-0.107875,0.582366,-0.268290,0.716851,-0.022450,-0.643150,0.510145,-0.318743,0.579123,0.396901,-0.551139,0.028162,0.733432,-0.317961,-0.107872,0.582371,0.283131,0.149268,0.147179,-0.320794,5,True,True,0.001075,-0.116504,0.001105,0.110220,0.037760,0.000000,0.110220,0.037760,0.000000,True,0.094741,0.039767,0.000000,0.094741,0.039767,0.000000,-2.744179,-2.744179,-2.744179,-2.744179,-2.542227,-2.544166,-2.588287,-2.583646,-0.100660,-0.100700,-0.101503,-0.101428,-0.081654,-0.081471,-0.083521,-0.080989,-375.772186,-151.093475,-264.691559,-71.422157,True,velocity,0.283131,0.307475,-0.048683,-0.000118,0.030932,False
22.52032632800001,-0.346285,1.058335,-1.853090,1.230822,-0.410665,-0.509274,-0.524638,0.488272,1.222575,1.482362,1.278348,-0.080889,-0.114657,-0.697594,-0.266793,0.718096,-0.021058,-0.642430,0.512151,-0.327111,0.578928,0.397318,-0.550997,0.027732,0.733329,-0.318143,-0.117304,0.581829,-0.266794,0.718095,-0.021058,-0.642430,0.512150,-0.327109,0.578930,0.397318,-0.550997,0.027732,0.733329,-0.318142,-0.117303,0.581831,0.280981,0.149105,0.142541,-0.320741,6,True,True,-0.004900,-0.139126,0.002691,0.133572,0.039224,0.000000,0.133572,0.039224,0.000000,True,0.110220,0.037760,0.000000,0.110220,0.037760,0.000000,-2.811534,-2.811534,-2.811534,-2.811534,-2.787600,-2.568240,-2.594474,-2.608279,-0.116185,-0.113078,-0.113775,-0.114111,-0.089450,-0.084270,-0.089204,-0.092537,-375.874176,-151.173126,-264.775391,-71.526085,True,velocity,0.280981,0.307366,-0.050000,-0.000847,0.025397,False
22.548952201000247,-0.353855,1.054935,-1.850893,1.218468,-0.407419,-0.510139,-0.521307,0.497531,1.224289,1.476282,1.266013,-0.080606,-0.116718,-0.694314,-0.266247,0.718558,-0.019236,-0.642197,0.513329,-0.332392,0.578665,0.397067,-0.550857,0.027220,0.733590,-0.318309,-0.123400,0.581475,-0.266247,0.718558,-0.019236,-0.642197,0.513328,-0.332390,0.578668,0.397067,-0.550857,0.027220,0.733590,-0.318308,-0.123399,0.581477,0.280677,0.148865,0.139306,-0.320737,6,True,True,-0.007185,-0.097053,0.002811,0.094366,0.023788,0.000000,0.094366,0.023788,0.000000,True,0.133572,0.039224,0.000000,0.133572,0.039224,0.000000,-2.855966,-2.855966,-2.855966,-2.855966,-2.658665,-2.587054,-2.594474,-2.632763,-0.136511,-0.134209,-0.134480,-0.135759,-0.098719,-0.094107,-0.098641,-0.099895,-375.945862,-151.248184,-264.846680,-71.594032,True,velocity,0.280677,0.307306,-0.050000,-0.001125,0.022093,False
22.580238393999934,-0.370082,1.047333,-1.846148,1.197928,-0.405537,-0.507745,-0.521220,0.517854,1.227185,1.465037,1.244496,-0.080484,-0.116907,-0.691720,-0.264646,0.718936,-0.014704,-0.642556,0.515306,-0.342285,0.578283,0.395923,-0.550270,0.025642,0.734704,-0.318961,-0.135073,0.581035,-0.264646,0.718936,-0.014704,-0.642556,0.515305,-0.342280,0.578289,0.395923,-0.550270,0.025642,0.734704,-0.318959,-0.135070,0.581039,0.278599,0.148166,0.133542,-0.320622,6,True,True,-0.020985,-0.172921,0.006254,0.143871,0.030809,0.000000,0.143871,0.030809,0.000000,True,0.094366,0.023788,0.000000,0.094990,0.023788,0.000000,-2.896214,-2.896214,-2.896214,-2.896214,-2.701992,-2.690800,-2.643532,-2.687912,-0.096082,-0.095864,-0.094814,-0.095806,-0.112838,-0.110735,-0.113771,-0.108118,-376.025238,-151.327988,-264.932770,-71.666153,True,velocity,0.278599,0.307234,-0.050000,-0.001403,0.021575,False
22.6149034580003,-0.387701,1.039715,-1.839549,1.177568,-0.400310,-0.505220,-0.518356,0.540451,1.229616,1.453956,1.222202,-0.079005,-0.116428,-0.689473,-0.262300,0.720517,-0.011163,-0.641817,0.516752,-0.352215,0.578100,0.394513,-0.550056,0.024499,0.735661,-0.320058,-0.146669,0.581257,-0.262301,0.720517,-0.011163,-0.641817,0.516750,-0.352206,0.579035,0.394514,-0.550056,0.024499,0.735661,-0.320054,-0.146663,0.582189,0.277159,0.147477,0.128085,-0.320682,6,True,True,-0.025508,-0.190391,0.004453,0.188720,0.035834,0.000000,0.188720,0.035834,0.000000,True,0.143871,0.030809,0.000000,0.135078,0.030809,0.000000,-2.917342,-2.917342,-2.917342,-2.917342,-2.757164,-2.690800,-2.631847,-2.736867,-0.136773,-0.135007,-0.135954,-0.136297,-0.117363,-0.120936,-0.121036,-0.111656,-376.080505,-151.399826,-265.008789,-71.721817,True,velocity,0.277159,0.307059,-0.050000,-0.002340,0.007886,False
22.649955185999715,-0.404437,1.032771,-1.832953,1.158292,-0.391854,-0.503673,-0.512147,0.562190,1.231400,1.444193,1.201572,-0.076443,-0.114967,-0.685829,-0.259331,0.723034,-0.008651,-0.640230,0.517819,-0.362759,0.578098,0.392292,-0.550135,0.023974,0.736806,-0.321583,-0.158697,0.582151,-0.259331,0.723033,-0.008651,-0.640231,0.517817,-0.362754,0.578102,0.392292,-0.550135,0.023974,0.736806,-0.321581,-0.158694,0.582154,0.274112,0.146629,0.121737,-0.320751,7,True,True,-0.025437,-0.190424,0.002404,0.188729,0.035913,0.000000,0.188729,0.035913,0.000000,True,0.188720,0.035834,0.000000,0.188720,0.035834,0.000000,-2.953946,-2.953946,-2.953946,-2.953946,-2.799788,-2.703181,-2.631205,-2.773571,-0.189814,-0.186084,-0.182174,-0.188975,-0.117745,-0.117206,-0.121548,-0.112107,-376.179535,-151.470566,-265.093475,-71.820030,True,velocity,0.274112,0.306894,-0.050000,-0.002958,0.009621,False
22.68262937200052,-0.419881,1.026865,-1.826270,1.140783,-0.383075,-0.501405,-0.503720,0.582169,1.233233,1.435625,1.181541,-0.073660,-0.112541,-0.679755,-0.255692,0.725548,-0.007006,-0.638868,0.518342,-0.372838,0.578575,0.389395,-0.550299,0.023559,0.738233,-0.323284,-0.170182,0.583323,-0.255692,0.725548,-0.007006,-0.638868,0.518340,-0.372832,0.578581,0.389395,-0.550299,0.023559,0.738233,-0.323281,-0.170178,0.583327,0.272619,0.145635,0.115490,-0.320761,7,True,True,-0.029824,-0.187427,0.002098,0.187269,0.030804,0.000000,0.187269,0.030804,0.000000,True,0.188729,0.035913,0.000000,0.188729,0.035913,0.000000,-2.953555,-2.953555,-2.953555,-2.953555,-2.824525,-2.678528,-2.815551,-2.804751,-0.190519,-0.184896,-0.190289,-0.189993,-0.125663,-0.123036,-0.135711,-0.123163,-376.292816,-151.612167,-265.240936,-71.923691,True,velocity,0.272619,0.306669,-0.050000,-0.003921,0.011406,False
22.71797413600052,-0.436636,1.020667,-1.818851,1.122359,-0.376886,-0.497931,-0.495266,0.603582,1.235479,1.426716,1.158703,-0.069172,-0.108581,-0.670573,-0.251569,0.727287,-0.005539,-0.638542,0.518543,-0.383829,0.579449,0.385292,-0.550983,0.022785,0.739897,-0.325405,-0.182794,0.584526,-0.251569,0.727286,-0.005539,-0.638543,0.518540,-0.383820,0.579947,0.385293,-0.550983,0.022785,0.739897,-0.325401,-0.182788,0.585021,0.271669,0.144286,0.108549,-0.320691,7,True,True,-0.040473,-0.208212,0.004199,0.210351,0.027253,0.000000,0.210351,0.027253,0.000000,True,0.187269,0.030804,0.000000,0.187269,0.030804,0.000000,-2.978560,-2.978560,-2.978560,-2.978560,-2.848903,-2.777048,-2.846094,-2.829048,-0.188192,-0.185945,-0.188123,-0.187668,-0.157045,-0.152614,-0.165272,-0.158731,-376.439453,-151.748184,-265.371246,-72.088448,True,velocity,0.271669,0.306325,-0.050000,-0.005439,0.014072,False
22.749551179000264,-0.449246,1.016162,-1.813370,1.106556,-0.374993,-0.495799,-0.488063,0.621684,1.237940,1.419209,1.134887,-0.065744,-0.107095,-0.659356,-0.248701,0.727411,-0.004634,-0.639531,0.518544,-0.393167,0.580495,0.382489,-0.551495,0.022467,0.740979,-0.327706,-0.194051,0.585444,-0.248702,0.727411,-0.004633,-0.639531,0.518542,-0.393158,0.580502,0.382490,-0.551495,0.022467,0.740979,-0.327703,-0.194045,0.585449,0.270938,0.142895,0.102190,-0.320502,7,True,True,-0.041749,-0.190796,0.009866,0.194226,0.020549,0.000000,0.194226,0.020549,0.000000,True,0.210351,0.027253,0.000000,0.210351,0.027253,0.000000,-3.012752,-3.012752,-3.012752,-3.012752,-2.873923,-2.832283,-2.864222,-2.853849,-0.210068,-0.208664,-0.209774,-0.209437,-0.198650,-0.189003,-0.194114,-0.178927,-376.574371,-151.873459,-265.498474,-72.169365,True,velocity,0.270938,0.305809,-0.050000,-0.008059,0.030909,False
22.786090196999794,-0.463320,1.010877,-1.807330,1.091006,-0.371920,-0.490560,-0.482757,0.642416,1.240971,1.410679,1.108369,-0.062398,-0.106253,-0.647976,-0.244889,0.728149,-0.002239,-0.640174,0.518362,-0.403466,0.582051,0.379818,-0.551977,0.022392,0.741996,-0.330383,-0.206572,0.586583,-0.244890,0.728149,-0.002238,-0.640175,0.518360,-0.403458,0.582058,0.379818,-0.551977,0.022391,0.741996,-0.330380,-0.206566,0.586588,0.270465,0.141155,0.095161,-0.320378,7,True,True,-0.052177,-0.210852,0.013584,0.216548,0.016979,0.000000,0.216548,0.016979,0.000000,True,0.194226,0.020549,0.000000,0.194226,0.020549,0.000000,-3.036183,-3.036183,-3.036183,-3.036183,-2.904075,-2.843960,-2.895199,-2.890912,-0.193608,-0.191713,-0.193372,-0.193253,-0.228195,-0.213648,-0.206051,-0.202925,-376.774841,-152.036270,-265.615082,-72.333290,True,velocity,0.270465,0.304441,-0.050000,-0.015991,0.001989,False
22.822768936000102,-0.476596,1.006122,-1.801540,1.075858,-0.371091,-0.482774,-0.479497,0.663499,1.244562,1.401868,1.080140,-0.058897,-0.106685,-0.636105,-0.241074,0.727972,0.001390,-0.641825,0.517887,-0.413698,0.583939,0.377589,-0.552607,0.022453,0.742663,-0.333242,-0.219360,0.588116,-0.241074,0.727971,0.001391,-0.641825,0.517885,-0.413691,0.583944,0.377590,-0.552607,0.022452,0.742663,-0.333240,-0.219356,0.588120,0.270619,0.139152,0.087973,-0.320232,7,True,True,-0.060096,-0.215639,0.017970,0.223587,0.010973,0.000000,0.223587,0.010973,0.000000,True,0.216548,0.016979,0.000000,0.216548,0.016979,0.000000,-3.063257,-3.063257,-3.063257,-3.063257,-2.947058,-2.893232,-2.931811,-2.921590,-0.215343,-0.213616,-0.214727,-0.214571,-0.212561,-0.205168,-0.204019,-0.200066,-376.885742,-152.185135,-265.812653,-72.481026,True,velocity,0.270619,0.303472,-0.050000,-0.018729,0.005442,False
22.849218522999763,-0.488761,1.002161,-1.795745,1.062895,-0.370134,-0.474396,-0.477860,0.683766,1.248374,1.393320,1.053810,-0.054401,-0.110095,-0.626015,-0.237684,0.727903,0.005182,-0.643146,0.517025,-0.423228,0.585857,0.376107,-0.553926,0.023495,0.742400,-0.335808,-0.231389,0.589965,-0.237684,0.727902,0.005182,-0.643146,0.517024,-0.423225,0.585859,0.376107,-0.553926,0.023495,0.742400,-0.335807,-0.231387,0.589966,0.270853,0.137230,0.081230,-0.320209,7,True,True,-0.057677,-0.202307,0.018662,0.210173,0.009065,0.000000,0.210173,0.009065,0.000000,True,0.223587,0.010973,0.000000,0.223587,0.010973,0.000000,-3.092555,-3.092555,-3.092555,-3.092555,-2.959247,-2.948410,-2.944503,-2.939348,-0.221870,-0.221535,-0.221407,-0.221234,-0.202344,-0.201526,-0.207181,-0.196862,-377.022888,-152.274979,-265.913086,-72.611191,True,velocity,0.270853,0.302394,-0.050000,-0.023305,0.018098,False
22.88676944300005,-0.499554,0.999326,-1.789815,1.052044,-0.370396,-0.466688,-0.476132,0.701717,1.252691,1.385115,1.030343,-0.049816,-0.113298,-0.616259,-0.234811,0.727500,0.007871,-0.644628,0.515633,-0.431835,0.587778,0.374206,-0.555384,0.024296,0.742246,-0.337671,-0.242369,0.591790,-0.234811,0.727500,0.007872,-0.644629,0.515630,-0.431826,0.587785,0.374206,-0.555384,0.024296,0.742245,-0.337667,-0.242362,0.591795,0.271309,0.135422,0.075116,-0.320239,6,True,True,-0.054223,-0.183417,0.017746,0.191158,0.006385,0.000000,0.191158,0.006385,0.000000,True,0.210173,0.009065,0.000000,0.210173,0.009065,0.000000,-3.098489,-3.098489,-3.098489,-3.098489,-2.990041,-2.899753,-2.987051,-2.675510,-0.209132,-0.206227,-0.209063,-0.191828,-0.210660,-0.211441,-0.230323,-0.207784,-377.178009,-152.465683,-266.119965,-72.764366,True,velocity,0.271309,0.301197,-0.050000,-0.025662,0.024007,False
22.91575077699963,-0.510142,0.996902,-1.783523,1.042909,-0.370846,-0.459451,-0.474295,0.719185,1.257081,1.376969,1.007905,-0.044608,-0.115344,-0.607321,-0.231956,0.727268,0.009628,-0.645899,0.513826,-0.440089,0.589618,0.372037,-0.556988,0.024486,0.742128,-0.339334,-0.252975,0.593357,-0.231956,0.727267,0.009628,-0.645899,0.513824,-0.440082,0.589623,0.372037,-0.556988,0.024485,0.742128,-0.339330,-0.252970,0.593361,0.271396,0.133599,0.069260,-0.320241,6,True,True,-0.054686,-0.175675,0.017692,0.183956,0.003505,0.000000,0.183956,0.003505,0.000000,True,0.191158,0.006385,0.000000,0.191158,0.006385,0.000000,-3.108203,-3.108203,-3.108203,-3.108203,-3.014419,-2.936055,-3.005838,-2.994696,-0.190424,-0.188437,-0.190263,-0.190033,-0.235973,-0.230765,-0.241990,-0.230869,-377.337067,-152.618027,-266.229767,-72.914062,True,velocity,0.271396,0.299891,-0.050000,-0.030002,0.021131,False
22.94907286600028,-0.522028,0.994235,-1.776282,1.034331,-0.371534,-0.453007,-0.472523,0.738493,1.262050,1.368148,0.984354,-0.038492,-0.116879,-0.599447,-0.229062,0.727311,0.010434,-0.646870,0.511688,-0.448917,0.591282,0.369726,-0.558919,0.024246,0.741838,-0.340882,-0.264400,0.594638,-0.229062,0.727311,0.010435,-0.646870,0.511687,-0.448911,0.591286,0.369726,-0.558919,0.024246,0.741838,-0.340880,-0.264395,0.594641,0.270645,0.131686,0.063044,-0.320199,6,True,True,-0.057399,-0.186487,0.018941,0.195072,0.004340,0.000000,0.195072,0.004340,0.000000,True,0.183956,0.003505,0.000000,0.183956,0.003505,0.000000,-3.122544,-3.122544,-3.122544,-3.122544,-3.033283,-2.991228,-3.030086,-3.018846,-0.183155,-0.182406,-0.182980,-0.182765,-0.246375,-0.240222,0.000000,-0.240750,-377.489685,-152.736328,-264.234222,-73.066689,True,velocity,0.270645,0.297206,-0.050000,-0.042683,0.005877,False
22.983506931000193,-0.532644,0.991703,-1.770045,1.026136,-0.372726,-0.446734,-0.470695,0.756930,1.267332,1.359435,0.961485,-0.032747,-0.118134,-0.591785,-0.226193,0.727084,0.011424,-0.648117,0.509837,-0.457224,0.592469,0.367410,-0.560682,0.023724,0.741675,-0.342119,-0.275448,0.595595,-0.226193,0.727084,0.011424,-0.648117,0.509835,-0.457219,0.592472,0.367411,-0.560682,0.023724,0.741675,-0.342116,-0.275444,0.595598,0.269722,0.129826,0.057044,-0.320147,6,True,True,-0.055807,-0.179994,0.020496,0.188409,0.003802,0.000000,0.188409,0.003802,0.000000,True,0.195072,0.004340,0.000000,0.195072,0.004340,0.000000,-3.119350,-3.119350,-3.119350,-3.119350,-3.051244,-3.046372,-3.048549,-3.031249,-0.194668,-0.194515,-0.194539,-0.194364,-0.225631,-0.219494,-0.216389,-0.223959,-377.593750,-152.878494,-266.527496,-73.171181,True,velocity,0.269722,0.295787,-0.050000,-0.042250,0.008386,False
23.016546873999687,-0.542527,0.988931,-1.764742,1.017695,-0.372890,-0.439789,-0.468550,0.774804,1.273059,1.350698,0.939558,-0.026977,-0.118339,-0.584596,-0.222879,0.727032,0.013207,-0.649289,0.508460,-0.465273,0.593054,0.364735,-0.562434,0.022637,0.741704,-0.342940,-0.286339,0.596172,-0.222879,0.727031,0.013207,-0.649289,0.508458,-0.465268,0.593057,0.364735,-0.562434,0.022636,0.741704,-0.342937,-0.286335,0.596174,0.268391,0.128019,0.051136,-0.320132,6,True,True,-0.054201,-0.177243,0.020956,0.185292,0.004459,0.000000,0.185292,0.004459,0.000000,True,0.188409,0.003802,0.000000,0.188409,0.003802,0.000000,-3.121414,-3.121414,-3.121414,-3.121414,-3.063432,-3.058731,-3.066699,-3.043650,-0.188131,-0.188077,-0.188165,-0.187878,-0.193595,-0.202008,-0.201975,-0.197993,-377.752106,-153.000000,-266.659180,-73.338730,True,velocity,0.268391,0.294466,-0.050000,-0.041751,0.008877,False
23.050341572000434,-0.551885,0.985936,-1.760212,1.008295,-0.372687,-0.433620,-0.467104,0.791964,1.279154,1.342051,0.918171,-0.021660,-0.117151,-0.576807,-0.220061,0.726915,0.015745,-0.650323,0.507550,-0.473194,0.593052,0.361484,-0.563937,0.021045,0.742200,-0.343417,-0.297165,0.596397,-0.220061,0.726915,0.015746,-0.650323,0.507549,-0.473189,0.593056,0.361485,-0.563937,0.021045,0.742200,-0.343414,-0.297161,0.596400,0.266828,0.126264,0.045206,-0.320113,6,True,True,-0.052641,-0.177886,0.021526,0.185410,0.006142,0.000000,0.185410,0.006142,0.000000,True,0.185292,0.004459,0.000000,0.185292,0.004459,0.000000,-3.117531,-3.117531,-3.117531,-3.117531,-3.076261,-3.065201,-3.073122,-3.062048,-0.185188,-0.185092,-0.185163,-0.184991,-0.191172,-0.192104,-0.200848,-0.195559,-377.878082,-153.116211,-266.783051,-73.456894,True,velocity,0.266828,0.292984,-0.050000,-0.042217,0.011563,False
23.096887556999718,-0.560616,0.982394,-1.756899,0.998496,-0.373109,-0.428290,-0.467719,0.808995,1.285629,1.333488,0.896272,-0.017672,-0.116234,-0.569412,-0.217848,0.726525,0.019240,-0.651409,0.507299,-0.480882,0.592561,0.358713,-0.564927,0.019334,0.742839,-0.343724,-0.307997,0.596163,-0.217848,0.726525,0.019240,-0.651409,0.507298,-0.480878,0.592563,0.358713,-0.564927,0.019334,0.742839,-0.343722,-0.307994,0.596165,0.264927,0.124547,0.039266,-0.320013,6,True,True,-0.051505,-0.178210,0.024520,0.185359,0.007322,0.000000,0.185359,0.007322,0.000000,True,0.185410,0.006142,0.000000,0.185410,0.006142,0.000000,-3.108478,-3.108478,-3.108478,-3.108478,-3.076007,-3.071040,-3.079377,-3.067922,-0.185413,-0.185381,-0.185433,-0.185359,-0.201942,-0.199096,-0.207265,-0.202439,-378.065002,-153.311386,-266.975586,-73.642715,True,velocity,0.264927,0.290337,-0.048463,-0.047141,0.008608,False
23.121218655999655,-0.568117,0.978652,-1.754726,0.988291,-0.372079,-0.423801,-0.468878,0.825433,1.292548,1.325057,0.873752,-0.014950,-0.116375,-0.562968,-0.216104,0.726401,0.023640,-0.651983,0.507607,-0.488371,0.591660,0.356987,-0.565468,0.017460,0.743305,-0.343822,-0.318776,0.595598,-0.216104,0.726401,0.023640,-0.651983,0.507605,-0.488366,0.591663,0.356987,-0.565468,0.017459,0.743305,-0.343819,-0.318772,0.595601,0.263098,0.122923,0.033235,-0.319932,6,True,True,-0.048723,-0.180918,0.026947,0.187051,0.010816,0.000000,0.187051,0.010816,0.000000,True,0.185359,0.007322,0.000000,0.185359,0.007322,0.000000,-3.102110,-3.102110,-3.102110,-3.102110,-3.076007,-3.071040,-3.078735,-3.068044,-0.185438,-0.185414,-0.185453,-0.185395,-0.199119,-0.194792,-0.200066,-0.195720,-378.137695,-153.419510,-267.085663,-73.710655,True,velocity,0.263098,0.288931,-0.049218,-0.048973,0.001971,False
23.16335512600017,-0.576187,0.974274,-1.752799,0.976561,-0.369997,-0.420282,-0.471513,0.842731,1.300448,1.316146,0.849613,-0.012392,-0.117850,-0.557463,-0.215004,0.726492,0.029037,-0.652027,0.508411,-0.496539,0.590489,0.355977,-0.566008,0.015466,0.743422,-0.343576,-0.330458,0.594805,-0.215004,0.726492,0.029037,-0.652027,0.508409,-0.496533,0.590493,0.355977,-0.566008,0.015466,0.743422,-0.343572,-0.330452,0.594808,0.261052,0.121329,0.026566,-0.319849,6,True,True,-0.047833,-0.200085,0.029440,0.204959,0.017705,0.000000,0.204959,0.017705,0.000000,True,0.187051,0.010816,0.000000,0.187051,0.010816,0.000000,-3.083831,-3.083831,-3.083831,-3.083831,-3.075752,-3.071024,-3.078903,-3.068044,-0.187358,-0.187349,-0.187362,-0.187341,-0.192699,-0.187783,-0.191922,-0.184607,-378.292419,-153.557617,-267.236328,-73.854073,True,velocity,0.261052,0.287453,-0.050000,-0.045382,0.023785,False
23.19144211300045,-0.585191,0.969277,-1.750524,0.965533,-0.366146,-0.420647,-0.472996,0.860498,1.309112,1.306872,0.826123,-0.009171,-0.120331,-0.554410,-0.214297,0.727644,0.032513,-0.650810,0.509432,-0.505179,0.589440,0.355439,-0.566891,0.013320,0.743048,-0.342602,-0.342593,0.593820,-0.214298,0.727644,0.032513,-0.650810,0.509430,-0.505174,0.589444,0.355439,-0.566891,0.013319,0.743048,-0.342599,-0.342587,0.593823,0.258411,0.120027,0.019560,-0.319872,6,True,True,-0.039061,-0.210163,0.028750,0.211758,0.029208,0.000000,0.211758,0.029208,0.000000,True,0.204959,0.017705,0.000000,0.204959,0.017705,0.000000,-3.055422,-3.055422,-3.055422,-3.055422,-3.069591,-3.071055,-3.078903,-3.067922,-0.205702,-0.205698,-0.205666,-0.205707,-0.192566,-0.185223,-0.191101,-0.183010,-378.414886,-153.638672,-267.315277,-73.977257,True,velocity,0.258411,0.286181,-0.050000,-0.044718,0.025104,False
23.218791807000343,-0.589663,0.966077,-1.750301,0.956763,-0.363083,-0.423918,-0.470711,0.870943,1.315887,1.300168,0.809652,-0.007091,-0.122668,-0.550403,-0.214232,0.728275,0.033801,-0.650060,0.510576,-0.511337,0.588681,0.354913,-0.567381,0.011651,0.742954,-0.341274,-0.351183,0.593009,-0.214232,0.728275,0.033801,-0.650060,0.510574,-0.511332,0.588684,0.354913,-0.567381,0.011651,0.742954,-0.341271,-0.351177,0.593012,0.257422,0.119338,0.014262,-0.320092,6,True,True,-0.020669,-0.158955,0.022160,0.161772,0.030407,0.000000,0.161772,0.030407,0.000000,True,0.211758,0.029208,0.000000,0.211758,0.029208,0.000000,-3.004527,-3.004527,-3.004527,-3.004527,-3.069591,-3.071040,-3.078903,-3.067922,-0.213310,-0.213290,-0.213172,-0.213333,-0.203768,-0.189368,-0.197146,-0.190717,-378.558044,-153.764236,-267.446442,-74.103516,True,velocity,0.257422,0.284741,-0.050000,-0.046432,0.020467,False
23.25663807700039,-0.599812,0.960244,-1.748007,0.942809,-0.359022,-0.428932,-0.469393,0.886196,1.325394,1.291145,0.789898,-0.004226,-0.123716,-0.549028,-0.214167,0.729470,0.035730,-0.648636,0.512755,-0.520921,0.587420,0.353726,-0.568146,0.008442,0.742978,-0.338676,-0.363815,0.591662,-0.214168,0.729470,0.035731,-0.648636,0.512753,-0.520913,0.587424,0.353727,-0.568146,0.008442,0.742978,-0.338671,-0.363807,0.591667,0.254602,0.118702,0.006445,-0.320131,6,True,True,-0.017575,-0.230348,0.020976,0.208038,0.049366,0.000000,0.208038,0.049366,0.000000,True,0.161772,0.030407,0.000000,0.164571,0.030407,0.000000,-2.958889,-2.958889,-2.958889,-2.958889,-3.058044,-3.003576,-3.066699,-3.062048,-0.166534,-0.167189,-0.166384,-0.166466,-0.221822,-0.206182,-0.213255,-0.206894,-378.700348,-153.943924,-267.624725,-74.241631,True,velocity,0.254602,0.282019,-0.050000,-0.053534,0.008265,False
23.28596309400018,-0.609387,0.954832,-1.745768,0.927807,-0.353976,-0.434423,-0.466370,0.898685,1.334079,1.283288,0.772479,-0.001345,-0.125439,-0.547678,-0.214289,0.730674,0.037582,-0.647135,0.515221,-0.529951,0.586131,0.353024,-0.568937,0.005594,0.742734,-0.335960,-0.375143,0.590259,-0.214290,0.730674,0.037582,-0.647135,0.515218,-0.529942,0.586137,0.353024,-0.568937,0.005594,0.742734,-0.335954,-0.375132,0.590265,0.252327,0.118429,-0.000881,-0.320322,6,True,True,-0.007028,-0.237142,0.015261,0.227257,0.068115,0.000000,0.227257,0.068115,0.000000,True,0.208038,0.049366,0.000000,0.190087,0.049366,0.000000,-2.887503,-2.887503,-2.887503,-2.887503,-3.045213,-3.052859,-3.054329,-3.049525,-0.193955,-0.193714,-0.193666,-0.193821,-0.224925,-0.212378,-0.214159,-0.211420,-378.798126,-154.045197,-267.723083,-74.380165,True,velocity,0.252327,0.280650,-0.050000,-0.052042,0.002956,False
23.32338632899973,-0.620597,0.948727,-1.742969,0.909523,-0.348524,-0.440393,-0.462384,0.910489,1.343334,1.275385,0.756028,0.002058,-0.127248,-0.547371,-0.214434,0.731721,0.039908,-0.645763,0.518615,-0.541049,0.584552,0.352312,-0.569973,0.002328,0.742294,-0.332321,-0.388240,0.588554,-0.214435,0.731720,0.039909,-0.645764,0.518611,-0.541037,0.585378,0.352313,-0.569973,0.002328,0.742294,-0.332315,-0.388227,0.589379,0.250650,0.118639,-0.010023,-0.320547,6,True,True,0.006300,-0.274263,0.008521,0.235370,0.084266,0.000000,0.235370,0.084266,0.000000,True,0.227257,0.068115,0.000000,0.227257,0.068115,0.000000,-2.850389,-2.850389,-2.850389,-2.850389,-3.002230,-3.015880,-3.011941,-3.012972,-0.234516,-0.234004,-0.234156,-0.234117,-0.204878,-0.203639,-0.203475,-0.203898,-378.967346,-154.212189,-267.854645,-74.497910,True,velocity,0.250650,0.279275,-0.050000,-0.047848,0.011806,False
23.353098122999654,-0.633326,0.942655,-1.739215,0.889030,-0.342017,-0.446075,-0.457367,0.921287,1.352372,1.267814,0.740425,0.004830,-0.129922,-0.547612,-0.214498,0.732806,0.042500,-0.644345,0.522374,-0.553027,0.583065,0.352165,-0.570722,-0.000682,0.741792,-0.328327,-0.401636,0.586779,-0.214498,0.732806,0.042500,-0.644345,0.522373,-0.553022,0.583067,0.352166,-0.570722,-0.000682,0.741792,-0.328325,-0.401631,0.586781,0.247464,0.119249,-0.019793,-0.320830,7,True,True,0.018882,-0.317433,0.000018,0.232143,0.092787,0.000000,0.232143,0.092787,0.000000,True,0.235370,0.084266,0.000000,0.235370,0.084266,0.000000,-2.797794,-2.797794,-2.797794,-2.797794,-2.971437,-2.978926,-2.974847,-2.988950,-0.246241,-0.245910,-0.246092,-0.245446,-0.203710,-0.202980,-0.216954,-0.198017,-379.113434,-154.360214,-268.075623,-74.629601,True,velocity,0.247464,0.277847,-0.050000,-0.047755,0.010200,False
23.38460422099979,-0.647232,0.937023,-1.733984,0.868094,-0.338190,-0.450789,-0.451841,0.930626,1.360870,1.261107,0.727158,0.007220,-0.134260,-0.547494,-0.214408,0.733082,0.044323,-0.643938,0.525915,-0.564820,0.581987,0.352123,-0.571489,-0.002449,0.741218,-0.324173,-0.414178,0.585258,-0.214408,0.733082,0.044323,-0.643938,0.525914,-0.564817,0.581988,0.352123,-0.571489,-0.002449,0.741218,-0.324171,-0.414174,0.585260,0.245323,0.120163,-0.029136,-0.321184,7,True,True,0.031431,-0.348156,-0.010598,0.229194,0.099851,0.000000,0.229194,0.099851,0.000000,True,0.232143,0.092787,0.000000,0.232143,0.092787,0.000000,-2.761348,-2.761348,-2.761348,-2.761348,-2.929095,-2.942571,-2.938081,-2.951748,-0.246491,-0.245906,-0.246106,-0.245482,-0.220015,-0.219951,-0.242321,-0.207601,-379.277618,-154.514786,-268.240936,-74.788223,True,velocity,0.245323,0.276419,-0.050000,-0.047174,0.026403,False
23.417894737000097,-0.664523,0.931703,-1.725784,0.843564,-0.336329,-0.454885,-0.444651,0.939217,1.369768,1.254290,0.715883,0.009969,-0.139487,-0.547257,-0.214378,0.732595,0.045395,-0.644427,0.529419,-0.579136,0.580938,0.351648,-0.572490,-0.003599,0.740666,-0.319043,-0.428280,0.583782,-0.214378,0.732595,0.045396,-0.644427,0.529417,-0.579131,0.580940,0.351648,-0.572490,-0.003599,0.740666,-0.319041,-0.428274,0.583785,0.243040,0.121731,-0.040218,-0.321912,7,True,True,0.055994,-0.431628,-0.032449,0.225129,0.108705,0.000000,0.225129,0.108705,0.000000,True,0.229194,0.099851,0.000000,0.229194,0.099851,0.000000,-2.730727,-2.730727,-2.730727,-2.730727,-2.885471,-2.905624,-2.901322,-2.915199,-0.247013,-0.246186,-0.246371,-0.245758,-0.261927,-0.251092,-0.274143,-0.238087,-379.457306,-154.687225,-268.404724,-74.954659,True,velocity,0.243040,0.275094,-0.050000,-0.045383,0.027083,False
23.453108761000294,-0.683607,0.928177,-1.714624,0.819254,-0.334188,-0.458864,-0.433841,0.946594,1.377645,1.248239,0.707837,0.011548,-0.144859,-0.546692,-0.214070,0.732380,0.044022,-0.644868,0.531764,-0.593580,0.580238,0.350796,-0.573099,-0.003591,0.740599,-0.313834,-0.441453,0.582797,-0.214070,0.732380,0.044022,-0.644868,0.531762,-0.593573,0.580241,0.350796,-0.573099,-0.003591,0.740598,-0.313831,-0.441446,0.582800,0.240859,0.123718,-0.050874,-0.322888,7,True,True,0.083447,-0.503380,-0.061706,0.221156,0.116577,0.000000,0.221156,0.116577,0.000000,True,0.225129,0.108705,0.000000,0.225129,0.108705,0.000000,-2.691754,-2.691754,-2.691754,-2.691754,-2.842488,-3.052876,-2.864368,-2.866249,-0.246678,-0.233875,-0.245442,-0.245677,-0.279630,-0.271723,-0.273484,-0.266963,-379.665466,-154.890213,-268.598633,-75.163780,True,velocity,0.240859,0.273666,-0.050000,-0.044088,0.030771,False
23.4848350809998,-0.705551,0.926794,-1.699762,0.793596,-0.334161,-0.463515,-0.418552,0.953206,1.384850,1.242727,0.703249,0.013605,-0.150646,-0.545989,-0.213816,0.731609,0.039248,-0.646135,0.532972,-0.610288,0.579499,0.349292,-0.574069,-0.002330,0.740564,-0.308016,-0.455554,0.582199,-0.213816,0.731609,0.039248,-0.646135,0.532969,-0.610279,0.579504,0.349292,-0.574069,-0.002330,0.740563,-0.308012,-0.455545,0.582204,0.238429,0.126542,-0.062898,-0.324394,7,True,True,0.127290,-0.617478,-0.106893,0.216440,0.125114,0.000000,0.216440,0.125114,0.000000,True,0.221156,0.116577,0.000000,0.221156,0.116577,0.000000,-2.656482,-2.656482,-2.656482,-2.656482,-2.811976,-2.819957,-2.827755,-2.829048,-0.246984,-0.246667,-0.246342,-0.246287,-0.278477,-0.269328,-0.263614,-0.270693,-379.806366,-155.036133,-268.746521,-75.315567,True,velocity,0.238429,0.270941,-0.050000,-0.054162,0.013735,False
23.524164899000425,-0.728488,0.927789,-1.682622,0.766481,-0.335670,-0.471097,-0.401330,0.957951,1.390441,1.238454,0.701279,0.016184,-0.156629,-0.544553,-0.215339,0.730128,0.032137,-0.647695,0.533258,-0.627808,0.578385,0.347773,-0.575341,-0.000124,0.740295,-0.302257,-0.469358,0.581664,-0.215339,0.730128,0.032137,-0.647695,0.533255,-0.627797,0.578391,0.347773,-0.575341,-0.000124,0.740295,-0.302253,-0.469348,0.581669,0.236190,0.130036,-0.075372,-0.326145,7,True,True,0.181646,-0.746832,-0.159445,0.211891,0.132674,-0.080100,0.211891,0.132674,-0.080100,True,0.216440,0.125114,0.000000,0.216440,0.125114,0.000000,-2.617465,-2.617465,-2.617465,-2.617465,-2.769353,-2.788772,-2.686317,-2.798373,-0.247122,-0.246341,-0.249408,-0.245920,-0.259650,-0.258043,-0.254295,-0.260781,-380.007965,-155.242462,-268.955780,-75.517441,True,velocity,0.236190,0.269513,-0.050000,-0.049291,0.020203,False
23.55248751399995,-0.749146,0.929040,-1.667376,0.739523,-0.338173,-0.479555,-0.385798,0.961844,1.396727,1.233899,0.698859,0.018139,-0.164724,-0.542562,-0.218294,0.727967,0.025325,-0.649438,0.532979,-0.646179,0.577230,0.347379,-0.576431,0.002934,0.739626,-0.296804,-0.483166,0.581264,-0.218295,0.727967,0.025326,-0.649438,0.532975,-0.646168,0.577237,0.347379,-0.576431,0.002934,0.739626,-0.296800,-0.483158,0.581269,0.234652,0.133537,-0.088597,-0.329565,7,True,True,0.227573,-0.900662,-0.181929,0.210341,0.135117,-0.110049,0.210341,0.135117,-0.110049,True,0.211891,0.132674,-0.080100,0.211891,0.132674,-0.080100,-2.642088,-2.586791,-2.519186,-2.578129,-2.744686,-3.059347,-2.741684,-2.749423,-0.255375,-0.207855,-0.238200,-0.262666,-0.257447,-0.259131,-0.260527,-0.259091,-380.175629,-155.406815,-269.124573,-75.684570,True,velocity,0.234652,0.266709,-0.050000,-0.060043,0.001241,False
23.587512650999997,-0.766826,0.930500,-1.654544,0.715265,-0.341016,-0.484631,-0.373142,0.964788,1.403249,1.229362,0.696199,0.019767,-0.175847,-0.541368,-0.220955,0.725530,0.020270,-0.651440,0.532285,-0.663806,0.576445,0.348690,-0.577493,0.006805,0.738153,-0.291858,-0.495873,0.581035,-0.220955,0.725530,0.020270,-0.651440,0.532283,-0.663801,0.576449,0.348690,-0.577493,0.006805,0.738153,-0.291856,-0.495869,0.581038,0.233847,0.136852,-0.101319,-0.333976,7,True,True,0.265782,-1.039954,-0.204220,0.209473,0.136458,-0.137747,0.209473,0.136458,-0.137747,True,0.210341,0.135117,-0.110049,0.210341,0.135117,-0.110049,-2.653417,-2.576024,-2.482013,-2.566090,-2.708407,-2.709668,-2.686445,-2.718590,-0.258951,-0.224953,-0.236496,-0.269861,-0.269096,-0.261590,-0.269854,-0.268786,-380.351135,-155.548553,-269.293671,-75.858116,True,velocity,0.233847,0.265384,-0.050000,-0.054290,0.004328,False
23.619026674999986,-0.781846,0.932863,-1.642979,0.695126,-0.344032,-0.487865,-0.360907,0.966630,1.410780,1.224250,0.693620,0.021823,-0.188432,-0.540639,-0.223272,0.723236,0.014693,-0.653348,0.530686,-0.681847,0.576389,0.350720,-0.578753,0.010588,0.736158,-0.286537,-0.508657,0.580968,-0.223272,0.723236,0.014694,-0.653348,0.530685,-0.681845,0.576392,0.350720,-0.578753,0.010588,0.736158,-0.286536,-0.508655,0.580970,0.233829,0.140280,-0.114505,-0.339373,7,True,True,0.306719,-1.193317,-0.228386,0.208656,0.137705,-0.164405,0.208656,0.137705,-0.164405,True,0.209473,0.136458,-0.137747,0.209473,0.136458,-0.137747,-2.667220,-2.570344,-2.452318,-2.559343,-2.689803,-2.685016,-2.656256,-2.681546,-0.261732,-0.219720,-0.236101,-0.276755,-0.282592,-0.263961,-0.278567,-0.282263,-380.522186,-155.714706,-269.452148,-76.027901,True,velocity,0.233829,0.263956,-0.050000,-0.052108,0.002874,False
23.651016216000244,-0.794978,0.935540,-1.632601,0.677942,-0.349715,-0.489668,-0.350656,0.967237,1.420097,1.218151,0.691574,0.024535,-0.201239,-0.538947,-0.225449,0.720279,0.009121,-0.655964,0.528290,-0.699347,0.577180,0.351967,-0.580321,0.013803,0.734273,-0.280566,-0.521145,0.581117,-0.225449,0.720278,0.009121,-0.655964,0.528288,-0.699342,0.577186,0.351968,-0.580321,0.013802,0.734273,-0.280564,-0.521142,0.581121,0.234606,0.143325,-0.127334,-0.345219,6,True,True,0.335831,-1.336073,-0.239336,0.208635,0.137736,-0.186444,0.208635,0.137736,-0.186444,True,0.208656,0.137705,-0.164405,0.208656,0.137705,-0.164405,-2.680442,-2.564808,-2.423624,-2.553275,-2.683683,-2.868613,-2.631327,-2.651524,-0.264202,-0.205712,-0.234780,-0.283052,-0.285461,-0.262523,-0.277052,-0.289883,-380.732422,-155.858398,-269.608398,-76.262978,True,velocity,0.234606,0.262531,-0.050000,-0.050359,0.001835,False
23.681138415000532,-0.807058,0.937556,-1.623786,0.664668,-0.358253,-0.487269,-0.342362,0.967773,1.431622,1.210837,0.690202,0.029109,-0.214872,-0.536742,-0.225364,0.716873,0.004341,-0.659761,0.525005,-0.714417,0.578838,0.351816,-0.582796,0.016565,0.732325,-0.274434,-0.532259,0.581288,-0.225365,0.716873,0.004342,-0.659761,0.525003,-0.714412,0.579664,0.351817,-0.582796,0.016564,0.732325,-0.274431,-0.532255,0.582112,0.236141,0.144964,-0.138110,-0.350687,5,True,True,0.324063,-1.416890,-0.216959,0.210704,0.134550,-0.195419,0.210704,0.134550,-0.195419,True,0.208635,0.137736,-0.186444,0.208635,0.137736,-0.186444,-2.695636,-2.565671,-2.404642,-2.552568,-2.683735,-2.795260,-2.570300,-2.626722,-0.266365,-0.203518,-0.235669,-0.288244,-0.275768,-0.252847,-0.271503,-0.286300,-380.891327,-156.045898,-269.761444,-76.418106,True,velocity,0.236141,0.261141,-0.047531,-0.049389,0.018514,False
23.715194223000253,-0.818755,0.941159,-1.614177,0.654301,-0.372698,-0.481401,-0.334902,0.967198,1.446205,1.201476,0.688945,0.037694,-0.234318,-0.533488,-0.224389,0.711848,-0.001355,-0.665522,0.520162,-0.729585,0.581248,0.351487,-0.587038,0.020015,0.729001,-0.266735,-0.543781,0.581235,-0.224390,0.711848,-0.001354,-0.665523,0.520161,-0.729582,0.581253,0.351487,-0.587038,0.020015,0.729001,-0.266734,-0.543779,0.581239,0.236452,0.146299,-0.148877,-0.356272,5,True,True,0.308365,-1.496185,-0.189070,0.212709,0.131358,-0.193551,0.212709,0.131358,-0.193551,True,0.210704,0.134550,-0.195419,0.210704,0.134550,-0.195419,-2.715860,-2.584271,-2.412667,-2.565396,-2.684029,-2.623445,-2.539579,-2.614806,-0.267697,-0.206400,-0.236034,-0.290537,-0.266511,-0.245509,-0.259854,-0.280206,-381.047852,-156.198807,-269.968475,-76.636024,True,velocity,0.236452,0.259709,-0.044137,-0.047542,0.020718,False
23.74708381900018,-0.829700,0.945134,-1.604260,0.646401,-0.386507,-0.477782,-0.329113,0.966801,1.462299,1.190635,0.687187,0.048796,-0.250835,-0.531167,-0.224523,0.707340,-0.007684,-0.670224,0.514499,-0.741755,0.583559,0.349937,-0.591977,0.020833,0.725722,-0.258354,-0.553285,0.580711,-0.224524,0.707340,-0.007684,-0.670224,0.514498,-0.741755,0.583561,0.349937,-0.591977,0.020833,0.725722,-0.258353,-0.553284,0.580712,0.237247,0.147005,-0.157033,-0.361278,5,True,True,0.279084,-1.496025,-0.145696,0.214318,0.128717,-0.179476,0.214318,0.128717,-0.179476,True,0.212709,0.131358,-0.193551,0.212709,0.131358,-0.193551,-2.728524,-2.602134,-2.429929,-2.578437,-2.689803,-2.623445,-2.521479,-2.601921,-0.267966,-0.209519,-0.236442,-0.290388,-0.265238,-0.239755,-0.257102,-0.280958,-381.260742,-156.333145,-270.119690,-76.760460,True,velocity,0.237247,0.258425,-0.040068,-0.045738,0.020895,False
23.78098122099982,-0.841368,0.951633,-1.593387,0.640590,-0.403489,-0.478151,-0.324457,0.965458,1.482103,1.178313,0.686113,0.062552,-0.263012,-0.528353,-0.226757,0.701666,-0.017317,-0.675238,0.507202,-0.755031,0.586311,0.345658,-0.598174,0.018374,0.722753,-0.247215,-0.564152,0.579891,-0.226757,0.701666,-0.017316,-0.675238,0.507201,-0.755029,0.586317,0.345659,-0.598173,0.018374,0.722752,-0.247214,-0.564151,0.579895,0.238110,0.148096,-0.166034,-0.366542,4,True,True,0.265983,-1.520267,-0.124144,0.214990,0.127591,-0.163202,0.214990,0.127591,-0.163202,True,0.214318,0.128717,-0.179476,0.214318,0.128717,-0.179476,-2.730492,-2.615509,-2.454837,-2.589823,-2.689509,-2.611706,-2.496534,-2.596360,-0.266857,-0.212546,-0.237482,-0.287487,-0.271450,-0.240623,-0.259130,-0.288676,-381.433167,-156.475174,-270.283203,-76.993858,True,velocity,0.238110,0.255706,-0.032467,-0.054509,0.003668,False
23.81303855799979,-0.850468,0.953661,-1.585114,0.634950,-0.411719,-0.476356,-0.322267,0.966918,1.497056,1.167601,0.683695,0.073053,-0.273463,-0.527481,-0.227549,0.699355,-0.021337,-0.677251,0.502514,-0.763027,0.588148,0.342947,-0.602376,0.016854,0.720588,-0.239809,-0.571030,0.579614,-0.227549,0.699355,-0.021336,-0.677251,0.502514,-0.763026,0.588152,0.342947,-0.602376,0.016853,0.720588,-0.239809,-0.571029,0.579617,0.238202,0.147897,-0.171086,-0.370224,4,True,True,0.216918,-1.425586,-0.071413,0.217098,0.123970,-0.136205,0.217098,0.123970,-0.136205,True,0.214990,0.127591,-0.163202,0.214990,0.127591,-0.163202,-2.724342,-2.620028,-2.474099,-2.595308,-2.689803,-2.611120,-2.484220,-2.596360,-0.265355,-0.215950,-0.238403,-0.284078,-0.281827,-0.246734,-0.265705,-0.298255,-381.604492,-156.677872,-270.484375,-77.177597,True,velocity,0.238202,0.254363,-0.029741,-0.051597,0.004046,False
23.84522817099969,-0.861055,0.959133,-1.576576,0.631185,-0.422675,-0.471242,-0.321159,0.967175,1.517204,1.156572,0.683073,0.087600,-0.286342,-0.524774,-0.227851,0.695626,-0.026375,-0.680803,0.495954,-0.773685,0.590819,0.337754,-0.609378,0.014883,0.717188,-0.229176,-0.580902,0.579658,-0.227852,0.695626,-0.026374,-0.680803,0.495953,-0.773683,0.591589,0.337755,-0.609378,0.014881,0.717188,-0.229174,-0.580900,0.580426,0.239363,0.147837,-0.178407,-0.373863,3,True,True,0.177528,-1.398066,-0.044376,0.219553,0.119569,-0.109197,0.219553,0.119569,-0.109197,True,0.217098,0.123970,-0.136205,0.217098,0.123970,-0.136205,-2.721613,-2.636315,-2.514129,-2.611944,-2.689509,-2.635710,-2.711365,-2.596047,-0.262983,-0.221569,-0.234933,-0.278362,-0.286369,-0.251060,-0.265483,-0.302936,-381.767151,-156.824631,-270.634064,-77.349327,True,velocity,0.239363,0.252962,-0.024726,-0.049444,0.006119,False
23.882400481999866,-0.871229,0.962875,-1.567611,0.628328,-0.432405,-0.464675,-0.319157,0.969756,1.536016,1.144336,0.682563,0.102852,-0.297435,-0.522498,-0.226673,0.692923,-0.030465,-0.683776,0.490054,-0.782643,0.593059,0.331607,-0.615885,0.012744,0.714535,-0.219390,-0.589942,0.580146,-0.226673,0.692923,-0.030464,-0.683776,0.490053,-0.782641,0.593066,0.331609,-0.615885,0.012743,0.714534,-0.219389,-0.589940,0.580151,0.238130,0.147120,-0.184511,-0.376616,3,True,True,0.124521,-1.333170,-0.017771,0.222988,0.113033,-0.082307,0.222988,0.113033,-0.082307,True,0.219553,0.119569,-0.109197,0.219553,0.119569,-0.109197,-2.722097,-2.655525,-2.557207,-2.632383,-2.690151,-2.617545,-2.490644,-2.596047,-0.260584,-0.227154,-0.240336,-0.272540,-0.280769,-0.248694,0.000000,-0.297310,-381.979340,-157.013535,-264.234222,-77.572823,True,velocity,0.238130,0.251659,-0.024784,-0.045505,0.010672,False
23.91222334899976,-0.881281,0.966504,-1.558679,0.625656,-0.441424,-0.457246,-0.319413,0.973743,1.553560,1.132913,0.681324,0.117926,-0.309406,-0.519586,-0.225641,0.690539,-0.032964,-0.686408,0.484395,-0.790340,0.594818,0.325599,-0.622184,0.011618,0.711855,-0.210606,-0.598365,0.580892,-0.225642,0.690538,-0.032963,-0.686408,0.484394,-0.790340,0.594822,0.325600,-0.622184,0.011617,0.711855,-0.210605,-0.598362,0.580895,0.237195,0.145931,-0.189798,-0.378319,3,True,True,0.065577,-1.242869,0.013442,0.227087,0.104554,-0.054145,0.227087,0.104554,-0.054145,True,0.222988,0.113033,-0.082307,0.222988,0.113033,-0.082307,-2.731763,-2.683884,-2.609238,-2.662451,-2.689509,-2.611120,-2.490429,-2.602574,-0.258146,-0.232360,-0.240853,-0.266574,-0.276236,-0.246957,-0.253693,-0.291516,-382.149139,-157.109940,-270.934418,-77.747208,True,velocity,0.237195,0.250322,-0.023982,-0.045455,0.025872,False
23.944631016999665,-0.890941,0.970663,-1.549652,0.624121,-0.449375,-0.449040,-0.319822,0.978402,1.570720,1.122401,0.679676,0.134882,-0.321003,-0.516478,-0.224359,0.688567,-0.035188,-0.688694,0.478543,-0.797176,0.596252,0.319378,-0.629232,0.010274,0.708491,-0.202156,-0.606339,0.581640,0.224360,-0.688567,0.035187,0.688694,0.478543,-0.797177,0.596255,0.319379,-0.629232,0.010273,0.708491,-0.202155,-0.606335,0.581644,0.235892,0.144486,-0.194526,-0.379325,3,True,True,0.009081,-1.135034,0.037428,0.231363,0.094717,-0.027212,0.231363,0.094717,-0.027212,True,0.227087,0.104554,-0.054145,0.227087,0.104554,-0.054145,-2.748727,-2.719218,-2.669733,-2.701781,-2.695577,-2.611706,-2.509273,-2.608279,-0.255417,-0.237479,-0.241470,-0.260003,-0.277586,-0.243798,-0.255199,-0.289969,-382.318512,-157.307480,-271.143005,-77.922432,True,velocity,0.235892,0.249013,-0.024035,-0.044134,0.026521,False
23.98085520299992,-0.899949,0.975074,-1.540799,0.622934,-0.456628,-0.443420,-0.321021,0.983799,1.586112,1.112251,0.677369,0.149516,-0.326525,-0.513352,-0.224246,0.686815,-0.037776,-0.690342,0.472639,-0.803340,0.597230,0.312220,-0.634747,0.007339,0.706797,-0.194641,-0.613866,0.582417,0.224247,-0.686815,0.037775,0.690342,0.472639,-0.803342,0.597231,0.312221,-0.634746,0.007338,0.706797,-0.194640,-0.613861,0.582420,0.234365,0.142876,-0.198902,-0.379858,3,True,True,-0.041241,-1.016335,0.048630,0.235612,0.083589,0.000000,0.235612,0.083589,0.000000,True,0.231363,0.094717,-0.027212,0.231363,0.094717,-0.027212,-2.772138,-2.758470,-2.733436,-2.747807,-2.701992,-2.617607,-2.551557,-2.614806,-0.252442,-0.242038,-0.242955,-0.253291,-0.284982,-0.247688,-0.261438,-0.294496,-382.546326,-157.460098,-271.300354,-78.158340,True,velocity,0.234365,0.246534,-0.021802,-0.050712,0.014379,False
24.012308913000197,-0.907568,0.980694,-1.532180,0.621766,-0.463290,-0.438922,-0.324193,0.988751,1.599319,1.104174,0.673254,0.163110,-0.331436,-0.510181,-0.225657,0.685022,-0.039476,-0.691567,0.466822,-0.809027,0.597994,0.306503,-0.639728,0.004308,0.704830,-0.188324,-0.621216,0.583217,0.225657,-0.685022,0.039476,0.691567,0.466822,-0.809031,0.597995,0.306504,-0.639727,0.004308,0.704830,-0.188323,-0.621209,0.583221,0.233508,0.141295,-0.203351,-0.379403,3,True,True,-0.078512,-0.900008,0.062285,0.239239,0.072557,0.000000,0.239239,0.072557,0.000000,True,0.235612,0.083589,0.000000,0.235612,0.083589,0.000000,-2.800670,-2.800670,-2.800670,-2.800670,-2.708115,-2.666851,-2.582506,-2.614806,-0.248930,-0.247765,-0.244074,-0.245694,-0.286211,-0.251604,-0.264881,-0.295022,-382.714844,-157.608810,-271.512543,-78.330498,True,velocity,0.233508,0.245344,-0.021293,-0.047564,0.013672,False
24.047399605000464,-0.913885,0.985804,-1.524788,0.620388,-0.468940,-0.433135,-0.329024,0.993577,1.610357,1.097891,0.667940,0.175757,-0.336516,-0.506795,-0.227136,0.683450,-0.039232,-0.692652,0.461709,-0.813743,0.598738,0.302272,-0.644249,0.001998,0.702546,-0.183520,-0.627518,0.584183,0.227136,-0.683450,0.039232,0.692652,0.461710,-0.813750,0.598737,0.302273,-0.644249,0.001998,0.702546,-0.183518,-0.627508,0.584187,0.233156,0.139681,-0.207141,-0.378722,3,True,True,-0.105208,-0.764649,0.082731,0.242550,0.060578,0.000000,0.242550,0.060578,0.000000,True,0.239239,0.072557,0.000000,0.239239,0.072557,0.000000,-2.847128,-2.847128,-2.847128,-2.847128,-2.726431,-2.666851,-2.594711,-2.687912,-0.248181,-0.245949,-0.241298,-0.245514,-0.279560,-0.256814,-0.262978,-0.286418,-382.917267,-157.817108,-271.662933,-78.540733,True,velocity,0.233156,0.244181,-0.019846,-0.044081,0.015757,False
24.076099531999716,-0.919159,0.991389,-1.519813,0.617911,-0.475114,-0.426249,-0.336276,0.997231,1.621447,1.093030,0.662564,0.184670,-0.338567,-0.502019,-0.229125,0.680937,-0.037120,-0.694585,0.456647,-0.818154,0.599679,0.297357,-0.647684,-0.000761,0.701486,-0.179081,-0.633543,0.585605,0.229126,-0.680937,0.037121,0.694585,0.456654,-0.818200,0.599669,0.297359,-0.647684,-0.000762,0.701486,-0.179075,-0.633487,0.585625,0.233739,0.137784,-0.210835,-0.378021,2,True,True,-0.128057,-0.627826,0.103748,0.245949,0.044824,0.055093,0.245949,0.044824,0.055093,True,0.242550,0.060578,0.000000,0.242550,0.060578,0.000000,-2.896845,-2.896845,-2.896845,-2.896845,-2.750749,-2.685016,-2.662161,-2.712379,-0.247337,-0.244101,-0.243147,-0.245759,-0.274442,-0.259374,-0.258280,-0.281680,-383.021332,-157.975021,-271.809998,-78.651367,True,velocity,0.233739,0.243000,-0.016363,-0.043178,0.013634,False
24.114020636000532,-0.923439,0.997271,-1.514558,0.616090,-0.482803,-0.418868,-0.342859,1.000148,1.630097,1.088319,0.657845,0.192773,-0.340445,-0.497056,-0.230894,0.677996,-0.035067,-0.696979,0.451870,-0.821704,0.600891,0.292994,-0.650387,-0.003044,0.700815,-0.175469,-0.638643,0.587333,0.230895,-0.677996,0.035067,0.696979,0.451876,-0.821741,0.600882,0.292995,-0.650387,-0.003045,0.700815,-0.175465,-0.638606,0.587346,0.234905,0.136016,-0.213954,-0.376705,2,True,True,-0.131140,-0.476412,0.088133,0.248461,0.027700,0.064810,0.248461,0.027700,0.064810,True,0.245949,0.044824,0.055093,0.245949,0.044824,0.055093,-2.926960,-2.942278,-2.993554,-2.982024,-2.781542,-2.715507,-2.717538,-2.755950,-0.239583,-0.253803,-0.248367,-0.233530,-0.267633,-0.262677,-0.256480,-0.273533,-383.235901,-158.179962,-272.013672,-78.855888,True,velocity,0.234905,0.240659,-0.009095,-0.048272,0.002788,False
24.14002337400052,-0.927292,1.004310,-1.511906,0.613437,-0.489983,-0.412303,-0.349568,1.001590,1.637699,1.086421,0.655440,0.199122,-0.341331,-0.492183,-0.233073,0.674201,-0.033107,-0.700024,0.447135,-0.824827,0.602085,0.288669,-0.653349,-0.004714,0.699845,-0.172128,-0.642842,0.589411,0.233102,-0.674207,0.033118,0.700008,0.447209,-0.824974,0.602070,0.288687,-0.653343,-0.004722,0.699843,-0.172215,-0.642850,0.589431,0.236465,0.134694,-0.216710,-0.375730,1,True,True,-0.104430,-0.318084,0.052569,0.249546,0.015056,0.061210,0.249546,0.015056,0.061210,True,0.248461,0.027700,0.064810,0.248461,0.027832,0.064810,-2.992065,-3.004598,-3.065078,-3.058009,-2.812336,-2.721995,-2.772652,-2.798373,-0.235697,-0.251542,-0.247741,-0.229554,-0.267110,-0.265304,-0.257392,-0.270497,-383.393707,-158.303986,-272.113831,-79.014786,True,velocity,0.236465,0.240659,0.000000,-0.038284,0.028876,False
24.176261706999867,-0.929801,1.010944,-1.509295,0.610145,-0.500126,-0.407481,-0.354884,1.000840,1.643486,1.082955,0.656516,0.204985,-0.339496,-0.486329,-0.235760,0.669393,-0.031861,-0.703786,0.442465,-0.827723,0.603021,0.282947,-0.655538,-0.006796,0.700117,-0.169322,-0.646249,0.591512,0.235786,-0.669402,0.031860,0.703769,0.442525,-0.827888,0.602995,0.282961,-0.655545,-0.006798,0.700106,-0.169395,-0.646436,0.591520,0.238410,0.133153,-0.219342,-0.374871,1,True,True,-0.072688,-0.159494,0.017128,0.201991,-0.000388,0.048245,0.201991,-0.000388,0.048245,True,0.201991,-0.000388,0.048245,0.249546,0.015056,0.061210,-3.047558,-3.055047,-3.112528,-3.110000,-2.843130,-2.844609,-2.827755,-2.847178,-0.235200,-0.248567,-0.248195,-0.231044,-0.267213,-0.271276,-0.259299,-0.265735,-383.541718,-158.507248,-272.313477,-79.160019,True,velocity,0.238410,0.238353,0.000000,-0.045051,0.001353,False
24.209143521999977,-0.931118,1.017045,-1.506503,0.606460,-0.511226,-0.402581,-0.359452,0.998517,1.647342,1.080243,0.658672,0.210751,-0.340527,-0.481324,-0.238546,0.664359,-0.030249,-0.707678,0.438127,-0.830528,0.603661,0.279203,-0.657788,-0.007718,0.699500,-0.167576,-0.649195,0.593244,0.238568,-0.664368,0.030239,0.707662,0.438151,-0.830625,0.603629,0.279216,-0.657791,-0.007723,0.699493,-0.167622,-0.649417,0.593248,0.240628,0.131668,-0.221945,-0.374169,1,True,True,-0.042804,-0.049810,-0.010061,0.152140,-0.004248,0.031096,0.152140,-0.004248,0.031096,True,0.201991,-0.000388,0.048245,0.202228,-0.000388,0.048245,-3.113296,-3.115489,3.111825,3.109324,-2.885838,-2.758325,-2.901130,-2.915062,-0.190150,-0.198222,-0.203917,-0.188700,-0.258045,-0.270284,-0.256216,-0.253494,-383.729492,-158.653458,-272.454376,-79.345566,True,velocity,0.240628,0.237197,0.000000,-0.042606,0.018785,False
24.243556254000396,-0.931491,1.021056,-1.500049,0.603205,-0.526392,-0.395802,-0.361302,0.995229,1.649704,1.075057,0.661912,0.218698,-0.343938,-0.477247,-0.240401,0.659314,-0.028742,-0.711819,0.434095,-0.833126,0.604329,0.276700,-0.659935,-0.008331,0.698465,-0.166312,-0.651700,0.594692,0.240402,-0.659313,0.028740,0.711820,0.434095,-0.833119,0.604330,0.276701,-0.659935,-0.008332,0.698465,-0.166315,-0.651725,0.594684,0.243048,0.130175,-0.224340,-0.373888,2,True,True,-0.028098,0.018430,-0.032717,0.000000,0.000000,0.000000,0.000000,0.000000,0.000000,True,0.152140,-0.004248,0.031096,0.152770,-0.004248,0.031096,3.138672,3.138864,3.091490,3.087967,-2.947058,-2.770697,-2.937745,-2.969892,-0.147183,-0.149588,-0.155714,-0.146516,-0.238670,-0.258177,-0.240078,-0.233584,-383.842346,-158.766602,-272.611755,-79.446983,True,velocity,0.243048,0.236078,0.015946,-0.040133,0.020897,False
24.27996129100029,-0.933553,1.024730,-1.495176,0.599615,-0.538836,-0.388399,-0.364609,0.993788,1.650932,1.071553,0.663679,0.223965,-0.344353,-0.474614,-0.241664,0.654799,-0.026555,-0.715634,0.430930,-0.835366,0.605007,0.274584,-0.661153,-0.009168,0.698138,-0.165608,-0.653634,0.595856,0.241664,-0.654799,0.026555,0.715634,0.430930,-0.835363,0.604999,0.274584,-0.661153,-0.009168,0.698138,-0.165608,-0.653631,0.595852,0.244607,0.129245,-0.226222,-0.373727,2,True,True,-0.055988,-0.038054,-0.027871,0.047985,-0.014050,0.000000,0.047985,-0.014050,0.000000,True,0.000000,0.000000,0.000000,0.093041,0.000000,0.000000,-3.141593,-3.141593,-3.141593,-3.141593,-2.989663,-2.917888,-3.011620,-3.018973,-0.091969,-0.090723,-0.092256,-0.092343,-0.217081,-0.214817,-0.212095,-0.208276,-383.947266,-158.895233,-272.701721,-79.546318,True,velocity,0.244607,0.235016,0.021036,-0.037095,0.025513,False
24.314545633000307,-0.936319,1.027593,-1.489156,0.595526,-0.552570,-0.380114,-0.370689,0.992624,1.652212,1.068338,0.664423,0.228299,-0.345415,-0.472180,-0.243525,0.650241,-0.023053,-0.719271,0.427875,-0.837419,0.605887,0.273090,-0.662047,-0.009806,0.697868,-0.165268,-0.655376,0.596949,0.243525,-0.650241,0.023053,0.719271,0.427876,-0.837422,0.605883,0.273089,-0.662047,-0.009806,0.697868,-0.165268,-0.655379,0.596945,0.246197,0.128079,-0.227894,-0.373468,3,True,True,-0.060396,-0.048619,-0.020117,0.071378,-0.030277,0.000000,0.071378,-0.030277,0.000000,True,0.047985,-0.014050,0.000000,0.047985,-0.014050,0.000000,2.856751,2.856751,2.856751,2.856751,-3.020835,-2.985389,-3.060441,-3.062048,-0.045943,-0.045215,-0.046688,-0.046717,-0.170888,-0.177206,-0.154420,-0.153030,-384.025391,-158.952286,-272.731445,-79.575058,True,velocity,0.246197,0.233228,0.027981,-0.040864,0.012252,False
24.346189842000058,-0.939993,1.029511,-1.484710,0.593898,-0.561565,-0.374285,-0.375147,0.993233,1.653941,1.066439,0.665129,0.230483,-0.345846,-0.472079,-0.244237,0.647450,-0.021629,-0.721588,0.425084,-0.838954,0.607086,0.271768,-0.662657,-0.010367,0.697797,-0.165124,-0.656698,0.597965,0.244237,-0.647450,0.021629,0.721588,0.425085,-0.838958,0.607081,0.271767,-0.662657,-0.010367,0.697797,-0.165125,-0.656704,0.597960,0.246700,0.126862,-0.228888,-0.373339,3,True,True,-0.042719,-0.023008,-0.016253,0.042167,-0.024004,0.000000,0.042167,-0.024004,0.000000,True,0.071378,-0.030277,0.000000,0.071037,-0.030277,0.000000,2.738695,2.738695,2.738695,2.738695,-3.106800,-3.083365,-2.913675,-2.896786,-0.069941,-0.069155,-0.062359,-0.061581,-0.126031,-0.105755,-0.107418,-0.084233,-384.040314,-158.965546,-272.723785,-79.558311,True,velocity,0.246700,0.232488,0.030258,-0.036670,0.011868,False
24.379799930000445,-0.944107,1.031101,-1.481473,0.592044,-0.571833,-0.369197,-0.380164,0.993709,1.655772,1.065045,0.666080,0.232713,-0.344250,-0.472073,-0.244836,0.643922,-0.020464,-0.724569,0.422582,-0.840248,0.608534,0.269809,-0.663410,-0.011692,0.697820,-0.164955,-0.657771,0.598947,0.244836,-0.643922,0.020464,0.724569,0.422583,-0.840255,0.608330,0.269808,-0.663410,-0.011692,0.697820,-0.164956,-0.657777,0.598744,0.246953,0.125582,-0.229613,-0.373157,3,True,True,-0.043406,-0.014228,-0.010785,0.036806,-0.027053,0.000000,0.036806,-0.027053,0.000000,True,0.042167,-0.024004,0.000000,0.042167,-0.024004,0.000000,2.643078,2.643078,2.643078,2.643078,3.059865,-3.138503,-2.999255,3.042960,-0.045389,-0.044020,-0.040244,-0.045743,-0.067304,-0.053431,-0.043995,-0.027369,-384.078278,-159.000275,-272.765900,-79.612587,True,velocity,0.246953,0.231953,0.031578,-0.031556,0.013024,False
24.41605228299977,-0.948264,1.031764,-1.478488,0.590455,-0.580622,-0.364605,-0.385138,0.994358,1.657514,1.063582,0.667059,0.233574,-0.340770,-0.472737,-0.245205,0.641093,-0.019252,-0.726983,0.420505,-0.841339,0.609997,0.267548,-0.663567,-0.013611,0.698506,-0.164854,-0.658606,0.599783,0.245204,-0.641093,0.019253,0.726983,0.420506,-0.841346,0.609163,0.267548,-0.663567,-0.013611,0.698506,-0.164855,-0.658614,0.598949,0.246544,0.124298,-0.230113,-0.373100,3,True,True,-0.043340,-0.004807,-0.009073,0.031901,-0.029729,0.000000,0.031901,-0.029729,0.000000,True,0.036806,-0.027053,0.000000,0.036806,-0.027053,0.000000,2.507751,2.507751,2.507751,2.507751,2.974302,3.107711,2.946518,2.963240,-0.040796,-0.035876,-0.041351,-0.041021,-0.049672,-0.039051,-0.034945,-0.028381,-384.117737,-159.038498,-272.821991,-79.667412,True,velocity,0.246544,0.231263,0.031966,-0.028080,0.001060,False
24.446799534000093,-0.952449,1.031480,-1.475366,0.591226,-0.584459,-0.361067,-0.387448,0.996504,1.658832,1.063142,0.667772,0.233807,-0.339334,-0.475181,-0.244340,0.640573,-0.019519,-0.727725,0.418996,-0.842131,0.611214,0.266509,-0.663772,-0.014440,0.698692,-0.164990,-0.659186,0.600271,0.244340,-0.640573,0.019520,0.727725,0.418997,-0.842136,0.610951,0.266508,-0.663772,-0.014439,0.698692,-0.164991,-0.659194,0.600009,0.246263,0.123423,-0.230264,-0.373201,3,True,True,-0.030255,0.009544,-0.012107,0.000000,0.000000,0.000000,0.000000,0.000000,0.000000,True,0.031901,-0.029729,0.000000,0.031901,-0.029729,0.000000,2.391417,2.391417,2.391417,2.391417,2.876147,2.930601,2.848875,2.860130,-0.038583,-0.032890,-0.038391,-0.038903,-0.049244,-0.045942,-0.055688,-0.056582,-384.136444,-159.060547,-272.845001,-79.677452,True,velocity,0.246263,0.231263,0.031081,-0.021613,0.030986,False
24.48192539200045,-0.956987,1.031527,-1.472444,0.592661,-0.586562,-0.355456,-0.388029,0.999349,1.659559,1.063415,0.668179,0.234079,-0.338035,-0.477879,-0.242082,0.640546,-0.019809,-0.728495,0.417585,-0.843165,0.612570,0.265782,-0.664059,-0.014865,0.698687,-0.165396,-0.660009,0.600836,0.242081,-0.640546,0.019809,0.728495,0.417587,-0.843173,0.612564,0.265782,-0.664060,-0.014865,0.698687,-0.165397,-0.660013,0.600831,0.245459,0.122762,-0.230596,-0.373223,3,True,True,-0.050092,-0.000415,-0.012766,0.032375,-0.038104,0.000000,0.032375,-0.038104,0.000000,True,0.000000,0.000000,0.000000,0.000000,0.000000,0.000000,2.747199,2.991584,2.732176,2.736861,2.747199,2.863110,2.732176,2.736861,0.000000,0.000000,0.000000,0.000000,-0.038164,-0.040057,-0.052110,-0.043310,-384.130310,-159.054962,-272.843597,-79.650810,True,velocity,0.245459,0.231028,0.029748,-0.017727,0.001916,False
24.516508104999957,-0.960706,1.030928,-1.470112,0.593538,-0.587089,-0.351275,-0.388852,1.001784,1.660329,1.063531,0.668516,0.233574,-0.337795,-0.480952,-0.240301,0.641056,-0.019650,-0.728640,0.416637,-0.844142,0.613509,0.265654,-0.664069,-0.015098,0.698722,-0.165828,-0.660817,0.601184,0.240300,-0.641056,0.019650,0.728640,0.416637,-0.844144,0.613505,0.265654,-0.664069,-0.015097,0.698722,-0.165829,-0.660824,0.601179,0.244424,0.122060,-0.231007,-0.373278,3,True,True,-0.023892,0.003523,-0.014402,0.000000,0.000000,0.000000,0.000000,0.000000,0.000000,True,0.032375,-0.038104,0.000000,0.032375,-0.037668,0.000000,2.280768,2.280768,2.280768,2.280768,2.722820,2.826127,2.695564,2.712129,-0.044894,-0.042464,-0.023026,-0.045119,-0.010945,-0.012494,-0.011175,0.002254,-384.108551,-159.038788,-272.816254,-79.630020,True,velocity,0.244424,0.231003,0.027510,-0.013336,0.004951,False
24.545810917999916,-0.964706,1.030546,-1.467553,0.595015,-0.584418,-0.345168,-0.387917,1.004809,1.660957,1.064080,0.668663,0.233476,-0.338059,-0.484629,-0.237299,0.642725,-0.019343,-0.728162,0.415789,-0.845304,0.614404,0.265906,-0.664323,-0.015093,0.698385,-0.166212,-0.661759,0.601484,0.237299,-0.642725,0.019343,0.728162,0.415789,-0.845307,0.614402,0.265906,-0.664323,-0.015093,0.698385,-0.166213,-0.661762,0.601481,0.243082,0.121651,-0.231513,-0.373416,3,True,True,-0.036148,-0.011643,-0.018542,0.000000,0.000000,0.000000,0.000000,0.000000,0.000000,True,0.000000,0.000000,0.000000,0.007904,-0.012763,0.000000,2.125289,2.125289,2.125289,2.125289,2.667648,2.678885,-2.870644,2.651300,-0.012858,-0.011474,-0.012833,-0.012983,0.010071,0.004159,0.005517,0.022120,-384.116760,-159.046875,-272.834961,-79.636581,True,velocity,0.243082,0.231003,0.024672,-0.010290,0.019207,False
24.577773256,-0.968526,1.030847,-1.465522,0.595486,-0.582039,-0.338408,-0.387246,1.007300,1.661332,1.064498,0.669100,0.233503,-0.337832,-0.487212,-0.234487,0.643849,-0.018383,-0.728104,0.415119,-0.846345,0.614982,0.265718,-0.664550,-0.015040,0.698241,-0.166316,-0.662524,0.601701,0.234486,-0.643849,0.018384,0.728105,0.415120,-0.846342,0.614127,0.265718,-0.664550,-0.015040,0.698241,-0.166318,-0.662535,0.600843,0.241003,0.121530,-0.231924,-0.373486,2,True,True,-0.039769,-0.023964,-0.020660,0.033968,-0.031655,0.000000,0.033968,-0.031655,0.000000,True,0.000000,0.000000,0.000000,0.000000,0.000000,0.000000,2.588481,2.758713,2.566924,2.565211,2.588481,2.758713,2.566924,2.565211,0.000000,0.000000,0.000000,0.000000,0.006330,0.004859,0.002636,0.014918,-384.125549,-159.053574,-272.841522,-79.644531,True,velocity,0.241003,0.231003,0.020391,-0.007812,0.019484,False
24.615217786999892,-0.972244,1.030602,-1.463109,0.596150,-0.577856,-0.332212,-0.384993,1.009684,1.663002,1.064158,0.670243,0.232910,-0.338897,-0.490442,-0.231210,0.645873,-0.017878,-0.727373,0.414063,-0.847667,0.615413,0.265393,-0.664708,-0.014934,0.698217,-0.166132,-0.663554,0.601865,0.231209,-0.645873,0.017878,0.727373,0.414062,-0.847648,0.615414,0.265392,-0.664709,-0.014933,0.698217,-0.166136,-0.663581,0.601852,0.240397,0.120905,-0.232572,-0.373744,2,True,True,-0.016677,-0.023325,-0.028381,0.000000,0.000000,0.000000,0.000000,0.000000,0.000000,True,0.033968,-0.031655,0.000000,0.033968,-0.031655,0.000000,2.391417,2.391417,2.391417,2.391417,2.569494,2.538051,2.547830,2.541113,-0.045697,-0.045933,-0.045864,-0.045912,-0.003864,-0.005730,-0.012690,-0.006320,-384.129181,-159.065567,-272.858246,-79.654991,True,velocity,0.240397,0.231003,0.019072,-0.005678,0.006735,False
24.649103429000206,-0.975604,1.031558,-1.460292,0.596526,-0.573111,-0.326877,-0.383668,1.012039,1.664211,1.064144,0.670747,0.232446,-0.340402,-0.493380,-0.229104,0.647954,-0.017283,-0.726202,0.413038,-0.848802,0.615303,0.265495,-0.664875,-0.014635,0.698026,-0.165672,-0.664585,0.601768,0.229103,-0.647954,0.017283,0.726202,0.413037,-0.848784,0.615304,0.265495,-0.664875,-0.014635,0.698026,-0.165674,-0.664596,0.601760,0.238885,0.120835,-0.233175,-0.373752,2,True,True,-0.018773,-0.041411,-0.028638,0.036636,-0.026928,0.000000,0.036636,-0.026928,0.000000,True,0.000000,0.000000,0.000000,0.000000,0.000000,0.000000,2.538887,2.525723,-2.791143,2.516213,2.538887,2.525723,2.524064,2.509735,0.000000,0.000000,0.000000,0.000000,-0.014092,-0.017052,-0.020370,-0.014673,-384.147186,-159.079803,-272.872772,-79.667686,True,velocity,0.238885,0.231009,0.015963,-0.004209,0.009201,False
24.674626355000328,-0.978737,1.032205,-1.456831,0.598277,-0.565683,-0.321380,-0.379321,1.014855,1.667516,1.063227,0.671319,0.231223,-0.344181,-0.497198,-0.225701,0.651381,-0.017697,-0.724188,0.411311,-0.850313,0.614799,0.265570,-0.665000,-0.014205,0.697887,-0.164586,-0.666111,0.601379,0.225696,-0.651376,0.017715,0.724193,0.411362,-0.850184,0.614183,0.265559,-0.665005,-0.014205,0.697886,-0.164632,-0.666144,0.600677,0.236031,0.120135,-0.234071,-0.373740,1,True,True,-0.001365,-0.043963,-0.028273,0.038224,-0.021760,0.000000,0.038224,-0.021760,0.000000,True,0.036636,-0.026928,0.000000,0.026726,-0.023341,0.000000,2.423715,2.423715,2.423715,2.423715,2.538887,2.513395,2.523660,2.509735,-0.035249,-0.035341,-0.035307,-0.035352,-0.012141,-0.013919,-0.016964,-0.012608,-384.149414,-159.079514,-272.873871,-79.664619,True,velocity,0.236031,0.231031,0.010158,-0.003165,0.004485,False
24.708640589000424,-0.981473,1.033115,-1.453774,0.599560,-0.558198,-0.317218,-0.374894,1.017496,1.671081,1.061785,0.672113,0.229332,-0.348615,-0.501099,-0.222856,0.654643,-0.018423,-0.722107,0.409565,-0.851698,0.613962,0.265710,-0.664843,-0.013591,0.697996,-0.163321,-0.667593,0.600877,0.222855,-0.654638,0.018438,0.722112,0.409601,-0.851548,0.614007,0.265697,-0.664849,-0.013589,0.697994,-0.163376,-0.667648,0.600825,0.234445,0.119449,-0.234966,-0.373815,1,True,True,0.012250,-0.043144,-0.030523,0.041289,-0.017514,0.000000,0.041289,-0.017514,0.000000,True,0.038224,-0.021760,0.000000,0.038224,-0.021760,0.000000,2.624084,2.624084,2.624084,2.624084,2.532926,2.501126,2.511861,2.491460,-0.043801,-0.043652,-0.043707,-0.043598,-0.016752,-0.013410,-0.019146,-0.011877,-384.172424,-159.081329,-272.898865,-79.690147,True,velocity,0.234445,0.231059,0.000000,-0.002154,0.006368,False
24.741137052999875,-0.984101,1.034040,-1.449155,0.601791,-0.546028,-0.312574,-0.369070,1.020516,1.675695,1.060207,0.673064,0.227225,-0.355037,-0.506035,-0.219607,0.660089,-0.019251,-0.718112,0.407276,-0.853330,0.612784,0.266257,-0.664889,-0.012642,0.697761,-0.161736,-0.669368,0.600264,0.219601,-0.660083,0.019283,0.718119,0.407320,-0.853134,0.612849,0.266240,-0.664899,-0.012641,0.697757,-0.161800,-0.669427,0.600203,0.231792,0.118597,-0.236066,-0.374010,1,True,True,0.018032,-0.044066,-0.036361,0.045694,-0.013379,0.000000,0.045694,-0.013379,0.000000,True,0.041289,-0.017514,0.000000,0.041289,-0.017514,0.000000,2.740417,2.740417,2.740417,2.740417,2.557493,2.501126,-2.515055,2.522135,-0.044101,-0.043572,-0.025948,-0.043785,-0.023948,-0.022992,-0.024173,-0.022599,-384.196838,-159.133514,-272.918793,-79.715126,True,velocity,0.231792,0.231094,0.000000,-0.001358,0.023363,False
24.775388435000423,-0.986735,1.035753,-1.445176,0.602408,-0.533636,-0.308286,-0.364677,1.022717,1.680255,1.058422,0.674510,0.225070,-0.362006,-0.510331,-0.217319,0.665097,-0.019263,-0.714176,0.404946,-0.855321,0.611285,0.266758,-0.664953,-0.011487,0.697529,-0.159984,-0.671338,0.599553,0.217311,-0.665093,0.019292,0.714181,0.404966,-0.855056,0.611357,0.266741,-0.664964,-0.011487,0.697524,-0.160051,-0.671400,0.599495,0.229350,0.117822,-0.237495,-0.374191,1,True,True,0.023893,-0.049270,-0.041800,0.053982,-0.009183,0.000000,0.053982,-0.009183,0.000000,True,0.045694,-0.013379,0.000000,0.045694,-0.013379,0.000000,2.856751,2.856751,2.856751,2.856751,2.588098,2.507614,2.572881,2.565211,-0.045905,-0.044536,-0.045707,-0.045604,-0.029921,-0.032261,-0.027923,-0.030091,-384.217621,-159.154297,-272.931641,-79.735634,True,velocity,0.229350,0.231138,0.000000,-0.000684,0.025624,False
24.808968096999706,-0.989207,1.037601,-1.440763,0.602497,-0.518784,-0.303622,-0.360873,1.024430,1.684865,1.056383,0.675838,0.222413,-0.370504,-0.514716,-0.215321,0.671006,-0.018385,-0.709260,0.402584,-0.857396,0.609769,0.267874,-0.664857,-0.009980,0.697216,-0.158190,-0.673404,0.598846,0.215309,-0.671003,0.018422,0.709265,0.402591,-0.857121,0.609848,0.267854,-0.664872,-0.009980,0.697209,-0.158265,-0.673477,0.598792,0.227208,0.117020,-0.239107,-0.374308,1,True,True,0.028047,-0.050683,-0.045307,0.057847,-0.003021,0.000000,0.057847,-0.003021,0.000000,True,0.053982,-0.009183,0.000000,0.053982,-0.009183,0.000000,2.973084,2.973084,2.973084,2.973084,2.643467,2.532211,2.652529,2.651362,-0.051809,-0.049521,-0.051531,-0.051502,-0.034516,-0.037969,-0.027923,-0.036286,-384.243164,-159.175644,-272.931641,-79.765907,True,velocity,0.227208,0.231147,0.000000,-0.000446,0.026751,False
24.84477954399972,-0.992461,1.041459,-1.440526,0.600804,-0.505475,-0.300238,-0.356105,1.026254,1.688973,1.054157,0.678384,0.220038,-0.380265,-0.519665,-0.213196,0.674593,-0.018721,-0.706485,0.400204,-0.859689,0.608125,0.269195,-0.664961,-0.007744,0.696635,-0.156223,-0.675543,0.598247,0.213198,-0.674592,0.018720,0.706486,0.400196,-0.859604,0.608143,0.269194,-0.664962,-0.007743,0.696635,-0.156230,-0.675593,0.598231,0.224871,0.116722,-0.240901,-0.374683,2,True,True,0.042994,-0.051749,-0.056576,0.067141,0.004314,0.000000,0.067141,0.004314,0.000000,True,0.057847,-0.003021,0.000000,0.057847,-0.003021,0.000000,3.089417,3.089417,3.089417,3.089417,2.735216,2.660678,2.695564,2.503860,-0.054330,-0.052683,-0.052933,-0.048276,-0.036543,-0.038268,-0.033209,-0.036553,-384.271912,-159.211914,-272.994415,-79.791573,True,velocity,0.224871,0.231147,-0.012535,-0.000328,0.014663,False
24.878246928999943,-0.995211,1.045110,-1.438459,0.598149,-0.493909,-0.298442,-0.350561,1.026511,1.693398,1.051507,0.682841,0.217774,-0.389627,-0.523718,-0.212065,0.678058,-0.019470,-0.703482,0.397552,-0.862406,0.606150,0.269607,-0.665268,-0.005681,0.696203,-0.153786,-0.677682,0.597700,0.212066,-0.678057,0.019469,0.703482,0.397542,-0.862306,0.606175,0.269606,-0.665268,-0.005681,0.696203,-0.153794,-0.677741,0.597683,0.222840,0.116322,-0.242968,-0.375163,2,True,True,0.051430,-0.049649,-0.070959,0.070323,0.012832,-0.050777,0.070323,0.012832,-0.050777,True,0.067141,0.004314,0.000000,0.067141,0.004314,0.000000,-3.077435,-3.077435,-3.077435,-3.077435,2.814560,2.710025,-2.705201,2.791685,-0.062197,-0.059180,-0.062672,-0.061593,-0.040626,-0.042781,-0.040186,-0.042769,-384.301605,-159.245682,-273.024261,-79.835381,True,velocity,0.222840,0.231147,-0.016602,-0.000246,0.000463,False
24.912403070000437,-0.996492,1.047769,-1.436804,0.595719,-0.484743,-0.299636,-0.346182,1.025502,1.698139,1.048083,0.686524,0.215668,-0.395995,-0.526940,-0.212547,0.680893,-0.020782,-0.700554,0.395022,-0.865005,0.604579,0.269619,-0.665205,-0.005050,0.696263,-0.151265,-0.679545,0.597152,0.212548,-0.680893,0.020781,0.700554,0.395016,-0.864944,0.604596,0.269618,-0.665205,-0.005050,0.696263,-0.151269,-0.679577,0.597146,0.221716,0.115951,-0.245025,-0.376344,2,True,True,0.053955,-0.041195,-0.055611,0.064915,0.019855,-0.052199,0.064915,0.019855,-0.052199,True,0.070323,0.012832,-0.050777,0.070323,0.012832,-0.050777,-3.058042,-3.034818,-2.842047,-2.904811,2.919130,2.544592,-2.999415,2.908511,-0.074946,-0.047303,-0.063768,-0.071254,-0.047345,-0.051436,-0.047329,-0.049442,-384.342499,-159.289474,-273.063202,-79.868721,True,velocity,0.221716,0.231147,-0.018852,-0.000183,0.018415,False
24.945913677000135,-0.997645,1.051134,-1.435531,0.593088,-0.479060,-0.300958,-0.342440,1.023354,1.703693,1.044717,0.690268,0.215609,-0.402726,-0.529328,-0.213740,0.682230,-0.022554,-0.698833,0.392110,-0.867820,0.603358,0.269581,-0.666066,-0.004872,0.695455,-0.148183,-0.681249,0.596624,0.213741,-0.682230,0.022553,0.698834,0.392104,-0.867754,0.603404,0.269581,-0.666067,-0.004873,0.695455,-0.148187,-0.681281,0.596644,0.221147,0.115799,-0.247163,-0.377945,2,True,True,0.054663,-0.037653,-0.051458,0.060792,0.026650,-0.051981,0.060792,0.026650,-0.051981,True,0.064915,0.019855,-0.052199,0.064915,0.019855,-0.052199,-2.961156,-2.905867,-2.703550,-2.799818,2.986723,2.733995,3.026360,3.006510,-0.070830,-0.046114,-0.052652,-0.069582,-0.052095,-0.051524,-0.056236,-0.057291,-384.376801,-159.300369,-273.098480,-79.912666,True,velocity,0.221147,0.231147,-0.019993,-0.000137,0.003540,False
24.98131636800008,-0.999258,1.054416,-1.434042,0.590779,-0.475909,-0.303246,-0.337752,1.020478,1.709149,1.040745,0.695561,0.217489,-0.405771,-0.531167,-0.214859,0.682762,-0.025691,-0.697863,0.388909,-0.870594,0.602767,0.267852,-0.667375,-0.006160,0.694858,-0.144855,-0.682630,0.596332,0.214859,-0.682761,0.025689,0.697863,0.388903,-0.870523,0.603163,0.267852,-0.667375,-0.006161,0.694858,-0.144860,-0.682670,0.596698,0.221147,0.115624,-0.249152,-0.379805,2,True,True,0.046951,-0.030995,-0.055264,0.048555,0.028416,-0.052947,0.048555,0.028416,-0.052947,True,0.060792,0.026650,-0.051981,0.060792,0.026650,-0.051981,-2.858136,-2.769395,-2.575467,-2.698793,3.078872,2.900110,-3.103311,3.134985,-0.068220,-0.044575,-0.053180,-0.069409,-0.051312,-0.043105,-0.057725,-0.063564,-384.410431,-159.340256,-273.135590,-79.960381,True,velocity,0.221147,0.231147,-0.019995,-0.000101,0.006465,False
25.01498962200003,-1.001623,1.058160,-1.431798,0.588058,-0.473785,-0.303584,-0.333492,1.016837,1.714352,1.036282,0.701300,0.219567,-0.408231,-0.532182,-0.215735,0.682950,-0.028343,-0.697305,0.385422,-0.873424,0.602912,0.265767,-0.668590,-0.007589,0.694477,-0.141429,-0.683794,0.596319,0.215736,-0.682950,0.028342,0.697305,0.385416,-0.873347,0.603076,0.265767,-0.668590,-0.007589,0.694477,-0.141432,-0.683835,0.596453,0.221147,0.115536,-0.251073,-0.381760,2,True,True,0.035837,-0.033009,-0.060969,0.038910,0.029324,-0.055306,0.038910,0.029324,-0.055306,True,0.048555,0.028416,-0.052947,0.048555,0.028416,-0.052947,-2.777552,-2.635353,-2.418596,-2.596480,-3.131178,3.083705,-3.103311,-3.055930,-0.057781,-0.038219,-0.040861,-0.060331,-0.047338,-0.040978,-0.050068,-0.064919,-384.441254,-159.363983,-273.166565,-80.005020,True,velocity,0.221147,0.231144,-0.019989,-0.000098,0.007490,False
25.04591639099999,-1.004098,1.061986,-1.430110,0.583250,-0.475640,-0.301145,-0.333023,1.012284,1.717929,1.032480,0.706184,0.221738,-0.412162,-0.530708,-0.217251,0.681400,-0.028152,-0.698358,0.382523,-0.875942,0.603567,0.264457,-0.669739,-0.007738,0.693868,-0.138850,-0.684609,0.596649,0.217251,-0.681399,0.028151,0.698358,0.382520,-0.875889,0.603581,0.264456,-0.669739,-0.007739,0.693868,-0.138853,-0.684633,0.596644,0.222309,0.115544,-0.252772,-0.383411,2,True,True,0.023274,-0.036970,-0.055207,0.031600,0.030164,-0.055277,0.031600,0.030164,-0.055277,True,0.038910,0.029324,-0.055306,0.038910,0.029324,-0.055306,-2.704910,-2.489086,-2.256066,-2.499883,-3.063561,-3.028226,2.646106,-2.964017,-0.049922,-0.028154,-0.008795,-0.053929,-0.043418,-0.040864,-0.044744,-0.060865,-384.454376,-159.390350,-273.193634,-80.025810,True,velocity,0.222309,0.231100,-0.017561,-0.000411,0.024118,False
25.08229057599965,-1.007870,1.065819,-1.427585,0.579093,-0.478740,-0.295470,-0.332763,1.008188,1.721530,1.029336,0.710960,0.225885,-0.416985,-0.528553,-0.217542,0.679632,-0.027648,-0.700008,0.379357,-0.878548,0.605089,0.263164,-0.671812,-0.007453,0.692357,-0.136455,-0.685308,0.597324,0.217542,-0.679632,0.027647,0.700008,0.379355,-0.878500,0.605100,0.263164,-0.671812,-0.007454,0.692357,-0.136457,-0.685330,0.597319,0.223691,0.115545,-0.254341,-0.385176,2,True,True,0.007051,-0.043487,-0.052882,0.035182,0.026515,-0.054573,0.035182,0.026515,-0.054573,True,0.031600,0.030164,-0.055277,0.031600,0.030164,-0.055277,-2.623073,-2.330102,-2.112040,-2.408261,-2.990041,-3.120330,-2.742060,-2.865966,-0.044059,-0.022695,-0.034822,-0.049502,-0.034192,-0.042375,-0.040223,-0.053036,-384.470703,-159.404861,-273.217926,-80.057899,True,velocity,0.223691,0.230969,-0.014493,-0.001263,0.028299,False
25.11364960100036,-1.012377,1.068672,-1.424475,0.577193,-0.481736,-0.289356,-0.328940,1.005696,1.724414,1.026207,0.715583,0.229663,-0.420755,-0.527783,-0.215609,0.678392,-0.029222,-0.701743,0.376431,-0.881025,0.607287,0.261905,-0.673530,-0.007172,0.691166,-0.134448,-0.685913,0.598180,0.215609,-0.678391,0.029221,0.701744,0.376430,-0.880978,0.607298,0.261905,-0.673531,-0.007172,0.691166,-0.134451,-0.685941,0.598172,0.224537,0.115652,-0.255679,-0.387001,2,True,True,-0.001154,-0.041082,-0.053058,0.035471,0.020759,-0.054127,0.035471,0.020759,-0.054127,True,0.035182,0.026515,-0.054573,0.035182,0.026515,-0.054573,-2.722061,-2.488263,-2.233392,-2.500181,-2.898398,-3.089203,-2.649832,-2.749577,-0.047926,-0.026908,-0.038511,-0.053771,-0.028156,-0.033880,-0.035934,-0.045062,-384.482697,-159.427872,-273.233673,-80.085655,True,velocity,0.224537,0.230791,-0.012391,-0.002314,0.027918,False
25.14284347099965,-1.017035,1.071906,-1.423623,0.573769,-0.485736,-0.282572,-0.328551,1.002186,1.727108,1.025409,0.719319,0.233450,-0.425107,-0.526152,-0.214422,0.675985,-0.028830,-0.704441,0.373905,-0.883493,0.609881,0.261475,-0.675871,-0.006686,0.689046,-0.132858,-0.686373,0.599117,0.214439,-0.675987,0.028828,0.704434,0.373945,-0.883340,0.609885,0.261482,-0.675870,-0.006692,0.689044,-0.132901,-0.686438,0.599118,0.226101,0.115728,-0.256958,-0.388527,1,True,True,-0.004798,-0.038779,-0.044689,0.000000,0.000000,-0.051351,0.000000,0.000000,-0.051351,True,0.035471,0.020759,-0.054127,0.035471,0.020759,-0.054127,-2.835286,-2.648148,-2.335322,-2.591586,-2.867508,-2.703234,-2.570184,-2.693787,-0.046829,-0.028089,-0.036909,-0.052127,-0.022003,-0.028036,-0.031136,-0.043991,-384.494293,-159.438202,-273.254181,-80.110771,True,velocity,0.226101,0.230375,0.000000,-0.005013,0.009052,False
25.176072320000458,-1.021759,1.073952,-1.421974,0.570707,-0.490680,-0.277115,-0.328892,0.999832,1.729144,1.023274,0.722082,0.236530,-0.427207,-0.524077,-0.213591,0.673761,-0.028587,-0.706829,0.371796,-0.885326,0.612266,0.260350,-0.677155,-0.006543,0.688212,-0.131700,-0.686609,0.599854,0.213599,-0.673763,0.028587,0.706825,0.371817,-0.885080,0.612268,0.260352,-0.677156,-0.006545,0.688210,-0.131717,-0.686570,0.599859,0.227234,0.115624,-0.257681,-0.389909,1,True,True,-0.007915,-0.060473,-0.034812,0.045793,0.020075,-0.046487,0.045793,0.020075,-0.046487,True,0.000000,0.000000,-0.051351,0.000000,0.000000,-0.051351,2.517182,-2.517182,2.517182,-2.517182,-2.879422,-2.685016,-2.527149,-2.676001,-0.006801,0.010609,0.003632,-0.010625,-0.020315,-0.022604,-0.030687,-0.039996,-384.503632,-159.443924,-273.268707,-80.124580,True,velocity,0.227234,0.230147,0.000000,-0.005467,0.010442,False
25.212082525999904,-1.027127,1.076260,-1.419978,0.569447,-0.496775,-0.271951,-0.326667,0.997415,1.731342,1.020601,0.725716,0.239637,-0.427740,-0.522469,-0.211708,0.671248,-0.030651,-0.709695,0.369015,-0.887262,0.615541,0.258521,-0.678342,-0.007013,0.687728,-0.130342,-0.686750,0.600784,0.211724,-0.671247,0.030646,0.709691,0.369043,-0.887186,0.615537,0.258524,-0.678345,-0.007016,0.687724,-0.130358,-0.686871,0.600779,0.228372,0.115488,-0.258650,-0.391557,1,True,True,-0.013208,-0.039539,-0.037767,0.039864,0.012193,-0.043922,0.039864,0.012193,-0.043922,True,0.045793,0.020075,-0.046487,0.043028,0.020075,-0.046487,-2.866401,-2.753000,-2.508631,-2.673173,-2.977852,-2.678584,-2.527260,-2.657234,-0.052593,-0.037850,-0.043557,-0.057072,-0.008745,-0.012226,-0.023123,-0.028909,-384.488983,-159.447968,-273.264648,-80.124306,True,velocity,0.228372,0.229931,0.000000,-0.005612,0.014363,False
25.24733299499985,-1.032127,1.078253,-1.417606,0.568191,-0.503371,-0.266618,-0.324276,0.994637,1.733146,1.018150,0.730024,0.242895,-0.428265,-0.520737,-0.209794,0.668716,-0.032483,-0.712566,0.366426,-0.889060,0.618679,0.256590,-0.679670,-0.007382,0.687136,-0.129124,-0.686764,0.601714,0.209810,-0.668716,0.032476,0.712562,0.366448,-0.888998,0.618675,0.256594,-0.679672,-0.007386,0.687133,-0.129137,-0.686908,0.601708,0.229539,0.115316,-0.259415,-0.393088,1,True,True,-0.014459,-0.020991,-0.039782,0.000000,0.000000,-0.042704,0.000000,0.000000,-0.042704,True,0.039864,0.012193,-0.043922,0.039864,0.012193,-0.043922,-2.998643,-2.934336,-2.644579,-2.786082,-2.965021,-2.893299,-2.514945,-2.651524,-0.047792,-0.033078,-0.036547,-0.050032,-0.004133,-0.014786,-0.019520,-0.018603,-384.508362,-159.474045,-273.300507,-80.153038,True,velocity,0.229539,0.229763,0.000000,-0.005418,0.017005,False
25.280854991000524,-1.036200,1.079701,-1.414597,0.566648,-0.509204,-0.261935,-0.323090,0.992739,1.734064,1.015961,0.732906,0.245340,-0.428937,-0.519282,-0.208686,0.666791,-0.033328,-0.714653,0.364488,-0.890434,0.620936,0.255401,-0.680443,-0.007418,0.686813,-0.128349,-0.686771,0.602344,0.208693,-0.666792,0.033325,0.714650,0.364502,-0.890262,0.620934,0.255402,-0.680444,-0.007420,0.686812,-0.128354,-0.686789,0.602339,0.230405,0.115306,-0.259854,-0.394288,1,True,True,-0.014788,-0.034165,-0.033064,0.000000,0.000000,-0.039869,0.000000,0.000000,-0.039869,True,0.000000,0.000000,-0.042704,0.006738,0.000000,-0.042704,2.783933,-1.670272,-1.471321,-2.783933,-2.972189,-2.758974,-2.539466,-2.676163,-0.012915,0.002437,-0.002533,-0.014856,-0.012851,-0.020525,-0.022358,-0.021349,-384.539062,-159.490234,-273.316559,-80.178017,True,velocity,0.230405,0.229616,0.000000,-0.005144,0.001337,False
25.311083317999874,-1.040222,1.080979,-1.411503,0.565575,-0.514407,-0.257496,-0.321761,0.991721,1.735497,1.014530,0.734887,0.248450,-0.429884,-0.518612,-0.207453,0.665189,-0.034366,-0.716453,0.362640,-0.891697,0.623036,0.254562,-0.681649,-0.007666,0.685925,-0.127514,-0.686904,0.602975,0.207459,-0.665190,0.034364,0.716451,0.362652,-0.891518,0.623035,0.254563,-0.681649,-0.007667,0.685926,-0.127518,-0.686887,0.602968,0.230990,0.115312,-0.260328,-0.395414,1,True,True,-0.014595,-0.048378,-0.026976,0.049188,0.008976,-0.036077,0.049188,0.008976,-0.036077,True,0.000000,0.000000,-0.039869,0.000000,0.000000,-0.039869,2.517182,-2.517182,2.517182,-2.517182,-3.014800,-2.789509,-2.558095,-2.700473,-0.006106,0.008046,0.002965,-0.008214,-0.023591,-0.022106,-0.025253,-0.027820,-384.539490,-159.480606,-273.312775,-80.176895,True,velocity,0.230990,0.229613,0.000000,-0.003959,0.000322,False
25.34236384399992,-1.043087,1.081796,-1.409021,0.564095,-0.519704,-0.253431,-0.321363,0.990089,1.736940,1.013060,0.737245,0.251556,-0.431474,-0.517685,-0.206785,0.663501,-0.034471,-0.718205,0.361154,-0.892798,0.624780,0.253821,-0.682941,-0.007775,0.684914,-0.126683,-0.687023,0.603667,0.206792,-0.663502,0.034469,0.718202,0.361164,-0.892849,0.624768,0.253824,-0.682940,-0.007779,0.684913,-0.126697,-0.687129,0.603668,0.231853,0.115207,-0.261028,-0.396479,1,True,True,-0.007128,-0.020526,-0.022859,0.000000,0.000000,-0.032189,0.000000,0.000000,-0.032189,True,0.049188,0.008976,-0.036077,0.043379,0.008976,-0.036077,-3.049829,-3.019869,-2.796355,-2.877375,3.127382,-2.685126,-2.662161,-2.669798,-0.049442,-0.035864,-0.039225,-0.050191,-0.019938,-0.007042,-0.014849,-0.021478,-384.531677,-159.478928,-273.309723,-80.178154,True,velocity,0.231853,0.229613,0.000000,-0.003015,0.016783,False
25.375838580999698,-1.045604,1.082355,-1.407011,0.562085,-0.524974,-0.248907,-0.322486,0.988924,1.738273,1.011344,0.739002,0.254377,-0.432004,-0.516160,-0.206430,0.661730,-0.033343,-0.719992,0.360111,-0.893663,0.625961,0.252594,-0.683892,-0.008058,0.684414,-0.125875,-0.687056,0.604195,0.206434,-0.661731,0.033345,0.719989,0.360120,-0.893587,0.625946,0.252597,-0.683892,-0.008059,0.684413,-0.125874,-0.687039,0.604203,0.232478,0.115064,-0.261241,-0.397255,1,True,True,-0.011414,-0.026899,-0.013925,0.000000,0.000000,-0.026818,0.000000,0.000000,-0.026818,True,0.000000,0.000000,-0.032189,0.023994,0.000000,-0.032189,3.008560,2.931824,-2.931824,-3.008560,3.139964,-2.788905,-2.680664,-2.675672,-0.029472,-0.016084,-0.018284,-0.028096,-0.009930,-0.007632,-0.005970,-0.020126,-384.551910,-159.512970,-273.328949,-80.217911,True,velocity,0.232478,0.229613,0.000000,-0.002263,0.018090,False
25.412372599000264,-1.048286,1.083087,-1.405239,0.559704,-0.530458,-0.244194,-0.324748,0.987627,1.739800,1.009919,0.740590,0.257906,-0.431899,-0.514394,-0.206471,0.659749,-0.031724,-0.721869,0.359049,-0.894436,0.627118,0.251179,-0.685145,-0.008713,0.683674,-0.124975,-0.686963,0.604681,0.206476,-0.659750,0.031728,0.721866,0.359056,-0.894341,0.627101,-0.251183,0.685144,0.008712,-0.683673,-0.124970,-0.686945,0.604691,0.233134,0.114941,-0.261447,-0.398049,1,True,True,-0.015090,-0.033096,-0.010944,0.000000,0.000000,0.000000,0.000000,0.000000,0.000000,True,0.000000,0.000000,-0.026818,0.000000,0.000000,-0.026818,2.517182,-2.517182,2.517182,-2.517182,3.084404,-2.758372,-2.717276,-2.743394,-0.004739,0.005457,0.002802,-0.005476,-0.014360,-0.013487,-0.009073,-0.024322,-384.571136,-159.506561,-273.332184,-80.226425,True,velocity,0.233134,0.229613,0.000000,-0.001656,0.022873,False
25.444653213000493,-1.051064,1.084532,-1.403479,0.556660,-0.536442,-0.239232,-0.328196,0.985943,1.739990,1.008509,0.741771,0.260826,-0.432505,-0.512314,-0.206992,0.657397,-0.029358,-0.723962,0.358151,-0.894933,0.628194,0.250231,-0.686042,-0.009111,0.683116,-0.124187,-0.686799,0.604968,0.206999,-0.657399,0.029363,0.723958,0.358157,-0.894820,0.628176,-0.250436,0.685932,0.008957,-0.683154,-0.124483,-0.686770,0.604921,0.233961,0.114883,-0.261541,-0.398170,1,True,True,-0.016855,-0.035923,-0.014557,0.000000,0.000000,0.000000,0.000000,0.000000,0.000000,True,0.000000,0.000000,0.000000,0.000000,0.000000,0.000000,2.980539,-2.777139,2.536269,-2.724622,2.980539,-2.801186,2.536269,-2.724622,0.000000,0.000000,0.000000,0.000000,-0.016545,-0.014256,-0.010387,-0.025162,-384.558746,-159.500412,-273.320465,-80.225029,True,velocity,0.233961,0.229613,0.000000,-0.001251,0.007249,False
25.482004151999718,-1.053896,1.085796,-1.399287,0.553884,-0.545927,-0.232164,-0.330799,0.983851,1.740000,1.005828,0.743392,0.265645,-0.434387,-0.510095,-0.207041,0.654480,-0.026869,-0.726682,0.357165,-0.895094,0.629423,0.249506,-0.687220,-0.009547,0.682190,-0.123228,-0.686404,0.605192,0.207042,-0.654480,0.026869,0.726683,0.357165,-0.895084,0.629423,-0.249812,0.687053,0.009312,-0.682250,-0.123690,-0.686354,0.605104,0.234948,0.114883,-0.261460,-0.398156,2,True,True,-0.016858,-0.033496,-0.014146,0.000000,0.000000,0.000000,0.000000,0.000000,0.000000,True,0.000000,0.000000,0.000000,0.000000,0.000000,0.000000,2.973891,-2.850448,-2.852019,-2.724622,2.973891,-2.850448,-2.852019,-2.724622,0.000000,0.000000,0.000000,0.000000,-0.002009,0.003275,0.001027,-0.008336,-384.548676,-159.500977,-273.315155,-80.224892,True,velocity,0.234948,0.229613,0.010715,-0.000914,0.012249,False
25.516394754999965,-1.056376,1.087265,-1.396497,0.551329,-0.555053,-0.227028,-0.333674,0.982106,1.740000,1.003992,0.744817,0.269340,-0.435673,-0.508341,-0.207596,0.651288,-0.024956,-0.729455,0.356442,-0.895119,0.630315,0.248904,-0.688176,-0.009896,0.681441,-0.122357,-0.685914,0.605261,0.207596,-0.651288,0.024955,0.729455,0.356442,-0.895117,0.630314,-0.249237,0.687994,0.009640,-0.681508,-0.122858,-0.685859,0.605165,0.235634,0.115078,-0.261224,-0.398058,2,True,True,-0.011007,-0.026406,-0.011201,0.000000,0.000000,0.000000,0.000000,0.000000,0.000000,True,0.000000,0.000000,0.000000,0.000000,0.000000,0.000000,2.974533,-2.850448,-2.852019,-2.706841,2.974533,-2.850448,-2.852019,-2.706841,0.000000,0.000000,0.000000,0.000000,0.011419,0.004423,0.008490,0.000541,-384.548676,-159.501389,-273.315582,-80.225723,True,velocity,0.235634,0.229613,0.012075,-0.000679,0.014818,False
25.5540917670005,-1.058750,1.088406,-1.392091,0.548056,-0.567341,-0.218900,-0.337515,0.979028,1.740000,1.001097,0.747135,0.274828,-0.437512,-0.505757,-0.208044,0.647358,-0.021372,-0.732931,0.355820,-0.895034,0.631347,0.248074,-0.689542,-0.010599,0.680352,-0.121214,-0.685159,0.605288,0.208044,-0.647358,0.021372,0.732931,0.355820,-0.895037,0.631346,-0.248388,0.689370,0.010358,-0.680416,-0.121686,-0.685102,0.605199,0.236803,0.115184,-0.260909,-0.397826,4,True,True,-0.007808,-0.016941,-0.004237,0.000000,0.000000,0.000000,0.000000,0.000000,0.000000,True,0.000000,0.000000,0.000000,0.000000,0.000000,0.000000,2.974533,-2.831714,-2.858587,-2.712716,2.974533,-2.820039,-2.864368,-2.712558,0.000000,0.000000,0.000000,0.000000,0.007086,0.000449,0.005775,0.000144,-384.548676,-159.500702,-273.310699,-80.224747,True,velocity,0.236803,0.229613,0.014404,-0.000493,0.002347,False
25.587603596000008,-1.061110,1.089919,-1.388852,0.545533,-0.577534,-0.209181,-0.341262,0.975939,1.740000,0.998791,0.749378,0.279330,-0.438752,-0.503403,-0.207614,0.643765,-0.017347,-0.736316,0.355279,-0.894725,0.632485,0.247151,-0.690732,-0.011449,0.679466,-0.120060,-0.684297,0.605233,0.207614,-0.643765,0.017347,0.736316,0.355279,-0.894728,0.632484,-0.247466,0.690559,0.011207,-0.679531,-0.120533,-0.684241,0.605143,0.237865,0.115264,-0.260423,-0.397322,6,True,True,-0.005413,-0.002364,0.010869,0.000000,0.000000,0.000000,0.000000,0.000000,0.000000,True,0.000000,0.000000,0.000000,0.000000,0.000000,0.000000,2.974533,-2.819349,-2.870644,-2.712716,2.974533,-2.819957,-2.870644,-2.712558,0.000000,0.000000,0.000000,0.000000,0.002202,0.000106,0.003983,0.000050,-384.543243,-159.500702,-273.306213,-80.224747,True,velocity,0.237865,0.229622,0.016501,-0.000302,0.005170,False
25.62514294199991,-1.062984,1.091460,-1.387066,0.543368,-0.589819,-0.199495,-0.345918,0.972630,1.740000,0.997079,0.750978,0.282989,-0.439019,-0.500696,-0.207411,0.638942,-0.013173,-0.740649,0.354997,-0.894259,0.633742,0.246216,-0.691695,-0.012502,0.678807,-0.118947,-0.683380,0.605143,0.207411,-0.638942,0.013173,0.740649,0.354998,-0.894262,0.633741,-0.246535,0.691520,0.012257,-0.678875,-0.119425,-0.683324,0.605051,0.239121,0.115405,-0.259863,-0.396727,7,True,True,-0.001183,0.014425,0.028728,0.000000,0.000000,0.000000,0.000000,0.000000,0.000000,True,0.000000,0.000000,0.000000,0.000000,0.000000,0.000000,2.974533,-2.819957,-2.870644,-2.712558,2.980307,-2.819957,-2.870644,-2.712558,0.000000,0.000000,0.000000,0.000000,0.002354,0.000303,0.004841,0.000348,-384.544922,-159.500702,-273.306641,-80.224747,True,velocity,0.239121,0.229650,0.018943,-0.000016,0.009693,False
25.666213788000277,-1.064312,1.092612,-1.385839,0.542672,-0.600395,-0.190543,-0.351313,0.970385,1.740000,0.996015,0.751297,0.286084,-0.439242,-0.497934,-0.207348,0.634767,-0.009245,-0.744306,0.354800,-0.893717,0.634856,0.245551,-0.692484,-0.013209,0.678230,-0.118207,-0.682681,0.605000,0.207348,-0.634767,0.009245,0.744306,0.354801,-0.893720,0.634856,-0.245883,0.692300,0.012954,-0.678302,-0.118706,-0.682622,0.604903,0.240071,0.115468,-0.259327,-0.396101,7,True,True,0.000720,0.030514,0.047497,0.000000,0.000000,0.000000,0.000000,0.000000,0.000000,True,0.000000,0.000000,0.000000,0.000000,0.000000,0.000000,2.980486,-2.819957,-2.986892,-2.712716,2.980486,-2.819957,-2.986892,-2.712716,0.000000,0.000000,0.000000,0.000000,0.001276,0.000010,0.001987,0.000000,-384.545349,-159.500702,-273.308594,-80.224747,True,velocity,0.240071,0.229734,0.020646,0.000584,0.003684,False
25.697075187000337,-1.065331,1.093441,-1.384699,0.544525,-0.608416,-0.182125,-0.355345,0.969221,1.740000,0.995451,0.751206,0.289485,-0.439055,-0.495860,-0.206453,0.631765,-0.006727,-0.747131,0.354597,-0.892999,0.636143,0.244929,-0.693410,-0.013945,0.677494,-0.117599,-0.682015,0.604867,0.206453,-0.631765,0.006727,0.747131,0.354598,-0.893002,0.636142,-0.245260,0.693227,0.013690,-0.677567,-0.118097,-0.681958,0.604771,0.240584,0.115618,-0.258672,-0.395512,8,True,True,0.005216,0.050150,0.065162,-0.047854,-0.014491,0.000000,-0.047854,-0.014491,0.000000,True,0.000000,0.000000,0.000000,0.000000,0.000000,0.000000,2.980717,-2.819998,-2.882500,-2.712063,2.980717,-2.819998,-2.882500,-2.712063,0.000000,0.000000,0.000000,0.000000,-0.000769,0.000000,-0.000092,0.000000,-384.545349,-159.500702,-273.308167,-80.224747,True,velocity,0.240584,0.229800,0.021521,0.000950,0.001445,False
25.730946552000205,-1.066490,1.093959,-1.383673,0.548150,-0.615375,-0.174950,-0.358196,0.969806,1.740000,0.995658,0.749992,0.291991,-0.437858,-0.494266,-0.205092,0.629318,-0.005828,-0.749574,0.354453,-0.892162,0.637450,0.244242,-0.694053,-0.014444,0.677074,-0.117172,-0.681459,0.604760,0.205092,-0.629318,0.005828,0.749574,0.354454,-0.892165,0.637449,-0.244592,0.693859,0.014173,-0.677151,-0.117700,-0.681398,0.604657,0.240477,0.115976,-0.257872,-0.395092,9,True,True,0.010761,0.024412,0.077760,0.000000,0.000000,0.000000,0.000000,0.000000,0.000000,True,-0.047854,-0.014491,0.000000,-0.047854,-0.014491,0.000000,-2.836108,-2.836108,-2.836108,-2.836108,2.998914,-2.819957,-2.876572,-2.706841,0.043167,0.048177,0.048143,0.047781,-0.000462,0.000048,-0.001296,0.000370,-384.541565,-159.499298,-273.307190,-80.218330,True,velocity,0.240477,0.229866,0.021161,0.001204,0.004018,False
25.766586833000474,-1.066440,1.093858,-1.383457,0.552897,-0.618772,-0.170320,-0.360177,0.970844,1.740000,0.996199,0.749043,0.293308,-0.436594,-0.493449,-0.203956,0.628296,-0.005911,-0.750741,0.354461,-0.891533,0.638348,0.243756,-0.694418,-0.014568,0.676871,-0.116983,-0.681116,0.604746,0.203956,-0.628296,0.005911,0.750741,0.354461,-0.891536,0.638348,-0.244089,0.694235,0.014311,-0.676945,-0.117486,-0.681058,0.604649,0.240152,0.116400,-0.257334,-0.395093,10,True,True,0.023486,0.040566,0.077750,-0.046136,-0.008286,0.054568,-0.046136,-0.008286,0.054568,True,0.000000,0.000000,0.000000,-0.003226,0.000000,0.000000,3.141593,3.141593,3.141593,3.141593,3.084888,-2.819349,-2.858587,-2.712874,0.007342,0.006977,0.007061,0.006688,0.006925,0.008269,0.013923,0.009311,-384.524689,-159.475861,-273.271057,-80.194893,True,velocity,0.240152,0.229950,0.020329,0.001510,0.008097,False
25.7972008630004,-1.067632,1.093433,-1.383068,0.555550,-0.620962,-0.167116,-0.362630,0.972203,1.740000,0.996865,0.748207,0.294485,-0.436628,-0.493181,-0.202985,0.627685,-0.005500,-0.751517,0.354744,-0.890868,0.639185,0.243481,-0.694858,-0.014481,0.676520,-0.116990,-0.680898,0.604784,0.202985,-0.627685,0.005500,0.751517,0.354744,-0.890871,0.639184,-0.243820,0.694672,0.014219,-0.676595,-0.117500,-0.680839,0.604685,0.239682,0.116389,-0.256742,-0.394454,7,True,True,0.012948,0.012584,0.042345,0.000000,0.000000,0.050973,0.000000,0.000000,0.050973,True,-0.046136,-0.008286,0.054568,-0.025311,-0.008286,0.054568,-3.095317,-3.042031,-2.390473,-2.733097,3.103250,-2.819349,-2.870791,-2.767698,0.034500,0.015716,0.019454,0.037665,0.013159,0.013329,0.019622,0.019738,-384.520233,-159.474884,-273.269531,-80.184570,True,velocity,0.239682,0.230075,0.019108,0.002107,0.020884,False
25.816575579000528,-1.068851,1.092303,-1.383359,0.557179,-0.621800,-0.165072,-0.364672,0.973606,1.740000,0.997660,0.747829,0.294949,-0.437528,-0.492966,-0.201760,0.627467,-0.004808,-0.752034,0.355438,-0.890262,0.639920,0.243178,-0.695221,-0.013961,0.676267,-0.117218,-0.680848,0.605024,0.201760,-0.627467,0.004808,0.752033,0.355439,-0.890294,0.639912,-0.243536,0.695026,0.013684,-0.676345,-0.117756,-0.680795,0.604917,0.239239,0.116023,-0.256268,-0.393526,2,True,True,0.001965,0.026812,0.019218,0.000000,0.000000,0.041633,0.000000,0.000000,0.041633,True,0.000000,0.000000,0.050973,-0.045114,0.000000,0.050973,3.026004,2.971927,-2.971927,-3.026004,3.115439,-2.801099,-2.882995,-2.761823,0.053925,0.032271,0.036834,0.052263,0.013220,0.013037,0.019718,0.020275,-384.516052,-159.474472,-273.269684,-80.180107,True,velocity,0.239239,0.230209,0.017917,0.002889,0.011012,False
25.848875933000272,-1.069595,1.091338,-1.383243,0.558541,-0.621766,-0.163588,-0.365520,0.974917,1.740000,0.998641,0.748374,0.294714,-0.438289,-0.493055,-0.200502,0.627704,-0.004338,-0.752175,0.356313,-0.889837,0.640380,0.242876,-0.695355,-0.013075,0.676256,-0.117607,-0.680945,0.605457,0.200502,-0.627705,0.004338,0.752175,0.356314,-0.889863,0.640374,-0.242926,0.695328,0.013036,-0.676267,-0.117682,-0.680945,0.605440,0.238869,0.115889,-0.256007,-0.392524,2,True,True,-0.002061,0.034642,0.007625,0.000000,0.000000,0.031631,0.000000,0.000000,0.031631,True,0.000000,0.000000,0.041633,-0.001803,0.000000,0.041633,2.620279,-2.373045,2.373045,-2.620279,3.109024,-2.813469,-2.864222,-2.785972,0.009042,-0.006637,-0.003677,0.010100,0.019695,0.015161,0.018485,0.032017,-384.487854,-159.452148,-273.260315,-80.140488,True,velocity,0.238869,0.230366,0.016838,0.003374,0.011248,False
25.879260388999683,-1.069838,1.089884,-1.383355,0.559552,-0.620821,-0.162535,-0.365980,0.976346,1.738840,0.999926,0.749174,0.294073,-0.439139,-0.493299,-0.199169,0.628322,-0.003617,-0.752017,0.357626,-0.889547,0.640623,0.242726,-0.695402,-0.011849,0.676284,-0.118180,-0.681172,0.606064,0.199169,-0.628323,0.003618,0.752017,0.357627,-0.889568,0.640618,-0.242725,0.695402,0.011849,-0.676284,-0.118180,-0.681179,0.606061,0.238565,0.115879,-0.255902,-0.391604,2,True,True,-0.002375,0.037776,0.003596,0.000000,0.000000,0.000000,0.000000,0.000000,0.000000,True,0.000000,0.000000,0.031631,0.000000,0.000000,0.031631,2.517182,-2.517182,2.517182,-2.517182,3.029474,-2.875101,-2.895199,-2.767850,0.005654,-0.006236,-0.004175,0.006355,0.018402,0.016166,0.006665,0.026084,-384.486328,-159.450607,-273.260315,-80.144112,True,velocity,0.238565,0.230547,0.015838,0.003971,0.009791,False
25.913342605000253,-1.069315,1.087507,-1.384054,0.561037,-0.618754,-0.161348,-0.366808,0.978495,1.737926,1.001333,0.748995,0.293360,-0.439607,-0.493322,-0.197749,0.629418,-0.002488,-0.751480,0.359234,-0.889331,0.640627,0.242643,-0.695379,-0.010489,0.676360,-0.118894,-0.681499,0.606735,0.197749,-0.629418,0.002488,0.751480,0.359235,-0.889374,0.640618,-0.242643,0.695379,0.010490,-0.676360,-0.118893,-0.681489,0.606737,0.238171,0.115903,-0.255852,-0.391207,2,True,True,-0.001638,0.039293,0.015518,0.000000,0.000000,0.000000,0.000000,0.000000,0.000000,True,0.000000,0.000000,0.000000,0.000000,0.000000,0.000000,2.931319,-2.930245,-2.895199,-2.798373,2.931319,-2.930245,-2.926030,-2.755143,0.000000,0.000000,0.000000,0.000000,0.017442,0.011096,0.009164,0.017910,-384.482697,-159.452850,-273.244690,-80.153603,True,velocity,0.238171,0.230703,0.014730,0.004124,0.027979,False
25.945942661000117,-1.068024,1.084086,-1.385647,0.563194,-0.616124,-0.161181,-0.366993,0.981683,1.736750,1.003209,0.748127,0.292334,-0.439802,-0.493476,-0.195943,0.630765,-0.001704,-0.750826,0.361482,-0.889131,0.640361,0.242692,-0.695221,-0.008775,0.676529,-0.119937,-0.681982,0.607518,0.195942,-0.630765,0.001705,0.750826,0.361484,-0.889175,0.640352,-0.242692,0.695221,0.008775,-0.676529,-0.119936,-0.681968,0.607522,0.237530,0.116005,-0.255849,-0.390936,2,True,True,0.001424,0.039363,0.023654,0.000000,0.000000,0.000000,0.000000,0.000000,0.000000,True,0.000000,0.000000,0.000000,0.000000,0.000000,0.000000,2.925319,-2.930245,-3.017882,-2.767545,2.925319,-2.948410,-2.852164,-2.767545,0.000000,0.000000,0.000000,0.000000,0.010394,0.006309,0.009233,0.004031,-384.486176,-159.453400,-273.246368,-80.153183,True,velocity,0.237530,0.230894,0.013044,0.004551,0.028174,False
25.977278631000445,-1.066108,1.079898,-1.386848,0.564778,-0.613364,-0.160956,-0.367304,0.984509,1.735272,1.004429,0.747057,0.290845,-0.439977,-0.493338,-0.194309,0.632416,-0.000227,-0.749863,0.363990,-0.888975,0.639849,0.242959,-0.694639,-0.006956,0.677052,-0.121183,-0.682472,0.608178,0.194311,-0.632417,0.000227,0.749861,0.363992,-0.889106,0.638865,-0.242959,0.694641,0.006957,-0.677050,-0.121184,-0.682435,0.607215,0.236094,0.116071,-0.255969,-0.390937,1,True,True,0.003409,0.035758,0.023611,0.000000,0.000000,0.000000,0.000000,0.000000,0.000000,True,0.000000,0.000000,0.000000,0.000000,0.000000,0.000000,2.925545,-2.948410,-2.980785,-2.749269,2.925545,-2.948410,-2.980785,-2.749269,0.000000,0.000000,0.000000,0.000000,0.000395,-0.001701,0.006169,-0.006175,-384.485779,-159.454376,-273.250824,-80.153603,True,velocity,0.236094,0.231094,0.009751,0.004988,0.027839,False
26.010907071000474,-1.063481,1.074031,-1.388461,0.566969,-0.608488,-0.161912,-0.367259,0.988708,1.732843,1.006566,0.745081,0.288863,-0.439492,-0.493406,-0.192071,0.635184,0.001371,-0.748096,0.367552,-0.888791,0.638980,0.243428,-0.693808,-0.004705,0.677754,-0.123223,-0.683285,0.608888,0.192077,-0.635186,-0.001375,0.748093,0.367547,-0.888947,0.638956,-0.243428,0.693813,0.004705,-0.677750,-0.123214,-0.683191,0.608897,0.236212,0.116082,-0.256154,-0.390683,1,True,True,0.003726,0.030232,0.031229,0.000000,0.000000,0.000000,0.000000,0.000000,0.000000,True,0.000000,0.000000,0.000000,0.000000,0.000000,0.000000,2.925545,-2.984740,-2.974847,-2.749269,2.925545,-2.984740,-2.974847,-2.749269,0.000000,0.000000,0.000000,0.000000,-0.000496,-0.001247,0.001540,-0.002724,-384.485779,-159.455780,-273.254181,-80.156807,True,velocity,0.236212,0.231513,0.000000,0.006863,0.013659,False
26.043805625999994,-1.060302,1.067328,-1.390974,0.569918,-0.602391,-0.163490,-0.367231,0.993922,1.730055,1.009609,0.741391,0.286399,-0.439411,-0.493619,-0.189468,0.638394,0.002958,-0.746021,0.371738,-0.888486,0.637927,0.244715,-0.692806,-0.002013,0.678330,-0.125789,-0.684287,0.609413,0.189476,-0.638398,-0.002966,0.746014,0.371725,-0.888679,0.637895,-0.244713,0.692813,0.002015,-0.678322,-0.125774,-0.684131,0.609433,0.235087,0.116125,-0.256346,-0.390314,1,True,True,0.005015,0.024456,0.042292,0.000000,0.000000,0.000000,0.000000,0.000000,0.000000,True,0.000000,0.000000,0.000000,0.000000,0.000000,0.000000,2.925319,-2.984740,-2.968267,-2.749423,2.925319,-2.967198,-2.852164,-2.749423,0.000000,0.000000,0.000000,0.000000,-0.000581,-0.001618,-0.004816,-0.002294,-384.485779,-159.456055,-273.254883,-80.159042,True,velocity,0.235087,0.231753,0.000000,0.006966,0.014464,False
26.077343232999738,-1.055923,1.058275,-1.394374,0.573765,-0.594094,-0.166864,-0.366921,1.001062,1.725954,1.013482,0.735933,0.282681,-0.438591,-0.494009,-0.186285,0.642800,0.004646,-0.743024,0.377362,-0.888027,0.636416,0.246549,-0.691095,0.001429,0.679411,-0.129447,-0.685575,0.609972,0.186302,-0.642810,-0.004663,0.743011,0.377327,-0.888244,0.636377,-0.246548,0.691110,-0.001427,-0.679396,-0.129417,-0.685348,0.609999,0.233513,0.116191,-0.256579,-0.389853,1,True,True,0.006996,0.017481,0.056124,0.000000,0.000000,0.000000,0.000000,0.000000,0.000000,True,0.000000,0.000000,0.000000,0.000000,0.000000,0.000000,2.925129,-2.887427,-2.968424,-2.748924,2.925129,-2.887427,-2.968424,-2.749423,0.000000,0.000000,0.000000,0.000000,0.000010,-0.000736,-0.003406,-0.002689,-384.485779,-159.454239,-273.255035,-80.158340,True,velocity,0.233513,0.231991,0.000000,0.006999,0.016215,False
26.112337907000438,-1.050659,1.048293,-1.399573,0.576821,-0.586304,-0.171987,-0.369437,1.008339,1.721410,1.018345,0.728860,0.278839,-0.437374,-0.493603,-0.184391,0.646686,0.007482,-0.740095,0.383861,-0.887596,0.634632,0.248956,-0.689341,0.005057,0.680297,-0.133640,-0.687010,0.610420,0.184401,-0.646697,-0.007504,0.740083,0.383797,-0.887795,0.634580,-0.248954,0.689359,-0.005052,-0.680280,-0.133593,-0.686712,0.610464,0.232132,0.116319,-0.256951,-0.389415,1,True,True,0.010848,0.006318,0.069267,0.000000,0.000000,0.000000,0.000000,0.000000,0.000000,True,0.000000,0.000000,0.000000,0.000000,0.000000,0.000000,2.925129,-2.875101,-2.968424,-2.749423,2.925129,-2.881588,-2.852164,-2.749423,0.000000,0.000000,0.000000,0.000000,0.000000,0.001118,-0.001095,-0.001584,-384.485779,-159.453125,-273.255035,-80.158203,True,velocity,0.232132,0.232356,0.000000,0.007910,0.001318,False
26.144694260000506,-1.043634,1.034825,-1.405638,0.580275,-0.575242,-0.179334,-0.372464,1.017939,1.715029,1.024558,0.719207,0.273653,-0.436624,-0.493515,-0.182073,0.652392,0.011430,-0.735598,0.392591,-0.886905,0.632145,0.252769,-0.686868,0.009998,0.681337,-0.139366,-0.688864,0.610911,0.182101,-0.652407,-0.011474,0.735577,0.392481,-0.887108,0.632070,-0.252763,0.686900,-0.009991,-0.681307,-0.139292,-0.688458,0.610969,0.230300,0.116498,-0.257464,-0.388772,1,True,True,0.016190,-0.009073,0.088555,0.000000,0.000000,0.059224,0.000000,0.000000,0.059224,True,0.000000,0.000000,0.000000,0.000000,0.000000,0.000000,2.925545,-2.886813,-2.968424,-2.749423,2.925545,-2.917949,-2.870442,-2.749423,0.000000,0.000000,0.000000,0.000000,0.000000,0.001750,-0.000203,-0.000130,-384.485779,-159.453125,-273.255157,-80.158203,True,velocity,0.230300,0.232422,0.000000,0.006457,0.002297,False
26.17745209399982,-1.036680,1.021238,-1.411594,0.585761,-0.560154,-0.190927,-0.371098,1.029248,1.707460,1.031314,0.709720,0.266894,-0.435179,-0.495736,-0.178535,0.660025,0.012292,-0.729617,0.401722,-0.885723,0.629428,0.256632,-0.683835,0.014845,0.682854,-0.145407,-0.690673,0.611352,0.178603,-0.660046,-0.012365,0.729580,0.401565,-0.885785,0.629384,-0.256628,0.683880,-0.014843,-0.682810,-0.145317,-0.690354,0.611375,0.227467,0.116652,-0.257788,-0.386985,1,True,True,0.020832,-0.018800,0.082959,0.000000,0.000000,0.066205,0.000000,0.000000,0.066205,True,0.000000,0.000000,0.059224,0.000000,0.000000,0.059224,2.517182,-2.517182,2.517182,-2.517182,2.925129,-2.911431,-2.968267,-2.737022,0.011391,-0.011458,-0.008617,0.012093,0.000000,0.000800,-0.000174,-0.000130,-384.485779,-159.453827,-273.255310,-80.158203,True,velocity,0.227467,0.232434,0.000000,0.004952,0.004379,False
26.213522836000266,-1.030045,1.009013,-1.426839,0.588257,-0.539268,-0.208437,-0.370784,1.040448,1.699197,1.042459,0.700706,0.256081,-0.430599,-0.499120,-0.175937,0.666708,0.013098,-0.724137,0.412014,-0.884503,0.626218,0.260476,-0.680701,0.019639,0.684407,-0.151826,-0.692365,0.611799,0.175941,-0.666707,-0.013104,0.724137,0.412010,-0.884490,0.626214,0.260478,-0.680701,0.019637,0.684406,-0.151819,-0.692320,0.611805,0.224284,0.117217,-0.258261,-0.384927,2,True,True,0.037777,-0.032984,0.078497,0.047854,0.014491,0.069821,0.047854,0.014491,0.069821,True,0.000000,0.000000,0.066205,0.000000,0.000000,0.066205,2.517182,-2.517182,2.517182,-2.517182,2.852192,-2.917949,-3.060275,-2.693947,0.012986,-0.012773,-0.010223,0.013656,0.000155,-0.004294,0.001882,-0.000130,-384.484528,-159.468048,-273.243713,-80.158203,True,velocity,0.224284,0.232434,-0.016483,0.003651,0.024026,False
26.247475756000313,-1.021416,0.993453,-1.441330,0.586300,-0.520888,-0.222931,-0.373512,1.048392,1.688780,1.052416,0.693519,0.245693,-0.427894,-0.499759,-0.173839,0.672779,0.019555,-0.718864,0.424612,-0.883045,0.622533,0.264716,-0.677236,0.025464,0.686023,-0.159202,-0.694086,0.612174,0.173843,-0.672778,-0.019560,0.718864,0.424611,-0.883071,0.622575,0.264718,-0.677236,0.025461,0.686023,-0.159196,-0.694049,0.612231,0.222434,0.117438,-0.259130,-0.382643,2,True,True,0.049080,-0.009268,0.077192,0.045800,0.019927,0.071989,0.045800,0.019927,0.071989,True,0.047854,0.014491,0.069821,0.038087,0.014491,0.069821,-2.420527,-2.709395,-3.023280,-2.918854,2.777992,-2.912080,3.056914,-2.657397,-0.016308,-0.053889,-0.049276,-0.026009,0.005122,-0.010187,0.009019,-0.000130,-384.469177,-159.479630,-273.233124,-80.158203,True,velocity,0.222434,0.232434,-0.020136,0.002726,0.025939,False
26.28688186999989,-1.012246,0.977121,-1.459787,0.584180,-0.496728,-0.235748,-0.374177,1.056318,1.677173,1.063997,0.685253,0.231863,-0.425176,-0.501312,-0.169158,0.679724,0.027485,-0.713166,0.438805,-0.881012,0.619114,0.270115,-0.672787,0.031612,0.688038,-0.167295,-0.695794,0.612381,0.169160,-0.679723,-0.027487,0.713166,0.438807,-0.881023,0.619112,0.270116,-0.672787,0.031611,0.688038,-0.167292,-0.695778,0.612386,0.220513,0.117634,-0.259972,-0.379521,3,True,True,0.053691,0.015402,0.098860,-0.001186,0.002831,0.079892,-0.001186,0.002831,0.079892,True,0.045800,0.019927,0.071989,0.045800,0.019927,0.071989,-2.433347,-2.681726,-2.952486,-2.821968,2.790611,-2.825795,3.081599,-2.694599,-0.021633,-0.064096,-0.057268,-0.035036,0.004942,-0.031579,0.005196,-0.000130,-384.485352,-159.530548,-273.260193,-80.158203,True,velocity,0.220513,0.232434,-0.023940,0.001953,0.017009,False
26.316506905000097,-1.004001,0.960992,-1.474996,0.580856,-0.477608,-0.245773,-0.373132,1.062280,1.665957,1.073244,0.678428,0.220655,-0.422628,-0.502354,-0.164243,0.685420,0.035305,-0.708503,0.452321,-0.879117,0.616473,0.275147,-0.668757,0.036810,0.689713,-0.174548,-0.697102,0.612517,0.164244,-0.685420,-0.035306,0.708503,0.452320,-0.879115,0.616475,0.275148,-0.668757,0.036809,0.689713,-0.174546,-0.697094,0.612521,0.219313,0.118033,-0.260869,-0.377003,3,True,True,0.062597,-0.011567,0.094507,0.045570,0.020546,0.084191,0.045570,0.020546,0.084191,True,-0.001186,0.002831,0.079892,0.004138,0.002831,0.079892,2.213288,-2.522823,2.767526,-2.506720,2.944150,-2.721346,3.130416,-2.718748,0.011735,-0.021242,-0.017797,0.011466,-0.002361,-0.038187,-0.009443,-0.000130,-384.503479,-159.541992,-273.278046,-80.158203,True,velocity,0.219313,0.232428,-0.026302,0.001459,0.015355,False
26.349559385000248,-0.995482,0.941448,-1.490496,0.574853,-0.457061,-0.251251,-0.372849,1.067081,1.651866,1.082580,0.672359,0.209014,-0.420745,-0.502118,-0.157196,0.691426,0.047700,-0.703523,0.468490,-0.876641,0.614103,0.280737,-0.664141,0.043039,0.691557,-0.183005,-0.698332,0.612593,0.157197,-0.691425,-0.047701,0.703523,0.468490,-0.876645,0.614106,0.280738,-0.664141,0.043038,0.691557,-0.183003,-0.698322,0.612599,0.218539,0.118362,-0.261989,-0.373755,3,True,True,0.070292,0.004786,0.107765,-0.001436,0.003505,0.091124,-0.001436,0.003505,0.091124,True,0.045570,0.020546,0.084191,0.028238,0.020546,0.084191,-1.994683,-2.514119,-2.905587,-2.507865,2.944150,-2.721346,3.130416,-2.718748,-0.007601,-0.051438,-0.042433,-0.016898,-0.017016,-0.038187,-0.017542,-0.017272,-384.507812,-159.541992,-273.272888,-80.190147,True,velocity,0.218539,0.232409,-0.027787,0.000957,0.015705,False
26.383589730000494,-0.989411,0.926977,-1.503263,0.570454,-0.440817,-0.254550,-0.370108,1.070218,1.641053,1.090308,0.667750,0.200619,-0.419563,-0.502085,-0.150330,0.695730,0.056502,-0.700120,0.481051,-0.874266,0.612947,0.285169,-0.660979,0.047457,0.692483,-0.189228,-0.699114,0.612633,0.150331,-0.695729,-0.056503,0.700120,0.481050,-0.874265,0.612951,0.285170,-0.660979,0.047457,0.692483,-0.189227,-0.699110,0.612638,0.218138,0.118710,-0.262695,-0.370769,3,True,True,0.076943,-0.016433,0.106210,0.045319,0.021223,0.095561,0.045319,0.021223,0.095561,True,-0.001436,0.003505,0.091124,0.024433,0.003505,0.091124,-2.118272,-2.789509,2.952091,2.433418,3.023464,-2.721346,3.130416,-2.743549,-0.007151,-0.042435,-0.040007,-0.005275,-0.017125,-0.016839,-0.014471,-0.001318,-384.507263,-159.561935,-273.284332,-80.196007,True,velocity,0.218138,0.232350,-0.028437,0.000273,0.001126,False
26.41757444599989,-0.982804,0.909147,-1.516622,0.564951,-0.422612,-0.255143,-0.366483,1.073938,1.626274,1.099408,0.662774,0.191954,-0.420518,-0.502457,-0.140979,0.700700,0.068079,-0.696067,0.496848,-0.871139,0.611975,0.291511,-0.657427,0.053748,0.692764,-0.196905,-0.699888,0.612777,-0.140981,0.700700,0.068080,-0.696067,0.496847,-0.871139,0.611980,0.291512,-0.657427,0.053747,0.692764,-0.196904,-0.699885,0.612782,0.217688,0.119702,-0.263602,-0.366880,3,True,True,0.103527,0.006295,0.127314,-0.001804,0.004509,0.104900,-0.001804,0.004509,0.104900,True,0.045319,0.021223,0.095561,0.010780,0.021223,0.095561,1.889134,-2.152171,-2.727251,2.421633,3.097233,-2.721346,3.106185,-2.792499,0.012301,-0.033191,-0.021352,0.006942,-0.013681,-0.013926,-0.008861,0.000901,-384.526520,-159.565842,-273.286133,-80.197823,True,velocity,0.217688,0.232306,-0.029230,-0.000125,0.003310,False
26.45082953600013,-0.977995,0.894980,-1.527935,0.560194,-0.406725,-0.254117,-0.362261,1.076241,1.614609,1.106793,0.659719,0.185123,-0.420689,-0.501955,-0.132321,0.704674,0.077611,-0.692750,0.509824,-0.868156,0.611650,0.295799,-0.654733,0.058626,0.693102,-0.202543,-0.700243,0.613011,-0.132322,0.704674,0.077612,-0.692750,0.509823,-0.868155,0.611656,0.295800,-0.654733,0.058626,0.693102,-0.202542,-0.700242,0.613016,0.217476,0.120662,-0.264116,-0.363536,3,True,True,0.127464,-0.009184,0.122739,-0.050651,-0.006168,0.110147,-0.050651,-0.006168,0.110147,True,-0.001804,0.004509,0.104900,-0.000927,0.004509,0.104900,2.394949,-2.342984,2.683250,-2.723199,3.029069,-2.721346,-2.968909,-2.829048,0.020590,-0.022518,-0.015222,0.020416,-0.007738,-0.015725,-0.005135,-0.001287,-384.522186,-159.572830,-273.284729,-80.194618,True,velocity,0.217476,0.232259,-0.029544,-0.000445,0.004229,False
26.483200001000114,-0.973499,0.880212,-1.538751,0.555533,-0.390490,-0.250827,-0.356539,1.078868,1.601994,1.114323,0.656509,0.178691,-0.421061,-0.502082,-0.121900,0.708759,0.087753,-0.689276,0.523724,-0.864399,0.611574,0.300328,-0.652058,0.063402,0.693256,-0.208173,-0.700549,0.613216,-0.121902,0.708758,0.087754,-0.689276,0.523723,-0.864399,0.611736,0.300329,-0.652058,0.063402,0.693256,-0.208172,-0.700549,0.613378,0.217259,0.121799,-0.264438,-0.359303,3,True,True,0.149123,-0.068316,0.139567,-0.002244,0.006353,0.118800,-0.002244,0.006353,0.118800,True,-0.050651,-0.006168,0.110147,-0.041629,-0.006168,0.110147,3.020823,2.832076,-2.432226,-2.826666,2.851987,-2.587054,3.063154,-2.798373,0.059932,0.017839,0.021293,0.063450,-0.002695,-0.010387,-0.001466,-0.002012,-384.489410,-159.568359,-273.266602,-80.171036,True,velocity,0.217259,0.232197,-0.029836,-0.000804,0.005598,False
26.51637561000007,-0.969567,0.868932,-1.547957,0.550920,-0.377554,-0.248488,-0.352174,1.080044,1.591535,1.120669,0.654353,0.174159,-0.420689,-0.501442,-0.114041,0.711572,0.096251,-0.686583,0.535304,-0.861021,0.611656,0.303656,-0.650147,0.066911,0.693271,-0.212220,-0.700628,0.613564,-0.114042,0.711572,0.096251,-0.686583,0.535303,-0.861021,0.611662,0.303656,-0.650147,0.066911,0.693271,-0.212219,-0.700628,0.613569,0.217338,0.123174,-0.264626,-0.355646,3,True,True,0.183640,-0.073797,0.130479,0.044256,0.024729,0.122235,0.044256,0.024729,0.122235,True,-0.002244,0.006353,0.118800,-0.029694,0.006353,0.118800,2.744788,-1.144347,-2.429376,-2.978678,2.857543,-2.544236,3.050768,-2.786625,0.053782,-0.003905,0.008715,0.049625,0.020746,0.001670,0.015901,0.019863,-384.462067,-159.549667,-273.242340,-80.147041,True,velocity,0.217338,0.232109,-0.029478,-0.001264,0.023312,False
26.550195085999803,-0.965802,0.856903,-1.556704,0.546609,-0.363440,-0.244324,-0.347053,1.081581,1.580897,1.126706,0.652671,0.169369,-0.420539,-0.500807,-0.104890,0.714841,0.105439,-0.683288,0.547505,-0.856932,0.611909,0.306578,-0.648085,0.070639,0.693546,-0.216020,-0.700570,0.614061,-0.104891,0.714841,0.105440,-0.683288,0.547504,-0.856931,0.611915,0.306579,-0.648085,0.070638,0.693546,-0.216019,-0.700571,0.614066,0.217372,0.124593,-0.264527,-0.351500,3,True,True,0.218654,-0.020695,0.132635,0.087350,0.050086,0.125294,0.087350,0.050086,0.125294,True,0.044256,0.024729,0.122235,0.043708,0.024729,0.122235,-2.094509,-2.589738,-2.991459,-2.739327,2.839155,-2.580566,3.111965,-2.823027,-0.010062,-0.075727,-0.064171,-0.024830,0.037256,0.012111,0.020798,0.032788,-384.451721,-159.543533,-273.259766,-80.134483,True,velocity,0.217372,0.232003,-0.029175,-0.001737,0.025081,False
26.58298082700003,-0.962503,0.847851,-1.564045,0.543664,-0.351373,-0.241754,-0.341722,1.082422,1.572985,1.131468,0.651935,0.166096,-0.419804,-0.499947,-0.097453,0.717644,0.112056,-0.680392,0.557121,-0.853111,0.612212,0.308110,-0.646777,0.073083,0.693834,-0.218450,-0.700395,0.614543,-0.097454,0.717644,0.112056,-0.680392,0.557120,-0.853111,0.612217,0.308111,-0.646777,0.073083,0.693834,-0.218449,-0.700395,0.614548,0.217496,0.125711,-0.264151,-0.347781,3,True,True,0.235696,0.089905,0.118925,0.042155,0.028698,0.123420,0.042155,0.028698,0.123420,True,0.087350,0.050086,0.125294,0.087350,0.050086,0.125294,-2.360875,-2.599519,-2.832144,-2.657418,2.839797,-2.642198,-3.109734,-2.810773,-0.043615,-0.126645,-0.109317,-0.073752,0.021584,0.005484,-0.004792,0.012863,-384.492615,-159.573944,-273.300934,-80.188057,True,velocity,0.217496,0.231859,-0.028607,-0.002394,0.025873,False
26.61585510399982,-0.958852,0.838725,-1.570760,0.542570,-0.336784,-0.240320,-0.333856,1.084622,1.564799,1.136202,0.651080,0.162997,-0.418650,-0.500556,-0.089364,0.721868,0.117275,-0.676142,0.566977,-0.848703,0.612295,0.309578,-0.645547,0.075286,0.694091,-0.220602,-0.700185,0.615060,-0.089365,0.721867,0.117275,-0.676142,0.566976,-0.848702,0.612301,0.309579,-0.645547,0.075286,0.694091,-0.220601,-0.700186,0.615065,0.216958,0.127099,-0.263479,-0.343594,3,True,True,0.264927,0.159536,0.121109,-0.004898,0.011785,0.122740,-0.004898,0.011785,0.122740,True,0.042155,0.028698,0.123420,0.049078,0.028698,0.123420,-2.140973,-2.582686,-2.950145,-2.691393,2.992906,-2.617545,-3.060441,-2.780098,-0.021295,-0.082565,-0.070771,-0.031083,-0.021051,-0.013619,-0.029636,-0.022668,-384.538239,-159.605469,-273.334137,-80.220421,True,velocity,0.216958,0.231519,-0.028904,-0.004354,0.011003,False
26.64827912400051,-0.954968,0.831173,-1.576773,0.543402,-0.320125,-0.240627,-0.323836,1.087665,1.557450,1.140630,0.650216,0.160275,-0.417461,-0.502100,-0.081769,0.727213,0.120296,-0.670824,0.575816,-0.844304,0.612046,0.310780,-0.644599,0.077164,0.694229,-0.222092,-0.699971,0.615564,-0.081771,0.727212,0.120296,-0.670824,0.575814,-0.844304,0.612443,0.310781,-0.644598,0.077164,0.694229,-0.222091,-0.699971,0.615960,0.216334,0.128688,-0.262613,-0.339453,3,True,True,0.299844,0.184912,0.122600,-0.053603,0.000480,0.122699,-0.053603,0.000480,0.122699,True,-0.004898,0.011785,0.122740,-0.004898,0.011785,0.122740,2.336085,-2.107795,2.940790,-3.016099,-3.075620,-2.617545,-3.029924,-2.780098,0.023939,-0.027246,-0.015538,0.025248,-0.051684,-0.037846,-0.052499,-0.044314,-384.554688,-159.627792,-273.353241,-80.207451,True,velocity,0.216334,0.231334,-0.029765,-0.004692,0.011226,False
26.681683824000174,-0.950799,0.824317,-1.583365,0.542556,-0.305480,-0.241241,-0.315609,1.089855,1.550399,1.144808,0.649747,0.158344,-0.415944,-0.502705,-0.075435,0.731310,0.124232,-0.666380,0.584721,-0.839718,0.611408,0.311451,-0.643909,0.078686,0.694398,-0.223087,-0.699756,0.616042,-0.075436,0.731310,0.124233,-0.666380,0.584719,-0.839717,0.612264,0.311452,-0.643909,0.078685,0.694398,-0.223086,-0.699757,0.616897,0.216097,0.130390,-0.261726,-0.335133,3,True,True,0.332398,0.161237,0.129497,-0.103441,-0.003543,0.124699,-0.103441,-0.003543,0.124699,True,-0.053603,0.000480,0.122699,-0.047615,0.000480,0.122699,2.918835,2.616240,-2.643509,-2.932209,-3.057402,-2.648095,-3.085326,-2.816647,0.066928,0.013560,0.027533,0.069536,-0.043796,-0.032459,-0.036352,-0.018678,-384.545349,-159.623886,-273.337891,-80.181084,True,velocity,0.216097,0.231097,-0.029736,-0.005288,0.012773,False
26.720433534999756,-0.946500,0.817434,-1.590216,0.539750,-0.291381,-0.238570,-0.309304,1.091174,1.544590,1.148186,0.649496,0.156590,-0.415112,-0.502918,-0.069020,0.734510,0.130675,-0.662311,0.593428,-0.834924,0.610626,0.311881,-0.643292,0.079852,0.694643,-0.223742,-0.699515,0.616538,-0.069021,0.734509,0.130676,-0.662311,0.593427,-0.834923,0.611497,0.311882,-0.643292,0.079851,0.694643,-0.223740,-0.699516,0.617408,0.215856,0.131639,-0.260764,-0.330934,3,True,True,0.338751,0.091376,0.130765,-0.153095,0.002325,0.126483,-0.153095,0.002325,0.126483,True,-0.103441,-0.003543,0.124699,-0.103441,-0.003543,0.124699,3.047736,2.999888,-2.916647,-2.991742,-3.057402,-2.623445,-3.066532,-2.841304,0.123211,0.065636,0.083259,0.124628,0.004608,0.001870,0.008279,0.033290,-384.501129,-159.567520,-273.269684,-80.126259,True,velocity,0.215856,0.230584,-0.029080,-0.007521,0.001832,False
26.753904309000063,-0.942424,0.810810,-1.597778,0.537543,-0.274361,-0.236349,-0.301912,1.093452,1.538592,1.151808,0.648841,0.154528,-0.413750,-0.503876,-0.062152,0.738459,0.136751,-0.657355,0.602452,-0.829622,0.609756,0.312244,-0.642628,0.080854,0.694979,-0.224190,-0.699230,0.617075,-0.062152,0.738458,0.136751,-0.657355,0.602452,-0.829622,0.609757,0.312244,-0.642628,0.080854,0.694979,-0.224189,-0.699230,0.617076,0.214339,0.133109,-0.259528,-0.326301,4,True,True,0.330292,-0.015344,0.143259,-0.198994,0.022156,0.131417,-0.198994,0.022156,0.131417,True,-0.153095,0.002325,0.126483,-0.138293,0.002325,0.126483,3.030539,2.990188,-3.029309,-3.059366,2.808359,-2.617545,-3.054329,-2.853562,0.160704,0.092202,0.117495,0.156954,0.036225,0.041985,0.055894,0.060958,-384.459137,-159.513107,-273.227539,-80.070312,True,velocity,0.214339,0.230253,-0.031422,-0.008110,0.003889,False
26.78439239399995,-0.938598,0.805924,-1.602995,0.534373,-0.264814,-0.234775,-0.297494,1.093517,1.534031,1.154299,0.648431,0.153750,-0.412864,-0.502733,-0.057991,0.740272,0.142152,-0.654543,0.609387,-0.825377,0.609170,0.312266,-0.642218,0.081436,0.695280,-0.224347,-0.698972,0.617464,-0.057992,0.740272,0.142152,-0.654543,0.609386,-0.825376,0.609718,0.312267,-0.642217,0.081435,0.695280,-0.224346,-0.698972,0.618011,0.215253,0.134190,-0.258627,-0.322557,3,True,True,0.277096,-0.169312,0.124183,-0.149153,0.018169,0.129289,-0.149153,0.018169,0.129289,True,-0.198994,0.022156,0.131417,-0.198184,0.022156,0.131417,2.969830,2.927379,3.107157,3.114130,3.084645,-2.580566,-3.030086,-2.915336,0.222344,0.128534,0.174077,0.213545,0.058790,0.071970,0.069022,0.076580,-384.410309,-159.446564,-273.178711,-80.010323,True,velocity,0.215253,0.229931,-0.028922,-0.008688,0.000782,False
26.819471863999752,-0.935360,0.799484,-1.609079,0.528663,-0.256089,-0.229168,-0.296180,1.092950,1.529511,1.156666,0.648258,0.153085,-0.412404,-0.500908,-0.052733,0.740788,0.151277,-0.652355,0.617624,-0.820188,0.608872,0.312059,-0.641823,0.082009,0.695670,-0.224401,-0.698547,0.617956,-0.052734,0.740788,0.151278,-0.652355,0.617623,-0.820187,0.608878,0.312059,-0.641823,0.082008,0.695670,-0.224400,-0.698547,0.617961,0.215455,0.135072,-0.257442,-0.318318,3,True,True,0.238459,-0.269203,0.122045,-0.099155,0.017814,0.127159,-0.099155,0.017814,0.127159,True,-0.149153,0.018169,0.129289,-0.155564,0.018169,0.129289,2.952342,2.892315,3.124144,3.128463,3.054255,-2.470278,-3.060752,-2.976550,0.179723,0.083444,0.132783,0.174326,0.081690,0.103527,0.077382,0.094565,-384.319061,-159.360214,-273.108673,-79.919083,True,velocity,0.215455,0.229578,-0.027794,-0.009055,0.006188,False
26.852892249999968,-0.933359,0.793221,-1.613987,0.525418,-0.247106,-0.223330,-0.292851,1.092983,1.525997,1.158480,0.647948,0.152155,-0.411636,-0.499928,-0.046375,0.742088,0.158087,-0.649741,0.624732,-0.815497,0.609367,0.311749,-0.641377,0.082244,0.696193,-0.224318,-0.698111,0.618334,-0.046376,0.742088,0.158088,-0.649741,0.624731,-0.815496,0.609372,0.311749,-0.641377,0.082244,0.696193,-0.224317,-0.698112,0.618338,0.215813,0.135745,-0.256227,-0.314656,3,True,True,0.210348,-0.321148,0.104753,-0.049300,0.021623,0.120569,-0.049300,0.021623,0.120569,True,-0.099155,0.017814,0.127159,-0.099155,0.017814,0.127159,2.871854,2.734958,3.112754,3.123075,3.029474,-2.610995,-3.072480,-2.994300,0.123500,0.049979,0.077198,0.119136,0.102226,0.117751,0.097186,0.111935,-384.234222,-159.281113,-273.018280,-79.830635,True,velocity,0.215813,0.229222,-0.026347,-0.009436,0.023816,False
26.882838319000257,-0.932105,0.787031,-1.618252,0.523329,-0.238830,-0.217481,-0.288861,1.092993,1.522773,1.160198,0.647584,0.151230,-0.411196,-0.499008,-0.039540,0.743493,0.163736,-0.647182,0.631385,-0.811035,0.610421,0.311531,-0.640961,0.082522,0.696640,-0.224192,-0.697672,0.618622,-0.039540,0.743493,0.163737,-0.647182,0.631384,-0.811034,0.610424,0.311532,-0.640961,0.082522,0.696640,-0.224192,-0.697673,0.618625,0.216108,0.136382,-0.255035,-0.311176,3,True,True,0.193484,-0.325451,0.088580,-0.000058,0.030298,0.111160,-0.000058,0.030298,0.111160,True,-0.049300,0.021623,0.120569,-0.066163,0.021623,0.120569,2.763790,2.519084,3.007245,3.066991,3.004454,-2.721943,-3.085326,-2.779947,0.095815,0.031480,0.050242,0.083344,0.121044,0.115861,0.105128,0.127000,-384.160980,-159.223221,-272.992462,-79.757812,True,velocity,0.216108,0.228897,-0.025090,-0.009765,0.021805,False
26.915845985000487,-0.931627,0.782130,-1.621558,0.522163,-0.233448,-0.213831,-0.285491,1.092166,1.520059,1.161703,0.647137,0.150712,-0.411376,-0.497506,-0.034023,0.744356,0.167395,-0.645566,0.636638,-0.807398,0.612001,0.311501,-0.640667,0.082766,0.696895,-0.224100,-0.697343,0.618745,-0.034024,0.744356,0.167395,-0.645566,0.636638,-0.807398,0.612004,0.311502,-0.640666,0.082766,0.696895,-0.224100,-0.697343,0.618747,0.216722,0.136833,-0.254106,-0.308082,3,True,True,0.178179,-0.288279,0.070248,0.047796,0.044790,0.099127,0.047796,0.044790,0.099127,True,-0.000058,0.030298,0.111160,-0.003461,0.030298,0.111160,2.041720,-1.908811,-2.317472,2.500622,2.955926,-2.905560,-3.097530,-3.074449,0.030081,-0.026705,-0.016156,0.021189,0.121714,0.098419,0.093363,0.124569,-384.127930,-159.212753,-272.950623,-79.724327,True,velocity,0.216722,0.228522,-0.023092,-0.010156,0.022981,False
26.94767772999967,-0.931724,0.777159,-1.623252,0.523747,-0.228487,-0.211298,-0.279869,1.091908,1.517628,1.162896,0.646653,0.150379,-0.411419,-0.496878,-0.027851,0.746209,0.168455,-0.643443,0.641210,-0.804045,0.614249,0.311513,-0.640443,0.082796,0.697091,-0.223937,-0.697007,0.618814,-0.027852,0.746209,0.168456,-0.643443,0.641207,-0.804044,0.614999,0.311514,-0.640443,0.082796,0.697091,-0.223935,-0.697008,0.619562,0.217759,0.137262,-0.253135,-0.305187,2,True,True,0.163009,-0.199950,0.057970,0.092862,0.066446,0.087022,0.092862,0.066446,0.087022,True,0.047796,0.044790,0.099127,0.046627,0.044790,0.099127,-2.052667,-2.410503,-2.666577,-2.310229,2.839580,-3.034694,-3.097530,3.129111,-0.011493,-0.069191,-0.064855,-0.029365,0.093192,0.046783,0.061952,0.097423,-384.121368,-159.267014,-272.953674,-79.707031,True,velocity,0.217759,0.227759,-0.019325,-0.013494,0.006809,False
26.981578169000386,-0.932487,0.772710,-1.624798,0.525904,-0.224316,-0.209821,-0.274852,1.091031,1.515452,1.164094,0.646379,0.150319,-0.411828,-0.495730,-0.022228,0.747889,0.168614,-0.641668,0.645188,-0.801097,0.617061,0.311550,-0.640347,0.082916,0.697149,-0.223740,-0.696624,0.618889,-0.022228,0.747888,0.168615,-0.641668,0.645186,-0.801096,0.617068,0.311551,-0.640347,0.082915,0.697149,-0.223738,-0.696625,0.618895,0.217588,0.137669,-0.252251,-0.302574,2,True,True,0.139972,-0.064823,0.049335,0.123445,0.092496,0.075938,0.123445,0.092496,0.075938,True,0.092862,0.066446,0.087022,0.090064,0.066446,0.087022,-2.344147,-2.507541,-2.652665,-2.503788,2.820975,2.973410,-3.097530,-3.129925,-0.047134,-0.090471,-0.107213,-0.075916,0.032272,-0.041410,0.023006,0.039232,-384.143280,-159.375275,-272.984222,-79.729073,True,velocity,0.217588,0.227350,-0.018868,-0.013116,0.008880,False
27.018040908999865,-0.933857,0.768132,-1.626270,0.528655,-0.221268,-0.207609,-0.269898,1.089660,1.513696,1.165036,0.646360,0.150306,-0.412678,-0.494391,-0.015994,0.749264,0.168388,-0.640307,0.648879,-0.798290,0.620532,0.311580,-0.640276,0.083025,0.697188,-0.223468,-0.696192,0.618964,-0.015994,0.749264,0.168388,-0.640307,0.648878,-0.798290,0.620537,0.311580,-0.640276,0.083024,0.697188,-0.223467,-0.696192,0.618967,0.218367,0.137929,-0.251377,-0.300144,2,True,True,0.096490,0.106865,0.046299,0.081812,0.064807,0.067220,0.081812,0.064807,0.067220,True,0.123445,0.092496,0.075938,0.123445,0.092496,0.075938,-2.397322,-2.500291,-2.593761,-2.496405,2.962113,-2.930245,-3.115343,-3.007225,-0.090588,-0.154676,-0.138491,-0.120684,-0.020279,-0.094636,-0.026630,-0.018792,-384.200348,-159.425919,-273.040863,-79.795479,True,velocity,0.218367,0.226941,-0.016515,-0.012643,0.012985,False
27.050444559000425,-0.935147,0.764693,-1.627563,0.530876,-0.220521,-0.205487,-0.266023,1.087827,1.512675,1.165502,0.646562,0.150276,-0.413422,-0.493007,-0.010872,0.749781,0.167884,-0.639942,0.651504,-0.796258,0.623697,0.311571,-0.640170,0.082923,0.697302,-0.223140,-0.695814,0.619006,-0.010872,0.749781,0.167884,-0.639942,0.651503,-0.796258,0.623701,0.311571,-0.640169,0.082923,0.697302,-0.223140,-0.695814,0.619008,0.219332,0.138040,-0.250744,-0.298411,2,True,True,0.062235,0.223245,0.031060,0.037712,0.041244,0.056585,0.037712,0.041244,0.056585,True,0.081812,0.064807,0.067220,0.083301,0.064807,0.067220,-2.348130,-2.484744,-2.603225,-2.474755,-3.057659,-2.930245,-2.913184,-2.865739,-0.073990,-0.107943,-0.104219,-0.084565,-0.058209,-0.112820,-0.060921,-0.061097,-384.280121,-159.516037,-273.105896,-79.872627,True,velocity,0.219332,0.226494,-0.013678,-0.012904,0.029614,False
27.079800614000305,-0.936781,0.761660,-1.628017,0.534231,-0.219940,-0.204283,-0.261822,1.086350,1.511991,1.165882,0.646706,0.150381,-0.414291,-0.492100,-0.006030,0.750678,0.166238,-0.639384,0.653616,-0.794415,0.626948,0.311592,-0.640184,0.082745,0.697300,-0.222659,-0.695384,0.619032,-0.006036,0.750679,0.166241,-0.639381,0.653620,-0.794398,0.627859,0.311593,-0.640183,0.082744,0.697301,-0.222661,-0.695390,0.619905,0.220984,0.138183,-0.250025,-0.296806,1,True,True,0.038264,0.293012,0.022643,-0.008542,0.022256,0.046602,-0.008542,0.022256,0.046602,True,0.037712,0.041244,0.056585,0.044980,0.041504,0.056585,-2.201408,-2.415946,-2.577119,-2.367465,-2.891518,-2.930245,-2.784720,-2.786122,-0.046247,-0.063545,-0.054861,-0.045182,-0.092347,-0.109780,-0.086860,-0.098085,-384.349060,-159.552322,-273.173126,-79.945869,True,velocity,0.220984,0.225984,-0.009304,-0.013917,0.026924,False
27.112432836000153,-0.937708,0.759973,-1.627733,0.537527,-0.219144,-0.204295,-0.257936,1.085335,1.511807,1.166115,0.647025,0.150773,-0.414810,-0.491554,-0.002894,0.751847,0.164085,-0.638587,0.654765,-0.793107,0.629290,0.311424,-0.640385,0.082489,0.697222,-0.222059,-0.694954,0.619099,-0.002899,0.751846,0.164088,-0.638587,0.654755,-0.793096,0.629331,0.311425,-0.640384,0.082488,0.697222,-0.222061,-0.694956,0.619105,0.220648,0.138381,-0.249362,-0.295742,1,True,True,0.020400,0.311271,0.007957,-0.055909,0.006244,0.035236,-0.055909,0.006244,0.035236,True,-0.008542,0.022256,0.046602,-0.005902,0.022256,0.046602,2.029917,-1.642903,-1.692265,2.266780,-2.787316,-2.930245,-3.030086,-2.737022,0.003265,-0.007842,-0.003849,0.006195,-0.107383,-0.095183,-0.093396,-0.109124,-384.388824,-159.576874,-273.201019,-79.978378,True,velocity,0.220648,0.225538,0.000000,-0.013867,0.027492,False
27.14626923800006,-0.938093,0.759587,-1.627581,0.539341,-0.218935,-0.204176,-0.255819,1.084445,1.512060,1.166120,0.647460,0.151247,-0.415353,-0.491126,-0.001334,0.752351,0.162846,-0.638316,0.655286,-0.792160,0.630614,0.311184,-0.640644,0.082228,0.697122,-0.221331,-0.694481,0.619218,-0.001336,0.752350,0.162847,-0.638317,0.655281,-0.792156,0.630635,0.311185,-0.640643,0.082228,0.697122,-0.221335,-0.694482,0.619224,0.221140,0.138600,-0.248720,-0.295076,1,True,True,0.004713,0.278862,-0.007305,-0.102242,-0.012550,0.000000,-0.102242,-0.012550,0.000000,True,-0.055909,0.006244,0.035236,-0.055909,0.006244,0.035236,2.965838,2.922764,3.101019,3.109187,-2.689803,-3.138495,-2.674240,-2.681707,0.048890,0.043448,0.041389,0.051734,-0.093020,-0.066170,-0.062554,-0.083113,-384.393707,-159.577148,-273.168945,-79.946983,True,velocity,0.221140,0.224600,0.000000,-0.017339,0.013609,False
27.179172404000383,-0.937239,0.761079,-1.626843,0.540383,-0.218312,-0.205255,-0.254560,1.084392,1.512828,1.165814,0.647681,0.151594,-0.415909,-0.491319,-0.002063,0.752956,0.161748,-0.637880,0.654667,-0.791508,0.630315,0.310895,-0.640896,0.081961,0.697050,-0.220588,-0.693973,0.619365,-0.002063,0.752954,0.161749,-0.637882,0.654660,-0.791515,0.630323,0.310895,-0.640896,0.081961,0.697050,-0.220591,-0.693964,0.619366,0.221268,0.138699,-0.247968,-0.294706,1,True,True,-0.010043,0.199951,0.003796,-0.144352,-0.039508,0.000000,-0.144352,-0.039508,0.000000,True,-0.102242,-0.012550,0.000000,-0.092734,-0.012550,0.000000,-3.007079,-3.007079,-3.007079,-3.007079,-2.818470,-3.138495,-2.723699,-2.780249,0.091342,0.092772,0.089847,0.090494,-0.026624,-0.003107,0.003451,0.021286,-384.350586,-159.530411,-273.089294,-79.812920,True,velocity,0.221268,0.224166,0.000000,-0.016320,0.014212,False
27.214046801000222,-0.935084,0.764487,-1.625289,0.541108,-0.216331,-0.208523,-0.253523,1.085592,1.513955,1.165583,0.647815,0.152446,-0.416002,-0.492391,-0.005327,0.754195,0.160183,-0.636791,0.653066,-0.791109,0.628252,0.310434,-0.641492,0.081633,0.696746,-0.219656,-0.693287,0.619591,-0.005327,0.754190,0.160184,-0.636797,0.653056,-0.791125,0.628264,0.310433,-0.641491,0.081633,0.696747,-0.219659,-0.693272,0.619585,0.220815,0.139009,-0.246983,-0.294718,1,True,True,-0.004860,0.079893,0.003448,-0.095043,-0.031226,0.000000,-0.095043,-0.031226,0.000000,True,-0.144352,-0.039508,0.000000,-0.140714,-0.039440,0.000000,-2.872813,-2.872813,-2.872813,-2.872813,-2.867508,-2.776536,-2.821474,-2.841448,0.142098,0.141755,0.141820,0.141941,0.017958,0.032820,0.087303,0.103823,-384.320465,-159.489120,-272.998047,-79.709122,True,velocity,0.220815,0.223772,0.000000,-0.015084,0.016773,False
27.24716053999964,-0.932828,0.768006,-1.624582,0.540205,-0.214113,-0.210732,-0.254058,1.086687,1.514795,1.165089,0.647909,0.152851,-0.416053,-0.493235,-0.008970,0.754804,0.160156,-0.636035,0.651491,-0.791032,0.625697,0.310082,-0.641750,0.081499,0.696681,-0.219059,-0.692808,0.619756,-0.008969,0.754802,0.160156,-0.636037,0.651493,-0.791046,0.625711,0.310081,-0.641750,0.081499,0.696681,-0.219064,-0.692799,0.619750,0.220382,0.139189,-0.246331,-0.294922,1,True,True,0.002782,-0.000553,-0.002673,0.000000,0.000000,0.000000,0.000000,0.000000,0.000000,True,-0.095043,-0.031226,0.000000,-0.113514,-0.031226,0.000000,-2.873145,-2.873145,-2.873145,-2.873145,-2.879697,-2.752534,-2.845884,-3.055644,0.117728,0.116875,0.117686,0.115775,0.045731,0.060846,0.110118,0.147716,-384.279846,-159.434982,-272.949066,-79.639366,True,velocity,0.220382,0.223219,0.000000,-0.015410,0.000904,False
27.282513619000383,-0.928407,0.774795,-1.623395,0.537131,-0.211103,-0.214293,-0.257012,1.088224,1.516609,1.164269,0.648099,0.153099,-0.416414,-0.494500,-0.016598,0.755142,0.161356,-0.635176,0.648237,-0.791061,0.620567,0.309540,-0.642097,0.081324,0.696623,-0.218214,-0.692062,0.620018,-0.016594,0.755144,0.161355,-0.635174,0.648246,-0.791107,0.620580,0.309538,-0.642097,0.081324,0.696624,-0.218227,-0.692053,0.620010,0.219781,0.139192,-0.245336,-0.295449,1,True,True,0.002874,0.029277,-0.018500,0.000000,0.000000,0.000000,0.000000,0.000000,0.000000,True,0.000000,0.000000,0.000000,-0.018787,0.000000,0.000000,3.141593,3.141593,3.141593,3.141593,-2.879605,-2.801792,-2.858090,-2.866108,0.018146,0.017713,0.018038,0.018079,0.069953,0.084759,0.106921,0.135098,-384.202576,-159.351288,-272.887695,-79.592636,True,velocity,0.219781,0.223100,0.000000,-0.012275,0.002317,False
27.31390519999968,-0.922703,0.783627,-1.621293,0.535382,-0.205669,-0.220142,-0.257753,1.091513,1.518339,1.163423,0.648073,0.153142,-0.416364,-0.497288,-0.025651,0.756785,0.160711,-0.633080,0.643846,-0.791159,0.613899,0.308982,-0.642449,0.081170,0.696563,-0.217394,-0.691275,0.620338,-0.025650,0.756779,0.160706,-0.633089,0.643834,-0.791227,0.613928,0.308979,-0.642448,0.081171,0.696566,-0.217407,-0.691258,0.620317,0.218341,0.139292,-0.244111,-0.295970,1,True,True,0.005881,0.066041,-0.034133,-0.048576,-0.011849,0.000000,-0.048576,-0.011849,0.000000,True,0.000000,0.000000,0.000000,0.000000,0.000000,0.000000,-2.910491,-2.813553,-2.864514,-2.890259,-2.910491,-2.549564,-2.883143,-2.890259,0.000000,0.000000,0.000000,0.000000,0.071815,0.080765,0.079397,0.088052,-384.192230,-159.351151,-272.857269,-79.584824,True,velocity,0.218341,0.223053,0.000000,-0.009707,0.003915,False
27.350749512999755,-0.916414,0.795860,-1.622310,0.530747,-0.197006,-0.225629,-0.260678,1.095708,1.519879,1.162541,0.648094,0.153146,-0.416155,-0.500880,-0.036576,0.757378,0.162043,-0.631492,0.638678,-0.790983,0.605152,0.308285,-0.642819,0.080998,0.696551,-0.216596,-0.690300,0.620770,-0.036577,0.757378,0.162044,-0.631492,0.638678,-0.790984,0.605154,0.308285,-0.642819,0.080998,0.696551,-0.216596,-0.690299,0.620771,0.216547,0.139342,-0.242531,-0.296135,2,True,True,0.004587,0.063523,-0.039065,-0.062115,-0.014070,0.000000,-0.062115,-0.014070,0.000000,True,-0.048576,-0.011849,0.000000,-0.044904,-0.011849,0.000000,-2.883607,-2.883607,-2.883607,-2.883607,-2.892528,-2.813469,-2.876572,-2.884524,0.046439,0.046327,0.046440,0.046441,0.049885,0.042226,0.058752,0.039945,-384.194611,-159.368301,-272.856720,-79.574356,True,velocity,0.216547,0.223053,-0.012657,-0.007094,0.025941,False
27.38337103200047,-0.910290,0.806286,-1.623887,0.524301,-0.190983,-0.226279,-0.264935,1.098023,1.521865,1.161505,0.648286,0.152505,-0.416708,-0.503176,-0.045562,0.756537,0.166020,-0.630883,0.634063,-0.790698,0.597246,0.307807,-0.642890,0.080880,0.696710,-0.216129,-0.689506,0.621089,-0.045562,0.756537,0.166020,-0.630883,0.634063,-0.790699,0.597249,0.307807,-0.642890,0.080880,0.696710,-0.216129,-0.689505,0.621091,0.215589,0.138831,-0.241354,-0.296537,2,True,True,-0.015327,0.035295,-0.051129,0.000000,0.000000,0.000000,0.000000,0.000000,0.000000,True,-0.062115,-0.014070,0.000000,-0.062115,-0.014070,0.000000,-2.918841,-2.918841,-2.918841,-2.918841,-2.879697,-2.856287,-2.864368,-2.884524,0.063640,0.063564,0.063594,0.063651,0.027392,0.015704,0.031943,0.023172,-384.154724,-159.322540,-272.811951,-79.538223,True,velocity,0.215589,0.223053,-0.014661,-0.005348,0.026611,False
27.41641997500028,-0.901267,0.820171,-1.623880,0.517342,-0.183191,-0.228051,-0.268920,1.101383,1.524686,1.160304,0.648258,0.151560,-0.417870,-0.506652,-0.057910,0.756352,0.169845,-0.629071,0.627194,-0.790406,0.586551,0.307509,-0.643045,0.080860,0.696701,-0.215702,-0.688481,0.621442,-0.057911,0.756352,0.169846,-0.629071,0.627194,-0.790407,0.586556,0.307509,-0.643045,0.080860,0.696702,-0.215702,-0.688480,0.621446,0.214156,0.138052,-0.239876,-0.297327,2,True,True,-0.038676,0.079648,-0.074844,-0.047153,-0.016631,0.000000,-0.047153,-0.016631,0.000000,True,0.000000,0.000000,0.000000,-0.008441,0.000000,0.000000,3.141593,3.141593,3.141593,3.141593,-2.892160,-2.813469,-2.870295,-2.884524,0.008180,0.007991,0.008132,0.008164,0.037997,0.032701,0.042543,0.049294,-384.098358,-159.261444,-272.765198,-79.477402,True,velocity,0.214156,0.223053,-0.017593,-0.004020,0.027414,False
27.448704995999833,-0.891798,0.835767,-1.623774,0.509791,-0.176853,-0.233044,-0.273789,1.103922,1.526779,1.159441,0.648118,0.150942,-0.418358,-0.509224,-0.072662,0.755476,0.172689,-0.627818,0.619736,-0.790245,0.575501,0.307299,-0.643163,0.080759,0.696697,-0.215336,-0.687436,0.621797,-0.072663,0.755475,0.172690,-0.627818,0.619736,-0.790247,0.575507,0.307300,-0.643163,0.080758,0.696697,-0.215336,-0.687435,0.621803,0.213193,0.137629,-0.238565,-0.298132,2,True,True,-0.049152,0.069017,-0.098980,-0.076094,-0.037268,-0.058581,-0.076094,-0.037268,-0.058581,True,-0.047153,-0.016631,0.000000,-0.021856,-0.016631,0.000000,-2.491118,-2.491118,-2.491118,-2.491118,-2.922680,-2.862701,-2.895348,-2.877997,0.024946,0.025590,0.025251,0.025434,0.050894,0.048719,0.046187,0.050028,-384.096252,-159.270096,-272.770081,-79.483955,True,velocity,0.213193,0.223053,-0.019568,-0.003044,0.011458,False
27.48236814000029,-0.881688,0.852187,-1.624601,0.498562,-0.173636,-0.236108,-0.282866,1.104695,1.530121,1.157884,0.648415,0.150222,-0.418924,-0.510339,-0.089286,0.752264,0.178369,-0.627942,0.611411,-0.790211,0.563801,0.306839,-0.643151,0.080450,0.696946,-0.214935,-0.686253,0.622191,-0.089286,0.752264,0.178370,-0.627942,0.611412,-0.790214,0.563808,0.306840,-0.643151,0.080449,0.696947,-0.214935,-0.686250,0.622197,0.213121,0.136793,-0.237458,-0.299919,2,True,True,-0.060694,0.018591,-0.094001,-0.053381,-0.034348,-0.068999,-0.053381,-0.034348,-0.068999,True,-0.076094,-0.037268,-0.058581,-0.076094,-0.037268,-0.058581,-2.549899,-2.664857,-2.805200,-2.714592,-2.848903,-2.862701,-2.895348,-2.871471,0.076146,0.094963,0.090793,0.071767,0.040877,0.037640,0.032968,0.038748,-384.099182,-159.269806,-272.772308,-79.481026,True,velocity,0.213121,0.223053,-0.019751,-0.002270,0.013689,False
27.515393083000163,-0.872298,0.868007,-1.623827,0.490308,-0.168826,-0.240054,-0.289411,1.105710,1.533720,1.156194,0.648502,0.149461,-0.419599,-0.511488,-0.104861,0.750573,0.181627,-0.626623,0.602524,-0.790469,0.553238,0.306415,-0.643115,0.080208,0.697194,-0.214627,-0.685282,0.622555,-0.104861,0.750573,0.181627,-0.626623,0.602525,-0.790471,0.553360,0.306415,-0.643115,0.080208,0.697194,-0.214627,-0.685280,0.622676,0.213053,0.135845,-0.236586,-0.301944,2,True,True,-0.071894,-0.016334,-0.085752,-0.056951,-0.046820,-0.073926,-0.056951,-0.046820,-0.073926,True,-0.053381,-0.034348,-0.068999,-0.053381,-0.034348,-0.068999,-2.342594,-2.560075,-2.763061,-2.585358,-2.787958,-2.862701,-2.827755,-2.823027,0.053896,0.074378,0.069794,0.047519,0.012579,0.012503,0.012901,0.018313,-384.082031,-159.248184,-272.741486,-79.446709,True,velocity,0.213053,0.223053,-0.019915,-0.001707,0.014802,False
27.55016179500035,-0.862688,0.886217,-1.622057,0.482845,-0.165512,-0.246758,-0.295583,1.106645,1.538081,1.154190,0.648331,0.148648,-0.420689,-0.512393,-0.122407,0.748532,0.182624,-0.625591,0.591603,-0.790878,0.542382,0.305990,-0.643073,0.079973,0.697446,-0.214320,-0.684221,0.623002,-0.122408,0.748532,0.182625,-0.625591,0.591604,-0.790880,0.542456,0.305990,-0.643073,0.079972,0.697446,-0.214321,-0.684219,0.623076,0.213013,0.134631,-0.235650,-0.304329,2,True,True,-0.080364,-0.056481,-0.083376,-0.016304,-0.017703,-0.076706,-0.016304,-0.017703,-0.076706,True,-0.056951,-0.046820,-0.073926,-0.056951,-0.046820,-0.073926,-2.242058,-2.464559,-2.643962,-2.436593,-2.708058,-2.862701,-2.834179,-2.768046,0.063750,0.082214,0.078460,0.053139,0.018727,0.022219,0.025601,0.029227,-384.039612,-159.188202,-272.681213,-79.407646,True,velocity,0.213013,0.222903,-0.019661,-0.002383,0.000864,False
27.58270685200023,-0.854381,0.903284,-1.620285,0.476213,-0.164635,-0.252293,-0.301156,1.106814,1.542634,1.152144,0.648406,0.148204,-0.422319,-0.512476,-0.138197,0.745908,0.182873,-0.625364,0.580781,-0.791507,0.532982,0.305573,-0.643162,0.079941,0.697551,-0.214097,-0.683281,0.623440,-0.138197,0.745908,0.182874,-0.625364,0.580782,-0.791509,0.532988,0.305573,-0.643162,0.079940,0.697551,-0.214098,-0.683279,0.623445,0.213281,0.133305,-0.234993,-0.307001,2,True,True,-0.108085,-0.057600,-0.086826,0.027197,0.006949,-0.079682,0.027197,0.006949,-0.079682,True,-0.016304,-0.017703,-0.076706,-0.019022,-0.017703,-0.076706,-1.788067,-2.439890,-2.888101,-2.194964,-2.591311,-2.819957,-2.809409,-2.700314,0.018771,0.038985,0.033047,0.008831,0.037005,0.062430,0.059165,0.047319,-384.013123,-159.130295,-272.631683,-79.377792,True,velocity,0.213281,0.222706,-0.018686,-0.003286,0.000674,False
27.616166107000026,-0.846456,0.921662,-1.617810,0.468228,-0.168454,-0.260201,-0.310079,1.104764,1.547747,1.149654,0.648789,0.148122,-0.424554,-0.510377,-0.156721,0.741325,0.182838,-0.626455,0.568571,-0.792511,0.524161,0.305122,-0.643210,0.080013,0.697696,-0.213875,-0.682255,0.623931,-0.156721,0.741325,0.182838,-0.626455,0.568573,-0.792514,0.524163,0.305123,-0.643210,0.080012,0.697696,-0.213876,-0.682252,0.623936,0.214787,0.131816,-0.234631,-0.310371,2,True,True,-0.151248,-0.018714,-0.108245,-0.016139,-0.017992,-0.088083,-0.016139,-0.017992,-0.088083,True,0.027197,0.006949,-0.079682,0.020748,0.006949,-0.079682,3.059779,2.769360,-1.977748,-2.688190,-2.456608,-2.843960,-2.803487,-2.620513,-0.024779,-0.006061,-0.012337,-0.038061,0.042680,0.068454,0.070367,0.045607,-384.012146,-159.128494,-272.619568,-79.385323,True,velocity,0.214787,0.222509,-0.015248,-0.003934,0.002669,False
27.64931168000021,-0.840419,0.938184,-1.612994,0.465940,-0.170632,-0.268247,-0.312785,1.104276,1.552721,1.147075,0.648821,0.147944,-0.426388,-0.509683,-0.171259,0.739386,0.178214,-0.626274,0.556475,-0.793778,0.517475,0.304711,-0.643237,0.080013,0.697850,-0.213657,-0.681313,0.624388,-0.171259,0.739386,0.178214,-0.626274,0.556476,-0.793781,0.517477,0.304711,-0.643237,0.080012,0.697851,-0.213658,-0.681310,0.624391,0.215511,0.130417,-0.234173,-0.313633,2,True,True,-0.180931,-0.025797,-0.118020,-0.055481,-0.048850,-0.096888,-0.055481,-0.048850,-0.096888,True,-0.016139,-0.017992,-0.088083,0.002058,-0.017992,-0.088083,-1.036463,-1.992625,-2.632966,2.741557,-2.413943,-2.832243,-2.821474,-2.614153,0.006425,0.021066,0.014526,-0.011092,0.016542,0.041187,0.048680,0.018430,-384.025543,-159.150528,-272.615936,-79.384209,True,velocity,0.215511,0.222288,-0.013324,-0.004616,0.004375,False
27.680774853000003,-0.835689,0.955455,-1.609130,0.461909,-0.176533,-0.277692,-0.318727,1.102179,1.558364,1.144512,0.649180,0.147853,-0.427734,-0.507596,-0.187511,0.735329,0.173517,-0.627712,0.543293,-0.795525,0.511617,0.304242,-0.643296,0.079911,0.698013,-0.213397,-0.680253,0.624871,-0.187500,0.735357,0.173534,-0.627678,0.543447,-0.795746,0.511567,0.304240,-0.643301,0.079910,0.698009,-0.213422,-0.680220,0.624904,0.217050,0.129098,-0.234044,-0.318088,1,True,True,-0.190869,-0.089657,-0.154811,-0.014518,-0.020178,-0.113924,-0.014518,-0.020178,-0.113924,True,-0.055481,-0.048850,-0.096888,-0.052016,-0.044653,-0.096888,-2.132177,-2.451621,-2.695139,-2.396581,-2.407528,-2.795260,-2.803487,-2.688073,0.064254,0.083607,0.075489,0.046315,0.003707,0.010978,0.021064,0.008681,-384.008514,-159.131134,-272.605042,-79.360489,True,velocity,0.217050,0.222050,-0.009734,-0.005323,0.020151,False
27.716516948999924,-0.833204,0.970367,-1.604065,0.461305,-0.183248,-0.287969,-0.321910,1.099697,1.563183,1.142173,0.649131,0.148025,-0.429534,-0.505044,-0.200624,0.732292,0.166348,-0.629148,0.531451,-0.797379,0.508426,0.303914,-0.643348,0.079763,0.698125,-0.213184,-0.679416,0.625217,-0.200611,0.732305,0.166357,-0.629134,0.531582,-0.797590,0.508351,0.303912,-0.643352,0.079761,0.698122,-0.213202,-0.679376,0.625249,0.218737,0.127768,-0.233920,-0.321396,1,True,True,-0.216049,-0.105953,-0.140105,0.029359,0.003797,-0.121625,0.029359,0.003797,-0.121625,True,-0.014518,-0.020178,-0.113924,-0.016275,-0.020178,-0.113924,-1.543842,-2.402595,-2.970325,-1.429698,-2.346270,-2.697288,-2.797063,-2.651359,0.023950,0.050592,0.037792,0.002259,0.014561,0.027451,0.032324,0.019862,-383.966095,-159.042130,-272.531677,-79.315567,True,velocity,0.218737,0.221800,0.000000,-0.005773,0.023669,False
27.74724662599965,-0.832014,0.984953,-1.597452,0.464057,-0.190826,-0.300273,-0.321773,1.097680,1.568010,1.139618,0.648939,0.148318,-0.430743,-0.502718,-0.212517,0.730151,0.155260,-0.630564,0.518998,-0.799720,0.506682,0.303546,-0.643353,0.079560,0.698303,-0.212954,-0.678470,0.625566,-0.212504,0.730146,0.155266,-0.630572,0.519097,-0.799965,0.506580,0.303545,-0.643356,0.079559,0.698301,-0.212969,-0.678421,0.625593,0.220215,0.126622,-0.233772,-0.325145,1,True,True,-0.244906,-0.072434,-0.130958,0.076029,0.021740,-0.124370,0.076029,0.021740,-0.124370,True,0.029359,0.003797,-0.121625,0.021043,0.002522,-0.121625,2.853184,-1.541160,-1.591856,-2.746032,-2.248428,-2.697288,-2.870295,-2.669798,-0.016513,0.004989,-0.006229,-0.045079,0.032590,0.054885,0.046997,0.031990,-383.963867,-159.026505,-272.520508,-79.336220,True,velocity,0.220215,0.221294,0.000000,-0.008262,0.006798,False
27.781578562000504,-0.832229,0.997417,-1.591500,0.466452,-0.200884,-0.311125,-0.322693,1.094173,1.572539,1.137040,0.649013,0.148791,-0.432131,-0.499097,-0.222682,0.727097,0.145044,-0.633012,0.507731,-0.802174,0.506723,0.303168,-0.643304,0.079349,0.698536,-0.212778,-0.677529,0.625855,-0.222674,0.727103,0.145048,-0.633007,0.507763,-0.802390,0.506579,0.303168,-0.643309,0.079347,0.698532,-0.212790,-0.677483,0.625893,0.222379,0.125425,-0.233786,-0.328745,1,True,True,-0.277478,0.006168,-0.114578,0.030232,0.001673,-0.121490,0.030232,0.001673,-0.121490,True,0.076029,0.021740,-0.124370,0.076029,0.021740,-0.124370,-3.074748,-3.023623,-2.548747,-2.777991,-2.242314,-2.507331,-2.809409,-2.620848,-0.065550,-0.048066,-0.063733,-0.102688,0.017024,0.038888,0.030543,0.016026,-384.002106,-159.102402,-272.574219,-79.348770,True,velocity,0.222379,0.221038,0.000000,-0.008052,0.008141,False
27.815368982999644,-0.834223,1.008781,-1.585478,0.469941,-0.213642,-0.321560,-0.322930,1.089878,1.577180,1.134390,0.649163,0.149532,-0.433898,-0.494813,-0.231184,0.723557,0.133541,-0.636543,0.496476,-0.805040,0.508577,0.302919,-0.643325,0.079220,0.698639,-0.212699,-0.676475,0.626124,-0.231183,0.723564,0.133541,-0.636535,0.496464,-0.805261,0.508394,0.302919,-0.643332,0.079217,0.698634,-0.212709,-0.676426,0.626169,0.224915,0.124143,-0.233853,-0.332630,1,True,True,-0.307872,0.033336,-0.109643,-0.013216,-0.023071,-0.118005,-0.013216,-0.023071,-0.118005,True,0.030232,0.001673,-0.121490,0.034575,0.001673,-0.121490,2.924560,2.524069,-2.414323,-2.871978,-2.364859,-2.531910,-2.754023,-2.645649,-0.033467,-0.006490,-0.023478,-0.060568,-0.029051,-0.028548,-0.020469,0.009492,-384.037384,-159.142578,-272.625824,-79.355606,True,velocity,0.224915,0.220837,0.000000,-0.007525,0.010924,False
27.850054733000434,-0.835919,1.015193,-1.574897,0.475234,-0.230735,-0.329820,-0.320710,1.085457,1.581526,1.130975,0.649208,0.151075,-0.437342,-0.490329,-0.236631,0.720998,0.122267,-0.639701,0.487176,-0.807656,0.511476,0.302862,-0.643410,0.079339,0.698573,-0.212755,-0.675596,0.626287,-0.236632,0.720998,0.122268,-0.639702,0.487176,-0.807660,0.511470,0.302862,-0.643410,0.079339,0.698573,-0.212755,-0.675592,0.626289,0.227433,0.122465,-0.233945,-0.335747,2,True,True,-0.340644,0.010613,-0.085140,-0.053134,-0.053180,-0.108339,-0.053134,-0.053180,-0.108339,True,-0.013216,-0.023071,-0.118005,-0.013216,-0.023071,-0.118005,-1.390373,-2.296237,-2.888247,2.242180,-2.572738,-2.531981,-2.717407,-2.706841,0.014447,0.048699,0.033874,-0.002580,-0.036087,-0.051514,-0.054938,0.009492,-384.017578,-159.109238,-272.623749,-79.355606,True,velocity,0.227433,0.220709,0.013775,-0.006544,0.013311,False
27.88332530400021,-0.839980,1.021990,-1.566118,0.481391,-0.247967,-0.339594,-0.318603,1.081639,1.585127,1.128133,0.649008,0.152599,-0.439694,-0.486177,-0.241498,0.717852,0.109150,-0.643780,0.477954,-0.810630,0.515614,0.302940,-0.643471,0.079486,0.698465,-0.212865,-0.674666,0.626367,-0.241498,0.717852,0.109151,-0.643780,0.477955,-0.810635,0.515604,0.302940,-0.643472,0.079486,0.698465,-0.212866,-0.674660,0.626367,0.229635,0.121336,-0.234048,-0.339095,2,True,True,-0.341612,-0.060080,-0.077263,-0.087521,-0.089478,-0.099199,-0.087521,-0.089478,-0.099199,True,-0.053134,-0.053180,-0.108339,-0.051153,-0.053180,-0.108339,-2.028525,-2.379122,-2.620781,-2.257771,-2.591344,-2.494931,-2.747733,-2.798727,0.062651,0.095750,0.079559,0.044247,-0.009128,-0.009394,-0.256865,0.009492,-383.991913,-159.062637,-270.830231,-79.355606,True,velocity,0.229635,0.220659,0.018217,-0.005282,0.030869,False
27.918670994999957,-0.845278,1.026499,-1.555640,0.487883,-0.268256,-0.347350,-0.316402,1.077641,1.589250,1.124684,0.648719,0.154203,-0.442916,-0.482054,-0.244679,0.714553,0.096268,-0.648289,0.469193,-0.813740,0.520862,0.303178,-0.643491,0.079690,0.698321,-0.213028,-0.673638,0.626349,-0.244679,0.714553,0.096268,-0.648289,0.469193,-0.813740,0.520860,0.303178,-0.643491,0.079690,0.698321,-0.213028,-0.673638,0.626348,0.231871,0.119878,-0.234086,-0.342639,3,True,True,-0.329788,-0.173383,-0.084377,-0.050071,-0.056350,-0.094840,-0.050071,-0.056350,-0.094840,True,-0.087521,-0.089478,-0.099199,-0.085351,-0.086557,-0.099199,-2.177365,-2.373639,-2.512364,-2.314798,-2.493166,-2.716104,-2.735394,-2.755297,0.114200,0.133845,0.123296,0.091473,0.023211,0.038171,0.028474,0.009492,-383.978363,-159.038651,-272.495392,-79.355606,True,velocity,0.231871,0.220656,0.022626,-0.003925,0.001217,False
27.952927672000442,-0.852243,1.030055,-1.547454,0.493499,-0.286424,-0.352990,-0.315925,1.074582,1.592885,1.121927,0.648416,0.155546,-0.445339,-0.478868,-0.246486,0.711198,0.085121,-0.652838,0.461722,-0.816750,0.526383,0.303376,-0.643586,0.079818,0.698133,-0.213151,-0.672612,0.626302,-0.246486,0.711198,0.085121,-0.652838,0.461723,-0.816751,0.526379,0.303376,-0.643586,0.079818,0.698133,-0.213152,-0.672611,0.626299,0.233554,0.118714,-0.233984,-0.345874,3,True,True,-0.328274,-0.236312,-0.086579,-0.009805,-0.026708,-0.092410,-0.009805,-0.026708,-0.092410,True,-0.050071,-0.056350,-0.094840,-0.055677,-0.060676,-0.094840,-2.071435,-2.352767,-2.542190,-2.249352,-2.401754,-2.531910,-2.692996,-2.632596,0.077952,0.098167,0.085972,0.058446,0.031063,0.050997,0.092273,0.001228,-383.957733,-159.004318,-272.407074,-79.367607,True,velocity,0.233554,0.220663,0.025925,-0.002875,0.002875,False
27.986885350999728,-0.859953,1.032425,-1.540371,0.498225,-0.304601,-0.357577,-0.316847,1.071846,1.595866,1.119648,0.648056,0.156645,-0.447155,-0.475894,-0.247503,0.707502,0.075457,-0.657639,0.455590,-0.819471,0.532068,0.303483,-0.643623,0.079862,0.698047,-0.213290,-0.671672,0.626201,-0.247503,0.707502,0.075457,-0.657640,0.455591,-0.819472,0.532061,0.303482,-0.643623,0.079862,0.698047,-0.213291,-0.671671,0.626197,0.235015,0.117709,-0.233824,-0.348519,3,True,True,-0.336561,-0.249703,-0.073529,0.033386,-0.001517,-0.086857,0.033386,-0.001517,-0.086857,True,-0.009805,-0.026708,-0.092410,-0.009805,-0.026708,-0.092410,-1.416743,-2.161743,-2.598892,-1.204372,-2.401754,-2.531910,-2.692996,-2.632596,0.021276,0.042693,0.029663,0.002342,0.031529,0.050997,-0.033612,0.070724,-383.920349,-159.004318,-272.952850,-79.240791,True,velocity,0.235015,0.220681,0.028768,-0.002011,0.022333,False
28.0210944370001,-0.869130,1.033829,-1.533456,0.503285,-0.323712,-0.361111,-0.318002,1.069036,1.598805,1.117472,0.647909,0.157731,-0.448625,-0.472811,-0.247444,0.703645,0.065574,-0.662839,0.449810,-0.822443,0.538751,0.303537,-0.643681,0.079970,0.697958,-0.213436,-0.670512,0.626120,-0.247444,0.703645,0.065574,-0.662839,0.449811,-0.822444,0.537982,0.303537,-0.643681,0.079970,0.697958,-0.213437,-0.670511,0.625354,0.235706,0.116850,-0.233572,-0.351517,3,True,True,-0.349597,-0.211278,-0.076598,0.079512,0.017781,-0.083839,0.079512,0.017781,-0.083839,True,0.033386,-0.001517,-0.086857,0.027930,-0.001517,-0.086857,2.864188,2.395933,-2.535591,-2.931093,-2.174651,-2.531910,-2.680918,-2.400058,-0.015790,-0.003831,-0.015818,-0.039852,0.032160,0.045646,0.079757,0.029703,-383.926483,-158.950470,-272.375977,-79.279991,True,velocity,0.235706,0.220706,0.030066,-0.001316,0.024169,False
28.057483954999952,-0.878310,1.033573,-1.525705,0.506752,-0.344631,-0.361968,-0.321263,1.065980,1.601558,1.115175,0.648146,0.159151,-0.450016,-0.469581,-0.247085,0.699404,0.058285,-0.668121,0.445148,-0.825195,0.545320,0.303439,-0.643824,0.080039,0.697860,-0.213524,-0.669362,0.626090,-0.247085,0.699405,0.058285,-0.668121,0.445148,-0.825195,0.545317,0.303439,-0.643824,0.080039,0.697860,-0.213524,-0.669362,0.626087,0.238016,0.116021,-0.233349,-0.354409,4,True,True,-0.363986,-0.123779,-0.079518,0.128262,0.028891,-0.082568,0.128262,0.028891,-0.082568,True,0.079512,0.017781,-0.083839,0.079512,0.017781,-0.083839,-3.061661,-3.027005,-2.735623,-2.850898,-2.199030,-2.586340,-2.802844,-2.400058,-0.061184,-0.056996,-0.070872,-0.088091,0.020355,0.045646,0.030947,-0.003962,-383.925934,-158.950470,-272.360199,-79.281113,True,velocity,0.238016,0.220741,0.034586,-0.000707,0.028803,False
28.09346045700022,-0.888628,1.033486,-1.518872,0.510439,-0.364514,-0.362278,-0.325623,1.063082,1.603845,1.113202,0.648427,0.160216,-0.450862,-0.466686,-0.246389,0.695152,0.051194,-0.673376,0.440757,-0.827923,0.552388,0.303357,-0.643864,0.080019,0.697861,-0.213611,-0.668158,0.626044,-0.246388,0.695152,0.051193,-0.673376,0.440758,-0.827924,0.552383,0.303357,-0.643865,0.080019,0.697861,-0.213612,-0.668157,0.626040,0.239449,0.115377,-0.233033,-0.357056,4,True,True,-0.366227,0.016062,-0.076364,0.178252,0.027920,-0.080744,0.178252,0.027920,-0.080744,True,0.128262,0.028891,-0.082568,0.127710,0.028891,-0.082568,-3.007960,-2.974902,-2.805348,-2.869264,-2.370961,-2.421055,-2.644175,-2.516244,-0.113291,-0.096250,-0.116688,-0.136074,-0.003375,0.037334,0.012015,-0.018877,-383.953278,-158.969162,-272.385040,-79.282784,True,velocity,0.239449,0.220828,0.037235,0.000120,0.015967,False
28.123374304999743,-0.899101,1.033122,-1.512162,0.515144,-0.382768,-0.361935,-0.329535,1.060824,1.605649,1.111636,0.648627,0.160885,-0.451721,-0.464623,-0.244874,0.691522,0.044123,-0.678150,0.436863,-0.830369,0.559502,0.303387,-0.643850,0.080004,0.697863,-0.213757,-0.667115,0.625931,-0.244874,0.691522,0.044123,-0.678150,0.436863,-0.830370,0.559496,0.303386,-0.643850,0.080005,0.697863,-0.213758,-0.667114,0.625926,0.240494,0.114753,-0.232661,-0.359042,4,True,True,-0.349246,0.204084,-0.055202,0.129195,0.018256,-0.073231,0.129195,0.018256,-0.073231,True,0.178252,0.027920,-0.080744,0.174542,0.027920,-0.080744,-3.046119,-3.029947,-2.910663,-2.943391,-2.517872,-2.384642,-2.802984,-2.583957,-0.163350,-0.129283,-0.164352,-0.179756,-0.023828,-0.073959,-0.013910,-0.012671,-383.984528,-159.130295,-272.435699,-79.304688,True,velocity,0.240494,0.220888,0.039183,0.000553,0.014275,False
28.166970361000494,-0.910237,1.032388,-1.504726,0.519390,-0.406491,-0.360089,-0.334769,1.057137,1.607346,1.109943,0.648972,0.161911,-0.453509,-0.461457,-0.243054,0.686173,0.037526,-0.684604,0.433030,-0.832790,0.567569,0.303574,-0.643883,0.080041,0.697747,-0.213969,-0.666048,0.625787,-0.243054,0.686174,0.037526,-0.684604,0.433031,-0.832790,0.567568,0.303574,-0.643883,0.080042,0.697747,-0.213969,-0.666048,0.625785,0.242243,0.113894,-0.232359,-0.360705,5,True,True,-0.346950,0.340582,-0.031855,0.081020,0.004870,-0.061062,0.081020,0.004870,-0.061062,True,0.129195,0.018256,-0.073231,0.131741,0.018256,-0.073231,-3.077285,-3.063912,-2.917197,-2.954963,-2.670853,-2.611120,-2.723568,-2.675510,-0.132718,-0.105619,-0.120073,-0.141046,-0.047371,-0.105007,-0.066470,-0.033358,-384.053864,-159.221817,-272.536682,-79.381836,True,velocity,0.242243,0.220950,0.042546,0.000819,0.026006,False
28.19347485599974,-0.920826,1.031967,-1.498088,0.523892,-0.427105,-0.357327,-0.340918,1.054990,1.608371,1.108828,0.648987,0.162575,-0.454951,-0.459444,-0.241148,0.681499,0.032255,-0.690193,0.429969,-0.834555,0.574673,0.303650,-0.643888,0.080068,0.697706,-0.214157,-0.665297,0.625656,0.241147,-0.681499,-0.032254,0.690193,0.429969,-0.834556,0.574670,0.303650,-0.643888,0.080068,0.697706,-0.214157,-0.665297,0.625654,0.243261,0.113148,-0.231925,-0.361288,5,True,True,-0.345364,0.431130,0.011717,0.034217,-0.012720,-0.039656,0.034217,-0.012720,-0.039656,True,0.081020,0.004870,-0.061062,0.095409,0.004870,-0.061062,3.116923,3.110904,-2.997358,-3.025379,-2.763293,-2.703234,-2.760312,-2.730836,-0.097346,-0.073647,-0.083266,-0.101921,-0.077921,-0.111281,-0.105364,-0.072766,-384.137970,-159.293945,-272.626953,-79.474892,True,velocity,0.243261,0.221100,0.044232,0.001827,0.004498,False
28.227842459000385,-0.933152,1.031393,-1.490944,0.530039,-0.449512,-0.353382,-0.346913,1.052591,1.609472,1.107705,0.648983,0.163235,-0.456812,-0.456822,-0.238096,0.676488,0.025781,-0.696426,0.426545,-0.836444,0.583318,0.303671,-0.643885,0.080310,0.697672,-0.214423,-0.664411,0.625603,0.238096,-0.676488,-0.025780,0.696426,0.426545,-0.836445,0.583314,0.303671,-0.643885,0.080310,0.697672,-0.214424,-0.664410,0.625599,0.244477,0.112259,-0.231365,-0.361816,5,True,True,-0.348056,0.475446,0.035513,-0.010481,-0.035129,0.000000,-0.010481,-0.035129,0.000000,True,0.034217,-0.012720,-0.039656,0.036740,-0.012720,-0.039656,2.757412,2.611552,2.885264,2.962704,-2.848903,-2.734321,-2.803347,-2.792349,-0.036560,-0.020582,-0.025689,-0.038166,-0.107215,-0.111909,-0.124991,-0.111100,-384.215973,-159.348068,-272.674255,-79.548134,True,velocity,0.244477,0.221188,0.046477,0.002014,0.006764,False
28.259291281000515,-0.944790,1.031374,-1.483745,0.535568,-0.470697,-0.348218,-0.354837,1.050854,1.609678,1.107162,0.648892,0.163904,-0.458105,-0.454502,-0.235821,0.671578,0.021108,-0.702086,0.423724,-0.837900,0.591038,0.303600,-0.643895,0.080577,0.697663,-0.214676,-0.663756,0.625602,0.235821,-0.671579,-0.021108,0.702086,0.423724,-0.837902,0.591032,0.303599,-0.643895,0.080577,0.697663,-0.214676,-0.663755,0.625598,0.245419,0.111682,-0.230839,-0.361639,5,True,True,-0.336239,0.468959,0.040827,-0.051886,-0.063158,0.000000,-0.051886,-0.063158,0.000000,True,-0.010481,-0.035129,0.000000,-0.010104,-0.035129,0.000000,-1.850864,-1.850864,-1.850864,-1.850864,-3.008646,-2.764906,-2.931811,-2.921073,0.014671,0.022318,0.018570,0.018912,-0.110323,-0.098531,-0.110211,-0.106573,-384.244415,-159.356445,-272.681213,-79.549667,True,velocity,0.245419,0.221272,0.048186,0.002170,0.005527,False
28.292792813999768,-0.957999,1.031686,-1.475753,0.542623,-0.493885,-0.342170,-0.362994,1.049066,1.609912,1.106691,0.648390,0.164785,-0.459865,-0.451628,-0.232928,0.666176,0.015297,-0.708322,0.420410,-0.839278,0.600071,0.303530,-0.643955,0.080945,0.697596,-0.214996,-0.663054,0.625661,0.232927,-0.666176,-0.015296,0.708322,0.420411,-0.839280,0.599892,0.303529,-0.643955,0.080946,0.697596,-0.214996,-0.663054,0.625483,0.246369,0.110931,-0.230159,-0.361107,5,True,True,-0.318132,0.418436,0.056806,-0.087909,-0.097833,0.000000,-0.087909,-0.097833,0.000000,True,-0.051886,-0.063158,0.000000,-0.041661,-0.060766,0.000000,-2.171789,-2.171789,-2.171789,-2.171789,-2.984003,-3.113842,-2.944015,-2.890398,0.050681,0.043331,0.052779,0.055458,-0.076577,-0.060001,-0.053996,-0.050715,-384.243866,-159.342636,-272.620941,-79.484375,True,velocity,0.246369,0.221369,0.049882,0.002358,0.023066,False
28.325388129999737,-0.969948,1.031978,-1.468186,0.549611,-0.514639,-0.335779,-0.371712,1.049252,1.609904,1.106712,0.647074,0.165485,-0.460672,-0.449993,-0.230588,0.661407,0.010597,-0.713623,0.417759,-0.840197,0.607632,0.303438,-0.644020,0.081228,0.697542,-0.215260,-0.662565,0.625727,0.230588,-0.661407,-0.010597,0.713623,0.417760,-0.840200,0.607269,0.303438,-0.644021,0.081229,0.697542,-0.215261,-0.662566,0.625365,0.246466,0.110529,-0.229408,-0.360385,5,True,True,-0.269948,0.324047,0.078441,-0.114456,-0.140203,0.000000,-0.114456,-0.140203,0.000000,True,-0.087909,-0.097833,0.000000,-0.087909,-0.097833,0.000000,-2.302816,-2.302816,-2.302816,-2.302816,-2.867508,-2.813511,-2.797202,-2.375447,0.111107,0.114744,0.115777,0.131180,-0.032854,-0.006649,0.053048,0.035159,-384.243011,-159.333145,-272.493011,-79.383507,True,velocity,0.246466,0.221466,0.049875,0.002505,0.024958,False
28.358557053999903,-0.983088,1.031526,-1.460654,0.557786,-0.535739,-0.329002,-0.380015,1.050378,1.611209,1.106348,0.644687,0.166133,-0.462381,-0.448454,-0.227364,0.656684,0.004972,-0.719060,0.414694,-0.840915,0.616038,0.303331,-0.644136,0.081561,0.697443,-0.215570,-0.662046,0.625829,0.227364,-0.656684,-0.004972,0.719060,0.414695,-0.840918,0.615727,0.303331,-0.644136,0.081561,0.697443,-0.215571,-0.662048,0.625519,0.246569,0.109537,-0.228377,-0.359759,5,True,True,-0.209300,0.198170,0.097242,-0.122818,-0.189499,0.053078,-0.122818,-0.189499,0.053078,True,-0.114456,-0.140203,0.000000,-0.114456,-0.134262,0.000000,-2.276731,-2.276731,-2.276731,-2.276731,-2.738560,-2.825876,-2.656131,-2.620681,0.157945,0.150487,0.163881,0.166094,0.000725,0.012280,0.124545,0.139931,-384.229218,-159.327713,-272.394104,-79.219727,True,velocity,0.246569,0.221569,0.049868,0.002650,0.026055,False
28.394492538000122,-0.996731,1.030256,-1.453241,0.565695,-0.555668,-0.323821,-0.386418,1.053145,1.613465,1.105766,0.642054,0.166395,-0.464685,-0.448662,-0.223700,0.652422,-0.001643,-0.724087,0.411697,-0.841262,0.623925,0.303227,-0.644337,0.081879,0.697265,-0.215843,-0.661577,0.625866,0.223699,-0.652422,0.001643,0.724087,0.411698,-0.841265,0.623920,0.303227,-0.644337,0.081879,0.697265,-0.215845,-0.661581,0.625861,0.246030,0.108147,-0.227080,-0.359111,5,True,True,-0.117466,0.054991,0.063585,-0.087636,-0.153971,0.056168,-0.087636,-0.153971,0.056168,True,-0.122818,-0.189499,0.053078,-0.122818,-0.189499,0.053078,-2.197430,-2.129306,-2.098792,-2.165041,-2.616366,-2.838161,-2.576608,-2.547098,0.203124,0.175183,0.197980,0.216274,0.017688,0.020347,0.138285,0.174488,-384.182343,-159.277908,-272.337189,-79.129883,True,velocity,0.246030,0.221809,0.048256,0.003721,0.013599,False
28.425166234000244,-1.010307,1.028595,-1.446199,0.571716,-0.574390,-0.319798,-0.391842,1.056211,1.616359,1.104898,0.639794,0.166289,-0.467159,-0.449819,-0.220278,0.648303,-0.007935,-0.728778,0.408911,-0.841330,0.631104,0.302989,-0.644555,0.081982,0.697156,-0.215980,-0.661105,0.625894,0.220277,-0.648303,0.007935,0.728778,0.408912,-0.841332,0.631100,0.302989,-0.644555,0.081982,0.697156,-0.215981,-0.661109,0.625890,0.244917,0.106474,-0.225670,-0.358452,5,True,True,-0.054585,-0.039113,0.027206,-0.057538,-0.114045,0.047650,-0.057538,-0.114045,0.047650,True,-0.087636,-0.153971,0.056168,-0.088237,-0.154649,0.056168,-2.158498,-2.065056,-2.029291,-2.118703,-2.530061,-2.599444,-2.514945,-2.467473,0.167883,0.143338,0.161454,0.180236,0.046590,0.045640,0.124247,0.175131,-384.110077,-159.201874,-272.265350,-79.059433,True,velocity,0.244917,0.222003,0.045611,0.004341,0.012346,False
28.459177652999642,-1.022868,1.026547,-1.439759,0.575875,-0.587818,-0.316490,-0.395679,1.059885,1.619396,1.104043,0.638293,0.165782,-0.469388,-0.452423,-0.216925,0.645773,-0.013049,-0.731950,0.406752,-0.841199,0.636839,0.302664,-0.644823,0.081981,0.697049,-0.215953,-0.660674,0.625925,0.216925,-0.645773,0.013049,0.731950,0.406752,-0.841199,0.636838,0.302663,-0.644823,0.081981,0.697049,-0.215954,-0.660677,0.625924,0.243292,0.104881,-0.224262,-0.357911,5,True,True,-0.015859,-0.090837,-0.004222,-0.035954,-0.068943,0.032393,-0.035954,-0.068943,0.032393,True,-0.057538,-0.114045,0.047650,-0.057538,-0.114045,0.047650,-2.116053,-1.999354,-1.961934,-2.071739,-2.432227,-2.458030,-2.392261,-2.393531,0.119278,0.106670,0.117853,0.129660,0.100348,0.090890,0.113562,0.147057,-383.986877,-159.106308,-272.168518,-78.941689,True,velocity,0.243292,0.222228,0.041882,0.004905,0.014729,False
28.490116199999648,-1.035075,1.025071,-1.434554,0.578322,-0.599833,-0.313145,-0.399607,1.062716,1.622180,1.103203,0.637737,0.166139,-0.470970,-0.454399,-0.213905,0.643054,-0.017195,-0.735140,0.404909,-0.840907,0.642186,0.301858,-0.645421,0.081726,0.696875,-0.215702,-0.660102,0.626007,0.213905,-0.643054,0.017195,0.735140,0.404910,-0.840910,0.642181,0.301858,-0.645421,0.081727,0.696875,-0.215703,-0.660110,0.626001,0.241924,0.103438,-0.222824,-0.357284,4,True,True,-0.007154,-0.105531,-0.017799,-0.011491,-0.025337,0.000000,-0.011491,-0.025337,0.000000,True,-0.035954,-0.068943,0.032393,-0.035954,-0.076207,0.032393,-2.091840,-1.969686,-1.933736,-2.048057,-2.358771,-2.378242,-2.300498,-2.326498,0.079782,0.071941,0.080058,0.086785,0.133056,0.120325,0.124839,0.139994,-383.904999,-159.045761,-272.090271,-78.851700,True,velocity,0.241924,0.222447,0.038683,0.005419,0.013561,False
28.523010902999886,-1.045352,1.023261,-1.429432,0.580653,-0.608244,-0.308950,-0.402272,1.065477,1.624937,1.102476,0.637765,0.168359,-0.470835,-0.456862,-0.210805,0.641648,-0.020208,-0.737184,0.403544,-0.840518,0.646497,0.300710,-0.646752,0.080631,0.696265,-0.215163,-0.659425,0.626093,0.210805,-0.641648,0.020209,0.737184,0.403545,-0.840521,0.646494,0.300710,-0.646752,0.080631,0.696265,-0.215164,-0.659429,0.626089,0.240492,0.102390,-0.221425,-0.357134,4,True,True,-0.018858,-0.083165,-0.013293,0.016537,0.016069,0.000000,0.016537,0.016069,0.000000,True,-0.011491,-0.025337,0.000000,-0.011491,-0.025337,0.000000,-1.996575,-1.996575,-1.996575,-1.996575,-2.297518,-2.489092,-2.208558,-2.259068,0.026570,0.023492,0.027198,0.026868,0.133236,0.113422,0.128540,0.132517,-383.875000,-159.016464,-272.030548,-78.806641,True,velocity,0.240492,0.222678,0.035338,0.005816,0.030514,False
28.55677978699987,-1.053418,1.022325,-1.425041,0.583354,-0.614011,-0.304062,-0.404052,1.067658,1.626617,1.101978,0.638274,0.170776,-0.468619,-0.458947,-0.207906,0.640859,-0.022435,-0.738628,0.402582,-0.839963,0.649980,0.299213,-0.647978,0.079041,0.695951,-0.214454,-0.658685,0.626214,0.207906,-0.640859,0.022435,0.738628,0.402582,-0.839967,0.649978,0.299213,-0.647978,0.079041,0.695951,-0.214454,-0.658687,0.626212,0.239323,0.101979,-0.220126,-0.356936,4,True,True,-0.040476,-0.023079,-0.007374,-0.012578,-0.024580,0.000000,-0.012578,-0.024580,0.000000,True,0.016537,0.016069,0.000000,0.016537,0.013366,0.000000,-2.461837,-2.461837,-2.461837,-2.461837,-2.230164,-2.200396,-2.165522,-2.203586,-0.020695,-0.020541,-0.020337,-0.020558,0.101583,0.063674,0.102172,0.113047,-383.869568,-159.034882,-272.006683,-78.786415,True,velocity,0.239323,0.222894,0.032560,0.005968,0.031948,False
28.587948813000366,-1.060015,1.021272,-1.422012,0.586100,-0.616355,-0.300290,-0.405243,1.069686,1.628553,1.101425,0.638966,0.173292,-0.465582,-0.461342,-0.205134,0.641026,-0.024271,-0.739200,0.401997,-0.839239,0.652614,0.297475,-0.649282,0.076922,0.695719,-0.213488,-0.657977,0.626086,0.205133,-0.641026,0.024272,0.739200,0.401998,-0.839247,0.652608,0.297474,-0.649282,0.076923,0.695719,-0.213489,-0.657984,0.626080,0.237937,0.101628,-0.218856,-0.356751,3,True,True,-0.032362,-0.005366,-0.001822,0.000000,0.000000,0.000000,0.000000,0.000000,0.000000,True,-0.012578,-0.024580,0.000000,-0.012578,-0.010933,0.000000,-2.426053,-2.426053,-2.426053,-2.426053,-2.199030,-2.280193,-2.741951,-2.191837,0.016237,0.016488,0.015840,0.016210,0.050135,0.019806,0.065450,0.072652,-383.888397,-159.043243,-272.000153,-78.785995,True,velocity,0.237937,0.223138,0.029278,0.006412,0.030389,False
28.62155325399999,-1.064318,1.020295,-1.419455,0.589315,-0.616236,-0.297036,-0.404745,1.071949,1.629468,1.101193,0.639549,0.174951,-0.462093,-0.464356,-0.202418,0.642060,-0.025906,-0.738996,0.401720,-0.838436,0.654442,0.296226,-0.650148,0.075011,0.695652,-0.212902,-0.657277,0.626209,0.202418,-0.642060,0.025906,0.738996,0.401722,-0.838447,0.654437,0.296225,-0.650148,0.075012,0.695652,-0.212903,-0.657280,0.626206,0.236746,0.101578,-0.217721,-0.356684,3,True,True,-0.033860,0.028681,0.000201,-0.017988,-0.040565,0.000000,-0.017988,-0.040565,0.000000,True,0.000000,0.000000,0.000000,0.000000,-0.003721,0.000000,-1.570796,-1.570796,-1.570796,-1.570796,-2.180771,-2.145252,-2.159667,-2.191837,0.006178,0.006383,0.006298,0.006160,0.002854,-0.006458,0.053539,0.024950,-383.874573,-159.016037,-272.000000,-78.781670,True,velocity,0.236746,0.223631,0.025805,0.008496,0.017076,False
28.655385711000235,-1.067674,1.018569,-1.417992,0.591314,-0.615283,-0.294585,-0.403811,1.073703,1.630860,1.100727,0.640830,0.175990,-0.459589,-0.467395,-0.199787,0.643142,-0.026883,-0.738736,0.401816,-0.837632,0.655715,0.295018,-0.650905,0.073441,0.695624,-0.212259,-0.656470,0.626349,0.199787,-0.643142,0.026883,0.738736,0.401816,-0.837631,0.655714,0.295018,-0.650905,0.073441,0.695624,-0.212261,-0.656478,0.626346,0.235637,0.101336,-0.216603,-0.356889,3,True,True,-0.009383,0.031222,-0.005958,0.000000,0.000000,0.000000,0.000000,0.000000,0.000000,True,-0.017988,-0.040565,0.000000,-0.017988,-0.027332,0.000000,-2.152855,-2.152855,-2.152855,-2.152855,-2.138084,-2.102549,-2.128910,-2.191837,0.032717,0.032710,0.032711,0.032696,-0.002344,0.004481,0.007670,0.006069,-383.881012,-159.024277,-272.002380,-78.783066,True,velocity,0.235637,0.223897,0.023063,0.008326,0.018578,False
28.68665546000011,-1.069252,1.017915,-1.417269,0.591903,-0.614699,-0.292957,-0.405093,1.074619,1.630903,1.100663,0.641864,0.176054,-0.458334,-0.469119,-0.199122,0.643637,-0.026431,-0.738501,0.402099,-0.837261,0.655979,0.294507,-0.651096,0.072933,0.695716,-0.212011,-0.656113,0.626402,0.199122,-0.643637,0.026432,0.738501,0.402102,-0.837277,0.655184,0.294507,-0.651096,0.072934,0.695716,-0.212014,-0.656130,0.625606,0.234163,0.101436,-0.216138,-0.356874,2,True,True,-0.006396,0.045159,-0.005520,-0.023203,-0.039266,0.000000,-0.023203,-0.039266,0.000000,True,0.000000,0.000000,0.000000,0.000000,-0.022643,0.000000,-1.570796,-1.570796,-1.570796,-1.570796,-2.150273,-2.120600,-2.153391,-2.167248,0.018947,0.019306,0.010689,0.018734,-0.004228,0.005881,0.002484,0.004792,-383.884613,-159.032364,-271.995819,-78.771767,True,velocity,0.234163,0.224163,0.019582,0.008367,0.017638,False
28.720823286000268,-1.070631,1.015717,-1.416995,0.591507,-0.612767,-0.291627,-0.406460,1.075355,1.631876,1.100334,0.643166,0.176159,-0.457658,-0.471101,-0.198086,0.644703,-0.024968,-0.737900,0.402918,-0.836645,0.656041,0.293852,-0.651466,0.072252,0.695717,-0.211689,-0.655570,0.626419,0.198086,-0.644703,0.024968,0.737900,0.402917,-0.836629,0.656039,0.293851,-0.651467,0.072253,0.695717,-0.211693,-0.655593,0.626409,0.234235,0.101056,-0.215427,-0.356907,2,True,True,0.010892,0.031040,-0.006487,0.000000,0.000000,0.000000,0.000000,0.000000,0.000000,True,-0.023203,-0.039266,0.000000,-0.023203,-0.016951,0.000000,-2.691526,-2.691526,-2.691526,-2.691526,-2.088972,-2.158227,-2.110420,-2.093274,0.021499,0.022191,0.022127,0.021294,-0.005406,-0.005072,-0.001322,0.004146,-383.899567,-159.044220,-272.008087,-78.782364,True,velocity,0.234235,0.224744,0.018453,0.010589,0.003600,False
28.75338984300015,-1.071387,1.013916,-1.417150,0.591382,-0.610565,-0.289838,-0.407447,1.076026,1.632160,1.100397,0.644439,0.176456,-0.457644,-0.472893,-0.196925,0.645682,-0.023391,-0.737407,0.403852,-0.835989,0.655887,0.293591,-0.651890,0.072037,0.695452,-0.211569,-0.655075,0.626410,0.196925,-0.645682,0.023392,0.737406,0.403855,-0.836008,0.655882,0.293591,-0.651890,0.072037,0.695452,-0.211572,-0.655088,0.626405,0.233551,0.100887,-0.214818,-0.356844,2,True,True,0.005839,0.049306,-0.004594,-0.030050,-0.039525,0.000000,-0.030050,-0.039525,0.000000,True,0.000000,0.000000,0.000000,0.000000,-0.024345,0.000000,-1.570796,-1.570796,-1.570796,-1.570796,-2.125253,-2.157578,-2.141042,-2.118078,0.020698,0.020105,0.020493,0.020789,-0.009659,-0.010563,-0.001179,0.001266,-383.887146,-159.031525,-271.997070,-78.772461,True,velocity,0.233551,0.225025,0.016548,0.010080,0.003854,False
28.786081973000364,-1.072111,1.011945,-1.417700,0.590945,-0.609204,-0.289313,-0.408623,1.076940,1.632918,1.100282,0.645116,0.176676,-0.458367,-0.474695,-0.196104,0.646303,-0.022149,-0.737120,0.404621,-0.835410,0.655651,0.293512,-0.652282,0.071894,0.695133,-0.211584,-0.654715,0.626361,0.196104,-0.646303,0.022149,0.737120,0.404619,-0.835393,0.655649,0.293511,-0.652282,0.071894,0.695133,-0.211586,-0.654725,0.626356,0.232833,0.100365,-0.214254,-0.356720,2,True,True,0.016707,0.024265,-0.000897,0.000000,0.000000,0.000000,0.000000,0.000000,0.000000,True,-0.030050,-0.039525,0.000000,-0.030050,-0.036452,0.000000,-2.260218,-2.260218,-2.260218,-2.260218,-2.095101,-2.102549,-2.637751,-2.087177,0.046599,0.046655,0.046835,0.046536,0.005642,0.002095,0.005078,0.006458,-383.862579,-159.013947,-271.977112,-78.753212,True,velocity,0.232833,0.225350,0.014463,0.010055,0.003232,False
28.819652580000366,-1.072285,1.009988,-1.417944,0.591482,-0.605790,-0.288251,-0.408579,1.077923,1.633260,1.100292,0.645862,0.177073,-0.458421,-0.476523,-0.194731,0.647841,-0.021039,-0.736166,0.405392,-0.834741,0.655286,0.293379,-0.652678,0.071653,0.694843,-0.211697,-0.654341,0.626236,0.194731,-0.647841,0.021039,0.736165,0.405396,-0.834762,0.655283,0.293379,-0.652678,0.071653,0.694843,-0.211698,-0.654344,0.626235,0.232006,0.099990,-0.213719,-0.356645,2,True,True,0.005475,0.040333,0.001362,-0.028228,-0.029323,0.000000,-0.028228,-0.029323,0.000000,True,0.000000,0.000000,0.000000,0.000000,-0.003935,0.000000,-1.570796,-1.570796,-1.570796,-1.570796,-2.107290,-2.059616,-2.128981,-2.105676,0.003382,0.003486,0.003351,0.003385,0.022327,0.021602,0.019156,0.019430,-383.839020,-158.979492,-271.951019,-78.725166,True,velocity,0.232006,0.225653,0.012215,0.009793,0.023329,False
28.850737087999732,-1.072352,1.008107,-1.417996,0.591849,-0.603386,-0.287800,-0.408975,1.078708,1.633715,1.100356,0.645852,0.177108,-0.459447,-0.477753,-0.193837,0.649077,-0.020037,-0.735340,0.406056,-0.834164,0.654960,0.293648,-0.652895,0.071754,0.694515,-0.211912,-0.654016,0.626005,0.193836,-0.649075,0.020037,0.735341,0.406054,-0.834107,0.654623,0.293645,-0.652896,0.071754,0.694515,-0.211914,-0.653974,0.625663,0.231009,0.099536,-0.213192,-0.356510,1,True,True,0.009467,0.019444,0.005408,0.000000,0.000000,0.000000,0.000000,0.000000,0.000000,True,-0.028228,-0.029323,0.000000,-0.025472,-0.024953,0.000000,-2.366484,-2.366484,-2.366484,-2.366484,-2.088972,-2.084386,-2.104570,-2.081302,0.034294,0.034248,0.034442,0.034218,0.027786,0.031428,0.029094,0.028390,-383.842072,-158.988693,-271.950745,-78.723633,True,velocity,0.231009,0.226009,0.009491,0.010180,0.022297,False
28.88399397500052,-1.072313,1.006704,-1.418298,0.592457,-0.600971,-0.287065,-0.409366,1.079463,1.633779,1.100728,0.645976,0.177527,-0.460495,-0.478599,-0.192999,0.650161,-0.019162,-0.734625,0.406622,-0.833604,0.654605,0.293931,-0.653265,0.072119,0.694009,-0.212179,-0.653723,0.625782,0.193001,-0.650160,0.019163,0.734626,0.406645,-0.833701,0.654595,0.293930,-0.653265,0.072118,0.694009,-0.212182,-0.653746,0.625779,0.230675,0.099311,-0.212881,-0.356463,1,True,True,0.002704,0.028768,0.006827,0.000000,0.000000,0.000000,0.000000,0.000000,0.000000,True,0.000000,0.000000,0.000000,-0.001896,-0.004008,0.000000,-2.012748,-2.012748,-2.012748,-2.012748,-2.088972,-2.066104,-2.134762,-2.081078,0.004421,0.004431,0.004407,0.004424,0.023476,0.020784,0.020542,0.024493,-383.821136,-158.969589,-273.263245,-78.707870,True,velocity,0.230675,0.226337,0.000000,0.010101,0.023798,False
28.916957344000366,-1.071917,1.005783,-1.418828,0.593280,-0.598883,-0.286302,-0.409769,1.080068,1.633749,1.100933,0.645958,0.177869,-0.461365,-0.479176,-0.192343,0.651003,-0.018399,-0.734071,0.407094,-0.833161,0.654269,0.294171,-0.653502,0.072416,0.693653,-0.212363,-0.653532,0.625623,0.192345,-0.651002,0.018400,0.734071,0.407117,-0.833279,0.654259,0.294171,-0.653502,0.072415,0.693653,-0.212366,-0.653546,0.625623,0.230198,0.099167,-0.212596,-0.356341,1,True,True,-0.001602,0.037317,0.010473,0.000000,0.000000,0.000000,0.000000,0.000000,0.000000,True,0.000000,0.000000,0.000000,0.000000,0.000000,0.000000,-2.088972,-2.053658,-2.146895,-2.130046,-2.088972,-2.053658,-2.146895,-2.130046,0.000000,0.000000,0.000000,0.000000,0.019229,0.013954,0.016621,0.022258,-383.824219,-158.965958,-271.932465,-78.704659,True,velocity,0.230198,0.226997,0.000000,0.012546,0.008980,False
28.950980153000273,-1.071112,1.004969,-1.419523,0.594384,-0.596838,-0.285339,-0.409893,1.080613,1.633703,1.101062,0.645647,0.178138,-0.462191,-0.479895,-0.191604,0.651792,-0.017662,-0.733582,0.407569,-0.832680,0.653936,0.294590,-0.653652,0.072569,0.693318,-0.212524,-0.653336,0.625473,0.191606,-0.651792,0.017664,0.733582,0.407594,-0.832820,0.653927,0.294589,-0.653652,0.072569,0.693318,-0.212527,-0.653348,0.625474,0.229849,0.099068,-0.212315,-0.356208,1,True,True,-0.004570,0.045762,0.014476,-0.035525,-0.029206,0.000000,-0.035525,-0.029206,0.000000,True,0.000000,0.000000,0.000000,0.000000,0.000000,0.000000,-2.088972,-2.071413,-2.146968,-2.130480,-2.088972,-2.083738,-2.146968,-2.130480,0.000000,0.000000,0.000000,0.000000,0.006146,0.009785,0.008221,0.009353,-383.829254,-158.965683,-271.934296,-78.705215,True,velocity,0.229849,0.227328,0.000000,0.011839,0.010936,False
28.983687672000087,-1.070659,1.003949,-1.420258,0.595202,-0.594979,-0.284957,-0.410056,1.081489,1.634301,1.100702,0.644981,0.177931,-0.462656,-0.480615,-0.190942,0.652529,-0.017140,-0.733112,0.407922,-0.832257,0.653708,0.294720,-0.653562,0.072502,0.693354,-0.212577,-0.653103,0.625399,0.190941,-0.652528,0.017140,0.733113,0.407912,-0.832186,0.653706,0.294717,-0.653563,0.072503,0.693354,-0.212573,-0.653018,0.625397,0.229475,0.098747,-0.211806,-0.356167,1,True,True,0.000752,0.017545,0.015698,0.000000,0.000000,0.000000,0.000000,0.000000,0.000000,True,-0.035525,-0.029206,0.000000,-0.032145,-0.028231,0.000000,-2.420935,-2.420935,-2.420935,-2.420935,-2.131959,-2.108273,-2.147537,-2.130480,0.041005,0.040708,0.041193,0.040990,0.001452,0.007268,0.002847,0.006203,-383.832458,-158.972382,-271.941833,-78.712196,True,velocity,0.229475,0.227581,0.000000,0.010820,0.011695,False
29.017443185000047,-1.070118,1.003260,-1.421161,0.595510,-0.593757,-0.284365,-0.410692,1.081816,1.634602,1.100388,0.644704,0.177774,-0.462343,-0.480836,-0.190648,0.652858,-0.016350,-0.732914,0.408232,-0.831848,0.653536,0.294621,-0.653438,0.072313,0.693534,-0.212567,-0.652863,0.625389,0.190649,-0.652858,0.016351,0.732914,0.408245,-0.831925,0.653529,0.294621,-0.653438,0.072313,0.693533,-0.212567,-0.652873,0.625390,0.229369,0.098623,-0.211610,-0.356266,1,True,True,-0.002977,0.023416,0.012745,0.000000,0.000000,0.000000,0.000000,0.000000,0.000000,True,0.000000,0.000000,0.000000,-0.007152,-0.000966,0.000000,-3.007341,-3.007341,-3.007341,-3.007341,-2.199327,-2.108273,-2.147537,-2.161158,0.004857,0.004491,0.004709,0.004716,-0.001211,0.000915,-0.001841,0.006203,-383.818085,-158.956329,-271.925232,-78.712196,True,velocity,0.229369,0.227756,0.000000,0.009415,0.013293,False
29.051785788000416,-1.069473,1.002823,-1.421870,0.596063,-0.592489,-0.283648,-0.411041,1.081988,1.634804,1.099967,0.644455,0.177269,-0.461732,-0.481025,-0.190318,0.653236,-0.015712,-0.732677,0.408444,-0.831512,0.653437,0.294471,-0.653128,0.072023,0.693919,-0.212526,-0.652674,0.625401,0.190320,-0.653235,0.015713,0.732677,0.408462,-0.831607,0.653431,0.294472,-0.653128,0.072023,0.693918,-0.212526,-0.652689,0.625402,0.229366,0.098526,-0.211379,-0.356296,1,True,True,-0.005875,0.030358,0.011845,0.000000,0.000000,0.000000,0.000000,0.000000,0.000000,True,0.000000,0.000000,0.000000,0.000000,0.000000,0.000000,-2.254504,-2.108273,-2.177802,-2.271021,-2.260279,-2.102434,-2.177802,-2.271021,0.000000,0.000000,0.000000,0.000000,0.004211,0.007260,0.006315,0.006203,-383.820740,-158.951035,-271.919220,-78.712196,True,velocity,0.229366,0.227847,0.000000,0.007679,0.031711,False
29.084859008999956,-1.068813,1.002473,-1.422425,0.597089,-0.591045,-0.282914,-0.410894,1.082256,1.634961,1.099647,0.644329,0.176600,-0.460991,-0.481178,-0.189784,0.653756,-0.015420,-0.732357,0.408574,-0.831179,0.653394,0.294208,-0.652796,0.071802,0.694366,-0.212484,-0.652511,0.625450,0.189786,-0.653756,0.015421,0.732357,0.408594,-0.831287,0.653389,0.294209,-0.652796,0.071803,0.694365,-0.212484,-0.652529,0.625450,0.229306,0.098448,-0.211157,-0.356298,1,True,True,-0.008207,0.037011,0.011772,0.000000,0.000000,0.000000,0.000000,0.000000,0.000000,True,0.000000,0.000000,0.000000,0.000000,0.000000,0.000000,-2.260617,-2.102434,-2.306922,-2.271021,-2.260617,-2.115295,-2.306922,-2.271021,0.000000,0.000000,0.000000,0.000000,0.004741,0.009049,0.009970,0.006203,-383.821838,-158.951172,-271.918671,-78.712196,True,velocity,0.229306,0.227875,0.000000,0.005987,0.032278,False
29.120843548000266,-1.068163,1.002364,-1.423002,0.598285,-0.590005,-0.282410,-0.410858,1.082492,1.634971,1.099603,0.644361,0.175926,-0.460630,-0.480985,-0.189428,0.654112,-0.015388,-0.732133,0.408626,-0.830925,0.653379,0.293956,-0.652536,0.071937,0.694703,-0.212476,-0.652373,0.625545,0.189430,-0.654112,0.015388,0.732132,0.408644,-0.831031,0.653374,0.293956,-0.652536,0.071937,0.694702,-0.212478,-0.652396,0.625547,0.229249,0.098453,-0.210992,-0.356309,1,True,True,-0.008064,0.041951,0.011448,-0.035925,-0.023116,0.000000,-0.035925,-0.023116,0.000000,True,0.000000,0.000000,0.000000,0.000000,0.000000,0.000000,-2.254504,-2.262028,-2.306744,-2.271470,-2.254504,-2.262028,-2.306744,-2.271470,0.000000,0.000000,0.000000,0.000000,0.001163,0.007384,0.008345,0.006203,-383.821289,-158.951172,-271.918671,-78.712196,True,velocity,0.229249,0.227875,0.000000,0.004403,0.002612,False
29.151001598999756,-1.067935,1.002023,-1.423467,0.599118,-0.589113,-0.282247,-0.411063,1.083195,1.635397,1.099563,0.643955,0.175224,-0.460530,-0.480860,-0.189126,0.654456,-0.015343,-0.731904,0.408678,-0.830666,0.653362,0.293688,-0.652317,0.072104,0.695004,-0.212490,-0.652243,0.625668,0.189124,-0.654455,0.015343,0.731905,0.408666,-0.830574,0.653359,0.293687,-0.652318,0.072105,0.695004,-0.212480,-0.652147,0.625671,0.229060,0.098285,-0.210603,-0.356291,1,True,True,-0.003981,0.011892,0.011996,0.000000,0.000000,0.000000,0.000000,0.000000,0.000000,True,-0.035925,-0.023116,0.000000,-0.023314,-0.019630,0.000000,-2.441755,-2.441755,-2.441755,-2.441755,-2.254166,-2.231536,-2.306744,-2.271266,0.029945,0.029806,0.030200,0.030036,-0.001311,-0.000125,0.000590,0.006203,-383.822418,-158.951584,-271.917969,-78.712196,True,velocity,0.229060,0.227875,0.000000,0.003377,0.018782,False
29.184212893000222,-1.067661,1.001675,-1.423701,0.599835,-0.587823,-0.281777,-0.411271,1.083710,1.635604,1.099561,0.643754,0.174554,-0.460282,-0.480669,-0.188840,0.654982,-0.015077,-0.731513,0.408712,-0.830387,0.653346,0.293443,-0.652089,0.072311,0.695300,-0.212515,-0.652102,0.625813,0.188841,-0.654981,0.015078,0.731513,0.408724,-0.830441,0.653342,0.293444,-0.652089,0.072311,0.695300,-0.212515,-0.652103,0.625814,0.228946,0.098225,-0.210499,-0.356384,1,True,True,-0.005782,0.014997,0.009180,0.000000,0.000000,0.000000,0.000000,0.000000,0.000000,True,0.000000,0.000000,0.000000,-0.012285,0.000000,0.000000,3.141593,3.141593,3.141593,3.141593,-2.272774,-2.225698,-2.312524,-2.283422,0.007933,0.007483,0.008300,0.008032,0.003192,0.001012,0.002996,0.006332,-383.806091,-158.941818,-271.903473,-78.690712,True,velocity,0.228946,0.227875,0.000000,0.002534,0.020217,False
29.21772337099992,-1.067269,1.001443,-1.423840,0.600601,-0.586213,-0.281015,-0.411407,1.084124,1.635653,1.099551,0.643585,0.173639,-0.460412,-0.480467,-0.188510,0.655622,-0.014669,-0.731033,0.408780,-0.830118,0.653338,0.293357,-0.651753,0.072703,0.695611,-0.212564,-0.651927,0.625986,0.188511,-0.655621,0.014670,0.731033,0.408796,-0.830193,0.653334,0.293357,-0.651753,0.072703,0.695610,-0.212569,-0.651943,0.625987,0.228911,0.098215,-0.210299,-0.356430,1,True,True,-0.006092,0.021000,0.007823,0.000000,0.000000,0.000000,0.000000,0.000000,0.000000,True,0.000000,0.000000,0.000000,0.000000,0.000000,0.000000,-2.272774,-2.225698,-2.312524,-2.283422,-2.272774,-2.225698,-2.312524,-2.283422,0.000000,0.000000,0.000000,0.000000,0.011350,0.003175,0.104567,0.017201,-383.798553,-158.935959,-272.981293,-78.656387,True,velocity,0.228911,0.227875,0.000000,0.001899,0.005889,False
29.25164979100009,-1.067092,1.001106,-1.424173,0.601261,-0.584839,-0.280234,-0.411388,1.084407,1.635530,1.099846,0.644325,0.173330,-0.460005,-0.479854,-0.188019,0.656115,-0.014379,-0.730722,0.408877,-0.829850,0.653397,0.292744,-0.651771,0.073176,0.695803,-0.212681,-0.651611,0.626300,0.188021,-0.656115,0.014380,0.730722,0.408893,-0.829926,0.653395,0.292745,-0.651770,0.073176,0.695802,-0.212685,-0.651660,0.626299,0.228830,0.098192,-0.210037,-0.356558,1,True,True,-0.006771,0.028868,0.003973,0.000000,0.000000,0.000000,0.000000,0.000000,0.000000,True,0.000000,0.000000,0.000000,0.000000,0.000000,0.000000,-2.131959,-2.225698,-2.312524,-2.283422,-2.131959,-2.225698,-2.312524,-2.301696,0.000000,0.000000,0.000000,0.000000,0.011710,0.011956,0.010414,0.018199,-383.798553,-158.926895,-271.898163,-78.654991,True,velocity,0.228830,0.227875,0.000000,0.001420,0.007640,False
29.284721234000244,-1.066604,1.000836,-1.424258,0.602518,-0.583000,-0.279665,-0.411267,1.084525,1.635550,1.100074,0.644229,0.173121,-0.459996,-0.479939,-0.187522,0.656930,-0.014204,-0.730121,0.409012,-0.829590,0.653472,0.292744,-0.651771,0.073176,0.695803,-0.212681,-0.651611,0.626300,0.187524,-0.656930,0.014205,0.730121,0.409031,-0.829689,0.653466,0.292744,-0.651770,0.073176,0.695803,-0.212681,-0.651614,0.626304,0.228781,0.098171,-0.209932,-0.356407,1,True,True,-0.007400,0.032021,0.008493,0.000000,0.000000,0.000000,0.000000,0.000000,0.000000,True,0.000000,0.000000,0.000000,0.000000,0.000000,0.000000,-2.333752,-2.225698,-2.312524,-2.387387,-2.333752,-2.225698,-2.410789,-2.387387,0.000000,0.000000,0.000000,0.000000,0.008090,0.009360,0.004636,0.013439,-383.798553,-158.926483,-271.898285,-78.654015,True,velocity,0.228781,0.227875,0.000000,0.001065,0.008530,False
29.317980583000463,-1.065887,1.000468,-1.423978,0.603571,-0.580274,-0.279463,-0.412368,1.084388,1.635567,1.100233,0.644101,0.173046,-0.459959,-0.479691,-0.187744,0.658205,-0.013448,-0.728929,0.409143,-0.829478,0.653458,0.292744,-0.651771,0.073176,0.695803,-0.212681,-0.651611,0.626300,0.187744,-0.658204,0.013449,0.728930,0.409159,-0.829555,0.653448,0.292745,-0.651770,0.073176,0.695803,-0.212680,-0.651611,0.626306,0.228877,0.098176,-0.209927,-0.356363,1,True,True,-0.007252,0.032164,0.009831,0.000000,0.000000,0.000000,0.000000,0.000000,0.000000,True,0.000000,0.000000,0.000000,0.000000,0.000000,0.000000,-2.334393,-2.225698,-2.398586,-2.387656,-2.334393,-2.225698,-2.392261,-2.387656,0.000000,0.000000,0.000000,0.000000,0.000549,0.002644,-0.000205,0.001855,-383.798553,-158.926483,-271.898285,-78.654015,True,velocity,0.228877,0.227875,0.000000,0.000799,0.010213,False
29.35174133700002,-1.065098,1.000231,-1.424064,0.603826,-0.577900,-0.279506,-0.414892,1.083842,1.635469,1.100358,0.644010,0.173125,-0.459887,-0.479005,-0.188696,0.659153,-0.012038,-0.727850,0.409367,-0.829451,0.653377,0.292744,-0.651771,0.073176,0.695803,-0.212681,-0.651611,0.626300,0.188694,-0.659152,0.012039,0.727852,0.409377,-0.829507,0.653361,0.292745,-0.651770,0.073175,0.695803,-0.212679,-0.651609,0.626310,0.229188,0.098232,-0.209991,-0.356358,1,True,True,-0.005569,0.030247,0.009970,0.000000,0.000000,0.000000,0.000000,0.000000,0.000000,True,0.000000,0.000000,0.000000,0.000000,0.000000,0.000000,-2.334063,-2.225698,-2.379961,-2.387656,-2.333752,-2.225698,-2.379961,-2.387656,0.000000,0.000000,0.000000,0.000000,-0.000006,-0.000565,-0.000051,0.000858,-383.798676,-158.930801,-271.898285,-78.654015,True,velocity,0.229188,0.227875,0.000000,0.000598,0.027844,False
29.388205299999754,-1.064481,0.999976,-1.424589,0.603969,-0.575685,-0.278393,-0.417206,1.083397,1.635588,1.100363,0.643796,0.173190,-0.460080,-0.478367,-0.189055,0.659826,-0.010294,-0.727174,0.409588,-0.829316,0.653363,0.292744,-0.651771,0.073176,0.695803,-0.212681,-0.651611,0.626300,0.189055,-0.659825,0.010297,0.727175,0.409609,-0.829400,0.653344,0.292745,-0.651770,0.073175,0.695803,-0.212678,-0.651597,0.626313,0.229473,0.098148,-0.209991,-0.356289,1,True,True,-0.008093,0.030247,0.012044,0.000000,0.000000,0.000000,0.000000,0.000000,0.000000,True,0.000000,0.000000,0.000000,0.000000,0.000000,0.000000,-2.333752,-2.225698,-2.404465,-2.387195,-2.327978,-2.249802,-2.392261,-2.387848,0.000000,0.000000,0.000000,0.000000,-0.000251,-0.003253,0.000000,0.000076,-383.799103,-158.934708,-271.898285,-78.654015,True,velocity,0.229473,0.227875,0.000000,0.000438,0.032414,False
29.419059791999643,-1.064214,0.999929,-1.426519,0.605822,-0.576159,-0.276757,-0.416494,1.084132,1.635880,1.100400,0.642983,0.173183,-0.460342,-0.478423,-0.187511,0.659215,-0.010690,-0.728122,0.409756,-0.828784,0.653701,0.292744,-0.651771,0.073176,0.695803,-0.212681,-0.651611,0.626300,0.187514,-0.659216,0.010692,0.728120,0.409789,-0.828983,0.653686,0.292745,-0.651770,0.073175,0.695803,-0.212674,-0.651574,0.626313,0.229270,0.097982,-0.209746,-0.355963,1,True,True,-0.013076,0.037595,0.021832,0.000000,0.000000,0.000000,0.000000,0.000000,0.000000,True,0.000000,0.000000,0.000000,0.000000,0.000000,0.000000,-2.131959,-2.286777,-2.392261,-2.387195,-2.327647,-2.286777,-2.380250,-2.387656,0.000000,0.000000,0.000000,0.000000,-0.000218,-0.004479,0.000000,0.000000,-383.798981,-158.935684,-271.898285,-78.654015,True,velocity,0.229270,0.227875,0.000000,0.000335,0.028467,False
29.452038790999723,-1.063384,0.999811,-1.428017,0.607641,-0.577848,-0.275993,-0.417529,1.084340,1.636083,1.100514,0.641860,0.173416,-0.460421,-0.477545,-0.187203,0.658390,-0.010784,-0.728946,0.409947,-0.828420,0.654057,0.292744,-0.651771,0.073176,0.695803,-0.212681,-0.651611,0.626300,0.187204,-0.658392,0.010787,0.728943,0.409972,-0.828623,0.654032,0.292746,-0.651770,0.073175,0.695803,-0.212671,-0.651562,0.626321,0.229431,0.097927,-0.209602,-0.355741,1,True,True,-0.014712,0.041931,0.028489,-0.034326,-0.028220,0.000000,-0.034326,-0.028220,0.000000,True,0.000000,0.000000,0.000000,0.000000,0.000000,0.000000,-2.327978,-2.286224,-2.380057,-2.387848,-2.327668,-2.280387,-2.380057,-2.387656,0.000000,0.000000,0.000000,0.000000,-0.000318,-0.003806,0.000000,0.000000,-383.799377,-158.935822,-271.898285,-78.654015,True,velocity,0.229431,0.227875,0.000000,0.000252,0.016030,False
29.484504255000502,-1.063039,0.998851,-1.429416,0.609164,-0.579799,-0.274315,-0.419044,1.085020,1.637208,1.100393,0.639846,0.173581,-0.461138,-0.476480,-0.186411,0.657550,-0.010235,-0.729914,0.410247,-0.827953,0.654602,0.292744,-0.651771,0.073176,0.695803,-0.212681,-0.651611,0.626300,0.186409,-0.657552,0.010240,0.729913,0.410246,-0.827968,0.654573,0.292743,-0.651770,0.073175,0.695804,-0.212657,-0.651411,0.626329,0.229532,0.097473,-0.209154,-0.355506,1,True,True,-0.013889,0.013329,0.035526,0.000000,0.000000,0.000000,0.000000,0.000000,0.000000,True,-0.034326,-0.028220,0.000000,-0.031390,-0.027448,0.000000,-2.423096,-2.423096,-2.423096,-2.423096,-2.327978,-2.323660,-2.380057,-2.387848,0.041510,0.041515,0.041659,0.041672,-0.000166,-0.001321,0.000114,0.000007,-383.798981,-158.933594,-271.895508,-78.653740,True,velocity,0.229532,0.227875,0.000000,0.000190,0.016809,False
29.518489934000172,-1.062549,0.997914,-1.429955,0.611002,-0.580737,-0.272834,-0.420386,1.085794,1.637919,1.100321,0.638047,0.173946,-0.461188,-0.475530,-0.185910,0.657372,-0.009845,-0.730207,0.410442,-0.827679,0.654979,0.292744,-0.651771,0.073176,0.695803,-0.212681,-0.651611,0.626300,0.185911,-0.657373,0.009849,0.730206,0.410464,-0.827815,0.654953,0.292745,-0.651770,0.073175,0.695803,-0.212667,-0.651529,0.626321,0.229532,0.097345,-0.209114,-0.355622,1,True,True,-0.017734,0.014543,0.032047,0.000000,0.000000,0.000000,0.000000,0.000000,0.000000,True,0.000000,0.000000,0.000000,-0.001592,0.000000,0.000000,3.141593,3.141593,3.141593,3.141593,-2.333752,-2.292519,-2.380057,-2.387656,0.001100,0.001059,0.001152,0.001161,0.005977,0.005636,0.006070,0.007251,-383.778168,-158.914902,-271.878906,-78.632950,True,velocity,0.229532,0.227875,0.000000,0.000142,0.018712,False
29.552392040000086,-1.062241,0.996755,-1.431317,0.614339,-0.582976,-0.271582,-0.419919,1.087235,1.638461,1.100402,0.635880,0.174317,-0.461163,-0.474901,-0.184167,0.656694,-0.010944,-0.731243,0.410948,-0.826986,0.655773,0.292744,-0.651771,0.073176,0.695803,-0.212681,-0.651611,0.626300,0.184170,-0.656697,0.010947,0.731239,0.410978,-0.827241,0.655749,0.292745,-0.651770,0.073175,0.695803,-0.212665,-0.651524,0.626323,0.229282,0.097265,-0.208789,-0.355407,1,True,True,-0.020130,0.024294,0.038495,0.000000,0.000000,0.000000,0.000000,0.000000,0.000000,True,0.000000,0.000000,0.000000,0.000000,0.000000,0.000000,-2.388923,-2.292519,-2.379961,-2.400520,-2.389240,-2.292519,-2.428975,-2.430271,0.000000,0.000000,0.000000,0.000000,0.011796,0.009543,0.011052,0.010506,-383.774261,-158.918106,-271.876404,-78.634346,True,velocity,0.229282,0.227875,0.000000,0.000106,0.004198,False
29.585118298999987,-1.061508,0.995207,-1.432027,0.618001,-0.583559,-0.268218,-0.419959,1.088413,1.639411,1.100368,0.633486,0.174664,-0.461471,-0.473871,-0.182033,0.656797,-0.010718,-0.731687,0.411376,-0.826324,0.656599,0.292744,-0.651771,0.073176,0.695803,-0.212681,-0.651611,0.626300,0.182038,-0.656798,0.010725,0.731685,0.411432,-0.826628,0.656567,0.292746,-0.651769,0.073175,0.695803,-0.212662,-0.651511,0.626331,0.229218,0.096993,-0.208459,-0.355251,1,True,True,-0.028284,0.034187,0.043187,-0.030772,-0.031965,0.000000,-0.030772,-0.031965,0.000000,True,0.000000,0.000000,0.000000,0.000000,0.000000,0.000000,-2.383150,-2.354151,-2.423093,-2.430736,-2.383150,-2.354151,-2.423093,-2.430736,0.000000,0.000000,0.000000,0.000000,0.013426,0.008799,0.010922,0.009775,-383.771332,-158.918381,-271.876404,-78.634903,True,velocity,0.229218,0.227875,0.000000,0.000080,0.005162,False
29.61868242499986,-1.060505,0.994082,-1.434190,0.619243,-0.588739,-0.268064,-0.423572,1.089235,1.640331,1.100401,0.630586,0.175302,-0.461580,-0.471877,-0.182673,0.654696,-0.010215,-0.733416,0.412085,-0.826001,0.656928,0.292744,-0.651771,0.073176,0.695803,-0.212681,-0.651611,0.626300,0.182666,-0.654702,0.010225,0.733413,0.412057,-0.825995,0.656894,0.292744,-0.651770,0.073175,0.695804,-0.212654,-0.651384,0.626335,0.229461,0.096835,-0.208080,-0.355204,1,True,True,-0.013831,0.005576,0.044582,0.000000,0.000000,0.000000,0.000000,0.000000,0.000000,True,-0.030772,-0.031965,0.000000,-0.030772,-0.031965,0.000000,-2.340404,-2.340404,-2.340404,-2.340404,-2.383150,-2.372404,-2.416770,-2.424674,0.043907,0.043943,0.043797,0.043771,0.009099,0.003120,0.004808,0.002644,-383.765472,-158.916290,-271.875000,-78.631142,True,velocity,0.229461,0.227875,0.000000,0.000060,0.006866,False
29.652091052000287,-1.059604,0.992037,-1.434675,0.620302,-0.590134,-0.265865,-0.426787,1.089800,1.641228,1.100257,0.628268,0.175917,-0.461631,-0.470167,-0.182568,0.654465,-0.008263,-0.733674,0.412868,-0.825699,0.657214,0.292744,-0.651771,0.073176,0.695803,-0.212681,-0.651611,0.626300,0.182567,-0.654464,0.008270,0.733674,0.412887,-0.825830,0.657179,0.292746,-0.651769,0.073175,0.695803,-0.212662,-0.651502,0.626330,0.229698,0.096700,-0.208074,-0.355455,1,True,True,-0.017878,0.005750,0.037050,0.000000,0.000000,0.000000,0.000000,0.000000,0.000000,True,0.000000,0.000000,0.000000,-0.001314,-0.001733,0.000000,-2.219480,-2.219480,-2.219480,-2.219480,-2.383150,-2.280290,-2.410889,-2.418334,0.002146,0.002171,0.002136,0.002132,0.007810,0.013305,0.009010,0.008418,-383.757263,-158.884354,-271.856293,-78.609512,True,velocity,0.229698,0.227875,0.000000,0.000045,0.008522,False
29.685537399999703,-1.058849,0.990136,-1.436145,0.621405,-0.592176,-0.261910,-0.429313,1.090509,1.642016,1.100165,0.625843,0.176530,-0.461843,-0.468529,-0.181364,0.653544,-0.006024,-0.734814,0.413941,-0.825133,0.657631,0.292744,-0.651771,0.073176,0.695803,-0.212681,-0.651611,0.626300,0.181367,-0.653544,0.006034,0.734813,0.413979,-0.825361,0.657591,0.292746,-0.651769,0.073174,0.695803,-0.212661,-0.651497,0.626335,0.229899,0.096518,-0.207842,-0.355375,1,True,True,-0.023340,0.012713,0.039455,0.000000,0.000000,0.000000,0.000000,0.000000,0.000000,True,0.000000,0.000000,0.000000,0.000000,0.000000,0.000000,-2.370961,-2.292519,-2.380057,-2.405743,-2.370961,-2.372404,-2.380057,-2.405743,0.000000,0.000000,0.000000,0.000000,0.006895,0.017362,0.009693,0.011327,-383.762421,-158.885468,-271.858551,-78.614540,True,velocity,0.229899,0.227875,0.000000,0.000034,0.025608,False
29.718776601999707,-1.058437,0.988356,-1.437350,0.624681,-0.593120,-0.256826,-0.428346,1.092275,1.643007,1.100014,0.623375,0.176945,-0.462004,-0.467990,-0.178184,0.653213,-0.005506,-0.735889,0.414609,-0.824561,0.658283,0.292744,-0.651771,0.073176,0.695803,-0.212681,-0.651611,0.626300,0.178191,-0.653215,0.005514,0.735886,0.414668,-0.824834,0.658258,0.292745,-0.651769,0.073175,0.695803,-0.212664,-0.651516,0.626324,0.229528,0.096291,-0.207519,-0.355363,1,True,True,-0.030154,0.022398,0.039837,0.000000,0.000000,0.000000,0.000000,0.000000,0.000000,True,0.000000,0.000000,0.000000,0.000000,0.000000,0.000000,-2.371276,-2.372404,-2.398586,-2.405932,-2.371276,-2.372404,-2.398586,-2.406585,0.000000,0.000000,0.000000,0.000000,0.003253,0.014381,0.007563,0.007756,-383.763245,-158.892990,-271.863434,-78.619835,True,velocity,0.229528,0.227875,0.000000,0.000025,0.027123,False
29.75398683000003,-1.057922,0.986622,-1.443552,0.630819,-0.603565,-0.248323,-0.425673,1.095003,1.644506,1.100254,0.618336,0.177538,-0.462995,-0.466162,-0.171665,0.648008,-0.006768,-0.742005,0.416008,-0.822230,0.660362,0.292744,-0.651771,0.073176,0.695803,-0.212681,-0.651611,0.626300,0.171689,-0.648021,0.006779,0.741988,0.416131,-0.823026,0.660308,0.292749,-0.651767,0.073172,0.695805,-0.212638,-0.651375,0.626371,0.229299,0.095641,-0.206456,-0.354052,1,True,True,-0.049634,0.054278,0.079138,-0.030261,-0.039803,0.050289,-0.030261,-0.039803,0.050289,True,0.000000,0.000000,0.000000,0.000000,0.000000,0.000000,-2.370634,-2.366565,-2.398586,-2.406396,-2.370634,-2.360079,-2.398586,-2.405932,0.000000,0.000000,0.000000,0.000000,-0.001203,-0.000950,-0.001836,-0.001309,-383.763245,-158.892990,-271.862152,-78.618858,True,velocity,0.229299,0.227875,0.000000,0.000019,0.014198,False
29.78814452700044,-1.055854,0.985821,-1.442268,0.635208,-0.606385,-0.246478,-0.427373,1.096543,1.645296,1.100349,0.615045,0.178235,-0.463211,-0.464530,-0.171665,0.648008,-0.006768,-0.742005,0.416008,-0.822230,0.660362,0.292744,-0.651771,0.073176,0.695803,-0.212681,-0.651611,0.626300,0.171667,-0.648007,0.006770,0.742005,0.415995,-0.822148,0.660347,0.292742,-0.651771,0.073176,0.695804,-0.212664,-0.651458,0.626314,0.229201,0.095405,-0.206089,-0.353564,1,True,True,-0.029974,0.023025,0.043491,0.000000,0.000000,0.048289,0.000000,0.000000,0.048289,True,-0.030261,-0.039803,0.050289,-0.030261,-0.039568,0.050289,-2.430863,-2.147109,-2.014085,-2.274541,-2.377050,-2.359430,-2.380057,-2.406585,0.051134,0.038949,0.047044,0.059461,-0.001054,-0.004827,-0.003470,-0.002856,-383.759491,-158.894669,-271.865784,-78.615929,True,velocity,0.229201,0.227875,0.000000,0.000014,0.016003,False
29.8193689790005,-1.055312,0.985815,-1.443887,0.638728,-0.613834,-0.245103,-0.427538,1.097157,1.644488,1.100862,0.612860,0.179081,-0.462955,-0.462818,-0.170421,0.645142,-0.008415,-0.744767,0.416763,-0.821116,0.661477,0.292744,-0.651771,0.073176,0.695803,-0.212681,-0.651611,0.626300,0.170426,-0.645148,0.008418,0.744761,0.416778,-0.821342,0.661457,0.292746,-0.651770,0.073175,0.695803,-0.212671,-0.651600,0.626316,0.229434,0.095644,-0.205848,-0.352370,1,True,True,-0.022817,0.030281,0.031047,0.000000,0.000000,0.043218,0.000000,0.000000,0.043218,True,0.000000,0.000000,0.048289,-0.001354,-0.005500,0.048289,3.098160,-3.081034,-1.030009,-2.268155,-2.401113,-2.360167,-2.306833,-2.387195,0.006779,-0.005159,0.003858,0.014786,0.006057,-0.000322,-0.000404,0.008230,-383.742737,-158.882538,-271.856018,-78.587608,True,velocity,0.229434,0.227875,0.000000,0.000011,0.015381,False
29.854715077000037,-1.053549,0.984535,-1.441561,0.642351,-0.613590,-0.245959,-0.428553,1.097390,1.643461,1.101263,0.611878,0.179676,-0.462666,-0.461890,-0.170731,0.646755,-0.008612,-0.743293,0.417583,-0.820355,0.661668,0.292744,-0.651771,0.073176,0.695803,-0.212681,-0.651611,0.626300,0.170735,-0.646754,0.008611,0.743293,0.417598,-0.820508,0.661659,0.292745,-0.651770,0.073176,0.695803,-0.212682,-0.651661,0.626303,0.229569,0.095922,-0.205667,-0.351373,1,True,True,-0.014467,0.035685,0.017728,0.000000,0.000000,0.035721,0.000000,0.000000,0.035721,True,0.000000,0.000000,0.043218,0.000000,0.000000,0.043218,2.517182,-2.517182,2.517182,-2.517182,-2.450511,-2.347195,-2.239389,-2.387195,0.002287,-0.008926,-0.000400,0.008979,0.011468,0.006272,0.002251,0.016320,-383.740509,-158.880722,-271.858673,-78.587334,True,velocity,0.229569,0.227875,0.000000,0.000008,0.001748,False
29.88904819900017,-1.052797,0.985244,-1.440826,0.643459,-0.614091,-0.245099,-0.428377,1.096681,1.642421,1.101397,0.612526,0.179932,-0.462550,-0.461638,-0.170731,0.646755,-0.008612,-0.743293,0.417583,-0.820355,0.661668,0.292744,-0.651771,0.073176,0.695803,-0.212681,-0.651611,0.626300,0.170733,-0.646754,0.008611,0.743293,0.417590,-0.820355,0.661677,0.292744,-0.651770,0.073176,0.695803,-0.212693,-0.651718,0.626286,0.229810,0.096143,-0.205742,-0.350800,1,True,True,-0.007845,0.033437,-0.000804,0.000000,0.000000,0.000000,0.000000,0.000000,0.000000,True,0.000000,0.000000,0.035721,0.000000,0.000000,0.035721,2.517182,-2.517182,2.517182,-2.517182,-2.634931,-2.292519,-2.239389,-2.387195,0.002761,-0.007306,-0.000331,0.007422,0.014913,0.006486,0.110354,0.016755,-383.724762,-158.880020,-272.395660,-78.586914,True,velocity,0.229810,0.227875,0.000000,0.000006,0.003565,False
29.920873130000473,-1.052116,0.985391,-1.440551,0.644123,-0.614418,-0.244553,-0.428138,1.096005,1.641881,1.101346,0.613358,0.180034,-0.462392,-0.461648,-0.170731,0.646755,-0.008612,-0.743293,0.417583,-0.820355,0.661668,0.292744,-0.651771,0.073176,0.695803,-0.212681,-0.651611,0.626300,0.170732,-0.646755,0.008612,0.743293,0.417589,-0.820393,0.661670,0.292744,-0.651771,0.073176,0.695803,-0.212689,-0.651671,0.626292,0.229997,0.096318,-0.205839,-0.350816,1,True,True,-0.002605,0.030543,-0.001269,0.000000,0.000000,0.000000,0.000000,0.000000,0.000000,True,0.000000,0.000000,0.000000,0.000000,0.000000,0.000000,-2.824164,-2.353592,-2.239389,-2.375254,-2.824164,-2.353592,-2.239389,-2.375254,0.000000,0.000000,0.000000,0.000000,0.020709,0.003972,0.004950,0.007865,-383.695160,-158.877518,-271.839691,-78.586777,True,velocity,0.229997,0.227875,0.000000,0.000004,0.005299,False
29.954254905000198,-1.051509,0.985421,-1.440485,0.644735,-0.614664,-0.244253,-0.428049,1.095442,1.641552,1.101280,0.614075,0.180038,-0.462412,-0.461731,-0.170731,0.646755,-0.008612,-0.743293,0.417583,-0.820355,0.661668,0.292744,-0.651771,0.073176,0.695803,-0.212681,-0.651611,0.626300,0.170732,-0.646755,0.008612,0.743293,0.417590,-0.820402,0.661667,0.292744,-0.651771,0.073176,0.695803,-0.212688,-0.651657,0.626295,0.230139,0.096376,-0.205923,-0.350789,1,True,True,-0.000849,0.028027,-0.000486,0.000000,0.000000,0.000000,0.000000,0.000000,0.000000,True,0.000000,0.000000,0.000000,0.000000,0.000000,0.000000,-2.843130,-2.353592,-2.239389,-2.418059,-2.843130,-2.353592,-2.239389,-2.418059,0.000000,0.000000,0.000000,0.000000,0.025242,-0.015869,0.011645,0.000231,-383.690277,-159.047150,-271.834961,-78.586777,True,velocity,0.230139,0.227875,0.000000,0.000003,0.006553,False
29.987751067999852,-1.050971,0.985404,-1.440541,0.645316,-0.614838,-0.244048,-0.428060,1.094981,1.641329,1.101215,0.614699,0.180002,-0.462476,-0.461855,-0.170731,0.646755,-0.008612,-0.743293,0.417583,-0.820355,0.661668,0.292744,-0.651771,0.073176,0.695803,-0.212681,-0.651611,0.626300,0.170732,-0.646755,0.008612,0.743293,0.417590,-0.820402,0.661667,0.292744,-0.651771,0.073176,0.695803,-0.212687,-0.651651,0.626295,0.230243,0.096395,-0.205995,-0.350771,1,True,True,-0.000287,0.025870,0.000059,0.000000,0.000000,0.000000,0.000000,0.000000,0.000000,True,0.000000,0.000000,0.000000,0.000000,0.000000,0.000000,-2.842851,-2.353592,-2.447501,-2.418523,-2.842851,-2.353592,-2.447501,-2.418523,0.000000,0.000000,0.000000,0.000000,0.022940,0.001630,0.011782,-0.000130,-383.694336,-158.877655,-271.837189,-78.589005,True,velocity,0.230243,0.227875,0.000000,0.000002,0.024238,False
30.020325180000327,-1.050497,0.985372,-1.440662,0.645867,-0.614957,-0.243884,-0.428133,1.094598,1.641159,1.101159,0.615258,0.179947,-0.462543,-0.462005,-0.170731,0.646755,-0.008612,-0.743293,0.417583,-0.820355,0.661668,0.292744,-0.651771,0.073176,0.695803,-0.212681,-0.651611,0.626300,0.170732,-0.646755,0.008612,0.743293,0.417590,-0.820400,0.661666,0.292744,-0.651771,0.073176,0.695803,-0.212687,-0.651648,0.626295,0.230318,0.096401,-0.206057,-0.350763,1,True,True,-0.000111,0.023992,0.000320,0.000000,0.000000,0.000000,0.000000,0.000000,0.000000,True,0.000000,0.000000,0.000000,0.000000,0.000000,0.000000,-2.837077,-2.353592,-2.502741,-2.418523,-2.836714,-2.353592,-2.471909,-2.418523,0.000000,0.000000,0.000000,0.000000,0.008521,0.000526,0.005323,-0.002741,-383.692108,-158.877655,-271.844727,-78.593193,True,velocity,0.230318,0.227875,0.000000,0.000002,0.024069,False
30.054848374999892,-1.050081,0.985338,-1.440813,0.646387,-0.615040,-0.243742,-0.428245,1.094274,1.641016,1.101111,0.615769,0.179880,-0.462604,-0.462174,-0.170731,0.646755,-0.008612,-0.743293,0.417583,-0.820355,0.661668,0.292744,-0.651771,0.073176,0.695803,-0.212681,-0.651611,0.626300,0.170732,-0.646755,0.008612,0.743293,0.417589,-0.820397,0.661666,0.292744,-0.651771,0.073176,0.695803,-0.212687,-0.651646,0.626295,0.230372,0.096403,-0.206113,-0.350760,1,True,True,-0.000050,0.022334,0.000412,0.000000,0.000000,0.000000,0.000000,0.000000,0.000000,True,0.000000,0.000000,0.000000,0.000000,0.000000,0.000000,-2.836714,-2.353592,-2.423093,-2.418334,-2.836714,-2.353592,-2.429414,-2.418799,0.000000,0.000000,0.000000,0.000000,-0.000350,-0.000071,-0.004651,-0.003027,-383.691132,-158.877655,-271.843903,-78.591934,True,velocity,0.230372,0.227875,0.000000,0.000001,0.011018,False
30.087824911000098,-1.049716,0.985306,-1.440976,0.646877,-0.615101,-0.243612,-0.428382,1.093997,1.640891,1.101073,0.616243,0.179806,-0.462656,-0.462357,-0.170731,0.646755,-0.008612,-0.743293,0.417583,-0.820355,0.661668,0.292744,-0.651771,0.073176,0.695803,-0.212681,-0.651611,0.626300,0.170732,-0.646755,0.008612,0.743293,0.417589,-0.820395,0.661666,0.292744,-0.651771,0.073176,0.695803,-0.212686,-0.651644,0.626295,0.230409,0.096404,-0.206162,-0.350759,1,True,True,-0.000021,0.020855,0.000415,0.000000,0.000000,0.000000,0.000000,0.000000,0.000000,True,0.000000,0.000000,0.000000,0.000000,0.000000,0.000000,-2.836714,-2.353592,-2.429516,-2.418334,-2.836714,-2.353592,-2.429516,-2.417870,0.000000,0.000000,0.000000,0.000000,0.001301,-0.000068,-0.004336,-0.001431,-383.691132,-158.877655,-271.843903,-78.590683,True,velocity,0.230409,0.227875,0.000000,0.000001,0.012229,False
30.120924761000424,-1.044914,0.985184,-1.442573,0.650721,-0.615535,-0.242903,-0.427697,1.090209,1.639823,1.100774,0.619730,0.179633,-0.463205,-0.461828,-0.170731,0.646755,-0.008612,-0.743293,0.417583,-0.820355,0.661668,0.292744,-0.651771,0.073176,0.695803,-0.212681,-0.651611,0.626300,0.170733,-0.646756,0.008612,0.743292,0.417609,-0.820537,0.661670,0.292745,-0.651770,0.073175,0.695803,-0.212701,-0.651751,0.626291,0.231611,0.096405,-0.206857,-0.350773,1,True,False,0.000000,0.000000,0.000000,0.000000,0.000000,0.000000,0.000000,0.000000,0.000000,True,0.000000,0.000000,0.000000,0.000000,0.000000,0.000000,-2.837077,-2.353592,-2.471909,-2.418146,-2.837077,-2.353592,-2.471909,-2.418523,0.000000,0.000000,0.000000,0.000000,0.001187,0.000000,-0.001011,0.000611,-383.691132,-158.877655,-271.843903,-78.591515,True,velocity,0.231611,0.227875,0.000000,0.000001,0.013198,False
30.154266276999806,-1.043934,0.985233,-1.443261,0.651895,-0.615397,-0.242662,-0.427985,1.089595,1.639599,1.100651,0.620598,0.179556,-0.463354,-0.462044,-0.170731,0.646755,-0.008612,-0.743293,0.417583,-0.820355,0.661668,0.292744,-0.651771,0.073176,0.695803,-0.212681,-0.651611,0.626300,0.170732,-0.646755,0.008612,0.743293,0.417591,-0.820407,0.661664,0.292744,-0.651771,0.073176,0.695803,-0.212687,-0.651646,0.626294,0.231741,0.096405,-0.206857,-0.350773,1,True,False,0.000000,0.000000,0.000000,0.000000,0.000000,0.000000,0.000000,0.000000,0.000000,True,0.000000,0.000000,0.000000,0.000000,0.000000,0.000000,-2.836435,-2.353592,-2.429414,-2.418334,-2.836435,-2.353592,-2.429414,-2.418334,0.000000,0.000000,0.000000,0.000000,0.000208,0.000000,0.000086,0.000759,-383.691132,-158.877655,-271.843903,-78.590820,True,velocity,0.231741,0.227875,0.000000,0.000001,0.014748,False
30.186716129999695,-1.043805,0.985256,-1.443622,0.652377,-0.615242,-0.242563,-0.428391,1.089571,1.639510,1.100595,0.620993,0.179475,-0.463390,-0.462414,-0.170731,0.646755,-0.008612,-0.743293,0.417583,-0.820355,0.661668,0.292744,-0.651771,0.073176,0.695803,-0.212681,-0.651611,0.626300,0.170731,-0.646755,0.008612,0.743293,0.417587,-0.820375,0.661664,0.292743,-0.651771,0.073177,0.695803,-0.212684,-0.651628,0.626295,0.231663,0.096405,-0.206857,-0.350773,1,True,False,0.000000,0.000000,0.000000,0.000000,0.000000,0.000000,0.000000,0.000000,0.000000,True,0.000000,0.000000,0.000000,0.000000,0.000000,0.000000,-2.836714,-2.353592,-2.435297,-2.418334,-2.836714,-2.353592,-2.435297,-2.418334,0.000000,0.000000,0.000000,0.000000,0.000000,0.000000,0.000000,0.000538,-383.691132,-158.877655,-271.843903,-78.589844,True,velocity,0.231663,0.227875,0.000000,0.000000,0.031259,False
