# refresh_posture_target=True,arm_posture_cost=0.001,"arm_posture_cost_overrides={'left_arm_joint7': 0.003, 'right_arm_joint7': 0.003}",ee_position_cost=1.0,ee_orientation_cost=0.5,redundancy_resolution=dls_projector,dls_damping=0.05,nullspace_swivel_weight=1.0,elbow_swivel_gain=1.0,elbow_swivel_targets={},nullspace_continuity_weight=0.0,nullspace_posture_weight=1.0,enable_manipulability=False,manipulability_weight=0.5,base_motion_weight=100.0,base_motion_weight_min=10.0,base_motion_weight_yaw=1.0,base_weight_gate_on=0.065,base_weight_gate_full=0.05,base_recenter_gain=1.5,base_recenter_max_vel=0.15,base_recenter_yaw_gain=1.0,base_recenter_yaw_max_vel=0.3,nullspace_home_gain=0.3,nullspace_home_weight=1.0,constrained_primary=True,dls_task_weighting=True,dls_adaptive_damping_sigma=0.05,dls_damping_max=0.2,swivel_parallel_ref=True,swivel_relatch_err_rad=1.57
# control_hz=30.0,enable_base_motion=True,base_max_lin_vel=0.35,base_max_ang_vel=1.6,base_vel_deadband=0.0,base_vel_deadband_exit=0.0,base_vel_filter_tau=0.15,base_feedback_alpha=0.0,base_leash_m=0.2,base_leash_rad=0.0,enable_lift_motion=True,lift_kp=2.0,lift_kd=0.05,lift_derivative_tau=0.1,lift_velocity_deadband_m=0.005,lift_max_velocity_m_s=0.05,lift_feedback_max_age_s=0.5,use_measured_lift=True,use_measured_arm_state=False,"base_pid=base_pid_hybrid.json [drive p=0.35 ff=0.23, steer p=2 out=+/-1, scale=1.068]",base_heading_rate_limit=3.49,base_module_slew_limit=3.49,base_module_free_speed=0.03,base_max_accel=1.5,base_yaw_deadband=0.0,base_yaw_deadband_exit=0.0,base_yaw_filter_tau=0.15,base_pose_kp_xy=1.5,base_pose_kd_xy=0.15,base_pose_kp_yaw=2.0,base_pose_kd_yaw=0.2,base_pose_deadband_m=0.01,base_pose_yaw_deadband_rad=0.02,base_pose_derivative_tau=0.1,base_pose_ff_gain=1.0,base_pose_ff_max_frac=0.8,base_pose_ff_tau=0.0,arm_joint_deadband_rad=0.005,target_leash_m=0.15,target_leash_rad=0.8,enable_slam_base_pose=True,slam_yaw_sign=1.0,slam_correction_max_lin_rate=1.0,slam_correction_max_yaw_rate=2.0,slam_pose_max_age_s=0.5
t,left_q0,left_q1,left_q2,left_q3,left_q4,left_q5,left_q6,right_q0,right_q1,right_q2,right_q3,right_q4,right_q5,right_q6,left_target_ee_0,left_target_ee_1,left_target_ee_2,left_target_ee_3,left_target_ee_4,left_target_ee_5,left_target_ee_6,right_target_ee_0,right_target_ee_1,right_target_ee_2,right_target_ee_3,right_target_ee_4,right_target_ee_5,right_target_ee_6,left_actual_ee_0,left_actual_ee_1,left_actual_ee_2,left_actual_ee_3,left_actual_ee_4,left_actual_ee_5,left_actual_ee_6,right_actual_ee_0,right_actual_ee_1,right_actual_ee_2,right_actual_ee_3,right_actual_ee_4,right_actual_ee_5,right_actual_ee_6,lift_q,base_x,base_y,base_yaw,iters,solved,base_active,base_err_fwd,base_err_lat,base_err_yaw,base_req_fwd,base_req_lat,base_req_yaw,base_body_fwd,base_body_lat,base_body_yaw,base_sent_0,base_sent_1,base_sent_2,base_leash,base_ff_fwd,base_ff_lat,base_ff_yaw,base_slew_scale,swerve_enabled,swerve_target_0,swerve_target_1,swerve_target_2,swerve_prof_0,swerve_prof_1,swerve_prof_2,steer_cmd_FL,steer_cmd_FR,steer_cmd_RR,steer_cmd_RL,steer_meas_FL,steer_meas_FR,steer_meas_RR,steer_meas_RL,drive_cmd_FL,drive_cmd_FR,drive_cmd_RR,drive_cmd_RL,drive_meas_FL,drive_meas_FR,drive_meas_RR,drive_meas_RL,drive_pos_FL,drive_pos_FR,drive_pos_RR,drive_pos_RL,lift_active,lift_mode,lift_goal,lift_meas,lift_cmd_vel,lift_vel_est,lift_age,lift_blocked,l_sigma_min,r_sigma_min,l_manip,r_manip,l_swivel,l_swivel_tgt,l_swivel_err,r_swivel,r_swivel_tgt,r_swivel_err,collision_rows
0.010576764005236328,-0.003872,1.325995,-1.706029,1.306057,0.006978,0.004998,-0.000935,0.003868,1.325009,1.707005,1.307074,-0.006985,0.002977,0.007054,-0.025625,0.776149,0.145609,-0.612972,0.370172,-0.255238,0.606239,0.139986,-0.613318,-0.025492,0.776914,-0.371556,-0.255380,0.606916,-0.025625,0.776149,0.145609,-0.612972,0.370172,-0.255238,0.606239,0.139986,-0.613318,-0.025492,0.776914,-0.371556,-0.255380,0.606916,0.451241,-0.000006,-0.000043,-0.000001,1,True,True,0.000043,-0.000006,-0.000001,0.000000,0.000000,0.000000,0.000000,0.000000,0.000000,0.000000,0.000000,0.000000,0.000000,0.000000,0.000000,0.000000,1.000000,True,0.000000,0.000000,0.000000,0.000000,0.000000,0.000000,2.354915,2.348373,2.382918,-0.793626,2.354915,2.348299,2.382918,-0.793626,0.000000,0.000000,0.000000,0.000000,0.000000,0.000000,0.000000,0.000000,0.895926,0.240374,1.289760,-1.072684,True,velocity,0.451241,0.451225,0.000000,0.000000,8.040347,False,0.141173,0.141238,0.050740,0.050719,-2.748917,-2.748917,0.000000,2.747882,2.747882,0.000000,167.000000
0.04338636400643736,-0.003750,1.325991,-1.706058,1.306113,0.006959,0.004994,-0.000874,0.003741,1.325020,1.707015,1.307147,-0.006975,0.002957,0.007105,-0.025625,0.776149,0.145609,-0.612972,0.370172,-0.255238,0.606239,0.139986,-0.613318,-0.025492,0.776914,-0.371556,-0.255380,0.606916,-0.025625,0.776149,0.145609,-0.612972,0.370172,-0.255238,0.606239,0.139986,-0.613318,-0.025492,0.776914,-0.371556,-0.255380,0.606916,0.451256,-0.000011,-0.000084,-0.000001,1,True,True,0.000084,-0.000011,-0.000001,0.001238,-0.000167,-0.000006,0.000225,-0.000030,-0.000001,0.000225,-0.000030,-0.000001,0.000000,0.001238,-0.000167,-0.000006,1.000000,True,0.000000,0.000000,0.000000,0.000000,0.000000,0.000000,2.354915,2.347724,2.382918,-0.793626,2.354915,2.348299,2.382918,-0.793626,0.000000,0.000000,0.000000,0.000000,0.000000,0.000000,0.000000,0.000000,0.895926,0.240374,1.289760,-1.072684,True,velocity,0.451256,0.451225,0.000000,0.000000,8.073314,False,0.141178,0.141245,0.050740,0.050718,-2.748902,-2.748917,0.000015,2.747856,2.747882,-0.000026,167.000000
0.07548861598479562,-0.003631,1.325989,-1.706088,1.306168,0.006942,0.004988,-0.000815,0.003617,1.325033,1.707028,1.307219,-0.006967,0.002941,0.007153,-0.025625,0.776149,0.145609,-0.612972,0.370172,-0.255238,0.606239,0.139986,-0.613318,-0.025492,0.776914,-0.371556,-0.255380,0.606916,-0.025625,0.776149,0.145609,-0.612972,0.370172,-0.255238,0.606239,0.139986,-0.613318,-0.025492,0.776914,-0.371556,-0.255380,0.606916,0.451271,-0.000017,-0.000124,-0.000001,1,True,True,0.000116,-0.000016,-0.000001,0.001196,-0.000161,-0.000009,0.000402,-0.000054,-0.000002,0.000402,-0.000054,-0.000002,0.000000,0.001196,-0.000161,-0.000009,1.000000,True,0.000225,-0.000030,-0.000001,0.000225,-0.000030,-0.000001,2.355389,2.348299,2.382527,-0.793626,2.355389,2.348299,2.382918,-0.793921,0.000000,0.000000,0.000000,0.000000,0.000000,0.000000,0.000000,0.000000,0.895926,0.240374,1.289760,-1.072684,True,velocity,0.451271,0.451225,0.000000,0.000000,8.105263,False,0.141183,0.141252,0.050739,0.050718,-2.748891,-2.748917,0.000026,2.747835,2.747882,-0.000047,167.000000
0.10861906598438509,-0.003516,1.325988,-1.706119,1.306223,0.006926,0.004981,-0.000759,0.003499,1.325048,1.707042,1.307289,-0.006962,0.002928,0.007199,-0.025625,0.776149,0.145609,-0.612972,0.370172,-0.255238,0.606239,0.139986,-0.613318,-0.025492,0.776914,-0.371556,-0.255380,0.606916,-0.025625,0.776149,0.145609,-0.612972,0.370172,-0.255238,0.606239,0.139986,-0.613318,-0.025492,0.776914,-0.371556,-0.255380,0.606916,0.451285,-0.000022,-0.000162,-0.000002,1,True,True,0.000141,-0.000019,-0.000002,0.001155,-0.000156,-0.000011,0.000539,-0.000073,-0.000004,0.000539,-0.000073,-0.000004,0.000000,0.001155,-0.000156,-0.000011,1.000000,True,0.000402,-0.000054,-0.000002,0.000402,-0.000054,-0.000002,2.354915,2.348373,2.382918,-0.793330,2.355557,2.348373,2.382918,-0.793921,0.000000,0.000000,0.000000,0.000000,0.000000,0.000000,0.000000,0.000000,0.895926,0.240374,1.289760,-1.072684,True,velocity,0.451285,0.451225,0.000000,0.000000,8.138564,False,0.141188,0.141258,0.050739,0.050718,-2.748882,-2.748917,0.000035,2.747819,2.747882,-0.000063,167.000000
0.14248025399865583,-0.003405,1.325987,-1.706151,1.306276,0.006913,0.004974,-0.000707,0.003384,1.325063,1.707058,1.307358,-0.006959,0.002917,0.007243,-0.025625,0.776149,0.145609,-0.612972,0.370172,-0.255238,0.606239,0.139986,-0.613318,-0.025492,0.776914,-0.371556,-0.255380,0.606916,-0.025625,0.776149,0.145609,-0.612972,0.370172,-0.255238,0.606239,0.139986,-0.613318,-0.025492,0.776914,-0.371556,-0.255380,0.606916,0.451298,-0.000027,-0.000200,-0.000002,1,True,True,0.000161,-0.000022,-0.000002,0.001116,-0.000150,-0.000013,0.000644,-0.000087,-0.000006,0.000644,-0.000087,-0.000006,0.000000,0.001116,-0.000150,-0.000013,1.000000,True,0.000539,-0.000073,-0.000004,0.000539,-0.000073,-0.000004,2.355083,2.348299,2.382918,-0.793983,2.355083,2.348299,2.382527,-0.793626,0.000000,0.000000,0.000000,0.000000,0.000000,0.000000,0.000000,0.000000,0.895926,0.240374,1.289760,-1.072684,True,velocity,0.451298,0.451225,0.000000,0.000000,8.171336,False,0.141193,0.141265,0.050738,0.050718,-2.748875,-2.748917,0.000042,2.747807,2.747882,-0.000075,167.000000
0.21716070600086823,-0.106639,1.343872,-1.663710,1.280880,0.031347,0.028409,-0.073395,-0.280889,1.276733,1.883086,1.509395,0.271137,-0.652084,0.231706,-0.025625,0.776149,0.145609,-0.612972,0.370172,-0.255238,0.606239,0.322288,-0.541324,0.313684,0.710424,-0.423128,-0.114574,0.610560,-0.025660,0.776143,0.145644,-0.612969,0.370131,-0.255170,0.608753,0.322350,-0.541307,0.313634,0.710430,-0.423049,-0.114540,0.613136,0.436301,0.015592,0.035876,0.000784,10,False,True,-0.035936,0.015600,0.000785,-0.310907,0.134655,0.023593,-0.047814,0.012237,0.004285,-0.047814,0.012237,0.004285,0.000000,-0.256951,0.111248,0.023593,1.000000,True,0.000644,-0.000087,-0.000006,0.000644,-0.000087,-0.000006,2.355557,2.348225,2.382665,-0.793626,2.355557,2.348225,2.382665,-0.793626,0.000000,0.000000,0.000000,0.000000,0.000000,0.000000,0.000000,0.000000,0.895926,0.240374,1.289760,-1.072684,True,velocity,0.436301,0.451225,-0.029848,0.000000,8.246769,False,0.139056,0.143990,0.051188,0.039589,-2.750185,-2.748917,-0.001267,2.759073,2.747882,0.011190,167.000000
0.2615341199852992,-0.139280,1.391495,-1.612346,1.297488,0.070476,0.071003,-0.118977,-0.575459,1.265974,2.216739,1.552897,0.810033,-0.730000,0.622859,-0.025625,0.776149,0.145609,-0.612972,0.370172,-0.255238,0.606239,0.418714,-0.442261,0.518914,0.599843,-0.474646,0.026291,0.630150,-0.025801,0.776088,0.145742,-0.613009,0.370175,-0.254976,0.614206,0.390534,-0.470662,0.508060,0.606494,-0.475395,0.025538,0.636387,0.434558,0.043906,0.045746,0.013000,10,False,True,-0.044207,0.043512,0.012858,-0.150412,0.316032,0.366480,-0.063739,0.020239,0.027758,-0.063739,0.020239,0.027758,0.000000,-0.092135,0.264407,0.366480,0.356445,True,-0.047814,0.012237,0.004285,-0.047814,0.012237,0.004285,2.884505,2.876912,2.897797,-0.236753,2.361332,2.354067,2.382275,-0.769470,0.043478,0.042124,0.042214,-0.042545,0.000286,0.000973,0.000279,-0.000530,0.898717,0.246094,1.292271,-1.078125,True,velocity,0.434558,0.451225,-0.033333,0.000000,8.290272,False,0.140823,0.154916,0.051622,0.042422,-2.751756,-2.748917,-0.002839,2.848034,2.747882,0.100152,167.000000
0.3111650089849718,-0.215217,1.362379,-1.625435,1.232900,0.053618,0.052134,-0.132369,-0.875147,1.233976,2.372354,1.551412,1.065913,-0.606628,0.702890,-0.025625,0.776149,0.145609,-0.612972,0.370172,-0.255238,0.606239,0.418155,-0.440775,0.519215,0.601065,-0.526915,0.166413,0.652810,-0.025886,0.776120,0.145864,-0.612936,0.369887,-0.254669,0.624606,0.418396,-0.440794,0.519110,0.600974,-0.526342,0.166369,0.671212,0.434558,0.030789,0.073393,-0.003417,10,False,True,-0.069703,0.029790,-0.004485,-0.342168,-0.073630,-0.492516,-0.086350,0.031762,-0.002656,-0.086350,0.031762,-0.002656,0.000000,-0.253101,-0.119748,-0.492516,0.507568,True,-0.063739,0.020239,0.027758,-0.063739,0.020239,0.027758,2.809097,2.760625,2.863670,-0.241185,2.496081,2.507268,2.517497,-0.603642,0.068905,0.061138,0.057208,-0.065918,0.005619,0.012696,0.009177,-0.029411,0.916574,0.280552,1.321568,-1.164062,True,velocity,0.434558,0.451225,-0.033333,0.000000,8.340502,False,0.134744,0.160102,0.051532,0.045226,-2.749256,-2.748917,-0.000338,2.757373,2.747882,0.009491,167.000000
0.36772977199871093,-0.289633,1.313495,-1.654125,1.154335,0.027403,0.016941,-0.133392,-1.091941,1.244059,2.544074,1.439948,1.202714,-0.312072,0.703537,-0.025625,0.776149,0.145609,-0.612972,0.370172,-0.255238,0.606239,0.418006,-0.441062,0.519304,0.600881,-0.577958,0.307145,0.683658,-0.026027,0.776095,0.146005,-0.612928,0.369633,-0.254272,0.636056,0.418276,-0.441151,0.519265,0.600661,-0.576988,0.306869,0.713357,0.434558,0.008075,0.101373,-0.027678,10,False,True,-0.094829,0.006038,-0.028657,-0.315737,-0.151029,-0.786182,-0.104063,0.034640,-0.062446,-0.104063,0.034640,-0.062446,0.000000,-0.217555,-0.176267,-0.727839,0.358887,True,-0.086350,0.031762,-0.002656,-0.086350,0.031762,-0.002656,2.790761,2.794123,2.787512,-0.357494,2.600673,2.587114,2.627817,-0.481556,0.089602,0.090348,0.091182,-0.090852,0.035248,0.042921,0.047858,-0.091322,0.990653,0.350725,1.412388,-1.289900,True,velocity,0.434558,0.451225,-0.033333,0.000000,8.397080,False,0.126952,0.153068,0.050685,0.048231,-2.748707,-2.748917,0.000210,2.749168,2.747882,0.001286,167.000000
0.420795662997989,-0.369687,1.242522,-1.692873,1.061664,-0.004471,-0.030723,-0.133016,-1.253599,1.211869,2.682030,1.234835,1.307060,0.002739,0.669846,-0.025625,0.776149,0.145609,-0.612972,0.370172,-0.255238,0.606239,0.417283,-0.443110,0.517959,0.601039,-0.628621,0.447335,0.719855,-0.026199,0.776056,0.146188,-0.612927,0.369197,-0.253727,0.652683,0.417564,-0.443324,0.518019,0.600633,-0.627113,0.446605,0.765941,0.434558,-0.022069,0.133301,-0.064540,10,False,True,-0.123265,-0.025486,-0.063437,-0.298182,-0.183269,-1.230369,-0.117207,0.033622,-0.141479,-0.117207,0.033622,-0.141479,0.000000,-0.203387,-0.192442,-1.105845,0.263672,True,-0.104063,0.034640,-0.062446,-0.104063,0.034640,-0.062446,2.860415,2.910444,2.788298,-0.424975,2.655658,2.672763,2.670884,-0.450478,0.095234,0.113601,0.121105,-0.102537,0.069230,0.079415,0.082066,-0.103305,1.073940,0.466239,1.512277,-1.395229,True,velocity,0.434558,0.451225,-0.033333,0.000000,8.450174,False,0.117173,0.135007,0.048542,0.046450,-2.748191,-2.748917,0.000727,2.748230,2.747882,0.000347,167.000000
0.47125760299968533,-0.439650,1.137082,-1.759380,0.908363,-0.036100,-0.091846,-0.081605,-1.363490,1.092711,2.750000,0.940309,1.392727,0.312202,0.636152,-0.025625,0.776149,0.145609,-0.612972,0.370172,-0.255238,0.606239,0.416803,-0.443104,0.517087,0.602125,-0.678588,0.586172,0.763340,-0.026270,0.776022,0.146299,-0.612940,0.368647,-0.253219,0.662551,0.419889,-0.446245,0.513608,0.600638,-0.675593,0.584747,0.816433,0.434558,-0.062103,0.169769,-0.136651,10,False,True,-0.155467,-0.067414,-0.130832,-0.278305,-0.212241,-1.508827,-0.125389,0.031333,-0.214408,-0.125389,0.031333,-0.214408,0.000000,-0.187351,-0.208086,-1.256000,0.169922,True,-0.117207,0.033622,-0.141479,-0.117207,0.033622,-0.141479,2.968470,3.026777,2.795411,-0.500512,2.704216,2.348299,2.382527,-0.450611,0.091286,0.128993,0.144666,-0.106047,0.091340,0.103623,0.106231,-0.109936,1.180804,0.583008,1.639090,-1.513114,True,velocity,0.434558,0.451225,-0.033333,0.000000,8.500092,False,0.100286,0.105612,0.043265,0.036125,-2.746090,-2.748917,0.002827,2.722829,2.747882,-0.025054,167.000000
0.5204780130006839,-0.506942,0.980608,-1.845792,0.678858,-0.056727,-0.170745,0.014946,-1.425452,0.870567,2.750000,0.566861,1.471373,0.613761,0.597580,-0.025625,0.776149,0.145609,-0.612972,0.370172,-0.255238,0.606239,0.416495,-0.442213,0.517166,0.602925,-0.726794,0.722357,0.802405,-0.026299,0.776004,0.146460,-0.612924,0.367437,-0.252124,0.673068,0.427830,-0.450528,0.504643,0.599434,-0.721230,0.720364,0.861986,0.434558,-0.096154,0.190341,-0.251847,10,False,True,-0.170922,-0.103854,-0.238882,-0.242515,-0.252362,-1.570000,-0.130548,0.028852,-0.276005,-0.130548,0.028852,-0.276005,0.028294,-0.141665,-0.241518,-1.256000,0.114502,True,-0.125389,0.031333,-0.214408,-0.125389,0.031333,-0.214408,3.084673,3.110288,2.799674,-0.574691,2.809000,2.868828,2.726171,-0.462231,0.085720,0.153636,0.171244,-0.105737,0.103314,0.126996,0.134243,-0.125435,1.282227,0.727260,1.795201,-1.635324,True,velocity,0.434558,0.451225,-0.033333,0.000000,8.549958,False,0.073938,0.064747,0.032390,0.018377,-2.742461,-2.748917,0.006456,2.669176,2.747882,-0.078707,167.000000
0.5723644829995465,-0.535427,0.798397,-1.944185,0.430752,-0.054315,-0.248620,0.130221,-1.446404,0.590572,2.750000,0.204722,1.548869,0.860257,0.521804,-0.025625,0.776149,0.145609,-0.612972,0.370172,-0.255238,0.606239,0.416661,-0.442127,0.516897,0.603104,-0.758642,0.829940,0.835331,-0.026301,0.776018,0.146842,-0.612814,0.364482,-0.249453,0.685383,0.430379,-0.449648,0.502551,0.600028,-0.751745,0.825715,0.908438,0.434558,-0.105307,0.188259,-0.395512,10,False,True,-0.163315,-0.115448,-0.373346,-0.119139,-0.329099,-1.570000,-0.133904,0.026368,-0.328191,-0.133904,0.026368,-0.328191,0.084238,0.068133,-0.271584,-1.256000,0.083496,True,-0.130548,0.028852,-0.276005,-0.130548,0.028852,-0.276005,-3.082368,-3.113659,2.802168,-0.643056,2.943736,2.961018,2.744591,-0.499183,0.080473,0.173693,0.187895,-0.103420,0.108170,0.148434,0.162686,-0.127593,1.392439,0.891881,1.970006,-1.788923,True,velocity,0.434558,0.451225,-0.033333,0.000000,8.601652,False,0.045079,0.023137,0.018780,0.004445,-2.739673,-2.748917,0.009245,2.653816,2.747882,-0.094066,167.000000
0.623841752007138,-0.501052,0.701134,-2.042632,0.255354,-0.024067,-0.270563,0.247944,-1.471386,0.402508,2.750000,0.052960,1.652254,0.950000,0.447695,-0.025625,0.776149,0.145609,-0.612972,0.370172,-0.255238,0.606239,0.416203,-0.442723,0.516544,0.603286,-0.759347,0.884371,0.870372,-0.025970,0.776196,0.146830,-0.612606,0.361252,-0.245894,0.675995,0.422952,-0.446131,0.510698,0.601055,-0.750469,0.876300,0.937600,0.434558,-0.102602,0.193853,-0.509337,10,False,True,-0.163250,-0.115539,-0.476232,-0.339211,-0.086233,-1.570000,-0.136289,0.024058,-0.374308,-0.136289,0.024058,-0.374308,0.107642,-0.170417,0.075536,-1.256000,0.066406,True,-0.133904,0.026368,-0.328191,-0.133904,0.026368,-0.328191,-2.966291,-3.068789,2.804082,-0.705808,3.048078,3.034383,2.756801,-0.548418,0.075942,0.187127,0.200814,-0.101363,0.105840,0.167112,0.188669,-0.129160,1.510184,1.067522,2.212751,-1.920759,True,velocity,0.434558,0.451225,-0.033333,0.000000,8.653433,False,0.026054,0.005761,0.010367,0.000790,-2.742073,-2.748917,0.006844,2.638691,2.747882,-0.109192,167.000000
0.671634334983537,-0.448788,0.675981,-2.121340,0.181447,-0.002590,-0.261147,0.316552,-1.460187,0.324496,2.750000,0.041357,1.650623,0.950000,0.440383,-0.025625,0.776149,0.145609,-0.612972,0.370172,-0.255238,0.606239,0.415894,-0.443060,0.516271,0.603486,-0.749278,0.910389,0.892919,-0.025843,0.776334,0.146785,-0.612447,0.358564,-0.242615,0.660732,0.421320,-0.444399,0.512212,0.602195,-0.737587,0.898786,0.940991,0.434558,-0.097064,0.201302,-0.575508,10,False,True,-0.164937,-0.113119,-0.529926,-0.349747,-0.013303,-1.570000,-0.138050,0.021903,-0.415937,-0.138050,0.021903,-0.415937,0.111756,-0.230795,0.155799,-1.256000,0.055664,True,-0.136289,0.024058,-0.374308,-0.136289,0.024058,-0.374308,-2.850170,-3.033007,2.805191,-0.766142,3.134044,3.101896,2.762801,-0.603642,0.072490,0.198518,0.211603,-0.099501,0.099835,0.180548,0.203352,-0.128852,1.581473,1.252372,2.386161,-2.015625,True,velocity,0.434558,0.451225,-0.033333,0.000000,8.701220,False,0.018547,0.004309,0.007263,0.000505,-2.744919,-2.748917,0.003999,2.653989,2.747882,-0.093893,167.000000
0.7277216739894357,-0.397276,0.665264,-2.182658,0.159496,0.005738,-0.261094,0.346977,-1.407307,0.304703,2.750000,0.053438,1.578939,0.950000,0.467539,-0.025625,0.776149,0.145609,-0.612972,0.370172,-0.255238,0.606239,0.416654,-0.443150,0.515471,0.603580,-0.739731,0.925561,0.894794,-0.025817,0.776334,0.146807,-0.612443,0.357088,-0.240759,0.652520,0.419932,-0.444062,0.512923,0.602807,-0.726414,0.911679,0.932983,0.434558,-0.096296,0.205759,-0.611621,10,False,True,-0.163236,-0.115560,-0.552174,-0.319494,-0.142910,-1.570000,-0.139735,0.019988,-0.456128,-0.139735,0.019988,-0.456128,0.110949,-0.134837,0.015034,-1.083389,0.051025,True,-0.138050,0.021903,-0.415937,-0.138050,0.021903,-0.415937,-2.734327,-3.003327,2.805817,-0.824714,-3.008384,-3.132603,2.775226,-0.659135,0.070089,0.209012,0.221003,-0.097853,0.086309,0.188964,0.217380,-0.120948,1.680106,1.442243,2.647461,-2.152902,True,velocity,0.434558,0.451225,-0.033333,0.000000,8.756928,False,0.016373,0.005438,0.006315,0.000605,-2.745567,-2.748917,0.003350,2.708334,2.747882,-0.039549,167.000000
0.7871857190039009,-0.347726,0.658255,-2.236392,0.154515,0.009758,-0.266917,0.363666,-1.345473,0.308462,2.725457,0.072310,1.520815,0.950000,0.501715,-0.025625,0.776149,0.145609,-0.612972,0.370172,-0.255238,0.606239,0.417281,-0.443596,0.514883,0.603319,-0.731868,0.938006,0.887455,-0.025790,0.776306,0.146870,-0.612465,0.355556,-0.238893,0.647747,0.418033,-0.443616,0.515818,0.601985,-0.717104,0.921943,0.921618,0.434558,-0.098001,0.208694,-0.635982,10,False,True,-0.159592,-0.120542,-0.561331,-0.274209,-0.217507,-1.570000,-0.141204,0.018130,-0.494686,-0.141204,0.018130,-0.494686,0.109740,-0.083986,-0.057550,-0.730834,0.047363,True,-0.139735,0.019988,-0.456128,-0.139735,0.019988,-0.456128,-2.618225,-2.977898,2.805671,-0.884093,-2.898398,-3.083902,2.775226,-0.720217,0.069005,0.218985,0.230033,-0.096784,0.079790,0.197167,0.224484,-0.113747,1.770368,1.644252,2.872349,-2.281250,True,velocity,0.434558,0.451225,-0.033333,0.000000,0.018754,False,0.015929,0.007211,0.006048,0.000813,-2.746820,-2.748917,0.002098,2.743658,2.747882,-0.004224,167.000000
0.8372209759836551,-0.304137,0.653143,-2.284173,0.157832,0.011866,-0.272994,0.370056,-1.285462,0.318941,2.668879,0.096535,1.476901,0.946325,0.545254,-0.025625,0.776149,0.145609,-0.612972,0.370172,-0.255238,0.606239,0.418449,-0.444052,0.513177,0.603629,-0.724517,0.949346,0.877343,-0.025792,0.776268,0.146959,-0.612492,0.354113,-0.237212,0.645560,0.419029,-0.444250,0.513975,0.602401,-0.708343,0.931195,0.908432,0.434558,-0.099456,0.211766,-0.656402,10,False,True,-0.155793,-0.125413,-0.565261,-0.272711,-0.219382,-1.570000,-0.142549,0.016285,-0.532581,-0.142549,0.016285,-0.532581,0.109139,-0.087802,-0.051879,-0.612581,0.045654,True,-0.141204,0.018130,-0.494686,-0.141204,0.018130,-0.494686,-2.502154,-2.955279,2.805417,-0.943248,-2.763293,-3.046265,2.775226,-0.781580,0.068755,0.228320,0.238551,-0.095992,0.074717,0.212818,0.237196,-0.109827,1.838309,1.913365,3.166853,-2.397461,True,velocity,0.434558,0.451147,-0.033151,-0.000520,0.005502,False,0.016344,0.009321,0.006110,0.001103,-2.747050,-2.748917,0.001868,2.749469,2.747882,0.001587,167.000000
0.8854630379937589,-0.263203,0.649878,-2.328562,0.164758,0.012203,-0.278309,0.372110,-1.225303,0.327961,2.608972,0.117793,1.440983,0.939383,0.582998,-0.025625,0.776149,0.145609,-0.612972,0.370172,-0.255238,0.606239,0.419688,-0.445143,0.512096,0.602883,-0.717567,0.959280,0.865904,-0.025785,0.776228,0.147044,-0.612523,0.352821,-0.235652,0.644198,0.420413,-0.445198,0.512911,0.601643,-0.700187,0.939325,0.895010,0.434480,-0.100492,0.215095,-0.675472,10,False,True,-0.151979,-0.130009,-0.566578,-0.274908,-0.216624,-1.570000,-0.143859,0.014387,-0.571190,-0.143859,0.014387,-0.571190,0.108618,-0.095922,-0.041742,-0.572102,0.046143,True,-0.142549,0.016285,-0.532581,-0.142549,0.016285,-0.532581,-2.386433,-2.934569,2.805125,-1.002937,-2.677319,-3.021617,2.775226,-0.824665,0.068426,0.237271,0.246823,-0.095171,0.069417,0.225485,0.248796,-0.109838,1.890764,2.138951,3.370396,-2.477818,True,velocity,0.434480,0.450819,-0.032549,-0.002571,0.006261,False,0.017148,0.011006,0.006318,0.001373,-2.747563,-2.748917,0.001354,2.749812,2.747882,0.001930,167.000000
0.9317830729996786,-0.228244,0.648967,-2.366831,0.176479,0.011011,-0.281836,0.368176,-1.168126,0.333894,2.551533,0.133272,1.408290,0.930173,0.619604,-0.025625,0.776149,0.145609,-0.612972,0.370172,-0.255238,0.606239,0.420695,-0.444734,0.511586,0.602915,-0.711302,0.968014,0.854369,-0.025777,0.776185,0.147128,-0.612557,0.351744,-0.234226,0.643648,0.421552,-0.444690,0.512425,0.601635,-0.692836,0.946484,0.882594,0.434152,-0.100773,0.218930,-0.692230,10,False,True,-0.148441,-0.134035,-0.564297,-0.284233,-0.204235,-1.541767,-0.145225,0.012378,-0.611489,-0.145225,0.012378,-0.611489,0.108162,-0.113040,-0.023031,-0.502759,0.048584,True,-0.143859,0.014387,-0.571190,-0.143859,0.014387,-0.571190,-2.270157,-2.914882,2.804841,-1.064678,-2.566963,-2.997579,2.775438,-0.880109,0.069459,0.246321,0.255191,-0.094688,0.071576,0.234962,0.264923,-0.108541,1.964425,2.382254,3.695591,-2.606864,True,velocity,0.434152,0.450606,-0.032747,-0.003208,0.020673,False,0.018465,0.012064,0.006720,0.001584,-2.747999,-2.748917,0.000918,2.749752,2.747882,0.001869,167.000000
0.9865997140004765,-0.196021,0.650033,-2.401937,0.191411,0.008917,-0.284515,0.361184,-1.115112,0.336489,2.498110,0.142846,1.382354,0.922943,0.648326,-0.025625,0.776149,0.145609,-0.612972,0.370172,-0.255238,0.606239,0.421537,-0.444817,0.511181,0.602609,-0.705839,0.975514,0.844036,-0.025769,0.776141,0.147209,-0.612594,0.350835,-0.232947,0.643610,0.422509,-0.444703,0.512048,0.601275,-0.686401,0.952604,0.872021,0.433939,-0.100781,0.222956,-0.707442,10,False,True,-0.144810,-0.137949,-0.559126,-0.284125,-0.204384,-1.476838,-0.146736,0.010128,-0.655013,-0.146736,0.010128,-0.655013,0.107438,-0.119412,-0.018089,-0.456350,0.054199,True,-0.145225,0.012378,-0.611489,-0.145225,0.012378,-0.611489,-2.154196,-2.895726,2.804658,-1.129111,-2.456608,-2.972885,2.775438,-0.941174,0.071522,0.256140,0.263911,-0.094851,0.074384,0.250368,0.277302,-0.109536,2.035714,2.642439,3.935268,-2.697963,True,velocity,0.433939,0.450116,-0.032090,-0.005257,0.011275,False,0.020140,0.012544,0.007252,0.001719,-2.748307,-2.748917,0.000611,2.749687,2.747882,0.001805,167.000000
1.0386732209881302,-0.165849,0.651965,-2.434514,0.209390,0.005755,-0.287279,0.350945,-1.067454,0.336029,2.450114,0.146572,1.361154,0.918790,0.672824,-0.025625,0.776149,0.145609,-0.612972,0.370172,-0.255238,0.606239,0.421754,-0.444609,0.511005,0.602761,-0.701294,0.982164,0.835048,-0.025758,0.776098,0.147285,-0.612630,0.350085,-0.231851,0.644033,0.422821,-0.444445,0.511898,0.601375,-0.681017,0.958062,0.863350,0.433449,-0.100759,0.227011,-0.721195,10,False,True,-0.140867,-0.141974,-0.551046,-0.279062,-0.211245,-1.408614,-0.148497,0.007444,-0.703711,-0.148497,0.007444,-0.703711,0.106614,-0.120000,-0.019960,-0.412597,0.064209,True,-0.146736,0.010128,-0.655013,-0.146736,0.010128,-0.655013,-2.038184,-2.876339,2.804793,-1.197589,-2.315456,-2.942400,2.774795,-1.008419,0.074829,0.266738,0.273332,-0.095089,0.072263,0.270831,0.290601,-0.113796,2.119838,2.971819,4.275670,-2.831473,True,velocity,0.433449,0.449412,-0.031523,-0.008053,0.015608,False,0.022151,0.012501,0.007893,0.001771,-2.748485,-2.748917,0.000432,2.749798,2.747882,0.001916,167.000000
1.095250649988884,-0.138058,0.655091,-2.464693,0.230285,0.001701,-0.289169,0.337548,-1.023497,0.331579,2.405822,0.146768,1.347480,0.915648,0.689016,-0.025625,0.776149,0.145609,-0.612972,0.370172,-0.255238,0.606239,0.421853,-0.444583,0.511149,0.602588,-0.697517,0.988238,0.827652,-0.025745,0.776057,0.147353,-0.612666,0.349517,-0.230898,0.644768,0.423001,-0.444382,0.512066,0.601152,-0.676483,0.963133,0.856634,0.432745,-0.100349,0.231366,-0.734239,10,False,True,-0.136897,-0.145806,-0.540633,-0.281095,-0.208532,-1.357853,-0.150720,0.004011,-0.760932,-0.150720,0.004011,-0.760932,0.105643,-0.130584,-0.013055,-0.391329,0.081787,True,-0.148497,0.007444,-0.703711,-0.148497,0.007444,-0.703711,-1.922101,-2.855886,2.805571,-1.271795,-2.180720,-2.917732,2.781011,-1.081540,0.080532,0.278922,0.283881,-0.096004,0.074442,0.281742,0.300535,-0.113139,2.211914,3.261719,4.649972,-2.970424,True,velocity,0.432745,0.448562,-0.031105,-0.010567,0.006953,False,0.024492,0.012134,0.008644,0.001761,-2.748588,-2.748917,0.000330,2.749933,2.747882,0.002051,167.000000
1.1541346790036187,-0.111701,0.658893,-2.493245,0.253693,-0.003169,-0.290937,0.321541,-0.983909,0.323826,2.366037,0.143752,1.338976,0.914223,0.699343,-0.025625,0.776149,0.145609,-0.612972,0.370172,-0.255238,0.606239,0.421812,-0.444439,0.511353,0.602550,-0.694658,0.993857,0.821924,-0.025724,0.776020,0.147413,-0.612700,0.349064,-0.230059,0.645934,0.423025,-0.444206,0.512290,0.601074,-0.672927,0.967881,0.852024,0.431895,-0.099855,0.235835,-0.746493,10,False,True,-0.132598,-0.149726,-0.527522,-0.276982,-0.213965,-1.298548,-0.153791,-0.000835,-0.832459,-0.153791,-0.000835,-0.832459,0.104553,-0.134062,-0.014668,-0.367607,0.114746,True,-0.150720,0.004011,-0.760932,-0.150720,0.004011,-0.760932,-1.805843,-2.833258,2.807471,-1.354520,-2.052400,-2.899589,2.781442,-1.149118,0.088388,0.293294,0.296370,-0.097452,0.079356,0.302232,0.321572,-0.118415,2.307059,3.637277,5.040876,-3.108398,True,velocity,0.431895,0.447609,-0.030795,-0.012644,0.018882,False,0.027120,0.011494,0.009482,0.001695,-2.748643,-2.748917,0.000274,2.750299,2.747882,0.002416,167.000000
1.205516226007603,-0.086306,0.662890,-2.520703,0.278496,-0.008618,-0.292953,0.303857,-0.947928,0.312977,2.330021,0.137315,1.339265,0.913197,0.698884,-0.025625,0.776149,0.145609,-0.612972,0.370172,-0.255238,0.606239,0.422875,-0.444289,0.512227,0.601172,-0.692592,0.999168,0.817810,-0.025703,0.775985,0.147466,-0.612732,0.348733,-0.229382,0.647514,0.424129,-0.444028,0.513174,0.599672,-0.670264,0.972474,0.849415,0.430942,-0.099450,0.240349,-0.758106,10,False,True,-0.127745,-0.153887,-0.511386,-0.269055,-0.223851,-1.236463,-0.158652,-0.008808,-0.930503,-0.158652,-0.008808,-0.930503,0.103240,-0.134291,-0.021289,-0.348391,0.186768,True,-0.153791,-0.000835,-0.832459,-0.153791,-0.000835,-0.832459,-1.689609,-2.806569,2.811621,-1.450041,-1.978891,-2.874888,2.781222,-1.216683,0.099239,0.311965,0.312005,-0.099122,0.081038,0.318623,0.331805,-0.115843,2.391881,3.959542,5.361328,-3.217913,True,velocity,0.430942,0.446303,-0.029871,-0.017015,0.021222,False,0.029915,0.010587,0.010358,0.001578,-2.748690,-2.748917,0.000227,2.750592,2.747882,0.002709,167.000000
1.25859406098607,-0.062660,0.668980,-2.545660,0.306158,-0.014377,-0.294417,0.284910,-0.917065,0.302832,2.298957,0.129867,1.340995,0.915153,0.698009,-0.025625,0.776149,0.145609,-0.612972,0.370172,-0.255238,0.606239,0.423089,-0.444290,0.513111,0.600266,-0.691212,1.004586,0.815114,-0.025664,0.775985,0.147476,-0.612732,0.348060,-0.228377,0.648661,0.424397,-0.443991,0.514078,0.598734,-0.668096,0.976849,0.847488,0.429636,-0.099311,0.244911,-0.767983,10,False,True,-0.122060,-0.158434,-0.490247,-0.257028,-0.237564,-1.129261,-0.166216,-0.022046,-1.048031,-0.166216,-0.022046,-1.048031,0.101734,-0.132762,-0.033511,-0.296318,0.304932,True,-0.158652,-0.008808,-0.930503,-0.158652,-0.008808,-0.930503,-1.574594,-2.771852,2.821076,-1.566362,-1.861845,-2.850220,2.781011,-1.308434,0.117765,0.338578,0.333571,-0.101700,0.083771,0.322287,0.332982,-0.111251,2.478097,4.272182,5.692104,-3.329520,True,velocity,0.429636,0.444903,-0.029523,-0.020210,0.008734,False,0.033042,0.009680,0.011351,0.001451,-2.748728,-2.748917,0.000189,2.750776,2.747882,0.002893,167.000000
1.3117277850105893,-0.039813,0.675995,-2.570053,0.336018,-0.020656,-0.295131,0.263934,-0.887830,0.291076,2.269459,0.125214,1.344701,0.914334,0.694023,-0.025625,0.776149,0.145609,-0.612972,0.370172,-0.255238,0.606239,0.423453,-0.444066,0.513666,0.599700,-0.690350,1.009933,0.813199,-0.025619,0.775986,0.147483,-0.612730,0.347364,-0.227264,0.650022,0.424831,-0.443720,0.514656,0.598131,-0.666350,0.981116,0.846494,0.428236,-0.099062,0.250022,-0.778105,10,False,True,-0.115881,-0.163008,-0.465435,-0.253960,-0.240841,-1.071473,-0.182700,-0.052822,-1.204053,-0.182700,-0.052822,-1.204053,0.099891,-0.148210,-0.040065,-0.303667,0.698242,True,-0.166216,-0.022046,-1.048031,-0.166216,-0.022046,-1.048031,-1.491532,-2.729760,2.842102,-1.682694,-1.763933,-2.825552,2.799649,-1.394621,0.145340,0.374080,0.360101,-0.102597,0.092016,0.331099,0.339454,-0.110382,2.572405,4.680524,6.043387,-3.434152,True,velocity,0.428236,0.443359,-0.029081,-0.023286,0.015111,False,0.036433,0.008983,0.012424,0.001352,-2.748756,-2.748917,0.000161,2.750997,2.747882,0.003115,167.000000
1.3676616250013467,-0.019012,0.682916,-2.592033,0.367030,-0.027495,-0.295993,0.241372,-0.862761,0.278939,2.244260,0.118567,1.351008,0.917486,0.688219,-0.025625,0.776149,0.145609,-0.612972,0.370172,-0.255238,0.606239,0.422847,-0.444260,0.514405,0.599350,-0.690099,1.015347,0.811946,-0.025564,0.775997,0.147488,-0.612717,0.346573,-0.226067,0.651805,0.424290,-0.443862,0.515423,0.597748,-0.665147,0.985347,0.846531,0.426692,-0.099579,0.255824,-0.786888,10,False,True,-0.108498,-0.168012,-0.434082,-0.236489,-0.258017,-0.949146,-0.198942,-0.087055,-1.210738,-0.198942,-0.087055,-1.210738,0.097151,-0.157970,-0.074687,-0.263482,0.757812,True,-0.182700,-0.052822,-1.204053,-0.182700,-0.052822,-1.204053,-1.461464,-2.664360,2.901899,-1.799009,-1.666157,-2.789199,2.805643,-1.510756,0.197315,0.432723,0.396944,-0.092482,0.100300,0.356087,0.356072,-0.111266,2.698103,5.113142,6.469587,-3.558315,True,velocity,0.426692,0.441672,-0.028672,-0.025756,0.008052,False,0.039952,0.008184,0.013520,0.001229,-2.748778,-2.748917,0.000139,2.751224,2.747882,0.003342,167.000000
1.4242120730050374,0.000714,0.688872,-2.613433,0.397120,-0.034240,-0.297261,0.218556,-0.840913,0.265654,2.220308,0.111934,1.362972,0.919776,0.678052,-0.025625,0.776149,0.145609,-0.612972,0.370172,-0.255238,0.606239,0.422723,-0.444213,0.515427,0.598594,-0.690756,1.021435,0.811425,-0.025468,0.776021,0.147490,-0.612690,0.345578,-0.224520,0.653942,0.424255,-0.443739,0.516497,0.596937,-0.664662,0.989987,0.847488,0.425005,-0.100818,0.262439,-0.795401,10,False,True,-0.100758,-0.172765,-0.402237,-0.220419,-0.271874,-0.862438,-0.203442,-0.098599,-1.195479,-0.203442,-0.098599,-1.195479,0.093868,-0.169077,-0.110374,-0.255377,0.247803,True,-0.198942,-0.087055,-1.210738,-0.198942,-0.087055,-1.210738,-1.541561,-2.614892,2.991385,-1.682685,-1.610980,-2.746355,2.848496,-1.584625,0.234904,0.464186,0.405205,-0.061350,0.113734,0.363857,0.363750,-0.091051,2.851005,5.408901,6.825056,-3.644531,True,velocity,0.425005,0.440062,-0.028774,-0.026792,0.017676,False,0.043373,0.007402,0.014553,0.001108,-2.748781,-2.748917,0.000136,2.752021,2.747882,0.004139,167.000000
1.4739657200116199,0.019432,0.694568,-2.633388,0.426514,-0.041648,-0.297998,0.195643,-0.818992,0.251336,2.200169,0.106211,1.374728,0.918420,0.663149,-0.025625,0.776149,0.145609,-0.612972,0.370172,-0.255238,0.606239,0.423745,-0.443403,0.516852,0.597242,-0.692430,1.028236,0.811717,-0.025413,0.776037,0.147515,-0.612666,0.344195,-0.222666,0.656296,0.425350,-0.442856,0.517941,0.595562,-0.664768,0.994938,0.849269,0.423395,-0.102101,0.269317,-0.804013,10,False,True,-0.092855,-0.177138,-0.370999,-0.209915,-0.280064,-0.792522,-0.205440,-0.105124,-1.180308,-0.205440,-0.105124,-1.180308,0.090783,-0.171156,-0.121501,-0.258356,0.136475,True,-0.203442,-0.098599,-1.195479,-0.203442,-0.098599,-1.195479,-1.571655,-2.599293,3.024476,-1.566396,-1.592609,-2.697019,2.897342,-1.608676,0.244993,0.472530,0.406174,-0.047805,0.137873,0.379409,0.365069,-0.079022,3.007115,5.878209,7.260742,-3.730748,True,velocity,0.423395,0.438459,-0.028703,-0.028493,0.003995,False,0.046721,0.006698,0.015546,0.001001,-2.748806,-2.748917,0.000111,2.751703,2.747882,0.003821,167.000000
1.5218065250082873,0.036792,0.699392,-2.652741,0.453716,-0.048512,-0.298483,0.173610,-0.798878,0.236258,2.180065,0.103796,1.391235,0.916451,0.644189,-0.025625,0.776149,0.145609,-0.612972,0.370172,-0.255238,0.606239,0.424230,-0.443564,0.518102,0.595693,-0.694534,1.035108,0.812541,-0.025319,0.776063,0.147530,-0.612634,0.342792,-0.220599,0.658779,0.425942,-0.442912,0.519238,0.593965,-0.665234,0.999903,0.851616,0.421792,-0.103187,0.276402,-0.812890,10,False,True,-0.084926,-0.181074,-0.340533,-0.202514,-0.285461,-0.732492,-0.206413,-0.109321,-1.166522,-0.206413,-0.109321,-1.166522,0.087903,-0.174441,-0.125728,-0.266317,0.086182,True,-0.205440,-0.105124,-1.180308,-0.205440,-0.105124,-1.180308,-1.589966,-2.590280,3.044717,-1.450072,-1.586192,-2.666509,2.940404,-1.590776,0.249593,0.475341,0.405788,-0.039361,0.162688,0.410119,0.371385,-0.081588,3.160296,6.301339,7.579520,-3.796736,True,velocity,0.421792,0.437684,-0.030552,-0.024618,0.033887,False,0.049833,0.006198,0.016440,0.000924,-2.748764,-2.748917,0.000153,2.752336,2.747882,0.004454,167.000000
1.5890031989838462,0.052928,0.703629,-2.670996,0.479249,-0.055156,-0.298871,0.152397,-0.780405,0.221072,2.161167,0.102667,1.407035,0.912089,0.626587,-0.025625,0.776149,0.145609,-0.612972,0.370172,-0.255238,0.606239,0.425032,-0.442835,0.519263,0.594652,-0.696832,1.041791,0.813812,-0.025217,0.776093,0.147537,-0.612599,0.341398,-0.218512,0.661321,0.426853,-0.442063,0.520444,0.592887,-0.665891,1.004705,0.854422,0.420202,-0.104222,0.283469,-0.821499,10,False,True,-0.076746,-0.184689,-0.310258,-0.190529,-0.293596,-0.659293,-0.206880,-0.112263,-1.153904,-0.206880,-0.112263,-1.153904,0.085056,-0.169703,-0.130797,-0.258270,0.059570,True,-0.206413,-0.109321,-1.166522,-0.206413,-0.109321,-1.166522,-1.602915,-2.584292,3.058818,-1.333981,-1.585957,-2.642431,2.989440,-1.504967,0.252314,0.476074,0.404959,-0.033962,0.200584,0.443190,0.387459,-0.081539,3.452707,6.940569,8.104772,-3.907645,True,velocity,0.420202,0.435244,-0.028617,-0.029332,0.005524,False,0.052758,0.005773,0.017259,0.000860,-2.748749,-2.748917,0.000168,2.752370,2.747882,0.004488,167.000000
1.648641095001949,0.067165,0.706433,-2.687588,0.501211,-0.061261,-0.299213,0.133044,-0.763649,0.206076,2.143878,0.102108,1.423964,0.909867,0.606282,-0.025625,0.776149,0.145609,-0.612972,0.370172,-0.255238,0.606239,0.425529,-0.443399,0.519892,0.593325,-0.699118,1.048343,0.815353,-0.025108,0.776126,0.147536,-0.612562,0.340057,-0.216466,0.663805,0.427457,-0.442496,0.521122,0.591532,-0.666595,1.009451,0.857438,0.418577,-0.105176,0.290472,-0.829756,10,False,True,-0.068313,-0.187972,-0.280052,-0.178161,-0.301262,-0.585502,-0.207073,-0.114452,-1.142200,-0.207073,-0.114452,-1.142200,0.082355,-0.164198,-0.134170,-0.247714,0.043945,True,-0.206880,-0.112263,-1.153904,-0.206880,-0.112263,-1.153904,-1.613024,-2.579941,3.069541,-1.217848,-1.585723,-2.623664,3.013861,-1.431838,0.253748,0.475744,0.403466,-0.030294,0.221422,0.465787,0.396347,-0.070854,3.730748,7.405413,8.586217,-3.980469,True,velocity,0.418577,0.433578,-0.028567,-0.028688,0.018500,False,0.055277,0.005381,0.017931,0.000799,-2.748761,-2.748917,0.000156,2.752235,2.747882,0.004353,167.000000
1.7126405439921655,0.079627,0.707909,-2.702621,0.520209,-0.066975,-0.299305,0.115019,-0.748293,0.191297,2.128159,0.102665,1.438392,0.908940,0.587560,-0.025625,0.776149,0.145609,-0.612972,0.370172,-0.255238,0.606239,0.425534,-0.444462,0.519661,0.592728,-0.701230,1.054778,0.817035,-0.024993,0.776162,0.147526,-0.612523,0.338799,-0.214470,0.666278,0.427577,-0.443415,0.520945,0.590913,-0.667194,1.014177,0.860606,0.416911,-0.105916,0.297474,-0.837819,10,False,True,-0.059773,-0.190859,-0.250042,-0.168400,-0.306825,-0.518134,-0.207116,-0.116258,-1.130573,-0.207116,-0.116258,-1.130573,0.079833,-0.162490,-0.134956,-0.241898,0.036133,True,-0.207073,-0.114452,-1.142200,-0.207073,-0.114452,-1.142200,-1.621462,-2.576582,3.078206,-1.101973,-1.592374,-2.611393,3.032312,-1.315266,0.254590,0.474795,0.401631,-0.027788,0.246749,0.495413,0.420717,-0.063876,4.042550,8.119838,9.106585,-4.055804,True,velocity,0.416911,0.431181,-0.026929,-0.032205,0.000704,False,0.057459,0.005042,0.018480,0.000745,-2.748706,-2.748917,0.000211,2.752277,2.747882,0.004395,167.000000
1.775141721998807,0.090330,0.707426,-2.716115,0.535992,-0.072420,-0.299510,0.098036,-0.734157,0.177226,2.113505,0.104036,1.451466,0.908687,0.571347,-0.025625,0.776149,0.145609,-0.612972,0.370172,-0.255238,0.606239,0.424906,-0.445473,0.519252,0.592778,-0.703186,1.061073,0.818340,-0.024884,0.776193,0.147511,-0.612491,0.337661,-0.212591,0.668267,0.427061,-0.444293,0.520595,0.590935,-0.667755,1.018915,0.863026,0.414514,-0.106506,0.304397,-0.845488,10,False,True,-0.051053,-0.193374,-0.220024,-0.156565,-0.313029,-0.445682,-0.207057,-0.117832,-1.118658,-0.207057,-0.117832,-1.118658,0.077586,-0.158012,-0.135931,-0.230047,0.031494,True,-0.207116,-0.116258,-1.130573,-0.207116,-0.116258,-1.130573,-1.629292,-2.573716,3.085962,-0.979868,-1.592609,-2.605488,3.044524,-1.204617,0.255018,0.473418,0.399589,-0.026105,0.265858,0.506380,0.433751,-0.061915,4.415458,8.707728,9.696428,-4.137137,True,velocity,0.414514,0.430347,-0.030418,-0.024940,0.025205,False,0.059267,0.004743,0.018883,0.000697,-2.748683,-2.748917,0.000235,2.752070,2.747882,0.004188,167.000000
1.8398375189863145,0.099280,0.706088,-2.727802,0.547449,-0.076789,-0.299597,0.084481,-0.720931,0.163751,2.100012,0.104338,1.466507,0.907401,0.553164,-0.025625,0.776149,0.145609,-0.612972,0.370172,-0.255238,0.606239,0.424972,-0.446093,0.519541,0.592011,-0.704885,1.067131,0.820307,-0.024768,0.776232,0.147487,-0.612453,0.336608,-0.210844,0.670441,0.427217,-0.444769,0.520930,0.590168,-0.668186,1.023535,0.866266,0.412908,-0.107104,0.311086,-0.852540,10,False,True,-0.041963,-0.195548,-0.189788,-0.139724,-0.320901,-0.366919,-0.206914,-0.119228,-1.106405,-0.206914,-0.119228,-1.106405,0.075313,-0.147152,-0.137624,-0.211585,0.028076,True,-0.207057,-0.117832,-1.118658,-0.207057,-0.117832,-1.118658,-1.636950,-2.571136,3.093285,-0.849572,-1.597978,-2.605551,3.056918,-1.076317,0.255232,0.471682,0.397430,-0.024917,0.266932,0.508937,0.430951,-0.060767,4.730329,9.412807,10.211775,-4.207450,True,velocity,0.412908,0.428041,-0.028806,-0.029183,0.015818,False,0.060591,0.004400,0.019144,0.000645,-2.748649,-2.748917,0.000268,2.752060,2.747882,0.004178,167.000000
1.8921859500114806,0.106370,0.702967,-2.737960,0.554624,-0.080381,-0.299410,0.073167,-0.708703,0.150259,2.087460,0.105465,1.481170,0.906986,0.536267,-0.025625,0.776149,0.145609,-0.612972,0.370172,-0.255238,0.606239,0.424307,-0.446838,0.519685,0.591800,-0.706374,1.073291,0.822621,-0.024647,0.776272,0.147456,-0.612414,0.335635,-0.209135,0.672541,0.426644,-0.445366,0.521123,0.589961,-0.668468,1.028348,0.869789,0.411374,-0.107399,0.317781,-0.859569,10,False,True,-0.032910,-0.197274,-0.159937,-0.131022,-0.324551,-0.307231,-0.206711,-0.120506,-1.093663,-0.206711,-0.120506,-1.093663,0.073387,-0.147952,-0.136114,-0.210860,0.025879,True,-0.206914,-0.119228,-1.106405,-0.206914,-0.119228,-1.106405,-1.644557,-2.568766,3.100334,-0.713813,-1.604564,-2.604902,3.062980,-0.977734,0.255253,0.469727,0.395067,-0.024044,0.269522,0.519097,0.441112,-0.060772,4.993722,9.931641,10.659180,-4.279018,True,velocity,0.411374,0.426453,-0.028684,-0.029457,0.005871,False,0.061430,0.004080,0.019246,0.000595,-2.748617,-2.748917,0.000300,2.751942,2.747882,0.004060,167.000000
1.9408588809892535,0.111923,0.697592,-2.746953,0.556585,-0.083112,-0.299281,0.064646,-0.697163,0.136505,2.075706,0.106876,1.498221,0.906232,0.519218,-0.025625,0.776149,0.145609,-0.612972,0.370172,-0.255238,0.606239,0.423011,-0.447145,0.520695,0.591608,-0.707559,1.079479,0.825383,-0.024528,0.776311,0.147417,-0.612379,0.334818,-0.207587,0.674442,0.425426,-0.445529,0.522179,0.589784,-0.668606,1.033386,0.873605,0.409786,-0.107459,0.324415,-0.866674,10,False,True,-0.023836,-0.198575,-0.130586,-0.120401,-0.328639,-0.252010,-0.206451,-0.121724,-1.080079,-0.206451,-0.121724,-1.080079,0.071780,-0.146293,-0.134935,-0.213147,0.024902,True,-0.206711,-0.120506,-1.093663,-0.206711,-0.120506,-1.093663,-1.652305,-2.566530,3.107305,-0.574861,-1.610743,-2.598996,3.069129,-0.873580,0.255107,0.467643,0.392578,-0.023673,0.272580,0.517857,0.446349,-0.059429,5.267020,10.426200,11.090262,-4.326869,True,velocity,0.409786,0.424866,-0.028630,-0.030580,0.005503,False,0.061682,0.003749,0.019152,0.000545,-2.748581,-2.748917,0.000336,2.751908,2.747882,0.004026,167.000000
2.0002082780119963,0.113046,0.690062,-2.750000,0.554367,-0.085404,-0.297633,0.057706,-0.687231,0.121624,2.065779,0.106867,1.514225,0.910731,0.511941,-0.025625,0.776149,0.145609,-0.612972,0.370172,-0.255238,0.606239,0.417452,-0.446229,0.522521,0.594631,-0.708509,1.086073,0.829416,-0.024830,0.776588,0.147291,-0.612046,0.333880,-0.206030,0.676184,0.419994,-0.444448,0.524079,0.592801,-0.668505,1.038771,0.878507,0.408199,-0.106866,0.331346,-0.873002,10,False,True,-0.015321,-0.199412,-0.100912,-0.122414,-0.327894,-0.170944,-0.206155,-0.122895,-1.065566,-0.206155,-0.122895,-1.065566,0.070603,-0.161381,-0.132330,-0.189856,0.024170,True,-0.206451,-0.121724,-1.080079,-0.206451,-0.121724,-1.080079,-1.660457,-2.564333,3.114460,-0.434046,-1.622932,-2.599060,3.075374,-0.732256,0.254878,0.465212,0.389913,-0.024061,0.275647,0.511417,0.437940,-0.055728,5.590123,11.041992,11.688337,-4.391183,True,velocity,0.408199,0.424050,-0.030485,-0.024325,0.031007,False,0.061426,0.003332,0.018908,0.000480,-2.746989,-2.748917,0.001929,2.751866,2.747882,0.003984,167.000000
2.057962849998148,0.109925,0.679833,-2.750000,0.545055,-0.085985,-0.295691,0.054962,-0.677348,0.105315,2.056238,0.104211,1.532301,0.902937,0.495201,-0.025625,0.776149,0.145609,-0.612972,0.370172,-0.255238,0.606239,0.418282,-0.442727,0.524990,0.594490,-0.709578,1.092237,0.834654,-0.024815,0.776681,0.147237,-0.611941,0.333351,-0.204816,0.677495,0.420865,-0.440784,0.526565,0.592715,-0.668788,1.044139,0.884098,0.406592,-0.106081,0.338175,-0.878255,10,False,True,-0.006795,-0.199885,-0.070646,-0.111406,-0.331796,-0.080047,-0.205815,-0.124055,-1.049648,-0.205815,-0.124055,-1.049648,0.069423,-0.158618,-0.131757,-0.157586,0.024170,True,-0.206155,-0.122895,-1.065566,-0.206155,-0.122895,-1.065566,-1.669160,-2.562172,3.121878,-0.296360,-1.629347,-2.599060,3.087586,-0.597766,0.254456,0.462533,0.387149,-0.024970,0.276275,0.515067,0.437319,-0.054823,5.920898,11.552734,12.120397,-4.457171,True,velocity,0.406592,0.421656,-0.028600,-0.030541,0.008543,False,0.060359,0.002803,0.018418,0.000407,-2.746303,-2.748917,0.002614,2.751964,2.747882,0.004082,167.000000
2.1311315500061028,0.106224,0.668373,-2.750000,0.532471,-0.085760,-0.294260,0.054315,-0.668512,0.089963,2.047567,0.104029,1.547759,0.896852,0.483055,-0.025625,0.776149,0.145609,-0.612972,0.370172,-0.255238,0.606239,0.417364,-0.439776,0.526937,0.595602,-0.710899,1.097978,0.839677,-0.024717,0.776727,0.147204,-0.611895,0.332845,-0.203617,0.678675,0.420060,-0.437619,0.528569,0.593847,-0.669372,1.049064,0.889355,0.404989,-0.105266,0.344747,-0.883402,10,False,True,0.001931,-0.199991,-0.040805,-0.095176,-0.336811,-0.019408,-0.205414,-0.125234,-1.031889,-0.205414,-0.125234,-1.031889,0.068603,-0.149477,-0.130902,-0.154404,0.024902,True,-0.205815,-0.124055,-1.049648,-0.205815,-0.124055,-1.049648,-1.678730,-2.559983,3.129812,-0.163889,-1.641777,-2.598996,3.093549,-0.438072,0.253942,0.459516,0.384029,-0.026710,0.281666,0.517757,0.440533,-0.057277,6.314313,12.359654,12.735491,-4.541574,True,velocity,0.404989,0.419956,-0.028560,-0.027474,0.020578,False,0.058924,0.002370,0.017813,0.000346,-2.746280,-2.748917,0.002638,2.751815,2.747882,0.003932,167.000000
2.18911549099721,0.102400,0.655445,-2.750000,0.517971,-0.085556,-0.293549,0.054341,-0.660391,0.073798,2.039272,0.103851,1.557234,0.882819,0.478782,-0.025625,0.776149,0.145609,-0.612972,0.370172,-0.255238,0.606239,0.418494,-0.432658,0.529445,0.597795,-0.712643,1.103055,0.844896,-0.024540,0.776738,0.147166,-0.611897,0.332515,-0.202564,0.680070,0.421190,-0.430380,0.531062,0.596109,-0.670433,1.053673,0.895119,0.403289,-0.104448,0.351029,-0.888253,10,False,True,0.010860,-0.199705,-0.011259,-0.077453,-0.341322,-0.145527,-0.204921,-0.126496,-1.012103,-0.204921,-0.126496,-1.012103,0.068035,-0.139393,-0.129192,-0.145527,0.027100,True,-0.205414,-0.125234,-1.031889,-0.205414,-0.125234,-1.031889,-1.689427,-2.557691,3.138514,-0.039073,-1.647310,-2.599124,3.100155,-0.333760,0.253197,0.456071,0.380557,-0.028722,0.279085,0.509582,0.437239,-0.056882,6.578962,12.857142,13.151506,-4.591937,True,velocity,0.403289,0.418397,-0.028854,-0.027236,0.030585,False,0.057262,0.001916,0.017121,0.000285,-2.746462,-2.748917,0.002456,2.751146,2.747882,0.003264,167.000000
2.2455109400034416,0.098674,0.642594,-2.750000,0.501709,-0.084736,-0.292904,0.056211,-0.653343,0.058792,2.032164,0.106952,1.553596,0.878427,0.474685,-0.025625,0.776149,0.145609,-0.612972,0.370172,-0.255238,0.606239,0.419769,-0.431039,0.525188,0.601812,-0.714236,1.107293,0.849606,-0.024434,0.776780,0.147123,-0.611859,0.332174,-0.201613,0.681167,0.422656,-0.428485,0.526907,0.600110,-0.671516,1.057350,0.900095,0.401730,-0.103546,0.357086,-0.893323,10,False,True,0.019849,-0.199013,0.017408,-0.061815,-0.344498,-0.152094,-0.204238,-0.128036,-0.987254,-0.204238,-0.128036,-0.987254,0.067509,-0.132778,-0.126966,-0.152094,0.033691,True,-0.204921,-0.126496,-1.012103,-0.204921,-0.126496,-1.012103,-1.701255,-2.555135,-3.134926,0.076329,-1.665672,-2.599060,3.106402,-0.211269,0.252405,0.452170,0.376647,-0.031606,0.269575,0.498232,0.424544,-0.053684,6.951730,13.433594,13.740234,-4.668806,True,velocity,0.401730,0.415966,-0.026824,-0.032955,0.001238,False,0.055408,0.001544,0.016392,0.000230,-2.746435,-2.748917,0.002483,2.750724,2.747882,0.002842,167.000000
2.2968068390036933,0.094759,0.628973,-2.750000,0.485027,-0.084009,-0.292452,0.057682,-0.647430,0.045564,2.025921,0.114259,1.531313,0.888249,0.471948,-0.025625,0.776149,0.145609,-0.612972,0.370172,-0.255238,0.606239,0.421091,-0.437002,0.511167,0.608621,-0.715757,1.110513,0.852358,-0.024312,0.776793,0.147095,-0.611853,0.331901,-0.200846,0.681722,0.424435,-0.433969,0.513157,0.606792,-0.672770,1.059918,0.902745,0.399299,-0.102498,0.362987,-0.898409,10,False,True,0.028738,-0.197925,0.045230,-0.048390,-0.346639,0.145591,-0.203287,-0.129948,-0.953541,-0.203287,-0.129948,-0.953541,0.067124,-0.129345,-0.124867,-0.152588,0.042725,True,-0.204238,-0.128036,-0.987254,-0.204238,-0.128036,-0.987254,-1.715986,-2.551867,-3.122521,0.192533,-1.672086,-2.593154,3.118436,-0.095059,0.251303,0.447307,0.371807,-0.035302,0.272319,0.492525,0.422974,-0.054624,7.220563,13.925363,14.157087,-4.723633,True,velocity,0.399299,0.415222,-0.030511,-0.026691,0.024062,False,0.053497,0.001265,0.015638,0.000186,-2.746719,-2.748917,0.002198,2.749819,2.747882,0.001937,167.000000
2.364926120004384,0.091409,0.620645,-2.750000,0.470072,-0.081747,-0.291318,0.062902,-0.641845,0.037339,2.020561,0.123611,1.520266,0.899666,0.476439,-0.025625,0.776149,0.145609,-0.612972,0.370172,-0.255238,0.606239,0.415934,-0.441925,0.503194,0.615222,-0.716904,1.113141,0.855733,-0.024174,0.776749,0.147121,-0.611909,0.331384,-0.199869,0.681694,0.419819,-0.438393,0.505502,0.613214,-0.673500,1.061498,0.905176,0.398555,-0.101831,0.368221,-0.902623,10,False,True,0.038161,-0.196326,0.072800,-0.015428,-0.349660,0.222645,-0.201822,-0.132528,-0.904189,-0.201822,-0.132528,-0.904189,0.066151,-0.104632,-0.118773,-0.126423,0.059326,True,-0.203287,-0.129948,-0.953541,-0.203287,-0.129948,-0.953541,-1.736175,-2.547618,-3.105647,0.308834,-1.690538,-2.580171,3.130648,0.033999,0.249910,0.440672,0.365223,-0.041607,0.275042,0.491050,0.418352,-0.054755,7.600028,14.594169,14.722656,-4.797154,True,velocity,0.398555,0.412866,-0.027120,-0.030032,0.013107,False,0.051818,0.001143,0.015064,0.000165,-2.747462,-2.748917,0.001456,2.749924,2.747882,0.002042,167.000000
2.4196067249868065,0.086308,0.613609,-2.748493,0.463550,-0.081398,-0.288638,0.060603,-0.637303,0.030880,2.015710,0.138328,1.487860,0.930472,0.510547,-0.025625,0.776149,0.145609,-0.612972,0.370172,-0.255238,0.606239,0.400280,-0.450221,0.489064,0.630788,-0.718485,1.115632,0.857046,-0.023822,0.776589,0.147181,-0.612112,0.330576,-0.198402,0.681434,0.405194,-0.445852,0.491938,0.628515,-0.674401,1.062118,0.905183,0.396199,-0.100487,0.373873,-0.906102,10,False,True,0.046489,-0.194522,0.099461,-0.022362,-0.349285,0.292354,-0.199343,-0.136535,-0.823351,-0.199343,-0.136535,-0.823351,0.065699,-0.124856,-0.121611,-0.104377,0.094238,True,-0.201822,-0.132528,-0.904189,-0.201822,-0.132528,-0.904189,-1.766022,-2.541483,-3.080452,0.424846,-1.702236,-2.574395,-3.133899,0.150419,0.247498,0.430574,0.352360,-0.050828,0.269769,0.482619,0.404999,-0.054178,7.860073,15.161412,15.111467,-4.852260,True,velocity,0.396199,0.411194,-0.028485,-0.030081,0.004794,False,0.051053,0.001150,0.014746,0.000158,-2.748368,-2.748917,0.000549,2.749298,2.747882,0.001415,167.000000
2.471182845009025,0.079923,0.609218,-2.744515,0.456469,-0.080126,-0.284039,0.060946,-0.632584,0.026500,2.011410,0.164096,1.465228,0.950000,0.536268,-0.025625,0.776149,0.145609,-0.612972,0.370172,-0.255238,0.606239,0.380991,-0.462670,0.475849,0.643700,-0.720310,1.116603,0.858599,-0.023843,0.776597,0.147233,-0.612088,0.329637,-0.196881,0.680281,0.389958,-0.454366,0.480950,0.640446,-0.675393,1.061438,0.904379,0.394527,-0.098746,0.379786,-0.910116,10,False,True,0.053803,-0.192627,0.122892,-0.022375,-0.349284,0.314895,-0.194322,-0.144147,-0.669673,-0.194322,-0.144147,-0.669673,0.064683,-0.135741,-0.125589,-0.120413,0.182373,True,-0.199343,-0.136535,-0.823351,-0.199343,-0.136535,-0.823351,-1.815872,-2.531111,-3.036840,0.541046,-1.727110,-2.568486,-3.121687,0.248536,0.243744,0.413824,0.339955,-0.066324,0.267338,0.475053,0.397129,-0.056412,8.126814,15.621931,15.505022,-4.910854,True,velocity,0.394527,0.409650,-0.028743,-0.030043,0.006705,False,0.050235,0.001416,0.014486,0.000187,-2.748300,-2.748917,0.000617,2.749537,2.747882,0.001655,167.000000
2.5692051840014756,0.072058,0.600457,-2.741571,0.445690,-0.078837,-0.276651,0.059118,-0.628190,0.018587,2.007110,0.219993,1.434095,0.950000,0.562822,-0.025625,0.776149,0.145609,-0.612972,0.370172,-0.255238,0.606239,0.361456,-0.475965,0.457562,0.658364,-0.722673,1.116735,0.858996,-0.023768,0.776630,0.147211,-0.612054,0.328847,-0.194605,0.680721,0.374043,-0.464207,0.464607,0.654786,-0.676712,1.059689,0.903692,0.392983,-0.094780,0.388133,-0.918992,10,False,True,0.056893,-0.191737,0.136338,-0.089061,-0.338479,0.182016,-0.188551,-0.153193,-0.515471,-0.188551,-0.153193,-0.515471,0.064347,-0.226935,-0.159217,-0.266287,0.214600,True,-0.194322,-0.144147,-0.669673,-0.194322,-0.144147,-0.669673,-1.912638,-2.508437,-2.942704,0.657302,-1.788448,-2.543818,-3.054202,0.444862,0.238224,0.382024,0.312412,-0.099374,0.265105,0.446409,0.370618,-0.079018,8.646066,16.489119,16.215681,-5.072963,True,velocity,0.392983,0.407284,-0.027244,-0.027148,0.011377,False,0.049000,0.002476,0.014043,0.000320,-2.748194,-2.748917,0.000723,2.749347,2.747882,0.001465,167.000000
2.6319672309909947,0.066897,0.584718,-2.743118,0.430752,-0.078687,-0.270318,0.054429,-0.624075,0.005302,2.003695,0.295817,1.364633,0.950000,0.598809,-0.025625,0.776149,0.145609,-0.612972,0.370172,-0.255238,0.606239,0.341485,-0.495449,0.421079,0.678683,-0.725848,1.113983,0.858034,-0.023544,0.776724,0.147074,-0.611976,0.328166,-0.192233,0.683099,0.359326,-0.478285,0.430872,0.675631,-0.679014,1.055167,0.903041,0.390617,-0.089981,0.397567,-0.931521,10,False,True,0.057651,-0.191511,0.140992,-0.091717,-0.337769,0.063610,-0.182767,-0.162562,-0.390601,-0.182767,-0.162562,-0.390601,0.065049,-0.230795,-0.158536,-0.375867,0.220215,True,-0.188551,-0.153193,-0.515471,-0.188551,-0.153193,-0.515471,-2.007284,-2.477106,-2.826415,0.728521,-1.843880,-2.525570,-3.005516,0.536105,0.235540,0.350413,0.285844,-0.132758,0.254727,0.425102,0.350241,-0.080307,8.937500,16.968889,16.623606,-5.176200,True,velocity,0.390617,0.405666,-0.028769,-0.026565,0.026225,False,0.047289,0.005031,0.013331,0.000634,-2.748000,-2.748917,0.000917,2.748705,2.747882,0.000823,167.000000
2.691778737003915,0.067083,0.581689,-2.743379,0.422734,-0.078138,-0.271940,0.059201,-0.620387,0.004329,2.001749,0.310726,1.338130,0.949976,0.606890,-0.025625,0.776149,0.145609,-0.612972,0.370172,-0.255238,0.606239,0.339080,-0.501193,0.409027,0.683028,-0.727898,1.108785,0.858281,-0.023746,0.776580,0.147137,-0.612136,0.328562,-0.192888,0.681092,0.358754,-0.481981,0.419784,0.680273,-0.681582,1.050550,0.900847,0.388999,-0.091521,0.400753,-0.931842,10,False,True,0.066036,-0.188784,0.153691,0.111966,-0.331608,0.435401,-0.175990,-0.170865,-0.280861,-0.175990,-0.170865,-0.280861,0.061506,-0.003734,-0.106116,-0.009631,0.214355,True,-0.182767,-0.162562,-0.390601,-0.182767,-0.162562,-0.390601,-2.075967,-2.440330,-2.710138,0.778252,-1.910981,-2.500974,-2.919383,0.622144,0.237179,0.325405,0.268323,-0.161094,0.251109,0.389823,0.325570,-0.092039,9.235909,17.403042,16.974051,-5.292690,True,velocity,0.388999,0.403409,-0.027280,-0.030777,0.005343,False,0.046391,0.005583,0.013054,0.000701,-2.746668,-2.748917,0.002249,2.749256,2.747882,0.001374,167.000000
2.749686697003199,0.062334,0.573110,-2.741898,0.407503,-0.075794,-0.270607,0.063554,-0.618920,0.005089,1.998550,0.355504,1.307848,0.950000,0.598083,-0.025625,0.776149,0.145609,-0.612972,0.370172,-0.255238,0.606239,0.334922,-0.518441,0.384569,0.686405,-0.732142,1.107830,0.855870,-0.023996,0.776498,0.147353,-0.612178,0.327452,-0.190527,0.679641,0.357017,-0.497115,0.396936,0.684001,-0.684791,1.046916,0.894713,0.386742,-0.090711,0.406651,-0.935966,10,False,True,0.070192,-0.187278,0.158930,0.026479,-0.348997,0.311441,-0.168710,-0.179158,-0.184463,-0.168710,-0.179158,-0.184463,0.061329,-0.102633,-0.146134,-0.123699,0.220703,True,-0.175990,-0.170865,-0.280861,-0.175990,-0.170865,-0.280861,-2.129218,-2.399211,-2.593916,0.816427,-1.984757,-2.470541,-2.821681,0.689686,0.239517,0.302733,0.255299,-0.185762,0.251050,0.363069,0.296078,-0.103697,9.535017,17.822266,17.321289,-5.424107,True,velocity,0.386742,0.402575,-0.030424,-0.024836,0.028791,False,0.044660,0.007252,0.012487,0.000901,-2.748095,-2.748917,0.000822,2.745216,2.747882,-0.002666,167.000000
2.809456480987137,0.058266,0.548599,-2.742944,0.379252,-0.074915,-0.272663,0.066799,-0.616709,-0.001347,1.994976,0.395257,1.289463,0.950000,0.589441,-0.025625,0.776149,0.145609,-0.612972,0.370172,-0.255238,0.606239,0.332088,-0.530516,0.366680,0.688343,-0.735182,1.105487,0.852540,-0.023494,0.776726,0.147105,-0.611969,0.327101,-0.190206,0.684951,0.353206,-0.507693,0.378324,0.688741,-0.687323,1.045037,0.893948,0.385908,-0.089923,0.412890,-0.942849,10,False,True,0.073402,-0.186043,0.158195,0.026800,-0.348972,0.207062,-0.160496,-0.187989,-0.100117,-0.160496,-0.187989,-0.100117,0.061807,-0.105806,-0.156203,-0.206511,0.241211,True,-0.168710,-0.179158,-0.184463,-0.168710,-0.179158,-0.184463,-2.168507,-2.351998,-2.477590,0.850666,-2.051836,-2.433462,-2.711253,0.745044,0.242411,0.282886,0.247141,-0.207110,0.256629,0.345894,0.290016,-0.128969,9.845006,18.210520,17.656389,-5.608956,True,velocity,0.385908,0.400272,-0.027227,-0.030016,0.011089,False,0.041384,0.009258,0.011254,0.001144,-2.747820,-2.748917,0.001097,2.747662,2.747882,-0.000220,167.000000
2.8651837109937333,0.056457,0.537017,-2.742908,0.354675,-0.072024,-0.274784,0.079533,-0.614184,-0.005557,1.993421,0.410447,1.286463,0.950000,0.561530,-0.025625,0.776149,0.145609,-0.612972,0.370172,-0.255238,0.606239,0.335468,-0.538077,0.353431,0.687765,-0.736842,1.104478,0.851392,-0.023490,0.776718,0.147097,-0.611981,0.326975,-0.189874,0.682821,0.358528,-0.515327,0.366540,0.686691,-0.689335,1.043667,0.891999,0.383605,-0.091241,0.417137,-0.945881,10,False,True,0.078619,-0.183900,0.158500,0.106727,-0.333331,0.303939,-0.150859,-0.196842,-0.024074,-0.150859,-0.196842,-0.024074,0.059829,-0.021985,-0.131595,-0.090955,0.261719,True,-0.160496,-0.187989,-0.100117,-0.160496,-0.187989,-0.100117,-2.192491,-2.296077,-2.361264,0.886087,-2.095101,-2.402951,-2.601207,0.781740,0.245180,0.266080,0.241526,-0.225624,0.264947,0.321265,0.273728,-0.161533,10.157924,18.507673,17.964146,-5.809570,True,velocity,0.383605,0.398691,-0.028706,-0.029314,0.001164,False,0.038622,0.010188,0.010404,0.001258,-2.748071,-2.748917,0.000846,2.747114,2.747882,-0.000768,167.000000
2.920777960011037,0.052262,0.531925,-2.739479,0.344584,-0.070896,-0.273941,0.084029,-0.613100,-0.007198,1.992675,0.421744,1.273223,0.950000,0.561451,-0.025625,0.776149,0.145609,-0.612972,0.370172,-0.255238,0.606239,0.334685,-0.540665,0.344642,0.690572,-0.739153,1.106073,0.850750,-0.023395,0.776748,0.147077,-0.611950,0.326077,-0.188214,0.681466,0.358492,-0.517981,0.358596,0.688903,-0.690696,1.043777,0.890297,0.382024,-0.092301,0.422110,-0.947083,10,False,True,0.082503,-0.182190,0.158100,0.094513,-0.336997,0.339755,-0.139775,-0.206023,0.045486,-0.139775,-0.206023,0.045486,0.057934,-0.038583,-0.147565,-0.036070,0.287842,True,-0.150859,-0.196842,-0.024074,-0.150859,-0.196842,-0.024074,-2.204368,-2.230461,-2.245025,0.922865,-2.131959,-2.353705,-2.502862,0.830705,0.247255,0.250712,0.238776,-0.241848,0.270129,0.299046,0.260047,-0.179890,10.431083,18.853516,18.218750,-6.006557,True,velocity,0.382024,0.397094,-0.028689,-0.029016,0.011436,False,0.037459,0.010819,0.010058,0.001334,-2.748127,-2.748917,0.000790,2.747112,2.747882,-0.000771,167.000000
2.9842739480081946,0.041444,0.536358,-2.730979,0.347905,-0.068809,-0.263646,0.082465,-0.614857,0.001283,1.989307,0.474238,1.228213,0.939631,0.597864,-0.025625,0.776149,0.145609,-0.612972,0.370172,-0.255238,0.606239,0.328570,-0.542178,0.331788,0.698571,-0.741387,1.108903,0.850405,-0.023009,0.776938,0.147033,-0.611735,0.323017,-0.184231,0.678343,0.346658,-0.523723,0.341747,0.699107,-0.689815,1.040883,0.881539,0.380427,-0.091338,0.430193,-0.950794,10,False,True,0.082397,-0.182238,0.152874,0.010109,-0.349854,0.236886,-0.126731,-0.217121,0.105637,-0.126731,-0.217121,0.105637,0.055960,-0.134980,-0.203504,-0.111305,0.342529,True,-0.139775,-0.206023,0.045486,-0.139775,-0.206023,0.045486,-2.205200,-2.153283,-2.128702,0.962003,-2.156047,-2.292690,-2.386421,0.867266,0.248575,0.237704,0.241177,-0.256779,0.273894,0.288621,0.255623,-0.208453,10.803990,19.188059,18.569895,-6.309152,True,velocity,0.380427,0.395500,-0.028763,-0.027647,0.006130,False,0.037814,0.012737,0.010259,0.001586,-2.748529,-2.748917,0.000388,2.748218,2.747882,0.000336,167.000000
3.046547775011277,0.043392,0.508365,-2.733849,0.319539,-0.070872,-0.277054,0.085217,-0.609853,-0.009493,1.989417,0.444463,1.258621,0.950000,0.580790,-0.025625,0.776149,0.145609,-0.612972,0.370172,-0.255238,0.606239,0.324750,-0.542159,0.338882,0.696965,-0.742882,1.108030,0.844630,-0.023086,0.776862,0.146912,-0.611857,0.325291,-0.186606,0.684747,0.348468,-0.519617,0.352567,0.695891,-0.693613,1.044474,0.887274,0.378833,-0.095625,0.432366,-0.949555,10,False,True,0.088840,-0.179186,0.150591,0.196220,-0.289824,0.364900,-0.110579,-0.227527,0.160052,-0.110579,-0.227527,0.160052,0.053790,0.085053,-0.116429,0.037167,0.384277,True,-0.126731,-0.217121,0.105637,-0.126731,-0.217121,0.105637,-2.187295,-2.060284,-2.012448,1.009385,-2.168530,-2.219240,-2.269447,0.904479,0.250205,0.228430,0.246122,-0.270284,0.270833,0.275562,0.256744,-0.229205,11.074219,19.502092,18.827847,-6.553990,True,velocity,0.378833,0.393925,-0.028853,-0.026603,0.022723,False,0.034477,0.012005,0.009001,0.001479,-2.748339,-2.748917,0.000578,2.746698,2.747882,-0.001184,167.000000
3.0967024950077757,0.036369,0.539499,-2.723607,0.336162,-0.065217,-0.265740,0.097224,-0.612110,0.011946,1.986664,0.462292,1.285082,0.942871,0.571250,-0.025625,0.776149,0.145609,-0.612972,0.370172,-0.255238,0.606239,0.322975,-0.545452,0.351253,0.689051,-0.747356,1.114272,0.850161,-0.023546,0.776730,0.147465,-0.611874,0.321065,-0.181830,0.670518,0.342364,-0.527949,0.361790,0.687869,-0.694042,1.042760,0.874833,0.377258,-0.099138,0.436146,-0.945107,10,False,True,0.093000,-0.177062,0.149704,0.163181,-0.309632,0.444746,-0.093017,-0.237187,0.209400,-0.093017,-0.237187,0.209400,0.049041,0.041730,-0.149087,0.133428,0.400879,True,-0.110579,-0.227527,0.160052,-0.110579,-0.227527,0.160052,-2.156045,-1.952140,-1.896157,1.062178,-2.168877,-2.157570,-2.153042,0.941040,0.249411,0.219302,0.252258,-0.280876,0.276635,0.265536,0.264576,-0.256085,11.407087,19.762835,19.148298,-6.872907,True,velocity,0.377258,0.392331,-0.028726,-0.028393,0.026807,False,0.036509,0.011413,0.010016,0.001414,-2.748651,-2.748917,0.000267,2.750826,2.747882,0.002944,167.000000
3.154245474986965,0.035316,0.507836,-2.723631,0.317915,-0.070874,-0.278327,0.087037,-0.606781,0.003111,1.985043,0.434795,1.308376,0.950000,0.550529,-0.025625,0.776149,0.145609,-0.612972,0.370172,-0.255238,0.606239,0.322679,-0.547798,0.353926,0.685953,-0.751060,1.117479,0.840151,-0.023034,0.776877,0.147047,-0.611808,0.322231,-0.182511,0.681338,0.347672,-0.524760,0.368641,0.683999,-0.698584,1.049479,0.879040,0.375664,-0.103085,0.440068,-0.943299,10,False,True,0.096592,-0.175129,0.144532,0.168676,-0.306673,0.341767,-0.074035,-0.246218,0.244886,-0.074035,-0.246218,0.244886,0.048769,0.050222,-0.159185,0.054240,0.420410,True,-0.093017,-0.237187,0.209400,-0.093017,-0.237187,0.209400,-2.117081,-1.835848,-1.785874,1.115721,-2.162114,-2.059428,-2.048933,0.990005,0.247315,0.213734,0.259782,-0.290310,0.277778,0.254962,0.268627,-0.275824,11.727958,20.051619,19.463030,-7.204799,True,velocity,0.375664,0.390687,-0.028622,-0.028463,0.019349,False,0.034193,0.010572,0.008952,0.001303,-2.748471,-2.748917,0.000447,2.747774,2.747882,-0.000108,167.000000
3.209384540008614,0.021024,0.521488,-2.710536,0.326997,-0.067797,-0.266119,0.085983,-0.606022,0.013119,1.980813,0.477144,1.284045,0.938369,0.570864,-0.025625,0.776149,0.145609,-0.612972,0.370172,-0.255238,0.606239,0.316766,-0.549788,0.347494,0.690392,-0.754540,1.125814,0.844007,-0.023745,0.776676,0.147725,-0.611872,0.318274,-0.176215,0.674570,0.338616,-0.530470,0.359097,0.689195,-0.698132,1.048815,0.870375,0.374020,-0.104141,0.449340,-0.944343,10,False,True,0.094252,-0.176399,0.135325,0.039385,-0.347777,0.225926,-0.052049,-0.257912,0.263105,-0.052049,-0.257912,0.263105,0.044996,-0.103252,-0.260234,-0.031327,0.498047,True,-0.074035,-0.246218,0.244886,-0.074035,-0.246218,0.244886,-2.062008,-1.719557,-1.687577,1.174231,-2.150273,-1.955552,-1.926237,1.045394,0.244116,0.211602,0.268499,-0.296474,0.273038,0.237270,0.268665,-0.283263,11.999303,20.317104,19.727261,-7.496094,True,velocity,0.374020,0.389156,-0.028862,-0.028194,0.024341,False,0.035219,0.011874,0.009457,0.001482,-2.748879,-2.748917,0.000039,2.745154,2.747882,-0.002728,167.000000
3.275479904987151,0.015282,0.487253,-2.707451,0.307712,-0.073830,-0.276449,0.072858,-0.599711,-0.004451,1.980394,0.455000,1.272323,0.949121,0.584704,-0.025625,0.776149,0.145609,-0.612972,0.370172,-0.255238,0.606239,0.308612,-0.549331,0.340217,0.698030,-0.756954,1.128335,0.837394,-0.023285,0.776728,0.147194,-0.611952,0.319766,-0.176674,0.686727,0.338301,-0.522255,0.357667,0.696331,-0.701243,1.055002,0.878829,0.372489,-0.107975,0.455754,-0.944930,10,False,True,0.094803,-0.176104,0.125968,0.120314,-0.328671,0.211125,-0.025611,-0.271254,0.266405,-0.025611,-0.271254,0.266405,0.042626,0.008726,-0.223994,-0.017608,0.592285,True,-0.052049,-0.257912,0.263105,-0.052049,-0.257912,0.263105,-1.975899,-1.603226,-1.596025,1.248851,-2.094746,-1.845326,-1.816294,1.106313,0.243824,0.219215,0.283222,-0.302755,0.280665,0.225542,0.280044,-0.304669,12.392020,20.591379,20.129324,-7.933315,True,velocity,0.372489,0.387434,-0.028524,-0.027309,0.024290,False,0.032721,0.011901,0.008356,0.001469,-2.748640,-2.748917,0.000277,2.742870,2.747882,-0.005012,167.000000
3.335853908007266,0.008306,0.479693,-2.701712,0.290390,-0.071337,-0.276227,0.081313,-0.597416,-0.010614,1.981004,0.450354,1.287257,0.949173,0.571771,-0.025625,0.776149,0.145609,-0.612972,0.370172,-0.255238,0.606239,0.307542,-0.550615,0.341874,0.696680,-0.761322,1.135786,0.843796,-0.023385,0.776678,0.147453,-0.611950,0.317579,-0.173831,0.684884,0.339043,-0.521165,0.360842,0.695148,-0.703433,1.059452,0.880594,0.370767,-0.112826,0.462128,-0.946123,10,False,True,0.095300,-0.175835,0.115895,0.131805,-0.324234,0.165283,-0.000129,-0.283100,0.257117,-0.000129,-0.283100,0.257117,0.038887,0.033937,-0.237904,-0.035784,0.562012,True,-0.025611,-0.271254,0.266405,-0.025611,-0.271254,0.266405,-1.859612,-1.488515,-1.506131,1.341589,-2.033514,-1.747151,-1.717968,1.174113,0.244619,0.231466,0.297718,-0.307337,0.284517,0.236406,0.311696,-0.336016,12.722795,20.874302,20.530552,-8.343750,True,velocity,0.370767,0.385147,-0.027187,-0.031438,0.005060,False,0.030757,0.012126,0.007821,0.001500,-2.748911,-2.748917,0.000007,2.745031,2.747882,-0.002851,167.000000
3.3929071679885965,0.002912,0.467639,-2.698293,0.266442,-0.067990,-0.275661,0.093955,-0.598200,-0.014066,1.978496,0.464381,1.307805,0.950000,0.555923,-0.025625,0.776149,0.145609,-0.612972,0.370172,-0.255238,0.606239,0.306154,-0.552968,0.342813,0.694964,-0.766219,1.142525,0.844375,-0.022611,0.777036,0.147123,-0.611604,0.314822,-0.170321,0.683401,0.335301,-0.526388,0.360523,0.693189,-0.705655,1.062942,0.878790,0.368480,-0.117839,0.469708,-0.950039,10,False,True,0.094483,-0.176275,0.103409,0.112532,-0.331416,0.053459,0.024759,-0.294484,0.233607,0.024759,-0.294484,0.233607,0.035491,0.018231,-0.272000,-0.117461,0.547363,True,-0.000129,-0.283100,0.257117,-0.000129,-0.283100,0.257117,-1.743303,-1.399286,-1.433143,1.432339,-1.947820,-1.649118,-1.632496,1.228954,0.249063,0.247422,0.311311,-0.311090,0.275712,0.235104,0.337646,-0.339472,13.041295,21.138533,20.856724,-8.732841,True,velocity,0.368480,0.383541,-0.028612,-0.030179,0.002400,False,0.028083,0.013006,0.007068,0.001607,-2.748310,-2.748917,0.000607,2.746632,2.747882,-0.001250,167.000000
3.4577121869951952,-0.001317,0.458270,-2.695743,0.251781,-0.066528,-0.276417,0.098768,-0.597722,-0.013999,1.978006,0.479208,1.306688,0.950000,0.556094,-0.025625,0.776149,0.145609,-0.612972,0.370172,-0.255238,0.606239,0.301693,-0.555505,0.339398,0.696566,-0.770632,1.148493,0.843231,-0.022507,0.777071,0.147144,-0.611557,0.312621,-0.166819,0.683362,0.331012,-0.529611,0.357309,0.694459,-0.708041,1.065295,0.876419,0.366874,-0.123746,0.477296,-0.952164,10,False,True,0.093666,-0.176711,0.093497,0.120643,-0.328550,0.084632,0.052244,-0.306428,0.207838,0.052244,-0.306428,0.207838,0.030920,0.038065,-0.277400,-0.063758,0.599365,True,0.024759,-0.294484,0.233607,0.024759,-0.294484,0.233607,-1.626984,-1.332891,-1.373842,1.524546,-1.837585,-1.550781,-1.540607,1.327537,0.260404,0.265955,0.324209,-0.316386,0.279600,0.224884,0.314385,-0.333416,13.396066,21.413645,21.275669,-9.138672,True,velocity,0.366874,0.381981,-0.028828,-0.027702,0.015943,False,0.026422,0.013739,0.006585,0.001697,-2.748580,-2.748917,0.000338,2.746633,2.747882,-0.001250,167.000000
3.5144706149876583,-0.004618,0.448990,-2.693748,0.241860,-0.066518,-0.277478,0.099094,-0.596866,-0.015285,1.977401,0.494124,1.282363,0.950000,0.575265,-0.025625,0.776149,0.145609,-0.612972,0.370172,-0.255238,0.606239,0.295003,-0.556298,0.330235,0.703172,-0.776081,1.154208,0.841249,-0.022373,0.777112,0.147175,-0.611503,0.310222,-0.162966,0.684470,0.326357,-0.529788,0.349275,0.700587,-0.711090,1.067321,0.874712,0.365314,-0.130288,0.485398,-0.953889,10,False,True,0.092295,-0.177430,0.084844,0.119419,-0.328997,0.078597,0.083937,-0.319485,0.182068,0.083937,-0.319485,0.182068,0.026056,0.041054,-0.276974,-0.051746,0.685547,True,0.052244,-0.306428,0.207838,0.052244,-0.306428,0.207838,-1.510677,-1.268643,-1.312802,1.621709,-1.726860,-1.470943,-1.478902,1.400590,0.273328,0.285537,0.338524,-0.324228,0.313946,0.250847,0.320677,-0.357923,13.783064,21.741909,21.686941,-9.588867,True,velocity,0.365314,0.380444,-0.028882,-0.027555,0.028591,False,0.025264,0.014592,0.006221,0.001801,-2.748468,-2.748917,0.000449,2.746653,2.747882,-0.001229,167.000000
3.5727374069974758,-0.004782,0.440770,-2.694223,0.231245,-0.065994,-0.280475,0.102118,-0.596380,-0.014837,1.976833,0.504366,1.270060,0.950000,0.590708,-0.025625,0.776149,0.145609,-0.612972,0.370172,-0.255238,0.606239,0.288515,-0.556470,0.326686,0.707373,-0.782725,1.159346,0.839717,-0.022240,0.777152,0.147199,-0.611451,0.307728,-0.159411,0.684843,0.320987,-0.529808,0.346279,0.704529,-0.715382,1.068898,0.872628,0.363777,-0.138602,0.492353,-0.954418,10,False,True,0.092058,-0.177554,0.078246,0.148926,-0.316735,0.101998,0.113518,-0.326304,0.157838,0.113518,-0.326304,0.157838,0.020683,0.092340,-0.264336,-0.015882,1.000000,True,0.083937,-0.319485,0.182068,0.083937,-0.319485,0.182068,-1.394357,-1.201900,-1.246522,1.724597,-1.610743,-1.391566,-1.412069,1.486778,0.293162,0.312168,0.355652,-0.336137,0.325270,0.280540,0.348969,-0.377771,14.113002,22.080217,22.034597,-10.032087,True,velocity,0.363777,0.378812,-0.028689,-0.027607,0.023888,False,0.024068,0.015071,0.005859,0.001860,-2.748508,-2.748917,0.000409,2.746719,2.747882,-0.001164,167.000000
3.642138884984888,-0.001822,0.433140,-2.697247,0.220701,-0.065324,-0.285058,0.106548,-0.596160,-0.012252,1.975955,0.511864,1.261716,0.950000,0.599503,-0.025625,0.776149,0.145609,-0.612972,0.370172,-0.255238,0.606239,0.284623,-0.557585,0.324082,0.709267,-0.790684,1.164507,0.837358,-0.022052,0.777213,0.147201,-0.611379,0.304948,-0.155857,0.684809,0.317877,-0.530880,0.344013,0.706240,-0.720791,1.070435,0.869419,0.362145,-0.148243,0.498420,-0.954134,10,False,True,0.092512,-0.177318,0.073269,0.168691,-0.306665,0.118215,0.123550,-0.322734,0.150634,0.123550,-0.322734,0.150634,0.015316,0.125738,-0.250180,0.008528,1.000000,True,0.113518,-0.326304,0.157838,0.113518,-0.326304,0.157838,-1.295571,-1.141959,-1.185076,1.816526,-1.506626,-1.306074,-1.338162,1.603000,0.311896,0.332998,0.368686,-0.348252,0.347813,0.286162,0.356856,-0.375319,14.612025,22.480051,22.532785,-10.474749,True,velocity,0.362145,0.376394,-0.026965,-0.030643,0.008906,False,0.022910,0.015225,0.005512,0.001877,-2.748586,-2.748917,0.000331,2.746876,2.747882,-0.001006,167.000000
3.6988578499876894,0.002296,0.423967,-2.701706,0.209687,-0.064991,-0.290455,0.109526,-0.595561,-0.008557,1.974558,0.524232,1.242946,0.950000,0.609978,-0.025625,0.776149,0.145609,-0.612972,0.370172,-0.255238,0.606239,0.280233,-0.560527,0.316173,0.712259,-0.799218,1.170089,0.833222,-0.022028,0.777190,0.147332,-0.611379,0.301904,-0.151777,0.684719,0.315568,-0.533175,0.337240,0.708809,-0.726567,1.071827,0.864443,0.359727,-0.157772,0.504770,-0.954268,10,False,True,0.092377,-0.177388,0.068113,0.162156,-0.310170,0.097016,0.130569,-0.320449,0.140885,0.130569,-0.320449,0.140885,0.010637,0.117890,-0.253972,-0.004040,1.000000,True,0.123550,-0.322734,0.150634,0.123550,-0.322734,0.150634,-1.259389,-1.115022,-1.158660,1.850342,-1.408234,-1.256338,-1.282894,1.682696,0.316121,0.335495,0.369496,-0.349989,0.365455,0.307634,0.373902,-0.380758,15.033342,22.815989,22.993582,-10.931920,True,velocity,0.359727,0.374850,-0.028772,-0.029471,0.003165,False,0.021701,0.015527,0.005140,0.001913,-2.748569,-2.748917,0.000348,2.746691,2.747882,-0.001192,167.000000
3.7594510189956054,0.008531,0.416155,-2.707861,0.199007,-0.064249,-0.296438,0.114187,-0.594702,-0.003871,1.972688,0.533588,1.228565,0.950000,0.616855,-0.025625,0.776149,0.145609,-0.612972,0.370172,-0.255238,0.606239,0.277777,-0.562876,0.310475,0.713874,-0.807784,1.174947,0.829119,-0.021924,0.777202,0.147398,-0.611352,0.298976,-0.148121,0.684859,0.314298,-0.535575,0.332081,0.709999,-0.732554,1.072884,0.860016,0.358183,-0.167940,0.510133,-0.953877,10,False,True,0.093076,-0.177022,0.063808,0.177290,-0.301775,0.105937,0.139064,-0.317054,0.134531,0.139064,-0.317054,0.134531,0.005687,0.142116,-0.241253,0.011743,1.000000,True,0.130569,-0.320449,0.140885,0.130569,-0.320449,0.140885,-1.232648,-1.099463,-1.141678,1.876605,-1.340866,-1.201363,-1.240480,1.744065,0.319511,0.338298,0.369568,-0.351032,0.355567,0.338339,0.397523,-0.390722,15.456194,23.280832,23.474749,-11.401647,True,velocity,0.358183,0.373212,-0.028635,-0.028450,0.008957,False,0.020559,0.015580,0.004801,0.001918,-2.748587,-2.748917,0.000330,2.746807,2.747882,-0.001075,167.000000
3.818457418004982,0.015770,0.403494,-2.715461,0.187449,-0.065007,-0.303706,0.114903,-0.593326,-0.000890,1.970379,0.546286,1.199661,0.950000,0.634629,-0.025625,0.776149,0.145609,-0.612972,0.368029,-0.251869,0.609266,0.273057,-0.565093,0.300120,0.718357,-0.816482,1.179886,0.824714,-0.021753,0.777163,0.147392,-0.611408,0.295064,-0.142639,0.687382,0.311961,-0.536706,0.322822,0.714432,-0.739604,1.075822,0.856065,0.356545,-0.177234,0.517033,-0.954442,10,False,True,0.091927,-0.177621,0.058759,0.149423,-0.316501,0.068790,0.140947,-0.316953,0.122578,0.140947,-0.316953,0.122578,0.003060,0.102438,-0.260589,-0.016936,1.000000,True,0.139064,-0.317054,0.134531,0.139064,-0.317054,0.134531,-1.201919,-1.076632,-1.118808,1.906019,-1.297879,-1.164361,-1.203206,1.793057,0.320768,0.340107,0.369447,-0.350943,0.358842,0.351689,0.405973,-0.395828,15.877930,23.643555,23.957729,-11.866350,True,velocity,0.356545,0.371719,-0.028983,-0.027293,0.011717,False,0.019287,0.015921,0.004394,0.001960,-2.748628,-2.748917,0.000290,2.746676,2.747882,-0.001206,167.000000
3.87611613800982,0.023698,0.387582,-2.723784,0.173868,-0.065874,-0.312059,0.114608,-0.591804,0.001280,1.967820,0.558573,1.172491,0.950000,0.655599,-0.025625,0.776149,0.145609,-0.612972,0.364099,-0.245853,0.614479,0.267213,-0.566445,0.291524,0.723015,-0.824770,1.185042,0.821049,-0.021650,0.777254,0.147308,-0.611316,0.290213,-0.136135,0.691389,0.308047,-0.537012,0.315001,0.719374,-0.747633,1.080292,0.852779,0.355052,-0.186224,0.524493,-0.955391,10,False,True,0.090182,-0.178514,0.053723,0.136937,-0.322100,0.048976,0.140218,-0.317889,0.109196,0.140218,-0.317889,0.109196,0.002104,0.087143,-0.266094,-0.028497,1.000000,True,0.140947,-0.316953,0.122578,0.140947,-0.316953,0.122578,-1.192193,-1.078902,-1.117319,1.917951,-1.261308,-1.139908,-1.178811,1.830267,0.324174,0.341913,0.368459,-0.351463,0.355603,0.359045,0.406756,-0.394321,16.296597,24.068777,24.439035,-12.333426,True,velocity,0.355052,0.370075,-0.028661,-0.027695,0.023252,False,0.017785,0.016289,0.003926,0.002006,-2.748596,-2.748917,0.000321,2.746316,2.747882,-0.001566,167.000000
3.939568441011943,0.031798,0.373118,-2.732245,0.159574,-0.066284,-0.319991,0.115902,-0.590333,0.005263,1.964961,0.571723,1.150487,0.950000,0.673691,-0.025625,0.776149,0.145609,-0.612972,0.359794,-0.239365,0.619969,0.261459,-0.567861,0.284869,0.726652,-0.832846,1.190583,0.817564,-0.021679,0.777201,0.147342,-0.611375,0.285142,-0.129110,0.694313,0.303525,-0.538310,0.308803,0.723004,-0.755376,1.085165,0.848493,0.353408,-0.195137,0.532106,-0.956315,10,False,True,0.088344,-0.179431,0.049160,0.131284,-0.324445,0.042681,0.138594,-0.319081,0.097102,0.138594,-0.319081,0.097102,0.001254,0.082366,-0.267611,-0.027700,1.000000,True,0.140218,-0.317889,0.109196,0.140218,-0.317889,0.109196,-1.190715,-1.090153,-1.123831,1.922749,-1.242702,-1.127359,-1.167217,1.854420,0.327471,0.343183,0.367018,-0.352074,0.357329,0.372082,0.413759,-0.400436,16.723074,24.589705,24.936523,-12.814453,True,velocity,0.353408,0.367709,-0.027029,-0.031450,0.005539,False,0.016238,0.016552,0.003480,0.002038,-2.748549,-2.748917,0.000368,2.745937,2.747882,-0.001945,167.000000
4.001227956992807,0.039552,0.356438,-2.740513,0.144404,-0.067017,-0.328001,0.115948,-0.588771,0.008792,1.961794,0.584233,1.126295,0.950000,0.687943,-0.025625,0.776149,0.145609,-0.612972,0.355624,-0.233154,0.624993,0.256860,-0.570943,0.275712,0.729404,-0.840456,1.196508,0.812446,-0.021600,0.777203,0.147293,-0.611387,0.280227,-0.122337,0.697579,0.301194,-0.540007,0.300655,0.726141,-0.762620,1.090469,0.843497,0.351042,-0.203865,0.540026,-0.957569,10,False,True,0.086268,-0.180438,0.044669,0.122905,-0.327711,0.025907,0.135741,-0.320650,0.084158,0.135741,-0.320650,0.084158,0.000216,0.073417,-0.270204,-0.037622,1.000000,True,0.138594,-0.319081,0.097102,0.138594,-0.319081,0.097102,-1.192504,-1.103229,-1.132569,1.924180,-1.230709,-1.121516,-1.160763,1.872698,0.330316,0.344064,0.365370,-0.352308,0.360959,0.382578,0.419470,-0.403497,17.149275,25.034040,25.421597,-13.281669,True,velocity,0.351042,0.366087,-0.028609,-0.029606,0.002025,False,0.014590,0.016800,0.003020,0.002070,-2.748536,-2.748917,0.000382,2.745419,2.747882,-0.002463,167.000000
4.069806493993383,0.047784,0.342246,-2.749038,0.129441,-0.067003,-0.335536,0.117944,-0.587117,0.014564,1.958273,0.595875,1.111049,0.950000,0.695740,-0.025625,0.776149,0.145609,-0.612972,0.350935,-0.226252,0.630456,0.253853,-0.573854,0.269924,0.730336,-0.847797,1.202889,0.808047,-0.021663,0.777136,0.147336,-0.611460,0.274969,-0.115085,0.700292,0.299212,-0.542880,0.295273,0.727026,-0.769787,1.096335,0.838300,0.349420,-0.212130,0.547452,-0.958502,10,False,True,0.084203,-0.180695,0.040931,0.121063,-0.328396,0.030312,0.133072,-0.322058,0.074368,0.133072,-0.322058,0.074368,0.000000,0.073992,-0.270047,-0.027985,1.000000,True,0.135741,-0.320650,0.084158,0.135741,-0.320650,0.084158,-1.197818,-1.120441,-1.145141,1.922461,-1.230954,-1.127575,-1.160763,1.885084,0.333075,0.344702,0.363344,-0.352288,0.360328,0.371636,0.409250,-0.393662,17.650251,25.552036,25.988281,-13.828683,True,velocity,0.349420,0.364541,-0.028912,-0.026580,0.022848,False,0.013004,0.016838,0.002610,0.002075,-2.748502,-2.748917,0.000416,2.745164,2.747882,-0.002718,167.000000
4.12552000200958,0.049244,0.327975,-2.750000,0.114387,-0.067659,-0.340363,0.119312,-0.585832,0.020241,1.954162,0.612644,1.085581,0.950000,0.704218,-0.025625,0.776149,0.145609,-0.612972,0.346542,-0.219824,0.635369,0.249573,-0.579599,0.257594,0.731727,-0.854184,1.209429,0.802561,-0.021720,0.777222,0.147330,-0.611349,0.269785,-0.107643,0.703069,0.297866,-0.546939,0.284350,0.728888,-0.775609,1.101932,0.832574,0.347874,-0.218733,0.555838,-0.959735,10,False,True,0.080339,-0.180783,0.037219,0.086342,-0.339183,0.016033,0.124576,-0.325172,0.063761,0.124576,-0.325172,0.063761,0.000000,0.026052,-0.278785,-0.037012,1.000000,True,0.133072,-0.322058,0.074368,0.133072,-0.322058,0.074368,-1.203441,-1.135030,-1.156288,1.919580,-1.230954,-1.128008,-1.160120,1.891597,0.335194,0.345201,0.361805,-0.352248,0.366207,0.379580,0.413714,-0.398189,18.087053,25.929688,26.477539,-14.300781,True,velocity,0.347874,0.363003,-0.028898,-0.027181,0.015158,False,0.011376,0.017127,0.002223,0.002111,-2.747264,-2.748917,0.001653,2.744070,2.747882,-0.003813,167.000000
4.187767717987299,0.048413,0.309525,-2.750000,0.099059,-0.069394,-0.343639,0.116221,-0.581952,0.020210,1.950420,0.642281,1.072239,0.950000,0.697095,-0.025625,0.776149,0.145609,-0.612972,0.342117,-0.213357,0.640143,0.243664,-0.584828,0.243439,0.734399,-0.859464,1.215366,0.796703,-0.021500,0.777339,0.147163,-0.611248,0.264845,-0.099636,0.708160,0.293481,-0.553383,0.271181,0.730820,-0.780517,1.106454,0.829260,0.346336,-0.223556,0.566640,-0.963275,10,False,True,0.073986,-0.181792,0.031554,0.033904,-0.348354,-0.062301,0.108090,-0.329387,0.040841,0.108090,-0.329387,0.040841,0.000000,-0.043516,-0.276598,-0.106177,1.000000,True,0.124576,-0.325172,0.063761,0.124576,-0.325172,0.063761,-1.226674,-1.167494,-1.184550,1.899940,-1.230954,-1.127792,-1.160791,1.890960,0.337123,0.344772,0.359363,-0.351857,0.369040,0.383085,0.414363,-0.399905,18.518415,26.383511,26.887417,-14.690709,True,velocity,0.346336,0.361369,-0.028734,-0.026625,0.029686,False,0.009703,0.018425,0.001829,0.002277,-2.746471,-2.748917,0.002446,2.744288,2.747882,-0.003594,167.000000
4.2468782830110285,0.048062,0.294821,-2.750000,0.085008,-0.070136,-0.348847,0.115840,-0.580184,0.023283,1.946336,0.650484,1.045123,0.950000,0.709880,-0.025625,0.776149,0.145609,-0.612972,0.337188,-0.206102,0.645392,0.241427,-0.587688,0.232975,0.736246,-0.864236,1.219958,0.792440,-0.021531,0.777209,0.147180,-0.611408,0.260499,-0.093250,0.710591,0.293413,-0.554374,0.261692,0.733550,-0.785774,1.112158,0.824348,0.343917,-0.229391,0.573843,-0.963774,10,False,True,0.071109,-0.180129,0.029694,0.080219,-0.340683,0.027948,0.103023,-0.331441,0.038497,0.103023,-0.331441,0.038497,0.000000,0.028752,-0.276624,-0.014973,1.000000,True,0.108090,-0.329387,0.040841,0.108090,-0.329387,0.040841,-1.268537,-1.230011,-1.239469,1.864529,-1.236728,-1.145970,-1.166575,1.891597,0.339616,0.342962,0.352684,-0.349225,0.360623,0.380861,0.406674,-0.393463,18.944336,26.835798,27.439453,-15.231306,True,velocity,0.343917,0.359009,-0.028604,-0.031578,0.008624,False,0.008213,0.018429,0.001503,0.002279,-2.746456,-2.748917,0.002461,2.743009,2.747882,-0.004873,167.000000
4.3083851329865865,0.071679,0.239145,-2.749968,0.051986,-0.103318,-0.356689,0.098062,-0.586242,-0.019541,1.968594,0.698982,1.140476,0.950000,0.601124,-0.025625,0.776149,0.145609,-0.612972,0.333160,-0.200175,0.649608,0.241680,-0.588821,0.229011,0.736502,-0.870326,1.225582,0.789581,-0.019131,0.778625,0.145405,-0.610110,0.256684,-0.084769,0.732678,0.287892,-0.564673,0.255556,0.730037,-0.791777,1.115672,0.841740,0.342342,-0.231340,0.591610,-0.978757,10,False,True,0.059373,-0.185108,0.013427,-0.039929,-0.347715,-0.449506,0.078872,-0.334190,-0.043949,0.078872,-0.334190,-0.043949,0.000000,-0.126653,-0.249718,-0.449506,0.929199,True,0.103023,-0.331441,0.038497,0.103023,-0.331441,0.038497,-1.283667,-1.247232,-1.255714,1.850288,-1.243144,-1.177133,-1.190996,1.890977,0.340296,0.343761,0.352822,-0.349438,0.365817,0.379697,0.407267,-0.392152,19.387278,27.356863,27.926479,-15.693499,True,velocity,0.342342,0.357381,-0.028592,-0.029703,0.006689,False,0.004689,0.025637,0.000758,0.003223,-2.718229,-2.748917,0.030688,2.745055,2.747882,-0.002828,167.000000
4.371647936990485,0.057892,0.243780,-2.750000,0.046493,-0.086279,-0.358929,0.104487,-0.586583,-0.016117,1.966225,0.690612,1.114142,0.950000,0.643137,-0.025625,0.776149,0.145609,-0.612972,0.324289,-0.186788,0.660989,0.231193,-0.590321,0.226777,0.739353,-0.876701,1.228265,0.805683,-0.020954,0.777901,0.146492,-0.610714,0.249634,-0.076399,0.726941,0.282143,-0.558941,0.257455,0.736001,-0.800884,1.122521,0.839041,0.340714,-0.239734,0.597819,-0.974702,10,False,True,0.060646,-0.183669,0.018947,0.116617,-0.330001,0.121667,0.084229,-0.333600,-0.018977,0.084229,-0.333600,-0.018977,0.000000,0.097787,-0.262370,0.121667,1.000000,True,0.078872,-0.334190,-0.043949,0.078872,-0.334190,-0.043949,-1.321804,-1.363551,-1.356966,1.827594,-1.261308,-1.213696,-1.221821,1.879226,0.349734,0.343110,0.333401,-0.339501,0.374257,0.387298,0.404065,-0.390398,19.829800,27.825613,28.383650,-16.152903,True,velocity,0.340714,0.355825,-0.028837,-0.027683,0.022690,False,0.004228,0.024730,0.000694,0.003101,-2.734395,-2.748917,0.014522,2.744717,2.747882,-0.003165,167.000000
4.425470120011596,0.053553,0.231748,-2.750000,0.037972,-0.083093,-0.364630,0.102457,-0.585535,-0.018286,1.964244,0.680765,1.068438,0.950000,0.700897,-0.025625,0.776149,0.145609,-0.612972,0.321426,-0.182555,0.664098,0.221614,-0.583784,0.223106,0.748537,-0.886396,1.235585,0.805120,-0.020554,0.777817,0.146361,-0.610865,0.245023,-0.070338,0.730160,0.275510,-0.549143,0.254620,0.746796,-0.808742,1.128403,0.839152,0.339158,-0.246794,0.603443,-0.971963,10,False,True,0.060800,-0.181075,0.022319,0.111846,-0.331648,0.121374,0.089250,-0.333245,0.006541,0.089250,-0.333245,0.006541,0.000000,0.085588,-0.256897,0.082169,1.000000,True,0.084229,-0.333600,-0.018977,0.084229,-0.333600,-0.018977,-1.316109,-1.334180,-1.330984,1.828902,-1.279711,-1.256541,-1.258474,1.866823,0.346807,0.344349,0.340139,-0.342378,0.372677,0.389110,0.390913,-0.386774,20.264927,28.196289,28.854492,-16.611189,True,velocity,0.339158,0.354187,-0.028628,-0.028582,0.010099,False,0.003389,0.024301,0.000541,0.003045,-2.739716,-2.748917,0.009201,2.743087,2.747882,-0.004795,167.000000
4.48144866299117,0.047575,0.232128,-2.749740,0.035581,-0.078109,-0.363211,0.102886,-0.586319,-0.017727,1.959029,0.718327,0.990134,0.950000,0.800478,-0.025625,0.776149,0.145609,-0.612972,0.317497,-0.176784,0.668268,0.179664,-0.588858,0.201053,0.761935,-0.896842,1.241368,0.809716,-0.020936,0.777353,0.146832,-0.611330,0.237255,-0.059405,0.727676,0.244532,-0.544616,0.238300,0.766036,-0.815539,1.129183,0.835339,0.337520,-0.253612,0.614855,-0.972713,10,False,True,0.057281,-0.183263,0.021351,0.041620,-0.347517,0.015792,0.080590,-0.335840,0.008223,0.080590,-0.335840,0.008223,0.000000,-0.010689,-0.279796,-0.022508,1.000000,True,0.089250,-0.333245,0.006541,0.089250,-0.333245,0.006541,-1.311637,-1.305396,-1.306611,1.828767,-1.285719,-1.287051,-1.277111,1.860928,0.343813,0.344448,0.345902,-0.345300,0.368728,0.377578,0.395781,-0.381349,20.630442,28.639788,29.239956,-16.982981,True,velocity,0.337520,0.352594,-0.028716,-0.028628,0.019276,False,0.003179,0.025973,0.000509,0.003269,-2.745579,-2.748917,0.003338,2.737662,2.747882,-0.010220,167.000000
4.534935033007059,0.047706,0.191870,-2.747322,0.020326,-0.086496,-0.380607,0.085561,-0.579550,-0.052423,1.954822,0.646183,0.811731,0.950000,1.049384,-0.025625,0.776149,0.145609,-0.612972,0.312242,-0.169097,0.673146,0.149041,-0.552390,0.197382,0.796048,-0.906203,1.242188,0.811556,-0.019047,0.778231,0.145476,-0.610599,0.234879,-0.057052,0.745425,0.212659,-0.497102,0.227730,0.809818,-0.827341,1.137557,0.854467,0.335927,-0.262670,0.617174,-0.966667,10,False,True,0.060873,-0.178969,0.027123,0.186051,-0.296454,0.231924,0.099765,-0.328679,0.048896,0.099765,-0.328679,0.048896,0.000000,0.189441,-0.206184,0.181391,1.000000,True,0.080590,-0.335840,0.008223,0.080590,-0.335840,0.008223,-1.338552,-1.330658,-1.332041,1.801701,-1.286126,-1.287051,-1.282894,1.854400,0.343601,0.344397,0.346263,-0.345551,0.374914,0.383729,0.390645,-0.384327,21.079939,29.040457,29.701870,-17.438198,True,velocity,0.335927,0.351000,-0.028698,-0.028947,0.006841,False,0.001670,0.025421,0.000242,0.003220,-2.743815,-2.748917,0.005103,2.728973,2.747882,-0.018909,167.000000
4.594801280007232,0.073567,0.242342,-2.726353,0.023336,-0.104614,-0.405287,0.138277,-0.545232,0.034609,1.909073,0.484747,0.415252,0.950000,1.466411,-0.025625,0.776149,0.145609,-0.612972,0.306613,-0.160945,0.679501,0.149160,-0.545313,0.203018,0.799480,-0.918060,1.249449,0.827703,-0.023209,0.776289,0.148342,-0.612234,0.229355,-0.059144,0.715689,0.195479,-0.478018,0.202748,0.831974,-0.839917,1.149101,0.819139,0.334333,-0.290354,0.590071,-0.931596,10,False,True,0.095273,-0.160556,0.060563,0.331484,-0.112332,1.168002,0.113675,-0.312724,0.146510,0.113675,-0.312724,0.146510,0.000000,0.274630,0.054573,1.052105,0.479736,True,0.099765,-0.328679,0.048896,0.099765,-0.328679,0.048896,-1.294631,-1.247613,-1.258431,1.837546,-1.292105,-1.287501,-1.289306,1.848545,0.335397,0.340036,0.351519,-0.346918,0.379826,0.386344,0.383240,-0.382218,21.516602,29.485491,30.147322,-17.881277,True,velocity,0.334333,0.349409,-0.028737,-0.028277,0.019269,False,0.002070,0.008776,0.000346,0.001149,-2.696615,-2.748917,0.052303,2.721150,2.747882,-0.026732,167.000000
4.649024887010455,0.082713,0.268024,-2.710629,0.042119,-0.118503,-0.417199,0.153727,-0.564187,0.104328,1.942712,0.443358,0.349390,0.950000,1.548139,-0.025625,0.776149,0.145609,-0.612972,0.306613,-0.160945,0.679501,0.147247,-0.532432,0.224685,0.802715,-0.934166,1.262334,0.806010,-0.023259,0.775946,0.148453,-0.612641,0.220287,-0.054148,0.713196,0.189304,-0.484699,0.224547,0.823899,-0.853521,1.151773,0.798967,0.341929,-0.311453,0.581466,-0.909156,10,False,True,0.113098,-0.155020,0.078119,0.306061,-0.169784,0.818189,0.129363,-0.299879,0.231156,0.129363,-0.299879,0.231156,0.000000,0.274624,-0.054604,0.673198,0.405518,True,0.113675,-0.312724,0.146510,0.113675,-0.312724,0.146510,-1.278296,-1.131333,-1.173941,1.833062,-1.291668,-1.256541,-1.277111,1.848503,0.307825,0.322671,0.356411,-0.342339,0.366341,0.378538,0.374804,-0.374616,21.861607,29.916992,30.505999,-18.260183,True,velocity,0.341929,0.347825,-0.010366,-0.028536,0.010940,False,0.003814,0.010777,0.000678,0.001470,-2.670500,-2.748917,0.078418,2.741445,2.747882,-0.006437,167.000000
4.706038609991083,0.076950,0.245866,-2.743326,0.028861,-0.082822,-0.428685,0.144853,-0.553061,0.108801,1.924479,0.435664,0.416244,0.950000,1.517271,-0.025625,0.776149,0.145609,-0.612972,0.306613,-0.160945,0.679501,0.149361,-0.534048,0.245694,0.795059,-0.948239,1.266857,0.788003,-0.023425,0.775833,0.149126,-0.612614,0.219079,-0.049748,0.713532,0.191938,-0.481538,0.245607,0.819120,-0.860404,1.156229,0.787939,0.332835,-0.316925,0.585348,-0.904815,10,False,True,0.110046,-0.152131,0.074756,0.179764,-0.300308,0.259762,0.151475,-0.286599,0.286215,0.151475,-0.286599,0.286215,0.000000,0.071397,-0.188193,0.130244,0.515869,True,0.129363,-0.299879,0.231156,0.129363,-0.299879,0.231156,-1.250552,-1.015027,-1.096091,1.838632,-1.292105,-1.207854,-1.246264,1.848545,0.285862,0.313750,0.364844,-0.340313,0.347312,0.360722,0.369602,-0.373652,22.193777,30.247488,30.871931,-18.619280,True,velocity,0.332835,0.346216,-0.025343,-0.028375,0.019964,False,0.002597,0.010708,0.000428,0.001466,-2.716143,-2.748917,0.032774,2.732295,2.747882,-0.015587,167.000000
4.7667658340069465,0.075066,0.234741,-2.750000,0.019454,-0.073197,-0.433208,0.144249,-0.542001,0.102872,1.915448,0.424123,0.464443,0.950000,1.494213,-0.025625,0.776149,0.145609,-0.612972,0.306613,-0.160945,0.679501,0.151889,-0.526693,0.260048,0.794921,-0.954966,1.271716,0.786455,-0.023515,0.776242,0.149200,-0.612074,0.217303,-0.047713,0.714302,0.194914,-0.474238,0.261144,0.817870,-0.865160,1.159595,0.788622,0.329549,-0.320255,0.587352,-0.903849,10,False,True,0.105246,-0.147109,0.066182,0.188759,-0.279934,0.132052,0.176031,-0.274712,0.300461,0.176031,-0.274712,0.300461,0.000000,0.048426,-0.106068,0.028994,1.000000,True,0.151475,-0.286599,0.286215,0.151475,-0.286599,0.286215,-1.182761,-0.898724,-1.014225,1.880182,-1.273937,-1.121733,-1.178811,1.854440,0.270308,0.313481,0.372933,-0.337525,0.327351,0.336235,0.371313,-0.381935,22.636858,30.641323,31.385183,-19.165039,True,velocity,0.329549,0.344659,-0.028854,-0.027312,0.015702,False,0.001732,0.009875,0.000277,0.001347,-2.726425,-2.748917,0.022492,2.733024,2.747882,-0.014858,167.000000
4.822433933994034,0.074342,0.221283,-2.750000,0.011245,-0.074352,-0.437474,0.140607,-0.532299,0.096976,1.906839,0.412545,0.496362,0.950000,1.459545,-0.025625,0.776149,0.145609,-0.612972,0.305214,-0.159171,0.680272,0.162862,-0.527700,0.267241,0.789677,-0.959215,1.275373,0.787263,-0.022963,0.776456,0.148839,-0.611911,0.215622,-0.045960,0.717765,0.206337,-0.470978,0.266802,0.815121,-0.868959,1.163882,0.789453,0.327314,-0.323080,0.589846,-0.903714,10,False,True,0.098875,-0.142602,0.056301,0.155182,-0.278316,0.079630,0.172240,-0.275367,0.260310,0.172240,-0.275367,0.260310,0.000000,0.026519,-0.109877,0.004031,1.000000,True,0.176031,-0.274712,0.300461,0.176031,-0.274712,0.300461,-1.087178,-0.808611,-0.940846,1.952257,-1.243144,-1.023721,-1.123517,1.854400,0.265461,0.321323,0.379101,-0.334038,0.316431,0.336526,0.376553,-0.383576,22.936384,31.043108,31.765903,-19.521484,True,velocity,0.327314,0.343244,-0.030526,-0.026660,0.025599,False,0.000979,0.009076,0.000152,0.001236,-2.727078,-2.748917,0.021839,2.732962,2.747882,-0.014921,167.000000
4.874959734996082,0.076439,0.208649,-2.750000,0.005553,-0.078927,-0.441554,0.135510,-0.523601,0.099891,1.897260,0.402993,0.518112,0.950000,1.413031,-0.025625,0.776149,0.145609,-0.612972,0.302921,-0.156274,0.681639,0.180998,-0.539577,0.271370,0.776179,-0.961930,1.280195,0.787279,-0.022313,0.776735,0.148371,-0.611695,0.213555,-0.043445,0.722901,0.225181,-0.473635,0.267362,0.808382,-0.871258,1.170160,0.786645,0.326577,-0.326175,0.593161,-0.903825,10,False,True,0.092568,-0.138723,0.047513,0.135595,-0.298502,0.050927,0.165577,-0.279573,0.222241,0.165577,-0.279573,0.222241,0.000000,0.017849,-0.134897,-0.003331,1.000000,True,0.172240,-0.275367,0.260310,0.172240,-0.275367,0.260310,-1.086832,-0.844000,-0.956988,1.965489,-1.187971,-0.956215,-1.074676,1.885084,0.273663,0.323759,0.373265,-0.331770,0.310109,0.344924,0.394252,-0.378714,23.310547,31.398996,32.244141,-19.974470,True,velocity,0.326577,0.341800,-0.029100,-0.026911,0.028820,False,0.000472,0.008991,0.000071,0.001232,-2.724139,-2.748917,0.024778,2.732762,2.747882,-0.015120,167.000000
4.930538965010783,0.078351,0.198092,-2.750000,0.003471,-0.084471,-0.444207,0.127794,-0.515431,0.103258,1.888796,0.394021,0.541303,0.950000,1.376883,-0.025625,0.776149,0.145609,-0.612972,0.300251,-0.152903,0.683327,0.195081,-0.543907,0.276059,0.768050,-0.963052,1.287139,0.782127,-0.021860,0.776940,0.148024,-0.611535,0.211342,-0.040082,0.727001,0.239304,-0.474782,0.271384,0.802288,-0.872285,1.178074,0.783313,0.325133,-0.328618,0.597827,-0.904610,10,False,True,0.085329,-0.135257,0.039319,0.083277,-0.315340,0.013394,0.150613,-0.286076,0.184268,0.150613,-0.286076,0.184268,0.000000,-0.022756,-0.156345,-0.023557,1.000000,True,0.165577,-0.279573,0.222241,0.165577,-0.279573,0.222241,-1.102020,-0.892492,-0.985447,1.965487,-1.162952,-0.918980,-1.044471,1.909879,0.282222,0.323911,0.367303,-0.331709,0.310970,0.373616,0.401065,-0.375381,23.606585,31.857004,32.646904,-20.334124,True,velocity,0.325133,0.340181,-0.028713,-0.027637,0.020995,False,0.000288,0.008984,0.000042,0.001238,-2.720846,-2.748917,0.028072,2.733229,2.747882,-0.014653,167.000000
4.996888291003415,0.078842,0.187855,-2.750000,0.003306,-0.089602,-0.445828,0.117850,-0.507710,0.103857,1.881187,0.384742,0.558966,0.950000,1.345545,-0.025625,0.776149,0.145609,-0.612972,0.297282,-0.149135,0.685288,0.208264,-0.546382,0.278629,0.761879,-0.963862,1.295089,0.777839,-0.021451,0.777142,0.147726,-0.611365,0.208854,-0.036275,0.731193,0.252450,-0.475233,0.273526,0.797249,-0.873129,1.186774,0.781171,0.323514,-0.330717,0.603449,-0.905900,10,False,True,0.077902,-0.131986,0.031887,0.045814,-0.327533,-0.015399,0.131559,-0.293614,0.147965,0.131559,-0.293614,0.147965,0.000000,-0.048986,-0.173233,-0.038694,1.000000,True,0.150613,-0.286076,0.184268,0.150613,-0.286076,0.184268,-1.145700,-0.966500,-1.038156,1.939597,-1.150953,-0.919217,-1.038045,1.921658,0.289243,0.319854,0.358282,-0.330845,0.286363,0.367632,0.384900,-0.352759,23.989397,32.253765,33.150810,-20.805803,True,velocity,0.323514,0.337737,-0.026877,-0.031364,0.006433,False,0.000268,0.008778,0.000038,0.001215,-2.719890,-2.748917,0.029028,2.733646,2.747882,-0.014236,167.000000
5.049400165997213,0.077242,0.175970,-2.750000,0.003408,-0.093928,-0.446646,0.105647,-0.501699,0.105258,1.873514,0.375682,0.543302,0.950000,1.313000,-0.025625,0.776149,0.145609,-0.612972,0.294168,-0.145161,0.687405,0.228663,-0.556689,0.267167,0.752617,-0.963210,1.304550,0.772715,-0.020935,0.777366,0.147336,-0.611192,0.206322,-0.032118,0.735564,0.273630,-0.480645,0.260616,0.791319,-0.872496,1.196942,0.776533,0.321070,-0.332139,0.610184,-0.908070,10,False,True,0.070044,-0.128818,0.024786,-0.002432,-0.337151,-0.053273,0.107197,-0.301530,0.111377,0.107197,-0.301530,0.111377,0.000000,-0.086079,-0.187719,-0.065086,1.000000,True,0.131559,-0.293614,0.147965,0.131559,-0.293614,0.147965,-1.202206,-1.053591,-1.104987,1.899724,-1.150763,-0.950373,-1.044391,1.921645,0.294932,0.315037,0.348260,-0.329320,0.285447,0.335861,0.377999,-0.348896,24.284597,32.661274,33.545341,-21.165039,True,velocity,0.321070,0.336991,-0.030566,-0.025515,0.026986,False,0.000268,0.008647,0.000037,0.001208,-2.721029,-2.748917,0.027888,2.732440,2.747882,-0.015443,167.000000
5.101984058012022,0.074087,0.165597,-2.750000,0.003596,-0.096130,-0.446462,0.094145,-0.497858,0.108937,1.866301,0.368169,0.499574,0.950000,1.290468,-0.025625,0.776149,0.145609,-0.612972,0.290332,-0.140224,0.690204,0.248853,-0.574257,0.246712,0.739888,-0.961878,1.315053,0.768774,-0.020649,0.777565,0.147145,-0.610995,0.203073,-0.027093,0.740779,0.296531,-0.489011,0.237588,0.785168,-0.871214,1.208130,0.771664,0.320324,-0.333824,0.617869,-0.910653,10,False,True,0.062779,-0.126178,0.018490,-0.022674,-0.349265,-0.077487,0.083584,-0.310209,0.077038,0.083584,-0.310209,0.077038,0.000000,-0.097501,-0.214956,-0.077487,1.000000,True,0.107197,-0.301530,0.111377,0.107197,-0.301530,0.111377,-1.273304,-1.157859,-1.190121,1.843848,-1.169752,-0.993213,-1.062427,1.921632,0.299499,0.310054,0.336711,-0.326309,0.306290,0.351573,0.395104,-0.367248,24.608398,33.031391,33.940010,-21.548130,True,velocity,0.320324,0.334616,-0.026974,-0.032190,0.001057,False,0.000274,0.008728,0.000036,0.001237,-2.723922,-2.748917,0.024995,2.730315,2.747882,-0.017568,167.000000
5.160551070002839,0.070002,0.159262,-2.750000,0.004461,-0.096286,-0.446026,0.085717,-0.493479,0.119656,1.859166,0.365870,0.473606,0.950000,1.296819,-0.025625,0.776149,0.145609,-0.612972,0.286490,-0.135243,0.693060,0.253498,-0.583554,0.242334,0.732446,-0.961380,1.325901,0.763590,-0.020535,0.777518,0.147093,-0.611071,0.199116,-0.021382,0.742209,0.302039,-0.494327,0.230656,0.781800,-0.870298,1.218282,0.763004,0.317949,-0.336568,0.625398,-0.912292,10,False,True,0.057368,-0.123659,0.014283,-0.001790,-0.349995,-0.049185,0.068062,-0.317443,0.054088,0.068062,-0.317443,0.054088,0.000000,-0.069813,-0.230027,-0.049185,1.000000,True,0.083584,-0.310209,0.077038,0.083584,-0.310209,0.077038,-1.340594,-1.259786,-1.277083,1.787841,-1.218124,-1.066338,-1.117701,1.885067,0.306607,0.310035,0.329714,-0.325780,0.326312,0.361115,0.401765,-0.376469,24.999302,33.440010,34.398994,-21.976702,True,velocity,0.317949,0.333778,-0.030378,-0.025588,0.027130,False,0.000333,0.009459,0.000044,0.001363,-2.728445,-2.748917,0.020472,2.729524,2.747882,-0.018358,167.000000
5.215724840003531,0.064889,0.159053,-2.749529,0.006143,-0.094139,-0.443849,0.081829,-0.489806,0.130521,1.852696,0.370268,0.442246,0.950000,1.323296,-0.025625,0.776149,0.145609,-0.612972,0.282305,-0.129790,0.696172,0.248964,-0.587848,0.238282,0.731897,-0.961232,1.335899,0.758904,-0.020706,0.777233,0.147234,-0.611394,0.194654,-0.015017,0.741847,0.297709,-0.499170,0.225332,0.781936,-0.869998,1.226818,0.756000,0.317111,-0.339484,0.633147,-0.914018,10,False,True,0.052558,-0.121120,0.010754,-0.006926,-0.349931,-0.051767,0.054428,-0.323350,0.034842,0.054428,-0.323350,0.034842,0.000000,-0.070116,-0.238296,-0.051767,1.000000,True,0.068062,-0.317443,0.054088,0.068062,-0.317443,0.054088,-1.383620,-1.327174,-1.336769,1.750486,-1.267724,-1.140342,-1.184543,1.854379,0.313971,0.314701,0.328690,-0.327365,0.323462,0.354363,0.384206,-0.360806,25.372210,33.782227,34.847237,-22.398438,True,velocity,0.317111,0.331469,-0.027141,-0.031486,0.000829,False,0.000458,0.010368,0.000060,0.001517,-2.733366,-2.748917,0.015551,2.728662,2.747882,-0.019220,167.000000
5.271522421011468,0.063537,0.155205,-2.749959,0.005171,-0.094137,-0.444578,0.077967,-0.481395,0.138700,1.844756,0.366776,0.450600,0.950000,1.337688,-0.025625,0.776149,0.145609,-0.612972,0.278721,-0.125097,0.698627,0.245146,-0.582567,0.248843,0.733891,-0.962067,1.343996,0.753253,-0.020910,0.777122,0.147349,-0.611501,0.190998,-0.010061,0.741483,0.292229,-0.498170,0.235912,0.781520,-0.870998,1.234145,0.750274,0.314802,-0.342853,0.638737,-0.914593,10,False,True,0.049933,-0.116892,0.009018,0.040298,-0.323838,-0.017254,0.051858,-0.323438,0.025370,0.051858,-0.323438,0.025370,0.000000,-0.020476,-0.194741,-0.017254,1.000000,True,0.054428,-0.323350,0.034842,0.054428,-0.323350,0.034842,-1.419939,-1.383866,-1.388628,1.717780,-1.316920,-1.213254,-1.240440,1.823715,0.320817,0.319696,0.329479,-0.329332,0.319221,0.344670,0.377678,-0.349180,25.690430,34.188618,35.220562,-22.733259,True,velocity,0.314802,0.330691,-0.030522,-0.025110,0.026725,False,0.000380,0.010876,0.000049,0.001609,-2.734697,-2.748917,0.014220,2.730681,2.747882,-0.017201,167.000000
5.335694682988105,0.061218,0.152989,-2.749644,0.005256,-0.093779,-0.444046,0.074587,-0.474326,0.145199,1.836445,0.370294,0.445128,0.950000,1.349875,-0.025625,0.776149,0.145609,-0.612972,0.275272,-0.120573,0.700937,0.240378,-0.584253,0.251257,0.733306,-0.963758,1.350954,0.750315,-0.021040,0.777040,0.147455,-0.611575,0.187273,-0.004888,0.741970,0.287632,-0.500106,0.237733,0.781438,-0.872476,1.240175,0.745959,0.314024,-0.345828,0.644787,-0.915625,10,False,True,0.046836,-0.112770,0.007140,0.019343,-0.320905,-0.030956,0.045947,-0.322978,0.015129,0.045947,-0.322978,0.015129,0.000000,-0.038381,-0.198562,-0.030956,1.000000,True,0.051858,-0.323438,0.025370,0.051858,-0.323438,0.025370,-1.423445,-1.397207,-1.400447,1.715382,-1.359480,-1.281209,-1.301518,1.787155,0.323177,0.323033,0.329505,-0.328995,0.339452,0.348152,0.382161,-0.354507,26.172852,34.607422,35.744419,-23.231028,True,velocity,0.314024,0.328303,-0.027062,-0.029902,0.009779,False,0.000383,0.011445,0.000049,0.001708,-2.736544,-2.748917,0.012373,2.730592,2.747882,-0.017291,167.000000
5.393481846986106,0.055313,0.153573,-2.747657,0.007562,-0.091878,-0.441515,0.070571,-0.471695,0.156868,1.828932,0.392266,0.402163,0.950000,1.388958,-0.025625,0.776149,0.145609,-0.612972,0.272148,-0.116467,0.702900,0.223491,-0.595581,0.243149,0.732266,-0.965844,1.356757,0.746412,-0.021387,0.776832,0.147750,-0.611755,0.183033,0.000923,0.739743,0.272852,-0.508615,0.227552,0.784272,-0.873528,1.243557,0.736179,0.311636,-0.348423,0.651980,-0.917330,10,False,True,0.042975,-0.109327,0.004931,-0.014978,-0.335774,-0.051153,0.034869,-0.325304,0.003078,0.034869,-0.325304,0.003078,0.000000,-0.068327,-0.219005,-0.051153,1.000000,True,0.045947,-0.322978,0.015129,0.045947,-0.322978,0.015129,-1.436538,-1.420841,-1.422527,1.703541,-1.389841,-1.324053,-1.338162,1.768874,0.323687,0.323249,0.327267,-0.327015,0.342765,0.349454,0.372037,-0.352315,26.569754,35.011021,36.175922,-23.643694,True,velocity,0.311636,0.326703,-0.028679,-0.029091,0.018976,False,0.000551,0.012941,0.000071,0.001958,-2.740950,-2.748917,0.007967,2.727991,2.747882,-0.019891,167.000000
5.451216733985348,0.049978,0.156059,-2.745016,0.009408,-0.089897,-0.439540,0.069118,-0.468975,0.169502,1.821240,0.418001,0.343606,0.950000,1.442016,-0.025625,0.776149,0.145609,-0.612972,0.268579,-0.111766,0.704979,0.202354,-0.603343,0.230334,0.736190,-0.967866,1.359621,0.739875,-0.021871,0.776574,0.148120,-0.611977,0.178688,0.006401,0.737100,0.252853,-0.518609,0.213738,0.788306,-0.875670,1.244242,0.726563,0.310036,-0.351711,0.658105,-0.918098,10,False,True,0.040723,-0.105355,0.004060,0.019051,-0.316427,-0.023056,0.031993,-0.323690,-0.001674,0.031993,-0.323690,-0.001674,0.000000,-0.032392,-0.206010,-0.023056,1.000000,True,0.034869,-0.325304,0.003078,0.034869,-0.325304,0.003078,-1.465484,-1.462300,-1.462549,1.675867,-1.402244,-1.360598,-1.369003,1.750594,0.326089,0.324954,0.326167,-0.326574,0.341829,0.347392,0.370069,-0.357451,26.916155,35.428989,36.547153,-24.071848,True,velocity,0.310036,0.325103,-0.028709,-0.028493,0.014661,False,0.000689,0.014684,0.000090,0.002260,-2.743882,-2.748917,0.005035,2.725340,2.747882,-0.022543,167.000000
5.509165674011456,0.050105,0.156711,-2.744104,0.007718,-0.089788,-0.441546,0.071181,-0.459335,0.181849,1.809851,0.429297,0.312611,0.950000,1.474275,-0.025625,0.776149,0.145609,-0.612972,0.265238,-0.107374,0.706733,0.190407,-0.605535,0.225536,0.739058,-0.971537,1.359247,0.732506,-0.022280,0.776355,0.148374,-0.612178,0.175399,0.010463,0.734687,0.239987,-0.524961,0.209472,0.789268,-0.879599,1.243641,0.717985,0.308436,-0.356181,0.661013,-0.916353,10,False,True,0.041468,-0.099581,0.005861,0.107948,-0.252070,0.052361,0.045803,-0.310669,0.008150,0.045803,-0.310669,0.008150,0.000000,0.054178,-0.150548,0.052361,1.000000,True,0.031993,-0.323690,-0.001674,0.031993,-0.323690,-0.001674,-1.471469,-1.473210,-1.473087,1.670248,-1.426622,-1.397408,-1.405637,1.725752,0.325173,0.324342,0.323706,-0.325091,0.356046,0.357411,0.378923,-0.364982,27.338589,35.852261,36.995117,-24.427176,True,velocity,0.308436,0.323506,-0.028729,-0.028204,0.024651,False,0.000566,0.015992,0.000074,0.002510,-2.742898,-2.748917,0.006019,2.725587,2.747882,-0.022295,167.000000
5.56343504099641,0.050253,0.156916,-2.743164,0.006910,-0.089891,-0.444309,0.072439,-0.448574,0.194238,1.796770,0.443520,0.270823,0.950000,1.504855,-0.025625,0.776149,0.145609,-0.612972,0.262736,-0.104092,0.707931,0.177760,-0.612084,0.215578,0.739784,-0.977395,1.357144,0.725771,-0.022564,0.776196,0.148607,-0.612313,0.172027,0.013999,0.732753,0.227573,-0.533659,0.199142,0.789785,-0.885019,1.240571,0.708803,0.306839,-0.361287,0.663011,-0.913640,10,False,True,0.042778,-0.093914,0.008302,0.141960,-0.233660,0.081377,0.063286,-0.296667,0.021464,0.063286,-0.296667,0.021464,0.000000,0.085832,-0.140327,0.081377,1.000000,True,0.045803,-0.310669,0.008150,0.045803,-0.310669,0.008150,-1.428333,-1.419576,-1.420530,1.712359,-1.438811,-1.409742,-1.412065,1.719909,0.312821,0.313230,0.315208,-0.314807,0.347410,0.348293,0.367875,-0.352570,27.729771,36.177876,37.411133,-24.831055,True,velocity,0.306839,0.321925,-0.028746,-0.028512,0.013938,False,0.000506,0.017412,0.000066,0.002793,-2.742104,-2.748917,0.006813,2.725010,2.747882,-0.022872,167.000000
5.631338117993437,0.052762,0.155842,-2.743043,0.005182,-0.091008,-0.448957,0.074454,-0.433965,0.204322,1.781951,0.446445,0.244590,0.950000,1.524957,-0.025625,0.776149,0.145609,-0.612972,0.260287,-0.100904,0.709008,0.171249,-0.613865,0.210086,0.741423,-0.983485,1.353583,0.718142,-0.022719,0.776123,0.148695,-0.612378,0.169307,0.016405,0.732266,0.220225,-0.539123,0.194228,0.789381,-0.891326,1.237271,0.702264,0.306156,-0.366761,0.663120,-0.909704,10,False,True,0.044902,-0.087452,0.011523,0.187765,-0.186327,0.118106,0.085919,-0.276605,0.039036,0.085919,-0.276605,0.039036,0.000000,0.128807,-0.101929,0.118106,1.000000,True,0.063286,-0.296667,0.021464,0.063286,-0.296667,0.021464,-1.370689,-1.346969,-1.350775,1.767479,-1.426622,-1.409555,-1.405637,1.719875,0.299552,0.300966,0.306217,-0.304834,0.329756,0.326213,0.350773,-0.339293,28.118723,36.624859,37.892857,-25.226145,True,velocity,0.306156,0.319522,-0.025161,-0.031404,0.001022,False,0.000378,0.018260,0.000049,0.002992,-2.739641,-2.748917,0.009277,2.725813,2.747882,-0.022069,167.000000
5.6971231139905285,0.057787,0.151198,-2.743958,0.003102,-0.094172,-0.456461,0.074638,-0.414815,0.205076,1.765230,0.435741,0.228801,0.950000,1.530309,-0.025625,0.776149,0.145609,-0.612972,0.258559,-0.098675,0.709704,0.173970,-0.610677,0.203240,0.745320,-0.992067,1.348292,0.710584,-0.022635,0.776182,0.148578,-0.612335,0.167531,0.017301,0.732054,0.221334,-0.540309,0.189203,0.789481,-0.900261,1.233132,0.698938,0.303752,-0.372622,0.660953,-0.904070,10,False,True,0.047911,-0.080113,0.015855,0.241611,-0.129519,0.169006,0.107785,-0.254748,0.059315,0.107785,-0.254748,0.059315,0.000000,0.179249,-0.054811,0.169006,0.858154,True,0.085919,-0.276605,0.039036,0.085919,-0.276605,0.039036,-1.286999,-1.242613,-1.253020,1.845434,-1.396259,-1.367089,-1.369003,1.744065,0.281071,0.284240,0.293538,-0.290451,0.312468,0.315795,0.339239,-0.325284,28.536692,36.984653,38.288921,-25.673269,True,velocity,0.303752,0.317931,-0.026932,-0.028528,0.004263,False,0.000223,0.017896,0.000029,0.002973,-2.735045,-2.748917,0.013872,2.726503,2.747882,-0.021379,167.000000
5.757013063994236,0.063815,0.144655,-2.745943,0.003062,-0.098532,-0.465814,0.071373,-0.392862,0.202474,1.745785,0.413508,0.215933,0.950000,1.518204,-0.025625,0.776149,0.145609,-0.612972,0.257425,-0.097231,0.710159,0.186425,-0.611978,0.195471,0.743317,-1.003082,1.342202,0.707489,-0.022404,0.776273,0.148545,-0.612235,0.165923,0.017114,0.733348,0.233062,-0.540787,0.180769,0.787753,-0.911028,1.228701,0.696963,0.301264,-0.379387,0.657001,-0.896569,10,False,True,0.051951,-0.072679,0.021379,0.300011,-0.094448,0.260252,0.127341,-0.236930,0.086931,0.127341,-0.236930,0.086931,0.000000,0.233236,-0.029087,0.225038,0.703125,True,0.107785,-0.254748,0.059315,0.107785,-0.254748,0.059315,-1.194797,-1.126312,-1.148063,1.927712,-1.334883,-1.317954,-1.319513,1.787127,0.263463,0.269099,0.283093,-0.276878,0.291439,0.293544,0.322322,-0.312859,28.871233,37.315708,38.655273,-26.037109,True,velocity,0.301264,0.316484,-0.029091,-0.026964,0.014308,False,0.000214,0.016862,0.000027,0.002840,-2.731889,-2.748917,0.017028,2.726814,2.747882,-0.021068,167.000000
5.810600895987591,0.069337,0.140605,-2.747421,0.003372,-0.101852,-0.474846,0.070450,-0.371342,0.200572,1.727422,0.392419,0.202974,0.950000,1.509342,-0.025625,0.776149,0.145609,-0.612972,0.256578,-0.096172,0.710515,0.197103,-0.612715,0.188279,0.741809,-1.015395,1.336239,0.705618,-0.022218,0.776342,0.148514,-0.612162,0.164159,0.017422,0.734335,0.242763,-0.541048,0.173369,0.786306,-0.922246,1.223783,0.695924,0.299817,-0.386439,0.653070,-0.888544,10,False,True,0.055505,-0.066103,0.026507,0.309760,-0.093044,0.283762,0.147617,-0.221779,0.114209,0.147617,-0.221779,0.114209,0.000000,0.239615,-0.035531,0.240753,0.601807,True,0.127341,-0.236930,0.086931,0.127341,-0.236930,0.086931,-1.109192,-1.009995,-1.049686,1.997514,-1.279273,-1.231873,-1.246244,1.841995,0.249085,0.259532,0.279235,-0.268170,0.000062,0.283737,0.317521,-0.307240,0.896066,37.647602,38.964287,-26.331892,True,velocity,0.299817,0.314959,-0.028916,-0.027337,0.006476,False,0.000232,0.015933,0.000029,0.002718,-2.729374,-2.748917,0.019543,2.727467,2.747882,-0.020415,167.000000
5.869866424007341,0.075532,0.136637,-2.749732,0.004030,-0.104996,-0.484527,0.069546,-0.347918,0.197879,1.708997,0.361058,0.214977,0.950000,1.489501,-0.025625,0.776149,0.145609,-0.612972,0.255641,-0.095021,0.710909,0.213261,-0.608276,0.190164,0.740512,-1.027070,1.330812,0.703530,-0.022038,0.776410,0.148441,-0.612100,0.162991,0.017459,0.735288,0.256601,-0.537305,0.176065,0.783875,-0.932950,1.220378,0.696176,0.298292,-0.393231,0.648475,-0.879877,10,False,True,0.058544,-0.059433,0.031366,0.317970,-0.065500,0.309505,0.167907,-0.206156,0.141152,0.167907,-0.206156,0.141152,0.000000,0.245492,-0.015919,0.259987,0.535889,True,0.147617,-0.221779,0.114209,0.147617,-0.221779,0.114209,-1.017983,-0.893705,-0.954416,2.068835,-1.193940,-1.127792,-1.154307,1.903380,0.240385,0.258119,0.282108,-0.264706,0.278088,0.278800,0.310430,-0.302747,29.461914,37.970425,39.321709,-26.686663,True,velocity,0.298292,0.313391,-0.028843,-0.027096,0.014151,False,0.000273,0.014589,0.000033,0.002513,-2.727295,-2.748917,0.021622,2.729827,2.747882,-0.018055,167.000000
5.937531725008739,0.079642,0.129540,-2.750000,0.003029,-0.108577,-0.493506,0.066963,-0.327193,0.200579,1.691201,0.328723,0.219743,0.950000,1.456831,-0.025625,0.776149,0.145609,-0.612972,0.255041,-0.094292,0.711165,0.234987,-0.614198,0.190044,0.728990,-1.036679,1.328413,0.702978,-0.021802,0.776705,0.148377,-0.611750,0.161476,0.017597,0.737590,0.277994,-0.537386,0.173476,0.777072,-0.940969,1.219378,0.692912,0.296724,-0.399573,0.644865,-0.872513,10,False,True,0.059918,-0.053877,0.034026,0.288681,-0.075398,0.272018,0.187997,-0.188096,0.164322,0.187997,-0.188096,0.164322,0.000000,0.216568,-0.032019,0.220935,0.540283,True,0.167907,-0.206156,0.141152,0.167907,-0.206156,0.141152,-0.919670,-0.777418,-0.861197,2.142980,-1.090001,-0.998826,-1.050216,1.983021,0.234009,0.250549,0.289296,-0.262387,0.255029,0.265755,0.299060,-0.295961,29.810686,38.277344,39.735352,-27.094028,True,velocity,0.296724,0.311013,-0.027060,-0.030346,0.005213,False,0.000199,0.013506,0.000024,0.002364,-2.723651,-2.748917,0.025266,2.731301,2.747882,-0.016581,167.000000
6.00819165899884,0.080373,0.118504,-2.750000,0.002822,-0.112433,-0.501465,0.058777,-0.312740,0.218665,1.674117,0.292957,0.157858,0.950000,1.400266,-0.025625,0.776149,0.145609,-0.612972,0.254157,-0.093235,0.711550,0.273952,-0.647686,0.160563,0.692584,-1.041117,1.330676,0.698081,-0.021284,0.776970,0.148238,-0.611465,0.159376,0.018456,0.741534,0.321913,-0.552631,0.136929,0.756454,-0.943124,1.222927,0.677654,0.294346,-0.405421,0.643271,-0.866527,10,False,True,0.058964,-0.050282,0.034534,0.235336,-0.111686,0.227691,0.205446,-0.167313,0.179329,0.205446,-0.167313,0.179329,0.000000,0.167224,-0.071434,0.179566,0.542725,True,0.187997,-0.188096,0.164322,0.187997,-0.188096,0.164322,-0.809488,-0.661098,-0.767230,2.226159,-0.985420,-0.894721,-0.946096,2.056135,0.228437,0.266136,0.294177,-0.258849,0.256144,0.273159,0.307804,-0.299285,30.169504,38.679268,40.176479,-27.503767,True,velocity,0.294346,0.309416,-0.028777,-0.027245,0.009603,False,0.000174,0.012894,0.000020,0.002361,-2.723389,-2.748917,0.025528,2.729842,2.747882,-0.018040,167.000000
6.06675217099837,0.035103,0.152574,-2.675546,0.041163,-0.143239,-0.498938,0.051139,-0.346688,0.281558,1.723249,0.244432,-0.260517,0.949959,1.569999,-0.025625,0.776149,0.145609,-0.612972,0.252142,-0.090861,0.712508,0.272444,-0.683735,0.052330,0.674938,-1.037176,1.339517,0.684905,-0.023308,0.775657,0.149685,-0.612705,0.152919,0.023506,0.735676,0.329094,-0.605415,0.020278,0.724402,-0.936005,1.226347,0.646732,0.299416,-0.416069,0.641793,-0.848271,10,False,True,0.061080,-0.050521,0.046813,0.299699,-0.180778,0.616644,0.229089,-0.156956,0.249311,0.229089,-0.156956,0.249311,0.000000,0.240483,-0.143416,0.547692,0.778809,True,0.205446,-0.167313,0.179329,0.205446,-0.167313,0.179329,-0.693202,-0.552136,-0.676123,2.316898,-0.893672,-0.784604,-0.860615,2.142295,0.222052,0.269655,0.296296,-0.253263,0.250413,0.286504,0.317667,-0.297249,30.444057,39.007534,40.549664,-27.854910,True,velocity,0.299416,0.307878,-0.015585,-0.026788,0.020990,False,0.002645,0.012886,0.000358,0.002657,-2.685561,-2.748917,0.063357,2.730321,2.747882,-0.017561,167.000000
6.130912655993598,0.011146,0.147992,-2.690942,0.041290,-0.109022,-0.489787,0.043851,-0.358890,0.238334,1.739527,0.256501,-0.404353,0.950000,1.570000,-0.025625,0.776149,0.145609,-0.612972,0.249141,-0.087401,0.713464,0.308964,-0.645514,-0.038680,0.697393,-1.023869,1.347915,0.654128,-0.022461,0.776098,0.148895,-0.612371,0.155446,0.024168,0.733302,0.349079,-0.602926,-0.053275,0.715392,-0.930490,1.236755,0.660183,0.294148,-0.407176,0.648911,-0.857206,10,False,True,0.041675,-0.045629,0.029567,-0.243206,-0.035440,-0.239875,0.182455,-0.138922,0.176630,0.182455,-0.138922,0.176630,0.000000,-0.279989,0.002523,-0.268040,1.000000,True,0.229089,-0.156956,0.249311,0.229089,-0.156956,0.249311,-0.595179,-0.435806,-0.604435,2.354082,-0.801923,-0.667756,-0.780275,2.209542,0.220676,0.290096,0.323712,-0.261377,0.233801,0.281174,0.326691,-0.297446,30.721401,39.398716,40.956196,-28.269949,True,velocity,0.294148,0.305497,-0.021159,-0.030788,0.005862,False,0.002654,0.012077,0.000349,0.002380,-2.735158,-2.748917,0.013760,2.738870,2.747882,-0.009013,167.000000
6.194017034984427,-0.008038,0.150519,-2.684494,0.036566,-0.099266,-0.467670,0.042583,-0.389624,0.214517,1.755784,0.381436,-0.685347,0.950000,1.570000,-0.025625,0.776149,0.145609,-0.612972,0.249141,-0.087401,0.713464,0.275263,-0.660996,-0.182025,0.673931,-1.016066,1.359942,0.672911,-0.022469,0.776099,0.148952,-0.612355,0.153238,0.030981,0.734424,0.341319,-0.607399,-0.207112,0.686784,-0.920785,1.242376,0.665474,0.297807,-0.395930,0.667571,-0.878078,10,False,True,0.014801,-0.048443,0.002808,-0.268017,-0.137538,-0.626158,0.151131,-0.127370,0.079168,0.151131,-0.127370,0.079168,0.000000,-0.264110,-0.092985,-0.626158,0.667725,True,0.182455,-0.138922,0.176630,0.182455,-0.138922,0.176630,-0.655830,-0.504359,-0.647099,2.330220,-0.715948,-0.582444,-0.719217,2.258524,0.191911,0.241842,0.265631,-0.220821,0.239498,0.301426,0.345172,-0.306444,31.044224,39.759624,41.404156,-28.625559,True,velocity,0.297807,0.304084,-0.011174,-0.027587,0.000716,False,0.002371,0.016499,0.000320,0.003236,-2.746336,-2.748917,0.002582,2.725939,2.747882,-0.021943,167.000000
6.262854016007623,-0.016219,0.175843,-2.678600,0.035114,-0.091408,-0.436748,0.060964,-0.394961,0.221834,1.753973,0.523489,-0.544210,0.950000,1.570000,-0.025625,0.776149,0.145609,-0.612972,0.246185,-0.083753,0.714304,0.196729,-0.651270,-0.139646,0.719475,-1.006840,1.365073,0.678087,-0.022688,0.776057,0.149035,-0.612380,0.149021,0.042403,0.740117,0.273049,-0.603027,-0.162547,0.731697,-0.910936,1.239702,0.682229,0.318369,-0.384311,0.689867,-0.900754,10,False,True,-0.013532,-0.053963,-0.022507,-0.303666,-0.163550,-0.753303,0.133072,-0.123056,0.008228,0.133072,-0.123056,0.008228,0.000000,-0.258132,-0.108479,-0.680286,0.371338,True,0.151131,-0.127370,0.079168,0.151131,-0.127370,0.079168,-0.707229,-0.620682,-0.694415,2.358396,-0.703613,-0.557774,-0.694794,2.283285,0.181108,0.201927,0.214190,-0.193724,0.212663,0.268205,0.296136,-0.270567,31.272043,40.089146,41.779018,-28.900808,True,velocity,0.318369,0.302791,0.032352,-0.023932,0.026035,False,0.002509,0.022636,0.000367,0.004415,-2.745441,-2.748917,0.003477,2.728308,2.747882,-0.019574,167.000000
6.31821196898818,-0.020132,0.164056,-2.675703,0.025419,-0.091989,-0.438732,0.058434,-0.402497,0.277678,1.729748,0.577075,-0.651480,0.950000,1.570000,-0.025625,0.776149,0.145609,-0.612972,0.240361,-0.076191,0.714917,0.155089,-0.705187,-0.169372,0.670799,-0.997968,1.361515,0.675991,-0.022612,0.776113,0.149005,-0.612319,0.143757,0.047736,0.739000,0.256340,-0.624952,-0.214394,0.705521,-0.901463,1.238169,0.642616,0.312825,-0.389073,0.696664,-0.903441,10,False,True,-0.018658,-0.058128,-0.025469,-0.072214,-0.311316,-0.152983,0.120606,-0.129456,-0.027528,0.120606,-0.129456,-0.027528,0.000000,-0.020311,-0.248145,-0.080631,0.280273,True,0.133072,-0.123056,0.008228,0.133072,-0.123056,0.008228,-0.747479,-0.737007,-0.745166,2.385942,-0.703116,-0.588287,-0.694794,2.308088,0.179361,0.179434,0.182728,-0.180270,0.185458,0.224605,0.257549,-0.215448,31.482004,40.342075,42.014648,-29.134207,True,velocity,0.312825,0.301562,0.023692,-0.023322,0.016374,False,0.001742,0.029727,0.000250,0.006255,-2.746139,-2.748917,0.002778,2.709284,2.747882,-0.038598,167.000000
6.3754671909846365,-0.019877,0.162801,-2.674692,0.017921,-0.091661,-0.437380,0.064166,-0.398932,0.319030,1.710187,0.616233,-0.670457,0.950000,1.570000,-0.025625,0.776149,0.145609,-0.612972,0.235671,-0.070174,0.715540,0.132690,-0.714582,-0.174748,0.664251,-0.989219,1.358921,0.646111,-0.022607,0.775976,0.148964,-0.612504,0.140155,0.053526,0.739882,0.235127,-0.638385,-0.221598,0.698623,-0.894083,1.236026,0.622294,0.314801,-0.391541,0.703279,-0.906284,10,False,True,-0.024949,-0.060501,-0.027394,-0.129494,-0.267928,-0.154752,0.110307,-0.139925,-0.056386,0.110307,-0.139925,-0.056386,0.000000,-0.069607,-0.200042,-0.085280,0.293701,True,0.120606,-0.129456,-0.027528,0.120606,-0.129456,-0.027528,-0.814613,-0.853243,-0.827348,2.353017,-0.721723,-0.649579,-0.713433,2.319922,0.181805,0.172658,0.170167,-0.177648,0.174727,0.212024,0.229610,-0.205503,31.684570,40.544781,42.268135,-29.377092,True,velocity,0.314801,0.300494,0.029704,-0.021788,0.025633,False,0.001226,0.034996,0.000177,0.007704,-2.744116,-2.748917,0.004801,2.706542,2.747882,-0.041341,167.000000
6.439286695996998,-0.020160,0.155642,-2.674673,0.011445,-0.092870,-0.437018,0.062533,-0.393491,0.320329,1.700897,0.635702,-0.678608,0.950000,1.570000,-0.025625,0.776149,0.145609,-0.612972,0.231641,-0.064956,0.715963,0.131602,-0.702759,-0.186306,0.673870,-0.982169,1.356123,0.625806,-0.022682,0.775975,0.148758,-0.612552,0.139769,0.055542,0.738946,0.227857,-0.637991,-0.228185,0.699271,-0.891581,1.236470,0.617094,0.311318,-0.390188,0.707340,-0.910514,10,False,True,-0.032150,-0.058162,-0.029745,-0.178090,-0.132981,-0.194581,0.097597,-0.148823,-0.081802,0.097597,-0.148823,-0.081802,0.000000,-0.108870,-0.068127,-0.126898,0.310303,True,0.110307,-0.139925,-0.056386,0.110307,-0.139925,-0.056386,-0.886058,-0.969553,-0.922700,2.304346,-0.771126,-0.766032,-0.774491,2.326422,0.185945,0.174382,0.165019,-0.179031,0.166648,0.193323,0.198813,-0.184713,31.872210,40.799805,42.478935,-29.567244,True,velocity,0.311318,0.299797,0.023912,-0.017422,0.025236,False,0.000764,0.036130,0.000109,0.007986,-2.743278,-2.748917,0.005639,2.704624,2.747882,-0.043258,167.000000
6.492900601995643,-0.020571,0.159906,-2.672848,0.009219,-0.092442,-0.432345,0.067929,-0.392428,0.333994,1.687418,0.672484,-0.715951,0.950000,1.570000,-0.025625,0.776149,0.145609,-0.612972,0.230457,-0.063402,0.716111,0.109960,-0.707939,-0.203604,0.667290,-0.979999,1.356234,0.623981,-0.022679,0.775970,0.148836,-0.612539,0.137025,0.059664,0.740239,0.213764,-0.640286,-0.249885,0.694187,-0.887789,1.234124,0.612386,0.315594,-0.390690,0.712761,-0.913897,10,False,True,-0.038309,-0.057806,-0.030401,-0.168426,-0.199608,-0.164334,0.083898,-0.158897,-0.102624,0.083898,-0.158897,-0.102624,0.000000,-0.091540,-0.135261,-0.101478,0.340088,True,0.097597,-0.148823,-0.081802,0.097597,-0.148823,-0.081802,-0.958750,-1.085880,-1.028211,2.247562,-0.813472,-0.833537,-0.921673,2.326422,0.192028,0.173856,0.160134,-0.177489,0.169697,0.189097,0.182687,-0.166293,32.090122,40.988979,42.700336,-29.771902,True,velocity,0.315594,0.299487,0.032882,-0.013360,0.000748,False,0.000626,0.039291,0.000090,0.008851,-2.741320,-2.748917,0.007598,2.697854,2.747882,-0.050028,167.000000
6.551472577004461,-0.018772,0.154353,-2.673017,0.005258,-0.094738,-0.434732,0.066640,-0.383807,0.338355,1.678336,0.666399,-0.722152,0.950000,1.570000,-0.025625,0.776149,0.145609,-0.612972,0.227605,-0.059646,0.716356,0.114431,-0.707676,-0.205528,0.666227,-0.976522,1.353459,0.615915,-0.022728,0.775979,0.148708,-0.612557,0.136957,0.059789,0.739187,0.215059,-0.642148,-0.250978,0.691669,-0.887133,1.235019,0.606490,0.312315,-0.391171,0.713032,-0.914441,10,False,True,-0.040724,-0.053164,-0.027524,-0.072759,-0.072454,-0.067783,0.067040,-0.163567,-0.111973,0.067040,-0.163567,-0.111973,0.000000,0.006059,-0.015427,-0.016325,0.349854,True,0.083898,-0.158897,-0.102624,0.083898,-0.158897,-0.102624,-1.036994,-1.201072,-1.144507,2.176534,-0.875065,-0.962240,-0.921673,2.295712,0.196573,0.177854,0.156047,-0.176604,0.187510,0.193891,0.188740,-0.175617,32.286690,41.216938,42.890766,-29.949358,True,velocity,0.312315,0.299487,0.026080,-0.008465,0.010478,False,0.000350,0.039326,0.000050,0.008926,-2.738622,-2.748917,0.010295,2.698626,2.747882,-0.049256,167.000000
6.60782519300119,-0.016704,0.155473,-2.672130,0.003777,-0.096429,-0.434616,0.069472,-0.376131,0.357730,1.664503,0.669779,-0.714458,0.950000,1.570000,-0.025625,0.776149,0.145609,-0.612972,0.227441,-0.059430,0.716374,0.102820,-0.721090,-0.194633,0.656944,-0.976426,1.353809,0.614046,-0.022696,0.775979,0.148787,-0.612539,0.135130,0.061701,0.739821,0.207835,-0.649356,-0.244427,0.689490,-0.884867,1.233723,0.598344,0.313953,-0.393197,0.714601,-0.914420,10,False,True,-0.042192,-0.050366,-0.023770,-0.061460,-0.127201,-0.038610,0.048882,-0.165623,-0.112293,0.048882,-0.165623,-0.112293,0.000000,0.017664,-0.074817,0.000639,0.365479,True,0.067040,-0.163567,-0.111973,0.067040,-0.163567,-0.111973,-1.118796,-1.306358,-1.260774,2.092187,-0.936659,-1.054430,-1.001325,2.259155,0.193815,0.177871,0.152086,-0.170410,0.195404,0.193092,0.184527,-0.175506,32.517578,41.417690,43.061665,-30.117048,True,velocity,0.313953,0.299562,0.029027,-0.004922,0.000827,False,0.000252,0.040990,0.000036,0.009489,-2.734562,-2.748917,0.014356,2.698499,2.747882,-0.049383,167.000000
6.682507941004587,-0.014411,0.152201,-2.672025,0.003406,-0.099214,-0.436980,0.067287,-0.367688,0.372764,1.652576,0.662880,-0.712041,0.950000,1.570000,-0.025625,0.776149,0.145609,-0.612972,0.225889,-0.057393,0.716526,0.101180,-0.729168,-0.188285,0.650096,-0.974433,1.352063,0.605715,-0.022722,0.776126,0.148736,-0.612365,0.134259,0.062384,0.739185,0.205915,-0.655376,-0.239697,0.686022,-0.883434,1.233328,0.588313,0.311532,-0.394993,0.714880,-0.913548,10,False,True,-0.042427,-0.046350,-0.019155,-0.040602,-0.086195,0.026148,0.029878,-0.163246,-0.102825,0.029878,-0.163246,-0.102825,0.000000,0.036772,-0.040247,0.026148,0.383057,True,0.048882,-0.165623,-0.112293,0.048882,-0.165623,-0.112293,-1.208584,-1.406211,-1.377081,1.991633,-1.047014,-1.201363,-1.154978,2.160594,0.189328,0.178035,0.150961,-0.164016,0.196700,0.193453,0.174455,-0.165978,32.790180,41.713032,43.332867,-30.373047,True,velocity,0.311532,0.299722,0.023716,-0.001902,0.028834,False,0.000224,0.041685,0.000032,0.009812,-2.732013,-2.748917,0.016905,2.698801,2.747882,-0.049081,167.000000
6.733623396983603,-0.011957,0.152136,-2.671869,0.003621,-0.101673,-0.437864,0.067356,-0.357153,0.391438,1.640218,0.656474,-0.671466,0.950000,1.570000,-0.025625,0.776149,0.145609,-0.612972,0.225164,-0.056445,0.716612,0.095210,-0.740496,-0.162820,0.645051,-0.973777,1.350767,0.599873,-0.022704,0.776123,0.148763,-0.612362,0.133172,0.063521,0.739308,0.199495,-0.663346,-0.215572,0.688261,-0.881913,1.231946,0.580165,0.311571,-0.396644,0.715570,-0.912897,10,False,True,-0.042422,-0.042626,-0.015077,-0.049266,-0.087207,0.019534,0.012653,-0.158088,-0.090338,0.012653,-0.158088,-0.090338,0.000000,0.025809,-0.047069,0.019534,0.359619,True,0.029878,-0.163246,-0.102825,0.029878,-0.163246,-0.102825,-1.307718,-1.500410,-1.488689,1.875372,-1.126572,-1.274918,-1.234032,2.099225,0.179128,0.171816,0.146285,-0.153978,0.197598,0.191182,0.170902,-0.160226,33.019112,41.896484,43.533062,-30.556362,True,velocity,0.311571,0.299994,0.023128,0.000541,0.013817,False,0.000238,0.042408,0.000034,0.010140,-2.729673,-2.748917,0.019245,2.702192,2.747882,-0.045691,167.000000
6.7877256339997984,-0.009525,0.150543,-2.671892,0.003672,-0.104083,-0.440672,0.066605,-0.350073,0.406927,1.629442,0.642628,-0.678338,0.950000,1.570000,-0.025625,0.776149,0.145609,-0.612972,0.224202,-0.055191,0.716728,0.096936,-0.749285,-0.160161,0.635235,-0.972471,1.349043,0.592828,-0.022691,0.776122,0.148765,-0.612363,0.132549,0.063716,0.739007,0.200945,-0.669698,-0.214713,0.681927,-0.880530,1.231478,0.570921,0.310347,-0.398814,0.714654,-0.910815,10,False,True,-0.040461,-0.038115,-0.009984,-0.001664,-0.052267,0.062460,-0.002505,-0.148830,-0.074007,-0.002505,-0.148830,-0.074007,0.000000,0.068102,-0.018873,0.062460,0.355225,True,0.012653,-0.158088,-0.090338,0.012653,-0.158088,-0.090338,-1.406696,-1.586785,-1.589192,1.759058,-1.199715,-1.354563,-1.344579,2.001300,0.167798,0.164634,0.142669,-0.144590,0.188497,0.181967,0.165740,-0.150295,33.196011,42.063057,43.685406,-30.694475,True,velocity,0.310347,0.300375,0.019801,0.002841,0.020240,False,0.000240,0.042573,0.000034,0.010370,-2.727615,-2.748917,0.021302,2.701343,2.747882,-0.046539,167.000000
6.8387784420046955,-0.006456,0.147362,-2.672521,0.003752,-0.106921,-0.445127,0.064640,-0.339209,0.416406,1.623165,0.609668,-0.664578,0.950000,1.570000,-0.025625,0.776149,0.145609,-0.612972,0.223816,-0.054691,0.716780,0.109545,-0.754393,-0.148082,0.630050,-0.971717,1.347931,0.585922,-0.022694,0.776123,0.148723,-0.612372,0.133279,0.062046,0.738249,0.209505,-0.674858,-0.201302,0.678345,-0.880696,1.232588,0.564286,0.307746,-0.400365,0.711419,-0.907736,10,False,True,-0.037075,-0.031673,-0.004438,0.034296,0.023314,0.092358,-0.014027,-0.130192,-0.050122,-0.014027,-0.130192,-0.050122,0.000000,0.096633,0.047409,0.092358,0.438232,True,-0.002505,-0.148830,-0.074007,-0.002505,-0.148830,-0.074007,-1.507069,-1.666053,-1.678321,1.642764,-1.279711,-1.446744,-1.430060,1.909879,0.154145,0.154139,0.135623,-0.134225,0.178211,0.166741,0.158171,-0.137519,33.365654,42.254326,43.837749,-30.828962,True,velocity,0.307746,0.300841,0.013564,0.004937,0.009825,False,0.000242,0.040979,0.000034,0.010095,-2.725583,-2.748917,0.023334,2.706330,2.747882,-0.041552,167.000000
6.891255853988696,-0.004212,0.150438,-2.672018,0.004160,-0.108009,-0.445476,0.067942,-0.330551,0.425210,1.616574,0.593883,-0.640352,0.950000,1.570000,-0.025625,0.776149,0.145609,-0.612972,0.223816,-0.054691,0.716780,0.112940,-0.758189,-0.133497,0.628150,-0.972335,1.348555,0.582953,-0.022699,0.776116,0.148760,-0.612372,0.132789,0.062422,0.738805,-0.210766,0.678820,0.185547,-0.678494,-0.880777,1.232864,0.562877,0.309974,-0.401619,0.710824,-0.906422,10,False,True,-0.035209,-0.027701,-0.001453,-0.016750,-0.028308,0.039417,-0.022386,-0.109095,-0.031364,-0.022386,-0.109095,-0.031364,0.000000,0.040589,-0.009201,0.039417,0.453857,True,-0.014027,-0.130192,-0.050122,-0.014027,-0.130192,-0.050122,-1.611162,-1.734701,-1.750594,1.526440,-1.371876,-1.526590,-1.527762,1.817815,0.132556,0.134647,0.122446,-0.118268,0.164818,0.157315,0.149798,-0.125327,33.502373,42.400391,43.973354,-30.930525,True,velocity,0.309974,0.301403,0.016797,0.006912,0.009791,False,0.000272,0.040325,0.000038,0.010019,-2.723289,-2.748917,0.025628,2.709660,2.747882,-0.038222,167.000000
6.9421285319840536,-0.003650,0.154757,-2.672002,0.005331,-0.107432,-0.443224,0.070806,-0.321794,0.427851,1.610647,0.592386,-0.581918,0.950000,1.570000,-0.025625,0.776149,0.145609,-0.612972,0.223816,-0.054691,0.716780,0.110912,-0.756491,-0.107588,0.635488,-0.972908,1.348261,0.580675,-0.022727,0.776109,0.148775,-0.612376,0.132630,0.063019,0.739536,0.204970,-0.679698,-0.156199,0.686732,-0.881425,1.231872,0.565933,0.312904,-0.401022,0.711621,-0.907182,10,False,True,-0.035399,-0.024360,-0.001167,-0.084498,-0.023395,-0.022781,-0.029760,-0.093734,-0.023091,-0.029760,-0.093734,-0.023091,0.000000,-0.028841,-0.007780,-0.022781,0.413086,True,-0.022386,-0.109095,-0.031364,-0.022386,-0.109095,-0.031364,-1.720672,-1.811469,-1.828298,1.410160,-1.463190,-1.594102,-1.607450,1.719875,0.110452,0.113235,0.106198,-0.101553,0.140355,0.142235,0.132424,-0.107434,33.629047,42.515205,44.092216,-31.022600,True,velocity,0.312904,0.301731,0.022009,0.006764,0.033433,False,0.000354,0.040093,0.000051,0.009949,-2.723157,-2.748917,0.025760,2.713133,2.747882,-0.034749,167.000000
6.996530528005678,-0.005313,0.158285,-2.672194,0.006690,-0.105157,-0.440234,0.072240,-0.319231,0.430923,1.603825,0.610083,-0.574482,0.950000,1.570000,-0.025625,0.776149,0.145609,-0.612972,0.223816,-0.054691,0.716780,0.100013,-0.757786,-0.106049,0.636012,-0.973605,1.347206,0.581234,-0.022723,0.776102,0.148828,-0.612371,0.131685,0.064620,0.740244,0.195763,-0.680128,-0.155213,0.689212,-0.881034,1.229343,0.566585,0.315311,-0.400695,0.713941,-0.908571,10,False,True,-0.036077,-0.022887,-0.001787,-0.105532,-0.063883,-0.041682,-0.037879,-0.085350,-0.020767,-0.037879,-0.085350,-0.020767,0.000000,-0.050610,-0.048762,-0.041682,0.372559,True,-0.029760,-0.093734,-0.023091,-0.029760,-0.093734,-0.023091,-1.832217,-1.906443,-1.925665,1.293903,-1.586192,-1.673299,-1.687147,1.584718,0.096320,0.099502,0.094201,-0.089836,0.119669,0.117467,0.106829,-0.088329,33.758232,42.614399,44.200752,-31.116909,True,velocity,0.315311,0.302797,0.024464,0.011284,0.004782,False,0.000451,0.041363,0.000065,0.010285,-2.725318,-2.748917,0.023600,2.709949,2.747882,-0.037933,167.000000
7.0493920120061375,-0.006282,0.154260,-2.673396,0.005870,-0.104945,-0.440241,0.068404,-0.311429,0.416000,1.602584,0.610212,-0.526495,0.950000,1.570000,-0.025625,0.776149,0.145609,-0.612972,0.223122,-0.053791,0.716862,0.103518,-0.747271,-0.090225,0.650177,-0.973369,1.344542,0.580591,-0.022775,0.776113,0.148698,-0.612388,0.133450,0.062920,0.739288,0.193810,-0.674492,-0.134521,0.699573,-0.883672,1.229075,0.571883,0.312239,-0.398059,0.713408,-0.910328,10,False,True,-0.036550,-0.018023,-0.002852,-0.106476,0.051871,-0.052707,-0.043820,-0.075196,-0.021749,-0.043820,-0.075196,-0.021749,0.000000,-0.052465,0.061297,-0.052707,0.376953,True,-0.037879,-0.085350,-0.020767,-0.037879,-0.085350,-0.020767,-1.943343,-2.011081,-2.034505,1.177590,-1.684122,-1.765480,-1.791909,1.480248,0.091214,0.094244,0.089871,-0.085572,0.105474,0.101625,0.096622,-0.072997,33.850586,42.737862,44.299385,-31.175920,True,velocity,0.312239,0.303231,0.017506,0.010198,0.027923,False,0.000390,0.040369,0.000056,0.009849,-2.726927,-2.748917,0.021990,2.712544,2.747882,-0.035338,167.000000
7.102898381010164,-0.007391,0.160774,-2.673183,0.007059,-0.102435,-0.435687,0.072822,-0.306452,0.409579,1.598261,0.626786,-0.484381,0.950000,1.570000,-0.025625,0.776149,0.145609,-0.612972,0.223122,-0.053791,0.716862,0.093206,-0.744094,-0.075116,0.657262,-0.976258,1.344359,0.588122,-0.022805,0.776102,0.148756,-0.612387,0.132674,0.064476,0.740443,0.183558,-0.671223,-0.117891,0.708426,-0.885714,1.227363,0.580473,0.316845,-0.397004,0.715791,-0.912410,10,False,True,-0.037375,-0.016772,-0.004208,-0.122726,-0.046021,-0.062450,-0.051308,-0.069398,-0.024608,-0.051308,-0.069398,-0.024608,0.000000,-0.068915,-0.036891,-0.062450,0.327637,True,-0.043820,-0.075196,-0.021749,-0.043820,-0.075196,-0.021749,-2.046622,-2.118746,-2.150764,1.065520,-1.788572,-1.857151,-1.889556,1.376502,0.084690,0.088112,0.083770,-0.078914,0.094146,0.096133,0.092657,-0.056823,33.934292,42.819614,44.394390,-31.220005,True,velocity,0.316845,0.304625,0.023653,0.015737,0.001016,False,0.000481,0.040890,0.000070,0.009852,-2.727866,-2.748917,0.021051,2.712125,2.747882,-0.035758,167.000000
7.1595712729904335,-0.008982,0.159942,-2.673806,0.006767,-0.101174,-0.433902,0.071425,-0.301487,0.391540,1.597276,0.639293,-0.457018,0.950000,1.570000,-0.025625,0.776149,0.145609,-0.612972,0.223122,-0.053791,0.716862,0.090320,-0.733447,-0.071118,0.669956,-0.978226,1.342943,0.592392,-0.022828,0.776107,0.148701,-0.612393,0.133538,0.064010,0.740208,0.178460,-0.664146,-0.110276,0.717566,-0.888894,1.226300,0.589129,0.316199,-0.394756,0.716567,-0.914565,10,False,True,-0.037904,-0.013719,-0.005543,-0.120772,0.017109,-0.064659,-0.058569,-0.063514,-0.028376,-0.058569,-0.063514,-0.028376,0.000000,-0.067527,0.023062,-0.064659,0.311768,True,-0.051308,-0.069398,-0.024608,-0.051308,-0.069398,-0.024608,-2.147718,-2.224661,-2.267059,0.953469,-1.905367,-1.968016,-2.012361,1.253763,0.083872,0.087790,0.083310,-0.077315,0.086420,0.084125,0.082877,-0.048693,34.037251,42.897461,44.472656,-31.278599,True,velocity,0.316199,0.305116,0.021507,0.013193,0.025571,False,0.000461,0.040516,0.000067,0.009541,-2.729721,-2.748917,0.019196,2.710961,2.747882,-0.036921,167.000000
7.212040685000829,-0.010706,0.166357,-2.673331,0.007938,-0.098532,-0.428847,0.075527,-0.297514,0.392612,1.590265,0.671638,-0.419137,0.950000,1.570000,-0.025625,0.776149,0.145609,-0.612972,0.223122,-0.053791,0.716862,0.068304,-0.734773,-0.057062,0.672449,-0.982065,1.341935,0.599203,-0.022820,0.776094,0.148812,-0.612383,0.131410,0.067319,0.741609,0.159829,-0.662937,-0.096442,0.725030,-0.890242,1.222113,0.594273,0.320994,-0.394792,0.720896,-0.916973,10,False,True,-0.038569,-0.015074,-0.007005,-0.131812,-0.112422,-0.072230,-0.068177,-0.059414,-0.032651,-0.068177,-0.059414,-0.032651,0.000000,-0.078861,-0.103163,-0.072230,0.289307,True,-0.058569,-0.063514,-0.028376,-0.058569,-0.063514,-0.028376,-2.246932,-2.328615,-2.383371,0.840644,-2.003275,-2.059667,-2.110696,1.155833,0.083348,0.088454,0.083632,-0.076141,0.083658,0.081537,0.080669,-0.051689,34.132954,42.995117,44.573799,-31.339705,True,velocity,0.320994,0.306156,0.028899,0.015526,0.027760,False,0.000553,0.042397,0.000081,0.009897,-2.731062,-2.748917,0.017856,2.709339,2.747882,-0.038543,167.000000
7.270320401992649,-0.016544,0.169653,-2.672359,0.010216,-0.095263,-0.421559,0.073618,-0.304552,0.415145,1.573808,0.767797,-0.423018,0.950000,1.570000,-0.025625,0.776149,0.145609,-0.612972,0.221751,-0.051981,0.717019,0.009201,-0.747504,-0.061450,0.661345,-0.984524,1.337508,0.597155,-0.022804,0.776033,0.149090,-0.612393,0.124918,0.076959,0.742650,0.114564,-0.668354,-0.108380,0.726933,-0.886533,1.210431,0.585315,0.323373,-0.397347,0.733470,-0.922003,10,False,True,-0.041970,-0.024635,-0.010947,-0.180845,-0.275694,-0.150911,-0.112320,-0.079235,-0.061776,-0.112320,-0.079235,-0.061776,0.000000,-0.124121,-0.250986,-0.150911,0.967773,True,-0.068177,-0.059414,-0.032651,-0.068177,-0.059414,-0.032651,-2.349947,-2.431259,-2.497063,0.724376,-2.106936,-2.164062,-2.239321,1.045499,0.086507,0.093797,0.089184,-0.079348,0.083202,0.085097,0.084678,-0.050804,34.215820,43.079521,44.662529,-31.390486,True,velocity,0.323373,0.307256,0.031399,0.016685,0.023955,False,0.000720,0.049630,0.000107,0.011656,-2.735552,-2.748917,0.013365,2.696863,2.747882,-0.051019,167.000000
7.327373236010317,-0.012777,0.166572,-2.673429,0.006404,-0.096093,-0.426582,0.077331,-0.299645,0.440915,1.559658,0.767316,-0.412848,0.950000,1.570000,-0.025625,0.776149,0.145609,-0.612972,0.214838,-0.042776,0.717698,0.006134,-0.758157,-0.049889,0.650131,-0.980934,1.325914,0.585073,-0.022678,0.776241,0.148416,-0.612298,0.122707,0.079490,0.739869,0.106994,-0.677430,-0.098972,0.721003,-0.886020,1.206481,0.569402,0.319716,-0.401914,0.734279,-0.919396,10,False,True,-0.035061,-0.025505,-0.006282,0.049883,-0.129054,0.078195,-0.096640,-0.082816,-0.040696,-0.096640,-0.082816,-0.040696,0.000000,0.093595,-0.102961,0.078195,0.854980,True,-0.112320,-0.079235,-0.061776,-0.112320,-0.079235,-0.061776,-2.435637,-2.526364,-2.613392,0.613320,-2.199327,-2.267927,-2.331147,0.916884,0.129675,0.145404,0.136575,-0.118118,0.092659,0.091569,0.095892,-0.056003,34.346260,43.234932,44.798687,-31.475864,True,velocity,0.319716,0.309172,0.019942,0.022908,0.002354,False,0.000447,0.051206,0.000066,0.012341,-2.734741,-2.748917,0.014177,2.693900,2.747882,-0.053982,167.000000
7.384421052003745,-0.031239,0.131391,-2.668828,0.015163,-0.098919,-0.448823,0.035574,-0.337689,0.326369,1.661850,0.641704,-0.243297,0.950000,1.570000,-0.025625,0.776149,0.145609,-0.612972,0.212718,-0.039962,0.717966,0.112969,-0.657375,-0.016471,0.744866,-0.980388,1.322583,0.569588,-0.022948,0.776215,0.147828,-0.612463,0.139223,0.058812,0.735015,0.166079,-0.632669,-0.019709,0.756148,-0.908617,1.224379,0.607146,0.292505,-0.393314,0.711031,-0.907056,10,False,True,-0.024435,0.000878,0.007415,0.056917,0.280876,0.370212,-0.074275,-0.059767,0.009172,-0.074275,-0.059767,0.009172,0.000000,0.083290,0.267325,0.370212,0.642334,True,-0.096640,-0.082816,-0.040696,-0.096640,-0.082816,-0.040696,-2.367011,-2.438351,-2.497090,0.714549,-2.272469,-2.341463,-2.417171,0.843236,0.124975,0.135133,0.129132,-0.117794,0.124796,0.128328,0.128991,-0.091035,34.513672,43.387974,44.952148,-31.607143,True,velocity,0.292505,0.310516,-0.037175,0.023078,0.010837,False,0.000891,0.035947,0.000120,0.007459,-2.749898,-2.748917,-0.000981,2.722687,2.747882,-0.025195,167.000000
7.440113725984702,-0.017569,0.134446,-2.669159,0.003090,-0.100209,-0.464229,0.057956,-0.312792,0.278052,1.657063,0.478031,-0.351133,0.950000,1.570000,-0.025625,0.776149,0.145609,-0.612972,0.212718,-0.039962,0.717966,0.199527,-0.663809,-0.043426,0.719486,-1.003309,1.340612,0.620336,-0.023067,0.776176,0.148056,-0.612452,0.137226,0.055996,0.734397,0.250440,-0.620757,-0.060388,0.740469,-0.929079,1.245097,0.633491,0.296614,-0.405970,0.698378,-0.892210,10,False,True,-0.004211,0.005173,0.021955,0.277687,0.035918,0.494853,-0.060045,-0.048577,0.049370,-0.060045,-0.048577,0.049370,0.000000,0.277687,0.035918,0.445369,0.362061,True,-0.074275,-0.059767,0.009172,-0.074275,-0.059767,0.009172,-2.483343,-2.462920,-2.444475,0.676529,-2.315456,-2.384775,-2.435165,0.800021,0.094516,0.092565,0.094839,-0.096514,0.133450,0.135742,0.139195,-0.115623,34.620537,43.504185,45.075752,-31.717075,True,velocity,0.296614,0.311828,-0.031589,0.023220,0.004349,False,0.000186,0.024514,0.000025,0.005075,-2.735510,-2.748917,0.013407,2.720141,2.747882,-0.027741,167.000000
7.495527455990668,-0.011639,0.142418,-2.668231,0.002775,-0.101248,-0.466732,0.068870,-0.294905,0.270495,1.652038,0.425029,-0.361977,0.950000,1.570000,-0.025625,0.776149,0.145609,-0.612972,0.212718,-0.039962,0.717966,0.218776,-0.663145,-0.039011,0.714741,-1.023898,1.360833,0.637993,-0.022880,0.776160,0.148378,-0.612401,0.129674,0.063775,0.736885,0.271536,-0.616829,-0.056963,0.736577,-0.941743,1.257538,0.645822,0.303770,-0.416976,0.702287,-0.886474,10,False,True,0.004117,-0.003029,0.026046,0.151394,-0.235542,0.225887,-0.055558,-0.048612,0.073728,-0.055558,-0.048612,0.073728,0.000000,0.151394,-0.235542,0.172084,0.270508,True,-0.060045,-0.048577,0.049370,-0.060045,-0.048577,0.049370,-2.585569,-2.452761,-2.328231,0.673620,-2.370634,-2.402951,-2.435267,0.769469,0.078721,0.066824,0.074748,-0.087163,0.000071,0.000000,0.095949,-0.083459,0.896066,0.240374,45.148018,-31.800781,True,velocity,0.303770,0.312984,-0.019555,0.022530,0.009075,False,0.000173,0.021505,0.000024,0.004448,-2.728778,-2.748917,0.020139,2.730575,2.747882,-0.017307,167.000000
7.556335717003094,-0.007861,0.143566,-2.668271,0.003002,-0.102974,-0.470732,0.071791,-0.280240,0.260332,1.644676,0.384780,-0.350851,0.950000,1.570000,-0.025625,0.776149,0.145609,-0.612972,0.212718,-0.039962,0.717966,0.236948,-0.652768,-0.032936,0.718794,-1.037044,1.372392,0.639999,-0.022754,0.776159,0.148516,-0.612374,0.125617,0.067917,0.737875,0.285614,-0.611632,-0.047399,0.736263,-0.951000,1.264917,0.653887,0.305368,-0.424027,0.703659,-0.881812,10,False,True,0.010690,-0.006834,0.028251,0.167480,-0.162977,0.193979,-0.055295,-0.056395,0.093940,-0.055295,-0.056395,0.093940,0.000000,0.141762,-0.162328,0.139880,0.267334,True,-0.055558,-0.048612,0.073728,-0.055558,-0.048612,0.073728,-2.615048,-2.397860,-2.211979,0.702495,-2.481315,-2.408877,-2.374305,0.744527,0.077923,0.058458,0.070839,-0.089136,0.085960,0.082061,0.077209,-0.075612,34.824638,43.686382,45.254047,-31.898996,True,velocity,0.305368,0.313700,-0.017583,0.018397,0.006300,False,0.000189,0.019020,0.000026,0.003901,-2.726012,-2.748917,0.022906,2.734198,2.747882,-0.013685,167.000000
7.62014164798893,-0.006969,0.151587,-2.667666,0.004817,-0.101592,-0.468013,0.077994,-0.271100,0.241279,1.641265,0.376296,-0.311334,0.950000,1.570000,-0.025625,0.776149,0.145609,-0.612972,0.212718,-0.039962,0.717966,0.241388,-0.632019,-0.022994,0.736040,-1.046261,1.379501,0.645022,-0.022757,0.776089,0.148700,-0.612419,0.123202,0.071440,0.739556,0.285463,-0.601463,-0.031218,0.745505,-0.957932,1.268662,0.671159,0.311227,-0.426215,0.706554,-0.881324,10,False,True,0.012458,-0.008622,0.025607,0.026227,-0.112460,0.059346,-0.052962,-0.063954,0.104051,-0.052962,-0.063954,0.104051,0.000000,-0.001802,-0.108838,0.014631,0.259033,True,-0.055295,-0.056395,0.093940,-0.055295,-0.056395,0.093940,-2.579504,-2.290244,-2.095739,0.761242,-2.523995,-2.397194,-2.294425,0.745180,0.084093,0.059336,0.076924,-0.098422,0.086752,0.065182,0.072177,-0.071275,34.911690,43.756279,45.321987,-31.970144,True,velocity,0.311227,0.313972,0.000000,0.012854,0.024377,False,0.000313,0.017601,0.000044,0.003523,-2.726178,-2.748917,0.022739,2.736458,2.747882,-0.011424,167.000000
7.677316332992632,-0.045629,0.154254,-2.634896,0.002148,-0.095706,-0.458764,0.079902,-0.322930,0.231604,1.714310,0.442651,-0.260631,0.950000,1.570000,-0.025625,0.776149,0.145609,-0.612972,0.212718,-0.039962,0.717966,0.209798,-0.604237,-0.012985,0.768579,-1.052547,1.383630,0.655727,-0.022732,0.776097,0.148754,-0.612396,0.120453,0.076588,0.741234,0.255272,-0.589510,-0.010219,0.766296,-0.961004,1.267428,0.684833,0.314980,-0.424407,0.715160,-0.884519,10,False,True,0.007454,-0.012180,0.018943,-0.182228,-0.178111,-0.095866,-0.048666,-0.071937,0.100595,-0.048666,-0.071937,0.100595,0.000000,-0.202410,-0.169216,-0.095866,0.272461,True,-0.052962,-0.063954,0.104051,-0.052962,-0.063954,0.104051,-2.514415,-2.173988,-2.001843,0.826429,-2.530723,-2.329131,-2.202526,0.763460,0.087245,0.061306,0.082410,-0.104030,0.069177,0.053186,0.055053,-0.066163,34.991211,43.835796,45.389648,-32.058872,True,velocity,0.314980,0.313997,0.000000,0.008337,0.015734,False,0.000136,0.019847,0.000020,0.003801,-2.727454,-2.748917,0.021463,2.751114,2.747882,0.003232,167.000000
7.740616007009521,-0.045943,0.147650,-2.635755,0.003130,-0.098451,-0.459972,0.071656,-0.318760,0.207509,1.705318,0.444313,-0.236435,0.950000,1.570000,-0.025625,0.776149,0.145609,-0.612972,0.212527,-0.039721,0.718012,0.207948,-0.602042,-0.009035,0.770858,-1.055187,1.382613,0.664822,-0.022677,0.776115,0.148707,-0.612387,0.120957,0.076013,0.739762,0.253894,-0.581177,-0.008105,0.773115,-0.964594,1.267224,0.691354,0.309483,-0.423486,0.715765,-0.885874,10,False,True,0.007946,-0.009714,0.014236,-0.012423,-0.001914,-0.040638,-0.040010,-0.074336,0.090040,-0.040010,-0.074336,0.090040,0.000000,-0.032926,0.002936,-0.040638,0.317627,True,-0.048666,-0.071937,0.100595,-0.048666,-0.071937,0.100595,-2.405224,-2.057749,-1.929225,0.908046,-2.512115,-2.243908,-2.116480,0.794275,0.088258,0.066060,0.088406,-0.106197,0.079000,0.066758,0.068650,-0.091094,35.101421,43.912945,45.485909,-32.189732,True,velocity,0.309483,0.313997,0.000000,0.005132,0.031381,False,0.000193,0.018252,0.000028,0.003400,-2.730294,-2.748917,0.018624,2.738950,2.747882,-0.008932,167.000000
7.797613711998565,-0.045135,0.165095,-2.628461,0.004921,-0.099279,-0.453849,0.087390,-0.337657,0.210977,1.738277,0.461439,-0.251312,0.950000,1.570000,-0.025625,0.776149,0.145609,-0.612972,0.212527,-0.039721,0.718012,0.194370,-0.606021,-0.006507,0.771309,-1.058218,1.382780,0.676339,-0.022865,0.776056,0.148855,-0.612418,0.119102,0.078248,0.742626,0.248340,-0.579800,-0.011162,0.775909,-0.966247,1.265342,0.704001,0.321929,-0.424455,0.716752,-0.884998,10,False,True,0.009399,-0.008640,0.012110,0.026300,-0.044153,0.026283,-0.030767,-0.074537,0.080406,-0.030767,-0.074537,0.080406,0.000000,0.004254,-0.041268,0.026283,0.319580,True,-0.040010,-0.074336,0.090040,-0.040010,-0.074336,0.090040,-2.288950,-1.942848,-1.852487,0.995827,-2.456284,-2.169904,-2.036845,0.848861,0.082895,0.066211,0.087362,-0.100625,0.089436,0.065205,0.078977,-0.109999,35.199638,43.976562,45.575474,-32.316963,True,velocity,0.321929,0.313997,0.015702,0.003252,0.009330,False,0.000324,0.019158,0.000050,0.003545,-2.722884,-2.748917,0.026034,2.748219,2.747882,0.000336,167.000000
7.85739832901163,-0.044756,0.165747,-2.629200,0.005650,-0.098864,-0.453459,0.087505,-0.335325,0.207940,1.724233,0.468624,-0.227165,0.950000,1.570000,-0.025625,0.776149,0.145609,-0.612972,0.211660,-0.038627,0.718166,0.190543,-0.609865,-0.003062,0.769252,-1.059635,1.381210,0.677277,-0.022758,0.776098,0.148834,-0.612375,0.118434,0.079129,0.742725,0.242561,-0.580096,-0.006664,0.777566,-0.968069,1.263861,0.704708,0.322222,-0.425084,0.717623,-0.884947,10,False,True,0.010353,-0.007256,0.009481,0.020988,-0.032725,0.001536,-0.021749,-0.072606,0.070620,-0.021749,-0.072606,0.070620,0.000000,-0.001663,-0.032188,0.001536,0.314453,True,-0.030767,-0.074537,0.080406,-0.030767,-0.074537,0.080406,-2.172705,-1.829206,-1.770705,1.086112,-2.370949,2.354067,-1.957087,0.916231,0.076942,0.063790,0.084610,-0.093998,0.082838,0.061876,0.076871,-0.106331,35.290039,44.047710,45.670479,-32.436943,True,velocity,0.322222,0.313997,0.016349,0.002035,0.005810,False,0.000373,0.019203,0.000057,0.003539,-2.723809,-2.748917,0.025109,2.731490,2.747882,-0.016393,167.000000
7.91470942099113,-0.043636,0.157377,-2.630596,0.004115,-0.101012,-0.458558,0.081542,-0.326224,0.207479,1.715050,0.455849,-0.238896,0.950000,1.570000,-0.025625,0.776149,0.145609,-0.612972,0.210995,-0.037787,0.718283,0.195764,-0.616103,-0.003887,0.762941,-1.061276,1.379887,0.677762,-0.022710,0.776123,0.148771,-0.612360,0.118390,0.078363,0.741383,0.248618,-0.580786,-0.010830,0.775087,-0.970087,1.264129,0.698667,0.316456,-0.426913,0.716256,-0.883390,10,False,True,0.013349,-0.004946,0.008684,0.094668,0.000528,0.046701,-0.012920,-0.068765,0.063487,-0.012920,-0.068765,0.063487,0.000000,0.068481,-0.002534,0.046701,0.327148,True,-0.021749,-0.072606,0.070620,-0.021749,-0.072606,0.070620,-2.056419,-1.721977,-1.690132,1.177086,-2.266999,-1.967887,-1.883772,0.977600,0.070718,0.062746,0.080309,-0.086243,0.078200,0.054092,0.076913,-0.099975,35.357563,44.102539,45.750698,-32.550224,True,velocity,0.316456,0.314059,0.000000,0.001701,0.014126,False,0.000263,0.018686,0.000039,0.003466,-2.723564,-2.748917,0.025354,2.730898,2.747882,-0.016984,167.000000
7.974379816005239,-0.042156,0.158472,-2.631175,0.004664,-0.101386,-0.458934,0.082403,-0.318502,0.209079,1.707703,0.452359,-0.242565,0.950000,1.570000,-0.025625,0.776149,0.145609,-0.612972,0.210995,-0.037787,0.718283,0.196519,-0.617127,-0.004680,0.761914,-1.063237,1.380205,0.677577,-0.022700,0.776115,0.148810,-0.612361,0.117797,0.078883,0.741647,0.249507,-0.581559,-0.011801,0.774206,-0.971389,1.263971,0.698369,0.317224,-0.427962,0.716268,-0.882611,10,False,True,0.014581,-0.003353,0.007346,0.051192,-0.014672,0.023362,-0.005232,-0.064638,0.057390,-0.005232,-0.064638,0.057390,0.000000,0.024208,-0.020082,0.023362,0.315918,True,-0.012920,-0.068765,0.063487,-0.012920,-0.068765,0.063487,-1.941624,-1.605666,-1.598584,1.270370,-2.156340,-1.863362,-1.797657,1.057457,0.063569,0.059010,0.075059,-0.078322,0.060139,0.043215,0.064380,-0.091061,35.430523,44.146626,45.817802,-32.649273,True,velocity,0.317224,0.314206,0.000000,0.001971,0.010350,False,0.000299,0.018673,0.000045,0.003482,-2.723142,-2.748917,0.025775,2.731388,2.747882,-0.016494,167.000000
8.02971151098609,-0.041032,0.157990,-2.632036,0.004852,-0.101628,-0.460066,0.082117,-0.310854,0.212100,1.700104,0.446941,-0.244216,0.950000,1.570000,-0.025625,0.776149,0.145609,-0.612972,0.210560,-0.037242,0.718378,0.197828,-0.619435,-0.003494,0.759706,-1.064481,1.380118,0.676807,-0.022693,0.776113,0.148823,-0.612360,0.117270,0.079235,0.741655,0.250807,-0.582722,-0.011252,0.772920,-0.972435,1.264097,0.696321,0.316916,-0.429133,0.716120,-0.881718,10,False,True,0.015756,-0.001851,0.006327,0.057743,-0.011247,0.026812,0.001364,-0.060820,0.052548,0.001364,-0.060820,0.052548,0.000000,0.030074,-0.018723,0.026812,0.295898,True,-0.005232,-0.064638,0.057390,-0.005232,-0.064638,0.057390,-1.825327,-1.492417,-1.507749,1.364637,-2.064591,-1.758988,-1.705786,1.149491,0.057830,0.055458,0.070132,-0.071231,0.053044,0.041252,0.057086,-0.084778,35.483677,44.202148,45.877510,-32.733540,True,velocity,0.316916,0.314250,0.000000,0.001560,0.015544,False,0.000311,0.018685,0.000047,0.003507,-2.723110,-2.748917,0.025808,2.731724,2.747882,-0.016158,167.000000
8.084848686994519,-0.039502,0.159719,-2.632753,0.005096,-0.101426,-0.460389,0.084040,-0.302778,0.211178,1.693647,0.437717,-0.228807,0.950000,1.570000,-0.025625,0.776149,0.145609,-0.612972,0.210159,-0.036741,0.718467,0.200767,-0.614539,0.003174,0.762905,-1.065472,1.380348,0.675490,-0.022710,0.776110,0.148822,-0.612364,0.117054,0.079403,0.741928,0.251560,-0.580992,-0.002766,0.774053,-0.973669,1.264679,0.698556,0.318127,-0.429824,0.715669,-0.880865,10,False,True,0.016530,0.000062,0.005428,0.052372,0.007446,0.025570,0.007117,-0.056460,0.048402,0.007117,-0.056460,0.048402,0.000000,0.024598,-0.002617,0.025570,0.289307,True,0.001364,-0.060820,0.052548,0.001364,-0.060820,0.052548,-1.709089,-1.383666,-1.418875,1.458728,-1.947450,-1.667457,-1.613859,1.223164,0.053105,0.053136,0.066586,-0.065813,0.047555,0.040895,0.057520,-0.083353,35.532784,44.234375,45.941265,-32.828823,True,velocity,0.318127,0.314250,0.000000,0.000999,0.041404,False,0.000329,0.018263,0.000050,0.003426,-2.722550,-2.748917,0.026368,2.732883,2.747882,-0.015000,167.000000
8.140758452995215,-0.039878,0.165267,-2.633133,0.006534,-0.099083,-0.457467,0.087718,-0.297690,0.213708,1.687767,0.442915,-0.217963,0.950000,1.570000,-0.025625,0.776149,0.145609,-0.612972,0.210073,-0.036634,0.718485,0.195822,-0.614846,0.007200,0.763915,-1.066316,1.381279,0.676764,-0.022734,0.776087,0.148896,-0.612374,0.116263,0.080648,0.742912,0.247166,-0.581376,0.001766,0.775183,-0.973765,1.264539,0.701090,0.321946,-0.429752,0.717051,-0.881384,10,False,True,0.015366,0.000894,0.003296,-0.002898,-0.019762,-0.015567,0.011569,-0.050849,0.042685,0.011569,-0.050849,0.042685,0.000000,-0.027918,-0.030699,-0.015567,0.286377,True,0.007117,-0.056460,0.048402,0.007117,-0.056460,0.048402,-1.592791,-1.275965,-1.329623,1.552982,-1.831308,-1.557100,-1.534180,1.315132,0.048637,0.050461,0.062745,-0.060363,0.039554,0.033679,0.051118,-0.077002,35.564732,44.271904,45.985073,-32.896904,True,velocity,0.321946,0.314250,0.015360,0.000643,0.017217,False,0.000432,0.018649,0.000066,0.003505,-2.723745,-2.748917,0.025173,2.732685,2.747882,-0.015197,167.000000
8.198135785001796,-0.043143,0.161873,-2.630890,0.010879,-0.102131,-0.466674,0.075205,-0.300744,0.239706,1.734114,0.419575,-0.292412,0.949329,1.570000,-0.025625,0.776149,0.145609,-0.612972,0.209382,-0.035770,0.718608,0.192437,-0.609762,0.009310,0.768812,-1.066011,1.381524,0.675922,-0.025580,0.775013,0.149835,-0.613393,0.116296,0.080391,0.744183,0.260337,-0.584872,-0.005944,0.768189,-0.973070,1.266429,0.690246,0.320419,-0.432629,0.714681,-0.875968,10,False,True,0.018711,0.002574,0.007289,0.140917,0.013127,0.162494,0.016702,-0.049263,0.044952,0.016702,-0.049263,0.044952,0.000000,0.111804,0.000163,0.162494,0.223877,True,0.011569,-0.050849,0.042685,0.011569,-0.050849,0.042685,-1.476543,-1.179427,-1.246916,1.647550,-1.726860,-1.465569,-1.448058,1.407186,0.044396,0.047345,0.057961,-0.054627,0.034952,0.030817,0.044295,-0.066237,35.605888,44.302315,46.036133,-32.971123,True,velocity,0.320419,0.314250,0.012317,0.000408,0.008288,False,0.000705,0.019393,0.000106,0.003756,-2.705774,-2.748917,0.043144,2.800928,2.747882,0.053046,167.000000
8.249191148002865,-0.051735,0.170328,-2.631983,0.017199,-0.092574,-0.450512,0.079183,-0.317189,0.222899,1.716886,0.477902,-0.201746,0.950000,1.570000,-0.025625,0.776149,0.145609,-0.612972,0.209310,-0.035680,0.718623,0.177355,-0.606471,0.012280,0.774976,-1.064514,1.384321,0.668604,-0.022736,0.776086,0.148933,-0.612367,0.114637,0.083919,0.743734,0.230112,-0.580905,0.011161,0.780688,-0.971483,1.264996,0.699716,0.323049,-0.427936,0.723127,-0.883734,10,False,True,0.009168,0.000653,-0.001976,-0.260577,-0.102468,-0.232995,0.017762,-0.042557,0.028122,0.017762,-0.042557,0.028122,0.000000,-0.260577,-0.102468,-0.232995,0.381592,True,0.016702,-0.049263,0.044952,0.016702,-0.049263,0.044952,-1.366632,-1.063099,-1.152551,1.734727,-1.623170,-1.348721,-1.362575,1.486895,0.043222,0.047779,0.058619,-0.053818,0.032896,0.030573,0.042567,-0.061185,35.634068,44.337334,46.075615,-33.030552,True,velocity,0.323049,0.314331,0.017395,0.000809,0.012581,False,0.001151,0.020683,0.000177,0.003859,-2.733562,-2.748917,0.015355,2.736229,2.747882,-0.011654,167.000000
8.307873955985997,-0.055591,0.170173,-2.633228,0.015871,-0.088656,-0.445797,0.078311,-0.315773,0.213344,1.714369,0.500000,-0.176248,0.950000,1.570000,-0.025625,0.776149,0.145609,-0.612972,0.207204,-0.033019,0.718988,0.165758,-0.602091,0.016946,0.780848,-1.061373,1.384067,0.675450,-0.022800,0.776089,0.148862,-0.612377,0.114272,0.085472,0.743746,0.218973,-0.576605,0.017245,0.786943,-0.970034,1.265808,0.705111,0.323261,-0.425109,0.727424,-0.888683,10,False,True,0.003663,0.000549,-0.007862,-0.147463,-0.045423,-0.148462,0.019081,-0.043564,0.005017,0.019081,-0.043564,0.005017,0.000000,-0.147463,-0.045423,-0.148462,0.424561,True,0.017762,-0.042557,0.028122,0.017762,-0.042557,0.028122,-1.250345,-1.047945,-1.115155,1.845827,-1.500625,-1.268875,-1.283521,1.584766,0.039926,0.044046,0.050395,-0.045946,0.026009,0.028031,0.036515,-0.055992,35.661411,44.361885,46.111050,-33.091518,True,velocity,0.323261,0.314509,0.017422,0.001624,0.008765,False,0.001065,0.020826,0.000163,0.003814,-2.738226,-2.748917,0.010692,2.733575,2.747882,-0.014307,167.000000
8.365915025991853,-0.144246,-0.087993,-2.729212,0.002043,-0.224457,-0.705060,-0.207600,-0.433351,-0.052136,1.751896,0.248230,-0.446501,0.950000,1.570000,-0.025625,0.776149,0.145609,-0.612972,0.206323,-0.031896,0.719139,0.155030,-0.601122,0.018053,0.783768,-1.059195,1.385392,0.680552,-0.079272,0.737436,0.036784,-0.669740,0.104691,0.043296,0.885218,0.426538,-0.513928,-0.142759,0.730454,-0.922807,1.327939,0.828857,0.317790,-0.403153,0.713545,-0.949555,10,False,True,-0.005069,0.026682,-0.068901,-0.095997,0.313786,-1.401037,0.017099,-0.039792,-0.018949,0.017099,-0.039792,-0.018949,0.000000,-0.087272,0.266052,-1.256000,0.085205,True,0.019081,-0.043564,0.005017,0.019081,-0.043564,0.005017,-1.169431,-1.136264,-1.146940,1.962114,-1.383639,-1.213696,-1.240459,1.670292,0.045591,0.047208,0.048255,-0.045770,0.025272,0.028987,0.034749,-0.055353,35.692242,44.401787,46.160156,-33.162666,True,velocity,0.317790,0.314828,0.000000,0.003050,0.018328,False,0.000107,0.004119,0.000009,0.000649,-2.739235,-2.748917,0.009682,2.756229,2.747882,0.008346,167.000000
8.42090540699428,-0.069856,0.118016,-2.624669,0.011295,-0.121524,-0.409744,0.006532,-0.389801,0.116067,1.797320,0.579428,-0.129330,0.950000,1.570000,-0.025625,0.776149,0.145609,-0.612972,0.178561,-0.011357,0.763697,0.140446,-0.601010,0.031673,0.786167,-1.017732,1.438742,0.791080,-0.023642,0.775845,0.148500,-0.612743,0.098917,0.100306,0.770827,0.210970,-0.541208,0.014355,0.813867,-0.937938,1.326329,0.755034,0.321495,-0.405346,0.776334,-0.950030,10,False,True,-0.043907,-0.021836,-0.068744,-0.237817,-0.247603,-0.156208,0.014887,-0.036397,-0.038035,0.014887,-0.036397,-0.038035,0.000000,-0.170472,-0.222125,-0.014241,0.081055,True,0.017099,-0.039792,-0.018949,0.017099,-0.039792,-0.018949,-1.121242,-1.252478,-1.216108,2.067697,-1.304089,-1.213696,-1.221821,1.774779,0.045980,0.044308,0.039958,-0.040579,0.023897,0.031319,0.036222,-0.056408,35.711079,44.435547,46.187778,-33.207451,True,velocity,0.321495,0.315450,0.011790,0.005984,0.008650,False,0.000581,0.013975,0.000082,0.002205,-2.742532,-2.748917,0.006386,2.731558,2.747882,-0.016325,167.000000
8.477604594983859,-0.063189,0.118898,-2.623882,0.004115,-0.122647,-0.419498,0.019657,-0.384957,0.179609,1.768820,0.611754,-0.120034,0.950000,1.570000,-0.025625,0.776149,0.145609,-0.612972,0.178561,-0.011357,0.763697,0.120620,-0.613037,0.033356,0.780079,-1.032248,1.440838,0.726775,-0.023176,0.775944,0.148510,-0.612632,0.092514,0.109211,0.775860,0.189560,-0.566764,0.024505,0.801402,-0.946998,1.320290,0.727743,0.328783,-0.419002,0.779340,-0.940120,10,False,True,-0.035740,-0.031675,-0.057567,0.117677,-0.260885,0.180700,0.019047,-0.041274,-0.059351,0.019047,-0.041274,-0.059351,0.000000,0.172960,-0.220193,0.297290,0.155273,True,0.014887,-0.036397,-0.038035,0.014887,-0.036397,-0.038035,-1.091206,-1.368496,-1.311444,2.163032,-1.230511,-1.250495,-1.240480,1.885084,0.045745,0.041590,0.032737,-0.036586,0.020472,0.031106,0.028135,-0.047846,35.736748,44.468052,46.213169,-33.262417,True,velocity,0.328783,0.316059,0.025061,0.007747,0.016699,False,0.000214,0.021612,0.000030,0.003615,-2.733967,-2.748917,0.014951,2.723282,2.747882,-0.024600,167.000000
8.534131727996282,-0.058567,0.116726,-2.624370,0.003907,-0.125284,-0.428013,0.021153,-0.369091,0.205399,1.747252,0.606402,-0.115822,0.950000,1.570000,-0.025625,0.776149,0.145609,-0.612972,0.178561,-0.011357,0.763697,0.118958,-0.616013,0.037305,0.777808,-1.040438,1.436491,0.698706,-0.022962,0.776012,0.148452,-0.612569,0.090629,0.110550,0.777069,0.185748,-0.575783,0.031835,0.795587,-0.953949,1.314772,0.714203,0.328801,-0.426361,0.776522,-0.932183,10,False,True,-0.028836,-0.032853,-0.047651,0.179138,-0.117084,0.144687,0.032105,-0.069120,-0.117130,0.032105,-0.069120,-0.117130,0.000000,0.224364,-0.074465,0.238114,1.000000,True,0.019047,-0.041274,-0.059351,0.019047,-0.041274,-0.059351,-1.030220,-1.388323,-1.313213,2.279274,-1.181556,-1.286852,-1.252671,1.977131,0.055970,0.049110,0.035099,-0.042751,0.022216,0.032013,0.025174,-0.044254,35.760601,44.503349,46.246929,-33.303852,True,velocity,0.328801,0.316706,0.023739,0.009011,0.010014,False,0.000200,0.024056,0.000028,0.004162,-2.730324,-2.748917,0.018593,2.723084,2.747882,-0.024798,167.000000
8.592677092005033,-0.055805,0.122735,-2.623257,0.004312,-0.125792,-0.429175,0.028129,-0.355662,0.216620,1.731642,0.617565,-0.097244,0.950000,1.570000,-0.025625,0.776149,0.145609,-0.612972,0.178376,-0.011100,0.763699,0.107637,-0.614723,0.042477,0.780209,-1.046461,1.432069,0.688586,-0.022954,0.776004,0.148514,-0.612564,0.088976,0.112348,0.778268,0.174437,-0.578905,0.040430,0.795491,-0.958914,1.308879,0.713156,0.333373,-0.429965,0.776230,-0.928655,10,False,True,-0.026805,-0.032712,-0.040219,0.046549,-0.102877,0.032666,0.028432,-0.073580,-0.102090,0.028432,-0.073580,-0.102090,0.000000,0.089450,-0.061392,0.105841,0.552246,True,0.032105,-0.069120,-0.117130,0.032105,-0.069120,-0.117130,-1.013496,-1.425743,-1.351753,2.330406,-1.114382,-1.317561,-1.270667,2.087473,0.097851,0.083862,0.055928,-0.073319,0.026497,0.035114,0.042472,-0.051907,35.811245,44.555805,46.316128,-33.398716,True,velocity,0.333373,0.317441,0.031340,0.010465,0.017754,False,0.000229,0.025565,0.000033,0.004467,-2.727088,-2.748917,0.021829,2.723464,2.747882,-0.024418,167.000000
8.651632972003426,-0.054575,0.123939,-2.622622,0.004409,-0.126508,-0.431092,0.030142,-0.343728,0.222450,1.717735,0.626425,-0.095433,0.950000,1.570000,-0.025625,0.776149,0.145609,-0.612972,0.176953,-0.009135,0.763678,0.100348,-0.617299,0.041930,0.779175,-1.050738,1.426826,0.684702,-0.022963,0.775999,0.148532,-0.612566,0.087562,0.113684,0.778327,0.167633,-0.581458,0.040127,0.795107,-0.963223,1.304303,0.710417,0.334108,-0.432886,0.776238,-0.926238,10,False,True,-0.025382,-0.032195,-0.034399,0.026859,-0.095084,0.014249,0.023555,-0.077346,-0.088919,0.023555,-0.077346,-0.088919,0.000000,0.068028,-0.055235,0.072496,0.423096,True,0.028432,-0.073580,-0.102090,0.028432,-0.073580,-0.102090,-1.081974,-1.442833,-1.391386,2.214105,-1.102191,-2.728178,-1.295733,2.142314,0.097485,0.086360,0.061747,-0.076134,0.054172,0.060635,0.059548,-0.075141,35.898296,44.650249,46.392998,-33.487862,True,velocity,0.334108,0.318287,0.031053,0.011773,0.013621,False,0.000236,0.026473,0.000034,0.004665,-2.725540,-2.748917,0.023377,2.722422,2.747882,-0.025460,167.000000
8.703181110002333,-0.052565,0.125542,-2.622345,0.004518,-0.127296,-0.433533,0.032787,-0.329878,0.225569,1.704973,0.620720,-0.072204,0.950000,1.570000,-0.025625,0.776149,0.145609,-0.612972,0.175829,-0.007590,0.763663,0.098024,-0.615221,0.052372,0.780481,-1.054661,1.422588,0.682437,-0.022995,0.775990,0.148541,-0.612573,0.086893,0.113870,0.778267,0.163726,-0.580709,0.052030,0.795779,-0.967576,1.301453,0.710249,0.334954,-0.435438,0.774745,-0.923243,10,False,True,-0.023155,-0.030126,-0.028439,0.049804,-0.048921,0.045358,0.019508,-0.077304,-0.063378,0.019508,-0.077304,-0.063378,0.000000,0.087750,-0.012962,0.089877,0.653076,True,0.023555,-0.077346,-0.088919,0.023555,-0.077346,-0.088919,-1.157750,-1.475448,-1.444482,2.097821,-1.108152,-1.379231,-1.325952,2.142323,0.096222,0.088231,0.066517,-0.076811,0.085304,0.080154,0.064860,-0.077466,35.986050,44.734375,46.450336,-33.560127,True,velocity,0.334954,0.319244,0.030714,0.014105,0.019858,False,0.000244,0.026579,0.000035,0.004698,-2.723628,-2.748917,0.025290,2.723486,2.747882,-0.024396,167.000000
8.75413232599385,-0.052032,0.126503,-2.621702,0.004550,-0.127556,-0.434802,0.034392,-0.320059,0.230682,1.693073,0.624822,-0.082123,0.950000,1.570000,-0.025625,0.776149,0.145609,-0.612972,0.175507,-0.007152,0.763659,0.094266,-0.620997,0.048854,0.776588,-1.058582,1.420065,0.682320,-0.022961,0.775992,0.148585,-0.612562,0.085735,0.114819,0.778677,0.161372,-0.583742,0.046924,0.794357,-0.970508,1.298464,0.707778,0.335911,-0.437700,0.774702,-0.921434,10,False,True,-0.021952,-0.028978,-0.024518,0.017762,-0.074989,0.017666,0.017432,-0.076865,-0.037542,0.017432,-0.076865,-0.037542,0.000000,0.053838,-0.041343,0.054264,1.000000,True,0.019508,-0.077304,-0.063378,0.019508,-0.077304,-0.063378,-1.228805,-1.468486,-1.445857,1.981499,-1.132535,-1.403438,-1.362583,2.124041,0.089879,0.085334,0.069843,-0.075078,0.089481,0.084023,0.070211,-0.073111,36.091656,44.819756,46.533203,-33.629604,True,velocity,0.335911,0.320525,0.029876,0.017899,0.005613,False,0.000247,0.027240,0.000035,0.004870,-2.722672,-2.748917,0.026246,2.722161,2.747882,-0.025721,167.000000
8.826551845006179,-0.052820,0.129590,-2.621499,0.005844,-0.126336,-0.433669,0.035782,-0.310699,0.239596,1.681538,0.642773,-0.050767,0.950000,1.570000,-0.025625,0.776149,0.145609,-0.612972,0.174650,-0.005987,0.763655,0.077278,-0.624591,0.062422,0.774608,-1.061495,1.417151,0.680787,-0.023050,0.775919,0.148726,-0.612616,0.084134,0.116968,0.778486,0.146504,-0.585332,0.060707,0.795133,-0.972368,1.294666,0.705159,0.337192,-0.439154,0.776713,-0.921100,10,False,True,-0.022615,-0.028922,-0.022933,-0.040400,-0.107482,-0.024648,0.009799,-0.081631,-0.035468,0.009799,-0.081631,-0.035468,0.000000,-0.003459,-0.074345,0.010011,0.885010,True,0.017432,-0.076865,-0.037542,0.017432,-0.076865,-0.037542,-1.286396,-1.435983,-1.419071,1.889121,-1.187718,-1.409742,-1.387636,2.044383,0.084460,0.082181,0.073069,-0.075173,0.090361,0.082343,0.070646,-0.065745,36.211357,44.924526,46.627232,-33.713448,True,velocity,0.337192,0.321928,0.029604,0.018458,0.030865,False,0.000323,0.028838,0.000047,0.005156,-2.723922,-2.748917,0.024996,2.722823,2.747882,-0.025059,167.000000
8.8833995689929,-0.051235,0.128934,-2.621499,0.004771,-0.126884,-0.435847,0.037635,-0.296365,0.234086,1.674047,0.630134,-0.022004,0.950000,1.570000,-0.025625,0.776149,0.145609,-0.612972,0.173061,-0.003829,0.763648,0.082634,-0.608527,0.071075,0.786012,-1.063085,1.413586,0.678557,-0.022919,0.776039,0.148524,-0.612518,0.084225,0.116003,0.780018,0.145514,-0.579838,0.075523,0.798066,-0.976342,1.293671,0.710827,0.338595,-0.440365,0.774712,-0.919376,10,False,True,-0.020718,-0.025415,-0.020027,0.032062,-0.002983,0.021846,0.011489,-0.067986,-0.024826,0.011489,-0.067986,-0.024826,0.000000,0.065774,0.024394,0.051721,1.000000,True,0.009799,-0.081631,-0.035468,0.009799,-0.081631,-0.035468,-1.388727,-1.526976,-1.522056,1.772810,-1.230709,-1.422076,-1.399210,1.983008,0.086332,0.085586,0.076795,-0.077155,0.084586,0.072306,0.064502,-0.058793,36.289898,45.004604,46.683174,-33.764370,True,velocity,0.338595,0.324287,0.027271,0.026890,0.006769,False,0.000262,0.027858,0.000038,0.004943,-2.721935,-2.748917,0.026982,2.726370,2.747882,-0.021512,167.000000
8.938915779988747,-0.054102,0.128061,-2.621130,0.008841,-0.122070,-0.431968,0.030583,-0.284950,0.264559,1.659453,0.683542,-0.030897,0.950000,1.570000,-0.025855,0.777448,0.147790,-0.610791,0.085536,0.115410,0.774360,0.082634,-0.608527,0.071075,0.786012,-1.063085,1.413586,0.678557,-0.024267,0.777436,0.149289,-0.610505,0.037627,0.181080,0.783783,0.119735,-0.590884,0.073327,0.794445,-1.015913,1.347860,0.697995,0.340954,-0.484042,0.842368,-0.923338,10,False,True,-0.028911,-0.103315,-0.023161,-0.059512,-0.344903,-0.156308,0.007056,-0.108835,-0.044471,0.007056,-0.108835,-0.044471,0.000000,-0.027219,-0.278674,-0.118861,0.821777,True,0.011489,-0.067986,-0.024826,0.011489,-0.067986,-0.024826,-1.353131,-1.468822,-1.459347,1.808121,-1.292105,-1.446744,-1.430060,1.928161,0.072608,0.071381,0.065322,-0.066337,0.080482,0.071274,0.062664,-0.053822,36.384346,45.093330,46.758511,-33.832729,True,velocity,0.340954,0.325941,0.028637,0.027769,0.000194,False,0.000482,0.032961,0.000069,0.005990,-2.725007,-2.748917,0.023911,2.733382,2.747882,-0.014500,167.000000
8.992615927010775,-0.056118,0.130832,-2.622744,0.007810,-0.121722,-0.428060,0.031340,-0.277870,0.265899,1.651853,0.682797,-0.029412,0.950000,1.570000,-0.024721,0.776058,0.149177,-0.612265,0.085922,0.116010,0.773417,0.082634,-0.608527,0.071075,0.786012,-1.063085,1.413586,0.678557,-0.023117,0.776061,0.150650,-0.611964,0.037904,0.181813,0.783602,0.118881,-0.591437,0.074110,0.794089,-1.015803,1.347722,0.698753,0.342608,-0.483683,0.842924,-0.923271,10,False,True,-0.029624,-0.099943,-0.021612,-0.065291,-0.144264,-0.032342,-0.004960,-0.120465,-0.045489,-0.004960,-0.120465,-0.045489,0.000000,-0.018778,-0.006387,0.002002,0.794434,True,0.007056,-0.108835,-0.044471,0.007056,-0.108835,-0.044471,-1.443591,-1.575207,-1.575671,1.711239,-1.328884,-1.471412,-1.466698,1.885067,0.114367,0.113669,0.102775,-0.102842,0.086884,0.076974,0.069743,-0.061517,36.509487,45.185547,46.863003,-33.915874,True,velocity,0.342608,0.326691,0.030680,0.023063,0.036049,False,0.000434,0.033080,0.000063,0.006036,-2.728656,-2.748917,0.020262,2.732798,2.747882,-0.015084,167.000000
9.050324979994912,-0.059763,0.133770,-2.626839,0.006285,-0.126877,-0.425939,0.035780,-0.270505,0.267145,1.644812,0.681279,-0.029973,0.950000,1.570000,-0.021279,0.772402,0.147442,-0.617417,0.085719,0.117546,0.772161,0.082634,-0.608527,0.071075,0.786012,-1.063085,1.413586,0.678557,-0.019687,0.772409,0.148907,-0.617109,0.037919,0.182974,0.782581,0.118527,-0.591840,0.074219,0.793831,-1.016015,1.348093,0.698790,0.343416,-0.483522,0.843905,-0.923032,10,False,True,-0.030047,-0.096643,-0.019856,-0.068466,-0.151536,0.007180,-0.017812,-0.125962,-0.038861,-0.017812,-0.125962,-0.038861,0.000000,-0.022017,-0.020118,0.007180,0.708008,True,-0.004960,-0.120465,-0.045489,-0.004960,-0.120465,-0.045489,-1.548801,-1.671170,-1.680832,1.594925,-1.383639,-1.520274,-1.521969,1.817863,0.124352,0.125118,0.113904,-0.111759,0.115672,0.109543,0.098474,-0.084019,36.647182,45.344448,46.986469,-34.023857,True,velocity,0.343416,0.328284,0.029027,0.024755,0.029168,False,0.000358,0.033153,0.000052,0.006076,-2.736365,-2.748917,0.012552,2.732905,2.747882,-0.014977,167.000000
9.10717168499832,-0.072055,0.132002,-2.639529,0.001057,-0.143803,-0.440996,0.037111,-0.262448,0.267289,1.636925,0.679458,-0.030784,0.950000,1.570000,-0.018616,0.761018,0.137271,-0.633768,0.083984,0.119636,0.772456,0.082634,-0.608527,0.071075,0.786012,-1.063085,1.413586,0.678557,-0.017011,0.761042,0.138763,-0.633459,0.036869,0.184068,0.782862,0.118486,-0.592010,0.073856,0.793745,-1.016783,1.349053,0.698526,0.343464,-0.483823,0.845334,-0.923041,10,False,True,-0.029980,-0.093792,-0.018570,-0.064740,-0.165100,-0.000285,-0.030681,-0.134932,-0.029611,-0.030681,-0.134932,-0.029611,0.000000,-0.019398,-0.039296,-0.000285,1.000000,True,-0.017812,-0.125962,-0.038861,-0.017812,-0.125962,-0.038861,-1.656307,-1.755464,-1.769605,1.478605,-1.469409,-1.575447,-1.583012,1.744065,0.128917,0.130834,0.121490,-0.117454,0.138775,0.133347,0.125172,-0.106615,36.816826,45.478096,47.137836,-34.152622,True,velocity,0.343464,0.330800,0.023742,0.031696,0.008331,False,0.000060,0.033118,0.000009,0.006092,-2.752256,-2.748917,-0.003339,2.733672,2.747882,-0.014210,167.000000
9.15890547100571,-0.068304,0.139160,-2.632578,0.004787,-0.141252,-0.434511,0.042246,-0.255970,0.268054,1.630547,0.677770,-0.030234,0.950000,1.570000,-0.019398,0.764141,0.139547,-0.629475,0.083157,0.118929,0.772232,0.082634,-0.608527,0.071075,0.786012,-1.063085,1.413586,0.678557,-0.017665,0.764268,0.140844,-0.629083,0.035939,0.183650,0.782524,0.118502,-0.592230,0.074515,0.793517,-1.016937,1.348676,0.700973,0.346431,-0.483951,0.845033,-0.923528,10,False,True,-0.028583,-0.089165,-0.018070,-0.033410,-0.112791,-0.014606,-0.031177,-0.130907,-0.026883,-0.031177,-0.130907,-0.026883,0.000000,0.008597,0.004732,-0.014606,1.000000,True,-0.030681,-0.134932,-0.029611,-0.030681,-0.134932,-0.029611,-1.753822,-1.823062,-1.836370,1.377901,-1.542970,-1.648793,-1.662700,1.640260,0.137793,0.140600,0.133732,-0.128554,0.142411,0.139706,0.130531,-0.109249,36.961494,45.645508,47.277485,-34.261578,True,velocity,0.346431,0.331578,0.028411,0.025898,0.027399,False,0.000282,0.033141,0.000041,0.006116,-2.750409,-2.748917,-0.001492,2.734372,2.747882,-0.013510,167.000000
9.216535988001851,-0.070731,0.139959,-2.632301,0.003451,-0.145358,-0.433974,0.037980,-0.249294,0.267907,1.624079,0.676727,-0.030762,0.950000,1.570000,-0.020118,0.761900,0.140785,-0.631889,0.082288,0.119192,0.771291,0.082634,-0.608527,0.071075,0.786012,-1.063085,1.413586,0.678557,-0.018366,0.762045,0.142043,-0.631485,0.035263,0.183683,0.781516,0.118542,-0.592243,0.074348,0.793516,-1.017126,1.348909,0.700738,0.346295,-0.484046,0.845382,-0.924273,10,False,True,-0.027608,-0.085159,-0.017919,-0.043827,-0.120653,-0.022339,-0.033477,-0.129042,-0.026057,-0.033477,-0.129042,-0.026057,0.000000,-0.004229,-0.009993,-0.022339,1.000000,True,-0.031177,-0.130907,-0.026883,-0.031177,-0.130907,-0.026883,-1.766523,-1.831125,-1.843917,1.365244,-1.635361,-1.697967,-1.724424,1.560559,0.135637,0.137650,0.131581,-0.127879,0.150918,0.147920,0.140735,-0.113128,37.138252,45.796040,47.444195,-34.398716,True,velocity,0.346295,0.333937,0.023140,0.031506,0.005494,False,0.000205,0.033111,0.000030,0.006126,-2.751216,-2.748917,-0.002298,2.734301,2.747882,-0.013582,167.000000
9.268672567995964,-0.070687,0.142598,-2.630908,0.001814,-0.147669,-0.425576,0.031241,-0.243298,0.273305,1.616961,0.676555,-0.032816,0.950000,1.570000,-0.020014,0.760678,0.146847,-0.631984,0.082444,0.120064,0.769341,0.082634,-0.608527,0.071075,0.786012,-1.063085,1.413586,0.678557,-0.018469,0.760689,0.148312,-0.631676,0.035265,0.184710,0.780755,0.117732,-0.594260,0.074641,0.792101,-1.016604,1.348829,0.699192,0.347710,-0.484163,0.846093,-0.924405,10,False,True,-0.026768,-0.081513,-0.017183,-0.047901,-0.123591,-0.003969,-0.036100,-0.128051,-0.022041,-0.036100,-0.128051,-0.022041,0.000000,-0.010362,-0.018970,-0.003969,1.000000,True,-0.033477,-0.129042,-0.026057,-0.033477,-0.129042,-0.026057,-1.787029,-1.849974,-1.863358,1.343959,-1.678348,-1.746806,-1.773236,1.499183,0.134491,0.136646,0.130748,-0.127364,0.147281,0.144218,0.135762,-0.112330,37.275810,45.956055,47.566406,-34.502373,True,velocity,0.347710,0.335487,0.022907,0.030756,0.009511,False,0.000109,0.033610,0.000016,0.006273,-2.746865,-2.748917,0.002052,2.734546,2.747882,-0.013337,167.000000
9.320140299008926,-0.069340,0.147229,-2.628545,0.002154,-0.148816,-0.418575,0.030863,-0.237191,0.276079,1.610493,0.675461,-0.033078,0.950000,1.570000,-0.019595,0.760597,0.150553,-0.631222,0.082573,0.120615,0.768212,0.082634,-0.608527,0.071075,0.786012,-1.063085,1.413586,0.678557,-0.018059,0.760612,0.151995,-0.630905,0.035262,0.185432,0.780028,0.117209,-0.595225,0.075197,0.791400,-1.016459,1.348641,0.699623,0.349686,-0.484082,0.846488,-0.924357,10,False,True,-0.025815,-0.077525,-0.016400,-0.044628,-0.106092,0.001449,-0.037650,-0.124059,-0.017770,-0.037650,-0.124059,-0.017770,0.000000,-0.009215,-0.007844,0.001449,1.000000,True,-0.036100,-0.128051,-0.022041,-0.036100,-0.128051,-0.022041,-1.813362,-1.866607,-1.878575,1.318211,-1.721335,-1.777962,-1.797657,1.456090,0.134125,0.135992,0.131038,-0.128124,0.139488,0.134807,0.129899,-0.110059,37.416016,46.092216,47.696148,-34.616352,True,velocity,0.349686,0.336225,0.025656,0.025324,0.027638,False,0.000132,0.033831,0.000020,0.006350,-2.743727,-2.748917,0.005191,2.734333,2.747882,-0.013549,167.000000
9.377105282008415,-0.065398,0.150061,-2.624133,0.004408,-0.146479,-0.409739,0.033504,-0.230924,0.275211,1.605363,0.674282,-0.033811,0.950000,1.570000,-0.018113,0.763574,0.153719,-0.626895,0.081991,0.122725,0.766433,0.082634,-0.608527,0.071075,0.786012,-1.063085,1.413586,0.678557,-0.016614,0.763582,0.155122,-0.626581,0.035299,0.186743,0.778168,0.117142,-0.594789,0.074838,0.791772,-1.017015,1.349522,0.699306,0.348946,-0.484080,0.847701,-0.924491,10,False,True,-0.025264,-0.074360,-0.015942,-0.056432,-0.122024,-0.004035,-0.041065,-0.123689,-0.015273,-0.041065,-0.123689,-0.015273,0.000000,-0.022428,-0.028667,-0.004035,1.000000,True,-0.037650,-0.124059,-0.017770,-0.037650,-0.124059,-0.017770,-1.838534,-1.882481,-1.892872,1.293968,-1.763933,-1.801979,-1.828504,1.413062,0.130535,0.132196,0.128223,-0.125709,0.141609,0.138043,0.137971,-0.119058,37.582729,46.228935,47.865932,-34.763115,True,velocity,0.348946,0.338241,0.019967,0.028869,0.004822,False,0.000272,0.033728,0.000041,0.006339,-2.737908,-2.748917,0.011009,2.734891,2.747882,-0.012992,167.000000
9.429440620006062,-0.064249,0.150590,-2.622550,0.006085,-0.145328,-0.406226,0.034470,-0.224509,0.274441,1.599783,0.673045,-0.034462,0.950000,1.570000,-0.017135,0.764943,0.154414,-0.625080,0.081334,0.124398,0.766009,0.082634,-0.608527,0.071075,0.786012,-1.063085,1.413586,0.678557,-0.015675,0.764937,0.155813,-0.624778,0.035206,0.187685,0.777587,0.117113,-0.594460,0.074467,0.792058,-1.017488,1.350320,0.698923,0.348237,-0.484051,0.848811,-0.924682,10,False,True,-0.024563,-0.071107,-0.015623,-0.053518,-0.114119,-0.005708,-0.043329,-0.121949,-0.013534,-0.043329,-0.121949,-0.013534,0.000000,-0.021129,-0.025735,-0.005708,1.000000,True,-0.041065,-0.123689,-0.015273,-0.041065,-0.123689,-0.015273,-1.868096,-1.905453,-1.914950,1.264917,-1.788317,-1.820802,-1.840756,1.382377,0.130903,0.132458,0.129050,-0.126867,0.139485,0.138780,0.138994,-0.122808,37.710102,46.358257,48.000977,-34.877232,True,velocity,0.348237,0.338903,0.017504,0.023287,0.026018,False,0.000376,0.033634,0.000057,0.006331,-2.735854,-2.748917,0.013064,2.735792,2.747882,-0.012090,167.000000
9.491620780987432,-0.061841,0.149308,-2.622860,0.013107,-0.140490,-0.400752,0.053740,-0.218639,0.271408,1.594490,0.672385,-0.033280,0.950000,1.570000,-0.008335,0.769835,0.146775,-0.621081,0.079987,0.127994,0.767478,0.082634,-0.608527,0.071075,0.786012,-1.063085,1.413586,0.678557,-0.006997,0.769785,0.148226,-0.620815,0.035176,0.189537,0.778388,0.116694,-0.593495,0.073883,0.792898,-1.018643,1.352176,0.697962,0.345846,-0.484069,0.851263,-0.924318,10,False,True,-0.024581,-0.068999,-0.014808,-0.076656,-0.143618,0.010908,-0.049389,-0.125889,-0.009090,-0.049389,-0.125889,-0.009090,0.000000,-0.044749,-0.058401,0.010908,1.000000,True,-0.043329,-0.121949,-0.013534,-0.043329,-0.121949,-0.013534,-1.891283,-1.924434,-1.933359,1.242091,-1.813084,-2.678843,-1.240459,1.345817,0.129840,0.131729,0.125800,-0.126412,0.131900,0.130531,0.132108,-0.116532,37.839985,46.540180,48.150948,-34.988560,True,velocity,0.345846,0.340912,0.000000,0.026793,0.006667,False,0.000802,0.033376,0.000121,0.006272,-2.734660,-2.748917,0.014257,2.735175,2.747882,-0.012707,167.000000
9.551145492005162,-0.060291,0.148502,-2.628085,0.019436,-0.138909,-0.382499,0.088575,-0.213061,0.271587,1.589507,0.670948,-0.033229,0.950000,1.570000,0.012118,0.773387,0.136610,-0.618921,0.080020,0.132454,0.771031,0.082634,-0.608527,0.071075,0.786012,-1.063085,1.413586,0.678557,0.013252,0.773272,0.138129,-0.618705,0.036314,0.192373,0.781403,0.115992,-0.593490,0.073646,0.793027,-1.019638,1.353856,0.697413,0.345413,-0.483941,0.854053,-0.922786,10,False,True,-0.024729,-0.066933,-0.012973,-0.085937,-0.145661,0.045952,-0.056034,-0.129484,0.000918,-0.056034,-0.129484,0.000918,0.000000,-0.054418,-0.063694,0.045952,1.000000,True,-0.049389,-0.125889,-0.009090,-0.049389,-0.125889,-0.009090,-1.931069,-1.952206,-1.958357,1.204649,-1.855954,-1.875836,-1.901813,1.315209,0.135332,0.136436,0.134555,-0.132817,0.134258,0.135382,0.000000,-0.117674,38.032784,46.708565,1.289760,-35.158344,True,velocity,0.345413,0.342087,0.000000,0.024167,0.001517,False,0.001189,0.033355,0.000179,0.006282,-2.738838,-2.748917,0.010080,2.735123,2.747882,-0.012759,167.000000
9.616066677001072,-0.059075,0.144644,-2.629337,0.014993,-0.135795,-0.371211,0.088846,-0.206529,0.274293,1.583314,0.669597,-0.034443,0.950000,1.570000,0.016668,0.774282,0.141671,-0.616554,0.080914,0.135665,0.773904,0.082634,-0.608527,0.071075,0.786012,-1.063085,1.413586,0.678557,0.017757,0.774165,0.143114,-0.616337,0.037658,0.194759,0.784002,0.115390,-0.594307,0.073788,0.792489,-1.020123,1.354645,0.697415,0.346826,-0.484129,0.855716,-0.922194,10,False,True,-0.023736,-0.064044,-0.012412,-0.055507,-0.120247,0.017769,-0.055938,-0.127804,0.003982,-0.055938,-0.127804,0.003982,0.000000,-0.026185,-0.042860,0.017769,1.000000,True,-0.056034,-0.129484,0.000918,-0.056034,-0.129484,0.000918,-1.980544,-1.978513,-1.977881,1.161683,-1.899325,-1.906346,-1.926237,1.266167,0.140582,0.140556,0.140897,-0.140394,0.145466,0.143353,0.141867,-0.125751,38.235073,46.877930,48.512276,-35.335796,True,velocity,0.346826,0.343091,0.000000,0.020793,0.020116,False,0.000906,0.033558,0.000135,0.006356,-2.738851,-2.748917,0.010067,2.735911,2.747882,-0.011971,167.000000
9.67537177700433,-0.063661,0.142350,-2.634094,0.009204,-0.144368,-0.375504,0.082735,-0.199574,0.276454,1.576533,0.669035,-0.035427,0.950000,1.570000,0.016465,0.768496,0.142080,-0.623663,0.079611,0.139030,0.774922,0.082634,-0.608527,0.071075,0.786012,-1.063085,1.413586,0.678557,0.017564,0.768395,0.143467,-0.623440,0.037171,0.196912,0.784825,0.114665,-0.594999,0.073846,0.792070,-1.020972,1.355822,0.697212,0.347793,-0.484860,0.857665,-0.922273,10,False,True,-0.022499,-0.061768,-0.012623,-0.045531,-0.133453,-0.002367,-0.054046,-0.128831,0.002827,-0.054046,-0.128831,0.002827,0.000000,-0.018593,-0.059603,-0.002367,1.000000,True,-0.055938,-0.127804,0.003982,-0.055938,-0.127804,0.003982,-1.989217,-1.980304,-1.977523,1.155203,-1.929483,-1.924790,-1.939040,1.235483,0.139088,0.138578,0.139584,-0.139708,0.147065,0.144571,0.144815,-0.131534,38.412251,47.053852,48.683174,-35.498604,True,velocity,0.347793,0.343697,0.000000,0.016825,0.015871,False,0.000555,0.033753,0.000082,0.006424,-2.748058,-2.748917,0.000860,2.736553,2.747882,-0.011329,167.000000
9.729529125004774,-0.064573,0.142537,-2.633333,0.008192,-0.147417,-0.378110,0.079423,-0.193364,0.276949,1.570409,0.668475,-0.035647,0.950000,1.570000,0.014667,0.767194,0.142376,-0.625242,0.078366,0.140604,0.774695,0.082634,-0.608527,0.071075,0.786012,-1.063085,1.413586,0.678557,0.015771,0.767101,0.143741,-0.625017,0.036441,0.197805,0.784524,0.114297,-0.595189,0.073827,0.791982,-1.021469,1.356508,0.697022,0.347958,-0.485221,0.858742,-0.922748,10,False,True,-0.021079,-0.058544,-0.013193,-0.035787,-0.101038,-0.014260,-0.050726,-0.123778,-0.000279,-0.050726,-0.123778,-0.000279,0.000000,-0.011302,-0.032155,-0.014260,1.000000,True,-0.054046,-0.128831,0.002827,-0.054046,-0.128831,0.002827,-1.972142,-1.965785,-1.963879,1.171381,-1.941404,-1.936989,-1.939091,1.223164,0.139510,0.139120,0.139800,-0.140026,0.147929,0.146825,0.146720,-0.140594,38.555523,47.219448,48.831196,-35.637695,True,velocity,0.347958,0.343878,0.000000,0.012059,0.021455,False,0.000494,0.033806,0.000073,0.006452,-2.747974,-2.748917,0.000943,2.736715,2.747882,-0.011167,167.000000
9.788174526009243,-0.066686,0.147942,-2.635233,0.001502,-0.153063,-0.374921,0.072882,-0.187123,0.283463,1.563812,0.667782,-0.037650,0.950000,1.570000,0.012614,0.762009,0.148756,-0.630123,0.077261,0.144591,0.772843,0.082634,-0.608527,0.071075,0.786012,-1.063085,1.413586,0.678557,0.013719,0.761945,0.150030,-0.629875,0.035822,0.200910,0.783162,0.113085,-0.597289,0.074546,0.790506,-1.022092,1.357255,0.697440,0.351712,-0.486231,0.860720,-0.922286,10,False,True,-0.019804,-0.056599,-0.012721,-0.034946,-0.131494,0.013879,-0.047857,-0.125181,0.002295,-0.047857,-0.125181,0.002295,0.000000,-0.012493,-0.065436,0.013879,1.000000,True,-0.050726,-0.123778,-0.000279,-0.050726,-0.123778,-0.000279,-1.959309,-1.959966,-1.960160,1.182090,-1.948091,-1.936989,-1.944927,1.217116,0.133774,0.133783,0.133740,-0.133637,0.141574,0.140539,0.142865,-0.138671,38.709404,47.349888,48.993443,-35.792271,True,velocity,0.351712,0.343881,0.015280,0.007622,0.000723,False,0.000094,0.034345,0.000014,0.006619,-2.745549,-2.748917,0.003369,2.737791,2.747882,-0.010091,167.000000
9.847561255999608,-0.062202,0.152146,-2.631568,0.002250,-0.152462,-0.360464,0.077157,-0.181906,0.285489,1.558563,0.667356,-0.037878,0.950000,1.570000,0.016572,0.764186,0.153949,-0.626135,0.076502,0.149112,0.771389,0.082634,-0.608527,0.071075,0.786012,-1.063085,1.413586,0.678557,0.017598,0.764112,0.155169,-0.625896,0.036003,0.204055,0.781749,0.112132,-0.597954,0.074687,0.790126,-1.023000,1.358626,0.697183,0.352526,-0.486774,0.863090,-0.921685,10,False,True,-0.019241,-0.054629,-0.012197,-0.052452,-0.129230,0.018018,-0.048692,-0.125917,0.005154,-0.048692,-0.125917,0.005154,0.000000,-0.030826,-0.066112,0.018018,1.000000,True,-0.047857,-0.125181,0.002295,-0.047857,-0.125181,0.002295,-1.939426,-1.933978,-1.932489,1.203674,-1.954236,-1.943348,-1.944927,1.217203,0.133880,0.133609,0.134131,-0.134407,0.131562,0.131254,0.132104,-0.127534,38.866070,47.535435,49.150112,-35.940571,True,velocity,0.352526,0.343881,0.017051,0.004782,0.028081,False,0.000143,0.034520,0.000022,0.006679,-2.739838,-2.748917,0.009080,2.737756,2.747882,-0.010127,167.000000
9.897652790008578,-0.062250,0.154442,-2.631262,0.001983,-0.155392,-0.357064,0.074054,-0.176532,0.287528,1.552851,0.666191,-0.037802,0.950000,1.570000,0.016714,0.762795,0.156714,-0.627140,0.076524,0.151231,0.770913,0.082634,-0.608527,0.071075,0.786012,-1.063085,1.413586,0.678557,0.017712,0.762717,0.157919,-0.626905,0.036302,0.205716,0.781426,0.111518,-0.598683,0.074997,0.789631,-1.023247,1.359058,0.697222,0.353702,-0.486743,0.864304,-0.921191,10,False,True,-0.018396,-0.051367,-0.011875,-0.043449,-0.086378,0.014808,-0.047739,-0.118728,0.006909,-0.047739,-0.118728,0.006909,0.000000,-0.023107,-0.028167,0.014808,1.000000,True,-0.048692,-0.125917,0.005154,-0.048692,-0.125917,0.005154,-1.947542,-1.935392,-1.932064,1.197468,-1.953866,-1.943348,-1.944876,1.217116,0.134732,0.134096,0.135270,-0.135884,0.135699,0.136526,0.133836,-0.129240,39.005859,47.676338,49.286274,-36.076591,True,velocity,0.353702,0.343944,0.019335,0.003612,0.014946,False,0.000127,0.034663,0.000020,0.006735,-2.739204,-2.748917,0.009713,2.737906,2.747882,-0.009976,167.000000
9.952362709998852,-0.059436,0.157654,-2.627844,0.004237,-0.153767,-0.347953,0.075556,-0.171266,0.288155,1.547968,0.665380,-0.037048,0.950000,1.570000,0.018440,0.764845,0.160258,-0.623690,0.075936,0.154364,0.771080,0.082634,-0.608527,0.071075,0.786012,-1.063085,1.413586,0.678557,0.019472,0.764815,0.161316,-0.623422,0.036414,0.207853,0.781298,0.110785,-0.598774,0.075353,0.789632,-1.024055,1.360004,0.698114,0.354899,-0.486983,0.866018,-0.920685,10,False,True,-0.017680,-0.048905,-0.011599,-0.045214,-0.099759,0.015192,-0.047280,-0.115279,0.008415,-0.047280,-0.115279,0.008415,0.000000,-0.025925,-0.044983,0.015192,1.000000,True,-0.047739,-0.118728,0.006909,-0.047739,-0.118728,0.006909,-1.964114,-1.946994,-1.942148,1.182500,-1.953866,-1.943348,-1.877345,1.217029,0.127621,0.126744,0.128320,-0.129115,0.141361,0.141504,0.141429,-0.137386,39.145786,47.815151,49.423969,-36.238140,True,velocity,0.354899,0.344097,0.021438,0.003324,0.021700,False,0.000274,0.034706,0.000043,0.006758,-2.736169,-2.748917,0.012749,2.738102,2.747882,-0.009780,167.000000
10.007883996004239,-0.061402,0.145888,-2.628576,0.005322,-0.155924,-0.354622,0.064191,-0.165031,0.280396,1.543511,0.664337,-0.036933,0.950000,1.570000,0.017766,0.764947,0.158367,-0.624067,0.075500,0.156126,0.772591,0.082634,-0.608527,0.071075,0.786012,-1.063085,1.413586,0.678557,0.018742,0.764869,0.159496,-0.623847,0.037171,0.208105,0.781854,0.111689,-0.596170,0.073451,0.791651,-1.024965,1.361758,0.695511,0.348413,-0.486451,0.867396,-0.921291,10,False,True,-0.017383,-0.045819,-0.012485,-0.056875,-0.073296,-0.018174,-0.049025,-0.107646,0.003581,-0.049025,-0.107646,0.003581,0.000000,-0.037998,-0.022826,-0.018174,1.000000,True,-0.047280,-0.115279,0.008415,-0.047280,-0.115279,0.008415,-1.973816,-1.952435,-1.946293,1.174189,-1.954236,-1.943217,-1.944927,1.217116,0.124175,0.123100,0.125021,-0.125982,0.135541,0.133918,0.133266,-0.129871,39.267300,47.925922,49.567524,-36.351982,True,velocity,0.348413,0.344344,0.000000,0.003717,0.011286,False,0.000326,0.034071,0.000049,0.006590,-2.739290,-2.748917,0.009627,2.737654,2.747882,-0.010228,167.000000
10.067353002988966,-0.062291,0.143922,-2.627760,0.009039,-0.155121,-0.351458,0.065891,-0.159963,0.279340,1.538593,0.663518,-0.036362,0.950000,1.570000,0.020751,0.766343,0.156730,-0.622675,0.075014,0.156882,0.774428,0.082634,-0.608527,0.071075,0.786012,-1.063085,1.413586,0.678557,0.021700,0.766255,0.157863,-0.622465,0.037102,0.208361,0.783364,0.111540,-0.595849,0.073293,0.791928,-1.025311,1.362308,0.695219,0.347664,-0.486320,0.868227,-0.921401,10,False,True,-0.016369,-0.042804,-0.012715,-0.035743,-0.063715,-0.003309,-0.046610,-0.099658,0.002328,-0.046610,-0.099658,0.002328,0.000000,-0.018427,-0.017241,-0.003309,1.000000,True,-0.049025,-0.107646,0.003581,-0.049025,-0.107646,0.003581,-2.004381,-1.994989,-1.991940,1.140311,-1.960010,-1.943348,-1.944927,1.204622,0.118023,0.117476,0.118302,-0.118690,0.119248,0.116811,0.119042,-0.114395,39.427315,48.062359,49.704102,-36.483818,True,velocity,0.347664,0.344681,0.000000,0.004443,0.023379,False,0.000547,0.033983,0.000083,0.006576,-2.740205,-2.748917,0.008713,2.737270,2.747882,-0.010612,167.000000
10.122734381991904,-0.064126,0.142886,-2.627565,0.018212,-0.152669,-0.359923,0.077965,-0.154888,0.278671,1.533711,0.662411,-0.036154,0.950000,1.570000,0.023241,0.769226,0.145353,-0.621791,0.073701,0.156419,0.777771,0.082634,-0.608527,0.071075,0.786012,-1.063085,1.413586,0.678557,0.024168,0.769116,0.146582,-0.621603,0.036094,0.207649,0.786342,0.111520,-0.595640,0.073143,0.792103,-1.025488,1.362638,0.695046,0.347222,-0.486090,0.868790,-0.921503,10,False,True,-0.015345,-0.039783,-0.012895,-0.031667,-0.051715,-0.003068,-0.043893,-0.090941,0.001347,-0.043893,-0.090941,0.001347,0.000000,-0.015825,-0.009076,-0.003068,1.000000,True,-0.046610,-0.099658,0.002328,-0.046610,-0.099658,0.002328,-2.012628,-2.006100,-2.003915,1.131173,-1.966426,-1.955682,-1.957087,1.192304,0.109812,0.109454,0.109990,-0.110239,0.118480,0.114877,0.117695,-0.113409,39.545063,48.201172,49.821148,-36.618999,True,velocity,0.347222,0.344962,0.000000,0.004680,0.015062,False,0.001087,0.033913,0.000163,0.006569,-2.742382,-2.748917,0.006535,2.737065,2.747882,-0.010817,167.000000
10.180173214001115,-0.067706,0.139540,-2.628395,0.023019,-0.155519,-0.353151,0.084881,-0.150235,0.279302,1.529109,0.661887,-0.036622,0.950000,1.570000,0.031426,0.769358,0.140798,-0.622316,0.072472,0.156570,0.782163,0.082634,-0.608527,0.071075,0.786012,-1.063085,1.413586,0.678557,0.032298,0.769229,0.142046,-0.622146,0.035280,0.207359,0.790311,0.111329,-0.595857,0.073082,0.791972,-1.025832,1.363116,0.694934,0.347487,-0.486406,0.869520,-0.921943,10,False,True,-0.014083,-0.037521,-0.013379,-0.020067,-0.063187,-0.013187,-0.039561,-0.085895,-0.001296,-0.039561,-0.085895,-0.001296,0.000000,-0.005970,-0.023092,-0.013187,1.000000,True,-0.043893,-0.090941,0.001347,-0.043893,-0.090941,0.001347,-2.023222,-2.019133,-2.017717,1.119796,-1.978342,-1.967367,-1.969244,1.174022,0.100831,0.100600,0.100911,-0.101045,0.113613,0.109851,0.112902,-0.108993,39.668388,48.321011,49.946568,-36.715679,True,velocity,0.347487,0.345009,0.000000,0.003262,0.022779,False,0.001347,0.033972,0.000200,0.006595,-2.747051,-2.748917,0.001866,2.737266,2.747882,-0.010617,167.000000
10.237526176002575,-0.070409,0.138429,-2.628938,0.028376,-0.164429,-0.357123,0.098618,-0.145499,0.278735,1.524453,0.661468,-0.036583,0.950000,1.570000,0.037973,0.768154,0.129932,-0.625792,0.070624,0.156843,0.784684,0.082634,-0.608527,0.071075,0.786012,-1.063085,1.413586,0.678557,0.038802,0.768007,0.131247,-0.625647,0.033951,0.207069,0.792523,0.111211,-0.595703,0.072880,0.792123,-1.026264,1.363728,0.694661,0.346997,-0.486650,0.870296,-0.922448,10,False,True,-0.013048,-0.035421,-0.013841,-0.021376,-0.060641,-0.015156,-0.036255,-0.081304,-0.003816,-0.036255,-0.081304,-0.003816,0.000000,-0.008558,-0.022871,-0.015156,1.000000,True,-0.039561,-0.085895,-0.001296,-0.039561,-0.085895,-0.001296,-1.999591,-2.003817,-2.005226,1.140602,-1.990807,-1.973859,-1.981566,1.168146,0.094616,0.094762,0.094475,-0.094296,0.096623,0.093288,0.095335,-0.091895,39.771484,48.417969,50.044922,-36.814312,True,velocity,0.346997,0.345009,0.000000,0.002079,0.027799,False,0.001643,0.033942,0.000242,0.006595,-2.750583,-2.748917,-0.001665,2.737134,2.747882,-0.010749,167.000000
10.297138775989879,-0.072042,0.134670,-2.626912,0.027299,-0.169532,-0.359397,0.094085,-0.140436,0.279880,1.519313,0.661026,-0.037134,0.950000,1.570000,0.037499,0.767073,0.129539,-0.627226,0.069812,0.156769,0.787497,0.082634,-0.608527,0.071075,0.786012,-1.063085,1.413586,0.678557,0.038342,0.766931,0.130839,-0.627079,0.033287,0.206839,0.795102,0.111026,-0.596091,0.072976,0.791848,-1.026412,1.363881,0.694712,0.347694,-0.487009,0.870608,-0.923280,10,False,True,-0.011744,-0.033179,-0.014546,-0.008457,-0.049198,-0.024950,-0.031200,-0.075466,-0.007658,-0.031200,-0.075466,-0.007658,0.000000,0.002734,-0.014000,-0.024950,1.000000,True,-0.036255,-0.081304,-0.003816,-0.036255,-0.081304,-0.003816,-1.981471,-1.994730,-1.999058,1.155896,-1.984757,-1.979829,-1.981566,1.168146,0.089186,0.089703,0.088848,-0.088324,0.083434,0.083297,0.083208,-0.082203,39.862026,48.494698,50.141323,-36.907646,True,velocity,0.347694,0.345009,0.000000,0.001298,0.030626,False,0.001545,0.034050,0.000227,0.006636,-2.749968,-2.748917,-0.001051,2.737473,2.747882,-0.010410,167.000000
10.364036802988267,-0.075022,0.131002,-2.627649,0.025339,-0.183521,-0.356802,0.095354,-0.135515,0.280694,1.514373,0.660854,-0.037454,0.950000,1.570000,0.043250,0.762707,0.127270,-0.632621,0.068774,0.158146,0.790050,0.082634,-0.608527,0.071075,0.786012,-1.063085,1.413586,0.678557,0.044067,0.762563,0.128548,-0.632481,0.032768,0.207518,0.797367,0.110631,-0.596367,0.072975,0.791696,-1.026936,1.364573,0.694533,0.347975,-0.487547,0.871641,-0.923832,10,False,True,-0.010907,-0.031811,-0.014843,-0.016674,-0.068327,-0.016564,-0.028559,-0.074168,-0.009278,-0.028559,-0.074168,-0.009278,0.000000,-0.006302,-0.034367,-0.016564,1.000000,True,-0.031200,-0.075466,-0.007658,-0.031200,-0.075466,-0.007658,-1.943797,-1.973005,-1.982039,1.189280,-1.985033,-1.986193,-1.981510,1.167584,0.081976,0.083023,0.081307,-0.080283,0.073629,0.075124,0.076385,-0.073983,39.960659,48.591377,50.239677,-37.003071,True,velocity,0.347975,0.345009,0.000000,0.000780,0.017653,False,0.001408,0.034144,0.000205,0.006670,-2.753825,-2.748917,-0.004908,2.737666,2.747882,-0.010216,167.000000
10.429837909003254,-0.074656,0.130669,-2.626500,0.028394,-0.193464,-0.352479,0.111204,-0.131055,0.281200,1.510063,0.660413,-0.037689,0.950000,1.570000,0.052366,0.761979,0.120187,-0.634193,0.067577,0.160066,0.791942,0.082634,-0.608527,0.071075,0.786012,-1.063085,1.413586,0.678557,0.053113,0.761817,0.121495,-0.634076,0.032236,0.208563,0.799036,0.110225,-0.596515,0.072876,0.791650,-1.027550,1.365470,0.694263,0.347982,-0.487899,0.873017,-0.923840,10,False,True,-0.010513,-0.030644,-0.014542,-0.027243,-0.071914,-0.000245,-0.028320,-0.073758,-0.007635,-0.028320,-0.073758,-0.007635,0.000000,-0.017034,-0.039048,-0.000245,1.000000,True,-0.028559,-0.074168,-0.009278,-0.028559,-0.074168,-0.009278,-1.914851,-1.951469,-1.962159,1.216894,-1.978984,-1.986193,-1.981566,1.174113,0.079799,0.081062,0.078990,-0.077785,0.065795,0.066739,0.069586,-0.066038,40.037666,48.685547,50.319614,-37.078682,True,velocity,0.347982,0.345009,0.000000,0.000469,0.001629,False,0.001569,0.034196,0.000229,0.006694,-2.752252,-2.748917,-0.003334,2.737776,2.747882,-0.010106,167.000000
10.491732571012108,-0.076044,0.129417,-2.628861,0.028139,-0.215162,-0.354653,0.129254,-0.126198,0.281134,1.505461,0.660165,-0.037602,0.950000,1.570000,0.063141,0.756049,0.109345,-0.642220,0.066135,0.163670,0.793238,0.082634,-0.608527,0.071075,0.786012,-1.063085,1.413586,0.678557,0.063820,0.755875,0.110678,-0.642129,0.031842,0.210698,0.800046,0.109611,-0.596467,0.072650,0.791792,-1.028574,1.366949,0.693715,0.347408,-0.488400,0.875167,-0.923587,10,False,True,-0.010487,-0.030193,-0.014034,-0.038239,-0.092856,0.007582,-0.030123,-0.077230,-0.004868,-0.030123,-0.077230,-0.004868,0.000000,-0.027741,-0.060157,0.007582,1.000000,True,-0.028320,-0.073758,-0.007635,-0.028320,-0.073758,-0.007635,-1.917918,-1.948304,-1.957075,1.215481,-1.966426,-1.980222,-1.944876,-0.793983,0.079338,0.080312,0.078592,-0.077625,0.066366,0.067871,0.070001,-0.066018,40.118164,48.769672,50.402763,-37.160435,True,velocity,0.347408,0.345009,0.000000,0.000292,0.032397,False,0.001548,0.034216,0.000224,0.006706,-2.756361,-2.748917,-0.007444,2.737703,2.747882,-0.010179,167.000000
10.545850289985538,-0.075188,0.129241,-2.627127,0.026059,-0.226223,-0.361237,0.134534,-0.121304,0.281503,1.500753,0.659047,-0.037641,0.950000,1.570000,0.063894,0.753551,0.105029,-0.645792,0.066238,0.164587,0.793162,0.082634,-0.608527,0.071075,0.786012,-1.063085,1.413586,0.678557,0.064577,0.753379,0.106380,-0.645704,0.032056,0.211409,0.799985,0.109454,-0.596550,0.072679,0.791748,-1.028693,1.367154,0.693678,0.347581,-0.488219,0.875723,-0.923579,10,False,True,-0.009963,-0.027947,-0.013864,-0.024425,-0.039389,0.000254,-0.029087,-0.070350,-0.003937,-0.029087,-0.070350,-0.003937,0.000000,-0.014535,-0.009808,0.000254,1.000000,True,-0.030123,-0.077230,-0.004868,-0.030123,-0.077230,-0.004868,-1.930812,-1.949310,-1.954643,1.205658,-1.960283,-1.980222,-1.981566,1.179989,0.083122,0.083715,0.082618,-0.082016,0.070396,0.070249,0.073254,-0.069655,40.205357,48.839424,50.495953,-37.247490,True,velocity,0.347581,0.345009,0.000000,0.000188,0.006276,False,0.001431,0.034229,0.000207,0.006722,-2.753475,-2.748917,-0.004557,2.737776,2.747882,-0.010106,167.000000
10.604143192002084,-0.074634,0.129104,-2.624935,0.021088,-0.230372,-0.363873,0.129236,-0.116461,0.282330,1.496087,0.657611,-0.037810,0.950000,1.570000,0.060660,0.752051,0.108097,-0.647344,0.067258,0.165033,0.792154,0.082634,-0.608527,0.071075,0.786012,-1.063085,1.413586,0.678557,0.061371,0.751889,0.109425,-0.647242,0.032879,0.212018,0.799120,0.109387,-0.596766,0.072828,0.791581,-1.028541,1.366968,0.693825,0.348163,-0.487838,0.875849,-0.923552,10,False,True,-0.009368,-0.025469,-0.013706,-0.020525,-0.022283,0.000804,-0.027530,-0.061611,-0.003075,-0.027530,-0.061611,-0.003075,0.000000,-0.011353,0.004027,0.000804,1.000000,True,-0.029087,-0.070350,-0.003937,-0.029087,-0.070350,-0.003937,-1.952337,-1.968508,-1.973428,1.184494,-1.960010,-1.979701,-1.981566,1.179899,0.076318,0.076824,0.075938,-0.075425,0.074550,0.074919,0.076481,-0.073273,40.291992,48.925503,50.583427,-37.333286,True,velocity,0.348163,0.345009,0.000000,0.000119,0.001116,False,0.001159,0.034260,0.000169,0.006746,-2.750355,-2.748917,-0.001438,2.737974,2.747882,-0.009908,167.000000
10.657738745998358,-0.080091,0.128724,-2.629212,0.008510,-0.244142,-0.361052,0.113676,-0.111389,0.283342,1.491221,0.656210,-0.037996,0.950000,1.570000,0.059367,0.742509,0.117010,-0.656860,0.068721,0.166668,0.789133,0.082634,-0.608527,0.071075,0.786012,-1.063085,1.413586,0.678557,0.060110,0.742369,0.118240,-0.656730,0.034255,0.213565,0.796375,0.109194,-0.597031,0.072980,0.791394,-1.028574,1.366987,0.693906,0.348760,-0.487584,0.876304,-0.923407,10,False,True,-0.008927,-0.023620,-0.013458,-0.023064,-0.030301,0.004362,-0.026718,-0.055918,-0.001723,-0.026718,-0.055918,-0.001723,0.000000,-0.014365,-0.006102,0.004362,1.000000,True,-0.027530,-0.061611,-0.003075,-0.027530,-0.061611,-0.003075,-1.981692,-1.995780,-2.000391,1.155405,-1.960283,-1.979829,-1.981566,1.179989,0.067600,0.068031,0.067342,-0.066905,0.070975,0.069248,0.070059,-0.069653,40.350166,48.995815,50.643696,-37.392719,True,velocity,0.348760,0.345009,0.000000,0.000077,0.005206,False,0.000475,0.034308,0.000069,0.006774,-2.759443,-2.748917,-0.010526,2.738208,2.747882,-0.009674,167.000000
10.724899308988824,-0.071042,0.134977,-2.618224,0.002504,-0.234681,-0.289649,0.109610,-0.109762,0.282629,1.489725,0.655895,-0.037524,0.950000,1.570000,0.075061,0.748810,0.150115,-0.641182,0.071637,0.169342,0.782560,0.082634,-0.608527,0.071075,0.786012,-1.063085,1.413586,0.678557,0.075634,0.748667,0.151118,-0.641047,0.037265,0.215951,0.790285,0.109108,-0.596784,0.072914,0.791598,-1.028741,1.367233,0.693757,0.348252,-0.487434,0.876701,-0.923222,10,False,True,-0.008397,-0.021978,-0.013216,-0.018939,-0.029096,0.005539,-0.025304,-0.051041,-0.000403,-0.025304,-0.051041,-0.000403,0.000000,-0.010864,-0.006649,0.005539,1.000000,True,-0.026718,-0.055918,-0.001723,-0.026718,-0.055918,-0.001723,-2.010809,-2.019318,-2.022275,1.127867,-1.960283,-1.985798,-1.981566,1.179989,0.061959,0.062255,0.061859,-0.061573,0.054500,0.054727,0.051739,-0.051986,40.420898,49.056362,50.709263,-37.456333,True,velocity,0.348252,0.345009,0.000000,0.000046,0.009165,False,0.000144,0.034252,0.000022,0.006761,-2.735466,-2.748917,0.013452,2.737984,2.747882,-0.009898,167.000000
10.790417064999929,-0.057981,0.148135,-2.601997,0.003975,-0.217406,-0.257473,0.049881,-0.105451,0.283708,1.485681,0.654454,-0.037888,0.950000,1.570000,0.054744,0.754557,0.191594,-0.625250,0.073098,0.171878,0.772649,0.082634,-0.608527,0.071075,0.786012,-1.063085,1.413586,0.678557,0.055375,0.754463,0.192351,-0.625076,0.038712,0.218433,0.781130,0.108958,-0.597060,0.073014,0.791402,-1.028707,1.367291,0.693860,0.348889,-0.487084,0.877204,-0.922878,10,False,True,-0.008139,-0.020459,-0.012858,-0.025421,-0.026355,0.010316,-0.025325,-0.046553,0.001546,-0.025325,-0.046553,0.001546,0.000000,-0.017553,-0.005471,0.010316,1.000000,True,-0.025304,-0.051041,-0.000403,-0.025304,-0.051041,-0.000403,-2.029578,-2.031730,-2.032501,1.111246,-1.972200,-1.992035,-1.993779,1.167584,0.056889,0.056999,0.056913,-0.056804,0.052188,0.050438,0.048622,-0.045942,40.482563,49.114258,50.768135,-37.509766,True,velocity,0.348889,0.345009,0.000000,0.000028,0.025576,False,0.000241,0.034295,0.000039,0.006788,-2.707669,-2.748917,0.041249,2.738285,2.747882,-0.009597,167.000000
10.839686713996343,-0.050609,0.180742,-2.600017,0.003852,-0.212701,-0.223893,0.011562,-0.109026,0.294380,1.479384,0.655785,-0.029595,0.950000,1.570000,0.042125,0.748073,0.227988,-0.621799,0.072806,0.184215,0.756668,0.082634,-0.608527,0.071075,0.786012,-1.063085,1.413586,0.678557,0.042560,0.747934,0.228727,-0.621665,0.039502,0.228725,0.767289,0.104866,-0.602496,0.075610,0.787581,-1.029514,1.368775,0.694298,0.355859,-0.488039,0.882111,-0.918608,10,False,True,-0.009554,-0.023366,-0.008639,-0.077871,-0.159742,0.128112,-0.034879,-0.067133,0.024558,-0.034879,-0.067133,0.024558,0.000000,-0.067745,-0.133791,0.128112,1.000000,True,-0.025325,-0.046553,0.001546,-0.025325,-0.046553,0.001546,-2.075096,-2.066363,-2.062967,1.069931,-1.996858,-2.004495,-2.005933,1.149398,0.052794,0.052603,0.052951,-0.053120,0.046726,0.044035,0.049252,-0.045286,40.519390,49.158344,50.811802,-37.548271,True,velocity,0.355859,0.345009,0.021699,0.000019,0.012393,False,0.000268,0.035222,0.000046,0.007045,-2.697319,-2.748917,0.051599,2.729088,2.747882,-0.018795,167.000000
10.892376198986312,-0.052636,0.181656,-2.603608,0.005688,-0.207300,-0.223129,0.010517,-0.106611,0.294712,1.477703,0.654401,-0.030826,0.950000,1.570000,0.042125,0.748073,0.227988,-0.621799,0.072806,0.184215,0.756668,0.082634,-0.608527,0.071075,0.786012,-1.063085,1.413586,0.678557,0.042548,0.747930,0.228734,-0.621668,0.039511,0.228715,0.767300,0.105174,-0.602466,0.075357,0.787587,-1.029513,1.368811,0.694278,0.355946,-0.487796,0.882245,-0.918370,10,False,True,-0.008682,-0.021078,-0.009221,-0.016782,-0.020960,0.007125,-0.031589,-0.058738,0.021388,-0.031589,-0.058738,0.021388,0.000000,-0.008222,0.001316,0.007125,1.000000,True,-0.034879,-0.067133,0.024558,-0.034879,-0.067133,0.024558,-2.117830,-2.017356,-1.983413,1.062756,-2.033433,-2.010337,-2.012420,1.131024,0.074774,0.071095,0.076521,-0.080094,0.042528,0.039866,0.045833,-0.038513,40.568638,49.204937,50.871094,-37.589008,True,velocity,0.355946,0.345009,0.021874,0.000012,0.014010,False,0.000399,0.035186,0.000068,0.007048,-2.703734,-2.748917,0.045184,2.729766,2.747882,-0.018116,167.000000
10.946008678991348,-0.044301,0.183088,-2.603727,0.004385,-0.203248,-0.209035,0.003366,-0.102844,0.289522,1.476453,0.654216,-0.031021,0.950000,1.570000,0.043034,0.749549,0.238399,-0.616028,0.072102,0.193461,0.751298,0.082634,-0.608527,0.071075,0.786012,-1.063085,1.413586,0.678557,0.043410,0.749425,0.239026,-0.615909,0.041170,0.234653,0.761199,0.104918,-0.600401,0.073861,0.789338,-1.031877,1.372231,0.692509,0.351299,-0.488268,0.886340,-0.916902,10,False,True,-0.009789,-0.022634,-0.008465,-0.074535,-0.130344,0.044058,-0.039397,-0.071757,0.025510,-0.039397,-0.071757,0.025510,0.000000,-0.064385,-0.105599,0.044058,1.000000,True,-0.031589,-0.058738,0.021388,-0.031589,-0.058738,0.021388,-2.131328,-2.032927,-1.998268,1.049651,-2.058458,-2.010861,-2.012420,1.118620,0.066081,0.062679,0.067418,-0.070582,0.059786,0.054152,0.068794,-0.051184,40.651508,49.272602,50.960102,-37.666992,True,velocity,0.351299,0.345087,0.012399,0.000515,0.005636,False,0.000309,0.034809,0.000053,0.006937,-2.695596,-2.748917,0.053321,2.730484,2.747882,-0.017398,167.000000
11.000480043992866,-0.040929,0.174179,-2.605817,0.007841,-0.190192,-0.194209,0.007901,-0.094677,0.283251,1.477241,0.653215,-0.036656,0.950000,1.570000,0.051786,0.755566,0.239732,-0.607427,0.071040,0.200068,0.753302,0.082634,-0.608527,0.071075,0.786012,-1.063085,1.413586,0.678557,0.052238,0.755515,0.240143,-0.607288,0.042500,0.238200,0.761486,0.105274,-0.596487,0.071784,0.792444,-1.034429,1.375756,0.690715,0.345161,-0.488553,0.890216,-0.916252,10,False,True,-0.010654,-0.023465,-0.008665,-0.075942,-0.122497,0.019497,-0.046042,-0.080983,0.024417,-0.046042,-0.080983,0.024417,0.000000,-0.064841,-0.096894,0.019497,1.000000,True,-0.039397,-0.071757,0.025510,-0.039397,-0.071757,0.025510,-2.138135,-2.043081,-2.008687,1.042199,-2.082841,-2.016827,-2.012420,1.106313,0.081257,0.077042,0.082683,-0.086540,0.065526,0.060328,0.071047,-0.060196,40.709820,49.337471,51.021626,-37.719868,True,velocity,0.345161,0.345466,0.000000,0.002781,0.013519,False,0.000537,0.034274,0.000091,0.006795,-2.696682,-2.748917,0.052236,2.737720,2.747882,-0.010162,167.000000
11.045379343995592,-0.047994,0.172235,-2.613966,0.013666,-0.175328,-0.192868,0.015409,-0.091000,0.282813,1.474361,0.651480,-0.036589,0.950000,1.570000,0.056823,0.757610,0.234518,-0.606465,0.070955,0.202514,0.756000,0.082634,-0.608527,0.071075,0.786012,-1.063085,1.413586,0.678557,0.057239,0.757545,0.234959,-0.606336,0.043155,0.239663,0.763759,0.104980,-0.596200,0.071491,0.792726,-1.035075,1.376797,0.690278,0.344420,-0.488072,0.892102,-0.914602,10,False,True,-0.010678,-0.021947,-0.007829,-0.056875,-0.058357,0.049506,-0.048011,-0.076869,0.028979,-0.048011,-0.076869,0.028979,0.000000,-0.046247,-0.035668,0.049506,1.000000,True,-0.046042,-0.080983,0.024417,-0.046042,-0.080983,0.024417,-2.142634,-2.063697,-2.033528,1.032057,-2.095033,-2.023195,-2.012302,1.094463,0.092642,0.088457,0.093821,-0.097640,0.064064,0.059471,0.065431,-0.062303,40.773296,49.396065,51.085518,-37.793945,True,velocity,0.344420,0.345716,0.000000,0.003643,0.025767,False,0.000934,0.034180,0.000155,0.006782,-2.712510,-2.748917,0.036407,2.737715,2.747882,-0.010167,167.000000
11.09133273200132,-0.053577,0.164872,-2.622617,0.010729,-0.174633,-0.184757,0.012204,-0.086822,0.284571,1.470764,0.649810,-0.037208,0.950000,1.570000,0.063879,0.753805,0.236653,-0.609666,0.071984,0.206541,0.760786,0.082634,-0.608527,0.071075,0.786012,-1.063085,1.413586,0.678557,0.064271,0.753745,0.237051,-0.609544,0.044961,0.242501,0.768018,0.104339,-0.596630,0.071441,0.792491,-1.035871,1.377969,0.689973,0.344919,-0.488029,0.894409,-0.912992,10,False,True,-0.010554,-0.021165,-0.007185,-0.053700,-0.074851,0.048285,-0.049046,-0.076502,0.032489,-0.049046,-0.076502,0.032489,0.000000,-0.043714,-0.053658,0.048285,1.000000,True,-0.048011,-0.076869,0.028979,-0.048011,-0.076869,0.028979,-2.196148,-2.102076,-2.062640,0.988625,-2.112999,-2.029037,-2.018788,1.082059,0.090075,0.084814,0.091118,-0.095803,0.080328,0.079670,0.085071,-0.077160,40.868443,49.491352,51.181641,-37.874023,True,velocity,0.344919,0.346216,0.000000,0.005915,0.025505,False,0.000721,0.034256,0.000117,0.006820,-2.727479,-2.748917,0.021439,2.738085,2.747882,-0.009797,167.000000
11.140294160984922,-0.056659,0.162410,-2.625070,0.010715,-0.171440,-0.176564,0.009125,-0.083193,0.285735,1.467488,0.649017,-0.037627,0.950000,1.570000,0.067534,0.752871,0.239644,-0.609258,0.071671,0.209801,0.762817,0.082634,-0.608527,0.071075,0.786012,-1.063085,1.413586,0.678557,0.067903,0.752815,0.240010,-0.609142,0.045443,0.244655,0.769720,0.103766,-0.596922,0.071365,0.792353,-1.036654,1.379077,0.689647,0.345129,-0.488305,0.896323,-0.912191,10,False,True,-0.009904,-0.020280,-0.007468,-0.037589,-0.069890,0.024023,-0.046963,-0.075300,0.030950,-0.046963,-0.075300,0.030950,0.000000,-0.028959,-0.050252,0.024023,1.000000,True,-0.049046,-0.076502,0.032489,-0.049046,-0.076502,0.032489,-2.215859,-2.111309,-2.066529,0.974971,-2.138315,-2.047213,-2.024512,1.057800,0.090486,0.084369,0.091415,-0.096904,0.092399,0.090189,0.093922,-0.089781,40.955776,49.567802,51.265766,-37.954800,True,velocity,0.345129,0.346491,0.000000,0.005833,0.009782,False,0.000715,0.034330,0.000116,0.006851,-2.733282,-2.748917,0.015636,2.738348,2.747882,-0.009534,167.000000
11.185786754998844,-0.061180,0.163400,-2.625968,0.012637,-0.169057,-0.176159,0.004511,-0.079823,0.286062,1.464311,0.648426,-0.037768,0.950000,1.570000,0.066706,0.751699,0.240438,-0.610482,0.070624,0.211045,0.762708,0.082634,-0.608527,0.071075,0.786012,-1.063085,1.413586,0.678557,0.067072,0.751645,0.240797,-0.610367,0.044852,0.245333,0.769504,0.103508,-0.596986,0.071286,0.792346,-1.037074,1.379661,0.689452,0.345083,-0.488439,0.897297,-0.912038,10,False,True,-0.008855,-0.018610,-0.008346,-0.021791,-0.042463,0.004599,-0.042386,-0.069329,0.026159,-0.042386,-0.069329,0.026159,0.000000,-0.014942,-0.025457,0.004599,1.000000,True,-0.046963,-0.075300,0.030950,-0.046963,-0.075300,0.030950,-2.201583,-2.098745,-2.056010,0.987212,-2.155991,-2.059667,-2.031060,1.045499,0.088456,0.082716,0.089383,-0.094616,0.087425,0.081654,0.085178,-0.084366,41.014790,49.626953,51.321846,-38.013672,True,velocity,0.345083,0.346522,0.000000,0.004211,0.008007,False,0.000847,0.034352,0.000137,0.006865,-2.738973,-2.748917,0.009945,2.738428,2.747882,-0.009454,167.000000
11.239385235006921,-0.064287,0.165189,-2.625357,0.013594,-0.166588,-0.176468,-0.001086,-0.076502,0.286154,1.461150,0.647962,-0.037789,0.950000,1.570000,0.064280,0.750966,0.242306,-0.610906,0.069596,0.212395,0.761612,0.082634,-0.608527,0.071075,0.786012,-1.063085,1.413586,0.678557,0.064649,0.750916,0.242653,-0.610790,0.044266,0.246123,0.768354,0.103267,-0.596981,0.071197,0.792389,-1.037491,1.380234,0.689241,0.344909,-0.488590,0.898206,-0.911993,10,False,True,-0.007900,-0.017099,-0.009172,-0.018749,-0.039076,0.001365,-0.038088,-0.063829,0.021651,-0.038088,-0.063829,0.021651,0.000000,-0.013315,-0.024207,0.001365,1.000000,True,-0.042386,-0.069329,0.026159,-0.042386,-0.069329,0.026159,-2.187037,-2.091689,-2.052716,0.997470,-2.168182,-2.059667,-2.030418,1.038865,0.081015,0.076197,0.081836,-0.086263,0.080074,0.072022,0.074962,-0.076750,41.111328,49.710381,51.412666,-38.109516,True,velocity,0.344909,0.346522,0.000000,0.002741,0.030037,False,0.000916,0.034363,0.000149,0.006874,-2.741592,-2.748917,0.007326,2.738441,2.747882,-0.009441,167.000000
11.288325219997205,-0.066468,0.167719,-2.623396,0.014426,-0.162573,-0.175414,-0.007184,-0.073384,0.286072,1.458154,0.647567,-0.037736,0.950000,1.570000,0.061230,0.751048,0.245386,-0.609889,0.068668,0.213475,0.759896,0.082634,-0.608527,0.071075,0.786012,-1.063085,1.413586,0.678557,0.061602,0.751003,0.245719,-0.609772,0.043690,0.246768,0.766642,0.103090,-0.596930,0.071114,0.792458,-1.037819,1.380683,0.689064,0.344686,-0.488703,0.898898,-0.912067,10,False,True,-0.006982,-0.015580,-0.009968,-0.014453,-0.031291,-0.002218,-0.033791,-0.057913,0.017311,-0.033791,-0.057913,0.017311,0.000000,-0.010222,-0.018398,-0.002218,1.000000,True,-0.038088,-0.063829,0.021651,-0.038088,-0.063829,0.021651,-2.169860,-2.083136,-2.048392,1.009838,-2.168824,-2.065509,-2.030999,1.033094,0.074076,0.070178,0.074846,-0.078492,0.076788,0.069952,0.074925,-0.076545,41.178013,49.757534,51.466797,-38.178154,True,velocity,0.344686,0.346522,0.000000,0.001846,0.029740,False,0.000980,0.034363,0.000160,0.006880,-2.741824,-2.748917,0.007094,2.738412,2.747882,-0.009471,167.000000
11.336038673005532,-0.069848,0.171941,-2.621200,0.007288,-0.161467,-0.174125,-0.032051,-0.069955,0.287486,1.454674,0.648199,-0.038248,0.950000,1.570000,0.050591,0.746000,0.258621,-0.611588,0.066375,0.217120,0.755009,0.082634,-0.608527,0.071075,0.786012,-1.063085,1.413586,0.678557,0.050996,0.745990,0.258867,-0.611463,0.042275,0.249212,0.761810,0.102398,-0.597369,0.071118,0.792217,-1.038759,1.381836,0.688736,0.345054,-0.489793,0.900523,-0.912609,10,False,True,-0.006017,-0.015597,-0.011088,-0.007653,-0.071880,-0.016275,-0.029039,-0.060452,0.011204,-0.029039,-0.060452,0.011204,0.000000,-0.004578,-0.058513,-0.016275,1.000000,True,-0.033791,-0.057913,0.017311,-0.033791,-0.057913,0.017311,-2.153059,-2.075874,-2.045464,1.021678,-2.168824,-2.065509,-2.030999,1.032989,0.066791,0.063598,0.067488,-0.070376,0.061982,0.057205,0.064465,-0.064002,41.220982,49.800781,51.529438,-38.221260,True,velocity,0.345054,0.346522,0.000000,0.001249,0.013275,False,0.000504,0.034528,0.000084,0.006929,-2.742245,-2.748917,0.006673,2.738815,2.747882,-0.009067,167.000000
11.38544745199033,-0.073879,0.173013,-2.620057,0.006904,-0.162653,-0.169291,-0.044600,-0.066977,0.287042,1.451689,0.648321,-0.038024,0.950000,1.570000,0.048426,0.742939,0.264353,-0.613037,0.065072,0.218117,0.753579,0.082634,-0.608527,0.071075,0.786012,-1.063085,1.413586,0.678557,0.048836,0.742940,0.264564,-0.612912,0.041412,0.249675,0.760311,0.102198,-0.597230,0.071004,0.792358,-1.039184,1.382378,0.688494,0.344598,-0.490134,0.901184,-0.913062,10,False,True,-0.005197,-0.014310,-0.011914,-0.006549,-0.033584,-0.013575,-0.024950,-0.055567,0.006699,-0.024950,-0.055567,0.006699,0.000000,-0.004306,-0.021907,-0.013575,1.000000,True,-0.029039,-0.060452,0.011204,-0.029039,-0.060452,0.011204,-2.053269,-2.001338,-1.984369,1.106747,-2.162407,-2.066158,-2.030418,1.038865,0.066250,0.064876,0.067445,-0.068977,0.048501,0.045951,0.051042,-0.049069,41.267300,49.845005,51.581333,-38.265766,True,velocity,0.344598,0.346522,0.000000,0.000837,0.015472,False,0.000479,0.034530,0.000080,0.006931,-2.744988,-2.748917,0.003929,2.738671,2.747882,-0.009211,167.000000
11.430190123006469,-0.078000,0.175871,-2.616646,0.008482,-0.161666,-0.166443,-0.058123,-0.064263,0.286955,1.448811,0.648907,-0.038039,0.950000,1.570000,0.044030,0.741147,0.269663,-0.613225,0.062756,0.218445,0.751737,0.082634,-0.608527,0.071075,0.786012,-1.063085,1.413586,0.678557,0.044446,0.741158,0.269848,-0.613100,0.039532,0.249535,0.758447,0.101997,-0.597233,0.070928,0.792388,-1.039588,1.382864,0.688303,0.344390,-0.490759,0.901644,-0.914021,10,False,True,-0.004164,-0.013205,-0.013097,0.004988,-0.032833,-0.028789,-0.019506,-0.051434,0.000247,-0.019506,-0.051434,0.000247,0.000000,0.006133,-0.022450,-0.028789,1.000000,True,-0.024950,-0.055567,0.006699,-0.024950,-0.055567,0.006699,-2.015495,-1.981047,-1.970353,1.137462,-2.137733,-2.059667,-2.024572,1.051270,0.060143,0.059516,0.061119,-0.061900,0.043588,0.045954,0.050378,-0.045461,41.299526,49.892998,51.622070,-38.302876,True,velocity,0.344390,0.346522,0.000000,0.000578,0.028085,False,0.000593,0.034580,0.000100,0.006944,-2.745795,-2.748917,0.003123,2.738671,2.747882,-0.009211,167.000000
11.475777808984276,-0.084372,0.180245,-2.613386,0.010159,-0.162432,-0.170320,-0.075431,-0.061528,0.286956,1.445768,0.650056,-0.038152,0.950000,1.570000,0.035728,0.737821,0.273817,-0.615928,0.059065,0.218473,0.748890,0.082634,-0.608527,0.071075,0.786012,-1.063085,1.413586,0.678557,0.036168,0.737845,0.273984,-0.615800,0.036390,0.248990,0.755607,0.101741,-0.597291,0.070849,0.792384,-1.040102,1.383452,0.688081,0.344209,-0.491737,0.902092,-0.915495,10,False,True,-0.003025,-0.012450,-0.014579,0.014676,-0.038437,-0.044216,-0.013859,-0.049286,-0.007099,-0.013859,-0.049286,-0.007099,0.000000,0.014657,-0.028761,-0.044216,0.908691,True,-0.019506,-0.051434,0.000247,-0.019506,-0.051434,0.000247,-1.934200,-1.932774,-1.932385,1.207783,-2.088616,-2.035002,-2.012361,1.076183,0.054115,0.054641,0.054819,-0.054527,0.040487,0.044677,0.051989,-0.046257,41.332451,49.918388,51.662945,-38.345844,True,velocity,0.344209,0.346522,0.000000,0.000398,0.009841,False,0.000718,0.034667,0.000122,0.006966,-2.748877,-2.748917,0.000040,2.738734,2.747882,-0.009148,167.000000
11.526120600989088,-0.093291,0.195149,-2.601984,0.015626,-0.152742,-0.201999,-0.108395,-0.058886,0.287013,1.442279,0.653595,-0.038518,0.950000,1.570000,0.005233,0.737114,0.276680,-0.616510,0.049585,0.218133,0.739711,0.082634,-0.608527,0.071075,0.786012,-1.063085,1.413586,0.678557,0.005752,0.737162,0.276855,-0.616368,0.028037,0.247513,0.746626,0.101217,-0.597477,0.070708,0.792324,-1.041142,1.384625,0.687653,0.343907,-0.494138,0.902704,-0.918920,10,False,True,-0.001058,-0.012778,-0.017767,0.047421,-0.069676,-0.102744,-0.010118,-0.051140,-0.018218,-0.010118,-0.051140,-0.018218,0.000000,0.045072,-0.059107,-0.102744,0.617920,True,-0.013859,-0.049286,-0.007099,-0.013859,-0.049286,-0.007099,-1.817893,-1.862599,-1.872468,1.315198,-2.021604,-2.004369,-1.981510,1.118620,0.050458,0.052370,0.050369,-0.049079,0.030841,0.034340,0.036248,-0.041976,41.352398,49.945034,51.687359,-38.385323,True,velocity,0.343907,0.346522,0.000000,0.000264,0.012487,False,0.001140,0.034885,0.000201,0.007011,-2.745921,-2.748917,0.002996,2.738974,2.747882,-0.008908,167.000000
11.573982664995128,-0.103459,0.208146,-2.597633,0.010916,-0.154084,-0.204614,-0.140751,-0.056425,0.287173,1.439056,0.657716,-0.038647,0.950000,1.570000,-0.012378,0.728102,0.289711,-0.621114,0.040813,0.221936,0.729239,0.082634,-0.608527,0.071075,0.786012,-1.063085,1.413586,0.678557,-0.011844,0.728187,0.289819,-0.620974,0.021034,0.249132,0.736139,0.100153,-0.597674,0.070497,0.792329,-1.042925,1.386783,0.686853,0.343247,-0.497008,0.904756,-0.921781,10,False,True,0.000264,-0.014463,-0.020020,0.033085,-0.115017,-0.126076,-0.006451,-0.057087,-0.029684,-0.006451,-0.057087,-0.029684,0.000000,0.029358,-0.101688,-0.085822,0.454346,True,-0.010118,-0.051140,-0.018218,-0.010118,-0.051140,-0.018218,-1.701594,-1.813521,-1.834698,1.428216,-1.954236,-1.961784,-1.951303,1.192304,0.052122,0.054380,0.050318,-0.048041,0.025246,0.029155,0.031035,-0.041686,41.382812,49.980049,51.719868,-38.425503,True,velocity,0.343247,0.346522,0.000000,0.000179,0.025474,False,0.000826,0.035140,0.000150,0.007062,-2.750922,-2.748917,-0.002004,2.739125,2.747882,-0.008757,167.000000
11.62136415700661,-0.104899,0.212766,-2.593284,0.008492,-0.152832,-0.203851,-0.155837,-0.053553,0.285779,1.435949,0.659115,-0.037933,0.950000,1.570000,-0.020292,0.725863,0.297251,-0.619962,0.037876,0.223935,0.724339,0.082634,-0.608527,0.071075,0.786012,-1.063085,1.413586,0.678557,-0.019756,0.725964,0.297325,-0.619826,0.018856,0.250162,0.731174,0.099795,-0.597288,0.070281,0.792685,-1.043686,1.387750,0.686390,0.342118,-0.497895,0.905656,-0.922971,10,False,True,0.000631,-0.013815,-0.020222,0.007852,-0.049975,-0.074842,-0.001571,-0.059017,-0.038100,-0.001571,-0.059017,-0.038100,0.000000,0.004168,-0.037667,-0.035722,0.432129,True,-0.006451,-0.057087,-0.029684,-0.006451,-0.057087,-0.029684,-1.593921,-1.757915,-1.782663,1.544527,-1.856333,-1.918815,-1.908192,1.271881,0.058660,0.060945,0.054243,-0.051494,0.030497,0.034489,0.037564,-0.049251,41.412666,50.015068,51.760323,-38.475864,True,velocity,0.342118,0.346522,0.000000,0.000121,0.025785,False,0.000649,0.035142,0.000120,0.007054,-2.747351,-2.748917,0.001566,2.738704,2.747882,-0.009178,167.000000
11.67535004299134,-0.104134,0.216748,-2.588516,0.006353,-0.148850,-0.197670,-0.168313,-0.050760,0.285571,1.433012,0.660107,-0.037751,0.950000,1.570000,-0.025537,0.725234,0.306160,-0.616156,0.035671,0.226607,0.720653,0.082634,-0.608527,0.071075,0.786012,-1.063085,1.413586,0.678557,-0.025012,0.725347,0.306197,-0.616027,0.017409,0.251822,0.727379,0.099325,-0.597245,0.070153,0.792787,-1.044455,1.388750,0.686002,0.341631,-0.498769,0.906820,-0.923770,10,False,True,0.000665,-0.013302,-0.019750,0.002100,-0.055091,-0.023955,0.003978,-0.060294,-0.044178,0.003978,-0.060294,-0.044178,0.000000,-0.001007,-0.043662,-0.023955,0.938232,True,-0.001571,-0.059017,-0.038100,-0.001571,-0.059017,-0.038100,-1.493911,-1.696505,-1.717808,1.660820,-1.732884,-1.863502,-1.859351,1.369903,0.062058,0.063298,0.054393,-0.052278,0.030679,0.038218,0.042566,-0.052803,41.448383,50.055943,51.812359,-38.539619,True,velocity,0.341631,0.346522,0.000000,0.000079,0.015282,False,0.000489,0.035208,0.000091,0.007069,-2.741095,-2.748917,0.007822,2.738619,2.747882,-0.009263,167.000000
11.72060941599193,-0.105690,0.220814,-2.590098,0.001504,-0.153189,-0.187799,-0.183073,-0.047527,0.286675,1.429819,0.661304,-0.038094,0.950000,1.570000,-0.028065,0.718797,0.316253,-0.618488,0.032479,0.232661,0.716834,0.082634,-0.608527,0.071075,0.786012,-1.063085,1.413586,0.678557,-0.027574,0.718922,0.316243,-0.618370,0.015751,0.255742,0.723172,0.098244,-0.597565,0.069973,0.792697,-1.046035,1.390842,0.685285,0.341415,-0.500241,0.909708,-0.923902,10,False,True,-0.000076,-0.014473,-0.018410,-0.017414,-0.108482,-0.003977,0.000387,-0.069124,-0.037196,0.000387,-0.069124,-0.037196,0.000000,-0.018730,-0.095427,-0.003977,1.000000,True,0.003978,-0.060294,-0.044178,0.003978,-0.060294,-0.044178,-1.397709,-1.624508,-1.635074,1.777135,-1.659499,-1.814815,-1.804083,1.461966,0.064430,0.064613,0.054212,-0.053310,0.032525,0.041965,0.042244,-0.053569,41.479214,50.102261,51.846821,-38.586079,True,velocity,0.341415,0.346522,-0.010216,0.000054,0.013426,False,0.000117,0.035381,0.000022,0.007117,-2.737928,-2.748917,0.010990,2.738885,2.747882,-0.008997,167.000000
11.774077451991616,-0.102055,0.220445,-2.586163,0.002552,-0.150925,-0.187642,-0.191107,-0.044178,0.286595,1.426609,0.661476,-0.037946,0.950000,1.570000,-0.031291,0.720339,0.320133,-0.614530,0.031568,0.235850,0.716826,0.082634,-0.608527,0.071075,0.786012,-1.063085,1.413586,0.678557,-0.030817,0.720461,0.320114,-0.614421,0.015694,0.257750,0.722816,0.097712,-0.597503,0.069794,0.792825,-1.046877,1.392026,0.684829,0.340884,-0.500764,0.911381,-0.923852,10,False,True,-0.000693,-0.013808,-0.017119,-0.018580,-0.060819,0.001526,-0.003061,-0.067614,-0.030156,-0.003061,-0.067614,-0.030156,0.000000,-0.018594,-0.049189,0.001526,1.000000,True,0.000387,-0.069124,-0.037196,0.000387,-0.069124,-0.037196,-1.479972,-1.651188,-1.662475,1.674354,-1.579949,-1.765629,-1.754632,1.535748,0.073616,0.073436,0.064565,-0.064293,0.036852,0.047889,0.046143,-0.059008,41.519951,50.154156,51.907646,-38.648857,True,velocity,0.340884,0.346522,-0.011278,0.000035,0.004018,False,0.000198,0.035417,0.000038,0.007129,-2.733870,-2.748917,0.015047,2.738799,2.747882,-0.009083,167.000000
11.820297430997016,-0.099918,0.216393,-2.589204,0.002194,-0.155966,-0.181018,-0.192674,-0.040329,0.288208,1.423117,0.661984,-0.038465,0.950000,1.570000,-0.026321,0.718633,0.321915,-0.615828,0.029862,0.242959,0.719747,0.082634,-0.608527,0.071075,0.786012,-1.063085,1.413586,0.678557,-0.025909,0.718740,0.321889,-0.615734,0.015900,0.262179,0.724908,0.096360,-0.597913,0.069538,0.792704,-1.048805,1.394681,0.683915,0.340669,-0.502100,0.915359,-0.922941,10,False,True,-0.001974,-0.015513,-0.015203,-0.043902,-0.132659,0.027323,-0.009890,-0.078491,-0.020544,-0.009890,-0.078491,-0.020544,0.000000,-0.041843,-0.118737,0.027323,0.919678,True,-0.003061,-0.067614,-0.030156,-0.003061,-0.067614,-0.030156,-1.541844,-1.685118,-1.698196,1.603092,-1.567760,-1.746958,-1.736636,1.553978,0.071313,0.071610,0.064395,-0.063876,0.047092,0.056626,0.053314,-0.066308,41.575752,50.211914,51.952984,-38.718052,True,velocity,0.340669,0.346478,-0.011605,-0.000277,0.001296,False,0.000169,0.035594,0.000032,0.007183,-2.734172,-2.748917,0.014746,2.739138,2.747882,-0.008744,167.000000
11.866834982996807,-0.097447,0.214437,-2.586779,0.004927,-0.152797,-0.172674,-0.194088,-0.037313,0.288509,1.420278,0.662242,-0.038508,0.950000,1.570000,-0.023033,0.721029,0.324679,-0.611695,0.028937,0.246346,0.721622,0.082634,-0.608527,0.071075,0.786012,-1.063085,1.413586,0.678557,-0.022662,0.721123,0.324651,-0.611613,0.016000,0.264176,0.726335,0.095704,-0.597960,0.069348,0.792764,-1.049802,1.396081,0.683395,0.340249,-0.502759,0.917377,-0.922708,10,False,True,-0.002358,-0.014894,-0.014286,-0.024137,-0.072289,0.006981,-0.012969,-0.078140,-0.014853,-0.012969,-0.078140,-0.014853,0.000000,-0.021647,-0.059901,0.006981,1.000000,True,-0.009890,-0.078491,-0.020544,-0.009890,-0.078491,-0.020544,-1.649612,-1.734525,-1.745160,1.486782,-1.573767,-1.740468,-1.736605,1.541624,0.081026,0.082104,0.077141,-0.076099,0.058154,0.057614,0.054303,-0.063830,41.637695,50.260044,52.008369,-38.769390,True,velocity,0.340249,0.346409,-0.012288,-0.000660,0.016694,False,0.000378,0.035658,0.000071,0.007203,-2.732383,-2.748917,0.016534,2.739163,2.747882,-0.008719,167.000000
11.910546973987948,-0.098178,0.211231,-2.589227,0.005285,-0.154942,-0.161420,-0.195285,-0.033927,0.290423,1.417082,0.663453,-0.039231,0.950000,1.570000,-0.016769,0.719451,0.327230,-0.612396,0.025997,0.253096,0.724422,0.082634,-0.608527,0.071075,0.786012,-1.063085,1.413586,0.678557,-0.016463,0.719530,0.327196,-0.612330,0.015089,0.268138,0.728328,0.094263,-0.598492,0.069106,0.792557,-1.051851,1.398839,0.682446,0.340158,-0.504530,0.921348,-0.922328,10,False,True,-0.002963,-0.016511,-0.013410,-0.034499,-0.140988,0.011410,-0.016883,-0.089567,-0.010078,-0.016883,-0.089567,-0.010078,0.000000,-0.031324,-0.126618,0.011410,1.000000,True,-0.012969,-0.078140,-0.014853,-0.012969,-0.078140,-0.014853,-1.700675,-1.762194,-1.771083,1.434800,-1.592374,-1.741117,-2.005933,1.535748,0.080166,0.081429,0.077874,-0.076640,0.063368,0.062230,0.058711,-0.059507,41.698521,50.330635,52.063477,-38.823662,True,velocity,0.340158,0.346087,-0.011723,-0.002698,0.010862,False,0.000403,0.035889,0.000075,0.007269,-2.735824,-2.748917,0.013093,2.739636,2.747882,-0.008246,167.000000
11.955228498001816,-0.097412,0.210812,-2.587667,0.007424,-0.150857,-0.147989,-0.196023,-0.031207,0.290476,1.414485,0.664173,-0.039149,0.950000,1.570000,-0.011933,0.720867,0.331411,-0.608585,0.024367,0.256983,0.725098,0.082634,-0.608527,0.071075,0.786012,-1.063085,1.413586,0.678557,-0.011671,0.720935,0.331371,-0.608531,0.014662,0.270395,0.728552,0.093510,-0.598474,0.068869,0.792681,-1.053048,1.400465,0.681817,0.339506,-0.505427,0.923584,-0.922219,10,False,True,-0.003061,-0.015842,-0.012966,-0.022964,-0.082056,0.003250,-0.017989,-0.088202,-0.007655,-0.017989,-0.088202,-0.007655,0.000000,-0.019957,-0.069450,0.003250,1.000000,True,-0.016883,-0.089567,-0.010078,-0.016883,-0.089567,-0.010078,-1.736337,-1.772808,-1.778296,1.400716,-1.622932,-1.740964,-1.736605,1.517521,0.091469,0.092639,0.090191,-0.089015,0.072836,0.067998,0.068140,-0.060641,41.774693,50.385883,52.133232,-38.884624,True,velocity,0.339506,0.345888,-0.012601,-0.003242,0.023773,False,0.000565,0.035957,0.000105,0.007287,-2.734054,-2.748917,0.014864,2.739585,2.747882,-0.008298,167.000000
12.011640112992609,-0.102178,0.209891,-2.591982,0.004196,-0.157066,-0.137952,-0.205639,-0.028153,0.291457,1.411533,0.664749,-0.039494,0.950000,1.570000,-0.009499,0.714140,0.336949,-0.613497,0.022278,0.261019,0.724986,0.082634,-0.608527,0.071075,0.786012,-1.063085,1.413586,0.678557,-0.009264,0.714208,0.336896,-0.613451,0.013729,0.272843,0.728031,0.092694,-0.598735,0.068723,0.792591,-1.054231,1.402028,0.681263,0.339384,-0.506448,0.925832,-0.922208,10,False,True,-0.003033,-0.015303,-0.012700,-0.019925,-0.083317,0.000337,-0.018341,-0.087313,-0.006202,-0.018341,-0.087313,-0.006202,0.000000,-0.017237,-0.072037,0.000337,1.000000,True,-0.017989,-0.088202,-0.007655,-0.017989,-0.088202,-0.007655,-1.755864,-1.783917,-1.788355,1.381844,-1.671932,-1.746806,-1.748879,1.480248,0.090321,0.091140,0.089301,-0.088415,0.079582,0.074176,0.074633,-0.064603,41.855888,50.480049,52.215820,-38.950054,True,velocity,0.339384,0.345131,-0.011149,-0.006920,0.001477,False,0.000321,0.036087,0.000059,0.007326,-2.742107,-2.748917,0.006811,2.739823,2.747882,-0.008060,167.000000
12.063759434007807,-0.105080,0.209079,-2.594077,0.001999,-0.162272,-0.135083,-0.215531,-0.024935,0.291542,1.408447,0.665215,-0.039433,0.950000,1.570000,-0.010374,0.709238,0.340704,-0.617086,0.020446,0.264630,0.724496,0.082634,-0.608527,0.071075,0.786012,-1.063085,1.413586,0.678557,-0.010161,0.709304,0.340646,-0.617046,0.012956,0.275007,0.727163,0.092025,-0.598718,0.068512,0.792700,-1.055303,1.403462,0.680704,0.338816,-0.507231,0.927832,-0.922180,10,False,True,-0.003029,-0.014453,-0.012465,-0.020775,-0.071430,0.000839,-0.018784,-0.084425,-0.004921,-0.018784,-0.084425,-0.004921,0.000000,-0.018314,-0.061781,0.000839,1.000000,True,-0.018341,-0.087313,-0.006202,-0.018341,-0.087313,-0.006202,-1.764609,-1.787554,-1.791238,1.373668,-1.690784,-1.752799,-1.754632,1.461966,0.089509,0.090129,0.088641,-0.087919,0.082881,0.079110,0.079334,-0.068653,41.952984,50.556782,52.304829,-39.034321,True,velocity,0.338816,0.344816,-0.011670,-0.006607,0.020936,False,0.000153,0.036149,0.000028,0.007344,-2.744210,-2.748917,0.004707,2.739793,2.747882,-0.008089,167.000000
12.110013060999336,-0.100426,0.206036,-2.591310,0.001621,-0.162437,-0.133502,-0.250938,-0.020835,0.293955,1.404837,0.664991,-0.040328,0.950000,1.570000,-0.019764,0.705055,0.354841,-0.613674,0.019376,0.272272,0.726041,0.082634,-0.608527,0.071075,0.786012,-1.063085,1.413586,0.678557,-0.019583,0.705118,0.354775,-0.613645,0.013604,0.280267,0.728060,0.090732,-0.599328,0.068346,0.792403,-1.057052,1.405811,0.679901,0.339074,-0.508342,0.931628,-0.920982,10,False,True,-0.003854,-0.015318,-0.011103,-0.047094,-0.121157,0.035945,-0.023931,-0.091104,0.002509,-0.023931,-0.091104,0.002509,0.000000,-0.043580,-0.110369,0.035945,1.000000,True,-0.018784,-0.084425,-0.004921,-0.018784,-0.084425,-0.004921,-1.778813,-1.797576,-1.800725,1.359875,-1.714671,-1.759637,-1.761059,1.443684,0.086723,0.087200,0.086020,-0.085421,0.079452,0.076570,0.074234,-0.067551,42.011997,50.628487,52.355190,-39.080357,True,velocity,0.339074,0.344197,-0.009808,-0.008749,0.016808,False,0.000122,0.036343,0.000022,0.007410,-2.734907,-2.748917,0.014010,2.740394,2.747882,-0.007489,167.000000
12.158910489990376,-0.091762,0.199024,-2.586798,0.004702,-0.156390,-0.135242,-0.248770,-0.017515,0.291534,1.402147,0.662591,-0.038953,0.950000,1.570000,-0.017607,0.712087,0.354400,-0.605824,0.023647,0.273023,0.729610,0.082634,-0.608527,0.071075,0.786012,-1.063085,1.413586,0.678557,-0.017424,0.712149,0.354334,-0.605795,0.017743,0.281175,0.731584,0.091042,-0.598457,0.068125,0.793044,-1.056892,1.405682,0.679798,0.337707,-0.506871,0.931860,-0.919312,10,False,True,-0.004361,-0.011561,-0.009516,-0.043055,0.016822,0.050102,-0.027030,-0.073613,0.010222,-0.027030,-0.073613,0.010222,0.000000,-0.039111,0.021605,0.050102,0.891357,True,-0.023931,-0.091104,0.002509,-0.023931,-0.091104,0.002509,-1.832890,-1.824105,-1.822473,1.310386,-1.745716,-1.764980,-1.773236,1.418938,0.093650,0.093626,0.094245,-0.094044,0.077674,0.074691,0.070964,-0.066102,42.094028,50.704800,52.431362,-39.149971,True,velocity,0.337707,0.343553,-0.011180,-0.010245,0.004249,False,0.000346,0.036077,0.000063,0.007344,-2.727306,-2.748917,0.021611,2.739461,2.747882,-0.008421,167.000000
12.207255588000407,-0.080216,0.175069,-2.592975,0.003836,-0.161076,-0.127775,-0.234307,-0.013528,0.289946,1.399684,0.655004,-0.037783,0.950000,1.570000,0.001285,0.717008,0.349462,-0.603137,0.036767,0.271336,0.743559,0.082634,-0.608527,0.071075,0.786012,-1.063085,1.413586,0.678557,0.001501,0.717078,0.349381,-0.603100,0.029173,0.281621,0.745762,0.092282,-0.597661,0.068183,0.793496,-1.055187,1.403586,0.680464,0.337446,-0.502574,0.930605,-0.914571,10,False,True,-0.006084,-0.005476,-0.005116,-0.078612,0.108885,0.142242,-0.025713,-0.058397,0.024520,-0.025713,-0.058397,0.024520,0.000000,-0.078612,0.108885,0.142242,0.577148,True,-0.027030,-0.073613,0.010222,-0.027030,-0.073613,0.010222,-1.949201,-1.907056,-1.896598,1.203928,-1.782542,-1.784157,-1.785447,1.388838,0.076791,0.076075,0.078534,-0.078835,0.083689,0.078624,0.076303,-0.069731,42.178852,50.769253,52.495258,-39.207451,True,velocity,0.337446,0.342962,-0.010486,-0.010926,0.003956,False,0.000262,0.035593,0.000045,0.007247,-2.722351,-2.748917,0.026566,2.738564,2.747882,-0.009319,167.000000
12.251748315989971,-0.078549,0.162640,-2.595245,0.008301,-0.156220,-0.121886,-0.226776,-0.010895,0.290700,1.397947,0.649967,-0.038079,0.950000,1.570000,0.012251,0.721593,0.345614,-0.599753,0.043662,0.268352,0.753257,0.082634,-0.608527,0.071075,0.786012,-1.063085,1.413586,0.678557,0.012489,0.721666,0.345530,-0.599710,0.034665,0.280444,0.755639,0.093159,-0.597701,0.068400,0.793345,-1.053755,1.401813,0.681159,0.338432,-0.499964,0.929278,-0.912087,10,False,True,-0.006472,-0.000874,-0.003449,-0.037275,0.079530,0.074518,-0.024402,-0.046806,0.032764,-0.024402,-0.046806,0.032764,0.000000,-0.037275,0.079530,0.074518,0.466797,True,-0.025713,-0.058397,0.024520,-0.025713,-0.058397,0.024520,-2.065489,-1.941725,-1.908254,1.117882,-1.837465,-1.820802,-1.809905,1.333412,0.061310,0.058953,0.064756,-0.066706,0.079620,0.072603,0.070918,-0.065857,42.220146,50.819057,52.557476,-39.255302,True,velocity,0.338432,0.342647,0.000000,-0.009750,0.016699,False,0.000540,0.035395,0.000091,0.007224,-2.724799,-2.748917,0.024119,2.738695,2.747882,-0.009187,167.000000
12.308316874987213,-0.081766,0.149944,-2.599745,0.015838,-0.149981,-0.121356,-0.216332,-0.008460,0.290861,1.396265,0.645500,-0.038177,0.950000,1.570000,0.023215,0.726342,0.336733,-0.598749,0.049192,0.264458,0.763838,0.082634,-0.608527,0.071075,0.786012,-1.063085,1.413586,0.678557,0.023471,0.726408,0.336661,-0.598698,0.038867,0.278288,0.766289,0.094062,-0.597593,0.068542,0.793307,-1.052367,1.400128,0.681793,0.339086,-0.497532,0.927863,-0.910017,10,False,True,-0.006703,0.003304,-0.002471,-0.031350,0.078375,0.062094,-0.024038,-0.038914,0.037971,-0.024038,-0.038914,0.037971,0.000000,-0.031350,0.078375,0.062094,0.399414,True,-0.024402,-0.046806,0.032764,-0.024402,-0.046806,0.032764,-2.181792,-1.985370,-1.925675,1.037933,-1.941675,-1.863642,-1.840756,1.253680,0.050510,0.046369,0.053970,-0.057470,0.053874,0.040192,0.048661,-0.036395,42.266880,50.842632,52.594868,-39.277901,True,velocity,0.339086,0.342078,0.000000,-0.009800,0.009062,False,0.000970,0.035186,0.000158,0.007193,-2.733301,-2.748917,0.015616,2.738642,2.747882,-0.009240,167.000000
12.399373099004151,-0.090337,0.125483,-2.606908,0.023718,-0.163098,-0.148553,-0.217408,-0.004838,0.291742,1.393268,0.640020,-0.038853,0.950000,1.570000,0.027807,0.726099,0.317323,-0.609355,0.055477,0.256810,0.782211,0.082634,-0.608527,0.071075,0.786012,-1.063085,1.413586,0.678557,0.028133,0.726160,0.317285,-0.609286,0.042977,0.273498,0.784587,0.095499,-0.597728,0.068830,0.793009,-1.050111,1.397342,0.682899,0.340605,-0.494578,0.924974,-0.908600,10,False,True,-0.006440,0.008705,-0.002320,-0.022596,0.145092,0.042518,-0.026875,-0.035065,0.040710,-0.026875,-0.035065,0.040710,0.000000,-0.016321,0.122891,0.042518,0.378662,True,-0.024038,-0.038914,0.037971,-0.024038,-0.038914,0.037971,-2.298051,-2.044936,-1.954402,0.960111,-2.107578,-1.931014,-1.889648,1.143428,0.045037,0.038233,0.046882,-0.052162,0.043984,0.028961,0.029693,-0.013309,42.346539,50.899414,52.645229,-39.298130,True,velocity,0.340605,0.341484,0.000000,-0.008265,0.018280,False,0.001263,0.034982,0.000194,0.007172,-2.750106,-2.748917,-0.001189,2.738826,2.747882,-0.009056,167.000000
12.44521722799982,-0.094024,0.113313,-2.601780,0.033719,-0.162408,-0.201902,-0.231681,-0.001368,0.290903,1.389867,0.637018,-0.039128,0.950000,1.570000,0.009130,0.732893,0.300112,-0.610505,0.057331,0.248636,0.791972,0.082634,-0.608527,0.071075,0.786012,-1.063085,1.413586,0.678557,0.009564,0.732951,0.300135,-0.610418,0.042991,0.267856,0.794315,0.096977,-0.597448,0.068889,0.793036,-1.048144,1.394899,0.683781,0.341117,-0.492671,0.921673,-0.909291,10,False,True,-0.004991,0.013655,-0.004369,0.012237,0.141861,-0.020754,-0.016068,-0.021905,0.038156,-0.016068,-0.021905,0.038156,0.000000,0.016176,0.113207,-0.020754,0.340576,True,-0.026875,-0.035065,0.040710,-0.026875,-0.035065,0.040710,-2.414324,-2.156537,-2.033004,0.869922,-2.174946,-1.961525,-1.908289,1.100438,0.043814,0.035411,0.044400,-0.051019,0.039431,0.027263,0.026342,-0.009781,42.374023,50.912807,52.666294,-39.308315,True,velocity,0.341117,0.341434,0.000000,-0.005985,0.017488,False,0.001612,0.034799,0.000243,0.007139,-2.748517,-2.748917,0.000400,2.738699,2.747882,-0.009183,167.000000
12.516489678004291,-0.094867,0.114078,-2.598984,0.030207,-0.158999,-0.221509,-0.240765,0.001206,0.290679,1.387512,0.635662,-0.038803,0.950000,1.570000,-0.003027,0.733392,0.300044,-0.610000,0.058261,0.248581,0.789972,0.082634,-0.608527,0.071075,0.786012,-1.063085,1.413586,0.678557,-0.002549,0.733463,0.300067,-0.609906,0.043622,0.268151,0.792415,0.097116,-0.597309,0.068946,0.793118,-1.047860,1.394549,0.683897,0.341084,-0.491989,0.921490,-0.908872,10,False,True,-0.004859,0.014957,-0.005222,-0.016690,0.046366,0.012571,-0.010883,-0.014493,0.036583,-0.010883,-0.014493,0.036583,0.000000,-0.012666,0.016982,0.012571,0.180908,True,-0.016068,-0.021905,0.038156,-0.016068,-0.021905,0.038156,-2.489210,-2.078277,-1.916780,0.867130,-2.291075,-2.010861,-1.932613,1.020690,0.027719,0.019637,0.028250,-0.034346,0.025846,0.013170,0.017070,-0.009706,42.401787,50.922432,52.683453,-39.319756,True,velocity,0.341084,0.341434,0.000000,-0.003562,0.007433,False,0.001451,0.034736,0.000219,0.007129,-2.746394,-2.748917,0.002524,2.738546,2.747882,-0.009336,167.000000
12.575469520990737,-0.095752,0.116909,-2.599348,0.013254,-0.161371,-0.189515,-0.257810,0.002717,0.292612,1.386200,0.634887,-0.038949,0.950000,1.570000,0.000091,0.723003,0.322641,-0.610876,0.060648,0.252932,0.784175,0.082634,-0.608527,0.071075,0.786012,-1.063085,1.413586,0.678557,0.000558,0.723115,0.322570,-0.610781,0.046177,0.272080,0.786812,0.096551,-0.597830,0.069246,0.792769,-1.048190,1.394878,0.683904,0.341984,-0.492028,0.922548,-0.908029,10,False,True,-0.005103,0.014591,-0.005598,-0.023550,0.001998,0.025285,-0.008010,-0.009570,0.035684,-0.008010,-0.009570,0.035684,0.000000,-0.018752,-0.025643,0.025285,0.114014,True,-0.010883,-0.014493,0.036583,-0.010883,-0.014493,0.036583,-2.611984,-2.006784,-1.811838,0.837240,-2.383466,-2.010861,-1.920403,0.989895,0.019215,0.011045,0.019410,-0.025248,0.017631,0.002516,0.007910,-0.004366,42.425362,50.922573,52.687500,-39.318501,True,velocity,0.341984,0.341434,0.000000,-0.002194,0.005295,False,0.000665,0.034836,0.000102,0.007168,-2.747387,-2.748917,0.001530,2.738918,2.747882,-0.008965,167.000000
12.647146098985104,-0.092810,0.121611,-2.596355,0.007292,-0.158591,-0.196153,-0.262193,0.005368,0.292272,1.384196,0.633189,-0.038518,0.950000,1.570000,-0.007570,0.722549,0.327524,-0.608764,0.062084,0.256773,0.778858,0.082634,-0.608527,0.071075,0.786012,-1.063085,1.413586,0.678557,-0.007099,0.722673,0.327439,-0.608668,0.047993,0.275309,0.781585,0.096299,-0.597575,0.069132,0.793001,-1.048614,1.395464,0.683635,0.341438,-0.491409,0.923915,-0.906318,10,False,True,-0.006152,0.014228,-0.005076,-0.046813,0.005382,0.051350,-0.006258,-0.005848,0.035448,-0.006258,-0.005848,0.035448,0.000000,-0.040028,-0.020634,0.051350,0.082275,True,-0.008010,-0.009570,0.035684,-0.008010,-0.009570,0.035684,-2.787812,-1.928528,-1.709296,0.780588,-2.530413,-1.992558,-1.852924,0.941040,0.014511,0.005538,0.013931,-0.019557,0.019758,-0.001130,-0.003641,0.005817,42.456474,50.919922,52.677734,-39.305523,True,velocity,0.341438,0.341434,0.000000,-0.001287,0.028415,False,0.000379,0.034744,0.000059,0.007151,-2.740829,-2.748917,0.008088,2.738729,2.747882,-0.009153,167.000000
12.700170470983721,-0.084854,0.128693,-2.591525,0.002699,-0.154981,-0.199365,-0.266486,0.008030,0.291566,1.382626,0.629532,-0.037895,0.950000,1.570000,-0.014915,0.723270,0.335196,-0.603574,0.066321,0.260624,0.772312,0.082634,-0.608527,0.071075,0.786012,-1.063085,1.413586,0.678557,-0.014430,0.723410,0.335094,-0.603475,0.052070,0.279199,0.775269,0.096417,-0.597123,0.069035,0.793336,-1.048484,1.395414,0.683585,0.340889,-0.489569,0.924855,-0.903181,10,False,True,-0.007952,0.014837,-0.003121,-0.070607,0.038198,0.094105,-0.005141,-0.002604,0.036033,-0.005141,-0.002604,0.036033,0.000000,-0.060747,0.012218,0.094105,0.068604,True,-0.006258,-0.005848,0.035448,-0.006258,-0.005848,0.035448,-3.019675,-1.723619,-1.593543,0.692481,-2.646865,-0.852117,-1.779697,0.885667,0.011526,0.001473,0.009993,-0.015625,0.022102,-0.003114,-0.006949,0.009112,42.479492,50.913921,52.671040,-39.297016,True,velocity,0.340889,0.341434,0.000000,-0.000835,0.018982,False,0.000146,0.034517,0.000023,0.007106,-2.725414,-2.748917,0.023504,2.738395,2.747882,-0.009487,167.000000
12.759718145010993,-0.081622,0.131495,-2.591150,0.002720,-0.156222,-0.202619,-0.279184,0.010586,0.291680,1.381248,0.625059,-0.037731,0.950000,1.570000,-0.020378,0.720809,0.341111,-0.603045,0.071137,0.262808,0.770144,0.082634,-0.608527,0.071075,0.786012,-1.063085,1.413586,0.678557,-0.019863,0.720964,0.340996,-0.602942,0.056347,0.281941,0.773270,0.096726,-0.596910,0.069047,0.793458,-1.047936,1.394872,0.683780,0.340991,-0.487338,0.925320,-0.899818,10,False,True,-0.009799,0.015958,-0.000959,-0.074044,0.057584,0.100894,-0.004405,0.000821,0.037313,-0.004405,0.000821,0.037313,0.000000,-0.061090,0.030755,0.100894,0.070068,True,-0.005141,-0.002604,0.036033,-0.005141,-0.002604,0.036033,2.982329,-2.068842,-1.431487,0.557089,-2.855042,-1.930498,-1.669127,0.805896,0.010296,-0.002039,0.006888,-0.012865,0.024965,-0.005698,-0.009956,0.010398,42.513393,50.908203,52.653599,-39.281807,True,velocity,0.340991,0.341434,0.000000,-0.000525,0.029454,False,0.000150,0.034298,0.000024,0.007070,-2.722216,-2.748917,0.026702,2.738329,2.747882,-0.009553,167.000000
12.806284752005013,-0.082989,0.128278,-2.590614,0.006511,-0.151559,-0.215209,-0.283262,0.012825,0.292139,1.379625,0.622539,-0.037861,0.950000,1.570000,-0.024472,0.723232,0.337885,-0.601806,0.073141,0.263020,0.773192,0.082634,-0.608527,0.071075,0.786012,-1.063085,1.413586,0.678557,-0.023936,0.723384,0.337787,-0.601700,0.058099,0.282447,0.776249,0.096866,-0.596917,0.069065,0.793434,-1.047644,1.394610,0.683898,0.341253,-0.486215,0.925634,-0.898207,10,False,True,-0.010705,0.016398,-0.000591,-0.046777,0.040377,0.048328,-0.004102,0.004029,0.038339,-0.004102,0.004029,0.038339,0.000000,-0.032193,0.013643,0.048328,0.064453,True,-0.004405,0.000821,0.037313,-0.004405,0.000821,0.037313,2.676627,-1.915937,-1.093698,0.335698,-3.008384,-1.949322,-1.570802,0.726109,0.009937,-0.005726,0.003750,-0.010527,0.033368,-0.002916,-0.011940,0.010766,42.556782,50.910713,52.646065,-39.274834,True,velocity,0.341253,0.341434,0.000000,-0.000357,0.013277,False,0.000350,0.034208,0.000055,0.007061,-2.725847,-2.748917,0.023071,2.738406,2.747882,-0.009476,167.000000
12.860812413011445,-0.089075,0.122264,-2.596099,0.010393,-0.154718,-0.234161,-0.279766,0.015412,0.292368,1.377755,0.619693,-0.037888,0.950000,1.570000,-0.025301,0.723336,0.326574,-0.607861,0.075075,0.263150,0.778130,0.082634,-0.608527,0.071075,0.786012,-1.063085,1.413586,0.678557,-0.024744,0.723476,0.326513,-0.607749,0.059862,0.282761,0.781025,0.097003,-0.596833,0.069024,0.793484,-1.047426,1.394461,0.683949,0.341318,-0.484956,0.926180,-0.896246,10,False,True,-0.011872,0.016636,0.000091,-0.056289,0.037172,0.058813,-0.004225,0.007811,0.039542,-0.004225,0.007811,0.039542,0.000000,-0.039739,0.010767,0.058813,0.075684,True,-0.004102,0.004029,0.038339,-0.004102,0.004029,0.038339,2.453778,-1.840876,-0.269505,0.062752,2.955926,-1.936857,-1.301531,0.542295,0.011752,-0.009012,0.001286,-0.009440,0.044667,0.000218,-0.009333,0.008473,42.607979,50.907227,52.636021,-39.265903,True,velocity,0.341318,0.341434,0.000000,-0.000232,0.016796,False,0.000539,0.034087,0.000083,0.007044,-2.738439,-2.748917,0.010479,2.738365,2.747882,-0.009517,167.000000
12.907257482991554,-0.088143,0.108635,-2.602012,0.009654,-0.161401,-0.239738,-0.258836,0.018530,0.292202,1.376016,0.613856,-0.037488,0.950000,1.570000,-0.012878,0.725805,0.314669,-0.611575,0.082861,0.264053,0.787037,0.082634,-0.608527,0.071075,0.786012,-1.063085,1.413586,0.678557,-0.012304,0.725934,0.314632,-0.611453,0.066730,0.284618,0.789730,0.097536,-0.596495,0.069043,0.793671,-1.046505,1.393531,0.684266,0.341386,-0.481902,0.926440,-0.891987,10,False,True,-0.014255,0.018099,0.003033,-0.096641,0.079171,0.127792,-0.005192,0.013231,0.042633,-0.005192,0.013231,0.042633,0.000000,-0.076360,0.051227,0.127792,0.110107,True,-0.004225,0.007811,0.039542,-0.004225,0.007811,0.039542,2.283964,-1.765593,-2.270287,-0.264702,2.796597,-1.906482,-1.099096,0.358382,0.014214,-0.012760,-0.001511,-0.008914,0.049440,-0.003585,-0.017533,0.008704,42.652203,50.901367,52.612305,-39.255161,True,velocity,0.341386,0.341434,0.000000,-0.000158,0.033706,False,0.000458,0.033779,0.000069,0.006989,-2.743969,-2.748917,0.004948,2.738026,2.747882,-0.009856,167.000000
12.956859167985385,-0.089934,0.110969,-2.600537,0.007395,-0.161693,-0.243222,-0.267701,0.020144,0.293489,1.374834,0.611500,-0.038013,0.950000,1.570000,-0.018093,0.723403,0.318371,-0.612373,0.085028,0.263688,0.785539,0.082634,-0.608527,0.071075,0.786012,-1.063085,1.413586,0.678557,-0.017482,0.723548,0.318323,-0.612244,0.068221,0.285036,0.788433,0.097808,-0.596795,0.069235,0.793395,-1.045848,1.392741,0.684669,0.342376,-0.480850,0.925982,-0.890980,10,False,True,-0.014590,0.018694,0.002618,-0.036842,0.058634,0.030208,-0.008291,0.022544,0.046202,-0.008291,0.022544,0.046202,0.000000,-0.015978,0.030493,0.030208,0.196289,True,-0.005192,0.013231,0.042633,-0.005192,0.013231,0.042633,2.163932,-1.681725,-1.822032,-0.571998,2.606255,-1.851168,-1.264883,0.107330,0.020113,-0.018219,-0.006616,-0.010415,0.050013,-0.006755,-0.011029,0.014160,42.705219,50.892021,52.620953,-39.235210,True,velocity,0.342376,0.341434,0.000000,-0.000106,0.002832,False,0.000357,0.033743,0.000054,0.006997,-2.744037,-2.748917,0.004880,2.738419,2.747882,-0.009463,167.000000
13.004224567004712,-0.089211,0.114390,-2.595803,0.008241,-0.156009,-0.246812,-0.275102,0.021497,0.293210,1.373827,0.609893,-0.037884,0.950000,1.570000,-0.024196,0.724670,0.322409,-0.608539,0.086547,0.263389,0.783233,0.082634,-0.608527,0.071075,0.786012,-1.063085,1.413586,0.678557,-0.023560,0.724826,0.322356,-0.608407,0.069300,0.285272,0.786289,0.098099,-0.596628,0.069253,0.793484,-1.045388,1.392226,0.684849,0.342375,-0.479923,0.925608,-0.890196,10,False,True,-0.014773,0.018838,0.001863,-0.035710,0.053684,0.023526,-0.013494,0.032093,0.048079,-0.013494,0.032093,0.048079,0.000000,-0.014625,0.026198,0.023526,0.239746,True,-0.008291,0.022544,0.046202,-0.008291,0.022544,0.046202,2.090724,-1.555309,-1.544929,-0.807752,2.477935,-1.795843,-1.387641,-0.101588,0.030092,-0.027395,-0.016681,-0.017474,0.050413,-0.011078,0.008520,0.017904,42.748047,50.870953,52.641602,-39.222237,True,velocity,0.342375,0.341434,0.000000,-0.000072,0.018443,False,0.000405,0.033648,0.000062,0.006978,-2.738674,-2.748917,0.010243,2.738352,2.747882,-0.009531,167.000000
13.049168422992807,-0.088583,0.120868,-2.592937,0.006345,-0.151904,-0.263258,-0.281630,0.023366,0.292200,1.372558,0.607546,-0.037359,0.950000,1.570000,-0.036270,0.724682,0.323637,-0.607272,0.088619,0.263834,0.777714,0.082634,-0.608527,0.071075,0.786012,-1.063085,1.413586,0.678557,-0.035587,0.724856,0.323589,-0.607131,0.070871,0.286272,0.781063,0.098465,-0.596177,0.069208,0.793781,-1.044887,1.391682,0.684982,0.341927,-0.478504,0.925372,-0.888685,10,False,True,-0.015249,0.018867,0.001771,-0.050194,0.058801,0.045331,-0.019760,0.039208,0.049206,-0.019760,0.039208,0.049206,0.000000,-0.028631,0.032283,0.045331,0.257812,True,-0.013494,0.032093,0.048079,-0.013494,0.032093,0.048079,2.089203,-1.431629,-1.370479,-0.879876,2.373354,-1.722790,-1.418490,-0.290919,0.041975,-0.036740,-0.026694,-0.028273,0.053081,-0.022879,0.013508,0.015441,42.800781,50.842632,52.643414,-39.213726,True,velocity,0.341927,0.341434,0.000000,-0.000049,0.011922,False,0.000325,0.033470,0.000050,0.006938,-2.734932,-2.748917,0.013985,2.738053,2.747882,-0.009829,167.000000
13.09443036999437,-0.088161,0.124948,-2.590464,0.004720,-0.148558,-0.261378,-0.287936,0.024543,0.292034,1.371876,0.605765,-0.037180,0.950000,1.570000,-0.039871,0.723630,0.329384,-0.605208,0.090499,0.265158,0.774357,0.082634,-0.608527,0.071075,0.786012,-1.063085,1.413586,0.678557,-0.039176,0.723817,0.329320,-0.605065,0.072547,0.287779,0.777878,0.098579,-0.596018,0.069199,0.793887,-1.044690,1.391499,0.685035,0.341831,-0.477588,0.925612,-0.887307,10,False,True,-0.015423,0.017975,0.001509,-0.047263,0.035886,0.041340,-0.026151,0.043042,0.049542,-0.026151,0.043042,0.049542,0.000000,-0.025850,0.011732,0.041340,0.273682,True,-0.019760,0.039208,0.049206,-0.019760,0.039208,0.049206,2.127055,-1.324023,-1.239982,-0.867667,2.275189,-1.648793,-1.406280,-0.481166,0.052582,-0.044211,-0.034599,-0.039766,0.060552,-0.035069,0.001058,0.004763,42.870258,50.803432,52.631695,-39.220562,True,velocity,0.341831,0.341434,0.000000,-0.000034,0.028790,False,0.000248,0.033370,0.000039,0.006919,-2.731572,-2.748917,0.017346,2.737974,2.747882,-0.009908,167.000000
13.145664195006248,-0.087005,0.132064,-2.589517,0.002342,-0.149501,-0.253483,-0.303593,0.025719,0.291745,1.371510,0.603146,-0.036895,0.950000,1.570000,-0.044346,0.718358,0.340717,-0.604903,0.093344,0.267957,0.768551,0.082634,-0.608527,0.071075,0.786012,-1.063085,1.413586,0.678557,-0.043638,0.718568,0.340618,-0.604760,0.075216,0.290674,0.772335,0.098676,-0.595762,0.069153,0.794071,-1.044529,1.391399,0.685042,0.341587,-0.476248,0.926247,-0.884940,10,False,True,-0.015965,0.016919,0.002224,-0.064892,0.032293,0.071004,-0.032805,0.044474,0.050882,-0.032805,0.044474,0.050882,0.000000,-0.043214,0.010637,0.071004,0.289551,True,-0.026151,0.043042,0.049542,-0.026151,0.043042,0.049542,2.184184,-1.224360,-1.123681,-0.818938,2.244878,-1.525941,-1.332368,-0.591890,0.059949,-0.049857,-0.040115,-0.049320,0.068139,-0.045494,-0.011867,-0.005715,42.934013,50.750141,52.613003,-39.235352,True,velocity,0.341587,0.341434,0.000000,-0.000023,0.014434,False,0.000129,0.033214,0.000020,0.006887,-2.726994,-2.748917,0.021923,2.737852,2.747882,-0.010030,167.000000
13.194620605005184,-0.087879,0.134877,-2.587540,0.005008,-0.145879,-0.252848,-0.307042,0.026571,0.291324,1.371091,0.601815,-0.036693,0.950000,1.570000,-0.046006,0.718810,0.342792,-0.603067,0.094381,0.268692,0.767105,0.082634,-0.608527,0.071075,0.786012,-1.063085,1.413586,0.678557,-0.045298,0.719019,0.342696,-0.602926,0.076196,0.291473,0.770951,0.098762,-0.595539,0.069088,0.794233,-1.044431,1.391366,0.685015,0.341293,-0.475522,0.926554,-0.883784,10,False,True,-0.015601,0.015683,0.001683,-0.043165,0.025713,0.034657,-0.038777,0.043521,0.050793,-0.038777,0.043521,0.050793,0.000000,-0.022692,0.006650,0.034657,0.345215,True,-0.032805,0.044474,0.050882,-0.032805,0.044474,0.050882,2.256142,-1.126233,-1.007424,-0.745089,2.232843,-1.428383,-1.240480,-0.640855,0.065478,-0.053622,-0.043813,-0.056093,0.066845,-0.052600,-0.023314,-0.021621,42.998466,50.700893,52.579659,-39.267719,True,velocity,0.341293,0.341434,0.000000,-0.000015,0.015969,False,0.000278,0.033119,0.000044,0.006866,-2.728904,-2.748917,0.020014,2.737739,2.747882,-0.010144,167.000000
13.243655681988457,-0.089058,0.130773,-2.588506,0.003824,-0.146638,-0.254998,-0.313394,0.028078,0.291551,1.370222,0.599144,-0.036678,0.950000,1.570000,-0.046463,0.717361,0.344279,-0.603909,0.097702,0.269425,0.769323,0.082634,-0.608527,0.071075,0.786012,-1.063085,1.413586,0.678557,-0.045729,0.717582,0.344173,-0.603763,0.079075,0.292643,0.773141,0.098981,-0.595476,0.069122,0.794250,-1.043998,1.390933,0.685189,0.341500,-0.474183,0.926691,-0.881908,10,False,True,-0.015407,0.014999,0.001866,-0.053118,0.039795,0.056282,-0.045506,0.042299,0.051280,-0.045506,0.042299,0.051280,0.000000,-0.033656,0.022276,0.056282,0.566650,True,-0.038777,0.043521,0.050793,-0.038777,0.043521,0.050793,2.332208,-1.026002,-0.891113,-0.666574,2.245034,-1.329895,-1.166575,-0.652607,0.068417,-0.055052,-0.046148,-0.060319,0.064506,-0.054613,-0.028393,-0.028107,43.060127,50.642300,52.552876,-39.294922,True,velocity,0.341500,0.341434,0.000000,-0.000010,0.002217,False,0.000208,0.032997,0.000033,0.006847,-2.730635,-2.748917,0.018283,2.737716,2.747882,-0.010166,167.000000
13.29014951098361,-0.093121,0.123704,-2.590095,0.002569,-0.149920,-0.254784,-0.328739,0.029474,0.292854,1.369235,0.596935,-0.037153,0.950000,1.570000,-0.047057,0.713455,0.347797,-0.606469,0.100338,0.269487,0.773891,0.082634,-0.608527,0.071075,0.786012,-1.063085,1.413586,0.678557,-0.046289,0.713696,0.347668,-0.606319,0.081245,0.293194,0.777593,0.099125,-0.595797,0.069266,0.793979,-1.043549,1.390437,0.685478,0.342386,-0.473270,0.926659,-0.880711,10,False,True,-0.014551,0.014219,0.001354,-0.037938,0.034171,0.035921,-0.048341,0.040056,0.048792,-0.048341,0.040056,0.048792,0.000000,-0.020551,0.018167,0.035921,1.000000,True,-0.045506,0.042299,0.051280,-0.045506,0.042299,0.051280,2.411035,-0.922654,-0.774796,-0.586311,2.275671,-1.232078,-1.062427,-0.646731,0.072073,-0.057689,-0.048998,-0.064977,0.059151,-0.056946,-0.036290,-0.034852,43.103096,50.584541,52.510044,-39.335381,True,velocity,0.342386,0.341434,0.000000,-0.000007,0.032845,False,0.000134,0.032966,0.000021,0.006855,-2.734975,-2.748917,0.013942,2.738002,2.747882,-0.009880,167.000000
13.33724594899104,-0.102729,0.111072,-2.597532,0.000864,-0.160805,-0.261909,-0.354291,0.031608,0.294510,1.367632,0.593867,-0.037749,0.950000,1.570000,-0.049304,0.704767,0.348490,-0.615977,0.103716,0.268991,0.781901,0.082634,-0.608527,0.071075,0.786012,-1.063085,1.413586,0.678557,-0.048469,0.705038,0.348338,-0.615819,0.083921,0.293447,0.785346,0.099373,-0.596200,0.069459,0.793628,-1.042870,1.389681,0.685896,0.343562,-0.471970,0.926485,-0.879168,10,False,True,-0.013811,0.013866,0.001271,-0.042328,0.044152,0.046296,-0.047248,0.040801,0.048338,-0.047248,0.040801,0.048338,0.000000,-0.026752,0.028851,0.046296,1.000000,True,-0.048341,0.040056,0.048792,-0.048341,0.040056,0.048792,2.459097,-0.854838,-0.705072,-0.541690,2.318012,-1.152027,-0.982730,-0.628451,0.072259,-0.058340,-0.050570,-0.065850,0.055562,-0.060756,-0.043134,-0.041537,43.143555,50.532505,52.469585,-39.380440,True,velocity,0.343562,0.341434,0.000000,-0.000005,0.014601,False,0.000042,0.032914,0.000006,0.006863,-2.742471,-2.748917,0.006446,2.738336,2.747882,-0.009546,167.000000
13.383741092984565,-0.105979,0.069423,-2.600269,0.002891,-0.169844,-0.291938,-0.368711,0.035923,0.297748,1.364057,0.588253,-0.038913,0.950000,1.570000,-0.045678,0.709687,0.334202,-0.618520,0.111895,0.266333,0.810700,0.082634,-0.608527,0.071075,0.786012,-1.063085,1.413586,0.678557,-0.044720,0.709972,0.334063,-0.618338,0.090406,0.292626,0.812961,0.100005,-0.597045,0.069890,0.792876,-1.041188,1.387859,0.686862,0.346052,-0.469443,0.925480,-0.876962,10,False,True,-0.013520,0.014912,0.001866,-0.053785,0.088296,0.066183,-0.048436,0.049436,0.051583,-0.048436,0.049436,0.051583,0.000000,-0.039129,0.071585,0.066183,1.000000,True,-0.047248,0.040801,0.048338,-0.047248,0.040801,0.048338,2.441544,-0.874860,-0.729298,-0.561366,2.355222,-1.066560,-0.890878,-0.615670,0.072251,-0.059764,-0.051662,-0.065424,0.056512,-0.059606,-0.048194,-0.045974,43.212471,50.480049,52.423969,-39.419781,True,velocity,0.346052,0.341434,0.000000,-0.000003,0.015104,False,0.000093,0.032833,0.000013,0.006884,-2.759373,-2.748917,-0.010456,2.738893,2.747882,-0.008989,167.000000
13.434733456990216,-0.111938,0.044207,-2.602755,0.006351,-0.184933,-0.313924,-0.379155,0.039531,0.300668,1.360913,0.584553,-0.039972,0.950000,1.570000,-0.043506,0.710200,0.321183,-0.624951,0.115839,0.265043,0.829471,0.082634,-0.608527,0.071075,0.786012,-1.063085,1.413586,0.678557,-0.042467,0.710484,0.321072,-0.624758,0.093389,0.292382,0.830880,0.100267,-0.597848,0.070220,0.792208,-1.040210,1.386833,0.687507,0.348083,-0.468022,0.925122,-0.875698,10,False,True,-0.012746,0.014468,0.001410,-0.038991,0.051111,0.037903,-0.046719,0.049741,0.049095,-0.046719,0.049741,0.049095,0.000000,-0.025903,0.035508,0.037903,1.000000,True,-0.048436,0.049436,0.051583,-0.048436,0.049436,0.051583,2.369030,-0.952427,-0.827053,-0.645886,2.373656,-2.402867,-0.847700,-0.610170,0.079881,-0.066612,-0.057634,-0.071589,0.061276,-0.060816,-0.047610,-0.052561,43.278461,50.409458,52.366631,-39.483677,True,velocity,0.348083,0.341434,0.013298,-0.000002,0.001715,False,0.000132,0.032828,0.000018,0.006915,-2.770159,-2.748917,-0.021242,2.739468,2.747882,-0.008414,167.000000
13.485655672004214,-0.112001,-0.008265,-2.598839,0.021296,-0.212470,-0.361092,-0.383766,0.045482,0.305764,1.355597,0.578246,-0.042068,0.950000,1.570000,-0.035920,0.722665,0.289129,-0.626793,0.121866,0.262036,0.870839,0.082634,-0.608527,0.071075,0.786012,-1.063085,1.413586,0.678557,-0.034733,0.722909,0.289120,-0.626582,0.097500,0.291542,0.870119,0.100954,-0.599296,0.070760,0.790977,-1.038192,1.384745,0.688777,0.351806,-0.465522,0.923907,-0.874051,10,False,True,-0.012309,0.015363,0.001421,-0.046425,0.092637,0.049430,-0.046665,0.057540,0.049156,-0.046665,0.057540,0.049156,0.000000,-0.034234,0.076036,0.049430,1.000000,True,-0.046719,0.049741,0.049095,-0.046719,0.049741,0.049095,2.349969,-0.968009,-0.850520,-0.671127,2.373826,-1.010967,-0.848283,-0.610170,0.078341,-0.067621,-0.058176,-0.070184,0.067360,0.000000,-0.047334,-0.055291,43.341099,0.240374,52.330078,-39.536690,True,velocity,0.351806,0.341434,0.020744,-0.000001,0.003130,False,0.000151,0.032814,0.000020,0.006967,-2.768267,-2.748917,-0.019350,2.740473,2.747882,-0.007409,167.000000
13.550677355990047,-0.111370,-0.034243,-2.594128,0.023898,-0.235336,-0.378511,-0.398059,0.049980,0.308241,1.351325,0.575203,-0.042970,0.950000,1.570000,-0.034459,0.724272,0.279325,-0.629460,0.124598,0.260777,0.889866,0.082634,-0.608527,0.071075,0.786012,-1.063085,1.413586,0.678557,-0.033171,0.724523,0.279331,-0.629238,0.099114,0.291529,0.888034,0.101319,-0.599983,0.071102,0.790379,-1.037068,1.383510,0.689500,0.353704,-0.464335,0.922959,-0.873915,10,False,True,-0.011033,0.014952,-0.000082,-0.019157,0.060107,0.004072,-0.041664,0.058007,0.040959,-0.041664,0.058007,0.040959,0.000000,-0.009058,0.044672,0.004072,1.000000,True,-0.046665,0.057540,0.049156,-0.046665,0.057540,0.049156,2.284303,-1.028393,-0.931409,-0.752527,2.361163,-1.011388,-0.859972,-0.646731,0.083820,-0.074203,-0.064037,-0.074955,0.076767,-0.063689,-0.049406,-0.062027,43.452148,50.255718,52.258648,-39.620537,True,velocity,0.353704,0.341481,0.024432,0.000283,0.004616,False,0.000462,0.032819,0.000061,0.006997,-2.762595,-2.748917,-0.013678,2.741032,2.747882,-0.006850,167.000000
13.607564839010593,-0.115168,-0.081346,-2.595435,0.027020,-0.280803,-0.413595,-0.431256,0.056740,0.311857,1.344724,0.571579,-0.044636,0.950000,1.570000,-0.034519,0.722837,0.258170,-0.640049,0.127159,0.258264,0.923534,0.082634,-0.608527,0.071075,0.786012,-1.063085,1.413586,0.678557,-0.033023,0.723106,0.258204,-0.639811,0.099759,0.291192,0.919469,0.102035,-0.601002,0.071627,0.789465,-1.035153,1.381347,0.690660,0.356592,-0.462917,0.920702,-0.875088,10,False,True,-0.009262,0.015672,-0.002620,0.003459,0.095304,-0.035189,-0.037048,0.062232,0.030795,-0.037048,0.062232,0.030795,0.000000,0.010954,0.079218,-0.035189,0.734131,True,-0.041664,0.058007,0.040959,-0.041664,0.058007,0.040959,2.227953,-1.067497,-0.991009,-0.828301,2.330678,-1.011388,-0.890766,-0.689167,0.079183,-0.071833,-0.063022,-0.071165,0.083416,-0.066214,-0.053368,-0.064426,43.553432,50.193081,52.196430,-39.696568,True,velocity,0.356592,0.341641,0.029841,0.001204,0.011299,False,0.001109,0.032868,0.000148,0.007050,-2.768305,-2.748917,-0.019388,2.742230,2.747882,-0.005652,167.000000
13.660561358992709,-0.108173,-0.108339,-2.586837,0.046320,-0.290642,-0.429998,-0.418412,0.062017,0.311268,1.339921,0.568614,-0.045329,0.950000,1.570000,-0.023665,0.738222,0.237456,-0.630938,0.127322,0.255529,0.946380,0.082634,-0.608527,0.071075,0.786012,-1.063085,1.413586,0.678557,-0.022124,0.738397,0.237628,-0.630725,0.098909,0.289996,0.940569,0.103029,-0.600691,0.071388,0.789594,-1.033701,1.380108,0.690507,0.356068,-0.461132,0.919190,-0.875278,10,False,True,-0.008406,0.015912,-0.003836,-0.018209,0.085141,-0.005691,-0.032030,0.067167,0.023186,-0.032030,0.067167,0.023186,0.000000,-0.011785,0.069175,-0.005691,0.788818,True,-0.037048,0.062232,0.030795,-0.037048,0.062232,0.030795,2.140549,-1.121662,-1.072422,-0.944605,2.281445,-1.029562,-0.927457,-0.745023,0.077470,-0.072920,-0.065800,-0.070528,0.084217,-0.065537,-0.051701,-0.062665,43.631001,50.117466,52.147320,-39.756138,True,velocity,0.356068,0.341897,0.028218,0.002463,0.001386,False,0.002459,0.032706,0.000341,0.007021,-2.751488,-2.748917,-0.002570,2.742259,2.747882,-0.005623,167.000000
13.710992059001,-0.106446,-0.116936,-2.582293,0.063493,-0.265527,-0.433449,-0.390965,0.065686,0.309240,1.336774,0.566114,-0.045815,0.950000,1.570000,-0.013005,0.754576,0.226406,-0.615782,0.127620,0.253167,0.955972,0.082634,-0.608527,0.071075,0.786012,-1.063085,1.413586,0.678557,-0.011491,0.754666,0.226697,-0.615594,0.098622,0.288623,0.949295,0.104127,-0.599959,0.070831,0.790057,-1.032735,1.379335,0.690110,0.354607,-0.459588,0.918061,-0.874998,10,False,True,-0.007781,0.015537,-0.004329,-0.019432,0.070611,0.008391,-0.028640,0.068875,0.018830,-0.028640,0.068875,0.018830,0.000000,-0.013599,0.055752,0.008391,1.000000,True,-0.032030,0.067167,0.023186,-0.032030,0.067167,0.023186,2.045446,-1.189237,-1.159097,-1.060913,2.232688,-1.060496,-0.976899,-0.818435,0.077333,-0.074746,-0.068862,-0.071210,0.082985,-0.063452,-0.050765,-0.057552,43.711079,50.057476,52.098492,-39.808453,True,velocity,0.354607,0.342222,0.024581,0.003798,0.005309,False,0.003646,0.032478,0.000516,0.006964,-2.743958,-2.748917,0.004960,2.741845,2.747882,-0.006037,167.000000
13.765634682000382,-0.107924,-0.116057,-2.582686,0.060485,-0.261439,-0.438062,-0.386217,0.069151,0.310247,1.333462,0.564518,-0.046096,0.950000,1.570000,-0.014457,0.755179,0.225120,-0.615480,0.129040,0.251918,0.955650,0.082634,-0.608527,0.071075,0.786012,-1.063085,1.413586,0.678557,-0.012908,0.755277,0.225420,-0.615286,0.099446,0.288034,0.948946,0.104315,-0.600192,0.071018,0.789838,-1.032177,1.378665,0.690557,0.355491,-0.458987,0.917499,-0.875203,10,False,True,-0.006915,0.014062,-0.005162,-0.007840,0.036692,-0.006147,-0.024859,0.063023,0.014288,-0.024859,0.063023,0.014288,0.000000,-0.002919,0.024516,-0.006147,1.000000,True,-0.028640,0.068875,0.018830,-0.028640,0.068875,0.018830,1.991428,-1.227554,-1.205766,-1.124634,2.153138,-1.097498,-1.038004,-0.898391,0.076809,-0.074952,-0.070263,-0.071911,0.082268,-0.061480,-0.051566,-0.052031,43.805943,49.995815,52.035156,-39.867329,True,velocity,0.355491,0.342422,0.025950,0.003744,0.027227,False,0.003442,0.032469,0.000485,0.006975,-2.746259,-2.748917,0.002659,2.742162,2.747882,-0.005720,167.000000
13.825792149000335,-0.108206,-0.099350,-2.578671,0.059540,-0.226290,-0.421338,-0.364974,0.070605,0.306829,1.332179,0.562836,-0.045133,0.950000,1.570000,-0.011733,0.760635,0.235579,-0.604814,0.132214,0.249777,0.943496,0.082634,-0.608527,0.071075,0.786012,-1.063085,1.413586,0.678557,-0.010233,0.760733,0.235861,-0.604608,0.102151,0.286421,0.937525,0.105193,-0.599096,0.070537,0.790596,-1.031727,1.378142,0.690764,0.353998,-0.457676,0.916673,-0.874252,10,False,True,-0.006549,0.013441,-0.004687,-0.018844,0.055417,0.028526,-0.023765,0.061640,0.016877,-0.023765,0.061640,0.016877,0.000000,-0.014040,0.044308,0.028526,1.000000,True,-0.024859,0.063023,0.014288,-0.024859,0.063023,0.014288,1.969511,-1.237442,-1.219885,-1.151818,2.085777,-1.139908,-1.105489,-0.983925,0.069708,-0.068221,-0.064727,-0.066061,0.076917,-0.060215,-0.053655,-0.050756,43.892578,49.924107,51.970703,-39.929829,True,velocity,0.353998,0.343128,0.021402,0.006736,0.007423,False,0.003005,0.032199,0.000419,0.006893,-2.741970,-2.748917,0.006948,2.740936,2.747882,-0.006946,167.000000
13.878395634004846,-0.109761,-0.085549,-2.577469,0.057402,-0.200405,-0.424354,-0.354136,0.072515,0.306383,1.330327,0.561358,-0.044751,0.950000,1.570000,-0.018064,0.764426,0.240449,-0.597922,0.133978,0.248055,0.934362,0.082634,-0.608527,0.071075,0.786012,-1.063085,1.413586,0.678557,-0.016546,0.764554,0.240713,-0.597696,0.103403,0.285183,0.929029,0.105522,-0.598920,0.070563,0.790684,-1.031393,1.377567,0.691336,0.354326,-0.456987,0.916135,-0.873817,10,False,True,-0.005929,0.012246,-0.004815,-0.009621,0.034937,0.013060,-0.021193,0.056785,0.016183,-0.021193,0.056785,0.016183,0.000000,-0.005381,0.025670,0.013060,1.000000,True,-0.023765,0.061640,0.016877,-0.023765,0.061640,0.016877,1.966780,-1.253856,-1.233442,-1.150369,2.054983,-1.165010,-1.136340,-1.026366,0.068783,-0.066743,-0.062793,-0.064709,0.070566,-0.058165,-0.052264,-0.053811,43.962055,49.860352,51.923828,-39.981724,True,velocity,0.354326,0.343422,0.021491,0.006336,0.028948,False,0.002577,0.032107,0.000353,0.006873,-2.742593,-2.748917,0.006324,2.740634,2.747882,-0.007248,167.000000
13.940752700989833,-0.113339,-0.065821,-2.578429,0.053326,-0.209051,-0.445569,-0.333820,0.074360,0.305689,1.328572,0.559965,-0.044043,0.950000,1.570000,-0.027261,0.761161,0.228782,-0.606259,0.134851,0.246234,0.921049,0.082634,-0.608527,0.071075,0.786012,-1.063085,1.413586,0.678557,-0.025702,0.761299,0.229114,-0.606028,0.103892,0.283675,0.916721,0.105720,-0.598652,0.070606,0.790856,-1.031191,1.377161,0.691815,0.354424,-0.456276,0.915891,-0.873109,10,False,True,-0.005602,0.011002,-0.004646,-0.015671,0.026926,0.021238,-0.020189,0.051356,0.017102,-0.020189,0.051356,0.017102,0.000000,-0.011551,0.019380,0.021238,1.000000,True,-0.021193,0.056785,0.016183,-0.021193,0.056785,0.016183,1.957704,-1.266711,-1.246179,-1.158870,2.024190,-1.189029,-1.166575,-1.057384,0.063318,-0.061406,-0.057612,-0.059459,0.066608,-0.050712,-0.046697,-0.049144,44.033901,49.807758,51.871792,-40.034458,True,velocity,0.354424,0.344475,0.019377,0.010418,0.009740,False,0.001948,0.032006,0.000258,0.006849,-2.748200,-2.748917,0.000718,2.740166,2.747882,-0.007716,167.000000
14.00625173500157,-0.114059,-0.055577,-2.572613,0.060212,-0.170177,-0.408960,-0.285296,0.073159,0.299785,1.330446,0.559436,-0.042620,0.950000,1.570000,-0.005249,0.772621,0.231184,-0.591256,0.136653,0.247981,0.913632,0.082634,-0.608527,0.071075,0.786012,-1.063085,1.413586,0.678557,-0.003886,0.772691,0.231536,-0.591037,0.106400,0.284604,0.909744,0.106337,-0.596725,0.069583,0.792319,-1.031782,1.378074,0.690846,0.350478,-0.455317,0.916759,-0.870856,10,False,True,-0.006217,0.009250,-0.002964,-0.044142,0.003962,0.067571,-0.022409,0.045604,0.023792,-0.022409,0.045604,0.023792,0.000000,-0.038786,-0.001270,0.067571,0.729004,True,-0.020189,0.051356,0.017102,-0.020189,0.051356,0.017102,1.978671,-1.258083,-1.233389,-1.132369,2.005585,-1.201363,-1.185160,-1.075664,0.058207,-0.056085,-0.052144,-0.054320,0.051408,-0.043168,-0.040286,-0.039931,44.099190,49.758511,51.819336,-40.084126,True,velocity,0.350478,0.345513,0.000000,0.012585,0.013176,False,0.001967,0.031637,0.000266,0.006722,-2.742104,-2.748917,0.006814,2.738583,2.747882,-0.009299,167.000000
14.06668114499189,-0.116413,-0.044705,-2.568401,0.059808,-0.116242,-0.353987,-0.247422,0.071047,0.298602,1.333179,0.558713,-0.042078,0.950000,1.570000,0.017741,0.782538,0.247101,-0.571192,0.139790,0.250936,0.906577,0.082634,-0.608527,0.071075,0.786012,-1.063085,1.413586,0.678557,0.018903,0.782578,0.247392,-0.570975,0.109993,0.286906,0.903267,0.106162,-0.596271,0.069377,0.792702,-1.032232,1.378733,0.690486,0.349479,-0.454761,0.918048,-0.868564,10,False,True,-0.006722,0.007111,-0.001464,-0.037727,-0.018694,0.068773,-0.023129,0.039084,0.029571,-0.023129,0.039084,0.029571,0.000000,-0.037727,-0.018694,0.068773,0.565918,True,-0.022409,0.045604,0.023792,-0.022409,0.045604,0.023792,2.069968,-1.208957,-1.164541,-1.016036,2.005717,-1.207854,-1.190996,-1.069459,0.055147,-0.051877,-0.046456,-0.050149,0.045133,-0.041615,-0.037644,-0.038925,44.148994,49.708286,51.775249,-40.132534,True,velocity,0.349479,0.346575,0.000000,0.014401,0.024091,False,0.001659,0.031507,0.000230,0.006683,-2.739816,-2.748917,0.009101,2.738245,2.747882,-0.009638,167.000000
14.132032308989437,-0.120270,-0.035358,-2.567942,0.059365,-0.091433,-0.314047,-0.218836,0.069060,0.299074,1.335429,0.559258,-0.042321,0.950000,1.570000,0.036201,0.785922,0.253422,-0.562843,0.139933,0.253379,0.901350,0.082634,-0.608527,0.071075,0.786012,-1.063085,1.413586,0.678557,0.037201,0.785935,0.253687,-0.562641,0.110889,0.288429,0.898558,0.105715,-0.596406,0.069303,0.792667,-1.032990,1.379635,0.690164,0.349377,-0.455309,0.919390,-0.867722,10,False,True,-0.006397,0.004437,-0.001608,-0.013554,-0.041327,0.025253,-0.021620,0.030601,0.031064,-0.021620,0.030601,0.031064,0.000000,-0.013554,-0.041327,0.025253,0.525146,True,-0.023129,0.039084,0.029571,-0.023129,0.039084,0.029571,2.153675,-1.169889,-1.098815,-0.899733,2.048568,-1.201363,-1.178785,-1.032563,0.050766,-0.046352,-0.039687,-0.044803,0.039034,-0.040457,-0.035993,-0.041703,44.197685,49.657505,51.737583,-40.190010,True,velocity,0.349377,0.347947,0.000000,0.017117,0.009553,False,0.001406,0.031544,0.000197,0.006692,-2.743912,-2.748917,0.005006,2.738507,2.747882,-0.009375,167.000000
14.187562278995756,-0.135504,0.005412,-2.580936,0.030556,-0.179075,-0.278362,-0.223707,0.066678,0.304526,1.337252,0.563980,-0.041842,0.950000,1.570000,0.041216,0.742663,0.261711,-0.615029,0.135128,0.258933,0.869812,0.082634,-0.608527,0.071075,0.786012,-1.063085,1.413586,0.678557,0.042126,0.742729,0.261859,-0.614824,0.108151,0.291359,0.869441,0.102914,-0.598151,0.070462,0.791618,-1.035390,1.382012,0.689772,0.351657,-0.458768,0.923043,-0.868762,10,False,True,-0.005409,-0.001602,-0.003683,0.007901,-0.150732,-0.031183,-0.018773,0.021607,0.025199,-0.018773,0.021607,0.025199,0.000000,0.007901,-0.150732,-0.031183,0.574219,True,-0.021620,0.030601,0.031064,-0.021620,0.030601,0.031064,2.234384,-1.127432,-1.023216,-0.783430,2.091551,-1.195520,-1.142767,-0.983925,0.043229,-0.038000,-0.031138,-0.037208,0.028887,-0.033151,-0.026714,-0.035483,44.214008,49.634907,51.717075,-40.215820,True,velocity,0.351657,0.348384,0.000000,0.013775,0.001344,False,0.000152,0.032099,0.000021,0.006843,-2.775637,-2.748917,-0.026720,2.739897,2.747882,-0.007985,167.000000
14.23815803299658,-0.135587,0.018692,-2.577182,0.019445,-0.210191,-0.281181,-0.252560,0.067612,0.307162,1.335870,0.565025,-0.042360,0.950000,1.570000,0.026302,0.727677,0.272549,-0.628897,0.133189,0.257648,0.858981,0.082634,-0.608527,0.071075,0.786012,-1.063085,1.413586,0.678557,0.027287,0.727802,0.272627,-0.628677,0.106014,0.290316,0.859383,0.102506,-0.599014,0.070996,0.790970,-1.035319,1.381674,0.690202,0.353411,-0.459681,0.922562,-0.870518,10,False,True,-0.003779,-0.002545,-0.006280,0.030180,-0.006800,-0.052693,-0.008431,0.009771,0.018814,-0.008431,0.009771,0.018814,0.000000,0.030180,-0.006800,-0.052693,0.360352,True,-0.018773,0.021607,0.025199,-0.018773,0.021607,0.025199,2.321928,-1.040172,-0.906908,-0.676707,2.140949,-1.176906,-1.086886,-0.903960,0.033233,-0.028364,-0.023135,-0.028814,0.017923,-0.022886,-0.018768,-0.023421,44.227119,49.616211,51.701870,-40.225307,True,velocity,0.353411,0.348472,0.000000,0.009727,0.005313,False,0.000150,0.032315,0.000021,0.006910,-2.770674,-2.748917,-0.021757,2.740738,2.747882,-0.007144,167.000000
14.28514080500463,-0.141163,0.035638,-2.577592,0.014371,-0.242567,-0.312458,-0.288591,0.069196,0.305932,1.333585,0.565824,-0.042021,0.950000,1.570000,-0.001239,0.712067,0.272761,-0.646963,0.130818,0.250847,0.845608,0.082634,-0.608527,0.071075,0.786012,-1.063085,1.413586,0.678557,-0.000072,0.712256,0.272843,-0.646721,0.102362,0.285248,0.846887,0.103337,-0.598706,0.071173,0.791079,-1.034064,1.379939,0.690845,0.353520,-0.459451,0.919457,-0.873307,10,False,True,-0.001657,-0.000358,-0.009696,0.055298,0.075291,-0.083680,-0.005178,0.006445,0.002808,-0.005178,0.006445,0.002808,0.000000,0.055298,0.075291,-0.083680,0.573486,True,-0.008431,0.009771,0.018814,-0.008431,0.009771,0.018814,2.337349,-1.161919,-0.959543,-0.570771,2.201895,-1.152889,-1.050216,-0.842892,0.016583,-0.013160,-0.009080,-0.013311,0.009140,-0.014564,-0.011154,-0.016069,44.224609,49.614399,51.694614,-40.242329,True,velocity,0.353520,0.348472,0.009765,0.006616,0.019978,False,0.000223,0.032313,0.000031,0.006902,-2.776437,-2.748917,-0.027520,2.740603,2.747882,-0.007279,167.000000
14.331086841004435,-0.138838,0.037818,-2.570500,0.020135,-0.264671,-0.333809,-0.290322,0.070481,0.302362,1.332168,0.565790,-0.040953,0.950000,1.570000,-0.008368,0.711640,0.262127,-0.651757,0.130394,0.247066,0.843992,0.082634,-0.608527,0.071075,0.786012,-1.063085,1.413586,0.678557,-0.007135,0.711820,0.262280,-0.651514,0.101338,0.282347,0.845287,0.104160,-0.597588,0.070852,0.791846,-1.033368,1.379149,0.690827,0.351744,-0.458609,0.917818,-0.874007,10,False,True,-0.001059,0.001220,-0.010489,0.012745,0.053794,-0.020990,-0.006573,0.012297,-0.011258,-0.006573,0.012297,-0.011258,0.000000,0.012745,0.053794,-0.020990,1.000000,True,-0.005178,0.006445,0.002808,-0.005178,0.006445,0.002808,2.265374,-0.965179,-0.914301,-0.823256,2.226118,-1.133850,-1.020051,-0.800154,0.008829,-0.008140,-0.007659,-0.008317,-0.000785,-0.003050,-0.006523,-0.011490,44.218891,49.616489,51.693638,-40.247349,True,velocity,0.351744,0.348472,0.000000,0.004524,0.017503,False,0.000322,0.032127,0.000045,0.006835,-2.767173,-2.748917,-0.018256,2.739669,2.747882,-0.008213,167.000000
14.384429600002477,-0.133978,0.038847,-2.561112,0.025671,-0.265665,-0.348476,-0.292888,0.071333,0.299924,1.331324,0.564240,-0.040321,0.950000,1.570000,-0.016139,0.717076,0.259101,-0.646845,0.132760,0.241453,0.843942,0.082634,-0.608527,0.071075,0.786012,-1.063085,1.413586,0.678557,-0.014808,0.717262,0.259300,-0.646591,0.102084,0.278795,0.845255,0.105377,-0.596800,0.070800,0.792283,-1.031662,1.377175,0.691426,0.351156,-0.456782,0.914956,-0.874299,10,False,True,-0.000371,0.004173,-0.010406,0.014094,0.100887,-0.008764,-0.010920,0.027777,-0.010804,-0.010920,0.027777,-0.010804,0.000000,0.014094,0.100887,-0.008764,1.000000,True,-0.006573,0.012297,-0.011258,-0.006573,0.012297,-0.011258,1.974159,-0.910010,-1.015381,-1.242439,2.183440,-1.078893,-1.000727,-0.849421,0.011564,-0.013632,-0.016093,-0.013346,-0.004460,0.001176,-0.002098,-0.004046,44.221401,49.613003,51.692383,-40.246513,True,velocity,0.351156,0.348509,0.000000,0.003187,0.005867,False,0.000409,0.031911,0.000058,0.006773,-2.752189,-2.748917,-0.003272,2.739079,2.747882,-0.008803,167.000000
14.441111861990066,-0.134622,0.038734,-2.557801,0.027191,-0.267622,-0.353396,-0.293511,0.071845,0.299289,1.330914,0.563324,-0.040170,0.950000,1.570000,-0.017991,0.717964,0.257363,-0.646504,0.133939,0.239787,0.844278,0.082634,-0.608527,0.071075,0.786012,-1.063085,1.413586,0.678557,-0.016625,0.718152,0.257580,-0.646246,0.102678,0.277845,0.845582,0.105787,-0.596574,0.070792,0.792400,-1.031051,1.376486,0.691653,0.351062,-0.456009,0.914088,-0.874110,10,False,True,-0.000033,0.004408,-0.009857,-0.000754,0.034851,0.005671,-0.008308,0.029333,-0.008278,-0.008308,0.029333,-0.008278,0.000000,-0.000754,0.034851,0.005671,0.843506,True,-0.010920,0.027777,-0.010804,-0.010920,0.027777,-0.010804,1.901541,-1.121468,-1.157664,-1.268254,2.116571,-1.054653,-1.013538,-0.995995,0.027325,-0.029303,-0.031444,-0.029362,0.004741,-0.007174,-0.006680,0.005028,44.237862,49.588726,51.670898,-40.236050,True,velocity,0.351062,0.348513,0.000000,0.002062,0.015323,False,0.000428,0.031828,0.000061,0.006752,-2.749337,-2.748917,-0.000419,2.738916,2.747882,-0.008966,167.000000
14.492094983987045,-0.137463,0.040966,-2.556696,0.027154,-0.275615,-0.356512,-0.292850,0.072132,0.298630,1.330694,0.562378,-0.039991,0.950000,1.570000,-0.018610,0.715454,0.254578,-0.650361,0.135268,0.237449,0.842889,0.082634,-0.608527,0.071075,0.786012,-1.063085,1.413586,0.678557,-0.017204,0.715645,0.254815,-0.650096,0.103220,0.276465,0.844339,0.106286,-0.596344,0.070834,0.792502,-1.030254,1.375549,0.691983,0.351067,-0.455119,0.912870,-0.874026,10,False,True,0.000357,0.004936,-0.009497,0.003407,0.045146,0.002510,-0.005661,0.031988,-0.006554,-0.005661,0.031988,-0.006554,0.000000,0.003407,0.045146,0.002510,0.734863,True,-0.008308,0.029333,-0.008278,-0.008308,0.029333,-0.008278,1.809831,-1.240301,-1.260957,-1.347192,2.048704,-1.072830,-1.056000,-1.069784,0.028320,-0.029520,-0.031197,-0.029932,0.017675,-0.015418,-0.016215,0.001592,44.261299,49.578823,51.656109,-40.247627,True,velocity,0.351067,0.348513,0.000000,0.001364,0.001671,False,0.000453,0.031740,0.000064,0.006729,-2.751254,-2.748917,-0.002336,2.738762,2.747882,-0.009120,167.000000
14.539549790992169,-0.140436,0.040536,-2.551136,0.025223,-0.272940,-0.365351,-0.306322,0.058205,0.304661,1.339806,0.569558,-0.033033,0.950000,1.570000,-0.027632,0.715385,0.258214,-0.648680,0.135113,0.235647,0.840800,0.082634,-0.608527,0.071075,0.786012,-1.063085,1.413586,0.678557,-0.026051,0.715681,0.258334,-0.648372,0.103117,0.275528,0.842059,0.102879,-0.599106,0.074047,0.790572,-1.027995,1.373865,0.686866,0.349548,-0.454803,0.911989,-0.874593,10,False,False,0.000000,0.000000,0.000000,0.000000,0.000000,0.000000,0.000000,0.000000,0.000000,0.000000,0.000000,0.000000,nan,nan,nan,nan,nan,True,0.000000,0.000000,0.000000,0.000000,0.000000,0.000000,1.944639,-1.202242,-1.130524,-1.155993,1.944639,-1.146620,-1.142094,-1.168069,0.000000,0.000000,0.000000,0.000000,0.020356,-0.018796,-0.016356,-0.008182,44.277203,49.561943,51.645508,-40.256138,True,velocity,0.349548,0.348513,0.000000,0.000923,0.003611,False,0.000415,0.032417,0.000059,0.006889,-2.747428,-2.748917,0.001489,2.738851,2.747882,-0.009031,167.000000
14.576566444011405,-0.212436,0.043360,-2.481004,0.059885,-0.265008,-0.376131,-0.342069,-0.050526,0.291575,1.448931,0.600154,-0.032455,0.950000,1.570000,-0.036618,0.720198,0.259254,-0.642465,0.135651,0.233608,0.837133,0.082634,-0.608527,0.071075,0.786012,-1.063085,1.413586,0.678557,-0.034721,0.720750,0.258958,-0.642071,0.101725,0.281357,0.836948,0.100792,-0.595855,0.071589,0.793519,-1.028821,1.380824,0.681025,0.337637,-0.457215,0.916168,-0.864748,10,False,False,0.000000,0.000000,0.000000,0.000000,0.000000,0.000000,0.000000,0.000000,0.000000,0.000000,0.000000,0.000000,nan,nan,nan,nan,nan,True,0.000000,0.000000,0.000000,0.000000,0.000000,0.000000,1.919743,-1.164798,-1.160734,-1.180141,1.919743,-1.164798,-1.160763,-1.180141,0.000000,0.000000,0.000000,0.000000,0.017955,-0.010321,-0.009131,-0.007865,44.291573,49.560406,51.647182,-40.256279,True,velocity,0.337637,0.348513,-0.021787,0.000676,0.007717,False,0.000921,0.032381,0.000143,0.006598,-2.750735,-2.748917,-0.001818,2.735393,2.747882,-0.012489,167.000000
14.61964121600613,-0.252191,0.040648,-2.441885,0.058101,-0.264999,-0.376138,-0.343636,-0.089899,0.290925,1.491964,0.613945,-0.036861,0.950000,1.570000,-0.036618,0.720198,0.259254,-0.642465,0.135651,0.233608,0.837133,0.082634,-0.608527,0.071075,0.786012,-1.063085,1.413586,0.678557,-0.034704,0.720744,0.258981,-0.642069,0.101467,0.281099,0.836754,0.099727,-0.594809,0.071210,0.794472,-1.026531,1.382543,0.680668,0.336119,-0.457215,0.916168,-0.864748,10,False,False,0.000000,0.000000,0.000000,0.000000,0.000000,0.000000,0.000000,0.000000,0.000000,0.000000,0.000000,0.000000,nan,nan,nan,nan,nan,True,0.000000,0.000000,0.000000,0.000000,0.000000,0.000000,1.926283,-1.158518,-1.160734,-1.180141,1.926283,-1.158082,-1.160734,-1.180141,0.000000,0.000000,0.000000,0.000000,0.014683,-0.004328,-0.003064,-0.003121,44.295479,49.560268,51.647041,-40.256279,True,velocity,0.336119,0.348513,-0.024812,0.000471,0.003620,False,0.000799,0.032723,0.000130,0.006579,-2.751341,-2.748917,-0.002424,2.741312,2.747882,-0.006570,167.000000
14.656212426983984,-0.276862,0.038926,-2.417243,0.056995,-0.265363,-0.376264,-0.344600,-0.108361,0.290221,1.511679,0.620412,-0.038309,0.950000,1.570000,-0.036618,0.720198,0.259254,-0.642465,0.135651,0.233608,0.837133,0.082634,-0.608527,0.071075,0.786012,-1.063085,1.413586,0.678557,-0.034692,0.720746,0.258984,-0.642066,0.101357,0.280981,0.836621,0.099266,-0.594237,0.070978,0.794978,-1.025512,1.383374,0.680452,0.335142,-0.457215,0.916168,-0.864748,10,False,False,0.000000,0.000000,0.000000,0.000000,0.000000,0.000000,0.000000,0.000000,0.000000,0.000000,0.000000,0.000000,nan,nan,nan,nan,nan,True,0.000000,0.000000,0.000000,0.000000,0.000000,0.000000,1.926159,-1.158082,-1.160763,-1.179805,1.926159,-1.158082,-1.160763,-1.179805,0.000000,0.000000,0.000000,0.000000,0.008083,-0.001489,0.000710,-0.000130,44.295341,49.560268,51.647041,-40.256279,True,velocity,0.335142,0.348513,-0.026760,0.000345,0.007995,False,0.000731,0.032864,0.000123,0.006560,-2.751293,-2.748917,-0.002376,2.743334,2.747882,-0.004548,167.000000
