# refresh_posture_target=True,arm_posture_cost=0.001,"arm_posture_cost_overrides={'left_arm_joint7': 0.003, 'right_arm_joint7': 0.003}",ee_position_cost=1.0,ee_orientation_cost=0.5,redundancy_resolution=dls_projector,dls_damping=0.05,hard_constraint_extra_damping=0.001,nullspace_swivel_weight=1.0,elbow_swivel_gain=1.0,elbow_swivel_targets={},nullspace_continuity_weight=0.0,nullspace_posture_weight=1.0,enable_manipulability=False,manipulability_weight=0.5
t,left_q0,left_q1,left_q2,left_q3,left_q4,left_q5,left_q6,right_q0,right_q1,right_q2,right_q3,right_q4,right_q5,right_q6,left_target_ee_0,left_target_ee_1,left_target_ee_2,left_target_ee_3,left_target_ee_4,left_target_ee_5,left_target_ee_6,right_target_ee_0,right_target_ee_1,right_target_ee_2,right_target_ee_3,right_target_ee_4,right_target_ee_5,right_target_ee_6,left_actual_ee_0,left_actual_ee_1,left_actual_ee_2,left_actual_ee_3,left_actual_ee_4,left_actual_ee_5,left_actual_ee_6,right_actual_ee_0,right_actual_ee_1,right_actual_ee_2,right_actual_ee_3,right_actual_ee_4,right_actual_ee_5,right_actual_ee_6,lift_q,base_x,base_y,base_yaw,iters,solved
0.008181596000213176,0.004000,1.326000,-1.714000,1.318000,0.000000,0.005000,-0.006000,-0.001000,1.325000,1.715000,1.316000,0.007000,0.003000,0.000000,-0.022926,0.773849,0.147870,-0.615440,0.371730,-0.252862,0.607565,0.143324,-0.618632,-0.022648,0.772166,-0.373308,-0.253855,0.608192,-0.022926,0.773849,0.147870,-0.615440,0.371730,-0.252862,0.607565,0.143324,-0.618632,-0.022648,0.772166,-0.373308,-0.253855,0.608192,0.451025,0.000000,0.000000,0.000000,1,True
0.03751920799550135,0.004000,1.326000,-1.714000,1.318000,0.000000,0.005000,-0.006000,-0.001000,1.325000,1.715000,1.316000,0.007000,0.003000,0.000000,-0.022926,0.773849,0.147870,-0.615440,0.371730,-0.252862,0.607565,0.143324,-0.618632,-0.022648,0.772166,-0.373308,-0.253855,0.608192,-0.022926,0.773849,0.147870,-0.615440,0.371730,-0.252862,0.607565,0.143324,-0.618632,-0.022648,0.772166,-0.373308,-0.253855,0.608192,0.451025,0.000000,0.000000,0.000000,1,True
0.07110029400791973,0.004000,1.326000,-1.714000,1.318000,0.000000,0.005000,-0.006000,-0.001000,1.325000,1.715000,1.316000,0.007000,0.003000,0.000000,-0.022926,0.773849,0.147870,-0.615440,0.371730,-0.252862,0.607565,0.143324,-0.618632,-0.022648,0.772166,-0.373308,-0.253855,0.608192,-0.022926,0.773849,0.147870,-0.615440,0.371730,-0.252862,0.607565,0.143324,-0.618632,-0.022648,0.772166,-0.373308,-0.253855,0.608192,0.451025,0.000000,0.000000,0.000000,1,True
0.10448208400339354,0.004000,1.326000,-1.714000,1.318000,0.000000,0.005000,-0.006000,-0.001000,1.325000,1.715000,1.316000,0.007000,0.003000,0.000000,-0.022926,0.773849,0.147870,-0.615440,0.371730,-0.252862,0.607565,0.143324,-0.618632,-0.022648,0.772166,-0.373308,-0.253855,0.608192,-0.022926,0.773849,0.147870,-0.615440,0.371730,-0.252862,0.607565,0.143324,-0.618632,-0.022648,0.772166,-0.373308,-0.253855,0.608192,0.451025,0.000000,0.000000,0.000000,1,True
0.13771578299929388,0.004000,1.326000,-1.714000,1.318000,0.000000,0.005000,-0.006000,-0.001000,1.325000,1.715000,1.316000,0.007000,0.003000,0.000000,-0.022926,0.773849,0.147870,-0.615440,0.371730,-0.252862,0.607565,0.143324,-0.618632,-0.022648,0.772166,-0.373308,-0.253855,0.608192,-0.022926,0.773849,0.147870,-0.615440,0.371730,-0.252862,0.607565,0.143324,-0.618632,-0.022648,0.772166,-0.373308,-0.253855,0.608192,0.451025,0.000000,0.000000,0.000000,1,True
0.1710733140062075,0.004000,1.326000,-1.714000,1.318000,0.000000,0.005000,-0.006000,-0.001000,1.325000,1.715000,1.316000,0.007000,0.003000,0.000000,-0.022926,0.773849,0.147870,-0.615440,0.371730,-0.252862,0.607565,0.143324,-0.618632,-0.022648,0.772166,-0.373308,-0.253855,0.608192,-0.022926,0.773849,0.147870,-0.615440,0.371730,-0.252862,0.607565,0.143324,-0.618632,-0.022648,0.772166,-0.373308,-0.253855,0.608192,0.451025,0.000000,0.000000,0.000000,1,True
0.20436954899923876,0.004000,1.326000,-1.714000,1.318000,0.000000,0.005000,-0.006000,-0.001000,1.325000,1.715000,1.316000,0.007000,0.003000,0.000000,-0.022926,0.773849,0.147870,-0.615440,0.371730,-0.252862,0.607565,0.143324,-0.618632,-0.022648,0.772166,-0.373308,-0.253855,0.608192,-0.022926,0.773849,0.147870,-0.615440,0.371730,-0.252862,0.607565,0.143324,-0.618632,-0.022648,0.772166,-0.373308,-0.253855,0.608192,0.451025,0.000000,0.000000,0.000000,1,True
0.2374795640062075,0.004000,1.326000,-1.714000,1.318000,0.000000,0.005000,-0.006000,-0.001000,1.325000,1.715000,1.316000,0.007000,0.003000,0.000000,-0.022926,0.773849,0.147870,-0.615440,0.371730,-0.252862,0.607565,0.143324,-0.618632,-0.022648,0.772166,-0.373308,-0.253855,0.608192,-0.022926,0.773849,0.147870,-0.615440,0.371730,-0.252862,0.607565,0.143324,-0.618632,-0.022648,0.772166,-0.373308,-0.253855,0.608192,0.451025,0.000000,0.000000,0.000000,1,True
0.2714979430020321,0.004000,1.326000,-1.714000,1.318000,0.000000,0.005000,-0.006000,-0.001000,1.325000,1.715000,1.316000,0.007000,0.003000,0.000000,-0.022926,0.773849,0.147870,-0.615440,0.371730,-0.252862,0.607565,0.143324,-0.618632,-0.022648,0.772166,-0.373308,-0.253855,0.608192,-0.022926,0.773849,0.147870,-0.615440,0.371730,-0.252862,0.607565,0.143324,-0.618632,-0.022648,0.772166,-0.373308,-0.253855,0.608192,0.451025,0.000000,0.000000,0.000000,1,True
0.3043055699963588,0.004000,1.326000,-1.714000,1.318000,0.000000,0.005000,-0.006000,-0.001000,1.325000,1.715000,1.316000,0.007000,0.003000,0.000000,-0.022926,0.773849,0.147870,-0.615440,0.371730,-0.252862,0.607565,0.143324,-0.618632,-0.022648,0.772166,-0.373308,-0.253855,0.608192,-0.022926,0.773849,0.147870,-0.615440,0.371730,-0.252862,0.607565,0.143324,-0.618632,-0.022648,0.772166,-0.373308,-0.253855,0.608192,0.451025,0.000000,0.000000,0.000000,1,True
0.3384492820041487,0.004000,1.326000,-1.714000,1.318000,0.000000,0.005000,-0.006000,-0.001000,1.325000,1.715000,1.316000,0.007000,0.003000,0.000000,-0.022926,0.773849,0.147870,-0.615440,0.371730,-0.252862,0.607565,0.143324,-0.618632,-0.022648,0.772166,-0.373308,-0.253855,0.608192,-0.022926,0.773849,0.147870,-0.615440,0.371730,-0.252862,0.607565,0.143324,-0.618632,-0.022648,0.772166,-0.373308,-0.253855,0.608192,0.451025,0.000000,0.000000,0.000000,1,True
0.37076807899575215,0.004000,1.326000,-1.714000,1.318000,0.000000,0.005000,-0.006000,-0.001000,1.325000,1.715000,1.316000,0.007000,0.003000,0.000000,-0.022926,0.773849,0.147870,-0.615440,0.371730,-0.252862,0.607565,0.143324,-0.618632,-0.022648,0.772166,-0.373308,-0.253855,0.608192,-0.022926,0.773849,0.147870,-0.615440,0.371730,-0.252862,0.607565,0.143324,-0.618632,-0.022648,0.772166,-0.373308,-0.253855,0.608192,0.451025,0.000000,0.000000,0.000000,1,True
0.4040799060021527,0.004000,1.326000,-1.714000,1.318000,0.000000,0.005000,-0.006000,-0.001000,1.325000,1.715000,1.316000,0.007000,0.003000,0.000000,-0.022926,0.773849,0.147870,-0.615440,0.371730,-0.252862,0.607565,0.143324,-0.618632,-0.022648,0.772166,-0.373308,-0.253855,0.608192,-0.022926,0.773849,0.147870,-0.615440,0.371730,-0.252862,0.607565,0.143324,-0.618632,-0.022648,0.772166,-0.373308,-0.253855,0.608192,0.451025,0.000000,0.000000,0.000000,1,True
0.4373340120073408,0.004000,1.326000,-1.714000,1.318000,0.000000,0.005000,-0.006000,-0.001000,1.325000,1.715000,1.316000,0.007000,0.003000,0.000000,-0.022926,0.773849,0.147870,-0.615440,0.371730,-0.252862,0.607565,0.143324,-0.618632,-0.022648,0.772166,-0.373308,-0.253855,0.608192,-0.022926,0.773849,0.147870,-0.615440,0.371730,-0.252862,0.607565,0.143324,-0.618632,-0.022648,0.772166,-0.373308,-0.253855,0.608192,0.451025,0.000000,0.000000,0.000000,1,True
0.4708814309997251,0.004000,1.326000,-1.714000,1.318000,0.000000,0.005000,-0.006000,-0.001000,1.325000,1.715000,1.316000,0.007000,0.003000,0.000000,-0.022926,0.773849,0.147870,-0.615440,0.371730,-0.252862,0.607565,0.143324,-0.618632,-0.022648,0.772166,-0.373308,-0.253855,0.608192,-0.022926,0.773849,0.147870,-0.615440,0.371730,-0.252862,0.607565,0.143324,-0.618632,-0.022648,0.772166,-0.373308,-0.253855,0.608192,0.451025,0.000000,0.000000,0.000000,1,True
0.5041949070000555,0.004000,1.326000,-1.714000,1.318000,0.000000,0.005000,-0.006000,-0.001000,1.325000,1.715000,1.316000,0.007000,0.003000,0.000000,-0.022926,0.773849,0.147870,-0.615440,0.371730,-0.252862,0.607565,0.143324,-0.618632,-0.022648,0.772166,-0.373308,-0.253855,0.608192,-0.022926,0.773849,0.147870,-0.615440,0.371730,-0.252862,0.607565,0.143324,-0.618632,-0.022648,0.772166,-0.373308,-0.253855,0.608192,0.451025,0.000000,0.000000,0.000000,1,True
0.537597012007609,0.004000,1.326000,-1.714000,1.318000,0.000000,0.005000,-0.006000,-0.001000,1.325000,1.715000,1.316000,0.007000,0.003000,0.000000,-0.022926,0.773849,0.147870,-0.615440,0.371730,-0.252862,0.607565,0.143324,-0.618632,-0.022648,0.772166,-0.373308,-0.253855,0.608192,-0.022926,0.773849,0.147870,-0.615440,0.371730,-0.252862,0.607565,0.143324,-0.618632,-0.022648,0.772166,-0.373308,-0.253855,0.608192,0.451025,0.000000,0.000000,0.000000,1,True
0.5709440619975794,0.004000,1.326000,-1.714000,1.318000,0.000000,0.005000,-0.006000,-0.001000,1.325000,1.715000,1.316000,0.007000,0.003000,0.000000,-0.022926,0.773849,0.147870,-0.615440,0.371730,-0.252862,0.607565,0.143324,-0.618632,-0.022648,0.772166,-0.373308,-0.253855,0.608192,-0.022926,0.773849,0.147870,-0.615440,0.371730,-0.252862,0.607565,0.143324,-0.618632,-0.022648,0.772166,-0.373308,-0.253855,0.608192,0.451025,0.000000,0.000000,0.000000,1,True
0.6044422959967051,0.004000,1.326000,-1.714000,1.318000,0.000000,0.005000,-0.006000,-0.001000,1.325000,1.715000,1.316000,0.007000,0.003000,0.000000,-0.022926,0.773849,0.147870,-0.615440,0.371730,-0.252862,0.607565,0.143324,-0.618632,-0.022648,0.772166,-0.373308,-0.253855,0.608192,-0.022926,0.773849,0.147870,-0.615440,0.371730,-0.252862,0.607565,0.143324,-0.618632,-0.022648,0.772166,-0.373308,-0.253855,0.608192,0.451025,0.000000,0.000000,0.000000,1,True
0.6377526980068069,0.004000,1.326000,-1.714000,1.318000,0.000000,0.005000,-0.006000,-0.001000,1.325000,1.715000,1.316000,0.007000,0.003000,0.000000,-0.022926,0.773849,0.147870,-0.615440,0.371730,-0.252862,0.607565,0.143324,-0.618632,-0.022648,0.772166,-0.373308,-0.253855,0.608192,-0.022926,0.773849,0.147870,-0.615440,0.371730,-0.252862,0.607565,0.143324,-0.618632,-0.022648,0.772166,-0.373308,-0.253855,0.608192,0.451025,0.000000,0.000000,0.000000,1,True
0.6710751189966686,0.004000,1.326000,-1.714000,1.318000,0.000000,0.005000,-0.006000,-0.001000,1.325000,1.715000,1.316000,0.007000,0.003000,0.000000,-0.022926,0.773849,0.147870,-0.615440,0.371730,-0.252862,0.607565,0.143324,-0.618632,-0.022648,0.772166,-0.373308,-0.253855,0.608192,-0.022926,0.773849,0.147870,-0.615440,0.371730,-0.252862,0.607565,0.143324,-0.618632,-0.022648,0.772166,-0.373308,-0.253855,0.608192,0.451025,0.000000,0.000000,0.000000,1,True
0.7044989639980486,0.004000,1.326000,-1.714000,1.318000,0.000000,0.005000,-0.006000,-0.001000,1.325000,1.715000,1.316000,0.007000,0.003000,0.000000,-0.022926,0.773849,0.147870,-0.615440,0.371730,-0.252862,0.607565,0.143324,-0.618632,-0.022648,0.772166,-0.373308,-0.253855,0.608192,-0.022926,0.773849,0.147870,-0.615440,0.371730,-0.252862,0.607565,0.143324,-0.618632,-0.022648,0.772166,-0.373308,-0.253855,0.608192,0.451025,0.000000,0.000000,0.000000,1,True
0.7379776430025231,0.004000,1.326000,-1.714000,1.318000,0.000000,0.005000,-0.006000,-0.001000,1.325000,1.715000,1.316000,0.007000,0.003000,0.000000,-0.022926,0.773849,0.147870,-0.615440,0.371730,-0.252862,0.607565,0.143324,-0.618632,-0.022648,0.772166,-0.373308,-0.253855,0.608192,-0.022926,0.773849,0.147870,-0.615440,0.371730,-0.252862,0.607565,0.143324,-0.618632,-0.022648,0.772166,-0.373308,-0.253855,0.608192,0.451025,0.000000,0.000000,0.000000,1,True
0.7729683310026303,0.004000,1.326000,-1.714000,1.318000,0.000000,0.005000,-0.006000,-0.001000,1.325000,1.715000,1.316000,0.007000,0.003000,0.000000,-0.022926,0.773849,0.147870,-0.615440,0.371730,-0.252862,0.607565,0.143324,-0.618632,-0.022648,0.772166,-0.373308,-0.253855,0.608192,-0.022926,0.773849,0.147870,-0.615440,0.371730,-0.252862,0.607565,0.143324,-0.618632,-0.022648,0.772166,-0.373308,-0.253855,0.608192,0.451025,0.000000,0.000000,0.000000,1,True
0.8057795130007435,0.004000,1.326000,-1.714000,1.318000,0.000000,0.005000,-0.006000,-0.001000,1.325000,1.715000,1.316000,0.007000,0.003000,0.000000,-0.022926,0.773849,0.147870,-0.615440,0.371730,-0.252862,0.607565,0.143324,-0.618632,-0.022648,0.772166,-0.373308,-0.253855,0.608192,-0.022926,0.773849,0.147870,-0.615440,0.371730,-0.252862,0.607565,0.143324,-0.618632,-0.022648,0.772166,-0.373308,-0.253855,0.608192,0.451025,0.000000,0.000000,0.000000,1,True
0.8405959980009357,0.004000,1.326000,-1.714000,1.318000,0.000000,0.005000,-0.006000,-0.001000,1.325000,1.715000,1.316000,0.007000,0.003000,0.000000,-0.022926,0.773849,0.147870,-0.615440,0.371730,-0.252862,0.607565,0.143324,-0.618632,-0.022648,0.772166,-0.373308,-0.253855,0.608192,-0.022926,0.773849,0.147870,-0.615440,0.371730,-0.252862,0.607565,0.143324,-0.618632,-0.022648,0.772166,-0.373308,-0.253855,0.608192,0.451025,0.000000,0.000000,0.000000,1,True
0.8780988740036264,0.004000,1.326000,-1.714000,1.318000,0.000000,0.005000,-0.006000,-0.001000,1.325000,1.715000,1.316000,0.007000,0.003000,0.000000,-0.022926,0.773849,0.147870,-0.615440,0.371730,-0.252862,0.607565,0.143324,-0.618632,-0.022648,0.772166,-0.373308,-0.253855,0.608192,-0.022926,0.773849,0.147870,-0.615440,0.371730,-0.252862,0.607565,0.143324,-0.618632,-0.022648,0.772166,-0.373308,-0.253855,0.608192,0.451025,0.000000,0.000000,0.000000,1,True
0.9138472979975631,0.004000,1.326000,-1.714000,1.318000,0.000000,0.005000,-0.006000,-0.001000,1.325000,1.715000,1.316000,0.007000,0.003000,0.000000,-0.022926,0.773849,0.147870,-0.615440,0.371730,-0.252862,0.607565,0.143324,-0.618632,-0.022648,0.772166,-0.373308,-0.253855,0.608192,-0.022926,0.773849,0.147870,-0.615440,0.371730,-0.252862,0.607565,0.143324,-0.618632,-0.022648,0.772166,-0.373308,-0.253855,0.608192,0.451025,0.000000,0.000000,0.000000,1,True
0.9400760770076886,0.004000,1.326000,-1.714000,1.318000,0.000000,0.005000,-0.006000,-0.001000,1.325000,1.715000,1.316000,0.007000,0.003000,0.000000,-0.022926,0.773849,0.147870,-0.615440,0.371730,-0.252862,0.607565,0.143324,-0.618632,-0.022648,0.772166,-0.373308,-0.253855,0.608192,-0.022926,0.773849,0.147870,-0.615440,0.371730,-0.252862,0.607565,0.143324,-0.618632,-0.022648,0.772166,-0.373308,-0.253855,0.608192,0.451025,0.000000,0.000000,0.000000,1,True
0.9737667180015706,0.004000,1.326000,-1.714000,1.318000,0.000000,0.005000,-0.006000,-0.001000,1.325000,1.715000,1.316000,0.007000,0.003000,0.000000,-0.022926,0.773849,0.147870,-0.615440,0.371730,-0.252862,0.607565,0.143324,-0.618632,-0.022648,0.772166,-0.373308,-0.253855,0.608192,-0.022926,0.773849,0.147870,-0.615440,0.371730,-0.252862,0.607565,0.143324,-0.618632,-0.022648,0.772166,-0.373308,-0.253855,0.608192,0.451025,0.000000,0.000000,0.000000,1,True
1.0072101560072042,0.004000,1.326000,-1.714000,1.318000,0.000000,0.005000,-0.006000,-0.001000,1.325000,1.715000,1.316000,0.007000,0.003000,0.000000,-0.022926,0.773849,0.147870,-0.615440,0.371730,-0.252862,0.607565,0.143324,-0.618632,-0.022648,0.772166,-0.373308,-0.253855,0.608192,-0.022926,0.773849,0.147870,-0.615440,0.371730,-0.252862,0.607565,0.143324,-0.618632,-0.022648,0.772166,-0.373308,-0.253855,0.608192,0.451025,0.000000,0.000000,0.000000,1,True
1.0405989830032922,0.004000,1.326000,-1.714000,1.318000,0.000000,0.005000,-0.006000,-0.001000,1.325000,1.715000,1.316000,0.007000,0.003000,0.000000,-0.022926,0.773849,0.147870,-0.615440,0.371730,-0.252862,0.607565,0.143324,-0.618632,-0.022648,0.772166,-0.373308,-0.253855,0.608192,-0.022926,0.773849,0.147870,-0.615440,0.371730,-0.252862,0.607565,0.143324,-0.618632,-0.022648,0.772166,-0.373308,-0.253855,0.608192,0.451025,0.000000,0.000000,0.000000,1,True
1.074364753003465,0.004000,1.326000,-1.714000,1.318000,0.000000,0.005000,-0.006000,-0.001000,1.325000,1.715000,1.316000,0.007000,0.003000,0.000000,-0.022926,0.773849,0.147870,-0.615440,0.371730,-0.252862,0.607565,0.143324,-0.618632,-0.022648,0.772166,-0.373308,-0.253855,0.608192,-0.022926,0.773849,0.147870,-0.615440,0.371730,-0.252862,0.607565,0.143324,-0.618632,-0.022648,0.772166,-0.373308,-0.253855,0.608192,0.451025,0.000000,0.000000,0.000000,1,True
1.107760024999152,0.004000,1.326000,-1.714000,1.318000,0.000000,0.005000,-0.006000,-0.001000,1.325000,1.715000,1.316000,0.007000,0.003000,0.000000,-0.022926,0.773849,0.147870,-0.615440,0.371730,-0.252862,0.607565,0.143324,-0.618632,-0.022648,0.772166,-0.373308,-0.253855,0.608192,-0.022926,0.773849,0.147870,-0.615440,0.371730,-0.252862,0.607565,0.143324,-0.618632,-0.022648,0.772166,-0.373308,-0.253855,0.608192,0.451025,0.000000,0.000000,0.000000,1,True
1.1408945020084502,0.004000,1.326000,-1.714000,1.318000,0.000000,0.005000,-0.006000,-0.001000,1.325000,1.715000,1.316000,0.007000,0.003000,0.000000,-0.022926,0.773849,0.147870,-0.615440,0.371730,-0.252862,0.607565,0.143324,-0.618632,-0.022648,0.772166,-0.373308,-0.253855,0.608192,-0.022926,0.773849,0.147870,-0.615440,0.371730,-0.252862,0.607565,0.143324,-0.618632,-0.022648,0.772166,-0.373308,-0.253855,0.608192,0.451025,0.000000,0.000000,0.000000,1,True
1.1745756050077034,0.004000,1.326000,-1.714000,1.318000,0.000000,0.005000,-0.006000,-0.001000,1.325000,1.715000,1.316000,0.007000,0.003000,0.000000,-0.022926,0.773849,0.147870,-0.615440,0.371730,-0.252862,0.607565,0.143324,-0.618632,-0.022648,0.772166,-0.373308,-0.253855,0.608192,-0.022926,0.773849,0.147870,-0.615440,0.371730,-0.252862,0.607565,0.143324,-0.618632,-0.022648,0.772166,-0.373308,-0.253855,0.608192,0.451025,0.000000,0.000000,0.000000,1,True
1.207566343000508,0.004000,1.326000,-1.714000,1.318000,0.000000,0.005000,-0.006000,-0.001000,1.325000,1.715000,1.316000,0.007000,0.003000,0.000000,-0.022926,0.773849,0.147870,-0.615440,0.371730,-0.252862,0.607565,0.143324,-0.618632,-0.022648,0.772166,-0.373308,-0.253855,0.608192,-0.022926,0.773849,0.147870,-0.615440,0.371730,-0.252862,0.607565,0.143324,-0.618632,-0.022648,0.772166,-0.373308,-0.253855,0.608192,0.451025,0.000000,0.000000,0.000000,1,True
1.2410640029993374,0.004000,1.326000,-1.714000,1.318000,0.000000,0.005000,-0.006000,-0.001000,1.325000,1.715000,1.316000,0.007000,0.003000,0.000000,-0.022926,0.773849,0.147870,-0.615440,0.371730,-0.252862,0.607565,0.143324,-0.618632,-0.022648,0.772166,-0.373308,-0.253855,0.608192,-0.022926,0.773849,0.147870,-0.615440,0.371730,-0.252862,0.607565,0.143324,-0.618632,-0.022648,0.772166,-0.373308,-0.253855,0.608192,0.451025,0.000000,0.000000,0.000000,1,True
1.2743815900030313,0.004000,1.326000,-1.714000,1.318000,0.000000,0.005000,-0.006000,-0.001000,1.325000,1.715000,1.316000,0.007000,0.003000,0.000000,-0.022926,0.773849,0.147870,-0.615440,0.371730,-0.252862,0.607565,0.143324,-0.618632,-0.022648,0.772166,-0.373308,-0.253855,0.608192,-0.022926,0.773849,0.147870,-0.615440,0.371730,-0.252862,0.607565,0.143324,-0.618632,-0.022648,0.772166,-0.373308,-0.253855,0.608192,0.451025,0.000000,0.000000,0.000000,1,True
1.3077685280004516,0.004000,1.326000,-1.714000,1.318000,0.000000,0.005000,-0.006000,-0.001000,1.325000,1.715000,1.316000,0.007000,0.003000,0.000000,-0.022926,0.773849,0.147870,-0.615440,0.371730,-0.252862,0.607565,0.143324,-0.618632,-0.022648,0.772166,-0.373308,-0.253855,0.608192,-0.022926,0.773849,0.147870,-0.615440,0.371730,-0.252862,0.607565,0.143324,-0.618632,-0.022648,0.772166,-0.373308,-0.253855,0.608192,0.451025,0.000000,0.000000,0.000000,1,True
1.3410672080062795,0.004000,1.326000,-1.714000,1.318000,0.000000,0.005000,-0.006000,-0.001000,1.325000,1.715000,1.316000,0.007000,0.003000,0.000000,-0.022926,0.773849,0.147870,-0.615440,0.371730,-0.252862,0.607565,0.143324,-0.618632,-0.022648,0.772166,-0.373308,-0.253855,0.608192,-0.022926,0.773849,0.147870,-0.615440,0.371730,-0.252862,0.607565,0.143324,-0.618632,-0.022648,0.772166,-0.373308,-0.253855,0.608192,0.451025,0.000000,0.000000,0.000000,1,True
1.374533276000875,0.004000,1.326000,-1.714000,1.318000,0.000000,0.005000,-0.006000,-0.001000,1.325000,1.715000,1.316000,0.007000,0.003000,0.000000,-0.022926,0.773849,0.147870,-0.615440,0.371730,-0.252862,0.607565,0.143324,-0.618632,-0.022648,0.772166,-0.373308,-0.253855,0.608192,-0.022926,0.773849,0.147870,-0.615440,0.371730,-0.252862,0.607565,0.143324,-0.618632,-0.022648,0.772166,-0.373308,-0.253855,0.608192,0.451025,0.000000,0.000000,0.000000,1,True
1.4079974549968028,0.004000,1.326000,-1.714000,1.318000,0.000000,0.005000,-0.006000,-0.001000,1.325000,1.715000,1.316000,0.007000,0.003000,0.000000,-0.022926,0.773849,0.147870,-0.615440,0.371730,-0.252862,0.607565,0.143324,-0.618632,-0.022648,0.772166,-0.373308,-0.253855,0.608192,-0.022926,0.773849,0.147870,-0.615440,0.371730,-0.252862,0.607565,0.143324,-0.618632,-0.022648,0.772166,-0.373308,-0.253855,0.608192,0.451025,0.000000,0.000000,0.000000,1,True
1.4412116909952601,0.004000,1.326000,-1.714000,1.318000,0.000000,0.005000,-0.006000,-0.001000,1.325000,1.715000,1.316000,0.007000,0.003000,0.000000,-0.022926,0.773849,0.147870,-0.615440,0.371730,-0.252862,0.607565,0.143324,-0.618632,-0.022648,0.772166,-0.373308,-0.253855,0.608192,-0.022926,0.773849,0.147870,-0.615440,0.371730,-0.252862,0.607565,0.143324,-0.618632,-0.022648,0.772166,-0.373308,-0.253855,0.608192,0.451025,0.000000,0.000000,0.000000,1,True
1.47481835000508,0.004000,1.326000,-1.714000,1.318000,0.000000,0.005000,-0.006000,-0.001000,1.325000,1.715000,1.316000,0.007000,0.003000,0.000000,-0.022926,0.773849,0.147870,-0.615440,0.371730,-0.252862,0.607565,0.143324,-0.618632,-0.022648,0.772166,-0.373308,-0.253855,0.608192,-0.022926,0.773849,0.147870,-0.615440,0.371730,-0.252862,0.607565,0.143324,-0.618632,-0.022648,0.772166,-0.373308,-0.253855,0.608192,0.451025,0.000000,0.000000,0.000000,1,True
1.508037494000746,0.004000,1.326000,-1.714000,1.318000,0.000000,0.005000,-0.006000,-0.001000,1.325000,1.715000,1.316000,0.007000,0.003000,0.000000,-0.022926,0.773849,0.147870,-0.615440,0.371730,-0.252862,0.607565,0.143324,-0.618632,-0.022648,0.772166,-0.373308,-0.253855,0.608192,-0.022926,0.773849,0.147870,-0.615440,0.371730,-0.252862,0.607565,0.143324,-0.618632,-0.022648,0.772166,-0.373308,-0.253855,0.608192,0.451025,0.000000,0.000000,0.000000,1,True
1.5416164310008753,0.004000,1.326000,-1.714000,1.318000,0.000000,0.005000,-0.006000,-0.001000,1.325000,1.715000,1.316000,0.007000,0.003000,0.000000,-0.022926,0.773849,0.147870,-0.615440,0.371730,-0.252862,0.607565,0.143324,-0.618632,-0.022648,0.772166,-0.373308,-0.253855,0.608192,-0.022926,0.773849,0.147870,-0.615440,0.371730,-0.252862,0.607565,0.143324,-0.618632,-0.022648,0.772166,-0.373308,-0.253855,0.608192,0.451025,0.000000,0.000000,0.000000,1,True
1.575160776003031,0.004000,1.326000,-1.714000,1.318000,0.000000,0.005000,-0.006000,-0.001000,1.325000,1.715000,1.316000,0.007000,0.003000,0.000000,-0.022926,0.773849,0.147870,-0.615440,0.371730,-0.252862,0.607565,0.143324,-0.618632,-0.022648,0.772166,-0.373308,-0.253855,0.608192,-0.022926,0.773849,0.147870,-0.615440,0.371730,-0.252862,0.607565,0.143324,-0.618632,-0.022648,0.772166,-0.373308,-0.253855,0.608192,0.451025,0.000000,0.000000,0.000000,1,True
1.608318679005606,0.004000,1.326000,-1.714000,1.318000,0.000000,0.005000,-0.006000,-0.001000,1.325000,1.715000,1.316000,0.007000,0.003000,0.000000,-0.022926,0.773849,0.147870,-0.615440,0.371730,-0.252862,0.607565,0.143324,-0.618632,-0.022648,0.772166,-0.373308,-0.253855,0.608192,-0.022926,0.773849,0.147870,-0.615440,0.371730,-0.252862,0.607565,0.143324,-0.618632,-0.022648,0.772166,-0.373308,-0.253855,0.608192,0.451025,0.000000,0.000000,0.000000,1,True
1.6417414140014444,0.004000,1.326000,-1.714000,1.318000,0.000000,0.005000,-0.006000,-0.001000,1.325000,1.715000,1.316000,0.007000,0.003000,0.000000,-0.022926,0.773849,0.147870,-0.615440,0.371730,-0.252862,0.607565,0.143324,-0.618632,-0.022648,0.772166,-0.373308,-0.253855,0.608192,-0.022926,0.773849,0.147870,-0.615440,0.371730,-0.252862,0.607565,0.143324,-0.618632,-0.022648,0.772166,-0.373308,-0.253855,0.608192,0.451025,0.000000,0.000000,0.000000,1,True
1.6751326859957771,0.004000,1.326000,-1.714000,1.318000,0.000000,0.005000,-0.006000,-0.001000,1.325000,1.715000,1.316000,0.007000,0.003000,0.000000,-0.022926,0.773849,0.147870,-0.615440,0.371730,-0.252862,0.607565,0.143324,-0.618632,-0.022648,0.772166,-0.373308,-0.253855,0.608192,-0.022926,0.773849,0.147870,-0.615440,0.371730,-0.252862,0.607565,0.143324,-0.618632,-0.022648,0.772166,-0.373308,-0.253855,0.608192,0.451025,0.000000,0.000000,0.000000,1,True
1.7090270100015914,0.004000,1.326000,-1.714000,1.318000,0.000000,0.005000,-0.006000,-0.001000,1.325000,1.715000,1.316000,0.007000,0.003000,0.000000,-0.022926,0.773849,0.147870,-0.615440,0.371730,-0.252862,0.607565,0.143324,-0.618632,-0.022648,0.772166,-0.373308,-0.253855,0.608192,-0.022926,0.773849,0.147870,-0.615440,0.371730,-0.252862,0.607565,0.143324,-0.618632,-0.022648,0.772166,-0.373308,-0.253855,0.608192,0.451025,0.000000,0.000000,0.000000,1,True
1.7419740990007995,0.004000,1.326000,-1.714000,1.318000,0.000000,0.005000,-0.006000,-0.001000,1.325000,1.715000,1.316000,0.007000,0.003000,0.000000,-0.022926,0.773849,0.147870,-0.615440,0.371730,-0.252862,0.607565,0.143324,-0.618632,-0.022648,0.772166,-0.373308,-0.253855,0.608192,-0.022926,0.773849,0.147870,-0.615440,0.371730,-0.252862,0.607565,0.143324,-0.618632,-0.022648,0.772166,-0.373308,-0.253855,0.608192,0.451025,0.000000,0.000000,0.000000,1,True
1.7753064639982767,0.004000,1.326000,-1.714000,1.318000,0.000000,0.005000,-0.006000,-0.001000,1.325000,1.715000,1.316000,0.007000,0.003000,0.000000,-0.022926,0.773849,0.147870,-0.615440,0.371730,-0.252862,0.607565,0.143324,-0.618632,-0.022648,0.772166,-0.373308,-0.253855,0.608192,-0.022926,0.773849,0.147870,-0.615440,0.371730,-0.252862,0.607565,0.143324,-0.618632,-0.022648,0.772166,-0.373308,-0.253855,0.608192,0.451025,0.000000,0.000000,0.000000,1,True
1.8087777360051405,0.004000,1.326000,-1.714000,1.318000,0.000000,0.005000,-0.006000,-0.001000,1.325000,1.715000,1.316000,0.007000,0.003000,0.000000,-0.022926,0.773849,0.147870,-0.615440,0.371730,-0.252862,0.607565,0.143324,-0.618632,-0.022648,0.772166,-0.373308,-0.253855,0.608192,-0.022926,0.773849,0.147870,-0.615440,0.371730,-0.252862,0.607565,0.143324,-0.618632,-0.022648,0.772166,-0.373308,-0.253855,0.608192,0.451025,0.000000,0.000000,0.000000,1,True
1.8420141009992221,0.004000,1.326000,-1.714000,1.318000,0.000000,0.005000,-0.006000,-0.001000,1.325000,1.715000,1.316000,0.007000,0.003000,0.000000,-0.022926,0.773849,0.147870,-0.615440,0.371730,-0.252862,0.607565,0.143324,-0.618632,-0.022648,0.772166,-0.373308,-0.253855,0.608192,-0.022926,0.773849,0.147870,-0.615440,0.371730,-0.252862,0.607565,0.143324,-0.618632,-0.022648,0.772166,-0.373308,-0.253855,0.608192,0.451025,0.000000,0.000000,0.000000,1,True
1.8767363649967592,0.004000,1.326000,-1.714000,1.318000,0.000000,0.005000,-0.006000,-0.001000,1.325000,1.715000,1.316000,0.007000,0.003000,0.000000,-0.022926,0.773849,0.147870,-0.615440,0.371730,-0.252862,0.607565,0.143324,-0.618632,-0.022648,0.772166,-0.373308,-0.253855,0.608192,-0.022926,0.773849,0.147870,-0.615440,0.371730,-0.252862,0.607565,0.143324,-0.618632,-0.022648,0.772166,-0.373308,-0.253855,0.608192,0.451025,0.000000,0.000000,0.000000,1,True
1.90908956900239,0.004000,1.326000,-1.714000,1.318000,0.000000,0.005000,-0.006000,-0.001000,1.325000,1.715000,1.316000,0.007000,0.003000,0.000000,-0.022926,0.773849,0.147870,-0.615440,0.371730,-0.252862,0.607565,0.143324,-0.618632,-0.022648,0.772166,-0.373308,-0.253855,0.608192,-0.022926,0.773849,0.147870,-0.615440,0.371730,-0.252862,0.607565,0.143324,-0.618632,-0.022648,0.772166,-0.373308,-0.253855,0.608192,0.451025,0.000000,0.000000,0.000000,1,True
1.9424102490011137,0.004000,1.326000,-1.714000,1.318000,0.000000,0.005000,-0.006000,-0.001000,1.325000,1.715000,1.316000,0.007000,0.003000,0.000000,-0.022926,0.773849,0.147870,-0.615440,0.371730,-0.252862,0.607565,0.143324,-0.618632,-0.022648,0.772166,-0.373308,-0.253855,0.608192,-0.022926,0.773849,0.147870,-0.615440,0.371730,-0.252862,0.607565,0.143324,-0.618632,-0.022648,0.772166,-0.373308,-0.253855,0.608192,0.451025,0.000000,0.000000,0.000000,1,True
1.9758504280034686,0.004000,1.326000,-1.714000,1.318000,0.000000,0.005000,-0.006000,-0.001000,1.325000,1.715000,1.316000,0.007000,0.003000,0.000000,-0.022926,0.773849,0.147870,-0.615440,0.371730,-0.252862,0.607565,0.143324,-0.618632,-0.022648,0.772166,-0.373308,-0.253855,0.608192,-0.022926,0.773849,0.147870,-0.615440,0.371730,-0.252862,0.607565,0.143324,-0.618632,-0.022648,0.772166,-0.373308,-0.253855,0.608192,0.451025,0.000000,0.000000,0.000000,1,True
2.0092237740027485,0.004000,1.326000,-1.714000,1.318000,0.000000,0.005000,-0.006000,-0.001000,1.325000,1.715000,1.316000,0.007000,0.003000,0.000000,-0.022926,0.773849,0.147870,-0.615440,0.371730,-0.252862,0.607565,0.143324,-0.618632,-0.022648,0.772166,-0.373308,-0.253855,0.608192,-0.022926,0.773849,0.147870,-0.615440,0.371730,-0.252862,0.607565,0.143324,-0.618632,-0.022648,0.772166,-0.373308,-0.253855,0.608192,0.451025,0.000000,0.000000,0.000000,1,True
2.0428827480063774,0.004000,1.326000,-1.714000,1.318000,0.000000,0.005000,-0.006000,-0.001000,1.325000,1.715000,1.316000,0.007000,0.003000,0.000000,-0.022926,0.773849,0.147870,-0.615440,0.371730,-0.252862,0.607565,0.143324,-0.618632,-0.022648,0.772166,-0.373308,-0.253855,0.608192,-0.022926,0.773849,0.147870,-0.615440,0.371730,-0.252862,0.607565,0.143324,-0.618632,-0.022648,0.772166,-0.373308,-0.253855,0.608192,0.451025,0.000000,0.000000,0.000000,1,True
2.076173242996447,0.004000,1.326000,-1.714000,1.318000,0.000000,0.005000,-0.006000,-0.001000,1.325000,1.715000,1.316000,0.007000,0.003000,0.000000,-0.022926,0.773849,0.147870,-0.615440,0.371730,-0.252862,0.607565,0.143324,-0.618632,-0.022648,0.772166,-0.373308,-0.253855,0.608192,-0.022926,0.773849,0.147870,-0.615440,0.371730,-0.252862,0.607565,0.143324,-0.618632,-0.022648,0.772166,-0.373308,-0.253855,0.608192,0.451025,0.000000,0.000000,0.000000,1,True
2.109473385004094,0.004000,1.326000,-1.714000,1.318000,0.000000,0.005000,-0.006000,-0.001000,1.325000,1.715000,1.316000,0.007000,0.003000,0.000000,-0.022926,0.773849,0.147870,-0.615440,0.371730,-0.252862,0.607565,0.143324,-0.618632,-0.022648,0.772166,-0.373308,-0.253855,0.608192,-0.022926,0.773849,0.147870,-0.615440,0.371730,-0.252862,0.607565,0.143324,-0.618632,-0.022648,0.772166,-0.373308,-0.253855,0.608192,0.451025,0.000000,0.000000,0.000000,1,True
2.1429086020070827,0.004000,1.326000,-1.714000,1.318000,0.000000,0.005000,-0.006000,-0.001000,1.325000,1.715000,1.316000,0.007000,0.003000,0.000000,-0.022926,0.773849,0.147870,-0.615440,0.371730,-0.252862,0.607565,0.143324,-0.618632,-0.022648,0.772166,-0.373308,-0.253855,0.608192,-0.022926,0.773849,0.147870,-0.615440,0.371730,-0.252862,0.607565,0.143324,-0.618632,-0.022648,0.772166,-0.373308,-0.253855,0.608192,0.451025,0.000000,0.000000,0.000000,1,True
2.176140948999091,0.004000,1.326000,-1.714000,1.318000,0.000000,0.005000,-0.006000,-0.001000,1.325000,1.715000,1.316000,0.007000,0.003000,0.000000,-0.022926,0.773849,0.147870,-0.615440,0.371730,-0.252862,0.607565,0.143324,-0.618632,-0.022648,0.772166,-0.373308,-0.253855,0.608192,-0.022926,0.773849,0.147870,-0.615440,0.371730,-0.252862,0.607565,0.143324,-0.618632,-0.022648,0.772166,-0.373308,-0.253855,0.608192,0.451025,0.000000,0.000000,0.000000,1,True
2.209464294995996,0.004000,1.326000,-1.714000,1.318000,0.000000,0.005000,-0.006000,-0.001000,1.325000,1.715000,1.316000,0.007000,0.003000,0.000000,-0.022926,0.773849,0.147870,-0.615440,0.371730,-0.252862,0.607565,0.143324,-0.618632,-0.022648,0.772166,-0.373308,-0.253855,0.608192,-0.022926,0.773849,0.147870,-0.615440,0.371730,-0.252862,0.607565,0.143324,-0.618632,-0.022648,0.772166,-0.373308,-0.253855,0.608192,0.451025,0.000000,0.000000,0.000000,1,True
2.2437747649964876,0.004000,1.326000,-1.714000,1.318000,0.000000,0.005000,-0.006000,-0.001000,1.325000,1.715000,1.316000,0.007000,0.003000,0.000000,-0.022926,0.773849,0.147870,-0.615440,0.371730,-0.252862,0.607565,0.143324,-0.618632,-0.022648,0.772166,-0.373308,-0.253855,0.608192,-0.022926,0.773849,0.147870,-0.615440,0.371730,-0.252862,0.607565,0.143324,-0.618632,-0.022648,0.772166,-0.373308,-0.253855,0.608192,0.451025,0.000000,0.000000,0.000000,1,True
2.2775017759995535,0.004000,1.326000,-1.714000,1.318000,0.000000,0.005000,-0.006000,-0.001000,1.325000,1.715000,1.316000,0.007000,0.003000,0.000000,-0.022926,0.773849,0.147870,-0.615440,0.371730,-0.252862,0.607565,0.143324,-0.618632,-0.022648,0.772166,-0.373308,-0.253855,0.608192,-0.022926,0.773849,0.147870,-0.615440,0.371730,-0.252862,0.607565,0.143324,-0.618632,-0.022648,0.772166,-0.373308,-0.253855,0.608192,0.451025,0.000000,0.000000,0.000000,1,True
2.3108524919953197,0.004000,1.326000,-1.714000,1.318000,0.000000,0.005000,-0.006000,-0.001000,1.325000,1.715000,1.316000,0.007000,0.003000,0.000000,-0.022926,0.773849,0.147870,-0.615440,0.371730,-0.252862,0.607565,0.143324,-0.618632,-0.022648,0.772166,-0.373308,-0.253855,0.608192,-0.022926,0.773849,0.147870,-0.615440,0.371730,-0.252862,0.607565,0.143324,-0.618632,-0.022648,0.772166,-0.373308,-0.253855,0.608192,0.451025,0.000000,0.000000,0.000000,1,True
2.344232802002807,0.004000,1.326000,-1.714000,1.318000,0.000000,0.005000,-0.006000,-0.001000,1.325000,1.715000,1.316000,0.007000,0.003000,0.000000,-0.022926,0.773849,0.147870,-0.615440,0.371730,-0.252862,0.607565,0.143324,-0.618632,-0.022648,0.772166,-0.373308,-0.253855,0.608192,-0.022926,0.773849,0.147870,-0.615440,0.371730,-0.252862,0.607565,0.143324,-0.618632,-0.022648,0.772166,-0.373308,-0.253855,0.608192,0.451025,0.000000,0.000000,0.000000,1,True
2.3773024270049063,0.004000,1.326000,-1.714000,1.318000,0.000000,0.005000,-0.006000,-0.001000,1.325000,1.715000,1.316000,0.007000,0.003000,0.000000,-0.022926,0.773849,0.147870,-0.615440,0.371730,-0.252862,0.607565,0.143324,-0.618632,-0.022648,0.772166,-0.373308,-0.253855,0.608192,-0.022926,0.773849,0.147870,-0.615440,0.371730,-0.252862,0.607565,0.143324,-0.618632,-0.022648,0.772166,-0.373308,-0.253855,0.608192,0.451025,0.000000,0.000000,0.000000,1,True
2.410974123995402,0.004000,1.326000,-1.714000,1.318000,0.000000,0.005000,-0.006000,-0.001000,1.325000,1.715000,1.316000,0.007000,0.003000,0.000000,-0.022926,0.773849,0.147870,-0.615440,0.371730,-0.252862,0.607565,0.143324,-0.618632,-0.022648,0.772166,-0.373308,-0.253855,0.608192,-0.022926,0.773849,0.147870,-0.615440,0.371730,-0.252862,0.607565,0.143324,-0.618632,-0.022648,0.772166,-0.373308,-0.253855,0.608192,0.451025,0.000000,0.000000,0.000000,1,True
2.444319896007073,0.004000,1.326000,-1.714000,1.318000,0.000000,0.005000,-0.006000,-0.001000,1.325000,1.715000,1.316000,0.007000,0.003000,0.000000,-0.022926,0.773849,0.147870,-0.615440,0.371730,-0.252862,0.607565,0.143324,-0.618632,-0.022648,0.772166,-0.373308,-0.253855,0.608192,-0.022926,0.773849,0.147870,-0.615440,0.371730,-0.252862,0.607565,0.143324,-0.618632,-0.022648,0.772166,-0.373308,-0.253855,0.608192,0.451025,0.000000,0.000000,0.000000,1,True
2.4777675560035277,0.004000,1.326000,-1.714000,1.318000,0.000000,0.005000,-0.006000,-0.001000,1.325000,1.715000,1.316000,0.007000,0.003000,0.000000,-0.022926,0.773849,0.147870,-0.615440,0.371730,-0.252862,0.607565,0.143324,-0.618632,-0.022648,0.772166,-0.373308,-0.253855,0.608192,-0.022926,0.773849,0.147870,-0.615440,0.371730,-0.252862,0.607565,0.143324,-0.618632,-0.022648,0.772166,-0.373308,-0.253855,0.608192,0.451025,0.000000,0.000000,0.000000,1,True
2.5111738840059843,0.004000,1.326000,-1.714000,1.318000,0.000000,0.005000,-0.006000,-0.001000,1.325000,1.715000,1.316000,0.007000,0.003000,0.000000,-0.022926,0.773849,0.147870,-0.615440,0.371730,-0.252862,0.607565,0.143324,-0.618632,-0.022648,0.772166,-0.373308,-0.253855,0.608192,-0.022926,0.773849,0.147870,-0.615440,0.371730,-0.252862,0.607565,0.143324,-0.618632,-0.022648,0.772166,-0.373308,-0.253855,0.608192,0.451025,0.000000,0.000000,0.000000,1,True
2.544563545001438,0.004000,1.326000,-1.714000,1.318000,0.000000,0.005000,-0.006000,-0.001000,1.325000,1.715000,1.316000,0.007000,0.003000,0.000000,-0.022926,0.773849,0.147870,-0.615440,0.371730,-0.252862,0.607565,0.143324,-0.618632,-0.022648,0.772166,-0.373308,-0.253855,0.608192,-0.022926,0.773849,0.147870,-0.615440,0.371730,-0.252862,0.607565,0.143324,-0.618632,-0.022648,0.772166,-0.373308,-0.253855,0.608192,0.451025,0.000000,0.000000,0.000000,1,True
2.5780681680043926,0.004000,1.326000,-1.714000,1.318000,0.000000,0.005000,-0.006000,-0.001000,1.325000,1.715000,1.316000,0.007000,0.003000,0.000000,-0.022926,0.773849,0.147870,-0.615440,0.371730,-0.252862,0.607565,0.143324,-0.618632,-0.022648,0.772166,-0.373308,-0.253855,0.608192,-0.022926,0.773849,0.147870,-0.615440,0.371730,-0.252862,0.607565,0.143324,-0.618632,-0.022648,0.772166,-0.373308,-0.253855,0.608192,0.451025,0.000000,0.000000,0.000000,1,True
2.6112203859956935,0.004000,1.326000,-1.714000,1.318000,0.000000,0.005000,-0.006000,-0.001000,1.325000,1.715000,1.316000,0.007000,0.003000,0.000000,-0.022926,0.773849,0.147870,-0.615440,0.371730,-0.252862,0.607565,0.143324,-0.618632,-0.022648,0.772166,-0.373308,-0.253855,0.608192,-0.022926,0.773849,0.147870,-0.615440,0.371730,-0.252862,0.607565,0.143324,-0.618632,-0.022648,0.772166,-0.373308,-0.253855,0.608192,0.451025,0.000000,0.000000,0.000000,1,True
2.6448623229953228,0.004000,1.326000,-1.714000,1.318000,0.000000,0.005000,-0.006000,-0.001000,1.325000,1.715000,1.316000,0.007000,0.003000,0.000000,-0.022926,0.773849,0.147870,-0.615440,0.371730,-0.252862,0.607565,0.143324,-0.618632,-0.022648,0.772166,-0.373308,-0.253855,0.608192,-0.022926,0.773849,0.147870,-0.615440,0.371730,-0.252862,0.607565,0.143324,-0.618632,-0.022648,0.772166,-0.373308,-0.253855,0.608192,0.451025,0.000000,0.000000,0.000000,1,True
2.678000466999947,0.004000,1.326000,-1.714000,1.318000,0.000000,0.005000,-0.006000,-0.001000,1.325000,1.715000,1.316000,0.007000,0.003000,0.000000,-0.022926,0.773849,0.147870,-0.615440,0.371730,-0.252862,0.607565,0.143324,-0.618632,-0.022648,0.772166,-0.373308,-0.253855,0.608192,-0.022926,0.773849,0.147870,-0.615440,0.371730,-0.252862,0.607565,0.143324,-0.618632,-0.022648,0.772166,-0.373308,-0.253855,0.608192,0.451025,0.000000,0.000000,0.000000,1,True
2.711796496005263,0.004000,1.326000,-1.714000,1.318000,0.000000,0.005000,-0.006000,-0.001000,1.325000,1.715000,1.316000,0.007000,0.003000,0.000000,-0.022926,0.773849,0.147870,-0.615440,0.371730,-0.252862,0.607565,0.143324,-0.618632,-0.022648,0.772166,-0.373308,-0.253855,0.608192,-0.022926,0.773849,0.147870,-0.615440,0.371730,-0.252862,0.607565,0.143324,-0.618632,-0.022648,0.772166,-0.373308,-0.253855,0.608192,0.451025,0.000000,0.000000,0.000000,1,True
2.7447818810032913,0.004000,1.326000,-1.714000,1.318000,0.000000,0.005000,-0.006000,-0.001000,1.325000,1.715000,1.316000,0.007000,0.003000,0.000000,-0.022926,0.773849,0.147870,-0.615440,0.371730,-0.252862,0.607565,0.143324,-0.618632,-0.022648,0.772166,-0.373308,-0.253855,0.608192,-0.022926,0.773849,0.147870,-0.615440,0.371730,-0.252862,0.607565,0.143324,-0.618632,-0.022648,0.772166,-0.373308,-0.253855,0.608192,0.451025,0.000000,0.000000,0.000000,1,True
2.7780320800084155,0.004000,1.326000,-1.714000,1.318000,0.000000,0.005000,-0.006000,-0.001000,1.325000,1.715000,1.316000,0.007000,0.003000,0.000000,-0.022926,0.773849,0.147870,-0.615440,0.371730,-0.252862,0.607565,0.143324,-0.618632,-0.022648,0.772166,-0.373308,-0.253855,0.608192,-0.022926,0.773849,0.147870,-0.615440,0.371730,-0.252862,0.607565,0.143324,-0.618632,-0.022648,0.772166,-0.373308,-0.253855,0.608192,0.451025,0.000000,0.000000,0.000000,1,True
2.8118502940051258,0.004000,1.326000,-1.714000,1.318000,0.000000,0.005000,-0.006000,-0.001000,1.325000,1.715000,1.316000,0.007000,0.003000,0.000000,-0.022926,0.773849,0.147870,-0.615440,0.371730,-0.252862,0.607565,0.143324,-0.618632,-0.022648,0.772166,-0.373308,-0.253855,0.608192,-0.022926,0.773849,0.147870,-0.615440,0.371730,-0.252862,0.607565,0.143324,-0.618632,-0.022648,0.772166,-0.373308,-0.253855,0.608192,0.451025,0.000000,0.000000,0.000000,1,True
2.844745549999061,0.004000,1.326000,-1.714000,1.318000,0.000000,0.005000,-0.006000,-0.001000,1.325000,1.715000,1.316000,0.007000,0.003000,0.000000,-0.022926,0.773849,0.147870,-0.615440,0.371730,-0.252862,0.607565,0.143324,-0.618632,-0.022648,0.772166,-0.373308,-0.253855,0.608192,-0.022926,0.773849,0.147870,-0.615440,0.371730,-0.252862,0.607565,0.143324,-0.618632,-0.022648,0.772166,-0.373308,-0.253855,0.608192,0.451025,0.000000,0.000000,0.000000,1,True
2.8781768409971846,0.004000,1.326000,-1.714000,1.318000,0.000000,0.005000,-0.006000,-0.001000,1.325000,1.715000,1.316000,0.007000,0.003000,0.000000,-0.022926,0.773849,0.147870,-0.615440,0.371730,-0.252862,0.607565,0.143324,-0.618632,-0.022648,0.772166,-0.373308,-0.253855,0.608192,-0.022926,0.773849,0.147870,-0.615440,0.371730,-0.252862,0.607565,0.143324,-0.618632,-0.022648,0.772166,-0.373308,-0.253855,0.608192,0.451025,0.000000,0.000000,0.000000,1,True
2.9118920740002068,0.004000,1.326000,-1.714000,1.318000,0.000000,0.005000,-0.006000,-0.001000,1.325000,1.715000,1.316000,0.007000,0.003000,0.000000,-0.022926,0.773849,0.147870,-0.615440,0.371730,-0.252862,0.607565,0.143324,-0.618632,-0.022648,0.772166,-0.373308,-0.253855,0.608192,-0.022926,0.773849,0.147870,-0.615440,0.371730,-0.252862,0.607565,0.143324,-0.618632,-0.022648,0.772166,-0.373308,-0.253855,0.608192,0.451025,0.000000,0.000000,0.000000,1,True
2.9452464009955293,0.004000,1.326000,-1.714000,1.318000,0.000000,0.005000,-0.006000,-0.001000,1.325000,1.715000,1.316000,0.007000,0.003000,0.000000,-0.022926,0.773849,0.147870,-0.615440,0.371730,-0.252862,0.607565,0.143324,-0.618632,-0.022648,0.772166,-0.373308,-0.253855,0.608192,-0.022926,0.773849,0.147870,-0.615440,0.371730,-0.252862,0.607565,0.143324,-0.618632,-0.022648,0.772166,-0.373308,-0.253855,0.608192,0.451025,0.000000,0.000000,0.000000,1,True
2.978741839004215,0.004000,1.326000,-1.714000,1.318000,0.000000,0.005000,-0.006000,-0.001000,1.325000,1.715000,1.316000,0.007000,0.003000,0.000000,-0.022926,0.773849,0.147870,-0.615440,0.371730,-0.252862,0.607565,0.143324,-0.618632,-0.022648,0.772166,-0.373308,-0.253855,0.608192,-0.022926,0.773849,0.147870,-0.615440,0.371730,-0.252862,0.607565,0.143324,-0.618632,-0.022648,0.772166,-0.373308,-0.253855,0.608192,0.451025,0.000000,0.000000,0.000000,1,True
3.0132386780023808,0.004000,1.326000,-1.714000,1.318000,0.000000,0.005000,-0.006000,-0.001000,1.325000,1.715000,1.316000,0.007000,0.003000,0.000000,-0.022926,0.773849,0.147870,-0.615440,0.371730,-0.252862,0.607565,0.143324,-0.618632,-0.022648,0.772166,-0.373308,-0.253855,0.608192,-0.022926,0.773849,0.147870,-0.615440,0.371730,-0.252862,0.607565,0.143324,-0.618632,-0.022648,0.772166,-0.373308,-0.253855,0.608192,0.451025,0.000000,0.000000,0.000000,1,True
3.046458729004371,0.004000,1.326000,-1.714000,1.318000,0.000000,0.005000,-0.006000,-0.001000,1.325000,1.715000,1.316000,0.007000,0.003000,0.000000,-0.022926,0.773849,0.147870,-0.615440,0.371730,-0.252862,0.607565,0.143324,-0.618632,-0.022648,0.772166,-0.373308,-0.253855,0.608192,-0.022926,0.773849,0.147870,-0.615440,0.371730,-0.252862,0.607565,0.143324,-0.618632,-0.022648,0.772166,-0.373308,-0.253855,0.608192,0.451025,0.000000,0.000000,0.000000,1,True
3.079023487996892,0.004000,1.326000,-1.714000,1.318000,0.000000,0.005000,-0.006000,-0.001000,1.325000,1.715000,1.316000,0.007000,0.003000,0.000000,-0.022926,0.773849,0.147870,-0.615440,0.371730,-0.252862,0.607565,0.143324,-0.618632,-0.022648,0.772166,-0.373308,-0.253855,0.608192,-0.022926,0.773849,0.147870,-0.615440,0.371730,-0.252862,0.607565,0.143324,-0.618632,-0.022648,0.772166,-0.373308,-0.253855,0.608192,0.451025,0.000000,0.000000,0.000000,1,True
3.112334204997751,0.004000,1.326000,-1.714000,1.318000,0.000000,0.005000,-0.006000,-0.001000,1.325000,1.715000,1.316000,0.007000,0.003000,0.000000,-0.022926,0.773849,0.147870,-0.615440,0.371730,-0.252862,0.607565,0.143324,-0.618632,-0.022648,0.772166,-0.373308,-0.253855,0.608192,-0.022926,0.773849,0.147870,-0.615440,0.371730,-0.252862,0.607565,0.143324,-0.618632,-0.022648,0.772166,-0.373308,-0.253855,0.608192,0.451025,0.000000,0.000000,0.000000,1,True
3.1454616639966844,0.004000,1.326000,-1.714000,1.318000,0.000000,0.005000,-0.006000,-0.001000,1.325000,1.715000,1.316000,0.007000,0.003000,0.000000,-0.022926,0.773849,0.147870,-0.615440,0.371730,-0.252862,0.607565,0.143324,-0.618632,-0.022648,0.772166,-0.373308,-0.253855,0.608192,-0.022926,0.773849,0.147870,-0.615440,0.371730,-0.252862,0.607565,0.143324,-0.618632,-0.022648,0.772166,-0.373308,-0.253855,0.608192,0.451025,0.000000,0.000000,0.000000,1,True
3.17897408400313,0.004000,1.326000,-1.714000,1.318000,0.000000,0.005000,-0.006000,-0.001000,1.325000,1.715000,1.316000,0.007000,0.003000,0.000000,-0.022926,0.773849,0.147870,-0.615440,0.371730,-0.252862,0.607565,0.143324,-0.618632,-0.022648,0.772166,-0.373308,-0.253855,0.608192,-0.022926,0.773849,0.147870,-0.615440,0.371730,-0.252862,0.607565,0.143324,-0.618632,-0.022648,0.772166,-0.373308,-0.253855,0.608192,0.451025,0.000000,0.000000,0.000000,1,True
3.2125829279975733,0.004000,1.326000,-1.714000,1.318000,0.000000,0.005000,-0.006000,-0.001000,1.325000,1.715000,1.316000,0.007000,0.003000,0.000000,-0.022926,0.773849,0.147870,-0.615440,0.371730,-0.252862,0.607565,0.143324,-0.618632,-0.022648,0.772166,-0.373308,-0.253855,0.608192,-0.022926,0.773849,0.147870,-0.615440,0.371730,-0.252862,0.607565,0.143324,-0.618632,-0.022648,0.772166,-0.373308,-0.253855,0.608192,0.451025,0.000000,0.000000,0.000000,1,True
3.245963588997256,0.004000,1.326000,-1.714000,1.318000,0.000000,0.005000,-0.006000,-0.001000,1.325000,1.715000,1.316000,0.007000,0.003000,0.000000,-0.022926,0.773849,0.147870,-0.615440,0.371730,-0.252862,0.607565,0.143324,-0.618632,-0.022648,0.772166,-0.373308,-0.253855,0.608192,-0.022926,0.773849,0.147870,-0.615440,0.371730,-0.252862,0.607565,0.143324,-0.618632,-0.022648,0.772166,-0.373308,-0.253855,0.608192,0.451025,0.000000,0.000000,0.000000,1,True
3.279485620005289,0.004000,1.326000,-1.714000,1.318000,0.000000,0.005000,-0.006000,-0.001000,1.325000,1.715000,1.316000,0.007000,0.003000,0.000000,-0.022926,0.773849,0.147870,-0.615440,0.371730,-0.252862,0.607565,0.143324,-0.618632,-0.022648,0.772166,-0.373308,-0.253855,0.608192,-0.022926,0.773849,0.147870,-0.615440,0.371730,-0.252862,0.607565,0.143324,-0.618632,-0.022648,0.772166,-0.373308,-0.253855,0.608192,0.451025,0.000000,0.000000,0.000000,1,True
3.313007001997903,0.004000,1.326000,-1.714000,1.318000,0.000000,0.005000,-0.006000,-0.001000,1.325000,1.715000,1.316000,0.007000,0.003000,0.000000,-0.022926,0.773849,0.147870,-0.615440,0.371730,-0.252862,0.607565,0.143324,-0.618632,-0.022648,0.772166,-0.373308,-0.253855,0.608192,-0.022926,0.773849,0.147870,-0.615440,0.371730,-0.252862,0.607565,0.143324,-0.618632,-0.022648,0.772166,-0.373308,-0.253855,0.608192,0.451025,0.000000,0.000000,0.000000,1,True
3.3460073140013264,0.004000,1.326000,-1.714000,1.318000,0.000000,0.005000,-0.006000,-0.001000,1.325000,1.715000,1.316000,0.007000,0.003000,0.000000,-0.022926,0.773849,0.147870,-0.615440,0.371730,-0.252862,0.607565,0.143324,-0.618632,-0.022648,0.772166,-0.373308,-0.253855,0.608192,-0.022926,0.773849,0.147870,-0.615440,0.371730,-0.252862,0.607565,0.143324,-0.618632,-0.022648,0.772166,-0.373308,-0.253855,0.608192,0.451025,0.000000,0.000000,0.000000,1,True
3.3797535650082864,0.004000,1.326000,-1.714000,1.318000,0.000000,0.005000,-0.006000,-0.001000,1.325000,1.715000,1.316000,0.007000,0.003000,0.000000,-0.022926,0.773849,0.147870,-0.615440,0.371730,-0.252862,0.607565,0.143324,-0.618632,-0.022648,0.772166,-0.373308,-0.253855,0.608192,-0.022926,0.773849,0.147870,-0.615440,0.371730,-0.252862,0.607565,0.143324,-0.618632,-0.022648,0.772166,-0.373308,-0.253855,0.608192,0.451025,0.000000,0.000000,0.000000,1,True
3.41281648799486,0.004000,1.326000,-1.714000,1.318000,0.000000,0.005000,-0.006000,-0.001000,1.325000,1.715000,1.316000,0.007000,0.003000,0.000000,-0.022926,0.773849,0.147870,-0.615440,0.371730,-0.252862,0.607565,0.143324,-0.618632,-0.022648,0.772166,-0.373308,-0.253855,0.608192,-0.022926,0.773849,0.147870,-0.615440,0.371730,-0.252862,0.607565,0.143324,-0.618632,-0.022648,0.772166,-0.373308,-0.253855,0.608192,0.451025,0.000000,0.000000,0.000000,1,True
3.4460525379981846,0.004000,1.326000,-1.714000,1.318000,0.000000,0.005000,-0.006000,-0.001000,1.325000,1.715000,1.316000,0.007000,0.003000,0.000000,-0.022926,0.773849,0.147870,-0.615440,0.371730,-0.252862,0.607565,0.143324,-0.618632,-0.022648,0.772166,-0.373308,-0.253855,0.608192,-0.022926,0.773849,0.147870,-0.615440,0.371730,-0.252862,0.607565,0.143324,-0.618632,-0.022648,0.772166,-0.373308,-0.253855,0.608192,0.451025,0.000000,0.000000,0.000000,1,True
3.4801607319968753,0.004000,1.326000,-1.714000,1.318000,0.000000,0.005000,-0.006000,-0.001000,1.325000,1.715000,1.316000,0.007000,0.003000,0.000000,-0.022926,0.773849,0.147870,-0.615440,0.371730,-0.252862,0.607565,0.143324,-0.618632,-0.022648,0.772166,-0.373308,-0.253855,0.608192,-0.022926,0.773849,0.147870,-0.615440,0.371730,-0.252862,0.607565,0.143324,-0.618632,-0.022648,0.772166,-0.373308,-0.253855,0.608192,0.451025,0.000000,0.000000,0.000000,1,True
3.513248635994387,0.004000,1.326000,-1.714000,1.318000,0.000000,0.005000,-0.006000,-0.001000,1.325000,1.715000,1.316000,0.007000,0.003000,0.000000,-0.022926,0.773849,0.147870,-0.615440,0.371730,-0.252862,0.607565,0.143324,-0.618632,-0.022648,0.772166,-0.373308,-0.253855,0.608192,-0.022926,0.773849,0.147870,-0.615440,0.371730,-0.252862,0.607565,0.143324,-0.618632,-0.022648,0.772166,-0.373308,-0.253855,0.608192,0.451025,0.000000,0.000000,0.000000,1,True
3.5464956859941594,0.004000,1.326000,-1.714000,1.318000,0.000000,0.005000,-0.006000,-0.001000,1.325000,1.715000,1.316000,0.007000,0.003000,0.000000,-0.022926,0.773849,0.147870,-0.615440,0.371730,-0.252862,0.607565,0.143324,-0.618632,-0.022648,0.772166,-0.373308,-0.253855,0.608192,-0.022926,0.773849,0.147870,-0.615440,0.371730,-0.252862,0.607565,0.143324,-0.618632,-0.022648,0.772166,-0.373308,-0.253855,0.608192,0.451025,0.000000,0.000000,0.000000,1,True
3.5800652540056035,0.004000,1.326000,-1.714000,1.318000,0.000000,0.005000,-0.006000,-0.001000,1.325000,1.715000,1.316000,0.007000,0.003000,0.000000,-0.022926,0.773849,0.147870,-0.615440,0.371730,-0.252862,0.607565,0.143324,-0.618632,-0.022648,0.772166,-0.373308,-0.253855,0.608192,-0.022926,0.773849,0.147870,-0.615440,0.371730,-0.252862,0.607565,0.143324,-0.618632,-0.022648,0.772166,-0.373308,-0.253855,0.608192,0.451025,0.000000,0.000000,0.000000,1,True
3.613309007996577,0.004000,1.326000,-1.714000,1.318000,0.000000,0.005000,-0.006000,-0.001000,1.325000,1.715000,1.316000,0.007000,0.003000,0.000000,-0.022926,0.773849,0.147870,-0.615440,0.371730,-0.252862,0.607565,0.143324,-0.618632,-0.022648,0.772166,-0.373308,-0.253855,0.608192,-0.022926,0.773849,0.147870,-0.615440,0.371730,-0.252862,0.607565,0.143324,-0.618632,-0.022648,0.772166,-0.373308,-0.253855,0.608192,0.451025,0.000000,0.000000,0.000000,1,True
3.6463991710043047,0.004000,1.326000,-1.714000,1.318000,0.000000,0.005000,-0.006000,-0.001000,1.325000,1.715000,1.316000,0.007000,0.003000,0.000000,-0.022926,0.773849,0.147870,-0.615440,0.371730,-0.252862,0.607565,0.143324,-0.618632,-0.022648,0.772166,-0.373308,-0.253855,0.608192,-0.022926,0.773849,0.147870,-0.615440,0.371730,-0.252862,0.607565,0.143324,-0.618632,-0.022648,0.772166,-0.373308,-0.253855,0.608192,0.451025,0.000000,0.000000,0.000000,1,True
3.68027181000798,0.004000,1.326000,-1.714000,1.318000,0.000000,0.005000,-0.006000,-0.001000,1.325000,1.715000,1.316000,0.007000,0.003000,0.000000,-0.022926,0.773849,0.147870,-0.615440,0.371730,-0.252862,0.607565,0.143324,-0.618632,-0.022648,0.772166,-0.373308,-0.253855,0.608192,-0.022926,0.773849,0.147870,-0.615440,0.371730,-0.252862,0.607565,0.143324,-0.618632,-0.022648,0.772166,-0.373308,-0.253855,0.608192,0.451025,0.000000,0.000000,0.000000,1,True
3.715468681999482,0.004000,1.326000,-1.714000,1.318000,0.000000,0.005000,-0.006000,-0.001000,1.325000,1.715000,1.316000,0.007000,0.003000,0.000000,-0.022926,0.773849,0.147870,-0.615440,0.371730,-0.252862,0.607565,0.143324,-0.618632,-0.022648,0.772166,-0.373308,-0.253855,0.608192,-0.022926,0.773849,0.147870,-0.615440,0.371730,-0.252862,0.607565,0.143324,-0.618632,-0.022648,0.772166,-0.373308,-0.253855,0.608192,0.451025,0.000000,0.000000,0.000000,1,True
3.7461516939947614,0.004000,1.326000,-1.714000,1.318000,0.000000,0.005000,-0.006000,-0.001000,1.325000,1.715000,1.316000,0.007000,0.003000,0.000000,-0.022926,0.773849,0.147870,-0.615440,0.371730,-0.252862,0.607565,0.143324,-0.618632,-0.022648,0.772166,-0.373308,-0.253855,0.608192,-0.022926,0.773849,0.147870,-0.615440,0.371730,-0.252862,0.607565,0.143324,-0.618632,-0.022648,0.772166,-0.373308,-0.253855,0.608192,0.451025,0.000000,0.000000,0.000000,1,True
3.7793047260056483,0.004000,1.326000,-1.714000,1.318000,0.000000,0.005000,-0.006000,-0.001000,1.325000,1.715000,1.316000,0.007000,0.003000,0.000000,-0.022926,0.773849,0.147870,-0.615440,0.371730,-0.252862,0.607565,0.143324,-0.618632,-0.022648,0.772166,-0.373308,-0.253855,0.608192,-0.022926,0.773849,0.147870,-0.615440,0.371730,-0.252862,0.607565,0.143324,-0.618632,-0.022648,0.772166,-0.373308,-0.253855,0.608192,0.451025,0.000000,0.000000,0.000000,1,True
3.8128025900077773,0.004000,1.326000,-1.714000,1.318000,0.000000,0.005000,-0.006000,-0.001000,1.325000,1.715000,1.316000,0.007000,0.003000,0.000000,-0.022926,0.773849,0.147870,-0.615440,0.371730,-0.252862,0.607565,0.143324,-0.618632,-0.022648,0.772166,-0.373308,-0.253855,0.608192,-0.022926,0.773849,0.147870,-0.615440,0.371730,-0.252862,0.607565,0.143324,-0.618632,-0.022648,0.772166,-0.373308,-0.253855,0.608192,0.451025,0.000000,0.000000,0.000000,1,True
3.8459391789947404,0.004000,1.326000,-1.714000,1.318000,0.000000,0.005000,-0.006000,-0.001000,1.325000,1.715000,1.316000,0.007000,0.003000,0.000000,-0.022926,0.773849,0.147870,-0.615440,0.371730,-0.252862,0.607565,0.143324,-0.618632,-0.022648,0.772166,-0.373308,-0.253855,0.608192,-0.022926,0.773849,0.147870,-0.615440,0.371730,-0.252862,0.607565,0.143324,-0.618632,-0.022648,0.772166,-0.373308,-0.253855,0.608192,0.451025,0.000000,0.000000,0.000000,1,True
3.8794522649986902,0.004000,1.326000,-1.714000,1.318000,0.000000,0.005000,-0.006000,-0.001000,1.325000,1.715000,1.316000,0.007000,0.003000,0.000000,-0.022926,0.773849,0.147870,-0.615440,0.371730,-0.252862,0.607565,0.143324,-0.618632,-0.022648,0.772166,-0.373308,-0.253855,0.608192,-0.022926,0.773849,0.147870,-0.615440,0.371730,-0.252862,0.607565,0.143324,-0.618632,-0.022648,0.772166,-0.373308,-0.253855,0.608192,0.451025,0.000000,0.000000,0.000000,1,True
3.9128465370013146,0.004000,1.326000,-1.714000,1.318000,0.000000,0.005000,-0.006000,-0.001000,1.325000,1.715000,1.316000,0.007000,0.003000,0.000000,-0.022926,0.773849,0.147870,-0.615440,0.371730,-0.252862,0.607565,0.143324,-0.618632,-0.022648,0.772166,-0.373308,-0.253855,0.608192,-0.022926,0.773849,0.147870,-0.615440,0.371730,-0.252862,0.607565,0.143324,-0.618632,-0.022648,0.772166,-0.373308,-0.253855,0.608192,0.451025,0.000000,0.000000,0.000000,1,True
3.9483219999965513,0.004000,1.326000,-1.714000,1.318000,0.000000,0.005000,-0.006000,-0.001000,1.325000,1.715000,1.316000,0.007000,0.003000,0.000000,-0.022926,0.773849,0.147870,-0.615440,0.371730,-0.252862,0.607565,0.143324,-0.618632,-0.022648,0.772166,-0.373308,-0.253855,0.608192,-0.022926,0.773849,0.147870,-0.615440,0.371730,-0.252862,0.607565,0.143324,-0.618632,-0.022648,0.772166,-0.373308,-0.253855,0.608192,0.451025,0.000000,0.000000,0.000000,1,True
3.981353199997102,0.004000,1.326000,-1.714000,1.318000,0.000000,0.005000,-0.006000,-0.001000,1.325000,1.715000,1.316000,0.007000,0.003000,0.000000,-0.022926,0.773849,0.147870,-0.615440,0.371730,-0.252862,0.607565,0.143324,-0.618632,-0.022648,0.772166,-0.373308,-0.253855,0.608192,-0.022926,0.773849,0.147870,-0.615440,0.371730,-0.252862,0.607565,0.143324,-0.618632,-0.022648,0.772166,-0.373308,-0.253855,0.608192,0.451025,0.000000,0.000000,0.000000,1,True
4.014232493995223,0.004000,1.326000,-1.714000,1.318000,0.000000,0.005000,-0.006000,-0.001000,1.325000,1.715000,1.316000,0.007000,0.003000,0.000000,-0.022926,0.773849,0.147870,-0.615440,0.371730,-0.252862,0.607565,0.143324,-0.618632,-0.022648,0.772166,-0.373308,-0.253855,0.608192,-0.022926,0.773849,0.147870,-0.615440,0.371730,-0.252862,0.607565,0.143324,-0.618632,-0.022648,0.772166,-0.373308,-0.253855,0.608192,0.451025,0.000000,0.000000,0.000000,1,True
4.047496471001068,0.004000,1.326000,-1.714000,1.318000,0.000000,0.005000,-0.006000,-0.001000,1.325000,1.715000,1.316000,0.007000,0.003000,0.000000,-0.022926,0.773849,0.147870,-0.615440,0.371730,-0.252862,0.607565,0.143324,-0.618632,-0.022648,0.772166,-0.373308,-0.253855,0.608192,-0.022926,0.773849,0.147870,-0.615440,0.371730,-0.252862,0.607565,0.143324,-0.618632,-0.022648,0.772166,-0.373308,-0.253855,0.608192,0.451025,0.000000,0.000000,0.000000,1,True
4.080417931007105,0.004000,1.326000,-1.714000,1.318000,0.000000,0.005000,-0.006000,-0.001000,1.325000,1.715000,1.316000,0.007000,0.003000,0.000000,-0.022926,0.773849,0.147870,-0.615440,0.371730,-0.252862,0.607565,0.143324,-0.618632,-0.022648,0.772166,-0.373308,-0.253855,0.608192,-0.022926,0.773849,0.147870,-0.615440,0.371730,-0.252862,0.607565,0.143324,-0.618632,-0.022648,0.772166,-0.373308,-0.253855,0.608192,0.451025,0.000000,0.000000,0.000000,1,True
4.112817208995693,0.004000,1.326000,-1.714000,1.318000,0.000000,0.005000,-0.006000,-0.001000,1.325000,1.715000,1.316000,0.007000,0.003000,0.000000,-0.022926,0.773849,0.147870,-0.615440,0.371730,-0.252862,0.607565,0.143324,-0.618632,-0.022648,0.772166,-0.373308,-0.253855,0.608192,-0.022926,0.773849,0.147870,-0.615440,0.371730,-0.252862,0.607565,0.143324,-0.618632,-0.022648,0.772166,-0.373308,-0.253855,0.608192,0.451025,0.000000,0.000000,0.000000,1,True
4.14630935099558,0.004000,1.326000,-1.714000,1.318000,0.000000,0.005000,-0.006000,-0.001000,1.325000,1.715000,1.316000,0.007000,0.003000,0.000000,-0.022926,0.773849,0.147870,-0.615440,0.371730,-0.252862,0.607565,0.143324,-0.618632,-0.022648,0.772166,-0.373308,-0.253855,0.608192,-0.022926,0.773849,0.147870,-0.615440,0.371730,-0.252862,0.607565,0.143324,-0.618632,-0.022648,0.772166,-0.373308,-0.253855,0.608192,0.451025,0.000000,0.000000,0.000000,1,True
4.179435569996713,0.004000,1.326000,-1.714000,1.318000,0.000000,0.005000,-0.006000,-0.001000,1.325000,1.715000,1.316000,0.007000,0.003000,0.000000,-0.022926,0.773849,0.147870,-0.615440,0.371730,-0.252862,0.607565,0.143324,-0.618632,-0.022648,0.772166,-0.373308,-0.253855,0.608192,-0.022926,0.773849,0.147870,-0.615440,0.371730,-0.252862,0.607565,0.143324,-0.618632,-0.022648,0.772166,-0.373308,-0.253855,0.608192,0.451025,0.000000,0.000000,0.000000,1,True
4.213628985002288,0.004000,1.326000,-1.714000,1.318000,0.000000,0.005000,-0.006000,-0.001000,1.325000,1.715000,1.316000,0.007000,0.003000,0.000000,-0.022926,0.773849,0.147870,-0.615440,0.371730,-0.252862,0.607565,0.143324,-0.618632,-0.022648,0.772166,-0.373308,-0.253855,0.608192,-0.022926,0.773849,0.147870,-0.615440,0.371730,-0.252862,0.607565,0.143324,-0.618632,-0.022648,0.772166,-0.373308,-0.253855,0.608192,0.451025,0.000000,0.000000,0.000000,1,True
4.246310058006202,0.004000,1.326000,-1.714000,1.318000,0.000000,0.005000,-0.006000,-0.001000,1.325000,1.715000,1.316000,0.007000,0.003000,0.000000,-0.022926,0.773849,0.147870,-0.615440,0.371730,-0.252862,0.607565,0.143324,-0.618632,-0.022648,0.772166,-0.373308,-0.253855,0.608192,-0.022926,0.773849,0.147870,-0.615440,0.371730,-0.252862,0.607565,0.143324,-0.618632,-0.022648,0.772166,-0.373308,-0.253855,0.608192,0.451025,0.000000,0.000000,0.000000,1,True
4.280373418994714,0.004000,1.326000,-1.714000,1.318000,0.000000,0.005000,-0.006000,-0.001000,1.325000,1.715000,1.316000,0.007000,0.003000,0.000000,-0.022926,0.773849,0.147870,-0.615440,0.371730,-0.252862,0.607565,0.143324,-0.618632,-0.022648,0.772166,-0.373308,-0.253855,0.608192,-0.022926,0.773849,0.147870,-0.615440,0.371730,-0.252862,0.607565,0.143324,-0.618632,-0.022648,0.772166,-0.373308,-0.253855,0.608192,0.451025,0.000000,0.000000,0.000000,1,True
4.313778245996218,0.004000,1.326000,-1.714000,1.318000,0.000000,0.005000,-0.006000,-0.001000,1.325000,1.715000,1.316000,0.007000,0.003000,0.000000,-0.022926,0.773849,0.147870,-0.615440,0.371730,-0.252862,0.607565,0.143324,-0.618632,-0.022648,0.772166,-0.373308,-0.253855,0.608192,-0.022926,0.773849,0.147870,-0.615440,0.371730,-0.252862,0.607565,0.143324,-0.618632,-0.022648,0.772166,-0.373308,-0.253855,0.608192,0.451025,0.000000,0.000000,0.000000,1,True
4.34730642499926,0.004000,1.326000,-1.714000,1.318000,0.000000,0.005000,-0.006000,-0.001000,1.325000,1.715000,1.316000,0.007000,0.003000,0.000000,-0.022926,0.773849,0.147870,-0.615440,0.371730,-0.252862,0.607565,0.143324,-0.618632,-0.022648,0.772166,-0.373308,-0.253855,0.608192,-0.022926,0.773849,0.147870,-0.615440,0.371730,-0.252862,0.607565,0.143324,-0.618632,-0.022648,0.772166,-0.373308,-0.253855,0.608192,0.451025,0.000000,0.000000,0.000000,1,True
4.380643957003485,0.004000,1.326000,-1.714000,1.318000,0.000000,0.005000,-0.006000,-0.001000,1.325000,1.715000,1.316000,0.007000,0.003000,0.000000,-0.022926,0.773849,0.147870,-0.615440,0.371730,-0.252862,0.607565,0.143324,-0.618632,-0.022648,0.772166,-0.373308,-0.253855,0.608192,-0.022926,0.773849,0.147870,-0.615440,0.371730,-0.252862,0.607565,0.143324,-0.618632,-0.022648,0.772166,-0.373308,-0.253855,0.608192,0.451025,0.000000,0.000000,0.000000,1,True
4.413449344006949,0.004000,1.326000,-1.714000,1.318000,0.000000,0.005000,-0.006000,-0.001000,1.325000,1.715000,1.316000,0.007000,0.003000,0.000000,-0.022926,0.773849,0.147870,-0.615440,0.371730,-0.252862,0.607565,0.143324,-0.618632,-0.022648,0.772166,-0.373308,-0.253855,0.608192,-0.022926,0.773849,0.147870,-0.615440,0.371730,-0.252862,0.607565,0.143324,-0.618632,-0.022648,0.772166,-0.373308,-0.253855,0.608192,0.451025,0.000000,0.000000,0.000000,1,True
4.447188353995443,0.004000,1.326000,-1.714000,1.318000,0.000000,0.005000,-0.006000,-0.001000,1.325000,1.715000,1.316000,0.007000,0.003000,0.000000,-0.022926,0.773849,0.147870,-0.615440,0.371730,-0.252862,0.607565,0.143324,-0.618632,-0.022648,0.772166,-0.373308,-0.253855,0.608192,-0.022926,0.773849,0.147870,-0.615440,0.371730,-0.252862,0.607565,0.143324,-0.618632,-0.022648,0.772166,-0.373308,-0.253855,0.608192,0.451025,0.000000,0.000000,0.000000,1,True
4.481009049995919,0.004000,1.326000,-1.714000,1.318000,0.000000,0.005000,-0.006000,-0.001000,1.325000,1.715000,1.316000,0.007000,0.003000,0.000000,-0.022926,0.773849,0.147870,-0.615440,0.371730,-0.252862,0.607565,0.143324,-0.618632,-0.022648,0.772166,-0.373308,-0.253855,0.608192,-0.022926,0.773849,0.147870,-0.615440,0.371730,-0.252862,0.607565,0.143324,-0.618632,-0.022648,0.772166,-0.373308,-0.253855,0.608192,0.451025,0.000000,0.000000,0.000000,1,True
4.513836825994076,0.004000,1.326000,-1.714000,1.318000,0.000000,0.005000,-0.006000,-0.001000,1.325000,1.715000,1.316000,0.007000,0.003000,0.000000,-0.022926,0.773849,0.147870,-0.615440,0.371730,-0.252862,0.607565,0.143324,-0.618632,-0.022648,0.772166,-0.373308,-0.253855,0.608192,-0.022926,0.773849,0.147870,-0.615440,0.371730,-0.252862,0.607565,0.143324,-0.618632,-0.022648,0.772166,-0.373308,-0.253855,0.608192,0.451025,0.000000,0.000000,0.000000,1,True
4.5475575769960415,0.004000,1.326000,-1.714000,1.318000,0.000000,0.005000,-0.006000,-0.001000,1.325000,1.715000,1.316000,0.007000,0.003000,0.000000,-0.022926,0.773849,0.147870,-0.615440,0.371730,-0.252862,0.607565,0.143324,-0.618632,-0.022648,0.772166,-0.373308,-0.253855,0.608192,-0.022926,0.773849,0.147870,-0.615440,0.371730,-0.252862,0.607565,0.143324,-0.618632,-0.022648,0.772166,-0.373308,-0.253855,0.608192,0.451025,0.000000,0.000000,0.000000,1,True
4.58144366099441,0.004000,1.326000,-1.714000,1.318000,0.000000,0.005000,-0.006000,-0.001000,1.325000,1.715000,1.316000,0.007000,0.003000,0.000000,-0.022926,0.773849,0.147870,-0.615440,0.371730,-0.252862,0.607565,0.143324,-0.618632,-0.022648,0.772166,-0.373308,-0.253855,0.608192,-0.022926,0.773849,0.147870,-0.615440,0.371730,-0.252862,0.607565,0.143324,-0.618632,-0.022648,0.772166,-0.373308,-0.253855,0.608192,0.451025,0.000000,0.000000,0.000000,1,True
4.6139736420009285,0.004000,1.326000,-1.714000,1.318000,0.000000,0.005000,-0.006000,-0.001000,1.325000,1.715000,1.316000,0.007000,0.003000,0.000000,-0.022926,0.773849,0.147870,-0.615440,0.371730,-0.252862,0.607565,0.143324,-0.618632,-0.022648,0.772166,-0.373308,-0.253855,0.608192,-0.022926,0.773849,0.147870,-0.615440,0.371730,-0.252862,0.607565,0.143324,-0.618632,-0.022648,0.772166,-0.373308,-0.253855,0.608192,0.451025,0.000000,0.000000,0.000000,1,True
4.647728338008164,0.004000,1.326000,-1.714000,1.318000,0.000000,0.005000,-0.006000,-0.001000,1.325000,1.715000,1.316000,0.007000,0.003000,0.000000,-0.022926,0.773849,0.147870,-0.615440,0.371730,-0.252862,0.607565,0.143324,-0.618632,-0.022648,0.772166,-0.373308,-0.253855,0.608192,-0.022926,0.773849,0.147870,-0.615440,0.371730,-0.252862,0.607565,0.143324,-0.618632,-0.022648,0.772166,-0.373308,-0.253855,0.608192,0.451025,0.000000,0.000000,0.000000,1,True
4.681249016997754,0.004000,1.326000,-1.714000,1.318000,0.000000,0.005000,-0.006000,-0.001000,1.325000,1.715000,1.316000,0.007000,0.003000,0.000000,-0.022926,0.773849,0.147870,-0.615440,0.371730,-0.252862,0.607565,0.143324,-0.618632,-0.022648,0.772166,-0.373308,-0.253855,0.608192,-0.022926,0.773849,0.147870,-0.615440,0.371730,-0.252862,0.607565,0.143324,-0.618632,-0.022648,0.772166,-0.373308,-0.253855,0.608192,0.451025,0.000000,0.000000,0.000000,1,True
4.714625271008117,0.004000,1.326000,-1.714000,1.318000,0.000000,0.005000,-0.006000,-0.001000,1.325000,1.715000,1.316000,0.007000,0.003000,0.000000,-0.022926,0.773849,0.147870,-0.615440,0.371730,-0.252862,0.607565,0.143324,-0.618632,-0.022648,0.772166,-0.373308,-0.253855,0.608192,-0.022926,0.773849,0.147870,-0.615440,0.371730,-0.252862,0.607565,0.143324,-0.618632,-0.022648,0.772166,-0.373308,-0.253855,0.608192,0.451025,0.000000,0.000000,0.000000,1,True
4.748221522997483,0.004000,1.326000,-1.714000,1.318000,0.000000,0.005000,-0.006000,-0.001000,1.325000,1.715000,1.316000,0.007000,0.003000,0.000000,-0.022926,0.773849,0.147870,-0.615440,0.371730,-0.252862,0.607565,0.143324,-0.618632,-0.022648,0.772166,-0.373308,-0.253855,0.608192,-0.022926,0.773849,0.147870,-0.615440,0.371730,-0.252862,0.607565,0.143324,-0.618632,-0.022648,0.772166,-0.373308,-0.253855,0.608192,0.451025,0.000000,0.000000,0.000000,1,True
4.781310057005612,0.004000,1.326000,-1.714000,1.318000,0.000000,0.005000,-0.006000,-0.001000,1.325000,1.715000,1.316000,0.007000,0.003000,0.000000,-0.022926,0.773849,0.147870,-0.615440,0.371730,-0.252862,0.607565,0.143324,-0.618632,-0.022648,0.772166,-0.373308,-0.253855,0.608192,-0.022926,0.773849,0.147870,-0.615440,0.371730,-0.252862,0.607565,0.143324,-0.618632,-0.022648,0.772166,-0.373308,-0.253855,0.608192,0.451025,0.000000,0.000000,0.000000,1,True
4.814949382998748,0.004000,1.326000,-1.714000,1.318000,0.000000,0.005000,-0.006000,-0.001000,1.325000,1.715000,1.316000,0.007000,0.003000,0.000000,-0.022926,0.773849,0.147870,-0.615440,0.371730,-0.252862,0.607565,0.143324,-0.618632,-0.022648,0.772166,-0.373308,-0.253855,0.608192,-0.022926,0.773849,0.147870,-0.615440,0.371730,-0.252862,0.607565,0.143324,-0.618632,-0.022648,0.772166,-0.373308,-0.253855,0.608192,0.451025,0.000000,0.000000,0.000000,1,True
4.848119638001663,0.004000,1.326000,-1.714000,1.318000,0.000000,0.005000,-0.006000,-0.001000,1.325000,1.715000,1.316000,0.007000,0.003000,0.000000,-0.022926,0.773849,0.147870,-0.615440,0.371730,-0.252862,0.607565,0.143324,-0.618632,-0.022648,0.772166,-0.373308,-0.253855,0.608192,-0.022926,0.773849,0.147870,-0.615440,0.371730,-0.252862,0.607565,0.143324,-0.618632,-0.022648,0.772166,-0.373308,-0.253855,0.608192,0.451025,0.000000,0.000000,0.000000,1,True
4.88093356200261,0.004000,1.326000,-1.714000,1.318000,0.000000,0.005000,-0.006000,-0.001000,1.325000,1.715000,1.316000,0.007000,0.003000,0.000000,-0.022926,0.773849,0.147870,-0.615440,0.371730,-0.252862,0.607565,0.143324,-0.618632,-0.022648,0.772166,-0.373308,-0.253855,0.608192,-0.022926,0.773849,0.147870,-0.615440,0.371730,-0.252862,0.607565,0.143324,-0.618632,-0.022648,0.772166,-0.373308,-0.253855,0.608192,0.451025,0.000000,0.000000,0.000000,1,True
4.9143187970039435,0.004000,1.326000,-1.714000,1.318000,0.000000,0.005000,-0.006000,-0.001000,1.325000,1.715000,1.316000,0.007000,0.003000,0.000000,-0.022926,0.773849,0.147870,-0.615440,0.371730,-0.252862,0.607565,0.143324,-0.618632,-0.022648,0.772166,-0.373308,-0.253855,0.608192,-0.022926,0.773849,0.147870,-0.615440,0.371730,-0.252862,0.607565,0.143324,-0.618632,-0.022648,0.772166,-0.373308,-0.253855,0.608192,0.451025,0.000000,0.000000,0.000000,1,True
4.9489383210020605,0.004000,1.326000,-1.714000,1.318000,0.000000,0.005000,-0.006000,-0.001000,1.325000,1.715000,1.316000,0.007000,0.003000,0.000000,-0.022926,0.773849,0.147870,-0.615440,0.371730,-0.252862,0.607565,0.143324,-0.618632,-0.022648,0.772166,-0.373308,-0.253855,0.608192,-0.022926,0.773849,0.147870,-0.615440,0.371730,-0.252862,0.607565,0.143324,-0.618632,-0.022648,0.772166,-0.373308,-0.253855,0.608192,0.451025,0.000000,0.000000,0.000000,1,True
4.981276377002359,0.004000,1.326000,-1.714000,1.318000,0.000000,0.005000,-0.006000,-0.001000,1.325000,1.715000,1.316000,0.007000,0.003000,0.000000,-0.022926,0.773849,0.147870,-0.615440,0.371730,-0.252862,0.607565,0.143324,-0.618632,-0.022648,0.772166,-0.373308,-0.253855,0.608192,-0.022926,0.773849,0.147870,-0.615440,0.371730,-0.252862,0.607565,0.143324,-0.618632,-0.022648,0.772166,-0.373308,-0.253855,0.608192,0.451025,0.000000,0.000000,0.000000,1,True
5.0144368360051885,0.004000,1.326000,-1.714000,1.318000,0.000000,0.005000,-0.006000,-0.001000,1.325000,1.715000,1.316000,0.007000,0.003000,0.000000,-0.022926,0.773849,0.147870,-0.615440,0.371730,-0.252862,0.607565,0.143324,-0.618632,-0.022648,0.772166,-0.373308,-0.253855,0.608192,-0.022926,0.773849,0.147870,-0.615440,0.371730,-0.252862,0.607565,0.143324,-0.618632,-0.022648,0.772166,-0.373308,-0.253855,0.608192,0.451025,0.000000,0.000000,0.000000,1,True
5.048147718000109,0.004000,1.326000,-1.714000,1.318000,0.000000,0.005000,-0.006000,-0.001000,1.325000,1.715000,1.316000,0.007000,0.003000,0.000000,-0.022926,0.773849,0.147870,-0.615440,0.371730,-0.252862,0.607565,0.143324,-0.618632,-0.022648,0.772166,-0.373308,-0.253855,0.608192,-0.022926,0.773849,0.147870,-0.615440,0.371730,-0.252862,0.607565,0.143324,-0.618632,-0.022648,0.772166,-0.373308,-0.253855,0.608192,0.451025,0.000000,0.000000,0.000000,1,True
5.0827344819990685,0.004000,1.326000,-1.714000,1.318000,0.000000,0.005000,-0.006000,-0.001000,1.325000,1.715000,1.316000,0.007000,0.003000,0.000000,-0.022926,0.773849,0.147870,-0.615440,0.371730,-0.252862,0.607565,0.143324,-0.618632,-0.022648,0.772166,-0.373308,-0.253855,0.608192,-0.022926,0.773849,0.147870,-0.615440,0.371730,-0.252862,0.607565,0.143324,-0.618632,-0.022648,0.772166,-0.373308,-0.253855,0.608192,0.451025,0.000000,0.000000,0.000000,1,True
5.115254778997041,0.004000,1.326000,-1.714000,1.318000,0.000000,0.005000,-0.006000,-0.001000,1.325000,1.715000,1.316000,0.007000,0.003000,0.000000,-0.022926,0.773849,0.147870,-0.615440,0.371730,-0.252862,0.607565,0.143324,-0.618632,-0.022648,0.772166,-0.373308,-0.253855,0.608192,-0.022926,0.773849,0.147870,-0.615440,0.371730,-0.252862,0.607565,0.143324,-0.618632,-0.022648,0.772166,-0.373308,-0.253855,0.608192,0.451025,0.000000,0.000000,0.000000,1,True
5.14855653300765,0.004000,1.326000,-1.714000,1.318000,0.000000,0.005000,-0.006000,-0.001000,1.325000,1.715000,1.316000,0.007000,0.003000,0.000000,-0.022926,0.773849,0.147870,-0.615440,0.371730,-0.252862,0.607565,0.143324,-0.618632,-0.022648,0.772166,-0.373308,-0.253855,0.608192,-0.022926,0.773849,0.147870,-0.615440,0.371730,-0.252862,0.607565,0.143324,-0.618632,-0.022648,0.772166,-0.373308,-0.253855,0.608192,0.451025,0.000000,0.000000,0.000000,1,True
5.181441901004291,0.004000,1.326000,-1.714000,1.318000,0.000000,0.005000,-0.006000,-0.001000,1.325000,1.715000,1.316000,0.007000,0.003000,0.000000,-0.022926,0.773849,0.147870,-0.615440,0.371730,-0.252862,0.607565,0.143324,-0.618632,-0.022648,0.772166,-0.373308,-0.253855,0.608192,-0.022926,0.773849,0.147870,-0.615440,0.371730,-0.252862,0.607565,0.143324,-0.618632,-0.022648,0.772166,-0.373308,-0.253855,0.608192,0.451025,0.000000,0.000000,0.000000,1,True
5.215051375998883,0.004000,1.326000,-1.714000,1.318000,0.000000,0.005000,-0.006000,-0.001000,1.325000,1.715000,1.316000,0.007000,0.003000,0.000000,-0.022926,0.773849,0.147870,-0.615440,0.371730,-0.252862,0.607565,0.143324,-0.618632,-0.022648,0.772166,-0.373308,-0.253855,0.608192,-0.022926,0.773849,0.147870,-0.615440,0.371730,-0.252862,0.607565,0.143324,-0.618632,-0.022648,0.772166,-0.373308,-0.253855,0.608192,0.451025,0.000000,0.000000,0.000000,1,True
5.248452037005336,0.004000,1.326000,-1.714000,1.318000,0.000000,0.005000,-0.006000,-0.001000,1.325000,1.715000,1.316000,0.007000,0.003000,0.000000,-0.022926,0.773849,0.147870,-0.615440,0.371730,-0.252862,0.607565,0.143324,-0.618632,-0.022648,0.772166,-0.373308,-0.253855,0.608192,-0.022926,0.773849,0.147870,-0.615440,0.371730,-0.252862,0.607565,0.143324,-0.618632,-0.022648,0.772166,-0.373308,-0.253855,0.608192,0.451025,0.000000,0.000000,0.000000,1,True
5.281708940005046,0.004000,1.326000,-1.714000,1.318000,0.000000,0.005000,-0.006000,-0.001000,1.325000,1.715000,1.316000,0.007000,0.003000,0.000000,-0.022926,0.773849,0.147870,-0.615440,0.371730,-0.252862,0.607565,0.143324,-0.618632,-0.022648,0.772166,-0.373308,-0.253855,0.608192,-0.022926,0.773849,0.147870,-0.615440,0.371730,-0.252862,0.607565,0.143324,-0.618632,-0.022648,0.772166,-0.373308,-0.253855,0.608192,0.451025,0.000000,0.000000,0.000000,1,True
5.315191396002774,0.004000,1.326000,-1.714000,1.318000,0.000000,0.005000,-0.006000,-0.001000,1.325000,1.715000,1.316000,0.007000,0.003000,0.000000,-0.022926,0.773849,0.147870,-0.615440,0.371730,-0.252862,0.607565,0.143324,-0.618632,-0.022648,0.772166,-0.373308,-0.253855,0.608192,-0.022926,0.773849,0.147870,-0.615440,0.371730,-0.252862,0.607565,0.143324,-0.618632,-0.022648,0.772166,-0.373308,-0.253855,0.608192,0.451025,0.000000,0.000000,0.000000,1,True
5.3488711480022175,0.004000,1.326000,-1.714000,1.318000,0.000000,0.005000,-0.006000,-0.001000,1.325000,1.715000,1.316000,0.007000,0.003000,0.000000,-0.022926,0.773849,0.147870,-0.615440,0.371730,-0.252862,0.607565,0.143324,-0.618632,-0.022648,0.772166,-0.373308,-0.253855,0.608192,-0.022926,0.773849,0.147870,-0.615440,0.371730,-0.252862,0.607565,0.143324,-0.618632,-0.022648,0.772166,-0.373308,-0.253855,0.608192,0.451025,0.000000,0.000000,0.000000,1,True
5.381872423007735,0.004000,1.326000,-1.714000,1.318000,0.000000,0.005000,-0.006000,-0.001000,1.325000,1.715000,1.316000,0.007000,0.003000,0.000000,-0.022926,0.773849,0.147870,-0.615440,0.371730,-0.252862,0.607565,0.143324,-0.618632,-0.022648,0.772166,-0.373308,-0.253855,0.608192,-0.022926,0.773849,0.147870,-0.615440,0.371730,-0.252862,0.607565,0.143324,-0.618632,-0.022648,0.772166,-0.373308,-0.253855,0.608192,0.451025,0.000000,0.000000,0.000000,1,True
5.4151208819967,0.004000,1.326000,-1.714000,1.318000,0.000000,0.005000,-0.006000,-0.001000,1.325000,1.715000,1.316000,0.007000,0.003000,0.000000,-0.022926,0.773849,0.147870,-0.615440,0.371730,-0.252862,0.607565,0.143324,-0.618632,-0.022648,0.772166,-0.373308,-0.253855,0.608192,-0.022926,0.773849,0.147870,-0.615440,0.371730,-0.252862,0.607565,0.143324,-0.618632,-0.022648,0.772166,-0.373308,-0.253855,0.608192,0.451025,0.000000,0.000000,0.000000,1,True
5.4483598960068775,0.004000,1.326000,-1.714000,1.318000,0.000000,0.005000,-0.006000,-0.001000,1.325000,1.715000,1.316000,0.007000,0.003000,0.000000,-0.022926,0.773849,0.147870,-0.615440,0.371730,-0.252862,0.607565,0.143324,-0.618632,-0.022648,0.772166,-0.373308,-0.253855,0.608192,-0.022926,0.773849,0.147870,-0.615440,0.371730,-0.252862,0.607565,0.143324,-0.618632,-0.022648,0.772166,-0.373308,-0.253855,0.608192,0.451025,0.000000,0.000000,0.000000,1,True
5.481997313996544,0.004000,1.326000,-1.714000,1.318000,0.000000,0.005000,-0.006000,-0.001000,1.325000,1.715000,1.316000,0.007000,0.003000,0.000000,-0.022926,0.773849,0.147870,-0.615440,0.371730,-0.252862,0.607565,0.143324,-0.618632,-0.022648,0.772166,-0.373308,-0.253855,0.608192,-0.022926,0.773849,0.147870,-0.615440,0.371730,-0.252862,0.607565,0.143324,-0.618632,-0.022648,0.772166,-0.373308,-0.253855,0.608192,0.451025,0.000000,0.000000,0.000000,1,True
5.515511605000938,0.004000,1.326000,-1.714000,1.318000,0.000000,0.005000,-0.006000,-0.001000,1.325000,1.715000,1.316000,0.007000,0.003000,0.000000,-0.022926,0.773849,0.147870,-0.615440,0.371730,-0.252862,0.607565,0.143324,-0.618632,-0.022648,0.772166,-0.373308,-0.253855,0.608192,-0.022926,0.773849,0.147870,-0.615440,0.371730,-0.252862,0.607565,0.143324,-0.618632,-0.022648,0.772166,-0.373308,-0.253855,0.608192,0.451025,0.000000,0.000000,0.000000,1,True
5.5487917290010955,0.004000,1.326000,-1.714000,1.318000,0.000000,0.005000,-0.006000,-0.001000,1.325000,1.715000,1.316000,0.007000,0.003000,0.000000,-0.022926,0.773849,0.147870,-0.615440,0.371730,-0.252862,0.607565,0.143324,-0.618632,-0.022648,0.772166,-0.373308,-0.253855,0.608192,-0.022926,0.773849,0.147870,-0.615440,0.371730,-0.252862,0.607565,0.143324,-0.618632,-0.022648,0.772166,-0.373308,-0.253855,0.608192,0.451025,0.000000,0.000000,0.000000,1,True
5.58222738999757,0.004000,1.326000,-1.714000,1.318000,0.000000,0.005000,-0.006000,-0.001000,1.325000,1.715000,1.316000,0.007000,0.003000,0.000000,-0.022926,0.773849,0.147870,-0.615440,0.371730,-0.252862,0.607565,0.143324,-0.618632,-0.022648,0.772166,-0.373308,-0.253855,0.608192,-0.022926,0.773849,0.147870,-0.615440,0.371730,-0.252862,0.607565,0.143324,-0.618632,-0.022648,0.772166,-0.373308,-0.253855,0.608192,0.451025,0.000000,0.000000,0.000000,1,True
5.6156133850017795,0.004000,1.326000,-1.714000,1.318000,0.000000,0.005000,-0.006000,-0.001000,1.325000,1.715000,1.316000,0.007000,0.003000,0.000000,-0.022926,0.773849,0.147870,-0.615440,0.371730,-0.252862,0.607565,0.143324,-0.618632,-0.022648,0.772166,-0.373308,-0.253855,0.608192,-0.022926,0.773849,0.147870,-0.615440,0.371730,-0.252862,0.607565,0.143324,-0.618632,-0.022648,0.772166,-0.373308,-0.253855,0.608192,0.451025,0.000000,0.000000,0.000000,1,True
5.648857306005084,0.004000,1.326000,-1.714000,1.318000,0.000000,0.005000,-0.006000,-0.001000,1.325000,1.715000,1.316000,0.007000,0.003000,0.000000,-0.022926,0.773849,0.147870,-0.615440,0.371730,-0.252862,0.607565,0.143324,-0.618632,-0.022648,0.772166,-0.373308,-0.253855,0.608192,-0.022926,0.773849,0.147870,-0.615440,0.371730,-0.252862,0.607565,0.143324,-0.618632,-0.022648,0.772166,-0.373308,-0.253855,0.608192,0.451025,0.000000,0.000000,0.000000,1,True
5.6821232460060855,0.004000,1.326000,-1.714000,1.318000,0.000000,0.005000,-0.006000,-0.001000,1.325000,1.715000,1.316000,0.007000,0.003000,0.000000,-0.022926,0.773849,0.147870,-0.615440,0.371730,-0.252862,0.607565,0.143324,-0.618632,-0.022648,0.772166,-0.373308,-0.253855,0.608192,-0.022926,0.773849,0.147870,-0.615440,0.371730,-0.252862,0.607565,0.143324,-0.618632,-0.022648,0.772166,-0.373308,-0.253855,0.608192,0.451025,0.000000,0.000000,0.000000,1,True
5.715886257006787,0.004000,1.326000,-1.714000,1.318000,0.000000,0.005000,-0.006000,-0.001000,1.325000,1.715000,1.316000,0.007000,0.003000,0.000000,-0.022926,0.773849,0.147870,-0.615440,0.371730,-0.252862,0.607565,0.143324,-0.618632,-0.022648,0.772166,-0.373308,-0.253855,0.608192,-0.022926,0.773849,0.147870,-0.615440,0.371730,-0.252862,0.607565,0.143324,-0.618632,-0.022648,0.772166,-0.373308,-0.253855,0.608192,0.451025,0.000000,0.000000,0.000000,1,True
5.749786821994348,0.004000,1.326000,-1.714000,1.318000,0.000000,0.005000,-0.006000,-0.001000,1.325000,1.715000,1.316000,0.007000,0.003000,0.000000,-0.022926,0.773849,0.147870,-0.615440,0.371730,-0.252862,0.607565,0.143324,-0.618632,-0.022648,0.772166,-0.373308,-0.253855,0.608192,-0.022926,0.773849,0.147870,-0.615440,0.371730,-0.252862,0.607565,0.143324,-0.618632,-0.022648,0.772166,-0.373308,-0.253855,0.608192,0.451025,0.000000,0.000000,0.000000,1,True
5.783066614007112,0.004000,1.326000,-1.714000,1.318000,0.000000,0.005000,-0.006000,-0.001000,1.325000,1.715000,1.316000,0.007000,0.003000,0.000000,-0.022926,0.773849,0.147870,-0.615440,0.371730,-0.252862,0.607565,0.143324,-0.618632,-0.022648,0.772166,-0.373308,-0.253855,0.608192,-0.022926,0.773849,0.147870,-0.615440,0.371730,-0.252862,0.607565,0.143324,-0.618632,-0.022648,0.772166,-0.373308,-0.253855,0.608192,0.451025,0.000000,0.000000,0.000000,1,True
5.816824513007305,0.004000,1.326000,-1.714000,1.318000,0.000000,0.005000,-0.006000,-0.001000,1.325000,1.715000,1.316000,0.007000,0.003000,0.000000,-0.022926,0.773849,0.147870,-0.615440,0.371730,-0.252862,0.607565,0.143324,-0.618632,-0.022648,0.772166,-0.373308,-0.253855,0.608192,-0.022926,0.773849,0.147870,-0.615440,0.371730,-0.252862,0.607565,0.143324,-0.618632,-0.022648,0.772166,-0.373308,-0.253855,0.608192,0.451025,0.000000,0.000000,0.000000,1,True
5.849537771005998,0.004000,1.326000,-1.714000,1.318000,0.000000,0.005000,-0.006000,-0.001000,1.325000,1.715000,1.316000,0.007000,0.003000,0.000000,-0.022926,0.773849,0.147870,-0.615440,0.371730,-0.252862,0.607565,0.143324,-0.618632,-0.022648,0.772166,-0.373308,-0.253855,0.608192,-0.022926,0.773849,0.147870,-0.615440,0.371730,-0.252862,0.607565,0.143324,-0.618632,-0.022648,0.772166,-0.373308,-0.253855,0.608192,0.451025,0.000000,0.000000,0.000000,1,True
5.883156541996868,0.004000,1.326000,-1.714000,1.318000,0.000000,0.005000,-0.006000,-0.001000,1.325000,1.715000,1.316000,0.007000,0.003000,0.000000,-0.022926,0.773849,0.147870,-0.615440,0.371730,-0.252862,0.607565,0.143324,-0.618632,-0.022648,0.772166,-0.373308,-0.253855,0.608192,-0.022926,0.773849,0.147870,-0.615440,0.371730,-0.252862,0.607565,0.143324,-0.618632,-0.022648,0.772166,-0.373308,-0.253855,0.608192,0.451025,0.000000,0.000000,0.000000,1,True
5.916582072997699,0.004000,1.326000,-1.714000,1.318000,0.000000,0.005000,-0.006000,-0.001000,1.325000,1.715000,1.316000,0.007000,0.003000,0.000000,-0.022926,0.773849,0.147870,-0.615440,0.371730,-0.252862,0.607565,0.143324,-0.618632,-0.022648,0.772166,-0.373308,-0.253855,0.608192,-0.022926,0.773849,0.147870,-0.615440,0.371730,-0.252862,0.607565,0.143324,-0.618632,-0.022648,0.772166,-0.373308,-0.253855,0.608192,0.451025,0.000000,0.000000,0.000000,1,True
5.9498901610058965,0.004000,1.326000,-1.714000,1.318000,0.000000,0.005000,-0.006000,-0.001000,1.325000,1.715000,1.316000,0.007000,0.003000,0.000000,-0.022926,0.773849,0.147870,-0.615440,0.371730,-0.252862,0.607565,0.143324,-0.618632,-0.022648,0.772166,-0.373308,-0.253855,0.608192,-0.022926,0.773849,0.147870,-0.615440,0.371730,-0.252862,0.607565,0.143324,-0.618632,-0.022648,0.772166,-0.373308,-0.253855,0.608192,0.451025,0.000000,0.000000,0.000000,1,True
5.983751245003077,0.004000,1.326000,-1.714000,1.318000,0.000000,0.005000,-0.006000,-0.001000,1.325000,1.715000,1.316000,0.007000,0.003000,0.000000,-0.022926,0.773849,0.147870,-0.615440,0.371730,-0.252862,0.607565,0.143324,-0.618632,-0.022648,0.772166,-0.373308,-0.253855,0.608192,-0.022926,0.773849,0.147870,-0.615440,0.371730,-0.252862,0.607565,0.143324,-0.618632,-0.022648,0.772166,-0.373308,-0.253855,0.608192,0.451025,0.000000,0.000000,0.000000,1,True
6.016801538004074,0.004000,1.326000,-1.714000,1.318000,0.000000,0.005000,-0.006000,-0.001000,1.325000,1.715000,1.316000,0.007000,0.003000,0.000000,-0.022926,0.773849,0.147870,-0.615440,0.371730,-0.252862,0.607565,0.143324,-0.618632,-0.022648,0.772166,-0.373308,-0.253855,0.608192,-0.022926,0.773849,0.147870,-0.615440,0.371730,-0.252862,0.607565,0.143324,-0.618632,-0.022648,0.772166,-0.373308,-0.253855,0.608192,0.451025,0.000000,0.000000,0.000000,1,True
6.050536901006126,0.004000,1.326000,-1.714000,1.318000,0.000000,0.005000,-0.006000,-0.001000,1.325000,1.715000,1.316000,0.007000,0.003000,0.000000,-0.022926,0.773849,0.147870,-0.615440,0.371730,-0.252862,0.607565,0.143324,-0.618632,-0.022648,0.772166,-0.373308,-0.253855,0.608192,-0.022926,0.773849,0.147870,-0.615440,0.371730,-0.252862,0.607565,0.143324,-0.618632,-0.022648,0.772166,-0.373308,-0.253855,0.608192,0.451025,0.000000,0.000000,0.000000,1,True
6.083957894996274,0.004000,1.326000,-1.714000,1.318000,0.000000,0.005000,-0.006000,-0.001000,1.325000,1.715000,1.316000,0.007000,0.003000,0.000000,-0.022926,0.773849,0.147870,-0.615440,0.371730,-0.252862,0.607565,0.143324,-0.618632,-0.022648,0.772166,-0.373308,-0.253855,0.608192,-0.022926,0.773849,0.147870,-0.615440,0.371730,-0.252862,0.607565,0.143324,-0.618632,-0.022648,0.772166,-0.373308,-0.253855,0.608192,0.451025,0.000000,0.000000,0.000000,1,True
6.11729402000492,0.004000,1.326000,-1.714000,1.318000,0.000000,0.005000,-0.006000,-0.001000,1.325000,1.715000,1.316000,0.007000,0.003000,0.000000,-0.022926,0.773849,0.147870,-0.615440,0.371730,-0.252862,0.607565,0.143324,-0.618632,-0.022648,0.772166,-0.373308,-0.253855,0.608192,-0.022926,0.773849,0.147870,-0.615440,0.371730,-0.252862,0.607565,0.143324,-0.618632,-0.022648,0.772166,-0.373308,-0.253855,0.608192,0.451025,0.000000,0.000000,0.000000,1,True
6.150748069994734,0.004000,1.326000,-1.714000,1.318000,0.000000,0.005000,-0.006000,-0.001000,1.325000,1.715000,1.316000,0.007000,0.003000,0.000000,-0.022926,0.773849,0.147870,-0.615440,0.371730,-0.252862,0.607565,0.143324,-0.618632,-0.022648,0.772166,-0.373308,-0.253855,0.608192,-0.022926,0.773849,0.147870,-0.615440,0.371730,-0.252862,0.607565,0.143324,-0.618632,-0.022648,0.772166,-0.373308,-0.253855,0.608192,0.451025,0.000000,0.000000,0.000000,1,True
6.1839301949949,0.004000,1.326000,-1.714000,1.318000,0.000000,0.005000,-0.006000,-0.001000,1.325000,1.715000,1.316000,0.007000,0.003000,0.000000,-0.022926,0.773849,0.147870,-0.615440,0.371730,-0.252862,0.607565,0.143324,-0.618632,-0.022648,0.772166,-0.373308,-0.253855,0.608192,-0.022926,0.773849,0.147870,-0.615440,0.371730,-0.252862,0.607565,0.143324,-0.618632,-0.022648,0.772166,-0.373308,-0.253855,0.608192,0.451025,0.000000,0.000000,0.000000,1,True
6.217199117003474,0.004000,1.326000,-1.714000,1.318000,0.000000,0.005000,-0.006000,-0.001000,1.325000,1.715000,1.316000,0.007000,0.003000,0.000000,-0.022926,0.773849,0.147870,-0.615440,0.371730,-0.252862,0.607565,0.143324,-0.618632,-0.022648,0.772166,-0.373308,-0.253855,0.608192,-0.022926,0.773849,0.147870,-0.615440,0.371730,-0.252862,0.607565,0.143324,-0.618632,-0.022648,0.772166,-0.373308,-0.253855,0.608192,0.451025,0.000000,0.000000,0.000000,1,True
6.251254440998309,0.004000,1.326000,-1.714000,1.318000,0.000000,0.005000,-0.006000,-0.001000,1.325000,1.715000,1.316000,0.007000,0.003000,0.000000,-0.022926,0.773849,0.147870,-0.615440,0.371730,-0.252862,0.607565,0.143324,-0.618632,-0.022648,0.772166,-0.373308,-0.253855,0.608192,-0.022926,0.773849,0.147870,-0.615440,0.371730,-0.252862,0.607565,0.143324,-0.618632,-0.022648,0.772166,-0.373308,-0.253855,0.608192,0.451025,0.000000,0.000000,0.000000,1,True
6.284150531006162,0.004000,1.326000,-1.714000,1.318000,0.000000,0.005000,-0.006000,-0.001000,1.325000,1.715000,1.316000,0.007000,0.003000,0.000000,-0.022926,0.773849,0.147870,-0.615440,0.371730,-0.252862,0.607565,0.143324,-0.618632,-0.022648,0.772166,-0.373308,-0.253855,0.608192,-0.022926,0.773849,0.147870,-0.615440,0.371730,-0.252862,0.607565,0.143324,-0.618632,-0.022648,0.772166,-0.373308,-0.253855,0.608192,0.451025,0.000000,0.000000,0.000000,1,True
6.317183120001573,0.004000,1.326000,-1.714000,1.318000,0.000000,0.005000,-0.006000,-0.001000,1.325000,1.715000,1.316000,0.007000,0.003000,0.000000,-0.022926,0.773849,0.147870,-0.615440,0.371730,-0.252862,0.607565,0.143324,-0.618632,-0.022648,0.772166,-0.373308,-0.253855,0.608192,-0.022926,0.773849,0.147870,-0.615440,0.371730,-0.252862,0.607565,0.143324,-0.618632,-0.022648,0.772166,-0.373308,-0.253855,0.608192,0.451025,0.000000,0.000000,0.000000,1,True
6.350244247005321,0.004000,1.326000,-1.714000,1.318000,0.000000,0.005000,-0.006000,-0.001000,1.325000,1.715000,1.316000,0.007000,0.003000,0.000000,-0.022926,0.773849,0.147870,-0.615440,0.371730,-0.252862,0.607565,0.143324,-0.618632,-0.022648,0.772166,-0.373308,-0.253855,0.608192,-0.022926,0.773849,0.147870,-0.615440,0.371730,-0.252862,0.607565,0.143324,-0.618632,-0.022648,0.772166,-0.373308,-0.253855,0.608192,0.451025,0.000000,0.000000,0.000000,1,True
6.383526631005225,0.004000,1.326000,-1.714000,1.318000,0.000000,0.005000,-0.006000,-0.001000,1.325000,1.715000,1.316000,0.007000,0.003000,0.000000,-0.022926,0.773849,0.147870,-0.615440,0.371730,-0.252862,0.607565,0.143324,-0.618632,-0.022648,0.772166,-0.373308,-0.253855,0.608192,-0.022926,0.773849,0.147870,-0.615440,0.371730,-0.252862,0.607565,0.143324,-0.618632,-0.022648,0.772166,-0.373308,-0.253855,0.608192,0.451025,0.000000,0.000000,0.000000,1,True
6.416971865997766,0.004000,1.326000,-1.714000,1.318000,0.000000,0.005000,-0.006000,-0.001000,1.325000,1.715000,1.316000,0.007000,0.003000,0.000000,-0.022926,0.773849,0.147870,-0.615440,0.371730,-0.252862,0.607565,0.143324,-0.618632,-0.022648,0.772166,-0.373308,-0.253855,0.608192,-0.022926,0.773849,0.147870,-0.615440,0.371730,-0.252862,0.607565,0.143324,-0.618632,-0.022648,0.772166,-0.373308,-0.253855,0.608192,0.451025,0.000000,0.000000,0.000000,1,True
6.450313545996323,0.004000,1.326000,-1.714000,1.318000,0.000000,0.005000,-0.006000,-0.001000,1.325000,1.715000,1.316000,0.007000,0.003000,0.000000,-0.022926,0.773849,0.147870,-0.615440,0.371730,-0.252862,0.607565,0.143324,-0.618632,-0.022648,0.772166,-0.373308,-0.253855,0.608192,-0.022926,0.773849,0.147870,-0.615440,0.371730,-0.252862,0.607565,0.143324,-0.618632,-0.022648,0.772166,-0.373308,-0.253855,0.608192,0.451025,0.000000,0.000000,0.000000,1,True
6.484072149003623,0.004000,1.326000,-1.714000,1.318000,0.000000,0.005000,-0.006000,-0.001000,1.325000,1.715000,1.316000,0.007000,0.003000,0.000000,-0.022926,0.773849,0.147870,-0.615440,0.371730,-0.252862,0.607565,0.143324,-0.618632,-0.022648,0.772166,-0.373308,-0.253855,0.608192,-0.022926,0.773849,0.147870,-0.615440,0.371730,-0.252862,0.607565,0.143324,-0.618632,-0.022648,0.772166,-0.373308,-0.253855,0.608192,0.451025,0.000000,0.000000,0.000000,1,True
6.51715625700308,0.004000,1.326000,-1.714000,1.318000,0.000000,0.005000,-0.006000,-0.001000,1.325000,1.715000,1.316000,0.007000,0.003000,0.000000,-0.022926,0.773849,0.147870,-0.615440,0.371730,-0.252862,0.607565,0.143324,-0.618632,-0.022648,0.772166,-0.373308,-0.253855,0.608192,-0.022926,0.773849,0.147870,-0.615440,0.371730,-0.252862,0.607565,0.143324,-0.618632,-0.022648,0.772166,-0.373308,-0.253855,0.608192,0.451025,0.000000,0.000000,0.000000,1,True
6.550589085003594,0.004000,1.326000,-1.714000,1.318000,0.000000,0.005000,-0.006000,-0.001000,1.325000,1.715000,1.316000,0.007000,0.003000,0.000000,-0.022926,0.773849,0.147870,-0.615440,0.371730,-0.252862,0.607565,0.143324,-0.618632,-0.022648,0.772166,-0.373308,-0.253855,0.608192,-0.022926,0.773849,0.147870,-0.615440,0.371730,-0.252862,0.607565,0.143324,-0.618632,-0.022648,0.772166,-0.373308,-0.253855,0.608192,0.451025,0.000000,0.000000,0.000000,1,True
6.584175115000107,0.004000,1.326000,-1.714000,1.318000,0.000000,0.005000,-0.006000,-0.001000,1.325000,1.715000,1.316000,0.007000,0.003000,0.000000,-0.022926,0.773849,0.147870,-0.615440,0.371730,-0.252862,0.607565,0.143324,-0.618632,-0.022648,0.772166,-0.373308,-0.253855,0.608192,-0.022926,0.773849,0.147870,-0.615440,0.371730,-0.252862,0.607565,0.143324,-0.618632,-0.022648,0.772166,-0.373308,-0.253855,0.608192,0.451025,0.000000,0.000000,0.000000,1,True
6.617329629996675,0.004000,1.326000,-1.714000,1.318000,0.000000,0.005000,-0.006000,-0.001000,1.325000,1.715000,1.316000,0.007000,0.003000,0.000000,-0.022926,0.773849,0.147870,-0.615440,0.371730,-0.252862,0.607565,0.143324,-0.618632,-0.022648,0.772166,-0.373308,-0.253855,0.608192,-0.022926,0.773849,0.147870,-0.615440,0.371730,-0.252862,0.607565,0.143324,-0.618632,-0.022648,0.772166,-0.373308,-0.253855,0.608192,0.451025,0.000000,0.000000,0.000000,1,True
6.6507727169955615,0.004000,1.326000,-1.714000,1.318000,0.000000,0.005000,-0.006000,-0.001000,1.325000,1.715000,1.316000,0.007000,0.003000,0.000000,-0.022926,0.773849,0.147870,-0.615440,0.371730,-0.252862,0.607565,0.143324,-0.618632,-0.022648,0.772166,-0.373308,-0.253855,0.608192,-0.022926,0.773849,0.147870,-0.615440,0.371730,-0.252862,0.607565,0.143324,-0.618632,-0.022648,0.772166,-0.373308,-0.253855,0.608192,0.451025,0.000000,0.000000,0.000000,1,True
6.684044434005045,0.004000,1.326000,-1.714000,1.318000,0.000000,0.005000,-0.006000,-0.001000,1.325000,1.715000,1.316000,0.007000,0.003000,0.000000,-0.022926,0.773849,0.147870,-0.615440,0.371730,-0.252862,0.607565,0.143324,-0.618632,-0.022648,0.772166,-0.373308,-0.253855,0.608192,-0.022926,0.773849,0.147870,-0.615440,0.371730,-0.252862,0.607565,0.143324,-0.618632,-0.022648,0.772166,-0.373308,-0.253855,0.608192,0.451025,0.000000,0.000000,0.000000,1,True
6.717910352002946,0.004000,1.326000,-1.714000,1.318000,0.000000,0.005000,-0.006000,-0.001000,1.325000,1.715000,1.316000,0.007000,0.003000,0.000000,-0.022926,0.773849,0.147870,-0.615440,0.371730,-0.252862,0.607565,0.143324,-0.618632,-0.022648,0.772166,-0.373308,-0.253855,0.608192,-0.022926,0.773849,0.147870,-0.615440,0.371730,-0.252862,0.607565,0.143324,-0.618632,-0.022648,0.772166,-0.373308,-0.253855,0.608192,0.451025,0.000000,0.000000,0.000000,1,True
6.750998756004265,0.004000,1.326000,-1.714000,1.318000,0.000000,0.005000,-0.006000,-0.001000,1.325000,1.715000,1.316000,0.007000,0.003000,0.000000,-0.022926,0.773849,0.147870,-0.615440,0.371730,-0.252862,0.607565,0.143324,-0.618632,-0.022648,0.772166,-0.373308,-0.253855,0.608192,-0.022926,0.773849,0.147870,-0.615440,0.371730,-0.252862,0.607565,0.143324,-0.618632,-0.022648,0.772166,-0.373308,-0.253855,0.608192,0.451025,0.000000,0.000000,0.000000,1,True
6.784484101997805,0.004000,1.326000,-1.714000,1.318000,0.000000,0.005000,-0.006000,-0.001000,1.325000,1.715000,1.316000,0.007000,0.003000,0.000000,-0.022926,0.773849,0.147870,-0.615440,0.371730,-0.252862,0.607565,0.143324,-0.618632,-0.022648,0.772166,-0.373308,-0.253855,0.608192,-0.022926,0.773849,0.147870,-0.615440,0.371730,-0.252862,0.607565,0.143324,-0.618632,-0.022648,0.772166,-0.373308,-0.253855,0.608192,0.451025,0.000000,0.000000,0.000000,1,True
6.817818929994246,0.004000,1.326000,-1.714000,1.318000,0.000000,0.005000,-0.006000,-0.001000,1.325000,1.715000,1.316000,0.007000,0.003000,0.000000,-0.022926,0.773849,0.147870,-0.615440,0.371730,-0.252862,0.607565,0.143324,-0.618632,-0.022648,0.772166,-0.373308,-0.253855,0.608192,-0.022926,0.773849,0.147870,-0.615440,0.371730,-0.252862,0.607565,0.143324,-0.618632,-0.022648,0.772166,-0.373308,-0.253855,0.608192,0.451025,0.000000,0.000000,0.000000,1,True
6.8510524070006795,0.004000,1.326000,-1.714000,1.318000,0.000000,0.005000,-0.006000,-0.001000,1.325000,1.715000,1.316000,0.007000,0.003000,0.000000,-0.022926,0.773849,0.147870,-0.615440,0.371730,-0.252862,0.607565,0.143324,-0.618632,-0.022648,0.772166,-0.373308,-0.253855,0.608192,-0.022926,0.773849,0.147870,-0.615440,0.371730,-0.252862,0.607565,0.143324,-0.618632,-0.022648,0.772166,-0.373308,-0.253855,0.608192,0.451025,0.000000,0.000000,0.000000,1,True
6.884451549994992,0.004000,1.326000,-1.714000,1.318000,0.000000,0.005000,-0.006000,-0.001000,1.325000,1.715000,1.316000,0.007000,0.003000,0.000000,-0.022926,0.773849,0.147870,-0.615440,0.371730,-0.252862,0.607565,0.143324,-0.618632,-0.022648,0.772166,-0.373308,-0.253855,0.608192,-0.022926,0.773849,0.147870,-0.615440,0.371730,-0.252862,0.607565,0.143324,-0.618632,-0.022648,0.772166,-0.373308,-0.253855,0.608192,0.451025,0.000000,0.000000,0.000000,1,True
6.917806747995201,0.004000,1.326000,-1.714000,1.318000,0.000000,0.005000,-0.006000,-0.001000,1.325000,1.715000,1.316000,0.007000,0.003000,0.000000,-0.022926,0.773849,0.147870,-0.615440,0.371730,-0.252862,0.607565,0.143324,-0.618632,-0.022648,0.772166,-0.373308,-0.253855,0.608192,-0.022926,0.773849,0.147870,-0.615440,0.371730,-0.252862,0.607565,0.143324,-0.618632,-0.022648,0.772166,-0.373308,-0.253855,0.608192,0.451025,0.000000,0.000000,0.000000,1,True
6.95129385299515,0.004000,1.326000,-1.714000,1.318000,0.000000,0.005000,-0.006000,-0.001000,1.325000,1.715000,1.316000,0.007000,0.003000,0.000000,-0.022926,0.773849,0.147870,-0.615440,0.371730,-0.252862,0.607565,0.143324,-0.618632,-0.022648,0.772166,-0.373308,-0.253855,0.608192,-0.022926,0.773849,0.147870,-0.615440,0.371730,-0.252862,0.607565,0.143324,-0.618632,-0.022648,0.772166,-0.373308,-0.253855,0.608192,0.451025,0.000000,0.000000,0.000000,1,True
6.985265103998245,0.004000,1.326000,-1.714000,1.318000,0.000000,0.005000,-0.006000,-0.001000,1.325000,1.715000,1.316000,0.007000,0.003000,0.000000,-0.022926,0.773849,0.147870,-0.615440,0.371730,-0.252862,0.607565,0.143324,-0.618632,-0.022648,0.772166,-0.373308,-0.253855,0.608192,-0.022926,0.773849,0.147870,-0.615440,0.371730,-0.252862,0.607565,0.143324,-0.618632,-0.022648,0.772166,-0.373308,-0.253855,0.608192,0.451025,0.000000,0.000000,0.000000,1,True
7.018357099994319,0.004000,1.326000,-1.714000,1.318000,0.000000,0.005000,-0.006000,-0.001000,1.325000,1.715000,1.316000,0.007000,0.003000,0.000000,-0.022926,0.773849,0.147870,-0.615440,0.371730,-0.252862,0.607565,0.143324,-0.618632,-0.022648,0.772166,-0.373308,-0.253855,0.608192,-0.022926,0.773849,0.147870,-0.615440,0.371730,-0.252862,0.607565,0.143324,-0.618632,-0.022648,0.772166,-0.373308,-0.253855,0.608192,0.451025,0.000000,0.000000,0.000000,1,True
7.0523236470035044,0.004000,1.326000,-1.714000,1.318000,0.000000,0.005000,-0.006000,-0.001000,1.325000,1.715000,1.316000,0.007000,0.003000,0.000000,-0.022926,0.773849,0.147870,-0.615440,0.371730,-0.252862,0.607565,0.143324,-0.618632,-0.022648,0.772166,-0.373308,-0.253855,0.608192,-0.022926,0.773849,0.147870,-0.615440,0.371730,-0.252862,0.607565,0.143324,-0.618632,-0.022648,0.772166,-0.373308,-0.253855,0.608192,0.451025,0.000000,0.000000,0.000000,1,True
7.0855139210034395,0.004000,1.326000,-1.714000,1.318000,0.000000,0.005000,-0.006000,-0.001000,1.325000,1.715000,1.316000,0.007000,0.003000,0.000000,-0.022926,0.773849,0.147870,-0.615440,0.371730,-0.252862,0.607565,0.143324,-0.618632,-0.022648,0.772166,-0.373308,-0.253855,0.608192,-0.022926,0.773849,0.147870,-0.615440,0.371730,-0.252862,0.607565,0.143324,-0.618632,-0.022648,0.772166,-0.373308,-0.253855,0.608192,0.451025,0.000000,0.000000,0.000000,1,True
7.118826138001168,0.004000,1.326000,-1.714000,1.318000,0.000000,0.005000,-0.006000,-0.001000,1.325000,1.715000,1.316000,0.007000,0.003000,0.000000,-0.022926,0.773849,0.147870,-0.615440,0.371730,-0.252862,0.607565,0.143324,-0.618632,-0.022648,0.772166,-0.373308,-0.253855,0.608192,-0.022926,0.773849,0.147870,-0.615440,0.371730,-0.252862,0.607565,0.143324,-0.618632,-0.022648,0.772166,-0.373308,-0.253855,0.608192,0.451025,0.000000,0.000000,0.000000,1,True
7.154080731997965,0.004000,1.326000,-1.714000,1.318000,0.000000,0.005000,-0.006000,-0.001000,1.325000,1.715000,1.316000,0.007000,0.003000,0.000000,-0.022926,0.773849,0.147870,-0.615440,0.371730,-0.252862,0.607565,0.143324,-0.618632,-0.022648,0.772166,-0.373308,-0.253855,0.608192,-0.022926,0.773849,0.147870,-0.615440,0.371730,-0.252862,0.607565,0.143324,-0.618632,-0.022648,0.772166,-0.373308,-0.253855,0.608192,0.451025,0.000000,0.000000,0.000000,1,True
7.18552557300427,0.004000,1.326000,-1.714000,1.318000,0.000000,0.005000,-0.006000,-0.001000,1.325000,1.715000,1.316000,0.007000,0.003000,0.000000,-0.022926,0.773849,0.147870,-0.615440,0.371730,-0.252862,0.607565,0.143324,-0.618632,-0.022648,0.772166,-0.373308,-0.253855,0.608192,-0.022926,0.773849,0.147870,-0.615440,0.371730,-0.252862,0.607565,0.143324,-0.618632,-0.022648,0.772166,-0.373308,-0.253855,0.608192,0.451025,0.000000,0.000000,0.000000,1,True
7.219526026005042,0.004000,1.326000,-1.714000,1.318000,0.000000,0.005000,-0.006000,-0.001000,1.325000,1.715000,1.316000,0.007000,0.003000,0.000000,-0.022926,0.773849,0.147870,-0.615440,0.371730,-0.252862,0.607565,0.143324,-0.618632,-0.022648,0.772166,-0.373308,-0.253855,0.608192,-0.022926,0.773849,0.147870,-0.615440,0.371730,-0.252862,0.607565,0.143324,-0.618632,-0.022648,0.772166,-0.373308,-0.253855,0.608192,0.451025,0.000000,0.000000,0.000000,1,True
7.252970853995066,0.004000,1.326000,-1.714000,1.318000,0.000000,0.005000,-0.006000,-0.001000,1.325000,1.715000,1.316000,0.007000,0.003000,0.000000,-0.022926,0.773849,0.147870,-0.615440,0.371730,-0.252862,0.607565,0.143324,-0.618632,-0.022648,0.772166,-0.373308,-0.253855,0.608192,-0.022926,0.773849,0.147870,-0.615440,0.371730,-0.252862,0.607565,0.143324,-0.618632,-0.022648,0.772166,-0.373308,-0.253855,0.608192,0.451025,0.000000,0.000000,0.000000,1,True
7.285654316001455,0.004000,1.326000,-1.714000,1.318000,0.000000,0.005000,-0.006000,-0.001000,1.325000,1.715000,1.316000,0.007000,0.003000,0.000000,-0.022926,0.773849,0.147870,-0.615440,0.371730,-0.252862,0.607565,0.143324,-0.618632,-0.022648,0.772166,-0.373308,-0.253855,0.608192,-0.022926,0.773849,0.147870,-0.615440,0.371730,-0.252862,0.607565,0.143324,-0.618632,-0.022648,0.772166,-0.373308,-0.253855,0.608192,0.451025,0.000000,0.000000,0.000000,1,True
7.319218328004354,0.004000,1.326000,-1.714000,1.318000,0.000000,0.005000,-0.006000,-0.001000,1.325000,1.715000,1.316000,0.007000,0.003000,0.000000,-0.022926,0.773849,0.147870,-0.615440,0.371730,-0.252862,0.607565,0.143324,-0.618632,-0.022648,0.772166,-0.373308,-0.253855,0.608192,-0.022926,0.773849,0.147870,-0.615440,0.371730,-0.252862,0.607565,0.143324,-0.618632,-0.022648,0.772166,-0.373308,-0.253855,0.608192,0.451025,0.000000,0.000000,0.000000,1,True
7.35250802700466,0.004000,1.326000,-1.714000,1.318000,0.000000,0.005000,-0.006000,-0.001000,1.325000,1.715000,1.316000,0.007000,0.003000,0.000000,-0.022926,0.773849,0.147870,-0.615440,0.371730,-0.252862,0.607565,0.143324,-0.618632,-0.022648,0.772166,-0.373308,-0.253855,0.608192,-0.022926,0.773849,0.147870,-0.615440,0.371730,-0.252862,0.607565,0.143324,-0.618632,-0.022648,0.772166,-0.373308,-0.253855,0.608192,0.451025,0.000000,0.000000,0.000000,1,True
7.385595319996355,0.004000,1.326000,-1.714000,1.318000,0.000000,0.005000,-0.006000,-0.001000,1.325000,1.715000,1.316000,0.007000,0.003000,0.000000,-0.022926,0.773849,0.147870,-0.615440,0.371730,-0.252862,0.607565,0.143324,-0.618632,-0.022648,0.772166,-0.373308,-0.253855,0.608192,-0.022926,0.773849,0.147870,-0.615440,0.371730,-0.252862,0.607565,0.143324,-0.618632,-0.022648,0.772166,-0.373308,-0.253855,0.608192,0.451025,0.000000,0.000000,0.000000,1,True
7.419492090004496,0.004000,1.326000,-1.714000,1.318000,0.000000,0.005000,-0.006000,-0.001000,1.325000,1.715000,1.316000,0.007000,0.003000,0.000000,-0.022926,0.773849,0.147870,-0.615440,0.371730,-0.252862,0.607565,0.143324,-0.618632,-0.022648,0.772166,-0.373308,-0.253855,0.608192,-0.022926,0.773849,0.147870,-0.615440,0.371730,-0.252862,0.607565,0.143324,-0.618632,-0.022648,0.772166,-0.373308,-0.253855,0.608192,0.451025,0.000000,0.000000,0.000000,1,True
7.452867565996712,0.004000,1.326000,-1.714000,1.318000,0.000000,0.005000,-0.006000,-0.001000,1.325000,1.715000,1.316000,0.007000,0.003000,0.000000,-0.022926,0.773849,0.147870,-0.615440,0.371730,-0.252862,0.607565,0.143324,-0.618632,-0.022648,0.772166,-0.373308,-0.253855,0.608192,-0.022926,0.773849,0.147870,-0.615440,0.371730,-0.252862,0.607565,0.143324,-0.618632,-0.022648,0.772166,-0.373308,-0.253855,0.608192,0.451025,0.000000,0.000000,0.000000,1,True
7.48623532000056,0.004000,1.326000,-1.714000,1.318000,0.000000,0.005000,-0.006000,-0.001000,1.325000,1.715000,1.316000,0.007000,0.003000,0.000000,-0.022926,0.773849,0.147870,-0.615440,0.371730,-0.252862,0.607565,0.143324,-0.618632,-0.022648,0.772166,-0.373308,-0.253855,0.608192,-0.022926,0.773849,0.147870,-0.615440,0.371730,-0.252862,0.607565,0.143324,-0.618632,-0.022648,0.772166,-0.373308,-0.253855,0.608192,0.451025,0.000000,0.000000,0.000000,1,True
7.519776757995714,0.004000,1.326000,-1.714000,1.318000,0.000000,0.005000,-0.006000,-0.001000,1.325000,1.715000,1.316000,0.007000,0.003000,0.000000,-0.022926,0.773849,0.147870,-0.615440,0.371730,-0.252862,0.607565,0.143324,-0.618632,-0.022648,0.772166,-0.373308,-0.253855,0.608192,-0.022926,0.773849,0.147870,-0.615440,0.371730,-0.252862,0.607565,0.143324,-0.618632,-0.022648,0.772166,-0.373308,-0.253855,0.608192,0.451025,0.000000,0.000000,0.000000,1,True
7.552936920998036,0.004000,1.326000,-1.714000,1.318000,0.000000,0.005000,-0.006000,-0.001000,1.325000,1.715000,1.316000,0.007000,0.003000,0.000000,-0.022926,0.773849,0.147870,-0.615440,0.371730,-0.252862,0.607565,0.143324,-0.618632,-0.022648,0.772166,-0.373308,-0.253855,0.608192,-0.022926,0.773849,0.147870,-0.615440,0.371730,-0.252862,0.607565,0.143324,-0.618632,-0.022648,0.772166,-0.373308,-0.253855,0.608192,0.451025,0.000000,0.000000,0.000000,1,True
7.586257582996041,0.004000,1.326000,-1.714000,1.318000,0.000000,0.005000,-0.006000,-0.001000,1.325000,1.715000,1.316000,0.007000,0.003000,0.000000,-0.022926,0.773849,0.147870,-0.615440,0.371730,-0.252862,0.607565,0.143324,-0.618632,-0.022648,0.772166,-0.373308,-0.253855,0.608192,-0.022926,0.773849,0.147870,-0.615440,0.371730,-0.252862,0.607565,0.143324,-0.618632,-0.022648,0.772166,-0.373308,-0.253855,0.608192,0.451025,0.000000,0.000000,0.000000,1,True
7.619871112998226,0.004000,1.326000,-1.714000,1.318000,0.000000,0.005000,-0.006000,-0.001000,1.325000,1.715000,1.316000,0.007000,0.003000,0.000000,-0.022926,0.773849,0.147870,-0.615440,0.371730,-0.252862,0.607565,0.143324,-0.618632,-0.022648,0.772166,-0.373308,-0.253855,0.608192,-0.022926,0.773849,0.147870,-0.615440,0.371730,-0.252862,0.607565,0.143324,-0.618632,-0.022648,0.772166,-0.373308,-0.253855,0.608192,0.451025,0.000000,0.000000,0.000000,1,True
7.652952553995419,0.004000,1.326000,-1.714000,1.318000,0.000000,0.005000,-0.006000,-0.001000,1.325000,1.715000,1.316000,0.007000,0.003000,0.000000,-0.022926,0.773849,0.147870,-0.615440,0.371730,-0.252862,0.607565,0.143324,-0.618632,-0.022648,0.772166,-0.373308,-0.253855,0.608192,-0.022926,0.773849,0.147870,-0.615440,0.371730,-0.252862,0.607565,0.143324,-0.618632,-0.022648,0.772166,-0.373308,-0.253855,0.608192,0.451025,0.000000,0.000000,0.000000,1,True
7.686227865007822,0.004000,1.326000,-1.714000,1.318000,0.000000,0.005000,-0.006000,-0.001000,1.325000,1.715000,1.316000,0.007000,0.003000,0.000000,-0.022926,0.773849,0.147870,-0.615440,0.371730,-0.252862,0.607565,0.143324,-0.618632,-0.022648,0.772166,-0.373308,-0.253855,0.608192,-0.022926,0.773849,0.147870,-0.615440,0.371730,-0.252862,0.607565,0.143324,-0.618632,-0.022648,0.772166,-0.373308,-0.253855,0.608192,0.451025,0.000000,0.000000,0.000000,1,True
7.720500743002049,0.004000,1.326000,-1.714000,1.318000,0.000000,0.005000,-0.006000,-0.001000,1.325000,1.715000,1.316000,0.007000,0.003000,0.000000,-0.022926,0.773849,0.147870,-0.615440,0.371730,-0.252862,0.607565,0.143324,-0.618632,-0.022648,0.772166,-0.373308,-0.253855,0.608192,-0.022926,0.773849,0.147870,-0.615440,0.371730,-0.252862,0.607565,0.143324,-0.618632,-0.022648,0.772166,-0.373308,-0.253855,0.608192,0.451025,0.000000,0.000000,0.000000,1,True
7.753186112007825,0.004000,1.326000,-1.714000,1.318000,0.000000,0.005000,-0.006000,-0.001000,1.325000,1.715000,1.316000,0.007000,0.003000,0.000000,-0.022926,0.773849,0.147870,-0.615440,0.371730,-0.252862,0.607565,0.143324,-0.618632,-0.022648,0.772166,-0.373308,-0.253855,0.608192,-0.022926,0.773849,0.147870,-0.615440,0.371730,-0.252862,0.607565,0.143324,-0.618632,-0.022648,0.772166,-0.373308,-0.253855,0.608192,0.451025,0.000000,0.000000,0.000000,1,True
7.786545422000927,0.004000,1.326000,-1.714000,1.318000,0.000000,0.005000,-0.006000,-0.001000,1.325000,1.715000,1.316000,0.007000,0.003000,0.000000,-0.022926,0.773849,0.147870,-0.615440,0.371730,-0.252862,0.607565,0.143324,-0.618632,-0.022648,0.772166,-0.373308,-0.253855,0.608192,-0.022926,0.773849,0.147870,-0.615440,0.371730,-0.252862,0.607565,0.143324,-0.618632,-0.022648,0.772166,-0.373308,-0.253855,0.608192,0.451025,0.000000,0.000000,0.000000,1,True
9.007399155001622,0.004000,1.326000,-1.714000,1.318000,0.000000,0.005000,-0.006000,-0.001000,1.325000,1.715000,1.316000,0.007000,0.003000,0.000000,-0.022926,0.773849,0.147870,-0.615440,0.371730,-0.252862,0.607565,0.143324,-0.618632,-0.022648,0.772166,-0.373308,-0.253855,0.608192,-0.022926,0.773849,0.147870,-0.615440,0.371730,-0.252862,0.607565,0.143324,-0.618632,-0.022648,0.772166,-0.373308,-0.253855,0.608192,0.451025,0.000000,0.000000,0.000000,1,True
9.040627927999594,0.004000,1.326000,-1.714000,1.318000,0.000000,0.005000,-0.006000,-0.001000,1.325000,1.715000,1.316000,0.007000,0.003000,0.000000,-0.022926,0.773849,0.147870,-0.615440,0.371730,-0.252862,0.607565,0.143324,-0.618632,-0.022648,0.772166,-0.373308,-0.253855,0.608192,-0.022926,0.773849,0.147870,-0.615440,0.371730,-0.252862,0.607565,0.143324,-0.618632,-0.022648,0.772166,-0.373308,-0.253855,0.608192,0.451025,0.000000,0.000000,0.000000,1,True
9.073924812997575,0.004000,1.326000,-1.714000,1.318000,0.000000,0.005000,-0.006000,-0.001000,1.325000,1.715000,1.316000,0.007000,0.003000,0.000000,-0.022926,0.773849,0.147870,-0.615440,0.371730,-0.252862,0.607565,0.143324,-0.618632,-0.022648,0.772166,-0.373308,-0.253855,0.608192,-0.022926,0.773849,0.147870,-0.615440,0.371730,-0.252862,0.607565,0.143324,-0.618632,-0.022648,0.772166,-0.373308,-0.253855,0.608192,0.451025,0.000000,0.000000,0.000000,1,True
9.107164661007118,0.004000,1.326000,-1.714000,1.318000,0.000000,0.005000,-0.006000,-0.001000,1.325000,1.715000,1.316000,0.007000,0.003000,0.000000,-0.022926,0.773849,0.147870,-0.615440,0.371730,-0.252862,0.607565,0.143324,-0.618632,-0.022648,0.772166,-0.373308,-0.253855,0.608192,-0.022926,0.773849,0.147870,-0.615440,0.371730,-0.252862,0.607565,0.143324,-0.618632,-0.022648,0.772166,-0.373308,-0.253855,0.608192,0.451025,0.000000,0.000000,0.000000,1,True
9.140577173995553,0.004000,1.326000,-1.714000,1.318000,0.000000,0.005000,-0.006000,-0.001000,1.325000,1.715000,1.316000,0.007000,0.003000,0.000000,-0.022926,0.773849,0.147870,-0.615440,0.371730,-0.252862,0.607565,0.143324,-0.618632,-0.022648,0.772166,-0.373308,-0.253855,0.608192,-0.022926,0.773849,0.147870,-0.615440,0.371730,-0.252862,0.607565,0.143324,-0.618632,-0.022648,0.772166,-0.373308,-0.253855,0.608192,0.451025,0.000000,0.000000,0.000000,1,True
9.174359074007953,0.004000,1.326000,-1.714000,1.318000,0.000000,0.005000,-0.006000,-0.001000,1.325000,1.715000,1.316000,0.007000,0.003000,0.000000,-0.022926,0.773849,0.147870,-0.615440,0.371730,-0.252862,0.607565,0.143324,-0.618632,-0.022648,0.772166,-0.373308,-0.253855,0.608192,-0.022926,0.773849,0.147870,-0.615440,0.371730,-0.252862,0.607565,0.143324,-0.618632,-0.022648,0.772166,-0.373308,-0.253855,0.608192,0.451025,0.000000,0.000000,0.000000,1,True
9.207408162998036,0.004000,1.326000,-1.714000,1.318000,0.000000,0.005000,-0.006000,-0.001000,1.325000,1.715000,1.316000,0.007000,0.003000,0.000000,-0.022926,0.773849,0.147870,-0.615440,0.371730,-0.252862,0.607565,0.143324,-0.618632,-0.022648,0.772166,-0.373308,-0.253855,0.608192,-0.022926,0.773849,0.147870,-0.615440,0.371730,-0.252862,0.607565,0.143324,-0.618632,-0.022648,0.772166,-0.373308,-0.253855,0.608192,0.451025,0.000000,0.000000,0.000000,1,True
9.241237488997285,0.004000,1.326000,-1.714000,1.318000,0.000000,0.005000,-0.006000,-0.001000,1.325000,1.715000,1.316000,0.007000,0.003000,0.000000,-0.022926,0.773849,0.147870,-0.615440,0.371730,-0.252862,0.607565,0.143324,-0.618632,-0.022648,0.772166,-0.373308,-0.253855,0.608192,-0.022926,0.773849,0.147870,-0.615440,0.371730,-0.252862,0.607565,0.143324,-0.618632,-0.022648,0.772166,-0.373308,-0.253855,0.608192,0.451025,0.000000,0.000000,0.000000,1,True
9.274741557004745,0.004000,1.326000,-1.714000,1.318000,0.000000,0.005000,-0.006000,-0.001000,1.325000,1.715000,1.316000,0.007000,0.003000,0.000000,-0.022926,0.773849,0.147870,-0.615440,0.371730,-0.252862,0.607565,0.143324,-0.618632,-0.022648,0.772166,-0.373308,-0.253855,0.608192,-0.022926,0.773849,0.147870,-0.615440,0.371730,-0.252862,0.607565,0.143324,-0.618632,-0.022648,0.772166,-0.373308,-0.253855,0.608192,0.451025,0.000000,0.000000,0.000000,1,True
9.307532111008186,0.004000,1.326000,-1.714000,1.318000,0.000000,0.005000,-0.006000,-0.001000,1.325000,1.715000,1.316000,0.007000,0.003000,0.000000,-0.022926,0.773849,0.147870,-0.615440,0.371730,-0.252862,0.607565,0.143324,-0.618632,-0.022648,0.772166,-0.373308,-0.253855,0.608192,-0.022926,0.773849,0.147870,-0.615440,0.371730,-0.252862,0.607565,0.143324,-0.618632,-0.022648,0.772166,-0.373308,-0.253855,0.608192,0.451025,0.000000,0.000000,0.000000,1,True
9.340688608004712,0.004000,1.326000,-1.714000,1.318000,0.000000,0.005000,-0.006000,-0.001000,1.325000,1.715000,1.316000,0.007000,0.003000,0.000000,-0.022926,0.773849,0.147870,-0.615440,0.371730,-0.252862,0.607565,0.143324,-0.618632,-0.022648,0.772166,-0.373308,-0.253855,0.608192,-0.022926,0.773849,0.147870,-0.615440,0.371730,-0.252862,0.607565,0.143324,-0.618632,-0.022648,0.772166,-0.373308,-0.253855,0.608192,0.451025,0.000000,0.000000,0.000000,1,True
9.373816827006522,0.004000,1.326000,-1.714000,1.318000,0.000000,0.005000,-0.006000,-0.001000,1.325000,1.715000,1.316000,0.007000,0.003000,0.000000,-0.022926,0.773849,0.147870,-0.615440,0.371730,-0.252862,0.607565,0.143324,-0.618632,-0.022648,0.772166,-0.373308,-0.253855,0.608192,-0.022926,0.773849,0.147870,-0.615440,0.371730,-0.252862,0.607565,0.143324,-0.618632,-0.022648,0.772166,-0.373308,-0.253855,0.608192,0.451025,0.000000,0.000000,0.000000,1,True
9.407472874998348,0.004000,1.326000,-1.714000,1.318000,0.000000,0.005000,-0.006000,-0.001000,1.325000,1.715000,1.316000,0.007000,0.003000,0.000000,-0.022926,0.773849,0.147870,-0.615440,0.371730,-0.252862,0.607565,0.143324,-0.618632,-0.022648,0.772166,-0.373308,-0.253855,0.608192,-0.022926,0.773849,0.147870,-0.615440,0.371730,-0.252862,0.607565,0.143324,-0.618632,-0.022648,0.772166,-0.373308,-0.253855,0.608192,0.451025,0.000000,0.000000,0.000000,1,True
9.440606539006694,0.004000,1.326000,-1.714000,1.318000,0.000000,0.005000,-0.006000,-0.001000,1.325000,1.715000,1.316000,0.007000,0.003000,0.000000,-0.022926,0.773849,0.147870,-0.615440,0.371730,-0.252862,0.607565,0.143324,-0.618632,-0.022648,0.772166,-0.373308,-0.253855,0.608192,-0.022926,0.773849,0.147870,-0.615440,0.371730,-0.252862,0.607565,0.143324,-0.618632,-0.022648,0.772166,-0.373308,-0.253855,0.608192,0.451025,0.000000,0.000000,0.000000,1,True
9.47427356899425,0.004000,1.326000,-1.714000,1.318000,0.000000,0.005000,-0.006000,-0.001000,1.325000,1.715000,1.316000,0.007000,0.003000,0.000000,-0.022926,0.773849,0.147870,-0.615440,0.371730,-0.252862,0.607565,0.143324,-0.618632,-0.022648,0.772166,-0.373308,-0.253855,0.608192,-0.022926,0.773849,0.147870,-0.615440,0.371730,-0.252862,0.607565,0.143324,-0.618632,-0.022648,0.772166,-0.373308,-0.253855,0.608192,0.451025,0.000000,0.000000,0.000000,1,True
9.50763947100495,0.004000,1.326000,-1.714000,1.318000,0.000000,0.005000,-0.006000,-0.001000,1.325000,1.715000,1.316000,0.007000,0.003000,0.000000,-0.022926,0.773849,0.147870,-0.615440,0.371730,-0.252862,0.607565,0.143324,-0.618632,-0.022648,0.772166,-0.373308,-0.253855,0.608192,-0.022926,0.773849,0.147870,-0.615440,0.371730,-0.252862,0.607565,0.143324,-0.618632,-0.022648,0.772166,-0.373308,-0.253855,0.608192,0.451025,0.000000,0.000000,0.000000,1,True
9.54108965100022,0.004000,1.326000,-1.714000,1.318000,0.000000,0.005000,-0.006000,-0.001000,1.325000,1.715000,1.316000,0.007000,0.003000,0.000000,-0.022926,0.773849,0.147870,-0.615440,0.371730,-0.252862,0.607565,0.143324,-0.618632,-0.022648,0.772166,-0.373308,-0.253855,0.608192,-0.022926,0.773849,0.147870,-0.615440,0.371730,-0.252862,0.607565,0.143324,-0.618632,-0.022648,0.772166,-0.373308,-0.253855,0.608192,0.451025,0.000000,0.000000,0.000000,1,True
9.57444173899421,0.004000,1.326000,-1.714000,1.318000,0.000000,0.005000,-0.006000,-0.001000,1.325000,1.715000,1.316000,0.007000,0.003000,0.000000,-0.022926,0.773849,0.147870,-0.615440,0.371730,-0.252862,0.607565,0.143324,-0.618632,-0.022648,0.772166,-0.373308,-0.253855,0.608192,-0.022926,0.773849,0.147870,-0.615440,0.371730,-0.252862,0.607565,0.143324,-0.618632,-0.022648,0.772166,-0.373308,-0.253855,0.608192,0.451025,0.000000,0.000000,0.000000,1,True
9.607851603999734,0.004000,1.326000,-1.714000,1.318000,0.000000,0.005000,-0.006000,-0.001000,1.325000,1.715000,1.316000,0.007000,0.003000,0.000000,-0.022926,0.773849,0.147870,-0.615440,0.371730,-0.252862,0.607565,0.143324,-0.618632,-0.022648,0.772166,-0.373308,-0.253855,0.608192,-0.022926,0.773849,0.147870,-0.615440,0.371730,-0.252862,0.607565,0.143324,-0.618632,-0.022648,0.772166,-0.373308,-0.253855,0.608192,0.451025,0.000000,0.000000,0.000000,1,True
9.641400745997089,0.004000,1.326000,-1.714000,1.318000,0.000000,0.005000,-0.006000,-0.001000,1.325000,1.715000,1.316000,0.007000,0.003000,0.000000,-0.022926,0.773849,0.147870,-0.615440,0.371730,-0.252862,0.607565,0.143324,-0.618632,-0.022648,0.772166,-0.373308,-0.253855,0.608192,-0.022926,0.773849,0.147870,-0.615440,0.371730,-0.252862,0.607565,0.143324,-0.618632,-0.022648,0.772166,-0.373308,-0.253855,0.608192,0.451025,0.000000,0.000000,0.000000,1,True
9.674605927008088,0.004000,1.326000,-1.714000,1.318000,0.000000,0.005000,-0.006000,-0.001000,1.325000,1.715000,1.316000,0.007000,0.003000,0.000000,-0.022926,0.773849,0.147870,-0.615440,0.371730,-0.252862,0.607565,0.143324,-0.618632,-0.022648,0.772166,-0.373308,-0.253855,0.608192,-0.022926,0.773849,0.147870,-0.615440,0.371730,-0.252862,0.607565,0.143324,-0.618632,-0.022648,0.772166,-0.373308,-0.253855,0.608192,0.451025,0.000000,0.000000,0.000000,1,True
9.70800842200697,0.004000,1.326000,-1.714000,1.318000,0.000000,0.005000,-0.006000,-0.001000,1.325000,1.715000,1.316000,0.007000,0.003000,0.000000,-0.022926,0.773849,0.147870,-0.615440,0.371730,-0.252862,0.607565,0.143324,-0.618632,-0.022648,0.772166,-0.373308,-0.253855,0.608192,-0.022926,0.773849,0.147870,-0.615440,0.371730,-0.252862,0.607565,0.143324,-0.618632,-0.022648,0.772166,-0.373308,-0.253855,0.608192,0.451025,0.000000,0.000000,0.000000,1,True
9.741709655994782,0.004000,1.326000,-1.714000,1.318000,0.000000,0.005000,-0.006000,-0.001000,1.325000,1.715000,1.316000,0.007000,0.003000,0.000000,-0.022926,0.773849,0.147870,-0.615440,0.371730,-0.252862,0.607565,0.143324,-0.618632,-0.022648,0.772166,-0.373308,-0.253855,0.608192,-0.022926,0.773849,0.147870,-0.615440,0.371730,-0.252862,0.607565,0.143324,-0.618632,-0.022648,0.772166,-0.373308,-0.253855,0.608192,0.451025,0.000000,0.000000,0.000000,1,True
9.774928115002695,0.004000,1.326000,-1.714000,1.318000,0.000000,0.005000,-0.006000,-0.001000,1.325000,1.715000,1.316000,0.007000,0.003000,0.000000,-0.022926,0.773849,0.147870,-0.615440,0.371730,-0.252862,0.607565,0.143324,-0.618632,-0.022648,0.772166,-0.373308,-0.253855,0.608192,-0.022926,0.773849,0.147870,-0.615440,0.371730,-0.252862,0.607565,0.143324,-0.618632,-0.022648,0.772166,-0.373308,-0.253855,0.608192,0.451025,0.000000,0.000000,0.000000,1,True
9.808414683007868,0.004000,1.326000,-1.714000,1.318000,0.000000,0.005000,-0.006000,-0.001000,1.325000,1.715000,1.316000,0.007000,0.003000,0.000000,-0.022926,0.773849,0.147870,-0.615440,0.371730,-0.252862,0.607565,0.143324,-0.618632,-0.022648,0.772166,-0.373308,-0.253855,0.608192,-0.022926,0.773849,0.147870,-0.615440,0.371730,-0.252862,0.607565,0.143324,-0.618632,-0.022648,0.772166,-0.373308,-0.253855,0.608192,0.451025,0.000000,0.000000,0.000000,1,True
9.84181995599647,0.004000,1.326000,-1.714000,1.318000,0.000000,0.005000,-0.006000,-0.001000,1.325000,1.715000,1.316000,0.007000,0.003000,0.000000,-0.022926,0.773849,0.147870,-0.615440,0.371730,-0.252862,0.607565,0.143324,-0.618632,-0.022648,0.772166,-0.373308,-0.253855,0.608192,-0.022926,0.773849,0.147870,-0.615440,0.371730,-0.252862,0.607565,0.143324,-0.618632,-0.022648,0.772166,-0.373308,-0.253855,0.608192,0.451025,0.000000,0.000000,0.000000,1,True
9.875176988003659,0.004000,1.326000,-1.714000,1.318000,0.000000,0.005000,-0.006000,-0.001000,1.325000,1.715000,1.316000,0.007000,0.003000,0.000000,-0.022926,0.773849,0.147870,-0.615440,0.371730,-0.252862,0.607565,0.143324,-0.618632,-0.022648,0.772166,-0.373308,-0.253855,0.608192,-0.022926,0.773849,0.147870,-0.615440,0.371730,-0.252862,0.607565,0.143324,-0.618632,-0.022648,0.772166,-0.373308,-0.253855,0.608192,0.451025,0.000000,0.000000,0.000000,1,True
9.90846459500608,0.004000,1.326000,-1.714000,1.318000,0.000000,0.005000,-0.006000,-0.001000,1.325000,1.715000,1.316000,0.007000,0.003000,0.000000,-0.022926,0.773849,0.147870,-0.615440,0.371730,-0.252862,0.607565,0.143324,-0.618632,-0.022648,0.772166,-0.373308,-0.253855,0.608192,-0.022926,0.773849,0.147870,-0.615440,0.371730,-0.252862,0.607565,0.143324,-0.618632,-0.022648,0.772166,-0.373308,-0.253855,0.608192,0.451025,0.000000,0.000000,0.000000,1,True
9.941852756004664,0.004000,1.326000,-1.714000,1.318000,0.000000,0.005000,-0.006000,-0.001000,1.325000,1.715000,1.316000,0.007000,0.003000,0.000000,-0.022926,0.773849,0.147870,-0.615440,0.371730,-0.252862,0.607565,0.143324,-0.618632,-0.022648,0.772166,-0.373308,-0.253855,0.608192,-0.022926,0.773849,0.147870,-0.615440,0.371730,-0.252862,0.607565,0.143324,-0.618632,-0.022648,0.772166,-0.373308,-0.253855,0.608192,0.451025,0.000000,0.000000,0.000000,1,True
9.975226844006102,0.004000,1.326000,-1.714000,1.318000,0.000000,0.005000,-0.006000,-0.001000,1.325000,1.715000,1.316000,0.007000,0.003000,0.000000,-0.022926,0.773849,0.147870,-0.615440,0.371730,-0.252862,0.607565,0.143324,-0.618632,-0.022648,0.772166,-0.373308,-0.253855,0.608192,-0.022926,0.773849,0.147870,-0.615440,0.371730,-0.252862,0.607565,0.143324,-0.618632,-0.022648,0.772166,-0.373308,-0.253855,0.608192,0.451025,0.000000,0.000000,0.000000,1,True
10.00874330100487,0.004000,1.326000,-1.714000,1.318000,0.000000,0.005000,-0.006000,-0.001000,1.325000,1.715000,1.316000,0.007000,0.003000,0.000000,-0.022926,0.773849,0.147870,-0.615440,0.371730,-0.252862,0.607565,0.143324,-0.618632,-0.022648,0.772166,-0.373308,-0.253855,0.608192,-0.022926,0.773849,0.147870,-0.615440,0.371730,-0.252862,0.607565,0.143324,-0.618632,-0.022648,0.772166,-0.373308,-0.253855,0.608192,0.451025,0.000000,0.000000,0.000000,1,True
10.042106352004339,0.004000,1.326000,-1.714000,1.318000,0.000000,0.005000,-0.006000,-0.001000,1.325000,1.715000,1.316000,0.007000,0.003000,0.000000,-0.022926,0.773849,0.147870,-0.615440,0.371730,-0.252862,0.607565,0.143324,-0.618632,-0.022648,0.772166,-0.373308,-0.253855,0.608192,-0.022926,0.773849,0.147870,-0.615440,0.371730,-0.252862,0.607565,0.143324,-0.618632,-0.022648,0.772166,-0.373308,-0.253855,0.608192,0.451025,0.000000,0.000000,0.000000,1,True
10.075638402006007,0.004000,1.326000,-1.714000,1.318000,0.000000,0.005000,-0.006000,-0.001000,1.325000,1.715000,1.316000,0.007000,0.003000,0.000000,-0.022926,0.773849,0.147870,-0.615440,0.371730,-0.252862,0.607565,0.143324,-0.618632,-0.022648,0.772166,-0.373308,-0.253855,0.608192,-0.022926,0.773849,0.147870,-0.615440,0.371730,-0.252862,0.607565,0.143324,-0.618632,-0.022648,0.772166,-0.373308,-0.253855,0.608192,0.451025,0.000000,0.000000,0.000000,1,True
10.108960470999591,0.004000,1.326000,-1.714000,1.318000,0.000000,0.005000,-0.006000,-0.001000,1.325000,1.715000,1.316000,0.007000,0.003000,0.000000,-0.022926,0.773849,0.147870,-0.615440,0.371730,-0.252862,0.607565,0.143324,-0.618632,-0.022648,0.772166,-0.373308,-0.253855,0.608192,-0.022926,0.773849,0.147870,-0.615440,0.371730,-0.252862,0.607565,0.143324,-0.618632,-0.022648,0.772166,-0.373308,-0.253855,0.608192,0.451025,0.000000,0.000000,0.000000,1,True
10.142633167997701,0.004000,1.326000,-1.714000,1.318000,0.000000,0.005000,-0.006000,-0.001000,1.325000,1.715000,1.316000,0.007000,0.003000,0.000000,-0.022926,0.773849,0.147870,-0.615440,0.371730,-0.252862,0.607565,0.143324,-0.618632,-0.022648,0.772166,-0.373308,-0.253855,0.608192,-0.022926,0.773849,0.147870,-0.615440,0.371730,-0.252862,0.607565,0.143324,-0.618632,-0.022648,0.772166,-0.373308,-0.253855,0.608192,0.451025,0.000000,0.000000,0.000000,1,True
10.175772590999259,0.004000,1.326000,-1.714000,1.318000,0.000000,0.005000,-0.006000,-0.001000,1.325000,1.715000,1.316000,0.007000,0.003000,0.000000,-0.022926,0.773849,0.147870,-0.615440,0.371730,-0.252862,0.607565,0.143324,-0.618632,-0.022648,0.772166,-0.373308,-0.253855,0.608192,-0.022926,0.773849,0.147870,-0.615440,0.371730,-0.252862,0.607565,0.143324,-0.618632,-0.022648,0.772166,-0.373308,-0.253855,0.608192,0.451025,0.000000,0.000000,0.000000,1,True
10.209031178994337,0.004000,1.326000,-1.714000,1.318000,0.000000,0.005000,-0.006000,-0.001000,1.325000,1.715000,1.316000,0.007000,0.003000,0.000000,-0.022926,0.773849,0.147870,-0.615440,0.371730,-0.252862,0.607565,0.143324,-0.618632,-0.022648,0.772166,-0.373308,-0.253855,0.608192,-0.022926,0.773849,0.147870,-0.615440,0.371730,-0.252862,0.607565,0.143324,-0.618632,-0.022648,0.772166,-0.373308,-0.253855,0.608192,0.451025,0.000000,0.000000,0.000000,1,True
10.242628284002421,0.004000,1.326000,-1.714000,1.318000,0.000000,0.005000,-0.006000,-0.001000,1.325000,1.715000,1.316000,0.007000,0.003000,0.000000,-0.022926,0.773849,0.147870,-0.615440,0.371730,-0.252862,0.607565,0.143324,-0.618632,-0.022648,0.772166,-0.373308,-0.253855,0.608192,-0.022926,0.773849,0.147870,-0.615440,0.371730,-0.252862,0.607565,0.143324,-0.618632,-0.022648,0.772166,-0.373308,-0.253855,0.608192,0.451025,0.000000,0.000000,0.000000,1,True
10.275920076004695,0.004000,1.326000,-1.714000,1.318000,0.000000,0.005000,-0.006000,-0.001000,1.325000,1.715000,1.316000,0.007000,0.003000,0.000000,-0.022926,0.773849,0.147870,-0.615440,0.371730,-0.252862,0.607565,0.143324,-0.618632,-0.022648,0.772166,-0.373308,-0.253855,0.608192,-0.022926,0.773849,0.147870,-0.615440,0.371730,-0.252862,0.607565,0.143324,-0.618632,-0.022648,0.772166,-0.373308,-0.253855,0.608192,0.451025,0.000000,0.000000,0.000000,1,True
10.309547994998866,0.004000,1.326000,-1.714000,1.318000,0.000000,0.005000,-0.006000,-0.001000,1.325000,1.715000,1.316000,0.007000,0.003000,0.000000,-0.022926,0.773849,0.147870,-0.615440,0.371730,-0.252862,0.607565,0.143324,-0.618632,-0.022648,0.772166,-0.373308,-0.253855,0.608192,-0.022926,0.773849,0.147870,-0.615440,0.371730,-0.252862,0.607565,0.143324,-0.618632,-0.022648,0.772166,-0.373308,-0.253855,0.608192,0.451025,0.000000,0.000000,0.000000,1,True
10.343194914996275,0.004000,1.326000,-1.714000,1.318000,0.000000,0.005000,-0.006000,-0.001000,1.325000,1.715000,1.316000,0.007000,0.003000,0.000000,-0.022926,0.773849,0.147870,-0.615440,0.371730,-0.252862,0.607565,0.143324,-0.618632,-0.022648,0.772166,-0.373308,-0.253855,0.608192,-0.022926,0.773849,0.147870,-0.615440,0.371730,-0.252862,0.607565,0.143324,-0.618632,-0.022648,0.772166,-0.373308,-0.253855,0.608192,0.451025,0.000000,0.000000,0.000000,1,True
10.376973370002815,0.004000,1.326000,-1.714000,1.318000,0.000000,0.005000,-0.006000,-0.001000,1.325000,1.715000,1.316000,0.007000,0.003000,0.000000,-0.022926,0.773849,0.147870,-0.615440,0.371730,-0.252862,0.607565,0.143324,-0.618632,-0.022648,0.772166,-0.373308,-0.253855,0.608192,-0.022926,0.773849,0.147870,-0.615440,0.371730,-0.252862,0.607565,0.143324,-0.618632,-0.022648,0.772166,-0.373308,-0.253855,0.608192,0.451025,0.000000,0.000000,0.000000,1,True
10.409811183999409,0.004000,1.326000,-1.714000,1.318000,0.000000,0.005000,-0.006000,-0.001000,1.325000,1.715000,1.316000,0.007000,0.003000,0.000000,-0.022926,0.773849,0.147870,-0.615440,0.371730,-0.252862,0.607565,0.143324,-0.618632,-0.022648,0.772166,-0.373308,-0.253855,0.608192,-0.022926,0.773849,0.147870,-0.615440,0.371730,-0.252862,0.607565,0.143324,-0.618632,-0.022648,0.772166,-0.373308,-0.253855,0.608192,0.451025,0.000000,0.000000,0.000000,1,True
