# refresh_posture_target=True,arm_posture_cost=0.001,"arm_posture_cost_overrides={'left_arm_joint7': 0.003, 'right_arm_joint7': 0.003}",ee_position_cost=1.0,ee_orientation_cost=0.5,redundancy_resolution=hard_constraint,dls_damping=0.05,hard_constraint_extra_damping=0.001
t,left_q0,left_q1,left_q2,left_q3,left_q4,left_q5,left_q6,right_q0,right_q1,right_q2,right_q3,right_q4,right_q5,right_q6,left_target_ee_0,left_target_ee_1,left_target_ee_2,left_target_ee_3,left_target_ee_4,left_target_ee_5,left_target_ee_6,right_target_ee_0,right_target_ee_1,right_target_ee_2,right_target_ee_3,right_target_ee_4,right_target_ee_5,right_target_ee_6,left_actual_ee_0,left_actual_ee_1,left_actual_ee_2,left_actual_ee_3,left_actual_ee_4,left_actual_ee_5,left_actual_ee_6,right_actual_ee_0,right_actual_ee_1,right_actual_ee_2,right_actual_ee_3,right_actual_ee_4,right_actual_ee_5,right_actual_ee_6,lift_q,base_x,base_y,base_yaw
0.0238258589997713,0.104000,1.227000,-1.758000,1.304000,-0.107000,-0.106000,0.049000,0.005000,1.325000,1.720000,1.303000,0.008000,0.003000,-0.004000,-0.057140,0.767907,0.142007,-0.622003,0.416388,-0.214435,0.597094,0.149557,-0.619417,-0.023513,0.770326,-0.375519,-0.254802,0.606503,-0.057140,0.767907,0.142007,-0.622003,0.416388,-0.214435,0.597094,0.149557,-0.619417,-0.023513,0.770326,-0.375519,-0.254802,0.606503,0.451097,0.000000,0.000000,0.000000
0.03743289200065192,0.104000,1.227000,-1.758000,1.304000,-0.107000,-0.106000,0.049000,0.005000,1.325000,1.720000,1.303000,0.008000,0.003000,-0.004000,-0.057140,0.767907,0.142007,-0.622003,0.416388,-0.214435,0.597094,0.149557,-0.619417,-0.023513,0.770326,-0.375519,-0.254802,0.606503,-0.057140,0.767907,0.142007,-0.622003,0.416388,-0.214435,0.597094,0.149557,-0.619417,-0.023513,0.770326,-0.375519,-0.254802,0.606503,0.451097,0.000000,0.000000,0.000000
0.0726259420007409,0.104000,1.227000,-1.758000,1.304000,-0.107000,-0.106000,0.049000,0.005000,1.325000,1.720000,1.303000,0.008000,0.003000,-0.004000,-0.057140,0.767907,0.142007,-0.622003,0.416388,-0.214435,0.597094,0.149557,-0.619417,-0.023513,0.770326,-0.375519,-0.254802,0.606503,-0.057140,0.767907,0.142007,-0.622003,0.416388,-0.214435,0.597094,0.149557,-0.619417,-0.023513,0.770326,-0.375519,-0.254802,0.606503,0.451097,0.000000,0.000000,0.000000
0.10438604400042095,0.104000,1.227000,-1.758000,1.304000,-0.107000,-0.106000,0.049000,0.005000,1.325000,1.720000,1.303000,0.008000,0.003000,-0.004000,-0.057140,0.767907,0.142007,-0.622003,0.416388,-0.214435,0.597094,0.149557,-0.619417,-0.023513,0.770326,-0.375519,-0.254802,0.606503,-0.057140,0.767907,0.142007,-0.622003,0.416388,-0.214435,0.597094,0.149557,-0.619417,-0.023513,0.770326,-0.375519,-0.254802,0.606503,0.451097,0.000000,0.000000,0.000000
0.13752186200144934,0.104000,1.227000,-1.758000,1.304000,-0.107000,-0.106000,0.049000,0.005000,1.325000,1.720000,1.303000,0.008000,0.003000,-0.004000,-0.057140,0.767907,0.142007,-0.622003,0.416388,-0.214435,0.597094,0.149557,-0.619417,-0.023513,0.770326,-0.375519,-0.254802,0.606503,-0.057140,0.767907,0.142007,-0.622003,0.416388,-0.214435,0.597094,0.149557,-0.619417,-0.023513,0.770326,-0.375519,-0.254802,0.606503,0.451097,0.000000,0.000000,0.000000
0.17220115600139252,0.104000,1.227000,-1.758000,1.304000,-0.107000,-0.106000,0.049000,0.005000,1.325000,1.720000,1.303000,0.008000,0.003000,-0.004000,-0.057140,0.767907,0.142007,-0.622003,0.416388,-0.214435,0.597094,0.149557,-0.619417,-0.023513,0.770326,-0.375519,-0.254802,0.606503,-0.057140,0.767907,0.142007,-0.622003,0.416388,-0.214435,0.597094,0.149557,-0.619417,-0.023513,0.770326,-0.375519,-0.254802,0.606503,0.451097,0.000000,0.000000,0.000000
0.20423597899934975,0.104000,1.227000,-1.758000,1.304000,-0.107000,-0.106000,0.049000,0.005000,1.325000,1.720000,1.303000,0.008000,0.003000,-0.004000,-0.057140,0.767907,0.142007,-0.622003,0.416388,-0.214435,0.597094,0.149557,-0.619417,-0.023513,0.770326,-0.375519,-0.254802,0.606503,-0.057140,0.767907,0.142007,-0.622003,0.416388,-0.214435,0.597094,0.149557,-0.619417,-0.023513,0.770326,-0.375519,-0.254802,0.606503,0.451097,0.000000,0.000000,0.000000
0.23832547799975146,0.104000,1.227000,-1.758000,1.304000,-0.107000,-0.106000,0.049000,0.005000,1.325000,1.720000,1.303000,0.008000,0.003000,-0.004000,-0.057140,0.767907,0.142007,-0.622003,0.416388,-0.214435,0.597094,0.149557,-0.619417,-0.023513,0.770326,-0.375519,-0.254802,0.606503,-0.057140,0.767907,0.142007,-0.622003,0.416388,-0.214435,0.597094,0.149557,-0.619417,-0.023513,0.770326,-0.375519,-0.254802,0.606503,0.451097,0.000000,0.000000,0.000000
0.2710543350003718,0.104000,1.227000,-1.758000,1.304000,-0.107000,-0.106000,0.049000,0.005000,1.325000,1.720000,1.303000,0.008000,0.003000,-0.004000,-0.057140,0.767907,0.142007,-0.622003,0.416388,-0.214435,0.597094,0.149557,-0.619417,-0.023513,0.770326,-0.375519,-0.254802,0.606503,-0.057140,0.767907,0.142007,-0.622003,0.416388,-0.214435,0.597094,0.149557,-0.619417,-0.023513,0.770326,-0.375519,-0.254802,0.606503,0.451097,0.000000,0.000000,0.000000
0.3047578360019543,0.104000,1.227000,-1.758000,1.304000,-0.107000,-0.106000,0.049000,0.005000,1.325000,1.720000,1.303000,0.008000,0.003000,-0.004000,-0.057140,0.767907,0.142007,-0.622003,0.416388,-0.214435,0.597094,0.149557,-0.619417,-0.023513,0.770326,-0.375519,-0.254802,0.606503,-0.057140,0.767907,0.142007,-0.622003,0.416388,-0.214435,0.597094,0.149557,-0.619417,-0.023513,0.770326,-0.375519,-0.254802,0.606503,0.451097,0.000000,0.000000,0.000000
0.34107497399963904,0.104000,1.227000,-1.758000,1.304000,-0.107000,-0.106000,0.049000,0.005000,1.325000,1.720000,1.303000,0.008000,0.003000,-0.004000,-0.057140,0.767907,0.142007,-0.622003,0.416388,-0.214435,0.597094,0.149557,-0.619417,-0.023513,0.770326,-0.375519,-0.254802,0.606503,-0.057140,0.767907,0.142007,-0.622003,0.416388,-0.214435,0.597094,0.149557,-0.619417,-0.023513,0.770326,-0.375519,-0.254802,0.606503,0.451097,0.000000,0.000000,0.000000
0.3732692599987786,0.104000,1.227000,-1.758000,1.304000,-0.107000,-0.106000,0.049000,0.005000,1.325000,1.720000,1.303000,0.008000,0.003000,-0.004000,-0.057140,0.767907,0.142007,-0.622003,0.416388,-0.214435,0.597094,0.149557,-0.619417,-0.023513,0.770326,-0.375519,-0.254802,0.606503,-0.057140,0.767907,0.142007,-0.622003,0.416388,-0.214435,0.597094,0.149557,-0.619417,-0.023513,0.770326,-0.375519,-0.254802,0.606503,0.451097,0.000000,0.000000,0.000000
0.4060837649994937,0.104000,1.227000,-1.758000,1.304000,-0.107000,-0.106000,0.049000,0.005000,1.325000,1.720000,1.303000,0.008000,0.003000,-0.004000,-0.057140,0.767907,0.142007,-0.622003,0.416388,-0.214435,0.597094,0.149557,-0.619417,-0.023513,0.770326,-0.375519,-0.254802,0.606503,-0.057140,0.767907,0.142007,-0.622003,0.416388,-0.214435,0.597094,0.149557,-0.619417,-0.023513,0.770326,-0.375519,-0.254802,0.606503,0.451097,0.000000,0.000000,0.000000
0.4392557309984113,0.104000,1.227000,-1.758000,1.304000,-0.107000,-0.106000,0.049000,0.005000,1.325000,1.720000,1.303000,0.008000,0.003000,-0.004000,-0.057140,0.767907,0.142007,-0.622003,0.416388,-0.214435,0.597094,0.149557,-0.619417,-0.023513,0.770326,-0.375519,-0.254802,0.606503,-0.057140,0.767907,0.142007,-0.622003,0.416388,-0.214435,0.597094,0.149557,-0.619417,-0.023513,0.770326,-0.375519,-0.254802,0.606503,0.451097,0.000000,0.000000,0.000000
0.4727101030002814,0.104000,1.227000,-1.758000,1.304000,-0.107000,-0.106000,0.049000,0.005000,1.325000,1.720000,1.303000,0.008000,0.003000,-0.004000,-0.057140,0.767907,0.142007,-0.622003,0.416388,-0.214435,0.597094,0.149557,-0.619417,-0.023513,0.770326,-0.375519,-0.254802,0.606503,-0.057140,0.767907,0.142007,-0.622003,0.416388,-0.214435,0.597094,0.149557,-0.619417,-0.023513,0.770326,-0.375519,-0.254802,0.606503,0.451097,0.000000,0.000000,0.000000
0.5063308829994639,0.104000,1.227000,-1.758000,1.304000,-0.107000,-0.106000,0.049000,0.005000,1.325000,1.720000,1.303000,0.008000,0.003000,-0.004000,-0.057140,0.767907,0.142007,-0.622003,0.416388,-0.214435,0.597094,0.149557,-0.619417,-0.023513,0.770326,-0.375519,-0.254802,0.606503,-0.057140,0.767907,0.142007,-0.622003,0.416388,-0.214435,0.597094,0.149557,-0.619417,-0.023513,0.770326,-0.375519,-0.254802,0.606503,0.451097,0.000000,0.000000,0.000000
0.5398291620003874,0.104000,1.227000,-1.758000,1.304000,-0.107000,-0.106000,0.049000,0.005000,1.325000,1.720000,1.303000,0.008000,0.003000,-0.004000,-0.057140,0.767907,0.142007,-0.622003,0.416388,-0.214435,0.597094,0.149557,-0.619417,-0.023513,0.770326,-0.375519,-0.254802,0.606503,-0.057140,0.767907,0.142007,-0.622003,0.416388,-0.214435,0.597094,0.149557,-0.619417,-0.023513,0.770326,-0.375519,-0.254802,0.606503,0.451097,0.000000,0.000000,0.000000
0.5770056850014953,0.104000,1.227000,-1.758000,1.304000,-0.107000,-0.106000,0.049000,0.005000,1.325000,1.720000,1.303000,0.008000,0.003000,-0.004000,-0.057140,0.767907,0.142007,-0.622003,0.416388,-0.214435,0.597094,0.149557,-0.619417,-0.023513,0.770326,-0.375519,-0.254802,0.606503,-0.057140,0.767907,0.142007,-0.622003,0.416388,-0.214435,0.597094,0.149557,-0.619417,-0.023513,0.770326,-0.375519,-0.254802,0.606503,0.451097,0.000000,0.000000,0.000000
0.6066352230009215,0.104000,1.227000,-1.758000,1.304000,-0.107000,-0.106000,0.049000,0.005000,1.325000,1.720000,1.303000,0.008000,0.003000,-0.004000,-0.057140,0.767907,0.142007,-0.622003,0.416388,-0.214435,0.597094,0.149557,-0.619417,-0.023513,0.770326,-0.375519,-0.254802,0.606503,-0.057140,0.767907,0.142007,-0.622003,0.416388,-0.214435,0.597094,0.149557,-0.619417,-0.023513,0.770326,-0.375519,-0.254802,0.606503,0.451097,0.000000,0.000000,0.000000
0.6399898740019125,0.104000,1.227000,-1.758000,1.304000,-0.107000,-0.106000,0.049000,0.005000,1.325000,1.720000,1.303000,0.008000,0.003000,-0.004000,-0.057140,0.767907,0.142007,-0.622003,0.416388,-0.214435,0.597094,0.149557,-0.619417,-0.023513,0.770326,-0.375519,-0.254802,0.606503,-0.057140,0.767907,0.142007,-0.622003,0.416388,-0.214435,0.597094,0.149557,-0.619417,-0.023513,0.770326,-0.375519,-0.254802,0.606503,0.451097,0.000000,0.000000,0.000000
0.6737045599984413,0.104000,1.227000,-1.758000,1.304000,-0.107000,-0.106000,0.049000,0.005000,1.325000,1.720000,1.303000,0.008000,0.003000,-0.004000,-0.057140,0.767907,0.142007,-0.622003,0.416388,-0.214435,0.597094,0.149557,-0.619417,-0.023513,0.770326,-0.375519,-0.254802,0.606503,-0.057140,0.767907,0.142007,-0.622003,0.416388,-0.214435,0.597094,0.149557,-0.619417,-0.023513,0.770326,-0.375519,-0.254802,0.606503,0.451097,0.000000,0.000000,0.000000
0.7068255999984103,0.104000,1.227000,-1.758000,1.304000,-0.107000,-0.106000,0.049000,0.005000,1.325000,1.720000,1.303000,0.008000,0.003000,-0.004000,-0.057140,0.767907,0.142007,-0.622003,0.416388,-0.214435,0.597094,0.149557,-0.619417,-0.023513,0.770326,-0.375519,-0.254802,0.606503,-0.057140,0.767907,0.142007,-0.622003,0.416388,-0.214435,0.597094,0.149557,-0.619417,-0.023513,0.770326,-0.375519,-0.254802,0.606503,0.451097,0.000000,0.000000,0.000000
0.740484768000897,0.104000,1.227000,-1.758000,1.304000,-0.107000,-0.106000,0.049000,0.005000,1.325000,1.720000,1.303000,0.008000,0.003000,-0.004000,-0.057140,0.767907,0.142007,-0.622003,0.416388,-0.214435,0.597094,0.149557,-0.619417,-0.023513,0.770326,-0.375519,-0.254802,0.606503,-0.057140,0.767907,0.142007,-0.622003,0.416388,-0.214435,0.597094,0.149557,-0.619417,-0.023513,0.770326,-0.375519,-0.254802,0.606503,0.451097,0.000000,0.000000,0.000000
0.7724607210002432,0.104000,1.227000,-1.758000,1.304000,-0.107000,-0.106000,0.049000,0.014595,1.324586,1.708942,1.301018,0.006605,0.014136,-0.009867,-0.057140,0.767907,0.142007,-0.622003,0.416388,-0.214435,0.597094,0.142852,-0.619783,-0.030958,0.771041,-0.372337,-0.258622,0.607736,-0.057140,0.767907,0.142007,-0.622003,0.416388,-0.214435,0.597094,0.142861,-0.619720,-0.030959,0.771089,-0.372373,-0.258628,0.607757,0.451097,0.000000,0.000000,0.000000
0.806678720000491,0.104000,1.227000,-1.758000,1.304000,-0.107000,-0.106000,0.049000,0.020757,1.327181,1.701932,1.301640,0.001969,0.014419,-0.009260,-0.057140,0.767907,0.142007,-0.622003,0.416388,-0.214435,0.597094,0.138209,-0.619131,-0.031602,0.772383,-0.369387,-0.261208,0.608932,-0.057140,0.767907,0.142007,-0.622003,0.416388,-0.214435,0.597094,0.138202,-0.619124,-0.031590,0.772391,-0.369396,-0.261214,0.608944,0.451097,0.000000,0.000000,0.000000
0.8410410520009464,0.104000,1.227000,-1.758000,1.304000,-0.107000,-0.106000,0.049000,0.025566,1.329732,1.695053,1.304255,-0.001146,0.016573,-0.008743,-0.057140,0.767907,0.142007,-0.622003,0.416388,-0.214435,0.597094,0.132688,-0.619127,-0.032709,0.773308,-0.366279,-0.263428,0.610320,-0.057140,0.767907,0.142007,-0.622003,0.416388,-0.214435,0.597094,0.132683,-0.619122,-0.032699,0.773314,-0.366288,-0.263436,0.610327,0.451097,0.000000,0.000000,0.000000
0.8737259459994675,0.104000,1.227000,-1.758000,1.304000,-0.107000,-0.106000,0.049000,0.030171,1.337565,1.690962,1.312480,0.000839,0.016722,-0.000237,-0.057140,0.767907,0.142007,-0.622003,0.416388,-0.214435,0.597094,0.123312,-0.623241,-0.027847,0.771744,-0.361681,-0.265903,0.613105,-0.057140,0.767907,0.142007,-0.622003,0.416388,-0.214435,0.597094,0.123319,-0.623250,-0.027824,0.771737,-0.361689,-0.265923,0.613097,0.451097,0.000000,0.000000,0.000000
0.9073792250019324,0.104000,1.227000,-1.758000,1.304000,-0.107000,-0.106000,0.049000,0.035203,1.345930,1.683199,1.315792,-0.011462,0.004236,-0.002807,-0.057140,0.767907,0.142007,-0.622003,0.416388,-0.214435,0.597094,0.122697,-0.620946,-0.025283,0.773778,-0.356627,-0.268211,0.614023,-0.057140,0.767907,0.142007,-0.622003,0.416388,-0.214435,0.597094,0.122664,-0.620962,-0.025223,0.773772,-0.356625,-0.268199,0.614077,0.451097,0.000000,0.000000,0.000000
0.9406180799996946,0.104000,1.227000,-1.758000,1.304000,-0.107000,-0.106000,0.049000,0.032414,1.349529,1.677683,1.327217,-0.013970,0.005398,-0.009561,-0.057140,0.767907,0.142007,-0.622003,0.416388,-0.214435,0.597094,0.119586,-0.621091,-0.027801,0.774062,-0.353086,-0.268099,0.615547,-0.057140,0.767907,0.142007,-0.622003,0.416388,-0.214435,0.597094,0.119588,-0.621096,-0.027785,0.774058,-0.353087,-0.268096,0.615557,0.451097,0.000000,0.000000,0.000000
0.9743490629989537,0.104000,1.227000,-1.758000,1.304000,-0.107000,-0.106000,0.049000,0.032420,1.355126,1.674503,1.328000,-0.006659,0.012803,-0.007707,-0.057140,0.767907,0.142007,-0.622003,0.416388,-0.214435,0.597094,0.115199,-0.626397,-0.031024,0.770321,-0.349824,-0.268299,0.614972,-0.057140,0.767907,0.142007,-0.622003,0.416388,-0.214435,0.597094,0.115188,-0.626402,-0.031008,0.770319,-0.349827,-0.268311,0.614964,0.451097,0.000000,0.000000,0.000000
1.0076232880019234,0.104000,1.227000,-1.758000,1.304000,-0.107000,-0.106000,0.049000,0.031554,1.359789,1.661789,1.330241,-0.027245,0.000886,-0.011766,-0.057140,0.767907,0.142007,-0.622003,0.416388,-0.214435,0.597094,0.115671,-0.618978,-0.033745,0.776111,-0.344777,-0.268483,0.613953,-0.057140,0.767907,0.142007,-0.622003,0.416388,-0.214435,0.597094,0.115578,-0.618989,-0.033635,0.776120,-0.344764,-0.268476,0.614026,0.451097,0.000000,0.000000,0.000000
1.040888272000302,0.104000,1.227000,-1.758000,1.304000,-0.107000,-0.106000,0.049000,0.030599,1.364002,1.657602,1.329418,-0.029459,-0.000156,-0.009150,-0.057140,0.767907,0.142007,-0.622003,0.416388,-0.214435,0.597094,0.114028,-0.619510,-0.035056,0.775871,-0.342073,-0.268226,0.612888,-0.057140,0.767907,0.142007,-0.622003,0.416388,-0.214435,0.597094,0.114022,-0.619513,-0.035052,0.775870,-0.342070,-0.268228,0.612894,0.451097,0.000000,0.000000,0.000000
1.0747031800019613,0.104000,1.227000,-1.758000,1.304000,-0.107000,-0.106000,0.049000,0.030004,1.366673,1.656620,1.329701,-0.029214,-0.000869,-0.011607,-0.057140,0.767907,0.142007,-0.622003,0.416388,-0.214435,0.597094,0.114889,-0.620490,-0.036214,0.774907,-0.340826,-0.268046,0.612391,-0.057140,0.767907,0.142007,-0.622003,0.416388,-0.214435,0.597094,0.114888,-0.620490,-0.036215,0.774907,-0.340826,-0.268046,0.612391,0.451097,0.000000,0.000000,0.000000
1.1085277919992222,0.104000,1.227000,-1.758000,1.304000,-0.107000,-0.106000,0.049000,0.029569,1.374258,1.655123,1.327432,-0.024885,-0.000400,-0.019485,-0.057140,0.767907,0.142007,-0.622003,0.416388,-0.214435,0.597094,0.118150,-0.624841,-0.040586,0.770693,-0.337738,-0.267744,0.610504,-0.057140,0.767907,0.142007,-0.622003,0.416388,-0.214435,0.597094,0.118136,-0.624836,-0.040603,0.770698,-0.337739,-0.267748,0.610496,0.451097,0.000000,0.000000,0.000000
1.1421485889986798,0.104000,1.227000,-1.758000,1.304000,-0.107000,-0.106000,0.049000,0.026628,1.378554,1.649182,1.329663,-0.029872,-0.002146,-0.025721,-0.057140,0.767907,0.142007,-0.622003,0.416388,-0.214435,0.597094,0.119074,-0.623954,-0.045097,0.771018,-0.334423,-0.266931,0.609311,-0.057140,0.767907,0.142007,-0.622003,0.416388,-0.214435,0.597094,0.119066,-0.623955,-0.045082,0.771020,-0.334420,-0.266935,0.609321,0.451097,0.000000,0.000000,0.000000
1.174659743999655,0.104000,1.227000,-1.758000,1.304000,-0.107000,-0.106000,0.049000,0.024722,1.380810,1.644128,1.330572,-0.035942,-0.004695,-0.025590,-0.057140,0.767907,0.142007,-0.622003,0.416388,-0.214435,0.597094,0.118289,-0.622034,-0.046858,0.772584,-0.332170,-0.266420,0.608532,-0.057140,0.767907,0.142007,-0.622003,0.416388,-0.214435,0.597094,0.118278,-0.622037,-0.046849,0.772583,-0.332166,-0.266421,0.608541,0.451097,0.000000,0.000000,0.000000
1.208527836999565,0.104000,1.227000,-1.758000,1.304000,-0.107000,-0.106000,0.049000,0.023606,1.382175,1.641945,1.331924,-0.037560,-0.004845,-0.029021,-0.057140,0.767907,0.142007,-0.622003,0.416388,-0.214435,0.597094,0.118719,-0.621719,-0.048841,0.772649,-0.330990,-0.266127,0.608245,-0.057140,0.767907,0.142007,-0.622003,0.416388,-0.214435,0.597094,0.118718,-0.621718,-0.048839,0.772650,-0.330990,-0.266127,0.608246,0.451097,0.000000,0.000000,0.000000
1.2422402269985469,0.104000,1.227000,-1.758000,1.304000,-0.107000,-0.106000,0.049000,0.022849,1.383140,1.641308,1.333830,-0.038385,-0.005670,-0.032266,-0.057140,0.767907,0.142007,-0.622003,0.416388,-0.214435,0.597094,0.119500,-0.621624,-0.049542,0.772560,-0.330401,-0.265964,0.608354,-0.057140,0.767907,0.142007,-0.622003,0.416388,-0.214435,0.597094,0.119501,-0.621625,-0.049541,0.772559,-0.330401,-0.265964,0.608354,0.451097,0.000000,0.000000,0.000000
1.275175656999636,0.104000,1.227000,-1.758000,1.304000,-0.107000,-0.106000,0.049000,0.022287,1.384076,1.641962,1.336064,-0.037573,-0.006199,-0.035612,-0.057140,0.767907,0.142007,-0.622003,0.416388,-0.214435,0.597094,0.120488,-0.622244,-0.049644,0.771901,-0.330169,-0.265864,0.608685,-0.057140,0.767907,0.142007,-0.622003,0.416388,-0.214435,0.597094,0.120488,-0.622245,-0.049645,0.771900,-0.330169,-0.265864,0.608685,0.451097,0.000000,0.000000,0.000000
1.3091679720018874,0.104000,1.227000,-1.758000,1.304000,-0.107000,-0.106000,0.049000,0.021660,1.384610,1.643178,1.338998,-0.036739,-0.007052,-0.038623,-0.057140,0.767907,0.142007,-0.622003,0.416388,-0.214435,0.597094,0.121400,-0.622749,-0.049079,0.771386,-0.330223,-0.265773,0.609280,-0.057140,0.767907,0.142007,-0.622003,0.416388,-0.214435,0.597094,0.121400,-0.622750,-0.049080,0.771386,-0.330223,-0.265772,0.609280,0.451097,0.000000,0.000000,0.000000
1.3418342549994122,0.104000,1.227000,-1.758000,1.304000,-0.107000,-0.106000,0.049000,0.021020,1.384244,1.644716,1.342718,-0.036940,-0.008681,-0.041858,-0.057140,0.767907,0.142007,-0.622003,0.416388,-0.214435,0.597094,0.122467,-0.622500,-0.047897,0.771493,-0.330691,-0.265711,0.610200,-0.057140,0.767907,0.142007,-0.622003,0.416388,-0.214435,0.597094,0.122467,-0.622501,-0.047896,0.771492,-0.330691,-0.265710,0.610200,0.451097,0.000000,0.000000,0.000000
1.3756045709997125,0.104000,1.227000,-1.758000,1.304000,-0.107000,-0.106000,0.049000,0.019807,1.383762,1.646873,1.346269,-0.035664,-0.009384,-0.041525,-0.057140,0.767907,0.142007,-0.622003,0.416388,-0.214435,0.597094,0.122333,-0.622895,-0.045933,0.771315,-0.331335,-0.265443,0.611047,-0.057140,0.767907,0.142007,-0.622003,0.416388,-0.214435,0.597094,0.122332,-0.622893,-0.045933,0.771316,-0.331335,-0.265444,0.611048,0.451097,0.000000,0.000000,0.000000
1.4087322960003803,0.104000,1.227000,-1.758000,1.304000,-0.107000,-0.106000,0.049000,0.018723,1.382897,1.650537,1.349766,-0.032518,-0.009309,-0.046066,-0.057140,0.767907,0.142007,-0.622003,0.416388,-0.214435,0.597094,0.124332,-0.623849,-0.045086,0.770273,-0.332562,-0.265143,0.611876,-0.057140,0.767907,0.142007,-0.622003,0.416388,-0.214435,0.597094,0.124326,-0.623850,-0.045088,0.770274,-0.332560,-0.265143,0.611879,0.451097,0.000000,0.000000,0.000000
1.4417201520009257,0.104000,1.227000,-1.758000,1.304000,-0.107000,-0.106000,0.049000,0.017607,1.382434,1.653863,1.351907,-0.029697,-0.009660,-0.047037,-0.057140,0.767907,0.142007,-0.622003,0.416388,-0.214435,0.597094,0.125465,-0.624845,-0.043587,0.769368,-0.333598,-0.264778,0.612362,-0.057140,0.767907,0.142007,-0.622003,0.416388,-0.214435,0.597094,0.125462,-0.624844,-0.043586,0.769370,-0.333598,-0.264779,0.612364,0.451097,0.000000,0.000000,0.000000
1.4759041139986948,0.104000,1.227000,-1.758000,1.304000,-0.107000,-0.106000,0.049000,0.015635,1.381608,1.656979,1.354467,-0.028799,-0.011593,-0.045663,-0.057140,0.767907,0.142007,-0.622003,0.416388,-0.214435,0.597094,0.126221,-0.624878,-0.041066,0.769356,-0.334724,-0.264147,0.612824,-0.057140,0.767907,0.142007,-0.622003,0.416388,-0.214435,0.597094,0.126220,-0.624874,-0.041066,0.769359,-0.334725,-0.264149,0.612826,0.451097,0.000000,0.000000,0.000000
1.5091757279988087,0.104000,1.227000,-1.758000,1.304000,-0.107000,-0.106000,0.049000,0.012670,1.381000,1.662127,1.357395,-0.024330,-0.012021,-0.046867,-0.057140,0.767907,0.142007,-0.622003,0.416388,-0.214435,0.597094,0.128348,-0.626399,-0.039293,0.767858,-0.336302,-0.263107,0.613093,-0.057140,0.767907,0.142007,-0.622003,0.416388,-0.214435,0.597094,0.128343,-0.626395,-0.039290,0.767863,-0.336304,-0.263109,0.613099,0.451097,0.000000,0.000000,0.000000
1.5434062269996502,0.104000,1.227000,-1.758000,1.304000,-0.107000,-0.106000,0.049000,0.010372,1.380530,1.664961,1.359008,-0.021646,-0.011860,-0.046323,-0.057140,0.767907,0.142007,-0.622003,0.416388,-0.214435,0.597094,0.129134,-0.627261,-0.038323,0.767072,-0.337201,-0.262304,0.613098,-0.057140,0.767907,0.142007,-0.622003,0.416388,-0.214435,0.597094,0.129133,-0.627259,-0.038321,0.767074,-0.337202,-0.262305,0.613101,0.451097,0.000000,0.000000,0.000000
1.5774344860001293,0.104000,1.227000,-1.758000,1.304000,-0.107000,-0.106000,0.049000,0.005833,1.378907,1.668013,1.362394,-0.019344,-0.011214,-0.044424,-0.057140,0.767907,0.142007,-0.622003,0.416388,-0.214435,0.597094,0.129377,-0.627482,-0.037256,0.766903,-0.338469,-0.260807,0.613118,-0.057140,0.767907,0.142007,-0.622003,0.416388,-0.214435,0.597094,0.129373,-0.627477,-0.037255,0.766908,-0.338468,-0.260808,0.613124,0.451097,0.000000,0.000000,0.000000
1.6100913990012486,0.104000,1.227000,-1.758000,1.304000,-0.107000,-0.106000,0.049000,0.003320,1.377735,1.669908,1.362272,-0.017027,-0.009722,-0.042550,-0.057140,0.767907,0.142007,-0.622003,0.416388,-0.214435,0.597094,0.129665,-0.627925,-0.037345,0.766488,-0.339384,-0.259860,0.612613,-0.057140,0.767907,0.142007,-0.622003,0.416388,-0.214435,0.597094,0.129664,-0.627924,-0.037342,0.766488,-0.339384,-0.259859,0.612616,0.451097,0.000000,0.000000,0.000000
1.6427235529990867,0.104000,1.227000,-1.758000,1.304000,-0.107000,-0.106000,0.049000,0.000782,1.375447,1.670189,1.357467,-0.019349,-0.010531,-0.035393,-0.057140,0.767907,0.142007,-0.622003,0.416388,-0.214435,0.597094,0.129901,-0.625985,-0.037145,0.768042,-0.340527,-0.258688,0.610943,-0.057140,0.767907,0.142007,-0.622003,0.416388,-0.214435,0.597094,0.129893,-0.625984,-0.037153,0.768044,-0.340524,-0.258682,0.610944,0.451097,0.000000,0.000000,0.000000
1.6749729680013843,0.104000,1.227000,-1.758000,1.304000,-0.107000,-0.106000,0.049000,0.000954,1.370323,1.666315,1.338326,-0.031815,-0.015549,-0.021815,-0.057140,0.767907,0.142007,-0.622003,0.416388,-0.214435,0.597094,0.132152,-0.618649,-0.038784,0.773502,-0.342374,-0.257697,0.606204,-0.057140,0.767907,0.142007,-0.622003,0.416388,-0.214435,0.597094,0.132072,-0.618627,-0.038842,0.773530,-0.342349,-0.257663,0.606200,0.451097,0.000000,0.000000,0.000000
1.7094319099996937,0.104000,1.227000,-1.758000,1.304000,-0.107000,-0.106000,0.049000,0.004149,1.368053,1.666299,1.317775,-0.034683,-0.017262,-0.016103,-0.057140,0.767907,0.142007,-0.622003,0.416388,-0.214435,0.597094,0.137126,-0.616362,-0.041806,0.774304,-0.344275,-0.257412,0.601608,-0.057140,0.767907,0.142007,-0.622003,0.416388,-0.214435,0.597094,0.137120,-0.616359,-0.041813,0.774307,-0.344270,-0.257399,0.601616,0.451097,0.000000,0.000000,0.000000
1.7415039549996436,0.104000,1.227000,-1.758000,1.304000,-0.107000,-0.106000,0.049000,0.012041,1.366105,1.667405,1.275156,-0.038293,-0.022298,-0.001687,-0.057140,0.767907,0.142007,-0.622003,0.416388,-0.214435,0.597094,0.146985,-0.613653,-0.045750,0.774424,-0.347607,-0.257114,0.592385,-0.057140,0.767907,0.142007,-0.622003,0.416388,-0.214435,0.597094,0.146956,-0.613633,-0.045784,0.774444,-0.347569,-0.257053,0.592428,0.451097,0.000000,0.000000,0.000000
1.776324618000217,0.104000,1.227000,-1.758000,1.304000,-0.107000,-0.106000,0.049000,0.019333,1.362849,1.662756,1.239714,-0.050449,-0.029200,0.007268,-0.057140,0.767907,0.142007,-0.622003,0.416388,-0.214435,0.597094,0.154876,-0.606650,-0.051292,0.778048,-0.349511,-0.256950,0.584847,-0.057140,0.767907,0.142007,-0.622003,0.416388,-0.214435,0.597094,0.154795,-0.606601,-0.051348,0.778099,-0.349471,-0.256917,0.584878,0.451097,0.000000,0.000000,0.000000
1.8098116940018372,0.104000,1.227000,-1.758000,1.304000,-0.107000,-0.106000,0.049000,0.027585,1.357326,1.655468,1.191332,-0.065592,-0.035168,0.021277,-0.057140,0.767907,0.142007,-0.622003,0.416388,-0.214435,0.597094,0.163917,-0.597075,-0.060630,0.782916,-0.352228,-0.255823,0.574267,-0.057140,0.767907,0.142007,-0.622003,0.416388,-0.214435,0.597094,0.163795,-0.597012,-0.060730,0.782981,-0.352177,-0.255745,0.574320,0.451097,0.000000,0.000000,0.000000
1.8456748339995102,0.104000,1.227000,-1.758000,1.304000,-0.107000,-0.106000,0.049000,0.031782,1.354614,1.652250,1.163086,-0.073596,-0.040078,0.033213,-0.057140,0.767907,0.142007,-0.622003,0.416388,-0.214435,0.597094,0.168448,-0.591827,-0.064419,0.785631,-0.353909,-0.254652,0.568175,-0.057140,0.767907,0.142007,-0.622003,0.416388,-0.214435,0.597094,0.168397,-0.591803,-0.064463,0.785656,-0.353885,-0.254615,0.568193,0.451097,0.000000,0.000000,0.000000
1.8763847740010533,0.104000,1.227000,-1.758000,1.304000,-0.107000,-0.106000,0.049000,0.035919,1.354420,1.655243,1.139213,-0.069104,-0.038521,0.035443,-0.057140,0.767907,0.142007,-0.622003,0.416388,-0.214435,0.597094,0.175841,-0.593234,-0.069088,0.782548,-0.355896,-0.253568,0.563010,-0.057140,0.767907,0.142007,-0.622003,0.416388,-0.214435,0.597094,0.175849,-0.593255,-0.069068,0.782531,-0.355896,-0.253562,0.563029,0.451097,0.000000,0.000000,0.000000
1.910180904000299,0.104000,1.227000,-1.758000,1.304000,-0.107000,-0.106000,0.049000,0.039269,1.354605,1.658913,1.113171,-0.064357,-0.038042,0.040939,-0.057140,0.767907,0.142007,-0.622003,0.416388,-0.214435,0.597094,0.183577,-0.594809,-0.073040,0.779209,-0.357996,-0.251845,0.557167,-0.057140,0.767907,0.142007,-0.622003,0.416388,-0.214435,0.597094,0.183589,-0.594827,-0.073017,0.779195,-0.357995,-0.251830,0.557186,0.451097,0.000000,0.000000,0.000000
1.9434201850017416,0.104000,1.227000,-1.758000,1.304000,-0.107000,-0.106000,0.049000,0.040101,1.353146,1.658024,1.100802,-0.068128,-0.041593,0.050060,-0.057140,0.767907,0.142007,-0.622003,0.416388,-0.214435,0.597094,0.184940,-0.592229,-0.073178,0.780837,-0.359009,-0.250790,0.554476,-0.057140,0.767907,0.142007,-0.622003,0.416388,-0.214435,0.597094,0.184924,-0.592221,-0.073193,0.780846,-0.359002,-0.250777,0.554480,0.451097,0.000000,0.000000,0.000000
1.976201523000782,0.104000,1.227000,-1.758000,1.304000,-0.107000,-0.106000,0.049000,0.041645,1.353633,1.662059,1.088400,-0.061289,-0.038267,0.050524,-0.057140,0.767907,0.142007,-0.622003,0.416388,-0.214435,0.597094,0.189565,-0.595279,-0.075656,0.777164,-0.360326,-0.249770,0.551693,-0.057140,0.767907,0.142007,-0.622003,0.416388,-0.214435,0.597094,0.189565,-0.595295,-0.075635,0.777154,-0.360330,-0.249769,0.551701,0.451097,0.000000,0.000000,0.000000
2.0104946140018,0.104000,1.227000,-1.758000,1.304000,-0.107000,-0.106000,0.049000,0.041604,1.353610,1.663217,1.084554,-0.058549,-0.035993,0.051529,-0.057140,0.767907,0.142007,-0.622003,0.416388,-0.214435,0.597094,0.190477,-0.596534,-0.076759,0.775869,-0.360743,-0.249248,0.550722,-0.057140,0.767907,0.142007,-0.622003,0.416388,-0.214435,0.597094,0.190478,-0.596537,-0.076754,0.775868,-0.360744,-0.249247,0.550723,0.451097,0.000000,0.000000,0.000000
2.043307340998581,0.104000,1.227000,-1.758000,1.304000,-0.107000,-0.106000,0.049000,0.041271,1.353120,1.662519,1.084148,-0.059901,-0.036627,0.053877,-0.057140,0.767907,0.142007,-0.622003,0.416388,-0.214435,0.597094,0.189720,-0.595748,-0.076419,0.776692,-0.360793,-0.249101,0.550614,-0.057140,0.767907,0.142007,-0.622003,0.416388,-0.214435,0.597094,0.189719,-0.595748,-0.076420,0.776692,-0.360793,-0.249100,0.550614,0.451097,0.000000,0.000000,0.000000
2.077249138001207,0.104000,1.227000,-1.758000,1.304000,-0.107000,-0.106000,0.049000,0.041140,1.353053,1.664130,1.083741,-0.056799,-0.034405,0.053988,-0.057140,0.767907,0.142007,-0.622003,0.416388,-0.214435,0.597094,0.189928,-0.597251,-0.076491,0.775479,-0.361197,-0.248954,0.550546,-0.057140,0.767907,0.142007,-0.622003,0.416388,-0.214435,0.597094,0.189926,-0.597252,-0.076489,0.775479,-0.361197,-0.248954,0.550547,0.451097,0.000000,0.000000,0.000000
2.1105810109984304,0.104000,1.227000,-1.758000,1.304000,-0.107000,-0.106000,0.049000,0.041335,1.353336,1.665361,1.084803,-0.054928,-0.033702,0.052728,-0.057140,0.767907,0.142007,-0.622003,0.416388,-0.214435,0.597094,0.190252,-0.598262,-0.076091,0.774659,-0.361338,-0.249124,0.550880,-0.057140,0.767907,0.142007,-0.622003,0.416388,-0.214435,0.597094,0.190250,-0.598262,-0.076091,0.774660,-0.361337,-0.249124,0.550881,0.451097,0.000000,0.000000,0.000000
2.1443767890013987,0.104000,1.227000,-1.758000,1.304000,-0.107000,-0.106000,0.049000,0.041701,1.353480,1.665531,1.086712,-0.054251,-0.033068,0.052154,-0.057140,0.767907,0.142007,-0.622003,0.416388,-0.214435,0.597094,0.189562,-0.598758,-0.075627,0.774491,-0.361219,-0.249514,0.551471,-0.057140,0.767907,0.142007,-0.622003,0.416388,-0.214435,0.597094,0.189562,-0.598758,-0.075627,0.774491,-0.361219,-0.249513,0.551471,0.451097,0.000000,0.000000,0.000000
2.176987128001201,0.104000,1.227000,-1.758000,1.304000,-0.107000,-0.106000,0.049000,0.041767,1.353529,1.666646,1.092815,-0.051312,-0.030288,0.049575,-0.057140,0.767907,0.142007,-0.622003,0.416388,-0.214435,0.597094,0.188004,-0.600471,-0.074744,0.773629,-0.361152,-0.250261,0.553100,-0.057140,0.767907,0.142007,-0.622003,0.416388,-0.214435,0.597094,0.187997,-0.600468,-0.074748,0.773633,-0.361149,-0.250259,0.553101,0.451097,0.000000,0.000000,0.000000
2.2104049080007826,0.104000,1.227000,-1.758000,1.304000,-0.107000,-0.106000,0.049000,0.041829,1.353785,1.667361,1.096953,-0.050003,-0.029588,0.047964,-0.057140,0.767907,0.142007,-0.622003,0.416388,-0.214435,0.597094,0.187158,-0.601318,-0.073765,0.773270,-0.361031,-0.250766,0.554198,-0.057140,0.767907,0.142007,-0.622003,0.416388,-0.214435,0.597094,0.187156,-0.601318,-0.073766,0.773271,-0.361031,-0.250766,0.554199,0.451097,0.000000,0.000000,0.000000
2.244292020001012,0.104000,1.227000,-1.758000,1.304000,-0.107000,-0.106000,0.049000,0.041507,1.353535,1.667373,1.103675,-0.049186,-0.028032,0.045783,-0.057140,0.767907,0.142007,-0.622003,0.416388,-0.214435,0.597094,0.185215,-0.601881,-0.072857,0.773386,-0.360804,-0.251443,0.555890,-0.057140,0.767907,0.142007,-0.622003,0.416388,-0.214435,0.597094,0.185213,-0.601879,-0.072859,0.773388,-0.360802,-0.251441,0.555891,0.451097,0.000000,0.000000,0.000000
2.2767276560007303,0.104000,1.227000,-1.758000,1.304000,-0.107000,-0.106000,0.049000,0.041206,1.353617,1.667864,1.108117,-0.048645,-0.027963,0.044367,-0.057140,0.767907,0.142007,-0.622003,0.416388,-0.214435,0.597094,0.184368,-0.602264,-0.071766,0.773392,-0.360702,-0.251830,0.556993,-0.057140,0.767907,0.142007,-0.622003,0.416388,-0.214435,0.597094,0.184368,-0.602264,-0.071767,0.773393,-0.360702,-0.251829,0.556993,0.451097,0.000000,0.000000,0.000000
2.3107080629997654,0.104000,1.227000,-1.758000,1.304000,-0.107000,-0.106000,0.049000,0.040721,1.353516,1.668029,1.114062,-0.047880,-0.026890,0.042905,-0.057140,0.767907,0.142007,-0.622003,0.416388,-0.214435,0.597094,0.182659,-0.602792,-0.070739,0.773481,-0.360493,-0.252331,0.558449,-0.057140,0.767907,0.142007,-0.622003,0.416388,-0.214435,0.597094,0.182658,-0.602791,-0.070741,0.773483,-0.360492,-0.252330,0.558450,0.451097,0.000000,0.000000,0.000000
2.3445906749984715,0.104000,1.227000,-1.758000,1.304000,-0.107000,-0.106000,0.049000,0.040411,1.353161,1.667677,1.117184,-0.048070,-0.026229,0.041523,-0.057140,0.767907,0.142007,-0.622003,0.416388,-0.214435,0.597094,0.181829,-0.602677,-0.070638,0.773776,-0.360394,-0.252572,0.559192,-0.057140,0.767907,0.142007,-0.622003,0.416388,-0.214435,0.597094,0.181829,-0.602677,-0.070638,0.773776,-0.360394,-0.252571,0.559192,0.451097,0.000000,0.000000,0.000000
2.3764285540019046,0.104000,1.227000,-1.758000,1.304000,-0.107000,-0.106000,0.049000,0.039959,1.352947,1.667586,1.120234,-0.047495,-0.024962,0.040148,-0.057140,0.767907,0.142007,-0.622003,0.416388,-0.214435,0.597094,0.181003,-0.602975,-0.070685,0.773733,-0.360289,-0.252738,0.559867,-0.057140,0.767907,0.142007,-0.622003,0.416388,-0.214435,0.597094,0.181002,-0.602975,-0.070686,0.773733,-0.360288,-0.252738,0.559867,0.451097,0.000000,0.000000,0.000000
2.410236444000475,0.104000,1.227000,-1.758000,1.304000,-0.107000,-0.106000,0.049000,0.039227,1.352847,1.667832,1.124499,-0.047260,-0.024737,0.037925,-0.057140,0.767907,0.142007,-0.622003,0.416388,-0.214435,0.597094,0.180528,-0.603092,-0.070227,0.773795,-0.360205,-0.252910,0.560785,-0.057140,0.767907,0.142007,-0.622003,0.416388,-0.214435,0.597094,0.180528,-0.603092,-0.070227,0.773795,-0.360205,-0.252909,0.560786,0.451097,0.000000,0.000000,0.000000
2.4432609290015534,0.100481,1.223782,-1.752168,1.285133,-0.084927,-0.090060,0.054724,0.038725,1.352496,1.668106,1.126558,-0.046950,-0.024306,0.036945,-0.057868,0.774968,0.149897,-0.611234,0.418034,-0.214026,0.593080,0.180285,-0.603141,-0.070051,0.773829,-0.360323,-0.252925,0.561232,-0.057898,0.775045,0.149747,-0.611170,0.417988,-0.214023,0.593083,0.180285,-0.603140,-0.070051,0.773829,-0.360323,-0.252925,0.561232,0.451097,0.000000,0.000000,0.000000
2.47708430000057,0.099905,1.227330,-1.760730,1.282651,-0.090328,-0.082117,0.047745,0.038277,1.351831,1.668112,1.128187,-0.047353,-0.024247,0.036219,-0.053269,0.771646,0.158038,-0.613798,0.419556,-0.213459,0.592659,0.180092,-0.602735,-0.069911,0.774203,-0.360531,-0.252921,0.561610,-0.053292,0.771624,0.158044,-0.613823,0.419556,-0.213459,0.592653,0.180092,-0.602735,-0.069911,0.774203,-0.360531,-0.252921,0.561610,0.451097,0.000000,0.000000,0.000000
2.510519709001528,0.101259,1.232541,-1.771739,1.296521,-0.096987,-0.071497,0.040597,0.038275,1.351803,1.668546,1.128518,-0.046889,-0.024137,0.034753,-0.043074,0.768776,0.161703,-0.617236,0.419931,-0.213778,0.596109,0.180666,-0.602904,-0.070080,0.773922,-0.360650,-0.252928,0.561684,-0.043100,0.768749,0.161726,-0.617262,0.419941,-0.213757,0.596112,0.180665,-0.602904,-0.070080,0.773922,-0.360650,-0.252928,0.561684,0.451097,0.000000,0.000000,0.000000
2.545105354998668,0.103762,1.236571,-1.781366,1.317013,-0.100445,-0.060022,0.032943,0.038377,1.351939,1.668471,1.128134,-0.046868,-0.024093,0.034165,-0.032369,0.767757,0.163080,-0.618794,0.419879,-0.214322,0.601147,0.180963,-0.602937,-0.070398,0.773798,-0.360594,-0.252921,0.561569,-0.032375,0.767728,0.163105,-0.618824,0.419893,-0.214298,0.601159,0.180963,-0.602937,-0.070398,0.773798,-0.360594,-0.252921,0.561569,0.451097,0.000000,0.000000,0.000000
2.578767170998617,0.111150,1.239467,-1.792481,1.362597,-0.100977,-0.045070,0.021540,0.039902,1.352426,1.666551,1.124470,-0.048483,-0.024092,0.034247,-0.016391,0.769842,0.158469,-0.618031,0.418700,-0.215254,0.612128,0.181121,-0.602371,-0.071886,0.774065,-0.360047,-0.253177,0.560833,-0.016354,0.769787,0.158506,-0.618091,0.418727,-0.215192,0.612192,0.181120,-0.602370,-0.071886,0.774066,-0.360047,-0.253178,0.560835,0.451097,0.000000,0.000000,0.000000
2.6244404899989604,0.114110,1.242879,-1.803181,1.395836,-0.105759,-0.035124,0.015235,0.041280,1.353474,1.665363,1.121855,-0.049327,-0.024521,0.033747,-0.001965,0.769393,0.154039,-0.619921,0.418106,-0.216299,0.621005,0.181527,-0.602325,-0.072814,0.773919,-0.359427,-0.253469,0.560307,-0.001979,0.769379,0.154051,-0.619936,0.418109,-0.216271,0.621026,0.181525,-0.602324,-0.072814,0.773920,-0.359426,-0.253469,0.560308,0.451097,0.000000,0.000000,0.000000
2.660546702998545,0.120350,1.249430,-1.824786,1.459752,-0.135246,-0.034767,-0.017440,0.043099,1.356101,1.662701,1.119023,-0.050517,-0.024560,0.031924,0.013754,0.760390,0.147396,-0.632371,0.416734,-0.217265,0.637389,0.181707,-0.602666,-0.074937,0.773408,-0.357747,-0.253951,0.559536,0.013754,0.760389,0.147396,-0.632371,0.416734,-0.217265,0.637389,0.181707,-0.602666,-0.074937,0.773408,-0.357747,-0.253951,0.559536,0.451097,0.000000,0.000000,0.000000
2.6813144820007437,0.126997,1.253440,-1.839375,1.507729,-0.162531,-0.043870,-0.024247,0.043276,1.357758,1.660171,1.119745,-0.052329,-0.024779,0.031405,0.026247,0.753581,0.132352,-0.643358,0.415244,-0.217023,0.649765,0.180671,-0.602432,-0.075996,0.773730,-0.356344,-0.254182,0.559432,0.026057,0.753781,0.132103,-0.643183,0.415083,-0.217016,0.649808,0.180670,-0.602432,-0.075994,0.773730,-0.356343,-0.254183,0.559434,0.451097,0.000000,0.000000,0.000000
2.7134997120010667,0.133553,1.256911,-1.852072,1.557158,-0.180195,-0.046247,-0.025983,0.043082,1.359357,1.658198,1.121993,-0.052974,-0.024045,0.030472,0.041253,0.750567,0.115946,-0.649233,0.413157,-0.216425,0.662807,0.179298,-0.602774,-0.076866,0.773698,-0.355016,-0.254422,0.559663,0.041119,0.750693,0.115834,-0.649116,0.413055,-0.216438,0.662848,0.179297,-0.602774,-0.076864,0.773698,-0.355016,-0.254423,0.559664,0.451097,0.000000,0.000000,0.000000
2.751443991000997,0.142781,1.264694,-1.873604,1.632107,-0.216017,-0.051439,-0.036964,0.041915,1.361773,1.655636,1.127505,-0.053124,-0.022259,0.028075,0.061741,0.741603,0.093196,-0.661458,0.409743,-0.214445,0.682431,0.177061,-0.603675,-0.078152,0.773381,-0.353012,-0.254647,0.560334,0.061741,0.741603,0.093196,-0.661459,0.409743,-0.214445,0.682431,0.177061,-0.603675,-0.078152,0.773381,-0.353012,-0.254647,0.560334,0.451097,0.000000,0.000000,0.000000
2.7797210339995218,0.147794,1.270655,-1.886899,1.679624,-0.234092,-0.049365,-0.043349,0.040598,1.362973,1.653886,1.131808,-0.053524,-0.021093,0.027166,0.076613,0.736584,0.080093,-0.667203,0.407469,-0.212711,0.694881,0.175234,-0.604002,-0.078798,0.773477,-0.351805,-0.254649,0.560866,0.076465,0.736690,0.079998,-0.667114,0.407374,-0.212691,0.694904,0.175234,-0.604003,-0.078797,0.773476,-0.351804,-0.254649,0.560867,0.451097,0.000000,0.000000,0.000000
2.813440776000789,0.155694,1.276702,-1.902054,1.746088,-0.254602,-0.046791,-0.054868,0.038815,1.364400,1.652435,1.137328,-0.054073,-0.020740,0.025879,0.093797,0.731781,0.061780,-0.672221,0.403705,-0.209485,0.712021,0.173561,-0.604296,-0.078954,0.773608,-0.350554,-0.254584,0.561589,0.093528,0.731957,0.061618,-0.672083,0.403521,-0.209434,0.712059,0.173562,-0.604298,-0.078952,0.773606,-0.350553,-0.254584,0.561591,0.451097,0.000000,0.000000,0.000000
2.846671316001448,0.160392,1.280227,-1.910174,1.785694,-0.271100,-0.047384,-0.067036,0.038652,1.364925,1.651915,1.139025,-0.054159,-0.020488,0.025079,0.100667,0.727601,0.051200,-0.676639,0.400925,-0.207164,0.722000,0.173022,-0.604481,-0.079055,0.773574,-0.350111,-0.254719,0.561899,0.100524,0.727688,0.051100,-0.676575,0.400827,-0.207132,0.721999,0.173022,-0.604481,-0.079055,0.773574,-0.350111,-0.254719,0.561899,0.451097,0.000000,0.000000,0.000000
2.8802265589984017,0.165812,1.282811,-1.915550,1.822186,-0.280650,-0.047243,-0.074244,0.038594,1.365336,1.651648,1.140513,-0.053747,-0.019828,0.024530,0.107011,0.725894,0.040384,-0.678230,0.397920,-0.204641,0.730880,0.172420,-0.604877,-0.079117,0.773392,-0.349780,-0.254869,0.562211,0.106937,0.725940,0.040345,-0.678195,0.397865,-0.204627,0.730889,0.172420,-0.604877,-0.079117,0.773392,-0.349780,-0.254869,0.562211,0.451097,0.000000,0.000000,0.000000
2.9126051950006513,0.171451,1.285841,-1.921071,1.862892,-0.295017,-0.048804,-0.084280,0.038661,1.365888,1.652042,1.142201,-0.053376,-0.020302,0.023235,0.112671,0.722677,0.027855,-0.681372,0.394348,-0.201689,0.740725,0.172535,-0.605240,-0.078627,0.773133,-0.349599,-0.255066,0.562623,0.112547,0.722756,0.027781,-0.681312,0.394257,-0.201670,0.740725,0.172535,-0.605240,-0.078627,0.773133,-0.349599,-0.255066,0.562623,0.451097,0.000000,0.000000,0.000000
2.94657862099848,0.174685,1.288041,-1.922866,1.882874,-0.300794,-0.048648,-0.089544,0.038814,1.366186,1.652874,1.143565,-0.052647,-0.020708,0.021967,0.114923,0.721283,0.022163,-0.682680,0.392133,-0.200049,0.745216,0.172883,-0.605675,-0.078008,0.772777,-0.349657,-0.255248,0.563023,0.114901,0.721296,0.022151,-0.682671,0.392118,-0.200043,0.745217,0.172883,-0.605675,-0.078009,0.772777,-0.349657,-0.255248,0.563023,0.451097,0.000000,0.000000,0.000000
2.980242140998598,0.180201,1.289332,-1.918567,1.900852,-0.293786,-0.049566,-0.085111,0.038249,1.366167,1.654214,1.148284,-0.050973,-0.020116,0.019035,0.116310,0.724420,0.014107,-0.679330,0.388740,-0.198388,0.748454,0.172780,-0.606495,-0.077163,0.772242,-0.349812,-0.255484,0.564148,0.116334,0.724391,0.014101,-0.679357,0.388749,-0.198393,0.748483,0.172778,-0.606494,-0.077164,0.772243,-0.349811,-0.255483,0.564149,0.451097,0.000000,0.000000,0.000000
3.0137718090009002,0.183660,1.289268,-1.913422,1.903333,-0.289736,-0.053591,-0.079800,0.037323,1.365970,1.655124,1.153205,-0.049936,-0.019623,0.016342,0.113827,0.726273,0.010113,-0.677842,0.387018,-0.197922,0.748060,0.172483,-0.606945,-0.076484,0.772022,-0.349917,-0.255602,0.565231,0.113824,0.726258,0.010104,-0.677858,0.387013,-0.197924,0.748065,0.172482,-0.606945,-0.076485,0.772022,-0.349916,-0.255601,0.565232,0.451097,0.000000,0.000000,0.000000
3.047127089001151,0.186280,1.289415,-1.906347,1.896094,-0.280857,-0.057542,-0.068254,0.035357,1.366161,1.657467,1.161898,-0.046942,-0.018688,0.012227,0.110820,0.729083,0.007900,-0.675348,0.385825,-0.198146,0.745117,0.172050,-0.608444,-0.074923,0.771091,-0.350070,-0.255659,0.567049,0.110787,0.729073,0.007864,-0.675364,0.385803,-0.198134,0.745117,0.172044,-0.608441,-0.074928,0.771094,-0.350068,-0.255656,0.567052,0.451097,0.000000,0.000000,0.000000
3.080683239000791,0.187913,1.288552,-1.890904,1.862935,-0.261253,-0.064904,-0.045061,0.031719,1.366951,1.661577,1.177054,-0.040863,-0.016331,0.005336,0.101384,0.734493,0.010144,-0.670923,0.385365,-0.200098,0.734865,0.171026,-0.611602,-0.072454,0.769053,-0.350136,-0.255653,0.570123,0.101160,0.734521,0.009962,-0.670929,0.385218,-0.200015,0.734834,0.171004,-0.611592,-0.072469,0.769065,-0.350129,-0.255643,0.570133,0.451097,0.000000,0.000000,0.000000
3.115274457999476,0.185785,1.286644,-1.878649,1.828651,-0.245681,-0.067657,-0.036266,0.028695,1.366644,1.662721,1.190639,-0.039970,-0.016088,0.001589,0.090598,0.738392,0.018219,-0.668010,0.385937,-0.202341,0.725040,0.168666,-0.612043,-0.069957,0.769455,-0.349954,-0.255789,0.573034,0.090464,0.738460,0.018121,-0.667956,0.385843,-0.202321,0.725035,0.168663,-0.612041,-0.069960,0.769457,-0.349951,-0.255784,0.573040,0.451097,0.000000,0.000000,0.000000
3.1466758950009535,0.183525,1.286086,-1.864185,1.789472,-0.216426,-0.064142,-0.018436,0.024641,1.366774,1.665407,1.209478,-0.036302,-0.014434,-0.006204,0.082744,0.745788,0.027736,-0.660442,0.386363,-0.204519,0.713706,0.166383,-0.613898,-0.067177,0.768722,-0.349755,-0.255945,0.577032,0.082454,0.745948,0.027448,-0.660310,0.386151,-0.204468,0.713696,0.166368,-0.613889,-0.067191,0.768731,-0.349746,-0.255931,0.577044,0.451097,0.000000,0.000000,0.000000
3.1844180449988926,0.178018,1.282396,-1.839272,1.715122,-0.179373,-0.067167,0.012536,0.013620,1.365862,1.667310,1.250274,-0.032773,-0.010577,-0.010233,0.063293,0.755553,0.040497,-0.650763,0.387240,-0.207738,0.692858,0.155635,-0.615668,-0.059985,0.770151,-0.348563,-0.255428,0.585445,0.063293,0.755553,0.040497,-0.650764,0.387240,-0.207738,0.692858,0.155635,-0.615668,-0.059985,0.770151,-0.348563,-0.255428,0.585445,0.451097,0.000000,0.000000,0.000000
3.21397071300089,0.171654,1.279204,-1.819800,1.658353,-0.159682,-0.071241,0.019284,0.006061,1.364574,1.668551,1.281027,-0.028353,-0.004857,-0.012478,0.042943,0.759607,0.054478,-0.646673,0.387947,-0.209963,0.676841,0.146110,-0.617642,-0.055029,0.770806,-0.347732,-0.255198,0.592092,0.042709,0.759755,0.054300,-0.646529,0.387787,-0.209952,0.676884,0.146076,-0.617617,-0.055065,0.770830,-0.347695,-0.255192,0.592122,0.451097,0.000000,0.000000,0.000000
3.2495349279997754,0.155507,1.286316,-1.799358,1.554994,-0.084163,-0.087560,0.075061,-0.004354,1.364101,1.673009,1.332360,-0.023079,-0.002471,-0.026359,0.019269,0.776706,0.063199,-0.626388,0.388377,-0.212465,0.649679,0.136080,-0.620016,-0.045818,0.771339,-0.346496,-0.255100,0.603717,0.019272,0.776704,0.063202,-0.626391,0.388371,-0.212452,0.649693,0.136059,-0.619999,-0.045837,0.771355,-0.346476,-0.255092,0.603731,0.451097,0.000000,0.000000,0.000000
3.28396524100026,0.140656,1.279859,-1.777660,1.474597,-0.058369,-0.090075,0.098734,-0.012199,1.363993,1.677150,1.372106,-0.017040,0.000380,-0.035965,-0.002163,0.782253,0.075461,-0.618370,0.390471,-0.214178,0.630052,0.127611,-0.622669,-0.038375,0.771055,-0.345531,-0.254765,0.612919,-0.002163,0.782253,0.075461,-0.618370,0.390470,-0.214178,0.630052,0.127611,-0.622669,-0.038375,0.771055,-0.345531,-0.254765,0.612919,0.451097,0.000000,0.000000,0.000000
3.315399751001678,0.105408,1.318718,-1.809597,1.355486,0.012254,-0.140356,0.088423,-0.025788,1.345923,1.661137,1.436261,0.016315,-0.014289,-0.048591,-0.040974,0.779338,0.111973,-0.615155,0.393612,-0.215196,0.600779,0.112068,-0.627883,-0.025607,0.769771,-0.343948,-0.254001,0.628232,-0.040910,0.779302,0.112019,-0.615197,0.393644,-0.215121,0.600846,0.111985,-0.627819,-0.025664,0.769834,-0.343878,-0.253977,0.628265,0.451097,0.000000,0.000000,0.000000
3.3506365419998474,0.089558,1.312774,-1.790584,1.274249,0.045432,-0.126642,0.131577,-0.031900,1.344537,1.665250,1.476352,0.021315,-0.012160,-0.053265,-0.052684,0.786756,0.119856,-0.603219,0.395210,-0.214542,0.582818,0.100616,-0.629614,-0.016157,0.770196,-0.342925,-0.253563,0.638487,-0.052684,0.786756,0.119856,-0.603220,0.395209,-0.214543,0.582818,0.100616,-0.629614,-0.016157,0.770196,-0.342925,-0.253563,0.638487,0.451097,0.000000,0.000000,0.000000
3.383069086001342,0.063338,1.319249,-1.786053,1.160079,0.124014,-0.109199,0.186676,-0.038526,1.343895,1.673606,1.531015,0.031357,-0.010325,-0.062594,-0.069326,0.800616,0.134598,-0.579734,0.397090,-0.212113,0.558202,0.086701,-0.633503,-0.002084,0.768864,-0.341994,-0.252916,0.652947,-0.069326,0.800619,0.134601,-0.579729,0.397075,-0.212082,0.558247,0.086671,-0.633479,-0.002111,0.768888,-0.341964,-0.252901,0.652958,0.451097,0.000000,0.000000,0.000000
3.417325955000706,0.048353,1.311902,-1.764790,1.085989,0.155373,-0.092502,0.236400,-0.041683,1.343507,1.679225,1.563892,0.039151,-0.008505,-0.069182,-0.079769,0.809476,0.133717,-0.566131,0.397670,-0.209765,0.543449,0.078185,-0.636310,0.006212,0.767436,-0.341486,-0.252413,0.661932,-0.079769,0.809476,0.133717,-0.566131,0.397669,-0.209765,0.543449,0.078185,-0.636310,0.006212,0.767436,-0.341486,-0.252413,0.661932,0.451097,0.000000,0.000000,0.000000
3.448128727999574,0.033010,1.311939,-1.762382,1.029088,0.153350,-0.098744,0.223275,-0.043975,1.342331,1.682206,1.592093,0.039578,-0.009885,-0.070688,-0.098483,0.801750,0.153195,-0.569236,0.399409,-0.207786,0.531757,0.069623,-0.635862,0.015147,0.768507,-0.340839,-0.251976,0.669865,-0.098506,0.801735,0.153156,-0.569264,0.399384,-0.207866,0.531872,0.069614,-0.635855,0.015138,0.768513,-0.340830,-0.251973,0.669873,0.451097,0.000000,0.000000,0.000000
3.48137241600125,0.016589,1.321479,-1.770137,0.969504,0.136305,-0.107829,0.191692,-0.046391,1.338941,1.683585,1.624889,0.036487,-0.010741,-0.072629,-0.117795,0.783829,0.183601,-0.581402,0.399372,-0.204662,0.518783,0.058794,-0.633081,0.024446,0.771462,-0.339957,-0.251364,0.679222,-0.118017,0.783728,0.183308,-0.581584,0.399263,-0.204836,0.518817,0.058789,-0.633082,0.024444,0.771462,-0.339951,-0.251358,0.679229,0.451097,0.000000,0.000000,0.000000
3.5145474929995544,0.013875,1.320472,-1.754211,0.941819,0.157010,-0.096128,0.218708,-0.046124,1.337676,1.685695,1.638725,0.042351,-0.006949,-0.075722,-0.123614,0.790725,0.178785,-0.572284,0.396837,-0.202459,0.512490,0.053622,-0.634745,0.027127,0.770382,-0.339832,-0.251359,0.683528,-0.123755,0.790775,0.178514,-0.572269,0.396771,-0.202394,0.512567,0.053599,-0.634727,0.027109,0.770398,-0.339815,-0.251354,0.683527,0.451097,0.000000,0.000000,0.000000
3.547842143998423,0.013635,1.317768,-1.733124,0.919983,0.182780,-0.085647,0.245988,-0.043458,1.338191,1.688313,1.645493,0.047387,-0.006166,-0.079167,-0.131871,0.800265,0.169634,-0.559830,0.393706,-0.199872,0.507117,0.051763,-0.636842,0.029789,0.768677,-0.339944,-0.252000,0.686300,-0.132021,0.800271,0.169303,-0.559887,0.393635,-0.199818,0.507190,0.051750,-0.636839,0.029780,0.768681,-0.339936,-0.251996,0.686298,0.451097,0.000000,0.000000,0.000000
3.581988032001391,0.013816,1.320573,-1.733449,0.916279,0.179616,-0.088828,0.244879,-0.041778,1.337777,1.686631,1.641993,0.043132,-0.007858,-0.079395,-0.134243,0.797669,0.170546,-0.562687,0.392468,-0.199041,0.505791,0.052878,-0.635180,0.029317,0.769994,-0.339878,-0.252551,0.685681,-0.134242,0.797670,0.170544,-0.562687,0.392470,-0.199042,0.505788,0.052875,-0.635178,0.029317,0.769996,-0.339876,-0.252551,0.685682,0.451097,0.000000,0.000000,0.000000
3.614931592001085,0.015163,1.324714,-1.737293,0.919924,0.172523,-0.093334,0.235326,-0.037014,1.337344,1.684022,1.625261,0.037792,-0.009657,-0.074450,-0.135387,0.793448,0.173929,-0.567327,0.391336,-0.198800,0.505667,0.056093,-0.633265,0.027387,0.771414,-0.340486,-0.254100,0.682165,-0.135405,0.793449,0.173905,-0.567328,0.391338,-0.198793,0.505662,0.056077,-0.633252,0.027372,0.771426,-0.340473,-0.254093,0.682172,0.451097,0.000000,0.000000,0.000000
3.6485020379986963,0.019396,1.327823,-1.737475,0.932218,0.171362,-0.094009,0.230290,-0.032358,1.338265,1.682936,1.604642,0.035915,-0.011341,-0.071568,-0.134721,0.793066,0.172519,-0.568449,0.389595,-0.198923,0.507031,0.061981,-0.633187,0.024069,0.771138,-0.341414,-0.255508,0.677379,-0.134719,0.793064,0.172523,-0.568451,0.389596,-0.198917,0.507039,0.061971,-0.633179,0.024056,0.771145,-0.341400,-0.255503,0.677389,0.451097,0.000000,0.000000,0.000000
3.6808762299988302,0.026745,1.329384,-1.733968,0.955036,0.171546,-0.099652,0.232381,-0.026699,1.339769,1.679124,1.567148,0.026152,-0.017627,-0.067279,-0.133150,0.794782,0.162940,-0.569248,0.387137,-0.199631,0.510418,0.074565,-0.630361,0.017138,0.772523,-0.342728,-0.257075,0.667739,-0.133160,0.794770,0.162934,-0.569264,0.387113,-0.199639,0.510436,0.074488,-0.630297,0.017063,0.772584,-0.342656,-0.257063,0.667760,0.451097,0.000000,0.000000,0.000000
3.7149737479994656,0.031029,1.331760,-1.736971,0.976047,0.163995,-0.108181,0.222446,-0.020689,1.341394,1.675090,1.518218,0.020541,-0.020184,-0.052738,-0.131551,0.792480,0.159858,-0.573685,0.385956,-0.201037,0.514086,0.086024,-0.628860,0.008357,0.772700,-0.344375,-0.258322,0.655121,-0.131584,0.792503,0.159811,-0.573659,0.385940,-0.201017,0.514103,0.085956,-0.628809,0.008278,0.772750,-0.344304,-0.258245,0.655146,0.451097,0.000000,0.000000,0.000000
3.747353088001546,0.032170,1.332330,-1.737566,0.985874,0.162429,-0.110231,0.218467,-0.016086,1.341019,1.668769,1.480570,0.006819,-0.026309,-0.043485,-0.130262,0.792503,0.157934,-0.574481,0.385482,-0.202076,0.516097,0.095892,-0.623156,0.001089,0.776196,-0.345307,-0.258900,0.645366,-0.130266,0.792505,0.157931,-0.574478,0.385479,-0.202072,0.516100,0.095775,-0.623077,0.000996,0.776274,-0.345228,-0.258864,0.645385,0.451097,0.000000,0.000000,0.000000
3.7820892700001423,0.032899,1.331329,-1.736120,0.992716,0.163207,-0.112990,0.214936,-0.012901,1.340546,1.664403,1.446226,-0.001354,-0.029387,-0.038022,-0.130995,0.793261,0.155873,-0.573830,0.385281,-0.202889,0.517560,0.105709,-0.619344,-0.007377,0.777936,-0.346469,-0.258783,0.636194,-0.130998,0.793263,0.155874,-0.573826,0.385279,-0.202886,0.517562,0.105655,-0.619304,-0.007427,0.777975,-0.346427,-0.258763,0.636206,0.451097,0.000000,0.000000,0.000000
3.8145789800000784,0.033058,1.329032,-1.734910,1.000280,0.164972,-0.114997,0.209400,-0.006667,1.341723,1.661719,1.388430,-0.001329,-0.027980,-0.021099,-0.131580,0.794701,0.154455,-0.572085,0.385719,-0.204044,0.519493,0.118326,-0.619218,-0.019399,0.776010,-0.348813,-0.258321,0.621334,-0.131579,0.794704,0.154459,-0.572079,0.385717,-0.204038,0.519495,0.118310,-0.619224,-0.019415,0.776007,-0.348777,-0.258209,0.621385,0.451097,0.000000,0.000000,0.000000
3.8482735920006235,0.033940,1.328528,-1.736547,1.007979,0.162895,-0.117027,0.205072,0.000125,1.341731,1.659979,1.344721,-0.007720,-0.033367,-0.015494,-0.130390,0.794564,0.153831,-0.572715,0.386058,-0.204789,0.521260,0.131990,-0.615910,-0.027507,0.776194,-0.351168,-0.257984,0.610785,-0.130394,0.794566,0.153826,-0.572712,0.386055,-0.204786,0.521263,0.131935,-0.615869,-0.027565,0.776233,-0.351114,-0.257961,0.610820,0.451097,0.000000,0.000000,0.000000
3.8820852030003152,0.036217,1.328682,-1.742055,1.026258,0.155512,-0.121923,0.195543,0.009405,1.343740,1.662583,1.278348,-0.002186,-0.032908,0.001305,-0.126495,0.793169,0.152673,-0.575824,0.386674,-0.206398,0.525365,0.148850,-0.617864,-0.038568,0.771103,-0.354953,-0.256536,0.594842,-0.126522,0.793184,0.152631,-0.575808,0.386659,-0.206382,0.525382,0.148874,-0.617908,-0.038526,0.771066,-0.354917,-0.256411,0.594938,0.451097,0.000000,0.000000,0.000000
3.9152600209999946,0.040565,1.329023,-1.745064,1.047569,0.153759,-0.120981,0.190369,0.018542,1.342513,1.660653,1.224657,-0.004907,-0.033441,0.019941,-0.121081,0.794585,0.149550,-0.575855,0.386547,-0.207613,0.529766,0.158985,-0.615553,-0.046622,0.770484,-0.357831,-0.255402,0.582909,-0.121083,0.794586,0.149548,-0.575854,0.386545,-0.207604,0.529783,0.158958,-0.615553,-0.046656,0.770487,-0.357788,-0.255296,0.582983,0.451097,0.000000,0.000000,0.000000
3.9513199200009694,0.046644,1.329657,-1.749190,1.075709,0.148871,-0.123902,0.181745,0.028451,1.338418,1.653076,1.169230,-0.021267,-0.041506,0.035014,-0.115599,0.795036,0.145355,-0.577431,0.386248,-0.208952,0.535458,0.170875,-0.605706,-0.056241,0.775087,-0.360652,-0.253935,0.570847,-0.115623,0.795050,0.145331,-0.577413,0.386233,-0.208931,0.535488,0.170705,-0.605611,-0.056381,0.775188,-0.360564,-0.253848,0.570922,0.451097,0.000000,0.000000,0.000000
3.9839478329995472,0.060672,1.331321,-1.758498,1.133230,0.135961,-0.132618,0.165619,0.043836,1.333236,1.646640,1.085897,-0.035509,-0.043722,0.057935,-0.104893,0.794702,0.136204,-0.582147,0.385533,-0.210775,0.546678,0.186808,-0.595839,-0.072044,0.777746,-0.365599,-0.251083,0.553100,-0.105032,0.794790,0.136047,-0.582038,0.385513,-0.210558,0.547037,0.186666,-0.595838,-0.072225,0.777764,-0.365415,-0.250724,0.553522,0.451097,0.000000,0.000000,0.000000
4.0159035270007735,0.068871,1.331069,-1.762352,1.170946,0.130302,-0.137725,0.158689,0.057733,1.329491,1.647819,1.026816,-0.033781,-0.041131,0.071203,-0.097733,0.796155,0.127467,-0.583384,0.384940,-0.211944,0.555120,0.199439,-0.594257,-0.081505,0.774881,-0.370273,-0.248961,0.542508,-0.097782,0.796184,0.127421,-0.583347,0.384900,-0.211923,0.555167,0.199473,-0.594335,-0.081458,0.774817,-0.370251,-0.248879,0.542642,0.451097,0.000000,0.000000,0.000000
4.048728141999163,0.084041,1.332626,-1.774873,1.237968,0.115050,-0.145219,0.138086,0.074184,1.324994,1.650971,0.950069,-0.039842,-0.054260,0.093854,-0.084080,0.795932,0.117868,-0.587818,0.384644,-0.213308,0.569492,0.219116,-0.587358,-0.086500,0.774284,-0.377212,-0.245103,0.528726,-0.084260,0.796047,0.117680,-0.587674,0.384533,-0.213191,0.569660,0.219006,-0.587295,-0.086644,0.774347,-0.377051,-0.244954,0.528901,0.451097,0.000000,0.000000,0.000000
4.082315125000605,0.091727,1.334068,-1.785413,1.279172,0.098937,-0.154037,0.122863,0.085181,1.319098,1.651318,0.903993,-0.043876,-0.058367,0.108833,-0.075656,0.793422,0.111954,-0.593484,0.384824,-0.214153,0.579153,0.228400,-0.582125,-0.090612,0.775083,-0.382061,-0.242766,0.521534,-0.075774,0.793506,0.111795,-0.593387,0.384749,-0.214095,0.579215,0.228388,-0.582138,-0.090635,0.775074,-0.382030,-0.242700,0.521609,0.451097,0.000000,0.000000,0.000000
4.120679643001495,0.098727,1.335785,-1.796666,1.317823,0.083732,-0.159898,0.107772,0.096119,1.316198,1.662460,0.862967,-0.031952,-0.056034,0.116770,-0.066610,0.791076,0.107505,-0.598502,0.385303,-0.214701,0.588343,0.241326,-0.586034,-0.091745,0.768055,-0.387705,-0.240627,0.515590,-0.066713,0.791142,0.107375,-0.598426,0.385242,-0.214649,0.588397,0.241341,-0.586140,-0.091643,0.767982,-0.387656,-0.240611,0.515679,0.451097,0.000000,0.000000,0.000000
4.1494330179993995,0.106973,1.337147,-1.813928,1.367388,0.064077,-0.164389,0.085997,0.107745,1.308725,1.668123,0.814834,-0.034398,-0.067567,0.135453,-0.053339,0.788299,0.104040,-0.604083,0.387125,-0.215117,0.600706,0.253844,-0.580416,-0.089715,0.768526,-0.394754,-0.237598,0.509138,-0.053519,0.788400,0.103822,-0.603972,0.387020,-0.215025,0.600796,0.253811,-0.580396,-0.089765,0.768546,-0.394682,-0.237544,0.509210,0.451097,0.000000,0.000000,0.000000
4.182797761000984,0.109435,1.336697,-1.826151,1.390700,0.052332,-0.164917,0.075420,0.114429,1.302305,1.674193,0.790501,-0.030102,-0.066771,0.140573,-0.044369,0.786749,0.103455,-0.606922,0.389438,-0.215316,0.607502,0.261399,-0.579887,-0.089731,0.766387,-0.400027,-0.236048,0.506631,-0.044419,0.786775,0.103382,-0.606897,0.389402,-0.215302,0.607526,0.261411,-0.579931,-0.089688,0.766355,-0.400015,-0.236047,0.506669,0.451097,0.000000,0.000000,0.000000
4.216545983999822,0.110429,1.334999,-1.845781,1.415378,0.039214,-0.159550,0.058503,0.122193,1.295820,1.696380,0.766175,-0.007523,-0.061670,0.139702,-0.030912,0.785060,0.108417,-0.609074,0.394447,-0.215528,0.615633,0.276347,-0.588457,-0.083540,0.755229,-0.408672,-0.234229,0.505053,-0.030972,0.785049,0.108318,-0.609102,0.394398,-0.215518,0.615668,0.276234,-0.588626,-0.083371,0.755158,-0.408602,-0.234305,0.505170,0.451097,0.000000,0.000000,0.000000
4.249459618000401,0.109283,1.333276,-1.860859,1.426664,0.030032,-0.154216,0.049092,0.127280,1.290062,1.708543,0.752455,0.001980,-0.063624,0.137635,-0.020803,0.783464,0.113331,-0.610662,0.398805,-0.215641,0.620402,0.285987,-0.590669,-0.078499,0.750440,-0.414480,-0.233451,0.504863,-0.020819,0.783449,0.113286,-0.610689,0.398782,-0.215652,0.620417,0.285963,-0.590725,-0.078466,0.750408,-0.414454,-0.233488,0.504894,0.451097,0.000000,0.000000,0.000000
4.282707305999793,0.107077,1.331561,-1.878757,1.435276,0.017161,-0.149257,0.042846,0.132136,1.283059,1.719561,0.741593,0.008827,-0.068145,0.134167,-0.008694,0.780474,0.118273,-0.613837,0.404072,-0.215634,0.624990,0.295427,-0.590869,-0.072898,0.747183,-0.420646,-0.232975,0.505394,-0.008705,0.780468,0.118208,-0.613857,0.404040,-0.215657,0.625015,0.295410,-0.590922,-0.072875,0.747151,-0.420624,-0.233016,0.505415,0.451097,0.000000,0.000000,0.000000
4.315093256998807,0.098279,1.329591,-1.911209,1.437693,-0.000779,-0.132450,0.031194,0.138510,1.269728,1.732415,0.730808,0.011519,-0.081879,0.133089,0.013419,0.774613,0.133316,-0.618078,0.414240,-0.215928,0.630569,0.306670,-0.586030,-0.061603,0.747481,-0.430513,-0.232848,0.507862,0.013405,0.774473,0.133205,-0.618278,0.414150,-0.216026,0.630614,0.306659,-0.586096,-0.061564,0.747437,-0.430496,-0.232939,0.507859,0.451097,0.000000,0.000000,0.000000
4.349797253998986,0.089475,1.328100,-1.935949,1.432299,-0.011092,-0.115393,0.019954,0.144610,1.260646,1.747942,0.723515,0.022337,-0.086554,0.123984,0.029420,0.769428,0.148999,-0.620415,0.422395,-0.216147,0.633237,0.318177,-0.587637,-0.053159,0.742038,-0.438439,-0.233132,0.510133,0.029412,0.769289,0.148957,-0.620597,0.422340,-0.216219,0.633255,0.318118,-0.587748,-0.053133,0.741977,-0.438393,-0.233205,0.510177,0.451097,0.000000,0.000000,0.000000
4.384219843999745,0.074358,1.322533,-1.971403,1.412877,-0.019944,-0.086574,0.007225,0.155668,1.245482,1.774572,0.711720,0.042609,-0.091214,0.108112,0.052051,0.762321,0.175178,-0.620863,0.435771,-0.216190,0.635044,0.336100,-0.592347,-0.039115,0.731185,-0.451436,-0.233895,0.514510,0.052051,0.762321,0.175178,-0.620863,0.435771,-0.216190,0.635044,0.336100,-0.592347,-0.039115,0.731186,-0.451436,-0.233895,0.514510,0.451097,0.000000,0.000000,0.000000
4.4166008879983565,0.064814,1.313924,-1.990415,1.393104,-0.024939,-0.074980,0.002671,0.163772,1.232474,1.789187,0.703878,0.052425,-0.093899,0.096225,0.061611,0.758918,0.189881,-0.619833,0.445083,-0.215878,0.634810,0.347102,-0.592928,-0.031175,0.725937,-0.460893,-0.234534,0.518059,0.061683,0.758813,0.189851,-0.619963,0.445053,-0.215954,0.634863,0.347027,-0.593069,-0.031130,0.725859,-0.460834,-0.234611,0.518127,0.451097,0.000000,0.000000,0.000000
4.449851243000012,0.049718,1.296032,-2.012721,1.346496,-0.020453,-0.055048,0.011434,0.174789,1.210490,1.817746,0.697527,0.072793,-0.098057,0.084649,0.073793,0.758014,0.211485,-0.612571,0.459808,-0.215051,0.631076,0.361421,-0.596161,-0.011976,0.716814,-0.477212,-0.235269,0.525693,0.073926,0.757900,0.211446,-0.612710,0.459749,-0.215187,0.631168,0.361144,-0.596475,-0.011855,0.716695,-0.477048,-0.235543,0.525881,0.451097,0.000000,0.000000,0.000000
4.48323750399868,0.040908,1.280605,-2.021465,1.308267,-0.006653,-0.038690,0.019110,0.180773,1.197457,1.844441,0.696501,0.094362,-0.100566,0.082972,0.077779,0.761081,0.227776,-0.602349,0.469557,-0.214113,0.626903,0.369284,-0.602934,0.007149,0.707141,-0.488303,-0.235407,0.531737,0.077796,0.761093,0.227717,-0.602354,0.469530,-0.214160,0.626921,0.369097,-0.603045,0.007221,0.707144,-0.488214,-0.235589,0.531846,0.451097,0.000000,0.000000,0.000000
4.517173096999613,0.031355,1.264019,-2.028150,1.265708,0.005106,-0.026481,0.028003,0.185650,1.183315,1.864134,0.698089,0.111076,-0.096803,0.079580,0.079022,0.763697,0.242826,-0.592924,0.479294,-0.213051,0.621932,0.373069,-0.607867,0.020853,0.700630,-0.498417,-0.235817,0.537969,0.079043,0.763693,0.242795,-0.592939,0.479270,-0.213063,0.621974,0.372897,-0.607939,0.020911,0.700658,-0.498344,-0.235931,0.538073,0.451097,0.000000,0.000000,0.000000
4.54977445500117,0.023085,1.240028,-2.035815,1.210780,0.021989,-0.011826,0.052542,0.189190,1.158623,1.879293,0.704182,0.115574,-0.102558,0.087721,0.082211,0.769867,0.257664,-0.578062,0.492429,-0.210055,0.615910,0.373002,-0.602210,0.040726,0.704665,-0.512724,-0.236040,0.548186,0.082147,0.769932,0.257547,-0.578037,0.492385,-0.210008,0.615939,0.372909,-0.602204,0.040746,0.704719,-0.512726,-0.236199,0.548194,0.451097,0.000000,0.000000,0.000000
4.582703126001434,0.018176,1.225911,-2.043580,1.178054,0.022681,-0.009716,0.069114,0.190144,1.143487,1.890977,0.711191,0.119441,-0.108625,0.092556,0.084683,0.770796,0.264135,-0.573528,0.500719,-0.207655,0.612758,0.373225,-0.598540,0.055315,0.706677,-0.521822,-0.235982,0.555247,0.084731,0.770768,0.264137,-0.573559,0.500707,-0.207621,0.612806,0.373178,-0.598533,0.055320,0.706708,-0.521825,-0.236068,0.555252,0.451097,0.000000,0.000000,0.000000
4.61732132600082,0.013245,1.205480,-2.053799,1.136231,0.022805,-0.009630,0.086148,0.193252,1.123487,1.913657,0.720686,0.134135,-0.111171,0.091424,0.085944,0.771715,0.273697,-0.567590,0.512183,-0.203811,0.609169,0.375495,-0.599246,0.075736,0.702973,-0.534829,-0.235670,0.565484,0.086064,0.771637,0.273708,-0.567673,0.512176,-0.203761,0.609270,0.375300,-0.599295,0.075775,0.703032,-0.534765,-0.235867,0.565591,0.451097,0.000000,0.000000,0.000000
4.650040831998922,0.010818,1.191570,-2.057516,1.110766,0.027598,-0.007092,0.101942,0.192804,1.110674,1.920993,0.730936,0.134041,-0.117815,0.094033,0.087555,0.774897,0.277691,-0.561032,0.519126,-0.201420,0.607511,0.374282,-0.594149,0.087321,0.706594,-0.541715,-0.235877,0.572465,0.087551,0.774892,0.277678,-0.561046,0.519120,-0.201390,0.607527,0.374254,-0.594145,0.087319,0.706612,-0.541725,-0.235925,0.572456,0.451097,0.000000,0.000000,0.000000
4.684166237999307,0.008479,1.178936,-2.060151,1.087619,0.031874,-0.005452,0.116849,0.189808,1.098807,1.924905,0.746121,0.130865,-0.123468,0.097769,0.088562,0.777960,0.280628,-0.555142,0.525243,-0.199318,0.606025,0.370509,-0.587635,0.097184,0.712715,-0.547393,-0.236093,0.579526,0.088558,0.777954,0.280621,-0.555155,0.525238,-0.199288,0.606039,0.370481,-0.587625,0.097166,0.712741,-0.547402,-0.236126,0.579508,0.451097,0.000000,0.000000,0.000000
4.71595352499935,0.003968,1.158280,-2.049714,1.046628,0.053650,0.000019,0.157128,0.186158,1.084286,1.929982,0.770370,0.129494,-0.125110,0.097907,0.086238,0.790736,0.277416,-0.538832,0.532120,-0.197670,0.602279,0.363642,-0.581876,0.108207,0.719358,-0.553907,-0.237185,0.589572,0.085954,0.790800,0.277234,-0.538878,0.532086,-0.197471,0.602260,0.363596,-0.581847,0.108157,0.719412,-0.553891,-0.237224,0.589564,0.451097,0.000000,0.000000,0.000000
4.750537986001291,-0.000013,1.143285,-2.036641,1.017213,0.075357,0.006768,0.186504,0.185343,1.077750,1.932182,0.788281,0.131013,-0.121723,0.090560,0.081863,0.802321,0.273534,-0.524174,0.535995,-0.196980,0.599443,0.358918,-0.581477,0.112041,0.721463,-0.556396,-0.239064,0.595893,0.081670,0.802382,0.273375,-0.524194,0.535982,-0.196861,0.599430,0.358900,-0.581458,0.112009,0.721492,-0.556369,-0.239059,0.595901,0.451097,0.000000,0.000000,0.000000
4.783864821001771,-0.003901,1.130718,-2.026327,0.992477,0.090437,0.009132,0.206941,0.183350,1.072186,1.927491,0.810643,0.127914,-0.114742,0.080940,0.076686,0.810376,0.270829,-0.513870,0.539421,-0.196372,0.597155,0.351154,-0.579844,0.110952,0.726747,-0.556857,-0.241863,0.602163,0.076592,0.810388,0.270780,-0.513890,0.539425,-0.196288,0.597156,0.351171,-0.579803,0.110904,0.726779,-0.556821,-0.241841,0.602160,0.451097,0.000000,0.000000,0.000000
4.824883179000608,-0.006344,1.116219,-2.011662,0.969298,0.111460,0.013869,0.236144,0.177382,1.064893,1.908851,0.851371,0.110027,-0.108506,0.072172,0.071626,0.822286,0.263592,-0.499234,0.542615,-0.195920,0.595484,0.334364,-0.570037,0.105983,0.742985,-0.554336,-0.247094,0.611535,0.071436,0.822311,0.263452,-0.499294,0.542618,-0.195806,0.595461,0.334421,-0.570034,0.105956,0.742965,-0.554264,-0.247050,0.611512,0.451097,0.000000,0.000000,0.000000
4.893831248999049,-0.007825,1.110325,-2.006239,0.962553,0.115311,0.008690,0.245182,0.174041,1.062621,1.896883,0.880426,0.103808,-0.096307,0.060950,0.068162,0.825603,0.258907,-0.496689,0.543795,-0.196139,0.595476,0.322006,-0.568362,0.099476,0.750588,-0.551014,-0.251063,0.617344,0.068149,0.825591,0.258919,-0.496706,0.543803,-0.196120,0.595475,0.322048,-0.568306,0.099411,0.750620,-0.550965,-0.251049,0.617337,0.451097,0.000000,0.000000,0.000000
4.906197454001813,-0.004114,1.104334,-1.995556,0.974646,0.122740,-0.001212,0.253088,0.163384,1.063623,1.861204,0.958434,0.080894,-0.075115,0.033723,0.063237,0.832692,0.246280,-0.491906,0.542845,-0.197859,0.598527,0.290433,-0.560348,0.082086,0.771311,-0.537892,-0.261063,0.629961,0.063174,0.832667,0.246292,-0.491950,0.542834,-0.197857,0.598505,0.290614,-0.560261,0.082050,0.771310,-0.537598,-0.261028,0.630026,0.451097,0.000000,0.000000,0.000000
4.931472233001841,0.000755,1.106427,-1.988516,0.993905,0.128081,-0.003287,0.256199,0.158702,1.069858,1.838450,1.001006,0.062955,-0.073033,0.023596,0.062393,0.837200,0.236350,-0.489226,0.539380,-0.199639,0.600985,0.273082,-0.553697,0.074721,0.783111,-0.526986,-0.266823,0.635361,0.062404,0.837179,0.236341,-0.489265,0.539365,-0.199652,0.600996,0.273050,-0.553810,0.074913,0.783023,-0.526933,-0.266834,0.635476,0.451097,0.000000,0.000000,0.000000
4.965228232998925,0.004601,1.109558,-1.984064,1.008521,0.130121,-0.006120,0.254773,0.155586,1.075240,1.821886,1.027967,0.055142,-0.063517,0.015702,0.060988,0.839071,0.230427,-0.489023,0.536338,-0.200790,0.602360,0.259666,-0.552609,0.066150,0.789190,-0.518747,-0.270533,0.638073,0.060996,0.839063,0.230427,-0.489036,0.536329,-0.200795,0.602368,0.259665,-0.552624,0.066181,0.789178,-0.518722,-0.270566,0.638106,0.451097,0.000000,0.000000,0.000000
4.998200681999151,0.010142,1.119567,-1.983801,1.035133,0.124976,-0.011538,0.237646,0.151853,1.086674,1.799071,1.065650,0.046162,-0.051490,0.004122,0.060035,0.836581,0.227813,-0.494600,0.531110,-0.202380,0.604433,0.241188,-0.552990,0.054283,0.795666,-0.505627,-0.275657,0.640916,0.060008,0.836588,0.227802,-0.494596,0.531095,-0.202339,0.604448,0.241162,-0.553034,0.054383,0.795636,-0.505591,-0.275734,0.641003,0.451097,0.000000,0.000000,0.000000
5.0326915309997275,0.013998,1.127933,-1.983247,1.053010,0.121006,-0.014822,0.227965,0.150304,1.096168,1.784813,1.087132,0.040937,-0.045982,-0.003791,0.059628,0.834636,0.225349,-0.499044,0.526880,-0.203325,0.605405,0.230899,-0.554138,0.047102,0.798372,-0.496626,-0.278817,0.641938,0.059622,0.834636,0.225348,-0.499046,0.526878,-0.203308,0.605412,0.230878,-0.554159,0.047159,0.798360,-0.496618,-0.278848,0.641983,0.451097,0.000000,0.000000,0.000000
5.064791854001669,0.019239,1.136564,-1.979566,1.071147,0.121497,-0.015282,0.222733,0.148171,1.105524,1.768440,1.108692,0.033446,-0.040639,-0.009913,0.058687,0.834700,0.221053,-0.500966,0.521845,-0.204104,0.605895,0.219530,-0.553930,0.039256,0.802139,-0.487095,-0.281728,0.642703,0.058715,0.834683,0.221062,-0.500987,0.521841,-0.204096,0.605916,0.219502,-0.553968,0.039331,0.802117,-0.487084,-0.281770,0.642761,0.451097,0.000000,0.000000,0.000000
5.09894109400193,0.027848,1.151081,-1.973332,1.097525,0.119830,-0.020191,0.209974,0.146944,1.123600,1.749172,1.134991,0.032131,-0.029996,-0.023320,0.054029,0.833034,0.216045,-0.506419,0.513561,-0.204850,0.605653,0.206236,-0.560188,0.027142,0.801822,-0.472937,-0.285595,0.642506,0.054065,0.833014,0.216057,-0.506443,0.513554,-0.204838,0.605683,0.206167,-0.560191,0.027221,0.801836,-0.472939,-0.285686,0.642573,0.451097,0.000000,0.000000,0.000000
5.132655317000172,0.034656,1.160981,-1.966626,1.114270,0.121874,-0.021869,0.204962,0.145847,1.134990,1.733153,1.151197,0.026855,-0.024344,-0.030327,0.050118,0.833198,0.211507,-0.508463,0.507387,-0.205035,0.604898,0.196748,-0.561722,0.018268,0.803383,-0.463063,-0.288046,0.642013,0.050157,0.833177,0.211512,-0.508491,0.507379,-0.205040,0.604923,0.196712,-0.561740,0.018333,0.803378,-0.463059,-0.288097,0.642067,0.451097,0.000000,0.000000,0.000000
5.16679409399876,0.044970,1.174558,-1.953151,1.134784,0.130056,-0.021432,0.206019,0.146183,1.151792,1.707461,1.168109,0.014824,-0.019399,-0.035611,0.044027,0.835733,0.202550,-0.508513,0.498001,-0.204991,0.602842,0.183421,-0.561818,0.005811,0.806650,-0.448602,-0.291477,0.640117,0.044139,0.835667,0.202527,-0.508620,0.497963,-0.205028,0.602922,0.183302,-0.561870,0.005980,0.806639,-0.448587,-0.291599,0.640275,0.451097,0.000000,0.000000,0.000000
5.1983408449996205,0.051423,1.184512,-1.945836,1.148036,0.131227,-0.025195,0.197361,0.146917,1.165110,1.691985,1.176743,0.009230,-0.017006,-0.041237,0.037695,0.834636,0.200052,-0.511802,0.491793,-0.204805,0.601279,0.176570,-0.563840,-0.002325,0.806785,-0.438784,-0.293638,0.638328,0.037720,0.834628,0.200052,-0.511812,0.491789,-0.204816,0.601291,0.176517,-0.563846,-0.002264,0.806793,-0.438778,-0.293688,0.638391,0.451097,0.000000,0.000000,0.000000
5.232799843000976,0.061355,1.200542,-1.934385,1.168442,0.133516,-0.029168,0.188440,0.147915,1.184906,1.667154,1.186519,0.002715,-0.008409,-0.049957,0.029485,0.833385,0.194808,-0.516381,0.481947,-0.204394,0.598856,0.165821,-0.567527,-0.018084,0.806281,-0.423762,-0.296284,0.634657,0.029565,0.833350,0.194812,-0.516431,0.481938,-0.204421,0.598899,0.165690,-0.567509,-0.017969,0.806323,-0.423750,-0.296439,0.634779,0.451097,0.000000,0.000000,0.000000
5.265716254001745,0.069405,1.210923,-1.924851,1.183270,0.138055,-0.029901,0.188456,0.147192,1.196852,1.646856,1.192648,-0.006844,-0.003197,-0.051152,0.024970,0.834215,0.188583,-0.517588,0.474886,-0.203901,0.597440,0.156298,-0.566722,-0.029164,0.808422,-0.413186,-0.297690,0.631936,0.025028,0.834181,0.188580,-0.517642,0.474872,-0.203920,0.597480,0.156221,-0.566748,-0.029086,0.808422,-0.413167,-0.297771,0.632019,0.451097,0.000000,0.000000,0.000000
5.299019052999938,0.076357,1.221567,-1.915395,1.196687,0.139377,-0.034805,0.184147,0.146310,1.209537,1.627183,1.196733,-0.019127,-0.003075,-0.051412,0.018406,0.833303,0.183426,-0.521173,0.467760,-0.203543,0.595795,0.148687,-0.564830,-0.038423,0.810791,-0.402760,-0.298668,0.628726,0.018446,0.833285,0.183424,-0.521202,0.467753,-0.203568,0.595813,0.148588,-0.564859,-0.038334,0.810794,-0.402730,-0.298731,0.628829,0.451097,0.000000,0.000000,0.000000
5.331904927999858,0.088286,1.235878,-1.897348,1.217804,0.145825,-0.041923,0.184034,0.142852,1.226338,1.594922,1.203995,-0.031073,0.011707,-0.050658,0.007874,0.834314,0.171749,-0.523795,0.456523,-0.202790,0.593508,0.131939,-0.563955,-0.058720,0.813079,-0.386568,-0.299054,0.623755,0.007998,0.834234,0.171732,-0.523925,0.456479,-0.202874,0.593576,0.131784,-0.564042,-0.058576,0.813055,-0.386511,-0.299285,0.623904,0.451097,0.000000,0.000000,0.000000
5.370509575001051,0.097346,1.245390,-1.885025,1.232231,0.153004,-0.043150,0.185091,0.133563,1.236246,1.577732,1.217022,-0.033858,0.023659,-0.050599,0.001838,0.835754,0.164334,-0.523933,0.448930,-0.201908,0.592041,0.120100,-0.565205,-0.071291,0.813042,-0.376499,-0.297365,0.621277,0.001908,0.835713,0.164319,-0.524004,0.448905,-0.201939,0.592089,0.120074,-0.565290,-0.071241,0.812991,-0.376459,-0.297446,0.621308,0.451097,0.000000,0.000000,0.000000
5.399573522001447,0.110969,1.256617,-1.865755,1.255757,0.157243,-0.057088,0.184760,0.127657,1.253103,1.551117,1.220184,-0.042548,0.034760,-0.054894,-0.010866,0.836310,0.149938,-0.527244,0.438008,-0.200644,0.590851,0.109902,-0.565537,-0.090874,0.812300,-0.362137,-0.295890,0.615279,-0.010777,0.836225,0.149937,-0.527380,0.437946,-0.200743,0.590889,0.109776,-0.565565,-0.090762,0.812310,-0.362078,-0.296062,0.615380,0.451097,0.000000,0.000000,0.000000
5.434369055001298,0.119814,1.264852,-1.857086,1.273757,0.158868,-0.061985,0.181529,0.122928,1.261319,1.530858,1.221117,-0.053314,0.041640,-0.052842,-0.015615,0.835930,0.143167,-0.529605,0.431478,-0.199816,0.591080,0.101122,-0.562219,-0.103654,0.814211,-0.353085,-0.294513,0.611239,-0.015574,0.835905,0.143174,-0.529643,0.431466,-0.199834,0.591105,0.101051,-0.562265,-0.103610,0.814194,-0.353039,-0.294584,0.611298,0.451097,0.000000,0.000000,0.000000
5.466521117999946,0.126772,1.273125,-1.850210,1.290854,0.160118,-0.064619,0.176756,0.119193,1.271924,1.516242,1.217284,-0.054713,0.050861,-0.053251,-0.018582,0.835288,0.138061,-0.531873,0.425599,-0.199329,0.591728,0.095760,-0.564143,-0.116725,0.811756,-0.344916,-0.292929,0.606442,-0.018545,0.835271,0.138070,-0.531898,0.425597,-0.199335,0.591752,0.095719,-0.564152,-0.116697,0.811759,-0.344897,-0.292996,0.606456,0.451097,0.000000,0.000000,0.000000
5.50317805099985,0.134814,1.284659,-1.841845,1.316565,0.158680,-0.070169,0.169285,0.110864,1.283670,1.490672,1.211932,-0.061186,0.067465,-0.049239,-0.021342,0.833480,0.130150,-0.536579,0.417607,-0.199294,0.593734,0.084831,-0.563105,-0.138274,0.810307,-0.333229,-0.289174,0.598820,-0.021289,0.833458,0.130162,-0.536611,0.417609,-0.199301,0.593770,0.084747,-0.563198,-0.138221,0.810260,-0.333148,-0.289329,0.598857,0.451097,0.000000,0.000000,0.000000
5.533773064998968,0.138954,1.290844,-1.836405,1.333442,0.158360,-0.073444,0.165749,0.105185,1.289444,1.474786,1.205534,-0.067399,0.076079,-0.043964,-0.022103,0.832873,0.124130,-0.538912,0.412859,-0.199680,0.595722,0.078662,-0.561010,-0.151163,0.810080,-0.326785,-0.286412,0.593453,-0.022081,0.832864,0.124135,-0.538926,0.412859,-0.199683,0.595736,0.078624,-0.561055,-0.151156,0.810054,-0.326745,-0.286456,0.593470,0.451097,0.000000,0.000000,0.000000
5.566548848000821,0.143106,1.298591,-1.829485,1.359469,0.158594,-0.076724,0.160056,0.096417,1.299491,1.456351,1.192688,-0.070342,0.088551,-0.036320,-0.021201,0.832628,0.115177,-0.541308,0.406606,-0.200951,0.599814,0.072595,-0.561371,-0.169273,0.806808,-0.318341,-0.281582,0.584879,-0.021158,0.832612,0.115189,-0.541332,0.406611,-0.200948,0.599845,0.072550,-0.561453,-0.169241,0.806761,-0.318285,-0.281659,0.584885,0.451097,0.000000,0.000000,0.000000
5.599272760999156,0.144813,1.302337,-1.824938,1.377361,0.158244,-0.080175,0.156545,0.090726,1.302408,1.442227,1.182969,-0.074849,0.099355,-0.028666,-0.020206,0.832654,0.108248,-0.542736,0.402867,-0.202192,0.603269,0.066932,-0.559100,-0.182382,0.806017,-0.313755,-0.278153,0.579189,-0.020195,0.832651,0.108249,-0.542740,0.402867,-0.202191,0.603278,0.066920,-0.559159,-0.182390,0.805976,-0.313722,-0.278178,0.579190,0.451097,0.000000,0.000000,0.000000
5.633624239999335,0.146065,1.305948,-1.822116,1.396649,0.157578,-0.081873,0.153299,0.084611,1.306998,1.432809,1.173947,-0.077305,0.104881,-0.024739,-0.017106,0.832803,0.101583,-0.543900,0.399602,-0.203553,0.607444,0.065415,-0.558516,-0.192631,0.804160,-0.309878,-0.274614,0.573804,-0.017096,0.832799,0.101587,-0.543906,0.399604,-0.203547,0.607452,0.065400,-0.558537,-0.192627,0.804148,-0.309858,-0.274630,0.573804,0.451097,0.000000,0.000000,0.000000
5.668441050998808,0.145136,1.310213,-1.818776,1.425681,0.155075,-0.085969,0.144099,0.074695,1.312835,1.422004,1.160506,-0.081021,0.109125,-0.019430,-0.012481,0.832587,0.092434,-0.545985,0.395341,-0.206417,0.614596,0.065786,-0.557395,-0.205459,0.801729,-0.305537,-0.268960,0.565983,-0.012480,0.832593,0.092427,-0.545976,0.395338,-0.206386,0.614606,0.065757,-0.557421,-0.205457,0.801714,-0.305500,-0.268972,0.565982,0.451097,0.000000,0.000000,0.000000
5.700762446998851,0.143487,1.313053,-1.817110,1.447214,0.152949,-0.088264,0.137575,0.068727,1.312901,1.414875,1.151934,-0.081167,0.118203,-0.011984,-0.007931,0.832451,0.085687,-0.547376,0.392519,-0.208655,0.620336,0.062972,-0.556703,-0.214670,0.800021,-0.303994,-0.265369,0.561457,-0.007932,0.832454,0.085683,-0.547372,0.392518,-0.208636,0.620338,0.062984,-0.556748,-0.214669,0.799988,-0.303983,-0.265368,0.561452,0.451097,0.000000,0.000000,0.000000
5.734174672001245,0.139328,1.317200,-1.815902,1.481384,0.147628,-0.092325,0.126244,0.061515,1.314762,1.412994,1.136216,-0.076304,0.124753,-0.005098,0.000265,0.831643,0.075296,-0.550183,0.388567,-0.212420,0.630054,0.065905,-0.558972,-0.223537,0.795763,-0.303775,-0.260657,0.554972,0.000240,0.831658,0.075268,-0.550163,0.388554,-0.212366,0.630051,0.065931,-0.559006,-0.223501,0.795747,-0.303790,-0.260647,0.554965,0.451097,0.000000,0.000000,0.000000
5.767555247999553,0.135970,1.319072,-1.814718,1.506124,0.143734,-0.096480,0.116823,0.056712,1.315486,1.413590,1.127256,-0.075740,0.123159,-0.002800,0.005341,0.831216,0.067610,-0.551797,0.385914,-0.215013,0.637326,0.070381,-0.559116,-0.226626,0.794403,-0.304441,-0.257703,0.551235,0.005323,0.831231,0.067591,-0.551778,0.385904,-0.214980,0.637323,0.070382,-0.559110,-0.226626,0.794408,-0.304445,-0.257699,0.551232,0.451097,0.000000,0.000000,0.000000
5.801050008998573,0.130921,1.322323,-1.815756,1.531593,0.136694,-0.100057,0.104904,0.052238,1.315535,1.416049,1.118736,-0.072067,0.123733,0.000426,0.012046,0.829489,0.061128,-0.555037,0.383488,-0.217850,0.645213,0.074455,-0.560673,-0.229149,0.792208,-0.305746,-0.254968,0.547930,0.012005,0.829504,0.061086,-0.555020,0.383465,-0.217804,0.645205,0.074464,-0.560674,-0.229136,0.792210,-0.305756,-0.254964,0.547931,0.451097,0.000000,0.000000,0.000000
5.834237012000813,0.123167,1.328499,-1.817199,1.572147,0.128056,-0.101920,0.089087,0.046562,1.314048,1.420572,1.104901,-0.066723,0.124582,0.005411,0.024574,0.827201,0.050515,-0.559092,0.379340,-0.221789,0.657778,0.081113,-0.562420,-0.232357,0.789376,-0.308692,-0.251133,0.543206,0.024515,0.827211,0.050460,-0.559084,0.379308,-0.221693,0.657755,0.081130,-0.562423,-0.232325,0.789381,-0.308714,-0.251127,0.543213,0.451097,0.000000,0.000000,0.000000
5.868814379999094,0.117467,1.332882,-1.818031,1.598682,0.119155,-0.105481,0.078162,0.043375,1.311502,1.423157,1.096436,-0.064583,0.125211,0.008384,0.032050,0.824537,0.042759,-0.563278,0.376438,-0.224140,0.666115,0.085223,-0.562366,-0.234269,0.788416,-0.311196,-0.248838,0.540531,0.032001,0.824557,0.042705,-0.563256,0.376412,-0.224098,0.666098,0.085227,-0.562369,-0.234259,0.788417,-0.311202,-0.248837,0.540535,0.451097,0.000000,0.000000,0.000000
5.900850647001789,0.110285,1.340885,-1.818778,1.636985,0.104948,-0.111067,0.058169,0.039048,1.308273,1.432707,1.086061,-0.056268,0.124516,0.009149,0.040891,0.819641,0.033241,-0.570449,0.371772,-0.226884,0.677580,0.094259,-0.565009,-0.234168,0.785522,-0.315986,-0.246017,0.537563,0.040769,0.819686,0.033109,-0.570400,0.371713,-0.226777,0.677547,0.094260,-0.565014,-0.234129,0.785530,-0.316009,-0.246033,0.537580,0.451097,0.000000,0.000000,0.000000
5.935195868001756,0.106381,1.345615,-1.817373,1.659583,0.100085,-0.112393,0.049378,0.036229,1.305046,1.440023,1.080394,-0.049925,0.124623,0.010816,0.046452,0.817766,0.026358,-0.573067,0.368466,-0.228144,0.684221,0.099644,-0.567040,-0.233022,0.783733,-0.319779,-0.244349,0.536149,0.046438,0.817770,0.026341,-0.573064,0.368462,-0.228116,0.684213,0.099641,-0.567042,-0.232998,0.783739,-0.319789,-0.244358,0.536163,0.451097,0.000000,0.000000,0.000000
5.968159908999951,0.104517,1.350263,-1.815098,1.679845,0.096028,-0.113977,0.042673,0.034702,1.300944,1.447803,1.073389,-0.045384,0.122100,0.013625,0.050625,0.816010,0.019839,-0.575474,0.365148,-0.228769,0.689688,0.105591,-0.568017,-0.230302,0.783051,-0.324257,-0.243075,0.534931,0.050621,0.816013,0.019830,-0.575472,0.365148,-0.228753,0.689685,0.105587,-0.568015,-0.230282,0.783059,-0.324263,-0.243088,0.534944,0.451097,0.000000,0.000000,0.000000
6.001619078000658,0.104981,1.359262,-1.813075,1.705827,0.083874,-0.119114,0.028069,0.034107,1.294519,1.462014,1.059731,-0.035778,0.119076,0.013313,0.052624,0.810886,0.013933,-0.582667,0.360419,-0.228543,0.695483,0.117781,-0.570184,-0.226760,0.780768,-0.332021,-0.241392,0.532897,0.052573,0.810912,0.013867,-0.582637,0.360403,-0.228507,0.695470,0.117765,-0.570216,-0.226699,0.780764,-0.332031,-0.241438,0.532934,0.451097,0.000000,0.000000,0.000000
6.034971821001818,0.107590,1.363703,-1.808941,1.717269,0.082154,-0.120840,0.026605,0.035303,1.290341,1.472617,1.048759,-0.028322,0.116982,0.009671,0.052721,0.809588,0.009256,-0.584554,0.357255,-0.227861,0.697265,0.127892,-0.571837,-0.224587,0.778593,-0.337634,-0.240667,0.531577,0.052732,0.809582,0.009258,-0.584560,0.357259,-0.227863,0.697271,0.127881,-0.571872,-0.224559,0.778577,-0.337632,-0.240694,0.531595,0.451097,0.000000,0.000000,0.000000
6.066713218999212,0.114973,1.369186,-1.800028,1.726667,0.085644,-0.122160,0.032382,0.036958,1.281707,1.484536,1.032046,-0.024492,0.110540,0.013838,0.050599,0.809400,0.002840,-0.585067,0.352600,-0.226144,0.696987,0.138977,-0.570752,-0.219444,0.778956,-0.346114,-0.239370,0.529764,0.050634,0.809368,0.002841,-0.585108,0.352598,-0.226153,0.697016,0.138965,-0.570767,-0.219398,0.778959,-0.346116,-0.239411,0.529789,0.451097,0.000000,0.000000,0.000000
6.102633173999493,0.121256,1.371042,-1.793053,1.728081,0.085145,-0.127743,0.036090,0.038780,1.275438,1.492803,1.020653,-0.019408,0.110171,0.015647,0.044905,0.808782,-0.001204,-0.586391,0.349843,-0.224758,0.695184,0.145828,-0.571073,-0.217070,0.778133,-0.351985,-0.238728,0.528798,0.044915,0.808763,-0.001204,-0.586416,0.349834,-0.224765,0.695186,0.145823,-0.571096,-0.217035,0.778127,-0.351986,-0.238745,0.528821,0.451097,0.000000,0.000000,0.000000
6.134901514000376,0.132122,1.372010,-1.780897,1.720976,0.092619,-0.132358,0.052022,0.042680,1.267613,1.507690,1.002366,-0.011575,0.104274,0.019110,0.036245,0.810275,-0.006667,-0.584889,0.346337,-0.222404,0.689783,0.157969,-0.572249,-0.210162,0.776794,-0.360936,-0.238025,0.527530,0.036225,0.810215,-0.006710,-0.584974,0.346288,-0.222383,0.689793,0.157954,-0.572292,-0.210096,0.776783,-0.360923,-0.238079,0.527571,0.451097,0.000000,0.000000,0.000000
6.168415922998975,0.138506,1.371031,-1.772484,1.709612,0.101128,-0.133909,0.065344,0.045450,1.261526,1.513767,0.990218,-0.010928,0.100077,0.021860,0.029647,0.812313,-0.008860,-0.582400,0.344724,-0.221038,0.684714,0.164563,-0.570422,-0.207034,0.777608,-0.366333,-0.237566,0.526668,0.029612,0.812294,-0.008905,-0.582428,0.344691,-0.221012,0.684713,0.164560,-0.570433,-0.207018,0.777605,-0.366331,-0.237579,0.526675,0.451097,0.000000,0.000000,0.000000
6.202230350001628,0.144811,1.370116,-1.765719,1.695809,0.108453,-0.134907,0.076634,0.048417,1.253435,1.517023,0.978561,-0.012881,0.098092,0.026667,0.022506,0.813938,-0.008777,-0.580449,0.343771,-0.219500,0.678989,0.168754,-0.566825,-0.205177,0.779829,-0.371847,-0.237171,0.526076,0.022475,0.813928,-0.008814,-0.580464,0.343743,-0.219474,0.678983,0.168755,-0.566834,-0.205167,0.779825,-0.371852,-0.237172,0.526081,0.451097,0.000000,0.000000,0.000000
6.235025725000014,0.153054,1.368166,-1.758217,1.668431,0.120358,-0.133579,0.092625,0.056383,1.245050,1.531277,0.960945,-0.004135,0.095162,0.022051,0.011781,0.816594,-0.004516,-0.577075,0.343819,-0.217182,0.668990,0.181652,-0.567845,-0.199705,0.777607,-0.380791,-0.237936,0.526137,0.011694,0.816600,-0.004613,-0.577067,0.343755,-0.217111,0.668970,0.181624,-0.567955,-0.199644,0.777549,-0.380754,-0.237992,0.526186,0.451097,0.000000,0.000000,0.000000
6.268723151999438,0.159251,1.367327,-1.756256,1.649644,0.125606,-0.131905,0.100655,0.061785,1.238697,1.539161,0.951099,-0.003841,0.086902,0.021209,0.004865,0.817552,0.000789,-0.575833,0.344617,-0.214998,0.662079,0.189566,-0.565721,-0.193508,0.778832,-0.386661,-0.238816,0.526893,0.004842,0.817559,0.000764,-0.575824,0.344602,-0.214971,0.662068,0.189564,-0.565749,-0.193494,0.778815,-0.386650,-0.238844,0.526892,0.451097,0.000000,0.000000,0.000000
6.3004021429987915,0.168653,1.366542,-1.756008,1.617446,0.128037,-0.131584,0.106802,0.072238,1.229131,1.554101,0.939049,-0.001231,0.072431,0.016256,-0.008002,0.817045,0.012879,-0.576375,0.346773,-0.211191,0.650534,0.202697,-0.563459,-0.181290,0.780104,-0.396116,-0.241370,0.529556,-0.008008,0.817050,0.012875,-0.576367,0.346773,-0.211151,0.650501,0.202692,-0.563575,-0.181256,0.780029,-0.396067,-0.241455,0.529553,0.451097,0.000000,0.000000,0.000000
6.334879214999091,0.177171,1.364738,-1.753565,1.594547,0.136154,-0.128943,0.114421,0.079617,1.223805,1.567939,0.933713,0.004959,0.062359,0.012380,-0.017415,0.818700,0.020653,-0.573586,0.348039,-0.207679,0.641966,0.211761,-0.564913,-0.170187,0.779145,-0.402549,-0.243674,0.532316,-0.017458,0.818713,0.020603,-0.573567,0.348011,-0.207647,0.641945,0.211748,-0.564980,-0.170183,0.779101,-0.402509,-0.243723,0.532321,0.451097,0.000000,0.000000,0.000000
6.367207796000002,0.186354,1.361679,-1.750360,1.569763,0.145673,-0.125730,0.129549,0.087347,1.217749,1.579445,0.929818,0.007447,0.050443,0.011213,-0.025915,0.820991,0.025934,-0.569763,0.349470,-0.203683,0.633065,0.218778,-0.564421,-0.158349,0.780058,-0.408667,-0.246282,0.535616,-0.025981,0.820999,0.025860,-0.569751,0.349430,-0.203616,0.633054,0.218776,-0.564468,-0.158341,0.780026,-0.408639,-0.246328,0.535606,0.451097,0.000000,0.000000,0.000000
6.400558297998941,0.200582,1.355061,-1.743908,1.527918,0.161083,-0.122849,0.151996,0.101902,1.207965,1.594506,0.923276,0.008794,0.032745,0.006667,-0.042229,0.824661,0.034351,-0.563002,0.352031,-0.196785,0.618519,0.229077,-0.562140,-0.141476,0.781989,-0.417750,-0.251116,0.541212,-0.042394,0.824659,0.034176,-0.563003,0.351930,-0.196620,0.618487,0.229084,-0.562282,-0.141445,0.781890,-0.417687,-0.251205,0.541189,0.451097,0.000000,0.000000,0.000000
6.434059040999273,0.208692,1.350048,-1.741841,1.499669,0.168565,-0.121728,0.162667,0.112020,1.201480,1.604297,0.920931,0.007497,0.017091,0.002996,-0.053420,0.826298,0.041643,-0.559146,0.354544,-0.191938,0.609250,0.236124,-0.559567,-0.128468,0.783981,-0.423598,-0.254776,0.545641,-0.053460,0.826297,0.041603,-0.559147,0.354523,-0.191885,0.609235,0.236136,-0.559640,-0.128449,0.783929,-0.423574,-0.254819,0.545619,0.451097,0.000000,0.000000,0.000000
6.468515593998745,0.221675,1.346820,-1.743981,1.460238,0.172848,-0.118073,0.174454,0.125441,1.192320,1.617910,0.924782,0.006093,-0.003935,0.000155,-0.066954,0.825863,0.056272,-0.557046,0.358576,-0.183894,0.596090,0.242179,-0.556522,-0.108187,0.787355,-0.431194,-0.260432,0.553625,-0.066973,0.825883,0.056247,-0.557017,0.358580,-0.183807,0.596067,0.242202,-0.556638,-0.108148,0.787272,-0.431164,-0.260517,0.553573,0.451097,0.000000,0.000000,0.000000
6.501407209998433,0.230202,1.342352,-1.743294,1.434139,0.179298,-0.115248,0.186843,0.132345,1.187282,1.628514,0.933423,0.013403,-0.006467,-0.003980,-0.075765,0.827134,0.063145,-0.553283,0.361364,-0.178302,0.587772,0.242800,-0.559826,-0.097418,0.786227,-0.435269,-0.264209,0.559606,-0.075802,0.827138,0.063104,-0.553277,0.361347,-0.178246,0.587770,0.242762,-0.559850,-0.097427,0.786221,-0.435234,-0.264229,0.559613,0.451097,0.000000,0.000000,0.000000
6.53503247000117,0.238230,1.337415,-1.742508,1.409486,0.186419,-0.112170,0.197738,0.139491,1.181921,1.635497,0.943392,0.015315,-0.011809,-0.007868,-0.084431,0.828684,0.069841,-0.548887,0.364216,-0.172796,0.580129,0.242203,-0.560048,-0.087064,0.787467,-0.438603,-0.268185,0.565926,-0.084469,0.828688,0.069797,-0.548880,0.364198,-0.172750,0.580124,0.242197,-0.560071,-0.087061,0.787453,-0.438590,-0.268197,0.565920,0.451097,0.000000,0.000000,0.000000
6.569349820001662,0.249107,1.331288,-1.745900,1.378414,0.191729,-0.107409,0.209136,0.147905,1.174757,1.644629,0.964716,0.013995,-0.025360,-0.011017,-0.093898,0.829656,0.081230,-0.544294,0.369125,-0.165067,0.570840,0.239276,-0.558295,-0.068846,0.791400,-0.442493,-0.273925,0.576321,-0.093922,0.829672,0.081189,-0.544271,0.369126,-0.165010,0.570837,0.239290,-0.558347,-0.068813,0.791362,-0.442498,-0.273958,0.576288,0.451097,0.000000,0.000000,0.000000
6.601728901001479,0.254913,1.327395,-1.749433,1.360087,0.194100,-0.103537,0.216196,0.153169,1.171910,1.651924,0.981201,0.019261,-0.027147,-0.013941,-0.098067,0.830267,0.088387,-0.541505,0.372604,-0.160488,0.565789,0.235185,-0.561336,-0.058399,0.791315,-0.444118,-0.277823,0.583384,-0.098071,0.830276,0.088373,-0.541492,0.372608,-0.160470,0.565792,0.235162,-0.561334,-0.058414,0.791322,-0.444099,-0.277829,0.583379,0.451097,0.000000,0.000000,0.000000
6.635160811001697,0.263319,1.321518,-1.757624,1.339282,0.194609,-0.098845,0.220405,0.160828,1.168270,1.659140,1.007827,0.022231,-0.032252,-0.019390,-0.102603,0.830650,0.100108,-0.538026,0.378303,-0.154305,0.560280,0.228133,-0.563242,-0.043809,0.792966,-0.445265,-0.283623,0.594117,-0.102585,0.830665,0.100097,-0.538008,0.378327,-0.154304,0.560282,0.228122,-0.563254,-0.043818,0.792960,-0.445250,-0.283620,0.594100,0.451097,0.000000,0.000000,0.000000
6.669810937000875,0.267042,1.318690,-1.764832,1.326763,0.192953,-0.094818,0.221975,0.167015,1.166953,1.662752,1.024792,0.020957,-0.039971,-0.023218,-0.103334,0.830389,0.108417,-0.536676,0.382209,-0.150948,0.557389,0.224206,-0.563074,-0.033174,0.794720,-0.445432,-0.287656,0.601191,-0.103321,0.830395,0.108417,-0.536670,0.382221,-0.150953,0.557393,0.224219,-0.563101,-0.033156,0.794697,-0.445436,-0.287652,0.601181,0.451097,0.000000,0.000000,0.000000
6.702068277998478,0.270603,1.316409,-1.773163,1.316967,0.190129,-0.090514,0.222225,0.173221,1.167709,1.667802,1.043444,0.023198,-0.046071,-0.029991,-0.102711,0.829904,0.116789,-0.535789,0.386080,-0.147910,0.555282,0.220606,-0.565462,-0.022913,0.794393,-0.444921,-0.291711,0.608400,-0.102697,0.829910,0.116788,-0.535783,0.386093,-0.147919,0.555286,0.220609,-0.565492,-0.022919,0.794371,-0.444912,-0.291696,0.608393,0.451097,0.000000,0.000000,0.000000
6.7360149810010626,0.274319,1.312755,-1.782290,1.301019,0.191500,-0.080273,0.228273,0.182908,1.171205,1.674918,1.070648,0.031141,-0.049099,-0.036761,-0.100670,0.831138,0.126417,-0.532066,0.391097,-0.143951,0.552100,0.212065,-0.572334,-0.009285,0.792071,-0.442940,-0.297693,0.618786,-0.100677,0.831163,0.126394,-0.532031,0.391105,-0.143955,0.552104,0.212037,-0.572347,-0.009330,0.792069,-0.442909,-0.297672,0.618756,0.451097,0.000000,0.000000,0.000000
6.769890055998985,0.276336,1.309979,-1.786296,1.290613,0.194403,-0.073737,0.232248,0.188562,1.174529,1.675338,1.091424,0.029035,-0.056551,-0.040121,-0.100319,0.832502,0.131660,-0.528718,0.393950,-0.141573,0.550025,0.205282,-0.573272,0.000181,0.793233,-0.440038,-0.301633,0.625707,-0.100327,0.832511,0.131644,-0.528706,0.393949,-0.141573,0.550024,0.205303,-0.573306,0.000211,0.793203,-0.440052,-0.301618,0.625706,0.451097,0.000000,0.000000,0.000000
6.802217006999854,0.277023,1.309144,-1.793846,1.274169,0.192076,-0.069431,0.224593,0.198160,1.181422,1.677061,1.117401,0.026562,-0.069848,-0.040171,-0.103045,0.830499,0.144741,-0.527923,0.397528,-0.138425,0.546375,0.195720,-0.575572,0.016024,0.793822,-0.435744,-0.307203,0.635137,-0.103038,0.830486,0.144743,-0.527944,0.397536,-0.138445,0.546366,0.195775,-0.575641,0.016080,0.793757,-0.435774,-0.307192,0.635123,0.451097,0.000000,0.000000,0.000000
6.836610059999657,0.279159,1.307686,-1.794138,1.265221,0.197402,-0.063748,0.226287,0.205030,1.188714,1.677976,1.133019,0.026384,-0.078591,-0.044166,-0.105004,0.831816,0.148861,-0.524305,0.398780,-0.136207,0.544092,0.191279,-0.578815,0.024799,0.792320,-0.431999,-0.310841,0.640517,-0.105014,0.831824,0.148841,-0.524298,0.398774,-0.136205,0.544089,0.191299,-0.578854,0.024808,0.792286,-0.432002,-0.310822,0.640514,0.451097,0.000000,0.000000,0.000000
6.8690399560000515,0.280233,1.305774,-1.791714,1.254179,0.204585,-0.058555,0.231823,0.209987,1.197598,1.679034,1.150642,0.021482,-0.095409,-0.045744,-0.107759,0.833726,0.150600,-0.520200,0.399489,-0.134234,0.541412,0.187833,-0.579974,0.036834,0.791828,-0.427704,-0.313862,0.645761,-0.107778,0.833734,0.150569,-0.520194,0.399478,-0.134226,0.541414,0.187878,-0.580043,0.036880,0.791765,-0.427722,-0.313829,0.645774,0.451097,0.000000,0.000000,0.000000
6.902733290000469,0.282410,1.305085,-1.788494,1.242956,0.209907,-0.056484,0.234260,0.214110,1.212208,1.674648,1.180889,0.016975,-0.108537,-0.049594,-0.113047,0.834176,0.153129,-0.517612,0.399498,-0.131642,0.538153,0.177679,-0.583586,0.047175,0.790969,-0.418625,-0.317740,0.652747,-0.113059,0.834180,0.153111,-0.517608,0.399488,-0.131638,0.538152,0.177737,-0.583704,0.047281,0.790863,-0.418670,-0.317686,0.652797,0.451097,0.000000,0.000000,0.000000
6.936663679000048,0.283832,1.305934,-1.785803,1.238701,0.213911,-0.054582,0.233428,0.215555,1.221155,1.668011,1.199722,0.018546,-0.104984,-0.050286,-0.116247,0.834444,0.154616,-0.516027,0.398727,-0.130362,0.536481,0.166682,-0.587991,0.047856,0.790059,-0.411732,-0.319851,0.656480,-0.116249,0.834446,0.154608,-0.516025,0.398723,-0.130363,0.536482,0.166676,-0.588007,0.047882,0.790047,-0.411744,-0.319868,0.656489,0.451097,0.000000,0.000000,0.000000
6.969253295999806,0.288623,1.309013,-1.780765,1.243319,0.214903,-0.059611,0.227399,0.213350,1.236396,1.657525,1.229887,0.019444,-0.102438,-0.056271,-0.122301,0.832956,0.153895,-0.517246,0.395879,-0.128978,0.535682,0.153067,-0.594055,0.046784,0.788340,-0.400485,-0.321620,0.660692,-0.122298,0.832959,0.153894,-0.517242,0.395875,-0.128985,0.535678,0.153068,-0.594118,0.046855,0.788288,-0.400509,-0.321626,0.660736,0.451097,0.000000,0.000000,0.000000
7.003655774999061,0.291273,1.309983,-1.774725,1.249556,0.217191,-0.064658,0.226020,0.211250,1.245014,1.646051,1.246846,0.020511,-0.093027,-0.059622,-0.126335,0.832969,0.149508,-0.517541,0.393373,-0.128977,0.535993,0.141773,-0.597649,0.040640,0.788077,-0.392448,-0.322483,0.662351,-0.126333,0.832968,0.149510,-0.517544,0.393369,-0.128982,0.535993,0.141755,-0.597661,0.040665,0.788069,-0.392448,-0.322521,0.662367,0.451097,0.000000,0.000000,0.000000
7.036154374000034,0.294660,1.314165,-1.767984,1.266101,0.217667,-0.071728,0.218143,0.206228,1.255428,1.626281,1.267786,0.017957,-0.078748,-0.060474,-0.129697,0.832036,0.143926,-0.519789,0.388927,-0.130117,0.538015,0.124849,-0.599662,0.029787,0.789893,-0.380949,-0.322826,0.663236,-0.129690,0.832043,0.143923,-0.519780,0.388921,-0.130119,0.538025,0.124816,-0.599733,0.029849,0.789842,-0.380932,-0.322922,0.663289,0.451097,0.000000,0.000000,0.000000
7.071126165999885,0.294642,1.314158,-1.767985,1.266041,0.217651,-0.071743,0.218172,0.205909,1.255351,1.626288,1.267959,0.017895,-0.078750,-0.060471,-0.129697,0.832036,0.143926,-0.519789,0.388927,-0.130117,0.538015,0.124849,-0.599662,0.029787,0.789893,-0.380949,-0.322826,0.663236,-0.129697,0.832036,0.143926,-0.519789,0.388927,-0.130117,0.538015,0.124849,-0.599662,0.029787,0.789893,-0.380949,-0.322826,0.663236,0.451097,0.000000,0.000000,0.000000
7.1138304980013345,0.294669,1.318457,-1.758119,1.290272,0.212920,-0.090158,0.203677,0.197717,1.270158,1.603271,1.284944,0.015361,-0.064398,-0.065796,-0.135493,0.828956,0.134118,-0.525820,0.382914,-0.133861,0.542004,0.110916,-0.602798,0.013432,0.790033,-0.367246,-0.321899,0.660981,-0.135550,0.829017,0.134047,-0.525727,0.382893,-0.133846,0.542011,0.110858,-0.602871,0.013526,0.789983,-0.367215,-0.322031,0.661050,0.451097,0.000000,0.000000,0.000000
7.139901475999068,0.290538,1.318296,-1.749969,1.305317,0.214216,-0.099957,0.196578,0.189492,1.279364,1.584293,1.290604,0.010918,-0.053026,-0.064935,-0.137851,0.829415,0.125189,-0.526684,0.379570,-0.138057,0.545531,0.101299,-0.602977,-0.000779,0.791301,-0.357696,-0.320292,0.656983,-0.137860,0.829442,0.125188,-0.526638,0.379580,-0.138044,0.545540,0.101257,-0.603050,-0.000737,0.791250,-0.357653,-0.320371,0.657024,0.451097,0.000000,0.000000,0.000000
7.170693637999648,0.285118,1.316831,-1.746561,1.313707,0.212190,-0.108434,0.190671,0.182683,1.284563,1.571509,1.291179,0.004586,-0.048580,-0.065644,-0.138702,0.829154,0.120017,-0.528074,0.378476,-0.141679,0.548279,0.097966,-0.601192,-0.010814,0.793003,-0.351985,-0.318565,0.653077,-0.138719,0.829172,0.120006,-0.528043,0.378478,-0.141666,0.548286,0.097937,-0.601217,-0.010799,0.792988,-0.351956,-0.318591,0.653097,0.451097,0.000000,0.000000,0.000000
7.205281209000532,0.272610,1.316368,-1.750276,1.321813,0.207416,-0.110767,0.177870,0.171685,1.288725,1.548247,1.287745,-0.006187,-0.035006,-0.057982,-0.133056,0.828980,0.120065,-0.529786,0.379338,-0.147943,0.552623,0.088393,-0.596088,-0.028814,0.797518,-0.343797,-0.315299,0.645999,-0.133076,0.828967,0.120039,-0.529807,0.379310,-0.147916,0.552644,0.088316,-0.596224,-0.028837,0.797425,-0.343691,-0.315363,0.646037,0.451097,0.000000,0.000000,0.000000
7.236617924001621,0.261597,1.313814,-1.753366,1.322714,0.208468,-0.107920,0.169354,0.164553,1.291010,1.535479,1.280295,-0.012475,-0.028101,-0.052604,-0.128411,0.830631,0.121881,-0.527928,0.381233,-0.152588,0.555322,0.085199,-0.593085,-0.040292,0.799604,-0.339656,-0.312863,0.640234,-0.128394,0.830613,0.121897,-0.527956,0.381224,-0.152583,0.555333,0.085167,-0.593126,-0.040307,0.799577,-0.339616,-0.312877,0.640241,0.451097,0.000000,0.000000,0.000000
7.270977108000807,0.248201,1.309328,-1.756232,1.318187,0.214353,-0.100817,0.160870,0.158135,1.295307,1.526502,1.269632,-0.012417,-0.020176,-0.053625,-0.123622,0.833911,0.125692,-0.522983,0.384217,-0.157526,0.557400,0.086330,-0.593480,-0.053418,0.798420,-0.336109,-0.310309,0.633704,-0.123576,0.833886,0.125727,-0.523026,0.384211,-0.157529,0.557413,0.086322,-0.593490,-0.053412,0.798414,-0.336096,-0.310337,0.633692,0.451097,0.000000,0.000000,0.000000
7.303574872999889,0.225533,1.299148,-1.760174,1.306324,0.225862,-0.089827,0.148465,0.149713,1.298558,1.509854,1.246554,-0.020918,-0.011690,-0.047726,-0.117185,0.839857,0.132191,-0.513258,0.390157,-0.165384,0.560319,0.087688,-0.588799,-0.072202,0.800258,-0.331878,-0.306279,0.622661,-0.117044,0.839799,0.132296,-0.513358,0.390160,-0.165394,0.560361,0.087620,-0.588828,-0.072240,0.800241,-0.331806,-0.306298,0.622657,0.451097,0.000000,0.000000,0.000000
7.337418835999415,0.209231,1.288512,-1.760967,1.294001,0.237706,-0.081015,0.147603,0.145047,1.300191,1.500461,1.225787,-0.027008,-0.008291,-0.043772,-0.112300,0.845804,0.134265,-0.503962,0.395205,-0.170762,0.562185,0.091465,-0.585181,-0.084451,0.801290,-0.330187,-0.303396,0.614354,-0.112235,0.845794,0.134310,-0.503981,0.395234,-0.170762,0.562189,0.091430,-0.585176,-0.084474,0.801295,-0.330157,-0.303395,0.614349,0.451097,0.000000,0.000000,0.000000
7.370148082001833,0.180220,1.271299,-1.766022,1.268308,0.257845,-0.061469,0.139801,0.139308,1.302014,1.488941,1.190045,-0.035217,-0.004825,-0.040664,-0.103306,0.854986,0.144201,-0.487373,0.405185,-0.179436,0.564767,0.100962,-0.579573,-0.102832,0.802077,-0.329179,-0.298755,0.601328,-0.103075,0.854908,0.144336,-0.487520,0.405209,-0.179475,0.564795,0.100895,-0.579538,-0.102879,0.802105,-0.329127,-0.298756,0.601310,0.451097,0.000000,0.000000,0.000000
7.403561325001647,0.158348,1.258211,-1.769092,1.244915,0.276675,-0.043976,0.128101,0.136199,1.303694,1.485466,1.163769,-0.035212,-0.001668,-0.035458,-0.098373,0.861628,0.156040,-0.472833,0.413088,-0.185348,0.565838,0.107818,-0.578593,-0.113325,0.800476,-0.329532,-0.295539,0.592622,-0.098202,0.861575,0.156117,-0.472940,0.413088,-0.185380,0.565865,0.107817,-0.578599,-0.113325,0.800473,-0.329531,-0.295524,0.592617,0.451097,0.000000,0.000000,0.000000
7.4369036790012615,0.136376,1.242431,-1.770065,1.220961,0.299378,-0.024981,0.119784,0.132881,1.305100,1.483484,1.136522,-0.036395,-0.002163,-0.026100,-0.093049,0.869701,0.165968,-0.455431,0.421461,-0.191339,0.567488,0.114983,-0.577207,-0.120925,0.799368,-0.330597,-0.291981,0.583957,-0.092865,0.869668,0.166034,-0.455507,0.421498,-0.191354,0.567495,0.114972,-0.577196,-0.120936,0.799375,-0.330590,-0.291946,0.583959,0.451097,0.000000,0.000000,0.000000
7.470365329001652,0.103412,1.224259,-1.784430,1.191368,0.313794,0.002115,0.111907,0.130136,1.305308,1.480853,1.092972,-0.037121,0.000045,-0.015684,-0.074735,0.875989,0.182023,-0.440370,0.435121,-0.200183,0.572580,0.127023,-0.574545,-0.134127,0.797354,-0.333242,-0.286710,0.571181,-0.074526,0.875808,0.182156,-0.440710,0.435043,-0.200312,0.572555,0.127023,-0.574554,-0.134128,0.797347,-0.333242,-0.286652,0.571189,0.451097,0.000000,0.000000,0.000000
7.5045447910015355,0.082419,1.214503,-1.798825,1.177077,0.311707,0.009693,0.094690,0.129610,1.305461,1.482974,1.062866,-0.033742,0.001315,-0.009575,-0.064582,0.874892,0.196595,-0.437885,0.444084,-0.205913,0.576917,0.136859,-0.574692,-0.141203,0.794393,-0.336082,-0.283281,0.563169,-0.064513,0.874763,0.196622,-0.438142,0.443985,-0.205972,0.576969,0.136875,-0.574708,-0.141179,0.794383,-0.336092,-0.283259,0.563180,0.451097,0.000000,0.000000,0.000000
7.537652312999853,0.054488,1.197644,-1.817153,1.165219,0.310421,0.019453,0.076361,0.129640,1.305634,1.490219,1.017894,-0.024580,0.003204,-0.002412,-0.047966,0.875250,0.210856,-0.432639,0.456545,-0.214182,0.585851,0.153608,-0.576861,-0.150085,0.788106,-0.341310,-0.278121,0.551853,-0.047811,0.875051,0.210923,-0.433026,0.456417,-0.214267,0.585912,0.153654,-0.576920,-0.149995,0.788071,-0.341341,-0.278086,0.551889,0.451097,0.000000,0.000000,0.000000
7.572146348000388,0.037989,1.188568,-1.831480,1.165507,0.311419,0.035757,0.070842,0.130399,1.304435,1.493332,0.987582,-0.022016,0.002910,0.006017,-0.028740,0.876470,0.217775,-0.428426,0.463911,-0.219572,0.593901,0.163169,-0.576369,-0.154684,0.785651,-0.344994,-0.274647,0.544741,-0.028694,0.876397,0.217806,-0.428563,0.463874,-0.219643,0.593854,0.163181,-0.576381,-0.154663,0.785644,-0.344998,-0.274619,0.544761,0.451097,0.000000,0.000000,0.000000
7.603920263998589,0.022728,1.182216,-1.849046,1.172106,0.302898,0.042672,0.057191,0.132175,1.301915,1.495626,0.956351,-0.019964,0.004406,0.015114,-0.011522,0.873862,0.225747,-0.430432,0.470617,-0.224669,0.602648,0.171879,-0.575184,-0.159864,0.783623,-0.349054,-0.271246,0.537883,-0.011527,0.873789,0.225696,-0.430605,0.470519,-0.224714,0.602647,0.171896,-0.575210,-0.159836,0.783605,-0.349060,-0.271214,0.537911,0.451097,0.000000,0.000000,0.000000
7.637759450000885,0.002289,1.174462,-1.872489,1.190520,0.286283,0.046465,0.042491,0.136207,1.298248,1.501469,0.909419,-0.017265,0.001561,0.027060,0.013687,0.869684,0.230117,-0.436473,0.478290,-0.232058,0.617028,0.187365,-0.573127,-0.164676,0.780577,-0.355814,-0.266335,0.528352,0.013630,0.869632,0.229931,-0.436675,0.478089,-0.232114,0.617016,0.187383,-0.573153,-0.164641,0.780562,-0.355805,-0.266282,0.528410,0.451097,0.000000,0.000000,0.000000
7.670691084000282,-0.009522,1.170386,-1.886045,1.206522,0.280945,0.055558,0.035539,0.140408,1.296677,1.508624,0.878184,-0.009653,0.003418,0.030466,0.032666,0.868465,0.231025,-0.437411,0.482009,-0.236518,0.627029,0.199272,-0.574941,-0.168260,0.775514,-0.360486,-0.263375,0.522608,0.032659,0.868431,0.231013,-0.437486,0.481969,-0.236548,0.626996,0.199285,-0.574996,-0.168208,0.775481,-0.360482,-0.263369,0.522644,0.451097,0.000000,0.000000,0.000000
7.704075734000071,-0.027443,1.166541,-1.905024,1.233198,0.264959,0.056017,0.016512,0.145765,1.292005,1.514290,0.836990,-0.008431,-0.001514,0.045677,0.054790,0.863330,0.232063,-0.444754,0.486365,-0.243049,0.641765,0.211451,-0.572483,-0.168971,0.773951,-0.367128,-0.259307,0.515533,0.054671,0.863320,0.231865,-0.444891,0.486181,-0.243030,0.641742,0.211454,-0.572484,-0.168959,0.773953,-0.367107,-0.259256,0.515590,0.451097,0.000000,0.000000,0.000000
7.738223880998703,-0.038684,1.167379,-1.919883,1.254891,0.255355,0.063545,0.004036,0.149784,1.287951,1.516714,0.811480,-0.009589,-0.005466,0.055093,0.073680,0.859032,0.233220,-0.449715,0.488251,-0.246745,0.652120,0.218700,-0.569508,-0.169250,0.774070,-0.371553,-0.256859,0.511611,0.073621,0.858997,0.233178,-0.449814,0.488184,-0.246741,0.652088,0.218695,-0.569507,-0.169253,0.774072,-0.371544,-0.256840,0.511631,0.451097,0.000000,0.000000,0.000000
7.770996609000576,-0.049962,1.170594,-1.934305,1.277071,0.245720,0.073843,-0.003576,0.154235,1.286056,1.526486,0.787647,0.000467,-0.003686,0.057381,0.094483,0.854292,0.232607,-0.455140,0.489280,-0.250179,0.662218,0.229167,-0.573083,-0.169307,0.768370,-0.376195,-0.254718,0.508173,0.094429,0.854259,0.232600,-0.455216,0.489233,-0.250184,0.662171,0.229163,-0.573137,-0.169256,0.768342,-0.376180,-0.254724,0.508206,0.451097,0.000000,0.000000,0.000000
7.80431159300133,-0.063022,1.177112,-1.949834,1.316921,0.234054,0.086201,-0.011952,0.159269,1.282221,1.535729,0.757410,0.006371,-0.008172,0.062378,0.122643,0.848756,0.226249,-0.461935,0.488115,-0.254627,0.677213,0.242309,-0.573249,-0.168102,0.764470,-0.382213,-0.251581,0.503857,0.122566,0.848715,0.226262,-0.462023,0.488067,-0.254612,0.677131,0.242315,-0.573279,-0.168077,0.764451,-0.382190,-0.251587,0.503889,0.451097,0.000000,0.000000,0.000000
7.838462740000978,-0.069480,1.184256,-1.956581,1.346489,0.227921,0.095114,-0.011821,0.161206,1.278153,1.537355,0.742147,0.004855,-0.011936,0.068362,0.141028,0.845798,0.218123,-0.466004,0.485177,-0.257083,0.686514,0.247235,-0.570352,-0.167524,0.765186,-0.385682,-0.249677,0.501806,0.141027,0.845778,0.218167,-0.466019,0.485189,-0.257080,0.686489,0.247230,-0.570349,-0.167527,0.765189,-0.385679,-0.249672,0.501811,0.451097,0.000000,0.000000,0.000000
7.8711540779986535,-0.073186,1.197814,-1.958858,1.398951,0.210366,0.089246,-0.016822,0.164974,1.273813,1.550184,0.721427,0.015483,-0.014018,0.071528,0.156844,0.841023,0.199539,-0.477770,0.477006,-0.259959,0.699315,0.258618,-0.573476,-0.163388,0.759965,-0.391843,-0.247391,0.499648,0.156784,0.841084,0.199453,-0.477719,0.476966,-0.259937,0.699281,0.258610,-0.573518,-0.163339,0.759946,-0.391823,-0.247418,0.499683,0.451097,0.000000,0.000000,0.000000
7.905242967000959,-0.072574,1.209142,-1.956085,1.435594,0.197918,0.082009,-0.017703,0.166697,1.272153,1.559733,0.710194,0.023651,-0.016448,0.071378,0.163821,0.838364,0.183884,-0.486308,0.469470,-0.261202,0.706563,0.266753,-0.576394,-0.160018,0.755650,-0.395310,-0.245938,0.498460,0.163822,0.838378,0.183849,-0.486296,0.469460,-0.261212,0.706563,0.266748,-0.576411,-0.160007,0.755641,-0.395303,-0.245952,0.498469,0.451097,0.000000,0.000000,0.000000
7.937812139000016,-0.068444,1.222046,-1.949221,1.476072,0.189075,0.075055,-0.018029,0.167986,1.268771,1.563305,0.701209,0.024808,-0.019634,0.074485,0.168921,0.836952,0.166412,-0.493239,0.460106,-0.261739,0.713292,0.271061,-0.575341,-0.157908,0.755363,-0.398352,-0.244746,0.497660,0.168963,0.836923,0.166407,-0.493276,0.460107,-0.261751,0.713327,0.271060,-0.575341,-0.157905,0.755364,-0.398351,-0.244750,0.497663,0.451097,0.000000,0.000000,0.000000
7.971233251999365,-0.058302,1.242022,-1.930346,1.532853,0.178661,0.061847,-0.004339,0.170020,1.263643,1.569702,0.689782,0.027663,-0.024337,0.078777,0.172599,0.837161,0.133421,-0.501567,0.443752,-0.261732,0.720773,0.277215,-0.574460,-0.153698,0.754668,-0.403008,-0.243329,0.497025,0.172848,0.836949,0.133437,-0.501832,0.443770,-0.261882,0.720945,0.277213,-0.574462,-0.153690,0.754670,-0.403003,-0.243343,0.497032,0.451097,0.000000,0.000000,0.000000
8.004977679000149,-0.047052,1.255989,-1.913070,1.571617,0.171678,0.048124,0.001669,0.171414,1.261035,1.576097,0.683170,0.032310,-0.026825,0.080508,0.169288,0.837224,0.110779,-0.508061,0.431328,-0.260830,0.724392,0.281880,-0.575632,-0.150071,0.752775,-0.406003,-0.242566,0.496813,0.169413,0.837098,0.110775,-0.508227,0.431313,-0.260917,0.724483,0.281878,-0.575637,-0.150064,0.752774,-0.405999,-0.242575,0.496819,0.451097,0.000000,0.000000,0.000000
8.038658012999804,-0.034642,1.268860,-1.891130,1.604010,0.168110,0.033154,0.009883,0.172845,1.258084,1.581123,0.677206,0.036259,-0.027217,0.082724,0.161701,0.838354,0.088115,-0.513080,0.418453,-0.259729,0.725825,0.285128,-0.576642,-0.147398,0.751305,-0.408800,-0.241956,0.496733,0.161849,0.838191,0.088103,-0.513302,0.418429,-0.259838,0.725927,0.285125,-0.576647,-0.147389,0.751305,-0.408797,-0.241962,0.496740,0.451097,0.000000,0.000000,0.000000
8.074209284000972,-0.010584,1.273498,-1.837414,1.633072,0.201333,0.012488,0.025201,0.178304,1.253874,1.590767,0.664835,0.042068,-0.033991,0.085942,0.135239,0.853110,0.056221,-0.500752,0.398834,-0.258301,0.722067,0.292592,-0.577634,-0.140147,0.749058,-0.413619,-0.241855,0.496945,0.135239,0.853110,0.056221,-0.500752,0.398834,-0.258301,0.722066,0.292592,-0.577634,-0.140147,0.749058,-0.413619,-0.241855,0.496945,0.451097,0.000000,0.000000,0.000000
8.10688067799856,0.008591,1.289445,-1.798271,1.648468,0.216443,0.000298,0.031963,0.185145,1.250774,1.602668,0.653372,0.045110,-0.055581,0.088791,0.113607,0.856694,0.037954,-0.501726,0.381909,-0.256083,0.715176,0.303700,-0.575936,-0.126783,0.748325,-0.418616,-0.242452,0.497824,0.113607,0.856694,0.037953,-0.501726,0.381909,-0.256083,0.715176,0.303700,-0.575936,-0.126783,0.748325,-0.418616,-0.242452,0.497824,0.451097,0.000000,0.000000,0.000000
8.138183282000682,0.021121,1.305120,-1.779199,1.657939,0.206477,-0.015212,0.026404,0.190246,1.249078,1.613008,0.646513,0.050590,-0.067934,0.088496,0.096572,0.852070,0.030055,-0.513564,0.371308,-0.253812,0.710174,0.311784,-0.576864,-0.117456,0.745803,-0.422081,-0.243122,0.498735,0.096664,0.852032,0.030023,-0.513611,0.371313,-0.253919,0.710163,0.311798,-0.576882,-0.117483,0.745779,-0.422055,-0.243144,0.498726,0.451097,0.000000,0.000000,0.000000
8.171590229001595,0.033113,1.319436,-1.758465,1.658872,0.204519,-0.025307,0.026045,0.195394,1.246457,1.621840,0.640398,0.053996,-0.081162,0.088559,0.079926,0.849139,0.023930,-0.521538,0.361339,-0.251802,0.703351,0.319200,-0.576374,-0.108247,0.744437,-0.425678,-0.243947,0.499922,0.080019,0.849090,0.023898,-0.521605,0.361317,-0.251888,0.703367,0.319212,-0.576390,-0.108267,0.744417,-0.425658,-0.243970,0.499911,0.451097,0.000000,0.000000,0.000000
8.208015643998806,0.058193,1.332881,-1.720419,1.659579,0.226385,-0.029155,0.051694,0.203803,1.239371,1.633518,0.632259,0.056001,-0.103023,0.084855,0.060479,0.852645,0.006546,-0.518938,0.346241,-0.246646,0.692698,0.331352,-0.572725,-0.094693,0.743791,-0.432392,-0.245500,0.502563,0.060479,0.852645,0.006546,-0.518938,0.346241,-0.246646,0.692697,0.331352,-0.572725,-0.094693,0.743791,-0.432392,-0.245500,0.502563,0.451097,0.000000,0.000000,0.000000
8.23907663800128,0.074200,1.341953,-1.698551,1.655468,0.233413,-0.034438,0.065749,0.211843,1.234703,1.650705,0.624093,0.068000,-0.114992,0.076375,0.045787,0.852493,-0.002172,-0.520725,0.337489,-0.242810,0.684753,0.344634,-0.575868,-0.083059,0.736685,-0.438559,-0.246584,0.504719,0.045856,0.852389,-0.002231,-0.520889,0.337401,-0.242838,0.684804,0.344609,-0.575989,-0.083105,0.736597,-0.438487,-0.246650,0.504728,0.451097,0.000000,0.000000,0.000000
8.272219974001928,0.099503,1.353783,-1.665852,1.646473,0.242669,-0.046185,0.080366,0.225109,1.225507,1.676458,0.611379,0.082083,-0.142852,0.063805,0.019193,0.851479,-0.012475,-0.523889,0.324896,-0.236039,0.672002,0.366610,-0.576669,-0.062020,0.727464,-0.449033,-0.248257,0.508800,0.019322,0.851273,-0.012594,-0.524216,0.324689,-0.236133,0.672062,0.366615,-0.576972,-0.062138,0.727210,-0.448873,-0.248449,0.508785,0.451097,0.000000,0.000000,0.000000
8.305245404000743,0.117513,1.357994,-1.643176,1.636118,0.257199,-0.048267,0.100705,0.233699,1.217256,1.693453,0.604362,0.090515,-0.162448,0.056643,0.004141,0.853117,-0.021187,-0.521273,0.317307,-0.230867,0.662765,0.380558,-0.576333,-0.046873,0.721678,-0.456766,-0.249473,0.512263,0.004128,0.853001,-0.021339,-0.521457,0.317156,-0.230839,0.662825,0.380560,-0.576466,-0.046909,0.721568,-0.456704,-0.249575,0.512255,0.451097,0.000000,0.000000,0.000000
8.338546147999295,0.134673,1.358937,-1.619833,1.623431,0.270207,-0.054581,0.121208,0.243027,1.208521,1.711724,0.596966,0.099949,-0.182826,0.050508,-0.013604,0.854591,-0.031211,-0.518185,0.310460,-0.225385,0.653391,0.394540,-0.576159,-0.030240,0.715168,-0.464983,-0.250627,0.516106,-0.013642,0.854453,-0.031335,-0.518403,0.310307,-0.225360,0.653422,0.394542,-0.576298,-0.030286,0.715052,-0.464912,-0.250742,0.516097,0.451097,0.000000,0.000000,0.000000
8.372637165000924,0.156555,1.359143,-1.588418,1.597169,0.285168,-0.066327,0.146099,0.254312,1.193331,1.731079,0.595451,0.103895,-0.218777,0.040213,-0.042404,0.855037,-0.041772,-0.515139,0.302153,-0.217392,0.638529,0.411805,-0.569510,-0.005918,0.711365,-0.476772,-0.252858,0.523578,-0.042482,0.854809,-0.041956,-0.515497,0.301885,-0.217341,0.638528,0.411844,-0.569779,-0.005903,0.711127,-0.476723,-0.253061,0.523517,0.451097,0.000000,0.000000,0.000000
8.406249370000296,0.170526,1.357069,-1.569365,1.577724,0.301092,-0.068653,0.162285,0.257952,1.182684,1.744500,0.603334,0.107914,-0.239201,0.033275,-0.059790,0.856968,-0.046668,-0.509758,0.297867,-0.211665,0.628619,0.420305,-0.566575,0.010825,0.708675,-0.484538,-0.254317,0.529611,-0.059871,0.856893,-0.046824,-0.509861,0.297734,-0.211609,0.628626,0.420302,-0.566672,0.010838,0.708598,-0.484533,-0.254407,0.529601,0.451097,0.000000,0.000000,0.000000
8.439526631998888,0.187678,1.353061,-1.543190,1.543358,0.321962,-0.070917,0.191898,0.257600,1.167095,1.760868,0.631476,0.111335,-0.265015,0.025502,-0.083499,0.859022,-0.054557,-0.502128,0.293067,-0.203475,0.613751,0.424950,-0.561938,0.035919,0.708769,-0.494775,-0.256909,0.540829,-0.083694,0.858855,-0.054856,-0.502349,0.292825,-0.203300,0.613771,0.424915,-0.562063,0.035966,0.708688,-0.494795,-0.257059,0.540828,0.451097,0.000000,0.000000,0.000000
8.47220310099874,0.196336,1.349339,-1.528231,1.515900,0.333340,-0.072828,0.211087,0.253732,1.156746,1.772378,0.659086,0.114931,-0.278458,0.018252,-0.099545,0.859589,-0.058394,-0.497783,0.291053,-0.198096,0.603546,0.425426,-0.560394,0.052481,0.708673,-0.501254,-0.258611,0.549442,-0.099625,0.859529,-0.058486,-0.497860,0.290980,-0.198012,0.603547,0.425378,-0.560437,0.052485,0.708668,-0.501249,-0.258671,0.549473,0.451097,0.000000,0.000000,0.000000
8.506393006999133,0.201848,1.344380,-1.513921,1.483489,0.344505,-0.075531,0.229438,0.249651,1.147585,1.785149,0.689459,0.118491,-0.295354,0.010614,-0.116499,0.860179,-0.060925,-0.492756,0.290188,-0.193206,0.592820,0.425969,-0.558737,0.070908,0.708050,-0.507212,-0.260345,0.558695,-0.116581,0.860127,-0.060997,-0.492818,0.290138,-0.193119,0.592822,0.425931,-0.558800,0.070919,0.708023,-0.507213,-0.260404,0.558727,0.451097,0.000000,0.000000,0.000000
8.539012124001601,0.205945,1.339624,-1.499863,1.427604,0.359192,-0.071441,0.254685,0.242117,1.134694,1.799423,0.740114,0.119456,-0.318321,-0.001453,-0.137268,0.861144,-0.057646,-0.486071,0.291214,-0.186437,0.576246,0.423102,-0.554943,0.096029,0.709790,-0.514434,-0.263225,0.573222,-0.137426,0.861110,-0.057837,-0.486065,0.291137,-0.186227,0.576282,0.423013,-0.555078,0.096066,0.709732,-0.514411,-0.263301,0.573288,0.451097,0.000000,0.000000,0.000000
8.573582583998359,0.203598,1.336788,-1.492795,1.381016,0.368057,-0.066853,0.270839,0.235047,1.127114,1.807146,0.778982,0.118399,-0.331958,-0.008100,-0.151173,0.861729,-0.052315,-0.481490,0.293243,-0.182361,0.564120,0.417988,-0.552335,0.112246,0.712470,-0.517946,-0.265180,0.583515,-0.151238,0.861728,-0.052392,-0.481464,0.293222,-0.182263,0.564162,0.417946,-0.552384,0.112257,0.712455,-0.517927,-0.265199,0.583550,0.451097,0.000000,0.000000,0.000000
8.605868886999815,0.197033,1.331112,-1.482688,1.306874,0.385095,-0.055554,0.296376,0.224178,1.118625,1.819598,0.842351,0.122787,-0.340835,-0.016178,-0.170412,0.864067,-0.043497,-0.471653,0.297702,-0.176433,0.546009,0.404756,-0.554044,0.134377,0.714948,-0.521220,-0.268511,0.599551,-0.170609,0.864069,-0.043753,-0.471554,0.297639,-0.176184,0.546140,0.404632,-0.554052,0.134290,0.715029,-0.521124,-0.268537,0.599654,0.451097,0.000000,0.000000,0.000000
8.639658184001746,0.188675,1.328470,-1.480458,1.254015,0.388636,-0.053374,0.305932,0.216899,1.114120,1.824551,0.885813,0.123534,-0.344264,-0.020303,-0.184698,0.863420,-0.033129,-0.468289,0.301911,-0.172930,0.534319,0.393094,-0.554749,0.146948,0.718427,-0.521717,-0.270958,0.610337,-0.184699,0.863412,-0.033121,-0.468304,0.301914,-0.172886,0.534398,0.393053,-0.554751,0.146907,0.718456,-0.521670,-0.270959,0.610371,0.451097,0.000000,0.000000,0.000000
8.673499647000426,0.179059,1.327907,-1.486093,1.204310,0.381660,-0.056902,0.303781,0.209208,1.109824,1.825863,0.930593,0.121274,-0.346521,-0.026062,-0.198122,0.860067,-0.015542,-0.469883,0.307512,-0.170302,0.523961,0.380274,-0.554288,0.157148,0.723506,-0.521051,-0.273449,0.621031,-0.198044,0.860027,-0.015487,-0.469991,0.307513,-0.170340,0.524040,0.380240,-0.554305,0.157107,0.723520,-0.520990,-0.273437,0.621058,0.451097,0.000000,0.000000,0.000000
8.705846950000705,0.166333,1.324961,-1.491425,1.136554,0.388853,-0.036299,0.318215,0.197398,1.105131,1.824704,0.999871,0.117315,-0.345796,-0.032092,-0.204739,0.862472,0.003035,-0.462834,0.315669,-0.166358,0.510926,0.357226,-0.554139,0.170323,0.732332,-0.517849,-0.277215,0.636975,-0.204836,0.862491,0.002900,-0.462756,0.315568,-0.166248,0.511055,0.357166,-0.554176,0.170215,0.732358,-0.517708,-0.277194,0.637029,0.451097,0.000000,0.000000,0.000000
8.739252453000518,0.156641,1.320309,-1.494612,1.093340,0.392143,-0.025870,0.330757,0.190979,1.103591,1.821888,1.043845,0.114613,-0.343559,-0.036990,-0.208833,0.863977,0.012429,-0.458015,0.321731,-0.164057,0.503581,0.341512,-0.554797,0.176712,0.737796,-0.514220,-0.279828,0.646930,-0.208842,0.863978,0.012412,-0.458010,0.321715,-0.164010,0.503650,0.341497,-0.554815,0.176672,0.737799,-0.514165,-0.279814,0.646947,0.451097,0.000000,0.000000,0.000000
8.772661194998363,0.142039,1.313579,-1.505413,1.034214,0.385136,-0.022352,0.339716,0.181405,1.102438,1.811766,1.109292,0.107759,-0.337030,-0.048154,-0.216098,0.862325,0.030947,-0.456880,0.331986,-0.161224,0.494164,0.317179,-0.555289,0.181178,0.747146,-0.506635,-0.283754,0.660720,-0.215932,0.862276,0.031063,-0.457043,0.331970,-0.161228,0.494333,0.317171,-0.555344,0.181091,0.747129,-0.506493,-0.283707,0.660749,0.451097,0.000000,0.000000,0.000000
8.806349104001129,0.130306,1.309029,-1.514685,0.993207,0.381270,-0.015267,0.344282,0.176027,1.103423,1.804177,1.151195,0.104500,-0.331009,-0.052385,-0.218074,0.862048,0.045732,-0.455220,0.339619,-0.159831,0.488532,0.299489,-0.556653,0.183447,0.752855,-0.500320,-0.286246,0.669313,-0.218022,0.862021,0.045766,-0.455293,0.339579,-0.159841,0.488604,0.299488,-0.556682,0.183422,0.752840,-0.500277,-0.286242,0.669328,0.451097,0.000000,0.000000,0.000000
8.839993457000674,0.118552,1.302376,-1.520076,0.953185,0.386056,0.001272,0.355066,0.170885,1.104606,1.791759,1.192184,0.096054,-0.326331,-0.057231,-0.217258,0.865375,0.056342,-0.448052,0.347158,-0.158488,0.483517,0.281435,-0.555533,0.183758,0.760533,-0.492736,-0.288847,0.677191,-0.217286,0.865378,0.056297,-0.448038,0.347115,-0.158462,0.483563,0.281443,-0.555599,0.183776,0.760477,-0.492704,-0.288839,0.677220,0.451097,0.000000,0.000000,0.000000
8.873403533001692,0.098358,1.290419,-1.529397,0.892297,0.388816,0.018381,0.368129,0.163403,1.107816,1.768868,1.252048,0.083506,-0.314859,-0.063689,-0.217905,0.868587,0.073105,-0.439010,0.359676,-0.157086,0.476798,0.252349,-0.554483,0.180410,0.772218,-0.479437,-0.292472,0.687716,-0.217862,0.868551,0.073132,-0.439097,0.359597,-0.157062,0.476937,0.252370,-0.554643,0.180456,0.772086,-0.479372,-0.292489,0.687795,0.451097,0.000000,0.000000,0.000000
8.906805164999241,0.083177,1.282507,-1.537995,0.850311,0.387425,0.027346,0.371394,0.159678,1.112216,1.753997,1.288188,0.080242,-0.303616,-0.066551,-0.218672,0.869324,0.087881,-0.434437,0.368638,-0.156393,0.472834,0.232807,-0.556992,0.176493,0.777439,-0.469891,-0.294682,0.693639,-0.218620,0.869285,0.087920,-0.434532,0.368580,-0.156412,0.472906,0.232807,-0.557041,0.176502,0.777402,-0.469873,-0.294714,0.693666,0.451097,0.000000,0.000000,0.000000
8.94039812900155,0.059460,1.270240,-1.554886,0.790599,0.382930,0.045293,0.375534,0.153722,1.118850,1.723486,1.341396,0.067424,-0.287215,-0.071899,-0.214611,0.870839,0.111811,-0.427878,0.383048,-0.156196,0.468484,0.202292,-0.556755,0.166592,0.788257,-0.453376,-0.297699,0.701069,-0.214509,0.870740,0.111882,-0.428113,0.382858,-0.156277,0.468609,0.202297,-0.556943,0.166706,0.788099,-0.453344,-0.297785,0.701194,0.451097,0.000000,0.000000,0.000000
8.974817905000236,0.044474,1.261575,-1.567038,0.754548,0.377586,0.055395,0.378872,0.150319,1.123930,1.701270,1.370717,0.060072,-0.273742,-0.074017,-0.210473,0.871094,0.127051,-0.425152,0.392426,-0.156280,0.466715,0.182602,-0.557237,0.157293,0.794608,-0.442096,-0.299426,0.704304,-0.210414,0.871052,0.127083,-0.425258,0.392343,-0.156322,0.466768,0.182594,-0.557314,0.157343,0.794546,-0.442086,-0.299489,0.704360,0.451097,0.000000,0.000000,0.000000
9.006671858001937,0.028923,1.251528,-1.576220,0.719473,0.374695,0.065968,0.388019,0.146373,1.132180,1.679586,1.400603,0.055052,-0.261516,-0.080086,-0.205654,0.872517,0.137961,-0.421174,0.401652,-0.156734,0.465550,0.164831,-0.559947,0.147049,0.798540,-0.429887,-0.300632,0.706790,-0.205609,0.872491,0.137992,-0.421240,0.401590,-0.156749,0.465602,0.164816,-0.560010,0.147114,0.798487,-0.429878,-0.300692,0.706848,0.451097,0.000000,0.000000,0.000000
9.040404896000837,0.007799,1.236133,-1.588121,0.675014,0.371393,0.080213,0.400851,0.141884,1.148113,1.648469,1.432221,0.059901,-0.235011,-0.084421,-0.198041,0.875063,0.151375,-0.414886,0.414643,-0.157763,0.465174,0.139593,-0.569885,0.126743,0.799801,-0.412055,-0.301951,0.707049,-0.197958,0.875016,0.151434,-0.415003,0.414540,-0.157791,0.465252,0.139485,-0.569971,0.126851,0.799741,-0.412045,-0.302198,0.707109,0.451097,0.000000,0.000000,0.000000
9.07379380600105,-0.007750,1.225588,-1.597169,0.645983,0.366623,0.086206,0.408238,0.135547,1.156599,1.623089,1.453652,0.059338,-0.214595,-0.085667,-0.192500,0.875668,0.160820,-0.412657,0.423408,-0.159148,0.465652,0.120589,-0.573512,0.109881,0.802788,-0.399396,-0.301961,0.706267,-0.192436,0.875637,0.160854,-0.412741,0.423348,-0.159169,0.465700,0.120551,-0.573606,0.109934,0.802719,-0.399363,-0.302093,0.706312,0.451097,0.000000,0.000000,0.000000
9.10714545600058,-0.028598,1.211519,-1.615687,0.612304,0.353355,0.091103,0.410162,0.128693,1.168491,1.587924,1.468108,0.053931,-0.191209,-0.077699,-0.182141,0.874262,0.178318,-0.413150,0.436106,-0.161733,0.467653,0.097520,-0.575322,0.088177,0.807291,-0.383583,-0.301629,0.702062,-0.181978,0.874174,0.178329,-0.413404,0.435926,-0.161848,0.467738,0.097399,-0.575570,0.088299,0.807116,-0.383512,-0.301856,0.702191,0.451097,0.000000,0.000000,0.000000
9.140545272999589,-0.042962,1.201380,-1.626354,0.591436,0.346757,0.095503,0.409890,0.123687,1.181123,1.571242,1.473801,0.063621,-0.174718,-0.084198,-0.175059,0.873850,0.189222,-0.412233,0.444281,-0.164028,0.469623,0.090015,-0.584594,0.070829,0.803200,-0.373832,-0.301095,0.698015,-0.175001,0.873807,0.189235,-0.412341,0.444211,-0.164073,0.469650,0.089951,-0.584593,0.070866,0.803205,-0.373833,-0.301202,0.697998,0.451097,0.000000,0.000000,0.000000
9.173911664998741,-0.051688,1.191319,-1.635600,0.583461,0.344246,0.109367,0.411384,0.119266,1.190288,1.550942,1.473993,0.066837,-0.157453,-0.085198,-0.163697,0.876859,0.196251,-0.407195,0.451632,-0.166409,0.473000,0.081158,-0.588876,0.052553,0.802419,-0.364750,-0.300451,0.692870,-0.163685,0.876847,0.196262,-0.407220,0.451614,-0.166459,0.472967,0.081108,-0.588909,0.052595,0.802397,-0.364731,-0.300556,0.692880,0.451097,0.000000,0.000000,0.000000
9.20769207199919,-0.058606,1.176766,-1.653353,0.589734,0.332500,0.114952,0.406024,0.112567,1.200537,1.518108,1.466796,0.070633,-0.126654,-0.084379,-0.146987,0.878118,0.205599,-0.406241,0.462025,-0.170692,0.479939,0.067958,-0.592681,0.021224,0.802284,-0.352143,-0.298899,0.683462,-0.146934,0.878110,0.205526,-0.406315,0.461969,-0.170827,0.479953,0.067862,-0.592786,0.021299,0.802213,-0.352081,-0.299143,0.683470,0.451097,0.000000,0.000000,0.000000
9.240799446000892,-0.057885,1.167438,-1.670077,0.607394,0.317186,0.107032,0.392791,0.105178,1.203589,1.495704,1.461722,0.067450,-0.107611,-0.081564,-0.136182,0.875650,0.213464,-0.411247,0.468841,-0.173757,0.485960,0.059340,-0.591102,0.000748,0.804411,-0.344808,-0.296898,0.676703,-0.136190,0.875674,0.213283,-0.411289,0.468782,-0.173827,0.486042,0.059311,-0.591185,0.000746,0.804352,-0.344749,-0.296975,0.676707,0.451097,0.000000,0.000000,0.000000
9.275247907000448,-0.055623,1.155435,-1.696846,0.641289,0.296901,0.108980,0.368964,0.097614,1.207656,1.465170,1.443916,0.071011,-0.073277,-0.075950,-0.114140,0.873966,0.226059,-0.414794,0.478362,-0.178953,0.496393,0.048382,-0.591269,-0.032274,0.804375,-0.335747,-0.294042,0.665305,-0.114181,0.873951,0.225808,-0.414950,0.478279,-0.179113,0.496526,0.048364,-0.591453,-0.032241,0.804242,-0.335683,-0.294211,0.665273,0.451097,0.000000,0.000000,0.000000
9.309456812999997,-0.051551,1.147904,-1.713977,0.670508,0.283724,0.108014,0.351056,0.093096,1.211907,1.449250,1.428795,0.087783,-0.042736,-0.086221,-0.100068,0.872702,0.232284,-0.417639,0.483937,-0.182596,0.504216,0.047031,-0.597494,-0.060701,0.798189,-0.330538,-0.292043,0.656811,-0.100109,0.872710,0.232145,-0.417689,0.483891,-0.182646,0.504297,0.046980,-0.597488,-0.060624,0.798202,-0.330564,-0.292172,0.656758,0.451097,0.000000,0.000000,0.000000
9.344768287999614,-0.051760,1.147902,-1.714022,0.669807,0.283744,0.108308,0.351351,0.092646,1.211828,1.449320,1.429506,0.087840,-0.042783,-0.086667,-0.100068,0.872702,0.232284,-0.417639,0.483937,-0.182596,0.504216,0.047031,-0.597494,-0.060701,0.798189,-0.330538,-0.292043,0.656811,-0.100068,0.872702,0.232284,-0.417639,0.483937,-0.182596,0.504216,0.047030,-0.597494,-0.060701,0.798189,-0.330538,-0.292043,0.656811,0.451097,0.000000,0.000000,0.000000
9.376496038999903,-0.048814,1.140973,-1.732197,0.699845,0.268586,0.105545,0.335205,0.089244,1.213154,1.428581,1.410811,0.094485,-0.013826,-0.095481,-0.084776,0.870788,0.237414,-0.422109,0.489391,-0.186575,0.512510,0.045332,-0.597393,-0.089994,0.795593,-0.325536,-0.289706,0.647599,-0.084831,0.870811,0.237242,-0.422147,0.489328,-0.186623,0.512594,0.045344,-0.597376,-0.089960,0.795609,-0.325540,-0.289824,0.647561,0.451097,0.000000,0.000000,0.000000
9.411592885000573,-0.042512,1.126276,-1.773661,0.776857,0.242457,0.121340,0.298329,0.077171,1.215853,1.388425,1.362432,0.083112,0.020089,-0.080461,-0.041168,0.870229,0.247044,-0.424237,0.500981,-0.196706,0.534751,0.042076,-0.587813,-0.133011,0.796877,-0.317793,-0.282485,0.625861,-0.041168,0.870229,0.247044,-0.424236,0.500981,-0.196705,0.534751,0.042076,-0.587813,-0.133011,0.796877,-0.317793,-0.282485,0.625861,0.451097,0.000000,0.000000,0.000000
9.442246343998704,-0.037546,1.120767,-1.801090,0.831077,0.219711,0.119991,0.273509,0.072805,1.216800,1.365554,1.331412,0.076275,0.040083,-0.079665,-0.015555,0.866215,0.250396,-0.432124,0.506425,-0.202781,0.549236,0.043768,-0.580935,-0.159921,0.796884,-0.314248,-0.278141,0.613316,-0.015742,0.866276,0.250043,-0.432200,0.506266,-0.202807,0.549405,0.043749,-0.580954,-0.159957,0.796864,-0.314192,-0.278201,0.613297,0.451097,0.000000,0.000000,0.000000
9.4766249159984,-0.034168,1.117867,-1.817646,0.867068,0.207367,0.121068,0.254392,0.069750,1.215441,1.352599,1.310365,0.062858,0.043632,-0.063011,-0.000138,0.863801,0.252440,-0.436029,0.509194,-0.206472,0.558961,0.041973,-0.573473,-0.168455,0.800618,-0.313492,-0.275355,0.605786,-0.000213,0.863809,0.252322,-0.436082,0.509129,-0.206464,0.559027,0.041880,-0.573493,-0.168550,0.800589,-0.313445,-0.275299,0.605799,0.451097,0.000000,0.000000,0.000000
9.509226180998667,-0.028496,1.114998,-1.843946,0.927499,0.185772,0.120032,0.225660,0.068080,1.220311,1.347351,1.274681,0.072154,0.057033,-0.062954,0.024707,0.859007,0.253370,-0.444185,0.512741,-0.212094,0.574836,0.051911,-0.575992,-0.186099,0.794296,-0.313875,-0.271967,0.594589,0.024469,0.859075,0.253024,-0.444263,0.512551,-0.212046,0.574999,0.051922,-0.576047,-0.186032,0.794271,-0.313907,-0.271993,0.594583,0.451097,0.000000,0.000000,0.000000
9.542521554001723,-0.025833,1.114493,-1.861038,0.966452,0.175078,0.127117,0.209386,0.066786,1.220238,1.341646,1.252799,0.067517,0.059493,-0.057551,0.043423,0.856722,0.253412,-0.447128,0.514338,-0.215523,0.585629,0.056876,-0.572368,-0.193990,0.794687,-0.314916,-0.269610,0.587863,0.043369,0.856707,0.253356,-0.447195,0.514296,-0.215502,0.585676,0.056859,-0.572362,-0.194010,0.794688,-0.314905,-0.269594,0.587864,0.451097,0.000000,0.000000,0.000000
9.578934599001514,-0.023888,1.114556,-1.877692,1.006162,0.162922,0.130891,0.192299,0.066967,1.220443,1.338044,1.227888,0.061960,0.058167,-0.048311,0.061284,0.853471,0.252698,-0.451635,0.515625,-0.218995,0.596604,0.062682,-0.568795,-0.198767,0.795635,-0.316823,-0.267604,0.581168,0.061202,0.853477,0.252607,-0.451686,0.515560,-0.218963,0.596648,0.062651,-0.568774,-0.198797,0.795645,-0.316810,-0.267572,0.581176,0.451097,0.000000,0.000000,0.000000
9.611005014001421,-0.020668,1.116035,-1.900528,1.067197,0.147866,0.138212,0.161941,0.067683,1.223713,1.340069,1.189699,0.069511,0.062330,-0.047548,0.086135,0.848451,0.252298,-0.457228,0.516463,-0.223644,0.612959,0.077543,-0.570482,-0.208908,0.790503,-0.320386,-0.264607,0.571238,0.085967,0.848427,0.252134,-0.457395,0.516318,-0.223518,0.613053,0.077559,-0.570523,-0.208868,0.790482,-0.320403,-0.264607,0.571252,0.451097,0.000000,0.000000,0.000000
9.645159846000752,-0.019611,1.119065,-1.915938,1.108100,0.138282,0.146206,0.145199,0.068449,1.223728,1.337551,1.164817,0.067165,0.063701,-0.039321,0.104629,0.844717,0.250611,-0.461194,0.516090,-0.226434,0.624114,0.083292,-0.568130,-0.214201,0.790195,-0.322621,-0.262473,0.564961,0.104569,0.844694,0.250577,-0.461269,0.516047,-0.226377,0.624141,0.083286,-0.568129,-0.214211,0.790194,-0.322619,-0.262448,0.564972,0.451097,0.000000,0.000000,0.000000
9.677718593000463,-0.012784,1.126730,-1.931863,1.178471,0.129142,0.157665,0.131907,0.072543,1.223055,1.334321,1.122951,0.059374,0.060275,-0.026393,0.131388,0.842600,0.238532,-0.464613,0.511859,-0.229919,0.640679,0.094206,-0.562210,-0.219789,0.791668,-0.327175,-0.259802,0.555535,0.131357,0.842556,0.238567,-0.464683,0.511834,-0.229800,0.640776,0.094149,-0.562166,-0.219850,0.791689,-0.327150,-0.259735,0.555566,0.451097,0.000000,0.000000,0.000000
9.712355201001628,-0.006900,1.131544,-1.936447,1.226572,0.121634,0.154028,0.120977,0.074608,1.224558,1.336445,1.097777,0.061890,0.059925,-0.022319,0.141805,0.841608,0.226835,-0.469184,0.507302,-0.231951,0.651142,0.103118,-0.562365,-0.223268,0.789471,-0.330043,-0.257958,0.549973,0.141736,0.841640,0.226786,-0.469171,0.507237,-0.231900,0.651172,0.103122,-0.562371,-0.223262,0.789467,-0.330040,-0.257946,0.549985,0.451097,0.000000,0.000000,0.000000
9.744543245000386,-0.000089,1.139591,-1.940235,1.276567,0.111313,0.148206,0.108217,0.077580,1.224529,1.336980,1.071575,0.063044,0.061877,-0.015122,0.150550,0.839237,0.214676,-0.476371,0.501171,-0.233549,0.660890,0.110058,-0.561562,-0.227180,0.787988,-0.333228,-0.256219,0.544512,0.150464,0.839279,0.214617,-0.476352,0.501101,-0.233486,0.660918,0.110066,-0.561578,-0.227168,0.787979,-0.333231,-0.256199,0.544532,0.451097,0.000000,0.000000,0.000000
9.777903692000109,0.011886,1.155033,-1.941129,1.353593,0.098751,0.141134,0.095530,0.083892,1.224167,1.337197,1.031064,0.062633,0.063200,-0.004809,0.162851,0.836752,0.192335,-0.486141,0.489363,-0.235168,0.674609,0.120817,-0.559127,-0.232405,0.786618,-0.338238,-0.253977,0.536660,0.162785,0.836759,0.192304,-0.486163,0.489267,-0.235059,0.674711,0.120824,-0.559152,-0.232397,0.786601,-0.338233,-0.253932,0.536709,0.451097,0.000000,0.000000,0.000000
9.81189061799887,0.020361,1.165248,-1.934794,1.400828,0.096239,0.136913,0.095612,0.088565,1.224788,1.339476,1.003512,0.066485,0.066259,0.001247,0.168427,0.837689,0.173639,-0.489652,0.479857,-0.235891,0.682251,0.128607,-0.559833,-0.235821,0.783860,-0.341677,-0.252494,0.531637,0.168486,0.837627,0.173665,-0.489728,0.479845,-0.235894,0.682324,0.128618,-0.559864,-0.235795,0.783843,-0.341676,-0.252478,0.531666,0.451097,0.000000,0.000000,0.000000
9.8447458260016,0.032033,1.183371,-1.924905,1.467309,0.089183,0.130040,0.094541,0.097379,1.225999,1.342583,0.960503,0.072344,0.071710,0.008220,0.175554,0.836392,0.147609,-0.497837,0.465234,-0.236419,0.692175,0.140967,-0.560737,-0.241591,0.779318,-0.346802,-0.250572,0.524169,0.175697,0.836262,0.147670,-0.497986,0.465229,-0.236423,0.692324,0.140987,-0.560820,-0.241534,0.779272,-0.346791,-0.250542,0.524241,0.451097,0.000000,0.000000,0.000000
9.879469341001823,0.041327,1.195078,-1.915648,1.508787,0.087794,0.126237,0.094827,0.104354,1.225903,1.341074,0.930670,0.069459,0.071557,0.015177,0.178340,0.836195,0.130829,-0.501853,0.455192,-0.236012,0.697741,0.148138,-0.557766,-0.244969,0.779065,-0.350043,-0.249290,0.519279,0.178434,0.836112,0.130865,-0.501949,0.455195,-0.236020,0.697825,0.148133,-0.557770,-0.244980,0.779060,-0.350034,-0.249268,0.519310,0.451097,0.000000,0.000000,0.000000
9.911786329001188,0.049456,1.206866,-1.905149,1.546068,0.089050,0.124536,0.093968,0.111320,1.224718,1.338238,0.902263,0.064534,0.071229,0.023942,0.180354,0.836011,0.116141,-0.505044,0.445333,-0.235576,0.702384,0.153650,-0.553585,-0.248105,0.779987,-0.353342,-0.248061,0.514833,0.180463,0.835923,0.116180,-0.505141,0.445348,-0.235575,0.702469,0.153642,-0.553586,-0.248121,0.779982,-0.353338,-0.248035,0.514863,0.451097,0.000000,0.000000,0.000000
9.94490268500158,0.062448,1.224403,-1.887989,1.597770,0.090912,0.120935,0.093720,0.122246,1.224071,1.339731,0.860396,0.066102,0.074681,0.033590,0.181300,0.835421,0.094906,-0.510093,0.430701,-0.234195,0.708033,0.163934,-0.552287,-0.251938,0.777581,-0.358845,-0.246559,0.508846,0.181548,0.835225,0.094990,-0.510311,0.430735,-0.234209,0.708223,0.163954,-0.552351,-0.251907,0.777541,-0.358827,-0.246519,0.508922,0.451097,0.000000,0.000000,0.000000
9.978340074998414,0.071039,1.236004,-1.874644,1.625413,0.092994,0.118592,0.099567,0.128331,1.223949,1.345169,0.836508,0.070786,0.074195,0.039153,0.181157,0.834978,0.080521,-0.513333,0.421193,-0.233090,0.710260,0.172047,-0.553861,-0.250971,0.775017,-0.362860,-0.245704,0.505927,0.181280,0.834880,0.080553,-0.513444,0.421207,-0.233117,0.710350,0.172050,-0.553886,-0.250954,0.775004,-0.362842,-0.245696,0.505951,0.451097,0.000000,0.000000,0.000000
10.011769243999879,0.085857,1.250650,-1.849632,1.663676,0.097006,0.108505,0.101993,0.139490,1.223027,1.351074,0.801226,0.070946,0.064915,0.043756,0.172991,0.835399,0.059755,-0.518278,0.406570,-0.231031,0.711968,0.185981,-0.551635,-0.247893,0.774377,-0.368982,-0.245199,0.502135,0.173235,0.835191,0.059788,-0.518528,0.406563,-0.231115,0.712137,0.185970,-0.551652,-0.247922,0.774358,-0.368922,-0.245192,0.502164,0.451097,0.000000,0.000000,0.000000
10.046555851000448,0.096509,1.259645,-1.831806,1.683242,0.094414,0.096297,0.102463,0.147502,1.221411,1.354396,0.779330,0.068613,0.055407,0.047385,0.163090,0.834204,0.046985,-0.524688,0.397224,-0.229450,0.711488,0.194823,-0.548600,-0.244264,0.775511,-0.373244,-0.245289,0.500340,0.163171,0.834130,0.046988,-0.524781,0.397209,-0.229511,0.711523,0.194812,-0.548598,-0.244283,0.775509,-0.373218,-0.245289,0.500345,0.451097,0.000000,0.000000,0.000000
10.078730989000178,0.109109,1.266997,-1.811408,1.701625,0.095712,0.083901,0.107858,0.158865,1.220827,1.361158,0.753405,0.070649,0.046550,0.045533,0.152043,0.834554,0.032111,-0.528555,0.387606,-0.227325,0.710307,0.207477,-0.547527,-0.240335,0.774213,-0.378177,-0.246185,0.498646,0.152140,0.834440,0.032114,-0.528708,0.387573,-0.227394,0.710363,0.207474,-0.547575,-0.240362,0.774172,-0.378117,-0.246193,0.498663,0.451097,0.000000,0.000000,0.000000
10.115563956998813,0.129564,1.271348,-1.775757,1.719550,0.105614,0.062341,0.123583,0.176309,1.219123,1.376755,0.719412,0.074518,0.021396,0.037010,0.130642,0.838198,0.007668,-0.529432,0.373987,-0.223876,0.706354,0.231249,-0.545595,-0.227980,0.772577,-0.386623,-0.248502,0.497888,0.130642,0.838198,0.007668,-0.529432,0.373987,-0.223876,0.706354,0.231249,-0.545595,-0.227980,0.772577,-0.386623,-0.248502,0.497888,0.451097,0.000000,0.000000,0.000000
10.145452401000512,0.140899,1.272888,-1.753164,1.726609,0.105456,0.043044,0.127104,0.188789,1.216339,1.386279,0.698567,0.076037,0.004958,0.033828,0.112546,0.838572,-0.005626,-0.533009,0.366063,-0.221825,0.702982,0.244956,-0.543633,-0.218596,0.772448,-0.392696,-0.250576,0.498302,0.112582,0.838489,-0.005625,-0.533132,0.366013,-0.221897,0.702980,0.244964,-0.543702,-0.218633,0.772387,-0.392624,-0.250606,0.498293,0.451097,0.000000,0.000000,0.000000
10.178823014000955,0.156055,1.274852,-1.722677,1.729629,0.117520,0.026802,0.138351,0.208769,1.209387,1.403953,0.671602,0.083144,-0.014759,0.030649,0.091547,0.841413,-0.021092,-0.532164,0.356130,-0.218789,0.696953,0.263275,-0.543754,-0.202119,0.770821,-0.403070,-0.254859,0.500942,0.091597,0.841243,-0.021165,-0.532422,0.356007,-0.218864,0.697006,0.263283,-0.543958,-0.202170,0.770661,-0.402889,-0.254956,0.500932,0.451097,0.000000,0.000000,0.000000
10.212096146999102,0.165510,1.273088,-1.702060,1.727552,0.134113,0.020398,0.152818,0.225897,1.204070,1.418041,0.649745,0.087935,-0.033950,0.027880,0.079684,0.845670,-0.032348,-0.526732,0.350402,-0.216819,0.692593,0.278473,-0.543412,-0.187525,0.769409,-0.411078,-0.258633,0.503428,0.079656,0.845584,-0.032449,-0.526868,0.350324,-0.216819,0.692628,0.278488,-0.543547,-0.187578,0.769296,-0.410950,-0.258698,0.503410,0.451097,0.000000,0.000000,0.000000
10.245488001000922,0.173992,1.270502,-1.684057,1.723231,0.147590,0.013553,0.166637,0.244212,1.197311,1.430012,0.629636,0.088391,-0.058970,0.022409,0.068058,0.849110,-0.042303,-0.522102,0.345843,-0.214824,0.688139,0.294420,-0.539652,-0.171664,0.769820,-0.419410,-0.262924,0.506845,0.068022,0.849039,-0.042375,-0.522216,0.345778,-0.214819,0.688156,0.294454,-0.539811,-0.171700,0.769688,-0.419302,-0.262996,0.506808,0.451097,0.000000,0.000000,0.000000
10.281881785998848,0.185571,1.267986,-1.662819,1.716758,0.160671,0.003843,0.181812,0.273353,1.186271,1.449993,0.601293,0.096951,-0.081203,0.009774,0.052263,0.851847,-0.053147,-0.518461,0.340388,-0.211763,0.681981,0.316161,-0.540002,-0.151824,0.765107,-0.431799,-0.270072,0.513009,0.052263,0.851847,-0.053147,-0.518461,0.340388,-0.211763,0.681981,0.316161,-0.540002,-0.151824,0.765107,-0.431799,-0.270072,0.513009,0.451097,0.000000,0.000000,0.000000
10.313378945000295,0.192452,1.265624,-1.651898,1.712519,0.168349,-0.000838,0.192641,0.289815,1.176762,1.455242,0.593018,0.095766,-0.091369,0.004852,0.044231,0.853589,-0.059474,-0.515648,0.337946,-0.209817,0.678512,0.322322,-0.536954,-0.141203,0.766714,-0.438742,-0.275276,0.518517,0.044209,0.853552,-0.059501,-0.515707,0.337914,-0.209809,0.678515,0.322352,-0.537046,-0.141176,0.766642,-0.438719,-0.275290,0.518511,0.451097,0.000000,0.000000,0.000000
10.345804487998976,0.200686,1.266710,-1.644507,1.707484,0.172431,-0.003247,0.196582,0.312851,1.161911,1.464346,0.588926,0.098207,-0.097836,-0.003397,0.036228,0.853923,-0.060127,-0.515642,0.335886,-0.207317,0.674336,0.327527,-0.536373,-0.126185,0.767533,-0.448590,-0.283672,0.528291,0.036226,0.853910,-0.060140,-0.515662,0.335867,-0.207315,0.674334,0.327543,-0.536540,-0.126146,0.767416,-0.448521,-0.283691,0.528309,0.451097,0.000000,0.000000,0.000000
10.381377981000696,0.206318,1.267597,-1.641881,1.705346,0.173955,-0.003718,0.198296,0.326314,1.152439,1.470356,0.592828,0.100583,-0.100707,-0.011732,0.032399,0.853972,-0.059528,-0.515886,0.335056,-0.205583,0.672067,0.329511,-0.537172,-0.116529,0.767652,-0.454190,-0.289505,0.535628,0.032399,0.853970,-0.059530,-0.515889,0.335053,-0.205582,0.672066,0.329504,-0.537231,-0.116522,0.767615,-0.454158,-0.289507,0.535642,0.451097,0.000000,0.000000,0.000000
10.413135730999784,0.212310,1.267330,-1.639321,1.704020,0.175871,-0.004066,0.204501,0.337373,1.141443,1.471395,0.604408,0.097674,-0.102982,-0.018834,0.029802,0.854264,-0.061131,-0.515371,0.334404,-0.203738,0.670200,0.327108,-0.534895,-0.107855,0.771528,-0.459030,-0.295562,0.544006,0.029799,0.854258,-0.061135,-0.515381,0.334397,-0.203734,0.670203,0.327136,-0.534901,-0.107833,0.771514,-0.459043,-0.295538,0.544001,0.451097,0.000000,0.000000,0.000000
10.446800231999077,0.220954,1.266192,-1.636284,1.701553,0.176298,-0.006579,0.212382,0.352398,1.125468,1.478449,0.628105,0.100136,-0.103172,-0.031351,0.025043,0.854253,-0.063089,-0.515407,0.333858,-0.201056,0.667450,0.322910,-0.536190,-0.092945,0.774332,-0.466199,-0.304669,0.557865,0.025043,0.854238,-0.063088,-0.515432,0.333846,-0.201049,0.667453,0.322875,-0.536194,-0.092956,0.774343,-0.466153,-0.304644,0.557889,0.451097,0.000000,0.000000,0.000000
10.479933179998625,0.227032,1.265474,-1.634380,1.699896,0.177270,-0.007585,0.217689,0.362204,1.115303,1.481807,0.646849,0.098572,-0.109170,-0.044167,0.022034,0.854408,-0.064140,-0.515157,0.333525,-0.199145,0.665569,0.321534,-0.534786,-0.082268,0.777079,-0.470266,-0.310814,0.567713,0.022032,0.854402,-0.064142,-0.515167,0.333520,-0.199141,0.665571,0.321547,-0.534825,-0.082242,0.777050,-0.470258,-0.310789,0.567720,0.451097,0.000000,0.000000,0.000000
10.51471478700114,0.235563,1.264177,-1.632393,1.696773,0.172030,-0.014341,0.221320,0.376024,1.099915,1.484895,0.679850,0.095824,-0.112759,-0.060898,0.014931,0.852941,-0.064585,-0.517781,0.333352,-0.196440,0.662647,0.314936,-0.533261,-0.067435,0.782241,-0.475325,-0.320162,0.583453,0.014947,0.852928,-0.064573,-0.517804,0.333350,-0.196438,0.662643,0.314960,-0.533255,-0.067413,0.782237,-0.475313,-0.320083,0.583460,0.451097,0.000000,0.000000,0.000000
10.546150520000083,0.241230,1.263097,-1.630821,1.693669,0.172443,-0.015829,0.226328,0.386312,1.090177,1.484129,0.701864,0.089790,-0.118328,-0.071624,0.011489,0.853025,-0.065078,-0.517668,0.333342,-0.194597,0.660520,0.310028,-0.529756,-0.057228,0.787379,-0.477863,-0.326472,0.594268,0.011488,0.853020,-0.065079,-0.517678,0.333338,-0.194592,0.660520,0.310071,-0.529768,-0.057178,0.787358,-0.477888,-0.326427,0.594259,0.451097,0.000000,0.000000,0.000000
10.580400333001307,0.248529,1.261912,-1.628708,1.686828,0.176752,-0.014622,0.233417,0.399834,1.076208,1.485800,0.741615,0.089149,-0.112921,-0.092277,0.007319,0.854214,-0.064314,-0.515876,0.333581,-0.192113,0.657012,0.299485,-0.530533,-0.046016,0.791661,-0.480621,-0.335794,0.611383,0.007304,0.854210,-0.064332,-0.515881,0.333569,-0.192099,0.657012,0.299477,-0.530401,-0.046068,0.791749,-0.480568,-0.335652,0.611408,0.451097,0.000000,0.000000,0.000000
10.6130867460015,0.252917,1.260995,-1.627400,1.681458,0.179341,-0.013973,0.238241,0.410713,1.068064,1.487344,0.765508,0.087101,-0.114918,-0.106171,0.004448,0.854959,-0.063714,-0.514749,0.333861,-0.190544,0.654585,0.294303,-0.529957,-0.036585,0.794477,-0.482170,-0.341785,0.622948,0.004442,0.854957,-0.063721,-0.514751,0.333856,-0.190538,0.654584,0.294317,-0.529954,-0.036572,0.794474,-0.482163,-0.341730,0.622952,0.451097,0.000000,0.000000,0.000000
10.646389322999312,0.256690,1.259854,-1.626273,1.675762,0.179973,-0.014746,0.243526,0.420875,1.060415,1.485989,0.791507,0.081365,-0.118653,-0.119820,0.001435,0.855180,-0.063570,-0.514416,0.334252,-0.189147,0.652249,0.288052,-0.527335,-0.027473,0.798867,-0.482664,-0.347668,0.634537,0.001434,0.855177,-0.063571,-0.514421,0.334250,-0.189141,0.652248,0.288092,-0.527338,-0.027426,0.798853,-0.482681,-0.347604,0.634536,0.451097,0.000000,0.000000,0.000000
10.679819379998662,0.261846,1.259138,-1.626765,1.668899,0.180728,-0.014258,0.245400,0.436723,1.049349,1.480817,0.829775,0.076697,-0.107705,-0.139131,-0.002280,0.855661,-0.060302,-0.514007,0.335195,-0.187252,0.649312,0.273525,-0.525966,-0.021064,0.805046,-0.481994,-0.356332,0.651523,-0.002282,0.855662,-0.060305,-0.514005,0.335195,-0.187249,0.649309,0.273610,-0.525742,-0.021086,0.805163,-0.482011,-0.356156,0.651519,0.451097,0.000000,0.000000,0.000000
10.71315921600035,0.265460,1.258713,-1.627327,1.666495,0.180785,-0.014115,0.246188,0.448963,1.042640,1.476781,0.852716,0.071934,-0.102874,-0.151416,-0.004196,0.855843,-0.058644,-0.513883,0.335681,-0.185998,0.647938,0.264768,-0.523751,-0.016071,0.809521,-0.481336,-0.361826,0.662808,-0.004196,0.855844,-0.058644,-0.513882,0.335681,-0.185997,0.647937,0.264821,-0.523677,-0.016053,0.809552,-0.481363,-0.361751,0.662805,0.451097,0.000000,0.000000,0.000000
10.74692214300012,0.269890,1.258043,-1.629405,1.662860,0.178689,-0.014444,0.247541,0.467911,1.035182,1.472907,0.884600,0.065035,-0.101715,-0.169581,-0.006223,0.855648,-0.056093,-0.514472,0.336768,-0.184441,0.646224,0.253972,-0.521400,-0.006020,0.814619,-0.479881,-0.369744,0.679248,-0.006219,0.855649,-0.056091,-0.514471,0.336772,-0.184439,0.646224,0.254062,-0.521332,-0.005948,0.814635,-0.479935,-0.369608,0.679245,0.451097,0.000000,0.000000,0.000000
10.780953215999034,0.272108,1.258342,-1.631996,1.660980,0.176120,-0.013993,0.247365,0.481938,1.030956,1.468149,0.902816,0.061182,-0.095086,-0.180236,-0.006467,0.855224,-0.053623,-0.515437,0.337642,-0.183653,0.645427,0.245215,-0.520108,-0.002343,0.818139,-0.478311,-0.374886,0.689627,-0.006464,0.855224,-0.053622,-0.515436,0.337644,-0.183653,0.645427,0.245262,-0.520030,-0.002325,0.818175,-0.478345,-0.374824,0.689629,0.451097,0.000000,0.000000,0.000000
10.813373259999935,0.273888,1.258993,-1.635192,1.659094,0.173777,-0.012586,0.246574,0.495672,1.026670,1.464485,0.919681,0.058697,-0.088019,-0.192115,-0.006045,0.854901,-0.050544,-0.516288,0.338631,-0.183002,0.644744,0.237726,-0.519330,0.000812,0.820842,-0.477093,-0.379571,0.699696,-0.006043,0.854901,-0.050543,-0.516287,0.338634,-0.183002,0.644744,0.237763,-0.519255,0.000822,0.820879,-0.477115,-0.379507,0.699699,0.451097,0.000000,0.000000,0.000000
10.846862613001576,0.276898,1.259475,-1.639798,1.657070,0.170129,-0.011142,0.245823,0.515970,1.020789,1.459617,0.943608,0.052040,-0.084381,-0.206959,-0.005564,0.854409,-0.046600,-0.517477,0.340087,-0.181948,0.643908,0.227794,-0.516644,0.008900,0.825294,-0.475343,-0.385991,0.714591,-0.005561,0.854411,-0.046598,-0.517474,0.340092,-0.181949,0.643909,0.227886,-0.516566,0.008966,0.825316,-0.475412,-0.385882,0.714588,0.451097,0.000000,0.000000,0.000000
10.880076763998659,0.278630,1.259527,-1.642239,1.655132,0.168754,-0.010037,0.245939,0.530053,1.019051,1.459906,0.956540,0.053540,-0.079755,-0.218952,-0.005433,0.854353,-0.044335,-0.517770,0.340995,-0.181306,0.643232,0.222849,-0.518838,0.013273,0.825208,-0.474384,-0.389941,0.723881,-0.005432,0.854354,-0.044335,-0.517769,0.340996,-0.181306,0.643232,0.222839,-0.518802,0.013262,0.825234,-0.474374,-0.389895,0.723885,0.451097,0.000000,0.000000,0.000000
10.913476525998703,0.280415,1.259662,-1.644414,1.653071,0.166888,-0.009431,0.246495,0.543611,1.016597,1.456301,0.968881,0.049317,-0.077257,-0.228332,-0.005508,0.854085,-0.042366,-0.518376,0.341796,-0.180629,0.642484,0.217271,-0.517243,0.017550,0.827614,-0.472933,-0.393666,0.732663,-0.005506,0.854085,-0.042365,-0.518375,0.341798,-0.180629,0.642484,0.217306,-0.517214,0.017578,0.827622,-0.472961,-0.393625,0.732666,0.451097,0.000000,0.000000,0.000000
10.947796301999915,0.283048,1.258410,-1.645465,1.649817,0.167780,-0.008560,0.249236,0.563826,1.012268,1.448782,0.985176,0.041335,-0.071580,-0.239884,-0.006422,0.854722,-0.041270,-0.517403,0.342705,-0.179639,0.641309,0.208326,-0.513236,0.022746,0.832269,-0.470791,-0.398880,0.745191,-0.006424,0.854722,-0.041272,-0.517402,0.342705,-0.179637,0.641309,0.208429,-0.513155,0.022818,0.832291,-0.470877,-0.398793,0.745198,0.451097,0.000000,0.000000,0.000000
10.980978453000716,0.285069,1.257177,-1.645892,1.648223,0.169697,-0.007304,0.252394,0.577611,1.011201,1.445713,0.993410,0.038470,-0.068493,-0.247500,-0.006588,0.855561,-0.041311,-0.516008,0.343271,-0.178922,0.640692,0.203589,-0.512503,0.026426,0.833783,-0.469470,-0.402163,0.752924,-0.006591,0.855562,-0.041315,-0.516008,0.343270,-0.178921,0.640692,0.203610,-0.512477,0.026444,0.833793,-0.469489,-0.402134,0.752930,0.451097,0.000000,0.000000,0.000000
11.013553663000494,0.287146,1.256262,-1.647733,1.645516,0.168684,-0.007128,0.253774,0.595653,1.007974,1.438648,1.010663,0.030746,-0.064008,-0.259302,-0.007256,0.855689,-0.039764,-0.515909,0.344278,-0.178128,0.639797,0.195260,-0.508556,0.031506,0.838005,-0.466766,-0.406417,0.764710,-0.007254,0.855689,-0.039764,-0.515909,0.344280,-0.178128,0.639797,0.195346,-0.508493,0.031577,0.838020,-0.466838,-0.406342,0.764715,0.451097,0.000000,0.000000,0.000000
11.048353973001213,0.288638,1.255731,-1.649065,1.644528,0.167624,-0.007229,0.254332,0.606945,1.007406,1.437262,1.021855,0.030420,-0.060281,-0.267335,-0.007582,0.855654,-0.038846,-0.516032,0.344887,-0.177602,0.639400,0.190032,-0.509116,0.034988,0.838728,-0.465073,-0.408872,0.772271,-0.007582,0.855655,-0.038846,-0.516032,0.344887,-0.177602,0.639400,0.190038,-0.509087,0.034992,0.838744,-0.465080,-0.408846,0.772270,0.451097,0.000000,0.000000,0.000000
11.08026688999962,0.290378,1.254637,-1.651867,1.642136,0.165562,-0.007108,0.255983,0.621371,1.006424,1.433145,1.042083,0.027142,-0.055888,-0.280303,-0.007521,0.855637,-0.037285,-0.516176,0.346189,-0.176941,0.638793,0.181761,-0.507986,0.039573,0.841039,-0.461538,-0.412014,0.783180,-0.007518,0.855638,-0.037285,-0.516175,0.346191,-0.176941,0.638795,0.181798,-0.507927,0.039606,0.841065,-0.461568,-0.411952,0.783177,0.451097,0.000000,0.000000,0.000000
11.119441162998555,0.291016,1.254547,-1.655533,1.639600,0.162491,-0.006354,0.255817,0.630340,1.004843,1.428616,1.056071,0.023137,-0.051907,-0.286125,-0.006732,0.855282,-0.034565,-0.516965,0.347546,-0.176612,0.638324,0.174869,-0.505397,0.042465,0.843914,-0.459042,-0.413746,0.790305,-0.006728,0.855281,-0.034565,-0.516966,0.347547,-0.176613,0.638325,0.174897,-0.505368,0.042486,0.843925,-0.459067,-0.413725,0.790302,0.451097,0.000000,0.000000,0.000000
11.147215615001187,0.291615,1.254488,-1.658707,1.637867,0.159948,-0.005855,0.254119,0.637792,1.004766,1.426876,1.071699,0.022604,-0.048756,-0.293064,-0.006387,0.855004,-0.031752,-0.517609,0.348690,-0.176334,0.637990,0.168221,-0.505368,0.045707,0.845113,-0.456272,-0.415142,0.797226,-0.006386,0.855004,-0.031753,-0.517610,0.348691,-0.176335,0.637991,0.168228,-0.505341,0.045713,0.845127,-0.456279,-0.415123,0.797221,0.451097,0.000000,0.000000,0.000000
11.180545506998897,0.292281,1.254764,-1.663777,1.635227,0.154147,-0.006027,0.252043,0.649349,1.003894,1.423365,1.091648,0.021415,-0.042387,-0.302284,-0.005714,0.853943,-0.027742,-0.519595,0.350383,-0.175971,0.637524,0.158801,-0.504506,0.049338,0.847243,-0.452652,-0.417061,0.806899,-0.005707,0.853941,-0.027746,-0.519599,0.350385,-0.175973,0.637528,0.158825,-0.504440,0.049353,0.847277,-0.452673,-0.417023,0.806889,0.451097,0.000000,0.000000,0.000000
11.214424691999739,0.292537,1.254996,-1.666968,1.632289,0.152401,-0.004400,0.251448,0.656896,1.004015,1.419612,1.104570,0.018020,-0.040383,-0.310133,-0.004883,0.853835,-0.024762,-0.519932,0.351582,-0.175719,0.636945,0.153827,-0.502704,0.051665,0.849092,-0.449803,-0.418277,0.812850,-0.004881,0.853834,-0.024762,-0.519933,0.351583,-0.175720,0.636945,0.153844,-0.502689,0.051685,0.849096,-0.449818,-0.418256,0.812851,0.451097,0.000000,0.000000,0.000000
11.247916897998948,0.292851,1.255094,-1.671238,1.627564,0.149905,-0.002541,0.250623,0.668149,1.003003,1.413253,1.122994,0.015336,-0.031459,-0.319248,-0.004158,0.853670,-0.020554,-0.520392,0.353308,-0.175340,0.635969,0.144282,-0.500033,0.052924,0.852261,-0.445734,-0.419903,0.821576,-0.004154,0.853669,-0.020553,-0.520394,0.353310,-0.175341,0.635970,0.144326,-0.499954,0.052950,0.852298,-0.445767,-0.419864,0.821570,0.451097,0.000000,0.000000,0.000000
11.28183439699933,0.293441,1.255094,-1.673527,1.624793,0.148437,-0.001657,0.250691,0.676287,1.002999,1.410162,1.134019,0.013614,-0.027726,-0.324998,-0.003924,0.853539,-0.018338,-0.520691,0.354261,-0.174977,0.635312,0.138771,-0.498794,0.055068,0.853765,-0.443279,-0.420958,0.827435,-0.003923,0.853539,-0.018338,-0.520691,0.354262,-0.174977,0.635312,0.138784,-0.498770,0.055080,0.853776,-0.443292,-0.420943,0.827433,0.451097,0.000000,0.000000,0.000000
11.314536958001554,0.293950,1.254603,-1.675065,1.621776,0.147263,-0.001521,0.251670,0.685630,1.004134,1.408574,1.142289,0.013604,-0.024733,-0.332274,-0.004153,0.853483,-0.016936,-0.520828,0.355116,-0.174639,0.634600,0.134765,-0.499270,0.057169,0.853991,-0.441165,-0.422251,0.833137,-0.004151,0.853483,-0.016935,-0.520828,0.355116,-0.174638,0.634600,0.134767,-0.499250,0.057172,0.854002,-0.441169,-0.422235,0.833137,0.451097,0.000000,0.000000,0.000000
11.347554072999628,0.295179,1.254080,-1.676347,1.617552,0.147675,-0.000296,0.253395,0.700346,1.004660,1.402799,1.154864,0.009930,-0.018889,-0.341278,-0.004676,0.853874,-0.015112,-0.520240,0.356030,-0.173980,0.633412,0.127474,-0.496998,0.059893,0.856245,-0.437587,-0.424187,0.841833,-0.004677,0.853875,-0.015113,-0.520238,0.356030,-0.173978,0.633412,0.127512,-0.496945,0.059930,0.856268,-0.437624,-0.424150,0.841839,0.451097,0.000000,0.000000,0.000000
11.380930464001722,0.296035,1.254182,-1.677216,1.614687,0.147887,0.000816,0.254144,0.711705,1.004908,1.399073,1.160969,0.008687,-0.013074,-0.346343,-0.004992,0.854031,-0.013561,-0.520021,0.356544,-0.173504,0.632543,0.122385,-0.495825,0.061279,0.857569,-0.435606,-0.425625,0.847809,-0.004992,0.854031,-0.013561,-0.520021,0.356545,-0.173504,0.632542,0.122401,-0.495793,0.061292,0.857584,-0.435622,-0.425608,0.847813,0.451097,0.000000,0.000000,0.000000
11.414685798001301,0.297144,1.253975,-1.677377,1.610989,0.147594,0.000718,0.256054,0.729384,1.005806,1.395943,1.169898,0.006699,-0.008646,-0.353182,-0.006115,0.853987,-0.012644,-0.520105,0.356970,-0.172897,0.631373,0.115589,-0.495130,0.066351,0.858535,-0.433076,-0.427634,0.857381,-0.006115,0.853987,-0.012643,-0.520105,0.356971,-0.172896,0.631373,0.115610,-0.495091,0.066373,0.858553,-0.433101,-0.427605,0.857384,0.451097,0.000000,0.000000,0.000000
11.448929018999479,0.298076,1.253726,-1.677225,1.608683,0.147738,0.000539,0.257077,0.742807,1.007442,1.394352,1.172399,0.006013,-0.006153,-0.359034,-0.007146,0.854042,-0.012082,-0.520015,0.357193,-0.172437,0.630576,0.112569,-0.495615,0.069406,0.858415,-0.431715,-0.429301,0.863571,-0.007146,0.854042,-0.012082,-0.520015,0.357193,-0.172436,0.630575,0.112570,-0.495603,0.069410,0.858422,-0.431717,-0.429285,0.863577,0.451097,0.000000,0.000000,0.000000
11.481532562000211,0.298855,1.253876,-1.677469,1.606819,0.147197,0.000506,0.257989,0.755869,1.010085,1.394676,1.175673,0.009831,-0.001401,-0.368585,-0.007691,0.853870,-0.011427,-0.520304,0.357390,-0.172041,0.629929,0.109879,-0.498681,0.070627,0.856887,-0.430216,-0.430843,0.869768,-0.007690,0.853870,-0.011427,-0.520304,0.357391,-0.172041,0.629929,0.109852,-0.498655,0.070611,0.856907,-0.430199,-0.430818,0.869772,0.451097,0.000000,0.000000,0.000000
11.515611431001162,0.299749,1.254491,-1.678715,1.604309,0.145249,0.000484,0.257922,0.776332,1.013954,1.392796,1.176772,0.011383,0.003892,-0.377380,-0.008187,0.853311,-0.009608,-0.521250,0.357836,-0.171543,0.629101,0.105367,-0.500964,0.073599,0.855871,-0.428058,-0.433452,0.878472,-0.008186,0.853311,-0.009607,-0.521250,0.357837,-0.171543,0.629101,0.105345,-0.500925,0.073592,0.855898,-0.428046,-0.433415,0.878491,0.451097,0.000000,0.000000,0.000000
11.549516764000145,0.300516,1.255324,-1.679873,1.603187,0.144344,0.001550,0.258459,0.790428,1.014217,1.386848,1.176595,0.005305,0.007106,-0.379814,-0.007701,0.853031,-0.008414,-0.521735,0.358080,-0.171172,0.628682,0.102047,-0.497411,0.076167,0.858119,-0.426603,-0.435157,0.884140,-0.007700,0.853032,-0.008413,-0.521735,0.358080,-0.171172,0.628682,0.102076,-0.497396,0.076191,0.858122,-0.426633,-0.435140,0.884153,0.451097,0.000000,0.000000,0.000000
11.583921336001367,0.301758,1.256387,-1.682064,1.602123,0.141140,0.001627,0.257808,0.811800,1.018822,1.385368,1.172397,0.007670,0.012634,-0.387080,-0.007478,0.852129,-0.006350,-0.523240,0.358556,-0.170628,0.628215,0.098672,-0.500425,0.078458,0.856553,-0.425121,-0.438027,0.892103,-0.007477,0.852129,-0.006350,-0.523239,0.358557,-0.170628,0.628215,0.098635,-0.500395,0.078442,0.856576,-0.425095,-0.437992,0.892130,0.451097,0.000000,0.000000,0.000000
11.63073996499952,0.301757,1.256389,-1.682060,1.602124,0.141142,0.001627,0.257805,0.811891,1.018873,1.385373,1.172113,0.007658,0.012585,-0.386937,-0.007478,0.852129,-0.006350,-0.523240,0.358556,-0.170628,0.628215,0.098672,-0.500425,0.078458,0.856553,-0.425121,-0.438027,0.892103,-0.007478,0.852129,-0.006350,-0.523240,0.358556,-0.170628,0.628215,0.098672,-0.500425,0.078458,0.856553,-0.425121,-0.438027,0.892103,0.451097,0.000000,0.000000,0.000000
11.65861406499971,0.303093,1.257616,-1.685045,1.599896,0.138751,0.003372,0.257794,0.847767,1.029448,1.381048,1.159187,0.011578,0.022228,-0.404105,-0.006587,0.851553,-0.003459,-0.524216,0.359355,-0.169960,0.627503,0.096332,-0.506210,0.078115,0.853446,-0.422055,-0.443593,0.903411,-0.006586,0.851554,-0.003457,-0.524214,0.359357,-0.169959,0.627503,0.096197,-0.506100,0.078043,0.853533,-0.421947,-0.443467,0.903530,0.451097,0.000000,0.000000,0.000000
11.689262765001331,0.303681,1.257777,-1.686057,1.599395,0.137334,0.003263,0.258178,0.863326,1.032656,1.375690,1.150029,0.006657,0.024066,-0.403151,-0.006404,0.851220,-0.002868,-0.524763,0.359652,-0.169711,0.627338,0.094392,-0.504533,0.079958,0.854484,-0.420881,-0.446062,0.907725,-0.006403,0.851220,-0.002868,-0.524762,0.359652,-0.169711,0.627338,0.094395,-0.504516,0.079964,0.854493,-0.420887,-0.446048,0.907750,0.451097,0.000000,0.000000,0.000000
11.722462286001246,0.304756,1.257855,-1.687745,1.598869,0.135967,0.003694,0.258405,0.888460,1.041624,1.373786,1.132323,0.011033,0.030436,-0.412500,-0.006016,0.851006,-0.001746,-0.525118,0.360180,-0.169292,0.627145,0.094623,-0.510195,0.078114,0.851261,-0.419596,-0.450510,0.913898,-0.006015,0.851007,-0.001746,-0.525117,0.360181,-0.169292,0.627145,0.094526,-0.510158,0.078053,0.851300,-0.419510,-0.450453,0.913966,0.451097,0.000000,0.000000,0.000000
11.754741182001453,0.305787,1.258140,-1.689078,1.599120,0.134718,0.003978,0.257969,0.905919,1.048725,1.373478,1.117958,0.014317,0.032935,-0.419582,-0.005724,0.850740,-0.000781,-0.525555,0.360484,-0.168936,0.627097,0.095920,-0.515062,0.076893,0.848291,-0.418794,-0.453686,0.917871,-0.005724,0.850740,-0.000781,-0.525555,0.360485,-0.168936,0.627097,0.095865,-0.515051,0.076848,0.848308,-0.418737,-0.453659,0.917903,0.451097,0.000000,0.000000,0.000000
11.789237568998942,0.306995,1.258292,-1.690202,1.599893,0.132942,0.003489,0.257614,0.924206,1.053396,1.366321,1.102929,0.007171,0.033827,-0.421115,-0.005671,0.850306,-0.000246,-0.526257,0.360696,-0.168561,0.627146,0.096716,-0.513047,0.077513,0.849365,-0.417598,-0.457042,0.921792,-0.005671,0.850307,-0.000247,-0.526257,0.360696,-0.168561,0.627146,0.096715,-0.513018,0.077521,0.849382,-0.417594,-0.457009,0.921838,0.451097,0.000000,0.000000,0.000000
11.823578863000876,0.308197,1.258490,-1.691420,1.599973,0.131801,0.003774,0.258036,0.953128,1.061392,1.354695,1.077451,-0.002355,0.038071,-0.424759,-0.005340,0.850078,0.000410,-0.526630,0.360993,-0.168136,0.627040,0.098175,-0.510327,0.076238,0.850950,-0.415621,-0.462542,0.927510,-0.005340,0.850078,0.000410,-0.526629,0.360993,-0.168136,0.627040,0.098172,-0.510243,0.076257,0.850999,-0.415607,-0.462449,0.927638,0.451097,0.000000,0.000000,0.000000
11.855982461998792,0.309108,1.258824,-1.692413,1.600013,0.130632,0.003933,0.258164,0.972256,1.069635,1.348979,1.058052,-0.005192,0.040597,-0.430861,-0.005096,0.849782,0.001050,-0.527108,0.361194,-0.167806,0.626934,0.100567,-0.511492,0.073418,0.850219,-0.413854,-0.466510,0.930721,-0.005096,0.849783,0.001050,-0.527108,0.361195,-0.167806,0.626934,0.100537,-0.511445,0.073402,0.850252,-0.413810,-0.466466,0.930784,0.451097,0.000000,0.000000,0.000000
11.88888281799882,0.310408,1.259033,-1.693277,1.600064,0.129362,0.003776,0.258664,0.999564,1.082093,1.339746,1.030714,-0.004633,0.053013,-0.444284,-0.005092,0.849460,0.001501,-0.527627,0.361377,-0.167346,0.626761,0.102729,-0.513770,0.063560,0.849381,-0.410388,-0.472381,0.934921,-0.005091,0.849460,0.001501,-0.527627,0.361378,-0.167346,0.626761,0.102654,-0.513621,0.063547,0.849481,-0.410319,-0.472276,0.935080,0.451097,0.000000,0.000000,0.000000
11.922903929000313,0.311403,1.259413,-1.694195,1.600220,0.128475,0.004153,0.258963,1.017078,1.091315,1.331422,1.008902,-0.007787,0.059027,-0.451781,-0.004766,0.849234,0.002063,-0.527991,0.361536,-0.166993,0.626665,0.105585,-0.513463,0.056603,0.849708,-0.407688,-0.476628,0.936523,-0.004765,0.849234,0.002064,-0.527990,0.361536,-0.166993,0.626665,0.105564,-0.513384,0.056608,0.849758,-0.407656,-0.476580,0.936607,0.451097,0.000000,0.000000,0.000000
11.956182080000872,0.312612,1.259990,-1.695238,1.600735,0.127081,0.004298,0.258744,1.034184,1.100693,1.322421,0.986660,-0.005536,0.075477,-0.468394,-0.004532,0.848826,0.002804,-0.528646,0.361648,-0.166582,0.626598,0.109312,-0.513806,0.041921,0.849880,-0.404589,-0.480968,0.937291,-0.004532,0.848826,0.002804,-0.528646,0.361649,-0.166582,0.626598,0.109285,-0.513673,0.041943,0.849963,-0.404572,-0.480918,0.937402,0.451097,0.000000,0.000000,0.000000
11.989582341000641,0.314981,1.260352,-1.696472,1.602313,0.125781,0.004442,0.259009,1.054784,1.114069,1.310732,0.959772,-0.005909,0.090608,-0.486267,-0.004285,0.848518,0.003257,-0.529140,0.361765,-0.165852,0.626650,0.113568,-0.513314,0.026347,0.850245,-0.399801,-0.486399,0.938195,-0.004285,0.848518,0.003257,-0.529139,0.361765,-0.165853,0.626650,0.113538,-0.513113,0.026383,0.850369,-0.399765,-0.486325,0.938364,0.451097,0.000000,0.000000,0.000000
12.023396990000037,0.316836,1.260738,-1.697901,1.603624,0.124742,0.005039,0.259033,1.067613,1.121406,1.295356,0.938115,-0.022749,0.087727,-0.479368,-0.003736,0.848315,0.003940,-0.529464,0.361970,-0.165279,0.626748,0.115702,-0.504703,0.025199,0.855133,-0.396569,-0.490333,0.937755,-0.003736,0.848316,0.003940,-0.529463,0.361970,-0.165280,0.626748,0.115651,-0.504599,0.025235,0.855201,-0.396563,-0.490283,0.937836,0.451097,0.000000,0.000000,0.000000
12.058078301000933,0.319918,1.261234,-1.700436,1.605842,0.122039,0.005096,0.258042,1.086376,1.132152,1.269018,0.903750,-0.045022,0.095695,-0.478577,-0.003314,0.847712,0.005357,-0.530420,0.362387,-0.164334,0.626916,0.120334,-0.489891,0.014321,0.863320,-0.391328,-0.496377,0.935432,-0.003314,0.847713,0.005356,-0.530417,0.362388,-0.164334,0.626917,0.120340,-0.489680,0.014447,0.863437,-0.391358,-0.496278,0.935673,0.451097,0.000000,0.000000,0.000000
12.089933513001597,0.322123,1.261144,-1.701652,1.606984,0.121788,0.005760,0.258624,1.096478,1.139204,1.251107,0.882619,-0.058165,0.105113,-0.480841,-0.002994,0.847821,0.005794,-0.530243,0.362663,-0.163648,0.626951,0.123370,-0.479212,0.004154,0.868975,-0.387583,-0.499929,0.933188,-0.002995,0.847821,0.005794,-0.530242,0.362664,-0.163648,0.626951,0.123395,-0.479128,0.004216,0.869018,-0.387600,-0.499903,0.933296,0.451097,0.000000,0.000000,0.000000
12.122977480001282,0.324830,1.260957,-1.703353,1.608193,0.121050,0.006330,0.259286,1.103840,1.144212,1.230883,0.866332,-0.075806,0.111882,-0.480338,-0.002660,0.847861,0.006449,-0.530173,0.363095,-0.162793,0.626967,0.125792,-0.465262,-0.003543,0.876182,-0.383833,-0.502823,0.930647,-0.002660,0.847862,0.006448,-0.530171,0.363096,-0.162793,0.626968,0.125797,-0.465197,-0.003487,0.876216,-0.383847,-0.502803,0.930741,0.451097,0.000000,0.000000,0.000000
12.156513056001131,0.329095,1.260157,-1.706587,1.609237,0.118705,0.006248,0.259828,1.115457,1.154824,1.209071,0.834154,-0.092030,0.122357,-0.483922,-0.002643,0.847716,0.007960,-0.530384,0.364135,-0.161398,0.626849,0.132108,-0.452354,-0.018042,0.881815,-0.379477,-0.507540,0.925677,-0.002642,0.847718,0.007958,-0.530381,0.364137,-0.161400,0.626852,0.132131,-0.452195,-0.017938,0.881895,-0.379479,-0.507499,0.925860,0.451097,0.000000,0.000000,0.000000
12.189504319001571,0.331994,1.259696,-1.709408,1.609402,0.117423,0.007166,0.260783,1.120026,1.161706,1.196267,0.815511,-0.100756,0.129179,-0.483804,-0.002044,0.847792,0.009372,-0.530242,0.365066,-0.160402,0.626707,0.134748,-0.444595,-0.027305,0.885117,-0.376531,-0.510110,0.921816,-0.002044,0.847794,0.009371,-0.530240,0.365067,-0.160403,0.626708,0.134747,-0.444549,-0.027279,0.885142,-0.376526,-0.510105,0.921876,0.451097,0.000000,0.000000,0.000000
12.223952038999414,0.336423,1.258321,-1.714120,1.609032,0.115072,0.007979,0.261934,1.125096,1.163376,1.151672,0.792659,-0.141836,0.143635,-0.467695,-0.001506,0.847958,0.011809,-0.529929,0.366825,-0.158853,0.626428,0.134625,-0.408475,-0.038889,0.901949,-0.371571,-0.513305,0.914385,-0.001503,0.847962,0.011805,-0.529924,0.366828,-0.158855,0.626432,0.134508,-0.408427,-0.039066,0.901980,-0.371539,-0.513282,0.914559,0.451097,0.000000,0.000000,0.000000
12.258963108000899,0.339291,1.257315,-1.717497,1.608926,0.113793,0.008896,0.262680,1.126794,1.164124,1.131300,0.781698,-0.157981,0.155777,-0.458945,-0.000869,0.848215,0.013489,-0.529479,0.368085,-0.157861,0.626347,0.132565,-0.391992,-0.047341,0.909135,-0.369324,-0.514617,0.910581,-0.000868,0.848217,0.013487,-0.529476,0.368086,-0.157862,0.626349,0.132576,-0.392013,-0.047410,0.909121,-0.369320,-0.514623,0.910613,0.451097,0.000000,0.000000,0.000000
12.290817486999003,0.341910,1.256509,-1.721375,1.608265,0.111472,0.009564,0.263107,1.126824,1.168329,1.126948,0.770279,-0.160160,0.157951,-0.457078,-0.000162,0.848167,0.015644,-0.529498,0.369490,-0.156895,0.626181,0.134098,-0.389977,-0.052700,0.909483,-0.368242,-0.515750,0.907124,-0.000160,0.848168,0.015642,-0.529496,0.369491,-0.156897,0.626183,0.134095,-0.389968,-0.052697,0.909487,-0.368238,-0.515750,0.907132,0.451097,0.000000,0.000000,0.000000
12.323325530000147,0.345495,1.255440,-1.726695,1.606048,0.108946,0.011004,0.263324,1.127447,1.168447,1.102180,0.755819,-0.183848,0.163339,-0.445145,0.000455,0.848270,0.019356,-0.529211,0.371545,-0.155461,0.625593,0.134432,-0.369168,-0.058907,0.917700,-0.366605,-0.517072,0.901503,0.000459,0.848272,0.019354,-0.529206,0.371550,-0.155464,0.625596,0.134354,-0.369153,-0.058999,0.917711,-0.366570,-0.517059,0.901537,0.451097,0.000000,0.000000,0.000000
12.358137359999091,0.347702,1.254220,-1.729611,1.603787,0.107809,0.011546,0.264712,1.130030,1.168630,1.086710,0.742018,-0.198649,0.167390,-0.437238,0.000530,0.848530,0.021151,-0.528725,0.372916,-0.154537,0.625059,0.135576,-0.356205,-0.063557,0.922333,-0.366353,-0.518170,0.898067,0.000532,0.848531,0.021150,-0.528723,0.372917,-0.154537,0.625060,0.135563,-0.356196,-0.063593,0.922336,-0.366354,-0.518158,0.898081,0.451097,0.000000,0.000000,0.000000
12.39033251499859,0.350122,1.253209,-1.733787,1.599744,0.105836,0.012515,0.264399,1.134982,1.173653,1.077619,0.714221,-0.203134,0.177410,-0.430707,0.000276,0.848597,0.024999,-0.528449,0.374799,-0.153355,0.624063,0.138743,-0.350809,-0.074715,0.923093,-0.366818,-0.520242,0.892745,0.000281,0.848597,0.024999,-0.528448,0.374803,-0.153357,0.624064,0.138752,-0.350832,-0.074721,0.923083,-0.366825,-0.520222,0.892780,0.451097,0.000000,0.000000,0.000000
12.424937455998588,0.351445,1.252322,-1.735832,1.596930,0.105697,0.013440,0.265289,1.138137,1.171734,1.053128,0.698621,-0.226148,0.185874,-0.416933,0.000174,0.848966,0.026802,-0.527768,0.375900,-0.152677,0.623411,0.138230,-0.329532,-0.081059,0.930446,-0.366819,-0.521217,0.888454,0.000174,0.848966,0.026802,-0.527767,0.375901,-0.152677,0.623411,0.138224,-0.329550,-0.081198,0.930429,-0.366826,-0.521197,0.888459,0.451097,0.000000,0.000000,0.000000
12.458592827999382,0.352268,1.251930,-1.737642,1.594087,0.104566,0.013702,0.265220,1.144336,1.168960,1.025072,0.679513,-0.253074,0.195108,-0.398858,-0.000179,0.848878,0.028799,-0.527804,0.376808,-0.152144,0.622724,0.136921,-0.304974,-0.087127,0.938431,-0.367513,-0.522429,0.884748,-0.000178,0.848878,0.028799,-0.527804,0.376809,-0.152144,0.622724,0.136939,-0.305001,-0.087335,0.938400,-0.367560,-0.522386,0.884746,0.451097,0.000000,0.000000,0.000000
12.49268410500008,0.353242,1.251704,-1.738650,1.592527,0.104001,0.013802,0.265028,1.150202,1.167410,1.001765,0.660074,-0.278168,0.194869,-0.383793,-0.000652,0.848840,0.030086,-0.527792,0.377314,-0.151667,0.622248,0.138328,-0.284382,-0.089481,0.944450,-0.368771,-0.523540,0.881417,-0.000652,0.848840,0.030086,-0.527792,0.377315,-0.151667,0.622248,0.138266,-0.284338,-0.089592,0.944461,-0.368800,-0.523498,0.881423,0.451097,0.000000,0.000000,0.000000
12.525777663999179,0.354120,1.251648,-1.739069,1.591371,0.104537,0.014496,0.265296,1.159552,1.167506,0.972291,0.631666,-0.306367,0.204252,-0.366747,-0.000939,0.849052,0.030912,-0.527404,0.377572,-0.151257,0.621835,0.139259,-0.258918,-0.098091,0.950761,-0.370034,-0.525220,0.877047,-0.000940,0.849052,0.030912,-0.527403,0.377572,-0.151257,0.621834,0.139318,-0.258931,-0.098253,0.950732,-0.370117,-0.525157,0.877097,0.451097,0.000000,0.000000,0.000000
12.559911921998719,0.355225,1.251801,-1.739128,1.591471,0.104623,0.014542,0.264882,1.169343,1.168311,0.953851,0.607826,-0.322456,0.214999,-0.351564,-0.001445,0.849038,0.031384,-0.527398,0.377545,-0.150868,0.621630,0.138578,-0.243843,-0.105508,0.954047,-0.371627,-0.526663,0.875155,-0.001445,0.849038,0.031384,-0.527397,0.377545,-0.150868,0.621629,0.138657,-0.243899,-0.105601,0.954010,-0.371698,-0.526612,0.875187,0.451097,0.000000,0.000000,0.000000
12.592309965999448,0.355991,1.252424,-1.738991,1.592424,0.104062,0.014247,0.263879,1.178209,1.168746,0.935246,0.588937,-0.343715,0.210050,-0.337340,-0.001797,0.848709,0.031655,-0.527910,0.377260,-0.150650,0.621619,0.139348,-0.227655,-0.104378,0.958051,-0.372914,-0.527910,0.874376,-0.001797,0.848709,0.031655,-0.527910,0.377260,-0.150650,0.621618,0.139299,-0.227595,-0.104442,0.958065,-0.372965,-0.527873,0.874395,0.451097,0.000000,0.000000,0.000000
12.625294209999993,0.357057,1.253398,-1.737652,1.594246,0.105080,0.014454,0.263099,1.193400,1.172541,0.920852,0.558342,-0.358376,0.214052,-0.325936,-0.002362,0.848659,0.031271,-0.528010,0.376457,-0.150402,0.621626,0.142272,-0.216306,-0.108361,0.959806,-0.375139,-0.530028,0.874558,-0.002361,0.848659,0.031271,-0.528010,0.376457,-0.150402,0.621626,0.142324,-0.216312,-0.108393,0.959794,-0.375210,-0.529951,0.874614,0.451097,0.000000,0.000000,0.000000
12.65971585599982,0.357660,1.254139,-1.736472,1.595892,0.105586,0.014288,0.262746,1.205206,1.178190,0.919757,0.531910,-0.361114,0.209933,-0.321962,-0.002716,0.848527,0.030611,-0.528260,0.375765,-0.150310,0.621730,0.147736,-0.217024,-0.108551,0.958797,-0.377277,-0.531727,0.875225,-0.002715,0.848526,0.030611,-0.528260,0.375765,-0.150310,0.621730,0.147722,-0.217009,-0.108565,0.958801,-0.377253,-0.531686,0.875236,0.451097,0.000000,0.000000,0.000000
12.692767266998999,0.358175,1.255034,-1.735287,1.597778,0.105583,0.013822,0.262292,1.217595,1.181842,0.903767,0.504530,-0.380860,0.198823,-0.309108,-0.003035,0.848206,0.029859,-0.528815,0.375006,-0.150262,0.621891,0.151290,-0.203540,-0.105509,0.961536,-0.379099,-0.533396,0.875075,-0.003034,0.848206,0.029859,-0.528816,0.375006,-0.150262,0.621891,0.151222,-0.203431,-0.105534,0.961567,-0.379155,-0.533338,0.875118,0.451097,0.000000,0.000000,0.000000
12.727219856999,0.359080,1.255654,-1.733182,1.600847,0.107243,0.013684,0.262528,1.233730,1.184764,0.867553,0.470517,-0.420632,0.189045,-0.283365,-0.003402,0.848363,0.028097,-0.528658,0.373931,-0.150201,0.622263,0.150938,-0.171467,-0.103755,0.968014,-0.380761,-0.535384,0.874176,-0.003400,0.848362,0.028097,-0.528660,0.373932,-0.150202,0.622264,0.150784,-0.171282,-0.103974,0.968048,-0.380955,-0.535263,0.874288,0.451097,0.000000,0.000000,0.000000
12.759382124000695,0.359457,1.256238,-1.732622,1.602769,0.107560,0.013842,0.262190,1.242064,1.188721,0.845578,0.450350,-0.443921,0.184135,-0.269751,-0.003193,0.848293,0.027521,-0.528802,0.373442,-0.150210,0.622579,0.150069,-0.151944,-0.104621,0.971312,-0.380891,-0.536490,0.872989,-0.003192,0.848293,0.027521,-0.528803,0.373442,-0.150210,0.622579,0.150017,-0.151881,-0.104670,0.971324,-0.380946,-0.536454,0.873057,0.451097,0.000000,0.000000,0.000000
12.792982088001736,0.359915,1.257390,-1.732433,1.605597,0.106582,0.013598,0.260617,1.247754,1.192994,0.812400,0.431091,-0.475734,0.186711,-0.246761,-0.002891,0.847748,0.027323,-0.529688,0.372838,-0.150230,0.623056,0.143289,-0.122773,-0.110527,0.975797,-0.379497,-0.537477,0.869427,-0.002892,0.847748,0.027322,-0.529688,0.372838,-0.150230,0.623056,0.143258,-0.122772,-0.110736,0.975778,-0.379541,-0.537460,0.869534,0.451097,0.000000,0.000000,0.000000
12.826875606999238,0.359973,1.257763,-1.731963,1.606440,0.106459,0.013350,0.260412,1.247850,1.192563,0.778199,0.427935,-0.509143,0.189054,-0.230099,-0.002941,0.847580,0.026955,-0.529974,0.372524,-0.150268,0.623172,0.135615,-0.090891,-0.114985,0.979860,-0.377652,-0.537533,0.866176,-0.002941,0.847580,0.026955,-0.529974,0.372524,-0.150268,0.623172,0.135529,-0.090919,-0.115198,0.979844,-0.377603,-0.537545,0.866193,0.451097,0.000000,0.000000,0.000000
12.859291446999123,0.359968,1.258105,-1.731391,1.607104,0.107393,0.013916,0.260585,1.246633,1.193339,0.753717,0.426763,-0.531722,0.195014,-0.217525,-0.002753,0.847742,0.026575,-0.529736,0.372215,-0.150315,0.623263,0.128318,-0.068588,-0.120982,0.981934,-0.375386,-0.537547,0.863018,-0.002753,0.847742,0.026575,-0.529736,0.372215,-0.150315,0.623263,0.128314,-0.068621,-0.121091,0.981918,-0.375349,-0.537568,0.863037,0.451097,0.000000,0.000000,0.000000
12.893716889000643,0.360284,1.258855,-1.731436,1.608799,0.106835,0.014121,0.260856,1.239034,1.192412,0.718085,0.435022,-0.564162,0.197342,-0.191018,-0.002066,0.847459,0.026096,-0.530215,0.371876,-0.150309,0.623592,0.111125,-0.036455,-0.126193,0.985088,-0.370946,-0.536922,0.857153,-0.002066,0.847459,0.026096,-0.530215,0.371876,-0.150309,0.623592,0.110918,-0.036578,-0.126602,0.985054,-0.370748,-0.536972,0.857132,0.451097,0.000000,0.000000,0.000000
12.926246153998363,0.360881,1.259202,-1.732012,1.610213,0.105785,0.014029,0.261217,1.232033,1.189578,0.694625,0.446763,-0.584507,0.203562,-0.174320,-0.001459,0.847169,0.025824,-0.530694,0.371814,-0.150193,0.623897,0.098021,-0.015417,-0.131868,0.986288,-0.367590,-0.536062,0.853049,-0.001459,0.847169,0.025823,-0.530694,0.371814,-0.150193,0.623897,0.097968,-0.015493,-0.132068,0.986266,-0.367479,-0.536086,0.853008,0.451097,0.000000,0.000000,0.000000
12.96314682600132,0.362209,1.259451,-1.733808,1.612230,0.104486,0.014701,0.261902,1.214082,1.180525,0.660784,0.479670,-0.610733,0.213177,-0.135084,-0.000106,0.847001,0.025932,-0.530959,0.372085,-0.149860,0.624390,0.067302,0.013028,-0.140330,0.987729,-0.361090,-0.533431,0.845130,-0.000106,0.847001,0.025932,-0.530959,0.372085,-0.149860,0.624390,0.067302,0.013028,-0.140330,0.987729,-0.361090,-0.533431,0.845130,0.451097,0.000000,0.000000,0.000000
12.99209114399855,0.363379,1.259617,-1.736283,1.613103,0.101647,0.014525,0.261268,1.203621,1.177006,0.644370,0.496097,-0.618964,0.233950,-0.114118,0.000694,0.846416,0.027092,-0.531833,0.372685,-0.149481,0.624632,0.050479,0.024842,-0.153459,0.986552,-0.357297,-0.531618,0.839659,0.000694,0.846416,0.027090,-0.531832,0.372685,-0.149481,0.624633,0.050533,0.024715,-0.153638,0.986525,-0.357205,-0.531675,0.839595,0.451097,0.000000,0.000000,0.000000
13.027311916001054,0.364561,1.259506,-1.738656,1.613113,0.100397,0.015414,0.261419,1.193191,1.177650,0.644334,0.506731,-0.613267,0.251629,-0.115318,0.001617,0.846370,0.028341,-0.531838,0.373417,-0.149041,0.624695,0.046182,0.022884,-0.164665,0.985002,-0.354165,-0.530286,0.834868,0.001617,0.846371,0.028341,-0.531837,0.373417,-0.149041,0.624695,0.046163,0.022910,-0.164677,0.985000,-0.354172,-0.530311,0.834853,0.451097,0.000000,0.000000,0.000000
13.06308353699933,0.365951,1.258994,-1.741962,1.611039,0.098092,0.015871,0.261249,1.182369,1.173887,0.603261,0.515010,-0.652606,0.234619,-0.079929,0.001994,0.846156,0.030785,-0.532042,0.374717,-0.148360,0.624285,0.023817,0.058488,-0.165599,0.984169,-0.350354,-0.528117,0.825869,0.001994,0.846156,0.030785,-0.532042,0.374717,-0.148360,0.624285,0.023817,0.058488,-0.165599,0.984169,-0.350354,-0.528117,0.825869,0.451097,0.000000,0.000000,0.000000
13.09605541199926,0.366494,1.258435,-1.743531,1.608648,0.097511,0.016340,0.261979,1.180201,1.174101,0.566423,0.509563,-0.688968,0.221195,-0.052222,0.002024,0.846268,0.032105,-0.531785,0.375542,-0.147975,0.623794,0.008576,0.090518,-0.167723,0.981632,-0.348391,-0.527205,0.819649,0.002024,0.846268,0.032105,-0.531785,0.375542,-0.147975,0.623794,0.008576,0.090518,-0.167723,0.981632,-0.348391,-0.527205,0.819649,0.451097,0.000000,0.000000,0.000000
13.128592695000407,0.366947,1.257733,-1.745549,1.604479,0.097463,0.017635,0.263486,1.171852,1.183088,0.563098,0.499942,-0.687294,0.225567,-0.044576,0.002181,0.846622,0.034057,-0.531100,0.376710,-0.147468,0.622933,0.003771,0.089621,-0.177262,0.980067,-0.345245,-0.526502,0.812552,0.002181,0.846622,0.034056,-0.531099,0.376711,-0.147468,0.622933,0.003781,0.089604,-0.177254,0.980070,-0.345250,-0.526527,0.812551,0.451097,0.000000,0.000000,0.000000
13.160254112000985,0.367594,1.257322,-1.746799,1.602747,0.097068,0.018053,0.263982,1.165822,1.185829,0.551008,0.495318,-0.697392,0.216412,-0.028061,0.002159,0.846723,0.035144,-0.530867,0.377345,-0.147094,0.622547,-0.005594,0.098107,-0.179364,0.978863,-0.343611,-0.525553,0.807088,0.002159,0.846723,0.035144,-0.530867,0.377346,-0.147094,0.622547,-0.005672,0.098098,-0.179425,0.978852,-0.343574,-0.525551,0.807100,0.451097,0.000000,0.000000,0.000000
13.197250728000654,0.368370,1.257133,-1.748183,1.601736,0.096468,0.018537,0.263913,1.167343,1.190946,0.518722,0.475779,-0.733439,0.189571,-0.011221,0.002273,0.846733,0.036326,-0.530772,0.377903,-0.146721,0.622305,-0.013349,0.128019,-0.176168,0.975909,-0.343313,-0.525470,0.801848,0.002273,0.846733,0.036326,-0.530772,0.377903,-0.146721,0.622305,-0.013349,0.128019,-0.176168,0.975909,-0.343313,-0.525470,0.801848,0.451097,0.000000,0.000000,0.000000
13.230355232000875,0.370163,1.256861,-1.749937,1.601469,0.095041,0.018461,0.264157,1.168751,1.202799,0.488355,0.440972,-0.767050,0.157537,0.007720,0.002275,0.846562,0.037365,-0.530972,0.378500,-0.146053,0.622135,-0.020158,0.155219,-0.174354,0.972163,-0.343393,-0.525695,0.794802,0.002275,0.846562,0.037365,-0.530972,0.378500,-0.146053,0.622135,-0.020158,0.155219,-0.174354,0.972163,-0.343392,-0.525695,0.794802,0.451097,0.000000,0.000000,0.000000
13.260350489999837,0.371553,1.256655,-1.750978,1.601594,0.094422,0.018531,0.264483,1.172079,1.211560,0.464576,0.412670,-0.792375,0.136824,0.025504,0.002287,0.846548,0.037886,-0.530957,0.378838,-0.145570,0.622065,-0.026119,0.175995,-0.174574,0.968436,-0.344156,-0.526061,0.790435,0.002287,0.846548,0.037885,-0.530957,0.378838,-0.145570,0.622065,-0.026344,0.176123,-0.174697,0.968384,-0.344149,-0.526010,0.790555,0.451097,0.000000,0.000000,0.000000
13.297168291999697,0.373403,1.256210,-1.751904,1.601575,0.094101,0.018520,0.265411,1.182658,1.232769,0.425926,0.349367,-0.837705,0.085962,0.044964,0.002090,0.846666,0.038215,-0.530746,0.379206,-0.144927,0.621909,-0.030515,0.213114,-0.168073,0.961979,-0.346454,-0.527637,0.785511,0.002090,0.846666,0.038215,-0.530746,0.379206,-0.144927,0.621909,-0.030515,0.213116,-0.168074,0.961978,-0.346453,-0.527634,0.785511,0.451097,0.000000,0.000000,0.000000
13.3302228140019,0.374508,1.255827,-1.752417,1.601440,0.094354,0.018752,0.265991,1.192469,1.247809,0.385816,0.300742,-0.884352,0.027297,0.066637,0.001958,0.846892,0.038446,-0.530369,0.379460,-0.144540,0.621797,-0.041885,0.252167,-0.155357,0.954213,-0.348418,-0.528743,0.782985,0.001958,0.846892,0.038446,-0.530369,0.379460,-0.144540,0.621797,-0.041885,0.252168,-0.155358,0.954212,-0.348417,-0.528741,0.782985,0.451097,0.000000,0.000000,0.000000
13.364879125001607,0.375469,1.255373,-1.753074,1.601626,0.094280,0.018811,0.266643,1.202895,1.267536,0.342025,0.241402,-0.934415,-0.041304,0.090149,0.002023,0.847060,0.038493,-0.530098,0.379739,-0.144232,0.621824,-0.056179,0.294679,-0.141584,0.943378,-0.350587,-0.529766,0.780459,0.002023,0.847060,0.038493,-0.530098,0.379739,-0.144232,0.621824,-0.056179,0.294682,-0.141586,0.943377,-0.350585,-0.529761,0.780459,0.451097,0.000000,0.000000,0.000000
13.396792614999868,0.376420,1.254714,-1.755340,1.601696,0.092717,0.018791,0.265851,1.210953,1.293582,0.316101,0.174174,-0.962211,-0.097676,0.122165,0.002411,0.846981,0.039725,-0.530131,0.380565,-0.143898,0.621980,-0.070160,0.318257,-0.135589,0.935631,-0.351853,-0.530473,0.777520,0.002411,0.846981,0.039725,-0.530131,0.380565,-0.143898,0.621980,-0.070161,0.318262,-0.135590,0.935629,-0.351851,-0.530465,0.777521,0.451097,0.000000,0.000000,0.000000
13.427443278000283,0.376866,1.254215,-1.757290,1.601592,0.091484,0.019044,0.265760,1.213956,1.307825,0.291045,0.134819,-0.988023,-0.135785,0.147047,0.003110,0.846951,0.040573,-0.530112,0.381273,-0.143723,0.622149,-0.084406,0.340541,-0.133171,0.926916,-0.352885,-0.530142,0.774603,0.003111,0.846951,0.040572,-0.530112,0.381273,-0.143723,0.622149,-0.084718,0.340684,-0.133475,0.926791,-0.352878,-0.530060,0.774813,0.451097,0.000000,0.000000,0.000000
13.462755530999857,0.378051,1.253629,-1.760723,1.602050,0.088100,0.018578,0.264892,1.223584,1.360869,0.237612,0.002629,-1.043738,-0.242236,0.194397,0.004006,0.846447,0.042136,-0.530789,0.382333,-0.143506,0.622408,-0.110511,0.390450,-0.126696,0.905143,-0.355413,-0.529187,0.769642,0.003992,0.846448,0.042114,-0.530789,0.382373,-0.143313,0.622484,-0.110511,0.390549,-0.126733,0.905095,-0.355350,-0.528781,0.769753,0.451097,0.000000,0.000000,0.000000
13.496936511000968,0.379719,1.253120,-1.762682,1.602797,0.086834,0.018609,0.265056,1.219478,1.360672,0.215439,0.000131,-1.065937,-0.261087,0.204103,0.004463,0.846418,0.042850,-0.530773,0.382868,-0.143380,0.622438,-0.124397,0.409279,-0.126167,0.895041,-0.355614,-0.528294,0.766838,0.004420,0.846422,0.042781,-0.530772,0.382992,-0.142786,0.622676,-0.124505,0.409206,-0.126357,0.895032,-0.355496,-0.527569,0.767061,0.451097,0.000000,0.000000,0.000000
13.554228760000115,0.381234,1.252417,-1.765063,1.602883,0.084869,0.018327,0.265555,1.211019,1.358778,0.191428,-0.000000,-1.089949,-0.294611,0.219863,0.004980,0.846263,0.043704,-0.530946,0.383623,-0.143242,0.622387,-0.146456,0.428684,-0.122795,0.883008,-0.355602,-0.526528,0.761756,0.004908,0.846269,0.043591,-0.530946,0.383836,-0.142255,0.622797,-0.146337,0.428667,-0.122853,0.883027,-0.355493,-0.525342,0.762166,0.451097,0.000000,0.000000,0.000000
13.593270181998378,0.381376,1.252208,-1.765924,1.602224,0.083673,0.017885,0.265287,1.205353,1.358389,0.173385,0.000000,-1.107994,-0.309205,0.222102,0.004941,0.846021,0.044328,-0.531281,0.383949,-0.143285,0.622220,-0.156954,0.443166,-0.122462,0.874055,-0.355432,-0.525328,0.758340,0.004858,0.846028,0.044196,-0.531281,0.384197,-0.142141,0.622703,-0.156818,0.443147,-0.122531,0.874079,-0.355303,-0.523953,0.758824,0.451097,0.000000,0.000000,0.000000
13.615019568998832,0.380650,1.252103,-1.766100,1.600760,0.083526,0.018001,0.265709,1.199233,1.359330,0.159521,0.000000,-1.121858,-0.326393,0.227055,0.005040,0.846005,0.044610,-0.531282,0.384179,-0.143360,0.622013,-0.168885,0.453699,-0.120815,0.866625,-0.354322,-0.523894,0.754762,0.004961,0.846011,0.044483,-0.531283,0.384415,-0.142267,0.622483,-0.168756,0.453681,-0.120883,0.866650,-0.354200,-0.522580,0.755233,0.451097,0.000000,0.000000,0.000000
13.648898882998765,0.380552,1.251978,-1.766593,1.599309,0.082708,0.017701,0.265982,1.191183,1.360727,0.143917,0.000000,-1.137480,-0.358667,0.246467,0.004890,0.845813,0.045174,-0.531541,0.384448,-0.143442,0.621623,-0.191993,0.464427,-0.116985,0.856598,-0.352324,-0.522103,0.749830,0.004798,0.845821,0.045027,-0.531542,0.384722,-0.142168,0.622184,-0.191844,0.464407,-0.117065,0.856631,-0.352182,-0.520573,0.750392,0.451097,0.000000,0.000000,0.000000
13.679151066000486,0.380045,1.252053,-1.766440,1.598320,0.082578,0.017639,0.266347,1.184966,1.361501,0.135075,-0.000000,-1.146323,-0.377694,0.260785,0.004841,0.845729,0.045235,-0.531670,0.384487,-0.143481,0.621441,-0.207132,0.469948,-0.116113,0.850154,-0.351127,-0.520427,0.746095,0.004752,0.845736,0.045094,-0.531671,0.384750,-0.142257,0.621990,-0.206990,0.469929,-0.116191,0.850189,-0.350990,-0.518958,0.746644,0.451097,0.000000,0.000000,0.000000
13.696479046000604,0.377415,1.252060,-1.764668,1.594833,0.083211,0.017107,0.267487,1.175031,1.362632,0.113743,0.003929,-1.167654,-0.399923,0.278899,0.004212,0.845665,0.044688,-0.531823,0.384405,-0.143591,0.621038,-0.230870,0.483841,-0.117416,0.835949,-0.348538,-0.517238,0.740188,0.004161,0.845670,0.044608,-0.531823,0.384553,-0.142905,0.621347,-0.230963,0.483732,-0.117642,0.835954,-0.348341,-0.516466,0.740483,0.451097,0.000000,0.000000,0.000000
13.746507456999097,0.379619,1.251609,-1.765341,1.596589,0.082601,0.016497,0.268159,1.169652,1.364807,0.096569,0.000000,-1.184908,-0.424635,0.280533,0.004085,0.845688,0.044379,-0.531814,0.384378,-0.143667,0.620938,-0.244071,0.495963,-0.113556,0.825564,-0.347704,-0.516567,0.736589,0.003986,0.845696,0.044222,-0.531815,0.384667,-0.142302,0.621577,-0.243918,0.495941,-0.113648,0.825609,-0.347554,-0.514930,0.737229,0.451097,0.000000,0.000000,0.000000
13.780660529999295,0.381200,1.251373,-1.766576,1.598344,0.080881,0.015706,0.268239,1.163712,1.365769,0.089285,-0.000000,-1.192194,-0.443260,0.285213,0.004356,0.845385,0.044378,-0.532294,0.384481,-0.143848,0.621004,-0.254984,0.500112,-0.110311,0.820185,-0.346646,-0.515740,0.732941,0.004214,0.845396,0.044153,-0.532295,0.384894,-0.141895,0.621934,-0.254766,0.500082,-0.110445,0.820253,-0.346431,-0.513399,0.733871,0.451097,0.000000,0.000000,0.000000
13.834336721,0.379237,1.251773,-1.767345,1.596918,0.078657,0.015137,0.267159,1.153348,1.365556,0.083451,0.000000,-1.198029,-0.467838,0.302209,0.004833,0.844666,0.045161,-0.533364,0.384794,-0.144148,0.621044,-0.272585,0.501852,-0.109533,0.813539,-0.345898,-0.512494,0.727118,0.004707,0.844676,0.044961,-0.533365,0.385162,-0.142415,0.621893,-0.272393,0.501826,-0.109651,0.813603,-0.345704,-0.510416,0.727967,0.451097,0.000000,0.000000,0.000000
13.888351762998354,0.379563,1.251670,-1.768092,1.597214,0.078403,0.015505,0.267631,1.145738,1.365238,0.079775,-0.000000,-1.201706,-0.476397,0.306919,0.005383,0.844723,0.045274,-0.533258,0.384947,-0.144325,0.621026,-0.279715,0.503121,-0.110983,0.810131,-0.345853,-0.510741,0.722723,0.005237,0.844736,0.045043,-0.533259,0.385376,-0.142319,0.622029,-0.279493,0.503090,-0.111121,0.810207,-0.345624,-0.508335,0.723727,0.451097,0.000000,0.000000,0.000000
13.927654424001958,0.376213,1.252789,-1.769236,1.593693,0.075745,0.015737,0.265984,1.124246,1.367659,0.093180,0.000000,-1.188302,-0.484789,0.335837,0.006239,0.843716,0.047217,-0.534673,0.385428,-0.144828,0.620684,-0.295352,0.488492,-0.119712,0.812288,-0.343743,-0.504802,0.710901,0.006112,0.843727,0.047016,-0.534675,0.385799,-0.143086,0.621606,-0.295159,0.488464,-0.119829,0.812358,-0.343543,-0.502713,0.711823,0.451097,0.000000,0.000000,0.000000
13.980569506999018,0.375993,1.253017,-1.769345,1.593052,0.076063,0.016361,0.266206,1.113665,1.367639,0.097179,-0.000000,-1.184305,-0.496909,0.340356,0.006474,0.843777,0.047539,-0.534545,0.385448,-0.144944,0.620458,-0.301424,0.483750,-0.118989,0.813001,-0.343372,-0.502082,0.705340,0.006339,0.843789,0.047325,-0.534546,0.385845,-0.143090,0.621465,-0.301218,0.483720,-0.119112,0.813077,-0.343155,-0.499859,0.706348,0.451097,0.000000,0.000000,0.000000
14.01265684900136,0.377565,1.253145,-1.770309,1.594223,0.074629,0.015806,0.265526,1.096682,1.367461,0.097748,-0.000000,-1.183737,-0.504345,0.354482,0.006349,0.843419,0.048091,-0.535062,0.385472,-0.144932,0.620251,-0.312870,0.479866,-0.125954,0.809924,-0.343177,-0.497713,0.695789,0.006180,0.843434,0.047824,-0.535064,0.385974,-0.142615,0.621565,-0.312614,0.479826,-0.126106,0.810023,-0.342898,-0.494934,0.697103,0.451097,0.000000,0.000000,0.000000
14.044877096999699,0.379516,1.253040,-1.771113,1.595904,0.073629,0.015207,0.264931,1.084266,1.367611,0.098413,-0.000000,-1.183074,-0.510645,0.357832,0.006088,0.843234,0.048379,-0.535331,0.385453,-0.144862,0.620119,-0.318626,0.477178,-0.128824,0.808816,-0.342943,-0.494753,0.688938,0.005884,0.843252,0.048057,-0.535333,0.386062,-0.142069,0.621751,-0.318318,0.477129,-0.129006,0.808937,-0.342600,-0.491405,0.690571,0.451097,0.000000,0.000000,0.000000
14.09064334100185,0.380977,1.252483,-1.771003,1.596250,0.074263,0.014914,0.265116,1.063810,1.367447,0.103786,-0.000000,-1.177702,-0.522684,0.367652,0.005368,0.843529,0.048353,-0.534876,0.385427,-0.144783,0.619710,-0.328424,0.469447,-0.133020,0.808741,-0.342641,-0.489149,0.678059,0.005137,0.843550,0.047989,-0.534878,0.386127,-0.141622,0.621650,-0.328075,0.469390,-0.133223,0.808883,-0.342238,-0.485360,0.679999,0.451097,0.000000,0.000000,0.000000
14.122132370001054,0.384015,1.250928,-1.771892,1.598249,0.074911,0.014375,0.264830,1.036020,1.367613,0.121350,0.000000,-1.160142,-0.519071,0.373303,0.004582,0.844169,0.048406,-0.533868,0.385659,-0.144837,0.619306,-0.329897,0.452365,-0.143263,0.816094,-0.342605,-0.482108,0.663367,0.004288,0.844195,0.047941,-0.533870,0.386568,-0.140806,0.621945,-0.329448,0.452286,-0.143512,0.816276,-0.342066,-0.477274,0.666007,0.451097,0.000000,0.000000,0.000000
14.152124219999678,0.386092,1.249485,-1.773200,1.600279,0.074909,0.013843,0.263362,1.013772,1.367280,0.123295,0.000000,-1.158200,-0.535918,0.383004,0.004137,0.844614,0.048856,-0.533126,0.386024,-0.145063,0.619149,-0.342025,0.446565,-0.146716,0.813679,-0.342370,-0.475774,0.651561,0.003791,0.844645,0.048308,-0.533129,0.387115,-0.140313,0.622419,-0.341496,0.446470,-0.147006,0.813901,-0.341708,-0.470079,0.654832,0.451097,0.000000,0.000000,0.000000
14.188166210999043,0.387071,1.248485,-1.773751,1.601659,0.075145,0.013419,0.262212,0.998390,1.365990,0.126128,-0.000000,-1.155370,-0.545446,0.391995,0.003786,0.844949,0.048968,-0.532588,0.386184,-0.145303,0.619099,-0.349760,0.441464,-0.150480,0.812486,-0.342864,-0.471044,0.643553,0.003410,0.844983,0.048371,-0.532590,0.387393,-0.140139,0.622778,-0.349186,0.441357,-0.150792,0.812733,-0.342115,-0.464850,0.647232,0.451097,0.000000,0.000000,0.000000
14.22343029699914,0.388845,1.246877,-1.774544,1.604798,0.075742,0.012768,0.260053,0.975596,1.363950,0.125727,0.000000,-1.155775,-0.547144,0.398618,0.003282,0.845555,0.048934,-0.531631,0.386306,-0.145763,0.619141,-0.357310,0.437531,-0.161048,0.809295,-0.344120,-0.464015,0.631498,0.002854,0.845594,0.048252,-0.531633,0.387725,-0.139875,0.623550,-0.356658,0.437401,-0.161400,0.809583,-0.343213,-0.456949,0.635907,0.451097,0.000000,0.000000,0.000000
14.257095038999978,0.389205,1.245795,-1.774534,1.606408,0.076496,0.012278,0.258568,0.960261,1.362328,0.124700,0.000000,-1.156807,-0.549297,0.408144,0.002856,0.845996,0.048694,-0.530954,0.386308,-0.146180,0.619200,-0.364839,0.434929,-0.169027,0.805704,-0.345021,-0.458797,0.623489,0.002403,0.846037,0.047972,-0.530956,0.387840,-0.139955,0.624018,-0.364152,0.434784,-0.169398,0.806015,-0.344021,-0.451323,0.628307,0.451097,0.000000,0.000000,0.000000
14.28411284699905,0.393372,1.244191,-1.775195,1.609194,0.077123,0.011422,0.260563,0.944441,1.358971,0.119378,0.000000,-1.162134,-0.559384,0.411963,0.002261,0.846670,0.047688,-0.529972,0.386108,-0.146665,0.619381,-0.373260,0.435708,-0.173754,0.800403,-0.347092,-0.454681,0.615779,0.001691,0.846721,0.046778,-0.529974,0.388098,-0.138839,0.624381,-0.372400,0.435521,-0.174222,0.800804,-0.345761,-0.445279,0.620779,0.451097,0.000000,0.000000,0.000000
14.315583487001277,0.403851,1.242103,-1.778523,1.613920,0.074827,0.009267,0.266359,0.917937,1.353045,0.100386,0.000000,-1.181136,-0.557841,0.392309,0.001555,0.846956,0.046784,-0.529598,0.385792,-0.147440,0.619650,-0.377028,0.445980,-0.186014,0.790158,-0.351866,-0.449396,0.603280,0.000699,0.847031,0.045416,-0.529600,0.388954,-0.135692,0.624650,-0.375751,0.445679,-0.186734,0.790766,-0.349676,-0.435264,0.608280,0.451097,0.000000,0.000000,0.000000
14.36086127100134,0.406111,1.240836,-1.778197,1.615723,0.075848,0.008483,0.268551,0.902474,1.348518,0.086678,-0.000000,-1.194852,-0.553762,0.400532,0.001121,0.847545,0.045296,-0.528785,0.385310,-0.148140,0.619938,-0.386914,0.451887,-0.199634,0.778615,-0.355075,-0.444229,0.595720,0.000176,0.847625,0.043780,-0.528786,0.388938,-0.135160,0.624938,-0.385521,0.451529,-0.200442,0.779306,-0.352501,-0.428600,0.600720,0.451097,0.000000,0.000000,0.000000
14.389091979999648,0.409614,1.239788,-1.778500,1.618989,0.075774,0.007327,0.270915,0.887259,1.344665,0.102844,0.000000,-1.178698,-0.544534,0.416087,0.000922,0.847857,0.043731,-0.528418,0.384626,-0.149038,0.620452,-0.386123,0.437995,-0.210950,0.783945,-0.357820,-0.440320,0.589040,-0.000152,0.847944,0.042009,-0.528419,0.388886,-0.134306,0.625452,-0.384530,0.437566,-0.211839,0.784727,-0.354738,-0.422569,0.594040,0.451097,0.000000,0.000000,0.000000
14.42341538600158,0.412450,1.239489,-1.779417,1.621153,0.074644,0.006513,0.271991,0.877080,1.340864,0.105547,0.000000,-1.176007,-0.547985,0.411961,0.000881,0.847729,0.043397,-0.528651,0.384175,-0.149617,0.620721,-0.385158,0.435385,-0.213037,0.785308,-0.360449,-0.437931,0.584883,-0.000293,0.847823,0.041514,-0.528651,0.388965,-0.133523,0.625721,-0.383412,0.434910,-0.214004,0.786162,-0.356932,-0.418526,0.589883,0.451097,0.000000,0.000000,0.000000
14.449840067001787,0.415869,1.238709,-1.779590,1.623230,0.075581,0.006344,0.274779,0.868142,1.337100,0.101136,-0.000000,-1.180432,-0.551605,0.408414,0.000700,0.848264,0.042275,-0.527883,0.383529,-0.150270,0.620905,-0.387271,0.437462,-0.216040,0.782289,-0.363173,-0.436057,0.581114,-0.000590,0.848365,0.040200,-0.527883,0.388942,-0.132579,0.625905,-0.385357,0.436932,-0.217109,0.783233,-0.359148,-0.414711,0.586114,0.451097,0.000000,0.000000,0.000000
14.497546246999264,0.419522,1.238207,-1.779835,1.625183,0.074420,0.004601,0.276254,0.856036,1.331972,0.095412,0.000000,-1.186171,-0.553922,0.399952,-0.000250,0.848054,0.041667,-0.528268,0.382681,-0.151022,0.620936,-0.387982,0.440531,-0.220375,0.778998,-0.366946,-0.433136,0.576109,-0.001676,0.848164,0.039378,-0.528266,0.388873,-0.131522,0.625936,-0.385878,0.439934,-0.221563,0.780042,-0.362266,-0.409585,0.581109,0.451097,0.000000,0.000000,0.000000
14.529158126999391,0.420900,1.238232,-1.778508,1.625867,0.075743,0.004376,0.277732,0.847619,1.329350,0.088155,0.000000,-1.193445,-0.552960,0.395494,-0.000940,0.848295,0.040709,-0.527955,0.381782,-0.151508,0.620771,-0.390181,0.444423,-0.225129,0.774315,-0.368993,-0.430558,0.572440,-0.002430,0.848407,0.038314,-0.527950,0.388388,-0.131132,0.625771,-0.387994,0.443785,-0.226382,0.775414,-0.363951,-0.405939,0.577440,0.451097,0.000000,0.000000,0.000000
14.561673041000176,0.422533,1.237883,-1.774981,1.626978,0.079760,0.004172,0.280976,0.838388,1.327922,0.084807,-0.000000,-1.196810,-0.552029,0.396526,-0.002342,0.849163,0.038038,-0.526754,0.380231,-0.152199,0.620524,-0.393459,0.444894,-0.230293,0.770859,-0.370275,-0.427922,0.568371,-0.003907,0.849273,0.035514,-0.526744,0.387292,-0.130755,0.625524,-0.391167,0.444208,-0.231614,0.772025,-0.364840,-0.402012,0.573371,0.451097,0.000000,0.000000,0.000000
14.601447867000388,0.421876,1.238599,-1.773597,1.627252,0.079558,0.003445,0.280285,0.833894,1.327894,0.086376,-0.000000,-1.195259,-0.555215,0.394932,-0.002868,0.848755,0.037630,-0.527437,0.379553,-0.152572,0.620424,-0.393952,0.443151,-0.230025,0.771692,-0.370288,-0.426375,0.566528,-0.004446,0.848864,0.035090,-0.527426,0.386692,-0.130985,0.625424,-0.391641,0.442461,-0.231350,0.772867,-0.364775,-0.400296,0.571528,0.451097,0.000000,0.000000,0.000000
14.628750580999622,0.421200,1.239206,-1.771714,1.627621,0.080824,0.003421,0.280037,0.831747,1.328837,0.091030,0.000000,-1.190622,-0.555933,0.395413,-0.003352,0.848765,0.036894,-0.527471,0.378811,-0.152958,0.620330,-0.393083,0.439642,-0.229546,0.774280,-0.369686,-0.425861,0.565647,-0.004939,0.848872,0.034340,-0.527458,0.385970,-0.131246,0.625330,-0.390752,0.438949,-0.230867,0.775459,-0.364155,-0.399641,0.570647,0.451097,0.000000,0.000000,0.000000
14.662470841001777,0.419315,1.240146,-1.769404,1.627102,0.082464,0.003786,0.279351,0.829749,1.331281,0.096995,-0.000000,-1.184675,-0.563717,0.391755,-0.003730,0.848754,0.036373,-0.527522,0.378061,-0.153561,0.620100,-0.392234,0.435319,-0.224376,0.778656,-0.367963,-0.425557,0.564924,-0.005317,0.848860,0.033819,-0.527508,0.385152,-0.131830,0.625100,-0.389889,0.434642,-0.225684,0.779833,-0.362495,-0.399332,0.569924,0.451097,0.000000,0.000000,0.000000
14.69857603499986,0.417729,1.241085,-1.768061,1.626757,0.082929,0.003931,0.277953,0.829682,1.332937,0.100653,-0.000000,-1.181035,-0.564428,0.391978,-0.003951,0.848506,0.036454,-0.527914,0.377598,-0.153949,0.619957,-0.391452,0.432707,-0.223017,0.780893,-0.366854,-0.425656,0.564870,-0.005532,0.848611,0.033913,-0.527900,0.384599,-0.132311,0.624957,-0.389112,0.432038,-0.224312,0.782061,-0.361467,-0.399555,0.569870,0.451097,0.000000,0.000000,0.000000
14.734337174999382,0.416211,1.241995,-1.765278,1.626857,0.085519,0.004560,0.277403,0.829454,1.336088,0.103701,-0.000000,-1.178003,-0.569602,0.394470,-0.004473,0.848740,0.035556,-0.527595,0.376744,-0.154330,0.619792,-0.393476,0.429767,-0.219941,0.782370,-0.364661,-0.425677,0.564642,-0.006041,0.848842,0.033033,-0.527580,0.383588,-0.132833,0.624792,-0.391150,0.429112,-0.221217,0.783536,-0.359416,-0.399769,0.569642,0.451097,0.000000,0.000000,0.000000
14.762490107001213,0.414540,1.242454,-1.763080,1.627058,0.087434,0.004767,0.276561,0.830035,1.338795,0.110026,0.000000,-1.171696,-0.569427,0.400633,-0.004901,0.848933,0.034696,-0.527337,0.376237,-0.154482,0.619796,-0.393795,0.424789,-0.219212,0.785128,-0.362745,-0.425611,0.564757,-0.006435,0.849031,0.032228,-0.527321,0.382841,-0.133436,0.624796,-0.391511,0.424150,-0.220446,0.786269,-0.357705,-0.400262,0.569757,0.451097,0.000000,0.000000,0.000000
14.78868765900188,0.412148,1.243119,-1.761338,1.626979,0.088913,0.005262,0.275053,0.831294,1.341705,0.120024,-0.000000,-1.161713,-0.566434,0.406430,-0.004935,0.849013,0.034284,-0.527235,0.375929,-0.154624,0.619858,-0.391559,0.417693,-0.218630,0.790200,-0.360701,-0.425687,0.565225,-0.006418,0.849106,0.031895,-0.527219,0.382219,-0.134244,0.624858,-0.389334,0.417076,-0.219804,0.791298,-0.355925,-0.401157,0.570225,0.451097,0.000000,0.000000,0.000000
14.847793623001053,0.407078,1.244179,-1.758939,1.625989,0.090877,0.006193,0.271775,0.831752,1.346452,0.125388,-0.000000,-1.156364,-0.576039,0.413037,-0.004717,0.849058,0.034147,-0.527173,0.375728,-0.154879,0.619964,-0.395463,0.412566,-0.213315,0.792398,-0.357064,-0.424570,0.565272,-0.006097,0.849145,0.031924,-0.527159,0.381440,-0.135885,0.624964,-0.393387,0.412006,-0.214395,0.793431,-0.352755,-0.401735,0.570272,0.451097,0.000000,0.000000,0.000000
14.890573362001305,0.400366,1.245269,-1.756763,1.623866,0.092932,0.007572,0.267319,0.834107,1.351453,0.139878,0.000000,-1.141887,-0.573391,0.426970,-0.004235,0.849134,0.034639,-0.527024,0.375874,-0.155067,0.620050,-0.394933,0.401474,-0.212323,0.798602,-0.353327,-0.423659,0.566097,-0.005474,0.849213,0.032642,-0.527012,0.380857,-0.137992,0.625050,-0.393054,0.400973,-0.213267,0.799529,-0.349598,-0.403152,0.571097,0.451097,0.000000,0.000000,0.000000
14.930395835999661,0.380533,1.248369,-1.751401,1.616101,0.097112,0.010934,0.253899,0.844594,1.369774,0.236337,-0.000000,-1.057916,-0.542339,0.460002,-0.003018,0.848898,0.036985,-0.527253,0.376708,-0.155230,0.620102,-0.364655,0.336789,-0.205230,0.843493,-0.340704,-0.423787,0.571169,-0.003823,0.848953,0.035690,-0.527248,0.379598,-0.144098,0.625102,-0.363368,0.336476,-0.205743,0.844048,-0.338630,-0.410465,0.576169,0.451097,0.000000,0.000000,0.000000
14.9645509639995,0.366064,1.250100,-1.746833,1.608856,0.101559,0.013474,0.245656,0.854131,1.383149,0.307056,0.000000,-0.987202,-0.500189,0.477187,-0.002638,0.849158,0.038283,-0.526743,0.377158,-0.155182,0.619827,-0.334579,0.282679,-0.204750,0.875344,-0.332314,-0.424555,0.575715,-0.003120,0.849193,0.037505,-0.526740,0.378741,-0.148481,0.624827,-0.333777,0.282492,-0.205008,0.875650,-0.331223,-0.416555,0.580715,0.451097,0.000000,0.000000,0.000000
15.001675913001236,0.355752,1.251650,-1.742909,1.598536,0.104819,0.015503,0.244884,0.858503,1.393064,0.359492,-0.000000,-0.934768,-0.462631,0.480433,-0.002726,0.849237,0.039005,-0.526562,0.377423,-0.155106,0.619573,-0.308552,0.240099,-0.206793,0.896875,-0.326648,-0.424679,0.579128,-0.003006,0.849258,0.038552,-0.526560,0.378284,-0.151192,0.623300,-0.308074,0.239989,-0.206921,0.897039,-0.326074,-0.420014,0.582855,0.451097,0.000000,0.000000,0.000000
15.03464326899848,0.345007,1.253552,-1.738177,1.583223,0.108649,0.018078,0.248444,0.860311,1.403131,0.405377,0.000000,-0.888883,-0.428956,0.485117,-0.003147,0.849335,0.039651,-0.526353,0.377632,-0.155043,0.619202,-0.288077,0.200209,-0.209755,0.912651,-0.320895,-0.423819,0.582352,-0.003246,0.849343,0.039490,-0.526352,0.377916,-0.153652,0.620522,-0.287904,0.200169,-0.209793,0.912705,-0.320713,-0.422163,0.583672,0.451097,0.000000,0.000000,0.000000
15.047801044998778,0.336252,1.255018,-1.733909,1.570565,0.113085,0.020863,0.251640,0.826218,1.342374,0.475996,0.182788,-0.816933,-0.301810,0.416929,-0.003534,0.849802,0.040028,-0.525568,0.377651,-0.154949,0.618878,-0.251569,0.128948,-0.212598,0.935354,-0.312650,-0.424176,0.588213,-0.003486,0.849800,0.040105,-0.525566,0.377520,-0.155659,0.618215,-0.251838,0.129259,-0.212755,0.935203,-0.312591,-0.424583,0.587785,0.451097,0.000000,0.000000,0.000000
15.07675373299935,0.339200,1.254456,-1.734750,1.574059,0.112548,0.020090,0.250017,0.799093,1.306359,0.519022,0.295641,-0.767727,-0.243825,0.369858,-0.004055,0.849848,0.040221,-0.525475,0.377587,-0.154926,0.618708,-0.231779,0.085667,-0.208209,0.946355,-0.307804,-0.423831,0.591728,-0.004058,0.849849,0.040218,-0.525473,0.377584,-0.154927,0.618710,-0.231797,0.085696,-0.208225,0.946345,-0.307792,-0.423782,0.591765,0.451097,0.000000,0.000000,0.000000
15.107859430001554,0.338832,1.254373,-1.733653,1.573244,0.113811,0.020072,0.249369,0.769647,1.275984,0.573065,0.409132,-0.699339,-0.175521,0.314880,-0.004893,0.850085,0.040282,-0.525080,0.377378,-0.155004,0.618427,-0.205437,0.028968,-0.206967,0.956097,-0.301625,-0.422904,0.598039,-0.004898,0.850087,0.040276,-0.525077,0.377373,-0.155006,0.618432,-0.205455,0.028994,-0.206981,0.956089,-0.301618,-0.422856,0.598083,0.451097,0.000000,0.000000,0.000000
15.143402645000606,0.338380,1.254213,-1.732652,1.572865,0.115174,0.020270,0.249707,0.753834,1.265136,0.614067,0.463129,-0.653302,-0.148943,0.284815,-0.005202,0.850421,0.039786,-0.524570,0.377159,-0.155157,0.618341,-0.187437,-0.009729,-0.201040,0.961434,-0.298431,-0.423038,0.602908,-0.005202,0.850421,0.039786,-0.524570,0.377159,-0.155157,0.618341,-0.187437,-0.009727,-0.201041,0.961434,-0.298430,-0.423037,0.602908,0.451097,0.000000,0.000000,0.000000
15.174469287001557,0.337326,1.254159,-1.731922,1.572339,0.115388,0.019693,0.248223,0.735617,1.257958,0.672039,0.519728,-0.589061,-0.121509,0.241014,-0.005842,0.850364,0.039958,-0.524643,0.377021,-0.155496,0.618278,-0.158457,-0.062932,-0.192220,0.966428,-0.295276,-0.424063,0.609565,-0.005842,0.850364,0.039958,-0.524643,0.377021,-0.155496,0.618278,-0.158457,-0.062931,-0.192221,0.966427,-0.295274,-0.424061,0.609565,0.451097,0.000000,0.000000,0.000000
15.206487684001331,0.336155,1.253916,-1.730517,1.571864,0.117359,0.019978,0.247786,0.723581,1.252287,0.703003,0.557088,-0.553980,-0.104902,0.214050,-0.006266,0.850837,0.039489,-0.523906,0.376734,-0.155901,0.618244,-0.143290,-0.091718,-0.187796,0.967362,-0.293498,-0.424167,0.613602,-0.006265,0.850837,0.039489,-0.523906,0.376734,-0.155901,0.618244,-0.143586,-0.091644,-0.188104,0.967265,-0.293604,-0.424105,0.613739,0.451097,0.000000,0.000000,0.000000
15.241136291999283,0.335131,1.253654,-1.729365,1.571526,0.117824,0.019126,0.247161,0.711568,1.247355,0.735541,0.595686,-0.514795,-0.081956,0.188052,-0.006949,0.850873,0.038985,-0.523878,0.376492,-0.156263,0.618232,-0.129684,-0.123201,-0.186561,0.966022,-0.291770,-0.424245,0.618505,-0.006949,0.850873,0.038985,-0.523878,0.376492,-0.156263,0.618232,-0.129684,-0.123200,-0.186561,0.966022,-0.291770,-0.424244,0.618505,0.451097,0.000000,0.000000,0.000000
15.274154110000381,0.333379,1.253129,-1.726846,1.571728,0.120434,0.018834,0.247543,0.694903,1.242695,0.787705,0.646819,-0.453471,-0.056878,0.151303,-0.007443,0.851499,0.037184,-0.522983,0.375869,-0.156962,0.618432,-0.108122,-0.172252,-0.180688,0.962284,-0.290235,-0.424888,0.626189,-0.007443,0.851499,0.037184,-0.522983,0.375869,-0.156962,0.618432,-0.108122,-0.172251,-0.180689,0.962284,-0.290234,-0.424887,0.626189,0.451097,0.000000,0.000000,0.000000
15.305845860999398,0.332180,1.252886,-1.725491,1.571559,0.121345,0.018217,0.246957,0.687530,1.241373,0.814010,0.670722,-0.424252,-0.050417,0.130785,-0.008020,0.851650,0.036519,-0.522776,0.375550,-0.157402,0.618480,-0.096172,-0.195676,-0.175110,0.960103,-0.289774,-0.425550,0.630440,-0.008019,0.851650,0.036519,-0.522775,0.375551,-0.157402,0.618480,-0.096339,-0.195662,-0.175295,0.960056,-0.289808,-0.425513,0.630494,0.451097,0.000000,0.000000,0.000000
15.33963317600137,0.330706,1.252650,-1.723533,1.571618,0.123005,0.017750,0.246641,0.681749,1.239197,0.839518,0.694949,-0.392843,-0.034270,0.110804,-0.008588,0.851970,0.035378,-0.522324,0.375033,-0.157965,0.618589,-0.085651,-0.219571,-0.173880,0.956148,-0.289822,-0.426485,0.635343,-0.008588,0.851970,0.035379,-0.522323,0.375033,-0.157965,0.618589,-0.086000,-0.219512,-0.174038,0.956101,-0.289813,-0.426427,0.635413,0.451097,0.000000,0.000000,0.000000
15.374656799998775,0.328734,1.251979,-1.720801,1.572364,0.125828,0.017337,0.247064,0.673561,1.237906,0.884594,0.729629,-0.344353,-0.027967,0.077419,-0.008967,0.852675,0.033159,-0.521312,0.374331,-0.158793,0.618980,-0.066129,-0.257776,-0.162898,0.950075,-0.290873,-0.428478,0.644064,-0.008967,0.852675,0.033159,-0.521312,0.374331,-0.158793,0.618980,-0.066129,-0.257776,-0.162898,0.950075,-0.290872,-0.428478,0.644064,0.451097,0.000000,0.000000,0.000000
15.407864339998923,0.327680,1.251989,-1.719866,1.573173,0.125779,0.016388,0.245806,0.669230,1.236493,0.908655,0.751093,-0.319484,-0.025458,0.053941,-0.009323,0.852533,0.032588,-0.521573,0.373977,-0.159243,0.619259,-0.053984,-0.277081,-0.156499,0.946478,-0.291712,-0.429618,0.649358,-0.009323,0.852534,0.032587,-0.521572,0.373978,-0.159243,0.619259,-0.054138,-0.277098,-0.156683,0.946433,-0.291707,-0.429584,0.649408,0.451097,0.000000,0.000000,0.000000
15.441301046001172,0.326250,1.251588,-1.717299,1.574416,0.128240,0.015950,0.246089,0.665657,1.235018,0.950976,0.779242,-0.269420,-0.008134,0.023601,-0.009699,0.853090,0.030483,-0.520783,0.373204,-0.159900,0.619661,-0.037421,-0.313892,-0.151674,0.936518,-0.294422,-0.432089,0.658464,-0.009699,0.853090,0.030483,-0.520783,0.373204,-0.159900,0.619661,-0.037422,-0.313892,-0.151674,0.936518,-0.294422,-0.432089,0.658464,0.451097,0.000000,0.000000,0.000000
15.472892148998653,0.325404,1.251485,-1.716207,1.574734,0.129016,0.015556,0.245754,0.664750,1.234801,0.979086,0.795134,-0.239781,-0.006024,0.003331,-0.009990,0.853216,0.029780,-0.520612,0.372880,-0.160242,0.619797,-0.024986,-0.336371,-0.144155,0.930295,-0.296843,-0.434075,0.664702,-0.009990,0.853216,0.029780,-0.520611,0.372880,-0.160242,0.619797,-0.025220,-0.336411,-0.144327,0.930248,-0.296778,-0.434047,0.664759,0.451097,0.000000,0.000000,0.000000
15.506294651000644,0.324671,1.251521,-1.715191,1.574931,0.129965,0.015516,0.245602,0.665365,1.235243,1.009357,0.808566,-0.207017,-0.001315,-0.021374,-0.010156,0.853380,0.029193,-0.520373,0.372557,-0.160527,0.619878,-0.010307,-0.360492,-0.138437,0.922374,-0.299955,-0.436374,0.671191,-0.010156,0.853380,0.029193,-0.520373,0.372557,-0.160527,0.619878,-0.010649,-0.360560,-0.138669,0.922309,-0.299852,-0.436330,0.671257,0.451097,0.000000,0.000000,0.000000
15.542697232001956,0.323668,1.251587,-1.713563,1.575107,0.130946,0.014967,0.245395,0.667971,1.235812,1.050456,0.824037,-0.165887,-0.003271,-0.050380,-0.010665,0.853468,0.028254,-0.520269,0.372041,-0.160910,0.619931,0.008257,-0.391779,-0.126695,0.911257,-0.304889,-0.439631,0.680494,-0.010665,0.853468,0.028254,-0.520269,0.372041,-0.160910,0.619931,0.008257,-0.391779,-0.126695,0.911257,-0.304889,-0.439631,0.680494,0.451097,0.000000,0.000000,0.000000
15.574212428000465,0.322758,1.251759,-1.712258,1.574878,0.131997,0.014852,0.245067,0.671043,1.236198,1.077125,0.832669,-0.136986,-0.000137,-0.067182,-0.011075,0.853589,0.027765,-0.520089,0.371639,-0.161217,0.619877,0.018852,-0.412785,-0.120464,0.902630,-0.308502,-0.441925,0.686645,-0.011074,0.853589,0.027764,-0.520089,0.371639,-0.161218,0.619877,0.018580,-0.412842,-0.120590,0.902593,-0.308391,-0.441899,0.686705,0.451097,0.000000,0.000000,0.000000
15.609828216001915,0.321960,1.251871,-1.709814,1.574828,0.134188,0.014693,0.245691,0.676845,1.237028,1.113014,0.840823,-0.100367,-0.000737,-0.090044,-0.011801,0.853946,0.026376,-0.519559,0.370889,-0.161516,0.619766,0.033681,-0.439937,-0.110722,0.890540,-0.313793,-0.445094,0.695004,-0.011801,0.853946,0.026376,-0.519559,0.370889,-0.161516,0.619766,0.033681,-0.439937,-0.110722,0.890540,-0.313793,-0.445094,0.695004,0.451097,0.000000,0.000000,0.000000
15.641229542001383,0.321612,1.252253,-1.708553,1.575259,0.134876,0.014432,0.245542,0.679828,1.237070,1.134652,0.847223,-0.077376,0.000371,-0.102569,-0.012182,0.853927,0.025729,-0.519614,0.370375,-0.161670,0.619766,0.041291,-0.456489,-0.105032,0.882542,-0.317140,-0.446754,0.700086,-0.012182,0.853927,0.025729,-0.519614,0.370375,-0.161670,0.619766,0.041120,-0.456526,-0.105108,0.882522,-0.317065,-0.446741,0.700129,0.451097,0.000000,0.000000,0.000000
15.67407650899986,0.321615,1.252472,-1.706765,1.576185,0.135727,0.013662,0.245705,0.685088,1.234565,1.153865,0.854336,-0.058531,0.000944,-0.113684,-0.012912,0.853928,0.024525,-0.519652,0.369688,-0.161751,0.619801,0.047215,-0.469793,-0.098000,0.876049,-0.321209,-0.448719,0.706416,-0.012911,0.853928,0.024525,-0.519652,0.369688,-0.161752,0.619801,0.047062,-0.469827,-0.098050,0.876033,-0.321125,-0.448714,0.706469,0.451097,0.000000,0.000000,0.000000
15.70663707100175,0.321346,1.252605,-1.705538,1.576326,0.136821,0.013585,0.245735,0.688391,1.233024,1.168308,0.858859,-0.042568,0.004351,-0.121967,-0.013345,0.854084,0.023929,-0.519414,0.369279,-0.161863,0.619748,0.051095,-0.480519,-0.094651,0.870363,-0.324111,-0.449932,0.710598,-0.013345,0.854084,0.023929,-0.519414,0.369279,-0.161863,0.619748,0.050988,-0.480530,-0.094672,0.870361,-0.324065,-0.449922,0.710631,0.451097,0.000000,0.000000,0.000000
15.740005740000925,0.321205,1.252506,-1.704469,1.576305,0.137784,0.013390,0.246214,0.691097,1.234370,1.191421,0.862133,-0.014665,0.010371,-0.135945,-0.013759,0.854268,0.023235,-0.519131,0.368984,-0.161925,0.619682,0.058402,-0.499372,-0.092547,0.859448,-0.327514,-0.451208,0.714640,-0.013759,0.854268,0.023235,-0.519131,0.368984,-0.161925,0.619682,0.058143,-0.499406,-0.092620,0.859438,-0.327431,-0.451181,0.714690,0.451097,0.000000,0.000000,0.000000
15.773394815998472,0.321156,1.252340,-1.703810,1.576731,0.138519,0.013215,0.245921,0.693666,1.232847,1.213027,0.870506,0.007221,0.009520,-0.149072,-0.014090,0.854439,0.022860,-0.518856,0.368795,-0.161988,0.619749,0.064787,-0.514628,-0.085966,0.850630,-0.331542,-0.452246,0.720122,-0.014090,0.854440,0.022860,-0.518856,0.368795,-0.161988,0.619749,0.064622,-0.514658,-0.086039,0.850617,-0.331472,-0.452239,0.720177,0.451097,0.000000,0.000000,0.000000
15.8081177569984,0.320969,1.252174,-1.703521,1.576621,0.139087,0.013336,0.246121,0.696001,1.231733,1.227782,0.873337,0.022404,0.009516,-0.155898,-0.014125,0.854613,0.022646,-0.518579,0.368765,-0.162055,0.619753,0.068965,-0.525037,-0.081752,0.844332,-0.334689,-0.452985,0.723453,-0.014125,0.854613,0.022646,-0.518579,0.368765,-0.162055,0.619753,0.068888,-0.525053,-0.081772,0.844326,-0.334654,-0.452985,0.723482,0.451097,0.000000,0.000000,0.000000
15.842795808999654,0.320793,1.252230,-1.703291,1.577303,0.139293,0.013276,0.245491,0.698268,1.235035,1.264172,0.874921,0.065422,0.014100,-0.178764,-0.014127,0.854636,0.022512,-0.518546,0.368625,-0.162171,0.619925,0.081317,-0.553799,-0.079136,0.824883,-0.340154,-0.453987,0.727673,-0.014127,0.854636,0.022512,-0.518546,0.368625,-0.162171,0.619925,0.081317,-0.553799,-0.079136,0.824883,-0.340154,-0.453987,0.727673,0.451097,0.000000,0.000000,0.000000
15.87356687799911,0.320699,1.252249,-1.703303,1.577856,0.139466,0.013408,0.245086,0.698634,1.236716,1.283956,0.875805,0.086503,0.011640,-0.189212,-0.013977,0.854691,0.022473,-0.518463,0.368579,-0.162247,0.620084,0.088601,-0.568394,-0.075436,0.814486,-0.343374,-0.454242,0.729562,-0.013977,0.854691,0.022473,-0.518463,0.368579,-0.162247,0.620084,0.088503,-0.568427,-0.075500,0.814468,-0.343346,-0.454240,0.729585,0.451097,0.000000,0.000000,0.000000
15.907436007000797,0.320425,1.252444,-1.702927,1.578088,0.140045,0.013766,0.245174,0.698842,1.235968,1.297145,0.876250,0.099352,0.009348,-0.193293,-0.013806,0.854793,0.022229,-0.518310,0.368402,-0.162357,0.620146,0.092865,-0.577180,-0.071627,0.808151,-0.346443,-0.454248,0.730997,-0.013806,0.854793,0.022229,-0.518310,0.368402,-0.162357,0.620146,0.092830,-0.577191,-0.071634,0.808147,-0.346432,-0.454254,0.731018,0.451097,0.000000,0.000000,0.000000
15.941718245998345,0.320155,1.252758,-1.702118,1.578793,0.140542,0.013695,0.244974,0.700746,1.241183,1.336021,0.866308,0.145052,0.011457,-0.211355,-0.013882,0.854789,0.021709,-0.518336,0.368016,-0.162502,0.620264,0.106917,-0.607134,-0.069791,0.784275,-0.352902,-0.454688,0.731703,-0.013882,0.854789,0.021709,-0.518336,0.368016,-0.162502,0.620264,0.106917,-0.607134,-0.069791,0.784275,-0.352902,-0.454688,0.731703,0.451097,0.000000,0.000000,0.000000
15.97477852800148,0.320214,1.253036,-1.701195,1.579549,0.141637,0.014004,0.245066,0.701293,1.245231,1.361064,0.858574,0.173541,0.009859,-0.224120,-0.013961,0.854963,0.021139,-0.518069,0.367605,-0.162538,0.620336,0.117547,-0.625776,-0.068534,0.768043,-0.356926,-0.454687,0.731181,-0.013960,0.854963,0.021139,-0.518069,0.367605,-0.162538,0.620336,0.117381,-0.625848,-0.068623,0.768002,-0.356895,-0.454688,0.731206,0.451097,0.000000,0.000000,0.000000
16.00731053400159,0.320313,1.253215,-1.699403,1.580479,0.143303,0.013890,0.245225,0.704449,1.248526,1.396582,0.840611,0.213900,0.010938,-0.236435,-0.014548,0.855217,0.020056,-0.517677,0.366939,-0.162582,0.620367,0.131520,-0.651116,-0.066666,0.744518,-0.364320,-0.454764,0.729745,-0.014547,0.855217,0.020056,-0.517678,0.366939,-0.162582,0.620367,0.131156,-0.651289,-0.066704,0.744427,-0.364231,-0.454772,0.729854,0.451097,0.000000,0.000000,0.000000
16.040691887999856,0.320737,1.253199,-1.698428,1.581359,0.144673,0.014186,0.245988,0.707850,1.252895,1.427558,0.821696,0.245836,0.004158,-0.245691,-0.014643,0.855533,0.019168,-0.517186,0.366569,-0.162511,0.620451,0.145600,-0.672224,-0.062447,0.723199,-0.370303,-0.454807,0.727729,-0.014643,0.855533,0.019167,-0.517187,0.366569,-0.162511,0.620451,0.145438,-0.672348,-0.062563,0.723105,-0.370229,-0.454825,0.727770,0.451097,0.000000,0.000000,0.000000
16.074519277000945,0.321039,1.253212,-1.697789,1.582139,0.145461,0.014200,0.245790,0.711402,1.255106,1.449749,0.802272,0.265537,-0.006265,-0.250653,-0.014892,0.855690,0.018778,-0.516934,0.366306,-0.162470,0.620532,0.159269,-0.685726,-0.057708,0.707872,-0.375609,-0.454696,0.725125,-0.014891,0.855690,0.018778,-0.516934,0.366306,-0.162470,0.620532,0.159228,-0.685792,-0.057796,0.707810,-0.375560,-0.454721,0.725147,0.451097,0.000000,0.000000,0.000000
16.11047721200157,0.321709,1.252954,-1.696645,1.583246,0.147018,0.014203,0.246195,0.719096,1.258313,1.495962,0.765730,0.315650,-0.006444,-0.260657,-0.015333,0.856075,0.017848,-0.516315,0.365927,-0.162340,0.620627,0.177659,-0.715825,-0.054343,0.673111,-0.385654,-0.454304,0.720658,-0.015333,0.856075,0.017848,-0.516315,0.365927,-0.162340,0.620627,-0.177659,0.715825,0.054343,-0.673111,-0.385654,-0.454304,0.720658,0.451097,0.000000,0.000000,0.000000
16.1455302989998,0.322047,1.252740,-1.696106,1.583834,0.148086,0.014411,0.246391,0.722941,1.260358,1.527837,0.742283,0.345354,-0.014843,-0.258160,-0.015486,0.856378,0.017400,-0.515824,0.365771,-0.162279,0.620699,0.189628,-0.734233,-0.045671,0.650275,-0.392508,-0.453456,0.717307,-0.015486,0.856378,0.017400,-0.515824,0.365771,-0.162279,0.620699,-0.189580,0.734301,0.045686,-0.650211,-0.392442,-0.453482,0.717365,0.451097,0.000000,0.000000,0.000000
16.177698269999382,0.322590,1.252276,-1.695583,1.584689,0.149321,0.014495,0.246303,0.729962,1.257428,1.557269,0.704495,0.371950,-0.017574,-0.249229,-0.015796,0.856775,0.016954,-0.515169,0.365661,-0.162177,0.620825,0.203219,-0.749389,-0.038021,0.629025,-0.401892,-0.452151,0.711789,-0.015796,0.856775,0.016954,-0.515169,0.365661,-0.162177,0.620825,-0.203131,0.749503,0.037916,-0.628924,-0.401791,-0.452164,0.711916,0.451097,0.000000,0.000000,0.000000
16.210595663000277,0.322616,1.251937,-1.695064,1.584430,0.150228,0.014497,0.246412,0.735527,1.256622,1.583980,0.674853,0.397565,-0.020232,-0.247260,-0.016175,0.857043,0.016742,-0.514719,0.365622,-0.162164,0.620738,0.214975,-0.763620,-0.032749,0.607945,-0.408615,-0.450862,0.707279,-0.016175,0.857043,0.016742,-0.514719,0.365622,-0.162164,0.620738,-0.214872,0.763716,0.032721,-0.607863,-0.408539,-0.450882,0.707359,0.451097,0.000000,0.000000,0.000000
16.243013539999083,0.323045,1.251616,-1.694601,1.584609,0.151488,0.014776,0.246189,0.740185,1.254793,1.606085,0.647951,0.417382,-0.025003,-0.245014,-0.016577,0.857418,0.016667,-0.514084,0.365562,-0.162042,0.620688,0.226486,-0.774248,-0.027484,0.590329,-0.414681,-0.449341,0.702906,-0.016576,0.857418,0.016667,-0.514084,0.365562,-0.162042,0.620688,-0.226430,0.774309,0.027483,-0.590271,-0.414627,-0.449366,0.702965,0.451097,0.000000,0.000000,0.000000
16.279335047998757,0.323694,1.251066,-1.693230,1.584929,0.154156,0.015253,0.246477,0.751957,1.253091,1.661186,0.596556,0.476196,-0.016352,-0.250236,-0.017316,0.858148,0.016006,-0.512861,0.365280,-0.161868,0.620583,0.241094,-0.804198,-0.021838,0.542828,-0.425606,-0.446676,0.695767,-0.017316,0.858148,0.016006,-0.512861,0.365280,-0.161868,0.620583,-0.241094,0.804198,0.021838,-0.542828,-0.425606,-0.446676,0.695767,0.451097,0.000000,0.000000,0.000000
16.310838058001536,0.324400,1.250865,-1.692666,1.585785,0.154485,0.014732,0.246441,0.757521,1.249729,1.686577,0.567784,0.498779,-0.019980,-0.243767,-0.017830,0.858206,0.015519,-0.512760,0.365075,-0.161697,0.620636,0.250742,-0.815007,-0.013657,0.522212,-0.432068,-0.444538,0.691336,-0.017830,0.858206,0.015519,-0.512760,0.365075,-0.161697,0.620636,-0.250686,0.815061,0.013632,-0.522155,-0.431993,-0.444574,0.691419,0.451097,0.000000,0.000000,0.000000
16.344409411001834,0.325251,1.250537,-1.690881,1.587262,0.156683,0.014567,0.246690,0.769867,1.240830,1.718987,0.514200,0.527214,-0.018092,-0.227592,-0.018648,0.858701,0.014259,-0.511939,0.364489,-0.161534,0.620731,0.263785,-0.827625,-0.002441,0.495428,-0.442391,-0.441239,0.684102,-0.018647,0.858701,0.014258,-0.511940,0.364489,-0.161534,0.620731,-0.263645,0.827774,0.002295,-0.495254,-0.442159,-0.441270,0.684323,0.451097,0.000000,0.000000,0.000000
16.377692080000998,0.325705,1.250360,-1.690127,1.587757,0.157444,0.014336,0.246958,0.781318,1.236307,1.753818,0.470779,0.562809,-0.010085,-0.225231,-0.019084,0.858863,0.013698,-0.511666,0.364258,-0.161423,0.620725,0.271897,-0.843519,0.003300,0.463182,-0.449032,-0.438751,0.678604,-0.019084,0.858863,0.013698,-0.511666,0.364258,-0.161423,0.620725,-0.271569,0.843707,-0.003436,-0.463029,-0.448812,-0.438790,0.678789,0.451097,0.000000,0.000000,0.000000
16.41295303700099,0.325907,1.250332,-1.688860,1.588307,0.158325,0.013814,0.246878,0.793770,1.228690,1.774763,0.426122,0.582620,-0.001973,-0.213673,-0.019795,0.858960,0.012981,-0.511496,0.363832,-0.161400,0.620699,0.278561,-0.851800,0.009389,0.443568,-0.455126,-0.436513,0.673655,-0.019794,0.858960,0.012981,-0.511496,0.363832,-0.161400,0.620699,-0.278447,0.851904,-0.009486,-0.443438,-0.454955,-0.436502,0.673783,0.451097,0.000000,0.000000,0.000000
16.44817516100011,0.326526,1.249672,-1.686281,1.589168,0.161559,0.013671,0.248092,0.821259,1.212825,1.807088,0.338633,0.613747,0.017888,-0.191876,-0.020879,0.859722,0.011117,-0.510214,0.363147,-0.161283,0.620655,0.289005,-0.864553,0.018566,0.410706,-0.464908,-0.432676,0.665613,-0.020879,0.859722,0.011117,-0.510214,0.363147,-0.161283,0.620655,-0.289005,0.864555,-0.018566,-0.410701,-0.464907,-0.432670,0.665615,0.451097,0.000000,0.000000,0.000000
16.479671616001724,0.326542,1.249584,-1.685112,1.589615,0.162834,0.013579,0.248172,0.845856,1.200632,1.835317,0.267945,0.641364,0.034775,-0.173056,-0.021333,0.859966,0.010420,-0.509799,0.362782,-0.161318,0.620664,0.294919,-0.875563,0.027459,0.381652,-0.471783,-0.430000,0.660009,-0.021333,0.859966,0.010420,-0.509799,0.362782,-0.161317,0.620664,-0.294675,0.875771,-0.027612,-0.381351,-0.471279,-0.429977,0.660283,0.451097,0.000000,0.000000,0.000000
16.515673068999604,0.327860,1.248960,-1.683395,1.591970,0.165281,0.013445,0.248736,0.910819,1.169811,1.861405,0.101279,0.660197,0.080077,-0.118362,-0.021974,0.860592,0.008808,-0.508745,0.362071,-0.161312,0.620765,0.304911,-0.885788,0.039383,0.347646,-0.481138,-0.426014,0.651674,-0.021995,0.860593,0.008773,-0.508742,0.362203,-0.161065,0.620959,-0.304837,0.885951,-0.039382,-0.347295,-0.480841,-0.425285,0.652080,0.451097,0.000000,0.000000,0.000000
16.57192228599888,0.336915,1.245499,-1.686673,1.602669,0.162600,0.010045,0.247278,0.948159,1.147351,1.885984,0.000789,0.680073,0.113750,-0.095084,-0.022861,0.860815,0.007844,-0.508344,0.361555,-0.161346,0.620812,0.308667,-0.895524,0.045443,0.317327,-0.487286,-0.423365,0.645618,-0.023042,0.860818,0.007539,-0.508336,0.362965,-0.158855,0.622783,-0.308777,0.895513,-0.045759,-0.317205,-0.486054,-0.420258,0.647597,0.451097,0.000000,0.000000,0.000000
16.612720515000547,0.346837,1.241561,-1.690119,1.614557,0.160448,0.006766,0.246090,0.936682,1.138328,1.925841,0.000002,0.716424,0.118725,-0.114379,-0.023668,0.861311,0.006500,-0.507485,0.360841,-0.161425,0.620849,0.308960,-0.906229,0.052244,0.283835,-0.493077,-0.420948,0.639563,-0.024028,0.861315,0.005889,-0.507468,0.363748,-0.156470,0.624870,-0.309161,0.906192,-0.052886,-0.283616,-0.490537,-0.414783,0.643584,0.451097,0.000000,0.000000,0.000000
16.6420557570018,0.364464,1.234966,-1.696705,1.624831,0.155506,0.002482,0.254065,0.912686,1.131163,1.977955,0.003485,0.750895,0.125624,-0.136534,-0.025031,0.861858,0.004612,-0.506511,0.359934,-0.161474,0.620992,0.310328,-0.916127,0.058064,0.247056,-0.499916,-0.418816,0.629891,-0.025760,0.861864,0.003370,-0.506474,0.366074,-0.151440,0.625992,-0.310551,0.916165,-0.059260,-0.246351,-0.494323,-0.406084,0.635035,0.451097,0.000000,0.000000,0.000000
16.677757248999114,0.379723,1.229388,-1.702904,1.629564,0.150606,-0.000659,0.264800,0.893624,1.127351,2.025740,0.004167,0.767329,0.126856,-0.169768,-0.026065,0.862181,0.003261,-0.505920,0.359280,-0.161494,0.621070,0.315227,-0.922450,0.054325,0.216256,-0.504185,-0.417675,0.622098,-0.027135,0.862186,0.001438,-0.505863,0.368537,-0.146799,0.626070,-0.315442,0.922520,-0.056038,-0.215203,-0.495690,-0.399040,0.627314,0.451097,0.000000,0.000000,0.000000
16.70991140499973,0.397060,1.221196,-1.708105,1.633765,0.148833,-0.004167,0.279695,0.868532,1.120957,2.089640,0.004167,0.791176,0.122578,-0.195956,-0.028239,0.863687,-0.000166,-0.503238,0.358228,-0.161464,0.621033,0.320832,-0.928657,0.059798,0.176317,-0.510702,-0.414307,0.612409,-0.029686,0.863683,-0.002649,-0.503154,0.371302,-0.141557,0.626033,-0.321044,0.928678,-0.062180,-0.174988,-0.498718,-0.389147,0.617640,0.451097,0.000000,0.000000,0.000000
16.745114344001195,0.406394,1.216565,-1.711938,1.635646,0.147076,-0.005987,0.287961,0.852484,1.118801,2.130947,0.004167,0.788799,0.127171,-0.198746,-0.029010,0.864436,-0.001643,-0.501903,0.357847,-0.161553,0.621109,0.321442,-0.930889,0.065007,0.160921,-0.513948,-0.412000,0.606301,-0.030667,0.864426,-0.004498,-0.501804,0.373161,-0.138736,0.626109,-0.321654,0.930871,-0.067782,-0.159444,-0.499909,-0.383182,0.611542,0.451097,0.000000,0.000000,0.000000
16.780150115999277,0.416474,1.212190,-1.717027,1.637511,0.143414,-0.008244,0.295676,0.835823,1.119220,2.169857,0.004167,0.780441,0.127273,-0.203455,-0.029701,0.864744,-0.002227,-0.501329,0.357586,-0.161647,0.621184,0.325404,-0.931528,0.067125,0.147859,-0.515882,-0.410077,0.599415,-0.031589,0.864730,-0.005486,-0.501213,0.375306,-0.135659,0.626184,-0.325616,0.931478,-0.070325,-0.146213,-0.499639,-0.377279,0.604667,0.451097,0.000000,0.000000,0.000000
16.815630460998364,0.431946,1.204697,-1.724688,1.640248,0.139067,-0.011396,0.309056,0.810361,1.121306,2.217236,0.004167,0.775071,0.117655,-0.221179,-0.030599,0.865695,-0.003991,-0.499620,0.357157,-0.161943,0.621474,0.336937,-0.930698,0.065146,0.126617,-0.517903,-0.407137,0.588469,-0.032846,0.865668,-0.007884,-0.499477,0.378708,-0.131000,0.626474,-0.337121,0.930615,-0.068998,-0.124678,-0.498136,-0.368123,0.593740,0.451097,0.000000,0.000000,0.000000
16.853850109000632,0.442387,1.199953,-1.730102,1.642516,0.135872,-0.013338,0.318333,0.793298,1.123660,2.255640,0.004167,0.758869,0.114869,-0.229659,-0.030808,0.866245,-0.005328,-0.498641,0.356814,-0.162102,0.621838,0.343454,-0.929844,0.063564,0.115713,-0.518788,-0.405158,0.581180,-0.033290,0.866208,-0.009639,-0.498481,0.380928,-0.127900,0.626838,-0.343625,0.929740,-0.067863,-0.113582,-0.496665,-0.362050,0.586464,0.451097,0.000000,0.000000,0.000000
16.893222899998364,0.457959,1.192821,-1.738925,1.645507,0.129843,-0.016883,0.331615,0.765908,1.127023,2.305112,0.004167,0.751333,0.112473,-0.232003,-0.031220,0.866796,-0.006829,-0.497637,0.356307,-0.162369,0.622440,0.351324,-0.928647,0.067909,0.097854,-0.520765,-0.401288,0.569961,-0.034056,0.866743,-0.011771,-0.497451,0.384473,-0.123284,0.627440,-0.351455,0.928472,-0.072882,-0.095430,-0.494884,-0.352025,0.575263,0.451097,0.000000,0.000000,0.000000
16.92555520300084,0.490146,1.177916,-1.758206,1.646636,0.116196,-0.024443,0.362929,0.713480,1.136051,2.371020,0.004167,0.753937,0.101859,-0.213645,-0.032176,0.867706,-0.009493,-0.495944,0.355590,-0.162702,0.622978,0.369727,-0.922502,0.084572,0.071697,-0.524808,-0.394277,0.548678,-0.035758,0.867615,-0.015762,-0.495698,0.392544,-0.113409,0.627978,-0.369779,0.922114,-0.090907,-0.068597,-0.490723,-0.332122,0.554011,0.451097,0.000000,0.000000,0.000000
16.956550178001635,0.505081,1.171319,-1.766861,1.646447,0.111065,-0.027383,0.378360,0.691313,1.141816,2.412358,0.004167,0.734017,0.089219,-0.204514,-0.032633,0.868335,-0.010960,-0.494782,0.355229,-0.162672,0.623159,0.382267,-0.917463,0.090564,0.062701,-0.525702,-0.391362,0.539370,-0.036546,0.868221,-0.017830,-0.494508,0.396164,-0.108784,0.628159,-0.382300,0.916965,-0.097526,-0.059258,-0.487907,-0.323395,0.544714,0.451097,0.000000,0.000000,0.000000
16.98780257800172,0.519279,1.164303,-1.776784,1.643518,0.104131,-0.031050,0.394529,0.668168,1.146859,2.454367,0.004167,0.718724,0.081918,-0.201860,-0.032946,0.868702,-0.011591,-0.494103,0.355222,-0.162788,0.623102,0.392367,-0.913474,0.094774,0.051297,-0.527169,-0.388011,0.530152,-0.037204,0.868569,-0.019080,-0.493800,0.400524,-0.104197,0.628102,-0.392361,0.912858,-0.102398,-0.047510,-0.485276,-0.314054,0.535504,0.451097,0.000000,0.000000,0.000000
17.022183871999005,0.539961,1.154594,-1.791188,1.639416,0.093823,-0.036699,0.417554,0.634103,1.156129,2.500059,0.004167,0.712105,0.062710,-0.183391,-0.033470,0.869050,-0.012438,-0.493434,0.355077,-0.162758,0.623176,0.410725,-0.904672,0.107557,0.036112,-0.528649,-0.382259,0.516499,-0.038220,0.868890,-0.020805,-0.493089,0.406694,-0.097526,0.628176,-0.410649,0.903818,-0.116067,-0.031765,-0.480782,-0.299849,0.521860,0.451097,0.000000,0.000000,0.000000
17.056210816001112,0.552105,1.148765,-1.799770,1.636146,0.088068,-0.040013,0.432054,0.613656,1.162557,2.535139,0.004167,0.702868,0.057612,-0.174152,-0.033758,0.869347,-0.013078,-0.492875,0.355027,-0.162701,0.623184,0.418764,-0.900482,0.114320,0.026440,-0.528999,-0.378753,0.508495,-0.038796,0.869168,-0.021968,-0.492504,0.410451,-0.093545,0.628184,-0.418652,0.899462,-0.123388,-0.021781,-0.477530,-0.291330,0.513854,0.451097,0.000000,0.000000,0.000000
17.09634697400179,0.563898,1.143475,-1.808417,1.632320,0.082181,-0.043113,0.445863,0.593655,1.169885,2.562849,0.004167,0.693512,0.067161,-0.169091,-0.033977,0.869546,-0.013129,-0.492507,0.355032,-0.162620,0.623104,0.421415,-0.899103,0.116578,0.020826,-0.528633,-0.375667,0.500887,-0.039302,0.869353,-0.022534,-0.492110,0.414183,-0.089585,0.628104,-0.421299,0.897955,-0.126218,-0.015905,-0.473637,-0.283298,0.506243,0.451097,0.000000,0.000000,0.000000
17.133602477999375,0.584158,1.134669,-1.823006,1.624915,0.072095,-0.048882,0.469195,0.561176,1.182913,2.590865,0.004167,0.691857,0.066917,-0.160916,-0.034822,0.869748,-0.012889,-0.492097,0.355034,-0.162267,0.622873,0.433159,-0.893225,0.120020,0.010855,-0.527651,-0.370284,0.488327,-0.040634,0.869535,-0.023166,-0.491651,0.420544,-0.082670,0.627873,-0.432988,0.891881,-0.130543,-0.005386,-0.466597,-0.269579,0.493684,0.451097,0.000000,0.000000,0.000000
17.16417030700177,0.598195,1.128697,-1.833048,1.618071,0.065939,-0.052390,0.487510,0.538655,1.192983,2.612475,0.004167,0.692080,0.058828,-0.153427,-0.035225,0.870062,-0.012922,-0.491513,0.354966,-0.162045,0.622492,0.444346,-0.887213,0.124128,0.001648,-0.526592,-0.366444,0.479559,-0.041388,0.869831,-0.023838,-0.491032,0.425087,-0.077662,0.627492,-0.444114,0.885689,-0.135279,0.004262,-0.461139,-0.259660,0.484913,0.451097,0.000000,0.000000,0.000000
17.197299143001146,0.621941,1.118229,-1.850718,1.604810,0.053167,-0.060521,0.519177,0.501027,1.210088,2.635757,0.004167,0.704911,0.058787,-0.141023,-0.036148,0.869964,-0.012751,-0.491624,0.354867,-0.161561,0.621935,0.457458,-0.879499,0.130676,-0.011727,-0.525181,-0.360038,0.465661,-0.042929,0.869705,-0.024757,-0.491078,0.433203,-0.069010,0.626935,-0.457104,0.877667,-0.142899,0.018357,-0.451845,-0.242869,0.471012,0.451097,0.000000,0.000000,0.000000
17.228931375000684,0.639272,1.111174,-1.862869,1.594383,0.045752,-0.065585,0.543725,0.474474,1.224164,2.647380,0.004167,0.713349,0.049038,-0.125994,-0.036766,0.870168,-0.013028,-0.491210,0.354569,-0.161218,0.621447,0.471822,-0.870879,0.136346,-0.019061,-0.523288,-0.355387,0.455732,-0.044003,0.869881,-0.025856,-0.490614,0.438868,-0.062512,0.626447,-0.471386,0.868798,-0.149308,0.026319,-0.444215,-0.230442,0.461083,0.451097,0.000000,0.000000,0.000000
17.266963024001598,0.666165,1.100548,-1.881550,1.577866,0.034169,-0.074152,0.582701,0.435562,1.247394,2.655086,0.004167,0.724091,0.034401,-0.110436,-0.037615,0.870275,-0.013863,-0.490932,0.354222,-0.160718,0.620983,0.494545,-0.857679,0.138096,-0.027232,-0.518956,-0.348876,0.441393,-0.045572,0.869936,-0.027977,-0.490257,0.447542,-0.052317,0.625983,-0.493971,0.855322,-0.152164,0.035541,-0.431190,-0.211771,0.446752,0.451097,0.000000,0.000000,0.000000
17.292467505001696,0.685396,1.093633,-1.895046,1.565663,0.024998,-0.081096,0.610274,0.409032,1.264824,2.655187,0.004167,0.727909,0.033398,-0.105675,-0.038092,0.869953,-0.014039,-0.491460,0.353948,-0.160448,0.620788,0.507292,-0.850792,0.133824,-0.029990,-0.515102,-0.345009,0.432001,-0.046592,0.869580,-0.029095,-0.490727,0.453669,-0.044866,0.625788,0.506635,-0.848340,0.148713,-0.039053,-0.421172,-0.198959,0.437369,0.451097,0.000000,0.000000,0.000000
17.333229381998535,0.705162,1.086116,-1.909487,1.551090,0.016179,-0.088101,0.640765,0.381319,1.283420,2.654010,0.004167,0.729402,0.032517,-0.103039,-0.038288,0.869897,-0.014290,-0.491538,0.353769,-0.160234,0.620667,0.520862,-0.843486,0.127299,-0.032091,-0.510982,-0.340841,0.422622,-0.047365,0.869484,-0.030366,-0.490747,0.460428,-0.036941,0.625668,0.520115,-0.840984,0.143049,-0.041997,-0.410340,-0.185202,0.428001,0.451097,0.000000,0.000000,0.000000
17.370211517001735,0.736566,1.073950,-1.932625,1.524124,0.002655,-0.099924,0.692337,0.338807,1.314159,2.648576,0.004167,0.716508,0.015651,-0.093852,-0.038553,0.869819,-0.014552,-0.491647,0.353594,-0.159986,0.620516,0.549868,-0.827006,0.113511,-0.028673,-0.504071,-0.334584,0.408745,-0.048602,0.869340,-0.032341,-0.490755,0.471695,-0.023710,0.625517,0.549053,-0.824550,0.130543,-0.040207,-0.392321,-0.162884,0.414151,0.451097,0.000000,0.000000,0.000000
17.399634683999466,0.756342,1.064513,-1.948808,1.501609,-0.007079,-0.109382,0.729358,0.308233,1.335235,2.653001,0.004167,0.720982,0.015275,-0.099206,-0.038484,0.869717,-0.014532,-0.491834,0.353722,-0.159764,0.620530,0.563155,-0.818778,0.105265,-0.037121,-0.499591,-0.329376,0.399957,-0.049203,0.869193,-0.033499,-0.490877,0.480233,-0.014686,0.625531,0.562140,-0.816293,0.123276,-0.049667,-0.379624,-0.146701,0.405364,0.451097,0.000000,0.000000,0.000000
17.433414611001353,0.771542,1.039642,-1.973047,1.450460,-0.024458,-0.130460,0.786062,0.273171,1.374844,2.649734,0.004167,0.711417,0.006466,-0.069252,-0.038277,0.869929,-0.014868,-0.491465,0.353955,-0.159450,0.620610,0.585318,-0.804145,0.098255,-0.033165,-0.493874,-0.322304,0.388749,-0.049623,0.869374,-0.035171,-0.490398,0.497726,-0.004785,0.625850,0.584303,-0.801688,0.117019,-0.046833,-0.356778,-0.127532,0.394323,0.451097,0.000000,0.000000,0.000000
17.468153624999104,0.778012,0.990660,-1.971261,1.400305,-0.071145,-0.133269,0.822349,0.260823,1.412227,2.644195,0.003848,0.681400,-0.000770,-0.039128,-0.037868,0.869988,-0.014717,-0.491396,0.354292,-0.159197,0.620970,0.598552,-0.796190,0.085634,-0.022015,-0.489851,-0.318579,0.381870,-0.048115,0.868884,-0.034556,-0.491458,0.515680,-0.002351,0.627970,0.597702,-0.794160,0.103988,-0.035338,-0.335035,-0.120868,0.388422,0.451097,0.000000,0.000000,0.000000
17.504380984999443,0.860483,1.029767,-1.982409,1.435178,-0.059788,-0.107031,0.872626,0.192101,1.394520,2.657008,0.004167,0.683060,0.042565,-0.093516,-0.037397,0.869921,-0.014181,-0.491567,0.354810,-0.158978,0.621273,0.606000,-0.791621,0.073026,-0.027716,-0.486218,-0.314280,0.374706,-0.049504,0.868316,-0.036890,-0.492154,0.503909,0.026766,0.627815,0.604756,-0.789431,0.095188,-0.044820,-0.344354,-0.081789,0.381050,0.451097,0.000000,0.000000,0.000000
17.5371444529992,0.870141,1.028999,-2.047620,1.343044,-0.036528,-0.172364,0.971638,0.136154,1.440421,2.657181,0.004167,0.699201,0.076260,-0.073839,-0.036982,0.870259,-0.013739,-0.491012,0.355589,-0.158603,0.621618,0.616677,-0.783343,0.069108,-0.036163,-0.482830,-0.307192,0.365309,-0.050296,0.868557,-0.038201,-0.491547,0.528334,0.047969,0.628007,0.615201,-0.780943,0.092894,-0.055010,-0.317437,-0.050035,0.371478,0.451097,0.000000,0.000000,0.000000
17.57168376499976,0.869681,1.047977,-2.123548,1.261975,0.025793,-0.238421,1.066480,0.082582,1.471172,2.650733,0.004167,0.690983,0.106670,-0.047858,-0.036810,0.870469,-0.013164,-0.490669,0.356300,-0.158366,0.621653,0.628164,-0.775029,0.063111,-0.027517,-0.481285,-0.302532,0.359690,-0.051556,0.870056,-0.040187,-0.488599,0.546236,0.070096,0.628495,0.627407,-0.772132,0.088690,-0.048037,-0.299696,-0.018651,0.365812,0.451097,0.000000,0.000000,0.000000
