# refresh_posture_target=True,arm_posture_cost=0.001,"arm_posture_cost_overrides={'left_arm_joint7': 0.003, 'right_arm_joint7': 0.003}",ee_position_cost=1.0,ee_orientation_cost=0.5,redundancy_resolution=dls_projector,dls_damping=0.02,nullspace_swivel_weight=1.0,elbow_swivel_gain=0.05,elbow_swivel_targets={},nullspace_continuity_weight=0.5,nullspace_posture_weight=1.0,enable_manipulability=False,manipulability_weight=0.5,base_motion_weight=100.0,base_motion_weight_min=5.0,base_motion_weight_yaw=1.0,base_yaw_hold_weight=1.0,base_weight_gate_on=0.065,base_weight_gate_full=0.05,base_recenter_gain=1.5,base_recenter_max_vel=0.15,base_recenter_yaw_gain=2.0,base_recenter_yaw_max_vel=0.8,base_recenter_yaw_deadzone=0.1,base_recenter_yaw_weight=100.0,nullspace_home_gain=1.0,nullspace_home_weight=40.0,constrained_primary=True,dls_task_weighting=True,dls_adaptive_damping_sigma=0.05,dls_damping_max=0.2,swivel_parallel_ref=True,swivel_relatch_err_rad=0.25
# control_hz=30.0,enable_base_motion=True,base_max_lin_vel=0.35,base_max_ang_vel=1.6,base_vel_deadband=0.0,base_vel_deadband_exit=0.0,base_vel_filter_tau=0.15,base_feedback_alpha=0.0,base_leash_m=0.2,base_leash_rad=0.24,enable_lift_motion=True,lift_kp=2.0,lift_kd=0.05,lift_derivative_tau=0.1,lift_velocity_deadband_m=0.005,lift_max_velocity_m_s=0.05,lift_feedback_max_age_s=0.5,use_measured_lift=True,use_measured_arm_state=False,"base_pid=base_pid_hybrid.json [drive p=0.35 ff=0.23, steer p=2 out=+/-1, scale=1.068]",base_heading_rate_limit=3.49,base_module_slew_limit=3.49,base_module_free_speed=0.03,base_max_accel=1.5,base_yaw_deadband=0.0,base_yaw_deadband_exit=0.0,base_yaw_filter_tau=0.15,base_pose_kp_xy=1.5,base_pose_kd_xy=0.15,base_pose_kp_yaw=2.0,base_pose_kd_yaw=0.2,base_pose_deadband_m=0.01,base_pose_yaw_deadband_rad=0.02,base_pose_derivative_tau=0.1,base_pose_ff_gain=1.0,base_pose_ff_max_frac=0.8,base_pose_ff_tau=0.0,arm_joint_deadband_rad=0.005,target_leash_m=0.15,target_leash_rad=0.8,enable_slam_base_pose=True,slam_yaw_sign=1.0,slam_correction_max_lin_rate=1.0,slam_correction_max_yaw_rate=2.0,slam_pose_max_age_s=0.5
t,left_q0,left_q1,left_q2,left_q3,left_q4,left_q5,left_q6,right_q0,right_q1,right_q2,right_q3,right_q4,right_q5,right_q6,left_target_ee_0,left_target_ee_1,left_target_ee_2,left_target_ee_3,left_target_ee_4,left_target_ee_5,left_target_ee_6,right_target_ee_0,right_target_ee_1,right_target_ee_2,right_target_ee_3,right_target_ee_4,right_target_ee_5,right_target_ee_6,left_actual_ee_0,left_actual_ee_1,left_actual_ee_2,left_actual_ee_3,left_actual_ee_4,left_actual_ee_5,left_actual_ee_6,right_actual_ee_0,right_actual_ee_1,right_actual_ee_2,right_actual_ee_3,right_actual_ee_4,right_actual_ee_5,right_actual_ee_6,lift_q,base_x,base_y,base_yaw,iters,solved,base_active,base_err_fwd,base_err_lat,base_err_yaw,base_req_fwd,base_req_lat,base_req_yaw,base_body_fwd,base_body_lat,base_body_yaw,base_sent_0,base_sent_1,base_sent_2,base_leash,base_ff_fwd,base_ff_lat,base_ff_yaw,base_slew_scale,swerve_enabled,swerve_target_0,swerve_target_1,swerve_target_2,swerve_prof_0,swerve_prof_1,swerve_prof_2,steer_cmd_FL,steer_cmd_FR,steer_cmd_RR,steer_cmd_RL,steer_meas_FL,steer_meas_FR,steer_meas_RR,steer_meas_RL,drive_cmd_FL,drive_cmd_FR,drive_cmd_RR,drive_cmd_RL,drive_meas_FL,drive_meas_FR,drive_meas_RR,drive_meas_RL,drive_pos_FL,drive_pos_FR,drive_pos_RR,drive_pos_RL,lift_active,lift_mode,lift_goal,lift_meas,lift_cmd_vel,lift_vel_est,lift_age,lift_blocked,l_sigma_min,r_sigma_min,l_manip,r_manip,l_swivel,l_swivel_tgt,l_swivel_err,r_swivel,r_swivel_tgt,r_swivel_err,collision_rows
0.012640792003367096,0.020481,1.317915,-1.710680,1.327648,0.006988,-0.007024,0.007897,0.005040,1.324974,1.715100,1.303043,0.001036,-0.009094,-0.000138,-0.027972,0.779990,0.139159,-0.609481,0.372685,-0.247720,0.606242,0.150143,-0.615716,-0.020122,0.773270,-0.374472,-0.254992,0.605781,-0.027972,0.779990,0.139159,-0.609481,0.372685,-0.247720,0.606242,0.150143,-0.615716,-0.020122,0.773270,-0.374472,-0.254992,0.605781,0.450475,-0.000017,0.000094,0.000217,1,True,True,-0.000094,-0.000017,0.000217,0.000000,0.000000,0.000000,0.000000,0.000000,0.000000,0.000000,0.000000,0.000000,0.000000,0.000000,0.000000,0.000000,1.000000,True,0.000000,0.000000,0.000000,0.000000,0.000000,0.000000,-0.464441,-1.422076,0.506885,0.174575,-0.464441,-1.422076,0.506885,0.174575,0.000000,0.000000,0.000000,0.000000,0.000000,0.000000,-0.000002,0.000000,6.774274,-139.112442,21.953125,34.811802,True,velocity,0.450475,0.450506,0.000000,0.000000,3.609960,False,0.143024,0.140899,0.050471,0.050715,-2.725147,-2.725147,0.000000,2.749161,2.749161,0.000000,167.000000
0.04120834299828857,0.019980,1.317833,-1.710370,1.327308,0.006975,-0.007048,0.007798,0.005079,1.324950,1.715197,1.303086,0.001071,-0.009186,-0.000271,-0.027972,0.779990,0.139159,-0.609481,0.372685,-0.247720,0.606242,0.150143,-0.615716,-0.020122,0.773270,-0.374472,-0.254992,0.605781,-0.027972,0.779990,0.139159,-0.609481,0.372685,-0.247720,0.606242,0.150143,-0.615716,-0.020122,0.773270,-0.374472,-0.254992,0.605781,0.450445,-0.000033,0.000184,0.000428,1,True,True,-0.000184,-0.000033,0.000428,-0.002714,-0.000486,0.006311,-0.000493,-0.000088,0.001148,-0.000493,-0.000088,0.001148,0.000000,-0.002714,-0.000486,0.006311,1.000000,True,0.000000,0.000000,0.000000,0.000000,0.000000,0.000000,-0.464682,-1.422076,0.506885,0.174575,-0.464561,-1.422076,0.506441,0.174575,0.000000,0.000000,0.000000,0.000000,0.000000,0.000000,0.000000,0.000000,6.774274,-139.112442,21.953125,34.811802,True,velocity,0.450445,0.450506,0.000000,0.000000,3.638504,False,0.142993,0.140903,0.050473,0.050715,-2.725153,-2.725147,-0.000006,2.749072,2.749161,-0.000090,167.000000
0.07614038197789341,0.019495,1.317753,-1.710071,1.326978,0.006963,-0.007071,0.007703,0.005116,1.324926,1.715291,1.303128,0.001105,-0.009275,-0.000401,-0.027972,0.779990,0.139159,-0.609481,0.372685,-0.247720,0.606242,0.150143,-0.615716,-0.020122,0.773270,-0.374472,-0.254992,0.605781,-0.027972,0.779990,0.139159,-0.609481,0.372685,-0.247720,0.606242,0.150143,-0.615716,-0.020122,0.773270,-0.374472,-0.254992,0.605781,0.450416,-0.000049,0.000271,0.000631,1,True,True,-0.000255,-0.000046,0.000593,-0.002622,-0.000476,0.006104,-0.000881,-0.000159,0.002049,-0.000881,-0.000159,0.002049,0.000000,-0.002622,-0.000476,0.006104,1.000000,True,-0.000493,-0.000088,0.001148,-0.000493,-0.000088,0.001148,-0.464561,-1.422076,0.506441,0.174770,-0.464561,-1.422076,0.507084,0.174770,0.000000,0.000000,0.000000,0.000000,0.000000,0.000000,0.000000,0.000000,6.774274,-139.112442,21.953125,34.811802,True,velocity,0.450416,0.450506,0.000000,0.000000,3.673159,False,0.142962,0.140906,0.050475,0.050714,-2.725159,-2.725147,-0.000013,2.748985,2.749161,-0.000176,167.000000
0.10954805696383119,0.019025,1.317675,-1.709781,1.326658,0.006950,-0.007094,0.007612,0.005151,1.324904,1.715381,1.303168,0.001137,-0.009361,-0.000525,-0.027972,0.779990,0.139159,-0.609481,0.372685,-0.247720,0.606242,0.150143,-0.615716,-0.020122,0.773270,-0.374472,-0.254992,0.605781,-0.027972,0.779990,0.139159,-0.609481,0.372685,-0.247720,0.606242,0.150143,-0.615716,-0.020122,0.773270,-0.374472,-0.254992,0.605781,0.450388,-0.000064,0.000356,0.000828,1,True,True,-0.000310,-0.000056,0.000722,-0.002533,-0.000467,0.005906,-0.001181,-0.000215,0.002750,-0.001181,-0.000215,0.002750,0.000000,-0.002533,-0.000467,0.005906,1.000000,True,-0.000881,-0.000159,0.002049,-0.000881,-0.000159,0.002049,-0.074800,-1.422261,0.506686,0.321936,-0.464561,-1.422076,0.506441,0.180645,-0.001140,0.000000,0.000000,-0.001281,0.000000,0.000000,0.000000,0.000000,6.774274,-139.112442,21.953125,34.811802,True,velocity,0.450388,0.450506,0.000000,0.000000,3.706084,False,0.142933,0.140910,0.050477,0.050713,-2.725165,-2.725147,-0.000019,2.748901,2.749161,-0.000260,167.000000
0.14059659600025043,0.016783,1.321054,-1.705660,1.332250,-0.001129,-0.017764,0.017205,0.008156,1.321786,1.717441,1.302244,0.003223,-0.007193,-0.003244,-0.027453,0.777516,0.128639,-0.614953,0.371281,-0.247338,0.606850,0.150143,-0.615716,-0.020122,0.773270,-0.374472,-0.254992,0.605781,-0.027420,0.777514,0.128640,-0.614957,0.371269,-0.247348,0.606865,0.150141,-0.615717,-0.020118,0.773270,-0.374468,-0.254991,0.605781,0.449308,0.001337,0.001769,0.002120,1,True,True,-0.001683,0.001353,0.001922,-0.042380,0.042040,0.038767,-0.011421,-0.000728,0.009298,-0.011421,-0.000728,0.009298,0.000000,-0.042380,0.042040,0.038767,1.000000,True,-0.001181,-0.000215,0.002750,-0.001181,-0.000215,0.002750,-0.073874,-1.422076,0.506640,0.322964,-0.402962,-1.422076,0.506640,0.205720,-0.001564,0.000000,0.000000,-0.001726,0.000000,0.000060,-0.000021,-0.000060,6.774274,-139.112167,21.952986,34.811665,True,velocity,0.449308,0.450506,0.000000,0.000000,3.737782,False,0.143429,0.140799,0.050490,0.050668,-2.725171,-2.725147,-0.000024,2.748820,2.749161,-0.000341,167.000000
0.17498095298651606,0.016371,1.320949,-1.705391,1.331920,-0.001161,-0.017839,0.017134,0.008186,1.321755,1.717530,1.302291,0.003259,-0.007264,-0.003378,-0.027453,0.777516,0.128639,-0.614953,0.371281,-0.247338,0.606850,0.150143,-0.615716,-0.020122,0.773270,-0.374472,-0.254992,0.605781,-0.027453,0.777516,0.128639,-0.614953,0.371281,-0.247338,0.606851,0.150143,-0.615716,-0.020123,0.773270,-0.374472,-0.254992,0.605781,0.449278,0.001322,0.001847,0.002305,1,True,True,-0.001380,0.001363,0.001797,-0.002329,-0.000442,0.005553,-0.009624,0.000508,0.008617,-0.009624,0.000508,0.008617,0.000000,-0.002329,-0.000442,0.005553,1.000000,True,-0.011421,-0.000728,0.009298,-0.011421,-0.000728,0.009298,-0.031631,-0.041783,0.187476,0.142601,-0.311203,-1.421612,0.507084,0.217474,-0.012412,-0.001865,-0.009509,-0.013104,-0.000939,0.000293,-0.000178,-0.000157,6.769392,-139.112167,21.952707,34.810547,True,velocity,0.449278,0.450506,0.000000,0.000000,3.772180,False,0.143398,0.140804,0.050492,0.050667,-2.725354,-2.725147,-0.000207,2.748624,2.749161,-0.000537,167.000000
0.21096356096677482,0.011885,1.336129,-1.706786,1.333847,-0.046763,-0.052858,0.007880,0.005925,1.313665,1.725069,1.292305,0.010099,-0.001098,0.006770,-0.037243,0.757214,0.120737,-0.640829,0.370454,-0.248679,0.607926,0.150143,-0.615716,-0.020122,0.773270,-0.374472,-0.254992,0.605781,-0.037243,0.757215,0.120736,-0.640829,0.370454,-0.248679,0.607925,0.150143,-0.615716,-0.020123,0.773270,-0.374472,-0.254991,0.605782,0.450848,0.005987,0.001174,0.005338,2,True,True,-0.000383,0.006010,0.004543,0.020283,0.139932,0.090987,-0.030041,0.005127,0.023594,-0.030041,0.005127,0.023594,0.000000,0.020283,0.139932,0.090987,1.000000,True,-0.009624,0.000508,0.008617,-0.009624,0.000508,0.008617,-0.140056,-0.189308,0.067048,0.049367,-0.249604,-1.422076,0.445383,0.205259,-0.011116,-0.002755,-0.007522,-0.010968,-0.003430,-0.001052,0.000572,-0.001680,6.766183,-139.117325,21.956333,34.808453,True,velocity,0.450848,0.450506,0.000000,0.000000,3.808285,False,0.143557,0.139818,0.050594,0.050575,-2.738683,-2.725147,-0.013537,2.747378,2.749161,-0.001783,167.000000
0.2412675099913031,0.012742,1.320918,-1.697522,1.339851,-0.002810,-0.028618,0.025498,0.010482,1.321766,1.716948,1.301202,0.002941,-0.007250,-0.004353,-0.028357,0.778282,0.115923,-0.616470,0.368019,-0.248977,0.609381,0.150143,-0.615716,-0.020122,0.773270,-0.374472,-0.254992,0.605781,-0.028262,0.778318,0.115438,-0.616520,0.368039,-0.248996,0.609516,0.150126,-0.615731,-0.020069,0.773262,-0.374496,-0.254987,0.605805,0.449016,0.001250,0.002552,0.002116,1,True,True,-0.000762,0.001104,0.000534,-0.041549,-0.142054,-0.096676,-0.013707,0.001434,0.006115,-0.013707,0.001434,0.006115,0.000000,-0.041549,-0.142054,-0.096676,0.799316,True,-0.030041,0.005127,0.023594,-0.030041,0.005127,0.023594,-0.232967,-0.301649,-0.086592,-0.066103,-0.243829,-1.421612,0.366145,0.168894,-0.034725,-0.011758,-0.022603,-0.032783,-0.004455,-0.004587,0.001944,-0.000248,6.763672,-139.134628,21.957170,34.812500,True,velocity,0.449016,0.450506,0.000000,0.000000,3.838052,False,0.144065,0.140705,0.050439,0.050674,-2.738715,-2.725147,-0.013568,2.747281,2.749161,-0.001880,167.000000
0.2741785029647872,0.013983,1.326587,-1.698379,1.334990,-0.022998,-0.045261,0.014130,0.008372,1.317810,1.718812,1.296770,0.006068,-0.002237,0.002061,-0.039435,0.768997,0.116383,-0.627331,0.368185,-0.251216,0.607655,0.150143,-0.615716,-0.020122,0.773270,-0.374472,-0.254992,0.605781,-0.039407,0.769042,0.116290,-0.627294,0.368201,-0.251217,0.607683,0.150148,-0.615724,-0.020114,0.773263,-0.374463,-0.254976,0.605799,0.450055,0.004017,0.000435,-0.000552,1,True,True,0.001817,0.003820,-0.002337,0.063654,0.082912,-0.080026,0.014730,0.000938,-0.013138,0.014730,0.000938,-0.013138,0.000000,0.063654,0.082912,-0.080026,1.000000,True,-0.013707,0.001434,0.006115,-0.013707,0.001434,0.006115,-0.146969,-0.170656,-0.054016,-0.046412,-0.237412,-1.422076,0.298201,0.138213,-0.014847,-0.004036,-0.011908,-0.014512,-0.014834,-0.016951,0.002070,-0.000665,6.740653,-139.157501,21.958845,34.808735,True,velocity,0.450055,0.450506,0.000000,0.000000,3.871463,False,0.143614,0.140260,0.050513,0.050634,-2.719703,-2.725147,0.005443,2.748873,2.749161,-0.000289,167.000000
0.3093429299769923,0.015478,1.322980,-1.693458,1.335530,-0.015616,-0.046162,0.014352,0.009261,1.319224,1.716359,1.297300,0.004607,-0.002309,0.001534,-0.043255,0.772837,0.113704,-0.622835,0.366797,-0.252374,0.607456,0.150143,-0.615716,-0.020122,0.773270,-0.374472,-0.254992,0.605781,-0.043250,0.772833,0.113697,-0.622841,0.366803,-0.252376,0.607463,0.150141,-0.615716,-0.020120,0.773270,-0.374473,-0.254991,0.605782,0.450015,0.003442,-0.000098,-0.003174,1,True,True,0.001857,0.003213,-0.004522,0.015969,-0.017273,-0.078663,0.011700,0.001565,-0.021194,0.011700,0.001565,-0.021194,0.000000,0.015969,-0.017273,-0.078663,0.676270,True,0.014730,0.000938,-0.013138,0.014730,0.000938,-0.013138,-0.040827,-0.056053,0.209957,0.153912,-0.218899,-1.422076,0.194248,0.094925,0.016177,0.005272,0.012225,0.016597,-0.013388,-0.032291,0.007534,0.000967,6.741909,-139.185272,21.975168,34.813755,True,velocity,0.450015,0.450506,0.000000,0.000000,3.905685,False,0.143628,0.140320,0.050474,0.050660,-2.721223,-2.725147,0.003924,2.749680,2.749161,0.000519,167.000000
0.3420481089851819,0.014955,1.324372,-1.690124,1.337514,-0.016100,-0.049366,0.017878,0.010591,1.319098,1.715644,1.297565,0.004427,-0.001746,0.000219,-0.044262,0.772717,0.108991,-0.623755,0.364925,-0.253062,0.607465,0.150143,-0.615716,-0.020122,0.773270,-0.374472,-0.254992,0.605781,-0.044260,0.772713,0.108994,-0.623760,0.364927,-0.253065,0.607466,0.150143,-0.615715,-0.020121,0.773271,-0.374473,-0.254990,0.605779,0.449626,0.003523,0.000051,-0.004184,1,True,True,0.001316,0.003244,-0.004825,-0.004468,0.002440,-0.030300,0.008866,0.002281,-0.024986,0.008866,0.002281,-0.024986,0.000000,-0.004468,0.002440,-0.030300,0.788086,True,0.011700,0.001565,-0.021194,0.011700,0.001565,-0.021194,-0.067299,-0.126704,0.474719,0.265498,-0.182229,-1.422076,0.200508,0.113205,0.015237,0.003320,0.008764,0.015675,-0.008398,-0.031113,0.011227,0.003037,6.755162,-139.192245,21.981724,34.821289,True,velocity,0.449626,0.450506,0.000000,0.000000,3.938895,False,0.143799,0.140342,0.050479,0.050659,-2.712681,-2.725147,0.012466,2.750724,2.749161,0.001563,167.000000
0.37454154796432704,0.015469,1.327079,-1.687157,1.337868,-0.022749,-0.057987,0.017062,0.011086,1.317792,1.715861,1.296065,0.005266,-0.000000,0.001326,-0.049098,0.769709,0.105325,-0.627729,0.363390,-0.253771,0.606874,0.150143,-0.615716,-0.020122,0.773270,-0.374472,-0.254992,0.605781,-0.049087,0.769716,0.105320,-0.627722,0.363393,-0.253775,0.606870,0.150144,-0.615716,-0.020121,0.773269,-0.374470,-0.254988,0.605784,0.449699,0.004391,-0.000313,-0.005331,1,True,True,0.001381,0.004036,-0.005139,0.010903,0.026030,-0.034404,0.011036,0.004831,-0.027532,0.011036,0.004831,-0.027532,0.000000,0.010903,0.026030,-0.034404,1.000000,True,0.008866,0.002281,-0.024986,0.008866,0.002281,-0.024986,-0.059384,-0.167249,0.857970,0.386847,-0.164262,-0.447406,0.230716,0.144543,0.013046,0.001992,0.005717,0.013702,0.008729,-0.021339,0.012139,0.007183,6.761858,-139.200058,21.980608,34.823940,True,velocity,0.449699,0.450506,0.000000,0.000000,3.971717,False,0.143810,0.140191,0.050493,0.050646,-2.710100,-2.725147,0.015047,2.751225,2.749161,0.002064,167.000000
0.41106472798855975,0.015157,1.327006,-1.686971,1.337640,-0.022798,-0.058044,0.016993,0.011083,1.317801,1.715917,1.296100,0.005275,-0.000090,0.001259,-0.049098,0.769709,0.105325,-0.627729,0.363390,-0.253771,0.606874,0.150143,-0.615716,-0.020122,0.773270,-0.374472,-0.254992,0.605781,-0.049098,0.769709,0.105325,-0.627729,0.363390,-0.253771,0.606874,0.150143,-0.615716,-0.020123,0.773270,-0.374472,-0.254992,0.605781,0.449685,0.004364,-0.000261,-0.005179,1,True,True,0.000958,0.003849,-0.004070,-0.001558,-0.000813,0.004543,0.008289,0.004845,-0.021701,0.008289,0.004845,-0.021701,0.000000,-0.001558,-0.000813,0.004543,1.000000,True,0.011036,0.004831,-0.027532,0.011036,0.004831,-0.027532,0.092528,0.225563,0.911673,0.481082,-0.157846,-1.422261,0.408294,0.205259,0.015292,0.001927,0.008806,0.016998,0.010544,-0.014549,0.004803,0.006191,6.761998,-139.210098,21.977121,34.821709,True,velocity,0.449685,0.450506,0.000000,0.000000,4.007866,False,0.143789,0.140195,0.050494,0.050646,-2.708189,-2.725147,0.016958,2.751710,2.749161,0.002548,167.000000
0.4418375639943406,0.016433,1.329350,-1.685171,1.335399,-0.021503,-0.056670,0.015873,0.011352,1.318889,1.714043,1.297386,0.004211,-0.000038,0.000422,-0.051717,0.769357,0.106028,-0.627832,0.361224,-0.254530,0.605279,0.150143,-0.615716,-0.020122,0.773270,-0.374472,-0.254992,0.605781,-0.051719,0.769360,0.106024,-0.627829,0.361229,-0.254529,0.605285,0.150142,-0.615716,-0.020120,0.773270,-0.374474,-0.254992,0.605779,0.449548,0.003928,-0.000823,-0.007400,1,True,True,0.001241,0.003253,-0.005567,0.016872,-0.013039,-0.066628,0.006391,0.004747,-0.029869,0.006391,0.004747,-0.029869,0.000000,0.016872,-0.013039,-0.066628,1.000000,True,0.008289,0.004845,-0.021701,0.008289,0.004845,-0.021701,0.180572,0.443770,1.020850,0.559626,-0.084054,-0.263675,0.531306,0.266444,0.011669,0.000721,0.007767,0.013531,0.006865,-0.014183,-0.003535,0.002675,6.764788,-139.220428,21.966936,34.821709,True,velocity,0.449548,0.450506,0.000000,0.000000,4.039043,False,0.143616,0.140320,0.050554,0.050661,-2.708196,-2.725147,0.016951,2.751642,2.749161,0.002481,167.000000
0.474570631980896,0.016156,1.335357,-1.686337,1.333719,-0.032217,-0.061760,0.014801,0.011209,1.316957,1.715525,1.296592,0.005744,0.001591,0.000990,-0.053334,0.763722,0.105866,-0.634568,0.360452,-0.254400,0.604085,0.150143,-0.615716,-0.020122,0.773270,-0.374472,-0.254992,0.605781,-0.053319,0.763730,0.105852,-0.634562,0.360457,-0.254401,0.604085,0.150143,-0.615715,-0.020121,0.773270,-0.374470,-0.254992,0.605782,0.449442,0.004975,-0.000883,-0.007095,1,True,True,0.001082,0.004142,-0.004267,0.001711,0.031391,0.009141,0.008066,0.007592,-0.022776,0.008066,0.007592,-0.022776,0.000000,0.001711,0.031391,0.009141,1.000000,True,0.006391,0.004747,-0.029869,0.006391,0.004747,-0.029869,0.094559,0.691620,1.415775,0.632466,-0.035288,-1.422076,0.635839,0.303661,0.011394,0.000005,0.005823,0.013458,0.004817,-0.015284,-0.012085,-0.000622,6.773577,-139.230606,21.949917,34.823940,True,velocity,0.449442,0.450506,0.000000,0.000000,4.071883,False,0.143489,0.140229,0.050621,0.050632,-2.705987,-2.725147,0.019160,2.752493,2.749161,0.003332,167.000000
0.5084354169666767,0.017889,1.335772,-1.685940,1.330351,-0.030576,-0.059957,0.012100,0.011013,1.317566,1.714327,1.297576,0.005159,0.001849,0.000700,-0.056011,0.763844,0.108539,-0.633738,0.359849,-0.254688,0.602417,0.150143,-0.615716,-0.020122,0.773270,-0.374472,-0.254992,0.605781,-0.056011,0.763847,0.108534,-0.633736,0.359850,-0.254690,0.602422,0.150143,-0.615716,-0.020121,0.773270,-0.374473,-0.254992,0.605779,0.449396,0.004779,-0.001470,-0.008805,1,True,True,0.001398,0.003697,-0.005217,0.017646,-0.005793,-0.051275,0.007741,0.006794,-0.027958,0.007741,0.006794,-0.027958,0.000000,0.017646,-0.005793,-0.051275,1.000000,True,0.008066,0.007592,-0.022776,0.008066,0.007592,-0.022776,0.382415,-2.288723,1.186892,0.715799,0.001288,-0.097797,0.813659,0.407648,0.011944,-0.002540,0.010259,0.014985,0.006077,-0.014210,-0.018788,0.001001,6.773995,-139.232285,21.934570,34.824497,True,velocity,0.449396,0.450506,0.000000,0.000000,4.105555,False,0.143202,0.140323,0.050661,0.050639,-2.710684,-2.725147,0.014463,2.752369,2.749161,0.003208,167.000000
0.5414788170019165,0.018632,1.336175,-1.687398,1.327084,-0.027788,-0.054413,0.009496,0.010301,1.318802,1.713421,1.298897,0.004271,0.000929,0.000353,-0.055788,0.764328,0.113036,-0.632387,0.359751,-0.254542,0.601340,0.150143,-0.615716,-0.020122,0.773270,-0.374472,-0.254992,0.605781,-0.055790,0.764327,0.113028,-0.632389,0.359752,-0.254541,0.601343,0.150143,-0.615716,-0.020122,0.773269,-0.374474,-0.254993,0.605780,0.449466,0.004132,-0.001760,-0.009257,1,True,True,0.001430,0.002826,-0.004737,0.008798,-0.019367,-0.013571,0.006742,0.004652,-0.025342,0.006742,0.004652,-0.025342,0.000000,0.008798,-0.019367,-0.013571,1.000000,True,0.007741,0.006794,-0.027958,0.007741,0.006794,-0.027958,0.263390,-2.296398,1.286279,0.685551,0.087334,-1.403712,0.892475,0.469018,0.012696,-0.002614,0.009623,0.015697,0.005691,-0.003904,-0.020912,0.001125,6.773856,-139.219864,21.928152,34.824497,True,velocity,0.449466,0.450506,0.000000,0.000000,4.138764,False,0.142943,0.140455,0.050706,0.050654,-2.708804,-2.725147,0.016342,2.752984,2.749161,0.003823,167.000000
0.574952102964744,0.019052,1.337498,-1.685957,1.327049,-0.030569,-0.058178,0.012295,0.011588,1.317290,1.713939,1.299216,0.005219,0.002503,-0.001311,-0.057082,0.763149,0.110314,-0.634174,0.359377,-0.254314,0.600367,0.150143,-0.615716,-0.020122,0.773270,-0.374472,-0.254992,0.605781,-0.057078,0.763148,0.110319,-0.634174,0.359376,-0.254313,0.600398,0.150142,-0.615715,-0.020121,0.773271,-0.374472,-0.254991,0.605803,0.448839,0.004895,-0.001469,-0.009702,1,True,True,0.000908,0.003433,-0.004337,-0.008859,0.022837,-0.013342,0.005708,0.005010,-0.023160,0.005708,0.005010,-0.023160,0.000000,-0.008859,0.022837,-0.013342,1.000000,True,0.006742,0.004652,-0.025342,0.006742,0.004652,-0.025342,0.139131,-2.575241,1.266759,0.612015,0.105941,-0.392222,0.917779,0.493826,0.011152,-0.000433,0.007639,0.013406,0.001834,0.011092,-0.017798,0.000803,6.773995,-139.185410,21.917551,34.824497,True,velocity,0.448839,0.450506,0.000000,0.000000,4.172014,False,0.142930,0.140469,0.050714,0.050628,-2.709680,-2.725147,0.015466,2.753070,2.749161,0.003909,167.000000
0.6084381309919991,0.018797,1.337438,-1.685816,1.326839,-0.030591,-0.058219,0.012277,0.011596,1.317293,1.713978,1.299272,0.005229,0.002442,-0.001403,-0.057082,0.763149,0.110314,-0.634174,0.359377,-0.254314,0.600367,0.150143,-0.615716,-0.020122,0.773270,-0.374472,-0.254992,0.605781,-0.057083,0.763149,0.110314,-0.634174,0.359377,-0.254314,0.600408,0.150143,-0.615716,-0.020123,0.773270,-0.374472,-0.254992,0.605821,0.448839,0.004877,-0.001425,-0.009596,1,True,True,0.000671,0.003248,-0.003459,-0.001319,-0.000559,0.003183,0.004008,0.004442,-0.018371,0.004008,0.004442,-0.018371,0.000000,-0.001319,-0.000559,0.003183,1.000000,True,0.005708,0.005010,-0.023160,0.005708,0.005010,-0.023160,0.221543,-2.254723,1.348817,0.682931,0.105941,-1.164798,1.040537,0.530545,0.009821,-0.000694,0.007618,0.012278,-0.000022,0.034824,-0.015120,-0.000402,6.773856,-139.140350,21.906111,34.822823,True,velocity,0.448839,0.450506,0.000000,0.000000,4.205252,False,0.142910,0.140474,0.050715,0.050628,-2.708792,-2.725147,0.016355,2.753367,2.749161,0.004206,167.000000
0.6429804859799333,0.020741,1.336877,-1.687520,1.321890,-0.027313,-0.052783,0.008426,0.010864,1.318108,1.713005,1.300807,0.004604,0.002272,-0.001823,-0.058392,0.763890,0.116093,-0.632127,0.359914,-0.254099,0.598449,0.150143,-0.615716,-0.020122,0.773270,-0.374472,-0.254992,0.605781,-0.058392,0.763892,0.116084,-0.632127,0.359911,-0.254105,0.598528,0.150143,-0.615716,-0.020122,0.773269,-0.374473,-0.254993,0.605852,0.448839,0.004520,-0.001986,-0.010796,1,True,True,0.001099,0.002747,-0.004048,0.016888,-0.010602,-0.036027,0.004828,0.004237,-0.021581,0.004828,0.004237,-0.021581,0.000000,0.016888,-0.010602,-0.036027,1.000000,True,0.004008,0.004442,-0.018371,0.004008,0.004442,-0.018371,0.298136,-1.954773,1.439256,0.753639,0.130322,-0.637628,1.095427,0.554543,0.007340,-0.001292,0.006355,0.009587,-0.000408,0.055312,-0.014983,-0.000879,6.772042,-139.107986,21.897043,34.822124,True,velocity,0.448839,0.450506,0.000000,0.000000,4.240100,False,0.142491,0.140620,0.050757,0.050635,-2.708791,-2.725147,0.016356,2.753322,2.749161,0.004160,167.000000
0.6780597469769418,0.020499,1.336831,-1.687391,1.321695,-0.027327,-0.052809,0.008390,0.010872,1.318108,1.713047,1.300848,0.004613,0.002211,-0.001900,-0.058392,0.763890,0.116093,-0.632127,0.359914,-0.254099,0.598449,0.150143,-0.615716,-0.020122,0.773270,-0.374472,-0.254992,0.605781,-0.058393,0.763890,0.116094,-0.632127,0.359914,-0.254099,0.598536,0.150143,-0.615716,-0.020123,0.773270,-0.374472,-0.254991,0.605868,0.448839,0.004505,-0.001940,-0.010687,1,True,True,0.000890,0.002591,-0.003219,-0.001374,-0.000460,0.003289,0.004109,0.002835,-0.017059,0.004109,0.002835,-0.017059,0.000000,-0.001374,-0.000460,0.003289,1.000000,True,0.004828,0.004237,-0.021581,0.004828,0.004237,-0.021581,0.185410,-2.199777,1.403854,0.680699,0.142512,-0.508433,1.175132,0.585380,0.008637,-0.000520,0.006796,0.010884,-0.001942,0.051320,-0.016880,-0.002574,6.769671,-139.098907,21.883789,34.819477,True,velocity,0.448839,0.450506,0.000000,0.000000,4.274689,False,0.142473,0.140624,0.050758,0.050634,-2.708423,-2.725147,0.016724,2.753693,2.749161,0.004531,167.000000
0.7116399590158835,0.020976,1.337314,-1.688078,1.320083,-0.027527,-0.051567,0.006173,0.010322,1.318487,1.713207,1.300807,0.004452,0.001559,-0.001431,-0.058827,0.763385,0.118557,-0.632240,0.360004,-0.253492,0.597977,0.150143,-0.615716,-0.020122,0.773270,-0.374472,-0.254992,0.605781,-0.058828,0.763384,0.118554,-0.632241,0.360007,-0.253495,0.597975,0.150143,-0.615715,-0.020123,0.773270,-0.374472,-0.254992,0.605783,0.448948,0.004268,-0.001909,-0.010057,1,True,True,0.000723,0.002260,-0.002020,-0.000849,-0.007102,0.018904,0.003316,0.001759,-0.010520,0.003316,0.001759,-0.010520,0.000000,-0.000849,-0.007102,0.018904,1.000000,True,0.004109,0.002835,-0.017059,0.004109,0.002835,-0.017059,0.105986,0.552554,1.330022,0.612503,0.142454,-1.612279,1.205818,0.597632,0.007044,0.000334,0.005032,0.008566,-0.002830,0.029086,-0.016226,-0.002162,6.766741,-139.090256,21.875837,34.818638,True,velocity,0.448948,0.450506,0.000000,0.000000,4.308775,False,0.142339,0.140625,0.050777,0.050640,-2.708440,-2.725147,0.016706,2.753645,2.749161,0.004483,167.000000
0.7466384790022857,0.020706,1.337357,-1.688440,1.319705,-0.026542,-0.049715,0.005512,0.010010,1.319111,1.713211,1.300940,0.004082,0.000613,-0.001359,-0.058034,0.763614,0.119842,-0.631794,0.359967,-0.253089,0.598082,0.150143,-0.615716,-0.020122,0.773270,-0.374472,-0.254992,0.605781,-0.058035,0.763613,0.119841,-0.631795,0.359969,-0.253089,0.598081,0.150143,-0.615716,-0.020123,0.773270,-0.374472,-0.254992,0.605782,0.449077,0.003866,-0.001725,-0.009292,1,True,True,0.000431,0.001798,-0.000905,-0.005429,-0.012105,0.022926,0.002879,0.001121,-0.004439,0.002879,0.001121,-0.004439,0.000000,-0.005429,-0.012105,0.022926,1.000000,True,0.003316,0.001759,-0.010520,0.003316,0.001759,-0.010520,0.091813,0.298472,1.106137,0.538222,0.130322,-0.208491,1.212142,0.591756,0.005122,0.000524,0.003390,0.005937,-0.003592,0.013017,-0.014233,-0.002336,6.765067,-139.091385,21.871372,34.817802,True,velocity,0.449077,0.450506,0.000000,0.000000,4.343621,False,0.142314,0.140644,0.050785,0.050648,-2.709657,-2.725147,0.015489,2.753344,2.749161,0.004183,167.000000
0.7764415600104257,0.020444,1.338467,-1.686420,1.321901,-0.031848,-0.057237,0.007197,0.010819,1.317501,1.714841,1.299236,0.005343,0.001356,-0.001030,-0.059590,0.761632,0.115884,-0.634773,0.359737,-0.252252,0.598437,0.150143,-0.615716,-0.020122,0.773270,-0.374472,-0.254992,0.605781,-0.059579,0.761637,0.115882,-0.634769,0.359731,-0.252255,0.598439,0.150143,-0.615716,-0.020121,0.773270,-0.374469,-0.254991,0.605785,0.448987,0.004619,-0.001068,-0.007794,1,True,True,-0.000328,0.002508,0.000741,-0.019899,0.022405,0.044959,-0.002827,-0.000737,0.004542,-0.002827,-0.000737,0.004542,0.000000,-0.019899,0.022405,0.044959,1.000000,True,0.002879,0.001121,-0.004439,0.002879,0.001121,-0.004439,0.157504,0.265282,0.664765,0.429628,0.123906,-1.232078,1.174865,0.579352,0.003677,0.000376,0.002322,0.003948,-0.002452,0.004436,-0.008553,-0.000982,6.765765,-139.104630,21.872629,34.817802,True,velocity,0.448987,0.450506,0.000000,0.000000,4.373453,False,0.142483,0.140475,0.050764,0.050629,-2.710656,-2.725147,0.014491,2.753015,2.749161,0.003853,167.000000
0.8091720169759355,0.021614,1.334294,-1.683694,1.322308,-0.023789,-0.055065,0.006513,0.011017,1.319309,1.713444,1.299504,0.003904,-0.000206,-0.001165,-0.060856,0.765641,0.116140,-0.629763,0.359516,-0.251949,0.598720,0.150143,-0.615716,-0.020122,0.773270,-0.374472,-0.254992,0.605781,-0.060851,0.765638,0.116132,-0.629769,0.359514,-0.251952,0.598720,0.150142,-0.615716,-0.020122,0.773270,-0.374473,-0.254990,0.605784,0.449193,0.003652,-0.001001,-0.008027,1,True,True,-0.000293,0.001565,0.000357,-0.001784,-0.029024,-0.006981,-0.003683,-0.001434,0.002447,-0.003683,-0.001434,0.002447,0.000000,-0.001784,-0.029024,-0.006981,1.000000,True,-0.002827,-0.000737,0.004542,-0.002827,-0.000737,0.004542,0.050089,0.087585,0.561756,0.344962,0.123845,-1.121733,0.506640,0.548511,-0.003594,-0.000729,-0.002085,-0.003746,-0.001202,-0.012133,-0.003829,-0.000814,6.766462,-139.136154,21.872768,34.817802,True,velocity,0.449193,0.450506,0.000000,0.000000,4.406268,False,0.142497,0.140517,0.050725,0.050658,-2.710884,-2.725147,0.014262,2.752534,2.749161,0.003373,167.000000
0.8423109719878994,0.020913,1.333477,-1.683770,1.322873,-0.021953,-0.053371,0.007578,0.011118,1.319692,1.713497,1.299810,0.003657,-0.000916,-0.001687,-0.059270,0.766601,0.116107,-0.628753,0.359725,-0.251689,0.599164,0.150143,-0.615716,-0.020122,0.773270,-0.374472,-0.254992,0.605781,-0.059272,0.766600,0.116107,-0.628754,0.359726,-0.251689,0.599165,0.150143,-0.615716,-0.020123,0.773270,-0.374472,-0.254992,0.605781,0.449132,0.003352,-0.000680,-0.007310,1,True,True,-0.000489,0.001310,0.000992,-0.009551,-0.009076,0.021491,-0.004914,-0.002606,0.005910,-0.004914,-0.002606,0.005910,0.000000,-0.009551,-0.009076,0.021491,1.000000,True,-0.003683,-0.001434,0.002447,-0.003683,-0.001434,0.002447,0.269974,0.334179,0.487906,0.400164,0.118131,-0.085464,1.009295,0.512107,-0.004200,-0.001130,-0.003207,-0.004423,0.000719,-0.032259,0.000299,-0.000068,6.766462,-139.168381,21.878906,34.817940,True,velocity,0.449132,0.450506,0.000000,0.000000,4.439594,False,0.142549,0.140549,0.050716,0.050662,-2.705797,-2.725147,0.019349,2.752622,2.749161,0.003461,167.000000
0.8773521209950559,0.019599,1.335674,-1.686162,1.322399,-0.029334,-0.056509,0.004360,0.009801,1.318675,1.715210,1.298037,0.004757,-0.000689,0.000828,-0.059248,0.763119,0.117465,-0.632725,0.360479,-0.251605,0.599757,0.150143,-0.615716,-0.020122,0.773270,-0.374472,-0.254992,0.605781,-0.059243,0.763125,0.117447,-0.632722,0.360476,-0.251606,0.599756,0.150145,-0.615715,-0.020122,0.773271,-0.374470,-0.254991,0.605788,0.449693,0.003903,-0.000782,-0.005793,1,True,True,-0.000227,0.001949,0.002312,0.002945,0.016564,0.045505,-0.002663,-0.001176,0.011662,-0.002663,-0.001176,0.011662,0.000000,0.002945,0.016564,0.045505,0.799072,True,-0.004914,-0.002606,0.005910,-0.004914,-0.002606,0.005910,0.307915,0.448726,0.705560,0.512508,0.148813,-0.220487,0.886523,0.493335,-0.006132,-0.001833,-0.005007,-0.006790,-0.000841,-0.043022,0.010986,0.000125,6.762137,-139.189453,21.900949,34.818359,True,velocity,0.449693,0.450506,0.000000,0.000000,4.474102,False,0.142510,0.140379,0.050728,0.050651,-2.706144,-2.725147,0.019002,2.752353,2.749161,0.003192,167.000000
0.9096470799995586,0.019308,1.334456,-1.686210,1.322258,-0.027518,-0.055265,0.004171,0.009682,1.319019,1.715008,1.298237,0.004514,-0.001019,0.000789,-0.058808,0.764101,0.117907,-0.631498,0.360797,-0.251705,0.599979,0.150143,-0.615716,-0.020122,0.773270,-0.374472,-0.254992,0.605781,-0.058808,0.764100,0.117906,-0.631500,0.360797,-0.251705,0.599979,0.150143,-0.615716,-0.020123,0.773270,-0.374472,-0.254992,0.605781,0.449724,0.003710,-0.000794,-0.005769,1,True,True,-0.000124,0.001795,0.001947,0.000380,-0.005802,0.000718,-0.002054,-0.001090,0.010856,-0.002054,-0.001090,0.010856,0.000000,0.000380,-0.005802,0.000718,1.000000,True,-0.002663,-0.001176,0.011662,-0.002663,-0.001176,0.011662,-0.054292,-0.612964,1.315252,0.511012,0.161062,-0.306825,0.868932,0.500025,-0.004545,0.000000,-0.002421,-0.005326,-0.002037,-0.039803,0.016355,0.000830,6.762974,-139.205643,21.907785,34.820454,True,velocity,0.449724,0.450506,0.000000,0.000000,4.506487,False,0.142494,0.140401,0.050717,0.050656,-2.710894,-2.725147,0.014252,2.751654,2.749161,0.002493,167.000000
0.9431624219869263,0.018066,1.334544,-1.687691,1.322247,-0.029148,-0.054910,0.003938,0.009245,1.318658,1.715611,1.298031,0.004904,-0.000946,0.001227,-0.057391,0.763493,0.118384,-0.632274,0.361506,-0.251918,0.600500,0.150143,-0.615716,-0.020122,0.773270,-0.374472,-0.254992,0.605781,-0.057391,0.763493,0.118383,-0.632273,0.361504,-0.251917,0.600500,0.150143,-0.615715,-0.020123,0.773270,-0.374471,-0.254992,0.605782,0.449806,0.003880,-0.000787,-0.005222,1,True,True,-0.000063,0.002001,0.002133,-0.000235,0.005102,0.016429,-0.001375,-0.000535,0.011869,-0.001375,-0.000535,0.011869,0.000000,-0.000235,0.005102,0.016429,1.000000,True,-0.002054,-0.001090,0.010856,-0.002054,-0.001090,0.010856,-0.061541,-0.361168,1.484699,0.555274,0.111654,-0.851712,0.935775,0.499864,-0.003840,0.000000,-0.002072,-0.004582,-0.000776,-0.025523,0.016757,0.001174,6.767159,-139.202850,21.906250,34.819477,True,velocity,0.449806,0.450506,0.000000,0.000000,4.540502,False,0.142495,0.140379,0.050714,0.050650,-2.710336,-2.725147,0.014810,2.751627,2.749161,0.002465,167.000000
0.9759942489909008,0.017075,1.334714,-1.688100,1.322764,-0.030920,-0.056048,0.004266,0.009152,1.318186,1.716109,1.297667,0.005310,-0.000675,0.001529,-0.056791,0.762897,0.117642,-0.633185,0.361811,-0.252154,0.600968,0.150143,-0.615716,-0.020122,0.773270,-0.374472,-0.254992,0.605781,-0.056791,0.762898,0.117642,-0.633183,0.361809,-0.252154,0.600968,0.150143,-0.615715,-0.020122,0.773270,-0.374471,-0.254992,0.605782,0.449829,0.004119,-0.000742,-0.004887,1,True,True,-0.000063,0.002258,0.002072,-0.001394,0.007169,0.010036,-0.001677,-0.000437,0.011536,-0.001677,-0.000437,0.011536,0.000000,-0.001394,0.007169,0.010036,1.000000,True,-0.001375,-0.000535,0.011869,-0.001375,-0.000535,0.011869,-0.264436,0.960176,1.883382,0.530332,0.056471,-0.330844,1.107380,0.499702,-0.003306,0.000034,-0.001351,-0.003931,0.002840,-0.012962,0.002234,0.000290,6.771066,-139.205490,21.886997,34.818501,True,velocity,0.449829,0.450506,0.000000,0.000000,4.573316,False,0.142537,0.140342,0.050707,0.050643,-2.712355,-2.725147,0.012791,2.751375,2.749161,0.002214,167.000000
1.01185654301662,0.016196,1.334335,-1.688687,1.322810,-0.030925,-0.055428,0.004165,0.008901,1.318207,1.716099,1.297714,0.005323,-0.000644,0.001750,-0.056014,0.763036,0.117725,-0.633072,0.362115,-0.252626,0.601376,0.150143,-0.615716,-0.020122,0.773270,-0.374472,-0.254992,0.605781,-0.056014,0.763035,0.117724,-0.633072,0.362114,-0.252625,0.601376,0.150143,-0.615716,-0.020123,0.773270,-0.374472,-0.254992,0.605781,0.449885,0.004128,-0.000866,-0.004988,1,True,True,0.000118,0.002283,0.001587,0.003709,0.000293,-0.003012,-0.000984,-0.000137,0.008891,-0.000984,-0.000137,0.008891,0.000000,0.003709,0.000293,-0.003012,1.000000,True,-0.001677,-0.000437,0.011536,-0.001677,-0.000437,0.011536,-0.262084,-1.853890,1.723054,0.470477,-0.010904,-1.078672,1.211871,0.499702,-0.003649,-0.000516,-0.001579,-0.004079,0.005192,-0.006475,-0.009721,0.000000,6.772880,-139.213867,21.869001,34.811802,True,velocity,0.449885,0.450506,0.000000,0.000000,4.608507,False,0.142542,0.140346,0.050702,0.050643,-2.713307,-2.725147,0.011840,2.751239,2.749161,0.002077,167.000000
1.046399267972447,0.014816,1.335383,-1.689927,1.322941,-0.034161,-0.056346,0.003143,0.008259,1.317858,1.716618,1.297093,0.005710,-0.000451,0.002861,-0.055344,0.761572,0.117820,-0.634873,0.362348,-0.253183,0.601984,0.150143,-0.615716,-0.020123,0.773270,-0.374472,-0.254992,0.605781,-0.055343,0.761574,0.117816,-0.634871,0.362346,-0.253182,0.601983,0.150144,-0.615715,-0.020123,0.773270,-0.374471,-0.254991,0.605784,0.450133,0.004352,-0.001053,-0.004696,1,True,True,0.000337,0.002512,0.001582,0.005565,0.006757,0.008742,0.001600,0.000432,0.008867,0.001600,0.000432,0.008867,0.000000,0.005565,0.006757,0.008742,0.875977,True,-0.000984,-0.000137,0.008891,-0.000984,-0.000137,0.008891,-0.364318,-2.076519,1.976656,0.456755,-0.090471,-0.300380,1.377675,0.499864,-0.002572,-0.000171,-0.001103,-0.002778,0.005667,-0.003845,-0.025786,-0.000598,6.780971,-139.210236,21.849192,34.818359,True,velocity,0.450133,0.450506,0.000000,0.000000,4.643327,False,0.142558,0.140286,0.050707,0.050640,-2.713721,-2.725147,0.011426,2.751248,2.749161,0.002086,167.000000
1.0797935369773768,0.014875,1.334947,-1.688630,1.325051,-0.034274,-0.058327,0.002111,0.009218,1.316831,1.719283,1.295193,0.003501,-0.005697,0.003753,-0.056025,0.761726,0.116726,-0.634831,0.362362,-0.253738,0.602306,0.152306,-0.614191,-0.017332,0.774126,-0.375462,-0.256070,0.605732,-0.056024,0.761727,0.116726,-0.634829,0.362362,-0.253738,0.602301,0.152301,-0.614193,-0.017335,0.774126,-0.375458,-0.256067,0.605737,0.449945,0.004546,-0.001740,-0.003832,1,True,True,0.000970,0.002696,0.002151,0.020590,0.005938,0.025929,0.004671,0.001819,0.011966,0.004671,0.001819,0.011966,0.000000,0.020590,0.005938,0.025929,1.000000,True,0.001600,0.000432,0.008867,0.001600,0.000432,0.008867,-1.631825,0.454416,2.934060,0.500025,-0.151982,-0.557774,0.507084,0.499702,-0.000138,0.002003,-0.000162,0.000000,0.007045,0.000204,-0.032721,-0.000128,6.786273,-139.195724,21.826311,34.818359,True,velocity,0.449945,0.450506,0.000000,0.000000,4.677043,False,0.142733,0.140115,0.050683,0.050625,-2.715919,-2.725147,0.009228,2.751074,2.749161,0.001912,167.000000
1.1150080189690925,0.015145,1.333293,-1.689108,1.326281,-0.032459,-0.057042,0.001335,0.012042,1.318520,1.723317,1.295322,0.004896,-0.011165,0.005450,-0.055850,0.762966,0.116626,-0.633374,0.362221,-0.254416,0.602622,0.154181,-0.615315,-0.011535,0.772970,-0.376975,-0.256505,0.606573,-0.055848,0.762965,0.116623,-0.633376,0.362222,-0.254418,0.602620,0.154184,-0.615313,-0.011543,0.772970,-0.376973,-0.256505,0.606576,0.449774,0.004074,-0.001905,-0.005337,1,True,True,0.000983,0.002163,0.000247,0.005006,-0.014143,-0.045140,0.004259,0.001110,0.001584,0.004259,0.001110,0.001584,0.000000,0.005006,-0.014143,-0.045140,1.000000,True,0.004671,0.001819,0.011966,0.004671,0.001819,0.011966,0.894451,0.455508,0.052554,0.132995,-0.280404,-0.520768,1.635049,0.499702,0.001624,0.003145,0.002677,0.002483,0.012991,0.007689,-0.028206,-0.000013,6.803292,-139.200607,21.815290,34.818359,True,velocity,0.449774,0.450506,0.000000,0.000000,4.711845,False,0.142837,0.140150,0.050656,0.050636,-2.715275,-2.725147,0.009871,2.752314,2.749161,0.003153,167.000000
1.1466509809833951,0.014129,1.330111,-1.689446,1.326303,-0.038636,-0.066321,0.002026,0.013745,1.320380,1.724255,1.294960,0.016312,-0.000717,0.007696,-0.058104,0.761843,0.113157,-0.635150,0.361773,-0.255103,0.603189,0.150231,-0.621419,-0.013147,0.768828,-0.377646,-0.257166,0.606631,-0.058094,0.761848,0.113154,-0.635145,0.361766,-0.255104,0.603188,0.150212,-0.621412,-0.013115,0.768838,-0.377637,-0.257160,0.606644,0.449655,0.002759,-0.002060,-0.005686,1,True,True,0.001004,0.000813,-0.000155,0.004892,-0.039413,-0.010480,0.008639,0.001205,-0.000610,0.008639,0.001205,-0.000610,0.000000,0.004892,-0.039413,-0.010480,1.000000,True,0.004259,0.001110,0.001584,0.004259,0.001110,0.001584,0.315918,0.280409,0.199618,0.225704,-0.225220,-0.312367,1.555046,0.444375,0.003544,0.003404,0.001626,0.003996,0.013691,0.004153,-0.019303,0.000651,6.801618,-139.206329,21.823521,34.822407,True,velocity,0.449655,0.450506,0.000000,0.000000,4.743666,False,0.142762,0.140113,0.050573,0.050666,-2.713470,-2.725147,0.011677,2.758572,2.749161,0.009411,167.000000
1.177828388987109,0.012976,1.328685,-1.687866,1.327414,-0.035688,-0.065893,0.000800,0.013266,1.316800,1.721585,1.296628,0.010051,-0.001465,0.010910,-0.058265,0.763341,0.112592,-0.633434,0.361555,-0.255629,0.603409,0.147819,-0.617478,-0.012840,0.772467,-0.378345,-0.257392,0.606950,-0.058262,0.763340,0.112593,-0.633436,0.361557,-0.255628,0.603407,0.147814,-0.617485,-0.012845,0.772463,-0.378341,-0.257389,0.606949,0.449202,0.002472,-0.002116,-0.005461,1,True,True,0.000773,0.000486,0.000090,0.001715,-0.008588,0.006743,0.008651,0.000193,0.000727,0.008651,0.000193,0.000727,0.000000,0.001715,-0.008588,0.006743,1.000000,True,0.008639,0.001205,-0.000610,0.008639,0.001205,-0.000610,0.128628,0.131717,0.148877,0.145397,-0.114854,-0.238664,1.303770,0.401943,0.008555,0.007657,0.002740,0.008546,0.008018,-0.004825,-0.002102,0.002844,6.791434,-139.220703,21.835100,34.824776,True,velocity,0.449202,0.450506,0.000000,0.000000,4.775140,False,0.142853,0.140235,0.050554,0.050612,-2.711926,-2.725147,0.013220,2.761140,2.749161,0.011979,167.000000
1.2145676229847595,0.011763,1.328149,-1.688366,1.329189,-0.035502,-0.065161,-0.002426,0.013894,1.316305,1.723320,1.296598,0.007197,-0.006688,0.015435,-0.057714,0.763539,0.113234,-0.633132,0.361620,-0.256242,0.603641,0.147882,-0.615900,-0.008776,0.773771,-0.379351,-0.257816,0.606862,-0.057713,0.763538,0.113233,-0.633133,0.361621,-0.256240,0.603906,0.147880,-0.615898,-0.008783,0.773773,-0.379345,-0.257810,0.607140,0.448839,0.002203,-0.002285,-0.005196,1,True,True,0.000655,0.000212,0.000331,0.005117,-0.008041,0.007948,0.008768,-0.000827,0.002040,0.008768,-0.000827,0.002040,0.000000,0.005117,-0.008041,0.007948,1.000000,True,0.008651,0.000193,0.000727,0.008651,0.000193,0.000727,0.033073,0.032142,0.011850,0.012193,-0.047479,-0.104288,1.046322,0.328178,0.008504,0.008572,0.003648,0.008106,-0.008367,-0.015234,0.023660,0.003398,6.777204,-139.229355,21.880581,34.825474,True,velocity,0.448839,0.450506,0.000000,0.000000,4.811636,False,0.143012,0.140237,0.050535,0.050599,-2.710298,-2.725147,0.014848,2.756633,2.749161,0.007472,167.000000
1.2478063559974544,0.013119,1.329845,-1.688111,1.329044,-0.041476,-0.070832,-0.001958,0.013280,1.315556,1.727527,1.291056,0.009956,-0.008074,0.010566,-0.059701,0.760893,0.112048,-0.636336,0.361696,-0.257253,0.603735,0.153420,-0.616555,-0.010076,0.772153,-0.380267,-0.259189,0.606127,-0.059686,0.760896,0.112045,-0.636334,0.361698,-0.257251,0.603738,0.153414,-0.616560,-0.010070,0.772151,-0.380260,-0.259187,0.606138,0.449338,0.002880,-0.004164,-0.004142,1,True,True,0.002238,0.000926,0.001317,0.056266,0.020605,0.031616,0.013652,-0.002595,0.007417,0.013652,-0.002595,0.007417,0.000000,0.056266,0.020605,0.031616,1.000000,True,0.013652,-0.002595,0.007417,0.008768,-0.000827,0.002040,-0.068401,-0.063211,-0.117583,-0.127167,-0.035288,-0.557774,0.813246,0.266629,0.008437,0.008748,0.004729,0.007840,-0.014572,-0.013906,0.038012,0.002570,6.770368,-139.231583,21.910854,34.827705,True,velocity,0.449338,0.450506,0.000000,0.000000,4.844171,False,0.142980,0.139732,0.050533,0.050602,-2.710929,-2.725147,0.014218,2.757772,2.749161,0.008611,167.000000
1.2800247779814526,0.012925,1.327373,-1.686864,1.328327,-0.035535,-0.067629,-0.003261,0.011922,1.315045,1.724088,1.292070,0.006154,-0.007561,0.010747,-0.059974,0.763589,0.113310,-0.632847,0.361629,-0.258312,0.603553,0.152308,-0.614745,-0.011920,0.773789,-0.380183,-0.259658,0.605644,-0.059967,0.763587,0.113303,-0.632851,0.361629,-0.258309,0.603556,0.152306,-0.614749,-0.011919,0.773786,-0.380182,-0.259657,0.605645,0.449124,0.002208,-0.005036,-0.004541,1,True,True,0.002659,0.000345,0.000671,0.026270,-0.020010,-0.011948,0.016176,-0.005079,0.003896,0.016176,-0.005079,0.003896,0.000000,0.026270,-0.020010,-0.011948,1.000000,True,0.013652,-0.002595,0.007417,0.013652,-0.002595,0.007417,-0.135306,-0.112636,-0.230790,-0.275606,-0.047401,-0.092280,0.550146,0.150419,0.012457,0.014300,0.009280,0.011726,-0.014354,-0.009348,0.046654,0.003677,6.771484,-139.231857,21.933872,34.836773,True,velocity,0.449124,0.450506,0.000000,0.000000,4.877269,False,0.142914,0.139818,0.050525,0.050599,-2.712160,-2.725147,0.012986,2.759848,2.749161,0.010687,167.000000
1.3197500900132582,0.009123,1.325470,-1.687038,1.329933,-0.028764,-0.061473,-0.000127,0.011004,1.311592,1.718837,1.296804,-0.001126,-0.006224,0.012665,-0.054827,0.766829,0.112534,-0.629526,0.362277,-0.259040,0.603949,0.147733,-0.610530,-0.013323,0.777979,-0.379805,-0.259632,0.605353,-0.054827,0.766829,0.112534,-0.629526,0.362277,-0.259040,0.603949,0.147733,-0.610530,-0.013323,0.777979,-0.379805,-0.259632,0.605353,0.447588,0.001876,-0.004474,-0.003896,2,True,True,0.001560,0.000179,0.001186,-0.016811,-0.010053,0.019336,0.010901,-0.004875,0.006704,0.010901,-0.004875,0.006704,0.000000,-0.016811,-0.010053,0.019336,1.000000,True,0.016176,-0.005079,0.003896,0.016176,-0.005079,0.003896,-0.288332,-0.266750,-0.318706,-0.343899,-0.078198,-0.110131,0.322624,0.064240,0.015826,0.017334,0.013149,0.015125,-0.003591,-0.001808,0.047187,0.013784,6.777204,-139.228378,21.969168,34.861187,True,velocity,0.447588,0.450506,0.000000,0.000000,4.916949,False,0.143075,0.140217,0.050515,0.050539,-2.709835,-2.725147,0.015312,2.749610,2.749161,0.000449,167.000000
1.3486089169746265,0.009495,1.324966,-1.687262,1.330472,-0.029102,-0.062449,-0.000210,0.011693,1.313810,1.721743,1.294882,0.002040,-0.008391,0.011794,-0.054827,0.766829,0.112534,-0.629526,0.362277,-0.259040,0.603949,0.149854,-0.612553,-0.012084,0.776000,-0.380177,-0.260253,0.604775,-0.054827,0.766829,0.112534,-0.629526,0.362277,-0.259040,0.603949,0.149854,-0.612553,-0.012084,0.776000,-0.380177,-0.260253,0.604776,0.447471,0.001502,-0.004849,-0.003136,2,True,True,0.001573,-0.000031,0.001723,0.011292,-0.011183,0.022819,0.010840,-0.006452,0.009634,0.010840,-0.006452,0.009634,0.000000,0.011292,-0.011183,0.022819,1.000000,True,0.010901,-0.004875,0.006704,0.010901,-0.004875,0.006704,-0.393638,-0.324775,-0.441898,-0.528249,-0.114770,-0.134799,0.176085,-0.046094,0.010125,0.012461,0.010288,0.009846,0.002829,0.002553,0.043094,0.020523,6.780134,-139.223770,21.992746,34.872627,True,velocity,0.447471,0.450506,0.000000,0.000000,4.945227,False,0.143114,0.140065,0.050499,0.050573,-2.710217,-2.725147,0.014930,2.752932,2.749161,0.003770,167.000000
1.387193975970149,0.009052,1.325099,-1.687160,1.330799,-0.028927,-0.062572,-0.000908,0.011630,1.313561,1.721647,1.295200,0.000845,-0.009574,0.013277,-0.054827,0.766829,0.112534,-0.629526,0.362277,-0.259040,0.603949,0.149421,-0.611903,-0.011268,0.776609,-0.380150,-0.260222,0.604757,-0.054827,0.766829,0.112534,-0.629526,0.362277,-0.259040,0.603949,0.149421,-0.611903,-0.011268,0.776609,-0.380150,-0.260222,0.604758,0.447296,0.001551,-0.004734,-0.002944,2,True,True,0.001097,0.000232,0.001593,-0.003452,0.001463,0.005733,0.007740,-0.005777,0.008924,0.007740,-0.005777,0.008924,0.000000,-0.003452,0.001463,0.005733,1.000000,True,0.010840,-0.006452,0.009634,0.010840,-0.006452,0.009634,-0.520240,-0.399751,-0.548944,-0.692389,-0.194420,-0.171801,0.040964,-0.143599,0.010048,0.013195,0.012155,0.010200,0.004619,0.004660,0.038990,0.024840,6.780134,-139.220001,22.016880,34.890484,True,velocity,0.447296,0.450506,0.000000,0.000000,4.983966,False,0.143144,0.140093,0.050499,0.050568,-2.710493,-2.725147,0.014653,2.752527,2.749161,0.003366,167.000000
1.4196808969718404,0.008978,1.325322,-1.686917,1.330218,-0.028631,-0.062701,-0.000277,0.010865,1.313223,1.720741,1.295084,0.000516,-0.008433,0.012189,-0.054827,0.766829,0.112534,-0.629526,0.362277,-0.259040,0.603949,0.149346,-0.611643,-0.012856,0.776804,-0.379878,-0.260277,0.604611,-0.054827,0.766829,0.112534,-0.629526,0.362277,-0.259040,0.603950,0.149346,-0.611643,-0.012856,0.776804,-0.379878,-0.260277,0.604611,0.447468,0.001569,-0.004884,-0.002540,2,True,True,0.000988,0.000443,0.001700,0.004494,0.000562,0.012141,0.007150,-0.004624,0.009509,0.007150,-0.004624,0.009509,0.000000,0.004494,0.000562,0.012141,1.000000,True,0.007740,-0.005777,0.008924,0.007740,-0.005777,0.008924,-0.645210,-0.468405,-0.638462,-0.834806,-0.268212,-0.232821,-0.130624,-0.297283,0.007241,0.010058,0.010016,0.007917,0.002910,0.006893,0.036600,0.022278,6.780134,-139.214569,22.038923,34.900112,True,velocity,0.447468,0.450506,0.000000,0.000000,5.016970,False,0.143093,0.140078,0.050507,0.050566,-2.710763,-2.725147,0.014383,2.751028,2.749161,0.001866,167.000000
1.4491354990168475,0.008918,1.325577,-1.686615,1.329623,-0.028306,-0.062819,0.000401,0.010041,1.312648,1.719749,1.294960,-0.000106,-0.007236,0.010953,-0.054827,0.766829,0.112534,-0.629526,0.362277,-0.259040,0.603949,0.149283,-0.611170,-0.014592,0.777157,-0.379643,-0.260358,0.604482,-0.054827,0.766829,0.112534,-0.629526,0.362277,-0.259040,0.603949,0.149283,-0.611170,-0.014592,0.777157,-0.379643,-0.260358,0.604482,0.447654,0.001599,-0.005060,-0.002075,2,True,True,0.000926,0.000628,0.001848,0.005267,0.000922,0.013939,0.006807,-0.003616,0.010315,0.006807,-0.003616,0.010315,0.000000,0.005267,0.000922,0.013939,1.000000,True,0.007150,-0.004624,0.009509,0.007150,-0.004624,0.009509,-0.558781,-0.375885,-0.583661,-0.808026,-0.342004,-0.250998,-0.234856,-0.407384,0.006373,0.009328,0.009734,0.007256,0.000957,0.006333,0.033629,0.019664,6.782645,-139.212051,22.056223,34.911411,True,velocity,0.447654,0.450506,0.000000,0.000000,5.046114,False,0.143041,0.140060,0.050515,0.050561,-2.711045,-2.725147,0.014101,2.749263,2.749161,0.000101,167.000000
1.4822649529669434,0.009620,1.325863,-1.686451,1.329133,-0.028108,-0.062499,0.001610,0.010114,1.312785,1.720525,1.294265,0.000427,-0.007732,0.008484,-0.054827,0.766829,0.112534,-0.629526,0.362277,-0.259040,0.603949,0.150870,-0.611393,-0.015008,0.776667,-0.379772,-0.260565,0.604625,-0.054830,0.766829,0.112537,-0.629526,0.362275,-0.259037,0.604784,0.150870,-0.611394,-0.015009,0.776666,-0.379771,-0.260565,0.605454,0.448839,0.001707,-0.005344,-0.002055,1,True,True,0.000983,0.000857,0.001524,0.008518,0.003279,0.000603,0.006987,-0.002726,0.008549,0.006987,-0.002726,0.008549,0.000000,0.008518,0.003279,0.000603,1.000000,True,0.006807,-0.003616,0.010315,0.006807,-0.003616,0.010315,-0.435639,-0.268168,-0.518050,-0.767842,-0.384353,-0.299986,-0.308638,-0.493572,0.005567,0.008874,0.009639,0.006762,0.002058,0.006022,0.031145,0.019886,6.785435,-139.210098,22.066685,34.926338,True,velocity,0.448839,0.450506,0.000000,0.000000,5.079455,False,0.143001,0.140000,0.050525,0.050564,-2.711227,-2.725147,0.013919,2.749249,2.749161,0.000088,167.000000
1.515140353993047,0.010418,1.325321,-1.687057,1.328159,-0.028593,-0.062763,0.003204,0.010719,1.313996,1.722066,1.293590,0.004259,-0.006325,0.005813,-0.054827,0.766829,0.112534,-0.629526,0.362277,-0.259040,0.603949,0.152183,-0.613527,-0.015431,0.774718,-0.380184,-0.260762,0.604803,-0.054829,0.766829,0.112536,-0.629526,0.362275,-0.259038,0.604434,0.152178,-0.613525,-0.015431,0.774720,-0.380185,-0.260761,0.605282,0.448839,0.001383,-0.005588,-0.002405,1,True,True,0.000996,0.000624,0.000889,0.007350,-0.009707,-0.010490,0.007160,-0.003698,0.005087,0.007160,-0.003698,0.005087,0.000000,0.007350,-0.009707,-0.010490,1.000000,True,0.006987,-0.002726,0.008549,0.006987,-0.002726,0.008549,-0.294495,-0.196304,-0.420362,-0.598398,-0.378467,-0.300635,-0.339373,-0.536666,0.005763,0.008559,0.009215,0.006685,0.003366,0.004032,0.021455,0.020155,6.787109,-139.208145,22.070871,34.938335,True,velocity,0.448839,0.450506,0.000000,0.000000,5.112440,False,0.142908,0.139947,0.050521,0.050582,-2.711087,-2.725147,0.014060,2.749974,2.749161,0.000812,167.000000
1.5528950279694982,0.009186,1.325335,-1.687108,1.329158,-0.028550,-0.062789,0.000964,0.011183,1.312226,1.721353,1.295620,0.000533,-0.008394,0.010998,-0.054827,0.766829,0.112534,-0.629526,0.362277,-0.259040,0.603949,0.149721,-0.611304,-0.012600,0.777002,-0.380497,-0.260477,0.605320,-0.054827,0.766829,0.112534,-0.629526,0.362277,-0.259040,0.603949,0.149721,-0.611304,-0.012600,0.777002,-0.380497,-0.260477,0.605320,0.447781,0.001485,-0.005002,-0.002631,2,True,True,0.000171,0.000848,0.000493,-0.017593,0.003013,-0.006797,0.003014,-0.002031,0.002926,0.003014,-0.002031,0.002926,0.000000,-0.017593,0.003013,-0.006797,1.000000,True,0.007160,-0.003698,0.005087,0.007160,-0.003698,0.005087,-0.454294,-0.365860,-0.493904,-0.601497,-0.372162,-0.398356,0.506640,-0.542158,0.006979,0.008590,0.008512,0.007622,0.003219,0.002681,0.012535,0.017446,6.787807,-139.207031,22.072405,34.940849,True,velocity,0.447781,0.450506,0.000000,0.000000,5.149942,False,0.142998,0.140119,0.050514,0.050547,-2.710808,-2.725147,0.014339,2.751142,2.749161,0.001981,167.000000
1.588876949972473,0.008491,1.324634,-1.687424,1.329601,-0.029021,-0.063749,-0.000165,0.011689,1.311380,1.721722,1.296333,0.000186,-0.008638,0.013864,-0.054827,0.766829,0.112534,-0.629526,0.362277,-0.259040,0.603949,0.148210,-0.610891,-0.011152,0.777639,-0.381144,-0.260742,0.605515,-0.054827,0.766829,0.112534,-0.629526,0.362277,-0.259040,0.603949,0.148210,-0.610891,-0.011152,0.777639,-0.381144,-0.260742,0.605516,0.447385,0.001094,-0.004873,-0.002236,2,True,True,-0.000058,0.000524,0.000791,-0.003840,-0.011755,0.011866,0.003353,-0.002878,0.004552,0.003353,-0.002878,0.004552,0.000000,-0.003840,-0.011755,0.011866,1.000000,True,0.003014,-0.002031,0.002926,0.003014,-0.002031,0.002926,-0.586655,-0.444581,-0.597553,-0.759551,-0.378578,-0.288346,-0.376007,-0.548801,0.002957,0.003843,0.004014,0.003389,0.002061,0.001965,0.004964,0.009318,6.790318,-139.207031,22.076870,34.942940,True,velocity,0.447385,0.450506,0.000000,0.000000,5.185569,False,0.143026,0.140176,0.050496,0.050529,-2.711158,-2.725147,0.013989,2.750829,2.749161,0.001668,167.000000
1.6203157469863072,0.009394,1.324227,-1.687723,1.329217,-0.029299,-0.064476,0.001150,0.012465,1.311434,1.724259,1.294926,0.002436,-0.009507,0.011268,-0.054827,0.766829,0.112534,-0.629526,0.362277,-0.259040,0.603949,0.150375,-0.611815,-0.010727,0.776502,-0.382191,-0.261514,0.605706,-0.054827,0.766829,0.112534,-0.629526,0.362277,-0.259040,0.603949,0.150375,-0.611815,-0.010727,0.776502,-0.382191,-0.261514,0.605706,0.447647,0.000736,-0.005415,-0.001717,2,True,True,0.000374,0.000264,0.001158,0.016315,-0.010683,0.015563,0.004601,-0.004988,0.006554,0.004601,-0.004988,0.006554,0.000000,0.016315,-0.010683,0.015563,1.000000,True,0.003353,-0.002878,0.004552,0.003353,-0.002878,0.004552,-0.732683,-0.512258,-0.694286,-0.926874,-0.415153,-0.324702,-0.418965,-0.591237,0.003296,0.004651,0.005168,0.004056,0.002592,0.001148,0.005070,0.005105,6.793945,-139.206894,22.083426,34.948521,True,velocity,0.447647,0.450506,0.000000,0.000000,5.217526,False,0.142984,0.140051,0.050489,0.050529,-2.711338,-2.725147,0.013808,2.752816,2.749161,0.003655,167.000000
1.6530557589721866,0.008243,1.323353,-1.687887,1.329472,-0.029841,-0.065735,-0.000179,0.012742,1.309276,1.723265,1.296651,0.000895,-0.008166,0.015344,-0.054827,0.766829,0.112534,-0.629526,0.362277,-0.259040,0.603949,0.147051,-0.610510,-0.009931,0.778174,-0.382839,-0.261943,0.606157,-0.054827,0.766829,0.112534,-0.629526,0.362277,-0.259040,0.603953,0.147051,-0.610510,-0.009931,0.778174,-0.382839,-0.261943,0.606161,0.447173,0.000237,-0.005250,-0.000990,2,True,True,0.000057,-0.000069,0.001667,-0.004910,-0.014973,0.021812,0.004431,-0.006094,0.009328,0.004431,-0.006094,0.009328,0.000000,-0.004910,-0.014973,0.021812,1.000000,True,0.004601,-0.004988,0.006554,0.004601,-0.004988,0.006554,-0.876109,-0.632036,-0.791940,-1.028758,-0.489067,-0.349020,-0.467817,-0.658764,0.005045,0.006802,0.007713,0.006302,0.004988,0.000491,0.007959,0.006366,6.800642,-139.204941,22.090960,34.956612,True,velocity,0.447173,0.450506,0.000000,0.000000,5.250109,False,0.142993,0.140186,0.050470,0.050491,-2.711859,-2.725147,0.013287,2.750280,2.749161,0.001118,167.000000
1.6838078729924746,0.007847,1.323999,-1.686189,1.331429,-0.029110,-0.066460,-0.001830,0.012242,1.305725,1.723968,1.295467,-0.006353,-0.014196,0.017146,-0.054827,0.766829,0.112534,-0.629526,0.362277,-0.259040,0.603949,0.147908,-0.605794,-0.008399,0.781707,-0.383724,-0.263247,0.605934,-0.054828,0.766829,0.112535,-0.629526,0.362276,-0.259039,0.604368,0.147909,-0.605794,-0.008400,0.781707,-0.383722,-0.263246,0.606353,0.447173,0.000423,-0.005872,0.001642,2,True,True,0.000531,0.000321,0.003988,0.018638,0.005616,0.078960,0.004921,-0.005334,0.021988,0.004921,-0.005334,0.021988,0.000000,0.018638,0.005616,0.078960,1.000000,True,0.004431,-0.006094,0.009328,0.004431,-0.006094,0.009328,-1.049124,-0.688476,-0.877116,-1.196120,-0.568511,-0.416822,-0.535401,-0.738132,0.004998,0.007506,0.008867,0.006974,0.008517,0.003745,0.010554,0.009786,6.809570,-139.196564,22.098354,34.964985,True,velocity,0.447173,0.450506,0.000000,0.000000,5.281099,False,0.143169,0.140058,0.050467,0.050435,-2.712997,-2.725147,0.012150,2.746681,2.749161,-0.002480,167.000000
1.7175581029732712,0.007821,1.323994,-1.686245,1.331259,-0.029077,-0.066565,-0.001677,0.012145,1.305811,1.723995,1.295478,-0.006411,-0.014255,0.017230,-0.054827,0.766829,0.112534,-0.629526,0.362277,-0.259040,0.603949,0.147908,-0.605794,-0.008399,0.781707,-0.383724,-0.263247,0.605934,-0.054828,0.766829,0.112535,-0.629526,0.362276,-0.259039,0.604336,0.147909,-0.605794,-0.008400,0.781707,-0.383722,-0.263246,0.606320,0.447173,0.000388,-0.005891,0.001685,2,True,True,0.000386,0.000464,0.003298,0.000568,-0.001040,0.001280,0.004565,-0.004106,0.018223,0.004565,-0.004106,0.018223,0.000000,0.000568,-0.001040,0.001280,1.000000,True,0.004921,-0.005334,0.021988,0.004921,-0.005334,0.021988,-1.149721,-0.295984,-0.747597,-1.424540,-0.666686,-0.288000,0.506686,-0.830486,0.002562,0.009047,0.011411,0.006724,0.011195,0.006488,0.011629,0.012791,6.819336,-139.192520,22.102818,34.973213,True,velocity,0.447173,0.450506,0.000000,0.000000,5.314913,False,0.143153,0.140060,0.050468,0.050437,-2.713118,-2.725147,0.012029,2.746671,2.749161,-0.002490,167.000000
1.7508694819989614,0.009087,1.321534,-1.685731,1.332333,-0.030644,-0.071237,-0.000704,0.013120,1.303954,1.730361,1.289962,-0.003045,-0.016603,0.013306,-0.054827,0.766829,0.112534,-0.629526,0.362277,-0.259040,0.603949,0.151964,-0.606357,-0.008613,0.780490,-0.387120,-0.267001,0.605079,-0.054829,0.766829,0.112536,-0.629526,0.362276,-0.259039,0.604549,0.151966,-0.606357,-0.008615,0.780489,-0.387118,-0.266999,0.605679,0.447173,-0.001416,-0.008092,0.006788,2,True,True,0.002437,-0.001201,0.007794,0.066069,-0.054065,0.153099,0.015748,-0.013189,0.042746,0.015748,-0.013189,0.042746,0.000000,0.066069,-0.054065,0.153099,1.000000,True,0.004565,-0.004106,0.018223,0.004565,-0.004106,0.018223,-0.906414,-0.239806,-0.691057,-1.343290,-0.764861,-0.441200,-0.633176,-0.971520,0.002352,0.007730,0.009928,0.005987,0.014210,0.006493,0.009064,0.016689,6.829659,-139.195038,22.106306,34.995674,True,velocity,0.447173,0.450506,0.000000,0.000000,5.348180,False,0.143200,0.139548,0.050407,0.050413,-2.714897,-2.725147,0.010249,2.747361,2.749161,-0.001801,167.000000
1.7830910899792798,0.009853,1.319516,-1.684905,1.333193,-0.031842,-0.075357,0.000013,0.013004,1.302566,1.734430,1.285144,-0.000747,-0.017518,0.009922,-0.054827,0.766829,0.112534,-0.629526,0.362277,-0.259040,0.603949,0.154828,-0.606658,-0.010374,0.779671,-0.389380,-0.270179,0.603872,-0.054829,0.766829,0.112536,-0.629526,0.362275,-0.259038,0.604763,0.154830,-0.606658,-0.010376,0.779670,-0.389377,-0.270177,0.604686,0.447173,-0.002929,-0.010037,0.011639,2,True,True,0.003856,-0.002279,0.011220,0.058345,-0.045431,0.145535,0.023493,-0.019052,0.061435,0.023493,-0.019052,0.061435,0.000000,0.058345,-0.045431,0.145535,1.000000,True,0.015748,-0.013189,0.042746,0.015748,-0.013189,0.042746,-0.753284,-0.332719,-0.675115,-1.139428,-0.783316,-0.238664,-0.633654,-1.044970,0.011623,0.024243,0.029457,0.020156,0.013427,0.000850,0.006420,0.022506,6.833148,-139.197128,22.109236,35.013252,True,velocity,0.447173,0.450506,0.000000,0.000000,5.380118,False,0.143233,0.139099,0.050356,0.050399,-2.716693,-2.725147,0.008453,2.746178,2.749161,-0.002983,167.000000
1.818963827972766,0.010017,1.315774,-1.685314,1.333565,-0.034363,-0.081099,0.000376,0.013944,1.300984,1.738861,1.281548,0.004895,-0.014686,0.009418,-0.054827,0.766829,0.112534,-0.629526,0.362277,-0.259040,0.603949,0.154831,-0.608616,-0.011484,0.778127,-0.392524,-0.273672,0.603115,-0.054827,0.766829,0.112534,-0.629526,0.362277,-0.259040,0.603949,0.154831,-0.608616,-0.011484,0.778127,-0.392524,-0.273672,0.603115,0.445821,-0.005360,-0.011825,0.016390,3,True,True,0.004851,-0.004085,0.013923,0.053454,-0.073051,0.142521,0.028940,-0.028870,0.076178,0.028940,-0.028870,0.076178,0.000000,0.053454,-0.073051,0.142521,1.000000,True,0.023493,-0.019052,0.061435,0.023493,-0.019052,0.061435,-0.723504,-0.327405,-0.664380,-1.114395,-0.777052,-0.380180,-0.633093,-1.075664,0.017385,0.035823,0.043084,0.029578,0.010273,0.003585,0.014980,0.025547,6.835798,-139.174805,22.141462,35.028042,True,velocity,0.445821,0.450506,0.000000,0.000000,5.416174,False,0.143196,0.138755,0.050271,0.050378,-2.718621,-2.725147,0.006525,2.745544,2.749161,-0.003617,167.000000
1.8568156859837472,0.010075,1.312440,-1.684611,1.335729,-0.036536,-0.087119,-0.000733,0.014885,1.298205,1.744539,1.276789,0.006237,-0.017397,0.010729,-0.054827,0.766829,0.112534,-0.629526,0.362277,-0.259040,0.603949,0.155956,-0.608024,-0.010436,0.778380,-0.396067,-0.278019,0.602054,-0.054829,0.766829,0.112536,-0.629526,0.362276,-0.259039,0.604537,0.155957,-0.608024,-0.010437,0.778380,-0.396066,-0.278017,0.602642,0.445506,-0.007591,-0.014006,0.022715,3,True,True,0.006048,-0.005374,0.017709,0.065092,-0.067241,0.189754,0.035513,-0.035846,0.096828,0.035513,-0.035846,0.096828,0.000000,0.065092,-0.067241,0.189754,1.000000,True,0.028940,-0.028870,0.076178,0.028940,-0.028870,0.076178,-0.884930,-0.436411,-0.739371,-1.174384,-0.770485,-0.374043,-0.639439,-1.075989,0.025082,0.045959,0.056377,0.041213,0.008603,0.017605,0.026167,0.024768,6.856166,-139.148300,22.171457,35.053432,True,velocity,0.445506,0.450506,0.000000,0.000000,5.454110,False,0.143317,0.138300,0.050177,0.050332,-2.721108,-2.725147,0.004038,2.744158,2.749161,-0.005003,167.000000
1.8978146039880812,0.011031,1.309609,-1.683236,1.337199,-0.038214,-0.092969,0.000008,0.014767,1.293111,1.749819,1.270628,0.004853,-0.019877,0.008455,-0.054827,0.766829,0.112534,-0.629526,0.362277,-0.259040,0.603949,0.158808,-0.605350,-0.011771,0.779867,-0.400080,-0.282841,0.601039,-0.054827,0.766829,0.112534,-0.629526,0.362277,-0.259040,0.603949,0.158808,-0.605350,-0.011771,0.779867,-0.400080,-0.282841,0.601039,0.444530,-0.009652,-0.016837,0.029829,4,True,True,0.007665,-0.006279,0.021595,0.084418,-0.062532,0.245491,0.044405,-0.040698,0.123858,0.044405,-0.040698,0.123858,0.000000,0.084418,-0.062532,0.213422,1.000000,True,0.035513,-0.035846,0.096828,0.035513,-0.035846,0.096828,-0.899509,-0.432358,-0.742626,-1.190844,-0.789091,-0.385665,-0.658080,-1.093945,0.030445,0.057163,0.070298,0.051099,0.020438,0.034068,0.040908,0.035780,6.881138,-139.116776,22.211355,35.100586,True,velocity,0.444530,0.450506,-0.011952,0.000000,5.494936,False,0.143379,0.137696,0.050097,0.050250,-2.723705,-2.725147,0.001441,2.740186,2.749161,-0.008975,167.000000
1.9248940870165825,0.013508,1.305287,-1.684026,1.335901,-0.041168,-0.099082,0.004278,0.016358,1.291624,1.757253,1.264316,0.014649,-0.015925,0.000690,-0.054827,0.766829,0.112534,-0.629526,0.362277,-0.259040,0.603949,0.162973,-0.609159,-0.014630,0.775984,-0.404487,-0.287395,0.600612,-0.054829,0.766829,0.112536,-0.629526,0.362276,-0.259039,0.604555,0.162975,-0.609159,-0.014631,0.775984,-0.404485,-0.287393,0.601218,0.445506,-0.012470,-0.019733,0.034853,3,True,True,0.009025,-0.007802,0.022491,0.095365,-0.093563,0.181173,0.053670,-0.050310,0.134279,0.053670,-0.050310,0.134279,0.000000,0.085827,-0.085630,0.150725,1.000000,True,0.044405,-0.040698,0.123858,0.044405,-0.040698,0.123858,-0.829901,-0.371803,-0.706523,-1.174944,-0.801281,-0.386022,-0.664508,-1.106677,0.034580,0.070254,0.085986,0.060412,0.026440,0.037643,0.042911,0.041765,6.894252,-139.085938,22.234934,35.115654,True,velocity,0.445506,0.450506,0.000000,0.000000,5.521982,False,0.143176,0.137101,0.050004,0.050225,-2.725118,-2.725147,0.000028,2.742325,2.749161,-0.006837,167.000000
1.964484640979208,0.013884,1.300916,-1.684266,1.336187,-0.044185,-0.105408,0.005037,0.017433,1.287132,1.761493,1.261049,0.017253,-0.013046,0.001460,-0.054827,0.766829,0.112534,-0.629526,0.362277,-0.259040,0.603949,0.161908,-0.608866,-0.015398,0.776422,-0.408654,-0.291742,0.600512,-0.054827,0.766829,0.112534,-0.629526,0.362277,-0.259040,0.603949,0.161908,-0.608866,-0.015398,0.776422,-0.408654,-0.291742,0.600512,0.444351,-0.015167,-0.021939,0.040305,4,True,True,0.009369,-0.008892,0.023466,0.073863,-0.090625,0.192855,0.057342,-0.057640,0.144929,0.057342,-0.057640,0.144929,0.000000,0.064813,-0.082011,0.163538,1.000000,True,0.053670,-0.050310,0.134279,0.053670,-0.050310,0.134279,-0.832005,-0.416715,-0.717522,-1.138004,-0.801281,-0.392222,-0.670371,-1.112553,0.045781,0.083632,0.101419,0.073516,0.030800,0.046726,0.058814,0.051032,6.921875,-139.046036,22.298269,35.162251,True,velocity,0.444351,0.450506,-0.012310,0.000000,5.561253,False,0.143109,0.136757,0.049896,0.050147,-2.726999,-2.725147,-0.001852,2.739552,2.749161,-0.009609,167.000000
1.9919083080021665,0.015503,1.298325,-1.682920,1.337267,-0.045762,-0.110403,0.006713,0.018039,1.281012,1.767096,1.255778,0.014363,-0.016826,-0.001318,-0.054827,0.766829,0.112534,-0.629526,0.362277,-0.259040,0.603949,0.165120,-0.605226,-0.015406,0.778588,-0.412995,-0.296700,0.600513,-0.054827,0.766829,0.112534,-0.629526,0.362277,-0.259040,0.603949,0.165120,-0.605226,-0.015406,0.778588,-0.412995,-0.296700,0.600513,0.444253,-0.016951,-0.024815,0.046691,4,True,True,0.010261,-0.008851,0.025021,0.094604,-0.062915,0.221178,0.064117,-0.058599,0.158792,0.064117,-0.058599,0.158792,0.000000,0.085106,-0.055353,0.191593,1.000000,True,0.057342,-0.057640,0.144929,0.057342,-0.057640,0.144929,-0.884020,-0.452820,-0.743573,-1.161517,-0.807697,-0.134799,-0.676078,0.174770,0.051429,0.090855,0.111124,0.078146,0.034676,0.057213,0.072642,0.055362,6.949219,-138.997345,22.358816,35.203823,True,velocity,0.444253,0.450506,-0.012506,0.000000,5.589201,False,0.143137,0.136223,0.049820,0.050034,-2.728972,-2.725147,-0.003825,2.736221,2.749161,-0.012941,167.000000
2.0238432320184074,0.017689,1.294092,-1.683503,1.336085,-0.048619,-0.116223,0.010588,0.020496,1.277957,1.773651,1.251518,0.021474,-0.013519,-0.006582,-0.054827,0.766829,0.112534,-0.629526,0.362277,-0.259040,0.603949,0.167150,-0.607480,-0.016606,0.776371,-0.417412,-0.301698,0.601139,-0.054830,0.766828,0.112537,-0.629526,0.362275,-0.259038,0.604934,0.167153,-0.607480,-0.016609,0.776371,-0.417409,-0.301696,0.602123,0.445506,-0.019602,-0.027608,0.051598,3,True,True,0.010807,-0.009666,0.024635,0.091013,-0.089759,0.173195,0.069007,-0.064265,0.161411,0.069007,-0.064265,0.161411,0.000000,0.081614,-0.081756,0.147207,1.000000,True,0.064117,-0.058599,0.158792,0.064117,-0.058599,0.158792,-0.811942,-0.405812,-0.708345,-1.126849,-0.813627,-0.398356,-0.694718,-1.118100,0.053949,0.099163,0.119961,0.085127,0.042492,0.077344,0.088838,0.063332,6.988560,-138.923126,22.426479,35.252930,True,velocity,0.445506,0.450506,0.000000,0.000000,5.620978,False,0.142939,0.135799,0.049722,0.049971,-2.730231,-2.725147,-0.005085,2.737246,2.749161,-0.011915,167.000000
2.058471661002841,0.018912,1.289817,-1.683833,1.336066,-0.051619,-0.121982,0.012393,0.023667,1.274935,1.779403,1.249085,0.026016,-0.011945,-0.006446,-0.054827,0.766829,0.112534,-0.629526,0.362277,-0.259040,0.603949,0.166374,-0.608736,-0.015207,0.775583,-0.421321,-0.306820,0.602077,-0.054827,0.766829,0.112534,-0.629526,0.362277,-0.259040,0.603949,0.166374,-0.608736,-0.015208,0.775583,-0.421321,-0.306820,0.602077,0.444254,-0.022138,-0.030012,0.056556,4,True,True,0.010787,-0.010182,0.024213,0.078129,-0.086352,0.171644,0.070666,-0.068280,0.163272,0.070666,-0.068280,0.163272,0.000000,0.069632,-0.078375,0.148750,1.000000,True,0.069007,-0.064265,0.161411,0.069007,-0.064265,0.161411,-0.819369,-0.432217,-0.716750,-1.111457,-0.813957,-0.098123,-0.694642,-1.124629,0.060887,0.106173,0.127892,0.093747,0.049428,0.086900,0.105844,0.077124,7.019113,-138.866623,22.517160,35.322124,True,velocity,0.444254,0.450506,-0.012505,0.000000,5.655311,False,0.142842,0.135545,0.049612,0.049905,-2.731597,-2.725147,-0.006450,2.737786,2.749161,-0.011376,167.000000
2.0898610500153154,0.021268,1.286971,-1.682872,1.335332,-0.053221,-0.126914,0.016487,0.025040,1.270558,1.784501,1.244578,0.028322,-0.011350,-0.013079,-0.054827,0.766829,0.112534,-0.629526,0.362277,-0.259040,0.603949,0.169278,-0.608231,-0.017348,0.775306,-0.424904,-0.312272,0.602656,-0.054829,0.766829,0.112536,-0.629526,0.362275,-0.259038,0.604724,0.169280,-0.608231,-0.017350,0.775306,-0.424902,-0.312270,0.603430,0.445506,-0.024054,-0.033179,0.062501,3,True,True,0.011481,-0.009986,0.024716,0.101592,-0.067957,0.200471,0.076289,-0.068222,0.170035,0.076289,-0.068222,0.170035,0.000000,0.092770,-0.061025,0.178352,1.000000,True,0.070666,-0.068280,0.163272,0.070666,-0.068280,0.163272,-0.844223,-0.456051,-0.731138,-1.118369,-0.464561,-0.404557,-0.694718,-1.124959,0.062646,0.107087,0.132126,0.098155,0.050328,0.095311,0.114407,0.083543,7.054966,-138.807755,22.592634,35.376812,True,velocity,0.445506,0.450506,0.000000,0.000000,5.686724,False,0.142700,0.135088,0.049539,0.049817,-2.733142,-2.725147,-0.007996,2.735727,2.749161,-0.013434,167.000000
2.128767737012822,0.022184,1.283487,-1.682471,1.334309,-0.055380,-0.132081,0.019198,0.026408,1.264987,1.786567,1.243499,0.029474,-0.006673,-0.014701,-0.054827,0.766829,0.112534,-0.629526,0.362277,-0.259040,0.603949,0.167082,-0.607098,-0.019454,0.776619,-0.428144,-0.317204,0.603886,-0.054829,0.766829,0.112536,-0.629526,0.362275,-0.259039,0.604668,0.167084,-0.607098,-0.019456,0.776619,-0.428142,-0.317201,0.604604,0.445506,-0.026207,-0.035610,0.067658,3,True,True,0.011229,-0.010020,0.024205,0.077746,-0.074140,0.174127,0.076554,-0.069298,0.170779,0.076554,-0.069298,0.170779,0.000000,0.070048,-0.067720,0.154703,1.000000,True,0.076289,-0.068222,0.170035,0.076289,-0.068222,0.170035,-0.785501,-0.423287,-0.702479,-1.081812,-0.820200,-0.416532,-0.700428,-1.131158,0.066976,0.115295,0.137826,0.100749,0.057989,0.101544,0.120959,0.088849,7.107003,-138.715958,22.671177,35.434990,True,velocity,0.445506,0.450506,0.000000,0.000000,5.725875,False,0.142523,0.134926,0.049453,0.049711,-2.734599,-2.725147,-0.009453,2.731041,2.749161,-0.018120,167.000000
2.160618159978185,0.023104,1.279658,-1.681869,1.334400,-0.057922,-0.137568,0.020895,0.028670,1.260466,1.790177,1.241865,0.030060,-0.004478,-0.014294,-0.054827,0.766829,0.112534,-0.629526,0.362277,-0.259040,0.603949,0.165020,-0.606137,-0.019496,0.777809,-0.431406,-0.322691,0.604940,-0.054827,0.766829,0.112534,-0.629526,0.362277,-0.259040,0.603949,0.165020,-0.606137,-0.019496,0.777809,-0.431406,-0.322691,0.604940,0.444528,-0.028444,-0.038183,0.073345,4,True,True,0.011093,-0.010120,0.024199,0.080714,-0.076924,0.188717,0.077310,-0.070684,0.174041,0.077310,-0.070684,0.174041,0.000000,0.073789,-0.070816,0.170599,1.000000,True,0.076554,-0.069298,0.170779,0.076554,-0.069298,0.170779,-0.794324,-0.429634,-0.707072,-1.085989,-0.820044,-0.097797,0.507084,-1.124629,0.067791,0.114315,0.138490,0.101891,0.062515,0.108240,0.131178,0.097217,7.147601,-138.646484,22.784040,35.519390,True,velocity,0.444528,0.450506,-0.011956,0.000000,5.757601,False,0.142435,0.134726,0.049348,0.049618,-2.736117,-2.725147,-0.010970,2.728155,2.749161,-0.021006,167.000000
2.189184636983555,0.024806,1.276425,-1.681148,1.334075,-0.059872,-0.142629,0.023845,0.031180,1.257520,1.794781,1.239234,0.033040,-0.003273,-0.017293,-0.054827,0.766829,0.112534,-0.629526,0.362277,-0.259040,0.603949,0.165202,-0.606680,-0.019961,0.777335,-0.434216,-0.328353,0.605884,-0.054829,0.766829,0.112537,-0.629526,0.362275,-0.259038,0.604799,0.165204,-0.606680,-0.019963,0.777334,-0.434213,-0.328351,0.606733,0.445506,-0.030427,-0.041041,0.078988,3,True,True,0.011216,-0.009950,0.024041,0.089012,-0.069562,0.185978,0.079438,-0.070480,0.176211,0.079438,-0.070480,0.176211,0.000000,0.082357,-0.064109,0.169307,1.000000,True,0.077310,-0.070684,0.174041,0.077310,-0.070684,0.174041,-0.802300,-0.432618,-0.710663,-1.092296,-0.820200,-0.417182,-0.700428,-1.124959,0.068650,0.117730,0.141031,0.103590,0.067401,0.113570,0.138424,0.102140,7.188616,-138.577988,22.869699,35.582729,True,velocity,0.445506,0.450506,0.000000,0.000000,5.786354,False,0.142319,0.134452,0.049258,0.049550,-2.737575,-2.725147,-0.012428,2.727212,2.749161,-0.021949,167.000000
2.2254343549720943,0.025289,1.273171,-1.679715,1.334704,-0.061944,-0.147708,0.024841,0.032841,1.252804,1.796738,1.238474,0.030490,-0.001804,-0.015190,-0.054827,0.766829,0.112534,-0.629526,0.362277,-0.259040,0.603949,0.161843,-0.604246,-0.020185,0.779927,-0.436504,-0.334000,0.606885,-0.054827,0.766829,0.112534,-0.629526,0.362277,-0.259040,0.603949,0.161843,-0.604246,-0.020185,0.779927,-0.436504,-0.334000,0.606885,0.444287,-0.032294,-0.043599,0.085184,4,True,True,0.010963,-0.009669,0.024363,0.079050,-0.065296,0.202242,0.079367,-0.069538,0.180944,0.079367,-0.069538,0.180944,0.000000,0.073196,-0.060556,0.185884,1.000000,True,0.079438,-0.070480,0.176211,0.079438,-0.070480,0.176211,-0.779429,-0.420322,-0.699600,-1.077633,-0.820200,-0.416892,-0.700428,-1.124629,0.069506,0.119822,0.142979,0.104405,0.068902,0.117541,0.143353,0.104824,7.228516,-138.481857,22.956753,35.646763,True,velocity,0.444287,0.450506,-0.012439,0.000000,5.822508,False,0.142284,0.134330,0.049161,0.049455,-2.739274,-2.725147,-0.014127,2.722246,2.749161,-0.026915,167.000000
2.257986737997271,0.026841,1.270143,-1.678537,1.335556,-0.063918,-0.152257,0.026552,0.035795,1.250050,1.801719,1.236272,0.030142,-0.003779,-0.015035,-0.054827,0.766829,0.112534,-0.629526,0.362277,-0.259040,0.603949,0.161514,-0.603457,-0.018269,0.780653,-0.439027,-0.339753,0.607948,-0.054827,0.766829,0.112534,-0.629526,0.362277,-0.259040,0.603950,0.161514,-0.603457,-0.018269,0.780653,-0.439027,-0.339753,0.607948,0.444140,-0.033986,-0.046335,0.090865,4,True,True,0.010890,-0.009272,0.024012,0.083945,-0.060087,0.185108,0.080199,-0.067819,0.181701,0.080199,-0.067819,0.181701,0.000000,0.078513,-0.056127,0.170408,1.000000,True,0.079367,-0.069538,0.180944,0.079367,-0.069538,0.180944,-0.772535,-0.406229,-0.694364,-1.083404,-0.820200,-0.416892,0.390296,-1.118430,0.067796,0.119877,0.143198,0.103723,0.067717,0.117577,0.144997,0.105687,7.282366,-138.411407,23.070730,35.726982,True,velocity,0.444140,0.450506,-0.012731,0.000000,5.855305,False,0.142276,0.134103,0.049068,0.049388,-2.740551,-2.725147,-0.015404,2.721894,2.749161,-0.027267,167.000000
2.291462283988949,0.028744,1.267457,-1.677330,1.336271,-0.065631,-0.156268,0.028708,0.039009,1.248878,1.807033,1.233805,0.031208,-0.006244,-0.016001,-0.054827,0.766829,0.112534,-0.629526,0.362277,-0.259040,0.603949,0.162050,-0.603846,-0.016319,0.780285,-0.440965,-0.345340,0.608884,-0.054827,0.766829,0.112534,-0.629526,0.362277,-0.259040,0.603950,0.162050,-0.603846,-0.016320,0.780284,-0.440965,-0.345340,0.608884,0.444164,-0.035460,-0.049056,0.096162,4,True,True,0.010781,-0.008730,0.023253,0.083186,-0.053147,0.171357,0.080742,-0.065152,0.179820,0.080742,-0.065152,0.179820,0.000000,0.078185,-0.050074,0.158928,1.000000,True,0.080199,-0.067819,0.181701,0.080199,-0.067819,0.181701,-0.745898,-0.389210,-0.681330,-1.069937,-0.813627,-0.361708,-0.700503,-1.119083,0.066952,0.119454,0.142994,0.102571,0.067838,0.117806,0.144527,0.105103,7.317523,-138.325058,23.153181,35.786411,True,velocity,0.444164,0.450506,-0.012684,0.000000,5.888779,False,0.142263,0.133870,0.048985,0.049349,-2.741587,-2.725147,-0.016441,2.723096,2.749161,-0.026065,167.000000
2.327170227013994,0.030248,1.265432,-1.675210,1.337684,-0.066791,-0.159976,0.030102,0.040649,1.245446,1.810673,1.231469,0.027074,-0.010457,-0.016068,-0.054827,0.766829,0.112534,-0.629526,0.362277,-0.259040,0.603949,0.162379,-0.600940,-0.014947,0.782484,-0.442763,-0.350864,0.609632,-0.054827,0.766829,0.112534,-0.629526,0.362277,-0.259040,0.603950,0.162379,-0.600940,-0.014947,0.782484,-0.442763,-0.350864,0.609632,0.444076,-0.036563,-0.051820,0.102204,4,True,True,0.010718,-0.007924,0.023301,0.084750,-0.041408,0.193308,0.081471,-0.060835,0.182272,0.081471,-0.060835,0.182272,0.000000,0.080063,-0.039501,0.181255,1.000000,True,0.080742,-0.065152,0.179820,0.080742,-0.065152,0.179820,-0.709982,-0.369608,-0.664413,-1.048576,-0.807697,-0.404489,-0.700579,-1.112878,0.065843,0.119301,0.141296,0.100378,0.065746,0.118098,0.143085,0.103633,7.370675,-138.274689,23.234934,35.842354,True,velocity,0.444076,0.450506,-0.012861,0.000000,5.924234,False,0.142321,0.133628,0.048913,0.049271,-2.742970,-2.725147,-0.017823,2.720502,2.749161,-0.028660,167.000000
2.3594802409643307,0.032452,1.263054,-1.673961,1.338904,-0.068339,-0.163475,0.032032,0.044141,1.245048,1.816975,1.228582,0.027916,-0.015633,-0.017105,-0.054827,0.766829,0.112534,-0.629526,0.362277,-0.259040,0.603949,0.164233,-0.601459,-0.011597,0.781755,-0.444584,-0.356262,0.610487,-0.054827,0.766829,0.112534,-0.629526,0.362277,-0.259040,0.603950,0.164233,-0.601459,-0.011597,0.781755,-0.444584,-0.356262,0.610487,0.444093,-0.037784,-0.054493,0.107196,4,True,True,0.010526,-0.007388,0.022217,0.080993,-0.044620,0.159150,0.081384,-0.057887,0.178068,0.081384,-0.057887,0.178068,0.000000,0.076788,-0.043321,0.149743,1.000000,True,0.081471,-0.060835,0.182272,0.081471,-0.060835,0.182272,-0.651597,-0.329894,-0.636751,-1.025202,-0.789244,-0.380180,-0.701146,-1.100473,0.062836,0.118717,0.139577,0.097012,0.064153,0.116192,0.140244,0.100535,7.403041,-138.168243,23.345144,35.917412,True,velocity,0.444093,0.450506,-0.012827,0.000000,5.956822,False,0.142360,0.133368,0.048835,0.049241,-2.743811,-2.725147,-0.018664,2.723366,2.749161,-0.025795,167.000000
2.3949106479994953,0.034554,1.260883,-1.672501,1.340100,-0.069695,-0.166782,0.033949,0.047637,1.245583,1.822645,1.226060,0.029450,-0.020451,-0.018081,-0.054827,0.766829,0.112534,-0.629526,0.362277,-0.259040,0.603949,0.165629,-0.602615,-0.008622,0.780608,-0.445686,-0.361684,0.611228,-0.054827,0.766829,0.112534,-0.629526,0.362277,-0.259040,0.603950,0.165630,-0.602615,-0.008623,0.780608,-0.445686,-0.361684,0.611228,0.444135,-0.038878,-0.057142,0.112237,4,True,True,0.010319,-0.006835,0.021323,0.079892,-0.040608,0.158727,0.081113,-0.054745,0.174552,0.081113,-0.054745,0.174552,0.000000,0.076141,-0.039882,0.151254,1.000000,True,0.081384,-0.057887,0.178068,0.081384,-0.057887,0.178068,-0.614579,-0.312489,-0.619927,-1.000551,-0.758444,-0.416243,-0.694718,-1.094271,0.061800,0.116707,0.136799,0.094266,0.062164,0.113678,0.134604,0.096404,7.451032,-138.106308,23.441685,35.993443,True,velocity,0.444135,0.450506,-0.012742,0.000000,5.992197,False,0.142400,0.133150,0.048761,0.049230,-2.744672,-2.725147,-0.019525,2.726164,2.749161,-0.022997,167.000000
2.4321542679681443,0.036612,1.259575,-1.670039,1.341621,-0.070266,-0.169571,0.035849,0.049945,1.245595,1.826908,1.223303,0.028249,-0.026315,-0.019944,-0.054827,0.766829,0.112534,-0.629526,0.362277,-0.259040,0.603949,0.167452,-0.602191,-0.006927,0.780563,-0.446010,-0.367181,0.611629,-0.054827,0.766829,0.112534,-0.629526,0.362277,-0.259040,0.603949,0.167452,-0.602191,-0.006927,0.780563,-0.446010,-0.367181,0.611629,0.444285,-0.039510,-0.059953,0.117985,4,True,True,0.010324,-0.005954,0.021252,0.085787,-0.026732,0.179830,0.081963,-0.049652,0.175511,0.081963,-0.049652,0.175511,0.000000,0.082127,-0.027016,0.172432,1.000000,True,0.081113,-0.054745,0.174552,0.081113,-0.054745,0.174552,-0.575374,-0.292502,-0.602052,-0.976567,-0.721869,-0.404557,-0.682505,-1.069459,0.060541,0.114976,0.133987,0.091423,0.058419,0.110600,0.131944,0.094643,7.488560,-138.040039,23.520926,36.047153,True,velocity,0.444285,0.450506,-0.012442,0.000000,6.029009,False,0.142483,0.132903,0.048709,0.049210,-2.745785,-2.725147,-0.020638,2.726486,2.749161,-0.022675,167.000000
2.4661447380203754,0.038798,1.258822,-1.667106,1.343816,-0.070431,-0.171885,0.037348,0.052526,1.246754,1.831685,1.220343,0.026636,-0.034772,-0.021721,-0.054827,0.766829,0.112534,-0.629526,0.362277,-0.259040,0.603949,0.170096,-0.601916,-0.004202,0.780222,-0.445706,-0.372785,0.611868,-0.054827,0.766829,0.112534,-0.629526,0.362277,-0.259040,0.603949,0.170096,-0.601916,-0.004202,0.780222,-0.445706,-0.372785,0.611868,0.444414,-0.039798,-0.062793,0.123930,4,True,True,0.010362,-0.004921,0.021347,0.087483,-0.015909,0.185941,0.082966,-0.043517,0.177408,0.082966,-0.043517,0.177408,0.000000,0.083871,-0.017319,0.178353,1.000000,True,0.081963,-0.049652,0.175511,0.081963,-0.049652,0.175511,-0.495185,-0.246674,-0.566770,-0.938523,-0.691069,-0.367551,-0.670214,-1.051508,0.058109,0.114448,0.132482,0.087640,0.059710,0.109214,0.130781,0.093610,7.521345,-137.952560,23.601702,36.106865,True,velocity,0.444414,0.450506,-0.012183,0.000000,0.003171,False,0.142637,0.132651,0.048668,0.049205,-2.746954,-2.725147,-0.021807,2.727832,2.749161,-0.021329,167.000000
2.4953780630021356,0.040490,1.258591,-1.663502,1.346317,-0.070161,-0.173860,0.038259,0.054476,1.247751,1.834613,1.218447,0.022988,-0.042998,-0.022129,-0.054827,0.766829,0.112534,-0.629526,0.362277,-0.259040,0.603949,0.171223,-0.600631,-0.002044,0.780974,-0.444457,-0.378390,0.612069,-0.054827,0.766829,0.112534,-0.629526,0.362277,-0.259040,0.603949,0.171223,-0.600631,-0.002044,0.780974,-0.444457,-0.378390,0.612069,0.444471,-0.039784,-0.065527,0.130247,4,True,True,0.010295,-0.003798,0.021750,0.084973,-0.005921,0.197803,0.083315,-0.036990,0.180948,0.083315,-0.036990,0.180948,0.000000,0.081581,-0.008468,0.189503,0.954834,True,0.082966,-0.043517,0.177408,0.082966,-0.043517,0.177408,-0.391254,-0.190237,-0.523173,-0.890399,-0.654355,-0.349373,-0.651652,-1.033228,0.054971,0.113640,0.129518,0.083086,0.056740,0.109872,0.132863,0.091662,7.564593,-137.885742,23.708567,36.158623,True,velocity,0.444471,0.450503,-0.012062,-0.000023,0.006594,False,0.142828,0.132491,0.048639,0.049198,-2.748332,-2.725147,-0.023185,2.726975,2.749161,-0.022186,167.000000
2.5289223300060257,0.041836,1.258612,-1.660054,1.348726,-0.069572,-0.176040,0.038943,0.057404,1.250918,1.837435,1.217613,0.022543,-0.050363,-0.022017,-0.054827,0.766829,0.112534,-0.629526,0.362277,-0.259040,0.603949,0.171203,-0.601637,0.000428,0.780206,-0.442152,-0.384250,0.612371,-0.054830,0.766828,0.112537,-0.629526,0.362274,-0.259038,0.604921,0.171206,-0.601637,0.000426,0.780206,-0.442149,-0.384247,0.613342,0.445459,-0.039732,-0.068154,0.136599,3,True,True,0.010118,-0.002859,0.022070,0.081492,-0.004164,0.199253,0.083001,-0.030848,0.184370,0.083001,-0.030848,0.184370,0.000000,0.078469,-0.007465,0.190559,0.987305,True,0.083315,-0.036990,0.180948,0.083315,-0.036990,0.180948,-0.274921,-0.129220,-0.478389,-0.844431,-0.599445,-0.306223,-0.627226,-1.001890,0.051754,0.113238,0.127081,0.078063,0.056353,0.110778,0.133715,0.091188,7.589704,-137.821701,23.784180,36.226841,True,velocity,0.445459,0.450459,0.000000,-0.000347,0.025898,False,0.143011,0.132448,0.048612,0.049235,-2.750096,-2.725147,-0.024949,2.727597,2.749161,-0.021565,167.000000
2.557615361001808,0.043141,1.259446,-1.655733,1.350865,-0.068190,-0.177578,0.040111,0.060171,1.254568,1.838560,1.217686,0.021458,-0.056585,-0.022602,-0.054827,0.766829,0.112534,-0.629526,0.362277,-0.259040,0.603949,0.170198,-0.602561,0.001528,0.779712,-0.438536,-0.390380,0.612853,-0.054829,0.766829,0.112536,-0.629526,0.362275,-0.259039,0.604550,0.170199,-0.602561,0.001527,0.779711,-0.438534,-0.390378,0.613453,0.445341,-0.039244,-0.070855,0.143328,3,True,True,0.010080,-0.001717,0.022654,0.085094,0.009067,0.211371,0.083291,-0.025222,0.188169,0.083291,-0.025222,0.188169,0.000000,0.082195,0.004774,0.201867,0.768311,True,0.083001,-0.030848,0.184370,0.083001,-0.030848,0.184370,-0.158601,-0.072134,-0.437148,-0.802285,-0.537839,-0.269863,-0.596459,-0.971520,0.048598,0.112122,0.124360,0.073099,0.048725,0.109178,0.131941,0.087358,7.611468,-137.758224,23.857700,36.265766,True,velocity,0.445341,0.450341,0.000000,-0.001184,0.023141,False,0.143187,0.132490,0.048612,0.049286,-2.751971,-2.725147,-0.026824,2.726600,2.749161,-0.022562,167.000000
2.591803607996553,0.045226,1.261615,-1.650194,1.353543,-0.065613,-0.178039,0.041858,0.063188,1.258846,1.840483,1.216940,0.018755,-0.066608,-0.025670,-0.054827,0.766829,0.112534,-0.629526,0.362277,-0.259040,0.603949,0.171529,-0.602881,0.003129,0.779168,-0.434095,-0.396996,0.613407,-0.054827,0.766829,0.112534,-0.629526,0.362277,-0.259040,0.603950,0.171529,-0.602881,0.003129,0.779168,-0.434095,-0.396996,0.613407,0.445325,-0.038002,-0.073904,0.150690,3,True,True,0.010479,-0.000076,0.023744,0.098875,0.031376,0.232101,0.084669,-0.019725,0.192459,0.084669,-0.019725,0.192459,0.000000,0.095439,0.025374,0.220875,0.480713,True,0.083291,-0.025222,0.188169,0.083291,-0.025222,0.188169,-0.042305,-0.018836,-0.396563,-0.754988,-0.433762,-0.232513,-0.566162,-0.941143,0.046849,0.112368,0.122919,0.069148,0.045361,0.105327,0.128370,0.080483,7.636719,-137.684006,23.929688,36.310268,True,velocity,0.445325,0.450153,0.000000,-0.002290,0.024914,False,0.143438,0.132458,0.048646,0.049330,-2.753915,-2.725147,-0.028768,2.726240,2.749161,-0.022921,167.000000
2.6215970229823142,0.047700,1.264942,-1.644631,1.356076,-0.061963,-0.177652,0.044074,0.067431,1.265213,1.842969,1.216769,0.018344,-0.077806,-0.030184,-0.054827,0.766829,0.112534,-0.629526,0.362277,-0.259040,0.603949,0.173653,-0.605032,0.005515,0.777014,-0.428593,-0.403563,0.614354,-0.054828,0.766829,0.112535,-0.629526,0.362276,-0.259039,0.604413,0.173654,-0.605032,0.005514,0.777014,-0.428591,-0.403561,0.614817,0.446648,-0.036242,-0.076813,0.157514,2,True,True,0.010778,0.001891,0.024153,0.097308,0.048927,0.216207,0.085967,-0.013788,0.195471,0.085967,-0.013788,0.195471,0.000000,0.093524,0.040744,0.204720,0.371338,True,0.084669,-0.019725,0.192459,0.084669,-0.019725,0.192459,0.073994,0.032795,-0.353394,-0.694845,-0.347778,-0.410400,-0.535216,-0.904267,0.047528,0.113060,0.124431,0.066153,0.039301,0.101621,0.123664,0.073769,7.656808,-137.621506,23.998465,36.347515,True,velocity,0.446648,0.449859,0.000000,-0.004015,0.005069,False,0.143701,0.132491,0.048709,0.049404,-2.755780,-2.725147,-0.030634,2.728586,2.749161,-0.020576,167.000000
2.6542745159822516,0.049303,1.269103,-1.638256,1.358011,-0.057555,-0.176495,0.046110,0.070502,1.271086,1.841220,1.218988,0.015687,-0.085320,-0.033279,-0.054827,0.766829,0.112534,-0.629526,0.362277,-0.259040,0.603949,0.172299,-0.606038,0.005465,0.776531,-0.421447,-0.409689,0.615529,-0.054827,0.766829,0.112534,-0.629526,0.362277,-0.259040,0.603949,0.172299,-0.606038,0.005465,0.776531,-0.421447,-0.409688,0.615529,0.447132,-0.034052,-0.079342,0.164300,2,True,True,0.010737,0.004115,0.024422,0.087904,0.065194,0.215013,0.086755,-0.007429,0.197885,0.086755,-0.007429,0.197885,0.000000,0.084305,0.054474,0.203557,0.312500,True,0.085967,-0.013788,0.195471,0.085967,-0.013788,0.195471,0.190279,0.085011,-0.306578,-0.621050,-0.256119,-0.159483,-0.504359,-0.861524,0.048213,0.111481,0.122589,0.062979,0.036415,0.100028,0.120610,0.070087,7.680804,-137.562775,24.069336,36.404438,True,velocity,0.447132,0.449809,0.000000,-0.003409,0.003513,False,0.143931,0.132738,0.048802,0.049488,-2.757965,-2.725147,-0.032819,2.726322,2.749161,-0.022839,167.000000
2.683039954979904,0.050069,1.274098,-1.631598,1.359147,-0.052291,-0.175044,0.048159,0.071809,1.275266,1.834515,1.222886,0.010802,-0.087734,-0.035333,-0.054827,0.766829,0.112534,-0.629526,0.362277,-0.259040,0.603949,0.167396,-0.605378,0.001877,0.778134,-0.413089,-0.415200,0.616748,-0.054816,0.766827,0.112521,-0.629532,0.362270,-0.259048,0.603976,0.167380,-0.605389,0.001896,0.778129,-0.413123,-0.415206,0.616764,0.448203,-0.031581,-0.081531,0.171002,1,True,True,0.010400,0.006435,0.024528,0.078735,0.077119,0.212186,0.087007,-0.000614,0.199831,0.087007,-0.000614,0.199831,0.000000,0.075767,0.063754,0.201065,0.280273,True,0.086755,-0.007429,0.197885,0.086755,-0.007429,0.197885,0.306540,0.138740,-0.257223,-0.537665,-0.157846,-0.098128,-0.467817,-0.812204,0.048181,0.117254,0.121237,0.058865,0.034672,0.099891,0.118606,0.069581,7.695731,-137.502518,24.139509,36.429131,True,velocity,0.448203,0.449806,0.000000,-0.002668,0.001915,False,0.144104,0.133132,0.048919,0.049572,-2.757636,-2.725147,-0.032490,2.726462,2.749161,-0.022700,167.000000
2.715407858020626,0.050006,1.279238,-1.625069,1.360929,-0.047148,-0.173280,0.048494,0.073844,1.280203,1.827318,1.228774,0.005279,-0.091035,-0.033098,-0.054827,0.766829,0.112534,-0.629526,0.362277,-0.259040,0.603949,0.160139,-0.604818,0.000701,0.780097,-0.404205,-0.420191,0.618349,-0.054813,0.766829,0.112521,-0.629530,0.362276,-0.259048,0.603969,0.160121,-0.604846,0.000723,0.780078,-0.404241,-0.420203,0.618358,0.448857,-0.028987,-0.083107,0.177112,1,True,True,0.009496,0.008729,0.023977,0.060103,0.085610,0.192812,0.086272,0.006641,0.200579,0.086272,0.006641,0.200579,0.000000,0.058596,0.069689,0.183301,0.265869,True,0.087007,-0.000614,0.199831,0.087007,-0.000614,0.199831,0.422843,0.194769,-0.204521,-0.441933,-0.059592,-0.037096,-0.413180,-0.757065,0.050662,0.118499,0.120552,0.055441,0.034649,0.101732,0.118340,0.066327,7.724888,-137.439178,24.230886,36.475586,True,velocity,0.448857,0.449806,0.000000,-0.002022,0.004024,False,0.144338,0.133712,0.049033,0.049663,-2.760245,-2.725147,-0.035098,2.718551,2.749161,-0.030610,167.000000
2.7492706420016475,0.051018,1.283332,-1.619524,1.361109,-0.042633,-0.172082,0.051190,0.077550,1.289234,1.822524,1.232877,0.008437,-0.090320,-0.036176,-0.054827,0.766829,0.112534,-0.629526,0.362277,-0.259040,0.603949,0.155111,-0.609809,-0.002817,0.777217,-0.395093,-0.425474,0.619654,-0.054821,0.766827,0.112524,-0.629531,0.362271,-0.259044,0.603968,0.155102,-0.609808,-0.002832,0.777219,-0.395117,-0.425481,0.619617,0.449961,-0.026949,-0.085087,0.182734,1,True,True,0.008956,0.010161,0.022913,0.069034,0.068063,0.175626,0.085098,0.013344,0.199940,0.085098,0.013344,0.199940,0.000000,0.068388,0.050929,0.168660,0.224609,True,0.086272,0.006641,0.200579,0.086272,0.006641,0.200579,0.539124,0.253714,-0.147867,-0.331010,0.044279,-0.018588,0.942202,-0.670887,0.052590,0.119130,0.117841,0.051711,0.035346,0.104478,0.118274,0.062673,7.744977,-137.373749,24.300642,36.514648,True,velocity,0.449961,0.449806,0.000000,-0.001512,0.021784,False,0.144412,0.134170,0.049133,0.049841,-2.762822,-2.725147,-0.037675,2.711331,2.749161,-0.037830,167.000000
2.7821143390028737,0.051546,1.288090,-1.613366,1.361801,-0.037637,-0.170400,0.052969,0.080726,1.296335,1.816255,1.238260,0.007495,-0.091018,-0.036675,-0.054827,0.766829,0.112534,-0.629526,0.362277,-0.259040,0.603949,0.148503,-0.612204,-0.005313,0.776611,-0.385779,-0.430560,0.621376,-0.054817,0.766828,0.112522,-0.629530,0.362273,-0.259046,0.603969,0.148495,-0.612217,-0.005307,0.776602,-0.385810,-0.430577,0.621358,0.450923,-0.024536,-0.086841,0.188548,1,True,True,0.008313,0.011763,0.022063,0.063553,0.081233,0.179405,0.083645,0.019440,0.198913,0.083645,0.019440,0.198913,0.000000,0.063869,0.062648,0.174423,0.185303,True,0.085098,0.013344,0.199940,0.085098,0.013344,0.199940,0.637283,0.307635,-0.093345,-0.214776,0.191862,-0.416892,1.126019,-0.597113,0.056155,0.118861,0.118839,0.047361,0.036691,0.109121,0.118451,0.060943,7.769113,-137.284454,24.369839,36.543388,True,velocity,0.450923,0.449806,0.000000,-0.001137,0.022796,False,0.144544,0.134723,0.049244,0.049974,-2.764935,-2.725147,-0.039788,2.709237,2.749161,-0.039924,167.000000
2.8160849940031767,0.052027,1.291178,-1.608547,1.362426,-0.034086,-0.170103,0.054488,0.085195,1.304707,1.812145,1.243262,0.011166,-0.090087,-0.036325,-0.054827,0.766829,0.112534,-0.629526,0.362277,-0.259040,0.603949,0.141711,-0.617282,-0.006948,0.773843,-0.377429,-0.435796,0.623095,-0.054821,0.766828,0.112528,-0.629529,0.362274,-0.259043,0.603858,0.141710,-0.617289,-0.006959,0.773837,-0.377441,-0.435810,0.622952,0.451473,-0.022982,-0.088617,0.194064,1,True,True,0.007616,0.012303,0.020948,0.059219,0.055203,0.168080,0.081699,0.025008,0.197156,0.081699,0.025008,0.197156,0.000000,0.060525,0.036751,0.165487,0.188965,True,0.083645,0.019440,0.198913,0.083645,0.019440,0.198913,0.721162,0.356970,-0.041923,-0.098561,0.295854,-0.416892,-0.265460,-0.511588,0.059396,0.100605,0.116730,0.045218,0.037204,0.110349,0.117374,0.054539,7.799526,-137.224335,24.461216,36.582031,True,velocity,0.451473,0.449806,0.000000,-0.000849,0.024987,False,0.144634,0.135252,0.049310,0.050129,-2.767237,-2.725147,-0.042090,2.704557,2.749161,-0.044605,167.000000
2.8524964509997517,0.053301,1.294019,-1.604142,1.363119,-0.030733,-0.169764,0.056591,0.089882,1.312306,1.810320,1.246784,0.015025,-0.091337,-0.037645,-0.054827,0.766829,0.112534,-0.629526,0.362277,-0.259040,0.603949,0.137546,-0.622127,-0.007555,0.770702,-0.370322,-0.440980,0.624848,-0.054821,0.766827,0.112528,-0.629530,0.362274,-0.259044,0.603088,0.137545,-0.622132,-0.007575,0.770699,-0.370318,-0.440979,0.623939,0.451473,-0.021498,-0.090568,0.199246,1,True,True,0.007153,0.012549,0.019558,0.063666,0.051262,0.155442,0.079591,0.030079,0.194288,0.079591,0.030079,0.194288,0.000000,0.065554,0.033358,0.155442,0.208496,True,0.081699,0.025008,0.197156,0.081699,0.025008,0.197156,0.795431,0.403285,0.007428,0.017761,0.424816,0.178095,-0.216614,-0.395378,0.063188,0.092112,0.112339,0.044136,0.036558,0.106472,0.114064,0.049130,7.814453,-137.175369,24.519670,36.602959,True,velocity,0.451473,0.449806,0.000000,-0.000621,0.013891,False,0.144728,0.135632,0.049370,0.050252,-2.769439,-2.725147,-0.044292,2.703030,2.749161,-0.046131,167.000000
2.8924675959860906,0.054691,1.296022,-1.599632,1.363667,-0.028173,-0.169442,0.058880,0.093663,1.318839,1.808935,1.249567,0.017880,-0.091661,-0.039835,-0.054827,0.766829,0.112534,-0.629526,0.362277,-0.259040,0.603949,0.134078,-0.626099,-0.009086,0.768076,-0.364027,-0.445861,0.626252,-0.054827,0.766829,0.112534,-0.629526,0.362277,-0.259040,0.603949,0.134078,-0.626099,-0.009086,0.768076,-0.364027,-0.445861,0.626252,0.453077,-0.020254,-0.092595,0.204402,2,True,True,0.006797,0.012364,0.018238,0.064399,0.042151,0.154697,0.077165,0.034755,0.190093,0.077165,0.034755,0.190093,0.000000,0.066659,0.025404,0.154697,0.260498,True,0.079591,0.030079,0.194288,0.079591,0.030079,0.194288,0.858128,0.446236,0.055696,0.134045,0.528717,0.239473,-0.154913,-0.272880,0.066801,0.101337,0.110302,0.043147,0.033588,0.096479,0.105901,0.039045,7.850865,-137.073807,24.593472,36.624302,True,velocity,0.453077,0.449806,0.000000,-0.000447,0.020831,False,0.144800,0.135936,0.049416,0.050358,-2.773306,-2.725147,-0.048160,2.702606,2.749161,-0.046556,167.000000
2.9273729869746603,0.055777,1.297425,-1.595369,1.363296,-0.025977,-0.169694,0.061810,0.095952,1.322719,1.805509,1.252273,0.019537,-0.087971,-0.043163,-0.054827,0.766829,0.112534,-0.629526,0.362277,-0.259040,0.603949,0.129522,-0.628453,-0.013479,0.766870,-0.358423,-0.450502,0.627568,-0.054825,0.766830,0.112532,-0.629525,0.362279,-0.259042,0.603199,0.129520,-0.628453,-0.013477,0.766870,-0.358425,-0.450504,0.626819,0.453139,-0.019355,-0.094685,0.209684,2,True,True,0.006519,0.011661,0.017184,0.064240,0.029325,0.158455,0.073842,0.038864,0.183642,0.073842,0.038864,0.183642,0.000000,0.066705,0.014467,0.158455,0.416260,True,0.077165,0.034755,0.190093,0.077165,0.034755,0.190093,0.912912,0.487474,0.104372,0.250344,0.602528,0.294007,-0.100146,-0.156199,0.069263,0.111621,0.107508,0.041749,0.034835,0.097971,0.099054,0.038321,7.877651,-137.009491,24.676897,36.668945,True,velocity,0.453139,0.449806,0.000000,-0.000329,0.006136,False,0.144778,0.136223,0.049456,0.050441,-2.774695,-2.725147,-0.049548,2.698633,2.749161,-0.050529,167.000000
2.9570942539721727,0.057749,1.298444,-1.590941,1.363541,-0.024410,-0.168972,0.064778,0.098573,1.326975,1.804474,1.253426,0.020194,-0.086638,-0.047955,-0.054827,0.766829,0.112534,-0.629526,0.362277,-0.259040,0.603949,0.127722,-0.630568,-0.016753,0.765369,-0.353629,-0.454816,0.628640,-0.054827,0.766829,0.112534,-0.629526,0.362277,-0.259040,0.603949,0.127722,-0.630568,-0.016753,0.765369,-0.353629,-0.454816,0.628640,0.454731,-0.018344,-0.096781,0.214260,3,True,True,0.006375,0.010918,0.015638,0.065231,0.030306,0.137280,0.068897,0.041769,0.169087,0.068897,0.041769,0.169087,0.000000,0.067629,0.017344,0.137280,0.919434,True,0.073842,0.038864,0.183642,0.073842,0.038864,0.183642,0.963680,0.528604,0.154553,0.366654,0.657711,0.306992,-0.087795,-0.094836,0.071242,0.115226,0.103222,0.040882,0.040309,0.104391,0.098936,0.040599,7.908343,-136.941406,24.716518,36.685547,True,velocity,0.454731,0.449806,0.000000,-0.000253,0.006289,False,0.144818,0.136363,0.049492,0.050513,-2.775210,-2.725147,-0.050063,2.697261,2.749161,-0.051901,167.000000
2.9950644269702025,0.059222,1.300058,-1.585833,1.363569,-0.022266,-0.167955,0.067606,0.099227,1.328550,1.800603,1.254827,0.016313,-0.083985,-0.053114,-0.054827,0.766829,0.112534,-0.629526,0.362277,-0.259040,0.603949,0.124975,-0.629511,-0.022100,0.766556,-0.348683,-0.458707,0.629473,-0.054825,0.766830,0.112532,-0.629525,0.362279,-0.259042,0.603145,0.124973,-0.629512,-0.022098,0.766556,-0.348685,-0.458709,0.628671,0.454806,-0.017044,-0.098787,0.219238,3,True,True,0.006360,0.010369,0.014980,0.064808,0.037423,0.149350,0.067799,0.041187,0.164455,0.067799,0.041187,0.164455,0.000000,0.066830,0.025983,0.149350,1.000000,True,0.068897,0.041769,0.169087,0.068897,0.041769,0.169087,0.999624,0.569248,0.212389,0.482971,0.743052,0.380355,-0.014656,0.033556,0.071477,0.113860,0.097323,0.040836,0.050187,0.111663,0.103254,0.038246,7.953404,-136.852951,24.818777,36.698383,True,velocity,0.454806,0.449806,0.000000,-0.000184,0.010651,False,0.144849,0.136510,0.049545,0.050551,-2.775722,-2.725147,-0.050575,2.691343,2.749161,-0.057818,167.000000
3.0295248379698023,0.059974,1.299125,-1.582497,1.363129,-0.022754,-0.167750,0.069656,0.101523,1.331323,1.796835,1.258254,0.016670,-0.074234,-0.055106,-0.054827,0.766829,0.112534,-0.629526,0.362277,-0.259040,0.603949,0.118301,-0.631137,-0.027515,0.766103,-0.344611,-0.462028,0.630835,-0.054827,0.766829,0.112534,-0.629526,0.362277,-0.259040,0.603949,0.118301,-0.631137,-0.027515,0.766103,-0.344611,-0.462028,0.630835,0.456045,-0.016915,-0.100194,0.222484,4,True,True,0.005552,0.008807,0.012744,0.039193,0.003600,0.097368,0.062598,0.034353,0.152257,0.062598,0.034353,0.152257,0.000000,0.042087,-0.004995,0.097368,1.000000,True,0.067799,0.041187,0.164455,0.067799,0.041187,0.164455,0.994702,0.569672,0.216298,0.485887,0.792461,0.416711,0.028903,0.119482,0.071646,0.112386,0.096324,0.042066,0.052495,0.111008,0.103123,0.033291,7.973354,-136.793106,24.855608,36.713448,True,velocity,0.456045,0.449806,0.012485,-0.000136,0.015195,False,0.144803,0.136866,0.049547,0.050633,-2.774998,-2.725147,-0.049851,2.687911,2.749161,-0.061251,167.000000
3.0617142419796437,0.061780,1.298716,-1.579536,1.362694,-0.022831,-0.166636,0.072502,0.104972,1.335265,1.795858,1.260570,0.018621,-0.068003,-0.059889,-0.054827,0.766829,0.112534,-0.629526,0.362277,-0.259040,0.603949,0.115134,-0.633919,-0.031208,0.764145,-0.341035,-0.465181,0.632440,-0.054826,0.766830,0.112533,-0.629526,0.362278,-0.259041,0.603661,0.115133,-0.633919,-0.031208,0.764145,-0.341035,-0.465182,0.632153,0.456473,-0.016481,-0.101596,0.224750,4,True,True,0.004967,0.007769,0.009935,0.043861,0.003742,0.067991,0.059191,0.028787,0.136936,0.059191,0.028787,0.136936,0.000000,0.043861,0.003742,0.067991,1.000000,True,0.062598,0.034353,0.152257,0.062598,0.034353,0.152257,0.965012,0.539716,0.175624,0.404124,0.834823,-0.202311,0.071477,0.211326,0.063932,0.102267,0.089377,0.039191,0.056234,0.106772,0.098074,0.023386,8.019392,-136.710938,24.925781,36.732841,True,velocity,0.456473,0.449806,0.013338,-0.000103,0.030782,False,0.144775,0.137118,0.049565,0.050712,-2.773765,-2.725147,-0.048618,2.688659,2.749161,-0.060502,167.000000
3.0990901030017994,0.063103,1.298606,-1.576326,1.362286,-0.022635,-0.165561,0.074923,0.107549,1.338164,1.793320,1.263250,0.018691,-0.060982,-0.064428,-0.054827,0.766829,0.112534,-0.629526,0.362277,-0.259040,0.603949,0.111107,-0.635346,-0.035844,0.763352,-0.337230,-0.468094,0.633894,-0.054825,0.766830,0.112531,-0.629525,0.362280,-0.259042,0.603023,0.111105,-0.635346,-0.035842,0.763352,-0.337232,-0.468097,0.632970,0.456473,-0.015946,-0.102883,0.227267,4,True,True,0.004397,0.007037,0.007887,0.041175,0.007254,0.075497,0.055915,0.024872,0.125765,0.055915,0.024872,0.125765,0.000000,0.041175,0.007254,0.075497,1.000000,True,0.059191,0.028787,0.136936,0.059191,0.028787,0.136936,0.903291,0.504733,0.144641,0.322798,0.853433,0.471895,0.090118,0.254411,0.057941,0.093813,0.083217,0.037764,0.053656,0.101273,0.091239,0.025547,8.060547,-136.658615,24.993025,36.753628,True,velocity,0.456473,0.449806,0.013337,-0.000075,0.004719,False,0.144751,0.137396,0.049588,0.050776,-2.772834,-2.725147,-0.047688,2.687041,2.749161,-0.062120,167.000000
3.136664295976516,0.064473,1.297878,-1.572725,1.362050,-0.023107,-0.164329,0.077238,0.109872,1.339859,1.790436,1.265642,0.016189,-0.051958,-0.069683,-0.054827,0.766829,0.112534,-0.629526,0.362277,-0.259040,0.603949,0.106674,-0.635264,-0.041640,0.763758,-0.333824,-0.471085,0.635270,-0.054827,0.766829,0.112534,-0.629526,0.362277,-0.259040,0.603949,0.106674,-0.635264,-0.041640,0.763758,-0.333824,-0.471085,0.635270,0.457972,-0.015528,-0.104240,0.229906,5,True,True,0.003976,0.006304,0.006334,0.042491,0.003205,0.079179,0.053475,0.020933,0.117295,0.053475,0.020933,0.117295,0.000000,0.042491,0.003205,0.079179,1.000000,True,0.055915,0.024872,0.125765,0.055915,0.024872,0.125765,0.862012,0.480381,0.121855,0.267520,0.853419,0.472163,0.096545,0.260939,0.053055,0.087157,0.077848,0.035808,0.052695,0.092895,0.084920,0.025373,8.095145,-136.600021,25.036692,36.768276,True,velocity,0.457972,0.449812,0.016320,-0.000011,0.010445,False,0.144737,0.137638,0.049601,0.050824,-2.771342,-2.725147,-0.046195,2.684281,2.749161,-0.064881,167.000000
3.169708140019793,0.066134,1.296798,-1.569714,1.360786,-0.023689,-0.163404,0.080803,0.112659,1.342810,1.787899,1.267488,0.017462,-0.040184,-0.078446,-0.054827,0.766829,0.112534,-0.629526,0.362277,-0.259040,0.603949,0.103062,-0.637055,-0.049564,0.762287,-0.330326,-0.474105,0.636582,-0.054826,0.766830,0.112532,-0.629525,0.362279,-0.259042,0.603353,0.103061,-0.637055,-0.049563,0.762288,-0.330327,-0.474107,0.635988,0.458199,-0.015360,-0.105736,0.232230,5,True,True,0.003710,0.005424,0.004748,0.044850,-0.005213,0.069706,0.051906,0.016179,0.108643,0.051906,0.016179,0.108643,0.000000,0.044850,-0.005213,0.069706,1.000000,True,0.053475,0.020933,0.117295,0.053475,0.020933,0.117295,0.811060,0.448208,0.089172,0.193294,0.852791,-0.190000,1.549263,0.260286,0.048648,0.081438,0.073706,0.034093,0.048216,0.085079,0.077114,0.028329,8.120117,-136.552460,25.087193,36.794922,True,velocity,0.458199,0.449866,0.016647,0.000397,0.027575,False,0.144627,0.137836,0.049615,0.050894,-2.769767,-2.725147,-0.044621,2.682898,2.749161,-0.066264,167.000000
3.2010634359903634,0.067565,1.295464,-1.566057,1.359973,-0.024630,-0.162295,0.083789,0.115277,1.344355,1.784425,1.269718,0.014776,-0.026702,-0.086861,-0.054827,0.766829,0.112534,-0.629526,0.362277,-0.259040,0.603949,0.098160,-0.636638,-0.058230,0.762670,-0.326852,-0.477295,0.637989,-0.054827,0.766829,0.112534,-0.629526,0.362277,-0.259040,0.603949,0.098160,-0.636638,-0.058230,0.762670,-0.326852,-0.477295,0.637989,0.459471,-0.015159,-0.107236,0.234930,6,True,True,0.003504,0.004730,0.003827,0.045195,-0.004431,0.081009,0.050686,0.012432,0.103618,0.050686,0.012432,0.103618,0.000000,0.045195,-0.004431,0.081009,1.000000,True,0.051906,0.016179,0.108643,0.051906,0.016179,0.108643,0.722713,0.396780,0.040762,0.085629,0.841227,0.472544,0.095903,0.254224,0.044238,0.076250,0.070127,0.033082,0.045954,0.076218,0.069924,0.028928,8.143694,-136.499435,25.125418,36.810825,True,velocity,0.459471,0.449962,0.018967,0.001036,0.026388,False,0.144555,0.138053,0.049623,0.050937,-2.767904,-2.725147,-0.042758,2.679612,2.749161,-0.069549,167.000000
3.2352691639680415,0.069627,1.295311,-1.561747,1.361942,-0.024745,-0.160617,0.084749,0.118627,1.345270,1.785013,1.270574,0.007606,-0.024032,-0.092443,-0.054827,0.766829,0.112534,-0.629526,0.362277,-0.259040,0.603949,0.096899,-0.634537,-0.060584,0.764397,-0.324196,-0.480943,0.639334,-0.054827,0.766829,0.112534,-0.629526,0.362277,-0.259040,0.603949,0.096899,-0.634537,-0.060584,0.764397,-0.324196,-0.480943,0.639334,0.459767,-0.014248,-0.108814,0.238212,6,True,True,0.003576,0.004829,0.003655,0.052387,0.015589,0.098474,0.050996,0.013006,0.102683,0.050996,0.013006,0.102683,0.000000,0.052387,0.015589,0.098474,1.000000,True,0.050686,0.012432,0.103618,0.050686,0.012432,0.103618,0.649696,0.352491,-0.003829,-0.007908,0.822608,0.460209,0.089961,0.217664,0.040913,0.072616,0.068002,0.032234,0.036987,0.070771,0.062007,0.028809,8.163783,-136.467499,25.164202,36.822124,True,velocity,0.459767,0.450078,0.019296,0.001629,0.029492,False,0.144745,0.138138,0.049631,0.050947,-2.766540,-2.725147,-0.041394,2.679236,2.749161,-0.069926,167.000000
3.2682918409700505,0.072363,1.293563,-1.558909,1.363024,-0.025948,-0.160364,0.087189,0.123427,1.349319,1.788598,1.269711,0.009559,-0.018921,-0.101116,-0.054827,0.766829,0.112534,-0.629526,0.362277,-0.259040,0.603949,0.097320,-0.637403,-0.064202,0.761659,-0.322052,-0.485107,0.640341,-0.054827,0.766829,0.112534,-0.629526,0.362277,-0.259040,0.603949,0.097320,-0.637403,-0.064202,0.761659,-0.322052,-0.485107,0.640341,0.460183,-0.014206,-0.110834,0.241284,6,True,True,0.003864,0.003954,0.003305,0.059189,-0.013057,0.092160,0.052347,0.008708,0.100948,0.052347,0.008708,0.100948,0.000000,0.059189,-0.013057,0.092160,0.906982,True,0.050996,0.013006,0.102683,0.050996,0.013006,0.102683,0.651652,0.357682,0.006238,0.012732,0.791819,0.447224,0.071323,0.162823,0.041770,0.072784,0.068278,0.033101,0.032921,0.063643,0.056232,0.021057,8.184710,-136.430099,25.192801,36.832172,True,velocity,0.460183,0.450406,0.019369,0.003711,0.013065,False,0.144824,0.138086,0.049606,0.051003,-2.765118,-2.725147,-0.039972,2.683724,2.749161,-0.065437,167.000000
3.3021926999790594,0.074117,1.291952,-1.556149,1.364924,-0.027208,-0.160430,0.087859,0.127541,1.350694,1.790583,1.270621,0.007561,-0.014890,-0.104729,-0.054827,0.766829,0.112534,-0.629526,0.362277,-0.259040,0.603949,0.095145,-0.637750,-0.065655,0.761520,-0.320405,-0.488954,0.641705,-0.054827,0.766829,0.112534,-0.629526,0.362277,-0.259040,0.603949,0.095145,-0.637750,-0.065656,0.761520,-0.320405,-0.488954,0.641705,0.460170,-0.014177,-0.112445,0.244420,6,True,True,0.003703,0.003299,0.003076,0.047152,-0.010730,0.094071,0.051515,0.004813,0.099552,0.051515,0.004813,0.099552,0.000000,0.047152,-0.010730,0.094071,1.000000,True,0.052347,0.008708,0.100948,0.052347,0.008708,0.100948,0.539638,0.294379,-0.052583,-0.103599,0.748827,0.429318,0.059264,0.125810,0.040007,0.071972,0.069118,0.034348,0.034854,0.059109,0.051355,0.020750,8.219587,-136.386154,25.219028,36.861187,True,velocity,0.460170,0.450622,0.018878,0.004371,0.014605,False,0.144972,0.138177,0.049571,0.051018,-2.764124,-2.725147,-0.038977,2.685137,2.749161,-0.064024,167.000000
3.3337655140203424,0.077594,1.290247,-1.555323,1.368680,-0.028579,-0.160980,0.088047,0.132289,1.349651,1.789667,1.270357,0.002802,-0.012354,-0.104850,-0.054827,0.766829,0.112534,-0.629526,0.362277,-0.259040,0.603949,0.091872,-0.636048,-0.065891,0.763323,-0.319391,-0.493030,0.643058,-0.054824,0.766831,0.112531,-0.629525,0.362280,-0.259042,0.602951,0.091869,-0.636048,-0.065889,0.763323,-0.319393,-0.493034,0.642063,0.458955,-0.014281,-0.114243,0.246544,5,True,True,0.003716,0.002596,0.001881,0.051587,-0.016076,0.063712,0.051528,0.001203,0.093358,0.051528,0.001203,0.093358,0.000000,0.051587,-0.016076,0.063712,0.950439,True,0.051515,0.004813,0.099552,0.051515,0.004813,0.099552,0.456971,0.243579,-0.107448,-0.210253,0.700703,0.398532,0.040774,0.076645,0.037408,0.070131,0.068081,0.033925,0.036362,0.058791,0.048901,0.029655,8.232561,-136.343750,25.254185,36.888531,True,velocity,0.458955,0.450944,0.015734,0.005782,0.014690,False,0.145273,0.138143,0.049506,0.051007,-2.763423,-2.725147,-0.038277,2.683706,2.749161,-0.065456,167.000000
3.3658385109738447,0.082485,1.288438,-1.554615,1.371376,-0.029650,-0.161442,0.090714,0.137500,1.349937,1.792637,1.267202,0.002116,-0.011992,-0.110626,-0.054827,0.766829,0.112534,-0.629526,0.362277,-0.259040,0.603949,0.093564,-0.636548,-0.066672,0.762632,-0.319142,-0.497685,0.644132,-0.054825,0.766830,0.112532,-0.629525,0.362279,-0.259042,0.603254,0.093562,-0.636548,-0.066670,0.762632,-0.319143,-0.497688,0.643439,0.459617,-0.014384,-0.116699,0.248784,5,True,True,0.004361,0.001847,0.001009,0.070655,-0.021067,0.067193,0.054226,-0.002057,0.089464,0.054226,-0.002057,0.089464,0.000000,0.070655,-0.021067,0.067193,0.775635,True,0.051528,0.001203,0.093358,0.051528,0.001203,0.093358,0.340662,0.185383,-0.150679,-0.279478,0.651288,0.368019,0.016346,0.021804,0.036020,0.067499,0.067222,0.035425,0.034478,0.061810,0.051990,0.034742,8.238700,-136.308319,25.288086,36.897602,True,velocity,0.459617,0.451284,0.016319,0.006952,0.030678,False,0.145482,0.137856,0.049450,0.051013,-2.762565,-2.725147,-0.037418,2.686365,2.749161,-0.062797,167.000000
3.4022218759637326,0.088534,1.287220,-1.553148,1.374401,-0.029884,-0.161619,0.094449,0.141635,1.349636,1.795959,1.260933,-0.000457,-0.014259,-0.120867,-0.054827,0.766829,0.112534,-0.629526,0.362277,-0.259040,0.603949,0.099070,-0.635702,-0.069315,0.762406,-0.318783,-0.502811,0.644210,-0.054825,0.766831,0.112531,-0.629525,0.362280,-0.259042,0.602993,0.099068,-0.635702,-0.069313,0.762407,-0.318785,-0.502814,0.643257,0.460008,-0.014061,-0.119811,0.251979,5,True,True,0.005654,0.001448,0.001222,0.092849,-0.013799,0.095853,0.061886,-0.004963,0.089703,0.061886,-0.004963,0.089703,0.000000,0.092849,-0.013799,0.095853,1.000000,True,0.054226,-0.002057,0.089464,0.054226,-0.002057,0.089464,0.224330,0.127518,-0.185308,-0.321993,-0.464561,0.312835,-0.026226,-0.057846,0.037460,0.068558,0.069616,0.039501,0.028977,0.063564,0.055105,0.032147,8.272461,-136.261017,25.331614,36.917828,True,velocity,0.460008,0.452041,0.015404,0.010620,0.003724,False,0.145727,0.137282,0.049405,0.051015,-2.761987,-2.725147,-0.036841,2.687994,2.749161,-0.061167,167.000000
3.4348698329995386,0.093227,1.285491,-1.551794,1.378882,-0.030774,-0.162866,0.095539,0.144733,1.347509,1.797010,1.256451,-0.006593,-0.015934,-0.123981,-0.054827,0.766829,0.112534,-0.629526,0.362277,-0.259040,0.603949,0.100390,-0.632741,-0.070397,0.764595,-0.318461,-0.507713,0.644120,-0.054826,0.766830,0.112532,-0.629525,0.362279,-0.259041,0.603449,0.100388,-0.632741,-0.070396,0.764595,-0.318462,-0.507714,0.643621,0.460374,-0.014038,-0.122580,0.255803,5,True,True,0.006283,0.000930,0.002056,0.080589,-0.020179,0.114738,0.065287,-0.007730,0.094255,0.065287,-0.007730,0.094255,0.000000,0.080589,-0.020179,0.114738,1.000000,True,0.061886,-0.004963,0.089703,0.061886,-0.004963,0.089703,0.128485,0.077955,-0.203929,-0.329573,0.485745,0.275829,-0.063005,-0.113339,0.044055,0.075861,0.077845,0.048142,0.034467,0.062056,0.055386,0.031189,8.308873,-136.221405,25.373465,36.964424,True,velocity,0.460374,0.452441,0.015317,0.011000,0.004923,False,0.146080,0.136856,0.049326,0.050989,-2.762038,-2.725147,-0.036891,2.685946,2.749161,-0.063215,167.000000
3.478284184006043,0.098226,1.283300,-1.550772,1.381855,-0.031789,-0.164359,0.098426,0.148746,1.349773,1.800558,1.250817,-0.004791,-0.015889,-0.131006,-0.054827,0.766829,0.112534,-0.629526,0.362277,-0.259040,0.603949,0.103583,-0.634603,-0.073328,0.762347,-0.317402,-0.512706,0.643683,-0.054826,0.766830,0.112533,-0.629526,0.362278,-0.259041,0.603570,0.103582,-0.634603,-0.073327,0.762347,-0.317403,-0.512708,0.643305,0.460774,-0.014273,-0.125602,0.259499,5,True,True,0.006973,0.000181,0.002610,0.085885,-0.029836,0.110879,0.069032,-0.011749,0.097278,0.069032,-0.011749,0.097278,0.000000,0.085885,-0.029836,0.110879,1.000000,True,0.065287,-0.007730,0.094255,0.065287,-0.007730,0.094255,0.077317,0.046903,-0.232770,-0.372969,0.387570,0.208605,-0.100146,-0.180816,0.047052,0.080170,0.082757,0.051800,0.045195,0.066097,0.057317,0.045611,8.351005,-136.162384,25.426060,37.004047,True,velocity,0.460774,0.452894,0.015219,0.010832,0.032149,False,0.146294,0.136351,0.049252,0.051023,-2.761899,-2.725147,-0.036752,2.688793,2.749161,-0.060368,167.000000
3.5010037060128525,0.102177,1.281581,-1.549212,1.382849,-0.032211,-0.165566,0.102318,0.151656,1.351429,1.800091,1.247078,-0.003405,-0.010199,-0.139696,-0.054827,0.766829,0.112534,-0.629526,0.362277,-0.259040,0.603949,0.103991,-0.635443,-0.080115,0.760907,-0.315133,-0.517203,0.643573,-0.054826,0.766830,0.112532,-0.629525,0.362279,-0.259041,0.603413,0.103990,-0.635443,-0.080113,0.760907,-0.315133,-0.517205,0.643039,0.461227,-0.014403,-0.128374,0.263220,5,True,True,0.007319,-0.000282,0.003088,0.079354,-0.025177,0.111623,0.070909,-0.014190,0.099886,0.070909,-0.014190,0.099886,0.000000,0.079354,-0.025177,0.111623,1.000000,True,0.069032,-0.011749,0.097278,0.069032,-0.011749,0.097278,0.003191,0.001958,-0.269821,-0.423532,0.344578,0.183991,-0.118143,-0.211504,0.049466,0.083959,0.087594,0.056057,0.049198,0.068960,0.059832,0.050927,8.371791,-136.127228,25.458286,37.020088,True,velocity,0.461227,0.453294,0.015262,0.012094,0.020811,False,0.146345,0.136011,0.049211,0.051058,-2.761858,-2.725147,-0.036712,2.687518,2.749161,-0.061644,167.000000
3.5327995370025747,0.102097,1.281124,-1.548184,1.382980,-0.032717,-0.165117,0.102270,0.150857,1.352131,1.801929,1.248121,-0.004355,-0.009263,-0.139906,-0.054827,0.766829,0.112534,-0.629526,0.362277,-0.259040,0.603949,0.103991,-0.635443,-0.080115,0.760907,-0.315133,-0.517203,0.643573,-0.054827,0.766829,0.112534,-0.629526,0.362277,-0.259040,0.603949,0.103991,-0.635443,-0.080115,0.760907,-0.315133,-0.517203,0.643573,0.461745,-0.014353,-0.128499,0.263716,5,True,True,0.005090,0.000191,0.000254,0.004033,0.000486,0.014867,0.058750,-0.011522,0.084428,0.058750,-0.011522,0.084428,0.000000,0.004033,0.000486,0.014867,1.000000,True,0.070909,-0.014190,0.099886,0.070909,-0.014190,0.099886,-0.036225,-0.022234,-0.292079,-0.455640,0.259283,0.159318,-0.142834,-0.248069,0.050903,0.086466,0.090588,0.058616,0.048475,0.078807,0.066434,0.050960,8.393973,-136.061523,25.499302,37.046734,True,velocity,0.461745,0.453728,0.015409,0.012501,0.022621,False,0.146357,0.136112,0.049210,0.051062,-2.761167,-2.725147,-0.036021,2.688883,2.749161,-0.060278,167.000000
3.568582220003009,0.113642,1.279807,-1.544601,1.387720,-0.031106,-0.166599,0.111101,0.159045,1.359144,1.806803,1.232826,0.000126,-0.014362,-0.162058,-0.054827,0.766829,0.112534,-0.629526,0.362277,-0.259040,0.603949,0.115350,-0.639409,-0.089631,0.754862,-0.309761,-0.527801,0.641876,-0.054825,0.766830,0.112531,-0.629525,0.362279,-0.259042,0.603120,0.115348,-0.639409,-0.089630,0.754862,-0.309762,-0.527804,0.641049,0.462499,-0.013315,-0.135292,0.272217,5,True,True,0.009960,-0.000220,0.005942,0.204791,-0.023590,0.255039,0.085303,-0.013716,0.115448,0.085303,-0.013716,0.115448,0.000000,0.204791,-0.023590,0.255039,1.000000,True,0.058750,-0.011522,0.084428,0.058750,-0.011522,0.084428,-0.026562,-0.016134,-0.290624,-0.457611,0.216245,0.110277,-0.167638,-0.285286,0.043110,0.072528,0.075726,0.048756,0.049874,0.080971,0.071609,0.048209,8.430803,-136.034180,25.547014,37.081196,True,velocity,0.462499,0.454597,0.015026,0.015573,0.009884,False,0.146729,0.134744,0.049142,0.051158,-2.762149,-2.725147,-0.037002,2.693179,2.749161,-0.055983,167.000000
3.603576591995079,0.112997,1.279391,-1.543255,1.387680,-0.031525,-0.166367,0.110793,0.157878,1.359477,1.808627,1.234330,-0.000337,-0.013789,-0.162530,-0.054827,0.766829,0.112534,-0.629526,0.362277,-0.259040,0.603949,0.115350,-0.639409,-0.089631,0.754862,-0.309761,-0.527801,0.641876,-0.054826,0.766830,0.112533,-0.629526,0.362278,-0.259041,0.603624,0.115349,-0.639409,-0.089631,0.754862,-0.309762,-0.527802,0.641552,0.462930,-0.013272,-0.135368,0.273137,5,True,True,0.007202,0.000231,0.003013,0.002529,0.000637,0.027592,0.070253,-0.011106,0.099474,0.070253,-0.011106,0.099474,0.000000,0.002529,0.000637,0.027592,1.000000,True,0.085303,-0.013716,0.115448,0.085303,-0.013716,0.115448,0.006682,0.004137,-0.264051,-0.411767,0.148870,0.080072,-0.192063,-0.321850,0.063092,0.102873,0.106735,0.069325,0.047238,0.076183,0.072888,0.047629,8.472795,-135.965820,25.594727,37.112305,True,velocity,0.462930,0.455013,0.015103,0.014630,0.012873,False,0.146725,0.134886,0.049142,0.051158,-2.761685,-2.725147,-0.036539,2.693942,2.749161,-0.055219,167.000000
3.635277091001626,0.119965,1.278610,-1.539014,1.392903,-0.030103,-0.168156,0.114645,0.163540,1.363315,1.804445,1.227537,-0.003965,-0.012891,-0.170417,-0.054827,0.766829,0.112534,-0.629526,0.362277,-0.259040,0.603949,0.114261,-0.638534,-0.097647,0.754774,-0.302582,-0.536419,0.641267,-0.054826,0.766830,0.112533,-0.629525,0.362278,-0.259041,0.603527,0.114260,-0.638534,-0.097647,0.754774,-0.302583,-0.536421,0.640847,0.463346,-0.012237,-0.140348,0.281576,5,True,True,0.009937,0.000236,0.008137,0.152259,-0.010454,0.253184,0.085163,-0.010988,0.127422,0.085163,-0.010988,0.127422,0.000000,0.152259,-0.010454,0.253184,1.000000,True,0.070253,-0.011106,0.099474,0.070253,-0.011106,0.099474,0.020228,0.012380,-0.261121,-0.411699,0.123845,0.061275,-0.210704,-0.339884,0.053067,0.087066,0.090107,0.058056,0.055404,0.076641,0.072893,0.050848,8.520787,-135.907501,25.659180,37.161133,True,velocity,0.463346,0.455447,0.015079,0.014401,0.012842,False,0.147141,0.134274,0.049074,0.051220,-2.763474,-2.725147,-0.038328,2.688003,2.749161,-0.061159,167.000000
3.6698409090167843,0.122046,1.277877,-1.537007,1.391875,-0.029799,-0.168217,0.118486,0.169154,1.369478,1.809224,1.228311,0.005347,-0.011030,-0.177279,-0.054827,0.766829,0.112534,-0.629526,0.362277,-0.259040,0.603949,0.114457,-0.645221,-0.098940,0.748866,-0.299648,-0.540257,0.643246,-0.054825,0.766830,0.112532,-0.629525,0.362279,-0.259042,0.603165,0.114455,-0.645221,-0.098938,0.748867,-0.299650,-0.540260,0.642464,0.463780,-0.012043,-0.142126,0.284203,5,True,True,0.008864,0.000271,0.006516,0.052887,-0.009037,0.078794,0.079295,-0.010633,0.118580,0.079295,-0.010633,0.118580,0.000000,0.052887,-0.009037,0.078794,1.000000,True,0.085163,-0.010988,0.127422,0.085163,-0.010988,0.127422,0.072647,0.043234,-0.244016,-0.396642,0.111654,0.055405,-0.597101,-0.352538,0.063621,0.106917,0.110025,0.068779,0.055327,0.080387,0.078276,0.053084,8.549944,-135.845703,25.720982,37.196846,True,velocity,0.463780,0.455881,0.015103,0.013908,0.013045,False,0.147043,0.134384,0.049083,0.051294,-2.763146,-2.725147,-0.037999,2.695201,2.749161,-0.053960,167.000000
3.70253547700122,0.123661,1.277629,-1.534958,1.391755,-0.029387,-0.167852,0.120823,0.175089,1.376706,1.816620,1.229942,0.015595,-0.014931,-0.180456,-0.054827,0.766829,0.112534,-0.629526,0.362277,-0.259040,0.603949,0.115607,-0.653267,-0.095733,0.742100,-0.297076,-0.543589,0.645409,-0.054826,0.766830,0.112533,-0.629525,0.362279,-0.259041,0.603485,0.115606,-0.653268,-0.095732,0.742100,-0.297077,-0.543590,0.644946,0.464617,-0.011638,-0.143447,0.286404,5,True,True,0.007604,0.000624,0.004765,0.041438,0.000678,0.066052,0.072412,-0.008577,0.109030,0.072412,-0.008577,0.109030,0.000000,0.041438,0.000678,0.066052,1.000000,True,0.079295,-0.010633,0.118580,0.079295,-0.010633,0.118580,0.065736,0.039124,-0.247777,-0.402249,0.105879,0.049250,-0.222398,-0.358164,0.059216,0.099524,0.102585,0.064205,0.064690,0.098525,0.089803,0.060000,8.603236,-135.761307,25.784878,37.241489,True,velocity,0.464617,0.456284,0.015988,0.013566,0.030445,False,0.147035,0.134584,0.049092,0.051372,-2.762852,-2.725147,-0.037706,2.705579,2.749161,-0.043583,167.000000
3.7360495229950175,0.126253,1.280437,-1.529411,1.396852,-0.026223,-0.166007,0.119633,0.175325,1.370229,1.812871,1.230824,-0.004308,-0.026857,-0.176491,-0.054827,0.766829,0.112534,-0.629526,0.362277,-0.259040,0.603949,0.114667,-0.643275,-0.090915,0.751520,-0.294369,-0.547703,0.646748,-0.054827,0.766829,0.112534,-0.629526,0.362277,-0.259040,0.603936,0.114667,-0.643275,-0.090915,0.751520,-0.294369,-0.547703,0.646736,0.465058,-0.009215,-0.145320,0.291769,5,True,True,0.007673,0.002688,0.006495,0.074380,0.053920,0.160950,0.072679,-0.003079,0.115162,0.072679,-0.003079,0.115162,0.000000,0.074380,0.053920,0.160950,0.649658,True,0.072412,-0.008577,0.109030,0.072412,-0.008577,0.109030,0.088481,0.052505,-0.236642,-0.386606,0.105941,0.048939,-0.222917,-0.364693,0.054080,0.091072,0.093545,0.058147,0.061718,0.000000,0.101310,0.063187,8.638114,-139.112442,25.861050,37.285435,True,velocity,0.465058,0.456725,0.015994,0.013463,0.033157,False,0.147526,0.134635,0.049115,0.051279,-2.764113,-2.725147,-0.038966,2.695164,2.749161,-0.053997,167.000000
3.772445479989983,0.129438,1.280110,-1.526711,1.398969,-0.025536,-0.166061,0.121682,0.179673,1.373571,1.819901,1.228931,-0.001303,-0.035006,-0.179610,-0.054827,0.766829,0.112534,-0.629526,0.362277,-0.259040,0.603949,0.118447,-0.646826,-0.087527,0.748282,-0.292695,-0.552076,0.647742,-0.054827,0.766829,0.112534,-0.629526,0.362277,-0.259040,0.603949,0.118447,-0.646826,-0.087527,0.748282,-0.292695,-0.552076,0.647742,0.465419,-0.008505,-0.147565,0.295636,5,True,True,0.007616,0.002811,0.006523,0.070632,0.001221,0.116000,0.072381,0.002502,0.118021,0.072381,0.002502,0.118021,0.000000,0.070632,0.001221,0.116000,1.000000,True,0.072679,-0.003079,0.115162,0.072679,-0.003079,0.115162,0.204784,0.118981,-0.184174,-0.313007,0.111654,0.049562,-0.222917,-0.364693,0.053999,0.092687,0.093775,0.055738,0.058851,0.097484,0.099177,0.062536,8.666434,-135.642166,25.914761,37.319336,True,velocity,0.465419,0.457575,0.014881,0.016136,0.018794,False,0.147703,0.134478,0.049096,0.051295,-2.764359,-2.725147,-0.039212,2.701539,2.749161,-0.047622,167.000000
3.8021639700164087,0.131278,1.280728,-1.523086,1.400770,-0.024129,-0.165625,0.122780,0.181645,1.373234,1.821226,1.229392,-0.005472,-0.040624,-0.180031,-0.054827,0.766829,0.112534,-0.629526,0.362277,-0.259040,0.603949,0.118506,-0.645529,-0.085415,0.749635,-0.290435,-0.555667,0.648958,-0.054827,0.766829,0.112534,-0.629526,0.362277,-0.259040,0.603949,0.118506,-0.645529,-0.085415,0.749635,-0.290435,-0.555667,0.648958,0.465701,-0.007420,-0.149307,0.299744,5,True,True,0.007195,0.003242,0.006698,0.059433,0.016060,0.123254,0.070027,0.004967,0.118972,0.070027,0.004967,0.118972,0.000000,0.059433,0.016060,0.123254,1.000000,True,0.072381,0.002502,0.118021,0.072381,0.002502,0.118021,0.313476,0.181438,-0.128614,-0.224664,0.123906,0.055405,-0.222274,-0.358817,0.053951,0.093242,0.092806,0.053184,0.049662,0.088579,0.093076,0.055304,8.685267,-135.593048,25.964565,37.337749,True,velocity,0.465701,0.457997,0.014628,0.015597,0.020000,False,0.147869,0.134518,0.049102,0.051275,-2.764945,-2.725147,-0.039799,2.700183,2.749161,-0.048978,167.000000
3.842632408021018,0.133248,1.280940,-1.519649,1.401558,-0.022867,-0.165472,0.125052,0.182848,1.371632,1.822067,1.228841,-0.009624,-0.043734,-0.183469,-0.054827,0.766829,0.112534,-0.629526,0.362277,-0.259040,0.603949,0.119350,-0.643425,-0.085703,0.751276,-0.288765,-0.559270,0.649903,-0.054827,0.766829,0.112534,-0.629526,0.362277,-0.259040,0.603949,0.119350,-0.643425,-0.085703,0.751276,-0.288765,-0.559270,0.649903,0.466208,-0.006548,-0.151255,0.303901,5,True,True,0.006990,0.003321,0.006888,0.063520,0.007914,0.124680,0.068844,0.005503,0.120010,0.068844,0.005503,0.120010,0.000000,0.063520,0.007914,0.124680,1.000000,True,0.070027,0.004967,0.118972,0.070027,0.004967,0.118972,0.373921,0.213226,-0.106048,-0.190566,0.161062,0.085915,-0.204402,-0.328379,0.052291,0.091596,0.090323,0.050239,0.047962,0.085124,0.087322,0.051403,8.728795,-135.542130,26.033482,37.389091,True,velocity,0.466208,0.458453,0.014793,0.014355,0.026726,False,0.147941,0.134457,0.049112,0.051243,-2.765459,-2.725147,-0.040313,2.697486,2.749161,-0.051676,167.000000
3.86479134100955,0.134211,1.281365,-1.517074,1.402336,-0.021574,-0.165938,0.126193,0.184520,1.371329,1.825212,1.230037,-0.010062,-0.049462,-0.182739,-0.054827,0.766829,0.112534,-0.629526,0.362277,-0.259040,0.603949,0.119557,-0.643873,-0.082341,0.751235,-0.287567,-0.562349,0.651293,-0.054825,0.766831,0.112531,-0.629525,0.362280,-0.259042,0.603033,0.119555,-0.643874,-0.082339,0.751235,-0.287568,-0.562352,0.650380,0.465536,-0.005887,-0.152681,0.307554,4,True,True,0.006266,0.003328,0.006541,0.046751,0.006273,0.109596,0.064827,0.005643,0.118117,0.064827,0.005643,0.118117,0.000000,0.046751,0.006273,0.109596,1.000000,True,0.068844,0.005503,0.120010,0.068844,0.005503,0.120010,0.395142,0.222635,-0.102706,-0.187651,0.204002,0.092064,-0.198618,-0.315974,0.051337,0.090725,0.089306,0.048902,0.045565,0.085002,0.087286,0.050692,8.749581,-135.490646,26.068918,37.401089,True,velocity,0.465536,0.458869,0.012571,0.015249,0.018452,False,0.148006,0.134564,0.049116,0.051217,-2.766542,-2.725147,-0.041396,2.698002,2.749161,-0.051160,167.000000
3.9047237259801477,0.134895,1.280982,-1.515204,1.402088,-0.020984,-0.166908,0.128000,0.186678,1.373374,1.829847,1.230914,-0.004993,-0.052809,-0.183586,-0.054827,0.766829,0.112534,-0.629526,0.362277,-0.259040,0.603949,0.120158,-0.647361,-0.080348,0.748352,-0.286423,-0.565156,0.652454,-0.054825,0.766830,0.112532,-0.629525,0.362279,-0.259042,0.603137,0.120156,-0.647361,-0.080346,0.748352,-0.286424,-0.565159,0.651645,0.465954,-0.005716,-0.154051,0.310749,4,True,True,0.005476,0.002875,0.005799,0.040748,-0.007455,0.095850,0.060449,0.003261,0.114068,0.060449,0.003261,0.114068,0.000000,0.040748,-0.007455,0.095850,1.000000,True,0.064827,0.005643,0.118117,0.064827,0.005643,0.118117,0.422407,0.232586,-0.103583,-0.194752,0.240580,0.129105,-0.179979,-0.285043,0.048250,0.086789,0.085115,0.045588,0.045379,0.083959,0.085764,0.046841,8.773019,-135.446289,26.129465,37.435406,True,velocity,0.465954,0.459706,0.011655,0.016804,0.009877,False,0.147969,0.134655,0.049114,0.051228,-2.767405,-2.725147,-0.042259,2.701476,2.749161,-0.047685,167.000000
3.934726936975494,0.134793,1.281039,-1.512471,1.402957,-0.020063,-0.168081,0.128165,0.185834,1.370426,1.827463,1.232969,-0.009937,-0.053335,-0.179908,-0.054827,0.766829,0.112534,-0.629526,0.362277,-0.259040,0.603949,0.116155,-0.644181,-0.079961,0.751761,-0.284746,-0.567707,0.653232,-0.054826,0.766830,0.112533,-0.629526,0.362278,-0.259041,0.603587,0.116154,-0.644182,-0.079960,0.751761,-0.284747,-0.567708,0.652871,0.466373,-0.005288,-0.155311,0.314967,4,True,True,0.004801,0.002779,0.006214,0.039895,0.000753,0.126536,0.056712,0.002805,0.116335,0.056712,0.002805,0.116335,0.000000,0.039895,0.000753,0.126536,1.000000,True,0.060449,0.003261,0.114068,0.060449,0.003261,0.114068,0.397435,0.212603,-0.133370,-0.255212,0.277203,0.129105,-0.173423,-0.272639,0.044207,0.081395,0.080491,0.042425,0.036945,0.078962,0.078812,0.043216,8.796736,-135.393417,26.183035,37.461773,True,velocity,0.466373,0.460094,0.011763,0.015892,0.004868,False,0.148029,0.134829,0.049105,0.051189,-2.768902,-2.725147,-0.043756,2.694645,2.749161,-0.054517,167.000000
3.9650687010143884,0.135618,1.280610,-1.510335,1.403116,-0.019441,-0.169144,0.129818,0.186196,1.370215,1.829992,1.232781,-0.009215,-0.055848,-0.180479,-0.054827,0.766829,0.112534,-0.629526,0.362277,-0.259040,0.603949,0.116562,-0.644634,-0.079392,0.751371,-0.283848,-0.570378,0.653685,-0.054827,0.766830,0.112533,-0.629526,0.362278,-0.259041,0.603716,0.116561,-0.644634,-0.079392,0.751371,-0.283849,-0.570379,0.653453,0.466761,-0.005049,-0.156836,0.318595,4,True,True,0.004446,0.002432,0.005965,0.045739,-0.007242,0.108846,0.054717,0.000979,0.114973,0.054717,0.000979,0.114973,0.000000,0.045739,-0.007242,0.108846,1.000000,True,0.056712,0.002805,0.116335,0.056712,0.002805,0.116335,0.432619,0.219402,-0.148537,-0.300505,0.302187,0.208605,-0.167638,-0.272639,0.040302,0.078363,0.077326,0.038653,0.033854,0.073204,0.072677,0.035997,8.811942,-135.351562,26.219309,37.476143,True,velocity,0.466761,0.460469,0.011830,0.015068,0.004546,False,0.148025,0.134808,0.049097,0.051174,-2.769876,-2.725147,-0.044729,2.694273,2.749161,-0.054888,167.000000
3.996384441968985,0.135968,1.279869,-1.508543,1.403684,-0.019297,-0.170498,0.130544,0.187111,1.372258,1.833440,1.233379,-0.005765,-0.058561,-0.178104,-0.054827,0.766829,0.112534,-0.629526,0.362277,-0.259040,0.603949,0.115829,-0.647239,-0.077558,0.749433,-0.282532,-0.572747,0.654082,-0.054827,0.766829,0.112534,-0.629526,0.362277,-0.259040,0.603949,0.115829,-0.647239,-0.077558,0.749433,-0.282532,-0.572747,0.654082,0.466998,-0.005012,-0.158111,0.321983,4,True,True,0.003854,0.002027,0.005520,0.036688,-0.010872,0.101635,0.051439,-0.001176,0.112548,0.051439,-0.001176,0.112548,0.000000,0.036688,-0.010872,0.101635,1.000000,True,0.054717,0.000979,0.114973,0.054717,0.000979,0.114973,0.404637,0.200118,-0.174679,-0.356686,0.314380,0.269697,-0.167638,0.174770,0.038105,0.075591,0.075408,0.037146,0.030489,0.068733,0.067388,0.034371,8.828544,-135.312912,26.257673,37.501255,True,velocity,0.466998,0.460809,0.011675,0.014066,0.022420,False,0.148048,0.134871,0.049075,0.051188,-2.770835,-2.725147,-0.045688,2.696221,2.749161,-0.052940,167.000000
4.03651321597863,0.136069,1.279831,-1.505981,1.403849,-0.018447,-0.171354,0.131499,0.186021,1.372013,1.832938,1.233893,-0.007300,-0.059258,-0.176705,-0.054827,0.766829,0.112534,-0.629526,0.362277,-0.259040,0.603949,0.114132,-0.646273,-0.078319,0.750447,-0.280665,-0.574717,0.654098,-0.054827,0.766829,0.112534,-0.629526,0.362277,-0.259040,0.603949,0.114132,-0.646273,-0.078319,0.750447,-0.280665,-0.574717,0.654098,0.467164,-0.004619,-0.159346,0.325704,4,True,True,0.003443,0.002044,0.005489,0.038886,-0.000446,0.111630,0.049156,-0.001043,0.112381,0.049156,-0.001043,0.112381,0.000000,0.038886,-0.000446,0.111630,1.000000,True,0.051439,-0.001176,0.112548,0.051439,-0.001176,0.112548,0.372178,0.176833,-0.208933,-0.433757,0.326612,0.282321,-0.167125,-0.285043,0.034644,0.071685,0.071940,0.035210,0.028315,0.065113,0.062413,0.034490,8.851702,-135.278458,26.300222,37.531807,True,velocity,0.467164,0.461150,0.011403,0.012496,0.030719,False,0.148051,0.134916,0.049076,0.051183,-2.771937,-2.725147,-0.046790,2.692712,2.749161,-0.056449,167.000000
4.067461755010299,0.136216,1.280188,-1.503679,1.403697,-0.016910,-0.172882,0.132939,0.184249,1.371773,1.831397,1.233486,-0.007801,-0.059517,-0.176982,-0.054827,0.766829,0.112534,-0.629526,0.362277,-0.259040,0.603949,0.112960,-0.645288,-0.080880,0.751201,-0.278353,-0.576771,0.653607,-0.054825,0.766831,0.112531,-0.629525,0.362280,-0.259042,0.602996,0.112957,-0.645288,-0.080878,0.751201,-0.278355,-0.576775,0.652657,0.466478,-0.004198,-0.160798,0.329963,3,True,True,0.003323,0.002008,0.006002,0.045314,-0.001914,0.127770,0.048458,-0.001202,0.115179,0.048458,-0.001202,0.115179,0.000000,0.045314,-0.001914,0.127770,1.000000,True,0.049156,-0.001043,0.112381,0.049156,-0.001043,0.112381,0.400503,0.184279,-0.213648,-0.457883,0.326651,0.165461,-0.173423,-0.315482,0.032545,0.069425,0.069793,0.033164,0.026933,0.059822,0.057526,0.034005,8.864397,-135.239960,26.331472,37.538227,True,velocity,0.466478,0.461478,0.000000,0.012035,0.029672,False,0.148022,0.134876,0.049081,0.051182,-2.773815,-2.725147,-0.048668,2.687886,2.749161,-0.061275,167.000000
4.098523163993377,0.136865,1.280088,-1.501312,1.403075,-0.016071,-0.173212,0.135049,0.184431,1.374473,1.834092,1.232862,-0.004859,-0.061100,-0.179181,-0.054827,0.766829,0.112534,-0.629526,0.362277,-0.259040,0.603949,0.114163,-0.647422,-0.081907,0.749068,-0.276450,-0.578666,0.653567,-0.054827,0.766829,0.112534,-0.629526,0.362277,-0.259040,0.603949,0.114163,-0.647422,-0.081907,0.749068,-0.276450,-0.578666,0.653567,0.467888,-0.003795,-0.162086,0.333041,4,True,True,0.003065,0.002009,0.005242,0.040477,-0.000981,0.092359,0.047007,-0.001161,0.111030,0.047007,-0.001161,0.111030,0.000000,0.040477,-0.000981,0.092359,1.000000,True,0.048458,-0.001202,0.115179,0.048458,-0.001202,0.115179,0.420348,0.187487,-0.221347,-0.487519,0.332348,0.165761,-0.173423,-0.352288,0.031509,0.069236,0.069660,0.032330,0.025102,0.055734,0.053511,0.028485,8.874581,-135.208710,26.357840,37.552876,True,velocity,0.467888,0.462100,0.010881,0.013930,0.012166,False,0.147964,0.134831,0.049095,0.051209,-2.774500,-2.725147,-0.049353,2.689361,2.749161,-0.059800,167.000000
4.132006635016296,0.136786,1.279814,-1.499046,1.402528,-0.015520,-0.173886,0.136397,0.184887,1.379025,1.835338,1.233441,-0.000031,-0.060275,-0.179366,-0.054827,0.766829,0.112534,-0.629526,0.362277,-0.259040,0.603949,0.112846,-0.650834,-0.083720,0.746105,-0.273408,-0.580265,0.653487,-0.054827,0.766829,0.112534,-0.629526,0.362277,-0.259040,0.603949,0.112846,-0.650834,-0.083721,0.746105,-0.273408,-0.580265,0.653487,0.468148,-0.003556,-0.163137,0.336139,4,True,True,0.002577,0.001926,0.004638,0.032146,-0.003474,0.092930,0.044305,-0.001582,0.107739,0.044305,-0.001582,0.107739,0.000000,0.032146,-0.003474,0.092930,1.000000,True,0.047007,-0.001161,0.111030,0.047007,-0.001161,0.111030,0.416345,0.186621,-0.220437,-0.483267,0.344578,0.165461,-0.179851,-0.376845,0.030680,0.067031,0.067459,0.031546,0.021542,0.050654,0.049161,0.026808,8.886300,-135.170059,26.389231,37.580078,True,velocity,0.468148,0.462422,0.010810,0.012831,0.011875,False,0.147907,0.134910,0.049101,0.051272,-2.775191,-2.725147,-0.050044,2.690796,2.749161,-0.058365,167.000000
4.164962701965123,0.136059,1.279358,-1.496546,1.401018,-0.014953,-0.175013,0.138244,0.183808,1.380556,1.830884,1.234947,0.000966,-0.052764,-0.180050,-0.054827,0.766829,0.112534,-0.629526,0.362277,-0.259040,0.603949,0.107695,-0.650722,-0.089745,0.746263,-0.269805,-0.581839,0.653472,-0.054827,0.766829,0.112534,-0.629526,0.362277,-0.259040,0.603949,0.107695,-0.650722,-0.089745,0.746263,-0.269805,-0.581839,0.653472,0.468506,-0.003475,-0.164241,0.339740,4,True,True,0.002177,0.001688,0.004648,0.032094,-0.008610,0.108028,0.042085,-0.002860,0.107792,0.042085,-0.002860,0.107792,0.000000,0.032094,-0.008610,0.108028,1.000000,True,0.044305,-0.001582,0.107739,0.044305,-0.001582,0.107739,0.420321,0.183414,-0.231784,-0.517087,0.357375,0.165761,-0.186278,-0.394979,0.028411,0.063679,0.064274,0.029675,0.020038,0.052889,0.050723,0.028864,8.900949,-135.133514,26.422014,37.599888,True,velocity,0.468506,0.462722,0.010973,0.011916,0.012987,False,0.147759,0.135069,0.049113,0.051323,-2.776152,-2.725147,-0.051005,2.684917,2.749161,-0.064245,167.000000
4.203874500002712,0.137018,1.279517,-1.493686,1.399824,-0.013614,-0.175109,0.141344,0.183657,1.383166,1.830860,1.233614,0.002750,-0.051344,-0.185383,-0.054827,0.766829,0.112534,-0.629526,0.362277,-0.259040,0.603949,0.108451,-0.651677,-0.094308,0.744756,-0.266767,-0.583895,0.653178,-0.054827,0.766829,0.112534,-0.629526,0.362277,-0.259040,0.603949,0.108451,-0.651677,-0.094308,0.744756,-0.266767,-0.583896,0.653178,0.469227,-0.002862,-0.165794,0.343240,4,True,True,0.002449,0.001843,0.004555,0.050053,0.001876,0.105000,0.043533,-0.001999,0.107284,0.043533,-0.001999,0.107284,0.000000,0.050053,0.001876,0.105000,1.000000,True,0.042085,-0.002860,0.107792,0.042085,-0.002860,0.107792,0.410628,0.169597,-0.259910,-0.594510,0.363151,0.165761,-0.191548,-0.425805,0.025885,0.061288,0.062363,0.028274,0.026119,0.051724,0.051306,0.033802,8.928432,-135.096954,26.461775,37.618862,True,velocity,0.469227,0.463337,0.011128,0.013045,0.005654,False,0.147658,0.134960,0.049142,0.051362,-2.776774,-2.725147,-0.051628,2.683763,2.749161,-0.065398,167.000000
4.238920575007796,0.136730,1.280318,-1.490797,1.397948,-0.012121,-0.174559,0.143620,0.183499,1.385191,1.830315,1.235099,0.003557,-0.049811,-0.188317,-0.054827,0.766829,0.112534,-0.629526,0.362277,-0.259040,0.603949,0.107411,-0.652330,-0.096932,0.743998,-0.263987,-0.585082,0.653819,-0.054827,0.766829,0.112534,-0.629526,0.362277,-0.259040,0.603949,0.107411,-0.652330,-0.096932,0.743998,-0.263987,-0.585083,0.653819,0.469899,-0.002158,-0.166558,0.345795,4,True,True,0.001960,0.002312,0.003534,0.028662,0.012189,0.076653,0.040830,0.000581,0.101715,0.040830,0.000581,0.101715,0.000000,0.028662,0.012189,0.076653,1.000000,True,0.043533,-0.001999,0.107284,0.043533,-0.001999,0.107284,0.414957,0.178478,-0.240376,-0.539375,0.363151,0.165761,-0.197975,-0.462623,0.027604,0.062764,0.063545,0.029379,0.024314,0.051157,0.051011,0.031356,8.935408,-135.069473,26.495256,37.649136,True,velocity,0.469899,0.463641,0.011922,0.011891,0.008833,False,0.147515,0.135112,0.049194,0.051392,-2.777175,-2.725147,-0.052028,2.682520,2.749161,-0.066641,167.000000
4.264425621018745,0.135832,1.280886,-1.488270,1.396572,-0.011101,-0.174320,0.144731,0.183649,1.385698,1.829475,1.238412,0.002934,-0.048215,-0.187517,-0.054827,0.766829,0.112534,-0.629526,0.362277,-0.259040,0.603949,0.104186,-0.652290,-0.097278,0.744446,-0.261901,-0.586224,0.655143,-0.054827,0.766829,0.112534,-0.629526,0.362277,-0.259040,0.603949,0.104186,-0.652290,-0.097279,0.744446,-0.261901,-0.586225,0.655143,0.470272,-0.001658,-0.166996,0.348075,4,True,True,0.001189,0.002612,0.002423,0.017453,0.009649,0.068399,0.036579,0.002229,0.095658,0.036579,0.002229,0.095658,0.000000,0.017453,0.009649,0.068399,1.000000,True,0.040830,0.000581,0.101715,0.040830,0.000581,0.101715,0.505934,0.220719,-0.201611,-0.467386,0.369568,0.165761,-0.203886,-0.468760,0.026659,0.059476,0.059323,0.026366,0.020342,0.049284,0.048033,0.031568,8.941267,-135.052460,26.511719,37.660992,True,velocity,0.470272,0.463641,0.012786,0.009500,0.034006,False,0.147408,0.135425,0.049231,0.051402,-2.777610,-2.725147,-0.052463,2.680505,2.749161,-0.068656,167.000000
4.298979162005708,0.135522,1.282116,-1.485559,1.394348,-0.009442,-0.173054,0.147053,0.183981,1.386178,1.831020,1.240690,0.002630,-0.049620,-0.190501,-0.054827,0.766829,0.112534,-0.629526,0.362277,-0.259040,0.603949,0.104666,-0.652556,-0.096985,0.744184,-0.260548,-0.587211,0.656603,-0.054827,0.766830,0.112534,-0.629526,0.362278,-0.259041,0.603826,0.104666,-0.652556,-0.096985,0.744184,-0.260548,-0.587211,0.656481,0.470920,-0.000818,-0.167424,0.349730,4,True,True,0.000666,0.003182,0.000890,0.020667,0.019304,0.049644,0.033754,0.005261,0.087487,0.033754,0.005261,0.087487,0.000000,0.020667,0.019304,0.049644,0.976562,True,0.036579,0.002229,0.095658,0.036579,0.002229,0.095658,0.601592,0.258066,-0.177674,-0.436910,0.393987,0.178095,-0.204402,-0.462623,0.024115,0.054447,0.053667,0.022413,0.013614,0.044109,0.046458,0.030159,8.949219,-135.018555,26.549387,37.675781,True,velocity,0.470920,0.464253,0.012754,0.011583,0.021350,False,0.147249,0.135640,0.049298,0.051400,-2.777634,-2.725147,-0.052488,2.681020,2.749161,-0.068142,167.000000
4.3319832279812545,0.134420,1.283132,-1.483365,1.391457,-0.008210,-0.171915,0.149101,0.184357,1.386128,1.832636,1.244325,0.003273,-0.049648,-0.192840,-0.054827,0.766829,0.112534,-0.629526,0.362277,-0.259040,0.603949,0.104223,-0.653154,-0.096201,0.743823,-0.259891,-0.587716,0.658510,-0.054826,0.766830,0.112533,-0.629525,0.362279,-0.259041,0.603440,0.104221,-0.653154,-0.096200,0.743823,-0.259892,-0.587718,0.658003,0.471242,-0.000268,-0.167433,0.350677,4,True,True,-0.000251,0.003521,-0.001079,0.005963,0.015392,0.028419,0.028646,0.007163,0.076587,0.028646,0.007163,0.076587,0.000000,0.005963,0.015392,0.028419,1.000000,True,0.033754,0.005261,0.087487,0.033754,0.005261,0.087487,0.702320,0.317478,-0.111733,-0.281300,0.454945,0.196328,-0.203760,-0.456747,0.023869,0.050730,0.048695,0.019331,0.012151,0.043043,0.044782,0.026203,8.959403,-134.989395,26.571428,37.683315,True,velocity,0.471242,0.464575,0.012778,0.011103,0.022655,False,0.147028,0.135980,0.049365,0.051393,-2.777473,-2.725147,-0.052326,2.681824,2.749161,-0.067337,167.000000
4.36489674000768,0.132464,1.282737,-1.482528,1.388240,-0.008434,-0.172079,0.150604,0.185222,1.387296,1.835139,1.248836,0.008884,-0.046274,-0.193298,-0.054827,0.766829,0.112534,-0.629526,0.362277,-0.259040,0.603949,0.101968,-0.656295,-0.095598,0.741445,-0.259936,-0.587892,0.660420,-0.054826,0.766830,0.112532,-0.629525,0.362279,-0.259041,0.603393,0.101966,-0.656295,-0.095597,0.741445,-0.259936,-0.587894,0.659866,0.471589,-0.000619,-0.167193,0.351039,4,True,True,-0.001545,0.003039,-0.003270,-0.010430,-0.007370,0.010871,0.021541,0.004520,0.064639,0.021541,0.004520,0.064639,0.000000,-0.010430,-0.007370,0.010871,1.000000,True,0.028646,0.007163,0.076587,0.028646,0.007163,0.076587,0.813950,0.377989,-0.053212,-0.141078,0.485745,0.202467,-0.694642,-0.438467,0.021543,0.044141,0.039243,0.015090,0.015708,0.040205,0.042365,0.014752,8.970006,-134.977539,26.582590,37.687359,True,velocity,0.471589,0.464922,0.012782,0.011018,0.022797,False,0.146746,0.136409,0.049397,0.051408,-2.777213,-2.725147,-0.052066,2.684594,2.749161,-0.064567,167.000000
4.402785412967205,0.131076,1.283210,-1.481197,1.385799,-0.007948,-0.171402,0.151789,0.185088,1.387192,1.838262,1.252046,0.010907,-0.047351,-0.194333,-0.054827,0.766829,0.112534,-0.629526,0.362277,-0.259040,0.603949,0.102401,-0.657583,-0.093620,0.740496,-0.260460,-0.587830,0.661853,-0.054826,0.766830,0.112532,-0.629525,0.362279,-0.259041,0.603322,0.102400,-0.657583,-0.093619,0.740496,-0.260460,-0.587832,0.661229,0.471948,-0.000445,-0.166940,0.351369,4,True,True,-0.002433,0.003145,-0.005095,-0.005292,0.007542,0.009891,0.016662,0.005070,0.054685,0.016662,0.005070,0.054685,0.000000,-0.005292,0.007542,0.009891,1.000000,True,0.021541,0.004520,0.064639,0.021541,0.004520,0.064639,0.867251,0.365223,-0.104077,-0.311513,0.559521,0.251450,-0.167638,-0.358817,0.015546,0.034629,0.029979,0.011067,0.011905,0.027778,0.031355,0.008570,8.967076,-134.967499,26.603376,37.686104,True,velocity,0.471948,0.465647,0.011941,0.013208,0.010496,False,0.146551,0.136707,0.049443,0.051394,-2.776944,-2.725147,-0.051798,2.686934,2.749161,-0.062228,167.000000
4.436602419998962,0.129306,1.284023,-1.479770,1.383799,-0.007353,-0.170566,0.152091,0.183281,1.384288,1.839606,1.255520,0.008320,-0.048839,-0.193652,-0.054827,0.766829,0.112534,-0.629526,0.362277,-0.259040,0.603949,0.102265,-0.655845,-0.091147,0.742362,-0.261681,-0.587247,0.663056,-0.054826,0.766830,0.112532,-0.629525,0.362279,-0.259041,0.603417,0.102263,-0.655846,-0.091146,0.742362,-0.261682,-0.587249,0.662526,0.472314,-0.000157,-0.166418,0.351583,4,True,True,-0.003371,0.003434,-0.006704,-0.011628,0.013581,0.006412,0.012174,0.005316,0.045908,0.012174,0.005316,0.045908,0.000000,-0.011628,0.013581,0.006412,1.000000,True,0.016662,0.005070,0.054685,0.016662,0.005070,0.054685,1.011557,0.425647,-0.062672,-0.217653,0.639103,0.282321,-0.161340,-0.340288,0.012932,0.028157,0.025057,0.007487,0.002291,0.017416,0.019477,0.002011,8.958008,-134.964432,26.609097,37.686382,True,velocity,0.472314,0.465991,0.012024,0.012422,0.010011,False,0.146399,0.137014,0.049489,0.051343,-2.776769,-2.725147,-0.051623,2.685832,2.749161,-0.063330,167.000000
4.466656369972043,0.126808,1.283027,-1.480257,1.382080,-0.008716,-0.171241,0.151281,0.182282,1.384239,1.844824,1.259199,0.013275,-0.049436,-0.189625,-0.054827,0.766829,0.112534,-0.629526,0.362277,-0.259040,0.603949,0.101825,-0.658653,-0.086837,0.740451,-0.264270,-0.586077,0.663894,-0.054827,0.766829,0.112534,-0.629526,0.362277,-0.259040,0.603949,0.101825,-0.658653,-0.086837,0.740451,-0.264270,-0.586077,0.663894,0.472611,-0.000973,-0.165551,0.350790,4,True,True,-0.004871,0.002804,-0.009027,-0.032962,-0.013767,-0.023798,0.007575,0.003624,0.038875,0.007575,0.003624,0.038875,0.000000,-0.032962,-0.013767,-0.023798,0.554932,True,0.007575,0.003624,0.038875,0.012174,0.005316,0.045908,1.190767,0.500977,-0.015404,-0.070318,0.682094,0.300785,-0.148997,-0.315728,0.010289,0.022323,0.019803,0.004249,-0.004241,0.011682,0.015745,0.000444,8.953822,-134.962753,26.614956,37.686104,True,velocity,0.472611,0.466334,0.011943,0.012228,0.011634,False,0.146232,0.137353,0.049484,0.051326,-2.776323,-2.725147,-0.051176,2.690508,2.749161,-0.058653,167.000000
4.499624993011821,0.124927,1.282200,-1.480877,1.379704,-0.009815,-0.171446,0.151605,0.180765,1.385499,1.851824,1.260644,0.020440,-0.051758,-0.189574,-0.054827,0.766829,0.112534,-0.629526,0.362277,-0.259040,0.603949,0.105149,-0.662545,-0.083684,0.736868,-0.267165,-0.584510,0.663923,-0.054827,0.766829,0.112534,-0.629526,0.362277,-0.259040,0.603949,0.105149,-0.662545,-0.083684,0.736868,-0.267165,-0.584510,0.663923,0.472673,-0.001687,-0.164804,0.349555,4,True,True,-0.006070,0.002286,-0.011558,-0.028523,-0.012110,-0.037045,0.003610,0.001764,0.031392,0.003610,0.001764,0.031392,0.000000,-0.028523,-0.012110,-0.037045,0.406250,True,0.007575,0.003624,0.038875,0.007575,0.003624,0.038875,1.456046,0.533958,-0.080066,-0.866716,0.816192,0.325170,-0.130999,-0.297039,0.006772,0.016120,0.014207,0.001248,-0.012072,0.004492,0.009782,-0.000437,8.936244,-134.963730,26.619141,37.685825,True,velocity,0.472673,0.466681,0.011394,0.011818,0.011950,False,0.146016,0.137492,0.049492,0.051324,-2.775594,-2.725147,-0.050448,2.697542,2.749161,-0.051620,167.000000
4.529571962018963,0.122356,1.282681,-1.481357,1.378116,-0.009748,-0.171945,0.150491,0.175604,1.380835,1.853405,1.262571,0.018418,-0.054619,-0.186122,-0.054827,0.766829,0.112534,-0.629526,0.362277,-0.259040,0.603949,0.106491,-0.659955,-0.080620,0.739337,-0.270564,-0.582277,0.663476,-0.054826,0.766830,0.112533,-0.629525,0.362278,-0.259041,0.603464,0.106490,-0.659955,-0.080619,0.739337,-0.270565,-0.582278,0.662993,0.472019,-0.002012,-0.163768,0.348860,3,True,True,-0.007273,0.002297,-0.013299,-0.032539,0.001898,-0.020846,-0.000075,0.000423,0.025295,-0.000075,0.000423,0.025295,0.000000,-0.032539,0.001898,-0.020846,0.330566,True,0.003610,0.001764,0.031392,0.003610,0.001764,0.031392,1.869451,0.560048,-0.228603,0.878235,0.945153,0.466052,-0.131133,-0.352538,0.003536,0.010513,0.009142,-0.000902,-0.018625,0.000631,0.007888,0.000247,8.918945,-134.967636,26.619558,37.690289,True,velocity,0.472019,0.467019,0.000000,0.011684,0.027472,False,0.145878,0.137642,0.049509,0.051247,-2.775994,-2.725147,-0.050847,2.695433,2.749161,-0.053728,167.000000
4.561069183982909,0.119833,1.281493,-1.483690,1.375706,-0.011287,-0.173329,0.150010,0.172248,1.381556,1.860800,1.263068,0.027499,-0.057079,-0.184570,-0.054827,0.766829,0.112534,-0.629526,0.362277,-0.259040,0.603949,0.110674,-0.664096,-0.077309,0.735358,-0.274933,-0.579530,0.662465,-0.054827,0.766829,0.112534,-0.629526,0.362277,-0.259040,0.603949,0.110674,-0.664096,-0.077309,0.735358,-0.274933,-0.579531,0.662465,0.472278,-0.003303,-0.162624,0.346791,3,True,True,-0.008796,0.001488,-0.016212,-0.045813,-0.024031,-0.062072,-0.002614,-0.000336,0.020803,-0.002614,-0.000336,0.020803,0.000000,-0.045813,-0.024031,-0.062072,0.172852,True,-0.000075,0.000423,0.025295,-0.000075,0.000423,0.025295,2.463876,0.694800,-0.564542,0.548908,1.172373,0.122613,-0.155425,-0.315728,0.001111,0.005280,0.004588,-0.003230,-0.025609,-0.004159,0.004629,0.004929,8.892578,-134.974335,26.619558,37.695732,True,velocity,0.472278,0.467353,0.000000,0.011421,0.027431,False,0.145640,0.137690,0.049494,0.051240,-2.775849,-2.725147,-0.050703,2.702510,2.749161,-0.046651,167.000000
4.596560831007082,0.116941,1.280879,-1.485560,1.373186,-0.012371,-0.174332,0.149257,0.166925,1.378698,1.863975,1.264191,0.030590,-0.057714,-0.182265,-0.054827,0.766829,0.112534,-0.629526,0.362277,-0.259040,0.603949,0.113006,-0.664024,-0.075343,0.735273,-0.279305,-0.576368,0.661447,-0.054827,0.766829,0.112534,-0.629526,0.362277,-0.259040,0.603949,0.113006,-0.664024,-0.075343,0.735273,-0.279305,-0.576368,0.661447,0.472073,-0.004340,-0.161298,0.344806,3,True,True,-0.010316,0.001008,-0.018890,-0.065007,-0.013696,-0.059539,-0.004999,-0.000941,0.017195,-0.004999,-0.000941,0.017195,0.000000,-0.048242,-0.014924,-0.059539,0.112061,True,-0.002614,-0.000336,0.020803,-0.002614,-0.000336,0.020803,2.796269,1.175657,-1.261154,0.438514,1.331459,0.055715,-0.547521,-0.168833,0.000624,0.001260,0.001992,-0.005490,-0.037183,-0.007572,0.001093,0.001665,8.865234,-134.982285,26.620676,37.678852,True,velocity,0.472073,0.467950,0.000000,0.012830,0.014920,False,0.145402,0.137778,0.049494,0.051194,-2.775845,-2.725147,-0.050698,2.703364,2.749161,-0.045797,167.000000
4.624067349999677,0.113990,1.280263,-1.488408,1.371468,-0.013445,-0.176202,0.147588,0.161351,1.375708,1.867148,1.264813,0.034133,-0.059371,-0.178142,-0.054827,0.766829,0.112534,-0.629526,0.362277,-0.259040,0.603949,0.115305,-0.664066,-0.072575,0.735156,-0.284037,-0.573000,0.660014,-0.054827,0.766829,0.112534,-0.629526,0.362277,-0.259040,0.603918,0.115305,-0.664066,-0.072575,0.735156,-0.284037,-0.573000,0.659983,0.471552,-0.005578,-0.159881,0.342712,2,True,True,-0.011913,0.000393,-0.021557,-0.071602,-0.019141,-0.112916,-0.018583,-0.004504,-0.005984,-0.018583,-0.004504,-0.005984,0.000000,-0.052951,-0.019553,-0.062818,0.492676,True,-0.004999,-0.000941,0.017195,-0.004999,-0.000941,0.017195,-0.146062,-0.511588,0.972832,0.367222,1.373877,0.594853,-0.388326,-0.033473,-0.000402,-0.001655,-0.000805,-0.007784,-0.034218,-0.012622,0.002878,-0.006011,8.859096,-134.996094,26.634487,37.662807,True,velocity,0.471552,0.468219,0.000000,0.012172,0.010539,False,0.145223,0.137817,0.049473,0.051144,-2.775984,-2.725147,-0.050838,2.704775,2.749161,-0.044386,167.000000
4.6558170139906,0.111217,1.279483,-1.492036,1.370073,-0.014742,-0.178302,0.145625,0.156684,1.374929,1.870573,1.264636,0.040168,-0.060546,-0.174631,-0.054827,0.766829,0.112534,-0.629526,0.362277,-0.259040,0.603949,0.117987,-0.665852,-0.070441,0.733320,-0.288319,-0.569357,0.658145,-0.054822,0.766830,0.112527,-0.629527,0.362276,-0.259048,0.603021,0.117990,-0.665844,-0.070427,0.733328,-0.288320,-0.569372,0.657245,0.470051,-0.006984,-0.158357,0.340057,1,True,True,-0.013219,-0.000230,-0.024012,-0.077479,-0.023429,-0.132608,-0.040736,-0.010947,-0.048534,-0.040736,-0.010947,-0.048534,0.000000,-0.057761,-0.023121,-0.079644,1.000000,True,-0.018583,-0.004504,-0.005984,-0.018583,-0.004504,-0.005984,0.289742,0.261088,0.190070,0.211465,1.294243,0.576420,-0.376007,0.052044,-0.009834,-0.019604,-0.016846,-0.017738,-0.022812,-0.011955,0.008235,-0.022716,8.862025,-134.990799,26.631418,37.644112,True,velocity,0.470051,0.468384,0.000000,0.010564,0.009382,False,0.145066,0.137795,0.049442,0.051128,-2.775808,-2.725147,-0.050661,2.704746,2.749161,-0.044415,167.000000
4.6872437359998,0.107642,1.279328,-1.494857,1.369454,-0.015614,-0.180336,0.142208,0.149827,1.371087,1.868729,1.265661,0.039568,-0.059549,-0.167949,-0.054827,0.766829,0.112534,-0.629526,0.362277,-0.259040,0.603949,0.117123,-0.663320,-0.069602,0.735829,-0.291797,-0.565377,0.656105,-0.054825,0.766829,0.112529,-0.629527,0.362274,-0.259043,0.603941,0.117120,-0.663323,-0.069624,0.735825,-0.291785,-0.565378,0.656110,0.470105,-0.008084,-0.156593,0.338104,1,True,True,-0.013901,-0.000287,-0.024347,-0.080418,-0.012085,-0.108570,-0.047951,-0.011154,-0.059450,-0.047951,-0.011154,-0.059450,0.000000,-0.061177,-0.012094,-0.058597,1.000000,True,-0.040736,-0.010947,-0.048534,-0.040736,-0.010947,-0.048534,0.479512,0.332060,0.101742,0.152755,1.128736,0.116770,-0.246943,0.095129,-0.028187,-0.050638,-0.044912,-0.032814,-0.006992,-0.009528,0.000441,-0.027475,8.873744,-135.003769,26.607004,37.633091,True,velocity,0.470105,0.468466,0.000000,0.008579,0.009642,False,0.144984,0.137868,0.049415,0.051079,-2.776547,-2.725147,-0.051400,2.707547,2.749161,-0.041615,167.000000
4.720631985983346,0.104750,1.278327,-1.498059,1.368784,-0.016966,-0.182995,0.139648,0.143887,1.368693,1.867524,1.265355,0.041877,-0.057152,-0.163171,-0.054827,0.766829,0.112534,-0.629526,0.362277,-0.259040,0.603949,0.116791,-0.662418,-0.070380,0.736620,-0.294989,-0.562026,0.653745,-0.054824,0.766830,0.112530,-0.629526,0.362274,-0.259043,0.603944,0.116798,-0.662422,-0.070385,0.736615,-0.294975,-0.562022,0.653753,0.469301,-0.009494,-0.155313,0.336460,1,True,True,-0.013999,-0.000808,-0.024010,-0.068865,-0.026514,-0.095322,-0.051754,-0.013946,-0.065972,-0.051754,-0.013946,-0.065972,0.000000,-0.050872,-0.026053,-0.049317,1.000000,True,-0.047951,-0.011154,-0.059450,-0.047951,-0.011154,-0.059450,0.453319,0.307480,0.066578,0.101934,0.951618,0.460209,-0.161471,0.107330,-0.035393,-0.060663,-0.055970,-0.038042,0.006919,-0.021418,-0.018162,-0.025268,8.878209,-135.047852,26.569614,37.616909,True,velocity,0.469301,0.468487,0.000000,0.006608,0.027137,False,0.144879,0.137829,0.049368,0.051057,-2.777758,-2.725147,-0.052611,2.703137,2.749161,-0.046024,167.000000
4.7575228859786876,0.102683,1.277308,-1.501269,1.368480,-0.018244,-0.185412,0.137508,0.139193,1.367929,1.868317,1.264054,0.045850,-0.056892,-0.159427,-0.054827,0.766829,0.112534,-0.629526,0.362277,-0.259040,0.603949,0.118189,-0.663029,-0.070270,0.735858,-0.297988,-0.559083,0.651379,-0.054825,0.766830,0.112530,-0.629526,0.362275,-0.259044,0.603944,0.118197,-0.663026,-0.070264,0.735859,-0.297985,-0.559085,0.651392,0.468584,-0.010784,-0.154287,0.334800,1,True,True,-0.013685,-0.001219,-0.023471,-0.058702,-0.026193,-0.091941,-0.053017,-0.016173,-0.070694,-0.053017,-0.016173,-0.070694,0.000000,-0.042368,-0.025456,-0.049808,1.000000,True,-0.051754,-0.013946,-0.065972,-0.051754,-0.013946,-0.065972,0.497749,0.336517,0.092871,0.143677,0.847644,0.435810,-0.099777,0.107531,-0.043341,-0.066298,-0.061913,-0.040934,0.006745,-0.036965,-0.051636,-0.027660,8.870814,-135.087616,26.510044,37.588589,True,velocity,0.468584,0.468487,0.000000,0.004864,0.030991,False,0.144809,0.137704,0.049320,0.051052,-2.778925,-2.725147,-0.053778,2.700098,2.749161,-0.049063,167.000000
4.787461541010998,0.101485,1.277061,-1.503797,1.369163,-0.018816,-0.187035,0.135250,0.135148,1.367731,1.870218,1.261948,0.048111,-0.060665,-0.155688,-0.054827,0.766829,0.112534,-0.629526,0.362277,-0.259040,0.603949,0.121264,-0.663359,-0.068465,0.735229,-0.300501,-0.556538,0.649040,-0.054826,0.766831,0.112531,-0.629525,0.362277,-0.259043,0.603942,0.121269,-0.663350,-0.068464,0.735237,-0.300507,-0.556543,0.649051,0.467934,-0.011507,-0.153468,0.333460,1,True,True,-0.012936,-0.001100,-0.022455,-0.044877,-0.011969,-0.077975,-0.051537,-0.015409,-0.072017,-0.051537,-0.015409,-0.072017,0.000000,-0.030605,-0.011749,-0.040207,1.000000,True,-0.053017,-0.016173,-0.070694,-0.053017,-0.016173,-0.070694,0.544596,0.364754,0.115014,0.181238,0.786059,0.416711,-0.057221,0.107330,-0.046329,-0.069519,-0.064357,-0.041568,-0.000589,-0.057384,-0.065319,-0.028142,8.857003,-135.125137,26.469866,37.578266,True,velocity,0.467934,0.468487,0.000000,0.003703,0.028819,False,0.144843,0.137502,0.049284,0.051043,-2.779925,-2.725147,-0.054778,2.699999,2.749161,-0.049162,167.000000
4.8204419409739785,0.099924,1.277652,-1.505300,1.369856,-0.018609,-0.188208,0.132775,0.130255,1.365860,1.867696,1.261160,0.046010,-0.062162,-0.151121,-0.054827,0.766829,0.112534,-0.629526,0.362277,-0.259040,0.603949,0.121399,-0.660947,-0.068490,0.737374,-0.301662,-0.554123,0.647011,-0.054826,0.766830,0.112532,-0.629525,0.362278,-0.259041,0.603943,0.121393,-0.660949,-0.068501,0.737372,-0.301653,-0.554124,0.647016,0.467352,-0.011788,-0.152619,0.332802,1,True,True,-0.012110,-0.000583,-0.020712,-0.039196,0.001684,-0.052206,-0.049293,-0.012301,-0.068415,-0.049293,-0.012301,-0.068415,0.000000,-0.026810,0.000904,-0.019739,1.000000,True,-0.051537,-0.015409,-0.072017,-0.051537,-0.015409,-0.072017,0.552574,0.363070,0.102905,0.166078,0.730865,0.410868,-0.026370,0.119934,-0.045273,-0.068149,-0.063357,-0.039787,-0.012898,-0.062262,-0.069417,-0.027719,8.845284,-135.174667,26.432478,37.563057,True,velocity,0.467352,0.468487,0.000000,0.002786,0.015191,False,0.144893,0.137415,0.049269,0.051019,-2.780932,-2.725147,-0.055785,2.701111,2.749161,-0.048050,167.000000
4.854179262998514,0.098047,1.277714,-1.507021,1.369770,-0.018756,-0.189862,0.130830,0.125693,1.364181,1.863327,1.261131,0.045406,-0.059493,-0.147173,-0.054827,0.766829,0.112534,-0.629526,0.362277,-0.259040,0.603949,0.119383,-0.659049,-0.070723,0.739189,-0.302299,-0.551898,0.645216,-0.054826,0.766830,0.112532,-0.629525,0.362276,-0.259040,0.603946,0.119386,-0.659058,-0.070734,0.739179,-0.302282,-0.551896,0.645218,0.466825,-0.012385,-0.151832,0.332210,1,True,True,-0.011411,-0.000486,-0.019024,-0.039249,-0.007718,-0.017760,-0.047467,-0.011468,-0.059205,-0.047467,-0.011468,-0.059205,0.000000,-0.028315,-0.008695,-0.017760,1.000000,True,-0.049293,-0.012301,-0.068415,-0.049293,-0.012301,-0.068415,0.502176,0.327262,0.064254,0.103709,0.694282,0.410868,-0.345045,0.174770,-0.042923,-0.064114,-0.060799,-0.037861,-0.019658,-0.062490,-0.066273,-0.024449,8.831194,-135.208984,26.397739,37.549946,True,velocity,0.466825,0.468487,0.000000,0.002085,0.016952,False,0.144863,0.137404,0.049248,0.051011,-2.782248,-2.725147,-0.057101,2.696888,2.749161,-0.052273,167.000000
4.891359050991014,0.097353,1.278348,-1.508360,1.369575,-0.018226,-0.190595,0.130093,0.122499,1.363996,1.861346,1.259983,0.046039,-0.060028,-0.146100,-0.054827,0.766829,0.112534,-0.629526,0.362277,-0.259040,0.603949,0.120302,-0.658441,-0.072052,0.739453,-0.302657,-0.550143,0.643683,-0.054827,0.766829,0.112534,-0.629526,0.362277,-0.259040,0.604095,0.120305,-0.658442,-0.072053,0.739452,-0.302654,-0.550148,0.643831,0.466820,-0.012543,-0.151355,0.331503,1,True,True,-0.010331,-0.000109,-0.017757,-0.024177,0.001993,-0.021215,-0.043232,-0.009020,-0.052298,-0.043232,-0.009020,-0.052298,0.000000,-0.015095,0.000443,-0.021215,1.000000,True,-0.047467,-0.011468,-0.059205,-0.047467,-0.011468,-0.059205,0.464058,0.314584,0.073132,0.112219,0.657700,0.245249,-0.001800,0.174575,-0.041044,-0.060317,-0.057393,-0.037566,-0.021944,-0.059528,-0.060644,-0.021682,8.814314,-135.241211,26.359097,37.534737,True,velocity,0.466820,0.468487,0.000000,0.001527,0.021499,False,0.144843,0.137296,0.049249,0.051015,-2.783550,-2.725147,-0.058404,2.691285,2.749161,-0.057876,167.000000
4.9285232269903645,0.096450,1.278301,-1.510017,1.368987,-0.018196,-0.191980,0.129631,0.120387,1.364017,1.858470,1.259940,0.048468,-0.057438,-0.144444,-0.054827,0.766829,0.112534,-0.629526,0.362277,-0.259040,0.603949,0.118892,-0.658750,-0.074098,0.739204,-0.302722,-0.548937,0.642710,-0.054827,0.766829,0.112534,-0.629526,0.362276,-0.259040,0.604283,0.118899,-0.658752,-0.074097,0.739201,-0.302717,-0.548937,0.643046,0.466820,-0.013067,-0.150988,0.330947,1,True,True,-0.009414,-0.000192,-0.016569,-0.015685,-0.011039,-0.016663,-0.038224,-0.009387,-0.045819,-0.038224,-0.009387,-0.045819,0.000000,-0.015685,-0.011039,-0.016663,1.000000,True,-0.038224,-0.009387,-0.045819,-0.043232,-0.009020,-0.052298,0.422197,0.287752,0.050101,0.075960,0.614709,0.373862,0.010264,0.125810,-0.036952,-0.054157,-0.052159,-0.034398,-0.020287,-0.053196,-0.052747,-0.021069,8.803990,-135.275803,26.322824,37.519253,True,velocity,0.466820,0.468487,0.000000,0.001110,0.003570,False,0.144772,0.137294,0.049234,0.051030,-2.784549,-2.725147,-0.059402,2.688996,2.749161,-0.060165,167.000000
4.96055813098792,0.096338,1.278671,-1.511209,1.369164,-0.017723,-0.192935,0.129247,0.119161,1.363892,1.856790,1.259446,0.049549,-0.058029,-0.142690,-0.054827,0.766829,0.112534,-0.629526,0.362277,-0.259040,0.603949,0.118599,-0.658750,-0.074400,0.739221,-0.302691,-0.548393,0.642046,-0.054828,0.766829,0.112535,-0.629526,0.362276,-0.259040,0.604408,0.118603,-0.658750,-0.074402,0.739220,-0.302690,-0.548391,0.642508,0.466820,-0.013227,-0.150896,0.330766,1,True,True,-0.008281,-0.000010,-0.015223,-0.004239,-0.003568,-0.005420,-0.032045,-0.008329,-0.038474,-0.032045,-0.008329,-0.038474,0.000000,-0.004239,-0.003568,-0.005420,1.000000,True,-0.038224,-0.009387,-0.045819,-0.038224,-0.009387,-0.045819,0.457924,0.315134,0.081847,0.123389,0.583906,0.362176,0.010759,0.125610,-0.033661,-0.048343,-0.046051,-0.030668,-0.016838,-0.048349,-0.048945,-0.018827,8.796456,-135.295197,26.298967,37.511162,True,velocity,0.466820,0.468487,0.000000,0.000841,0.011013,False,0.144778,0.137246,0.049225,0.051032,-2.785576,-2.725147,-0.060429,2.686315,2.749161,-0.062847,167.000000
4.989540438982658,0.096354,1.279159,-1.512294,1.368591,-0.017041,-0.193596,0.129708,0.118243,1.363745,1.854862,1.259233,0.051181,-0.057610,-0.142544,-0.054827,0.766829,0.112534,-0.629526,0.362277,-0.259040,0.603949,0.118346,-0.658942,-0.075466,0.738982,-0.302530,-0.547942,0.641739,-0.054829,0.766829,0.112535,-0.629526,0.362276,-0.259039,0.604300,0.118349,-0.658941,-0.075466,0.738982,-0.302529,-0.547943,0.642088,0.466820,-0.013331,-0.150846,0.330428,1,True,True,-0.007295,0.000177,-0.014279,-0.002464,-0.002432,-0.010149,-0.026666,-0.007257,-0.033324,-0.026666,-0.007257,-0.033324,0.000000,-0.002464,-0.002432,-0.010149,1.000000,True,-0.032045,-0.008329,-0.038474,-0.032045,-0.008329,-0.038474,0.472710,0.325956,0.093447,0.140850,0.565296,0.355684,0.016543,0.125810,-0.028523,-0.040712,-0.038640,-0.025756,-0.013851,0.000000,-0.041118,-0.016516,8.791574,-139.112442,26.285435,37.506836,True,velocity,0.466820,0.468487,0.000000,0.000650,0.008554,False,0.144724,0.137226,0.049229,0.051037,-2.786628,-2.725147,-0.061481,2.684576,2.749161,-0.064586,167.000000
5.02326839097077,0.096331,1.279824,-1.513263,1.368564,-0.016329,-0.194100,0.129567,0.117824,1.362942,1.853363,1.259738,0.051463,-0.058755,-0.140518,-0.054827,0.766829,0.112534,-0.629526,0.362277,-0.259040,0.603949,0.117577,-0.658658,-0.074620,0.739444,-0.302582,-0.547680,0.641869,-0.054828,0.766829,0.112535,-0.629526,0.362277,-0.259040,0.604311,0.117578,-0.658658,-0.074623,0.739443,-0.302581,-0.547677,0.642232,0.466820,-0.013323,-0.150700,0.330082,1,True,True,-0.006542,0.000469,-0.013514,-0.004047,0.001705,-0.010389,-0.022554,-0.005628,-0.029154,-0.022554,-0.005628,-0.029154,0.000000,-0.004047,0.001705,-0.010389,1.000000,True,-0.022554,-0.005628,-0.029154,-0.026666,-0.007257,-0.033324,0.495078,0.337314,0.097883,0.150037,0.553103,0.411142,0.095903,0.125410,-0.023827,-0.034256,-0.032455,-0.021233,-0.010437,-0.031353,-0.032552,-0.011969,8.787528,-135.326447,26.277903,37.502930,True,velocity,0.466820,0.468487,0.000000,0.000487,0.010073,False,0.144722,0.137265,0.049232,0.051026,-2.787506,-2.725147,-0.062360,2.682833,2.749161,-0.066328,167.000000
5.055339962011203,0.096521,1.280064,-1.514712,1.368017,-0.015958,-0.194670,0.130052,0.118830,1.363494,1.853942,1.260428,0.055093,-0.059920,-0.139353,-0.054827,0.766829,0.112534,-0.629526,0.362277,-0.259040,0.603949,0.117480,-0.660533,-0.072933,0.737953,-0.302956,-0.547631,0.642456,-0.054828,0.766829,0.112535,-0.629526,0.362276,-0.259041,0.604218,0.117482,-0.660531,-0.072935,0.737955,-0.302958,-0.547629,0.642726,0.466820,-0.013540,-0.150578,0.329255,1,True,True,-0.005978,0.000487,-0.013369,-0.005629,-0.004909,-0.024805,-0.019476,-0.005497,-0.028363,-0.019476,-0.005497,-0.028363,0.000000,-0.005629,-0.004909,-0.024805,1.000000,True,-0.022554,-0.005628,-0.029154,-0.022554,-0.005628,-0.029154,0.481672,0.322697,0.074604,0.116317,0.553087,0.564343,0.034537,0.125610,-0.019806,-0.028894,-0.027564,-0.017716,-0.007382,-0.021813,-0.023530,-0.011969,8.785575,-135.329666,26.266880,37.502930,True,velocity,0.466820,0.468487,0.000000,0.000368,0.026351,False,0.144669,0.137330,0.049230,0.051031,-2.788394,-2.725147,-0.063247,2.681270,2.749161,-0.067891,167.000000
5.089661855017766,0.096869,1.280550,-1.515608,1.367799,-0.015254,-0.195226,0.130537,0.118540,1.362966,1.852769,1.260209,0.056039,-0.060753,-0.138934,-0.054827,0.766829,0.112534,-0.629526,0.362277,-0.259040,0.603949,0.117480,-0.660533,-0.072933,0.737953,-0.302956,-0.547631,0.642456,-0.054828,0.766829,0.112535,-0.629526,0.362277,-0.259040,0.604108,0.117481,-0.660533,-0.072934,0.737953,-0.302956,-0.547630,0.642614,0.466820,-0.013554,-0.150673,0.329112,1,True,True,-0.005245,0.000620,-0.012567,0.002550,-0.001352,-0.004295,-0.015472,-0.004743,-0.023987,-0.015472,-0.004743,-0.023987,0.000000,0.002550,-0.001352,-0.004295,1.000000,True,-0.015472,-0.004743,-0.023987,-0.019476,-0.005497,-0.028363,0.549334,0.353696,0.083044,0.137142,0.553120,0.490723,0.034537,0.125610,-0.017183,-0.025901,-0.024353,-0.014783,-0.004057,-0.010876,-0.012760,-0.003859,8.785853,-135.330917,26.266043,37.501812,True,velocity,0.466820,0.468487,0.000000,0.000274,0.028566,False,0.144647,0.137305,0.049232,0.051025,-2.788977,-2.725147,-0.063831,2.682965,2.749161,-0.066197,167.000000
5.121858611004427,0.096709,1.281267,-1.517046,1.365977,-0.014579,-0.194920,0.131693,0.120758,1.362552,1.853742,1.263345,0.059741,-0.061601,-0.137761,-0.054827,0.766829,0.112534,-0.629526,0.362277,-0.259040,0.603949,0.116385,-0.662550,-0.069537,0.736646,-0.303784,-0.547498,0.644606,-0.054829,0.766829,0.112535,-0.629526,0.362275,-0.259041,0.603953,0.116383,-0.662546,-0.069538,0.736649,-0.303785,-0.547498,0.644606,0.467036,-0.013639,-0.150143,0.327319,1,True,True,-0.005258,0.000873,-0.013561,-0.015847,0.002934,-0.053798,-0.015540,-0.003347,-0.029407,-0.015540,-0.003347,-0.029407,0.000000,-0.015847,0.002934,-0.053798,1.000000,True,-0.015472,-0.004743,-0.023987,-0.015472,-0.004743,-0.023987,0.593205,0.374407,0.092065,0.157108,0.553120,0.355684,0.035180,0.125810,-0.013730,-0.021001,-0.018880,-0.011530,-0.001779,-0.004498,-0.008027,-0.001540,8.786133,-135.331192,26.266323,37.503071,True,velocity,0.467036,0.468487,0.000000,0.000208,0.028574,False,0.144501,0.137592,0.049260,0.051010,-2.789798,-2.725147,-0.064651,2.681715,2.749161,-0.067446,167.000000
5.15564876596909,0.096910,1.282023,-1.518141,1.364408,-0.013715,-0.194689,0.133105,0.121703,1.362045,1.853963,1.264711,0.062327,-0.062420,-0.138423,-0.054827,0.766829,0.112534,-0.629526,0.362277,-0.259040,0.603949,0.116593,-0.663619,-0.068162,0.735778,-0.304334,-0.547317,0.645802,-0.054829,0.766829,0.112535,-0.629526,0.362276,-0.259040,0.603953,0.116591,-0.663618,-0.068162,0.735779,-0.304334,-0.547318,0.645799,0.467456,-0.013610,-0.149904,0.326101,1,True,True,-0.004956,0.001085,-0.013798,-0.006449,0.003182,-0.036534,-0.013887,-0.002160,-0.030703,-0.013887,-0.002160,-0.030703,0.000000,-0.006449,0.003182,-0.036534,1.000000,True,-0.015540,-0.003347,-0.029407,-0.015540,-0.003347,-0.029407,0.582910,0.326278,-0.012410,-0.024178,0.559521,0.355684,0.040964,0.125810,-0.012622,-0.021674,-0.020518,-0.010425,0.000100,-0.001385,-0.001396,0.001575,8.785994,-135.331329,26.265625,37.505302,True,velocity,0.467456,0.468487,0.000000,0.000156,0.014153,False,0.144377,0.137714,0.049286,0.050999,-2.789911,-2.725147,-0.064765,2.684313,2.749161,-0.064848,167.000000
5.188986052991822,0.096774,1.283102,-1.518893,1.362414,-0.012563,-0.194211,0.134627,0.121817,1.360433,1.852209,1.266638,0.063086,-0.061655,-0.139397,-0.054827,0.766829,0.112534,-0.629526,0.362277,-0.259040,0.603949,0.115773,-0.663330,-0.068075,0.736177,-0.304597,-0.546904,0.647059,-0.054830,0.766829,0.112535,-0.629526,0.362275,-0.259039,0.603955,0.115773,-0.663329,-0.068075,0.736177,-0.304596,-0.546906,0.647053,0.467959,-0.013454,-0.149557,0.324945,1,True,True,-0.004770,0.001416,-0.013931,-0.008269,0.007881,-0.034677,-0.012861,-0.000489,-0.031425,-0.012861,-0.000489,-0.031425,0.000000,-0.008269,0.007881,-0.034677,1.000000,True,-0.013887,-0.002160,-0.030703,-0.013887,-0.002160,-0.030703,0.599345,0.300532,-0.083583,-0.182620,0.565296,0.355964,0.035030,0.082725,-0.010491,-0.019972,-0.019135,-0.008462,0.000121,-0.000851,-0.000759,0.002870,8.785295,-135.333008,26.263254,37.509624,True,velocity,0.467959,0.468487,0.000000,0.000116,0.015940,False,0.144222,0.137883,0.049324,0.050978,-2.790180,-2.725147,-0.065033,2.685408,2.749161,-0.063753,167.000000
5.222299524990376,0.095909,1.283295,-1.520422,1.359458,-0.012233,-0.194421,0.136313,0.122570,1.358956,1.849992,1.270072,0.066641,-0.056974,-0.139787,-0.054827,0.766829,0.112534,-0.629526,0.362277,-0.259040,0.603949,0.112720,-0.664322,-0.068657,0.735701,-0.305184,-0.546397,0.648847,-0.054829,0.766828,0.112535,-0.629527,0.362274,-0.259040,0.603956,0.112719,-0.664316,-0.068656,0.735707,-0.305176,-0.546398,0.648843,0.468395,-0.013884,-0.148999,0.323284,1,True,True,-0.005012,0.001207,-0.014544,-0.020080,-0.006614,-0.049838,-0.014177,-0.001476,-0.034773,-0.014177,-0.001476,-0.034773,0.000000,-0.020080,-0.006614,-0.049838,1.000000,True,-0.012861,-0.000489,-0.031425,-0.012861,-0.000489,-0.031425,0.523381,0.233976,-0.182568,-0.420357,0.565311,0.349472,0.010117,0.015275,-0.008673,-0.018479,-0.018099,-0.007286,0.000318,-0.001584,-0.001451,0.005809,8.787389,-135.334396,26.263672,37.518276,True,velocity,0.468395,0.468487,0.000000,0.000087,0.017362,False,0.143965,0.138197,0.049348,0.050965,-2.790479,-2.725147,-0.065332,2.683955,2.749161,-0.065207,167.000000
5.256026791990735,0.096166,1.283830,-1.521579,1.357435,-0.011492,-0.194219,0.138240,0.123558,1.357218,1.849991,1.271666,0.068698,-0.056813,-0.141174,-0.054827,0.766829,0.112534,-0.629526,0.362277,-0.259040,0.603949,0.112676,-0.664767,-0.067602,0.735404,-0.306191,-0.546402,0.650387,-0.054829,0.766829,0.112535,-0.629526,0.362276,-0.259040,0.603954,0.112674,-0.664766,-0.067602,0.735405,-0.306188,-0.546403,0.650383,0.468913,-0.013951,-0.148832,0.321999,1,True,True,-0.004720,0.001243,-0.014670,-0.005378,-0.000237,-0.038533,-0.012577,-0.001251,-0.035457,-0.012577,-0.001251,-0.035457,0.000000,-0.005378,-0.000237,-0.038533,1.000000,True,-0.014177,-0.001476,-0.034773,-0.014177,-0.001476,-0.034773,0.606661,0.278139,-0.137675,-0.324802,0.565311,0.324804,-0.032941,-0.076779,-0.010053,-0.020862,-0.020140,-0.008455,0.001115,-0.001654,-0.000365,0.012410,8.788505,-135.335236,26.265207,37.534458,True,velocity,0.468913,0.468487,0.000000,0.000065,0.032216,False,0.143797,0.138334,0.049373,0.050937,-2.790612,-2.725147,-0.065465,2.682753,2.749161,-0.066408,167.000000
5.289695577987004,0.096336,1.284442,-1.522712,1.355061,-0.010693,-0.193849,0.140389,0.124597,1.355306,1.849854,1.273588,0.070796,-0.056221,-0.142962,-0.054827,0.766829,0.112534,-0.629526,0.362277,-0.259040,0.603949,0.112504,-0.665179,-0.066685,0.735141,-0.307243,-0.546329,0.652128,-0.054830,0.766829,0.112535,-0.629526,0.362275,-0.259039,0.603955,0.112501,-0.665177,-0.066684,0.735143,-0.307241,-0.546330,0.652123,0.469510,-0.014000,-0.148598,0.320546,1,True,True,-0.004540,0.001310,-0.014941,-0.007129,0.000907,-0.043608,-0.011587,-0.000859,-0.036939,-0.011587,-0.000859,-0.036939,0.000000,-0.007129,0.000907,-0.043608,1.000000,True,-0.012577,-0.001251,-0.035457,-0.012577,-0.001251,-0.035457,0.706912,0.292100,-0.164708,-0.441119,0.577503,0.325453,-0.050935,-0.156429,-0.008542,-0.019418,-0.018724,-0.006913,0.001477,-0.002492,-0.000307,0.015472,8.788505,-135.339279,26.262556,37.540039,True,velocity,0.469510,0.468487,0.000000,0.000049,0.003680,False,0.143602,0.138501,0.049404,0.050907,-2.790733,-2.725147,-0.065587,2.683065,2.749161,-0.066096,167.000000
5.3236374169937335,0.095221,1.284431,-1.524304,1.352547,-0.010651,-0.194268,0.141406,0.125189,1.353148,1.847543,1.277293,0.073342,-0.051638,-0.141843,-0.054827,0.766829,0.112534,-0.629526,0.362277,-0.259040,0.603949,0.108783,-0.665571,-0.066605,0.735354,-0.308123,-0.545760,0.653910,-0.054828,0.766828,0.112535,-0.629527,0.362274,-0.259040,0.603954,0.108785,-0.665566,-0.066607,0.735358,-0.308113,-0.545765,0.653907,0.469753,-0.014522,-0.147949,0.318934,1,True,True,-0.004939,0.001053,-0.015322,-0.023527,-0.008395,-0.048356,-0.013758,-0.002229,-0.039015,-0.013758,-0.002229,-0.039015,0.000000,-0.023527,-0.008395,-0.048356,1.000000,True,-0.011587,-0.000859,-0.036939,-0.011587,-0.000859,-0.036939,0.792565,0.292678,-0.202401,-0.604557,0.608292,0.379982,-0.069712,-0.217798,-0.007414,-0.018636,-0.018078,-0.005974,0.000744,-0.005196,-0.001222,0.015320,8.786272,-135.348221,26.258511,37.547852,True,velocity,0.469753,0.468487,0.000000,0.000036,0.004827,False,0.143377,0.138832,0.049417,0.050878,-2.790756,-2.725147,-0.065609,2.683306,2.749161,-0.065855,167.000000
5.356778039014898,0.094949,1.284459,-1.525595,1.350856,-0.010420,-0.194713,0.142580,0.125579,1.350543,1.846061,1.279296,0.074424,-0.049422,-0.141527,-0.054827,0.766829,0.112534,-0.629526,0.362277,-0.259040,0.603949,0.106879,-0.665174,-0.066290,0.736021,-0.309149,-0.545710,0.655242,-0.054828,0.766829,0.112535,-0.629526,0.362276,-0.259040,0.603952,0.106881,-0.665171,-0.066291,0.736022,-0.309146,-0.545712,0.655238,0.470013,-0.014863,-0.147730,0.317945,1,True,True,-0.004800,0.000872,-0.015010,-0.009541,-0.007511,-0.029656,-0.012991,-0.003189,-0.037313,-0.012991,-0.003189,-0.037313,0.000000,-0.009541,-0.007511,-0.029656,1.000000,True,-0.013758,-0.002229,-0.039015,-0.013758,-0.002229,-0.039015,0.777135,0.331059,-0.124433,-0.343735,0.632678,0.379982,-0.088071,0.174575,-0.009890,-0.021535,-0.020542,-0.007432,-0.003636,-0.008561,-0.004971,0.014262,8.777623,-135.354630,26.253069,37.560966,True,velocity,0.470013,0.468487,0.000000,0.000027,0.023802,False,0.143223,0.139001,0.049423,0.050841,-2.790917,-2.725147,-0.065770,2.681568,2.749161,-0.067593,167.000000
5.392919385980349,0.095694,1.285043,-1.526465,1.349140,-0.009547,-0.194385,0.144768,0.126213,1.349270,1.846470,1.279447,0.076175,-0.050168,-0.144378,-0.054827,0.766829,0.112534,-0.629526,0.362277,-0.259040,0.603949,0.108359,-0.665497,-0.066004,0.735538,-0.309982,-0.545827,0.656212,-0.054828,0.766829,0.112534,-0.629526,0.362277,-0.259040,0.603511,0.108355,-0.665498,-0.066002,0.735538,-0.309980,-0.545826,0.655765,0.470154,-0.014793,-0.147815,0.316999,1,True,True,-0.004266,0.001011,-0.014712,0.003089,0.001156,-0.028385,-0.010067,-0.002399,-0.035690,-0.010067,-0.002399,-0.035690,0.000000,0.003089,0.001156,-0.028385,1.000000,True,-0.012991,-0.003189,-0.037313,-0.012991,-0.003189,-0.037313,0.862455,0.381686,-0.071336,-0.204908,-0.464441,0.325087,-0.088209,0.174575,-0.009950,-0.020826,-0.019381,-0.006761,-0.008694,-0.010479,-0.006826,0.012182,8.767159,-135.360916,26.248186,37.560127,True,velocity,0.470154,0.468487,0.000000,0.000020,0.028084,False,0.143084,0.139007,0.049448,0.050821,-2.791208,-2.725147,-0.066062,2.679771,2.749161,-0.069390,167.000000
5.422797004983295,0.095473,1.285400,-1.527594,1.348334,-0.009227,-0.194502,0.145061,0.127568,1.347215,1.846480,1.281998,0.076678,-0.050927,-0.141716,-0.054827,0.766829,0.112534,-0.629526,0.362277,-0.259040,0.603949,0.106530,-0.665490,-0.062834,0.736089,-0.311021,-0.545875,0.657918,-0.054826,0.766830,0.112533,-0.629526,0.362278,-0.259042,0.603413,0.106530,-0.665488,-0.062835,0.736090,-0.311022,-0.545889,0.657383,0.470154,-0.014926,-0.147452,0.315931,1,True,True,-0.004318,0.001078,-0.014591,-0.011593,-0.000244,-0.032054,-0.010345,-0.002007,-0.035029,-0.010345,-0.002007,-0.035029,0.000000,-0.011593,-0.000244,-0.032054,1.000000,True,-0.010067,-0.002399,-0.035690,-0.010067,-0.002399,-0.035690,1.037201,0.397347,-0.121665,-0.458172,0.725085,0.331296,-0.081782,-0.278683,-0.006758,-0.017452,-0.016245,-0.004389,-0.011586,-0.008633,-0.006716,0.007958,8.760881,-135.361053,26.247349,37.559151,True,velocity,0.470154,0.468487,0.000000,0.000015,0.025948,False,0.143016,0.139227,0.049456,0.050780,-2.791309,-2.725147,-0.066162,2.680308,2.749161,-0.068853,167.000000
5.458846482972149,0.095647,1.285176,-1.528978,1.347135,-0.009199,-0.195061,0.146211,0.129299,1.347548,1.847298,1.283147,0.081005,-0.050328,-0.141621,-0.054827,0.766829,0.112534,-0.629526,0.362277,-0.259040,0.603949,0.105864,-0.667659,-0.061642,0.734319,-0.311598,-0.546148,0.659008,-0.054826,0.766830,0.112533,-0.629525,0.362278,-0.259042,0.603201,0.105860,-0.667656,-0.061639,0.734322,-0.311588,-0.546154,0.658260,0.470154,-0.015308,-0.147417,0.315050,1,True,True,-0.004131,0.000790,-0.014304,-0.004696,-0.010519,-0.026416,-0.009504,-0.003023,-0.033463,-0.009504,-0.003023,-0.033463,0.000000,-0.004696,-0.010519,-0.026416,1.000000,True,-0.010345,-0.002007,-0.035029,-0.010345,-0.002007,-0.035029,0.962095,0.368739,-0.139197,-0.479676,0.779627,0.355404,-0.087566,-0.315482,-0.007550,-0.017473,-0.016437,-0.004877,-0.012400,-0.004616,-0.003349,0.003021,8.752511,-135.360214,26.249582,37.568218,True,velocity,0.470154,0.468487,0.000000,0.000011,0.012886,False,0.142900,0.139335,0.049452,0.050782,-2.791582,-2.725147,-0.066435,2.680417,2.749161,-0.068744,167.000000
5.490301723009907,0.095671,1.285450,-1.529823,1.346267,-0.008769,-0.195338,0.146955,0.129974,1.346959,1.846528,1.284240,0.082588,-0.049849,-0.141153,-0.054827,0.766829,0.112534,-0.629526,0.362277,-0.259040,0.603949,0.104838,-0.668161,-0.061123,0.734053,-0.311752,-0.546220,0.659801,-0.054825,0.766830,0.112532,-0.629525,0.362279,-0.259042,0.603019,0.104836,-0.668161,-0.061121,0.734054,-0.311751,-0.546226,0.658871,0.470154,-0.015416,-0.147338,0.314513,1,True,True,-0.003925,0.000810,-0.013725,-0.003296,-0.002283,-0.016098,-0.008223,-0.003324,-0.030306,-0.008223,-0.003324,-0.030306,0.000000,-0.003296,-0.002283,-0.016098,1.000000,True,-0.009504,-0.003023,-0.033463,-0.009504,-0.003023,-0.033463,1.079073,0.438398,-0.070702,-0.274893,0.829035,0.355684,-0.087428,-0.333760,-0.007804,-0.016703,-0.015228,-0.003957,-0.012534,-0.001769,-0.000960,0.005375,8.745397,-135.361603,26.248325,37.574078,True,velocity,0.470154,0.468487,0.000000,0.000009,0.013532,False,0.142824,0.139431,0.049459,0.050773,-2.791803,-2.725147,-0.066657,2.682468,2.749161,-0.066693,167.000000
5.5283751909737475,0.096292,1.285341,-1.530168,1.346199,-0.008846,-0.195132,0.147509,0.130116,1.347059,1.845939,1.283779,0.082600,-0.049957,-0.140715,-0.054827,0.766829,0.112534,-0.629526,0.362277,-0.259040,0.603949,0.104838,-0.668161,-0.061123,0.734053,-0.311752,-0.546220,0.659801,-0.054827,0.766829,0.112534,-0.629526,0.362277,-0.259040,0.603949,0.104838,-0.668161,-0.061123,0.734053,-0.311752,-0.546220,0.659801,0.471207,-0.015434,-0.147438,0.314077,2,True,True,-0.003563,0.000867,-0.013151,0.002669,-0.001497,-0.013091,-0.006242,-0.002992,-0.027176,-0.006242,-0.002992,-0.027176,0.000000,0.002669,-0.001497,-0.013091,1.000000,True,-0.008223,-0.003324,-0.030306,-0.008223,-0.003324,-0.030306,1.159276,0.484290,-0.029057,-0.125920,0.877819,0.355684,-0.081782,-0.315889,-0.007375,-0.014988,-0.013362,-0.003040,-0.012418,-0.000429,0.000569,0.007218,8.736049,-135.362305,26.249023,37.573383,True,velocity,0.471207,0.468487,0.000000,0.000006,0.018796,False,0.142819,0.139389,0.049458,0.050777,-2.792738,-2.725147,-0.067591,2.681291,2.749161,-0.067871,167.000000
5.5556668029748835,0.096019,1.287280,-1.530426,1.341431,-0.006888,-0.192938,0.151379,0.133186,1.346340,1.844456,1.289134,0.086399,-0.046661,-0.145115,-0.054825,0.766830,0.112532,-0.629525,0.362279,-0.259042,0.601352,0.102652,-0.669867,-0.060869,0.732827,-0.311287,-0.546037,0.660968,-0.054834,0.766831,0.112532,-0.629524,0.362272,-0.259036,0.601368,0.102640,-0.669856,-0.060869,0.732839,-0.311281,-0.546042,0.660954,0.469894,-0.014901,-0.146771,0.311731,1,True,True,-0.003816,0.001683,-0.014591,-0.013823,0.021563,-0.070375,-0.007341,-0.002519,-0.035030,-0.007341,-0.002519,-0.035030,0.000000,-0.013823,0.021563,-0.070375,1.000000,True,-0.006242,-0.002992,-0.027176,-0.006242,-0.002992,-0.027176,1.319508,0.526996,-0.031048,-0.204992,0.939402,0.374140,-0.075859,-0.284558,-0.005999,-0.012409,-0.010857,-0.001650,-0.012384,-0.001035,0.000116,0.005098,8.726981,-135.362167,26.249861,37.573242,True,velocity,0.469894,0.468487,0.000000,0.000005,0.027218,False,0.142452,0.139877,0.049549,0.050754,-2.791918,-2.725147,-0.066772,2.682031,2.749161,-0.067130,167.000000
5.5925632219878025,0.099663,1.289509,-1.534258,1.334770,-0.014988,-0.197067,0.153360,0.134665,1.341536,1.845068,1.290476,0.090526,-0.041579,-0.148354,-0.055912,0.762428,0.115086,-0.634297,0.364682,-0.255996,0.597079,0.101190,-0.670070,-0.061778,0.732769,-0.310483,-0.545969,0.660840,-0.055882,0.762432,0.115096,-0.634292,0.364682,-0.255996,0.597105,0.101185,-0.670064,-0.061774,0.732776,-0.310477,-0.545971,0.660833,0.468195,-0.012562,-0.145790,0.311654,1,True,True,-0.003756,0.004293,-0.013501,-0.005461,0.075909,-0.002325,-0.011381,-0.002981,-0.032341,-0.011381,-0.002981,-0.032341,0.000000,-0.005461,0.075909,-0.002325,0.452148,True,-0.007341,-0.002519,-0.035030,-0.007341,-0.002519,-0.035030,1.369983,0.473360,-0.132478,-0.906877,1.031193,0.410868,-0.069572,-0.278683,-0.006555,-0.014910,-0.013388,-0.001820,-0.015761,-0.000891,0.000597,0.000780,8.710100,-135.365097,26.250000,37.573101,True,velocity,0.468195,0.468487,0.000000,0.000004,0.000949,False,0.141834,0.139972,0.049558,0.050683,-2.791333,-2.725147,-0.066186,2.683070,2.749161,-0.066091,167.000000
5.6234459829865955,0.105937,1.299656,-1.542575,1.331404,-0.049517,-0.218233,0.152436,0.131804,1.333044,1.849734,1.283416,0.096395,-0.034301,-0.142400,-0.055913,0.746115,0.114861,-0.653448,0.367296,-0.251708,0.595117,0.100208,-0.669239,-0.063251,0.733537,-0.309282,-0.545764,0.660359,-0.055656,0.746191,0.114693,-0.653411,0.367304,-0.251714,0.595209,0.100207,-0.669255,-0.063228,0.733524,-0.309276,-0.545765,0.660399,0.468943,-0.007897,-0.144879,0.314939,1,True,True,-0.002760,0.009100,-0.009138,0.018630,0.141346,0.098558,-0.007286,-0.001656,-0.030054,-0.007286,-0.001656,-0.030054,0.000000,0.018630,0.141346,0.098558,0.086426,True,-0.011381,-0.002981,-0.032341,-0.011381,-0.002981,-0.032341,0.867862,0.390250,-0.058021,-0.165137,1.073547,0.422554,-0.075216,-0.352442,-0.008909,-0.018245,-0.016905,-0.005860,-0.016694,-0.002255,0.000753,0.000417,8.704381,-135.369141,26.248606,37.579102,True,velocity,0.468943,0.468487,0.000000,0.000003,0.031973,False,0.141339,0.139269,0.049375,0.050581,-2.794930,-2.725147,-0.069784,2.681541,2.749161,-0.067621,167.000000
5.658069374971092,0.108020,1.300047,-1.541501,1.332444,-0.052521,-0.224969,0.158229,0.134144,1.331282,1.848441,1.282745,0.099677,-0.030462,-0.145132,-0.055963,0.744727,0.110879,-0.655710,0.367222,-0.248743,0.593740,0.098357,-0.669943,-0.065745,0.732926,-0.307829,-0.545316,0.659820,-0.055952,0.744722,0.110888,-0.655715,0.367209,-0.248749,0.593755,0.098357,-0.669937,-0.065742,0.732931,-0.307823,-0.545320,0.659814,0.467670,-0.007210,-0.143051,0.316675,1,True,True,-0.004041,0.010385,-0.006400,-0.050149,0.052910,0.052083,-0.003888,-0.000165,-0.027452,-0.003888,-0.000165,-0.027452,0.000000,-0.045451,0.036955,0.052083,0.074951,True,-0.007286,-0.001656,-0.030054,-0.007286,-0.001656,-0.030054,1.183546,0.406618,-0.161987,-0.749414,1.049161,0.355964,-0.075859,-0.352442,-0.005713,-0.013494,-0.012513,-0.002720,-0.013557,-0.003791,-0.001438,0.004003,8.706194,-135.369415,26.247070,37.581055,True,velocity,0.467670,0.468487,0.000000,0.000002,0.020251,False,0.141330,0.139195,0.049289,0.050562,-2.809062,-2.725147,-0.083915,2.677602,2.749161,-0.071559,167.000000
5.6981739639886655,0.106496,1.290959,-1.536224,1.339388,-0.029193,-0.214097,0.171208,0.140588,1.333617,1.844289,1.285885,0.096440,-0.033762,-0.154250,-0.052060,0.756822,0.106241,-0.642824,0.366875,-0.246018,0.594129,0.097677,-0.669865,-0.067093,0.732966,-0.306683,-0.544789,0.659372,-0.052061,0.756822,0.106241,-0.642824,0.366874,-0.246017,0.594187,0.097677,-0.669865,-0.067093,0.732966,-0.306682,-0.544788,0.659428,0.465154,-0.009493,-0.140177,0.318446,2,True,True,-0.007370,0.009132,-0.003714,-0.113339,-0.023662,0.053118,-0.006291,-0.001069,-0.024675,-0.006291,-0.001069,-0.024675,0.000000,-0.103454,-0.037649,0.053118,0.067871,True,-0.003888,-0.000165,-0.027452,-0.003888,-0.000165,-0.027452,1.788197,0.391140,-0.357754,-1.809807,1.085740,0.416984,-0.106067,-0.475027,-0.002758,-0.009248,-0.008803,-0.000651,-0.005739,-0.002793,-0.000488,0.008575,8.701033,-135.367752,26.251675,37.602398,True,velocity,0.465154,0.468487,0.000000,0.000001,0.028585,False,0.142005,0.139501,0.049320,0.050594,-2.802700,-2.725147,-0.077554,2.673076,2.749161,-0.076086,167.000000
5.729189242993016,0.106162,1.292093,-1.540511,1.343669,-0.035979,-0.214651,0.178914,0.141852,1.333133,1.844854,1.282841,0.098335,-0.032117,-0.155393,-0.044318,0.755266,0.103732,-0.645638,0.368154,-0.243491,0.595671,0.097281,-0.670373,-0.069384,0.732340,-0.305336,-0.544289,0.658698,-0.044319,0.755266,0.103733,-0.645638,0.368154,-0.243490,0.595984,0.097281,-0.670373,-0.069385,0.732340,-0.305335,-0.544287,0.659009,0.465154,-0.009153,-0.138365,0.321712,2,True,True,-0.008780,0.010056,0.000375,-0.060432,0.042167,0.097991,-0.015319,-0.003101,-0.012563,-0.015319,-0.003101,-0.012563,0.000000,-0.048375,0.026826,0.097991,0.226318,True,-0.006291,-0.001069,-0.024675,-0.006291,-0.001069,-0.024675,1.097342,0.372040,-0.184210,-0.750224,1.165956,0.416984,-0.136784,-0.585362,-0.004586,-0.011244,-0.010654,-0.002827,-0.006862,-0.000403,0.001240,0.018347,8.686523,-135.367462,26.254185,37.623604,True,velocity,0.465154,0.468487,0.000000,0.000001,0.027511,False,0.142378,0.139220,0.049263,0.050599,-2.809948,-2.725147,-0.084801,2.671379,2.749161,-0.077782,167.000000
5.757908699975815,0.106770,1.295402,-1.545512,1.342824,-0.047904,-0.220359,0.175896,0.138940,1.332431,1.845728,1.279600,0.101749,-0.029559,-0.150694,-0.042607,0.749894,0.105504,-0.651700,0.369442,-0.242237,0.596400,0.096416,-0.670957,-0.070947,0.731770,-0.304392,-0.543804,0.658127,-0.042588,0.749907,0.105473,-0.651691,0.369452,-0.242237,0.597336,0.096426,-0.670959,-0.070943,0.731767,-0.304393,-0.543800,0.659069,0.466820,-0.008155,-0.138179,0.323732,1,True,True,-0.008135,0.011162,0.002813,-0.006640,0.047231,0.060587,-0.028672,-0.003704,0.008375,-0.028672,-0.003704,0.008375,0.000000,0.004154,0.030179,0.060587,0.443848,True,-0.015319,-0.003101,-0.012563,-0.015319,-0.003101,-0.012563,0.338431,0.259828,0.089255,0.117941,1.153808,0.355964,-0.130624,-0.622297,-0.009458,-0.017837,-0.017055,-0.009746,-0.009486,0.001234,0.003962,0.023459,8.687221,-135.368301,26.252930,37.627094,True,velocity,0.466820,0.468487,0.000000,0.000001,0.008553,False,0.142253,0.138916,0.049202,0.050600,-2.808715,-2.725147,-0.083568,2.672373,2.749161,-0.076789,167.000000
5.7912058209767565,0.106991,1.292986,-1.549264,1.339711,-0.044541,-0.215401,0.165997,0.134371,1.335886,1.843761,1.277920,0.101589,-0.030867,-0.146096,-0.043955,0.751086,0.113794,-0.648837,0.370939,-0.241756,0.597689,0.096462,-0.671103,-0.072762,0.731452,-0.303550,-0.543332,0.657594,-0.043939,0.751072,0.113789,-0.648855,0.370941,-0.241758,0.597678,0.096467,-0.671103,-0.072763,0.731451,-0.303554,-0.543325,0.657610,0.467884,-0.008964,-0.139167,0.324852,1,True,True,-0.006494,0.010207,0.003654,0.012855,-0.016706,0.033623,-0.030912,-0.001698,0.020468,-0.030912,-0.001698,0.020468,0.000000,0.020465,-0.032388,0.033623,0.464111,True,-0.028672,-0.003704,0.008375,-0.028672,-0.003704,0.008375,0.088751,0.097969,0.171875,0.155888,1.012582,0.325170,-0.087566,-0.517850,-0.017015,-0.026099,-0.026593,-0.022973,-0.009021,-0.000292,0.000427,0.017962,8.689453,-135.371658,26.242188,37.608540,True,velocity,0.467884,0.468487,0.000000,0.000001,0.009788,False,0.142033,0.138784,0.049246,0.050664,-2.816290,-2.725147,-0.091144,2.670333,2.749161,-0.078828,167.000000
5.823930536978878,0.107491,1.297395,-1.551410,1.345422,-0.060200,-0.228274,0.170585,0.133984,1.332998,1.846690,1.272436,0.104963,-0.029715,-0.142259,-0.040480,0.744763,0.107194,-0.657418,0.371000,-0.240034,0.599855,0.096592,-0.671448,-0.073058,0.731088,-0.303098,-0.542904,0.657372,-0.040423,0.744801,0.107150,-0.657386,0.370977,-0.240053,0.599872,0.096596,-0.671450,-0.073051,0.731087,-0.303093,-0.542901,0.657386,0.468646,-0.007622,-0.137791,0.328012,1,True,True,-0.006337,0.011977,0.006132,-0.033166,0.069573,0.094784,-0.034575,0.001007,0.029820,-0.034575,0.001007,0.029820,0.000000,-0.026418,0.051267,0.094784,0.375000,True,-0.030912,-0.001698,0.020468,-0.030912,-0.001698,0.020468,-0.023518,-0.029481,0.152130,0.121687,0.829035,0.318962,-0.032298,-0.370569,-0.021017,-0.025373,-0.027112,-0.029793,0.007352,-0.005920,-0.009610,-0.007257,8.716658,-135.386154,26.222935,37.573940,True,velocity,0.468646,0.468487,0.000000,0.000000,0.010651,False,0.142376,0.138260,0.049060,0.050633,-2.818859,-2.725147,-0.093713,2.668207,2.749161,-0.080955,167.000000
5.856901732971892,0.106358,1.296016,-1.549449,1.349860,-0.060627,-0.234558,0.174865,0.135050,1.331985,1.847138,1.271103,0.106674,-0.029742,-0.141813,-0.040310,0.745453,0.101187,-0.657598,0.371119,-0.239825,0.601116,0.096511,-0.671911,-0.072773,0.730702,-0.302878,-0.542516,0.657195,-0.040315,0.745452,0.101194,-0.657598,0.371111,-0.239830,0.601116,0.096511,-0.671911,-0.072772,0.730702,-0.302877,-0.542515,0.657197,0.468295,-0.007197,-0.136837,0.328597,1,True,True,-0.005943,0.012654,0.005723,-0.028659,0.040376,0.017547,-0.037119,0.004654,0.033826,-0.037119,0.004654,0.033826,0.000000,-0.023110,0.021178,0.017547,0.380859,True,-0.034575,0.001007,0.029820,-0.034575,0.001007,0.029820,-0.117002,-0.156633,0.089437,0.066644,0.626902,0.318962,0.010264,-0.260407,-0.027637,-0.026881,-0.029483,-0.037214,0.018837,-0.012528,-0.023049,-0.037409,8.729772,-135.397873,26.199917,37.544086,True,velocity,0.468295,0.468487,0.000000,0.000000,0.011942,False,0.142644,0.138131,0.048933,0.050621,-2.825725,-2.725147,-0.100579,2.666776,2.749161,-0.082386,167.000000
5.890940628014505,0.104958,1.292760,-1.551742,1.346502,-0.047710,-0.221473,0.165181,0.132190,1.337546,1.843519,1.273525,0.104551,-0.033479,-0.138215,-0.040996,0.750594,0.111049,-0.650074,0.370985,-0.240051,0.601908,0.095492,-0.672285,-0.072959,0.730473,-0.302682,-0.541934,0.657218,-0.040942,0.750578,0.111031,-0.650099,0.371013,-0.240029,0.601919,0.095492,-0.672291,-0.072956,0.730467,-0.302686,-0.541932,0.657235,0.469552,-0.009801,-0.137577,0.328734,1,True,True,-0.004819,0.009800,0.004732,-0.007136,-0.066458,0.004117,-0.032249,0.006747,0.033797,-0.032249,0.006747,0.033797,0.000000,-0.003823,-0.081143,0.004117,0.411865,True,-0.037119,0.004654,0.033826,-0.037119,0.004654,0.033826,-0.202404,-0.273429,-0.016259,-0.011897,0.412564,0.153776,-0.008228,-0.174899,-0.034369,-0.027028,-0.031362,-0.042215,0.022331,-0.017748,-0.028338,-0.042161,8.732980,-135.411270,26.186663,37.526924,True,velocity,0.469552,0.468487,0.000000,0.000000,0.029944,False,0.142529,0.138390,0.049102,0.050706,-2.824060,-2.725147,-0.098913,2.666569,2.749161,-0.082592,167.000000
5.926152886997443,0.104269,1.293842,-1.551021,1.347081,-0.050809,-0.226690,0.168290,0.132775,1.335919,1.844073,1.273469,0.107208,-0.031845,-0.139053,-0.041213,0.749286,0.107197,-0.652212,0.371145,-0.240236,0.601837,0.095427,-0.672886,-0.072946,0.729929,-0.302696,-0.541534,0.657318,-0.041208,0.749287,0.107201,-0.652210,0.371137,-0.240239,0.601841,0.095426,-0.672885,-0.072944,0.729931,-0.302694,-0.541533,0.657316,0.469193,-0.008933,-0.137021,0.328105,1,True,True,-0.003983,0.010579,0.002977,-0.009317,0.045617,-0.018863,-0.029667,0.009404,0.030015,-0.029667,0.009404,0.030015,0.000000,-0.007488,0.030013,-0.018863,0.393555,True,-0.032249,0.006747,0.033797,-0.032249,0.006747,0.033797,-0.279065,-0.389761,-0.098041,-0.068502,0.271384,0.318962,0.010264,-0.137694,-0.032639,-0.021753,-0.026458,-0.037970,0.012279,-0.019402,-0.025738,-0.035404,8.732283,-135.422440,26.177317,37.505581,True,velocity,0.469193,0.468487,0.000000,0.000000,0.031648,False,0.142509,0.138374,0.049045,0.050681,-2.824448,-2.725147,-0.099302,2.665440,2.749161,-0.083721,167.000000
5.957710275019053,0.103470,1.294118,-1.551632,1.346332,-0.050559,-0.227017,0.168117,0.132643,1.335785,1.843871,1.274341,0.108810,-0.031427,-0.138515,-0.041213,0.749286,0.107197,-0.652212,0.371145,-0.240236,0.601837,0.094896,-0.673462,-0.072617,0.729501,-0.302963,-0.541019,0.657541,-0.041213,0.749286,0.107197,-0.652212,0.371144,-0.240236,0.601838,0.094896,-0.673461,-0.072616,0.729501,-0.302961,-0.541021,0.657541,0.469177,-0.009075,-0.136643,0.327634,1,True,True,-0.003388,0.010255,0.001505,-0.012975,0.014423,-0.014142,-0.026852,0.011761,0.024985,-0.026852,0.011761,0.024985,0.000000,-0.012115,-0.000407,-0.014142,0.393066,True,-0.029667,0.009404,0.030015,-0.029667,0.009404,0.030015,-0.359821,-0.489295,-0.229037,-0.163238,0.154588,-0.085788,-0.014013,-0.132046,-0.032341,-0.023524,-0.024576,-0.035221,0.003870,-0.015542,-0.024685,-0.028293,8.731306,-135.422714,26.151646,37.487305,True,velocity,0.469177,0.468487,0.000000,0.000000,0.000338,False,0.142441,0.138453,0.049050,0.050678,-2.824105,-2.725147,-0.098958,2.665673,2.749161,-0.083488,167.000000
5.990838988975156,0.102572,1.294743,-1.552005,1.345443,-0.050032,-0.226985,0.167980,0.132005,1.334275,1.842757,1.275636,0.108359,-0.030975,-0.137984,-0.041213,0.749286,0.107197,-0.652212,0.371145,-0.240236,0.601837,0.094085,-0.672674,-0.072358,0.730357,-0.303376,-0.540373,0.657979,-0.041214,0.749286,0.107197,-0.652212,0.371144,-0.240235,0.601839,0.094086,-0.672675,-0.072359,0.730357,-0.303376,-0.540376,0.657977,0.469227,-0.009061,-0.136166,0.327092,1,True,True,-0.002932,0.010032,0.000130,-0.013645,0.019188,-0.016255,-0.024374,0.013828,0.019949,-0.024374,0.013828,0.019949,0.000000,-0.013420,0.004996,-0.016255,0.363525,True,-0.026852,0.011761,0.024985,-0.026852,0.011761,0.024985,-0.444730,-0.580348,-0.367396,-0.272771,0.014049,-0.147147,-0.038582,0.499702,-0.030413,-0.023792,-0.022826,-0.031974,-0.000462,-0.012042,-0.023311,-0.029438,8.731166,-135.435959,26.142439,37.473633,True,velocity,0.469227,0.468487,0.000000,0.000000,0.017742,False,0.142371,0.138561,0.049066,0.050653,-2.824535,-2.725147,-0.099388,2.665717,2.749161,-0.083444,167.000000
6.025208215985913,0.101899,1.295238,-1.552487,1.344524,-0.049583,-0.226980,0.168084,0.131605,1.332793,1.842277,1.276626,0.108311,-0.030913,-0.137894,-0.041213,0.749286,0.107197,-0.652212,0.371145,-0.240236,0.601837,0.093815,-0.672129,-0.071868,0.730942,-0.304027,-0.539852,0.658456,-0.041214,0.749286,0.107197,-0.652212,0.371144,-0.240236,0.601839,0.093815,-0.672129,-0.071868,0.730942,-0.304027,-0.539854,0.658454,0.469315,-0.009086,-0.135771,0.326486,1,True,True,-0.002494,0.009675,-0.001140,-0.011437,0.003091,-0.018176,-0.021371,0.014992,0.014627,-0.021371,0.014992,0.014627,0.000000,-0.011437,0.003091,-0.018176,0.376221,True,-0.024374,0.013828,0.019949,-0.024374,0.013828,0.019949,-0.530080,-0.659595,-0.497088,-0.389095,-0.090553,0.337138,0.035180,-0.162074,-0.028602,-0.017596,-0.021407,-0.028956,-0.001205,-0.010766,-0.020805,-0.022858,8.728516,-135.439453,26.135044,37.468472,True,velocity,0.469315,0.468487,0.000000,0.000000,0.020024,False,0.142297,0.138641,0.049080,0.050628,-2.824934,-2.725147,-0.099787,2.664147,2.749161,-0.085014,167.000000
6.057483971002512,0.101149,1.295450,-1.553238,1.343230,-0.049364,-0.227119,0.168429,0.131449,1.331489,1.842021,1.277801,0.109413,-0.029931,-0.138176,-0.041213,0.749286,0.107197,-0.652212,0.371145,-0.240236,0.601837,0.093370,-0.672129,-0.071596,0.731026,-0.304873,-0.539297,0.659062,-0.041214,0.749286,0.107198,-0.652212,0.371144,-0.240236,0.601839,0.093371,-0.672128,-0.071596,0.731026,-0.304871,-0.539299,0.659060,0.469431,-0.009282,-0.135349,0.325646,1,True,True,-0.002240,0.009128,-0.002468,-0.013894,-0.001458,-0.025204,-0.017560,0.014002,0.004484,-0.017560,0.014002,0.004484,0.000000,-0.013894,-0.001458,-0.025204,0.701416,True,-0.021371,0.014992,0.014627,-0.021371,0.014992,0.014627,-0.613063,-0.726567,-0.610044,-0.505357,-0.176544,-0.330896,-0.198102,-0.211269,-0.026042,-0.014163,-0.019561,-0.025950,-0.003201,-0.008585,-0.014309,-0.017004,8.722098,-135.439041,26.126535,37.461494,True,velocity,0.469431,0.468487,0.000000,0.000000,0.020612,False,0.142184,0.138739,0.049090,0.050605,-2.825245,-2.725147,-0.100099,2.663243,2.749161,-0.085918,167.000000
6.09364752197871,0.100382,1.295702,-1.553909,1.342404,-0.049176,-0.227292,0.168317,0.130824,1.328727,1.841349,1.279026,0.108263,-0.029603,-0.137338,-0.041213,0.749286,0.107197,-0.652212,0.371145,-0.240236,0.601837,0.092659,-0.670740,-0.070729,0.732475,-0.306091,-0.538779,0.659685,-0.041213,0.749286,0.107197,-0.652212,0.371144,-0.240236,0.601838,0.092660,-0.670740,-0.070731,0.732474,-0.306092,-0.538782,0.659683,0.469436,-0.009436,-0.134918,0.324959,1,True,True,-0.002111,0.008654,-0.003304,-0.013715,-0.000223,-0.020599,-0.015534,0.011070,-0.003610,-0.015534,0.011070,-0.003610,0.000000,-0.013715,-0.000223,-0.020599,1.000000,True,-0.017560,0.014002,0.004484,-0.017560,0.014002,0.004484,-0.671176,-0.713850,-0.675258,-0.633321,-0.292698,0.343630,-0.302738,-0.297448,-0.021523,-0.016950,-0.019846,-0.021271,-0.006268,-0.004442,-0.012631,-0.008252,8.717494,-135.438751,26.121233,37.458984,True,velocity,0.469436,0.468487,0.000000,0.000000,0.008186,False,0.142112,0.138831,0.049096,0.050559,-2.825432,-2.725147,-0.100286,2.662866,2.749161,-0.086295,167.000000
6.128345303004608,0.100602,1.295442,-1.554920,1.341683,-0.049231,-0.227756,0.169087,0.131345,1.327620,1.843535,1.278478,0.110141,-0.031130,-0.138483,-0.041213,0.749286,0.107197,-0.652212,0.371145,-0.240236,0.601837,0.094458,-0.671368,-0.069300,0.731806,-0.307673,-0.538876,0.660096,-0.041213,0.749286,0.107198,-0.652212,0.371144,-0.240237,0.601838,0.094456,-0.671369,-0.069299,0.731806,-0.307670,-0.538876,0.660097,0.469566,-0.009729,-0.134942,0.324347,1,True,True,-0.001667,0.008000,-0.003796,-0.002175,-0.008548,-0.018366,-0.013105,0.007504,-0.006292,-0.013105,0.007504,-0.006292,0.000000,-0.002175,-0.008548,-0.018366,1.000000,True,-0.015534,0.011070,-0.003610,-0.015534,0.011070,-0.003610,-0.618971,-0.582128,-0.619385,-0.657200,-0.366387,0.355315,-0.376007,-0.371221,-0.017737,-0.017448,-0.019247,-0.018080,-0.006454,-0.000796,-0.008573,-0.004823,8.716797,-135.442520,26.120396,37.462055,True,velocity,0.469566,0.468487,0.000000,0.000000,0.011106,False,0.142039,0.138775,0.049089,0.050538,-2.825710,-2.725147,-0.100563,2.661094,2.749161,-0.088067,167.000000
6.1584014389663935,0.100506,1.295567,-1.555581,1.341435,-0.049084,-0.228014,0.169116,0.131581,1.326527,1.844645,1.278534,0.110524,-0.032819,-0.138054,-0.041213,0.749286,0.107197,-0.652212,0.371145,-0.240236,0.601837,0.095209,-0.671357,-0.067653,0.731873,-0.308679,-0.538799,0.660460,-0.041213,0.749286,0.107197,-0.652212,0.371145,-0.240236,0.601837,0.095208,-0.671357,-0.067654,0.731873,-0.308679,-0.538801,0.660461,0.469569,-0.009837,-0.134806,0.323923,1,True,True,-0.001395,0.007691,-0.004010,-0.004906,-0.001763,-0.012725,-0.011614,0.005819,-0.007462,-0.011614,0.005819,-0.007462,0.000000,-0.004906,-0.001763,-0.012725,1.000000,True,-0.013105,0.007504,-0.006292,-0.013105,0.007504,-0.006292,-0.510052,-0.443439,-0.528387,-0.602304,-0.409264,0.386197,-0.431281,-0.450611,-0.013702,-0.014917,-0.016303,-0.014347,-0.004604,-0.002848,-0.006030,-0.000097,8.716658,-135.446564,26.120396,37.465820,True,velocity,0.469569,0.468487,0.000000,0.000000,0.009919,False,0.142015,0.138773,0.049088,0.050518,-2.825822,-2.725147,-0.100676,2.662927,2.749161,-0.086234,167.000000
6.191174302017316,0.100141,1.295784,-1.555981,1.341371,-0.048864,-0.228369,0.168779,0.130895,1.323948,1.843825,1.278930,0.108452,-0.033363,-0.136918,-0.041213,0.749286,0.107197,-0.652212,0.371145,-0.240236,0.601837,0.094772,-0.669612,-0.066915,0.733595,-0.309536,-0.538680,0.660720,-0.041213,0.749287,0.107197,-0.652212,0.371145,-0.240236,0.601836,0.094771,-0.669613,-0.066917,0.733593,-0.309538,-0.538681,0.660719,0.469495,-0.009902,-0.134656,0.323849,1,True,True,-0.001172,0.007483,-0.003836,-0.004865,-0.000390,-0.002223,-0.010387,0.004690,-0.006509,-0.010387,0.004690,-0.006509,0.000000,-0.004865,-0.000390,-0.002223,1.000000,True,-0.011614,0.005819,-0.007462,-0.011614,0.005819,-0.007462,-0.442698,-0.363773,-0.481585,-0.576932,-0.421686,-0.520768,-0.437167,-0.474765,-0.011447,-0.012810,-0.014522,-0.012272,-0.001288,-0.005233,-0.000658,0.003944,8.717355,-135.448807,26.120396,37.469585,True,velocity,0.469495,0.468487,0.000000,0.000000,0.026723,False,0.142006,0.138789,0.049086,0.050477,-2.826097,-2.725147,-0.100951,2.663642,2.749161,-0.085519,167.000000
6.224101350991987,0.099954,1.295994,-1.556595,1.340580,-0.048606,-0.228429,0.169230,0.130990,1.323282,1.844463,1.279069,0.109535,-0.033940,-0.137687,-0.041213,0.749286,0.107197,-0.652212,0.371145,-0.240236,0.601837,0.095549,-0.669886,-0.066318,0.733297,-0.310293,-0.538393,0.661051,-0.041214,0.749286,0.107198,-0.652212,0.371144,-0.240236,0.601838,0.095548,-0.669886,-0.066317,0.733298,-0.310292,-0.538394,0.661050,0.469626,-0.009989,-0.134460,0.323232,1,True,True,-0.001042,0.007307,-0.004236,-0.006428,-0.000591,-0.018520,-0.009667,0.003730,-0.008693,-0.009667,0.003730,-0.008693,0.000000,-0.006428,-0.000591,-0.018520,1.000000,True,-0.010387,0.004690,-0.006509,-0.010387,0.004690,-0.006509,-0.397144,-0.326542,-0.445422,-0.533980,-0.421570,-0.496379,-0.437167,-0.493307,-0.010061,-0.012085,-0.012736,-0.010772,-0.000024,-0.004245,-0.000443,0.006013,8.717355,-135.448517,26.120676,37.472656,True,velocity,0.469626,0.468487,0.000000,0.000000,0.027403,False,0.141939,0.138798,0.049093,0.050464,-2.826565,-2.725147,-0.101418,2.661396,2.749161,-0.087765,167.000000
6.258426929009147,0.099145,1.296204,-1.557312,1.339807,-0.048530,-0.228501,0.168981,0.130958,1.322391,1.844323,1.280368,0.110220,-0.033543,-0.136668,-0.041213,0.749286,0.107197,-0.652212,0.371145,-0.240236,0.601837,0.094781,-0.669947,-0.065346,0.733429,-0.310996,-0.537746,0.661575,-0.041213,0.749286,0.107197,-0.652212,0.371144,-0.240236,0.601838,0.094782,-0.669946,-0.065347,0.733429,-0.310995,-0.537750,0.661575,0.469602,-0.010158,-0.133950,0.322370,1,True,True,-0.001259,0.007187,-0.004808,-0.016113,0.000119,-0.025844,-0.010839,0.003073,-0.011811,-0.010839,0.003073,-0.011811,0.000000,-0.016113,0.000119,-0.025844,1.000000,True,-0.009667,0.003730,-0.008693,-0.009667,0.003730,-0.008693,-0.314593,-0.234698,-0.406269,-0.529665,-0.415268,0.416984,-0.437065,-0.493307,-0.008568,-0.011443,-0.012127,-0.009483,0.000542,-0.001951,0.000518,0.005226,8.717355,-135.448517,26.121233,37.475166,True,velocity,0.469602,0.468487,0.000000,0.000000,0.029750,False,0.141872,0.138910,0.049099,0.050446,-2.826707,-2.725147,-0.101561,2.662032,2.749161,-0.087129,167.000000
6.290970998001285,0.098670,1.296596,-1.557759,1.339177,-0.048205,-0.228442,0.168994,0.130575,1.321299,1.843903,1.280948,0.110019,-0.033651,-0.136577,-0.041213,0.749286,0.107197,-0.652212,0.371145,-0.240236,0.601837,0.094745,-0.669455,-0.064975,0.733916,-0.311524,-0.537236,0.661846,-0.041214,0.749286,0.107197,-0.652212,0.371145,-0.240236,0.601838,0.094745,-0.669455,-0.064975,0.733915,-0.311525,-0.537238,0.661845,0.469656,-0.010172,-0.133613,0.321786,1,True,True,-0.001224,0.007179,-0.004999,-0.009713,0.002864,-0.017531,-0.010634,0.003035,-0.012851,-0.010634,0.003035,-0.012851,0.000000,-0.009713,0.002864,-0.017531,1.000000,True,-0.010839,0.003073,-0.011811,-0.010839,0.003073,-0.011811,-0.182110,-0.125917,-0.338309,-0.473065,-0.390657,-0.404557,-0.431281,-0.493043,-0.008773,-0.012945,-0.013560,-0.009919,0.000092,-0.000288,0.000199,0.004578,8.718053,-135.449493,26.120256,37.478374,True,velocity,0.469656,0.468487,0.000000,0.000000,0.014295,False,0.141822,0.138955,0.049110,0.050428,-2.826862,-2.725147,-0.101715,2.662026,2.749161,-0.087136,167.000000
6.3243429330177605,0.098279,1.296712,-1.558395,1.338481,-0.048087,-0.228594,0.169146,0.130435,1.320783,1.843906,1.281262,0.111001,-0.033408,-0.136818,-0.041213,0.749286,0.107197,-0.652212,0.371145,-0.240236,0.601837,0.094880,-0.669652,-0.064807,0.733733,-0.312086,-0.536801,0.662021,-0.041213,0.749286,0.107197,-0.652212,0.371144,-0.240236,0.601838,0.094880,-0.669652,-0.064806,0.733733,-0.312085,-0.536803,0.662020,0.469705,-0.010318,-0.133346,0.321178,1,True,True,-0.001171,0.007025,-0.005178,-0.008965,-0.001583,-0.018224,-0.010331,0.002195,-0.013828,-0.010331,0.002195,-0.013828,0.000000,-0.008965,-0.001583,-0.018224,1.000000,True,-0.010634,0.003035,-0.012851,-0.010634,0.003035,-0.012851,-0.171203,-0.113474,-0.345183,-0.499398,-0.347778,-0.331195,-0.412747,-0.493307,-0.008423,-0.012545,-0.013592,-0.009625,0.000359,-0.003482,-0.000108,0.004500,8.718192,-135.458008,26.120256,37.481724,True,velocity,0.469705,0.468487,0.000000,0.000000,0.014994,False,0.141761,0.138979,0.049113,0.050419,-2.827063,-2.725147,-0.101917,2.661363,2.749161,-0.087799,167.000000
6.358198550995439,0.097814,1.296916,-1.559016,1.337971,-0.047970,-0.228641,0.169015,0.130259,1.320142,1.844021,1.281733,0.111485,-0.033687,-0.136407,-0.041213,0.749286,0.107197,-0.652212,0.371145,-0.240236,0.601837,0.094959,-0.669663,-0.064088,0.733776,-0.312726,-0.536261,0.662229,-0.041213,0.749286,0.107197,-0.652212,0.371145,-0.240236,0.601837,0.094959,-0.669663,-0.064088,0.733776,-0.312726,-0.536264,0.662229,0.469700,-0.010423,-0.132992,0.320488,1,True,True,-0.001199,0.006965,-0.005407,-0.011079,0.000396,-0.020710,-0.010467,0.001868,-0.015079,-0.010467,0.001868,-0.015079,0.000000,-0.011079,0.000396,-0.020710,1.000000,True,-0.010331,0.002195,-0.013828,-0.010331,0.002195,-0.013828,-0.062766,-0.039528,-0.297589,-0.453509,-0.311203,-0.300681,-0.400642,-0.493307,-0.007750,-0.012220,-0.013186,-0.008870,0.000300,-0.004624,-0.000404,0.005469,8.717634,-135.457443,26.120396,37.486607,True,velocity,0.469700,0.468487,0.000000,0.000000,0.017666,False,0.141718,0.139018,0.049117,0.050406,-2.827222,-2.725147,-0.102075,2.661460,2.749161,-0.087701,167.000000
6.394849877979141,0.097363,1.297326,-1.559447,1.337382,-0.047658,-0.228501,0.168999,0.129808,1.318949,1.843529,1.282298,0.110987,-0.033825,-0.136287,-0.041213,0.749286,0.107197,-0.652212,0.371145,-0.240236,0.601837,0.094948,-0.669011,-0.063707,0.734405,-0.313283,-0.535698,0.662488,-0.041214,0.749286,0.107197,-0.652212,0.371145,-0.240236,0.601838,0.094948,-0.669012,-0.063708,0.734404,-0.313284,-0.535700,0.662487,0.469753,-0.010417,-0.132634,0.319845,1,True,True,-0.001191,0.007022,-0.005547,-0.010121,0.003605,-0.019281,-0.010404,0.002184,-0.015843,-0.010404,0.002184,-0.015843,0.000000,-0.010121,0.003605,-0.019281,1.000000,True,-0.010467,0.001868,-0.015079,-0.010467,0.001868,-0.015079,-0.002676,-0.001623,-0.277776,-0.439464,-0.243285,0.214802,-0.376007,-0.487168,-0.007676,-0.013014,-0.013476,-0.008723,-0.000052,-0.004759,-0.000038,0.005704,8.717634,-135.459259,26.120535,37.490093,True,velocity,0.469753,0.468487,0.000000,0.000000,0.000362,False,0.141673,0.139060,0.049128,0.050386,-2.827367,-2.725147,-0.102220,2.661629,2.749161,-0.087532,167.000000
6.42860321799526,0.096936,1.297501,-1.560163,1.336640,-0.047572,-0.228439,0.169087,0.130094,1.318652,1.844091,1.283016,0.112283,-0.034047,-0.136113,-0.041213,0.749286,0.107197,-0.652212,0.371145,-0.240236,0.601837,0.095061,-0.669569,-0.062698,0.733969,-0.313974,-0.535169,0.662932,-0.041214,0.749286,0.107197,-0.652212,0.371144,-0.240236,0.601838,0.095061,-0.669568,-0.062698,0.733970,-0.313973,-0.535172,0.662932,0.469805,-0.010543,-0.132242,0.318927,1,True,True,-0.001260,0.006955,-0.005937,-0.012357,0.000169,-0.027544,-0.010759,0.001818,-0.017971,-0.010759,0.001818,-0.017971,0.000000,-0.012357,0.000169,-0.027544,1.000000,True,-0.010404,0.002184,-0.015843,-0.010404,0.002184,-0.015843,-0.031543,-0.018574,-0.305106,-0.491219,-0.194513,-0.165309,-0.363263,-0.481293,-0.007408,-0.012934,-0.013708,-0.008744,-0.000217,-0.001947,0.000115,0.005262,8.717634,-135.459824,26.120535,37.493443,True,velocity,0.469805,0.468487,0.000000,0.000000,0.003763,False,0.141611,0.139124,0.049135,0.050377,-2.827511,-2.725147,-0.102364,2.660868,2.749161,-0.088293,167.000000
6.463265183963813,0.096452,1.297686,-1.560773,1.335956,-0.047460,-0.228437,0.169105,0.130142,1.318208,1.843951,1.283767,0.113124,-0.033691,-0.135870,-0.041213,0.749286,0.107197,-0.652212,0.371145,-0.240236,0.601837,0.094756,-0.669788,-0.062240,0.733847,-0.314441,-0.534659,0.663277,-0.041213,0.749286,0.107197,-0.652212,0.371144,-0.240236,0.601838,0.094756,-0.669787,-0.062240,0.733848,-0.314439,-0.534662,0.663276,0.469838,-0.010657,-0.131878,0.318178,1,True,True,-0.001287,0.006902,-0.006087,-0.011447,0.000260,-0.022469,-0.010884,0.001535,-0.018789,-0.010884,0.001535,-0.018789,0.000000,-0.011447,0.000260,-0.022469,1.000000,True,-0.010759,0.001818,-0.017971,-0.010759,0.001818,-0.017971,0.049755,0.027764,-0.283132,-0.480854,-0.157846,-0.122465,-0.357368,-0.481293,-0.007538,-0.013609,-0.014347,-0.008689,-0.000162,-0.002204,0.000203,0.005204,8.717634,-135.464005,26.120535,37.496094,True,velocity,0.469838,0.468487,0.000000,0.000000,0.009562,False,0.141553,0.139189,0.049141,0.050368,-2.827517,-2.725147,-0.102370,2.661911,2.749161,-0.087250,167.000000
6.496273436001502,0.096339,1.298200,-1.561097,1.335460,-0.047021,-0.228115,0.169343,0.129946,1.317277,1.843998,1.283918,0.112657,-0.034719,-0.136324,-0.041213,0.749286,0.107197,-0.652212,0.371145,-0.240236,0.601837,0.095487,-0.669298,-0.061614,0.734252,-0.314966,-0.534247,0.663538,-0.041214,0.749286,0.107197,-0.652212,0.371145,-0.240236,0.601838,0.095486,-0.669299,-0.061614,0.734252,-0.314968,-0.534249,0.663536,0.469962,-0.010545,-0.131625,0.317564,1,True,True,-0.001132,0.007037,-0.006075,-0.006110,0.005588,-0.018435,-0.010016,0.002272,-0.018724,-0.010016,0.002272,-0.018724,0.000000,-0.006110,0.005588,-0.018435,1.000000,True,-0.010884,0.001535,-0.018789,-0.010884,0.001535,-0.018789,0.099411,0.054428,-0.266034,-0.462730,-0.121271,-0.097797,-0.345157,-0.481293,-0.007541,-0.013923,-0.014546,-0.008592,0.000000,-0.004325,-0.000493,0.003893,8.717634,-135.470978,26.119419,37.496651,True,velocity,0.469962,0.468487,0.000000,0.000000,0.011671,False,0.141520,0.139196,0.049156,0.050352,-2.827596,-2.725147,-0.102450,2.662091,2.749161,-0.087070,167.000000
6.526728885015473,0.096061,1.298427,-1.561747,1.334843,-0.046894,-0.227956,0.169462,0.130428,1.317252,1.844823,1.284494,0.113986,-0.035417,-0.136205,-0.041213,0.749286,0.107197,-0.652212,0.371145,-0.240236,0.601837,0.095843,-0.670008,-0.060382,0.733660,-0.315574,-0.533790,0.663984,-0.041214,0.749286,0.107197,-0.652212,0.371144,-0.240236,0.601838,0.095843,-0.670007,-0.060383,0.733661,-0.315573,-0.533793,0.663984,0.470027,-0.010614,-0.131272,0.316666,1,True,True,-0.001160,0.007007,-0.006349,-0.010718,0.001397,-0.026939,-0.010144,0.002113,-0.020218,-0.010144,0.002113,-0.020218,0.000000,-0.010718,0.001397,-0.026939,1.000000,True,-0.010016,0.002272,-0.018724,-0.010016,0.002272,-0.018724,0.003233,0.001674,-0.333001,-0.589022,-0.083973,-0.067286,-0.338842,-0.481166,-0.006807,-0.013168,-0.013966,-0.008170,-0.000206,-0.007497,-0.000537,0.003040,8.716378,-135.477402,26.119558,37.496235,True,velocity,0.470027,0.468487,0.000000,0.000000,0.026201,False,0.141471,0.139249,0.049164,0.050347,-2.827665,-2.725147,-0.102518,2.661987,2.749161,-0.087174,167.000000
6.55857075296808,0.095697,1.298658,-1.562237,1.334493,-0.046757,-0.227936,0.169302,0.130646,1.316799,1.844708,1.285228,0.114295,-0.035603,-0.135433,-0.041213,0.749286,0.107197,-0.652212,0.371145,-0.240236,0.601837,0.095423,-0.670067,-0.059531,0.733730,-0.315923,-0.533444,0.664359,-0.041213,0.749286,0.107197,-0.652212,0.371145,-0.240236,0.601837,0.095423,-0.670067,-0.059531,0.733731,-0.315923,-0.533447,0.664359,0.470018,-0.010666,-0.130966,0.316083,1,True,True,-0.001133,0.006984,-0.006258,-0.009200,0.001434,-0.017483,-0.009972,0.001989,-0.019721,-0.009972,0.001989,-0.019721,0.000000,-0.009200,0.001434,-0.017483,1.000000,True,-0.010144,0.002113,-0.020218,-0.010144,0.002113,-0.020218,0.054235,0.026803,-0.325880,-0.600109,-0.066087,0.122917,-0.338730,-0.505446,-0.006668,-0.013526,-0.014334,-0.008085,-0.001369,-0.009131,-0.000522,0.001815,8.714425,-135.479492,26.119558,37.501118,True,velocity,0.470018,0.468487,0.000000,0.000000,0.026119,False,0.141443,0.139312,0.049168,0.050337,-2.827632,-2.725147,-0.102485,2.663449,2.749161,-0.085712,167.000000
6.596609961998183,0.095647,1.299032,-1.562549,1.334142,-0.046417,-0.227769,0.169494,0.130722,1.316319,1.844690,1.285360,0.114279,-0.036327,-0.135684,-0.041213,0.749286,0.107197,-0.652212,0.371145,-0.240236,0.601837,0.095826,-0.669927,-0.059044,0.733845,-0.316208,-0.533212,0.664591,-0.041213,0.749286,0.107197,-0.652212,0.371145,-0.240236,0.601838,0.095826,-0.669927,-0.059045,0.733845,-0.316209,-0.533213,0.664590,0.470108,-0.010599,-0.130799,0.315638,1,True,True,-0.000942,0.007033,-0.006046,-0.004109,0.003494,-0.013355,-0.008906,0.002263,-0.018563,-0.008906,0.002263,-0.018563,0.000000,-0.004109,0.003494,-0.013355,1.000000,True,-0.009972,0.001989,-0.019721,-0.009972,0.001989,-0.019721,0.064341,0.031997,-0.319285,-0.587166,-0.047479,-0.036455,-0.339373,-0.517850,-0.006592,-0.013331,-0.014031,-0.007932,-0.001853,-0.006144,-0.000071,0.004713,8.713867,-135.479355,26.119558,37.508648,True,velocity,0.470108,0.468487,0.000000,0.000000,0.015973,False,0.141419,0.139321,0.049178,0.050329,-2.827754,-2.725147,-0.102607,2.663589,2.749161,-0.085572,167.000000
6.626768634014297,0.095443,1.299333,-1.562927,1.333591,-0.046147,-0.227639,0.169715,0.130922,1.315994,1.844460,1.285855,0.114756,-0.036307,-0.135878,-0.041213,0.749286,0.107197,-0.652212,0.371145,-0.240236,0.601837,0.095749,-0.670034,-0.058756,0.733781,-0.316416,-0.532927,0.664930,-0.041213,0.749286,0.107197,-0.652212,0.371145,-0.240236,0.601792,0.095749,-0.670034,-0.058756,0.733781,-0.316416,-0.532928,0.664882,0.470154,-0.010591,-0.130574,0.315098,1,True,True,-0.000861,0.007036,-0.005966,-0.006344,0.002343,-0.016186,-0.008440,0.002277,-0.018131,-0.008440,0.002277,-0.018131,0.000000,-0.006344,0.002343,-0.016186,1.000000,True,-0.008906,0.002263,-0.018563,-0.008906,0.002263,-0.018563,0.001929,0.000920,-0.359769,-0.667992,-0.035288,-0.030604,-0.338842,-0.524377,-0.005746,-0.012053,-0.012884,-0.007322,-0.001427,-0.002699,0.000086,0.007423,8.714006,-135.479355,26.120117,37.512974,True,velocity,0.470154,0.468487,0.000000,0.000000,0.013867,False,0.141376,0.139363,0.049187,0.050322,-2.827860,-2.725147,-0.102714,2.663651,2.749161,-0.085510,167.000000
6.660370550001971,0.094996,1.299572,-1.563407,1.333119,-0.046021,-0.227554,0.169579,0.131361,1.315957,1.844275,1.286889,0.115588,-0.036080,-0.135068,-0.041213,0.749286,0.107197,-0.652212,0.371145,-0.240236,0.601837,0.095003,-0.670465,-0.057974,0.733547,-0.316579,-0.532542,0.665399,-0.041213,0.749286,0.107197,-0.652212,0.371145,-0.240236,0.601787,0.095004,-0.670464,-0.057974,0.733547,-0.316578,-0.532546,0.665349,0.470154,-0.010646,-0.130218,0.314432,1,True,True,-0.000939,0.007020,-0.006028,-0.010654,0.001817,-0.019981,-0.008843,0.002194,-0.018467,-0.008843,0.002194,-0.018467,0.000000,-0.010654,0.001817,-0.019981,1.000000,True,-0.008440,0.002277,-0.018131,-0.008440,0.002277,-0.018131,-0.010533,-0.004898,-0.372214,-0.698424,-0.035288,-0.030284,-0.339260,-0.554677,-0.005357,-0.011519,-0.012363,-0.006911,-0.000433,-0.000298,0.000333,0.008077,8.714006,-135.479630,26.120815,37.516460,True,velocity,0.470154,0.468487,0.000000,0.000000,0.016183,False,0.141338,0.139457,0.049194,0.050318,-2.827933,-2.725147,-0.102786,2.663728,2.749161,-0.085433,167.000000
6.69541395799024,0.094918,1.299862,-1.563784,1.332589,-0.045750,-0.227385,0.169901,0.131821,1.316053,1.844462,1.287244,0.116560,-0.036385,-0.135456,-0.041213,0.749286,0.107197,-0.652212,0.371145,-0.240236,0.601837,0.095209,-0.670968,-0.057512,0.733096,-0.316736,-0.532332,0.665750,-0.041213,0.749287,0.107197,-0.652212,0.371145,-0.240236,0.601673,0.095208,-0.670967,-0.057511,0.733097,-0.316735,-0.532334,0.665584,0.470154,-0.010624,-0.130033,0.313881,1,True,True,-0.000817,0.007025,-0.005964,-0.005062,0.002350,-0.016549,-0.008155,0.002222,-0.018119,-0.008155,0.002222,-0.018119,0.000000,-0.005062,0.002350,-0.016549,1.000000,True,-0.008843,0.002194,-0.018467,-0.008843,0.002194,-0.018467,0.012013,0.005718,-0.356037,-0.663239,-0.035211,-0.030934,-0.339373,-0.579213,-0.005697,-0.011975,-0.012782,-0.007208,-0.000342,-0.000601,0.000534,0.006863,8.712891,-135.481583,26.120535,37.520786,True,velocity,0.470154,0.468487,0.000000,0.000000,0.001526,False,0.141298,0.139491,0.049203,0.050318,-2.827999,-2.725147,-0.102853,2.664169,2.749161,-0.084992,167.000000
6.726998456986621,0.094597,1.300012,-1.564228,1.332052,-0.045629,-0.227390,0.169991,0.132067,1.316050,1.844081,1.287866,0.117506,-0.035776,-0.135368,-0.041213,0.749286,0.107197,-0.652212,0.371145,-0.240236,0.601837,0.094723,-0.671354,-0.057429,0.732812,-0.316829,-0.532022,0.666032,-0.041213,0.749287,0.107197,-0.652212,0.371145,-0.240236,0.601630,0.094723,-0.671354,-0.057428,0.732812,-0.316827,-0.532025,0.665824,0.470154,-0.010699,-0.129789,0.313354,1,True,True,-0.000805,0.006956,-0.005887,-0.007658,0.000176,-0.015794,-0.008065,0.001850,-0.017696,-0.008065,0.001850,-0.017696,0.000000,-0.007658,0.000176,-0.015794,1.000000,True,-0.008155,0.002222,-0.018119,-0.008155,0.002222,-0.018119,-0.000532,-0.000241,-0.376475,-0.718936,-0.035211,-0.030604,-0.338730,-0.591890,-0.005072,-0.011230,-0.012073,-0.006690,-0.000476,-0.001759,0.000515,0.005693,8.713170,-135.484512,26.121094,37.524273,True,velocity,0.470154,0.468487,0.000000,0.000000,0.001465,False,0.141252,0.139547,0.049208,0.050317,-2.828028,-2.725147,-0.102881,2.664919,2.749161,-0.084243,167.000000
6.7613846469903365,0.094384,1.300106,-1.564592,1.331909,-0.045548,-0.227549,0.169853,0.132036,1.315719,1.843502,1.288110,0.117598,-0.035511,-0.134899,-0.041213,0.749286,0.107197,-0.652212,0.371145,-0.240236,0.601837,0.094291,-0.671241,-0.057385,0.732975,-0.316924,-0.531841,0.666101,-0.041213,0.749287,0.107197,-0.652211,0.371145,-0.240236,0.601659,0.094292,-0.671241,-0.057385,0.732975,-0.316924,-0.531842,0.665924,0.470154,-0.010766,-0.129649,0.313111,1,True,True,-0.000694,0.006874,-0.005540,-0.004597,-0.000607,-0.007306,-0.007434,0.001404,-0.015807,-0.007434,0.001404,-0.015807,0.000000,-0.004597,-0.000607,-0.007306,1.000000,True,-0.008065,0.001850,-0.017696,-0.008065,0.001850,-0.017696,0.062708,0.028666,-0.348082,-0.671439,-0.029437,-0.533752,-0.339485,-0.615769,-0.005042,-0.011059,-0.011779,-0.006446,-0.000386,-0.004496,0.000394,0.006170,8.713449,-135.488846,26.121233,37.528740,True,velocity,0.470154,0.468487,0.000000,0.000000,0.004059,False,0.141238,0.139566,0.049207,0.050312,-2.828104,-2.725147,-0.102957,2.665051,2.749161,-0.084111,167.000000
6.794743025966454,0.094448,1.300063,-1.564952,1.332017,-0.045528,-0.227876,0.169786,0.131930,1.315366,1.843252,1.287666,0.117579,-0.035762,-0.134743,-0.041213,0.749286,0.107197,-0.652212,0.371145,-0.240236,0.601837,0.094459,-0.671061,-0.057425,0.733115,-0.317120,-0.531861,0.665946,-0.041213,0.749287,0.107197,-0.652211,0.371145,-0.240236,0.601701,0.094459,-0.671061,-0.057425,0.733115,-0.317120,-0.531861,0.665812,0.470154,-0.010856,-0.129686,0.313096,1,True,True,-0.000443,0.006731,-0.005028,0.000193,-0.002895,-0.000442,-0.006048,0.000622,-0.013013,-0.006048,0.000622,-0.013013,0.000000,0.000193,-0.002895,-0.000442,1.000000,True,-0.007434,0.001404,-0.015807,-0.007434,0.001404,-0.015807,0.111769,0.052593,-0.318724,-0.613093,-0.016605,-0.024761,0.035180,-0.616046,-0.004734,-0.009756,-0.010656,-0.005804,-0.000125,-0.004310,0.000353,0.005356,8.712333,-135.488983,26.121511,37.529995,True,velocity,0.470154,0.468487,0.000000,0.000000,0.004867,False,0.141242,0.139523,0.049201,0.050309,-2.828297,-2.725147,-0.103150,2.664549,2.749161,-0.084613,167.000000
6.826187952014152,0.094530,1.299800,-1.565372,1.332461,-0.045702,-0.228497,0.169439,0.131801,1.314835,1.842974,1.287091,0.117295,-0.036018,-0.133897,-0.041213,0.749286,0.107197,-0.652212,0.371145,-0.240236,0.601837,0.094343,-0.670727,-0.057320,0.733443,-0.317386,-0.532038,0.665692,-0.041212,0.749287,0.107197,-0.652211,0.371145,-0.240236,0.601835,0.094344,-0.670727,-0.057321,0.733443,-0.317386,-0.532037,0.665694,0.470142,-0.011038,-0.129803,0.313301,1,True,True,-0.000190,0.006500,-0.004390,0.001633,-0.006284,0.006147,-0.004694,-0.000065,-0.009529,-0.004694,-0.000065,-0.009529,0.000000,0.001633,-0.006284,0.006147,1.000000,True,-0.006048,0.000622,-0.013013,-0.006048,0.000622,-0.013013,0.248221,0.117147,-0.262133,-0.523958,0.001360,-0.011790,-0.338842,-0.616046,-0.003831,-0.008240,-0.008527,-0.004411,-0.000424,-0.003201,0.000545,0.004515,8.711217,-135.488983,26.121653,37.529854,True,velocity,0.470142,0.468487,0.000000,0.000000,0.021886,False,0.141268,0.139466,0.049185,0.050303,-2.828541,-2.725147,-0.103394,2.664124,2.749161,-0.085038,167.000000
6.859243220998906,0.094325,1.299531,-1.565971,1.332393,-0.045940,-0.228960,0.169217,0.131935,1.315390,1.842994,1.286962,0.118824,-0.035493,-0.133432,-0.041213,0.749286,0.107197,-0.652212,0.371145,-0.240236,0.601837,0.094111,-0.671510,-0.057394,0.732751,-0.317513,-0.531860,0.665516,-0.041213,0.749287,0.107197,-0.652211,0.371145,-0.240236,0.601836,0.094112,-0.671509,-0.057393,0.732751,-0.317510,-0.531860,0.665517,0.470045,-0.011284,-0.129710,0.313052,1,True,True,-0.000200,0.006298,-0.004320,-0.004933,-0.006148,-0.007455,-0.004937,-0.000646,-0.009152,-0.004937,-0.000646,-0.009152,0.000000,-0.004933,-0.006148,-0.007455,1.000000,True,-0.004694,-0.000065,-0.009529,-0.004694,-0.000065,-0.009529,0.381305,0.192757,-0.172868,-0.344381,0.050696,0.018717,-0.320734,-0.585088,-0.003132,-0.006314,-0.006327,-0.003166,-0.002535,-0.001833,0.000272,0.000592,8.705775,-135.488983,26.121653,37.525948,True,velocity,0.470045,0.468487,0.000000,0.000000,0.022906,False,0.141253,0.139458,0.049174,0.050314,-2.828888,-2.725147,-0.103742,2.663421,2.749161,-0.085740,167.000000
6.894085593987256,0.094457,1.299489,-1.566270,1.333068,-0.045990,-0.229344,0.168680,0.131822,1.315791,1.843221,1.286089,0.118855,-0.036765,-0.132514,-0.041213,0.749286,0.107197,-0.652212,0.371145,-0.240236,0.601837,0.094610,-0.671647,-0.056949,0.732595,-0.317529,-0.531878,0.665035,-0.041212,0.749287,0.107197,-0.652211,0.371145,-0.240236,0.601835,0.094610,-0.671647,-0.056951,0.732596,-0.317529,-0.531877,0.665037,0.469883,-0.011340,-0.129772,0.313207,1,True,True,0.000004,0.006247,-0.003860,0.001242,-0.002172,0.004648,-0.003894,-0.000980,-0.006643,-0.003894,-0.000980,-0.006643,0.000000,0.001242,-0.002172,0.004648,1.000000,True,-0.004937,-0.000646,-0.009152,-0.004937,-0.000646,-0.009152,0.481707,0.265780,-0.073018,-0.139563,0.136679,0.049250,-0.296427,-0.523992,-0.003557,-0.006544,-0.006330,-0.003132,-0.006498,-0.000091,0.000086,-0.002485,8.696289,-135.489120,26.121511,37.523579,True,velocity,0.469883,0.468487,0.000000,0.000000,0.025483,False,0.141305,0.139382,0.049162,0.050323,-2.829059,-2.725147,-0.103913,2.663955,2.749161,-0.085207,167.000000
6.927624139003456,0.094746,1.299171,-1.566566,1.334482,-0.046273,-0.230176,0.167653,0.131558,1.316682,1.843531,1.284447,0.118816,-0.038481,-0.130816,-0.041213,0.749286,0.107197,-0.652212,0.371145,-0.240236,0.601837,0.095189,-0.671880,-0.056585,0.732335,-0.317360,-0.532133,0.664049,-0.041212,0.749287,0.107196,-0.652211,0.371145,-0.240236,0.601832,0.095189,-0.671879,-0.056587,0.732336,-0.317359,-0.532130,0.664054,0.469547,-0.011481,-0.130030,0.313857,1,True,True,0.000333,0.006065,-0.002989,0.006011,-0.006430,0.019496,-0.002985,-0.001133,-0.001891,-0.002985,-0.001133,-0.001891,0.000000,0.006011,-0.006430,0.019496,1.000000,True,-0.003894,-0.000980,-0.006643,-0.003894,-0.000980,-0.006643,0.575527,0.342947,0.033024,0.059956,0.216195,0.110239,-0.234856,-0.432196,-0.003040,-0.004711,-0.004822,-0.002441,-0.009470,-0.000112,-0.000094,-0.004195,8.689733,-135.489822,26.121094,37.518833,True,velocity,0.469547,0.468487,0.000000,0.000000,0.011017,False,0.141412,0.139238,0.049136,0.050343,-2.829382,-2.725147,-0.104235,2.664212,2.749161,-0.084950,167.000000
6.9599735049996525,0.095319,1.298819,-1.566574,1.336391,-0.046478,-0.231265,0.166570,0.130844,1.318621,1.843248,1.281627,0.118928,-0.040083,-0.129780,-0.041213,0.749286,0.107197,-0.652212,0.371145,-0.240236,0.601837,0.096217,-0.672284,-0.057644,0.731747,-0.316434,-0.532598,0.662292,-0.041212,0.749287,0.107196,-0.652211,0.371145,-0.240236,0.601831,0.096217,-0.672281,-0.057646,0.731750,-0.316434,-0.532592,0.662299,0.469172,-0.011562,-0.130574,0.315173,1,True,True,0.000925,0.005856,-0.001610,0.014776,-0.007401,0.039467,-0.003240,-0.001683,0.005629,-0.003240,-0.001683,0.005629,0.000000,0.014776,-0.007401,0.039467,1.000000,True,-0.002985,-0.001133,-0.001891,-0.002985,-0.001133,-0.001891,0.473527,0.391480,0.266214,0.326392,0.295812,-0.245155,-0.173168,-0.272880,-0.002939,-0.003420,-0.003064,-0.002242,-0.010167,-0.001357,-0.001254,-0.007469,8.687639,-135.492889,26.116211,37.506001,True,velocity,0.469172,0.468487,0.000000,0.000000,0.010822,False,0.141558,0.138995,0.049103,0.050385,-2.829924,-2.725147,-0.104777,2.664406,2.749161,-0.084755,167.000000
6.993929121992551,0.095803,1.298762,-1.566365,1.337837,-0.046391,-0.232021,0.165857,0.130325,1.320851,1.842416,1.279376,0.119368,-0.040945,-0.129457,-0.041213,0.749286,0.107197,-0.652212,0.371145,-0.240236,0.601837,0.096856,-0.672872,-0.059227,0.730995,-0.315075,-0.532999,0.660804,-0.041212,0.749287,0.107197,-0.652211,0.371145,-0.240235,0.601833,0.096856,-0.672870,-0.059228,0.730997,-0.315076,-0.532995,0.660808,0.468937,-0.011508,-0.131050,0.316386,1,True,True,0.001502,0.005815,-0.000585,0.014060,-0.002918,0.036388,0.004540,0.001724,0.011221,0.004540,0.001724,0.011221,0.000000,0.014060,-0.002918,0.036388,1.000000,True,-0.003240,-0.001683,0.005629,-0.003240,-0.001683,0.005629,0.232481,0.410540,0.804739,0.514586,0.308045,0.196568,-0.020088,-1.081865,-0.004300,-0.002111,-0.002001,-0.003702,-0.006007,-0.001731,-0.005572,-0.018584,8.688895,-135.491913,26.104214,37.475727,True,velocity,0.468937,0.468487,0.000000,0.000000,0.013659,False,0.141672,0.138805,0.049083,0.050432,-2.830707,-2.725147,-0.105561,2.664050,2.749161,-0.085112,167.000000
7.029460343008395,0.096033,1.299358,-1.565823,1.338977,-0.045835,-0.232068,0.165150,0.129800,1.323565,1.841203,1.277882,0.119552,-0.042041,-0.129233,-0.041213,0.749286,0.107197,-0.652212,0.371145,-0.240236,0.601837,0.097336,-0.673516,-0.060671,0.730220,-0.313239,-0.532992,0.659537,-0.041212,0.749287,0.107197,-0.652212,0.371146,-0.240235,0.601835,0.097335,-0.673515,-0.060672,0.730221,-0.313241,-0.532991,0.659539,0.468808,-0.011165,-0.131250,0.317268,1,True,True,0.001650,0.006020,-0.000077,0.008899,0.007911,0.026471,0.004531,0.001140,0.013994,0.004531,0.001140,0.013994,0.000000,0.008899,0.007911,0.026471,1.000000,True,0.004540,0.001724,0.011221,0.004540,0.001724,0.011221,0.866535,0.447942,0.054058,0.131775,0.289395,0.251450,0.034537,0.015275,0.003421,0.005668,0.006455,0.002444,-0.001981,-0.001215,-0.012959,-0.026940,8.689733,-135.491486,26.090960,37.463589,True,velocity,0.468808,0.468487,0.000000,0.000000,0.033041,False,0.141776,0.138688,0.049085,0.050483,-2.831417,-2.725147,-0.106271,2.663529,2.749161,-0.085632,167.000000
7.059778071008623,0.095723,1.299843,-1.565184,1.339309,-0.045269,-0.232305,0.164758,0.128814,1.325764,1.837443,1.277463,0.119803,-0.039250,-0.129611,-0.041213,0.749286,0.107197,-0.652212,0.371145,-0.240236,0.601837,0.095669,-0.673687,-0.064507,0.729953,-0.310803,-0.532873,0.658426,-0.041212,0.749287,0.107197,-0.652212,0.371145,-0.240234,0.601837,0.095669,-0.673688,-0.064505,0.729953,-0.310805,-0.532879,0.658427,0.468750,-0.010944,-0.131382,0.318262,1,True,True,0.001697,0.006150,0.000451,0.005855,0.005050,0.029822,0.004695,0.000615,0.016872,0.004695,0.000615,0.016872,0.000000,0.005855,0.005050,0.029822,1.000000,True,0.004531,0.001140,0.013994,0.004531,0.001140,0.013994,0.924788,0.391729,-0.082908,-0.260755,0.357412,0.281672,0.090292,0.027470,0.003015,0.007209,0.006823,0.002165,0.000898,0.000506,-0.012850,-0.024810,8.690569,-135.491486,26.097378,37.466240,True,velocity,0.468750,0.468487,0.000000,0.000000,0.028580,False,0.141806,0.138664,0.049090,0.050531,-2.832009,-2.725147,-0.106862,2.663175,2.749161,-0.085987,167.000000
7.098173388978466,0.095563,1.300599,-1.564507,1.340277,-0.044634,-0.232225,0.163829,0.128530,1.328269,1.835216,1.277257,0.119660,-0.039138,-0.128352,-0.041213,0.749286,0.107197,-0.652212,0.371145,-0.240236,0.601837,0.094490,-0.674160,-0.065912,0.729545,-0.308594,-0.532814,0.657605,-0.041212,0.749287,0.107197,-0.652212,0.371146,-0.240235,0.601836,0.094490,-0.674161,-0.065912,0.729544,-0.308597,-0.532816,0.657608,0.468595,-0.010562,-0.131410,0.319086,1,True,True,0.001689,0.006483,0.000713,0.004370,0.010625,0.024730,0.004852,0.001221,0.018300,0.004852,0.001221,0.018300,0.000000,0.004370,0.010625,0.024730,1.000000,True,0.004695,0.000615,0.016872,0.004695,0.000615,0.016872,0.972640,0.340696,-0.189680,-0.671508,0.510107,-0.042618,0.040813,-0.027598,0.002904,0.008018,0.007464,0.001867,0.000169,0.000535,-0.003342,-0.007913,8.683873,-135.491486,26.104631,37.473633,True,velocity,0.468595,0.468487,0.000000,0.000000,0.001798,False,0.141900,0.138662,0.049098,0.050577,-2.832668,-2.725147,-0.107521,2.660189,2.749161,-0.088973,167.000000
7.126697255007457,0.095643,1.301786,-1.563575,1.340492,-0.043507,-0.231558,0.163865,0.128257,1.330938,1.833007,1.276926,0.119875,-0.039010,-0.129390,-0.041213,0.749286,0.107197,-0.652212,0.371145,-0.240236,0.601837,0.094290,-0.674746,-0.068080,0.728830,-0.306213,-0.532647,0.656965,-0.041213,0.749286,0.107197,-0.652212,0.371145,-0.240234,0.601839,0.094288,-0.674745,-0.068079,0.728830,-0.306217,-0.532650,0.656963,0.468743,-0.009955,-0.131446,0.319667,1,True,True,0.001756,0.007007,0.000683,0.006739,0.016962,0.017410,0.006357,0.002413,0.018139,0.006357,0.002413,0.018139,0.000000,0.006739,0.016962,0.017410,1.000000,True,0.004852,0.001221,0.018300,0.004852,0.001221,0.018300,1.104934,0.410174,-0.127516,-0.530393,0.608292,-0.042618,0.028604,-0.149900,0.003387,0.008076,0.007931,0.001874,-0.005684,0.000066,0.004425,0.004953,8.670061,-135.491486,26.104214,37.487446,True,velocity,0.468743,0.468487,0.000000,0.000000,0.018323,False,0.141941,0.138651,0.049126,0.050625,-2.833278,-2.725147,-0.108131,2.659003,2.749161,-0.090158,167.000000
7.1598787640105,0.095140,1.303145,-1.562600,1.340579,-0.042371,-0.230739,0.163401,0.127628,1.331674,1.829530,1.278105,0.117824,-0.038025,-0.128700,-0.041213,0.749286,0.107197,-0.652212,0.371145,-0.240236,0.601837,0.092335,-0.673808,-0.069651,0.729798,-0.304170,-0.532239,0.656874,-0.041213,0.749286,0.107197,-0.652212,0.371146,-0.240234,0.601839,0.092333,-0.673812,-0.069650,0.729795,-0.304173,-0.532245,0.656875,0.468805,-0.009335,-0.131179,0.320029,1,True,True,0.001490,0.007597,0.000441,-0.001753,0.020160,0.010871,0.007382,0.003835,0.016817,0.007382,0.003835,0.016817,0.000000,-0.001753,0.020160,0.010871,1.000000,True,0.006357,0.002413,0.018139,0.006357,0.002413,0.018139,0.955983,0.456430,0.020252,0.058355,0.706478,-0.030284,-0.014304,-0.217145,0.005499,0.009817,0.009438,0.003160,-0.013627,-0.000007,0.005076,0.015602,8.656111,-135.491776,26.104074,37.499859,True,velocity,0.468805,0.468487,0.000000,0.000000,0.019786,False,0.141976,0.138763,0.049160,0.050640,-2.833672,-2.725147,-0.108525,2.658095,2.749161,-0.091067,167.000000
7.195024431974161,0.094616,1.303782,-1.562397,1.339870,-0.041827,-0.230274,0.163545,0.127997,1.334214,1.827953,1.279251,0.120267,-0.035925,-0.129168,-0.041213,0.749286,0.107197,-0.652212,0.371145,-0.240236,0.601837,0.090947,-0.675458,-0.071176,0.728299,-0.302546,-0.531744,0.656935,-0.041214,0.749286,0.107197,-0.652212,0.371144,-0.240234,0.601840,0.090946,-0.675457,-0.071173,0.728300,-0.302545,-0.531749,0.656931,0.468936,-0.009137,-0.130873,0.319740,1,True,True,0.001020,0.007754,-0.000409,-0.006852,0.008543,-0.008683,0.006483,0.004393,0.012181,0.006483,0.004393,0.012181,0.000000,-0.006852,0.008543,-0.008683,1.000000,True,0.007382,0.003835,0.016817,0.007382,0.003835,0.016817,0.916373,0.522342,0.171639,0.374008,0.767436,0.337138,-0.007877,-0.168180,0.007334,0.010056,0.010215,0.004099,-0.020603,-0.002033,0.000247,0.014019,8.646205,-135.497070,26.103933,37.498882,True,velocity,0.468936,0.468487,0.000000,0.000000,0.023004,False,0.141928,0.138886,0.049182,0.050681,-2.834072,-2.725147,-0.108925,2.655130,2.749161,-0.094031,167.000000
7.22715866897488,0.094163,1.304207,-1.562531,1.339017,-0.041507,-0.229827,0.163808,0.128907,1.336717,1.827725,1.280534,0.123623,-0.034542,-0.129489,-0.041213,0.749286,0.107197,-0.652212,0.371145,-0.240236,0.601837,0.090031,-0.677683,-0.071523,0.726309,-0.301541,-0.531275,0.657305,-0.041214,0.749286,0.107198,-0.652212,0.371144,-0.240235,0.601840,0.090029,-0.677681,-0.071521,0.726311,-0.301539,-0.531279,0.657302,0.469074,-0.009060,-0.130511,0.319075,1,True,True,0.000488,0.007794,-0.001480,-0.009561,0.005607,-0.019946,0.005485,0.004732,0.006340,0.005485,0.004732,0.006340,0.000000,-0.009561,0.005607,-0.019946,1.000000,True,0.006483,0.004393,0.012181,0.006483,0.004393,0.012181,0.927425,0.602606,0.326921,0.581528,0.785402,0.386474,0.034688,-0.051752,0.007281,0.009650,0.008601,0.004257,-0.016454,-0.003079,-0.000169,0.007882,8.645369,-135.498184,26.103794,37.483540,True,velocity,0.469074,0.468487,0.000000,0.000000,0.006904,False,0.141865,0.139020,0.049200,0.050716,-2.834142,-2.725147,-0.108995,2.655506,2.749161,-0.093655,167.000000
7.260898009990342,0.094113,1.304898,-1.562317,1.339116,-0.040978,-0.229305,0.163628,0.129143,1.337414,1.827513,1.280965,0.123508,-0.035576,-0.128972,-0.041213,0.749286,0.107197,-0.652212,0.371145,-0.240236,0.601837,0.089963,-0.677924,-0.070923,0.726151,-0.300976,-0.531068,0.657442,-0.041213,0.749286,0.107197,-0.652212,0.371145,-0.240235,0.601838,0.089963,-0.677925,-0.070924,0.726150,-0.300978,-0.531070,0.657442,0.469117,-0.008757,-0.130330,0.318899,1,True,True,0.000230,0.007980,-0.001867,-0.002305,0.010334,-0.005268,0.005292,0.005765,0.004229,0.005292,0.005765,0.004229,0.000000,-0.002305,0.010334,-0.005268,1.000000,True,0.005485,0.004732,0.006340,0.005485,0.004732,0.006340,0.896005,0.698297,0.542419,0.731419,0.810427,0.429046,0.102501,0.125610,0.007025,0.007392,0.006852,0.004721,-0.009314,-0.003776,-0.000791,-0.010769,8.644950,-135.499588,26.098772,37.464287,True,velocity,0.469117,0.468487,0.000000,0.000000,0.008542,False,0.141889,0.139065,0.049217,0.050725,-2.834033,-2.725147,-0.108887,2.657428,2.749161,-0.091733,167.000000
7.296055103011895,0.094085,1.305422,-1.562137,1.338958,-0.040506,-0.228946,0.163750,0.129208,1.338361,1.826901,1.281132,0.124052,-0.035554,-0.129359,-0.041213,0.749286,0.107197,-0.652212,0.371145,-0.240236,0.601837,0.089891,-0.678368,-0.071396,0.725699,-0.300257,-0.530879,0.657408,-0.041213,0.749286,0.107197,-0.652212,0.371145,-0.240235,0.601838,0.089890,-0.678368,-0.071396,0.725699,-0.300257,-0.530880,0.657407,0.469212,-0.008537,-0.130237,0.318816,1,True,True,0.000036,0.008027,-0.002091,-0.000555,0.007152,-0.002481,0.004518,0.006245,0.003009,0.004518,0.006245,0.003009,0.000000,-0.000555,0.007152,-0.002481,1.000000,True,0.005292,0.005765,0.004229,0.005292,0.005765,0.004229,0.941640,0.807545,0.717660,0.853931,0.816844,0.466052,0.231018,0.260753,0.007705,0.008020,0.006785,0.005623,-0.002182,-0.002701,-0.007785,-0.026728,8.642997,-135.502090,26.081753,37.437920,True,velocity,0.469212,0.468487,0.000000,0.000000,0.012116,False,0.141886,0.139086,0.049231,0.050741,-2.834120,-2.725147,-0.108974,2.657827,2.749161,-0.091334,167.000000
7.328555246000178,0.093847,1.305800,-1.561993,1.339204,-0.040233,-0.228850,0.163288,0.129039,1.338978,1.825816,1.281469,0.123897,-0.035249,-0.128448,-0.041213,0.749286,0.107197,-0.652212,0.371145,-0.240236,0.601837,0.089049,-0.678407,-0.071726,0.725734,-0.299535,-0.530678,0.657249,-0.041213,0.749286,0.107197,-0.652212,0.371145,-0.240235,0.601837,0.089049,-0.678408,-0.071726,0.725733,-0.299536,-0.530680,0.657250,0.469141,-0.008398,-0.130113,0.318914,1,True,True,-0.000188,0.007990,-0.002093,-0.002234,0.005139,0.002935,0.003552,0.006350,0.002996,0.003552,0.006350,0.002996,0.000000,-0.002234,0.005139,0.002935,1.000000,True,0.004518,0.006245,0.003009,0.004518,0.006245,0.003009,1.026136,0.920620,0.862890,0.972400,0.834811,0.313119,0.341542,0.432289,0.007591,0.007675,0.006531,0.005937,-0.001975,-0.002629,-0.013553,-0.031711,8.640206,-135.502930,26.073242,37.426060,True,velocity,0.469141,0.468487,0.000000,0.000000,0.011995,False,0.141913,0.139121,0.049237,0.050751,-2.834212,-2.725147,-0.109066,2.657907,2.749161,-0.091255,167.000000
7.360781111987308,0.093796,1.306127,-1.561900,1.339229,-0.039941,-0.228716,0.163221,0.128909,1.339605,1.825130,1.281469,0.124164,-0.035061,-0.128475,-0.041213,0.749286,0.107197,-0.652212,0.371145,-0.240236,0.601837,0.088853,-0.678608,-0.072247,0.725518,-0.298984,-0.530524,0.657088,-0.041213,0.749286,0.107197,-0.652212,0.371145,-0.240235,0.601837,0.088853,-0.678608,-0.072246,0.725518,-0.298985,-0.530525,0.657088,0.469162,-0.008270,-0.130060,0.318937,1,True,True,-0.000316,0.007916,-0.002171,-0.000295,0.004149,0.000672,0.002573,0.006196,0.002573,0.002573,0.006196,0.002573,0.000000,-0.000295,0.004149,0.000672,1.000000,True,0.003552,0.006350,0.002996,0.003552,0.006350,0.002996,1.145499,1.027025,0.974492,1.100372,0.877785,0.650032,0.445641,0.554543,0.007074,0.007148,0.006127,0.005584,-0.002939,-0.001391,-0.016183,-0.027014,8.639091,-135.501389,26.067661,37.416992,True,velocity,0.469162,0.468487,0.000000,0.000000,0.028832,False,0.141921,0.139125,0.049244,0.050763,-2.834444,-2.725147,-0.109298,2.657213,2.749161,-0.091949,167.000000
7.39635424001608,0.093895,1.306614,-1.561654,1.339033,-0.039440,-0.228400,0.163542,0.128574,1.339701,1.824169,1.281308,0.123788,-0.034888,-0.129421,-0.041213,0.749286,0.107197,-0.652212,0.371145,-0.240236,0.601837,0.089024,-0.678297,-0.073189,0.725693,-0.298470,-0.530411,0.656970,-0.041213,0.749286,0.107198,-0.652212,0.371145,-0.240235,0.601839,0.089023,-0.678298,-0.073188,0.725693,-0.298471,-0.530412,0.656969,0.469296,-0.008042,-0.130067,0.318990,1,True,True,-0.000322,0.007924,-0.002204,0.002366,0.006408,0.001585,0.001812,0.006367,0.002394,0.001812,0.006367,0.002394,0.000000,0.002366,0.006408,0.001585,1.000000,True,0.002573,0.006196,0.002573,0.002573,0.006196,0.002573,1.253845,1.137691,1.097629,1.222432,0.927210,0.386474,-0.075859,0.634340,0.006490,0.005441,0.005394,0.005205,-0.002481,-0.000073,-0.014324,-0.021201,8.639091,-135.500839,26.060965,37.406807,True,velocity,0.469296,0.468487,0.000000,0.000000,0.032460,False,0.141914,0.139111,0.049258,0.050767,-2.834587,-2.725147,-0.109440,2.656921,2.749161,-0.092240,167.000000
7.427899684000295,0.093246,1.306779,-1.561766,1.338900,-0.039418,-0.228413,0.162975,0.128274,1.339472,1.822652,1.282472,0.123507,-0.033295,-0.127973,-0.041213,0.749286,0.107197,-0.652212,0.371145,-0.240236,0.601837,0.087228,-0.678016,-0.073497,0.726143,-0.298160,-0.529994,0.657103,-0.041213,0.749286,0.107197,-0.652212,0.371145,-0.240235,0.601837,0.087230,-0.678017,-0.073498,0.726142,-0.298159,-0.529997,0.657104,0.469187,-0.008079,-0.129752,0.318768,1,True,True,-0.000692,0.007776,-0.002505,-0.009304,0.001942,-0.006650,0.000971,0.005981,0.000749,0.000971,0.005981,0.000749,0.000000,-0.009304,0.001942,-0.006650,1.000000,True,0.001812,0.006367,0.002394,0.001812,0.006367,0.002394,1.362840,1.249174,1.220504,1.343419,0.988169,0.429046,0.690890,0.830832,0.005776,0.005370,0.005457,0.005268,-0.001328,0.000949,-0.012270,-0.017076,8.639091,-135.500977,26.048269,37.395088,True,velocity,0.469187,0.468487,0.000000,0.000000,0.030387,False,0.141904,0.139215,0.049260,0.050763,-2.834690,-2.725147,-0.109543,2.656028,2.749161,-0.093134,167.000000
7.4621888370020315,0.092601,1.307150,-1.561700,1.339250,-0.039293,-0.228320,0.161956,0.127396,1.338285,1.820806,1.283413,0.121189,-0.032666,-0.125731,-0.041213,0.749286,0.107197,-0.652212,0.371145,-0.240236,0.601837,0.085578,-0.676570,-0.073398,0.727697,-0.298027,-0.529498,0.657063,-0.041213,0.749287,0.107197,-0.652212,0.371145,-0.240235,0.601836,0.085578,-0.676572,-0.073402,0.727694,-0.298027,-0.529501,0.657065,0.468992,-0.007992,-0.129410,0.318692,1,True,True,-0.001021,0.007767,-0.002606,-0.008918,0.005720,-0.002268,0.000293,0.006554,0.000201,0.000293,0.006554,0.000201,0.000000,-0.008918,0.005720,-0.002268,1.000000,True,0.000971,0.005981,0.000749,0.000971,0.005981,0.000749,1.432741,1.391844,1.386389,1.428495,1.080002,0.484879,0.016692,0.947454,0.005618,0.003802,0.004568,0.004499,-0.000178,0.000336,-0.012646,-0.014641,8.638951,-135.501541,26.042131,37.390205,True,velocity,0.468992,0.468487,0.000000,0.000000,0.017946,False,0.141939,0.139291,0.049264,0.050745,-2.834826,-2.725147,-0.109679,2.654702,2.749161,-0.094460,167.000000
7.495727196976077,0.092167,1.308242,-1.560983,1.341303,-0.038755,-0.227857,0.159563,0.125589,1.335178,1.818626,1.283761,0.113546,-0.035822,-0.120767,-0.041213,0.749286,0.107197,-0.652212,0.371145,-0.240236,0.601837,0.084380,-0.672422,-0.071350,0.731872,-0.298069,-0.529062,0.656673,-0.041211,0.749287,0.107196,-0.652212,0.371148,-0.240235,0.601833,0.084361,-0.672426,-0.071360,0.731870,-0.298072,-0.529064,0.656681,0.468534,-0.007452,-0.129069,0.319203,1,True,True,-0.001184,0.008169,-0.002102,-0.004587,0.018605,0.015322,-0.000629,0.008759,0.002950,-0.000629,0.008759,0.002950,0.000000,-0.004587,0.018605,0.015322,1.000000,True,0.000293,0.006554,0.000201,0.000293,0.006554,0.000201,1.531508,1.521161,1.520788,1.531213,1.147943,1.091013,0.954169,1.057903,0.006041,0.004384,0.004291,0.005310,-0.001433,-0.000173,-0.012224,-0.011572,8.634486,-135.501251,26.035854,37.382812,True,velocity,0.468534,0.468487,0.000000,0.000000,0.019556,False,0.142137,0.139300,0.049272,0.050699,-2.835057,-2.725147,-0.109910,2.652295,2.749161,-0.096866,167.000000
7.528739058994688,0.091220,1.307573,-1.561603,1.343094,-0.039763,-0.228972,0.156811,0.125276,1.334586,1.817788,1.284739,0.112146,-0.035472,-0.114295,-0.041213,0.749286,0.107197,-0.652212,0.371145,-0.240236,0.601837,0.081226,-0.671841,-0.069394,0.732950,-0.298350,-0.528845,0.656350,-0.041212,0.749288,0.107195,-0.652210,0.371145,-0.240236,0.601830,0.081228,-0.671843,-0.069400,0.732948,-0.298347,-0.528843,0.656359,0.467767,-0.007898,-0.128749,0.319444,1,True,True,-0.001606,0.007555,-0.001959,-0.013329,-0.009667,0.007221,-0.001332,0.007002,0.003726,-0.001332,0.007002,0.003726,0.000000,-0.013329,-0.009667,0.007221,1.000000,True,-0.000629,0.008759,0.002950,-0.000629,0.008759,0.002950,1.694134,1.584791,1.585995,1.704628,1.233338,0.503322,1.076915,1.198358,0.008076,0.007152,0.006512,0.007160,-0.003376,-0.000284,-0.009874,-0.009490,8.629883,-135.501541,26.031111,37.376534,True,velocity,0.467767,0.468487,0.000000,0.000000,0.004461,False,0.142269,0.139383,0.049231,0.050688,-2.835620,-2.725147,-0.110473,2.647860,2.749161,-0.101301,167.000000
7.561403422965668,0.090046,1.307717,-1.561487,1.344645,-0.040049,-0.229462,0.154156,0.123931,1.333044,1.814368,1.286190,0.107981,-0.034144,-0.108462,-0.041213,0.749286,0.107197,-0.652212,0.371145,-0.240236,0.601837,0.077267,-0.669465,-0.069071,0.735579,-0.297792,-0.528334,0.655958,-0.041212,0.749288,0.107196,-0.652211,0.371146,-0.240234,0.601832,0.077264,-0.669473,-0.069083,0.735570,-0.297786,-0.528333,0.655966,0.467137,-0.007937,-0.128324,0.319924,1,True,True,-0.001977,0.007419,-0.001603,-0.012480,0.002904,0.014407,-0.002378,0.007572,0.005668,-0.002378,0.007572,0.005668,0.000000,-0.012480,0.002904,0.014407,1.000000,True,-0.001332,0.007002,0.003726,-0.001332,0.007002,0.003726,1.828508,1.664230,1.677170,1.862560,1.355908,1.287320,1.181399,1.315209,0.006641,0.006005,0.005565,0.005677,-0.006034,-0.000262,-0.008116,-0.009812,8.624303,-135.501816,26.028181,37.369419,True,velocity,0.467137,0.468487,0.000000,0.000000,0.004297,False,0.142398,0.139501,0.049214,0.050666,-2.836138,-2.725147,-0.110991,2.646574,2.749161,-0.102588,167.000000
7.59686234901892,0.088208,1.306979,-1.562002,1.345062,-0.041009,-0.230700,0.151913,0.122439,1.330296,1.809316,1.288943,0.105086,-0.028113,-0.102844,-0.041213,0.749286,0.107197,-0.652212,0.371145,-0.240236,0.601837,0.070919,-0.667006,-0.070570,0.738305,-0.297652,-0.527744,0.655980,-0.041212,0.749287,0.107197,-0.652211,0.371144,-0.240234,0.602145,0.070926,-0.667018,-0.070587,0.738291,-0.297636,-0.527737,0.656292,0.466820,-0.008538,-0.127810,0.320129,1,True,True,-0.002574,0.006759,-0.001587,-0.020338,-0.012216,0.006161,-0.003741,0.008361,0.005758,-0.003741,0.008361,0.005758,0.000000,-0.020338,-0.012216,0.006161,1.000000,True,-0.002378,0.007572,0.005668,-0.002378,0.007572,0.005668,1.955021,1.740321,1.773697,2.023154,1.466286,1.342681,1.285498,1.443747,0.007872,0.007607,0.006201,0.006398,-0.008222,-0.000176,-0.005645,-0.010945,8.618164,-135.501541,26.027065,37.361607,True,velocity,0.466820,0.468487,0.000000,0.000000,0.008803,False,0.142408,0.139728,0.049181,0.050626,-2.836770,-2.725147,-0.111624,2.642124,2.749161,-0.107038,167.000000
7.633243213989772,0.086477,1.305678,-1.561823,1.350250,-0.043795,-0.231114,0.144888,0.122471,1.327625,1.807336,1.292600,0.095049,-0.029191,-0.084533,-0.041213,0.749286,0.107197,-0.652212,0.371145,-0.240236,0.601837,0.062194,-0.662962,-0.063213,0.743382,-0.298145,-0.527300,0.656198,-0.041215,0.749286,0.107199,-0.652212,0.371144,-0.240235,0.602274,0.062196,-0.662962,-0.063215,0.743382,-0.298144,-0.527298,0.656634,0.465154,-0.008950,-0.126855,0.320286,2,True,True,-0.003485,0.006392,-0.001622,-0.031094,-0.002676,0.004702,-0.006687,0.011231,0.005566,-0.006687,0.011231,0.005566,0.000000,-0.031094,-0.002676,0.004702,1.000000,True,-0.003741,0.008361,0.005758,-0.003741,0.008361,0.005758,2.050765,1.866513,1.917046,2.123254,1.601510,1.452872,1.420440,1.615405,0.009037,0.007430,0.007156,0.007698,-0.007816,0.000546,-0.002545,-0.009612,8.616072,-135.499725,26.030691,37.360352,True,velocity,0.465154,0.468487,0.000000,0.000000,0.013483,False,0.142839,0.140036,0.049109,0.050570,-2.838548,-2.725147,-0.113402,2.630941,2.749161,-0.118220,167.000000
7.67325787700247,0.086476,1.305477,-1.559614,1.354823,-0.045947,-0.227632,0.140016,0.123144,1.325278,1.808816,1.295102,0.080254,-0.035855,-0.070152,-0.041213,0.749286,0.107197,-0.652212,0.371145,-0.240236,0.601837,0.058413,-0.657448,-0.053442,0.749329,-0.299106,-0.526489,0.657128,-0.041213,0.749286,0.107198,-0.652212,0.371145,-0.240235,0.601838,0.058414,-0.657448,-0.053443,0.749329,-0.299106,-0.526489,0.657128,0.463714,-0.008189,-0.125797,0.319032,3,True,True,-0.004023,0.007075,-0.003061,-0.022860,0.031709,-0.037616,-0.009809,0.012813,-0.002285,-0.009809,0.012813,-0.002285,0.000000,-0.022860,0.031709,-0.037616,1.000000,True,-0.006687,0.011231,0.005566,-0.006687,0.011231,0.005566,2.140648,2.019862,2.069174,2.197179,1.699134,0.551749,0.010413,1.719291,0.012792,0.010420,0.007115,0.011562,-0.003817,0.001468,0.001529,-0.005320,8.616769,-135.498184,26.031668,37.361469,True,velocity,0.463714,0.468487,0.000000,0.000000,0.004673,False,0.143289,0.140244,0.049109,0.050508,-2.835912,-2.725147,-0.110765,2.631647,2.749161,-0.117515,167.000000
7.702358312963042,0.088561,1.309506,-1.554588,1.357493,-0.042532,-0.223305,0.140044,0.118245,1.312858,1.798430,1.293976,0.051404,-0.040651,-0.070396,-0.041213,0.749286,0.107197,-0.652212,0.371145,-0.240236,0.601837,0.057280,-0.640349,-0.055833,0.763908,-0.297704,-0.527130,0.657189,-0.041216,0.749285,0.107200,-0.652212,0.371142,-0.240234,0.602746,0.057282,-0.640349,-0.055836,0.763908,-0.297702,-0.527127,0.658094,0.465154,-0.005410,-0.126311,0.321183,2,True,True,-0.002329,0.009121,-0.000834,0.041024,0.074211,0.064537,-0.009848,0.015928,0.007835,-0.009848,0.015928,0.007835,0.000000,0.041024,0.074211,0.064537,0.833008,True,-0.009809,0.012813,-0.002285,-0.009809,0.012813,-0.002285,2.215345,2.253796,2.232502,2.194487,1.816029,0.600950,1.672009,1.854400,0.014251,0.009234,0.009536,0.015034,-0.001487,0.002343,0.001636,-0.000898,8.618303,-135.496231,26.028181,37.364258,True,velocity,0.465154,0.468487,0.000000,0.000000,0.001400,False,0.143629,0.140043,0.049215,0.050328,-2.835276,-2.725147,-0.110130,2.613171,2.749161,-0.135990,167.000000
7.73928119399352,0.088734,1.307848,-1.552540,1.358444,-0.044743,-0.221576,0.139354,0.119401,1.315235,1.805106,1.292439,0.056032,-0.035433,-0.068025,-0.041213,0.749286,0.107197,-0.652212,0.371145,-0.240236,0.601837,0.057078,-0.643817,-0.055063,0.761059,-0.298547,-0.527321,0.656971,-0.041213,0.749286,0.107198,-0.652212,0.371145,-0.240235,0.601837,0.057079,-0.643817,-0.055064,0.761059,-0.298547,-0.527321,0.656971,0.464037,-0.005410,-0.126311,0.321183,3,True,False,0.000000,0.000000,0.000000,0.000000,0.000000,0.000000,0.000000,0.000000,0.000000,0.000000,0.000000,0.000000,nan,nan,nan,nan,nan,True,0.000000,0.000000,0.000000,0.000000,0.000000,0.000000,1.889307,1.160524,1.552212,1.946465,1.889307,0.625364,1.800207,1.946465,0.000000,0.000000,0.000000,0.000000,0.002777,0.002244,-0.003969,0.003667,8.625977,-135.494980,26.020090,37.370258,True,velocity,0.464037,0.468487,0.000000,0.000000,0.005006,False,0.143722,0.139923,0.049205,0.050363,-2.832584,-2.725147,-0.107437,2.620343,2.749161,-0.128818,167.000000
7.766509954992216,0.091090,1.292438,-1.560590,1.346585,-0.054565,-0.233866,0.153772,0.107506,1.331975,1.799104,1.310926,0.045222,-0.048885,-0.071002,-0.041213,0.749286,0.107197,-0.652212,0.371145,-0.240236,0.601837,0.057078,-0.643817,-0.055063,0.761059,-0.298547,-0.527321,0.656971,-0.041213,0.749286,0.107198,-0.652212,0.371144,-0.240235,0.601838,0.057078,-0.643817,-0.055064,0.761059,-0.298547,-0.527321,0.656971,0.465499,-0.012925,-0.130928,0.322279,2,True,False,0.000000,0.000000,0.000000,0.000000,0.000000,0.000000,0.000000,0.000000,0.000000,0.000000,0.000000,0.000000,nan,nan,nan,nan,nan,True,0.000000,0.000000,0.000000,0.000000,0.000000,0.000000,1.907797,1.128275,1.735941,1.958868,1.907797,1.826952,1.806322,1.958868,0.000000,0.000000,0.000000,0.000000,0.006276,0.003022,-0.005780,0.005034,8.629603,-135.492188,26.020090,37.370674,True,velocity,0.465499,0.468487,0.000000,0.000000,0.018866,False,0.142339,0.141720,0.048900,0.050513,-2.830244,-2.725147,-0.105097,2.620480,2.749161,-0.128681,167.000000
7.7960853149998,0.091072,1.291952,-1.559892,1.346536,-0.055177,-0.233302,0.153842,0.107666,1.332635,1.800043,1.310891,0.044315,-0.048115,-0.071004,-0.041213,0.749286,0.107197,-0.652212,0.371145,-0.240236,0.601837,0.057078,-0.643817,-0.055063,0.761059,-0.298547,-0.527321,0.656971,-0.041213,0.749286,0.107198,-0.652212,0.371145,-0.240235,0.601837,0.057078,-0.643817,-0.055064,0.761059,-0.298547,-0.527321,0.656971,0.465508,-0.012925,-0.130928,0.322279,2,True,False,0.000000,0.000000,0.000000,0.000000,0.000000,0.000000,0.000000,0.000000,0.000000,0.000000,0.000000,0.000000,nan,nan,nan,nan,nan,True,0.000000,0.000000,0.000000,0.000000,0.000000,0.000000,1.907797,1.331212,1.781901,1.958858,1.907797,1.826952,1.776118,1.958858,0.000000,0.000000,0.000000,0.000000,0.007023,0.002755,-0.005098,0.004572,8.631975,-135.491074,26.020369,37.371929,True,velocity,0.465508,0.468487,0.000000,0.000000,0.015944,False,0.142339,0.141722,0.048901,0.050521,-2.829295,-2.725147,-0.104148,2.621583,2.749161,-0.127578,167.000000
7.83031235699309,0.091058,1.291492,-1.559233,1.346495,-0.055757,-0.232768,0.153905,0.107819,1.333259,1.800933,1.310856,0.043458,-0.047385,-0.071004,-0.041213,0.749286,0.107197,-0.652212,0.371145,-0.240236,0.601837,0.057078,-0.643817,-0.055063,0.761059,-0.298547,-0.527321,0.656971,-0.041213,0.749286,0.107198,-0.652212,0.371145,-0.240235,0.601837,0.057078,-0.643817,-0.055064,0.761059,-0.298547,-0.527321,0.656971,0.465517,-0.012925,-0.130928,0.322279,2,True,False,0.000000,0.000000,0.000000,0.000000,0.000000,0.000000,0.000000,0.000000,0.000000,0.000000,0.000000,0.000000,nan,nan,nan,nan,nan,True,0.000000,0.000000,0.000000,0.000000,0.000000,0.000000,1.907155,1.564047,1.775804,1.958858,1.907675,1.679451,1.775804,1.958858,0.000000,0.000000,0.000000,0.000000,0.006807,0.005200,-0.001989,0.002950,8.635045,-135.481308,26.020369,37.372349,True,velocity,0.465517,0.468487,0.000000,0.000000,0.018302,False,0.142339,0.141724,0.048902,0.050529,-2.828477,-2.725147,-0.103330,2.622733,2.749161,-0.126428,167.000000
