# refresh_posture_target=True,arm_posture_cost=0.001,"arm_posture_cost_overrides={'left_arm_joint7': 0.003, 'right_arm_joint7': 0.003}",ee_position_cost=1.0,ee_orientation_cost=0.5,redundancy_resolution=dls_projector,dls_damping=0.05,hard_constraint_extra_damping=0.001
t,left_q0,left_q1,left_q2,left_q3,left_q4,left_q5,left_q6,right_q0,right_q1,right_q2,right_q3,right_q4,right_q5,right_q6,left_target_ee_0,left_target_ee_1,left_target_ee_2,left_target_ee_3,left_target_ee_4,left_target_ee_5,left_target_ee_6,right_target_ee_0,right_target_ee_1,right_target_ee_2,right_target_ee_3,right_target_ee_4,right_target_ee_5,right_target_ee_6,left_actual_ee_0,left_actual_ee_1,left_actual_ee_2,left_actual_ee_3,left_actual_ee_4,left_actual_ee_5,left_actual_ee_6,right_actual_ee_0,right_actual_ee_1,right_actual_ee_2,right_actual_ee_3,right_actual_ee_4,right_actual_ee_5,right_actual_ee_6,lift_q,base_x,base_y,base_yaw
0.007183448000432691,-0.004000,1.318000,-1.704000,1.318000,-0.007000,0.005000,-0.006000,0.005000,1.325000,1.707000,1.317000,0.007000,0.003000,0.000000,-0.022702,0.774921,0.142585,-0.615347,0.371826,-0.256181,0.610375,0.138685,-0.618833,-0.023175,0.772836,-0.370994,-0.256443,0.609789,-0.022702,0.774921,0.142585,-0.615347,0.371826,-0.256181,0.610375,0.138685,-0.618833,-0.023175,0.772836,-0.370994,-0.256443,0.609789,0.451153,0.000000,0.000000,0.000000
0.037619843998982105,-0.004000,1.318000,-1.704000,1.318000,-0.007000,0.005000,-0.006000,0.005000,1.325000,1.707000,1.317000,0.007000,0.003000,0.000000,-0.022702,0.774921,0.142585,-0.615347,0.371826,-0.256181,0.610375,0.138685,-0.618833,-0.023175,0.772836,-0.370994,-0.256443,0.609789,-0.022702,0.774921,0.142585,-0.615347,0.371826,-0.256181,0.610375,0.138685,-0.618833,-0.023175,0.772836,-0.370994,-0.256443,0.609789,0.451153,0.000000,0.000000,0.000000
0.07051928399960161,-0.004000,1.318000,-1.704000,1.318000,-0.007000,0.005000,-0.006000,0.005000,1.325000,1.707000,1.317000,0.007000,0.003000,0.000000,-0.022702,0.774921,0.142585,-0.615347,0.371826,-0.256181,0.610375,0.138685,-0.618833,-0.023175,0.772836,-0.370994,-0.256443,0.609789,-0.022702,0.774921,0.142585,-0.615347,0.371826,-0.256181,0.610375,0.138685,-0.618833,-0.023175,0.772836,-0.370994,-0.256443,0.609789,0.451153,0.000000,0.000000,0.000000
0.10426029399968684,-0.004000,1.318000,-1.704000,1.318000,-0.007000,0.005000,-0.006000,0.005000,1.325000,1.707000,1.317000,0.007000,0.003000,0.000000,-0.022702,0.774921,0.142585,-0.615347,0.371826,-0.256181,0.610375,0.138685,-0.618833,-0.023175,0.772836,-0.370994,-0.256443,0.609789,-0.022702,0.774921,0.142585,-0.615347,0.371826,-0.256181,0.610375,0.138685,-0.618833,-0.023175,0.772836,-0.370994,-0.256443,0.609789,0.451153,0.000000,0.000000,0.000000
0.13737930699790013,-0.004000,1.318000,-1.704000,1.318000,-0.007000,0.005000,-0.006000,0.005000,1.325000,1.707000,1.317000,0.007000,0.003000,0.000000,-0.022702,0.774921,0.142585,-0.615347,0.371826,-0.256181,0.610375,0.138685,-0.618833,-0.023175,0.772836,-0.370994,-0.256443,0.609789,-0.022702,0.774921,0.142585,-0.615347,0.371826,-0.256181,0.610375,0.138685,-0.618833,-0.023175,0.772836,-0.370994,-0.256443,0.609789,0.451153,0.000000,0.000000,0.000000
0.17052831999899354,-0.004000,1.318000,-1.704000,1.318000,-0.007000,0.005000,-0.006000,0.005000,1.325000,1.707000,1.317000,0.007000,0.003000,0.000000,-0.022702,0.774921,0.142585,-0.615347,0.371826,-0.256181,0.610375,0.138685,-0.618833,-0.023175,0.772836,-0.370994,-0.256443,0.609789,-0.022702,0.774921,0.142585,-0.615347,0.371826,-0.256181,0.610375,0.138685,-0.618833,-0.023175,0.772836,-0.370994,-0.256443,0.609789,0.451153,0.000000,0.000000,0.000000
0.20409125699734432,-0.004000,1.318000,-1.704000,1.318000,-0.007000,0.005000,-0.006000,0.005000,1.325000,1.707000,1.317000,0.007000,0.003000,0.000000,-0.022702,0.774921,0.142585,-0.615347,0.371826,-0.256181,0.610375,0.138685,-0.618833,-0.023175,0.772836,-0.370994,-0.256443,0.609789,-0.022702,0.774921,0.142585,-0.615347,0.371826,-0.256181,0.610375,0.138685,-0.618833,-0.023175,0.772836,-0.370994,-0.256443,0.609789,0.451153,0.000000,0.000000,0.000000
0.2373243799993361,-0.004000,1.318000,-1.704000,1.318000,-0.007000,0.005000,-0.006000,0.005000,1.325000,1.707000,1.317000,0.007000,0.003000,0.000000,-0.022702,0.774921,0.142585,-0.615347,0.371826,-0.256181,0.610375,0.138685,-0.618833,-0.023175,0.772836,-0.370994,-0.256443,0.609789,-0.022702,0.774921,0.142585,-0.615347,0.371826,-0.256181,0.610375,0.138685,-0.618833,-0.023175,0.772836,-0.370994,-0.256443,0.609789,0.451153,0.000000,0.000000,0.000000
0.2709456689990475,-0.004000,1.318000,-1.704000,1.318000,-0.007000,0.005000,-0.006000,0.005000,1.325000,1.707000,1.317000,0.007000,0.003000,0.000000,-0.022702,0.774921,0.142585,-0.615347,0.371826,-0.256181,0.610375,0.138685,-0.618833,-0.023175,0.772836,-0.370994,-0.256443,0.609789,-0.022702,0.774921,0.142585,-0.615347,0.371826,-0.256181,0.610375,0.138685,-0.618833,-0.023175,0.772836,-0.370994,-0.256443,0.609789,0.451153,0.000000,0.000000,0.000000
0.3039956449974852,-0.004000,1.318000,-1.704000,1.318000,-0.007000,0.005000,-0.006000,0.005000,1.325000,1.707000,1.317000,0.007000,0.003000,0.000000,-0.022702,0.774921,0.142585,-0.615347,0.371826,-0.256181,0.610375,0.138685,-0.618833,-0.023175,0.772836,-0.370994,-0.256443,0.609789,-0.022702,0.774921,0.142585,-0.615347,0.371826,-0.256181,0.610375,0.138685,-0.618833,-0.023175,0.772836,-0.370994,-0.256443,0.609789,0.451153,0.000000,0.000000,0.000000
0.338588261998666,-0.004000,1.318000,-1.704000,1.318000,-0.007000,0.005000,-0.006000,0.005000,1.325000,1.707000,1.317000,0.007000,0.003000,0.000000,-0.022702,0.774921,0.142585,-0.615347,0.371826,-0.256181,0.610375,0.138685,-0.618833,-0.023175,0.772836,-0.370994,-0.256443,0.609789,-0.022702,0.774921,0.142585,-0.615347,0.371826,-0.256181,0.610375,0.138685,-0.618833,-0.023175,0.772836,-0.370994,-0.256443,0.609789,0.451153,0.000000,0.000000,0.000000
0.3712241850007558,-0.004000,1.318000,-1.704000,1.318000,-0.007000,0.005000,-0.006000,0.005000,1.325000,1.707000,1.317000,0.007000,0.003000,0.000000,-0.022702,0.774921,0.142585,-0.615347,0.371826,-0.256181,0.610375,0.138685,-0.618833,-0.023175,0.772836,-0.370994,-0.256443,0.609789,-0.022702,0.774921,0.142585,-0.615347,0.371826,-0.256181,0.610375,0.138685,-0.618833,-0.023175,0.772836,-0.370994,-0.256443,0.609789,0.451153,0.000000,0.000000,0.000000
0.4042747909988975,-0.004000,1.318000,-1.704000,1.318000,-0.007000,0.005000,-0.006000,0.005000,1.325000,1.707000,1.317000,0.007000,0.003000,0.000000,-0.022702,0.774921,0.142585,-0.615347,0.371826,-0.256181,0.610375,0.138685,-0.618833,-0.023175,0.772836,-0.370994,-0.256443,0.609789,-0.022702,0.774921,0.142585,-0.615347,0.371826,-0.256181,0.610375,0.138685,-0.618833,-0.023175,0.772836,-0.370994,-0.256443,0.609789,0.451153,0.000000,0.000000,0.000000
0.43805709699881845,-0.004000,1.318000,-1.704000,1.318000,-0.007000,0.005000,-0.006000,0.005000,1.325000,1.707000,1.317000,0.007000,0.003000,0.000000,-0.022702,0.774921,0.142585,-0.615347,0.371826,-0.256181,0.610375,0.138685,-0.618833,-0.023175,0.772836,-0.370994,-0.256443,0.609789,-0.022702,0.774921,0.142585,-0.615347,0.371826,-0.256181,0.610375,0.138685,-0.618833,-0.023175,0.772836,-0.370994,-0.256443,0.609789,0.451153,0.000000,0.000000,0.000000
0.4710306849992776,-0.004000,1.318000,-1.704000,1.318000,-0.007000,0.005000,-0.006000,0.005000,1.325000,1.707000,1.317000,0.007000,0.003000,0.000000,-0.022702,0.774921,0.142585,-0.615347,0.371826,-0.256181,0.610375,0.138685,-0.618833,-0.023175,0.772836,-0.370994,-0.256443,0.609789,-0.022702,0.774921,0.142585,-0.615347,0.371826,-0.256181,0.610375,0.138685,-0.618833,-0.023175,0.772836,-0.370994,-0.256443,0.609789,0.451153,0.000000,0.000000,0.000000
0.5044220669988135,-0.004000,1.318000,-1.704000,1.318000,-0.007000,0.005000,-0.006000,0.005000,1.325000,1.707000,1.317000,0.007000,0.003000,0.000000,-0.022702,0.774921,0.142585,-0.615347,0.371826,-0.256181,0.610375,0.138685,-0.618833,-0.023175,0.772836,-0.370994,-0.256443,0.609789,-0.022702,0.774921,0.142585,-0.615347,0.371826,-0.256181,0.610375,0.138685,-0.618833,-0.023175,0.772836,-0.370994,-0.256443,0.609789,0.451153,0.000000,0.000000,0.000000
0.5383626309994725,-0.004000,1.318000,-1.704000,1.318000,-0.007000,0.005000,-0.006000,0.005000,1.325000,1.707000,1.317000,0.007000,0.003000,0.000000,-0.022702,0.774921,0.142585,-0.615347,0.371826,-0.256181,0.610375,0.138685,-0.618833,-0.023175,0.772836,-0.370994,-0.256443,0.609789,-0.022702,0.774921,0.142585,-0.615347,0.371826,-0.256181,0.610375,0.138685,-0.618833,-0.023175,0.772836,-0.370994,-0.256443,0.609789,0.451153,0.000000,0.000000,0.000000
0.5712195720007003,-0.004000,1.318000,-1.704000,1.318000,-0.007000,0.005000,-0.006000,0.005000,1.325000,1.707000,1.317000,0.007000,0.003000,0.000000,-0.022702,0.774921,0.142585,-0.615347,0.371826,-0.256181,0.610375,0.138685,-0.618833,-0.023175,0.772836,-0.370994,-0.256443,0.609789,-0.022702,0.774921,0.142585,-0.615347,0.371826,-0.256181,0.610375,0.138685,-0.618833,-0.023175,0.772836,-0.370994,-0.256443,0.609789,0.451153,0.000000,0.000000,0.000000
0.6047465459996602,-0.004000,1.318000,-1.704000,1.318000,-0.007000,0.005000,-0.006000,0.005000,1.325000,1.707000,1.317000,0.007000,0.003000,0.000000,-0.022702,0.774921,0.142585,-0.615347,0.371826,-0.256181,0.610375,0.138685,-0.618833,-0.023175,0.772836,-0.370994,-0.256443,0.609789,-0.022702,0.774921,0.142585,-0.615347,0.371826,-0.256181,0.610375,0.138685,-0.618833,-0.023175,0.772836,-0.370994,-0.256443,0.609789,0.451153,0.000000,0.000000,0.000000
0.6381074829987483,-0.004000,1.318000,-1.704000,1.318000,-0.007000,0.005000,-0.006000,0.005000,1.325000,1.707000,1.317000,0.007000,0.003000,0.000000,-0.022702,0.774921,0.142585,-0.615347,0.371826,-0.256181,0.610375,0.138685,-0.618833,-0.023175,0.772836,-0.370994,-0.256443,0.609789,-0.022702,0.774921,0.142585,-0.615347,0.371826,-0.256181,0.610375,0.138685,-0.618833,-0.023175,0.772836,-0.370994,-0.256443,0.609789,0.451153,0.000000,0.000000,0.000000
0.6714013290002185,-0.004000,1.318000,-1.704000,1.318000,-0.007000,0.005000,-0.006000,0.005000,1.325000,1.707000,1.317000,0.007000,0.003000,0.000000,-0.022702,0.774921,0.142585,-0.615347,0.371826,-0.256181,0.610375,0.138685,-0.618833,-0.023175,0.772836,-0.370994,-0.256443,0.609789,-0.022702,0.774921,0.142585,-0.615347,0.371826,-0.256181,0.610375,0.138685,-0.618833,-0.023175,0.772836,-0.370994,-0.256443,0.609789,0.451153,0.000000,0.000000,0.000000
0.7052211349982827,-0.004000,1.318000,-1.704000,1.318000,-0.007000,0.005000,-0.006000,0.005000,1.325000,1.707000,1.317000,0.007000,0.003000,0.000000,-0.022702,0.774921,0.142585,-0.615347,0.371826,-0.256181,0.610375,0.138685,-0.618833,-0.023175,0.772836,-0.370994,-0.256443,0.609789,-0.022702,0.774921,0.142585,-0.615347,0.371826,-0.256181,0.610375,0.138685,-0.618833,-0.023175,0.772836,-0.370994,-0.256443,0.609789,0.451153,0.000000,0.000000,0.000000
0.7382175739985541,-0.004000,1.318000,-1.704000,1.318000,-0.007000,0.005000,-0.006000,0.005000,1.325000,1.707000,1.317000,0.007000,0.003000,0.000000,-0.022702,0.774921,0.142585,-0.615347,0.371826,-0.256181,0.610375,0.138685,-0.618833,-0.023175,0.772836,-0.370994,-0.256443,0.609789,-0.022702,0.774921,0.142585,-0.615347,0.371826,-0.256181,0.610375,0.138685,-0.618833,-0.023175,0.772836,-0.370994,-0.256443,0.609789,0.451153,0.000000,0.000000,0.000000
0.7715497530007269,-0.004000,1.318000,-1.704000,1.318000,-0.007000,0.005000,-0.006000,0.005000,1.325000,1.707000,1.317000,0.007000,0.003000,0.000000,-0.022702,0.774921,0.142585,-0.615347,0.371826,-0.256181,0.610375,0.138685,-0.618833,-0.023175,0.772836,-0.370994,-0.256443,0.609789,-0.022702,0.774921,0.142585,-0.615347,0.371826,-0.256181,0.610375,0.138685,-0.618833,-0.023175,0.772836,-0.370994,-0.256443,0.609789,0.451153,0.000000,0.000000,0.000000
0.8050522829980764,-0.004000,1.318000,-1.704000,1.318000,-0.007000,0.005000,-0.006000,0.005000,1.325000,1.707000,1.317000,0.007000,0.003000,0.000000,-0.022702,0.774921,0.142585,-0.615347,0.371826,-0.256181,0.610375,0.138685,-0.618833,-0.023175,0.772836,-0.370994,-0.256443,0.609789,-0.022702,0.774921,0.142585,-0.615347,0.371826,-0.256181,0.610375,0.138685,-0.618833,-0.023175,0.772836,-0.370994,-0.256443,0.609789,0.451153,0.000000,0.000000,0.000000
0.8383257210007287,-0.004000,1.318000,-1.704000,1.318000,-0.007000,0.005000,-0.006000,0.005000,1.325000,1.707000,1.317000,0.007000,0.003000,0.000000,-0.022702,0.774921,0.142585,-0.615347,0.371826,-0.256181,0.610375,0.138685,-0.618833,-0.023175,0.772836,-0.370994,-0.256443,0.609789,-0.022702,0.774921,0.142585,-0.615347,0.371826,-0.256181,0.610375,0.138685,-0.618833,-0.023175,0.772836,-0.370994,-0.256443,0.609789,0.451153,0.000000,0.000000,0.000000
0.8727872279996518,-0.004000,1.318000,-1.704000,1.318000,-0.007000,0.005000,-0.006000,0.005000,1.325000,1.707000,1.317000,0.007000,0.003000,0.000000,-0.022702,0.774921,0.142585,-0.615347,0.371826,-0.256181,0.610375,0.138685,-0.618833,-0.023175,0.772836,-0.370994,-0.256443,0.609789,-0.022702,0.774921,0.142585,-0.615347,0.371826,-0.256181,0.610375,0.138685,-0.618833,-0.023175,0.772836,-0.370994,-0.256443,0.609789,0.451153,0.000000,0.000000,0.000000
0.9061738689997583,-0.004000,1.318000,-1.704000,1.318000,-0.007000,0.005000,-0.006000,0.005000,1.325000,1.707000,1.317000,0.007000,0.003000,0.000000,-0.022702,0.774921,0.142585,-0.615347,0.371826,-0.256181,0.610375,0.138685,-0.618833,-0.023175,0.772836,-0.370994,-0.256443,0.609789,-0.022702,0.774921,0.142585,-0.615347,0.371826,-0.256181,0.610375,0.138685,-0.618833,-0.023175,0.772836,-0.370994,-0.256443,0.609789,0.451153,0.000000,0.000000,0.000000
0.9395222509992891,-0.004000,1.318000,-1.704000,1.318000,-0.007000,0.005000,-0.006000,0.005000,1.325000,1.707000,1.317000,0.007000,0.003000,0.000000,-0.022702,0.774921,0.142585,-0.615347,0.371826,-0.256181,0.610375,0.138685,-0.618833,-0.023175,0.772836,-0.370994,-0.256443,0.609789,-0.022702,0.774921,0.142585,-0.615347,0.371826,-0.256181,0.610375,0.138685,-0.618833,-0.023175,0.772836,-0.370994,-0.256443,0.609789,0.451153,0.000000,0.000000,0.000000
0.9741503129989724,-0.004000,1.318000,-1.704000,1.318000,-0.007000,0.005000,-0.006000,0.005000,1.325000,1.707000,1.317000,0.007000,0.003000,0.000000,-0.022702,0.774921,0.142585,-0.615347,0.371826,-0.256181,0.610375,0.138685,-0.618833,-0.023175,0.772836,-0.370994,-0.256443,0.609789,-0.022702,0.774921,0.142585,-0.615347,0.371826,-0.256181,0.610375,0.138685,-0.618833,-0.023175,0.772836,-0.370994,-0.256443,0.609789,0.451153,0.000000,0.000000,0.000000
1.006245033997402,-0.004000,1.318000,-1.704000,1.318000,-0.007000,0.005000,-0.006000,0.005000,1.325000,1.707000,1.317000,0.007000,0.003000,0.000000,-0.022702,0.774921,0.142585,-0.615347,0.371826,-0.256181,0.610375,0.138685,-0.618833,-0.023175,0.772836,-0.370994,-0.256443,0.609789,-0.022702,0.774921,0.142585,-0.615347,0.371826,-0.256181,0.610375,0.138685,-0.618833,-0.023175,0.772836,-0.370994,-0.256443,0.609789,0.451153,0.000000,0.000000,0.000000
1.0392060300000594,-0.004000,1.318000,-1.704000,1.318000,-0.007000,0.005000,-0.006000,0.005000,1.325000,1.707000,1.317000,0.007000,0.003000,0.000000,-0.022702,0.774921,0.142585,-0.615347,0.371826,-0.256181,0.610375,0.138685,-0.618833,-0.023175,0.772836,-0.370994,-0.256443,0.609789,-0.022702,0.774921,0.142585,-0.615347,0.371826,-0.256181,0.610375,0.138685,-0.618833,-0.023175,0.772836,-0.370994,-0.256443,0.609789,0.451153,0.000000,0.000000,0.000000
1.0722010619974753,-0.004000,1.318000,-1.704000,1.318000,-0.007000,0.005000,-0.006000,0.005000,1.325000,1.707000,1.317000,0.007000,0.003000,0.000000,-0.022702,0.774921,0.142585,-0.615347,0.371826,-0.256181,0.610375,0.138685,-0.618833,-0.023175,0.772836,-0.370994,-0.256443,0.609789,-0.022702,0.774921,0.142585,-0.615347,0.371826,-0.256181,0.610375,0.138685,-0.618833,-0.023175,0.772836,-0.370994,-0.256443,0.609789,0.451153,0.000000,0.000000,0.000000
1.1060752560006222,-0.004000,1.318000,-1.704000,1.318000,-0.007000,0.005000,-0.006000,0.005000,1.325000,1.707000,1.317000,0.007000,0.003000,0.000000,-0.022702,0.774921,0.142585,-0.615347,0.371826,-0.256181,0.610375,0.138685,-0.618833,-0.023175,0.772836,-0.370994,-0.256443,0.609789,-0.022702,0.774921,0.142585,-0.615347,0.371826,-0.256181,0.610375,0.138685,-0.618833,-0.023175,0.772836,-0.370994,-0.256443,0.609789,0.451153,0.000000,0.000000,0.000000
1.1390121959993849,-0.004000,1.318000,-1.704000,1.318000,-0.007000,0.005000,-0.006000,0.005000,1.325000,1.707000,1.317000,0.007000,0.003000,0.000000,-0.022702,0.774921,0.142585,-0.615347,0.371826,-0.256181,0.610375,0.138685,-0.618833,-0.023175,0.772836,-0.370994,-0.256443,0.609789,-0.022702,0.774921,0.142585,-0.615347,0.371826,-0.256181,0.610375,0.138685,-0.618833,-0.023175,0.772836,-0.370994,-0.256443,0.609789,0.451153,0.000000,0.000000,0.000000
1.1724119859973143,-0.004000,1.318000,-1.704000,1.318000,-0.007000,0.005000,-0.006000,0.005000,1.325000,1.707000,1.317000,0.007000,0.003000,0.000000,-0.022702,0.774921,0.142585,-0.615347,0.371826,-0.256181,0.610375,0.138685,-0.618833,-0.023175,0.772836,-0.370994,-0.256443,0.609789,-0.022702,0.774921,0.142585,-0.615347,0.371826,-0.256181,0.610375,0.138685,-0.618833,-0.023175,0.772836,-0.370994,-0.256443,0.609789,0.451153,0.000000,0.000000,0.000000
1.2060828289977508,-0.004000,1.318000,-1.704000,1.318000,-0.007000,0.005000,-0.006000,0.005000,1.325000,1.707000,1.317000,0.007000,0.003000,0.000000,-0.022702,0.774921,0.142585,-0.615347,0.371826,-0.256181,0.610375,0.138685,-0.618833,-0.023175,0.772836,-0.370994,-0.256443,0.609789,-0.022702,0.774921,0.142585,-0.615347,0.371826,-0.256181,0.610375,0.138685,-0.618833,-0.023175,0.772836,-0.370994,-0.256443,0.609789,0.451153,0.000000,0.000000,0.000000
1.2391796759984572,-0.004000,1.318000,-1.704000,1.318000,-0.007000,0.005000,-0.006000,0.005000,1.325000,1.707000,1.317000,0.007000,0.003000,0.000000,-0.022702,0.774921,0.142585,-0.615347,0.371826,-0.256181,0.610375,0.138685,-0.618833,-0.023175,0.772836,-0.370994,-0.256443,0.609789,-0.022702,0.774921,0.142585,-0.615347,0.371826,-0.256181,0.610375,0.138685,-0.618833,-0.023175,0.772836,-0.370994,-0.256443,0.609789,0.451153,0.000000,0.000000,0.000000
1.2726629089993367,-0.004000,1.318000,-1.704000,1.318000,-0.007000,0.005000,-0.006000,0.005000,1.325000,1.707000,1.317000,0.007000,0.003000,0.000000,-0.022702,0.774921,0.142585,-0.615347,0.371826,-0.256181,0.610375,0.138685,-0.618833,-0.023175,0.772836,-0.370994,-0.256443,0.609789,-0.022702,0.774921,0.142585,-0.615347,0.371826,-0.256181,0.610375,0.138685,-0.618833,-0.023175,0.772836,-0.370994,-0.256443,0.609789,0.451153,0.000000,0.000000,0.000000
1.3060529399990628,-0.004000,1.318000,-1.704000,1.318000,-0.007000,0.005000,-0.006000,0.005000,1.325000,1.707000,1.317000,0.007000,0.003000,0.000000,-0.022702,0.774921,0.142585,-0.615347,0.371826,-0.256181,0.610375,0.138685,-0.618833,-0.023175,0.772836,-0.370994,-0.256443,0.609789,-0.022702,0.774921,0.142585,-0.615347,0.371826,-0.256181,0.610375,0.138685,-0.618833,-0.023175,0.772836,-0.370994,-0.256443,0.609789,0.451153,0.000000,0.000000,0.000000
1.339861189997464,-0.004000,1.318000,-1.704000,1.318000,-0.007000,0.005000,-0.006000,0.005000,1.325000,1.707000,1.317000,0.007000,0.003000,0.000000,-0.022702,0.774921,0.142585,-0.615347,0.371826,-0.256181,0.610375,0.138685,-0.618833,-0.023175,0.772836,-0.370994,-0.256443,0.609789,-0.022702,0.774921,0.142585,-0.615347,0.371826,-0.256181,0.610375,0.138685,-0.618833,-0.023175,0.772836,-0.370994,-0.256443,0.609789,0.451153,0.000000,0.000000,0.000000
1.37311760999728,-0.004000,1.318000,-1.704000,1.318000,-0.007000,0.005000,-0.006000,0.005000,1.325000,1.707000,1.317000,0.007000,0.003000,0.000000,-0.022702,0.774921,0.142585,-0.615347,0.371826,-0.256181,0.610375,0.138685,-0.618833,-0.023175,0.772836,-0.370994,-0.256443,0.609789,-0.022702,0.774921,0.142585,-0.615347,0.371826,-0.256181,0.610375,0.138685,-0.618833,-0.023175,0.772836,-0.370994,-0.256443,0.609789,0.451153,0.000000,0.000000,0.000000
1.4061236790003022,-0.004000,1.318000,-1.704000,1.318000,-0.007000,0.005000,-0.006000,0.005000,1.325000,1.707000,1.317000,0.007000,0.003000,0.000000,-0.022702,0.774921,0.142585,-0.615347,0.371826,-0.256181,0.610375,0.138685,-0.618833,-0.023175,0.772836,-0.370994,-0.256443,0.609789,-0.022702,0.774921,0.142585,-0.615347,0.371826,-0.256181,0.610375,0.138685,-0.618833,-0.023175,0.772836,-0.370994,-0.256443,0.609789,0.451153,0.000000,0.000000,0.000000
1.4395693019978353,-0.004000,1.318000,-1.704000,1.318000,-0.007000,0.005000,-0.006000,0.005000,1.325000,1.707000,1.317000,0.007000,0.003000,0.000000,-0.022702,0.774921,0.142585,-0.615347,0.371826,-0.256181,0.610375,0.138685,-0.618833,-0.023175,0.772836,-0.370994,-0.256443,0.609789,-0.022702,0.774921,0.142585,-0.615347,0.371826,-0.256181,0.610375,0.138685,-0.618833,-0.023175,0.772836,-0.370994,-0.256443,0.609789,0.451153,0.000000,0.000000,0.000000
1.473076330999902,-0.004000,1.318000,-1.704000,1.318000,-0.007000,0.005000,-0.006000,0.005000,1.325000,1.707000,1.317000,0.007000,0.003000,0.000000,-0.022702,0.774921,0.142585,-0.615347,0.371826,-0.256181,0.610375,0.138685,-0.618833,-0.023175,0.772836,-0.370994,-0.256443,0.609789,-0.022702,0.774921,0.142585,-0.615347,0.371826,-0.256181,0.610375,0.138685,-0.618833,-0.023175,0.772836,-0.370994,-0.256443,0.609789,0.451153,0.000000,0.000000,0.000000
1.506346805999783,-0.004000,1.318000,-1.704000,1.318000,-0.007000,0.005000,-0.006000,0.005000,1.325000,1.707000,1.317000,0.007000,0.003000,0.000000,-0.022702,0.774921,0.142585,-0.615347,0.371826,-0.256181,0.610375,0.138685,-0.618833,-0.023175,0.772836,-0.370994,-0.256443,0.609789,-0.022702,0.774921,0.142585,-0.615347,0.371826,-0.256181,0.610375,0.138685,-0.618833,-0.023175,0.772836,-0.370994,-0.256443,0.609789,0.451153,0.000000,0.000000,0.000000
1.5401420019989018,-0.004000,1.318000,-1.704000,1.318000,-0.007000,0.005000,-0.006000,0.005000,1.325000,1.707000,1.317000,0.007000,0.003000,0.000000,-0.022702,0.774921,0.142585,-0.615347,0.371826,-0.256181,0.610375,0.138685,-0.618833,-0.023175,0.772836,-0.370994,-0.256443,0.609789,-0.022702,0.774921,0.142585,-0.615347,0.371826,-0.256181,0.610375,0.138685,-0.618833,-0.023175,0.772836,-0.370994,-0.256443,0.609789,0.451153,0.000000,0.000000,0.000000
1.5731243299997004,-0.004000,1.318000,-1.704000,1.318000,-0.007000,0.005000,-0.006000,0.005000,1.325000,1.707000,1.317000,0.007000,0.003000,0.000000,-0.022702,0.774921,0.142585,-0.615347,0.371826,-0.256181,0.610375,0.138685,-0.618833,-0.023175,0.772836,-0.370994,-0.256443,0.609789,-0.022702,0.774921,0.142585,-0.615347,0.371826,-0.256181,0.610375,0.138685,-0.618833,-0.023175,0.772836,-0.370994,-0.256443,0.609789,0.451153,0.000000,0.000000,0.000000
1.6066235629987204,-0.004000,1.318000,-1.704000,1.318000,-0.007000,0.005000,-0.006000,0.005000,1.325000,1.707000,1.317000,0.007000,0.003000,0.000000,-0.022702,0.774921,0.142585,-0.615347,0.371826,-0.256181,0.610375,0.138685,-0.618833,-0.023175,0.772836,-0.370994,-0.256443,0.609789,-0.022702,0.774921,0.142585,-0.615347,0.371826,-0.256181,0.610375,0.138685,-0.618833,-0.023175,0.772836,-0.370994,-0.256443,0.609789,0.451153,0.000000,0.000000,0.000000
1.6399502610001946,-0.004000,1.318000,-1.704000,1.318000,-0.007000,0.005000,-0.006000,0.005000,1.325000,1.707000,1.317000,0.007000,0.003000,0.000000,-0.022702,0.774921,0.142585,-0.615347,0.371826,-0.256181,0.610375,0.138685,-0.618833,-0.023175,0.772836,-0.370994,-0.256443,0.609789,-0.022702,0.774921,0.142585,-0.615347,0.371826,-0.256181,0.610375,0.138685,-0.618833,-0.023175,0.772836,-0.370994,-0.256443,0.609789,0.451153,0.000000,0.000000,0.000000
1.6733101979989442,-0.004000,1.318000,-1.704000,1.318000,-0.007000,0.005000,-0.006000,0.005000,1.325000,1.707000,1.317000,0.007000,0.003000,0.000000,-0.022702,0.774921,0.142585,-0.615347,0.371826,-0.256181,0.610375,0.138685,-0.618833,-0.023175,0.772836,-0.370994,-0.256443,0.609789,-0.022702,0.774921,0.142585,-0.615347,0.371826,-0.256181,0.610375,0.138685,-0.618833,-0.023175,0.772836,-0.370994,-0.256443,0.609789,0.451153,0.000000,0.000000,0.000000
1.7071911889979674,-0.004000,1.318000,-1.704000,1.318000,-0.007000,0.005000,-0.006000,0.005000,1.325000,1.707000,1.317000,0.007000,0.003000,0.000000,-0.022702,0.774921,0.142585,-0.615347,0.371826,-0.256181,0.610375,0.138685,-0.618833,-0.023175,0.772836,-0.370994,-0.256443,0.609789,-0.022702,0.774921,0.142585,-0.615347,0.371826,-0.256181,0.610375,0.138685,-0.618833,-0.023175,0.772836,-0.370994,-0.256443,0.609789,0.451153,0.000000,0.000000,0.000000
1.7401023329985037,-0.004000,1.318000,-1.704000,1.318000,-0.007000,0.005000,-0.006000,0.005000,1.325000,1.707000,1.317000,0.007000,0.003000,0.000000,-0.022702,0.774921,0.142585,-0.615347,0.371826,-0.256181,0.610375,0.138685,-0.618833,-0.023175,0.772836,-0.370994,-0.256443,0.609789,-0.022702,0.774921,0.142585,-0.615347,0.371826,-0.256181,0.610375,0.138685,-0.618833,-0.023175,0.772836,-0.370994,-0.256443,0.609789,0.451153,0.000000,0.000000,0.000000
1.7735605479974765,-0.004000,1.318000,-1.704000,1.318000,-0.007000,0.005000,-0.006000,0.005000,1.325000,1.707000,1.317000,0.007000,0.003000,0.000000,-0.022702,0.774921,0.142585,-0.615347,0.371826,-0.256181,0.610375,0.138685,-0.618833,-0.023175,0.772836,-0.370994,-0.256443,0.609789,-0.022702,0.774921,0.142585,-0.615347,0.371826,-0.256181,0.610375,0.138685,-0.618833,-0.023175,0.772836,-0.370994,-0.256443,0.609789,0.451153,0.000000,0.000000,0.000000
1.8069559119976475,-0.004000,1.318000,-1.704000,1.318000,-0.007000,0.005000,-0.006000,0.005000,1.325000,1.707000,1.317000,0.007000,0.003000,0.000000,-0.022702,0.774921,0.142585,-0.615347,0.371826,-0.256181,0.610375,0.138685,-0.618833,-0.023175,0.772836,-0.370994,-0.256443,0.609789,-0.022702,0.774921,0.142585,-0.615347,0.371826,-0.256181,0.610375,0.138685,-0.618833,-0.023175,0.772836,-0.370994,-0.256443,0.609789,0.451153,0.000000,0.000000,0.000000
1.8402564610005356,-0.004000,1.318000,-1.704000,1.318000,-0.007000,0.005000,-0.006000,0.005000,1.325000,1.707000,1.317000,0.007000,0.003000,0.000000,-0.022702,0.774921,0.142585,-0.615347,0.371826,-0.256181,0.610375,0.138685,-0.618833,-0.023175,0.772836,-0.370994,-0.256443,0.609789,-0.022702,0.774921,0.142585,-0.615347,0.371826,-0.256181,0.610375,0.138685,-0.618833,-0.023175,0.772836,-0.370994,-0.256443,0.609789,0.451153,0.000000,0.000000,0.000000
1.874218821998511,-0.004000,1.318000,-1.704000,1.318000,-0.007000,0.005000,-0.006000,0.005000,1.325000,1.707000,1.317000,0.007000,0.003000,0.000000,-0.022702,0.774921,0.142585,-0.615347,0.371826,-0.256181,0.610375,0.138685,-0.618833,-0.023175,0.772836,-0.370994,-0.256443,0.609789,-0.022702,0.774921,0.142585,-0.615347,0.371826,-0.256181,0.610375,0.138685,-0.618833,-0.023175,0.772836,-0.370994,-0.256443,0.609789,0.451153,0.000000,0.000000,0.000000
1.9070706319980673,-0.004000,1.318000,-1.704000,1.318000,-0.007000,0.005000,-0.006000,0.005000,1.325000,1.707000,1.317000,0.007000,0.003000,0.000000,-0.022702,0.774921,0.142585,-0.615347,0.371826,-0.256181,0.610375,0.138685,-0.618833,-0.023175,0.772836,-0.370994,-0.256443,0.609789,-0.022702,0.774921,0.142585,-0.615347,0.371826,-0.256181,0.610375,0.138685,-0.618833,-0.023175,0.772836,-0.370994,-0.256443,0.609789,0.451153,0.000000,0.000000,0.000000
1.9408212719972653,-0.004000,1.318000,-1.704000,1.318000,-0.007000,0.005000,-0.006000,0.005000,1.325000,1.707000,1.317000,0.007000,0.003000,0.000000,-0.022702,0.774921,0.142585,-0.615347,0.371826,-0.256181,0.610375,0.138685,-0.618833,-0.023175,0.772836,-0.370994,-0.256443,0.609789,-0.022702,0.774921,0.142585,-0.615347,0.371826,-0.256181,0.610375,0.138685,-0.618833,-0.023175,0.772836,-0.370994,-0.256443,0.609789,0.451153,0.000000,0.000000,0.000000
1.9742064319980273,-0.004000,1.318000,-1.704000,1.318000,-0.007000,0.005000,-0.006000,0.005000,1.325000,1.707000,1.317000,0.007000,0.003000,0.000000,-0.022702,0.774921,0.142585,-0.615347,0.371826,-0.256181,0.610375,0.138685,-0.618833,-0.023175,0.772836,-0.370994,-0.256443,0.609789,-0.022702,0.774921,0.142585,-0.615347,0.371826,-0.256181,0.610375,0.138685,-0.618833,-0.023175,0.772836,-0.370994,-0.256443,0.609789,0.451153,0.000000,0.000000,0.000000
2.0074936479977623,-0.004000,1.318000,-1.704000,1.318000,-0.007000,0.005000,-0.006000,0.005000,1.325000,1.707000,1.317000,0.007000,0.003000,0.000000,-0.022702,0.774921,0.142585,-0.615347,0.371826,-0.256181,0.610375,0.138685,-0.618833,-0.023175,0.772836,-0.370994,-0.256443,0.609789,-0.022702,0.774921,0.142585,-0.615347,0.371826,-0.256181,0.610375,0.138685,-0.618833,-0.023175,0.772836,-0.370994,-0.256443,0.609789,0.451153,0.000000,0.000000,0.000000
2.0411462880001636,-0.004000,1.318000,-1.704000,1.318000,-0.007000,0.005000,-0.006000,0.005000,1.325000,1.707000,1.317000,0.007000,0.003000,0.000000,-0.022702,0.774921,0.142585,-0.615347,0.371826,-0.256181,0.610375,0.138685,-0.618833,-0.023175,0.772836,-0.370994,-0.256443,0.609789,-0.022702,0.774921,0.142585,-0.615347,0.371826,-0.256181,0.610375,0.138685,-0.618833,-0.023175,0.772836,-0.370994,-0.256443,0.609789,0.451153,0.000000,0.000000,0.000000
2.07411135700022,-0.004000,1.318000,-1.704000,1.318000,-0.007000,0.005000,-0.006000,0.005000,1.325000,1.707000,1.317000,0.007000,0.003000,0.000000,-0.022702,0.774921,0.142585,-0.615347,0.371826,-0.256181,0.610375,0.138685,-0.618833,-0.023175,0.772836,-0.370994,-0.256443,0.609789,-0.022702,0.774921,0.142585,-0.615347,0.371826,-0.256181,0.610375,0.138685,-0.618833,-0.023175,0.772836,-0.370994,-0.256443,0.609789,0.451153,0.000000,0.000000,0.000000
2.107517017000646,-0.004000,1.318000,-1.704000,1.318000,-0.007000,0.005000,-0.006000,0.005000,1.325000,1.707000,1.317000,0.007000,0.003000,0.000000,-0.022702,0.774921,0.142585,-0.615347,0.371826,-0.256181,0.610375,0.138685,-0.618833,-0.023175,0.772836,-0.370994,-0.256443,0.609789,-0.022702,0.774921,0.142585,-0.615347,0.371826,-0.256181,0.610375,0.138685,-0.618833,-0.023175,0.772836,-0.370994,-0.256443,0.609789,0.451153,0.000000,0.000000,0.000000
2.1417418950004503,-0.004000,1.318000,-1.704000,1.318000,-0.007000,0.005000,-0.006000,0.005000,1.325000,1.707000,1.317000,0.007000,0.003000,0.000000,-0.022702,0.774921,0.142585,-0.615347,0.371826,-0.256181,0.610375,0.138685,-0.618833,-0.023175,0.772836,-0.370994,-0.256443,0.609789,-0.022702,0.774921,0.142585,-0.615347,0.371826,-0.256181,0.610375,0.138685,-0.618833,-0.023175,0.772836,-0.370994,-0.256443,0.609789,0.451153,0.000000,0.000000,0.000000
2.1764197899974533,-0.004000,1.318000,-1.704000,1.318000,-0.007000,0.005000,-0.006000,0.005000,1.325000,1.707000,1.317000,0.007000,0.003000,0.000000,-0.022702,0.774921,0.142585,-0.615347,0.371826,-0.256181,0.610375,0.138685,-0.618833,-0.023175,0.772836,-0.370994,-0.256443,0.609789,-0.022702,0.774921,0.142585,-0.615347,0.371826,-0.256181,0.610375,0.138685,-0.618833,-0.023175,0.772836,-0.370994,-0.256443,0.609789,0.451153,0.000000,0.000000,0.000000
2.208100754000043,-0.004000,1.318000,-1.704000,1.318000,-0.007000,0.005000,-0.006000,0.005000,1.325000,1.707000,1.317000,0.007000,0.003000,0.000000,-0.022702,0.774921,0.142585,-0.615347,0.371826,-0.256181,0.610375,0.138685,-0.618833,-0.023175,0.772836,-0.370994,-0.256443,0.609789,-0.022702,0.774921,0.142585,-0.615347,0.371826,-0.256181,0.610375,0.138685,-0.618833,-0.023175,0.772836,-0.370994,-0.256443,0.609789,0.451153,0.000000,0.000000,0.000000
2.2412178039994615,-0.004000,1.318000,-1.704000,1.318000,-0.007000,0.005000,-0.006000,0.005000,1.325000,1.707000,1.317000,0.007000,0.003000,0.000000,-0.022702,0.774921,0.142585,-0.615347,0.371826,-0.256181,0.610375,0.138685,-0.618833,-0.023175,0.772836,-0.370994,-0.256443,0.609789,-0.022702,0.774921,0.142585,-0.615347,0.371826,-0.256181,0.610375,0.138685,-0.618833,-0.023175,0.772836,-0.370994,-0.256443,0.609789,0.451153,0.000000,0.000000,0.000000
2.2752528130004066,-0.004000,1.318000,-1.704000,1.318000,-0.007000,0.005000,-0.006000,0.005000,1.325000,1.707000,1.317000,0.007000,0.003000,0.000000,-0.022702,0.774921,0.142585,-0.615347,0.371826,-0.256181,0.610375,0.138685,-0.618833,-0.023175,0.772836,-0.370994,-0.256443,0.609789,-0.022702,0.774921,0.142585,-0.615347,0.371826,-0.256181,0.610375,0.138685,-0.618833,-0.023175,0.772836,-0.370994,-0.256443,0.609789,0.451153,0.000000,0.000000,0.000000
2.3087429349980084,-0.004000,1.318000,-1.704000,1.318000,-0.007000,0.005000,-0.006000,0.005000,1.325000,1.707000,1.317000,0.007000,0.003000,0.000000,-0.022702,0.774921,0.142585,-0.615347,0.371826,-0.256181,0.610375,0.138685,-0.618833,-0.023175,0.772836,-0.370994,-0.256443,0.609789,-0.022702,0.774921,0.142585,-0.615347,0.371826,-0.256181,0.610375,0.138685,-0.618833,-0.023175,0.772836,-0.370994,-0.256443,0.609789,0.451153,0.000000,0.000000,0.000000
2.342060503000539,-0.004000,1.318000,-1.704000,1.318000,-0.007000,0.005000,-0.006000,0.005000,1.325000,1.707000,1.317000,0.007000,0.003000,0.000000,-0.022702,0.774921,0.142585,-0.615347,0.371826,-0.256181,0.610375,0.138685,-0.618833,-0.023175,0.772836,-0.370994,-0.256443,0.609789,-0.022702,0.774921,0.142585,-0.615347,0.371826,-0.256181,0.610375,0.138685,-0.618833,-0.023175,0.772836,-0.370994,-0.256443,0.609789,0.451153,0.000000,0.000000,0.000000
2.375141442000313,-0.004000,1.318000,-1.704000,1.318000,-0.007000,0.005000,-0.006000,0.005000,1.325000,1.707000,1.317000,0.007000,0.003000,0.000000,-0.022702,0.774921,0.142585,-0.615347,0.371826,-0.256181,0.610375,0.138685,-0.618833,-0.023175,0.772836,-0.370994,-0.256443,0.609789,-0.022702,0.774921,0.142585,-0.615347,0.371826,-0.256181,0.610375,0.138685,-0.618833,-0.023175,0.772836,-0.370994,-0.256443,0.609789,0.451153,0.000000,0.000000,0.000000
2.4080827519974264,-0.004000,1.318000,-1.704000,1.318000,-0.007000,0.005000,-0.006000,0.005000,1.325000,1.707000,1.317000,0.007000,0.003000,0.000000,-0.022702,0.774921,0.142585,-0.615347,0.371826,-0.256181,0.610375,0.138685,-0.618833,-0.023175,0.772836,-0.370994,-0.256443,0.609789,-0.022702,0.774921,0.142585,-0.615347,0.371826,-0.256181,0.610375,0.138685,-0.618833,-0.023175,0.772836,-0.370994,-0.256443,0.609789,0.451153,0.000000,0.000000,0.000000
2.4416021889992408,-0.004000,1.318000,-1.704000,1.318000,-0.007000,0.005000,-0.006000,0.005000,1.325000,1.707000,1.317000,0.007000,0.003000,0.000000,-0.022702,0.774921,0.142585,-0.615347,0.371826,-0.256181,0.610375,0.138685,-0.618833,-0.023175,0.772836,-0.370994,-0.256443,0.609789,-0.022702,0.774921,0.142585,-0.615347,0.371826,-0.256181,0.610375,0.138685,-0.618833,-0.023175,0.772836,-0.370994,-0.256443,0.609789,0.451153,0.000000,0.000000,0.000000
2.475723994000873,-0.004000,1.318000,-1.704000,1.318000,-0.007000,0.005000,-0.006000,0.005000,1.325000,1.707000,1.317000,0.007000,0.003000,0.000000,-0.022702,0.774921,0.142585,-0.615347,0.371826,-0.256181,0.610375,0.138685,-0.618833,-0.023175,0.772836,-0.370994,-0.256443,0.609789,-0.022702,0.774921,0.142585,-0.615347,0.371826,-0.256181,0.610375,0.138685,-0.618833,-0.023175,0.772836,-0.370994,-0.256443,0.609789,0.451153,0.000000,0.000000,0.000000
2.5083917859992653,-0.004000,1.318000,-1.704000,1.318000,-0.007000,0.005000,-0.006000,0.005000,1.325000,1.707000,1.317000,0.007000,0.003000,0.000000,-0.022702,0.774921,0.142585,-0.615347,0.371826,-0.256181,0.610375,0.138685,-0.618833,-0.023175,0.772836,-0.370994,-0.256443,0.609789,-0.022702,0.774921,0.142585,-0.615347,0.371826,-0.256181,0.610375,0.138685,-0.618833,-0.023175,0.772836,-0.370994,-0.256443,0.609789,0.451153,0.000000,0.000000,0.000000
2.5421064449983533,-0.004000,1.318000,-1.704000,1.318000,-0.007000,0.005000,-0.006000,0.005000,1.325000,1.707000,1.317000,0.007000,0.003000,0.000000,-0.022702,0.774921,0.142585,-0.615347,0.371826,-0.256181,0.610375,0.138685,-0.618833,-0.023175,0.772836,-0.370994,-0.256443,0.609789,-0.022702,0.774921,0.142585,-0.615347,0.371826,-0.256181,0.610375,0.138685,-0.618833,-0.023175,0.772836,-0.370994,-0.256443,0.609789,0.451153,0.000000,0.000000,0.000000
2.575104013998498,-0.004000,1.318000,-1.704000,1.318000,-0.007000,0.005000,-0.006000,0.005000,1.325000,1.707000,1.317000,0.007000,0.003000,0.000000,-0.022702,0.774921,0.142585,-0.615347,0.371826,-0.256181,0.610375,0.138685,-0.618833,-0.023175,0.772836,-0.370994,-0.256443,0.609789,-0.022702,0.774921,0.142585,-0.615347,0.371826,-0.256181,0.610375,0.138685,-0.618833,-0.023175,0.772836,-0.370994,-0.256443,0.609789,0.451153,0.000000,0.000000,0.000000
2.60854622899933,-0.004000,1.318000,-1.704000,1.318000,-0.007000,0.005000,-0.006000,0.005000,1.325000,1.707000,1.317000,0.007000,0.003000,0.000000,-0.022702,0.774921,0.142585,-0.615347,0.371826,-0.256181,0.610375,0.138685,-0.618833,-0.023175,0.772836,-0.370994,-0.256443,0.609789,-0.022702,0.774921,0.142585,-0.615347,0.371826,-0.256181,0.610375,0.138685,-0.618833,-0.023175,0.772836,-0.370994,-0.256443,0.609789,0.451153,0.000000,0.000000,0.000000
2.642130239997641,-0.004000,1.318000,-1.704000,1.318000,-0.007000,0.005000,-0.006000,0.005000,1.325000,1.707000,1.317000,0.007000,0.003000,0.000000,-0.022702,0.774921,0.142585,-0.615347,0.371826,-0.256181,0.610375,0.138685,-0.618833,-0.023175,0.772836,-0.370994,-0.256443,0.609789,-0.022702,0.774921,0.142585,-0.615347,0.371826,-0.256181,0.610375,0.138685,-0.618833,-0.023175,0.772836,-0.370994,-0.256443,0.609789,0.451153,0.000000,0.000000,0.000000
2.6753026789992873,-0.004000,1.318000,-1.704000,1.318000,-0.007000,0.005000,-0.006000,0.005000,1.325000,1.707000,1.317000,0.007000,0.003000,0.000000,-0.022702,0.774921,0.142585,-0.615347,0.371826,-0.256181,0.610375,0.138685,-0.618833,-0.023175,0.772836,-0.370994,-0.256443,0.609789,-0.022702,0.774921,0.142585,-0.615347,0.371826,-0.256181,0.610375,0.138685,-0.618833,-0.023175,0.772836,-0.370994,-0.256443,0.609789,0.451153,0.000000,0.000000,0.000000
2.709033281000302,-0.004000,1.318000,-1.704000,1.318000,-0.007000,0.005000,-0.006000,0.005000,1.325000,1.707000,1.317000,0.007000,0.003000,0.000000,-0.022702,0.774921,0.142585,-0.615347,0.371826,-0.256181,0.610375,0.138685,-0.618833,-0.023175,0.772836,-0.370994,-0.256443,0.609789,-0.022702,0.774921,0.142585,-0.615347,0.371826,-0.256181,0.610375,0.138685,-0.618833,-0.023175,0.772836,-0.370994,-0.256443,0.609789,0.451153,0.000000,0.000000,0.000000
2.7420812389973435,-0.004000,1.318000,-1.704000,1.318000,-0.007000,0.005000,-0.006000,0.005000,1.325000,1.707000,1.317000,0.007000,0.003000,0.000000,-0.022702,0.774921,0.142585,-0.615347,0.371826,-0.256181,0.610375,0.138685,-0.618833,-0.023175,0.772836,-0.370994,-0.256443,0.609789,-0.022702,0.774921,0.142585,-0.615347,0.371826,-0.256181,0.610375,0.138685,-0.618833,-0.023175,0.772836,-0.370994,-0.256443,0.609789,0.451153,0.000000,0.000000,0.000000
2.775442435999139,-0.004000,1.318000,-1.704000,1.318000,-0.007000,0.005000,-0.006000,0.005000,1.325000,1.707000,1.317000,0.007000,0.003000,0.000000,-0.022702,0.774921,0.142585,-0.615347,0.371826,-0.256181,0.610375,0.138685,-0.618833,-0.023175,0.772836,-0.370994,-0.256443,0.609789,-0.022702,0.774921,0.142585,-0.615347,0.371826,-0.256181,0.610375,0.138685,-0.618833,-0.023175,0.772836,-0.370994,-0.256443,0.609789,0.451153,0.000000,0.000000,0.000000
2.8090053729974898,-0.004000,1.318000,-1.704000,1.318000,-0.007000,0.005000,-0.006000,0.005000,1.325000,1.707000,1.317000,0.007000,0.003000,0.000000,-0.022702,0.774921,0.142585,-0.615347,0.371826,-0.256181,0.610375,0.138685,-0.618833,-0.023175,0.772836,-0.370994,-0.256443,0.609789,-0.022702,0.774921,0.142585,-0.615347,0.371826,-0.256181,0.610375,0.138685,-0.618833,-0.023175,0.772836,-0.370994,-0.256443,0.609789,0.451153,0.000000,0.000000,0.000000
2.842235662999883,-0.004000,1.318000,-1.704000,1.318000,-0.007000,0.005000,-0.006000,0.005000,1.325000,1.707000,1.317000,0.007000,0.003000,0.000000,-0.022702,0.774921,0.142585,-0.615347,0.371826,-0.256181,0.610375,0.138685,-0.618833,-0.023175,0.772836,-0.370994,-0.256443,0.609789,-0.022702,0.774921,0.142585,-0.615347,0.371826,-0.256181,0.610375,0.138685,-0.618833,-0.023175,0.772836,-0.370994,-0.256443,0.609789,0.451153,0.000000,0.000000,0.000000
2.8760818019982253,-0.004000,1.318000,-1.704000,1.318000,-0.007000,0.005000,-0.006000,0.005000,1.325000,1.707000,1.317000,0.007000,0.003000,0.000000,-0.022702,0.774921,0.142585,-0.615347,0.371826,-0.256181,0.610375,0.138685,-0.618833,-0.023175,0.772836,-0.370994,-0.256443,0.609789,-0.022702,0.774921,0.142585,-0.615347,0.371826,-0.256181,0.610375,0.138685,-0.618833,-0.023175,0.772836,-0.370994,-0.256443,0.609789,0.451153,0.000000,0.000000,0.000000
2.9090913709987944,-0.004000,1.318000,-1.704000,1.318000,-0.007000,0.005000,-0.006000,0.005000,1.325000,1.707000,1.317000,0.007000,0.003000,0.000000,-0.022702,0.774921,0.142585,-0.615347,0.371826,-0.256181,0.610375,0.138685,-0.618833,-0.023175,0.772836,-0.370994,-0.256443,0.609789,-0.022702,0.774921,0.142585,-0.615347,0.371826,-0.256181,0.610375,0.138685,-0.618833,-0.023175,0.772836,-0.370994,-0.256443,0.609789,0.451153,0.000000,0.000000,0.000000
2.9425535679984023,-0.004000,1.318000,-1.704000,1.318000,-0.007000,0.005000,-0.006000,0.005000,1.325000,1.707000,1.317000,0.007000,0.003000,0.000000,-0.022702,0.774921,0.142585,-0.615347,0.371826,-0.256181,0.610375,0.138685,-0.618833,-0.023175,0.772836,-0.370994,-0.256443,0.609789,-0.022702,0.774921,0.142585,-0.615347,0.371826,-0.256181,0.610375,0.138685,-0.618833,-0.023175,0.772836,-0.370994,-0.256443,0.609789,0.451153,0.000000,0.000000,0.000000
2.9772214999975404,-0.004000,1.318000,-1.704000,1.318000,-0.007000,0.005000,-0.006000,0.005000,1.325000,1.707000,1.317000,0.007000,0.003000,0.000000,-0.022702,0.774921,0.142585,-0.615347,0.371826,-0.256181,0.610375,0.138685,-0.618833,-0.023175,0.772836,-0.370994,-0.256443,0.609789,-0.022702,0.774921,0.142585,-0.615347,0.371826,-0.256181,0.610375,0.138685,-0.618833,-0.023175,0.772836,-0.370994,-0.256443,0.609789,0.451153,0.000000,0.000000,0.000000
3.009361295000417,-0.004000,1.318000,-1.704000,1.318000,-0.007000,0.005000,-0.006000,0.005000,1.325000,1.707000,1.317000,0.007000,0.003000,0.000000,-0.022702,0.774921,0.142585,-0.615347,0.371826,-0.256181,0.610375,0.138685,-0.618833,-0.023175,0.772836,-0.370994,-0.256443,0.609789,-0.022702,0.774921,0.142585,-0.615347,0.371826,-0.256181,0.610375,0.138685,-0.618833,-0.023175,0.772836,-0.370994,-0.256443,0.609789,0.451153,0.000000,0.000000,0.000000
3.042897584000457,-0.004000,1.318000,-1.704000,1.318000,-0.007000,0.005000,-0.006000,0.005000,1.325000,1.707000,1.317000,0.007000,0.003000,0.000000,-0.022702,0.774921,0.142585,-0.615347,0.371826,-0.256181,0.610375,0.138685,-0.618833,-0.023175,0.772836,-0.370994,-0.256443,0.609789,-0.022702,0.774921,0.142585,-0.615347,0.371826,-0.256181,0.610375,0.138685,-0.618833,-0.023175,0.772836,-0.370994,-0.256443,0.609789,0.451153,0.000000,0.000000,0.000000
3.0759276159988076,-0.004000,1.318000,-1.704000,1.318000,-0.007000,0.005000,-0.006000,0.005000,1.325000,1.707000,1.317000,0.007000,0.003000,0.000000,-0.022702,0.774921,0.142585,-0.615347,0.371826,-0.256181,0.610375,0.138685,-0.618833,-0.023175,0.772836,-0.370994,-0.256443,0.609789,-0.022702,0.774921,0.142585,-0.615347,0.371826,-0.256181,0.610375,0.138685,-0.618833,-0.023175,0.772836,-0.370994,-0.256443,0.609789,0.451153,0.000000,0.000000,0.000000
3.109448405000876,-0.004000,1.318000,-1.704000,1.318000,-0.007000,0.005000,-0.006000,0.005000,1.325000,1.707000,1.317000,0.007000,0.003000,0.000000,-0.022702,0.774921,0.142585,-0.615347,0.371826,-0.256181,0.610375,0.138685,-0.618833,-0.023175,0.772836,-0.370994,-0.256443,0.609789,-0.022702,0.774921,0.142585,-0.615347,0.371826,-0.256181,0.610375,0.138685,-0.618833,-0.023175,0.772836,-0.370994,-0.256443,0.609789,0.451153,0.000000,0.000000,0.000000
3.143220673999167,-0.004000,1.318000,-1.704000,1.318000,-0.007000,0.005000,-0.006000,0.005000,1.325000,1.707000,1.317000,0.007000,0.003000,0.000000,-0.022702,0.774921,0.142585,-0.615347,0.371826,-0.256181,0.610375,0.138685,-0.618833,-0.023175,0.772836,-0.370994,-0.256443,0.609789,-0.022702,0.774921,0.142585,-0.615347,0.371826,-0.256181,0.610375,0.138685,-0.618833,-0.023175,0.772836,-0.370994,-0.256443,0.609789,0.451153,0.000000,0.000000,0.000000
3.1761610399989877,-0.004000,1.318000,-1.704000,1.318000,-0.007000,0.005000,-0.006000,0.005000,1.325000,1.707000,1.317000,0.007000,0.003000,0.000000,-0.022702,0.774921,0.142585,-0.615347,0.371826,-0.256181,0.610375,0.138685,-0.618833,-0.023175,0.772836,-0.370994,-0.256443,0.609789,-0.022702,0.774921,0.142585,-0.615347,0.371826,-0.256181,0.610375,0.138685,-0.618833,-0.023175,0.772836,-0.370994,-0.256443,0.609789,0.451153,0.000000,0.000000,0.000000
3.209795421000308,-0.004000,1.318000,-1.704000,1.318000,-0.007000,0.005000,-0.006000,0.005000,1.325000,1.707000,1.317000,0.007000,0.003000,0.000000,-0.022702,0.774921,0.142585,-0.615347,0.371826,-0.256181,0.610375,0.138685,-0.618833,-0.023175,0.772836,-0.370994,-0.256443,0.609789,-0.022702,0.774921,0.142585,-0.615347,0.371826,-0.256181,0.610375,0.138685,-0.618833,-0.023175,0.772836,-0.370994,-0.256443,0.609789,0.451153,0.000000,0.000000,0.000000
3.2431203029991593,-0.004000,1.318000,-1.704000,1.318000,-0.007000,0.005000,-0.006000,0.005000,1.325000,1.707000,1.317000,0.007000,0.003000,0.000000,-0.022702,0.774921,0.142585,-0.615347,0.371826,-0.256181,0.610375,0.138685,-0.618833,-0.023175,0.772836,-0.370994,-0.256443,0.609789,-0.022702,0.774921,0.142585,-0.615347,0.371826,-0.256181,0.610375,0.138685,-0.618833,-0.023175,0.772836,-0.370994,-0.256443,0.609789,0.451153,0.000000,0.000000,0.000000
3.2765370739980426,-0.004000,1.318000,-1.704000,1.318000,-0.007000,0.005000,-0.006000,0.005000,1.325000,1.707000,1.317000,0.007000,0.003000,0.000000,-0.022702,0.774921,0.142585,-0.615347,0.371826,-0.256181,0.610375,0.138685,-0.618833,-0.023175,0.772836,-0.370994,-0.256443,0.609789,-0.022702,0.774921,0.142585,-0.615347,0.371826,-0.256181,0.610375,0.138685,-0.618833,-0.023175,0.772836,-0.370994,-0.256443,0.609789,0.451153,0.000000,0.000000,0.000000
3.310090028997365,-0.004000,1.318000,-1.704000,1.318000,-0.007000,0.005000,-0.006000,0.005000,1.325000,1.707000,1.317000,0.007000,0.003000,0.000000,-0.022702,0.774921,0.142585,-0.615347,0.371826,-0.256181,0.610375,0.138685,-0.618833,-0.023175,0.772836,-0.370994,-0.256443,0.609789,-0.022702,0.774921,0.142585,-0.615347,0.371826,-0.256181,0.610375,0.138685,-0.618833,-0.023175,0.772836,-0.370994,-0.256443,0.609789,0.451153,0.000000,0.000000,0.000000
3.343234208998183,-0.004000,1.318000,-1.704000,1.318000,-0.007000,0.005000,-0.006000,0.005000,1.325000,1.707000,1.317000,0.007000,0.003000,0.000000,-0.022702,0.774921,0.142585,-0.615347,0.371826,-0.256181,0.610375,0.138685,-0.618833,-0.023175,0.772836,-0.370994,-0.256443,0.609789,-0.022702,0.774921,0.142585,-0.615347,0.371826,-0.256181,0.610375,0.138685,-0.618833,-0.023175,0.772836,-0.370994,-0.256443,0.609789,0.451153,0.000000,0.000000,0.000000
3.376593460998265,-0.004000,1.318000,-1.704000,1.318000,-0.007000,0.005000,-0.006000,0.005000,1.325000,1.707000,1.317000,0.007000,0.003000,0.000000,-0.022702,0.774921,0.142585,-0.615347,0.371826,-0.256181,0.610375,0.138685,-0.618833,-0.023175,0.772836,-0.370994,-0.256443,0.609789,-0.022702,0.774921,0.142585,-0.615347,0.371826,-0.256181,0.610375,0.138685,-0.618833,-0.023175,0.772836,-0.370994,-0.256443,0.609789,0.451153,0.000000,0.000000,0.000000
3.410084212999209,-0.004000,1.318000,-1.704000,1.318000,-0.007000,0.005000,-0.006000,0.005000,1.325000,1.707000,1.317000,0.007000,0.003000,0.000000,-0.022702,0.774921,0.142585,-0.615347,0.371826,-0.256181,0.610375,0.138685,-0.618833,-0.023175,0.772836,-0.370994,-0.256443,0.609789,-0.022702,0.774921,0.142585,-0.615347,0.371826,-0.256181,0.610375,0.138685,-0.618833,-0.023175,0.772836,-0.370994,-0.256443,0.609789,0.451153,0.000000,0.000000,0.000000
3.4433991699988837,-0.004000,1.318000,-1.704000,1.318000,-0.007000,0.005000,-0.006000,0.005000,1.325000,1.707000,1.317000,0.007000,0.003000,0.000000,-0.022702,0.774921,0.142585,-0.615347,0.371826,-0.256181,0.610375,0.138685,-0.618833,-0.023175,0.772836,-0.370994,-0.256443,0.609789,-0.022702,0.774921,0.142585,-0.615347,0.371826,-0.256181,0.610375,0.138685,-0.618833,-0.023175,0.772836,-0.370994,-0.256443,0.609789,0.451153,0.000000,0.000000,0.000000
3.477211642999464,-0.004000,1.318000,-1.704000,1.318000,-0.007000,0.005000,-0.006000,0.005000,1.325000,1.707000,1.317000,0.007000,0.003000,0.000000,-0.022702,0.774921,0.142585,-0.615347,0.371826,-0.256181,0.610375,0.138685,-0.618833,-0.023175,0.772836,-0.370994,-0.256443,0.609789,-0.022702,0.774921,0.142585,-0.615347,0.371826,-0.256181,0.610375,0.138685,-0.618833,-0.023175,0.772836,-0.370994,-0.256443,0.609789,0.451153,0.000000,0.000000,0.000000
3.5102024339976197,-0.004000,1.318000,-1.704000,1.318000,-0.007000,0.005000,-0.006000,0.005000,1.325000,1.707000,1.317000,0.007000,0.003000,0.000000,-0.022702,0.774921,0.142585,-0.615347,0.371826,-0.256181,0.610375,0.138685,-0.618833,-0.023175,0.772836,-0.370994,-0.256443,0.609789,-0.022702,0.774921,0.142585,-0.615347,0.371826,-0.256181,0.610375,0.138685,-0.618833,-0.023175,0.772836,-0.370994,-0.256443,0.609789,0.451153,0.000000,0.000000,0.000000
3.543555723997997,-0.004000,1.318000,-1.704000,1.318000,-0.007000,0.005000,-0.006000,0.005000,1.325000,1.707000,1.317000,0.007000,0.003000,0.000000,-0.022702,0.774921,0.142585,-0.615347,0.371826,-0.256181,0.610375,0.138685,-0.618833,-0.023175,0.772836,-0.370994,-0.256443,0.609789,-0.022702,0.774921,0.142585,-0.615347,0.371826,-0.256181,0.610375,0.138685,-0.618833,-0.023175,0.772836,-0.370994,-0.256443,0.609789,0.451153,0.000000,0.000000,0.000000
3.5773329559997364,-0.004000,1.318000,-1.704000,1.318000,-0.007000,0.005000,-0.006000,0.005000,1.325000,1.707000,1.317000,0.007000,0.003000,0.000000,-0.022702,0.774921,0.142585,-0.615347,0.371826,-0.256181,0.610375,0.138685,-0.618833,-0.023175,0.772836,-0.370994,-0.256443,0.609789,-0.022702,0.774921,0.142585,-0.615347,0.371826,-0.256181,0.610375,0.138685,-0.618833,-0.023175,0.772836,-0.370994,-0.256443,0.609789,0.451153,0.000000,0.000000,0.000000
3.610344320997683,-0.004000,1.318000,-1.704000,1.318000,-0.007000,0.005000,-0.006000,0.005000,1.325000,1.707000,1.317000,0.007000,0.003000,0.000000,-0.022702,0.774921,0.142585,-0.615347,0.371826,-0.256181,0.610375,0.138685,-0.618833,-0.023175,0.772836,-0.370994,-0.256443,0.609789,-0.022702,0.774921,0.142585,-0.615347,0.371826,-0.256181,0.610375,0.138685,-0.618833,-0.023175,0.772836,-0.370994,-0.256443,0.609789,0.451153,0.000000,0.000000,0.000000
3.643940998998005,-0.004000,1.318000,-1.704000,1.318000,-0.007000,0.005000,-0.006000,0.005000,1.325000,1.707000,1.317000,0.007000,0.003000,0.000000,-0.022702,0.774921,0.142585,-0.615347,0.371826,-0.256181,0.610375,0.138685,-0.618833,-0.023175,0.772836,-0.370994,-0.256443,0.609789,-0.022702,0.774921,0.142585,-0.615347,0.371826,-0.256181,0.610375,0.138685,-0.618833,-0.023175,0.772836,-0.370994,-0.256443,0.609789,0.451153,0.000000,0.000000,0.000000
3.6773298619991692,-0.004000,1.318000,-1.704000,1.318000,-0.007000,0.005000,-0.006000,0.005000,1.325000,1.707000,1.317000,0.007000,0.003000,0.000000,-0.022702,0.774921,0.142585,-0.615347,0.371826,-0.256181,0.610375,0.138685,-0.618833,-0.023175,0.772836,-0.370994,-0.256443,0.609789,-0.022702,0.774921,0.142585,-0.615347,0.371826,-0.256181,0.610375,0.138685,-0.618833,-0.023175,0.772836,-0.370994,-0.256443,0.609789,0.451153,0.000000,0.000000,0.000000
3.710601670998585,-0.004000,1.318000,-1.704000,1.318000,-0.007000,0.005000,-0.006000,0.005000,1.325000,1.707000,1.317000,0.007000,0.003000,0.000000,-0.022702,0.774921,0.142585,-0.615347,0.371826,-0.256181,0.610375,0.138685,-0.618833,-0.023175,0.772836,-0.370994,-0.256443,0.609789,-0.022702,0.774921,0.142585,-0.615347,0.371826,-0.256181,0.610375,0.138685,-0.618833,-0.023175,0.772836,-0.370994,-0.256443,0.609789,0.451153,0.000000,0.000000,0.000000
3.7442567920006695,-0.004000,1.318000,-1.704000,1.318000,-0.007000,0.005000,-0.006000,0.005000,1.325000,1.707000,1.317000,0.007000,0.003000,0.000000,-0.022702,0.774921,0.142585,-0.615347,0.371826,-0.256181,0.610375,0.138685,-0.618833,-0.023175,0.772836,-0.370994,-0.256443,0.609789,-0.022702,0.774921,0.142585,-0.615347,0.371826,-0.256181,0.610375,0.138685,-0.618833,-0.023175,0.772836,-0.370994,-0.256443,0.609789,0.451153,0.000000,0.000000,0.000000
3.7773533609979495,-0.004000,1.318000,-1.704000,1.318000,-0.007000,0.005000,-0.006000,0.005000,1.325000,1.707000,1.317000,0.007000,0.003000,0.000000,-0.022702,0.774921,0.142585,-0.615347,0.371826,-0.256181,0.610375,0.138685,-0.618833,-0.023175,0.772836,-0.370994,-0.256443,0.609789,-0.022702,0.774921,0.142585,-0.615347,0.371826,-0.256181,0.610375,0.138685,-0.618833,-0.023175,0.772836,-0.370994,-0.256443,0.609789,0.451153,0.000000,0.000000,0.000000
3.810828279998532,-0.004000,1.318000,-1.704000,1.318000,-0.007000,0.005000,-0.006000,0.005000,1.325000,1.707000,1.317000,0.007000,0.003000,0.000000,-0.022702,0.774921,0.142585,-0.615347,0.371826,-0.256181,0.610375,0.138685,-0.618833,-0.023175,0.772836,-0.370994,-0.256443,0.609789,-0.022702,0.774921,0.142585,-0.615347,0.371826,-0.256181,0.610375,0.138685,-0.618833,-0.023175,0.772836,-0.370994,-0.256443,0.609789,0.451153,0.000000,0.000000,0.000000
3.84444056799839,-0.004000,1.318000,-1.704000,1.318000,-0.007000,0.005000,-0.006000,0.005000,1.325000,1.707000,1.317000,0.007000,0.003000,0.000000,-0.022702,0.774921,0.142585,-0.615347,0.371826,-0.256181,0.610375,0.138685,-0.618833,-0.023175,0.772836,-0.370994,-0.256443,0.609789,-0.022702,0.774921,0.142585,-0.615347,0.371826,-0.256181,0.610375,0.138685,-0.618833,-0.023175,0.772836,-0.370994,-0.256443,0.609789,0.451153,0.000000,0.000000,0.000000
3.8776288400003978,-0.004000,1.318000,-1.704000,1.318000,-0.007000,0.005000,-0.006000,0.005000,1.325000,1.707000,1.317000,0.007000,0.003000,0.000000,-0.022702,0.774921,0.142585,-0.615347,0.371826,-0.256181,0.610375,0.138685,-0.618833,-0.023175,0.772836,-0.370994,-0.256443,0.609789,-0.022702,0.774921,0.142585,-0.615347,0.371826,-0.256181,0.610375,0.138685,-0.618833,-0.023175,0.772836,-0.370994,-0.256443,0.609789,0.451153,0.000000,0.000000,0.000000
3.9113779609979247,-0.004000,1.318000,-1.704000,1.318000,-0.007000,0.005000,-0.006000,0.005000,1.325000,1.707000,1.317000,0.007000,0.003000,0.000000,-0.022702,0.774921,0.142585,-0.615347,0.371826,-0.256181,0.610375,0.138685,-0.618833,-0.023175,0.772836,-0.370994,-0.256443,0.609789,-0.022702,0.774921,0.142585,-0.615347,0.371826,-0.256181,0.610375,0.138685,-0.618833,-0.023175,0.772836,-0.370994,-0.256443,0.609789,0.451153,0.000000,0.000000,0.000000
3.944341529997473,-0.004000,1.318000,-1.704000,1.318000,-0.007000,0.005000,-0.006000,0.005000,1.325000,1.707000,1.317000,0.007000,0.003000,0.000000,-0.022702,0.774921,0.142585,-0.615347,0.371826,-0.256181,0.610375,0.138685,-0.618833,-0.023175,0.772836,-0.370994,-0.256443,0.609789,-0.022702,0.774921,0.142585,-0.615347,0.371826,-0.256181,0.610375,0.138685,-0.618833,-0.023175,0.772836,-0.370994,-0.256443,0.609789,0.451153,0.000000,0.000000,0.000000
3.977928559997963,-0.004000,1.318000,-1.704000,1.318000,-0.007000,0.005000,-0.006000,0.005000,1.325000,1.707000,1.317000,0.007000,0.003000,0.000000,-0.022702,0.774921,0.142585,-0.615347,0.371826,-0.256181,0.610375,0.138685,-0.618833,-0.023175,0.772836,-0.370994,-0.256443,0.609789,-0.022702,0.774921,0.142585,-0.615347,0.371826,-0.256181,0.610375,0.138685,-0.618833,-0.023175,0.772836,-0.370994,-0.256443,0.609789,0.451153,0.000000,0.000000,0.000000
4.011281515999144,-0.004000,1.318000,-1.704000,1.318000,-0.007000,0.005000,-0.006000,0.005000,1.325000,1.707000,1.317000,0.007000,0.003000,0.000000,-0.022702,0.774921,0.142585,-0.615347,0.371826,-0.256181,0.610375,0.138685,-0.618833,-0.023175,0.772836,-0.370994,-0.256443,0.609789,-0.022702,0.774921,0.142585,-0.615347,0.371826,-0.256181,0.610375,0.138685,-0.618833,-0.023175,0.772836,-0.370994,-0.256443,0.609789,0.451153,0.000000,0.000000,0.000000
4.044650342999375,-0.004000,1.318000,-1.704000,1.318000,-0.007000,0.005000,-0.006000,0.005000,1.325000,1.707000,1.317000,0.007000,0.003000,0.000000,-0.022702,0.774921,0.142585,-0.615347,0.371826,-0.256181,0.610375,0.138685,-0.618833,-0.023175,0.772836,-0.370994,-0.256443,0.609789,-0.022702,0.774921,0.142585,-0.615347,0.371826,-0.256181,0.610375,0.138685,-0.618833,-0.023175,0.772836,-0.370994,-0.256443,0.609789,0.451153,0.000000,0.000000,0.000000
4.0783930939978745,-0.004000,1.318000,-1.704000,1.318000,-0.007000,0.005000,-0.006000,0.005000,1.325000,1.707000,1.317000,0.007000,0.003000,0.000000,-0.022702,0.774921,0.142585,-0.615347,0.371826,-0.256181,0.610375,0.138685,-0.618833,-0.023175,0.772836,-0.370994,-0.256443,0.609789,-0.022702,0.774921,0.142585,-0.615347,0.371826,-0.256181,0.610375,0.138685,-0.618833,-0.023175,0.772836,-0.370994,-0.256443,0.609789,0.451153,0.000000,0.000000,0.000000
4.111279829998239,-0.004000,1.318000,-1.704000,1.318000,-0.007000,0.005000,-0.006000,0.005000,1.325000,1.707000,1.317000,0.007000,0.003000,0.000000,-0.022702,0.774921,0.142585,-0.615347,0.371826,-0.256181,0.610375,0.138685,-0.618833,-0.023175,0.772836,-0.370994,-0.256443,0.609789,-0.022702,0.774921,0.142585,-0.615347,0.371826,-0.256181,0.610375,0.138685,-0.618833,-0.023175,0.772836,-0.370994,-0.256443,0.609789,0.451153,0.000000,0.000000,0.000000
4.145094673000131,-0.004000,1.318000,-1.704000,1.318000,-0.007000,0.005000,-0.006000,0.005000,1.325000,1.707000,1.317000,0.007000,0.003000,0.000000,-0.022702,0.774921,0.142585,-0.615347,0.371826,-0.256181,0.610375,0.138685,-0.618833,-0.023175,0.772836,-0.370994,-0.256443,0.609789,-0.022702,0.774921,0.142585,-0.615347,0.371826,-0.256181,0.610375,0.138685,-0.618833,-0.023175,0.772836,-0.370994,-0.256443,0.609789,0.451153,0.000000,0.000000,0.000000
4.178122389999771,-0.004000,1.318000,-1.704000,1.318000,-0.007000,0.005000,-0.006000,0.005000,1.325000,1.707000,1.317000,0.007000,0.003000,0.000000,-0.022702,0.774921,0.142585,-0.615347,0.371826,-0.256181,0.610375,0.138685,-0.618833,-0.023175,0.772836,-0.370994,-0.256443,0.609789,-0.022702,0.774921,0.142585,-0.615347,0.371826,-0.256181,0.610375,0.138685,-0.618833,-0.023175,0.772836,-0.370994,-0.256443,0.609789,0.451153,0.000000,0.000000,0.000000
4.211470513000677,-0.004000,1.318000,-1.704000,1.318000,-0.007000,0.005000,-0.006000,0.005000,1.325000,1.707000,1.317000,0.007000,0.003000,0.000000,-0.022702,0.774921,0.142585,-0.615347,0.371826,-0.256181,0.610375,0.138685,-0.618833,-0.023175,0.772836,-0.370994,-0.256443,0.609789,-0.022702,0.774921,0.142585,-0.615347,0.371826,-0.256181,0.610375,0.138685,-0.618833,-0.023175,0.772836,-0.370994,-0.256443,0.609789,0.451153,0.000000,0.000000,0.000000
4.245187689997692,-0.004000,1.318000,-1.704000,1.318000,-0.007000,0.005000,-0.006000,0.005000,1.325000,1.707000,1.317000,0.007000,0.003000,0.000000,-0.022702,0.774921,0.142585,-0.615347,0.371826,-0.256181,0.610375,0.138685,-0.618833,-0.023175,0.772836,-0.370994,-0.256443,0.609789,-0.022702,0.774921,0.142585,-0.615347,0.371826,-0.256181,0.610375,0.138685,-0.618833,-0.023175,0.772836,-0.370994,-0.256443,0.609789,0.451153,0.000000,0.000000,0.000000
4.278259943999728,-0.004000,1.318000,-1.704000,1.318000,-0.007000,0.005000,-0.006000,0.005000,1.325000,1.707000,1.317000,0.007000,0.003000,0.000000,-0.022702,0.774921,0.142585,-0.615347,0.371826,-0.256181,0.610375,0.138685,-0.618833,-0.023175,0.772836,-0.370994,-0.256443,0.609789,-0.022702,0.774921,0.142585,-0.615347,0.371826,-0.256181,0.610375,0.138685,-0.618833,-0.023175,0.772836,-0.370994,-0.256443,0.609789,0.451153,0.000000,0.000000,0.000000
4.31233917499776,-0.004000,1.318000,-1.704000,1.318000,-0.007000,0.005000,-0.006000,0.005000,1.325000,1.707000,1.317000,0.007000,0.003000,0.000000,-0.022702,0.774921,0.142585,-0.615347,0.371826,-0.256181,0.610375,0.138685,-0.618833,-0.023175,0.772836,-0.370994,-0.256443,0.609789,-0.022702,0.774921,0.142585,-0.615347,0.371826,-0.256181,0.610375,0.138685,-0.618833,-0.023175,0.772836,-0.370994,-0.256443,0.609789,0.451153,0.000000,0.000000,0.000000
4.346918643997924,-0.004000,1.318000,-1.704000,1.318000,-0.007000,0.005000,-0.006000,0.005000,1.325000,1.707000,1.317000,0.007000,0.003000,0.000000,-0.022702,0.774921,0.142585,-0.615347,0.371826,-0.256181,0.610375,0.138685,-0.618833,-0.023175,0.772836,-0.370994,-0.256443,0.609789,-0.022702,0.774921,0.142585,-0.615347,0.371826,-0.256181,0.610375,0.138685,-0.618833,-0.023175,0.772836,-0.370994,-0.256443,0.609789,0.451153,0.000000,0.000000,0.000000
4.3786885519984935,-0.004000,1.318000,-1.704000,1.318000,-0.007000,0.005000,-0.006000,0.005000,1.325000,1.707000,1.317000,0.007000,0.003000,0.000000,-0.022702,0.774921,0.142585,-0.615347,0.371826,-0.256181,0.610375,0.138685,-0.618833,-0.023175,0.772836,-0.370994,-0.256443,0.609789,-0.022702,0.774921,0.142585,-0.615347,0.371826,-0.256181,0.610375,0.138685,-0.618833,-0.023175,0.772836,-0.370994,-0.256443,0.609789,0.451153,0.000000,0.000000,0.000000
4.412449043000379,-0.004000,1.318000,-1.704000,1.318000,-0.007000,0.005000,-0.006000,0.005000,1.325000,1.707000,1.317000,0.007000,0.003000,0.000000,-0.022702,0.774921,0.142585,-0.615347,0.371826,-0.256181,0.610375,0.138685,-0.618833,-0.023175,0.772836,-0.370994,-0.256443,0.609789,-0.022702,0.774921,0.142585,-0.615347,0.371826,-0.256181,0.610375,0.138685,-0.618833,-0.023175,0.772836,-0.370994,-0.256443,0.609789,0.451153,0.000000,0.000000,0.000000
4.446804679999332,-0.004000,1.318000,-1.704000,1.318000,-0.007000,0.005000,-0.006000,0.005000,1.325000,1.707000,1.317000,0.007000,0.003000,0.000000,-0.022702,0.774921,0.142585,-0.615347,0.371826,-0.256181,0.610375,0.138685,-0.618833,-0.023175,0.772836,-0.370994,-0.256443,0.609789,-0.022702,0.774921,0.142585,-0.615347,0.371826,-0.256181,0.610375,0.138685,-0.618833,-0.023175,0.772836,-0.370994,-0.256443,0.609789,0.451153,0.000000,0.000000,0.000000
4.480081915000483,-0.004000,1.318000,-1.704000,1.318000,-0.007000,0.005000,-0.006000,0.005000,1.325000,1.707000,1.317000,0.007000,0.003000,0.000000,-0.022702,0.774921,0.142585,-0.615347,0.371826,-0.256181,0.610375,0.138685,-0.618833,-0.023175,0.772836,-0.370994,-0.256443,0.609789,-0.022702,0.774921,0.142585,-0.615347,0.371826,-0.256181,0.610375,0.138685,-0.618833,-0.023175,0.772836,-0.370994,-0.256443,0.609789,0.451153,0.000000,0.000000,0.000000
4.5131564650000655,-0.004000,1.318000,-1.704000,1.318000,-0.007000,0.005000,-0.006000,0.005000,1.325000,1.707000,1.317000,0.007000,0.003000,0.000000,-0.022702,0.774921,0.142585,-0.615347,0.371826,-0.256181,0.610375,0.138685,-0.618833,-0.023175,0.772836,-0.370994,-0.256443,0.609789,-0.022702,0.774921,0.142585,-0.615347,0.371826,-0.256181,0.610375,0.138685,-0.618833,-0.023175,0.772836,-0.370994,-0.256443,0.609789,0.451153,0.000000,0.000000,0.000000
4.5458973690001585,-0.004000,1.318000,-1.704000,1.318000,-0.007000,0.005000,-0.006000,0.005000,1.325000,1.707000,1.317000,0.007000,0.003000,0.000000,-0.022702,0.774921,0.142585,-0.615347,0.371826,-0.256181,0.610375,0.138685,-0.618833,-0.023175,0.772836,-0.370994,-0.256443,0.609789,-0.022702,0.774921,0.142585,-0.615347,0.371826,-0.256181,0.610375,0.138685,-0.618833,-0.023175,0.772836,-0.370994,-0.256443,0.609789,0.451153,0.000000,0.000000,0.000000
4.579345416997967,-0.004000,1.318000,-1.704000,1.318000,-0.007000,0.005000,-0.006000,0.005000,1.325000,1.707000,1.317000,0.007000,0.003000,0.000000,-0.022702,0.774921,0.142585,-0.615347,0.371826,-0.256181,0.610375,0.138685,-0.618833,-0.023175,0.772836,-0.370994,-0.256443,0.609789,-0.022702,0.774921,0.142585,-0.615347,0.371826,-0.256181,0.610375,0.138685,-0.618833,-0.023175,0.772836,-0.370994,-0.256443,0.609789,0.451153,0.000000,0.000000,0.000000
4.612361041999975,-0.004000,1.318000,-1.704000,1.318000,-0.007000,0.005000,-0.006000,0.005000,1.325000,1.707000,1.317000,0.007000,0.003000,0.000000,-0.022702,0.774921,0.142585,-0.615347,0.371826,-0.256181,0.610375,0.138685,-0.618833,-0.023175,0.772836,-0.370994,-0.256443,0.609789,-0.022702,0.774921,0.142585,-0.615347,0.371826,-0.256181,0.610375,0.138685,-0.618833,-0.023175,0.772836,-0.370994,-0.256443,0.609789,0.451153,0.000000,0.000000,0.000000
4.645751923999342,-0.004000,1.318000,-1.704000,1.318000,-0.007000,0.005000,-0.006000,0.005000,1.325000,1.707000,1.317000,0.007000,0.003000,0.000000,-0.022702,0.774921,0.142585,-0.615347,0.371826,-0.256181,0.610375,0.138685,-0.618833,-0.023175,0.772836,-0.370994,-0.256443,0.609789,-0.022702,0.774921,0.142585,-0.615347,0.371826,-0.256181,0.610375,0.138685,-0.618833,-0.023175,0.772836,-0.370994,-0.256443,0.609789,0.451153,0.000000,0.000000,0.000000
4.679413581998233,-0.004000,1.318000,-1.704000,1.318000,-0.007000,0.005000,-0.006000,0.005000,1.325000,1.707000,1.317000,0.007000,0.003000,0.000000,-0.022702,0.774921,0.142585,-0.615347,0.371826,-0.256181,0.610375,0.138685,-0.618833,-0.023175,0.772836,-0.370994,-0.256443,0.609789,-0.022702,0.774921,0.142585,-0.615347,0.371826,-0.256181,0.610375,0.138685,-0.618833,-0.023175,0.772836,-0.370994,-0.256443,0.609789,0.451153,0.000000,0.000000,0.000000
4.712626075997832,-0.004000,1.318000,-1.704000,1.318000,-0.007000,0.005000,-0.006000,0.005000,1.325000,1.707000,1.317000,0.007000,0.003000,0.000000,-0.022702,0.774921,0.142585,-0.615347,0.371826,-0.256181,0.610375,0.138685,-0.618833,-0.023175,0.772836,-0.370994,-0.256443,0.609789,-0.022702,0.774921,0.142585,-0.615347,0.371826,-0.256181,0.610375,0.138685,-0.618833,-0.023175,0.772836,-0.370994,-0.256443,0.609789,0.451153,0.000000,0.000000,0.000000
4.7462790309982665,-0.004000,1.318000,-1.704000,1.318000,-0.007000,0.005000,-0.006000,0.005000,1.325000,1.707000,1.317000,0.007000,0.003000,0.000000,-0.022702,0.774921,0.142585,-0.615347,0.371826,-0.256181,0.610375,0.138685,-0.618833,-0.023175,0.772836,-0.370994,-0.256443,0.609789,-0.022702,0.774921,0.142585,-0.615347,0.371826,-0.256181,0.610375,0.138685,-0.618833,-0.023175,0.772836,-0.370994,-0.256443,0.609789,0.451153,0.000000,0.000000,0.000000
4.77930606299924,-0.004000,1.318000,-1.704000,1.318000,-0.007000,0.005000,-0.006000,0.005000,1.325000,1.707000,1.317000,0.007000,0.003000,0.000000,-0.022702,0.774921,0.142585,-0.615347,0.371826,-0.256181,0.610375,0.138685,-0.618833,-0.023175,0.772836,-0.370994,-0.256443,0.609789,-0.022702,0.774921,0.142585,-0.615347,0.371826,-0.256181,0.610375,0.138685,-0.618833,-0.023175,0.772836,-0.370994,-0.256443,0.609789,0.451153,0.000000,0.000000,0.000000
4.812902073997975,-0.004000,1.318000,-1.704000,1.318000,-0.007000,0.005000,-0.006000,0.005000,1.325000,1.707000,1.317000,0.007000,0.003000,0.000000,-0.022702,0.774921,0.142585,-0.615347,0.371826,-0.256181,0.610375,0.138685,-0.618833,-0.023175,0.772836,-0.370994,-0.256443,0.609789,-0.022702,0.774921,0.142585,-0.615347,0.371826,-0.256181,0.610375,0.138685,-0.618833,-0.023175,0.772836,-0.370994,-0.256443,0.609789,0.451153,0.000000,0.000000,0.000000
4.846430140998564,-0.004000,1.318000,-1.704000,1.318000,-0.007000,0.005000,-0.006000,0.005000,1.325000,1.707000,1.317000,0.007000,0.003000,0.000000,-0.022702,0.774921,0.142585,-0.615347,0.371826,-0.256181,0.610375,0.138685,-0.618833,-0.023175,0.772836,-0.370994,-0.256443,0.609789,-0.022702,0.774921,0.142585,-0.615347,0.371826,-0.256181,0.610375,0.138685,-0.618833,-0.023175,0.772836,-0.370994,-0.256443,0.609789,0.451153,0.000000,0.000000,0.000000
4.879531357000815,-0.004000,1.318000,-1.704000,1.318000,-0.007000,0.005000,-0.006000,0.005000,1.325000,1.707000,1.317000,0.007000,0.003000,0.000000,-0.022702,0.774921,0.142585,-0.615347,0.371826,-0.256181,0.610375,0.138685,-0.618833,-0.023175,0.772836,-0.370994,-0.256443,0.609789,-0.022702,0.774921,0.142585,-0.615347,0.371826,-0.256181,0.610375,0.138685,-0.618833,-0.023175,0.772836,-0.370994,-0.256443,0.609789,0.451153,0.000000,0.000000,0.000000
4.913302385997667,-0.004000,1.318000,-1.704000,1.318000,-0.007000,0.005000,-0.006000,0.005000,1.325000,1.707000,1.317000,0.007000,0.003000,0.000000,-0.022702,0.774921,0.142585,-0.615347,0.371826,-0.256181,0.610375,0.138685,-0.618833,-0.023175,0.772836,-0.370994,-0.256443,0.609789,-0.022702,0.774921,0.142585,-0.615347,0.371826,-0.256181,0.610375,0.138685,-0.618833,-0.023175,0.772836,-0.370994,-0.256443,0.609789,0.451153,0.000000,0.000000,0.000000
4.946869100000185,-0.004000,1.318000,-1.704000,1.318000,-0.007000,0.005000,-0.006000,0.005000,1.325000,1.707000,1.317000,0.007000,0.003000,0.000000,-0.022702,0.774921,0.142585,-0.615347,0.371826,-0.256181,0.610375,0.138685,-0.618833,-0.023175,0.772836,-0.370994,-0.256443,0.609789,-0.022702,0.774921,0.142585,-0.615347,0.371826,-0.256181,0.610375,0.138685,-0.618833,-0.023175,0.772836,-0.370994,-0.256443,0.609789,0.451153,0.000000,0.000000,0.000000
4.9801062980004644,-0.004000,1.318000,-1.704000,1.318000,-0.007000,0.005000,-0.006000,0.005000,1.325000,1.707000,1.317000,0.007000,0.003000,0.000000,-0.022702,0.774921,0.142585,-0.615347,0.371826,-0.256181,0.610375,0.138685,-0.618833,-0.023175,0.772836,-0.370994,-0.256443,0.609789,-0.022702,0.774921,0.142585,-0.615347,0.371826,-0.256181,0.610375,0.138685,-0.618833,-0.023175,0.772836,-0.370994,-0.256443,0.609789,0.451153,0.000000,0.000000,0.000000
5.013944455997262,-0.004000,1.318000,-1.704000,1.318000,-0.007000,0.005000,-0.006000,0.005000,1.325000,1.707000,1.317000,0.007000,0.003000,0.000000,-0.022702,0.774921,0.142585,-0.615347,0.371826,-0.256181,0.610375,0.138685,-0.618833,-0.023175,0.772836,-0.370994,-0.256443,0.609789,-0.022702,0.774921,0.142585,-0.615347,0.371826,-0.256181,0.610375,0.138685,-0.618833,-0.023175,0.772836,-0.370994,-0.256443,0.609789,0.451153,0.000000,0.000000,0.000000
5.04685443299968,-0.004000,1.318000,-1.704000,1.318000,-0.007000,0.005000,-0.006000,0.005000,1.325000,1.707000,1.317000,0.007000,0.003000,0.000000,-0.022702,0.774921,0.142585,-0.615347,0.371826,-0.256181,0.610375,0.138685,-0.618833,-0.023175,0.772836,-0.370994,-0.256443,0.609789,-0.022702,0.774921,0.142585,-0.615347,0.371826,-0.256181,0.610375,0.138685,-0.618833,-0.023175,0.772836,-0.370994,-0.256443,0.609789,0.451153,0.000000,0.000000,0.000000
5.080216573998769,-0.004000,1.318000,-1.704000,1.318000,-0.007000,0.005000,-0.006000,0.005000,1.325000,1.707000,1.317000,0.007000,0.003000,0.000000,-0.022702,0.774921,0.142585,-0.615347,0.371826,-0.256181,0.610375,0.138685,-0.618833,-0.023175,0.772836,-0.370994,-0.256443,0.609789,-0.022702,0.774921,0.142585,-0.615347,0.371826,-0.256181,0.610375,0.138685,-0.618833,-0.023175,0.772836,-0.370994,-0.256443,0.609789,0.451153,0.000000,0.000000,0.000000
5.113994362000085,-0.004000,1.318000,-1.704000,1.318000,-0.007000,0.005000,-0.006000,0.005000,1.325000,1.707000,1.317000,0.007000,0.003000,0.000000,-0.022702,0.774921,0.142585,-0.615347,0.371826,-0.256181,0.610375,0.138685,-0.618833,-0.023175,0.772836,-0.370994,-0.256443,0.609789,-0.022702,0.774921,0.142585,-0.615347,0.371826,-0.256181,0.610375,0.138685,-0.618833,-0.023175,0.772836,-0.370994,-0.256443,0.609789,0.451153,0.000000,0.000000,0.000000
5.147114744999271,-0.004000,1.318000,-1.704000,1.318000,-0.007000,0.005000,-0.006000,0.005000,1.325000,1.707000,1.317000,0.007000,0.003000,0.000000,-0.022702,0.774921,0.142585,-0.615347,0.371826,-0.256181,0.610375,0.138685,-0.618833,-0.023175,0.772836,-0.370994,-0.256443,0.609789,-0.022702,0.774921,0.142585,-0.615347,0.371826,-0.256181,0.610375,0.138685,-0.618833,-0.023175,0.772836,-0.370994,-0.256443,0.609789,0.451153,0.000000,0.000000,0.000000
5.180744255998434,-0.004000,1.318000,-1.704000,1.318000,-0.007000,0.005000,-0.006000,0.005000,1.325000,1.707000,1.317000,0.007000,0.003000,0.000000,-0.022702,0.774921,0.142585,-0.615347,0.371826,-0.256181,0.610375,0.138685,-0.618833,-0.023175,0.772836,-0.370994,-0.256443,0.609789,-0.022702,0.774921,0.142585,-0.615347,0.371826,-0.256181,0.610375,0.138685,-0.618833,-0.023175,0.772836,-0.370994,-0.256443,0.609789,0.451153,0.000000,0.000000,0.000000
5.2138472689985065,-0.004000,1.318000,-1.704000,1.318000,-0.007000,0.005000,-0.006000,0.005000,1.325000,1.707000,1.317000,0.007000,0.003000,0.000000,-0.022702,0.774921,0.142585,-0.615347,0.371826,-0.256181,0.610375,0.138685,-0.618833,-0.023175,0.772836,-0.370994,-0.256443,0.609789,-0.022702,0.774921,0.142585,-0.615347,0.371826,-0.256181,0.610375,0.138685,-0.618833,-0.023175,0.772836,-0.370994,-0.256443,0.609789,0.451153,0.000000,0.000000,0.000000
5.247189410998544,-0.004000,1.318000,-1.704000,1.318000,-0.007000,0.005000,-0.006000,0.005000,1.325000,1.707000,1.317000,0.007000,0.003000,0.000000,-0.022702,0.774921,0.142585,-0.615347,0.371826,-0.256181,0.610375,0.138685,-0.618833,-0.023175,0.772836,-0.370994,-0.256443,0.609789,-0.022702,0.774921,0.142585,-0.615347,0.371826,-0.256181,0.610375,0.138685,-0.618833,-0.023175,0.772836,-0.370994,-0.256443,0.609789,0.451153,0.000000,0.000000,0.000000
5.2809322719986085,-0.004000,1.318000,-1.704000,1.318000,-0.007000,0.005000,-0.006000,0.005000,1.325000,1.707000,1.317000,0.007000,0.003000,0.000000,-0.022702,0.774921,0.142585,-0.615347,0.371826,-0.256181,0.610375,0.138685,-0.618833,-0.023175,0.772836,-0.370994,-0.256443,0.609789,-0.022702,0.774921,0.142585,-0.615347,0.371826,-0.256181,0.610375,0.138685,-0.618833,-0.023175,0.772836,-0.370994,-0.256443,0.609789,0.451153,0.000000,0.000000,0.000000
5.3140350629983,-0.004000,1.318000,-1.704000,1.318000,-0.007000,0.005000,-0.006000,0.005000,1.325000,1.707000,1.317000,0.007000,0.003000,0.000000,-0.022702,0.774921,0.142585,-0.615347,0.371826,-0.256181,0.610375,0.138685,-0.618833,-0.023175,0.772836,-0.370994,-0.256443,0.609789,-0.022702,0.774921,0.142585,-0.615347,0.371826,-0.256181,0.610375,0.138685,-0.618833,-0.023175,0.772836,-0.370994,-0.256443,0.609789,0.451153,0.000000,0.000000,0.000000
5.348192423,-0.004000,1.318000,-1.704000,1.318000,-0.007000,0.005000,-0.006000,0.005000,1.325000,1.707000,1.317000,0.007000,0.003000,0.000000,-0.022702,0.774921,0.142585,-0.615347,0.371826,-0.256181,0.610375,0.138685,-0.618833,-0.023175,0.772836,-0.370994,-0.256443,0.609789,-0.022702,0.774921,0.142585,-0.615347,0.371826,-0.256181,0.610375,0.138685,-0.618833,-0.023175,0.772836,-0.370994,-0.256443,0.609789,0.451153,0.000000,0.000000,0.000000
5.381234140000743,-0.004000,1.318000,-1.704000,1.318000,-0.007000,0.005000,-0.006000,0.005000,1.325000,1.707000,1.317000,0.007000,0.003000,0.000000,-0.022702,0.774921,0.142585,-0.615347,0.371826,-0.256181,0.610375,0.138685,-0.618833,-0.023175,0.772836,-0.370994,-0.256443,0.609789,-0.022702,0.774921,0.142585,-0.615347,0.371826,-0.256181,0.610375,0.138685,-0.618833,-0.023175,0.772836,-0.370994,-0.256443,0.609789,0.451153,0.000000,0.000000,0.000000
5.414532522998343,-0.004000,1.318000,-1.704000,1.318000,-0.007000,0.005000,-0.006000,0.005000,1.325000,1.707000,1.317000,0.007000,0.003000,0.000000,-0.022702,0.774921,0.142585,-0.615347,0.371826,-0.256181,0.610375,0.138685,-0.618833,-0.023175,0.772836,-0.370994,-0.256443,0.609789,-0.022702,0.774921,0.142585,-0.615347,0.371826,-0.256181,0.610375,0.138685,-0.618833,-0.023175,0.772836,-0.370994,-0.256443,0.609789,0.451153,0.000000,0.000000,0.000000
5.448808974997519,-0.004000,1.318000,-1.704000,1.318000,-0.007000,0.005000,-0.006000,0.005000,1.325000,1.707000,1.317000,0.007000,0.003000,0.000000,-0.022702,0.774921,0.142585,-0.615347,0.371826,-0.256181,0.610375,0.138685,-0.618833,-0.023175,0.772836,-0.370994,-0.256443,0.609789,-0.022702,0.774921,0.142585,-0.615347,0.371826,-0.256181,0.610375,0.138685,-0.618833,-0.023175,0.772836,-0.370994,-0.256443,0.609789,0.451153,0.000000,0.000000,0.000000
5.481873117998475,-0.004000,1.318000,-1.704000,1.318000,-0.007000,0.005000,-0.006000,0.005000,1.325000,1.707000,1.317000,0.007000,0.003000,0.000000,-0.022702,0.774921,0.142585,-0.615347,0.371826,-0.256181,0.610375,0.138685,-0.618833,-0.023175,0.772836,-0.370994,-0.256443,0.609789,-0.022702,0.774921,0.142585,-0.615347,0.371826,-0.256181,0.610375,0.138685,-0.618833,-0.023175,0.772836,-0.370994,-0.256443,0.609789,0.451153,0.000000,0.000000,0.000000
5.5143147819981095,-0.004000,1.318000,-1.704000,1.318000,-0.007000,0.005000,-0.006000,0.005000,1.325000,1.707000,1.317000,0.007000,0.003000,0.000000,-0.022702,0.774921,0.142585,-0.615347,0.371826,-0.256181,0.610375,0.138685,-0.618833,-0.023175,0.772836,-0.370994,-0.256443,0.609789,-0.022702,0.774921,0.142585,-0.615347,0.371826,-0.256181,0.610375,0.138685,-0.618833,-0.023175,0.772836,-0.370994,-0.256443,0.609789,0.451153,0.000000,0.000000,0.000000
5.547546480000165,-0.004000,1.318000,-1.704000,1.318000,-0.007000,0.005000,-0.006000,0.005000,1.325000,1.707000,1.317000,0.007000,0.003000,0.000000,-0.022702,0.774921,0.142585,-0.615347,0.371826,-0.256181,0.610375,0.138685,-0.618833,-0.023175,0.772836,-0.370994,-0.256443,0.609789,-0.022702,0.774921,0.142585,-0.615347,0.371826,-0.256181,0.610375,0.138685,-0.618833,-0.023175,0.772836,-0.370994,-0.256443,0.609789,0.451153,0.000000,0.000000,0.000000
5.581192248999287,-0.004000,1.318000,-1.704000,1.318000,-0.007000,0.005000,-0.006000,0.005000,1.325000,1.707000,1.317000,0.007000,0.003000,0.000000,-0.022702,0.774921,0.142585,-0.615347,0.371826,-0.256181,0.610375,0.138685,-0.618833,-0.023175,0.772836,-0.370994,-0.256443,0.609789,-0.022702,0.774921,0.142585,-0.615347,0.371826,-0.256181,0.610375,0.138685,-0.618833,-0.023175,0.772836,-0.370994,-0.256443,0.609789,0.451153,0.000000,0.000000,0.000000
5.614216206999117,-0.004000,1.318000,-1.704000,1.318000,-0.007000,0.005000,-0.006000,0.005000,1.325000,1.707000,1.317000,0.007000,0.003000,0.000000,-0.022702,0.774921,0.142585,-0.615347,0.371826,-0.256181,0.610375,0.138685,-0.618833,-0.023175,0.772836,-0.370994,-0.256443,0.609789,-0.022702,0.774921,0.142585,-0.615347,0.371826,-0.256181,0.610375,0.138685,-0.618833,-0.023175,0.772836,-0.370994,-0.256443,0.609789,0.451153,0.000000,0.000000,0.000000
5.647544811999978,-0.004000,1.318000,-1.704000,1.318000,-0.007000,0.005000,-0.006000,0.005000,1.325000,1.707000,1.317000,0.007000,0.003000,0.000000,-0.022702,0.774921,0.142585,-0.615347,0.371826,-0.256181,0.610375,0.138685,-0.618833,-0.023175,0.772836,-0.370994,-0.256443,0.609789,-0.022702,0.774921,0.142585,-0.615347,0.371826,-0.256181,0.610375,0.138685,-0.618833,-0.023175,0.772836,-0.370994,-0.256443,0.609789,0.451153,0.000000,0.000000,0.000000
5.68141846999788,-0.004000,1.318000,-1.704000,1.318000,-0.007000,0.005000,-0.006000,0.005000,1.325000,1.707000,1.317000,0.007000,0.003000,0.000000,-0.022702,0.774921,0.142585,-0.615347,0.371826,-0.256181,0.610375,0.138685,-0.618833,-0.023175,0.772836,-0.370994,-0.256443,0.609789,-0.022702,0.774921,0.142585,-0.615347,0.371826,-0.256181,0.610375,0.138685,-0.618833,-0.023175,0.772836,-0.370994,-0.256443,0.609789,0.451153,0.000000,0.000000,0.000000
5.714260112999909,-0.004000,1.318000,-1.704000,1.318000,-0.007000,0.005000,-0.006000,0.005000,1.325000,1.707000,1.317000,0.007000,0.003000,0.000000,-0.022702,0.774921,0.142585,-0.615347,0.371826,-0.256181,0.610375,0.138685,-0.618833,-0.023175,0.772836,-0.370994,-0.256443,0.609789,-0.022702,0.774921,0.142585,-0.615347,0.371826,-0.256181,0.610375,0.138685,-0.618833,-0.023175,0.772836,-0.370994,-0.256443,0.609789,0.451153,0.000000,0.000000,0.000000
5.747738161997404,-0.004000,1.318000,-1.704000,1.318000,-0.007000,0.005000,-0.006000,0.005000,1.325000,1.707000,1.317000,0.007000,0.003000,0.000000,-0.022702,0.774921,0.142585,-0.615347,0.371826,-0.256181,0.610375,0.138685,-0.618833,-0.023175,0.772836,-0.370994,-0.256443,0.609789,-0.022702,0.774921,0.142585,-0.615347,0.371826,-0.256181,0.610375,0.138685,-0.618833,-0.023175,0.772836,-0.370994,-0.256443,0.609789,0.451153,0.000000,0.000000,0.000000
5.7812351920001674,-0.004000,1.318000,-1.704000,1.318000,-0.007000,0.005000,-0.006000,0.005000,1.325000,1.707000,1.317000,0.007000,0.003000,0.000000,-0.022702,0.774921,0.142585,-0.615347,0.371826,-0.256181,0.610375,0.138685,-0.618833,-0.023175,0.772836,-0.370994,-0.256443,0.609789,-0.022702,0.774921,0.142585,-0.615347,0.371826,-0.256181,0.610375,0.138685,-0.618833,-0.023175,0.772836,-0.370994,-0.256443,0.609789,0.451153,0.000000,0.000000,0.000000
5.8151235160003125,-0.004000,1.318000,-1.704000,1.318000,-0.007000,0.005000,-0.006000,0.005000,1.325000,1.707000,1.317000,0.007000,0.003000,0.000000,-0.022702,0.774921,0.142585,-0.615347,0.371826,-0.256181,0.610375,0.138685,-0.618833,-0.023175,0.772836,-0.370994,-0.256443,0.609789,-0.022702,0.774921,0.142585,-0.615347,0.371826,-0.256181,0.610375,0.138685,-0.618833,-0.023175,0.772836,-0.370994,-0.256443,0.609789,0.451153,0.000000,0.000000,0.000000
5.8490781919972505,-0.004000,1.318000,-1.704000,1.318000,-0.007000,0.005000,-0.006000,0.005000,1.325000,1.707000,1.317000,0.007000,0.003000,0.000000,-0.022702,0.774921,0.142585,-0.615347,0.371826,-0.256181,0.610375,0.138685,-0.618833,-0.023175,0.772836,-0.370994,-0.256443,0.609789,-0.022702,0.774921,0.142585,-0.615347,0.371826,-0.256181,0.610375,0.138685,-0.618833,-0.023175,0.772836,-0.370994,-0.256443,0.609789,0.451153,0.000000,0.000000,0.000000
5.882399906997307,-0.004000,1.318000,-1.704000,1.318000,-0.007000,0.005000,-0.006000,0.005000,1.325000,1.707000,1.317000,0.007000,0.003000,0.000000,-0.022702,0.774921,0.142585,-0.615347,0.371826,-0.256181,0.610375,0.138685,-0.618833,-0.023175,0.772836,-0.370994,-0.256443,0.609789,-0.022702,0.774921,0.142585,-0.615347,0.371826,-0.256181,0.610375,0.138685,-0.618833,-0.023175,0.772836,-0.370994,-0.256443,0.609789,0.451153,0.000000,0.000000,0.000000
5.9154680499996175,-0.004000,1.318000,-1.704000,1.318000,-0.007000,0.005000,-0.006000,0.005000,1.325000,1.707000,1.317000,0.007000,0.003000,0.000000,-0.022702,0.774921,0.142585,-0.615347,0.371826,-0.256181,0.610375,0.138685,-0.618833,-0.023175,0.772836,-0.370994,-0.256443,0.609789,-0.022702,0.774921,0.142585,-0.615347,0.371826,-0.256181,0.610375,0.138685,-0.618833,-0.023175,0.772836,-0.370994,-0.256443,0.609789,0.451153,0.000000,0.000000,0.000000
5.949115819999861,-0.004000,1.318000,-1.704000,1.318000,-0.007000,0.005000,-0.006000,0.005000,1.325000,1.707000,1.317000,0.007000,0.003000,0.000000,-0.022702,0.774921,0.142585,-0.615347,0.371826,-0.256181,0.610375,0.138685,-0.618833,-0.023175,0.772836,-0.370994,-0.256443,0.609789,-0.022702,0.774921,0.142585,-0.615347,0.371826,-0.256181,0.610375,0.138685,-0.618833,-0.023175,0.772836,-0.370994,-0.256443,0.609789,0.451153,0.000000,0.000000,0.000000
5.982617515997845,-0.004000,1.318000,-1.704000,1.318000,-0.007000,0.005000,-0.006000,0.005000,1.325000,1.707000,1.317000,0.007000,0.003000,0.000000,-0.022702,0.774921,0.142585,-0.615347,0.371826,-0.256181,0.610375,0.138685,-0.618833,-0.023175,0.772836,-0.370994,-0.256443,0.609789,-0.022702,0.774921,0.142585,-0.615347,0.371826,-0.256181,0.610375,0.138685,-0.618833,-0.023175,0.772836,-0.370994,-0.256443,0.609789,0.451153,0.000000,0.000000,0.000000
6.016099952998047,-0.004000,1.318000,-1.704000,1.318000,-0.007000,0.005000,-0.006000,0.005000,1.325000,1.707000,1.317000,0.007000,0.003000,0.000000,-0.022702,0.774921,0.142585,-0.615347,0.371826,-0.256181,0.610375,0.138685,-0.618833,-0.023175,0.772836,-0.370994,-0.256443,0.609789,-0.022702,0.774921,0.142585,-0.615347,0.371826,-0.256181,0.610375,0.138685,-0.618833,-0.023175,0.772836,-0.370994,-0.256443,0.609789,0.451153,0.000000,0.000000,0.000000
6.048355396000261,-0.004000,1.318000,-1.704000,1.318000,-0.007000,0.005000,-0.006000,0.005000,1.325000,1.707000,1.317000,0.007000,0.003000,0.000000,-0.022702,0.774921,0.142585,-0.615347,0.371826,-0.256181,0.610375,0.138685,-0.618833,-0.023175,0.772836,-0.370994,-0.256443,0.609789,-0.022702,0.774921,0.142585,-0.615347,0.371826,-0.256181,0.610375,0.138685,-0.618833,-0.023175,0.772836,-0.370994,-0.256443,0.609789,0.451153,0.000000,0.000000,0.000000
6.081757833999291,-0.004000,1.318000,-1.704000,1.318000,-0.007000,0.005000,-0.006000,0.005000,1.325000,1.707000,1.317000,0.007000,0.003000,0.000000,-0.022702,0.774921,0.142585,-0.615347,0.371826,-0.256181,0.610375,0.138685,-0.618833,-0.023175,0.772836,-0.370994,-0.256443,0.609789,-0.022702,0.774921,0.142585,-0.615347,0.371826,-0.256181,0.610375,0.138685,-0.618833,-0.023175,0.772836,-0.370994,-0.256443,0.609789,0.451153,0.000000,0.000000,0.000000
6.115168326999992,-0.004000,1.318000,-1.704000,1.318000,-0.007000,0.005000,-0.006000,0.005000,1.325000,1.707000,1.317000,0.007000,0.003000,0.000000,-0.022702,0.774921,0.142585,-0.615347,0.371826,-0.256181,0.610375,0.138685,-0.618833,-0.023175,0.772836,-0.370994,-0.256443,0.609789,-0.022702,0.774921,0.142585,-0.615347,0.371826,-0.256181,0.610375,0.138685,-0.618833,-0.023175,0.772836,-0.370994,-0.256443,0.609789,0.451153,0.000000,0.000000,0.000000
6.148528023997642,-0.004000,1.318000,-1.704000,1.318000,-0.007000,0.005000,-0.006000,0.005000,1.325000,1.707000,1.317000,0.007000,0.003000,0.000000,-0.022702,0.774921,0.142585,-0.615347,0.371826,-0.256181,0.610375,0.138685,-0.618833,-0.023175,0.772836,-0.370994,-0.256443,0.609789,-0.022702,0.774921,0.142585,-0.615347,0.371826,-0.256181,0.610375,0.138685,-0.618833,-0.023175,0.772836,-0.370994,-0.256443,0.609789,0.451153,0.000000,0.000000,0.000000
6.18246388499756,-0.004000,1.318000,-1.704000,1.318000,-0.007000,0.005000,-0.006000,0.005000,1.325000,1.707000,1.317000,0.007000,0.003000,0.000000,-0.022702,0.774921,0.142585,-0.615347,0.371826,-0.256181,0.610375,0.138685,-0.618833,-0.023175,0.772836,-0.370994,-0.256443,0.609789,-0.022702,0.774921,0.142585,-0.615347,0.371826,-0.256181,0.610375,0.138685,-0.618833,-0.023175,0.772836,-0.370994,-0.256443,0.609789,0.451153,0.000000,0.000000,0.000000
6.215857637998852,-0.004000,1.318000,-1.704000,1.318000,-0.007000,0.005000,-0.006000,0.005000,1.325000,1.707000,1.317000,0.007000,0.003000,0.000000,-0.022702,0.774921,0.142585,-0.615347,0.371826,-0.256181,0.610375,0.138685,-0.618833,-0.023175,0.772836,-0.370994,-0.256443,0.609789,-0.022702,0.774921,0.142585,-0.615347,0.371826,-0.256181,0.610375,0.138685,-0.618833,-0.023175,0.772836,-0.370994,-0.256443,0.609789,0.451153,0.000000,0.000000,0.000000
6.249404815000162,-0.004000,1.318000,-1.704000,1.318000,-0.007000,0.005000,-0.006000,0.005000,1.325000,1.707000,1.317000,0.007000,0.003000,0.000000,-0.022702,0.774921,0.142585,-0.615347,0.371826,-0.256181,0.610375,0.138685,-0.618833,-0.023175,0.772836,-0.370994,-0.256443,0.609789,-0.022702,0.774921,0.142585,-0.615347,0.371826,-0.256181,0.610375,0.138685,-0.618833,-0.023175,0.772836,-0.370994,-0.256443,0.609789,0.451153,0.000000,0.000000,0.000000
6.282321569997293,-0.004000,1.318000,-1.704000,1.318000,-0.007000,0.005000,-0.006000,0.005000,1.325000,1.707000,1.317000,0.007000,0.003000,0.000000,-0.022702,0.774921,0.142585,-0.615347,0.371826,-0.256181,0.610375,0.138685,-0.618833,-0.023175,0.772836,-0.370994,-0.256443,0.609789,-0.022702,0.774921,0.142585,-0.615347,0.371826,-0.256181,0.610375,0.138685,-0.618833,-0.023175,0.772836,-0.370994,-0.256443,0.609789,0.451153,0.000000,0.000000,0.000000
6.315398767997976,-0.004000,1.318000,-1.704000,1.318000,-0.007000,0.005000,-0.006000,0.005000,1.325000,1.707000,1.317000,0.007000,0.003000,0.000000,-0.022702,0.774921,0.142585,-0.615347,0.371826,-0.256181,0.610375,0.138685,-0.618833,-0.023175,0.772836,-0.370994,-0.256443,0.609789,-0.022702,0.774921,0.142585,-0.615347,0.371826,-0.256181,0.610375,0.138685,-0.618833,-0.023175,0.772836,-0.370994,-0.256443,0.609789,0.451153,0.000000,0.000000,0.000000
6.348840057999041,-0.004000,1.318000,-1.704000,1.318000,-0.007000,0.005000,-0.006000,0.005000,1.325000,1.707000,1.317000,0.007000,0.003000,0.000000,-0.022702,0.774921,0.142585,-0.615347,0.371826,-0.256181,0.610375,0.138685,-0.618833,-0.023175,0.772836,-0.370994,-0.256443,0.609789,-0.022702,0.774921,0.142585,-0.615347,0.371826,-0.256181,0.610375,0.138685,-0.618833,-0.023175,0.772836,-0.370994,-0.256443,0.609789,0.451153,0.000000,0.000000,0.000000
6.383215972000471,-0.004000,1.318000,-1.704000,1.318000,-0.007000,0.005000,-0.006000,0.005000,1.325000,1.707000,1.317000,0.007000,0.003000,0.000000,-0.022702,0.774921,0.142585,-0.615347,0.371826,-0.256181,0.610375,0.138685,-0.618833,-0.023175,0.772836,-0.370994,-0.256443,0.609789,-0.022702,0.774921,0.142585,-0.615347,0.371826,-0.256181,0.610375,0.138685,-0.618833,-0.023175,0.772836,-0.370994,-0.256443,0.609789,0.451153,0.000000,0.000000,0.000000
6.416079578997596,-0.004000,1.318000,-1.704000,1.318000,-0.007000,0.005000,-0.006000,0.005000,1.325000,1.707000,1.317000,0.007000,0.003000,0.000000,-0.022702,0.774921,0.142585,-0.615347,0.371826,-0.256181,0.610375,0.138685,-0.618833,-0.023175,0.772836,-0.370994,-0.256443,0.609789,-0.022702,0.774921,0.142585,-0.615347,0.371826,-0.256181,0.610375,0.138685,-0.618833,-0.023175,0.772836,-0.370994,-0.256443,0.609789,0.451153,0.000000,0.000000,0.000000
6.449762699998246,-0.004000,1.318000,-1.704000,1.318000,-0.007000,0.005000,-0.006000,0.005000,1.325000,1.707000,1.317000,0.007000,0.003000,0.000000,-0.022702,0.774921,0.142585,-0.615347,0.371826,-0.256181,0.610375,0.138685,-0.618833,-0.023175,0.772836,-0.370994,-0.256443,0.609789,-0.022702,0.774921,0.142585,-0.615347,0.371826,-0.256181,0.610375,0.138685,-0.618833,-0.023175,0.772836,-0.370994,-0.256443,0.609789,0.451153,0.000000,0.000000,0.000000
6.4831157679982425,-0.004000,1.318000,-1.704000,1.318000,-0.007000,0.005000,-0.006000,0.005000,1.325000,1.707000,1.317000,0.007000,0.003000,0.000000,-0.022702,0.774921,0.142585,-0.615347,0.371826,-0.256181,0.610375,0.138685,-0.618833,-0.023175,0.772836,-0.370994,-0.256443,0.609789,-0.022702,0.774921,0.142585,-0.615347,0.371826,-0.256181,0.610375,0.138685,-0.618833,-0.023175,0.772836,-0.370994,-0.256443,0.609789,0.451153,0.000000,0.000000,0.000000
6.517332126997644,-0.004000,1.318000,-1.704000,1.318000,-0.007000,0.005000,-0.006000,0.005000,1.325000,1.707000,1.317000,0.007000,0.003000,0.000000,-0.022702,0.774921,0.142585,-0.615347,0.371826,-0.256181,0.610375,0.138685,-0.618833,-0.023175,0.772836,-0.370994,-0.256443,0.609789,-0.022702,0.774921,0.142585,-0.615347,0.371826,-0.256181,0.610375,0.138685,-0.618833,-0.023175,0.772836,-0.370994,-0.256443,0.609789,0.451153,0.000000,0.000000,0.000000
6.552326835000713,-0.004000,1.318000,-1.704000,1.318000,-0.007000,0.005000,-0.006000,0.005000,1.325000,1.707000,1.317000,0.007000,0.003000,0.000000,-0.022702,0.774921,0.142585,-0.615347,0.371826,-0.256181,0.610375,0.138685,-0.618833,-0.023175,0.772836,-0.370994,-0.256443,0.609789,-0.022702,0.774921,0.142585,-0.615347,0.371826,-0.256181,0.610375,0.138685,-0.618833,-0.023175,0.772836,-0.370994,-0.256443,0.609789,0.451153,0.000000,0.000000,0.000000
6.583117025998945,-0.004000,1.318000,-1.704000,1.318000,-0.007000,0.005000,-0.006000,0.005000,1.325000,1.707000,1.317000,0.007000,0.003000,0.000000,-0.022702,0.774921,0.142585,-0.615347,0.371826,-0.256181,0.610375,0.138685,-0.618833,-0.023175,0.772836,-0.370994,-0.256443,0.609789,-0.022702,0.774921,0.142585,-0.615347,0.371826,-0.256181,0.610375,0.138685,-0.618833,-0.023175,0.772836,-0.370994,-0.256443,0.609789,0.451153,0.000000,0.000000,0.000000
6.616090872998029,-0.004000,1.318000,-1.704000,1.318000,-0.007000,0.005000,-0.006000,0.005000,1.325000,1.707000,1.317000,0.007000,0.003000,0.000000,-0.022702,0.774921,0.142585,-0.615347,0.371826,-0.256181,0.610375,0.138685,-0.618833,-0.023175,0.772836,-0.370994,-0.256443,0.609789,-0.022702,0.774921,0.142585,-0.615347,0.371826,-0.256181,0.610375,0.138685,-0.618833,-0.023175,0.772836,-0.370994,-0.256443,0.609789,0.451153,0.000000,0.000000,0.000000
6.649386589000642,-0.004000,1.318000,-1.704000,1.318000,-0.007000,0.005000,-0.006000,0.005000,1.325000,1.707000,1.317000,0.007000,0.003000,0.000000,-0.022702,0.774921,0.142585,-0.615347,0.371826,-0.256181,0.610375,0.138685,-0.618833,-0.023175,0.772836,-0.370994,-0.256443,0.609789,-0.022702,0.774921,0.142585,-0.615347,0.371826,-0.256181,0.610375,0.138685,-0.618833,-0.023175,0.772836,-0.370994,-0.256443,0.609789,0.451153,0.000000,0.000000,0.000000
6.683406208998349,-0.004000,1.318000,-1.704000,1.318000,-0.007000,0.005000,-0.006000,0.005000,1.325000,1.707000,1.317000,0.007000,0.003000,0.000000,-0.022702,0.774921,0.142585,-0.615347,0.371826,-0.256181,0.610375,0.138685,-0.618833,-0.023175,0.772836,-0.370994,-0.256443,0.609789,-0.022702,0.774921,0.142585,-0.615347,0.371826,-0.256181,0.610375,0.138685,-0.618833,-0.023175,0.772836,-0.370994,-0.256443,0.609789,0.451153,0.000000,0.000000,0.000000
6.716191611998511,-0.004000,1.318000,-1.704000,1.318000,-0.007000,0.005000,-0.006000,0.005000,1.325000,1.707000,1.317000,0.007000,0.003000,0.000000,-0.022702,0.774921,0.142585,-0.615347,0.371826,-0.256181,0.610375,0.138685,-0.618833,-0.023175,0.772836,-0.370994,-0.256443,0.609789,-0.022702,0.774921,0.142585,-0.615347,0.371826,-0.256181,0.610375,0.138685,-0.618833,-0.023175,0.772836,-0.370994,-0.256443,0.609789,0.451153,0.000000,0.000000,0.000000
6.749840623000637,-0.004000,1.318000,-1.704000,1.318000,-0.007000,0.005000,-0.006000,0.005000,1.325000,1.707000,1.317000,0.007000,0.003000,0.000000,-0.022702,0.774921,0.142585,-0.615347,0.371826,-0.256181,0.610375,0.138685,-0.618833,-0.023175,0.772836,-0.370994,-0.256443,0.609789,-0.022702,0.774921,0.142585,-0.615347,0.371826,-0.256181,0.610375,0.138685,-0.618833,-0.023175,0.772836,-0.370994,-0.256443,0.609789,0.451153,0.000000,0.000000,0.000000
6.783019061000232,-0.004000,1.318000,-1.704000,1.318000,-0.007000,0.005000,-0.006000,0.005000,1.325000,1.707000,1.317000,0.007000,0.003000,0.000000,-0.022702,0.774921,0.142585,-0.615347,0.371826,-0.256181,0.610375,0.138685,-0.618833,-0.023175,0.772836,-0.370994,-0.256443,0.609789,-0.022702,0.774921,0.142585,-0.615347,0.371826,-0.256181,0.610375,0.138685,-0.618833,-0.023175,0.772836,-0.370994,-0.256443,0.609789,0.451153,0.000000,0.000000,0.000000
6.816489368997281,-0.004000,1.318000,-1.704000,1.318000,-0.007000,0.005000,-0.006000,0.005000,1.325000,1.707000,1.317000,0.007000,0.003000,0.000000,-0.022702,0.774921,0.142585,-0.615347,0.371826,-0.256181,0.610375,0.138685,-0.618833,-0.023175,0.772836,-0.370994,-0.256443,0.609789,-0.022702,0.774921,0.142585,-0.615347,0.371826,-0.256181,0.610375,0.138685,-0.618833,-0.023175,0.772836,-0.370994,-0.256443,0.609789,0.451153,0.000000,0.000000,0.000000
6.850187305000873,-0.004000,1.318000,-1.704000,1.318000,-0.007000,0.005000,-0.006000,0.005000,1.325000,1.707000,1.317000,0.007000,0.003000,0.000000,-0.022702,0.774921,0.142585,-0.615347,0.371826,-0.256181,0.610375,0.138685,-0.618833,-0.023175,0.772836,-0.370994,-0.256443,0.609789,-0.022702,0.774921,0.142585,-0.615347,0.371826,-0.256181,0.610375,0.138685,-0.618833,-0.023175,0.772836,-0.370994,-0.256443,0.609789,0.451153,0.000000,0.000000,0.000000
6.883280484998977,-0.004000,1.318000,-1.704000,1.318000,-0.007000,0.005000,-0.006000,0.005000,1.325000,1.707000,1.317000,0.007000,0.003000,0.000000,-0.022702,0.774921,0.142585,-0.615347,0.371826,-0.256181,0.610375,0.138685,-0.618833,-0.023175,0.772836,-0.370994,-0.256443,0.609789,-0.022702,0.774921,0.142585,-0.615347,0.371826,-0.256181,0.610375,0.138685,-0.618833,-0.023175,0.772836,-0.370994,-0.256443,0.609789,0.451153,0.000000,0.000000,0.000000
6.916724922000867,-0.004000,1.318000,-1.704000,1.318000,-0.007000,0.005000,-0.006000,0.005000,1.325000,1.707000,1.317000,0.007000,0.003000,0.000000,-0.022702,0.774921,0.142585,-0.615347,0.371826,-0.256181,0.610375,0.138685,-0.618833,-0.023175,0.772836,-0.370994,-0.256443,0.609789,-0.022702,0.774921,0.142585,-0.615347,0.371826,-0.256181,0.610375,0.138685,-0.618833,-0.023175,0.772836,-0.370994,-0.256443,0.609789,0.451153,0.000000,0.000000,0.000000
6.950263396000082,-0.004000,1.318000,-1.704000,1.318000,-0.007000,0.005000,-0.006000,0.005000,1.325000,1.707000,1.317000,0.007000,0.003000,0.000000,-0.022702,0.774921,0.142585,-0.615347,0.371826,-0.256181,0.610375,0.138685,-0.618833,-0.023175,0.772836,-0.370994,-0.256443,0.609789,-0.022702,0.774921,0.142585,-0.615347,0.371826,-0.256181,0.610375,0.138685,-0.618833,-0.023175,0.772836,-0.370994,-0.256443,0.609789,0.451153,0.000000,0.000000,0.000000
6.9837057779986935,-0.004000,1.318000,-1.704000,1.318000,-0.007000,0.005000,-0.006000,0.005000,1.325000,1.707000,1.317000,0.007000,0.003000,0.000000,-0.022702,0.774921,0.142585,-0.615347,0.371826,-0.256181,0.610375,0.138685,-0.618833,-0.023175,0.772836,-0.370994,-0.256443,0.609789,-0.022702,0.774921,0.142585,-0.615347,0.371826,-0.256181,0.610375,0.138685,-0.618833,-0.023175,0.772836,-0.370994,-0.256443,0.609789,0.451153,0.000000,0.000000,0.000000
7.017336713997793,-0.004000,1.318000,-1.704000,1.318000,-0.007000,0.005000,-0.006000,0.005000,1.325000,1.707000,1.317000,0.007000,0.003000,0.000000,-0.022702,0.774921,0.142585,-0.615347,0.371826,-0.256181,0.610375,0.138685,-0.618833,-0.023175,0.772836,-0.370994,-0.256443,0.609789,-0.022702,0.774921,0.142585,-0.615347,0.371826,-0.256181,0.610375,0.138685,-0.618833,-0.023175,0.772836,-0.370994,-0.256443,0.609789,0.451153,0.000000,0.000000,0.000000
7.050195525000163,-0.004000,1.318000,-1.704000,1.318000,-0.007000,0.005000,-0.006000,0.005000,1.325000,1.707000,1.317000,0.007000,0.003000,0.000000,-0.022702,0.774921,0.142585,-0.615347,0.371826,-0.256181,0.610375,0.138685,-0.618833,-0.023175,0.772836,-0.370994,-0.256443,0.609789,-0.022702,0.774921,0.142585,-0.615347,0.371826,-0.256181,0.610375,0.138685,-0.618833,-0.023175,0.772836,-0.370994,-0.256443,0.609789,0.451153,0.000000,0.000000,0.000000
7.083587647997774,-0.004000,1.318000,-1.704000,1.318000,-0.007000,0.005000,-0.006000,0.005000,1.325000,1.707000,1.317000,0.007000,0.003000,0.000000,-0.022702,0.774921,0.142585,-0.615347,0.371826,-0.256181,0.610375,0.138685,-0.618833,-0.023175,0.772836,-0.370994,-0.256443,0.609789,-0.022702,0.774921,0.142585,-0.615347,0.371826,-0.256181,0.610375,0.138685,-0.618833,-0.023175,0.772836,-0.370994,-0.256443,0.609789,0.451153,0.000000,0.000000,0.000000
7.11738315799812,-0.004000,1.318000,-1.704000,1.318000,-0.007000,0.005000,-0.006000,0.005000,1.325000,1.707000,1.317000,0.007000,0.003000,0.000000,-0.022702,0.774921,0.142585,-0.615347,0.371826,-0.256181,0.610375,0.138685,-0.618833,-0.023175,0.772836,-0.370994,-0.256443,0.609789,-0.022702,0.774921,0.142585,-0.615347,0.371826,-0.256181,0.610375,0.138685,-0.618833,-0.023175,0.772836,-0.370994,-0.256443,0.609789,0.451153,0.000000,0.000000,0.000000
7.150435651998123,-0.004000,1.318000,-1.704000,1.318000,-0.007000,0.005000,-0.006000,0.005000,1.325000,1.707000,1.317000,0.007000,0.003000,0.000000,-0.022702,0.774921,0.142585,-0.615347,0.371826,-0.256181,0.610375,0.138685,-0.618833,-0.023175,0.772836,-0.370994,-0.256443,0.609789,-0.022702,0.774921,0.142585,-0.615347,0.371826,-0.256181,0.610375,0.138685,-0.618833,-0.023175,0.772836,-0.370994,-0.256443,0.609789,0.451153,0.000000,0.000000,0.000000
7.184104384999955,-0.004000,1.318000,-1.704000,1.318000,-0.007000,0.005000,-0.006000,0.005000,1.325000,1.707000,1.317000,0.007000,0.003000,0.000000,-0.022702,0.774921,0.142585,-0.615347,0.371826,-0.256181,0.610375,0.138685,-0.618833,-0.023175,0.772836,-0.370994,-0.256443,0.609789,-0.022702,0.774921,0.142585,-0.615347,0.371826,-0.256181,0.610375,0.138685,-0.618833,-0.023175,0.772836,-0.370994,-0.256443,0.609789,0.451153,0.000000,0.000000,0.000000
7.217107565000333,-0.004000,1.318000,-1.704000,1.318000,-0.007000,0.005000,-0.006000,0.005000,1.325000,1.707000,1.317000,0.007000,0.003000,0.000000,-0.022702,0.774921,0.142585,-0.615347,0.371826,-0.256181,0.610375,0.138685,-0.618833,-0.023175,0.772836,-0.370994,-0.256443,0.609789,-0.022702,0.774921,0.142585,-0.615347,0.371826,-0.256181,0.610375,0.138685,-0.618833,-0.023175,0.772836,-0.370994,-0.256443,0.609789,0.451153,0.000000,0.000000,0.000000
7.251211388000229,-0.004000,1.318000,-1.704000,1.318000,-0.007000,0.005000,-0.006000,0.005000,1.325000,1.707000,1.317000,0.007000,0.003000,0.000000,-0.022702,0.774921,0.142585,-0.615347,0.371826,-0.256181,0.610375,0.138685,-0.618833,-0.023175,0.772836,-0.370994,-0.256443,0.609789,-0.022702,0.774921,0.142585,-0.615347,0.371826,-0.256181,0.610375,0.138685,-0.618833,-0.023175,0.772836,-0.370994,-0.256443,0.609789,0.451153,0.000000,0.000000,0.000000
7.284306604997255,-0.004000,1.318000,-1.704000,1.318000,-0.007000,0.005000,-0.006000,0.005000,1.325000,1.707000,1.317000,0.007000,0.003000,0.000000,-0.022702,0.774921,0.142585,-0.615347,0.371826,-0.256181,0.610375,0.138685,-0.618833,-0.023175,0.772836,-0.370994,-0.256443,0.609789,-0.022702,0.774921,0.142585,-0.615347,0.371826,-0.256181,0.610375,0.138685,-0.618833,-0.023175,0.772836,-0.370994,-0.256443,0.609789,0.451153,0.000000,0.000000,0.000000
7.317352673999267,-0.004000,1.318000,-1.704000,1.318000,-0.007000,0.005000,-0.006000,0.005000,1.325000,1.707000,1.317000,0.007000,0.003000,0.000000,-0.022702,0.774921,0.142585,-0.615347,0.371826,-0.256181,0.610375,0.138685,-0.618833,-0.023175,0.772836,-0.370994,-0.256443,0.609789,-0.022702,0.774921,0.142585,-0.615347,0.371826,-0.256181,0.610375,0.138685,-0.618833,-0.023175,0.772836,-0.370994,-0.256443,0.609789,0.451153,0.000000,0.000000,0.000000
7.351132720999885,-0.004000,1.318000,-1.704000,1.318000,-0.007000,0.005000,-0.006000,0.005000,1.325000,1.707000,1.317000,0.007000,0.003000,0.000000,-0.022702,0.774921,0.142585,-0.615347,0.371826,-0.256181,0.610375,0.138685,-0.618833,-0.023175,0.772836,-0.370994,-0.256443,0.609789,-0.022702,0.774921,0.142585,-0.615347,0.371826,-0.256181,0.610375,0.138685,-0.618833,-0.023175,0.772836,-0.370994,-0.256443,0.609789,0.451153,0.000000,0.000000,0.000000
7.384093808999751,-0.004000,1.318000,-1.704000,1.318000,-0.007000,0.005000,-0.006000,0.005000,1.325000,1.707000,1.317000,0.007000,0.003000,0.000000,-0.022702,0.774921,0.142585,-0.615347,0.371826,-0.256181,0.610375,0.138685,-0.618833,-0.023175,0.772836,-0.370994,-0.256443,0.609789,-0.022702,0.774921,0.142585,-0.615347,0.371826,-0.256181,0.610375,0.138685,-0.618833,-0.023175,0.772836,-0.370994,-0.256443,0.609789,0.451153,0.000000,0.000000,0.000000
7.417503227999987,-0.004000,1.318000,-1.704000,1.318000,-0.007000,0.005000,-0.006000,0.005000,1.325000,1.707000,1.317000,0.007000,0.003000,0.000000,-0.022702,0.774921,0.142585,-0.615347,0.371826,-0.256181,0.610375,0.138685,-0.618833,-0.023175,0.772836,-0.370994,-0.256443,0.609789,-0.022702,0.774921,0.142585,-0.615347,0.371826,-0.256181,0.610375,0.138685,-0.618833,-0.023175,0.772836,-0.370994,-0.256443,0.609789,0.451153,0.000000,0.000000,0.000000
7.451286404000712,-0.004000,1.318000,-1.704000,1.318000,-0.007000,0.005000,-0.006000,0.005000,1.325000,1.707000,1.317000,0.007000,0.003000,0.000000,-0.022702,0.774921,0.142585,-0.615347,0.371826,-0.256181,0.610375,0.138685,-0.618833,-0.023175,0.772836,-0.370994,-0.256443,0.609789,-0.022702,0.774921,0.142585,-0.615347,0.371826,-0.256181,0.610375,0.138685,-0.618833,-0.023175,0.772836,-0.370994,-0.256443,0.609789,0.451153,0.000000,0.000000,0.000000
7.484389231998648,-0.004000,1.318000,-1.704000,1.318000,-0.007000,0.005000,-0.006000,0.005000,1.325000,1.707000,1.317000,0.007000,0.003000,0.000000,-0.022702,0.774921,0.142585,-0.615347,0.371826,-0.256181,0.610375,0.138685,-0.618833,-0.023175,0.772836,-0.370994,-0.256443,0.609789,-0.022702,0.774921,0.142585,-0.615347,0.371826,-0.256181,0.610375,0.138685,-0.618833,-0.023175,0.772836,-0.370994,-0.256443,0.609789,0.451153,0.000000,0.000000,0.000000
7.517938946999493,-0.004000,1.318000,-1.704000,1.318000,-0.007000,0.005000,-0.006000,0.005000,1.325000,1.707000,1.317000,0.007000,0.003000,0.000000,-0.022702,0.774921,0.142585,-0.615347,0.371826,-0.256181,0.610375,0.138685,-0.618833,-0.023175,0.772836,-0.370994,-0.256443,0.609789,-0.022702,0.774921,0.142585,-0.615347,0.371826,-0.256181,0.610375,0.138685,-0.618833,-0.023175,0.772836,-0.370994,-0.256443,0.609789,0.451153,0.000000,0.000000,0.000000
7.551302773998032,-0.004000,1.318000,-1.704000,1.318000,-0.007000,0.005000,-0.006000,0.005000,1.325000,1.707000,1.317000,0.007000,0.003000,0.000000,-0.022702,0.774921,0.142585,-0.615347,0.371826,-0.256181,0.610375,0.138685,-0.618833,-0.023175,0.772836,-0.370994,-0.256443,0.609789,-0.022702,0.774921,0.142585,-0.615347,0.371826,-0.256181,0.610375,0.138685,-0.618833,-0.023175,0.772836,-0.370994,-0.256443,0.609789,0.451153,0.000000,0.000000,0.000000
7.586807738000061,-0.004000,1.318000,-1.704000,1.318000,-0.007000,0.005000,-0.006000,0.005000,1.325000,1.707000,1.317000,0.007000,0.003000,0.000000,-0.022702,0.774921,0.142585,-0.615347,0.371826,-0.256181,0.610375,0.138685,-0.618833,-0.023175,0.772836,-0.370994,-0.256443,0.609789,-0.022702,0.774921,0.142585,-0.615347,0.371826,-0.256181,0.610375,0.138685,-0.618833,-0.023175,0.772836,-0.370994,-0.256443,0.609789,0.451153,0.000000,0.000000,0.000000
7.619339180000679,-0.004000,1.318000,-1.704000,1.318000,-0.007000,0.005000,-0.006000,0.005000,1.325000,1.707000,1.317000,0.007000,0.003000,0.000000,-0.022702,0.774921,0.142585,-0.615347,0.371826,-0.256181,0.610375,0.138685,-0.618833,-0.023175,0.772836,-0.370994,-0.256443,0.609789,-0.022702,0.774921,0.142585,-0.615347,0.371826,-0.256181,0.610375,0.138685,-0.618833,-0.023175,0.772836,-0.370994,-0.256443,0.609789,0.451153,0.000000,0.000000,0.000000
7.651784991998284,-0.004000,1.318000,-1.704000,1.318000,-0.007000,0.005000,-0.006000,0.005000,1.325000,1.707000,1.317000,0.007000,0.003000,0.000000,-0.022702,0.774921,0.142585,-0.615347,0.371826,-0.256181,0.610375,0.138685,-0.618833,-0.023175,0.772836,-0.370994,-0.256443,0.609789,-0.022702,0.774921,0.142585,-0.615347,0.371826,-0.256181,0.610375,0.138685,-0.618833,-0.023175,0.772836,-0.370994,-0.256443,0.609789,0.451153,0.000000,0.000000,0.000000
7.685856037998747,-0.004000,1.318000,-1.704000,1.318000,-0.007000,0.005000,-0.006000,0.005000,1.325000,1.707000,1.317000,0.007000,0.003000,0.000000,-0.022702,0.774921,0.142585,-0.615347,0.371826,-0.256181,0.610375,0.138685,-0.618833,-0.023175,0.772836,-0.370994,-0.256443,0.609789,-0.022702,0.774921,0.142585,-0.615347,0.371826,-0.256181,0.610375,0.138685,-0.618833,-0.023175,0.772836,-0.370994,-0.256443,0.609789,0.451153,0.000000,0.000000,0.000000
7.718259127999772,-0.004000,1.318000,-1.704000,1.318000,-0.007000,0.005000,-0.006000,0.005000,1.325000,1.707000,1.317000,0.007000,0.003000,0.000000,-0.022702,0.774921,0.142585,-0.615347,0.371826,-0.256181,0.610375,0.138685,-0.618833,-0.023175,0.772836,-0.370994,-0.256443,0.609789,-0.022702,0.774921,0.142585,-0.615347,0.371826,-0.256181,0.610375,0.138685,-0.618833,-0.023175,0.772836,-0.370994,-0.256443,0.609789,0.451153,0.000000,0.000000,0.000000
7.751611806997971,-0.004000,1.318000,-1.704000,1.318000,-0.007000,0.005000,-0.006000,0.005000,1.325000,1.707000,1.317000,0.007000,0.003000,0.000000,-0.022702,0.774921,0.142585,-0.615347,0.371826,-0.256181,0.610375,0.138685,-0.618833,-0.023175,0.772836,-0.370994,-0.256443,0.609789,-0.022702,0.774921,0.142585,-0.615347,0.371826,-0.256181,0.610375,0.138685,-0.618833,-0.023175,0.772836,-0.370994,-0.256443,0.609789,0.451153,0.000000,0.000000,0.000000
7.785303964999912,-0.004000,1.318000,-1.704000,1.318000,-0.007000,0.005000,-0.006000,0.005000,1.325000,1.707000,1.317000,0.007000,0.003000,0.000000,-0.022702,0.774921,0.142585,-0.615347,0.371826,-0.256181,0.610375,0.138685,-0.618833,-0.023175,0.772836,-0.370994,-0.256443,0.609789,-0.022702,0.774921,0.142585,-0.615347,0.371826,-0.256181,0.610375,0.138685,-0.618833,-0.023175,0.772836,-0.370994,-0.256443,0.609789,0.451153,0.000000,0.000000,0.000000
7.818395033998968,-0.004000,1.318000,-1.704000,1.318000,-0.007000,0.005000,-0.006000,0.005000,1.325000,1.707000,1.317000,0.007000,0.003000,0.000000,-0.022702,0.774921,0.142585,-0.615347,0.371826,-0.256181,0.610375,0.138685,-0.618833,-0.023175,0.772836,-0.370994,-0.256443,0.609789,-0.022702,0.774921,0.142585,-0.615347,0.371826,-0.256181,0.610375,0.138685,-0.618833,-0.023175,0.772836,-0.370994,-0.256443,0.609789,0.451153,0.000000,0.000000,0.000000
7.851798952997342,-0.004000,1.318000,-1.704000,1.318000,-0.007000,0.005000,-0.006000,0.005000,1.325000,1.707000,1.317000,0.007000,0.003000,0.000000,-0.022702,0.774921,0.142585,-0.615347,0.371826,-0.256181,0.610375,0.138685,-0.618833,-0.023175,0.772836,-0.370994,-0.256443,0.609789,-0.022702,0.774921,0.142585,-0.615347,0.371826,-0.256181,0.610375,0.138685,-0.618833,-0.023175,0.772836,-0.370994,-0.256443,0.609789,0.451153,0.000000,0.000000,0.000000
7.885398426999018,-0.004000,1.318000,-1.704000,1.318000,-0.007000,0.005000,-0.006000,0.005000,1.325000,1.707000,1.317000,0.007000,0.003000,0.000000,-0.022702,0.774921,0.142585,-0.615347,0.371826,-0.256181,0.610375,0.138685,-0.618833,-0.023175,0.772836,-0.370994,-0.256443,0.609789,-0.022702,0.774921,0.142585,-0.615347,0.371826,-0.256181,0.610375,0.138685,-0.618833,-0.023175,0.772836,-0.370994,-0.256443,0.609789,0.451153,0.000000,0.000000,0.000000
7.918550939997658,-0.004000,1.318000,-1.704000,1.318000,-0.007000,0.005000,-0.006000,0.005000,1.325000,1.707000,1.317000,0.007000,0.003000,0.000000,-0.022702,0.774921,0.142585,-0.615347,0.371826,-0.256181,0.610375,0.138685,-0.618833,-0.023175,0.772836,-0.370994,-0.256443,0.609789,-0.022702,0.774921,0.142585,-0.615347,0.371826,-0.256181,0.610375,0.138685,-0.618833,-0.023175,0.772836,-0.370994,-0.256443,0.609789,0.451153,0.000000,0.000000,0.000000
